date,open,high,low,close,volume,average,barCount
2017-03-14,3.495,3.495,3.495,3.495,0.0,3.495,0
2017-03-15,3.515,3.515,3.515,3.515,0.0,3.515,0
2017-03-16,3.533,3.533,3.533,3.533,0.0,3.533,0
2017-03-17,3.538,3.538,3.538,3.538,0.0,3.538,0
2017-03-20,3.541,3.541,3.541,3.541,0.0,3.541,0
2017-03-21,3.551,3.551,3.551,3.551,0.0,3.551,0
2017-03-22,3.553,3.553,3.553,3.553,0.0,3.553,0
2017-03-23,3.548,3.548,3.548,3.548,0.0,3.548,0
2017-03-24,3.514,3.514,3.514,3.514,0.0,3.514,0
2017-03-27,3.504,3.504,3.504,3.504,0.0,3.504,0
2017-03-28,3.495,3.495,3.495,3.495,0.0,3.495,0
2017-03-29,3.503,3.503,3.503,3.503,0.0,3.503,0
2017-03-30,3.506,3.506,3.506,3.506,0.0,3.506,0
2017-03-31,3.521,3.521,3.521,3.521,0.0,3.521,0
2017-04-03,3.528,3.528,3.528,3.528,0.0,3.528,0
2017-04-04,3.541,3.541,3.541,3.541,0.0,3.541,0
2017-04-05,3.56,3.56,3.56,3.56,0.0,3.56,0
2017-04-06,3.54,3.54,3.54,3.54,0.0,3.54,0
2017-04-07,3.554,3.554,3.554,3.554,0.0,3.554,0
2017-04-10,3.563,3.563,3.563,3.563,0.0,3.563,0
2017-04-11,3.594,3.594,3.594,3.594,0.0,3.594,0
2017-04-12,3.595,3.595,3.595,3.595,0.0,3.595,0
2017-04-13,3.609,3.609,3.609,3.609,0.0,3.609,0
2017-04-17,3.594,3.594,3.594,3.594,0.0,3.594,0
2017-04-18,3.624,3.624,3.624,3.624,0.0,3.624,0
2017-04-19,3.635,3.635,3.635,3.635,0.0,3.635,0
2017-04-20,3.669,3.669,3.669,3.669,0.0,3.669,0
2017-04-21,3.67,3.67,3.67,3.67,0.0,3.67,0
2017-04-24,3.629,3.629,3.629,3.629,0.0,3.629,0
2017-04-25,3.629,3.629,3.629,3.629,0.0,3.629,0
2017-04-26,3.62,3.62,3.62,3.62,0.0,3.62,0
2017-04-27,3.611,3.611,3.611,3.611,0.0,3.611,0
2017-04-28,3.632,3.632,3.632,3.632,0.0,3.632,0
2017-05-01,3.607,3.607,3.607,3.607,0.0,3.607,0
2017-05-02,3.608,3.608,3.608,3.608,0.0,3.608,0
2017-05-03,3.627,3.627,3.627,3.627,0.0,3.627,0
2017-05-04,3.67,3.67,3.67,3.67,0.0,3.67,0
2017-05-05,3.67,3.67,3.67,3.67,0.0,3.67,0
2017-05-08,3.661,3.661,3.661,3.661,0.0,3.661,0
2017-05-09,3.664,3.664,3.664,3.664,0.0,3.664,0
2017-05-10,3.665,3.665,3.665,3.665,0.0,3.665,0
2017-05-11,3.699,3.699,3.699,3.699,0.0,3.699,0
2017-05-12,3.703,3.703,3.703,3.703,0.0,3.703,0
2017-05-15,3.708,3.708,3.708,3.708,0.0,3.708,0
2017-05-16,3.725,3.725,3.725,3.725,0.0,3.725,0
2017-05-17,3.721,3.721,3.721,3.721,0.0,3.721,0
2017-05-18,3.708,3.708,3.708,3.708,0.0,3.708,0
2017-05-19,3.698,3.698,3.698,3.698,0.0,3.698,0
2017-05-22,3.7,3.7,3.7,3.7,0.0,3.7,0
2017-05-23,3.767,3.767,3.767,3.767,0.0,3.767,0
2017-05-24,3.769,3.769,3.769,3.769,0.0,3.769,0
2017-05-25,3.754,3.754,3.754,3.754,0.0,3.754,0
2017-05-26,3.739,3.739,3.739,3.739,0.0,3.739,0
2017-05-30,3.706,3.706,3.706,3.706,0.0,3.706,0
2017-05-31,3.702,3.702,3.702,3.702,0.0,3.702,0
2017-06-01,3.704,3.704,3.704,3.704,0.0,3.704,0
2017-06-02,3.694,3.694,3.694,3.694,0.0,3.694,0
2017-06-05,3.664,3.664,3.664,3.664,0.0,3.664,0
2017-06-06,3.606,3.606,3.606,3.606,0.0,3.606,0
2017-06-07,3.617,3.617,3.617,3.617,0.0,3.617,0
2017-06-08,3.635,3.635,3.635,3.635,0.0,3.635,0
2017-06-09,3.632,3.632,3.632,3.632,0.0,3.632,0
2017-06-12,3.634,3.634,3.634,3.634,0.0,3.634,0
2017-06-13,3.631,3.631,3.631,3.631,0.0,3.631,0
2017-06-14,3.62,3.62,3.62,3.62,0.0,3.62,0
2017-06-15,3.648,3.648,3.648,3.648,0.0,3.648,0
2017-06-16,3.637,3.637,3.637,3.637,0.0,3.637,0
2017-06-19,3.66,3.66,3.66,3.66,0.0,3.66,0
2017-06-20,3.7,3.7,3.7,3.7,0.0,3.7,0
2017-06-21,3.716,3.716,3.716,3.716,0.0,3.716,0
2017-06-22,3.71,3.71,3.71,3.71,0.0,3.71,0
2017-06-23,3.697,3.697,3.697,3.697,0.0,3.697,0
2017-06-26,3.674,3.674,3.674,3.674,0.0,3.674,0
2017-06-27,3.677,3.677,3.677,3.677,0.0,3.677,0
2017-06-28,3.667,3.667,3.667,3.667,0.0,3.667,0
2017-06-29,3.667,3.667,3.667,3.667,0.0,3.667,0
2017-06-30,3.68,3.68,3.68,3.68,0.0,3.68,0
2017-07-03,3.684,3.684,3.684,3.684,0.0,3.684,0
2017-07-05,3.668,3.668,3.668,3.668,0.0,3.668,0
2017-07-06,3.616,3.616,3.616,3.616,0.0,3.616,0
2017-07-07,3.611,3.611,3.611,3.611,0.0,3.611,0
2017-07-10,3.598,3.598,3.598,3.598,0.0,3.598,0
2017-07-11,3.595,3.595,3.595,3.595,0.0,3.595,0
2017-07-12,3.581,3.581,3.581,3.581,0.0,3.581,0
2017-07-13,3.594,3.594,3.594,3.594,0.0,3.594,0
2017-07-14,3.597,3.597,3.597,3.597,0.0,3.597,0
2017-07-17,3.59,3.59,3.59,3.59,0.0,3.59,0
2017-07-18,3.59,3.59,3.59,3.59,0.0,3.59,0
2017-07-19,3.575,3.575,3.575,3.575,0.0,3.575,0
2017-07-20,3.556,3.556,3.556,3.556,0.0,3.556,0
2017-07-21,3.555,3.555,3.555,3.555,0.0,3.555,0
2017-07-24,3.531,3.531,3.531,3.531,0.0,3.531,0
2017-07-25,3.505,3.505,3.505,3.505,0.0,3.505,0
2017-07-26,3.497,3.497,3.497,3.497,0.0,3.497,0
2017-07-27,3.498,3.498,3.498,3.498,0.0,3.498,0
2017-07-28,3.513,3.513,3.513,3.513,0.0,3.513,0
2017-07-31,3.489,3.489,3.489,3.489,0.0,3.489,0
2017-08-01,3.511,3.511,3.511,3.511,0.0,3.511,0
2017-08-02,3.52,3.52,3.52,3.52,0.0,3.52,0
2017-08-03,3.543,3.543,3.543,3.543,0.0,3.543,0
2017-08-04,3.553,3.553,3.553,3.553,0.0,3.553,0
2017-08-07,3.552,3.552,3.552,3.552,0.0,3.552,0
2017-08-08,3.534,3.534,3.534,3.534,0.0,3.534,0
2017-08-09,3.528,3.528,3.528,3.528,0.0,3.528,0
2017-08-10,3.525,3.525,3.525,3.525,0.0,3.525,0
2017-08-11,3.529,3.529,3.529,3.529,0.0,3.529,0
2017-08-14,3.525,3.525,3.525,3.525,0.0,3.525,0
2017-08-15,3.523,3.523,3.523,3.523,0.0,3.523,0
2017-08-16,3.513,3.513,3.513,3.513,0.0,3.513,0
2017-08-17,3.512,3.512,3.512,3.512,0.0,3.512,0
2017-08-18,3.512,3.512,3.512,3.512,0.0,3.512,0
2017-08-21,3.502,3.502,3.502,3.502,0.0,3.502,0
2017-08-22,3.494,3.494,3.494,3.494,0.0,3.494,0
2017-08-23,3.491,3.491,3.491,3.491,0.0,3.491,0
2017-08-24,3.441,3.441,3.441,3.441,0.0,3.441,0
2017-08-25,3.428,3.428,3.428,3.428,0.0,3.428,0
2017-08-28,3.441,3.441,3.441,3.441,0.0,3.441,0
2017-08-29,3.443,3.443,3.443,3.443,0.0,3.443,0
2017-08-30,3.417,3.417,3.417,3.417,0.0,3.417,0
2017-08-31,3.425,3.425,3.425,3.425,0.0,3.425,0
2017-09-01,3.426,3.426,3.426,3.426,0.0,3.426,0
2017-09-05,3.422,3.422,3.422,3.422,0.0,3.422,0
2017-09-06,3.383,3.383,3.383,3.383,0.0,3.383,0
2017-09-07,3.417,3.417,3.417,3.417,0.0,3.417,0
2017-09-08,3.421,3.421,3.421,3.421,0.0,3.421,0
2017-09-11,3.432,3.432,3.432,3.432,0.0,3.432,0
2017-09-12,3.409,3.409,3.409,3.409,0.0,3.409,0
2017-09-13,3.395,3.395,3.395,3.395,0.0,3.395,0
2017-09-14,3.384,3.384,3.384,3.384,0.0,3.384,0
2017-09-15,3.389,3.389,3.389,3.389,0.0,3.389,0
2017-09-18,3.389,3.389,3.389,3.389,0.0,3.389,0
2017-09-19,3.379,3.379,3.379,3.379,0.0,3.379,0
2017-09-20,3.369,3.369,3.369,3.369,0.0,3.369,0
2017-09-21,3.36,3.36,3.36,3.36,0.0,3.36,0
2017-09-22,3.374,3.374,3.374,3.374,0.0,3.374,0
2017-09-25,3.357,3.357,3.357,3.357,0.0,3.357,0
2017-09-26,3.367,3.367,3.367,3.367,0.0,3.367,0
2017-09-27,3.378,3.378,3.378,3.378,0.0,3.378,0
2017-09-28,3.377,3.377,3.377,3.377,0.0,3.377,0
2017-09-29,3.374,3.374,3.374,3.374,0.0,3.374,0
2017-10-02,3.387,3.387,3.387,3.387,0.0,3.387,0
2017-10-03,3.396,3.396,3.396,3.396,0.0,3.396,0
2017-10-04,3.395,3.395,3.395,3.395,0.0,3.395,0
2017-10-05,3.404,3.404,3.404,3.404,0.0,3.404,0
2017-10-06,3.396,3.396,3.396,3.396,0.0,3.396,0
2017-10-09,3.406,3.406,3.406,3.406,0.0,3.406,0
2017-10-10,3.396,3.396,3.396,3.396,0.0,3.396,0
2017-10-11,3.412,3.412,3.412,3.412,0.0,3.412,0
2017-10-12,3.456,3.456,3.456,3.456,0.0,3.456,0
2017-10-13,3.453,3.453,3.453,3.453,0.0,3.453,0
2017-10-16,3.487,3.487,3.487,3.487,0.0,3.487,0
2017-10-17,3.534,3.534,3.534,3.534,0.0,3.534,0
2017-10-18,3.538,3.538,3.538,3.538,0.0,3.538,0
2017-10-19,3.56,3.56,3.56,3.56,0.0,3.56,0
2017-10-20,3.6,3.6,3.6,3.6,0.0,3.6,0
2017-10-23,3.58,3.58,3.58,3.58,0.0,3.58,0
2017-10-24,3.579,3.579,3.579,3.579,0.0,3.579,0
2017-10-25,3.58,3.58,3.58,3.58,0.0,3.58,0
2017-10-26,3.573,3.573,3.573,3.573,0.0,3.573,0
2017-10-27,3.553,3.553,3.553,3.553,0.0,3.553,0
2017-10-30,3.588,3.588,3.588,3.588,0.0,3.588,0
2017-10-31,3.589,3.589,3.589,3.589,0.0,3.589,0
2017-11-01,3.599,3.599,3.599,3.599,0.0,3.599,0
2017-11-02,3.581,3.581,3.581,3.581,0.0,3.581,0
2017-11-03,3.578,3.578,3.578,3.578,0.0,3.578,0
2017-11-06,3.573,3.573,3.573,3.573,0.0,3.573,0
2017-11-07,3.572,3.572,3.572,3.572,0.0,3.572,0
2017-11-08,3.57,3.57,3.57,3.57,0.0,3.57,0
2017-11-09,3.58,3.58,3.58,3.58,0.0,3.58,0
2017-11-10,3.56,3.56,3.56,3.56,0.0,3.56,0
2017-11-13,3.544,3.544,3.544,3.544,0.0,3.544,0
2017-11-14,3.529,3.529,3.529,3.529,0.0,3.529,0
2017-11-15,3.521,3.521,3.521,3.521,0.0,3.521,0
2017-11-16,3.525,3.525,3.525,3.525,0.0,3.525,0
2017-11-17,3.517,3.517,3.517,3.517,0.0,3.517,0
2017-11-20,3.51,3.51,3.51,3.51,0.0,3.51,0
2017-11-21,3.508,3.508,3.508,3.508,0.0,3.508,0
2017-11-22,3.495,3.495,3.495,3.495,0.0,3.495,0
2017-11-24,3.498,3.498,3.498,3.498,0.0,3.498,0
2017-11-27,3.501,3.501,3.501,3.501,0.0,3.501,0
2017-11-28,3.499,3.499,3.499,3.499,0.0,3.499,0
2017-11-29,3.508,3.508,3.508,3.508,0.0,3.508,0
2017-11-30,3.506,3.506,3.506,3.506,0.0,3.506,0
2017-12-01,3.464,3.464,3.464,3.464,0.0,3.464,0
2017-12-04,3.448,3.448,3.448,3.448,0.0,3.448,0
2017-12-05,3.436,3.436,3.436,3.436,0.0,3.436,0
2017-12-06,3.418,3.418,3.418,3.418,0.0,3.418,0
2017-12-07,3.424,3.424,3.424,3.424,0.0,3.424,0
2017-12-08,3.419,3.419,3.419,3.419,0.0,3.419,0
2017-12-11,3.412,3.412,3.412,3.412,0.0,3.412,0
2017-12-12,3.422,3.422,3.422,3.422,0.0,3.422,0
2017-12-13,3.441,3.441,3.441,3.441,0.0,3.441,0
2017-12-14,3.452,3.452,3.452,3.452,0.0,3.452,0
2017-12-15,3.46,3.46,3.46,3.46,0.0,3.46,0
2017-12-18,3.48,3.48,3.48,3.48,0.0,3.48,0
2017-12-19,3.482,3.482,3.482,3.482,0.0,3.482,0
2017-12-20,3.468,3.468,3.468,3.468,0.0,3.468,0
2017-12-21,3.485,3.485,3.485,3.485,0.0,3.485,0
2017-12-22,3.508,3.508,3.508,3.508,0.0,3.508,0
2017-12-26,3.509,3.509,3.509,3.509,0.0,3.509,0
2017-12-27,3.482,3.482,3.482,3.482,0.0,3.482,0
2017-12-28,3.442,3.442,3.442,3.442,0.0,3.442,0
2017-12-29,3.433,3.433,3.433,3.433,0.0,3.433,0
2018-01-02,3.426,3.426,3.426,3.426,0.0,3.426,0
2018-01-03,3.427,3.427,3.427,3.427,0.0,3.427,0
2018-01-04,3.459,3.459,3.459,3.459,0.0,3.459,0
2018-01-05,3.453,3.453,3.453,3.453,0.0,3.453,0
2018-01-08,3.448,3.448,3.448,3.448,0.0,3.448,0
2018-01-09,3.433,3.433,3.433,3.433,0.0,3.433,0
2018-01-10,3.426,3.426,3.426,3.426,0.0,3.426,0
2018-01-11,3.439,3.439,3.439,3.439,0.0,3.439,0
2018-01-12,3.426,3.426,3.426,3.426,0.0,3.426,0
2018-01-16,3.389,3.389,3.389,3.389,0.0,3.389,0
2018-01-17,3.383,3.383,3.383,3.383,0.0,3.383,0
2018-01-18,3.381,3.381,3.381,3.381,0.0,3.381,0
2018-01-19,3.391,3.391,3.391,3.391,0.0,3.391,0
2018-01-22,3.41,3.41,3.41,3.41,0.0,3.41,0
2018-01-23,3.422,3.422,3.422,3.422,0.0,3.422,0
2018-01-24,3.436,3.436,3.436,3.436,0.0,3.436,0
2018-01-25,3.466,3.466,3.466,3.466,0.0,3.466,0
2018-01-26,3.432,3.432,3.432,3.432,0.0,3.432,0
2018-01-29,3.434,3.434,3.434,3.434,0.0,3.434,0
2018-01-30,3.449,3.449,3.449,3.449,0.0,3.449,0
2018-01-31,3.418,3.418,3.418,3.418,0.0,3.418,0
2018-02-01,3.411,3.411,3.411,3.411,0.0,3.411,0
2018-02-02,3.436,3.436,3.436,3.436,0.0,3.436,0
2018-02-05,3.458,3.458,3.458,3.458,0.0,3.458,0
2018-02-06,3.442,3.442,3.442,3.442,0.0,3.442,0
2018-02-07,3.42,3.42,3.42,3.42,0.0,3.42,0
2018-02-08,3.433,3.433,3.433,3.433,0.0,3.433,0
2018-02-09,3.398,3.398,3.398,3.398,0.0,3.398,0
2018-02-12,3.388,3.388,3.388,3.388,0.0,3.388,0
2018-02-13,3.378,3.378,3.378,3.378,0.0,3.378,0
2018-02-14,3.384,3.384,3.384,3.384,0.0,3.384,0
2018-02-15,3.387,3.387,3.387,3.387,0.0,3.387,0
2018-02-16,3.402,3.402,3.402,3.402,0.0,3.402,0
2018-02-20,3.404,3.404,3.404,3.404,0.0,3.404,0
2018-02-21,3.422,3.422,3.422,3.422,0.0,3.422,0
2018-02-22,3.434,3.434,3.434,3.434,0.0,3.434,0
2018-02-23,3.426,3.426,3.426,3.426,0.0,3.426,0
2018-02-26,3.422,3.422,3.422,3.422,0.0,3.422,0
2018-02-27,3.425,3.425,3.425,3.425,0.0,3.425,0
2018-02-28,3.4,3.4,3.4,3.4,0.0,3.4,0
2018-03-01,3.433,3.433,3.433,3.433,0.0,3.433,0
2018-03-02,3.45,3.45,3.45,3.45,0.0,3.45,0
2018-03-05,3.468,3.468,3.468,3.468,0.0,3.468,0
2018-03-06,3.469,3.469,3.469,3.469,0.0,3.469,0
2018-03-07,3.46,3.46,3.46,3.46,0.0,3.46,0
2018-03-08,3.423,3.423,3.423,3.423,0.0,3.423,0
2018-03-09,3.384,3.384,3.384,3.384,0.0,3.384,0
2018-03-12,3.39,3.39,3.39,3.39,0.0,3.39,0
2018-03-13,3.397,3.397,3.397,3.397,0.0,3.397,0
2018-03-14,3.417,3.417,3.417,3.417,0.0,3.417,0
2018-03-15,3.475,3.475,3.475,3.475,0.0,3.475,0
2018-03-16,3.477,3.477,3.477,3.477,0.0,3.477,0
2018-03-19,3.467,3.467,3.467,3.467,0.0,3.467,0
2018-03-20,3.472,3.472,3.472,3.472,0.0,3.472,0
2018-03-21,3.48,3.48,3.48,3.48,0.0,3.48,0
2018-03-22,3.468,3.468,3.468,3.468,0.0,3.468,0
2018-03-23,3.39,3.39,3.39,3.39,0.0,3.39,0
2018-03-26,3.418,3.418,3.418,3.418,0.0,3.418,0
2018-03-27,3.426,3.426,3.426,3.426,0.0,3.426,0
2018-03-28,3.449,3.449,3.449,3.449,0.0,3.449,0
2018-03-29,3.487,3.487,3.487,3.487,0.0,3.487,0
2018-04-02,3.469,3.469,3.469,3.469,0.0,3.469,0
2018-04-03,3.447,3.447,3.447,3.447,0.0,3.447,0
2018-04-04,3.421,3.421,3.421,3.421,0.0,3.421,0
2018-04-05,3.437,3.437,3.437,3.437,0.0,3.437,0
2018-04-06,3.431,3.431,3.431,3.431,0.0,3.431,0
2018-04-09,3.415,3.415,3.415,3.415,0.0,3.415,0
2018-04-10,3.424,3.424,3.424,3.424,0.0,3.424,0
2018-04-11,3.432,3.432,3.432,3.432,0.0,3.432,0
2018-04-12,3.455,3.455,3.455,3.455,0.0,3.455,0
2018-04-13,3.448,3.448,3.448,3.448,0.0,3.448,0
2018-04-16,3.45,3.45,3.45,3.45,0.0,3.45,0
2018-04-17,3.413,3.413,3.413,3.413,0.0,3.413,0
2018-04-18,3.414,3.414,3.414,3.414,0.0,3.414,0
2018-04-19,3.416,3.416,3.416,3.416,0.0,3.416,0
2018-04-20,3.424,3.424,3.424,3.424,0.0,3.424,0
2018-04-23,3.425,3.425,3.425,3.425,0.0,3.425,0
2018-04-24,3.423,3.423,3.423,3.423,0.0,3.423,0
2018-04-25,3.412,3.412,3.412,3.412,0.0,3.412,0
2018-04-26,3.402,3.402,3.402,3.402,0.0,3.402,0
2018-04-27,3.404,3.404,3.404,3.404,0.0,3.404,0
2018-04-30,3.403,3.403,3.403,3.403,0.0,3.403,0
2018-05-01,3.383,3.383,3.383,3.383,0.0,3.383,0
2018-05-02,3.398,3.398,3.398,3.398,0.0,3.398,0
2018-05-03,3.408,3.408,3.408,3.408,0.0,3.408,0
2018-05-04,3.406,3.406,3.406,3.406,0.0,3.406,0
2018-05-07,3.404,3.404,3.404,3.404,0.0,3.404,0
2018-05-08,3.359,3.359,3.359,3.359,0.0,3.359,0
2018-05-09,3.345,3.345,3.345,3.345,0.0,3.345,0
2018-05-10,3.341,3.341,3.341,3.341,0.0,3.341,0
2018-05-11,3.344,3.344,3.344,3.344,0.0,3.344,0
2018-05-14,3.336,3.336,3.336,3.336,0.0,3.336,0
2018-05-15,3.371,3.371,3.371,3.371,0.0,3.371,0
2018-05-16,3.35,3.35,3.35,3.35,0.0,3.35,0
2018-05-17,3.357,3.357,3.357,3.357,0.0,3.357,0
2018-05-18,3.372,3.372,3.372,3.372,0.0,3.372,0
2018-05-21,3.367,3.367,3.367,3.367,0.0,3.367,0
2018-05-22,3.357,3.357,3.357,3.357,0.0,3.357,0
2018-05-23,3.334,3.334,3.334,3.334,0.0,3.334,0
2018-05-24,3.328,3.328,3.328,3.328,0.0,3.328,0
2018-05-25,3.3,3.3,3.3,3.3,0.0,3.3,0
2018-05-29,3.278,3.278,3.278,3.278,0.0,3.278,0
2018-05-30,3.289,3.289,3.289,3.289,0.0,3.289,0
2018-05-31,3.262,3.262,3.262,3.262,0.0,3.262,0
2018-06-01,3.252,3.252,3.252,3.252,0.0,3.252,0
2018-06-04,3.265,3.265,3.265,3.265,0.0,3.265,0
2018-06-05,3.28,3.28,3.28,3.28,0.0,3.28,0
2018-06-06,3.276,3.276,3.276,3.276,0.0,3.276,0
2018-06-07,3.274,3.274,3.274,3.274,0.0,3.274,0
2018-06-08,3.276,3.276,3.276,3.276,0.0,3.276,0
2018-06-11,3.275,3.275,3.275,3.275,0.0,3.275,0
2018-06-12,3.298,3.298,3.298,3.298,0.0,3.298,0
2018-06-13,3.309,3.309,3.309,3.309,0.0,3.309,0
2018-06-14,3.325,3.325,3.325,3.325,0.0,3.325,0
2018-06-15,3.33,3.33,3.33,3.33,0.0,3.33,0
2018-06-18,3.366,3.366,3.366,3.366,0.0,3.366,0
2018-06-19,3.368,3.368,3.368,3.368,0.0,3.368,0
2018-06-20,3.367,3.367,3.367,3.367,0.0,3.367,0
2018-06-21,3.344,3.344,3.344,3.344,0.0,3.344,0
2018-06-22,3.346,3.346,3.346,3.346,0.0,3.346,0
2018-06-25,3.342,3.342,3.342,3.342,0.0,3.342,0
2018-06-26,3.339,3.339,3.339,3.339,0.0,3.339,0
2018-06-27,3.342,3.342,3.342,3.342,0.0,3.342,0
2018-06-28,3.321,3.321,3.321,3.321,0.0,3.321,0
2018-06-29,3.318,3.318,3.318,3.318,0.0,3.318,0
2018-07-02,3.309,3.309,3.309,3.309,0.0,3.309,0
2018-07-03,3.306,3.306,3.306,3.306,0.0,3.306,0
2018-07-05,3.308,3.308,3.308,3.308,0.0,3.308,0
2018-07-06,3.307,3.307,3.307,3.307,0.0,3.307,0
2018-07-09,3.298,3.298,3.298,3.298,0.0,3.298,0
2018-07-10,3.302,3.302,3.302,3.302,0.0,3.302,0
2018-07-11,3.28,3.28,3.28,3.28,0.0,3.28,0
2018-07-12,3.277,3.277,3.277,3.277,0.0,3.277,0
2018-07-13,3.272,3.272,3.272,3.272,0.0,3.272,0
2018-07-16,3.245,3.245,3.245,3.245,0.0,3.245,0
2018-07-17,3.23,3.23,3.23,3.23,0.0,3.23,0
2018-07-18,3.209,3.209,3.209,3.209,0.0,3.209,0
2018-07-19,3.203,3.203,3.203,3.203,0.0,3.203,0
2018-07-20,3.209,3.209,3.209,3.209,0.0,3.209,0
2018-07-23,3.218,3.218,3.218,3.218,0.0,3.218,0
2018-07-24,3.223,3.223,3.223,3.223,0.0,3.223,0
2018-07-25,3.257,3.257,3.257,3.257,0.0,3.257,0
2018-07-26,3.253,3.253,3.253,3.253,0.0,3.253,0
2018-07-27,3.274,3.274,3.274,3.274,0.0,3.274,0
2018-07-30,3.278,3.278,3.278,3.278,0.0,3.278,0
2018-07-31,3.281,3.281,3.281,3.281,0.0,3.281,0
2018-08-01,3.251,3.251,3.251,3.251,0.0,3.251,0
2018-08-02,3.255,3.255,3.255,3.255,0.0,3.255,0
2018-08-03,3.255,3.255,3.255,3.255,0.0,3.255,0
2018-08-06,3.241,3.241,3.241,3.241,0.0,3.241,0
2018-08-07,3.274,3.274,3.274,3.274,0.0,3.274,0
2018-08-08,3.287,3.287,3.287,3.287,0.0,3.287,0
2018-08-09,3.287,3.287,3.287,3.287,0.0,3.287,0
2018-08-10,3.284,3.284,3.284,3.284,0.0,3.284,0
2018-08-13,3.285,3.285,3.285,3.285,0.0,3.285,0
2018-08-14,3.284,3.284,3.284,3.284,0.0,3.284,0
2018-08-15,3.285,3.285,3.285,3.285,0.0,3.285,0
2018-08-16,3.275,3.275,3.275,3.275,0.0,3.275,0
2018-08-17,3.277,3.277,3.277,3.277,0.0,3.277,0
2018-08-20,3.276,3.276,3.276,3.276,0.0,3.276,0
2018-08-21,3.29,3.29,3.29,3.29,0.0,3.29,0
2018-08-22,3.277,3.277,3.277,3.277,0.0,3.277,0
2018-08-23,3.274,3.274,3.274,3.274,0.0,3.274,0
2018-08-24,3.263,3.263,3.263,3.263,0.0,3.263,0
2018-08-27,3.233,3.233,3.233,3.233,0.0,3.233,0
2018-08-28,3.209,3.209,3.209,3.209,0.0,3.209,0
2018-08-29,3.213,3.213,3.213,3.213,0.0,3.213,0
2018-08-30,3.194,3.194,3.194,3.194,0.0,3.194,0
2018-08-31,3.208,3.208,3.208,3.208,0.0,3.208,0
2018-09-04,3.195,3.195,3.195,3.195,0.0,3.195,0
2018-09-05,3.2,3.2,3.2,3.2,0.0,3.2,0
2018-09-06,3.219,3.219,3.219,3.219,0.0,3.219,0
2018-09-07,3.218,3.218,3.218,3.218,0.0,3.218,0
2018-09-10,3.221,3.221,3.221,3.221,0.0,3.221,0
2018-09-11,3.218,3.218,3.218,3.218,0.0,3.218,0
2018-09-12,3.228,3.228,3.228,3.228,0.0,3.228,0
2018-09-13,3.244,3.244,3.244,3.244,0.0,3.244,0
2018-09-14,3.25,3.25,3.25,3.25,0.0,3.25,0
2018-09-17,3.254,3.254,3.254,3.254,0.0,3.254,0
2018-09-18,3.264,3.264,3.264,3.264,0.0,3.264,0
2018-09-19,3.261,3.261,3.261,3.261,0.0,3.261,0
2018-09-20,3.265,3.265,3.265,3.265,0.0,3.265,0
2018-09-21,3.263,3.263,3.263,3.263,0.0,3.263,0
2018-09-24,3.261,3.261,3.261,3.261,0.0,3.261,0
2018-09-25,3.264,3.264,3.264,3.264,0.0,3.264,0
2018-09-26,3.273,3.273,3.273,3.273,0.0,3.273,0
2018-09-27,3.274,3.274,3.274,3.274,0.0,3.274,0
2018-09-28,3.275,3.275,3.275,3.275,0.0,3.275,0
2018-10-01,3.28,3.28,3.28,3.28,0.0,3.28,0
2018-10-02,3.278,3.278,3.278,3.278,0.0,3.278,0
2018-10-03,3.277,3.277,3.277,3.277,0.0,3.277,0
2018-10-04,3.278,3.278,3.278,3.278,0.0,3.278,0
2018-10-05,3.281,3.281,3.281,3.281,0.0,3.281,0
2018-10-08,3.286,3.286,3.286,3.286,0.0,3.286,0
2018-10-09,3.281,3.281,3.281,3.281,0.0,3.281,0
2018-10-10,3.277,3.277,3.277,3.277,0.0,3.277,0
2018-10-11,3.302,3.302,3.302,3.302,0.0,3.302,0
2018-10-12,3.322,3.322,3.322,3.322,0.0,3.322,0
2018-10-15,3.321,3.321,3.321,3.321,0.0,3.321,0
2018-10-16,3.341,3.341,3.341,3.341,0.0,3.341,0
2018-10-17,3.336,3.336,3.336,3.336,0.0,3.336,0
2018-10-18,3.335,3.335,3.335,3.335,0.0,3.335,0
2018-10-19,3.332,3.332,3.332,3.332,0.0,3.332,0
2018-10-22,3.333,3.333,3.333,3.333,0.0,3.333,0
2018-10-23,3.332,3.332,3.332,3.332,0.0,3.332,0
2018-10-24,3.329,3.329,3.329,3.329,0.0,3.329,0
2018-10-25,3.319,3.319,3.319,3.319,0.0,3.319,0
2018-10-26,3.321,3.321,3.321,3.321,0.0,3.321,0
2018-10-29,3.322,3.322,3.322,3.322,0.0,3.322,0
2018-10-30,3.34,3.34,3.34,3.34,0.0,3.34,0
2018-10-31,3.339,3.339,3.339,3.339,0.0,3.339,0
2018-11-01,3.344,3.344,3.344,3.344,0.0,3.344,0
2018-11-02,3.351,3.351,3.351,3.351,0.0,3.351,0
2018-11-05,3.365,3.365,3.365,3.365,0.0,3.365,0
2018-11-06,3.381,3.381,3.381,3.381,0.0,3.381,0
2018-11-07,3.379,3.379,3.379,3.379,0.0,3.379,0
2018-11-08,3.38,3.38,3.38,3.38,0.0,3.38,0
2018-11-09,3.383,3.383,3.383,3.383,0.0,3.383,0
2018-11-12,3.406,3.406,3.406,3.406,0.0,3.406,0
2018-11-13,3.385,3.385,3.385,3.385,0.0,3.385,0
2018-11-14,3.369,3.369,3.369,3.369,0.0,3.369,0
2018-11-15,3.384,3.384,3.384,3.384,0.0,3.384,0
2018-11-16,3.355,3.355,3.355,3.355,0.0,3.355,0
2018-11-19,3.342,3.342,3.342,3.342,0.0,3.342,0
2018-11-20,3.34,3.34,3.34,3.34,0.0,3.34,0
2018-11-21,3.338,3.338,3.338,3.338,0.0,3.338,0
2018-11-23,3.363,3.363,3.363,3.363,0.0,3.363,0
2018-11-26,3.356,3.356,3.356,3.356,0.0,3.356,0
2018-11-27,3.352,3.352,3.352,3.352,0.0,3.352,0
2018-11-28,3.353,3.353,3.353,3.353,0.0,3.353,0
2018-11-29,3.385,3.385,3.385,3.385,0.0,3.385,0
2018-11-30,3.441,3.441,3.441,3.441,0.0,3.441,0
2018-12-03,3.413,3.413,3.413,3.413,0.0,3.413,0
2018-12-04,3.399,3.399,3.399,3.399,0.0,3.399,0
2018-12-05,3.39,3.39,3.39,3.39,0.0,3.39,0
2018-12-06,3.401,3.401,3.401,3.401,0.0,3.401,0
2018-12-07,3.408,3.408,3.408,3.408,0.0,3.408,0
2018-12-10,3.409,3.409,3.409,3.409,0.0,3.409,0
2018-12-11,3.384,3.384,3.384,3.384,0.0,3.384,0
2018-12-12,3.386,3.386,3.386,3.386,0.0,3.386,0
2018-12-13,3.354,3.354,3.354,3.354,0.0,3.354,0
2018-12-14,3.364,3.364,3.364,3.364,0.0,3.364,0
2018-12-17,3.363,3.363,3.363,3.363,0.0,3.363,0
2018-12-18,3.358,3.358,3.358,3.358,0.0,3.358,0
2018-12-19,3.381,3.381,3.381,3.381,0.0,3.381,0
2018-12-20,3.396,3.396,3.396,3.396,0.0,3.396,0
2018-12-21,3.399,3.399,3.399,3.399,0.0,3.399,0
2018-12-24,3.398,3.398,3.398,3.398,0.0,3.398,0
2018-12-26,3.395,3.395,3.395,3.395,0.0,3.395,0
2018-12-27,3.393,3.393,3.393,3.393,0.0,3.393,0
2018-12-28,3.391,3.391,3.391,3.391,0.0,3.391,0
2018-12-31,3.4,3.4,3.4,3.4,0.0,3.4,0
2019-01-02,3.4,3.4,3.4,3.4,0.0,3.4,0
2019-01-03,3.389,3.389,3.389,3.389,0.0,3.389,0
2019-01-04,3.391,3.391,3.391,3.391,0.0,3.391,0
2019-01-07,3.393,3.393,3.393,3.393,0.0,3.393,0
2019-01-08,3.386,3.386,3.386,3.386,0.0,3.386,0
2019-01-09,3.386,3.386,3.386,3.386,0.0,3.386,0
2019-01-10,3.386,3.386,3.386,3.386,0.0,3.386,0
2019-01-11,3.393,3.393,3.393,3.393,0.0,3.393,0
2019-01-14,3.392,3.392,3.392,3.392,0.0,3.392,0
2019-01-15,3.384,3.384,3.384,3.384,0.0,3.384,0
2019-01-16,3.353,3.353,3.353,3.353,0.0,3.353,0
2019-01-17,3.353,3.353,3.353,3.353,0.0,3.353,0
2019-01-18,3.366,3.366,3.366,3.366,0.0,3.366,0
2019-01-22,3.379,3.379,3.379,3.379,0.0,3.379,0
2019-01-23,3.361,3.361,3.361,3.361,0.0,3.361,0
2019-01-24,3.34,3.34,3.34,3.34,0.0,3.34,0
2019-01-25,3.385,3.385,3.385,3.385,0.0,3.385,0
2019-01-28,3.369,3.369,3.369,3.369,0.0,3.369,0
2019-01-29,3.372,3.372,3.372,3.372,0.0,3.372,0
2019-01-30,3.374,3.374,3.374,3.374,0.0,3.374,0
2019-01-31,3.375,3.375,3.375,3.375,0.0,3.375,0
2019-02-01,3.376,3.376,3.376,3.376,0.0,3.376,0
2019-02-04,3.363,3.363,3.363,3.363,0.0,3.363,0
2019-02-05,3.415,3.415,3.415,3.415,0.0,3.415,0
2019-02-06,3.412,3.412,3.412,3.412,0.0,3.412,0
2019-02-07,3.408,3.408,3.408,3.408,0.0,3.408,0
2019-02-08,3.41,3.41,3.41,3.41,0.0,3.41,0
2019-02-11,3.415,3.415,3.415,3.415,0.0,3.415,0
2019-02-12,3.423,3.423,3.423,3.423,0.0,3.423,0
2019-02-13,3.422,3.422,3.422,3.422,0.0,3.422,0
2019-02-14,3.429,3.429,3.429,3.429,0.0,3.429,0
2019-02-15,3.409,3.409,3.409,3.409,0.0,3.409,0
2019-02-19,3.4,3.4,3.4,3.4,0.0,3.4,0
2019-02-20,3.412,3.412,3.412,3.412,0.0,3.412,0
2019-02-21,3.399,3.399,3.399,3.399,0.0,3.399,0
2019-02-22,3.396,3.396,3.396,3.396,0.0,3.396,0
2019-02-25,3.388,3.388,3.388,3.388,0.0,3.388,0
2019-02-26,3.37,3.37,3.37,3.37,0.0,3.37,0
2019-02-27,3.406,3.406,3.406,3.406,0.0,3.406,0
2019-02-28,3.417,3.417,3.417,3.417,0.0,3.417,0
2019-03-01,3.416,3.416,3.416,3.416,0.0,3.416,0
2019-03-04,3.412,3.412,3.412,3.412,0.0,3.412,0
2019-03-05,3.41,3.41,3.41,3.41,0.0,3.41,0
2019-03-06,3.413,3.413,3.413,3.413,0.0,3.413,0
2019-03-07,3.418,3.418,3.418,3.418,0.0,3.418,0
2019-03-08,3.418,3.418,3.418,3.418,0.0,3.418,0
2019-03-11,3.445,3.445,3.445,3.445,0.0,3.445,0
2019-03-12,3.46,3.46,3.46,3.46,0.0,3.46,0
2019-03-13,3.469,3.469,3.469,3.469,0.0,3.469,0
2019-03-14,3.477,3.477,3.477,3.477,0.0,3.477,0
2019-03-15,3.478,3.478,3.478,3.478,0.0,3.478,0
2019-03-18,3.477,3.477,3.477,3.477,0.0,3.477,0
2019-03-19,3.478,3.478,3.478,3.478,0.0,3.478,0
2019-03-20,3.476,3.476,3.476,3.476,0.0,3.476,0
2019-03-21,3.486,3.486,3.486,3.486,0.0,3.486,0
2019-03-22,3.476,3.476,3.476,3.476,0.0,3.476,0
2019-03-25,3.475,3.475,3.475,3.475,0.0,3.475,0
2019-03-26,3.477,3.477,3.477,3.477,0.0,3.477,0
2019-03-27,3.468,3.468,3.468,3.468,0.0,3.468,0
2019-03-28,3.471,3.471,3.471,3.471,0.0,3.471,0
2019-03-29,3.47,3.47,3.47,3.47,0.0,3.47,0
2019-04-01,3.469,3.469,3.469,3.469,0.0,3.469,0
2019-04-02,3.476,3.476,3.476,3.476,0.0,3.476,0
2019-04-03,3.475,3.475,3.475,3.475,0.0,3.475,0
2019-04-04,3.506,3.506,3.506,3.506,0.0,3.506,0
2019-04-05,3.474,3.474,3.474,3.474,0.0,3.474,0
2019-04-08,3.477,3.477,3.477,3.477,0.0,3.477,0
2019-04-09,3.484,3.484,3.484,3.484,0.0,3.484,0
2019-04-10,3.462,3.462,3.462,3.462,0.0,3.462,0
2019-04-11,3.46,3.46,3.46,3.46,0.0,3.46,0
2019-04-12,3.46,3.46,3.46,3.46,0.0,3.46,0
2019-04-15,3.46,3.46,3.46,3.46,0.0,3.46,0
2019-04-16,3.461,3.461,3.461,3.461,0.0,3.461,0
2019-04-17,3.451,3.451,3.451,3.451,0.0,3.451,0
2019-04-18,3.436,3.436,3.436,3.436,0.0,3.436,0
2019-04-22,3.424,3.424,3.424,3.424,0.0,3.424,0
2019-04-23,3.419,3.419,3.419,3.419,0.0,3.419,0
2019-04-24,3.429,3.429,3.429,3.429,0.0,3.429,0
2019-04-25,3.439,3.439,3.439,3.439,0.0,3.439,0
2019-04-26,3.436,3.436,3.436,3.436,0.0,3.436,0
2019-04-29,3.443,3.443,3.443,3.443,0.0,3.443,0
2019-04-30,3.448,3.448,3.448,3.448,0.0,3.448,0
2019-05-01,3.45,3.45,3.45,3.45,0.0,3.45,0
2019-05-02,3.447,3.447,3.447,3.447,0.0,3.447,0
2019-05-03,3.46,3.46,3.46,3.46,0.0,3.46,0
2019-05-06,3.463,3.463,3.463,3.463,0.0,3.463,0
2019-05-07,3.463,3.463,3.463,3.463,0.0,3.463,0
2019-05-08,3.457,3.457,3.457,3.457,0.0,3.457,0
2019-05-09,3.464,3.464,3.464,3.464,0.0,3.464,0
2019-05-10,3.455,3.455,3.455,3.455,0.0,3.455,0
2019-05-13,3.458,3.458,3.458,3.458,0.0,3.458,0
2019-05-14,3.469,3.469,3.469,3.469,0.0,3.469,0
2019-05-15,3.487,3.487,3.487,3.487,0.0,3.487,0
2019-05-16,3.483,3.483,3.483,3.483,0.0,3.483,0
2019-05-17,3.487,3.487,3.487,3.487,0.0,3.487,0
2019-05-20,3.492,3.492,3.492,3.492,0.0,3.492,0
2019-05-21,3.495,3.495,3.495,3.495,0.0,3.495,0
2019-05-22,3.439,3.439,3.439,3.439,0.0,3.439,0
2019-05-23,3.451,3.451,3.451,3.451,0.0,3.451,0
2019-05-24,3.461,3.461,3.461,3.461,0.0,3.461,0
2019-05-28,3.502,3.502,3.502,3.502,0.0,3.502,0
2019-05-29,3.483,3.483,3.483,3.483,0.0,3.483,0
2019-05-30,3.481,3.481,3.481,3.481,0.0,3.481,0
2019-05-31,3.479,3.479,3.479,3.479,0.0,3.479,0
2019-06-03,3.467,3.467,3.467,3.467,0.0,3.467,0
2019-06-04,3.453,3.453,3.453,3.453,0.0,3.453,0
2019-06-05,3.457,3.457,3.457,3.457,0.0,3.457,0
2019-06-06,3.467,3.467,3.467,3.467,0.0,3.467,0
2019-06-07,3.468,3.468,3.468,3.468,0.0,3.468,0
2019-06-10,3.457,3.457,3.457,3.457,0.0,3.457,0
2019-06-11,3.457,3.457,3.457,3.457,0.0,3.457,0
2019-06-12,3.454,3.454,3.454,3.454,0.0,3.454,0
2019-06-13,3.455,3.455,3.455,3.455,0.0,3.455,0
2019-06-14,3.46,3.46,3.46,3.46,0.0,3.46,0
2019-06-17,3.463,3.463,3.463,3.463,0.0,3.463,0
2019-06-18,3.446,3.446,3.446,3.446,0.0,3.446,0
2019-06-19,3.447,3.447,3.447,3.447,0.0,3.447,0
2019-06-20,3.451,3.451,3.451,3.451,0.0,3.451,0
2019-06-21,3.466,3.466,3.466,3.466,0.0,3.466,0
2019-06-24,3.466,3.466,3.466,3.466,0.0,3.466,0
2019-06-25,3.465,3.465,3.465,3.465,0.0,3.465,0
2019-06-26,3.457,3.457,3.457,3.457,0.0,3.457,0
2019-06-27,3.453,3.453,3.453,3.453,0.0,3.453,0
2019-06-28,3.425,3.425,3.425,3.425,0.0,3.425,0
2019-07-01,3.418,3.418,3.418,3.418,0.0,3.418,0
2019-07-02,3.427,3.427,3.427,3.427,0.0,3.427,0
2019-07-03,3.426,3.426,3.426,3.426,0.0,3.426,0
2019-07-05,3.452,3.452,3.452,3.452,0.0,3.452,0
2019-07-08,3.448,3.448,3.448,3.448,0.0,3.448,0
2019-07-09,3.487,3.487,3.487,3.487,0.0,3.487,0
2019-07-10,3.479,3.479,3.479,3.479,0.0,3.479,0
2019-07-11,3.487,3.487,3.487,3.487,0.0,3.487,0
2019-07-12,3.495,3.495,3.495,3.495,0.0,3.495,0
2019-07-15,3.5,3.5,3.5,3.5,0.0,3.5,0
2019-07-16,3.476,3.476,3.476,3.476,0.0,3.476,0
2019-07-17,3.473,3.473,3.473,3.473,0.0,3.473,0
2019-07-18,3.492,3.492,3.492,3.492,0.0,3.492,0
2019-07-19,3.485,3.485,3.485,3.485,0.0,3.485,0
2019-07-22,3.412,3.412,3.412,3.412,0.0,3.412,0
2019-07-23,3.45,3.45,3.45,3.45,0.0,3.45,0
2019-07-24,3.443,3.443,3.443,3.443,0.0,3.443,0
2019-07-25,3.444,3.444,3.444,3.444,0.0,3.444,0
2019-07-26,3.438,3.438,3.438,3.438,0.0,3.438,0
2019-07-29,3.427,3.427,3.427,3.427,0.0,3.427,0
2019-07-30,3.43,3.43,3.43,3.43,0.0,3.43,0
2019-07-31,3.436,3.436,3.436,3.436,0.0,3.436,0
2019-08-01,3.439,3.439,3.439,3.439,0.0,3.439,0
2019-08-02,3.426,3.426,3.426,3.426,0.0,3.426,0
2019-08-05,3.424,3.424,3.424,3.424,0.0,3.424,0
2019-08-06,3.425,3.425,3.425,3.425,0.0,3.425,0
2019-08-07,3.43,3.43,3.43,3.43,0.0,3.43,0
2019-08-08,3.399,3.399,3.399,3.399,0.0,3.399,0
2019-08-09,3.388,3.388,3.388,3.388,0.0,3.388,0
2019-08-12,3.347,3.347,3.347,3.347,0.0,3.347,0
2019-08-13,3.329,3.329,3.329,3.329,0.0,3.329,0
2019-08-14,3.274,3.274,3.274,3.274,0.0,3.274,0
2019-08-15,3.274,3.274,3.274,3.274,0.0,3.274,0
2019-08-16,3.257,3.257,3.257,3.257,0.0,3.257,0
2019-08-19,3.262,3.262,3.262,3.262,0.0,3.262,0
2019-08-20,3.265,3.265,3.265,3.265,0.0,3.265,0
2019-08-21,3.27,3.27,3.27,3.27,0.0,3.27,0
2019-08-22,3.274,3.274,3.274,3.274,0.0,3.274,0
2019-08-23,3.304,3.304,3.304,3.304,0.0,3.304,0
2019-08-26,3.293,3.293,3.293,3.293,0.0,3.293,0
2019-08-27,3.313,3.313,3.313,3.313,0.0,3.313,0
2019-08-28,3.332,3.332,3.332,3.332,0.0,3.332,0
2019-08-29,3.32,3.32,3.32,3.32,0.0,3.32,0
2019-08-30,3.261,3.261,3.261,3.261,0.0,3.261,0
2019-09-03,3.275,3.275,3.275,3.275,0.0,3.275,0
2019-09-04,3.236,3.236,3.236,3.236,0.0,3.236,0
2019-09-05,3.248,3.248,3.248,3.248,0.0,3.248,0
2019-09-06,3.235,3.235,3.235,3.235,0.0,3.235,0
2019-09-09,3.206,3.206,3.206,3.206,0.0,3.206,0
2019-09-10,3.21,3.21,3.21,3.21,0.0,3.21,0
2019-09-11,3.205,3.205,3.205,3.205,0.0,3.205,0
2019-09-12,3.21,3.21,3.21,3.21,0.0,3.21,0
2019-09-13,3.175,3.175,3.175,3.175,0.0,3.175,0
2019-09-16,3.205,3.205,3.205,3.205,0.0,3.205,0
2019-09-17,3.169,3.169,3.169,3.169,0.0,3.169,0
2019-09-18,3.182,3.182,3.182,3.182,0.0,3.182,0
2019-09-19,3.176,3.176,3.176,3.176,0.0,3.176,0
2019-09-20,3.187,3.187,3.187,3.187,0.0,3.187,0
2019-09-23,3.184,3.184,3.184,3.184,0.0,3.184,0
2019-09-24,3.175,3.175,3.175,3.175,0.0,3.175,0
2019-09-25,3.174,3.174,3.174,3.174,0.0,3.174,0
2019-09-26,3.175,3.175,3.175,3.175,0.0,3.175,0
2019-09-27,3.149,3.149,3.149,3.149,0.0,3.149,0
2019-09-30,3.211,3.211,3.211,3.211,0.0,3.211,0
2019-10-01,3.16,3.16,3.16,3.16,0.0,3.16,0
2019-10-02,3.188,3.188,3.188,3.188,0.0,3.188,0
2019-10-03,3.173,3.173,3.173,3.173,0.0,3.173,0
2019-10-04,3.163,3.163,3.163,3.163,0.0,3.163,0
2019-10-07,3.167,3.167,3.167,3.167,0.0,3.167,0
2019-10-08,3.143,3.143,3.143,3.143,0.0,3.143,0
2019-10-09,3.154,3.154,3.154,3.154,0.0,3.154,0
2019-10-10,3.155,3.155,3.155,3.155,0.0,3.155,0
2019-10-11,3.166,3.166,3.166,3.166,0.0,3.166,0
2019-10-14,3.181,3.181,3.181,3.181,0.0,3.181,0
2019-10-15,3.197,3.197,3.197,3.197,0.0,3.197,0
2019-10-16,3.199,3.199,3.199,3.199,0.0,3.199,0
2019-10-17,3.196,3.196,3.196,3.196,0.0,3.196,0
2019-10-18,3.191,3.191,3.191,3.191,0.0,3.191,0
2019-10-21,3.186,3.186,3.186,3.186,0.0,3.186,0
2019-10-22,3.19,3.19,3.19,3.19,0.0,3.19,0
2019-10-23,3.184,3.184,3.184,3.184,0.0,3.184,0
2019-10-24,3.188,3.188,3.188,3.188,0.0,3.188,0
2019-10-25,3.186,3.186,3.186,3.186,0.0,3.186,0
2019-10-28,3.195,3.195,3.195,3.195,0.0,3.195,0
2019-10-29,3.211,3.211,3.211,3.211,0.0,3.211,0
2019-10-30,3.218,3.218,3.218,3.218,0.0,3.218,0
2019-10-31,3.216,3.216,3.216,3.216,0.0,3.216,0
2019-11-01,3.225,3.225,3.225,3.225,0.0,3.225,0
2019-11-04,3.161,3.161,3.161,3.161,0.0,3.161,0
2019-11-05,3.14,3.14,3.14,3.14,0.0,3.14,0
2019-11-06,3.151,3.151,3.151,3.151,0.0,3.151,0
2019-11-07,3.098,3.098,3.098,3.098,0.0,3.098,0
2019-11-08,3.105,3.105,3.105,3.105,0.0,3.105,0
2019-11-11,3.096,3.096,3.096,3.096,0.0,3.096,0
2019-11-12,3.046,3.046,3.046,3.046,0.0,3.046,0
2019-11-13,3.047,3.047,3.047,3.047,0.0,3.047,0
2019-11-14,3.034,3.034,3.034,3.034,0.0,3.034,0
2019-11-15,3.04,3.04,3.04,3.04,0.0,3.04,0
2019-11-18,3.044,3.044,3.044,3.044,0.0,3.044,0
2019-11-19,3.056,3.056,3.056,3.056,0.0,3.056,0
2019-11-20,3.068,3.068,3.068,3.068,0.0,3.068,0
2019-11-21,3.075,3.075,3.075,3.075,0.0,3.075,0
2019-11-22,3.075,3.075,3.075,3.075,0.0,3.075,0
2019-11-25,3.057,3.057,3.057,3.057,0.0,3.057,0
2019-11-26,3.051,3.051,3.051,3.051,0.0,3.051,0
2019-11-27,3.055,3.055,3.055,3.055,0.0,3.055,0
2019-11-29,3.013,3.013,3.013,3.013,0.0,3.013,0
2019-12-02,3.039,3.039,3.039,3.039,0.0,3.039,0
2019-12-03,3.048,3.048,3.048,3.048,0.0,3.048,0
2019-12-04,3.047,3.047,3.047,3.047,0.0,3.047,0
2019-12-05,3.039,3.039,3.039,3.039,0.0,3.039,0
2019-12-06,3.019,3.019,3.019,3.019,0.0,3.019,0
2019-12-09,2.991,2.991,2.991,2.991,0.0,2.991,0
2019-12-10,3.0,3.0,3.0,3.0,0.0,3.0,0
2019-12-11,2.997,2.997,2.997,2.997,0.0,2.997,0
2019-12-12,3.002,3.002,3.002,3.002,0.0,3.002,0
2019-12-13,2.985,2.985,2.985,2.985,0.0,2.985,0
2019-12-16,2.999,2.999,2.999,2.999,0.0,2.999,0
2019-12-17,3.001,3.001,3.001,3.001,0.0,3.001,0
2019-12-18,2.93,2.93,2.93,2.93,0.0,2.93,0
2019-12-19,2.904,2.904,2.904,2.904,0.0,2.904,0
2019-12-20,2.895,2.895,2.895,2.895,0.0,2.895,0
2019-12-23,2.902,2.902,2.902,2.902,0.0,2.902,0
2019-12-24,2.9,2.9,2.9,2.9,0.0,2.9,0
2019-12-26,2.888,2.888,2.888,2.888,0.0,2.888,0
2019-12-27,2.886,2.886,2.886,2.886,0.0,2.886,0
2019-12-30,2.883,2.883,2.883,2.883,0.0,2.883,0
2019-12-31,2.892,2.892,2.892,2.892,0.0,2.892,0
2020-01-02,2.887,2.887,2.887,2.887,0.0,2.887,0
2020-01-03,2.887,2.887,2.887,2.887,0.0,2.887,0
2020-01-06,2.891,2.891,2.891,2.891,0.0,2.891,0
2020-01-07,2.906,2.906,2.906,2.906,0.0,2.906,0
2020-01-08,2.909,2.909,2.909,2.909,0.0,2.909,0
2020-01-09,2.92,2.92,2.92,2.92,0.0,2.92,0
2020-01-10,2.922,2.922,2.922,2.922,0.0,2.922,0
2020-01-13,2.922,2.922,2.922,2.922,0.0,2.922,0
2020-01-14,2.921,2.921,2.921,2.921,0.0,2.921,0
2020-01-15,2.92,2.92,2.92,2.92,0.0,2.92,0
2020-01-16,2.927,2.927,2.927,2.927,0.0,2.927,0
2020-01-17,2.937,2.937,2.937,2.937,0.0,2.937,0
2020-01-21,2.927,2.927,2.927,2.927,0.0,2.927,0
2020-01-22,2.929,2.929,2.929,2.929,0.0,2.929,0
2020-01-23,2.921,2.921,2.921,2.921,0.0,2.921,0
2020-01-24,2.933,2.933,2.933,2.933,0.0,2.933,0
2020-01-27,2.892,2.892,2.892,2.892,0.0,2.892,0
2020-01-28,2.902,2.902,2.902,2.902,0.0,2.902,0
2020-01-29,2.887,2.887,2.887,2.887,0.0,2.887,0
2020-01-30,2.872,2.872,2.872,2.872,0.0,2.872,0
2020-01-31,2.873,2.873,2.873,2.873,0.0,2.873,0
2020-02-03,2.868,2.868,2.868,2.868,0.0,2.868,0
2020-02-04,2.864,2.864,2.864,2.864,0.0,2.864,0
2020-02-05,2.836,2.836,2.836,2.836,0.0,2.836,0
2020-02-06,2.84,2.84,2.84,2.84,0.0,2.84,0
2020-02-07,2.858,2.858,2.858,2.858,0.0,2.858,0
2020-02-10,2.85,2.85,2.85,2.85,0.0,2.85,0
2020-02-11,2.815,2.815,2.815,2.815,0.0,2.815,0
2020-02-12,2.822,2.822,2.822,2.822,0.0,2.822,0
2020-02-13,2.812,2.812,2.812,2.812,0.0,2.812,0
2020-02-14,2.847,2.847,2.847,2.847,0.0,2.847,0
2020-02-18,2.82,2.82,2.82,2.82,0.0,2.82,0
2020-02-19,2.841,2.841,2.841,2.841,0.0,2.841,0
2020-02-20,2.841,2.841,2.841,2.841,0.0,2.841,0
2020-02-21,2.871,2.871,2.871,2.871,0.0,2.871,0
2020-02-24,2.877,2.877,2.877,2.877,0.0,2.877,0
2020-02-25,2.88,2.88,2.88,2.88,0.0,2.88,0
2020-02-26,2.903,2.903,2.903,2.903,0.0,2.903,0
2020-02-27,2.893,2.893,2.893,2.893,0.0,2.893,0
2020-02-28,2.941,2.941,2.941,2.941,0.0,2.941,0
2020-03-02,2.981,2.981,2.981,2.981,0.0,2.981,0
2020-03-03,2.977,2.977,2.977,2.977,0.0,2.977,0
2020-03-04,2.966,2.966,2.966,2.966,0.0,2.966,0
2020-03-05,2.941,2.941,2.941,2.941,0.0,2.941,0
2020-03-06,2.954,2.954,2.954,2.954,0.0,2.954,0
2020-03-09,2.991,2.991,2.991,2.991,0.0,2.991,0
2020-03-10,2.991,2.991,2.991,2.991,0.0,2.991,0
2020-03-11,2.953,2.953,2.953,2.953,0.0,2.953,0
2020-03-12,2.903,2.903,2.903,2.903,0.0,2.903,0
2020-03-13,2.898,2.898,2.898,2.898,0.0,2.898,0
2020-03-16,2.887,2.887,2.887,2.887,0.0,2.887,0
2020-03-17,2.916,2.916,2.916,2.916,0.0,2.916,0
2020-03-18,2.922,2.922,2.922,2.922,0.0,2.922,0
2020-03-19,2.935,2.935,2.935,2.935,0.0,2.935,0
2020-03-20,2.929,2.929,2.929,2.929,0.0,2.929,0
2020-03-23,2.924,2.924,2.924,2.924,0.0,2.924,0
2020-03-24,2.881,2.881,2.881,2.881,0.0,2.881,0
2020-03-25,2.876,2.876,2.876,2.876,0.0,2.876,0
2020-03-26,2.842,2.842,2.842,2.842,0.0,2.842,0
2020-03-27,2.864,2.864,2.864,2.864,0.0,2.864,0
2020-03-30,2.872,2.872,2.872,2.872,0.0,2.872,0
2020-03-31,2.86,2.86,2.86,2.86,0.0,2.86,0
2020-04-01,2.83,2.83,2.83,2.83,0.0,2.83,0
2020-04-02,2.816,2.816,2.816,2.816,0.0,2.816,0
2020-04-03,2.8,2.8,2.8,2.8,0.0,2.8,0
2020-04-06,2.816,2.816,2.816,2.816,0.0,2.816,0
2020-04-07,2.81,2.81,2.81,2.81,0.0,2.81,0
2020-04-08,2.827,2.827,2.827,2.827,0.0,2.827,0
2020-04-09,2.813,2.813,2.813,2.813,0.0,2.813,0
2020-04-13,2.836,2.836,2.836,2.836,0.0,2.836,0
2020-04-14,2.818,2.818,2.818,2.818,0.0,2.818,0
2020-04-15,2.787,2.787,2.787,2.787,0.0,2.787,0
2020-04-16,2.792,2.792,2.792,2.792,0.0,2.792,0
2020-04-17,2.793,2.793,2.793,2.793,0.0,2.793,0
2020-04-20,2.829,2.829,2.829,2.829,0.0,2.829,0
2020-04-21,2.812,2.812,2.812,2.812,0.0,2.812,0
2020-04-22,2.84,2.84,2.84,2.84,0.0,2.84,0
2020-04-23,2.794,2.794,2.794,2.794,0.0,2.794,0
2020-04-24,2.792,2.792,2.792,2.792,0.0,2.792,0
2020-04-27,2.818,2.818,2.818,2.818,0.0,2.818,0
2020-04-28,2.81,2.81,2.81,2.81,0.0,2.81,0
2020-04-29,2.805,2.805,2.805,2.805,0.0,2.805,0
2020-04-30,2.78,2.78,2.78,2.78,0.0,2.78,0
2020-05-01,2.763,2.763,2.763,2.763,0.0,2.763,0
2020-05-04,2.734,2.734,2.734,2.734,0.0,2.734,0
2020-05-05,2.721,2.721,2.721,2.721,0.0,2.721,0
2020-05-06,2.76,2.76,2.76,2.76,0.0,2.76,0
2020-05-07,2.717,2.717,2.717,2.717,0.0,2.717,0
2020-05-08,2.706,2.706,2.706,2.706,0.0,2.706,0
2020-05-11,2.682,2.682,2.682,2.682,0.0,2.682,0
2020-05-12,2.686,2.686,2.686,2.686,0.0,2.686,0
2020-05-13,2.635,2.635,2.635,2.635,0.0,2.635,0
2020-05-14,2.695,2.695,2.609,2.609,9.0,2.695,1
2020-05-15,2.67,2.67,2.67,2.67,0.0,2.67,0
2020-05-18,2.688,2.688,2.688,2.688,0.0,2.688,0
2020-05-19,2.685,2.685,2.685,2.685,0.0,2.685,0
2020-05-20,2.637,2.637,2.637,2.637,0.0,2.637,0
2020-05-21,2.628,2.628,2.628,2.628,0.0,2.628,0
2020-05-22,2.671,2.671,2.671,2.671,0.0,2.671,0
2020-05-26,2.656,2.656,2.656,2.656,0.0,2.656,0
2020-05-27,2.7,2.7,2.7,2.7,0.0,2.7,0
2020-05-28,2.692,2.692,2.692,2.692,0.0,2.692,0
2020-05-29,2.686,2.686,2.686,2.686,0.0,2.686,0
2020-06-01,2.663,2.663,2.663,2.663,0.0,2.663,0
2020-06-02,2.668,2.668,2.668,2.668,0.0,2.668,0
2020-06-03,2.655,2.655,2.655,2.655,0.0,2.655,0
2020-06-04,2.664,2.664,2.664,2.664,0.0,2.664,0
2020-06-05,2.658,2.658,2.658,2.658,0.0,2.658,0
2020-06-08,2.672,2.672,2.672,2.672,0.0,2.672,0
2020-06-09,2.694,2.694,2.694,2.694,0.0,2.694,0
2020-06-10,2.699,2.699,2.699,2.699,0.0,2.699,0
2020-06-11,2.694,2.694,2.694,2.694,0.0,2.694,0
2020-06-12,2.683,2.683,2.683,2.683,0.0,2.683,0
2020-06-15,2.71,2.71,2.71,2.71,0.0,2.71,0
2020-06-16,2.706,2.706,2.706,2.706,0.0,2.706,0
2020-06-17,2.701,2.701,2.701,2.701,0.0,2.701,0
2020-06-18,2.7,2.7,2.7,2.7,0.0,2.7,0
2020-06-19,2.683,2.683,2.683,2.683,0.0,2.683,0
2020-06-22,2.671,2.671,2.671,2.671,0.0,2.671,0
2020-06-23,2.67,2.67,2.67,2.67,0.0,2.67,0
2020-06-24,2.681,2.681,2.681,2.681,0.0,2.681,0
2020-06-25,2.714,2.714,2.714,2.714,0.0,2.714,0
2020-06-26,2.736,2.736,2.736,2.736,0.0,2.736,0
2020-06-29,2.734,2.734,2.734,2.734,0.0,2.734,0
2020-06-30,2.734,2.734,2.734,2.734,0.0,2.734,0
2020-07-01,2.747,2.747,2.747,2.747,0.0,2.747,0
2020-07-02,2.791,2.791,2.791,2.791,0.0,2.791,0
2020-07-06,2.77,2.77,2.77,2.77,0.0,2.77,0
2020-07-07,2.758,2.758,2.758,2.758,0.0,2.758,0
2020-07-08,2.786,2.786,2.786,2.786,0.0,2.786,0
2020-07-09,2.771,2.771,2.771,2.771,0.0,2.771,0
2020-07-10,2.753,2.753,2.753,2.753,0.0,2.753,0
2020-07-13,2.749,2.749,2.749,2.749,0.0,2.749,0
2020-07-14,2.748,2.748,2.748,2.748,0.0,2.748,0
2020-07-15,2.758,2.758,2.758,2.758,0.0,2.758,0
2020-07-16,2.751,2.751,2.751,2.751,0.0,2.751,0
2020-07-17,2.748,2.748,2.748,2.748,0.0,2.748,0
2020-07-20,2.739,2.739,2.739,2.739,0.0,2.739,0
2020-07-21,2.754,2.754,2.754,2.754,0.0,2.754,0
2020-07-22,2.763,2.763,2.763,2.763,0.0,2.763,0
2020-07-23,2.847,2.847,2.847,2.847,0.0,2.847,0
2020-07-24,2.866,2.866,2.866,2.866,0.0,2.866,0
2020-07-27,2.929,2.929,2.929,2.929,0.0,2.929,0
2020-07-28,2.926,2.926,2.926,2.926,0.0,2.926,0
2020-07-29,2.931,2.931,2.931,2.931,0.0,2.931,0
2020-07-30,2.942,2.942,2.942,2.942,0.0,2.942,0
2020-07-31,3.042,3.042,3.042,3.042,0.0,3.042,0
2020-08-03,3.04,3.04,3.04,3.04,0.0,3.04,0
2020-08-04,3.034,3.034,3.034,3.034,0.0,3.034,0
2020-08-05,3.052,3.052,3.052,3.052,0.0,3.052,0
2020-08-06,3.077,3.077,3.077,3.077,0.0,3.077,0
2020-08-07,3.139,3.139,3.139,3.139,0.0,3.139,0
2020-08-10,3.107,3.107,3.107,3.107,0.0,3.107,0
2020-08-11,3.022,3.022,3.022,3.022,0.0,3.022,0
2020-08-12,2.999,2.999,2.999,2.999,0.0,2.999,0
2020-08-13,3.019,3.019,3.019,3.019,0.0,3.019,0
2020-08-14,3.005,3.005,3.005,3.005,0.0,3.005,0
2020-08-17,3.005,3.005,3.005,3.005,0.0,3.005,0
2020-08-18,3.0,3.0,3.0,3.0,0.0,3.0,0
2020-08-19,2.995,2.995,2.995,2.995,0.0,2.995,0
2020-08-20,2.993,2.993,2.993,2.993,0.0,2.993,0
2020-08-21,2.988,2.988,2.988,2.988,0.0,2.988,0
2020-08-24,2.983,2.983,2.983,2.983,0.0,2.983,0
2020-08-25,2.976,2.976,2.976,2.976,0.0,2.976,0
2020-08-26,3.004,3.004,3.004,3.004,0.0,3.004,0
2020-08-27,3.013,3.013,3.013,3.013,0.0,3.013,0
2020-08-28,3.001,3.001,3.001,3.001,0.0,3.001,0
2020-08-31,2.975,2.975,2.975,2.975,0.0,2.975,0
2020-09-01,2.973,2.973,2.973,2.973,0.0,2.973,0
2020-09-02,2.967,2.967,2.967,2.967,0.0,2.967,0
2020-09-03,2.964,2.964,2.964,2.964,0.0,2.964,0
2020-09-04,2.89,2.89,2.89,2.89,0.0,2.89,0
2020-09-08,2.891,2.891,2.891,2.891,0.0,2.891,0
2020-09-09,2.877,2.877,2.877,2.877,0.0,2.877,0
2020-09-10,2.859,2.859,2.859,2.859,0.0,2.859,0
2020-09-11,2.836,2.836,2.836,2.836,0.0,2.836,0
2020-09-14,2.809,2.809,2.809,2.809,0.0,2.809,0
2020-09-15,2.816,2.816,2.816,2.816,0.0,2.816,0
2020-09-16,2.791,2.791,2.791,2.791,0.0,2.791,0
2020-09-17,2.779,2.779,2.779,2.779,0.0,2.779,0
2020-09-18,2.8,2.8,2.8,2.8,0.0,2.8,0
2020-09-21,2.771,2.771,2.771,2.771,0.0,2.771,0
2020-09-22,2.81,2.81,2.81,2.81,0.0,2.81,0
2020-09-23,2.85,2.85,2.85,2.85,0.0,2.85,0
2020-09-24,2.876,2.876,2.876,2.876,0.0,2.876,0
2020-09-25,2.895,2.895,2.895,2.895,0.0,2.895,0
2020-09-28,2.903,2.903,2.903,2.903,0.0,2.903,0
2020-09-29,2.874,2.874,2.874,2.874,0.0,2.874,0
2020-09-30,2.855,2.855,2.855,2.855,0.0,2.855,0
2020-10-01,2.835,2.835,2.835,2.835,0.0,2.835,0
2020-10-02,2.832,2.832,2.832,2.832,0.0,2.832,0
2020-10-05,2.81,2.81,2.81,2.81,0.0,2.81,0
2020-10-06,2.817,2.817,2.817,2.817,0.0,2.817,0
2020-10-07,2.84,2.84,2.84,2.84,0.0,2.84,0
2020-10-08,2.815,2.815,2.815,2.815,0.0,2.815,0
2020-10-09,2.845,2.845,2.845,2.845,0.0,2.845,0
2020-10-12,2.831,2.831,2.831,2.831,0.0,2.831,0
2020-10-13,2.811,2.811,2.811,2.811,0.0,2.811,0
2020-10-14,2.838,2.838,2.838,2.838,0.0,2.838,0
2020-10-15,2.824,2.824,2.824,2.824,0.0,2.824,0
2020-10-16,2.827,2.827,2.827,2.827,0.0,2.827,0
2020-10-19,2.87,2.87,2.87,2.87,0.0,2.87,0
2020-10-20,2.811,2.811,2.811,2.811,0.0,2.811,0
2020-10-21,2.832,2.832,2.832,2.832,0.0,2.832,0
2020-10-22,2.834,2.834,2.834,2.834,0.0,2.834,0
2020-10-23,2.861,2.861,2.861,2.861,0.0,2.861,0
2020-10-26,2.774,2.774,2.774,2.774,0.0,2.774,0
2020-10-27,2.828,2.828,2.828,2.828,0.0,2.828,0
2020-10-28,2.878,2.878,2.878,2.878,0.0,2.878,0
2020-10-29,2.89,2.89,2.89,2.89,0.0,2.89,0
2020-10-30,2.907,2.907,2.907,2.907,0.0,2.907,0
2020-11-02,2.876,2.876,2.876,2.876,0.0,2.876,0
2020-11-03,2.905,2.905,2.905,2.905,0.0,2.905,0
2020-11-04,2.902,2.902,2.902,2.902,0.0,2.902,0
2020-11-05,2.897,2.897,2.897,2.897,0.0,2.897,0
2020-11-06,2.887,2.887,2.887,2.887,0.0,2.887,0
2020-11-09,2.883,2.883,2.883,2.883,0.0,2.883,0
2020-11-10,2.893,2.893,2.893,2.893,0.0,2.893,0
2020-11-11,2.908,2.908,2.908,2.908,0.0,2.908,0
2020-11-12,2.905,2.905,2.905,2.905,0.0,2.905,0
2020-11-13,2.859,2.859,2.859,2.859,0.0,2.859,0
2020-11-16,2.856,2.856,2.856,2.856,0.0,2.856,0
2020-11-17,2.873,2.873,2.873,2.873,0.0,2.873,0
2020-11-18,2.897,2.897,2.897,2.897,0.0,2.897,0
2020-11-19,2.897,2.897,2.897,2.897,0.0,2.897,0
2020-11-20,2.89,2.89,2.89,2.89,0.0,2.89,0
2020-11-23,2.884,2.884,2.884,2.884,0.0,2.884,0
2020-11-24,2.886,2.886,2.886,2.886,0.0,2.886,0
2020-11-25,2.869,2.869,2.869,2.869,0.0,2.869,0
2020-11-27,2.865,2.865,2.865,2.865,0.0,2.865,0
2020-11-30,2.851,2.851,2.851,2.851,0.0,2.851,0
2020-12-01,2.913,2.913,2.913,2.913,0.0,2.913,0
2020-12-02,2.938,2.938,2.938,2.938,0.0,2.938,0
2020-12-03,2.91,2.91,2.91,2.91,0.0,2.91,0
2020-12-04,2.93,2.93,2.93,2.93,0.0,2.93,0
2020-12-07,2.901,2.901,2.901,2.901,0.0,2.901,0
2020-12-08,2.889,2.889,2.889,2.889,0.0,2.889,0
2020-12-09,2.899,2.899,2.899,2.899,0.0,2.899,0
2020-12-10,2.904,2.904,2.904,2.904,0.0,2.904,0
2020-12-11,2.923,2.923,2.923,2.923,0.0,2.923,0
2020-12-14,2.917,2.917,2.917,2.917,0.0,2.917,0
2020-12-15,2.902,2.902,2.902,2.902,0.0,2.902,0
2020-12-16,2.914,2.914,2.914,2.914,0.0,2.914,0
2020-12-17,2.902,2.902,2.902,2.902,0.0,2.902,0
2020-12-18,2.916,2.916,2.916,2.916,0.0,2.916,0
2020-12-21,2.887,2.887,2.887,2.887,0.0,2.887,0
2020-12-22,2.932,2.932,2.932,2.932,0.0,2.932,0
2020-12-23,2.927,2.927,2.927,2.927,0.0,2.927,0
2020-12-24,2.939,2.939,2.939,2.939,0.0,2.939,0
2020-12-28,2.858,2.858,2.858,2.858,0.0,2.858,0
2020-12-29,2.927,2.927,2.927,2.927,0.0,2.927,0
2020-12-30,2.898,2.898,2.898,2.898,0.0,2.898,0
2020-12-31,2.925,2.925,2.925,2.925,0.0,2.925,0
2021-01-04,2.933,2.933,2.933,2.933,0.0,2.933,0
2021-01-05,2.948,2.948,2.948,2.948,0.0,2.948,0
2021-01-06,2.981,2.981,2.981,2.981,0.0,2.981,0
2021-01-07,2.949,2.949,2.949,2.949,0.0,2.949,0
2021-01-08,2.933,2.933,2.933,2.933,0.0,2.933,0
2021-01-11,2.936,2.936,2.936,2.936,0.0,2.936,0
2021-01-12,2.943,2.943,2.943,2.943,0.0,2.943,0
2021-01-13,2.974,2.974,2.974,2.974,0.0,2.974,0
2021-01-14,2.922,2.922,2.922,2.922,0.0,2.922,0
2021-01-15,2.958,2.958,2.958,2.958,0.0,2.958,0
2021-01-19,2.965,2.965,2.965,2.965,0.0,2.965,0
2021-01-20,2.979,2.979,2.979,2.979,0.0,2.979,0
2021-01-21,2.977,2.977,2.977,2.977,0.0,2.977,0
2021-01-22,2.981,2.981,2.981,2.981,0.0,2.981,0
2021-01-25,2.938,2.938,2.938,2.938,0.0,2.938,0
2021-01-26,2.967,2.967,2.967,2.967,0.0,2.967,0
2021-01-27,2.982,2.982,2.982,2.982,0.0,2.982,0
2021-01-28,2.981,2.981,2.981,2.981,0.0,2.981,0
2021-01-29,2.975,2.975,2.975,2.975,0.0,2.975,0
2021-02-01,2.979,2.979,2.979,2.979,0.0,2.979,0
2021-02-02,2.975,2.975,2.975,2.975,0.0,2.975,0
2021-02-03,2.956,2.956,2.956,2.956,0.0,2.956,0
2021-02-04,2.932,2.932,2.932,2.932,0.0,2.932,0
2021-02-05,2.941,2.941,2.941,2.941,0.0,2.941,0
2021-02-08,2.961,2.961,2.961,2.961,0.0,2.961,0
2021-02-09,2.961,2.961,2.961,2.961,0.0,2.961,0
2021-02-10,2.966,2.966,2.966,2.966,0.0,2.966,0
2021-02-11,2.953,2.953,2.953,2.953,0.0,2.953,0
2021-02-12,2.947,2.947,2.947,2.947,0.0,2.947,0
2021-02-16,2.964,2.964,2.964,2.964,0.0,2.964,0
2021-02-17,2.959,2.959,2.959,2.959,0.0,2.959,0
2021-02-18,2.949,2.949,2.949,2.949,0.0,2.949,0
2021-02-19,2.945,2.945,2.945,2.945,0.0,2.945,0
2021-02-22,2.947,2.947,2.947,2.947,0.0,2.947,0
2021-02-23,2.952,2.952,2.952,2.952,0.0,2.952,0
2021-02-24,2.946,2.946,2.946,2.946,0.0,2.946,0
2021-02-25,2.895,2.895,2.895,2.895,0.0,2.895,0
2021-02-26,2.915,2.915,2.915,2.915,0.0,2.915,0
2021-03-01,2.933,2.933,2.933,2.933,0.0,2.933,0
2021-03-02,2.932,2.932,2.932,2.932,0.0,2.932,0
2021-03-03,2.907,2.907,2.907,2.907,0.0,2.907,0
2021-03-04,2.875,2.875,2.875,2.875,0.0,2.875,0
2021-03-05,2.881,2.881,2.881,2.881,0.0,2.881,0
2021-03-08,2.899,2.899,2.899,2.899,0.0,2.899,0
2021-03-09,2.906,2.906,2.906,2.906,0.0,2.906,0
2021-03-10,2.904,2.904,2.904,2.904,0.0,2.904,0
2021-03-11,2.901,2.901,2.901,2.901,0.0,2.901,0
2021-03-12,2.918,2.918,2.918,2.918,0.0,2.918,0
2021-03-15,2.891,2.891,2.891,2.891,0.0,2.891,0
2021-03-16,2.923,2.923,2.923,2.923,0.0,2.923,0
2021-03-17,2.904,2.904,2.904,2.904,0.0,2.904,0
2021-03-18,2.918,2.918,2.918,2.918,0.0,2.918,0
2021-03-19,2.924,2.924,2.924,2.924,0.0,2.924,0
2021-03-22,2.92,2.92,2.92,2.92,0.0,2.92,0
2021-03-23,2.934,2.934,2.934,2.934,0.0,2.934,0
2021-03-24,2.937,2.937,2.937,2.937,0.0,2.937,0
2021-03-25,2.937,2.937,2.937,2.937,0.0,2.937,0
2021-03-26,2.939,2.939,2.939,2.939,0.0,2.939,0
2021-03-29,2.983,2.983,2.983,2.983,0.0,2.983,0
2021-03-30,2.994,2.994,2.994,2.994,0.0,2.994,0
2021-03-31,2.99,2.99,2.99,2.99,0.0,2.99,0
2021-04-01,3.019,3.019,3.019,3.019,0.0,3.019,0
2021-04-05,3.006,3.006,3.006,3.006,0.0,3.006,0
2021-04-06,2.989,2.989,2.989,2.989,0.0,2.989,0
2021-04-07,2.992,2.992,2.992,2.992,0.0,2.992,0
2021-04-08,2.992,2.992,2.992,2.992,0.0,2.992,0
2021-04-09,3.026,3.026,3.026,3.026,0.0,3.026,0
2021-04-12,3.035,3.035,3.035,3.035,0.0,3.035,0
2021-04-13,3.018,3.018,3.018,3.018,0.0,3.018,0
2021-04-14,3.027,3.027,3.027,3.027,0.0,3.027,0
2021-04-15,3.031,3.031,3.031,3.031,0.0,3.031,0
2021-04-16,3.044,3.044,3.044,3.044,0.0,3.044,0
2021-04-19,3.038,3.038,3.038,3.038,0.0,3.038,0
2021-04-20,2.983,2.983,2.983,2.983,0.0,2.983,0
2021-04-21,2.968,2.968,2.968,2.968,0.0,2.968,0
2021-04-22,2.949,2.949,2.949,2.949,0.0,2.949,0
2021-04-23,2.957,2.957,2.957,2.957,0.0,2.957,0
2021-04-26,2.943,2.943,2.943,2.943,0.0,2.943,0
2021-04-27,2.922,2.922,2.922,2.922,0.0,2.922,0
2021-04-28,2.934,2.934,2.934,2.934,0.0,2.934,0
2021-04-29,2.936,2.936,2.936,2.936,0.0,2.936,0
2021-04-30,2.971,2.971,2.971,2.971,0.0,2.971,0
2021-05-03,2.974,2.974,2.974,2.974,0.0,2.974,0
2021-05-04,2.983,2.983,2.983,2.983,0.0,2.983,0
2021-05-05,2.985,2.985,2.985,2.985,0.0,2.985,0
2021-05-06,2.975,2.975,2.975,2.975,0.0,2.975,0
2021-05-07,2.982,2.982,2.982,2.982,0.0,2.982,0
2021-05-10,2.985,2.985,2.985,2.985,0.0,2.985,0
2021-05-11,2.982,2.982,2.982,2.982,0.0,2.982,0
2021-05-12,2.981,2.981,2.981,2.981,0.0,2.981,0
2021-05-13,2.971,2.971,2.971,2.971,0.0,2.971,0
2021-05-14,2.977,2.977,2.977,2.977,0.0,2.977,0
2021-05-17,2.981,2.981,2.981,2.981,0.0,2.981,0
2021-05-18,2.95,2.95,2.95,2.95,0.0,2.95,0
2021-05-19,2.954,2.954,2.954,2.954,0.0,2.954,0
2021-05-20,2.959,2.959,2.959,2.959,0.0,2.959,0
2021-05-21,2.971,2.971,2.971,2.971,0.0,2.971,0
2021-05-24,2.965,2.965,2.965,2.965,0.0,2.965,0
2021-05-25,2.976,2.976,2.976,2.976,0.0,2.976,0
2021-05-26,2.945,2.945,2.945,2.945,0.0,2.945,0
2021-05-27,2.942,2.942,2.942,2.942,0.0,2.942,0
2021-05-28,2.965,2.965,2.965,2.965,0.0,2.965,0
2021-06-01,2.947,2.947,2.947,2.947,0.0,2.947,0
2021-06-02,2.957,2.957,2.957,2.957,0.0,2.957,0
2021-06-03,2.939,2.939,2.939,2.939,0.0,2.939,0
2021-06-04,2.99,2.99,2.99,2.99,0.0,2.99,0
2021-06-07,2.961,2.961,2.961,2.961,0.0,2.961,0
2021-06-08,2.967,2.967,2.967,2.967,0.0,2.967,0
2021-06-09,2.974,2.974,2.974,2.974,0.0,2.974,0
2021-06-10,2.963,2.963,2.963,2.963,0.0,2.963,0
2021-06-11,2.962,2.962,2.962,2.962,0.0,2.962,0
2021-06-14,2.971,2.971,2.971,2.971,0.0,2.971,0
2021-06-15,2.956,2.956,2.956,2.956,0.0,2.956,0
2021-06-16,3.009,3.009,3.009,3.009,0.0,3.009,0
2021-06-17,3.014,3.014,3.014,3.014,0.0,3.014,0
2021-06-18,3.023,3.023,3.023,3.023,0.0,3.023,0
2021-06-21,3.02,3.02,3.02,3.02,0.0,3.02,0
2021-06-22,3.02,3.02,3.02,3.02,0.0,3.02,0
2021-06-23,3.021,3.021,3.021,3.021,0.0,3.021,0
2021-06-24,3.009,3.009,3.009,3.009,0.0,3.009,0
2021-06-25,3.07,3.07,3.07,3.07,0.0,3.07,0
2021-06-28,3.08,3.08,3.08,3.08,0.0,3.08,0
2021-06-29,3.108,3.108,3.108,3.108,0.0,3.108,0
2021-06-30,3.104,3.104,3.104,3.104,0.0,3.104,0
2021-07-01,3.092,3.092,3.092,3.092,0.0,3.092,0
2021-07-02,3.084,3.084,3.084,3.084,0.0,3.084,0
2021-07-06,3.076,3.076,3.076,3.076,0.0,3.076,0
2021-07-07,3.088,3.088,3.088,3.088,0.0,3.088,0
2021-07-08,3.1,3.1,3.1,3.1,0.0,3.1,0
2021-07-09,3.106,3.106,3.106,3.106,0.0,3.106,0
2021-07-12,3.111,3.111,3.111,3.111,0.0,3.111,0
2021-07-13,3.11,3.11,3.11,3.11,0.0,3.11,0
2021-07-14,3.103,3.103,3.103,3.103,0.0,3.103,0
2021-07-15,3.111,3.111,3.111,3.111,0.0,3.111,0
2021-07-16,3.127,3.127,3.127,3.127,0.0,3.127,0
2021-07-19,3.137,3.137,3.137,3.137,0.0,3.137,0
2021-07-20,3.139,3.139,3.139,3.139,0.0,3.139,0
2021-07-21,3.144,3.144,3.144,3.144,0.0,3.144,0
2021-07-22,3.146,3.146,3.146,3.146,0.0,3.146,0
2021-07-23,3.152,3.152,3.152,3.152,0.0,3.152,0
2021-07-26,3.16,3.16,3.16,3.16,0.0,3.16,0
2021-07-27,3.13,3.13,3.13,3.13,0.0,3.13,0
2021-07-28,3.122,3.122,3.122,3.122,0.0,3.122,0
2021-07-29,3.097,3.097,3.097,3.097,0.0,3.097,0
2021-07-30,3.117,3.117,3.117,3.117,0.0,3.117,0
2021-08-02,3.131,3.131,3.131,3.131,0.0,3.131,0
2021-08-03,3.123,3.123,3.123,3.123,0.0,3.123,0
2021-08-04,3.133,3.133,3.133,3.133,0.0,3.133,0
2021-08-05,3.098,3.098,3.098,3.098,0.0,3.098,0
2021-08-06,3.107,3.107,3.107,3.107,0.0,3.107,0
2021-08-09,3.123,3.123,3.123,3.123,0.0,3.123,0
2021-08-10,3.12,3.12,3.12,3.12,0.0,3.12,0
2021-08-11,3.135,3.135,3.135,3.135,0.0,3.135,0
2021-08-12,3.216,3.216,3.216,3.216,0.0,3.216,0
2021-08-13,3.183,3.183,3.183,3.183,0.0,3.183,0
2021-08-16,3.195,3.195,3.195,3.195,0.0,3.195,0
2021-08-17,3.208,3.208,3.208,3.208,0.0,3.208,0
2021-08-18,3.206,3.206,3.206,3.206,0.0,3.206,0
2021-08-19,3.217,3.217,3.217,3.217,0.0,3.217,0
2021-08-20,3.216,3.216,3.216,3.216,0.0,3.216,0
2021-08-23,3.218,3.218,3.218,3.218,0.0,3.218,0
2021-08-24,3.214,3.214,3.214,3.214,0.0,3.214,0
2021-08-25,3.231,3.231,3.231,3.231,0.0,3.231,0
2021-08-26,3.282,3.282,3.282,3.282,0.0,3.282,0
2021-08-27,3.284,3.284,3.284,3.284,0.0,3.284,0
2021-08-30,3.287,3.287,3.287,3.287,0.0,3.287,0
2021-08-31,3.276,3.276,3.276,3.276,0.0,3.276,0
2021-09-01,3.285,3.285,3.285,3.285,0.0,3.285,0
2021-09-02,3.285,3.285,3.285,3.285,0.0,3.285,0
2021-09-03,3.314,3.314,3.314,3.314,0.0,3.314,0
2021-09-07,3.364,3.364,3.364,3.364,0.0,3.364,0
2021-09-08,3.416,3.416,3.416,3.416,0.0,3.416,0
2021-09-09,3.519,3.519,3.519,3.519,0.0,3.519,0
2021-09-10,3.501,3.501,3.501,3.501,0.0,3.501,0
2021-09-13,3.516,3.516,3.516,3.516,0.0,3.516,0
2021-09-14,3.489,3.489,3.489,3.489,0.0,3.489,0
2021-09-15,3.478,3.478,3.478,3.478,0.0,3.478,0
2021-09-16,3.481,3.481,3.481,3.481,0.0,3.481,0
2021-09-17,3.474,3.474,3.474,3.474,0.0,3.474,0
2021-09-20,3.51,3.51,3.51,3.51,0.0,3.51,0
2021-09-21,3.527,3.527,3.527,3.527,0.0,3.527,0
2021-09-22,3.544,3.544,3.544,3.544,0.0,3.544,0
2021-09-23,3.551,3.551,3.551,3.551,0.0,3.551,0
2021-09-24,3.492,3.492,3.492,3.492,0.0,3.492,0
2021-09-27,3.485,3.485,3.485,3.485,0.0,3.485,0
2021-09-28,3.408,3.408,3.408,3.408,0.0,3.408,0
2021-09-29,3.389,3.389,3.389,3.389,0.0,3.389,0
2021-09-30,3.396,3.396,3.396,3.396,0.0,3.396,0
2021-10-01,3.386,3.386,3.386,3.386,0.0,3.386,0
2021-10-04,3.395,3.395,3.395,3.395,0.0,3.395,0
2021-10-05,3.41,3.41,3.41,3.41,0.0,3.41,0
2021-10-06,3.448,3.448,3.448,3.448,0.0,3.448,0
2021-10-07,3.448,3.448,3.448,3.448,0.0,3.448,0
2021-10-08,3.489,3.489,3.489,3.489,0.0,3.489,0
2021-10-11,3.475,3.475,3.475,3.475,0.0,3.475,0
2021-10-12,3.477,3.477,3.477,3.477,0.0,3.477,0
2021-10-13,3.482,3.482,3.482,3.482,0.0,3.482,0
2021-10-14,3.517,3.517,3.517,3.517,0.0,3.517,0
2021-10-15,3.528,3.528,3.528,3.528,0.0,3.528,0
2021-10-18,3.534,3.534,3.534,3.534,0.0,3.534,0
2021-10-19,3.531,3.531,3.531,3.531,0.0,3.531,0
2021-10-20,3.534,3.534,3.534,3.534,0.0,3.534,0
2021-10-21,3.53,3.53,3.53,3.53,0.0,3.53,0
2021-10-22,3.535,3.535,3.535,3.535,0.0,3.535,0
2021-10-25,3.578,3.578,3.578,3.578,0.0,3.578,0
2021-10-26,3.556,3.556,3.556,3.556,0.0,3.556,0
2021-10-27,3.493,3.493,3.493,3.493,0.0,3.493,0
2021-10-28,3.494,3.494,3.494,3.494,0.0,3.494,0
2021-10-29,3.445,3.445,3.445,3.445,0.0,3.445,0
2021-11-01,3.34,3.34,3.34,3.34,0.0,3.34,0
2021-11-02,3.401,3.401,3.401,3.401,0.0,3.401,0
2021-11-03,3.395,3.395,3.395,3.395,0.0,3.395,0
2021-11-04,3.419,3.419,3.419,3.419,0.0,3.419,0
2021-11-05,3.429,3.429,3.429,3.429,0.0,3.429,0
2021-11-08,3.532,3.532,3.532,3.532,0.0,3.532,0
2021-11-09,3.528,3.528,3.528,3.528,0.0,3.528,0
2021-11-10,3.554,3.554,3.554,3.554,0.0,3.554,0
2021-11-11,3.571,3.571,3.571,3.571,0.0,3.571,0
2021-11-12,3.507,3.507,3.507,3.507,0.0,3.507,0
2021-11-15,3.52,3.52,3.52,3.52,0.0,3.52,0
2021-11-16,3.591,3.591,3.591,3.591,0.0,3.591,0
2021-11-17,3.522,3.522,3.522,3.522,0.0,3.522,0
2021-11-18,3.51,3.51,3.51,3.51,0.0,3.51,0
2021-11-19,3.474,3.474,3.474,3.474,0.0,3.474,0
2021-11-22,3.456,3.456,3.456,3.456,0.0,3.456,0
2021-11-23,3.503,3.503,3.503,3.503,0.0,3.503,0
2021-11-24,3.501,3.501,3.501,3.501,0.0,3.501,0
2021-11-26,3.54,3.54,3.54,3.54,0.0,3.54,0
2021-11-29,3.532,3.532,3.532,3.532,0.0,3.532,0
2021-11-30,3.505,3.505,3.505,3.505,0.0,3.505,0
2021-12-01,3.513,3.513,3.513,3.513,0.0,3.513,0
2021-12-02,3.517,3.517,3.517,3.517,0.0,3.517,0
2021-12-03,3.527,3.527,3.527,3.527,0.0,3.527,0
2021-12-06,3.499,3.499,3.499,3.499,0.0,3.499,0
2021-12-07,3.503,3.503,3.503,3.503,0.0,3.503,0
2021-12-08,3.427,3.427,3.427,3.427,0.0,3.427,0
2021-12-09,3.443,3.443,3.443,3.443,0.0,3.443,0
2021-12-10,3.472,3.472,3.472,3.472,0.0,3.472,0
2021-12-13,3.376,3.376,3.376,3.376,0.0,3.376,0
2021-12-14,3.414,3.414,3.414,3.414,0.0,3.414,0
2021-12-15,3.455,3.455,3.455,3.455,0.0,3.455,0
2021-12-16,3.448,3.448,3.448,3.448,0.0,3.448,0
2021-12-17,3.461,3.461,3.461,3.461,0.0,3.461,0
2021-12-20,3.476,3.476,3.476,3.476,0.0,3.476,0
2021-12-21,3.46,3.46,3.46,3.46,0.0,3.46,0
2021-12-22,3.461,3.461,3.461,3.461,0.0,3.461,0
2021-12-23,3.424,3.424,3.424,3.424,0.0,3.424,0
2021-12-27,3.41,3.41,3.41,3.41,0.0,3.41,0
2021-12-28,3.433,3.433,3.433,3.433,0.0,3.433,0
2021-12-29,3.445,3.445,3.445,3.445,0.0,3.445,0
2021-12-30,3.433,3.433,3.433,3.433,0.0,3.433,0
2021-12-31,3.494,3.494,3.494,3.494,0.0,3.494,0
2022-01-03,3.476,3.476,3.476,3.476,0.0,3.476,0
2022-01-04,3.475,3.475,3.475,3.475,0.0,3.475,0
2022-01-05,3.469,3.469,3.469,3.469,0.0,3.469,0
2022-01-06,3.483,3.483,3.483,3.483,0.0,3.483,0
2022-01-07,3.516,3.516,3.516,3.516,0.0,3.516,0
2022-01-10,3.521,3.521,3.521,3.521,0.0,3.521,0
2022-01-11,3.51,3.51,3.51,3.51,0.0,3.51,0
2022-01-12,3.485,3.485,3.485,3.485,0.0,3.485,0
2022-01-13,3.488,3.488,3.488,3.488,0.0,3.488,0
2022-01-14,3.464,3.464,3.464,3.464,0.0,3.464,0
2022-01-18,3.483,3.483,3.483,3.483,0.0,3.483,0
2022-01-19,3.53,3.53,3.53,3.53,0.0,3.53,0
2022-01-20,3.533,3.533,3.533,3.533,0.0,3.533,0
2022-01-21,3.521,3.521,3.521,3.521,0.0,3.521,0
2022-01-24,3.51,3.51,3.51,3.51,0.0,3.51,0
2022-01-25,3.53,3.53,3.53,3.53,0.0,3.53,0
2022-01-26,3.531,3.531,3.531,3.531,0.0,3.531,0
2022-01-27,3.516,3.516,3.516,3.516,0.0,3.516,0
2022-01-28,3.509,3.509,3.509,3.509,0.0,3.509,0
2022-01-31,3.508,3.508,3.508,3.508,0.0,3.508,0
2022-02-01,3.493,3.493,3.493,3.493,0.0,3.493,0
2022-02-02,3.512,3.512,3.512,3.512,0.0,3.512,0
2022-02-03,3.503,3.503,3.503,3.503,0.0,3.503,0
2022-02-04,3.533,3.533,3.533,3.533,0.0,3.533,0
2022-02-07,3.549,3.549,3.549,3.549,0.0,3.549,0
2022-02-08,3.541,3.541,3.541,3.541,0.0,3.541,0
2022-02-09,3.536,3.536,3.536,3.536,0.0,3.536,0
2022-02-10,3.543,3.543,3.543,3.543,0.0,3.543,0
2022-02-11,3.583,3.583,3.583,3.583,0.0,3.583,0
2022-02-14,3.624,3.624,3.624,3.624,0.0,3.624,0
2022-02-15,3.612,3.612,3.612,3.612,0.0,3.612,0
2022-02-16,3.641,3.641,3.641,3.641,0.0,3.641,0
2022-02-17,3.634,3.634,3.634,3.634,0.0,3.634,0
2022-02-18,3.634,3.634,3.634,3.634,0.0,3.634,0
2022-02-22,3.679,3.679,3.679,3.679,0.0,3.679,0
2022-02-23,3.765,3.765,3.765,3.765,0.0,3.765,0
2022-02-24,3.808,3.808,3.808,3.808,0.0,3.808,0
2022-02-25,3.725,3.725,3.725,3.725,0.0,3.725,0
2022-02-28,3.802,3.802,3.802,3.802,0.0,3.802,0
2022-03-01,3.873,3.873,3.873,3.873,0.0,3.873,0
2022-03-02,3.94,3.94,3.94,3.94,0.0,3.94,0
2022-03-03,3.883,3.883,3.883,3.883,0.0,3.883,0
2022-03-04,3.936,3.936,3.936,3.936,0.0,3.936,0
2022-03-07,4.009,4.009,4.009,4.009,0.0,4.009,0
2022-03-08,4.066,4.066,4.066,4.066,0.0,4.066,0
2022-03-09,4.045,4.045,4.045,4.045,0.0,4.045,0
2022-03-10,3.961,3.961,3.961,3.961,0.0,3.961,0
2022-03-11,3.942,3.942,3.942,3.942,0.0,3.942,0
2022-03-14,3.985,3.985,3.985,3.985,0.0,3.985,0
2022-03-15,3.967,3.967,3.967,3.967,0.0,3.967,0
2022-03-16,3.978,3.978,3.978,3.978,0.0,3.978,0
2022-03-17,3.995,3.995,3.995,3.995,0.0,3.995,0
2022-03-18,3.947,3.947,3.947,3.947,0.0,3.947,0
2022-03-21,3.933,3.933,3.933,3.933,0.0,3.933,0
2022-03-22,3.944,3.944,3.944,3.944,0.0,3.944,0
2022-03-23,3.955,3.955,3.955,3.955,0.0,3.955,0
2022-03-24,3.981,3.981,3.981,3.981,0.0,3.981,0
2022-03-25,4.027,4.027,4.027,4.027,0.0,4.027,0
2022-03-28,4.119,4.119,4.119,4.119,0.0,4.119,0
2022-03-29,4.133,4.133,4.133,4.133,0.0,4.133,0
2022-03-30,4.246,4.246,4.246,4.246,0.0,4.246,0
2022-03-31,4.339,4.339,4.339,4.339,0.0,4.339,0
2022-04-01,4.396,4.396,4.396,4.396,0.0,4.396,0
2022-04-04,4.463,4.463,4.463,4.463,0.0,4.463,0
2022-04-05,4.492,4.492,4.492,4.492,0.0,4.492,0
2022-04-06,4.544,4.544,4.544,4.544,0.0,4.544,0
2022-04-07,4.571,4.571,4.571,4.571,0.0,4.571,0
2022-04-08,4.544,4.544,4.544,4.544,0.0,4.544,0
2022-04-11,4.593,4.593,4.593,4.593,0.0,4.593,0
2022-04-12,4.615,4.615,4.615,4.615,0.0,4.615,0
2022-04-13,4.653,4.653,4.653,4.653,0.0,4.653,0
2022-04-14,4.655,4.655,4.655,4.655,0.0,4.655,0
2022-04-18,4.67,4.67,4.67,4.67,0.0,4.67,0
2022-04-19,4.648,4.648,4.648,4.648,0.0,4.648,0
2022-04-20,4.639,4.639,4.639,4.639,0.0,4.639,0
2022-04-21,4.562,4.562,4.562,4.562,0.0,4.562,0
2022-04-22,4.389,4.389,4.389,4.389,0.0,4.389,0
2022-04-25,4.404,4.404,4.404,4.404,0.0,4.404,0
2022-04-26,4.469,4.469,4.469,4.469,0.0,4.469,0
2022-04-27,4.528,4.528,4.528,4.528,0.0,4.528,0
2022-04-28,4.539,4.539,4.539,4.539,0.0,4.539,0
2022-04-29,4.532,4.532,4.532,4.532,0.0,4.532,0
2022-05-02,4.598,4.598,4.598,4.598,0.0,4.598,0
2022-05-03,4.653,4.653,4.653,4.653,0.0,4.653,0
2022-05-04,4.703,4.703,4.703,4.703,0.0,4.703,0
2022-05-05,4.736,4.736,4.736,4.736,0.0,4.736,0
2022-05-06,4.702,4.702,4.702,4.702,0.0,4.702,0
2022-05-09,4.625,4.625,4.625,4.625,0.0,4.625,0
2022-05-10,4.673,4.673,4.673,4.673,0.0,4.673,0
2022-05-11,4.732,4.732,4.732,4.732,0.0,4.732,0
2022-05-12,4.742,4.742,4.742,4.742,0.0,4.742,0
2022-05-13,4.816,4.816,4.816,4.816,0.0,4.816,0
2022-05-16,4.846,4.846,4.846,4.846,0.0,4.846,0
2022-05-17,4.833,4.833,4.833,4.833,0.0,4.833,0
2022-05-18,4.879,4.879,4.879,4.879,0.0,4.879,0
2022-05-19,4.818,4.818,4.818,4.818,0.0,4.818,0
2022-05-20,4.827,4.827,4.827,4.827,0.0,4.827,0
2022-05-23,4.868,4.868,4.868,4.868,0.0,4.868,0
2022-05-24,4.847,4.847,4.847,4.847,0.0,4.847,0
2022-05-25,4.878,4.878,4.878,4.878,0.0,4.878,0
2022-05-26,4.907,4.907,4.907,4.907,0.0,4.907,0
2022-05-27,4.931,4.931,4.931,4.931,0.0,4.931,0
2022-05-31,4.862,4.862,4.862,4.862,0.0,4.862,0
2022-06-01,5.026,5.026,5.026,5.026,0.0,5.026,0
2022-06-02,5.011,5.011,5.011,5.011,0.0,5.011,0
2022-06-03,5.058,5.058,5.058,5.058,0.0,5.058,0
2022-06-06,5.157,5.157,5.157,5.157,0.0,5.157,0
2022-06-07,5.182,5.182,5.182,5.182,0.0,5.182,0
2022-06-08,5.237,5.237,5.237,5.237,0.0,5.237,0
2022-06-09,5.323,5.323,5.323,5.323,0.0,5.323,0
2022-06-10,5.364,5.364,5.364,5.364,0.0,5.364,0
2022-06-13,5.307,5.307,5.307,5.307,0.0,5.307,0
2022-06-14,5.229,5.229,5.229,5.229,0.0,5.229,0
2022-06-15,5.29,5.29,5.29,5.29,0.0,5.29,0
2022-06-16,5.304,5.304,5.304,5.304,0.0,5.304,0
2022-06-17,5.185,5.185,5.185,5.185,0.0,5.185,0
2022-06-21,5.172,5.172,5.172,5.172,0.0,5.172,0
2022-06-22,5.227,5.227,5.227,5.227,0.0,5.227,0
2022-06-23,5.221,5.221,5.221,5.221,0.0,5.221,0
2022-06-24,4.997,4.997,4.997,4.997,0.0,4.997,0
2022-06-27,5.039,5.039,5.039,5.039,0.0,5.039,0
2022-06-28,5.009,5.009,5.009,5.009,0.0,5.009,0
2022-06-29,4.959,4.959,4.959,4.959,0.0,4.959,0
2022-06-30,4.704,4.704,4.704,4.704,0.0,4.704,0
2022-07-01,4.792,4.792,4.792,4.792,0.0,4.792,0
2022-07-04,4.792,4.792,4.792,4.792,0.0,4.792,0
2022-07-05,4.642,4.642,4.642,4.642,0.0,4.642,0
2022-07-06,4.734,4.734,4.734,4.734,0.0,4.734,0
2022-07-07,4.826,4.826,4.826,4.826,0.0,4.826,0
2022-07-08,4.825,4.825,4.825,4.825,0.0,4.825,0
2022-07-11,4.859,4.859,4.859,4.859,0.0,4.859,0
2022-07-12,4.761,4.761,4.761,4.761,0.0,4.761,0
2022-07-13,4.823,4.823,4.823,4.823,0.0,4.823,0
2022-07-14,4.745,4.745,4.745,4.745,0.0,4.745,0
2022-07-15,4.819,4.819,4.819,4.819,0.0,4.819,0
2022-07-18,4.764,4.764,4.764,4.764,0.0,4.764,0
2022-07-19,4.791,4.791,4.791,4.791,0.0,4.791,0
2022-07-20,4.934,4.934,4.934,4.934,0.0,4.934,0
2022-07-21,4.839,4.839,4.839,4.839,0.0,4.839,0
2022-07-22,4.843,4.843,4.843,4.843,0.0,4.843,0
2022-07-25,4.899,4.899,4.899,4.899,0.0,4.899,0
2022-07-26,4.926,4.926,4.926,4.926,0.0,4.926,0
2022-07-27,4.924,4.924,4.924,4.924,0.0,4.924,0
2022-07-28,4.9,4.9,4.9,4.9,0.0,4.9,0
2022-07-29,4.925,4.925,4.925,4.925,0.0,4.925,0
2022-08-01,4.908,4.908,4.908,4.908,0.0,4.908,0
2022-08-02,4.91,4.91,4.91,4.91,0.0,4.91,0
2022-08-03,4.942,4.942,4.942,4.942,0.0,4.942,0
2022-08-04,4.923,4.923,4.923,4.923,0.0,4.923,0
2022-08-05,4.924,4.924,4.924,4.924,0.0,4.924,0
2022-08-08,4.886,4.886,4.886,4.886,0.0,4.886,0
2022-08-09,4.923,4.923,4.923,4.923,0.0,4.923,0
2022-08-10,4.953,4.953,4.953,4.953,0.0,4.953,0
2022-08-11,5.049,5.049,5.049,5.049,0.0,5.049,0
2022-08-12,5.037,5.037,5.037,5.037,0.0,5.037,0
2022-08-15,5.13,5.13,5.13,5.13,0.0,5.13,0
2022-08-16,5.169,5.169,5.169,5.169,0.0,5.169,0
2022-08-17,5.152,5.152,5.152,5.152,0.0,5.152,0
2022-08-18,5.158,5.158,5.158,5.158,0.0,5.158,0
2022-08-19,5.174,5.174,5.174,5.174,0.0,5.174,0
2022-08-22,5.233,5.233,5.233,5.233,0.0,5.233,0
2022-08-23,5.24,5.24,5.24,5.24,0.0,5.24,0
2022-08-24,5.27,5.27,5.27,5.27,0.0,5.27,0
2022-08-25,5.332,5.332,5.332,5.332,0.0,5.332,0
2022-08-26,5.374,5.374,5.374,5.374,0.0,5.374,0
2022-08-29,5.423,5.423,5.423,5.423,0.0,5.423,0
2022-08-30,5.43,5.43,5.43,5.43,0.0,5.43,0
2022-08-31,5.47,5.47,5.47,5.47,0.0,5.47,0
2022-09-01,5.538,5.538,5.538,5.538,0.0,5.538,0
2022-09-02,5.629,5.629,5.629,5.629,0.0,5.629,0
2022-09-05,5.629,5.629,5.629,5.629,0.0,5.629,0
2022-09-06,5.622,5.622,5.622,5.622,0.0,5.622,0
2022-09-07,5.58,5.58,5.58,5.58,0.0,5.58,0
2022-09-08,5.533,5.533,5.533,5.533,0.0,5.533,0
2022-09-09,5.584,5.584,5.584,5.584,0.0,5.584,0
2022-09-12,5.529,5.529,5.529,5.529,0.0,5.529,0
2022-09-13,5.558,5.558,5.558,5.558,0.0,5.558,0
2022-09-14,5.58,5.617,5.58,5.617,4.0,5.58,1
2022-09-15,5.571,5.571,5.571,5.571,0.0,5.571,0
2022-09-16,5.466,5.466,5.466,5.466,0.0,5.466,0
2022-09-19,5.422,5.422,5.422,5.422,0.0,5.422,0
2022-09-20,5.399,5.399,5.399,5.399,0.0,5.399,0
2022-09-21,5.243,5.243,5.243,5.243,0.0,5.243,0
2022-09-22,5.091,5.091,5.091,5.091,0.0,5.091,0
2022-09-23,5.097,5.097,5.097,5.097,0.0,5.097,0
2022-09-26,5.026,5.026,5.026,5.026,0.0,5.026,0
2022-09-27,4.963,4.963,4.963,4.963,0.0,4.963,0
2022-09-28,4.899,4.899,4.899,4.899,0.0,4.899,0
2022-09-29,4.884,4.884,4.884,4.884,0.0,4.884,0
2022-09-30,4.89,4.89,4.89,4.89,0.0,4.89,0
2022-10-03,4.83,4.83,4.83,4.83,0.0,4.83,0
2022-10-04,4.88,4.88,4.88,4.88,0.0,4.88,0
2022-10-05,4.877,4.877,4.877,4.877,0.0,4.877,0
2022-10-06,4.904,4.904,4.904,4.904,0.0,4.904,0
2022-10-07,4.904,4.904,4.904,4.904,0.0,4.904,0
2022-10-10,4.926,4.926,4.926,4.926,0.0,4.926,0
2022-10-11,4.964,4.964,4.964,4.964,0.0,4.964,0
2022-10-12,4.943,4.943,4.943,4.943,0.0,4.943,0
2022-10-13,4.936,4.936,4.936,4.936,0.0,4.936,0
2022-10-14,4.959,4.959,4.959,4.959,0.0,4.959,0
2022-10-17,4.932,4.932,4.932,4.932,0.0,4.932,0
2022-10-18,4.897,4.897,4.897,4.897,0.0,4.897,0
2022-10-19,4.872,4.872,4.872,4.872,0.0,4.872,0
2022-10-20,4.981,4.981,4.981,4.981,0.0,4.981,0
2022-10-21,4.961,4.961,4.961,4.961,0.0,4.961,0
2022-10-24,5.002,5.002,5.002,5.002,0.0,5.002,0
2022-10-25,5.007,5.007,5.007,5.007,0.0,5.007,0
2022-10-26,5.024,5.024,5.024,5.024,0.0,5.024,0
2022-10-27,5.017,5.017,5.017,5.017,0.0,5.017,0
2022-10-28,5.028,5.028,5.028,5.028,0.0,5.028,0
2022-10-31,5.022,5.022,5.022,5.022,0.0,5.022,0
2022-11-01,4.987,4.987,4.987,4.987,0.0,4.987,0
2022-11-02,5.051,5.051,5.051,5.051,0.0,5.051,0
2022-11-03,5.116,5.116,5.116,5.116,0.0,5.116,0
2022-11-04,5.22,5.22,5.22,5.22,0.0,5.22,0
2022-11-07,5.244,5.244,5.244,5.244,0.0,5.244,0
2022-11-08,5.204,5.204,5.204,5.204,0.0,5.204,0
2022-11-09,5.218,5.218,5.218,5.218,0.0,5.218,0
2022-11-10,5.218,5.218,5.218,5.218,0.0,5.218,0
2022-11-11,5.191,5.191,5.191,5.191,0.0,5.191,0
2022-11-14,5.16,5.16,5.16,5.16,0.0,5.16,0
2022-11-15,5.216,5.216,5.216,5.216,0.0,5.216,0
2022-11-16,5.231,5.231,5.231,5.231,0.0,5.231,0
2022-11-17,5.257,5.257,5.257,5.257,0.0,5.257,0
2022-11-18,5.263,5.263,5.263,5.263,0.0,5.263,0
2022-11-21,5.218,5.218,5.218,5.218,0.0,5.218,0
2022-11-22,5.202,5.202,5.202,5.202,0.0,5.202,0
2022-11-23,5.211,5.211,5.211,5.211,0.0,5.211,0
2022-11-24,5.211,5.211,5.211,5.211,0.0,5.211,0
2022-11-25,5.205,5.205,5.205,5.205,0.0,5.205,0
2022-11-28,5.258,5.258,5.258,5.258,0.0,5.258,0
2022-11-29,5.29,5.29,5.29,5.29,0.0,5.29,0
2022-11-30,5.256,5.256,5.256,5.256,0.0,5.256,0
2022-12-01,5.236,5.236,5.236,5.236,0.0,5.236,0
2022-12-02,5.232,5.232,5.232,5.232,0.0,5.232,0
2022-12-05,5.24,5.24,5.24,5.24,0.0,5.24,0
2022-12-06,5.253,5.253,5.253,5.253,0.0,5.253,0
2022-12-07,5.258,5.258,5.258,5.258,0.0,5.258,0
2022-12-08,5.302,5.302,5.302,5.302,0.0,5.302,0
2022-12-09,5.306,5.306,5.306,5.306,0.0,5.306,0
2022-12-12,5.37,5.37,5.37,5.37,0.0,5.37,0
2022-12-13,5.358,5.358,5.358,5.358,0.0,5.358,0
2022-12-14,5.356,5.356,5.356,5.356,0.0,5.356,0
2022-12-15,5.397,5.397,5.397,5.397,0.0,5.397,0
2022-12-16,5.488,5.488,5.488,5.488,0.0,5.488,0
2022-12-19,5.512,5.512,5.512,5.512,0.0,5.512,0
2022-12-20,5.507,5.507,5.507,5.507,0.0,5.507,0
2022-12-21,5.419,5.419,5.419,5.419,0.0,5.419,0
2022-12-22,5.336,5.336,5.336,5.336,0.0,5.336,0
2022-12-23,5.334,5.334,5.334,5.334,0.0,5.334,0
2022-12-27,5.42,5.42,5.42,5.42,0.0,5.42,0
2022-12-28,5.342,5.342,5.342,5.342,0.0,5.342,0
2022-12-29,5.333,5.333,5.333,5.333,0.0,5.333,0
2022-12-30,5.342,5.342,5.342,5.342,0.0,5.342,0
2023-01-03,5.288,5.288,5.288,5.288,0.0,5.288,0
2023-01-04,5.291,5.291,5.291,5.291,0.0,5.291,0
2023-01-05,5.198,5.198,5.198,5.198,0.0,5.198,0
2023-01-06,5.142,5.142,5.142,5.142,0.0,5.142,0
2023-01-09,5.15,5.15,5.15,5.15,0.0,5.15,0
2023-01-10,5.174,5.174,5.174,5.174,0.0,5.174,0
2023-01-11,5.13,5.14,5.13,5.14,150.0,5.13,2
2023-01-12,5.139,5.139,5.139,5.139,0.0,5.139,0
2023-01-13,5.148,5.148,5.148,5.148,0.0,5.148,0
2023-01-16,5.148,5.148,5.148,5.148,0.0,5.148,0
2023-01-17,5.164,5.164,5.164,5.164,0.0,5.164,0
2023-01-18,5.187,5.187,5.187,5.187,0.0,5.187,0
2023-01-19,5.227,5.227,5.227,5.227,0.0,5.227,0
2023-01-20,5.241,5.241,5.241,5.241,0.0,5.241,0
2023-01-23,5.243,5.243,5.243,5.243,0.0,5.243,0
2023-01-24,5.212,5.212,5.212,5.212,0.0,5.212,0
2023-01-25,5.155,5.155,5.155,5.155,0.0,5.155,0
2023-01-26,5.162,5.162,5.162,5.162,0.0,5.162,0
2023-01-27,5.2,5.2,5.153,5.153,4.0,5.2,1
2023-01-30,5.074,5.074,5.074,5.074,0.0,5.074,0
2023-01-31,5.085,5.085,5.085,5.085,0.0,5.085,0
2023-02-01,4.945,4.945,4.945,4.945,0.0,4.945,0
2023-02-02,4.925,4.925,4.925,4.925,0.0,4.925,0
2023-02-03,4.828,4.828,4.828,4.828,0.0,4.828,0
2023-02-10,4.831,4.831,4.831,4.831,0.0,4.831,0
2023-02-13,4.774,4.774,4.774,4.774,0.0,4.774,0
2023-02-14,4.775,4.775,4.775,4.775,0.0,4.775,0
2023-02-15,4.77,4.77,4.77,4.77,0.0,4.77,0
2023-02-16,4.77,4.77,4.77,4.77,0.0,4.77,0
2023-02-17,4.756,4.756,4.756,4.756,0.0,4.756,0
2023-02-20,4.756,4.756,4.756,4.756,0.0,4.756,0
2023-02-21,4.756,4.756,4.756,4.756,0.0,4.756,0
2023-02-22,4.767,4.767,4.767,4.767,0.0,4.767,0
2023-02-23,4.801,4.801,4.801,4.801,0.0,4.801,0
2023-02-24,4.86,4.86,4.86,4.86,0.0,4.86,0
2023-02-27,4.902,4.902,4.902,4.902,0.0,4.902,0
2023-02-28,4.95,4.95,4.95,4.95,0.0,4.95,0
2023-03-01,5.031,5.031,5.031,5.031,0.0,5.031,0
2023-03-02,5.039,5.039,5.039,5.039,0.0,5.039,0
2023-03-03,5.079,5.079,5.079,5.079,0.0,5.079,0
2023-03-06,5.113,5.113,5.113,5.113,0.0,5.113,0
2023-03-07,5.146,5.146,5.146,5.146,0.0,5.146,0
2023-03-08,5.044,5.044,5.044,5.044,0.0,5.044,0
2023-03-09,4.99,4.99,4.888,4.888,31.0,4.99,3
2023-03-10,5.006,5.006,5.006,5.006,0.0,5.006,0
2023-03-13,5.017,5.017,5.017,5.017,0.0,5.017,0
2023-03-14,5.088,5.088,5.088,5.088,0.0,5.088,0
2023-03-15,5.043,5.043,5.043,5.043,0.0,5.043,0
2023-03-16,5.085,5.085,5.085,5.085,0.0,5.085,0
2023-03-17,5.078,5.078,5.078,5.078,0.0,5.078,0
2023-03-20,5.037,5.037,5.037,5.037,0.0,5.037,0
2023-03-21,5.086,5.086,5.086,5.086,0.0,5.086,0
2023-03-22,5.04,5.04,5.04,5.04,0.0,5.04,0
2023-03-23,5.075,5.075,5.075,5.075,0.0,5.075,0
2023-03-24,5.038,5.038,5.038,5.038,0.0,5.038,0
2023-03-27,5.038,5.038,5.017,5.017,3.0,5.038,1
2023-03-28,4.975,4.975,4.975,4.975,0.0,4.975,0
2023-03-29,4.972,4.972,4.972,4.972,0.0,4.972,0
2023-03-30,4.98,4.98,4.98,4.98,0.0,4.98,0
2023-03-31,4.973,4.973,4.973,4.973,0.0,4.973,0
2023-04-03,4.981,4.981,4.981,4.981,0.0,4.981,0
2023-04-04,4.993,4.993,4.993,4.993,0.0,4.993,0
2023-04-05,4.966,4.966,4.966,4.966,0.0,4.966,0
2023-04-06,4.922,4.922,4.922,4.922,0.0,4.922,0
2023-04-10,4.984,4.984,4.984,4.984,0.0,4.984,0
2023-04-11,4.994,4.994,4.994,4.994,0.0,4.994,0
2023-04-12,4.92,4.92,4.92,4.92,0.0,4.92,0
2023-04-13,4.888,4.888,4.888,4.888,0.0,4.888,0
2023-04-14,4.908,4.908,4.908,4.908,0.0,4.908,0
2023-04-17,4.974,4.974,4.974,4.974,0.0,4.974,0
2023-04-18,4.972,4.972,4.972,4.972,0.0,4.972,0
2023-04-19,4.974,4.994,4.974,4.994,4.0,4.974,1
2023-04-20,5.026,5.026,5.026,5.026,0.0,5.026,0
2023-04-21,5.033,5.033,5.033,5.033,0.0,5.033,0
2023-04-24,5.044,5.044,5.044,5.044,0.0,5.044,0
2023-04-25,5.042,5.042,5.042,5.042,0.0,5.042,0
2023-04-26,5.035,5.035,5.035,5.035,0.0,5.035,0
2023-04-27,5.039,5.039,5.039,5.039,0.0,5.039,0
2023-04-28,5.058,5.058,5.058,5.058,0.0,5.058,0
2023-05-01,5.015,5.015,5.015,5.015,0.0,5.015,0
2023-05-02,5.011,5.011,5.011,5.011,0.0,5.011,0
2023-05-03,5.033,5.033,5.033,5.033,0.0,5.033,0
2023-05-04,5.04,5.04,5.04,5.04,0.0,5.04,0
2023-05-05,5.037,5.037,5.037,5.037,0.0,5.037,0
2023-05-08,5.005,5.005,5.005,5.005,0.0,5.005,0
2023-05-09,4.988,4.988,4.988,4.988,0.0,4.988,0
2023-05-10,5.004,5.004,5.004,5.004,0.0,5.004,0
2023-05-11,4.965,4.965,4.955,4.955,1.0,4.965,1
2023-05-12,4.932,4.932,4.932,4.932,0.0,4.932,0
2023-05-15,4.936,4.936,4.936,4.936,0.0,4.936,0
2023-05-16,4.922,4.922,4.922,4.922,0.0,4.922,0
2023-05-17,4.846,4.846,4.846,4.846,0.0,4.846,0
2023-05-18,4.826,4.826,4.826,4.826,0.0,4.826,0
2023-05-19,4.776,4.776,4.776,4.776,0.0,4.776,0
2023-05-22,4.766,4.766,4.766,4.766,0.0,4.766,0
2023-05-23,4.754,4.754,4.754,4.754,0.0,4.754,0
2023-05-24,4.809,4.809,4.809,4.809,0.0,4.809,0
2023-05-25,4.774,4.774,4.774,4.774,0.0,4.774,0
2023-05-26,4.802,4.802,4.802,4.802,0.0,4.802,0
2023-05-29,4.802,4.802,4.802,4.802,0.0,4.802,0
2023-05-30,4.762,4.762,4.762,4.762,0.0,4.762,0
2023-05-31,4.727,4.727,4.727,4.727,0.0,4.727,0
2023-06-01,4.585,4.585,4.585,4.585,0.0,4.585,0
2023-06-02,4.625,4.625,4.625,4.625,0.0,4.625,0
2023-06-05,4.695,4.695,4.695,4.695,0.0,4.695,0
2023-06-06,4.692,4.692,4.692,4.692,0.0,4.692,0
2023-06-07,4.666,4.666,4.666,4.666,0.0,4.666,0
2023-06-08,4.637,4.637,4.637,4.637,0.0,4.637,0
2023-06-09,4.642,4.642,4.642,4.642,0.0,4.642,0
2023-06-12,4.639,4.639,4.639,4.639,0.0,4.639,0
2023-06-13,4.604,4.604,4.604,4.604,0.0,4.604,0
2023-06-14,4.617,4.617,4.617,4.617,0.0,4.617,0
2023-06-15,4.589,4.589,4.589,4.589,0.0,4.589,0
2023-06-16,4.513,4.513,4.513,4.513,0.0,4.513,0
2023-06-19,4.513,4.513,4.513,4.513,0.0,4.513,0
2023-06-20,4.56,4.56,4.56,4.56,0.0,4.56,0
2023-06-21,4.626,4.626,4.626,4.626,0.0,4.626,0
2023-06-22,4.644,4.644,4.644,4.644,0.0,4.644,0
2023-06-23,4.538,4.538,4.538,4.538,0.0,4.538,0
2023-06-26,4.512,4.512,4.512,4.512,0.0,4.512,0
2023-06-27,4.586,4.586,4.586,4.586,0.0,4.586,0
2023-06-28,4.482,4.482,4.482,4.482,0.0,4.482,0
2023-06-29,4.441,4.441,4.441,4.441,0.0,4.441,0
2023-06-30,4.447,4.447,4.447,4.447,0.0,4.447,0
2023-07-03,4.448,4.448,4.448,4.448,0.0,4.448,0
2023-07-04,4.448,4.448,4.448,4.448,0.0,4.448,0
2023-07-05,4.438,4.438,4.438,4.438,0.0,4.438,0
2023-07-06,4.44,4.44,4.44,4.44,0.0,4.44,0
2023-07-07,4.486,4.486,4.486,4.486,0.0,4.486,0
2023-07-10,4.561,4.561,4.561,4.561,0.0,4.561,0
2023-07-11,4.63,4.63,4.63,4.63,0.0,4.63,0
2023-07-12,4.696,4.696,4.696,4.696,0.0,4.696,0
2023-07-13,4.555,4.555,4.555,4.555,0.0,4.555,0
2023-07-14,4.54,4.605,4.54,4.605,2.0,4.54,2
2023-07-17,4.598,4.598,4.598,4.598,0.0,4.598,0
2023-07-18,4.657,4.657,4.657,4.657,0.0,4.657,0
2023-07-19,4.647,4.653,4.647,4.653,2.0,4.647,1
2023-07-20,4.676,4.676,4.676,4.676,0.0,4.676,0
2023-07-21,4.694,4.694,4.694,4.694,0.0,4.694,0
2023-07-24,4.735,4.735,4.735,4.735,0.0,4.735,0
2023-07-25,4.749,4.749,4.749,4.749,0.0,4.749,0
2023-07-26,4.772,4.772,4.772,4.772,0.0,4.772,0
2023-07-27,4.763,4.763,4.763,4.763,0.0,4.763,0
2023-07-28,4.772,4.772,4.772,4.772,0.0,4.772,0
2023-07-31,4.718,4.718,4.718,4.718,0.0,4.718,0
2023-08-01,4.663,4.663,4.663,4.663,0.0,4.663,0
2023-08-02,4.66,4.66,4.66,4.66,0.0,4.66,0
2023-08-03,4.64,4.64,4.64,4.64,0.0,4.64,0
2023-08-04,4.648,4.648,4.648,4.648,0.0,4.648,0
2023-08-07,4.709,4.709,4.709,4.709,0.0,4.709,0
2023-08-08,4.714,4.714,4.714,4.714,0.0,4.714,0
2023-08-09,4.676,4.676,4.676,4.676,0.0,4.676,0
2023-08-10,4.661,4.661,4.661,4.661,0.0,4.661,0
2023-08-11,4.689,4.689,4.689,4.689,0.0,4.689,0
2023-08-14,4.676,4.676,4.676,4.676,0.0,4.676,0
2023-08-15,4.749,4.749,4.749,4.749,0.0,4.749,0
2023-08-16,4.761,4.761,4.761,4.761,0.0,4.761,0
2023-08-17,4.725,4.725,4.725,4.725,0.0,4.725,0
2023-08-18,4.723,4.723,4.723,4.723,0.0,4.723,0
2023-08-21,4.787,4.787,4.787,4.787,0.0,4.787,0
2023-08-22,4.812,4.812,4.812,4.812,0.0,4.812,0
2023-08-23,4.76,4.902,4.76,4.902,28.0,4.8114,5
2023-08-24,4.842,4.842,4.842,4.842,0.0,4.842,0
2023-08-25,4.817,4.817,4.817,4.817,0.0,4.817,0
2023-08-28,4.806,4.806,4.806,4.806,0.0,4.806,0
2023-08-29,4.779,4.779,4.779,4.779,0.0,4.779,0
2023-08-30,4.834,4.834,4.834,4.834,0.0,4.834,0
2023-08-31,4.85,4.85,4.85,4.85,0.0,4.85,0
2023-09-01,4.823,4.823,4.823,4.823,0.0,4.823,0
2023-09-04,4.823,4.823,4.823,4.823,0.0,4.823,0
2023-09-05,4.774,4.774,4.774,4.774,0.0,4.774,0
2023-09-06,4.786,4.786,4.786,4.786,0.0,4.786,0
2023-09-07,4.769,4.769,4.769,4.769,0.0,4.769,0
2023-09-08,4.775,4.775,4.775,4.775,0.0,4.775,0
2023-09-11,4.687,4.687,4.687,4.687,0.0,4.687,0
2023-09-12,4.723,4.723,4.723,4.723,0.0,4.723,0
2023-09-13,4.784,4.784,4.784,4.784,0.0,4.784,0
2023-09-14,4.738,4.738,4.738,4.738,0.0,4.738,0
2023-09-15,4.712,4.712,4.712,4.712,0.0,4.712,0
2023-09-18,4.754,4.754,4.754,4.754,0.0,4.754,0
2023-09-19,4.709,4.709,4.709,4.709,0.0,4.709,0
2023-09-20,4.734,4.734,4.734,4.734,0.0,4.734,0
2023-09-21,4.806,4.806,4.806,4.806,0.0,4.806,0
2023-09-22,4.802,4.802,4.802,4.802,0.0,4.802,0
2023-09-25,4.825,4.825,4.825,4.825,0.0,4.825,0
2023-09-26,4.814,4.814,4.814,4.814,0.0,4.814,0
2023-09-27,4.767,4.767,4.767,4.767,0.0,4.767,0
2023-09-28,4.774,4.774,4.774,4.774,0.0,4.774,0
2023-09-29,4.773,4.773,4.773,4.773,0.0,4.773,0
2023-10-02,4.79,4.79,4.79,4.79,0.0,4.79,0
2023-10-03,4.87,4.87,4.87,4.87,0.0,4.87,0
2023-10-04,4.792,4.792,4.792,4.792,0.0,4.792,0
2023-10-05,4.748,4.748,4.748,4.748,0.0,4.748,0
2023-10-06,4.752,4.752,4.752,4.752,0.0,4.752,0
2023-10-09,4.738,4.738,4.738,4.738,0.0,4.738,0
2023-10-10,4.731,4.731,4.731,4.731,0.0,4.731,0
2023-10-11,4.725,4.725,4.725,4.725,0.0,4.725,0
2023-10-12,4.743,4.743,4.743,4.743,0.0,4.743,0
2023-10-13,4.752,4.752,4.752,4.752,0.0,4.752,0
2023-10-16,4.732,4.732,4.732,4.732,0.0,4.732,0
2023-10-17,4.715,4.715,4.715,4.715,0.0,4.715,0
2023-10-18,4.726,4.726,4.726,4.726,0.0,4.726,0
2023-10-19,4.803,4.803,4.803,4.803,0.0,4.803,0
2023-10-20,4.809,4.809,4.809,4.809,0.0,4.809,0
2023-10-23,4.813,4.813,4.813,4.813,0.0,4.813,0
2023-10-24,4.798,4.798,4.798,4.798,0.0,4.798,0
2023-10-25,4.806,4.806,4.806,4.806,0.0,4.806,0
2023-10-26,4.791,4.791,4.791,4.791,0.0,4.791,0
2023-10-27,4.764,4.764,4.764,4.764,0.0,4.764,0
2023-10-30,4.72,4.72,4.72,4.72,0.0,4.72,0
2023-10-31,4.738,4.738,4.738,4.738,0.0,4.738,0
2023-11-01,4.836,4.836,4.836,4.836,0.0,4.836,0
2023-11-02,4.927,4.927,4.927,4.927,0.0,4.927,0
2023-11-03,4.858,4.858,4.858,4.858,0.0,4.858,0
2023-11-06,4.883,4.883,4.883,4.883,0.0,4.883,0
2023-11-07,4.914,4.914,4.914,4.914,0.0,4.914,0
2023-11-08,4.88,4.88,4.831,4.831,1.0,4.88,1
2023-11-09,4.845,4.845,4.845,4.845,0.0,4.845,0
2023-11-10,4.81,4.81,4.81,4.81,0.0,4.81,0
2023-11-13,4.858,4.858,4.858,4.858,0.0,4.858,0
2023-11-14,4.838,4.838,4.838,4.838,0.0,4.838,0
2023-11-15,4.861,4.861,4.861,4.861,0.0,4.861,0
2023-11-16,4.842,4.842,4.842,4.842,0.0,4.842,0
2023-11-17,4.845,4.845,4.845,4.845,0.0,4.845,0
2023-11-20,4.824,4.824,4.824,4.824,0.0,4.824,0
2023-11-21,4.788,4.788,4.788,4.788,0.0,4.788,0
2023-11-22,4.769,4.769,4.769,4.769,0.0,4.769,0
2023-11-23,4.769,4.769,4.769,4.769,0.0,4.769,0
2023-11-24,4.815,4.815,4.815,4.815,0.0,4.815,0
2023-11-27,4.811,4.811,4.811,4.811,0.0,4.811,0
2023-11-28,4.728,4.728,4.728,4.728,0.0,4.728,0
2023-11-29,4.683,4.683,4.683,4.683,0.0,4.683,0
2023-11-30,4.699,4.699,4.699,4.699,0.0,4.699,0
2023-12-01,4.71,4.715,4.71,4.715,1.0,4.71,1
2023-12-04,4.646,4.646,4.646,4.646,0.0,4.646,0
2023-12-05,4.615,4.615,4.615,4.615,0.0,4.615,0
2023-12-06,4.496,4.496,4.496,4.496,0.0,4.496,0
2023-12-07,4.484,4.484,4.484,4.484,0.0,4.484,0
2023-12-08,4.44,4.44,4.44,4.44,0.0,4.44,0
2023-12-11,4.398,4.398,4.398,4.398,0.0,4.398,0
2023-12-12,4.427,4.427,4.427,4.427,0.0,4.427,0
2023-12-13,4.468,4.468,4.468,4.468,0.0,4.468,0
2023-12-14,4.567,4.567,4.567,4.567,0.0,4.567,0
2023-12-15,4.643,4.643,4.643,4.643,0.0,4.643,0
2023-12-18,4.671,4.671,4.671,4.671,0.0,4.671,0
2023-12-19,4.703,4.703,4.703,4.703,0.0,4.703,0
2023-12-20,4.772,4.772,4.772,4.772,0.0,4.772,0
2023-12-21,4.724,4.724,4.724,4.724,0.0,4.724,0
2023-12-22,4.619,4.619,4.619,4.619,0.0,4.619,0
2023-12-26,4.572,4.572,4.572,4.572,0.0,4.572,0
2023-12-27,4.611,4.611,4.611,4.611,0.0,4.611,0
2023-12-28,4.631,4.631,4.631,4.631,0.0,4.631,0
2023-12-29,4.714,4.714,4.714,4.714,0.0,4.714,0
2024-01-02,4.68,4.68,4.68,4.68,0.0,4.68,0
2024-01-03,4.693,4.693,4.693,4.693,0.0,4.693,0
2024-01-04,4.655,4.655,4.655,4.655,0.0,4.655,0
2024-01-05,4.701,4.701,4.701,4.701,0.0,4.701,0
2024-01-08,4.711,4.711,4.711,4.711,0.0,4.711,0
2024-01-09,4.766,4.766,4.766,4.766,0.0,4.766,0
2024-01-10,4.715,4.715,4.715,4.715,0.0,4.715,0
2024-01-11,4.692,4.692,4.692,4.692,0.0,4.692,0
2024-01-12,4.692,4.716,4.692,4.716,30.0,4.692,1
2024-01-15,4.716,4.716,4.716,4.716,0.0,4.716,0
2024-01-16,4.688,4.688,4.688,4.688,0.0,4.688,0
2024-01-17,4.728,4.728,4.728,4.728,0.0,4.728,0
2024-01-18,4.725,4.725,4.725,4.725,0.0,4.725,0
2024-01-19,4.687,4.687,4.687,4.687,0.0,4.687,0
2024-01-22,4.636,4.636,4.636,4.636,0.0,4.636,0
2024-01-23,4.718,4.718,4.718,4.718,0.0,4.718,0
2024-01-24,4.702,4.702,4.702,4.702,0.0,4.702,0
2024-01-25,4.578,4.578,4.578,4.578,0.0,4.578,0
2024-01-26,4.583,4.584,4.583,4.584,1.0,4.583,1
2024-01-29,4.602,4.602,4.602,4.602,0.0,4.602,0
2024-01-30,4.608,4.608,4.608,4.608,0.0,4.608,0
2024-01-31,4.605,4.614,4.605,4.614,3.0,4.605,3
2024-02-01,4.622,4.631,4.622,4.631,1.0,4.622,1
2024-02-02,4.644,4.644,4.644,4.644,0.0,4.644,0
2024-02-05,4.656,4.656,4.656,4.656,0.0,4.656,0
2024-02-06,4.645,4.645,4.645,4.645,0.0,4.645,0
2024-02-07,4.627,4.627,4.627,4.627,0.0,4.627,0
2024-02-08,4.623,4.623,4.623,4.623,0.0,4.623,0
2024-02-09,4.623,4.623,4.623,4.623,0.0,4.623,0
2024-02-12,4.604,4.604,4.604,4.604,0.0,4.604,0
2024-02-13,4.658,4.658,4.658,4.658,0.0,4.658,0
2024-02-14,4.63,4.63,4.63,4.63,0.0,4.63,0
2024-02-15,4.625,4.625,4.625,4.625,0.0,4.625,0
2024-02-16,4.586,4.586,4.586,4.586,0.0,4.586,0
2024-02-19,4.586,4.586,4.586,4.586,0.0,4.586,0
2024-02-20,4.576,4.576,4.576,4.576,0.0,4.576,0
2024-02-21,4.612,4.612,4.612,4.612,0.0,4.612,0
2024-02-22,4.667,4.667,4.667,4.667,0.0,4.667,0
2024-02-23,4.619,4.619,4.619,4.619,0.0,4.619,0
2024-02-26,4.625,4.625,4.625,4.625,0.0,4.625,0
2024-02-27,4.629,4.629,4.629,4.629,0.0,4.629,0
2024-02-28,4.654,4.654,4.654,4.654,0.0,4.654,0
2024-02-29,4.657,4.657,4.657,4.657,0.0,4.657,0
2024-03-01,4.644,4.644,4.644,4.644,0.0,4.644,0
2024-03-04,4.644,4.644,4.644,4.644,0.0,4.644,0
2024-03-05,4.64,4.64,4.64,4.64,0.0,4.64,0
2024-03-06,4.66,4.66,4.64,4.645,3.0,4.6483,3
2024-03-07,4.608,4.608,4.608,4.608,0.0,4.608,0
2024-03-08,4.585,4.585,4.585,4.585,0.0,4.585,0
2024-03-11,4.571,4.571,4.571,4.571,0.0,4.571,0
2024-03-12,4.563,4.563,4.563,4.563,0.0,4.563,0
2024-03-13,4.565,4.565,4.565,4.565,0.0,4.565,0
2024-03-14,4.57,4.57,4.57,4.57,0.0,4.57,0
2024-03-15,4.571,4.571,4.571,4.571,0.0,4.571,0
2024-03-18,4.619,4.619,4.619,4.619,0.0,4.619,0
2024-03-19,4.618,4.618,4.618,4.618,0.0,4.618,0
2024-03-20,4.598,4.598,4.598,4.598,0.0,4.598,0
2024-03-21,4.594,4.594,4.594,4.594,0.0,4.594,0
2024-03-22,4.607,4.607,4.607,4.607,0.0,4.607,0
2024-03-25,4.571,4.571,4.571,4.571,0.0,4.571,0
2024-03-26,4.61,4.61,4.61,4.61,0.0,4.61,0
2024-03-27,4.592,4.592,4.592,4.592,0.0,4.592,0
2024-03-28,4.634,4.634,4.634,4.634,0.0,4.634,0
2024-04-01,4.63,4.63,4.63,4.63,0.0,4.63,0
2024-04-02,4.668,4.668,4.668,4.668,0.0,4.668,0
2024-04-03,4.67,4.685,4.67,4.685,51.0,4.6703,2
2024-04-04,4.663,4.663,4.663,4.663,0.0,4.663,0
2024-04-05,4.674,4.674,4.674,4.674,0.0,4.674,0
2024-04-08,4.675,4.675,4.675,4.675,0.0,4.675,0
2024-04-09,4.705,4.705,4.668,4.668,1.0,4.705,1
2024-04-10,4.721,4.721,4.721,4.721,0.0,4.721,0
2024-04-11,4.824,4.824,4.824,4.824,0.0,4.824,0
2024-04-12,4.873,4.873,4.873,4.873,0.0,4.873,0
2024-04-15,4.9,4.9,4.9,4.9,0.0,4.9,0
2024-04-16,4.923,4.923,4.923,4.923,0.0,4.923,0
2024-04-17,4.923,4.923,4.877,4.877,1.0,4.923,1
2024-04-18,4.899,4.899,4.899,4.899,0.0,4.899,0
2024-04-19,4.904,4.904,4.904,4.904,0.0,4.904,0
2024-04-22,4.918,4.918,4.918,4.918,0.0,4.918,0
2024-04-23,4.931,4.931,4.931,4.931,0.0,4.931,0
2024-04-24,4.909,4.909,4.909,4.909,0.0,4.909,0
2024-04-25,4.926,4.926,4.926,4.926,0.0,4.926,0
2024-04-26,4.939,4.939,4.939,4.939,0.0,4.939,0
2024-04-29,4.952,4.952,4.952,4.952,0.0,4.952,0
2024-04-30,4.957,4.957,4.957,4.957,0.0,4.957,0
2024-05-01,4.932,4.932,4.932,4.932,0.0,4.932,0
2024-05-02,4.919,4.919,4.919,4.919,0.0,4.919,0
2024-05-03,4.878,4.878,4.878,4.878,0.0,4.878,0
2024-05-06,4.891,4.891,4.891,4.891,0.0,4.891,0
2024-05-07,4.838,4.838,4.838,4.838,0.0,4.838,0
2024-05-08,4.802,4.802,4.802,4.802,0.0,4.802,0
2024-05-09,4.773,4.773,4.773,4.773,0.0,4.773,0
2024-05-10,4.805,4.805,4.805,4.805,0.0,4.805,0
2024-05-13,4.807,4.807,4.807,4.807,0.0,4.807,0
2024-05-14,4.818,4.818,4.818,4.818,0.0,4.818,0
2024-05-15,4.839,4.839,4.839,4.839,0.0,4.839,0
2024-05-16,4.855,4.868,4.855,4.868,1.0,4.855,1
2024-05-17,4.917,4.917,4.917,4.917,0.0,4.917,0
2024-05-20,4.884,4.884,4.884,4.884,0.0,4.884,0
2024-05-21,4.902,4.902,4.902,4.902,0.0,4.902,0
2024-05-22,4.911,4.911,4.911,4.911,0.0,4.911,0
2024-05-23,4.88,4.88,4.86,4.86,1.0,4.88,1
2024-05-24,4.827,4.827,4.827,4.827,0.0,4.827,0
2024-05-27,4.827,4.827,4.827,4.827,0.0,4.827,0
2024-05-28,4.844,4.844,4.844,4.844,0.0,4.844,0
2024-05-29,4.829,4.829,4.829,4.829,0.0,4.829,0
2024-05-30,4.793,4.793,4.793,4.793,0.0,4.793,0
2024-05-31,4.78,4.78,4.78,4.78,0.0,4.78,0
2024-06-03,4.787,4.787,4.787,4.787,0.0,4.787,0
2024-06-04,4.753,4.753,4.753,4.753,0.0,4.753,0
2024-06-05,4.734,4.734,4.734,4.734,0.0,4.734,0
2024-06-06,4.763,4.763,4.763,4.763,0.0,4.763,0
2024-06-07,4.76,4.76,4.747,4.747,10.0,4.76,5
2024-06-10,4.753,4.753,4.753,4.753,0.0,4.753,0
2024-06-11,4.78,4.79,4.777,4.777,11.0,4.7845,3
2024-06-12,4.755,4.78,4.755,4.78,1.0,4.755,1
2024-06-13,4.743,4.743,4.743,4.743,0.0,4.743,0
2024-06-14,4.741,4.741,4.741,4.741,0.0,4.741,0
2024-06-17,4.726,4.726,4.726,4.726,0.0,4.726,0
2024-06-18,4.755,4.755,4.755,4.755,0.0,4.755,0
2024-06-19,4.755,4.755,4.755,4.755,0.0,4.755,0
2024-06-20,4.733,4.733,4.733,4.733,0.0,4.733,0
2024-06-21,4.701,4.701,4.701,4.701,0.0,4.701,0
2024-06-24,4.707,4.707,4.707,4.707,0.0,4.707,0
2024-06-25,4.696,4.696,4.696,4.696,0.0,4.696,0
2024-06-26,4.711,4.711,4.711,4.711,0.0,4.711,0
2024-06-27,4.669,4.669,4.669,4.669,0.0,4.669,0
2024-06-28,4.671,4.671,4.671,4.671,0.0,4.671,0
2024-07-01,4.64,4.64,4.64,4.64,0.0,4.64,0
2024-07-02,4.641,4.641,4.641,4.641,0.0,4.641,0
2024-07-03,4.64,4.64,4.64,4.64,0.0,4.64,0
2024-07-04,4.64,4.64,4.64,4.64,0.0,4.64,0
2024-07-05,4.626,4.626,4.626,4.626,0.0,4.626,0
2024-07-08,4.65,4.65,4.629,4.629,1.0,4.65,1
2024-07-09,4.64,4.64,4.631,4.631,6.0,4.64,2
2024-07-10,4.602,4.602,4.602,4.602,0.0,4.602,0
2024-07-11,4.612,4.612,4.612,4.612,0.0,4.612,0
2024-07-12,4.62,4.62,4.62,4.62,0.0,4.62,0
2024-07-15,4.652,4.652,4.652,4.652,0.0,4.652,0
2024-07-16,4.63,4.63,4.63,4.63,0.0,4.63,0
2024-07-17,4.562,4.562,4.562,4.562,0.0,4.562,0
2024-07-18,4.544,4.544,4.544,4.544,0.0,4.544,0
2024-07-19,4.581,4.581,4.581,4.581,0.0,4.581,0
2024-07-22,4.588,4.588,4.588,4.588,0.0,4.588,0
2024-07-23,4.615,4.615,4.615,4.615,0.0,4.615,0
2024-07-24,4.564,4.564,4.564,4.564,0.0,4.564,0
2024-07-25,4.56,4.56,4.56,4.56,0.0,4.56,0
2024-07-26,4.56,4.578,4.56,4.578,9.0,4.5617,5
2024-07-29,4.549,4.549,4.549,4.549,0.0,4.549,0
2024-07-30,4.509,4.541,4.509,4.541,1.0,4.509,1
2024-07-31,4.513,4.513,4.513,4.513,5.0,4.513,1
2024-08-01,4.51,4.51,4.47,4.47,30.0,4.51,4
2024-08-02,4.505,4.505,4.505,4.505,0.0,4.505,0
2024-08-05,4.417,4.417,4.417,4.417,0.0,4.417,0
2024-08-06,4.412,4.412,4.412,4.412,0.0,4.412,0
2024-08-07,4.414,4.414,4.414,4.414,0.0,4.414,0
2024-08-08,4.447,4.447,4.447,4.447,0.0,4.447,0
2024-08-09,4.465,4.465,4.465,4.465,0.0,4.465,0
2024-08-12,4.431,4.431,4.431,4.431,0.0,4.431,0
2024-08-13,4.418,4.418,4.418,4.418,0.0,4.418,0
2024-08-14,4.401,4.401,4.401,4.401,0.0,4.401,0
2024-08-15,4.385,4.385,4.385,4.385,0.0,4.385,0
2024-08-16,4.385,4.385,4.385,4.385,0.0,4.385,0
2024-08-19,4.407,4.407,4.407,4.407,0.0,4.407,0
2024-08-20,4.426,4.426,4.426,4.426,0.0,4.426,0
2024-08-21,4.441,4.441,4.441,4.441,0.0,4.441,0
2024-08-22,4.44,4.469,4.44,4.469,1.0,4.44,1
2024-08-23,4.496,4.496,4.496,4.496,0.0,4.496,0
2024-08-26,4.532,4.532,4.532,4.532,0.0,4.532,0
2024-08-27,4.51,4.51,4.491,4.491,1.0,4.51,1
2024-08-28,4.48,4.48,4.48,4.48,0.0,4.48,0
2024-08-29,4.472,4.472,4.472,4.472,0.0,4.472,0
2024-08-30,4.464,4.464,4.464,4.464,0.0,4.464,0
2024-09-02,4.464,4.464,4.464,4.464,0.0,4.464,0
2024-09-03,4.42,4.448,4.42,4.448,1.0,4.42,1
2024-09-04,4.442,4.442,4.442,4.442,0.0,4.442,0
2024-09-05,4.409,4.409,4.409,4.409,0.0,4.409,0
2024-09-06,4.352,4.352,4.352,4.352,0.0,4.352,0
2024-09-09,4.374,4.374,4.374,4.374,0.0,4.374,0
2024-09-10,4.328,4.328,4.328,4.328,0.0,4.328,0
2024-09-11,4.318,4.318,4.318,4.318,0.0,4.318,0
2024-09-12,4.323,4.323,4.323,4.323,0.0,4.323,0
2024-09-13,4.328,4.328,4.299,4.299,1.0,4.328,1
2024-09-16,4.31,4.327,4.31,4.327,2.0,4.31,1
2024-09-17,4.333,4.333,4.333,4.333,0.0,4.333,0
2024-09-18,4.344,4.344,4.344,4.344,0.0,4.344,0
2024-09-19,4.356,4.356,4.356,4.356,0.0,4.356,0
2024-09-20,4.366,4.366,4.366,4.366,0.0,4.366,0
2024-09-23,4.35,4.35,4.35,4.35,0.0,4.35,0
2024-09-24,4.385,4.385,4.385,4.385,0.0,4.385,0
2024-09-25,4.411,4.411,4.411,4.411,0.0,4.411,0
2024-09-26,4.449,4.449,4.449,4.449,0.0,4.449,0
2024-09-27,4.455,4.455,4.455,4.455,0.0,4.455,0
2024-09-30,4.439,4.439,4.439,4.439,0.0,4.439,0
2024-10-01,4.421,4.421,4.421,4.421,0.0,4.421,0
2024-10-02,4.421,4.421,4.411,4.411,1.0,4.421,1
2024-10-03,4.44,4.447,4.44,4.447,4.0,4.44,1
2024-10-04,4.45,4.475,4.45,4.475,24.0,4.45,5
2024-10-07,4.502,4.502,4.502,4.502,0.0,4.502,0
2024-10-08,4.462,4.462,4.462,4.462,0.0,4.462,0
2024-10-09,4.44,4.44,4.398,4.398,12.0,4.4212,4
2024-10-10,4.41,4.41,4.402,4.402,2.0,4.41,1
2024-10-11,4.4,4.4,4.387,4.387,1.0,4.4,1
2024-10-14,4.383,4.384,4.383,4.384,1.0,4.383,1
2024-10-15,4.4,4.429,4.4,4.429,1.0,4.4,1
2024-10-16,4.391,4.391,4.391,4.391,0.0,4.391,0
2024-10-17,4.411,4.411,4.396,4.396,1.0,4.411,1
2024-10-18,4.365,4.365,4.365,4.365,0.0,4.365,0
2024-10-21,4.391,4.391,4.391,4.391,0.0,4.391,0
2024-10-22,4.42,4.422,4.42,4.422,6.0,4.42,1
2024-10-23,4.464,4.464,4.464,4.464,0.0,4.464,0
2024-10-24,4.474,4.474,4.474,4.474,0.0,4.474,0
2024-10-25,4.481,4.481,4.481,4.481,0.0,4.481,0
2024-10-28,4.46,4.46,4.46,4.46,0.0,4.46,0
2024-10-29,4.48,4.48,4.48,4.48,0.0,4.48,0
2024-10-30,4.527,4.527,4.527,4.527,0.0,4.527,0
2024-10-31,4.474,4.474,4.474,4.474,0.0,4.474,0
2024-11-01,4.485,4.485,4.485,4.485,0.0,4.485,0
2024-11-04,4.47,4.47,4.47,4.47,0.0,4.47,0
2024-11-05,4.45,4.45,4.45,4.45,0.0,4.45,0
2024-11-06,4.489,4.503,4.489,4.503,1.0,4.489,1
2024-11-07,4.498,4.498,4.498,4.498,0.0,4.498,0
2024-11-08,4.48,4.48,4.444,4.444,1.0,4.48,1
2024-11-11,4.455,4.46,4.455,4.46,50.0,4.455,3
2024-11-12,4.468,4.468,4.468,4.468,0.0,4.468,0
2024-11-13,4.468,4.468,4.45,4.453,4.0,4.4545,2
2024-11-14,4.424,4.424,4.424,4.424,0.0,4.424,0
2024-11-15,4.4,4.422,4.4,4.422,9.0,4.4,4
2024-11-18,4.427,4.427,4.427,4.427,0.0,4.427,0
2024-11-19,4.474,4.474,4.474,4.474,0.0,4.474,0
2024-11-20,4.489,4.489,4.489,4.489,0.0,4.489,0
2024-11-21,4.473,4.473,4.473,4.473,0.0,4.473,0
2024-11-22,4.448,4.448,4.448,4.448,0.0,4.448,0
2024-11-25,4.513,4.513,4.513,4.513,0.0,4.513,0
2024-11-26,4.502,4.502,4.502,4.502,0.0,4.502,0
2024-11-27,4.471,4.471,4.471,4.471,0.0,4.471,0
2024-11-28,4.471,4.471,4.471,4.471,0.0,4.471,0
2024-11-29,4.534,4.534,4.534,4.534,0.0,4.534,0
2024-12-02,4.48,4.481,4.48,4.481,1.0,4.48,1
2024-12-03,4.475,4.475,4.475,4.475,0.0,4.475,0
2024-12-04,4.515,4.515,4.515,4.515,0.0,4.515,0
2024-12-05,4.52,4.52,4.517,4.517,2.0,4.52,1
2024-12-06,4.528,4.528,4.528,4.528,0.0,4.528,0
2024-12-09,4.501,4.501,4.501,4.501,0.0,4.501,0
2024-12-10,4.514,4.514,4.514,4.514,0.0,4.514,0
2024-12-11,4.45,4.505,4.45,4.505,2.0,4.45,1
2024-12-12,4.491,4.491,4.491,4.491,0.0,4.491,0
2024-12-13,4.5,4.5,4.5,4.5,0.0,4.5,0
2024-12-16,4.52,4.52,4.52,4.52,0.0,4.52,0
2024-12-17,4.536,4.536,4.536,4.536,0.0,4.536,0
2024-12-18,4.511,4.511,4.511,4.511,0.0,4.511,0
2024-12-19,4.542,4.542,4.542,4.542,0.0,4.542,0
2024-12-20,4.547,4.547,4.547,4.547,0.0,4.547,0
2024-12-23,4.552,4.552,4.552,4.552,0.0,4.552,0
2024-12-24,4.592,4.592,4.592,4.592,0.0,4.592,0
2024-12-26,4.597,4.597,4.597,4.597,0.0,4.597,0
2024-12-27,4.6,4.6,4.6,4.6,150.0,4.6,3
2024-12-30,4.614,4.614,4.614,4.614,0.0,4.614,0
2024-12-31,4.619,4.619,4.619,4.619,0.0,4.619,0
2025-01-02,4.617,4.617,4.617,4.617,0.0,4.617,0
2025-01-03,4.6,4.6,4.572,4.572,1.0,4.6,1
2025-01-06,4.562,4.562,4.562,4.562,0.0,4.562,0
2025-01-07,4.533,4.533,4.533,4.533,0.0,4.533,0
2025-01-08,4.548,4.548,4.548,4.548,0.0,4.548,0
2025-01-09,4.565,4.565,4.565,4.565,0.0,4.565,0
2025-01-10,4.605,4.605,4.585,4.585,1.0,4.605,1
2025-01-13,4.575,4.575,4.575,4.575,0.0,4.575,0
2025-01-14,4.545,4.551,4.545,4.551,7.0,4.545,1
2025-01-15,4.562,4.562,4.562,4.562,0.0,4.562,0
2025-01-16,4.582,4.582,4.582,4.582,0.0,4.582,0
2025-01-17,4.575,4.575,4.548,4.548,1.0,4.575,1
2025-01-20,4.548,4.548,4.548,4.548,0.0,4.548,0
2025-01-21,4.519,4.519,4.519,4.519,0.0,4.519,0
2025-01-22,4.572,4.572,4.572,4.572,0.0,4.572,0
2025-01-23,4.651,4.651,4.651,4.651,0.0,4.651,0
2025-01-24,4.655,4.655,4.655,4.655,0.0,4.655,0
2025-01-27,4.589,4.589,4.589,4.589,0.0,4.589,0
2025-01-28,4.523,4.523,4.523,4.523,0.0,4.523,0
2025-01-29,4.562,4.562,4.562,4.562,0.0,4.562,0
2025-01-30,4.532,4.532,4.526,4.526,1.0,4.532,1
2025-01-31,4.496,4.496,4.496,4.496,0.0,4.496,0
2025-02-03,4.532,4.532,4.532,4.532,0.0,4.532,0
2025-02-04,4.525,4.525,4.525,4.525,0.0,4.525,0
2025-02-05,4.533,4.533,4.533,4.533,0.0,4.533,0
2025-02-06,4.549,4.549,4.549,4.549,0.0,4.549,0
2025-02-07,4.556,4.556,4.532,4.532,3.0,4.556,1
2025-02-10,4.573,4.573,4.573,4.573,0.0,4.573,0
2025-02-11,4.594,4.594,4.594,4.594,0.0,4.594,0
2025-02-12,4.609,4.609,4.609,4.609,0.0,4.609,0
2025-02-13,4.616,4.616,4.616,4.616,0.0,4.616,0
2025-02-14,4.615,4.615,4.615,4.615,0.0,4.615,0
2025-02-17,4.615,4.615,4.615,4.615,0.0,4.615,0
2025-02-18,4.602,4.602,4.602,4.602,0.0,4.602,0
2025-02-19,4.585,4.601,4.585,4.601,1.0,4.585,1
2025-02-20,4.59,4.59,4.515,4.515,2.0,4.57,2
2025-02-21,4.48,4.525,4.48,4.517,35.0,4.5083,14
2025-02-24,4.469,4.469,4.469,4.469,0.0,4.469,0
2025-02-25,4.485,4.485,4.451,4.451,5.0,4.485,1
2025-02-26,4.36,4.384,4.36,4.384,44.0,4.36,7
2025-02-27,4.49,4.49,4.49,4.49,0.0,4.49,0
2025-02-28,4.535,4.553,4.535,4.553,1.0,4.535,1
2025-03-03,4.578,4.578,4.578,4.578,0.0,4.578,0
2025-03-04,4.576,4.576,4.576,4.576,0.0,4.576,0
2025-03-05,4.565,4.631,4.565,4.631,45.0,4.5687,2
2025-03-06,4.581,4.581,4.581,4.581,0.0,4.581,0
2025-03-07,4.62,4.62,4.62,4.62,0.0,4.62,0
2025-03-10,4.6,4.6,4.569,4.569,1.0,4.6,1
2025-03-11,4.56,4.56,4.56,4.56,0.0,4.56,0
2025-03-12,4.53,4.548,4.53,4.548,122.0,4.53,4
2025-03-13,4.569,4.569,4.569,4.569,0.0,4.569,0
2025-03-14,4.54,4.57,4.54,4.57,1.0,4.54,1
2025-03-17,4.555,4.568,4.555,4.568,1.0,4.555,1
2025-03-18,4.584,4.584,4.584,4.584,0.0,4.584,0
2025-03-19,4.563,4.563,4.563,4.563,0.0,4.563,0
2025-03-20,4.53,4.53,4.515,4.515,1.0,4.53,1
2025-03-21,4.52,4.52,4.52,4.52,0.0,4.52,0
2025-03-24,4.542,4.542,4.542,4.542,0.0,4.542,0
2025-03-25,4.549,4.549,4.549,4.549,0.0,4.549,0
2025-03-26,4.524,4.524,4.524,4.524,0.0,4.524,0
2025-03-27,4.53,4.53,4.53,4.53,0.0,4.53,0
2025-03-28,4.51,4.52,4.51,4.52,3.0,4.51,1
2025-03-31,4.54,4.54,4.52,4.53,2.0,4.53,2
2025-04-01,4.522,4.522,4.522,4.522,0.0,4.522,0
2025-04-02,4.525,4.548,4.525,4.548,30.0,4.525,1
2025-04-03,4.567,4.567,4.567,4.567,0.0,4.567,0
2025-04-04,4.505,4.527,4.505,4.527,2.0,4.5125,2
2025-04-07,4.485,4.485,4.455,4.455,7.0,4.4593,3
2025-04-08,4.465,4.465,4.448,4.448,4.0,4.465,1
2025-04-09,4.4,4.522,4.4,4.522,1.0,4.4,1
2025-04-10,4.51,4.51,4.486,4.486,1.0,4.51,1
2025-04-11,4.475,4.475,4.475,4.475,0.0,4.475,0
2025-04-14,4.515,4.515,4.513,4.513,1.0,4.515,1
2025-04-15,4.5,4.5,4.5,4.5,0.0,4.5,0
2025-04-16,4.51,4.51,4.503,4.503,3.0,4.51,1
2025-04-17,4.53,4.54,4.53,4.54,2.0,4.53,1
2025-04-21,4.515,4.515,4.481,4.481,1.0,4.515,1
2025-04-22,4.504,4.51,4.504,4.508,2.0,4.507,2
2025-04-23,4.54,4.54,4.521,4.521,1.0,4.54,1
2025-04-24,4.525,4.541,4.525,4.541,1.0,4.525,1
2025-04-25,4.516,4.516,4.516,4.516,0.0,4.516,0
2025-04-28,4.526,4.526,4.526,4.526,0.0,4.526,0
2025-04-29,4.539,4.539,4.539,4.539,0.0,4.539,0
2025-04-30,4.55,4.55,4.533,4.533,1.0,4.55,1
2025-05-01,4.534,4.534,4.534,4.534,0.0,4.534,0
2025-05-02,4.565,4.569,4.53,4.569,2.0,4.5475,2
2025-05-05,4.593,4.593,4.593,4.593,0.0,4.593,0
2025-05-06,4.58,4.591,4.58,4.591,1.0,4.58,1
2025-05-07,4.602,4.602,4.602,4.602,0.0,4.602,0
2025-05-08,4.61,4.61,4.61,4.61,0.0,4.61,0
2025-05-09,4.605,4.635,4.605,4.635,3.0,4.605,2
2025-05-12,4.643,4.643,4.643,4.643,0.0,4.643,0
2025-05-13,4.678,4.678,4.678,4.678,0.0,4.678,0
2025-05-14,4.678,4.698,4.678,4.698,4.0,4.678,4
2025-05-15,4.689,4.689,4.689,4.689,0.0,4.689,0
2025-05-16,4.707,4.707,4.707,4.707,0.0,4.707,0
2025-05-19,4.685,4.685,4.616,4.616,2.0,4.685,2
2025-05-20,4.64,4.658,4.64,4.658,1.0,4.64,1
2025-05-21,4.645,4.646,4.645,4.646,1.0,4.645,1
2025-05-22,4.657,4.657,4.657,4.657,0.0,4.657,0
2025-05-23,4.723,4.723,4.723,4.723,0.0,4.723,0
2025-05-27,4.75,4.75,4.719,4.719,1.0,4.75,1
2025-05-28,4.699,4.699,4.699,4.699,0.0,4.699,0
2025-05-29,4.674,4.674,4.674,4.674,0.0,4.674,0
2025-05-30,4.679,4.679,4.679,4.679,0.0,4.679,0
2025-06-02,4.705,4.705,4.705,4.705,0.0,4.705,0
2025-06-03,4.71,4.713,4.71,4.713,1.0,4.71,1
2025-06-04,4.714,4.714,4.714,4.714,0.0,4.714,0
2025-06-05,4.71,4.711,4.71,4.711,5.0,4.71,1
2025-06-06,4.725,4.725,4.725,4.725,0.0,4.725,0
2025-06-09,4.72,4.72,4.715,4.715,1.0,4.72,1
2025-06-10,4.689,4.689,4.689,4.689,0.0,4.689,0
2025-06-11,4.685,4.697,4.685,4.697,2.0,4.685,2
2025-06-12,4.682,4.682,4.682,4.682,0.0,4.682,0
2025-06-13,4.73,4.73,4.73,4.73,0.0,4.73,0
2025-06-16,4.73,4.754,4.73,4.754,2.0,4.73,1
2025-06-17,4.78,4.78,4.78,4.78,0.0,4.78,0
2025-06-18,4.785,4.785,4.785,4.785,0.0,4.785,0
2025-06-20,4.786,4.786,4.786,4.786,0.0,4.786,0
2025-06-23,4.775,4.775,4.751,4.751,2.0,4.775,2
2025-06-24,4.75,4.755,4.75,4.755,2.0,4.75,2
2025-06-25,4.74,4.754,4.74,4.754,5.0,4.74,1
2025-06-26,4.753,4.753,4.753,4.753,0.0,4.753,0
2025-06-27,4.789,4.789,4.772,4.772,7.0,4.7839,5
2025-06-30,4.731,4.731,4.731,4.731,0.0,4.731,0
2025-07-01,4.71,4.736,4.71,4.736,4.0,4.7125,4
2025-07-02,4.778,4.778,4.778,4.778,0.0,4.778,0
2025-07-03,4.756,4.756,4.756,4.756,0.0,4.756,0
2025-07-07,4.788,4.788,4.788,4.788,0.0,4.788,0
2025-07-08,4.755,4.755,4.755,4.755,0.0,4.755,0
2025-07-09,4.755,4.755,4.74,4.752,2.0,4.7475,2
2025-07-10,4.75,4.77,4.75,4.77,1.0,4.75,1
2025-07-11,4.803,4.803,4.803,4.803,0.0,4.803,0
2025-07-14,4.811,4.811,4.811,4.811,0.0,4.811,0
2025-07-15,4.811,4.818,4.811,4.818,2.0,4.811,1
2025-07-16,4.818,4.818,4.818,4.818,0.0,4.818,0
2025-07-17,4.815,4.822,4.815,4.822,2.0,4.815,2
2025-07-18,4.805,4.83,4.805,4.83,5.0,4.805,5
2025-07-21,4.76,4.806,4.76,4.806,1.0,4.76,1
2025-07-22,4.797,4.813,4.78,4.813,64.0,4.7935,15
2025-07-23,4.779,4.784,4.77,4.779,44.0,4.7793,44
2025-07-24,4.763,4.781,4.763,4.781,4.0,4.765,4
2025-07-25,4.773,4.777,4.772,4.772,4.0,4.775,3
2025-07-28,4.745,4.745,4.712,4.712,1.0,4.745,1
2025-07-29,4.726,4.726,4.726,4.726,0.0,4.726,0
2025-07-30,4.7,4.705,4.7,4.702,8.0,4.7019,8
2025-07-31,4.747,4.747,4.724,4.731,4.0,4.7298,4
2025-08-01,4.72,4.731,4.705,4.731,31.0,4.7055,23
2025-08-04,4.716,4.716,4.702,4.714,33.0,4.7039,33
2025-08-05,4.705,4.705,4.705,4.705,0.0,4.705,0
2025-08-06,4.73,4.73,4.723,4.723,1.0,4.73,1
2025-08-07,4.71,4.714,4.7,4.714,31.0,4.7005,26
2025-08-08,4.71,4.71,4.68,4.68,1.0,4.71,1
2025-08-11,4.69,4.693,4.69,4.693,5.0,4.69,1
2025-08-12,4.681,4.691,4.68,4.691,7.0,4.6801,2
2025-08-13,4.69,4.69,4.668,4.676,9.0,4.6834,9
2025-08-14,4.665,4.67,4.665,4.665,22.0,4.6673,3
2025-08-15,4.69,4.69,4.678,4.678,1.0,4.69,1
2025-08-18,4.718,4.718,4.718,4.718,0.0,4.718,0
2025-08-19,4.704,4.704,4.704,4.704,0.0,4.704,0
2025-08-20,4.704,4.707,4.7,4.707,2.0,4.702,2
2025-08-21,4.7,4.734,4.7,4.734,2.0,4.7025,2
2025-08-22,4.731,4.731,4.731,4.731,0.0,4.731,0
2025-08-25,4.7,4.72,4.7,4.717,4.0,4.705,2
2025-08-26,4.715,4.723,4.715,4.72,40.0,4.7174,13
2025-08-27,4.719,4.723,4.715,4.723,3.0,4.717,3
2025-08-28,4.718,4.731,4.715,4.731,2.0,4.7165,2
2025-08-29,4.731,4.754,4.731,4.754,1.0,4.731,1
2025-09-02,4.745,4.753,4.736,4.736,6.0,4.748,6
2025-09-03,4.725,4.742,4.723,4.742,18.0,4.7293,12
2025-09-04,4.742,4.752,4.728,4.728,14.0,4.7449,14
2025-09-05,4.68,4.685,4.678,4.685,6.0,4.6808,6
2025-09-08,4.727,4.728,4.692,4.692,3.0,4.72,3
2025-09-09,4.667,4.683,4.667,4.682,15.0,4.6809,8
2025-09-10,4.672,4.672,4.672,4.672,0.0,4.672,0
2025-09-11,4.69,4.69,4.69,4.69,0.0,4.69,0
2025-09-12,4.7,4.7,4.685,4.685,2.0,4.695,2
2025-09-15,4.709,4.712,4.709,4.712,4.0,4.7105,4
2025-09-16,4.72,4.727,4.716,4.727,4.0,4.7177,4
2025-09-17,4.723,4.725,4.72,4.725,2.0,4.7215,2
2025-09-18,4.725,4.73,4.725,4.727,2.0,4.7275,2
2025-09-19,4.732,4.732,4.732,4.732,0.0,4.732,0
2025-09-22,4.734,4.734,4.734,4.734,0.0,4.734,0
2025-09-23,4.731,4.753,4.731,4.753,3.0,4.731,3
2025-09-24,4.748,4.765,4.748,4.765,10.0,4.7543,2
2025-09-25,4.753,4.753,4.753,4.753,0.0,4.753,0
2025-09-26,4.737,4.737,4.727,4.728,5.0,4.7328,5
2025-09-29,4.75,4.754,4.75,4.754,4.0,4.7518,4
2025-09-30,4.754,4.778,4.754,4.778,30.0,4.7558,30
2025-10-01,4.778,4.8,4.757,4.8,28.0,4.7814,28
2025-10-02,4.807,4.811,4.779,4.783,15.0,4.8048,15
2025-10-03,4.786,4.79,4.774,4.79,15.0,4.7851,12
2025-10-06,4.8,4.8,4.791,4.791,1.0,4.8,1
2025-10-07,4.785,4.798,4.779,4.798,17.0,4.7839,8
2025-10-08,4.795,4.795,4.772,4.785,30.0,4.7808,23
2025-10-09,4.755,4.775,4.755,4.769,5.0,4.7618,5
2025-10-10,4.734,4.753,4.732,4.748,21.0,4.7388,18
2025-10-13,4.733,4.733,4.733,4.733,0.0,4.733,0
2025-10-14,4.705,4.711,4.7,4.711,3.0,4.705,3
2025-10-15,4.709,4.732,4.709,4.723,5.0,4.7252,4
2025-10-16,4.739,4.739,4.71,4.71,1.0,4.739,1
2025-10-17,4.695,4.724,4.695,4.724,6.0,4.6967,2
2025-10-20,4.742,4.751,4.742,4.751,15.0,4.742,14
2025-10-21,4.726,4.769,4.726,4.755,13.0,4.7545,12
2025-10-22,4.752,4.752,4.737,4.745,5.0,4.74,5
2025-10-23,4.74,4.74,4.717,4.727,9.0,4.7249,9
2025-10-24,4.722,4.744,4.722,4.74,5.0,4.7342,5
2025-10-27,4.74,4.761,4.74,4.752,5.0,4.7538,5
2025-10-28,4.74,4.756,4.735,4.756,17.0,4.7392,10
2025-10-29,4.75,4.75,4.734,4.743,6.0,4.7428,6
2025-10-30,4.743,4.76,4.742,4.76,3.0,4.744,3
2025-10-31,4.779,4.81,4.757,4.807,8.0,4.7925,8
2025-11-03,4.779,4.8,4.777,4.779,14.0,4.7871,12
2025-11-04,4.79,4.79,4.789,4.789,3.0,4.79,3
2025-11-05,4.74,4.748,4.74,4.748,1.0,4.74,1
2025-11-06,4.748,4.756,4.748,4.756,1.0,4.748,1
2025-11-07,4.751,4.766,4.75,4.766,9.0,4.7574,9
2025-11-10,4.756,4.756,4.749,4.749,4.0,4.7535,4
2025-11-11,4.765,4.77,4.759,4.77,6.0,4.7617,6
2025-11-12,4.773,4.773,4.773,4.773,0.0,4.773,0
2025-11-13,4.785,4.795,4.785,4.795,1.0,4.785,1
2025-11-14,4.765,4.767,4.765,4.767,17.0,4.7669,13
2025-11-17,4.777,4.78,4.765,4.765,2.0,4.7785,2
2025-11-18,4.761,4.781,4.761,4.781,1.0,4.761,1
2025-11-19,4.775,4.789,4.775,4.776,2.0,4.782,2
2025-11-20,4.781,4.782,4.763,4.765,6.0,4.7762,6
2025-11-21,4.775,4.775,4.775,4.775,0.0,4.775,0
2025-11-24,4.772,4.772,4.772,4.772,0.0,4.772,0
2025-11-25,4.768,4.768,4.768,4.768,0.0,4.768,0
2025-11-26,4.781,4.781,4.781,4.781,0.0,4.781,0
2025-11-28,4.79,4.806,4.79,4.806,3.0,4.79,1
2025-12-01,4.8,4.8,4.789,4.789,4.0,4.7983,4
2025-12-02,4.79,4.794,4.79,4.794,1.0,4.79,1
2025-12-03,4.788,4.8,4.764,4.777,18.0,4.7846,17
2025-12-04,4.762,4.771,4.762,4.771,7.0,4.7631,7
2025-12-05,4.774,4.786,4.772,4.772,5.0,4.7796,5
2025-12-08,4.76,4.76,4.73,4.73,1.0,4.76,1
2025-12-09,4.718,4.723,4.715,4.719,13.0,4.7185,6
2025-12-10,4.74,4.74,4.706,4.71,3.0,4.718,3
2025-12-11,4.695,4.7,4.681,4.681,2.0,4.6975,2
2025-12-12,4.67,4.672,4.662,4.662,13.0,4.6692,4
2025-12-15,4.64,4.649,4.64,4.649,1.0,4.64,1
2025-12-16,4.65,4.65,4.636,4.636,343.0,4.6449,121
2025-12-17,4.672,4.682,4.666,4.666,26.0,4.6812,26
2025-12-18,4.682,4.682,4.637,4.661,19.0,4.6617,16
2025-12-19,4.642,4.66,4.642,4.66,72.0,4.65,25
2025-12-22,4.66,4.662,4.62,4.641,7.0,4.6431,5
2025-12-23,4.672,4.694,4.672,4.694,27.0,4.6809,22
2025-12-24,4.685,4.685,4.68,4.68,4.0,4.6813,3
2025-12-26,4.699,4.699,4.699,4.699,0.0,4.699,0
2025-12-29,4.721,4.736,4.719,4.736,4.0,4.7237,4
2025-12-30,4.72,4.741,4.72,4.741,3.0,4.723,2
2025-12-31,4.733,4.74,4.724,4.74,4.0,4.7275,4
2026-01-02,4.72,4.72,4.68,4.68,8.0,4.6974,4
2026-01-05,4.649,4.666,4.643,4.656,38.0,4.6482,27
2026-01-06,4.649,4.649,4.587,4.603,70.0,4.6124,23
2026-01-07,4.621,4.643,4.607,4.611,31.0,4.6225,21
2026-01-08,4.611,4.611,4.591,4.597,22.0,4.6029,16
2026-01-09,4.59,4.594,4.507,4.531,54.0,4.5526,48
2026-01-12,4.543,4.569,4.528,4.559,64.0,4.5515,44
2026-01-13,4.544,4.563,4.544,4.553,33.0,4.5518,21
2026-01-14,4.547,4.547,4.474,4.489,125.0,4.4934,70
2026-01-15,4.501,4.529,4.487,4.521,92.0,4.5117,74
2026-01-16,4.537,4.56,4.537,4.56,83.0,4.5461,74
2026-01-20,4.58,4.611,4.578,4.604,139.0,4.5952,113
2026-01-21,4.63,4.676,4.586,4.612,47.0,4.6214,42
2026-01-22,4.601,4.62,4.55,4.599,213.0,4.6008,139
2026-01-23,4.597,4.624,4.571,4.586,165.0,4.5809,149
2026-01-26,4.61,4.625,4.58,4.608,224.0,4.6072,194
2026-01-27,4.609,4.635,4.575,4.629,95.0,4.606,78
2026-01-28,4.629,4.659,4.617,4.653,137.0,4.6371,119
2026-01-29,4.655,4.73,4.655,4.713,109.0,4.6952,98
2026-01-30,4.735,4.777,4.726,4.763,466.0,4.7504,232
2026-02-02,4.731,4.78,4.696,4.739,327.0,4.7421,202
2026-02-03,4.679,4.743,4.677,4.739,280.0,4.7187,160
2026-02-04,4.734,4.772,4.734,4.769,99.0,4.7524,88
2026-02-05,4.769,4.781,4.762,4.78,185.0,4.7704,101
2026-02-06,4.775,4.789,4.758,4.775,207.0,4.7697,150
2026-02-09,4.745,4.771,4.728,4.768,153.0,4.7468,77
2026-02-10,4.766,4.816,4.764,4.801,76.0,4.7961,66
2026-02-11,4.815,4.822,4.8,4.808,54.0,4.8068,41
2026-02-12,4.799,4.851,4.796,4.81,183.0,4.8316,118
2026-02-13,4.79,4.808,4.77,4.808,59.0,4.7962,39
2026-02-17,4.77,4.799,4.685,4.724,108.0,4.7592,92
2026-02-18,4.711,4.733,4.703,4.719,65.0,4.7221,54
2026-02-19,4.741,4.79,4.741,4.773,66.0,4.7732,52
2026-02-20,4.775,4.802,4.768,4.785,30.0,4.7869,29
2026-02-23,4.822,4.824,4.786,4.793,64.0,4.8041,31
2026-02-24,4.806,4.809,4.77,4.773,104.0,4.7924,84
2026-02-25,4.777,4.799,4.768,4.768,128.0,4.7826,68
2026-02-26,4.773,4.79,4.755,4.769,83.0,4.7711,64
2026-02-27,4.776,4.783,4.763,4.777,45.0,4.7721,26
2026-03-02,4.79,4.88,4.779,4.792,85.0,4.8044,39
2026-03-03,4.847,4.983,4.816,4.838,435.0,4.8893,268
2026-03-04,4.821,4.864,4.821,4.846,172.0,4.8415,45
2026-03-05,4.873,4.938,4.865,4.931,787.0,4.9002,300
2026-03-06,4.927,5.047,4.927,4.978,352.0,4.9941,226
2026-03-09,4.931,5.019,4.92,4.925,198.0,4.9503,150
2026-03-10,4.853,4.92,4.853,4.895,201.0,4.9014,96
2026-03-11,4.911,4.949,4.911,4.922,180.0,4.9317,97
2026-03-12,4.946,4.972,4.939,4.953,95.0,4.955,63
2026-03-13,4.968,4.981,4.949,4.976,81.0,4.9592,45
2026-03-16,5.003,5.003,4.946,4.956,85.0,4.966,56
2026-03-17,4.966,5.001,4.966,4.995,80.0,4.9869,58
2026-03-18,4.99,5.077,4.99,5.04,133.0,5.0474,102
2026-03-19,5.082,5.218,5.082,5.122,670.0,5.1264,438
2026-03-20,5.113,5.147,5.05,5.143,166.0,5.1072,125
2026-03-23,5.145,5.167,5.088,5.101,136.0,5.1064,99
2026-03-24,5.094,5.106,5.065,5.106,127.0,5.0795,69
2026-03-25,5.07,5.09,5.052,5.088,213.0,5.0822,90
2026-03-26,5.094,5.117,5.081,5.112,129.0,5.1083,82
2026-03-27,5.133,5.151,5.122,5.149,108.0,5.1391,73
2026-03-30,5.151,5.176,5.121,5.137,106.0,5.142,80
2026-03-31,5.13,5.159,5.032,5.063,367.0,5.0778,248
2026-04-01,5.064,5.064,4.909,4.922,447.0,4.9756,314
2026-04-02,4.945,4.992,4.897,4.917,187.0,4.9511,135
2026-04-06,4.928,4.931,4.908,4.924,52.0,4.9208,31
2026-04-07,4.923,4.975,4.923,4.954,160.0,4.9517,123
2026-04-08,4.897,4.92,4.845,4.853,292.0,4.8634,224
2026-04-09,4.876,4.876,4.835,4.848,158.0,4.8455,113
2026-04-10,4.849,4.849,4.8,4.822,205.0,4.8114,140
2026-04-13,4.878,4.889,4.798,4.808,110.0,4.8167,92
2026-04-14,4.81,4.81,4.746,4.764,177.0,4.7679,125
2026-04-15,4.745,4.766,4.738,4.763,166.0,4.7522,117
2026-04-16,4.758,4.815,4.755,4.801,215.0,4.7989,130
2026-04-17,4.831,4.831,4.781,4.797,106.0,4.8075,93
2026-04-20,4.819,4.82,4.788,4.804,80.0,4.8039,57
2026-04-21,4.814,4.821,4.779,4.818,208.0,4.812,136
2026-04-22,4.833,4.839,4.813,4.825,122.0,4.8284,84
2026-04-23,4.825,4.825,4.784,4.813,176.0,4.7976,127
2026-04-24,4.782,4.81,4.765,4.772,127.0,4.7781,75
2026-04-27,4.773,4.789,4.745,4.752,88.0,4.7575,83
2026-04-28,4.733,4.77,4.733,4.754,115.0,4.7591,80
2026-04-29,4.752,4.777,4.752,4.769,83.0,4.7696,50
2026-04-30,4.77,4.792,4.753,4.79,117.0,4.7721,102
2026-05-01,4.789,4.813,4.764,4.78,168.0,4.7832,128
2026-05-04,4.81,4.835,4.783,4.828,80.0,4.8138,64
2026-05-05,4.814,4.827,4.782,4.791,131.0,4.8036,108
2026-05-06,4.775,4.775,4.741,4.749,123.0,4.751,86
2026-05-07,4.736,4.746,4.719,4.731,113.0,4.7318,78
2026-05-08,4.748,4.764,4.719,4.737,79.0,4.7445,59
2026-05-11,4.756,4.766,4.745,4.761,76.0,4.758,52
2026-05-12,4.767,4.768,4.716,4.733,149.0,4.741,89
2026-05-13,4.73,4.743,4.713,4.719,85.0,4.728,51
2026-05-14,4.717,4.724,4.694,4.7,204.0,4.7075,154
2026-05-15,4.738,4.738,4.683,4.7,96.0,4.7056,67
2026-05-18,4.726,4.739,4.712,4.731,90.0,4.7261,68
2026-05-19,4.75,4.764,4.728,4.752,102.0,4.7479,80
2026-05-20,4.749,4.75,4.714,4.722,187.0,4.7281,101
2026-05-21,4.723,4.745,4.705,4.723,142.0,4.7272,122
2026-05-22,4.708,4.734,4.701,4.705,218.0,4.711,103
2026-05-26,4.693,4.728,4.676,4.683,137.0,4.6905,102
2026-05-27,4.674,4.695,4.668,4.681,390.0,4.6825,242
2026-05-28,4.706,4.73,4.682,4.72,239.0,4.7105,160
2026-05-29,4.741,4.751,4.718,4.739,195.0,4.7283,139
2026-06-01,4.741,4.755,4.72,4.749,146.0,4.7423,93
2026-06-02,4.763,4.763,4.724,4.747,62.0,4.7472,29
2026-06-03,4.759,4.759,4.738,4.756,47.0,4.7541,38
2026-06-04,4.759,4.775,4.745,4.775,97.0,4.7624,62
2026-06-05,4.766,4.78,4.743,4.758,140.0,4.7571,83
2026-06-08,4.759,4.76,4.735,4.749,92.0,4.7429,82
2026-06-09,4.753,4.754,4.739,4.744,138.0,4.7444,62
2026-06-10,4.75,4.752,4.72,4.742,63.0,4.7403,50
2026-06-11,4.722,4.739,4.707,4.728,105.0,4.7223,69
2026-06-12,4.714,4.732,4.709,4.719,149.0,4.7221,97
2026-06-15,4.701,4.702,4.684,4.697,59.0,4.6898,52
2026-06-16,4.697,4.716,4.696,4.711,141.0,4.7086,80
2026-06-17,4.713,4.73,4.701,4.721,108.0,4.7199,77
2026-06-18,4.727,4.735,4.717,4.725,104.0,4.7265,61
2026-06-22,4.72,4.741,4.715,4.72,120.0,4.728,83
2026-06-23,4.715,4.732,4.692,4.699,78.0,4.7068,63
2026-06-24,4.7,4.724,4.697,4.72,120.0,4.7135,79
2026-06-25,4.718,4.742,4.708,4.714,131.0,4.7191,111
2026-06-26,4.727,4.736,4.708,4.715,248.0,4.7261,169
2026-06-29,4.716,4.716,4.68,4.689,185.0,4.6933,123
2026-06-30,4.691,4.697,4.677,4.697,308.0,4.6858,187
2026-07-01,4.691,4.696,4.666,4.679,214.0,4.6752,133
2026-07-02,4.666,4.683,4.653,4.664,158.0,4.6633,121
2026-07-06,4.678,4.679,4.626,4.635,519.0,4.6331,328
2026-07-07,4.631,4.658,4.616,4.634,274.0,4.6274,209
2026-07-08,4.651,4.653,4.629,4.637,190.0,4.64,162
2026-07-09,4.623,4.632,4.561,4.572,511.0,4.591,391
2026-07-10,4.566,4.566,4.54,4.553,663.0,4.5496,460
2026-07-13,4.542,4.566,4.532,4.561,464.0,4.5501,349
2026-07-14,4.551,4.566,4.539,4.548,628.0,4.5489,474
2026-07-15,4.546,4.569,4.545,4.567,444.0,4.5523,277
2026-07-16,4.548,4.564,4.532,4.534,527.0,4.55,397
2026-07-17,4.544,4.566,4.53,4.566,473.0,4.5596,295
2026-07-20,4.563,4.566,4.542,4.562,343.0,4.5559,219
2026-07-21,4.567,4.583,4.563,4.583,403.0,4.5742,219
2026-07-22,4.584,4.626,4.576,4.616,334.0,4.6013,196
2026-07-23,4.631,4.659,4.625,4.65,453.0,4.6452,314
2026-07-24,4.641,4.691,4.635,4.65,188.0,4.6606,141
2026-07-27,4.62,4.649,4.587,4.646,326.0,4.6327,180
2026-07-28,4.623,4.635,4.616,4.631,258.0,4.6251,188
2026-07-29,4.631,4.67,4.621,4.667,363.0,4.6556,220
2026-07-30,4.672,4.674,4.636,4.645,261.0,4.6468,192
2026-07-31,4.64,4.677,4.63,4.642,263.0,4.6389,207
2026-08-03,4.655,4.679,4.655,4.679,290.0,4.6709,188
2026-08-04,4.671,4.672,4.642,4.658,409.0,4.6502,263
2026-08-05,4.652,4.653,4.636,4.645,380.0,4.6418,232
2026-08-06,4.631,4.631,4.599,4.605,1020.0,4.6064,702
2026-08-07,4.608,4.64,4.602,4.633,494.0,4.6196,254
2026-08-10,4.659,4.659,4.639,4.647,503.0,4.6472,322
2026-08-11,4.646,4.665,4.632,4.647,319.0,4.6443,247
2026-08-12,4.659,4.667,4.637,4.646,273.0,4.653,161
2026-08-13,4.647,4.652,4.62,4.645,254.0,4.6354,198
2026-08-14,4.643,4.671,4.63,4.637,537.0,4.6496,338
