date,open,high,low,close,volume,average,barCount
2017-03-14,3.45,3.45,3.45,3.45,0.0,3.45,0
2017-03-15,3.47,3.47,3.47,3.47,0.0,3.47,0
2017-03-16,3.488,3.488,3.488,3.488,0.0,3.488,0
2017-03-17,3.493,3.493,3.493,3.493,0.0,3.493,0
2017-03-20,3.496,3.496,3.496,3.496,0.0,3.496,0
2017-03-21,3.506,3.506,3.506,3.506,0.0,3.506,0
2017-03-22,3.508,3.508,3.508,3.508,0.0,3.508,0
2017-03-23,3.503,3.503,3.503,3.503,0.0,3.503,0
2017-03-24,3.469,3.469,3.469,3.469,0.0,3.469,0
2017-03-27,3.459,3.459,3.459,3.459,0.0,3.459,0
2017-03-28,3.45,3.45,3.45,3.45,0.0,3.45,0
2017-03-29,3.458,3.458,3.458,3.458,0.0,3.458,0
2017-03-30,3.461,3.461,3.461,3.461,0.0,3.461,0
2017-03-31,3.476,3.476,3.476,3.476,0.0,3.476,0
2017-04-03,3.483,3.483,3.483,3.483,0.0,3.483,0
2017-04-04,3.496,3.496,3.496,3.496,0.0,3.496,0
2017-04-05,3.515,3.515,3.515,3.515,0.0,3.515,0
2017-04-06,3.495,3.495,3.495,3.495,0.0,3.495,0
2017-04-07,3.509,3.509,3.509,3.509,0.0,3.509,0
2017-04-10,3.518,3.518,3.518,3.518,0.0,3.518,0
2017-04-11,3.549,3.549,3.549,3.549,0.0,3.549,0
2017-04-12,3.55,3.55,3.55,3.55,0.0,3.55,0
2017-04-13,3.564,3.564,3.564,3.564,0.0,3.564,0
2017-04-17,3.549,3.549,3.549,3.549,0.0,3.549,0
2017-04-18,3.579,3.579,3.579,3.579,0.0,3.579,0
2017-04-19,3.59,3.59,3.59,3.59,0.0,3.59,0
2017-04-20,3.624,3.624,3.624,3.624,0.0,3.624,0
2017-04-21,3.625,3.625,3.625,3.625,0.0,3.625,0
2017-04-24,3.584,3.584,3.584,3.584,0.0,3.584,0
2017-04-25,3.584,3.584,3.584,3.584,0.0,3.584,0
2017-04-26,3.575,3.575,3.575,3.575,0.0,3.575,0
2017-04-27,3.566,3.566,3.566,3.566,0.0,3.566,0
2017-04-28,3.587,3.587,3.587,3.587,0.0,3.587,0
2017-05-01,3.562,3.562,3.562,3.562,0.0,3.562,0
2017-05-02,3.563,3.563,3.563,3.563,0.0,3.563,0
2017-05-03,3.582,3.582,3.582,3.582,0.0,3.582,0
2017-05-04,3.625,3.625,3.625,3.625,0.0,3.625,0
2017-05-05,3.625,3.625,3.625,3.625,0.0,3.625,0
2017-05-08,3.616,3.616,3.616,3.616,0.0,3.616,0
2017-05-09,3.619,3.619,3.619,3.619,0.0,3.619,0
2017-05-10,3.62,3.62,3.62,3.62,0.0,3.62,0
2017-05-11,3.654,3.654,3.654,3.654,0.0,3.654,0
2017-05-12,3.658,3.658,3.658,3.658,0.0,3.658,0
2017-05-15,3.663,3.663,3.663,3.663,0.0,3.663,0
2017-05-16,3.68,3.68,3.68,3.68,0.0,3.68,0
2017-05-17,3.676,3.676,3.676,3.676,0.0,3.676,0
2017-05-18,3.663,3.663,3.663,3.663,0.0,3.663,0
2017-05-19,3.653,3.653,3.653,3.653,0.0,3.653,0
2017-05-22,3.655,3.655,3.655,3.655,0.0,3.655,0
2017-05-23,3.722,3.722,3.722,3.722,0.0,3.722,0
2017-05-24,3.724,3.724,3.724,3.724,0.0,3.724,0
2017-05-25,3.709,3.709,3.709,3.709,0.0,3.709,0
2017-05-26,3.694,3.694,3.694,3.694,0.0,3.694,0
2017-05-30,3.661,3.661,3.661,3.661,0.0,3.661,0
2017-05-31,3.657,3.657,3.657,3.657,0.0,3.657,0
2017-06-01,3.659,3.659,3.659,3.659,0.0,3.659,0
2017-06-02,3.649,3.649,3.649,3.649,0.0,3.649,0
2017-06-05,3.619,3.619,3.619,3.619,0.0,3.619,0
2017-06-06,3.561,3.561,3.561,3.561,0.0,3.561,0
2017-06-07,3.572,3.572,3.572,3.572,0.0,3.572,0
2017-06-08,3.59,3.59,3.59,3.59,0.0,3.59,0
2017-06-09,3.587,3.587,3.587,3.587,0.0,3.587,0
2017-06-12,3.589,3.589,3.589,3.589,0.0,3.589,0
2017-06-13,3.586,3.586,3.586,3.586,0.0,3.586,0
2017-06-14,3.575,3.575,3.575,3.575,0.0,3.575,0
2017-06-15,3.603,3.603,3.603,3.603,0.0,3.603,0
2017-06-16,3.592,3.592,3.592,3.592,0.0,3.592,0
2017-06-19,3.615,3.615,3.615,3.615,0.0,3.615,0
2017-06-20,3.655,3.655,3.655,3.655,0.0,3.655,0
2017-06-21,3.671,3.671,3.671,3.671,0.0,3.671,0
2017-06-22,3.665,3.665,3.665,3.665,0.0,3.665,0
2017-06-23,3.652,3.652,3.652,3.652,0.0,3.652,0
2017-06-26,3.629,3.629,3.629,3.629,0.0,3.629,0
2017-06-27,3.632,3.632,3.632,3.632,0.0,3.632,0
2017-06-28,3.622,3.622,3.622,3.622,0.0,3.622,0
2017-06-29,3.623,3.623,3.623,3.623,0.0,3.623,0
2017-06-30,3.636,3.636,3.636,3.636,0.0,3.636,0
2017-07-03,3.641,3.641,3.641,3.641,0.0,3.641,0
2017-07-05,3.626,3.626,3.626,3.626,0.0,3.626,0
2017-07-06,3.574,3.574,3.574,3.574,0.0,3.574,0
2017-07-07,3.569,3.569,3.569,3.569,0.0,3.569,0
2017-07-10,3.556,3.556,3.556,3.556,0.0,3.556,0
2017-07-11,3.553,3.553,3.553,3.553,0.0,3.553,0
2017-07-12,3.539,3.539,3.539,3.539,0.0,3.539,0
2017-07-13,3.552,3.552,3.552,3.552,0.0,3.552,0
2017-07-14,3.555,3.555,3.555,3.555,0.0,3.555,0
2017-07-17,3.548,3.548,3.548,3.548,0.0,3.548,0
2017-07-18,3.548,3.548,3.548,3.548,0.0,3.548,0
2017-07-19,3.533,3.533,3.533,3.533,0.0,3.533,0
2017-07-20,3.514,3.514,3.514,3.514,0.0,3.514,0
2017-07-21,3.515,3.515,3.515,3.515,0.0,3.515,0
2017-07-24,3.492,3.492,3.492,3.492,0.0,3.492,0
2017-07-25,3.466,3.466,3.466,3.466,0.0,3.466,0
2017-07-26,3.459,3.459,3.459,3.459,0.0,3.459,0
2017-07-27,3.46,3.46,3.46,3.46,0.0,3.46,0
2017-07-28,3.475,3.475,3.475,3.475,0.0,3.475,0
2017-07-31,3.451,3.451,3.451,3.451,0.0,3.451,0
2017-08-01,3.473,3.473,3.473,3.473,0.0,3.473,0
2017-08-02,3.482,3.482,3.482,3.482,0.0,3.482,0
2017-08-03,3.505,3.505,3.505,3.505,0.0,3.505,0
2017-08-04,3.515,3.515,3.515,3.515,0.0,3.515,0
2017-08-07,3.514,3.514,3.514,3.514,0.0,3.514,0
2017-08-08,3.496,3.496,3.496,3.496,0.0,3.496,0
2017-08-09,3.49,3.49,3.49,3.49,0.0,3.49,0
2017-08-10,3.487,3.487,3.487,3.487,0.0,3.487,0
2017-08-11,3.491,3.491,3.491,3.491,0.0,3.491,0
2017-08-14,3.487,3.487,3.487,3.487,0.0,3.487,0
2017-08-15,3.485,3.485,3.485,3.485,0.0,3.485,0
2017-08-16,3.475,3.475,3.475,3.475,0.0,3.475,0
2017-08-17,3.474,3.474,3.474,3.474,0.0,3.474,0
2017-08-18,3.474,3.474,3.474,3.474,0.0,3.474,0
2017-08-21,3.464,3.464,3.464,3.464,0.0,3.464,0
2017-08-22,3.456,3.456,3.456,3.456,0.0,3.456,0
2017-08-23,3.453,3.453,3.453,3.453,0.0,3.453,0
2017-08-24,3.403,3.403,3.403,3.403,0.0,3.403,0
2017-08-25,3.39,3.39,3.39,3.39,0.0,3.39,0
2017-08-28,3.403,3.403,3.403,3.403,0.0,3.403,0
2017-08-29,3.405,3.405,3.405,3.405,0.0,3.405,0
2017-08-30,3.381,3.381,3.381,3.381,0.0,3.381,0
2017-08-31,3.389,3.389,3.389,3.389,0.0,3.389,0
2017-09-01,3.39,3.39,3.39,3.39,0.0,3.39,0
2017-09-05,3.386,3.386,3.386,3.386,0.0,3.386,0
2017-09-06,3.347,3.347,3.347,3.347,0.0,3.347,0
2017-09-07,3.381,3.381,3.381,3.381,0.0,3.381,0
2017-09-08,3.385,3.385,3.385,3.385,0.0,3.385,0
2017-09-11,3.396,3.396,3.396,3.396,0.0,3.396,0
2017-09-12,3.373,3.373,3.373,3.373,0.0,3.373,0
2017-09-13,3.359,3.359,3.359,3.359,0.0,3.359,0
2017-09-14,3.348,3.348,3.348,3.348,0.0,3.348,0
2017-09-15,3.353,3.353,3.353,3.353,0.0,3.353,0
2017-09-18,3.353,3.353,3.353,3.353,0.0,3.353,0
2017-09-19,3.343,3.343,3.343,3.343,0.0,3.343,0
2017-09-20,3.333,3.333,3.333,3.333,0.0,3.333,0
2017-09-21,3.324,3.324,3.324,3.324,0.0,3.324,0
2017-09-22,3.338,3.338,3.338,3.338,0.0,3.338,0
2017-09-25,3.321,3.321,3.321,3.321,0.0,3.321,0
2017-09-26,3.331,3.331,3.331,3.331,0.0,3.331,0
2017-09-27,3.342,3.342,3.342,3.342,0.0,3.342,0
2017-09-28,3.341,3.341,3.341,3.341,0.0,3.341,0
2017-09-29,3.338,3.338,3.338,3.338,0.0,3.338,0
2017-10-02,3.351,3.351,3.351,3.351,0.0,3.351,0
2017-10-03,3.36,3.36,3.36,3.36,0.0,3.36,0
2017-10-04,3.359,3.359,3.359,3.359,0.0,3.359,0
2017-10-05,3.368,3.368,3.368,3.368,0.0,3.368,0
2017-10-06,3.36,3.36,3.36,3.36,0.0,3.36,0
2017-10-09,3.37,3.37,3.37,3.37,0.0,3.37,0
2017-10-10,3.36,3.36,3.36,3.36,0.0,3.36,0
2017-10-11,3.378,3.378,3.378,3.378,0.0,3.378,0
2017-10-12,3.422,3.422,3.422,3.422,0.0,3.422,0
2017-10-13,3.419,3.419,3.419,3.419,0.0,3.419,0
2017-10-16,3.452,3.452,3.452,3.452,0.0,3.452,0
2017-10-17,3.499,3.499,3.499,3.499,0.0,3.499,0
2017-10-18,3.503,3.503,3.503,3.503,0.0,3.503,0
2017-10-19,3.525,3.525,3.525,3.525,0.0,3.525,0
2017-10-20,3.565,3.565,3.565,3.565,0.0,3.565,0
2017-10-23,3.545,3.545,3.545,3.545,0.0,3.545,0
2017-10-24,3.544,3.544,3.544,3.544,0.0,3.544,0
2017-10-25,3.545,3.545,3.545,3.545,0.0,3.545,0
2017-10-26,3.538,3.538,3.538,3.538,0.0,3.538,0
2017-10-27,3.518,3.518,3.518,3.518,0.0,3.518,0
2017-10-30,3.553,3.553,3.553,3.553,0.0,3.553,0
2017-10-31,3.554,3.554,3.554,3.554,0.0,3.554,0
2017-11-01,3.564,3.564,3.564,3.564,0.0,3.564,0
2017-11-02,3.546,3.546,3.546,3.546,0.0,3.546,0
2017-11-03,3.543,3.543,3.543,3.543,0.0,3.543,0
2017-11-06,3.538,3.538,3.538,3.538,0.0,3.538,0
2017-11-07,3.537,3.537,3.537,3.537,0.0,3.537,0
2017-11-08,3.535,3.535,3.535,3.535,0.0,3.535,0
2017-11-09,3.545,3.545,3.545,3.545,0.0,3.545,0
2017-11-10,3.525,3.525,3.525,3.525,0.0,3.525,0
2017-11-13,3.511,3.511,3.511,3.511,0.0,3.511,0
2017-11-14,3.496,3.496,3.496,3.496,0.0,3.496,0
2017-11-15,3.488,3.488,3.488,3.488,0.0,3.488,0
2017-11-16,3.492,3.492,3.492,3.492,0.0,3.492,0
2017-11-17,3.484,3.484,3.484,3.484,0.0,3.484,0
2017-11-20,3.477,3.477,3.477,3.477,0.0,3.477,0
2017-11-21,3.475,3.475,3.475,3.475,0.0,3.475,0
2017-11-22,3.462,3.462,3.462,3.462,0.0,3.462,0
2017-11-24,3.465,3.465,3.465,3.465,0.0,3.465,0
2017-11-27,3.468,3.468,3.468,3.468,0.0,3.468,0
2017-11-28,3.467,3.467,3.467,3.467,0.0,3.467,0
2017-11-29,3.476,3.476,3.476,3.476,0.0,3.476,0
2017-11-30,3.474,3.474,3.474,3.474,0.0,3.474,0
2017-12-01,3.432,3.432,3.432,3.432,0.0,3.432,0
2017-12-04,3.416,3.416,3.416,3.416,0.0,3.416,0
2017-12-05,3.404,3.404,3.404,3.404,0.0,3.404,0
2017-12-06,3.386,3.386,3.386,3.386,0.0,3.386,0
2017-12-07,3.392,3.392,3.392,3.392,0.0,3.392,0
2017-12-08,3.387,3.387,3.387,3.387,0.0,3.387,0
2017-12-11,3.38,3.38,3.38,3.38,0.0,3.38,0
2017-12-12,3.39,3.39,3.39,3.39,0.0,3.39,0
2017-12-13,3.409,3.409,3.409,3.409,0.0,3.409,0
2017-12-14,3.42,3.42,3.42,3.42,0.0,3.42,0
2017-12-15,3.428,3.428,3.428,3.428,0.0,3.428,0
2017-12-18,3.448,3.448,3.448,3.448,0.0,3.448,0
2017-12-19,3.45,3.45,3.45,3.45,0.0,3.45,0
2017-12-20,3.436,3.436,3.436,3.436,0.0,3.436,0
2017-12-21,3.453,3.453,3.453,3.453,0.0,3.453,0
2017-12-22,3.476,3.476,3.476,3.476,0.0,3.476,0
2017-12-26,3.477,3.477,3.477,3.477,0.0,3.477,0
2017-12-27,3.45,3.45,3.45,3.45,0.0,3.45,0
2017-12-28,3.41,3.41,3.41,3.41,0.0,3.41,0
2017-12-29,3.4,3.4,3.4,3.4,0.0,3.4,0
2018-01-02,3.393,3.393,3.393,3.393,0.0,3.393,0
2018-01-03,3.394,3.394,3.394,3.394,0.0,3.394,0
2018-01-04,3.426,3.426,3.426,3.426,0.0,3.426,0
2018-01-05,3.42,3.42,3.42,3.42,0.0,3.42,0
2018-01-08,3.415,3.415,3.415,3.415,0.0,3.415,0
2018-01-09,3.4,3.4,3.4,3.4,0.0,3.4,0
2018-01-10,3.393,3.393,3.393,3.393,0.0,3.393,0
2018-01-11,3.407,3.407,3.407,3.407,0.0,3.407,0
2018-01-12,3.394,3.394,3.394,3.394,0.0,3.394,0
2018-01-16,3.357,3.357,3.357,3.357,0.0,3.357,0
2018-01-17,3.351,3.351,3.351,3.351,0.0,3.351,0
2018-01-18,3.349,3.349,3.349,3.349,0.0,3.349,0
2018-01-19,3.359,3.359,3.359,3.359,0.0,3.359,0
2018-01-22,3.378,3.378,3.378,3.378,0.0,3.378,0
2018-01-23,3.39,3.39,3.39,3.39,0.0,3.39,0
2018-01-24,3.404,3.404,3.404,3.404,0.0,3.404,0
2018-01-25,3.432,3.432,3.432,3.432,0.0,3.432,0
2018-01-26,3.398,3.398,3.398,3.398,0.0,3.398,0
2018-01-29,3.4,3.4,3.4,3.4,0.0,3.4,0
2018-01-30,3.416,3.416,3.416,3.416,0.0,3.416,0
2018-01-31,3.385,3.385,3.385,3.385,0.0,3.385,0
2018-02-01,3.378,3.378,3.378,3.378,0.0,3.378,0
2018-02-02,3.403,3.403,3.403,3.403,0.0,3.403,0
2018-02-05,3.425,3.425,3.425,3.425,0.0,3.425,0
2018-02-06,3.409,3.409,3.409,3.409,0.0,3.409,0
2018-02-07,3.387,3.387,3.387,3.387,0.0,3.387,0
2018-02-08,3.4,3.4,3.4,3.4,0.0,3.4,0
2018-02-09,3.367,3.367,3.367,3.367,0.0,3.367,0
2018-02-12,3.357,3.357,3.357,3.357,0.0,3.357,0
2018-02-13,3.346,3.346,3.346,3.346,0.0,3.346,0
2018-02-14,3.353,3.353,3.353,3.353,0.0,3.353,0
2018-02-15,3.356,3.356,3.356,3.356,0.0,3.356,0
2018-02-16,3.37,3.37,3.37,3.37,0.0,3.37,0
2018-02-20,3.372,3.372,3.372,3.372,0.0,3.372,0
2018-02-21,3.39,3.39,3.39,3.39,0.0,3.39,0
2018-02-22,3.402,3.402,3.402,3.402,0.0,3.402,0
2018-02-23,3.394,3.394,3.394,3.394,0.0,3.394,0
2018-02-26,3.39,3.39,3.39,3.39,0.0,3.39,0
2018-02-27,3.393,3.393,3.393,3.393,0.0,3.393,0
2018-02-28,3.368,3.368,3.368,3.368,0.0,3.368,0
2018-03-01,3.402,3.402,3.402,3.402,0.0,3.402,0
2018-03-02,3.419,3.419,3.419,3.419,0.0,3.419,0
2018-03-05,3.437,3.437,3.437,3.437,0.0,3.437,0
2018-03-06,3.436,3.436,3.436,3.436,0.0,3.436,0
2018-03-07,3.428,3.428,3.428,3.428,0.0,3.428,0
2018-03-08,3.391,3.391,3.391,3.391,0.0,3.391,0
2018-03-09,3.352,3.352,3.352,3.352,0.0,3.352,0
2018-03-12,3.358,3.358,3.358,3.358,0.0,3.358,0
2018-03-13,3.365,3.365,3.365,3.365,0.0,3.365,0
2018-03-14,3.385,3.385,3.385,3.385,0.0,3.385,0
2018-03-15,3.443,3.443,3.443,3.443,0.0,3.443,0
2018-03-16,3.447,3.447,3.447,3.447,0.0,3.447,0
2018-03-19,3.437,3.437,3.437,3.437,0.0,3.437,0
2018-03-20,3.442,3.442,3.442,3.442,0.0,3.442,0
2018-03-21,3.45,3.45,3.45,3.45,0.0,3.45,0
2018-03-22,3.438,3.438,3.438,3.438,0.0,3.438,0
2018-03-23,3.36,3.36,3.36,3.36,0.0,3.36,0
2018-03-26,3.388,3.388,3.388,3.388,0.0,3.388,0
2018-03-27,3.394,3.394,3.394,3.394,0.0,3.394,0
2018-03-28,3.418,3.418,3.418,3.418,0.0,3.418,0
2018-03-29,3.456,3.456,3.456,3.456,0.0,3.456,0
2018-04-02,3.438,3.438,3.438,3.438,0.0,3.438,0
2018-04-03,3.416,3.416,3.416,3.416,0.0,3.416,0
2018-04-04,3.39,3.39,3.39,3.39,0.0,3.39,0
2018-04-05,3.406,3.406,3.406,3.406,0.0,3.406,0
2018-04-06,3.4,3.4,3.4,3.4,0.0,3.4,0
2018-04-09,3.384,3.384,3.384,3.384,0.0,3.384,0
2018-04-10,3.393,3.393,3.393,3.393,0.0,3.393,0
2018-04-11,3.401,3.401,3.401,3.401,0.0,3.401,0
2018-04-12,3.424,3.424,3.424,3.424,0.0,3.424,0
2018-04-13,3.417,3.417,3.417,3.417,0.0,3.417,0
2018-04-16,3.419,3.419,3.419,3.419,0.0,3.419,0
2018-04-17,3.381,3.381,3.381,3.381,0.0,3.381,0
2018-04-18,3.382,3.382,3.382,3.382,0.0,3.382,0
2018-04-19,3.384,3.384,3.384,3.384,0.0,3.384,0
2018-04-20,3.392,3.392,3.392,3.392,0.0,3.392,0
2018-04-23,3.393,3.393,3.393,3.393,0.0,3.393,0
2018-04-24,3.391,3.391,3.391,3.391,0.0,3.391,0
2018-04-25,3.38,3.38,3.38,3.38,0.0,3.38,0
2018-04-26,3.37,3.37,3.37,3.37,0.0,3.37,0
2018-04-27,3.372,3.372,3.372,3.372,0.0,3.372,0
2018-04-30,3.371,3.371,3.371,3.371,0.0,3.371,0
2018-05-01,3.351,3.351,3.351,3.351,0.0,3.351,0
2018-05-02,3.368,3.368,3.368,3.368,0.0,3.368,0
2018-05-03,3.378,3.378,3.378,3.378,0.0,3.378,0
2018-05-04,3.376,3.376,3.376,3.376,0.0,3.376,0
2018-05-07,3.374,3.374,3.374,3.374,0.0,3.374,0
2018-05-08,3.329,3.329,3.329,3.329,0.0,3.329,0
2018-05-09,3.315,3.315,3.315,3.315,0.0,3.315,0
2018-05-10,3.311,3.311,3.311,3.311,0.0,3.311,0
2018-05-11,3.314,3.314,3.314,3.314,0.0,3.314,0
2018-05-14,3.306,3.306,3.306,3.306,0.0,3.306,0
2018-05-15,3.342,3.342,3.342,3.342,0.0,3.342,0
2018-05-16,3.321,3.321,3.321,3.321,0.0,3.321,0
2018-05-17,3.328,3.328,3.328,3.328,0.0,3.328,0
2018-05-18,3.343,3.343,3.343,3.343,0.0,3.343,0
2018-05-21,3.338,3.338,3.338,3.338,0.0,3.338,0
2018-05-22,3.328,3.328,3.328,3.328,0.0,3.328,0
2018-05-23,3.305,3.305,3.305,3.305,0.0,3.305,0
2018-05-24,3.299,3.299,3.299,3.299,0.0,3.299,0
2018-05-25,3.271,3.271,3.271,3.271,0.0,3.271,0
2018-05-29,3.249,3.249,3.249,3.249,0.0,3.249,0
2018-05-30,3.26,3.26,3.26,3.26,0.0,3.26,0
2018-05-31,3.233,3.233,3.233,3.233,0.0,3.233,0
2018-06-01,3.223,3.223,3.223,3.223,0.0,3.223,0
2018-06-04,3.236,3.236,3.236,3.236,0.0,3.236,0
2018-06-05,3.251,3.251,3.251,3.251,0.0,3.251,0
2018-06-06,3.246,3.246,3.246,3.246,0.0,3.246,0
2018-06-07,3.244,3.244,3.244,3.244,0.0,3.244,0
2018-06-08,3.246,3.246,3.246,3.246,0.0,3.246,0
2018-06-11,3.245,3.245,3.245,3.245,0.0,3.245,0
2018-06-12,3.271,3.271,3.271,3.271,0.0,3.271,0
2018-06-13,3.282,3.282,3.282,3.282,0.0,3.282,0
2018-06-14,3.298,3.298,3.298,3.298,0.0,3.298,0
2018-06-15,3.303,3.303,3.303,3.303,0.0,3.303,0
2018-06-18,3.339,3.339,3.339,3.339,0.0,3.339,0
2018-06-19,3.341,3.341,3.341,3.341,0.0,3.341,0
2018-06-20,3.34,3.34,3.34,3.34,0.0,3.34,0
2018-06-21,3.318,3.318,3.318,3.318,0.0,3.318,0
2018-06-22,3.32,3.32,3.32,3.32,0.0,3.32,0
2018-06-25,3.316,3.316,3.316,3.316,0.0,3.316,0
2018-06-26,3.313,3.313,3.313,3.313,0.0,3.313,0
2018-06-27,3.316,3.316,3.316,3.316,0.0,3.316,0
2018-06-28,3.295,3.295,3.295,3.295,0.0,3.295,0
2018-06-29,3.292,3.292,3.292,3.292,0.0,3.292,0
2018-07-02,3.283,3.283,3.283,3.283,0.0,3.283,0
2018-07-03,3.28,3.28,3.28,3.28,0.0,3.28,0
2018-07-05,3.282,3.282,3.282,3.282,0.0,3.282,0
2018-07-06,3.281,3.281,3.281,3.281,0.0,3.281,0
2018-07-09,3.272,3.272,3.272,3.272,0.0,3.272,0
2018-07-10,3.276,3.276,3.276,3.276,0.0,3.276,0
2018-07-11,3.254,3.254,3.254,3.254,0.0,3.254,0
2018-07-12,3.251,3.251,3.251,3.251,0.0,3.251,0
2018-07-13,3.246,3.246,3.246,3.246,0.0,3.246,0
2018-07-16,3.219,3.219,3.219,3.219,0.0,3.219,0
2018-07-17,3.204,3.204,3.204,3.204,0.0,3.204,0
2018-07-18,3.183,3.183,3.183,3.183,0.0,3.183,0
2018-07-19,3.177,3.177,3.177,3.177,0.0,3.177,0
2018-07-20,3.183,3.183,3.183,3.183,0.0,3.183,0
2018-07-23,3.192,3.192,3.192,3.192,0.0,3.192,0
2018-07-24,3.196,3.196,3.196,3.196,0.0,3.196,0
2018-07-25,3.228,3.228,3.228,3.228,0.0,3.228,0
2018-07-26,3.224,3.224,3.224,3.224,0.0,3.224,0
2018-07-27,3.244,3.244,3.244,3.244,0.0,3.244,0
2018-07-30,3.248,3.248,3.248,3.248,0.0,3.248,0
2018-07-31,3.251,3.251,3.251,3.251,0.0,3.251,0
2018-08-01,3.221,3.221,3.221,3.221,0.0,3.221,0
2018-08-02,3.225,3.225,3.225,3.225,0.0,3.225,0
2018-08-03,3.225,3.225,3.225,3.225,0.0,3.225,0
2018-08-06,3.209,3.209,3.209,3.209,0.0,3.209,0
2018-08-07,3.242,3.242,3.242,3.242,0.0,3.242,0
2018-08-08,3.255,3.255,3.255,3.255,0.0,3.255,0
2018-08-09,3.255,3.255,3.255,3.255,0.0,3.255,0
2018-08-10,3.252,3.252,3.252,3.252,0.0,3.252,0
2018-08-13,3.253,3.253,3.253,3.253,0.0,3.253,0
2018-08-14,3.252,3.252,3.252,3.252,0.0,3.252,0
2018-08-15,3.253,3.253,3.253,3.253,0.0,3.253,0
2018-08-16,3.243,3.243,3.243,3.243,0.0,3.243,0
2018-08-17,3.245,3.245,3.245,3.245,0.0,3.245,0
2018-08-20,3.244,3.244,3.244,3.244,0.0,3.244,0
2018-08-21,3.258,3.258,3.258,3.258,0.0,3.258,0
2018-08-22,3.245,3.245,3.245,3.245,0.0,3.245,0
2018-08-23,3.242,3.242,3.242,3.242,0.0,3.242,0
2018-08-24,3.231,3.231,3.231,3.231,0.0,3.231,0
2018-08-27,3.201,3.201,3.201,3.201,0.0,3.201,0
2018-08-28,3.177,3.177,3.177,3.177,0.0,3.177,0
2018-08-29,3.181,3.181,3.181,3.181,0.0,3.181,0
2018-08-30,3.162,3.162,3.162,3.162,0.0,3.162,0
2018-08-31,3.176,3.176,3.176,3.176,0.0,3.176,0
2018-09-04,3.163,3.163,3.163,3.163,0.0,3.163,0
2018-09-05,3.168,3.168,3.168,3.168,0.0,3.168,0
2018-09-06,3.187,3.187,3.187,3.187,0.0,3.187,0
2018-09-07,3.186,3.186,3.186,3.186,0.0,3.186,0
2018-09-10,3.189,3.189,3.189,3.189,0.0,3.189,0
2018-09-11,3.186,3.186,3.186,3.186,0.0,3.186,0
2018-09-12,3.196,3.196,3.196,3.196,0.0,3.196,0
2018-09-13,3.212,3.212,3.212,3.212,0.0,3.212,0
2018-09-14,3.218,3.218,3.218,3.218,0.0,3.218,0
2018-09-17,3.222,3.222,3.222,3.222,0.0,3.222,0
2018-09-18,3.232,3.232,3.232,3.232,0.0,3.232,0
2018-09-19,3.229,3.229,3.229,3.229,0.0,3.229,0
2018-09-20,3.233,3.233,3.233,3.233,0.0,3.233,0
2018-09-21,3.231,3.231,3.231,3.231,0.0,3.231,0
2018-09-24,3.229,3.229,3.229,3.229,0.0,3.229,0
2018-09-25,3.232,3.232,3.232,3.232,0.0,3.232,0
2018-09-26,3.241,3.241,3.241,3.241,0.0,3.241,0
2018-09-27,3.242,3.242,3.242,3.242,0.0,3.242,0
2018-09-28,3.243,3.243,3.243,3.243,0.0,3.243,0
2018-10-01,3.248,3.248,3.248,3.248,0.0,3.248,0
2018-10-02,3.246,3.246,3.246,3.246,0.0,3.246,0
2018-10-03,3.245,3.245,3.245,3.245,0.0,3.245,0
2018-10-04,3.246,3.246,3.246,3.246,0.0,3.246,0
2018-10-05,3.249,3.249,3.249,3.249,0.0,3.249,0
2018-10-08,3.254,3.254,3.254,3.254,0.0,3.254,0
2018-10-09,3.249,3.249,3.249,3.249,0.0,3.249,0
2018-10-10,3.245,3.245,3.245,3.245,0.0,3.245,0
2018-10-11,3.27,3.27,3.27,3.27,0.0,3.27,0
2018-10-12,3.29,3.29,3.29,3.29,0.0,3.29,0
2018-10-15,3.289,3.289,3.289,3.289,0.0,3.289,0
2018-10-16,3.309,3.309,3.309,3.309,0.0,3.309,0
2018-10-17,3.304,3.304,3.304,3.304,0.0,3.304,0
2018-10-18,3.303,3.303,3.303,3.303,0.0,3.303,0
2018-10-19,3.3,3.3,3.3,3.3,0.0,3.3,0
2018-10-22,3.301,3.301,3.301,3.301,0.0,3.301,0
2018-10-23,3.3,3.3,3.3,3.3,0.0,3.3,0
2018-10-24,3.297,3.297,3.297,3.297,0.0,3.297,0
2018-10-25,3.287,3.287,3.287,3.287,0.0,3.287,0
2018-10-26,3.289,3.289,3.289,3.289,0.0,3.289,0
2018-10-29,3.29,3.29,3.29,3.29,0.0,3.29,0
2018-10-30,3.308,3.308,3.308,3.308,0.0,3.308,0
2018-10-31,3.307,3.307,3.307,3.307,0.0,3.307,0
2018-11-01,3.312,3.312,3.312,3.312,0.0,3.312,0
2018-11-02,3.319,3.319,3.319,3.319,0.0,3.319,0
2018-11-05,3.333,3.333,3.333,3.333,0.0,3.333,0
2018-11-06,3.349,3.349,3.349,3.349,0.0,3.349,0
2018-11-07,3.347,3.347,3.347,3.347,0.0,3.347,0
2018-11-08,3.348,3.348,3.348,3.348,0.0,3.348,0
2018-11-09,3.351,3.351,3.351,3.351,0.0,3.351,0
2018-11-12,3.374,3.374,3.374,3.374,0.0,3.374,0
2018-11-13,3.353,3.353,3.353,3.353,0.0,3.353,0
2018-11-14,3.337,3.337,3.337,3.337,0.0,3.337,0
2018-11-15,3.352,3.352,3.352,3.352,0.0,3.352,0
2018-11-16,3.323,3.323,3.323,3.323,0.0,3.323,0
2018-11-19,3.31,3.31,3.31,3.31,0.0,3.31,0
2018-11-20,3.308,3.308,3.308,3.308,0.0,3.308,0
2018-11-21,3.306,3.306,3.306,3.306,0.0,3.306,0
2018-11-23,3.331,3.331,3.331,3.331,0.0,3.331,0
2018-11-26,3.324,3.324,3.324,3.324,0.0,3.324,0
2018-11-27,3.32,3.32,3.32,3.32,0.0,3.32,0
2018-11-28,3.321,3.321,3.321,3.321,0.0,3.321,0
2018-11-29,3.353,3.353,3.353,3.353,0.0,3.353,0
2018-11-30,3.409,3.409,3.409,3.409,0.0,3.409,0
2018-12-03,3.381,3.381,3.381,3.381,0.0,3.381,0
2018-12-04,3.367,3.367,3.367,3.367,0.0,3.367,0
2018-12-05,3.358,3.358,3.358,3.358,0.0,3.358,0
2018-12-06,3.369,3.369,3.369,3.369,0.0,3.369,0
2018-12-07,3.376,3.376,3.376,3.376,0.0,3.376,0
2018-12-10,3.377,3.377,3.377,3.377,0.0,3.377,0
2018-12-11,3.352,3.352,3.352,3.352,0.0,3.352,0
2018-12-12,3.354,3.354,3.354,3.354,0.0,3.354,0
2018-12-13,3.322,3.322,3.322,3.322,0.0,3.322,0
2018-12-14,3.332,3.332,3.332,3.332,0.0,3.332,0
2018-12-17,3.331,3.331,3.331,3.331,0.0,3.331,0
2018-12-18,3.326,3.326,3.326,3.326,0.0,3.326,0
2018-12-19,3.349,3.349,3.349,3.349,0.0,3.349,0
2018-12-20,3.364,3.364,3.364,3.364,0.0,3.364,0
2018-12-21,3.367,3.367,3.367,3.367,0.0,3.367,0
2018-12-24,3.366,3.366,3.366,3.366,0.0,3.366,0
2018-12-26,3.363,3.363,3.363,3.363,0.0,3.363,0
2018-12-27,3.361,3.361,3.361,3.361,0.0,3.361,0
2018-12-28,3.359,3.359,3.359,3.359,0.0,3.359,0
2018-12-31,3.368,3.368,3.368,3.368,0.0,3.368,0
2019-01-02,3.368,3.368,3.368,3.368,0.0,3.368,0
2019-01-03,3.357,3.357,3.357,3.357,0.0,3.357,0
2019-01-04,3.359,3.359,3.359,3.359,0.0,3.359,0
2019-01-07,3.361,3.361,3.361,3.361,0.0,3.361,0
2019-01-08,3.354,3.354,3.354,3.354,0.0,3.354,0
2019-01-09,3.354,3.354,3.354,3.354,0.0,3.354,0
2019-01-10,3.354,3.354,3.354,3.354,0.0,3.354,0
2019-01-11,3.361,3.361,3.361,3.361,0.0,3.361,0
2019-01-14,3.36,3.36,3.36,3.36,0.0,3.36,0
2019-01-15,3.352,3.352,3.352,3.352,0.0,3.352,0
2019-01-16,3.321,3.321,3.321,3.321,0.0,3.321,0
2019-01-17,3.321,3.321,3.321,3.321,0.0,3.321,0
2019-01-18,3.334,3.334,3.334,3.334,0.0,3.334,0
2019-01-22,3.347,3.347,3.347,3.347,0.0,3.347,0
2019-01-23,3.329,3.329,3.329,3.329,0.0,3.329,0
2019-01-24,3.308,3.308,3.308,3.308,0.0,3.308,0
2019-01-25,3.353,3.353,3.353,3.353,0.0,3.353,0
2019-01-28,3.337,3.337,3.337,3.337,0.0,3.337,0
2019-01-29,3.34,3.34,3.34,3.34,0.0,3.34,0
2019-01-30,3.342,3.342,3.342,3.342,0.0,3.342,0
2019-01-31,3.343,3.343,3.343,3.343,0.0,3.343,0
2019-02-01,3.344,3.344,3.344,3.344,0.0,3.344,0
2019-02-04,3.331,3.331,3.331,3.331,0.0,3.331,0
2019-02-05,3.38,3.38,3.38,3.38,0.0,3.38,0
2019-02-06,3.377,3.377,3.377,3.377,0.0,3.377,0
2019-02-07,3.373,3.373,3.373,3.373,0.0,3.373,0
2019-02-08,3.375,3.375,3.375,3.375,0.0,3.375,0
2019-02-11,3.38,3.38,3.38,3.38,0.0,3.38,0
2019-02-12,3.388,3.388,3.388,3.388,0.0,3.388,0
2019-02-13,3.387,3.387,3.387,3.387,0.0,3.387,0
2019-02-14,3.394,3.394,3.394,3.394,0.0,3.394,0
2019-02-15,3.374,3.374,3.374,3.374,0.0,3.374,0
2019-02-19,3.365,3.365,3.365,3.365,0.0,3.365,0
2019-02-20,3.377,3.377,3.377,3.377,0.0,3.377,0
2019-02-21,3.364,3.364,3.364,3.364,0.0,3.364,0
2019-02-22,3.361,3.361,3.361,3.361,0.0,3.361,0
2019-02-25,3.353,3.353,3.353,3.353,0.0,3.353,0
2019-02-26,3.335,3.335,3.335,3.335,0.0,3.335,0
2019-02-27,3.371,3.371,3.371,3.371,0.0,3.371,0
2019-02-28,3.382,3.382,3.382,3.382,0.0,3.382,0
2019-03-01,3.381,3.381,3.381,3.381,0.0,3.381,0
2019-03-04,3.377,3.377,3.377,3.377,0.0,3.377,0
2019-03-05,3.375,3.375,3.375,3.375,0.0,3.375,0
2019-03-06,3.378,3.378,3.378,3.378,0.0,3.378,0
2019-03-07,3.383,3.383,3.383,3.383,0.0,3.383,0
2019-03-08,3.383,3.383,3.383,3.383,0.0,3.383,0
2019-03-11,3.41,3.41,3.41,3.41,0.0,3.41,0
2019-03-12,3.425,3.425,3.425,3.425,0.0,3.425,0
2019-03-13,3.434,3.434,3.434,3.434,0.0,3.434,0
2019-03-14,3.442,3.442,3.442,3.442,0.0,3.442,0
2019-03-15,3.443,3.443,3.443,3.443,0.0,3.443,0
2019-03-18,3.442,3.442,3.442,3.442,0.0,3.442,0
2019-03-19,3.443,3.443,3.443,3.443,0.0,3.443,0
2019-03-20,3.441,3.441,3.441,3.441,0.0,3.441,0
2019-03-21,3.451,3.451,3.451,3.451,0.0,3.451,0
2019-03-22,3.441,3.441,3.441,3.441,0.0,3.441,0
2019-03-25,3.44,3.44,3.44,3.44,0.0,3.44,0
2019-03-26,3.442,3.442,3.442,3.442,0.0,3.442,0
2019-03-27,3.433,3.433,3.433,3.433,0.0,3.433,0
2019-03-28,3.436,3.436,3.436,3.436,0.0,3.436,0
2019-03-29,3.435,3.435,3.435,3.435,0.0,3.435,0
2019-04-01,3.434,3.434,3.434,3.434,0.0,3.434,0
2019-04-02,3.441,3.441,3.441,3.441,0.0,3.441,0
2019-04-03,3.44,3.44,3.44,3.44,0.0,3.44,0
2019-04-04,3.471,3.471,3.471,3.471,0.0,3.471,0
2019-04-05,3.439,3.439,3.439,3.439,0.0,3.439,0
2019-04-08,3.442,3.442,3.442,3.442,0.0,3.442,0
2019-04-09,3.449,3.449,3.449,3.449,0.0,3.449,0
2019-04-10,3.427,3.427,3.427,3.427,0.0,3.427,0
2019-04-11,3.425,3.425,3.425,3.425,0.0,3.425,0
2019-04-12,3.425,3.425,3.425,3.425,0.0,3.425,0
2019-04-15,3.425,3.425,3.425,3.425,0.0,3.425,0
2019-04-16,3.426,3.426,3.426,3.426,0.0,3.426,0
2019-04-17,3.416,3.416,3.416,3.416,0.0,3.416,0
2019-04-18,3.401,3.401,3.401,3.401,0.0,3.401,0
2019-04-22,3.389,3.389,3.389,3.389,0.0,3.389,0
2019-04-23,3.384,3.384,3.384,3.384,0.0,3.384,0
2019-04-24,3.394,3.394,3.394,3.394,0.0,3.394,0
2019-04-25,3.404,3.404,3.404,3.404,0.0,3.404,0
2019-04-26,3.401,3.401,3.401,3.401,0.0,3.401,0
2019-04-29,3.408,3.408,3.408,3.408,0.0,3.408,0
2019-04-30,3.413,3.413,3.413,3.413,0.0,3.413,0
2019-05-01,3.415,3.415,3.415,3.415,0.0,3.415,0
2019-05-02,3.412,3.412,3.412,3.412,0.0,3.412,0
2019-05-03,3.425,3.425,3.425,3.425,0.0,3.425,0
2019-05-06,3.428,3.428,3.428,3.428,0.0,3.428,0
2019-05-07,3.428,3.428,3.428,3.428,0.0,3.428,0
2019-05-08,3.422,3.422,3.422,3.422,0.0,3.422,0
2019-05-09,3.429,3.429,3.429,3.429,0.0,3.429,0
2019-05-10,3.42,3.42,3.42,3.42,0.0,3.42,0
2019-05-13,3.423,3.423,3.423,3.423,0.0,3.423,0
2019-05-14,3.434,3.434,3.434,3.434,0.0,3.434,0
2019-05-15,3.452,3.452,3.452,3.452,0.0,3.452,0
2019-05-16,3.448,3.448,3.448,3.448,0.0,3.448,0
2019-05-17,3.452,3.452,3.452,3.452,0.0,3.452,0
2019-05-20,3.457,3.457,3.457,3.457,0.0,3.457,0
2019-05-21,3.46,3.46,3.46,3.46,0.0,3.46,0
2019-05-22,3.404,3.404,3.404,3.404,0.0,3.404,0
2019-05-23,3.416,3.416,3.416,3.416,0.0,3.416,0
2019-05-24,3.426,3.426,3.426,3.426,0.0,3.426,0
2019-05-28,3.467,3.467,3.467,3.467,0.0,3.467,0
2019-05-29,3.448,3.448,3.448,3.448,0.0,3.448,0
2019-05-30,3.446,3.446,3.446,3.446,0.0,3.446,0
2019-05-31,3.444,3.444,3.444,3.444,0.0,3.444,0
2019-06-03,3.432,3.432,3.432,3.432,0.0,3.432,0
2019-06-04,3.418,3.418,3.418,3.418,0.0,3.418,0
2019-06-05,3.422,3.422,3.422,3.422,0.0,3.422,0
2019-06-06,3.432,3.432,3.432,3.432,0.0,3.432,0
2019-06-07,3.433,3.433,3.433,3.433,0.0,3.433,0
2019-06-10,3.422,3.422,3.422,3.422,0.0,3.422,0
2019-06-11,3.422,3.422,3.422,3.422,0.0,3.422,0
2019-06-12,3.419,3.419,3.419,3.419,0.0,3.419,0
2019-06-13,3.42,3.42,3.42,3.42,0.0,3.42,0
2019-06-14,3.425,3.425,3.425,3.425,0.0,3.425,0
2019-06-17,3.428,3.428,3.428,3.428,0.0,3.428,0
2019-06-18,3.411,3.411,3.411,3.411,0.0,3.411,0
2019-06-19,3.412,3.412,3.412,3.412,0.0,3.412,0
2019-06-20,3.416,3.416,3.416,3.416,0.0,3.416,0
2019-06-21,3.431,3.431,3.431,3.431,0.0,3.431,0
2019-06-24,3.431,3.431,3.431,3.431,0.0,3.431,0
2019-06-25,3.43,3.43,3.43,3.43,0.0,3.43,0
2019-06-26,3.422,3.422,3.422,3.422,0.0,3.422,0
2019-06-27,3.418,3.418,3.418,3.418,0.0,3.418,0
2019-06-28,3.39,3.39,3.39,3.39,0.0,3.39,0
2019-07-01,3.383,3.383,3.383,3.383,0.0,3.383,0
2019-07-02,3.392,3.392,3.392,3.392,0.0,3.392,0
2019-07-03,3.391,3.391,3.391,3.391,0.0,3.391,0
2019-07-05,3.417,3.417,3.417,3.417,0.0,3.417,0
2019-07-08,3.413,3.413,3.413,3.413,0.0,3.413,0
2019-07-09,3.452,3.452,3.452,3.452,0.0,3.452,0
2019-07-10,3.444,3.444,3.444,3.444,0.0,3.444,0
2019-07-11,3.452,3.452,3.452,3.452,0.0,3.452,0
2019-07-12,3.46,3.46,3.46,3.46,0.0,3.46,0
2019-07-15,3.465,3.465,3.465,3.465,0.0,3.465,0
2019-07-16,3.441,3.441,3.441,3.441,0.0,3.441,0
2019-07-17,3.438,3.438,3.438,3.438,0.0,3.438,0
2019-07-18,3.457,3.457,3.457,3.457,0.0,3.457,0
2019-07-19,3.45,3.45,3.45,3.45,0.0,3.45,0
2019-07-22,3.377,3.377,3.377,3.377,0.0,3.377,0
2019-07-23,3.415,3.415,3.415,3.415,0.0,3.415,0
2019-07-24,3.408,3.408,3.408,3.408,0.0,3.408,0
2019-07-25,3.409,3.409,3.409,3.409,0.0,3.409,0
2019-07-26,3.403,3.403,3.403,3.403,0.0,3.403,0
2019-07-29,3.392,3.392,3.392,3.392,0.0,3.392,0
2019-07-30,3.395,3.395,3.395,3.395,0.0,3.395,0
2019-07-31,3.401,3.401,3.401,3.401,0.0,3.401,0
2019-08-01,3.404,3.404,3.404,3.404,0.0,3.404,0
2019-08-02,3.391,3.391,3.391,3.391,0.0,3.391,0
2019-08-05,3.389,3.389,3.389,3.389,0.0,3.389,0
2019-08-06,3.39,3.39,3.39,3.39,0.0,3.39,0
2019-08-07,3.395,3.395,3.395,3.395,0.0,3.395,0
2019-08-08,3.364,3.364,3.364,3.364,0.0,3.364,0
2019-08-09,3.353,3.353,3.353,3.353,0.0,3.353,0
2019-08-12,3.312,3.312,3.312,3.312,0.0,3.312,0
2019-08-13,3.294,3.294,3.294,3.294,0.0,3.294,0
2019-08-14,3.238,3.238,3.238,3.238,0.0,3.238,0
2019-08-15,3.238,3.238,3.238,3.238,0.0,3.238,0
2019-08-16,3.221,3.221,3.221,3.221,0.0,3.221,0
2019-08-19,3.226,3.226,3.226,3.226,0.0,3.226,0
2019-08-20,3.229,3.229,3.229,3.229,0.0,3.229,0
2019-08-21,3.234,3.234,3.234,3.234,0.0,3.234,0
2019-08-22,3.238,3.238,3.238,3.238,0.0,3.238,0
2019-08-23,3.268,3.268,3.268,3.268,0.0,3.268,0
2019-08-26,3.257,3.257,3.257,3.257,0.0,3.257,0
2019-08-27,3.277,3.277,3.277,3.277,0.0,3.277,0
2019-08-28,3.296,3.296,3.296,3.296,0.0,3.296,0
2019-08-29,3.284,3.284,3.284,3.284,0.0,3.284,0
2019-08-30,3.225,3.225,3.225,3.225,0.0,3.225,0
2019-09-03,3.239,3.239,3.239,3.239,0.0,3.239,0
2019-09-04,3.2,3.2,3.2,3.2,0.0,3.2,0
2019-09-05,3.212,3.212,3.212,3.212,0.0,3.212,0
2019-09-06,3.199,3.199,3.199,3.199,0.0,3.199,0
2019-09-09,3.17,3.17,3.17,3.17,0.0,3.17,0
2019-09-10,3.174,3.174,3.174,3.174,0.0,3.174,0
2019-09-11,3.169,3.169,3.169,3.169,0.0,3.169,0
2019-09-12,3.174,3.174,3.174,3.174,0.0,3.174,0
2019-09-13,3.139,3.139,3.139,3.139,0.0,3.139,0
2019-09-16,3.169,3.169,3.169,3.169,0.0,3.169,0
2019-09-17,3.133,3.133,3.133,3.133,0.0,3.133,0
2019-09-18,3.146,3.146,3.146,3.146,0.0,3.146,0
2019-09-19,3.14,3.14,3.14,3.14,0.0,3.14,0
2019-09-20,3.151,3.151,3.151,3.151,0.0,3.151,0
2019-09-23,3.148,3.148,3.148,3.148,0.0,3.148,0
2019-09-24,3.139,3.139,3.139,3.139,0.0,3.139,0
2019-09-25,3.138,3.138,3.138,3.138,0.0,3.138,0
2019-09-26,3.139,3.139,3.139,3.139,0.0,3.139,0
2019-09-27,3.113,3.113,3.113,3.113,0.0,3.113,0
2019-09-30,3.175,3.175,3.175,3.175,0.0,3.175,0
2019-10-01,3.124,3.124,3.124,3.124,0.0,3.124,0
2019-10-02,3.152,3.152,3.152,3.152,0.0,3.152,0
2019-10-03,3.137,3.137,3.137,3.137,0.0,3.137,0
2019-10-04,3.127,3.127,3.127,3.127,0.0,3.127,0
2019-10-07,3.131,3.131,3.131,3.131,0.0,3.131,0
2019-10-08,3.107,3.107,3.107,3.107,0.0,3.107,0
2019-10-09,3.118,3.118,3.118,3.118,0.0,3.118,0
2019-10-10,3.119,3.119,3.119,3.119,0.0,3.119,0
2019-10-11,3.13,3.13,3.13,3.13,0.0,3.13,0
2019-10-14,3.145,3.145,3.145,3.145,0.0,3.145,0
2019-10-15,3.161,3.161,3.161,3.161,0.0,3.161,0
2019-10-16,3.163,3.163,3.163,3.163,0.0,3.163,0
2019-10-17,3.16,3.16,3.16,3.16,0.0,3.16,0
2019-10-18,3.155,3.155,3.155,3.155,0.0,3.155,0
2019-10-21,3.15,3.15,3.15,3.15,0.0,3.15,0
2019-10-22,3.154,3.154,3.154,3.154,0.0,3.154,0
2019-10-23,3.148,3.148,3.148,3.148,0.0,3.148,0
2019-10-24,3.152,3.152,3.152,3.152,0.0,3.152,0
2019-10-25,3.15,3.15,3.15,3.15,0.0,3.15,0
2019-10-28,3.159,3.159,3.159,3.159,0.0,3.159,0
2019-10-29,3.175,3.175,3.175,3.175,0.0,3.175,0
2019-10-30,3.182,3.182,3.182,3.182,0.0,3.182,0
2019-10-31,3.18,3.18,3.18,3.18,0.0,3.18,0
2019-11-01,3.189,3.189,3.189,3.189,0.0,3.189,0
2019-11-04,3.125,3.125,3.125,3.125,0.0,3.125,0
2019-11-05,3.104,3.104,3.104,3.104,0.0,3.104,0
2019-11-06,3.115,3.115,3.115,3.115,0.0,3.115,0
2019-11-07,3.062,3.062,3.062,3.062,0.0,3.062,0
2019-11-08,3.069,3.069,3.069,3.069,0.0,3.069,0
2019-11-11,3.06,3.06,3.06,3.06,0.0,3.06,0
2019-11-12,3.01,3.01,3.01,3.01,0.0,3.01,0
2019-11-13,3.011,3.011,3.011,3.011,0.0,3.011,0
2019-11-14,2.998,2.998,2.998,2.998,0.0,2.998,0
2019-11-15,3.004,3.004,3.004,3.004,0.0,3.004,0
2019-11-18,3.008,3.008,3.008,3.008,0.0,3.008,0
2019-11-19,3.02,3.02,3.02,3.02,0.0,3.02,0
2019-11-20,3.032,3.032,3.032,3.032,0.0,3.032,0
2019-11-21,3.039,3.039,3.039,3.039,0.0,3.039,0
2019-11-22,3.039,3.039,3.039,3.039,0.0,3.039,0
2019-11-25,3.021,3.021,3.021,3.021,0.0,3.021,0
2019-11-26,3.015,3.015,3.015,3.015,0.0,3.015,0
2019-11-27,3.019,3.019,3.019,3.019,0.0,3.019,0
2019-11-29,2.977,2.977,2.977,2.977,0.0,2.977,0
2019-12-02,3.003,3.003,3.003,3.003,0.0,3.003,0
2019-12-03,3.012,3.012,3.012,3.012,0.0,3.012,0
2019-12-04,3.011,3.011,3.011,3.011,0.0,3.011,0
2019-12-05,3.003,3.003,3.003,3.003,0.0,3.003,0
2019-12-06,2.983,2.983,2.983,2.983,0.0,2.983,0
2019-12-09,2.955,2.955,2.955,2.955,0.0,2.955,0
2019-12-10,2.964,2.964,2.964,2.964,0.0,2.964,0
2019-12-11,2.961,2.961,2.961,2.961,0.0,2.961,0
2019-12-12,2.966,2.966,2.966,2.966,0.0,2.966,0
2019-12-13,2.949,2.949,2.949,2.949,0.0,2.949,0
2019-12-16,2.963,2.963,2.963,2.963,0.0,2.963,0
2019-12-17,2.965,2.965,2.965,2.965,0.0,2.965,0
2019-12-18,2.894,2.894,2.894,2.894,0.0,2.894,0
2019-12-19,2.868,2.868,2.868,2.868,0.0,2.868,0
2019-12-20,2.859,2.859,2.859,2.859,0.0,2.859,0
2019-12-23,2.866,2.866,2.866,2.866,0.0,2.866,0
2019-12-24,2.864,2.864,2.864,2.864,0.0,2.864,0
2019-12-26,2.852,2.852,2.852,2.852,0.0,2.852,0
2019-12-27,2.85,2.85,2.85,2.85,0.0,2.85,0
2019-12-30,2.847,2.847,2.847,2.847,0.0,2.847,0
2019-12-31,2.856,2.856,2.856,2.856,0.0,2.856,0
2020-01-02,2.851,2.851,2.851,2.851,0.0,2.851,0
2020-01-03,2.851,2.851,2.851,2.851,0.0,2.851,0
2020-01-06,2.855,2.855,2.855,2.855,0.0,2.855,0
2020-01-07,2.87,2.87,2.87,2.87,0.0,2.87,0
2020-01-08,2.873,2.873,2.873,2.873,0.0,2.873,0
2020-01-09,2.884,2.884,2.884,2.884,0.0,2.884,0
2020-01-10,2.886,2.886,2.886,2.886,0.0,2.886,0
2020-01-13,2.886,2.886,2.886,2.886,0.0,2.886,0
2020-01-14,2.885,2.885,2.885,2.885,0.0,2.885,0
2020-01-15,2.884,2.884,2.884,2.884,0.0,2.884,0
2020-01-16,2.891,2.891,2.891,2.891,0.0,2.891,0
2020-01-17,2.901,2.901,2.901,2.901,0.0,2.901,0
2020-01-21,2.891,2.891,2.891,2.891,0.0,2.891,0
2020-01-22,2.893,2.893,2.893,2.893,0.0,2.893,0
2020-01-23,2.885,2.885,2.885,2.885,0.0,2.885,0
2020-01-24,2.897,2.897,2.897,2.897,0.0,2.897,0
2020-01-27,2.856,2.856,2.856,2.856,0.0,2.856,0
2020-01-28,2.866,2.866,2.866,2.866,0.0,2.866,0
2020-01-29,2.851,2.851,2.851,2.851,0.0,2.851,0
2020-01-30,2.832,2.832,2.832,2.832,0.0,2.832,0
2020-01-31,2.833,2.833,2.833,2.833,0.0,2.833,0
2020-02-03,2.828,2.828,2.828,2.828,0.0,2.828,0
2020-02-04,2.824,2.824,2.824,2.824,0.0,2.824,0
2020-02-05,2.796,2.796,2.796,2.796,0.0,2.796,0
2020-02-06,2.8,2.8,2.8,2.8,0.0,2.8,0
2020-02-07,2.818,2.818,2.818,2.818,0.0,2.818,0
2020-02-10,2.81,2.81,2.81,2.81,0.0,2.81,0
2020-02-11,2.775,2.775,2.775,2.775,0.0,2.775,0
2020-02-12,2.782,2.782,2.782,2.782,0.0,2.782,0
2020-02-13,2.772,2.772,2.772,2.772,0.0,2.772,0
2020-02-14,2.807,2.807,2.807,2.807,0.0,2.807,0
2020-02-18,2.78,2.78,2.78,2.78,0.0,2.78,0
2020-02-19,2.801,2.801,2.801,2.801,0.0,2.801,0
2020-02-20,2.801,2.801,2.801,2.801,0.0,2.801,0
2020-02-21,2.831,2.831,2.831,2.831,0.0,2.831,0
2020-02-24,2.837,2.837,2.837,2.837,0.0,2.837,0
2020-02-25,2.84,2.84,2.84,2.84,0.0,2.84,0
2020-02-26,2.863,2.863,2.863,2.863,0.0,2.863,0
2020-02-27,2.853,2.853,2.853,2.853,0.0,2.853,0
2020-02-28,2.901,2.901,2.901,2.901,0.0,2.901,0
2020-03-02,2.941,2.941,2.941,2.941,0.0,2.941,0
2020-03-03,2.937,2.937,2.937,2.937,0.0,2.937,0
2020-03-04,2.926,2.926,2.926,2.926,0.0,2.926,0
2020-03-05,2.901,2.901,2.901,2.901,0.0,2.901,0
2020-03-06,2.914,2.914,2.914,2.914,0.0,2.914,0
2020-03-09,2.951,2.951,2.951,2.951,0.0,2.951,0
2020-03-10,2.951,2.951,2.951,2.951,0.0,2.951,0
2020-03-11,2.913,2.913,2.913,2.913,0.0,2.913,0
2020-03-12,2.863,2.863,2.863,2.863,0.0,2.863,0
2020-03-13,2.858,2.858,2.858,2.858,0.0,2.858,0
2020-03-16,2.847,2.847,2.847,2.847,0.0,2.847,0
2020-03-17,2.876,2.876,2.876,2.876,0.0,2.876,0
2020-03-18,2.882,2.882,2.882,2.882,0.0,2.882,0
2020-03-19,2.895,2.895,2.895,2.895,0.0,2.895,0
2020-03-20,2.889,2.889,2.889,2.889,0.0,2.889,0
2020-03-23,2.884,2.884,2.884,2.884,0.0,2.884,0
2020-03-24,2.841,2.841,2.841,2.841,0.0,2.841,0
2020-03-25,2.836,2.836,2.836,2.836,0.0,2.836,0
2020-03-26,2.802,2.802,2.802,2.802,0.0,2.802,0
2020-03-27,2.824,2.824,2.824,2.824,0.0,2.824,0
2020-03-30,2.832,2.832,2.832,2.832,0.0,2.832,0
2020-03-31,2.82,2.82,2.82,2.82,0.0,2.82,0
2020-04-01,2.79,2.79,2.79,2.79,0.0,2.79,0
2020-04-02,2.776,2.776,2.776,2.776,0.0,2.776,0
2020-04-03,2.76,2.76,2.76,2.76,0.0,2.76,0
2020-04-06,2.776,2.776,2.776,2.776,0.0,2.776,0
2020-04-07,2.77,2.77,2.77,2.77,0.0,2.77,0
2020-04-08,2.787,2.787,2.787,2.787,0.0,2.787,0
2020-04-09,2.773,2.773,2.773,2.773,0.0,2.773,0
2020-04-13,2.799,2.799,2.799,2.799,0.0,2.799,0
2020-04-14,2.781,2.781,2.781,2.781,0.0,2.781,0
2020-04-15,2.75,2.75,2.75,2.75,0.0,2.75,0
2020-04-16,2.755,2.755,2.755,2.755,0.0,2.755,0
2020-04-17,2.756,2.756,2.756,2.756,0.0,2.756,0
2020-04-20,2.792,2.792,2.792,2.792,0.0,2.792,0
2020-04-21,2.775,2.775,2.775,2.775,0.0,2.775,0
2020-04-22,2.803,2.803,2.803,2.803,0.0,2.803,0
2020-04-23,2.757,2.757,2.757,2.757,0.0,2.757,0
2020-04-24,2.755,2.755,2.755,2.755,0.0,2.755,0
2020-04-27,2.781,2.781,2.781,2.781,0.0,2.781,0
2020-04-28,2.773,2.773,2.773,2.773,0.0,2.773,0
2020-04-29,2.768,2.768,2.768,2.768,0.0,2.768,0
2020-04-30,2.743,2.743,2.743,2.743,0.0,2.743,0
2020-05-01,2.726,2.726,2.726,2.726,0.0,2.726,0
2020-05-04,2.697,2.697,2.697,2.697,0.0,2.697,0
2020-05-05,2.684,2.684,2.684,2.684,0.0,2.684,0
2020-05-06,2.723,2.723,2.723,2.723,0.0,2.723,0
2020-05-07,2.68,2.68,2.68,2.68,0.0,2.68,0
2020-05-08,2.669,2.669,2.669,2.669,0.0,2.669,0
2020-05-11,2.645,2.645,2.645,2.645,0.0,2.645,0
2020-05-12,2.649,2.649,2.649,2.649,0.0,2.649,0
2020-05-13,2.649,2.649,2.598,2.598,8.0,2.649,1
2020-05-14,2.572,2.572,2.572,2.572,0.0,2.572,0
2020-05-15,2.633,2.633,2.633,2.633,0.0,2.633,0
2020-05-18,2.651,2.651,2.651,2.651,0.0,2.651,0
2020-05-19,2.648,2.648,2.648,2.648,0.0,2.648,0
2020-05-20,2.6,2.6,2.6,2.6,0.0,2.6,0
2020-05-21,2.591,2.591,2.591,2.591,0.0,2.591,0
2020-05-22,2.634,2.634,2.634,2.634,0.0,2.634,0
2020-05-26,2.619,2.619,2.619,2.619,0.0,2.619,0
2020-05-27,2.664,2.664,2.664,2.664,0.0,2.664,0
2020-05-28,2.656,2.656,2.656,2.656,0.0,2.656,0
2020-05-29,2.65,2.65,2.65,2.65,0.0,2.65,0
2020-06-01,2.627,2.627,2.627,2.627,0.0,2.627,0
2020-06-02,2.632,2.632,2.632,2.632,0.0,2.632,0
2020-06-03,2.619,2.619,2.619,2.619,0.0,2.619,0
2020-06-04,2.628,2.628,2.628,2.628,0.0,2.628,0
2020-06-05,2.622,2.622,2.622,2.622,0.0,2.622,0
2020-06-08,2.636,2.636,2.636,2.636,0.0,2.636,0
2020-06-09,2.658,2.658,2.658,2.658,0.0,2.658,0
2020-06-10,2.663,2.663,2.663,2.663,0.0,2.663,0
2020-06-11,2.658,2.658,2.658,2.658,0.0,2.658,0
2020-06-12,2.647,2.647,2.647,2.647,0.0,2.647,0
2020-06-15,2.674,2.674,2.674,2.674,0.0,2.674,0
2020-06-16,2.67,2.67,2.67,2.67,0.0,2.67,0
2020-06-17,2.665,2.665,2.665,2.665,0.0,2.665,0
2020-06-18,2.664,2.664,2.664,2.664,0.0,2.664,0
2020-06-19,2.647,2.647,2.647,2.647,0.0,2.647,0
2020-06-22,2.635,2.635,2.635,2.635,0.0,2.635,0
2020-06-23,2.634,2.634,2.634,2.634,0.0,2.634,0
2020-06-24,2.645,2.645,2.645,2.645,0.0,2.645,0
2020-06-25,2.678,2.678,2.678,2.678,0.0,2.678,0
2020-06-26,2.7,2.7,2.7,2.7,0.0,2.7,0
2020-06-29,2.698,2.698,2.698,2.698,0.0,2.698,0
2020-06-30,2.698,2.698,2.698,2.698,0.0,2.698,0
2020-07-01,2.711,2.711,2.711,2.711,0.0,2.711,0
2020-07-02,2.755,2.755,2.755,2.755,0.0,2.755,0
2020-07-06,2.734,2.734,2.734,2.734,0.0,2.734,0
2020-07-07,2.722,2.722,2.722,2.722,0.0,2.722,0
2020-07-08,2.75,2.75,2.75,2.75,0.0,2.75,0
2020-07-09,2.735,2.735,2.735,2.735,0.0,2.735,0
2020-07-10,2.717,2.717,2.717,2.717,0.0,2.717,0
2020-07-13,2.713,2.713,2.713,2.713,0.0,2.713,0
2020-07-14,2.712,2.712,2.712,2.712,0.0,2.712,0
2020-07-15,2.722,2.722,2.722,2.722,0.0,2.722,0
2020-07-16,2.715,2.715,2.715,2.715,0.0,2.715,0
2020-07-17,2.712,2.712,2.712,2.712,0.0,2.712,0
2020-07-20,2.703,2.703,2.703,2.703,0.0,2.703,0
2020-07-21,2.718,2.718,2.718,2.718,0.0,2.718,0
2020-07-22,2.727,2.727,2.727,2.727,0.0,2.727,0
2020-07-23,2.811,2.811,2.811,2.811,0.0,2.811,0
2020-07-24,2.83,2.83,2.83,2.83,0.0,2.83,0
2020-07-27,2.893,2.893,2.893,2.893,0.0,2.893,0
2020-07-28,2.89,2.89,2.89,2.89,0.0,2.89,0
2020-07-29,2.895,2.895,2.895,2.895,0.0,2.895,0
2020-07-30,2.906,2.906,2.906,2.906,0.0,2.906,0
2020-07-31,3.006,3.006,3.006,3.006,0.0,3.006,0
2020-08-03,3.004,3.004,3.004,3.004,0.0,3.004,0
2020-08-04,2.998,2.998,2.998,2.998,0.0,2.998,0
2020-08-05,3.016,3.016,3.016,3.016,0.0,3.016,0
2020-08-06,3.041,3.041,3.041,3.041,0.0,3.041,0
2020-08-07,3.103,3.103,3.103,3.103,0.0,3.103,0
2020-08-10,3.071,3.071,3.071,3.071,0.0,3.071,0
2020-08-11,2.986,2.986,2.986,2.986,0.0,2.986,0
2020-08-12,2.963,2.963,2.963,2.963,0.0,2.963,0
2020-08-13,2.983,2.983,2.983,2.983,0.0,2.983,0
2020-08-14,2.969,2.969,2.969,2.969,0.0,2.969,0
2020-08-17,2.969,2.969,2.969,2.969,0.0,2.969,0
2020-08-18,2.964,2.964,2.964,2.964,0.0,2.964,0
2020-08-19,2.959,2.959,2.959,2.959,0.0,2.959,0
2020-08-20,2.957,2.957,2.957,2.957,0.0,2.957,0
2020-08-21,2.952,2.952,2.952,2.952,0.0,2.952,0
2020-08-24,2.947,2.947,2.947,2.947,0.0,2.947,0
2020-08-25,2.94,2.94,2.94,2.94,0.0,2.94,0
2020-08-26,2.968,2.968,2.968,2.968,0.0,2.968,0
2020-08-27,2.977,2.977,2.977,2.977,0.0,2.977,0
2020-08-28,2.965,2.965,2.965,2.965,0.0,2.965,0
2020-08-31,2.939,2.939,2.939,2.939,0.0,2.939,0
2020-09-01,2.937,2.937,2.937,2.937,0.0,2.937,0
2020-09-02,2.931,2.931,2.931,2.931,0.0,2.931,0
2020-09-03,2.928,2.928,2.928,2.928,0.0,2.928,0
2020-09-04,2.854,2.854,2.854,2.854,0.0,2.854,0
2020-09-08,2.855,2.855,2.855,2.855,0.0,2.855,0
2020-09-09,2.841,2.841,2.841,2.841,0.0,2.841,0
2020-09-10,2.823,2.823,2.823,2.823,0.0,2.823,0
2020-09-11,2.8,2.8,2.8,2.8,0.0,2.8,0
2020-09-14,2.773,2.773,2.773,2.773,0.0,2.773,0
2020-09-15,2.78,2.78,2.78,2.78,0.0,2.78,0
2020-09-16,2.751,2.751,2.751,2.751,0.0,2.751,0
2020-09-17,2.739,2.739,2.739,2.739,0.0,2.739,0
2020-09-18,2.76,2.76,2.76,2.76,0.0,2.76,0
2020-09-21,2.731,2.731,2.731,2.731,0.0,2.731,0
2020-09-22,2.77,2.77,2.77,2.77,0.0,2.77,0
2020-09-23,2.81,2.81,2.81,2.81,0.0,2.81,0
2020-09-24,2.836,2.836,2.836,2.836,0.0,2.836,0
2020-09-25,2.855,2.855,2.855,2.855,0.0,2.855,0
2020-09-28,2.863,2.863,2.863,2.863,0.0,2.863,0
2020-09-29,2.834,2.834,2.834,2.834,0.0,2.834,0
2020-09-30,2.815,2.815,2.815,2.815,0.0,2.815,0
2020-10-01,2.795,2.795,2.795,2.795,0.0,2.795,0
2020-10-02,2.792,2.792,2.792,2.792,0.0,2.792,0
2020-10-05,2.77,2.77,2.77,2.77,0.0,2.77,0
2020-10-06,2.777,2.777,2.777,2.777,0.0,2.777,0
2020-10-07,2.8,2.8,2.8,2.8,0.0,2.8,0
2020-10-08,2.775,2.775,2.775,2.775,0.0,2.775,0
2020-10-09,2.805,2.805,2.805,2.805,0.0,2.805,0
2020-10-12,2.791,2.791,2.791,2.791,0.0,2.791,0
2020-10-13,2.771,2.771,2.771,2.771,0.0,2.771,0
2020-10-14,2.798,2.798,2.798,2.798,0.0,2.798,0
2020-10-15,2.784,2.784,2.784,2.784,0.0,2.784,0
2020-10-16,2.787,2.787,2.787,2.787,0.0,2.787,0
2020-10-19,2.83,2.83,2.83,2.83,0.0,2.83,0
2020-10-20,2.771,2.771,2.771,2.771,0.0,2.771,0
2020-10-21,2.792,2.792,2.792,2.792,0.0,2.792,0
2020-10-22,2.794,2.794,2.794,2.794,0.0,2.794,0
2020-10-23,2.821,2.821,2.821,2.821,0.0,2.821,0
2020-10-26,2.734,2.734,2.734,2.734,0.0,2.734,0
2020-10-27,2.788,2.788,2.788,2.788,0.0,2.788,0
2020-10-28,2.838,2.838,2.838,2.838,0.0,2.838,0
2020-10-29,2.85,2.85,2.85,2.85,0.0,2.85,0
2020-10-30,2.867,2.867,2.867,2.867,0.0,2.867,0
2020-11-02,2.836,2.836,2.836,2.836,0.0,2.836,0
2020-11-03,2.865,2.865,2.865,2.865,0.0,2.865,0
2020-11-04,2.862,2.862,2.862,2.862,0.0,2.862,0
2020-11-05,2.857,2.857,2.857,2.857,0.0,2.857,0
2020-11-06,2.847,2.847,2.847,2.847,0.0,2.847,0
2020-11-09,2.843,2.843,2.843,2.843,0.0,2.843,0
2020-11-10,2.853,2.853,2.853,2.853,0.0,2.853,0
2020-11-11,2.868,2.868,2.868,2.868,0.0,2.868,0
2020-11-12,2.865,2.865,2.865,2.865,0.0,2.865,0
2020-11-13,2.819,2.819,2.819,2.819,0.0,2.819,0
2020-11-16,2.816,2.816,2.816,2.816,0.0,2.816,0
2020-11-17,2.833,2.833,2.833,2.833,0.0,2.833,0
2020-11-18,2.857,2.857,2.857,2.857,0.0,2.857,0
2020-11-19,2.857,2.857,2.857,2.857,0.0,2.857,0
2020-11-20,2.85,2.85,2.85,2.85,0.0,2.85,0
2020-11-23,2.844,2.844,2.844,2.844,0.0,2.844,0
2020-11-24,2.846,2.846,2.846,2.846,0.0,2.846,0
2020-11-25,2.829,2.829,2.829,2.829,0.0,2.829,0
2020-11-27,2.825,2.825,2.825,2.825,0.0,2.825,0
2020-11-30,2.811,2.811,2.811,2.811,0.0,2.811,0
2020-12-01,2.873,2.873,2.873,2.873,0.0,2.873,0
2020-12-02,2.898,2.898,2.898,2.898,0.0,2.898,0
2020-12-03,2.87,2.87,2.87,2.87,0.0,2.87,0
2020-12-04,2.89,2.89,2.89,2.89,0.0,2.89,0
2020-12-07,2.861,2.861,2.861,2.861,0.0,2.861,0
2020-12-08,2.849,2.849,2.849,2.849,0.0,2.849,0
2020-12-09,2.859,2.859,2.859,2.859,0.0,2.859,0
2020-12-10,2.864,2.864,2.864,2.864,0.0,2.864,0
2020-12-11,2.883,2.883,2.883,2.883,0.0,2.883,0
2020-12-14,2.877,2.877,2.877,2.877,0.0,2.877,0
2020-12-15,2.862,2.862,2.862,2.862,0.0,2.862,0
2020-12-16,2.874,2.874,2.874,2.874,0.0,2.874,0
2020-12-17,2.862,2.862,2.862,2.862,0.0,2.862,0
2020-12-18,2.876,2.876,2.876,2.876,0.0,2.876,0
2020-12-21,2.847,2.847,2.847,2.847,0.0,2.847,0
2020-12-22,2.892,2.892,2.892,2.892,0.0,2.892,0
2020-12-23,2.887,2.887,2.887,2.887,0.0,2.887,0
2020-12-24,2.899,2.899,2.899,2.899,0.0,2.899,0
2020-12-28,2.818,2.818,2.818,2.818,0.0,2.818,0
2020-12-29,2.887,2.887,2.887,2.887,0.0,2.887,0
2020-12-30,2.858,2.858,2.858,2.858,0.0,2.858,0
2020-12-31,2.885,2.885,2.885,2.885,0.0,2.885,0
2021-01-04,2.893,2.893,2.893,2.893,0.0,2.893,0
2021-01-05,2.908,2.908,2.908,2.908,0.0,2.908,0
2021-01-06,2.941,2.941,2.941,2.941,0.0,2.941,0
2021-01-07,2.909,2.909,2.909,2.909,0.0,2.909,0
2021-01-08,2.893,2.893,2.893,2.893,0.0,2.893,0
2021-01-11,2.896,2.896,2.896,2.896,0.0,2.896,0
2021-01-12,2.903,2.903,2.903,2.903,0.0,2.903,0
2021-01-13,2.934,2.934,2.934,2.934,0.0,2.934,0
2021-01-14,2.882,2.882,2.882,2.882,0.0,2.882,0
2021-01-15,2.918,2.918,2.918,2.918,0.0,2.918,0
2021-01-19,2.925,2.925,2.925,2.925,0.0,2.925,0
2021-01-20,2.939,2.939,2.939,2.939,0.0,2.939,0
2021-01-21,2.938,2.938,2.938,2.938,0.0,2.938,0
2021-01-22,2.938,2.938,2.938,2.938,0.0,2.938,0
2021-01-25,2.895,2.895,2.895,2.895,0.0,2.895,0
2021-01-26,2.924,2.924,2.924,2.924,0.0,2.924,0
2021-01-27,2.939,2.939,2.939,2.939,0.0,2.939,0
2021-01-28,2.938,2.938,2.938,2.938,0.0,2.938,0
2021-01-29,2.932,2.932,2.932,2.932,0.0,2.932,0
2021-02-01,2.936,2.936,2.936,2.936,0.0,2.936,0
2021-02-02,2.932,2.932,2.932,2.932,0.0,2.932,0
2021-02-03,2.913,2.913,2.913,2.913,0.0,2.913,0
2021-02-04,2.889,2.889,2.889,2.889,0.0,2.889,0
2021-02-05,2.898,2.898,2.898,2.898,0.0,2.898,0
2021-02-08,2.918,2.918,2.918,2.918,0.0,2.918,0
2021-02-09,2.918,2.918,2.918,2.918,0.0,2.918,0
2021-02-10,2.923,2.923,2.923,2.923,0.0,2.923,0
2021-02-11,2.91,2.91,2.91,2.91,0.0,2.91,0
2021-02-12,2.904,2.904,2.904,2.904,0.0,2.904,0
2021-02-16,2.921,2.921,2.921,2.921,0.0,2.921,0
2021-02-17,2.916,2.916,2.916,2.916,0.0,2.916,0
2021-02-18,2.906,2.906,2.906,2.906,0.0,2.906,0
2021-02-19,2.902,2.902,2.902,2.902,0.0,2.902,0
2021-02-22,2.904,2.904,2.904,2.904,0.0,2.904,0
2021-02-23,2.909,2.909,2.909,2.909,0.0,2.909,0
2021-02-24,2.903,2.903,2.903,2.903,0.0,2.903,0
2021-02-25,2.852,2.852,2.852,2.852,0.0,2.852,0
2021-02-26,2.872,2.872,2.872,2.872,0.0,2.872,0
2021-03-01,2.89,2.89,2.89,2.89,0.0,2.89,0
2021-03-02,2.889,2.889,2.889,2.889,0.0,2.889,0
2021-03-03,2.864,2.864,2.864,2.864,0.0,2.864,0
2021-03-04,2.832,2.832,2.832,2.832,0.0,2.832,0
2021-03-05,2.838,2.838,2.838,2.838,0.0,2.838,0
2021-03-08,2.856,2.856,2.856,2.856,0.0,2.856,0
2021-03-09,2.863,2.863,2.863,2.863,0.0,2.863,0
2021-03-10,2.861,2.861,2.861,2.861,0.0,2.861,0
2021-03-11,2.858,2.858,2.858,2.858,0.0,2.858,0
2021-03-12,2.875,2.875,2.875,2.875,0.0,2.875,0
2021-03-15,2.848,2.848,2.848,2.848,0.0,2.848,0
2021-03-16,2.88,2.88,2.88,2.88,0.0,2.88,0
2021-03-17,2.861,2.861,2.861,2.861,0.0,2.861,0
2021-03-18,2.875,2.875,2.875,2.875,0.0,2.875,0
2021-03-19,2.881,2.881,2.881,2.881,0.0,2.881,0
2021-03-22,2.877,2.877,2.877,2.877,0.0,2.877,0
2021-03-23,2.891,2.891,2.891,2.891,0.0,2.891,0
2021-03-24,2.894,2.894,2.894,2.894,0.0,2.894,0
2021-03-25,2.894,2.894,2.894,2.894,0.0,2.894,0
2021-03-26,2.896,2.896,2.896,2.896,0.0,2.896,0
2021-03-29,2.94,2.94,2.94,2.94,0.0,2.94,0
2021-03-30,2.951,2.951,2.951,2.951,0.0,2.951,0
2021-03-31,2.947,2.947,2.947,2.947,0.0,2.947,0
2021-04-01,2.976,2.976,2.976,2.976,0.0,2.976,0
2021-04-05,2.963,2.963,2.963,2.963,0.0,2.963,0
2021-04-06,2.946,2.946,2.946,2.946,0.0,2.946,0
2021-04-07,2.949,2.949,2.949,2.949,0.0,2.949,0
2021-04-08,2.949,2.949,2.949,2.949,0.0,2.949,0
2021-04-09,2.983,2.983,2.983,2.983,0.0,2.983,0
2021-04-12,2.992,2.992,2.992,2.992,0.0,2.992,0
2021-04-13,2.975,2.975,2.975,2.975,0.0,2.975,0
2021-04-14,2.984,2.984,2.984,2.984,0.0,2.984,0
2021-04-15,2.988,2.988,2.988,2.988,0.0,2.988,0
2021-04-16,3.001,3.001,3.001,3.001,0.0,3.001,0
2021-04-19,2.995,2.995,2.995,2.995,0.0,2.995,0
2021-04-20,2.94,2.94,2.94,2.94,0.0,2.94,0
2021-04-21,2.925,2.925,2.925,2.925,0.0,2.925,0
2021-04-22,2.906,2.906,2.906,2.906,0.0,2.906,0
2021-04-23,2.914,2.914,2.914,2.914,0.0,2.914,0
2021-04-26,2.9,2.9,2.9,2.9,0.0,2.9,0
2021-04-27,2.879,2.879,2.879,2.879,0.0,2.879,0
2021-04-28,2.891,2.891,2.891,2.891,0.0,2.891,0
2021-04-29,2.893,2.893,2.893,2.893,0.0,2.893,0
2021-04-30,2.928,2.928,2.928,2.928,0.0,2.928,0
2021-05-03,2.931,2.931,2.931,2.931,0.0,2.931,0
2021-05-04,2.94,2.94,2.94,2.94,0.0,2.94,0
2021-05-05,2.942,2.942,2.942,2.942,0.0,2.942,0
2021-05-06,2.932,2.932,2.932,2.932,0.0,2.932,0
2021-05-07,2.939,2.939,2.939,2.939,0.0,2.939,0
2021-05-10,2.942,2.942,2.942,2.942,0.0,2.942,0
2021-05-11,2.939,2.939,2.939,2.939,0.0,2.939,0
2021-05-12,2.938,2.938,2.938,2.938,0.0,2.938,0
2021-05-13,2.928,2.928,2.928,2.928,0.0,2.928,0
2021-05-14,2.934,2.934,2.934,2.934,0.0,2.934,0
2021-05-17,2.938,2.938,2.938,2.938,0.0,2.938,0
2021-05-18,2.907,2.907,2.907,2.907,0.0,2.907,0
2021-05-19,2.911,2.911,2.911,2.911,0.0,2.911,0
2021-05-20,2.916,2.916,2.916,2.916,0.0,2.916,0
2021-05-21,2.928,2.928,2.928,2.928,0.0,2.928,0
2021-05-24,2.922,2.922,2.922,2.922,0.0,2.922,0
2021-05-25,2.933,2.933,2.933,2.933,0.0,2.933,0
2021-05-26,2.902,2.902,2.902,2.902,0.0,2.902,0
2021-05-27,2.899,2.899,2.899,2.899,0.0,2.899,0
2021-05-28,2.922,2.922,2.922,2.922,0.0,2.922,0
2021-06-01,2.904,2.904,2.904,2.904,0.0,2.904,0
2021-06-02,2.914,2.914,2.914,2.914,0.0,2.914,0
2021-06-03,2.896,2.896,2.896,2.896,0.0,2.896,0
2021-06-04,2.947,2.947,2.947,2.947,0.0,2.947,0
2021-06-07,2.918,2.918,2.918,2.918,0.0,2.918,0
2021-06-08,2.924,2.924,2.924,2.924,0.0,2.924,0
2021-06-09,2.931,2.931,2.931,2.931,0.0,2.931,0
2021-06-10,2.92,2.92,2.92,2.92,0.0,2.92,0
2021-06-11,2.919,2.919,2.919,2.919,0.0,2.919,0
2021-06-14,2.928,2.928,2.928,2.928,0.0,2.928,0
2021-06-15,2.913,2.913,2.913,2.913,0.0,2.913,0
2021-06-16,2.966,2.966,2.966,2.966,0.0,2.966,0
2021-06-17,2.971,2.971,2.971,2.971,0.0,2.971,0
2021-06-18,2.98,2.98,2.98,2.98,0.0,2.98,0
2021-06-21,2.977,2.977,2.977,2.977,0.0,2.977,0
2021-06-22,2.977,2.977,2.977,2.977,0.0,2.977,0
2021-06-23,2.978,2.978,2.978,2.978,0.0,2.978,0
2021-06-24,2.966,2.966,2.966,2.966,0.0,2.966,0
2021-06-25,3.027,3.027,3.027,3.027,0.0,3.027,0
2021-06-28,3.037,3.037,3.037,3.037,0.0,3.037,0
2021-06-29,3.065,3.065,3.065,3.065,0.0,3.065,0
2021-06-30,3.064,3.064,3.064,3.064,0.0,3.064,0
2021-07-01,3.052,3.052,3.052,3.052,0.0,3.052,0
2021-07-02,3.044,3.044,3.044,3.044,0.0,3.044,0
2021-07-06,3.036,3.036,3.036,3.036,0.0,3.036,0
2021-07-07,3.048,3.048,3.048,3.048,0.0,3.048,0
2021-07-08,3.06,3.06,3.06,3.06,0.0,3.06,0
2021-07-09,3.066,3.066,3.066,3.066,0.0,3.066,0
2021-07-12,3.071,3.071,3.071,3.071,0.0,3.071,0
2021-07-13,3.07,3.07,3.07,3.07,0.0,3.07,0
2021-07-14,3.063,3.063,3.063,3.063,0.0,3.063,0
2021-07-15,3.071,3.071,3.071,3.071,0.0,3.071,0
2021-07-16,3.087,3.087,3.087,3.087,0.0,3.087,0
2021-07-19,3.097,3.097,3.097,3.097,0.0,3.097,0
2021-07-20,3.099,3.099,3.099,3.099,0.0,3.099,0
2021-07-21,3.109,3.109,3.109,3.109,0.0,3.109,0
2021-07-22,3.111,3.111,3.111,3.111,0.0,3.111,0
2021-07-23,3.117,3.117,3.117,3.117,0.0,3.117,0
2021-07-26,3.125,3.125,3.125,3.125,0.0,3.125,0
2021-07-27,3.095,3.095,3.095,3.095,0.0,3.095,0
2021-07-28,3.087,3.087,3.087,3.087,0.0,3.087,0
2021-07-29,3.062,3.062,3.062,3.062,0.0,3.062,0
2021-07-30,3.082,3.082,3.082,3.082,0.0,3.082,0
2021-08-02,3.096,3.096,3.096,3.096,0.0,3.096,0
2021-08-03,3.088,3.088,3.088,3.088,0.0,3.088,0
2021-08-04,3.098,3.098,3.098,3.098,0.0,3.098,0
2021-08-05,3.063,3.063,3.063,3.063,0.0,3.063,0
2021-08-06,3.072,3.072,3.072,3.072,0.0,3.072,0
2021-08-09,3.088,3.088,3.088,3.088,0.0,3.088,0
2021-08-10,3.085,3.085,3.085,3.085,0.0,3.085,0
2021-08-11,3.1,3.1,3.1,3.1,0.0,3.1,0
2021-08-12,3.181,3.181,3.181,3.181,0.0,3.181,0
2021-08-13,3.148,3.148,3.148,3.148,0.0,3.148,0
2021-08-16,3.16,3.16,3.16,3.16,0.0,3.16,0
2021-08-17,3.173,3.173,3.173,3.173,0.0,3.173,0
2021-08-18,3.171,3.171,3.171,3.171,0.0,3.171,0
2021-08-19,3.182,3.182,3.182,3.182,0.0,3.182,0
2021-08-20,3.181,3.181,3.181,3.181,0.0,3.181,0
2021-08-23,3.183,3.183,3.183,3.183,0.0,3.183,0
2021-08-24,3.179,3.179,3.179,3.179,0.0,3.179,0
2021-08-25,3.196,3.196,3.196,3.196,0.0,3.196,0
2021-08-26,3.247,3.247,3.247,3.247,0.0,3.247,0
2021-08-27,3.249,3.249,3.249,3.249,0.0,3.249,0
2021-08-30,3.252,3.252,3.252,3.252,0.0,3.252,0
2021-08-31,3.241,3.241,3.241,3.241,0.0,3.241,0
2021-09-01,3.25,3.25,3.25,3.25,0.0,3.25,0
2021-09-02,3.25,3.25,3.25,3.25,0.0,3.25,0
2021-09-03,3.284,3.284,3.284,3.284,0.0,3.284,0
2021-09-07,3.334,3.334,3.334,3.334,0.0,3.334,0
2021-09-08,3.386,3.386,3.386,3.386,0.0,3.386,0
2021-09-09,3.494,3.494,3.494,3.494,0.0,3.494,0
2021-09-10,3.476,3.476,3.476,3.476,0.0,3.476,0
2021-09-13,3.491,3.491,3.491,3.491,0.0,3.491,0
2021-09-14,3.464,3.464,3.464,3.464,0.0,3.464,0
2021-09-15,3.453,3.453,3.453,3.453,0.0,3.453,0
2021-09-16,3.456,3.456,3.456,3.456,0.0,3.456,0
2021-09-17,3.449,3.449,3.449,3.449,0.0,3.449,0
2021-09-20,3.485,3.485,3.485,3.485,0.0,3.485,0
2021-09-21,3.502,3.502,3.502,3.502,0.0,3.502,0
2021-09-22,3.519,3.519,3.519,3.519,0.0,3.519,0
2021-09-23,3.526,3.526,3.526,3.526,0.0,3.526,0
2021-09-24,3.462,3.462,3.462,3.462,0.0,3.462,0
2021-09-27,3.445,3.445,3.445,3.445,0.0,3.445,0
2021-09-28,3.368,3.368,3.368,3.368,0.0,3.368,0
2021-09-29,3.349,3.349,3.349,3.349,0.0,3.349,0
2021-09-30,3.356,3.356,3.356,3.356,0.0,3.356,0
2021-10-01,3.346,3.346,3.346,3.346,0.0,3.346,0
2021-10-04,3.355,3.355,3.355,3.355,0.0,3.355,0
2021-10-05,3.37,3.37,3.37,3.37,0.0,3.37,0
2021-10-06,3.408,3.408,3.408,3.408,0.0,3.408,0
2021-10-07,3.408,3.408,3.408,3.408,0.0,3.408,0
2021-10-08,3.449,3.449,3.449,3.449,0.0,3.449,0
2021-10-11,3.435,3.435,3.435,3.435,0.0,3.435,0
2021-10-12,3.437,3.437,3.437,3.437,0.0,3.437,0
2021-10-13,3.442,3.442,3.442,3.442,0.0,3.442,0
2021-10-14,3.477,3.477,3.477,3.477,0.0,3.477,0
2021-10-15,3.488,3.488,3.488,3.488,0.0,3.488,0
2021-10-18,3.494,3.494,3.494,3.494,0.0,3.494,0
2021-10-19,3.491,3.491,3.491,3.491,0.0,3.491,0
2021-10-20,3.494,3.494,3.494,3.494,0.0,3.494,0
2021-10-21,3.49,3.49,3.49,3.49,0.0,3.49,0
2021-10-22,3.495,3.495,3.495,3.495,0.0,3.495,0
2021-10-25,3.538,3.538,3.538,3.538,0.0,3.538,0
2021-10-26,3.516,3.516,3.516,3.516,0.0,3.516,0
2021-10-27,3.453,3.453,3.453,3.453,0.0,3.453,0
2021-10-28,3.454,3.454,3.454,3.454,0.0,3.454,0
2021-10-29,3.405,3.405,3.405,3.405,0.0,3.405,0
2021-11-01,3.3,3.3,3.3,3.3,0.0,3.3,0
2021-11-02,3.361,3.361,3.361,3.361,0.0,3.361,0
2021-11-03,3.355,3.355,3.355,3.355,0.0,3.355,0
2021-11-04,3.379,3.379,3.379,3.379,0.0,3.379,0
2021-11-05,3.394,3.394,3.394,3.394,0.0,3.394,0
2021-11-08,3.497,3.497,3.497,3.497,0.0,3.497,0
2021-11-09,3.493,3.493,3.493,3.493,0.0,3.493,0
2021-11-10,3.519,3.519,3.519,3.519,0.0,3.519,0
2021-11-11,3.536,3.536,3.536,3.536,0.0,3.536,0
2021-11-12,3.472,3.472,3.472,3.472,0.0,3.472,0
2021-11-15,3.485,3.485,3.485,3.485,0.0,3.485,0
2021-11-16,3.556,3.556,3.556,3.556,0.0,3.556,0
2021-11-17,3.487,3.487,3.487,3.487,0.0,3.487,0
2021-11-18,3.475,3.475,3.475,3.475,0.0,3.475,0
2021-11-19,3.439,3.439,3.439,3.439,0.0,3.439,0
2021-11-22,3.421,3.421,3.421,3.421,0.0,3.421,0
2021-11-23,3.468,3.468,3.468,3.468,0.0,3.468,0
2021-11-24,3.466,3.466,3.466,3.466,0.0,3.466,0
2021-11-26,3.505,3.505,3.505,3.505,0.0,3.505,0
2021-11-29,3.497,3.497,3.497,3.497,0.0,3.497,0
2021-11-30,3.47,3.47,3.47,3.47,0.0,3.47,0
2021-12-01,3.478,3.478,3.478,3.478,0.0,3.478,0
2021-12-02,3.482,3.482,3.482,3.482,0.0,3.482,0
2021-12-03,3.492,3.492,3.492,3.492,0.0,3.492,0
2021-12-06,3.464,3.464,3.464,3.464,0.0,3.464,0
2021-12-07,3.468,3.468,3.468,3.468,0.0,3.468,0
2021-12-08,3.392,3.392,3.392,3.392,0.0,3.392,0
2021-12-09,3.407,3.407,3.407,3.407,0.0,3.407,0
2021-12-10,3.436,3.436,3.436,3.436,0.0,3.436,0
2021-12-13,3.34,3.34,3.34,3.34,0.0,3.34,0
2021-12-14,3.378,3.378,3.378,3.378,0.0,3.378,0
2021-12-15,3.428,3.428,3.428,3.428,0.0,3.428,0
2021-12-16,3.408,3.408,3.408,3.408,0.0,3.408,0
2021-12-17,3.421,3.421,3.421,3.421,0.0,3.421,0
2021-12-20,3.436,3.436,3.436,3.436,0.0,3.436,0
2021-12-21,3.42,3.42,3.42,3.42,0.0,3.42,0
2021-12-22,3.421,3.421,3.421,3.421,0.0,3.421,0
2021-12-23,3.384,3.384,3.384,3.384,0.0,3.384,0
2021-12-27,3.37,3.37,3.37,3.37,0.0,3.37,0
2021-12-28,3.393,3.393,3.393,3.393,0.0,3.393,0
2021-12-29,3.405,3.405,3.405,3.405,0.0,3.405,0
2021-12-30,3.393,3.393,3.393,3.393,0.0,3.393,0
2021-12-31,3.454,3.454,3.454,3.454,0.0,3.454,0
2022-01-03,3.436,3.436,3.436,3.436,0.0,3.436,0
2022-01-04,3.435,3.435,3.435,3.435,0.0,3.435,0
2022-01-05,3.429,3.429,3.429,3.429,0.0,3.429,0
2022-01-06,3.443,3.443,3.443,3.443,0.0,3.443,0
2022-01-07,3.476,3.476,3.476,3.476,0.0,3.476,0
2022-01-10,3.481,3.481,3.481,3.481,0.0,3.481,0
2022-01-11,3.47,3.47,3.47,3.47,0.0,3.47,0
2022-01-12,3.445,3.445,3.445,3.445,0.0,3.445,0
2022-01-13,3.448,3.448,3.448,3.448,0.0,3.448,0
2022-01-14,3.424,3.424,3.424,3.424,0.0,3.424,0
2022-01-18,3.443,3.443,3.443,3.443,0.0,3.443,0
2022-01-19,3.49,3.49,3.49,3.49,0.0,3.49,0
2022-01-20,3.493,3.493,3.493,3.493,0.0,3.493,0
2022-01-21,3.481,3.481,3.481,3.481,0.0,3.481,0
2022-01-24,3.47,3.47,3.47,3.47,0.0,3.47,0
2022-01-25,3.49,3.49,3.49,3.49,0.0,3.49,0
2022-01-26,3.491,3.491,3.491,3.491,0.0,3.491,0
2022-01-27,3.476,3.476,3.476,3.476,0.0,3.476,0
2022-01-28,3.469,3.469,3.469,3.469,0.0,3.469,0
2022-01-31,3.468,3.468,3.468,3.468,0.0,3.468,0
2022-02-01,3.453,3.453,3.453,3.453,0.0,3.453,0
2022-02-02,3.472,3.472,3.472,3.472,0.0,3.472,0
2022-02-03,3.463,3.463,3.463,3.463,0.0,3.463,0
2022-02-04,3.493,3.493,3.493,3.493,0.0,3.493,0
2022-02-07,3.509,3.509,3.509,3.509,0.0,3.509,0
2022-02-08,3.501,3.501,3.501,3.501,0.0,3.501,0
2022-02-09,3.496,3.496,3.496,3.496,0.0,3.496,0
2022-02-10,3.503,3.503,3.503,3.503,0.0,3.503,0
2022-02-11,3.543,3.543,3.543,3.543,0.0,3.543,0
2022-02-14,3.584,3.584,3.584,3.584,0.0,3.584,0
2022-02-15,3.572,3.572,3.572,3.572,0.0,3.572,0
2022-02-16,3.601,3.601,3.601,3.601,0.0,3.601,0
2022-02-17,3.594,3.594,3.594,3.594,0.0,3.594,0
2022-02-18,3.594,3.594,3.594,3.594,0.0,3.594,0
2022-02-22,3.639,3.639,3.639,3.639,0.0,3.639,0
2022-02-23,3.725,3.725,3.725,3.725,0.0,3.725,0
2022-02-24,3.768,3.768,3.768,3.768,0.0,3.768,0
2022-02-25,3.685,3.685,3.685,3.685,0.0,3.685,0
2022-02-28,3.762,3.762,3.762,3.762,0.0,3.762,0
2022-03-01,3.833,3.833,3.833,3.833,0.0,3.833,0
2022-03-02,3.9,3.9,3.9,3.9,0.0,3.9,0
2022-03-03,3.843,3.843,3.843,3.843,0.0,3.843,0
2022-03-04,3.896,3.896,3.896,3.896,0.0,3.896,0
2022-03-07,3.97,3.97,3.97,3.97,0.0,3.97,0
2022-03-08,4.027,4.027,4.027,4.027,0.0,4.027,0
2022-03-09,4.006,4.006,4.006,4.006,0.0,4.006,0
2022-03-10,3.922,3.922,3.922,3.922,0.0,3.922,0
2022-03-11,3.903,3.903,3.903,3.903,0.0,3.903,0
2022-03-14,3.946,3.946,3.946,3.946,0.0,3.946,0
2022-03-15,3.928,3.928,3.928,3.928,0.0,3.928,0
2022-03-16,3.939,3.939,3.939,3.939,0.0,3.939,0
2022-03-17,3.956,3.956,3.956,3.956,0.0,3.956,0
2022-03-18,3.908,3.908,3.908,3.908,0.0,3.908,0
2022-03-21,3.894,3.894,3.894,3.894,0.0,3.894,0
2022-03-22,3.905,3.905,3.905,3.905,0.0,3.905,0
2022-03-23,3.916,3.916,3.916,3.916,0.0,3.916,0
2022-03-24,3.942,3.942,3.942,3.942,0.0,3.942,0
2022-03-25,3.988,3.988,3.988,3.988,0.0,3.988,0
2022-03-28,4.08,4.08,4.08,4.08,0.0,4.08,0
2022-03-29,4.094,4.094,4.094,4.094,0.0,4.094,0
2022-03-30,4.207,4.207,4.207,4.207,0.0,4.207,0
2022-03-31,4.3,4.3,4.3,4.3,0.0,4.3,0
2022-04-01,4.357,4.357,4.357,4.357,0.0,4.357,0
2022-04-04,4.424,4.424,4.424,4.424,0.0,4.424,0
2022-04-05,4.442,4.442,4.442,4.442,0.0,4.442,0
2022-04-06,4.469,4.469,4.469,4.469,0.0,4.469,0
2022-04-07,4.496,4.496,4.496,4.496,0.0,4.496,0
2022-04-08,4.469,4.469,4.469,4.469,0.0,4.469,0
2022-04-11,4.518,4.518,4.518,4.518,0.0,4.518,0
2022-04-12,4.54,4.54,4.54,4.54,0.0,4.54,0
2022-04-13,4.578,4.578,4.578,4.578,0.0,4.578,0
2022-04-14,4.58,4.58,4.58,4.58,0.0,4.58,0
2022-04-18,4.595,4.595,4.595,4.595,0.0,4.595,0
2022-04-19,4.573,4.573,4.573,4.573,0.0,4.573,0
2022-04-20,4.564,4.564,4.564,4.564,0.0,4.564,0
2022-04-21,4.487,4.487,4.487,4.487,0.0,4.487,0
2022-04-22,4.314,4.314,4.314,4.314,0.0,4.314,0
2022-04-25,4.329,4.329,4.329,4.329,0.0,4.329,0
2022-04-26,4.394,4.394,4.394,4.394,0.0,4.394,0
2022-04-27,4.453,4.453,4.453,4.453,0.0,4.453,0
2022-04-28,4.464,4.464,4.464,4.464,0.0,4.464,0
2022-04-29,4.457,4.457,4.457,4.457,0.0,4.457,0
2022-05-02,4.522,4.522,4.522,4.522,0.0,4.522,0
2022-05-03,4.577,4.577,4.577,4.577,0.0,4.577,0
2022-05-04,4.627,4.627,4.627,4.627,0.0,4.627,0
2022-05-05,4.66,4.66,4.66,4.66,0.0,4.66,0
2022-05-06,4.626,4.626,4.626,4.626,0.0,4.626,0
2022-05-09,4.549,4.549,4.549,4.549,0.0,4.549,0
2022-05-10,4.597,4.597,4.597,4.597,0.0,4.597,0
2022-05-11,4.656,4.656,4.656,4.656,0.0,4.656,0
2022-05-12,4.666,4.666,4.666,4.666,0.0,4.666,0
2022-05-13,4.74,4.74,4.74,4.74,0.0,4.74,0
2022-05-16,4.77,4.77,4.77,4.77,0.0,4.77,0
2022-05-17,4.757,4.757,4.757,4.757,0.0,4.757,0
2022-05-18,4.801,4.801,4.801,4.801,0.0,4.801,0
2022-05-19,4.74,4.74,4.74,4.74,0.0,4.74,0
2022-05-20,4.749,4.749,4.749,4.749,0.0,4.749,0
2022-05-23,4.79,4.79,4.79,4.79,0.0,4.79,0
2022-05-24,4.769,4.769,4.769,4.769,0.0,4.769,0
2022-05-25,4.8,4.8,4.8,4.8,0.0,4.8,0
2022-05-26,4.829,4.829,4.829,4.829,0.0,4.829,0
2022-05-27,4.853,4.853,4.853,4.853,0.0,4.853,0
2022-05-31,4.784,4.784,4.784,4.784,0.0,4.784,0
2022-06-01,4.926,4.926,4.926,4.926,0.0,4.926,0
2022-06-02,4.911,4.911,4.911,4.911,0.0,4.911,0
2022-06-03,4.958,4.958,4.958,4.958,0.0,4.958,0
2022-06-06,5.017,5.017,5.017,5.017,0.0,5.017,0
2022-06-07,5.052,5.052,5.052,5.052,0.0,5.052,0
2022-06-08,5.107,5.107,5.107,5.107,0.0,5.107,0
2022-06-09,5.193,5.193,5.193,5.193,0.0,5.193,0
2022-06-10,5.233,5.233,5.233,5.233,0.0,5.233,0
2022-06-13,5.176,5.176,5.176,5.176,0.0,5.176,0
2022-06-14,5.098,5.098,5.098,5.098,0.0,5.098,0
2022-06-15,5.159,5.159,5.159,5.159,0.0,5.159,0
2022-06-16,5.173,5.173,5.173,5.173,0.0,5.173,0
2022-06-17,5.07,5.07,5.07,5.07,0.0,5.07,0
2022-06-21,5.057,5.057,5.057,5.057,0.0,5.057,0
2022-06-22,5.112,5.112,5.112,5.112,0.0,5.112,0
2022-06-23,5.106,5.106,5.106,5.106,0.0,5.106,0
2022-06-24,4.882,4.882,4.882,4.882,0.0,4.882,0
2022-06-27,4.924,4.924,4.924,4.924,0.0,4.924,0
2022-06-28,4.894,4.894,4.894,4.894,0.0,4.894,0
2022-06-29,4.844,4.844,4.844,4.844,0.0,4.844,0
2022-06-30,4.589,4.589,4.589,4.589,0.0,4.589,0
2022-07-01,4.677,4.677,4.677,4.677,0.0,4.677,0
2022-07-04,4.677,4.677,4.677,4.677,0.0,4.677,0
2022-07-05,4.527,4.527,4.527,4.527,0.0,4.527,0
2022-07-06,4.619,4.619,4.619,4.619,0.0,4.619,0
2022-07-07,4.71,4.71,4.71,4.71,0.0,4.71,0
2022-07-08,4.709,4.709,4.709,4.709,0.0,4.709,0
2022-07-11,4.743,4.743,4.743,4.743,0.0,4.743,0
2022-07-12,4.645,4.645,4.645,4.645,0.0,4.645,0
2022-07-13,4.707,4.707,4.707,4.707,0.0,4.707,0
2022-07-14,4.633,4.633,4.633,4.633,0.0,4.633,0
2022-07-15,4.707,4.707,4.707,4.707,0.0,4.707,0
2022-07-18,4.651,4.651,4.651,4.651,0.0,4.651,0
2022-07-19,4.678,4.678,4.678,4.678,0.0,4.678,0
2022-07-20,4.821,4.821,4.821,4.821,0.0,4.821,0
2022-07-21,4.726,4.726,4.726,4.726,0.0,4.726,0
2022-07-22,4.73,4.73,4.73,4.73,0.0,4.73,0
2022-07-25,4.786,4.786,4.786,4.786,0.0,4.786,0
2022-07-26,4.813,4.813,4.813,4.813,0.0,4.813,0
2022-07-27,4.811,4.811,4.811,4.811,0.0,4.811,0
2022-07-28,4.787,4.787,4.787,4.787,0.0,4.787,0
2022-07-29,4.812,4.812,4.812,4.812,0.0,4.812,0
2022-08-01,4.795,4.795,4.795,4.795,0.0,4.795,0
2022-08-02,4.797,4.797,4.797,4.797,0.0,4.797,0
2022-08-03,4.829,4.829,4.829,4.829,0.0,4.829,0
2022-08-04,4.81,4.81,4.81,4.81,0.0,4.81,0
2022-08-05,4.81,4.81,4.81,4.81,0.0,4.81,0
2022-08-08,4.772,4.772,4.772,4.772,0.0,4.772,0
2022-08-09,4.809,4.809,4.809,4.809,0.0,4.809,0
2022-08-10,4.839,4.839,4.839,4.839,0.0,4.839,0
2022-08-11,4.935,4.935,4.935,4.935,0.0,4.935,0
2022-08-12,4.923,4.923,4.923,4.923,0.0,4.923,0
2022-08-15,5.016,5.016,5.016,5.016,0.0,5.016,0
2022-08-16,5.055,5.055,5.055,5.055,0.0,5.055,0
2022-08-17,5.038,5.038,5.038,5.038,0.0,5.038,0
2022-08-18,5.044,5.044,5.044,5.044,0.0,5.044,0
2022-08-19,5.06,5.06,5.06,5.06,0.0,5.06,0
2022-08-22,5.119,5.119,5.119,5.119,0.0,5.119,0
2022-08-23,5.126,5.126,5.126,5.126,0.0,5.126,0
2022-08-24,5.156,5.156,5.156,5.156,0.0,5.156,0
2022-08-25,5.218,5.218,5.218,5.218,0.0,5.218,0
2022-08-26,5.26,5.26,5.26,5.26,0.0,5.26,0
2022-08-29,5.309,5.309,5.309,5.309,0.0,5.309,0
2022-08-30,5.316,5.316,5.316,5.316,0.0,5.316,0
2022-08-31,5.358,5.358,5.358,5.358,0.0,5.358,0
2022-09-01,5.426,5.426,5.426,5.426,0.0,5.426,0
2022-09-02,5.518,5.518,5.518,5.518,0.0,5.518,0
2022-09-05,5.518,5.518,5.518,5.518,0.0,5.518,0
2022-09-06,5.512,5.512,5.512,5.512,0.0,5.512,0
2022-09-07,5.47,5.47,5.47,5.47,0.0,5.47,0
2022-09-08,5.423,5.423,5.423,5.423,0.0,5.423,0
2022-09-09,5.474,5.474,5.474,5.474,0.0,5.474,0
2022-09-12,5.419,5.419,5.419,5.419,0.0,5.419,0
2022-09-13,5.448,5.448,5.448,5.448,0.0,5.448,0
2022-09-14,5.507,5.507,5.507,5.507,0.0,5.507,0
2022-09-15,5.461,5.461,5.461,5.461,0.0,5.461,0
2022-09-16,5.356,5.356,5.356,5.356,0.0,5.356,0
2022-09-19,5.312,5.312,5.312,5.312,0.0,5.312,0
2022-09-20,5.269,5.269,5.269,5.269,0.0,5.269,0
2022-09-21,5.113,5.113,5.113,5.113,0.0,5.113,0
2022-09-22,4.961,4.961,4.961,4.961,0.0,4.961,0
2022-09-23,4.967,4.967,4.967,4.967,0.0,4.967,0
2022-09-26,4.886,4.886,4.886,4.886,0.0,4.886,0
2022-09-27,4.823,4.823,4.823,4.823,0.0,4.823,0
2022-09-28,4.759,4.759,4.759,4.759,0.0,4.759,0
2022-09-29,4.744,4.744,4.744,4.744,0.0,4.744,0
2022-09-30,4.75,4.75,4.75,4.75,0.0,4.75,0
2022-10-03,4.689,4.689,4.689,4.689,0.0,4.689,0
2022-10-04,4.739,4.739,4.739,4.739,0.0,4.739,0
2022-10-05,4.736,4.736,4.736,4.736,0.0,4.736,0
2022-10-06,4.763,4.763,4.763,4.763,0.0,4.763,0
2022-10-07,4.763,4.763,4.763,4.763,0.0,4.763,0
2022-10-10,4.785,4.785,4.785,4.785,0.0,4.785,0
2022-10-11,4.823,4.823,4.823,4.823,0.0,4.823,0
2022-10-12,4.802,4.802,4.802,4.802,0.0,4.802,0
2022-10-13,4.795,4.795,4.795,4.795,0.0,4.795,0
2022-10-14,4.818,4.818,4.818,4.818,0.0,4.818,0
2022-10-17,4.791,4.791,4.791,4.791,0.0,4.791,0
2022-10-18,4.756,4.756,4.756,4.756,0.0,4.756,0
2022-10-19,4.731,4.731,4.731,4.731,0.0,4.731,0
2022-10-20,4.843,4.843,4.843,4.843,0.0,4.843,0
2022-10-21,4.811,4.811,4.811,4.811,0.0,4.811,0
2022-10-24,4.852,4.852,4.852,4.852,0.0,4.852,0
2022-10-25,4.867,4.867,4.867,4.867,0.0,4.867,0
2022-10-26,4.884,4.884,4.884,4.884,0.0,4.884,0
2022-10-27,4.877,4.877,4.877,4.877,0.0,4.877,0
2022-10-28,4.868,4.868,4.868,4.868,0.0,4.868,0
2022-10-31,4.862,4.862,4.862,4.862,0.0,4.862,0
2022-11-01,4.827,4.827,4.827,4.827,0.0,4.827,0
2022-11-02,4.891,4.891,4.891,4.891,0.0,4.891,0
2022-11-03,4.956,4.956,4.956,4.956,0.0,4.956,0
2022-11-04,5.061,5.061,5.061,5.061,0.0,5.061,0
2022-11-07,5.085,5.085,5.085,5.085,0.0,5.085,0
2022-11-08,5.045,5.045,5.045,5.045,0.0,5.045,0
2022-11-09,5.059,5.059,5.059,5.059,0.0,5.059,0
2022-11-10,5.059,5.059,5.059,5.059,0.0,5.059,0
2022-11-11,5.032,5.032,5.032,5.032,0.0,5.032,0
2022-11-14,5.001,5.001,5.001,5.001,0.0,5.001,0
2022-11-15,5.057,5.057,5.057,5.057,0.0,5.057,0
2022-11-16,5.056,5.056,5.056,5.056,0.0,5.056,0
2022-11-17,5.061,5.061,5.061,5.061,0.0,5.061,0
2022-11-18,5.048,5.048,5.048,5.048,0.0,5.048,0
2022-11-21,5.003,5.003,5.003,5.003,0.0,5.003,0
2022-11-22,4.987,4.987,4.987,4.987,0.0,4.987,0
2022-11-23,4.996,4.996,4.996,4.996,0.0,4.996,0
2022-11-24,4.996,4.996,4.996,4.996,0.0,4.996,0
2022-11-25,4.99,4.99,4.99,4.99,0.0,4.99,0
2022-11-28,5.043,5.043,5.043,5.043,0.0,5.043,0
2022-11-29,5.075,5.075,5.075,5.075,0.0,5.075,0
2022-11-30,5.051,5.051,5.051,5.051,0.0,5.051,0
2022-12-01,5.031,5.031,5.031,5.031,0.0,5.031,0
2022-12-02,5.027,5.027,5.027,5.027,0.0,5.027,0
2022-12-05,5.035,5.035,5.035,5.035,0.0,5.035,0
2022-12-06,5.048,5.048,5.048,5.048,0.0,5.048,0
2022-12-07,5.053,5.053,5.053,5.053,0.0,5.053,0
2022-12-08,5.098,5.098,5.098,5.098,0.0,5.098,0
2022-12-09,5.102,5.102,5.102,5.102,0.0,5.102,0
2022-12-12,5.166,5.166,5.166,5.166,0.0,5.166,0
2022-12-13,5.154,5.154,5.154,5.154,0.0,5.154,0
2022-12-14,5.152,5.152,5.152,5.152,0.0,5.152,0
2022-12-15,5.193,5.193,5.193,5.193,0.0,5.193,0
2022-12-16,5.284,5.284,5.284,5.284,0.0,5.284,0
2022-12-19,5.292,5.292,5.292,5.292,0.0,5.292,0
2022-12-20,5.287,5.287,5.287,5.287,0.0,5.287,0
2022-12-21,5.199,5.199,5.199,5.199,0.0,5.199,0
2022-12-22,5.116,5.116,5.116,5.116,0.0,5.116,0
2022-12-23,5.114,5.114,5.114,5.114,0.0,5.114,0
2022-12-27,5.2,5.2,5.2,5.2,0.0,5.2,0
2022-12-28,5.122,5.122,5.122,5.122,0.0,5.122,0
2022-12-29,5.113,5.113,5.113,5.113,0.0,5.113,0
2022-12-30,5.122,5.122,5.122,5.122,0.0,5.122,0
2023-01-03,5.068,5.068,5.068,5.068,0.0,5.068,0
2023-01-04,5.071,5.071,5.071,5.071,0.0,5.071,0
2023-01-05,4.993,4.993,4.993,4.993,0.0,4.993,0
2023-01-06,4.937,4.937,4.937,4.937,0.0,4.937,0
2023-01-09,4.945,4.945,4.945,4.945,0.0,4.945,0
2023-01-10,4.969,4.969,4.969,4.969,0.0,4.969,0
2023-01-11,4.935,4.935,4.935,4.935,0.0,4.935,0
2023-01-12,4.934,4.934,4.934,4.934,0.0,4.934,0
2023-01-13,4.943,4.943,4.943,4.943,0.0,4.943,0
2023-01-16,4.943,4.943,4.943,4.943,0.0,4.943,0
2023-01-17,4.959,4.959,4.959,4.959,0.0,4.959,0
2023-01-18,4.982,4.982,4.982,4.982,0.0,4.982,0
2023-01-19,5.022,5.022,5.022,5.022,0.0,5.022,0
2023-01-20,5.026,5.026,5.026,5.026,0.0,5.026,0
2023-01-23,5.029,5.029,5.029,5.029,0.0,5.029,0
2023-01-24,4.998,4.998,4.998,4.998,0.0,4.998,0
2023-01-25,4.941,4.941,4.941,4.941,0.0,4.941,0
2023-01-26,4.948,4.948,4.948,4.948,0.0,4.948,0
2023-01-27,4.939,4.939,4.939,4.939,0.0,4.939,0
2023-01-30,4.86,4.86,4.86,4.86,0.0,4.86,0
2023-01-31,4.871,4.871,4.871,4.871,0.0,4.871,0
2023-02-01,4.728,4.728,4.728,4.728,0.0,4.728,0
2023-02-02,4.708,4.708,4.708,4.708,0.0,4.708,0
2023-02-03,4.611,4.611,4.611,4.611,0.0,4.611,0
2023-02-10,4.614,4.614,4.614,4.614,0.0,4.614,0
2023-02-13,4.557,4.557,4.557,4.557,0.0,4.557,0
2023-02-14,4.558,4.558,4.558,4.558,0.0,4.558,0
2023-02-15,4.553,4.553,4.553,4.553,0.0,4.553,0
2023-02-16,4.553,4.553,4.553,4.553,0.0,4.553,0
2023-02-17,4.539,4.539,4.539,4.539,0.0,4.539,0
2023-02-20,4.539,4.539,4.539,4.539,0.0,4.539,0
2023-02-21,4.539,4.539,4.539,4.539,0.0,4.539,0
2023-02-22,4.55,4.55,4.55,4.55,0.0,4.55,0
2023-02-23,4.584,4.584,4.584,4.584,0.0,4.584,0
2023-02-24,4.643,4.643,4.643,4.643,0.0,4.643,0
2023-02-27,4.685,4.685,4.685,4.685,0.0,4.685,0
2023-02-28,4.733,4.733,4.733,4.733,0.0,4.733,0
2023-03-01,4.814,4.814,4.814,4.814,0.0,4.814,0
2023-03-02,4.822,4.822,4.822,4.822,0.0,4.822,0
2023-03-03,4.862,4.862,4.862,4.862,0.0,4.862,0
2023-03-06,4.896,4.896,4.896,4.896,0.0,4.896,0
2023-03-07,4.929,4.929,4.929,4.929,0.0,4.929,0
2023-03-08,4.892,4.892,4.892,4.892,0.0,4.892,0
2023-03-09,4.708,4.708,4.708,4.708,0.0,4.708,0
2023-03-10,4.826,4.826,4.826,4.826,0.0,4.826,0
2023-03-13,4.837,4.837,4.837,4.837,0.0,4.837,0
2023-03-14,4.908,4.908,4.908,4.908,0.0,4.908,0
2023-03-15,4.863,4.863,4.863,4.863,0.0,4.863,0
2023-03-16,4.905,4.905,4.905,4.905,0.0,4.905,0
2023-03-17,4.898,4.898,4.898,4.898,0.0,4.898,0
2023-03-20,4.857,4.857,4.857,4.857,0.0,4.857,0
2023-03-21,4.906,4.906,4.906,4.906,0.0,4.906,0
2023-03-22,4.86,4.86,4.86,4.86,0.0,4.86,0
2023-03-23,4.895,4.895,4.895,4.895,0.0,4.895,0
2023-03-24,4.858,4.858,4.858,4.858,0.0,4.858,0
2023-03-27,4.837,4.837,4.837,4.837,0.0,4.837,0
2023-03-28,4.795,4.795,4.795,4.795,0.0,4.795,0
2023-03-29,4.792,4.792,4.792,4.792,0.0,4.792,0
2023-03-30,4.8,4.8,4.8,4.8,0.0,4.8,0
2023-03-31,4.793,4.793,4.793,4.793,0.0,4.793,0
2023-04-03,4.801,4.801,4.801,4.801,0.0,4.801,0
2023-04-04,4.813,4.813,4.813,4.813,0.0,4.813,0
2023-04-05,4.786,4.786,4.786,4.786,0.0,4.786,0
2023-04-06,4.742,4.742,4.742,4.742,0.0,4.742,0
2023-04-10,4.804,4.804,4.804,4.804,0.0,4.804,0
2023-04-11,4.814,4.814,4.814,4.814,0.0,4.814,0
2023-04-12,4.74,4.74,4.74,4.74,0.0,4.74,0
2023-04-13,4.708,4.708,4.708,4.708,0.0,4.708,0
2023-04-14,4.728,4.728,4.728,4.728,0.0,4.728,0
2023-04-17,4.78,4.794,4.78,4.794,3.0,4.78,1
2023-04-18,4.792,4.792,4.792,4.792,0.0,4.792,0
2023-04-19,4.814,4.814,4.814,4.814,0.0,4.814,0
2023-04-20,4.846,4.846,4.846,4.846,0.0,4.846,0
2023-04-21,4.853,4.853,4.853,4.853,0.0,4.853,0
2023-04-24,4.864,4.864,4.864,4.864,0.0,4.864,0
2023-04-25,4.862,4.862,4.862,4.862,0.0,4.862,0
2023-04-26,4.855,4.855,4.855,4.855,0.0,4.855,0
2023-04-27,4.859,4.859,4.859,4.859,0.0,4.859,0
2023-04-28,4.878,4.878,4.878,4.878,0.0,4.878,0
2023-05-01,4.835,4.835,4.835,4.835,0.0,4.835,0
2023-05-02,4.831,4.831,4.831,4.831,0.0,4.831,0
2023-05-03,4.853,4.853,4.853,4.853,0.0,4.853,0
2023-05-04,4.86,4.86,4.86,4.86,0.0,4.86,0
2023-05-05,4.849,4.849,4.849,4.849,0.0,4.849,0
2023-05-08,4.817,4.817,4.817,4.817,0.0,4.817,0
2023-05-09,4.8,4.8,4.8,4.8,0.0,4.8,0
2023-05-10,4.816,4.816,4.816,4.816,0.0,4.816,0
2023-05-11,4.767,4.767,4.767,4.767,0.0,4.767,0
2023-05-12,4.744,4.744,4.744,4.744,0.0,4.744,0
2023-05-15,4.748,4.748,4.748,4.748,0.0,4.748,0
2023-05-16,4.734,4.734,4.734,4.734,0.0,4.734,0
2023-05-17,4.658,4.658,4.658,4.658,0.0,4.658,0
2023-05-18,4.638,4.638,4.638,4.638,0.0,4.638,0
2023-05-19,4.588,4.588,4.588,4.588,0.0,4.588,0
2023-05-22,4.578,4.578,4.578,4.578,0.0,4.578,0
2023-05-23,4.566,4.566,4.566,4.566,0.0,4.566,0
2023-05-24,4.621,4.621,4.621,4.621,0.0,4.621,0
2023-05-25,4.587,4.587,4.587,4.587,0.0,4.587,0
2023-05-26,4.615,4.615,4.615,4.615,0.0,4.615,0
2023-05-29,4.615,4.615,4.615,4.615,0.0,4.615,0
2023-05-30,4.575,4.575,4.575,4.575,0.0,4.575,0
2023-05-31,4.54,4.54,4.54,4.54,0.0,4.54,0
2023-06-01,4.398,4.398,4.398,4.398,0.0,4.398,0
2023-06-02,4.438,4.438,4.438,4.438,0.0,4.438,0
2023-06-05,4.508,4.508,4.508,4.508,0.0,4.508,0
2023-06-06,4.505,4.505,4.505,4.505,0.0,4.505,0
2023-06-07,4.479,4.479,4.479,4.479,0.0,4.479,0
2023-06-08,4.45,4.45,4.45,4.45,0.0,4.45,0
2023-06-09,4.455,4.455,4.455,4.455,0.0,4.455,0
2023-06-12,4.452,4.452,4.452,4.452,0.0,4.452,0
2023-06-13,4.417,4.417,4.417,4.417,0.0,4.417,0
2023-06-14,4.43,4.43,4.43,4.43,0.0,4.43,0
2023-06-15,4.402,4.402,4.402,4.402,0.0,4.402,0
2023-06-16,4.322,4.322,4.322,4.322,0.0,4.322,0
2023-06-19,4.322,4.322,4.322,4.322,0.0,4.322,0
2023-06-20,4.369,4.369,4.369,4.369,0.0,4.369,0
2023-06-21,4.435,4.435,4.435,4.435,0.0,4.435,0
2023-06-22,4.453,4.453,4.453,4.453,0.0,4.453,0
2023-06-23,4.347,4.347,4.347,4.347,0.0,4.347,0
2023-06-26,4.321,4.321,4.321,4.321,0.0,4.321,0
2023-06-27,4.395,4.395,4.395,4.395,0.0,4.395,0
2023-06-28,4.25,4.25,4.25,4.25,0.0,4.25,0
2023-06-29,4.209,4.209,4.209,4.209,0.0,4.209,0
2023-06-30,4.214,4.214,4.214,4.214,0.0,4.214,0
2023-07-03,4.215,4.215,4.215,4.215,0.0,4.215,0
2023-07-04,4.215,4.215,4.215,4.215,0.0,4.215,0
2023-07-05,4.205,4.205,4.205,4.205,0.0,4.205,0
2023-07-06,4.207,4.207,4.207,4.207,0.0,4.207,0
2023-07-07,4.253,4.253,4.253,4.253,0.0,4.253,0
2023-07-10,4.31,4.318,4.31,4.318,3.0,4.31,1
2023-07-11,4.387,4.387,4.387,4.387,0.0,4.387,0
2023-07-12,4.453,4.453,4.453,4.453,0.0,4.453,0
2023-07-13,4.312,4.312,4.312,4.312,0.0,4.312,0
2023-07-14,4.363,4.363,4.363,4.363,0.0,4.363,0
2023-07-17,4.356,4.356,4.356,4.356,0.0,4.356,0
2023-07-18,4.415,4.415,4.415,4.415,0.0,4.415,0
2023-07-19,4.408,4.408,4.408,4.408,0.0,4.408,0
2023-07-20,4.431,4.431,4.431,4.431,0.0,4.431,0
2023-07-21,4.449,4.449,4.449,4.449,0.0,4.449,0
2023-07-24,4.49,4.49,4.49,4.49,0.0,4.49,0
2023-07-25,4.504,4.504,4.504,4.504,0.0,4.504,0
2023-07-26,4.527,4.527,4.527,4.527,0.0,4.527,0
2023-07-27,4.518,4.518,4.518,4.518,0.0,4.518,0
2023-07-28,4.527,4.527,4.527,4.527,0.0,4.527,0
2023-07-31,4.473,4.473,4.473,4.473,0.0,4.473,0
2023-08-01,4.416,4.416,4.416,4.416,0.0,4.416,0
2023-08-02,4.433,4.433,4.433,4.433,0.0,4.433,0
2023-08-03,4.413,4.413,4.413,4.413,0.0,4.413,0
2023-08-04,4.421,4.421,4.421,4.421,0.0,4.421,0
2023-08-07,4.482,4.482,4.482,4.482,0.0,4.482,0
2023-08-08,4.509,4.509,4.509,4.509,0.0,4.509,0
2023-08-09,4.471,4.471,4.471,4.471,0.0,4.471,0
2023-08-10,4.456,4.456,4.456,4.456,0.0,4.456,0
2023-08-11,4.456,4.484,4.456,4.484,2.0,4.456,1
2023-08-14,4.451,4.451,4.451,4.451,0.0,4.451,0
2023-08-15,4.51,4.51,4.51,4.51,0.0,4.51,0
2023-08-16,4.522,4.522,4.522,4.522,0.0,4.522,0
2023-08-17,4.487,4.487,4.487,4.487,0.0,4.487,0
2023-08-18,4.486,4.486,4.486,4.486,0.0,4.486,0
2023-08-21,4.539,4.539,4.539,4.539,0.0,4.539,0
2023-08-22,4.526,4.526,4.526,4.526,0.0,4.526,0
2023-08-23,4.596,4.596,4.596,4.596,0.0,4.596,0
2023-08-24,4.531,4.531,4.531,4.531,0.0,4.531,0
2023-08-25,4.512,4.512,4.512,4.512,0.0,4.512,0
2023-08-28,4.501,4.501,4.501,4.501,0.0,4.501,0
2023-08-29,4.478,4.478,4.478,4.478,0.0,4.478,0
2023-08-30,4.533,4.533,4.533,4.533,0.0,4.533,0
2023-08-31,4.549,4.549,4.549,4.549,0.0,4.549,0
2023-09-01,4.548,4.548,4.548,4.548,0.0,4.548,0
2023-09-04,4.548,4.548,4.548,4.548,0.0,4.548,0
2023-09-05,4.494,4.494,4.494,4.494,0.0,4.494,0
2023-09-06,4.506,4.506,4.506,4.506,0.0,4.506,0
2023-09-07,4.539,4.539,4.539,4.539,0.0,4.539,0
2023-09-08,4.525,4.545,4.525,4.545,2.0,4.525,1
2023-09-11,4.437,4.437,4.437,4.437,0.0,4.437,0
2023-09-12,4.476,4.476,4.476,4.476,0.0,4.476,0
2023-09-13,4.537,4.537,4.537,4.537,0.0,4.537,0
2023-09-14,4.491,4.491,4.491,4.491,0.0,4.491,0
2023-09-15,4.492,4.492,4.492,4.492,0.0,4.492,0
2023-09-18,4.534,4.534,4.534,4.534,0.0,4.534,0
2023-09-19,4.487,4.487,4.487,4.487,0.0,4.487,0
2023-09-20,4.534,4.534,4.534,4.534,0.0,4.534,0
2023-09-21,4.616,4.616,4.616,4.616,0.0,4.616,0
2023-09-22,4.615,4.615,4.614,4.614,1.0,4.615,1
2023-09-25,4.637,4.637,4.637,4.637,0.0,4.637,0
2023-09-26,4.619,4.619,4.619,4.619,0.0,4.619,0
2023-09-27,4.572,4.572,4.572,4.572,0.0,4.572,0
2023-09-28,4.579,4.579,4.579,4.579,0.0,4.579,0
2023-09-29,4.579,4.579,4.579,4.579,0.0,4.579,0
2023-10-02,4.596,4.596,4.596,4.596,0.0,4.596,0
2023-10-03,4.676,4.676,4.676,4.676,0.0,4.676,0
2023-10-04,4.598,4.598,4.598,4.598,0.0,4.598,0
2023-10-05,4.573,4.573,4.573,4.573,0.0,4.573,0
2023-10-06,4.572,4.572,4.572,4.572,0.0,4.572,0
2023-10-09,4.558,4.558,4.558,4.558,0.0,4.558,0
2023-10-10,4.56,4.56,4.56,4.56,0.0,4.56,0
2023-10-11,4.56,4.564,4.56,4.564,1.0,4.56,1
2023-10-12,4.588,4.588,4.588,4.588,0.0,4.588,0
2023-10-13,4.582,4.582,4.582,4.582,0.0,4.582,0
2023-10-16,4.562,4.562,4.562,4.562,0.0,4.562,0
2023-10-17,4.545,4.545,4.545,4.545,0.0,4.545,0
2023-10-18,4.54,4.54,4.54,4.54,0.0,4.54,0
2023-10-19,4.603,4.603,4.603,4.603,0.0,4.603,0
2023-10-20,4.609,4.609,4.609,4.609,0.0,4.609,0
2023-10-23,4.613,4.613,4.613,4.613,0.0,4.613,0
2023-10-24,4.598,4.598,4.598,4.598,0.0,4.598,0
2023-10-25,4.606,4.606,4.606,4.606,0.0,4.606,0
2023-10-26,4.591,4.591,4.591,4.591,0.0,4.591,0
2023-10-27,4.574,4.574,4.574,4.574,0.0,4.574,0
2023-10-30,4.535,4.535,4.535,4.535,0.0,4.535,0
2023-10-31,4.553,4.553,4.553,4.553,0.0,4.553,0
2023-11-01,4.651,4.651,4.651,4.651,0.0,4.651,0
2023-11-02,4.727,4.727,4.727,4.727,0.0,4.727,0
2023-11-03,4.656,4.656,4.656,4.656,0.0,4.656,0
2023-11-06,4.681,4.681,4.681,4.681,0.0,4.681,0
2023-11-07,4.712,4.712,4.712,4.712,0.0,4.712,0
2023-11-08,4.629,4.629,4.629,4.629,0.0,4.629,0
2023-11-09,4.642,4.642,4.642,4.642,0.0,4.642,0
2023-11-10,4.606,4.606,4.606,4.606,0.0,4.606,0
2023-11-13,4.654,4.654,4.654,4.654,0.0,4.654,0
2023-11-14,4.634,4.634,4.634,4.634,0.0,4.634,0
2023-11-15,4.673,4.673,4.673,4.673,0.0,4.673,0
2023-11-16,4.654,4.654,4.654,4.654,0.0,4.654,0
2023-11-17,4.657,4.657,4.657,4.657,0.0,4.657,0
2023-11-20,4.644,4.644,4.644,4.644,0.0,4.644,0
2023-11-21,4.608,4.608,4.608,4.608,0.0,4.608,0
2023-11-22,4.59,4.59,4.59,4.59,0.0,4.59,0
2023-11-23,4.59,4.59,4.59,4.59,0.0,4.59,0
2023-11-24,4.637,4.637,4.637,4.637,0.0,4.637,0
2023-11-27,4.633,4.633,4.633,4.633,0.0,4.633,0
2023-11-28,4.543,4.543,4.543,4.543,0.0,4.543,0
2023-11-29,4.518,4.518,4.518,4.518,0.0,4.518,0
2023-11-30,4.514,4.514,4.514,4.514,0.0,4.514,0
2023-12-01,4.534,4.534,4.53,4.53,1.0,4.534,1
2023-12-04,4.464,4.464,4.464,4.464,0.0,4.464,0
2023-12-05,4.433,4.433,4.433,4.433,0.0,4.433,0
2023-12-06,4.315,4.315,4.315,4.315,0.0,4.315,0
2023-12-07,4.314,4.314,4.314,4.314,0.0,4.314,0
2023-12-08,4.28,4.28,4.28,4.28,0.0,4.28,0
2023-12-11,4.258,4.258,4.258,4.258,0.0,4.258,0
2023-12-12,4.287,4.287,4.287,4.287,0.0,4.287,0
2023-12-13,4.328,4.328,4.328,4.328,0.0,4.328,0
2023-12-14,4.422,4.422,4.422,4.422,0.0,4.422,0
2023-12-15,4.492,4.492,4.492,4.492,0.0,4.492,0
2023-12-18,4.509,4.509,4.509,4.509,0.0,4.509,0
2023-12-19,4.501,4.501,4.501,4.501,0.0,4.501,0
2023-12-20,4.557,4.557,4.557,4.557,0.0,4.557,0
2023-12-21,4.506,4.506,4.506,4.506,0.0,4.506,0
2023-12-22,4.444,4.444,4.444,4.444,0.0,4.444,0
2023-12-26,4.407,4.407,4.407,4.407,0.0,4.407,0
2023-12-27,4.446,4.446,4.446,4.446,0.0,4.446,0
2023-12-28,4.462,4.462,4.462,4.462,0.0,4.462,0
2023-12-29,4.524,4.524,4.524,4.524,0.0,4.524,0
2024-01-02,4.49,4.49,4.49,4.49,0.0,4.49,0
2024-01-03,4.533,4.533,4.533,4.533,0.0,4.533,0
2024-01-04,4.498,4.498,4.498,4.498,0.0,4.498,0
2024-01-05,4.546,4.546,4.546,4.546,0.0,4.546,0
2024-01-08,4.556,4.556,4.556,4.556,0.0,4.556,0
2024-01-09,4.611,4.611,4.611,4.611,0.0,4.611,0
2024-01-10,4.56,4.56,4.56,4.56,0.0,4.56,0
2024-01-11,4.535,4.535,4.535,4.535,0.0,4.535,0
2024-01-12,4.535,4.535,4.531,4.531,30.0,4.535,1
2024-01-15,4.531,4.531,4.531,4.531,0.0,4.531,0
2024-01-16,4.513,4.513,4.513,4.513,0.0,4.513,0
2024-01-17,4.553,4.553,4.553,4.553,0.0,4.553,0
2024-01-18,4.551,4.551,4.551,4.551,0.0,4.551,0
2024-01-19,4.537,4.537,4.537,4.537,0.0,4.537,0
2024-01-22,4.466,4.466,4.466,4.466,0.0,4.466,0
2024-01-23,4.558,4.558,4.558,4.558,0.0,4.558,0
2024-01-24,4.522,4.522,4.522,4.522,0.0,4.522,0
2024-01-25,4.401,4.401,4.401,4.401,0.0,4.401,0
2024-01-26,4.419,4.419,4.419,4.419,0.0,4.419,0
2024-01-29,4.414,4.414,4.414,4.414,0.0,4.414,0
2024-01-30,4.427,4.427,4.427,4.427,0.0,4.427,0
2024-01-31,4.442,4.442,4.442,4.442,0.0,4.442,0
2024-02-01,4.446,4.446,4.446,4.446,0.0,4.446,0
2024-02-02,4.45,4.45,4.439,4.439,1.0,4.45,1
2024-02-05,4.449,4.449,4.449,4.449,0.0,4.449,0
2024-02-06,4.405,4.405,4.405,4.405,0.0,4.405,0
2024-02-07,4.387,4.387,4.387,4.387,0.0,4.387,0
2024-02-08,4.403,4.403,4.403,4.403,0.0,4.403,0
2024-02-09,4.407,4.407,4.407,4.407,0.0,4.407,0
2024-02-12,4.388,4.388,4.388,4.388,0.0,4.388,0
2024-02-13,4.446,4.446,4.446,4.446,0.0,4.446,0
2024-02-14,4.42,4.42,4.42,4.42,0.0,4.42,0
2024-02-15,4.405,4.405,4.405,4.405,0.0,4.405,0
2024-02-16,4.376,4.376,4.376,4.376,0.0,4.376,0
2024-02-19,4.376,4.376,4.376,4.376,0.0,4.376,0
2024-02-20,4.366,4.366,4.366,4.366,0.0,4.366,0
2024-02-21,4.392,4.392,4.392,4.392,0.0,4.392,0
2024-02-22,4.442,4.442,4.442,4.442,0.0,4.442,0
2024-02-23,4.395,4.395,4.395,4.395,0.0,4.395,0
2024-02-26,4.401,4.401,4.401,4.401,0.0,4.401,0
2024-02-27,4.405,4.405,4.405,4.405,0.0,4.405,0
2024-02-28,4.43,4.43,4.43,4.43,0.0,4.43,0
2024-02-29,4.436,4.436,4.436,4.436,0.0,4.436,0
2024-03-01,4.42,4.424,4.42,4.424,1.0,4.42,1
2024-03-04,4.434,4.434,4.434,4.434,0.0,4.434,0
2024-03-05,4.44,4.44,4.44,4.44,0.0,4.44,0
2024-03-06,4.45,4.45,4.445,4.445,1.0,4.45,1
2024-03-07,4.423,4.423,4.423,4.423,0.0,4.423,0
2024-03-08,4.403,4.403,4.403,4.403,0.0,4.403,0
2024-03-11,4.382,4.382,4.382,4.382,0.0,4.382,0
2024-03-12,4.366,4.366,4.366,4.366,0.0,4.366,0
2024-03-13,4.355,4.355,4.355,4.355,0.0,4.355,0
2024-03-14,4.36,4.36,4.36,4.36,0.0,4.36,0
2024-03-15,4.361,4.361,4.361,4.361,0.0,4.361,0
2024-03-18,4.409,4.409,4.409,4.409,0.0,4.409,0
2024-03-19,4.409,4.409,4.409,4.409,0.0,4.409,0
2024-03-20,4.39,4.39,4.39,4.39,0.0,4.39,0
2024-03-21,4.387,4.387,4.387,4.387,0.0,4.387,0
2024-03-22,4.402,4.402,4.402,4.402,0.0,4.402,0
2024-03-25,4.356,4.356,4.356,4.356,0.0,4.356,0
2024-03-26,4.397,4.397,4.397,4.397,0.0,4.397,0
2024-03-27,4.382,4.382,4.382,4.382,0.0,4.382,0
2024-03-28,4.418,4.418,4.418,4.418,0.0,4.418,0
2024-04-01,4.412,4.412,4.412,4.412,0.0,4.412,0
2024-04-02,4.45,4.45,4.45,4.45,0.0,4.45,0
2024-04-03,4.455,4.455,4.455,4.455,0.0,4.455,0
2024-04-04,4.435,4.435,4.435,4.435,0.0,4.435,0
2024-04-05,4.447,4.447,4.447,4.447,0.0,4.447,0
2024-04-08,4.455,4.455,4.455,4.455,0.0,4.455,0
2024-04-09,4.451,4.451,4.451,4.451,0.0,4.451,0
2024-04-10,4.503,4.505,4.503,4.505,1.0,4.503,1
2024-04-11,4.604,4.604,4.604,4.604,0.0,4.604,0
2024-04-12,4.652,4.652,4.652,4.652,0.0,4.652,0
2024-04-15,4.69,4.69,4.69,4.69,0.0,4.69,0
2024-04-16,4.695,4.695,4.695,4.695,0.0,4.695,0
2024-04-17,4.649,4.649,4.649,4.649,0.0,4.649,0
2024-04-18,4.672,4.672,4.672,4.672,0.0,4.672,0
2024-04-19,4.676,4.676,4.676,4.676,0.0,4.676,0
2024-04-22,4.698,4.698,4.698,4.698,0.0,4.698,0
2024-04-23,4.705,4.705,4.705,4.705,0.0,4.705,0
2024-04-24,4.684,4.684,4.684,4.684,0.0,4.684,0
2024-04-25,4.701,4.701,4.701,4.701,0.0,4.701,0
2024-04-26,4.699,4.699,4.699,4.699,0.0,4.699,0
2024-04-29,4.709,4.709,4.709,4.709,0.0,4.709,0
2024-04-30,4.754,4.754,4.722,4.722,1.0,4.754,1
2024-05-01,4.697,4.697,4.697,4.697,0.0,4.697,0
2024-05-02,4.689,4.689,4.689,4.689,0.0,4.689,0
2024-05-03,4.648,4.648,4.648,4.648,0.0,4.648,0
2024-05-06,4.661,4.661,4.661,4.661,0.0,4.661,0
2024-05-07,4.618,4.618,4.618,4.618,0.0,4.618,0
2024-05-08,4.574,4.574,4.574,4.574,0.0,4.574,0
2024-05-09,4.544,4.544,4.544,4.544,0.0,4.544,0
2024-05-10,4.58,4.58,4.58,4.58,0.0,4.58,0
2024-05-13,4.583,4.583,4.583,4.583,0.0,4.583,0
2024-05-14,4.598,4.598,4.598,4.598,0.0,4.598,0
2024-05-15,4.616,4.616,4.616,4.616,0.0,4.616,0
2024-05-16,4.644,4.644,4.644,4.644,0.0,4.644,0
2024-05-17,4.692,4.692,4.692,4.692,0.0,4.692,0
2024-05-20,4.664,4.664,4.664,4.664,0.0,4.664,0
2024-05-21,4.676,4.676,4.676,4.676,0.0,4.676,0
2024-05-22,4.685,4.685,4.685,4.685,0.0,4.685,0
2024-05-23,4.65,4.65,4.634,4.634,1.0,4.65,1
2024-05-24,4.607,4.607,4.607,4.607,0.0,4.607,0
2024-05-27,4.607,4.607,4.607,4.607,0.0,4.607,0
2024-05-28,4.614,4.614,4.614,4.614,0.0,4.614,0
2024-05-29,4.598,4.598,4.598,4.598,0.0,4.598,0
2024-05-30,4.556,4.556,4.556,4.556,0.0,4.556,0
2024-05-31,4.542,4.542,4.542,4.542,0.0,4.542,0
2024-06-03,4.549,4.549,4.549,4.549,0.0,4.549,0
2024-06-04,4.512,4.512,4.512,4.512,0.0,4.512,0
2024-06-05,4.499,4.499,4.499,4.499,0.0,4.499,0
2024-06-06,4.523,4.523,4.523,4.523,0.0,4.523,0
2024-06-07,4.508,4.508,4.508,4.508,0.0,4.508,0
2024-06-10,4.518,4.518,4.518,4.518,0.0,4.518,0
2024-06-11,4.535,4.541,4.535,4.541,1.0,4.535,1
2024-06-12,4.537,4.537,4.537,4.537,0.0,4.537,0
2024-06-13,4.493,4.493,4.493,4.493,0.0,4.493,0
2024-06-14,4.511,4.511,4.511,4.511,0.0,4.511,0
2024-06-17,4.491,4.491,4.491,4.491,0.0,4.491,0
2024-06-18,4.52,4.52,4.52,4.52,0.0,4.52,0
2024-06-19,4.52,4.52,4.52,4.52,0.0,4.52,0
2024-06-20,4.496,4.496,4.496,4.496,0.0,4.496,0
2024-06-21,4.441,4.441,4.441,4.441,0.0,4.441,0
2024-06-24,4.452,4.452,4.452,4.452,0.0,4.452,0
2024-06-25,4.441,4.441,4.441,4.441,0.0,4.441,0
2024-06-26,4.451,4.451,4.451,4.451,0.0,4.451,0
2024-06-27,4.409,4.409,4.409,4.409,0.0,4.409,0
2024-06-28,4.401,4.401,4.401,4.401,0.0,4.401,0
2024-07-01,4.379,4.379,4.379,4.379,0.0,4.379,0
2024-07-02,4.376,4.376,4.376,4.376,0.0,4.376,0
2024-07-03,4.374,4.374,4.374,4.374,0.0,4.374,0
2024-07-04,4.374,4.374,4.374,4.374,0.0,4.374,0
2024-07-05,4.347,4.347,4.347,4.347,0.0,4.347,0
2024-07-08,4.359,4.359,4.359,4.359,0.0,4.359,0
2024-07-09,4.358,4.358,4.358,4.358,0.0,4.358,0
2024-07-10,4.332,4.332,4.332,4.332,0.0,4.332,0
2024-07-11,4.341,4.341,4.341,4.341,0.0,4.341,0
2024-07-12,4.367,4.367,4.367,4.367,0.0,4.367,0
2024-07-15,4.396,4.396,4.396,4.396,0.0,4.396,0
2024-07-16,4.365,4.365,4.365,4.365,0.0,4.365,0
2024-07-17,4.305,4.305,4.305,4.305,0.0,4.305,0
2024-07-18,4.278,4.278,4.278,4.278,0.0,4.278,0
2024-07-19,4.341,4.341,4.341,4.341,0.0,4.341,0
2024-07-22,4.323,4.323,4.323,4.323,0.0,4.323,0
2024-07-23,4.346,4.346,4.346,4.346,0.0,4.346,0
2024-07-24,4.291,4.291,4.291,4.291,0.0,4.291,0
2024-07-25,4.287,4.287,4.287,4.287,0.0,4.287,0
2024-07-26,4.302,4.302,4.302,4.302,0.0,4.302,0
2024-07-29,4.274,4.274,4.274,4.274,0.0,4.274,0
2024-07-30,4.265,4.265,4.265,4.265,0.0,4.265,0
2024-07-31,4.245,4.245,4.236,4.236,1.0,4.245,1
2024-08-01,4.192,4.192,4.192,4.192,0.0,4.192,0
2024-08-02,4.225,4.225,4.225,4.225,0.0,4.225,0
2024-08-05,4.18,4.18,4.167,4.167,1.0,4.18,1
2024-08-06,4.155,4.155,4.155,4.155,0.0,4.155,0
2024-08-07,4.154,4.154,4.154,4.154,0.0,4.154,0
2024-08-08,4.19,4.19,4.19,4.19,0.0,4.19,0
2024-08-09,4.21,4.21,4.21,4.21,0.0,4.21,0
2024-08-12,4.181,4.181,4.181,4.181,0.0,4.181,0
2024-08-13,4.17,4.17,4.17,4.17,0.0,4.17,0
2024-08-14,4.154,4.154,4.154,4.154,0.0,4.154,0
2024-08-15,4.152,4.152,4.152,4.152,0.0,4.152,0
2024-08-16,4.152,4.152,4.152,4.152,0.0,4.152,0
2024-08-19,4.174,4.174,4.174,4.174,0.0,4.174,0
2024-08-20,4.193,4.193,4.193,4.193,0.0,4.193,0
2024-08-21,4.195,4.195,4.195,4.195,0.0,4.195,0
2024-08-22,4.244,4.244,4.244,4.244,0.0,4.244,0
2024-08-23,4.271,4.271,4.271,4.271,0.0,4.271,0
2024-08-26,4.309,4.309,4.309,4.309,0.0,4.309,0
2024-08-27,4.304,4.304,4.273,4.273,2.0,4.2955,2
2024-08-28,4.251,4.251,4.251,4.251,0.0,4.251,0
2024-08-29,4.2,4.243,4.2,4.243,5.0,4.2,1
2024-08-30,4.23,4.23,4.23,4.23,0.0,4.23,0
2024-09-02,4.23,4.23,4.23,4.23,0.0,4.23,0
2024-09-03,4.215,4.215,4.215,4.215,0.0,4.215,0
2024-09-04,4.204,4.204,4.204,4.204,0.0,4.204,0
2024-09-05,4.166,4.166,4.166,4.166,0.0,4.166,0
2024-09-06,4.097,4.097,4.097,4.097,0.0,4.097,0
2024-09-09,4.141,4.141,4.141,4.141,0.0,4.141,0
2024-09-10,4.106,4.106,4.106,4.106,0.0,4.106,0
2024-09-11,4.096,4.096,4.096,4.096,0.0,4.096,0
2024-09-12,4.093,4.093,4.093,4.093,0.0,4.093,0
2024-09-13,4.061,4.061,4.061,4.061,0.0,4.061,0
2024-09-16,4.099,4.099,4.099,4.099,0.0,4.099,0
2024-09-17,4.088,4.088,4.088,4.088,0.0,4.088,0
2024-09-18,4.09,4.104,4.09,4.104,1.0,4.09,1
2024-09-19,4.121,4.121,4.121,4.121,0.0,4.121,0
2024-09-20,4.133,4.133,4.133,4.133,0.0,4.133,0
2024-09-23,4.117,4.117,4.117,4.117,0.0,4.117,0
2024-09-24,4.154,4.154,4.154,4.154,0.0,4.154,0
2024-09-25,4.18,4.18,4.18,4.18,0.0,4.18,0
2024-09-26,4.18,4.209,4.18,4.209,1.0,4.18,1
2024-09-27,4.218,4.218,4.218,4.218,0.0,4.218,0
2024-09-30,4.228,4.228,4.202,4.202,1.0,4.228,1
2024-10-01,4.187,4.187,4.187,4.187,0.0,4.187,0
2024-10-02,4.163,4.163,4.163,4.163,0.0,4.163,0
2024-10-03,4.21,4.215,4.21,4.215,4.0,4.21,1
2024-10-04,4.244,4.244,4.244,4.244,0.0,4.244,0
2024-10-07,4.262,4.262,4.262,4.262,0.0,4.262,0
2024-10-08,4.232,4.232,4.232,4.232,0.0,4.232,0
2024-10-09,4.21,4.21,4.168,4.168,1.0,4.21,1
2024-10-10,4.172,4.172,4.172,4.172,0.0,4.172,0
2024-10-11,4.147,4.147,4.147,4.147,0.0,4.147,0
2024-10-14,4.154,4.154,4.154,4.154,0.0,4.154,0
2024-10-15,4.204,4.204,4.204,4.204,0.0,4.204,0
2024-10-16,4.146,4.146,4.146,4.146,0.0,4.146,0
2024-10-17,4.178,4.178,4.178,4.178,0.0,4.178,0
2024-10-18,4.135,4.135,4.135,4.135,0.0,4.135,0
2024-10-21,4.161,4.161,4.161,4.161,0.0,4.161,0
2024-10-22,4.191,4.191,4.191,4.191,0.0,4.191,0
2024-10-23,4.224,4.224,4.224,4.224,0.0,4.224,0
2024-10-24,4.242,4.242,4.242,4.242,0.0,4.242,0
2024-10-25,4.25,4.25,4.25,4.25,0.0,4.25,0
2024-10-28,4.21,4.229,4.21,4.229,2.0,4.21,1
2024-10-29,4.26,4.26,4.26,4.26,0.0,4.26,0
2024-10-30,4.31,4.31,4.31,4.31,0.0,4.31,0
2024-10-31,4.257,4.257,4.257,4.257,0.0,4.257,0
2024-11-01,4.278,4.278,4.278,4.278,0.0,4.278,0
2024-11-04,4.264,4.264,4.264,4.264,0.0,4.264,0
2024-11-05,4.245,4.245,4.225,4.225,1.0,4.245,1
2024-11-06,4.284,4.284,4.284,4.284,0.0,4.284,0
2024-11-07,4.27,4.279,4.27,4.279,1.0,4.27,1
2024-11-08,4.226,4.226,4.226,4.226,0.0,4.226,0
2024-11-11,4.244,4.244,4.244,4.244,0.0,4.244,0
2024-11-12,4.257,4.257,4.257,4.257,0.0,4.257,0
2024-11-13,4.243,4.243,4.243,4.243,0.0,4.243,0
2024-11-14,4.216,4.216,4.216,4.216,0.0,4.216,0
2024-11-15,4.223,4.223,4.223,4.223,0.0,4.223,0
2024-11-18,4.227,4.227,4.227,4.227,0.0,4.227,0
2024-11-19,4.273,4.273,4.273,4.273,0.0,4.273,0
2024-11-20,4.298,4.298,4.298,4.298,0.0,4.298,0
2024-11-21,4.272,4.272,4.254,4.254,8.0,4.2709,4
2024-11-22,4.239,4.239,4.239,4.239,0.0,4.239,0
2024-11-25,4.307,4.307,4.307,4.307,0.0,4.307,0
2024-11-26,4.299,4.299,4.299,4.299,0.0,4.299,0
2024-11-27,4.239,4.271,4.239,4.271,1.0,4.239,1
2024-11-28,4.271,4.271,4.271,4.271,0.0,4.271,0
2024-11-29,4.339,4.339,4.339,4.339,0.0,4.339,0
2024-12-02,4.271,4.271,4.271,4.271,0.0,4.271,0
2024-12-03,4.267,4.267,4.267,4.267,0.0,4.267,0
2024-12-04,4.307,4.307,4.307,4.307,0.0,4.307,0
2024-12-05,4.313,4.313,4.309,4.309,2.0,4.313,1
2024-12-06,4.32,4.32,4.32,4.32,0.0,4.32,0
2024-12-09,4.292,4.292,4.292,4.292,0.0,4.292,0
2024-12-10,4.304,4.304,4.304,4.304,0.0,4.304,0
2024-12-11,4.299,4.299,4.299,4.299,0.0,4.299,0
2024-12-12,4.306,4.306,4.306,4.306,0.0,4.306,0
2024-12-13,4.3,4.3,4.3,4.3,0.0,4.3,0
2024-12-16,4.32,4.32,4.32,4.32,0.0,4.32,0
2024-12-17,4.315,4.338,4.315,4.338,3.0,4.315,1
2024-12-18,4.281,4.281,4.281,4.281,0.0,4.281,0
2024-12-19,4.307,4.307,4.307,4.307,0.0,4.307,0
2024-12-20,4.32,4.32,4.32,4.32,0.0,4.32,0
2024-12-23,4.324,4.324,4.324,4.324,0.0,4.324,0
2024-12-24,4.369,4.369,4.369,4.369,0.0,4.369,0
2024-12-26,4.376,4.376,4.376,4.376,0.0,4.376,0
2024-12-27,4.379,4.379,4.379,4.379,0.0,4.379,0
2024-12-30,4.389,4.389,4.389,4.389,0.0,4.389,0
2024-12-31,4.395,4.395,4.395,4.395,0.0,4.395,0
2025-01-02,4.382,4.382,4.382,4.382,0.0,4.382,0
2025-01-03,4.337,4.337,4.337,4.337,0.0,4.337,0
2025-01-06,4.327,4.327,4.327,4.327,0.0,4.327,0
2025-01-07,4.293,4.293,4.293,4.293,0.0,4.293,0
2025-01-08,4.307,4.307,4.307,4.307,0.0,4.307,0
2025-01-09,4.323,4.323,4.323,4.323,0.0,4.323,0
2025-01-10,4.343,4.343,4.343,4.343,0.0,4.343,0
2025-01-13,4.333,4.333,4.333,4.333,0.0,4.333,0
2025-01-14,4.306,4.306,4.306,4.306,0.0,4.306,0
2025-01-15,4.316,4.316,4.316,4.316,0.0,4.316,0
2025-01-16,4.333,4.333,4.333,4.333,0.0,4.333,0
2025-01-17,4.325,4.325,4.303,4.303,1.0,4.325,1
2025-01-20,4.303,4.303,4.303,4.303,0.0,4.303,0
2025-01-21,4.272,4.272,4.272,4.272,0.0,4.272,0
2025-01-22,4.325,4.325,4.325,4.325,0.0,4.325,0
2025-01-23,4.404,4.404,4.404,4.404,0.0,4.404,0
2025-01-24,4.406,4.406,4.406,4.406,0.0,4.406,0
2025-01-27,4.342,4.342,4.342,4.342,0.0,4.342,0
2025-01-28,4.277,4.277,4.277,4.277,0.0,4.277,0
2025-01-29,4.316,4.316,4.316,4.316,0.0,4.316,0
2025-01-30,4.29,4.29,4.28,4.28,1.0,4.29,1
2025-01-31,4.25,4.25,4.25,4.25,0.0,4.25,0
2025-02-03,4.286,4.286,4.286,4.286,0.0,4.286,0
2025-02-04,4.279,4.279,4.279,4.279,0.0,4.279,0
2025-02-05,4.287,4.287,4.287,4.287,0.0,4.287,0
2025-02-06,4.302,4.302,4.302,4.302,0.0,4.302,0
2025-02-07,4.286,4.286,4.286,4.286,0.0,4.286,0
2025-02-10,4.323,4.323,4.323,4.323,0.0,4.323,0
2025-02-11,4.344,4.344,4.344,4.344,0.0,4.344,0
2025-02-12,4.359,4.359,4.359,4.359,0.0,4.359,0
2025-02-13,4.367,4.367,4.367,4.367,0.0,4.367,0
2025-02-14,4.366,4.366,4.366,4.366,0.0,4.366,0
2025-02-17,4.366,4.366,4.366,4.366,0.0,4.366,0
2025-02-18,4.352,4.352,4.352,4.352,0.0,4.352,0
2025-02-19,4.351,4.351,4.351,4.351,0.0,4.351,0
2025-02-20,4.325,4.325,4.265,4.265,4.0,4.32,2
2025-02-21,4.267,4.267,4.267,4.267,0.0,4.267,0
2025-02-24,4.218,4.218,4.218,4.218,0.0,4.218,0
2025-02-25,4.234,4.234,4.2,4.204,34.0,4.204,3
2025-02-26,4.2,4.2,4.135,4.135,1.0,4.2,1
2025-02-27,4.24,4.24,4.24,4.24,0.0,4.24,0
2025-02-28,4.285,4.298,4.285,4.298,1.0,4.285,1
2025-03-03,4.318,4.318,4.318,4.318,0.0,4.318,0
2025-03-04,4.32,4.32,4.32,4.32,0.0,4.32,0
2025-03-05,4.366,4.366,4.366,4.366,0.0,4.366,0
2025-03-06,4.32,4.32,4.32,4.32,0.0,4.32,0
2025-03-07,4.35,4.35,4.35,4.35,0.0,4.35,0
2025-03-10,4.298,4.298,4.298,4.298,0.0,4.298,0
2025-03-11,4.29,4.29,4.287,4.287,1.0,4.29,1
2025-03-12,4.265,4.273,4.265,4.273,1.0,4.265,1
2025-03-13,4.273,4.299,4.273,4.299,14.0,4.2833,10
2025-03-14,4.279,4.297,4.279,4.297,52.0,4.2867,5
2025-03-17,4.293,4.293,4.293,4.293,0.0,4.293,0
2025-03-18,4.29,4.308,4.29,4.308,1.0,4.29,1
2025-03-19,4.285,4.287,4.285,4.287,1.0,4.285,1
2025-03-20,4.235,4.235,4.235,4.235,0.0,4.235,0
2025-03-21,4.235,4.235,4.235,4.235,1.0,4.235,1
2025-03-24,4.25,4.25,4.25,4.25,0.0,4.25,0
2025-03-25,4.259,4.259,4.259,4.259,0.0,4.259,0
2025-03-26,4.222,4.222,4.222,4.222,0.0,4.222,0
2025-03-27,4.232,4.232,4.232,4.232,0.0,4.232,0
2025-03-28,4.222,4.222,4.222,4.222,0.0,4.222,0
2025-03-31,4.242,4.242,4.234,4.234,1.0,4.242,1
2025-04-01,4.229,4.229,4.229,4.229,0.0,4.229,0
2025-04-02,4.235,4.252,4.235,4.252,1.0,4.235,1
2025-04-03,4.267,4.275,4.267,4.275,9.0,4.267,1
2025-04-04,4.21,4.237,4.18,4.237,2.0,4.195,2
2025-04-07,4.195,4.195,4.17,4.17,2.0,4.1875,2
2025-04-08,4.168,4.168,4.168,4.168,0.0,4.168,0
2025-04-09,4.13,4.232,4.13,4.232,1.0,4.13,1
2025-04-10,4.202,4.202,4.202,4.202,0.0,4.202,0
2025-04-11,4.183,4.183,4.183,4.183,0.0,4.183,0
2025-04-14,4.22,4.22,4.216,4.216,1.0,4.22,1
2025-04-15,4.205,4.215,4.205,4.215,5.0,4.205,2
2025-04-16,4.22,4.22,4.216,4.216,1.0,4.22,1
2025-04-17,4.24,4.258,4.24,4.258,1.0,4.24,1
2025-04-21,4.225,4.225,4.197,4.197,2.0,4.225,1
2025-04-22,4.22,4.227,4.22,4.227,1.0,4.22,1
2025-04-23,4.25,4.25,4.235,4.235,1.0,4.25,1
2025-04-24,4.254,4.254,4.254,4.254,0.0,4.254,0
2025-04-25,4.232,4.232,4.232,4.232,0.0,4.232,0
2025-04-28,4.241,4.241,4.241,4.241,0.0,4.241,0
2025-04-29,4.254,4.254,4.254,4.254,0.0,4.254,0
2025-04-30,4.246,4.246,4.246,4.246,0.0,4.246,0
2025-05-01,4.253,4.253,4.253,4.253,0.0,4.253,0
2025-05-02,4.25,4.279,4.25,4.279,1.0,4.25,1
2025-05-05,4.3,4.3,4.3,4.3,0.0,4.3,0
2025-05-06,4.299,4.299,4.299,4.299,0.0,4.299,0
2025-05-07,4.308,4.308,4.308,4.308,0.0,4.308,0
2025-05-08,4.315,4.315,4.315,4.315,0.0,4.315,0
2025-05-09,4.31,4.34,4.305,4.34,3.0,4.3067,2
2025-05-12,4.347,4.347,4.347,4.347,0.0,4.347,0
2025-05-13,4.37,4.381,4.37,4.381,11.0,4.37,2
2025-05-14,4.406,4.406,4.406,4.406,0.0,4.406,0
2025-05-15,4.391,4.391,4.391,4.391,0.0,4.391,0
2025-05-16,4.41,4.41,4.41,4.41,0.0,4.41,0
2025-05-19,4.364,4.364,4.319,4.319,1.0,4.364,1
2025-05-20,4.362,4.362,4.362,4.362,0.0,4.362,0
2025-05-21,4.35,4.35,4.35,4.35,0.0,4.35,0
2025-05-22,4.36,4.365,4.36,4.365,1.0,4.36,1
2025-05-23,4.429,4.429,4.429,4.429,0.0,4.429,0
2025-05-27,4.455,4.455,4.425,4.425,1.0,4.455,1
2025-05-28,4.406,4.406,4.406,4.406,0.0,4.406,0
2025-05-29,4.375,4.375,4.375,4.375,0.0,4.375,0
2025-05-30,4.38,4.38,4.38,4.38,0.0,4.38,0
2025-06-02,4.401,4.401,4.401,4.401,0.0,4.401,0
2025-06-03,4.417,4.417,4.417,4.417,0.0,4.417,0
2025-06-04,4.419,4.419,4.419,4.419,0.0,4.419,0
2025-06-05,4.416,4.416,4.416,4.416,0.0,4.416,0
2025-06-06,4.43,4.43,4.43,4.43,0.0,4.43,0
2025-06-09,4.42,4.42,4.419,4.419,1.0,4.42,1
2025-06-10,4.394,4.394,4.394,4.394,0.0,4.394,0
2025-06-11,4.39,4.402,4.39,4.402,2.0,4.39,2
2025-06-12,4.388,4.388,4.388,4.388,0.0,4.388,0
2025-06-13,4.43,4.43,4.43,4.43,0.0,4.43,0
2025-06-16,4.454,4.454,4.454,4.454,0.0,4.454,0
2025-06-17,4.47,4.47,4.47,4.47,36.0,4.47,36
2025-06-18,4.484,4.484,4.484,4.484,0.0,4.484,0
2025-06-20,4.484,4.487,4.484,4.487,2.0,4.484,2
2025-06-23,4.476,4.476,4.453,4.453,3.0,4.4653,3
2025-06-24,4.458,4.458,4.458,4.458,0.0,4.458,0
2025-06-25,4.451,4.451,4.451,4.451,0.0,4.451,0
2025-06-26,4.453,4.453,4.453,4.453,0.0,4.453,0
2025-06-27,4.503,4.503,4.469,4.469,2.0,4.503,2
2025-06-30,4.428,4.428,4.428,4.428,0.0,4.428,0
2025-07-01,4.438,4.438,4.438,4.438,0.0,4.438,0
2025-07-02,4.474,4.474,4.474,4.474,0.0,4.474,0
2025-07-03,4.5,4.5,4.455,4.455,2.0,4.5,2
2025-07-07,4.485,4.485,4.485,4.485,0.0,4.485,0
2025-07-08,4.455,4.455,4.455,4.455,0.0,4.455,0
2025-07-09,4.449,4.449,4.449,4.449,0.0,4.449,0
2025-07-10,4.45,4.466,4.45,4.466,1.0,4.45,1
2025-07-11,4.455,4.498,4.455,4.498,1.0,4.455,1
2025-07-14,4.507,4.507,4.507,4.507,0.0,4.507,0
2025-07-15,4.516,4.516,4.516,4.516,0.0,4.516,0
2025-07-16,4.505,4.505,4.505,4.505,0.0,4.505,0
2025-07-17,4.5,4.512,4.5,4.512,2.0,4.5,1
2025-07-18,4.518,4.518,4.518,4.518,0.0,4.518,0
2025-07-21,4.481,4.496,4.46,4.496,2.0,4.4705,2
2025-07-22,4.489,4.502,4.475,4.502,52.0,4.4754,4
2025-07-23,4.465,4.472,4.465,4.468,2.0,4.4685,2
2025-07-24,4.459,4.469,4.459,4.469,12.0,4.459,12
2025-07-25,4.46,4.463,4.455,4.455,3.0,4.4613,3
2025-07-28,4.366,4.395,4.366,4.395,1.0,4.366,1
2025-07-29,4.407,4.407,4.407,4.407,0.0,4.407,0
2025-07-30,4.38,4.384,4.38,4.384,1.0,4.38,1
2025-07-31,4.41,4.41,4.41,4.41,0.0,4.41,0
2025-08-01,4.4,4.4,4.399,4.399,1.0,4.4,1
2025-08-04,4.386,4.386,4.386,4.386,0.0,4.386,0
2025-08-05,4.386,4.386,4.374,4.374,1.0,4.386,1
2025-08-06,4.385,4.389,4.375,4.389,2.0,4.38,2
2025-08-07,4.376,4.381,4.353,4.381,7.0,4.3657,7
2025-08-08,4.349,4.349,4.325,4.343,5.0,4.333,5
2025-08-11,4.367,4.367,4.36,4.36,1.0,4.367,1
2025-08-12,4.36,4.36,4.353,4.353,1.0,4.36,1
2025-08-13,4.342,4.342,4.342,4.342,0.0,4.342,0
2025-08-14,4.33,4.333,4.33,4.333,1.0,4.33,1
2025-08-15,4.345,4.345,4.345,4.345,0.0,4.345,0
2025-08-18,4.347,4.378,4.347,4.378,3.0,4.349,3
2025-08-19,4.35,4.365,4.35,4.365,1.0,4.35,1
2025-08-20,4.367,4.367,4.367,4.367,0.0,4.367,0
2025-08-21,4.393,4.393,4.393,4.393,0.0,4.393,0
2025-08-22,4.392,4.392,4.392,4.392,0.0,4.392,0
2025-08-25,4.384,4.384,4.378,4.378,2.0,4.382,2
2025-08-26,4.376,4.382,4.376,4.382,25.0,4.376,3
2025-08-27,4.379,4.379,4.379,4.379,0.0,4.379,0
2025-08-28,4.37,4.41,4.37,4.389,2.0,4.39,2
2025-08-29,4.4,4.405,4.4,4.405,2.0,4.4,2
2025-09-02,4.405,4.405,4.394,4.394,1.0,4.405,1
2025-09-03,4.387,4.387,4.387,4.387,0.0,4.387,0
2025-09-04,4.38,4.38,4.363,4.363,2.0,4.372,2
2025-09-05,4.341,4.341,4.328,4.328,4.0,4.3383,4
2025-09-08,4.32,4.334,4.32,4.334,30.0,4.32,1
2025-09-09,4.31,4.322,4.302,4.322,64.0,4.3054,12
2025-09-10,4.32,4.32,4.307,4.307,1.0,4.32,1
2025-09-11,4.325,4.325,4.325,4.325,0.0,4.325,0
2025-09-12,4.325,4.325,4.319,4.319,1.0,4.325,1
2025-09-15,4.341,4.345,4.341,4.345,4.0,4.3433,4
2025-09-16,4.363,4.363,4.363,4.363,0.0,4.363,0
2025-09-17,4.352,4.36,4.345,4.36,2.0,4.3485,2
2025-09-18,4.36,4.36,4.353,4.353,2.0,4.36,2
2025-09-19,4.365,4.365,4.365,4.365,0.0,4.365,0
2025-09-22,4.367,4.367,4.367,4.367,0.0,4.367,0
2025-09-23,4.363,4.386,4.363,4.386,1.0,4.363,1
2025-09-24,4.395,4.395,4.395,4.395,0.0,4.395,0
2025-09-25,4.395,4.395,4.376,4.384,5.0,4.3814,5
2025-09-26,4.352,4.361,4.352,4.36,7.0,4.3569,7
2025-09-29,4.384,4.386,4.375,4.386,40.0,4.3755,11
2025-09-30,4.38,4.394,4.38,4.394,3.0,4.3843,3
2025-10-01,4.395,4.411,4.395,4.411,33.0,4.3971,33
2025-10-02,4.432,4.436,4.393,4.396,18.0,4.4192,16
2025-10-03,4.4,4.42,4.385,4.406,12.0,4.3998,11
2025-10-06,4.416,4.416,4.41,4.41,1.0,4.416,1
2025-10-07,4.423,4.423,4.423,4.423,0.0,4.423,0
2025-10-08,4.406,4.406,4.406,4.406,0.0,4.406,0
2025-10-09,4.393,4.393,4.393,4.393,0.0,4.393,0
2025-10-10,4.371,4.371,4.371,4.371,0.0,4.371,0
2025-10-13,4.357,4.357,4.357,4.357,0.0,4.357,0
2025-10-14,4.335,4.335,4.333,4.333,1.0,4.335,1
2025-10-15,4.335,4.352,4.335,4.352,2.0,4.335,2
2025-10-16,4.364,4.373,4.342,4.342,6.0,4.3692,6
2025-10-17,4.359,4.359,4.359,4.359,0.0,4.359,0
2025-10-20,4.38,4.394,4.379,4.379,3.0,4.3847,3
2025-10-21,4.39,4.39,4.39,4.39,0.0,4.39,0
2025-10-22,4.377,4.377,4.377,4.377,0.0,4.377,0
2025-10-23,4.363,4.363,4.363,4.363,0.0,4.363,0
2025-10-24,4.365,4.384,4.362,4.379,8.0,4.3714,8
2025-10-27,4.395,4.395,4.389,4.389,1.0,4.395,1
2025-10-28,4.367,4.392,4.367,4.388,11.0,4.3693,3
2025-10-29,4.376,4.384,4.37,4.38,5.0,4.3764,5
2025-10-30,4.397,4.397,4.397,4.397,0.0,4.397,0
2025-10-31,4.441,4.441,4.441,4.441,0.0,4.441,0
2025-11-03,4.424,4.424,4.415,4.417,3.0,4.4203,3
2025-11-04,4.427,4.427,4.427,4.427,0.0,4.427,0
2025-11-05,4.407,4.407,4.385,4.385,11.0,4.3934,4
2025-11-06,4.385,4.394,4.385,4.394,1.0,4.385,1
2025-11-07,4.394,4.399,4.394,4.399,2.0,4.3955,2
2025-11-10,4.386,4.386,4.382,4.382,1.0,4.386,1
2025-11-11,4.406,4.406,4.406,4.406,0.0,4.406,0
2025-11-12,4.404,4.404,4.404,4.404,0.0,4.404,0
2025-11-13,4.422,4.429,4.422,4.429,1.0,4.422,1
2025-11-14,4.402,4.402,4.402,4.402,0.0,4.402,0
2025-11-17,4.417,4.417,4.399,4.399,2.0,4.417,1
2025-11-18,4.412,4.412,4.412,4.412,0.0,4.412,0
2025-11-19,4.402,4.407,4.402,4.407,1.0,4.402,1
2025-11-20,4.399,4.399,4.394,4.394,1.0,4.399,1
2025-11-21,4.397,4.397,4.397,4.397,0.0,4.397,0
2025-11-24,4.392,4.392,4.392,4.392,0.0,4.392,0
2025-11-25,4.389,4.389,4.389,4.389,0.0,4.389,0
2025-11-26,4.396,4.396,4.396,4.396,0.0,4.396,0
2025-11-28,4.4,4.429,4.4,4.429,1.0,4.4,1
2025-12-01,4.42,4.425,4.413,4.413,2.0,4.4225,2
2025-12-02,4.41,4.413,4.41,4.413,1.0,4.41,1
2025-12-03,4.406,4.406,4.403,4.403,2.0,4.4055,2
2025-12-04,4.396,4.396,4.396,4.396,0.0,4.396,0
2025-12-05,4.405,4.405,4.389,4.389,2.0,4.4005,2
2025-12-08,4.374,4.379,4.35,4.35,4.0,4.375,4
2025-12-09,4.338,4.344,4.32,4.338,12.0,4.3371,4
2025-12-10,4.33,4.34,4.325,4.328,20.0,4.3319,20
2025-12-11,4.311,4.323,4.303,4.303,4.0,4.3163,4
2025-12-12,4.315,4.315,4.27,4.279,6.0,4.2875,6
2025-12-15,4.269,4.269,4.262,4.262,1.0,4.269,1
2025-12-16,4.285,4.285,4.25,4.25,12.0,4.2767,10
2025-12-17,4.292,4.292,4.274,4.274,9.0,4.2819,9
2025-12-18,4.284,4.29,4.247,4.247,4.0,4.2808,4
2025-12-19,4.229,4.239,4.229,4.239,1.0,4.229,1
2025-12-22,4.239,4.239,4.196,4.211,7.0,4.209,4
2025-12-23,4.255,4.255,4.247,4.247,5.0,4.255,4
2025-12-24,4.235,4.247,4.234,4.234,2.0,4.241,2
2025-12-26,4.25,4.254,4.247,4.254,9.0,4.2484,8
2025-12-29,4.27,4.276,4.27,4.273,5.0,4.2724,5
2025-12-30,4.28,4.28,4.275,4.277,9.0,4.2776,7
2025-12-31,4.284,4.284,4.271,4.271,2.0,4.284,2
2026-01-02,4.265,4.265,4.208,4.208,22.0,4.2435,21
2026-01-05,4.203,4.203,4.195,4.195,2.0,4.202,2
2026-01-06,4.175,4.175,4.149,4.149,1.0,4.175,1
2026-01-07,4.171,4.174,4.164,4.164,3.0,4.1727,3
2026-01-08,4.148,4.148,4.148,4.148,0.0,4.148,0
2026-01-09,4.11,4.11,4.086,4.096,17.0,4.1026,17
2026-01-12,4.15,4.15,4.127,4.127,1.0,4.15,1
2026-01-13,4.12,4.121,4.117,4.121,5.0,4.1176,5
2026-01-14,4.091,4.091,4.06,4.062,62.0,4.0861,6
2026-01-15,4.103,4.11,4.065,4.1,14.0,4.0931,14
2026-01-16,4.113,4.132,4.109,4.132,46.0,4.1116,41
2026-01-20,4.16,4.16,4.144,4.16,5.0,4.1502,5
2026-01-21,4.18,4.18,4.147,4.147,48.0,4.1579,44
2026-01-22,4.14,4.147,4.1,4.147,39.0,4.1321,34
2026-01-23,4.12,4.13,4.095,4.116,12.0,4.1104,12
2026-01-26,4.116,4.116,4.087,4.088,48.0,4.1001,46
2026-01-27,4.075,4.105,4.075,4.105,8.0,4.0889,8
2026-01-28,4.12,4.144,4.12,4.136,3.0,4.128,2
2026-01-29,4.223,4.223,4.214,4.215,15.0,4.2191,14
2026-01-30,4.225,4.256,4.225,4.255,18.0,4.2419,17
2026-02-02,4.234,4.241,4.175,4.223,26.0,4.2217,18
2026-02-03,4.185,4.23,4.185,4.214,8.0,4.2096,7
2026-02-04,4.209,4.236,4.209,4.236,15.0,4.219,8
2026-02-05,4.234,4.242,4.226,4.233,25.0,4.233,17
2026-02-06,4.211,4.229,4.205,4.215,36.0,4.2133,28
2026-02-09,4.18,4.205,4.175,4.205,47.0,4.1898,37
2026-02-10,4.214,4.231,4.213,4.217,27.0,4.2211,17
2026-02-11,4.232,4.232,4.22,4.229,43.0,4.2277,29
2026-02-12,4.229,4.265,4.221,4.221,40.0,4.2453,32
2026-02-13,4.202,4.227,4.202,4.224,19.0,4.2181,15
2026-02-17,4.2,4.235,4.153,4.162,100.0,4.1794,68
2026-02-18,4.162,4.162,4.153,4.153,1.0,4.162,1
2026-02-19,4.174,4.21,4.174,4.191,11.0,4.1889,11
2026-02-20,4.196,4.216,4.193,4.202,8.0,4.2001,6
2026-02-23,4.23,4.23,4.197,4.206,44.0,4.2153,29
2026-02-24,4.213,4.226,4.189,4.189,42.0,4.2161,29
2026-02-25,4.22,4.22,4.197,4.197,48.0,4.205,33
2026-02-26,4.203,4.213,4.186,4.206,23.0,4.1993,18
2026-02-27,4.209,4.217,4.201,4.217,31.0,4.2081,23
2026-03-02,4.235,4.237,4.209,4.231,4.0,4.2252,4
2026-03-03,4.289,4.371,4.225,4.244,215.0,4.2624,62
2026-03-04,4.24,4.249,4.235,4.249,4.0,4.237,4
2026-03-05,4.267,4.31,4.257,4.285,88.0,4.2809,63
2026-03-06,4.288,4.36,4.288,4.322,97.0,4.3269,78
2026-03-09,4.276,4.355,4.252,4.279,100.0,4.2911,90
2026-03-10,4.226,4.301,4.226,4.25,25.0,4.2657,19
2026-03-11,4.263,4.285,4.263,4.27,49.0,4.2767,32
2026-03-12,4.286,4.313,4.284,4.299,48.0,4.293,17
2026-03-13,4.318,4.323,4.302,4.322,15.0,4.3126,14
2026-03-16,4.326,4.326,4.292,4.303,6.0,4.3203,2
2026-03-17,4.271,4.339,4.271,4.333,27.0,4.3248,17
2026-03-18,4.318,4.398,4.318,4.365,35.0,4.3615,25
2026-03-19,4.402,4.471,4.389,4.404,75.0,4.4365,60
2026-03-20,4.4,4.427,4.391,4.427,85.0,4.406,65
2026-03-23,4.445,4.445,4.385,4.41,20.0,4.4161,16
2026-03-24,4.404,4.44,4.392,4.411,43.0,4.4051,31
2026-03-25,4.378,4.417,4.378,4.41,55.0,4.4053,44
2026-03-26,4.426,4.445,4.425,4.434,71.0,4.4346,53
2026-03-27,4.462,4.47,4.447,4.464,43.0,4.4593,29
2026-03-30,4.493,4.493,4.44,4.452,47.0,4.4551,32
2026-03-31,4.481,4.481,4.375,4.392,180.0,4.3992,126
2026-04-01,4.389,4.42,4.261,4.272,87.0,4.3249,59
2026-04-02,4.293,4.329,4.272,4.273,35.0,4.3048,27
2026-04-06,4.281,4.297,4.268,4.288,20.0,4.2791,12
2026-04-07,4.323,4.326,4.316,4.325,43.0,4.3232,26
2026-04-08,4.26,4.26,4.238,4.248,20.0,4.2492,18
2026-04-09,4.26,4.266,4.235,4.24,25.0,4.2417,19
2026-04-10,4.226,4.24,4.213,4.228,94.0,4.2243,69
2026-04-13,4.273,4.273,4.216,4.222,322.0,4.2207,112
2026-04-14,4.218,4.219,4.187,4.196,9.0,4.2063,8
2026-04-15,4.197,4.208,4.197,4.207,16.0,4.2019,13
2026-04-16,4.207,4.244,4.207,4.241,23.0,4.2344,20
2026-04-17,4.226,4.259,4.226,4.251,84.0,4.2556,32
2026-04-20,4.251,4.257,4.251,4.254,6.0,4.254,4
2026-04-21,4.268,4.271,4.256,4.268,76.0,4.2653,55
2026-04-22,4.275,4.287,4.268,4.276,97.0,4.2758,34
2026-04-23,4.262,4.27,4.254,4.267,63.0,4.2628,25
2026-04-24,4.276,4.276,4.24,4.243,34.0,4.2519,23
2026-04-27,4.248,4.249,4.218,4.225,23.0,4.2342,15
2026-04-28,4.214,4.256,4.214,4.236,44.0,4.2402,35
2026-04-29,4.242,4.246,4.239,4.243,32.0,4.2397,8
2026-04-30,4.254,4.269,4.245,4.266,33.0,4.2544,27
2026-05-01,4.268,4.286,4.249,4.265,168.0,4.2627,67
2026-05-04,4.267,4.31,4.267,4.306,28.0,4.2921,19
2026-05-05,4.293,4.312,4.27,4.27,15.0,4.2985,14
2026-05-06,4.229,4.246,4.229,4.234,20.0,4.2346,10
2026-05-07,4.244,4.244,4.208,4.217,18.0,4.2227,15
2026-05-08,4.225,4.249,4.207,4.222,12.0,4.2165,10
2026-05-11,4.239,4.246,4.238,4.242,8.0,4.2412,6
2026-05-12,4.231,4.25,4.2,4.221,15.0,4.228,11
2026-05-13,4.217,4.232,4.204,4.206,34.0,4.2151,16
2026-05-14,4.212,4.212,4.189,4.189,271.0,4.1953,174
2026-05-15,4.198,4.205,4.183,4.189,33.0,4.1942,22
2026-05-18,4.211,4.225,4.202,4.216,16.0,4.2159,14
2026-05-19,4.242,4.242,4.222,4.233,53.0,4.2339,30
2026-05-20,4.231,4.231,4.2,4.208,45.0,4.211,17
2026-05-21,4.21,4.221,4.194,4.206,50.0,4.2118,45
2026-05-22,4.212,4.213,4.188,4.193,22.0,4.1975,14
2026-05-26,4.206,4.206,4.168,4.173,706.0,4.1783,311
2026-05-27,4.177,4.195,4.17,4.184,159.0,4.1802,64
2026-05-28,4.205,4.24,4.2,4.229,504.0,4.2205,305
2026-05-29,4.243,4.248,4.233,4.248,312.0,4.2381,135
2026-06-01,4.232,4.264,4.232,4.257,29.0,4.2498,23
2026-06-02,4.257,4.265,4.23,4.26,72.0,4.2546,20
2026-06-03,4.262,4.275,4.256,4.271,30.0,4.2689,20
2026-06-04,4.277,4.289,4.269,4.287,65.0,4.2772,49
2026-06-05,4.28,4.28,4.249,4.271,72.0,4.2713,62
2026-06-08,4.264,4.271,4.253,4.263,32.0,4.2592,31
2026-06-09,4.257,4.267,4.25,4.255,123.0,4.2566,35
2026-06-10,4.253,4.26,4.24,4.259,55.0,4.2559,34
2026-06-11,4.248,4.253,4.227,4.246,68.0,4.2415,48
2026-06-12,4.236,4.252,4.235,4.243,105.0,4.2421,57
2026-06-15,4.234,4.237,4.227,4.236,50.0,4.2343,28
2026-06-16,4.249,4.261,4.24,4.249,84.0,4.2529,57
2026-06-17,4.239,4.259,4.239,4.256,17.0,4.2524,9
2026-06-18,4.265,4.265,4.249,4.25,186.0,4.2519,23
2026-06-22,4.266,4.266,4.248,4.248,9.0,4.2581,9
2026-06-23,4.259,4.264,4.218,4.229,28.0,4.2374,21
2026-06-24,4.221,4.245,4.221,4.241,25.0,4.2389,23
2026-06-25,4.245,4.254,4.231,4.239,77.0,4.2394,23
2026-06-26,4.248,4.25,4.227,4.232,79.0,4.2324,22
2026-06-29,4.226,4.226,4.203,4.213,184.0,4.2044,49
2026-06-30,4.21,4.22,4.197,4.215,331.0,4.2045,122
2026-07-01,4.209,4.209,4.184,4.192,142.0,4.1862,48
2026-07-02,4.179,4.194,4.169,4.177,353.0,4.1745,131
2026-07-06,4.156,4.173,4.149,4.159,286.0,4.1553,71
2026-07-07,4.161,4.188,4.148,4.168,40.0,4.1623,38
2026-07-08,4.177,4.178,4.16,4.168,86.0,4.1706,66
2026-07-09,4.157,4.157,4.112,4.115,182.0,4.1182,51
2026-07-10,4.101,4.114,4.093,4.099,400.0,4.0997,162
2026-07-13,4.095,4.111,4.085,4.111,113.0,4.1046,87
2026-07-14,4.103,4.111,4.089,4.1,155.0,4.0997,90
2026-07-15,4.103,4.117,4.097,4.115,106.0,4.1068,81
2026-07-16,4.113,4.113,4.071,4.079,184.0,4.0787,112
2026-07-17,4.072,4.115,4.072,4.112,149.0,4.1055,84
2026-07-20,4.11,4.11,4.09,4.106,35.0,4.0965,22
2026-07-21,4.113,4.125,4.111,4.123,25.0,4.1154,20
2026-07-22,4.129,4.172,4.123,4.159,430.0,4.1488,151
2026-07-23,4.18,4.19,4.169,4.186,168.0,4.1785,74
2026-07-24,4.18,4.219,4.18,4.199,198.0,4.2062,108
2026-07-27,4.153,4.205,4.153,4.201,77.0,4.1939,61
2026-07-28,4.189,4.201,4.189,4.197,140.0,4.1944,66
2026-07-29,4.194,4.231,4.194,4.227,220.0,4.2208,97
2026-07-30,4.219,4.219,4.198,4.213,68.0,4.2107,51
2026-07-31,4.206,4.238,4.2,4.215,51.0,4.2108,37
2026-08-03,4.23,4.25,4.226,4.249,180.0,4.2367,126
2026-08-04,4.236,4.236,4.207,4.223,359.0,4.2173,233
2026-08-05,4.21,4.212,4.195,4.211,94.0,4.2051,63
2026-08-06,4.199,4.199,4.159,4.173,221.0,4.1716,150
2026-08-07,4.173,4.208,4.172,4.2,119.0,4.1974,70
2026-08-10,4.225,4.225,4.206,4.213,63.0,4.2155,43
2026-08-11,4.22,4.24,4.205,4.216,75.0,4.2164,64
2026-08-12,4.229,4.24,4.216,4.22,101.0,4.229,67
2026-08-13,4.219,4.227,4.196,4.217,180.0,4.2103,95
2026-08-14,4.218,4.243,4.195,4.207,250.0,4.223,170
