date,open,high,low,close,volume,average,barCount
2017-03-14,3.545,3.545,3.545,3.545,0.0,3.545,0
2017-03-15,3.565,3.565,3.565,3.565,0.0,3.565,0
2017-03-16,3.581,3.581,3.581,3.581,0.0,3.581,0
2017-03-17,3.586,3.586,3.586,3.586,0.0,3.586,0
2017-03-20,3.588,3.588,3.588,3.588,0.0,3.588,0
2017-03-21,3.598,3.598,3.598,3.598,0.0,3.598,0
2017-03-22,3.6,3.6,3.6,3.6,0.0,3.6,0
2017-03-23,3.595,3.595,3.595,3.595,0.0,3.595,0
2017-03-24,3.559,3.559,3.559,3.559,0.0,3.559,0
2017-03-27,3.549,3.549,3.549,3.549,0.0,3.549,0
2017-03-28,3.54,3.54,3.54,3.54,0.0,3.54,0
2017-03-29,3.548,3.548,3.548,3.548,0.0,3.548,0
2017-03-30,3.551,3.551,3.551,3.551,0.0,3.551,0
2017-03-31,3.568,3.568,3.568,3.568,0.0,3.568,0
2017-04-03,3.575,3.575,3.575,3.575,0.0,3.575,0
2017-04-04,3.588,3.588,3.588,3.588,0.0,3.588,0
2017-04-05,3.605,3.605,3.605,3.605,0.0,3.605,0
2017-04-06,3.585,3.585,3.585,3.585,0.0,3.585,0
2017-04-07,3.599,3.599,3.599,3.599,0.0,3.599,0
2017-04-10,3.608,3.608,3.608,3.608,0.0,3.608,0
2017-04-11,3.639,3.639,3.639,3.639,0.0,3.639,0
2017-04-12,3.64,3.64,3.64,3.64,0.0,3.64,0
2017-04-13,3.651,3.651,3.651,3.651,0.0,3.651,0
2017-04-17,3.634,3.634,3.634,3.634,0.0,3.634,0
2017-04-18,3.664,3.664,3.664,3.664,0.0,3.664,0
2017-04-19,3.675,3.675,3.675,3.675,0.0,3.675,0
2017-04-20,3.709,3.709,3.709,3.709,0.0,3.709,0
2017-04-21,3.71,3.71,3.71,3.71,0.0,3.71,0
2017-04-24,3.669,3.669,3.669,3.669,0.0,3.669,0
2017-04-25,3.669,3.669,3.669,3.669,0.0,3.669,0
2017-04-26,3.66,3.66,3.66,3.66,0.0,3.66,0
2017-04-27,3.651,3.651,3.651,3.651,0.0,3.651,0
2017-04-28,3.677,3.677,3.677,3.677,0.0,3.677,0
2017-05-01,3.652,3.652,3.652,3.652,0.0,3.652,0
2017-05-02,3.653,3.653,3.653,3.653,0.0,3.653,0
2017-05-03,3.672,3.672,3.672,3.672,0.0,3.672,0
2017-05-04,3.715,3.715,3.715,3.715,0.0,3.715,0
2017-05-05,3.715,3.715,3.715,3.715,0.0,3.715,0
2017-05-08,3.706,3.706,3.706,3.706,0.0,3.706,0
2017-05-09,3.709,3.709,3.709,3.709,0.0,3.709,0
2017-05-10,3.71,3.71,3.71,3.71,0.0,3.71,0
2017-05-11,3.744,3.744,3.744,3.744,0.0,3.744,0
2017-05-12,3.748,3.748,3.748,3.748,0.0,3.748,0
2017-05-15,3.753,3.753,3.753,3.753,0.0,3.753,0
2017-05-16,3.77,3.77,3.77,3.77,0.0,3.77,0
2017-05-17,3.766,3.766,3.766,3.766,0.0,3.766,0
2017-05-18,3.753,3.753,3.753,3.753,0.0,3.753,0
2017-05-19,3.743,3.743,3.743,3.743,0.0,3.743,0
2017-05-22,3.745,3.745,3.745,3.745,0.0,3.745,0
2017-05-23,3.812,3.812,3.812,3.812,0.0,3.812,0
2017-05-24,3.814,3.814,3.814,3.814,0.0,3.814,0
2017-05-25,3.804,3.804,3.804,3.804,0.0,3.804,0
2017-05-26,3.789,3.789,3.789,3.789,0.0,3.789,0
2017-05-30,3.756,3.756,3.756,3.756,0.0,3.756,0
2017-05-31,3.752,3.752,3.752,3.752,0.0,3.752,0
2017-06-01,3.754,3.754,3.754,3.754,0.0,3.754,0
2017-06-02,3.744,3.744,3.744,3.744,0.0,3.744,0
2017-06-05,3.714,3.714,3.714,3.714,0.0,3.714,0
2017-06-06,3.656,3.656,3.656,3.656,0.0,3.656,0
2017-06-07,3.667,3.667,3.667,3.667,0.0,3.667,0
2017-06-08,3.685,3.685,3.685,3.685,0.0,3.685,0
2017-06-09,3.682,3.682,3.682,3.682,0.0,3.682,0
2017-06-12,3.684,3.684,3.684,3.684,0.0,3.684,0
2017-06-13,3.681,3.681,3.681,3.681,0.0,3.681,0
2017-06-14,3.67,3.67,3.67,3.67,0.0,3.67,0
2017-06-15,3.698,3.698,3.698,3.698,0.0,3.698,0
2017-06-16,3.687,3.687,3.687,3.687,0.0,3.687,0
2017-06-19,3.71,3.71,3.71,3.71,0.0,3.71,0
2017-06-20,3.747,3.747,3.747,3.747,0.0,3.747,0
2017-06-21,3.762,3.762,3.762,3.762,0.0,3.762,0
2017-06-22,3.756,3.756,3.756,3.756,0.0,3.756,0
2017-06-23,3.743,3.743,3.743,3.743,0.0,3.743,0
2017-06-26,3.72,3.72,3.72,3.72,0.0,3.72,0
2017-06-27,3.723,3.723,3.723,3.723,0.0,3.723,0
2017-06-28,3.713,3.713,3.713,3.713,0.0,3.713,0
2017-06-29,3.715,3.715,3.715,3.715,0.0,3.715,0
2017-06-30,3.733,3.733,3.733,3.733,0.0,3.733,0
2017-07-03,3.74,3.74,3.74,3.74,0.0,3.74,0
2017-07-05,3.725,3.725,3.725,3.725,0.0,3.725,0
2017-07-06,3.675,3.675,3.675,3.675,0.0,3.675,0
2017-07-07,3.67,3.67,3.67,3.67,0.0,3.67,0
2017-07-10,3.657,3.657,3.657,3.657,0.0,3.657,0
2017-07-11,3.654,3.654,3.654,3.654,0.0,3.654,0
2017-07-12,3.64,3.64,3.64,3.64,0.0,3.64,0
2017-07-13,3.653,3.653,3.653,3.653,0.0,3.653,0
2017-07-14,3.656,3.656,3.656,3.656,0.0,3.656,0
2017-07-17,3.649,3.649,3.649,3.649,0.0,3.649,0
2017-07-18,3.644,3.644,3.644,3.644,0.0,3.644,0
2017-07-19,3.629,3.629,3.629,3.629,0.0,3.629,0
2017-07-20,3.61,3.61,3.61,3.61,0.0,3.61,0
2017-07-21,3.613,3.613,3.613,3.613,0.0,3.613,0
2017-07-24,3.591,3.591,3.591,3.591,0.0,3.591,0
2017-07-25,3.566,3.566,3.566,3.566,0.0,3.566,0
2017-07-26,3.561,3.561,3.561,3.561,0.0,3.561,0
2017-07-27,3.562,3.562,3.562,3.562,0.0,3.562,0
2017-07-28,3.577,3.577,3.577,3.577,0.0,3.577,0
2017-07-31,3.553,3.553,3.553,3.553,0.0,3.553,0
2017-08-01,3.575,3.575,3.575,3.575,0.0,3.575,0
2017-08-02,3.584,3.584,3.584,3.584,0.0,3.584,0
2017-08-03,3.607,3.607,3.607,3.607,0.0,3.607,0
2017-08-04,3.617,3.617,3.617,3.617,0.0,3.617,0
2017-08-07,3.616,3.616,3.616,3.616,0.0,3.616,0
2017-08-08,3.598,3.598,3.598,3.598,0.0,3.598,0
2017-08-09,3.592,3.592,3.592,3.592,0.0,3.592,0
2017-08-10,3.589,3.589,3.589,3.589,0.0,3.589,0
2017-08-11,3.593,3.593,3.593,3.593,0.0,3.593,0
2017-08-14,3.589,3.589,3.589,3.589,0.0,3.589,0
2017-08-15,3.587,3.587,3.587,3.587,0.0,3.587,0
2017-08-16,3.577,3.577,3.577,3.577,0.0,3.577,0
2017-08-17,3.575,3.575,3.575,3.575,0.0,3.575,0
2017-08-18,3.575,3.575,3.575,3.575,0.0,3.575,0
2017-08-21,3.565,3.565,3.565,3.565,0.0,3.565,0
2017-08-22,3.557,3.557,3.557,3.557,0.0,3.557,0
2017-08-23,3.554,3.554,3.554,3.554,0.0,3.554,0
2017-08-24,3.504,3.504,3.504,3.504,0.0,3.504,0
2017-08-25,3.491,3.491,3.491,3.491,0.0,3.491,0
2017-08-28,3.504,3.504,3.504,3.504,0.0,3.504,0
2017-08-29,3.506,3.506,3.506,3.506,0.0,3.506,0
2017-08-30,3.509,3.509,3.509,3.509,0.0,3.509,0
2017-08-31,3.517,3.517,3.517,3.517,0.0,3.517,0
2017-09-01,3.518,3.518,3.518,3.518,0.0,3.518,0
2017-09-05,3.514,3.514,3.514,3.514,0.0,3.514,0
2017-09-06,3.475,3.475,3.475,3.475,0.0,3.475,0
2017-09-07,3.509,3.509,3.509,3.509,0.0,3.509,0
2017-09-08,3.513,3.513,3.513,3.513,0.0,3.513,0
2017-09-11,3.524,3.524,3.524,3.524,0.0,3.524,0
2017-09-12,3.501,3.501,3.501,3.501,0.0,3.501,0
2017-09-13,3.487,3.487,3.487,3.487,0.0,3.487,0
2017-09-14,3.475,3.475,3.475,3.475,0.0,3.475,0
2017-09-15,3.48,3.48,3.48,3.48,0.0,3.48,0
2017-09-18,3.475,3.475,3.475,3.475,0.0,3.475,0
2017-09-19,3.465,3.465,3.465,3.465,0.0,3.465,0
2017-09-20,3.455,3.455,3.455,3.455,0.0,3.455,0
2017-09-21,3.446,3.446,3.446,3.446,0.0,3.446,0
2017-09-22,3.46,3.46,3.46,3.46,0.0,3.46,0
2017-09-25,3.443,3.443,3.443,3.443,0.0,3.443,0
2017-09-26,3.453,3.453,3.453,3.453,0.0,3.453,0
2017-09-27,3.464,3.464,3.464,3.464,0.0,3.464,0
2017-09-28,3.463,3.463,3.463,3.463,0.0,3.463,0
2017-09-29,3.46,3.46,3.46,3.46,0.0,3.46,0
2017-10-02,3.473,3.473,3.473,3.473,0.0,3.473,0
2017-10-03,3.482,3.482,3.482,3.482,0.0,3.482,0
2017-10-04,3.481,3.481,3.481,3.481,0.0,3.481,0
2017-10-05,3.49,3.49,3.49,3.49,0.0,3.49,0
2017-10-06,3.482,3.482,3.482,3.482,0.0,3.482,0
2017-10-09,3.492,3.492,3.492,3.492,0.0,3.492,0
2017-10-10,3.482,3.482,3.482,3.482,0.0,3.482,0
2017-10-11,3.493,3.493,3.493,3.493,0.0,3.493,0
2017-10-12,3.537,3.537,3.537,3.537,0.0,3.537,0
2017-10-13,3.538,3.538,3.538,3.538,0.0,3.538,0
2017-10-16,3.566,3.566,3.566,3.566,0.0,3.566,0
2017-10-17,3.613,3.613,3.613,3.613,0.0,3.613,0
2017-10-18,3.617,3.617,3.617,3.617,0.0,3.617,0
2017-10-19,3.639,3.639,3.639,3.639,0.0,3.639,0
2017-10-20,3.679,3.679,3.679,3.679,0.0,3.679,0
2017-10-23,3.659,3.659,3.659,3.659,0.0,3.659,0
2017-10-24,3.658,3.658,3.658,3.658,0.0,3.658,0
2017-10-25,3.659,3.659,3.659,3.659,0.0,3.659,0
2017-10-26,3.652,3.652,3.652,3.652,0.0,3.652,0
2017-10-27,3.632,3.632,3.632,3.632,0.0,3.632,0
2017-10-30,3.667,3.667,3.667,3.667,0.0,3.667,0
2017-10-31,3.678,3.678,3.678,3.678,0.0,3.678,0
2017-11-01,3.688,3.688,3.688,3.688,0.0,3.688,0
2017-11-02,3.67,3.67,3.67,3.67,0.0,3.67,0
2017-11-03,3.667,3.667,3.667,3.667,0.0,3.667,0
2017-11-06,3.662,3.662,3.662,3.662,0.0,3.662,0
2017-11-07,3.661,3.661,3.661,3.661,0.0,3.661,0
2017-11-08,3.659,3.659,3.659,3.659,0.0,3.659,0
2017-11-09,3.669,3.669,3.669,3.669,0.0,3.669,0
2017-11-10,3.649,3.649,3.649,3.649,0.0,3.649,0
2017-11-13,3.635,3.635,3.635,3.635,0.0,3.635,0
2017-11-14,3.625,3.625,3.625,3.625,0.0,3.625,0
2017-11-15,3.617,3.617,3.617,3.617,0.0,3.617,0
2017-11-16,3.621,3.621,3.621,3.621,0.0,3.621,0
2017-11-17,3.612,3.612,3.612,3.612,0.0,3.612,0
2017-11-20,3.605,3.605,3.605,3.605,0.0,3.605,0
2017-11-21,3.603,3.603,3.603,3.603,0.0,3.603,0
2017-11-22,3.59,3.59,3.59,3.59,0.0,3.59,0
2017-11-24,3.593,3.593,3.593,3.593,0.0,3.593,0
2017-11-27,3.596,3.596,3.596,3.596,0.0,3.596,0
2017-11-28,3.596,3.596,3.596,3.596,0.0,3.596,0
2017-11-29,3.602,3.602,3.602,3.602,0.0,3.602,0
2017-11-30,3.602,3.602,3.602,3.602,0.0,3.602,0
2017-12-01,3.556,3.556,3.556,3.556,0.0,3.556,0
2017-12-04,3.544,3.544,3.544,3.544,0.0,3.544,0
2017-12-05,3.533,3.533,3.533,3.533,0.0,3.533,0
2017-12-06,3.515,3.515,3.515,3.515,0.0,3.515,0
2017-12-07,3.521,3.521,3.521,3.521,0.0,3.521,0
2017-12-08,3.516,3.516,3.516,3.516,0.0,3.516,0
2017-12-11,3.509,3.509,3.509,3.509,0.0,3.509,0
2017-12-12,3.519,3.519,3.519,3.519,0.0,3.519,0
2017-12-13,3.535,3.535,3.535,3.535,0.0,3.535,0
2017-12-14,3.546,3.546,3.546,3.546,0.0,3.546,0
2017-12-15,3.554,3.554,3.554,3.554,0.0,3.554,0
2017-12-18,3.574,3.574,3.574,3.574,0.0,3.574,0
2017-12-19,3.576,3.576,3.576,3.576,0.0,3.576,0
2017-12-20,3.562,3.562,3.562,3.562,0.0,3.562,0
2017-12-21,3.579,3.579,3.579,3.579,0.0,3.579,0
2017-12-22,3.602,3.602,3.602,3.602,0.0,3.602,0
2017-12-26,3.603,3.603,3.603,3.603,0.0,3.603,0
2017-12-27,3.576,3.576,3.576,3.576,0.0,3.576,0
2017-12-28,3.508,3.508,3.508,3.508,0.0,3.508,0
2017-12-29,3.487,3.487,3.487,3.487,0.0,3.487,0
2018-01-02,3.48,3.48,3.48,3.48,0.0,3.48,0
2018-01-03,3.481,3.481,3.481,3.481,0.0,3.481,0
2018-01-04,3.513,3.513,3.513,3.513,0.0,3.513,0
2018-01-05,3.507,3.507,3.507,3.507,0.0,3.507,0
2018-01-08,3.502,3.502,3.502,3.502,0.0,3.502,0
2018-01-09,3.487,3.487,3.487,3.487,0.0,3.487,0
2018-01-10,3.48,3.48,3.48,3.48,0.0,3.48,0
2018-01-11,3.497,3.497,3.497,3.497,0.0,3.497,0
2018-01-12,3.484,3.484,3.484,3.484,0.0,3.484,0
2018-01-16,3.447,3.447,3.447,3.447,0.0,3.447,0
2018-01-17,3.441,3.441,3.441,3.441,0.0,3.441,0
2018-01-18,3.439,3.439,3.439,3.439,0.0,3.439,0
2018-01-19,3.449,3.449,3.449,3.449,0.0,3.449,0
2018-01-22,3.468,3.468,3.468,3.468,0.0,3.468,0
2018-01-23,3.48,3.48,3.48,3.48,0.0,3.48,0
2018-01-24,3.494,3.494,3.494,3.494,0.0,3.494,0
2018-01-25,3.518,3.518,3.518,3.518,0.0,3.518,0
2018-01-26,3.484,3.484,3.484,3.484,0.0,3.484,0
2018-01-29,3.486,3.486,3.486,3.486,0.0,3.486,0
2018-01-30,3.503,3.503,3.503,3.503,0.0,3.503,0
2018-01-31,3.47,3.47,3.47,3.47,0.0,3.47,0
2018-02-01,3.463,3.463,3.463,3.463,0.0,3.463,0
2018-02-02,3.488,3.488,3.488,3.488,0.0,3.488,0
2018-02-05,3.51,3.51,3.51,3.51,0.0,3.51,0
2018-02-06,3.494,3.494,3.494,3.494,0.0,3.494,0
2018-02-07,3.472,3.472,3.472,3.472,0.0,3.472,0
2018-02-08,3.485,3.485,3.485,3.485,0.0,3.485,0
2018-02-09,3.454,3.454,3.454,3.454,0.0,3.454,0
2018-02-12,3.444,3.444,3.444,3.444,0.0,3.444,0
2018-02-13,3.431,3.431,3.431,3.431,0.0,3.431,0
2018-02-14,3.436,3.436,3.436,3.436,0.0,3.436,0
2018-02-15,3.441,3.441,3.441,3.441,0.0,3.441,0
2018-02-16,3.454,3.454,3.454,3.454,0.0,3.454,0
2018-02-20,3.457,3.457,3.457,3.457,0.0,3.457,0
2018-02-21,3.475,3.475,3.475,3.475,0.0,3.475,0
2018-02-22,3.487,3.487,3.487,3.487,0.0,3.487,0
2018-02-23,3.479,3.479,3.479,3.479,0.0,3.479,0
2018-02-26,3.475,3.475,3.475,3.475,0.0,3.475,0
2018-02-27,3.478,3.478,3.478,3.478,0.0,3.478,0
2018-02-28,3.453,3.453,3.453,3.453,0.0,3.453,0
2018-03-01,3.492,3.492,3.492,3.492,0.0,3.492,0
2018-03-02,3.509,3.509,3.509,3.509,0.0,3.509,0
2018-03-05,3.527,3.527,3.527,3.527,0.0,3.527,0
2018-03-06,3.524,3.524,3.524,3.524,0.0,3.524,0
2018-03-07,3.517,3.517,3.517,3.517,0.0,3.517,0
2018-03-08,3.479,3.479,3.479,3.479,0.0,3.479,0
2018-03-09,3.44,3.44,3.44,3.44,0.0,3.44,0
2018-03-12,3.446,3.446,3.446,3.446,0.0,3.446,0
2018-03-13,3.453,3.453,3.453,3.453,0.0,3.453,0
2018-03-14,3.473,3.473,3.473,3.473,0.0,3.473,0
2018-03-15,3.531,3.531,3.531,3.531,0.0,3.531,0
2018-03-16,3.541,3.541,3.541,3.541,0.0,3.541,0
2018-03-19,3.531,3.531,3.531,3.531,0.0,3.531,0
2018-03-20,3.536,3.536,3.536,3.536,0.0,3.536,0
2018-03-21,3.544,3.544,3.544,3.544,0.0,3.544,0
2018-03-22,3.532,3.532,3.532,3.532,0.0,3.532,0
2018-03-23,3.454,3.454,3.454,3.454,0.0,3.454,0
2018-03-26,3.482,3.482,3.482,3.482,0.0,3.482,0
2018-03-27,3.486,3.486,3.486,3.486,0.0,3.486,0
2018-03-28,3.515,3.515,3.515,3.515,0.0,3.515,0
2018-03-29,3.553,3.553,3.553,3.553,0.0,3.553,0
2018-04-02,3.535,3.535,3.535,3.535,0.0,3.535,0
2018-04-03,3.513,3.513,3.513,3.513,0.0,3.513,0
2018-04-04,3.487,3.487,3.487,3.487,0.0,3.487,0
2018-04-05,3.503,3.503,3.503,3.503,0.0,3.503,0
2018-04-06,3.497,3.497,3.497,3.497,0.0,3.497,0
2018-04-09,3.481,3.481,3.481,3.481,0.0,3.481,0
2018-04-10,3.49,3.49,3.49,3.49,0.0,3.49,0
2018-04-11,3.498,3.498,3.498,3.498,0.0,3.498,0
2018-04-12,3.521,3.521,3.521,3.521,0.0,3.521,0
2018-04-13,3.514,3.514,3.514,3.514,0.0,3.514,0
2018-04-16,3.516,3.516,3.516,3.516,0.0,3.516,0
2018-04-17,3.478,3.478,3.478,3.478,0.0,3.478,0
2018-04-18,3.479,3.479,3.479,3.479,0.0,3.479,0
2018-04-19,3.481,3.481,3.481,3.481,0.0,3.481,0
2018-04-20,3.489,3.489,3.489,3.489,0.0,3.489,0
2018-04-23,3.49,3.49,3.49,3.49,0.0,3.49,0
2018-04-24,3.488,3.488,3.488,3.488,0.0,3.488,0
2018-04-25,3.477,3.477,3.477,3.477,0.0,3.477,0
2018-04-26,3.467,3.467,3.467,3.467,0.0,3.467,0
2018-04-27,3.469,3.469,3.469,3.469,0.0,3.469,0
2018-04-30,3.461,3.461,3.461,3.461,0.0,3.461,0
2018-05-01,3.441,3.441,3.441,3.441,0.0,3.441,0
2018-05-02,3.469,3.469,3.469,3.469,0.0,3.469,0
2018-05-03,3.479,3.479,3.479,3.479,0.0,3.479,0
2018-05-04,3.477,3.477,3.477,3.477,0.0,3.477,0
2018-05-07,3.475,3.475,3.475,3.475,0.0,3.475,0
2018-05-08,3.43,3.43,3.43,3.43,0.0,3.43,0
2018-05-09,3.416,3.416,3.416,3.416,0.0,3.416,0
2018-05-10,3.412,3.412,3.412,3.412,0.0,3.412,0
2018-05-11,3.415,3.415,3.415,3.415,0.0,3.415,0
2018-05-14,3.407,3.407,3.407,3.407,0.0,3.407,0
2018-05-15,3.445,3.445,3.445,3.445,0.0,3.445,0
2018-05-16,3.419,3.419,3.419,3.419,0.0,3.419,0
2018-05-17,3.426,3.426,3.426,3.426,0.0,3.426,0
2018-05-18,3.441,3.441,3.441,3.441,0.0,3.441,0
2018-05-21,3.436,3.436,3.436,3.436,0.0,3.436,0
2018-05-22,3.4,3.4,3.4,3.4,0.0,3.4,0
2018-05-23,3.377,3.377,3.377,3.377,0.0,3.377,0
2018-05-24,3.371,3.371,3.371,3.371,0.0,3.371,0
2018-05-25,3.343,3.343,3.343,3.343,0.0,3.343,0
2018-05-29,3.323,3.323,3.323,3.323,0.0,3.323,0
2018-05-30,3.334,3.334,3.334,3.334,0.0,3.334,0
2018-05-31,3.317,3.317,3.317,3.317,0.0,3.317,0
2018-06-01,3.307,3.307,3.307,3.307,0.0,3.307,0
2018-06-04,3.32,3.32,3.32,3.32,0.0,3.32,0
2018-06-05,3.335,3.335,3.335,3.335,0.0,3.335,0
2018-06-06,3.33,3.33,3.33,3.33,0.0,3.33,0
2018-06-07,3.328,3.328,3.328,3.328,0.0,3.328,0
2018-06-08,3.331,3.331,3.331,3.331,0.0,3.331,0
2018-06-11,3.33,3.33,3.33,3.33,0.0,3.33,0
2018-06-12,3.364,3.364,3.364,3.364,0.0,3.364,0
2018-06-13,3.375,3.375,3.375,3.375,0.0,3.375,0
2018-06-14,3.391,3.391,3.391,3.391,0.0,3.391,0
2018-06-15,3.396,3.396,3.396,3.396,0.0,3.396,0
2018-06-18,3.432,3.432,3.432,3.432,0.0,3.432,0
2018-06-19,3.434,3.434,3.434,3.434,0.0,3.434,0
2018-06-20,3.433,3.433,3.433,3.433,0.0,3.433,0
2018-06-21,3.414,3.414,3.414,3.414,0.0,3.414,0
2018-06-22,3.416,3.416,3.416,3.416,0.0,3.416,0
2018-06-25,3.412,3.412,3.412,3.412,0.0,3.412,0
2018-06-26,3.409,3.409,3.409,3.409,0.0,3.409,0
2018-06-27,3.412,3.412,3.412,3.412,0.0,3.412,0
2018-06-28,3.391,3.391,3.391,3.391,0.0,3.391,0
2018-06-29,3.388,3.388,3.388,3.388,0.0,3.388,0
2018-07-02,3.379,3.379,3.379,3.379,0.0,3.379,0
2018-07-03,3.376,3.376,3.376,3.376,0.0,3.376,0
2018-07-05,3.378,3.378,3.378,3.378,0.0,3.378,0
2018-07-06,3.377,3.377,3.377,3.377,0.0,3.377,0
2018-07-09,3.368,3.368,3.368,3.368,0.0,3.368,0
2018-07-10,3.372,3.372,3.372,3.372,0.0,3.372,0
2018-07-11,3.35,3.35,3.35,3.35,0.0,3.35,0
2018-07-12,3.348,3.348,3.348,3.348,0.0,3.348,0
2018-07-13,3.343,3.343,3.343,3.343,0.0,3.343,0
2018-07-16,3.316,3.316,3.316,3.316,0.0,3.316,0
2018-07-17,3.301,3.301,3.301,3.301,0.0,3.301,0
2018-07-18,3.302,3.302,3.302,3.302,0.0,3.302,0
2018-07-19,3.294,3.294,3.294,3.294,0.0,3.294,0
2018-07-20,3.3,3.3,3.3,3.3,0.0,3.3,0
2018-07-23,3.309,3.309,3.309,3.309,0.0,3.309,0
2018-07-24,3.31,3.31,3.31,3.31,0.0,3.31,0
2018-07-25,3.34,3.34,3.34,3.34,0.0,3.34,0
2018-07-26,3.336,3.336,3.336,3.336,0.0,3.336,0
2018-07-27,3.353,3.353,3.353,3.353,0.0,3.353,0
2018-07-30,3.357,3.357,3.357,3.357,0.0,3.357,0
2018-07-31,3.36,3.36,3.36,3.36,0.0,3.36,0
2018-08-01,3.33,3.33,3.33,3.33,0.0,3.33,0
2018-08-02,3.334,3.334,3.334,3.334,0.0,3.334,0
2018-08-03,3.334,3.334,3.334,3.334,0.0,3.334,0
2018-08-06,3.322,3.322,3.322,3.322,0.0,3.322,0
2018-08-07,3.367,3.367,3.367,3.367,0.0,3.367,0
2018-08-08,3.38,3.38,3.38,3.38,0.0,3.38,0
2018-08-09,3.38,3.38,3.38,3.38,0.0,3.38,0
2018-08-10,3.377,3.377,3.377,3.377,0.0,3.377,0
2018-08-13,3.378,3.378,3.378,3.378,0.0,3.378,0
2018-08-14,3.377,3.377,3.377,3.377,0.0,3.377,0
2018-08-15,3.378,3.378,3.378,3.378,0.0,3.378,0
2018-08-16,3.368,3.368,3.368,3.368,0.0,3.368,0
2018-08-17,3.37,3.37,3.37,3.37,0.0,3.37,0
2018-08-20,3.369,3.369,3.369,3.369,0.0,3.369,0
2018-08-21,3.385,3.385,3.385,3.385,0.0,3.385,0
2018-08-22,3.372,3.372,3.372,3.372,0.0,3.372,0
2018-08-23,3.369,3.369,3.369,3.369,0.0,3.369,0
2018-08-24,3.356,3.356,3.356,3.356,0.0,3.356,0
2018-08-27,3.326,3.326,3.326,3.326,0.0,3.326,0
2018-08-28,3.302,3.302,3.302,3.302,0.0,3.302,0
2018-08-29,3.306,3.306,3.306,3.306,0.0,3.306,0
2018-08-30,3.287,3.287,3.287,3.287,0.0,3.287,0
2018-08-31,3.301,3.301,3.301,3.301,0.0,3.301,0
2018-09-04,3.29,3.29,3.29,3.29,0.0,3.29,0
2018-09-05,3.295,3.295,3.295,3.295,0.0,3.295,0
2018-09-06,3.314,3.314,3.314,3.314,0.0,3.314,0
2018-09-07,3.313,3.313,3.313,3.313,0.0,3.313,0
2018-09-10,3.316,3.316,3.316,3.316,0.0,3.316,0
2018-09-11,3.313,3.313,3.313,3.313,0.0,3.313,0
2018-09-12,3.323,3.323,3.323,3.323,0.0,3.323,0
2018-09-13,3.339,3.339,3.339,3.339,0.0,3.339,0
2018-09-14,3.345,3.345,3.345,3.345,0.0,3.345,0
2018-09-17,3.349,3.349,3.349,3.349,0.0,3.349,0
2018-09-18,3.359,3.359,3.359,3.359,0.0,3.359,0
2018-09-19,3.356,3.356,3.356,3.356,0.0,3.356,0
2018-09-20,3.36,3.36,3.36,3.36,0.0,3.36,0
2018-09-21,3.358,3.358,3.358,3.358,0.0,3.358,0
2018-09-24,3.356,3.356,3.356,3.356,0.0,3.356,0
2018-09-25,3.359,3.359,3.359,3.359,0.0,3.359,0
2018-09-26,3.368,3.368,3.368,3.368,0.0,3.368,0
2018-09-27,3.369,3.369,3.369,3.369,0.0,3.369,0
2018-09-28,3.37,3.37,3.37,3.37,0.0,3.37,0
2018-10-01,3.375,3.375,3.375,3.375,0.0,3.375,0
2018-10-02,3.373,3.373,3.373,3.373,0.0,3.373,0
2018-10-03,3.372,3.372,3.372,3.372,0.0,3.372,0
2018-10-04,3.373,3.373,3.373,3.373,0.0,3.373,0
2018-10-05,3.376,3.376,3.376,3.376,0.0,3.376,0
2018-10-08,3.381,3.381,3.381,3.381,0.0,3.381,0
2018-10-09,3.376,3.376,3.376,3.376,0.0,3.376,0
2018-10-10,3.372,3.372,3.372,3.372,0.0,3.372,0
2018-10-11,3.397,3.397,3.397,3.397,0.0,3.397,0
2018-10-12,3.417,3.417,3.417,3.417,0.0,3.417,0
2018-10-15,3.416,3.416,3.416,3.416,0.0,3.416,0
2018-10-16,3.436,3.436,3.436,3.436,0.0,3.436,0
2018-10-17,3.431,3.431,3.431,3.431,0.0,3.431,0
2018-10-18,3.43,3.43,3.43,3.43,0.0,3.43,0
2018-10-19,3.427,3.427,3.427,3.427,0.0,3.427,0
2018-10-22,3.428,3.428,3.428,3.428,0.0,3.428,0
2018-10-23,3.427,3.427,3.427,3.427,0.0,3.427,0
2018-10-24,3.424,3.424,3.424,3.424,0.0,3.424,0
2018-10-25,3.414,3.414,3.414,3.414,0.0,3.414,0
2018-10-26,3.416,3.416,3.416,3.416,0.0,3.416,0
2018-10-29,3.417,3.417,3.417,3.417,0.0,3.417,0
2018-10-30,3.435,3.435,3.435,3.435,0.0,3.435,0
2018-10-31,3.434,3.434,3.434,3.434,0.0,3.434,0
2018-11-01,3.441,3.441,3.441,3.441,0.0,3.441,0
2018-11-02,3.448,3.448,3.448,3.448,0.0,3.448,0
2018-11-05,3.462,3.462,3.462,3.462,0.0,3.462,0
2018-11-06,3.478,3.478,3.478,3.478,0.0,3.478,0
2018-11-07,3.476,3.476,3.476,3.476,0.0,3.476,0
2018-11-08,3.477,3.477,3.477,3.477,0.0,3.477,0
2018-11-09,3.48,3.48,3.48,3.48,0.0,3.48,0
2018-11-12,3.503,3.503,3.503,3.503,0.0,3.503,0
2018-11-13,3.482,3.482,3.482,3.482,0.0,3.482,0
2018-11-14,3.466,3.466,3.466,3.466,0.0,3.466,0
2018-11-15,3.481,3.481,3.481,3.481,0.0,3.481,0
2018-11-16,3.452,3.452,3.452,3.452,0.0,3.452,0
2018-11-19,3.439,3.439,3.439,3.439,0.0,3.439,0
2018-11-20,3.437,3.437,3.437,3.437,0.0,3.437,0
2018-11-21,3.435,3.435,3.435,3.435,0.0,3.435,0
2018-11-23,3.46,3.46,3.46,3.46,0.0,3.46,0
2018-11-26,3.453,3.453,3.453,3.453,0.0,3.453,0
2018-11-27,3.449,3.449,3.449,3.449,0.0,3.449,0
2018-11-28,3.45,3.45,3.45,3.45,0.0,3.45,0
2018-11-29,3.48,3.48,3.48,3.48,0.0,3.48,0
2018-11-30,3.536,3.536,3.536,3.536,0.0,3.536,0
2018-12-03,3.508,3.508,3.508,3.508,0.0,3.508,0
2018-12-04,3.494,3.494,3.494,3.494,0.0,3.494,0
2018-12-05,3.485,3.485,3.485,3.485,0.0,3.485,0
2018-12-06,3.496,3.496,3.496,3.496,0.0,3.496,0
2018-12-07,3.503,3.503,3.503,3.503,0.0,3.503,0
2018-12-10,3.504,3.504,3.504,3.504,0.0,3.504,0
2018-12-11,3.479,3.479,3.479,3.479,0.0,3.479,0
2018-12-12,3.481,3.481,3.481,3.481,0.0,3.481,0
2018-12-13,3.449,3.449,3.449,3.449,0.0,3.449,0
2018-12-14,3.459,3.459,3.459,3.459,0.0,3.459,0
2018-12-17,3.458,3.458,3.458,3.458,0.0,3.458,0
2018-12-18,3.453,3.453,3.453,3.453,0.0,3.453,0
2018-12-19,3.476,3.476,3.476,3.476,0.0,3.476,0
2018-12-20,3.491,3.491,3.491,3.491,0.0,3.491,0
2018-12-21,3.494,3.494,3.494,3.494,0.0,3.494,0
2018-12-24,3.493,3.493,3.493,3.493,0.0,3.493,0
2018-12-26,3.49,3.49,3.49,3.49,0.0,3.49,0
2018-12-27,3.488,3.488,3.488,3.488,0.0,3.488,0
2018-12-28,3.488,3.488,3.488,3.488,0.0,3.488,0
2018-12-31,3.497,3.497,3.497,3.497,0.0,3.497,0
2019-01-02,3.497,3.497,3.497,3.497,0.0,3.497,0
2019-01-03,3.486,3.486,3.486,3.486,0.0,3.486,0
2019-01-04,3.486,3.486,3.486,3.486,0.0,3.486,0
2019-01-07,3.488,3.488,3.488,3.488,0.0,3.488,0
2019-01-08,3.483,3.483,3.483,3.483,0.0,3.483,0
2019-01-09,3.483,3.483,3.483,3.483,0.0,3.483,0
2019-01-10,3.483,3.483,3.483,3.483,0.0,3.483,0
2019-01-11,3.49,3.49,3.49,3.49,0.0,3.49,0
2019-01-14,3.489,3.489,3.489,3.489,0.0,3.489,0
2019-01-15,3.481,3.481,3.481,3.481,0.0,3.481,0
2019-01-16,3.45,3.45,3.45,3.45,0.0,3.45,0
2019-01-17,3.45,3.45,3.45,3.45,0.0,3.45,0
2019-01-18,3.463,3.463,3.463,3.463,0.0,3.463,0
2019-01-22,3.476,3.476,3.476,3.476,0.0,3.476,0
2019-01-23,3.465,3.465,3.465,3.465,0.0,3.465,0
2019-01-24,3.444,3.444,3.444,3.444,0.0,3.444,0
2019-01-25,3.489,3.489,3.489,3.489,0.0,3.489,0
2019-01-28,3.473,3.473,3.473,3.473,0.0,3.473,0
2019-01-29,3.476,3.476,3.476,3.476,0.0,3.476,0
2019-01-30,3.478,3.478,3.478,3.478,0.0,3.478,0
2019-01-31,3.479,3.479,3.479,3.479,0.0,3.479,0
2019-02-01,3.48,3.48,3.48,3.48,0.0,3.48,0
2019-02-04,3.467,3.467,3.467,3.467,0.0,3.467,0
2019-02-05,3.512,3.512,3.512,3.512,0.0,3.512,0
2019-02-06,3.509,3.509,3.509,3.509,0.0,3.509,0
2019-02-07,3.505,3.505,3.505,3.505,0.0,3.505,0
2019-02-08,3.507,3.507,3.507,3.507,0.0,3.507,0
2019-02-11,3.512,3.512,3.512,3.512,0.0,3.512,0
2019-02-12,3.52,3.52,3.52,3.52,0.0,3.52,0
2019-02-13,3.518,3.518,3.518,3.518,0.0,3.518,0
2019-02-14,3.525,3.525,3.525,3.525,0.0,3.525,0
2019-02-15,3.505,3.505,3.505,3.505,0.0,3.505,0
2019-02-19,3.496,3.496,3.496,3.496,0.0,3.496,0
2019-02-20,3.508,3.508,3.508,3.508,0.0,3.508,0
2019-02-21,3.495,3.495,3.495,3.495,0.0,3.495,0
2019-02-22,3.492,3.492,3.492,3.492,0.0,3.492,0
2019-02-25,3.484,3.484,3.484,3.484,0.0,3.484,0
2019-02-26,3.466,3.466,3.466,3.466,0.0,3.466,0
2019-02-27,3.502,3.502,3.502,3.502,0.0,3.502,0
2019-02-28,3.513,3.513,3.513,3.513,0.0,3.513,0
2019-03-01,3.512,3.512,3.512,3.512,0.0,3.512,0
2019-03-04,3.508,3.508,3.508,3.508,0.0,3.508,0
2019-03-05,3.506,3.506,3.506,3.506,0.0,3.506,0
2019-03-06,3.509,3.509,3.509,3.509,0.0,3.509,0
2019-03-07,3.514,3.514,3.514,3.514,0.0,3.514,0
2019-03-08,3.514,3.514,3.514,3.514,0.0,3.514,0
2019-03-11,3.541,3.541,3.541,3.541,0.0,3.541,0
2019-03-12,3.556,3.556,3.556,3.556,0.0,3.556,0
2019-03-13,3.565,3.565,3.565,3.565,0.0,3.565,0
2019-03-14,3.573,3.573,3.573,3.573,0.0,3.573,0
2019-03-15,3.574,3.574,3.574,3.574,0.0,3.574,0
2019-03-18,3.573,3.573,3.573,3.573,0.0,3.573,0
2019-03-19,3.574,3.574,3.574,3.574,0.0,3.574,0
2019-03-20,3.572,3.572,3.572,3.572,0.0,3.572,0
2019-03-21,3.582,3.582,3.582,3.582,0.0,3.582,0
2019-03-22,3.572,3.572,3.572,3.572,0.0,3.572,0
2019-03-25,3.571,3.571,3.571,3.571,0.0,3.571,0
2019-03-26,3.573,3.573,3.573,3.573,0.0,3.573,0
2019-03-27,3.564,3.564,3.564,3.564,0.0,3.564,0
2019-03-28,3.567,3.567,3.567,3.567,0.0,3.567,0
2019-03-29,3.566,3.566,3.566,3.566,0.0,3.566,0
2019-04-01,3.565,3.565,3.565,3.565,0.0,3.565,0
2019-04-02,3.572,3.572,3.572,3.572,0.0,3.572,0
2019-04-03,3.579,3.579,3.579,3.579,0.0,3.579,0
2019-04-04,3.61,3.61,3.61,3.61,0.0,3.61,0
2019-04-05,3.578,3.578,3.578,3.578,0.0,3.578,0
2019-04-08,3.581,3.581,3.581,3.581,0.0,3.581,0
2019-04-09,3.588,3.588,3.588,3.588,0.0,3.588,0
2019-04-10,3.566,3.566,3.566,3.566,0.0,3.566,0
2019-04-11,3.564,3.564,3.564,3.564,0.0,3.564,0
2019-04-12,3.564,3.564,3.564,3.564,0.0,3.564,0
2019-04-15,3.564,3.564,3.564,3.564,0.0,3.564,0
2019-04-16,3.565,3.565,3.565,3.565,0.0,3.565,0
2019-04-17,3.555,3.555,3.555,3.555,0.0,3.555,0
2019-04-18,3.54,3.54,3.54,3.54,0.0,3.54,0
2019-04-22,3.528,3.528,3.528,3.528,0.0,3.528,0
2019-04-23,3.523,3.523,3.523,3.523,0.0,3.523,0
2019-04-24,3.533,3.533,3.533,3.533,0.0,3.533,0
2019-04-25,3.543,3.543,3.543,3.543,0.0,3.543,0
2019-04-26,3.54,3.54,3.54,3.54,0.0,3.54,0
2019-04-29,3.547,3.547,3.547,3.547,0.0,3.547,0
2019-04-30,3.552,3.552,3.552,3.552,0.0,3.552,0
2019-05-01,3.554,3.554,3.554,3.554,0.0,3.554,0
2019-05-02,3.551,3.551,3.551,3.551,0.0,3.551,0
2019-05-03,3.564,3.564,3.564,3.564,0.0,3.564,0
2019-05-06,3.567,3.567,3.567,3.567,0.0,3.567,0
2019-05-07,3.567,3.567,3.567,3.567,0.0,3.567,0
2019-05-08,3.561,3.561,3.561,3.561,0.0,3.561,0
2019-05-09,3.568,3.568,3.568,3.568,0.0,3.568,0
2019-05-10,3.559,3.559,3.559,3.559,0.0,3.559,0
2019-05-13,3.562,3.562,3.562,3.562,0.0,3.562,0
2019-05-14,3.573,3.573,3.573,3.573,0.0,3.573,0
2019-05-15,3.591,3.591,3.591,3.591,0.0,3.591,0
2019-05-16,3.587,3.587,3.587,3.587,0.0,3.587,0
2019-05-17,3.591,3.591,3.591,3.591,0.0,3.591,0
2019-05-20,3.596,3.596,3.596,3.596,0.0,3.596,0
2019-05-21,3.599,3.599,3.599,3.599,0.0,3.599,0
2019-05-22,3.539,3.539,3.539,3.539,0.0,3.539,0
2019-05-23,3.551,3.551,3.551,3.551,0.0,3.551,0
2019-05-24,3.561,3.561,3.561,3.561,0.0,3.561,0
2019-05-28,3.602,3.602,3.602,3.602,0.0,3.602,0
2019-05-29,3.583,3.583,3.583,3.583,0.0,3.583,0
2019-05-30,3.581,3.581,3.581,3.581,0.0,3.581,0
2019-05-31,3.579,3.579,3.579,3.579,0.0,3.579,0
2019-06-03,3.567,3.567,3.567,3.567,0.0,3.567,0
2019-06-04,3.56,3.56,3.56,3.56,0.0,3.56,0
2019-06-05,3.564,3.564,3.564,3.564,0.0,3.564,0
2019-06-06,3.574,3.574,3.574,3.574,0.0,3.574,0
2019-06-07,3.575,3.575,3.575,3.575,0.0,3.575,0
2019-06-10,3.564,3.564,3.564,3.564,0.0,3.564,0
2019-06-11,3.564,3.564,3.564,3.564,0.0,3.564,0
2019-06-12,3.561,3.561,3.561,3.561,0.0,3.561,0
2019-06-13,3.562,3.562,3.562,3.562,0.0,3.562,0
2019-06-14,3.567,3.567,3.567,3.567,0.0,3.567,0
2019-06-17,3.57,3.57,3.57,3.57,0.0,3.57,0
2019-06-18,3.553,3.553,3.553,3.553,0.0,3.553,0
2019-06-19,3.554,3.554,3.554,3.554,0.0,3.554,0
2019-06-20,3.558,3.558,3.558,3.558,0.0,3.558,0
2019-06-21,3.573,3.573,3.573,3.573,0.0,3.573,0
2019-06-24,3.573,3.573,3.573,3.573,0.0,3.573,0
2019-06-25,3.572,3.572,3.572,3.572,0.0,3.572,0
2019-06-26,3.564,3.564,3.564,3.564,0.0,3.564,0
2019-06-27,3.56,3.56,3.56,3.56,0.0,3.56,0
2019-06-28,3.532,3.532,3.532,3.532,0.0,3.532,0
2019-07-01,3.525,3.525,3.525,3.525,0.0,3.525,0
2019-07-02,3.534,3.534,3.534,3.534,0.0,3.534,0
2019-07-03,3.533,3.533,3.533,3.533,0.0,3.533,0
2019-07-05,3.559,3.559,3.559,3.559,0.0,3.559,0
2019-07-08,3.555,3.555,3.555,3.555,0.0,3.555,0
2019-07-09,3.594,3.594,3.594,3.594,0.0,3.594,0
2019-07-10,3.586,3.586,3.586,3.586,0.0,3.586,0
2019-07-11,3.594,3.594,3.594,3.594,0.0,3.594,0
2019-07-12,3.602,3.602,3.602,3.602,0.0,3.602,0
2019-07-15,3.607,3.607,3.607,3.607,0.0,3.607,0
2019-07-16,3.583,3.583,3.583,3.583,0.0,3.583,0
2019-07-17,3.58,3.58,3.58,3.58,0.0,3.58,0
2019-07-18,3.599,3.599,3.599,3.599,0.0,3.599,0
2019-07-19,3.592,3.592,3.592,3.592,0.0,3.592,0
2019-07-22,3.519,3.519,3.519,3.519,0.0,3.519,0
2019-07-23,3.557,3.557,3.557,3.557,0.0,3.557,0
2019-07-24,3.55,3.55,3.55,3.55,0.0,3.55,0
2019-07-25,3.551,3.551,3.551,3.551,0.0,3.551,0
2019-07-26,3.545,3.545,3.545,3.545,0.0,3.545,0
2019-07-29,3.534,3.534,3.534,3.534,0.0,3.534,0
2019-07-30,3.537,3.537,3.537,3.537,0.0,3.537,0
2019-07-31,3.543,3.543,3.543,3.543,0.0,3.543,0
2019-08-01,3.546,3.546,3.546,3.546,0.0,3.546,0
2019-08-02,3.533,3.533,3.533,3.533,0.0,3.533,0
2019-08-05,3.531,3.531,3.531,3.531,0.0,3.531,0
2019-08-06,3.532,3.532,3.532,3.532,0.0,3.532,0
2019-08-07,3.537,3.537,3.537,3.537,0.0,3.537,0
2019-08-08,3.506,3.506,3.506,3.506,0.0,3.506,0
2019-08-09,3.495,3.495,3.495,3.495,0.0,3.495,0
2019-08-12,3.454,3.454,3.454,3.454,0.0,3.454,0
2019-08-13,3.436,3.436,3.436,3.436,0.0,3.436,0
2019-08-14,3.38,3.38,3.38,3.38,0.0,3.38,0
2019-08-15,3.38,3.38,3.38,3.38,0.0,3.38,0
2019-08-16,3.363,3.363,3.363,3.363,0.0,3.363,0
2019-08-19,3.368,3.368,3.368,3.368,0.0,3.368,0
2019-08-20,3.371,3.371,3.371,3.371,0.0,3.371,0
2019-08-21,3.376,3.376,3.376,3.376,0.0,3.376,0
2019-08-22,3.38,3.38,3.38,3.38,0.0,3.38,0
2019-08-23,3.41,3.41,3.41,3.41,0.0,3.41,0
2019-08-26,3.399,3.399,3.399,3.399,0.0,3.399,0
2019-08-27,3.419,3.419,3.419,3.419,0.0,3.419,0
2019-08-28,3.438,3.438,3.438,3.438,0.0,3.438,0
2019-08-29,3.426,3.426,3.426,3.426,0.0,3.426,0
2019-08-30,3.367,3.367,3.367,3.367,0.0,3.367,0
2019-09-03,3.381,3.381,3.381,3.381,0.0,3.381,0
2019-09-04,3.342,3.342,3.342,3.342,0.0,3.342,0
2019-09-05,3.354,3.354,3.354,3.354,0.0,3.354,0
2019-09-06,3.341,3.341,3.341,3.341,0.0,3.341,0
2019-09-09,3.312,3.312,3.312,3.312,0.0,3.312,0
2019-09-10,3.316,3.316,3.316,3.316,0.0,3.316,0
2019-09-11,3.311,3.311,3.311,3.311,0.0,3.311,0
2019-09-12,3.316,3.316,3.316,3.316,0.0,3.316,0
2019-09-13,3.281,3.281,3.281,3.281,0.0,3.281,0
2019-09-16,3.311,3.311,3.311,3.311,0.0,3.311,0
2019-09-17,3.275,3.275,3.275,3.275,0.0,3.275,0
2019-09-18,3.288,3.288,3.288,3.288,0.0,3.288,0
2019-09-19,3.282,3.282,3.282,3.282,0.0,3.282,0
2019-09-20,3.293,3.293,3.293,3.293,0.0,3.293,0
2019-09-23,3.29,3.29,3.29,3.29,0.0,3.29,0
2019-09-24,3.281,3.281,3.281,3.281,0.0,3.281,0
2019-09-25,3.28,3.28,3.28,3.28,0.0,3.28,0
2019-09-26,3.281,3.281,3.281,3.281,0.0,3.281,0
2019-09-27,3.24,3.24,3.24,3.24,0.0,3.24,0
2019-09-30,3.302,3.302,3.302,3.302,0.0,3.302,0
2019-10-01,3.251,3.251,3.251,3.251,0.0,3.251,0
2019-10-02,3.279,3.279,3.279,3.279,0.0,3.279,0
2019-10-03,3.264,3.264,3.264,3.264,0.0,3.264,0
2019-10-04,3.254,3.254,3.254,3.254,0.0,3.254,0
2019-10-07,3.258,3.258,3.258,3.258,0.0,3.258,0
2019-10-08,3.234,3.234,3.234,3.234,0.0,3.234,0
2019-10-09,3.245,3.245,3.245,3.245,0.0,3.245,0
2019-10-10,3.246,3.246,3.246,3.246,0.0,3.246,0
2019-10-11,3.257,3.257,3.257,3.257,0.0,3.257,0
2019-10-14,3.272,3.272,3.272,3.272,0.0,3.272,0
2019-10-15,3.288,3.288,3.288,3.288,0.0,3.288,0
2019-10-16,3.29,3.29,3.29,3.29,0.0,3.29,0
2019-10-17,3.287,3.287,3.287,3.287,0.0,3.287,0
2019-10-18,3.282,3.282,3.282,3.282,0.0,3.282,0
2019-10-21,3.277,3.277,3.277,3.277,0.0,3.277,0
2019-10-22,3.281,3.281,3.281,3.281,0.0,3.281,0
2019-10-23,3.275,3.275,3.275,3.275,0.0,3.275,0
2019-10-24,3.279,3.279,3.279,3.279,0.0,3.279,0
2019-10-25,3.277,3.277,3.277,3.277,0.0,3.277,0
2019-10-28,3.286,3.286,3.286,3.286,0.0,3.286,0
2019-10-29,3.302,3.302,3.302,3.302,0.0,3.302,0
2019-10-30,3.309,3.309,3.309,3.309,0.0,3.309,0
2019-10-31,3.307,3.307,3.307,3.307,0.0,3.307,0
2019-11-01,3.316,3.316,3.316,3.316,0.0,3.316,0
2019-11-04,3.252,3.252,3.252,3.252,0.0,3.252,0
2019-11-05,3.231,3.231,3.231,3.231,0.0,3.231,0
2019-11-06,3.242,3.242,3.242,3.242,0.0,3.242,0
2019-11-07,3.189,3.189,3.189,3.189,0.0,3.189,0
2019-11-08,3.196,3.196,3.196,3.196,0.0,3.196,0
2019-11-11,3.187,3.187,3.187,3.187,0.0,3.187,0
2019-11-12,3.127,3.127,3.127,3.127,0.0,3.127,0
2019-11-13,3.128,3.128,3.128,3.128,0.0,3.128,0
2019-11-14,3.115,3.115,3.115,3.115,0.0,3.115,0
2019-11-15,3.121,3.121,3.121,3.121,0.0,3.121,0
2019-11-18,3.125,3.125,3.125,3.125,0.0,3.125,0
2019-11-19,3.137,3.137,3.137,3.137,0.0,3.137,0
2019-11-20,3.149,3.149,3.149,3.149,0.0,3.149,0
2019-11-21,3.156,3.156,3.156,3.156,0.0,3.156,0
2019-11-22,3.156,3.156,3.156,3.156,0.0,3.156,0
2019-11-25,3.138,3.138,3.138,3.138,0.0,3.138,0
2019-11-26,3.132,3.132,3.132,3.132,0.0,3.132,0
2019-11-27,3.136,3.136,3.136,3.136,0.0,3.136,0
2019-11-29,3.094,3.094,3.094,3.094,0.0,3.094,0
2019-12-02,3.12,3.12,3.12,3.12,0.0,3.12,0
2019-12-03,3.129,3.129,3.129,3.129,0.0,3.129,0
2019-12-04,3.128,3.128,3.128,3.128,0.0,3.128,0
2019-12-05,3.12,3.12,3.12,3.12,0.0,3.12,0
2019-12-06,3.075,3.075,3.075,3.075,0.0,3.075,0
2019-12-09,3.047,3.047,3.047,3.047,0.0,3.047,0
2019-12-10,3.056,3.056,3.056,3.056,0.0,3.056,0
2019-12-11,3.053,3.053,3.053,3.053,0.0,3.053,0
2019-12-12,3.058,3.058,3.058,3.058,0.0,3.058,0
2019-12-13,3.041,3.041,3.041,3.041,0.0,3.041,0
2019-12-16,3.055,3.055,3.055,3.055,0.0,3.055,0
2019-12-17,3.057,3.057,3.057,3.057,0.0,3.057,0
2019-12-18,2.981,2.981,2.981,2.981,0.0,2.981,0
2019-12-19,2.921,2.921,2.921,2.921,0.0,2.921,0
2019-12-20,2.912,2.912,2.912,2.912,0.0,2.912,0
2019-12-23,2.919,2.919,2.919,2.919,0.0,2.919,0
2019-12-24,2.917,2.917,2.917,2.917,0.0,2.917,0
2019-12-26,2.905,2.905,2.905,2.905,0.0,2.905,0
2019-12-27,2.903,2.903,2.903,2.903,0.0,2.903,0
2019-12-30,2.9,2.9,2.9,2.9,0.0,2.9,0
2019-12-31,2.909,2.909,2.909,2.909,0.0,2.909,0
2020-01-02,2.904,2.904,2.904,2.904,0.0,2.904,0
2020-01-03,2.904,2.904,2.904,2.904,0.0,2.904,0
2020-01-06,2.908,2.908,2.908,2.908,0.0,2.908,0
2020-01-07,2.923,2.923,2.923,2.923,0.0,2.923,0
2020-01-08,2.926,2.926,2.926,2.926,0.0,2.926,0
2020-01-09,2.937,2.937,2.937,2.937,0.0,2.937,0
2020-01-10,2.939,2.939,2.939,2.939,0.0,2.939,0
2020-01-13,2.939,2.939,2.939,2.939,0.0,2.939,0
2020-01-14,2.938,2.938,2.938,2.938,0.0,2.938,0
2020-01-15,2.937,2.937,2.937,2.937,0.0,2.937,0
2020-01-16,2.944,2.944,2.944,2.944,0.0,2.944,0
2020-01-17,2.954,2.954,2.954,2.954,0.0,2.954,0
2020-01-21,2.944,2.944,2.944,2.944,0.0,2.944,0
2020-01-22,2.956,2.956,2.956,2.956,0.0,2.956,0
2020-01-23,2.948,2.948,2.948,2.948,0.0,2.948,0
2020-01-24,2.96,2.96,2.96,2.96,0.0,2.96,0
2020-01-27,2.919,2.919,2.919,2.919,0.0,2.919,0
2020-01-28,2.929,2.929,2.929,2.929,0.0,2.929,0
2020-01-29,2.914,2.914,2.914,2.914,0.0,2.914,0
2020-01-30,2.885,2.885,2.885,2.885,0.0,2.885,0
2020-01-31,2.886,2.886,2.886,2.886,0.0,2.886,0
2020-02-03,2.881,2.881,2.881,2.881,0.0,2.881,0
2020-02-04,2.877,2.877,2.877,2.877,0.0,2.877,0
2020-02-05,2.844,2.844,2.844,2.844,0.0,2.844,0
2020-02-06,2.848,2.848,2.848,2.848,0.0,2.848,0
2020-02-07,2.866,2.866,2.866,2.866,0.0,2.866,0
2020-02-10,2.858,2.858,2.858,2.858,0.0,2.858,0
2020-02-11,2.817,2.817,2.817,2.817,0.0,2.817,0
2020-02-12,2.824,2.824,2.824,2.824,0.0,2.824,0
2020-02-13,2.814,2.814,2.814,2.814,0.0,2.814,0
2020-02-14,2.83,2.83,2.83,2.83,0.0,2.83,0
2020-02-18,2.803,2.803,2.803,2.803,0.0,2.803,0
2020-02-19,2.849,2.849,2.849,2.849,0.0,2.849,0
2020-02-20,2.849,2.849,2.849,2.849,0.0,2.849,0
2020-02-21,2.874,2.874,2.874,2.874,0.0,2.874,0
2020-02-24,2.88,2.88,2.88,2.88,0.0,2.88,0
2020-02-25,2.883,2.883,2.883,2.883,0.0,2.883,0
2020-02-26,2.906,2.906,2.906,2.906,0.0,2.906,0
2020-02-27,2.896,2.896,2.896,2.896,0.0,2.896,0
2020-02-28,2.914,2.914,2.914,2.914,0.0,2.914,0
2020-03-02,2.969,2.969,2.969,2.969,0.0,2.969,0
2020-03-03,2.965,2.965,2.965,2.965,0.0,2.965,0
2020-03-04,2.954,2.954,2.954,2.954,0.0,2.954,0
2020-03-05,2.929,2.929,2.929,2.929,0.0,2.929,0
2020-03-06,2.942,2.942,2.942,2.942,0.0,2.942,0
2020-03-09,2.979,2.979,2.979,2.979,0.0,2.979,0
2020-03-10,2.979,2.979,2.979,2.979,0.0,2.979,0
2020-03-11,2.941,2.941,2.941,2.941,0.0,2.941,0
2020-03-12,2.891,2.891,2.891,2.891,0.0,2.891,0
2020-03-13,2.886,2.886,2.886,2.886,0.0,2.886,0
2020-03-16,2.875,2.875,2.875,2.875,0.0,2.875,0
2020-03-17,2.904,2.904,2.904,2.904,0.0,2.904,0
2020-03-18,2.91,2.91,2.91,2.91,0.0,2.91,0
2020-03-19,2.923,2.923,2.923,2.923,0.0,2.923,0
2020-03-20,2.917,2.917,2.917,2.917,0.0,2.917,0
2020-03-23,2.912,2.912,2.912,2.912,0.0,2.912,0
2020-03-24,2.869,2.869,2.869,2.869,0.0,2.869,0
2020-03-25,2.864,2.864,2.864,2.864,0.0,2.864,0
2020-03-26,2.83,2.83,2.83,2.83,0.0,2.83,0
2020-03-27,2.852,2.852,2.852,2.852,0.0,2.852,0
2020-03-30,2.86,2.86,2.86,2.86,0.0,2.86,0
2020-03-31,2.848,2.848,2.848,2.848,0.0,2.848,0
2020-04-01,2.818,2.818,2.818,2.818,0.0,2.818,0
2020-04-02,2.804,2.804,2.804,2.804,0.0,2.804,0
2020-04-03,2.788,2.788,2.788,2.788,0.0,2.788,0
2020-04-06,2.804,2.804,2.804,2.804,0.0,2.804,0
2020-04-07,2.798,2.798,2.798,2.798,0.0,2.798,0
2020-04-08,2.815,2.815,2.815,2.815,0.0,2.815,0
2020-04-09,2.781,2.781,2.781,2.781,0.0,2.781,0
2020-04-13,2.827,2.827,2.827,2.827,0.0,2.827,0
2020-04-14,2.809,2.809,2.809,2.809,0.0,2.809,0
2020-04-15,2.778,2.778,2.778,2.778,0.0,2.778,0
2020-04-16,2.783,2.783,2.783,2.783,0.0,2.783,0
2020-04-17,2.784,2.784,2.784,2.784,0.0,2.784,0
2020-04-20,2.82,2.82,2.82,2.82,0.0,2.82,0
2020-04-21,2.803,2.803,2.803,2.803,0.0,2.803,0
2020-04-22,2.831,2.831,2.831,2.831,0.0,2.831,0
2020-04-23,2.785,2.785,2.785,2.785,0.0,2.785,0
2020-04-24,2.783,2.783,2.783,2.783,0.0,2.783,0
2020-04-27,2.809,2.809,2.809,2.809,0.0,2.809,0
2020-04-28,2.801,2.801,2.801,2.801,0.0,2.801,0
2020-04-29,2.796,2.796,2.796,2.796,0.0,2.796,0
2020-04-30,2.771,2.771,2.771,2.771,0.0,2.771,0
2020-05-01,2.754,2.754,2.754,2.754,0.0,2.754,0
2020-05-04,2.725,2.725,2.725,2.725,0.0,2.725,0
2020-05-05,2.712,2.712,2.712,2.712,0.0,2.712,0
2020-05-06,2.751,2.751,2.751,2.751,0.0,2.751,0
2020-05-07,2.698,2.698,2.698,2.698,0.0,2.698,0
2020-05-08,2.687,2.687,2.687,2.687,0.0,2.687,0
2020-05-11,2.663,2.663,2.663,2.663,0.0,2.663,0
2020-05-12,2.667,2.667,2.667,2.667,0.0,2.667,0
2020-05-13,2.616,2.616,2.616,2.616,0.0,2.616,0
2020-05-14,2.59,2.59,2.59,2.59,0.0,2.59,0
2020-05-15,2.651,2.651,2.651,2.651,0.0,2.651,0
2020-05-18,2.669,2.669,2.669,2.669,0.0,2.669,0
2020-05-19,2.666,2.666,2.666,2.666,0.0,2.666,0
2020-05-20,2.613,2.613,2.613,2.613,0.0,2.613,0
2020-05-21,2.604,2.604,2.604,2.604,0.0,2.604,0
2020-05-22,2.647,2.647,2.647,2.647,0.0,2.647,0
2020-05-26,2.627,2.627,2.627,2.627,0.0,2.627,0
2020-05-27,2.722,2.722,2.722,2.722,0.0,2.722,0
2020-05-28,2.714,2.714,2.714,2.714,0.0,2.714,0
2020-05-29,2.708,2.708,2.708,2.708,0.0,2.708,0
2020-06-01,2.69,2.69,2.69,2.69,0.0,2.69,0
2020-06-02,2.695,2.695,2.695,2.695,0.0,2.695,0
2020-06-03,2.682,2.682,2.682,2.682,0.0,2.682,0
2020-06-04,2.691,2.691,2.691,2.691,0.0,2.691,0
2020-06-05,2.685,2.685,2.685,2.685,0.0,2.685,0
2020-06-08,2.699,2.699,2.699,2.699,0.0,2.699,0
2020-06-09,2.721,2.721,2.721,2.721,0.0,2.721,0
2020-06-10,2.726,2.726,2.726,2.726,0.0,2.726,0
2020-06-11,2.721,2.721,2.721,2.721,0.0,2.721,0
2020-06-12,2.71,2.71,2.71,2.71,0.0,2.71,0
2020-06-15,2.737,2.737,2.737,2.737,0.0,2.737,0
2020-06-16,2.739,2.739,2.739,2.739,0.0,2.739,0
2020-06-17,2.734,2.734,2.734,2.734,0.0,2.734,0
2020-06-18,2.733,2.733,2.733,2.733,0.0,2.733,0
2020-06-19,2.716,2.716,2.716,2.716,0.0,2.716,0
2020-06-22,2.704,2.704,2.704,2.704,0.0,2.704,0
2020-06-23,2.703,2.703,2.703,2.703,0.0,2.703,0
2020-06-24,2.74,2.74,2.74,2.74,0.0,2.74,0
2020-06-25,2.773,2.773,2.773,2.773,0.0,2.773,0
2020-06-26,2.8,2.8,2.8,2.8,0.0,2.8,0
2020-06-29,2.798,2.798,2.798,2.798,0.0,2.798,0
2020-06-30,2.798,2.798,2.798,2.798,0.0,2.798,0
2020-07-01,2.811,2.811,2.811,2.811,0.0,2.811,0
2020-07-02,2.855,2.855,2.855,2.855,0.0,2.855,0
2020-07-06,2.834,2.834,2.834,2.834,0.0,2.834,0
2020-07-07,2.817,2.817,2.817,2.817,0.0,2.817,0
2020-07-08,2.845,2.845,2.845,2.845,0.0,2.845,0
2020-07-09,2.83,2.83,2.83,2.83,0.0,2.83,0
2020-07-10,2.812,2.812,2.812,2.812,0.0,2.812,0
2020-07-13,2.808,2.808,2.808,2.808,0.0,2.808,0
2020-07-14,2.807,2.807,2.807,2.807,0.0,2.807,0
2020-07-15,2.817,2.817,2.817,2.817,0.0,2.817,0
2020-07-16,2.81,2.81,2.81,2.81,0.0,2.81,0
2020-07-17,2.807,2.807,2.807,2.807,0.0,2.807,0
2020-07-20,2.798,2.798,2.798,2.798,0.0,2.798,0
2020-07-21,2.814,2.814,2.814,2.814,0.0,2.814,0
2020-07-22,2.823,2.823,2.823,2.823,0.0,2.823,0
2020-07-23,2.907,2.907,2.907,2.907,0.0,2.907,0
2020-07-24,2.901,2.901,2.901,2.901,0.0,2.901,0
2020-07-27,2.981,2.981,2.981,2.981,0.0,2.981,0
2020-07-28,2.978,2.978,2.978,2.978,0.0,2.978,0
2020-07-29,2.983,2.983,2.983,2.983,0.0,2.983,0
2020-07-30,3.01,3.01,3.01,3.01,0.0,3.01,0
2020-07-31,3.11,3.11,3.11,3.11,0.0,3.11,0
2020-08-03,3.114,3.114,3.114,3.114,0.0,3.114,0
2020-08-04,3.108,3.108,3.108,3.108,0.0,3.108,0
2020-08-05,3.126,3.126,3.126,3.126,0.0,3.126,0
2020-08-06,3.151,3.151,3.151,3.151,0.0,3.151,0
2020-08-07,3.213,3.213,3.213,3.213,0.0,3.213,0
2020-08-10,3.181,3.181,3.181,3.181,0.0,3.181,0
2020-08-11,3.096,3.096,3.096,3.096,0.0,3.096,0
2020-08-12,3.073,3.073,3.073,3.073,0.0,3.073,0
2020-08-13,3.093,3.093,3.093,3.093,0.0,3.093,0
2020-08-14,3.079,3.079,3.079,3.079,0.0,3.079,0
2020-08-17,3.079,3.079,3.079,3.079,0.0,3.079,0
2020-08-18,3.074,3.074,3.074,3.074,0.0,3.074,0
2020-08-19,3.069,3.069,3.069,3.069,0.0,3.069,0
2020-08-20,3.067,3.067,3.067,3.067,0.0,3.067,0
2020-08-21,3.062,3.062,3.062,3.062,0.0,3.062,0
2020-08-24,3.057,3.057,3.057,3.057,0.0,3.057,0
2020-08-25,3.05,3.05,3.05,3.05,0.0,3.05,0
2020-08-26,3.078,3.078,3.078,3.078,0.0,3.078,0
2020-08-27,3.087,3.087,3.087,3.087,0.0,3.087,0
2020-08-28,3.075,3.075,3.075,3.075,0.0,3.075,0
2020-08-31,3.049,3.049,3.049,3.049,0.0,3.049,0
2020-09-01,3.047,3.047,3.047,3.047,0.0,3.047,0
2020-09-02,3.041,3.041,3.041,3.041,0.0,3.041,0
2020-09-03,3.038,3.038,3.038,3.038,0.0,3.038,0
2020-09-04,2.964,2.964,2.964,2.964,0.0,2.964,0
2020-09-08,2.965,2.965,2.965,2.965,0.0,2.965,0
2020-09-09,2.951,2.951,2.951,2.951,0.0,2.951,0
2020-09-10,2.933,2.933,2.933,2.933,0.0,2.933,0
2020-09-11,2.91,2.91,2.91,2.91,0.0,2.91,0
2020-09-14,2.883,2.883,2.883,2.883,0.0,2.883,0
2020-09-15,2.89,2.89,2.89,2.89,0.0,2.89,0
2020-09-16,2.815,2.815,2.815,2.815,0.0,2.815,0
2020-09-17,2.803,2.803,2.803,2.803,0.0,2.803,0
2020-09-18,2.824,2.824,2.824,2.824,0.0,2.824,0
2020-09-21,2.795,2.795,2.795,2.795,0.0,2.795,0
2020-09-22,2.834,2.834,2.834,2.834,0.0,2.834,0
2020-09-23,2.874,2.874,2.874,2.874,0.0,2.874,0
2020-09-24,2.9,2.9,2.9,2.9,0.0,2.9,0
2020-09-25,2.919,2.919,2.919,2.919,0.0,2.919,0
2020-09-28,2.927,2.927,2.927,2.927,0.0,2.927,0
2020-09-29,2.898,2.898,2.898,2.898,0.0,2.898,0
2020-09-30,2.879,2.879,2.879,2.879,0.0,2.879,0
2020-10-01,2.859,2.859,2.859,2.859,0.0,2.859,0
2020-10-02,2.856,2.856,2.856,2.856,0.0,2.856,0
2020-10-05,2.834,2.834,2.834,2.834,0.0,2.834,0
2020-10-06,2.841,2.841,2.841,2.841,0.0,2.841,0
2020-10-07,2.864,2.864,2.864,2.864,0.0,2.864,0
2020-10-08,2.839,2.839,2.839,2.839,0.0,2.839,0
2020-10-09,2.869,2.869,2.869,2.869,0.0,2.869,0
2020-10-12,2.855,2.855,2.855,2.855,0.0,2.855,0
2020-10-13,2.835,2.835,2.835,2.835,0.0,2.835,0
2020-10-14,2.862,2.862,2.862,2.862,0.0,2.862,0
2020-10-15,2.848,2.848,2.848,2.848,0.0,2.848,0
2020-10-16,2.851,2.851,2.851,2.851,0.0,2.851,0
2020-10-19,2.894,2.894,2.894,2.894,0.0,2.894,0
2020-10-20,2.835,2.835,2.835,2.835,0.0,2.835,0
2020-10-21,2.856,2.856,2.856,2.856,0.0,2.856,0
2020-10-22,2.858,2.858,2.858,2.858,0.0,2.858,0
2020-10-23,2.92,2.92,2.92,2.92,0.0,2.92,0
2020-10-26,2.833,2.833,2.833,2.833,0.0,2.833,0
2020-10-27,2.867,2.867,2.867,2.867,0.0,2.867,0
2020-10-28,2.917,2.917,2.917,2.917,0.0,2.917,0
2020-10-29,2.929,2.929,2.929,2.929,0.0,2.929,0
2020-10-30,2.946,2.946,2.946,2.946,0.0,2.946,0
2020-11-02,2.881,2.881,2.881,2.881,0.0,2.881,0
2020-11-03,2.925,2.925,2.925,2.925,0.0,2.925,0
2020-11-04,2.922,2.922,2.922,2.922,0.0,2.922,0
2020-11-05,2.917,2.917,2.917,2.917,0.0,2.917,0
2020-11-06,2.907,2.907,2.907,2.907,0.0,2.907,0
2020-11-09,2.903,2.903,2.903,2.903,0.0,2.903,0
2020-11-10,2.913,2.913,2.913,2.913,0.0,2.913,0
2020-11-11,2.928,2.928,2.928,2.928,0.0,2.928,0
2020-11-12,2.925,2.925,2.925,2.925,0.0,2.925,0
2020-11-13,2.869,2.869,2.869,2.869,0.0,2.869,0
2020-11-16,2.866,2.866,2.866,2.866,0.0,2.866,0
2020-11-17,2.883,2.883,2.883,2.883,0.0,2.883,0
2020-11-18,2.907,2.907,2.907,2.907,0.0,2.907,0
2020-11-19,2.907,2.907,2.907,2.907,0.0,2.907,0
2020-11-20,2.9,2.9,2.9,2.9,0.0,2.9,0
2020-11-23,2.894,2.894,2.894,2.894,0.0,2.894,0
2020-11-24,2.896,2.896,2.896,2.896,0.0,2.896,0
2020-11-25,2.879,2.879,2.879,2.879,0.0,2.879,0
2020-11-27,2.875,2.875,2.875,2.875,0.0,2.875,0
2020-11-30,2.861,2.861,2.861,2.861,0.0,2.861,0
2020-12-01,2.923,2.923,2.923,2.923,0.0,2.923,0
2020-12-02,2.948,2.948,2.948,2.948,0.0,2.948,0
2020-12-03,2.92,2.92,2.92,2.92,0.0,2.92,0
2020-12-04,2.94,2.94,2.94,2.94,0.0,2.94,0
2020-12-07,2.911,2.911,2.911,2.911,0.0,2.911,0
2020-12-08,2.899,2.899,2.899,2.899,0.0,2.899,0
2020-12-09,2.909,2.909,2.909,2.909,0.0,2.909,0
2020-12-10,2.914,2.914,2.914,2.914,0.0,2.914,0
2020-12-11,2.933,2.933,2.933,2.933,0.0,2.933,0
2020-12-14,2.927,2.927,2.927,2.927,0.0,2.927,0
2020-12-15,2.912,2.912,2.912,2.912,0.0,2.912,0
2020-12-16,2.924,2.924,2.924,2.924,0.0,2.924,0
2020-12-17,2.912,2.912,2.912,2.912,0.0,2.912,0
2020-12-18,2.926,2.926,2.926,2.926,0.0,2.926,0
2020-12-21,2.897,2.897,2.897,2.897,0.0,2.897,0
2020-12-22,2.942,2.942,2.942,2.942,0.0,2.942,0
2020-12-23,2.937,2.937,2.937,2.937,0.0,2.937,0
2020-12-24,2.949,2.949,2.949,2.949,0.0,2.949,0
2020-12-28,2.868,2.868,2.868,2.868,0.0,2.868,0
2020-12-29,2.937,2.937,2.937,2.937,0.0,2.937,0
2020-12-30,2.908,2.908,2.908,2.908,0.0,2.908,0
2020-12-31,2.935,2.935,2.935,2.935,0.0,2.935,0
2021-01-04,2.943,2.943,2.943,2.943,0.0,2.943,0
2021-01-05,2.958,2.958,2.958,2.958,0.0,2.958,0
2021-01-06,2.991,2.991,2.991,2.991,0.0,2.991,0
2021-01-07,2.959,2.959,2.959,2.959,0.0,2.959,0
2021-01-08,2.943,2.943,2.943,2.943,0.0,2.943,0
2021-01-11,2.946,2.946,2.946,2.946,0.0,2.946,0
2021-01-12,2.953,2.953,2.953,2.953,0.0,2.953,0
2021-01-13,2.984,2.984,2.984,2.984,0.0,2.984,0
2021-01-14,2.932,2.932,2.932,2.932,0.0,2.932,0
2021-01-15,2.968,2.968,2.968,2.968,0.0,2.968,0
2021-01-19,2.995,2.995,2.995,2.995,0.0,2.995,0
2021-01-20,3.009,3.009,3.009,3.009,0.0,3.009,0
2021-01-21,3.023,3.023,3.023,3.023,0.0,3.023,0
2021-01-22,3.023,3.023,3.023,3.023,0.0,3.023,0
2021-01-25,2.98,2.98,2.98,2.98,0.0,2.98,0
2021-01-26,3.009,3.009,3.009,3.009,0.0,3.009,0
2021-01-27,3.024,3.024,3.024,3.024,0.0,3.024,0
2021-01-28,3.023,3.023,3.023,3.023,0.0,3.023,0
2021-01-29,3.007,3.007,3.007,3.007,0.0,3.007,0
2021-02-01,3.011,3.011,3.011,3.011,0.0,3.011,0
2021-02-02,3.007,3.007,3.007,3.007,0.0,3.007,0
2021-02-03,2.988,2.988,2.988,2.988,0.0,2.988,0
2021-02-04,2.964,2.964,2.964,2.964,0.0,2.964,0
2021-02-05,2.973,2.973,2.973,2.973,0.0,2.973,0
2021-02-08,2.993,2.993,2.993,2.993,0.0,2.993,0
2021-02-09,2.993,2.993,2.993,2.993,0.0,2.993,0
2021-02-10,2.998,2.998,2.998,2.998,0.0,2.998,0
2021-02-11,2.985,2.985,2.985,2.985,0.0,2.985,0
2021-02-12,2.979,2.979,2.979,2.979,0.0,2.979,0
2021-02-16,2.996,2.996,2.996,2.996,0.0,2.996,0
2021-02-17,2.991,2.991,2.991,2.991,0.0,2.991,0
2021-02-18,2.981,2.981,2.981,2.981,0.0,2.981,0
2021-02-19,2.977,2.977,2.977,2.977,0.0,2.977,0
2021-02-22,2.979,2.979,2.979,2.979,0.0,2.979,0
2021-02-23,2.984,2.984,2.984,2.984,0.0,2.984,0
2021-02-24,2.978,2.978,2.978,2.978,0.0,2.978,0
2021-02-25,2.927,2.927,2.927,2.927,0.0,2.927,0
2021-02-26,2.947,2.947,2.947,2.947,0.0,2.947,0
2021-03-01,2.965,2.965,2.965,2.965,0.0,2.965,0
2021-03-02,2.964,2.964,2.964,2.964,0.0,2.964,0
2021-03-03,2.939,2.939,2.939,2.939,0.0,2.939,0
2021-03-04,2.897,2.897,2.897,2.897,0.0,2.897,0
2021-03-05,2.903,2.903,2.903,2.903,0.0,2.903,0
2021-03-08,2.921,2.921,2.921,2.921,0.0,2.921,0
2021-03-09,2.928,2.928,2.928,2.928,0.0,2.928,0
2021-03-10,2.926,2.926,2.926,2.926,0.0,2.926,0
2021-03-11,2.923,2.923,2.923,2.923,0.0,2.923,0
2021-03-12,2.94,2.94,2.94,2.94,0.0,2.94,0
2021-03-15,2.913,2.913,2.913,2.913,0.0,2.913,0
2021-03-16,2.945,2.945,2.945,2.945,0.0,2.945,0
2021-03-17,2.926,2.926,2.926,2.926,0.0,2.926,0
2021-03-18,2.94,2.94,2.94,2.94,0.0,2.94,0
2021-03-19,2.946,2.946,2.946,2.946,0.0,2.946,0
2021-03-22,2.942,2.942,2.942,2.942,0.0,2.942,0
2021-03-23,2.956,2.956,2.956,2.956,0.0,2.956,0
2021-03-24,2.959,2.959,2.959,2.959,0.0,2.959,0
2021-03-25,2.959,2.959,2.959,2.959,0.0,2.959,0
2021-03-26,2.961,2.961,2.961,2.961,0.0,2.961,0
2021-03-29,3.005,3.005,3.005,3.005,0.0,3.005,0
2021-03-30,3.016,3.016,3.016,3.016,0.0,3.016,0
2021-03-31,3.012,3.012,3.012,3.012,0.0,3.012,0
2021-04-01,3.041,3.041,3.041,3.041,0.0,3.041,0
2021-04-05,3.028,3.028,3.028,3.028,0.0,3.028,0
2021-04-06,3.011,3.011,3.011,3.011,0.0,3.011,0
2021-04-07,3.014,3.014,3.014,3.014,0.0,3.014,0
2021-04-08,3.014,3.014,3.014,3.014,0.0,3.014,0
2021-04-09,3.048,3.048,3.048,3.048,0.0,3.048,0
2021-04-12,3.057,3.057,3.057,3.057,0.0,3.057,0
2021-04-13,3.04,3.04,3.04,3.04,0.0,3.04,0
2021-04-14,3.049,3.049,3.049,3.049,0.0,3.049,0
2021-04-15,3.027,3.027,3.027,3.027,0.0,3.027,0
2021-04-16,3.04,3.04,3.04,3.04,0.0,3.04,0
2021-04-19,3.034,3.034,3.034,3.034,0.0,3.034,0
2021-04-20,2.979,2.979,2.979,2.979,0.0,2.979,0
2021-04-21,2.964,2.964,2.964,2.964,0.0,2.964,0
2021-04-22,2.945,2.945,2.945,2.945,0.0,2.945,0
2021-04-23,2.953,2.953,2.953,2.953,0.0,2.953,0
2021-04-26,2.939,2.939,2.939,2.939,0.0,2.939,0
2021-04-27,2.918,2.918,2.918,2.918,0.0,2.918,0
2021-04-28,2.93,2.93,2.93,2.93,0.0,2.93,0
2021-04-29,2.932,2.932,2.932,2.932,0.0,2.932,0
2021-04-30,2.982,2.982,2.982,2.982,0.0,2.982,0
2021-05-03,2.985,2.985,2.985,2.985,0.0,2.985,0
2021-05-04,2.994,2.994,2.994,2.994,0.0,2.994,0
2021-05-05,2.996,2.996,2.996,2.996,0.0,2.996,0
2021-05-06,2.986,2.986,2.986,2.986,0.0,2.986,0
2021-05-07,2.993,2.993,2.993,2.993,0.0,2.993,0
2021-05-10,2.996,2.996,2.996,2.996,0.0,2.996,0
2021-05-11,2.993,2.993,2.993,2.993,0.0,2.993,0
2021-05-12,2.992,2.992,2.992,2.992,0.0,2.992,0
2021-05-13,2.982,2.982,2.982,2.982,0.0,2.982,0
2021-05-14,2.978,2.978,2.978,2.978,0.0,2.978,0
2021-05-17,2.982,2.982,2.982,2.982,0.0,2.982,0
2021-05-18,2.951,2.951,2.951,2.951,0.0,2.951,0
2021-05-19,2.955,2.955,2.955,2.955,0.0,2.955,0
2021-05-20,2.96,2.96,2.96,2.96,0.0,2.96,0
2021-05-21,2.972,2.972,2.972,2.972,0.0,2.972,0
2021-05-24,2.966,2.966,2.966,2.966,0.0,2.966,0
2021-05-25,2.977,2.977,2.977,2.977,0.0,2.977,0
2021-05-26,2.946,2.946,2.946,2.946,0.0,2.946,0
2021-05-27,2.943,2.943,2.943,2.943,0.0,2.943,0
2021-05-28,2.966,2.966,2.966,2.966,0.0,2.966,0
2021-06-01,2.948,2.948,2.948,2.948,0.0,2.948,0
2021-06-02,2.958,2.958,2.958,2.958,0.0,2.958,0
2021-06-03,2.94,2.94,2.94,2.94,0.0,2.94,0
2021-06-04,2.991,2.991,2.991,2.991,0.0,2.991,0
2021-06-07,2.962,2.962,2.962,2.962,0.0,2.962,0
2021-06-08,2.968,2.968,2.968,2.968,0.0,2.968,0
2021-06-09,2.975,2.975,2.975,2.975,0.0,2.975,0
2021-06-10,2.964,2.964,2.964,2.964,0.0,2.964,0
2021-06-11,2.963,2.963,2.963,2.963,0.0,2.963,0
2021-06-14,2.972,2.972,2.972,2.972,0.0,2.972,0
2021-06-15,2.957,2.957,2.957,2.957,0.0,2.957,0
2021-06-16,3.01,3.01,3.01,3.01,0.0,3.01,0
2021-06-17,3.015,3.015,3.015,3.015,0.0,3.015,0
2021-06-18,3.024,3.024,3.024,3.024,0.0,3.024,0
2021-06-21,3.021,3.021,3.021,3.021,0.0,3.021,0
2021-06-22,3.021,3.021,3.021,3.021,0.0,3.021,0
2021-06-23,3.022,3.022,3.022,3.022,0.0,3.022,0
2021-06-24,3.01,3.01,3.01,3.01,0.0,3.01,0
2021-06-25,3.071,3.071,3.071,3.071,0.0,3.071,0
2021-06-28,3.081,3.081,3.081,3.081,0.0,3.081,0
2021-06-29,3.109,3.109,3.109,3.109,0.0,3.109,0
2021-06-30,3.11,3.11,3.11,3.11,0.0,3.11,0
2021-07-01,3.098,3.098,3.098,3.098,0.0,3.098,0
2021-07-02,3.09,3.09,3.09,3.09,0.0,3.09,0
2021-07-06,3.082,3.082,3.082,3.082,0.0,3.082,0
2021-07-07,3.094,3.094,3.094,3.094,0.0,3.094,0
2021-07-08,3.106,3.106,3.106,3.106,0.0,3.106,0
2021-07-09,3.112,3.112,3.112,3.112,0.0,3.112,0
2021-07-12,3.117,3.117,3.117,3.117,0.0,3.117,0
2021-07-13,3.116,3.116,3.116,3.116,0.0,3.116,0
2021-07-14,3.109,3.109,3.109,3.109,0.0,3.109,0
2021-07-15,3.117,3.117,3.117,3.117,0.0,3.117,0
2021-07-16,3.133,3.133,3.133,3.133,0.0,3.133,0
2021-07-19,3.143,3.143,3.143,3.143,0.0,3.143,0
2021-07-20,3.145,3.145,3.145,3.145,0.0,3.145,0
2021-07-21,3.18,3.18,3.18,3.18,0.0,3.18,0
2021-07-22,3.182,3.182,3.182,3.182,0.0,3.182,0
2021-07-23,3.188,3.188,3.188,3.188,0.0,3.188,0
2021-07-26,3.196,3.196,3.196,3.196,0.0,3.196,0
2021-07-27,3.166,3.166,3.166,3.166,0.0,3.166,0
2021-07-28,3.158,3.158,3.158,3.158,0.0,3.158,0
2021-07-29,3.133,3.133,3.133,3.133,0.0,3.133,0
2021-07-30,3.162,3.162,3.162,3.162,0.0,3.162,0
2021-08-02,3.176,3.176,3.176,3.176,0.0,3.176,0
2021-08-03,3.168,3.168,3.168,3.168,0.0,3.168,0
2021-08-04,3.178,3.178,3.178,3.178,0.0,3.178,0
2021-08-05,3.143,3.143,3.143,3.143,0.0,3.143,0
2021-08-06,3.152,3.152,3.152,3.152,0.0,3.152,0
2021-08-09,3.168,3.168,3.168,3.168,0.0,3.168,0
2021-08-10,3.165,3.165,3.165,3.165,0.0,3.165,0
2021-08-11,3.18,3.18,3.18,3.18,0.0,3.18,0
2021-08-12,3.261,3.261,3.261,3.261,0.0,3.261,0
2021-08-13,3.228,3.228,3.228,3.228,0.0,3.228,0
2021-08-16,3.24,3.24,3.24,3.24,0.0,3.24,0
2021-08-17,3.253,3.253,3.253,3.253,0.0,3.253,0
2021-08-18,3.251,3.251,3.251,3.251,0.0,3.251,0
2021-08-19,3.262,3.262,3.262,3.262,0.0,3.262,0
2021-08-20,3.261,3.261,3.261,3.261,0.0,3.261,0
2021-08-23,3.263,3.263,3.263,3.263,0.0,3.263,0
2021-08-24,3.259,3.259,3.259,3.259,0.0,3.259,0
2021-08-25,3.276,3.276,3.276,3.276,0.0,3.276,0
2021-08-26,3.327,3.327,3.327,3.327,0.0,3.327,0
2021-08-27,3.334,3.334,3.334,3.334,0.0,3.334,0
2021-08-30,3.337,3.337,3.337,3.337,0.0,3.337,0
2021-08-31,3.326,3.326,3.326,3.326,0.0,3.326,0
2021-09-01,3.335,3.335,3.335,3.335,0.0,3.335,0
2021-09-02,3.335,3.335,3.335,3.335,0.0,3.335,0
2021-09-03,3.396,3.396,3.396,3.396,0.0,3.396,0
2021-09-07,3.446,3.446,3.446,3.446,0.0,3.446,0
2021-09-08,3.498,3.498,3.498,3.498,0.0,3.498,0
2021-09-09,3.648,3.648,3.648,3.648,0.0,3.648,0
2021-09-10,3.63,3.63,3.63,3.63,0.0,3.63,0
2021-09-13,3.645,3.645,3.645,3.645,0.0,3.645,0
2021-09-14,3.618,3.618,3.618,3.618,0.0,3.618,0
2021-09-15,3.64,3.64,3.64,3.64,0.0,3.64,0
2021-09-16,3.643,3.643,3.643,3.643,0.0,3.643,0
2021-09-17,3.636,3.636,3.636,3.636,0.0,3.636,0
2021-09-20,3.672,3.672,3.672,3.672,0.0,3.672,0
2021-09-21,3.689,3.689,3.689,3.689,0.0,3.689,0
2021-09-22,3.706,3.706,3.706,3.706,0.0,3.706,0
2021-09-23,3.713,3.713,3.713,3.713,0.0,3.713,0
2021-09-24,3.604,3.604,3.604,3.604,0.0,3.604,0
2021-09-27,3.547,3.547,3.547,3.547,0.0,3.547,0
2021-09-28,3.47,3.47,3.47,3.47,0.0,3.47,0
2021-09-29,3.436,3.436,3.436,3.436,0.0,3.436,0
2021-09-30,3.443,3.443,3.443,3.443,0.0,3.443,0
2021-10-01,3.433,3.433,3.433,3.433,0.0,3.433,0
2021-10-04,3.43,3.43,3.43,3.43,0.0,3.43,0
2021-10-05,3.445,3.445,3.445,3.445,0.0,3.445,0
2021-10-06,3.46,3.46,3.46,3.46,0.0,3.46,0
2021-10-07,3.46,3.46,3.46,3.46,0.0,3.46,0
2021-10-08,3.501,3.501,3.501,3.501,0.0,3.501,0
2021-10-11,3.482,3.482,3.482,3.482,0.0,3.482,0
2021-10-12,3.484,3.484,3.484,3.484,0.0,3.484,0
2021-10-13,3.489,3.489,3.489,3.489,0.0,3.489,0
2021-10-14,3.524,3.524,3.524,3.524,0.0,3.524,0
2021-10-15,3.535,3.535,3.535,3.535,0.0,3.535,0
2021-10-18,3.541,3.541,3.541,3.541,0.0,3.541,0
2021-10-19,3.538,3.538,3.538,3.538,0.0,3.538,0
2021-10-20,3.541,3.541,3.541,3.541,0.0,3.541,0
2021-10-21,3.537,3.537,3.537,3.537,0.0,3.537,0
2021-10-22,3.542,3.542,3.542,3.542,0.0,3.542,0
2021-10-25,3.585,3.585,3.585,3.585,0.0,3.585,0
2021-10-26,3.563,3.563,3.563,3.563,0.0,3.563,0
2021-10-27,3.5,3.5,3.5,3.5,0.0,3.5,0
2021-10-28,3.506,3.506,3.506,3.506,0.0,3.506,0
2021-10-29,3.457,3.457,3.457,3.457,0.0,3.457,0
2021-11-01,3.352,3.352,3.352,3.352,0.0,3.352,0
2021-11-02,3.413,3.413,3.413,3.413,0.0,3.413,0
2021-11-03,3.407,3.407,3.407,3.407,0.0,3.407,0
2021-11-04,3.431,3.431,3.431,3.431,0.0,3.431,0
2021-11-05,3.471,3.471,3.471,3.471,0.0,3.471,0
2021-11-08,3.574,3.574,3.574,3.574,0.0,3.574,0
2021-11-09,3.57,3.57,3.57,3.57,0.0,3.57,0
2021-11-10,3.596,3.596,3.596,3.596,0.0,3.596,0
2021-11-11,3.613,3.613,3.613,3.613,0.0,3.613,0
2021-11-12,3.534,3.534,3.534,3.534,0.0,3.534,0
2021-11-15,3.547,3.547,3.547,3.547,0.0,3.547,0
2021-11-16,3.618,3.618,3.618,3.618,0.0,3.618,0
2021-11-17,3.549,3.549,3.549,3.549,0.0,3.549,0
2021-11-18,3.537,3.537,3.537,3.537,0.0,3.537,0
2021-11-19,3.501,3.501,3.501,3.501,0.0,3.501,0
2021-11-22,3.483,3.483,3.483,3.483,0.0,3.483,0
2021-11-23,3.53,3.53,3.53,3.53,0.0,3.53,0
2021-11-24,3.528,3.528,3.528,3.528,0.0,3.528,0
2021-11-26,3.567,3.567,3.567,3.567,0.0,3.567,0
2021-11-29,3.559,3.559,3.559,3.559,0.0,3.559,0
2021-11-30,3.532,3.532,3.532,3.532,0.0,3.532,0
2021-12-01,3.54,3.54,3.54,3.54,0.0,3.54,0
2021-12-02,3.544,3.544,3.544,3.544,0.0,3.544,0
2021-12-03,3.554,3.554,3.554,3.554,0.0,3.554,0
2021-12-06,3.526,3.526,3.526,3.526,0.0,3.526,0
2021-12-07,3.53,3.53,3.53,3.53,0.0,3.53,0
2021-12-08,3.424,3.424,3.424,3.424,0.0,3.424,0
2021-12-09,3.412,3.412,3.412,3.412,0.0,3.412,0
2021-12-10,3.437,3.437,3.437,3.437,0.0,3.437,0
2021-12-13,3.341,3.341,3.341,3.341,0.0,3.341,0
2021-12-14,3.449,3.449,3.449,3.449,0.0,3.449,0
2021-12-15,3.528,3.528,3.528,3.528,0.0,3.528,0
2021-12-16,3.493,3.493,3.493,3.493,0.0,3.493,0
2021-12-17,3.506,3.506,3.506,3.506,0.0,3.506,0
2021-12-20,3.521,3.521,3.521,3.521,0.0,3.521,0
2021-12-21,3.505,3.505,3.505,3.505,0.0,3.505,0
2021-12-22,3.506,3.506,3.506,3.506,0.0,3.506,0
2021-12-23,3.469,3.469,3.469,3.469,0.0,3.469,0
2021-12-27,3.455,3.455,3.455,3.455,0.0,3.455,0
2021-12-28,3.478,3.478,3.478,3.478,0.0,3.478,0
2021-12-29,3.49,3.49,3.49,3.49,0.0,3.49,0
2021-12-30,3.478,3.478,3.478,3.478,0.0,3.478,0
2021-12-31,3.55,3.55,3.55,3.55,0.0,3.55,0
2022-01-03,3.532,3.532,3.532,3.532,0.0,3.532,0
2022-01-04,3.531,3.531,3.531,3.531,0.0,3.531,0
2022-01-05,3.525,3.525,3.525,3.525,0.0,3.525,0
2022-01-06,3.539,3.539,3.539,3.539,0.0,3.539,0
2022-01-07,3.572,3.572,3.572,3.572,0.0,3.572,0
2022-01-10,3.577,3.577,3.577,3.577,0.0,3.577,0
2022-01-11,3.566,3.566,3.566,3.566,0.0,3.566,0
2022-01-12,3.541,3.541,3.541,3.541,0.0,3.541,0
2022-01-13,3.544,3.544,3.544,3.544,0.0,3.544,0
2022-01-14,3.52,3.52,3.52,3.52,0.0,3.52,0
2022-01-18,3.539,3.539,3.539,3.539,0.0,3.539,0
2022-01-19,3.586,3.586,3.586,3.586,0.0,3.586,0
2022-01-20,3.589,3.589,3.589,3.589,0.0,3.589,0
2022-01-21,3.577,3.577,3.577,3.577,0.0,3.577,0
2022-01-24,3.566,3.566,3.566,3.566,0.0,3.566,0
2022-01-25,3.586,3.586,3.586,3.586,0.0,3.586,0
2022-01-26,3.587,3.587,3.587,3.587,0.0,3.587,0
2022-01-27,3.572,3.572,3.572,3.572,0.0,3.572,0
2022-01-28,3.565,3.565,3.565,3.565,0.0,3.565,0
2022-01-31,3.564,3.564,3.564,3.564,0.0,3.564,0
2022-02-01,3.549,3.549,3.549,3.549,0.0,3.549,0
2022-02-02,3.568,3.568,3.568,3.568,0.0,3.568,0
2022-02-03,3.559,3.559,3.559,3.559,0.0,3.559,0
2022-02-04,3.589,3.589,3.589,3.589,0.0,3.589,0
2022-02-07,3.605,3.605,3.605,3.605,0.0,3.605,0
2022-02-08,3.597,3.597,3.597,3.597,0.0,3.597,0
2022-02-09,3.592,3.592,3.592,3.592,0.0,3.592,0
2022-02-10,3.599,3.599,3.599,3.599,0.0,3.599,0
2022-02-11,3.639,3.639,3.639,3.639,0.0,3.639,0
2022-02-14,3.68,3.68,3.68,3.68,0.0,3.68,0
2022-02-15,3.668,3.668,3.668,3.668,0.0,3.668,0
2022-02-16,3.697,3.697,3.697,3.697,0.0,3.697,0
2022-02-17,3.69,3.69,3.69,3.69,0.0,3.69,0
2022-02-18,3.69,3.69,3.69,3.69,0.0,3.69,0
2022-02-22,3.735,3.735,3.735,3.735,0.0,3.735,0
2022-02-23,3.821,3.821,3.821,3.821,0.0,3.821,0
2022-02-24,3.864,3.864,3.864,3.864,0.0,3.864,0
2022-02-25,3.781,3.781,3.781,3.781,0.0,3.781,0
2022-02-28,3.858,3.858,3.858,3.858,0.0,3.858,0
2022-03-01,3.929,3.929,3.929,3.929,0.0,3.929,0
2022-03-02,3.996,3.996,3.996,3.996,0.0,3.996,0
2022-03-03,3.939,3.939,3.939,3.939,0.0,3.939,0
2022-03-04,3.992,3.992,3.992,3.992,0.0,3.992,0
2022-03-07,4.085,4.085,4.085,4.085,0.0,4.085,0
2022-03-08,4.162,4.162,4.162,4.162,0.0,4.162,0
2022-03-09,4.141,4.141,4.141,4.141,0.0,4.141,0
2022-03-10,4.057,4.057,4.057,4.057,0.0,4.057,0
2022-03-11,4.038,4.038,4.038,4.038,0.0,4.038,0
2022-03-14,4.081,4.081,4.081,4.081,0.0,4.081,0
2022-03-15,4.063,4.063,4.063,4.063,0.0,4.063,0
2022-03-16,4.074,4.074,4.074,4.074,0.0,4.074,0
2022-03-17,4.091,4.091,4.091,4.091,0.0,4.091,0
2022-03-18,4.043,4.043,4.043,4.043,0.0,4.043,0
2022-03-21,4.029,4.029,4.029,4.029,0.0,4.029,0
2022-03-22,4.04,4.04,4.04,4.04,0.0,4.04,0
2022-03-23,4.051,4.051,4.051,4.051,0.0,4.051,0
2022-03-24,4.077,4.077,4.077,4.077,0.0,4.077,0
2022-03-25,4.123,4.123,4.123,4.123,0.0,4.123,0
2022-03-28,4.215,4.215,4.215,4.215,0.0,4.215,0
2022-03-29,4.229,4.229,4.229,4.229,0.0,4.229,0
2022-03-30,4.342,4.342,4.342,4.342,0.0,4.342,0
2022-03-31,4.435,4.435,4.435,4.435,0.0,4.435,0
2022-04-01,4.492,4.492,4.492,4.492,0.0,4.492,0
2022-04-04,4.559,4.559,4.559,4.559,0.0,4.559,0
2022-04-05,4.577,4.577,4.577,4.577,0.0,4.577,0
2022-04-06,4.604,4.604,4.604,4.604,0.0,4.604,0
2022-04-07,4.631,4.631,4.631,4.631,0.0,4.631,0
2022-04-08,4.604,4.604,4.604,4.604,0.0,4.604,0
2022-04-11,4.653,4.653,4.653,4.653,0.0,4.653,0
2022-04-12,4.675,4.675,4.675,4.675,0.0,4.675,0
2022-04-13,4.713,4.713,4.713,4.713,0.0,4.713,0
2022-04-14,4.715,4.715,4.715,4.715,0.0,4.715,0
2022-04-18,4.73,4.73,4.73,4.73,0.0,4.73,0
2022-04-19,4.708,4.708,4.708,4.708,0.0,4.708,0
2022-04-20,4.699,4.699,4.699,4.699,0.0,4.699,0
2022-04-21,4.622,4.622,4.622,4.622,0.0,4.622,0
2022-04-22,4.449,4.449,4.449,4.449,0.0,4.449,0
2022-04-25,4.464,4.464,4.464,4.464,0.0,4.464,0
2022-04-26,4.529,4.529,4.529,4.529,0.0,4.529,0
2022-04-27,4.588,4.588,4.588,4.588,0.0,4.588,0
2022-04-28,4.599,4.599,4.599,4.599,0.0,4.599,0
2022-04-29,4.592,4.592,4.592,4.592,0.0,4.592,0
2022-05-02,4.559,4.559,4.559,4.559,0.0,4.559,0
2022-05-03,4.609,4.609,4.609,4.609,0.0,4.609,0
2022-05-04,4.659,4.659,4.659,4.659,0.0,4.659,0
2022-05-05,4.692,4.692,4.692,4.692,0.0,4.692,0
2022-05-06,4.658,4.658,4.658,4.658,0.0,4.658,0
2022-05-09,4.581,4.581,4.581,4.581,0.0,4.581,0
2022-05-10,4.619,4.619,4.619,4.619,0.0,4.619,0
2022-05-11,4.678,4.678,4.678,4.678,0.0,4.678,0
2022-05-12,4.688,4.688,4.688,4.688,0.0,4.688,0
2022-05-13,4.762,4.762,4.762,4.762,0.0,4.762,0
2022-05-16,4.792,4.792,4.792,4.792,0.0,4.792,0
2022-05-17,4.844,4.844,4.844,4.844,0.0,4.844,0
2022-05-18,4.851,4.851,4.851,4.851,0.0,4.851,0
2022-05-19,4.79,4.79,4.79,4.79,0.0,4.79,0
2022-05-20,4.799,4.799,4.799,4.799,0.0,4.799,0
2022-05-23,4.84,4.84,4.84,4.84,0.0,4.84,0
2022-05-24,4.908,4.908,4.908,4.908,0.0,4.908,0
2022-05-25,4.939,4.939,4.939,4.939,0.0,4.939,0
2022-05-26,4.968,4.968,4.968,4.968,0.0,4.968,0
2022-05-27,4.992,4.992,4.992,4.992,0.0,4.992,0
2022-05-31,4.923,4.923,4.923,4.923,0.0,4.923,0
2022-06-01,4.995,4.995,4.995,4.995,0.0,4.995,0
2022-06-02,5.001,5.001,5.001,5.001,0.0,5.001,0
2022-06-03,5.048,5.048,5.048,5.048,0.0,5.048,0
2022-06-06,5.032,5.032,5.032,5.032,0.0,5.032,0
2022-06-07,5.112,5.112,5.112,5.112,0.0,5.112,0
2022-06-08,5.167,5.167,5.167,5.167,0.0,5.167,0
2022-06-09,5.253,5.253,5.253,5.253,0.0,5.253,0
2022-06-10,5.284,5.284,5.284,5.284,0.0,5.284,0
2022-06-13,5.227,5.227,5.227,5.227,0.0,5.227,0
2022-06-14,5.149,5.149,5.149,5.149,0.0,5.149,0
2022-06-15,5.21,5.21,5.21,5.21,0.0,5.21,0
2022-06-16,5.224,5.224,5.224,5.224,0.0,5.224,0
2022-06-17,5.121,5.121,5.121,5.121,0.0,5.121,0
2022-06-21,5.108,5.108,5.108,5.108,0.0,5.108,0
2022-06-22,5.163,5.163,5.163,5.163,0.0,5.163,0
2022-06-23,5.169,5.169,5.169,5.169,0.0,5.169,0
2022-06-24,4.945,4.945,4.945,4.945,0.0,4.945,0
2022-06-27,4.987,4.987,4.987,4.987,0.0,4.987,0
2022-06-28,4.957,4.957,4.957,4.957,0.0,4.957,0
2022-06-29,4.907,4.907,4.907,4.907,0.0,4.907,0
2022-06-30,4.652,4.652,4.652,4.652,0.0,4.652,0
2022-07-01,4.74,4.74,4.74,4.74,0.0,4.74,0
2022-07-04,4.74,4.74,4.74,4.74,0.0,4.74,0
2022-07-05,4.59,4.59,4.59,4.59,0.0,4.59,0
2022-07-06,4.682,4.682,4.682,4.682,0.0,4.682,0
2022-07-07,4.767,4.767,4.767,4.767,0.0,4.767,0
2022-07-08,4.766,4.766,4.766,4.766,0.0,4.766,0
2022-07-11,4.8,4.8,4.8,4.8,0.0,4.8,0
2022-07-12,4.702,4.702,4.702,4.702,0.0,4.702,0
2022-07-13,4.764,4.764,4.764,4.764,0.0,4.764,0
2022-07-14,4.69,4.69,4.69,4.69,0.0,4.69,0
2022-07-15,4.764,4.764,4.764,4.764,0.0,4.764,0
2022-07-18,4.699,4.699,4.699,4.699,0.0,4.699,0
2022-07-19,4.726,4.726,4.726,4.726,0.0,4.726,0
2022-07-20,4.869,4.869,4.869,4.869,0.0,4.869,0
2022-07-21,4.774,4.774,4.774,4.774,0.0,4.774,0
2022-07-22,4.778,4.778,4.778,4.778,0.0,4.778,0
2022-07-25,4.834,4.834,4.834,4.834,0.0,4.834,0
2022-07-26,4.861,4.861,4.861,4.861,0.0,4.861,0
2022-07-27,4.859,4.859,4.859,4.859,0.0,4.859,0
2022-07-28,4.835,4.835,4.835,4.835,0.0,4.835,0
2022-07-29,4.931,4.931,4.931,4.931,0.0,4.931,0
2022-08-01,4.914,4.914,4.914,4.914,0.0,4.914,0
2022-08-02,4.916,4.916,4.916,4.916,0.0,4.916,0
2022-08-03,4.948,4.948,4.948,4.948,0.0,4.948,0
2022-08-04,4.917,4.917,4.917,4.917,0.0,4.917,0
2022-08-05,4.908,4.908,4.908,4.908,0.0,4.908,0
2022-08-08,4.87,4.87,4.87,4.87,0.0,4.87,0
2022-08-09,4.907,4.907,4.907,4.907,0.0,4.907,0
2022-08-10,4.937,4.937,4.937,4.937,0.0,4.937,0
2022-08-11,5.03,5.03,5.03,5.03,0.0,5.03,0
2022-08-12,5.018,5.018,5.018,5.018,0.0,5.018,0
2022-08-15,5.102,5.102,5.102,5.102,0.0,5.102,0
2022-08-16,5.141,5.141,5.141,5.141,0.0,5.141,0
2022-08-17,5.124,5.124,5.124,5.124,0.0,5.124,0
2022-08-18,5.13,5.13,5.13,5.13,0.0,5.13,0
2022-08-19,5.146,5.146,5.146,5.146,0.0,5.146,0
2022-08-22,5.205,5.205,5.205,5.205,0.0,5.205,0
2022-08-23,5.212,5.212,5.212,5.212,0.0,5.212,0
2022-08-24,5.258,5.258,5.258,5.258,0.0,5.258,0
2022-08-25,5.32,5.32,5.32,5.32,0.0,5.32,0
2022-08-26,5.362,5.362,5.362,5.362,0.0,5.362,0
2022-08-29,5.441,5.441,5.441,5.441,0.0,5.441,0
2022-08-30,5.448,5.448,5.448,5.448,0.0,5.448,0
2022-08-31,5.473,5.473,5.473,5.473,0.0,5.473,0
2022-09-01,5.541,5.541,5.541,5.541,0.0,5.541,0
2022-09-02,5.647,5.647,5.647,5.647,0.0,5.647,0
2022-09-05,5.647,5.647,5.647,5.647,0.0,5.647,0
2022-09-06,5.652,5.652,5.652,5.652,0.0,5.652,0
2022-09-07,5.61,5.61,5.61,5.61,0.0,5.61,0
2022-09-08,5.582,5.582,5.582,5.582,0.0,5.582,0
2022-09-09,5.633,5.633,5.633,5.633,0.0,5.633,0
2022-09-12,5.578,5.578,5.578,5.578,0.0,5.578,0
2022-09-13,5.607,5.607,5.607,5.607,0.0,5.607,0
2022-09-14,5.666,5.666,5.666,5.666,0.0,5.666,0
2022-09-15,5.62,5.62,5.62,5.62,0.0,5.62,0
2022-09-16,5.515,5.515,5.515,5.515,0.0,5.515,0
2022-09-19,5.471,5.471,5.471,5.471,0.0,5.471,0
2022-09-20,5.402,5.402,5.402,5.402,0.0,5.402,0
2022-09-21,5.198,5.198,5.198,5.198,0.0,5.198,0
2022-09-22,5.046,5.046,5.046,5.046,0.0,5.046,0
2022-09-23,5.052,5.052,5.052,5.052,0.0,5.052,0
2022-09-26,4.971,4.971,4.971,4.971,0.0,4.971,0
2022-09-27,4.898,4.898,4.898,4.898,0.0,4.898,0
2022-09-28,4.834,4.834,4.834,4.834,0.0,4.834,0
2022-09-29,4.819,4.819,4.819,4.819,0.0,4.819,0
2022-09-30,4.825,4.825,4.825,4.825,0.0,4.825,0
2022-10-03,4.714,4.714,4.714,4.714,0.0,4.714,0
2022-10-04,4.764,4.764,4.764,4.764,0.0,4.764,0
2022-10-05,4.761,4.761,4.761,4.761,0.0,4.761,0
2022-10-06,4.788,4.788,4.788,4.788,0.0,4.788,0
2022-10-07,4.788,4.788,4.788,4.788,0.0,4.788,0
2022-10-10,4.81,4.81,4.81,4.81,0.0,4.81,0
2022-10-11,4.848,4.848,4.848,4.848,0.0,4.848,0
2022-10-12,4.827,4.827,4.827,4.827,0.0,4.827,0
2022-10-13,4.82,4.82,4.82,4.82,0.0,4.82,0
2022-10-14,4.843,4.843,4.843,4.843,0.0,4.843,0
2022-10-17,4.816,4.816,4.816,4.816,0.0,4.816,0
2022-10-18,4.781,4.781,4.781,4.781,0.0,4.781,0
2022-10-19,4.756,4.756,4.756,4.756,0.0,4.756,0
2022-10-20,4.987,4.987,4.987,4.987,0.0,4.987,0
2022-10-21,4.941,4.941,4.941,4.941,0.0,4.941,0
2022-10-24,4.942,4.942,4.942,4.942,0.0,4.942,0
2022-10-25,4.957,4.957,4.957,4.957,0.0,4.957,0
2022-10-26,4.974,4.974,4.974,4.974,0.0,4.974,0
2022-10-27,4.967,4.967,4.967,4.967,0.0,4.967,0
2022-10-28,4.972,4.972,4.972,4.972,0.0,4.972,0
2022-10-31,4.966,4.966,4.966,4.966,0.0,4.966,0
2022-11-01,4.931,4.931,4.931,4.931,0.0,4.931,0
2022-11-02,4.995,4.995,4.995,4.995,0.0,4.995,0
2022-11-03,5.04,5.04,5.04,5.04,0.0,5.04,0
2022-11-04,5.154,5.154,5.154,5.154,0.0,5.154,0
2022-11-07,5.198,5.198,5.198,5.198,0.0,5.198,0
2022-11-08,5.158,5.158,5.158,5.158,0.0,5.158,0
2022-11-09,5.172,5.172,5.172,5.172,0.0,5.172,0
2022-11-10,5.172,5.172,5.172,5.172,0.0,5.172,0
2022-11-11,5.145,5.145,5.145,5.145,0.0,5.145,0
2022-11-14,5.114,5.114,5.114,5.114,0.0,5.114,0
2022-11-15,5.14,5.14,5.14,5.14,0.0,5.14,0
2022-11-16,5.125,5.125,5.125,5.125,0.0,5.125,0
2022-11-17,5.12,5.12,5.12,5.12,0.0,5.12,0
2022-11-18,5.114,5.114,5.114,5.114,0.0,5.114,0
2022-11-21,5.069,5.069,5.069,5.069,0.0,5.069,0
2022-11-22,5.053,5.053,5.053,5.053,0.0,5.053,0
2022-11-23,5.103,5.103,5.103,5.103,0.0,5.103,0
2022-11-24,5.103,5.103,5.103,5.103,0.0,5.103,0
2022-11-25,5.097,5.097,5.097,5.097,0.0,5.097,0
2022-11-28,5.181,5.181,5.181,5.181,0.0,5.181,0
2022-11-29,5.179,5.179,5.179,5.179,0.0,5.179,0
2022-11-30,5.166,5.166,5.166,5.166,0.0,5.166,0
2022-12-01,5.146,5.146,5.146,5.146,0.0,5.146,0
2022-12-02,5.142,5.142,5.142,5.142,0.0,5.142,0
2022-12-05,5.15,5.15,5.15,5.15,0.0,5.15,0
2022-12-06,5.163,5.163,5.163,5.163,0.0,5.163,0
2022-12-07,5.168,5.168,5.168,5.168,0.0,5.168,0
2022-12-08,5.228,5.228,5.228,5.228,0.0,5.228,0
2022-12-09,5.232,5.232,5.232,5.232,0.0,5.232,0
2022-12-12,5.306,5.306,5.306,5.306,0.0,5.306,0
2022-12-13,5.294,5.294,5.294,5.294,0.0,5.294,0
2022-12-14,5.267,5.267,5.267,5.267,0.0,5.267,0
2022-12-15,5.308,5.308,5.308,5.308,0.0,5.308,0
2022-12-16,5.392,5.392,5.392,5.392,0.0,5.392,0
2022-12-19,5.368,5.368,5.368,5.368,0.0,5.368,0
2022-12-20,5.363,5.363,5.363,5.363,0.0,5.363,0
2022-12-21,5.275,5.275,5.275,5.275,0.0,5.275,0
2022-12-22,5.192,5.192,5.192,5.192,0.0,5.192,0
2022-12-23,5.205,5.205,5.205,5.205,0.0,5.205,0
2022-12-27,5.291,5.291,5.291,5.291,0.0,5.291,0
2022-12-28,5.213,5.213,5.213,5.213,0.0,5.213,0
2022-12-29,5.204,5.204,5.204,5.204,0.0,5.204,0
2022-12-30,5.213,5.213,5.213,5.213,0.0,5.213,0
2023-01-03,5.159,5.159,5.159,5.159,0.0,5.159,0
2023-01-04,5.162,5.162,5.162,5.162,0.0,5.162,0
2023-01-05,5.084,5.084,5.084,5.084,0.0,5.084,0
2023-01-06,5.028,5.028,5.028,5.028,0.0,5.028,0
2023-01-09,5.036,5.036,5.036,5.036,0.0,5.036,0
2023-01-10,5.06,5.06,5.06,5.06,0.0,5.06,0
2023-01-11,5.026,5.026,5.026,5.026,0.0,5.026,0
2023-01-12,5.025,5.025,5.025,5.025,0.0,5.025,0
2023-01-13,5.034,5.034,5.034,5.034,0.0,5.034,0
2023-01-16,5.034,5.034,5.034,5.034,0.0,5.034,0
2023-01-17,5.05,5.05,5.05,5.05,0.0,5.05,0
2023-01-18,5.084,5.084,5.084,5.084,0.0,5.084,0
2023-01-19,5.124,5.124,5.124,5.124,0.0,5.124,0
2023-01-20,5.088,5.088,5.088,5.088,0.0,5.088,0
2023-01-23,5.067,5.067,5.067,5.067,0.0,5.067,0
2023-01-24,5.036,5.036,5.036,5.036,0.0,5.036,0
2023-01-25,4.979,4.979,4.979,4.979,0.0,4.979,0
2023-01-26,4.986,4.986,4.986,4.986,0.0,4.986,0
2023-01-27,4.977,4.977,4.977,4.977,0.0,4.977,0
2023-01-30,4.898,4.898,4.898,4.898,0.0,4.898,0
2023-01-31,4.909,4.909,4.909,4.909,0.0,4.909,0
2023-02-01,4.737,4.737,4.737,4.737,0.0,4.737,0
2023-02-02,4.717,4.717,4.717,4.717,0.0,4.717,0
2023-02-03,4.651,4.651,4.651,4.651,0.0,4.651,0
2023-02-10,4.663,4.663,4.663,4.663,0.0,4.663,0
2023-02-13,4.606,4.606,4.606,4.606,0.0,4.606,0
2023-02-14,4.607,4.607,4.607,4.607,0.0,4.607,0
2023-02-15,4.602,4.602,4.602,4.602,0.0,4.602,0
2023-02-16,4.602,4.602,4.602,4.602,0.0,4.602,0
2023-02-17,4.588,4.588,4.588,4.588,0.0,4.588,0
2023-02-20,4.588,4.588,4.588,4.588,0.0,4.588,0
2023-02-21,4.588,4.588,4.588,4.588,0.0,4.588,0
2023-02-22,4.599,4.599,4.599,4.599,0.0,4.599,0
2023-02-23,4.633,4.633,4.633,4.633,0.0,4.633,0
2023-02-24,4.692,4.692,4.692,4.692,0.0,4.692,0
2023-02-27,4.734,4.734,4.734,4.734,0.0,4.734,0
2023-02-28,4.782,4.782,4.782,4.782,0.0,4.782,0
2023-03-01,4.863,4.863,4.863,4.863,0.0,4.863,0
2023-03-02,4.871,4.871,4.871,4.871,0.0,4.871,0
2023-03-03,4.911,4.911,4.911,4.911,0.0,4.911,0
2023-03-06,4.945,4.945,4.945,4.945,0.0,4.945,0
2023-03-07,4.97,4.97,4.97,4.97,0.0,4.97,0
2023-03-08,4.966,4.966,4.966,4.966,0.0,4.966,0
2023-03-09,4.703,4.703,4.703,4.703,0.0,4.703,0
2023-03-10,4.804,4.804,4.804,4.804,0.0,4.804,0
2023-03-13,4.815,4.815,4.815,4.815,0.0,4.815,0
2023-03-14,4.896,4.896,4.896,4.896,0.0,4.896,0
2023-03-15,4.928,4.928,4.928,4.928,0.0,4.928,0
2023-03-16,4.97,4.97,4.97,4.97,0.0,4.97,0
2023-03-17,4.963,4.963,4.963,4.963,0.0,4.963,0
2023-03-20,4.922,4.922,4.922,4.922,0.0,4.922,0
2023-03-21,4.971,4.971,4.971,4.971,0.0,4.971,0
2023-03-22,4.925,4.925,4.925,4.925,0.0,4.925,0
2023-03-23,4.96,4.96,4.96,4.96,0.0,4.96,0
2023-03-24,4.919,4.919,4.919,4.919,0.0,4.919,0
2023-03-27,4.898,4.898,4.898,4.898,0.0,4.898,0
2023-03-28,4.856,4.856,4.856,4.856,0.0,4.856,0
2023-03-29,4.883,4.883,4.883,4.883,0.0,4.883,0
2023-03-30,4.891,4.891,4.891,4.891,0.0,4.891,0
2023-03-31,4.884,4.884,4.884,4.884,0.0,4.884,0
2023-04-03,4.892,4.892,4.892,4.892,0.0,4.892,0
2023-04-04,4.904,4.904,4.904,4.904,0.0,4.904,0
2023-04-05,4.877,4.877,4.877,4.877,0.0,4.877,0
2023-04-06,4.833,4.833,4.833,4.833,0.0,4.833,0
2023-04-10,4.895,4.895,4.895,4.895,0.0,4.895,0
2023-04-11,4.905,4.905,4.905,4.905,0.0,4.905,0
2023-04-12,4.831,4.831,4.831,4.831,0.0,4.831,0
2023-04-13,4.799,4.799,4.799,4.799,0.0,4.799,0
2023-04-14,4.819,4.819,4.819,4.819,0.0,4.819,0
2023-04-17,4.885,4.885,4.885,4.885,0.0,4.885,0
2023-04-18,4.883,4.883,4.883,4.883,0.0,4.883,0
2023-04-19,4.905,4.905,4.905,4.905,0.0,4.905,0
2023-04-20,4.937,4.937,4.937,4.937,0.0,4.937,0
2023-04-21,4.944,4.944,4.944,4.944,0.0,4.944,0
2023-04-24,4.935,4.935,4.935,4.935,0.0,4.935,0
2023-04-25,4.933,4.933,4.933,4.933,0.0,4.933,0
2023-04-26,4.926,4.926,4.926,4.926,0.0,4.926,0
2023-04-27,4.93,4.93,4.93,4.93,0.0,4.93,0
2023-04-28,4.939,4.939,4.939,4.939,0.0,4.939,0
2023-05-01,4.896,4.896,4.896,4.896,0.0,4.896,0
2023-05-02,4.892,4.892,4.892,4.892,0.0,4.892,0
2023-05-03,4.944,4.944,4.944,4.944,0.0,4.944,0
2023-05-04,4.951,4.951,4.951,4.951,0.0,4.951,0
2023-05-05,4.883,4.883,4.883,4.883,0.0,4.883,0
2023-05-08,4.851,4.851,4.851,4.851,0.0,4.851,0
2023-05-09,4.834,4.834,4.834,4.834,0.0,4.834,0
2023-05-10,4.85,4.85,4.85,4.85,0.0,4.85,0
2023-05-11,4.781,4.781,4.781,4.781,0.0,4.781,0
2023-05-12,4.758,4.758,4.758,4.758,0.0,4.758,0
2023-05-15,4.762,4.762,4.762,4.762,0.0,4.762,0
2023-05-16,4.748,4.748,4.748,4.748,0.0,4.748,0
2023-05-17,4.672,4.672,4.672,4.672,0.0,4.672,0
2023-05-18,4.652,4.652,4.652,4.652,0.0,4.652,0
2023-05-19,4.583,4.583,4.583,4.583,0.0,4.583,0
2023-05-22,4.573,4.573,4.573,4.573,0.0,4.573,0
2023-05-23,4.561,4.561,4.561,4.561,0.0,4.561,0
2023-05-24,4.616,4.616,4.616,4.616,0.0,4.616,0
2023-05-25,4.549,4.549,4.549,4.549,0.0,4.549,0
2023-05-26,4.577,4.577,4.577,4.577,0.0,4.577,0
2023-05-29,4.577,4.577,4.577,4.577,0.0,4.577,0
2023-05-30,4.537,4.537,4.537,4.537,0.0,4.537,0
2023-05-31,4.502,4.502,4.502,4.502,0.0,4.502,0
2023-06-01,4.36,4.36,4.36,4.36,0.0,4.36,0
2023-06-02,4.4,4.4,4.4,4.4,0.0,4.4,0
2023-06-05,4.47,4.47,4.47,4.47,0.0,4.47,0
2023-06-06,4.467,4.467,4.467,4.467,0.0,4.467,0
2023-06-07,4.441,4.441,4.441,4.441,0.0,4.441,0
2023-06-08,4.412,4.412,4.412,4.412,0.0,4.412,0
2023-06-09,4.417,4.417,4.417,4.417,0.0,4.417,0
2023-06-12,4.414,4.414,4.414,4.414,0.0,4.414,0
2023-06-13,4.379,4.379,4.379,4.379,0.0,4.379,0
2023-06-14,4.392,4.392,4.392,4.392,0.0,4.392,0
2023-06-15,4.364,4.364,4.364,4.364,0.0,4.364,0
2023-06-16,4.383,4.383,4.383,4.383,0.0,4.383,0
2023-06-19,4.383,4.383,4.383,4.383,0.0,4.383,0
2023-06-20,4.43,4.43,4.43,4.43,0.0,4.43,0
2023-06-21,4.496,4.496,4.496,4.496,0.0,4.496,0
2023-06-22,4.514,4.514,4.514,4.514,0.0,4.514,0
2023-06-23,4.408,4.408,4.408,4.408,0.0,4.408,0
2023-06-26,4.382,4.382,4.382,4.382,0.0,4.382,0
2023-06-27,4.442,4.442,4.442,4.442,0.0,4.442,0
2023-06-28,4.237,4.237,4.237,4.237,0.0,4.237,0
2023-06-29,4.196,4.196,4.196,4.196,0.0,4.196,0
2023-06-30,4.228,4.228,4.228,4.228,0.0,4.228,0
2023-07-03,4.229,4.229,4.229,4.229,0.0,4.229,0
2023-07-04,4.229,4.229,4.229,4.229,0.0,4.229,0
2023-07-05,4.219,4.219,4.219,4.219,0.0,4.219,0
2023-07-06,4.221,4.221,4.221,4.221,0.0,4.221,0
2023-07-07,4.267,4.267,4.267,4.267,0.0,4.267,0
2023-07-10,4.311,4.311,4.311,4.311,0.0,4.311,0
2023-07-11,4.38,4.38,4.38,4.38,0.0,4.38,0
2023-07-12,4.446,4.446,4.446,4.446,0.0,4.446,0
2023-07-13,4.242,4.242,4.242,4.242,0.0,4.242,0
2023-07-14,4.341,4.341,4.341,4.341,0.0,4.341,0
2023-07-17,4.341,4.341,4.341,4.341,0.0,4.341,0
2023-07-18,4.4,4.4,4.4,4.4,0.0,4.4,0
2023-07-19,4.409,4.409,4.409,4.409,0.0,4.409,0
2023-07-20,4.396,4.396,4.396,4.396,0.0,4.396,0
2023-07-21,4.396,4.414,4.396,4.414,1.0,4.396,1
2023-07-24,4.46,4.46,4.46,4.46,0.0,4.46,0
2023-07-25,4.474,4.474,4.474,4.474,0.0,4.474,0
2023-07-26,4.492,4.492,4.492,4.492,0.0,4.492,0
2023-07-27,4.483,4.483,4.483,4.483,0.0,4.483,0
2023-07-28,4.492,4.492,4.492,4.492,0.0,4.492,0
2023-07-31,4.421,4.421,4.421,4.421,0.0,4.421,0
2023-08-01,4.331,4.331,4.331,4.331,0.0,4.331,0
2023-08-02,4.348,4.348,4.348,4.348,0.0,4.348,0
2023-08-03,4.328,4.328,4.328,4.328,0.0,4.328,0
2023-08-04,4.336,4.336,4.336,4.336,0.0,4.336,0
2023-08-07,4.397,4.397,4.397,4.397,0.0,4.397,0
2023-08-08,4.445,4.445,4.445,4.445,0.0,4.445,0
2023-08-09,4.407,4.407,4.407,4.407,0.0,4.407,0
2023-08-10,4.392,4.392,4.392,4.392,0.0,4.392,0
2023-08-11,4.42,4.42,4.42,4.42,0.0,4.42,0
2023-08-14,4.367,4.367,4.367,4.367,0.0,4.367,0
2023-08-15,4.506,4.506,4.506,4.506,0.0,4.506,0
2023-08-16,4.519,4.519,4.519,4.519,0.0,4.519,0
2023-08-17,4.495,4.495,4.495,4.495,0.0,4.495,0
2023-08-18,4.474,4.474,4.474,4.474,0.0,4.474,0
2023-08-21,4.547,4.547,4.547,4.547,0.0,4.547,0
2023-08-22,4.504,4.504,4.504,4.504,0.0,4.504,0
2023-08-23,4.592,4.592,4.592,4.592,0.0,4.592,0
2023-08-24,4.46,4.46,4.46,4.46,0.0,4.46,0
2023-08-25,4.441,4.441,4.441,4.441,0.0,4.441,0
2023-08-28,4.43,4.43,4.43,4.43,0.0,4.43,0
2023-08-29,4.407,4.407,4.407,4.407,0.0,4.407,0
2023-08-30,4.462,4.462,4.462,4.462,0.0,4.462,0
2023-08-31,4.469,4.469,4.469,4.469,0.0,4.469,0
2023-09-01,4.468,4.468,4.468,4.468,0.0,4.468,0
2023-09-04,4.468,4.468,4.468,4.468,0.0,4.468,0
2023-09-05,4.414,4.414,4.414,4.414,0.0,4.414,0
2023-09-06,4.428,4.428,4.428,4.428,0.0,4.428,0
2023-09-07,4.497,4.497,4.497,4.497,0.0,4.497,0
2023-09-08,4.503,4.503,4.503,4.503,0.0,4.503,0
2023-09-11,4.395,4.395,4.395,4.395,0.0,4.395,0
2023-09-12,4.407,4.407,4.407,4.407,0.0,4.407,0
2023-09-13,4.468,4.468,4.468,4.468,0.0,4.468,0
2023-09-14,4.432,4.432,4.432,4.432,0.0,4.432,0
2023-09-15,4.441,4.441,4.441,4.441,0.0,4.441,0
2023-09-18,4.483,4.483,4.483,4.483,0.0,4.483,0
2023-09-19,4.406,4.406,4.406,4.406,0.0,4.406,0
2023-09-20,4.462,4.462,4.462,4.462,0.0,4.462,0
2023-09-21,4.518,4.518,4.518,4.518,0.0,4.518,0
2023-09-22,4.523,4.523,4.523,4.523,0.0,4.523,0
2023-09-25,4.596,4.596,4.596,4.596,0.0,4.596,0
2023-09-26,4.551,4.551,4.551,4.551,0.0,4.551,0
2023-09-27,4.504,4.504,4.504,4.504,0.0,4.504,0
2023-09-28,4.511,4.511,4.511,4.511,0.0,4.511,0
2023-09-29,4.557,4.557,4.557,4.557,0.0,4.557,0
2023-10-02,4.563,4.563,4.563,4.563,0.0,4.563,0
2023-10-03,4.688,4.688,4.688,4.688,0.0,4.688,0
2023-10-04,4.61,4.61,4.61,4.61,0.0,4.61,0
2023-10-05,4.539,4.539,4.539,4.539,0.0,4.539,0
2023-10-06,4.508,4.508,4.508,4.508,0.0,4.508,0
2023-10-09,4.509,4.509,4.509,4.509,0.0,4.509,0
2023-10-10,4.511,4.511,4.511,4.511,0.0,4.511,0
2023-10-11,4.539,4.539,4.539,4.539,0.0,4.539,0
2023-10-12,4.639,4.639,4.639,4.639,0.0,4.639,0
2023-10-13,4.567,4.567,4.567,4.567,0.0,4.567,0
2023-10-16,4.547,4.547,4.547,4.547,0.0,4.547,0
2023-10-17,4.553,4.553,4.553,4.553,0.0,4.553,0
2023-10-18,4.548,4.548,4.548,4.548,0.0,4.548,0
2023-10-19,4.567,4.567,4.567,4.567,0.0,4.567,0
2023-10-20,4.573,4.573,4.573,4.573,0.0,4.573,0
2023-10-23,4.577,4.577,4.577,4.577,0.0,4.577,0
2023-10-24,4.582,4.582,4.582,4.582,0.0,4.582,0
2023-10-25,4.59,4.59,4.59,4.59,0.0,4.59,0
2023-10-26,4.575,4.575,4.575,4.575,0.0,4.575,0
2023-10-27,4.566,4.566,4.566,4.566,0.0,4.566,0
2023-10-30,4.557,4.557,4.557,4.557,0.0,4.557,0
2023-10-31,4.575,4.575,4.575,4.575,0.0,4.575,0
2023-11-01,4.673,4.673,4.673,4.673,0.0,4.673,0
2023-11-02,4.733,4.733,4.733,4.733,0.0,4.733,0
2023-11-03,4.614,4.614,4.614,4.614,0.0,4.614,0
2023-11-06,4.639,4.639,4.639,4.639,0.0,4.639,0
2023-11-07,4.67,4.67,4.67,4.67,0.0,4.67,0
2023-11-08,4.587,4.587,4.587,4.587,0.0,4.587,0
2023-11-09,4.591,4.591,4.591,4.591,0.0,4.591,0
2023-11-10,4.554,4.554,4.554,4.554,0.0,4.554,0
2023-11-13,4.602,4.602,4.602,4.602,0.0,4.602,0
2023-11-14,4.582,4.582,4.582,4.582,0.0,4.582,0
2023-11-15,4.626,4.626,4.626,4.626,0.0,4.626,0
2023-11-16,4.607,4.607,4.607,4.607,0.0,4.607,0
2023-11-17,4.61,4.61,4.61,4.61,0.0,4.61,0
2023-11-20,4.597,4.597,4.597,4.597,0.0,4.597,0
2023-11-21,4.572,4.572,4.572,4.572,0.0,4.572,0
2023-11-22,4.559,4.559,4.559,4.559,0.0,4.559,0
2023-11-23,4.559,4.559,4.559,4.559,0.0,4.559,0
2023-11-24,4.619,4.619,4.619,4.619,0.0,4.619,0
2023-11-27,4.634,4.634,4.634,4.634,0.0,4.634,0
2023-11-28,4.556,4.556,4.556,4.556,0.0,4.556,0
2023-11-29,4.531,4.531,4.531,4.531,0.0,4.531,0
2023-11-30,4.55,4.55,4.55,4.55,0.0,4.55,0
2023-12-01,4.566,4.566,4.566,4.566,0.0,4.566,0
2023-12-04,4.532,4.532,4.532,4.532,0.0,4.532,0
2023-12-05,4.497,4.497,4.497,4.497,0.0,4.497,0
2023-12-06,4.307,4.307,4.307,4.307,0.0,4.307,0
2023-12-07,4.33,4.33,4.33,4.33,0.0,4.33,0
2023-12-08,4.316,4.316,4.316,4.316,0.0,4.316,0
2023-12-11,4.321,4.321,4.321,4.321,0.0,4.321,0
2023-12-12,4.36,4.36,4.36,4.36,0.0,4.36,0
2023-12-13,4.401,4.401,4.401,4.401,0.0,4.401,0
2023-12-14,4.448,4.448,4.448,4.448,0.0,4.448,0
2023-12-15,4.522,4.522,4.522,4.522,0.0,4.522,0
2023-12-18,4.519,4.519,4.519,4.519,0.0,4.519,0
2023-12-19,4.477,4.477,4.477,4.477,0.0,4.477,0
2023-12-20,4.548,4.548,4.548,4.548,0.0,4.548,0
2023-12-21,4.47,4.47,4.47,4.47,0.0,4.47,0
2023-12-22,4.433,4.433,4.433,4.433,0.0,4.433,0
2023-12-26,4.385,4.385,4.385,4.385,0.0,4.385,0
2023-12-27,4.404,4.404,4.404,4.404,0.0,4.404,0
2023-12-28,4.422,4.422,4.422,4.422,0.0,4.422,0
2023-12-29,4.417,4.417,4.417,4.417,0.0,4.417,0
2024-01-02,4.413,4.413,4.413,4.413,0.0,4.413,0
2024-01-03,4.488,4.488,4.488,4.488,0.0,4.488,0
2024-01-04,4.485,4.485,4.485,4.485,0.0,4.485,0
2024-01-05,4.485,4.485,4.485,4.485,0.0,4.485,0
2024-01-08,4.495,4.495,4.495,4.495,0.0,4.495,0
2024-01-09,4.55,4.55,4.55,4.55,0.0,4.55,0
2024-01-10,4.502,4.502,4.502,4.502,0.0,4.502,0
2024-01-11,4.444,4.444,4.444,4.444,0.0,4.444,0
2024-01-12,4.44,4.44,4.44,4.44,0.0,4.44,0
2024-01-15,4.44,4.44,4.44,4.44,0.0,4.44,0
2024-01-16,4.422,4.422,4.422,4.422,0.0,4.422,0
2024-01-17,4.464,4.464,4.464,4.464,0.0,4.464,0
2024-01-18,4.468,4.468,4.468,4.468,0.0,4.468,0
2024-01-19,4.411,4.411,4.411,4.411,0.0,4.411,0
2024-01-22,4.34,4.34,4.34,4.34,0.0,4.34,0
2024-01-23,4.453,4.453,4.453,4.453,0.0,4.453,0
2024-01-24,4.421,4.421,4.421,4.421,0.0,4.421,0
2024-01-25,4.321,4.321,4.321,4.321,0.0,4.321,0
2024-01-26,4.322,4.322,4.322,4.322,0.0,4.322,0
2024-01-29,4.283,4.283,4.283,4.283,0.0,4.283,0
2024-01-30,4.342,4.342,4.342,4.342,0.0,4.342,0
2024-01-31,4.362,4.362,4.362,4.362,0.0,4.362,0
2024-02-01,4.367,4.367,4.367,4.367,0.0,4.367,0
2024-02-02,4.45,4.45,4.45,4.45,0.0,4.45,0
2024-02-05,4.428,4.428,4.428,4.428,0.0,4.428,0
2024-02-06,4.421,4.421,4.421,4.421,0.0,4.421,0
2024-02-07,4.374,4.374,4.374,4.374,0.0,4.374,0
2024-02-08,4.374,4.374,4.374,4.374,0.0,4.374,0
2024-02-09,4.373,4.373,4.373,4.373,0.0,4.373,0
2024-02-12,4.354,4.354,4.354,4.354,0.0,4.354,0
2024-02-13,4.395,4.395,4.395,4.395,0.0,4.395,0
2024-02-14,4.367,4.367,4.367,4.367,0.0,4.367,0
2024-02-15,4.319,4.319,4.319,4.319,0.0,4.319,0
2024-02-16,4.299,4.299,4.299,4.299,0.0,4.299,0
2024-02-19,4.299,4.299,4.299,4.299,0.0,4.299,0
2024-02-20,4.304,4.304,4.304,4.304,0.0,4.304,0
2024-02-21,4.328,4.328,4.328,4.328,0.0,4.328,0
2024-02-22,4.378,4.378,4.378,4.378,0.0,4.378,0
2024-02-23,4.334,4.334,4.334,4.334,0.0,4.334,0
2024-02-26,4.338,4.338,4.338,4.338,0.0,4.338,0
2024-02-27,4.342,4.342,4.342,4.342,0.0,4.342,0
2024-02-28,4.362,4.362,4.362,4.362,0.0,4.362,0
2024-02-29,4.363,4.363,4.363,4.363,0.0,4.363,0
2024-03-01,4.335,4.335,4.335,4.335,0.0,4.335,0
2024-03-04,4.33,4.33,4.33,4.33,0.0,4.33,0
2024-03-05,4.362,4.362,4.362,4.362,0.0,4.362,0
2024-03-06,4.377,4.377,4.377,4.377,0.0,4.377,0
2024-03-07,4.381,4.381,4.381,4.381,0.0,4.381,0
2024-03-08,4.423,4.423,4.423,4.423,0.0,4.423,0
2024-03-11,4.43,4.439,4.43,4.439,1.0,4.43,1
2024-03-12,4.42,4.42,4.42,4.42,0.0,4.42,0
2024-03-13,4.417,4.417,4.417,4.417,0.0,4.417,0
2024-03-14,4.422,4.422,4.422,4.422,0.0,4.422,0
2024-03-15,4.43,4.43,4.413,4.413,1.0,4.43,1
2024-03-18,4.411,4.411,4.411,4.411,0.0,4.411,0
2024-03-19,4.421,4.421,4.421,4.421,0.0,4.421,0
2024-03-20,4.4,4.4,4.4,4.4,0.0,4.4,0
2024-03-21,4.35,4.35,4.35,4.35,0.0,4.35,0
2024-03-22,4.392,4.392,4.392,4.392,0.0,4.392,0
2024-03-25,4.324,4.324,4.324,4.324,0.0,4.324,0
2024-03-26,4.326,4.326,4.326,4.326,0.0,4.326,0
2024-03-27,4.311,4.311,4.311,4.311,0.0,4.311,0
2024-03-28,4.34,4.34,4.34,4.34,0.0,4.34,0
2024-04-01,4.379,4.379,4.379,4.379,0.0,4.379,0
2024-04-02,4.463,4.463,4.463,4.463,0.0,4.463,0
2024-04-03,4.429,4.429,4.429,4.429,0.0,4.429,0
2024-04-04,4.427,4.427,4.427,4.427,0.0,4.427,0
2024-04-05,4.434,4.434,4.434,4.434,0.0,4.434,0
2024-04-08,4.428,4.428,4.428,4.428,0.0,4.428,0
2024-04-09,4.406,4.406,4.406,4.406,0.0,4.406,0
2024-04-10,4.421,4.421,4.421,4.421,0.0,4.421,0
2024-04-11,4.478,4.478,4.478,4.478,0.0,4.478,0
2024-04-12,4.516,4.516,4.516,4.516,0.0,4.516,0
2024-04-15,4.56,4.56,4.56,4.56,0.0,4.56,0
2024-04-16,4.611,4.611,4.611,4.611,0.0,4.611,0
2024-04-17,4.598,4.598,4.598,4.598,0.0,4.598,0
2024-04-18,4.585,4.585,4.585,4.585,0.0,4.585,0
2024-04-19,4.585,4.585,4.585,4.585,0.0,4.585,0
2024-04-22,4.583,4.583,4.583,4.583,0.0,4.583,0
2024-04-23,4.606,4.606,4.606,4.606,0.0,4.606,0
2024-04-24,4.619,4.619,4.619,4.619,0.0,4.619,0
2024-04-25,4.626,4.626,4.626,4.626,0.0,4.626,0
2024-04-26,4.633,4.633,4.633,4.633,0.0,4.633,0
2024-04-29,4.646,4.646,4.646,4.646,0.0,4.646,0
2024-04-30,4.685,4.685,4.668,4.668,1.0,4.685,1
2024-05-01,4.666,4.666,4.666,4.666,0.0,4.666,0
2024-05-02,4.676,4.676,4.676,4.676,0.0,4.676,0
2024-05-03,4.644,4.644,4.644,4.644,0.0,4.644,0
2024-05-06,4.657,4.657,4.657,4.657,0.0,4.657,0
2024-05-07,4.6,4.6,4.6,4.6,0.0,4.6,0
2024-05-08,4.526,4.526,4.526,4.526,0.0,4.526,0
2024-05-09,4.438,4.438,4.438,4.438,0.0,4.438,0
2024-05-10,4.502,4.502,4.502,4.502,0.0,4.502,0
2024-05-13,4.517,4.517,4.517,4.517,0.0,4.517,0
2024-05-14,4.54,4.54,4.54,4.54,0.0,4.54,0
2024-05-15,4.558,4.558,4.558,4.558,0.0,4.558,0
2024-05-16,4.588,4.588,4.588,4.588,0.0,4.588,0
2024-05-17,4.647,4.647,4.647,4.647,0.0,4.647,0
2024-05-20,4.636,4.636,4.636,4.636,0.0,4.636,0
2024-05-21,4.665,4.665,4.665,4.665,0.0,4.665,0
2024-05-22,4.63,4.63,4.63,4.63,0.0,4.63,0
2024-05-23,4.601,4.601,4.601,4.601,0.0,4.601,0
2024-05-24,4.602,4.602,4.602,4.602,0.0,4.602,0
2024-05-27,4.602,4.602,4.602,4.602,0.0,4.602,0
2024-05-28,4.606,4.606,4.606,4.606,0.0,4.606,0
2024-05-29,4.538,4.538,4.538,4.538,0.0,4.538,0
2024-05-30,4.544,4.544,4.544,4.544,0.0,4.544,0
2024-05-31,4.52,4.52,4.52,4.52,0.0,4.52,0
2024-06-03,4.534,4.534,4.534,4.534,0.0,4.534,0
2024-06-04,4.503,4.503,4.503,4.503,0.0,4.503,0
2024-06-05,4.51,4.51,4.474,4.474,1.0,4.51,1
2024-06-06,4.492,4.492,4.492,4.492,0.0,4.492,0
2024-06-07,4.485,4.485,4.485,4.485,0.0,4.485,0
2024-06-10,4.434,4.434,4.434,4.434,0.0,4.434,0
2024-06-11,4.428,4.428,4.428,4.428,0.0,4.428,0
2024-06-12,4.42,4.42,4.42,4.42,0.0,4.42,0
2024-06-13,4.41,4.41,4.41,4.41,0.0,4.41,0
2024-06-14,4.425,4.425,4.425,4.425,0.0,4.425,0
2024-06-17,4.429,4.429,4.429,4.429,0.0,4.429,0
2024-06-18,4.47,4.47,4.47,4.47,0.0,4.47,0
2024-06-19,4.47,4.47,4.47,4.47,0.0,4.47,0
2024-06-20,4.418,4.418,4.418,4.418,0.0,4.418,0
2024-06-21,4.366,4.366,4.366,4.366,0.0,4.366,0
2024-06-24,4.377,4.377,4.377,4.377,0.0,4.377,0
2024-06-25,4.372,4.372,4.372,4.372,0.0,4.372,0
2024-06-26,4.376,4.376,4.376,4.376,0.0,4.376,0
2024-06-27,4.346,4.346,4.346,4.346,0.0,4.346,0
2024-06-28,4.396,4.396,4.396,4.396,0.0,4.396,0
2024-07-01,4.363,4.363,4.363,4.363,0.0,4.363,0
2024-07-02,4.348,4.348,4.348,4.348,0.0,4.348,0
2024-07-03,4.348,4.348,4.348,4.348,0.0,4.348,0
2024-07-04,4.348,4.348,4.348,4.348,0.0,4.348,0
2024-07-05,4.315,4.315,4.315,4.315,0.0,4.315,0
2024-07-08,4.366,4.366,4.366,4.366,0.0,4.366,0
2024-07-09,4.352,4.352,4.352,4.352,0.0,4.352,0
2024-07-10,4.348,4.348,4.348,4.348,0.0,4.348,0
2024-07-11,4.328,4.328,4.328,4.328,0.0,4.328,0
2024-07-12,4.355,4.355,4.355,4.355,0.0,4.355,0
2024-07-15,4.322,4.322,4.322,4.322,0.0,4.322,0
2024-07-16,4.312,4.312,4.312,4.312,0.0,4.312,0
2024-07-17,4.258,4.258,4.258,4.258,0.0,4.258,0
2024-07-18,4.233,4.233,4.233,4.233,0.0,4.233,0
2024-07-19,4.275,4.275,4.275,4.275,0.0,4.275,0
2024-07-22,4.292,4.292,4.292,4.292,0.0,4.292,0
2024-07-23,4.299,4.299,4.299,4.299,0.0,4.299,0
2024-07-24,4.237,4.237,4.237,4.237,0.0,4.237,0
2024-07-25,4.182,4.182,4.182,4.182,0.0,4.182,0
2024-07-26,4.206,4.206,4.206,4.206,0.0,4.206,0
2024-07-29,4.213,4.213,4.213,4.213,0.0,4.213,0
2024-07-30,4.187,4.187,4.187,4.187,0.0,4.187,0
2024-07-31,4.16,4.168,4.16,4.168,6.0,4.16,1
2024-08-01,4.132,4.132,4.132,4.132,0.0,4.132,0
2024-08-02,4.095,4.095,4.095,4.095,0.0,4.095,0
2024-08-05,4.07,4.07,4.065,4.065,1.0,4.07,1
2024-08-06,4.064,4.064,4.064,4.064,0.0,4.064,0
2024-08-07,4.034,4.034,4.034,4.034,0.0,4.034,0
2024-08-08,4.084,4.084,4.084,4.084,0.0,4.084,0
2024-08-09,4.096,4.096,4.096,4.096,0.0,4.096,0
2024-08-12,4.095,4.095,4.095,4.095,0.0,4.095,0
2024-08-13,4.059,4.059,4.059,4.059,0.0,4.059,0
2024-08-14,4.076,4.076,4.076,4.076,0.0,4.076,0
2024-08-15,4.079,4.079,4.079,4.079,0.0,4.079,0
2024-08-16,4.081,4.081,4.081,4.081,0.0,4.081,0
2024-08-19,4.103,4.103,4.103,4.103,0.0,4.103,0
2024-08-20,4.109,4.122,4.109,4.122,1.0,4.109,1
2024-08-21,4.118,4.118,4.118,4.118,0.0,4.118,0
2024-08-22,4.146,4.146,4.146,4.146,0.0,4.146,0
2024-08-23,4.189,4.189,4.189,4.189,0.0,4.189,0
2024-08-26,4.19,4.19,4.19,4.19,0.0,4.19,0
2024-08-27,4.173,4.173,4.173,4.173,0.0,4.173,0
2024-08-28,4.166,4.166,4.166,4.166,0.0,4.166,0
2024-08-29,4.136,4.136,4.136,4.136,0.0,4.136,0
2024-08-30,4.124,4.124,4.124,4.124,0.0,4.124,0
2024-09-02,4.124,4.124,4.124,4.124,0.0,4.124,0
2024-09-03,4.12,4.12,4.12,4.12,0.0,4.12,0
2024-09-04,4.13,4.13,4.13,4.13,0.0,4.13,0
2024-09-05,4.089,4.089,4.089,4.089,0.0,4.089,0
2024-09-06,4.013,4.013,4.013,4.013,0.0,4.013,0
2024-09-09,4.033,4.033,4.033,4.033,0.0,4.033,0
2024-09-10,3.998,3.998,3.998,3.998,0.0,3.998,0
2024-09-11,3.995,3.995,3.995,3.995,0.0,3.995,0
2024-09-12,4.007,4.007,4.007,4.007,0.0,4.007,0
2024-09-13,3.976,3.976,3.976,3.976,0.0,3.976,0
2024-09-16,3.97,3.979,3.97,3.979,1.0,3.97,1
2024-09-17,3.941,3.941,3.941,3.941,0.0,3.941,0
2024-09-18,3.955,3.955,3.955,3.955,0.0,3.955,0
2024-09-19,3.955,3.955,3.955,3.955,0.0,3.955,0
2024-09-20,3.966,3.966,3.966,3.966,0.0,3.966,0
2024-09-23,3.956,3.956,3.956,3.956,0.0,3.956,0
2024-09-24,4.006,4.006,4.006,4.006,0.0,4.006,0
2024-09-25,4.028,4.028,4.028,4.028,0.0,4.028,0
2024-09-26,4.047,4.047,4.047,4.047,0.0,4.047,0
2024-09-27,4.064,4.064,4.064,4.064,0.0,4.064,0
2024-09-30,4.048,4.048,4.048,4.048,0.0,4.048,0
2024-10-01,4.045,4.045,4.045,4.045,0.0,4.045,0
2024-10-02,4.045,4.045,4.021,4.021,1.0,4.045,1
2024-10-03,4.063,4.063,4.063,4.063,0.0,4.063,0
2024-10-04,4.097,4.097,4.097,4.097,0.0,4.097,0
2024-10-07,4.106,4.106,4.106,4.106,0.0,4.106,0
2024-10-08,4.076,4.076,4.076,4.076,0.0,4.076,0
2024-10-09,4.06,4.065,4.056,4.056,2.0,4.0625,2
2024-10-10,4.082,4.082,4.082,4.082,0.0,4.082,0
2024-10-11,4.072,4.072,4.072,4.072,0.0,4.072,0
2024-10-14,4.072,4.072,4.072,4.072,0.0,4.072,0
2024-10-15,4.128,4.128,4.128,4.128,0.0,4.128,0
2024-10-16,4.059,4.059,4.059,4.059,0.0,4.059,0
2024-10-17,4.097,4.097,4.097,4.097,0.0,4.097,0
2024-10-18,4.054,4.054,4.054,4.054,0.0,4.054,0
2024-10-21,4.074,4.074,4.074,4.074,0.0,4.074,0
2024-10-22,4.067,4.067,4.067,4.067,0.0,4.067,0
2024-10-23,4.062,4.062,4.062,4.062,0.0,4.062,0
2024-10-24,4.065,4.065,4.054,4.054,5.0,4.065,1
2024-10-25,4.085,4.085,4.085,4.085,0.0,4.085,0
2024-10-28,4.059,4.059,4.059,4.059,0.0,4.059,0
2024-10-29,4.098,4.098,4.098,4.098,0.0,4.098,0
2024-10-30,4.128,4.128,4.128,4.128,0.0,4.128,0
2024-10-31,4.075,4.075,4.075,4.075,0.0,4.075,0
2024-11-01,4.103,4.103,4.103,4.103,0.0,4.103,0
2024-11-04,4.131,4.131,4.131,4.131,0.0,4.131,0
2024-11-05,4.072,4.072,4.072,4.072,0.0,4.072,0
2024-11-06,4.127,4.127,4.105,4.105,1.0,4.127,1
2024-11-07,4.122,4.122,4.122,4.122,0.0,4.122,0
2024-11-08,4.073,4.073,4.073,4.073,0.0,4.073,0
2024-11-11,4.076,4.076,4.076,4.076,0.0,4.076,0
2024-11-12,4.097,4.097,4.097,4.097,0.0,4.097,0
2024-11-13,4.113,4.113,4.113,4.113,0.0,4.113,0
2024-11-14,4.083,4.083,4.083,4.083,0.0,4.083,0
2024-11-15,4.057,4.057,4.057,4.057,0.0,4.057,0
2024-11-18,4.017,4.017,4.017,4.017,0.0,4.017,0
2024-11-19,4.07,4.07,4.07,4.07,0.0,4.07,0
2024-11-20,4.153,4.153,4.153,4.153,0.0,4.153,0
2024-11-21,4.094,4.094,4.094,4.094,0.0,4.094,0
2024-11-22,4.081,4.081,4.081,4.081,0.0,4.081,0
2024-11-25,4.138,4.138,4.138,4.138,0.0,4.138,0
2024-11-26,4.087,4.087,4.087,4.087,0.0,4.087,0
2024-11-27,4.112,4.112,4.112,4.112,0.0,4.112,0
2024-11-28,4.112,4.112,4.112,4.112,0.0,4.112,0
2024-11-29,4.219,4.219,4.219,4.219,0.0,4.219,0
2024-12-02,4.126,4.126,4.126,4.126,0.0,4.126,0
2024-12-03,4.119,4.119,4.119,4.119,0.0,4.119,0
2024-12-04,4.158,4.158,4.158,4.158,0.0,4.158,0
2024-12-05,4.165,4.166,4.165,4.166,2.0,4.165,1
2024-12-06,4.174,4.174,4.174,4.174,0.0,4.174,0
2024-12-09,4.137,4.137,4.137,4.137,0.0,4.137,0
2024-12-10,4.141,4.141,4.141,4.141,0.0,4.141,0
2024-12-11,4.119,4.119,4.119,4.119,0.0,4.119,0
2024-12-12,4.138,4.138,4.138,4.138,0.0,4.138,0
2024-12-13,4.116,4.116,4.116,4.116,0.0,4.116,0
2024-12-16,4.142,4.142,4.142,4.142,0.0,4.142,0
2024-12-17,4.171,4.171,4.171,4.171,0.0,4.171,0
2024-12-18,4.165,4.165,4.146,4.146,1.0,4.165,1
2024-12-19,4.166,4.166,4.166,4.166,0.0,4.166,0
2024-12-20,4.131,4.131,4.131,4.131,0.0,4.131,0
2024-12-23,4.145,4.145,4.145,4.145,0.0,4.145,0
2024-12-24,4.227,4.227,4.227,4.227,0.0,4.227,0
2024-12-26,4.239,4.239,4.239,4.239,0.0,4.239,0
2024-12-27,4.218,4.218,4.218,4.218,0.0,4.218,0
2024-12-30,4.216,4.216,4.216,4.216,0.0,4.216,0
2024-12-31,4.206,4.206,4.206,4.206,0.0,4.206,0
2025-01-02,4.205,4.205,4.205,4.205,0.0,4.205,0
2025-01-03,4.16,4.16,4.16,4.16,0.0,4.16,0
2025-01-06,4.17,4.17,4.17,4.17,0.0,4.17,0
2025-01-07,4.178,4.178,4.178,4.178,0.0,4.178,0
2025-01-08,4.193,4.193,4.193,4.193,0.0,4.193,0
2025-01-09,4.219,4.219,4.219,4.219,0.0,4.219,0
2025-01-10,4.23,4.23,4.23,4.23,0.0,4.23,0
2025-01-13,4.205,4.205,4.205,4.205,0.0,4.205,0
2025-01-14,4.212,4.212,4.172,4.172,3.0,4.212,1
2025-01-15,4.205,4.205,4.205,4.205,0.0,4.205,0
2025-01-16,4.186,4.186,4.186,4.186,0.0,4.186,0
2025-01-17,4.158,4.158,4.158,4.158,0.0,4.158,0
2025-01-20,4.158,4.158,4.158,4.158,0.0,4.158,0
2025-01-21,4.13,4.13,4.13,4.13,0.0,4.13,0
2025-01-22,4.167,4.167,4.167,4.167,0.0,4.167,0
2025-01-23,4.251,4.251,4.251,4.251,0.0,4.251,0
2025-01-24,4.259,4.259,4.259,4.259,0.0,4.259,0
2025-01-27,4.21,4.21,4.21,4.21,0.0,4.21,0
2025-01-28,4.146,4.146,4.146,4.146,0.0,4.146,0
2025-01-29,4.194,4.194,4.194,4.194,0.0,4.194,0
2025-01-30,4.146,4.146,4.146,4.146,0.0,4.146,0
2025-01-31,4.144,4.144,4.144,4.144,0.0,4.144,0
2025-02-03,4.179,4.179,4.179,4.179,0.0,4.179,0
2025-02-04,4.172,4.172,4.172,4.172,0.0,4.172,0
2025-02-05,4.175,4.175,4.175,4.175,0.0,4.175,0
2025-02-06,4.169,4.169,4.169,4.169,0.0,4.169,0
2025-02-07,4.148,4.148,4.148,4.148,0.0,4.148,0
2025-02-10,4.167,4.167,4.167,4.167,0.0,4.167,0
2025-02-11,4.18,4.187,4.18,4.187,3.0,4.18,1
2025-02-12,4.211,4.211,4.211,4.211,0.0,4.211,0
2025-02-13,4.215,4.215,4.215,4.215,0.0,4.215,0
2025-02-14,4.213,4.213,4.213,4.213,0.0,4.213,0
2025-02-17,4.213,4.213,4.213,4.213,0.0,4.213,0
2025-02-18,4.21,4.21,4.188,4.188,1.0,4.21,1
2025-02-19,4.186,4.186,4.186,4.186,0.0,4.186,0
2025-02-20,4.092,4.092,4.092,4.092,0.0,4.092,0
2025-02-21,4.085,4.085,4.085,4.085,0.0,4.085,0
2025-02-24,4.076,4.076,4.076,4.076,0.0,4.076,0
2025-02-25,4.049,4.049,4.049,4.049,0.0,4.049,0
2025-02-26,4.021,4.021,4.021,4.021,0.0,4.021,0
2025-02-27,4.113,4.113,4.113,4.113,0.0,4.113,0
2025-02-28,4.15,4.15,4.15,4.15,0.0,4.15,0
2025-03-03,4.158,4.158,4.158,4.158,0.0,4.158,0
2025-03-04,4.159,4.159,4.159,4.159,0.0,4.159,0
2025-03-05,4.179,4.179,4.179,4.179,0.0,4.179,0
2025-03-06,4.133,4.133,4.133,4.133,0.0,4.133,0
2025-03-07,4.147,4.147,4.147,4.147,0.0,4.147,0
2025-03-10,4.14,4.14,4.1,4.1,2.0,4.13,2
2025-03-11,4.086,4.086,4.086,4.086,0.0,4.086,0
2025-03-12,4.072,4.072,4.072,4.072,0.0,4.072,0
2025-03-13,4.095,4.095,4.095,4.095,0.0,4.095,0
2025-03-14,4.077,4.077,4.077,4.077,0.0,4.077,0
2025-03-17,4.075,4.075,4.075,4.075,0.0,4.075,0
2025-03-18,4.079,4.079,4.079,4.079,0.0,4.079,0
2025-03-19,4.075,4.076,4.075,4.076,1.0,4.075,1
2025-03-20,4.084,4.084,4.084,4.084,0.0,4.084,0
2025-03-21,4.086,4.086,4.086,4.086,0.0,4.086,0
2025-03-24,4.1,4.1,4.1,4.1,0.0,4.1,0
2025-03-25,4.035,4.035,4.035,4.035,0.0,4.035,0
2025-03-26,4.023,4.023,4.023,4.023,0.0,4.023,0
2025-03-27,4.03,4.03,4.03,4.03,0.0,4.03,0
2025-03-28,4.018,4.018,4.018,4.018,0.0,4.018,0
2025-03-31,4.026,4.026,4.026,4.026,0.0,4.026,0
2025-04-01,4.019,4.019,4.019,4.019,0.0,4.019,0
2025-04-02,4.03,4.041,4.03,4.041,10.0,4.03,3
2025-04-03,4.07,4.07,4.07,4.07,0.0,4.07,0
2025-04-04,4.04,4.051,4.04,4.051,1.0,4.04,1
2025-04-07,4.008,4.008,4.008,4.008,0.0,4.008,0
2025-04-08,4.004,4.004,4.004,4.004,0.0,4.004,0
2025-04-09,3.99,4.065,3.99,4.065,1.0,3.99,1
2025-04-10,3.999,4.031,3.999,4.031,1.0,3.999,1
2025-04-11,4.073,4.073,4.073,4.073,0.0,4.073,0
2025-04-14,4.096,4.096,4.096,4.096,0.0,4.096,0
2025-04-15,4.086,4.086,4.086,4.086,0.0,4.086,0
2025-04-16,4.084,4.084,4.084,4.084,0.0,4.084,0
2025-04-17,4.095,4.095,4.077,4.077,1.0,4.095,1
2025-04-21,4.033,4.033,4.033,4.033,0.0,4.033,0
2025-04-22,4.065,4.065,4.038,4.038,1.0,4.065,1
2025-04-23,4.064,4.064,4.064,4.064,0.0,4.064,0
2025-04-24,4.074,4.074,4.074,4.074,0.0,4.074,0
2025-04-25,4.039,4.039,4.039,4.039,0.0,4.039,0
2025-04-28,4.068,4.068,4.068,4.068,0.0,4.068,0
2025-04-29,4.087,4.087,4.087,4.087,0.0,4.087,0
2025-04-30,4.076,4.076,4.076,4.076,0.0,4.076,0
2025-05-01,4.064,4.064,4.064,4.064,0.0,4.064,0
2025-05-02,4.086,4.086,4.086,4.086,0.0,4.086,0
2025-05-05,4.095,4.095,4.095,4.095,0.0,4.095,0
2025-05-06,4.115,4.115,4.115,4.115,0.0,4.115,0
2025-05-07,4.145,4.145,4.145,4.145,0.0,4.145,0
2025-05-08,4.165,4.165,4.165,4.165,0.0,4.165,0
2025-05-09,4.16,4.197,4.16,4.197,2.0,4.16,2
2025-05-12,4.215,4.215,4.215,4.215,0.0,4.215,0
2025-05-13,4.234,4.234,4.234,4.234,0.0,4.234,0
2025-05-14,4.273,4.273,4.273,4.273,0.0,4.273,0
2025-05-15,4.246,4.246,4.246,4.246,0.0,4.246,0
2025-05-16,4.261,4.261,4.261,4.261,0.0,4.261,0
2025-05-19,4.212,4.212,4.212,4.212,0.0,4.212,0
2025-05-20,4.248,4.248,4.248,4.248,0.0,4.248,0
2025-05-21,4.228,4.228,4.228,4.228,0.0,4.228,0
2025-05-22,4.236,4.236,4.236,4.236,0.0,4.236,0
2025-05-23,4.262,4.262,4.262,4.262,0.0,4.262,0
2025-05-27,4.28,4.285,4.28,4.285,1.0,4.28,1
2025-05-28,4.262,4.262,4.262,4.262,0.0,4.262,0
2025-05-29,4.254,4.254,4.254,4.254,0.0,4.254,0
2025-05-30,4.257,4.257,4.257,4.257,0.0,4.257,0
2025-06-02,4.251,4.251,4.251,4.251,0.0,4.251,0
2025-06-03,4.258,4.258,4.258,4.258,0.0,4.258,0
2025-06-04,4.263,4.263,4.263,4.263,0.0,4.263,0
2025-06-05,4.244,4.244,4.244,4.244,0.0,4.244,0
2025-06-06,4.256,4.256,4.256,4.256,0.0,4.256,0
2025-06-09,4.243,4.243,4.243,4.243,0.0,4.243,0
2025-06-10,4.23,4.23,4.23,4.23,0.0,4.23,0
2025-06-11,4.23,4.239,4.23,4.239,1.0,4.23,1
2025-06-12,4.218,4.218,4.218,4.218,0.0,4.218,0
2025-06-13,4.249,4.249,4.249,4.249,0.0,4.249,0
2025-06-16,4.292,4.292,4.292,4.292,0.0,4.292,0
2025-06-17,4.338,4.338,4.338,4.338,0.0,4.338,0
2025-06-18,4.343,4.343,4.343,4.343,0.0,4.343,0
2025-06-20,4.344,4.344,4.344,4.344,0.0,4.344,0
2025-06-23,4.316,4.316,4.316,4.316,0.0,4.316,0
2025-06-24,4.289,4.289,4.289,4.289,0.0,4.289,0
2025-06-25,4.281,4.281,4.281,4.281,0.0,4.281,0
2025-06-26,4.28,4.285,4.28,4.285,1.0,4.28,1
2025-06-27,4.285,4.308,4.285,4.308,1.0,4.285,1
2025-06-30,4.294,4.294,4.294,4.294,0.0,4.294,0
2025-07-01,4.3,4.3,4.3,4.3,0.0,4.3,0
2025-07-02,4.331,4.331,4.331,4.331,0.0,4.331,0
2025-07-03,4.335,4.335,4.335,4.335,0.0,4.335,0
2025-07-07,4.3,4.35,4.3,4.35,1.0,4.3,1
2025-07-08,4.323,4.323,4.323,4.323,0.0,4.323,0
2025-07-09,4.293,4.293,4.293,4.293,0.0,4.293,0
2025-07-10,4.342,4.342,4.342,4.342,0.0,4.342,0
2025-07-11,4.361,4.361,4.361,4.361,0.0,4.361,0
2025-07-14,4.373,4.373,4.373,4.373,0.0,4.373,0
2025-07-15,4.39,4.39,4.39,4.39,0.0,4.39,0
2025-07-16,4.387,4.387,4.387,4.387,0.0,4.387,0
2025-07-17,4.393,4.393,4.393,4.393,0.0,4.393,0
2025-07-18,4.391,4.391,4.391,4.391,0.0,4.391,0
2025-07-21,4.363,4.363,4.363,4.363,0.0,4.363,0
2025-07-22,4.37,4.37,4.37,4.37,7.0,4.37,2
2025-07-23,4.373,4.373,4.373,4.373,0.0,4.373,0
2025-07-24,4.375,4.375,4.375,4.375,0.0,4.375,0
2025-07-25,4.327,4.327,4.327,4.327,0.0,4.327,0
2025-07-28,4.278,4.278,4.278,4.278,0.0,4.278,0
2025-07-29,4.3,4.3,4.3,4.3,0.0,4.3,0
2025-07-30,4.275,4.281,4.275,4.277,11.0,4.2766,4
2025-07-31,4.303,4.303,4.303,4.303,0.0,4.303,0
2025-08-01,4.251,4.277,4.25,4.277,41.0,4.25,4
2025-08-04,4.292,4.292,4.292,4.292,0.0,4.292,0
2025-08-05,4.292,4.293,4.292,4.293,1.0,4.292,1
2025-08-06,4.275,4.275,4.275,4.275,0.0,4.275,0
2025-08-07,4.275,4.312,4.275,4.312,2.0,4.275,2
2025-08-08,4.28,4.28,4.28,4.28,0.0,4.28,0
2025-08-11,4.283,4.283,4.283,4.283,0.0,4.283,0
2025-08-12,4.24,4.24,4.24,4.24,0.0,4.24,0
2025-08-13,4.251,4.251,4.251,4.251,0.0,4.251,0
2025-08-14,4.243,4.243,4.243,4.243,0.0,4.243,0
2025-08-15,4.248,4.248,4.248,4.248,0.0,4.248,0
2025-08-18,4.305,4.305,4.305,4.305,0.0,4.305,0
2025-08-19,4.305,4.305,4.305,4.305,0.0,4.305,0
2025-08-20,4.313,4.313,4.313,4.313,0.0,4.313,0
2025-08-21,4.333,4.333,4.333,4.333,0.0,4.333,0
2025-08-22,4.333,4.333,4.327,4.327,1.0,4.333,1
2025-08-25,4.304,4.304,4.304,4.304,0.0,4.304,0
2025-08-26,4.322,4.322,4.322,4.322,0.0,4.322,0
2025-08-27,4.297,4.297,4.297,4.297,0.0,4.297,0
2025-08-28,4.296,4.296,4.296,4.296,0.0,4.296,0
2025-08-29,4.309,4.309,4.309,4.309,0.0,4.309,0
2025-09-02,4.296,4.296,4.296,4.296,0.0,4.296,0
2025-09-03,4.282,4.282,4.282,4.282,0.0,4.282,0
2025-09-04,4.258,4.258,4.258,4.258,0.0,4.258,0
2025-09-05,4.245,4.245,4.245,4.245,0.0,4.245,0
2025-09-08,4.25,4.25,4.25,4.25,0.0,4.25,0
2025-09-09,4.25,4.272,4.25,4.272,2.0,4.25,2
2025-09-10,4.263,4.263,4.263,4.263,0.0,4.263,0
2025-09-11,4.228,4.228,4.228,4.228,0.0,4.228,0
2025-09-12,4.243,4.243,4.243,4.243,0.0,4.243,0
2025-09-15,4.267,4.267,4.267,4.267,0.0,4.267,0
2025-09-16,4.3,4.3,4.3,4.3,0.0,4.3,0
2025-09-17,4.294,4.294,4.294,4.294,0.0,4.294,0
2025-09-18,4.288,4.288,4.288,4.288,0.0,4.288,0
2025-09-19,4.308,4.308,4.308,4.308,0.0,4.308,0
2025-09-22,4.312,4.312,4.312,4.312,0.0,4.312,0
2025-09-23,4.326,4.326,4.326,4.326,0.0,4.326,0
2025-09-24,4.347,4.347,4.347,4.347,0.0,4.347,0
2025-09-25,4.34,4.34,4.334,4.334,1.0,4.34,1
2025-09-26,4.31,4.31,4.31,4.31,0.0,4.31,0
2025-09-29,4.301,4.301,4.301,4.301,0.0,4.301,0
2025-09-30,4.301,4.312,4.3,4.312,11.0,4.3009,3
2025-10-01,4.356,4.356,4.356,4.356,0.0,4.356,0
2025-10-02,4.323,4.323,4.323,4.323,0.0,4.323,0
2025-10-03,4.305,4.305,4.304,4.304,1.0,4.305,1
2025-10-06,4.314,4.314,4.314,4.314,0.0,4.314,0
2025-10-07,4.325,4.325,4.325,4.325,0.0,4.325,0
2025-10-08,4.319,4.319,4.319,4.319,0.0,4.319,0
2025-10-09,4.31,4.31,4.31,4.31,0.0,4.31,0
2025-10-10,4.313,4.313,4.313,4.313,0.0,4.313,0
2025-10-13,4.304,4.304,4.304,4.304,0.0,4.304,0
2025-10-14,4.284,4.284,4.284,4.284,0.0,4.284,0
2025-10-15,4.289,4.289,4.289,4.289,0.0,4.289,0
2025-10-16,4.271,4.271,4.271,4.271,0.0,4.271,0
2025-10-17,4.274,4.274,4.274,4.274,0.0,4.274,0
2025-10-20,4.291,4.291,4.291,4.291,0.0,4.291,0
2025-10-21,4.28,4.28,4.28,4.28,0.0,4.28,0
2025-10-22,4.29,4.29,4.29,4.29,0.0,4.29,0
2025-10-23,4.276,4.276,4.276,4.276,0.0,4.276,0
2025-10-24,4.289,4.289,4.289,4.289,0.0,4.289,0
2025-10-27,4.295,4.295,4.295,4.295,0.0,4.295,0
2025-10-28,4.296,4.296,4.296,4.296,0.0,4.296,0
2025-10-29,4.302,4.302,4.302,4.302,0.0,4.302,0
2025-10-30,4.317,4.317,4.317,4.317,0.0,4.317,0
2025-10-31,4.35,4.35,4.35,4.35,0.0,4.35,0
2025-11-03,4.343,4.343,4.343,4.343,0.0,4.343,0
2025-11-04,4.32,4.34,4.32,4.333,2.0,4.33,2
2025-11-05,4.305,4.305,4.305,4.305,0.0,4.305,0
2025-11-06,4.311,4.311,4.311,4.311,0.0,4.311,0
2025-11-07,4.317,4.317,4.317,4.317,0.0,4.317,0
2025-11-10,4.297,4.297,4.297,4.297,0.0,4.297,0
2025-11-11,4.324,4.324,4.324,4.324,0.0,4.324,0
2025-11-12,4.325,4.337,4.32,4.337,14.0,4.3218,2
2025-11-13,4.348,4.348,4.334,4.334,1.0,4.348,1
2025-11-14,4.307,4.307,4.307,4.307,0.0,4.307,0
2025-11-17,4.317,4.325,4.317,4.325,1.0,4.317,1
2025-11-18,4.332,4.332,4.332,4.332,0.0,4.332,0
2025-11-19,4.312,4.318,4.312,4.318,1.0,4.312,1
2025-11-20,4.304,4.304,4.304,4.304,0.0,4.304,0
2025-11-21,4.295,4.295,4.295,4.295,0.0,4.295,0
2025-11-24,4.284,4.284,4.284,4.284,0.0,4.284,0
2025-11-25,4.28,4.28,4.28,4.28,0.0,4.28,0
2025-11-26,4.276,4.276,4.276,4.276,0.0,4.276,0
2025-11-28,4.312,4.312,4.312,4.312,0.0,4.312,0
2025-12-01,4.286,4.286,4.286,4.286,0.0,4.286,0
2025-12-02,4.29,4.29,4.29,4.29,0.0,4.29,0
2025-12-03,4.303,4.303,4.303,4.303,0.0,4.303,0
2025-12-04,4.306,4.306,4.306,4.306,0.0,4.306,0
2025-12-05,4.3,4.3,4.287,4.287,1.0,4.3,1
2025-12-08,4.281,4.281,4.281,4.281,0.0,4.281,0
2025-12-09,4.256,4.256,4.256,4.256,0.0,4.256,0
2025-12-10,4.265,4.265,4.265,4.265,0.0,4.265,0
2025-12-11,4.243,4.243,4.243,4.243,0.0,4.243,0
2025-12-12,4.206,4.206,4.206,4.206,0.0,4.206,0
2025-12-15,4.213,4.213,4.213,4.213,0.0,4.213,0
2025-12-16,4.204,4.204,4.204,4.204,0.0,4.204,0
2025-12-17,4.235,4.235,4.211,4.211,1.0,4.235,1
2025-12-18,4.211,4.211,4.166,4.166,1.0,4.211,1
2025-12-19,4.137,4.137,4.137,4.137,0.0,4.137,0
2025-12-22,4.114,4.114,4.114,4.114,0.0,4.114,0
2025-12-23,4.139,4.139,4.139,4.139,0.0,4.139,0
2025-12-24,4.128,4.128,4.128,4.128,0.0,4.128,0
2025-12-26,4.127,4.127,4.127,4.127,0.0,4.127,0
2025-12-29,4.14,4.148,4.14,4.148,1.0,4.14,1
2025-12-30,4.138,4.138,4.138,4.138,0.0,4.138,0
2025-12-31,4.171,4.171,4.171,4.171,0.0,4.171,0
2026-01-02,4.128,4.128,4.128,4.128,0.0,4.128,0
2026-01-05,4.126,4.126,4.126,4.126,0.0,4.126,0
2026-01-06,4.1,4.118,4.1,4.118,2.0,4.1,1
2026-01-07,4.126,4.126,4.126,4.126,0.0,4.126,0
2026-01-08,4.114,4.114,4.114,4.114,0.0,4.114,0
2026-01-09,4.066,4.066,4.066,4.066,0.0,4.066,0
2026-01-12,4.103,4.103,4.103,4.103,0.0,4.103,0
2026-01-13,4.101,4.101,4.101,4.101,0.0,4.101,0
2026-01-14,4.07,4.07,4.051,4.065,3.0,4.0573,2
2026-01-15,4.089,4.089,4.089,4.089,0.0,4.089,0
2026-01-16,4.08,4.102,4.08,4.102,1.0,4.08,1
2026-01-20,4.095,4.119,4.095,4.119,1.0,4.095,1
2026-01-21,4.121,4.121,4.121,4.121,0.0,4.121,0
2026-01-22,4.11,4.11,4.11,4.11,0.0,4.11,0
2026-01-23,4.079,4.079,4.079,4.079,0.0,4.079,0
2026-01-26,4.065,4.065,4.06,4.062,4.0,4.0622,4
2026-01-27,4.067,4.067,4.043,4.043,1.0,4.067,1
2026-01-28,4.076,4.076,4.076,4.076,0.0,4.076,0
2026-01-29,4.1,4.1,4.091,4.091,3.0,4.1,3
2026-01-30,4.102,4.102,4.102,4.102,0.0,4.102,0
2026-02-02,4.085,4.085,4.07,4.07,1.0,4.085,1
2026-02-03,4.065,4.065,4.065,4.065,0.0,4.065,0
2026-02-04,4.07,4.07,4.07,4.07,0.0,4.07,0
2026-02-05,4.075,4.075,4.07,4.07,1.0,4.075,1
2026-02-06,4.046,4.046,4.046,4.046,0.0,4.046,0
2026-02-09,4.049,4.062,4.049,4.062,1.0,4.049,1
2026-02-10,4.044,4.044,4.032,4.032,1.0,4.044,1
2026-02-11,4.065,4.065,4.065,4.065,0.0,4.065,0
2026-02-12,4.067,4.067,4.067,4.067,0.0,4.067,0
2026-02-13,4.1,4.1,4.1,4.1,0.0,4.1,0
2026-02-17,4.068,4.068,4.068,4.068,0.0,4.068,0
2026-02-18,4.067,4.067,4.067,4.067,0.0,4.067,0
2026-02-19,4.07,4.089,4.07,4.089,98.0,4.0719,9
2026-02-20,4.085,4.118,4.085,4.118,54.0,4.0891,5
2026-02-23,4.109,4.109,4.109,4.109,0.0,4.109,0
2026-02-24,4.107,4.11,4.107,4.11,1.0,4.107,1
2026-02-25,4.13,4.13,4.13,4.13,0.0,4.13,0
2026-02-26,4.142,4.142,4.142,4.142,0.0,4.142,0
2026-02-27,4.155,4.155,4.129,4.129,1.0,4.155,1
2026-03-02,4.12,4.137,4.12,4.137,1.0,4.12,1
2026-03-03,4.144,4.144,4.144,4.144,0.0,4.144,0
2026-03-04,4.149,4.149,4.149,4.149,0.0,4.149,0
2026-03-05,4.167,4.167,4.167,4.167,0.0,4.167,0
2026-03-06,4.2,4.2,4.193,4.193,3.0,4.2,2
2026-03-09,4.195,4.199,4.195,4.199,1.0,4.195,1
2026-03-10,4.195,4.195,4.195,4.195,0.0,4.195,0
2026-03-11,4.205,4.205,4.205,4.205,1.0,4.205,1
2026-03-12,4.221,4.221,4.221,4.221,0.0,4.221,0
2026-03-13,4.251,4.251,4.251,4.251,0.0,4.251,0
2026-03-16,4.232,4.232,4.232,4.232,0.0,4.232,0
2026-03-17,4.232,4.232,4.232,4.232,0.0,4.232,0
2026-03-18,4.23,4.23,4.23,4.23,0.0,4.23,0
2026-03-19,4.242,4.242,4.242,4.242,0.0,4.242,0
2026-03-20,4.242,4.274,4.242,4.274,2.0,4.242,2
2026-03-23,4.274,4.274,4.265,4.265,1.0,4.274,1
2026-03-24,4.272,4.272,4.272,4.272,0.0,4.272,0
2026-03-25,4.273,4.273,4.273,4.273,0.0,4.273,0
2026-03-26,4.283,4.291,4.283,4.291,2.0,4.283,2
2026-03-27,4.314,4.314,4.314,4.314,0.0,4.314,0
2026-03-30,4.285,4.285,4.285,4.285,0.0,4.285,0
2026-03-31,4.285,4.285,4.24,4.24,2.0,4.285,2
2026-04-01,4.249,4.249,4.249,4.249,0.0,4.249,0
2026-04-02,4.249,4.249,4.237,4.237,1.0,4.249,1
2026-04-06,4.264,4.264,4.264,4.264,0.0,4.264,0
2026-04-07,4.324,4.324,4.324,4.324,0.0,4.324,0
2026-04-08,4.248,4.248,4.248,4.248,0.0,4.248,0
2026-04-09,4.26,4.26,4.247,4.247,1.0,4.26,1
2026-04-10,4.24,4.247,4.239,4.239,3.0,4.2433,3
2026-04-13,4.234,4.234,4.234,4.234,0.0,4.234,0
2026-04-14,4.234,4.234,4.232,4.232,1.0,4.234,1
2026-04-15,4.243,4.243,4.243,4.243,0.0,4.243,0
2026-04-16,4.247,4.247,4.247,4.247,0.0,4.247,0
2026-04-17,4.277,4.277,4.277,4.277,0.0,4.277,0
2026-04-20,4.27,4.27,4.25,4.266,9.0,4.2522,2
2026-04-21,4.271,4.271,4.271,4.271,0.0,4.271,0
2026-04-22,4.281,4.281,4.281,4.281,0.0,4.281,0
2026-04-23,4.302,4.302,4.302,4.302,0.0,4.302,0
2026-04-24,4.282,4.282,4.282,4.282,0.0,4.282,0
2026-04-27,4.29,4.29,4.285,4.285,1.0,4.29,1
2026-04-28,4.272,4.272,4.271,4.271,25.0,4.272,1
2026-04-29,4.271,4.296,4.271,4.296,1.0,4.271,1
2026-04-30,4.296,4.303,4.296,4.303,1.0,4.296,1
2026-05-01,4.296,4.296,4.296,4.296,0.0,4.296,0
2026-05-04,4.307,4.307,4.307,4.307,0.0,4.307,0
2026-05-05,4.285,4.293,4.285,4.293,3.0,4.285,1
2026-05-06,4.273,4.273,4.273,4.273,0.0,4.273,0
2026-05-07,4.27,4.279,4.27,4.279,1.0,4.27,1
2026-05-08,4.28,4.28,4.28,4.28,0.0,4.28,0
2026-05-11,4.294,4.294,4.294,4.294,0.0,4.294,0
2026-05-12,4.285,4.285,4.285,4.285,0.0,4.285,0
2026-05-13,4.29,4.29,4.289,4.289,1.0,4.29,1
2026-05-14,4.293,4.293,4.28,4.293,16.0,4.2808,2
2026-05-15,4.293,4.293,4.293,4.293,0.0,4.293,0
2026-05-18,4.295,4.31,4.295,4.31,2.0,4.295,1
2026-05-19,4.313,4.313,4.309,4.309,3.0,4.313,2
2026-05-20,4.302,4.302,4.302,4.302,0.0,4.302,0
2026-05-21,4.304,4.304,4.304,4.304,0.0,4.304,0
2026-05-22,4.304,4.305,4.304,4.305,1.0,4.304,1
2026-05-26,4.305,4.305,4.294,4.294,2.0,4.305,1
2026-05-27,4.302,4.302,4.302,4.302,0.0,4.302,0
2026-05-28,4.316,4.316,4.316,4.316,0.0,4.316,0
2026-05-29,4.308,4.308,4.308,4.308,0.0,4.308,0
2026-06-01,4.331,4.331,4.331,4.331,0.0,4.331,0
2026-06-02,4.331,4.331,4.32,4.32,1.0,4.331,1
2026-06-03,4.326,4.326,4.326,4.326,0.0,4.326,0
2026-06-04,4.329,4.329,4.329,4.329,0.0,4.329,0
2026-06-05,4.321,4.321,4.321,4.321,0.0,4.321,0
2026-06-08,4.345,4.345,4.345,4.345,0.0,4.345,0
2026-06-09,4.336,4.336,4.336,4.336,0.0,4.336,0
2026-06-10,4.339,4.339,4.339,4.339,0.0,4.339,0
2026-06-11,4.341,4.341,4.341,4.341,0.0,4.341,0
2026-06-12,4.333,4.333,4.333,4.333,0.0,4.333,0
2026-06-15,4.334,4.334,4.334,4.334,0.0,4.334,0
2026-06-16,4.339,4.339,4.331,4.331,1.0,4.339,1
2026-06-17,4.352,4.352,4.352,4.352,0.0,4.352,0
2026-06-18,4.325,4.325,4.325,4.325,0.0,4.325,0
2026-06-22,4.341,4.341,4.338,4.338,2.0,4.341,2
2026-06-23,4.333,4.333,4.333,4.333,0.0,4.333,0
2026-06-24,4.345,4.345,4.345,4.345,0.0,4.345,0
2026-06-25,4.333,4.34,4.333,4.333,5.0,4.3386,2
2026-06-26,4.323,4.323,4.323,4.323,0.0,4.323,0
2026-06-29,4.312,4.326,4.312,4.326,1.0,4.312,1
2026-06-30,4.314,4.314,4.314,4.314,0.0,4.314,0
2026-07-01,4.287,4.287,4.287,4.287,0.0,4.287,0
2026-07-02,4.28,4.282,4.28,4.282,1.0,4.28,1
2026-07-06,4.292,4.292,4.292,4.292,0.0,4.292,0
2026-07-07,4.31,4.31,4.31,4.31,0.0,4.31,0
2026-07-08,4.313,4.313,4.313,4.313,0.0,4.313,0
2026-07-09,4.318,4.318,4.295,4.295,1.0,4.318,1
2026-07-10,4.305,4.305,4.295,4.295,10.0,4.305,1
2026-07-13,4.293,4.293,4.293,4.293,0.0,4.293,0
2026-07-14,4.295,4.295,4.295,4.295,0.0,4.295,0
2026-07-15,4.305,4.309,4.303,4.309,3.0,4.3037,2
2026-07-16,4.277,4.277,4.277,4.277,0.0,4.277,0
2026-07-17,4.295,4.295,4.295,4.295,0.0,4.295,0
2026-07-20,4.295,4.295,4.291,4.291,1.0,4.295,1
2026-07-21,4.307,4.307,4.307,4.307,0.0,4.307,0
2026-07-22,4.327,4.335,4.327,4.335,1.0,4.327,1
2026-07-23,4.362,4.362,4.362,4.362,0.0,4.362,0
2026-07-24,4.355,4.364,4.355,4.364,2.0,4.355,2
2026-07-27,4.376,4.376,4.376,4.376,0.0,4.376,0
2026-07-28,4.366,4.366,4.362,4.362,1.0,4.366,1
2026-07-29,4.381,4.381,4.381,4.381,0.0,4.381,0
2026-07-30,4.37,4.375,4.37,4.375,1.0,4.37,1
2026-07-31,4.37,4.377,4.37,4.377,5.0,4.37,2
2026-08-03,4.39,4.4,4.39,4.4,4.0,4.3913,2
2026-08-04,4.39,4.39,4.39,4.39,0.0,4.39,0
2026-08-05,4.37,4.376,4.37,4.376,1.0,4.37,1
2026-08-06,4.35,4.35,4.35,4.35,0.0,4.35,0
2026-08-07,4.359,4.359,4.359,4.359,0.0,4.359,0
2026-08-10,4.356,4.356,4.356,4.356,0.0,4.356,0
2026-08-11,4.359,4.359,4.359,4.359,0.0,4.359,0
2026-08-12,4.349,4.359,4.349,4.359,1.0,4.349,1
2026-08-13,4.368,4.368,4.368,4.368,0.0,4.368,0
2026-08-14,4.346,4.346,4.346,4.346,0.0,4.346,0
