date,open,high,low,close,volume,average,barCount
2017-03-14,3.208,3.208,3.208,3.208,0.0,3.208,0
2017-03-15,3.228,3.228,3.228,3.228,0.0,3.228,0
2017-03-16,3.249,3.249,3.249,3.249,0.0,3.249,0
2017-03-17,3.262,3.262,3.262,3.262,0.0,3.262,0
2017-03-20,3.265,3.265,3.265,3.265,0.0,3.265,0
2017-03-21,3.278,3.278,3.278,3.278,0.0,3.278,0
2017-03-22,3.28,3.28,3.28,3.28,0.0,3.28,0
2017-03-23,3.275,3.275,3.275,3.275,0.0,3.275,0
2017-03-24,3.243,3.243,3.243,3.243,0.0,3.243,0
2017-03-27,3.233,3.233,3.233,3.233,0.0,3.233,0
2017-03-28,3.224,3.224,3.224,3.224,0.0,3.224,0
2017-03-29,3.232,3.232,3.232,3.232,0.0,3.232,0
2017-03-30,3.235,3.235,3.235,3.235,0.0,3.235,0
2017-03-31,3.233,3.233,3.233,3.233,0.0,3.233,0
2017-04-03,3.24,3.24,3.24,3.24,0.0,3.24,0
2017-04-04,3.253,3.253,3.253,3.253,0.0,3.253,0
2017-04-05,3.272,3.272,3.272,3.272,0.0,3.272,0
2017-04-06,3.257,3.257,3.257,3.257,0.0,3.257,0
2017-04-07,3.271,3.271,3.271,3.271,0.0,3.271,0
2017-04-10,3.28,3.28,3.28,3.28,0.0,3.28,0
2017-04-11,3.311,3.311,3.311,3.311,0.0,3.311,0
2017-04-12,3.312,3.312,3.312,3.312,0.0,3.312,0
2017-04-13,3.33,3.33,3.33,3.33,0.0,3.33,0
2017-04-17,3.319,3.319,3.319,3.319,0.0,3.319,0
2017-04-18,3.349,3.349,3.349,3.349,0.0,3.349,0
2017-04-19,3.36,3.36,3.36,3.36,0.0,3.36,0
2017-04-20,3.394,3.394,3.394,3.394,0.0,3.394,0
2017-04-21,3.395,3.395,3.395,3.395,0.0,3.395,0
2017-04-24,3.359,3.359,3.359,3.359,0.0,3.359,0
2017-04-25,3.354,3.354,3.354,3.354,0.0,3.354,0
2017-04-26,3.345,3.345,3.345,3.345,0.0,3.345,0
2017-04-27,3.331,3.331,3.331,3.331,0.0,3.331,0
2017-04-28,3.347,3.347,3.347,3.347,0.0,3.347,0
2017-05-01,3.322,3.322,3.322,3.322,0.0,3.322,0
2017-05-02,3.323,3.323,3.323,3.323,0.0,3.323,0
2017-05-03,3.342,3.342,3.342,3.342,0.0,3.342,0
2017-05-04,3.385,3.385,3.385,3.385,0.0,3.385,0
2017-05-05,3.385,3.385,3.385,3.385,0.0,3.385,0
2017-05-08,3.376,3.376,3.376,3.376,0.0,3.376,0
2017-05-09,3.379,3.379,3.379,3.379,0.0,3.379,0
2017-05-10,3.38,3.38,3.38,3.38,0.0,3.38,0
2017-05-11,3.414,3.414,3.414,3.414,0.0,3.414,0
2017-05-12,3.418,3.418,3.418,3.418,0.0,3.418,0
2017-05-15,3.407,3.407,3.407,3.407,0.0,3.407,0
2017-05-16,3.424,3.424,3.424,3.424,0.0,3.424,0
2017-05-17,3.42,3.42,3.42,3.42,0.0,3.42,0
2017-05-18,3.407,3.407,3.407,3.407,0.0,3.407,0
2017-05-19,3.397,3.397,3.397,3.397,0.0,3.397,0
2017-05-22,3.399,3.399,3.399,3.399,0.0,3.399,0
2017-05-23,3.466,3.466,3.466,3.466,0.0,3.466,0
2017-05-24,3.448,3.448,3.448,3.448,0.0,3.448,0
2017-05-25,3.429,3.429,3.429,3.429,0.0,3.429,0
2017-05-26,3.414,3.414,3.414,3.414,0.0,3.414,0
2017-05-30,3.391,3.391,3.391,3.391,0.0,3.391,0
2017-05-31,3.387,3.387,3.387,3.387,0.0,3.387,0
2017-06-01,3.389,3.389,3.389,3.389,0.0,3.389,0
2017-06-02,3.38,3.38,3.38,3.38,0.0,3.38,0
2017-06-05,3.35,3.35,3.35,3.35,0.0,3.35,0
2017-06-06,3.297,3.297,3.297,3.297,0.0,3.297,0
2017-06-07,3.308,3.308,3.308,3.308,0.0,3.308,0
2017-06-08,3.326,3.326,3.326,3.326,0.0,3.326,0
2017-06-09,3.323,3.323,3.323,3.323,0.0,3.323,0
2017-06-12,3.325,3.325,3.325,3.325,0.0,3.325,0
2017-06-13,3.327,3.327,3.327,3.327,0.0,3.327,0
2017-06-14,3.316,3.316,3.316,3.316,0.0,3.316,0
2017-06-15,3.344,3.344,3.344,3.344,0.0,3.344,0
2017-06-16,3.333,3.333,3.333,3.333,0.0,3.333,0
2017-06-19,3.356,3.356,3.356,3.356,0.0,3.356,0
2017-06-20,3.394,3.394,3.394,3.394,0.0,3.394,0
2017-06-21,3.405,3.405,3.405,3.405,0.0,3.405,0
2017-06-22,3.399,3.399,3.399,3.399,0.0,3.399,0
2017-06-23,3.381,3.381,3.381,3.381,0.0,3.381,0
2017-06-26,3.356,3.356,3.356,3.356,0.0,3.356,0
2017-06-27,3.356,3.356,3.356,3.356,0.0,3.356,0
2017-06-28,3.346,3.346,3.346,3.346,0.0,3.346,0
2017-06-29,3.346,3.346,3.346,3.346,0.0,3.346,0
2017-06-30,3.359,3.359,3.359,3.359,0.0,3.359,0
2017-07-03,3.36,3.36,3.36,3.36,0.0,3.36,0
2017-07-05,3.337,3.337,3.337,3.337,0.0,3.337,0
2017-07-06,3.296,3.296,3.296,3.296,0.0,3.296,0
2017-07-07,3.291,3.291,3.291,3.291,0.0,3.291,0
2017-07-10,3.278,3.278,3.278,3.278,0.0,3.278,0
2017-07-11,3.275,3.275,3.275,3.275,0.0,3.275,0
2017-07-12,3.261,3.261,3.261,3.261,0.0,3.261,0
2017-07-13,3.274,3.274,3.274,3.274,0.0,3.274,0
2017-07-14,3.277,3.277,3.277,3.277,0.0,3.277,0
2017-07-17,3.275,3.275,3.275,3.275,0.0,3.275,0
2017-07-18,3.28,3.28,3.28,3.28,0.0,3.28,0
2017-07-19,3.265,3.265,3.265,3.265,0.0,3.265,0
2017-07-20,3.246,3.246,3.246,3.246,0.0,3.246,0
2017-07-21,3.244,3.244,3.244,3.244,0.0,3.244,0
2017-07-24,3.216,3.216,3.216,3.216,0.0,3.216,0
2017-07-25,3.197,3.197,3.197,3.197,0.0,3.197,0
2017-07-26,3.187,3.187,3.187,3.187,0.0,3.187,0
2017-07-27,3.188,3.188,3.188,3.188,0.0,3.188,0
2017-07-28,3.203,3.203,3.203,3.203,0.0,3.203,0
2017-07-31,3.184,3.184,3.184,3.184,0.0,3.184,0
2017-08-01,3.206,3.206,3.206,3.206,0.0,3.206,0
2017-08-02,3.215,3.215,3.215,3.215,0.0,3.215,0
2017-08-03,3.238,3.238,3.238,3.238,0.0,3.238,0
2017-08-04,3.248,3.248,3.248,3.248,0.0,3.248,0
2017-08-07,3.247,3.247,3.247,3.247,0.0,3.247,0
2017-08-08,3.232,3.232,3.232,3.232,0.0,3.232,0
2017-08-09,3.226,3.226,3.226,3.226,0.0,3.226,0
2017-08-10,3.223,3.223,3.223,3.223,0.0,3.223,0
2017-08-11,3.227,3.227,3.227,3.227,0.0,3.227,0
2017-08-14,3.223,3.223,3.223,3.223,0.0,3.223,0
2017-08-15,3.221,3.221,3.221,3.221,0.0,3.221,0
2017-08-16,3.211,3.211,3.211,3.211,0.0,3.211,0
2017-08-17,3.212,3.212,3.212,3.212,0.0,3.212,0
2017-08-18,3.212,3.212,3.212,3.212,0.0,3.212,0
2017-08-21,3.202,3.202,3.202,3.202,0.0,3.202,0
2017-08-22,3.194,3.194,3.194,3.194,0.0,3.194,0
2017-08-23,3.195,3.195,3.195,3.195,0.0,3.195,0
2017-08-24,3.148,3.148,3.148,3.148,0.0,3.148,0
2017-08-25,3.135,3.135,3.135,3.135,0.0,3.135,0
2017-08-28,3.148,3.148,3.148,3.148,0.0,3.148,0
2017-08-29,3.15,3.15,3.15,3.15,0.0,3.15,0
2017-08-30,3.133,3.133,3.133,3.133,0.0,3.133,0
2017-08-31,3.141,3.141,3.141,3.141,0.0,3.141,0
2017-09-01,3.142,3.142,3.142,3.142,0.0,3.142,0
2017-09-05,3.138,3.138,3.138,3.138,0.0,3.138,0
2017-09-06,3.099,3.099,3.099,3.099,0.0,3.099,0
2017-09-07,3.136,3.136,3.136,3.136,0.0,3.136,0
2017-09-08,3.14,3.14,3.14,3.14,0.0,3.14,0
2017-09-11,3.151,3.151,3.151,3.151,0.0,3.151,0
2017-09-12,3.143,3.143,3.143,3.143,0.0,3.143,0
2017-09-13,3.129,3.129,3.129,3.129,0.0,3.129,0
2017-09-14,3.129,3.129,3.129,3.129,0.0,3.129,0
2017-09-15,3.134,3.134,3.134,3.134,0.0,3.134,0
2017-09-18,3.149,3.149,3.149,3.149,0.0,3.149,0
2017-09-19,3.137,3.137,3.137,3.137,0.0,3.137,0
2017-09-20,3.127,3.127,3.127,3.127,0.0,3.127,0
2017-09-21,3.118,3.118,3.118,3.118,0.0,3.118,0
2017-09-22,3.132,3.132,3.132,3.132,0.0,3.132,0
2017-09-25,3.115,3.115,3.115,3.115,0.0,3.115,0
2017-09-26,3.125,3.125,3.125,3.125,0.0,3.125,0
2017-09-27,3.136,3.136,3.136,3.136,0.0,3.136,0
2017-09-28,3.135,3.135,3.135,3.135,0.0,3.135,0
2017-09-29,3.132,3.132,3.132,3.132,0.0,3.132,0
2017-10-02,3.145,3.145,3.145,3.145,0.0,3.145,0
2017-10-03,3.157,3.157,3.157,3.157,0.0,3.157,0
2017-10-04,3.156,3.156,3.156,3.156,0.0,3.156,0
2017-10-05,3.165,3.165,3.165,3.165,0.0,3.165,0
2017-10-06,3.157,3.157,3.157,3.157,0.0,3.157,0
2017-10-09,3.167,3.167,3.167,3.167,0.0,3.167,0
2017-10-10,3.157,3.157,3.157,3.157,0.0,3.157,0
2017-10-11,3.158,3.158,3.158,3.158,0.0,3.158,0
2017-10-12,3.202,3.202,3.202,3.202,0.0,3.202,0
2017-10-13,3.18,3.18,3.18,3.18,0.0,3.18,0
2017-10-16,3.216,3.216,3.216,3.216,0.0,3.216,0
2017-10-17,3.263,3.263,3.263,3.263,0.0,3.263,0
2017-10-18,3.267,3.267,3.267,3.267,0.0,3.267,0
2017-10-19,3.289,3.289,3.289,3.289,0.0,3.289,0
2017-10-20,3.332,3.332,3.332,3.332,0.0,3.332,0
2017-10-23,3.312,3.312,3.312,3.312,0.0,3.312,0
2017-10-24,3.311,3.311,3.311,3.311,0.0,3.311,0
2017-10-25,3.312,3.312,3.312,3.312,0.0,3.312,0
2017-10-26,3.305,3.305,3.305,3.305,0.0,3.305,0
2017-10-27,3.285,3.285,3.285,3.285,0.0,3.285,0
2017-10-30,3.32,3.32,3.32,3.32,0.0,3.32,0
2017-10-31,3.318,3.318,3.318,3.318,0.0,3.318,0
2017-11-01,3.328,3.328,3.328,3.328,0.0,3.328,0
2017-11-02,3.31,3.31,3.31,3.31,0.0,3.31,0
2017-11-03,3.304,3.304,3.304,3.304,0.0,3.304,0
2017-11-06,3.299,3.299,3.299,3.299,0.0,3.299,0
2017-11-07,3.298,3.298,3.298,3.298,0.0,3.298,0
2017-11-08,3.296,3.296,3.296,3.296,0.0,3.296,0
2017-11-09,3.31,3.31,3.31,3.31,0.0,3.31,0
2017-11-10,3.294,3.294,3.294,3.294,0.0,3.294,0
2017-11-13,3.276,3.276,3.276,3.276,0.0,3.276,0
2017-11-14,3.274,3.274,3.274,3.274,0.0,3.274,0
2017-11-15,3.266,3.266,3.266,3.266,0.0,3.266,0
2017-11-16,3.27,3.27,3.27,3.27,0.0,3.27,0
2017-11-17,3.268,3.268,3.268,3.268,0.0,3.268,0
2017-11-20,3.261,3.261,3.261,3.261,0.0,3.261,0
2017-11-21,3.259,3.259,3.259,3.259,0.0,3.259,0
2017-11-22,3.246,3.246,3.246,3.246,0.0,3.246,0
2017-11-24,3.247,3.247,3.247,3.247,0.0,3.247,0
2017-11-27,3.249,3.249,3.249,3.249,0.0,3.249,0
2017-11-28,3.254,3.254,3.254,3.254,0.0,3.254,0
2017-11-29,3.255,3.255,3.255,3.255,0.0,3.255,0
2017-11-30,3.251,3.251,3.251,3.251,0.0,3.251,0
2017-12-01,3.224,3.224,3.224,3.224,0.0,3.224,0
2017-12-04,3.203,3.203,3.203,3.203,0.0,3.203,0
2017-12-05,3.195,3.195,3.195,3.195,0.0,3.195,0
2017-12-06,3.177,3.177,3.177,3.177,0.0,3.177,0
2017-12-07,3.183,3.183,3.183,3.183,0.0,3.183,0
2017-12-08,3.179,3.179,3.179,3.179,0.0,3.179,0
2017-12-11,3.172,3.172,3.172,3.172,0.0,3.172,0
2017-12-12,3.182,3.182,3.182,3.182,0.0,3.182,0
2017-12-13,3.197,3.197,3.197,3.197,0.0,3.197,0
2017-12-14,3.203,3.203,3.203,3.203,0.0,3.203,0
2017-12-15,3.211,3.211,3.211,3.211,0.0,3.211,0
2017-12-18,3.231,3.231,3.231,3.231,0.0,3.231,0
2017-12-19,3.233,3.233,3.233,3.233,0.0,3.233,0
2017-12-20,3.219,3.219,3.219,3.219,0.0,3.219,0
2017-12-21,3.236,3.236,3.236,3.236,0.0,3.236,0
2017-12-22,3.259,3.259,3.259,3.259,0.0,3.259,0
2017-12-26,3.26,3.26,3.26,3.26,0.0,3.26,0
2017-12-27,3.24,3.24,3.24,3.24,0.0,3.24,0
2017-12-28,3.214,3.214,3.214,3.214,0.0,3.214,0
2017-12-29,3.209,3.209,3.209,3.209,0.0,3.209,0
2018-01-02,3.202,3.202,3.202,3.202,0.0,3.202,0
2018-01-03,3.203,3.203,3.203,3.203,0.0,3.203,0
2018-01-04,3.235,3.235,3.235,3.235,0.0,3.235,0
2018-01-05,3.221,3.221,3.221,3.221,0.0,3.221,0
2018-01-08,3.216,3.216,3.216,3.216,0.0,3.216,0
2018-01-09,3.201,3.201,3.201,3.201,0.0,3.201,0
2018-01-10,3.199,3.199,3.199,3.199,0.0,3.199,0
2018-01-11,3.211,3.211,3.211,3.211,0.0,3.211,0
2018-01-12,3.198,3.198,3.198,3.198,0.0,3.198,0
2018-01-16,3.161,3.161,3.161,3.161,0.0,3.161,0
2018-01-17,3.155,3.155,3.155,3.155,0.0,3.155,0
2018-01-18,3.153,3.153,3.153,3.153,0.0,3.153,0
2018-01-19,3.163,3.163,3.163,3.163,0.0,3.163,0
2018-01-22,3.182,3.182,3.182,3.182,0.0,3.182,0
2018-01-23,3.194,3.194,3.194,3.194,0.0,3.194,0
2018-01-24,3.202,3.202,3.202,3.202,0.0,3.202,0
2018-01-25,3.237,3.237,3.237,3.237,0.0,3.237,0
2018-01-26,3.208,3.208,3.208,3.208,0.0,3.208,0
2018-01-29,3.21,3.21,3.21,3.21,0.0,3.21,0
2018-01-30,3.221,3.221,3.221,3.221,0.0,3.221,0
2018-01-31,3.195,3.195,3.195,3.195,0.0,3.195,0
2018-02-01,3.201,3.201,3.201,3.201,0.0,3.201,0
2018-02-02,3.218,3.218,3.218,3.218,0.0,3.218,0
2018-02-05,3.24,3.24,3.24,3.24,0.0,3.24,0
2018-02-06,3.232,3.232,3.232,3.232,0.0,3.232,0
2018-02-07,3.193,3.193,3.193,3.193,0.0,3.193,0
2018-02-08,3.206,3.206,3.206,3.206,0.0,3.206,0
2018-02-09,3.177,3.177,3.177,3.177,0.0,3.177,0
2018-02-12,3.157,3.157,3.157,3.157,0.0,3.157,0
2018-02-13,3.166,3.166,3.166,3.166,0.0,3.166,0
2018-02-14,3.169,3.169,3.169,3.169,0.0,3.169,0
2018-02-15,3.165,3.165,3.165,3.165,0.0,3.165,0
2018-02-16,3.181,3.181,3.181,3.181,0.0,3.181,0
2018-02-20,3.181,3.181,3.181,3.181,0.0,3.181,0
2018-02-21,3.199,3.199,3.199,3.199,0.0,3.199,0
2018-02-22,3.206,3.206,3.206,3.206,0.0,3.206,0
2018-02-23,3.198,3.198,3.198,3.198,0.0,3.198,0
2018-02-26,3.187,3.187,3.187,3.187,0.0,3.187,0
2018-02-27,3.195,3.195,3.195,3.195,0.0,3.195,0
2018-02-28,3.17,3.17,3.17,3.17,0.0,3.17,0
2018-03-01,3.185,3.185,3.185,3.185,0.0,3.185,0
2018-03-02,3.202,3.202,3.202,3.202,0.0,3.202,0
2018-03-05,3.22,3.22,3.22,3.22,0.0,3.22,0
2018-03-06,3.232,3.232,3.232,3.232,0.0,3.232,0
2018-03-07,3.225,3.225,3.225,3.225,0.0,3.225,0
2018-03-08,3.185,3.185,3.185,3.185,0.0,3.185,0
2018-03-09,3.152,3.152,3.152,3.152,0.0,3.152,0
2018-03-12,3.156,3.156,3.156,3.156,0.0,3.156,0
2018-03-13,3.168,3.168,3.168,3.168,0.0,3.168,0
2018-03-14,3.183,3.183,3.183,3.183,0.0,3.183,0
2018-03-15,3.221,3.221,3.221,3.221,0.0,3.221,0
2018-03-16,3.232,3.232,3.232,3.232,0.0,3.232,0
2018-03-19,3.222,3.222,3.222,3.222,0.0,3.222,0
2018-03-20,3.227,3.227,3.227,3.227,0.0,3.227,0
2018-03-21,3.235,3.235,3.235,3.235,0.0,3.235,0
2018-03-22,3.223,3.223,3.223,3.223,0.0,3.223,0
2018-03-23,3.171,3.171,3.171,3.171,0.0,3.171,0
2018-03-26,3.199,3.199,3.199,3.199,0.0,3.199,0
2018-03-27,3.211,3.211,3.211,3.211,0.0,3.211,0
2018-03-28,3.225,3.225,3.225,3.225,0.0,3.225,0
2018-03-29,3.263,3.263,3.263,3.263,0.0,3.263,0
2018-04-02,3.245,3.245,3.245,3.245,0.0,3.245,0
2018-04-03,3.228,3.228,3.228,3.228,0.0,3.228,0
2018-04-04,3.202,3.202,3.202,3.202,0.0,3.202,0
2018-04-05,3.218,3.218,3.218,3.218,0.0,3.218,0
2018-04-06,3.212,3.212,3.212,3.212,0.0,3.212,0
2018-04-09,3.206,3.206,3.206,3.206,0.0,3.206,0
2018-04-10,3.215,3.215,3.215,3.215,0.0,3.215,0
2018-04-11,3.236,3.236,3.236,3.236,0.0,3.236,0
2018-04-12,3.249,3.249,3.249,3.249,0.0,3.249,0
2018-04-13,3.242,3.242,3.242,3.242,0.0,3.242,0
2018-04-16,3.244,3.244,3.244,3.244,0.0,3.244,0
2018-04-17,3.227,3.227,3.227,3.227,0.0,3.227,0
2018-04-18,3.218,3.218,3.218,3.218,0.0,3.218,0
2018-04-19,3.212,3.212,3.212,3.212,0.0,3.212,0
2018-04-20,3.22,3.22,3.22,3.22,0.0,3.22,0
2018-04-23,3.221,3.221,3.221,3.221,0.0,3.221,0
2018-04-24,3.215,3.215,3.215,3.215,0.0,3.215,0
2018-04-25,3.208,3.208,3.208,3.208,0.0,3.208,0
2018-04-26,3.202,3.202,3.202,3.202,0.0,3.202,0
2018-04-27,3.204,3.204,3.204,3.204,0.0,3.204,0
2018-04-30,3.198,3.198,3.198,3.198,0.0,3.198,0
2018-05-01,3.178,3.178,3.178,3.178,0.0,3.178,0
2018-05-02,3.188,3.188,3.188,3.188,0.0,3.188,0
2018-05-03,3.189,3.189,3.189,3.189,0.0,3.189,0
2018-05-04,3.187,3.187,3.187,3.187,0.0,3.187,0
2018-05-07,3.185,3.185,3.185,3.185,0.0,3.185,0
2018-05-08,3.14,3.14,3.14,3.14,0.0,3.14,0
2018-05-09,3.126,3.126,3.126,3.126,0.0,3.126,0
2018-05-10,3.122,3.122,3.122,3.122,0.0,3.122,0
2018-05-11,3.125,3.125,3.125,3.125,0.0,3.125,0
2018-05-14,3.124,3.124,3.124,3.124,0.0,3.124,0
2018-05-15,3.144,3.144,3.144,3.144,0.0,3.144,0
2018-05-16,3.133,3.133,3.133,3.133,0.0,3.133,0
2018-05-17,3.14,3.14,3.14,3.14,0.0,3.14,0
2018-05-18,3.155,3.155,3.155,3.155,0.0,3.155,0
2018-05-21,3.15,3.15,3.15,3.15,0.0,3.15,0
2018-05-22,3.147,3.147,3.147,3.147,0.0,3.147,0
2018-05-23,3.124,3.124,3.124,3.124,0.0,3.124,0
2018-05-24,3.118,3.118,3.118,3.118,0.0,3.118,0
2018-05-25,3.09,3.09,3.09,3.09,0.0,3.09,0
2018-05-29,3.067,3.067,3.067,3.067,0.0,3.067,0
2018-05-30,3.078,3.078,3.078,3.078,0.0,3.078,0
2018-05-31,3.036,3.036,3.036,3.036,0.0,3.036,0
2018-06-01,3.022,3.022,3.022,3.022,0.0,3.022,0
2018-06-04,3.035,3.035,3.035,3.035,0.0,3.035,0
2018-06-05,3.045,3.045,3.045,3.045,0.0,3.045,0
2018-06-06,3.049,3.049,3.049,3.049,0.0,3.049,0
2018-06-07,3.044,3.044,3.044,3.044,0.0,3.044,0
2018-06-08,3.046,3.046,3.046,3.046,0.0,3.046,0
2018-06-11,3.035,3.035,3.035,3.035,0.0,3.035,0
2018-06-12,3.049,3.049,3.049,3.049,0.0,3.049,0
2018-06-13,3.07,3.07,3.07,3.07,0.0,3.07,0
2018-06-14,3.079,3.079,3.079,3.079,0.0,3.079,0
2018-06-15,3.084,3.084,3.084,3.084,0.0,3.084,0
2018-06-18,3.108,3.108,3.108,3.108,0.0,3.108,0
2018-06-19,3.106,3.106,3.106,3.106,0.0,3.106,0
2018-06-20,3.105,3.105,3.105,3.105,0.0,3.105,0
2018-06-21,3.082,3.082,3.082,3.082,0.0,3.082,0
2018-06-22,3.084,3.084,3.084,3.084,0.0,3.084,0
2018-06-25,3.08,3.08,3.08,3.08,0.0,3.08,0
2018-06-26,3.077,3.077,3.077,3.077,0.0,3.077,0
2018-06-27,3.08,3.08,3.08,3.08,0.0,3.08,0
2018-06-28,3.068,3.068,3.068,3.068,0.0,3.068,0
2018-06-29,3.065,3.065,3.065,3.065,0.0,3.065,0
2018-07-02,3.056,3.056,3.056,3.056,0.0,3.056,0
2018-07-03,3.05,3.05,3.05,3.05,0.0,3.05,0
2018-07-05,3.052,3.052,3.052,3.052,0.0,3.052,0
2018-07-06,3.051,3.051,3.051,3.051,0.0,3.051,0
2018-07-09,3.042,3.042,3.042,3.042,0.0,3.042,0
2018-07-10,3.042,3.042,3.042,3.042,0.0,3.042,0
2018-07-11,3.02,3.02,3.02,3.02,0.0,3.02,0
2018-07-12,3.017,3.017,3.017,3.017,0.0,3.017,0
2018-07-13,3.012,3.012,3.012,3.012,0.0,3.012,0
2018-07-16,2.979,2.979,2.979,2.979,0.0,2.979,0
2018-07-17,2.966,2.966,2.966,2.966,0.0,2.966,0
2018-07-18,2.941,2.941,2.941,2.941,0.0,2.941,0
2018-07-19,2.939,2.939,2.939,2.939,0.0,2.939,0
2018-07-20,2.945,2.945,2.945,2.945,0.0,2.945,0
2018-07-23,2.954,2.954,2.954,2.954,0.0,2.954,0
2018-07-24,2.973,2.973,2.973,2.973,0.0,2.973,0
2018-07-25,3.002,3.002,3.002,3.002,0.0,3.002,0
2018-07-26,2.998,2.998,2.998,2.998,0.0,2.998,0
2018-07-27,3.017,3.017,3.017,3.017,0.0,3.017,0
2018-07-30,3.021,3.021,3.021,3.021,0.0,3.021,0
2018-07-31,3.024,3.024,3.024,3.024,0.0,3.024,0
2018-08-01,2.994,2.994,2.994,2.994,0.0,2.994,0
2018-08-02,2.998,2.998,2.998,2.998,0.0,2.998,0
2018-08-03,2.998,2.998,2.998,2.998,0.0,2.998,0
2018-08-06,2.979,2.979,2.979,2.979,0.0,2.979,0
2018-08-07,3.004,3.004,3.004,3.004,0.0,3.004,0
2018-08-08,3.017,3.017,3.017,3.017,0.0,3.017,0
2018-08-09,3.014,3.014,3.014,3.014,0.0,3.014,0
2018-08-10,3.018,3.018,3.018,3.018,0.0,3.018,0
2018-08-13,3.019,3.019,3.019,3.019,0.0,3.019,0
2018-08-14,3.018,3.018,3.018,3.018,0.0,3.018,0
2018-08-15,3.019,3.019,3.019,3.019,0.0,3.019,0
2018-08-16,3.009,3.009,3.009,3.009,0.0,3.009,0
2018-08-17,3.011,3.011,3.011,3.011,0.0,3.011,0
2018-08-20,3.01,3.01,3.01,3.01,0.0,3.01,0
2018-08-21,3.022,3.022,3.022,3.022,0.0,3.022,0
2018-08-22,3.009,3.009,3.009,3.009,0.0,3.009,0
2018-08-23,3.006,3.006,3.006,3.006,0.0,3.006,0
2018-08-24,2.995,2.995,2.995,2.995,0.0,2.995,0
2018-08-27,2.964,2.964,2.964,2.964,0.0,2.964,0
2018-08-28,2.94,2.94,2.94,2.94,0.0,2.94,0
2018-08-29,2.944,2.944,2.944,2.944,0.0,2.944,0
2018-08-30,2.925,2.925,2.925,2.925,0.0,2.925,0
2018-08-31,2.939,2.939,2.939,2.939,0.0,2.939,0
2018-09-04,2.922,2.922,2.922,2.922,0.0,2.922,0
2018-09-05,2.927,2.927,2.927,2.927,0.0,2.927,0
2018-09-06,2.946,2.946,2.946,2.946,0.0,2.946,0
2018-09-07,2.945,2.945,2.945,2.945,0.0,2.945,0
2018-09-10,2.953,2.953,2.953,2.953,0.0,2.953,0
2018-09-11,2.95,2.95,2.95,2.95,0.0,2.95,0
2018-09-12,2.96,2.96,2.96,2.96,0.0,2.96,0
2018-09-13,2.976,2.976,2.976,2.976,0.0,2.976,0
2018-09-14,2.981,2.981,2.981,2.981,0.0,2.981,0
2018-09-17,2.985,2.985,2.985,2.985,0.0,2.985,0
2018-09-18,2.988,2.988,2.988,2.988,0.0,2.988,0
2018-09-19,2.985,2.985,2.985,2.985,0.0,2.985,0
2018-09-20,2.989,2.989,2.989,2.989,0.0,2.989,0
2018-09-21,2.987,2.987,2.987,2.987,0.0,2.987,0
2018-09-24,2.985,2.985,2.985,2.985,0.0,2.985,0
2018-09-25,2.987,2.987,2.987,2.987,0.0,2.987,0
2018-09-26,2.996,2.996,2.996,2.996,0.0,2.996,0
2018-09-27,2.997,2.997,2.997,2.997,0.0,2.997,0
2018-09-28,2.998,2.998,2.998,2.998,0.0,2.998,0
2018-10-01,3.003,3.003,3.003,3.003,0.0,3.003,0
2018-10-02,3.001,3.001,3.001,3.001,0.0,3.001,0
2018-10-03,3.0,3.0,3.0,3.0,0.0,3.0,0
2018-10-04,3.001,3.001,3.001,3.001,0.0,3.001,0
2018-10-05,3.004,3.004,3.004,3.004,0.0,3.004,0
2018-10-08,3.009,3.009,3.009,3.009,0.0,3.009,0
2018-10-09,3.004,3.004,3.004,3.004,0.0,3.004,0
2018-10-10,3.0,3.0,3.0,3.0,0.0,3.0,0
2018-10-11,3.025,3.025,3.025,3.025,0.0,3.025,0
2018-10-12,3.037,3.037,3.037,3.037,0.0,3.037,0
2018-10-15,3.036,3.036,3.036,3.036,0.0,3.036,0
2018-10-16,3.064,3.064,3.064,3.064,0.0,3.064,0
2018-10-17,3.059,3.059,3.059,3.059,0.0,3.059,0
2018-10-18,3.058,3.058,3.058,3.058,0.0,3.058,0
2018-10-19,3.055,3.055,3.055,3.055,0.0,3.055,0
2018-10-22,3.056,3.056,3.056,3.056,0.0,3.056,0
2018-10-23,3.055,3.055,3.055,3.055,0.0,3.055,0
2018-10-24,3.052,3.052,3.052,3.052,0.0,3.052,0
2018-10-25,3.042,3.042,3.042,3.042,0.0,3.042,0
2018-10-26,3.044,3.044,3.044,3.044,0.0,3.044,0
2018-10-29,3.045,3.045,3.045,3.045,0.0,3.045,0
2018-10-30,3.063,3.063,3.063,3.063,0.0,3.063,0
2018-10-31,3.062,3.062,3.062,3.062,0.0,3.062,0
2018-11-01,3.067,3.067,3.067,3.067,0.0,3.067,0
2018-11-02,3.074,3.074,3.074,3.074,0.0,3.074,0
2018-11-05,3.088,3.088,3.088,3.088,0.0,3.088,0
2018-11-06,3.104,3.104,3.104,3.104,0.0,3.104,0
2018-11-07,3.102,3.102,3.102,3.102,0.0,3.102,0
2018-11-08,3.103,3.103,3.103,3.103,0.0,3.103,0
2018-11-09,3.106,3.106,3.106,3.106,0.0,3.106,0
2018-11-12,3.129,3.129,3.129,3.129,0.0,3.129,0
2018-11-13,3.108,3.108,3.108,3.108,0.0,3.108,0
2018-11-14,3.092,3.092,3.092,3.092,0.0,3.092,0
2018-11-15,3.107,3.107,3.107,3.107,0.0,3.107,0
2018-11-16,3.078,3.078,3.078,3.078,0.0,3.078,0
2018-11-19,3.065,3.065,3.065,3.065,0.0,3.065,0
2018-11-20,3.063,3.063,3.063,3.063,0.0,3.063,0
2018-11-21,3.061,3.061,3.061,3.061,0.0,3.061,0
2018-11-23,3.086,3.086,3.086,3.086,0.0,3.086,0
2018-11-26,3.079,3.079,3.079,3.079,0.0,3.079,0
2018-11-27,3.075,3.075,3.075,3.075,0.0,3.075,0
2018-11-28,3.076,3.076,3.076,3.076,0.0,3.076,0
2018-11-29,3.114,3.114,3.114,3.114,0.0,3.114,0
2018-11-30,3.144,3.144,3.144,3.144,0.0,3.144,0
2018-12-03,3.116,3.116,3.116,3.116,0.0,3.116,0
2018-12-04,3.102,3.102,3.102,3.102,0.0,3.102,0
2018-12-05,3.093,3.093,3.093,3.093,0.0,3.093,0
2018-12-06,3.104,3.104,3.104,3.104,0.0,3.104,0
2018-12-07,3.111,3.111,3.111,3.111,0.0,3.111,0
2018-12-10,3.112,3.112,3.112,3.112,0.0,3.112,0
2018-12-11,3.087,3.087,3.087,3.087,0.0,3.087,0
2018-12-12,3.089,3.089,3.089,3.089,0.0,3.089,0
2018-12-13,3.057,3.057,3.057,3.057,0.0,3.057,0
2018-12-14,3.067,3.067,3.067,3.067,0.0,3.067,0
2018-12-17,3.066,3.066,3.066,3.066,0.0,3.066,0
2018-12-18,3.065,3.065,3.065,3.065,0.0,3.065,0
2018-12-19,3.088,3.088,3.088,3.088,0.0,3.088,0
2018-12-20,3.103,3.103,3.103,3.103,0.0,3.103,0
2018-12-21,3.106,3.106,3.106,3.106,0.0,3.106,0
2018-12-24,3.105,3.105,3.105,3.105,0.0,3.105,0
2018-12-26,3.102,3.102,3.102,3.102,0.0,3.102,0
2018-12-27,3.1,3.1,3.1,3.1,0.0,3.1,0
2018-12-28,3.097,3.097,3.097,3.097,0.0,3.097,0
2018-12-31,3.104,3.104,3.104,3.104,0.0,3.104,0
2019-01-02,3.104,3.104,3.104,3.104,0.0,3.104,0
2019-01-03,3.093,3.093,3.093,3.093,0.0,3.093,0
2019-01-04,3.101,3.101,3.101,3.101,0.0,3.101,0
2019-01-07,3.103,3.103,3.103,3.103,0.0,3.103,0
2019-01-08,3.099,3.099,3.099,3.099,0.0,3.099,0
2019-01-09,3.099,3.099,3.099,3.099,0.0,3.099,0
2019-01-10,3.096,3.096,3.096,3.096,0.0,3.096,0
2019-01-11,3.103,3.103,3.103,3.103,0.0,3.103,0
2019-01-14,3.102,3.102,3.102,3.102,0.0,3.102,0
2019-01-15,3.094,3.094,3.094,3.094,0.0,3.094,0
2019-01-16,3.063,3.063,3.063,3.063,0.0,3.063,0
2019-01-17,3.063,3.063,3.063,3.063,0.0,3.063,0
2019-01-18,3.076,3.076,3.076,3.076,0.0,3.076,0
2019-01-22,3.089,3.089,3.089,3.089,0.0,3.089,0
2019-01-23,3.069,3.069,3.069,3.069,0.0,3.069,0
2019-01-24,3.048,3.048,3.048,3.048,0.0,3.048,0
2019-01-25,3.093,3.093,3.093,3.093,0.0,3.093,0
2019-01-28,3.077,3.077,3.077,3.077,0.0,3.077,0
2019-01-29,3.08,3.08,3.08,3.08,0.0,3.08,0
2019-01-30,3.082,3.082,3.082,3.082,0.0,3.082,0
2019-01-31,3.083,3.083,3.083,3.083,0.0,3.083,0
2019-02-01,3.084,3.084,3.084,3.084,0.0,3.084,0
2019-02-04,3.071,3.071,3.071,3.071,0.0,3.071,0
2019-02-05,3.113,3.113,3.113,3.113,0.0,3.113,0
2019-02-06,3.11,3.11,3.11,3.11,0.0,3.11,0
2019-02-07,3.106,3.106,3.106,3.106,0.0,3.106,0
2019-02-08,3.108,3.108,3.108,3.108,0.0,3.108,0
2019-02-11,3.113,3.113,3.113,3.113,0.0,3.113,0
2019-02-12,3.121,3.121,3.121,3.121,0.0,3.121,0
2019-02-13,3.122,3.122,3.122,3.122,0.0,3.122,0
2019-02-14,3.126,3.126,3.126,3.126,0.0,3.126,0
2019-02-15,3.106,3.106,3.106,3.106,0.0,3.106,0
2019-02-19,3.097,3.097,3.097,3.097,0.0,3.097,0
2019-02-20,3.109,3.109,3.109,3.109,0.0,3.109,0
2019-02-21,3.096,3.096,3.096,3.096,0.0,3.096,0
2019-02-22,3.093,3.093,3.093,3.093,0.0,3.093,0
2019-02-25,3.085,3.085,3.085,3.085,0.0,3.085,0
2019-02-26,3.067,3.067,3.067,3.067,0.0,3.067,0
2019-02-27,3.103,3.103,3.103,3.103,0.0,3.103,0
2019-02-28,3.114,3.114,3.114,3.114,0.0,3.114,0
2019-03-01,3.113,3.113,3.113,3.113,0.0,3.113,0
2019-03-04,3.109,3.109,3.109,3.109,0.0,3.109,0
2019-03-05,3.107,3.107,3.107,3.107,0.0,3.107,0
2019-03-06,3.11,3.11,3.11,3.11,0.0,3.11,0
2019-03-07,3.115,3.115,3.115,3.115,0.0,3.115,0
2019-03-08,3.115,3.115,3.115,3.115,0.0,3.115,0
2019-03-11,3.142,3.142,3.142,3.142,0.0,3.142,0
2019-03-12,3.157,3.157,3.157,3.157,0.0,3.157,0
2019-03-13,3.166,3.166,3.166,3.166,0.0,3.166,0
2019-03-14,3.174,3.174,3.174,3.174,0.0,3.174,0
2019-03-15,3.175,3.175,3.175,3.175,0.0,3.175,0
2019-03-18,3.175,3.175,3.175,3.175,0.0,3.175,0
2019-03-19,3.176,3.176,3.176,3.176,0.0,3.176,0
2019-03-20,3.174,3.174,3.174,3.174,0.0,3.174,0
2019-03-21,3.184,3.184,3.184,3.184,0.0,3.184,0
2019-03-22,3.174,3.174,3.174,3.174,0.0,3.174,0
2019-03-25,3.173,3.173,3.173,3.173,0.0,3.173,0
2019-03-26,3.175,3.175,3.175,3.175,0.0,3.175,0
2019-03-27,3.166,3.166,3.166,3.166,0.0,3.166,0
2019-03-28,3.169,3.169,3.169,3.169,0.0,3.169,0
2019-03-29,3.168,3.168,3.168,3.168,0.0,3.168,0
2019-04-01,3.167,3.167,3.167,3.167,0.0,3.167,0
2019-04-02,3.174,3.174,3.174,3.174,0.0,3.174,0
2019-04-03,3.177,3.177,3.177,3.177,0.0,3.177,0
2019-04-04,3.185,3.185,3.185,3.185,0.0,3.185,0
2019-04-05,3.18,3.18,3.18,3.18,0.0,3.18,0
2019-04-08,3.183,3.183,3.183,3.183,0.0,3.183,0
2019-04-09,3.19,3.19,3.19,3.19,0.0,3.19,0
2019-04-10,3.168,3.168,3.168,3.168,0.0,3.168,0
2019-04-11,3.166,3.166,3.166,3.166,0.0,3.166,0
2019-04-12,3.166,3.166,3.166,3.166,0.0,3.166,0
2019-04-15,3.166,3.166,3.166,3.166,0.0,3.166,0
2019-04-16,3.167,3.167,3.167,3.167,0.0,3.167,0
2019-04-17,3.157,3.157,3.157,3.157,0.0,3.157,0
2019-04-18,3.142,3.142,3.142,3.142,0.0,3.142,0
2019-04-22,3.13,3.13,3.13,3.13,0.0,3.13,0
2019-04-23,3.125,3.125,3.125,3.125,0.0,3.125,0
2019-04-24,3.135,3.135,3.135,3.135,0.0,3.135,0
2019-04-25,3.145,3.145,3.145,3.145,0.0,3.145,0
2019-04-26,3.142,3.142,3.142,3.142,0.0,3.142,0
2019-04-29,3.149,3.149,3.149,3.149,0.0,3.149,0
2019-04-30,3.154,3.154,3.154,3.154,0.0,3.154,0
2019-05-01,3.156,3.156,3.156,3.156,0.0,3.156,0
2019-05-02,3.153,3.153,3.153,3.153,0.0,3.153,0
2019-05-03,3.153,3.153,3.153,3.153,0.0,3.153,0
2019-05-06,3.156,3.156,3.156,3.156,0.0,3.156,0
2019-05-07,3.156,3.156,3.156,3.156,0.0,3.156,0
2019-05-08,3.15,3.15,3.15,3.15,0.0,3.15,0
2019-05-09,3.157,3.157,3.157,3.157,0.0,3.157,0
2019-05-10,3.148,3.148,3.148,3.148,0.0,3.148,0
2019-05-13,3.151,3.151,3.151,3.151,0.0,3.151,0
2019-05-14,3.162,3.162,3.162,3.162,0.0,3.162,0
2019-05-15,3.159,3.159,3.159,3.159,0.0,3.159,0
2019-05-16,3.155,3.155,3.155,3.155,0.0,3.155,0
2019-05-17,3.159,3.159,3.159,3.159,0.0,3.159,0
2019-05-20,3.164,3.164,3.164,3.164,0.0,3.164,0
2019-05-21,3.167,3.167,3.167,3.167,0.0,3.167,0
2019-05-22,3.125,3.125,3.125,3.125,0.0,3.125,0
2019-05-23,3.137,3.137,3.137,3.137,0.0,3.137,0
2019-05-24,3.147,3.147,3.147,3.147,0.0,3.147,0
2019-05-28,3.155,3.155,3.155,3.155,0.0,3.155,0
2019-05-29,3.136,3.136,3.136,3.136,0.0,3.136,0
2019-05-30,3.134,3.134,3.134,3.134,0.0,3.134,0
2019-05-31,3.132,3.132,3.132,3.132,0.0,3.132,0
2019-06-03,3.12,3.12,3.12,3.12,0.0,3.12,0
2019-06-04,3.125,3.125,3.125,3.125,0.0,3.125,0
2019-06-05,3.113,3.113,3.113,3.113,0.0,3.113,0
2019-06-06,3.129,3.129,3.129,3.129,0.0,3.129,0
2019-06-07,3.13,3.13,3.13,3.13,0.0,3.13,0
2019-06-10,3.119,3.119,3.119,3.119,0.0,3.119,0
2019-06-11,3.119,3.119,3.119,3.119,0.0,3.119,0
2019-06-12,3.116,3.116,3.116,3.116,0.0,3.116,0
2019-06-13,3.117,3.117,3.117,3.117,0.0,3.117,0
2019-06-14,3.122,3.122,3.122,3.122,0.0,3.122,0
2019-06-17,3.125,3.125,3.125,3.125,0.0,3.125,0
2019-06-18,3.108,3.108,3.108,3.108,0.0,3.108,0
2019-06-19,3.109,3.109,3.109,3.109,0.0,3.109,0
2019-06-20,3.113,3.113,3.113,3.113,0.0,3.113,0
2019-06-21,3.128,3.128,3.128,3.128,0.0,3.128,0
2019-06-24,3.128,3.128,3.128,3.128,0.0,3.128,0
2019-06-25,3.127,3.127,3.127,3.127,0.0,3.127,0
2019-06-26,3.119,3.119,3.119,3.119,0.0,3.119,0
2019-06-27,3.115,3.115,3.115,3.115,0.0,3.115,0
2019-06-28,3.087,3.087,3.087,3.087,0.0,3.087,0
2019-07-01,3.08,3.08,3.08,3.08,0.0,3.08,0
2019-07-02,3.076,3.076,3.076,3.076,0.0,3.076,0
2019-07-03,3.072,3.072,3.072,3.072,0.0,3.072,0
2019-07-05,3.098,3.098,3.098,3.098,0.0,3.098,0
2019-07-08,3.094,3.094,3.094,3.094,0.0,3.094,0
2019-07-09,3.116,3.116,3.116,3.116,0.0,3.116,0
2019-07-10,3.108,3.108,3.108,3.108,0.0,3.108,0
2019-07-11,3.116,3.116,3.116,3.116,0.0,3.116,0
2019-07-12,3.124,3.124,3.124,3.124,0.0,3.124,0
2019-07-15,3.129,3.129,3.129,3.129,0.0,3.129,0
2019-07-16,3.105,3.105,3.105,3.105,0.0,3.105,0
2019-07-17,3.102,3.102,3.102,3.102,0.0,3.102,0
2019-07-18,3.121,3.121,3.121,3.121,0.0,3.121,0
2019-07-19,3.114,3.114,3.114,3.114,0.0,3.114,0
2019-07-22,3.077,3.077,3.077,3.077,0.0,3.077,0
2019-07-23,3.084,3.084,3.084,3.084,0.0,3.084,0
2019-07-24,3.077,3.077,3.077,3.077,0.0,3.077,0
2019-07-25,3.078,3.078,3.078,3.078,0.0,3.078,0
2019-07-26,3.064,3.064,3.064,3.064,0.0,3.064,0
2019-07-29,3.053,3.053,3.053,3.053,0.0,3.053,0
2019-07-30,3.056,3.056,3.056,3.056,0.0,3.056,0
2019-07-31,3.062,3.062,3.062,3.062,0.0,3.062,0
2019-08-01,3.065,3.065,3.065,3.065,0.0,3.065,0
2019-08-02,3.052,3.052,3.052,3.052,0.0,3.052,0
2019-08-05,3.05,3.05,3.05,3.05,0.0,3.05,0
2019-08-06,3.051,3.051,3.051,3.051,0.0,3.051,0
2019-08-07,3.056,3.056,3.056,3.056,0.0,3.056,0
2019-08-08,3.04,3.04,3.04,3.04,0.0,3.04,0
2019-08-09,3.016,3.016,3.016,3.016,0.0,3.016,0
2019-08-12,3.005,3.005,3.005,3.005,0.0,3.005,0
2019-08-13,2.986,2.986,2.986,2.986,0.0,2.986,0
2019-08-14,2.959,2.959,2.959,2.959,0.0,2.959,0
2019-08-15,2.959,2.959,2.959,2.959,0.0,2.959,0
2019-08-16,2.931,2.931,2.931,2.931,0.0,2.931,0
2019-08-19,2.933,2.933,2.933,2.933,0.0,2.933,0
2019-08-20,2.923,2.923,2.923,2.923,0.0,2.923,0
2019-08-21,2.924,2.924,2.924,2.924,0.0,2.924,0
2019-08-22,2.913,2.913,2.913,2.913,0.0,2.913,0
2019-08-23,2.943,2.943,2.943,2.943,0.0,2.943,0
2019-08-26,2.95,2.95,2.95,2.95,0.0,2.95,0
2019-08-27,2.965,2.965,2.965,2.965,0.0,2.965,0
2019-08-28,2.984,2.984,2.984,2.984,0.0,2.984,0
2019-08-29,2.986,2.986,2.986,2.986,0.0,2.986,0
2019-08-30,2.948,2.948,2.948,2.948,0.0,2.948,0
2019-09-03,2.958,2.958,2.958,2.958,0.0,2.958,0
2019-09-04,2.929,2.929,2.929,2.929,0.0,2.929,0
2019-09-05,2.936,2.936,2.936,2.936,0.0,2.936,0
2019-09-06,2.923,2.923,2.923,2.923,0.0,2.923,0
2019-09-09,2.887,2.887,2.887,2.887,0.0,2.887,0
2019-09-10,2.891,2.891,2.891,2.891,0.0,2.891,0
2019-09-11,2.896,2.896,2.896,2.896,0.0,2.896,0
2019-09-12,2.901,2.901,2.901,2.901,0.0,2.901,0
2019-09-13,2.866,2.866,2.866,2.866,0.0,2.866,0
2019-09-16,2.896,2.896,2.896,2.896,0.0,2.896,0
2019-09-17,2.86,2.86,2.86,2.86,0.0,2.86,0
2019-09-18,2.873,2.873,2.873,2.873,0.0,2.873,0
2019-09-19,2.867,2.867,2.867,2.867,0.0,2.867,0
2019-09-20,2.878,2.878,2.878,2.878,0.0,2.878,0
2019-09-23,2.875,2.875,2.875,2.875,0.0,2.875,0
2019-09-24,2.859,2.859,2.859,2.859,0.0,2.859,0
2019-09-25,2.858,2.858,2.858,2.858,0.0,2.858,0
2019-09-26,2.859,2.859,2.859,2.859,0.0,2.859,0
2019-09-27,2.848,2.848,2.848,2.848,0.0,2.848,0
2019-09-30,2.895,2.895,2.895,2.895,0.0,2.895,0
2019-10-01,2.844,2.844,2.844,2.844,0.0,2.844,0
2019-10-02,2.862,2.862,2.862,2.862,0.0,2.862,0
2019-10-03,2.847,2.847,2.847,2.847,0.0,2.847,0
2019-10-04,2.837,2.837,2.837,2.837,0.0,2.837,0
2019-10-07,2.841,2.841,2.841,2.841,0.0,2.841,0
2019-10-08,2.817,2.817,2.817,2.817,0.0,2.817,0
2019-10-09,2.828,2.828,2.828,2.828,0.0,2.828,0
2019-10-10,2.829,2.829,2.829,2.829,0.0,2.829,0
2019-10-11,2.84,2.84,2.84,2.84,0.0,2.84,0
2019-10-14,2.855,2.855,2.855,2.855,0.0,2.855,0
2019-10-15,2.861,2.861,2.861,2.861,0.0,2.861,0
2019-10-16,2.863,2.863,2.863,2.863,0.0,2.863,0
2019-10-17,2.86,2.86,2.86,2.86,0.0,2.86,0
2019-10-18,2.855,2.855,2.855,2.855,0.0,2.855,0
2019-10-21,2.85,2.85,2.85,2.85,0.0,2.85,0
2019-10-22,2.854,2.854,2.854,2.854,0.0,2.854,0
2019-10-23,2.848,2.848,2.848,2.848,0.0,2.848,0
2019-10-24,2.852,2.852,2.852,2.852,0.0,2.852,0
2019-10-25,2.85,2.85,2.85,2.85,0.0,2.85,0
2019-10-28,2.859,2.859,2.859,2.859,0.0,2.859,0
2019-10-29,2.875,2.875,2.875,2.875,0.0,2.875,0
2019-10-30,2.882,2.882,2.882,2.882,0.0,2.882,0
2019-10-31,2.88,2.88,2.88,2.88,0.0,2.88,0
2019-11-01,2.889,2.889,2.889,2.889,0.0,2.889,0
2019-11-04,2.85,2.85,2.85,2.85,0.0,2.85,0
2019-11-05,2.839,2.839,2.839,2.839,0.0,2.839,0
2019-11-06,2.84,2.84,2.84,2.84,0.0,2.84,0
2019-11-07,2.817,2.817,2.817,2.817,0.0,2.817,0
2019-11-08,2.824,2.824,2.824,2.824,0.0,2.824,0
2019-11-11,2.815,2.815,2.815,2.815,0.0,2.815,0
2019-11-12,2.795,2.795,2.795,2.795,0.0,2.795,0
2019-11-13,2.776,2.776,2.776,2.776,0.0,2.776,0
2019-11-14,2.778,2.778,2.778,2.778,0.0,2.778,0
2019-11-15,2.776,2.776,2.776,2.776,0.0,2.776,0
2019-11-18,2.78,2.78,2.78,2.78,0.0,2.78,0
2019-11-19,2.782,2.782,2.782,2.782,0.0,2.782,0
2019-11-20,2.791,2.791,2.791,2.791,0.0,2.791,0
2019-11-21,2.798,2.798,2.798,2.798,0.0,2.798,0
2019-11-22,2.798,2.798,2.798,2.798,0.0,2.798,0
2019-11-25,2.785,2.785,2.785,2.785,0.0,2.785,0
2019-11-26,2.779,2.779,2.779,2.779,0.0,2.779,0
2019-11-27,2.783,2.783,2.783,2.783,0.0,2.783,0
2019-11-29,2.741,2.741,2.741,2.741,0.0,2.741,0
2019-12-02,2.767,2.767,2.767,2.767,0.0,2.767,0
2019-12-03,2.776,2.776,2.776,2.776,0.0,2.776,0
2019-12-04,2.775,2.775,2.775,2.775,0.0,2.775,0
2019-12-05,2.767,2.767,2.767,2.767,0.0,2.767,0
2019-12-06,2.74,2.74,2.74,2.74,0.0,2.74,0
2019-12-09,2.76,2.76,2.729,2.729,1.0,2.76,1
2019-12-10,2.738,2.738,2.738,2.738,0.0,2.738,0
2019-12-11,2.735,2.735,2.735,2.735,0.0,2.735,0
2019-12-12,2.74,2.74,2.74,2.74,0.0,2.74,0
2019-12-13,2.723,2.723,2.723,2.723,0.0,2.723,0
2019-12-16,2.732,2.732,2.732,2.732,0.0,2.732,0
2019-12-17,2.734,2.734,2.734,2.734,0.0,2.734,0
2019-12-18,2.705,2.705,2.705,2.705,0.0,2.705,0
2019-12-19,2.679,2.679,2.679,2.679,0.0,2.679,0
2019-12-20,2.67,2.67,2.67,2.67,0.0,2.67,0
2019-12-23,2.677,2.677,2.677,2.677,0.0,2.677,0
2019-12-24,2.675,2.675,2.675,2.675,0.0,2.675,0
2019-12-26,2.663,2.663,2.663,2.663,0.0,2.663,0
2019-12-27,2.661,2.661,2.661,2.661,0.0,2.661,0
2019-12-30,2.658,2.658,2.658,2.658,0.0,2.658,0
2019-12-31,2.667,2.667,2.667,2.667,0.0,2.667,0
2020-01-02,2.662,2.662,2.662,2.662,0.0,2.662,0
2020-01-03,2.662,2.662,2.662,2.662,0.0,2.662,0
2020-01-06,2.666,2.666,2.666,2.666,0.0,2.666,0
2020-01-07,2.673,2.673,2.673,2.673,0.0,2.673,0
2020-01-08,2.676,2.676,2.676,2.676,0.0,2.676,0
2020-01-09,2.687,2.687,2.687,2.687,0.0,2.687,0
2020-01-10,2.689,2.689,2.689,2.689,0.0,2.689,0
2020-01-13,2.689,2.689,2.689,2.689,0.0,2.689,0
2020-01-14,2.688,2.688,2.688,2.688,0.0,2.688,0
2020-01-15,2.687,2.687,2.687,2.687,0.0,2.687,0
2020-01-16,2.694,2.694,2.694,2.694,0.0,2.694,0
2020-01-17,2.704,2.704,2.704,2.704,0.0,2.704,0
2020-01-21,2.694,2.694,2.694,2.694,0.0,2.694,0
2020-01-22,2.675,2.675,2.675,2.675,0.0,2.675,0
2020-01-23,2.667,2.667,2.667,2.667,0.0,2.667,0
2020-01-24,2.675,2.675,2.675,2.675,0.0,2.675,0
2020-01-27,2.634,2.634,2.634,2.634,0.0,2.634,0
2020-01-28,2.644,2.644,2.644,2.644,0.0,2.644,0
2020-01-29,2.634,2.634,2.634,2.634,0.0,2.634,0
2020-01-30,2.629,2.629,2.629,2.629,0.0,2.629,0
2020-01-31,2.63,2.63,2.63,2.63,0.0,2.63,0
2020-02-03,2.625,2.625,2.625,2.625,0.0,2.625,0
2020-02-04,2.621,2.621,2.621,2.621,0.0,2.621,0
2020-02-05,2.598,2.598,2.598,2.598,0.0,2.598,0
2020-02-06,2.602,2.602,2.602,2.602,0.0,2.602,0
2020-02-07,2.62,2.62,2.62,2.62,0.0,2.62,0
2020-02-10,2.612,2.612,2.612,2.612,0.0,2.612,0
2020-02-11,2.612,2.612,2.612,2.612,0.0,2.612,0
2020-02-12,2.619,2.619,2.619,2.619,0.0,2.619,0
2020-02-13,2.609,2.609,2.609,2.609,0.0,2.609,0
2020-02-14,2.605,2.605,2.605,2.605,0.0,2.605,0
2020-02-18,2.584,2.584,2.584,2.584,0.0,2.584,0
2020-02-19,2.6,2.6,2.6,2.6,0.0,2.6,0
2020-02-20,2.595,2.595,2.595,2.595,0.0,2.595,0
2020-02-21,2.625,2.625,2.625,2.625,0.0,2.625,0
2020-02-24,2.631,2.631,2.631,2.631,0.0,2.631,0
2020-02-25,2.634,2.634,2.634,2.634,0.0,2.634,0
2020-02-26,2.657,2.657,2.657,2.657,0.0,2.657,0
2020-02-27,2.647,2.647,2.647,2.647,0.0,2.647,0
2020-02-28,2.667,2.667,2.667,2.667,0.0,2.667,0
2020-03-02,2.707,2.707,2.707,2.707,0.0,2.707,0
2020-03-03,2.703,2.703,2.703,2.703,0.0,2.703,0
2020-03-04,2.692,2.692,2.692,2.692,0.0,2.692,0
2020-03-05,2.667,2.667,2.667,2.667,0.0,2.667,0
2020-03-06,2.68,2.68,2.68,2.68,0.0,2.68,0
2020-03-09,2.717,2.717,2.717,2.717,0.0,2.717,0
2020-03-10,2.717,2.717,2.717,2.717,0.0,2.717,0
2020-03-11,2.679,2.679,2.679,2.679,0.0,2.679,0
2020-03-12,2.629,2.629,2.629,2.629,0.0,2.629,0
2020-03-13,2.62,2.62,2.62,2.62,0.0,2.62,0
2020-03-16,2.609,2.609,2.609,2.609,0.0,2.609,0
2020-03-17,2.638,2.638,2.638,2.638,0.0,2.638,0
2020-03-18,2.644,2.644,2.644,2.644,0.0,2.644,0
2020-03-19,2.657,2.657,2.657,2.657,0.0,2.657,0
2020-03-20,2.651,2.651,2.651,2.651,0.0,2.651,0
2020-03-23,2.646,2.646,2.646,2.646,0.0,2.646,0
2020-03-24,2.627,2.627,2.627,2.627,0.0,2.627,0
2020-03-25,2.622,2.622,2.622,2.622,0.0,2.622,0
2020-03-26,2.588,2.588,2.588,2.588,0.0,2.588,0
2020-03-27,2.61,2.61,2.61,2.61,0.0,2.61,0
2020-03-30,2.618,2.618,2.618,2.618,0.0,2.618,0
2020-03-31,2.606,2.606,2.606,2.606,0.0,2.606,0
2020-04-01,2.576,2.576,2.576,2.576,0.0,2.576,0
2020-04-02,2.562,2.562,2.562,2.562,0.0,2.562,0
2020-04-03,2.546,2.546,2.546,2.546,0.0,2.546,0
2020-04-06,2.562,2.562,2.562,2.562,0.0,2.562,0
2020-04-07,2.556,2.556,2.556,2.556,0.0,2.556,0
2020-04-08,2.573,2.573,2.573,2.573,0.0,2.573,0
2020-04-09,2.59,2.59,2.59,2.59,0.0,2.59,0
2020-04-13,2.618,2.618,2.618,2.618,0.0,2.618,0
2020-04-14,2.6,2.6,2.6,2.6,0.0,2.6,0
2020-04-15,2.569,2.569,2.569,2.569,0.0,2.569,0
2020-04-16,2.574,2.574,2.574,2.574,0.0,2.574,0
2020-04-17,2.58,2.58,2.58,2.58,0.0,2.58,0
2020-04-20,2.598,2.598,2.598,2.598,0.0,2.598,0
2020-04-21,2.581,2.581,2.581,2.581,0.0,2.581,0
2020-04-22,2.609,2.609,2.609,2.609,0.0,2.609,0
2020-04-23,2.563,2.563,2.563,2.563,0.0,2.563,0
2020-04-24,2.561,2.561,2.561,2.561,0.0,2.561,0
2020-04-27,2.587,2.587,2.587,2.587,0.0,2.587,0
2020-04-28,2.579,2.579,2.579,2.579,0.0,2.579,0
2020-04-29,2.574,2.574,2.574,2.574,0.0,2.574,0
2020-04-30,2.549,2.549,2.549,2.549,0.0,2.549,0
2020-05-01,2.532,2.532,2.532,2.532,0.0,2.532,0
2020-05-04,2.523,2.523,2.523,2.523,0.0,2.523,0
2020-05-05,2.51,2.51,2.51,2.51,0.0,2.51,0
2020-05-06,2.549,2.549,2.549,2.549,0.0,2.549,0
2020-05-07,2.531,2.531,2.531,2.531,0.0,2.531,0
2020-05-08,2.54,2.54,2.54,2.54,0.0,2.54,0
2020-05-11,2.527,2.527,2.527,2.527,0.0,2.527,0
2020-05-12,2.531,2.531,2.531,2.531,0.0,2.531,0
2020-05-13,2.521,2.521,2.506,2.506,34.0,2.521,1
2020-05-14,2.48,2.48,2.48,2.48,0.0,2.48,0
2020-05-15,2.511,2.511,2.511,2.511,0.0,2.511,0
2020-05-18,2.529,2.529,2.529,2.529,0.0,2.529,0
2020-05-19,2.526,2.526,2.526,2.526,0.0,2.526,0
2020-05-20,2.493,2.493,2.493,2.493,0.0,2.493,0
2020-05-21,2.484,2.484,2.484,2.484,0.0,2.484,0
2020-05-22,2.522,2.522,2.522,2.522,0.0,2.522,0
2020-05-26,2.517,2.517,2.517,2.517,0.0,2.517,0
2020-05-27,2.553,2.553,2.553,2.553,0.0,2.553,0
2020-05-28,2.545,2.545,2.545,2.545,0.0,2.545,0
2020-05-29,2.539,2.539,2.539,2.539,0.0,2.539,0
2020-06-01,2.516,2.516,2.516,2.516,0.0,2.516,0
2020-06-02,2.521,2.521,2.521,2.521,0.0,2.521,0
2020-06-03,2.508,2.508,2.508,2.508,0.0,2.508,0
2020-06-04,2.517,2.517,2.517,2.517,0.0,2.517,0
2020-06-05,2.511,2.511,2.511,2.511,0.0,2.511,0
2020-06-08,2.525,2.525,2.525,2.525,0.0,2.525,0
2020-06-09,2.533,2.533,2.533,2.533,0.0,2.533,0
2020-06-10,2.519,2.519,2.519,2.519,0.0,2.519,0
2020-06-11,2.514,2.514,2.514,2.514,0.0,2.514,0
2020-06-12,2.503,2.503,2.503,2.503,0.0,2.503,0
2020-06-15,2.53,2.53,2.53,2.53,0.0,2.53,0
2020-06-16,2.524,2.524,2.524,2.524,0.0,2.524,0
2020-06-17,2.519,2.519,2.519,2.519,0.0,2.519,0
2020-06-18,2.53,2.53,2.53,2.53,0.0,2.53,0
2020-06-19,2.513,2.513,2.513,2.513,0.0,2.513,0
2020-06-22,2.501,2.501,2.501,2.501,0.0,2.501,0
2020-06-23,2.5,2.5,2.5,2.5,0.0,2.5,0
2020-06-24,2.501,2.501,2.501,2.501,0.0,2.501,0
2020-06-25,2.519,2.519,2.519,2.519,0.0,2.519,0
2020-06-26,2.541,2.541,2.541,2.541,0.0,2.541,0
2020-06-29,2.539,2.539,2.539,2.539,0.0,2.539,0
2020-06-30,2.539,2.539,2.539,2.539,0.0,2.539,0
2020-07-01,2.552,2.552,2.552,2.552,0.0,2.552,0
2020-07-02,2.584,2.584,2.584,2.584,0.0,2.584,0
2020-07-06,2.563,2.563,2.563,2.563,0.0,2.563,0
2020-07-07,2.556,2.556,2.556,2.556,0.0,2.556,0
2020-07-08,2.584,2.584,2.584,2.584,0.0,2.584,0
2020-07-09,2.574,2.574,2.574,2.574,0.0,2.574,0
2020-07-10,2.57,2.57,2.57,2.57,0.0,2.57,0
2020-07-13,2.566,2.566,2.566,2.566,0.0,2.566,0
2020-07-14,2.565,2.565,2.565,2.565,0.0,2.565,0
2020-07-15,2.575,2.575,2.575,2.575,0.0,2.575,0
2020-07-16,2.568,2.568,2.568,2.568,0.0,2.568,0
2020-07-17,2.565,2.565,2.565,2.565,0.0,2.565,0
2020-07-20,2.556,2.556,2.556,2.556,0.0,2.556,0
2020-07-21,2.57,2.57,2.57,2.57,0.0,2.57,0
2020-07-22,2.579,2.579,2.579,2.579,0.0,2.579,0
2020-07-23,2.643,2.643,2.643,2.643,0.0,2.643,0
2020-07-24,2.692,2.692,2.692,2.692,0.0,2.692,0
2020-07-27,2.749,2.749,2.749,2.749,0.0,2.749,0
2020-07-28,2.746,2.746,2.746,2.746,0.0,2.746,0
2020-07-29,2.751,2.751,2.751,2.751,0.0,2.751,0
2020-07-30,2.758,2.758,2.758,2.758,0.0,2.758,0
2020-07-31,2.776,2.776,2.776,2.776,0.0,2.776,0
2020-08-03,2.774,2.774,2.774,2.774,0.0,2.774,0
2020-08-04,2.768,2.768,2.768,2.768,0.0,2.768,0
2020-08-05,2.802,2.802,2.802,2.802,0.0,2.802,0
2020-08-06,2.827,2.827,2.827,2.827,0.0,2.827,0
2020-08-07,2.859,2.859,2.859,2.859,0.0,2.859,0
2020-08-10,2.827,2.827,2.827,2.827,0.0,2.827,0
2020-08-11,2.742,2.742,2.742,2.742,0.0,2.742,0
2020-08-12,2.719,2.719,2.719,2.719,0.0,2.719,0
2020-08-13,2.739,2.739,2.739,2.739,0.0,2.739,0
2020-08-14,2.73,2.73,2.73,2.73,0.0,2.73,0
2020-08-17,2.73,2.73,2.73,2.73,0.0,2.73,0
2020-08-18,2.725,2.725,2.725,2.725,0.0,2.725,0
2020-08-19,2.72,2.72,2.72,2.72,0.0,2.72,0
2020-08-20,2.718,2.718,2.718,2.718,0.0,2.718,0
2020-08-21,2.713,2.713,2.713,2.713,0.0,2.713,0
2020-08-24,2.708,2.708,2.708,2.708,0.0,2.708,0
2020-08-25,2.701,2.701,2.701,2.701,0.0,2.701,0
2020-08-26,2.729,2.729,2.729,2.729,0.0,2.729,0
2020-08-27,2.738,2.738,2.738,2.738,0.0,2.738,0
2020-08-28,2.726,2.726,2.726,2.726,0.0,2.726,0
2020-08-31,2.7,2.7,2.7,2.7,0.0,2.7,0
2020-09-01,2.698,2.698,2.698,2.698,0.0,2.698,0
2020-09-02,2.692,2.692,2.692,2.692,0.0,2.692,0
2020-09-03,2.689,2.689,2.689,2.689,0.0,2.689,0
2020-09-04,2.674,2.674,2.674,2.674,0.0,2.674,0
2020-09-08,2.675,2.675,2.675,2.675,0.0,2.675,0
2020-09-09,2.661,2.661,2.661,2.661,0.0,2.661,0
2020-09-10,2.643,2.643,2.643,2.643,0.0,2.643,0
2020-09-11,2.62,2.62,2.62,2.62,0.0,2.62,0
2020-09-14,2.608,2.608,2.608,2.608,0.0,2.608,0
2020-09-15,2.615,2.615,2.615,2.615,0.0,2.615,0
2020-09-16,2.613,2.613,2.613,2.613,0.0,2.613,0
2020-09-17,2.601,2.601,2.601,2.601,0.0,2.601,0
2020-09-18,2.622,2.622,2.622,2.622,0.0,2.622,0
2020-09-21,2.593,2.593,2.593,2.593,0.0,2.593,0
2020-09-22,2.62,2.62,2.62,2.62,0.0,2.62,0
2020-09-23,2.66,2.66,2.66,2.66,0.0,2.66,0
2020-09-24,2.67,2.67,2.67,2.67,0.0,2.67,0
2020-09-25,2.682,2.682,2.682,2.682,0.0,2.682,0
2020-09-28,2.69,2.69,2.69,2.69,0.0,2.69,0
2020-09-29,2.661,2.661,2.661,2.661,0.0,2.661,0
2020-09-30,2.642,2.642,2.642,2.642,0.0,2.642,0
2020-10-01,2.622,2.622,2.622,2.622,0.0,2.622,0
2020-10-02,2.611,2.611,2.611,2.611,0.0,2.611,0
2020-10-05,2.589,2.589,2.589,2.589,0.0,2.589,0
2020-10-06,2.596,2.596,2.596,2.596,0.0,2.596,0
2020-10-07,2.619,2.619,2.619,2.619,0.0,2.619,0
2020-10-08,2.594,2.594,2.594,2.594,0.0,2.594,0
2020-10-09,2.624,2.624,2.624,2.624,0.0,2.624,0
2020-10-12,2.61,2.61,2.61,2.61,0.0,2.61,0
2020-10-13,2.59,2.59,2.59,2.59,0.0,2.59,0
2020-10-14,2.617,2.617,2.617,2.617,0.0,2.617,0
2020-10-15,2.613,2.613,2.613,2.613,0.0,2.613,0
2020-10-16,2.616,2.616,2.616,2.616,0.0,2.616,0
2020-10-19,2.659,2.659,2.659,2.659,0.0,2.659,0
2020-10-20,2.6,2.6,2.6,2.6,0.0,2.6,0
2020-10-21,2.621,2.621,2.621,2.621,0.0,2.621,0
2020-10-22,2.623,2.623,2.623,2.623,0.0,2.623,0
2020-10-23,2.586,2.586,2.586,2.586,0.0,2.586,0
2020-10-26,2.554,2.554,2.554,2.554,0.0,2.554,0
2020-10-27,2.608,2.608,2.608,2.608,0.0,2.608,0
2020-10-28,2.635,2.635,2.635,2.635,0.0,2.635,0
2020-10-29,2.647,2.647,2.647,2.647,0.0,2.647,0
2020-10-30,2.664,2.664,2.664,2.664,0.0,2.664,0
2020-11-02,2.652,2.652,2.652,2.652,0.0,2.652,0
2020-11-03,2.692,2.692,2.692,2.692,0.0,2.692,0
2020-11-04,2.689,2.689,2.689,2.689,0.0,2.689,0
2020-11-05,2.684,2.684,2.684,2.684,0.0,2.684,0
2020-11-06,2.674,2.674,2.674,2.674,0.0,2.674,0
2020-11-09,2.67,2.67,2.67,2.67,0.0,2.67,0
2020-11-10,2.68,2.68,2.68,2.68,0.0,2.68,0
2020-11-11,2.695,2.695,2.695,2.695,0.0,2.695,0
2020-11-12,2.692,2.692,2.692,2.692,0.0,2.692,0
2020-11-13,2.657,2.657,2.657,2.657,0.0,2.657,0
2020-11-16,2.654,2.654,2.654,2.654,0.0,2.654,0
2020-11-17,2.671,2.671,2.671,2.671,0.0,2.671,0
2020-11-18,2.695,2.695,2.695,2.695,0.0,2.695,0
2020-11-19,2.695,2.695,2.695,2.695,0.0,2.695,0
2020-11-20,2.688,2.688,2.688,2.688,0.0,2.688,0
2020-11-23,2.682,2.682,2.682,2.682,0.0,2.682,0
2020-11-24,2.684,2.684,2.684,2.684,0.0,2.684,0
2020-11-25,2.667,2.667,2.667,2.667,0.0,2.667,0
2020-11-27,2.663,2.663,2.663,2.663,0.0,2.663,0
2020-11-30,2.649,2.649,2.649,2.649,0.0,2.649,0
2020-12-01,2.703,2.703,2.703,2.703,0.0,2.703,0
2020-12-02,2.728,2.728,2.728,2.728,0.0,2.728,0
2020-12-03,2.7,2.7,2.7,2.7,0.0,2.7,0
2020-12-04,2.723,2.723,2.723,2.723,0.0,2.723,0
2020-12-07,2.694,2.694,2.694,2.694,0.0,2.694,0
2020-12-08,2.682,2.682,2.682,2.682,0.0,2.682,0
2020-12-09,2.695,2.695,2.695,2.695,0.0,2.695,0
2020-12-10,2.7,2.7,2.7,2.7,0.0,2.7,0
2020-12-11,2.714,2.714,2.714,2.714,0.0,2.714,0
2020-12-14,2.713,2.713,2.713,2.713,0.0,2.713,0
2020-12-15,2.698,2.698,2.698,2.698,0.0,2.698,0
2020-12-16,2.71,2.71,2.71,2.71,0.0,2.71,0
2020-12-17,2.698,2.698,2.698,2.698,0.0,2.698,0
2020-12-18,2.712,2.712,2.712,2.712,0.0,2.712,0
2020-12-21,2.683,2.683,2.683,2.683,0.0,2.683,0
2020-12-22,2.703,2.703,2.703,2.703,0.0,2.703,0
2020-12-23,2.693,2.693,2.693,2.693,0.0,2.693,0
2020-12-24,2.705,2.705,2.705,2.705,0.0,2.705,0
2020-12-28,2.624,2.624,2.624,2.624,0.0,2.624,0
2020-12-29,2.688,2.688,2.688,2.688,0.0,2.688,0
2020-12-30,2.659,2.659,2.659,2.659,0.0,2.659,0
2020-12-31,2.686,2.686,2.686,2.686,0.0,2.686,0
2021-01-04,2.694,2.694,2.694,2.694,0.0,2.694,0
2021-01-05,2.709,2.709,2.709,2.709,0.0,2.709,0
2021-01-06,2.742,2.742,2.742,2.742,0.0,2.742,0
2021-01-07,2.71,2.71,2.71,2.71,0.0,2.71,0
2021-01-08,2.694,2.694,2.694,2.694,0.0,2.694,0
2021-01-11,2.697,2.697,2.697,2.697,0.0,2.697,0
2021-01-12,2.71,2.71,2.71,2.71,0.0,2.71,0
2021-01-13,2.731,2.731,2.731,2.731,0.0,2.731,0
2021-01-14,2.679,2.679,2.679,2.679,0.0,2.679,0
2021-01-15,2.715,2.715,2.715,2.715,0.0,2.715,0
2021-01-19,2.705,2.705,2.705,2.705,0.0,2.705,0
2021-01-20,2.719,2.719,2.719,2.719,0.0,2.719,0
2021-01-21,2.722,2.722,2.722,2.722,0.0,2.722,0
2021-01-22,2.737,2.737,2.737,2.737,0.0,2.737,0
2021-01-25,2.694,2.694,2.694,2.694,0.0,2.694,0
2021-01-26,2.723,2.723,2.723,2.723,0.0,2.723,0
2021-01-27,2.738,2.738,2.738,2.738,0.0,2.738,0
2021-01-28,2.737,2.737,2.737,2.737,0.0,2.737,0
2021-01-29,2.743,2.743,2.743,2.743,0.0,2.743,0
2021-02-01,2.747,2.747,2.747,2.747,0.0,2.747,0
2021-02-02,2.743,2.743,2.743,2.743,0.0,2.743,0
2021-02-03,2.724,2.724,2.724,2.724,0.0,2.724,0
2021-02-04,2.7,2.7,2.7,2.7,0.0,2.7,0
2021-02-05,2.709,2.709,2.709,2.709,0.0,2.709,0
2021-02-08,2.729,2.729,2.729,2.729,0.0,2.729,0
2021-02-09,2.729,2.729,2.729,2.729,0.0,2.729,0
2021-02-10,2.734,2.734,2.734,2.734,0.0,2.734,0
2021-02-11,2.721,2.721,2.721,2.721,0.0,2.721,0
2021-02-12,2.715,2.715,2.715,2.715,0.0,2.715,0
2021-02-16,2.732,2.732,2.732,2.732,0.0,2.732,0
2021-02-17,2.727,2.727,2.727,2.727,0.0,2.727,0
2021-02-18,2.717,2.717,2.717,2.717,0.0,2.717,0
2021-02-19,2.713,2.713,2.713,2.713,0.0,2.713,0
2021-02-22,2.715,2.715,2.715,2.715,0.0,2.715,0
2021-02-23,2.72,2.72,2.72,2.72,0.0,2.72,0
2021-02-24,2.714,2.714,2.714,2.714,0.0,2.714,0
2021-02-25,2.668,2.668,2.668,2.668,0.0,2.668,0
2021-02-26,2.681,2.681,2.681,2.681,0.0,2.681,0
2021-03-01,2.699,2.699,2.699,2.699,0.0,2.699,0
2021-03-02,2.708,2.708,2.708,2.708,0.0,2.708,0
2021-03-03,2.683,2.683,2.683,2.683,0.0,2.683,0
2021-03-04,2.658,2.658,2.658,2.658,0.0,2.658,0
2021-03-05,2.664,2.664,2.664,2.664,0.0,2.664,0
2021-03-08,2.682,2.682,2.682,2.682,0.0,2.682,0
2021-03-09,2.689,2.689,2.689,2.689,0.0,2.689,0
2021-03-10,2.701,2.701,2.701,2.701,0.0,2.701,0
2021-03-11,2.684,2.684,2.684,2.684,0.0,2.684,0
2021-03-12,2.696,2.696,2.696,2.696,0.0,2.696,0
2021-03-15,2.669,2.669,2.669,2.669,0.0,2.669,0
2021-03-16,2.698,2.698,2.698,2.698,0.0,2.698,0
2021-03-17,2.679,2.679,2.679,2.679,0.0,2.679,0
2021-03-18,2.686,2.686,2.686,2.686,0.0,2.686,0
2021-03-19,2.692,2.692,2.692,2.692,0.0,2.692,0
2021-03-22,2.688,2.688,2.688,2.688,0.0,2.688,0
2021-03-23,2.702,2.702,2.702,2.702,0.0,2.702,0
2021-03-24,2.705,2.705,2.705,2.705,0.0,2.705,0
2021-03-25,2.705,2.705,2.705,2.705,0.0,2.705,0
2021-03-26,2.693,2.693,2.693,2.693,0.0,2.693,0
2021-03-29,2.707,2.707,2.707,2.707,0.0,2.707,0
2021-03-30,2.718,2.718,2.718,2.718,0.0,2.718,0
2021-03-31,2.734,2.734,2.734,2.734,0.0,2.734,0
2021-04-01,2.749,2.749,2.749,2.749,0.0,2.749,0
2021-04-05,2.736,2.736,2.736,2.736,0.0,2.736,0
2021-04-06,2.728,2.728,2.728,2.728,0.0,2.728,0
2021-04-07,2.731,2.731,2.731,2.731,0.0,2.731,0
2021-04-08,2.721,2.731,2.721,2.731,3.0,2.721,1
2021-04-09,2.765,2.765,2.765,2.765,0.0,2.765,0
2021-04-12,2.774,2.774,2.774,2.774,0.0,2.774,0
2021-04-13,2.757,2.757,2.757,2.757,0.0,2.757,0
2021-04-14,2.766,2.766,2.766,2.766,0.0,2.766,0
2021-04-15,2.772,2.772,2.772,2.772,0.0,2.772,0
2021-04-16,2.785,2.785,2.785,2.785,0.0,2.785,0
2021-04-19,2.779,2.779,2.779,2.779,0.0,2.779,0
2021-04-20,2.754,2.754,2.754,2.754,0.0,2.754,0
2021-04-21,2.738,2.738,2.738,2.738,0.0,2.738,0
2021-04-22,2.719,2.719,2.719,2.719,0.0,2.719,0
2021-04-23,2.727,2.727,2.727,2.727,0.0,2.727,0
2021-04-26,2.713,2.713,2.713,2.713,0.0,2.713,0
2021-04-27,2.724,2.724,2.724,2.724,0.0,2.724,0
2021-04-28,2.726,2.726,2.726,2.726,0.0,2.726,0
2021-04-29,2.728,2.728,2.728,2.728,0.0,2.728,0
2021-04-30,2.743,2.743,2.743,2.743,0.0,2.743,0
2021-05-03,2.746,2.746,2.746,2.746,0.0,2.746,0
2021-05-04,2.755,2.755,2.755,2.755,0.0,2.755,0
2021-05-05,2.757,2.757,2.757,2.757,0.0,2.757,0
2021-05-06,2.747,2.747,2.747,2.747,0.0,2.747,0
2021-05-07,2.754,2.754,2.754,2.754,0.0,2.754,0
2021-05-10,2.757,2.757,2.757,2.757,0.0,2.757,0
2021-05-11,2.754,2.754,2.754,2.754,0.0,2.754,0
2021-05-12,2.753,2.753,2.753,2.753,0.0,2.753,0
2021-05-13,2.743,2.743,2.743,2.743,0.0,2.743,0
2021-05-14,2.749,2.749,2.749,2.749,0.0,2.749,0
2021-05-17,2.753,2.753,2.753,2.753,0.0,2.753,0
2021-05-18,2.732,2.732,2.732,2.732,0.0,2.732,0
2021-05-19,2.736,2.736,2.736,2.736,0.0,2.736,0
2021-05-20,2.741,2.741,2.741,2.741,0.0,2.741,0
2021-05-21,2.753,2.753,2.753,2.753,0.0,2.753,0
2021-05-24,2.747,2.747,2.747,2.747,0.0,2.747,0
2021-05-25,2.758,2.758,2.758,2.758,0.0,2.758,0
2021-05-26,2.747,2.747,2.747,2.747,0.0,2.747,0
2021-05-27,2.744,2.744,2.744,2.744,0.0,2.744,0
2021-05-28,2.754,2.754,2.754,2.754,0.0,2.754,0
2021-06-01,2.756,2.756,2.756,2.756,0.0,2.756,0
2021-06-02,2.766,2.766,2.766,2.766,0.0,2.766,0
2021-06-03,2.758,2.758,2.758,2.758,0.0,2.758,0
2021-06-04,2.809,2.809,2.809,2.809,0.0,2.809,0
2021-06-07,2.78,2.78,2.78,2.78,0.0,2.78,0
2021-06-08,2.761,2.761,2.761,2.761,0.0,2.761,0
2021-06-09,2.768,2.768,2.768,2.768,0.0,2.768,0
2021-06-10,2.757,2.757,2.757,2.757,0.0,2.757,0
2021-06-11,2.756,2.756,2.756,2.756,0.0,2.756,0
2021-06-14,2.765,2.765,2.765,2.765,0.0,2.765,0
2021-06-15,2.75,2.75,2.75,2.75,0.0,2.75,0
2021-06-16,2.788,2.788,2.788,2.788,0.0,2.788,0
2021-06-17,2.793,2.793,2.793,2.793,0.0,2.793,0
2021-06-18,2.787,2.787,2.787,2.787,0.0,2.787,0
2021-06-21,2.784,2.784,2.784,2.784,0.0,2.784,0
2021-06-22,2.784,2.784,2.784,2.784,0.0,2.784,0
2021-06-23,2.785,2.785,2.785,2.785,0.0,2.785,0
2021-06-24,2.773,2.773,2.773,2.773,0.0,2.773,0
2021-06-25,2.821,2.821,2.821,2.821,0.0,2.821,0
2021-06-28,2.831,2.831,2.831,2.831,0.0,2.831,0
2021-06-29,2.859,2.859,2.859,2.859,0.0,2.859,0
2021-06-30,2.855,2.855,2.855,2.855,0.0,2.855,0
2021-07-01,2.843,2.843,2.843,2.843,0.0,2.843,0
2021-07-02,2.835,2.835,2.835,2.835,0.0,2.835,0
2021-07-06,2.827,2.827,2.827,2.827,0.0,2.827,0
2021-07-07,2.839,2.839,2.839,2.839,0.0,2.839,0
2021-07-08,2.851,2.851,2.851,2.851,0.0,2.851,0
2021-07-09,2.87,2.87,2.87,2.87,0.0,2.87,0
2021-07-12,2.875,2.875,2.875,2.875,0.0,2.875,0
2021-07-13,2.874,2.874,2.874,2.874,0.0,2.874,0
2021-07-14,2.867,2.867,2.867,2.867,0.0,2.867,0
2021-07-15,2.875,2.875,2.875,2.875,0.0,2.875,0
2021-07-16,2.881,2.881,2.881,2.881,0.0,2.881,0
2021-07-19,2.891,2.891,2.891,2.891,0.0,2.891,0
2021-07-20,2.903,2.903,2.903,2.903,0.0,2.903,0
2021-07-21,2.886,2.886,2.886,2.886,0.0,2.886,0
2021-07-22,2.888,2.888,2.888,2.888,0.0,2.888,0
2021-07-23,2.894,2.894,2.894,2.894,0.0,2.894,0
2021-07-26,2.902,2.902,2.902,2.902,0.0,2.902,0
2021-07-27,2.879,2.879,2.879,2.879,0.0,2.879,0
2021-07-28,2.871,2.871,2.871,2.871,0.0,2.871,0
2021-07-29,2.846,2.846,2.846,2.846,0.0,2.846,0
2021-07-30,2.866,2.866,2.866,2.866,0.0,2.866,0
2021-08-02,2.885,2.885,2.885,2.885,0.0,2.885,0
2021-08-03,2.877,2.877,2.877,2.877,0.0,2.877,0
2021-08-04,2.887,2.887,2.887,2.887,0.0,2.887,0
2021-08-05,2.852,2.852,2.852,2.852,0.0,2.852,0
2021-08-06,2.861,2.861,2.861,2.861,0.0,2.861,0
2021-08-09,2.877,2.877,2.877,2.877,0.0,2.877,0
2021-08-10,2.874,2.874,2.874,2.874,0.0,2.874,0
2021-08-11,2.889,2.889,2.889,2.889,0.0,2.889,0
2021-08-12,2.96,2.96,2.96,2.96,0.0,2.96,0
2021-08-13,2.927,2.927,2.927,2.927,0.0,2.927,0
2021-08-16,2.939,2.939,2.939,2.939,0.0,2.939,0
2021-08-17,2.952,2.952,2.952,2.952,0.0,2.952,0
2021-08-18,2.95,2.95,2.95,2.95,0.0,2.95,0
2021-08-19,2.961,2.961,2.961,2.961,0.0,2.961,0
2021-08-20,2.955,2.955,2.955,2.955,0.0,2.955,0
2021-08-23,2.957,2.957,2.957,2.957,0.0,2.957,0
2021-08-24,2.953,2.953,2.953,2.953,0.0,2.953,0
2021-08-25,2.97,2.97,2.97,2.97,0.0,2.97,0
2021-08-26,2.996,2.996,2.996,2.996,0.0,2.996,0
2021-08-27,2.998,2.998,2.998,2.998,0.0,2.998,0
2021-08-30,3.001,3.001,3.001,3.001,0.0,3.001,0
2021-08-31,2.99,2.99,2.99,2.99,0.0,2.99,0
2021-09-01,2.99,2.99,2.99,2.99,0.0,2.99,0
2021-09-02,2.995,2.995,2.995,2.995,0.0,2.995,0
2021-09-03,2.99,2.999,2.99,2.999,1.0,2.99,1
2021-09-07,3.023,3.023,3.023,3.023,0.0,3.023,0
2021-09-08,3.075,3.075,3.075,3.075,0.0,3.075,0
2021-09-09,3.125,3.125,3.125,3.125,0.0,3.125,0
2021-09-10,3.122,3.122,3.122,3.122,0.0,3.122,0
2021-09-13,3.137,3.137,3.137,3.137,0.0,3.137,0
2021-09-14,3.136,3.136,3.136,3.136,0.0,3.136,0
2021-09-15,3.087,3.087,3.087,3.087,0.0,3.087,0
2021-09-16,3.09,3.09,3.09,3.09,0.0,3.09,0
2021-09-17,3.083,3.083,3.083,3.083,0.0,3.083,0
2021-09-20,3.119,3.119,3.119,3.119,0.0,3.119,0
2021-09-21,3.136,3.136,3.136,3.136,0.0,3.136,0
2021-09-22,3.153,3.153,3.153,3.153,0.0,3.153,0
2021-09-23,3.16,3.16,3.16,3.16,0.0,3.16,0
2021-09-24,3.125,3.125,3.125,3.125,0.0,3.125,0
2021-09-27,3.163,3.163,3.163,3.163,0.0,3.163,0
2021-09-28,3.096,3.096,3.096,3.096,0.0,3.096,0
2021-09-29,3.117,3.117,3.117,3.117,0.0,3.117,0
2021-09-30,3.129,3.129,3.129,3.129,0.0,3.129,0
2021-10-01,3.129,3.129,3.129,3.129,0.0,3.129,0
2021-10-04,3.138,3.138,3.138,3.138,0.0,3.138,0
2021-10-05,3.178,3.178,3.178,3.178,0.0,3.178,0
2021-10-06,3.201,3.201,3.201,3.201,0.0,3.201,0
2021-10-07,3.196,3.196,3.196,3.196,0.0,3.196,0
2021-10-08,3.232,3.232,3.232,3.232,0.0,3.232,0
2021-10-11,3.218,3.218,3.218,3.218,0.0,3.218,0
2021-10-12,3.203,3.203,3.203,3.203,0.0,3.203,0
2021-10-13,3.208,3.208,3.208,3.208,0.0,3.208,0
2021-10-14,3.243,3.243,3.243,3.243,0.0,3.243,0
2021-10-15,3.252,3.252,3.252,3.252,0.0,3.252,0
2021-10-18,3.258,3.258,3.258,3.258,0.0,3.258,0
2021-10-19,3.242,3.242,3.242,3.242,0.0,3.242,0
2021-10-20,3.245,3.245,3.245,3.245,0.0,3.245,0
2021-10-21,3.258,3.258,3.258,3.258,0.0,3.258,0
2021-10-22,3.263,3.263,3.263,3.263,0.0,3.263,0
2021-10-25,3.306,3.306,3.306,3.306,0.0,3.306,0
2021-10-26,3.284,3.284,3.284,3.284,0.0,3.284,0
2021-10-27,3.28,3.28,3.221,3.221,6.0,3.28,1
2021-10-28,3.222,3.222,3.222,3.222,0.0,3.222,0
2021-10-29,3.173,3.173,3.173,3.173,0.0,3.173,0
2021-11-01,3.068,3.068,3.068,3.068,0.0,3.068,0
2021-11-02,3.129,3.129,3.129,3.129,0.0,3.129,0
2021-11-03,3.123,3.123,3.123,3.123,0.0,3.123,0
2021-11-04,3.147,3.147,3.147,3.147,0.0,3.147,0
2021-11-05,3.105,3.105,3.105,3.105,0.0,3.105,0
2021-11-08,3.158,3.158,3.158,3.158,0.0,3.158,0
2021-11-09,3.154,3.154,3.154,3.154,0.0,3.154,0
2021-11-10,3.18,3.18,3.18,3.18,0.0,3.18,0
2021-11-11,3.197,3.197,3.197,3.197,0.0,3.197,0
2021-11-12,3.168,3.168,3.168,3.168,0.0,3.168,0
2021-11-15,3.181,3.181,3.181,3.181,0.0,3.181,0
2021-11-16,3.252,3.252,3.252,3.252,0.0,3.252,0
2021-11-17,3.213,3.213,3.213,3.213,0.0,3.213,0
2021-11-18,3.201,3.201,3.201,3.201,0.0,3.201,0
2021-11-19,3.19,3.19,3.19,3.19,0.0,3.19,0
2021-11-22,3.162,3.162,3.162,3.162,0.0,3.162,0
2021-11-23,3.209,3.209,3.209,3.209,0.0,3.209,0
2021-11-24,3.217,3.217,3.217,3.217,0.0,3.217,0
2021-11-26,3.256,3.256,3.256,3.256,0.0,3.256,0
2021-11-29,3.248,3.248,3.248,3.248,0.0,3.248,0
2021-11-30,3.221,3.221,3.221,3.221,0.0,3.221,0
2021-12-01,3.229,3.229,3.229,3.229,0.0,3.229,0
2021-12-02,3.233,3.233,3.233,3.233,0.0,3.233,0
2021-12-03,3.243,3.243,3.243,3.243,0.0,3.243,0
2021-12-06,3.215,3.215,3.215,3.215,0.0,3.215,0
2021-12-07,3.219,3.219,3.219,3.219,0.0,3.219,0
2021-12-08,3.178,3.178,3.178,3.178,0.0,3.178,0
2021-12-09,3.226,3.226,3.226,3.226,0.0,3.226,0
2021-12-10,3.262,3.262,3.262,3.262,0.0,3.262,0
2021-12-13,3.166,3.166,3.166,3.166,0.0,3.166,0
2021-12-14,3.217,3.217,3.217,3.217,0.0,3.217,0
2021-12-15,3.224,3.224,3.224,3.224,0.0,3.224,0
2021-12-16,3.241,3.241,3.241,3.241,0.0,3.241,0
2021-12-17,3.254,3.254,3.254,3.254,0.0,3.254,0
2021-12-20,3.269,3.269,3.269,3.269,0.0,3.269,0
2021-12-21,3.253,3.253,3.253,3.253,0.0,3.253,0
2021-12-22,3.254,3.254,3.254,3.254,0.0,3.254,0
2021-12-23,3.217,3.217,3.217,3.217,0.0,3.217,0
2021-12-27,3.203,3.203,3.203,3.203,0.0,3.203,0
2021-12-28,3.219,3.219,3.219,3.219,0.0,3.219,0
2021-12-29,3.245,3.245,3.245,3.245,0.0,3.245,0
2021-12-30,3.233,3.233,3.233,3.233,0.0,3.233,0
2021-12-31,3.207,3.207,3.207,3.207,0.0,3.207,0
2022-01-03,3.219,3.219,3.219,3.219,0.0,3.219,0
2022-01-04,3.218,3.218,3.218,3.218,0.0,3.218,0
2022-01-05,3.222,3.222,3.222,3.222,0.0,3.222,0
2022-01-06,3.236,3.236,3.236,3.236,0.0,3.236,0
2022-01-07,3.269,3.269,3.269,3.269,0.0,3.269,0
2022-01-10,3.274,3.274,3.274,3.274,0.0,3.274,0
2022-01-11,3.263,3.263,3.263,3.263,0.0,3.263,0
2022-01-12,3.238,3.238,3.238,3.238,0.0,3.238,0
2022-01-13,3.238,3.241,3.238,3.241,2.0,3.238,1
2022-01-14,3.217,3.217,3.217,3.217,0.0,3.217,0
2022-01-18,3.217,3.236,3.217,3.236,3.0,3.217,1
2022-01-19,3.263,3.263,3.263,3.263,0.0,3.263,0
2022-01-20,3.229,3.266,3.229,3.266,3.0,3.229,2
2022-01-21,3.229,3.254,3.229,3.254,2.0,3.229,1
2022-01-24,3.229,3.243,3.229,3.243,1.0,3.229,1
2022-01-25,3.263,3.263,3.263,3.263,0.0,3.263,0
2022-01-26,3.264,3.264,3.264,3.264,0.0,3.264,0
2022-01-27,3.249,3.249,3.249,3.249,0.0,3.249,0
2022-01-28,3.229,3.257,3.229,3.257,1.0,3.229,1
2022-01-31,3.266,3.266,3.266,3.266,0.0,3.266,0
2022-02-01,3.251,3.251,3.251,3.251,0.0,3.251,0
2022-02-02,3.27,3.27,3.27,3.27,0.0,3.27,0
2022-02-03,3.261,3.261,3.261,3.261,0.0,3.261,0
2022-02-04,3.287,3.287,3.287,3.287,0.0,3.287,0
2022-02-07,3.293,3.293,3.293,3.293,0.0,3.293,0
2022-02-08,3.295,3.295,3.295,3.295,0.0,3.295,0
2022-02-09,3.282,3.282,3.282,3.282,0.0,3.282,0
2022-02-10,3.287,3.287,3.287,3.287,0.0,3.287,0
2022-02-11,3.327,3.327,3.327,3.327,0.0,3.327,0
2022-02-14,3.368,3.368,3.368,3.368,0.0,3.368,0
2022-02-15,3.356,3.356,3.356,3.356,0.0,3.356,0
2022-02-16,3.385,3.385,3.385,3.385,0.0,3.385,0
2022-02-17,3.367,3.367,3.367,3.367,0.0,3.367,0
2022-02-18,3.367,3.367,3.367,3.367,0.0,3.367,0
2022-02-22,3.405,3.405,3.405,3.405,0.0,3.405,0
2022-02-23,3.491,3.491,3.491,3.491,0.0,3.491,0
2022-02-24,3.46,3.46,3.46,3.46,0.0,3.46,0
2022-02-25,3.352,3.352,3.352,3.352,0.0,3.352,0
2022-02-28,3.429,3.429,3.429,3.429,0.0,3.429,0
2022-03-01,3.5,3.5,3.5,3.5,0.0,3.5,0
2022-03-02,3.547,3.547,3.547,3.547,0.0,3.547,0
2022-03-03,3.555,3.555,3.555,3.555,0.0,3.555,0
2022-03-04,3.608,3.608,3.608,3.608,0.0,3.608,0
2022-03-07,3.637,3.637,3.637,3.637,0.0,3.637,0
2022-03-08,3.647,3.647,3.647,3.647,0.0,3.647,0
2022-03-09,3.602,3.602,3.602,3.602,0.0,3.602,0
2022-03-10,3.57,3.57,3.57,3.57,0.0,3.57,0
2022-03-11,3.585,3.585,3.585,3.585,0.0,3.585,0
2022-03-14,3.628,3.628,3.628,3.628,0.0,3.628,0
2022-03-15,3.622,3.622,3.622,3.622,0.0,3.622,0
2022-03-16,3.618,3.618,3.618,3.618,0.0,3.618,0
2022-03-17,3.61,3.635,3.61,3.635,5.0,3.61,1
2022-03-18,3.613,3.613,3.613,3.613,0.0,3.613,0
2022-03-21,3.594,3.594,3.594,3.594,0.0,3.594,0
2022-03-22,3.605,3.605,3.605,3.605,0.0,3.605,0
2022-03-23,3.616,3.616,3.616,3.616,0.0,3.616,0
2022-03-24,3.65,3.65,3.642,3.642,2.0,3.65,1
2022-03-25,3.711,3.711,3.711,3.711,0.0,3.711,0
2022-03-28,3.72,3.775,3.72,3.775,1.0,3.72,1
2022-03-29,3.76,3.789,3.76,3.789,1.0,3.76,1
2022-03-30,3.85,3.882,3.85,3.882,3.0,3.87,3
2022-03-31,3.965,3.965,3.965,3.965,0.0,3.965,0
2022-04-01,4.017,4.017,4.017,4.017,0.0,4.017,0
2022-04-04,4.084,4.084,4.084,4.084,0.0,4.084,0
2022-04-05,4.163,4.163,4.163,4.163,0.0,4.163,0
2022-04-06,4.215,4.215,4.215,4.215,0.0,4.215,0
2022-04-07,4.2,4.2,4.2,4.2,0.0,4.2,0
2022-04-08,4.222,4.222,4.222,4.222,0.0,4.222,0
2022-04-11,4.271,4.271,4.271,4.271,0.0,4.271,0
2022-04-12,4.293,4.293,4.293,4.293,0.0,4.293,0
2022-04-13,4.301,4.301,4.301,4.301,0.0,4.301,0
2022-04-14,4.308,4.308,4.308,4.308,0.0,4.308,0
2022-04-18,4.343,4.343,4.343,4.343,0.0,4.343,0
2022-04-19,4.331,4.331,4.331,4.331,0.0,4.331,0
2022-04-20,4.277,4.277,4.277,4.277,0.0,4.277,0
2022-04-21,4.22,4.22,4.22,4.22,0.0,4.22,0
2022-04-22,4.047,4.047,4.047,4.047,0.0,4.047,0
2022-04-25,4.037,4.037,4.037,4.037,0.0,4.037,0
2022-04-26,4.102,4.102,4.102,4.102,0.0,4.102,0
2022-04-27,4.077,4.077,4.077,4.077,0.0,4.077,0
2022-04-28,4.073,4.073,4.073,4.073,0.0,4.073,0
2022-04-29,4.116,4.116,4.116,4.116,0.0,4.116,0
2022-05-02,4.212,4.212,4.212,4.212,0.0,4.212,0
2022-05-03,4.272,4.272,4.239,4.239,1.0,4.272,1
2022-05-04,4.314,4.314,4.314,4.314,5.0,4.314,1
2022-05-05,4.347,4.347,4.347,4.347,0.0,4.347,0
2022-05-06,4.294,4.294,4.294,4.294,0.0,4.294,0
2022-05-09,4.16,4.16,4.16,4.16,0.0,4.16,0
2022-05-10,4.187,4.187,4.187,4.187,0.0,4.187,0
2022-05-11,4.246,4.246,4.246,4.246,0.0,4.246,0
2022-05-12,4.256,4.256,4.256,4.256,0.0,4.256,0
2022-05-13,4.305,4.305,4.305,4.305,0.0,4.305,0
2022-05-16,4.355,4.355,4.355,4.355,0.0,4.355,0
2022-05-17,4.362,4.362,4.362,4.362,0.0,4.362,0
2022-05-18,4.398,4.398,4.398,4.398,0.0,4.398,0
2022-05-19,4.327,4.327,4.327,4.327,0.0,4.327,0
2022-05-20,4.327,4.327,4.327,4.327,0.0,4.327,0
2022-05-23,4.368,4.368,4.368,4.368,0.0,4.368,0
2022-05-24,4.347,4.347,4.347,4.347,0.0,4.347,0
2022-05-25,4.4,4.4,4.387,4.387,10.0,4.4,1
2022-05-26,4.441,4.441,4.441,4.441,0.0,4.441,0
2022-05-27,4.465,4.465,4.465,4.465,0.0,4.465,0
2022-05-31,4.411,4.411,4.411,4.411,0.0,4.411,0
2022-06-01,4.465,4.585,4.465,4.585,3.0,4.465,1
2022-06-02,4.622,4.622,4.622,4.622,0.0,4.622,0
2022-06-03,4.689,4.689,4.689,4.689,0.0,4.689,0
2022-06-06,4.788,4.788,4.788,4.788,0.0,4.788,0
2022-06-07,4.863,4.863,4.863,4.863,0.0,4.863,0
2022-06-08,4.933,4.933,4.933,4.933,0.0,4.933,0
2022-06-09,5.024,5.024,5.024,5.024,0.0,5.024,0
2022-06-10,5.05,5.082,5.05,5.082,44.0,5.05,1
2022-06-13,5.025,5.025,5.025,5.025,0.0,5.025,0
2022-06-14,4.947,4.947,4.947,4.947,0.0,4.947,0
2022-06-15,4.987,4.987,4.987,4.987,0.0,4.987,0
2022-06-16,4.971,4.971,4.971,4.971,0.0,4.971,0
2022-06-17,4.811,4.811,4.811,4.811,0.0,4.811,0
2022-06-21,4.798,4.798,4.798,4.798,0.0,4.798,0
2022-06-22,4.847,4.847,4.847,4.847,0.0,4.847,0
2022-06-23,4.815,4.815,4.815,4.815,0.0,4.815,0
2022-06-24,4.666,4.666,4.666,4.666,0.0,4.666,0
2022-06-27,4.708,4.708,4.708,4.708,0.0,4.708,0
2022-06-28,4.678,4.678,4.678,4.678,0.0,4.678,0
2022-06-29,4.7,4.7,4.7,4.7,0.0,4.7,0
2022-06-30,4.445,4.445,4.445,4.445,0.0,4.445,0
2022-07-01,4.453,4.453,4.453,4.453,0.0,4.453,0
2022-07-04,4.453,4.453,4.453,4.453,0.0,4.453,0
2022-07-05,4.303,4.303,4.303,4.303,0.0,4.303,0
2022-07-06,4.395,4.395,4.395,4.395,0.0,4.395,0
2022-07-07,4.493,4.493,4.493,4.493,0.0,4.493,0
2022-07-08,4.5,4.5,4.492,4.492,50.0,4.5,1
2022-07-11,4.526,4.526,4.526,4.526,0.0,4.526,0
2022-07-12,4.447,4.447,4.447,4.447,0.0,4.447,0
2022-07-13,4.534,4.534,4.534,4.534,0.0,4.534,0
2022-07-14,4.55,4.55,4.456,4.456,3.0,4.55,1
2022-07-15,4.53,4.53,4.53,4.53,0.0,4.53,0
2022-07-18,4.5,4.5,4.5,4.5,0.0,4.5,0
2022-07-19,4.491,4.491,4.491,4.491,0.0,4.491,0
2022-07-20,4.634,4.634,4.634,4.634,0.0,4.634,0
2022-07-21,4.539,4.539,4.539,4.539,0.0,4.539,0
2022-07-22,4.548,4.548,4.548,4.548,0.0,4.548,0
2022-07-25,4.604,4.604,4.604,4.604,0.0,4.604,0
2022-07-26,4.616,4.616,4.616,4.616,0.0,4.616,0
2022-07-27,4.614,4.614,4.614,4.614,0.0,4.614,0
2022-07-28,4.59,4.59,4.59,4.59,0.0,4.59,0
2022-07-29,4.585,4.585,4.585,4.585,0.0,4.585,0
2022-08-01,4.568,4.568,4.568,4.568,0.0,4.568,0
2022-08-02,4.57,4.57,4.57,4.57,0.0,4.57,0
2022-08-03,4.591,4.591,4.591,4.591,0.0,4.591,0
2022-08-04,4.572,4.572,4.572,4.572,0.0,4.572,0
2022-08-05,4.582,4.582,4.582,4.582,0.0,4.582,0
2022-08-08,4.544,4.544,4.544,4.544,0.0,4.544,0
2022-08-09,4.592,4.592,4.592,4.592,0.0,4.592,0
2022-08-10,4.622,4.622,4.622,4.622,0.0,4.622,0
2022-08-11,4.732,4.732,4.732,4.732,0.0,4.732,0
2022-08-12,4.72,4.72,4.72,4.72,0.0,4.72,0
2022-08-15,4.811,4.811,4.811,4.811,0.0,4.811,0
2022-08-16,4.85,4.85,4.85,4.85,0.0,4.85,0
2022-08-17,4.815,4.815,4.815,4.815,0.0,4.815,0
2022-08-18,4.821,4.821,4.821,4.821,0.0,4.821,0
2022-08-19,4.837,4.837,4.837,4.837,0.0,4.837,0
2022-08-22,4.896,4.896,4.896,4.896,0.0,4.896,0
2022-08-23,4.888,4.888,4.888,4.888,0.0,4.888,0
2022-08-24,4.897,4.897,4.897,4.897,0.0,4.897,0
2022-08-25,4.959,4.959,4.959,4.959,0.0,4.959,0
2022-08-26,4.983,4.983,4.983,4.983,0.0,4.983,0
2022-08-29,4.996,4.996,4.996,4.996,0.0,4.996,0
2022-08-30,5.003,5.003,5.003,5.003,0.0,5.003,0
2022-08-31,5.07,5.07,5.07,5.07,0.0,5.07,0
2022-09-01,5.138,5.138,5.138,5.138,0.0,5.138,0
2022-09-02,5.2,5.2,5.2,5.2,0.0,5.2,0
2022-09-05,5.2,5.2,5.2,5.2,0.0,5.2,0
2022-09-06,5.17,5.17,5.17,5.17,0.0,5.17,0
2022-09-07,5.069,5.069,5.069,5.069,0.0,5.069,0
2022-09-08,4.985,4.985,4.985,4.985,0.0,4.985,0
2022-09-09,5.036,5.036,5.036,5.036,0.0,5.036,0
2022-09-12,5.068,5.068,5.068,5.068,0.0,5.068,0
2022-09-13,5.097,5.097,5.097,5.097,0.0,5.097,0
2022-09-14,5.091,5.091,5.091,5.091,0.0,5.091,0
2022-09-15,5.045,5.045,5.045,5.045,0.0,5.045,0
2022-09-16,4.985,4.985,4.985,4.985,0.0,4.985,0
2022-09-19,4.945,4.945,4.945,4.945,0.0,4.945,0
2022-09-20,4.922,4.922,4.922,4.922,0.0,4.922,0
2022-09-21,4.795,4.795,4.795,4.795,0.0,4.795,0
2022-09-22,4.697,4.697,4.697,4.697,0.0,4.697,0
2022-09-23,4.695,4.695,4.695,4.695,0.0,4.695,0
2022-09-26,4.629,4.629,4.629,4.629,0.0,4.629,0
2022-09-27,4.631,4.631,4.631,4.631,0.0,4.631,0
2022-09-28,4.621,4.621,4.621,4.621,0.0,4.621,0
2022-09-29,4.631,4.631,4.631,4.631,0.0,4.631,0
2022-09-30,4.632,4.632,4.632,4.632,0.0,4.632,0
2022-10-03,4.591,4.591,4.591,4.591,0.0,4.591,0
2022-10-04,4.641,4.641,4.641,4.641,0.0,4.641,0
2022-10-05,4.608,4.608,4.608,4.608,0.0,4.608,0
2022-10-06,4.622,4.622,4.622,4.622,0.0,4.622,0
2022-10-07,4.646,4.646,4.646,4.646,0.0,4.646,0
2022-10-10,4.653,4.653,4.653,4.653,0.0,4.653,0
2022-10-11,4.691,4.691,4.691,4.691,0.0,4.691,0
2022-10-12,4.661,4.661,4.661,4.661,0.0,4.661,0
2022-10-13,4.649,4.649,4.649,4.649,0.0,4.649,0
2022-10-14,4.666,4.666,4.666,4.666,0.0,4.666,0
2022-10-17,4.627,4.627,4.627,4.627,0.0,4.627,0
2022-10-18,4.572,4.572,4.572,4.572,0.0,4.572,0
2022-10-19,4.547,4.547,4.547,4.547,0.0,4.547,0
2022-10-20,4.547,4.547,4.547,4.547,0.0,4.547,0
2022-10-21,4.497,4.497,4.497,4.497,0.0,4.497,0
2022-10-24,4.538,4.538,4.538,4.538,0.0,4.538,0
2022-10-25,4.543,4.543,4.543,4.543,0.0,4.543,0
2022-10-26,4.582,4.582,4.582,4.582,0.0,4.582,0
2022-10-27,4.575,4.575,4.575,4.575,0.0,4.575,0
2022-10-28,4.571,4.571,4.571,4.571,0.0,4.571,0
2022-10-31,4.595,4.595,4.595,4.595,0.0,4.595,0
2022-11-01,4.56,4.56,4.56,4.56,0.0,4.56,0
2022-11-02,4.599,4.599,4.599,4.599,0.0,4.599,0
2022-11-03,4.618,4.618,4.618,4.618,0.0,4.618,0
2022-11-04,4.715,4.715,4.715,4.715,0.0,4.715,0
2022-11-07,4.725,4.725,4.725,4.725,0.0,4.725,0
2022-11-08,4.686,4.686,4.686,4.686,0.0,4.686,0
2022-11-09,4.7,4.7,4.7,4.7,0.0,4.7,0
2022-11-10,4.7,4.7,4.7,4.7,0.0,4.7,0
2022-11-11,4.713,4.713,4.713,4.713,0.0,4.713,0
2022-11-14,4.682,4.682,4.682,4.682,0.0,4.682,0
2022-11-15,4.711,4.711,4.711,4.711,0.0,4.711,0
2022-11-16,4.73,4.73,4.73,4.73,0.0,4.73,0
2022-11-17,4.723,4.723,4.723,4.723,0.0,4.723,0
2022-11-18,4.723,4.73,4.723,4.73,1.0,4.723,1
2022-11-21,4.697,4.697,4.697,4.697,0.0,4.697,0
2022-11-22,4.717,4.717,4.717,4.717,0.0,4.717,0
2022-11-23,4.709,4.709,4.709,4.709,0.0,4.709,0
2022-11-24,4.709,4.709,4.709,4.709,0.0,4.709,0
2022-11-25,4.703,4.703,4.703,4.703,0.0,4.703,0
2022-11-28,4.643,4.643,4.643,4.643,0.0,4.643,0
2022-11-29,4.68,4.68,4.68,4.68,0.0,4.68,0
2022-11-30,4.703,4.703,4.703,4.703,0.0,4.703,0
2022-12-01,4.708,4.708,4.708,4.708,0.0,4.708,0
2022-12-02,4.695,4.695,4.695,4.695,0.0,4.695,0
2022-12-05,4.686,4.686,4.686,4.686,0.0,4.686,0
2022-12-06,4.719,4.719,4.719,4.719,0.0,4.719,0
2022-12-07,4.724,4.724,4.724,4.724,0.0,4.724,0
2022-12-08,4.743,4.743,4.743,4.743,0.0,4.743,0
2022-12-09,4.747,4.747,4.747,4.747,0.0,4.747,0
2022-12-12,4.768,4.768,4.768,4.768,0.0,4.768,0
2022-12-13,4.756,4.756,4.756,4.756,0.0,4.756,0
2022-12-14,4.754,4.754,4.754,4.754,0.0,4.754,0
2022-12-15,4.779,4.779,4.779,4.779,0.0,4.779,0
2022-12-16,4.81,4.81,4.81,4.81,0.0,4.81,0
2022-12-19,4.85,4.85,4.85,4.85,0.0,4.85,0
2022-12-20,4.835,4.835,4.835,4.835,0.0,4.835,0
2022-12-21,4.74,4.74,4.74,4.74,0.0,4.74,0
2022-12-22,4.667,4.667,4.667,4.667,0.0,4.667,0
2022-12-23,4.665,4.665,4.665,4.665,0.0,4.665,0
2022-12-27,4.74,4.74,4.74,4.74,0.0,4.74,0
2022-12-28,4.681,4.681,4.681,4.681,0.0,4.681,0
2022-12-29,4.641,4.641,4.641,4.641,0.0,4.641,0
2022-12-30,4.656,4.656,4.656,4.656,0.0,4.656,0
2023-01-03,4.617,4.617,4.617,4.617,0.0,4.617,0
2023-01-04,4.62,4.62,4.62,4.62,0.0,4.62,0
2023-01-05,4.512,4.512,4.512,4.512,0.0,4.512,0
2023-01-06,4.456,4.456,4.456,4.456,0.0,4.456,0
2023-01-09,4.464,4.464,4.464,4.464,0.0,4.464,0
2023-01-10,4.451,4.451,4.451,4.451,0.0,4.451,0
2023-01-11,4.417,4.417,4.417,4.417,0.0,4.417,0
2023-01-12,4.416,4.416,4.416,4.416,0.0,4.416,0
2023-01-13,4.43,4.43,4.43,4.43,0.0,4.43,0
2023-01-16,4.43,4.43,4.43,4.43,0.0,4.43,0
2023-01-17,4.446,4.446,4.446,4.446,0.0,4.446,0
2023-01-18,4.429,4.429,4.429,4.429,0.0,4.429,0
2023-01-19,4.424,4.424,4.424,4.424,0.0,4.424,0
2023-01-20,4.448,4.448,4.448,4.448,0.0,4.448,0
2023-01-23,4.465,4.465,4.465,4.465,0.0,4.465,0
2023-01-24,4.434,4.434,4.434,4.434,0.0,4.434,0
2023-01-25,4.384,4.384,4.384,4.384,0.0,4.384,0
2023-01-26,4.383,4.383,4.383,4.383,0.0,4.383,0
2023-01-27,4.374,4.374,4.374,4.374,0.0,4.374,0
2023-01-30,4.295,4.295,4.295,4.295,0.0,4.295,0
2023-01-31,4.284,4.284,4.284,4.284,0.0,4.284,0
2023-02-01,4.182,4.182,4.182,4.182,0.0,4.182,0
2023-02-02,4.132,4.132,4.132,4.132,0.0,4.132,0
2023-02-03,4.108,4.108,4.108,4.108,0.0,4.108,0
2023-02-10,4.125,4.125,4.125,4.125,0.0,4.125,0
2023-02-13,4.068,4.068,4.068,4.068,0.0,4.068,0
2023-02-14,4.092,4.092,4.092,4.092,0.0,4.092,0
2023-02-15,4.077,4.077,4.077,4.077,0.0,4.077,0
2023-02-16,4.077,4.077,4.077,4.077,0.0,4.077,0
2023-02-17,4.03,4.03,4.03,4.03,0.0,4.03,0
2023-02-20,4.03,4.03,4.03,4.03,0.0,4.03,0
2023-02-21,3.98,3.98,3.98,3.98,0.0,3.98,0
2023-02-22,3.99,3.99,3.99,3.99,0.0,3.99,0
2023-02-23,4.018,4.018,4.018,4.018,0.0,4.018,0
2023-02-24,4.069,4.069,4.069,4.069,0.0,4.069,0
2023-02-27,4.11,4.11,4.11,4.11,0.0,4.11,0
2023-02-28,4.143,4.143,4.143,4.143,0.0,4.143,0
2023-03-01,4.224,4.224,4.224,4.224,0.0,4.224,0
2023-03-02,4.242,4.242,4.242,4.242,0.0,4.242,0
2023-03-03,4.282,4.282,4.282,4.282,0.0,4.282,0
2023-03-06,4.319,4.319,4.319,4.319,0.0,4.319,0
2023-03-07,4.47,4.47,4.47,4.47,0.0,4.47,0
2023-03-08,4.423,4.423,4.423,4.423,0.0,4.423,0
2023-03-09,4.335,4.335,4.335,4.335,0.0,4.335,0
2023-03-10,4.414,4.414,4.414,4.414,0.0,4.414,0
2023-03-13,4.425,4.425,4.425,4.425,0.0,4.425,0
2023-03-14,4.466,4.466,4.466,4.466,0.0,4.466,0
2023-03-15,4.432,4.432,4.432,4.432,0.0,4.432,0
2023-03-16,4.474,4.474,4.474,4.474,0.0,4.474,0
2023-03-17,4.44,4.467,4.44,4.467,4.0,4.44,1
2023-03-20,4.399,4.399,4.399,4.399,0.0,4.399,0
2023-03-21,4.52,4.52,4.52,4.52,0.0,4.52,0
2023-03-22,4.5,4.5,4.469,4.469,16.0,4.5,2
2023-03-23,4.481,4.481,4.481,4.481,0.0,4.481,0
2023-03-24,4.465,4.465,4.465,4.465,0.0,4.465,0
2023-03-27,4.441,4.441,4.441,4.441,0.0,4.441,0
2023-03-28,4.379,4.379,4.379,4.379,0.0,4.379,0
2023-03-29,4.42,4.42,4.42,4.42,0.0,4.42,0
2023-03-30,4.381,4.389,4.381,4.389,5.0,4.381,1
2023-03-31,4.415,4.415,4.415,4.415,0.0,4.415,0
2023-04-03,4.382,4.382,4.382,4.382,0.0,4.382,0
2023-04-04,4.42,4.42,4.42,4.42,0.0,4.42,0
2023-04-05,4.376,4.376,4.376,4.376,0.0,4.376,0
2023-04-06,4.332,4.332,4.332,4.332,0.0,4.332,0
2023-04-10,4.412,4.412,4.412,4.412,0.0,4.412,0
2023-04-11,4.422,4.422,4.422,4.422,0.0,4.422,0
2023-04-12,4.37,4.37,4.348,4.348,3.0,4.3667,2
2023-04-13,4.316,4.316,4.316,4.316,0.0,4.316,0
2023-04-14,4.31,4.336,4.31,4.336,11.0,4.3107,2
2023-04-17,4.418,4.418,4.418,4.418,0.0,4.418,0
2023-04-18,4.416,4.416,4.416,4.416,0.0,4.416,0
2023-04-19,4.419,4.419,4.419,4.419,0.0,4.419,0
2023-04-20,4.415,4.438,4.415,4.438,6.0,4.415,1
2023-04-21,4.445,4.445,4.445,4.445,0.0,4.445,0
2023-04-24,4.496,4.496,4.496,4.496,0.0,4.496,0
2023-04-25,4.474,4.474,4.474,4.474,0.0,4.474,0
2023-04-26,4.451,4.451,4.451,4.451,0.0,4.451,0
2023-04-27,4.455,4.455,4.455,4.455,0.0,4.455,0
2023-04-28,4.474,4.474,4.474,4.474,0.0,4.474,0
2023-05-01,4.408,4.408,4.408,4.408,0.0,4.408,0
2023-05-02,4.367,4.367,4.367,4.367,0.0,4.367,0
2023-05-03,4.349,4.349,4.349,4.349,0.0,4.349,0
2023-05-04,4.354,4.354,4.354,4.354,0.0,4.354,0
2023-05-05,4.36,4.36,4.36,4.36,0.0,4.36,0
2023-05-08,4.341,4.341,4.341,4.341,0.0,4.341,0
2023-05-09,4.344,4.344,4.344,4.344,0.0,4.344,0
2023-05-10,4.318,4.318,4.318,4.318,0.0,4.318,0
2023-05-11,4.316,4.316,4.316,4.316,0.0,4.316,0
2023-05-12,4.306,4.306,4.306,4.306,0.0,4.306,0
2023-05-15,4.305,4.305,4.305,4.305,0.0,4.305,0
2023-05-16,4.293,4.293,4.293,4.293,0.0,4.293,0
2023-05-17,4.264,4.264,4.264,4.264,0.0,4.264,0
2023-05-18,4.281,4.281,4.281,4.281,0.0,4.281,0
2023-05-19,4.205,4.205,4.205,4.205,0.0,4.205,0
2023-05-22,4.161,4.161,4.161,4.161,0.0,4.161,0
2023-05-23,4.12,4.12,4.12,4.12,0.0,4.12,0
2023-05-24,4.175,4.175,4.175,4.175,0.0,4.175,0
2023-05-25,4.147,4.147,4.147,4.147,0.0,4.147,0
2023-05-26,4.16,4.16,4.16,4.16,0.0,4.16,0
2023-05-29,4.16,4.16,4.16,4.16,0.0,4.16,0
2023-05-30,4.12,4.12,4.12,4.12,0.0,4.12,0
2023-05-31,4.056,4.077,4.056,4.077,18.0,4.056,1
2023-06-01,3.98,4.008,3.98,4.008,1.0,3.98,1
2023-06-02,4.048,4.048,4.048,4.048,0.0,4.048,0
2023-06-05,4.068,4.068,4.068,4.068,0.0,4.068,0
2023-06-06,4.053,4.053,4.053,4.053,0.0,4.053,0
2023-06-07,4.056,4.056,4.056,4.056,0.0,4.056,0
2023-06-08,4.044,4.044,4.044,4.044,0.0,4.044,0
2023-06-09,4.029,4.029,4.029,4.029,0.0,4.029,0
2023-06-12,4.026,4.026,4.026,4.026,0.0,4.026,0
2023-06-13,4.03,4.044,4.03,4.044,6.0,4.03,1
2023-06-14,4.088,4.088,4.088,4.088,0.0,4.088,0
2023-06-15,4.115,4.115,4.115,4.115,0.0,4.115,0
2023-06-16,4.105,4.105,4.089,4.089,1.0,4.105,1
2023-06-19,4.089,4.089,4.089,4.089,0.0,4.089,0
2023-06-20,4.105,4.105,4.077,4.077,1.0,4.105,1
2023-06-21,4.12,4.132,4.12,4.132,3.0,4.12,1
2023-06-22,4.15,4.15,4.15,4.15,0.0,4.15,0
2023-06-23,4.129,4.129,4.129,4.129,0.0,4.129,0
2023-06-26,4.12,4.12,4.111,4.111,3.0,4.12,1
2023-06-27,4.084,4.084,4.084,4.084,0.0,4.084,0
2023-06-28,4.055,4.055,4.055,4.055,0.0,4.055,0
2023-06-29,4.019,4.019,4.019,4.019,0.0,4.019,0
2023-06-30,4.036,4.036,4.036,4.036,0.0,4.036,0
2023-07-03,4.037,4.037,4.037,4.037,0.0,4.037,0
2023-07-04,4.037,4.037,4.037,4.037,0.0,4.037,0
2023-07-05,4.01,4.01,4.01,4.01,0.0,4.01,0
2023-07-06,4.034,4.034,4.034,4.034,0.0,4.034,0
2023-07-07,4.04,4.044,4.04,4.044,6.0,4.04,1
2023-07-10,4.048,4.048,4.048,4.048,0.0,4.048,0
2023-07-11,4.055,4.055,4.055,4.055,0.0,4.055,0
2023-07-12,4.046,4.046,4.046,4.046,0.0,4.046,0
2023-07-13,4.018,4.018,4.018,4.018,0.0,4.018,0
2023-07-14,4.048,4.048,4.048,4.048,0.0,4.048,0
2023-07-17,4.035,4.035,4.035,4.035,0.0,4.035,0
2023-07-18,4.066,4.066,4.066,4.066,0.0,4.066,0
2023-07-19,4.047,4.047,4.047,4.047,0.0,4.047,0
2023-07-20,4.062,4.062,4.062,4.062,0.0,4.062,0
2023-07-21,4.082,4.084,4.082,4.084,1.0,4.082,1
2023-07-24,4.119,4.119,4.119,4.119,0.0,4.119,0
2023-07-25,4.133,4.133,4.133,4.133,0.0,4.133,0
2023-07-26,4.134,4.134,4.134,4.134,0.0,4.134,0
2023-07-27,4.12,4.12,4.12,4.12,0.0,4.12,0
2023-07-28,4.132,4.132,4.132,4.132,0.0,4.132,0
2023-07-31,4.122,4.122,4.122,4.122,0.0,4.122,0
2023-08-01,4.107,4.107,4.107,4.107,0.0,4.107,0
2023-08-02,4.121,4.121,4.121,4.121,0.0,4.121,0
2023-08-03,4.111,4.111,4.111,4.111,0.0,4.111,0
2023-08-04,4.099,4.099,4.099,4.099,0.0,4.099,0
2023-08-07,4.148,4.148,4.148,4.148,0.0,4.148,0
2023-08-08,4.154,4.154,4.154,4.154,0.0,4.154,0
2023-08-09,4.129,4.129,4.129,4.129,0.0,4.129,0
2023-08-10,4.114,4.114,4.114,4.114,0.0,4.114,0
2023-08-11,4.154,4.154,4.154,4.154,0.0,4.154,0
2023-08-14,4.155,4.155,4.155,4.155,0.0,4.155,0
2023-08-15,4.15,4.15,4.146,4.146,1.0,4.15,1
2023-08-16,4.157,4.157,4.157,4.157,0.0,4.157,0
2023-08-17,4.174,4.174,4.174,4.174,0.0,4.174,0
2023-08-18,4.163,4.163,4.163,4.163,0.0,4.163,0
2023-08-21,4.198,4.198,4.198,4.198,0.0,4.198,0
2023-08-22,4.194,4.194,4.194,4.194,0.0,4.194,0
2023-08-23,4.165,4.198,4.165,4.198,39.0,4.165,10
2023-08-24,4.175,4.175,4.175,4.175,0.0,4.175,0
2023-08-25,4.158,4.158,4.158,4.158,0.0,4.158,0
2023-08-28,4.156,4.156,4.156,4.156,0.0,4.156,0
2023-08-29,4.127,4.127,4.127,4.127,0.0,4.127,0
2023-08-30,4.125,4.154,4.125,4.154,1.0,4.125,1
2023-08-31,4.143,4.143,4.143,4.143,0.0,4.143,0
2023-09-01,4.148,4.148,4.136,4.136,1.0,4.148,1
2023-09-04,4.136,4.136,4.136,4.136,0.0,4.136,0
2023-09-05,4.11,4.11,4.11,4.11,0.0,4.11,0
2023-09-06,4.109,4.109,4.109,4.109,0.0,4.109,0
2023-09-07,4.1,4.107,4.1,4.107,51.0,4.1,11
2023-09-08,4.106,4.106,4.106,4.106,0.0,4.106,0
2023-09-11,4.056,4.056,4.056,4.056,0.0,4.056,0
2023-09-12,4.086,4.086,4.086,4.086,0.0,4.086,0
2023-09-13,4.07,4.104,4.07,4.104,3.0,4.07,2
2023-09-14,4.08,4.08,4.071,4.071,1.0,4.08,1
2023-09-15,4.045,4.045,4.045,4.045,0.0,4.045,0
2023-09-18,4.094,4.094,4.094,4.094,0.0,4.094,0
2023-09-19,4.099,4.099,4.099,4.099,0.0,4.099,0
2023-09-20,4.09,4.108,4.09,4.108,1.0,4.09,1
2023-09-21,4.08,4.107,4.08,4.107,3.0,4.0883,2
2023-09-22,4.127,4.15,4.127,4.15,1.0,4.127,1
2023-09-25,4.128,4.128,4.128,4.128,0.0,4.128,0
2023-09-26,4.12,4.136,4.12,4.136,1.0,4.12,1
2023-09-27,4.152,4.152,4.152,4.152,0.0,4.152,0
2023-09-28,4.143,4.143,4.143,4.143,0.0,4.143,0
2023-09-29,4.134,4.134,4.134,4.134,0.0,4.134,0
2023-10-02,4.122,4.122,4.122,4.122,0.0,4.122,0
2023-10-03,4.151,4.151,4.151,4.151,0.0,4.151,0
2023-10-04,4.114,4.114,4.114,4.114,0.0,4.114,0
2023-10-05,4.125,4.128,4.125,4.128,1.0,4.125,1
2023-10-06,4.131,4.131,4.131,4.131,0.0,4.131,0
2023-10-09,4.142,4.142,4.142,4.142,0.0,4.142,0
2023-10-10,4.153,4.153,4.153,4.153,0.0,4.153,0
2023-10-11,4.159,4.159,4.159,4.159,0.0,4.159,0
2023-10-12,4.155,4.155,4.155,4.155,0.0,4.155,0
2023-10-13,4.155,4.155,4.155,4.155,0.0,4.155,0
2023-10-16,4.145,4.145,4.145,4.145,0.0,4.145,0
2023-10-17,4.148,4.148,4.148,4.148,0.0,4.148,0
2023-10-18,4.142,4.142,4.142,4.142,0.0,4.142,0
2023-10-19,4.145,4.153,4.145,4.153,1.0,4.145,1
2023-10-20,4.164,4.164,4.164,4.164,0.0,4.164,0
2023-10-23,4.14,4.168,4.14,4.168,1.0,4.14,1
2023-10-24,4.152,4.158,4.152,4.158,1.0,4.152,1
2023-10-25,4.16,4.168,4.16,4.168,1.0,4.16,1
2023-10-26,4.154,4.154,4.154,4.154,0.0,4.154,0
2023-10-27,4.161,4.161,4.161,4.161,0.0,4.161,0
2023-10-30,4.17,4.187,4.17,4.187,1.0,4.17,1
2023-10-31,4.21,4.21,4.21,4.21,0.0,4.21,0
2023-11-01,4.241,4.241,4.241,4.241,0.0,4.241,0
2023-11-02,4.26,4.295,4.26,4.295,2.0,4.26,1
2023-11-03,4.317,4.317,4.317,4.317,0.0,4.317,0
2023-11-06,4.316,4.332,4.316,4.332,6.0,4.3293,2
2023-11-07,4.312,4.312,4.312,4.312,0.0,4.312,0
2023-11-08,4.29,4.29,4.26,4.26,1.0,4.29,1
2023-11-09,4.24,4.268,4.24,4.268,1.0,4.24,1
2023-11-10,4.249,4.249,4.249,4.249,0.0,4.249,0
2023-11-13,4.273,4.273,4.273,4.273,0.0,4.273,0
2023-11-14,4.27,4.27,4.27,4.27,0.0,4.27,0
2023-11-15,4.27,4.307,4.27,4.307,1.0,4.27,1
2023-11-16,4.28,4.28,4.25,4.25,3.0,4.26,3
2023-11-17,4.236,4.236,4.236,4.236,0.0,4.236,0
2023-11-20,4.203,4.203,4.203,4.203,0.0,4.203,0
2023-11-21,4.205,4.215,4.155,4.155,210.0,4.2055,3
2023-11-22,4.11,4.138,4.11,4.138,1.0,4.11,1
2023-11-23,4.138,4.138,4.138,4.138,0.0,4.138,0
2023-11-24,4.168,4.168,4.168,4.168,0.0,4.168,0
2023-11-27,4.173,4.173,4.166,4.166,2.0,4.172,2
2023-11-28,4.102,4.12,4.089,4.12,20.0,4.0955,5
2023-11-29,4.094,4.094,4.094,4.094,0.0,4.094,0
2023-11-30,4.068,4.068,4.068,4.068,0.0,4.068,0
2023-12-01,4.09,4.09,4.07,4.085,5.0,4.0826,5
2023-12-04,4.0,4.022,4.0,4.022,70.0,4.0001,3
2023-12-05,4.011,4.011,4.011,4.011,0.0,4.011,0
2023-12-06,3.9,3.9,3.833,3.833,103.0,3.8993,4
2023-12-07,3.79,3.8,3.79,3.8,1.0,3.79,1
2023-12-08,3.751,3.755,3.729,3.729,5.0,3.7524,3
2023-12-11,3.696,3.696,3.63,3.651,20.0,3.6445,12
2023-12-12,3.643,3.643,3.643,3.643,0.0,3.643,0
2023-12-13,3.636,3.718,3.636,3.691,11.0,3.6684,7
2023-12-14,3.751,3.751,3.751,3.751,0.0,3.751,0
2023-12-15,3.799,3.815,3.799,3.81,9.0,3.8026,3
2023-12-18,3.83,3.83,3.803,3.803,1.0,3.83,1
2023-12-19,3.753,3.772,3.753,3.772,1.0,3.753,1
2023-12-20,3.791,3.791,3.791,3.791,0.0,3.791,0
2023-12-21,3.824,3.824,3.824,3.824,0.0,3.824,0
2023-12-22,3.78,3.78,3.749,3.749,2.0,3.7725,2
2023-12-26,3.687,3.721,3.687,3.721,23.0,3.697,18
2023-12-27,3.747,3.747,3.747,3.747,0.0,3.747,0
2023-12-28,3.786,3.786,3.786,3.786,0.0,3.786,0
2023-12-29,3.808,3.808,3.808,3.808,0.0,3.808,0
2024-01-02,3.826,3.826,3.826,3.826,0.0,3.826,0
2024-01-03,3.855,3.855,3.839,3.839,6.0,3.855,1
2024-01-04,3.856,3.856,3.856,3.856,0.0,3.856,0
2024-01-05,3.888,3.888,3.888,3.888,0.0,3.888,0
2024-01-08,3.91,3.91,3.91,3.91,0.0,3.91,0
2024-01-09,3.928,3.928,3.928,3.928,0.0,3.928,0
2024-01-10,3.915,3.915,3.879,3.879,4.0,3.8925,3
2024-01-11,3.864,3.864,3.864,3.864,0.0,3.864,0
2024-01-12,3.887,3.887,3.863,3.863,11.0,3.877,8
2024-01-15,3.863,3.863,3.863,3.863,0.0,3.863,0
2024-01-16,3.82,3.82,3.82,3.82,0.0,3.82,0
2024-01-17,3.864,3.864,3.864,3.864,0.0,3.864,0
2024-01-18,3.845,3.845,3.845,3.845,0.0,3.845,0
2024-01-19,3.779,3.779,3.779,3.779,0.0,3.779,0
2024-01-22,3.746,3.746,3.746,3.746,0.0,3.746,0
2024-01-23,3.803,3.803,3.803,3.803,0.0,3.803,0
2024-01-24,3.81,3.81,3.798,3.798,50.0,3.81,1
2024-01-25,3.729,3.729,3.729,3.729,0.0,3.729,0
2024-01-26,3.729,3.743,3.729,3.743,1.0,3.729,1
2024-01-29,3.685,3.685,3.685,3.685,0.0,3.685,0
2024-01-30,3.72,3.72,3.685,3.685,3.0,3.7183,3
2024-01-31,3.719,3.72,3.675,3.676,227.0,3.6803,6
2024-02-01,3.669,3.669,3.667,3.667,1.0,3.669,1
2024-02-02,3.656,3.7,3.656,3.698,204.0,3.6898,22
2024-02-05,3.698,3.698,3.698,3.698,0.0,3.698,0
2024-02-06,3.698,3.698,3.691,3.691,1.0,3.698,1
2024-02-07,3.691,3.691,3.691,3.691,0.0,3.691,0
2024-02-08,3.675,3.686,3.675,3.686,1.0,3.675,1
2024-02-09,3.698,3.698,3.698,3.698,0.0,3.698,0
2024-02-12,3.695,3.701,3.664,3.701,2.0,3.6795,2
2024-02-13,3.72,3.72,3.675,3.7,12.0,3.7017,7
2024-02-14,3.633,3.633,3.633,3.633,0.0,3.633,0
2024-02-15,3.58,3.589,3.58,3.589,1.0,3.58,1
2024-02-16,3.553,3.553,3.553,3.553,0.0,3.553,0
2024-02-19,3.553,3.553,3.553,3.553,0.0,3.553,0
2024-02-20,3.523,3.6,3.523,3.583,35.0,3.5633,5
2024-02-21,3.635,3.647,3.635,3.647,11.0,3.635,1
2024-02-22,3.66,3.676,3.66,3.676,1.0,3.66,1
2024-02-23,3.634,3.67,3.627,3.631,10.0,3.6404,8
2024-02-26,3.651,3.657,3.651,3.654,4.0,3.6555,3
2024-02-27,3.7,3.7,3.665,3.68,10.0,3.6817,9
2024-02-28,3.701,3.701,3.701,3.701,0.0,3.701,0
2024-02-29,3.701,3.701,3.689,3.689,2.0,3.701,1
2024-03-01,3.69,3.702,3.676,3.683,14.0,3.688,10
2024-03-04,3.706,3.71,3.706,3.71,4.0,3.709,4
2024-03-05,3.735,3.758,3.684,3.717,69.0,3.7001,13
2024-03-06,3.709,3.709,3.688,3.698,14.0,3.697,14
2024-03-07,3.666,3.685,3.665,3.684,5.0,3.6696,5
2024-03-08,3.68,3.68,3.667,3.672,9.0,3.6731,4
2024-03-11,3.664,3.67,3.662,3.67,11.0,3.6629,2
2024-03-12,3.669,3.669,3.655,3.663,6.0,3.662,3
2024-03-13,3.679,3.679,3.655,3.665,5.0,3.6698,5
2024-03-14,3.69,3.69,3.681,3.681,3.0,3.685,3
2024-03-15,3.69,3.695,3.645,3.653,14.0,3.6777,10
2024-03-18,3.679,3.702,3.662,3.702,29.0,3.6725,19
2024-03-19,3.731,3.731,3.671,3.703,27.0,3.6909,9
2024-03-20,3.691,3.691,3.662,3.673,48.0,3.6794,31
2024-03-21,3.65,3.654,3.642,3.654,36.0,3.6491,23
2024-03-22,3.643,3.644,3.625,3.639,28.0,3.637,23
2024-03-25,3.632,3.635,3.627,3.634,8.0,3.6336,8
2024-03-26,3.658,3.681,3.647,3.674,48.0,3.6665,38
2024-03-27,3.661,3.67,3.657,3.664,34.0,3.6642,18
2024-03-28,3.677,3.696,3.673,3.696,38.0,3.6814,24
2024-04-01,3.696,3.721,3.695,3.72,19.0,3.7063,15
2024-04-02,3.701,3.745,3.701,3.732,37.0,3.7309,32
2024-04-03,3.71,3.744,3.71,3.724,39.0,3.7207,20
2024-04-04,3.725,3.733,3.693,3.704,48.0,3.7064,28
2024-04-05,3.697,3.717,3.692,3.705,39.0,3.7008,28
2024-04-08,3.714,3.727,3.71,3.727,14.0,3.7138,7
2024-04-09,3.728,3.745,3.703,3.72,257.0,3.7079,41
2024-04-10,3.73,3.73,3.712,3.716,21.0,3.7205,15
2024-04-11,3.726,3.764,3.726,3.748,51.0,3.7457,37
2024-04-12,3.748,3.806,3.748,3.804,105.0,3.7818,51
2024-04-15,3.792,3.813,3.783,3.809,131.0,3.7992,95
2024-04-16,3.81,3.839,3.801,3.836,104.0,3.8158,51
2024-04-17,3.801,3.815,3.8,3.802,117.0,3.8097,15
2024-04-18,3.82,3.82,3.792,3.814,20.0,3.8015,18
2024-04-19,3.815,3.822,3.79,3.804,52.0,3.8032,35
2024-04-22,3.806,3.82,3.806,3.82,13.0,3.8159,7
2024-04-23,3.82,3.841,3.813,3.828,60.0,3.8264,43
2024-04-24,3.853,3.853,3.829,3.846,141.0,3.8427,38
2024-04-25,3.831,3.841,3.816,3.825,35.0,3.8298,32
2024-04-26,3.835,3.846,3.831,3.843,25.0,3.839,21
2024-04-29,3.861,3.87,3.843,3.85,7.0,3.8546,5
2024-04-30,3.855,3.855,3.821,3.841,19.0,3.8331,12
2024-05-01,3.805,3.824,3.805,3.824,30.0,3.8223,11
2024-05-02,3.812,3.825,3.8,3.823,25.0,3.8071,19
2024-05-03,3.832,3.836,3.796,3.804,95.0,3.8143,19
2024-05-06,3.81,3.819,3.799,3.809,33.0,3.8109,13
2024-05-07,3.803,3.82,3.773,3.78,71.0,3.7844,45
2024-05-08,3.781,3.781,3.717,3.727,54.0,3.7307,12
2024-05-09,3.707,3.707,3.681,3.684,25.0,3.6892,15
2024-05-10,3.73,3.73,3.69,3.712,43.0,3.6952,14
2024-05-13,3.7,3.738,3.7,3.735,4.0,3.713,3
2024-05-14,3.722,3.775,3.722,3.743,9.0,3.7524,7
2024-05-15,3.77,3.774,3.767,3.772,7.0,3.7719,5
2024-05-16,3.777,3.804,3.777,3.804,6.0,3.7965,5
2024-05-17,3.83,3.83,3.797,3.81,21.0,3.8112,12
2024-05-20,3.82,3.83,3.82,3.829,123.0,3.8261,86
2024-05-21,3.814,3.814,3.79,3.803,15.0,3.8042,13
2024-05-22,3.792,3.83,3.792,3.83,85.0,3.8056,50
2024-05-23,3.84,3.84,3.806,3.809,20.0,3.8257,13
2024-05-24,3.79,3.797,3.755,3.769,7.0,3.782,5
2024-05-27,3.769,3.769,3.769,3.769,0.0,3.769,0
2024-05-28,3.735,3.779,3.735,3.757,35.0,3.7536,25
2024-05-29,3.725,3.744,3.705,3.717,160.0,3.7115,19
2024-05-30,3.706,3.715,3.686,3.691,50.0,3.6998,26
2024-05-31,3.681,3.7,3.667,3.687,119.0,3.6815,54
2024-06-03,3.709,3.72,3.667,3.7,59.0,3.7022,24
2024-06-04,3.705,3.717,3.674,3.685,51.0,3.6953,45
2024-06-05,3.682,3.753,3.682,3.742,71.0,3.7298,47
2024-06-06,3.737,3.74,3.72,3.734,112.0,3.7341,77
2024-06-07,3.732,3.75,3.732,3.744,109.0,3.744,35
2024-06-10,3.79,3.79,3.75,3.768,45.0,3.7742,22
2024-06-11,3.795,3.832,3.779,3.828,207.0,3.8028,170
2024-06-12,3.832,3.832,3.751,3.788,38.0,3.7822,26
2024-06-13,3.792,3.792,3.755,3.76,30.0,3.7608,28
2024-06-14,3.745,3.762,3.733,3.749,123.0,3.7432,18
2024-06-17,3.739,3.752,3.735,3.752,8.0,3.7415,5
2024-06-18,3.789,3.79,3.746,3.786,32.0,3.7697,27
2024-06-19,3.786,3.786,3.786,3.786,0.0,3.786,0
2024-06-20,3.778,3.778,3.744,3.763,13.0,3.7602,9
2024-06-21,3.758,3.758,3.74,3.745,37.0,3.7517,19
2024-06-24,3.716,3.745,3.716,3.739,57.0,3.7315,22
2024-06-25,3.726,3.735,3.718,3.723,38.0,3.7254,27
2024-06-26,3.71,3.725,3.701,3.722,17.0,3.7119,13
2024-06-27,3.71,3.718,3.656,3.667,21.0,3.6847,15
2024-06-28,3.67,3.68,3.655,3.678,153.0,3.6692,47
2024-07-01,3.647,3.671,3.647,3.666,21.0,3.6609,14
2024-07-02,3.654,3.671,3.653,3.658,139.0,3.6628,25
2024-07-03,3.652,3.658,3.645,3.658,36.0,3.6493,30
2024-07-04,3.64,3.658,3.64,3.658,2.0,3.64,2
2024-07-05,3.649,3.659,3.629,3.642,22.0,3.6453,15
2024-07-08,3.642,3.657,3.642,3.657,121.0,3.6514,97
2024-07-09,3.652,3.673,3.65,3.654,57.0,3.6633,45
2024-07-10,3.617,3.63,3.602,3.63,60.0,3.6169,31
2024-07-11,3.601,3.601,3.581,3.585,21.0,3.595,9
2024-07-12,3.568,3.6,3.568,3.595,127.0,3.5915,72
2024-07-15,3.568,3.572,3.544,3.562,216.0,3.5565,63
2024-07-16,3.53,3.57,3.526,3.558,105.0,3.5518,81
2024-07-17,3.539,3.539,3.487,3.487,318.0,3.5004,107
2024-07-18,3.483,3.51,3.466,3.501,396.0,3.4937,88
2024-07-19,3.491,3.566,3.491,3.565,189.0,3.5454,77
2024-07-22,3.582,3.618,3.575,3.609,186.0,3.601,91
2024-07-23,3.619,3.619,3.573,3.586,297.0,3.5821,108
2024-07-24,3.554,3.571,3.54,3.549,159.0,3.5439,43
2024-07-25,3.518,3.533,3.483,3.49,248.0,3.5056,60
2024-07-26,3.47,3.502,3.458,3.489,164.0,3.4891,51
2024-07-29,3.469,3.482,3.45,3.455,60.0,3.4603,53
2024-07-30,3.45,3.46,3.413,3.46,126.0,3.4386,91
2024-07-31,3.423,3.46,3.423,3.453,272.0,3.4477,67
2024-08-01,3.433,3.463,3.421,3.422,374.0,3.4453,65
2024-08-02,3.43,3.433,3.418,3.429,397.0,3.4263,115
2024-08-05,3.39,3.407,3.377,3.387,214.0,3.3877,142
2024-08-06,3.395,3.395,3.361,3.372,268.0,3.3743,202
2024-08-07,3.405,3.433,3.399,3.424,110.0,3.4196,77
2024-08-08,3.422,3.489,3.418,3.477,161.0,3.4588,113
2024-08-09,3.484,3.499,3.476,3.497,180.0,3.4862,94
2024-08-12,3.517,3.52,3.47,3.497,151.0,3.4953,94
2024-08-13,3.493,3.503,3.439,3.444,213.0,3.4634,162
2024-08-14,3.438,3.494,3.426,3.483,153.0,3.4764,119
2024-08-15,3.471,3.492,3.471,3.477,96.0,3.4801,67
2024-08-16,3.444,3.45,3.414,3.419,127.0,3.4288,107
2024-08-19,3.411,3.448,3.41,3.44,83.0,3.4302,61
2024-08-20,3.445,3.489,3.429,3.489,170.0,3.4627,89
2024-08-21,3.491,3.511,3.482,3.508,163.0,3.4922,66
2024-08-22,3.5,3.515,3.464,3.502,445.0,3.494,276
2024-08-23,3.486,3.5,3.469,3.493,984.0,3.4867,433
2024-08-26,3.467,3.491,3.452,3.473,597.0,3.4711,288
2024-08-27,3.454,3.469,3.447,3.466,161.0,3.4576,100
2024-08-28,3.435,3.477,3.425,3.456,632.0,3.4529,243
2024-08-29,3.43,3.44,3.394,3.433,140.0,3.4208,76
2024-08-30,3.401,3.418,3.4,3.417,67.0,3.4113,45
2024-09-02,3.417,3.417,3.417,3.417,0.0,3.417,0
2024-09-03,3.424,3.434,3.385,3.42,52.0,3.4054,37
2024-09-04,3.4,3.441,3.398,3.415,95.0,3.4197,89
2024-09-05,3.402,3.455,3.402,3.415,149.0,3.4294,97
2024-09-06,3.407,3.416,3.389,3.41,321.0,3.4023,136
2024-09-09,3.388,3.419,3.384,3.395,139.0,3.3965,104
2024-09-10,3.387,3.426,3.379,3.38,177.0,3.3952,113
2024-09-11,3.383,3.396,3.372,3.388,130.0,3.3855,105
2024-09-12,3.385,3.415,3.376,3.411,207.0,3.4014,143
2024-09-13,3.416,3.418,3.387,3.395,172.0,3.3984,83
2024-09-16,3.387,3.41,3.372,3.406,139.0,3.3943,91
2024-09-17,3.399,3.43,3.399,3.414,116.0,3.4133,91
2024-09-18,3.417,3.425,3.404,3.408,335.0,3.4104,141
2024-09-19,3.41,3.433,3.398,3.433,295.0,3.4173,151
2024-09-20,3.417,3.49,3.417,3.478,484.0,3.4478,222
2024-09-23,3.488,3.533,3.473,3.478,753.0,3.499,407
2024-09-24,3.504,3.507,3.443,3.466,289.0,3.473,182
2024-09-25,3.475,3.501,3.47,3.49,832.0,3.4849,184
2024-09-26,3.487,3.504,3.468,3.488,611.0,3.4905,173
2024-09-27,3.481,3.537,3.457,3.533,434.0,3.5226,147
2024-09-30,3.518,3.549,3.515,3.53,389.0,3.5294,199
2024-10-01,3.521,3.53,3.505,3.518,274.0,3.5171,164
2024-10-02,3.526,3.545,3.503,3.532,751.0,3.5301,211
2024-10-03,3.547,3.561,3.54,3.56,727.0,3.5521,364
2024-10-04,3.569,3.573,3.548,3.564,249.0,3.5592,142
2024-10-07,3.558,3.581,3.544,3.556,68.0,3.5593,45
2024-10-08,3.552,3.552,3.517,3.546,216.0,3.5348,115
2024-10-09,3.513,3.513,3.476,3.503,236.0,3.4884,151
2024-10-10,3.477,3.505,3.446,3.505,149.0,3.4838,112
2024-10-11,3.497,3.502,3.449,3.467,122.0,3.471,91
2024-10-14,3.445,3.445,3.412,3.419,105.0,3.4267,67
2024-10-15,3.397,3.453,3.387,3.438,140.0,3.42,90
2024-10-16,3.418,3.423,3.397,3.405,109.0,3.4126,89
2024-10-17,3.382,3.42,3.371,3.404,164.0,3.3966,116
2024-10-18,3.39,3.39,3.361,3.364,257.0,3.376,131
2024-10-21,3.37,3.398,3.339,3.384,177.0,3.3709,144
2024-10-22,3.403,3.443,3.388,3.431,606.0,3.4308,152
2024-10-23,3.414,3.465,3.409,3.442,313.0,3.434,206
2024-10-24,3.447,3.481,3.435,3.468,141.0,3.4611,99
2024-10-25,3.466,3.498,3.456,3.488,177.0,3.4721,137
2024-10-28,3.453,3.46,3.394,3.43,386.0,3.4183,221
2024-10-29,3.42,3.484,3.397,3.428,304.0,3.4141,190
2024-10-30,3.466,3.505,3.437,3.486,1274.0,3.4842,661
2024-10-31,3.486,3.486,3.437,3.453,130.0,3.4556,109
2024-11-01,3.438,3.457,3.426,3.452,494.0,3.4378,309
2024-11-04,3.429,3.485,3.423,3.467,223.0,3.4554,144
2024-11-05,3.463,3.48,3.424,3.434,232.0,3.4445,176
2024-11-06,3.421,3.494,3.411,3.468,624.0,3.4591,404
2024-11-07,3.455,3.466,3.423,3.444,268.0,3.4419,211
2024-11-08,3.434,3.45,3.413,3.428,738.0,3.4292,436
2024-11-11,3.471,3.517,3.471,3.486,855.0,3.4927,543
2024-11-12,3.488,3.506,3.46,3.489,882.0,3.4904,621
2024-11-13,3.493,3.527,3.471,3.512,999.0,3.5124,637
2024-11-14,3.495,3.533,3.485,3.496,1375.0,3.5136,927
2024-11-15,3.5,3.529,3.485,3.518,959.0,3.5145,670
2024-11-18,3.549,3.563,3.509,3.543,892.0,3.5273,485
2024-11-19,3.542,3.577,3.52,3.554,607.0,3.5552,399
2024-11-20,3.555,3.62,3.555,3.611,989.0,3.5964,711
2024-11-21,3.611,3.693,3.611,3.661,1167.0,3.6504,929
2024-11-22,3.706,3.706,3.589,3.65,1024.0,3.6233,698
2024-11-25,3.729,3.73,3.68,3.722,1643.0,3.7095,1048
2024-11-26,3.697,3.753,3.684,3.747,1632.0,3.7237,1137
2024-11-27,3.72,3.72,3.646,3.657,921.0,3.6695,433
2024-11-28,3.664,3.664,3.657,3.657,2.0,3.663,2
2024-11-29,3.691,3.731,3.674,3.707,534.0,3.7034,412
2024-12-02,3.656,3.698,3.65,3.692,456.0,3.6722,294
2024-12-03,3.696,3.708,3.611,3.625,537.0,3.6391,361
2024-12-04,3.61,3.679,3.602,3.671,588.0,3.6373,329
2024-12-05,3.682,3.704,3.665,3.685,296.0,3.6869,215
2024-12-06,3.658,3.711,3.643,3.706,1917.0,3.6909,734
2024-12-09,3.754,3.754,3.689,3.709,1357.0,3.7152,877
2024-12-10,3.678,3.698,3.647,3.692,1121.0,3.6787,779
2024-12-11,3.691,3.734,3.678,3.73,2412.0,3.7169,1531
2024-12-12,3.716,3.741,3.682,3.718,739.0,3.7137,559
2024-12-13,3.702,3.727,3.664,3.682,806.0,3.6844,566
2024-12-16,3.66,3.682,3.641,3.65,475.0,3.6569,288
2024-12-17,3.648,3.67,3.628,3.655,531.0,3.6451,340
2024-12-18,3.647,3.679,3.635,3.648,592.0,3.6583,277
2024-12-19,3.677,3.702,3.665,3.687,684.0,3.6824,418
2024-12-20,3.672,3.74,3.666,3.71,728.0,3.7075,495
2024-12-23,3.691,3.729,3.667,3.729,773.0,3.7061,355
2024-12-24,3.718,3.753,3.718,3.753,157.0,3.7437,107
2024-12-26,3.741,3.741,3.71,3.723,299.0,3.721,239
2024-12-27,3.775,3.783,3.738,3.777,466.0,3.7569,392
2024-12-30,3.816,3.869,3.785,3.84,624.0,3.8286,444
2024-12-31,3.82,3.82,3.735,3.777,438.0,3.7726,311
2025-01-02,3.752,3.833,3.752,3.77,739.0,3.8101,441
2025-01-03,3.752,3.763,3.685,3.704,583.0,3.7205,364
2025-01-06,3.736,3.771,3.724,3.742,771.0,3.7481,496
2025-01-07,3.756,3.78,3.7,3.722,876.0,3.7441,452
2025-01-08,3.786,3.795,3.756,3.762,1539.0,3.7711,877
2025-01-09,3.75,3.832,3.738,3.774,1735.0,3.7929,984
2025-01-10,3.806,3.841,3.799,3.823,2866.0,3.8258,1667
2025-01-13,3.868,3.89,3.849,3.866,2785.0,3.8714,2014
2025-01-14,3.874,3.895,3.811,3.872,1824.0,3.8556,1153
2025-01-15,3.86,3.953,3.848,3.928,3001.0,3.9015,1540
2025-01-16,3.904,4.05,3.9,4.032,2820.0,3.96,1761
2025-01-17,3.977,3.979,3.907,3.927,1711.0,3.9337,1182
2025-01-20,3.898,3.927,3.887,3.927,40.0,3.9023,30
2025-01-21,3.895,3.921,3.872,3.888,862.0,3.8983,691
2025-01-22,3.884,4.013,3.874,4.003,1546.0,3.959,921
2025-01-23,3.981,4.032,3.95,4.002,663.0,3.9982,484
2025-01-24,3.968,4.012,3.937,4.012,1264.0,3.9666,794
2025-01-27,3.958,3.958,3.819,3.884,1402.0,3.8728,919
2025-01-28,3.865,3.865,3.786,3.801,900.0,3.8151,669
2025-01-29,3.802,3.873,3.778,3.86,1510.0,3.8464,997
2025-01-30,3.866,3.893,3.717,3.731,3463.0,3.7664,1711
2025-01-31,3.775,3.785,3.694,3.754,1307.0,3.7488,878
2025-02-03,3.868,3.892,3.833,3.874,886.0,3.868,649
2025-02-04,3.861,3.861,3.798,3.834,1036.0,3.8287,738
2025-02-05,3.793,3.889,3.773,3.872,1373.0,3.8332,761
2025-02-06,3.843,3.905,3.843,3.892,683.0,3.8782,516
2025-02-07,3.883,3.909,3.844,3.856,1472.0,3.8747,981
2025-02-10,3.887,3.963,3.87,3.954,2125.0,3.9293,1281
2025-02-11,3.943,4.024,3.943,4.012,2066.0,4.002,1391
2025-02-12,3.997,4.036,3.97,4.03,1357.0,4.0152,879
2025-02-13,4.043,4.093,4.006,4.052,3663.0,4.0611,2301
2025-02-14,4.062,4.116,4.047,4.074,2961.0,4.0833,1550
2025-02-17,3.998,4.074,3.971,4.074,185.0,4.0002,168
2025-02-18,3.977,4.212,3.959,4.211,2049.0,4.1257,1428
2025-02-19,4.163,4.303,4.163,4.273,2516.0,4.2581,1853
2025-02-20,4.291,4.324,4.139,4.178,1627.0,4.1948,1067
2025-02-21,4.192,4.281,4.177,4.189,2346.0,4.24,1592
2025-02-24,4.132,4.169,4.089,4.149,1601.0,4.1373,947
2025-02-25,4.136,4.21,4.133,4.207,1320.0,4.1814,840
2025-02-26,4.196,4.221,4.098,4.125,1918.0,4.1344,1317
2025-02-27,4.143,4.155,4.08,4.091,1639.0,4.1197,1217
2025-02-28,4.083,4.11,4.065,4.095,1534.0,4.0931,1085
2025-03-03,4.063,4.244,4.063,4.215,5456.0,4.187,3911
2025-03-04,4.215,4.4,4.152,4.328,5904.0,4.3344,3304
2025-03-05,4.309,4.419,4.282,4.405,3494.0,4.3653,2349
2025-03-06,4.4,4.402,4.293,4.321,3842.0,4.3406,2304
2025-03-07,4.308,4.475,4.251,4.445,2646.0,4.3736,1768
2025-03-10,4.519,4.811,4.509,4.549,2863.0,4.5704,1924
2025-03-11,4.525,4.624,4.516,4.587,2396.0,4.5821,1649
2025-03-12,4.511,4.529,4.353,4.399,4290.0,4.4262,2554
2025-03-13,4.379,4.514,4.324,4.482,3651.0,4.4446,2654
2025-03-14,4.44,4.531,4.394,4.488,3307.0,4.4512,2315
2025-03-17,4.501,4.534,4.433,4.465,2286.0,4.4666,1544
2025-03-18,4.467,4.513,4.42,4.465,1652.0,4.4863,1111
2025-03-19,4.477,4.572,4.476,4.566,1784.0,4.5458,1116
2025-03-20,4.535,4.569,4.419,4.426,1271.0,4.4623,873
2025-03-21,4.418,4.448,4.376,4.407,1100.0,4.4065,809
2025-03-24,4.372,4.425,4.347,4.378,908.0,4.386,670
2025-03-25,4.361,4.416,4.324,4.356,1260.0,4.3722,963
2025-03-26,4.374,4.407,4.328,4.346,1078.0,4.3743,673
2025-03-27,4.34,4.384,4.274,4.372,1266.0,4.3468,793
2025-03-28,4.351,4.435,4.312,4.406,1403.0,4.3628,839
2025-03-31,4.449,4.514,4.445,4.468,1554.0,4.4768,1063
2025-04-01,4.442,4.473,4.375,4.378,1456.0,4.4095,996
2025-04-02,4.394,4.453,4.373,4.44,1410.0,4.4347,897
2025-04-03,4.408,4.504,4.39,4.457,1717.0,4.4638,1146
2025-04-04,4.432,4.443,4.221,4.252,2334.0,4.2653,1721
2025-04-07,4.157,4.261,4.02,4.062,3014.0,4.1195,2069
2025-04-08,4.081,4.14,3.925,3.943,5357.0,4.0062,3704
2025-04-09,3.939,4.157,3.796,4.139,5927.0,3.9529,3975
2025-04-10,4.066,4.11,3.903,3.961,2880.0,3.9953,1755
2025-04-11,3.921,4.03,3.873,3.989,2735.0,3.955,1864
2025-04-14,3.983,4.105,3.927,3.934,3693.0,3.9763,1985
2025-04-15,3.95,3.98,3.889,3.966,2717.0,3.9419,1783
2025-04-16,3.94,4.012,3.918,3.986,4590.0,3.9739,2624
2025-04-17,3.997,4.052,3.969,3.996,2694.0,4.0051,1473
2025-04-21,3.972,4.015,3.861,3.869,2781.0,3.9006,1786
2025-04-22,3.88,3.922,3.854,3.871,3967.0,3.8862,2759
2025-04-23,3.893,3.942,3.852,3.893,2165.0,3.8937,1432
2025-04-24,3.879,3.912,3.839,3.906,3280.0,3.87,2400
2025-04-25,3.908,3.951,3.862,3.896,1749.0,3.9119,1139
2025-04-28,3.91,4.02,3.849,3.998,3069.0,3.974,1976
2025-04-29,4.013,4.078,4.002,4.057,1483.0,4.0432,790
2025-04-30,4.055,4.133,4.028,4.108,3180.0,4.0785,1916
2025-05-01,4.126,4.225,4.126,4.199,2494.0,4.1823,1647
2025-05-02,4.171,4.321,4.171,4.288,3592.0,4.283,2067
2025-05-05,4.325,4.416,4.299,4.305,5467.0,4.3609,3870
2025-05-06,4.329,4.398,4.272,4.294,2957.0,4.3347,1849
2025-05-07,4.351,4.378,4.286,4.295,1698.0,4.3334,1089
2025-05-08,4.298,4.334,4.227,4.262,2491.0,4.2785,1298
2025-05-09,4.292,4.342,4.254,4.34,2285.0,4.3198,1124
2025-05-12,4.334,4.364,4.269,4.285,2136.0,4.3054,1431
2025-05-13,4.309,4.372,4.286,4.344,3087.0,4.3234,1809
2025-05-14,4.313,4.335,4.245,4.274,2807.0,4.2786,1743
2025-05-15,4.249,4.301,4.221,4.232,2020.0,4.2505,1090
2025-05-16,4.247,4.266,4.2,4.236,1867.0,4.2334,1195
2025-05-19,4.192,4.196,4.005,4.019,4288.0,4.0855,2621
2025-05-20,4.036,4.21,4.028,4.202,3654.0,4.1533,2341
2025-05-21,4.178,4.285,4.176,4.224,1617.0,4.2271,1094
2025-05-22,4.234,4.242,4.163,4.196,1619.0,4.1965,1103
2025-05-23,4.223,4.277,4.174,4.272,1759.0,4.2464,1182
2025-05-27,4.267,4.305,4.207,4.268,2252.0,4.2662,1711
2025-05-28,4.27,4.303,4.131,4.15,1722.0,4.1942,1148
2025-05-29,4.162,4.162,4.055,4.119,2605.0,4.091,1634
2025-05-30,4.136,4.145,4.073,4.097,1504.0,4.1014,974
2025-06-02,4.138,4.256,4.138,4.242,2221.0,4.2277,1476
2025-06-03,4.263,4.287,4.203,4.278,1751.0,4.2546,1103
2025-06-04,4.27,4.322,4.25,4.308,1243.0,4.2881,786
2025-06-05,4.295,4.343,4.246,4.305,1893.0,4.3106,1223
2025-06-06,4.294,4.398,4.292,4.371,1895.0,4.3534,1199
2025-06-09,4.33,4.351,4.242,4.287,1439.0,4.2746,993
2025-06-10,4.28,4.3,4.21,4.235,2272.0,4.2419,1448
2025-06-11,4.227,4.279,4.165,4.203,1914.0,4.2154,1241
2025-06-12,4.217,4.273,4.169,4.176,1206.0,4.2071,732
2025-06-13,4.204,4.26,4.174,4.218,1650.0,4.2049,1155
2025-06-16,4.285,4.305,4.242,4.291,1206.0,4.2746,722
2025-06-17,4.3,4.384,4.3,4.371,2597.0,4.3526,1490
2025-06-18,4.38,4.444,4.361,4.422,2185.0,4.4198,1235
2025-06-20,4.42,4.495,4.362,4.385,3711.0,4.4119,2324
2025-06-23,4.422,4.435,4.275,4.305,1954.0,4.3346,1132
2025-06-24,4.268,4.293,4.227,4.24,1331.0,4.2579,820
2025-06-25,4.24,4.278,4.202,4.211,1329.0,4.2207,739
2025-06-26,4.222,4.226,4.147,4.213,2790.0,4.1859,1647
2025-06-27,4.209,4.309,4.206,4.295,3590.0,4.2769,1951
2025-06-30,4.27,4.276,4.057,4.093,5800.0,4.1224,3089
2025-07-01,4.085,4.092,3.918,4.065,2893.0,4.0013,1602
2025-07-02,4.057,4.123,4.005,4.101,1429.0,4.0919,920
2025-07-03,4.116,4.166,4.006,4.018,2931.0,4.0745,1487
2025-07-07,4.009,4.088,3.923,4.049,1681.0,4.013,1143
2025-07-08,4.028,4.095,4.026,4.038,1731.0,4.0464,1142
2025-07-09,4.042,4.044,3.91,3.983,2179.0,3.9669,1358
2025-07-10,3.963,4.101,3.956,4.075,2849.0,4.0383,1470
2025-07-11,4.08,4.122,4.052,4.104,1735.0,4.0963,1105
2025-07-14,4.14,4.207,4.139,4.175,1539.0,4.1771,900
2025-07-15,4.161,4.214,4.143,4.198,1242.0,4.1919,797
2025-07-16,4.198,4.222,4.167,4.192,2204.0,4.1893,1531
2025-07-17,4.186,4.209,4.119,4.154,1710.0,4.1651,1137
2025-07-18,4.125,4.172,4.026,4.12,1915.0,4.109,1236
2025-07-21,4.021,4.05,3.937,3.968,3832.0,3.9835,2127
2025-07-22,3.957,3.96,3.895,3.948,6328.0,3.9357,3829
2025-07-23,3.939,3.943,3.829,3.841,6470.0,3.8637,3991
2025-07-24,3.841,3.88,3.832,3.854,2058.0,3.8557,1387
2025-07-25,3.846,3.876,3.795,3.824,2787.0,3.8431,1753
2025-07-28,3.797,3.828,3.709,3.74,3312.0,3.7497,2053
2025-07-29,3.763,3.807,3.755,3.79,3201.0,3.7878,1714
2025-07-30,3.802,3.826,3.714,3.763,3435.0,3.7597,2015
2025-07-31,3.75,3.803,3.706,3.791,2344.0,3.7589,1409
2025-08-01,3.773,3.806,3.755,3.794,2557.0,3.7841,1562
2025-08-04,3.765,3.786,3.672,3.7,3091.0,3.7066,1810
2025-08-05,3.701,3.75,3.693,3.724,1869.0,3.7206,1081
2025-08-06,3.718,3.783,3.682,3.771,2598.0,3.7387,1428
2025-08-07,3.77,3.803,3.734,3.762,2453.0,3.7599,1383
2025-08-08,3.776,3.786,3.668,3.688,2001.0,3.7035,1128
2025-08-11,3.665,3.702,3.622,3.681,2268.0,3.6657,1270
2025-08-12,3.695,3.698,3.566,3.593,3836.0,3.6021,2050
2025-08-13,3.582,3.607,3.552,3.577,2031.0,3.5784,1188
2025-08-14,3.571,3.583,3.513,3.551,2289.0,3.5464,1285
2025-08-15,3.544,3.628,3.538,3.596,3269.0,3.6002,1774
2025-08-18,3.586,3.608,3.545,3.588,1466.0,3.5787,815
2025-08-19,3.59,3.59,3.5,3.514,3478.0,3.514,1817
2025-08-20,3.518,3.526,3.483,3.506,4025.0,3.5089,2142
2025-08-21,3.523,3.563,3.5,3.542,3623.0,3.5354,1977
2025-08-22,3.537,3.55,3.485,3.494,3841.0,3.4976,1808
2025-08-25,3.454,3.487,3.429,3.471,2793.0,3.4642,1555
2025-08-26,3.467,3.509,3.434,3.481,2785.0,3.4704,1571
2025-08-27,3.496,3.567,3.481,3.542,3071.0,3.541,1617
2025-08-28,3.526,3.605,3.51,3.572,2991.0,3.5664,1754
2025-08-29,3.587,3.641,3.556,3.619,3371.0,3.5947,1874
2025-09-02,3.613,3.66,3.55,3.605,4652.0,3.5889,2646
2025-09-03,3.595,3.671,3.585,3.631,2695.0,3.6363,1543
2025-09-04,3.646,3.66,3.593,3.637,3257.0,3.6306,1642
2025-09-05,3.631,3.655,3.566,3.584,2025.0,3.6058,1128
2025-09-08,3.598,3.661,3.581,3.62,2258.0,3.6236,1517
2025-09-09,3.624,3.66,3.582,3.644,2745.0,3.6271,1803
2025-09-10,3.625,3.643,3.584,3.629,4427.0,3.6197,2091
2025-09-11,3.627,3.644,3.588,3.602,3121.0,3.6118,2008
2025-09-12,3.595,3.613,3.56,3.567,4472.0,3.5804,2375
2025-09-15,3.579,3.619,3.547,3.617,3300.0,3.5907,1955
2025-09-16,3.608,3.677,3.543,3.665,4828.0,3.6468,2542
2025-09-17,3.67,3.712,3.663,3.687,3418.0,3.6873,1829
2025-09-18,3.669,3.69,3.596,3.612,3438.0,3.6239,2105
2025-09-19,3.61,3.64,3.579,3.59,2880.0,3.6044,1700
2025-09-22,3.591,3.616,3.519,3.523,3017.0,3.5478,1894
2025-09-23,3.514,3.53,3.477,3.519,3952.0,3.5063,2208
2025-09-24,3.524,3.542,3.482,3.524,2756.0,3.5167,1639
2025-09-25,3.546,3.608,3.532,3.578,3818.0,3.5861,2135
2025-09-26,3.595,3.623,3.546,3.607,3923.0,3.5856,2216
2025-09-29,3.571,3.646,3.566,3.633,3676.0,3.6129,2092
2025-09-30,3.63,3.679,3.613,3.623,4924.0,3.6372,2518
2025-10-01,3.653,3.767,3.636,3.758,7034.0,3.7107,3947
2025-10-02,3.75,3.882,3.725,3.806,8192.0,3.8174,4352
2025-10-03,3.79,3.833,3.755,3.781,4414.0,3.7898,2727
2025-10-06,3.785,3.889,3.762,3.781,5033.0,3.798,2783
2025-10-07,3.789,3.882,3.757,3.852,5180.0,3.8252,2896
2025-10-08,3.868,3.881,3.75,3.757,4963.0,3.7931,2828
2025-10-09,3.756,3.77,3.671,3.693,6388.0,3.7059,3419
2025-10-10,3.675,3.675,3.587,3.599,8718.0,3.6224,4333
2025-10-13,3.583,3.623,3.536,3.594,5998.0,3.5725,3422
2025-10-14,3.57,3.58,3.509,3.523,5616.0,3.5282,3331
2025-10-15,3.519,3.527,3.476,3.517,8462.0,3.5039,4376
2025-10-16,3.516,3.546,3.45,3.466,5754.0,3.4926,3285
2025-10-17,3.456,3.561,3.434,3.557,5322.0,3.5105,2996
2025-10-20,3.618,3.762,3.618,3.754,10999.0,3.7079,5872
2025-10-21,3.738,3.796,3.68,3.785,9208.0,3.7495,5183
2025-10-22,3.777,3.819,3.726,3.743,10500.0,3.7579,6343
2025-10-23,3.76,3.793,3.691,3.718,7094.0,3.737,4406
2025-10-24,3.672,3.725,3.624,3.68,7083.0,3.6722,4171
2025-10-27,3.748,3.768,3.628,3.689,5834.0,3.6859,3695
2025-10-28,3.656,3.681,3.557,3.581,11960.0,3.5842,7096
2025-10-29,3.577,3.602,3.515,3.572,9045.0,3.5671,5065
2025-10-30,3.554,3.739,3.55,3.658,11232.0,3.6305,5657
2025-10-31,3.732,3.78,3.681,3.761,14806.0,3.7409,8358
2025-11-03,3.793,3.868,3.726,3.858,12971.0,3.8064,7670
2025-11-04,3.829,3.958,3.803,3.908,16986.0,3.8739,9250
2025-11-05,3.885,3.903,3.789,3.806,11431.0,3.8508,6809
2025-11-06,3.8,3.884,3.751,3.838,14306.0,3.8363,7601
2025-11-07,3.875,3.889,3.79,3.831,11033.0,3.833,6122
2025-11-10,3.915,3.949,3.772,3.824,13220.0,3.8443,7605
2025-11-11,3.849,3.964,3.792,3.949,12353.0,3.9178,6935
2025-11-12,3.929,3.981,3.904,3.952,11976.0,3.9434,7281
2025-11-13,3.961,4.028,3.914,3.989,14665.0,3.9869,7708
2025-11-14,3.956,3.985,3.847,3.94,20099.0,3.9101,10422
2025-11-17,3.873,3.932,3.812,3.854,17278.0,3.8821,10029
2025-11-18,3.82,3.862,3.751,3.808,14534.0,3.795,7938
2025-11-19,3.815,3.927,3.797,3.89,12646.0,3.8855,6584
2025-11-20,3.891,3.942,3.823,3.834,16274.0,3.8787,8384
2025-11-21,3.83,3.921,3.818,3.873,14488.0,3.8754,7077
2025-11-24,3.807,3.838,3.77,3.803,13600.0,3.7962,7189
2025-11-25,3.765,3.799,3.645,3.661,22178.0,3.674,11378
2025-11-26,3.674,3.761,3.662,3.688,14342.0,3.7086,7289
2025-11-28,3.723,3.847,3.665,3.823,9476.0,3.7842,5812
2025-12-01,3.856,3.891,3.777,3.853,26998.0,3.8414,14408
2025-12-02,3.835,3.889,3.823,3.856,18824.0,3.8641,9738
2025-12-03,3.858,4.055,3.85,4.035,28381.0,3.9945,14396
2025-12-04,4.054,4.13,3.985,4.113,25439.0,4.065,12305
2025-12-05,4.131,4.326,4.108,4.23,37703.0,4.2415,19344
2025-12-08,4.115,4.177,3.82,3.862,55036.0,3.9416,20914
2025-12-09,3.819,3.85,3.676,3.685,34689.0,3.75,17201
2025-12-10,3.71,3.752,3.631,3.706,28611.0,3.7049,15086
2025-12-11,3.722,3.722,3.54,3.576,31039.0,3.5861,15896
2025-12-12,3.585,3.585,3.394,3.399,37680.0,3.456,17390
2025-12-15,3.438,3.479,3.303,3.334,26080.0,3.3536,14092
2025-12-16,3.352,3.362,3.241,3.255,26714.0,3.2693,14456
2025-12-17,3.298,3.39,3.28,3.333,23385.0,3.3406,12551
2025-12-18,3.396,3.437,3.177,3.201,30695.0,3.2955,15298
2025-12-19,3.23,3.233,3.147,3.189,21227.0,3.1904,11287
2025-12-22,3.238,3.288,3.007,3.062,53343.0,3.0776,21350
2025-12-23,3.074,3.301,3.051,3.284,38381.0,3.1934,20624
2025-12-24,3.271,3.326,3.19,3.21,23519.0,3.2476,13855
2025-12-26,3.209,3.349,3.209,3.306,24900.0,3.3,14048
2025-12-29,3.35,3.4,3.28,3.362,37821.0,3.3607,21269
2025-12-30,3.352,3.476,3.328,3.348,35086.0,3.3921,18918
2025-12-31,3.368,3.368,3.125,3.13,47922.0,3.1913,22165
2026-01-02,3.143,3.149,3.033,3.043,36503.0,3.0789,18832
2026-01-05,2.97,2.98,2.825,2.893,85929.0,2.8847,37830
2026-01-06,2.885,2.899,2.792,2.828,42267.0,2.8377,20565
2026-01-07,2.874,2.95,2.866,2.913,45435.0,2.9162,21932
2026-01-08,2.936,2.962,2.804,2.818,58441.0,2.8485,27110
2026-01-09,2.828,2.841,2.578,2.634,104305.0,2.7007,51526
2026-01-12,2.734,2.863,2.667,2.852,93595.0,2.7628,37343
2026-01-13,2.813,2.903,2.771,2.882,56409.0,2.8444,27196
2026-01-14,2.838,2.879,2.637,2.719,80991.0,2.7049,37390
2026-01-15,2.705,2.74,2.595,2.669,59527.0,2.6629,29511
2026-01-16,2.676,2.739,2.631,2.698,51090.0,2.6734,24901
2026-01-20,2.912,3.242,2.854,3.234,228655.0,3.1028,100688
2026-01-21,3.188,3.582,3.114,3.535,210476.0,3.474,111685
2026-01-22,3.521,3.712,3.416,3.578,212355.0,3.6051,125672
2026-01-23,3.478,3.664,3.41,3.609,147765.0,3.5731,87532
2026-01-26,3.891,3.997,3.651,3.898,234424.0,3.8091,129391
2026-01-27,3.853,3.916,3.658,3.82,175706.0,3.7791,98462
2026-01-28,3.785,3.899,3.576,3.732,170520.0,3.7462,85343
2026-01-29,3.742,3.93,3.728,3.918,165572.0,3.8373,84457
2026-01-30,3.879,4.425,3.818,4.354,250265.0,4.1838,123058
2026-02-02,3.708,3.736,3.155,3.237,374208.0,3.4298,163471
2026-02-03,3.263,3.397,3.169,3.311,149393.0,3.3014,77663
2026-02-04,3.37,3.548,3.264,3.465,132907.0,3.4374,67349
2026-02-05,3.472,3.573,3.328,3.509,142451.0,3.4745,72219
2026-02-06,3.517,3.659,3.387,3.422,128866.0,3.5255,67293
2026-02-09,3.25,3.265,3.111,3.138,119756.0,3.171,59892
2026-02-10,3.141,3.214,3.061,3.115,89611.0,3.1453,46778
2026-02-11,3.159,3.249,3.055,3.159,89488.0,3.1435,45577
2026-02-12,3.222,3.316,3.18,3.217,110719.0,3.2452,57093
2026-02-13,3.219,3.278,3.114,3.243,75161.0,3.199,40038
2026-02-17,3.05,3.171,2.968,3.031,111079.0,3.0542,57244
2026-02-18,3.05,3.056,2.922,3.011,70492.0,2.9914,34662
2026-02-19,3.022,3.095,2.961,2.996,64286.0,3.0326,32810
2026-02-20,2.971,3.155,2.949,3.047,54998.0,3.0552,28000
2026-02-23,3.24,3.253,2.977,2.985,25185.0,3.0673,12934
2026-02-24,2.981,3.014,2.905,2.915,22511.0,2.9485,10920
2026-02-25,2.92,3.017,2.895,2.969,2065.0,2.9616,1078
2026-02-26,2.969,2.969,2.969,2.969,0.0,2.969,0
