date,open,high,low,close,volume,average,barCount
2017-03-14,3.003,3.003,3.003,3.003,0.0,3.003,0
2017-03-15,3.023,3.023,3.023,3.023,0.0,3.023,0
2017-03-16,3.041,3.041,3.041,3.041,0.0,3.041,0
2017-03-17,3.046,3.046,3.046,3.046,0.0,3.046,0
2017-03-20,3.048,3.048,3.048,3.048,0.0,3.048,0
2017-03-21,3.058,3.058,3.058,3.058,0.0,3.058,0
2017-03-22,3.06,3.06,3.06,3.06,0.0,3.06,0
2017-03-23,3.055,3.055,3.055,3.055,0.0,3.055,0
2017-03-24,3.019,3.019,3.019,3.019,0.0,3.019,0
2017-03-27,3.009,3.009,3.009,3.009,0.0,3.009,0
2017-03-28,3.0,3.0,3.0,3.0,0.0,3.0,0
2017-03-29,3.008,3.008,3.008,3.008,0.0,3.008,0
2017-03-30,3.011,3.011,3.011,3.011,0.0,3.011,0
2017-03-31,3.028,3.028,3.028,3.028,0.0,3.028,0
2017-04-03,3.035,3.035,3.035,3.035,0.0,3.035,0
2017-04-04,3.048,3.048,3.048,3.048,0.0,3.048,0
2017-04-05,3.065,3.065,3.065,3.065,0.0,3.065,0
2017-04-06,3.045,3.045,3.045,3.045,0.0,3.045,0
2017-04-07,3.059,3.059,3.059,3.059,0.0,3.059,0
2017-04-10,3.068,3.068,3.068,3.068,0.0,3.068,0
2017-04-11,3.099,3.099,3.099,3.099,0.0,3.099,0
2017-04-12,3.1,3.1,3.1,3.1,0.0,3.1,0
2017-04-13,3.114,3.114,3.114,3.114,0.0,3.114,0
2017-04-17,3.099,3.099,3.099,3.099,0.0,3.099,0
2017-04-18,3.129,3.129,3.129,3.129,0.0,3.129,0
2017-04-19,3.14,3.14,3.14,3.14,0.0,3.14,0
2017-04-20,3.174,3.174,3.174,3.174,0.0,3.174,0
2017-04-21,3.175,3.175,3.175,3.175,0.0,3.175,0
2017-04-24,3.134,3.134,3.134,3.134,0.0,3.134,0
2017-04-25,3.134,3.134,3.134,3.134,0.0,3.134,0
2017-04-26,3.125,3.125,3.125,3.125,0.0,3.125,0
2017-04-27,3.116,3.116,3.116,3.116,0.0,3.116,0
2017-04-28,3.142,3.142,3.142,3.142,0.0,3.142,0
2017-05-01,3.117,3.117,3.117,3.117,0.0,3.117,0
2017-05-02,3.118,3.118,3.118,3.118,0.0,3.118,0
2017-05-03,3.137,3.137,3.137,3.137,0.0,3.137,0
2017-05-04,3.18,3.18,3.18,3.18,0.0,3.18,0
2017-05-05,3.18,3.18,3.18,3.18,0.0,3.18,0
2017-05-08,3.171,3.171,3.171,3.171,0.0,3.171,0
2017-05-09,3.174,3.174,3.174,3.174,0.0,3.174,0
2017-05-10,3.175,3.175,3.175,3.175,0.0,3.175,0
2017-05-11,3.209,3.209,3.209,3.209,0.0,3.209,0
2017-05-12,3.213,3.213,3.213,3.213,0.0,3.213,0
2017-05-15,3.218,3.218,3.218,3.218,0.0,3.218,0
2017-05-16,3.235,3.235,3.235,3.235,0.0,3.235,0
2017-05-17,3.231,3.231,3.231,3.231,0.0,3.231,0
2017-05-18,3.218,3.218,3.218,3.218,0.0,3.218,0
2017-05-19,3.208,3.208,3.208,3.208,0.0,3.208,0
2017-05-22,3.21,3.21,3.21,3.21,0.0,3.21,0
2017-05-23,3.277,3.277,3.277,3.277,0.0,3.277,0
2017-05-24,3.279,3.279,3.279,3.279,0.0,3.279,0
2017-05-25,3.269,3.269,3.269,3.269,0.0,3.269,0
2017-05-26,3.254,3.254,3.254,3.254,0.0,3.254,0
2017-05-30,3.221,3.221,3.221,3.221,0.0,3.221,0
2017-05-31,3.217,3.217,3.217,3.217,0.0,3.217,0
2017-06-01,3.219,3.219,3.219,3.219,0.0,3.219,0
2017-06-02,3.209,3.209,3.209,3.209,0.0,3.209,0
2017-06-05,3.179,3.179,3.179,3.179,0.0,3.179,0
2017-06-06,3.121,3.121,3.121,3.121,0.0,3.121,0
2017-06-07,3.132,3.132,3.132,3.132,0.0,3.132,0
2017-06-08,3.15,3.15,3.15,3.15,0.0,3.15,0
2017-06-09,3.147,3.147,3.147,3.147,0.0,3.147,0
2017-06-12,3.149,3.149,3.149,3.149,0.0,3.149,0
2017-06-13,3.146,3.146,3.146,3.146,0.0,3.146,0
2017-06-14,3.135,3.135,3.135,3.135,0.0,3.135,0
2017-06-15,3.163,3.163,3.163,3.163,0.0,3.163,0
2017-06-16,3.152,3.152,3.152,3.152,0.0,3.152,0
2017-06-19,3.175,3.175,3.175,3.175,0.0,3.175,0
2017-06-20,3.215,3.215,3.215,3.215,0.0,3.215,0
2017-06-21,3.236,3.236,3.236,3.236,0.0,3.236,0
2017-06-22,3.23,3.23,3.23,3.23,0.0,3.23,0
2017-06-23,3.217,3.217,3.217,3.217,0.0,3.217,0
2017-06-26,3.194,3.194,3.194,3.194,0.0,3.194,0
2017-06-27,3.197,3.197,3.197,3.197,0.0,3.197,0
2017-06-28,3.187,3.187,3.187,3.187,0.0,3.187,0
2017-06-29,3.188,3.188,3.188,3.188,0.0,3.188,0
2017-06-30,3.206,3.206,3.206,3.206,0.0,3.206,0
2017-07-03,3.211,3.211,3.211,3.211,0.0,3.211,0
2017-07-05,3.196,3.196,3.196,3.196,0.0,3.196,0
2017-07-06,3.144,3.144,3.144,3.144,0.0,3.144,0
2017-07-07,3.139,3.139,3.139,3.139,0.0,3.139,0
2017-07-10,3.126,3.126,3.126,3.126,0.0,3.126,0
2017-07-11,3.123,3.123,3.123,3.123,0.0,3.123,0
2017-07-12,3.109,3.109,3.109,3.109,0.0,3.109,0
2017-07-13,3.122,3.122,3.122,3.122,0.0,3.122,0
2017-07-14,3.125,3.125,3.125,3.125,0.0,3.125,0
2017-07-17,3.118,3.118,3.118,3.118,0.0,3.118,0
2017-07-18,3.118,3.118,3.118,3.118,0.0,3.118,0
2017-07-19,3.103,3.103,3.103,3.103,0.0,3.103,0
2017-07-20,3.084,3.084,3.084,3.084,0.0,3.084,0
2017-07-21,3.085,3.085,3.085,3.085,0.0,3.085,0
2017-07-24,3.062,3.062,3.062,3.062,0.0,3.062,0
2017-07-25,3.037,3.037,3.037,3.037,0.0,3.037,0
2017-07-26,3.03,3.03,3.03,3.03,0.0,3.03,0
2017-07-27,3.031,3.031,3.031,3.031,0.0,3.031,0
2017-07-28,3.046,3.046,3.046,3.046,0.0,3.046,0
2017-07-31,3.022,3.022,3.022,3.022,0.0,3.022,0
2017-08-01,3.044,3.044,3.044,3.044,0.0,3.044,0
2017-08-02,3.053,3.053,3.053,3.053,0.0,3.053,0
2017-08-03,3.076,3.076,3.076,3.076,0.0,3.076,0
2017-08-04,3.086,3.086,3.086,3.086,0.0,3.086,0
2017-08-07,3.085,3.085,3.085,3.085,0.0,3.085,0
2017-08-08,3.067,3.067,3.067,3.067,0.0,3.067,0
2017-08-09,3.061,3.061,3.061,3.061,0.0,3.061,0
2017-08-10,3.058,3.058,3.058,3.058,0.0,3.058,0
2017-08-11,3.062,3.062,3.062,3.062,0.0,3.062,0
2017-08-14,3.058,3.058,3.058,3.058,0.0,3.058,0
2017-08-15,3.056,3.056,3.056,3.056,0.0,3.056,0
2017-08-16,3.046,3.046,3.046,3.046,0.0,3.046,0
2017-08-17,3.045,3.045,3.045,3.045,0.0,3.045,0
2017-08-18,3.045,3.045,3.045,3.045,0.0,3.045,0
2017-08-21,3.035,3.035,3.035,3.035,0.0,3.035,0
2017-08-22,3.027,3.027,3.027,3.027,0.0,3.027,0
2017-08-23,3.024,3.024,3.024,3.024,0.0,3.024,0
2017-08-24,2.974,2.974,2.974,2.974,0.0,2.974,0
2017-08-25,2.961,2.961,2.961,2.961,0.0,2.961,0
2017-08-28,2.974,2.974,2.974,2.974,0.0,2.974,0
2017-08-29,2.976,2.976,2.976,2.976,0.0,2.976,0
2017-08-30,2.977,2.977,2.977,2.977,0.0,2.977,0
2017-08-31,2.985,2.985,2.985,2.985,0.0,2.985,0
2017-09-01,2.986,2.986,2.986,2.986,0.0,2.986,0
2017-09-05,2.982,2.982,2.982,2.982,0.0,2.982,0
2017-09-06,2.943,2.943,2.943,2.943,0.0,2.943,0
2017-09-07,2.977,2.977,2.977,2.977,0.0,2.977,0
2017-09-08,2.981,2.981,2.981,2.981,0.0,2.981,0
2017-09-11,2.992,2.992,2.992,2.992,0.0,2.992,0
2017-09-12,2.969,2.969,2.969,2.969,0.0,2.969,0
2017-09-13,2.955,2.955,2.955,2.955,0.0,2.955,0
2017-09-14,2.943,2.943,2.943,2.943,0.0,2.943,0
2017-09-15,2.948,2.948,2.948,2.948,0.0,2.948,0
2017-09-18,2.943,2.943,2.943,2.943,0.0,2.943,0
2017-09-19,2.933,2.933,2.933,2.933,0.0,2.933,0
2017-09-20,2.923,2.923,2.923,2.923,0.0,2.923,0
2017-09-21,2.914,2.914,2.914,2.914,0.0,2.914,0
2017-09-22,2.928,2.928,2.928,2.928,0.0,2.928,0
2017-09-25,2.911,2.911,2.911,2.911,0.0,2.911,0
2017-09-26,2.921,2.921,2.921,2.921,0.0,2.921,0
2017-09-27,2.932,2.932,2.932,2.932,0.0,2.932,0
2017-09-28,2.931,2.931,2.931,2.931,0.0,2.931,0
2017-09-29,2.928,2.928,2.928,2.928,0.0,2.928,0
2017-10-02,2.941,2.941,2.941,2.941,0.0,2.941,0
2017-10-03,2.95,2.95,2.95,2.95,0.0,2.95,0
2017-10-04,2.949,2.949,2.949,2.949,0.0,2.949,0
2017-10-05,2.958,2.958,2.958,2.958,0.0,2.958,0
2017-10-06,2.95,2.95,2.95,2.95,0.0,2.95,0
2017-10-09,2.96,2.96,2.96,2.96,0.0,2.96,0
2017-10-10,2.95,2.95,2.95,2.95,0.0,2.95,0
2017-10-11,2.969,2.969,2.969,2.969,0.0,2.969,0
2017-10-12,3.013,3.013,3.013,3.013,0.0,3.013,0
2017-10-13,3.015,3.015,3.015,3.015,0.0,3.015,0
2017-10-16,3.047,3.047,3.047,3.047,0.0,3.047,0
2017-10-17,3.094,3.094,3.094,3.094,0.0,3.094,0
2017-10-18,3.098,3.098,3.098,3.098,0.0,3.098,0
2017-10-19,3.12,3.12,3.12,3.12,0.0,3.12,0
2017-10-20,3.16,3.16,3.16,3.16,0.0,3.16,0
2017-10-23,3.14,3.14,3.14,3.14,0.0,3.14,0
2017-10-24,3.139,3.139,3.139,3.139,0.0,3.139,0
2017-10-25,3.14,3.14,3.14,3.14,0.0,3.14,0
2017-10-26,3.133,3.133,3.133,3.133,0.0,3.133,0
2017-10-27,3.113,3.113,3.113,3.113,0.0,3.113,0
2017-10-30,3.148,3.148,3.148,3.148,0.0,3.148,0
2017-10-31,3.159,3.159,3.159,3.159,0.0,3.159,0
2017-11-01,3.169,3.169,3.169,3.169,0.0,3.169,0
2017-11-02,3.151,3.151,3.151,3.151,0.0,3.151,0
2017-11-03,3.148,3.148,3.148,3.148,0.0,3.148,0
2017-11-06,3.143,3.143,3.143,3.143,0.0,3.143,0
2017-11-07,3.142,3.142,3.142,3.142,0.0,3.142,0
2017-11-08,3.14,3.14,3.14,3.14,0.0,3.14,0
2017-11-09,3.15,3.15,3.15,3.15,0.0,3.15,0
2017-11-10,3.13,3.13,3.13,3.13,0.0,3.13,0
2017-11-13,3.116,3.116,3.116,3.116,0.0,3.116,0
2017-11-14,3.106,3.106,3.106,3.106,0.0,3.106,0
2017-11-15,3.098,3.098,3.098,3.098,0.0,3.098,0
2017-11-16,3.102,3.102,3.102,3.102,0.0,3.102,0
2017-11-17,3.096,3.096,3.096,3.096,0.0,3.096,0
2017-11-20,3.089,3.089,3.089,3.089,0.0,3.089,0
2017-11-21,3.087,3.087,3.087,3.087,0.0,3.087,0
2017-11-22,3.074,3.074,3.074,3.074,0.0,3.074,0
2017-11-24,3.077,3.077,3.077,3.077,0.0,3.077,0
2017-11-27,3.08,3.08,3.08,3.08,0.0,3.08,0
2017-11-28,3.08,3.08,3.08,3.08,0.0,3.08,0
2017-11-29,3.091,3.091,3.091,3.091,0.0,3.091,0
2017-11-30,3.091,3.091,3.091,3.091,0.0,3.091,0
2017-12-01,3.047,3.047,3.047,3.047,0.0,3.047,0
2017-12-04,3.033,3.033,3.033,3.033,0.0,3.033,0
2017-12-05,3.021,3.021,3.021,3.021,0.0,3.021,0
2017-12-06,3.003,3.003,3.003,3.003,0.0,3.003,0
2017-12-07,3.009,3.009,3.009,3.009,0.0,3.009,0
2017-12-08,3.004,3.004,3.004,3.004,0.0,3.004,0
2017-12-11,2.997,2.997,2.997,2.997,0.0,2.997,0
2017-12-12,3.007,3.007,3.007,3.007,0.0,3.007,0
2017-12-13,3.026,3.026,3.026,3.026,0.0,3.026,0
2017-12-14,3.037,3.037,3.037,3.037,0.0,3.037,0
2017-12-15,3.045,3.045,3.045,3.045,0.0,3.045,0
2017-12-18,3.065,3.065,3.065,3.065,0.0,3.065,0
2017-12-19,3.067,3.067,3.067,3.067,0.0,3.067,0
2017-12-20,3.053,3.053,3.053,3.053,0.0,3.053,0
2017-12-21,3.07,3.07,3.07,3.07,0.0,3.07,0
2017-12-22,3.093,3.093,3.093,3.093,0.0,3.093,0
2017-12-26,3.094,3.094,3.094,3.094,0.0,3.094,0
2017-12-27,3.067,3.067,3.067,3.067,0.0,3.067,0
2017-12-28,3.027,3.027,3.027,3.027,0.0,3.027,0
2017-12-29,3.011,3.011,3.011,3.011,0.0,3.011,0
2018-01-02,3.004,3.004,3.004,3.004,0.0,3.004,0
2018-01-03,3.005,3.005,3.005,3.005,0.0,3.005,0
2018-01-04,3.037,3.037,3.037,3.037,0.0,3.037,0
2018-01-05,3.031,3.031,3.031,3.031,0.0,3.031,0
2018-01-08,3.026,3.026,3.026,3.026,0.0,3.026,0
2018-01-09,3.011,3.011,3.011,3.011,0.0,3.011,0
2018-01-10,3.004,3.004,3.004,3.004,0.0,3.004,0
2018-01-11,3.021,3.021,3.021,3.021,0.0,3.021,0
2018-01-12,3.008,3.008,3.008,3.008,0.0,3.008,0
2018-01-16,2.971,2.971,2.971,2.971,0.0,2.971,0
2018-01-17,2.965,2.965,2.965,2.965,0.0,2.965,0
2018-01-18,2.963,2.963,2.963,2.963,0.0,2.963,0
2018-01-19,2.973,2.973,2.973,2.973,0.0,2.973,0
2018-01-22,2.992,2.992,2.992,2.992,0.0,2.992,0
2018-01-23,3.004,3.004,3.004,3.004,0.0,3.004,0
2018-01-24,3.018,3.018,3.018,3.018,0.0,3.018,0
2018-01-25,3.042,3.042,3.042,3.042,0.0,3.042,0
2018-01-26,3.008,3.008,3.008,3.008,0.0,3.008,0
2018-01-29,3.01,3.01,3.01,3.01,0.0,3.01,0
2018-01-30,3.027,3.027,3.027,3.027,0.0,3.027,0
2018-01-31,2.996,2.996,2.996,2.996,0.0,2.996,0
2018-02-01,2.989,2.989,2.989,2.989,0.0,2.989,0
2018-02-02,3.014,3.014,3.014,3.014,0.0,3.014,0
2018-02-05,3.036,3.036,3.036,3.036,0.0,3.036,0
2018-02-06,3.02,3.02,3.02,3.02,0.0,3.02,0
2018-02-07,2.998,2.998,2.998,2.998,0.0,2.998,0
2018-02-08,3.011,3.011,3.011,3.011,0.0,3.011,0
2018-02-09,2.978,2.978,2.978,2.978,0.0,2.978,0
2018-02-12,2.968,2.968,2.968,2.968,0.0,2.968,0
2018-02-13,2.957,2.957,2.957,2.957,0.0,2.957,0
2018-02-14,2.965,2.965,2.965,2.965,0.0,2.965,0
2018-02-15,2.97,2.97,2.97,2.97,0.0,2.97,0
2018-02-16,2.983,2.983,2.983,2.983,0.0,2.983,0
2018-02-20,2.986,2.986,2.986,2.986,0.0,2.986,0
2018-02-21,3.004,3.004,3.004,3.004,0.0,3.004,0
2018-02-22,3.016,3.016,3.016,3.016,0.0,3.016,0
2018-02-23,3.008,3.008,3.008,3.008,0.0,3.008,0
2018-02-26,3.004,3.004,3.004,3.004,0.0,3.004,0
2018-02-27,3.007,3.007,3.007,3.007,0.0,3.007,0
2018-02-28,2.982,2.982,2.982,2.982,0.0,2.982,0
2018-03-01,3.021,3.021,3.021,3.021,0.0,3.021,0
2018-03-02,3.038,3.038,3.038,3.038,0.0,3.038,0
2018-03-05,3.056,3.056,3.056,3.056,0.0,3.056,0
2018-03-06,3.053,3.053,3.053,3.053,0.0,3.053,0
2018-03-07,3.046,3.046,3.046,3.046,0.0,3.046,0
2018-03-08,3.008,3.008,3.008,3.008,0.0,3.008,0
2018-03-09,2.969,2.969,2.969,2.969,0.0,2.969,0
2018-03-12,2.975,2.975,2.975,2.975,0.0,2.975,0
2018-03-13,2.982,2.982,2.982,2.982,0.0,2.982,0
2018-03-14,3.002,3.002,3.002,3.002,0.0,3.002,0
2018-03-15,3.06,3.06,3.06,3.06,0.0,3.06,0
2018-03-16,3.07,3.07,3.07,3.07,0.0,3.07,0
2018-03-19,3.06,3.06,3.06,3.06,0.0,3.06,0
2018-03-20,3.065,3.065,3.065,3.065,0.0,3.065,0
2018-03-21,3.073,3.073,3.073,3.073,0.0,3.073,0
2018-03-22,3.061,3.061,3.061,3.061,0.0,3.061,0
2018-03-23,2.983,2.983,2.983,2.983,0.0,2.983,0
2018-03-26,3.011,3.011,3.011,3.011,0.0,3.011,0
2018-03-27,3.017,3.017,3.017,3.017,0.0,3.017,0
2018-03-28,3.046,3.046,3.046,3.046,0.0,3.046,0
2018-03-29,3.084,3.084,3.084,3.084,0.0,3.084,0
2018-04-02,3.066,3.066,3.066,3.066,0.0,3.066,0
2018-04-03,3.044,3.044,3.044,3.044,0.0,3.044,0
2018-04-04,3.018,3.018,3.018,3.018,0.0,3.018,0
2018-04-05,3.034,3.034,3.034,3.034,0.0,3.034,0
2018-04-06,3.028,3.028,3.028,3.028,0.0,3.028,0
2018-04-09,3.012,3.012,3.012,3.012,0.0,3.012,0
2018-04-10,3.021,3.021,3.021,3.021,0.0,3.021,0
2018-04-11,3.029,3.029,3.029,3.029,0.0,3.029,0
2018-04-12,3.052,3.052,3.052,3.052,0.0,3.052,0
2018-04-13,3.045,3.045,3.045,3.045,0.0,3.045,0
2018-04-16,3.047,3.047,3.047,3.047,0.0,3.047,0
2018-04-17,3.009,3.009,3.009,3.009,0.0,3.009,0
2018-04-18,3.01,3.01,3.01,3.01,0.0,3.01,0
2018-04-19,3.012,3.012,3.012,3.012,0.0,3.012,0
2018-04-20,3.02,3.02,3.02,3.02,0.0,3.02,0
2018-04-23,3.021,3.021,3.021,3.021,0.0,3.021,0
2018-04-24,3.019,3.019,3.019,3.019,0.0,3.019,0
2018-04-25,3.008,3.008,3.008,3.008,0.0,3.008,0
2018-04-26,2.998,2.998,2.998,2.998,0.0,2.998,0
2018-04-27,3.0,3.0,3.0,3.0,0.0,3.0,0
2018-04-30,2.994,2.994,2.994,2.994,0.0,2.994,0
2018-05-01,2.974,2.974,2.974,2.974,0.0,2.974,0
2018-05-02,2.999,2.999,2.999,2.999,0.0,2.999,0
2018-05-03,3.009,3.009,3.009,3.009,0.0,3.009,0
2018-05-04,3.007,3.007,3.007,3.007,0.0,3.007,0
2018-05-07,3.005,3.005,3.005,3.005,0.0,3.005,0
2018-05-08,2.96,2.96,2.96,2.96,0.0,2.96,0
2018-05-09,2.946,2.946,2.946,2.946,0.0,2.946,0
2018-05-10,2.942,2.942,2.942,2.942,0.0,2.942,0
2018-05-11,2.945,2.945,2.945,2.945,0.0,2.945,0
2018-05-14,2.937,2.937,2.937,2.937,0.0,2.937,0
2018-05-15,2.975,2.975,2.975,2.975,0.0,2.975,0
2018-05-16,2.949,2.949,2.949,2.949,0.0,2.949,0
2018-05-17,2.956,2.956,2.956,2.956,0.0,2.956,0
2018-05-18,2.971,2.971,2.971,2.971,0.0,2.971,0
2018-05-21,2.966,2.966,2.966,2.966,0.0,2.966,0
2018-05-22,2.938,2.938,2.938,2.938,0.0,2.938,0
2018-05-23,2.915,2.915,2.915,2.915,0.0,2.915,0
2018-05-24,2.909,2.909,2.909,2.909,0.0,2.909,0
2018-05-25,2.881,2.881,2.881,2.881,0.0,2.881,0
2018-05-29,2.86,2.86,2.86,2.86,0.0,2.86,0
2018-05-30,2.871,2.871,2.871,2.871,0.0,2.871,0
2018-05-31,2.854,2.854,2.854,2.854,0.0,2.854,0
2018-06-01,2.844,2.844,2.844,2.844,0.0,2.844,0
2018-06-04,2.857,2.857,2.857,2.857,0.0,2.857,0
2018-06-05,2.872,2.872,2.872,2.872,0.0,2.872,0
2018-06-06,2.867,2.867,2.867,2.867,0.0,2.867,0
2018-06-07,2.865,2.865,2.865,2.865,0.0,2.865,0
2018-06-08,2.866,2.866,2.866,2.866,0.0,2.866,0
2018-06-11,2.865,2.865,2.865,2.865,0.0,2.865,0
2018-06-12,2.896,2.896,2.896,2.896,0.0,2.896,0
2018-06-13,2.907,2.907,2.907,2.907,0.0,2.907,0
2018-06-14,2.923,2.923,2.923,2.923,0.0,2.923,0
2018-06-15,2.928,2.928,2.928,2.928,0.0,2.928,0
2018-06-18,2.964,2.964,2.964,2.964,0.0,2.964,0
2018-06-19,2.966,2.966,2.966,2.966,0.0,2.966,0
2018-06-20,2.965,2.965,2.965,2.965,0.0,2.965,0
2018-06-21,2.943,2.943,2.943,2.943,0.0,2.943,0
2018-06-22,2.945,2.945,2.945,2.945,0.0,2.945,0
2018-06-25,2.941,2.941,2.941,2.941,0.0,2.941,0
2018-06-26,2.938,2.938,2.938,2.938,0.0,2.938,0
2018-06-27,2.941,2.941,2.941,2.941,0.0,2.941,0
2018-06-28,2.92,2.92,2.92,2.92,0.0,2.92,0
2018-06-29,2.917,2.917,2.917,2.917,0.0,2.917,0
2018-07-02,2.908,2.908,2.908,2.908,0.0,2.908,0
2018-07-03,2.905,2.905,2.905,2.905,0.0,2.905,0
2018-07-05,2.907,2.907,2.907,2.907,0.0,2.907,0
2018-07-06,2.906,2.906,2.906,2.906,0.0,2.906,0
2018-07-09,2.897,2.897,2.897,2.897,0.0,2.897,0
2018-07-10,2.901,2.901,2.901,2.901,0.0,2.901,0
2018-07-11,2.879,2.879,2.879,2.879,0.0,2.879,0
2018-07-12,2.876,2.876,2.876,2.876,0.0,2.876,0
2018-07-13,2.871,2.871,2.871,2.871,0.0,2.871,0
2018-07-16,2.844,2.844,2.844,2.844,0.0,2.844,0
2018-07-17,2.829,2.829,2.829,2.829,0.0,2.829,0
2018-07-18,2.828,2.828,2.828,2.828,0.0,2.828,0
2018-07-19,2.822,2.822,2.822,2.822,0.0,2.822,0
2018-07-20,2.828,2.828,2.828,2.828,0.0,2.828,0
2018-07-23,2.837,2.837,2.837,2.837,0.0,2.837,0
2018-07-24,2.841,2.841,2.841,2.841,0.0,2.841,0
2018-07-25,2.873,2.873,2.873,2.873,0.0,2.873,0
2018-07-26,2.869,2.869,2.869,2.869,0.0,2.869,0
2018-07-27,2.889,2.889,2.889,2.889,0.0,2.889,0
2018-07-30,2.893,2.893,2.893,2.893,0.0,2.893,0
2018-07-31,2.896,2.896,2.896,2.896,0.0,2.896,0
2018-08-01,2.866,2.866,2.866,2.866,0.0,2.866,0
2018-08-02,2.87,2.87,2.87,2.87,0.0,2.87,0
2018-08-03,2.87,2.87,2.87,2.87,0.0,2.87,0
2018-08-06,2.86,2.86,2.86,2.86,0.0,2.86,0
2018-08-07,2.905,2.905,2.905,2.905,0.0,2.905,0
2018-08-08,2.918,2.918,2.918,2.918,0.0,2.918,0
2018-08-09,2.918,2.918,2.918,2.918,0.0,2.918,0
2018-08-10,2.915,2.915,2.915,2.915,0.0,2.915,0
2018-08-13,2.916,2.916,2.916,2.916,0.0,2.916,0
2018-08-14,2.915,2.915,2.915,2.915,0.0,2.915,0
2018-08-15,2.916,2.916,2.916,2.916,0.0,2.916,0
2018-08-16,2.906,2.906,2.906,2.906,0.0,2.906,0
2018-08-17,2.908,2.908,2.908,2.908,0.0,2.908,0
2018-08-20,2.907,2.907,2.907,2.907,0.0,2.907,0
2018-08-21,2.923,2.923,2.923,2.923,0.0,2.923,0
2018-08-22,2.91,2.91,2.91,2.91,0.0,2.91,0
2018-08-23,2.907,2.907,2.907,2.907,0.0,2.907,0
2018-08-24,2.896,2.896,2.896,2.896,0.0,2.896,0
2018-08-27,2.866,2.866,2.866,2.866,0.0,2.866,0
2018-08-28,2.842,2.842,2.842,2.842,0.0,2.842,0
2018-08-29,2.846,2.846,2.846,2.846,0.0,2.846,0
2018-08-30,2.827,2.827,2.827,2.827,0.0,2.827,0
2018-08-31,2.841,2.841,2.841,2.841,0.0,2.841,0
2018-09-04,2.828,2.828,2.828,2.828,0.0,2.828,0
2018-09-05,2.833,2.833,2.833,2.833,0.0,2.833,0
2018-09-06,2.852,2.852,2.852,2.852,0.0,2.852,0
2018-09-07,2.851,2.851,2.851,2.851,0.0,2.851,0
2018-09-10,2.854,2.854,2.854,2.854,0.0,2.854,0
2018-09-11,2.851,2.851,2.851,2.851,0.0,2.851,0
2018-09-12,2.861,2.861,2.861,2.861,0.0,2.861,0
2018-09-13,2.877,2.877,2.877,2.877,0.0,2.877,0
2018-09-14,2.883,2.883,2.883,2.883,0.0,2.883,0
2018-09-17,2.887,2.887,2.887,2.887,0.0,2.887,0
2018-09-18,2.897,2.897,2.897,2.897,0.0,2.897,0
2018-09-19,2.894,2.894,2.894,2.894,0.0,2.894,0
2018-09-20,2.898,2.898,2.898,2.898,0.0,2.898,0
2018-09-21,2.896,2.896,2.896,2.896,0.0,2.896,0
2018-09-24,2.894,2.894,2.894,2.894,0.0,2.894,0
2018-09-25,2.897,2.897,2.897,2.897,0.0,2.897,0
2018-09-26,2.906,2.906,2.906,2.906,0.0,2.906,0
2018-09-27,2.907,2.907,2.907,2.907,0.0,2.907,0
2018-09-28,2.908,2.908,2.908,2.908,0.0,2.908,0
2018-10-01,2.913,2.913,2.913,2.913,0.0,2.913,0
2018-10-02,2.911,2.911,2.911,2.911,0.0,2.911,0
2018-10-03,2.91,2.91,2.91,2.91,0.0,2.91,0
2018-10-04,2.911,2.911,2.911,2.911,0.0,2.911,0
2018-10-05,2.914,2.914,2.914,2.914,0.0,2.914,0
2018-10-08,2.919,2.919,2.919,2.919,0.0,2.919,0
2018-10-09,2.914,2.914,2.914,2.914,0.0,2.914,0
2018-10-10,2.91,2.91,2.91,2.91,0.0,2.91,0
2018-10-11,2.935,2.935,2.935,2.935,0.0,2.935,0
2018-10-12,2.955,2.955,2.955,2.955,0.0,2.955,0
2018-10-15,2.954,2.954,2.954,2.954,0.0,2.954,0
2018-10-16,2.974,2.974,2.974,2.974,0.0,2.974,0
2018-10-17,2.969,2.969,2.969,2.969,0.0,2.969,0
2018-10-18,2.968,2.968,2.968,2.968,0.0,2.968,0
2018-10-19,2.965,2.965,2.965,2.965,0.0,2.965,0
2018-10-22,2.966,2.966,2.966,2.966,0.0,2.966,0
2018-10-23,2.965,2.965,2.965,2.965,0.0,2.965,0
2018-10-24,2.962,2.962,2.962,2.962,0.0,2.962,0
2018-10-25,2.952,2.952,2.952,2.952,0.0,2.952,0
2018-10-26,2.954,2.954,2.954,2.954,0.0,2.954,0
2018-10-29,2.955,2.955,2.955,2.955,0.0,2.955,0
2018-10-30,2.973,2.973,2.973,2.973,0.0,2.973,0
2018-10-31,2.972,2.972,2.972,2.972,0.0,2.972,0
2018-11-01,2.979,2.979,2.979,2.979,0.0,2.979,0
2018-11-02,2.986,2.986,2.986,2.986,0.0,2.986,0
2018-11-05,3.0,3.0,3.0,3.0,0.0,3.0,0
2018-11-06,3.016,3.016,3.016,3.016,0.0,3.016,0
2018-11-07,3.014,3.014,3.014,3.014,0.0,3.014,0
2018-11-08,3.015,3.015,3.015,3.015,0.0,3.015,0
2018-11-09,3.018,3.018,3.018,3.018,0.0,3.018,0
2018-11-12,3.041,3.041,3.041,3.041,0.0,3.041,0
2018-11-13,3.02,3.02,3.02,3.02,0.0,3.02,0
2018-11-14,3.004,3.004,3.004,3.004,0.0,3.004,0
2018-11-15,3.019,3.019,3.019,3.019,0.0,3.019,0
2018-11-16,2.99,2.99,2.99,2.99,0.0,2.99,0
2018-11-19,2.977,2.977,2.977,2.977,0.0,2.977,0
2018-11-20,2.975,2.975,2.975,2.975,0.0,2.975,0
2018-11-21,2.973,2.973,2.973,2.973,0.0,2.973,0
2018-11-23,2.998,2.998,2.998,2.998,0.0,2.998,0
2018-11-26,2.991,2.991,2.991,2.991,0.0,2.991,0
2018-11-27,2.987,2.987,2.987,2.987,0.0,2.987,0
2018-11-28,2.988,2.988,2.988,2.988,0.0,2.988,0
2018-11-29,3.018,3.018,3.018,3.018,0.0,3.018,0
2018-11-30,3.074,3.074,3.074,3.074,0.0,3.074,0
2018-12-03,3.046,3.046,3.046,3.046,0.0,3.046,0
2018-12-04,3.032,3.032,3.032,3.032,0.0,3.032,0
2018-12-05,3.023,3.023,3.023,3.023,0.0,3.023,0
2018-12-06,3.034,3.034,3.034,3.034,0.0,3.034,0
2018-12-07,3.041,3.041,3.041,3.041,0.0,3.041,0
2018-12-10,3.042,3.042,3.042,3.042,0.0,3.042,0
2018-12-11,3.017,3.017,3.017,3.017,0.0,3.017,0
2018-12-12,3.019,3.019,3.019,3.019,0.0,3.019,0
2018-12-13,2.987,2.987,2.987,2.987,0.0,2.987,0
2018-12-14,2.997,2.997,2.997,2.997,0.0,2.997,0
2018-12-17,2.996,2.996,2.996,2.996,0.0,2.996,0
2018-12-18,2.991,2.991,2.991,2.991,0.0,2.991,0
2018-12-19,3.014,3.014,3.014,3.014,0.0,3.014,0
2018-12-20,3.029,3.029,3.029,3.029,0.0,3.029,0
2018-12-21,3.032,3.032,3.032,3.032,0.0,3.032,0
2018-12-24,3.031,3.031,3.031,3.031,0.0,3.031,0
2018-12-26,3.028,3.028,3.028,3.028,0.0,3.028,0
2018-12-27,3.026,3.026,3.026,3.026,0.0,3.026,0
2018-12-28,3.024,3.024,3.024,3.024,0.0,3.024,0
2018-12-31,3.033,3.033,3.033,3.033,0.0,3.033,0
2019-01-02,3.033,3.033,3.033,3.033,0.0,3.033,0
2019-01-03,3.022,3.022,3.022,3.022,0.0,3.022,0
2019-01-04,3.024,3.024,3.024,3.024,0.0,3.024,0
2019-01-07,3.026,3.026,3.026,3.026,0.0,3.026,0
2019-01-08,3.021,3.021,3.021,3.021,0.0,3.021,0
2019-01-09,3.024,3.024,3.024,3.024,0.0,3.024,0
2019-01-10,3.024,3.024,3.024,3.024,0.0,3.024,0
2019-01-11,3.031,3.031,3.031,3.031,0.0,3.031,0
2019-01-14,3.03,3.03,3.03,3.03,0.0,3.03,0
2019-01-15,3.022,3.022,3.022,3.022,0.0,3.022,0
2019-01-16,2.991,2.991,2.991,2.991,0.0,2.991,0
2019-01-17,2.991,2.991,2.991,2.991,0.0,2.991,0
2019-01-18,3.004,3.004,3.004,3.004,0.0,3.004,0
2019-01-22,3.017,3.017,3.017,3.017,0.0,3.017,0
2019-01-23,3.006,3.006,3.006,3.006,0.0,3.006,0
2019-01-24,2.985,2.985,2.985,2.985,0.0,2.985,0
2019-01-25,3.03,3.03,3.03,3.03,0.0,3.03,0
2019-01-28,3.014,3.014,3.014,3.014,0.0,3.014,0
2019-01-29,3.017,3.017,3.017,3.017,0.0,3.017,0
2019-01-30,3.019,3.019,3.019,3.019,0.0,3.019,0
2019-01-31,3.02,3.02,3.02,3.02,0.0,3.02,0
2019-02-01,3.021,3.021,3.021,3.021,0.0,3.021,0
2019-02-04,3.008,3.008,3.008,3.008,0.0,3.008,0
2019-02-05,3.06,3.06,3.06,3.06,0.0,3.06,0
2019-02-06,3.057,3.057,3.057,3.057,0.0,3.057,0
2019-02-07,3.053,3.053,3.053,3.053,0.0,3.053,0
2019-02-08,3.055,3.055,3.055,3.055,0.0,3.055,0
2019-02-11,3.06,3.06,3.06,3.06,0.0,3.06,0
2019-02-12,3.068,3.068,3.068,3.068,0.0,3.068,0
2019-02-13,3.066,3.066,3.066,3.066,0.0,3.066,0
2019-02-14,3.073,3.073,3.073,3.073,0.0,3.073,0
2019-02-15,3.053,3.053,3.053,3.053,0.0,3.053,0
2019-02-19,3.044,3.044,3.044,3.044,0.0,3.044,0
2019-02-20,3.056,3.056,3.056,3.056,0.0,3.056,0
2019-02-21,3.043,3.043,3.043,3.043,0.0,3.043,0
2019-02-22,3.04,3.04,3.04,3.04,0.0,3.04,0
2019-02-25,3.032,3.032,3.032,3.032,0.0,3.032,0
2019-02-26,3.014,3.014,3.014,3.014,0.0,3.014,0
2019-02-27,3.05,3.05,3.05,3.05,0.0,3.05,0
2019-02-28,3.061,3.061,3.061,3.061,0.0,3.061,0
2019-03-01,3.06,3.06,3.06,3.06,0.0,3.06,0
2019-03-04,3.056,3.056,3.056,3.056,0.0,3.056,0
2019-03-05,3.054,3.054,3.054,3.054,0.0,3.054,0
2019-03-06,3.057,3.057,3.057,3.057,0.0,3.057,0
2019-03-07,3.062,3.062,3.062,3.062,0.0,3.062,0
2019-03-08,3.062,3.062,3.062,3.062,0.0,3.062,0
2019-03-11,3.089,3.089,3.089,3.089,0.0,3.089,0
2019-03-12,3.104,3.104,3.104,3.104,0.0,3.104,0
2019-03-13,3.113,3.113,3.113,3.113,0.0,3.113,0
2019-03-14,3.121,3.121,3.121,3.121,0.0,3.121,0
2019-03-15,3.122,3.122,3.122,3.122,0.0,3.122,0
2019-03-18,3.121,3.121,3.121,3.121,0.0,3.121,0
2019-03-19,3.122,3.122,3.122,3.122,0.0,3.122,0
2019-03-20,3.12,3.12,3.12,3.12,0.0,3.12,0
2019-03-21,3.13,3.13,3.13,3.13,0.0,3.13,0
2019-03-22,3.12,3.12,3.12,3.12,0.0,3.12,0
2019-03-25,3.119,3.119,3.119,3.119,0.0,3.119,0
2019-03-26,3.121,3.121,3.121,3.121,0.0,3.121,0
2019-03-27,3.112,3.112,3.112,3.112,0.0,3.112,0
2019-03-28,3.115,3.115,3.115,3.115,0.0,3.115,0
2019-03-29,3.114,3.114,3.114,3.114,0.0,3.114,0
2019-04-01,3.113,3.113,3.113,3.113,0.0,3.113,0
2019-04-02,3.12,3.12,3.12,3.12,0.0,3.12,0
2019-04-03,3.13,3.13,3.13,3.13,0.0,3.13,0
2019-04-04,3.161,3.161,3.161,3.161,0.0,3.161,0
2019-04-05,3.129,3.129,3.129,3.129,0.0,3.129,0
2019-04-08,3.132,3.132,3.132,3.132,0.0,3.132,0
2019-04-09,3.139,3.139,3.139,3.139,0.0,3.139,0
2019-04-10,3.117,3.117,3.117,3.117,0.0,3.117,0
2019-04-11,3.115,3.115,3.115,3.115,0.0,3.115,0
2019-04-12,3.115,3.115,3.115,3.115,0.0,3.115,0
2019-04-15,3.115,3.115,3.115,3.115,0.0,3.115,0
2019-04-16,3.116,3.116,3.116,3.116,0.0,3.116,0
2019-04-17,3.106,3.106,3.106,3.106,0.0,3.106,0
2019-04-18,3.091,3.091,3.091,3.091,0.0,3.091,0
2019-04-22,3.079,3.079,3.079,3.079,0.0,3.079,0
2019-04-23,3.074,3.074,3.074,3.074,0.0,3.074,0
2019-04-24,3.084,3.084,3.084,3.084,0.0,3.084,0
2019-04-25,3.094,3.094,3.094,3.094,0.0,3.094,0
2019-04-26,3.091,3.091,3.091,3.091,0.0,3.091,0
2019-04-29,3.098,3.098,3.098,3.098,0.0,3.098,0
2019-04-30,3.103,3.103,3.103,3.103,0.0,3.103,0
2019-05-01,3.105,3.105,3.105,3.105,0.0,3.105,0
2019-05-02,3.102,3.102,3.102,3.102,0.0,3.102,0
2019-05-03,3.115,3.115,3.115,3.115,0.0,3.115,0
2019-05-06,3.118,3.118,3.118,3.118,0.0,3.118,0
2019-05-07,3.118,3.118,3.118,3.118,0.0,3.118,0
2019-05-08,3.112,3.112,3.112,3.112,0.0,3.112,0
2019-05-09,3.119,3.119,3.119,3.119,0.0,3.119,0
2019-05-10,3.11,3.11,3.11,3.11,0.0,3.11,0
2019-05-13,3.113,3.113,3.113,3.113,0.0,3.113,0
2019-05-14,3.124,3.124,3.124,3.124,0.0,3.124,0
2019-05-15,3.142,3.142,3.142,3.142,0.0,3.142,0
2019-05-16,3.138,3.138,3.138,3.138,0.0,3.138,0
2019-05-17,3.142,3.142,3.142,3.142,0.0,3.142,0
2019-05-20,3.147,3.147,3.147,3.147,0.0,3.147,0
2019-05-21,3.15,3.15,3.15,3.15,0.0,3.15,0
2019-05-22,3.089,3.089,3.089,3.089,0.0,3.089,0
2019-05-23,3.101,3.101,3.101,3.101,0.0,3.101,0
2019-05-24,3.111,3.111,3.111,3.111,0.0,3.111,0
2019-05-28,3.152,3.152,3.152,3.152,0.0,3.152,0
2019-05-29,3.133,3.133,3.133,3.133,0.0,3.133,0
2019-05-30,3.131,3.131,3.131,3.131,0.0,3.131,0
2019-05-31,3.129,3.129,3.129,3.129,0.0,3.129,0
2019-06-03,3.117,3.117,3.117,3.117,0.0,3.117,0
2019-06-04,3.108,3.108,3.108,3.108,0.0,3.108,0
2019-06-05,3.112,3.112,3.112,3.112,0.0,3.112,0
2019-06-06,3.122,3.122,3.122,3.122,0.0,3.122,0
2019-06-07,3.123,3.123,3.123,3.123,0.0,3.123,0
2019-06-10,3.112,3.112,3.112,3.112,0.0,3.112,0
2019-06-11,3.112,3.112,3.112,3.112,0.0,3.112,0
2019-06-12,3.109,3.109,3.109,3.109,0.0,3.109,0
2019-06-13,3.11,3.11,3.11,3.11,0.0,3.11,0
2019-06-14,3.115,3.115,3.115,3.115,0.0,3.115,0
2019-06-17,3.118,3.118,3.118,3.118,0.0,3.118,0
2019-06-18,3.101,3.101,3.101,3.101,0.0,3.101,0
2019-06-19,3.102,3.102,3.102,3.102,0.0,3.102,0
2019-06-20,3.106,3.106,3.106,3.106,0.0,3.106,0
2019-06-21,3.121,3.121,3.121,3.121,0.0,3.121,0
2019-06-24,3.121,3.121,3.121,3.121,0.0,3.121,0
2019-06-25,3.12,3.12,3.12,3.12,0.0,3.12,0
2019-06-26,3.112,3.112,3.112,3.112,0.0,3.112,0
2019-06-27,3.108,3.108,3.108,3.108,0.0,3.108,0
2019-06-28,3.08,3.08,3.08,3.08,0.0,3.08,0
2019-07-01,3.073,3.073,3.073,3.073,0.0,3.073,0
2019-07-02,3.082,3.082,3.082,3.082,0.0,3.082,0
2019-07-03,3.081,3.081,3.081,3.081,0.0,3.081,0
2019-07-05,3.107,3.107,3.107,3.107,0.0,3.107,0
2019-07-08,3.103,3.103,3.103,3.103,0.0,3.103,0
2019-07-09,3.142,3.142,3.142,3.142,0.0,3.142,0
2019-07-10,3.134,3.134,3.134,3.134,0.0,3.134,0
2019-07-11,3.142,3.142,3.142,3.142,0.0,3.142,0
2019-07-12,3.15,3.15,3.15,3.15,0.0,3.15,0
2019-07-15,3.155,3.155,3.155,3.155,0.0,3.155,0
2019-07-16,3.131,3.131,3.131,3.131,0.0,3.131,0
2019-07-17,3.128,3.128,3.128,3.128,0.0,3.128,0
2019-07-18,3.147,3.147,3.147,3.147,0.0,3.147,0
2019-07-19,3.14,3.14,3.14,3.14,0.0,3.14,0
2019-07-22,3.067,3.067,3.067,3.067,0.0,3.067,0
2019-07-23,3.105,3.105,3.105,3.105,0.0,3.105,0
2019-07-24,3.098,3.098,3.098,3.098,0.0,3.098,0
2019-07-25,3.099,3.099,3.099,3.099,0.0,3.099,0
2019-07-26,3.093,3.093,3.093,3.093,0.0,3.093,0
2019-07-29,3.082,3.082,3.082,3.082,0.0,3.082,0
2019-07-30,3.085,3.085,3.085,3.085,0.0,3.085,0
2019-07-31,3.091,3.091,3.091,3.091,0.0,3.091,0
2019-08-01,3.094,3.094,3.094,3.094,0.0,3.094,0
2019-08-02,3.081,3.081,3.081,3.081,0.0,3.081,0
2019-08-05,3.079,3.079,3.079,3.079,0.0,3.079,0
2019-08-06,3.08,3.08,3.08,3.08,0.0,3.08,0
2019-08-07,3.085,3.085,3.085,3.085,0.0,3.085,0
2019-08-08,3.054,3.054,3.054,3.054,0.0,3.054,0
2019-08-09,3.043,3.043,3.043,3.043,0.0,3.043,0
2019-08-12,3.002,3.002,3.002,3.002,0.0,3.002,0
2019-08-13,2.984,2.984,2.984,2.984,0.0,2.984,0
2019-08-14,2.928,2.928,2.928,2.928,0.0,2.928,0
2019-08-15,2.928,2.928,2.928,2.928,0.0,2.928,0
2019-08-16,2.911,2.911,2.911,2.911,0.0,2.911,0
2019-08-19,2.916,2.916,2.916,2.916,0.0,2.916,0
2019-08-20,2.919,2.919,2.919,2.919,0.0,2.919,0
2019-08-21,2.924,2.924,2.924,2.924,0.0,2.924,0
2019-08-22,2.928,2.928,2.928,2.928,0.0,2.928,0
2019-08-23,2.958,2.958,2.958,2.958,0.0,2.958,0
2019-08-26,2.947,2.947,2.947,2.947,0.0,2.947,0
2019-08-27,2.967,2.967,2.967,2.967,0.0,2.967,0
2019-08-28,2.986,2.986,2.986,2.986,0.0,2.986,0
2019-08-29,2.974,2.974,2.974,2.974,0.0,2.974,0
2019-08-30,2.915,2.915,2.915,2.915,0.0,2.915,0
2019-09-03,2.929,2.929,2.929,2.929,0.0,2.929,0
2019-09-04,2.89,2.89,2.89,2.89,0.0,2.89,0
2019-09-05,2.902,2.902,2.902,2.902,0.0,2.902,0
2019-09-06,2.889,2.889,2.889,2.889,0.0,2.889,0
2019-09-09,2.86,2.86,2.86,2.86,0.0,2.86,0
2019-09-10,2.864,2.864,2.864,2.864,0.0,2.864,0
2019-09-11,2.859,2.859,2.859,2.859,0.0,2.859,0
2019-09-12,2.864,2.864,2.864,2.864,0.0,2.864,0
2019-09-13,2.829,2.829,2.829,2.829,0.0,2.829,0
2019-09-16,2.859,2.859,2.859,2.859,0.0,2.859,0
2019-09-17,2.823,2.823,2.823,2.823,0.0,2.823,0
2019-09-18,2.836,2.836,2.836,2.836,0.0,2.836,0
2019-09-19,2.83,2.83,2.83,2.83,0.0,2.83,0
2019-09-20,2.841,2.841,2.841,2.841,0.0,2.841,0
2019-09-23,2.838,2.838,2.838,2.838,0.0,2.838,0
2019-09-24,2.829,2.829,2.829,2.829,0.0,2.829,0
2019-09-25,2.828,2.828,2.828,2.828,0.0,2.828,0
2019-09-26,2.829,2.829,2.829,2.829,0.0,2.829,0
2019-09-27,2.788,2.788,2.788,2.788,0.0,2.788,0
2019-09-30,2.85,2.85,2.85,2.85,0.0,2.85,0
2019-10-01,2.799,2.799,2.799,2.799,0.0,2.799,0
2019-10-02,2.827,2.827,2.827,2.827,0.0,2.827,0
2019-10-03,2.812,2.812,2.812,2.812,0.0,2.812,0
2019-10-04,2.802,2.802,2.802,2.802,0.0,2.802,0
2019-10-07,2.806,2.806,2.806,2.806,0.0,2.806,0
2019-10-08,2.782,2.782,2.782,2.782,0.0,2.782,0
2019-10-09,2.793,2.793,2.793,2.793,0.0,2.793,0
2019-10-10,2.794,2.794,2.794,2.794,0.0,2.794,0
2019-10-11,2.805,2.805,2.805,2.805,0.0,2.805,0
2019-10-14,2.82,2.82,2.82,2.82,0.0,2.82,0
2019-10-15,2.836,2.836,2.836,2.836,0.0,2.836,0
2019-10-16,2.838,2.838,2.838,2.838,0.0,2.838,0
2019-10-17,2.835,2.835,2.835,2.835,0.0,2.835,0
2019-10-18,2.83,2.83,2.83,2.83,0.0,2.83,0
2019-10-21,2.825,2.825,2.825,2.825,0.0,2.825,0
2019-10-22,2.829,2.829,2.829,2.829,0.0,2.829,0
2019-10-23,2.823,2.823,2.823,2.823,0.0,2.823,0
2019-10-24,2.827,2.827,2.827,2.827,0.0,2.827,0
2019-10-25,2.825,2.825,2.825,2.825,0.0,2.825,0
2019-10-28,2.834,2.834,2.834,2.834,0.0,2.834,0
2019-10-29,2.85,2.85,2.85,2.85,0.0,2.85,0
2019-10-30,2.857,2.857,2.857,2.857,0.0,2.857,0
2019-10-31,2.855,2.855,2.855,2.855,0.0,2.855,0
2019-11-01,2.864,2.864,2.864,2.864,0.0,2.864,0
2019-11-04,2.8,2.8,2.8,2.8,0.0,2.8,0
2019-11-05,2.779,2.779,2.779,2.779,0.0,2.779,0
2019-11-06,2.79,2.79,2.79,2.79,0.0,2.79,0
2019-11-07,2.737,2.737,2.737,2.737,0.0,2.737,0
2019-11-08,2.744,2.744,2.744,2.744,0.0,2.744,0
2019-11-11,2.735,2.735,2.735,2.735,0.0,2.735,0
2019-11-12,2.675,2.675,2.675,2.675,0.0,2.675,0
2019-11-13,2.676,2.676,2.676,2.676,0.0,2.676,0
2019-11-14,2.663,2.663,2.663,2.663,0.0,2.663,0
2019-11-15,2.669,2.669,2.669,2.669,0.0,2.669,0
2019-11-18,2.673,2.673,2.673,2.673,0.0,2.673,0
2019-11-19,2.685,2.685,2.685,2.685,0.0,2.685,0
2019-11-20,2.697,2.697,2.697,2.697,0.0,2.697,0
2019-11-21,2.704,2.704,2.704,2.704,0.0,2.704,0
2019-11-22,2.704,2.704,2.704,2.704,0.0,2.704,0
2019-11-25,2.686,2.686,2.686,2.686,0.0,2.686,0
2019-11-26,2.68,2.68,2.68,2.68,0.0,2.68,0
2019-11-27,2.684,2.684,2.684,2.684,0.0,2.684,0
2019-11-29,2.642,2.642,2.642,2.642,0.0,2.642,0
2019-12-02,2.668,2.668,2.668,2.668,0.0,2.668,0
2019-12-03,2.677,2.677,2.677,2.677,0.0,2.677,0
2019-12-04,2.676,2.676,2.676,2.676,0.0,2.676,0
2019-12-05,2.668,2.668,2.668,2.668,0.0,2.668,0
2019-12-06,2.623,2.623,2.623,2.623,0.0,2.623,0
2019-12-09,2.595,2.595,2.595,2.595,0.0,2.595,0
2019-12-10,2.604,2.604,2.604,2.604,0.0,2.604,0
2019-12-11,2.601,2.601,2.601,2.601,0.0,2.601,0
2019-12-12,2.606,2.606,2.606,2.606,0.0,2.606,0
2019-12-13,2.589,2.589,2.589,2.589,0.0,2.589,0
2019-12-16,2.603,2.603,2.603,2.603,0.0,2.603,0
2019-12-17,2.605,2.605,2.605,2.605,0.0,2.605,0
2019-12-18,2.529,2.529,2.529,2.529,0.0,2.529,0
2019-12-19,2.503,2.503,2.503,2.503,0.0,2.503,0
2019-12-20,2.494,2.494,2.494,2.494,0.0,2.494,0
2019-12-23,2.501,2.501,2.501,2.501,0.0,2.501,0
2019-12-24,2.499,2.499,2.499,2.499,0.0,2.499,0
2019-12-26,2.487,2.487,2.487,2.487,0.0,2.487,0
2019-12-27,2.485,2.485,2.485,2.485,0.0,2.485,0
2019-12-30,2.482,2.482,2.482,2.482,0.0,2.482,0
2019-12-31,2.491,2.491,2.491,2.491,0.0,2.491,0
2020-01-02,2.486,2.486,2.486,2.486,0.0,2.486,0
2020-01-03,2.486,2.486,2.486,2.486,0.0,2.486,0
2020-01-06,2.49,2.49,2.49,2.49,0.0,2.49,0
2020-01-07,2.505,2.505,2.505,2.505,0.0,2.505,0
2020-01-08,2.508,2.508,2.508,2.508,0.0,2.508,0
2020-01-09,2.519,2.519,2.519,2.519,0.0,2.519,0
2020-01-10,2.521,2.521,2.521,2.521,0.0,2.521,0
2020-01-13,2.521,2.521,2.521,2.521,0.0,2.521,0
2020-01-14,2.52,2.52,2.52,2.52,0.0,2.52,0
2020-01-15,2.519,2.519,2.519,2.519,0.0,2.519,0
2020-01-16,2.526,2.526,2.526,2.526,0.0,2.526,0
2020-01-17,2.536,2.536,2.536,2.536,0.0,2.536,0
2020-01-21,2.526,2.526,2.526,2.526,0.0,2.526,0
2020-01-22,2.538,2.538,2.538,2.538,0.0,2.538,0
2020-01-23,2.53,2.53,2.53,2.53,0.0,2.53,0
2020-01-24,2.542,2.542,2.542,2.542,0.0,2.542,0
2020-01-27,2.501,2.501,2.501,2.501,0.0,2.501,0
2020-01-28,2.511,2.511,2.511,2.511,0.0,2.511,0
2020-01-29,2.496,2.496,2.496,2.496,0.0,2.496,0
2020-01-30,2.467,2.467,2.467,2.467,0.0,2.467,0
2020-01-31,2.468,2.468,2.468,2.468,0.0,2.468,0
2020-02-03,2.463,2.463,2.463,2.463,0.0,2.463,0
2020-02-04,2.459,2.459,2.459,2.459,0.0,2.459,0
2020-02-05,2.426,2.426,2.426,2.426,0.0,2.426,0
2020-02-06,2.43,2.43,2.43,2.43,0.0,2.43,0
2020-02-07,2.448,2.448,2.448,2.448,0.0,2.448,0
2020-02-10,2.44,2.44,2.44,2.44,0.0,2.44,0
2020-02-11,2.399,2.399,2.399,2.399,0.0,2.399,0
2020-02-12,2.406,2.406,2.406,2.406,0.0,2.406,0
2020-02-13,2.396,2.396,2.396,2.396,0.0,2.396,0
2020-02-14,2.412,2.412,2.412,2.412,0.0,2.412,0
2020-02-18,2.385,2.385,2.385,2.385,0.0,2.385,0
2020-02-19,2.431,2.431,2.431,2.431,0.0,2.431,0
2020-02-20,2.431,2.431,2.431,2.431,0.0,2.431,0
2020-02-21,2.461,2.461,2.461,2.461,0.0,2.461,0
2020-02-24,2.467,2.467,2.467,2.467,0.0,2.467,0
2020-02-25,2.47,2.47,2.47,2.47,0.0,2.47,0
2020-02-26,2.493,2.493,2.493,2.493,0.0,2.493,0
2020-02-27,2.483,2.483,2.483,2.483,0.0,2.483,0
2020-02-28,2.501,2.501,2.501,2.501,0.0,2.501,0
2020-03-02,2.556,2.556,2.556,2.556,0.0,2.556,0
2020-03-03,2.552,2.552,2.552,2.552,0.0,2.552,0
2020-03-04,2.541,2.541,2.541,2.541,0.0,2.541,0
2020-03-05,2.516,2.516,2.516,2.516,0.0,2.516,0
2020-03-06,2.529,2.529,2.529,2.529,0.0,2.529,0
2020-03-09,2.566,2.566,2.566,2.566,0.0,2.566,0
2020-03-10,2.566,2.566,2.566,2.566,0.0,2.566,0
2020-03-11,2.528,2.528,2.528,2.528,0.0,2.528,0
2020-03-12,2.478,2.478,2.478,2.478,0.0,2.478,0
2020-03-13,2.473,2.473,2.473,2.473,0.0,2.473,0
2020-03-16,2.462,2.462,2.462,2.462,0.0,2.462,0
2020-03-17,2.491,2.491,2.491,2.491,0.0,2.491,0
2020-03-18,2.497,2.497,2.497,2.497,0.0,2.497,0
2020-03-19,2.51,2.51,2.51,2.51,0.0,2.51,0
2020-03-20,2.504,2.504,2.504,2.504,0.0,2.504,0
2020-03-23,2.499,2.499,2.499,2.499,0.0,2.499,0
2020-03-24,2.456,2.456,2.456,2.456,0.0,2.456,0
2020-03-25,2.451,2.451,2.451,2.451,0.0,2.451,0
2020-03-26,2.417,2.417,2.417,2.417,0.0,2.417,0
2020-03-27,2.439,2.439,2.439,2.439,0.0,2.439,0
2020-03-30,2.447,2.447,2.447,2.447,0.0,2.447,0
2020-03-31,2.435,2.435,2.435,2.435,0.0,2.435,0
2020-04-01,2.405,2.405,2.405,2.405,0.0,2.405,0
2020-04-02,2.391,2.391,2.391,2.391,0.0,2.391,0
2020-04-03,2.375,2.375,2.375,2.375,0.0,2.375,0
2020-04-06,2.391,2.391,2.391,2.391,0.0,2.391,0
2020-04-07,2.385,2.385,2.385,2.385,0.0,2.385,0
2020-04-08,2.402,2.402,2.402,2.402,0.0,2.402,0
2020-04-09,2.368,2.368,2.368,2.368,0.0,2.368,0
2020-04-13,2.414,2.414,2.414,2.414,0.0,2.414,0
2020-04-14,2.396,2.396,2.396,2.396,0.0,2.396,0
2020-04-15,2.365,2.365,2.365,2.365,0.0,2.365,0
2020-04-16,2.37,2.37,2.37,2.37,0.0,2.37,0
2020-04-17,2.371,2.371,2.371,2.371,0.0,2.371,0
2020-04-20,2.407,2.407,2.407,2.407,0.0,2.407,0
2020-04-21,2.39,2.39,2.39,2.39,0.0,2.39,0
2020-04-22,2.418,2.418,2.418,2.418,0.0,2.418,0
2020-04-23,2.372,2.372,2.372,2.372,0.0,2.372,0
2020-04-24,2.37,2.37,2.37,2.37,0.0,2.37,0
2020-04-27,2.396,2.396,2.396,2.396,0.0,2.396,0
2020-04-28,2.388,2.388,2.388,2.388,0.0,2.388,0
2020-04-29,2.383,2.383,2.383,2.383,0.0,2.383,0
2020-04-30,2.358,2.358,2.358,2.358,0.0,2.358,0
2020-05-01,2.341,2.341,2.341,2.341,0.0,2.341,0
2020-05-04,2.312,2.312,2.312,2.312,0.0,2.312,0
2020-05-05,2.299,2.299,2.299,2.299,0.0,2.299,0
2020-05-06,2.338,2.338,2.338,2.338,0.0,2.338,0
2020-05-07,2.285,2.285,2.285,2.285,0.0,2.285,0
2020-05-08,2.274,2.274,2.274,2.274,0.0,2.274,0
2020-05-11,2.25,2.25,2.25,2.25,0.0,2.25,0
2020-05-12,2.254,2.254,2.254,2.254,0.0,2.254,0
2020-05-13,2.203,2.203,2.203,2.203,0.0,2.203,0
2020-05-14,2.265,2.265,2.177,2.177,12.0,2.265,1
2020-05-15,2.238,2.238,2.238,2.238,0.0,2.238,0
2020-05-18,2.256,2.256,2.256,2.256,0.0,2.256,0
2020-05-19,2.253,2.253,2.253,2.253,0.0,2.253,0
2020-05-20,2.2,2.2,2.2,2.2,0.0,2.2,0
2020-05-21,2.191,2.191,2.191,2.191,0.0,2.191,0
2020-05-22,2.234,2.234,2.234,2.234,0.0,2.234,0
2020-05-26,2.214,2.214,2.214,2.214,0.0,2.214,0
2020-05-27,2.274,2.274,2.274,2.274,0.0,2.274,0
2020-05-28,2.266,2.266,2.266,2.266,0.0,2.266,0
2020-05-29,2.26,2.26,2.26,2.26,0.0,2.26,0
2020-06-01,2.242,2.242,2.242,2.242,0.0,2.242,0
2020-06-02,2.247,2.247,2.247,2.247,0.0,2.247,0
2020-06-03,2.234,2.234,2.234,2.234,0.0,2.234,0
2020-06-04,2.243,2.243,2.243,2.243,0.0,2.243,0
2020-06-05,2.237,2.237,2.237,2.237,0.0,2.237,0
2020-06-08,2.251,2.251,2.251,2.251,0.0,2.251,0
2020-06-09,2.273,2.273,2.273,2.273,0.0,2.273,0
2020-06-10,2.278,2.278,2.278,2.278,0.0,2.278,0
2020-06-11,2.273,2.273,2.273,2.273,0.0,2.273,0
2020-06-12,2.262,2.262,2.262,2.262,0.0,2.262,0
2020-06-15,2.289,2.289,2.289,2.289,0.0,2.289,0
2020-06-16,2.29,2.29,2.29,2.29,0.0,2.29,0
2020-06-17,2.285,2.285,2.285,2.285,0.0,2.285,0
2020-06-18,2.284,2.284,2.284,2.284,0.0,2.284,0
2020-06-19,2.267,2.267,2.267,2.267,0.0,2.267,0
2020-06-22,2.255,2.255,2.255,2.255,0.0,2.255,0
2020-06-23,2.254,2.254,2.254,2.254,0.0,2.254,0
2020-06-24,2.275,2.275,2.275,2.275,0.0,2.275,0
2020-06-25,2.308,2.308,2.308,2.308,0.0,2.308,0
2020-06-26,2.33,2.33,2.33,2.33,0.0,2.33,0
2020-06-29,2.328,2.328,2.328,2.328,0.0,2.328,0
2020-06-30,2.328,2.328,2.328,2.328,0.0,2.328,0
2020-07-01,2.341,2.341,2.341,2.341,0.0,2.341,0
2020-07-02,2.385,2.385,2.385,2.385,0.0,2.385,0
2020-07-06,2.364,2.364,2.364,2.364,0.0,2.364,0
2020-07-07,2.347,2.347,2.347,2.347,0.0,2.347,0
2020-07-08,2.375,2.375,2.375,2.375,0.0,2.375,0
2020-07-09,2.36,2.36,2.36,2.36,0.0,2.36,0
2020-07-10,2.342,2.342,2.342,2.342,0.0,2.342,0
2020-07-13,2.338,2.338,2.338,2.338,0.0,2.338,0
2020-07-14,2.337,2.337,2.337,2.337,0.0,2.337,0
2020-07-15,2.347,2.347,2.347,2.347,0.0,2.347,0
2020-07-16,2.34,2.34,2.34,2.34,0.0,2.34,0
2020-07-17,2.337,2.337,2.337,2.337,0.0,2.337,0
2020-07-20,2.328,2.328,2.328,2.328,0.0,2.328,0
2020-07-21,2.343,2.343,2.343,2.343,0.0,2.343,0
2020-07-22,2.352,2.352,2.352,2.352,0.0,2.352,0
2020-07-23,2.436,2.436,2.436,2.436,0.0,2.436,0
2020-07-24,2.43,2.43,2.43,2.43,0.0,2.43,0
2020-07-27,2.494,2.494,2.494,2.494,0.0,2.494,0
2020-07-28,2.491,2.491,2.491,2.491,0.0,2.491,0
2020-07-29,2.496,2.496,2.496,2.496,0.0,2.496,0
2020-07-30,2.507,2.507,2.507,2.507,0.0,2.507,0
2020-07-31,2.607,2.607,2.607,2.607,0.0,2.607,0
2020-08-03,2.605,2.605,2.605,2.605,0.0,2.605,0
2020-08-04,2.599,2.599,2.599,2.599,0.0,2.599,0
2020-08-05,2.617,2.617,2.617,2.617,0.0,2.617,0
2020-08-06,2.642,2.642,2.642,2.642,0.0,2.642,0
2020-08-07,2.704,2.704,2.704,2.704,0.0,2.704,0
2020-08-10,2.672,2.672,2.672,2.672,0.0,2.672,0
2020-08-11,2.587,2.587,2.587,2.587,0.0,2.587,0
2020-08-12,2.564,2.564,2.564,2.564,0.0,2.564,0
2020-08-13,2.584,2.584,2.584,2.584,0.0,2.584,0
2020-08-14,2.57,2.57,2.57,2.57,0.0,2.57,0
2020-08-17,2.57,2.57,2.57,2.57,0.0,2.57,0
2020-08-18,2.565,2.565,2.565,2.565,0.0,2.565,0
2020-08-19,2.56,2.56,2.56,2.56,0.0,2.56,0
2020-08-20,2.558,2.558,2.558,2.558,0.0,2.558,0
2020-08-21,2.553,2.553,2.553,2.553,0.0,2.553,0
2020-08-24,2.548,2.548,2.548,2.548,0.0,2.548,0
2020-08-25,2.541,2.541,2.541,2.541,0.0,2.541,0
2020-08-26,2.569,2.569,2.569,2.569,0.0,2.569,0
2020-08-27,2.578,2.578,2.578,2.578,0.0,2.578,0
2020-08-28,2.566,2.566,2.566,2.566,0.0,2.566,0
2020-08-31,2.54,2.54,2.54,2.54,0.0,2.54,0
2020-09-01,2.538,2.538,2.538,2.538,0.0,2.538,0
2020-09-02,2.532,2.532,2.532,2.532,0.0,2.532,0
2020-09-03,2.529,2.529,2.529,2.529,0.0,2.529,0
2020-09-04,2.455,2.455,2.455,2.455,0.0,2.455,0
2020-09-08,2.456,2.456,2.456,2.456,0.0,2.456,0
2020-09-09,2.442,2.442,2.442,2.442,0.0,2.442,0
2020-09-10,2.424,2.424,2.424,2.424,0.0,2.424,0
2020-09-11,2.401,2.401,2.401,2.401,0.0,2.401,0
2020-09-14,2.374,2.374,2.374,2.374,0.0,2.374,0
2020-09-15,2.381,2.381,2.381,2.381,0.0,2.381,0
2020-09-16,2.332,2.332,2.332,2.332,0.0,2.332,0
2020-09-17,2.32,2.32,2.32,2.32,0.0,2.32,0
2020-09-18,2.341,2.341,2.341,2.341,0.0,2.341,0
2020-09-21,2.312,2.312,2.312,2.312,0.0,2.312,0
2020-09-22,2.351,2.351,2.351,2.351,0.0,2.351,0
2020-09-23,2.391,2.391,2.391,2.391,0.0,2.391,0
2020-09-24,2.417,2.417,2.417,2.417,0.0,2.417,0
2020-09-25,2.436,2.436,2.436,2.436,0.0,2.436,0
2020-09-28,2.444,2.444,2.444,2.444,0.0,2.444,0
2020-09-29,2.415,2.415,2.415,2.415,0.0,2.415,0
2020-09-30,2.396,2.396,2.396,2.396,0.0,2.396,0
2020-10-01,2.376,2.376,2.376,2.376,0.0,2.376,0
2020-10-02,2.373,2.373,2.373,2.373,0.0,2.373,0
2020-10-05,2.351,2.351,2.351,2.351,0.0,2.351,0
2020-10-06,2.358,2.358,2.358,2.358,0.0,2.358,0
2020-10-07,2.381,2.381,2.381,2.381,0.0,2.381,0
2020-10-08,2.356,2.356,2.356,2.356,0.0,2.356,0
2020-10-09,2.386,2.386,2.386,2.386,0.0,2.386,0
2020-10-12,2.372,2.372,2.372,2.372,0.0,2.372,0
2020-10-13,2.352,2.352,2.352,2.352,0.0,2.352,0
2020-10-14,2.379,2.379,2.379,2.379,0.0,2.379,0
2020-10-15,2.365,2.365,2.365,2.365,0.0,2.365,0
2020-10-16,2.368,2.368,2.368,2.368,0.0,2.368,0
2020-10-19,2.411,2.411,2.411,2.411,0.0,2.411,0
2020-10-20,2.352,2.352,2.352,2.352,0.0,2.352,0
2020-10-21,2.373,2.373,2.373,2.373,0.0,2.373,0
2020-10-22,2.375,2.375,2.375,2.375,0.0,2.375,0
2020-10-23,2.402,2.402,2.402,2.402,0.0,2.402,0
2020-10-26,2.315,2.315,2.315,2.315,0.0,2.315,0
2020-10-27,2.349,2.349,2.349,2.349,0.0,2.349,0
2020-10-28,2.399,2.399,2.399,2.399,0.0,2.399,0
2020-10-29,2.411,2.411,2.411,2.411,0.0,2.411,0
2020-10-30,2.428,2.428,2.428,2.428,0.0,2.428,0
2020-11-02,2.371,2.371,2.371,2.371,0.0,2.371,0
2020-11-03,2.4,2.4,2.4,2.4,0.0,2.4,0
2020-11-04,2.397,2.397,2.397,2.397,0.0,2.397,0
2020-11-05,2.392,2.392,2.392,2.392,0.0,2.392,0
2020-11-06,2.382,2.382,2.382,2.382,0.0,2.382,0
2020-11-09,2.378,2.378,2.378,2.378,0.0,2.378,0
2020-11-10,2.388,2.388,2.388,2.388,0.0,2.388,0
2020-11-11,2.403,2.403,2.403,2.403,0.0,2.403,0
2020-11-12,2.4,2.4,2.4,2.4,0.0,2.4,0
2020-11-13,2.354,2.354,2.354,2.354,0.0,2.354,0
2020-11-16,2.351,2.351,2.351,2.351,0.0,2.351,0
2020-11-17,2.368,2.368,2.368,2.368,0.0,2.368,0
2020-11-18,2.392,2.392,2.392,2.392,0.0,2.392,0
2020-11-19,2.392,2.392,2.392,2.392,0.0,2.392,0
2020-11-20,2.385,2.385,2.385,2.385,0.0,2.385,0
2020-11-23,2.379,2.379,2.379,2.379,0.0,2.379,0
2020-11-24,2.381,2.381,2.381,2.381,0.0,2.381,0
2020-11-25,2.364,2.364,2.364,2.364,0.0,2.364,0
2020-11-27,2.36,2.36,2.36,2.36,0.0,2.36,0
2020-11-30,2.346,2.346,2.346,2.346,0.0,2.346,0
2020-12-01,2.408,2.408,2.408,2.408,0.0,2.408,0
2020-12-02,2.433,2.433,2.433,2.433,0.0,2.433,0
2020-12-03,2.405,2.405,2.405,2.405,0.0,2.405,0
2020-12-04,2.425,2.425,2.425,2.425,0.0,2.425,0
2020-12-07,2.396,2.396,2.396,2.396,0.0,2.396,0
2020-12-08,2.384,2.384,2.384,2.384,0.0,2.384,0
2020-12-09,2.394,2.394,2.394,2.394,0.0,2.394,0
2020-12-10,2.399,2.399,2.399,2.399,0.0,2.399,0
2020-12-11,2.418,2.418,2.418,2.418,0.0,2.418,0
2020-12-14,2.412,2.412,2.412,2.412,0.0,2.412,0
2020-12-15,2.397,2.397,2.397,2.397,0.0,2.397,0
2020-12-16,2.409,2.409,2.409,2.409,0.0,2.409,0
2020-12-17,2.397,2.397,2.397,2.397,0.0,2.397,0
2020-12-18,2.411,2.411,2.411,2.411,0.0,2.411,0
2020-12-21,2.382,2.382,2.382,2.382,0.0,2.382,0
2020-12-22,2.427,2.427,2.427,2.427,0.0,2.427,0
2020-12-23,2.422,2.422,2.422,2.422,0.0,2.422,0
2020-12-24,2.434,2.434,2.434,2.434,0.0,2.434,0
2020-12-28,2.353,2.353,2.353,2.353,0.0,2.353,0
2020-12-29,2.422,2.422,2.422,2.422,0.0,2.422,0
2020-12-30,2.393,2.393,2.393,2.393,0.0,2.393,0
2020-12-31,2.42,2.42,2.42,2.42,0.0,2.42,0
2021-01-04,2.428,2.428,2.428,2.428,0.0,2.428,0
2021-01-05,2.443,2.443,2.443,2.443,0.0,2.443,0
2021-01-06,2.476,2.476,2.476,2.476,0.0,2.476,0
2021-01-07,2.444,2.444,2.444,2.444,0.0,2.444,0
2021-01-08,2.428,2.428,2.428,2.428,0.0,2.428,0
2021-01-11,2.431,2.431,2.431,2.431,0.0,2.431,0
2021-01-12,2.438,2.438,2.438,2.438,0.0,2.438,0
2021-01-13,2.469,2.469,2.469,2.469,0.0,2.469,0
2021-01-14,2.417,2.417,2.417,2.417,0.0,2.417,0
2021-01-15,2.453,2.453,2.453,2.453,0.0,2.453,0
2021-01-19,2.478,2.478,2.478,2.478,0.0,2.478,0
2021-01-20,2.492,2.492,2.492,2.492,0.0,2.492,0
2021-01-21,2.503,2.503,2.503,2.503,0.0,2.503,0
2021-01-22,2.503,2.503,2.503,2.503,0.0,2.503,0
2021-01-25,2.46,2.46,2.46,2.46,0.0,2.46,0
2021-01-26,2.489,2.489,2.489,2.489,0.0,2.489,0
2021-01-27,2.504,2.504,2.504,2.504,0.0,2.504,0
2021-01-28,2.503,2.503,2.503,2.503,0.0,2.503,0
2021-01-29,2.487,2.487,2.487,2.487,0.0,2.487,0
2021-02-01,2.491,2.491,2.491,2.491,0.0,2.491,0
2021-02-02,2.487,2.487,2.487,2.487,0.0,2.487,0
2021-02-03,2.468,2.468,2.468,2.468,0.0,2.468,0
2021-02-04,2.444,2.444,2.444,2.444,0.0,2.444,0
2021-02-05,2.453,2.453,2.453,2.453,0.0,2.453,0
2021-02-08,2.473,2.473,2.473,2.473,0.0,2.473,0
2021-02-09,2.473,2.473,2.473,2.473,0.0,2.473,0
2021-02-10,2.478,2.478,2.478,2.478,0.0,2.478,0
2021-02-11,2.465,2.465,2.465,2.465,0.0,2.465,0
2021-02-12,2.459,2.459,2.459,2.459,0.0,2.459,0
2021-02-16,2.476,2.476,2.476,2.476,0.0,2.476,0
2021-02-17,2.471,2.471,2.471,2.471,0.0,2.471,0
2021-02-18,2.461,2.461,2.461,2.461,0.0,2.461,0
2021-02-19,2.457,2.457,2.457,2.457,0.0,2.457,0
2021-02-22,2.459,2.459,2.459,2.459,0.0,2.459,0
2021-02-23,2.464,2.464,2.464,2.464,0.0,2.464,0
2021-02-24,2.458,2.458,2.458,2.458,0.0,2.458,0
2021-02-25,2.407,2.407,2.407,2.407,0.0,2.407,0
2021-02-26,2.427,2.427,2.427,2.427,0.0,2.427,0
2021-03-01,2.445,2.445,2.445,2.445,0.0,2.445,0
2021-03-02,2.444,2.444,2.444,2.444,0.0,2.444,0
2021-03-03,2.419,2.419,2.419,2.419,0.0,2.419,0
2021-03-04,2.377,2.377,2.377,2.377,0.0,2.377,0
2021-03-05,2.383,2.383,2.383,2.383,0.0,2.383,0
2021-03-08,2.401,2.401,2.401,2.401,0.0,2.401,0
2021-03-09,2.408,2.408,2.408,2.408,0.0,2.408,0
2021-03-10,2.406,2.406,2.406,2.406,0.0,2.406,0
2021-03-11,2.403,2.403,2.403,2.403,0.0,2.403,0
2021-03-12,2.42,2.42,2.42,2.42,0.0,2.42,0
2021-03-15,2.393,2.393,2.393,2.393,0.0,2.393,0
2021-03-16,2.425,2.425,2.425,2.425,0.0,2.425,0
2021-03-17,2.406,2.406,2.406,2.406,0.0,2.406,0
2021-03-18,2.42,2.42,2.42,2.42,0.0,2.42,0
2021-03-19,2.426,2.426,2.426,2.426,0.0,2.426,0
2021-03-22,2.422,2.422,2.422,2.422,0.0,2.422,0
2021-03-23,2.436,2.436,2.436,2.436,0.0,2.436,0
2021-03-24,2.439,2.439,2.439,2.439,0.0,2.439,0
2021-03-25,2.439,2.439,2.439,2.439,0.0,2.439,0
2021-03-26,2.441,2.441,2.441,2.441,0.0,2.441,0
2021-03-29,2.485,2.485,2.485,2.485,0.0,2.485,0
2021-03-30,2.496,2.496,2.496,2.496,0.0,2.496,0
2021-03-31,2.492,2.492,2.492,2.492,0.0,2.492,0
2021-04-01,2.521,2.521,2.521,2.521,0.0,2.521,0
2021-04-05,2.508,2.508,2.508,2.508,0.0,2.508,0
2021-04-06,2.491,2.491,2.491,2.491,0.0,2.491,0
2021-04-07,2.494,2.494,2.494,2.494,0.0,2.494,0
2021-04-08,2.494,2.494,2.494,2.494,0.0,2.494,0
2021-04-09,2.528,2.528,2.528,2.528,0.0,2.528,0
2021-04-12,2.537,2.537,2.537,2.537,0.0,2.537,0
2021-04-13,2.52,2.52,2.52,2.52,0.0,2.52,0
2021-04-14,2.529,2.529,2.529,2.529,0.0,2.529,0
2021-04-15,2.533,2.533,2.533,2.533,0.0,2.533,0
2021-04-16,2.546,2.546,2.546,2.546,0.0,2.546,0
2021-04-19,2.54,2.54,2.54,2.54,0.0,2.54,0
2021-04-20,2.485,2.485,2.485,2.485,0.0,2.485,0
2021-04-21,2.47,2.47,2.47,2.47,0.0,2.47,0
2021-04-22,2.451,2.451,2.451,2.451,0.0,2.451,0
2021-04-23,2.459,2.459,2.459,2.459,0.0,2.459,0
2021-04-26,2.499,2.499,2.445,2.445,6.0,2.499,1
2021-04-27,2.424,2.424,2.424,2.424,0.0,2.424,0
2021-04-28,2.436,2.436,2.436,2.436,0.0,2.436,0
2021-04-29,2.438,2.438,2.438,2.438,0.0,2.438,0
2021-04-30,2.488,2.488,2.488,2.488,0.0,2.488,0
2021-05-03,2.491,2.491,2.491,2.491,0.0,2.491,0
2021-05-04,2.5,2.5,2.5,2.5,0.0,2.5,0
2021-05-05,2.502,2.502,2.502,2.502,0.0,2.502,0
2021-05-06,2.492,2.492,2.492,2.492,0.0,2.492,0
2021-05-07,2.499,2.499,2.499,2.499,0.0,2.499,0
2021-05-10,2.502,2.502,2.502,2.502,0.0,2.502,0
2021-05-11,2.499,2.499,2.499,2.499,0.0,2.499,0
2021-05-12,2.498,2.498,2.498,2.498,0.0,2.498,0
2021-05-13,2.488,2.488,2.488,2.488,0.0,2.488,0
2021-05-14,2.484,2.484,2.484,2.484,0.0,2.484,0
2021-05-17,2.488,2.488,2.488,2.488,0.0,2.488,0
2021-05-18,2.457,2.457,2.457,2.457,0.0,2.457,0
2021-05-19,2.461,2.461,2.461,2.461,0.0,2.461,0
2021-05-20,2.466,2.466,2.466,2.466,0.0,2.466,0
2021-05-21,2.478,2.478,2.478,2.478,0.0,2.478,0
2021-05-24,2.472,2.472,2.472,2.472,0.0,2.472,0
2021-05-25,2.483,2.483,2.483,2.483,0.0,2.483,0
2021-05-26,2.452,2.452,2.452,2.452,0.0,2.452,0
2021-05-27,2.449,2.449,2.449,2.449,0.0,2.449,0
2021-05-28,2.472,2.472,2.472,2.472,0.0,2.472,0
2021-06-01,2.454,2.454,2.454,2.454,0.0,2.454,0
2021-06-02,2.464,2.464,2.464,2.464,0.0,2.464,0
2021-06-03,2.446,2.446,2.446,2.446,0.0,2.446,0
2021-06-04,2.497,2.497,2.497,2.497,0.0,2.497,0
2021-06-07,2.468,2.468,2.468,2.468,0.0,2.468,0
2021-06-08,2.474,2.474,2.474,2.474,0.0,2.474,0
2021-06-09,2.481,2.481,2.481,2.481,0.0,2.481,0
2021-06-10,2.47,2.47,2.47,2.47,0.0,2.47,0
2021-06-11,2.469,2.469,2.469,2.469,0.0,2.469,0
2021-06-14,2.478,2.478,2.478,2.478,0.0,2.478,0
2021-06-15,2.463,2.463,2.463,2.463,0.0,2.463,0
2021-06-16,2.516,2.516,2.516,2.516,0.0,2.516,0
2021-06-17,2.521,2.521,2.521,2.521,0.0,2.521,0
2021-06-18,2.53,2.53,2.53,2.53,0.0,2.53,0
2021-06-21,2.527,2.527,2.527,2.527,0.0,2.527,0
2021-06-22,2.527,2.527,2.527,2.527,0.0,2.527,0
2021-06-23,2.528,2.528,2.528,2.528,0.0,2.528,0
2021-06-24,2.516,2.516,2.516,2.516,0.0,2.516,0
2021-06-25,2.577,2.577,2.577,2.577,0.0,2.577,0
2021-06-28,2.587,2.587,2.587,2.587,0.0,2.587,0
2021-06-29,2.615,2.615,2.615,2.615,0.0,2.615,0
2021-06-30,2.616,2.616,2.616,2.616,0.0,2.616,0
2021-07-01,2.604,2.604,2.604,2.604,0.0,2.604,0
2021-07-02,2.596,2.596,2.596,2.596,0.0,2.596,0
2021-07-06,2.588,2.588,2.588,2.588,0.0,2.588,0
2021-07-07,2.6,2.6,2.6,2.6,0.0,2.6,0
2021-07-08,2.612,2.612,2.612,2.612,0.0,2.612,0
2021-07-09,2.618,2.618,2.618,2.618,0.0,2.618,0
2021-07-12,2.623,2.623,2.623,2.623,0.0,2.623,0
2021-07-13,2.622,2.622,2.622,2.622,0.0,2.622,0
2021-07-14,2.615,2.615,2.615,2.615,0.0,2.615,0
2021-07-15,2.623,2.623,2.623,2.623,0.0,2.623,0
2021-07-16,2.639,2.639,2.639,2.639,0.0,2.639,0
2021-07-19,2.649,2.649,2.649,2.649,0.0,2.649,0
2021-07-20,2.651,2.651,2.651,2.651,0.0,2.651,0
2021-07-21,2.686,2.686,2.686,2.686,0.0,2.686,0
2021-07-22,2.688,2.688,2.688,2.688,0.0,2.688,0
2021-07-23,2.694,2.694,2.694,2.694,0.0,2.694,0
2021-07-26,2.702,2.702,2.702,2.702,0.0,2.702,0
2021-07-27,2.672,2.672,2.672,2.672,0.0,2.672,0
2021-07-28,2.664,2.664,2.664,2.664,0.0,2.664,0
2021-07-29,2.639,2.639,2.639,2.639,0.0,2.639,0
2021-07-30,2.664,2.664,2.664,2.664,0.0,2.664,0
2021-08-02,2.678,2.678,2.678,2.678,0.0,2.678,0
2021-08-03,2.67,2.67,2.67,2.67,0.0,2.67,0
2021-08-04,2.68,2.68,2.68,2.68,0.0,2.68,0
2021-08-05,2.645,2.645,2.645,2.645,0.0,2.645,0
2021-08-06,2.654,2.654,2.654,2.654,0.0,2.654,0
2021-08-09,2.67,2.67,2.67,2.67,0.0,2.67,0
2021-08-10,2.667,2.667,2.667,2.667,0.0,2.667,0
2021-08-11,2.682,2.682,2.682,2.682,0.0,2.682,0
2021-08-12,2.763,2.763,2.763,2.763,0.0,2.763,0
2021-08-13,2.73,2.73,2.73,2.73,0.0,2.73,0
2021-08-16,2.742,2.742,2.742,2.742,0.0,2.742,0
2021-08-17,2.755,2.755,2.755,2.755,0.0,2.755,0
2021-08-18,2.753,2.753,2.753,2.753,0.0,2.753,0
2021-08-19,2.764,2.764,2.764,2.764,0.0,2.764,0
2021-08-20,2.763,2.763,2.763,2.763,0.0,2.763,0
2021-08-23,2.765,2.765,2.765,2.765,0.0,2.765,0
2021-08-24,2.761,2.761,2.761,2.761,0.0,2.761,0
2021-08-25,2.778,2.778,2.778,2.778,0.0,2.778,0
2021-08-26,2.829,2.829,2.829,2.829,0.0,2.829,0
2021-08-27,2.831,2.831,2.831,2.831,0.0,2.831,0
2021-08-30,2.834,2.834,2.834,2.834,0.0,2.834,0
2021-08-31,2.823,2.823,2.823,2.823,0.0,2.823,0
2021-09-01,2.832,2.832,2.832,2.832,0.0,2.832,0
2021-09-02,2.832,2.832,2.832,2.832,0.0,2.832,0
2021-09-03,2.882,2.882,2.882,2.882,0.0,2.882,0
2021-09-07,2.932,2.932,2.932,2.932,0.0,2.932,0
2021-09-08,2.984,2.984,2.984,2.984,0.0,2.984,0
2021-09-09,3.109,3.109,3.109,3.109,0.0,3.109,0
2021-09-10,3.091,3.091,3.091,3.091,0.0,3.091,0
2021-09-13,3.106,3.106,3.106,3.106,0.0,3.106,0
2021-09-14,3.079,3.079,3.079,3.079,0.0,3.079,0
2021-09-15,3.068,3.068,3.068,3.068,0.0,3.068,0
2021-09-16,3.071,3.071,3.071,3.071,0.0,3.071,0
2021-09-17,3.064,3.064,3.064,3.064,0.0,3.064,0
2021-09-20,3.1,3.1,3.1,3.1,0.0,3.1,0
2021-09-21,3.117,3.117,3.117,3.117,0.0,3.117,0
2021-09-22,3.134,3.134,3.134,3.134,0.0,3.134,0
2021-09-23,3.141,3.141,3.141,3.141,0.0,3.141,0
2021-09-24,3.032,3.032,3.032,3.032,0.0,3.032,0
2021-09-27,2.985,2.985,2.985,2.985,0.0,2.985,0
2021-09-28,2.908,2.908,2.908,2.908,0.0,2.908,0
2021-09-29,2.874,2.874,2.874,2.874,0.0,2.874,0
2021-09-30,2.881,2.881,2.881,2.881,0.0,2.881,0
2021-10-01,2.871,2.871,2.871,2.871,0.0,2.871,0
2021-10-04,2.966,2.966,2.88,2.88,1.0,2.966,1
2021-10-05,2.895,2.895,2.895,2.895,0.0,2.895,0
2021-10-06,2.933,2.933,2.933,2.933,0.0,2.933,0
2021-10-07,2.933,2.933,2.933,2.933,0.0,2.933,0
2021-10-08,2.974,2.974,2.974,2.974,0.0,2.974,0
2021-10-11,2.96,2.96,2.96,2.96,0.0,2.96,0
2021-10-12,2.962,2.962,2.962,2.962,0.0,2.962,0
2021-10-13,2.967,2.967,2.967,2.967,0.0,2.967,0
2021-10-14,3.002,3.002,3.002,3.002,0.0,3.002,0
2021-10-15,3.013,3.013,3.013,3.013,0.0,3.013,0
2021-10-18,3.019,3.019,3.019,3.019,0.0,3.019,0
2021-10-19,3.016,3.016,3.016,3.016,0.0,3.016,0
2021-10-20,3.019,3.019,3.019,3.019,0.0,3.019,0
2021-10-21,3.015,3.015,3.015,3.015,0.0,3.015,0
2021-10-22,3.02,3.02,3.02,3.02,0.0,3.02,0
2021-10-25,3.063,3.063,3.063,3.063,0.0,3.063,0
2021-10-26,3.041,3.041,3.041,3.041,0.0,3.041,0
2021-10-27,2.978,2.978,2.978,2.978,0.0,2.978,0
2021-10-28,2.984,2.984,2.984,2.984,0.0,2.984,0
2021-10-29,2.935,2.935,2.935,2.935,0.0,2.935,0
2021-11-01,2.83,2.83,2.83,2.83,0.0,2.83,0
2021-11-02,2.891,2.891,2.891,2.891,0.0,2.891,0
2021-11-03,2.885,2.885,2.885,2.885,0.0,2.885,0
2021-11-04,2.909,2.909,2.909,2.909,0.0,2.909,0
2021-11-05,2.949,2.949,2.949,2.949,0.0,2.949,0
2021-11-08,3.052,3.052,3.052,3.052,0.0,3.052,0
2021-11-09,3.048,3.048,3.048,3.048,0.0,3.048,0
2021-11-10,3.074,3.074,3.074,3.074,0.0,3.074,0
2021-11-11,3.091,3.091,3.091,3.091,0.0,3.091,0
2021-11-12,3.012,3.012,3.012,3.012,0.0,3.012,0
2021-11-15,3.025,3.025,3.025,3.025,0.0,3.025,0
2021-11-16,3.096,3.096,3.096,3.096,0.0,3.096,0
2021-11-17,3.027,3.027,3.027,3.027,0.0,3.027,0
2021-11-18,3.015,3.015,3.015,3.015,0.0,3.015,0
2021-11-19,2.979,2.979,2.979,2.979,0.0,2.979,0
2021-11-22,2.961,2.961,2.961,2.961,0.0,2.961,0
2021-11-23,3.008,3.008,3.008,3.008,0.0,3.008,0
2021-11-24,3.006,3.006,3.006,3.006,0.0,3.006,0
2021-11-26,3.045,3.045,3.045,3.045,0.0,3.045,0
2021-11-29,3.037,3.037,3.037,3.037,0.0,3.037,0
2021-11-30,3.01,3.01,3.01,3.01,0.0,3.01,0
2021-12-01,3.018,3.018,3.018,3.018,0.0,3.018,0
2021-12-02,3.022,3.022,3.022,3.022,0.0,3.022,0
2021-12-03,3.032,3.032,3.032,3.032,0.0,3.032,0
2021-12-06,3.004,3.004,3.004,3.004,0.0,3.004,0
2021-12-07,3.008,3.008,3.008,3.008,0.0,3.008,0
2021-12-08,2.902,2.902,2.902,2.902,0.0,2.902,0
2021-12-09,2.901,2.901,2.901,2.901,0.0,2.901,0
2021-12-10,2.929,2.929,2.929,2.929,0.0,2.929,0
2021-12-13,2.833,2.833,2.833,2.833,0.0,2.833,0
2021-12-14,2.871,2.871,2.871,2.871,0.0,2.871,0
2021-12-15,2.931,2.931,2.931,2.931,0.0,2.931,0
2021-12-16,2.911,2.911,2.911,2.911,0.0,2.911,0
2021-12-17,2.924,2.924,2.924,2.924,0.0,2.924,0
2021-12-20,2.939,2.939,2.939,2.939,0.0,2.939,0
2021-12-21,2.923,2.923,2.923,2.923,0.0,2.923,0
2021-12-22,2.924,2.924,2.924,2.924,0.0,2.924,0
2021-12-23,2.887,2.887,2.887,2.887,0.0,2.887,0
2021-12-27,2.873,2.873,2.873,2.873,0.0,2.873,0
2021-12-28,2.896,2.896,2.896,2.896,0.0,2.896,0
2021-12-29,2.908,2.908,2.908,2.908,0.0,2.908,0
2021-12-30,2.896,2.896,2.896,2.896,0.0,2.896,0
2021-12-31,2.957,2.957,2.957,2.957,0.0,2.957,0
2022-01-03,2.939,2.939,2.939,2.939,0.0,2.939,0
2022-01-04,2.938,2.938,2.938,2.938,0.0,2.938,0
2022-01-05,2.932,2.932,2.932,2.932,0.0,2.932,0
2022-01-06,2.946,2.946,2.946,2.946,0.0,2.946,0
2022-01-07,2.979,2.979,2.979,2.979,0.0,2.979,0
2022-01-10,2.984,2.984,2.984,2.984,0.0,2.984,0
2022-01-11,2.973,2.973,2.973,2.973,0.0,2.973,0
2022-01-12,2.948,2.948,2.948,2.948,0.0,2.948,0
2022-01-13,2.951,2.951,2.951,2.951,0.0,2.951,0
2022-01-14,2.927,2.927,2.927,2.927,0.0,2.927,0
2022-01-18,2.946,2.946,2.946,2.946,0.0,2.946,0
2022-01-19,2.993,2.993,2.993,2.993,0.0,2.993,0
2022-01-20,2.996,2.996,2.996,2.996,0.0,2.996,0
2022-01-21,2.984,2.984,2.984,2.984,0.0,2.984,0
2022-01-24,2.973,2.973,2.973,2.973,0.0,2.973,0
2022-01-25,2.993,2.993,2.993,2.993,0.0,2.993,0
2022-01-26,2.994,2.994,2.994,2.994,0.0,2.994,0
2022-01-27,2.979,2.979,2.979,2.979,0.0,2.979,0
2022-01-28,2.972,2.972,2.972,2.972,0.0,2.972,0
2022-01-31,2.971,2.971,2.971,2.971,0.0,2.971,0
2022-02-01,2.956,2.956,2.956,2.956,0.0,2.956,0
2022-02-02,2.975,2.975,2.975,2.975,0.0,2.975,0
2022-02-03,2.966,2.966,2.966,2.966,0.0,2.966,0
2022-02-04,2.996,2.996,2.996,2.996,0.0,2.996,0
2022-02-07,3.012,3.012,3.012,3.012,0.0,3.012,0
2022-02-08,3.004,3.004,3.004,3.004,0.0,3.004,0
2022-02-09,2.999,2.999,2.999,2.999,0.0,2.999,0
2022-02-10,3.006,3.006,3.006,3.006,0.0,3.006,0
2022-02-11,3.046,3.046,3.046,3.046,0.0,3.046,0
2022-02-14,3.087,3.087,3.087,3.087,0.0,3.087,0
2022-02-15,3.075,3.075,3.075,3.075,0.0,3.075,0
2022-02-16,3.104,3.104,3.104,3.104,0.0,3.104,0
2022-02-17,3.097,3.097,3.097,3.097,0.0,3.097,0
2022-02-18,3.097,3.097,3.097,3.097,0.0,3.097,0
2022-02-22,3.142,3.142,3.142,3.142,0.0,3.142,0
2022-02-23,3.228,3.228,3.228,3.228,0.0,3.228,0
2022-02-24,3.271,3.271,3.271,3.271,0.0,3.271,0
2022-02-25,3.188,3.188,3.188,3.188,0.0,3.188,0
2022-02-28,3.265,3.265,3.265,3.265,0.0,3.265,0
2022-03-01,3.336,3.336,3.336,3.336,0.0,3.336,0
2022-03-02,3.403,3.403,3.403,3.403,0.0,3.403,0
2022-03-03,3.346,3.346,3.346,3.346,0.0,3.346,0
2022-03-04,3.399,3.399,3.399,3.399,0.0,3.399,0
2022-03-07,3.475,3.475,3.475,3.475,0.0,3.475,0
2022-03-08,3.532,3.532,3.532,3.532,0.0,3.532,0
2022-03-09,3.511,3.511,3.511,3.511,0.0,3.511,0
2022-03-10,3.427,3.427,3.427,3.427,0.0,3.427,0
2022-03-11,3.408,3.408,3.408,3.408,0.0,3.408,0
2022-03-14,3.451,3.451,3.451,3.451,0.0,3.451,0
2022-03-15,3.433,3.433,3.433,3.433,0.0,3.433,0
2022-03-16,3.444,3.444,3.444,3.444,0.0,3.444,0
2022-03-17,3.461,3.461,3.461,3.461,0.0,3.461,0
2022-03-18,3.413,3.413,3.413,3.413,0.0,3.413,0
2022-03-21,3.399,3.399,3.399,3.399,0.0,3.399,0
2022-03-22,3.41,3.41,3.41,3.41,0.0,3.41,0
2022-03-23,3.421,3.421,3.421,3.421,0.0,3.421,0
2022-03-24,3.447,3.447,3.447,3.447,0.0,3.447,0
2022-03-25,3.493,3.493,3.493,3.493,0.0,3.493,0
2022-03-28,3.585,3.585,3.585,3.585,0.0,3.585,0
2022-03-29,3.599,3.599,3.599,3.599,0.0,3.599,0
2022-03-30,3.712,3.712,3.712,3.712,0.0,3.712,0
2022-03-31,3.805,3.805,3.805,3.805,0.0,3.805,0
2022-04-01,3.862,3.862,3.862,3.862,0.0,3.862,0
2022-04-04,3.929,3.929,3.929,3.929,0.0,3.929,0
2022-04-05,3.947,3.947,3.947,3.947,0.0,3.947,0
2022-04-06,3.974,3.974,3.974,3.974,0.0,3.974,0
2022-04-07,4.001,4.001,4.001,4.001,0.0,4.001,0
2022-04-08,3.974,3.974,3.974,3.974,0.0,3.974,0
2022-04-11,4.023,4.023,4.023,4.023,0.0,4.023,0
2022-04-12,4.045,4.045,4.045,4.045,0.0,4.045,0
2022-04-13,4.083,4.083,4.083,4.083,0.0,4.083,0
2022-04-14,4.085,4.085,4.085,4.085,0.0,4.085,0
2022-04-18,4.1,4.1,4.1,4.1,0.0,4.1,0
2022-04-19,4.078,4.078,4.078,4.078,0.0,4.078,0
2022-04-20,4.069,4.069,4.069,4.069,0.0,4.069,0
2022-04-21,3.992,3.992,3.992,3.992,0.0,3.992,0
2022-04-22,3.819,3.819,3.819,3.819,0.0,3.819,0
2022-04-25,3.834,3.834,3.834,3.834,0.0,3.834,0
2022-04-26,3.899,3.899,3.899,3.899,0.0,3.899,0
2022-04-27,3.958,3.958,3.958,3.958,0.0,3.958,0
2022-04-28,3.969,3.969,3.969,3.969,0.0,3.969,0
2022-04-29,3.962,3.962,3.962,3.962,0.0,3.962,0
2022-05-02,3.955,3.955,3.955,3.955,0.0,3.955,0
2022-05-03,4.009,4.009,4.009,4.009,0.0,4.009,0
2022-05-04,4.059,4.059,4.059,4.059,0.0,4.059,0
2022-05-05,4.092,4.092,4.092,4.092,0.0,4.092,0
2022-05-06,4.058,4.058,4.058,4.058,0.0,4.058,0
2022-05-09,3.981,3.981,3.981,3.981,0.0,3.981,0
2022-05-10,4.019,4.019,4.019,4.019,0.0,4.019,0
2022-05-11,4.078,4.078,4.078,4.078,0.0,4.078,0
2022-05-12,4.088,4.088,4.088,4.088,0.0,4.088,0
2022-05-13,4.162,4.162,4.162,4.162,0.0,4.162,0
2022-05-16,4.192,4.192,4.192,4.192,0.0,4.192,0
2022-05-17,4.189,4.189,4.189,4.189,0.0,4.189,0
2022-05-18,4.21,4.21,4.21,4.21,0.0,4.21,0
2022-05-19,4.149,4.149,4.149,4.149,0.0,4.149,0
2022-05-20,4.158,4.158,4.158,4.158,0.0,4.158,0
2022-05-23,4.199,4.199,4.199,4.199,0.0,4.199,0
2022-05-24,4.178,4.178,4.178,4.178,0.0,4.178,0
2022-05-25,4.209,4.209,4.209,4.209,0.0,4.209,0
2022-05-26,4.238,4.238,4.238,4.238,0.0,4.238,0
2022-05-27,4.262,4.262,4.262,4.262,0.0,4.262,0
2022-05-31,4.193,4.193,4.193,4.193,0.0,4.193,0
2022-06-01,4.3,4.3,4.3,4.3,0.0,4.3,0
2022-06-02,4.285,4.285,4.285,4.285,0.0,4.285,0
2022-06-03,4.332,4.332,4.332,4.332,0.0,4.332,0
2022-06-06,4.316,4.316,4.316,4.316,0.0,4.316,0
2022-06-07,4.391,4.391,4.391,4.391,0.0,4.391,0
2022-06-08,4.446,4.446,4.446,4.446,0.0,4.446,0
2022-06-09,4.532,4.532,4.532,4.532,0.0,4.532,0
2022-06-10,4.57,4.57,4.57,4.57,0.0,4.57,0
2022-06-13,4.513,4.513,4.513,4.513,0.0,4.513,0
2022-06-14,4.435,4.435,4.435,4.435,0.0,4.435,0
2022-06-15,4.496,4.496,4.496,4.496,0.0,4.496,0
2022-06-16,4.51,4.51,4.51,4.51,0.0,4.51,0
2022-06-17,4.407,4.407,4.407,4.407,0.0,4.407,0
2022-06-21,4.394,4.394,4.394,4.394,0.0,4.394,0
2022-06-22,4.449,4.449,4.449,4.449,0.0,4.449,0
2022-06-23,4.443,4.443,4.443,4.443,0.0,4.443,0
2022-06-24,4.219,4.219,4.219,4.219,0.0,4.219,0
2022-06-27,4.261,4.261,4.261,4.261,0.0,4.261,0
2022-06-28,4.231,4.231,4.231,4.231,0.0,4.231,0
2022-06-29,4.181,4.181,4.181,4.181,0.0,4.181,0
2022-06-30,3.926,3.926,3.926,3.926,0.0,3.926,0
2022-07-01,4.014,4.014,4.014,4.014,0.0,4.014,0
2022-07-04,4.014,4.014,4.014,4.014,0.0,4.014,0
2022-07-05,3.864,3.864,3.864,3.864,0.0,3.864,0
2022-07-06,3.956,3.956,3.956,3.956,0.0,3.956,0
2022-07-07,4.046,4.046,4.046,4.046,0.0,4.046,0
2022-07-08,4.0,4.045,4.0,4.045,7.0,4.0,1
2022-07-11,4.079,4.079,4.079,4.079,0.0,4.079,0
2022-07-12,3.981,3.981,3.981,3.981,0.0,3.981,0
2022-07-13,4.043,4.043,4.043,4.043,0.0,4.043,0
2022-07-14,3.969,3.969,3.969,3.969,0.0,3.969,0
2022-07-15,4.043,4.043,4.043,4.043,0.0,4.043,0
2022-07-18,3.986,3.986,3.986,3.986,0.0,3.986,0
2022-07-19,4.013,4.013,4.013,4.013,0.0,4.013,0
2022-07-20,4.156,4.156,4.156,4.156,0.0,4.156,0
2022-07-21,4.061,4.061,4.061,4.061,0.0,4.061,0
2022-07-22,4.065,4.065,4.065,4.065,0.0,4.065,0
2022-07-25,4.121,4.121,4.121,4.121,0.0,4.121,0
2022-07-26,4.148,4.148,4.148,4.148,0.0,4.148,0
2022-07-27,4.146,4.146,4.146,4.146,0.0,4.146,0
2022-07-28,4.122,4.122,4.122,4.122,0.0,4.122,0
2022-07-29,4.147,4.147,4.147,4.147,0.0,4.147,0
2022-08-01,4.13,4.13,4.13,4.13,0.0,4.13,0
2022-08-02,4.132,4.132,4.132,4.132,0.0,4.132,0
2022-08-03,4.164,4.164,4.164,4.164,0.0,4.164,0
2022-08-04,4.133,4.133,4.133,4.133,0.0,4.133,0
2022-08-05,4.132,4.132,4.132,4.132,0.0,4.132,0
2022-08-08,4.094,4.094,4.094,4.094,0.0,4.094,0
2022-08-09,4.131,4.131,4.131,4.131,0.0,4.131,0
2022-08-10,4.161,4.161,4.161,4.161,0.0,4.161,0
2022-08-11,4.257,4.257,4.257,4.257,0.0,4.257,0
2022-08-12,4.245,4.245,4.245,4.245,0.0,4.245,0
2022-08-15,4.338,4.338,4.338,4.338,0.0,4.338,0
2022-08-16,4.377,4.377,4.377,4.377,0.0,4.377,0
2022-08-17,4.36,4.36,4.36,4.36,0.0,4.36,0
2022-08-18,4.366,4.366,4.366,4.366,0.0,4.366,0
2022-08-19,4.382,4.382,4.382,4.382,0.0,4.382,0
2022-08-22,4.441,4.441,4.441,4.441,0.0,4.441,0
2022-08-23,4.448,4.448,4.448,4.448,0.0,4.448,0
2022-08-24,4.494,4.494,4.494,4.494,0.0,4.494,0
2022-08-25,4.556,4.556,4.556,4.556,0.0,4.556,0
2022-08-26,4.598,4.598,4.598,4.598,0.0,4.598,0
2022-08-29,4.647,4.647,4.647,4.647,0.0,4.647,0
2022-08-30,4.654,4.654,4.654,4.654,0.0,4.654,0
2022-08-31,4.662,4.662,4.662,4.662,0.0,4.662,0
2022-09-01,4.73,4.73,4.73,4.73,0.0,4.73,0
2022-09-02,4.824,4.824,4.824,4.824,0.0,4.824,0
2022-09-05,4.824,4.824,4.824,4.824,0.0,4.824,0
2022-09-06,4.82,4.82,4.82,4.82,0.0,4.82,0
2022-09-07,4.778,4.778,4.778,4.778,0.0,4.778,0
2022-09-08,4.731,4.731,4.731,4.731,0.0,4.731,0
2022-09-09,4.782,4.782,4.782,4.782,0.0,4.782,0
2022-09-12,4.727,4.727,4.727,4.727,0.0,4.727,0
2022-09-13,4.756,4.756,4.756,4.756,0.0,4.756,0
2022-09-14,4.815,4.815,4.815,4.815,0.0,4.815,0
2022-09-15,4.769,4.769,4.769,4.769,0.0,4.769,0
2022-09-16,4.664,4.664,4.664,4.664,0.0,4.664,0
2022-09-19,4.62,4.62,4.62,4.62,0.0,4.62,0
2022-09-20,4.551,4.551,4.551,4.551,0.0,4.551,0
2022-09-21,4.383,4.383,4.383,4.383,0.0,4.383,0
2022-09-22,4.231,4.231,4.231,4.231,0.0,4.231,0
2022-09-23,4.237,4.237,4.237,4.237,0.0,4.237,0
2022-09-26,4.156,4.156,4.156,4.156,0.0,4.156,0
2022-09-27,4.093,4.093,4.093,4.093,0.0,4.093,0
2022-09-28,4.029,4.029,4.029,4.029,0.0,4.029,0
2022-09-29,4.014,4.014,4.014,4.014,0.0,4.014,0
2022-09-30,4.02,4.02,4.02,4.02,0.0,4.02,0
2022-10-03,3.909,3.909,3.909,3.909,0.0,3.909,0
2022-10-04,3.959,3.959,3.959,3.959,0.0,3.959,0
2022-10-05,3.956,3.956,3.956,3.956,0.0,3.956,0
2022-10-06,3.983,3.983,3.983,3.983,0.0,3.983,0
2022-10-07,3.983,3.983,3.983,3.983,0.0,3.983,0
2022-10-10,4.005,4.005,4.005,4.005,0.0,4.005,0
2022-10-11,4.043,4.043,4.043,4.043,0.0,4.043,0
2022-10-12,4.022,4.022,4.022,4.022,0.0,4.022,0
2022-10-13,4.015,4.015,4.015,4.015,0.0,4.015,0
2022-10-14,4.038,4.038,4.038,4.038,0.0,4.038,0
2022-10-17,4.011,4.011,4.011,4.011,0.0,4.011,0
2022-10-18,3.976,3.976,3.976,3.976,0.0,3.976,0
2022-10-19,3.951,3.951,3.951,3.951,0.0,3.951,0
2022-10-20,4.057,4.057,4.057,4.057,0.0,4.057,0
2022-10-21,4.011,4.011,4.011,4.011,0.0,4.011,0
2022-10-24,4.012,4.012,4.012,4.012,0.0,4.012,0
2022-10-25,4.027,4.027,4.027,4.027,0.0,4.027,0
2022-10-26,4.044,4.044,4.044,4.044,0.0,4.044,0
2022-10-27,4.044,4.044,4.037,4.037,1.0,4.044,1
2022-10-28,4.028,4.028,4.028,4.028,0.0,4.028,0
2022-10-31,4.022,4.022,4.022,4.022,0.0,4.022,0
2022-11-01,3.987,3.987,3.987,3.987,0.0,3.987,0
2022-11-02,4.051,4.051,4.051,4.051,0.0,4.051,0
2022-11-03,4.096,4.096,4.096,4.096,0.0,4.096,0
2022-11-04,4.15,4.21,4.15,4.21,100.0,4.15,1
2022-11-07,4.234,4.234,4.234,4.234,0.0,4.234,0
2022-11-08,4.194,4.194,4.194,4.194,0.0,4.194,0
2022-11-09,4.208,4.208,4.208,4.208,0.0,4.208,0
2022-11-10,4.208,4.208,4.208,4.208,0.0,4.208,0
2022-11-11,4.25,4.25,4.181,4.181,5.0,4.25,1
2022-11-14,4.15,4.15,4.15,4.15,0.0,4.15,0
2022-11-15,4.186,4.186,4.186,4.186,0.0,4.186,0
2022-11-16,4.171,4.171,4.171,4.171,0.0,4.171,0
2022-11-17,4.146,4.146,4.146,4.146,0.0,4.146,0
2022-11-18,4.098,4.098,4.098,4.098,0.0,4.098,0
2022-11-21,4.053,4.053,4.053,4.053,0.0,4.053,0
2022-11-22,4.037,4.037,4.037,4.037,0.0,4.037,0
2022-11-23,4.05,4.05,4.046,4.046,100.0,4.05,5
2022-11-24,4.046,4.046,4.046,4.046,0.0,4.046,0
2022-11-25,4.04,4.04,4.04,4.04,0.0,4.04,0
2022-11-28,4.091,4.091,4.091,4.091,0.0,4.091,0
2022-11-29,4.089,4.089,4.089,4.089,0.0,4.089,0
2022-11-30,4.076,4.076,4.076,4.076,0.0,4.076,0
2022-12-01,4.056,4.056,4.056,4.056,0.0,4.056,0
2022-12-02,4.052,4.052,4.052,4.052,0.0,4.052,0
2022-12-05,4.06,4.06,4.06,4.06,0.0,4.06,0
2022-12-06,4.073,4.073,4.073,4.073,0.0,4.073,0
2022-12-07,4.078,4.078,4.078,4.078,0.0,4.078,0
2022-12-08,4.138,4.138,4.138,4.138,0.0,4.138,0
2022-12-09,4.142,4.142,4.142,4.142,0.0,4.142,0
2022-12-12,4.206,4.206,4.206,4.206,0.0,4.206,0
2022-12-13,4.194,4.194,4.194,4.194,0.0,4.194,0
2022-12-14,4.167,4.167,4.167,4.167,0.0,4.167,0
2022-12-15,4.208,4.208,4.208,4.208,0.0,4.208,0
2022-12-16,4.298,4.298,4.298,4.298,0.0,4.298,0
2022-12-19,4.282,4.282,4.282,4.282,0.0,4.282,0
2022-12-20,4.277,4.277,4.277,4.277,0.0,4.277,0
2022-12-21,4.189,4.189,4.189,4.189,0.0,4.189,0
2022-12-22,4.106,4.106,4.106,4.106,0.0,4.106,0
2022-12-23,4.119,4.119,4.119,4.119,0.0,4.119,0
2022-12-27,4.205,4.205,4.205,4.205,0.0,4.205,0
2022-12-28,4.127,4.127,4.127,4.127,0.0,4.127,0
2022-12-29,4.118,4.118,4.118,4.118,0.0,4.118,0
2022-12-30,4.127,4.127,4.127,4.127,0.0,4.127,0
2023-01-03,4.073,4.073,4.073,4.073,0.0,4.073,0
2023-01-04,4.076,4.076,4.076,4.076,0.0,4.076,0
2023-01-05,3.998,3.998,3.998,3.998,0.0,3.998,0
2023-01-06,3.942,3.942,3.942,3.942,0.0,3.942,0
2023-01-09,3.95,3.95,3.95,3.95,0.0,3.95,0
2023-01-10,3.974,3.974,3.974,3.974,0.0,3.974,0
2023-01-11,3.94,3.94,3.94,3.94,0.0,3.94,0
2023-01-12,3.939,3.939,3.939,3.939,0.0,3.939,0
2023-01-13,3.948,3.948,3.948,3.948,0.0,3.948,0
2023-01-16,3.948,3.948,3.948,3.948,0.0,3.948,0
2023-01-17,3.964,3.964,3.964,3.964,0.0,3.964,0
2023-01-18,3.987,3.987,3.987,3.987,0.0,3.987,0
2023-01-19,4.027,4.027,4.027,4.027,0.0,4.027,0
2023-01-20,4.011,4.011,4.011,4.011,0.0,4.011,0
2023-01-23,3.999,3.999,3.999,3.999,0.0,3.999,0
2023-01-24,3.968,3.968,3.968,3.968,0.0,3.968,0
2023-01-25,3.911,3.911,3.911,3.911,0.0,3.911,0
2023-01-26,3.918,3.918,3.918,3.918,0.0,3.918,0
2023-01-27,3.909,3.909,3.909,3.909,0.0,3.909,0
2023-01-30,3.83,3.83,3.83,3.83,0.0,3.83,0
2023-01-31,3.841,3.841,3.841,3.841,0.0,3.841,0
2023-02-01,3.693,3.693,3.693,3.693,0.0,3.693,0
2023-02-02,3.673,3.673,3.673,3.673,0.0,3.673,0
2023-02-03,3.589,3.589,3.589,3.589,0.0,3.589,0
2023-02-10,3.594,3.594,3.594,3.594,0.0,3.594,0
2023-02-13,3.537,3.537,3.537,3.537,0.0,3.537,0
2023-02-14,3.538,3.538,3.538,3.538,0.0,3.538,0
2023-02-15,3.533,3.533,3.533,3.533,0.0,3.533,0
2023-02-16,3.533,3.533,3.533,3.533,0.0,3.533,0
2023-02-17,3.519,3.519,3.519,3.519,0.0,3.519,0
2023-02-20,3.519,3.519,3.519,3.519,0.0,3.519,0
2023-02-21,3.519,3.519,3.519,3.519,0.0,3.519,0
2023-02-22,3.53,3.53,3.53,3.53,0.0,3.53,0
2023-02-23,3.564,3.564,3.564,3.564,0.0,3.564,0
2023-02-24,3.623,3.623,3.623,3.623,0.0,3.623,0
2023-02-27,3.665,3.665,3.665,3.665,0.0,3.665,0
2023-02-28,3.713,3.713,3.713,3.713,0.0,3.713,0
2023-03-01,3.794,3.794,3.794,3.794,0.0,3.794,0
2023-03-02,3.802,3.802,3.802,3.802,0.0,3.802,0
2023-03-03,3.842,3.842,3.842,3.842,0.0,3.842,0
2023-03-06,3.876,3.876,3.876,3.876,0.0,3.876,0
2023-03-07,3.907,3.907,3.907,3.907,0.0,3.907,0
2023-03-08,3.904,3.904,3.904,3.904,0.0,3.904,0
2023-03-09,3.698,3.698,3.698,3.698,0.0,3.698,0
2023-03-10,3.799,3.799,3.799,3.799,0.0,3.799,0
2023-03-13,3.81,3.81,3.81,3.81,0.0,3.81,0
2023-03-14,3.891,3.891,3.891,3.891,0.0,3.891,0
2023-03-15,3.894,3.894,3.894,3.894,0.0,3.894,0
2023-03-16,3.936,3.936,3.936,3.936,0.0,3.936,0
2023-03-17,3.929,3.929,3.929,3.929,0.0,3.929,0
2023-03-20,3.888,3.888,3.888,3.888,0.0,3.888,0
2023-03-21,3.937,3.937,3.937,3.937,0.0,3.937,0
2023-03-22,3.891,3.891,3.891,3.891,0.0,3.891,0
2023-03-23,3.926,3.926,3.926,3.926,0.0,3.926,0
2023-03-24,3.888,3.888,3.888,3.888,0.0,3.888,0
2023-03-27,3.867,3.867,3.867,3.867,0.0,3.867,0
2023-03-28,3.825,3.825,3.825,3.825,0.0,3.825,0
2023-03-29,3.817,3.822,3.817,3.822,27.0,3.817,2
2023-03-30,3.83,3.83,3.83,3.83,0.0,3.83,0
2023-03-31,3.823,3.823,3.823,3.823,0.0,3.823,0
2023-04-03,3.831,3.831,3.831,3.831,0.0,3.831,0
2023-04-04,3.843,3.843,3.843,3.843,0.0,3.843,0
2023-04-05,3.816,3.816,3.816,3.816,0.0,3.816,0
2023-04-06,3.772,3.772,3.772,3.772,0.0,3.772,0
2023-04-10,3.834,3.834,3.834,3.834,0.0,3.834,0
2023-04-11,3.844,3.844,3.844,3.844,0.0,3.844,0
2023-04-12,3.77,3.77,3.77,3.77,0.0,3.77,0
2023-04-13,3.68,3.738,3.68,3.738,2.0,3.68,1
2023-04-14,3.758,3.758,3.758,3.758,0.0,3.758,0
2023-04-17,3.824,3.824,3.824,3.824,0.0,3.824,0
2023-04-18,3.822,3.822,3.822,3.822,0.0,3.822,0
2023-04-19,3.844,3.844,3.844,3.844,0.0,3.844,0
2023-04-20,3.876,3.876,3.876,3.876,0.0,3.876,0
2023-04-21,3.883,3.883,3.883,3.883,0.0,3.883,0
2023-04-24,3.894,3.894,3.894,3.894,0.0,3.894,0
2023-04-25,3.892,3.892,3.892,3.892,0.0,3.892,0
2023-04-26,3.885,3.885,3.885,3.885,0.0,3.885,0
2023-04-27,3.889,3.889,3.889,3.889,0.0,3.889,0
2023-04-28,3.908,3.908,3.908,3.908,0.0,3.908,0
2023-05-01,3.865,3.865,3.865,3.865,0.0,3.865,0
2023-05-02,3.861,3.861,3.861,3.861,0.0,3.861,0
2023-05-03,3.883,3.883,3.883,3.883,0.0,3.883,0
2023-05-04,3.89,3.89,3.89,3.89,0.0,3.89,0
2023-05-05,3.875,3.875,3.875,3.875,0.0,3.875,0
2023-05-08,3.843,3.843,3.843,3.843,0.0,3.843,0
2023-05-09,3.826,3.826,3.826,3.826,0.0,3.826,0
2023-05-10,3.842,3.842,3.842,3.842,0.0,3.842,0
2023-05-11,3.793,3.793,3.793,3.793,0.0,3.793,0
2023-05-12,3.77,3.77,3.77,3.77,0.0,3.77,0
2023-05-15,3.774,3.774,3.774,3.774,0.0,3.774,0
2023-05-16,3.76,3.76,3.76,3.76,0.0,3.76,0
2023-05-17,3.684,3.684,3.684,3.684,0.0,3.684,0
2023-05-18,3.664,3.664,3.664,3.664,0.0,3.664,0
2023-05-19,3.613,3.613,3.613,3.613,0.0,3.613,0
2023-05-22,3.603,3.603,3.603,3.603,0.0,3.603,0
2023-05-23,3.591,3.591,3.591,3.591,0.0,3.591,0
2023-05-24,3.646,3.646,3.646,3.646,0.0,3.646,0
2023-05-25,3.609,3.609,3.609,3.609,0.0,3.609,0
2023-05-26,3.637,3.637,3.637,3.637,0.0,3.637,0
2023-05-29,3.637,3.637,3.637,3.637,0.0,3.637,0
2023-05-30,3.597,3.597,3.597,3.597,0.0,3.597,0
2023-05-31,3.562,3.562,3.562,3.562,0.0,3.562,0
2023-06-01,3.42,3.42,3.42,3.42,0.0,3.42,0
2023-06-02,3.46,3.46,3.46,3.46,0.0,3.46,0
2023-06-05,3.53,3.53,3.53,3.53,0.0,3.53,0
2023-06-06,3.527,3.527,3.527,3.527,0.0,3.527,0
2023-06-07,3.501,3.501,3.501,3.501,0.0,3.501,0
2023-06-08,3.472,3.472,3.472,3.472,0.0,3.472,0
2023-06-09,3.477,3.477,3.477,3.477,0.0,3.477,0
2023-06-12,3.474,3.474,3.474,3.474,0.0,3.474,0
2023-06-13,3.439,3.439,3.439,3.439,0.0,3.439,0
2023-06-14,3.452,3.452,3.452,3.452,0.0,3.452,0
2023-06-15,3.424,3.424,3.424,3.424,0.0,3.424,0
2023-06-16,3.364,3.364,3.364,3.364,0.0,3.364,0
2023-06-19,3.364,3.364,3.364,3.364,0.0,3.364,0
2023-06-20,3.411,3.411,3.411,3.411,0.0,3.411,0
2023-06-21,3.477,3.477,3.477,3.477,0.0,3.477,0
2023-06-22,3.495,3.495,3.495,3.495,0.0,3.495,0
2023-06-23,3.389,3.389,3.389,3.389,0.0,3.389,0
2023-06-26,3.363,3.363,3.363,3.363,0.0,3.363,0
2023-06-27,3.437,3.437,3.437,3.437,0.0,3.437,0
2023-06-28,3.269,3.269,3.269,3.269,0.0,3.269,0
2023-06-29,3.228,3.228,3.228,3.228,0.0,3.228,0
2023-06-30,3.229,3.229,3.229,3.229,0.0,3.229,0
2023-07-03,3.23,3.23,3.23,3.23,0.0,3.23,0
2023-07-04,3.23,3.23,3.23,3.23,0.0,3.23,0
2023-07-05,3.22,3.22,3.22,3.22,0.0,3.22,0
2023-07-06,3.222,3.222,3.222,3.222,0.0,3.222,0
2023-07-07,3.268,3.268,3.268,3.268,0.0,3.268,0
2023-07-10,3.312,3.312,3.312,3.312,0.0,3.312,0
2023-07-11,3.381,3.381,3.381,3.381,0.0,3.381,0
2023-07-12,3.447,3.447,3.447,3.447,0.0,3.447,0
2023-07-13,3.349,3.349,3.349,3.349,0.0,3.349,0
2023-07-14,3.403,3.403,3.403,3.403,0.0,3.403,0
2023-07-17,3.396,3.396,3.396,3.396,0.0,3.396,0
2023-07-18,3.455,3.455,3.455,3.455,0.0,3.455,0
2023-07-19,3.445,3.449,3.445,3.449,2.0,3.445,1
2023-07-20,3.436,3.436,3.436,3.436,0.0,3.436,0
2023-07-21,3.454,3.454,3.454,3.454,0.0,3.454,0
2023-07-24,3.495,3.495,3.495,3.495,0.0,3.495,0
2023-07-25,3.509,3.509,3.509,3.509,0.0,3.509,0
2023-07-26,3.527,3.527,3.527,3.527,0.0,3.527,0
2023-07-27,3.518,3.518,3.518,3.518,0.0,3.518,0
2023-07-28,3.527,3.527,3.527,3.527,0.0,3.527,0
2023-07-31,3.473,3.473,3.473,3.473,0.0,3.473,0
2023-08-01,3.383,3.383,3.383,3.383,0.0,3.383,0
2023-08-02,3.4,3.4,3.4,3.4,0.0,3.4,0
2023-08-03,3.38,3.38,3.38,3.38,0.0,3.38,0
2023-08-04,3.388,3.388,3.388,3.388,0.0,3.388,0
2023-08-07,3.449,3.449,3.449,3.449,0.0,3.449,0
2023-08-08,3.48,3.48,3.48,3.48,0.0,3.48,0
2023-08-09,3.442,3.442,3.442,3.442,0.0,3.442,0
2023-08-10,3.427,3.427,3.427,3.427,0.0,3.427,0
2023-08-11,3.455,3.455,3.455,3.455,0.0,3.455,0
2023-08-14,3.402,3.402,3.402,3.402,0.0,3.402,0
2023-08-15,3.468,3.468,3.468,3.468,0.0,3.468,0
2023-08-16,3.48,3.48,3.48,3.48,0.0,3.48,0
2023-08-17,3.447,3.447,3.447,3.447,0.0,3.447,0
2023-08-18,3.422,3.422,3.422,3.422,0.0,3.422,0
2023-08-21,3.478,3.478,3.478,3.478,0.0,3.478,0
2023-08-22,3.415,3.415,3.415,3.415,0.0,3.415,0
2023-08-23,3.488,3.488,3.488,3.488,0.0,3.488,0
2023-08-24,3.344,3.344,3.344,3.344,0.0,3.344,0
2023-08-25,3.325,3.325,3.325,3.325,0.0,3.325,0
2023-08-28,3.314,3.314,3.314,3.314,0.0,3.314,0
2023-08-29,3.291,3.291,3.291,3.291,0.0,3.291,0
2023-08-30,3.346,3.346,3.346,3.346,0.0,3.346,0
2023-08-31,3.361,3.361,3.361,3.361,0.0,3.361,0
2023-09-01,3.36,3.36,3.36,3.36,0.0,3.36,0
2023-09-04,3.36,3.36,3.36,3.36,0.0,3.36,0
2023-09-05,3.306,3.306,3.306,3.306,0.0,3.306,0
2023-09-06,3.32,3.32,3.32,3.32,0.0,3.32,0
2023-09-07,3.353,3.353,3.353,3.353,0.0,3.353,0
2023-09-08,3.359,3.359,3.359,3.359,0.0,3.359,0
2023-09-11,3.251,3.251,3.251,3.251,0.0,3.251,0
2023-09-12,3.321,3.321,3.321,3.321,0.0,3.321,0
2023-09-13,3.382,3.382,3.382,3.382,0.0,3.382,0
2023-09-14,3.346,3.346,3.346,3.346,0.0,3.346,0
2023-09-15,3.362,3.362,3.362,3.362,0.0,3.362,0
2023-09-18,3.404,3.404,3.404,3.404,0.0,3.404,0
2023-09-19,3.352,3.352,3.352,3.352,0.0,3.352,0
2023-09-20,3.408,3.408,3.408,3.408,0.0,3.408,0
2023-09-21,3.416,3.416,3.416,3.416,0.0,3.416,0
2023-09-22,3.446,3.446,3.446,3.446,0.0,3.446,0
2023-09-25,3.469,3.469,3.469,3.469,0.0,3.469,0
2023-09-26,3.424,3.424,3.424,3.424,0.0,3.424,0
2023-09-27,3.377,3.377,3.377,3.377,0.0,3.377,0
2023-09-28,3.384,3.384,3.384,3.384,0.0,3.384,0
2023-09-29,3.385,3.385,3.385,3.385,0.0,3.385,0
2023-10-02,3.387,3.387,3.387,3.387,0.0,3.387,0
2023-10-03,3.467,3.467,3.467,3.467,0.0,3.467,0
2023-10-04,3.389,3.389,3.389,3.389,0.0,3.389,0
2023-10-05,3.356,3.356,3.356,3.356,0.0,3.356,0
2023-10-06,3.35,3.35,3.35,3.35,0.0,3.35,0
2023-10-09,3.351,3.351,3.351,3.351,0.0,3.351,0
2023-10-10,3.353,3.353,3.353,3.353,0.0,3.353,0
2023-10-11,3.385,3.385,3.385,3.385,0.0,3.385,0
2023-10-12,3.429,3.429,3.429,3.429,0.0,3.429,0
2023-10-13,3.423,3.423,3.423,3.423,0.0,3.423,0
2023-10-16,3.403,3.403,3.403,3.403,0.0,3.403,0
2023-10-17,3.386,3.386,3.386,3.386,0.0,3.386,0
2023-10-18,3.381,3.381,3.381,3.381,0.0,3.381,0
2023-10-19,3.423,3.423,3.423,3.423,0.0,3.423,0
2023-10-20,3.429,3.429,3.429,3.429,0.0,3.429,0
2023-10-23,3.433,3.433,3.433,3.433,0.0,3.433,0
2023-10-24,3.438,3.438,3.438,3.438,0.0,3.438,0
2023-10-25,3.446,3.446,3.446,3.446,0.0,3.446,0
2023-10-26,3.431,3.431,3.431,3.431,0.0,3.431,0
2023-10-27,3.394,3.394,3.394,3.394,0.0,3.394,0
2023-10-30,3.385,3.385,3.385,3.385,0.0,3.385,0
2023-10-31,3.403,3.403,3.403,3.403,0.0,3.403,0
2023-11-01,3.501,3.501,3.501,3.501,0.0,3.501,0
2023-11-02,3.561,3.561,3.561,3.561,0.0,3.561,0
2023-11-03,3.49,3.49,3.49,3.49,0.0,3.49,0
2023-11-06,3.515,3.515,3.515,3.515,0.0,3.515,0
2023-11-07,3.546,3.546,3.546,3.546,0.0,3.546,0
2023-11-08,3.463,3.463,3.463,3.463,0.0,3.463,0
2023-11-09,3.475,3.475,3.475,3.475,0.0,3.475,0
2023-11-10,3.439,3.439,3.439,3.439,0.0,3.439,0
2023-11-13,3.487,3.487,3.487,3.487,0.0,3.487,0
2023-11-14,3.467,3.467,3.467,3.467,0.0,3.467,0
2023-11-15,3.507,3.507,3.507,3.507,0.0,3.507,0
2023-11-16,3.488,3.488,3.488,3.488,0.0,3.488,0
2023-11-17,3.488,3.491,3.488,3.491,1.0,3.488,1
2023-11-20,3.478,3.478,3.478,3.478,0.0,3.478,0
2023-11-21,3.478,3.478,3.453,3.453,1.0,3.478,1
2023-11-22,3.435,3.435,3.435,3.435,0.0,3.435,0
2023-11-23,3.435,3.435,3.435,3.435,0.0,3.435,0
2023-11-24,3.495,3.495,3.495,3.495,0.0,3.495,0
2023-11-27,3.491,3.491,3.491,3.491,0.0,3.491,0
2023-11-28,3.393,3.393,3.393,3.393,0.0,3.393,0
2023-11-29,3.368,3.368,3.368,3.368,0.0,3.368,0
2023-11-30,3.336,3.336,3.336,3.336,0.0,3.336,0
2023-12-01,3.352,3.352,3.352,3.352,0.0,3.352,0
2023-12-04,3.318,3.318,3.318,3.318,0.0,3.318,0
2023-12-05,3.283,3.283,3.283,3.283,0.0,3.283,0
2023-12-06,3.179,3.179,3.179,3.179,0.0,3.179,0
2023-12-07,3.178,3.178,3.178,3.178,0.0,3.178,0
2023-12-08,3.198,3.198,3.198,3.198,0.0,3.198,0
2023-12-11,3.193,3.193,3.193,3.193,0.0,3.193,0
2023-12-12,3.232,3.232,3.232,3.232,0.0,3.232,0
2023-12-13,3.273,3.273,3.273,3.273,0.0,3.273,0
2023-12-14,3.347,3.347,3.347,3.347,0.0,3.347,0
2023-12-15,3.414,3.414,3.414,3.414,0.0,3.414,0
2023-12-18,3.394,3.394,3.394,3.394,0.0,3.394,0
2023-12-19,3.352,3.352,3.352,3.352,0.0,3.352,0
2023-12-20,3.388,3.388,3.388,3.388,0.0,3.388,0
2023-12-21,3.326,3.326,3.326,3.326,0.0,3.326,0
2023-12-22,3.251,3.251,3.251,3.251,0.0,3.251,0
2023-12-26,3.212,3.212,3.212,3.212,0.0,3.212,0
2023-12-27,3.231,3.231,3.231,3.231,0.0,3.231,0
2023-12-28,3.211,3.211,3.211,3.211,0.0,3.211,0
2023-12-29,3.266,3.266,3.266,3.266,0.0,3.266,0
2024-01-02,3.232,3.232,3.232,3.232,0.0,3.232,0
2024-01-03,3.278,3.278,3.278,3.278,0.0,3.278,0
2024-01-04,3.248,3.248,3.248,3.248,0.0,3.248,0
2024-01-05,3.331,3.331,3.331,3.331,0.0,3.331,0
2024-01-08,3.341,3.341,3.341,3.341,0.0,3.341,0
2024-01-09,3.396,3.396,3.396,3.396,0.0,3.396,0
2024-01-10,3.345,3.345,3.345,3.345,0.0,3.345,0
2024-01-11,3.316,3.316,3.316,3.316,0.0,3.316,0
2024-01-12,3.312,3.312,3.312,3.312,0.0,3.312,0
2024-01-15,3.312,3.312,3.312,3.312,0.0,3.312,0
2024-01-16,3.294,3.294,3.294,3.294,0.0,3.294,0
2024-01-17,3.334,3.334,3.334,3.334,0.0,3.334,0
2024-01-18,3.333,3.333,3.333,3.333,0.0,3.333,0
2024-01-19,3.287,3.287,3.287,3.287,0.0,3.287,0
2024-01-22,3.216,3.216,3.216,3.216,0.0,3.216,0
2024-01-23,3.368,3.368,3.368,3.368,0.0,3.368,0
2024-01-24,3.311,3.311,3.311,3.311,0.0,3.311,0
2024-01-25,3.213,3.213,3.213,3.213,0.0,3.213,0
2024-01-26,3.231,3.231,3.231,3.231,0.0,3.231,0
2024-01-29,3.22,3.22,3.22,3.22,0.0,3.22,0
2024-01-30,3.199,3.199,3.199,3.199,0.0,3.199,0
2024-01-31,3.255,3.255,3.255,3.255,0.0,3.255,0
2024-02-01,3.276,3.276,3.276,3.276,0.0,3.276,0
2024-02-02,3.275,3.275,3.275,3.275,0.0,3.275,0
2024-02-05,3.25,3.25,3.25,3.25,0.0,3.25,0
2024-02-06,3.265,3.265,3.265,3.265,0.0,3.265,0
2024-02-07,3.242,3.242,3.242,3.242,0.0,3.242,0
2024-02-08,3.232,3.232,3.232,3.232,0.0,3.232,0
2024-02-09,3.231,3.231,3.231,3.231,0.0,3.231,0
2024-02-12,3.212,3.212,3.212,3.212,0.0,3.212,0
2024-02-13,3.212,3.233,3.212,3.233,1.0,3.212,1
2024-02-14,3.205,3.205,3.205,3.205,0.0,3.205,0
2024-02-15,3.178,3.178,3.178,3.178,0.0,3.178,0
2024-02-16,3.158,3.158,3.158,3.158,0.0,3.158,0
2024-02-19,3.158,3.158,3.158,3.158,0.0,3.158,0
2024-02-20,3.148,3.148,3.148,3.148,0.0,3.148,0
2024-02-21,3.157,3.157,3.157,3.157,0.0,3.157,0
2024-02-22,3.207,3.207,3.207,3.207,0.0,3.207,0
2024-02-23,3.16,3.16,3.16,3.16,0.0,3.16,0
2024-02-26,3.164,3.164,3.164,3.164,0.0,3.164,0
2024-02-27,3.168,3.168,3.168,3.168,0.0,3.168,0
2024-02-28,3.188,3.188,3.188,3.188,0.0,3.188,0
2024-02-29,3.193,3.193,3.193,3.193,0.0,3.193,0
2024-03-01,3.207,3.207,3.207,3.207,0.0,3.207,0
2024-03-04,3.202,3.202,3.202,3.202,0.0,3.202,0
2024-03-05,3.218,3.218,3.218,3.218,0.0,3.218,0
2024-03-06,3.223,3.223,3.223,3.223,0.0,3.223,0
2024-03-07,3.207,3.207,3.207,3.207,0.0,3.207,0
2024-03-08,3.22,3.22,3.22,3.22,0.0,3.22,0
2024-03-11,3.236,3.236,3.236,3.236,0.0,3.236,0
2024-03-12,3.217,3.217,3.217,3.217,0.0,3.217,0
2024-03-13,3.214,3.214,3.214,3.214,0.0,3.214,0
2024-03-14,3.219,3.219,3.219,3.219,0.0,3.219,0
2024-03-15,3.21,3.21,3.21,3.21,0.0,3.21,0
2024-03-18,3.239,3.239,3.239,3.239,0.0,3.239,0
2024-03-19,3.263,3.263,3.263,3.263,0.0,3.263,0
2024-03-20,3.242,3.242,3.242,3.242,0.0,3.242,0
2024-03-21,3.257,3.257,3.247,3.247,1.0,3.257,1
2024-03-22,3.266,3.266,3.266,3.266,0.0,3.266,0
2024-03-25,3.198,3.198,3.198,3.198,0.0,3.198,0
2024-03-26,3.239,3.239,3.239,3.239,0.0,3.239,0
2024-03-27,3.224,3.224,3.224,3.224,0.0,3.224,0
2024-03-28,3.276,3.276,3.276,3.276,0.0,3.276,0
2024-04-01,3.263,3.263,3.263,3.263,0.0,3.263,0
2024-04-02,3.302,3.302,3.302,3.302,0.0,3.302,0
2024-04-03,3.266,3.266,3.266,3.266,0.0,3.266,0
2024-04-04,3.264,3.264,3.264,3.264,0.0,3.264,0
2024-04-05,3.271,3.271,3.271,3.271,0.0,3.271,0
2024-04-08,3.265,3.265,3.265,3.265,0.0,3.265,0
2024-04-09,3.236,3.236,3.236,3.236,0.0,3.236,0
2024-04-10,3.289,3.289,3.289,3.289,0.0,3.289,0
2024-04-11,3.374,3.374,3.374,3.374,0.0,3.374,0
2024-04-12,3.392,3.421,3.392,3.421,3.0,3.3973,3
2024-04-15,3.465,3.465,3.465,3.465,0.0,3.465,0
2024-04-16,3.493,3.493,3.493,3.493,0.0,3.493,0
2024-04-17,3.475,3.475,3.429,3.429,5.0,3.475,1
2024-04-18,3.433,3.433,3.433,3.433,0.0,3.433,0
2024-04-19,3.43,3.43,3.43,3.43,0.0,3.43,0
2024-04-22,3.458,3.458,3.458,3.458,0.0,3.458,0
2024-04-23,3.46,3.46,3.46,3.46,0.0,3.46,0
2024-04-24,3.442,3.442,3.442,3.442,0.0,3.442,0
2024-04-25,3.459,3.459,3.459,3.459,0.0,3.459,0
2024-04-26,3.409,3.409,3.409,3.409,0.0,3.409,0
2024-04-29,3.406,3.406,3.406,3.406,0.0,3.406,0
2024-04-30,3.434,3.434,3.434,3.434,0.0,3.434,0
2024-05-01,3.432,3.432,3.432,3.432,0.0,3.432,0
2024-05-02,3.43,3.43,3.43,3.43,1.0,3.43,1
2024-05-03,3.398,3.398,3.398,3.398,0.0,3.398,0
2024-05-06,3.411,3.411,3.411,3.411,0.0,3.411,0
2024-05-07,3.37,3.383,3.37,3.383,7.0,3.37,1
2024-05-08,3.292,3.292,3.292,3.292,0.0,3.292,0
2024-05-09,3.276,3.276,3.276,3.276,0.0,3.276,0
2024-05-10,3.33,3.33,3.33,3.33,0.0,3.33,0
2024-05-13,3.345,3.345,3.345,3.345,0.0,3.345,0
2024-05-14,3.358,3.358,3.358,3.358,0.0,3.358,0
2024-05-15,3.374,3.374,3.374,3.374,0.0,3.374,0
2024-05-16,3.385,3.403,3.385,3.403,1.0,3.385,1
2024-05-17,3.452,3.452,3.452,3.452,0.0,3.452,0
2024-05-20,3.445,3.445,3.445,3.445,0.0,3.445,0
2024-05-21,3.476,3.476,3.476,3.476,0.0,3.476,0
2024-05-22,3.466,3.466,3.455,3.455,1.0,3.466,1
2024-05-23,3.432,3.432,3.432,3.432,0.0,3.432,0
2024-05-24,3.422,3.422,3.422,3.422,0.0,3.422,0
2024-05-27,3.422,3.422,3.422,3.422,0.0,3.422,0
2024-05-28,3.38,3.406,3.38,3.406,1.0,3.38,1
2024-05-29,3.338,3.338,3.338,3.338,0.0,3.338,0
2024-05-30,3.291,3.291,3.291,3.291,0.0,3.291,0
2024-05-31,3.271,3.271,3.271,3.271,0.0,3.271,0
2024-06-03,3.284,3.284,3.284,3.284,0.0,3.284,0
2024-06-04,3.261,3.261,3.261,3.261,0.0,3.261,0
2024-06-05,3.261,3.265,3.261,3.265,1.0,3.261,1
2024-06-06,3.333,3.333,3.333,3.333,0.0,3.333,0
2024-06-07,3.322,3.322,3.322,3.322,0.0,3.322,0
2024-06-10,3.353,3.353,3.353,3.353,0.0,3.353,0
2024-06-11,3.377,3.377,3.377,3.377,0.0,3.377,0
2024-06-12,3.371,3.371,3.371,3.371,0.0,3.371,0
2024-06-13,3.34,3.34,3.313,3.313,1.0,3.34,1
2024-06-14,3.331,3.331,3.331,3.331,0.0,3.331,0
2024-06-17,3.318,3.318,3.318,3.318,0.0,3.318,0
2024-06-18,3.359,3.359,3.359,3.359,0.0,3.359,0
2024-06-19,3.359,3.359,3.359,3.359,0.0,3.359,0
2024-06-20,3.317,3.317,3.317,3.317,0.0,3.317,0
2024-06-21,3.238,3.238,3.238,3.238,0.0,3.238,0
2024-06-24,3.249,3.249,3.249,3.249,0.0,3.249,0
2024-06-25,3.233,3.233,3.233,3.233,0.0,3.233,0
2024-06-26,3.281,3.281,3.281,3.281,0.0,3.281,0
2024-06-27,3.245,3.245,3.208,3.208,1.0,3.245,1
2024-06-28,3.236,3.236,3.236,3.236,0.0,3.236,0
2024-07-01,3.222,3.222,3.222,3.222,0.0,3.222,0
2024-07-02,3.219,3.219,3.219,3.219,0.0,3.219,0
2024-07-03,3.186,3.186,3.186,3.186,0.0,3.186,0
2024-07-04,3.186,3.186,3.186,3.186,0.0,3.186,0
2024-07-05,3.176,3.176,3.176,3.176,0.0,3.176,0
2024-07-08,3.198,3.198,3.198,3.198,0.0,3.198,0
2024-07-09,3.182,3.182,3.182,3.182,0.0,3.182,0
2024-07-10,3.157,3.157,3.157,3.157,0.0,3.157,0
2024-07-11,3.162,3.162,3.162,3.162,0.0,3.162,0
2024-07-12,3.167,3.167,3.167,3.167,0.0,3.167,0
2024-07-15,3.165,3.165,3.165,3.165,0.0,3.165,0
2024-07-16,3.13,3.13,3.13,3.13,0.0,3.13,0
2024-07-17,3.1,3.1,3.1,3.1,0.0,3.1,0
2024-07-18,3.065,3.065,3.065,3.065,0.0,3.065,0
2024-07-19,3.109,3.109,3.109,3.109,0.0,3.109,0
2024-07-22,3.15,3.15,3.089,3.089,1.0,3.15,1
2024-07-23,3.104,3.104,3.104,3.104,0.0,3.104,0
2024-07-24,3.068,3.068,3.068,3.068,0.0,3.068,0
2024-07-25,3.058,3.058,3.058,3.058,0.0,3.058,0
2024-07-26,3.066,3.066,3.066,3.066,0.0,3.066,0
2024-07-29,3.032,3.032,3.032,3.032,0.0,3.032,0
2024-07-30,3.033,3.033,3.033,3.033,0.0,3.033,0
2024-07-31,2.998,2.998,2.998,2.998,0.0,2.998,0
2024-08-01,2.986,2.986,2.986,2.986,0.0,2.986,0
2024-08-02,2.985,2.985,2.985,2.985,0.0,2.985,0
2024-08-05,2.933,2.933,2.933,2.933,0.0,2.933,0
2024-08-06,2.927,2.927,2.927,2.927,0.0,2.927,0
2024-08-07,2.923,2.923,2.923,2.923,0.0,2.923,0
2024-08-08,2.962,2.962,2.962,2.962,0.0,2.962,0
2024-08-09,3.014,3.014,3.014,3.014,0.0,3.014,0
2024-08-12,3.007,3.007,3.007,3.007,0.0,3.007,0
2024-08-13,3.002,3.002,3.002,3.002,0.0,3.002,0
2024-08-14,2.971,2.977,2.971,2.977,7.0,2.971,1
2024-08-15,2.978,2.978,2.978,2.978,0.0,2.978,0
2024-08-16,2.977,2.977,2.977,2.977,0.0,2.977,0
2024-08-19,2.999,2.999,2.999,2.999,0.0,2.999,0
2024-08-20,3.018,3.018,3.018,3.018,0.0,3.018,0
2024-08-21,3.002,3.002,2.981,2.981,5.0,3.002,1
2024-08-22,3.029,3.029,3.029,3.029,0.0,3.029,0
2024-08-23,3.056,3.056,3.056,3.056,0.0,3.056,0
2024-08-26,3.14,3.14,3.14,3.14,0.0,3.14,0
2024-08-27,3.135,3.135,3.1,3.1,101.0,3.1177,3
2024-08-28,3.054,3.054,3.054,3.054,0.0,3.054,0
2024-08-29,3.051,3.051,3.046,3.046,1.0,3.051,1
2024-08-30,3.066,3.066,3.066,3.066,0.0,3.066,0
2024-09-02,3.066,3.066,3.066,3.066,0.0,3.066,0
2024-09-03,3.064,3.064,3.064,3.064,0.0,3.064,0
2024-09-04,3.056,3.056,3.056,3.056,0.0,3.056,0
2024-09-05,3.026,3.026,3.026,3.026,0.0,3.026,0
2024-09-06,2.968,2.968,2.968,2.968,0.0,2.968,0
2024-09-09,2.98,2.98,2.98,2.98,0.0,2.98,0
2024-09-10,2.96,2.96,2.96,2.96,0.0,2.96,0
2024-09-11,2.961,2.961,2.961,2.961,0.0,2.961,0
2024-09-12,2.945,2.96,2.93,2.96,35.0,2.935,7
2024-09-13,2.93,2.93,2.927,2.927,10.0,2.93,1
2024-09-16,2.929,2.929,2.929,2.929,0.0,2.929,0
2024-09-17,2.923,2.923,2.923,2.923,0.0,2.923,0
2024-09-18,2.931,2.931,2.931,2.931,0.0,2.931,0
2024-09-19,2.93,2.93,2.928,2.928,20.0,2.93,2
2024-09-20,2.938,2.938,2.938,2.938,13.0,2.938,1
2024-09-23,2.929,2.929,2.929,2.929,0.0,2.929,0
2024-09-24,2.979,2.979,2.979,2.979,0.0,2.979,0
2024-09-25,3.006,3.006,3.006,3.006,0.0,3.006,0
2024-09-26,3.025,3.025,3.025,3.025,0.0,3.025,0
2024-09-27,3.036,3.036,3.036,3.036,0.0,3.036,0
2024-09-30,3.051,3.051,3.02,3.02,1.0,3.051,1
2024-10-01,3.006,3.006,3.006,3.006,0.0,3.006,0
2024-10-02,2.982,2.982,2.982,2.982,0.0,2.982,0
2024-10-03,3.022,3.022,3.022,3.022,0.0,3.022,0
2024-10-04,3.056,3.056,3.056,3.056,0.0,3.056,0
2024-10-07,3.064,3.064,3.064,3.064,0.0,3.064,0
2024-10-08,3.034,3.034,3.034,3.034,0.0,3.034,0
2024-10-09,3.014,3.014,3.014,3.014,0.0,3.014,0
2024-10-10,3.028,3.028,3.028,3.028,0.0,3.028,0
2024-10-11,3.004,3.004,3.004,3.004,0.0,3.004,0
2024-10-14,3.003,3.003,3.003,3.003,0.0,3.003,0
2024-10-15,3.03,3.058,3.03,3.058,1.0,3.03,1
2024-10-16,2.999,2.999,2.999,2.999,0.0,2.999,0
2024-10-17,3.048,3.048,3.048,3.048,0.0,3.048,0
2024-10-18,3.006,3.006,3.006,3.006,0.0,3.006,0
2024-10-21,3.026,3.026,3.026,3.026,0.0,3.026,0
2024-10-22,3.032,3.032,3.032,3.032,0.0,3.032,0
2024-10-23,3.049,3.049,3.049,3.049,0.0,3.049,0
2024-10-24,3.047,3.047,3.047,3.047,0.0,3.047,0
2024-10-25,3.056,3.056,3.056,3.056,0.0,3.056,0
2024-10-28,3.036,3.036,3.036,3.036,0.0,3.036,0
2024-10-29,3.065,3.065,3.065,3.065,0.0,3.065,0
2024-10-30,3.117,3.117,3.117,3.117,0.0,3.117,0
2024-10-31,3.064,3.064,3.064,3.064,0.0,3.064,0
2024-11-01,3.076,3.076,3.076,3.076,0.0,3.076,0
2024-11-04,3.045,3.104,3.045,3.104,6.0,3.0467,2
2024-11-05,3.061,3.061,3.061,3.061,0.0,3.061,0
2024-11-06,3.095,3.095,3.095,3.095,0.0,3.095,0
2024-11-07,3.093,3.093,3.093,3.093,0.0,3.093,0
2024-11-08,3.087,3.087,3.069,3.069,50.0,3.0845,5
2024-11-11,3.1,3.1,3.1,3.1,0.0,3.1,0
2024-11-12,3.12,3.12,3.12,3.12,0.0,3.12,0
2024-11-13,3.13,3.141,3.13,3.141,2.0,3.13,1
2024-11-14,3.115,3.115,3.11,3.115,20.0,3.1125,2
2024-11-15,3.11,3.128,3.1,3.128,25.0,3.107,6
2024-11-18,3.13,3.13,3.13,3.13,0.0,3.13,0
2024-11-19,3.176,3.176,3.176,3.176,0.0,3.176,0
2024-11-20,3.202,3.202,3.202,3.202,0.0,3.202,0
2024-11-21,3.163,3.163,3.163,3.163,0.0,3.163,0
2024-11-22,3.148,3.148,3.148,3.148,0.0,3.148,0
2024-11-25,3.22,3.22,3.22,3.22,0.0,3.22,0
2024-11-26,3.15,3.15,3.15,3.15,0.0,3.15,0
2024-11-27,3.182,3.182,3.182,3.182,0.0,3.182,0
2024-11-28,3.182,3.182,3.182,3.182,0.0,3.182,0
2024-11-29,3.27,3.27,3.27,3.27,0.0,3.27,0
2024-12-02,3.207,3.207,3.193,3.193,2.0,3.207,1
2024-12-03,3.192,3.192,3.192,3.192,0.0,3.192,0
2024-12-04,3.232,3.232,3.232,3.232,0.0,3.232,0
2024-12-05,3.239,3.239,3.235,3.235,1.0,3.239,1
2024-12-06,3.246,3.246,3.246,3.246,0.0,3.246,0
2024-12-09,3.213,3.213,3.213,3.213,0.0,3.213,0
2024-12-10,3.201,3.201,3.201,3.201,0.0,3.201,0
2024-12-11,3.167,3.167,3.167,3.167,0.0,3.167,0
2024-12-12,3.175,3.18,3.173,3.173,15.0,3.1783,3
2024-12-13,3.165,3.165,3.165,3.165,0.0,3.165,0
2024-12-16,3.189,3.189,3.189,3.189,0.0,3.189,0
2024-12-17,3.212,3.212,3.212,3.212,0.0,3.212,0
2024-12-18,3.181,3.181,3.181,3.181,0.0,3.181,0
2024-12-19,3.16,3.202,3.16,3.202,1.0,3.16,1
2024-12-20,3.176,3.176,3.176,3.176,0.0,3.176,0
2024-12-23,3.184,3.184,3.184,3.184,0.0,3.184,0
2024-12-24,3.268,3.268,3.268,3.268,0.0,3.268,0
2024-12-26,3.274,3.274,3.274,3.274,0.0,3.274,0
2024-12-27,3.244,3.244,3.244,3.244,0.0,3.244,0
2024-12-30,3.241,3.241,3.241,3.241,0.0,3.241,0
2024-12-31,3.218,3.218,3.218,3.218,0.0,3.218,0
2025-01-02,3.23,3.23,3.23,3.23,0.0,3.23,0
2025-01-03,3.185,3.185,3.185,3.185,0.0,3.185,0
2025-01-06,3.2,3.2,3.2,3.2,0.0,3.2,0
2025-01-07,3.139,3.139,3.139,3.139,0.0,3.139,0
2025-01-08,3.168,3.168,3.168,3.168,0.0,3.168,0
2025-01-09,3.184,3.184,3.184,3.184,0.0,3.184,0
2025-01-10,3.203,3.203,3.203,3.203,0.0,3.203,0
2025-01-13,3.203,3.203,3.197,3.197,1.0,3.203,1
2025-01-14,3.183,3.186,3.176,3.176,75.0,3.184,2
2025-01-15,3.18,3.185,3.179,3.185,125.0,3.1801,5
2025-01-16,3.205,3.205,3.205,3.205,0.0,3.205,0
2025-01-17,3.2,3.2,3.172,3.172,1.0,3.2,1
2025-01-20,3.172,3.172,3.172,3.172,0.0,3.172,0
2025-01-21,3.137,3.137,3.137,3.137,0.0,3.137,0
2025-01-22,3.193,3.193,3.193,3.193,0.0,3.193,0
2025-01-23,3.286,3.286,3.286,3.286,0.0,3.286,0
2025-01-24,3.286,3.286,3.286,3.286,0.0,3.286,0
2025-01-27,3.227,3.227,3.227,3.227,0.0,3.227,0
2025-01-28,3.168,3.168,3.168,3.168,0.0,3.168,0
2025-01-29,3.194,3.194,3.194,3.194,0.0,3.194,0
2025-01-30,3.153,3.153,3.153,3.153,0.0,3.153,0
2025-01-31,3.122,3.122,3.122,3.122,0.0,3.122,0
2025-02-03,3.153,3.153,3.153,3.153,0.0,3.153,0
2025-02-04,3.152,3.152,3.152,3.152,0.0,3.152,0
2025-02-05,3.15,3.15,3.15,3.15,0.0,3.15,0
2025-02-06,3.137,3.137,3.137,3.137,0.0,3.137,0
2025-02-07,3.119,3.119,3.119,3.119,0.0,3.119,0
2025-02-10,3.132,3.132,3.132,3.132,0.0,3.132,0
2025-02-11,3.155,3.155,3.155,3.155,0.0,3.155,0
2025-02-12,3.179,3.179,3.179,3.179,0.0,3.179,0
2025-02-13,3.188,3.188,3.188,3.188,0.0,3.188,0
2025-02-14,3.187,3.187,3.187,3.187,0.0,3.187,0
2025-02-17,3.187,3.187,3.187,3.187,0.0,3.187,0
2025-02-18,3.173,3.173,3.173,3.173,0.0,3.173,0
2025-02-19,3.2,3.2,3.172,3.172,21.0,3.181,3
2025-02-20,3.17,3.17,3.094,3.094,85.0,3.1435,9
2025-02-21,3.12,3.12,3.099,3.099,10.0,3.12,1
2025-02-24,3.1,3.1,3.074,3.074,10.0,3.1,1
2025-02-25,3.092,3.092,3.061,3.061,2.0,3.092,1
2025-02-26,3.01,3.032,3.01,3.032,1.0,3.01,1
2025-02-27,3.122,3.122,3.122,3.122,0.0,3.122,0
2025-02-28,3.159,3.159,3.159,3.159,0.0,3.159,0
2025-03-03,3.178,3.178,3.178,3.178,0.0,3.178,0
2025-03-04,3.18,3.18,3.18,3.18,0.0,3.18,0
2025-03-05,3.209,3.209,3.209,3.209,0.0,3.209,0
2025-03-06,3.168,3.168,3.168,3.168,0.0,3.168,0
2025-03-07,3.19,3.19,3.19,3.19,0.0,3.19,0
2025-03-10,3.166,3.166,3.166,3.166,0.0,3.166,0
2025-03-11,3.145,3.145,3.145,3.145,0.0,3.145,0
2025-03-12,3.11,3.143,3.11,3.143,10.0,3.11,1
2025-03-13,3.145,3.166,3.145,3.166,25.0,3.145,1
2025-03-14,3.148,3.148,3.148,3.148,0.0,3.148,0
2025-03-17,3.13,3.142,3.13,3.142,1.0,3.13,1
2025-03-18,3.148,3.148,3.148,3.148,0.0,3.148,0
2025-03-19,3.146,3.146,3.146,3.146,0.0,3.146,0
2025-03-20,3.11,3.154,3.11,3.154,1.0,3.11,1
2025-03-21,3.154,3.154,3.154,3.154,1.0,3.154,1
2025-03-24,3.169,3.169,3.169,3.169,0.0,3.169,0
2025-03-25,3.149,3.149,3.149,3.149,0.0,3.149,0
2025-03-26,3.082,3.082,3.082,3.082,0.0,3.082,0
2025-03-27,3.086,3.086,3.086,3.086,0.0,3.086,0
2025-03-28,3.092,3.096,3.075,3.075,3.0,3.0933,2
2025-03-31,3.09,3.09,3.09,3.09,0.0,3.09,0
2025-04-01,3.07,3.084,3.07,3.084,10.0,3.07,1
2025-04-02,3.105,3.108,3.105,3.108,2.0,3.105,1
2025-04-03,3.15,3.15,3.15,3.15,0.0,3.15,0
2025-04-04,3.12,3.12,3.116,3.116,1.0,3.12,1
2025-04-07,3.05,3.051,3.05,3.051,10.0,3.05,1
2025-04-08,3.08,3.08,3.05,3.05,1.0,3.08,1
2025-04-09,3.0,3.095,3.0,3.095,50.0,3.0,1
2025-04-10,3.07,3.07,3.07,3.07,0.0,3.07,0
2025-04-11,3.137,3.137,3.121,3.121,3.0,3.137,1
2025-04-14,3.155,3.177,3.155,3.177,67.0,3.1615,9
2025-04-15,3.157,3.157,3.157,3.157,0.0,3.157,0
2025-04-16,3.157,3.157,3.157,3.157,0.0,3.157,0
2025-04-17,3.18,3.183,3.18,3.183,1.0,3.18,1
2025-04-21,3.15,3.15,3.124,3.124,1.0,3.15,1
2025-04-22,3.149,3.15,3.134,3.134,2.0,3.1495,2
2025-04-23,3.141,3.141,3.141,3.141,0.0,3.141,0
2025-04-24,3.159,3.159,3.159,3.159,0.0,3.159,0
2025-04-25,3.134,3.134,3.134,3.134,0.0,3.134,0
2025-04-28,3.138,3.138,3.138,3.138,0.0,3.138,0
2025-04-29,3.151,3.151,3.151,3.151,0.0,3.151,0
2025-04-30,3.163,3.163,3.163,3.163,0.0,3.163,0
2025-05-01,3.175,3.175,3.16,3.164,12.0,3.1662,7
2025-05-02,3.176,3.176,3.176,3.176,0.0,3.176,0
2025-05-05,3.19,3.19,3.19,3.19,0.0,3.19,0
2025-05-06,3.185,3.187,3.185,3.187,50.0,3.185,1
2025-05-07,3.197,3.197,3.197,3.197,0.0,3.197,0
2025-05-08,3.21,3.21,3.21,3.21,0.0,3.21,0
2025-05-09,3.205,3.236,3.205,3.236,2.0,3.205,1
2025-05-12,3.242,3.242,3.236,3.236,2.0,3.242,1
2025-05-13,3.25,3.257,3.25,3.257,1.0,3.25,1
2025-05-14,3.288,3.288,3.288,3.288,0.0,3.288,0
2025-05-15,3.299,3.299,3.271,3.271,7.0,3.299,7
2025-05-16,3.299,3.3,3.29,3.29,33.0,3.2996,3
2025-05-19,3.224,3.224,3.224,3.224,0.0,3.224,0
2025-05-20,3.26,3.26,3.26,3.26,0.0,3.26,0
2025-05-21,3.28,3.28,3.236,3.236,1.0,3.28,1
2025-05-22,3.247,3.247,3.247,3.247,0.0,3.247,0
2025-05-23,3.31,3.31,3.3,3.306,2.0,3.305,2
2025-05-27,3.3,3.3,3.3,3.3,0.0,3.3,0
2025-05-28,3.281,3.281,3.281,3.281,0.0,3.281,0
2025-05-29,3.273,3.273,3.273,3.273,0.0,3.273,0
2025-05-30,3.29,3.29,3.278,3.278,1.0,3.29,1
2025-06-02,3.286,3.286,3.286,3.286,0.0,3.286,0
2025-06-03,3.283,3.283,3.283,3.283,0.0,3.283,0
2025-06-04,3.24,3.292,3.24,3.292,1.0,3.24,1
2025-06-05,3.285,3.285,3.285,3.285,0.0,3.285,0
2025-06-06,3.295,3.305,3.295,3.298,10.0,3.299,7
2025-06-09,3.282,3.282,3.282,3.282,0.0,3.282,0
2025-06-10,3.259,3.259,3.259,3.259,0.0,3.259,0
2025-06-11,3.275,3.275,3.275,3.275,0.0,3.275,0
2025-06-12,3.275,3.275,3.258,3.258,1.0,3.275,1
2025-06-13,3.302,3.302,3.302,3.302,0.0,3.302,0
2025-06-16,3.302,3.307,3.302,3.307,1.0,3.302,1
2025-06-17,3.317,3.317,3.317,3.317,0.0,3.317,0
2025-06-18,3.349,3.349,3.324,3.334,126.0,3.3338,10
2025-06-20,3.366,3.366,3.338,3.338,2.0,3.366,1
2025-06-23,3.329,3.329,3.307,3.307,11.0,3.329,11
2025-06-24,3.309,3.309,3.309,3.309,0.0,3.309,0
2025-06-25,3.298,3.298,3.298,3.298,0.0,3.298,0
2025-06-26,3.31,3.31,3.301,3.301,12.0,3.31,3
2025-06-27,3.33,3.33,3.318,3.318,32.0,3.3252,3
2025-06-30,3.29,3.29,3.29,3.29,0.0,3.29,0
2025-07-01,3.302,3.302,3.302,3.302,0.0,3.302,0
2025-07-02,3.32,3.335,3.32,3.335,469.0,3.32,17
2025-07-03,3.35,3.35,3.323,3.323,6.0,3.35,2
2025-07-07,3.33,3.354,3.33,3.354,1.0,3.33,1
2025-07-08,3.35,3.35,3.323,3.323,36.0,3.35,2
2025-07-09,3.295,3.321,3.295,3.321,2.0,3.305,2
2025-07-10,3.328,3.328,3.328,3.328,0.0,3.328,0
2025-07-11,3.352,3.352,3.352,3.352,0.0,3.352,0
2025-07-14,3.36,3.36,3.36,3.36,0.0,3.36,0
2025-07-15,3.355,3.37,3.355,3.37,250.0,3.355,15
2025-07-16,3.36,3.37,3.335,3.361,319.0,3.3619,31
2025-07-17,3.37,3.37,3.355,3.363,7.0,3.3657,3
2025-07-18,3.34,3.356,3.34,3.356,5.0,3.34,4
2025-07-21,3.344,3.351,3.342,3.351,5.0,3.3442,5
2025-07-22,3.329,3.364,3.329,3.364,5.0,3.3346,5
2025-07-23,3.306,3.33,3.306,3.33,6.0,3.306,1
2025-07-24,3.335,3.335,3.335,3.335,0.0,3.335,0
2025-07-25,3.28,3.287,3.275,3.287,51.0,3.2772,13
2025-07-28,3.231,3.231,3.231,3.231,0.0,3.231,0
2025-07-29,3.234,3.249,3.224,3.249,14.0,3.2326,3
2025-07-30,3.22,3.223,3.21,3.223,3.0,3.2167,2
2025-07-31,3.217,3.254,3.217,3.254,55.0,3.2202,6
2025-08-01,3.244,3.253,3.244,3.253,1.0,3.244,1
2025-08-04,3.237,3.252,3.237,3.252,1.0,3.237,1
2025-08-05,3.252,3.259,3.245,3.245,4.0,3.2572,2
2025-08-06,3.267,3.267,3.267,3.267,0.0,3.267,0
2025-08-07,3.24,3.264,3.24,3.264,15.0,3.24,1
2025-08-08,3.218,3.228,3.218,3.228,1.0,3.218,1
2025-08-11,3.252,3.258,3.228,3.248,13.0,3.2386,13
2025-08-12,3.235,3.235,3.23,3.23,1.0,3.235,1
2025-08-13,3.22,3.22,3.22,3.22,0.0,3.22,0
2025-08-14,3.205,3.222,3.205,3.222,1.0,3.205,1
2025-08-15,3.226,3.226,3.224,3.224,1.0,3.226,1
2025-08-18,3.245,3.271,3.245,3.271,3.0,3.2463,3
2025-08-19,3.257,3.264,3.255,3.264,2.0,3.256,2
2025-08-20,3.272,3.272,3.272,3.272,0.0,3.272,0
2025-08-21,3.27,3.298,3.27,3.298,1.0,3.27,1
2025-08-22,3.29,3.305,3.29,3.305,2.0,3.29,1
2025-08-25,3.291,3.291,3.271,3.29,4.0,3.2765,4
2025-08-26,3.276,3.289,3.276,3.289,8.0,3.276,1
2025-08-27,3.285,3.285,3.285,3.285,0.0,3.285,0
2025-08-28,3.276,3.289,3.276,3.289,1.0,3.276,1
2025-08-29,3.288,3.288,3.288,3.288,0.0,3.288,0
2025-09-02,3.285,3.285,3.284,3.284,1.0,3.285,1
2025-09-03,3.271,3.271,3.269,3.269,4.0,3.271,1
2025-09-04,3.265,3.267,3.265,3.267,1.0,3.265,1
2025-09-05,3.213,3.23,3.212,3.23,2.0,3.2125,2
2025-09-08,3.22,3.22,3.22,3.22,0.0,3.22,0
2025-09-09,3.218,3.218,3.218,3.218,0.0,3.218,0
2025-09-10,3.217,3.217,3.215,3.216,4.0,3.216,2
2025-09-11,3.223,3.223,3.223,3.223,0.0,3.223,0
2025-09-12,3.235,3.237,3.217,3.217,2.0,3.236,2
2025-09-15,3.24,3.247,3.24,3.247,3.0,3.2413,3
2025-09-16,3.26,3.26,3.26,3.26,0.0,3.26,0
2025-09-17,3.253,3.27,3.253,3.258,6.0,3.2643,3
2025-09-18,3.25,3.255,3.25,3.255,1.0,3.25,1
2025-09-19,3.273,3.273,3.273,3.273,0.0,3.273,0
2025-09-22,3.277,3.277,3.272,3.274,7.0,3.2756,7
2025-09-23,3.279,3.294,3.279,3.294,4.0,3.2795,4
2025-09-24,3.303,3.304,3.303,3.304,2.0,3.303,2
2025-09-25,3.3,3.302,3.298,3.298,23.0,3.3002,5
2025-09-26,3.29,3.29,3.278,3.278,1.0,3.29,1
2025-09-29,3.302,3.305,3.302,3.305,1.0,3.302,1
2025-09-30,3.32,3.32,3.305,3.305,55.0,3.3057,6
2025-10-01,3.32,3.33,3.31,3.328,50.0,3.3154,10
2025-10-02,3.343,3.343,3.306,3.306,18.0,3.3291,10
2025-10-03,3.305,3.308,3.305,3.307,4.0,3.3065,4
2025-10-06,3.328,3.328,3.314,3.314,10.0,3.328,2
2025-10-07,3.321,3.343,3.321,3.343,8.0,3.324,8
2025-10-08,3.343,3.343,3.334,3.334,1.0,3.343,1
2025-10-09,3.33,3.332,3.315,3.326,5.0,3.3224,5
2025-10-10,3.325,3.325,3.318,3.318,1.0,3.325,1
2025-10-13,3.304,3.313,3.304,3.313,10.0,3.304,6
2025-10-14,3.3,3.3,3.289,3.289,1.0,3.3,1
2025-10-15,3.28,3.309,3.28,3.309,5.0,3.2882,5
2025-10-16,3.305,3.315,3.284,3.288,93.0,3.2887,11
2025-10-17,3.289,3.304,3.289,3.304,58.0,3.2993,7
2025-10-20,3.316,3.318,3.315,3.318,3.0,3.3153,2
2025-10-21,3.327,3.327,3.327,3.327,0.0,3.327,0
2025-10-22,3.332,3.332,3.312,3.312,1.0,3.332,1
2025-10-23,3.283,3.299,3.283,3.299,21.0,3.2895,11
2025-10-24,3.293,3.317,3.293,3.316,20.0,3.2986,20
2025-10-27,3.315,3.323,3.315,3.323,4.0,3.315,3
2025-10-28,3.319,3.319,3.319,3.319,0.0,3.319,0
2025-10-29,3.307,3.319,3.305,3.319,7.0,3.3077,5
2025-10-30,3.347,3.347,3.335,3.335,1.0,3.347,1
2025-10-31,3.377,3.377,3.374,3.374,2.0,3.377,2
2025-11-03,3.36,3.364,3.36,3.364,2.0,3.362,2
2025-11-04,3.36,3.36,3.359,3.36,4.0,3.3598,4
2025-11-05,3.324,3.324,3.324,3.324,0.0,3.324,0
2025-11-06,3.328,3.328,3.328,3.328,0.0,3.328,0
2025-11-07,3.328,3.334,3.328,3.334,1.0,3.328,1
2025-11-10,3.309,3.309,3.301,3.301,3.0,3.3083,3
2025-11-11,3.328,3.328,3.328,3.328,0.0,3.328,0
2025-11-12,3.33,3.332,3.33,3.332,1.0,3.33,1
2025-11-13,3.358,3.36,3.358,3.358,2.0,3.359,2
2025-11-14,3.345,3.345,3.332,3.332,50.0,3.345,1
2025-11-17,3.345,3.352,3.335,3.335,2.0,3.3485,2
2025-11-18,3.341,3.341,3.341,3.341,0.0,3.341,0
2025-11-19,3.342,3.342,3.327,3.332,4.0,3.332,4
2025-11-20,3.322,3.334,3.322,3.322,5.0,3.3268,3
2025-11-21,3.323,3.323,3.318,3.318,100.0,3.323,1
2025-11-24,3.303,3.303,3.303,3.303,14.0,3.303,12
2025-11-25,3.285,3.298,3.28,3.298,30.0,3.2815,22
2025-11-26,3.28,3.305,3.28,3.29,64.0,3.2852,40
2025-11-28,3.303,3.324,3.303,3.324,9.0,3.303,9
2025-12-01,3.32,3.32,3.307,3.307,1.0,3.32,1
2025-12-02,3.31,3.31,3.309,3.309,5.0,3.31,1
2025-12-03,3.319,3.319,3.31,3.311,11.0,3.3108,6
2025-12-04,3.312,3.32,3.312,3.32,10.0,3.312,1
2025-12-05,3.33,3.33,3.308,3.31,5.0,3.316,5
2025-12-08,3.299,3.3,3.294,3.294,3.0,3.299,3
2025-12-09,3.26,3.282,3.26,3.282,107.0,3.26,19
2025-12-10,3.284,3.303,3.266,3.266,3.0,3.291,3
2025-12-11,3.273,3.273,3.245,3.246,108.0,3.2455,7
2025-12-12,3.226,3.238,3.22,3.221,7.0,3.2269,7
2025-12-15,3.222,3.222,3.203,3.209,10.0,3.2181,4
2025-12-16,3.22,3.22,3.196,3.204,69.0,3.2098,22
2025-12-17,3.232,3.235,3.22,3.22,8.0,3.2341,6
2025-12-18,3.21,3.21,3.185,3.199,17.0,3.2002,10
2025-12-19,3.167,3.196,3.167,3.196,16.0,3.1771,5
2025-12-22,3.195,3.198,3.161,3.171,68.0,3.1762,35
2025-12-23,3.181,3.198,3.176,3.198,10.0,3.1814,9
2025-12-24,3.202,3.202,3.195,3.195,3.0,3.202,1
2025-12-26,3.21,3.21,3.21,3.21,0.0,3.21,0
2025-12-29,3.216,3.216,3.216,3.216,0.0,3.216,0
2025-12-30,3.211,3.211,3.211,3.211,0.0,3.211,0
2025-12-31,3.205,3.216,3.19,3.208,34.0,3.1946,10
2026-01-02,3.191,3.191,3.17,3.17,58.0,3.1785,6
2026-01-05,3.156,3.177,3.15,3.177,31.0,3.1613,20
2026-01-06,3.162,3.173,3.151,3.151,25.0,3.1605,17
2026-01-07,3.169,3.169,3.16,3.163,3.0,3.166,3
2026-01-08,3.148,3.17,3.148,3.158,7.0,3.1609,7
2026-01-09,3.136,3.136,3.069,3.107,41.0,3.1152,32
2026-01-12,3.125,3.141,3.125,3.141,7.0,3.1296,7
2026-01-13,3.134,3.136,3.134,3.134,8.0,3.1355,6
2026-01-14,3.11,3.11,3.089,3.095,45.0,3.0949,37
2026-01-15,3.127,3.147,3.09,3.135,36.0,3.1184,36
2026-01-16,3.145,3.156,3.144,3.156,20.0,3.1441,20
2026-01-20,3.185,3.211,3.177,3.211,35.0,3.1858,31
2026-01-21,3.212,3.212,3.199,3.199,15.0,3.2055,11
2026-01-22,3.215,3.22,3.19,3.197,70.0,3.2088,63
2026-01-23,3.18,3.18,3.147,3.147,1.0,3.18,1
2026-01-26,3.15,3.15,3.1,3.116,54.0,3.1109,42
2026-01-27,3.08,3.11,3.08,3.097,23.0,3.0856,10
2026-01-28,3.1,3.114,3.09,3.114,16.0,3.1042,14
2026-01-29,3.158,3.158,3.158,3.158,0.0,3.158,0
2026-01-30,3.176,3.192,3.165,3.172,25.0,3.1778,19
2026-02-02,3.172,3.175,3.093,3.127,83.0,3.1288,44
2026-02-03,3.09,3.129,3.075,3.129,8.0,3.0911,4
2026-02-04,3.134,3.134,3.134,3.134,0.0,3.134,0
2026-02-05,3.14,3.14,3.118,3.124,14.0,3.1299,14
2026-02-06,3.11,3.125,3.1,3.107,13.0,3.1115,10
2026-02-09,3.08,3.11,3.08,3.109,7.0,3.0996,5
2026-02-10,3.13,3.13,3.098,3.098,13.0,3.1071,12
2026-02-11,3.099,3.119,3.095,3.104,61.0,3.1094,54
2026-02-12,3.132,3.132,3.093,3.095,24.0,3.1148,21
2026-02-13,3.08,3.121,3.077,3.121,101.0,3.0985,42
2026-02-17,3.119,3.123,3.073,3.073,28.0,3.0908,24
2026-02-18,3.063,3.094,3.062,3.087,45.0,3.081,33
2026-02-19,3.111,3.111,3.084,3.101,32.0,3.0924,32
2026-02-20,3.11,3.128,3.11,3.123,9.0,3.1174,9
2026-02-23,3.108,3.115,3.094,3.115,6.0,3.102,3
2026-02-24,3.109,3.11,3.093,3.105,74.0,3.1072,70
2026-02-25,3.119,3.119,3.118,3.119,31.0,3.1188,29
2026-02-26,3.125,3.139,3.123,3.123,9.0,3.1327,8
2026-02-27,3.136,3.141,3.12,3.122,29.0,3.1244,21
2026-03-02,3.141,3.161,3.133,3.133,6.0,3.146,6
2026-03-03,3.155,3.155,3.108,3.108,117.0,3.1322,77
2026-03-04,3.086,3.131,3.086,3.099,70.0,3.105,16
2026-03-05,3.12,3.132,3.1,3.1,30.0,3.1081,25
2026-03-06,3.14,3.15,3.118,3.118,73.0,3.1265,44
2026-03-09,3.105,3.208,3.1,3.121,122.0,3.1368,66
2026-03-10,3.147,3.153,3.11,3.11,45.0,3.1203,14
2026-03-11,3.13,3.133,3.125,3.13,32.0,3.1254,3
2026-03-12,3.126,3.143,3.126,3.143,35.0,3.1273,5
2026-03-13,3.161,3.161,3.161,3.161,0.0,3.161,0
2026-03-16,3.151,3.151,3.131,3.142,2.0,3.141,2
2026-03-17,3.156,3.183,3.151,3.16,21.0,3.1617,19
2026-03-18,3.16,3.185,3.16,3.172,64.0,3.1759,59
2026-03-19,3.156,3.283,3.156,3.185,212.0,3.2176,145
2026-03-20,3.221,3.25,3.186,3.21,94.0,3.2143,64
2026-03-23,3.212,3.22,3.205,3.208,65.0,3.2084,7
2026-03-24,3.2,3.204,3.194,3.204,17.0,3.1948,17
2026-03-25,3.197,3.199,3.185,3.199,4.0,3.19,4
2026-03-26,3.225,3.225,3.221,3.221,2.0,3.2235,2
2026-03-27,3.248,3.248,3.248,3.248,0.0,3.248,0
2026-03-30,3.26,3.26,3.218,3.222,34.0,3.226,26
2026-03-31,3.242,3.246,3.173,3.173,17.0,3.2064,10
2026-04-01,3.171,3.173,3.115,3.117,32.0,3.1369,21
2026-04-02,3.13,3.145,3.12,3.12,43.0,3.1303,34
2026-04-06,3.133,3.15,3.133,3.139,20.0,3.1427,20
2026-04-07,3.168,3.185,3.168,3.185,13.0,3.172,10
2026-04-08,3.188,3.188,3.12,3.125,83.0,3.133,72
2026-04-09,3.145,3.145,3.12,3.12,89.0,3.1309,73
2026-04-10,3.115,3.129,3.101,3.121,86.0,3.1165,59
2026-04-13,3.14,3.19,3.117,3.124,175.0,3.1386,141
2026-04-14,3.123,3.139,3.1,3.119,79.0,3.1091,32
2026-04-15,3.126,3.154,3.118,3.154,274.0,3.1283,122
2026-04-16,3.149,3.186,3.149,3.171,492.0,3.1571,244
2026-04-17,3.175,3.18,3.159,3.171,328.0,3.1742,98
2026-04-20,3.166,3.18,3.165,3.175,64.0,3.1775,31
2026-04-21,3.193,3.193,3.159,3.175,124.0,3.1786,87
2026-04-22,3.173,3.19,3.172,3.185,91.0,3.1818,70
2026-04-23,3.18,3.18,3.165,3.174,114.0,3.1739,94
2026-04-24,3.185,3.19,3.14,3.146,375.0,3.158,121
2026-04-27,3.155,3.166,3.145,3.156,47.0,3.1548,32
2026-04-28,3.147,3.178,3.147,3.154,76.0,3.1639,36
2026-04-29,3.162,3.17,3.156,3.164,67.0,3.1627,39
2026-04-30,3.173,3.186,3.163,3.181,36.0,3.1702,29
2026-05-01,3.164,3.19,3.164,3.177,47.0,3.1766,32
2026-05-04,3.182,3.194,3.171,3.189,50.0,3.1836,32
2026-05-05,3.183,3.188,3.161,3.17,73.0,3.1735,60
2026-05-06,3.155,3.155,3.136,3.142,84.0,3.1416,37
2026-05-07,3.136,3.147,3.125,3.143,68.0,3.1367,38
2026-05-08,3.14,3.17,3.138,3.15,25.0,3.1557,15
2026-05-11,3.17,3.174,3.162,3.168,74.0,3.1699,59
2026-05-12,3.167,3.183,3.142,3.157,58.0,3.1607,44
2026-05-13,3.154,3.172,3.146,3.155,52.0,3.1589,37
2026-05-14,3.162,3.165,3.147,3.148,59.0,3.155,33
2026-05-15,3.163,3.163,3.133,3.15,16.0,3.1496,13
2026-05-18,3.169,3.183,3.153,3.168,67.0,3.1627,45
2026-05-19,3.18,3.19,3.169,3.179,116.0,3.1775,78
2026-05-20,3.178,3.178,3.154,3.157,103.0,3.1618,49
2026-05-21,3.16,3.17,3.149,3.158,78.0,3.1557,30
2026-05-22,3.158,3.158,3.135,3.145,33.0,3.1442,30
2026-05-26,3.155,3.161,3.126,3.131,113.0,3.1431,76
2026-05-27,3.129,3.144,3.126,3.133,38.0,3.1351,25
2026-05-28,3.161,3.174,3.152,3.166,51.0,3.1614,36
2026-05-29,3.17,3.195,3.151,3.167,121.0,3.1651,86
2026-06-01,3.166,3.183,3.159,3.181,101.0,3.1671,62
2026-06-02,3.163,3.181,3.161,3.172,50.0,3.1714,25
2026-06-03,3.186,3.19,3.17,3.184,14.0,3.1823,10
2026-06-04,3.197,3.202,3.184,3.202,33.0,3.191,23
2026-06-05,3.2,3.202,3.169,3.197,86.0,3.189,78
2026-06-08,3.191,3.203,3.191,3.199,32.0,3.1957,28
2026-06-09,3.21,3.21,3.184,3.189,33.0,3.1928,23
2026-06-10,3.184,3.196,3.184,3.195,48.0,3.1898,24
2026-06-11,3.185,3.19,3.172,3.186,28.0,3.1844,25
2026-06-12,3.177,3.203,3.177,3.185,110.0,3.1894,50
2026-06-15,3.174,3.182,3.162,3.182,67.0,3.1719,33
2026-06-16,3.189,3.208,3.185,3.188,47.0,3.1914,32
2026-06-17,3.196,3.196,3.175,3.189,33.0,3.1887,17
2026-06-18,3.188,3.196,3.17,3.17,60.0,3.1814,48
2026-06-22,3.17,3.19,3.169,3.172,39.0,3.1809,34
2026-06-23,3.184,3.187,3.15,3.157,34.0,3.1622,29
2026-06-24,3.155,3.178,3.155,3.169,173.0,3.1713,77
2026-06-25,3.178,3.182,3.161,3.166,31.0,3.171,24
2026-06-26,3.18,3.18,3.154,3.157,100.0,3.1681,41
2026-06-29,3.156,3.156,3.144,3.149,15.0,3.1493,14
2026-06-30,3.146,3.154,3.134,3.145,86.0,3.1412,61
2026-07-01,3.132,3.132,3.116,3.123,107.0,3.1214,53
2026-07-02,3.113,3.12,3.104,3.111,26.0,3.1107,18
2026-07-06,3.096,3.113,3.093,3.106,135.0,3.1009,110
2026-07-07,3.105,3.14,3.101,3.118,177.0,3.1149,112
2026-07-08,3.13,3.137,3.118,3.13,149.0,3.1318,79
2026-07-09,3.12,3.123,3.093,3.097,134.0,3.1049,104
2026-07-10,3.092,3.105,3.088,3.091,90.0,3.093,76
2026-07-13,3.089,3.109,3.087,3.104,309.0,3.0986,245
2026-07-14,3.099,3.108,3.091,3.1,188.0,3.0956,132
2026-07-15,3.1,3.109,3.099,3.108,76.0,3.1047,60
2026-07-16,3.096,3.1,3.074,3.078,149.0,3.0833,125
2026-07-17,3.093,3.107,3.092,3.105,85.0,3.0989,68
2026-07-20,3.096,3.1,3.086,3.098,101.0,3.0925,62
2026-07-21,3.102,3.115,3.099,3.108,88.0,3.1061,66
2026-07-22,3.116,3.149,3.116,3.139,226.0,3.1302,177
2026-07-23,3.15,3.156,3.143,3.152,304.0,3.1509,161
2026-07-24,3.158,3.173,3.136,3.148,176.0,3.157,126
2026-07-27,3.102,3.148,3.097,3.148,169.0,3.1265,112
2026-07-28,3.154,3.165,3.131,3.138,78.0,3.1386,61
2026-07-29,3.155,3.166,3.136,3.161,153.0,3.1587,107
2026-07-30,3.155,3.158,3.128,3.149,141.0,3.1453,95
2026-07-31,3.158,3.168,3.14,3.154,127.0,3.1483,94
2026-08-03,3.173,3.183,3.17,3.183,240.0,3.1739,141
2026-08-04,3.172,3.178,3.159,3.173,148.0,3.1665,118
2026-08-05,3.168,3.17,3.155,3.162,253.0,3.1589,126
2026-08-06,3.146,3.148,3.128,3.132,82.0,3.1355,69
2026-08-07,3.128,3.16,3.128,3.153,86.0,3.1504,61
2026-08-10,3.17,3.171,3.159,3.161,96.0,3.1638,65
2026-08-11,3.156,3.197,3.153,3.159,156.0,3.1692,107
2026-08-12,3.174,3.18,3.157,3.162,166.0,3.1637,123
2026-08-13,3.155,3.168,3.143,3.168,104.0,3.1595,50
2026-08-14,3.169,3.19,3.161,3.168,185.0,3.1718,127
