date,open,high,low,close,volume,average,barCount
2017-03-14,2.848,2.848,2.848,2.848,0.0,2.848,0
2017-03-15,2.868,2.868,2.868,2.868,0.0,2.868,0
2017-03-16,2.889,2.889,2.889,2.889,0.0,2.889,0
2017-03-17,2.894,2.894,2.894,2.894,0.0,2.894,0
2017-03-20,2.897,2.897,2.897,2.897,0.0,2.897,0
2017-03-21,2.91,2.91,2.91,2.91,0.0,2.91,0
2017-03-22,2.912,2.912,2.912,2.912,0.0,2.912,0
2017-03-23,2.907,2.907,2.907,2.907,0.0,2.907,0
2017-03-24,2.875,2.875,2.875,2.875,0.0,2.875,0
2017-03-27,2.865,2.865,2.865,2.865,0.0,2.865,0
2017-03-28,2.856,2.856,2.856,2.856,0.0,2.856,0
2017-03-29,2.864,2.864,2.864,2.864,0.0,2.864,0
2017-03-30,2.867,2.867,2.867,2.867,0.0,2.867,0
2017-03-31,2.868,2.868,2.868,2.868,0.0,2.868,0
2017-04-03,2.875,2.875,2.875,2.875,0.0,2.875,0
2017-04-04,2.888,2.888,2.888,2.888,0.0,2.888,0
2017-04-05,2.907,2.907,2.907,2.907,0.0,2.907,0
2017-04-06,2.892,2.892,2.892,2.892,0.0,2.892,0
2017-04-07,2.906,2.906,2.906,2.906,0.0,2.906,0
2017-04-10,2.915,2.915,2.915,2.915,0.0,2.915,0
2017-04-11,2.946,2.946,2.946,2.946,0.0,2.946,0
2017-04-12,2.947,2.947,2.947,2.947,0.0,2.947,0
2017-04-13,2.965,2.965,2.965,2.965,0.0,2.965,0
2017-04-17,2.954,2.954,2.954,2.954,0.0,2.954,0
2017-04-18,2.984,2.984,2.984,2.984,0.0,2.984,0
2017-04-19,2.995,2.995,2.995,2.995,0.0,2.995,0
2017-04-20,3.029,3.029,3.029,3.029,0.0,3.029,0
2017-04-21,3.03,3.03,3.03,3.03,0.0,3.03,0
2017-04-24,2.989,2.989,2.989,2.989,0.0,2.989,0
2017-04-25,2.989,2.989,2.989,2.989,0.0,2.989,0
2017-04-26,2.98,2.98,2.98,2.98,0.0,2.98,0
2017-04-27,2.971,2.971,2.971,2.971,0.0,2.971,0
2017-04-28,2.987,2.987,2.987,2.987,0.0,2.987,0
2017-05-01,2.962,2.962,2.962,2.962,0.0,2.962,0
2017-05-02,2.963,2.963,2.963,2.963,0.0,2.963,0
2017-05-03,2.982,2.982,2.982,2.982,0.0,2.982,0
2017-05-04,3.025,3.025,3.025,3.025,0.0,3.025,0
2017-05-05,3.025,3.025,3.025,3.025,0.0,3.025,0
2017-05-08,3.016,3.016,3.016,3.016,0.0,3.016,0
2017-05-09,3.019,3.019,3.019,3.019,0.0,3.019,0
2017-05-10,3.02,3.02,3.02,3.02,0.0,3.02,0
2017-05-11,3.054,3.054,3.054,3.054,0.0,3.054,0
2017-05-12,3.058,3.058,3.058,3.058,0.0,3.058,0
2017-05-15,3.052,3.052,3.052,3.052,0.0,3.052,0
2017-05-16,3.069,3.069,3.069,3.069,0.0,3.069,0
2017-05-17,3.065,3.065,3.065,3.065,0.0,3.065,0
2017-05-18,3.052,3.052,3.052,3.052,0.0,3.052,0
2017-05-19,3.042,3.042,3.042,3.042,0.0,3.042,0
2017-05-22,3.044,3.044,3.044,3.044,0.0,3.044,0
2017-05-23,3.116,3.116,3.116,3.116,0.0,3.116,0
2017-05-24,3.118,3.118,3.118,3.118,0.0,3.118,0
2017-05-25,3.101,3.101,3.101,3.101,0.0,3.101,0
2017-05-26,3.086,3.086,3.086,3.086,0.0,3.086,0
2017-05-30,3.059,3.059,3.059,3.059,0.0,3.059,0
2017-05-31,3.055,3.055,3.055,3.055,0.0,3.055,0
2017-06-01,3.057,3.057,3.057,3.057,0.0,3.057,0
2017-06-02,3.047,3.047,3.047,3.047,0.0,3.047,0
2017-06-05,3.017,3.017,3.017,3.017,0.0,3.017,0
2017-06-06,2.959,2.959,2.959,2.959,0.0,2.959,0
2017-06-07,2.97,2.97,2.97,2.97,0.0,2.97,0
2017-06-08,2.988,2.988,2.988,2.988,0.0,2.988,0
2017-06-09,2.985,2.985,2.985,2.985,0.0,2.985,0
2017-06-12,2.987,2.987,2.987,2.987,0.0,2.987,0
2017-06-13,2.987,2.987,2.987,2.987,0.0,2.987,0
2017-06-14,2.976,2.976,2.976,2.976,0.0,2.976,0
2017-06-15,3.004,3.004,3.004,3.004,0.0,3.004,0
2017-06-16,2.993,2.993,2.993,2.993,0.0,2.993,0
2017-06-19,3.016,3.016,3.016,3.016,0.0,3.016,0
2017-06-20,3.054,3.054,3.054,3.054,0.0,3.054,0
2017-06-21,3.07,3.07,3.07,3.07,0.0,3.07,0
2017-06-22,3.064,3.064,3.064,3.064,0.0,3.064,0
2017-06-23,3.061,3.061,3.061,3.061,0.0,3.061,0
2017-06-26,3.036,3.036,3.036,3.036,0.0,3.036,0
2017-06-27,3.036,3.036,3.036,3.036,0.0,3.036,0
2017-06-28,3.026,3.026,3.026,3.026,0.0,3.026,0
2017-06-29,3.026,3.026,3.026,3.026,0.0,3.026,0
2017-06-30,3.039,3.039,3.039,3.039,0.0,3.039,0
2017-07-03,3.04,3.04,3.04,3.04,0.0,3.04,0
2017-07-05,3.017,3.017,3.017,3.017,0.0,3.017,0
2017-07-06,2.976,2.976,2.976,2.976,0.0,2.976,0
2017-07-07,2.971,2.971,2.971,2.971,0.0,2.971,0
2017-07-10,2.958,2.958,2.958,2.958,0.0,2.958,0
2017-07-11,2.955,2.955,2.955,2.955,0.0,2.955,0
2017-07-12,2.941,2.941,2.941,2.941,0.0,2.941,0
2017-07-13,2.954,2.954,2.954,2.954,0.0,2.954,0
2017-07-14,2.957,2.957,2.957,2.957,0.0,2.957,0
2017-07-17,2.95,2.95,2.95,2.95,0.0,2.95,0
2017-07-18,2.955,2.955,2.955,2.955,0.0,2.955,0
2017-07-19,2.94,2.94,2.94,2.94,0.0,2.94,0
2017-07-20,2.921,2.921,2.921,2.921,0.0,2.921,0
2017-07-21,2.919,2.919,2.919,2.919,0.0,2.919,0
2017-07-24,2.891,2.891,2.891,2.891,0.0,2.891,0
2017-07-25,2.867,2.867,2.867,2.867,0.0,2.867,0
2017-07-26,2.857,2.857,2.857,2.857,0.0,2.857,0
2017-07-27,2.858,2.858,2.858,2.858,0.0,2.858,0
2017-07-28,2.873,2.873,2.873,2.873,0.0,2.873,0
2017-07-31,2.854,2.854,2.854,2.854,0.0,2.854,0
2017-08-01,2.876,2.876,2.876,2.876,0.0,2.876,0
2017-08-02,2.885,2.885,2.885,2.885,0.0,2.885,0
2017-08-03,2.908,2.908,2.908,2.908,0.0,2.908,0
2017-08-04,2.918,2.918,2.918,2.918,0.0,2.918,0
2017-08-07,2.917,2.917,2.917,2.917,0.0,2.917,0
2017-08-08,2.9,2.9,2.9,2.9,0.0,2.9,0
2017-08-09,2.894,2.894,2.894,2.894,0.0,2.894,0
2017-08-10,2.891,2.891,2.891,2.891,0.0,2.891,0
2017-08-11,2.895,2.895,2.895,2.895,0.0,2.895,0
2017-08-14,2.891,2.891,2.891,2.891,0.0,2.891,0
2017-08-15,2.889,2.889,2.889,2.889,0.0,2.889,0
2017-08-16,2.879,2.879,2.879,2.879,0.0,2.879,0
2017-08-17,2.878,2.878,2.878,2.878,0.0,2.878,0
2017-08-18,2.878,2.878,2.878,2.878,0.0,2.878,0
2017-08-21,2.868,2.868,2.868,2.868,0.0,2.868,0
2017-08-22,2.86,2.86,2.86,2.86,0.0,2.86,0
2017-08-23,2.858,2.858,2.858,2.858,0.0,2.858,0
2017-08-24,2.811,2.811,2.811,2.811,0.0,2.811,0
2017-08-25,2.798,2.798,2.798,2.798,0.0,2.798,0
2017-08-28,2.811,2.811,2.811,2.811,0.0,2.811,0
2017-08-29,2.813,2.813,2.813,2.813,0.0,2.813,0
2017-08-30,2.818,2.818,2.818,2.818,0.0,2.818,0
2017-08-31,2.826,2.826,2.826,2.826,0.0,2.826,0
2017-09-01,2.827,2.827,2.827,2.827,0.0,2.827,0
2017-09-05,2.823,2.823,2.823,2.823,0.0,2.823,0
2017-09-06,2.784,2.784,2.784,2.784,0.0,2.784,0
2017-09-07,2.818,2.818,2.818,2.818,0.0,2.818,0
2017-09-08,2.822,2.822,2.822,2.822,0.0,2.822,0
2017-09-11,2.833,2.833,2.833,2.833,0.0,2.833,0
2017-09-12,2.818,2.818,2.818,2.818,0.0,2.818,0
2017-09-13,2.804,2.804,2.804,2.804,0.0,2.804,0
2017-09-14,2.799,2.799,2.799,2.799,0.0,2.799,0
2017-09-15,2.804,2.804,2.804,2.804,0.0,2.804,0
2017-09-18,2.814,2.814,2.814,2.814,0.0,2.814,0
2017-09-19,2.802,2.802,2.802,2.802,0.0,2.802,0
2017-09-20,2.792,2.792,2.792,2.792,0.0,2.792,0
2017-09-21,2.783,2.783,2.783,2.783,0.0,2.783,0
2017-09-22,2.797,2.797,2.797,2.797,0.0,2.797,0
2017-09-25,2.78,2.78,2.78,2.78,0.0,2.78,0
2017-09-26,2.79,2.79,2.79,2.79,0.0,2.79,0
2017-09-27,2.801,2.801,2.801,2.801,0.0,2.801,0
2017-09-28,2.8,2.8,2.8,2.8,0.0,2.8,0
2017-09-29,2.797,2.797,2.797,2.797,0.0,2.797,0
2017-10-02,2.81,2.81,2.81,2.81,0.0,2.81,0
2017-10-03,2.822,2.822,2.822,2.822,0.0,2.822,0
2017-10-04,2.821,2.821,2.821,2.821,0.0,2.821,0
2017-10-05,2.83,2.83,2.83,2.83,0.0,2.83,0
2017-10-06,2.822,2.822,2.822,2.822,0.0,2.822,0
2017-10-09,2.832,2.832,2.832,2.832,0.0,2.832,0
2017-10-10,2.822,2.822,2.822,2.822,0.0,2.822,0
2017-10-11,2.808,2.808,2.808,2.808,0.0,2.808,0
2017-10-12,2.852,2.852,2.852,2.852,0.0,2.852,0
2017-10-13,2.875,2.875,2.875,2.875,0.0,2.875,0
2017-10-16,2.916,2.916,2.916,2.916,0.0,2.916,0
2017-10-17,2.963,2.963,2.963,2.963,0.0,2.963,0
2017-10-18,2.967,2.967,2.967,2.967,0.0,2.967,0
2017-10-19,2.989,2.989,2.989,2.989,0.0,2.989,0
2017-10-20,3.029,3.029,3.029,3.029,0.0,3.029,0
2017-10-23,3.009,3.009,3.009,3.009,0.0,3.009,0
2017-10-24,3.008,3.008,3.008,3.008,0.0,3.008,0
2017-10-25,3.009,3.009,3.009,3.009,0.0,3.009,0
2017-10-26,3.002,3.002,3.002,3.002,0.0,3.002,0
2017-10-27,2.982,2.982,2.982,2.982,0.0,2.982,0
2017-10-30,3.017,3.017,3.017,3.017,0.0,3.017,0
2017-10-31,3.014,3.014,3.014,3.014,0.0,3.014,0
2017-11-01,3.024,3.024,3.024,3.024,0.0,3.024,0
2017-11-02,3.006,3.006,3.006,3.006,0.0,3.006,0
2017-11-03,3.0,3.0,3.0,3.0,0.0,3.0,0
2017-11-06,2.995,2.995,2.995,2.995,0.0,2.995,0
2017-11-07,2.994,2.994,2.994,2.994,0.0,2.994,0
2017-11-08,2.992,2.992,2.992,2.992,0.0,2.992,0
2017-11-09,3.02,3.02,3.02,3.02,0.0,3.02,0
2017-11-10,3.002,3.002,3.002,3.002,0.0,3.002,0
2017-11-13,2.981,2.981,2.981,2.981,0.0,2.981,0
2017-11-14,2.971,2.971,2.971,2.971,0.0,2.971,0
2017-11-15,2.961,2.961,2.961,2.961,0.0,2.961,0
2017-11-16,2.965,2.965,2.965,2.965,0.0,2.965,0
2017-11-17,2.963,2.963,2.963,2.963,0.0,2.963,0
2017-11-20,2.956,2.956,2.956,2.956,0.0,2.956,0
2017-11-21,2.954,2.954,2.954,2.954,0.0,2.954,0
2017-11-22,2.941,2.941,2.941,2.941,0.0,2.941,0
2017-11-24,2.942,2.942,2.942,2.942,0.0,2.942,0
2017-11-27,2.944,2.944,2.944,2.944,0.0,2.944,0
2017-11-28,2.946,2.946,2.946,2.946,0.0,2.946,0
2017-11-29,2.955,2.955,2.955,2.955,0.0,2.955,0
2017-11-30,2.951,2.951,2.951,2.951,0.0,2.951,0
2017-12-01,2.917,2.917,2.917,2.917,0.0,2.917,0
2017-12-04,2.896,2.896,2.896,2.896,0.0,2.896,0
2017-12-05,2.885,2.885,2.885,2.885,0.0,2.885,0
2017-12-06,2.867,2.867,2.867,2.867,0.0,2.867,0
2017-12-07,2.873,2.873,2.873,2.873,0.0,2.873,0
2017-12-08,2.869,2.869,2.869,2.869,0.0,2.869,0
2017-12-11,2.862,2.862,2.862,2.862,0.0,2.862,0
2017-12-12,2.872,2.872,2.872,2.872,0.0,2.872,0
2017-12-13,2.897,2.897,2.897,2.897,0.0,2.897,0
2017-12-14,2.908,2.908,2.908,2.908,0.0,2.908,0
2017-12-15,2.916,2.916,2.916,2.916,0.0,2.916,0
2017-12-18,2.936,2.936,2.936,2.936,0.0,2.936,0
2017-12-19,2.938,2.938,2.938,2.938,0.0,2.938,0
2017-12-20,2.924,2.924,2.924,2.924,0.0,2.924,0
2017-12-21,2.941,2.941,2.941,2.941,0.0,2.941,0
2017-12-22,2.964,2.964,2.964,2.964,0.0,2.964,0
2017-12-26,2.965,2.965,2.965,2.965,0.0,2.965,0
2017-12-27,2.94,2.94,2.94,2.94,0.0,2.94,0
2017-12-28,2.909,2.909,2.909,2.909,0.0,2.909,0
2017-12-29,2.914,2.914,2.914,2.914,0.0,2.914,0
2018-01-02,2.907,2.907,2.907,2.907,0.0,2.907,0
2018-01-03,2.908,2.908,2.908,2.908,0.0,2.908,0
2018-01-04,2.94,2.94,2.94,2.94,0.0,2.94,0
2018-01-05,2.926,2.926,2.926,2.926,0.0,2.926,0
2018-01-08,2.921,2.921,2.921,2.921,0.0,2.921,0
2018-01-09,2.906,2.906,2.906,2.906,0.0,2.906,0
2018-01-10,2.899,2.899,2.899,2.899,0.0,2.899,0
2018-01-11,2.911,2.911,2.911,2.911,0.0,2.911,0
2018-01-12,2.898,2.898,2.898,2.898,0.0,2.898,0
2018-01-16,2.861,2.861,2.861,2.861,0.0,2.861,0
2018-01-17,2.855,2.855,2.855,2.855,0.0,2.855,0
2018-01-18,2.853,2.853,2.853,2.853,0.0,2.853,0
2018-01-19,2.863,2.863,2.863,2.863,0.0,2.863,0
2018-01-22,2.882,2.882,2.882,2.882,0.0,2.882,0
2018-01-23,2.894,2.894,2.894,2.894,0.0,2.894,0
2018-01-24,2.912,2.912,2.912,2.912,0.0,2.912,0
2018-01-25,2.947,2.947,2.947,2.947,0.0,2.947,0
2018-01-26,2.913,2.913,2.913,2.913,0.0,2.913,0
2018-01-29,2.915,2.915,2.915,2.915,0.0,2.915,0
2018-01-30,2.926,2.926,2.926,2.926,0.0,2.926,0
2018-01-31,2.895,2.895,2.895,2.895,0.0,2.895,0
2018-02-01,2.901,2.901,2.901,2.901,0.0,2.901,0
2018-02-02,2.923,2.923,2.923,2.923,0.0,2.923,0
2018-02-05,2.945,2.945,2.945,2.945,0.0,2.945,0
2018-02-06,2.932,2.932,2.932,2.932,0.0,2.932,0
2018-02-07,2.903,2.903,2.903,2.903,0.0,2.903,0
2018-02-08,2.916,2.916,2.916,2.916,0.0,2.916,0
2018-02-09,2.882,2.882,2.882,2.882,0.0,2.882,0
2018-02-12,2.877,2.877,2.877,2.877,0.0,2.877,0
2018-02-13,2.881,2.881,2.881,2.881,0.0,2.881,0
2018-02-14,2.879,2.879,2.879,2.879,0.0,2.879,0
2018-02-15,2.875,2.875,2.875,2.875,0.0,2.875,0
2018-02-16,2.896,2.896,2.896,2.896,0.0,2.896,0
2018-02-20,2.896,2.896,2.896,2.896,0.0,2.896,0
2018-02-21,2.914,2.914,2.914,2.914,0.0,2.914,0
2018-02-22,2.921,2.921,2.921,2.921,0.0,2.921,0
2018-02-23,2.913,2.913,2.913,2.913,0.0,2.913,0
2018-02-26,2.917,2.917,2.917,2.917,0.0,2.917,0
2018-02-27,2.92,2.92,2.92,2.92,0.0,2.92,0
2018-02-28,2.89,2.89,2.89,2.89,0.0,2.89,0
2018-03-01,2.915,2.915,2.915,2.915,0.0,2.915,0
2018-03-02,2.932,2.932,2.932,2.932,0.0,2.932,0
2018-03-05,2.95,2.95,2.95,2.95,0.0,2.95,0
2018-03-06,2.959,2.959,2.959,2.959,0.0,2.959,0
2018-03-07,2.95,2.95,2.95,2.95,0.0,2.95,0
2018-03-08,2.905,2.905,2.905,2.905,0.0,2.905,0
2018-03-09,2.872,2.872,2.872,2.872,0.0,2.872,0
2018-03-12,2.879,2.879,2.879,2.879,0.0,2.879,0
2018-03-13,2.886,2.886,2.886,2.886,0.0,2.886,0
2018-03-14,2.908,2.908,2.908,2.908,0.0,2.908,0
2018-03-15,2.966,2.966,2.966,2.966,0.0,2.966,0
2018-03-16,2.977,2.977,2.977,2.977,0.0,2.977,0
2018-03-19,2.967,2.967,2.967,2.967,0.0,2.967,0
2018-03-20,2.972,2.972,2.972,2.972,0.0,2.972,0
2018-03-21,2.98,2.98,2.98,2.98,0.0,2.98,0
2018-03-22,2.968,2.968,2.968,2.968,0.0,2.968,0
2018-03-23,2.893,2.893,2.893,2.893,0.0,2.893,0
2018-03-26,2.921,2.921,2.921,2.921,0.0,2.921,0
2018-03-27,2.931,2.931,2.931,2.931,0.0,2.931,0
2018-03-28,2.945,2.945,2.945,2.945,0.0,2.945,0
2018-03-29,2.983,2.983,2.983,2.983,0.0,2.983,0
2018-04-02,2.965,2.965,2.965,2.965,0.0,2.965,0
2018-04-03,2.943,2.943,2.943,2.943,0.0,2.943,0
2018-04-04,2.917,2.917,2.917,2.917,0.0,2.917,0
2018-04-05,2.933,2.933,2.933,2.933,0.0,2.933,0
2018-04-06,2.927,2.927,2.927,2.927,0.0,2.927,0
2018-04-09,2.916,2.916,2.916,2.916,0.0,2.916,0
2018-04-10,2.925,2.925,2.925,2.925,0.0,2.925,0
2018-04-11,2.948,2.948,2.948,2.948,0.0,2.948,0
2018-04-12,2.964,2.964,2.964,2.964,0.0,2.964,0
2018-04-13,2.957,2.957,2.957,2.957,0.0,2.957,0
2018-04-16,2.959,2.959,2.959,2.959,0.0,2.959,0
2018-04-17,2.939,2.939,2.939,2.939,0.0,2.939,0
2018-04-18,2.93,2.93,2.93,2.93,0.0,2.93,0
2018-04-19,2.927,2.927,2.927,2.927,0.0,2.927,0
2018-04-20,2.935,2.935,2.935,2.935,0.0,2.935,0
2018-04-23,2.936,2.936,2.936,2.936,0.0,2.936,0
2018-04-24,2.932,2.932,2.932,2.932,0.0,2.932,0
2018-04-25,2.923,2.923,2.923,2.923,0.0,2.923,0
2018-04-26,2.917,2.917,2.917,2.917,0.0,2.917,0
2018-04-27,2.919,2.919,2.919,2.919,0.0,2.919,0
2018-04-30,2.914,2.914,2.914,2.914,0.0,2.914,0
2018-05-01,2.894,2.894,2.894,2.894,0.0,2.894,0
2018-05-02,2.906,2.906,2.906,2.906,0.0,2.906,0
2018-05-03,2.909,2.909,2.909,2.909,0.0,2.909,0
2018-05-04,2.907,2.907,2.907,2.907,0.0,2.907,0
2018-05-07,2.905,2.905,2.905,2.905,0.0,2.905,0
2018-05-08,2.86,2.86,2.86,2.86,0.0,2.86,0
2018-05-09,2.846,2.846,2.846,2.846,0.0,2.846,0
2018-05-10,2.842,2.842,2.842,2.842,0.0,2.842,0
2018-05-11,2.845,2.845,2.845,2.845,0.0,2.845,0
2018-05-14,2.844,2.844,2.844,2.844,0.0,2.844,0
2018-05-15,2.869,2.869,2.869,2.869,0.0,2.869,0
2018-05-16,2.853,2.853,2.853,2.853,0.0,2.853,0
2018-05-17,2.86,2.86,2.86,2.86,0.0,2.86,0
2018-05-18,2.875,2.875,2.875,2.875,0.0,2.875,0
2018-05-21,2.87,2.87,2.87,2.87,0.0,2.87,0
2018-05-22,2.867,2.867,2.867,2.867,0.0,2.867,0
2018-05-23,2.844,2.844,2.844,2.844,0.0,2.844,0
2018-05-24,2.838,2.838,2.838,2.838,0.0,2.838,0
2018-05-25,2.81,2.81,2.81,2.81,0.0,2.81,0
2018-05-29,2.787,2.787,2.787,2.787,0.0,2.787,0
2018-05-30,2.798,2.798,2.798,2.798,0.0,2.798,0
2018-05-31,2.766,2.766,2.766,2.766,0.0,2.766,0
2018-06-01,2.752,2.752,2.752,2.752,0.0,2.752,0
2018-06-04,2.765,2.765,2.765,2.765,0.0,2.765,0
2018-06-05,2.78,2.78,2.78,2.78,0.0,2.78,0
2018-06-06,2.779,2.779,2.779,2.779,0.0,2.779,0
2018-06-07,2.777,2.777,2.777,2.777,0.0,2.777,0
2018-06-08,2.779,2.779,2.779,2.779,0.0,2.779,0
2018-06-11,2.77,2.77,2.77,2.77,0.0,2.77,0
2018-06-12,2.784,2.784,2.784,2.784,0.0,2.784,0
2018-06-13,2.805,2.805,2.805,2.805,0.0,2.805,0
2018-06-14,2.817,2.817,2.817,2.817,0.0,2.817,0
2018-06-15,2.822,2.822,2.822,2.822,0.0,2.822,0
2018-06-18,2.853,2.853,2.853,2.853,0.0,2.853,0
2018-06-19,2.856,2.856,2.856,2.856,0.0,2.856,0
2018-06-20,2.855,2.855,2.855,2.855,0.0,2.855,0
2018-06-21,2.832,2.832,2.832,2.832,0.0,2.832,0
2018-06-22,2.834,2.834,2.834,2.834,0.0,2.834,0
2018-06-25,2.83,2.83,2.83,2.83,0.0,2.83,0
2018-06-26,2.827,2.827,2.827,2.827,0.0,2.827,0
2018-06-27,2.83,2.83,2.83,2.83,0.0,2.83,0
2018-06-28,2.818,2.818,2.818,2.818,0.0,2.818,0
2018-06-29,2.815,2.815,2.815,2.815,0.0,2.815,0
2018-07-02,2.806,2.806,2.806,2.806,0.0,2.806,0
2018-07-03,2.802,2.802,2.802,2.802,0.0,2.802,0
2018-07-05,2.804,2.804,2.804,2.804,0.0,2.804,0
2018-07-06,2.803,2.803,2.803,2.803,0.0,2.803,0
2018-07-09,2.794,2.794,2.794,2.794,0.0,2.794,0
2018-07-10,2.798,2.798,2.798,2.798,0.0,2.798,0
2018-07-11,2.776,2.776,2.776,2.776,0.0,2.776,0
2018-07-12,2.773,2.773,2.773,2.773,0.0,2.773,0
2018-07-13,2.768,2.768,2.768,2.768,0.0,2.768,0
2018-07-16,2.735,2.735,2.735,2.735,0.0,2.735,0
2018-07-17,2.72,2.72,2.72,2.72,0.0,2.72,0
2018-07-18,2.711,2.711,2.711,2.711,0.0,2.711,0
2018-07-19,2.709,2.709,2.709,2.709,0.0,2.709,0
2018-07-20,2.715,2.715,2.715,2.715,0.0,2.715,0
2018-07-23,2.724,2.724,2.724,2.724,0.0,2.724,0
2018-07-24,2.738,2.738,2.738,2.738,0.0,2.738,0
2018-07-25,2.767,2.767,2.767,2.767,0.0,2.767,0
2018-07-26,2.763,2.763,2.763,2.763,0.0,2.763,0
2018-07-27,2.782,2.782,2.782,2.782,0.0,2.782,0
2018-07-30,2.786,2.786,2.786,2.786,0.0,2.786,0
2018-07-31,2.789,2.789,2.789,2.789,0.0,2.789,0
2018-08-01,2.759,2.759,2.759,2.759,0.0,2.759,0
2018-08-02,2.763,2.763,2.763,2.763,0.0,2.763,0
2018-08-03,2.763,2.763,2.763,2.763,0.0,2.763,0
2018-08-06,2.754,2.754,2.754,2.754,0.0,2.754,0
2018-08-07,2.782,2.782,2.782,2.782,0.0,2.782,0
2018-08-08,2.795,2.795,2.795,2.795,0.0,2.795,0
2018-08-09,2.792,2.792,2.792,2.792,0.0,2.792,0
2018-08-10,2.793,2.793,2.793,2.793,0.0,2.793,0
2018-08-13,2.794,2.794,2.794,2.794,0.0,2.794,0
2018-08-14,2.793,2.793,2.793,2.793,0.0,2.793,0
2018-08-15,2.794,2.794,2.794,2.794,0.0,2.794,0
2018-08-16,2.784,2.784,2.784,2.784,0.0,2.784,0
2018-08-17,2.786,2.786,2.786,2.786,0.0,2.786,0
2018-08-20,2.785,2.785,2.785,2.785,0.0,2.785,0
2018-08-21,2.805,2.805,2.805,2.805,0.0,2.805,0
2018-08-22,2.792,2.792,2.792,2.792,0.0,2.792,0
2018-08-23,2.789,2.789,2.789,2.789,0.0,2.789,0
2018-08-24,2.773,2.773,2.773,2.773,0.0,2.773,0
2018-08-27,2.742,2.742,2.742,2.742,0.0,2.742,0
2018-08-28,2.718,2.718,2.718,2.718,0.0,2.718,0
2018-08-29,2.722,2.722,2.722,2.722,0.0,2.722,0
2018-08-30,2.703,2.703,2.703,2.703,0.0,2.703,0
2018-08-31,2.717,2.717,2.717,2.717,0.0,2.717,0
2018-09-04,2.7,2.7,2.7,2.7,0.0,2.7,0
2018-09-05,2.705,2.705,2.705,2.705,0.0,2.705,0
2018-09-06,2.724,2.724,2.724,2.724,0.0,2.724,0
2018-09-07,2.723,2.723,2.723,2.723,0.0,2.723,0
2018-09-10,2.731,2.731,2.731,2.731,0.0,2.731,0
2018-09-11,2.728,2.728,2.728,2.728,0.0,2.728,0
2018-09-12,2.738,2.738,2.738,2.738,0.0,2.738,0
2018-09-13,2.754,2.754,2.754,2.754,0.0,2.754,0
2018-09-14,2.759,2.759,2.759,2.759,0.0,2.759,0
2018-09-17,2.763,2.763,2.763,2.763,0.0,2.763,0
2018-09-18,2.766,2.766,2.766,2.766,0.0,2.766,0
2018-09-19,2.763,2.763,2.763,2.763,0.0,2.763,0
2018-09-20,2.767,2.767,2.767,2.767,0.0,2.767,0
2018-09-21,2.765,2.765,2.765,2.765,0.0,2.765,0
2018-09-24,2.763,2.763,2.763,2.763,0.0,2.763,0
2018-09-25,2.765,2.765,2.765,2.765,0.0,2.765,0
2018-09-26,2.774,2.774,2.774,2.774,0.0,2.774,0
2018-09-27,2.775,2.775,2.775,2.775,0.0,2.775,0
2018-09-28,2.776,2.776,2.776,2.776,0.0,2.776,0
2018-10-01,2.781,2.781,2.781,2.781,0.0,2.781,0
2018-10-02,2.779,2.779,2.779,2.779,0.0,2.779,0
2018-10-03,2.778,2.778,2.778,2.778,0.0,2.778,0
2018-10-04,2.779,2.779,2.779,2.779,0.0,2.779,0
2018-10-05,2.782,2.782,2.782,2.782,0.0,2.782,0
2018-10-08,2.787,2.787,2.787,2.787,0.0,2.787,0
2018-10-09,2.782,2.782,2.782,2.782,0.0,2.782,0
2018-10-10,2.778,2.778,2.778,2.778,0.0,2.778,0
2018-10-11,2.803,2.803,2.803,2.803,0.0,2.803,0
2018-10-12,2.815,2.815,2.815,2.815,0.0,2.815,0
2018-10-15,2.814,2.814,2.814,2.814,0.0,2.814,0
2018-10-16,2.839,2.839,2.839,2.839,0.0,2.839,0
2018-10-17,2.834,2.834,2.834,2.834,0.0,2.834,0
2018-10-18,2.833,2.833,2.833,2.833,0.0,2.833,0
2018-10-19,2.83,2.83,2.83,2.83,0.0,2.83,0
2018-10-22,2.831,2.831,2.831,2.831,0.0,2.831,0
2018-10-23,2.83,2.83,2.83,2.83,0.0,2.83,0
2018-10-24,2.827,2.827,2.827,2.827,0.0,2.827,0
2018-10-25,2.817,2.817,2.817,2.817,0.0,2.817,0
2018-10-26,2.819,2.819,2.819,2.819,0.0,2.819,0
2018-10-29,2.82,2.82,2.82,2.82,0.0,2.82,0
2018-10-30,2.838,2.838,2.838,2.838,0.0,2.838,0
2018-10-31,2.837,2.837,2.837,2.837,0.0,2.837,0
2018-11-01,2.842,2.842,2.842,2.842,0.0,2.842,0
2018-11-02,2.849,2.849,2.849,2.849,0.0,2.849,0
2018-11-05,2.863,2.863,2.863,2.863,0.0,2.863,0
2018-11-06,2.879,2.879,2.879,2.879,0.0,2.879,0
2018-11-07,2.877,2.877,2.877,2.877,0.0,2.877,0
2018-11-08,2.878,2.878,2.878,2.878,0.0,2.878,0
2018-11-09,2.881,2.881,2.881,2.881,0.0,2.881,0
2018-11-12,2.904,2.904,2.904,2.904,0.0,2.904,0
2018-11-13,2.883,2.883,2.883,2.883,0.0,2.883,0
2018-11-14,2.867,2.867,2.867,2.867,0.0,2.867,0
2018-11-15,2.882,2.882,2.882,2.882,0.0,2.882,0
2018-11-16,2.853,2.853,2.853,2.853,0.0,2.853,0
2018-11-19,2.84,2.84,2.84,2.84,0.0,2.84,0
2018-11-20,2.838,2.838,2.838,2.838,0.0,2.838,0
2018-11-21,2.836,2.836,2.836,2.836,0.0,2.836,0
2018-11-23,2.861,2.861,2.861,2.861,0.0,2.861,0
2018-11-26,2.854,2.854,2.854,2.854,0.0,2.854,0
2018-11-27,2.85,2.85,2.85,2.85,0.0,2.85,0
2018-11-28,2.851,2.851,2.851,2.851,0.0,2.851,0
2018-11-29,2.886,2.886,2.886,2.886,0.0,2.886,0
2018-11-30,2.934,2.934,2.934,2.934,0.0,2.934,0
2018-12-03,2.906,2.906,2.906,2.906,0.0,2.906,0
2018-12-04,2.892,2.892,2.892,2.892,0.0,2.892,0
2018-12-05,2.883,2.883,2.883,2.883,0.0,2.883,0
2018-12-06,2.894,2.894,2.894,2.894,0.0,2.894,0
2018-12-07,2.901,2.901,2.901,2.901,0.0,2.901,0
2018-12-10,2.902,2.902,2.902,2.902,0.0,2.902,0
2018-12-11,2.877,2.877,2.877,2.877,0.0,2.877,0
2018-12-12,2.879,2.879,2.879,2.879,0.0,2.879,0
2018-12-13,2.847,2.847,2.847,2.847,0.0,2.847,0
2018-12-14,2.857,2.857,2.857,2.857,0.0,2.857,0
2018-12-17,2.856,2.856,2.856,2.856,0.0,2.856,0
2018-12-18,2.851,2.851,2.851,2.851,0.0,2.851,0
2018-12-19,2.874,2.874,2.874,2.874,0.0,2.874,0
2018-12-20,2.889,2.889,2.889,2.889,0.0,2.889,0
2018-12-21,2.892,2.892,2.892,2.892,0.0,2.892,0
2018-12-24,2.891,2.891,2.891,2.891,0.0,2.891,0
2018-12-26,2.888,2.888,2.888,2.888,0.0,2.888,0
2018-12-27,2.886,2.886,2.886,2.886,0.0,2.886,0
2018-12-28,2.883,2.883,2.883,2.883,0.0,2.883,0
2018-12-31,2.889,2.889,2.889,2.889,0.0,2.889,0
2019-01-02,2.889,2.889,2.889,2.889,0.0,2.889,0
2019-01-03,2.878,2.878,2.878,2.878,0.0,2.878,0
2019-01-04,2.883,2.883,2.883,2.883,0.0,2.883,0
2019-01-07,2.885,2.885,2.885,2.885,0.0,2.885,0
2019-01-08,2.876,2.876,2.876,2.876,0.0,2.876,0
2019-01-09,2.874,2.874,2.874,2.874,0.0,2.874,0
2019-01-10,2.871,2.871,2.871,2.871,0.0,2.871,0
2019-01-11,2.878,2.878,2.878,2.878,0.0,2.878,0
2019-01-14,2.877,2.877,2.877,2.877,0.0,2.877,0
2019-01-15,2.869,2.869,2.869,2.869,0.0,2.869,0
2019-01-16,2.838,2.838,2.838,2.838,0.0,2.838,0
2019-01-17,2.838,2.838,2.838,2.838,0.0,2.838,0
2019-01-18,2.851,2.851,2.851,2.851,0.0,2.851,0
2019-01-22,2.864,2.864,2.864,2.864,0.0,2.864,0
2019-01-23,2.844,2.844,2.844,2.844,0.0,2.844,0
2019-01-24,2.823,2.823,2.823,2.823,0.0,2.823,0
2019-01-25,2.868,2.868,2.868,2.868,0.0,2.868,0
2019-01-28,2.852,2.852,2.852,2.852,0.0,2.852,0
2019-01-29,2.855,2.855,2.855,2.855,0.0,2.855,0
2019-01-30,2.857,2.857,2.857,2.857,0.0,2.857,0
2019-01-31,2.858,2.858,2.858,2.858,0.0,2.858,0
2019-02-01,2.859,2.859,2.859,2.859,0.0,2.859,0
2019-02-04,2.846,2.846,2.846,2.846,0.0,2.846,0
2019-02-05,2.888,2.888,2.888,2.888,0.0,2.888,0
2019-02-06,2.885,2.885,2.885,2.885,0.0,2.885,0
2019-02-07,2.881,2.881,2.881,2.881,0.0,2.881,0
2019-02-08,2.883,2.883,2.883,2.883,0.0,2.883,0
2019-02-11,2.888,2.888,2.888,2.888,0.0,2.888,0
2019-02-12,2.896,2.896,2.896,2.896,0.0,2.896,0
2019-02-13,2.897,2.897,2.897,2.897,0.0,2.897,0
2019-02-14,2.901,2.901,2.901,2.901,0.0,2.901,0
2019-02-15,2.881,2.881,2.881,2.881,0.0,2.881,0
2019-02-19,2.872,2.872,2.872,2.872,0.0,2.872,0
2019-02-20,2.884,2.884,2.884,2.884,0.0,2.884,0
2019-02-21,2.871,2.871,2.871,2.871,0.0,2.871,0
2019-02-22,2.868,2.868,2.868,2.868,0.0,2.868,0
2019-02-25,2.86,2.86,2.86,2.86,0.0,2.86,0
2019-02-26,2.842,2.842,2.842,2.842,0.0,2.842,0
2019-02-27,2.878,2.878,2.878,2.878,0.0,2.878,0
2019-02-28,2.889,2.889,2.889,2.889,0.0,2.889,0
2019-03-01,2.888,2.888,2.888,2.888,0.0,2.888,0
2019-03-04,2.884,2.884,2.884,2.884,0.0,2.884,0
2019-03-05,2.882,2.882,2.882,2.882,0.0,2.882,0
2019-03-06,2.885,2.885,2.885,2.885,0.0,2.885,0
2019-03-07,2.89,2.89,2.89,2.89,0.0,2.89,0
2019-03-08,2.89,2.89,2.89,2.89,0.0,2.89,0
2019-03-11,2.917,2.917,2.917,2.917,0.0,2.917,0
2019-03-12,2.932,2.932,2.932,2.932,0.0,2.932,0
2019-03-13,2.941,2.941,2.941,2.941,0.0,2.941,0
2019-03-14,2.949,2.949,2.949,2.949,0.0,2.949,0
2019-03-15,2.95,2.95,2.95,2.95,0.0,2.95,0
2019-03-18,2.95,2.95,2.95,2.95,0.0,2.95,0
2019-03-19,2.951,2.951,2.951,2.951,0.0,2.951,0
2019-03-20,2.949,2.949,2.949,2.949,0.0,2.949,0
2019-03-21,2.959,2.959,2.959,2.959,0.0,2.959,0
2019-03-22,2.949,2.949,2.949,2.949,0.0,2.949,0
2019-03-25,2.948,2.948,2.948,2.948,0.0,2.948,0
2019-03-26,2.95,2.95,2.95,2.95,0.0,2.95,0
2019-03-27,2.941,2.941,2.941,2.941,0.0,2.941,0
2019-03-28,2.944,2.944,2.944,2.944,0.0,2.944,0
2019-03-29,2.943,2.943,2.943,2.943,0.0,2.943,0
2019-04-01,2.942,2.942,2.942,2.942,0.0,2.942,0
2019-04-02,2.949,2.949,2.949,2.949,0.0,2.949,0
2019-04-03,2.942,2.942,2.942,2.942,0.0,2.942,0
2019-04-04,2.965,2.965,2.965,2.965,0.0,2.965,0
2019-04-05,2.95,2.95,2.95,2.95,0.0,2.95,0
2019-04-08,2.953,2.953,2.953,2.953,0.0,2.953,0
2019-04-09,2.96,2.96,2.96,2.96,0.0,2.96,0
2019-04-10,2.938,2.938,2.938,2.938,0.0,2.938,0
2019-04-11,2.936,2.936,2.936,2.936,0.0,2.936,0
2019-04-12,2.936,2.936,2.936,2.936,0.0,2.936,0
2019-04-15,2.936,2.936,2.936,2.936,0.0,2.936,0
2019-04-16,2.937,2.937,2.937,2.937,0.0,2.937,0
2019-04-17,2.927,2.927,2.927,2.927,0.0,2.927,0
2019-04-18,2.912,2.912,2.912,2.912,0.0,2.912,0
2019-04-22,2.9,2.9,2.9,2.9,0.0,2.9,0
2019-04-23,2.895,2.895,2.895,2.895,0.0,2.895,0
2019-04-24,2.905,2.905,2.905,2.905,0.0,2.905,0
2019-04-25,2.915,2.915,2.915,2.915,0.0,2.915,0
2019-04-26,2.912,2.912,2.912,2.912,0.0,2.912,0
2019-04-29,2.919,2.919,2.919,2.919,0.0,2.919,0
2019-04-30,2.924,2.924,2.924,2.924,0.0,2.924,0
2019-05-01,2.926,2.926,2.926,2.926,0.0,2.926,0
2019-05-02,2.923,2.923,2.923,2.923,0.0,2.923,0
2019-05-03,2.93,2.93,2.93,2.93,0.0,2.93,0
2019-05-06,2.933,2.933,2.933,2.933,0.0,2.933,0
2019-05-07,2.933,2.933,2.933,2.933,0.0,2.933,0
2019-05-08,2.927,2.927,2.927,2.927,0.0,2.927,0
2019-05-09,2.934,2.934,2.934,2.934,0.0,2.934,0
2019-05-10,2.925,2.925,2.925,2.925,0.0,2.925,0
2019-05-13,2.928,2.928,2.928,2.928,0.0,2.928,0
2019-05-14,2.939,2.939,2.939,2.939,0.0,2.939,0
2019-05-15,2.936,2.936,2.936,2.936,0.0,2.936,0
2019-05-16,2.932,2.932,2.932,2.932,0.0,2.932,0
2019-05-17,2.936,2.936,2.936,2.936,0.0,2.936,0
2019-05-20,2.941,2.941,2.941,2.941,0.0,2.941,0
2019-05-21,2.944,2.944,2.944,2.944,0.0,2.944,0
2019-05-22,2.897,2.897,2.897,2.897,0.0,2.897,0
2019-05-23,2.909,2.909,2.909,2.909,0.0,2.909,0
2019-05-24,2.919,2.919,2.919,2.919,0.0,2.919,0
2019-05-28,2.927,2.927,2.927,2.927,0.0,2.927,0
2019-05-29,2.908,2.908,2.908,2.908,0.0,2.908,0
2019-05-30,2.906,2.906,2.906,2.906,0.0,2.906,0
2019-05-31,2.904,2.904,2.904,2.904,0.0,2.904,0
2019-06-03,2.892,2.892,2.892,2.892,0.0,2.892,0
2019-06-04,2.897,2.897,2.897,2.897,0.0,2.897,0
2019-06-05,2.885,2.885,2.885,2.885,0.0,2.885,0
2019-06-06,2.901,2.901,2.901,2.901,0.0,2.901,0
2019-06-07,2.902,2.902,2.902,2.902,0.0,2.902,0
2019-06-10,2.891,2.891,2.891,2.891,0.0,2.891,0
2019-06-11,2.891,2.891,2.891,2.891,0.0,2.891,0
2019-06-12,2.888,2.888,2.888,2.888,0.0,2.888,0
2019-06-13,2.889,2.889,2.889,2.889,0.0,2.889,0
2019-06-14,2.894,2.894,2.894,2.894,0.0,2.894,0
2019-06-17,2.897,2.897,2.897,2.897,0.0,2.897,0
2019-06-18,2.88,2.88,2.88,2.88,0.0,2.88,0
2019-06-19,2.881,2.881,2.881,2.881,0.0,2.881,0
2019-06-20,2.885,2.885,2.885,2.885,0.0,2.885,0
2019-06-21,2.9,2.9,2.9,2.9,0.0,2.9,0
2019-06-24,2.9,2.9,2.9,2.9,0.0,2.9,0
2019-06-25,2.899,2.899,2.899,2.899,0.0,2.899,0
2019-06-26,2.891,2.891,2.891,2.891,0.0,2.891,0
2019-06-27,2.887,2.887,2.887,2.887,0.0,2.887,0
2019-06-28,2.859,2.859,2.859,2.859,0.0,2.859,0
2019-07-01,2.852,2.852,2.852,2.852,0.0,2.852,0
2019-07-02,2.848,2.848,2.848,2.848,0.0,2.848,0
2019-07-03,2.847,2.847,2.847,2.847,0.0,2.847,0
2019-07-05,2.873,2.873,2.873,2.873,0.0,2.873,0
2019-07-08,2.869,2.869,2.869,2.869,0.0,2.869,0
2019-07-09,2.891,2.891,2.891,2.891,0.0,2.891,0
2019-07-10,2.883,2.883,2.883,2.883,0.0,2.883,0
2019-07-11,2.891,2.891,2.891,2.891,0.0,2.891,0
2019-07-12,2.899,2.899,2.899,2.899,0.0,2.899,0
2019-07-15,2.904,2.904,2.904,2.904,0.0,2.904,0
2019-07-16,2.88,2.88,2.88,2.88,0.0,2.88,0
2019-07-17,2.877,2.877,2.877,2.877,0.0,2.877,0
2019-07-18,2.896,2.896,2.896,2.896,0.0,2.896,0
2019-07-19,2.889,2.889,2.889,2.889,0.0,2.889,0
2019-07-22,2.847,2.847,2.847,2.847,0.0,2.847,0
2019-07-23,2.854,2.854,2.854,2.854,0.0,2.854,0
2019-07-24,2.847,2.847,2.847,2.847,0.0,2.847,0
2019-07-25,2.848,2.848,2.848,2.848,0.0,2.848,0
2019-07-26,2.839,2.839,2.839,2.839,0.0,2.839,0
2019-07-29,2.828,2.828,2.828,2.828,0.0,2.828,0
2019-07-30,2.831,2.831,2.831,2.831,0.0,2.831,0
2019-07-31,2.837,2.837,2.837,2.837,0.0,2.837,0
2019-08-01,2.84,2.84,2.84,2.84,0.0,2.84,0
2019-08-02,2.827,2.827,2.827,2.827,0.0,2.827,0
2019-08-05,2.825,2.825,2.825,2.825,0.0,2.825,0
2019-08-06,2.826,2.826,2.826,2.826,0.0,2.826,0
2019-08-07,2.831,2.831,2.831,2.831,0.0,2.831,0
2019-08-08,2.81,2.81,2.81,2.81,0.0,2.81,0
2019-08-09,2.786,2.786,2.786,2.786,0.0,2.786,0
2019-08-12,2.775,2.775,2.775,2.775,0.0,2.775,0
2019-08-13,2.756,2.756,2.756,2.756,0.0,2.756,0
2019-08-14,2.719,2.719,2.719,2.719,0.0,2.719,0
2019-08-15,2.719,2.719,2.719,2.719,0.0,2.719,0
2019-08-16,2.698,2.698,2.698,2.698,0.0,2.698,0
2019-08-19,2.7,2.7,2.7,2.7,0.0,2.7,0
2019-08-20,2.7,2.7,2.7,2.7,0.0,2.7,0
2019-08-21,2.701,2.701,2.701,2.701,0.0,2.701,0
2019-08-22,2.69,2.69,2.69,2.69,0.0,2.69,0
2019-08-23,2.72,2.72,2.72,2.72,0.0,2.72,0
2019-08-26,2.727,2.727,2.727,2.727,0.0,2.727,0
2019-08-27,2.742,2.742,2.742,2.742,0.0,2.742,0
2019-08-28,2.761,2.761,2.761,2.761,0.0,2.761,0
2019-08-29,2.763,2.763,2.763,2.763,0.0,2.763,0
2019-08-30,2.723,2.723,2.723,2.723,0.0,2.723,0
2019-09-03,2.728,2.728,2.728,2.728,0.0,2.728,0
2019-09-04,2.699,2.699,2.699,2.699,0.0,2.699,0
2019-09-05,2.706,2.706,2.706,2.706,0.0,2.706,0
2019-09-06,2.693,2.693,2.693,2.693,0.0,2.693,0
2019-09-09,2.657,2.657,2.657,2.657,0.0,2.657,0
2019-09-10,2.661,2.661,2.661,2.661,0.0,2.661,0
2019-09-11,2.656,2.656,2.656,2.656,0.0,2.656,0
2019-09-12,2.661,2.661,2.661,2.661,0.0,2.661,0
2019-09-13,2.626,2.626,2.626,2.626,0.0,2.626,0
2019-09-16,2.656,2.656,2.656,2.656,0.0,2.656,0
2019-09-17,2.62,2.62,2.62,2.62,0.0,2.62,0
2019-09-18,2.633,2.633,2.633,2.633,0.0,2.633,0
2019-09-19,2.627,2.627,2.627,2.627,0.0,2.627,0
2019-09-20,2.638,2.638,2.638,2.638,0.0,2.638,0
2019-09-23,2.635,2.635,2.635,2.635,0.0,2.635,0
2019-09-24,2.614,2.614,2.614,2.614,0.0,2.614,0
2019-09-25,2.613,2.613,2.613,2.613,0.0,2.613,0
2019-09-26,2.614,2.614,2.614,2.614,0.0,2.614,0
2019-09-27,2.603,2.603,2.603,2.603,0.0,2.603,0
2019-09-30,2.665,2.665,2.665,2.665,0.0,2.665,0
2019-10-01,2.614,2.614,2.614,2.614,0.0,2.614,0
2019-10-02,2.632,2.632,2.632,2.632,0.0,2.632,0
2019-10-03,2.617,2.617,2.617,2.617,0.0,2.617,0
2019-10-04,2.607,2.607,2.607,2.607,0.0,2.607,0
2019-10-07,2.611,2.611,2.611,2.611,0.0,2.611,0
2019-10-08,2.587,2.587,2.587,2.587,0.0,2.587,0
2019-10-09,2.598,2.598,2.598,2.598,0.0,2.598,0
2019-10-10,2.599,2.599,2.599,2.599,0.0,2.599,0
2019-10-11,2.61,2.61,2.61,2.61,0.0,2.61,0
2019-10-14,2.625,2.625,2.625,2.625,0.0,2.625,0
2019-10-15,2.641,2.641,2.641,2.641,0.0,2.641,0
2019-10-16,2.643,2.643,2.643,2.643,0.0,2.643,0
2019-10-17,2.64,2.64,2.64,2.64,0.0,2.64,0
2019-10-18,2.635,2.635,2.635,2.635,0.0,2.635,0
2019-10-21,2.63,2.63,2.63,2.63,0.0,2.63,0
2019-10-22,2.634,2.634,2.634,2.634,0.0,2.634,0
2019-10-23,2.628,2.628,2.628,2.628,0.0,2.628,0
2019-10-24,2.632,2.632,2.632,2.632,0.0,2.632,0
2019-10-25,2.63,2.63,2.63,2.63,0.0,2.63,0
2019-10-28,2.639,2.639,2.639,2.639,0.0,2.639,0
2019-10-29,2.655,2.655,2.655,2.655,0.0,2.655,0
2019-10-30,2.662,2.662,2.662,2.662,0.0,2.662,0
2019-10-31,2.66,2.66,2.66,2.66,0.0,2.66,0
2019-11-01,2.669,2.669,2.669,2.669,0.0,2.669,0
2019-11-04,2.61,2.61,2.61,2.61,0.0,2.61,0
2019-11-05,2.589,2.589,2.589,2.589,0.0,2.589,0
2019-11-06,2.6,2.6,2.6,2.6,0.0,2.6,0
2019-11-07,2.567,2.567,2.567,2.567,0.0,2.567,0
2019-11-08,2.574,2.574,2.574,2.574,0.0,2.574,0
2019-11-11,2.565,2.565,2.565,2.565,0.0,2.565,0
2019-11-12,2.525,2.525,2.525,2.525,0.0,2.525,0
2019-11-13,2.516,2.516,2.516,2.516,0.0,2.516,0
2019-11-14,2.518,2.518,2.518,2.518,0.0,2.518,0
2019-11-15,2.516,2.516,2.516,2.516,0.0,2.516,0
2019-11-18,2.52,2.52,2.52,2.52,0.0,2.52,0
2019-11-19,2.527,2.527,2.527,2.527,0.0,2.527,0
2019-11-20,2.536,2.536,2.536,2.536,0.0,2.536,0
2019-11-21,2.543,2.543,2.543,2.543,0.0,2.543,0
2019-11-22,2.543,2.543,2.543,2.543,0.0,2.543,0
2019-11-25,2.535,2.535,2.535,2.535,0.0,2.535,0
2019-11-26,2.529,2.529,2.529,2.529,0.0,2.529,0
2019-11-27,2.533,2.533,2.533,2.533,0.0,2.533,0
2019-11-29,2.491,2.491,2.491,2.491,0.0,2.491,0
2019-12-02,2.517,2.517,2.517,2.517,0.0,2.517,0
2019-12-03,2.526,2.526,2.526,2.526,0.0,2.526,0
2019-12-04,2.525,2.525,2.525,2.525,0.0,2.525,0
2019-12-05,2.517,2.517,2.517,2.517,0.0,2.517,0
2019-12-06,2.49,2.49,2.49,2.49,0.0,2.49,0
2019-12-09,2.48,2.48,2.469,2.469,1.0,2.48,1
2019-12-10,2.478,2.478,2.478,2.478,0.0,2.478,0
2019-12-11,2.475,2.475,2.475,2.475,0.0,2.475,0
2019-12-12,2.48,2.48,2.48,2.48,0.0,2.48,0
2019-12-13,2.463,2.463,2.463,2.463,0.0,2.463,0
2019-12-16,2.472,2.472,2.472,2.472,0.0,2.472,0
2019-12-17,2.474,2.474,2.474,2.474,0.0,2.474,0
2019-12-18,2.445,2.445,2.445,2.445,0.0,2.445,0
2019-12-19,2.419,2.419,2.419,2.419,0.0,2.419,0
2019-12-20,2.41,2.41,2.41,2.41,0.0,2.41,0
2019-12-23,2.417,2.417,2.417,2.417,0.0,2.417,0
2019-12-24,2.415,2.415,2.415,2.415,0.0,2.415,0
2019-12-26,2.403,2.403,2.403,2.403,0.0,2.403,0
2019-12-27,2.401,2.401,2.401,2.401,0.0,2.401,0
2019-12-30,2.398,2.398,2.398,2.398,0.0,2.398,0
2019-12-31,2.407,2.407,2.407,2.407,0.0,2.407,0
2020-01-02,2.402,2.402,2.402,2.402,0.0,2.402,0
2020-01-03,2.402,2.402,2.402,2.402,0.0,2.402,0
2020-01-06,2.406,2.406,2.406,2.406,0.0,2.406,0
2020-01-07,2.413,2.413,2.413,2.413,0.0,2.413,0
2020-01-08,2.416,2.416,2.416,2.416,0.0,2.416,0
2020-01-09,2.427,2.427,2.427,2.427,0.0,2.427,0
2020-01-10,2.429,2.429,2.429,2.429,0.0,2.429,0
2020-01-13,2.429,2.429,2.429,2.429,0.0,2.429,0
2020-01-14,2.428,2.428,2.428,2.428,0.0,2.428,0
2020-01-15,2.427,2.427,2.427,2.427,0.0,2.427,0
2020-01-16,2.434,2.434,2.434,2.434,0.0,2.434,0
2020-01-17,2.444,2.444,2.444,2.444,0.0,2.444,0
2020-01-21,2.434,2.434,2.434,2.434,0.0,2.434,0
2020-01-22,2.415,2.415,2.415,2.415,0.0,2.415,0
2020-01-23,2.407,2.407,2.407,2.407,0.0,2.407,0
2020-01-24,2.415,2.415,2.415,2.415,0.0,2.415,0
2020-01-27,2.374,2.374,2.374,2.374,0.0,2.374,0
2020-01-28,2.384,2.384,2.384,2.384,0.0,2.384,0
2020-01-29,2.374,2.374,2.374,2.374,0.0,2.374,0
2020-01-30,2.369,2.369,2.369,2.369,0.0,2.369,0
2020-01-31,2.37,2.37,2.37,2.37,0.0,2.37,0
2020-02-03,2.365,2.365,2.365,2.365,0.0,2.365,0
2020-02-04,2.361,2.361,2.361,2.361,0.0,2.361,0
2020-02-05,2.338,2.338,2.338,2.338,0.0,2.338,0
2020-02-06,2.342,2.342,2.342,2.342,0.0,2.342,0
2020-02-07,2.36,2.36,2.36,2.36,0.0,2.36,0
2020-02-10,2.352,2.352,2.352,2.352,0.0,2.352,0
2020-02-11,2.342,2.342,2.342,2.342,0.0,2.342,0
2020-02-12,2.349,2.349,2.349,2.349,0.0,2.349,0
2020-02-13,2.339,2.339,2.339,2.339,0.0,2.339,0
2020-02-14,2.345,2.345,2.345,2.345,0.0,2.345,0
2020-02-18,2.324,2.324,2.324,2.324,0.0,2.324,0
2020-02-19,2.345,2.345,2.345,2.345,0.0,2.345,0
2020-02-20,2.34,2.34,2.34,2.34,0.0,2.34,0
2020-02-21,2.37,2.37,2.37,2.37,0.0,2.37,0
2020-02-24,2.376,2.376,2.376,2.376,0.0,2.376,0
2020-02-25,2.379,2.379,2.379,2.379,0.0,2.379,0
2020-02-26,2.402,2.402,2.402,2.402,0.0,2.402,0
2020-02-27,2.392,2.392,2.392,2.392,0.0,2.392,0
2020-02-28,2.422,2.422,2.422,2.422,0.0,2.422,0
2020-03-02,2.462,2.462,2.462,2.462,0.0,2.462,0
2020-03-03,2.458,2.458,2.458,2.458,0.0,2.458,0
2020-03-04,2.447,2.447,2.447,2.447,0.0,2.447,0
2020-03-05,2.422,2.422,2.422,2.422,0.0,2.422,0
2020-03-06,2.435,2.435,2.435,2.435,0.0,2.435,0
2020-03-09,2.472,2.472,2.472,2.472,0.0,2.472,0
2020-03-10,2.472,2.472,2.472,2.472,0.0,2.472,0
2020-03-11,2.434,2.434,2.434,2.434,0.0,2.434,0
2020-03-12,2.384,2.384,2.384,2.384,0.0,2.384,0
2020-03-13,2.379,2.379,2.379,2.379,0.0,2.379,0
2020-03-16,2.368,2.368,2.368,2.368,0.0,2.368,0
2020-03-17,2.397,2.397,2.397,2.397,0.0,2.397,0
2020-03-18,2.403,2.403,2.403,2.403,0.0,2.403,0
2020-03-19,2.416,2.416,2.416,2.416,0.0,2.416,0
2020-03-20,2.41,2.41,2.41,2.41,0.0,2.41,0
2020-03-23,2.405,2.405,2.405,2.405,0.0,2.405,0
2020-03-24,2.372,2.372,2.372,2.372,0.0,2.372,0
2020-03-25,2.367,2.367,2.367,2.367,0.0,2.367,0
2020-03-26,2.333,2.333,2.333,2.333,0.0,2.333,0
2020-03-27,2.355,2.355,2.355,2.355,0.0,2.355,0
2020-03-30,2.363,2.363,2.363,2.363,0.0,2.363,0
2020-03-31,2.351,2.351,2.351,2.351,0.0,2.351,0
2020-04-01,2.321,2.321,2.321,2.321,0.0,2.321,0
2020-04-02,2.307,2.307,2.307,2.307,0.0,2.307,0
2020-04-03,2.291,2.291,2.291,2.291,0.0,2.291,0
2020-04-06,2.307,2.307,2.307,2.307,0.0,2.307,0
2020-04-07,2.301,2.301,2.301,2.301,0.0,2.301,0
2020-04-08,2.318,2.318,2.318,2.318,0.0,2.318,0
2020-04-09,2.335,2.335,2.335,2.335,0.0,2.335,0
2020-04-13,2.363,2.363,2.363,2.363,0.0,2.363,0
2020-04-14,2.345,2.345,2.345,2.345,0.0,2.345,0
2020-04-15,2.314,2.314,2.314,2.314,0.0,2.314,0
2020-04-16,2.319,2.319,2.319,2.319,0.0,2.319,0
2020-04-17,2.32,2.32,2.32,2.32,0.0,2.32,0
2020-04-20,2.338,2.338,2.338,2.338,0.0,2.338,0
2020-04-21,2.321,2.321,2.321,2.321,0.0,2.321,0
2020-04-22,2.349,2.349,2.349,2.349,0.0,2.349,0
2020-04-23,2.303,2.303,2.303,2.303,0.0,2.303,0
2020-04-24,2.301,2.301,2.301,2.301,0.0,2.301,0
2020-04-27,2.327,2.327,2.327,2.327,0.0,2.327,0
2020-04-28,2.319,2.319,2.319,2.319,0.0,2.319,0
2020-04-29,2.314,2.314,2.314,2.314,0.0,2.314,0
2020-04-30,2.289,2.289,2.289,2.289,0.0,2.289,0
2020-05-01,2.272,2.272,2.272,2.272,0.0,2.272,0
2020-05-04,2.253,2.253,2.253,2.253,0.0,2.253,0
2020-05-05,2.24,2.24,2.24,2.24,0.0,2.24,0
2020-05-06,2.279,2.279,2.279,2.279,0.0,2.279,0
2020-05-07,2.261,2.261,2.261,2.261,0.0,2.261,0
2020-05-08,2.27,2.27,2.27,2.27,0.0,2.27,0
2020-05-11,2.257,2.257,2.257,2.257,0.0,2.257,0
2020-05-12,2.261,2.261,2.261,2.261,0.0,2.261,0
2020-05-13,2.253,2.253,2.236,2.236,25.0,2.253,1
2020-05-14,2.21,2.21,2.21,2.21,0.0,2.21,0
2020-05-15,2.251,2.251,2.251,2.251,0.0,2.251,0
2020-05-18,2.269,2.269,2.269,2.269,0.0,2.269,0
2020-05-19,2.266,2.266,2.266,2.266,0.0,2.266,0
2020-05-20,2.223,2.223,2.223,2.223,0.0,2.223,0
2020-05-21,2.214,2.214,2.214,2.214,0.0,2.214,0
2020-05-22,2.257,2.257,2.257,2.257,0.0,2.257,0
2020-05-26,2.257,2.257,2.257,2.257,0.0,2.257,0
2020-05-27,2.293,2.293,2.293,2.293,0.0,2.293,0
2020-05-28,2.285,2.285,2.285,2.285,0.0,2.285,0
2020-05-29,2.279,2.279,2.279,2.279,0.0,2.279,0
2020-06-01,2.256,2.256,2.256,2.256,0.0,2.256,0
2020-06-02,2.261,2.261,2.261,2.261,0.0,2.261,0
2020-06-03,2.248,2.248,2.248,2.248,0.0,2.248,0
2020-06-04,2.257,2.257,2.257,2.257,0.0,2.257,0
2020-06-05,2.251,2.251,2.251,2.251,0.0,2.251,0
2020-06-08,2.265,2.265,2.265,2.265,0.0,2.265,0
2020-06-09,2.273,2.273,2.273,2.273,0.0,2.273,0
2020-06-10,2.259,2.259,2.259,2.259,0.0,2.259,0
2020-06-11,2.254,2.254,2.254,2.254,0.0,2.254,0
2020-06-12,2.243,2.243,2.243,2.243,0.0,2.243,0
2020-06-15,2.27,2.27,2.27,2.27,0.0,2.27,0
2020-06-16,2.264,2.264,2.264,2.264,0.0,2.264,0
2020-06-17,2.259,2.259,2.259,2.259,0.0,2.259,0
2020-06-18,2.27,2.27,2.27,2.27,0.0,2.27,0
2020-06-19,2.253,2.253,2.253,2.253,0.0,2.253,0
2020-06-22,2.241,2.241,2.241,2.241,0.0,2.241,0
2020-06-23,2.24,2.24,2.24,2.24,0.0,2.24,0
2020-06-24,2.246,2.246,2.246,2.246,0.0,2.246,0
2020-06-25,2.264,2.264,2.264,2.264,0.0,2.264,0
2020-06-26,2.286,2.286,2.286,2.286,0.0,2.286,0
2020-06-29,2.284,2.284,2.284,2.284,0.0,2.284,0
2020-06-30,2.284,2.284,2.284,2.284,0.0,2.284,0
2020-07-01,2.297,2.297,2.297,2.297,0.0,2.297,0
2020-07-02,2.329,2.329,2.329,2.329,0.0,2.329,0
2020-07-06,2.308,2.308,2.308,2.308,0.0,2.308,0
2020-07-07,2.301,2.301,2.301,2.301,0.0,2.301,0
2020-07-08,2.329,2.329,2.329,2.329,0.0,2.329,0
2020-07-09,2.314,2.314,2.314,2.314,0.0,2.314,0
2020-07-10,2.3,2.3,2.3,2.3,0.0,2.3,0
2020-07-13,2.296,2.296,2.296,2.296,0.0,2.296,0
2020-07-14,2.295,2.295,2.295,2.295,0.0,2.295,0
2020-07-15,2.305,2.305,2.305,2.305,0.0,2.305,0
2020-07-16,2.298,2.298,2.298,2.298,0.0,2.298,0
2020-07-17,2.295,2.295,2.295,2.295,0.0,2.295,0
2020-07-20,2.286,2.286,2.286,2.286,0.0,2.286,0
2020-07-21,2.3,2.3,2.3,2.3,0.0,2.3,0
2020-07-22,2.309,2.309,2.309,2.309,0.0,2.309,0
2020-07-23,2.393,2.393,2.393,2.393,0.0,2.393,0
2020-07-24,2.432,2.432,2.432,2.432,0.0,2.432,0
2020-07-27,2.49,2.49,2.49,2.49,0.0,2.49,0
2020-07-28,2.487,2.487,2.487,2.487,0.0,2.487,0
2020-07-29,2.492,2.492,2.492,2.492,0.0,2.492,0
2020-07-30,2.499,2.499,2.499,2.499,0.0,2.499,0
2020-07-31,2.517,2.517,2.517,2.517,0.0,2.517,0
2020-08-03,2.515,2.515,2.515,2.515,0.0,2.515,0
2020-08-04,2.509,2.509,2.509,2.509,0.0,2.509,0
2020-08-05,2.532,2.532,2.532,2.532,0.0,2.532,0
2020-08-06,2.557,2.557,2.557,2.557,0.0,2.557,0
2020-08-07,2.589,2.589,2.589,2.589,0.0,2.589,0
2020-08-10,2.557,2.557,2.557,2.557,0.0,2.557,0
2020-08-11,2.472,2.472,2.472,2.472,0.0,2.472,0
2020-08-12,2.449,2.449,2.449,2.449,0.0,2.449,0
2020-08-13,2.469,2.469,2.469,2.469,0.0,2.469,0
2020-08-14,2.46,2.46,2.46,2.46,0.0,2.46,0
2020-08-17,2.46,2.46,2.46,2.46,0.0,2.46,0
2020-08-18,2.455,2.455,2.455,2.455,0.0,2.455,0
2020-08-19,2.45,2.45,2.45,2.45,0.0,2.45,0
2020-08-20,2.448,2.448,2.448,2.448,0.0,2.448,0
2020-08-21,2.443,2.443,2.443,2.443,0.0,2.443,0
2020-08-24,2.438,2.438,2.438,2.438,0.0,2.438,0
2020-08-25,2.431,2.431,2.431,2.431,0.0,2.431,0
2020-08-26,2.459,2.459,2.459,2.459,0.0,2.459,0
2020-08-27,2.468,2.468,2.468,2.468,0.0,2.468,0
2020-08-28,2.456,2.456,2.456,2.456,0.0,2.456,0
2020-08-31,2.43,2.43,2.43,2.43,0.0,2.43,0
2020-09-01,2.428,2.428,2.428,2.428,0.0,2.428,0
2020-09-02,2.422,2.422,2.422,2.422,0.0,2.422,0
2020-09-03,2.419,2.419,2.419,2.419,0.0,2.419,0
2020-09-04,2.374,2.374,2.374,2.374,0.0,2.374,0
2020-09-08,2.375,2.375,2.375,2.375,0.0,2.375,0
2020-09-09,2.361,2.361,2.361,2.361,0.0,2.361,0
2020-09-10,2.343,2.343,2.343,2.343,0.0,2.343,0
2020-09-11,2.32,2.32,2.32,2.32,0.0,2.32,0
2020-09-14,2.308,2.308,2.308,2.308,0.0,2.308,0
2020-09-15,2.315,2.315,2.315,2.315,0.0,2.315,0
2020-09-16,2.313,2.313,2.313,2.313,0.0,2.313,0
2020-09-17,2.301,2.301,2.301,2.301,0.0,2.301,0
2020-09-18,2.322,2.322,2.322,2.322,0.0,2.322,0
2020-09-21,2.293,2.293,2.293,2.293,0.0,2.293,0
2020-09-22,2.32,2.32,2.32,2.32,0.0,2.32,0
2020-09-23,2.36,2.36,2.36,2.36,0.0,2.36,0
2020-09-24,2.37,2.37,2.37,2.37,0.0,2.37,0
2020-09-25,2.382,2.382,2.382,2.382,0.0,2.382,0
2020-09-28,2.39,2.39,2.39,2.39,0.0,2.39,0
2020-09-29,2.361,2.361,2.361,2.361,0.0,2.361,0
2020-09-30,2.342,2.342,2.342,2.342,0.0,2.342,0
2020-10-01,2.322,2.322,2.322,2.322,0.0,2.322,0
2020-10-02,2.311,2.311,2.311,2.311,0.0,2.311,0
2020-10-05,2.289,2.289,2.289,2.289,0.0,2.289,0
2020-10-06,2.296,2.296,2.296,2.296,0.0,2.296,0
2020-10-07,2.319,2.319,2.319,2.319,0.0,2.319,0
2020-10-08,2.294,2.294,2.294,2.294,0.0,2.294,0
2020-10-09,2.324,2.324,2.324,2.324,0.0,2.324,0
2020-10-12,2.31,2.31,2.31,2.31,0.0,2.31,0
2020-10-13,2.29,2.29,2.29,2.29,0.0,2.29,0
2020-10-14,2.317,2.317,2.317,2.317,0.0,2.317,0
2020-10-15,2.308,2.308,2.308,2.308,0.0,2.308,0
2020-10-16,2.311,2.311,2.311,2.311,0.0,2.311,0
2020-10-19,2.354,2.354,2.354,2.354,0.0,2.354,0
2020-10-20,2.295,2.295,2.295,2.295,0.0,2.295,0
2020-10-21,2.316,2.316,2.316,2.316,0.0,2.316,0
2020-10-22,2.318,2.318,2.318,2.318,0.0,2.318,0
2020-10-23,2.281,2.281,2.281,2.281,0.0,2.281,0
2020-10-26,2.219,2.219,2.219,2.219,0.0,2.219,0
2020-10-27,2.273,2.273,2.273,2.273,0.0,2.273,0
2020-10-28,2.31,2.31,2.31,2.31,0.0,2.31,0
2020-10-29,2.322,2.322,2.322,2.322,0.0,2.322,0
2020-10-30,2.339,2.339,2.339,2.339,0.0,2.339,0
2020-11-02,2.327,2.327,2.327,2.327,0.0,2.327,0
2020-11-03,2.367,2.367,2.367,2.367,0.0,2.367,0
2020-11-04,2.364,2.364,2.364,2.364,0.0,2.364,0
2020-11-05,2.359,2.359,2.359,2.359,0.0,2.359,0
2020-11-06,2.349,2.349,2.349,2.349,0.0,2.349,0
2020-11-09,2.345,2.345,2.345,2.345,0.0,2.345,0
2020-11-10,2.355,2.355,2.355,2.355,0.0,2.355,0
2020-11-11,2.37,2.37,2.37,2.37,0.0,2.37,0
2020-11-12,2.367,2.367,2.367,2.367,0.0,2.367,0
2020-11-13,2.327,2.327,2.327,2.327,0.0,2.327,0
2020-11-16,2.324,2.324,2.324,2.324,0.0,2.324,0
2020-11-17,2.341,2.341,2.341,2.341,0.0,2.341,0
2020-11-18,2.365,2.365,2.365,2.365,0.0,2.365,0
2020-11-19,2.365,2.365,2.365,2.365,0.0,2.365,0
2020-11-20,2.358,2.358,2.358,2.358,0.0,2.358,0
2020-11-23,2.352,2.352,2.352,2.352,0.0,2.352,0
2020-11-24,2.354,2.354,2.354,2.354,0.0,2.354,0
2020-11-25,2.337,2.337,2.337,2.337,0.0,2.337,0
2020-11-27,2.333,2.333,2.333,2.333,0.0,2.333,0
2020-11-30,2.319,2.319,2.319,2.319,0.0,2.319,0
2020-12-01,2.376,2.376,2.376,2.376,0.0,2.376,0
2020-12-02,2.401,2.401,2.401,2.401,0.0,2.401,0
2020-12-03,2.373,2.373,2.373,2.373,0.0,2.373,0
2020-12-04,2.393,2.393,2.393,2.393,0.0,2.393,0
2020-12-07,2.364,2.364,2.364,2.364,0.0,2.364,0
2020-12-08,2.352,2.352,2.352,2.352,0.0,2.352,0
2020-12-09,2.365,2.365,2.365,2.365,0.0,2.365,0
2020-12-10,2.37,2.37,2.37,2.37,0.0,2.37,0
2020-12-11,2.389,2.389,2.389,2.389,0.0,2.389,0
2020-12-14,2.383,2.383,2.383,2.383,0.0,2.383,0
2020-12-15,2.368,2.368,2.368,2.368,0.0,2.368,0
2020-12-16,2.38,2.38,2.38,2.38,0.0,2.38,0
2020-12-17,2.368,2.368,2.368,2.368,0.0,2.368,0
2020-12-18,2.382,2.382,2.382,2.382,0.0,2.382,0
2020-12-21,2.353,2.353,2.353,2.353,0.0,2.353,0
2020-12-22,2.388,2.388,2.388,2.388,0.0,2.388,0
2020-12-23,2.383,2.383,2.383,2.383,0.0,2.383,0
2020-12-24,2.395,2.395,2.395,2.395,0.0,2.395,0
2020-12-28,2.314,2.314,2.314,2.314,0.0,2.314,0
2020-12-29,2.383,2.383,2.383,2.383,0.0,2.383,0
2020-12-30,2.354,2.354,2.354,2.354,0.0,2.354,0
2020-12-31,2.381,2.381,2.381,2.381,0.0,2.381,0
2021-01-04,2.389,2.389,2.389,2.389,0.0,2.389,0
2021-01-05,2.404,2.404,2.404,2.404,0.0,2.404,0
2021-01-06,2.437,2.437,2.437,2.437,0.0,2.437,0
2021-01-07,2.405,2.405,2.405,2.405,0.0,2.405,0
2021-01-08,2.389,2.389,2.389,2.389,0.0,2.389,0
2021-01-11,2.392,2.392,2.392,2.392,0.0,2.392,0
2021-01-12,2.41,2.41,2.41,2.41,0.0,2.41,0
2021-01-13,2.441,2.441,2.441,2.441,0.0,2.441,0
2021-01-14,2.389,2.389,2.389,2.389,0.0,2.389,0
2021-01-15,2.425,2.425,2.425,2.425,0.0,2.425,0
2021-01-19,2.416,2.416,2.416,2.416,0.0,2.416,0
2021-01-20,2.43,2.43,2.43,2.43,0.0,2.43,0
2021-01-21,2.434,2.434,2.434,2.434,0.0,2.434,0
2021-01-22,2.449,2.449,2.449,2.449,0.0,2.449,0
2021-01-25,2.406,2.406,2.406,2.406,0.0,2.406,0
2021-01-26,2.435,2.435,2.435,2.435,0.0,2.435,0
2021-01-27,2.45,2.45,2.45,2.45,0.0,2.45,0
2021-01-28,2.449,2.449,2.449,2.449,0.0,2.449,0
2021-01-29,2.443,2.443,2.443,2.443,0.0,2.443,0
2021-02-01,2.447,2.447,2.447,2.447,0.0,2.447,0
2021-02-02,2.443,2.443,2.443,2.443,0.0,2.443,0
2021-02-03,2.424,2.424,2.424,2.424,0.0,2.424,0
2021-02-04,2.4,2.4,2.4,2.4,0.0,2.4,0
2021-02-05,2.409,2.409,2.409,2.409,0.0,2.409,0
2021-02-08,2.429,2.429,2.429,2.429,0.0,2.429,0
2021-02-09,2.429,2.429,2.429,2.429,0.0,2.429,0
2021-02-10,2.434,2.434,2.434,2.434,0.0,2.434,0
2021-02-11,2.421,2.421,2.421,2.421,0.0,2.421,0
2021-02-12,2.415,2.415,2.415,2.415,0.0,2.415,0
2021-02-16,2.432,2.432,2.432,2.432,0.0,2.432,0
2021-02-17,2.427,2.427,2.427,2.427,0.0,2.427,0
2021-02-18,2.417,2.417,2.417,2.417,0.0,2.417,0
2021-02-19,2.413,2.413,2.413,2.413,0.0,2.413,0
2021-02-22,2.415,2.415,2.415,2.415,0.0,2.415,0
2021-02-23,2.42,2.42,2.42,2.42,0.0,2.42,0
2021-02-24,2.414,2.414,2.414,2.414,0.0,2.414,0
2021-02-25,2.363,2.363,2.363,2.363,0.0,2.363,0
2021-02-26,2.386,2.386,2.386,2.386,0.0,2.386,0
2021-03-01,2.404,2.404,2.404,2.404,0.0,2.404,0
2021-03-02,2.413,2.413,2.413,2.413,0.0,2.413,0
2021-03-03,2.388,2.388,2.388,2.388,0.0,2.388,0
2021-03-04,2.363,2.363,2.363,2.363,0.0,2.363,0
2021-03-05,2.369,2.369,2.369,2.369,0.0,2.369,0
2021-03-08,2.387,2.387,2.387,2.387,0.0,2.387,0
2021-03-09,2.394,2.394,2.394,2.394,0.0,2.394,0
2021-03-10,2.392,2.392,2.392,2.392,0.0,2.392,0
2021-03-11,2.389,2.389,2.389,2.389,0.0,2.389,0
2021-03-12,2.406,2.406,2.406,2.406,0.0,2.406,0
2021-03-15,2.379,2.379,2.379,2.379,0.0,2.379,0
2021-03-16,2.411,2.411,2.411,2.411,0.0,2.411,0
2021-03-17,2.392,2.392,2.392,2.392,0.0,2.392,0
2021-03-18,2.406,2.406,2.406,2.406,0.0,2.406,0
2021-03-19,2.412,2.412,2.412,2.412,0.0,2.412,0
2021-03-22,2.408,2.408,2.408,2.408,0.0,2.408,0
2021-03-23,2.422,2.422,2.422,2.422,0.0,2.422,0
2021-03-24,2.425,2.425,2.425,2.425,0.0,2.425,0
2021-03-25,2.425,2.425,2.425,2.425,0.0,2.425,0
2021-03-26,2.413,2.413,2.413,2.413,0.0,2.413,0
2021-03-29,2.427,2.427,2.427,2.427,0.0,2.427,0
2021-03-30,2.438,2.438,2.438,2.438,0.0,2.438,0
2021-03-31,2.444,2.444,2.444,2.444,0.0,2.444,0
2021-04-01,2.466,2.466,2.466,2.466,0.0,2.466,0
2021-04-05,2.453,2.453,2.453,2.453,0.0,2.453,0
2021-04-06,2.458,2.458,2.458,2.458,0.0,2.458,0
2021-04-07,2.461,2.461,2.461,2.461,0.0,2.461,0
2021-04-08,2.461,2.461,2.461,2.461,0.0,2.461,0
2021-04-09,2.495,2.495,2.495,2.495,0.0,2.495,0
2021-04-12,2.504,2.504,2.504,2.504,0.0,2.504,0
2021-04-13,2.487,2.487,2.487,2.487,0.0,2.487,0
2021-04-14,2.496,2.496,2.496,2.496,0.0,2.496,0
2021-04-15,2.5,2.5,2.5,2.5,0.0,2.5,0
2021-04-16,2.513,2.513,2.513,2.513,0.0,2.513,0
2021-04-19,2.507,2.507,2.507,2.507,0.0,2.507,0
2021-04-20,2.459,2.459,2.459,2.459,0.0,2.459,0
2021-04-21,2.45,2.45,2.45,2.45,0.0,2.45,0
2021-04-22,2.431,2.431,2.431,2.431,0.0,2.431,0
2021-04-23,2.439,2.439,2.439,2.439,0.0,2.439,0
2021-04-26,2.442,2.442,2.425,2.425,2.0,2.442,1
2021-04-27,2.424,2.424,2.424,2.424,0.0,2.424,0
2021-04-28,2.436,2.436,2.436,2.436,0.0,2.436,0
2021-04-29,2.438,2.438,2.438,2.438,0.0,2.438,0
2021-04-30,2.453,2.453,2.453,2.453,0.0,2.453,0
2021-05-03,2.456,2.456,2.456,2.456,0.0,2.456,0
2021-05-04,2.465,2.465,2.465,2.465,0.0,2.465,0
2021-05-05,2.467,2.467,2.467,2.467,0.0,2.467,0
2021-05-06,2.457,2.457,2.457,2.457,0.0,2.457,0
2021-05-07,2.464,2.464,2.464,2.464,0.0,2.464,0
2021-05-10,2.467,2.467,2.467,2.467,0.0,2.467,0
2021-05-11,2.464,2.464,2.464,2.464,0.0,2.464,0
2021-05-12,2.463,2.463,2.463,2.463,0.0,2.463,0
2021-05-13,2.453,2.453,2.453,2.453,0.0,2.453,0
2021-05-14,2.459,2.459,2.459,2.459,0.0,2.459,0
2021-05-17,2.463,2.463,2.463,2.463,0.0,2.463,0
2021-05-18,2.432,2.432,2.432,2.432,0.0,2.432,0
2021-05-19,2.436,2.436,2.436,2.436,0.0,2.436,0
2021-05-20,2.441,2.441,2.441,2.441,0.0,2.441,0
2021-05-21,2.453,2.453,2.453,2.453,0.0,2.453,0
2021-05-24,2.447,2.447,2.447,2.447,0.0,2.447,0
2021-05-25,2.5,2.5,2.458,2.458,1.0,2.5,1
2021-05-26,2.437,2.437,2.437,2.437,0.0,2.437,0
2021-05-27,2.434,2.434,2.434,2.434,0.0,2.434,0
2021-05-28,2.444,2.444,2.444,2.444,0.0,2.444,0
2021-06-01,2.436,2.436,2.436,2.436,0.0,2.436,0
2021-06-02,2.446,2.446,2.446,2.446,0.0,2.446,0
2021-06-03,2.433,2.433,2.433,2.433,0.0,2.433,0
2021-06-04,2.484,2.484,2.484,2.484,0.0,2.484,0
2021-06-07,2.455,2.455,2.455,2.455,0.0,2.455,0
2021-06-08,2.436,2.436,2.436,2.436,0.0,2.436,0
2021-06-09,2.443,2.443,2.443,2.443,0.0,2.443,0
2021-06-10,2.432,2.432,2.432,2.432,0.0,2.432,0
2021-06-11,2.431,2.431,2.431,2.431,0.0,2.431,0
2021-06-14,2.44,2.44,2.44,2.44,0.0,2.44,0
2021-06-15,2.425,2.425,2.425,2.425,0.0,2.425,0
2021-06-16,2.478,2.478,2.478,2.478,0.0,2.478,0
2021-06-17,2.483,2.483,2.483,2.483,0.0,2.483,0
2021-06-18,2.492,2.492,2.492,2.492,0.0,2.492,0
2021-06-21,2.489,2.489,2.489,2.489,0.0,2.489,0
2021-06-22,2.489,2.489,2.489,2.489,0.0,2.489,0
2021-06-23,2.49,2.49,2.49,2.49,0.0,2.49,0
2021-06-24,2.478,2.478,2.478,2.478,0.0,2.478,0
2021-06-25,2.534,2.534,2.534,2.534,0.0,2.534,0
2021-06-28,2.544,2.544,2.544,2.544,0.0,2.544,0
2021-06-29,2.572,2.572,2.572,2.572,0.0,2.572,0
2021-06-30,2.568,2.568,2.568,2.568,0.0,2.568,0
2021-07-01,2.556,2.556,2.556,2.556,0.0,2.556,0
2021-07-02,2.548,2.548,2.548,2.548,0.0,2.548,0
2021-07-06,2.54,2.54,2.54,2.54,0.0,2.54,0
2021-07-07,2.552,2.552,2.552,2.552,0.0,2.552,0
2021-07-08,2.564,2.564,2.564,2.564,0.0,2.564,0
2021-07-09,2.57,2.57,2.57,2.57,0.0,2.57,0
2021-07-12,2.575,2.575,2.575,2.575,0.0,2.575,0
2021-07-13,2.574,2.574,2.574,2.574,0.0,2.574,0
2021-07-14,2.567,2.567,2.567,2.567,0.0,2.567,0
2021-07-15,2.575,2.575,2.575,2.575,0.0,2.575,0
2021-07-16,2.581,2.581,2.581,2.581,0.0,2.581,0
2021-07-19,2.591,2.591,2.591,2.591,0.0,2.591,0
2021-07-20,2.598,2.598,2.598,2.598,0.0,2.598,0
2021-07-21,2.593,2.593,2.593,2.593,0.0,2.593,0
2021-07-22,2.595,2.595,2.595,2.595,0.0,2.595,0
2021-07-23,2.601,2.601,2.601,2.601,0.0,2.601,0
2021-07-26,2.609,2.609,2.609,2.609,0.0,2.609,0
2021-07-27,2.579,2.579,2.579,2.579,0.0,2.579,0
2021-07-28,2.571,2.571,2.571,2.571,0.0,2.571,0
2021-07-29,2.546,2.546,2.546,2.546,0.0,2.546,0
2021-07-30,2.566,2.566,2.566,2.566,0.0,2.566,0
2021-08-02,2.58,2.58,2.58,2.58,0.0,2.58,0
2021-08-03,2.572,2.572,2.572,2.572,0.0,2.572,0
2021-08-04,2.582,2.582,2.582,2.582,0.0,2.582,0
2021-08-05,2.547,2.547,2.547,2.547,0.0,2.547,0
2021-08-06,2.556,2.556,2.556,2.556,0.0,2.556,0
2021-08-09,2.572,2.572,2.572,2.572,0.0,2.572,0
2021-08-10,2.569,2.569,2.569,2.569,0.0,2.569,0
2021-08-11,2.584,2.584,2.584,2.584,0.0,2.584,0
2021-08-12,2.665,2.665,2.665,2.665,0.0,2.665,0
2021-08-13,2.632,2.632,2.632,2.632,0.0,2.632,0
2021-08-16,2.644,2.644,2.644,2.644,0.0,2.644,0
2021-08-17,2.657,2.657,2.657,2.657,0.0,2.657,0
2021-08-18,2.655,2.655,2.655,2.655,0.0,2.655,0
2021-08-19,2.666,2.666,2.666,2.666,0.0,2.666,0
2021-08-20,2.665,2.665,2.665,2.665,0.0,2.665,0
2021-08-23,2.667,2.667,2.667,2.667,0.0,2.667,0
2021-08-24,2.663,2.663,2.663,2.663,0.0,2.663,0
2021-08-25,2.68,2.68,2.68,2.68,0.0,2.68,0
2021-08-26,2.711,2.711,2.711,2.711,0.0,2.711,0
2021-08-27,2.713,2.713,2.713,2.713,0.0,2.713,0
2021-08-30,2.716,2.716,2.716,2.716,0.0,2.716,0
2021-08-31,2.705,2.705,2.705,2.705,0.0,2.705,0
2021-09-01,2.705,2.705,2.705,2.705,0.0,2.705,0
2021-09-02,2.705,2.705,2.705,2.705,0.0,2.705,0
2021-09-03,2.709,2.709,2.709,2.709,0.0,2.709,0
2021-09-07,2.733,2.733,2.733,2.733,0.0,2.733,0
2021-09-08,2.785,2.785,2.785,2.785,0.0,2.785,0
2021-09-09,2.84,2.84,2.84,2.84,0.0,2.84,0
2021-09-10,2.827,2.827,2.827,2.827,0.0,2.827,0
2021-09-13,2.842,2.842,2.842,2.842,0.0,2.842,0
2021-09-14,2.836,2.836,2.836,2.836,0.0,2.836,0
2021-09-15,2.787,2.787,2.787,2.787,0.0,2.787,0
2021-09-16,2.79,2.79,2.79,2.79,0.0,2.79,0
2021-09-17,2.783,2.783,2.783,2.783,0.0,2.783,0
2021-09-20,2.819,2.819,2.819,2.819,0.0,2.819,0
2021-09-21,2.836,2.836,2.836,2.836,0.0,2.836,0
2021-09-22,2.853,2.853,2.853,2.853,0.0,2.853,0
2021-09-23,2.86,2.86,2.86,2.86,0.0,2.86,0
2021-09-24,2.825,2.825,2.825,2.825,0.0,2.825,0
2021-09-27,2.838,2.838,2.838,2.838,0.0,2.838,0
2021-09-28,2.761,2.761,2.761,2.761,0.0,2.761,0
2021-09-29,2.772,2.772,2.772,2.772,0.0,2.772,0
2021-09-30,2.779,2.779,2.779,2.779,0.0,2.779,0
2021-10-01,2.769,2.769,2.769,2.769,0.0,2.769,0
2021-10-04,2.778,2.778,2.778,2.778,0.0,2.778,0
2021-10-05,2.793,2.793,2.793,2.793,0.0,2.793,0
2021-10-06,2.831,2.831,2.831,2.831,0.0,2.831,0
2021-10-07,2.831,2.831,2.831,2.831,0.0,2.831,0
2021-10-08,2.872,2.872,2.872,2.872,0.0,2.872,0
2021-10-11,2.858,2.858,2.858,2.858,0.0,2.858,0
2021-10-12,2.843,2.843,2.843,2.843,0.0,2.843,0
2021-10-13,2.89,2.89,2.848,2.848,10.0,2.89,1
2021-10-14,2.883,2.883,2.883,2.883,0.0,2.883,0
2021-10-15,2.892,2.892,2.892,2.892,0.0,2.892,0
2021-10-18,2.898,2.898,2.898,2.898,0.0,2.898,0
2021-10-19,2.882,2.882,2.882,2.882,0.0,2.882,0
2021-10-20,2.885,2.885,2.885,2.885,0.0,2.885,0
2021-10-21,2.898,2.898,2.898,2.898,0.0,2.898,0
2021-10-22,2.903,2.903,2.903,2.903,0.0,2.903,0
2021-10-25,2.946,2.946,2.946,2.946,0.0,2.946,0
2021-10-26,2.924,2.924,2.924,2.924,0.0,2.924,0
2021-10-27,2.861,2.861,2.861,2.861,0.0,2.861,0
2021-10-28,2.862,2.862,2.862,2.862,0.0,2.862,0
2021-10-29,2.813,2.813,2.813,2.813,0.0,2.813,0
2021-11-01,2.708,2.708,2.708,2.708,0.0,2.708,0
2021-11-02,2.769,2.769,2.769,2.769,0.0,2.769,0
2021-11-03,2.763,2.763,2.763,2.763,0.0,2.763,0
2021-11-04,2.787,2.787,2.787,2.787,0.0,2.787,0
2021-11-05,2.775,2.775,2.775,2.775,0.0,2.775,0
2021-11-08,2.828,2.828,2.828,2.828,0.0,2.828,0
2021-11-09,2.824,2.824,2.824,2.824,0.0,2.824,0
2021-11-10,2.85,2.85,2.85,2.85,0.0,2.85,0
2021-11-11,2.867,2.867,2.867,2.867,0.0,2.867,0
2021-11-12,2.818,2.818,2.818,2.818,0.0,2.818,0
2021-11-15,2.831,2.831,2.831,2.831,0.0,2.831,0
2021-11-16,2.902,2.902,2.902,2.902,0.0,2.902,0
2021-11-17,2.833,2.833,2.833,2.833,0.0,2.833,0
2021-11-18,2.821,2.821,2.821,2.821,0.0,2.821,0
2021-11-19,2.795,2.795,2.795,2.795,0.0,2.795,0
2021-11-22,2.777,2.777,2.777,2.777,0.0,2.777,0
2021-11-23,2.824,2.824,2.824,2.824,0.0,2.824,0
2021-11-24,2.822,2.822,2.822,2.822,0.0,2.822,0
2021-11-26,2.861,2.861,2.861,2.861,0.0,2.861,0
2021-11-29,2.853,2.853,2.853,2.853,0.0,2.853,0
2021-11-30,2.826,2.826,2.826,2.826,0.0,2.826,0
2021-12-01,2.834,2.834,2.834,2.834,0.0,2.834,0
2021-12-02,2.838,2.838,2.838,2.838,0.0,2.838,0
2021-12-03,2.848,2.848,2.848,2.848,0.0,2.848,0
2021-12-06,2.82,2.82,2.82,2.82,0.0,2.82,0
2021-12-07,2.824,2.824,2.824,2.824,0.0,2.824,0
2021-12-08,2.783,2.783,2.783,2.783,0.0,2.783,0
2021-12-09,2.83,2.83,2.83,2.83,0.0,2.83,0
2021-12-10,2.866,2.866,2.866,2.866,0.0,2.866,0
2021-12-13,2.77,2.77,2.77,2.77,0.0,2.77,0
2021-12-14,2.821,2.821,2.821,2.821,0.0,2.821,0
2021-12-15,2.828,2.828,2.828,2.828,0.0,2.828,0
2021-12-16,2.845,2.845,2.845,2.845,0.0,2.845,0
2021-12-17,2.858,2.858,2.858,2.858,0.0,2.858,0
2021-12-20,2.873,2.873,2.873,2.873,0.0,2.873,0
2021-12-21,2.857,2.857,2.857,2.857,0.0,2.857,0
2021-12-22,2.858,2.858,2.858,2.858,0.0,2.858,0
2021-12-23,2.821,2.821,2.821,2.821,0.0,2.821,0
2021-12-27,2.807,2.807,2.807,2.807,0.0,2.807,0
2021-12-28,2.823,2.823,2.823,2.823,0.0,2.823,0
2021-12-29,2.845,2.845,2.845,2.845,0.0,2.845,0
2021-12-30,2.833,2.833,2.833,2.833,0.0,2.833,0
2021-12-31,2.807,2.807,2.807,2.807,0.0,2.807,0
2022-01-03,2.819,2.819,2.819,2.819,0.0,2.819,0
2022-01-04,2.818,2.818,2.818,2.818,0.0,2.818,0
2022-01-05,2.822,2.822,2.822,2.822,0.0,2.822,0
2022-01-06,2.836,2.836,2.836,2.836,0.0,2.836,0
2022-01-07,2.869,2.869,2.869,2.869,0.0,2.869,0
2022-01-10,2.874,2.874,2.874,2.874,0.0,2.874,0
2022-01-11,2.863,2.863,2.863,2.863,0.0,2.863,0
2022-01-12,2.838,2.838,2.838,2.838,0.0,2.838,0
2022-01-13,2.841,2.841,2.841,2.841,0.0,2.841,0
2022-01-14,2.817,2.817,2.817,2.817,0.0,2.817,0
2022-01-18,2.836,2.836,2.836,2.836,0.0,2.836,0
2022-01-19,2.89,2.89,2.883,2.883,10.0,2.8858,2
2022-01-20,2.886,2.886,2.886,2.886,0.0,2.886,0
2022-01-21,2.874,2.874,2.874,2.874,0.0,2.874,0
2022-01-24,2.863,2.863,2.863,2.863,0.0,2.863,0
2022-01-25,2.883,2.883,2.883,2.883,0.0,2.883,0
2022-01-26,2.884,2.884,2.884,2.884,0.0,2.884,0
2022-01-27,2.869,2.869,2.869,2.869,0.0,2.869,0
2022-01-28,2.862,2.862,2.862,2.862,0.0,2.862,0
2022-01-31,2.861,2.861,2.861,2.861,0.0,2.861,0
2022-02-01,2.846,2.846,2.846,2.846,0.0,2.846,0
2022-02-02,2.865,2.865,2.865,2.865,0.0,2.865,0
2022-02-03,2.856,2.856,2.856,2.856,0.0,2.856,0
2022-02-04,2.892,2.892,2.892,2.892,0.0,2.892,0
2022-02-07,2.908,2.908,2.908,2.908,0.0,2.908,0
2022-02-08,2.9,2.9,2.9,2.9,0.0,2.9,0
2022-02-09,2.895,2.895,2.895,2.895,0.0,2.895,0
2022-02-10,2.9,2.9,2.9,2.9,0.0,2.9,0
2022-02-11,2.94,2.94,2.94,2.94,0.0,2.94,0
2022-02-14,2.981,2.981,2.981,2.981,0.0,2.981,0
2022-02-15,2.969,2.969,2.969,2.969,0.0,2.969,0
2022-02-16,2.998,2.998,2.998,2.998,0.0,2.998,0
2022-02-17,2.98,2.98,2.98,2.98,0.0,2.98,0
2022-02-18,2.98,2.98,2.98,2.98,0.0,2.98,0
2022-02-22,3.025,3.025,3.025,3.025,0.0,3.025,0
2022-02-23,3.111,3.111,3.111,3.111,0.0,3.111,0
2022-02-24,3.08,3.08,3.08,3.08,0.0,3.08,0
2022-02-25,2.972,2.972,2.972,2.972,0.0,2.972,0
2022-02-28,3.049,3.049,3.049,3.049,0.0,3.049,0
2022-03-01,3.12,3.12,3.12,3.12,0.0,3.12,0
2022-03-02,3.167,3.167,3.167,3.167,0.0,3.167,0
2022-03-03,3.145,3.145,3.145,3.145,0.0,3.145,0
2022-03-04,3.198,3.198,3.198,3.198,0.0,3.198,0
2022-03-07,3.228,3.228,3.228,3.228,0.0,3.228,0
2022-03-08,3.238,3.238,3.238,3.238,0.0,3.238,0
2022-03-09,3.193,3.193,3.193,3.193,0.0,3.193,0
2022-03-10,3.161,3.161,3.161,3.161,0.0,3.161,0
2022-03-11,3.176,3.176,3.176,3.176,0.0,3.176,0
2022-03-14,3.219,3.219,3.219,3.219,0.0,3.219,0
2022-03-15,3.213,3.213,3.213,3.213,0.0,3.213,0
2022-03-16,3.209,3.209,3.209,3.209,0.0,3.209,0
2022-03-17,3.226,3.226,3.226,3.226,0.0,3.226,0
2022-03-18,3.178,3.178,3.178,3.178,0.0,3.178,0
2022-03-21,3.159,3.159,3.159,3.159,0.0,3.159,0
2022-03-22,3.17,3.17,3.17,3.17,0.0,3.17,0
2022-03-23,3.181,3.181,3.181,3.181,0.0,3.181,0
2022-03-24,3.207,3.207,3.207,3.207,0.0,3.207,0
2022-03-25,3.276,3.276,3.276,3.276,0.0,3.276,0
2022-03-28,3.34,3.34,3.34,3.34,0.0,3.34,0
2022-03-29,3.354,3.354,3.354,3.354,0.0,3.354,0
2022-03-30,3.456,3.456,3.456,3.456,0.0,3.456,0
2022-03-31,3.539,3.539,3.539,3.539,0.0,3.539,0
2022-04-01,3.591,3.591,3.591,3.591,0.0,3.591,0
2022-04-04,3.658,3.658,3.658,3.658,0.0,3.658,0
2022-04-05,3.737,3.737,3.737,3.737,0.0,3.737,0
2022-04-06,3.79,3.79,3.789,3.789,1.0,3.79,1
2022-04-07,3.774,3.774,3.774,3.774,0.0,3.774,0
2022-04-08,3.762,3.762,3.762,3.762,0.0,3.762,0
2022-04-11,3.811,3.811,3.811,3.811,0.0,3.811,0
2022-04-12,3.833,3.833,3.833,3.833,0.0,3.833,0
2022-04-13,3.841,3.841,3.841,3.841,0.0,3.841,0
2022-04-14,3.848,3.848,3.848,3.848,0.0,3.848,0
2022-04-18,3.883,3.883,3.883,3.883,0.0,3.883,0
2022-04-19,3.871,3.871,3.871,3.871,0.0,3.871,0
2022-04-20,3.817,3.817,3.817,3.817,0.0,3.817,0
2022-04-21,3.76,3.76,3.76,3.76,0.0,3.76,0
2022-04-22,3.587,3.587,3.587,3.587,0.0,3.587,0
2022-04-25,3.55,3.577,3.55,3.577,10.0,3.55,1
2022-04-26,3.642,3.642,3.642,3.642,0.0,3.642,0
2022-04-27,3.617,3.617,3.617,3.617,0.0,3.617,0
2022-04-28,3.613,3.613,3.613,3.613,0.0,3.613,0
2022-04-29,3.621,3.621,3.621,3.621,0.0,3.621,0
2022-05-02,3.716,3.716,3.716,3.716,0.0,3.716,0
2022-05-03,3.779,3.779,3.779,3.779,0.0,3.779,0
2022-05-04,3.829,3.829,3.829,3.829,0.0,3.829,0
2022-05-05,3.862,3.862,3.862,3.862,0.0,3.862,0
2022-05-06,3.809,3.809,3.809,3.809,0.0,3.809,0
2022-05-09,3.705,3.705,3.705,3.705,0.0,3.705,0
2022-05-10,3.72,3.732,3.71,3.732,20.0,3.715,2
2022-05-11,3.791,3.791,3.791,3.791,0.0,3.791,0
2022-05-12,3.801,3.801,3.801,3.801,0.0,3.801,0
2022-05-13,3.85,3.85,3.85,3.85,0.0,3.85,0
2022-05-16,3.9,3.9,3.9,3.9,0.0,3.9,0
2022-05-17,3.9,3.9,3.887,3.887,20.0,3.895,2
2022-05-18,3.932,3.932,3.932,3.932,0.0,3.932,0
2022-05-19,3.871,3.871,3.871,3.871,0.0,3.871,0
2022-05-20,3.857,3.857,3.857,3.857,0.0,3.857,0
2022-05-23,3.898,3.898,3.898,3.898,0.0,3.898,0
2022-05-24,3.877,3.877,3.877,3.877,0.0,3.877,0
2022-05-25,3.917,3.917,3.917,3.917,0.0,3.917,0
2022-05-26,3.971,3.971,3.971,3.971,0.0,3.971,0
2022-05-27,3.995,3.995,3.995,3.995,0.0,3.995,0
2022-05-31,4.0,4.0,3.941,3.941,10.0,4.0,1
2022-06-01,4.115,4.115,4.115,4.115,0.0,4.115,0
2022-06-02,4.145,4.145,4.132,4.132,1.0,4.145,1
2022-06-03,4.199,4.199,4.199,4.199,0.0,4.199,0
2022-06-06,4.298,4.298,4.298,4.298,0.0,4.298,0
2022-06-07,4.333,4.333,4.333,4.333,0.0,4.333,0
2022-06-08,4.403,4.403,4.403,4.403,0.0,4.403,0
2022-06-09,4.494,4.494,4.494,4.494,0.0,4.494,0
2022-06-10,4.551,4.551,4.551,4.551,0.0,4.551,0
2022-06-13,4.494,4.494,4.494,4.494,0.0,4.494,0
2022-06-14,4.416,4.416,4.416,4.416,0.0,4.416,0
2022-06-15,4.456,4.456,4.456,4.456,0.0,4.456,0
2022-06-16,4.44,4.44,4.44,4.44,0.0,4.44,0
2022-06-17,4.321,4.321,4.321,4.321,0.0,4.321,0
2022-06-21,4.308,4.308,4.308,4.308,0.0,4.308,0
2022-06-22,4.337,4.337,4.337,4.337,0.0,4.337,0
2022-06-23,4.315,4.315,4.315,4.315,0.0,4.315,0
2022-06-24,4.131,4.131,4.131,4.131,0.0,4.131,0
2022-06-27,4.173,4.173,4.173,4.173,0.0,4.173,0
2022-06-28,4.143,4.143,4.143,4.143,0.0,4.143,0
2022-06-29,4.16,4.16,4.16,4.16,0.0,4.16,0
2022-06-30,3.905,3.905,3.905,3.905,0.0,3.905,0
2022-07-01,3.943,3.943,3.943,3.943,0.0,3.943,0
2022-07-04,3.943,3.943,3.943,3.943,0.0,3.943,0
2022-07-05,3.793,3.793,3.793,3.793,0.0,3.793,0
2022-07-06,3.885,3.885,3.885,3.885,0.0,3.885,0
2022-07-07,3.983,3.983,3.983,3.983,0.0,3.983,0
2022-07-08,3.982,3.982,3.982,3.982,0.0,3.982,0
2022-07-11,4.016,4.016,4.016,4.016,0.0,4.016,0
2022-07-12,3.927,3.927,3.927,3.927,0.0,3.927,0
2022-07-13,4.014,4.014,4.014,4.014,0.0,4.014,0
2022-07-14,3.936,3.936,3.936,3.936,0.0,3.936,0
2022-07-15,4.01,4.01,4.01,4.01,0.0,4.01,0
2022-07-18,3.97,3.97,3.97,3.97,0.0,3.97,0
2022-07-19,3.976,3.976,3.976,3.976,0.0,3.976,0
2022-07-20,4.119,4.119,4.119,4.119,0.0,4.119,0
2022-07-21,4.024,4.024,4.024,4.024,0.0,4.024,0
2022-07-22,4.028,4.028,4.028,4.028,0.0,4.028,0
2022-07-25,4.084,4.084,4.084,4.084,0.0,4.084,0
2022-07-26,4.111,4.111,4.111,4.111,0.0,4.111,0
2022-07-27,4.109,4.109,4.109,4.109,0.0,4.109,0
2022-07-28,4.085,4.085,4.085,4.085,0.0,4.085,0
2022-07-29,4.08,4.08,4.08,4.08,0.0,4.08,0
2022-08-01,4.063,4.063,4.063,4.063,0.0,4.063,0
2022-08-02,4.065,4.065,4.065,4.065,0.0,4.065,0
2022-08-03,4.086,4.086,4.086,4.086,0.0,4.086,0
2022-08-04,4.085,4.085,4.067,4.067,1.0,4.085,1
2022-08-05,4.076,4.076,4.076,4.076,0.0,4.076,0
2022-08-08,4.038,4.038,4.038,4.038,0.0,4.038,0
2022-08-09,4.086,4.086,4.086,4.086,0.0,4.086,0
2022-08-10,4.116,4.116,4.116,4.116,0.0,4.116,0
2022-08-11,4.217,4.217,4.217,4.217,0.0,4.217,0
2022-08-12,4.205,4.205,4.205,4.205,0.0,4.205,0
2022-08-15,4.296,4.296,4.296,4.296,0.0,4.296,0
2022-08-16,4.335,4.335,4.335,4.335,0.0,4.335,0
2022-08-17,4.3,4.3,4.3,4.3,0.0,4.3,0
2022-08-18,4.306,4.306,4.306,4.306,0.0,4.306,0
2022-08-19,4.322,4.322,4.322,4.322,0.0,4.322,0
2022-08-22,4.44,4.44,4.381,4.381,2.0,4.44,1
2022-08-23,4.388,4.388,4.388,4.388,0.0,4.388,0
2022-08-24,4.397,4.397,4.397,4.397,0.0,4.397,0
2022-08-25,4.459,4.459,4.459,4.459,0.0,4.459,0
2022-08-26,4.483,4.483,4.483,4.483,0.0,4.483,0
2022-08-29,4.496,4.496,4.496,4.496,0.0,4.496,0
2022-08-30,4.503,4.503,4.503,4.503,0.0,4.503,0
2022-08-31,4.545,4.545,4.545,4.545,0.0,4.545,0
2022-09-01,4.613,4.613,4.613,4.613,0.0,4.613,0
2022-09-02,4.66,4.66,4.66,4.66,0.0,4.66,0
2022-09-05,4.66,4.66,4.66,4.66,0.0,4.66,0
2022-09-06,4.631,4.631,4.631,4.631,0.0,4.631,0
2022-09-07,4.532,4.532,4.532,4.532,0.0,4.532,0
2022-09-08,4.448,4.448,4.448,4.448,0.0,4.448,0
2022-09-09,4.499,4.499,4.499,4.499,0.0,4.499,0
2022-09-12,4.531,4.531,4.531,4.531,0.0,4.531,0
2022-09-13,4.56,4.56,4.56,4.56,0.0,4.56,0
2022-09-14,4.595,4.595,4.595,4.595,0.0,4.595,0
2022-09-15,4.549,4.549,4.549,4.549,0.0,4.549,0
2022-09-16,4.46,4.46,4.46,4.46,0.0,4.46,0
2022-09-19,4.42,4.42,4.42,4.42,0.0,4.42,0
2022-09-20,4.397,4.397,4.397,4.397,0.0,4.397,0
2022-09-21,4.27,4.27,4.27,4.27,0.0,4.27,0
2022-09-22,4.164,4.164,4.164,4.164,0.0,4.164,0
2022-09-23,4.163,4.163,4.163,4.163,0.0,4.163,0
2022-09-26,4.097,4.097,4.097,4.097,0.0,4.097,0
2022-09-27,4.081,4.081,4.081,4.081,0.0,4.081,0
2022-09-28,4.101,4.101,4.101,4.101,0.0,4.101,0
2022-09-29,4.086,4.086,4.086,4.086,0.0,4.086,0
2022-09-30,4.092,4.092,4.092,4.092,0.0,4.092,0
2022-10-03,4.049,4.049,4.049,4.049,0.0,4.049,0
2022-10-04,4.097,4.097,4.097,4.097,0.0,4.097,0
2022-10-05,4.064,4.064,4.064,4.064,0.0,4.064,0
2022-10-06,4.078,4.078,4.078,4.078,0.0,4.078,0
2022-10-07,4.116,4.116,4.116,4.116,0.0,4.116,0
2022-10-10,4.123,4.123,4.123,4.123,0.0,4.123,0
2022-10-11,4.161,4.161,4.161,4.161,0.0,4.161,0
2022-10-12,4.13,4.13,4.116,4.116,50.0,4.13,10
2022-10-13,4.109,4.109,4.109,4.109,0.0,4.109,0
2022-10-14,4.116,4.116,4.116,4.116,0.0,4.116,0
2022-10-17,4.102,4.102,4.102,4.102,0.0,4.102,0
2022-10-18,4.047,4.047,4.047,4.047,0.0,4.047,0
2022-10-19,4.022,4.022,4.022,4.022,0.0,4.022,0
2022-10-20,4.007,4.007,4.007,4.007,0.0,4.007,0
2022-10-21,3.967,3.967,3.967,3.967,0.0,3.967,0
2022-10-24,4.008,4.008,4.008,4.008,0.0,4.008,0
2022-10-25,4.013,4.013,4.013,4.013,0.0,4.013,0
2022-10-26,4.032,4.032,4.032,4.032,0.0,4.032,0
2022-10-27,4.025,4.025,4.025,4.025,0.0,4.025,0
2022-10-28,4.021,4.021,4.021,4.021,0.0,4.021,0
2022-10-31,4.045,4.045,4.045,4.045,0.0,4.045,0
2022-11-01,4.01,4.01,4.01,4.01,0.0,4.01,0
2022-11-02,4.049,4.049,4.049,4.049,0.0,4.049,0
2022-11-03,4.068,4.068,4.068,4.068,0.0,4.068,0
2022-11-04,4.165,4.165,4.165,4.165,0.0,4.165,0
2022-11-07,4.155,4.155,4.155,4.155,0.0,4.155,0
2022-11-08,4.126,4.126,4.126,4.126,0.0,4.126,0
2022-11-09,4.14,4.14,4.14,4.14,0.0,4.14,0
2022-11-10,4.14,4.14,4.14,4.14,0.0,4.14,0
2022-11-11,4.143,4.143,4.143,4.143,0.0,4.143,0
2022-11-14,4.112,4.112,4.112,4.112,0.0,4.112,0
2022-11-15,4.136,4.136,4.136,4.136,0.0,4.136,0
2022-11-16,4.155,4.155,4.155,4.155,0.0,4.155,0
2022-11-17,4.143,4.143,4.143,4.143,0.0,4.143,0
2022-11-18,4.13,4.13,4.13,4.13,0.0,4.13,0
2022-11-21,4.092,4.092,4.092,4.092,0.0,4.092,0
2022-11-22,4.097,4.097,4.097,4.097,0.0,4.097,0
2022-11-23,4.089,4.089,4.089,4.089,0.0,4.089,0
2022-11-24,4.089,4.089,4.089,4.089,0.0,4.089,0
2022-11-25,4.083,4.083,4.083,4.083,0.0,4.083,0
2022-11-28,4.022,4.022,4.022,4.022,0.0,4.022,0
2022-11-29,4.059,4.059,4.059,4.059,0.0,4.059,0
2022-11-30,4.073,4.073,4.073,4.073,0.0,4.073,0
2022-12-01,4.078,4.078,4.078,4.078,0.0,4.078,0
2022-12-02,4.065,4.065,4.065,4.065,0.0,4.065,0
2022-12-05,4.056,4.056,4.056,4.056,0.0,4.056,0
2022-12-06,4.079,4.079,4.079,4.079,0.0,4.079,0
2022-12-07,4.084,4.084,4.084,4.084,0.0,4.084,0
2022-12-08,4.133,4.133,4.133,4.133,0.0,4.133,0
2022-12-09,4.137,4.137,4.137,4.137,0.0,4.137,0
2022-12-12,4.159,4.159,4.159,4.159,0.0,4.159,0
2022-12-13,4.147,4.147,4.147,4.147,0.0,4.147,0
2022-12-14,4.145,4.145,4.145,4.145,0.0,4.145,0
2022-12-15,4.169,4.169,4.169,4.169,0.0,4.169,0
2022-12-16,4.195,4.195,4.195,4.195,0.0,4.195,0
2022-12-19,4.235,4.235,4.235,4.235,0.0,4.235,0
2022-12-20,4.23,4.23,4.23,4.23,0.0,4.23,0
2022-12-21,4.122,4.122,4.122,4.122,0.0,4.122,0
2022-12-22,4.039,4.039,4.039,4.039,0.0,4.039,0
2022-12-23,4.037,4.037,4.037,4.037,0.0,4.037,0
2022-12-27,4.112,4.112,4.112,4.112,0.0,4.112,0
2022-12-28,4.053,4.053,4.053,4.053,0.0,4.053,0
2022-12-29,4.031,4.031,4.031,4.031,0.0,4.031,0
2022-12-30,4.046,4.046,4.046,4.046,0.0,4.046,0
2023-01-03,3.992,3.992,3.992,3.992,0.0,3.992,0
2023-01-04,3.995,3.995,3.995,3.995,0.0,3.995,0
2023-01-05,3.887,3.887,3.887,3.887,0.0,3.887,0
2023-01-06,3.831,3.831,3.831,3.831,0.0,3.831,0
2023-01-09,3.839,3.839,3.839,3.839,0.0,3.839,0
2023-01-10,3.846,3.846,3.846,3.846,0.0,3.846,0
2023-01-11,3.812,3.812,3.812,3.812,0.0,3.812,0
2023-01-12,3.811,3.811,3.811,3.811,0.0,3.811,0
2023-01-13,3.82,3.82,3.82,3.82,0.0,3.82,0
2023-01-16,3.82,3.82,3.82,3.82,0.0,3.82,0
2023-01-17,3.836,3.836,3.836,3.836,0.0,3.836,0
2023-01-18,3.834,3.834,3.834,3.834,0.0,3.834,0
2023-01-19,3.831,3.831,3.831,3.831,0.0,3.831,0
2023-01-20,3.856,3.856,3.856,3.856,0.0,3.856,0
2023-01-23,3.867,3.867,3.867,3.867,0.0,3.867,0
2023-01-24,3.836,3.836,3.836,3.836,0.0,3.836,0
2023-01-25,3.779,3.779,3.779,3.779,0.0,3.779,0
2023-01-26,3.778,3.778,3.778,3.778,0.0,3.778,0
2023-01-27,3.769,3.769,3.769,3.769,0.0,3.769,0
2023-01-30,3.69,3.69,3.69,3.69,0.0,3.69,0
2023-01-31,3.701,3.701,3.701,3.701,0.0,3.701,0
2023-02-01,3.612,3.612,3.612,3.612,0.0,3.612,0
2023-02-02,3.592,3.592,3.592,3.592,0.0,3.592,0
2023-02-03,3.548,3.548,3.548,3.548,0.0,3.548,0
2023-02-10,3.525,3.525,3.525,3.525,0.0,3.525,0
2023-02-13,3.468,3.468,3.468,3.468,0.0,3.468,0
2023-02-14,3.492,3.492,3.492,3.492,0.0,3.492,0
2023-02-15,3.477,3.477,3.477,3.477,0.0,3.477,0
2023-02-16,3.477,3.477,3.477,3.477,0.0,3.477,0
2023-02-17,3.44,3.44,3.44,3.44,0.0,3.44,0
2023-02-20,3.44,3.44,3.44,3.44,0.0,3.44,0
2023-02-21,3.455,3.455,3.455,3.455,0.0,3.455,0
2023-02-22,3.455,3.455,3.455,3.455,0.0,3.455,0
2023-02-23,3.507,3.507,3.507,3.507,0.0,3.507,0
2023-02-24,3.557,3.557,3.557,3.557,0.0,3.557,0
2023-02-27,3.598,3.598,3.598,3.598,0.0,3.598,0
2023-02-28,3.646,3.646,3.646,3.646,0.0,3.646,0
2023-03-01,3.727,3.727,3.727,3.727,0.0,3.727,0
2023-03-02,3.735,3.735,3.735,3.735,0.0,3.735,0
2023-03-03,3.775,3.775,3.775,3.775,0.0,3.775,0
2023-03-06,3.819,3.819,3.819,3.819,0.0,3.819,0
2023-03-07,3.96,3.96,3.96,3.96,0.0,3.96,0
2023-03-08,3.948,3.948,3.948,3.948,0.0,3.948,0
2023-03-09,3.86,3.86,3.86,3.86,0.0,3.86,0
2023-03-10,3.9,3.939,3.9,3.939,100.0,3.9,2
2023-03-13,3.95,3.95,3.95,3.95,0.0,3.95,0
2023-03-14,4.001,4.001,4.001,4.001,0.0,4.001,0
2023-03-15,3.966,3.966,3.966,3.966,0.0,3.966,0
2023-03-16,4.008,4.008,4.008,4.008,0.0,4.008,0
2023-03-17,4.001,4.001,4.001,4.001,0.0,4.001,0
2023-03-20,3.927,3.927,3.927,3.927,0.0,3.927,0
2023-03-21,4.005,4.005,4.005,4.005,0.0,4.005,0
2023-03-22,3.944,3.944,3.944,3.944,0.0,3.944,0
2023-03-23,3.946,3.946,3.946,3.946,0.0,3.946,0
2023-03-24,3.915,3.915,3.915,3.915,0.0,3.915,0
2023-03-27,3.876,3.876,3.876,3.876,0.0,3.876,0
2023-03-28,3.814,3.814,3.814,3.814,0.0,3.814,0
2023-03-29,3.8,3.853,3.8,3.853,43.0,3.8133,4
2023-03-30,3.822,3.822,3.822,3.822,0.0,3.822,0
2023-03-31,3.835,3.835,3.835,3.835,0.0,3.835,0
2023-04-03,3.8,3.8,3.8,3.8,0.0,3.8,0
2023-04-04,3.838,3.838,3.838,3.838,0.0,3.838,0
2023-04-05,3.794,3.794,3.794,3.794,0.0,3.794,0
2023-04-06,3.75,3.75,3.75,3.75,1.0,3.75,1
2023-04-10,3.829,3.829,3.829,3.829,0.0,3.829,0
2023-04-11,3.83,3.839,3.83,3.839,10.0,3.83,1
2023-04-12,3.77,3.77,3.765,3.765,2.0,3.77,1
2023-04-13,3.733,3.733,3.733,3.733,0.0,3.733,0
2023-04-14,3.72,3.753,3.72,3.753,3.0,3.72,3
2023-04-17,3.833,3.833,3.833,3.833,0.0,3.833,0
2023-04-18,3.831,3.831,3.831,3.831,0.0,3.831,0
2023-04-19,3.836,3.836,3.836,3.836,0.0,3.836,0
2023-04-20,3.82,3.868,3.82,3.868,3.0,3.82,2
2023-04-21,3.88,3.88,3.875,3.875,25.0,3.88,1
2023-04-24,3.925,3.925,3.925,3.925,0.0,3.925,0
2023-04-25,3.903,3.903,3.903,3.903,0.0,3.903,0
2023-04-26,3.9,3.9,3.881,3.881,2.0,3.9,1
2023-04-27,3.875,3.885,3.875,3.885,1.0,3.875,1
2023-04-28,3.904,3.904,3.904,3.904,0.0,3.904,0
2023-05-01,3.858,3.858,3.858,3.858,0.0,3.858,0
2023-05-02,3.842,3.842,3.842,3.842,0.0,3.842,0
2023-05-03,3.824,3.824,3.824,3.824,0.0,3.824,0
2023-05-04,3.839,3.839,3.839,3.839,0.0,3.839,0
2023-05-05,3.848,3.848,3.848,3.848,0.0,3.848,0
2023-05-08,3.8,3.816,3.8,3.816,1.0,3.8,1
2023-05-09,3.79,3.814,3.778,3.814,6.0,3.788,3
2023-05-10,3.76,3.806,3.76,3.806,1.0,3.76,1
2023-05-11,3.796,3.796,3.796,3.796,0.0,3.796,0
2023-05-12,3.786,3.786,3.786,3.786,0.0,3.786,0
2023-05-15,3.79,3.79,3.79,3.79,0.0,3.79,0
2023-05-16,3.775,3.775,3.775,3.775,0.0,3.775,0
2023-05-17,3.75,3.75,3.744,3.744,1.0,3.75,1
2023-05-18,3.76,3.76,3.76,3.76,0.0,3.76,0
2023-05-19,3.7,3.725,3.685,3.708,277.0,3.7004,10
2023-05-22,3.665,3.665,3.665,3.665,0.0,3.665,0
2023-05-23,3.64,3.64,3.64,3.64,0.0,3.64,0
2023-05-24,3.645,3.695,3.645,3.695,1.0,3.645,1
2023-05-25,3.667,3.667,3.667,3.667,0.0,3.667,0
2023-05-26,3.73,3.73,3.695,3.695,1.0,3.73,1
2023-05-29,3.695,3.695,3.695,3.695,0.0,3.695,0
2023-05-30,3.655,3.655,3.655,3.655,0.0,3.655,0
2023-05-31,3.62,3.62,3.62,3.62,0.0,3.62,0
2023-06-01,3.523,3.523,3.523,3.523,0.0,3.523,0
2023-06-02,3.563,3.563,3.563,3.563,0.0,3.563,0
2023-06-05,3.58,3.583,3.58,3.583,4.0,3.58,1
2023-06-06,3.569,3.569,3.569,3.569,0.0,3.569,0
2023-06-07,3.574,3.574,3.574,3.574,0.0,3.574,0
2023-06-08,3.54,3.559,3.54,3.559,5.0,3.54,1
2023-06-09,3.543,3.543,3.543,3.543,0.0,3.543,0
2023-06-12,3.49,3.54,3.49,3.54,102.0,3.5333,5
2023-06-13,3.585,3.585,3.544,3.544,1.0,3.585,1
2023-06-14,3.587,3.587,3.587,3.587,0.0,3.587,0
2023-06-15,3.58,3.6,3.57,3.6,10.0,3.5735,7
2023-06-16,3.573,3.573,3.573,3.573,0.0,3.573,0
2023-06-19,3.573,3.573,3.573,3.573,0.0,3.573,0
2023-06-20,3.59,3.59,3.561,3.561,1.0,3.59,1
2023-06-21,3.616,3.616,3.616,3.616,0.0,3.616,0
2023-06-22,3.64,3.64,3.634,3.634,1.0,3.64,1
2023-06-23,3.625,3.625,3.601,3.601,12.0,3.6158,9
2023-06-26,3.583,3.583,3.583,3.583,0.0,3.583,0
2023-06-27,3.554,3.554,3.554,3.554,0.0,3.554,0
2023-06-28,3.523,3.523,3.523,3.523,0.0,3.523,0
2023-06-29,3.487,3.487,3.487,3.487,0.0,3.487,0
2023-06-30,3.504,3.504,3.504,3.504,0.0,3.504,0
2023-07-03,3.505,3.505,3.505,3.505,0.0,3.505,0
2023-07-04,3.505,3.505,3.505,3.505,0.0,3.505,0
2023-07-05,3.5,3.5,3.478,3.478,1.0,3.5,1
2023-07-06,3.495,3.495,3.495,3.495,0.0,3.495,0
2023-07-07,3.505,3.505,3.505,3.505,0.0,3.505,0
2023-07-10,3.515,3.515,3.515,3.515,0.0,3.515,0
2023-07-11,3.515,3.523,3.51,3.523,2.0,3.5125,2
2023-07-12,3.521,3.521,3.521,3.521,0.0,3.521,0
2023-07-13,3.521,3.521,3.488,3.488,1.0,3.521,1
2023-07-14,3.45,3.518,3.45,3.518,17.0,3.4806,4
2023-07-17,3.505,3.505,3.505,3.505,0.0,3.505,0
2023-07-18,3.53,3.536,3.53,3.536,10.0,3.53,4
2023-07-19,3.54,3.54,3.527,3.527,1.0,3.54,1
2023-07-20,3.548,3.548,3.548,3.548,0.0,3.548,0
2023-07-21,3.57,3.57,3.57,3.57,0.0,3.57,0
2023-07-24,3.604,3.604,3.604,3.604,0.0,3.604,0
2023-07-25,3.618,3.618,3.618,3.618,0.0,3.618,0
2023-07-26,3.62,3.621,3.6,3.621,118.0,3.6195,5
2023-07-27,3.608,3.608,3.608,3.608,0.0,3.608,0
2023-07-28,3.617,3.617,3.617,3.617,0.0,3.617,0
2023-07-31,3.602,3.602,3.602,3.602,0.0,3.602,0
2023-08-01,3.586,3.586,3.586,3.586,0.0,3.586,0
2023-08-02,3.587,3.587,3.587,3.587,0.0,3.587,0
2023-08-03,3.571,3.571,3.571,3.571,0.0,3.571,0
2023-08-04,3.559,3.559,3.559,3.559,0.0,3.559,0
2023-08-07,3.608,3.608,3.608,3.608,0.0,3.608,0
2023-08-08,3.599,3.599,3.599,3.599,0.0,3.599,0
2023-08-09,3.561,3.561,3.561,3.561,0.0,3.561,0
2023-08-10,3.546,3.546,3.546,3.546,0.0,3.546,0
2023-08-11,3.586,3.586,3.586,3.586,0.0,3.586,0
2023-08-14,3.587,3.587,3.587,3.587,0.0,3.587,0
2023-08-15,3.566,3.566,3.566,3.566,0.0,3.566,0
2023-08-16,3.576,3.576,3.576,3.576,0.0,3.576,0
2023-08-17,3.581,3.581,3.581,3.581,0.0,3.581,0
2023-08-18,3.558,3.558,3.558,3.558,0.0,3.558,0
2023-08-21,3.578,3.578,3.578,3.578,0.0,3.578,0
2023-08-22,3.554,3.554,3.554,3.554,0.0,3.554,0
2023-08-23,3.54,3.559,3.54,3.559,1.0,3.54,1
2023-08-24,3.518,3.518,3.518,3.518,0.0,3.518,0
2023-08-25,3.523,3.523,3.523,3.523,0.0,3.523,0
2023-08-28,3.523,3.523,3.52,3.52,8.0,3.523,1
2023-08-29,3.491,3.491,3.491,3.491,0.0,3.491,0
2023-08-30,3.534,3.534,3.534,3.534,0.0,3.534,0
2023-08-31,3.538,3.538,3.538,3.538,0.0,3.538,0
2023-09-01,3.53,3.53,3.53,3.53,0.0,3.53,0
2023-09-04,3.53,3.53,3.53,3.53,0.0,3.53,0
2023-09-05,3.495,3.495,3.495,3.495,0.0,3.495,0
2023-09-06,3.494,3.494,3.494,3.494,0.0,3.494,0
2023-09-07,3.477,3.477,3.477,3.477,0.0,3.477,0
2023-09-08,3.478,3.478,3.478,3.478,0.0,3.478,0
2023-09-11,3.44,3.44,3.428,3.428,1.0,3.44,1
2023-09-12,3.481,3.481,3.481,3.481,0.0,3.481,0
2023-09-13,3.47,3.504,3.47,3.504,1.0,3.47,1
2023-09-14,3.506,3.506,3.506,3.506,0.0,3.506,0
2023-09-15,3.46,3.464,3.45,3.452,42.0,3.4588,4
2023-09-18,3.475,3.475,3.47,3.475,50.0,3.4725,2
2023-09-19,3.47,3.47,3.47,3.47,0.0,3.47,0
2023-09-20,3.485,3.485,3.48,3.48,2.0,3.485,2
2023-09-21,3.5,3.5,3.492,3.492,30.0,3.5,1
2023-09-22,3.529,3.529,3.529,3.529,0.0,3.529,0
2023-09-25,3.524,3.524,3.493,3.493,1.0,3.524,1
2023-09-26,3.521,3.521,3.521,3.521,0.0,3.521,0
2023-09-27,3.515,3.536,3.515,3.536,1.0,3.515,1
2023-09-28,3.527,3.527,3.527,3.527,0.0,3.527,0
2023-09-29,3.524,3.524,3.524,3.524,0.0,3.524,0
2023-10-02,3.502,3.502,3.502,3.502,0.0,3.502,0
2023-10-03,3.532,3.532,3.532,3.532,0.0,3.532,0
2023-10-04,3.502,3.502,3.502,3.502,0.0,3.502,0
2023-10-05,3.527,3.527,3.516,3.516,6.0,3.527,1
2023-10-06,3.518,3.518,3.518,3.518,0.0,3.518,0
2023-10-09,3.529,3.529,3.529,3.529,0.0,3.529,0
2023-10-10,3.553,3.553,3.553,3.553,0.0,3.553,0
2023-10-11,3.585,3.585,3.585,3.585,0.0,3.585,0
2023-10-12,3.601,3.615,3.601,3.615,1.0,3.601,1
2023-10-13,3.615,3.615,3.615,3.615,0.0,3.615,0
2023-10-16,3.605,3.605,3.605,3.605,0.0,3.605,0
2023-10-17,3.607,3.607,3.607,3.607,0.0,3.607,0
2023-10-18,3.597,3.597,3.597,3.597,0.0,3.597,0
2023-10-19,3.598,3.598,3.598,3.598,0.0,3.598,0
2023-10-20,3.604,3.604,3.604,3.604,0.0,3.604,0
2023-10-23,3.608,3.608,3.608,3.608,0.0,3.608,0
2023-10-24,3.593,3.593,3.593,3.593,0.0,3.593,0
2023-10-25,3.603,3.603,3.603,3.603,0.0,3.603,0
2023-10-26,3.605,3.605,3.592,3.592,8.0,3.605,1
2023-10-27,3.571,3.571,3.571,3.571,0.0,3.571,0
2023-10-30,3.597,3.597,3.597,3.597,0.0,3.597,0
2023-10-31,3.575,3.575,3.575,3.575,0.0,3.575,0
2023-11-01,3.648,3.648,3.631,3.631,1.0,3.648,1
2023-11-02,3.646,3.688,3.646,3.688,1.0,3.646,1
2023-11-03,3.692,3.692,3.692,3.692,0.0,3.692,0
2023-11-06,3.712,3.712,3.709,3.709,1.0,3.712,1
2023-11-07,3.709,3.709,3.709,3.709,0.0,3.709,0
2023-11-08,3.68,3.68,3.66,3.66,1.0,3.68,1
2023-11-09,3.67,3.67,3.603,3.651,616.0,3.652,121
2023-11-10,3.63,3.633,3.63,3.633,100.0,3.63,3
2023-11-13,3.66,3.663,3.655,3.663,1081.0,3.6577,39
2023-11-14,3.66,3.66,3.66,3.66,0.0,3.66,0
2023-11-15,3.71,3.71,3.68,3.68,69.0,3.6985,4
2023-11-16,3.665,3.665,3.665,3.665,0.0,3.665,0
2023-11-17,3.64,3.641,3.64,3.641,100.0,3.64,3
2023-11-20,3.621,3.621,3.608,3.608,200.0,3.62,2
2023-11-21,3.561,3.561,3.561,3.561,0.0,3.561,0
2023-11-22,3.576,3.576,3.576,3.576,0.0,3.576,0
2023-11-23,3.576,3.576,3.576,3.576,0.0,3.576,0
2023-11-24,3.614,3.623,3.613,3.623,11.0,3.6132,10
2023-11-27,3.613,3.63,3.613,3.626,20.0,3.619,7
2023-11-28,3.577,3.58,3.577,3.58,87.0,3.578,41
2023-11-29,3.566,3.566,3.566,3.566,0.0,3.566,0
2023-11-30,3.54,3.54,3.54,3.54,0.0,3.54,0
2023-12-01,3.56,3.561,3.56,3.561,1.0,3.56,1
2023-12-04,3.497,3.515,3.497,3.515,89.0,3.5049,83
2023-12-05,3.507,3.521,3.507,3.521,3.0,3.507,1
2023-12-06,3.36,3.36,3.338,3.358,72.0,3.3559,34
2023-12-07,3.337,3.344,3.3,3.344,1101.0,3.31,35
2023-12-08,3.335,3.335,3.28,3.28,46.0,3.335,5
2023-12-11,3.246,3.246,3.221,3.236,21.0,3.2261,5
2023-12-12,3.226,3.238,3.225,3.238,22.0,3.2259,3
2023-12-13,3.23,3.3,3.23,3.274,35.0,3.2925,4
2023-12-14,3.331,3.331,3.331,3.331,0.0,3.331,0
2023-12-15,3.4,3.4,3.372,3.391,8.0,3.3905,6
2023-12-18,3.391,3.391,3.386,3.386,1.0,3.391,1
2023-12-19,3.341,3.341,3.341,3.341,0.0,3.341,0
2023-12-20,3.358,3.358,3.358,3.358,0.0,3.358,0
2023-12-21,3.391,3.391,3.391,3.391,0.0,3.391,0
2023-12-22,3.297,3.297,3.297,3.297,0.0,3.297,0
2023-12-26,3.272,3.272,3.272,3.272,0.0,3.272,0
2023-12-27,3.28,3.299,3.28,3.299,10.0,3.2809,6
2023-12-28,3.338,3.338,3.338,3.338,0.0,3.338,0
2023-12-29,3.362,3.362,3.362,3.362,0.0,3.362,0
2024-01-02,3.38,3.38,3.379,3.379,1.0,3.38,1
2024-01-03,3.384,3.384,3.384,3.384,0.0,3.384,0
2024-01-04,3.395,3.424,3.395,3.411,51.0,3.4088,14
2024-01-05,3.42,3.443,3.42,3.443,15.0,3.42,3
2024-01-08,3.44,3.471,3.44,3.471,35.0,3.44,2
2024-01-09,3.491,3.491,3.46,3.46,10.0,3.4755,5
2024-01-10,3.43,3.43,3.43,3.43,0.0,3.43,0
2024-01-11,3.412,3.412,3.412,3.412,0.0,3.412,0
2024-01-12,3.44,3.44,3.399,3.399,5.0,3.44,2
2024-01-15,3.399,3.399,3.399,3.399,0.0,3.399,0
2024-01-16,3.395,3.395,3.37,3.378,6.0,3.3783,6
2024-01-17,3.405,3.424,3.38,3.424,6.0,3.4033,6
2024-01-18,3.415,3.415,3.405,3.405,1.0,3.415,1
2024-01-19,3.349,3.349,3.349,3.349,0.0,3.349,0
2024-01-22,3.321,3.321,3.321,3.321,0.0,3.321,0
2024-01-23,3.37,3.39,3.37,3.38,56.0,3.3721,3
2024-01-24,3.397,3.4,3.366,3.366,32.0,3.3881,29
2024-01-25,3.34,3.343,3.296,3.296,2.0,3.3415,2
2024-01-26,3.296,3.315,3.296,3.315,1.0,3.296,1
2024-01-29,3.26,3.26,3.26,3.26,0.0,3.26,0
2024-01-30,3.265,3.265,3.265,3.265,0.0,3.265,0
2024-01-31,3.29,3.29,3.259,3.259,22.0,3.29,2
2024-02-01,3.249,3.249,3.249,3.249,0.0,3.249,0
2024-02-02,3.252,3.29,3.252,3.28,7.0,3.2597,7
2024-02-05,3.276,3.276,3.276,3.276,0.0,3.276,0
2024-02-06,3.265,3.276,3.265,3.269,34.0,3.2662,4
2024-02-07,3.273,3.273,3.273,3.273,0.0,3.273,0
2024-02-08,3.265,3.283,3.247,3.271,188.0,3.2631,26
2024-02-09,3.286,3.286,3.286,3.286,0.0,3.286,0
2024-02-12,3.29,3.29,3.276,3.278,12.0,3.2778,3
2024-02-13,3.275,3.275,3.272,3.272,54.0,3.275,3
2024-02-14,3.201,3.21,3.201,3.21,69.0,3.2011,38
2024-02-15,3.22,3.22,3.155,3.165,14.0,3.1614,10
2024-02-16,3.126,3.138,3.126,3.138,6.0,3.132,3
2024-02-19,3.138,3.138,3.138,3.138,0.0,3.138,0
2024-02-20,3.147,3.226,3.147,3.169,12.0,3.1691,12
2024-02-21,3.2,3.244,3.2,3.236,52.0,3.2249,35
2024-02-22,3.272,3.272,3.272,3.272,0.0,3.272,0
2024-02-23,3.237,3.237,3.237,3.237,0.0,3.237,0
2024-02-26,3.263,3.268,3.263,3.268,19.0,3.2639,19
2024-02-27,3.32,3.32,3.285,3.292,10.0,3.3009,9
2024-02-28,3.313,3.313,3.313,3.313,0.0,3.313,0
2024-02-29,3.312,3.319,3.308,3.31,32.0,3.3152,26
2024-03-01,3.296,3.296,3.296,3.296,0.0,3.296,0
2024-03-04,3.322,3.322,3.315,3.315,1.0,3.322,1
2024-03-05,3.324,3.324,3.324,3.324,0.0,3.324,0
2024-03-06,3.324,3.324,3.32,3.32,1.0,3.324,1
2024-03-07,3.304,3.304,3.304,3.304,0.0,3.304,0
2024-03-08,3.29,3.29,3.29,3.29,0.0,3.29,0
2024-03-11,3.302,3.302,3.296,3.296,1.0,3.302,1
2024-03-12,3.298,3.298,3.298,3.298,0.0,3.298,0
2024-03-13,3.3,3.3,3.3,3.3,0.0,3.3,0
2024-03-14,3.299,3.311,3.299,3.311,1.0,3.299,1
2024-03-15,3.288,3.288,3.288,3.288,0.0,3.288,0
2024-03-18,3.298,3.332,3.298,3.332,3.0,3.298,3
2024-03-19,3.343,3.343,3.328,3.334,11.0,3.3295,3
2024-03-20,3.319,3.319,3.312,3.312,4.0,3.3173,4
2024-03-21,3.305,3.305,3.294,3.294,1.0,3.305,1
2024-03-22,3.281,3.281,3.281,3.281,0.0,3.281,0
2024-03-25,3.273,3.273,3.265,3.273,5.0,3.2714,2
2024-03-26,3.266,3.304,3.266,3.304,35.0,3.295,11
2024-03-27,3.29,3.295,3.29,3.294,7.0,3.2907,6
2024-03-28,3.304,3.315,3.304,3.315,5.0,3.3074,4
2024-04-01,3.331,3.341,3.32,3.341,22.0,3.3306,9
2024-04-02,3.325,3.365,3.32,3.349,24.0,3.3486,6
2024-04-03,3.366,3.391,3.33,3.342,25.0,3.3419,18
2024-04-04,3.312,3.326,3.312,3.326,9.0,3.3151,3
2024-04-05,3.314,3.337,3.314,3.322,319.0,3.3172,27
2024-04-08,3.33,3.342,3.325,3.342,5.0,3.326,2
2024-04-09,3.365,3.365,3.325,3.34,286.0,3.3359,27
2024-04-10,3.344,3.348,3.331,3.337,154.0,3.3406,35
2024-04-11,3.338,3.385,3.338,3.376,68.0,3.3754,29
2024-04-12,3.369,3.435,3.369,3.435,115.0,3.4112,45
2024-04-15,3.418,3.456,3.418,3.456,88.0,3.435,65
2024-04-16,3.458,3.472,3.443,3.472,267.0,3.4547,41
2024-04-17,3.439,3.456,3.439,3.442,26.0,3.4487,18
2024-04-18,3.458,3.458,3.419,3.439,53.0,3.4303,41
2024-04-19,3.437,3.445,3.418,3.429,68.0,3.432,33
2024-04-22,3.424,3.446,3.424,3.445,29.0,3.4369,26
2024-04-23,3.464,3.47,3.445,3.457,26.0,3.4573,16
2024-04-24,3.461,3.479,3.454,3.478,110.0,3.4656,31
2024-04-25,3.462,3.479,3.458,3.466,638.0,3.4704,45
2024-04-26,3.476,3.476,3.47,3.473,124.0,3.4702,23
2024-04-29,3.502,3.502,3.467,3.482,6.0,3.4832,4
2024-04-30,3.488,3.488,3.459,3.47,138.0,3.4597,10
2024-05-01,3.451,3.459,3.451,3.459,2.0,3.454,2
2024-05-02,3.447,3.466,3.433,3.456,64.0,3.4512,11
2024-05-03,3.457,3.457,3.433,3.436,49.0,3.4533,18
2024-05-06,3.437,3.45,3.437,3.437,11.0,3.4433,6
2024-05-07,3.454,3.454,3.384,3.397,85.0,3.4033,66
2024-05-08,3.396,3.396,3.343,3.348,67.0,3.3681,26
2024-05-09,3.323,3.323,3.295,3.306,55.0,3.3144,36
2024-05-10,3.348,3.348,3.318,3.34,26.0,3.3241,16
2024-05-13,3.348,3.37,3.348,3.363,10.0,3.3537,3
2024-05-14,3.392,3.397,3.359,3.373,635.0,3.3707,67
2024-05-15,3.396,3.405,3.394,3.4,240.0,3.402,35
2024-05-16,3.412,3.448,3.408,3.434,360.0,3.4225,52
2024-05-17,3.464,3.47,3.439,3.444,50.0,3.4523,21
2024-05-20,3.461,3.48,3.46,3.479,30.0,3.4683,20
2024-05-21,3.46,3.465,3.442,3.454,64.0,3.4542,24
2024-05-22,3.441,3.48,3.441,3.48,60.0,3.4561,25
2024-05-23,3.49,3.492,3.445,3.456,59.0,3.4658,26
2024-05-24,3.444,3.444,3.4,3.412,69.0,3.4069,14
2024-05-27,3.412,3.412,3.412,3.412,0.0,3.412,0
2024-05-28,3.393,3.411,3.382,3.397,23.0,3.3974,18
2024-05-29,3.377,3.377,3.341,3.349,74.0,3.3596,67
2024-05-30,3.329,3.33,3.322,3.322,26.0,3.3257,10
2024-05-31,3.314,3.325,3.31,3.318,140.0,3.3153,62
2024-06-03,3.34,3.36,3.32,3.339,131.0,3.3409,34
2024-06-04,3.344,3.35,3.314,3.326,93.0,3.326,51
2024-06-05,3.345,3.38,3.345,3.376,24.0,3.3727,8
2024-06-06,3.365,3.379,3.358,3.37,52.0,3.3748,21
2024-06-07,3.38,3.393,3.378,3.385,64.0,3.3883,23
2024-06-10,3.412,3.412,3.388,3.401,28.0,3.3999,17
2024-06-11,3.408,3.454,3.408,3.45,172.0,3.4343,41
2024-06-12,3.435,3.44,3.397,3.418,16.0,3.4246,7
2024-06-13,3.425,3.425,3.36,3.387,51.0,3.3816,27
2024-06-14,3.364,3.394,3.354,3.382,399.0,3.3804,139
2024-06-17,3.366,3.387,3.36,3.385,22.0,3.3724,15
2024-06-18,3.405,3.42,3.376,3.416,326.0,3.3984,15
2024-06-19,3.426,3.426,3.416,3.416,2.0,3.4245,2
2024-06-20,3.407,3.407,3.364,3.382,66.0,3.3934,44
2024-06-21,3.382,3.382,3.345,3.357,128.0,3.3799,15
2024-06-24,3.334,3.37,3.33,3.363,73.0,3.3439,36
2024-06-25,3.348,3.357,3.33,3.342,74.0,3.337,52
2024-06-26,3.316,3.342,3.306,3.339,54.0,3.3295,26
2024-06-27,3.325,3.332,3.274,3.276,51.0,3.2935,33
2024-06-28,3.277,3.291,3.268,3.29,86.0,3.2787,61
2024-07-01,3.26,3.283,3.26,3.274,200.0,3.2737,47
2024-07-02,3.268,3.281,3.26,3.26,191.0,3.2671,23
2024-07-03,3.25,3.26,3.245,3.251,76.0,3.25,18
2024-07-04,3.251,3.251,3.251,3.251,0.0,3.251,0
2024-07-05,3.253,3.258,3.22,3.237,86.0,3.2301,19
2024-07-08,3.239,3.255,3.238,3.255,10.0,3.2487,9
2024-07-09,3.251,3.268,3.247,3.251,53.0,3.2571,29
2024-07-10,3.239,3.239,3.216,3.235,32.0,3.2236,11
2024-07-11,3.223,3.223,3.196,3.205,74.0,3.2029,46
2024-07-12,3.204,3.212,3.198,3.198,83.0,3.2042,60
2024-07-15,3.16,3.193,3.158,3.184,141.0,3.1767,82
2024-07-16,3.157,3.197,3.151,3.183,139.0,3.18,79
2024-07-17,3.164,3.164,3.121,3.121,176.0,3.1391,117
2024-07-18,3.123,3.147,3.105,3.141,126.0,3.1323,76
2024-07-19,3.137,3.179,3.13,3.177,294.0,3.1512,139
2024-07-22,3.196,3.221,3.196,3.219,175.0,3.2097,100
2024-07-23,3.199,3.208,3.192,3.198,254.0,3.2006,121
2024-07-24,3.155,3.186,3.148,3.169,193.0,3.1674,168
2024-07-25,3.138,3.158,3.118,3.118,75.0,3.1351,45
2024-07-26,3.085,3.125,3.084,3.122,243.0,3.1143,201
2024-07-29,3.101,3.112,3.071,3.091,81.0,3.1004,47
2024-07-30,3.073,3.094,3.05,3.094,251.0,3.0622,71
2024-07-31,3.091,3.092,3.073,3.092,35.0,3.0823,25
2024-08-01,3.077,3.094,3.058,3.061,72.0,3.078,48
2024-08-02,3.066,3.068,3.049,3.064,112.0,3.0584,44
2024-08-05,3.02,3.049,3.015,3.026,210.0,3.027,153
2024-08-06,3.016,3.035,3.002,3.017,169.0,3.0198,119
2024-08-07,3.059,3.066,3.04,3.063,80.0,3.0581,57
2024-08-08,3.061,3.123,3.061,3.114,156.0,3.1019,98
2024-08-09,3.123,3.136,3.108,3.136,154.0,3.1228,85
2024-08-12,3.157,3.157,3.114,3.139,205.0,3.1337,86
2024-08-13,3.13,3.149,3.088,3.093,294.0,3.1076,121
2024-08-14,3.094,3.142,3.082,3.135,284.0,3.1268,158
2024-08-15,3.129,3.14,3.122,3.129,164.0,3.1301,86
2024-08-16,3.095,3.101,3.063,3.069,212.0,3.0749,140
2024-08-19,3.056,3.1,3.056,3.094,118.0,3.0847,94
2024-08-20,3.103,3.14,3.083,3.137,301.0,3.1068,205
2024-08-21,3.138,3.168,3.13,3.155,320.0,3.1412,145
2024-08-22,3.147,3.163,3.113,3.15,120.0,3.1401,82
2024-08-23,3.136,3.147,3.11,3.142,382.0,3.1336,268
2024-08-26,3.108,3.146,3.099,3.133,184.0,3.1251,89
2024-08-27,3.117,3.13,3.11,3.128,114.0,3.1206,68
2024-08-28,3.093,3.145,3.092,3.123,321.0,3.1236,215
2024-08-29,3.098,3.107,3.066,3.104,764.0,3.0922,521
2024-08-30,3.085,3.096,3.075,3.092,323.0,3.0851,193
2024-09-02,3.092,3.092,3.092,3.092,0.0,3.092,0
2024-09-03,3.108,3.114,3.062,3.104,500.0,3.0759,223
2024-09-04,3.087,3.135,3.086,3.099,490.0,3.1224,253
2024-09-05,3.082,3.138,3.081,3.096,368.0,3.1075,174
2024-09-06,3.096,3.103,3.07,3.091,619.0,3.0855,450
2024-09-09,3.065,3.109,3.065,3.087,121.0,3.087,90
2024-09-10,3.079,3.116,3.069,3.079,366.0,3.0877,252
2024-09-11,3.088,3.105,3.077,3.092,258.0,3.0959,177
2024-09-12,3.096,3.113,3.081,3.099,381.0,3.0994,187
2024-09-13,3.107,3.117,3.079,3.09,327.0,3.0931,194
2024-09-16,3.085,3.114,3.075,3.105,304.0,3.0977,172
2024-09-17,3.105,3.128,3.084,3.106,390.0,3.1052,222
2024-09-18,3.112,3.134,3.099,3.104,195.0,3.1097,148
2024-09-19,3.111,3.125,3.094,3.125,150.0,3.1157,83
2024-09-20,3.114,3.178,3.11,3.17,339.0,3.1455,216
2024-09-23,3.172,3.212,3.15,3.157,652.0,3.1775,461
2024-09-24,3.18,3.18,3.134,3.153,217.0,3.1519,168
2024-09-25,3.159,3.188,3.159,3.185,664.0,3.1775,386
2024-09-26,3.177,3.208,3.169,3.196,632.0,3.1913,219
2024-09-27,3.191,3.24,3.165,3.23,670.0,3.2171,402
2024-09-30,3.211,3.24,3.21,3.224,389.0,3.2269,213
2024-10-01,3.219,3.225,3.199,3.209,166.0,3.2116,91
2024-10-02,3.222,3.232,3.191,3.216,339.0,3.2131,187
2024-10-03,3.233,3.243,3.224,3.232,790.0,3.2312,289
2024-10-04,3.241,3.247,3.227,3.239,315.0,3.2381,168
2024-10-07,3.235,3.254,3.223,3.232,174.0,3.2391,107
2024-10-08,3.229,3.232,3.191,3.221,288.0,3.2142,150
2024-10-09,3.188,3.198,3.165,3.183,283.0,3.1718,236
2024-10-10,3.165,3.183,3.125,3.183,282.0,3.1446,155
2024-10-11,3.181,3.181,3.13,3.149,217.0,3.1464,158
2024-10-14,3.114,3.116,3.089,3.104,640.0,3.1042,249
2024-10-15,3.08,3.148,3.068,3.133,237.0,3.1103,149
2024-10-16,3.115,3.126,3.087,3.103,259.0,3.1015,188
2024-10-17,3.08,3.127,3.064,3.11,377.0,3.1,228
2024-10-18,3.091,3.092,3.072,3.08,524.0,3.0791,318
2024-10-21,3.069,3.128,3.051,3.096,315.0,3.0879,231
2024-10-22,3.109,3.152,3.098,3.136,437.0,3.1245,199
2024-10-23,3.127,3.166,3.103,3.145,619.0,3.1322,347
2024-10-24,3.159,3.174,3.13,3.164,439.0,3.1475,279
2024-10-25,3.156,3.192,3.15,3.18,178.0,3.1715,132
2024-10-28,3.157,3.157,3.1,3.138,375.0,3.1229,230
2024-10-29,3.125,3.195,3.11,3.143,301.0,3.1301,188
2024-10-30,3.178,3.201,3.145,3.185,619.0,3.1822,301
2024-10-31,3.187,3.187,3.15,3.162,278.0,3.1625,216
2024-11-01,3.148,3.166,3.136,3.162,284.0,3.1538,154
2024-11-04,3.15,3.185,3.14,3.173,391.0,3.1633,217
2024-11-05,3.16,3.177,3.132,3.143,312.0,3.1461,178
2024-11-06,3.131,3.195,3.12,3.169,888.0,3.1675,487
2024-11-07,3.142,3.167,3.122,3.149,1191.0,3.145,542
2024-11-08,3.139,3.155,3.124,3.142,835.0,3.1434,273
2024-11-11,3.161,3.206,3.161,3.181,894.0,3.1845,512
2024-11-12,3.193,3.2,3.168,3.178,877.0,3.1841,583
2024-11-13,3.178,3.224,3.157,3.213,1014.0,3.2015,530
2024-11-14,3.189,3.229,3.188,3.197,822.0,3.2139,559
2024-11-15,3.198,3.231,3.188,3.221,673.0,3.2147,351
2024-11-18,3.259,3.259,3.21,3.243,1271.0,3.2291,434
2024-11-19,3.241,3.282,3.219,3.259,584.0,3.2598,330
2024-11-20,3.272,3.304,3.272,3.296,709.0,3.2913,470
2024-11-21,3.294,3.371,3.294,3.327,1030.0,3.3292,717
2024-11-22,3.362,3.362,3.27,3.321,706.0,3.3041,511
2024-11-25,3.39,3.39,3.35,3.377,919.0,3.3638,594
2024-11-26,3.361,3.405,3.343,3.388,1137.0,3.3784,779
2024-11-27,3.351,3.361,3.317,3.324,566.0,3.3384,441
2024-11-28,3.324,3.324,3.324,3.324,0.0,3.324,0
2024-11-29,3.349,3.391,3.34,3.366,876.0,3.3676,691
2024-12-02,3.314,3.368,3.314,3.358,976.0,3.3497,583
2024-12-03,3.367,3.386,3.297,3.306,682.0,3.3154,385
2024-12-04,3.285,3.362,3.285,3.35,824.0,3.3266,469
2024-12-05,3.359,3.372,3.339,3.36,309.0,3.3566,220
2024-12-06,3.334,3.377,3.33,3.375,750.0,3.3622,475
2024-12-09,3.433,3.433,3.358,3.372,643.0,3.3792,490
2024-12-10,3.34,3.367,3.319,3.362,609.0,3.3487,414
2024-12-11,3.355,3.396,3.343,3.384,969.0,3.3784,758
2024-12-12,3.362,3.4,3.346,3.385,886.0,3.3817,670
2024-12-13,3.383,3.399,3.337,3.352,1254.0,3.3543,656
2024-12-16,3.333,3.357,3.317,3.329,716.0,3.3366,387
2024-12-17,3.318,3.351,3.313,3.341,902.0,3.3279,496
2024-12-18,3.328,3.363,3.315,3.329,914.0,3.3389,594
2024-12-19,3.35,3.384,3.339,3.362,1181.0,3.3583,890
2024-12-20,3.369,3.405,3.345,3.386,1466.0,3.3804,992
2024-12-23,3.377,3.407,3.352,3.398,564.0,3.3844,385
2024-12-24,3.393,3.423,3.393,3.419,412.0,3.4111,346
2024-12-26,3.398,3.408,3.389,3.4,1067.0,3.3972,558
2024-12-27,3.43,3.454,3.411,3.451,738.0,3.4315,428
2024-12-30,3.52,3.522,3.447,3.484,814.0,3.4793,455
2024-12-31,3.482,3.482,3.394,3.437,840.0,3.4355,534
2025-01-02,3.448,3.502,3.423,3.444,1068.0,3.4665,580
2025-01-03,3.43,3.436,3.372,3.392,1480.0,3.4043,764
2025-01-06,3.389,3.459,3.389,3.409,1329.0,3.4277,713
2025-01-07,3.421,3.46,3.376,3.384,1336.0,3.4047,872
2025-01-08,3.415,3.455,3.414,3.419,806.0,3.4333,569
2025-01-09,3.41,3.481,3.389,3.427,2461.0,3.438,1057
2025-01-10,3.421,3.481,3.421,3.462,2577.0,3.4644,1413
2025-01-13,3.529,3.529,3.483,3.496,796.0,3.5002,601
2025-01-14,3.454,3.522,3.454,3.512,1567.0,3.4909,1026
2025-01-15,3.492,3.562,3.487,3.548,2136.0,3.5298,1455
2025-01-16,3.528,3.652,3.515,3.638,2574.0,3.5854,1660
2025-01-17,3.528,3.596,3.528,3.556,1570.0,3.5584,1027
2025-01-20,3.54,3.556,3.521,3.556,202.0,3.5408,71
2025-01-21,3.532,3.556,3.511,3.524,971.0,3.5313,705
2025-01-22,3.517,3.628,3.512,3.609,1504.0,3.5932,1000
2025-01-23,3.635,3.65,3.572,3.619,968.0,3.6103,666
2025-01-24,3.635,3.635,3.565,3.63,1148.0,3.5945,765
2025-01-27,3.581,3.581,3.463,3.53,1700.0,3.5129,1178
2025-01-28,3.499,3.505,3.447,3.455,2182.0,3.466,1336
2025-01-29,3.442,3.53,3.429,3.515,3297.0,3.4994,1928
2025-01-30,3.524,3.553,3.405,3.413,2805.0,3.4523,1702
2025-01-31,3.405,3.455,3.377,3.424,2026.0,3.4199,1296
2025-02-03,3.523,3.553,3.492,3.527,1716.0,3.5223,827
2025-02-04,3.51,3.525,3.465,3.501,1088.0,3.49,738
2025-02-05,3.473,3.54,3.446,3.514,1342.0,3.4986,851
2025-02-06,3.484,3.549,3.484,3.525,1302.0,3.5134,832
2025-02-07,3.519,3.541,3.483,3.499,1505.0,3.5174,1086
2025-02-10,3.521,3.608,3.521,3.592,1670.0,3.5741,1086
2025-02-11,3.579,3.657,3.579,3.646,2514.0,3.6364,1545
2025-02-12,3.634,3.668,3.613,3.665,1794.0,3.6517,1258
2025-02-13,3.694,3.721,3.64,3.691,3323.0,3.6894,2258
2025-02-14,3.701,3.756,3.688,3.715,1902.0,3.71,1282
2025-02-17,3.68,3.715,3.625,3.715,166.0,3.646,140
2025-02-18,3.629,3.843,3.613,3.843,6017.0,3.7786,3304
2025-02-19,3.79,3.906,3.779,3.876,5077.0,3.8623,3020
2025-02-20,3.88,3.913,3.755,3.764,1714.0,3.8137,1316
2025-02-21,3.794,3.827,3.749,3.774,4012.0,3.7844,2422
2025-02-24,3.714,3.764,3.693,3.742,1923.0,3.7289,1350
2025-02-25,3.73,3.78,3.73,3.778,2596.0,3.7532,1671
2025-02-26,3.755,3.792,3.659,3.678,3183.0,3.6924,2183
2025-02-27,3.681,3.702,3.635,3.649,1385.0,3.6682,961
2025-02-28,3.649,3.678,3.629,3.664,2523.0,3.6619,1663
2025-03-03,3.642,3.76,3.642,3.749,5979.0,3.7252,3915
2025-03-04,3.733,3.843,3.678,3.792,5603.0,3.7937,3702
2025-03-05,3.814,3.861,3.758,3.853,3136.0,3.8063,2234
2025-03-06,3.842,3.854,3.772,3.788,3314.0,3.8056,1990
2025-03-07,3.784,3.946,3.749,3.928,5805.0,3.8223,3880
2025-03-10,3.978,4.14,3.964,3.994,3395.0,4.0108,2097
2025-03-11,3.982,4.06,3.974,4.041,2861.0,4.0342,2188
2025-03-12,3.977,4.0,3.903,3.932,4391.0,3.9493,2755
2025-03-13,3.927,4.015,3.875,3.994,3490.0,3.9567,2337
2025-03-14,3.973,4.065,3.939,4.025,4116.0,3.9962,2572
2025-03-17,4.044,4.061,3.986,4.013,2164.0,4.0136,1462
2025-03-18,4.014,4.039,3.975,3.995,2624.0,4.0195,1308
2025-03-19,4.008,4.063,3.994,4.058,3664.0,4.0412,2006
2025-03-20,4.033,4.06,3.946,3.953,3868.0,3.9893,2274
2025-03-21,3.936,3.983,3.905,3.932,3410.0,3.945,1945
2025-03-24,3.9,3.97,3.887,3.935,3281.0,3.9352,1907
2025-03-25,3.93,3.975,3.902,3.935,3399.0,3.9433,2246
2025-03-26,3.939,3.979,3.92,3.936,2399.0,3.9517,1616
2025-03-27,3.931,3.985,3.88,3.967,4313.0,3.936,2602
2025-03-28,3.943,3.99,3.921,3.969,3288.0,3.9554,1852
2025-03-31,3.994,4.043,3.987,4.003,2954.0,4.0095,1681
2025-04-01,3.981,4.017,3.943,3.945,3003.0,3.972,2136
2025-04-02,3.971,4.016,3.944,3.99,5070.0,3.9975,3461
2025-04-03,3.97,4.026,3.943,3.986,3984.0,3.9912,2466
2025-04-04,3.959,3.982,3.785,3.821,4758.0,3.8386,2864
2025-04-07,3.764,3.835,3.655,3.694,6530.0,3.7228,4131
2025-04-08,3.718,3.769,3.586,3.608,8905.0,3.6533,5389
2025-04-09,3.598,3.779,3.464,3.762,14806.0,3.5941,8059
2025-04-10,3.7,3.748,3.584,3.633,9319.0,3.6524,5266
2025-04-11,3.599,3.669,3.567,3.653,5146.0,3.6159,3067
2025-04-14,3.623,3.748,3.602,3.611,3702.0,3.6617,1900
2025-04-15,3.615,3.66,3.579,3.651,3259.0,3.6236,2254
2025-04-16,3.627,3.695,3.607,3.673,5066.0,3.6603,2839
2025-04-17,3.688,3.733,3.662,3.687,2854.0,3.6988,1918
2025-04-21,3.654,3.724,3.567,3.572,5856.0,3.6047,3089
2025-04-22,3.582,3.626,3.569,3.573,3900.0,3.5843,2668
2025-04-23,3.6,3.645,3.565,3.601,4309.0,3.6028,2980
2025-04-24,3.593,3.629,3.559,3.622,3312.0,3.585,2228
2025-04-25,3.615,3.664,3.585,3.617,3024.0,3.6309,1871
2025-04-28,3.627,3.731,3.577,3.705,4618.0,3.679,2614
2025-04-29,3.727,3.77,3.715,3.756,3710.0,3.746,1942
2025-04-30,3.752,3.824,3.732,3.798,5998.0,3.7745,3225
2025-05-01,3.809,3.901,3.809,3.881,5641.0,3.8663,3418
2025-05-02,3.85,3.97,3.849,3.945,5966.0,3.9353,3223
2025-05-05,3.99,4.051,3.951,3.956,8210.0,4.0005,4875
2025-05-06,3.969,4.021,3.914,3.94,6000.0,3.9673,3625
2025-05-07,3.992,4.002,3.915,3.922,6359.0,3.9545,3554
2025-05-08,3.915,3.951,3.868,3.897,6333.0,3.9131,3408
2025-05-09,3.926,3.966,3.889,3.962,4927.0,3.9417,2854
2025-05-12,3.968,3.989,3.92,3.934,4333.0,3.9404,2368
2025-05-13,3.929,4.002,3.924,3.98,4021.0,3.9601,2190
2025-05-14,3.966,3.974,3.902,3.927,3335.0,3.9299,1805
2025-05-15,3.907,3.957,3.886,3.895,3618.0,3.9121,1967
2025-05-16,3.91,3.928,3.867,3.908,3108.0,3.9042,1531
2025-05-19,3.871,3.871,3.708,3.723,6277.0,3.7927,3515
2025-05-20,3.728,3.884,3.728,3.878,5402.0,3.8244,3059
2025-05-21,3.853,3.954,3.852,3.896,2588.0,3.8999,1655
2025-05-22,3.911,3.922,3.848,3.881,2142.0,3.8807,1374
2025-05-23,3.902,3.957,3.867,3.954,3241.0,3.9238,1788
2025-05-27,3.957,3.989,3.898,3.945,3006.0,3.9425,1909
2025-05-28,3.946,3.967,3.83,3.848,3301.0,3.8756,2156
2025-05-29,3.852,3.865,3.766,3.821,4037.0,3.8,2371
2025-05-30,3.833,3.85,3.782,3.808,3274.0,3.8058,2037
2025-06-02,3.84,3.932,3.835,3.916,2800.0,3.9003,1757
2025-06-03,3.937,3.962,3.885,3.955,2375.0,3.9312,1450
2025-06-04,3.948,3.997,3.932,3.989,2595.0,3.9696,1462
2025-06-05,3.981,4.015,3.929,3.975,3510.0,3.9828,2202
2025-06-06,3.969,4.053,3.969,4.027,3784.0,4.0138,1911
2025-06-09,3.97,4.007,3.923,3.975,3128.0,3.955,1898
2025-06-10,3.97,3.995,3.909,3.939,3929.0,3.9416,2349
2025-06-11,3.93,3.975,3.877,3.909,3860.0,3.9214,2121
2025-06-12,3.925,3.964,3.875,3.88,2488.0,3.9177,1524
2025-06-13,3.906,3.95,3.875,3.912,3976.0,3.9096,2633
2025-06-16,3.968,3.983,3.935,3.972,3056.0,3.9607,1887
2025-06-17,3.981,4.044,3.969,4.028,5677.0,4.0183,3566
2025-06-18,4.033,4.1,4.03,4.068,4676.0,4.0721,3097
2025-06-20,4.07,4.131,4.022,4.049,6181.0,4.0797,4080
2025-06-23,4.062,4.089,3.971,3.997,3275.0,4.0148,1860
2025-06-24,3.966,3.99,3.923,3.94,3631.0,3.9541,2437
2025-06-25,3.933,3.964,3.91,3.918,2444.0,3.9229,1600
2025-06-26,3.908,3.935,3.866,3.923,3557.0,3.8967,1988
2025-06-27,3.917,3.994,3.917,3.98,3618.0,3.974,2028
2025-06-30,3.949,3.959,3.798,3.817,5963.0,3.841,2857
2025-07-01,3.829,3.829,3.654,3.793,4142.0,3.7262,2435
2025-07-02,3.781,3.833,3.742,3.815,3101.0,3.8066,1687
2025-07-03,3.828,3.878,3.737,3.752,4405.0,3.8105,2424
2025-07-07,3.741,3.819,3.665,3.789,3583.0,3.7481,2122
2025-07-08,3.774,3.826,3.765,3.777,2316.0,3.7884,1375
2025-07-09,3.777,3.786,3.665,3.731,5344.0,3.7068,2790
2025-07-10,3.711,3.83,3.704,3.811,4272.0,3.7681,2152
2025-07-11,3.82,3.86,3.792,3.846,3100.0,3.8426,1718
2025-07-14,3.87,3.94,3.87,3.905,5016.0,3.9139,2438
2025-07-15,3.886,3.939,3.877,3.927,2744.0,3.9213,1601
2025-07-16,3.929,3.946,3.9,3.922,2263.0,3.9224,1226
2025-07-17,3.917,3.936,3.855,3.887,2491.0,3.8956,1450
2025-07-18,3.865,3.901,3.764,3.859,5493.0,3.8423,2950
2025-07-21,3.764,3.796,3.687,3.727,7586.0,3.7243,4366
2025-07-22,3.723,3.725,3.659,3.715,6408.0,3.699,3965
2025-07-23,3.706,3.713,3.614,3.624,5388.0,3.6434,2969
2025-07-24,3.626,3.66,3.614,3.633,5776.0,3.6378,3423
2025-07-25,3.63,3.654,3.579,3.604,2705.0,3.6131,1700
2025-07-28,3.585,3.605,3.486,3.531,9188.0,3.5329,4528
2025-07-29,3.551,3.592,3.538,3.573,4712.0,3.5691,2584
2025-07-30,3.588,3.609,3.509,3.554,5663.0,3.5486,2918
2025-07-31,3.546,3.6,3.502,3.585,4489.0,3.5435,2626
2025-08-01,3.569,3.596,3.55,3.584,2545.0,3.5746,1415
2025-08-04,3.552,3.573,3.472,3.501,4246.0,3.4999,2174
2025-08-05,3.498,3.546,3.491,3.522,2470.0,3.5213,1316
2025-08-06,3.526,3.575,3.481,3.565,2560.0,3.5402,1574
2025-08-07,3.562,3.597,3.534,3.563,3036.0,3.5673,1606
2025-08-08,3.577,3.589,3.484,3.502,3204.0,3.5138,1594
2025-08-11,3.458,3.523,3.44,3.506,3523.0,3.4859,2171
2025-08-12,3.516,3.519,3.416,3.439,4562.0,3.4559,2432
2025-08-13,3.421,3.455,3.4,3.423,4060.0,3.4248,2249
2025-08-14,3.429,3.43,3.368,3.399,3986.0,3.3966,1964
2025-08-15,3.393,3.472,3.381,3.441,4228.0,3.443,2006
2025-08-18,3.421,3.456,3.397,3.439,2285.0,3.4268,1169
2025-08-19,3.436,3.436,3.362,3.376,4157.0,3.3773,2151
2025-08-20,3.385,3.394,3.352,3.375,3379.0,3.3749,1589
2025-08-21,3.393,3.427,3.366,3.408,3713.0,3.3968,1751
2025-08-22,3.415,3.417,3.35,3.361,3142.0,3.3704,1517
2025-08-25,3.35,3.352,3.301,3.338,2668.0,3.3283,1256
2025-08-26,3.334,3.384,3.306,3.361,4604.0,3.3491,2260
2025-08-27,3.373,3.438,3.363,3.412,4235.0,3.4122,2079
2025-08-28,3.396,3.479,3.384,3.448,4487.0,3.4364,2266
2025-08-29,3.46,3.502,3.434,3.487,4175.0,3.467,2158
2025-09-02,3.472,3.521,3.425,3.471,4289.0,3.4553,2543
2025-09-03,3.463,3.531,3.451,3.493,3683.0,3.4971,1972
2025-09-04,3.494,3.52,3.464,3.5,3317.0,3.4952,1575
2025-09-05,3.5,3.519,3.435,3.452,3899.0,3.475,1669
2025-09-08,3.474,3.516,3.451,3.487,2694.0,3.4893,1454
2025-09-09,3.478,3.523,3.452,3.512,4376.0,3.4942,2434
2025-09-10,3.506,3.517,3.462,3.497,2269.0,3.4883,1446
2025-09-11,3.503,3.515,3.465,3.48,3412.0,3.4862,2101
2025-09-12,3.467,3.487,3.438,3.444,3231.0,3.4611,1743
2025-09-15,3.464,3.489,3.425,3.485,2951.0,3.4584,1509
2025-09-16,3.431,3.534,3.423,3.524,3110.0,3.5091,1810
2025-09-17,3.534,3.567,3.52,3.544,3825.0,3.5443,2018
2025-09-18,3.53,3.549,3.47,3.483,5113.0,3.4959,2696
2025-09-19,3.477,3.513,3.455,3.464,4430.0,3.4816,2026
2025-09-22,3.461,3.487,3.405,3.408,3321.0,3.4298,1786
2025-09-23,3.401,3.413,3.362,3.398,3492.0,3.3843,2052
2025-09-24,3.4,3.416,3.362,3.4,3330.0,3.3892,2034
2025-09-25,3.422,3.473,3.403,3.45,5623.0,3.4567,3145
2025-09-26,3.463,3.49,3.425,3.473,3217.0,3.4578,1936
2025-09-29,3.445,3.512,3.437,3.501,3954.0,3.4773,2320
2025-09-30,3.504,3.547,3.484,3.49,4391.0,3.5139,2597
2025-10-01,3.514,3.622,3.499,3.612,7118.0,3.5629,3783
2025-10-02,3.61,3.722,3.586,3.655,8774.0,3.664,4630
2025-10-03,3.65,3.683,3.618,3.633,7543.0,3.6401,3739
2025-10-06,3.662,3.722,3.614,3.635,5191.0,3.6492,2664
2025-10-07,3.637,3.724,3.609,3.697,6314.0,3.6714,3238
2025-10-08,3.717,3.722,3.612,3.619,5487.0,3.6486,3105
2025-10-09,3.608,3.632,3.553,3.572,7379.0,3.5787,3894
2025-10-10,3.564,3.564,3.483,3.498,7626.0,3.5105,3879
2025-10-13,3.495,3.52,3.46,3.506,4099.0,3.4869,2493
2025-10-14,3.489,3.492,3.428,3.439,5985.0,3.445,3340
2025-10-15,3.428,3.451,3.397,3.437,5753.0,3.4202,3326
2025-10-16,3.444,3.466,3.382,3.392,5100.0,3.419,3008
2025-10-17,3.389,3.478,3.366,3.474,5761.0,3.4213,3112
2025-10-20,3.536,3.648,3.531,3.641,9630.0,3.6046,5357
2025-10-21,3.625,3.684,3.574,3.667,7772.0,3.6351,4857
2025-10-22,3.648,3.696,3.61,3.626,5983.0,3.6444,3639
2025-10-23,3.626,3.675,3.576,3.6,8221.0,3.6153,5323
2025-10-24,3.572,3.614,3.522,3.574,5267.0,3.5637,3287
2025-10-27,3.639,3.639,3.527,3.597,5353.0,3.5836,3268
2025-10-28,3.575,3.581,3.484,3.508,6935.0,3.5087,3914
2025-10-29,3.509,3.532,3.454,3.504,7289.0,3.4983,3930
2025-10-30,3.488,3.643,3.48,3.573,7391.0,3.5532,3988
2025-10-31,3.649,3.679,3.59,3.661,8125.0,3.6428,4578
2025-11-03,3.68,3.738,3.629,3.733,10009.0,3.6901,5183
2025-11-04,3.721,3.808,3.688,3.763,17703.0,3.7416,8832
2025-11-05,3.745,3.762,3.673,3.686,8045.0,3.7192,4387
2025-11-06,3.683,3.749,3.634,3.712,11120.0,3.7046,5456
2025-11-07,3.74,3.757,3.67,3.705,7790.0,3.7017,4487
2025-11-10,3.774,3.806,3.643,3.692,8797.0,3.7054,4713
2025-11-11,3.71,3.811,3.666,3.801,10653.0,3.7728,5366
2025-11-12,3.781,3.83,3.757,3.806,6001.0,3.7915,3618
2025-11-13,3.818,3.874,3.775,3.835,8662.0,3.8386,4862
2025-11-14,3.813,3.832,3.715,3.785,7259.0,3.7644,4065
2025-11-17,3.759,3.786,3.703,3.734,6074.0,3.7449,3371
2025-11-18,3.711,3.745,3.661,3.702,10849.0,3.696,6730
2025-11-19,3.715,3.807,3.695,3.775,8262.0,3.7689,4653
2025-11-20,3.773,3.827,3.735,3.743,8942.0,3.7787,5249
2025-11-21,3.74,3.799,3.732,3.752,11499.0,3.7619,6080
2025-11-24,3.708,3.721,3.666,3.698,10294.0,3.6909,5545
2025-11-25,3.67,3.685,3.567,3.59,17736.0,3.5897,8675
2025-11-26,3.591,3.662,3.59,3.606,11660.0,3.624,6611
2025-11-28,3.632,3.72,3.583,3.699,7884.0,3.6694,4894
2025-12-01,3.73,3.752,3.666,3.718,14132.0,3.7131,8202
2025-12-02,3.71,3.751,3.69,3.739,13447.0,3.7322,7084
2025-12-03,3.743,3.914,3.736,3.89,24382.0,3.8574,12508
2025-12-04,3.901,3.96,3.85,3.95,24426.0,3.9117,12668
2025-12-05,3.961,4.118,3.95,4.04,32620.0,4.0488,17396
2025-12-08,3.948,3.995,3.711,3.75,20872.0,3.8132,10892
2025-12-09,3.731,3.741,3.61,3.617,22182.0,3.6642,11528
2025-12-10,3.64,3.682,3.566,3.642,16137.0,3.6366,8274
2025-12-11,3.652,3.657,3.508,3.549,31160.0,3.547,14433
2025-12-12,3.548,3.548,3.373,3.379,20373.0,3.4387,11035
2025-12-15,3.41,3.441,3.281,3.307,17234.0,3.3235,9186
2025-12-16,3.338,3.338,3.225,3.243,14795.0,3.2502,8281
2025-12-17,3.287,3.366,3.261,3.316,14910.0,3.323,7914
2025-12-18,3.369,3.403,3.166,3.192,18718.0,3.2763,9894
2025-12-19,3.218,3.218,3.133,3.175,11406.0,3.1716,6176
2025-12-22,3.223,3.26,3.023,3.067,19918.0,3.0863,10301
2025-12-23,3.07,3.277,3.061,3.255,12759.0,3.1796,7639
2025-12-24,3.286,3.307,3.191,3.201,9126.0,3.242,5477
2025-12-26,3.201,3.318,3.201,3.29,7787.0,3.2841,5054
2025-12-29,3.325,3.38,3.275,3.354,16436.0,3.3439,9810
2025-12-30,3.35,3.442,3.319,3.336,12049.0,3.3742,7134
2025-12-31,3.341,3.349,3.148,3.153,13696.0,3.1943,7606
2026-01-02,3.154,3.154,3.043,3.052,11833.0,3.0947,6786
2026-01-05,3.0,3.02,2.83,2.9,57665.0,2.8871,20955
2026-01-06,2.906,2.906,2.804,2.849,16606.0,2.8504,8758
2026-01-07,2.896,2.962,2.885,2.926,16465.0,2.9309,9152
2026-01-08,2.948,2.971,2.828,2.837,17648.0,2.8725,9411
2026-01-09,2.847,2.856,2.604,2.674,35543.0,2.7351,18784
2026-01-12,2.75,2.878,2.7,2.869,30413.0,2.7758,15442
2026-01-13,2.835,2.916,2.793,2.898,18691.0,2.8646,10676
2026-01-14,2.88,2.895,2.657,2.739,29954.0,2.7264,14565
2026-01-15,2.723,2.752,2.627,2.7,19447.0,2.6894,10877
2026-01-16,2.712,2.766,2.658,2.722,16550.0,2.7057,8824
2026-01-20,2.923,3.206,2.867,3.2,64525.0,3.0777,34375
2026-01-21,3.174,3.514,3.1,3.442,65384.0,3.4057,39763
2026-01-22,3.421,3.584,3.339,3.473,53630.0,3.4919,35077
2026-01-23,3.385,3.548,3.37,3.501,49880.0,3.4752,31676
2026-01-26,3.656,3.795,3.508,3.657,73811.0,3.6159,46811
2026-01-27,3.617,3.714,3.462,3.67,58931.0,3.6022,36144
2026-01-28,3.632,3.709,3.501,3.59,49048.0,3.6056,26600
2026-01-29,3.586,3.713,3.572,3.707,46988.0,3.6377,25878
2026-01-30,3.674,4.085,3.63,4.027,93533.0,3.8999,48929
2026-02-02,3.64,3.64,3.089,3.173,140811.0,3.3253,71307
2026-02-03,3.182,3.28,3.099,3.193,46233.0,3.2095,26813
2026-02-04,3.252,3.379,3.182,3.308,41933.0,3.3065,23666
2026-02-05,3.318,3.385,3.21,3.331,55339.0,3.3132,28442
2026-02-06,3.342,3.452,3.202,3.23,44905.0,3.3269,24420
2026-02-09,3.113,3.13,3.025,3.048,45405.0,3.0728,23950
2026-02-10,3.051,3.105,3.0,3.026,38379.0,3.0566,21182
2026-02-11,3.063,3.135,2.975,3.076,37592.0,3.0506,19459
2026-02-12,3.131,3.19,3.065,3.085,44268.0,3.1215,23172
2026-02-13,3.082,3.114,2.998,3.104,35495.0,3.0642,18609
2026-02-17,2.947,3.06,2.888,2.938,59924.0,2.9619,31536
2026-02-18,2.951,2.958,2.868,2.933,57355.0,2.9129,29477
2026-02-19,2.941,3.006,2.91,2.946,63269.0,2.963,32119
2026-02-20,2.919,3.076,2.911,2.984,79701.0,2.9921,40553
2026-02-23,3.15,3.15,2.912,2.921,80401.0,2.9972,38502
2026-02-24,2.918,2.934,2.826,2.831,84743.0,2.8707,40787
2026-02-25,2.836,2.93,2.819,2.868,86668.0,2.8833,38593
2026-02-26,2.891,2.891,2.775,2.827,94388.0,2.809,42184
2026-02-27,2.832,2.894,2.818,2.859,74478.0,2.8581,32325
2026-03-02,2.929,3.07,2.867,2.96,127136.0,2.9698,58660
2026-03-03,2.98,3.188,2.973,3.054,164040.0,3.1075,77606
2026-03-04,3.041,3.076,2.891,2.917,115689.0,2.9534,54397
2026-03-05,2.937,3.046,2.92,3.003,98446.0,2.9742,48748
2026-03-06,3.022,3.28,2.951,3.186,139653.0,3.1403,65505
2026-03-09,3.304,3.494,3.021,3.12,179537.0,3.2455,97099
2026-03-10,3.027,3.147,2.961,3.02,113945.0,3.0454,59597
2026-03-11,3.064,3.228,3.019,3.209,94624.0,3.1399,46249
2026-03-12,3.231,3.292,3.145,3.233,96446.0,3.2239,50197
2026-03-13,3.252,3.317,3.109,3.131,86542.0,3.1721,42541
2026-03-16,3.18,3.18,2.992,3.023,79036.0,3.0655,40548
2026-03-17,3.036,3.097,3.006,3.033,53288.0,3.0485,27007
2026-03-18,3.044,3.211,2.923,3.065,83414.0,3.0538,43807
2026-03-19,3.164,3.27,3.103,3.166,108041.0,3.1932,57459
2026-03-20,3.12,3.169,3.045,3.095,61797.0,3.087,32653
2026-03-23,3.108,3.153,2.875,2.891,75968.0,2.9627,42409
2026-03-24,2.91,2.974,2.876,2.943,26684.0,2.925,16419
2026-03-25,2.9,2.985,2.864,2.952,11446.0,2.9301,6320
2026-03-26,2.984,3.025,2.918,2.999,17540.0,2.9884,9344
2026-03-27,2.97,3.124,2.965,3.095,2161.0,3.0643,951
