date,open,high,low,close,volume,average,barCount
2017-03-14,3.083,3.083,3.083,3.083,0.0,3.083,0
2017-03-15,3.103,3.103,3.103,3.103,0.0,3.103,0
2017-03-16,3.119,3.119,3.119,3.119,0.0,3.119,0
2017-03-17,3.124,3.124,3.124,3.124,0.0,3.124,0
2017-03-20,3.125,3.125,3.125,3.125,0.0,3.125,0
2017-03-21,3.135,3.135,3.135,3.135,0.0,3.135,0
2017-03-22,3.137,3.137,3.137,3.137,0.0,3.137,0
2017-03-23,3.132,3.132,3.132,3.132,0.0,3.132,0
2017-03-24,3.094,3.094,3.094,3.094,0.0,3.094,0
2017-03-27,3.084,3.084,3.084,3.084,0.0,3.084,0
2017-03-28,3.075,3.075,3.075,3.075,0.0,3.075,0
2017-03-29,3.083,3.083,3.083,3.083,0.0,3.083,0
2017-03-30,3.086,3.086,3.086,3.086,0.0,3.086,0
2017-03-31,3.105,3.105,3.105,3.105,0.0,3.105,0
2017-04-03,3.112,3.112,3.112,3.112,0.0,3.112,0
2017-04-04,3.125,3.125,3.125,3.125,0.0,3.125,0
2017-04-05,3.14,3.14,3.14,3.14,0.0,3.14,0
2017-04-06,3.12,3.12,3.12,3.12,0.0,3.12,0
2017-04-07,3.134,3.134,3.134,3.134,0.0,3.134,0
2017-04-10,3.143,3.143,3.143,3.143,0.0,3.143,0
2017-04-11,3.174,3.174,3.174,3.174,0.0,3.174,0
2017-04-12,3.175,3.175,3.175,3.175,0.0,3.175,0
2017-04-13,3.186,3.186,3.186,3.186,0.0,3.186,0
2017-04-17,3.169,3.169,3.169,3.169,0.0,3.169,0
2017-04-18,3.199,3.199,3.199,3.199,0.0,3.199,0
2017-04-19,3.21,3.21,3.21,3.21,0.0,3.21,0
2017-04-20,3.244,3.244,3.244,3.244,0.0,3.244,0
2017-04-21,3.245,3.245,3.245,3.245,0.0,3.245,0
2017-04-24,3.204,3.204,3.204,3.204,0.0,3.204,0
2017-04-25,3.204,3.204,3.204,3.204,0.0,3.204,0
2017-04-26,3.195,3.195,3.195,3.195,0.0,3.195,0
2017-04-27,3.186,3.186,3.186,3.186,0.0,3.186,0
2017-04-28,3.212,3.212,3.212,3.212,0.0,3.212,0
2017-05-01,3.187,3.187,3.187,3.187,0.0,3.187,0
2017-05-02,3.188,3.188,3.188,3.188,0.0,3.188,0
2017-05-03,3.207,3.207,3.207,3.207,0.0,3.207,0
2017-05-04,3.25,3.25,3.25,3.25,0.0,3.25,0
2017-05-05,3.25,3.25,3.25,3.25,0.0,3.25,0
2017-05-08,3.241,3.241,3.241,3.241,0.0,3.241,0
2017-05-09,3.244,3.244,3.244,3.244,0.0,3.244,0
2017-05-10,3.245,3.245,3.245,3.245,0.0,3.245,0
2017-05-11,3.279,3.279,3.279,3.279,0.0,3.279,0
2017-05-12,3.283,3.283,3.283,3.283,0.0,3.283,0
2017-05-15,3.288,3.288,3.288,3.288,0.0,3.288,0
2017-05-16,3.305,3.305,3.305,3.305,0.0,3.305,0
2017-05-17,3.301,3.301,3.301,3.301,0.0,3.301,0
2017-05-18,3.288,3.288,3.288,3.288,0.0,3.288,0
2017-05-19,3.278,3.278,3.278,3.278,0.0,3.278,0
2017-05-22,3.28,3.28,3.28,3.28,0.0,3.28,0
2017-05-23,3.347,3.347,3.347,3.347,0.0,3.347,0
2017-05-24,3.349,3.349,3.349,3.349,0.0,3.349,0
2017-05-25,3.339,3.339,3.339,3.339,0.0,3.339,0
2017-05-26,3.324,3.324,3.324,3.324,0.0,3.324,0
2017-05-30,3.291,3.291,3.291,3.291,0.0,3.291,0
2017-05-31,3.287,3.287,3.287,3.287,0.0,3.287,0
2017-06-01,3.289,3.289,3.289,3.289,0.0,3.289,0
2017-06-02,3.279,3.279,3.279,3.279,0.0,3.279,0
2017-06-05,3.249,3.249,3.249,3.249,0.0,3.249,0
2017-06-06,3.191,3.191,3.191,3.191,0.0,3.191,0
2017-06-07,3.202,3.202,3.202,3.202,0.0,3.202,0
2017-06-08,3.22,3.22,3.22,3.22,0.0,3.22,0
2017-06-09,3.217,3.217,3.217,3.217,0.0,3.217,0
2017-06-12,3.219,3.219,3.219,3.219,0.0,3.219,0
2017-06-13,3.216,3.216,3.216,3.216,0.0,3.216,0
2017-06-14,3.205,3.205,3.205,3.205,0.0,3.205,0
2017-06-15,3.233,3.233,3.233,3.233,0.0,3.233,0
2017-06-16,3.222,3.222,3.222,3.222,0.0,3.222,0
2017-06-19,3.245,3.245,3.245,3.245,0.0,3.245,0
2017-06-20,3.282,3.282,3.282,3.282,0.0,3.282,0
2017-06-21,3.302,3.302,3.302,3.302,0.0,3.302,0
2017-06-22,3.296,3.296,3.296,3.296,0.0,3.296,0
2017-06-23,3.283,3.283,3.283,3.283,0.0,3.283,0
2017-06-26,3.26,3.26,3.26,3.26,0.0,3.26,0
2017-06-27,3.263,3.263,3.263,3.263,0.0,3.263,0
2017-06-28,3.253,3.253,3.253,3.253,0.0,3.253,0
2017-06-29,3.255,3.255,3.255,3.255,0.0,3.255,0
2017-06-30,3.273,3.273,3.273,3.273,0.0,3.273,0
2017-07-03,3.28,3.28,3.28,3.28,0.0,3.28,0
2017-07-05,3.265,3.265,3.265,3.265,0.0,3.265,0
2017-07-06,3.215,3.215,3.215,3.215,0.0,3.215,0
2017-07-07,3.21,3.21,3.21,3.21,0.0,3.21,0
2017-07-10,3.197,3.197,3.197,3.197,0.0,3.197,0
2017-07-11,3.194,3.194,3.194,3.194,0.0,3.194,0
2017-07-12,3.18,3.18,3.18,3.18,0.0,3.18,0
2017-07-13,3.193,3.193,3.193,3.193,0.0,3.193,0
2017-07-14,3.196,3.196,3.196,3.196,0.0,3.196,0
2017-07-17,3.189,3.189,3.189,3.189,0.0,3.189,0
2017-07-18,3.184,3.184,3.184,3.184,0.0,3.184,0
2017-07-19,3.169,3.169,3.169,3.169,0.0,3.169,0
2017-07-20,3.15,3.15,3.15,3.15,0.0,3.15,0
2017-07-21,3.153,3.153,3.153,3.153,0.0,3.153,0
2017-07-24,3.131,3.131,3.131,3.131,0.0,3.131,0
2017-07-25,3.107,3.107,3.107,3.107,0.0,3.107,0
2017-07-26,3.102,3.102,3.102,3.102,0.0,3.102,0
2017-07-27,3.103,3.103,3.103,3.103,0.0,3.103,0
2017-07-28,3.118,3.118,3.118,3.118,0.0,3.118,0
2017-07-31,3.094,3.094,3.094,3.094,0.0,3.094,0
2017-08-01,3.116,3.116,3.116,3.116,0.0,3.116,0
2017-08-02,3.125,3.125,3.125,3.125,0.0,3.125,0
2017-08-03,3.148,3.148,3.148,3.148,0.0,3.148,0
2017-08-04,3.158,3.158,3.158,3.158,0.0,3.158,0
2017-08-07,3.157,3.157,3.157,3.157,0.0,3.157,0
2017-08-08,3.139,3.139,3.139,3.139,0.0,3.139,0
2017-08-09,3.133,3.133,3.133,3.133,0.0,3.133,0
2017-08-10,3.13,3.13,3.13,3.13,0.0,3.13,0
2017-08-11,3.134,3.134,3.134,3.134,0.0,3.134,0
2017-08-14,3.13,3.13,3.13,3.13,0.0,3.13,0
2017-08-15,3.128,3.128,3.128,3.128,0.0,3.128,0
2017-08-16,3.118,3.118,3.118,3.118,0.0,3.118,0
2017-08-17,3.116,3.116,3.116,3.116,0.0,3.116,0
2017-08-18,3.116,3.116,3.116,3.116,0.0,3.116,0
2017-08-21,3.106,3.106,3.106,3.106,0.0,3.106,0
2017-08-22,3.098,3.098,3.098,3.098,0.0,3.098,0
2017-08-23,3.095,3.095,3.095,3.095,0.0,3.095,0
2017-08-24,3.045,3.045,3.045,3.045,0.0,3.045,0
2017-08-25,3.032,3.032,3.032,3.032,0.0,3.032,0
2017-08-28,3.045,3.045,3.045,3.045,0.0,3.045,0
2017-08-29,3.047,3.047,3.047,3.047,0.0,3.047,0
2017-08-30,3.065,3.065,3.065,3.065,0.0,3.065,0
2017-08-31,3.073,3.073,3.073,3.073,0.0,3.073,0
2017-09-01,3.074,3.074,3.074,3.074,0.0,3.074,0
2017-09-05,3.07,3.07,3.07,3.07,0.0,3.07,0
2017-09-06,3.031,3.031,3.031,3.031,0.0,3.031,0
2017-09-07,3.065,3.065,3.065,3.065,0.0,3.065,0
2017-09-08,3.069,3.069,3.069,3.069,0.0,3.069,0
2017-09-11,3.08,3.08,3.08,3.08,0.0,3.08,0
2017-09-12,3.057,3.057,3.057,3.057,0.0,3.057,0
2017-09-13,3.043,3.043,3.043,3.043,0.0,3.043,0
2017-09-14,3.03,3.03,3.03,3.03,0.0,3.03,0
2017-09-15,3.035,3.035,3.035,3.035,0.0,3.035,0
2017-09-18,3.03,3.03,3.03,3.03,0.0,3.03,0
2017-09-19,3.02,3.02,3.02,3.02,0.0,3.02,0
2017-09-20,3.01,3.01,3.01,3.01,0.0,3.01,0
2017-09-21,3.001,3.001,3.001,3.001,0.0,3.001,0
2017-09-22,3.015,3.015,3.015,3.015,0.0,3.015,0
2017-09-25,2.998,2.998,2.998,2.998,0.0,2.998,0
2017-09-26,3.008,3.008,3.008,3.008,0.0,3.008,0
2017-09-27,3.019,3.019,3.019,3.019,0.0,3.019,0
2017-09-28,3.018,3.018,3.018,3.018,0.0,3.018,0
2017-09-29,3.015,3.015,3.015,3.015,0.0,3.015,0
2017-10-02,3.028,3.028,3.028,3.028,0.0,3.028,0
2017-10-03,3.037,3.037,3.037,3.037,0.0,3.037,0
2017-10-04,3.036,3.036,3.036,3.036,0.0,3.036,0
2017-10-05,3.045,3.045,3.045,3.045,0.0,3.045,0
2017-10-06,3.037,3.037,3.037,3.037,0.0,3.037,0
2017-10-09,3.047,3.047,3.047,3.047,0.0,3.047,0
2017-10-10,3.037,3.037,3.037,3.037,0.0,3.037,0
2017-10-11,3.048,3.048,3.048,3.048,0.0,3.048,0
2017-10-12,3.092,3.092,3.092,3.092,0.0,3.092,0
2017-10-13,3.093,3.093,3.093,3.093,0.0,3.093,0
2017-10-16,3.121,3.121,3.121,3.121,0.0,3.121,0
2017-10-17,3.168,3.168,3.168,3.168,0.0,3.168,0
2017-10-18,3.172,3.172,3.172,3.172,0.0,3.172,0
2017-10-19,3.194,3.194,3.194,3.194,0.0,3.194,0
2017-10-20,3.234,3.234,3.234,3.234,0.0,3.234,0
2017-10-23,3.214,3.214,3.214,3.214,0.0,3.214,0
2017-10-24,3.213,3.213,3.213,3.213,0.0,3.213,0
2017-10-25,3.214,3.214,3.214,3.214,0.0,3.214,0
2017-10-26,3.207,3.207,3.207,3.207,0.0,3.207,0
2017-10-27,3.187,3.187,3.187,3.187,0.0,3.187,0
2017-10-30,3.222,3.222,3.222,3.222,0.0,3.222,0
2017-10-31,3.233,3.233,3.233,3.233,0.0,3.233,0
2017-11-01,3.243,3.243,3.243,3.243,0.0,3.243,0
2017-11-02,3.225,3.225,3.225,3.225,0.0,3.225,0
2017-11-03,3.222,3.222,3.222,3.222,0.0,3.222,0
2017-11-06,3.217,3.217,3.217,3.217,0.0,3.217,0
2017-11-07,3.216,3.216,3.216,3.216,0.0,3.216,0
2017-11-08,3.214,3.214,3.214,3.214,0.0,3.214,0
2017-11-09,3.224,3.224,3.224,3.224,0.0,3.224,0
2017-11-10,3.219,3.219,3.219,3.219,0.0,3.219,0
2017-11-13,3.205,3.205,3.205,3.205,0.0,3.205,0
2017-11-14,3.2,3.2,3.2,3.2,0.0,3.2,0
2017-11-15,3.192,3.192,3.192,3.192,0.0,3.192,0
2017-11-16,3.196,3.196,3.196,3.196,0.0,3.196,0
2017-11-17,3.19,3.19,3.19,3.19,0.0,3.19,0
2017-11-20,3.183,3.183,3.183,3.183,0.0,3.183,0
2017-11-21,3.181,3.181,3.181,3.181,0.0,3.181,0
2017-11-22,3.168,3.168,3.168,3.168,0.0,3.168,0
2017-11-24,3.171,3.171,3.171,3.171,0.0,3.171,0
2017-11-27,3.174,3.174,3.174,3.174,0.0,3.174,0
2017-11-28,3.179,3.179,3.179,3.179,0.0,3.179,0
2017-11-29,3.18,3.18,3.18,3.18,0.0,3.18,0
2017-11-30,3.182,3.182,3.182,3.182,0.0,3.182,0
2017-12-01,3.138,3.138,3.138,3.138,0.0,3.138,0
2017-12-04,3.131,3.131,3.131,3.131,0.0,3.131,0
2017-12-05,3.12,3.12,3.12,3.12,0.0,3.12,0
2017-12-06,3.102,3.102,3.102,3.102,0.0,3.102,0
2017-12-07,3.108,3.108,3.108,3.108,0.0,3.108,0
2017-12-08,3.103,3.103,3.103,3.103,0.0,3.103,0
2017-12-11,3.096,3.096,3.096,3.096,0.0,3.096,0
2017-12-12,3.109,3.109,3.109,3.109,0.0,3.109,0
2017-12-13,3.125,3.125,3.125,3.125,0.0,3.125,0
2017-12-14,3.136,3.136,3.136,3.136,0.0,3.136,0
2017-12-15,3.144,3.144,3.144,3.144,0.0,3.144,0
2017-12-18,3.164,3.164,3.164,3.164,0.0,3.164,0
2017-12-19,3.166,3.166,3.166,3.166,0.0,3.166,0
2017-12-20,3.152,3.152,3.152,3.152,0.0,3.152,0
2017-12-21,3.169,3.169,3.169,3.169,0.0,3.169,0
2017-12-22,3.192,3.192,3.192,3.192,0.0,3.192,0
2017-12-26,3.193,3.193,3.193,3.193,0.0,3.193,0
2017-12-27,3.166,3.166,3.166,3.166,0.0,3.166,0
2017-12-28,3.093,3.093,3.093,3.093,0.0,3.093,0
2017-12-29,3.064,3.064,3.064,3.064,0.0,3.064,0
2018-01-02,3.057,3.057,3.057,3.057,0.0,3.057,0
2018-01-03,3.058,3.058,3.058,3.058,0.0,3.058,0
2018-01-04,3.09,3.09,3.09,3.09,0.0,3.09,0
2018-01-05,3.084,3.084,3.084,3.084,0.0,3.084,0
2018-01-08,3.079,3.079,3.079,3.079,0.0,3.079,0
2018-01-09,3.064,3.064,3.064,3.064,0.0,3.064,0
2018-01-10,3.057,3.057,3.057,3.057,0.0,3.057,0
2018-01-11,3.074,3.074,3.074,3.074,0.0,3.074,0
2018-01-12,3.061,3.061,3.061,3.061,0.0,3.061,0
2018-01-16,3.024,3.024,3.024,3.024,0.0,3.024,0
2018-01-17,3.018,3.018,3.018,3.018,0.0,3.018,0
2018-01-18,3.016,3.016,3.016,3.016,0.0,3.016,0
2018-01-19,3.026,3.026,3.026,3.026,0.0,3.026,0
2018-01-22,3.045,3.045,3.045,3.045,0.0,3.045,0
2018-01-23,3.057,3.057,3.057,3.057,0.0,3.057,0
2018-01-24,3.071,3.071,3.071,3.071,0.0,3.071,0
2018-01-25,3.095,3.095,3.095,3.095,0.0,3.095,0
2018-01-26,3.061,3.061,3.061,3.061,0.0,3.061,0
2018-01-29,3.063,3.063,3.063,3.063,0.0,3.063,0
2018-01-30,3.08,3.08,3.08,3.08,0.0,3.08,0
2018-01-31,3.042,3.042,3.042,3.042,0.0,3.042,0
2018-02-01,3.038,3.038,3.038,3.038,0.0,3.038,0
2018-02-02,3.063,3.063,3.063,3.063,0.0,3.063,0
2018-02-05,3.085,3.085,3.085,3.085,0.0,3.085,0
2018-02-06,3.069,3.069,3.069,3.069,0.0,3.069,0
2018-02-07,3.047,3.047,3.047,3.047,0.0,3.047,0
2018-02-08,3.06,3.06,3.06,3.06,0.0,3.06,0
2018-02-09,3.029,3.029,3.029,3.029,0.0,3.029,0
2018-02-12,3.019,3.019,3.019,3.019,0.0,3.019,0
2018-02-13,3.004,3.004,3.004,3.004,0.0,3.004,0
2018-02-14,3.009,3.009,3.009,3.009,0.0,3.009,0
2018-02-15,3.014,3.014,3.014,3.014,0.0,3.014,0
2018-02-16,3.027,3.027,3.027,3.027,0.0,3.027,0
2018-02-20,3.03,3.03,3.03,3.03,0.0,3.03,0
2018-02-21,3.048,3.048,3.048,3.048,0.0,3.048,0
2018-02-22,3.06,3.06,3.06,3.06,0.0,3.06,0
2018-02-23,3.052,3.052,3.052,3.052,0.0,3.052,0
2018-02-26,3.048,3.048,3.048,3.048,0.0,3.048,0
2018-02-27,3.051,3.051,3.051,3.051,0.0,3.051,0
2018-02-28,3.026,3.026,3.026,3.026,0.0,3.026,0
2018-03-01,3.065,3.065,3.065,3.065,0.0,3.065,0
2018-03-02,3.082,3.082,3.082,3.082,0.0,3.082,0
2018-03-05,3.1,3.1,3.1,3.1,0.0,3.1,0
2018-03-06,3.097,3.097,3.097,3.097,0.0,3.097,0
2018-03-07,3.09,3.09,3.09,3.09,0.0,3.09,0
2018-03-08,3.052,3.052,3.052,3.052,0.0,3.052,0
2018-03-09,3.013,3.013,3.013,3.013,0.0,3.013,0
2018-03-12,3.019,3.019,3.019,3.019,0.0,3.019,0
2018-03-13,3.026,3.026,3.026,3.026,0.0,3.026,0
2018-03-14,3.046,3.046,3.046,3.046,0.0,3.046,0
2018-03-15,3.104,3.104,3.104,3.104,0.0,3.104,0
2018-03-16,3.114,3.114,3.114,3.114,0.0,3.114,0
2018-03-19,3.104,3.104,3.104,3.104,0.0,3.104,0
2018-03-20,3.109,3.109,3.109,3.109,0.0,3.109,0
2018-03-21,3.117,3.117,3.117,3.117,0.0,3.117,0
2018-03-22,3.105,3.105,3.105,3.105,0.0,3.105,0
2018-03-23,3.027,3.027,3.027,3.027,0.0,3.027,0
2018-03-26,3.055,3.055,3.055,3.055,0.0,3.055,0
2018-03-27,3.059,3.059,3.059,3.059,0.0,3.059,0
2018-03-28,3.088,3.088,3.088,3.088,0.0,3.088,0
2018-03-29,3.126,3.126,3.126,3.126,0.0,3.126,0
2018-04-02,3.108,3.108,3.108,3.108,0.0,3.108,0
2018-04-03,3.086,3.086,3.086,3.086,0.0,3.086,0
2018-04-04,3.06,3.06,3.06,3.06,0.0,3.06,0
2018-04-05,3.076,3.076,3.076,3.076,0.0,3.076,0
2018-04-06,3.07,3.07,3.07,3.07,0.0,3.07,0
2018-04-09,3.054,3.054,3.054,3.054,0.0,3.054,0
2018-04-10,3.063,3.063,3.063,3.063,0.0,3.063,0
2018-04-11,3.071,3.071,3.071,3.071,0.0,3.071,0
2018-04-12,3.094,3.094,3.094,3.094,0.0,3.094,0
2018-04-13,3.087,3.087,3.087,3.087,0.0,3.087,0
2018-04-16,3.089,3.089,3.089,3.089,0.0,3.089,0
2018-04-17,3.051,3.051,3.051,3.051,0.0,3.051,0
2018-04-18,3.052,3.052,3.052,3.052,0.0,3.052,0
2018-04-19,3.054,3.054,3.054,3.054,0.0,3.054,0
2018-04-20,3.062,3.062,3.062,3.062,0.0,3.062,0
2018-04-23,3.063,3.063,3.063,3.063,0.0,3.063,0
2018-04-24,3.061,3.061,3.061,3.061,0.0,3.061,0
2018-04-25,3.05,3.05,3.05,3.05,0.0,3.05,0
2018-04-26,3.04,3.04,3.04,3.04,0.0,3.04,0
2018-04-27,3.042,3.042,3.042,3.042,0.0,3.042,0
2018-04-30,3.034,3.034,3.034,3.034,0.0,3.034,0
2018-05-01,3.014,3.014,3.014,3.014,0.0,3.014,0
2018-05-02,3.042,3.042,3.042,3.042,0.0,3.042,0
2018-05-03,3.052,3.052,3.052,3.052,0.0,3.052,0
2018-05-04,3.05,3.05,3.05,3.05,0.0,3.05,0
2018-05-07,3.048,3.048,3.048,3.048,0.0,3.048,0
2018-05-08,3.003,3.003,3.003,3.003,0.0,3.003,0
2018-05-09,2.989,2.989,2.989,2.989,0.0,2.989,0
2018-05-10,2.985,2.985,2.985,2.985,0.0,2.985,0
2018-05-11,2.988,2.988,2.988,2.988,0.0,2.988,0
2018-05-14,2.98,2.98,2.98,2.98,0.0,2.98,0
2018-05-15,3.018,3.018,3.018,3.018,0.0,3.018,0
2018-05-16,2.992,2.992,2.992,2.992,0.0,2.992,0
2018-05-17,2.999,2.999,2.999,2.999,0.0,2.999,0
2018-05-18,3.014,3.014,3.014,3.014,0.0,3.014,0
2018-05-21,3.009,3.009,3.009,3.009,0.0,3.009,0
2018-05-22,2.968,2.968,2.968,2.968,0.0,2.968,0
2018-05-23,2.945,2.945,2.945,2.945,0.0,2.945,0
2018-05-24,2.939,2.939,2.939,2.939,0.0,2.939,0
2018-05-25,2.911,2.911,2.911,2.911,0.0,2.911,0
2018-05-29,2.891,2.891,2.891,2.891,0.0,2.891,0
2018-05-30,2.902,2.902,2.902,2.902,0.0,2.902,0
2018-05-31,2.89,2.89,2.89,2.89,0.0,2.89,0
2018-06-01,2.88,2.88,2.88,2.88,0.0,2.88,0
2018-06-04,2.893,2.893,2.893,2.893,0.0,2.893,0
2018-06-05,2.908,2.908,2.908,2.908,0.0,2.908,0
2018-06-06,2.903,2.903,2.903,2.903,0.0,2.903,0
2018-06-07,2.901,2.901,2.901,2.901,0.0,2.901,0
2018-06-08,2.904,2.904,2.904,2.904,0.0,2.904,0
2018-06-11,2.903,2.903,2.903,2.903,0.0,2.903,0
2018-06-12,2.937,2.937,2.937,2.937,0.0,2.937,0
2018-06-13,2.948,2.948,2.948,2.948,0.0,2.948,0
2018-06-14,2.964,2.964,2.964,2.964,0.0,2.964,0
2018-06-15,2.969,2.969,2.969,2.969,0.0,2.969,0
2018-06-18,3.005,3.005,3.005,3.005,0.0,3.005,0
2018-06-19,3.007,3.007,3.007,3.007,0.0,3.007,0
2018-06-20,3.006,3.006,3.006,3.006,0.0,3.006,0
2018-06-21,2.987,2.987,2.987,2.987,0.0,2.987,0
2018-06-22,2.989,2.989,2.989,2.989,0.0,2.989,0
2018-06-25,2.985,2.985,2.985,2.985,0.0,2.985,0
2018-06-26,2.982,2.982,2.982,2.982,0.0,2.982,0
2018-06-27,2.985,2.985,2.985,2.985,0.0,2.985,0
2018-06-28,2.964,2.964,2.964,2.964,0.0,2.964,0
2018-06-29,2.961,2.961,2.961,2.961,0.0,2.961,0
2018-07-02,2.952,2.952,2.952,2.952,0.0,2.952,0
2018-07-03,2.949,2.949,2.949,2.949,0.0,2.949,0
2018-07-05,2.951,2.951,2.951,2.951,0.0,2.951,0
2018-07-06,2.95,2.95,2.95,2.95,0.0,2.95,0
2018-07-09,2.941,2.941,2.941,2.941,0.0,2.941,0
2018-07-10,2.945,2.945,2.945,2.945,0.0,2.945,0
2018-07-11,2.923,2.923,2.923,2.923,0.0,2.923,0
2018-07-12,2.921,2.921,2.921,2.921,0.0,2.921,0
2018-07-13,2.916,2.916,2.916,2.916,0.0,2.916,0
2018-07-16,2.889,2.889,2.889,2.889,0.0,2.889,0
2018-07-17,2.874,2.874,2.874,2.874,0.0,2.874,0
2018-07-18,2.88,2.88,2.88,2.88,0.0,2.88,0
2018-07-19,2.872,2.872,2.872,2.872,0.0,2.872,0
2018-07-20,2.878,2.878,2.878,2.878,0.0,2.878,0
2018-07-23,2.887,2.887,2.887,2.887,0.0,2.887,0
2018-07-24,2.888,2.888,2.888,2.888,0.0,2.888,0
2018-07-25,2.918,2.918,2.918,2.918,0.0,2.918,0
2018-07-26,2.914,2.914,2.914,2.914,0.0,2.914,0
2018-07-27,2.931,2.931,2.931,2.931,0.0,2.931,0
2018-07-30,2.935,2.935,2.935,2.935,0.0,2.935,0
2018-07-31,2.938,2.938,2.938,2.938,0.0,2.938,0
2018-08-01,2.908,2.908,2.908,2.908,0.0,2.908,0
2018-08-02,2.912,2.912,2.912,2.912,0.0,2.912,0
2018-08-03,2.912,2.912,2.912,2.912,0.0,2.912,0
2018-08-06,2.9,2.9,2.9,2.9,0.0,2.9,0
2018-08-07,2.96,2.96,2.96,2.96,0.0,2.96,0
2018-08-08,2.973,2.973,2.973,2.973,0.0,2.973,0
2018-08-09,2.973,2.973,2.973,2.973,0.0,2.973,0
2018-08-10,2.97,2.97,2.97,2.97,0.0,2.97,0
2018-08-13,2.971,2.971,2.971,2.971,0.0,2.971,0
2018-08-14,2.97,2.97,2.97,2.97,0.0,2.97,0
2018-08-15,2.971,2.971,2.971,2.971,0.0,2.971,0
2018-08-16,2.961,2.961,2.961,2.961,0.0,2.961,0
2018-08-17,2.963,2.963,2.963,2.963,0.0,2.963,0
2018-08-20,2.962,2.962,2.962,2.962,0.0,2.962,0
2018-08-21,2.978,2.978,2.978,2.978,0.0,2.978,0
2018-08-22,2.965,2.965,2.965,2.965,0.0,2.965,0
2018-08-23,2.964,2.964,2.964,2.964,0.0,2.964,0
2018-08-24,2.951,2.951,2.951,2.951,0.0,2.951,0
2018-08-27,2.921,2.921,2.921,2.921,0.0,2.921,0
2018-08-28,2.897,2.897,2.897,2.897,0.0,2.897,0
2018-08-29,2.901,2.901,2.901,2.901,0.0,2.901,0
2018-08-30,2.882,2.882,2.882,2.882,0.0,2.882,0
2018-08-31,2.896,2.896,2.896,2.896,0.0,2.896,0
2018-09-04,2.885,2.885,2.885,2.885,0.0,2.885,0
2018-09-05,2.89,2.89,2.89,2.89,0.0,2.89,0
2018-09-06,2.909,2.909,2.909,2.909,0.0,2.909,0
2018-09-07,2.908,2.908,2.908,2.908,0.0,2.908,0
2018-09-10,2.911,2.911,2.911,2.911,0.0,2.911,0
2018-09-11,2.908,2.908,2.908,2.908,0.0,2.908,0
2018-09-12,2.918,2.918,2.918,2.918,0.0,2.918,0
2018-09-13,2.934,2.934,2.934,2.934,0.0,2.934,0
2018-09-14,2.943,2.943,2.943,2.943,0.0,2.943,0
2018-09-17,2.947,2.947,2.947,2.947,0.0,2.947,0
2018-09-18,2.957,2.957,2.957,2.957,0.0,2.957,0
2018-09-19,2.959,2.959,2.959,2.959,0.0,2.959,0
2018-09-20,2.963,2.963,2.963,2.963,0.0,2.963,0
2018-09-21,2.961,2.961,2.961,2.961,0.0,2.961,0
2018-09-24,2.959,2.959,2.959,2.959,0.0,2.959,0
2018-09-25,2.962,2.962,2.962,2.962,0.0,2.962,0
2018-09-26,2.971,2.971,2.971,2.971,0.0,2.971,0
2018-09-27,2.972,2.972,2.972,2.972,0.0,2.972,0
2018-09-28,2.973,2.973,2.973,2.973,0.0,2.973,0
2018-10-01,2.978,2.978,2.978,2.978,0.0,2.978,0
2018-10-02,2.976,2.976,2.976,2.976,0.0,2.976,0
2018-10-03,2.975,2.975,2.975,2.975,0.0,2.975,0
2018-10-04,2.976,2.976,2.976,2.976,0.0,2.976,0
2018-10-05,2.979,2.979,2.979,2.979,0.0,2.979,0
2018-10-08,2.984,2.984,2.984,2.984,0.0,2.984,0
2018-10-09,2.979,2.979,2.979,2.979,0.0,2.979,0
2018-10-10,2.975,2.975,2.975,2.975,0.0,2.975,0
2018-10-11,3.0,3.0,3.0,3.0,0.0,3.0,0
2018-10-12,3.02,3.02,3.02,3.02,0.0,3.02,0
2018-10-15,3.019,3.019,3.019,3.019,0.0,3.019,0
2018-10-16,3.039,3.039,3.039,3.039,0.0,3.039,0
2018-10-17,3.034,3.034,3.034,3.034,0.0,3.034,0
2018-10-18,3.033,3.033,3.033,3.033,0.0,3.033,0
2018-10-19,3.03,3.03,3.03,3.03,0.0,3.03,0
2018-10-22,3.031,3.031,3.031,3.031,0.0,3.031,0
2018-10-23,3.03,3.03,3.03,3.03,0.0,3.03,0
2018-10-24,3.027,3.027,3.027,3.027,0.0,3.027,0
2018-10-25,3.017,3.017,3.017,3.017,0.0,3.017,0
2018-10-26,3.019,3.019,3.019,3.019,0.0,3.019,0
2018-10-29,3.02,3.02,3.02,3.02,0.0,3.02,0
2018-10-30,3.038,3.038,3.038,3.038,0.0,3.038,0
2018-10-31,3.037,3.037,3.037,3.037,0.0,3.037,0
2018-11-01,3.049,3.049,3.049,3.049,0.0,3.049,0
2018-11-02,3.056,3.056,3.056,3.056,0.0,3.056,0
2018-11-05,3.07,3.07,3.07,3.07,0.0,3.07,0
2018-11-06,3.086,3.086,3.086,3.086,0.0,3.086,0
2018-11-07,3.084,3.084,3.084,3.084,0.0,3.084,0
2018-11-08,3.085,3.085,3.085,3.085,0.0,3.085,0
2018-11-09,3.088,3.088,3.088,3.088,0.0,3.088,0
2018-11-12,3.111,3.111,3.111,3.111,0.0,3.111,0
2018-11-13,3.09,3.09,3.09,3.09,0.0,3.09,0
2018-11-14,3.074,3.074,3.074,3.074,0.0,3.074,0
2018-11-15,3.089,3.089,3.089,3.089,0.0,3.089,0
2018-11-16,3.06,3.06,3.06,3.06,0.0,3.06,0
2018-11-19,3.047,3.047,3.047,3.047,0.0,3.047,0
2018-11-20,3.045,3.045,3.045,3.045,0.0,3.045,0
2018-11-21,3.043,3.043,3.043,3.043,0.0,3.043,0
2018-11-23,3.068,3.068,3.068,3.068,0.0,3.068,0
2018-11-26,3.061,3.061,3.061,3.061,0.0,3.061,0
2018-11-27,3.057,3.057,3.057,3.057,0.0,3.057,0
2018-11-28,3.058,3.058,3.058,3.058,0.0,3.058,0
2018-11-29,3.088,3.088,3.088,3.088,0.0,3.088,0
2018-11-30,3.144,3.144,3.144,3.144,0.0,3.144,0
2018-12-03,3.116,3.116,3.116,3.116,0.0,3.116,0
2018-12-04,3.102,3.102,3.102,3.102,0.0,3.102,0
2018-12-05,3.093,3.093,3.093,3.093,0.0,3.093,0
2018-12-06,3.104,3.104,3.104,3.104,0.0,3.104,0
2018-12-07,3.111,3.111,3.111,3.111,0.0,3.111,0
2018-12-10,3.112,3.112,3.112,3.112,0.0,3.112,0
2018-12-11,3.087,3.087,3.087,3.087,0.0,3.087,0
2018-12-12,3.089,3.089,3.089,3.089,0.0,3.089,0
2018-12-13,3.057,3.057,3.057,3.057,0.0,3.057,0
2018-12-14,3.067,3.067,3.067,3.067,0.0,3.067,0
2018-12-17,3.066,3.066,3.066,3.066,0.0,3.066,0
2018-12-18,3.061,3.061,3.061,3.061,0.0,3.061,0
2018-12-19,3.084,3.084,3.084,3.084,0.0,3.084,0
2018-12-20,3.099,3.099,3.099,3.099,0.0,3.099,0
2018-12-21,3.102,3.102,3.102,3.102,0.0,3.102,0
2018-12-24,3.101,3.101,3.101,3.101,0.0,3.101,0
2018-12-26,3.098,3.098,3.098,3.098,0.0,3.098,0
2018-12-27,3.096,3.096,3.096,3.096,0.0,3.096,0
2018-12-28,3.096,3.096,3.096,3.096,0.0,3.096,0
2018-12-31,3.105,3.105,3.105,3.105,0.0,3.105,0
2019-01-02,3.105,3.105,3.105,3.105,0.0,3.105,0
2019-01-03,3.094,3.094,3.094,3.094,0.0,3.094,0
2019-01-04,3.094,3.094,3.094,3.094,0.0,3.094,0
2019-01-07,3.096,3.096,3.096,3.096,0.0,3.096,0
2019-01-08,3.091,3.091,3.091,3.091,0.0,3.091,0
2019-01-09,3.091,3.091,3.091,3.091,0.0,3.091,0
2019-01-10,3.091,3.091,3.091,3.091,0.0,3.091,0
2019-01-11,3.098,3.098,3.098,3.098,0.0,3.098,0
2019-01-14,3.097,3.097,3.097,3.097,0.0,3.097,0
2019-01-15,3.089,3.089,3.089,3.089,0.0,3.089,0
2019-01-16,3.058,3.058,3.058,3.058,0.0,3.058,0
2019-01-17,3.058,3.058,3.058,3.058,0.0,3.058,0
2019-01-18,3.071,3.071,3.071,3.071,0.0,3.071,0
2019-01-22,3.084,3.084,3.084,3.084,0.0,3.084,0
2019-01-23,3.08,3.08,3.08,3.08,0.0,3.08,0
2019-01-24,3.059,3.059,3.059,3.059,0.0,3.059,0
2019-01-25,3.104,3.104,3.104,3.104,0.0,3.104,0
2019-01-28,3.088,3.088,3.088,3.088,0.0,3.088,0
2019-01-29,3.091,3.091,3.091,3.091,0.0,3.091,0
2019-01-30,3.093,3.093,3.093,3.093,0.0,3.093,0
2019-01-31,3.094,3.094,3.094,3.094,0.0,3.094,0
2019-02-01,3.095,3.095,3.095,3.095,0.0,3.095,0
2019-02-04,3.082,3.082,3.082,3.082,0.0,3.082,0
2019-02-05,3.13,3.13,3.13,3.13,0.0,3.13,0
2019-02-06,3.127,3.127,3.127,3.127,0.0,3.127,0
2019-02-07,3.123,3.123,3.123,3.123,0.0,3.123,0
2019-02-08,3.125,3.125,3.125,3.125,0.0,3.125,0
2019-02-11,3.13,3.13,3.13,3.13,0.0,3.13,0
2019-02-12,3.138,3.138,3.138,3.138,0.0,3.138,0
2019-02-13,3.136,3.136,3.136,3.136,0.0,3.136,0
2019-02-14,3.143,3.143,3.143,3.143,0.0,3.143,0
2019-02-15,3.123,3.123,3.123,3.123,0.0,3.123,0
2019-02-19,3.114,3.114,3.114,3.114,0.0,3.114,0
2019-02-20,3.126,3.126,3.126,3.126,0.0,3.126,0
2019-02-21,3.113,3.113,3.113,3.113,0.0,3.113,0
2019-02-22,3.11,3.11,3.11,3.11,0.0,3.11,0
2019-02-25,3.102,3.102,3.102,3.102,0.0,3.102,0
2019-02-26,3.084,3.084,3.084,3.084,0.0,3.084,0
2019-02-27,3.12,3.12,3.12,3.12,0.0,3.12,0
2019-02-28,3.131,3.131,3.131,3.131,0.0,3.131,0
2019-03-01,3.13,3.13,3.13,3.13,0.0,3.13,0
2019-03-04,3.126,3.126,3.126,3.126,0.0,3.126,0
2019-03-05,3.124,3.124,3.124,3.124,0.0,3.124,0
2019-03-06,3.127,3.127,3.127,3.127,0.0,3.127,0
2019-03-07,3.132,3.132,3.132,3.132,0.0,3.132,0
2019-03-08,3.132,3.132,3.132,3.132,0.0,3.132,0
2019-03-11,3.159,3.159,3.159,3.159,0.0,3.159,0
2019-03-12,3.174,3.174,3.174,3.174,0.0,3.174,0
2019-03-13,3.183,3.183,3.183,3.183,0.0,3.183,0
2019-03-14,3.191,3.191,3.191,3.191,0.0,3.191,0
2019-03-15,3.192,3.192,3.192,3.192,0.0,3.192,0
2019-03-18,3.191,3.191,3.191,3.191,0.0,3.191,0
2019-03-19,3.192,3.192,3.192,3.192,0.0,3.192,0
2019-03-20,3.19,3.19,3.19,3.19,0.0,3.19,0
2019-03-21,3.2,3.2,3.2,3.2,0.0,3.2,0
2019-03-22,3.19,3.19,3.19,3.19,0.0,3.19,0
2019-03-25,3.189,3.189,3.189,3.189,0.0,3.189,0
2019-03-26,3.191,3.191,3.191,3.191,0.0,3.191,0
2019-03-27,3.182,3.182,3.182,3.182,0.0,3.182,0
2019-03-28,3.185,3.185,3.185,3.185,0.0,3.185,0
2019-03-29,3.184,3.184,3.184,3.184,0.0,3.184,0
2019-04-01,3.183,3.183,3.183,3.183,0.0,3.183,0
2019-04-02,3.19,3.19,3.19,3.19,0.0,3.19,0
2019-04-03,3.197,3.197,3.197,3.197,0.0,3.197,0
2019-04-04,3.228,3.228,3.228,3.228,0.0,3.228,0
2019-04-05,3.196,3.196,3.196,3.196,0.0,3.196,0
2019-04-08,3.199,3.199,3.199,3.199,0.0,3.199,0
2019-04-09,3.206,3.206,3.206,3.206,0.0,3.206,0
2019-04-10,3.184,3.184,3.184,3.184,0.0,3.184,0
2019-04-11,3.182,3.182,3.182,3.182,0.0,3.182,0
2019-04-12,3.182,3.182,3.182,3.182,0.0,3.182,0
2019-04-15,3.182,3.182,3.182,3.182,0.0,3.182,0
2019-04-16,3.183,3.183,3.183,3.183,0.0,3.183,0
2019-04-17,3.173,3.173,3.173,3.173,0.0,3.173,0
2019-04-18,3.158,3.158,3.158,3.158,0.0,3.158,0
2019-04-22,3.146,3.146,3.146,3.146,0.0,3.146,0
2019-04-23,3.141,3.141,3.141,3.141,0.0,3.141,0
2019-04-24,3.151,3.151,3.151,3.151,0.0,3.151,0
2019-04-25,3.161,3.161,3.161,3.161,0.0,3.161,0
2019-04-26,3.158,3.158,3.158,3.158,0.0,3.158,0
2019-04-29,3.165,3.165,3.165,3.165,0.0,3.165,0
2019-04-30,3.17,3.17,3.17,3.17,0.0,3.17,0
2019-05-01,3.172,3.172,3.172,3.172,0.0,3.172,0
2019-05-02,3.169,3.169,3.169,3.169,0.0,3.169,0
2019-05-03,3.182,3.182,3.182,3.182,0.0,3.182,0
2019-05-06,3.185,3.185,3.185,3.185,0.0,3.185,0
2019-05-07,3.185,3.185,3.185,3.185,0.0,3.185,0
2019-05-08,3.179,3.179,3.179,3.179,0.0,3.179,0
2019-05-09,3.186,3.186,3.186,3.186,0.0,3.186,0
2019-05-10,3.177,3.177,3.177,3.177,0.0,3.177,0
2019-05-13,3.18,3.18,3.18,3.18,0.0,3.18,0
2019-05-14,3.191,3.191,3.191,3.191,0.0,3.191,0
2019-05-15,3.209,3.209,3.209,3.209,0.0,3.209,0
2019-05-16,3.205,3.205,3.205,3.205,0.0,3.205,0
2019-05-17,3.209,3.209,3.209,3.209,0.0,3.209,0
2019-05-20,3.214,3.214,3.214,3.214,0.0,3.214,0
2019-05-21,3.217,3.217,3.217,3.217,0.0,3.217,0
2019-05-22,3.165,3.165,3.165,3.165,0.0,3.165,0
2019-05-23,3.177,3.177,3.177,3.177,0.0,3.177,0
2019-05-24,3.187,3.187,3.187,3.187,0.0,3.187,0
2019-05-28,3.228,3.228,3.228,3.228,0.0,3.228,0
2019-05-29,3.209,3.209,3.209,3.209,0.0,3.209,0
2019-05-30,3.207,3.207,3.207,3.207,0.0,3.207,0
2019-05-31,3.205,3.205,3.205,3.205,0.0,3.205,0
2019-06-03,3.193,3.193,3.193,3.193,0.0,3.193,0
2019-06-04,3.193,3.193,3.193,3.193,0.0,3.193,0
2019-06-05,3.197,3.197,3.197,3.197,0.0,3.197,0
2019-06-06,3.207,3.207,3.207,3.207,0.0,3.207,0
2019-06-07,3.208,3.208,3.208,3.208,0.0,3.208,0
2019-06-10,3.197,3.197,3.197,3.197,0.0,3.197,0
2019-06-11,3.197,3.197,3.197,3.197,0.0,3.197,0
2019-06-12,3.194,3.194,3.194,3.194,0.0,3.194,0
2019-06-13,3.195,3.195,3.195,3.195,0.0,3.195,0
2019-06-14,3.2,3.2,3.2,3.2,0.0,3.2,0
2019-06-17,3.203,3.203,3.203,3.203,0.0,3.203,0
2019-06-18,3.186,3.186,3.186,3.186,0.0,3.186,0
2019-06-19,3.187,3.187,3.187,3.187,0.0,3.187,0
2019-06-20,3.191,3.191,3.191,3.191,0.0,3.191,0
2019-06-21,3.206,3.206,3.206,3.206,0.0,3.206,0
2019-06-24,3.206,3.206,3.206,3.206,0.0,3.206,0
2019-06-25,3.205,3.205,3.205,3.205,0.0,3.205,0
2019-06-26,3.197,3.197,3.197,3.197,0.0,3.197,0
2019-06-27,3.193,3.193,3.193,3.193,0.0,3.193,0
2019-06-28,3.165,3.165,3.165,3.165,0.0,3.165,0
2019-07-01,3.158,3.158,3.158,3.158,0.0,3.158,0
2019-07-02,3.167,3.167,3.167,3.167,0.0,3.167,0
2019-07-03,3.166,3.166,3.166,3.166,0.0,3.166,0
2019-07-05,3.192,3.192,3.192,3.192,0.0,3.192,0
2019-07-08,3.188,3.188,3.188,3.188,0.0,3.188,0
2019-07-09,3.227,3.227,3.227,3.227,0.0,3.227,0
2019-07-10,3.219,3.219,3.219,3.219,0.0,3.219,0
2019-07-11,3.227,3.227,3.227,3.227,0.0,3.227,0
2019-07-12,3.235,3.235,3.235,3.235,0.0,3.235,0
2019-07-15,3.24,3.24,3.24,3.24,0.0,3.24,0
2019-07-16,3.216,3.216,3.216,3.216,0.0,3.216,0
2019-07-17,3.213,3.213,3.213,3.213,0.0,3.213,0
2019-07-18,3.232,3.232,3.232,3.232,0.0,3.232,0
2019-07-19,3.225,3.225,3.225,3.225,0.0,3.225,0
2019-07-22,3.152,3.152,3.152,3.152,0.0,3.152,0
2019-07-23,3.19,3.19,3.19,3.19,0.0,3.19,0
2019-07-24,3.183,3.183,3.183,3.183,0.0,3.183,0
2019-07-25,3.184,3.184,3.184,3.184,0.0,3.184,0
2019-07-26,3.178,3.178,3.178,3.178,0.0,3.178,0
2019-07-29,3.167,3.167,3.167,3.167,0.0,3.167,0
2019-07-30,3.17,3.17,3.17,3.17,0.0,3.17,0
2019-07-31,3.176,3.176,3.176,3.176,0.0,3.176,0
2019-08-01,3.179,3.179,3.179,3.179,0.0,3.179,0
2019-08-02,3.166,3.166,3.166,3.166,0.0,3.166,0
2019-08-05,3.164,3.164,3.164,3.164,0.0,3.164,0
2019-08-06,3.165,3.165,3.165,3.165,0.0,3.165,0
2019-08-07,3.17,3.17,3.17,3.17,0.0,3.17,0
2019-08-08,3.139,3.139,3.139,3.139,0.0,3.139,0
2019-08-09,3.128,3.128,3.128,3.128,0.0,3.128,0
2019-08-12,3.087,3.087,3.087,3.087,0.0,3.087,0
2019-08-13,3.069,3.069,3.069,3.069,0.0,3.069,0
2019-08-14,3.013,3.013,3.013,3.013,0.0,3.013,0
2019-08-15,3.013,3.013,3.013,3.013,0.0,3.013,0
2019-08-16,2.996,2.996,2.996,2.996,0.0,2.996,0
2019-08-19,3.001,3.001,3.001,3.001,0.0,3.001,0
2019-08-20,3.004,3.004,3.004,3.004,0.0,3.004,0
2019-08-21,3.009,3.009,3.009,3.009,0.0,3.009,0
2019-08-22,3.013,3.013,3.013,3.013,0.0,3.013,0
2019-08-23,3.043,3.043,3.043,3.043,0.0,3.043,0
2019-08-26,3.032,3.032,3.032,3.032,0.0,3.032,0
2019-08-27,3.052,3.052,3.052,3.052,0.0,3.052,0
2019-08-28,3.071,3.071,3.071,3.071,0.0,3.071,0
2019-08-29,3.059,3.059,3.059,3.059,0.0,3.059,0
2019-08-30,3.0,3.0,3.0,3.0,0.0,3.0,0
2019-09-03,3.014,3.014,3.014,3.014,0.0,3.014,0
2019-09-04,2.975,2.975,2.975,2.975,0.0,2.975,0
2019-09-05,2.987,2.987,2.987,2.987,0.0,2.987,0
2019-09-06,2.974,2.974,2.974,2.974,0.0,2.974,0
2019-09-09,2.945,2.945,2.945,2.945,0.0,2.945,0
2019-09-10,2.949,2.949,2.949,2.949,0.0,2.949,0
2019-09-11,2.944,2.944,2.944,2.944,0.0,2.944,0
2019-09-12,2.949,2.949,2.949,2.949,0.0,2.949,0
2019-09-13,2.914,2.914,2.914,2.914,0.0,2.914,0
2019-09-16,2.944,2.944,2.944,2.944,0.0,2.944,0
2019-09-17,2.908,2.908,2.908,2.908,0.0,2.908,0
2019-09-18,2.921,2.921,2.921,2.921,0.0,2.921,0
2019-09-19,2.915,2.915,2.915,2.915,0.0,2.915,0
2019-09-20,2.926,2.926,2.926,2.926,0.0,2.926,0
2019-09-23,2.923,2.923,2.923,2.923,0.0,2.923,0
2019-09-24,2.914,2.914,2.914,2.914,0.0,2.914,0
2019-09-25,2.913,2.913,2.913,2.913,0.0,2.913,0
2019-09-26,2.914,2.914,2.914,2.914,0.0,2.914,0
2019-09-27,2.858,2.858,2.858,2.858,0.0,2.858,0
2019-09-30,2.92,2.92,2.92,2.92,0.0,2.92,0
2019-10-01,2.869,2.869,2.869,2.869,0.0,2.869,0
2019-10-02,2.897,2.897,2.897,2.897,0.0,2.897,0
2019-10-03,2.882,2.882,2.882,2.882,0.0,2.882,0
2019-10-04,2.872,2.872,2.872,2.872,0.0,2.872,0
2019-10-07,2.876,2.876,2.876,2.876,0.0,2.876,0
2019-10-08,2.852,2.852,2.852,2.852,0.0,2.852,0
2019-10-09,2.863,2.863,2.863,2.863,0.0,2.863,0
2019-10-10,2.864,2.864,2.864,2.864,0.0,2.864,0
2019-10-11,2.875,2.875,2.875,2.875,0.0,2.875,0
2019-10-14,2.89,2.89,2.89,2.89,0.0,2.89,0
2019-10-15,2.906,2.906,2.906,2.906,0.0,2.906,0
2019-10-16,2.908,2.908,2.908,2.908,0.0,2.908,0
2019-10-17,2.905,2.905,2.905,2.905,0.0,2.905,0
2019-10-18,2.9,2.9,2.9,2.9,0.0,2.9,0
2019-10-21,2.895,2.895,2.895,2.895,0.0,2.895,0
2019-10-22,2.899,2.899,2.899,2.899,0.0,2.899,0
2019-10-23,2.893,2.893,2.893,2.893,0.0,2.893,0
2019-10-24,2.897,2.897,2.897,2.897,0.0,2.897,0
2019-10-25,2.895,2.895,2.895,2.895,0.0,2.895,0
2019-10-28,2.904,2.904,2.904,2.904,0.0,2.904,0
2019-10-29,2.92,2.92,2.92,2.92,0.0,2.92,0
2019-10-30,2.927,2.927,2.927,2.927,0.0,2.927,0
2019-10-31,2.925,2.925,2.925,2.925,0.0,2.925,0
2019-11-01,2.934,2.934,2.934,2.934,0.0,2.934,0
2019-11-04,2.87,2.87,2.87,2.87,0.0,2.87,0
2019-11-05,2.849,2.849,2.849,2.849,0.0,2.849,0
2019-11-06,2.86,2.86,2.86,2.86,0.0,2.86,0
2019-11-07,2.807,2.807,2.807,2.807,0.0,2.807,0
2019-11-08,2.814,2.814,2.814,2.814,0.0,2.814,0
2019-11-11,2.805,2.805,2.805,2.805,0.0,2.805,0
2019-11-12,2.745,2.745,2.745,2.745,0.0,2.745,0
2019-11-13,2.746,2.746,2.746,2.746,0.0,2.746,0
2019-11-14,2.733,2.733,2.733,2.733,0.0,2.733,0
2019-11-15,2.739,2.739,2.739,2.739,0.0,2.739,0
2019-11-18,2.743,2.743,2.743,2.743,0.0,2.743,0
2019-11-19,2.755,2.755,2.755,2.755,0.0,2.755,0
2019-11-20,2.767,2.767,2.767,2.767,0.0,2.767,0
2019-11-21,2.774,2.774,2.774,2.774,0.0,2.774,0
2019-11-22,2.774,2.774,2.774,2.774,0.0,2.774,0
2019-11-25,2.756,2.756,2.756,2.756,0.0,2.756,0
2019-11-26,2.75,2.75,2.75,2.75,0.0,2.75,0
2019-11-27,2.754,2.754,2.754,2.754,0.0,2.754,0
2019-11-29,2.712,2.712,2.712,2.712,0.0,2.712,0
2019-12-02,2.738,2.738,2.738,2.738,0.0,2.738,0
2019-12-03,2.727,2.727,2.727,2.727,0.0,2.727,0
2019-12-04,2.726,2.726,2.726,2.726,0.0,2.726,0
2019-12-05,2.718,2.718,2.718,2.718,0.0,2.718,0
2019-12-06,2.673,2.673,2.673,2.673,0.0,2.673,0
2019-12-09,2.645,2.645,2.645,2.645,0.0,2.645,0
2019-12-10,2.654,2.654,2.654,2.654,0.0,2.654,0
2019-12-11,2.651,2.651,2.651,2.651,0.0,2.651,0
2019-12-12,2.656,2.656,2.656,2.656,0.0,2.656,0
2019-12-13,2.639,2.639,2.639,2.639,0.0,2.639,0
2019-12-16,2.653,2.653,2.653,2.653,0.0,2.653,0
2019-12-17,2.655,2.655,2.655,2.655,0.0,2.655,0
2019-12-18,2.579,2.579,2.579,2.579,0.0,2.579,0
2019-12-19,2.519,2.519,2.519,2.519,0.0,2.519,0
2019-12-20,2.51,2.51,2.51,2.51,0.0,2.51,0
2019-12-23,2.517,2.517,2.517,2.517,0.0,2.517,0
2019-12-24,2.515,2.515,2.515,2.515,0.0,2.515,0
2019-12-26,2.503,2.503,2.503,2.503,0.0,2.503,0
2019-12-27,2.501,2.501,2.501,2.501,0.0,2.501,0
2019-12-30,2.498,2.498,2.498,2.498,0.0,2.498,0
2019-12-31,2.507,2.507,2.507,2.507,0.0,2.507,0
2020-01-02,2.502,2.502,2.502,2.502,0.0,2.502,0
2020-01-03,2.502,2.502,2.502,2.502,0.0,2.502,0
2020-01-06,2.506,2.506,2.506,2.506,0.0,2.506,0
2020-01-07,2.511,2.511,2.511,2.511,0.0,2.511,0
2020-01-08,2.514,2.514,2.514,2.514,0.0,2.514,0
2020-01-09,2.525,2.525,2.525,2.525,0.0,2.525,0
2020-01-10,2.527,2.527,2.527,2.527,0.0,2.527,0
2020-01-13,2.527,2.527,2.527,2.527,0.0,2.527,0
2020-01-14,2.526,2.526,2.526,2.526,0.0,2.526,0
2020-01-15,2.525,2.525,2.525,2.525,0.0,2.525,0
2020-01-16,2.532,2.532,2.532,2.532,0.0,2.532,0
2020-01-17,2.542,2.542,2.542,2.542,0.0,2.542,0
2020-01-21,2.532,2.532,2.532,2.532,0.0,2.532,0
2020-01-22,2.544,2.544,2.544,2.544,0.0,2.544,0
2020-01-23,2.536,2.536,2.536,2.536,0.0,2.536,0
2020-01-24,2.548,2.548,2.548,2.548,0.0,2.548,0
2020-01-27,2.507,2.507,2.507,2.507,0.0,2.507,0
2020-01-28,2.517,2.517,2.517,2.517,0.0,2.517,0
2020-01-29,2.502,2.502,2.502,2.502,0.0,2.502,0
2020-01-30,2.473,2.473,2.473,2.473,0.0,2.473,0
2020-01-31,2.474,2.474,2.474,2.474,0.0,2.474,0
2020-02-03,2.469,2.469,2.469,2.469,0.0,2.469,0
2020-02-04,2.465,2.465,2.465,2.465,0.0,2.465,0
2020-02-05,2.432,2.432,2.432,2.432,0.0,2.432,0
2020-02-06,2.436,2.436,2.436,2.436,0.0,2.436,0
2020-02-07,2.454,2.454,2.454,2.454,0.0,2.454,0
2020-02-10,2.446,2.446,2.446,2.446,0.0,2.446,0
2020-02-11,2.405,2.405,2.405,2.405,0.0,2.405,0
2020-02-12,2.412,2.412,2.412,2.412,0.0,2.412,0
2020-02-13,2.402,2.402,2.402,2.402,0.0,2.402,0
2020-02-14,2.428,2.428,2.428,2.428,0.0,2.428,0
2020-02-18,2.401,2.401,2.401,2.401,0.0,2.401,0
2020-02-19,2.447,2.447,2.447,2.447,0.0,2.447,0
2020-02-20,2.447,2.447,2.447,2.447,0.0,2.447,0
2020-02-21,2.437,2.437,2.437,2.437,0.0,2.437,0
2020-02-24,2.443,2.443,2.443,2.443,0.0,2.443,0
2020-02-25,2.446,2.446,2.446,2.446,0.0,2.446,0
2020-02-26,2.469,2.469,2.469,2.469,0.0,2.469,0
2020-02-27,2.459,2.459,2.459,2.459,0.0,2.459,0
2020-02-28,2.477,2.477,2.477,2.477,0.0,2.477,0
2020-03-02,2.532,2.532,2.532,2.532,0.0,2.532,0
2020-03-03,2.548,2.548,2.548,2.548,0.0,2.548,0
2020-03-04,2.537,2.537,2.537,2.537,0.0,2.537,0
2020-03-05,2.512,2.512,2.512,2.512,0.0,2.512,0
2020-03-06,2.525,2.525,2.525,2.525,0.0,2.525,0
2020-03-09,2.562,2.562,2.562,2.562,0.0,2.562,0
2020-03-10,2.562,2.562,2.562,2.562,0.0,2.562,0
2020-03-11,2.524,2.524,2.524,2.524,0.0,2.524,0
2020-03-12,2.474,2.474,2.474,2.474,0.0,2.474,0
2020-03-13,2.469,2.469,2.469,2.469,0.0,2.469,0
2020-03-16,2.458,2.458,2.458,2.458,0.0,2.458,0
2020-03-17,2.487,2.487,2.487,2.487,0.0,2.487,0
2020-03-18,2.493,2.493,2.493,2.493,0.0,2.493,0
2020-03-19,2.506,2.506,2.506,2.506,0.0,2.506,0
2020-03-20,2.5,2.5,2.5,2.5,0.0,2.5,0
2020-03-23,2.495,2.495,2.495,2.495,0.0,2.495,0
2020-03-24,2.452,2.452,2.452,2.452,0.0,2.452,0
2020-03-25,2.447,2.447,2.447,2.447,0.0,2.447,0
2020-03-26,2.413,2.413,2.413,2.413,0.0,2.413,0
2020-03-27,2.435,2.435,2.435,2.435,0.0,2.435,0
2020-03-30,2.443,2.443,2.443,2.443,0.0,2.443,0
2020-03-31,2.431,2.431,2.431,2.431,0.0,2.431,0
2020-04-01,2.401,2.401,2.401,2.401,0.0,2.401,0
2020-04-02,2.387,2.387,2.387,2.387,0.0,2.387,0
2020-04-03,2.371,2.371,2.371,2.371,0.0,2.371,0
2020-04-06,2.387,2.387,2.387,2.387,0.0,2.387,0
2020-04-07,2.381,2.381,2.381,2.381,0.0,2.381,0
2020-04-08,2.398,2.398,2.398,2.398,0.0,2.398,0
2020-04-09,2.364,2.364,2.364,2.364,0.0,2.364,0
2020-04-13,2.41,2.41,2.41,2.41,0.0,2.41,0
2020-04-14,2.392,2.392,2.392,2.392,0.0,2.392,0
2020-04-15,2.361,2.361,2.361,2.361,0.0,2.361,0
2020-04-16,2.366,2.366,2.366,2.366,0.0,2.366,0
2020-04-17,2.367,2.367,2.367,2.367,0.0,2.367,0
2020-04-20,2.403,2.403,2.403,2.403,0.0,2.403,0
2020-04-21,2.386,2.386,2.386,2.386,0.0,2.386,0
2020-04-22,2.414,2.414,2.414,2.414,0.0,2.414,0
2020-04-23,2.368,2.368,2.368,2.368,0.0,2.368,0
2020-04-24,2.366,2.366,2.366,2.366,0.0,2.366,0
2020-04-27,2.392,2.392,2.392,2.392,0.0,2.392,0
2020-04-28,2.384,2.384,2.384,2.384,0.0,2.384,0
2020-04-29,2.379,2.379,2.379,2.379,0.0,2.379,0
2020-04-30,2.354,2.354,2.354,2.354,0.0,2.354,0
2020-05-01,2.337,2.337,2.337,2.337,0.0,2.337,0
2020-05-04,2.308,2.308,2.308,2.308,0.0,2.308,0
2020-05-05,2.295,2.295,2.295,2.295,0.0,2.295,0
2020-05-06,2.334,2.334,2.334,2.334,0.0,2.334,0
2020-05-07,2.281,2.281,2.281,2.281,0.0,2.281,0
2020-05-08,2.27,2.27,2.27,2.27,0.0,2.27,0
2020-05-11,2.246,2.246,2.246,2.246,0.0,2.246,0
2020-05-12,2.25,2.25,2.25,2.25,0.0,2.25,0
2020-05-13,2.199,2.199,2.199,2.199,0.0,2.199,0
2020-05-14,2.173,2.173,2.173,2.173,0.0,2.173,0
2020-05-15,2.234,2.234,2.234,2.234,0.0,2.234,0
2020-05-18,2.252,2.252,2.252,2.252,0.0,2.252,0
2020-05-19,2.249,2.249,2.249,2.249,0.0,2.249,0
2020-05-20,2.196,2.196,2.196,2.196,0.0,2.196,0
2020-05-21,2.187,2.187,2.187,2.187,0.0,2.187,0
2020-05-22,2.23,2.23,2.23,2.23,0.0,2.23,0
2020-05-26,2.2,2.2,2.2,2.2,0.0,2.2,0
2020-05-27,2.328,2.328,2.328,2.328,0.0,2.328,0
2020-05-28,2.32,2.32,2.32,2.32,0.0,2.32,0
2020-05-29,2.314,2.314,2.314,2.314,0.0,2.314,0
2020-06-01,2.296,2.296,2.296,2.296,0.0,2.296,0
2020-06-02,2.301,2.301,2.301,2.301,0.0,2.301,0
2020-06-03,2.288,2.288,2.288,2.288,0.0,2.288,0
2020-06-04,2.297,2.297,2.297,2.297,0.0,2.297,0
2020-06-05,2.291,2.291,2.291,2.291,0.0,2.291,0
2020-06-08,2.305,2.305,2.305,2.305,0.0,2.305,0
2020-06-09,2.327,2.327,2.327,2.327,0.0,2.327,0
2020-06-10,2.332,2.332,2.332,2.332,0.0,2.332,0
2020-06-11,2.327,2.327,2.327,2.327,0.0,2.327,0
2020-06-12,2.316,2.316,2.316,2.316,0.0,2.316,0
2020-06-15,2.343,2.343,2.343,2.343,0.0,2.343,0
2020-06-16,2.35,2.35,2.35,2.35,0.0,2.35,0
2020-06-17,2.345,2.345,2.345,2.345,0.0,2.345,0
2020-06-18,2.344,2.344,2.344,2.344,0.0,2.344,0
2020-06-19,2.327,2.327,2.327,2.327,0.0,2.327,0
2020-06-22,2.315,2.315,2.315,2.315,0.0,2.315,0
2020-06-23,2.314,2.314,2.314,2.314,0.0,2.314,0
2020-06-24,2.361,2.361,2.361,2.361,0.0,2.361,0
2020-06-25,2.394,2.394,2.394,2.394,0.0,2.394,0
2020-06-26,2.421,2.421,2.421,2.421,0.0,2.421,0
2020-06-29,2.419,2.419,2.419,2.419,0.0,2.419,0
2020-06-30,2.419,2.419,2.419,2.419,0.0,2.419,0
2020-07-01,2.432,2.432,2.432,2.432,0.0,2.432,0
2020-07-02,2.476,2.476,2.476,2.476,0.0,2.476,0
2020-07-06,2.455,2.455,2.455,2.455,0.0,2.455,0
2020-07-07,2.428,2.428,2.428,2.428,0.0,2.428,0
2020-07-08,2.451,2.451,2.451,2.451,0.0,2.451,0
2020-07-09,2.436,2.436,2.436,2.436,0.0,2.436,0
2020-07-10,2.418,2.418,2.418,2.418,0.0,2.418,0
2020-07-13,2.414,2.414,2.414,2.414,0.0,2.414,0
2020-07-14,2.413,2.413,2.413,2.413,0.0,2.413,0
2020-07-15,2.423,2.423,2.423,2.423,0.0,2.423,0
2020-07-16,2.416,2.416,2.416,2.416,0.0,2.416,0
2020-07-17,2.413,2.413,2.413,2.413,0.0,2.413,0
2020-07-20,2.404,2.404,2.404,2.404,0.0,2.404,0
2020-07-21,2.425,2.425,2.425,2.425,0.0,2.425,0
2020-07-22,2.434,2.434,2.434,2.434,0.0,2.434,0
2020-07-23,2.518,2.518,2.518,2.518,0.0,2.518,0
2020-07-24,2.477,2.477,2.477,2.477,0.0,2.477,0
2020-07-27,2.578,2.578,2.578,2.578,0.0,2.578,0
2020-07-28,2.575,2.575,2.575,2.575,0.0,2.575,0
2020-07-29,2.58,2.58,2.58,2.58,0.0,2.58,0
2020-07-30,2.622,2.622,2.622,2.622,0.0,2.622,0
2020-07-31,2.722,2.722,2.722,2.722,0.0,2.722,0
2020-08-03,2.726,2.726,2.726,2.726,0.0,2.726,0
2020-08-04,2.72,2.72,2.72,2.72,0.0,2.72,0
2020-08-05,2.738,2.738,2.738,2.738,0.0,2.738,0
2020-08-06,2.763,2.763,2.763,2.763,0.0,2.763,0
2020-08-07,2.825,2.825,2.825,2.825,0.0,2.825,0
2020-08-10,2.793,2.793,2.793,2.793,0.0,2.793,0
2020-08-11,2.708,2.708,2.708,2.708,0.0,2.708,0
2020-08-12,2.685,2.685,2.685,2.685,0.0,2.685,0
2020-08-13,2.705,2.705,2.705,2.705,0.0,2.705,0
2020-08-14,2.691,2.691,2.691,2.691,0.0,2.691,0
2020-08-17,2.691,2.691,2.691,2.691,0.0,2.691,0
2020-08-18,2.686,2.686,2.686,2.686,0.0,2.686,0
2020-08-19,2.681,2.681,2.681,2.681,0.0,2.681,0
2020-08-20,2.679,2.679,2.679,2.679,0.0,2.679,0
2020-08-21,2.674,2.674,2.674,2.674,0.0,2.674,0
2020-08-24,2.669,2.669,2.669,2.669,0.0,2.669,0
2020-08-25,2.662,2.662,2.662,2.662,0.0,2.662,0
2020-08-26,2.69,2.69,2.69,2.69,0.0,2.69,0
2020-08-27,2.699,2.699,2.699,2.699,0.0,2.699,0
2020-08-28,2.687,2.687,2.687,2.687,0.0,2.687,0
2020-08-31,2.661,2.661,2.661,2.661,0.0,2.661,0
2020-09-01,2.659,2.659,2.659,2.659,0.0,2.659,0
2020-09-02,2.653,2.653,2.653,2.653,0.0,2.653,0
2020-09-03,2.65,2.65,2.65,2.65,0.0,2.65,0
2020-09-04,2.576,2.576,2.576,2.576,0.0,2.576,0
2020-09-08,2.577,2.577,2.577,2.577,0.0,2.577,0
2020-09-09,2.563,2.563,2.563,2.563,0.0,2.563,0
2020-09-10,2.545,2.545,2.545,2.545,0.0,2.545,0
2020-09-11,2.522,2.522,2.522,2.522,0.0,2.522,0
2020-09-14,2.495,2.495,2.495,2.495,0.0,2.495,0
2020-09-15,2.502,2.502,2.502,2.502,0.0,2.502,0
2020-09-16,2.387,2.387,2.387,2.387,0.0,2.387,0
2020-09-17,2.375,2.375,2.375,2.375,0.0,2.375,0
2020-09-18,2.396,2.396,2.396,2.396,0.0,2.396,0
2020-09-21,2.367,2.367,2.367,2.367,0.0,2.367,0
2020-09-22,2.406,2.406,2.406,2.406,0.0,2.406,0
2020-09-23,2.446,2.446,2.446,2.446,0.0,2.446,0
2020-09-24,2.472,2.472,2.472,2.472,0.0,2.472,0
2020-09-25,2.491,2.491,2.491,2.491,0.0,2.491,0
2020-09-28,2.499,2.499,2.499,2.499,0.0,2.499,0
2020-09-29,2.47,2.47,2.47,2.47,0.0,2.47,0
2020-09-30,2.451,2.451,2.451,2.451,0.0,2.451,0
2020-10-01,2.431,2.431,2.431,2.431,0.0,2.431,0
2020-10-02,2.428,2.428,2.428,2.428,0.0,2.428,0
2020-10-05,2.406,2.406,2.406,2.406,0.0,2.406,0
2020-10-06,2.413,2.413,2.413,2.413,0.0,2.413,0
2020-10-07,2.436,2.436,2.436,2.436,0.0,2.436,0
2020-10-08,2.411,2.411,2.411,2.411,0.0,2.411,0
2020-10-09,2.441,2.441,2.441,2.441,0.0,2.441,0
2020-10-12,2.427,2.427,2.427,2.427,0.0,2.427,0
2020-10-13,2.407,2.407,2.407,2.407,0.0,2.407,0
2020-10-14,2.434,2.434,2.434,2.434,0.0,2.434,0
2020-10-15,2.42,2.42,2.42,2.42,0.0,2.42,0
2020-10-16,2.423,2.423,2.423,2.423,0.0,2.423,0
2020-10-19,2.466,2.466,2.466,2.466,0.0,2.466,0
2020-10-20,2.407,2.407,2.407,2.407,0.0,2.407,0
2020-10-21,2.428,2.428,2.428,2.428,0.0,2.428,0
2020-10-22,2.43,2.43,2.43,2.43,0.0,2.43,0
2020-10-23,2.492,2.492,2.492,2.492,0.0,2.492,0
2020-10-26,2.405,2.405,2.405,2.405,0.0,2.405,0
2020-10-27,2.439,2.439,2.439,2.439,0.0,2.439,0
2020-10-28,2.489,2.489,2.489,2.489,0.0,2.489,0
2020-10-29,2.501,2.501,2.501,2.501,0.0,2.501,0
2020-10-30,2.518,2.518,2.518,2.518,0.0,2.518,0
2020-11-02,2.411,2.411,2.411,2.411,0.0,2.411,0
2020-11-03,2.455,2.455,2.455,2.455,0.0,2.455,0
2020-11-04,2.452,2.452,2.452,2.452,0.0,2.452,0
2020-11-05,2.447,2.447,2.447,2.447,0.0,2.447,0
2020-11-06,2.437,2.437,2.437,2.437,0.0,2.437,0
2020-11-09,2.433,2.433,2.433,2.433,0.0,2.433,0
2020-11-10,2.443,2.443,2.443,2.443,0.0,2.443,0
2020-11-11,2.458,2.458,2.458,2.458,0.0,2.458,0
2020-11-12,2.455,2.455,2.455,2.455,0.0,2.455,0
2020-11-13,2.384,2.384,2.384,2.384,0.0,2.384,0
2020-11-16,2.381,2.381,2.381,2.381,0.0,2.381,0
2020-11-17,2.398,2.398,2.398,2.398,0.0,2.398,0
2020-11-18,2.422,2.422,2.422,2.422,0.0,2.422,0
2020-11-19,2.422,2.422,2.422,2.422,0.0,2.422,0
2020-11-20,2.415,2.415,2.415,2.415,0.0,2.415,0
2020-11-23,2.409,2.409,2.409,2.409,0.0,2.409,0
2020-11-24,2.411,2.411,2.411,2.411,0.0,2.411,0
2020-11-25,2.394,2.394,2.394,2.394,0.0,2.394,0
2020-11-27,2.39,2.39,2.39,2.39,0.0,2.39,0
2020-11-30,2.376,2.376,2.376,2.376,0.0,2.376,0
2020-12-01,2.438,2.438,2.438,2.438,0.0,2.438,0
2020-12-02,2.463,2.463,2.463,2.463,0.0,2.463,0
2020-12-03,2.435,2.435,2.435,2.435,0.0,2.435,0
2020-12-04,2.465,2.465,2.465,2.465,0.0,2.465,0
2020-12-07,2.436,2.436,2.436,2.436,0.0,2.436,0
2020-12-08,2.424,2.424,2.424,2.424,0.0,2.424,0
2020-12-09,2.434,2.434,2.434,2.434,0.0,2.434,0
2020-12-10,2.439,2.439,2.439,2.439,0.0,2.439,0
2020-12-11,2.458,2.458,2.458,2.458,0.0,2.458,0
2020-12-14,2.452,2.452,2.452,2.452,0.0,2.452,0
2020-12-15,2.437,2.437,2.437,2.437,0.0,2.437,0
2020-12-16,2.449,2.449,2.449,2.449,0.0,2.449,0
2020-12-17,2.437,2.437,2.437,2.437,0.0,2.437,0
2020-12-18,2.451,2.451,2.451,2.451,0.0,2.451,0
2020-12-21,2.422,2.422,2.422,2.422,0.0,2.422,0
2020-12-22,2.467,2.467,2.467,2.467,0.0,2.467,0
2020-12-23,2.462,2.462,2.462,2.462,0.0,2.462,0
2020-12-24,2.474,2.474,2.474,2.474,0.0,2.474,0
2020-12-28,2.393,2.393,2.393,2.393,0.0,2.393,0
2020-12-29,2.462,2.462,2.462,2.462,0.0,2.462,0
2020-12-30,2.433,2.433,2.433,2.433,0.0,2.433,0
2020-12-31,2.445,2.445,2.445,2.445,0.0,2.445,0
2021-01-04,2.453,2.453,2.453,2.453,0.0,2.453,0
2021-01-05,2.468,2.468,2.468,2.468,0.0,2.468,0
2021-01-06,2.501,2.501,2.501,2.501,0.0,2.501,0
2021-01-07,2.469,2.469,2.469,2.469,0.0,2.469,0
2021-01-08,2.453,2.453,2.453,2.453,0.0,2.453,0
2021-01-11,2.456,2.456,2.456,2.456,0.0,2.456,0
2021-01-12,2.463,2.463,2.463,2.463,0.0,2.463,0
2021-01-13,2.494,2.494,2.494,2.494,0.0,2.494,0
2021-01-14,2.442,2.442,2.442,2.442,0.0,2.442,0
2021-01-15,2.478,2.478,2.478,2.478,0.0,2.478,0
2021-01-19,2.524,2.524,2.524,2.524,0.0,2.524,0
2021-01-20,2.538,2.538,2.538,2.538,0.0,2.538,0
2021-01-21,2.564,2.564,2.564,2.564,0.0,2.564,0
2021-01-22,2.564,2.564,2.564,2.564,0.0,2.564,0
2021-01-25,2.521,2.521,2.521,2.521,0.0,2.521,0
2021-01-26,2.55,2.55,2.55,2.55,0.0,2.55,0
2021-01-27,2.565,2.565,2.565,2.565,0.0,2.565,0
2021-01-28,2.564,2.564,2.564,2.564,0.0,2.564,0
2021-01-29,2.518,2.518,2.518,2.518,0.0,2.518,0
2021-02-01,2.522,2.522,2.522,2.522,0.0,2.522,0
2021-02-02,2.518,2.518,2.518,2.518,0.0,2.518,0
2021-02-03,2.499,2.499,2.499,2.499,0.0,2.499,0
2021-02-04,2.475,2.475,2.475,2.475,0.0,2.475,0
2021-02-05,2.484,2.484,2.484,2.484,0.0,2.484,0
2021-02-08,2.504,2.504,2.504,2.504,0.0,2.504,0
2021-02-09,2.504,2.504,2.504,2.504,0.0,2.504,0
2021-02-10,2.509,2.509,2.509,2.509,0.0,2.509,0
2021-02-11,2.496,2.496,2.496,2.496,0.0,2.496,0
2021-02-12,2.49,2.49,2.49,2.49,0.0,2.49,0
2021-02-16,2.507,2.507,2.507,2.507,0.0,2.507,0
2021-02-17,2.502,2.502,2.502,2.502,0.0,2.502,0
2021-02-18,2.492,2.492,2.492,2.492,0.0,2.492,0
2021-02-19,2.488,2.488,2.488,2.488,0.0,2.488,0
2021-02-22,2.49,2.49,2.49,2.49,0.0,2.49,0
2021-02-23,2.495,2.495,2.495,2.495,0.0,2.495,0
2021-02-24,2.489,2.489,2.489,2.489,0.0,2.489,0
2021-02-25,2.438,2.438,2.438,2.438,0.0,2.438,0
2021-02-26,2.458,2.458,2.458,2.458,0.0,2.458,0
2021-03-01,2.476,2.476,2.476,2.476,0.0,2.476,0
2021-03-02,2.475,2.475,2.475,2.475,0.0,2.475,0
2021-03-03,2.45,2.45,2.45,2.45,0.0,2.45,0
2021-03-04,2.408,2.408,2.408,2.408,0.0,2.408,0
2021-03-05,2.414,2.414,2.414,2.414,0.0,2.414,0
2021-03-08,2.432,2.432,2.432,2.432,0.0,2.432,0
2021-03-09,2.439,2.439,2.439,2.439,0.0,2.439,0
2021-03-10,2.437,2.437,2.437,2.437,0.0,2.437,0
2021-03-11,2.434,2.434,2.434,2.434,0.0,2.434,0
2021-03-12,2.451,2.451,2.451,2.451,0.0,2.451,0
2021-03-15,2.424,2.424,2.424,2.424,0.0,2.424,0
2021-03-16,2.456,2.456,2.456,2.456,0.0,2.456,0
2021-03-17,2.437,2.437,2.437,2.437,0.0,2.437,0
2021-03-18,2.451,2.451,2.451,2.451,0.0,2.451,0
2021-03-19,2.457,2.457,2.457,2.457,0.0,2.457,0
2021-03-22,2.453,2.453,2.453,2.453,0.0,2.453,0
2021-03-23,2.467,2.467,2.467,2.467,0.0,2.467,0
2021-03-24,2.47,2.47,2.47,2.47,0.0,2.47,0
2021-03-25,2.47,2.47,2.47,2.47,0.0,2.47,0
2021-03-26,2.472,2.472,2.472,2.472,0.0,2.472,0
2021-03-29,2.516,2.516,2.516,2.516,0.0,2.516,0
2021-03-30,2.527,2.527,2.527,2.527,0.0,2.527,0
2021-03-31,2.523,2.523,2.523,2.523,0.0,2.523,0
2021-04-01,2.552,2.552,2.552,2.552,0.0,2.552,0
2021-04-05,2.539,2.539,2.539,2.539,0.0,2.539,0
2021-04-06,2.516,2.516,2.516,2.516,0.0,2.516,0
2021-04-07,2.519,2.519,2.519,2.519,0.0,2.519,0
2021-04-08,2.519,2.519,2.519,2.519,0.0,2.519,0
2021-04-09,2.553,2.553,2.553,2.553,0.0,2.553,0
2021-04-12,2.562,2.562,2.562,2.562,0.0,2.562,0
2021-04-13,2.545,2.545,2.545,2.545,0.0,2.545,0
2021-04-14,2.554,2.554,2.554,2.554,0.0,2.554,0
2021-04-15,2.532,2.532,2.532,2.532,0.0,2.532,0
2021-04-16,2.545,2.545,2.545,2.545,0.0,2.545,0
2021-04-19,2.539,2.539,2.539,2.539,0.0,2.539,0
2021-04-20,2.484,2.484,2.484,2.484,0.0,2.484,0
2021-04-21,2.469,2.469,2.469,2.469,0.0,2.469,0
2021-04-22,2.45,2.45,2.45,2.45,0.0,2.45,0
2021-04-23,2.458,2.458,2.458,2.458,0.0,2.458,0
2021-04-26,2.444,2.444,2.444,2.444,0.0,2.444,0
2021-04-27,2.423,2.423,2.423,2.423,0.0,2.423,0
2021-04-28,2.435,2.435,2.435,2.435,0.0,2.435,0
2021-04-29,2.437,2.437,2.437,2.437,0.0,2.437,0
2021-04-30,2.502,2.502,2.502,2.502,0.0,2.502,0
2021-05-03,2.505,2.505,2.505,2.505,0.0,2.505,0
2021-05-04,2.514,2.514,2.514,2.514,0.0,2.514,0
2021-05-05,2.516,2.516,2.516,2.516,0.0,2.516,0
2021-05-06,2.506,2.506,2.506,2.506,0.0,2.506,0
2021-05-07,2.513,2.513,2.513,2.513,0.0,2.513,0
2021-05-10,2.516,2.516,2.516,2.516,0.0,2.516,0
2021-05-11,2.513,2.513,2.513,2.513,0.0,2.513,0
2021-05-12,2.512,2.512,2.512,2.512,0.0,2.512,0
2021-05-13,2.502,2.502,2.502,2.502,0.0,2.502,0
2021-05-14,2.498,2.498,2.498,2.498,0.0,2.498,0
2021-05-17,2.502,2.502,2.502,2.502,0.0,2.502,0
2021-05-18,2.471,2.471,2.471,2.471,0.0,2.471,0
2021-05-19,2.475,2.475,2.475,2.475,0.0,2.475,0
2021-05-20,2.48,2.48,2.48,2.48,0.0,2.48,0
2021-05-21,2.492,2.492,2.492,2.492,0.0,2.492,0
2021-05-24,2.486,2.486,2.486,2.486,0.0,2.486,0
2021-05-25,2.497,2.497,2.497,2.497,0.0,2.497,0
2021-05-26,2.466,2.466,2.466,2.466,0.0,2.466,0
2021-05-27,2.463,2.463,2.463,2.463,0.0,2.463,0
2021-05-28,2.486,2.486,2.486,2.486,0.0,2.486,0
2021-06-01,2.468,2.468,2.468,2.468,0.0,2.468,0
2021-06-02,2.478,2.478,2.478,2.478,0.0,2.478,0
2021-06-03,2.46,2.46,2.46,2.46,0.0,2.46,0
2021-06-04,2.511,2.511,2.511,2.511,0.0,2.511,0
2021-06-07,2.482,2.482,2.482,2.482,0.0,2.482,0
2021-06-08,2.488,2.488,2.488,2.488,0.0,2.488,0
2021-06-09,2.495,2.495,2.495,2.495,0.0,2.495,0
2021-06-10,2.484,2.484,2.484,2.484,0.0,2.484,0
2021-06-11,2.483,2.483,2.483,2.483,0.0,2.483,0
2021-06-14,2.492,2.492,2.492,2.492,0.0,2.492,0
2021-06-15,2.477,2.477,2.477,2.477,0.0,2.477,0
2021-06-16,2.53,2.53,2.53,2.53,0.0,2.53,0
2021-06-17,2.535,2.535,2.535,2.535,0.0,2.535,0
2021-06-18,2.544,2.544,2.544,2.544,0.0,2.544,0
2021-06-21,2.541,2.541,2.541,2.541,0.0,2.541,0
2021-06-22,2.541,2.541,2.541,2.541,0.0,2.541,0
2021-06-23,2.542,2.542,2.542,2.542,0.0,2.542,0
2021-06-24,2.53,2.53,2.53,2.53,0.0,2.53,0
2021-06-25,2.591,2.591,2.591,2.591,0.0,2.591,0
2021-06-28,2.601,2.601,2.601,2.601,0.0,2.601,0
2021-06-29,2.629,2.629,2.629,2.629,0.0,2.629,0
2021-06-30,2.63,2.63,2.63,2.63,0.0,2.63,0
2021-07-01,2.618,2.618,2.618,2.618,0.0,2.618,0
2021-07-02,2.61,2.61,2.61,2.61,0.0,2.61,0
2021-07-06,2.602,2.602,2.602,2.602,0.0,2.602,0
2021-07-07,2.614,2.614,2.614,2.614,0.0,2.614,0
2021-07-08,2.626,2.626,2.626,2.626,0.0,2.626,0
2021-07-09,2.632,2.632,2.632,2.632,0.0,2.632,0
2021-07-12,2.637,2.637,2.637,2.637,0.0,2.637,0
2021-07-13,2.636,2.636,2.636,2.636,0.0,2.636,0
2021-07-14,2.629,2.629,2.629,2.629,0.0,2.629,0
2021-07-15,2.637,2.637,2.637,2.637,0.0,2.637,0
2021-07-16,2.653,2.653,2.653,2.653,0.0,2.653,0
2021-07-19,2.663,2.663,2.663,2.663,0.0,2.663,0
2021-07-20,2.665,2.665,2.665,2.665,0.0,2.665,0
2021-07-21,2.72,2.72,2.72,2.72,0.0,2.72,0
2021-07-22,2.722,2.722,2.722,2.722,0.0,2.722,0
2021-07-23,2.728,2.728,2.728,2.728,0.0,2.728,0
2021-07-26,2.736,2.736,2.736,2.736,0.0,2.736,0
2021-07-27,2.706,2.706,2.706,2.706,0.0,2.706,0
2021-07-28,2.698,2.698,2.698,2.698,0.0,2.698,0
2021-07-29,2.673,2.673,2.673,2.673,0.0,2.673,0
2021-07-30,2.707,2.707,2.707,2.707,0.0,2.707,0
2021-08-02,2.721,2.721,2.721,2.721,0.0,2.721,0
2021-08-03,2.713,2.713,2.713,2.713,0.0,2.713,0
2021-08-04,2.723,2.723,2.723,2.723,0.0,2.723,0
2021-08-05,2.688,2.688,2.688,2.688,0.0,2.688,0
2021-08-06,2.697,2.697,2.697,2.697,0.0,2.697,0
2021-08-09,2.713,2.713,2.713,2.713,0.0,2.713,0
2021-08-10,2.71,2.71,2.71,2.71,0.0,2.71,0
2021-08-11,2.725,2.725,2.725,2.725,0.0,2.725,0
2021-08-12,2.806,2.806,2.806,2.806,0.0,2.806,0
2021-08-13,2.773,2.773,2.773,2.773,0.0,2.773,0
2021-08-16,2.785,2.785,2.785,2.785,0.0,2.785,0
2021-08-17,2.798,2.798,2.798,2.798,0.0,2.798,0
2021-08-18,2.796,2.796,2.796,2.796,0.0,2.796,0
2021-08-19,2.807,2.807,2.807,2.807,0.0,2.807,0
2021-08-20,2.806,2.806,2.806,2.806,0.0,2.806,0
2021-08-23,2.808,2.808,2.808,2.808,0.0,2.808,0
2021-08-24,2.804,2.804,2.804,2.804,0.0,2.804,0
2021-08-25,2.821,2.821,2.821,2.821,0.0,2.821,0
2021-08-26,2.872,2.872,2.872,2.872,0.0,2.872,0
2021-08-27,2.899,2.899,2.899,2.899,0.0,2.899,0
2021-08-30,2.902,2.902,2.902,2.902,0.0,2.902,0
2021-08-31,2.891,2.891,2.891,2.891,0.0,2.891,0
2021-09-01,2.9,2.9,2.9,2.9,0.0,2.9,0
2021-09-02,2.9,2.9,2.9,2.9,0.0,2.9,0
2021-09-03,2.961,2.961,2.961,2.961,0.0,2.961,0
2021-09-07,3.011,3.011,3.011,3.011,0.0,3.011,0
2021-09-08,3.063,3.063,3.063,3.063,0.0,3.063,0
2021-09-09,3.218,3.218,3.218,3.218,0.0,3.218,0
2021-09-10,3.2,3.2,3.2,3.2,0.0,3.2,0
2021-09-13,3.215,3.215,3.215,3.215,0.0,3.215,0
2021-09-14,3.188,3.188,3.188,3.188,0.0,3.188,0
2021-09-15,3.21,3.21,3.21,3.21,0.0,3.21,0
2021-09-16,3.213,3.213,3.213,3.213,0.0,3.213,0
2021-09-17,3.206,3.206,3.206,3.206,0.0,3.206,0
2021-09-20,3.242,3.242,3.242,3.242,0.0,3.242,0
2021-09-21,3.259,3.259,3.259,3.259,0.0,3.259,0
2021-09-22,3.276,3.276,3.276,3.276,0.0,3.276,0
2021-09-23,3.283,3.283,3.283,3.283,0.0,3.283,0
2021-09-24,3.154,3.154,3.154,3.154,0.0,3.154,0
2021-09-27,3.067,3.067,3.067,3.067,0.0,3.067,0
2021-09-28,2.99,2.99,2.99,2.99,0.0,2.99,0
2021-09-29,2.956,2.956,2.956,2.956,0.0,2.956,0
2021-09-30,2.953,2.953,2.953,2.953,0.0,2.953,0
2021-10-01,2.943,2.943,2.943,2.943,0.0,2.943,0
2021-10-04,2.94,2.94,2.94,2.94,0.0,2.94,0
2021-10-05,2.955,2.955,2.955,2.955,0.0,2.955,0
2021-10-06,2.97,2.97,2.97,2.97,0.0,2.97,0
2021-10-07,2.97,2.97,2.97,2.97,0.0,2.97,0
2021-10-08,3.011,3.011,3.011,3.011,0.0,3.011,0
2021-10-11,2.987,2.987,2.987,2.987,0.0,2.987,0
2021-10-12,2.989,2.989,2.989,2.989,0.0,2.989,0
2021-10-13,2.994,2.994,2.994,2.994,0.0,2.994,0
2021-10-14,3.029,3.029,3.029,3.029,0.0,3.029,0
2021-10-15,3.04,3.04,3.04,3.04,0.0,3.04,0
2021-10-18,3.046,3.046,3.046,3.046,0.0,3.046,0
2021-10-19,3.043,3.043,3.043,3.043,0.0,3.043,0
2021-10-20,3.046,3.046,3.046,3.046,0.0,3.046,0
2021-10-21,3.042,3.042,3.042,3.042,0.0,3.042,0
2021-10-22,3.047,3.047,3.047,3.047,0.0,3.047,0
2021-10-25,3.09,3.09,3.09,3.09,0.0,3.09,0
2021-10-26,3.068,3.068,3.068,3.068,0.0,3.068,0
2021-10-27,3.005,3.005,3.005,3.005,0.0,3.005,0
2021-10-28,3.011,3.011,3.011,3.011,0.0,3.011,0
2021-10-29,2.962,2.962,2.962,2.962,0.0,2.962,0
2021-11-01,2.857,2.857,2.857,2.857,0.0,2.857,0
2021-11-02,2.918,2.918,2.918,2.918,0.0,2.918,0
2021-11-03,2.912,2.912,2.912,2.912,0.0,2.912,0
2021-11-04,2.936,2.936,2.936,2.936,0.0,2.936,0
2021-11-05,2.976,2.976,2.976,2.976,0.0,2.976,0
2021-11-08,3.079,3.079,3.079,3.079,0.0,3.079,0
2021-11-09,3.075,3.075,3.075,3.075,0.0,3.075,0
2021-11-10,3.101,3.101,3.101,3.101,0.0,3.101,0
2021-11-11,3.118,3.118,3.118,3.118,0.0,3.118,0
2021-11-12,3.049,3.049,3.049,3.049,0.0,3.049,0
2021-11-15,3.062,3.062,3.062,3.062,0.0,3.062,0
2021-11-16,3.133,3.133,3.133,3.133,0.0,3.133,0
2021-11-17,3.064,3.064,3.064,3.064,0.0,3.064,0
2021-11-18,3.052,3.052,3.052,3.052,0.0,3.052,0
2021-11-19,3.016,3.016,3.016,3.016,0.0,3.016,0
2021-11-22,2.998,2.998,2.998,2.998,0.0,2.998,0
2021-11-23,3.045,3.045,3.045,3.045,0.0,3.045,0
2021-11-24,3.043,3.043,3.043,3.043,0.0,3.043,0
2021-11-26,3.082,3.082,3.082,3.082,0.0,3.082,0
2021-11-29,3.074,3.074,3.074,3.074,0.0,3.074,0
2021-11-30,3.047,3.047,3.047,3.047,0.0,3.047,0
2021-12-01,3.055,3.055,3.055,3.055,0.0,3.055,0
2021-12-02,3.059,3.059,3.059,3.059,0.0,3.059,0
2021-12-03,3.069,3.069,3.069,3.069,0.0,3.069,0
2021-12-06,3.041,3.041,3.041,3.041,0.0,3.041,0
2021-12-07,3.045,3.045,3.045,3.045,0.0,3.045,0
2021-12-08,2.939,2.939,2.939,2.939,0.0,2.939,0
2021-12-09,2.876,2.876,2.876,2.876,0.0,2.876,0
2021-12-10,2.9,2.9,2.9,2.9,0.0,2.9,0
2021-12-13,2.804,2.804,2.804,2.804,0.0,2.804,0
2021-12-14,2.923,2.923,2.923,2.923,0.0,2.923,0
2021-12-15,2.997,2.997,2.997,2.997,0.0,2.997,0
2021-12-16,2.962,2.962,2.962,2.962,0.0,2.962,0
2021-12-17,2.975,2.975,2.975,2.975,0.0,2.975,0
2021-12-20,2.99,2.99,2.99,2.99,0.0,2.99,0
2021-12-21,2.974,2.974,2.974,2.974,0.0,2.974,0
2021-12-22,2.975,2.975,2.975,2.975,0.0,2.975,0
2021-12-23,2.938,2.938,2.938,2.938,0.0,2.938,0
2021-12-27,2.924,2.924,2.924,2.924,0.0,2.924,0
2021-12-28,2.947,2.947,2.947,2.947,0.0,2.947,0
2021-12-29,2.969,2.969,2.969,2.969,0.0,2.969,0
2021-12-30,2.957,2.957,2.957,2.957,0.0,2.957,0
2021-12-31,3.029,3.029,3.029,3.029,0.0,3.029,0
2022-01-03,2.996,2.996,2.996,2.996,0.0,2.996,0
2022-01-04,2.995,2.995,2.995,2.995,0.0,2.995,0
2022-01-05,2.989,2.989,2.989,2.989,0.0,2.989,0
2022-01-06,3.003,3.003,3.003,3.003,0.0,3.003,0
2022-01-07,3.036,3.036,3.036,3.036,0.0,3.036,0
2022-01-10,3.041,3.041,3.041,3.041,0.0,3.041,0
2022-01-11,3.03,3.03,3.03,3.03,0.0,3.03,0
2022-01-12,3.005,3.005,3.005,3.005,0.0,3.005,0
2022-01-13,3.008,3.008,3.008,3.008,0.0,3.008,0
2022-01-14,2.984,2.984,2.984,2.984,0.0,2.984,0
2022-01-18,3.003,3.003,3.003,3.003,0.0,3.003,0
2022-01-19,3.05,3.05,3.05,3.05,0.0,3.05,0
2022-01-20,3.053,3.053,3.053,3.053,0.0,3.053,0
2022-01-21,3.041,3.041,3.041,3.041,0.0,3.041,0
2022-01-24,3.03,3.03,3.03,3.03,0.0,3.03,0
2022-01-25,3.05,3.05,3.05,3.05,0.0,3.05,0
2022-01-26,3.051,3.051,3.051,3.051,0.0,3.051,0
2022-01-27,3.036,3.036,3.036,3.036,0.0,3.036,0
2022-01-28,3.029,3.029,3.029,3.029,0.0,3.029,0
2022-01-31,3.028,3.028,3.028,3.028,0.0,3.028,0
2022-02-01,3.013,3.013,3.013,3.013,0.0,3.013,0
2022-02-02,3.032,3.032,3.032,3.032,0.0,3.032,0
2022-02-03,3.023,3.023,3.023,3.023,0.0,3.023,0
2022-02-04,3.053,3.053,3.053,3.053,0.0,3.053,0
2022-02-07,3.069,3.069,3.069,3.069,0.0,3.069,0
2022-02-08,3.061,3.061,3.061,3.061,0.0,3.061,0
2022-02-09,3.056,3.056,3.056,3.056,0.0,3.056,0
2022-02-10,3.063,3.063,3.063,3.063,0.0,3.063,0
2022-02-11,3.103,3.103,3.103,3.103,0.0,3.103,0
2022-02-14,3.144,3.144,3.144,3.144,0.0,3.144,0
2022-02-15,3.132,3.132,3.132,3.132,0.0,3.132,0
2022-02-16,3.161,3.161,3.161,3.161,0.0,3.161,0
2022-02-17,3.154,3.154,3.154,3.154,0.0,3.154,0
2022-02-18,3.154,3.154,3.154,3.154,0.0,3.154,0
2022-02-22,3.199,3.199,3.199,3.199,0.0,3.199,0
2022-02-23,3.285,3.285,3.285,3.285,0.0,3.285,0
2022-02-24,3.328,3.328,3.328,3.328,0.0,3.328,0
2022-02-25,3.245,3.245,3.245,3.245,0.0,3.245,0
2022-02-28,3.322,3.322,3.322,3.322,0.0,3.322,0
2022-03-01,3.393,3.393,3.393,3.393,0.0,3.393,0
2022-03-02,3.46,3.46,3.46,3.46,0.0,3.46,0
2022-03-03,3.403,3.403,3.403,3.403,0.0,3.403,0
2022-03-04,3.456,3.456,3.456,3.456,0.0,3.456,0
2022-03-07,3.569,3.569,3.569,3.569,0.0,3.569,0
2022-03-08,3.646,3.646,3.646,3.646,0.0,3.646,0
2022-03-09,3.625,3.625,3.625,3.625,0.0,3.625,0
2022-03-10,3.541,3.541,3.541,3.541,0.0,3.541,0
2022-03-11,3.522,3.522,3.522,3.522,0.0,3.522,0
2022-03-14,3.565,3.565,3.565,3.565,0.0,3.565,0
2022-03-15,3.547,3.547,3.547,3.547,0.0,3.547,0
2022-03-16,3.558,3.558,3.558,3.558,0.0,3.558,0
2022-03-17,3.575,3.575,3.575,3.575,0.0,3.575,0
2022-03-18,3.527,3.527,3.527,3.527,0.0,3.527,0
2022-03-21,3.513,3.513,3.513,3.513,0.0,3.513,0
2022-03-22,3.524,3.524,3.524,3.524,0.0,3.524,0
2022-03-23,3.535,3.535,3.535,3.535,0.0,3.535,0
2022-03-24,3.561,3.561,3.561,3.561,0.0,3.561,0
2022-03-25,3.607,3.607,3.607,3.607,0.0,3.607,0
2022-03-28,3.699,3.699,3.699,3.699,0.0,3.699,0
2022-03-29,3.713,3.713,3.713,3.713,0.0,3.713,0
2022-03-30,3.826,3.826,3.826,3.826,0.0,3.826,0
2022-03-31,3.919,3.919,3.919,3.919,0.0,3.919,0
2022-04-01,3.976,3.976,3.976,3.976,0.0,3.976,0
2022-04-04,4.043,4.043,4.043,4.043,0.0,4.043,0
2022-04-05,4.061,4.061,4.061,4.061,0.0,4.061,0
2022-04-06,4.088,4.088,4.088,4.088,0.0,4.088,0
2022-04-07,4.115,4.115,4.115,4.115,0.0,4.115,0
2022-04-08,4.088,4.088,4.088,4.088,0.0,4.088,0
2022-04-11,4.137,4.137,4.137,4.137,0.0,4.137,0
2022-04-12,4.159,4.159,4.159,4.159,0.0,4.159,0
2022-04-13,4.197,4.197,4.197,4.197,0.0,4.197,0
2022-04-14,4.199,4.199,4.199,4.199,0.0,4.199,0
2022-04-18,4.214,4.214,4.214,4.214,0.0,4.214,0
2022-04-19,4.192,4.192,4.192,4.192,0.0,4.192,0
2022-04-20,4.183,4.183,4.183,4.183,0.0,4.183,0
2022-04-21,4.106,4.106,4.106,4.106,0.0,4.106,0
2022-04-22,3.933,3.933,3.933,3.933,0.0,3.933,0
2022-04-25,3.948,3.948,3.948,3.948,0.0,3.948,0
2022-04-26,4.013,4.013,4.013,4.013,0.0,4.013,0
2022-04-27,4.072,4.072,4.072,4.072,0.0,4.072,0
2022-04-28,4.083,4.083,4.083,4.083,0.0,4.083,0
2022-04-29,4.076,4.076,4.076,4.076,0.0,4.076,0
2022-05-02,3.915,3.915,3.915,3.915,0.0,3.915,0
2022-05-03,3.943,3.943,3.943,3.943,0.0,3.943,0
2022-05-04,3.993,3.993,3.993,3.993,0.0,3.993,0
2022-05-05,4.026,4.026,4.026,4.026,0.0,4.026,0
2022-05-06,3.992,3.992,3.992,3.992,0.0,3.992,0
2022-05-09,3.915,3.915,3.915,3.915,0.0,3.915,0
2022-05-10,3.953,3.953,3.953,3.953,0.0,3.953,0
2022-05-11,4.012,4.012,4.012,4.012,0.0,4.012,0
2022-05-12,4.022,4.022,4.022,4.022,0.0,4.022,0
2022-05-13,4.096,4.096,4.096,4.096,0.0,4.096,0
2022-05-16,4.126,4.126,4.126,4.126,0.0,4.126,0
2022-05-17,4.265,4.265,4.265,4.265,0.0,4.265,0
2022-05-18,4.187,4.187,4.187,4.187,0.0,4.187,0
2022-05-19,4.126,4.126,4.126,4.126,0.0,4.126,0
2022-05-20,4.135,4.135,4.135,4.135,0.0,4.135,0
2022-05-23,4.176,4.176,4.176,4.176,0.0,4.176,0
2022-05-24,4.244,4.244,4.244,4.244,0.0,4.244,0
2022-05-25,4.275,4.275,4.275,4.275,0.0,4.275,0
2022-05-26,4.304,4.304,4.304,4.304,0.0,4.304,0
2022-05-27,4.328,4.328,4.328,4.328,0.0,4.328,0
2022-05-31,4.259,4.259,4.259,4.259,0.0,4.259,0
2022-06-01,4.331,4.331,4.331,4.331,0.0,4.331,0
2022-06-02,4.337,4.337,4.337,4.337,0.0,4.337,0
2022-06-03,4.384,4.384,4.384,4.384,0.0,4.384,0
2022-06-06,4.368,4.368,4.368,4.368,0.0,4.368,0
2022-06-07,4.448,4.448,4.448,4.448,0.0,4.448,0
2022-06-08,4.503,4.503,4.503,4.503,0.0,4.503,0
2022-06-09,4.589,4.589,4.589,4.589,0.0,4.589,0
2022-06-10,4.579,4.579,4.579,4.579,0.0,4.579,0
2022-06-13,4.522,4.522,4.522,4.522,0.0,4.522,0
2022-06-14,4.444,4.444,4.444,4.444,0.0,4.444,0
2022-06-15,4.505,4.505,4.505,4.505,0.0,4.505,0
2022-06-16,4.519,4.519,4.519,4.519,0.0,4.519,0
2022-06-17,4.416,4.416,4.416,4.416,0.0,4.416,0
2022-06-21,4.403,4.403,4.403,4.403,0.0,4.403,0
2022-06-22,4.458,4.458,4.458,4.458,0.0,4.458,0
2022-06-23,4.52,4.52,4.52,4.52,0.0,4.52,0
2022-06-24,4.296,4.296,4.296,4.296,0.0,4.296,0
2022-06-27,4.338,4.338,4.338,4.338,0.0,4.338,0
2022-06-28,4.308,4.308,4.308,4.308,0.0,4.308,0
2022-06-29,4.258,4.258,4.258,4.258,0.0,4.258,0
2022-06-30,4.003,4.003,4.003,4.003,0.0,4.003,0
2022-07-01,4.091,4.091,4.091,4.091,0.0,4.091,0
2022-07-04,4.091,4.091,4.091,4.091,0.0,4.091,0
2022-07-05,3.941,3.941,3.941,3.941,0.0,3.941,0
2022-07-06,4.033,4.033,4.033,4.033,0.0,4.033,0
2022-07-07,4.093,4.093,4.093,4.093,0.0,4.093,0
2022-07-08,4.092,4.092,4.092,4.092,0.0,4.092,0
2022-07-11,4.126,4.126,4.126,4.126,0.0,4.126,0
2022-07-12,4.028,4.028,4.028,4.028,0.0,4.028,0
2022-07-13,4.09,4.09,4.09,4.09,0.0,4.09,0
2022-07-14,4.046,4.046,4.046,4.046,0.0,4.046,0
2022-07-15,4.12,4.12,4.12,4.12,0.0,4.12,0
2022-07-18,4.02,4.02,4.02,4.02,0.0,4.02,0
2022-07-19,4.047,4.047,4.047,4.047,0.0,4.047,0
2022-07-20,4.19,4.19,4.19,4.19,0.0,4.19,0
2022-07-21,4.095,4.095,4.095,4.095,0.0,4.095,0
2022-07-22,4.099,4.099,4.099,4.099,0.0,4.099,0
2022-07-25,4.205,4.205,4.205,4.205,0.0,4.205,0
2022-07-26,4.232,4.232,4.232,4.232,0.0,4.232,0
2022-07-27,4.23,4.23,4.23,4.23,0.0,4.23,0
2022-07-28,4.206,4.206,4.206,4.206,0.0,4.206,0
2022-07-29,4.302,4.302,4.302,4.302,0.0,4.302,0
2022-08-01,4.285,4.285,4.285,4.285,0.0,4.285,0
2022-08-02,4.287,4.287,4.287,4.287,0.0,4.287,0
2022-08-03,4.319,4.319,4.319,4.319,0.0,4.319,0
2022-08-04,4.288,4.288,4.288,4.288,0.0,4.288,0
2022-08-05,4.244,4.244,4.244,4.244,0.0,4.244,0
2022-08-08,4.206,4.206,4.206,4.206,0.0,4.206,0
2022-08-09,4.243,4.243,4.243,4.243,0.0,4.243,0
2022-08-10,4.273,4.273,4.273,4.273,0.0,4.273,0
2022-08-11,4.356,4.356,4.356,4.356,0.0,4.356,0
2022-08-12,4.344,4.344,4.344,4.344,0.0,4.344,0
2022-08-15,4.428,4.428,4.428,4.428,0.0,4.428,0
2022-08-16,4.467,4.467,4.467,4.467,0.0,4.467,0
2022-08-17,4.45,4.45,4.45,4.45,0.0,4.45,0
2022-08-18,4.456,4.456,4.456,4.456,0.0,4.456,0
2022-08-19,4.472,4.472,4.472,4.472,0.0,4.472,0
2022-08-22,4.531,4.531,4.531,4.531,0.0,4.531,0
2022-08-23,4.538,4.538,4.538,4.538,0.0,4.538,0
2022-08-24,4.609,4.609,4.609,4.609,0.0,4.609,0
2022-08-25,4.671,4.671,4.671,4.671,0.0,4.671,0
2022-08-26,4.773,4.773,4.773,4.773,0.0,4.773,0
2022-08-29,4.852,4.852,4.852,4.852,0.0,4.852,0
2022-08-30,4.859,4.859,4.859,4.859,0.0,4.859,0
2022-08-31,4.877,4.877,4.877,4.877,0.0,4.877,0
2022-09-01,4.945,4.945,4.945,4.945,0.0,4.945,0
2022-09-02,5.055,5.055,5.055,5.055,0.0,5.055,0
2022-09-05,5.055,5.055,5.055,5.055,0.0,5.055,0
2022-09-06,5.068,5.068,5.068,5.068,0.0,5.068,0
2022-09-07,5.026,5.026,5.026,5.026,0.0,5.026,0
2022-09-08,4.998,4.998,4.998,4.998,0.0,4.998,0
2022-09-09,5.049,5.049,5.049,5.049,0.0,5.049,0
2022-09-12,4.994,4.994,4.994,4.994,0.0,4.994,0
2022-09-13,4.969,4.969,4.969,4.969,0.0,4.969,0
2022-09-14,5.028,5.028,5.028,5.028,0.0,5.028,0
2022-09-15,4.982,4.982,4.982,4.982,0.0,4.982,0
2022-09-16,4.877,4.877,4.877,4.877,0.0,4.877,0
2022-09-19,4.833,4.833,4.833,4.833,0.0,4.833,0
2022-09-20,4.764,4.764,4.764,4.764,0.0,4.764,0
2022-09-21,4.53,4.53,4.53,4.53,0.0,4.53,0
2022-09-22,4.378,4.378,4.378,4.378,0.0,4.378,0
2022-09-23,4.384,4.384,4.384,4.384,0.0,4.384,0
2022-09-26,4.303,4.303,4.303,4.303,0.0,4.303,0
2022-09-27,4.185,4.185,4.185,4.185,0.0,4.185,0
2022-09-28,4.121,4.121,4.121,4.121,0.0,4.121,0
2022-09-29,4.106,4.106,4.106,4.106,0.0,4.106,0
2022-09-30,4.112,4.112,4.112,4.112,0.0,4.112,0
2022-10-03,4.001,4.001,4.001,4.001,0.0,4.001,0
2022-10-04,4.051,4.051,4.051,4.051,0.0,4.051,0
2022-10-05,4.048,4.048,4.048,4.048,0.0,4.048,0
2022-10-06,4.075,4.075,4.075,4.075,0.0,4.075,0
2022-10-07,4.075,4.075,4.075,4.075,0.0,4.075,0
2022-10-10,4.097,4.097,4.097,4.097,0.0,4.097,0
2022-10-11,4.135,4.135,4.135,4.135,0.0,4.135,0
2022-10-12,4.114,4.114,4.114,4.114,0.0,4.114,0
2022-10-13,4.107,4.107,4.107,4.107,0.0,4.107,0
2022-10-14,4.13,4.13,4.13,4.13,0.0,4.13,0
2022-10-17,4.103,4.103,4.103,4.103,0.0,4.103,0
2022-10-18,4.068,4.068,4.068,4.068,0.0,4.068,0
2022-10-19,4.043,4.043,4.043,4.043,0.0,4.043,0
2022-10-20,4.208,4.208,4.208,4.208,0.0,4.208,0
2022-10-21,4.162,4.162,4.162,4.162,0.0,4.162,0
2022-10-24,4.123,4.123,4.123,4.123,0.0,4.123,0
2022-10-25,4.138,4.138,4.138,4.138,0.0,4.138,0
2022-10-26,4.155,4.155,4.155,4.155,0.0,4.155,0
2022-10-27,4.148,4.148,4.148,4.148,0.0,4.148,0
2022-10-28,4.153,4.153,4.153,4.153,0.0,4.153,0
2022-10-31,4.147,4.147,4.147,4.147,0.0,4.147,0
2022-11-01,4.112,4.112,4.112,4.112,0.0,4.112,0
2022-11-02,4.176,4.176,4.176,4.176,0.0,4.176,0
2022-11-03,4.201,4.201,4.201,4.201,0.0,4.201,0
2022-11-04,4.315,4.315,4.315,4.315,0.0,4.315,0
2022-11-07,4.359,4.359,4.359,4.359,0.0,4.359,0
2022-11-08,4.319,4.319,4.319,4.319,0.0,4.319,0
2022-11-09,4.333,4.333,4.333,4.333,0.0,4.333,0
2022-11-10,4.333,4.333,4.333,4.333,0.0,4.333,0
2022-11-11,4.306,4.306,4.306,4.306,0.0,4.306,0
2022-11-14,4.275,4.275,4.275,4.275,0.0,4.275,0
2022-11-15,4.271,4.271,4.271,4.271,0.0,4.271,0
2022-11-16,4.286,4.286,4.286,4.286,0.0,4.286,0
2022-11-17,4.243,4.243,4.243,4.243,0.0,4.243,0
2022-11-18,4.237,4.237,4.237,4.237,0.0,4.237,0
2022-11-21,4.192,4.192,4.192,4.192,0.0,4.192,0
2022-11-22,4.176,4.176,4.176,4.176,0.0,4.176,0
2022-11-23,4.226,4.226,4.226,4.226,0.0,4.226,0
2022-11-24,4.226,4.226,4.226,4.226,0.0,4.226,0
2022-11-25,4.22,4.22,4.22,4.22,0.0,4.22,0
2022-11-28,4.301,4.301,4.301,4.301,0.0,4.301,0
2022-11-29,4.275,4.275,4.275,4.275,0.0,4.275,0
2022-11-30,4.262,4.262,4.262,4.262,0.0,4.262,0
2022-12-01,4.242,4.242,4.242,4.242,0.0,4.242,0
2022-12-02,4.238,4.238,4.238,4.238,0.0,4.238,0
2022-12-05,4.246,4.246,4.246,4.246,0.0,4.246,0
2022-12-06,4.259,4.259,4.259,4.259,0.0,4.259,0
2022-12-07,4.264,4.264,4.264,4.264,0.0,4.264,0
2022-12-08,4.324,4.324,4.324,4.324,0.0,4.324,0
2022-12-09,4.328,4.328,4.328,4.328,0.0,4.328,0
2022-12-12,4.402,4.402,4.402,4.402,0.0,4.402,0
2022-12-13,4.39,4.39,4.39,4.39,0.0,4.39,0
2022-12-14,4.333,4.333,4.333,4.333,0.0,4.333,0
2022-12-15,4.374,4.374,4.374,4.374,0.0,4.374,0
2022-12-16,4.457,4.457,4.457,4.457,0.0,4.457,0
2022-12-19,4.433,4.433,4.433,4.433,0.0,4.433,0
2022-12-20,4.428,4.428,4.428,4.428,0.0,4.428,0
2022-12-21,4.34,4.34,4.34,4.34,0.0,4.34,0
2022-12-22,4.257,4.257,4.257,4.257,0.0,4.257,0
2022-12-23,4.27,4.27,4.27,4.27,0.0,4.27,0
2022-12-27,4.356,4.356,4.356,4.356,0.0,4.356,0
2022-12-28,4.278,4.278,4.278,4.278,0.0,4.278,0
2022-12-29,4.269,4.269,4.269,4.269,0.0,4.269,0
2022-12-30,4.278,4.278,4.278,4.278,0.0,4.278,0
2023-01-03,4.224,4.224,4.224,4.224,0.0,4.224,0
2023-01-04,4.227,4.227,4.227,4.227,0.0,4.227,0
2023-01-05,4.149,4.149,4.149,4.149,0.0,4.149,0
2023-01-06,4.093,4.093,4.093,4.093,0.0,4.093,0
2023-01-09,4.101,4.101,4.101,4.101,0.0,4.101,0
2023-01-10,4.125,4.125,4.125,4.125,0.0,4.125,0
2023-01-11,4.091,4.091,4.091,4.091,0.0,4.091,0
2023-01-12,4.09,4.09,4.09,4.09,0.0,4.09,0
2023-01-13,4.099,4.099,4.099,4.099,0.0,4.099,0
2023-01-16,4.099,4.099,4.099,4.099,0.0,4.099,0
2023-01-17,4.115,4.115,4.115,4.115,0.0,4.115,0
2023-01-18,4.149,4.149,4.149,4.149,0.0,4.149,0
2023-01-19,4.189,4.189,4.189,4.189,0.0,4.189,0
2023-01-20,4.153,4.153,4.153,4.153,0.0,4.153,0
2023-01-23,4.054,4.054,4.054,4.054,0.0,4.054,0
2023-01-24,4.023,4.023,4.023,4.023,0.0,4.023,0
2023-01-25,3.966,3.966,3.966,3.966,0.0,3.966,0
2023-01-26,3.973,3.973,3.973,3.973,0.0,3.973,0
2023-01-27,3.964,3.964,3.964,3.964,0.0,3.964,0
2023-01-30,3.885,3.885,3.885,3.885,0.0,3.885,0
2023-01-31,3.906,3.906,3.906,3.906,0.0,3.906,0
2023-02-01,3.727,3.727,3.727,3.727,0.0,3.727,0
2023-02-02,3.707,3.707,3.707,3.707,0.0,3.707,0
2023-02-03,3.658,3.658,3.658,3.658,0.0,3.658,0
2023-02-10,3.672,3.672,3.672,3.672,0.0,3.672,0
2023-02-13,3.615,3.615,3.615,3.615,0.0,3.615,0
2023-02-14,3.616,3.616,3.616,3.616,0.0,3.616,0
2023-02-15,3.611,3.611,3.611,3.611,0.0,3.611,0
2023-02-16,3.611,3.611,3.611,3.611,0.0,3.611,0
2023-02-17,3.597,3.597,3.597,3.597,0.0,3.597,0
2023-02-20,3.597,3.597,3.597,3.597,0.0,3.597,0
2023-02-21,3.597,3.597,3.597,3.597,0.0,3.597,0
2023-02-22,3.608,3.608,3.608,3.608,0.0,3.608,0
2023-02-23,3.642,3.642,3.642,3.642,0.0,3.642,0
2023-02-24,3.701,3.701,3.701,3.701,0.0,3.701,0
2023-02-27,3.743,3.743,3.743,3.743,0.0,3.743,0
2023-02-28,3.791,3.791,3.791,3.791,0.0,3.791,0
2023-03-01,3.872,3.872,3.872,3.872,0.0,3.872,0
2023-03-02,3.88,3.88,3.88,3.88,0.0,3.88,0
2023-03-03,3.92,3.92,3.92,3.92,0.0,3.92,0
2023-03-06,3.954,3.954,3.954,3.954,0.0,3.954,0
2023-03-07,3.978,3.978,3.978,3.978,0.0,3.978,0
2023-03-08,3.967,3.967,3.967,3.967,0.0,3.967,0
2023-03-09,3.669,3.669,3.669,3.669,0.0,3.669,0
2023-03-10,3.77,3.77,3.77,3.77,0.0,3.77,0
2023-03-13,3.781,3.781,3.781,3.781,0.0,3.781,0
2023-03-14,3.862,3.862,3.862,3.862,0.0,3.862,0
2023-03-15,3.914,3.914,3.914,3.914,0.0,3.914,0
2023-03-16,3.956,3.956,3.956,3.956,0.0,3.956,0
2023-03-17,3.949,3.949,3.949,3.949,0.0,3.949,0
2023-03-20,3.908,3.908,3.908,3.908,0.0,3.908,0
2023-03-21,3.957,3.957,3.957,3.957,0.0,3.957,0
2023-03-22,3.911,3.911,3.911,3.911,0.0,3.911,0
2023-03-23,3.946,3.946,3.946,3.946,0.0,3.946,0
2023-03-24,3.904,3.904,3.904,3.904,0.0,3.904,0
2023-03-27,3.883,3.883,3.883,3.883,0.0,3.883,0
2023-03-28,3.841,3.841,3.841,3.841,0.0,3.841,0
2023-03-29,3.868,3.868,3.868,3.868,0.0,3.868,0
2023-03-30,3.876,3.876,3.876,3.876,0.0,3.876,0
2023-03-31,3.869,3.869,3.869,3.869,0.0,3.869,0
2023-04-03,3.877,3.877,3.877,3.877,0.0,3.877,0
2023-04-04,3.889,3.889,3.889,3.889,0.0,3.889,0
2023-04-05,3.862,3.862,3.862,3.862,0.0,3.862,0
2023-04-06,3.818,3.818,3.818,3.818,0.0,3.818,0
2023-04-10,3.88,3.88,3.88,3.88,0.0,3.88,0
2023-04-11,3.89,3.89,3.89,3.89,0.0,3.89,0
2023-04-12,3.816,3.816,3.816,3.816,0.0,3.816,0
2023-04-13,3.784,3.784,3.784,3.784,0.0,3.784,0
2023-04-14,3.804,3.804,3.804,3.804,0.0,3.804,0
2023-04-17,3.87,3.87,3.87,3.87,0.0,3.87,0
2023-04-18,3.868,3.868,3.868,3.868,0.0,3.868,0
2023-04-19,3.89,3.89,3.89,3.89,0.0,3.89,0
2023-04-20,3.922,3.922,3.922,3.922,0.0,3.922,0
2023-04-21,3.929,3.929,3.929,3.929,0.0,3.929,0
2023-04-24,3.92,3.92,3.92,3.92,0.0,3.92,0
2023-04-25,3.859,3.918,3.859,3.918,34.0,3.859,1
2023-04-26,3.939,3.939,3.939,3.939,0.0,3.939,0
2023-04-27,3.943,3.943,3.943,3.943,0.0,3.943,0
2023-04-28,3.904,3.904,3.904,3.904,0.0,3.904,0
2023-05-01,3.861,3.861,3.861,3.861,0.0,3.861,0
2023-05-02,3.857,3.857,3.857,3.857,0.0,3.857,0
2023-05-03,3.909,3.909,3.909,3.909,0.0,3.909,0
2023-05-04,3.916,3.916,3.916,3.916,0.0,3.916,0
2023-05-05,3.848,3.848,3.848,3.848,0.0,3.848,0
2023-05-08,3.816,3.816,3.816,3.816,0.0,3.816,0
2023-05-09,3.799,3.799,3.799,3.799,0.0,3.799,0
2023-05-10,3.815,3.815,3.815,3.815,0.0,3.815,0
2023-05-11,3.731,3.731,3.731,3.731,0.0,3.731,0
2023-05-12,3.708,3.708,3.708,3.708,0.0,3.708,0
2023-05-15,3.712,3.712,3.712,3.712,0.0,3.712,0
2023-05-16,3.698,3.698,3.698,3.698,0.0,3.698,0
2023-05-17,3.622,3.622,3.622,3.622,0.0,3.622,0
2023-05-18,3.602,3.602,3.602,3.602,0.0,3.602,0
2023-05-19,3.533,3.533,3.533,3.533,0.0,3.533,0
2023-05-22,3.523,3.523,3.523,3.523,0.0,3.523,0
2023-05-23,3.511,3.511,3.511,3.511,0.0,3.511,0
2023-05-24,3.566,3.566,3.566,3.566,0.0,3.566,0
2023-05-25,3.499,3.499,3.499,3.499,0.0,3.499,0
2023-05-26,3.527,3.527,3.527,3.527,0.0,3.527,0
2023-05-29,3.527,3.527,3.527,3.527,0.0,3.527,0
2023-05-30,3.487,3.487,3.487,3.487,0.0,3.487,0
2023-05-31,3.452,3.452,3.452,3.452,0.0,3.452,0
2023-06-01,3.31,3.31,3.31,3.31,0.0,3.31,0
2023-06-02,3.35,3.35,3.35,3.35,0.0,3.35,0
2023-06-05,3.42,3.42,3.42,3.42,0.0,3.42,0
2023-06-06,3.417,3.417,3.417,3.417,0.0,3.417,0
2023-06-07,3.391,3.391,3.391,3.391,0.0,3.391,0
2023-06-08,3.362,3.362,3.362,3.362,0.0,3.362,0
2023-06-09,3.367,3.367,3.367,3.367,0.0,3.367,0
2023-06-12,3.364,3.364,3.364,3.364,0.0,3.364,0
2023-06-13,3.329,3.329,3.329,3.329,0.0,3.329,0
2023-06-14,3.367,3.367,3.367,3.367,0.0,3.367,0
2023-06-15,3.339,3.339,3.339,3.339,0.0,3.339,0
2023-06-16,3.358,3.358,3.358,3.358,0.0,3.358,0
2023-06-19,3.358,3.358,3.358,3.358,0.0,3.358,0
2023-06-20,3.405,3.405,3.405,3.405,0.0,3.405,0
2023-06-21,3.471,3.471,3.471,3.471,0.0,3.471,0
2023-06-22,3.489,3.489,3.489,3.489,0.0,3.489,0
2023-06-23,3.383,3.383,3.383,3.383,0.0,3.383,0
2023-06-26,3.357,3.357,3.357,3.357,0.0,3.357,0
2023-06-27,3.417,3.417,3.417,3.417,0.0,3.417,0
2023-06-28,3.212,3.212,3.212,3.212,0.0,3.212,0
2023-06-29,3.171,3.171,3.171,3.171,0.0,3.171,0
2023-06-30,3.203,3.203,3.203,3.203,0.0,3.203,0
2023-07-03,3.204,3.204,3.204,3.204,0.0,3.204,0
2023-07-04,3.204,3.204,3.204,3.204,0.0,3.204,0
2023-07-05,3.194,3.194,3.194,3.194,0.0,3.194,0
2023-07-06,3.196,3.196,3.196,3.196,0.0,3.196,0
2023-07-07,3.277,3.277,3.277,3.277,0.0,3.277,0
2023-07-10,3.321,3.321,3.321,3.321,0.0,3.321,0
2023-07-11,3.39,3.39,3.39,3.39,0.0,3.39,0
2023-07-12,3.456,3.456,3.456,3.456,0.0,3.456,0
2023-07-13,3.252,3.252,3.252,3.252,0.0,3.252,0
2023-07-14,3.351,3.351,3.351,3.351,0.0,3.351,0
2023-07-17,3.376,3.376,3.376,3.376,0.0,3.376,0
2023-07-18,3.435,3.435,3.435,3.435,0.0,3.435,0
2023-07-19,3.444,3.444,3.444,3.444,0.0,3.444,0
2023-07-20,3.431,3.431,3.431,3.431,0.0,3.431,0
2023-07-21,3.449,3.449,3.449,3.449,0.0,3.449,0
2023-07-24,3.495,3.495,3.495,3.495,0.0,3.495,0
2023-07-25,3.509,3.509,3.509,3.509,0.0,3.509,0
2023-07-26,3.527,3.527,3.527,3.527,0.0,3.527,0
2023-07-27,3.518,3.518,3.518,3.518,0.0,3.518,0
2023-07-28,3.527,3.527,3.527,3.527,0.0,3.527,0
2023-07-31,3.456,3.456,3.456,3.456,0.0,3.456,0
2023-08-01,3.366,3.366,3.366,3.366,0.0,3.366,0
2023-08-02,3.383,3.383,3.383,3.383,0.0,3.383,0
2023-08-03,3.363,3.363,3.363,3.363,0.0,3.363,0
2023-08-04,3.371,3.371,3.371,3.371,0.0,3.371,0
2023-08-07,3.432,3.432,3.432,3.432,0.0,3.432,0
2023-08-08,3.48,3.48,3.48,3.48,0.0,3.48,0
2023-08-09,3.442,3.442,3.442,3.442,0.0,3.442,0
2023-08-10,3.427,3.427,3.427,3.427,0.0,3.427,0
2023-08-11,3.455,3.455,3.455,3.455,0.0,3.455,0
2023-08-14,3.402,3.402,3.402,3.402,0.0,3.402,0
2023-08-15,3.524,3.524,3.524,3.524,0.0,3.524,0
2023-08-16,3.538,3.538,3.538,3.538,0.0,3.538,0
2023-08-17,3.517,3.517,3.517,3.517,0.0,3.517,0
2023-08-18,3.463,3.463,3.463,3.463,0.0,3.463,0
2023-08-21,3.541,3.541,3.541,3.541,0.0,3.541,0
2023-08-22,3.499,3.499,3.499,3.499,0.0,3.499,0
2023-08-23,3.589,3.589,3.589,3.589,0.0,3.589,0
2023-08-24,3.461,3.461,3.461,3.461,0.0,3.461,0
2023-08-25,3.442,3.442,3.442,3.442,0.0,3.442,0
2023-08-28,3.431,3.431,3.431,3.431,0.0,3.431,0
2023-08-29,3.408,3.408,3.408,3.408,0.0,3.408,0
2023-08-30,3.463,3.463,3.463,3.463,0.0,3.463,0
2023-08-31,3.47,3.47,3.47,3.47,0.0,3.47,0
2023-09-01,3.469,3.469,3.469,3.469,0.0,3.469,0
2023-09-04,3.469,3.469,3.469,3.469,0.0,3.469,0
2023-09-05,3.415,3.415,3.415,3.415,0.0,3.415,0
2023-09-06,3.429,3.429,3.429,3.429,0.0,3.429,0
2023-09-07,3.421,3.421,3.421,3.421,0.0,3.421,0
2023-09-08,3.402,3.402,3.402,3.402,0.0,3.402,0
2023-09-11,3.294,3.294,3.294,3.294,0.0,3.294,0
2023-09-12,3.306,3.306,3.306,3.306,0.0,3.306,0
2023-09-13,3.367,3.367,3.367,3.367,0.0,3.367,0
2023-09-14,3.331,3.331,3.331,3.331,0.0,3.331,0
2023-09-15,3.32,3.32,3.32,3.32,0.0,3.32,0
2023-09-18,3.312,3.312,3.312,3.312,0.0,3.312,0
2023-09-19,3.225,3.225,3.225,3.225,0.0,3.225,0
2023-09-20,3.308,3.308,3.308,3.308,0.0,3.308,0
2023-09-21,3.364,3.364,3.364,3.364,0.0,3.364,0
2023-09-22,3.372,3.372,3.372,3.372,0.0,3.372,0
2023-09-25,3.445,3.445,3.445,3.445,0.0,3.445,0
2023-09-26,3.4,3.4,3.4,3.4,0.0,3.4,0
2023-09-27,3.353,3.353,3.353,3.353,0.0,3.353,0
2023-09-28,3.36,3.36,3.36,3.36,0.0,3.36,0
2023-09-29,3.406,3.406,3.406,3.406,0.0,3.406,0
2023-10-02,3.38,3.38,3.38,3.38,0.0,3.38,0
2023-10-03,3.505,3.505,3.505,3.505,0.0,3.505,0
2023-10-04,3.427,3.427,3.427,3.427,0.0,3.427,0
2023-10-05,3.352,3.352,3.352,3.352,0.0,3.352,0
2023-10-06,3.312,3.312,3.312,3.312,0.0,3.312,0
2023-10-09,3.313,3.313,3.313,3.313,0.0,3.313,0
2023-10-10,3.315,3.315,3.315,3.315,0.0,3.315,0
2023-10-11,3.334,3.334,3.334,3.334,0.0,3.334,0
2023-10-12,3.464,3.464,3.464,3.464,0.0,3.464,0
2023-10-13,3.398,3.398,3.398,3.398,0.0,3.398,0
2023-10-16,3.378,3.378,3.378,3.378,0.0,3.378,0
2023-10-17,3.379,3.379,3.379,3.379,0.0,3.379,0
2023-10-18,3.374,3.374,3.374,3.374,0.0,3.374,0
2023-10-19,3.393,3.393,3.393,3.393,0.0,3.393,0
2023-10-20,3.399,3.399,3.399,3.399,0.0,3.399,0
2023-10-23,3.403,3.403,3.403,3.403,0.0,3.403,0
2023-10-24,3.408,3.408,3.408,3.408,0.0,3.408,0
2023-10-25,3.416,3.416,3.416,3.416,0.0,3.416,0
2023-10-26,3.401,3.401,3.401,3.401,0.0,3.401,0
2023-10-27,3.407,3.407,3.407,3.407,0.0,3.407,0
2023-10-30,3.398,3.398,3.398,3.398,0.0,3.398,0
2023-10-31,3.416,3.416,3.416,3.416,0.0,3.416,0
2023-11-01,3.514,3.514,3.514,3.514,0.0,3.514,0
2023-11-02,3.574,3.574,3.574,3.574,0.0,3.574,0
2023-11-03,3.425,3.425,3.425,3.425,0.0,3.425,0
2023-11-06,3.45,3.45,3.45,3.45,0.0,3.45,0
2023-11-07,3.481,3.481,3.481,3.481,0.0,3.481,0
2023-11-08,3.398,3.398,3.398,3.398,0.0,3.398,0
2023-11-09,3.4,3.4,3.4,3.4,0.0,3.4,0
2023-11-10,3.362,3.362,3.362,3.362,0.0,3.362,0
2023-11-13,3.41,3.41,3.41,3.41,0.0,3.41,0
2023-11-14,3.39,3.39,3.39,3.39,0.0,3.39,0
2023-11-15,3.435,3.435,3.435,3.435,0.0,3.435,0
2023-11-16,3.416,3.416,3.416,3.416,0.0,3.416,0
2023-11-17,3.419,3.419,3.419,3.419,0.0,3.419,0
2023-11-20,3.406,3.406,3.406,3.406,0.0,3.406,0
2023-11-21,3.381,3.381,3.381,3.381,0.0,3.381,0
2023-11-22,3.368,3.368,3.368,3.368,0.0,3.368,0
2023-11-23,3.368,3.368,3.368,3.368,0.0,3.368,0
2023-11-24,3.428,3.428,3.428,3.428,0.0,3.428,0
2023-11-27,3.443,3.443,3.443,3.443,0.0,3.443,0
2023-11-28,3.388,3.388,3.388,3.388,0.0,3.388,0
2023-11-29,3.363,3.363,3.363,3.363,0.0,3.363,0
2023-11-30,3.382,3.382,3.382,3.382,0.0,3.382,0
2023-12-01,3.398,3.398,3.398,3.398,0.0,3.398,0
2023-12-04,3.364,3.364,3.364,3.364,0.0,3.364,0
2023-12-05,3.329,3.329,3.329,3.329,0.0,3.329,0
2023-12-06,3.139,3.139,3.139,3.139,0.0,3.139,0
2023-12-07,3.162,3.162,3.162,3.162,0.0,3.162,0
2023-12-08,3.188,3.188,3.188,3.188,0.0,3.188,0
2023-12-11,3.22,3.22,3.22,3.22,0.0,3.22,0
2023-12-12,3.269,3.269,3.269,3.269,0.0,3.269,0
2023-12-13,3.31,3.31,3.31,3.31,0.0,3.31,0
2023-12-14,3.32,3.32,3.32,3.32,0.0,3.32,0
2023-12-15,3.394,3.394,3.394,3.394,0.0,3.394,0
2023-12-18,3.391,3.391,3.391,3.391,0.0,3.391,0
2023-12-19,3.274,3.274,3.274,3.274,0.0,3.274,0
2023-12-20,3.345,3.345,3.345,3.345,0.0,3.345,0
2023-12-21,3.234,3.234,3.234,3.234,0.0,3.234,0
2023-12-22,3.196,3.196,3.196,3.196,0.0,3.196,0
2023-12-26,3.146,3.146,3.146,3.146,0.0,3.146,0
2023-12-27,3.165,3.165,3.165,3.165,0.0,3.165,0
2023-12-28,3.151,3.151,3.151,3.151,0.0,3.151,0
2023-12-29,3.149,3.149,3.149,3.149,0.0,3.149,0
2024-01-02,3.145,3.145,3.145,3.145,0.0,3.145,0
2024-01-03,3.268,3.268,3.268,3.268,0.0,3.268,0
2024-01-04,3.271,3.271,3.271,3.271,0.0,3.271,0
2024-01-05,3.248,3.248,3.248,3.248,0.0,3.248,0
2024-01-08,3.258,3.258,3.258,3.258,0.0,3.258,0
2024-01-09,3.335,3.335,3.335,3.335,0.0,3.335,0
2024-01-10,3.302,3.302,3.302,3.302,0.0,3.302,0
2024-01-11,3.205,3.205,3.205,3.205,0.0,3.205,0
2024-01-12,3.201,3.201,3.201,3.201,0.0,3.201,0
2024-01-15,3.201,3.201,3.201,3.201,0.0,3.201,0
2024-01-16,3.183,3.183,3.183,3.183,0.0,3.183,0
2024-01-17,3.226,3.226,3.226,3.226,0.0,3.226,0
2024-01-18,3.232,3.232,3.232,3.232,0.0,3.232,0
2024-01-19,3.175,3.175,3.175,3.175,0.0,3.175,0
2024-01-22,3.104,3.104,3.104,3.104,0.0,3.104,0
2024-01-23,3.217,3.217,3.217,3.217,0.0,3.217,0
2024-01-24,3.181,3.181,3.181,3.181,0.0,3.181,0
2024-01-25,3.081,3.081,3.081,3.081,0.0,3.081,0
2024-01-26,3.076,3.076,3.076,3.076,0.0,3.076,0
2024-01-29,3.008,3.008,3.008,3.008,0.0,3.008,0
2024-01-30,3.067,3.067,3.067,3.067,0.0,3.067,0
2024-01-31,3.084,3.084,3.084,3.084,0.0,3.084,0
2024-02-01,3.167,3.167,3.167,3.167,0.0,3.167,0
2024-02-02,3.25,3.25,3.25,3.25,0.0,3.25,0
2024-02-05,3.227,3.227,3.227,3.227,0.0,3.227,0
2024-02-06,3.22,3.22,3.22,3.22,0.0,3.22,0
2024-02-07,3.173,3.173,3.173,3.173,0.0,3.173,0
2024-02-08,3.161,3.161,3.161,3.161,0.0,3.161,0
2024-02-09,3.16,3.16,3.16,3.16,0.0,3.16,0
2024-02-12,3.141,3.141,3.141,3.141,0.0,3.141,0
2024-02-13,3.14,3.182,3.14,3.182,1.0,3.14,1
2024-02-14,3.154,3.154,3.154,3.154,0.0,3.154,0
2024-02-15,3.086,3.086,3.086,3.086,0.0,3.086,0
2024-02-16,3.066,3.066,3.066,3.066,0.0,3.066,0
2024-02-19,3.066,3.066,3.066,3.066,0.0,3.066,0
2024-02-20,3.078,3.078,3.078,3.078,0.0,3.078,0
2024-02-21,3.086,3.086,3.086,3.086,0.0,3.086,0
2024-02-22,3.147,3.147,3.147,3.147,0.0,3.147,0
2024-02-23,3.1,3.1,3.1,3.1,0.0,3.1,0
2024-02-26,3.104,3.104,3.104,3.104,0.0,3.104,0
2024-02-27,3.108,3.108,3.108,3.108,0.0,3.108,0
2024-02-28,3.128,3.128,3.128,3.128,0.0,3.128,0
2024-02-29,3.129,3.129,3.129,3.129,0.0,3.129,0
2024-03-01,3.101,3.101,3.101,3.101,0.0,3.101,0
2024-03-04,3.083,3.083,3.083,3.083,0.0,3.083,0
2024-03-05,3.115,3.115,3.115,3.115,0.0,3.115,0
2024-03-06,3.137,3.137,3.137,3.137,0.0,3.137,0
2024-03-07,3.141,3.141,3.141,3.141,0.0,3.141,0
2024-03-08,3.183,3.183,3.183,3.183,0.0,3.183,0
2024-03-11,3.199,3.199,3.199,3.199,0.0,3.199,0
2024-03-12,3.18,3.18,3.18,3.18,0.0,3.18,0
2024-03-13,3.177,3.177,3.177,3.177,0.0,3.177,0
2024-03-14,3.182,3.182,3.182,3.182,0.0,3.182,0
2024-03-15,3.173,3.173,3.173,3.173,0.0,3.173,0
2024-03-18,3.171,3.171,3.171,3.171,0.0,3.171,0
2024-03-19,3.178,3.178,3.178,3.178,0.0,3.178,0
2024-03-20,3.157,3.157,3.157,3.157,0.0,3.157,0
2024-03-21,3.123,3.123,3.123,3.123,0.0,3.123,0
2024-03-22,3.165,3.165,3.165,3.165,0.0,3.165,0
2024-03-25,3.097,3.097,3.097,3.097,0.0,3.097,0
2024-03-26,3.099,3.099,3.099,3.099,0.0,3.099,0
2024-03-27,3.084,3.084,3.084,3.084,0.0,3.084,0
2024-03-28,3.113,3.113,3.113,3.113,0.0,3.113,0
2024-04-01,3.152,3.152,3.152,3.152,0.0,3.152,0
2024-04-02,3.236,3.236,3.236,3.236,0.0,3.236,0
2024-04-03,3.202,3.202,3.202,3.202,0.0,3.202,0
2024-04-04,3.2,3.2,3.2,3.2,0.0,3.2,0
2024-04-05,3.207,3.207,3.207,3.207,0.0,3.207,0
2024-04-08,3.201,3.201,3.201,3.201,0.0,3.201,0
2024-04-09,3.175,3.175,3.175,3.175,0.0,3.175,0
2024-04-10,3.213,3.213,3.213,3.213,0.0,3.213,0
2024-04-11,3.275,3.275,3.275,3.275,0.0,3.275,0
2024-04-12,3.357,3.357,3.357,3.357,0.0,3.357,0
2024-04-15,3.415,3.415,3.415,3.415,0.0,3.415,0
2024-04-16,3.466,3.466,3.466,3.466,0.0,3.466,0
2024-04-17,3.453,3.453,3.453,3.453,0.0,3.453,0
2024-04-18,3.44,3.44,3.44,3.44,0.0,3.44,0
2024-04-19,3.432,3.432,3.432,3.432,0.0,3.432,0
2024-04-22,3.43,3.43,3.43,3.43,0.0,3.43,0
2024-04-23,3.404,3.404,3.404,3.404,0.0,3.404,0
2024-04-24,3.4,3.4,3.4,3.4,0.0,3.4,0
2024-04-25,3.407,3.407,3.407,3.407,0.0,3.407,0
2024-04-26,3.388,3.388,3.388,3.388,0.0,3.388,0
2024-04-29,3.401,3.401,3.401,3.401,0.0,3.401,0
2024-04-30,3.421,3.421,3.421,3.421,0.0,3.421,0
2024-05-01,3.419,3.419,3.419,3.419,0.0,3.419,0
2024-05-02,3.43,3.43,3.43,3.43,0.0,3.43,0
2024-05-03,3.425,3.425,3.425,3.425,0.0,3.425,0
2024-05-06,3.417,3.417,3.417,3.417,0.0,3.417,0
2024-05-07,3.36,3.36,3.36,3.36,0.0,3.36,0
2024-05-08,3.286,3.286,3.286,3.286,0.0,3.286,0
2024-05-09,3.201,3.201,3.201,3.201,0.0,3.201,0
2024-05-10,3.247,3.247,3.247,3.247,0.0,3.247,0
2024-05-13,3.262,3.262,3.262,3.262,0.0,3.262,0
2024-05-14,3.285,3.285,3.285,3.285,0.0,3.285,0
2024-05-15,3.318,3.318,3.318,3.318,0.0,3.318,0
2024-05-16,3.348,3.348,3.348,3.348,0.0,3.348,0
2024-05-17,3.407,3.407,3.407,3.407,0.0,3.407,0
2024-05-20,3.396,3.396,3.396,3.396,0.0,3.396,0
2024-05-21,3.425,3.425,3.425,3.425,0.0,3.425,0
2024-05-22,3.42,3.42,3.42,3.42,0.0,3.42,0
2024-05-23,3.432,3.432,3.432,3.432,0.0,3.432,0
2024-05-24,3.436,3.436,3.436,3.436,0.0,3.436,0
2024-05-27,3.436,3.436,3.436,3.436,0.0,3.436,0
2024-05-28,3.422,3.422,3.422,3.422,0.0,3.422,0
2024-05-29,3.363,3.363,3.363,3.363,0.0,3.363,0
2024-05-30,3.369,3.369,3.369,3.369,0.0,3.369,0
2024-05-31,3.342,3.342,3.342,3.342,0.0,3.342,0
2024-06-03,3.356,3.356,3.356,3.356,0.0,3.356,0
2024-06-04,3.323,3.323,3.323,3.323,0.0,3.323,0
2024-06-05,3.294,3.294,3.294,3.294,0.0,3.294,0
2024-06-06,3.304,3.304,3.304,3.304,0.0,3.304,0
2024-06-07,3.303,3.303,3.303,3.303,0.0,3.303,0
2024-06-10,3.297,3.297,3.297,3.297,0.0,3.297,0
2024-06-11,3.32,3.32,3.277,3.277,1.0,3.32,1
2024-06-12,3.226,3.226,3.226,3.226,0.0,3.226,0
2024-06-13,3.207,3.207,3.207,3.207,0.0,3.207,0
2024-06-14,3.261,3.261,3.261,3.261,0.0,3.261,0
2024-06-17,3.265,3.265,3.265,3.265,0.0,3.265,0
2024-06-18,3.306,3.306,3.306,3.306,0.0,3.306,0
2024-06-19,3.306,3.306,3.306,3.306,0.0,3.306,0
2024-06-20,3.239,3.239,3.239,3.239,0.0,3.239,0
2024-06-21,3.2,3.2,3.192,3.192,50.0,3.2,1
2024-06-24,3.121,3.121,3.121,3.121,0.0,3.121,0
2024-06-25,3.116,3.116,3.116,3.116,0.0,3.116,0
2024-06-26,3.112,3.112,3.112,3.112,0.0,3.112,0
2024-06-27,3.076,3.076,3.076,3.076,0.0,3.076,0
2024-06-28,3.127,3.127,3.127,3.127,0.0,3.127,0
2024-07-01,3.096,3.096,3.096,3.096,0.0,3.096,0
2024-07-02,3.104,3.104,3.104,3.104,0.0,3.104,0
2024-07-03,3.07,3.07,3.07,3.07,0.0,3.07,0
2024-07-04,3.07,3.07,3.07,3.07,0.0,3.07,0
2024-07-05,3.047,3.047,3.047,3.047,0.0,3.047,0
2024-07-08,3.075,3.075,3.075,3.075,0.0,3.075,0
2024-07-09,3.057,3.057,3.057,3.057,0.0,3.057,0
2024-07-10,3.079,3.079,3.079,3.079,0.0,3.079,0
2024-07-11,3.051,3.051,3.051,3.051,0.0,3.051,0
2024-07-12,3.072,3.072,3.072,3.072,0.0,3.072,0
2024-07-15,3.069,3.069,3.069,3.069,0.0,3.069,0
2024-07-16,3.035,3.035,3.035,3.035,0.0,3.035,0
2024-07-17,3.023,3.023,3.023,3.023,0.0,3.023,0
2024-07-18,3.021,3.021,3.021,3.021,0.0,3.021,0
2024-07-19,3.059,3.059,3.059,3.059,0.0,3.059,0
2024-07-22,3.074,3.074,3.074,3.074,0.0,3.074,0
2024-07-23,3.079,3.079,3.079,3.079,0.0,3.079,0
2024-07-24,3.069,3.069,3.069,3.069,0.0,3.069,0
2024-07-25,3.014,3.014,3.014,3.014,0.0,3.014,0
2024-07-26,3.037,3.037,3.037,3.037,0.0,3.037,0
2024-07-29,3.041,3.041,3.041,3.041,0.0,3.041,0
2024-07-30,3.015,3.015,3.015,3.015,0.0,3.015,0
2024-07-31,3.006,3.006,3.006,3.006,0.0,3.006,0
2024-08-01,2.957,2.964,2.957,2.964,23.0,2.957,1
2024-08-02,2.961,2.961,2.961,2.961,0.0,2.961,0
2024-08-05,2.904,2.904,2.904,2.904,0.0,2.904,0
2024-08-06,2.876,2.876,2.876,2.876,0.0,2.876,0
2024-08-07,2.867,2.867,2.867,2.867,0.0,2.867,0
2024-08-08,2.874,2.874,2.874,2.874,0.0,2.874,0
2024-08-09,2.899,2.899,2.899,2.899,0.0,2.899,0
2024-08-12,2.907,2.907,2.907,2.907,0.0,2.907,0
2024-08-13,2.889,2.889,2.889,2.889,0.0,2.889,0
2024-08-14,2.905,2.905,2.905,2.905,0.0,2.905,0
2024-08-15,2.908,2.908,2.908,2.908,0.0,2.908,0
2024-08-16,2.927,2.927,2.927,2.927,0.0,2.927,0
2024-08-19,2.949,2.949,2.949,2.949,0.0,2.949,0
2024-08-20,2.961,2.961,2.961,2.961,0.0,2.961,0
2024-08-21,2.976,2.976,2.976,2.976,0.0,2.976,0
2024-08-22,2.987,2.987,2.987,2.987,0.0,2.987,0
2024-08-23,3.025,3.025,3.025,3.025,0.0,3.025,0
2024-08-26,3.046,3.046,3.046,3.046,0.0,3.046,0
2024-08-27,3.039,3.039,3.039,3.039,0.0,3.039,0
2024-08-28,3.029,3.029,3.029,3.029,0.0,3.029,0
2024-08-29,3.007,3.007,3.007,3.007,0.0,3.007,0
2024-08-30,2.999,2.999,2.999,2.999,0.0,2.999,0
2024-09-02,2.999,2.999,2.999,2.999,0.0,2.999,0
2024-09-03,2.986,2.986,2.986,2.986,0.0,2.986,0
2024-09-04,3.002,3.002,3.002,3.002,0.0,3.002,0
2024-09-05,2.971,2.971,2.971,2.971,0.0,2.971,0
2024-09-06,2.891,2.891,2.891,2.891,0.0,2.891,0
2024-09-09,2.921,2.921,2.921,2.921,0.0,2.921,0
2024-09-10,2.905,2.905,2.905,2.905,0.0,2.905,0
2024-09-11,2.88,2.88,2.88,2.88,0.0,2.88,0
2024-09-12,2.864,2.864,2.864,2.864,0.0,2.864,0
2024-09-13,2.855,2.855,2.832,2.832,1.0,2.855,1
2024-09-16,2.839,2.839,2.839,2.839,0.0,2.839,0
2024-09-17,2.805,2.805,2.805,2.805,0.0,2.805,0
2024-09-18,2.83,2.83,2.83,2.83,0.0,2.83,0
2024-09-19,2.813,2.813,2.813,2.813,0.0,2.813,0
2024-09-20,2.836,2.836,2.836,2.836,0.0,2.836,0
2024-09-23,2.815,2.815,2.815,2.815,0.0,2.815,0
2024-09-24,2.873,2.873,2.873,2.873,0.0,2.873,0
2024-09-25,2.905,2.905,2.905,2.905,0.0,2.905,0
2024-09-26,2.924,2.924,2.924,2.924,0.0,2.924,0
2024-09-27,2.941,2.941,2.941,2.941,0.0,2.941,0
2024-09-30,2.925,2.925,2.925,2.925,0.0,2.925,0
2024-10-01,2.907,2.907,2.907,2.907,0.0,2.907,0
2024-10-02,2.883,2.883,2.883,2.883,0.0,2.883,0
2024-10-03,2.925,2.925,2.925,2.925,0.0,2.925,0
2024-10-04,2.959,2.959,2.959,2.959,0.0,2.959,0
2024-10-07,2.96,2.96,2.96,2.96,0.0,2.96,0
2024-10-08,2.93,2.93,2.93,2.93,0.0,2.93,0
2024-10-09,2.91,2.91,2.91,2.91,0.0,2.91,0
2024-10-10,2.935,2.935,2.935,2.935,0.0,2.935,0
2024-10-11,2.932,2.932,2.932,2.932,0.0,2.932,0
2024-10-14,2.961,2.961,2.961,2.961,0.0,2.961,0
2024-10-15,3.017,3.017,3.017,3.017,0.0,3.017,0
2024-10-16,2.967,2.967,2.913,2.913,1.0,2.967,1
2024-10-17,2.954,2.954,2.954,2.954,0.0,2.954,0
2024-10-18,2.948,2.948,2.948,2.948,0.0,2.948,0
2024-10-21,2.955,2.955,2.955,2.955,0.0,2.955,0
2024-10-22,2.948,2.948,2.948,2.948,0.0,2.948,0
2024-10-23,2.943,2.943,2.943,2.943,0.0,2.943,0
2024-10-24,2.935,2.935,2.935,2.935,0.0,2.935,0
2024-10-25,2.966,2.966,2.966,2.966,0.0,2.966,0
2024-10-28,2.94,2.94,2.94,2.94,0.0,2.94,0
2024-10-29,2.979,2.979,2.979,2.979,0.0,2.979,0
2024-10-30,3.01,3.01,3.01,3.01,0.0,3.01,0
2024-10-31,2.957,2.957,2.957,2.957,0.0,2.957,0
2024-11-01,2.945,2.945,2.945,2.945,0.0,2.945,0
2024-11-04,2.973,2.973,2.973,2.973,0.0,2.973,0
2024-11-05,2.914,2.914,2.914,2.914,0.0,2.914,0
2024-11-06,2.966,2.966,2.966,2.966,0.0,2.966,0
2024-11-07,2.949,2.949,2.949,2.949,0.0,2.949,0
2024-11-08,2.939,2.939,2.939,2.939,0.0,2.939,0
2024-11-11,2.942,2.942,2.942,2.942,0.0,2.942,0
2024-11-12,2.964,2.964,2.964,2.964,0.0,2.964,0
2024-11-13,2.98,2.98,2.98,2.98,0.0,2.98,0
2024-11-14,2.952,2.952,2.952,2.952,0.0,2.952,0
2024-11-15,2.925,2.925,2.925,2.925,0.0,2.925,0
2024-11-18,2.859,2.859,2.859,2.859,0.0,2.859,0
2024-11-19,2.915,2.915,2.915,2.915,0.0,2.915,0
2024-11-20,2.998,2.998,2.998,2.998,0.0,2.998,0
2024-11-21,2.939,2.939,2.939,2.939,0.0,2.939,0
2024-11-22,2.925,2.925,2.925,2.925,0.0,2.925,0
2024-11-25,2.979,2.979,2.979,2.979,0.0,2.979,0
2024-11-26,2.928,2.928,2.928,2.928,0.0,2.928,0
2024-11-27,2.951,2.951,2.951,2.951,0.0,2.951,0
2024-11-28,2.951,2.951,2.951,2.951,0.0,2.951,0
2024-11-29,3.056,3.056,3.056,3.056,0.0,3.056,0
2024-12-02,2.951,2.951,2.951,2.951,0.0,2.951,0
2024-12-03,2.942,2.942,2.942,2.942,0.0,2.942,0
2024-12-04,2.98,2.98,2.98,2.98,0.0,2.98,0
2024-12-05,2.988,2.988,2.988,2.988,0.0,2.988,0
2024-12-06,2.996,2.996,2.996,2.996,0.0,2.996,0
2024-12-09,3.02,3.02,2.954,2.954,25.0,3.02,1
2024-12-10,2.959,2.959,2.959,2.959,0.0,2.959,0
2024-12-11,2.982,2.982,2.982,2.982,0.0,2.982,0
2024-12-12,3.093,3.093,3.093,3.093,0.0,3.093,0
2024-12-13,3.071,3.071,3.071,3.071,0.0,3.071,0
2024-12-16,3.051,3.051,3.051,3.051,0.0,3.051,0
2024-12-17,3.106,3.106,3.106,3.106,0.0,3.106,0
2024-12-18,3.1,3.1,3.067,3.067,1.0,3.1,1
2024-12-19,3.051,3.051,3.051,3.051,0.0,3.051,0
2024-12-20,3.01,3.01,3.01,3.01,0.0,3.01,0
2024-12-23,3.016,3.016,3.016,3.016,0.0,3.016,0
2024-12-24,3.098,3.098,3.098,3.098,0.0,3.098,0
2024-12-26,3.11,3.11,3.11,3.11,0.0,3.11,0
2024-12-27,3.093,3.093,3.093,3.093,0.0,3.093,0
2024-12-30,3.071,3.071,3.071,3.071,0.0,3.071,0
2024-12-31,3.064,3.064,3.064,3.064,0.0,3.064,0
2025-01-02,3.059,3.059,3.059,3.059,0.0,3.059,0
2025-01-03,3.014,3.014,3.014,3.014,0.0,3.014,0
2025-01-06,2.99,2.99,2.99,2.99,0.0,2.99,0
2025-01-07,3.002,3.002,3.002,3.002,0.0,3.002,0
2025-01-08,3.028,3.028,3.028,3.028,0.0,3.028,0
2025-01-09,3.046,3.046,3.046,3.046,0.0,3.046,0
2025-01-10,3.071,3.071,3.071,3.071,0.0,3.071,0
2025-01-13,3.046,3.046,3.046,3.046,0.0,3.046,0
2025-01-14,3.0,3.0,3.0,3.0,0.0,3.0,0
2025-01-15,3.03,3.03,3.03,3.03,0.0,3.03,0
2025-01-16,3.0,3.0,3.0,3.0,0.0,3.0,0
2025-01-17,2.972,2.972,2.972,2.972,0.0,2.972,0
2025-01-20,2.972,2.972,2.972,2.972,0.0,2.972,0
2025-01-21,2.982,2.982,2.935,2.935,1.0,2.982,1
2025-01-22,3.026,3.026,3.026,3.026,0.0,3.026,0
2025-01-23,3.084,3.084,3.084,3.084,0.0,3.084,0
2025-01-24,3.093,3.093,3.093,3.093,0.0,3.093,0
2025-01-27,3.057,3.057,3.057,3.057,0.0,3.057,0
2025-01-28,2.992,2.992,2.992,2.992,0.0,2.992,0
2025-01-29,3.045,3.045,3.045,3.045,0.0,3.045,0
2025-01-30,2.995,2.995,2.995,2.995,0.0,2.995,0
2025-01-31,2.989,2.989,2.989,2.989,0.0,2.989,0
2025-02-03,3.022,3.022,3.022,3.022,0.0,3.022,0
2025-02-04,3.023,3.023,3.023,3.023,0.0,3.023,0
2025-02-05,3.029,3.029,3.029,3.029,0.0,3.029,0
2025-02-06,3.023,3.023,3.023,3.023,0.0,3.023,0
2025-02-07,3.004,3.004,3.004,3.004,0.0,3.004,0
2025-02-10,3.022,3.022,3.022,3.022,0.0,3.022,0
2025-02-11,3.053,3.053,3.053,3.053,0.0,3.053,0
2025-02-12,3.077,3.077,3.077,3.077,0.0,3.077,0
2025-02-13,3.08,3.08,3.08,3.08,0.0,3.08,0
2025-02-14,3.077,3.077,3.077,3.077,0.0,3.077,0
2025-02-17,3.077,3.077,3.077,3.077,0.0,3.077,0
2025-02-18,3.052,3.052,3.052,3.052,0.0,3.052,0
2025-02-19,3.05,3.05,3.05,3.05,0.0,3.05,0
2025-02-20,2.97,2.97,2.97,2.97,0.0,2.97,0
2025-02-21,2.966,2.966,2.966,2.966,0.0,2.966,0
2025-02-24,2.955,2.955,2.955,2.955,0.0,2.955,0
2025-02-25,2.948,2.948,2.948,2.948,0.0,2.948,0
2025-02-26,2.917,2.917,2.917,2.917,0.0,2.917,0
2025-02-27,3.009,3.009,3.009,3.009,0.0,3.009,0
2025-02-28,3.046,3.046,3.046,3.046,0.0,3.046,0
2025-03-03,3.025,3.051,3.025,3.051,25.0,3.025,1
2025-03-04,3.1,3.1,3.052,3.052,1.0,3.1,1
2025-03-05,3.1,3.1,3.069,3.069,3.0,3.09,3
2025-03-06,3.022,3.022,3.022,3.022,0.0,3.022,0
2025-03-07,3.034,3.034,3.034,3.034,0.0,3.034,0
2025-03-10,3.0,3.0,2.994,2.994,1.0,3.0,1
2025-03-11,2.98,2.98,2.98,2.98,0.0,2.98,0
2025-03-12,2.99,2.99,2.99,2.99,0.0,2.99,0
2025-03-13,3.013,3.013,3.013,3.013,0.0,3.013,0
2025-03-14,2.991,2.991,2.991,2.991,0.0,2.991,0
2025-03-17,2.992,2.992,2.992,2.992,0.0,2.992,0
2025-03-18,2.996,2.996,2.996,2.996,0.0,2.996,0
2025-03-19,2.996,3.001,2.996,3.001,1.0,2.996,1
2025-03-20,3.009,3.009,3.009,3.009,0.0,3.009,0
2025-03-21,3.011,3.011,3.011,3.011,0.0,3.011,0
2025-03-24,3.025,3.025,3.025,3.025,0.0,3.025,0
2025-03-25,2.98,2.984,2.98,2.984,1.0,2.98,1
2025-03-26,2.971,2.971,2.971,2.971,0.0,2.971,0
2025-03-27,2.978,2.978,2.978,2.978,0.0,2.978,0
2025-03-28,2.99,2.99,2.966,2.966,1.0,2.99,1
2025-03-31,2.972,2.972,2.972,2.972,0.0,2.972,0
2025-04-01,2.963,2.963,2.963,2.963,0.0,2.963,0
2025-04-02,2.985,2.985,2.985,2.985,0.0,2.985,0
2025-04-03,3.003,3.003,2.987,2.987,1.0,3.003,1
2025-04-04,2.966,2.966,2.966,2.966,0.0,2.966,0
2025-04-07,2.918,2.918,2.918,2.918,0.0,2.918,0
2025-04-08,2.914,2.914,2.914,2.914,0.0,2.914,0
2025-04-09,2.977,2.977,2.977,2.977,0.0,2.977,0
2025-04-10,2.947,2.947,2.947,2.947,0.0,2.947,0
2025-04-11,2.989,2.989,2.989,2.989,0.0,2.989,0
2025-04-14,3.012,3.012,3.012,3.012,0.0,3.012,0
2025-04-15,3.002,3.002,3.002,3.002,0.0,3.002,0
2025-04-16,3.0,3.0,3.0,3.0,0.0,3.0,0
2025-04-17,2.993,2.993,2.993,2.993,0.0,2.993,0
2025-04-21,2.949,2.949,2.949,2.949,0.0,2.949,0
2025-04-22,2.968,2.968,2.968,2.968,0.0,2.968,0
2025-04-23,2.994,2.994,2.994,2.994,0.0,2.994,0
2025-04-24,3.002,3.002,3.002,3.002,0.0,3.002,0
2025-04-25,2.967,2.967,2.967,2.967,0.0,2.967,0
2025-04-28,2.993,2.993,2.993,2.993,0.0,2.993,0
2025-04-29,3.033,3.033,3.033,3.033,0.0,3.033,0
2025-04-30,3.013,3.013,3.013,3.013,0.0,3.013,0
2025-05-01,2.999,2.999,2.999,2.999,0.0,2.999,0
2025-05-02,3.01,3.01,3.01,3.01,0.0,3.01,0
2025-05-05,3.018,3.018,3.018,3.018,0.0,3.018,0
2025-05-06,3.034,3.034,3.034,3.034,0.0,3.034,0
2025-05-07,3.064,3.064,3.064,3.064,0.0,3.064,0
2025-05-08,3.037,3.037,3.037,3.037,0.0,3.037,0
2025-05-09,3.071,3.071,3.071,3.071,0.0,3.071,0
2025-05-12,3.089,3.089,3.089,3.089,0.0,3.089,0
2025-05-13,3.097,3.097,3.097,3.097,0.0,3.097,0
2025-05-14,3.167,3.167,3.167,3.167,0.0,3.167,0
2025-05-15,3.14,3.14,3.14,3.14,0.0,3.14,0
2025-05-16,3.148,3.148,3.148,3.148,0.0,3.148,0
2025-05-19,3.121,3.121,3.121,3.121,0.0,3.121,0
2025-05-20,3.173,3.173,3.173,3.173,0.0,3.173,0
2025-05-21,3.158,3.158,3.158,3.158,0.0,3.158,0
2025-05-22,3.165,3.165,3.151,3.151,1.0,3.165,1
2025-05-23,3.175,3.175,3.175,3.175,0.0,3.175,0
2025-05-27,3.183,3.183,3.183,3.183,0.0,3.183,0
2025-05-28,3.16,3.16,3.16,3.16,0.0,3.16,0
2025-05-29,3.152,3.152,3.152,3.152,0.0,3.152,0
2025-05-30,3.155,3.155,3.155,3.155,0.0,3.155,0
2025-06-02,3.149,3.149,3.149,3.149,0.0,3.149,0
2025-06-03,3.154,3.154,3.154,3.154,0.0,3.154,0
2025-06-04,3.159,3.159,3.159,3.159,0.0,3.159,0
2025-06-05,3.142,3.142,3.142,3.142,0.0,3.142,0
2025-06-06,3.153,3.153,3.153,3.153,0.0,3.153,0
2025-06-09,3.145,3.145,3.145,3.145,0.0,3.145,0
2025-06-10,3.13,3.13,3.13,3.13,0.0,3.13,0
2025-06-11,3.153,3.153,3.153,3.153,0.0,3.153,0
2025-06-12,3.131,3.131,3.131,3.131,0.0,3.131,0
2025-06-13,3.138,3.138,3.138,3.138,0.0,3.138,0
2025-06-16,3.192,3.192,3.192,3.192,0.0,3.192,0
2025-06-17,3.267,3.267,3.267,3.267,0.0,3.267,0
2025-06-18,3.272,3.272,3.272,3.272,0.0,3.272,0
2025-06-20,3.275,3.275,3.275,3.275,0.0,3.275,0
2025-06-23,3.248,3.248,3.248,3.248,0.0,3.248,0
2025-06-24,3.224,3.224,3.224,3.224,0.0,3.224,0
2025-06-25,3.2,3.214,3.2,3.214,10.0,3.2,2
2025-06-26,3.214,3.223,3.214,3.223,1.0,3.214,1
2025-06-27,3.246,3.246,3.246,3.246,0.0,3.246,0
2025-06-30,3.235,3.235,3.235,3.235,0.0,3.235,0
2025-07-01,3.215,3.238,3.215,3.238,1.0,3.215,1
2025-07-02,3.258,3.258,3.258,3.258,0.0,3.258,0
2025-07-03,3.265,3.265,3.265,3.265,0.0,3.265,0
2025-07-07,3.259,3.259,3.259,3.259,0.0,3.259,0
2025-07-08,3.182,3.182,3.182,3.182,0.0,3.182,0
2025-07-09,3.207,3.207,3.207,3.207,0.0,3.207,0
2025-07-10,3.238,3.238,3.238,3.238,0.0,3.238,0
2025-07-11,3.207,3.207,3.207,3.207,0.0,3.207,0
2025-07-14,3.2,3.2,3.2,3.2,0.0,3.2,0
2025-07-15,3.226,3.226,3.226,3.226,0.0,3.226,0
2025-07-16,3.226,3.226,3.226,3.226,0.0,3.226,0
2025-07-17,3.224,3.224,3.224,3.224,0.0,3.224,0
2025-07-18,3.219,3.219,3.219,3.219,0.0,3.219,0
2025-07-21,3.191,3.191,3.191,3.191,0.0,3.191,0
2025-07-22,3.223,3.223,3.223,3.223,0.0,3.223,0
2025-07-23,3.238,3.238,3.238,3.238,0.0,3.238,0
2025-07-24,3.244,3.244,3.244,3.244,0.0,3.244,0
2025-07-25,3.142,3.142,3.142,3.142,0.0,3.142,0
2025-07-28,3.091,3.091,3.091,3.091,0.0,3.091,0
2025-07-29,3.109,3.109,3.109,3.109,0.0,3.109,0
2025-07-30,3.074,3.074,3.074,3.074,0.0,3.074,0
2025-07-31,3.084,3.084,3.084,3.084,0.0,3.084,0
2025-08-01,3.068,3.068,3.068,3.068,0.0,3.068,0
2025-08-04,3.089,3.089,3.089,3.089,0.0,3.089,0
2025-08-05,3.087,3.087,3.087,3.087,0.0,3.087,0
2025-08-06,3.065,3.065,3.065,3.065,0.0,3.065,0
2025-08-07,3.106,3.106,3.106,3.106,0.0,3.106,0
2025-08-08,3.089,3.089,3.089,3.089,0.0,3.089,0
2025-08-11,3.091,3.091,3.091,3.091,0.0,3.091,0
2025-08-12,3.058,3.058,3.058,3.058,0.0,3.058,0
2025-08-13,3.061,3.061,3.061,3.061,0.0,3.061,0
2025-08-14,3.056,3.056,3.056,3.056,0.0,3.056,0
2025-08-15,3.063,3.063,3.063,3.063,0.0,3.063,0
2025-08-18,3.12,3.12,3.12,3.12,0.0,3.12,0
2025-08-19,3.122,3.122,3.122,3.122,0.0,3.122,0
2025-08-20,3.13,3.13,3.13,3.13,0.0,3.13,0
2025-08-21,3.154,3.154,3.154,3.154,0.0,3.154,0
2025-08-22,3.151,3.151,3.151,3.151,0.0,3.151,0
2025-08-25,3.126,3.126,3.126,3.126,0.0,3.126,0
2025-08-26,3.152,3.152,3.152,3.152,0.0,3.152,0
2025-08-27,3.125,3.125,3.125,3.125,0.0,3.125,0
2025-08-28,3.124,3.124,3.124,3.124,0.0,3.124,0
2025-08-29,3.134,3.134,3.134,3.134,0.0,3.134,0
2025-09-02,3.118,3.118,3.118,3.118,0.0,3.118,0
2025-09-03,3.127,3.127,3.127,3.127,0.0,3.127,0
2025-09-04,3.093,3.093,3.093,3.093,0.0,3.093,0
2025-09-05,3.088,3.088,3.088,3.088,0.0,3.088,0
2025-09-08,3.066,3.066,3.066,3.066,0.0,3.066,0
2025-09-09,3.086,3.086,3.086,3.086,0.0,3.086,0
2025-09-10,3.081,3.081,3.081,3.081,0.0,3.081,0
2025-09-11,3.053,3.053,3.053,3.053,0.0,3.053,0
2025-09-12,3.064,3.064,3.064,3.064,0.0,3.064,0
2025-09-15,3.087,3.087,3.087,3.087,0.0,3.087,0
2025-09-16,3.121,3.121,3.121,3.121,0.0,3.121,0
2025-09-17,3.115,3.115,3.115,3.115,0.0,3.115,0
2025-09-18,3.114,3.114,3.114,3.114,0.0,3.114,0
2025-09-19,3.134,3.134,3.134,3.134,0.0,3.134,0
2025-09-22,3.141,3.141,3.141,3.141,0.0,3.141,0
2025-09-23,3.157,3.157,3.157,3.157,0.0,3.157,0
2025-09-24,3.152,3.152,3.152,3.152,0.0,3.152,0
2025-09-25,3.143,3.143,3.143,3.143,0.0,3.143,0
2025-09-26,3.117,3.117,3.117,3.117,0.0,3.117,0
2025-09-29,3.11,3.11,3.11,3.11,0.0,3.11,0
2025-09-30,3.183,3.183,3.183,3.183,0.0,3.183,0
2025-10-01,3.198,3.198,3.198,3.198,0.0,3.198,0
2025-10-02,3.169,3.169,3.169,3.169,0.0,3.169,0
2025-10-03,3.152,3.152,3.152,3.152,0.0,3.152,0
2025-10-06,3.168,3.168,3.168,3.168,0.0,3.168,0
2025-10-07,3.181,3.181,3.181,3.181,0.0,3.181,0
2025-10-08,3.176,3.176,3.176,3.176,0.0,3.176,0
2025-10-09,3.169,3.169,3.169,3.169,0.0,3.169,0
2025-10-10,3.173,3.173,3.173,3.173,0.0,3.173,0
2025-10-13,3.168,3.168,3.168,3.168,0.0,3.168,0
2025-10-14,3.146,3.146,3.146,3.146,0.0,3.146,0
2025-10-15,3.151,3.151,3.151,3.151,0.0,3.151,0
2025-10-16,3.151,3.151,3.134,3.134,1.0,3.151,1
2025-10-17,3.137,3.137,3.137,3.137,0.0,3.137,0
2025-10-20,3.154,3.154,3.154,3.154,0.0,3.154,0
2025-10-21,3.143,3.143,3.143,3.143,0.0,3.143,0
2025-10-22,3.139,3.139,3.139,3.139,0.0,3.139,0
2025-10-23,3.126,3.126,3.126,3.126,0.0,3.126,0
2025-10-24,3.141,3.141,3.141,3.141,0.0,3.141,0
2025-10-27,3.15,3.15,3.14,3.14,1.0,3.15,1
2025-10-28,3.127,3.127,3.127,3.127,0.0,3.127,0
2025-10-29,3.133,3.133,3.133,3.133,0.0,3.133,0
2025-10-30,3.148,3.148,3.148,3.148,0.0,3.148,0
2025-10-31,3.181,3.181,3.181,3.181,0.0,3.181,0
2025-11-03,3.176,3.176,3.176,3.176,0.0,3.176,0
2025-11-04,3.186,3.186,3.186,3.186,0.0,3.186,0
2025-11-05,3.159,3.159,3.159,3.159,0.0,3.159,0
2025-11-06,3.179,3.179,3.179,3.179,0.0,3.179,0
2025-11-07,3.187,3.187,3.187,3.187,0.0,3.187,0
2025-11-10,3.169,3.169,3.169,3.169,0.0,3.169,0
2025-11-11,3.172,3.172,3.172,3.172,0.0,3.172,0
2025-11-12,3.191,3.191,3.191,3.191,0.0,3.191,0
2025-11-13,3.221,3.221,3.221,3.221,0.0,3.221,0
2025-11-14,3.197,3.197,3.197,3.197,0.0,3.197,0
2025-11-17,3.223,3.223,3.223,3.223,0.0,3.223,0
2025-11-18,3.231,3.231,3.231,3.231,0.0,3.231,0
2025-11-19,3.225,3.225,3.225,3.225,0.0,3.225,0
2025-11-20,3.209,3.209,3.209,3.209,0.0,3.209,0
2025-11-21,3.194,3.194,3.194,3.194,0.0,3.194,0
2025-11-24,3.2,3.2,3.179,3.179,2.0,3.2,1
2025-11-25,3.175,3.175,3.175,3.175,0.0,3.175,0
2025-11-26,3.164,3.164,3.164,3.164,0.0,3.164,0
2025-11-28,3.195,3.195,3.195,3.195,0.0,3.195,0
2025-12-01,3.18,3.18,3.18,3.18,0.0,3.18,0
2025-12-02,3.185,3.185,3.185,3.185,0.0,3.185,0
2025-12-03,3.213,3.213,3.213,3.213,0.0,3.213,0
2025-12-04,3.203,3.203,3.203,3.203,0.0,3.203,0
2025-12-05,3.182,3.182,3.182,3.182,0.0,3.182,0
2025-12-08,3.178,3.178,3.178,3.178,0.0,3.178,0
2025-12-09,3.149,3.149,3.149,3.149,0.0,3.149,0
2025-12-10,3.16,3.16,3.157,3.157,2.0,3.16,1
2025-12-11,3.142,3.142,3.142,3.142,0.0,3.142,0
2025-12-12,3.12,3.12,3.12,3.12,0.0,3.12,0
2025-12-15,3.127,3.127,3.127,3.127,0.0,3.127,0
2025-12-16,3.121,3.121,3.121,3.121,0.0,3.121,0
2025-12-17,3.146,3.146,3.146,3.146,0.0,3.146,0
2025-12-18,3.095,3.095,3.095,3.095,0.0,3.095,0
2025-12-19,3.081,3.081,3.081,3.081,0.0,3.081,0
2025-12-22,3.059,3.059,3.059,3.059,0.0,3.059,0
2025-12-23,3.072,3.072,3.072,3.072,0.0,3.072,0
2025-12-24,3.053,3.053,3.053,3.053,0.0,3.053,0
2025-12-26,3.1,3.1,3.057,3.057,1.0,3.1,1
2025-12-29,3.08,3.08,3.08,3.08,0.0,3.08,0
2025-12-30,3.073,3.073,3.073,3.073,0.0,3.073,0
2025-12-31,3.1,3.1,3.076,3.076,1.0,3.1,1
2026-01-02,3.046,3.046,3.046,3.046,0.0,3.046,0
2026-01-05,3.045,3.045,3.045,3.045,0.0,3.045,0
2026-01-06,3.056,3.056,3.056,3.056,0.0,3.056,0
2026-01-07,3.065,3.065,3.065,3.065,0.0,3.065,0
2026-01-08,3.072,3.072,3.072,3.072,0.0,3.072,0
2026-01-09,3.05,3.05,3.029,3.029,5.0,3.05,1
2026-01-12,3.064,3.064,3.064,3.064,0.0,3.064,0
2026-01-13,3.069,3.069,3.069,3.069,0.0,3.069,0
2026-01-14,3.042,3.042,3.042,3.042,0.0,3.042,0
2026-01-15,3.068,3.068,3.068,3.068,0.0,3.068,0
2026-01-16,3.106,3.106,3.106,3.106,0.0,3.106,0
2026-01-20,3.131,3.131,3.131,3.131,0.0,3.131,0
2026-01-21,3.138,3.138,3.138,3.138,0.0,3.138,0
2026-01-22,3.129,3.129,3.129,3.129,0.0,3.129,0
2026-01-23,3.12,3.12,3.098,3.098,51.0,3.12,3
2026-01-26,3.106,3.106,3.085,3.085,4.0,3.106,2
2026-01-27,3.067,3.067,3.067,3.067,0.0,3.067,0
2026-01-28,3.103,3.103,3.103,3.103,0.0,3.103,0
2026-01-29,3.101,3.101,3.101,3.101,0.0,3.101,0
2026-01-30,3.114,3.114,3.103,3.103,1.0,3.114,1
2026-02-02,3.06,3.073,3.06,3.073,1.0,3.06,1
2026-02-03,3.073,3.073,3.073,3.073,0.0,3.073,0
2026-02-04,3.089,3.089,3.089,3.089,0.0,3.089,0
2026-02-05,3.091,3.091,3.091,3.091,0.0,3.091,0
2026-02-06,3.071,3.071,3.071,3.071,0.0,3.071,0
2026-02-09,3.089,3.089,3.089,3.089,0.0,3.089,0
2026-02-10,3.042,3.042,3.042,3.042,0.0,3.042,0
2026-02-11,3.076,3.076,3.076,3.076,0.0,3.076,0
2026-02-12,3.071,3.071,3.071,3.071,0.0,3.071,0
2026-02-13,3.084,3.084,3.084,3.084,0.0,3.084,0
2026-02-17,3.061,3.061,3.061,3.061,0.0,3.061,0
2026-02-18,3.048,3.048,3.048,3.048,0.0,3.048,0
2026-02-19,3.059,3.059,3.059,3.059,0.0,3.059,0
2026-02-20,3.082,3.082,3.082,3.082,0.0,3.082,0
2026-02-23,3.066,3.066,3.066,3.066,0.0,3.066,0
2026-02-24,3.065,3.065,3.065,3.065,0.0,3.065,0
2026-02-25,3.074,3.074,3.074,3.074,0.0,3.074,0
2026-02-26,3.083,3.083,3.083,3.083,0.0,3.083,0
2026-02-27,3.07,3.07,3.07,3.07,0.0,3.07,0
2026-03-02,3.072,3.072,3.072,3.072,0.0,3.072,0
2026-03-03,3.044,3.044,3.044,3.044,0.0,3.044,0
2026-03-04,3.053,3.053,3.053,3.053,0.0,3.053,0
2026-03-05,3.053,3.067,3.053,3.067,1.0,3.053,1
2026-03-06,3.069,3.069,3.068,3.068,2.0,3.069,1
2026-03-09,3.049,3.049,3.049,3.049,0.0,3.049,0
2026-03-10,3.05,3.05,3.05,3.05,0.0,3.05,0
2026-03-11,3.065,3.065,3.049,3.049,1.0,3.065,1
2026-03-12,3.061,3.061,3.061,3.061,0.0,3.061,0
2026-03-13,3.087,3.087,3.087,3.087,0.0,3.087,0
2026-03-16,3.068,3.068,3.068,3.068,0.0,3.068,0
2026-03-17,3.041,3.041,3.041,3.041,0.0,3.041,0
2026-03-18,3.045,3.045,3.045,3.045,0.0,3.045,0
2026-03-19,3.044,3.044,3.044,3.044,0.0,3.044,0
2026-03-20,3.044,3.073,3.044,3.073,1.0,3.044,1
2026-03-23,3.064,3.064,3.064,3.064,0.0,3.064,0
2026-03-24,3.067,3.067,3.067,3.067,0.0,3.067,0
2026-03-25,3.07,3.07,3.068,3.068,1.0,3.07,1
2026-03-26,3.086,3.086,3.086,3.086,0.0,3.086,0
2026-03-27,3.106,3.106,3.106,3.106,0.0,3.106,0
2026-03-30,3.084,3.084,3.084,3.084,0.0,3.084,0
2026-03-31,3.037,3.037,3.037,3.037,0.0,3.037,0
2026-04-01,3.053,3.053,3.053,3.053,0.0,3.053,0
2026-04-02,3.051,3.051,3.051,3.051,0.0,3.051,0
2026-04-06,3.06,3.079,3.06,3.079,2.0,3.06,1
2026-04-07,3.08,3.116,3.08,3.116,50.0,3.08,2
2026-04-08,3.037,3.037,3.037,3.037,0.0,3.037,0
2026-04-09,3.038,3.038,3.038,3.038,0.0,3.038,0
2026-04-10,3.03,3.05,3.03,3.031,36.0,3.0357,3
2026-04-13,3.05,3.05,3.03,3.03,5.0,3.05,1
2026-04-14,3.026,3.026,3.026,3.026,0.0,3.026,0
2026-04-15,3.035,3.043,3.035,3.043,38.0,3.035,3
2026-04-16,3.058,3.058,3.058,3.058,0.0,3.058,0
2026-04-17,3.096,3.096,3.096,3.096,0.0,3.096,0
2026-04-20,3.09,3.09,3.09,3.09,0.0,3.09,0
2026-04-21,3.09,3.09,3.09,3.09,0.0,3.09,0
2026-04-22,3.099,3.099,3.099,3.099,0.0,3.099,0
2026-04-23,3.113,3.113,3.113,3.113,0.0,3.113,0
2026-04-24,3.095,3.095,3.087,3.087,1.0,3.095,1
2026-04-27,3.092,3.092,3.092,3.092,0.0,3.092,0
2026-04-28,3.078,3.078,3.078,3.078,0.0,3.078,0
2026-04-29,3.102,3.102,3.102,3.102,0.0,3.102,0
2026-04-30,3.112,3.112,3.112,3.112,0.0,3.112,0
2026-05-01,3.106,3.106,3.106,3.106,0.0,3.106,0
2026-05-04,3.109,3.124,3.109,3.124,1.0,3.109,1
2026-05-05,3.11,3.119,3.11,3.119,1.0,3.11,1
2026-05-06,3.102,3.102,3.102,3.102,0.0,3.102,0
2026-05-07,3.106,3.106,3.106,3.106,0.0,3.106,0
2026-05-08,3.107,3.107,3.107,3.107,0.0,3.107,0
2026-05-11,3.113,3.113,3.113,3.113,0.0,3.113,0
2026-05-12,3.103,3.103,3.103,3.103,0.0,3.103,0
2026-05-13,3.11,3.11,3.109,3.109,21.0,3.11,3
2026-05-14,3.114,3.114,3.114,3.114,0.0,3.114,0
2026-05-15,3.113,3.113,3.113,3.113,0.0,3.113,0
2026-05-18,3.13,3.13,3.13,3.13,0.0,3.13,0
2026-05-19,3.121,3.121,3.121,3.121,0.0,3.121,0
2026-05-20,3.118,3.118,3.118,3.118,0.0,3.118,0
2026-05-21,3.12,3.123,3.12,3.123,6.0,3.1217,2
2026-05-22,3.125,3.125,3.125,3.125,0.0,3.125,0
2026-05-26,3.122,3.125,3.119,3.119,4.0,3.1227,3
2026-05-27,3.123,3.123,3.123,3.123,0.0,3.123,0
2026-05-28,3.135,3.135,3.135,3.135,0.0,3.135,0
2026-05-29,3.13,3.13,3.13,3.13,0.0,3.13,0
2026-06-01,3.147,3.147,3.147,3.147,0.0,3.147,0
2026-06-02,3.123,3.123,3.123,3.123,0.0,3.123,0
2026-06-03,3.13,3.13,3.13,3.13,0.0,3.13,0
2026-06-04,3.132,3.132,3.132,3.132,0.0,3.132,0
2026-06-05,3.132,3.132,3.121,3.121,1.0,3.132,1
2026-06-08,3.137,3.137,3.137,3.137,0.0,3.137,0
2026-06-09,3.13,3.13,3.13,3.13,0.0,3.13,0
2026-06-10,3.13,3.133,3.13,3.133,20.0,3.13,4
2026-06-11,3.136,3.136,3.136,3.136,0.0,3.136,0
2026-06-12,3.128,3.128,3.128,3.128,0.0,3.128,0
2026-06-15,3.124,3.124,3.124,3.124,0.0,3.124,0
2026-06-16,3.114,3.114,3.114,3.114,0.0,3.114,0
2026-06-17,3.125,3.125,3.125,3.125,0.0,3.125,0
2026-06-18,3.125,3.16,3.104,3.104,7.0,3.15,2
2026-06-22,3.11,3.11,3.11,3.11,0.0,3.11,0
2026-06-23,3.098,3.098,3.098,3.098,0.0,3.098,0
2026-06-24,3.103,3.107,3.103,3.107,1.0,3.103,1
2026-06-25,3.094,3.094,3.094,3.094,0.0,3.094,0
2026-06-26,3.084,3.084,3.084,3.084,0.0,3.084,0
2026-06-29,3.084,3.084,3.084,3.084,0.0,3.084,0
2026-06-30,3.06,3.06,3.06,3.06,0.0,3.06,0
2026-07-01,3.032,3.032,3.032,3.032,0.0,3.032,0
2026-07-02,3.036,3.036,3.036,3.036,0.0,3.036,0
2026-07-06,3.049,3.049,3.049,3.049,0.0,3.049,0
2026-07-07,3.068,3.068,3.068,3.068,0.0,3.068,0
2026-07-08,3.065,3.065,3.065,3.065,0.0,3.065,0
2026-07-09,3.054,3.054,3.054,3.054,0.0,3.054,0
2026-07-10,3.06,3.06,3.06,3.06,0.0,3.06,0
2026-07-13,3.066,3.066,3.066,3.066,0.0,3.066,0
2026-07-14,3.077,3.077,3.077,3.077,0.0,3.077,0
2026-07-15,3.093,3.093,3.093,3.093,0.0,3.093,0
2026-07-16,3.074,3.074,3.074,3.074,0.0,3.074,0
2026-07-17,3.093,3.093,3.093,3.093,0.0,3.093,0
2026-07-20,3.088,3.088,3.088,3.088,0.0,3.088,0
2026-07-21,3.103,3.103,3.103,3.103,0.0,3.103,0
2026-07-22,3.11,3.124,3.108,3.124,2.0,3.109,2
2026-07-23,3.147,3.147,3.147,3.147,0.0,3.147,0
2026-07-24,3.149,3.149,3.149,3.149,0.0,3.149,0
2026-07-27,3.162,3.162,3.162,3.162,0.0,3.162,0
2026-07-28,3.15,3.15,3.15,3.15,0.0,3.15,0
2026-07-29,3.161,3.161,3.161,3.161,0.0,3.161,0
2026-07-30,3.155,3.155,3.155,3.155,0.0,3.155,0
2026-07-31,3.164,3.164,3.164,3.164,0.0,3.164,0
2026-08-03,3.176,3.176,3.176,3.176,0.0,3.176,0
2026-08-04,3.171,3.171,3.168,3.168,1.0,3.171,1
2026-08-05,3.16,3.16,3.16,3.16,0.0,3.16,0
2026-08-06,3.144,3.144,3.144,3.144,0.0,3.144,0
2026-08-07,3.144,3.147,3.144,3.147,1.0,3.144,1
2026-08-10,3.146,3.146,3.146,3.146,0.0,3.146,0
2026-08-11,3.159,3.159,3.159,3.159,0.0,3.159,0
2026-08-12,3.156,3.156,3.156,3.156,0.0,3.156,0
2026-08-13,3.169,3.169,3.169,3.169,0.0,3.169,0
2026-08-14,3.147,3.147,3.147,3.147,0.0,3.147,0
