date,open,high,low,close,volume,average,barCount
2017-03-14,2.833,2.833,2.833,2.833,0.0,2.833,0
2017-03-15,2.853,2.853,2.853,2.853,0.0,2.853,0
2017-03-16,2.874,2.874,2.874,2.874,0.0,2.874,0
2017-03-17,2.879,2.879,2.879,2.879,0.0,2.879,0
2017-03-20,2.882,2.882,2.882,2.882,0.0,2.882,0
2017-03-21,2.895,2.895,2.895,2.895,0.0,2.895,0
2017-03-22,2.897,2.897,2.897,2.897,0.0,2.897,0
2017-03-23,2.892,2.892,2.892,2.892,0.0,2.892,0
2017-03-24,2.86,2.86,2.86,2.86,0.0,2.86,0
2017-03-27,2.85,2.85,2.85,2.85,0.0,2.85,0
2017-03-28,2.841,2.841,2.841,2.841,0.0,2.841,0
2017-03-29,2.849,2.849,2.849,2.849,0.0,2.849,0
2017-03-30,2.852,2.852,2.852,2.852,0.0,2.852,0
2017-03-31,2.853,2.853,2.853,2.853,0.0,2.853,0
2017-04-03,2.86,2.86,2.86,2.86,0.0,2.86,0
2017-04-04,2.873,2.873,2.873,2.873,0.0,2.873,0
2017-04-05,2.892,2.892,2.892,2.892,0.0,2.892,0
2017-04-06,2.877,2.877,2.877,2.877,0.0,2.877,0
2017-04-07,2.891,2.891,2.891,2.891,0.0,2.891,0
2017-04-10,2.9,2.9,2.9,2.9,0.0,2.9,0
2017-04-11,2.931,2.931,2.931,2.931,0.0,2.931,0
2017-04-12,2.932,2.932,2.932,2.932,0.0,2.932,0
2017-04-13,2.95,2.95,2.95,2.95,0.0,2.95,0
2017-04-17,2.939,2.939,2.939,2.939,0.0,2.939,0
2017-04-18,2.969,2.969,2.969,2.969,0.0,2.969,0
2017-04-19,2.98,2.98,2.98,2.98,0.0,2.98,0
2017-04-20,3.014,3.014,3.014,3.014,0.0,3.014,0
2017-04-21,3.015,3.015,3.015,3.015,0.0,3.015,0
2017-04-24,2.974,2.974,2.974,2.974,0.0,2.974,0
2017-04-25,2.974,2.974,2.974,2.974,0.0,2.974,0
2017-04-26,2.965,2.965,2.965,2.965,0.0,2.965,0
2017-04-27,2.956,2.956,2.956,2.956,0.0,2.956,0
2017-04-28,2.972,2.972,2.972,2.972,0.0,2.972,0
2017-05-01,2.947,2.947,2.947,2.947,0.0,2.947,0
2017-05-02,2.948,2.948,2.948,2.948,0.0,2.948,0
2017-05-03,2.967,2.967,2.967,2.967,0.0,2.967,0
2017-05-04,3.01,3.01,3.01,3.01,0.0,3.01,0
2017-05-05,3.01,3.01,3.01,3.01,0.0,3.01,0
2017-05-08,3.001,3.001,3.001,3.001,0.0,3.001,0
2017-05-09,3.004,3.004,3.004,3.004,0.0,3.004,0
2017-05-10,3.005,3.005,3.005,3.005,0.0,3.005,0
2017-05-11,3.039,3.039,3.039,3.039,0.0,3.039,0
2017-05-12,3.043,3.043,3.043,3.043,0.0,3.043,0
2017-05-15,3.037,3.037,3.037,3.037,0.0,3.037,0
2017-05-16,3.054,3.054,3.054,3.054,0.0,3.054,0
2017-05-17,3.05,3.05,3.05,3.05,0.0,3.05,0
2017-05-18,3.037,3.037,3.037,3.037,0.0,3.037,0
2017-05-19,3.027,3.027,3.027,3.027,0.0,3.027,0
2017-05-22,3.029,3.029,3.029,3.029,0.0,3.029,0
2017-05-23,3.101,3.101,3.101,3.101,0.0,3.101,0
2017-05-24,3.103,3.103,3.103,3.103,0.0,3.103,0
2017-05-25,3.086,3.086,3.086,3.086,0.0,3.086,0
2017-05-26,3.071,3.071,3.071,3.071,0.0,3.071,0
2017-05-30,3.044,3.044,3.044,3.044,0.0,3.044,0
2017-05-31,3.04,3.04,3.04,3.04,0.0,3.04,0
2017-06-01,3.042,3.042,3.042,3.042,0.0,3.042,0
2017-06-02,3.032,3.032,3.032,3.032,0.0,3.032,0
2017-06-05,3.002,3.002,3.002,3.002,0.0,3.002,0
2017-06-06,2.944,2.944,2.944,2.944,0.0,2.944,0
2017-06-07,2.955,2.955,2.955,2.955,0.0,2.955,0
2017-06-08,2.973,2.973,2.973,2.973,0.0,2.973,0
2017-06-09,2.97,2.97,2.97,2.97,0.0,2.97,0
2017-06-12,2.972,2.972,2.972,2.972,0.0,2.972,0
2017-06-13,2.972,2.972,2.972,2.972,0.0,2.972,0
2017-06-14,2.961,2.961,2.961,2.961,0.0,2.961,0
2017-06-15,2.989,2.989,2.989,2.989,0.0,2.989,0
2017-06-16,2.978,2.978,2.978,2.978,0.0,2.978,0
2017-06-19,3.001,3.001,3.001,3.001,0.0,3.001,0
2017-06-20,3.039,3.039,3.039,3.039,0.0,3.039,0
2017-06-21,3.055,3.055,3.055,3.055,0.0,3.055,0
2017-06-22,3.049,3.049,3.049,3.049,0.0,3.049,0
2017-06-23,3.046,3.046,3.046,3.046,0.0,3.046,0
2017-06-26,3.021,3.021,3.021,3.021,0.0,3.021,0
2017-06-27,3.021,3.021,3.021,3.021,0.0,3.021,0
2017-06-28,3.011,3.011,3.011,3.011,0.0,3.011,0
2017-06-29,3.011,3.011,3.011,3.011,0.0,3.011,0
2017-06-30,3.024,3.024,3.024,3.024,0.0,3.024,0
2017-07-03,3.025,3.025,3.025,3.025,0.0,3.025,0
2017-07-05,3.002,3.002,3.002,3.002,0.0,3.002,0
2017-07-06,2.961,2.961,2.961,2.961,0.0,2.961,0
2017-07-07,2.956,2.956,2.956,2.956,0.0,2.956,0
2017-07-10,2.943,2.943,2.943,2.943,0.0,2.943,0
2017-07-11,2.94,2.94,2.94,2.94,0.0,2.94,0
2017-07-12,2.926,2.926,2.926,2.926,0.0,2.926,0
2017-07-13,2.939,2.939,2.939,2.939,0.0,2.939,0
2017-07-14,2.942,2.942,2.942,2.942,0.0,2.942,0
2017-07-17,2.935,2.935,2.935,2.935,0.0,2.935,0
2017-07-18,2.94,2.94,2.94,2.94,0.0,2.94,0
2017-07-19,2.925,2.925,2.925,2.925,0.0,2.925,0
2017-07-20,2.906,2.906,2.906,2.906,0.0,2.906,0
2017-07-21,2.904,2.904,2.904,2.904,0.0,2.904,0
2017-07-24,2.876,2.876,2.876,2.876,0.0,2.876,0
2017-07-25,2.852,2.852,2.852,2.852,0.0,2.852,0
2017-07-26,2.842,2.842,2.842,2.842,0.0,2.842,0
2017-07-27,2.843,2.843,2.843,2.843,0.0,2.843,0
2017-07-28,2.858,2.858,2.858,2.858,0.0,2.858,0
2017-07-31,2.839,2.839,2.839,2.839,0.0,2.839,0
2017-08-01,2.861,2.861,2.861,2.861,0.0,2.861,0
2017-08-02,2.87,2.87,2.87,2.87,0.0,2.87,0
2017-08-03,2.893,2.893,2.893,2.893,0.0,2.893,0
2017-08-04,2.903,2.903,2.903,2.903,0.0,2.903,0
2017-08-07,2.902,2.902,2.902,2.902,0.0,2.902,0
2017-08-08,2.885,2.885,2.885,2.885,0.0,2.885,0
2017-08-09,2.879,2.879,2.879,2.879,0.0,2.879,0
2017-08-10,2.876,2.876,2.876,2.876,0.0,2.876,0
2017-08-11,2.88,2.88,2.88,2.88,0.0,2.88,0
2017-08-14,2.876,2.876,2.876,2.876,0.0,2.876,0
2017-08-15,2.874,2.874,2.874,2.874,0.0,2.874,0
2017-08-16,2.864,2.864,2.864,2.864,0.0,2.864,0
2017-08-17,2.863,2.863,2.863,2.863,0.0,2.863,0
2017-08-18,2.863,2.863,2.863,2.863,0.0,2.863,0
2017-08-21,2.853,2.853,2.853,2.853,0.0,2.853,0
2017-08-22,2.845,2.845,2.845,2.845,0.0,2.845,0
2017-08-23,2.843,2.843,2.843,2.843,0.0,2.843,0
2017-08-24,2.796,2.796,2.796,2.796,0.0,2.796,0
2017-08-25,2.783,2.783,2.783,2.783,0.0,2.783,0
2017-08-28,2.796,2.796,2.796,2.796,0.0,2.796,0
2017-08-29,2.798,2.798,2.798,2.798,0.0,2.798,0
2017-08-30,2.803,2.803,2.803,2.803,0.0,2.803,0
2017-08-31,2.811,2.811,2.811,2.811,0.0,2.811,0
2017-09-01,2.812,2.812,2.812,2.812,0.0,2.812,0
2017-09-05,2.808,2.808,2.808,2.808,0.0,2.808,0
2017-09-06,2.769,2.769,2.769,2.769,0.0,2.769,0
2017-09-07,2.803,2.803,2.803,2.803,0.0,2.803,0
2017-09-08,2.807,2.807,2.807,2.807,0.0,2.807,0
2017-09-11,2.818,2.818,2.818,2.818,0.0,2.818,0
2017-09-12,2.803,2.803,2.803,2.803,0.0,2.803,0
2017-09-13,2.789,2.789,2.789,2.789,0.0,2.789,0
2017-09-14,2.784,2.784,2.784,2.784,0.0,2.784,0
2017-09-15,2.789,2.789,2.789,2.789,0.0,2.789,0
2017-09-18,2.799,2.799,2.799,2.799,0.0,2.799,0
2017-09-19,2.787,2.787,2.787,2.787,0.0,2.787,0
2017-09-20,2.777,2.777,2.777,2.777,0.0,2.777,0
2017-09-21,2.768,2.768,2.768,2.768,0.0,2.768,0
2017-09-22,2.782,2.782,2.782,2.782,0.0,2.782,0
2017-09-25,2.765,2.765,2.765,2.765,0.0,2.765,0
2017-09-26,2.775,2.775,2.775,2.775,0.0,2.775,0
2017-09-27,2.786,2.786,2.786,2.786,0.0,2.786,0
2017-09-28,2.785,2.785,2.785,2.785,0.0,2.785,0
2017-09-29,2.782,2.782,2.782,2.782,0.0,2.782,0
2017-10-02,2.795,2.795,2.795,2.795,0.0,2.795,0
2017-10-03,2.804,2.804,2.804,2.804,0.0,2.804,0
2017-10-04,2.803,2.803,2.803,2.803,0.0,2.803,0
2017-10-05,2.812,2.812,2.812,2.812,0.0,2.812,0
2017-10-06,2.804,2.804,2.804,2.804,0.0,2.804,0
2017-10-09,2.814,2.814,2.814,2.814,0.0,2.814,0
2017-10-10,2.804,2.804,2.804,2.804,0.0,2.804,0
2017-10-11,2.79,2.79,2.79,2.79,0.0,2.79,0
2017-10-12,2.834,2.834,2.834,2.834,0.0,2.834,0
2017-10-13,2.857,2.857,2.857,2.857,0.0,2.857,0
2017-10-16,2.898,2.898,2.898,2.898,0.0,2.898,0
2017-10-17,2.945,2.945,2.945,2.945,0.0,2.945,0
2017-10-18,2.949,2.949,2.949,2.949,0.0,2.949,0
2017-10-19,2.971,2.971,2.971,2.971,0.0,2.971,0
2017-10-20,3.011,3.011,3.011,3.011,0.0,3.011,0
2017-10-23,2.991,2.991,2.991,2.991,0.0,2.991,0
2017-10-24,2.99,2.99,2.99,2.99,0.0,2.99,0
2017-10-25,2.991,2.991,2.991,2.991,0.0,2.991,0
2017-10-26,2.984,2.984,2.984,2.984,0.0,2.984,0
2017-10-27,2.964,2.964,2.964,2.964,0.0,2.964,0
2017-10-30,2.999,2.999,2.999,2.999,0.0,2.999,0
2017-10-31,2.996,2.996,2.996,2.996,0.0,2.996,0
2017-11-01,3.006,3.006,3.006,3.006,0.0,3.006,0
2017-11-02,2.988,2.988,2.988,2.988,0.0,2.988,0
2017-11-03,2.982,2.982,2.982,2.982,0.0,2.982,0
2017-11-06,2.977,2.977,2.977,2.977,0.0,2.977,0
2017-11-07,2.976,2.976,2.976,2.976,0.0,2.976,0
2017-11-08,2.974,2.974,2.974,2.974,0.0,2.974,0
2017-11-09,3.005,3.005,3.005,3.005,0.0,3.005,0
2017-11-10,2.987,2.987,2.987,2.987,0.0,2.987,0
2017-11-13,2.966,2.966,2.966,2.966,0.0,2.966,0
2017-11-14,2.956,2.956,2.956,2.956,0.0,2.956,0
2017-11-15,2.946,2.946,2.946,2.946,0.0,2.946,0
2017-11-16,2.95,2.95,2.95,2.95,0.0,2.95,0
2017-11-17,2.948,2.948,2.948,2.948,0.0,2.948,0
2017-11-20,2.941,2.941,2.941,2.941,0.0,2.941,0
2017-11-21,2.939,2.939,2.939,2.939,0.0,2.939,0
2017-11-22,2.926,2.926,2.926,2.926,0.0,2.926,0
2017-11-24,2.927,2.927,2.927,2.927,0.0,2.927,0
2017-11-27,2.929,2.929,2.929,2.929,0.0,2.929,0
2017-11-28,2.931,2.931,2.931,2.931,0.0,2.931,0
2017-11-29,2.935,2.935,2.935,2.935,0.0,2.935,0
2017-11-30,2.931,2.931,2.931,2.931,0.0,2.931,0
2017-12-01,2.897,2.897,2.897,2.897,0.0,2.897,0
2017-12-04,2.876,2.876,2.876,2.876,0.0,2.876,0
2017-12-05,2.865,2.865,2.865,2.865,0.0,2.865,0
2017-12-06,2.847,2.847,2.847,2.847,0.0,2.847,0
2017-12-07,2.853,2.853,2.853,2.853,0.0,2.853,0
2017-12-08,2.849,2.849,2.849,2.849,0.0,2.849,0
2017-12-11,2.842,2.842,2.842,2.842,0.0,2.842,0
2017-12-12,2.852,2.852,2.852,2.852,0.0,2.852,0
2017-12-13,2.877,2.877,2.877,2.877,0.0,2.877,0
2017-12-14,2.888,2.888,2.888,2.888,0.0,2.888,0
2017-12-15,2.896,2.896,2.896,2.896,0.0,2.896,0
2017-12-18,2.916,2.916,2.916,2.916,0.0,2.916,0
2017-12-19,2.918,2.918,2.918,2.918,0.0,2.918,0
2017-12-20,2.904,2.904,2.904,2.904,0.0,2.904,0
2017-12-21,2.921,2.921,2.921,2.921,0.0,2.921,0
2017-12-22,2.944,2.944,2.944,2.944,0.0,2.944,0
2017-12-26,2.945,2.945,2.945,2.945,0.0,2.945,0
2017-12-27,2.92,2.92,2.92,2.92,0.0,2.92,0
2017-12-28,2.889,2.889,2.889,2.889,0.0,2.889,0
2017-12-29,2.894,2.894,2.894,2.894,0.0,2.894,0
2018-01-02,2.887,2.887,2.887,2.887,0.0,2.887,0
2018-01-03,2.888,2.888,2.888,2.888,0.0,2.888,0
2018-01-04,2.92,2.92,2.92,2.92,0.0,2.92,0
2018-01-05,2.906,2.906,2.906,2.906,0.0,2.906,0
2018-01-08,2.901,2.901,2.901,2.901,0.0,2.901,0
2018-01-09,2.886,2.886,2.886,2.886,0.0,2.886,0
2018-01-10,2.879,2.879,2.879,2.879,0.0,2.879,0
2018-01-11,2.891,2.891,2.891,2.891,0.0,2.891,0
2018-01-12,2.878,2.878,2.878,2.878,0.0,2.878,0
2018-01-16,2.841,2.841,2.841,2.841,0.0,2.841,0
2018-01-17,2.835,2.835,2.835,2.835,0.0,2.835,0
2018-01-18,2.833,2.833,2.833,2.833,0.0,2.833,0
2018-01-19,2.843,2.843,2.843,2.843,0.0,2.843,0
2018-01-22,2.862,2.862,2.862,2.862,0.0,2.862,0
2018-01-23,2.874,2.874,2.874,2.874,0.0,2.874,0
2018-01-24,2.892,2.892,2.892,2.892,0.0,2.892,0
2018-01-25,2.927,2.927,2.927,2.927,0.0,2.927,0
2018-01-26,2.893,2.893,2.893,2.893,0.0,2.893,0
2018-01-29,2.895,2.895,2.895,2.895,0.0,2.895,0
2018-01-30,2.906,2.906,2.906,2.906,0.0,2.906,0
2018-01-31,2.875,2.875,2.875,2.875,0.0,2.875,0
2018-02-01,2.881,2.881,2.881,2.881,0.0,2.881,0
2018-02-02,2.903,2.903,2.903,2.903,0.0,2.903,0
2018-02-05,2.925,2.925,2.925,2.925,0.0,2.925,0
2018-02-06,2.912,2.912,2.912,2.912,0.0,2.912,0
2018-02-07,2.883,2.883,2.883,2.883,0.0,2.883,0
2018-02-08,2.896,2.896,2.896,2.896,0.0,2.896,0
2018-02-09,2.862,2.862,2.862,2.862,0.0,2.862,0
2018-02-12,2.857,2.857,2.857,2.857,0.0,2.857,0
2018-02-13,2.859,2.859,2.859,2.859,0.0,2.859,0
2018-02-14,2.857,2.857,2.857,2.857,0.0,2.857,0
2018-02-15,2.853,2.853,2.853,2.853,0.0,2.853,0
2018-02-16,2.874,2.874,2.874,2.874,0.0,2.874,0
2018-02-20,2.874,2.874,2.874,2.874,0.0,2.874,0
2018-02-21,2.892,2.892,2.892,2.892,0.0,2.892,0
2018-02-22,2.899,2.899,2.899,2.899,0.0,2.899,0
2018-02-23,2.891,2.891,2.891,2.891,0.0,2.891,0
2018-02-26,2.895,2.895,2.895,2.895,0.0,2.895,0
2018-02-27,2.898,2.898,2.898,2.898,0.0,2.898,0
2018-02-28,2.868,2.868,2.868,2.868,0.0,2.868,0
2018-03-01,2.893,2.893,2.893,2.893,0.0,2.893,0
2018-03-02,2.91,2.91,2.91,2.91,0.0,2.91,0
2018-03-05,2.928,2.928,2.928,2.928,0.0,2.928,0
2018-03-06,2.937,2.937,2.937,2.937,0.0,2.937,0
2018-03-07,2.928,2.928,2.928,2.928,0.0,2.928,0
2018-03-08,2.883,2.883,2.883,2.883,0.0,2.883,0
2018-03-09,2.85,2.85,2.85,2.85,0.0,2.85,0
2018-03-12,2.857,2.857,2.857,2.857,0.0,2.857,0
2018-03-13,2.864,2.864,2.864,2.864,0.0,2.864,0
2018-03-14,2.886,2.886,2.886,2.886,0.0,2.886,0
2018-03-15,2.944,2.944,2.944,2.944,0.0,2.944,0
2018-03-16,2.954,2.954,2.954,2.954,0.0,2.954,0
2018-03-19,2.944,2.944,2.944,2.944,0.0,2.944,0
2018-03-20,2.949,2.949,2.949,2.949,0.0,2.949,0
2018-03-21,2.957,2.957,2.957,2.957,0.0,2.957,0
2018-03-22,2.945,2.945,2.945,2.945,0.0,2.945,0
2018-03-23,2.87,2.87,2.87,2.87,0.0,2.87,0
2018-03-26,2.898,2.898,2.898,2.898,0.0,2.898,0
2018-03-27,2.908,2.908,2.908,2.908,0.0,2.908,0
2018-03-28,2.922,2.922,2.922,2.922,0.0,2.922,0
2018-03-29,2.96,2.96,2.96,2.96,0.0,2.96,0
2018-04-02,2.942,2.942,2.942,2.942,0.0,2.942,0
2018-04-03,2.92,2.92,2.92,2.92,0.0,2.92,0
2018-04-04,2.894,2.894,2.894,2.894,0.0,2.894,0
2018-04-05,2.91,2.91,2.91,2.91,0.0,2.91,0
2018-04-06,2.904,2.904,2.904,2.904,0.0,2.904,0
2018-04-09,2.893,2.893,2.893,2.893,0.0,2.893,0
2018-04-10,2.902,2.902,2.902,2.902,0.0,2.902,0
2018-04-11,2.923,2.923,2.923,2.923,0.0,2.923,0
2018-04-12,2.939,2.939,2.939,2.939,0.0,2.939,0
2018-04-13,2.932,2.932,2.932,2.932,0.0,2.932,0
2018-04-16,2.934,2.934,2.934,2.934,0.0,2.934,0
2018-04-17,2.914,2.914,2.914,2.914,0.0,2.914,0
2018-04-18,2.907,2.907,2.907,2.907,0.0,2.907,0
2018-04-19,2.904,2.904,2.904,2.904,0.0,2.904,0
2018-04-20,2.912,2.912,2.912,2.912,0.0,2.912,0
2018-04-23,2.913,2.913,2.913,2.913,0.0,2.913,0
2018-04-24,2.909,2.909,2.909,2.909,0.0,2.909,0
2018-04-25,2.9,2.9,2.9,2.9,0.0,2.9,0
2018-04-26,2.894,2.894,2.894,2.894,0.0,2.894,0
2018-04-27,2.896,2.896,2.896,2.896,0.0,2.896,0
2018-04-30,2.893,2.893,2.893,2.893,0.0,2.893,0
2018-05-01,2.873,2.873,2.873,2.873,0.0,2.873,0
2018-05-02,2.885,2.885,2.885,2.885,0.0,2.885,0
2018-05-03,2.888,2.888,2.888,2.888,0.0,2.888,0
2018-05-04,2.886,2.886,2.886,2.886,0.0,2.886,0
2018-05-07,2.884,2.884,2.884,2.884,0.0,2.884,0
2018-05-08,2.839,2.839,2.839,2.839,0.0,2.839,0
2018-05-09,2.825,2.825,2.825,2.825,0.0,2.825,0
2018-05-10,2.821,2.821,2.821,2.821,0.0,2.821,0
2018-05-11,2.824,2.824,2.824,2.824,0.0,2.824,0
2018-05-14,2.823,2.823,2.823,2.823,0.0,2.823,0
2018-05-15,2.848,2.848,2.848,2.848,0.0,2.848,0
2018-05-16,2.832,2.832,2.832,2.832,0.0,2.832,0
2018-05-17,2.839,2.839,2.839,2.839,0.0,2.839,0
2018-05-18,2.854,2.854,2.854,2.854,0.0,2.854,0
2018-05-21,2.849,2.849,2.849,2.849,0.0,2.849,0
2018-05-22,2.846,2.846,2.846,2.846,0.0,2.846,0
2018-05-23,2.823,2.823,2.823,2.823,0.0,2.823,0
2018-05-24,2.817,2.817,2.817,2.817,0.0,2.817,0
2018-05-25,2.789,2.789,2.789,2.789,0.0,2.789,0
2018-05-29,2.766,2.766,2.766,2.766,0.0,2.766,0
2018-05-30,2.777,2.777,2.777,2.777,0.0,2.777,0
2018-05-31,2.745,2.745,2.745,2.745,0.0,2.745,0
2018-06-01,2.731,2.731,2.731,2.731,0.0,2.731,0
2018-06-04,2.744,2.744,2.744,2.744,0.0,2.744,0
2018-06-05,2.759,2.759,2.759,2.759,0.0,2.759,0
2018-06-06,2.758,2.758,2.758,2.758,0.0,2.758,0
2018-06-07,2.756,2.756,2.756,2.756,0.0,2.756,0
2018-06-08,2.758,2.758,2.758,2.758,0.0,2.758,0
2018-06-11,2.749,2.749,2.749,2.749,0.0,2.749,0
2018-06-12,2.763,2.763,2.763,2.763,0.0,2.763,0
2018-06-13,2.784,2.784,2.784,2.784,0.0,2.784,0
2018-06-14,2.796,2.796,2.796,2.796,0.0,2.796,0
2018-06-15,2.801,2.801,2.801,2.801,0.0,2.801,0
2018-06-18,2.832,2.832,2.832,2.832,0.0,2.832,0
2018-06-19,2.835,2.835,2.835,2.835,0.0,2.835,0
2018-06-20,2.834,2.834,2.834,2.834,0.0,2.834,0
2018-06-21,2.811,2.811,2.811,2.811,0.0,2.811,0
2018-06-22,2.813,2.813,2.813,2.813,0.0,2.813,0
2018-06-25,2.809,2.809,2.809,2.809,0.0,2.809,0
2018-06-26,2.806,2.806,2.806,2.806,0.0,2.806,0
2018-06-27,2.809,2.809,2.809,2.809,0.0,2.809,0
2018-06-28,2.795,2.795,2.795,2.795,0.0,2.795,0
2018-06-29,2.792,2.792,2.792,2.792,0.0,2.792,0
2018-07-02,2.783,2.783,2.783,2.783,0.0,2.783,0
2018-07-03,2.78,2.78,2.78,2.78,0.0,2.78,0
2018-07-05,2.782,2.782,2.782,2.782,0.0,2.782,0
2018-07-06,2.781,2.781,2.781,2.781,0.0,2.781,0
2018-07-09,2.772,2.772,2.772,2.772,0.0,2.772,0
2018-07-10,2.776,2.776,2.776,2.776,0.0,2.776,0
2018-07-11,2.754,2.754,2.754,2.754,0.0,2.754,0
2018-07-12,2.751,2.751,2.751,2.751,0.0,2.751,0
2018-07-13,2.746,2.746,2.746,2.746,0.0,2.746,0
2018-07-16,2.713,2.713,2.713,2.713,0.0,2.713,0
2018-07-17,2.698,2.698,2.698,2.698,0.0,2.698,0
2018-07-18,2.691,2.691,2.691,2.691,0.0,2.691,0
2018-07-19,2.689,2.689,2.689,2.689,0.0,2.689,0
2018-07-20,2.695,2.695,2.695,2.695,0.0,2.695,0
2018-07-23,2.704,2.704,2.704,2.704,0.0,2.704,0
2018-07-24,2.718,2.718,2.718,2.718,0.0,2.718,0
2018-07-25,2.747,2.747,2.747,2.747,0.0,2.747,0
2018-07-26,2.743,2.743,2.743,2.743,0.0,2.743,0
2018-07-27,2.762,2.762,2.762,2.762,0.0,2.762,0
2018-07-30,2.766,2.766,2.766,2.766,0.0,2.766,0
2018-07-31,2.769,2.769,2.769,2.769,0.0,2.769,0
2018-08-01,2.739,2.739,2.739,2.739,0.0,2.739,0
2018-08-02,2.743,2.743,2.743,2.743,0.0,2.743,0
2018-08-03,2.743,2.743,2.743,2.743,0.0,2.743,0
2018-08-06,2.734,2.734,2.734,2.734,0.0,2.734,0
2018-08-07,2.762,2.762,2.762,2.762,0.0,2.762,0
2018-08-08,2.775,2.775,2.775,2.775,0.0,2.775,0
2018-08-09,2.772,2.772,2.772,2.772,0.0,2.772,0
2018-08-10,2.773,2.773,2.773,2.773,0.0,2.773,0
2018-08-13,2.774,2.774,2.774,2.774,0.0,2.774,0
2018-08-14,2.773,2.773,2.773,2.773,0.0,2.773,0
2018-08-15,2.774,2.774,2.774,2.774,0.0,2.774,0
2018-08-16,2.764,2.764,2.764,2.764,0.0,2.764,0
2018-08-17,2.766,2.766,2.766,2.766,0.0,2.766,0
2018-08-20,2.765,2.765,2.765,2.765,0.0,2.765,0
2018-08-21,2.79,2.79,2.79,2.79,0.0,2.79,0
2018-08-22,2.777,2.777,2.777,2.777,0.0,2.777,0
2018-08-23,2.774,2.774,2.774,2.774,0.0,2.774,0
2018-08-24,2.758,2.758,2.758,2.758,0.0,2.758,0
2018-08-27,2.727,2.727,2.727,2.727,0.0,2.727,0
2018-08-28,2.703,2.703,2.703,2.703,0.0,2.703,0
2018-08-29,2.707,2.707,2.707,2.707,0.0,2.707,0
2018-08-30,2.688,2.688,2.688,2.688,0.0,2.688,0
2018-08-31,2.702,2.702,2.702,2.702,0.0,2.702,0
2018-09-04,2.685,2.685,2.685,2.685,0.0,2.685,0
2018-09-05,2.69,2.69,2.69,2.69,0.0,2.69,0
2018-09-06,2.709,2.709,2.709,2.709,0.0,2.709,0
2018-09-07,2.708,2.708,2.708,2.708,0.0,2.708,0
2018-09-10,2.714,2.714,2.714,2.714,0.0,2.714,0
2018-09-11,2.711,2.711,2.711,2.711,0.0,2.711,0
2018-09-12,2.721,2.721,2.721,2.721,0.0,2.721,0
2018-09-13,2.737,2.737,2.737,2.737,0.0,2.737,0
2018-09-14,2.742,2.742,2.742,2.742,0.0,2.742,0
2018-09-17,2.746,2.746,2.746,2.746,0.0,2.746,0
2018-09-18,2.749,2.749,2.749,2.749,0.0,2.749,0
2018-09-19,2.746,2.746,2.746,2.746,0.0,2.746,0
2018-09-20,2.75,2.75,2.75,2.75,0.0,2.75,0
2018-09-21,2.748,2.748,2.748,2.748,0.0,2.748,0
2018-09-24,2.746,2.746,2.746,2.746,0.0,2.746,0
2018-09-25,2.748,2.748,2.748,2.748,0.0,2.748,0
2018-09-26,2.757,2.757,2.757,2.757,0.0,2.757,0
2018-09-27,2.758,2.758,2.758,2.758,0.0,2.758,0
2018-09-28,2.758,2.758,2.758,2.758,0.0,2.758,0
2018-10-01,2.763,2.763,2.763,2.763,0.0,2.763,0
2018-10-02,2.761,2.761,2.761,2.761,0.0,2.761,0
2018-10-03,2.76,2.76,2.76,2.76,0.0,2.76,0
2018-10-04,2.761,2.761,2.761,2.761,0.0,2.761,0
2018-10-05,2.764,2.764,2.764,2.764,0.0,2.764,0
2018-10-08,2.769,2.769,2.769,2.769,0.0,2.769,0
2018-10-09,2.764,2.764,2.764,2.764,0.0,2.764,0
2018-10-10,2.76,2.76,2.76,2.76,0.0,2.76,0
2018-10-11,2.785,2.785,2.785,2.785,0.0,2.785,0
2018-10-12,2.797,2.797,2.797,2.797,0.0,2.797,0
2018-10-15,2.796,2.796,2.796,2.796,0.0,2.796,0
2018-10-16,2.821,2.821,2.821,2.821,0.0,2.821,0
2018-10-17,2.816,2.816,2.816,2.816,0.0,2.816,0
2018-10-18,2.815,2.815,2.815,2.815,0.0,2.815,0
2018-10-19,2.812,2.812,2.812,2.812,0.0,2.812,0
2018-10-22,2.813,2.813,2.813,2.813,0.0,2.813,0
2018-10-23,2.812,2.812,2.812,2.812,0.0,2.812,0
2018-10-24,2.809,2.809,2.809,2.809,0.0,2.809,0
2018-10-25,2.799,2.799,2.799,2.799,0.0,2.799,0
2018-10-26,2.801,2.801,2.801,2.801,0.0,2.801,0
2018-10-29,2.802,2.802,2.802,2.802,0.0,2.802,0
2018-10-30,2.82,2.82,2.82,2.82,0.0,2.82,0
2018-10-31,2.819,2.819,2.819,2.819,0.0,2.819,0
2018-11-01,2.824,2.824,2.824,2.824,0.0,2.824,0
2018-11-02,2.831,2.831,2.831,2.831,0.0,2.831,0
2018-11-05,2.845,2.845,2.845,2.845,0.0,2.845,0
2018-11-06,2.861,2.861,2.861,2.861,0.0,2.861,0
2018-11-07,2.859,2.859,2.859,2.859,0.0,2.859,0
2018-11-08,2.86,2.86,2.86,2.86,0.0,2.86,0
2018-11-09,2.863,2.863,2.863,2.863,0.0,2.863,0
2018-11-12,2.886,2.886,2.886,2.886,0.0,2.886,0
2018-11-13,2.865,2.865,2.865,2.865,0.0,2.865,0
2018-11-14,2.849,2.849,2.849,2.849,0.0,2.849,0
2018-11-15,2.864,2.864,2.864,2.864,0.0,2.864,0
2018-11-16,2.835,2.835,2.835,2.835,0.0,2.835,0
2018-11-19,2.822,2.822,2.822,2.822,0.0,2.822,0
2018-11-20,2.82,2.82,2.82,2.82,0.0,2.82,0
2018-11-21,2.818,2.818,2.818,2.818,0.0,2.818,0
2018-11-23,2.843,2.843,2.843,2.843,0.0,2.843,0
2018-11-26,2.836,2.836,2.836,2.836,0.0,2.836,0
2018-11-27,2.832,2.832,2.832,2.832,0.0,2.832,0
2018-11-28,2.833,2.833,2.833,2.833,0.0,2.833,0
2018-11-29,2.868,2.868,2.868,2.868,0.0,2.868,0
2018-11-30,2.918,2.918,2.918,2.918,0.0,2.918,0
2018-12-03,2.89,2.89,2.89,2.89,0.0,2.89,0
2018-12-04,2.876,2.876,2.876,2.876,0.0,2.876,0
2018-12-05,2.867,2.867,2.867,2.867,0.0,2.867,0
2018-12-06,2.878,2.878,2.878,2.878,0.0,2.878,0
2018-12-07,2.885,2.885,2.885,2.885,0.0,2.885,0
2018-12-10,2.886,2.886,2.886,2.886,0.0,2.886,0
2018-12-11,2.861,2.861,2.861,2.861,0.0,2.861,0
2018-12-12,2.863,2.863,2.863,2.863,0.0,2.863,0
2018-12-13,2.831,2.831,2.831,2.831,0.0,2.831,0
2018-12-14,2.841,2.841,2.841,2.841,0.0,2.841,0
2018-12-17,2.84,2.84,2.84,2.84,0.0,2.84,0
2018-12-18,2.835,2.835,2.835,2.835,0.0,2.835,0
2018-12-19,2.858,2.858,2.858,2.858,0.0,2.858,0
2018-12-20,2.873,2.873,2.873,2.873,0.0,2.873,0
2018-12-21,2.876,2.876,2.876,2.876,0.0,2.876,0
2018-12-24,2.875,2.875,2.875,2.875,0.0,2.875,0
2018-12-26,2.872,2.872,2.872,2.872,0.0,2.872,0
2018-12-27,2.87,2.87,2.87,2.87,0.0,2.87,0
2018-12-28,2.867,2.867,2.867,2.867,0.0,2.867,0
2018-12-31,2.873,2.873,2.873,2.873,0.0,2.873,0
2019-01-02,2.873,2.873,2.873,2.873,0.0,2.873,0
2019-01-03,2.862,2.862,2.862,2.862,0.0,2.862,0
2019-01-04,2.866,2.866,2.866,2.866,0.0,2.866,0
2019-01-07,2.868,2.868,2.868,2.868,0.0,2.868,0
2019-01-08,2.859,2.859,2.859,2.859,0.0,2.859,0
2019-01-09,2.857,2.857,2.857,2.857,0.0,2.857,0
2019-01-10,2.854,2.854,2.854,2.854,0.0,2.854,0
2019-01-11,2.861,2.861,2.861,2.861,0.0,2.861,0
2019-01-14,2.86,2.86,2.86,2.86,0.0,2.86,0
2019-01-15,2.852,2.852,2.852,2.852,0.0,2.852,0
2019-01-16,2.821,2.821,2.821,2.821,0.0,2.821,0
2019-01-17,2.821,2.821,2.821,2.821,0.0,2.821,0
2019-01-18,2.834,2.834,2.834,2.834,0.0,2.834,0
2019-01-22,2.847,2.847,2.847,2.847,0.0,2.847,0
2019-01-23,2.827,2.827,2.827,2.827,0.0,2.827,0
2019-01-24,2.806,2.806,2.806,2.806,0.0,2.806,0
2019-01-25,2.851,2.851,2.851,2.851,0.0,2.851,0
2019-01-28,2.835,2.835,2.835,2.835,0.0,2.835,0
2019-01-29,2.838,2.838,2.838,2.838,0.0,2.838,0
2019-01-30,2.84,2.84,2.84,2.84,0.0,2.84,0
2019-01-31,2.841,2.841,2.841,2.841,0.0,2.841,0
2019-02-01,2.842,2.842,2.842,2.842,0.0,2.842,0
2019-02-04,2.829,2.829,2.829,2.829,0.0,2.829,0
2019-02-05,2.87,2.87,2.87,2.87,0.0,2.87,0
2019-02-06,2.867,2.867,2.867,2.867,0.0,2.867,0
2019-02-07,2.863,2.863,2.863,2.863,0.0,2.863,0
2019-02-08,2.865,2.865,2.865,2.865,0.0,2.865,0
2019-02-11,2.87,2.87,2.87,2.87,0.0,2.87,0
2019-02-12,2.878,2.878,2.878,2.878,0.0,2.878,0
2019-02-13,2.879,2.879,2.879,2.879,0.0,2.879,0
2019-02-14,2.883,2.883,2.883,2.883,0.0,2.883,0
2019-02-15,2.863,2.863,2.863,2.863,0.0,2.863,0
2019-02-19,2.854,2.854,2.854,2.854,0.0,2.854,0
2019-02-20,2.866,2.866,2.866,2.866,0.0,2.866,0
2019-02-21,2.853,2.853,2.853,2.853,0.0,2.853,0
2019-02-22,2.85,2.85,2.85,2.85,0.0,2.85,0
2019-02-25,2.842,2.842,2.842,2.842,0.0,2.842,0
2019-02-26,2.824,2.824,2.824,2.824,0.0,2.824,0
2019-02-27,2.86,2.86,2.86,2.86,0.0,2.86,0
2019-02-28,2.871,2.871,2.871,2.871,0.0,2.871,0
2019-03-01,2.87,2.87,2.87,2.87,0.0,2.87,0
2019-03-04,2.866,2.866,2.866,2.866,0.0,2.866,0
2019-03-05,2.864,2.864,2.864,2.864,0.0,2.864,0
2019-03-06,2.867,2.867,2.867,2.867,0.0,2.867,0
2019-03-07,2.872,2.872,2.872,2.872,0.0,2.872,0
2019-03-08,2.872,2.872,2.872,2.872,0.0,2.872,0
2019-03-11,2.899,2.899,2.899,2.899,0.0,2.899,0
2019-03-12,2.914,2.914,2.914,2.914,0.0,2.914,0
2019-03-13,2.923,2.923,2.923,2.923,0.0,2.923,0
2019-03-14,2.931,2.931,2.931,2.931,0.0,2.931,0
2019-03-15,2.932,2.932,2.932,2.932,0.0,2.932,0
2019-03-18,2.932,2.932,2.932,2.932,0.0,2.932,0
2019-03-19,2.933,2.933,2.933,2.933,0.0,2.933,0
2019-03-20,2.931,2.931,2.931,2.931,0.0,2.931,0
2019-03-21,2.941,2.941,2.941,2.941,0.0,2.941,0
2019-03-22,2.931,2.931,2.931,2.931,0.0,2.931,0
2019-03-25,2.93,2.93,2.93,2.93,0.0,2.93,0
2019-03-26,2.932,2.932,2.932,2.932,0.0,2.932,0
2019-03-27,2.923,2.923,2.923,2.923,0.0,2.923,0
2019-03-28,2.926,2.926,2.926,2.926,0.0,2.926,0
2019-03-29,2.925,2.925,2.925,2.925,0.0,2.925,0
2019-04-01,2.924,2.924,2.924,2.924,0.0,2.924,0
2019-04-02,2.931,2.931,2.931,2.931,0.0,2.931,0
2019-04-03,2.924,2.924,2.924,2.924,0.0,2.924,0
2019-04-04,2.95,2.95,2.95,2.95,0.0,2.95,0
2019-04-05,2.933,2.933,2.933,2.933,0.0,2.933,0
2019-04-08,2.936,2.936,2.936,2.936,0.0,2.936,0
2019-04-09,2.943,2.943,2.943,2.943,0.0,2.943,0
2019-04-10,2.921,2.921,2.921,2.921,0.0,2.921,0
2019-04-11,2.919,2.919,2.919,2.919,0.0,2.919,0
2019-04-12,2.919,2.919,2.919,2.919,0.0,2.919,0
2019-04-15,2.919,2.919,2.919,2.919,0.0,2.919,0
2019-04-16,2.92,2.92,2.92,2.92,0.0,2.92,0
2019-04-17,2.91,2.91,2.91,2.91,0.0,2.91,0
2019-04-18,2.895,2.895,2.895,2.895,0.0,2.895,0
2019-04-22,2.883,2.883,2.883,2.883,0.0,2.883,0
2019-04-23,2.878,2.878,2.878,2.878,0.0,2.878,0
2019-04-24,2.888,2.888,2.888,2.888,0.0,2.888,0
2019-04-25,2.898,2.898,2.898,2.898,0.0,2.898,0
2019-04-26,2.895,2.895,2.895,2.895,0.0,2.895,0
2019-04-29,2.902,2.902,2.902,2.902,0.0,2.902,0
2019-04-30,2.907,2.907,2.907,2.907,0.0,2.907,0
2019-05-01,2.909,2.909,2.909,2.909,0.0,2.909,0
2019-05-02,2.906,2.906,2.906,2.906,0.0,2.906,0
2019-05-03,2.915,2.915,2.915,2.915,0.0,2.915,0
2019-05-06,2.918,2.918,2.918,2.918,0.0,2.918,0
2019-05-07,2.918,2.918,2.918,2.918,0.0,2.918,0
2019-05-08,2.912,2.912,2.912,2.912,0.0,2.912,0
2019-05-09,2.919,2.919,2.919,2.919,0.0,2.919,0
2019-05-10,2.91,2.91,2.91,2.91,0.0,2.91,0
2019-05-13,2.913,2.913,2.913,2.913,0.0,2.913,0
2019-05-14,2.924,2.924,2.924,2.924,0.0,2.924,0
2019-05-15,2.921,2.921,2.921,2.921,0.0,2.921,0
2019-05-16,2.917,2.917,2.917,2.917,0.0,2.917,0
2019-05-17,2.921,2.921,2.921,2.921,0.0,2.921,0
2019-05-20,2.926,2.926,2.926,2.926,0.0,2.926,0
2019-05-21,2.929,2.929,2.929,2.929,0.0,2.929,0
2019-05-22,2.879,2.879,2.879,2.879,0.0,2.879,0
2019-05-23,2.891,2.891,2.891,2.891,0.0,2.891,0
2019-05-24,2.901,2.901,2.901,2.901,0.0,2.901,0
2019-05-28,2.909,2.909,2.909,2.909,0.0,2.909,0
2019-05-29,2.89,2.89,2.89,2.89,0.0,2.89,0
2019-05-30,2.888,2.888,2.888,2.888,0.0,2.888,0
2019-05-31,2.886,2.886,2.886,2.886,0.0,2.886,0
2019-06-03,2.874,2.874,2.874,2.874,0.0,2.874,0
2019-06-04,2.879,2.879,2.879,2.879,0.0,2.879,0
2019-06-05,2.867,2.867,2.867,2.867,0.0,2.867,0
2019-06-06,2.883,2.883,2.883,2.883,0.0,2.883,0
2019-06-07,2.884,2.884,2.884,2.884,0.0,2.884,0
2019-06-10,2.873,2.873,2.873,2.873,0.0,2.873,0
2019-06-11,2.873,2.873,2.873,2.873,0.0,2.873,0
2019-06-12,2.87,2.87,2.87,2.87,0.0,2.87,0
2019-06-13,2.871,2.871,2.871,2.871,0.0,2.871,0
2019-06-14,2.876,2.876,2.876,2.876,0.0,2.876,0
2019-06-17,2.879,2.879,2.879,2.879,0.0,2.879,0
2019-06-18,2.862,2.862,2.862,2.862,0.0,2.862,0
2019-06-19,2.863,2.863,2.863,2.863,0.0,2.863,0
2019-06-20,2.867,2.867,2.867,2.867,0.0,2.867,0
2019-06-21,2.882,2.882,2.882,2.882,0.0,2.882,0
2019-06-24,2.882,2.882,2.882,2.882,0.0,2.882,0
2019-06-25,2.881,2.881,2.881,2.881,0.0,2.881,0
2019-06-26,2.873,2.873,2.873,2.873,0.0,2.873,0
2019-06-27,2.869,2.869,2.869,2.869,0.0,2.869,0
2019-06-28,2.841,2.841,2.841,2.841,0.0,2.841,0
2019-07-01,2.834,2.834,2.834,2.834,0.0,2.834,0
2019-07-02,2.83,2.83,2.83,2.83,0.0,2.83,0
2019-07-03,2.829,2.829,2.829,2.829,0.0,2.829,0
2019-07-05,2.855,2.855,2.855,2.855,0.0,2.855,0
2019-07-08,2.851,2.851,2.851,2.851,0.0,2.851,0
2019-07-09,2.879,2.879,2.879,2.879,0.0,2.879,0
2019-07-10,2.871,2.871,2.871,2.871,0.0,2.871,0
2019-07-11,2.879,2.879,2.879,2.879,0.0,2.879,0
2019-07-12,2.887,2.887,2.887,2.887,0.0,2.887,0
2019-07-15,2.892,2.892,2.892,2.892,0.0,2.892,0
2019-07-16,2.868,2.868,2.868,2.868,0.0,2.868,0
2019-07-17,2.865,2.865,2.865,2.865,0.0,2.865,0
2019-07-18,2.884,2.884,2.884,2.884,0.0,2.884,0
2019-07-19,2.877,2.877,2.877,2.877,0.0,2.877,0
2019-07-22,2.835,2.835,2.835,2.835,0.0,2.835,0
2019-07-23,2.842,2.842,2.842,2.842,0.0,2.842,0
2019-07-24,2.835,2.835,2.835,2.835,0.0,2.835,0
2019-07-25,2.836,2.836,2.836,2.836,0.0,2.836,0
2019-07-26,2.829,2.829,2.829,2.829,0.0,2.829,0
2019-07-29,2.818,2.818,2.818,2.818,0.0,2.818,0
2019-07-30,2.821,2.821,2.821,2.821,0.0,2.821,0
2019-07-31,2.827,2.827,2.827,2.827,0.0,2.827,0
2019-08-01,2.83,2.83,2.83,2.83,0.0,2.83,0
2019-08-02,2.817,2.817,2.817,2.817,0.0,2.817,0
2019-08-05,2.815,2.815,2.815,2.815,0.0,2.815,0
2019-08-06,2.816,2.816,2.816,2.816,0.0,2.816,0
2019-08-07,2.821,2.821,2.821,2.821,0.0,2.821,0
2019-08-08,2.8,2.8,2.8,2.8,0.0,2.8,0
2019-08-09,2.776,2.776,2.776,2.776,0.0,2.776,0
2019-08-12,2.765,2.765,2.765,2.765,0.0,2.765,0
2019-08-13,2.746,2.746,2.746,2.746,0.0,2.746,0
2019-08-14,2.709,2.709,2.709,2.709,0.0,2.709,0
2019-08-15,2.709,2.709,2.709,2.709,0.0,2.709,0
2019-08-16,2.688,2.688,2.688,2.688,0.0,2.688,0
2019-08-19,2.69,2.69,2.69,2.69,0.0,2.69,0
2019-08-20,2.69,2.69,2.69,2.69,0.0,2.69,0
2019-08-21,2.691,2.691,2.691,2.691,0.0,2.691,0
2019-08-22,2.68,2.68,2.68,2.68,0.0,2.68,0
2019-08-23,2.71,2.71,2.71,2.71,0.0,2.71,0
2019-08-26,2.717,2.717,2.717,2.717,0.0,2.717,0
2019-08-27,2.732,2.732,2.732,2.732,0.0,2.732,0
2019-08-28,2.751,2.751,2.751,2.751,0.0,2.751,0
2019-08-29,2.753,2.753,2.753,2.753,0.0,2.753,0
2019-08-30,2.713,2.713,2.713,2.713,0.0,2.713,0
2019-09-03,2.718,2.718,2.718,2.718,0.0,2.718,0
2019-09-04,2.689,2.689,2.689,2.689,0.0,2.689,0
2019-09-05,2.696,2.696,2.696,2.696,0.0,2.696,0
2019-09-06,2.683,2.683,2.683,2.683,0.0,2.683,0
2019-09-09,2.647,2.647,2.647,2.647,0.0,2.647,0
2019-09-10,2.651,2.651,2.651,2.651,0.0,2.651,0
2019-09-11,2.646,2.646,2.646,2.646,0.0,2.646,0
2019-09-12,2.651,2.651,2.651,2.651,0.0,2.651,0
2019-09-13,2.616,2.616,2.616,2.616,0.0,2.616,0
2019-09-16,2.646,2.646,2.646,2.646,0.0,2.646,0
2019-09-17,2.61,2.61,2.61,2.61,0.0,2.61,0
2019-09-18,2.623,2.623,2.623,2.623,0.0,2.623,0
2019-09-19,2.617,2.617,2.617,2.617,0.0,2.617,0
2019-09-20,2.628,2.628,2.628,2.628,0.0,2.628,0
2019-09-23,2.625,2.625,2.625,2.625,0.0,2.625,0
2019-09-24,2.604,2.604,2.604,2.604,0.0,2.604,0
2019-09-25,2.603,2.603,2.603,2.603,0.0,2.603,0
2019-09-26,2.604,2.604,2.604,2.604,0.0,2.604,0
2019-09-27,2.593,2.593,2.593,2.593,0.0,2.593,0
2019-09-30,2.655,2.655,2.655,2.655,0.0,2.655,0
2019-10-01,2.604,2.604,2.604,2.604,0.0,2.604,0
2019-10-02,2.622,2.622,2.622,2.622,0.0,2.622,0
2019-10-03,2.607,2.607,2.607,2.607,0.0,2.607,0
2019-10-04,2.597,2.597,2.597,2.597,0.0,2.597,0
2019-10-07,2.601,2.601,2.601,2.601,0.0,2.601,0
2019-10-08,2.577,2.577,2.577,2.577,0.0,2.577,0
2019-10-09,2.588,2.588,2.588,2.588,0.0,2.588,0
2019-10-10,2.589,2.589,2.589,2.589,0.0,2.589,0
2019-10-11,2.6,2.6,2.6,2.6,0.0,2.6,0
2019-10-14,2.615,2.615,2.615,2.615,0.0,2.615,0
2019-10-15,2.631,2.631,2.631,2.631,0.0,2.631,0
2019-10-16,2.633,2.633,2.633,2.633,0.0,2.633,0
2019-10-17,2.63,2.63,2.63,2.63,0.0,2.63,0
2019-10-18,2.625,2.625,2.625,2.625,0.0,2.625,0
2019-10-21,2.62,2.62,2.62,2.62,0.0,2.62,0
2019-10-22,2.624,2.624,2.624,2.624,0.0,2.624,0
2019-10-23,2.618,2.618,2.618,2.618,0.0,2.618,0
2019-10-24,2.622,2.622,2.622,2.622,0.0,2.622,0
2019-10-25,2.62,2.62,2.62,2.62,0.0,2.62,0
2019-10-28,2.629,2.629,2.629,2.629,0.0,2.629,0
2019-10-29,2.645,2.645,2.645,2.645,0.0,2.645,0
2019-10-30,2.652,2.652,2.652,2.652,0.0,2.652,0
2019-10-31,2.65,2.65,2.65,2.65,0.0,2.65,0
2019-11-01,2.659,2.659,2.659,2.659,0.0,2.659,0
2019-11-04,2.6,2.6,2.6,2.6,0.0,2.6,0
2019-11-05,2.579,2.579,2.579,2.579,0.0,2.579,0
2019-11-06,2.59,2.59,2.59,2.59,0.0,2.59,0
2019-11-07,2.557,2.557,2.557,2.557,0.0,2.557,0
2019-11-08,2.564,2.564,2.564,2.564,0.0,2.564,0
2019-11-11,2.555,2.555,2.555,2.555,0.0,2.555,0
2019-11-12,2.515,2.515,2.515,2.515,0.0,2.515,0
2019-11-13,2.506,2.506,2.506,2.506,0.0,2.506,0
2019-11-14,2.508,2.508,2.508,2.508,0.0,2.508,0
2019-11-15,2.506,2.506,2.506,2.506,0.0,2.506,0
2019-11-18,2.51,2.51,2.51,2.51,0.0,2.51,0
2019-11-19,2.517,2.517,2.517,2.517,0.0,2.517,0
2019-11-20,2.526,2.526,2.526,2.526,0.0,2.526,0
2019-11-21,2.533,2.533,2.533,2.533,0.0,2.533,0
2019-11-22,2.533,2.533,2.533,2.533,0.0,2.533,0
2019-11-25,2.525,2.525,2.525,2.525,0.0,2.525,0
2019-11-26,2.519,2.519,2.519,2.519,0.0,2.519,0
2019-11-27,2.523,2.523,2.523,2.523,0.0,2.523,0
2019-11-29,2.481,2.481,2.481,2.481,0.0,2.481,0
2019-12-02,2.507,2.507,2.507,2.507,0.0,2.507,0
2019-12-03,2.516,2.516,2.516,2.516,0.0,2.516,0
2019-12-04,2.515,2.515,2.515,2.515,0.0,2.515,0
2019-12-05,2.507,2.507,2.507,2.507,0.0,2.507,0
2019-12-06,2.48,2.48,2.48,2.48,0.0,2.48,0
2019-12-09,2.459,2.459,2.459,2.459,0.0,2.459,0
2019-12-10,2.468,2.468,2.468,2.468,0.0,2.468,0
2019-12-11,2.465,2.465,2.465,2.465,0.0,2.465,0
2019-12-12,2.47,2.47,2.47,2.47,0.0,2.47,0
2019-12-13,2.453,2.453,2.453,2.453,0.0,2.453,0
2019-12-16,2.462,2.462,2.462,2.462,0.0,2.462,0
2019-12-17,2.464,2.464,2.464,2.464,0.0,2.464,0
2019-12-18,2.435,2.435,2.435,2.435,0.0,2.435,0
2019-12-19,2.409,2.409,2.409,2.409,0.0,2.409,0
2019-12-20,2.4,2.4,2.4,2.4,0.0,2.4,0
2019-12-23,2.407,2.407,2.407,2.407,0.0,2.407,0
2019-12-24,2.405,2.405,2.405,2.405,0.0,2.405,0
2019-12-26,2.393,2.393,2.393,2.393,0.0,2.393,0
2019-12-27,2.391,2.391,2.391,2.391,0.0,2.391,0
2019-12-30,2.388,2.388,2.388,2.388,0.0,2.388,0
2019-12-31,2.397,2.397,2.397,2.397,0.0,2.397,0
2020-01-02,2.392,2.392,2.392,2.392,0.0,2.392,0
2020-01-03,2.392,2.392,2.392,2.392,0.0,2.392,0
2020-01-06,2.396,2.396,2.396,2.396,0.0,2.396,0
2020-01-07,2.403,2.403,2.403,2.403,0.0,2.403,0
2020-01-08,2.406,2.406,2.406,2.406,0.0,2.406,0
2020-01-09,2.417,2.417,2.417,2.417,0.0,2.417,0
2020-01-10,2.419,2.419,2.419,2.419,0.0,2.419,0
2020-01-13,2.419,2.419,2.419,2.419,0.0,2.419,0
2020-01-14,2.418,2.418,2.418,2.418,0.0,2.418,0
2020-01-15,2.417,2.417,2.417,2.417,0.0,2.417,0
2020-01-16,2.424,2.424,2.424,2.424,0.0,2.424,0
2020-01-17,2.434,2.434,2.434,2.434,0.0,2.434,0
2020-01-21,2.424,2.424,2.424,2.424,0.0,2.424,0
2020-01-22,2.405,2.405,2.405,2.405,0.0,2.405,0
2020-01-23,2.397,2.397,2.397,2.397,0.0,2.397,0
2020-01-24,2.4,2.405,2.4,2.405,1.0,2.4,1
2020-01-27,2.364,2.364,2.364,2.364,0.0,2.364,0
2020-01-28,2.374,2.374,2.374,2.374,0.0,2.374,0
2020-01-29,2.364,2.364,2.364,2.364,0.0,2.364,0
2020-01-30,2.359,2.359,2.359,2.359,0.0,2.359,0
2020-01-31,2.36,2.36,2.36,2.36,0.0,2.36,0
2020-02-03,2.355,2.355,2.355,2.355,0.0,2.355,0
2020-02-04,2.351,2.351,2.351,2.351,0.0,2.351,0
2020-02-05,2.328,2.328,2.328,2.328,0.0,2.328,0
2020-02-06,2.332,2.332,2.332,2.332,0.0,2.332,0
2020-02-07,2.35,2.35,2.35,2.35,0.0,2.35,0
2020-02-10,2.342,2.342,2.342,2.342,0.0,2.342,0
2020-02-11,2.327,2.327,2.327,2.327,0.0,2.327,0
2020-02-12,2.334,2.334,2.334,2.334,0.0,2.334,0
2020-02-13,2.324,2.324,2.324,2.324,0.0,2.324,0
2020-02-14,2.335,2.335,2.335,2.335,0.0,2.335,0
2020-02-18,2.308,2.308,2.308,2.308,0.0,2.308,0
2020-02-19,2.329,2.329,2.329,2.329,0.0,2.329,0
2020-02-20,2.324,2.324,2.324,2.324,0.0,2.324,0
2020-02-21,2.354,2.354,2.354,2.354,0.0,2.354,0
2020-02-24,2.36,2.36,2.36,2.36,0.0,2.36,0
2020-02-25,2.363,2.363,2.363,2.363,0.0,2.363,0
2020-02-26,2.386,2.386,2.386,2.386,0.0,2.386,0
2020-02-27,2.376,2.376,2.376,2.376,0.0,2.376,0
2020-02-28,2.406,2.406,2.406,2.406,0.0,2.406,0
2020-03-02,2.446,2.446,2.446,2.446,0.0,2.446,0
2020-03-03,2.442,2.442,2.442,2.442,0.0,2.442,0
2020-03-04,2.431,2.431,2.431,2.431,0.0,2.431,0
2020-03-05,2.406,2.406,2.406,2.406,0.0,2.406,0
2020-03-06,2.419,2.419,2.419,2.419,0.0,2.419,0
2020-03-09,2.456,2.456,2.456,2.456,0.0,2.456,0
2020-03-10,2.456,2.456,2.456,2.456,0.0,2.456,0
2020-03-11,2.418,2.418,2.418,2.418,0.0,2.418,0
2020-03-12,2.368,2.368,2.368,2.368,0.0,2.368,0
2020-03-13,2.363,2.363,2.363,2.363,0.0,2.363,0
2020-03-16,2.352,2.352,2.352,2.352,0.0,2.352,0
2020-03-17,2.381,2.381,2.381,2.381,0.0,2.381,0
2020-03-18,2.387,2.387,2.387,2.387,0.0,2.387,0
2020-03-19,2.4,2.4,2.4,2.4,0.0,2.4,0
2020-03-20,2.394,2.394,2.394,2.394,0.0,2.394,0
2020-03-23,2.389,2.389,2.389,2.389,0.0,2.389,0
2020-03-24,2.356,2.356,2.356,2.356,0.0,2.356,0
2020-03-25,2.351,2.351,2.351,2.351,0.0,2.351,0
2020-03-26,2.317,2.317,2.317,2.317,0.0,2.317,0
2020-03-27,2.339,2.339,2.339,2.339,0.0,2.339,0
2020-03-30,2.347,2.347,2.347,2.347,0.0,2.347,0
2020-03-31,2.335,2.335,2.335,2.335,0.0,2.335,0
2020-04-01,2.305,2.305,2.305,2.305,0.0,2.305,0
2020-04-02,2.291,2.291,2.291,2.291,0.0,2.291,0
2020-04-03,2.275,2.275,2.275,2.275,0.0,2.275,0
2020-04-06,2.291,2.291,2.291,2.291,0.0,2.291,0
2020-04-07,2.285,2.285,2.285,2.285,0.0,2.285,0
2020-04-08,2.302,2.302,2.302,2.302,0.0,2.302,0
2020-04-09,2.319,2.319,2.319,2.319,0.0,2.319,0
2020-04-13,2.347,2.347,2.347,2.347,0.0,2.347,0
2020-04-14,2.329,2.329,2.329,2.329,0.0,2.329,0
2020-04-15,2.298,2.298,2.298,2.298,0.0,2.298,0
2020-04-16,2.303,2.303,2.303,2.303,0.0,2.303,0
2020-04-17,2.304,2.304,2.304,2.304,0.0,2.304,0
2020-04-20,2.322,2.322,2.322,2.322,0.0,2.322,0
2020-04-21,2.305,2.305,2.305,2.305,0.0,2.305,0
2020-04-22,2.333,2.333,2.333,2.333,0.0,2.333,0
2020-04-23,2.287,2.287,2.287,2.287,0.0,2.287,0
2020-04-24,2.285,2.285,2.285,2.285,0.0,2.285,0
2020-04-27,2.311,2.311,2.311,2.311,0.0,2.311,0
2020-04-28,2.303,2.303,2.303,2.303,0.0,2.303,0
2020-04-29,2.298,2.298,2.298,2.298,0.0,2.298,0
2020-04-30,2.273,2.273,2.273,2.273,0.0,2.273,0
2020-05-01,2.256,2.256,2.256,2.256,0.0,2.256,0
2020-05-04,2.233,2.233,2.233,2.233,0.0,2.233,0
2020-05-05,2.22,2.22,2.22,2.22,0.0,2.22,0
2020-05-06,2.259,2.259,2.259,2.259,0.0,2.259,0
2020-05-07,2.241,2.241,2.241,2.241,0.0,2.241,0
2020-05-08,2.25,2.25,2.25,2.25,0.0,2.25,0
2020-05-11,2.235,2.235,2.235,2.235,0.0,2.235,0
2020-05-12,2.239,2.239,2.239,2.239,0.0,2.239,0
2020-05-13,2.231,2.231,2.214,2.214,33.0,2.231,1
2020-05-14,2.188,2.188,2.188,2.188,0.0,2.188,0
2020-05-15,2.229,2.229,2.229,2.229,0.0,2.229,0
2020-05-18,2.247,2.247,2.247,2.247,0.0,2.247,0
2020-05-19,2.244,2.244,2.244,2.244,0.0,2.244,0
2020-05-20,2.201,2.201,2.201,2.201,0.0,2.201,0
2020-05-21,2.192,2.192,2.192,2.192,0.0,2.192,0
2020-05-22,2.235,2.235,2.235,2.235,0.0,2.235,0
2020-05-26,2.235,2.235,2.235,2.235,0.0,2.235,0
2020-05-27,2.271,2.271,2.271,2.271,0.0,2.271,0
2020-05-28,2.263,2.263,2.263,2.263,0.0,2.263,0
2020-05-29,2.257,2.257,2.257,2.257,0.0,2.257,0
2020-06-01,2.234,2.234,2.234,2.234,0.0,2.234,0
2020-06-02,2.239,2.239,2.239,2.239,0.0,2.239,0
2020-06-03,2.226,2.226,2.226,2.226,0.0,2.226,0
2020-06-04,2.235,2.235,2.235,2.235,0.0,2.235,0
2020-06-05,2.229,2.229,2.229,2.229,0.0,2.229,0
2020-06-08,2.243,2.243,2.243,2.243,0.0,2.243,0
2020-06-09,2.251,2.251,2.251,2.251,0.0,2.251,0
2020-06-10,2.237,2.237,2.237,2.237,0.0,2.237,0
2020-06-11,2.232,2.232,2.232,2.232,0.0,2.232,0
2020-06-12,2.221,2.221,2.221,2.221,0.0,2.221,0
2020-06-15,2.248,2.248,2.248,2.248,0.0,2.248,0
2020-06-16,2.242,2.242,2.242,2.242,0.0,2.242,0
2020-06-17,2.237,2.237,2.237,2.237,0.0,2.237,0
2020-06-18,2.248,2.248,2.248,2.248,0.0,2.248,0
2020-06-19,2.231,2.231,2.231,2.231,0.0,2.231,0
2020-06-22,2.219,2.219,2.219,2.219,0.0,2.219,0
2020-06-23,2.218,2.218,2.218,2.218,0.0,2.218,0
2020-06-24,2.225,2.225,2.225,2.225,0.0,2.225,0
2020-06-25,2.243,2.243,2.243,2.243,0.0,2.243,0
2020-06-26,2.265,2.265,2.265,2.265,0.0,2.265,0
2020-06-29,2.263,2.263,2.263,2.263,0.0,2.263,0
2020-06-30,2.263,2.263,2.263,2.263,0.0,2.263,0
2020-07-01,2.276,2.276,2.276,2.276,0.0,2.276,0
2020-07-02,2.308,2.308,2.308,2.308,0.0,2.308,0
2020-07-06,2.287,2.287,2.287,2.287,0.0,2.287,0
2020-07-07,2.28,2.28,2.28,2.28,0.0,2.28,0
2020-07-08,2.308,2.308,2.308,2.308,0.0,2.308,0
2020-07-09,2.293,2.293,2.293,2.293,0.0,2.293,0
2020-07-10,2.279,2.279,2.279,2.279,0.0,2.279,0
2020-07-13,2.275,2.275,2.275,2.275,0.0,2.275,0
2020-07-14,2.274,2.274,2.274,2.274,0.0,2.274,0
2020-07-15,2.284,2.284,2.284,2.284,0.0,2.284,0
2020-07-16,2.277,2.277,2.277,2.277,0.0,2.277,0
2020-07-17,2.274,2.274,2.274,2.274,0.0,2.274,0
2020-07-20,2.265,2.265,2.265,2.265,0.0,2.265,0
2020-07-21,2.279,2.279,2.279,2.279,0.0,2.279,0
2020-07-22,2.288,2.288,2.288,2.288,0.0,2.288,0
2020-07-23,2.372,2.372,2.372,2.372,0.0,2.372,0
2020-07-24,2.411,2.411,2.411,2.411,0.0,2.411,0
2020-07-27,2.469,2.469,2.469,2.469,0.0,2.469,0
2020-07-28,2.466,2.466,2.466,2.466,0.0,2.466,0
2020-07-29,2.471,2.471,2.471,2.471,0.0,2.471,0
2020-07-30,2.478,2.478,2.478,2.478,0.0,2.478,0
2020-07-31,2.496,2.496,2.496,2.496,0.0,2.496,0
2020-08-03,2.494,2.494,2.494,2.494,0.0,2.494,0
2020-08-04,2.488,2.488,2.488,2.488,0.0,2.488,0
2020-08-05,2.511,2.511,2.511,2.511,0.0,2.511,0
2020-08-06,2.536,2.536,2.536,2.536,0.0,2.536,0
2020-08-07,2.568,2.568,2.568,2.568,0.0,2.568,0
2020-08-10,2.536,2.536,2.536,2.536,0.0,2.536,0
2020-08-11,2.451,2.451,2.451,2.451,0.0,2.451,0
2020-08-12,2.428,2.428,2.428,2.428,0.0,2.428,0
2020-08-13,2.448,2.448,2.448,2.448,0.0,2.448,0
2020-08-14,2.439,2.439,2.439,2.439,0.0,2.439,0
2020-08-17,2.439,2.439,2.439,2.439,0.0,2.439,0
2020-08-18,2.434,2.434,2.434,2.434,0.0,2.434,0
2020-08-19,2.429,2.429,2.429,2.429,0.0,2.429,0
2020-08-20,2.427,2.427,2.427,2.427,0.0,2.427,0
2020-08-21,2.422,2.422,2.422,2.422,0.0,2.422,0
2020-08-24,2.417,2.417,2.417,2.417,0.0,2.417,0
2020-08-25,2.41,2.41,2.41,2.41,0.0,2.41,0
2020-08-26,2.438,2.438,2.438,2.438,0.0,2.438,0
2020-08-27,2.447,2.447,2.447,2.447,0.0,2.447,0
2020-08-28,2.435,2.435,2.435,2.435,0.0,2.435,0
2020-08-31,2.409,2.409,2.409,2.409,0.0,2.409,0
2020-09-01,2.407,2.407,2.407,2.407,0.0,2.407,0
2020-09-02,2.401,2.401,2.401,2.401,0.0,2.401,0
2020-09-03,2.398,2.398,2.398,2.398,0.0,2.398,0
2020-09-04,2.349,2.349,2.349,2.349,0.0,2.349,0
2020-09-08,2.35,2.35,2.35,2.35,0.0,2.35,0
2020-09-09,2.336,2.336,2.336,2.336,0.0,2.336,0
2020-09-10,2.318,2.318,2.318,2.318,0.0,2.318,0
2020-09-11,2.295,2.295,2.295,2.295,0.0,2.295,0
2020-09-14,2.283,2.283,2.283,2.283,0.0,2.283,0
2020-09-15,2.29,2.29,2.29,2.29,0.0,2.29,0
2020-09-16,2.288,2.288,2.288,2.288,0.0,2.288,0
2020-09-17,2.276,2.276,2.276,2.276,0.0,2.276,0
2020-09-18,2.297,2.297,2.297,2.297,0.0,2.297,0
2020-09-21,2.268,2.268,2.268,2.268,0.0,2.268,0
2020-09-22,2.3,2.3,2.3,2.3,0.0,2.3,0
2020-09-23,2.34,2.34,2.34,2.34,0.0,2.34,0
2020-09-24,2.35,2.35,2.35,2.35,0.0,2.35,0
2020-09-25,2.362,2.362,2.362,2.362,0.0,2.362,0
2020-09-28,2.37,2.37,2.37,2.37,0.0,2.37,0
2020-09-29,2.341,2.341,2.341,2.341,0.0,2.341,0
2020-09-30,2.322,2.322,2.322,2.322,0.0,2.322,0
2020-10-01,2.302,2.302,2.302,2.302,0.0,2.302,0
2020-10-02,2.296,2.296,2.296,2.296,0.0,2.296,0
2020-10-05,2.274,2.274,2.274,2.274,0.0,2.274,0
2020-10-06,2.281,2.281,2.281,2.281,0.0,2.281,0
2020-10-07,2.304,2.304,2.304,2.304,0.0,2.304,0
2020-10-08,2.279,2.279,2.279,2.279,0.0,2.279,0
2020-10-09,2.309,2.309,2.309,2.309,0.0,2.309,0
2020-10-12,2.295,2.295,2.295,2.295,0.0,2.295,0
2020-10-13,2.275,2.275,2.275,2.275,0.0,2.275,0
2020-10-14,2.302,2.302,2.302,2.302,0.0,2.302,0
2020-10-15,2.288,2.288,2.288,2.288,0.0,2.288,0
2020-10-16,2.291,2.291,2.291,2.291,0.0,2.291,0
2020-10-19,2.334,2.334,2.334,2.334,0.0,2.334,0
2020-10-20,2.275,2.275,2.275,2.275,0.0,2.275,0
2020-10-21,2.296,2.296,2.296,2.296,0.0,2.296,0
2020-10-22,2.298,2.298,2.298,2.298,0.0,2.298,0
2020-10-23,2.261,2.261,2.261,2.261,0.0,2.261,0
2020-10-26,2.199,2.199,2.199,2.199,0.0,2.199,0
2020-10-27,2.253,2.253,2.253,2.253,0.0,2.253,0
2020-10-28,2.29,2.29,2.29,2.29,0.0,2.29,0
2020-10-29,2.302,2.302,2.302,2.302,0.0,2.302,0
2020-10-30,2.319,2.319,2.319,2.319,0.0,2.319,0
2020-11-02,2.307,2.307,2.307,2.307,0.0,2.307,0
2020-11-03,2.347,2.347,2.347,2.347,0.0,2.347,0
2020-11-04,2.344,2.344,2.344,2.344,0.0,2.344,0
2020-11-05,2.339,2.339,2.339,2.339,0.0,2.339,0
2020-11-06,2.329,2.329,2.329,2.329,0.0,2.329,0
2020-11-09,2.325,2.325,2.325,2.325,0.0,2.325,0
2020-11-10,2.335,2.335,2.335,2.335,0.0,2.335,0
2020-11-11,2.35,2.35,2.35,2.35,0.0,2.35,0
2020-11-12,2.347,2.347,2.347,2.347,0.0,2.347,0
2020-11-13,2.302,2.302,2.302,2.302,0.0,2.302,0
2020-11-16,2.299,2.299,2.299,2.299,0.0,2.299,0
2020-11-17,2.316,2.316,2.316,2.316,0.0,2.316,0
2020-11-18,2.34,2.34,2.34,2.34,0.0,2.34,0
2020-11-19,2.34,2.34,2.34,2.34,0.0,2.34,0
2020-11-20,2.333,2.333,2.333,2.333,0.0,2.333,0
2020-11-23,2.327,2.327,2.327,2.327,0.0,2.327,0
2020-11-24,2.363,2.363,2.329,2.329,1.0,2.363,1
2020-11-25,2.312,2.312,2.312,2.312,0.0,2.312,0
2020-11-27,2.308,2.308,2.308,2.308,0.0,2.308,0
2020-11-30,2.294,2.294,2.294,2.294,0.0,2.294,0
2020-12-01,2.356,2.356,2.356,2.356,0.0,2.356,0
2020-12-02,2.381,2.381,2.381,2.381,0.0,2.381,0
2020-12-03,2.353,2.353,2.353,2.353,0.0,2.353,0
2020-12-04,2.373,2.373,2.373,2.373,0.0,2.373,0
2020-12-07,2.344,2.344,2.344,2.344,0.0,2.344,0
2020-12-08,2.332,2.332,2.332,2.332,0.0,2.332,0
2020-12-09,2.342,2.342,2.342,2.342,0.0,2.342,0
2020-12-10,2.347,2.347,2.347,2.347,0.0,2.347,0
2020-12-11,2.366,2.366,2.366,2.366,0.0,2.366,0
2020-12-14,2.36,2.36,2.36,2.36,0.0,2.36,0
2020-12-15,2.345,2.345,2.345,2.345,0.0,2.345,0
2020-12-16,2.357,2.357,2.357,2.357,0.0,2.357,0
2020-12-17,2.345,2.345,2.345,2.345,0.0,2.345,0
2020-12-18,2.359,2.359,2.359,2.359,0.0,2.359,0
2020-12-21,2.33,2.33,2.33,2.33,0.0,2.33,0
2020-12-22,2.365,2.365,2.365,2.365,0.0,2.365,0
2020-12-23,2.36,2.36,2.36,2.36,0.0,2.36,0
2020-12-24,2.372,2.372,2.372,2.372,0.0,2.372,0
2020-12-28,2.291,2.291,2.291,2.291,0.0,2.291,0
2020-12-29,2.36,2.36,2.36,2.36,0.0,2.36,0
2020-12-30,2.331,2.331,2.331,2.331,0.0,2.331,0
2020-12-31,2.358,2.358,2.358,2.358,0.0,2.358,0
2021-01-04,2.366,2.366,2.366,2.366,0.0,2.366,0
2021-01-05,2.381,2.381,2.381,2.381,0.0,2.381,0
2021-01-06,2.414,2.414,2.414,2.414,0.0,2.414,0
2021-01-07,2.382,2.382,2.382,2.382,0.0,2.382,0
2021-01-08,2.366,2.366,2.366,2.366,0.0,2.366,0
2021-01-11,2.369,2.369,2.369,2.369,0.0,2.369,0
2021-01-12,2.387,2.387,2.387,2.387,0.0,2.387,0
2021-01-13,2.418,2.418,2.418,2.418,0.0,2.418,0
2021-01-14,2.366,2.366,2.366,2.366,0.0,2.366,0
2021-01-15,2.402,2.402,2.402,2.402,0.0,2.402,0
2021-01-19,2.393,2.393,2.393,2.393,0.0,2.393,0
2021-01-20,2.407,2.407,2.407,2.407,0.0,2.407,0
2021-01-21,2.411,2.411,2.411,2.411,0.0,2.411,0
2021-01-22,2.426,2.426,2.426,2.426,0.0,2.426,0
2021-01-25,2.383,2.383,2.383,2.383,0.0,2.383,0
2021-01-26,2.412,2.412,2.412,2.412,0.0,2.412,0
2021-01-27,2.427,2.427,2.427,2.427,0.0,2.427,0
2021-01-28,2.426,2.426,2.426,2.426,0.0,2.426,0
2021-01-29,2.42,2.42,2.42,2.42,0.0,2.42,0
2021-02-01,2.424,2.424,2.424,2.424,0.0,2.424,0
2021-02-02,2.42,2.42,2.42,2.42,0.0,2.42,0
2021-02-03,2.401,2.401,2.401,2.401,0.0,2.401,0
2021-02-04,2.377,2.377,2.377,2.377,0.0,2.377,0
2021-02-05,2.386,2.386,2.386,2.386,0.0,2.386,0
2021-02-08,2.406,2.406,2.406,2.406,0.0,2.406,0
2021-02-09,2.406,2.406,2.406,2.406,0.0,2.406,0
2021-02-10,2.411,2.411,2.411,2.411,0.0,2.411,0
2021-02-11,2.398,2.398,2.398,2.398,0.0,2.398,0
2021-02-12,2.392,2.392,2.392,2.392,0.0,2.392,0
2021-02-16,2.409,2.409,2.409,2.409,0.0,2.409,0
2021-02-17,2.404,2.404,2.404,2.404,0.0,2.404,0
2021-02-18,2.394,2.394,2.394,2.394,0.0,2.394,0
2021-02-19,2.39,2.39,2.39,2.39,0.0,2.39,0
2021-02-22,2.392,2.392,2.392,2.392,0.0,2.392,0
2021-02-23,2.397,2.397,2.397,2.397,0.0,2.397,0
2021-02-24,2.391,2.391,2.391,2.391,0.0,2.391,0
2021-02-25,2.34,2.34,2.34,2.34,0.0,2.34,0
2021-02-26,2.363,2.363,2.363,2.363,0.0,2.363,0
2021-03-01,2.381,2.381,2.381,2.381,0.0,2.381,0
2021-03-02,2.39,2.39,2.39,2.39,0.0,2.39,0
2021-03-03,2.365,2.365,2.365,2.365,0.0,2.365,0
2021-03-04,2.34,2.34,2.34,2.34,0.0,2.34,0
2021-03-05,2.346,2.346,2.346,2.346,0.0,2.346,0
2021-03-08,2.364,2.364,2.364,2.364,0.0,2.364,0
2021-03-09,2.371,2.371,2.371,2.371,0.0,2.371,0
2021-03-10,2.369,2.369,2.369,2.369,0.0,2.369,0
2021-03-11,2.366,2.366,2.366,2.366,0.0,2.366,0
2021-03-12,2.383,2.383,2.383,2.383,0.0,2.383,0
2021-03-15,2.356,2.356,2.356,2.356,0.0,2.356,0
2021-03-16,2.388,2.388,2.388,2.388,0.0,2.388,0
2021-03-17,2.369,2.369,2.369,2.369,0.0,2.369,0
2021-03-18,2.383,2.383,2.383,2.383,0.0,2.383,0
2021-03-19,2.389,2.389,2.389,2.389,0.0,2.389,0
2021-03-22,2.385,2.385,2.385,2.385,0.0,2.385,0
2021-03-23,2.399,2.399,2.399,2.399,0.0,2.399,0
2021-03-24,2.402,2.402,2.402,2.402,0.0,2.402,0
2021-03-25,2.402,2.402,2.402,2.402,0.0,2.402,0
2021-03-26,2.393,2.393,2.393,2.393,0.0,2.393,0
2021-03-29,2.407,2.407,2.407,2.407,0.0,2.407,0
2021-03-30,2.418,2.418,2.418,2.418,0.0,2.418,0
2021-03-31,2.424,2.424,2.424,2.424,0.0,2.424,0
2021-04-01,2.446,2.446,2.446,2.446,0.0,2.446,0
2021-04-05,2.433,2.433,2.433,2.433,0.0,2.433,0
2021-04-06,2.438,2.438,2.438,2.438,0.0,2.438,0
2021-04-07,2.441,2.441,2.441,2.441,0.0,2.441,0
2021-04-08,2.441,2.441,2.441,2.441,0.0,2.441,0
2021-04-09,2.475,2.475,2.475,2.475,0.0,2.475,0
2021-04-12,2.484,2.484,2.484,2.484,0.0,2.484,0
2021-04-13,2.467,2.467,2.467,2.467,0.0,2.467,0
2021-04-14,2.476,2.476,2.476,2.476,0.0,2.476,0
2021-04-15,2.48,2.48,2.48,2.48,0.0,2.48,0
2021-04-16,2.493,2.493,2.493,2.493,0.0,2.493,0
2021-04-19,2.487,2.487,2.487,2.487,0.0,2.487,0
2021-04-20,2.439,2.439,2.439,2.439,0.0,2.439,0
2021-04-21,2.43,2.43,2.43,2.43,0.0,2.43,0
2021-04-22,2.411,2.411,2.411,2.411,0.0,2.411,0
2021-04-23,2.419,2.419,2.419,2.419,0.0,2.419,0
2021-04-26,2.42,2.42,2.405,2.405,1.0,2.42,1
2021-04-27,2.404,2.404,2.404,2.404,0.0,2.404,0
2021-04-28,2.416,2.416,2.416,2.416,0.0,2.416,0
2021-04-29,2.418,2.418,2.418,2.418,0.0,2.418,0
2021-04-30,2.433,2.433,2.433,2.433,0.0,2.433,0
2021-05-03,2.436,2.436,2.436,2.436,0.0,2.436,0
2021-05-04,2.445,2.445,2.445,2.445,0.0,2.445,0
2021-05-05,2.447,2.447,2.447,2.447,0.0,2.447,0
2021-05-06,2.437,2.437,2.437,2.437,0.0,2.437,0
2021-05-07,2.444,2.444,2.444,2.444,0.0,2.444,0
2021-05-10,2.447,2.447,2.447,2.447,0.0,2.447,0
2021-05-11,2.444,2.444,2.444,2.444,0.0,2.444,0
2021-05-12,2.443,2.443,2.443,2.443,0.0,2.443,0
2021-05-13,2.433,2.433,2.433,2.433,0.0,2.433,0
2021-05-14,2.439,2.439,2.439,2.439,0.0,2.439,0
2021-05-17,2.443,2.443,2.443,2.443,0.0,2.443,0
2021-05-18,2.412,2.412,2.412,2.412,0.0,2.412,0
2021-05-19,2.416,2.416,2.416,2.416,0.0,2.416,0
2021-05-20,2.421,2.421,2.421,2.421,0.0,2.421,0
2021-05-21,2.433,2.433,2.433,2.433,0.0,2.433,0
2021-05-24,2.427,2.427,2.427,2.427,0.0,2.427,0
2021-05-25,2.438,2.438,2.438,2.438,0.0,2.438,0
2021-05-26,2.417,2.417,2.417,2.417,0.0,2.417,0
2021-05-27,2.414,2.414,2.414,2.414,0.0,2.414,0
2021-05-28,2.424,2.424,2.424,2.424,0.0,2.424,0
2021-06-01,2.416,2.416,2.416,2.416,0.0,2.416,0
2021-06-02,2.426,2.426,2.426,2.426,0.0,2.426,0
2021-06-03,2.413,2.413,2.413,2.413,0.0,2.413,0
2021-06-04,2.464,2.464,2.464,2.464,0.0,2.464,0
2021-06-07,2.435,2.435,2.435,2.435,0.0,2.435,0
2021-06-08,2.416,2.416,2.416,2.416,0.0,2.416,0
2021-06-09,2.423,2.423,2.423,2.423,0.0,2.423,0
2021-06-10,2.412,2.412,2.412,2.412,0.0,2.412,0
2021-06-11,2.411,2.411,2.411,2.411,0.0,2.411,0
2021-06-14,2.42,2.42,2.42,2.42,0.0,2.42,0
2021-06-15,2.405,2.405,2.405,2.405,0.0,2.405,0
2021-06-16,2.458,2.458,2.458,2.458,0.0,2.458,0
2021-06-17,2.463,2.463,2.463,2.463,0.0,2.463,0
2021-06-18,2.472,2.472,2.472,2.472,0.0,2.472,0
2021-06-21,2.469,2.469,2.469,2.469,0.0,2.469,0
2021-06-22,2.469,2.469,2.469,2.469,0.0,2.469,0
2021-06-23,2.47,2.47,2.47,2.47,0.0,2.47,0
2021-06-24,2.458,2.458,2.458,2.458,0.0,2.458,0
2021-06-25,2.514,2.514,2.514,2.514,0.0,2.514,0
2021-06-28,2.524,2.524,2.524,2.524,0.0,2.524,0
2021-06-29,2.552,2.552,2.552,2.552,0.0,2.552,0
2021-06-30,2.548,2.548,2.548,2.548,0.0,2.548,0
2021-07-01,2.536,2.536,2.536,2.536,0.0,2.536,0
2021-07-02,2.528,2.528,2.528,2.528,0.0,2.528,0
2021-07-06,2.52,2.52,2.52,2.52,0.0,2.52,0
2021-07-07,2.532,2.532,2.532,2.532,0.0,2.532,0
2021-07-08,2.544,2.544,2.544,2.544,0.0,2.544,0
2021-07-09,2.55,2.55,2.55,2.55,0.0,2.55,0
2021-07-12,2.555,2.555,2.555,2.555,0.0,2.555,0
2021-07-13,2.554,2.554,2.554,2.554,0.0,2.554,0
2021-07-14,2.547,2.547,2.547,2.547,0.0,2.547,0
2021-07-15,2.555,2.555,2.555,2.555,0.0,2.555,0
2021-07-16,2.561,2.561,2.561,2.561,0.0,2.561,0
2021-07-19,2.571,2.571,2.571,2.571,0.0,2.571,0
2021-07-20,2.578,2.578,2.578,2.578,0.0,2.578,0
2021-07-21,2.573,2.573,2.573,2.573,0.0,2.573,0
2021-07-22,2.575,2.575,2.575,2.575,0.0,2.575,0
2021-07-23,2.581,2.581,2.581,2.581,0.0,2.581,0
2021-07-26,2.589,2.589,2.589,2.589,0.0,2.589,0
2021-07-27,2.559,2.559,2.559,2.559,0.0,2.559,0
2021-07-28,2.551,2.551,2.551,2.551,0.0,2.551,0
2021-07-29,2.526,2.526,2.526,2.526,0.0,2.526,0
2021-07-30,2.546,2.546,2.546,2.546,0.0,2.546,0
2021-08-02,2.56,2.56,2.56,2.56,0.0,2.56,0
2021-08-03,2.552,2.552,2.552,2.552,0.0,2.552,0
2021-08-04,2.562,2.562,2.562,2.562,0.0,2.562,0
2021-08-05,2.527,2.527,2.527,2.527,0.0,2.527,0
2021-08-06,2.536,2.536,2.536,2.536,0.0,2.536,0
2021-08-09,2.552,2.552,2.552,2.552,0.0,2.552,0
2021-08-10,2.549,2.549,2.549,2.549,0.0,2.549,0
2021-08-11,2.564,2.564,2.564,2.564,0.0,2.564,0
2021-08-12,2.645,2.645,2.645,2.645,0.0,2.645,0
2021-08-13,2.612,2.612,2.612,2.612,0.0,2.612,0
2021-08-16,2.624,2.624,2.624,2.624,0.0,2.624,0
2021-08-17,2.637,2.637,2.637,2.637,0.0,2.637,0
2021-08-18,2.635,2.635,2.635,2.635,0.0,2.635,0
2021-08-19,2.646,2.646,2.646,2.646,0.0,2.646,0
2021-08-20,2.645,2.645,2.645,2.645,0.0,2.645,0
2021-08-23,2.647,2.647,2.647,2.647,0.0,2.647,0
2021-08-24,2.643,2.643,2.643,2.643,0.0,2.643,0
2021-08-25,2.66,2.66,2.66,2.66,0.0,2.66,0
2021-08-26,2.691,2.691,2.691,2.691,0.0,2.691,0
2021-08-27,2.693,2.693,2.693,2.693,0.0,2.693,0
2021-08-30,2.696,2.696,2.696,2.696,0.0,2.696,0
2021-08-31,2.685,2.685,2.685,2.685,0.0,2.685,0
2021-09-01,2.685,2.685,2.685,2.685,0.0,2.685,0
2021-09-02,2.685,2.685,2.685,2.685,0.0,2.685,0
2021-09-03,2.685,2.689,2.685,2.689,1.0,2.685,1
2021-09-07,2.713,2.713,2.713,2.713,0.0,2.713,0
2021-09-08,2.765,2.765,2.765,2.765,0.0,2.765,0
2021-09-09,2.825,2.825,2.825,2.825,0.0,2.825,0
2021-09-10,2.807,2.807,2.807,2.807,0.0,2.807,0
2021-09-13,2.822,2.822,2.822,2.822,0.0,2.822,0
2021-09-14,2.816,2.816,2.816,2.816,0.0,2.816,0
2021-09-15,2.767,2.767,2.767,2.767,0.0,2.767,0
2021-09-16,2.77,2.77,2.77,2.77,0.0,2.77,0
2021-09-17,2.763,2.763,2.763,2.763,0.0,2.763,0
2021-09-20,2.799,2.799,2.799,2.799,0.0,2.799,0
2021-09-21,2.816,2.816,2.816,2.816,0.0,2.816,0
2021-09-22,2.833,2.833,2.833,2.833,0.0,2.833,0
2021-09-23,2.84,2.84,2.84,2.84,0.0,2.84,0
2021-09-24,2.805,2.805,2.805,2.805,0.0,2.805,0
2021-09-27,2.818,2.818,2.818,2.818,0.0,2.818,0
2021-09-28,2.741,2.741,2.741,2.741,0.0,2.741,0
2021-09-29,2.752,2.752,2.752,2.752,0.0,2.752,0
2021-09-30,2.759,2.759,2.759,2.759,0.0,2.759,0
2021-10-01,2.749,2.749,2.749,2.749,0.0,2.749,0
2021-10-04,2.758,2.758,2.758,2.758,0.0,2.758,0
2021-10-05,2.773,2.773,2.773,2.773,0.0,2.773,0
2021-10-06,2.811,2.811,2.811,2.811,0.0,2.811,0
2021-10-07,2.811,2.811,2.811,2.811,0.0,2.811,0
2021-10-08,2.852,2.852,2.852,2.852,0.0,2.852,0
2021-10-11,2.838,2.838,2.838,2.838,0.0,2.838,0
2021-10-12,2.823,2.823,2.823,2.823,0.0,2.823,0
2021-10-13,2.828,2.828,2.828,2.828,0.0,2.828,0
2021-10-14,2.863,2.863,2.863,2.863,0.0,2.863,0
2021-10-15,2.872,2.872,2.872,2.872,0.0,2.872,0
2021-10-18,2.878,2.878,2.878,2.878,0.0,2.878,0
2021-10-19,2.862,2.862,2.862,2.862,0.0,2.862,0
2021-10-20,2.865,2.865,2.865,2.865,0.0,2.865,0
2021-10-21,2.878,2.878,2.878,2.878,0.0,2.878,0
2021-10-22,2.883,2.883,2.883,2.883,0.0,2.883,0
2021-10-25,2.926,2.926,2.926,2.926,0.0,2.926,0
2021-10-26,2.904,2.904,2.904,2.904,0.0,2.904,0
2021-10-27,2.841,2.841,2.841,2.841,0.0,2.841,0
2021-10-28,2.842,2.842,2.842,2.842,0.0,2.842,0
2021-10-29,2.793,2.793,2.793,2.793,0.0,2.793,0
2021-11-01,2.688,2.688,2.688,2.688,0.0,2.688,0
2021-11-02,2.749,2.749,2.749,2.749,0.0,2.749,0
2021-11-03,2.743,2.743,2.743,2.743,0.0,2.743,0
2021-11-04,2.767,2.767,2.767,2.767,0.0,2.767,0
2021-11-05,2.755,2.755,2.755,2.755,0.0,2.755,0
2021-11-08,2.808,2.808,2.808,2.808,0.0,2.808,0
2021-11-09,2.804,2.804,2.804,2.804,0.0,2.804,0
2021-11-10,2.83,2.83,2.83,2.83,0.0,2.83,0
2021-11-11,2.847,2.847,2.847,2.847,0.0,2.847,0
2021-11-12,2.798,2.798,2.798,2.798,0.0,2.798,0
2021-11-15,2.811,2.811,2.811,2.811,0.0,2.811,0
2021-11-16,2.882,2.882,2.882,2.882,0.0,2.882,0
2021-11-17,2.813,2.813,2.813,2.813,0.0,2.813,0
2021-11-18,2.801,2.801,2.801,2.801,0.0,2.801,0
2021-11-19,2.775,2.775,2.775,2.775,0.0,2.775,0
2021-11-22,2.757,2.757,2.757,2.757,0.0,2.757,0
2021-11-23,2.804,2.804,2.804,2.804,0.0,2.804,0
2021-11-24,2.802,2.802,2.802,2.802,0.0,2.802,0
2021-11-26,2.841,2.841,2.841,2.841,0.0,2.841,0
2021-11-29,2.833,2.833,2.833,2.833,0.0,2.833,0
2021-11-30,2.806,2.806,2.806,2.806,0.0,2.806,0
2021-12-01,2.814,2.814,2.814,2.814,0.0,2.814,0
2021-12-02,2.818,2.818,2.818,2.818,0.0,2.818,0
2021-12-03,2.828,2.828,2.828,2.828,0.0,2.828,0
2021-12-06,2.8,2.8,2.8,2.8,0.0,2.8,0
2021-12-07,2.804,2.804,2.804,2.804,0.0,2.804,0
2021-12-08,2.763,2.763,2.763,2.763,0.0,2.763,0
2021-12-09,2.808,2.808,2.808,2.808,0.0,2.808,0
2021-12-10,2.844,2.844,2.844,2.844,0.0,2.844,0
2021-12-13,2.748,2.748,2.748,2.748,0.0,2.748,0
2021-12-14,2.786,2.786,2.786,2.786,0.0,2.786,0
2021-12-15,2.793,2.793,2.793,2.793,0.0,2.793,0
2021-12-16,2.81,2.81,2.81,2.81,0.0,2.81,0
2021-12-17,2.823,2.823,2.823,2.823,0.0,2.823,0
2021-12-20,2.838,2.838,2.838,2.838,0.0,2.838,0
2021-12-21,2.822,2.822,2.822,2.822,0.0,2.822,0
2021-12-22,2.823,2.823,2.823,2.823,0.0,2.823,0
2021-12-23,2.786,2.786,2.786,2.786,0.0,2.786,0
2021-12-27,2.772,2.772,2.772,2.772,0.0,2.772,0
2021-12-28,2.788,2.788,2.788,2.788,0.0,2.788,0
2021-12-29,2.81,2.81,2.81,2.81,0.0,2.81,0
2021-12-30,2.798,2.798,2.798,2.798,0.0,2.798,0
2021-12-31,2.772,2.772,2.772,2.772,0.0,2.772,0
2022-01-03,2.784,2.784,2.784,2.784,0.0,2.784,0
2022-01-04,2.783,2.783,2.783,2.783,0.0,2.783,0
2022-01-05,2.787,2.787,2.787,2.787,0.0,2.787,0
2022-01-06,2.801,2.801,2.801,2.801,0.0,2.801,0
2022-01-07,2.834,2.834,2.834,2.834,0.0,2.834,0
2022-01-10,2.839,2.839,2.839,2.839,0.0,2.839,0
2022-01-11,2.828,2.828,2.828,2.828,0.0,2.828,0
2022-01-12,2.803,2.803,2.803,2.803,0.0,2.803,0
2022-01-13,2.806,2.806,2.806,2.806,0.0,2.806,0
2022-01-14,2.782,2.782,2.782,2.782,0.0,2.782,0
2022-01-18,2.763,2.801,2.763,2.801,5.0,2.763,1
2022-01-19,2.848,2.848,2.848,2.848,0.0,2.848,0
2022-01-20,2.851,2.851,2.851,2.851,0.0,2.851,0
2022-01-21,2.839,2.839,2.839,2.839,0.0,2.839,0
2022-01-24,2.828,2.828,2.828,2.828,0.0,2.828,0
2022-01-25,2.848,2.848,2.848,2.848,0.0,2.848,0
2022-01-26,2.849,2.849,2.849,2.849,0.0,2.849,0
2022-01-27,2.834,2.834,2.834,2.834,0.0,2.834,0
2022-01-28,2.827,2.827,2.827,2.827,0.0,2.827,0
2022-01-31,2.826,2.826,2.826,2.826,0.0,2.826,0
2022-02-01,2.811,2.811,2.811,2.811,0.0,2.811,0
2022-02-02,2.83,2.83,2.83,2.83,0.0,2.83,0
2022-02-03,2.821,2.821,2.821,2.821,0.0,2.821,0
2022-02-04,2.857,2.857,2.857,2.857,0.0,2.857,0
2022-02-07,2.873,2.873,2.873,2.873,0.0,2.873,0
2022-02-08,2.865,2.865,2.865,2.865,0.0,2.865,0
2022-02-09,2.86,2.86,2.86,2.86,0.0,2.86,0
2022-02-10,2.865,2.865,2.865,2.865,0.0,2.865,0
2022-02-11,2.905,2.905,2.905,2.905,0.0,2.905,0
2022-02-14,2.946,2.946,2.946,2.946,0.0,2.946,0
2022-02-15,2.934,2.934,2.934,2.934,0.0,2.934,0
2022-02-16,2.963,2.963,2.963,2.963,0.0,2.963,0
2022-02-17,2.945,2.945,2.945,2.945,0.0,2.945,0
2022-02-18,2.945,2.945,2.945,2.945,0.0,2.945,0
2022-02-22,2.99,2.99,2.99,2.99,0.0,2.99,0
2022-02-23,3.076,3.076,3.076,3.076,0.0,3.076,0
2022-02-24,3.065,3.065,3.065,3.065,0.0,3.065,0
2022-02-25,2.957,2.957,2.957,2.957,0.0,2.957,0
2022-02-28,3.034,3.034,3.034,3.034,0.0,3.034,0
2022-03-01,3.105,3.105,3.105,3.105,0.0,3.105,0
2022-03-02,3.152,3.152,3.152,3.152,0.0,3.152,0
2022-03-03,3.13,3.13,3.13,3.13,0.0,3.13,0
2022-03-04,3.183,3.183,3.183,3.183,0.0,3.183,0
2022-03-07,3.214,3.214,3.214,3.214,0.0,3.214,0
2022-03-08,3.224,3.224,3.224,3.224,0.0,3.224,0
2022-03-09,3.179,3.179,3.179,3.179,0.0,3.179,0
2022-03-10,3.147,3.147,3.147,3.147,0.0,3.147,0
2022-03-11,3.162,3.162,3.162,3.162,0.0,3.162,0
2022-03-14,3.205,3.205,3.205,3.205,0.0,3.205,0
2022-03-15,3.199,3.199,3.199,3.199,0.0,3.199,0
2022-03-16,3.195,3.195,3.195,3.195,0.0,3.195,0
2022-03-17,3.212,3.212,3.212,3.212,0.0,3.212,0
2022-03-18,3.164,3.164,3.164,3.164,0.0,3.164,0
2022-03-21,3.145,3.145,3.145,3.145,0.0,3.145,0
2022-03-22,3.156,3.156,3.156,3.156,0.0,3.156,0
2022-03-23,3.167,3.167,3.167,3.167,0.0,3.167,0
2022-03-24,3.193,3.193,3.193,3.193,0.0,3.193,0
2022-03-25,3.262,3.262,3.262,3.262,0.0,3.262,0
2022-03-28,3.34,3.34,3.34,3.34,0.0,3.34,0
2022-03-29,3.354,3.354,3.354,3.354,0.0,3.354,0
2022-03-30,3.456,3.456,3.456,3.456,0.0,3.456,0
2022-03-31,3.539,3.539,3.539,3.539,0.0,3.539,0
2022-04-01,3.591,3.591,3.591,3.591,0.0,3.591,0
2022-04-04,3.658,3.658,3.658,3.658,0.0,3.658,0
2022-04-05,3.737,3.737,3.737,3.737,0.0,3.737,0
2022-04-06,3.797,3.797,3.789,3.789,1.0,3.797,1
2022-04-07,3.774,3.774,3.774,3.774,0.0,3.774,0
2022-04-08,3.762,3.762,3.762,3.762,0.0,3.762,0
2022-04-11,3.811,3.811,3.811,3.811,0.0,3.811,0
2022-04-12,3.833,3.833,3.833,3.833,0.0,3.833,0
2022-04-13,3.841,3.841,3.841,3.841,0.0,3.841,0
2022-04-14,3.848,3.848,3.848,3.848,0.0,3.848,0
2022-04-18,3.883,3.883,3.883,3.883,0.0,3.883,0
2022-04-19,3.871,3.871,3.871,3.871,0.0,3.871,0
2022-04-20,3.817,3.817,3.817,3.817,0.0,3.817,0
2022-04-21,3.76,3.76,3.76,3.76,0.0,3.76,0
2022-04-22,3.587,3.587,3.587,3.587,0.0,3.587,0
2022-04-25,3.577,3.577,3.577,3.577,0.0,3.577,0
2022-04-26,3.57,3.642,3.57,3.642,5.0,3.5756,2
2022-04-27,3.617,3.617,3.617,3.617,0.0,3.617,0
2022-04-28,3.613,3.613,3.613,3.613,0.0,3.613,0
2022-04-29,3.606,3.606,3.606,3.606,0.0,3.606,0
2022-05-02,3.699,3.699,3.699,3.699,0.0,3.699,0
2022-05-03,3.764,3.764,3.761,3.761,2.0,3.764,1
2022-05-04,3.811,3.811,3.811,3.811,0.0,3.811,0
2022-05-05,3.844,3.844,3.844,3.844,0.0,3.844,0
2022-05-06,3.791,3.791,3.791,3.791,0.0,3.791,0
2022-05-09,3.687,3.687,3.687,3.687,0.0,3.687,0
2022-05-10,3.714,3.714,3.714,3.714,0.0,3.714,0
2022-05-11,3.773,3.773,3.773,3.773,0.0,3.773,0
2022-05-12,3.783,3.783,3.783,3.783,0.0,3.783,0
2022-05-13,3.832,3.832,3.832,3.832,0.0,3.832,0
2022-05-16,3.882,3.882,3.882,3.882,0.0,3.882,0
2022-05-17,3.869,3.869,3.869,3.869,0.0,3.869,0
2022-05-18,3.913,3.913,3.913,3.913,0.0,3.913,0
2022-05-19,3.852,3.852,3.852,3.852,0.0,3.852,0
2022-05-20,3.843,3.843,3.843,3.843,0.0,3.843,0
2022-05-23,3.884,3.884,3.884,3.884,0.0,3.884,0
2022-05-24,3.863,3.863,3.863,3.863,0.0,3.863,0
2022-05-25,3.903,3.903,3.903,3.903,0.0,3.903,0
2022-05-26,3.957,3.957,3.957,3.957,0.0,3.957,0
2022-05-27,3.981,3.981,3.981,3.981,0.0,3.981,0
2022-05-31,3.927,3.927,3.927,3.927,0.0,3.927,0
2022-06-01,4.101,4.101,4.101,4.101,0.0,4.101,0
2022-06-02,4.102,4.102,4.102,4.102,0.0,4.102,0
2022-06-03,4.169,4.169,4.169,4.169,0.0,4.169,0
2022-06-06,4.268,4.268,4.268,4.268,0.0,4.268,0
2022-06-07,4.303,4.303,4.303,4.303,0.0,4.303,0
2022-06-08,4.373,4.373,4.373,4.373,0.0,4.373,0
2022-06-09,4.464,4.464,4.464,4.464,0.0,4.464,0
2022-06-10,4.52,4.52,4.52,4.52,0.0,4.52,0
2022-06-13,4.463,4.463,4.463,4.463,0.0,4.463,0
2022-06-14,4.385,4.385,4.385,4.385,0.0,4.385,0
2022-06-15,4.425,4.425,4.425,4.425,0.0,4.425,0
2022-06-16,4.409,4.409,4.409,4.409,0.0,4.409,0
2022-06-17,4.29,4.29,4.29,4.29,0.0,4.29,0
2022-06-21,4.277,4.277,4.277,4.277,0.0,4.277,0
2022-06-22,4.306,4.306,4.306,4.306,0.0,4.306,0
2022-06-23,4.284,4.284,4.284,4.284,0.0,4.284,0
2022-06-24,4.1,4.1,4.1,4.1,0.0,4.1,0
2022-06-27,4.142,4.142,4.142,4.142,0.0,4.142,0
2022-06-28,4.112,4.112,4.112,4.112,0.0,4.112,0
2022-06-29,4.129,4.129,4.129,4.129,0.0,4.129,0
2022-06-30,3.874,3.874,3.874,3.874,0.0,3.874,0
2022-07-01,3.912,3.912,3.912,3.912,0.0,3.912,0
2022-07-04,3.912,3.912,3.912,3.912,0.0,3.912,0
2022-07-05,3.762,3.762,3.762,3.762,0.0,3.762,0
2022-07-06,3.854,3.854,3.854,3.854,0.0,3.854,0
2022-07-07,3.951,3.951,3.951,3.951,0.0,3.951,0
2022-07-08,3.95,3.95,3.95,3.95,0.0,3.95,0
2022-07-11,3.984,3.984,3.984,3.984,0.0,3.984,0
2022-07-12,3.895,3.895,3.895,3.895,0.0,3.895,0
2022-07-13,4.0,4.0,3.982,3.982,1.0,4.0,1
2022-07-14,3.904,3.904,3.904,3.904,0.0,3.904,0
2022-07-15,3.978,3.978,3.978,3.978,0.0,3.978,0
2022-07-18,4.1,4.1,3.938,3.938,25.0,4.1,3
2022-07-19,3.944,3.944,3.944,3.944,0.0,3.944,0
2022-07-20,4.087,4.087,4.087,4.087,0.0,4.087,0
2022-07-21,3.992,3.992,3.992,3.992,0.0,3.992,0
2022-07-22,3.996,3.996,3.996,3.996,0.0,3.996,0
2022-07-25,4.052,4.052,4.052,4.052,0.0,4.052,0
2022-07-26,4.079,4.079,4.079,4.079,0.0,4.079,0
2022-07-27,4.077,4.077,4.077,4.077,0.0,4.077,0
2022-07-28,4.053,4.053,4.053,4.053,0.0,4.053,0
2022-07-29,4.048,4.048,4.048,4.048,0.0,4.048,0
2022-08-01,4.031,4.031,4.031,4.031,0.0,4.031,0
2022-08-02,4.033,4.033,4.033,4.033,0.0,4.033,0
2022-08-03,4.054,4.054,4.054,4.054,0.0,4.054,0
2022-08-04,4.035,4.035,4.035,4.035,0.0,4.035,0
2022-08-05,4.038,4.038,4.038,4.038,0.0,4.038,0
2022-08-08,4.0,4.0,4.0,4.0,0.0,4.0,0
2022-08-09,4.048,4.048,4.048,4.048,0.0,4.048,0
2022-08-10,4.078,4.078,4.078,4.078,0.0,4.078,0
2022-08-11,4.178,4.178,4.178,4.178,0.0,4.178,0
2022-08-12,4.166,4.166,4.166,4.166,0.0,4.166,0
2022-08-15,4.257,4.257,4.257,4.257,0.0,4.257,0
2022-08-16,4.296,4.296,4.296,4.296,0.0,4.296,0
2022-08-17,4.265,4.265,4.265,4.265,0.0,4.265,0
2022-08-18,4.271,4.271,4.271,4.271,0.0,4.271,0
2022-08-19,4.25,4.287,4.25,4.287,1.0,4.25,1
2022-08-22,4.35,4.35,4.346,4.346,2.0,4.35,1
2022-08-23,4.353,4.353,4.353,4.353,0.0,4.353,0
2022-08-24,4.35,4.362,4.35,4.362,1.0,4.35,1
2022-08-25,4.424,4.424,4.424,4.424,0.0,4.424,0
2022-08-26,4.448,4.448,4.448,4.448,0.0,4.448,0
2022-08-29,4.461,4.461,4.461,4.461,0.0,4.461,0
2022-08-30,4.468,4.468,4.468,4.468,0.0,4.468,0
2022-08-31,4.512,4.512,4.512,4.512,0.0,4.512,0
2022-09-01,4.58,4.58,4.58,4.58,0.0,4.58,0
2022-09-02,4.628,4.628,4.628,4.628,0.0,4.628,0
2022-09-05,4.628,4.628,4.628,4.628,0.0,4.628,0
2022-09-06,4.601,4.601,4.601,4.601,0.0,4.601,0
2022-09-07,4.504,4.504,4.504,4.504,0.0,4.504,0
2022-09-08,4.42,4.42,4.42,4.42,0.0,4.42,0
2022-09-09,4.471,4.471,4.471,4.471,0.0,4.471,0
2022-09-12,4.503,4.503,4.503,4.503,0.0,4.503,0
2022-09-13,4.532,4.532,4.532,4.532,0.0,4.532,0
2022-09-14,4.568,4.568,4.568,4.568,0.0,4.568,0
2022-09-15,4.522,4.522,4.522,4.522,0.0,4.522,0
2022-09-16,4.441,4.441,4.441,4.441,0.0,4.441,0
2022-09-19,4.401,4.401,4.401,4.401,0.0,4.401,0
2022-09-20,4.378,4.378,4.378,4.378,0.0,4.378,0
2022-09-21,4.251,4.251,4.251,4.251,0.0,4.251,0
2022-09-22,4.144,4.144,4.144,4.144,0.0,4.144,0
2022-09-23,4.143,4.143,4.143,4.143,0.0,4.143,0
2022-09-26,4.077,4.077,4.077,4.077,0.0,4.077,0
2022-09-27,4.061,4.061,4.061,4.061,0.0,4.061,0
2022-09-28,4.066,4.066,4.066,4.066,0.0,4.066,0
2022-09-29,4.051,4.051,4.051,4.051,0.0,4.051,0
2022-09-30,4.057,4.057,4.057,4.057,0.0,4.057,0
2022-10-03,4.012,4.012,4.012,4.012,0.0,4.012,0
2022-10-04,4.059,4.059,4.059,4.059,0.0,4.059,0
2022-10-05,4.15,4.15,4.026,4.026,1.0,4.15,1
2022-10-06,4.053,4.053,4.053,4.053,0.0,4.053,0
2022-10-07,4.05,4.076,4.05,4.076,10.0,4.05,1
2022-10-10,4.083,4.083,4.083,4.083,0.0,4.083,0
2022-10-11,4.121,4.121,4.121,4.121,0.0,4.121,0
2022-10-12,4.09,4.09,4.06,4.077,51.0,4.0894,4
2022-10-13,4.07,4.07,4.07,4.07,0.0,4.07,0
2022-10-14,4.077,4.077,4.077,4.077,0.0,4.077,0
2022-10-17,4.062,4.062,4.062,4.062,0.0,4.062,0
2022-10-18,4.007,4.007,4.007,4.007,0.0,4.007,0
2022-10-19,3.982,3.982,3.982,3.982,0.0,3.982,0
2022-10-20,3.98,3.98,3.975,3.975,100.0,3.98,2
2022-10-21,3.935,3.935,3.935,3.935,0.0,3.935,0
2022-10-24,3.976,3.976,3.976,3.976,0.0,3.976,0
2022-10-25,3.981,3.981,3.981,3.981,0.0,3.981,0
2022-10-26,4.001,4.001,4.001,4.001,0.0,4.001,0
2022-10-27,4.0,4.0,3.994,3.994,18.0,4.0,6
2022-10-28,3.988,3.99,3.988,3.99,2.0,3.988,2
2022-10-31,4.014,4.014,4.014,4.014,0.0,4.014,0
2022-11-01,3.979,3.979,3.979,3.979,0.0,3.979,0
2022-11-02,4.0,4.018,4.0,4.018,50.0,4.0,1
2022-11-03,4.037,4.037,4.037,4.037,0.0,4.037,0
2022-11-04,4.134,4.134,4.134,4.134,0.0,4.134,0
2022-11-07,4.126,4.126,4.126,4.126,0.0,4.126,0
2022-11-08,4.097,4.097,4.097,4.097,0.0,4.097,0
2022-11-09,4.111,4.111,4.111,4.111,0.0,4.111,0
2022-11-10,4.111,4.111,4.111,4.111,0.0,4.111,0
2022-11-11,4.108,4.108,4.108,4.108,0.0,4.108,0
2022-11-14,4.077,4.077,4.077,4.077,0.0,4.077,0
2022-11-15,4.102,4.102,4.102,4.102,0.0,4.102,0
2022-11-16,4.121,4.121,4.121,4.121,0.0,4.121,0
2022-11-17,4.113,4.113,4.113,4.113,0.0,4.113,0
2022-11-18,4.11,4.11,4.11,4.11,0.0,4.11,0
2022-11-21,4.062,4.062,4.062,4.062,0.0,4.062,0
2022-11-22,4.067,4.067,4.067,4.067,0.0,4.067,0
2022-11-23,4.059,4.059,4.059,4.059,0.0,4.059,0
2022-11-24,4.059,4.059,4.059,4.059,0.0,4.059,0
2022-11-25,4.053,4.053,4.053,4.053,0.0,4.053,0
2022-11-28,3.991,3.991,3.991,3.991,0.0,3.991,0
2022-11-29,4.028,4.028,4.028,4.028,0.0,4.028,0
2022-11-30,4.042,4.042,4.042,4.042,0.0,4.042,0
2022-12-01,4.047,4.047,4.047,4.047,0.0,4.047,0
2022-12-02,4.034,4.034,4.034,4.034,0.0,4.034,0
2022-12-05,4.03,4.03,4.026,4.026,3.0,4.03,1
2022-12-06,4.039,4.039,4.039,4.039,0.0,4.039,0
2022-12-07,4.044,4.044,4.044,4.044,0.0,4.044,0
2022-12-08,4.076,4.076,4.076,4.076,0.0,4.076,0
2022-12-09,4.08,4.08,4.08,4.08,0.0,4.08,0
2022-12-12,4.103,4.103,4.103,4.103,0.0,4.103,0
2022-12-13,4.091,4.091,4.091,4.091,0.0,4.091,0
2022-12-14,4.089,4.089,4.089,4.089,0.0,4.089,0
2022-12-15,4.1,4.114,4.1,4.114,5.0,4.1,1
2022-12-16,4.19,4.19,4.15,4.15,5.0,4.19,1
2022-12-19,4.19,4.19,4.19,4.19,8.0,4.19,2
2022-12-20,4.185,4.185,4.185,4.185,0.0,4.185,0
2022-12-21,4.074,4.074,4.074,4.074,0.0,4.074,0
2022-12-22,3.991,3.991,3.991,3.991,0.0,3.991,0
2022-12-23,3.989,3.989,3.989,3.989,0.0,3.989,0
2022-12-27,4.065,4.065,4.065,4.065,0.0,4.065,0
2022-12-28,4.001,4.001,4.001,4.001,0.0,4.001,0
2022-12-29,3.979,3.979,3.979,3.979,0.0,3.979,0
2022-12-30,3.994,3.994,3.994,3.994,0.0,3.994,0
2023-01-03,3.94,3.94,3.94,3.94,0.0,3.94,0
2023-01-04,3.943,3.943,3.943,3.943,0.0,3.943,0
2023-01-05,3.835,3.835,3.835,3.835,0.0,3.835,0
2023-01-06,3.779,3.779,3.779,3.779,0.0,3.779,0
2023-01-09,3.787,3.787,3.787,3.787,0.0,3.787,0
2023-01-10,3.811,3.811,3.811,3.811,0.0,3.811,0
2023-01-11,3.777,3.777,3.777,3.777,0.0,3.777,0
2023-01-12,3.776,3.776,3.776,3.776,0.0,3.776,0
2023-01-13,3.785,3.785,3.785,3.785,0.0,3.785,0
2023-01-16,3.785,3.785,3.785,3.785,0.0,3.785,0
2023-01-17,3.801,3.801,3.801,3.801,0.0,3.801,0
2023-01-18,3.799,3.799,3.799,3.799,0.0,3.799,0
2023-01-19,3.798,3.798,3.798,3.798,0.0,3.798,0
2023-01-20,3.823,3.823,3.823,3.823,0.0,3.823,0
2023-01-23,3.835,3.835,3.835,3.835,0.0,3.835,0
2023-01-24,3.804,3.804,3.804,3.804,0.0,3.804,0
2023-01-25,3.747,3.747,3.747,3.747,0.0,3.747,0
2023-01-26,3.747,3.747,3.747,3.747,0.0,3.747,0
2023-01-27,3.738,3.738,3.738,3.738,0.0,3.738,0
2023-01-30,3.659,3.659,3.659,3.659,0.0,3.659,0
2023-01-31,3.67,3.67,3.67,3.67,0.0,3.67,0
2023-02-01,3.65,3.65,3.579,3.579,10.0,3.65,1
2023-02-02,3.559,3.559,3.559,3.559,0.0,3.559,0
2023-02-03,3.5,3.515,3.5,3.515,2.0,3.5,1
2023-02-10,3.48,3.48,3.48,3.48,0.0,3.48,0
2023-02-13,3.45,3.45,3.423,3.423,3.0,3.45,3
2023-02-14,3.447,3.447,3.447,3.447,0.0,3.447,0
2023-02-15,3.432,3.432,3.432,3.432,0.0,3.432,0
2023-02-16,3.432,3.432,3.432,3.432,0.0,3.432,0
2023-02-17,3.395,3.395,3.395,3.395,0.0,3.395,0
2023-02-20,3.395,3.395,3.395,3.395,0.0,3.395,0
2023-02-21,3.4,3.41,3.4,3.41,1.0,3.4,1
2023-02-22,3.425,3.425,3.425,3.425,0.0,3.425,0
2023-02-23,3.476,3.476,3.476,3.476,0.0,3.476,0
2023-02-24,3.522,3.522,3.522,3.522,0.0,3.522,0
2023-02-27,3.563,3.563,3.563,3.563,0.0,3.563,0
2023-02-28,3.611,3.611,3.611,3.611,0.0,3.611,0
2023-03-01,3.65,3.692,3.65,3.692,1.0,3.65,1
2023-03-02,3.7,3.725,3.7,3.7,4.0,3.7175,3
2023-03-03,3.74,3.74,3.74,3.74,0.0,3.74,0
2023-03-06,3.772,3.772,3.772,3.772,0.0,3.772,0
2023-03-07,3.913,3.913,3.913,3.913,0.0,3.913,0
2023-03-08,3.901,3.901,3.901,3.901,0.0,3.901,0
2023-03-09,3.813,3.813,3.813,3.813,0.0,3.813,0
2023-03-10,3.892,3.892,3.892,3.892,0.0,3.892,0
2023-03-13,3.903,3.903,3.903,3.903,0.0,3.903,0
2023-03-14,3.954,3.954,3.954,3.954,0.0,3.954,0
2023-03-15,3.919,3.919,3.919,3.919,0.0,3.919,0
2023-03-16,3.961,3.961,3.961,3.961,0.0,3.961,0
2023-03-17,3.954,3.954,3.954,3.954,0.0,3.954,0
2023-03-20,3.88,3.88,3.88,3.88,0.0,3.88,0
2023-03-21,3.94,3.973,3.94,3.973,5.0,3.94,1
2023-03-22,3.94,3.94,3.912,3.912,45.0,3.94,2
2023-03-23,3.926,3.926,3.926,3.926,0.0,3.926,0
2023-03-24,3.895,3.895,3.895,3.895,0.0,3.895,0
2023-03-27,3.856,3.856,3.856,3.856,0.0,3.856,0
2023-03-28,3.794,3.794,3.794,3.794,0.0,3.794,0
2023-03-29,3.788,3.833,3.788,3.833,34.0,3.788,2
2023-03-30,3.802,3.802,3.802,3.802,0.0,3.802,0
2023-03-31,3.825,3.825,3.825,3.825,0.0,3.825,0
2023-04-03,3.79,3.79,3.79,3.79,0.0,3.79,0
2023-04-04,3.818,3.818,3.818,3.818,0.0,3.818,0
2023-04-05,3.774,3.774,3.774,3.774,0.0,3.774,0
2023-04-06,3.73,3.73,3.73,3.73,0.0,3.73,0
2023-04-10,3.808,3.808,3.808,3.808,0.0,3.808,0
2023-04-11,3.818,3.818,3.818,3.818,0.0,3.818,0
2023-04-12,3.744,3.744,3.744,3.744,0.0,3.744,0
2023-04-13,3.712,3.712,3.712,3.712,0.0,3.712,0
2023-04-14,3.732,3.732,3.732,3.732,0.0,3.732,0
2023-04-17,3.811,3.811,3.811,3.811,0.0,3.811,0
2023-04-18,3.809,3.809,3.809,3.809,0.0,3.809,0
2023-04-19,3.815,3.815,3.815,3.815,0.0,3.815,0
2023-04-20,3.847,3.847,3.847,3.847,0.0,3.847,0
2023-04-21,3.854,3.854,3.854,3.854,0.0,3.854,0
2023-04-24,3.895,3.895,3.895,3.895,0.0,3.895,0
2023-04-25,3.873,3.873,3.873,3.873,0.0,3.873,0
2023-04-26,3.864,3.864,3.853,3.853,1.0,3.864,1
2023-04-27,3.845,3.857,3.845,3.857,1.0,3.845,1
2023-04-28,3.876,3.876,3.876,3.876,0.0,3.876,0
2023-05-01,3.831,3.831,3.831,3.831,0.0,3.831,0
2023-05-02,3.82,3.82,3.82,3.82,0.0,3.82,0
2023-05-03,3.803,3.803,3.803,3.803,0.0,3.803,0
2023-05-04,3.818,3.818,3.818,3.818,0.0,3.818,0
2023-05-05,3.829,3.829,3.829,3.829,0.0,3.829,0
2023-05-08,3.797,3.797,3.797,3.797,0.0,3.797,0
2023-05-09,3.76,3.794,3.76,3.794,4.0,3.76,1
2023-05-10,3.785,3.785,3.785,3.785,0.0,3.785,0
2023-05-11,3.781,3.781,3.781,3.781,0.0,3.781,0
2023-05-12,3.771,3.771,3.771,3.771,0.0,3.771,0
2023-05-15,3.775,3.775,3.775,3.775,0.0,3.775,0
2023-05-16,3.748,3.748,3.748,3.748,0.0,3.748,0
2023-05-17,3.717,3.717,3.717,3.717,0.0,3.717,0
2023-05-18,3.726,3.726,3.726,3.726,0.0,3.726,0
2023-05-19,3.685,3.685,3.674,3.674,1.0,3.685,1
2023-05-22,3.632,3.632,3.632,3.632,0.0,3.632,0
2023-05-23,3.605,3.605,3.605,3.605,0.0,3.605,0
2023-05-24,3.66,3.66,3.66,3.66,0.0,3.66,0
2023-05-25,3.631,3.631,3.631,3.631,0.0,3.631,0
2023-05-26,3.64,3.659,3.64,3.659,1.0,3.64,1
2023-05-29,3.659,3.659,3.659,3.659,0.0,3.659,0
2023-05-30,3.619,3.619,3.619,3.619,0.0,3.619,0
2023-05-31,3.5,3.584,3.5,3.584,1.0,3.5,1
2023-06-01,3.473,3.473,3.473,3.473,0.0,3.473,0
2023-06-02,3.513,3.513,3.513,3.513,0.0,3.513,0
2023-06-05,3.533,3.533,3.533,3.533,0.0,3.533,0
2023-06-06,3.519,3.519,3.519,3.519,0.0,3.519,0
2023-06-07,3.526,3.526,3.526,3.526,0.0,3.526,0
2023-06-08,3.518,3.518,3.518,3.518,0.0,3.518,0
2023-06-09,3.5,3.5,3.5,3.5,0.0,3.5,0
2023-06-12,3.49,3.497,3.49,3.497,2.0,3.49,2
2023-06-13,3.535,3.535,3.499,3.499,1.0,3.535,1
2023-06-14,3.541,3.541,3.541,3.541,0.0,3.541,0
2023-06-15,3.554,3.554,3.554,3.554,0.0,3.554,0
2023-06-16,3.527,3.527,3.527,3.527,0.0,3.527,0
2023-06-19,3.527,3.527,3.527,3.527,0.0,3.527,0
2023-06-20,3.545,3.545,3.515,3.515,1.0,3.545,1
2023-06-21,3.57,3.57,3.57,3.57,0.0,3.57,0
2023-06-22,3.588,3.588,3.588,3.588,0.0,3.588,0
2023-06-23,3.552,3.552,3.552,3.552,0.0,3.552,0
2023-06-26,3.533,3.533,3.533,3.533,0.0,3.533,0
2023-06-27,3.508,3.508,3.508,3.508,0.0,3.508,0
2023-06-28,3.475,3.475,3.475,3.475,0.0,3.475,0
2023-06-29,3.439,3.439,3.439,3.439,0.0,3.439,0
2023-06-30,3.456,3.456,3.456,3.456,0.0,3.456,0
2023-07-03,3.457,3.457,3.457,3.457,0.0,3.457,0
2023-07-04,3.457,3.457,3.457,3.457,0.0,3.457,0
2023-07-05,3.487,3.487,3.43,3.43,1.0,3.487,1
2023-07-06,3.447,3.447,3.447,3.447,0.0,3.447,0
2023-07-07,3.457,3.457,3.457,3.457,0.0,3.457,0
2023-07-10,3.467,3.467,3.467,3.467,0.0,3.467,0
2023-07-11,3.476,3.476,3.476,3.476,0.0,3.476,0
2023-07-12,3.474,3.474,3.474,3.474,0.0,3.474,0
2023-07-13,3.474,3.474,3.439,3.439,1.0,3.474,1
2023-07-14,3.47,3.47,3.47,3.47,0.0,3.47,0
2023-07-17,3.457,3.457,3.457,3.457,0.0,3.457,0
2023-07-18,3.487,3.487,3.487,3.487,0.0,3.487,0
2023-07-19,3.471,3.471,3.471,3.471,0.0,3.471,0
2023-07-20,3.492,3.492,3.492,3.492,0.0,3.492,0
2023-07-21,3.513,3.513,3.513,3.513,0.0,3.513,0
2023-07-24,3.548,3.548,3.548,3.548,0.0,3.548,0
2023-07-25,3.562,3.562,3.562,3.562,0.0,3.562,0
2023-07-26,3.57,3.57,3.566,3.566,50.0,3.57,1
2023-07-27,3.558,3.558,3.558,3.558,0.0,3.558,0
2023-07-28,3.567,3.567,3.567,3.567,0.0,3.567,0
2023-07-31,3.552,3.552,3.552,3.552,0.0,3.552,0
2023-08-01,3.536,3.536,3.536,3.536,0.0,3.536,0
2023-08-02,3.537,3.537,3.537,3.537,0.0,3.537,0
2023-08-03,3.526,3.526,3.526,3.526,0.0,3.526,0
2023-08-04,3.514,3.514,3.514,3.514,0.0,3.514,0
2023-08-07,3.562,3.562,3.562,3.562,0.0,3.562,0
2023-08-08,3.56,3.56,3.553,3.553,1.0,3.56,1
2023-08-09,3.515,3.515,3.515,3.515,0.0,3.515,0
2023-08-10,3.5,3.5,3.5,3.5,0.0,3.5,0
2023-08-11,3.54,3.54,3.54,3.54,0.0,3.54,0
2023-08-14,3.542,3.542,3.542,3.542,0.0,3.542,0
2023-08-15,3.529,3.529,3.529,3.529,0.0,3.529,0
2023-08-16,3.539,3.539,3.539,3.539,0.0,3.539,0
2023-08-17,3.549,3.549,3.549,3.549,0.0,3.549,0
2023-08-18,3.527,3.527,3.527,3.527,0.0,3.527,0
2023-08-21,3.548,3.548,3.548,3.548,0.0,3.548,0
2023-08-22,3.52,3.52,3.52,3.52,0.0,3.52,0
2023-08-23,3.527,3.527,3.527,3.527,0.0,3.527,0
2023-08-24,3.487,3.487,3.487,3.487,0.0,3.487,0
2023-08-25,3.491,3.491,3.491,3.491,0.0,3.491,0
2023-08-28,3.488,3.488,3.488,3.488,0.0,3.488,0
2023-08-29,3.458,3.458,3.458,3.458,0.0,3.458,0
2023-08-30,3.503,3.503,3.503,3.503,0.0,3.503,0
2023-08-31,3.508,3.508,3.508,3.508,0.0,3.508,0
2023-09-01,3.499,3.499,3.499,3.499,0.0,3.499,0
2023-09-04,3.499,3.499,3.499,3.499,0.0,3.499,0
2023-09-05,3.463,3.463,3.463,3.463,0.0,3.463,0
2023-09-06,3.475,3.475,3.475,3.475,0.0,3.475,0
2023-09-07,3.458,3.458,3.458,3.458,0.0,3.458,0
2023-09-08,3.45,3.462,3.45,3.462,1.0,3.45,1
2023-09-11,3.42,3.42,3.411,3.411,1.0,3.42,1
2023-09-12,3.451,3.451,3.451,3.451,0.0,3.451,0
2023-09-13,3.472,3.472,3.472,3.472,0.0,3.472,0
2023-09-14,3.476,3.476,3.476,3.476,0.0,3.476,0
2023-09-15,3.427,3.427,3.427,3.427,0.0,3.427,0
2023-09-18,3.45,3.45,3.45,3.45,25.0,3.45,1
2023-09-19,3.446,3.446,3.446,3.446,0.0,3.446,0
2023-09-20,3.456,3.456,3.456,3.456,0.0,3.456,0
2023-09-21,3.466,3.466,3.466,3.466,0.0,3.466,0
2023-09-22,3.491,3.505,3.491,3.505,1.0,3.491,1
2023-09-25,3.468,3.468,3.468,3.468,0.0,3.468,0
2023-09-26,3.486,3.486,3.486,3.486,0.0,3.486,0
2023-09-27,3.5,3.5,3.5,3.5,0.0,3.5,0
2023-09-28,3.501,3.501,3.501,3.501,0.0,3.501,0
2023-09-29,3.5,3.5,3.5,3.5,0.0,3.5,0
2023-10-02,3.478,3.478,3.478,3.478,0.0,3.478,0
2023-10-03,3.508,3.508,3.508,3.508,0.0,3.508,0
2023-10-04,3.478,3.478,3.478,3.478,0.0,3.478,0
2023-10-05,3.5,3.5,3.491,3.491,4.0,3.5,1
2023-10-06,3.492,3.492,3.492,3.492,0.0,3.492,0
2023-10-09,3.504,3.504,3.504,3.504,0.0,3.504,0
2023-10-10,3.527,3.527,3.527,3.527,0.0,3.527,0
2023-10-11,3.552,3.552,3.552,3.552,0.0,3.552,0
2023-10-12,3.572,3.572,3.572,3.572,0.0,3.572,0
2023-10-13,3.571,3.571,3.571,3.571,0.0,3.571,0
2023-10-16,3.561,3.561,3.561,3.561,0.0,3.561,0
2023-10-17,3.563,3.563,3.563,3.563,0.0,3.563,0
2023-10-18,3.555,3.556,3.555,3.556,16.0,3.555,1
2023-10-19,3.555,3.562,3.555,3.562,4.0,3.555,1
2023-10-20,3.568,3.568,3.568,3.568,0.0,3.568,0
2023-10-23,3.572,3.572,3.572,3.572,0.0,3.572,0
2023-10-24,3.557,3.557,3.557,3.557,0.0,3.557,0
2023-10-25,3.566,3.566,3.566,3.566,0.0,3.566,0
2023-10-26,3.554,3.554,3.554,3.554,0.0,3.554,0
2023-10-27,3.546,3.546,3.546,3.546,0.0,3.546,0
2023-10-30,3.572,3.572,3.572,3.572,0.0,3.572,0
2023-10-31,3.548,3.548,3.548,3.548,0.0,3.548,0
2023-11-01,3.6,3.6,3.591,3.591,1.0,3.6,1
2023-11-02,3.61,3.658,3.61,3.658,1.0,3.61,1
2023-11-03,3.672,3.672,3.672,3.672,0.0,3.672,0
2023-11-06,3.689,3.689,3.689,3.689,0.0,3.689,0
2023-11-07,3.685,3.685,3.684,3.684,1.0,3.685,1
2023-11-08,3.635,3.635,3.635,3.635,0.0,3.635,0
2023-11-09,3.628,3.628,3.628,3.628,0.0,3.628,0
2023-11-10,3.611,3.611,3.611,3.611,0.0,3.611,0
2023-11-13,3.641,3.641,3.641,3.641,0.0,3.641,0
2023-11-14,3.634,3.634,3.634,3.634,0.0,3.634,0
2023-11-15,3.655,3.655,3.655,3.655,0.0,3.655,0
2023-11-16,3.655,3.655,3.635,3.635,50.0,3.655,1
2023-11-17,3.615,3.615,3.615,3.615,0.0,3.615,0
2023-11-20,3.582,3.582,3.582,3.582,0.0,3.582,0
2023-11-21,3.539,3.539,3.539,3.539,0.0,3.539,0
2023-11-22,3.558,3.558,3.558,3.558,0.0,3.558,0
2023-11-23,3.558,3.558,3.558,3.558,0.0,3.558,0
2023-11-24,3.604,3.604,3.604,3.604,0.0,3.604,0
2023-11-27,3.607,3.607,3.607,3.607,0.0,3.607,0
2023-11-28,3.559,3.559,3.559,3.559,0.0,3.559,0
2023-11-29,3.542,3.542,3.542,3.542,0.0,3.542,0
2023-11-30,3.515,3.515,3.515,3.515,0.0,3.515,0
2023-12-01,3.534,3.534,3.534,3.534,0.0,3.534,0
2023-12-04,3.5,3.5,3.488,3.488,1.0,3.5,1
2023-12-05,3.494,3.494,3.494,3.494,0.0,3.494,0
2023-12-06,3.44,3.44,3.32,3.331,7.0,3.3757,7
2023-12-07,3.321,3.321,3.321,3.321,0.0,3.321,0
2023-12-08,3.26,3.26,3.26,3.26,0.0,3.26,0
2023-12-11,3.23,3.23,3.219,3.219,67.0,3.229,12
2023-12-12,3.22,3.221,3.22,3.221,1.0,3.22,1
2023-12-13,3.257,3.257,3.257,3.257,0.0,3.257,0
2023-12-14,3.319,3.319,3.319,3.319,0.0,3.319,0
2023-12-15,3.377,3.377,3.377,3.377,0.0,3.377,0
2023-12-18,3.373,3.373,3.373,3.373,0.0,3.373,0
2023-12-19,3.332,3.332,3.332,3.332,0.0,3.332,0
2023-12-20,3.345,3.345,3.345,3.345,0.0,3.345,0
2023-12-21,3.378,3.378,3.378,3.378,0.0,3.378,0
2023-12-22,3.286,3.286,3.286,3.286,0.0,3.286,0
2023-12-26,3.265,3.265,3.265,3.265,0.0,3.265,0
2023-12-27,3.292,3.292,3.292,3.292,0.0,3.292,0
2023-12-28,3.334,3.334,3.334,3.334,0.0,3.334,0
2023-12-29,3.362,3.362,3.362,3.362,0.0,3.362,0
2024-01-02,3.376,3.376,3.376,3.376,0.0,3.376,0
2024-01-03,3.38,3.38,3.38,3.38,0.0,3.38,0
2024-01-04,3.406,3.406,3.406,3.406,0.0,3.406,0
2024-01-05,3.443,3.443,3.443,3.443,0.0,3.443,0
2024-01-08,3.47,3.47,3.47,3.47,0.0,3.47,0
2024-01-09,3.458,3.458,3.458,3.458,0.0,3.458,0
2024-01-10,3.428,3.428,3.428,3.428,0.0,3.428,0
2024-01-11,3.411,3.411,3.411,3.411,0.0,3.411,0
2024-01-12,3.396,3.396,3.396,3.396,0.0,3.396,0
2024-01-15,3.396,3.396,3.396,3.396,0.0,3.396,0
2024-01-16,3.38,3.38,3.378,3.378,1.0,3.38,1
2024-01-17,3.421,3.421,3.421,3.421,0.0,3.421,0
2024-01-18,3.401,3.401,3.401,3.401,0.0,3.401,0
2024-01-19,3.345,3.345,3.345,3.345,0.0,3.345,0
2024-01-22,3.312,3.312,3.312,3.312,0.0,3.312,0
2024-01-23,3.375,3.375,3.375,3.375,0.0,3.375,0
2024-01-24,3.361,3.361,3.361,3.361,0.0,3.361,0
2024-01-25,3.29,3.29,3.29,3.29,0.0,3.29,0
2024-01-26,3.309,3.309,3.309,3.309,0.0,3.309,0
2024-01-29,3.259,3.259,3.259,3.259,0.0,3.259,0
2024-01-30,3.261,3.261,3.261,3.261,0.0,3.261,0
2024-01-31,3.257,3.257,3.257,3.257,5.0,3.257,1
2024-02-01,3.246,3.246,3.246,3.246,0.0,3.246,0
2024-02-02,3.277,3.277,3.277,3.277,0.0,3.277,0
2024-02-05,3.272,3.272,3.272,3.272,0.0,3.272,0
2024-02-06,3.272,3.272,3.266,3.266,2.0,3.272,1
2024-02-07,3.27,3.27,3.27,3.27,0.0,3.27,0
2024-02-08,3.25,3.268,3.25,3.268,1.0,3.25,1
2024-02-09,3.284,3.284,3.284,3.284,0.0,3.284,0
2024-02-12,3.289,3.289,3.275,3.275,1.0,3.289,1
2024-02-13,3.27,3.27,3.27,3.27,0.0,3.27,0
2024-02-14,3.211,3.211,3.211,3.211,0.0,3.211,0
2024-02-15,3.16,3.166,3.16,3.166,1.0,3.16,1
2024-02-16,3.136,3.136,3.136,3.136,0.0,3.136,0
2024-02-19,3.136,3.136,3.136,3.136,0.0,3.136,0
2024-02-20,3.167,3.167,3.167,3.167,0.0,3.167,0
2024-02-21,3.236,3.236,3.236,3.236,0.0,3.236,0
2024-02-22,3.271,3.271,3.271,3.271,0.0,3.271,0
2024-02-23,3.238,3.238,3.238,3.238,0.0,3.238,0
2024-02-26,3.263,3.273,3.263,3.273,1.0,3.263,1
2024-02-27,3.292,3.292,3.292,3.292,0.0,3.292,0
2024-02-28,3.302,3.318,3.302,3.318,1.0,3.302,1
2024-02-29,3.312,3.312,3.312,3.312,0.0,3.312,0
2024-03-01,3.298,3.3,3.298,3.3,1.0,3.298,1
2024-03-04,3.313,3.313,3.313,3.313,0.0,3.313,0
2024-03-05,3.305,3.325,3.305,3.325,5.0,3.305,1
2024-03-06,3.325,3.325,3.323,3.323,1.0,3.325,1
2024-03-07,3.309,3.309,3.309,3.309,0.0,3.309,0
2024-03-08,3.305,3.305,3.294,3.294,1.0,3.305,1
2024-03-11,3.299,3.299,3.299,3.299,0.0,3.299,0
2024-03-12,3.302,3.302,3.302,3.302,0.0,3.302,0
2024-03-13,3.3,3.305,3.3,3.303,230.0,3.3049,7
2024-03-14,3.297,3.311,3.297,3.311,1.0,3.297,1
2024-03-15,3.287,3.287,3.287,3.287,0.0,3.287,0
2024-03-18,3.356,3.356,3.309,3.331,7.0,3.3294,7
2024-03-19,3.311,3.333,3.311,3.333,10.0,3.311,1
2024-03-20,3.313,3.313,3.313,3.313,0.0,3.313,0
2024-03-21,3.296,3.296,3.296,3.296,0.0,3.296,0
2024-03-22,3.285,3.285,3.285,3.285,0.0,3.285,0
2024-03-25,3.255,3.275,3.255,3.275,5.0,3.255,5
2024-03-26,3.28,3.305,3.28,3.305,9.0,3.2878,7
2024-03-27,3.29,3.292,3.29,3.292,6.0,3.29,6
2024-03-28,3.305,3.314,3.305,3.314,3.0,3.3063,3
2024-04-01,3.315,3.339,3.315,3.339,17.0,3.3235,5
2024-04-02,3.355,3.365,3.34,3.348,519.0,3.3406,19
2024-04-03,3.338,3.348,3.335,3.348,17.0,3.3385,9
2024-04-04,3.32,3.332,3.32,3.332,7.0,3.32,2
2024-04-05,3.321,3.34,3.321,3.329,11.0,3.3318,8
2024-04-08,3.337,3.35,3.333,3.35,5.0,3.3338,2
2024-04-09,3.36,3.36,3.335,3.351,535.0,3.3357,12
2024-04-10,3.348,3.356,3.348,3.356,5.0,3.348,5
2024-04-11,3.402,3.402,3.402,3.402,0.0,3.402,0
2024-04-12,3.45,3.464,3.431,3.464,13.0,3.4452,6
2024-04-15,3.46,3.488,3.46,3.488,3.0,3.465,3
2024-04-16,3.477,3.501,3.471,3.501,11.0,3.4789,4
2024-04-17,3.495,3.495,3.476,3.478,4.0,3.4813,3
2024-04-18,3.46,3.475,3.46,3.475,8.0,3.4635,6
2024-04-19,3.47,3.471,3.462,3.467,25.0,3.4678,20
2024-04-22,3.485,3.485,3.485,3.485,0.0,3.485,0
2024-04-23,3.5,3.5,3.495,3.497,8.0,3.4969,4
2024-04-24,3.51,3.52,3.5,3.52,5.0,3.507,4
2024-04-25,3.52,3.52,3.502,3.502,1.0,3.52,1
2024-04-26,3.511,3.511,3.511,3.511,0.0,3.511,0
2024-04-29,3.52,3.522,3.52,3.522,1.0,3.52,1
2024-04-30,3.513,3.514,3.504,3.514,12.0,3.5094,6
2024-05-01,3.503,3.503,3.503,3.503,0.0,3.503,0
2024-05-02,3.488,3.505,3.488,3.494,19.0,3.4909,7
2024-05-03,3.489,3.489,3.459,3.469,12.0,3.4754,5
2024-05-06,3.48,3.48,3.472,3.472,5.0,3.48,1
2024-05-07,3.462,3.481,3.428,3.428,27.0,3.4476,14
2024-05-08,3.427,3.427,3.374,3.383,17.0,3.3954,12
2024-05-09,3.352,3.352,3.337,3.337,22.0,3.3475,15
2024-05-10,3.377,3.377,3.346,3.371,33.0,3.3568,14
2024-05-13,3.35,3.391,3.35,3.391,7.0,3.3694,3
2024-05-14,3.423,3.423,3.387,3.406,27.0,3.4037,9
2024-05-15,3.43,3.45,3.43,3.436,23.0,3.4421,12
2024-05-16,3.442,3.473,3.442,3.468,12.0,3.466,8
2024-05-17,3.489,3.489,3.475,3.478,10.0,3.4835,9
2024-05-20,3.493,3.507,3.493,3.507,19.0,3.4969,9
2024-05-21,3.498,3.498,3.491,3.491,3.0,3.498,2
2024-05-22,3.481,3.503,3.481,3.503,31.0,3.481,1
2024-05-23,3.5,3.5,3.481,3.481,25.0,3.4867,4
2024-05-24,3.474,3.474,3.442,3.442,2.0,3.474,1
2024-05-27,3.442,3.442,3.442,3.442,0.0,3.442,0
2024-05-28,3.423,3.455,3.423,3.428,7.0,3.4334,6
2024-05-29,3.405,3.405,3.379,3.379,12.0,3.3922,7
2024-05-30,3.365,3.367,3.354,3.354,17.0,3.3601,10
2024-05-31,3.342,3.348,3.335,3.343,37.0,3.341,14
2024-06-03,3.359,3.38,3.349,3.358,38.0,3.3644,6
2024-06-04,3.359,3.402,3.336,3.344,22.0,3.3585,11
2024-06-05,3.378,3.394,3.378,3.394,7.0,3.3841,5
2024-06-06,3.4,3.4,3.394,3.394,34.0,3.3999,2
2024-06-07,3.402,3.415,3.391,3.399,107.0,3.4044,31
2024-06-10,3.426,3.426,3.407,3.415,40.0,3.4153,20
2024-06-11,3.456,3.477,3.435,3.462,29.0,3.4476,14
2024-06-12,3.448,3.448,3.407,3.43,10.0,3.4214,6
2024-06-13,3.435,3.435,3.38,3.399,13.0,3.4,5
2024-06-14,3.378,3.403,3.367,3.397,239.0,3.3999,46
2024-06-17,3.382,3.409,3.382,3.406,9.0,3.3989,4
2024-06-18,3.425,3.432,3.395,3.427,113.0,3.3976,30
2024-06-19,3.427,3.427,3.427,3.427,0.0,3.427,0
2024-06-20,3.419,3.419,3.376,3.396,11.0,3.4027,8
2024-06-21,3.393,3.393,3.375,3.375,11.0,3.384,5
2024-06-24,3.354,3.379,3.354,3.379,16.0,3.3548,5
2024-06-25,3.363,3.371,3.356,3.356,10.0,3.3651,4
2024-06-26,3.33,3.36,3.32,3.355,11.0,3.349,6
2024-06-27,3.337,3.349,3.289,3.289,5.0,3.3218,5
2024-06-28,3.279,3.306,3.279,3.303,11.0,3.291,6
2024-07-01,3.32,3.32,3.274,3.288,108.0,3.2753,20
2024-07-02,3.284,3.294,3.278,3.278,121.0,3.2856,27
2024-07-03,3.266,3.269,3.266,3.269,3.0,3.2667,2
2024-07-04,3.25,3.269,3.25,3.269,1.0,3.25,1
2024-07-05,3.265,3.27,3.251,3.255,9.0,3.266,5
2024-07-08,3.257,3.273,3.257,3.273,13.0,3.2652,11
2024-07-09,3.269,3.287,3.269,3.27,11.0,3.2784,5
2024-07-10,3.257,3.259,3.24,3.259,10.0,3.2496,8
2024-07-11,3.233,3.233,3.233,3.233,0.0,3.233,0
2024-07-12,3.224,3.224,3.224,3.224,0.0,3.224,0
2024-07-15,3.21,3.217,3.205,3.217,17.0,3.2088,6
2024-07-16,3.213,3.231,3.212,3.213,12.0,3.2252,8
2024-07-17,3.184,3.184,3.15,3.15,58.0,3.1652,37
2024-07-18,3.137,3.168,3.137,3.168,4.0,3.146,2
2024-07-19,3.16,3.212,3.16,3.206,25.0,3.1786,20
2024-07-22,3.222,3.248,3.222,3.248,35.0,3.2366,24
2024-07-23,3.229,3.229,3.222,3.229,13.0,3.2257,8
2024-07-24,3.183,3.205,3.183,3.202,3.0,3.191,3
2024-07-25,3.172,3.174,3.152,3.152,19.0,3.1664,6
2024-07-26,3.12,3.156,3.12,3.156,32.0,3.1451,7
2024-07-29,3.093,3.139,3.093,3.125,19.0,3.1265,12
2024-07-30,3.11,3.128,3.089,3.128,81.0,3.1154,23
2024-07-31,3.138,3.138,3.115,3.123,9.0,3.1209,8
2024-08-01,3.128,3.128,3.09,3.093,11.0,3.1065,5
2024-08-02,3.093,3.097,3.08,3.095,13.0,3.0854,9
2024-08-05,3.073,3.075,3.047,3.056,63.0,3.0581,47
2024-08-06,3.031,3.06,3.03,3.047,25.0,3.0482,18
2024-08-07,3.089,3.092,3.073,3.09,17.0,3.088,16
2024-08-08,3.106,3.151,3.095,3.144,53.0,3.1218,28
2024-08-09,3.154,3.165,3.14,3.165,56.0,3.155,30
2024-08-12,3.188,3.188,3.143,3.166,31.0,3.1688,19
2024-08-13,3.174,3.177,3.121,3.124,34.0,3.1577,19
2024-08-14,3.122,3.166,3.114,3.163,26.0,3.1467,20
2024-08-15,3.164,3.164,3.145,3.156,28.0,3.156,19
2024-08-16,3.124,3.124,3.092,3.101,9.0,3.1018,7
2024-08-19,3.101,3.132,3.101,3.127,26.0,3.1178,17
2024-08-20,3.131,3.167,3.118,3.167,69.0,3.1433,49
2024-08-21,3.186,3.201,3.164,3.188,22.0,3.188,17
2024-08-22,3.158,3.182,3.155,3.182,10.0,3.1633,8
2024-08-23,3.167,3.183,3.14,3.174,69.0,3.1643,46
2024-08-26,3.132,3.174,3.132,3.167,43.0,3.1535,34
2024-08-27,3.151,3.165,3.146,3.163,66.0,3.1557,43
2024-08-28,3.126,3.173,3.126,3.155,54.0,3.1415,34
2024-08-29,3.13,3.138,3.097,3.134,74.0,3.1218,40
2024-08-30,3.121,3.125,3.109,3.125,53.0,3.1168,30
2024-09-02,3.125,3.125,3.125,3.125,0.0,3.125,0
2024-09-03,3.14,3.143,3.097,3.136,94.0,3.1142,44
2024-09-04,3.127,3.163,3.117,3.13,42.0,3.1392,34
2024-09-05,3.113,3.16,3.113,3.126,11.0,3.1354,11
2024-09-06,3.129,3.129,3.104,3.121,44.0,3.12,40
2024-09-09,3.097,3.134,3.096,3.12,54.0,3.1175,44
2024-09-10,3.114,3.144,3.108,3.112,133.0,3.1185,101
2024-09-11,3.12,3.138,3.118,3.122,30.0,3.1277,30
2024-09-12,3.126,3.143,3.112,3.126,44.0,3.1263,31
2024-09-13,3.133,3.143,3.112,3.117,56.0,3.1294,35
2024-09-16,3.11,3.133,3.104,3.131,95.0,3.1165,71
2024-09-17,3.14,3.153,3.113,3.131,83.0,3.1359,49
2024-09-18,3.136,3.156,3.126,3.131,121.0,3.1341,62
2024-09-19,3.137,3.151,3.121,3.151,33.0,3.1425,27
2024-09-20,3.141,3.2,3.136,3.195,93.0,3.1582,62
2024-09-23,3.195,3.23,3.173,3.178,227.0,3.1907,180
2024-09-24,3.19,3.195,3.16,3.177,89.0,3.1795,63
2024-09-25,3.185,3.213,3.185,3.212,76.0,3.1977,50
2024-09-26,3.203,3.231,3.194,3.225,108.0,3.2074,81
2024-09-27,3.222,3.259,3.191,3.258,177.0,3.2312,134
2024-09-30,3.241,3.263,3.23,3.248,77.0,3.2441,52
2024-10-01,3.242,3.247,3.222,3.233,36.0,3.2356,32
2024-10-02,3.241,3.257,3.215,3.239,144.0,3.2415,102
2024-10-03,3.256,3.26,3.248,3.255,93.0,3.2552,75
2024-10-04,3.249,3.274,3.249,3.265,154.0,3.2631,113
2024-10-07,3.263,3.28,3.25,3.26,207.0,3.2654,131
2024-10-08,3.258,3.26,3.217,3.248,65.0,3.2422,53
2024-10-09,3.218,3.221,3.196,3.212,84.0,3.2037,72
2024-10-10,3.191,3.21,3.155,3.21,72.0,3.1759,62
2024-10-11,3.206,3.207,3.155,3.175,144.0,3.1685,88
2024-10-14,3.15,3.15,3.115,3.13,132.0,3.1311,88
2024-10-15,3.112,3.169,3.095,3.16,105.0,3.1195,74
2024-10-16,3.141,3.153,3.111,3.13,176.0,3.1262,136
2024-10-17,3.106,3.145,3.088,3.139,170.0,3.1133,142
2024-10-18,3.118,3.12,3.099,3.108,221.0,3.1075,152
2024-10-21,3.094,3.154,3.078,3.124,170.0,3.1074,144
2024-10-22,3.135,3.173,3.125,3.161,120.0,3.1447,110
2024-10-23,3.138,3.191,3.126,3.175,205.0,3.1546,156
2024-10-24,3.185,3.2,3.156,3.191,246.0,3.179,198
2024-10-25,3.184,3.216,3.179,3.207,88.0,3.1898,59
2024-10-28,3.184,3.184,3.133,3.164,73.0,3.1536,66
2024-10-29,3.149,3.174,3.135,3.168,45.0,3.1474,35
2024-10-30,3.201,3.221,3.171,3.208,74.0,3.2049,61
2024-10-31,3.208,3.208,3.175,3.187,43.0,3.1879,38
2024-11-01,3.173,3.192,3.16,3.185,100.0,3.1799,79
2024-11-04,3.17,3.203,3.17,3.193,345.0,3.1933,126
2024-11-05,3.194,3.194,3.157,3.165,101.0,3.1713,79
2024-11-06,3.153,3.219,3.148,3.193,127.0,3.1884,87
2024-11-07,3.165,3.195,3.144,3.178,148.0,3.1694,111
2024-11-08,3.158,3.181,3.153,3.172,78.0,3.1635,52
2024-11-11,3.21,3.231,3.197,3.206,206.0,3.2097,166
2024-11-12,3.219,3.221,3.197,3.205,63.0,3.2086,49
2024-11-13,3.207,3.25,3.207,3.24,220.0,3.2344,153
2024-11-14,3.217,3.258,3.215,3.227,114.0,3.2391,88
2024-11-15,3.225,3.253,3.218,3.248,97.0,3.235,61
2024-11-18,3.274,3.281,3.238,3.27,166.0,3.2562,114
2024-11-19,3.27,3.306,3.248,3.286,145.0,3.285,105
2024-11-20,3.292,3.328,3.292,3.322,205.0,3.3178,116
2024-11-21,3.319,3.396,3.319,3.35,387.0,3.3536,337
2024-11-22,3.38,3.387,3.295,3.346,403.0,3.3333,269
2024-11-25,3.413,3.415,3.369,3.401,266.0,3.384,163
2024-11-26,3.387,3.426,3.369,3.408,170.0,3.3935,113
2024-11-27,3.374,3.374,3.34,3.349,74.0,3.3669,69
2024-11-28,3.349,3.349,3.349,3.349,0.0,3.349,0
2024-11-29,3.378,3.408,3.363,3.386,76.0,3.3899,64
2024-12-02,3.346,3.381,3.345,3.377,118.0,3.3652,90
2024-12-03,3.391,3.408,3.317,3.325,237.0,3.3319,82
2024-12-04,3.306,3.379,3.306,3.371,143.0,3.3614,67
2024-12-05,3.393,3.393,3.37,3.38,101.0,3.3764,82
2024-12-06,3.356,3.394,3.352,3.394,107.0,3.3805,68
2024-12-09,3.418,3.418,3.375,3.392,100.0,3.3997,93
2024-12-10,3.369,3.388,3.342,3.383,51.0,3.373,39
2024-12-11,3.377,3.413,3.372,3.404,73.0,3.3996,60
2024-12-12,3.41,3.417,3.368,3.406,157.0,3.4072,123
2024-12-13,3.405,3.419,3.354,3.373,248.0,3.383,129
2024-12-16,3.36,3.379,3.343,3.353,149.0,3.3674,106
2024-12-17,3.357,3.376,3.34,3.367,161.0,3.3546,113
2024-12-18,3.355,3.384,3.343,3.354,126.0,3.3683,79
2024-12-19,3.381,3.405,3.362,3.384,173.0,3.3831,141
2024-12-20,3.39,3.427,3.372,3.41,222.0,3.4035,166
2024-12-23,3.417,3.433,3.398,3.423,175.0,3.4109,113
2024-12-24,3.432,3.442,3.429,3.442,22.0,3.4338,20
2024-12-26,3.415,3.442,3.413,3.435,295.0,3.4264,217
2024-12-27,3.485,3.488,3.447,3.482,253.0,3.4671,171
2024-12-30,3.485,3.55,3.477,3.515,244.0,3.5184,198
2024-12-31,3.493,3.495,3.433,3.468,95.0,3.4615,75
2025-01-02,3.478,3.53,3.47,3.476,285.0,3.5087,240
2025-01-03,3.447,3.472,3.406,3.424,116.0,3.4369,82
2025-01-06,3.462,3.483,3.44,3.443,284.0,3.4568,195
2025-01-07,3.428,3.495,3.408,3.421,111.0,3.4431,95
2025-01-08,3.449,3.489,3.449,3.458,228.0,3.462,195
2025-01-09,3.445,3.511,3.445,3.467,117.0,3.4782,96
2025-01-10,3.502,3.515,3.486,3.492,368.0,3.4998,256
2025-01-13,3.534,3.542,3.509,3.523,185.0,3.5298,129
2025-01-14,3.469,3.551,3.469,3.537,178.0,3.518,140
2025-01-15,3.53,3.585,3.53,3.574,765.0,3.552,462
2025-01-16,3.543,3.669,3.539,3.657,726.0,3.6163,479
2025-01-17,3.618,3.618,3.551,3.575,511.0,3.5816,322
2025-01-20,3.567,3.575,3.551,3.575,45.0,3.5617,24
2025-01-21,3.551,3.575,3.533,3.545,252.0,3.5537,164
2025-01-22,3.532,3.644,3.531,3.628,391.0,3.6001,256
2025-01-23,3.617,3.67,3.593,3.641,232.0,3.6277,173
2025-01-24,3.621,3.649,3.587,3.649,175.0,3.6204,112
2025-01-27,3.573,3.58,3.489,3.554,320.0,3.5271,207
2025-01-28,3.528,3.528,3.473,3.48,150.0,3.4917,122
2025-01-29,3.46,3.556,3.452,3.537,744.0,3.5186,434
2025-01-30,3.534,3.575,3.445,3.452,406.0,3.478,286
2025-01-31,3.464,3.491,3.421,3.46,231.0,3.462,181
2025-02-03,3.547,3.59,3.523,3.554,349.0,3.5494,245
2025-02-04,3.525,3.553,3.496,3.53,323.0,3.5239,195
2025-02-05,3.504,3.567,3.48,3.546,399.0,3.5292,252
2025-02-06,3.555,3.582,3.523,3.556,425.0,3.5456,296
2025-02-07,3.53,3.566,3.517,3.529,567.0,3.5448,354
2025-02-10,3.55,3.64,3.549,3.63,899.0,3.606,571
2025-02-11,3.62,3.693,3.62,3.674,596.0,3.6722,443
2025-02-12,3.663,3.689,3.645,3.688,471.0,3.6761,358
2025-02-13,3.732,3.742,3.666,3.712,1027.0,3.7215,685
2025-02-14,3.725,3.772,3.711,3.733,595.0,3.7229,392
2025-02-17,3.668,3.733,3.646,3.733,76.0,3.6681,68
2025-02-18,3.641,3.855,3.636,3.855,1727.0,3.8118,1193
2025-02-19,3.806,3.919,3.806,3.889,825.0,3.8738,634
2025-02-20,3.902,3.921,3.77,3.778,570.0,3.8129,430
2025-02-21,3.787,3.836,3.758,3.779,962.0,3.7966,798
2025-02-24,3.728,3.77,3.706,3.749,717.0,3.7358,605
2025-02-25,3.747,3.783,3.743,3.781,552.0,3.7601,400
2025-02-26,3.782,3.783,3.668,3.683,519.0,3.7032,401
2025-02-27,3.683,3.704,3.643,3.654,381.0,3.6747,264
2025-02-28,3.661,3.682,3.634,3.669,458.0,3.6628,346
2025-03-03,3.66,3.76,3.66,3.746,627.0,3.718,455
2025-03-04,3.732,3.809,3.679,3.766,1214.0,3.7836,787
2025-03-05,3.765,3.83,3.743,3.824,1082.0,3.7835,690
2025-03-06,3.801,3.82,3.756,3.771,368.0,3.7827,274
2025-03-07,3.767,3.926,3.739,3.909,685.0,3.8426,505
2025-03-10,4.102,4.102,3.956,3.975,471.0,3.9856,347
2025-03-11,3.959,4.037,3.953,4.022,433.0,4.0166,340
2025-03-12,3.957,3.983,3.907,3.927,463.0,3.9411,326
2025-03-13,3.934,4.001,3.871,3.989,441.0,3.9546,305
2025-03-14,3.97,4.061,3.939,4.023,408.0,3.9997,295
2025-03-17,4.045,4.058,3.985,4.008,339.0,4.0093,244
2025-03-18,4.006,4.033,3.971,3.992,475.0,4.0056,272
2025-03-19,3.998,4.053,3.989,4.046,798.0,4.0325,555
2025-03-20,4.023,4.037,3.943,3.947,483.0,3.9836,312
2025-03-21,3.95,3.971,3.907,3.934,423.0,3.9352,275
2025-03-24,3.903,3.967,3.894,3.937,361.0,3.9359,226
2025-03-25,3.888,3.979,3.888,3.936,380.0,3.9485,306
2025-03-26,3.947,3.978,3.925,3.939,961.0,3.9582,721
2025-03-27,3.928,3.984,3.877,3.969,1001.0,3.9469,812
2025-03-28,3.944,3.989,3.919,3.97,798.0,3.9535,524
2025-03-31,4.007,4.024,3.981,3.993,595.0,3.9925,332
2025-04-01,3.989,4.005,3.935,3.939,1703.0,3.9646,1228
2025-04-02,3.951,4.006,3.939,3.983,1854.0,3.9877,1299
2025-04-03,3.964,4.014,3.938,3.973,990.0,3.9785,708
2025-04-04,3.944,3.965,3.773,3.817,1875.0,3.831,1267
2025-04-07,3.736,3.823,3.658,3.693,2073.0,3.7138,1450
2025-04-08,3.68,3.765,3.593,3.615,2084.0,3.6615,1520
2025-04-09,3.604,3.783,3.48,3.77,3396.0,3.6135,2257
2025-04-10,3.723,3.745,3.584,3.636,1889.0,3.651,1059
2025-04-11,3.597,3.656,3.558,3.644,1398.0,3.6053,750
2025-04-14,3.627,3.728,3.591,3.599,1191.0,3.6322,685
2025-04-15,3.605,3.665,3.582,3.657,2082.0,3.6278,1199
2025-04-16,3.634,3.707,3.62,3.688,1433.0,3.6667,842
2025-04-17,3.701,3.742,3.673,3.7,671.0,3.7073,478
2025-04-21,3.686,3.732,3.584,3.587,753.0,3.6181,525
2025-04-22,3.598,3.639,3.589,3.591,1194.0,3.6009,756
2025-04-23,3.611,3.66,3.58,3.618,1825.0,3.6178,1141
2025-04-24,3.599,3.644,3.578,3.639,1247.0,3.6084,837
2025-04-25,3.629,3.679,3.605,3.634,1556.0,3.6432,900
2025-04-28,3.642,3.74,3.595,3.717,1685.0,3.6977,1157
2025-04-29,3.742,3.781,3.722,3.767,1578.0,3.7545,1095
2025-04-30,3.764,3.832,3.75,3.809,1730.0,3.7967,1011
2025-05-01,3.835,3.907,3.835,3.888,1565.0,3.8733,1010
2025-05-02,3.864,3.963,3.864,3.941,1441.0,3.9268,911
2025-05-05,3.985,4.047,3.95,3.956,1744.0,3.9937,1085
2025-05-06,3.963,4.018,3.919,3.939,1148.0,3.962,721
2025-05-07,3.978,3.994,3.912,3.918,1128.0,3.9487,727
2025-05-08,3.916,3.941,3.866,3.889,949.0,3.9006,693
2025-05-09,3.92,3.953,3.885,3.948,1114.0,3.9358,688
2025-05-12,3.945,3.974,3.909,3.916,490.0,3.9267,356
2025-05-13,3.935,3.984,3.91,3.961,824.0,3.9404,592
2025-05-14,3.951,3.956,3.893,3.915,560.0,3.9136,431
2025-05-15,3.903,3.947,3.88,3.893,1072.0,3.907,668
2025-05-16,3.896,3.927,3.864,3.902,696.0,3.9033,491
2025-05-19,3.857,3.862,3.717,3.729,1775.0,3.7897,1231
2025-05-20,3.745,3.879,3.739,3.871,1654.0,3.8281,981
2025-05-21,3.861,3.945,3.848,3.886,796.0,3.8914,563
2025-05-22,3.877,3.913,3.842,3.877,891.0,3.8761,530
2025-05-23,3.904,3.941,3.865,3.939,988.0,3.9127,686
2025-05-27,3.936,3.976,3.892,3.927,918.0,3.926,690
2025-05-28,3.927,3.947,3.829,3.846,896.0,3.8657,613
2025-05-29,3.849,3.861,3.767,3.817,848.0,3.7959,607
2025-05-30,3.823,3.845,3.782,3.804,1018.0,3.8064,623
2025-06-02,3.838,3.914,3.838,3.9,809.0,3.8863,563
2025-06-03,3.921,3.946,3.873,3.938,717.0,3.9143,459
2025-06-04,3.933,3.979,3.922,3.971,1036.0,3.9568,734
2025-06-05,3.96,3.995,3.921,3.958,1268.0,3.968,912
2025-06-06,3.975,4.024,3.947,4.002,1556.0,3.99,1048
2025-06-09,3.976,3.979,3.908,3.964,1094.0,3.9428,681
2025-06-10,3.959,3.983,3.901,3.929,986.0,3.9295,631
2025-06-11,3.931,3.956,3.868,3.896,997.0,3.901,672
2025-06-12,3.909,3.948,3.863,3.869,604.0,3.8975,466
2025-06-13,3.931,3.934,3.86,3.899,1682.0,3.8915,1056
2025-06-16,3.954,3.957,3.921,3.949,797.0,3.942,507
2025-06-17,3.959,4.015,3.958,4.001,1191.0,3.99,773
2025-06-18,4.014,4.073,4.014,4.035,1588.0,4.0395,1051
2025-06-20,4.04,4.093,3.996,4.02,1711.0,4.0456,1143
2025-06-23,4.039,4.056,3.951,3.978,1017.0,3.9977,662
2025-06-24,3.947,3.973,3.911,3.926,1027.0,3.9385,747
2025-06-25,3.937,3.949,3.898,3.907,535.0,3.909,386
2025-06-26,3.893,3.926,3.861,3.915,1237.0,3.8898,845
2025-06-27,3.932,3.979,3.932,3.966,1598.0,3.9635,1006
2025-06-30,3.929,3.929,3.795,3.81,2161.0,3.8289,1305
2025-07-01,3.808,3.816,3.651,3.783,2265.0,3.7278,1498
2025-07-02,3.764,3.818,3.728,3.806,1834.0,3.7997,1052
2025-07-03,3.822,3.869,3.74,3.755,1421.0,3.8003,945
2025-07-07,3.751,3.818,3.668,3.793,1301.0,3.7469,925
2025-07-08,3.781,3.826,3.769,3.783,1666.0,3.792,1149
2025-07-09,3.77,3.789,3.673,3.738,1899.0,3.7203,1351
2025-07-10,3.73,3.829,3.715,3.813,1565.0,3.775,1030
2025-07-11,3.819,3.86,3.795,3.848,1484.0,3.8406,1022
2025-07-14,3.874,3.933,3.874,3.904,1739.0,3.9128,1151
2025-07-15,3.888,3.939,3.874,3.928,1447.0,3.921,918
2025-07-16,3.933,3.945,3.904,3.924,1082.0,3.9229,710
2025-07-17,3.914,3.936,3.855,3.888,1373.0,3.891,904
2025-07-18,3.866,3.899,3.757,3.858,2516.0,3.846,1719
2025-07-21,3.77,3.795,3.692,3.733,2546.0,3.7279,1597
2025-07-22,3.716,3.736,3.669,3.729,2707.0,3.7086,1950
2025-07-23,3.726,3.726,3.632,3.641,2754.0,3.6552,1891
2025-07-24,3.64,3.677,3.63,3.646,2263.0,3.6511,1668
2025-07-25,3.642,3.665,3.592,3.612,1873.0,3.6188,1183
2025-07-28,3.594,3.612,3.493,3.543,3577.0,3.5417,2220
2025-07-29,3.56,3.598,3.55,3.58,1203.0,3.5755,753
2025-07-30,3.587,3.616,3.522,3.567,1804.0,3.5634,971
2025-07-31,3.552,3.615,3.52,3.598,1403.0,3.5671,924
2025-08-01,3.58,3.61,3.565,3.601,1371.0,3.5919,996
2025-08-04,3.568,3.59,3.489,3.518,2378.0,3.5143,1363
2025-08-05,3.515,3.56,3.505,3.537,2125.0,3.5348,1331
2025-08-06,3.532,3.587,3.501,3.577,1518.0,3.5563,920
2025-08-07,3.572,3.604,3.545,3.574,1331.0,3.5689,917
2025-08-08,3.578,3.596,3.5,3.522,1586.0,3.5245,1043
2025-08-11,3.491,3.544,3.471,3.527,2075.0,3.5097,1217
2025-08-12,3.534,3.54,3.443,3.466,1952.0,3.4715,1076
2025-08-13,3.46,3.48,3.427,3.45,2230.0,3.4477,1332
2025-08-14,3.45,3.459,3.397,3.427,3537.0,3.4233,2166
2025-08-15,3.422,3.496,3.412,3.468,1516.0,3.471,979
2025-08-18,3.445,3.483,3.423,3.469,1537.0,3.4513,1011
2025-08-19,3.457,3.46,3.393,3.409,1683.0,3.409,993
2025-08-20,3.406,3.423,3.386,3.405,3016.0,3.405,1822
2025-08-21,3.421,3.456,3.395,3.437,1634.0,3.4202,1082
2025-08-22,3.446,3.446,3.385,3.396,2359.0,3.4093,1382
2025-08-25,3.378,3.389,3.34,3.376,991.0,3.369,555
2025-08-26,3.374,3.422,3.346,3.4,1610.0,3.3908,884
2025-08-27,3.412,3.477,3.406,3.45,1160.0,3.4509,657
2025-08-28,3.434,3.515,3.422,3.486,1726.0,3.4729,980
2025-08-29,3.506,3.542,3.473,3.525,1825.0,3.504,939
2025-09-02,3.505,3.557,3.465,3.508,1814.0,3.4892,1073
2025-09-03,3.499,3.563,3.492,3.526,1283.0,3.5296,794
2025-09-04,3.52,3.549,3.499,3.53,1566.0,3.524,882
2025-09-05,3.53,3.548,3.467,3.482,1318.0,3.5042,803
2025-09-08,3.487,3.539,3.482,3.515,1468.0,3.5171,852
2025-09-09,3.508,3.55,3.482,3.536,1761.0,3.5193,1099
2025-09-10,3.525,3.543,3.491,3.522,1826.0,3.5194,1163
2025-09-11,3.521,3.54,3.495,3.51,1277.0,3.511,752
2025-09-12,3.498,3.516,3.471,3.476,1797.0,3.4882,1106
2025-09-15,3.495,3.52,3.458,3.517,1202.0,3.4946,808
2025-09-16,3.482,3.561,3.455,3.551,1363.0,3.5392,842
2025-09-17,3.558,3.588,3.543,3.566,1057.0,3.5697,641
2025-09-18,3.561,3.572,3.498,3.511,1879.0,3.5238,1113
2025-09-19,3.503,3.539,3.484,3.493,1615.0,3.5086,921
2025-09-22,3.513,3.513,3.44,3.443,1727.0,3.4627,1072
2025-09-23,3.435,3.447,3.401,3.437,2191.0,3.4242,1516
2025-09-24,3.438,3.456,3.401,3.439,1314.0,3.4284,860
2025-09-25,3.456,3.507,3.444,3.484,1940.0,3.4894,1211
2025-09-26,3.501,3.521,3.463,3.506,1664.0,3.4889,1076
2025-09-29,3.482,3.543,3.474,3.531,1271.0,3.5143,874
2025-09-30,3.536,3.572,3.513,3.518,1502.0,3.5378,972
2025-10-01,3.543,3.639,3.531,3.628,2375.0,3.5839,1436
2025-10-02,3.62,3.733,3.607,3.673,3902.0,3.6763,2241
2025-10-03,3.666,3.706,3.645,3.657,3662.0,3.6711,2262
2025-10-06,3.651,3.737,3.643,3.661,1314.0,3.6671,872
2025-10-07,3.666,3.739,3.635,3.719,2263.0,3.6938,1415
2025-10-08,3.729,3.737,3.642,3.649,1523.0,3.6712,1015
2025-10-09,3.637,3.659,3.587,3.605,1806.0,3.6106,1174
2025-10-10,3.586,3.59,3.522,3.535,2014.0,3.5461,1282
2025-10-13,3.532,3.556,3.497,3.546,1743.0,3.5277,1250
2025-10-14,3.529,3.53,3.471,3.481,3455.0,3.4847,2216
2025-10-15,3.472,3.494,3.442,3.48,1830.0,3.4643,1346
2025-10-16,3.487,3.506,3.433,3.442,2489.0,3.4654,1581
2025-10-17,3.434,3.521,3.417,3.519,1944.0,3.4763,1225
2025-10-20,3.571,3.668,3.571,3.661,4763.0,3.6343,2915
2025-10-21,3.643,3.701,3.599,3.683,4425.0,3.6532,2773
2025-10-22,3.672,3.709,3.631,3.647,3689.0,3.6592,2391
2025-10-23,3.653,3.694,3.599,3.623,1862.0,3.6376,1247
2025-10-24,3.59,3.638,3.553,3.603,2240.0,3.5891,1541
2025-10-27,3.643,3.65,3.562,3.627,2850.0,3.6159,1946
2025-10-28,3.608,3.613,3.525,3.545,2969.0,3.5464,2022
2025-10-29,3.547,3.575,3.494,3.55,6903.0,3.549,3896
2025-10-30,3.547,3.673,3.528,3.612,3431.0,3.5996,2214
2025-10-31,3.661,3.708,3.628,3.688,3793.0,3.6723,2516
2025-11-03,3.717,3.758,3.654,3.753,5261.0,3.7107,3284
2025-11-04,3.72,3.826,3.713,3.78,5238.0,3.7653,3182
2025-11-05,3.764,3.778,3.694,3.708,4969.0,3.7323,2879
2025-11-06,3.725,3.761,3.655,3.727,4934.0,3.7259,3124
2025-11-07,3.748,3.769,3.692,3.731,4017.0,3.7291,2806
2025-11-10,3.799,3.825,3.668,3.718,10157.0,3.7181,4993
2025-11-11,3.739,3.829,3.696,3.819,5976.0,3.7879,3629
2025-11-12,3.802,3.848,3.781,3.828,5438.0,3.8163,3671
2025-11-13,3.837,3.896,3.804,3.856,4748.0,3.8594,3137
2025-11-14,3.9,3.9,3.738,3.805,4561.0,3.7892,2983
2025-11-17,3.772,3.804,3.73,3.76,4673.0,3.7708,2957
2025-11-18,3.74,3.769,3.692,3.736,5223.0,3.7312,3560
2025-11-19,3.742,3.828,3.733,3.801,4325.0,3.7926,2795
2025-11-20,3.785,3.848,3.77,3.778,4991.0,3.8027,2719
2025-11-21,3.774,3.826,3.765,3.784,5203.0,3.7892,3289
2025-11-24,3.746,3.753,3.699,3.736,4479.0,3.7231,2866
2025-11-25,3.708,3.724,3.609,3.636,5340.0,3.6371,3025
2025-11-26,3.649,3.697,3.631,3.647,3389.0,3.6628,2093
2025-11-28,3.668,3.737,3.622,3.719,2967.0,3.6931,1908
2025-12-01,3.75,3.765,3.69,3.737,6064.0,3.731,3341
2025-12-02,3.716,3.771,3.711,3.76,6688.0,3.7538,3673
2025-12-03,3.765,3.922,3.761,3.905,8003.0,3.8764,4901
2025-12-04,3.913,3.969,3.873,3.962,5842.0,3.9325,3365
2025-12-05,3.97,4.12,3.962,4.048,13462.0,4.0508,7779
2025-12-08,3.973,4.001,3.732,3.777,8236.0,3.8335,5203
2025-12-09,3.733,3.761,3.645,3.649,7745.0,3.689,4566
2025-12-10,3.668,3.705,3.596,3.668,5403.0,3.6649,3454
2025-12-11,3.682,3.683,3.546,3.586,7242.0,3.5831,4194
2025-12-12,3.587,3.587,3.42,3.426,8584.0,3.484,5124
2025-12-15,3.468,3.483,3.329,3.365,7235.0,3.3758,4477
2025-12-16,3.371,3.385,3.28,3.3,8547.0,3.3041,4656
2025-12-17,3.341,3.411,3.315,3.367,6836.0,3.3715,4000
2025-12-18,3.416,3.454,3.226,3.255,6982.0,3.3369,4318
2025-12-19,3.265,3.27,3.192,3.238,6172.0,3.2323,3922
2025-12-22,3.36,3.36,3.097,3.137,9812.0,3.1496,5306
2025-12-23,3.141,3.335,3.133,3.313,7018.0,3.2431,4434
2025-12-24,3.33,3.364,3.253,3.26,5124.0,3.3045,3576
2025-12-26,3.256,3.369,3.256,3.344,4394.0,3.3383,2969
2025-12-29,3.38,3.429,3.336,3.412,4894.0,3.4003,3499
2025-12-30,3.413,3.494,3.382,3.397,4838.0,3.4387,3258
2025-12-31,3.404,3.409,3.22,3.23,5453.0,3.2616,3517
2026-01-02,3.229,3.23,3.117,3.126,5645.0,3.1698,3542
2026-01-05,3.067,3.074,2.907,2.978,15580.0,2.966,8038
2026-01-06,2.982,2.982,2.882,2.927,7838.0,2.9289,4716
2026-01-07,2.975,3.033,2.962,3.004,8942.0,3.0047,5005
2026-01-08,3.027,3.046,2.902,2.907,9893.0,2.9427,5625
2026-01-09,2.917,2.923,2.724,2.751,15391.0,2.8071,9348
2026-01-12,2.821,2.928,2.776,2.919,11693.0,2.8488,7063
2026-01-13,2.894,2.965,2.849,2.95,9548.0,2.9198,6025
2026-01-14,2.934,2.944,2.712,2.792,16665.0,2.7833,8400
2026-01-15,2.772,2.802,2.689,2.771,11112.0,2.7457,6377
2026-01-16,2.774,2.829,2.721,2.779,8722.0,2.7636,5140
2026-01-20,2.913,3.235,2.909,3.228,31243.0,3.1112,16640
2026-01-21,3.207,3.555,3.136,3.46,28638.0,3.4322,17180
2026-01-22,3.433,3.606,3.372,3.5,22929.0,3.5155,15337
2026-01-23,3.41,3.575,3.399,3.532,15574.0,3.5017,11028
2026-01-26,3.676,3.802,3.528,3.661,22250.0,3.6324,15231
2026-01-27,3.62,3.716,3.481,3.674,18325.0,3.6099,12681
2026-01-28,3.642,3.721,3.544,3.614,15715.0,3.6291,10040
2026-01-29,3.616,3.728,3.594,3.723,17193.0,3.6528,10648
2026-01-30,3.682,4.075,3.651,4.008,26121.0,3.8904,15836
2026-02-02,3.675,3.675,3.112,3.195,46185.0,3.3668,28700
2026-02-03,3.227,3.299,3.119,3.208,17475.0,3.228,11013
2026-02-04,3.266,3.386,3.205,3.313,13190.0,3.3145,8235
2026-02-05,3.323,3.39,3.231,3.338,16389.0,3.3288,9984
2026-02-06,3.357,3.454,3.225,3.247,15993.0,3.3313,9020
2026-02-09,3.145,3.172,3.055,3.077,14797.0,3.0972,8256
2026-02-10,3.077,3.127,3.033,3.052,15700.0,3.08,8988
2026-02-11,3.083,3.15,3.005,3.093,13981.0,3.0777,7794
2026-02-12,3.129,3.2,3.08,3.099,16931.0,3.1365,9982
2026-02-13,3.1,3.121,3.014,3.117,11216.0,3.079,6623
2026-02-17,2.995,3.075,2.917,2.96,23857.0,2.9818,13335
2026-02-18,2.977,2.981,2.893,2.952,19486.0,2.938,9726
2026-02-19,2.966,3.021,2.936,2.968,16468.0,2.9829,9181
2026-02-20,2.947,3.094,2.935,3.004,25386.0,3.0133,13724
2026-02-23,3.141,3.161,2.934,2.943,27790.0,3.007,14235
2026-02-24,2.942,2.956,2.849,2.853,24713.0,2.8904,12851
2026-02-25,2.858,2.951,2.844,2.887,22692.0,2.9063,10939
2026-02-26,2.91,2.91,2.807,2.854,24906.0,2.8372,11850
2026-02-27,2.855,2.915,2.849,2.881,18362.0,2.8831,9284
2026-03-02,2.947,3.09,2.891,2.985,42838.0,2.999,21820
2026-03-03,3.005,3.209,3.003,3.075,51535.0,3.1307,27049
2026-03-04,3.064,3.096,2.919,2.94,35017.0,2.9695,17507
2026-03-05,2.956,3.07,2.941,3.023,31588.0,2.9983,16413
2026-03-06,3.031,3.284,2.97,3.2,50490.0,3.1627,25998
2026-03-09,3.31,3.488,3.029,3.128,68132.0,3.2413,38012
2026-03-10,3.036,3.154,2.965,3.03,52098.0,3.0484,27205
2026-03-11,3.071,3.231,3.03,3.212,46929.0,3.1554,22925
2026-03-12,3.235,3.291,3.144,3.227,53465.0,3.2163,26920
2026-03-13,3.249,3.292,3.103,3.125,39011.0,3.1575,19953
2026-03-16,3.175,3.175,2.981,3.011,48103.0,3.0453,24266
2026-03-17,3.021,3.08,2.988,3.009,28293.0,3.0252,14624
2026-03-18,3.02,3.17,2.897,3.033,58058.0,3.0233,29025
2026-03-19,3.141,3.228,3.06,3.126,79065.0,3.1548,42278
2026-03-20,3.083,3.136,3.012,3.064,59374.0,3.0529,32251
2026-03-23,3.099,3.134,2.861,2.874,94567.0,2.9406,53106
2026-03-24,2.896,2.943,2.844,2.912,67581.0,2.902,37439
2026-03-25,2.866,2.943,2.825,2.912,58216.0,2.8866,31803
2026-03-26,2.939,2.986,2.878,2.928,76566.0,2.9391,40308
2026-03-27,2.92,3.06,2.913,3.025,90604.0,3.0186,44218
2026-03-30,3.055,3.057,2.851,2.887,92610.0,2.8917,44076
2026-03-31,2.887,2.977,2.803,2.884,98268.0,2.9031,47575
2026-04-01,2.88,2.899,2.785,2.819,79655.0,2.833,38128
2026-04-02,2.813,2.889,2.779,2.8,79411.0,2.8136,40605
2026-04-06,2.838,2.868,2.769,2.811,69010.0,2.8255,34978
2026-04-07,2.804,2.888,2.756,2.87,92644.0,2.847,46467
2026-04-08,2.843,2.844,2.702,2.724,119302.0,2.7393,57841
2026-04-09,2.731,2.738,2.655,2.67,83208.0,2.6949,40047
2026-04-10,2.671,2.689,2.628,2.648,66306.0,2.658,34265
2026-04-13,2.691,2.723,2.615,2.627,70036.0,2.6632,34567
2026-04-14,2.628,2.66,2.561,2.599,76837.0,2.6021,33515
2026-04-15,2.599,2.628,2.57,2.61,51145.0,2.6025,25154
2026-04-16,2.614,2.679,2.588,2.647,55936.0,2.6361,27361
2026-04-17,2.667,2.707,2.623,2.674,63954.0,2.6701,31959
2026-04-20,2.688,2.746,2.672,2.689,49363.0,2.7024,24665
2026-04-21,2.675,2.72,2.643,2.697,45018.0,2.688,23535
2026-04-22,2.701,2.763,2.676,2.722,44640.0,2.7309,23478
2026-04-23,2.718,2.74,2.568,2.614,41973.0,2.633,20058
2026-04-24,2.594,2.594,2.495,2.523,25357.0,2.5323,10927
2026-04-27,2.505,2.63,2.505,2.55,22544.0,2.5765,9996
2026-04-28,2.539,2.578,2.483,2.559,1336.0,2.5429,763
2026-04-29,2.559,2.559,2.559,2.559,0.0,2.559,0
