date,open,high,low,close,volume,average,barCount
2017-03-14,2.868,2.868,2.868,2.868,0.0,2.868,0
2017-03-15,2.888,2.888,2.888,2.888,0.0,2.888,0
2017-03-16,2.909,2.909,2.909,2.909,0.0,2.909,0
2017-03-17,2.914,2.914,2.914,2.914,0.0,2.914,0
2017-03-20,2.917,2.917,2.917,2.917,0.0,2.917,0
2017-03-21,2.93,2.93,2.93,2.93,0.0,2.93,0
2017-03-22,2.932,2.932,2.932,2.932,0.0,2.932,0
2017-03-23,2.927,2.927,2.927,2.927,0.0,2.927,0
2017-03-24,2.895,2.895,2.895,2.895,0.0,2.895,0
2017-03-27,2.885,2.885,2.885,2.885,0.0,2.885,0
2017-03-28,2.876,2.876,2.876,2.876,0.0,2.876,0
2017-03-29,2.884,2.884,2.884,2.884,0.0,2.884,0
2017-03-30,2.887,2.887,2.887,2.887,0.0,2.887,0
2017-03-31,2.888,2.888,2.888,2.888,0.0,2.888,0
2017-04-03,2.895,2.895,2.895,2.895,0.0,2.895,0
2017-04-04,2.908,2.908,2.908,2.908,0.0,2.908,0
2017-04-05,2.927,2.927,2.927,2.927,0.0,2.927,0
2017-04-06,2.912,2.912,2.912,2.912,0.0,2.912,0
2017-04-07,2.926,2.926,2.926,2.926,0.0,2.926,0
2017-04-10,2.935,2.935,2.935,2.935,0.0,2.935,0
2017-04-11,2.966,2.966,2.966,2.966,0.0,2.966,0
2017-04-12,2.967,2.967,2.967,2.967,0.0,2.967,0
2017-04-13,2.985,2.985,2.985,2.985,0.0,2.985,0
2017-04-17,2.974,2.974,2.974,2.974,0.0,2.974,0
2017-04-18,3.004,3.004,3.004,3.004,0.0,3.004,0
2017-04-19,3.015,3.015,3.015,3.015,0.0,3.015,0
2017-04-20,3.049,3.049,3.049,3.049,0.0,3.049,0
2017-04-21,3.05,3.05,3.05,3.05,0.0,3.05,0
2017-04-24,3.009,3.009,3.009,3.009,0.0,3.009,0
2017-04-25,3.009,3.009,3.009,3.009,0.0,3.009,0
2017-04-26,3.0,3.0,3.0,3.0,0.0,3.0,0
2017-04-27,2.991,2.991,2.991,2.991,0.0,2.991,0
2017-04-28,3.007,3.007,3.007,3.007,0.0,3.007,0
2017-05-01,2.982,2.982,2.982,2.982,0.0,2.982,0
2017-05-02,2.983,2.983,2.983,2.983,0.0,2.983,0
2017-05-03,3.002,3.002,3.002,3.002,0.0,3.002,0
2017-05-04,3.045,3.045,3.045,3.045,0.0,3.045,0
2017-05-05,3.045,3.045,3.045,3.045,0.0,3.045,0
2017-05-08,3.036,3.036,3.036,3.036,0.0,3.036,0
2017-05-09,3.039,3.039,3.039,3.039,0.0,3.039,0
2017-05-10,3.04,3.04,3.04,3.04,0.0,3.04,0
2017-05-11,3.074,3.074,3.074,3.074,0.0,3.074,0
2017-05-12,3.078,3.078,3.078,3.078,0.0,3.078,0
2017-05-15,3.073,3.073,3.073,3.073,0.0,3.073,0
2017-05-16,3.09,3.09,3.09,3.09,0.0,3.09,0
2017-05-17,3.086,3.086,3.086,3.086,0.0,3.086,0
2017-05-18,3.073,3.073,3.073,3.073,0.0,3.073,0
2017-05-19,3.063,3.063,3.063,3.063,0.0,3.063,0
2017-05-22,3.065,3.065,3.065,3.065,0.0,3.065,0
2017-05-23,3.134,3.134,3.134,3.134,0.0,3.134,0
2017-05-24,3.136,3.136,3.136,3.136,0.0,3.136,0
2017-05-25,3.119,3.119,3.119,3.119,0.0,3.119,0
2017-05-26,3.104,3.104,3.104,3.104,0.0,3.104,0
2017-05-30,3.077,3.077,3.077,3.077,0.0,3.077,0
2017-05-31,3.073,3.073,3.073,3.073,0.0,3.073,0
2017-06-01,3.075,3.075,3.075,3.075,0.0,3.075,0
2017-06-02,3.065,3.065,3.065,3.065,0.0,3.065,0
2017-06-05,3.035,3.035,3.035,3.035,0.0,3.035,0
2017-06-06,2.977,2.977,2.977,2.977,0.0,2.977,0
2017-06-07,2.988,2.988,2.988,2.988,0.0,2.988,0
2017-06-08,3.006,3.006,3.006,3.006,0.0,3.006,0
2017-06-09,3.003,3.003,3.003,3.003,0.0,3.003,0
2017-06-12,3.005,3.005,3.005,3.005,0.0,3.005,0
2017-06-13,3.005,3.005,3.005,3.005,0.0,3.005,0
2017-06-14,2.994,2.994,2.994,2.994,0.0,2.994,0
2017-06-15,3.022,3.022,3.022,3.022,0.0,3.022,0
2017-06-16,3.011,3.011,3.011,3.011,0.0,3.011,0
2017-06-19,3.034,3.034,3.034,3.034,0.0,3.034,0
2017-06-20,3.072,3.072,3.072,3.072,0.0,3.072,0
2017-06-21,3.088,3.088,3.088,3.088,0.0,3.088,0
2017-06-22,3.082,3.082,3.082,3.082,0.0,3.082,0
2017-06-23,3.079,3.079,3.079,3.079,0.0,3.079,0
2017-06-26,3.054,3.054,3.054,3.054,0.0,3.054,0
2017-06-27,3.054,3.054,3.054,3.054,0.0,3.054,0
2017-06-28,3.044,3.044,3.044,3.044,0.0,3.044,0
2017-06-29,3.044,3.044,3.044,3.044,0.0,3.044,0
2017-06-30,3.057,3.057,3.057,3.057,0.0,3.057,0
2017-07-03,3.058,3.058,3.058,3.058,0.0,3.058,0
2017-07-05,3.035,3.035,3.035,3.035,0.0,3.035,0
2017-07-06,2.994,2.994,2.994,2.994,0.0,2.994,0
2017-07-07,2.989,2.989,2.989,2.989,0.0,2.989,0
2017-07-10,2.976,2.976,2.976,2.976,0.0,2.976,0
2017-07-11,2.973,2.973,2.973,2.973,0.0,2.973,0
2017-07-12,2.959,2.959,2.959,2.959,0.0,2.959,0
2017-07-13,2.972,2.972,2.972,2.972,0.0,2.972,0
2017-07-14,2.975,2.975,2.975,2.975,0.0,2.975,0
2017-07-17,2.968,2.968,2.968,2.968,0.0,2.968,0
2017-07-18,2.973,2.973,2.973,2.973,0.0,2.973,0
2017-07-19,2.958,2.958,2.958,2.958,0.0,2.958,0
2017-07-20,2.939,2.939,2.939,2.939,0.0,2.939,0
2017-07-21,2.937,2.937,2.937,2.937,0.0,2.937,0
2017-07-24,2.909,2.909,2.909,2.909,0.0,2.909,0
2017-07-25,2.885,2.885,2.885,2.885,0.0,2.885,0
2017-07-26,2.875,2.875,2.875,2.875,0.0,2.875,0
2017-07-27,2.876,2.876,2.876,2.876,0.0,2.876,0
2017-07-28,2.891,2.891,2.891,2.891,0.0,2.891,0
2017-07-31,2.872,2.872,2.872,2.872,0.0,2.872,0
2017-08-01,2.894,2.894,2.894,2.894,0.0,2.894,0
2017-08-02,2.903,2.903,2.903,2.903,0.0,2.903,0
2017-08-03,2.926,2.926,2.926,2.926,0.0,2.926,0
2017-08-04,2.936,2.936,2.936,2.936,0.0,2.936,0
2017-08-07,2.935,2.935,2.935,2.935,0.0,2.935,0
2017-08-08,2.918,2.918,2.918,2.918,0.0,2.918,0
2017-08-09,2.912,2.912,2.912,2.912,0.0,2.912,0
2017-08-10,2.909,2.909,2.909,2.909,0.0,2.909,0
2017-08-11,2.913,2.913,2.913,2.913,0.0,2.913,0
2017-08-14,2.909,2.909,2.909,2.909,0.0,2.909,0
2017-08-15,2.907,2.907,2.907,2.907,0.0,2.907,0
2017-08-16,2.897,2.897,2.897,2.897,0.0,2.897,0
2017-08-17,2.896,2.896,2.896,2.896,0.0,2.896,0
2017-08-18,2.896,2.896,2.896,2.896,0.0,2.896,0
2017-08-21,2.886,2.886,2.886,2.886,0.0,2.886,0
2017-08-22,2.878,2.878,2.878,2.878,0.0,2.878,0
2017-08-23,2.876,2.876,2.876,2.876,0.0,2.876,0
2017-08-24,2.829,2.829,2.829,2.829,0.0,2.829,0
2017-08-25,2.816,2.816,2.816,2.816,0.0,2.816,0
2017-08-28,2.829,2.829,2.829,2.829,0.0,2.829,0
2017-08-29,2.831,2.831,2.831,2.831,0.0,2.831,0
2017-08-30,2.836,2.836,2.836,2.836,0.0,2.836,0
2017-08-31,2.844,2.844,2.844,2.844,0.0,2.844,0
2017-09-01,2.845,2.845,2.845,2.845,0.0,2.845,0
2017-09-05,2.841,2.841,2.841,2.841,0.0,2.841,0
2017-09-06,2.802,2.802,2.802,2.802,0.0,2.802,0
2017-09-07,2.836,2.836,2.836,2.836,0.0,2.836,0
2017-09-08,2.84,2.84,2.84,2.84,0.0,2.84,0
2017-09-11,2.851,2.851,2.851,2.851,0.0,2.851,0
2017-09-12,2.836,2.836,2.836,2.836,0.0,2.836,0
2017-09-13,2.822,2.822,2.822,2.822,0.0,2.822,0
2017-09-14,2.817,2.817,2.817,2.817,0.0,2.817,0
2017-09-15,2.822,2.822,2.822,2.822,0.0,2.822,0
2017-09-18,2.832,2.832,2.832,2.832,0.0,2.832,0
2017-09-19,2.82,2.82,2.82,2.82,0.0,2.82,0
2017-09-20,2.81,2.81,2.81,2.81,0.0,2.81,0
2017-09-21,2.801,2.801,2.801,2.801,0.0,2.801,0
2017-09-22,2.815,2.815,2.815,2.815,0.0,2.815,0
2017-09-25,2.798,2.798,2.798,2.798,0.0,2.798,0
2017-09-26,2.808,2.808,2.808,2.808,0.0,2.808,0
2017-09-27,2.819,2.819,2.819,2.819,0.0,2.819,0
2017-09-28,2.818,2.818,2.818,2.818,0.0,2.818,0
2017-09-29,2.815,2.815,2.815,2.815,0.0,2.815,0
2017-10-02,2.828,2.828,2.828,2.828,0.0,2.828,0
2017-10-03,2.837,2.837,2.837,2.837,0.0,2.837,0
2017-10-04,2.836,2.836,2.836,2.836,0.0,2.836,0
2017-10-05,2.845,2.845,2.845,2.845,0.0,2.845,0
2017-10-06,2.837,2.837,2.837,2.837,0.0,2.837,0
2017-10-09,2.847,2.847,2.847,2.847,0.0,2.847,0
2017-10-10,2.837,2.837,2.837,2.837,0.0,2.837,0
2017-10-11,2.823,2.823,2.823,2.823,0.0,2.823,0
2017-10-12,2.867,2.867,2.867,2.867,0.0,2.867,0
2017-10-13,2.89,2.89,2.89,2.89,0.0,2.89,0
2017-10-16,2.931,2.931,2.931,2.931,0.0,2.931,0
2017-10-17,2.978,2.978,2.978,2.978,0.0,2.978,0
2017-10-18,2.982,2.982,2.982,2.982,0.0,2.982,0
2017-10-19,3.004,3.004,3.004,3.004,0.0,3.004,0
2017-10-20,3.044,3.044,3.044,3.044,0.0,3.044,0
2017-10-23,3.024,3.024,3.024,3.024,0.0,3.024,0
2017-10-24,3.023,3.023,3.023,3.023,0.0,3.023,0
2017-10-25,3.024,3.024,3.024,3.024,0.0,3.024,0
2017-10-26,3.017,3.017,3.017,3.017,0.0,3.017,0
2017-10-27,2.997,2.997,2.997,2.997,0.0,2.997,0
2017-10-30,3.032,3.032,3.032,3.032,0.0,3.032,0
2017-10-31,3.029,3.029,3.029,3.029,0.0,3.029,0
2017-11-01,3.039,3.039,3.039,3.039,0.0,3.039,0
2017-11-02,3.021,3.021,3.021,3.021,0.0,3.021,0
2017-11-03,3.015,3.015,3.015,3.015,0.0,3.015,0
2017-11-06,3.01,3.01,3.01,3.01,0.0,3.01,0
2017-11-07,3.009,3.009,3.009,3.009,0.0,3.009,0
2017-11-08,3.007,3.007,3.007,3.007,0.0,3.007,0
2017-11-09,3.035,3.035,3.035,3.035,0.0,3.035,0
2017-11-10,3.017,3.017,3.017,3.017,0.0,3.017,0
2017-11-13,2.996,2.996,2.996,2.996,0.0,2.996,0
2017-11-14,2.984,2.984,2.984,2.984,0.0,2.984,0
2017-11-15,2.974,2.974,2.974,2.974,0.0,2.974,0
2017-11-16,2.978,2.978,2.978,2.978,0.0,2.978,0
2017-11-17,2.976,2.976,2.976,2.976,0.0,2.976,0
2017-11-20,2.969,2.969,2.969,2.969,0.0,2.969,0
2017-11-21,2.967,2.967,2.967,2.967,0.0,2.967,0
2017-11-22,2.954,2.954,2.954,2.954,0.0,2.954,0
2017-11-24,2.955,2.955,2.955,2.955,0.0,2.955,0
2017-11-27,2.957,2.957,2.957,2.957,0.0,2.957,0
2017-11-28,2.959,2.959,2.959,2.959,0.0,2.959,0
2017-11-29,2.963,2.963,2.963,2.963,0.0,2.963,0
2017-11-30,2.959,2.959,2.959,2.959,0.0,2.959,0
2017-12-01,2.925,2.925,2.925,2.925,0.0,2.925,0
2017-12-04,2.904,2.904,2.904,2.904,0.0,2.904,0
2017-12-05,2.893,2.893,2.893,2.893,0.0,2.893,0
2017-12-06,2.875,2.875,2.875,2.875,0.0,2.875,0
2017-12-07,2.881,2.881,2.881,2.881,0.0,2.881,0
2017-12-08,2.877,2.877,2.877,2.877,0.0,2.877,0
2017-12-11,2.87,2.87,2.87,2.87,0.0,2.87,0
2017-12-12,2.88,2.88,2.88,2.88,0.0,2.88,0
2017-12-13,2.905,2.905,2.905,2.905,0.0,2.905,0
2017-12-14,2.916,2.916,2.916,2.916,0.0,2.916,0
2017-12-15,2.924,2.924,2.924,2.924,0.0,2.924,0
2017-12-18,2.944,2.944,2.944,2.944,0.0,2.944,0
2017-12-19,2.946,2.946,2.946,2.946,0.0,2.946,0
2017-12-20,2.932,2.932,2.932,2.932,0.0,2.932,0
2017-12-21,2.949,2.949,2.949,2.949,0.0,2.949,0
2017-12-22,2.972,2.972,2.972,2.972,0.0,2.972,0
2017-12-26,2.973,2.973,2.973,2.973,0.0,2.973,0
2017-12-27,2.948,2.948,2.948,2.948,0.0,2.948,0
2017-12-28,2.917,2.917,2.917,2.917,0.0,2.917,0
2017-12-29,2.922,2.922,2.922,2.922,0.0,2.922,0
2018-01-02,2.915,2.915,2.915,2.915,0.0,2.915,0
2018-01-03,2.916,2.916,2.916,2.916,0.0,2.916,0
2018-01-04,2.948,2.948,2.948,2.948,0.0,2.948,0
2018-01-05,2.934,2.934,2.934,2.934,0.0,2.934,0
2018-01-08,2.929,2.929,2.929,2.929,0.0,2.929,0
2018-01-09,2.914,2.914,2.914,2.914,0.0,2.914,0
2018-01-10,2.907,2.907,2.907,2.907,0.0,2.907,0
2018-01-11,2.919,2.919,2.919,2.919,0.0,2.919,0
2018-01-12,2.906,2.906,2.906,2.906,0.0,2.906,0
2018-01-16,2.869,2.869,2.869,2.869,0.0,2.869,0
2018-01-17,2.863,2.863,2.863,2.863,0.0,2.863,0
2018-01-18,2.861,2.861,2.861,2.861,0.0,2.861,0
2018-01-19,2.871,2.871,2.871,2.871,0.0,2.871,0
2018-01-22,2.89,2.89,2.89,2.89,0.0,2.89,0
2018-01-23,2.902,2.902,2.902,2.902,0.0,2.902,0
2018-01-24,2.92,2.92,2.92,2.92,0.0,2.92,0
2018-01-25,2.955,2.955,2.955,2.955,0.0,2.955,0
2018-01-26,2.921,2.921,2.921,2.921,0.0,2.921,0
2018-01-29,2.923,2.923,2.923,2.923,0.0,2.923,0
2018-01-30,2.934,2.934,2.934,2.934,0.0,2.934,0
2018-01-31,2.903,2.903,2.903,2.903,0.0,2.903,0
2018-02-01,2.909,2.909,2.909,2.909,0.0,2.909,0
2018-02-02,2.931,2.931,2.931,2.931,0.0,2.931,0
2018-02-05,2.953,2.953,2.953,2.953,0.0,2.953,0
2018-02-06,2.94,2.94,2.94,2.94,0.0,2.94,0
2018-02-07,2.911,2.911,2.911,2.911,0.0,2.911,0
2018-02-08,2.924,2.924,2.924,2.924,0.0,2.924,0
2018-02-09,2.89,2.89,2.89,2.89,0.0,2.89,0
2018-02-12,2.885,2.885,2.885,2.885,0.0,2.885,0
2018-02-13,2.887,2.887,2.887,2.887,0.0,2.887,0
2018-02-14,2.885,2.885,2.885,2.885,0.0,2.885,0
2018-02-15,2.881,2.881,2.881,2.881,0.0,2.881,0
2018-02-16,2.902,2.902,2.902,2.902,0.0,2.902,0
2018-02-20,2.902,2.902,2.902,2.902,0.0,2.902,0
2018-02-21,2.92,2.92,2.92,2.92,0.0,2.92,0
2018-02-22,2.927,2.927,2.927,2.927,0.0,2.927,0
2018-02-23,2.919,2.919,2.919,2.919,0.0,2.919,0
2018-02-26,2.923,2.923,2.923,2.923,0.0,2.923,0
2018-02-27,2.926,2.926,2.926,2.926,0.0,2.926,0
2018-02-28,2.896,2.896,2.896,2.896,0.0,2.896,0
2018-03-01,2.921,2.921,2.921,2.921,0.0,2.921,0
2018-03-02,2.938,2.938,2.938,2.938,0.0,2.938,0
2018-03-05,2.956,2.956,2.956,2.956,0.0,2.956,0
2018-03-06,2.965,2.965,2.965,2.965,0.0,2.965,0
2018-03-07,2.956,2.956,2.956,2.956,0.0,2.956,0
2018-03-08,2.911,2.911,2.911,2.911,0.0,2.911,0
2018-03-09,2.878,2.878,2.878,2.878,0.0,2.878,0
2018-03-12,2.885,2.885,2.885,2.885,0.0,2.885,0
2018-03-13,2.892,2.892,2.892,2.892,0.0,2.892,0
2018-03-14,2.914,2.914,2.914,2.914,0.0,2.914,0
2018-03-15,2.972,2.972,2.972,2.972,0.0,2.972,0
2018-03-16,2.98,2.98,2.98,2.98,0.0,2.98,0
2018-03-19,2.97,2.97,2.97,2.97,0.0,2.97,0
2018-03-20,2.975,2.975,2.975,2.975,0.0,2.975,0
2018-03-21,2.983,2.983,2.983,2.983,0.0,2.983,0
2018-03-22,2.971,2.971,2.971,2.971,0.0,2.971,0
2018-03-23,2.896,2.896,2.896,2.896,0.0,2.896,0
2018-03-26,2.924,2.924,2.924,2.924,0.0,2.924,0
2018-03-27,2.934,2.934,2.934,2.934,0.0,2.934,0
2018-03-28,2.948,2.948,2.948,2.948,0.0,2.948,0
2018-03-29,2.986,2.986,2.986,2.986,0.0,2.986,0
2018-04-02,2.968,2.968,2.968,2.968,0.0,2.968,0
2018-04-03,2.946,2.946,2.946,2.946,0.0,2.946,0
2018-04-04,2.92,2.92,2.92,2.92,0.0,2.92,0
2018-04-05,2.936,2.936,2.936,2.936,0.0,2.936,0
2018-04-06,2.93,2.93,2.93,2.93,0.0,2.93,0
2018-04-09,2.919,2.919,2.919,2.919,0.0,2.919,0
2018-04-10,2.928,2.928,2.928,2.928,0.0,2.928,0
2018-04-11,2.947,2.947,2.947,2.947,0.0,2.947,0
2018-04-12,2.963,2.963,2.963,2.963,0.0,2.963,0
2018-04-13,2.956,2.956,2.956,2.956,0.0,2.956,0
2018-04-16,2.958,2.958,2.958,2.958,0.0,2.958,0
2018-04-17,2.938,2.938,2.938,2.938,0.0,2.938,0
2018-04-18,2.931,2.931,2.931,2.931,0.0,2.931,0
2018-04-19,2.928,2.928,2.928,2.928,0.0,2.928,0
2018-04-20,2.936,2.936,2.936,2.936,0.0,2.936,0
2018-04-23,2.937,2.937,2.937,2.937,0.0,2.937,0
2018-04-24,2.933,2.933,2.933,2.933,0.0,2.933,0
2018-04-25,2.924,2.924,2.924,2.924,0.0,2.924,0
2018-04-26,2.918,2.918,2.918,2.918,0.0,2.918,0
2018-04-27,2.92,2.92,2.92,2.92,0.0,2.92,0
2018-04-30,2.917,2.917,2.917,2.917,0.0,2.917,0
2018-05-01,2.897,2.897,2.897,2.897,0.0,2.897,0
2018-05-02,2.909,2.909,2.909,2.909,0.0,2.909,0
2018-05-03,2.912,2.912,2.912,2.912,0.0,2.912,0
2018-05-04,2.91,2.91,2.91,2.91,0.0,2.91,0
2018-05-07,2.908,2.908,2.908,2.908,0.0,2.908,0
2018-05-08,2.863,2.863,2.863,2.863,0.0,2.863,0
2018-05-09,2.849,2.849,2.849,2.849,0.0,2.849,0
2018-05-10,2.845,2.845,2.845,2.845,0.0,2.845,0
2018-05-11,2.848,2.848,2.848,2.848,0.0,2.848,0
2018-05-14,2.847,2.847,2.847,2.847,0.0,2.847,0
2018-05-15,2.872,2.872,2.872,2.872,0.0,2.872,0
2018-05-16,2.856,2.856,2.856,2.856,0.0,2.856,0
2018-05-17,2.863,2.863,2.863,2.863,0.0,2.863,0
2018-05-18,2.878,2.878,2.878,2.878,0.0,2.878,0
2018-05-21,2.873,2.873,2.873,2.873,0.0,2.873,0
2018-05-22,2.87,2.87,2.87,2.87,0.0,2.87,0
2018-05-23,2.847,2.847,2.847,2.847,0.0,2.847,0
2018-05-24,2.841,2.841,2.841,2.841,0.0,2.841,0
2018-05-25,2.813,2.813,2.813,2.813,0.0,2.813,0
2018-05-29,2.79,2.79,2.79,2.79,0.0,2.79,0
2018-05-30,2.801,2.801,2.801,2.801,0.0,2.801,0
2018-05-31,2.769,2.769,2.769,2.769,0.0,2.769,0
2018-06-01,2.755,2.755,2.755,2.755,0.0,2.755,0
2018-06-04,2.768,2.768,2.768,2.768,0.0,2.768,0
2018-06-05,2.783,2.783,2.783,2.783,0.0,2.783,0
2018-06-06,2.782,2.782,2.782,2.782,0.0,2.782,0
2018-06-07,2.78,2.78,2.78,2.78,0.0,2.78,0
2018-06-08,2.782,2.782,2.782,2.782,0.0,2.782,0
2018-06-11,2.773,2.773,2.773,2.773,0.0,2.773,0
2018-06-12,2.787,2.787,2.787,2.787,0.0,2.787,0
2018-06-13,2.808,2.808,2.808,2.808,0.0,2.808,0
2018-06-14,2.82,2.82,2.82,2.82,0.0,2.82,0
2018-06-15,2.825,2.825,2.825,2.825,0.0,2.825,0
2018-06-18,2.856,2.856,2.856,2.856,0.0,2.856,0
2018-06-19,2.859,2.859,2.859,2.859,0.0,2.859,0
2018-06-20,2.858,2.858,2.858,2.858,0.0,2.858,0
2018-06-21,2.835,2.835,2.835,2.835,0.0,2.835,0
2018-06-22,2.837,2.837,2.837,2.837,0.0,2.837,0
2018-06-25,2.833,2.833,2.833,2.833,0.0,2.833,0
2018-06-26,2.83,2.83,2.83,2.83,0.0,2.83,0
2018-06-27,2.833,2.833,2.833,2.833,0.0,2.833,0
2018-06-28,2.818,2.818,2.818,2.818,0.0,2.818,0
2018-06-29,2.815,2.815,2.815,2.815,0.0,2.815,0
2018-07-02,2.806,2.806,2.806,2.806,0.0,2.806,0
2018-07-03,2.803,2.803,2.803,2.803,0.0,2.803,0
2018-07-05,2.805,2.805,2.805,2.805,0.0,2.805,0
2018-07-06,2.804,2.804,2.804,2.804,0.0,2.804,0
2018-07-09,2.795,2.795,2.795,2.795,0.0,2.795,0
2018-07-10,2.799,2.799,2.799,2.799,0.0,2.799,0
2018-07-11,2.777,2.777,2.777,2.777,0.0,2.777,0
2018-07-12,2.774,2.774,2.774,2.774,0.0,2.774,0
2018-07-13,2.769,2.769,2.769,2.769,0.0,2.769,0
2018-07-16,2.736,2.736,2.736,2.736,0.0,2.736,0
2018-07-17,2.721,2.721,2.721,2.721,0.0,2.721,0
2018-07-18,2.714,2.714,2.714,2.714,0.0,2.714,0
2018-07-19,2.712,2.712,2.712,2.712,0.0,2.712,0
2018-07-20,2.718,2.718,2.718,2.718,0.0,2.718,0
2018-07-23,2.727,2.727,2.727,2.727,0.0,2.727,0
2018-07-24,2.741,2.741,2.741,2.741,0.0,2.741,0
2018-07-25,2.77,2.77,2.77,2.77,0.0,2.77,0
2018-07-26,2.766,2.766,2.766,2.766,0.0,2.766,0
2018-07-27,2.785,2.785,2.785,2.785,0.0,2.785,0
2018-07-30,2.789,2.789,2.789,2.789,0.0,2.789,0
2018-07-31,2.792,2.792,2.792,2.792,0.0,2.792,0
2018-08-01,2.762,2.762,2.762,2.762,0.0,2.762,0
2018-08-02,2.766,2.766,2.766,2.766,0.0,2.766,0
2018-08-03,2.766,2.766,2.766,2.766,0.0,2.766,0
2018-08-06,2.757,2.757,2.757,2.757,0.0,2.757,0
2018-08-07,2.785,2.785,2.785,2.785,0.0,2.785,0
2018-08-08,2.798,2.798,2.798,2.798,0.0,2.798,0
2018-08-09,2.795,2.795,2.795,2.795,0.0,2.795,0
2018-08-10,2.796,2.796,2.796,2.796,0.0,2.796,0
2018-08-13,2.797,2.797,2.797,2.797,0.0,2.797,0
2018-08-14,2.796,2.796,2.796,2.796,0.0,2.796,0
2018-08-15,2.797,2.797,2.797,2.797,0.0,2.797,0
2018-08-16,2.787,2.787,2.787,2.787,0.0,2.787,0
2018-08-17,2.789,2.789,2.789,2.789,0.0,2.789,0
2018-08-20,2.788,2.788,2.788,2.788,0.0,2.788,0
2018-08-21,2.811,2.811,2.811,2.811,0.0,2.811,0
2018-08-22,2.798,2.798,2.798,2.798,0.0,2.798,0
2018-08-23,2.795,2.795,2.795,2.795,0.0,2.795,0
2018-08-24,2.779,2.779,2.779,2.779,0.0,2.779,0
2018-08-27,2.748,2.748,2.748,2.748,0.0,2.748,0
2018-08-28,2.724,2.724,2.724,2.724,0.0,2.724,0
2018-08-29,2.728,2.728,2.728,2.728,0.0,2.728,0
2018-08-30,2.709,2.709,2.709,2.709,0.0,2.709,0
2018-08-31,2.723,2.723,2.723,2.723,0.0,2.723,0
2018-09-04,2.706,2.706,2.706,2.706,0.0,2.706,0
2018-09-05,2.711,2.711,2.711,2.711,0.0,2.711,0
2018-09-06,2.73,2.73,2.73,2.73,0.0,2.73,0
2018-09-07,2.729,2.729,2.729,2.729,0.0,2.729,0
2018-09-10,2.735,2.735,2.735,2.735,0.0,2.735,0
2018-09-11,2.732,2.732,2.732,2.732,0.0,2.732,0
2018-09-12,2.742,2.742,2.742,2.742,0.0,2.742,0
2018-09-13,2.758,2.758,2.758,2.758,0.0,2.758,0
2018-09-14,2.763,2.763,2.763,2.763,0.0,2.763,0
2018-09-17,2.767,2.767,2.767,2.767,0.0,2.767,0
2018-09-18,2.77,2.77,2.77,2.77,0.0,2.77,0
2018-09-19,2.767,2.767,2.767,2.767,0.0,2.767,0
2018-09-20,2.771,2.771,2.771,2.771,0.0,2.771,0
2018-09-21,2.769,2.769,2.769,2.769,0.0,2.769,0
2018-09-24,2.767,2.767,2.767,2.767,0.0,2.767,0
2018-09-25,2.769,2.769,2.769,2.769,0.0,2.769,0
2018-09-26,2.778,2.778,2.778,2.778,0.0,2.778,0
2018-09-27,2.779,2.779,2.779,2.779,0.0,2.779,0
2018-09-28,2.779,2.779,2.779,2.779,0.0,2.779,0
2018-10-01,2.784,2.784,2.784,2.784,0.0,2.784,0
2018-10-02,2.782,2.782,2.782,2.782,0.0,2.782,0
2018-10-03,2.781,2.781,2.781,2.781,0.0,2.781,0
2018-10-04,2.782,2.782,2.782,2.782,0.0,2.782,0
2018-10-05,2.785,2.785,2.785,2.785,0.0,2.785,0
2018-10-08,2.79,2.79,2.79,2.79,0.0,2.79,0
2018-10-09,2.785,2.785,2.785,2.785,0.0,2.785,0
2018-10-10,2.781,2.781,2.781,2.781,0.0,2.781,0
2018-10-11,2.806,2.806,2.806,2.806,0.0,2.806,0
2018-10-12,2.818,2.818,2.818,2.818,0.0,2.818,0
2018-10-15,2.817,2.817,2.817,2.817,0.0,2.817,0
2018-10-16,2.842,2.842,2.842,2.842,0.0,2.842,0
2018-10-17,2.837,2.837,2.837,2.837,0.0,2.837,0
2018-10-18,2.836,2.836,2.836,2.836,0.0,2.836,0
2018-10-19,2.833,2.833,2.833,2.833,0.0,2.833,0
2018-10-22,2.834,2.834,2.834,2.834,0.0,2.834,0
2018-10-23,2.833,2.833,2.833,2.833,0.0,2.833,0
2018-10-24,2.83,2.83,2.83,2.83,0.0,2.83,0
2018-10-25,2.82,2.82,2.82,2.82,0.0,2.82,0
2018-10-26,2.822,2.822,2.822,2.822,0.0,2.822,0
2018-10-29,2.823,2.823,2.823,2.823,0.0,2.823,0
2018-10-30,2.841,2.841,2.841,2.841,0.0,2.841,0
2018-10-31,2.84,2.84,2.84,2.84,0.0,2.84,0
2018-11-01,2.845,2.845,2.845,2.845,0.0,2.845,0
2018-11-02,2.852,2.852,2.852,2.852,0.0,2.852,0
2018-11-05,2.866,2.866,2.866,2.866,0.0,2.866,0
2018-11-06,2.882,2.882,2.882,2.882,0.0,2.882,0
2018-11-07,2.88,2.88,2.88,2.88,0.0,2.88,0
2018-11-08,2.881,2.881,2.881,2.881,0.0,2.881,0
2018-11-09,2.884,2.884,2.884,2.884,0.0,2.884,0
2018-11-12,2.907,2.907,2.907,2.907,0.0,2.907,0
2018-11-13,2.886,2.886,2.886,2.886,0.0,2.886,0
2018-11-14,2.87,2.87,2.87,2.87,0.0,2.87,0
2018-11-15,2.885,2.885,2.885,2.885,0.0,2.885,0
2018-11-16,2.856,2.856,2.856,2.856,0.0,2.856,0
2018-11-19,2.843,2.843,2.843,2.843,0.0,2.843,0
2018-11-20,2.841,2.841,2.841,2.841,0.0,2.841,0
2018-11-21,2.839,2.839,2.839,2.839,0.0,2.839,0
2018-11-23,2.864,2.864,2.864,2.864,0.0,2.864,0
2018-11-26,2.857,2.857,2.857,2.857,0.0,2.857,0
2018-11-27,2.853,2.853,2.853,2.853,0.0,2.853,0
2018-11-28,2.854,2.854,2.854,2.854,0.0,2.854,0
2018-11-29,2.889,2.889,2.889,2.889,0.0,2.889,0
2018-11-30,2.942,2.942,2.942,2.942,0.0,2.942,0
2018-12-03,2.914,2.914,2.914,2.914,0.0,2.914,0
2018-12-04,2.9,2.9,2.9,2.9,0.0,2.9,0
2018-12-05,2.891,2.891,2.891,2.891,0.0,2.891,0
2018-12-06,2.902,2.902,2.902,2.902,0.0,2.902,0
2018-12-07,2.909,2.909,2.909,2.909,0.0,2.909,0
2018-12-10,2.91,2.91,2.91,2.91,0.0,2.91,0
2018-12-11,2.885,2.885,2.885,2.885,0.0,2.885,0
2018-12-12,2.887,2.887,2.887,2.887,0.0,2.887,0
2018-12-13,2.855,2.855,2.855,2.855,0.0,2.855,0
2018-12-14,2.865,2.865,2.865,2.865,0.0,2.865,0
2018-12-17,2.864,2.864,2.864,2.864,0.0,2.864,0
2018-12-18,2.859,2.859,2.859,2.859,0.0,2.859,0
2018-12-19,2.882,2.882,2.882,2.882,0.0,2.882,0
2018-12-20,2.897,2.897,2.897,2.897,0.0,2.897,0
2018-12-21,2.9,2.9,2.9,2.9,0.0,2.9,0
2018-12-24,2.899,2.899,2.899,2.899,0.0,2.899,0
2018-12-26,2.896,2.896,2.896,2.896,0.0,2.896,0
2018-12-27,2.894,2.894,2.894,2.894,0.0,2.894,0
2018-12-28,2.891,2.891,2.891,2.891,0.0,2.891,0
2018-12-31,2.897,2.897,2.897,2.897,0.0,2.897,0
2019-01-02,2.897,2.897,2.897,2.897,0.0,2.897,0
2019-01-03,2.886,2.886,2.886,2.886,0.0,2.886,0
2019-01-04,2.89,2.89,2.89,2.89,0.0,2.89,0
2019-01-07,2.892,2.892,2.892,2.892,0.0,2.892,0
2019-01-08,2.883,2.883,2.883,2.883,0.0,2.883,0
2019-01-09,2.881,2.881,2.881,2.881,0.0,2.881,0
2019-01-10,2.878,2.878,2.878,2.878,0.0,2.878,0
2019-01-11,2.885,2.885,2.885,2.885,0.0,2.885,0
2019-01-14,2.884,2.884,2.884,2.884,0.0,2.884,0
2019-01-15,2.876,2.876,2.876,2.876,0.0,2.876,0
2019-01-16,2.845,2.845,2.845,2.845,0.0,2.845,0
2019-01-17,2.845,2.845,2.845,2.845,0.0,2.845,0
2019-01-18,2.858,2.858,2.858,2.858,0.0,2.858,0
2019-01-22,2.871,2.871,2.871,2.871,0.0,2.871,0
2019-01-23,2.851,2.851,2.851,2.851,0.0,2.851,0
2019-01-24,2.83,2.83,2.83,2.83,0.0,2.83,0
2019-01-25,2.875,2.875,2.875,2.875,0.0,2.875,0
2019-01-28,2.859,2.859,2.859,2.859,0.0,2.859,0
2019-01-29,2.862,2.862,2.862,2.862,0.0,2.862,0
2019-01-30,2.864,2.864,2.864,2.864,0.0,2.864,0
2019-01-31,2.865,2.865,2.865,2.865,0.0,2.865,0
2019-02-01,2.866,2.866,2.866,2.866,0.0,2.866,0
2019-02-04,2.853,2.853,2.853,2.853,0.0,2.853,0
2019-02-05,2.894,2.894,2.894,2.894,0.0,2.894,0
2019-02-06,2.891,2.891,2.891,2.891,0.0,2.891,0
2019-02-07,2.887,2.887,2.887,2.887,0.0,2.887,0
2019-02-08,2.889,2.889,2.889,2.889,0.0,2.889,0
2019-02-11,2.894,2.894,2.894,2.894,0.0,2.894,0
2019-02-12,2.902,2.902,2.902,2.902,0.0,2.902,0
2019-02-13,2.903,2.903,2.903,2.903,0.0,2.903,0
2019-02-14,2.907,2.907,2.907,2.907,0.0,2.907,0
2019-02-15,2.887,2.887,2.887,2.887,0.0,2.887,0
2019-02-19,2.878,2.878,2.878,2.878,0.0,2.878,0
2019-02-20,2.89,2.89,2.89,2.89,0.0,2.89,0
2019-02-21,2.878,2.878,2.878,2.878,0.0,2.878,0
2019-02-22,2.875,2.875,2.875,2.875,0.0,2.875,0
2019-02-25,2.867,2.867,2.867,2.867,0.0,2.867,0
2019-02-26,2.849,2.849,2.849,2.849,0.0,2.849,0
2019-02-27,2.885,2.885,2.885,2.885,0.0,2.885,0
2019-02-28,2.896,2.896,2.896,2.896,0.0,2.896,0
2019-03-01,2.895,2.895,2.895,2.895,0.0,2.895,0
2019-03-04,2.891,2.891,2.891,2.891,0.0,2.891,0
2019-03-05,2.889,2.889,2.889,2.889,0.0,2.889,0
2019-03-06,2.892,2.892,2.892,2.892,0.0,2.892,0
2019-03-07,2.897,2.897,2.897,2.897,0.0,2.897,0
2019-03-08,2.897,2.897,2.897,2.897,0.0,2.897,0
2019-03-11,2.924,2.924,2.924,2.924,0.0,2.924,0
2019-03-12,2.939,2.939,2.939,2.939,0.0,2.939,0
2019-03-13,2.948,2.948,2.948,2.948,0.0,2.948,0
2019-03-14,2.956,2.956,2.956,2.956,0.0,2.956,0
2019-03-15,2.957,2.957,2.957,2.957,0.0,2.957,0
2019-03-18,2.957,2.957,2.957,2.957,0.0,2.957,0
2019-03-19,2.958,2.958,2.958,2.958,0.0,2.958,0
2019-03-20,2.956,2.956,2.956,2.956,0.0,2.956,0
2019-03-21,2.966,2.966,2.966,2.966,0.0,2.966,0
2019-03-22,2.956,2.956,2.956,2.956,0.0,2.956,0
2019-03-25,2.955,2.955,2.955,2.955,0.0,2.955,0
2019-03-26,2.957,2.957,2.957,2.957,0.0,2.957,0
2019-03-27,2.948,2.948,2.948,2.948,0.0,2.948,0
2019-03-28,2.951,2.951,2.951,2.951,0.0,2.951,0
2019-03-29,2.95,2.95,2.95,2.95,0.0,2.95,0
2019-04-01,2.949,2.949,2.949,2.949,0.0,2.949,0
2019-04-02,2.956,2.956,2.956,2.956,0.0,2.956,0
2019-04-03,2.949,2.949,2.949,2.949,0.0,2.949,0
2019-04-04,2.977,2.977,2.977,2.977,0.0,2.977,0
2019-04-05,2.96,2.96,2.96,2.96,0.0,2.96,0
2019-04-08,2.963,2.963,2.963,2.963,0.0,2.963,0
2019-04-09,2.97,2.97,2.97,2.97,0.0,2.97,0
2019-04-10,2.948,2.948,2.948,2.948,0.0,2.948,0
2019-04-11,2.946,2.946,2.946,2.946,0.0,2.946,0
2019-04-12,2.946,2.946,2.946,2.946,0.0,2.946,0
2019-04-15,2.946,2.946,2.946,2.946,0.0,2.946,0
2019-04-16,2.947,2.947,2.947,2.947,0.0,2.947,0
2019-04-17,2.937,2.937,2.937,2.937,0.0,2.937,0
2019-04-18,2.922,2.922,2.922,2.922,0.0,2.922,0
2019-04-22,2.91,2.91,2.91,2.91,0.0,2.91,0
2019-04-23,2.905,2.905,2.905,2.905,0.0,2.905,0
2019-04-24,2.915,2.915,2.915,2.915,0.0,2.915,0
2019-04-25,2.925,2.925,2.925,2.925,0.0,2.925,0
2019-04-26,2.922,2.922,2.922,2.922,0.0,2.922,0
2019-04-29,2.929,2.929,2.929,2.929,0.0,2.929,0
2019-04-30,2.934,2.934,2.934,2.934,0.0,2.934,0
2019-05-01,2.936,2.936,2.936,2.936,0.0,2.936,0
2019-05-02,2.933,2.933,2.933,2.933,0.0,2.933,0
2019-05-03,2.944,2.944,2.944,2.944,0.0,2.944,0
2019-05-06,2.947,2.947,2.947,2.947,0.0,2.947,0
2019-05-07,2.947,2.947,2.947,2.947,0.0,2.947,0
2019-05-08,2.941,2.941,2.941,2.941,0.0,2.941,0
2019-05-09,2.948,2.948,2.948,2.948,0.0,2.948,0
2019-05-10,2.939,2.939,2.939,2.939,0.0,2.939,0
2019-05-13,2.942,2.942,2.942,2.942,0.0,2.942,0
2019-05-14,2.953,2.953,2.953,2.953,0.0,2.953,0
2019-05-15,2.95,2.95,2.95,2.95,0.0,2.95,0
2019-05-16,2.946,2.946,2.946,2.946,0.0,2.946,0
2019-05-17,2.95,2.95,2.95,2.95,0.0,2.95,0
2019-05-20,2.955,2.955,2.955,2.955,0.0,2.955,0
2019-05-21,2.958,2.958,2.958,2.958,0.0,2.958,0
2019-05-22,2.908,2.908,2.908,2.908,0.0,2.908,0
2019-05-23,2.92,2.92,2.92,2.92,0.0,2.92,0
2019-05-24,2.93,2.93,2.93,2.93,0.0,2.93,0
2019-05-28,2.938,2.938,2.938,2.938,0.0,2.938,0
2019-05-29,2.919,2.919,2.919,2.919,0.0,2.919,0
2019-05-30,2.917,2.917,2.917,2.917,0.0,2.917,0
2019-05-31,2.915,2.915,2.915,2.915,0.0,2.915,0
2019-06-03,2.903,2.903,2.903,2.903,0.0,2.903,0
2019-06-04,2.908,2.908,2.908,2.908,0.0,2.908,0
2019-06-05,2.896,2.896,2.896,2.896,0.0,2.896,0
2019-06-06,2.912,2.912,2.912,2.912,0.0,2.912,0
2019-06-07,2.913,2.913,2.913,2.913,0.0,2.913,0
2019-06-10,2.902,2.902,2.902,2.902,0.0,2.902,0
2019-06-11,2.902,2.902,2.902,2.902,0.0,2.902,0
2019-06-12,2.899,2.899,2.899,2.899,0.0,2.899,0
2019-06-13,2.9,2.9,2.9,2.9,0.0,2.9,0
2019-06-14,2.905,2.905,2.905,2.905,0.0,2.905,0
2019-06-17,2.908,2.908,2.908,2.908,0.0,2.908,0
2019-06-18,2.891,2.891,2.891,2.891,0.0,2.891,0
2019-06-19,2.892,2.892,2.892,2.892,0.0,2.892,0
2019-06-20,2.896,2.896,2.896,2.896,0.0,2.896,0
2019-06-21,2.911,2.911,2.911,2.911,0.0,2.911,0
2019-06-24,2.911,2.911,2.911,2.911,0.0,2.911,0
2019-06-25,2.91,2.91,2.91,2.91,0.0,2.91,0
2019-06-26,2.902,2.902,2.902,2.902,0.0,2.902,0
2019-06-27,2.898,2.898,2.898,2.898,0.0,2.898,0
2019-06-28,2.87,2.87,2.87,2.87,0.0,2.87,0
2019-07-01,2.863,2.863,2.863,2.863,0.0,2.863,0
2019-07-02,2.859,2.859,2.859,2.859,0.0,2.859,0
2019-07-03,2.858,2.858,2.858,2.858,0.0,2.858,0
2019-07-05,2.884,2.884,2.884,2.884,0.0,2.884,0
2019-07-08,2.88,2.88,2.88,2.88,0.0,2.88,0
2019-07-09,2.908,2.908,2.908,2.908,0.0,2.908,0
2019-07-10,2.9,2.9,2.9,2.9,0.0,2.9,0
2019-07-11,2.908,2.908,2.908,2.908,0.0,2.908,0
2019-07-12,2.916,2.916,2.916,2.916,0.0,2.916,0
2019-07-15,2.921,2.921,2.921,2.921,0.0,2.921,0
2019-07-16,2.897,2.897,2.897,2.897,0.0,2.897,0
2019-07-17,2.894,2.894,2.894,2.894,0.0,2.894,0
2019-07-18,2.913,2.913,2.913,2.913,0.0,2.913,0
2019-07-19,2.906,2.906,2.906,2.906,0.0,2.906,0
2019-07-22,2.864,2.864,2.864,2.864,0.0,2.864,0
2019-07-23,2.871,2.871,2.871,2.871,0.0,2.871,0
2019-07-24,2.864,2.864,2.864,2.864,0.0,2.864,0
2019-07-25,2.865,2.865,2.865,2.865,0.0,2.865,0
2019-07-26,2.859,2.859,2.859,2.859,0.0,2.859,0
2019-07-29,2.848,2.848,2.848,2.848,0.0,2.848,0
2019-07-30,2.851,2.851,2.851,2.851,0.0,2.851,0
2019-07-31,2.857,2.857,2.857,2.857,0.0,2.857,0
2019-08-01,2.86,2.86,2.86,2.86,0.0,2.86,0
2019-08-02,2.847,2.847,2.847,2.847,0.0,2.847,0
2019-08-05,2.845,2.845,2.845,2.845,0.0,2.845,0
2019-08-06,2.846,2.846,2.846,2.846,0.0,2.846,0
2019-08-07,2.851,2.851,2.851,2.851,0.0,2.851,0
2019-08-08,2.83,2.83,2.83,2.83,0.0,2.83,0
2019-08-09,2.806,2.806,2.806,2.806,0.0,2.806,0
2019-08-12,2.795,2.795,2.795,2.795,0.0,2.795,0
2019-08-13,2.776,2.776,2.776,2.776,0.0,2.776,0
2019-08-14,2.739,2.739,2.739,2.739,0.0,2.739,0
2019-08-15,2.739,2.739,2.739,2.739,0.0,2.739,0
2019-08-16,2.718,2.718,2.718,2.718,0.0,2.718,0
2019-08-19,2.72,2.72,2.72,2.72,0.0,2.72,0
2019-08-20,2.72,2.72,2.72,2.72,0.0,2.72,0
2019-08-21,2.721,2.721,2.721,2.721,0.0,2.721,0
2019-08-22,2.71,2.71,2.71,2.71,0.0,2.71,0
2019-08-23,2.74,2.74,2.74,2.74,0.0,2.74,0
2019-08-26,2.747,2.747,2.747,2.747,0.0,2.747,0
2019-08-27,2.762,2.762,2.762,2.762,0.0,2.762,0
2019-08-28,2.781,2.781,2.781,2.781,0.0,2.781,0
2019-08-29,2.783,2.783,2.783,2.783,0.0,2.783,0
2019-08-30,2.743,2.743,2.743,2.743,0.0,2.743,0
2019-09-03,2.748,2.748,2.748,2.748,0.0,2.748,0
2019-09-04,2.719,2.719,2.719,2.719,0.0,2.719,0
2019-09-05,2.726,2.726,2.726,2.726,0.0,2.726,0
2019-09-06,2.713,2.713,2.713,2.713,0.0,2.713,0
2019-09-09,2.677,2.677,2.677,2.677,0.0,2.677,0
2019-09-10,2.681,2.681,2.681,2.681,0.0,2.681,0
2019-09-11,2.676,2.676,2.676,2.676,0.0,2.676,0
2019-09-12,2.681,2.681,2.681,2.681,0.0,2.681,0
2019-09-13,2.646,2.646,2.646,2.646,0.0,2.646,0
2019-09-16,2.676,2.676,2.676,2.676,0.0,2.676,0
2019-09-17,2.64,2.64,2.64,2.64,0.0,2.64,0
2019-09-18,2.653,2.653,2.653,2.653,0.0,2.653,0
2019-09-19,2.647,2.647,2.647,2.647,0.0,2.647,0
2019-09-20,2.658,2.658,2.658,2.658,0.0,2.658,0
2019-09-23,2.655,2.655,2.655,2.655,0.0,2.655,0
2019-09-24,2.634,2.634,2.634,2.634,0.0,2.634,0
2019-09-25,2.633,2.633,2.633,2.633,0.0,2.633,0
2019-09-26,2.634,2.634,2.634,2.634,0.0,2.634,0
2019-09-27,2.623,2.623,2.623,2.623,0.0,2.623,0
2019-09-30,2.685,2.685,2.685,2.685,0.0,2.685,0
2019-10-01,2.634,2.634,2.634,2.634,0.0,2.634,0
2019-10-02,2.652,2.652,2.652,2.652,0.0,2.652,0
2019-10-03,2.637,2.637,2.637,2.637,0.0,2.637,0
2019-10-04,2.627,2.627,2.627,2.627,0.0,2.627,0
2019-10-07,2.631,2.631,2.631,2.631,0.0,2.631,0
2019-10-08,2.607,2.607,2.607,2.607,0.0,2.607,0
2019-10-09,2.618,2.618,2.618,2.618,0.0,2.618,0
2019-10-10,2.619,2.619,2.619,2.619,0.0,2.619,0
2019-10-11,2.63,2.63,2.63,2.63,0.0,2.63,0
2019-10-14,2.645,2.645,2.645,2.645,0.0,2.645,0
2019-10-15,2.661,2.661,2.661,2.661,0.0,2.661,0
2019-10-16,2.663,2.663,2.663,2.663,0.0,2.663,0
2019-10-17,2.66,2.66,2.66,2.66,0.0,2.66,0
2019-10-18,2.655,2.655,2.655,2.655,0.0,2.655,0
2019-10-21,2.65,2.65,2.65,2.65,0.0,2.65,0
2019-10-22,2.654,2.654,2.654,2.654,0.0,2.654,0
2019-10-23,2.648,2.648,2.648,2.648,0.0,2.648,0
2019-10-24,2.652,2.652,2.652,2.652,0.0,2.652,0
2019-10-25,2.65,2.65,2.65,2.65,0.0,2.65,0
2019-10-28,2.659,2.659,2.659,2.659,0.0,2.659,0
2019-10-29,2.675,2.675,2.675,2.675,0.0,2.675,0
2019-10-30,2.682,2.682,2.682,2.682,0.0,2.682,0
2019-10-31,2.68,2.68,2.68,2.68,0.0,2.68,0
2019-11-01,2.689,2.689,2.689,2.689,0.0,2.689,0
2019-11-04,2.63,2.63,2.63,2.63,0.0,2.63,0
2019-11-05,2.609,2.609,2.609,2.609,0.0,2.609,0
2019-11-06,2.62,2.62,2.62,2.62,0.0,2.62,0
2019-11-07,2.587,2.587,2.587,2.587,0.0,2.587,0
2019-11-08,2.594,2.594,2.594,2.594,0.0,2.594,0
2019-11-11,2.585,2.585,2.585,2.585,0.0,2.585,0
2019-11-12,2.545,2.545,2.545,2.545,0.0,2.545,0
2019-11-13,2.536,2.536,2.536,2.536,0.0,2.536,0
2019-11-14,2.538,2.538,2.538,2.538,0.0,2.538,0
2019-11-15,2.536,2.536,2.536,2.536,0.0,2.536,0
2019-11-18,2.54,2.54,2.54,2.54,0.0,2.54,0
2019-11-19,2.547,2.547,2.547,2.547,0.0,2.547,0
2019-11-20,2.556,2.556,2.556,2.556,0.0,2.556,0
2019-11-21,2.563,2.563,2.563,2.563,0.0,2.563,0
2019-11-22,2.563,2.563,2.563,2.563,0.0,2.563,0
2019-11-25,2.555,2.555,2.555,2.555,0.0,2.555,0
2019-11-26,2.549,2.549,2.549,2.549,0.0,2.549,0
2019-11-27,2.553,2.553,2.553,2.553,0.0,2.553,0
2019-11-29,2.511,2.511,2.511,2.511,0.0,2.511,0
2019-12-02,2.537,2.537,2.537,2.537,0.0,2.537,0
2019-12-03,2.546,2.546,2.546,2.546,0.0,2.546,0
2019-12-04,2.545,2.545,2.545,2.545,0.0,2.545,0
2019-12-05,2.537,2.537,2.537,2.537,0.0,2.537,0
2019-12-06,2.51,2.51,2.51,2.51,0.0,2.51,0
2019-12-09,2.489,2.489,2.489,2.489,0.0,2.489,0
2019-12-10,2.498,2.498,2.498,2.498,0.0,2.498,0
2019-12-11,2.495,2.495,2.495,2.495,0.0,2.495,0
2019-12-12,2.5,2.5,2.5,2.5,0.0,2.5,0
2019-12-13,2.483,2.483,2.483,2.483,0.0,2.483,0
2019-12-16,2.492,2.492,2.492,2.492,0.0,2.492,0
2019-12-17,2.494,2.494,2.494,2.494,0.0,2.494,0
2019-12-18,2.465,2.465,2.465,2.465,0.0,2.465,0
2019-12-19,2.439,2.439,2.439,2.439,0.0,2.439,0
2019-12-20,2.43,2.43,2.43,2.43,0.0,2.43,0
2019-12-23,2.437,2.437,2.437,2.437,0.0,2.437,0
2019-12-24,2.435,2.435,2.435,2.435,0.0,2.435,0
2019-12-26,2.423,2.423,2.423,2.423,0.0,2.423,0
2019-12-27,2.421,2.421,2.421,2.421,0.0,2.421,0
2019-12-30,2.418,2.418,2.418,2.418,0.0,2.418,0
2019-12-31,2.427,2.427,2.427,2.427,0.0,2.427,0
2020-01-02,2.422,2.422,2.422,2.422,0.0,2.422,0
2020-01-03,2.422,2.422,2.422,2.422,0.0,2.422,0
2020-01-06,2.426,2.426,2.426,2.426,0.0,2.426,0
2020-01-07,2.433,2.433,2.433,2.433,0.0,2.433,0
2020-01-08,2.436,2.436,2.436,2.436,0.0,2.436,0
2020-01-09,2.447,2.447,2.447,2.447,0.0,2.447,0
2020-01-10,2.449,2.449,2.449,2.449,0.0,2.449,0
2020-01-13,2.449,2.449,2.449,2.449,0.0,2.449,0
2020-01-14,2.448,2.448,2.448,2.448,0.0,2.448,0
2020-01-15,2.447,2.447,2.447,2.447,0.0,2.447,0
2020-01-16,2.454,2.454,2.454,2.454,0.0,2.454,0
2020-01-17,2.464,2.464,2.464,2.464,0.0,2.464,0
2020-01-21,2.454,2.454,2.454,2.454,0.0,2.454,0
2020-01-22,2.435,2.435,2.435,2.435,0.0,2.435,0
2020-01-23,2.427,2.427,2.427,2.427,0.0,2.427,0
2020-01-24,2.435,2.435,2.435,2.435,0.0,2.435,0
2020-01-27,2.394,2.394,2.394,2.394,0.0,2.394,0
2020-01-28,2.404,2.404,2.404,2.404,0.0,2.404,0
2020-01-29,2.394,2.394,2.394,2.394,0.0,2.394,0
2020-01-30,2.389,2.389,2.389,2.389,0.0,2.389,0
2020-01-31,2.39,2.39,2.39,2.39,0.0,2.39,0
2020-02-03,2.385,2.385,2.385,2.385,0.0,2.385,0
2020-02-04,2.381,2.381,2.381,2.381,0.0,2.381,0
2020-02-05,2.358,2.358,2.358,2.358,0.0,2.358,0
2020-02-06,2.362,2.362,2.362,2.362,0.0,2.362,0
2020-02-07,2.38,2.38,2.38,2.38,0.0,2.38,0
2020-02-10,2.372,2.372,2.372,2.372,0.0,2.372,0
2020-02-11,2.357,2.357,2.357,2.357,0.0,2.357,0
2020-02-12,2.364,2.364,2.364,2.364,0.0,2.364,0
2020-02-13,2.354,2.354,2.354,2.354,0.0,2.354,0
2020-02-14,2.365,2.365,2.365,2.365,0.0,2.365,0
2020-02-18,2.338,2.338,2.338,2.338,0.0,2.338,0
2020-02-19,2.359,2.359,2.359,2.359,0.0,2.359,0
2020-02-20,2.354,2.354,2.354,2.354,0.0,2.354,0
2020-02-21,2.384,2.384,2.384,2.384,0.0,2.384,0
2020-02-24,2.39,2.39,2.39,2.39,0.0,2.39,0
2020-02-25,2.393,2.393,2.393,2.393,0.0,2.393,0
2020-02-26,2.416,2.416,2.416,2.416,0.0,2.416,0
2020-02-27,2.406,2.406,2.406,2.406,0.0,2.406,0
2020-02-28,2.44,2.44,2.44,2.44,0.0,2.44,0
2020-03-02,2.48,2.48,2.48,2.48,0.0,2.48,0
2020-03-03,2.476,2.476,2.476,2.476,0.0,2.476,0
2020-03-04,2.465,2.465,2.465,2.465,0.0,2.465,0
2020-03-05,2.44,2.44,2.44,2.44,0.0,2.44,0
2020-03-06,2.453,2.453,2.453,2.453,0.0,2.453,0
2020-03-09,2.49,2.49,2.49,2.49,0.0,2.49,0
2020-03-10,2.49,2.49,2.49,2.49,0.0,2.49,0
2020-03-11,2.452,2.452,2.452,2.452,0.0,2.452,0
2020-03-12,2.402,2.402,2.402,2.402,0.0,2.402,0
2020-03-13,2.397,2.397,2.397,2.397,0.0,2.397,0
2020-03-16,2.386,2.386,2.386,2.386,0.0,2.386,0
2020-03-17,2.415,2.415,2.415,2.415,0.0,2.415,0
2020-03-18,2.421,2.421,2.421,2.421,0.0,2.421,0
2020-03-19,2.434,2.434,2.434,2.434,0.0,2.434,0
2020-03-20,2.428,2.428,2.428,2.428,0.0,2.428,0
2020-03-23,2.423,2.423,2.423,2.423,0.0,2.423,0
2020-03-24,2.39,2.39,2.39,2.39,0.0,2.39,0
2020-03-25,2.385,2.385,2.385,2.385,0.0,2.385,0
2020-03-26,2.351,2.351,2.351,2.351,0.0,2.351,0
2020-03-27,2.373,2.373,2.373,2.373,0.0,2.373,0
2020-03-30,2.381,2.381,2.381,2.381,0.0,2.381,0
2020-03-31,2.369,2.369,2.369,2.369,0.0,2.369,0
2020-04-01,2.339,2.339,2.339,2.339,0.0,2.339,0
2020-04-02,2.325,2.325,2.325,2.325,0.0,2.325,0
2020-04-03,2.309,2.309,2.309,2.309,0.0,2.309,0
2020-04-06,2.325,2.325,2.325,2.325,0.0,2.325,0
2020-04-07,2.319,2.319,2.319,2.319,0.0,2.319,0
2020-04-08,2.336,2.336,2.336,2.336,0.0,2.336,0
2020-04-09,2.353,2.353,2.353,2.353,0.0,2.353,0
2020-04-13,2.381,2.381,2.381,2.381,0.0,2.381,0
2020-04-14,2.363,2.363,2.363,2.363,0.0,2.363,0
2020-04-15,2.332,2.332,2.332,2.332,0.0,2.332,0
2020-04-16,2.337,2.337,2.337,2.337,0.0,2.337,0
2020-04-17,2.338,2.338,2.338,2.338,0.0,2.338,0
2020-04-20,2.356,2.356,2.356,2.356,0.0,2.356,0
2020-04-21,2.339,2.339,2.339,2.339,0.0,2.339,0
2020-04-22,2.367,2.367,2.367,2.367,0.0,2.367,0
2020-04-23,2.321,2.321,2.321,2.321,0.0,2.321,0
2020-04-24,2.319,2.319,2.319,2.319,0.0,2.319,0
2020-04-27,2.345,2.345,2.345,2.345,0.0,2.345,0
2020-04-28,2.337,2.337,2.337,2.337,0.0,2.337,0
2020-04-29,2.332,2.332,2.332,2.332,0.0,2.332,0
2020-04-30,2.307,2.307,2.307,2.307,0.0,2.307,0
2020-05-01,2.29,2.29,2.29,2.29,0.0,2.29,0
2020-05-04,2.267,2.267,2.267,2.267,0.0,2.267,0
2020-05-05,2.254,2.254,2.254,2.254,0.0,2.254,0
2020-05-06,2.293,2.293,2.293,2.293,0.0,2.293,0
2020-05-07,2.275,2.275,2.275,2.275,0.0,2.275,0
2020-05-08,2.284,2.284,2.284,2.284,0.0,2.284,0
2020-05-11,2.267,2.267,2.267,2.267,0.0,2.267,0
2020-05-12,2.271,2.271,2.271,2.271,0.0,2.271,0
2020-05-13,2.269,2.269,2.246,2.246,39.0,2.269,1
2020-05-14,2.22,2.22,2.22,2.22,0.0,2.22,0
2020-05-15,2.261,2.261,2.261,2.261,0.0,2.261,0
2020-05-18,2.279,2.279,2.279,2.279,0.0,2.279,0
2020-05-19,2.276,2.276,2.276,2.276,0.0,2.276,0
2020-05-20,2.233,2.233,2.233,2.233,0.0,2.233,0
2020-05-21,2.224,2.224,2.224,2.224,0.0,2.224,0
2020-05-22,2.267,2.267,2.267,2.267,0.0,2.267,0
2020-05-26,2.267,2.267,2.267,2.267,0.0,2.267,0
2020-05-27,2.304,2.304,2.304,2.304,0.0,2.304,0
2020-05-28,2.296,2.296,2.296,2.296,0.0,2.296,0
2020-05-29,2.29,2.29,2.29,2.29,0.0,2.29,0
2020-06-01,2.267,2.267,2.267,2.267,0.0,2.267,0
2020-06-02,2.272,2.272,2.272,2.272,0.0,2.272,0
2020-06-03,2.259,2.259,2.259,2.259,0.0,2.259,0
2020-06-04,2.268,2.268,2.268,2.268,0.0,2.268,0
2020-06-05,2.262,2.262,2.262,2.262,0.0,2.262,0
2020-06-08,2.276,2.276,2.276,2.276,0.0,2.276,0
2020-06-09,2.284,2.284,2.284,2.284,0.0,2.284,0
2020-06-10,2.27,2.27,2.27,2.27,0.0,2.27,0
2020-06-11,2.265,2.265,2.265,2.265,0.0,2.265,0
2020-06-12,2.254,2.254,2.254,2.254,0.0,2.254,0
2020-06-15,2.281,2.281,2.281,2.281,0.0,2.281,0
2020-06-16,2.275,2.275,2.275,2.275,0.0,2.275,0
2020-06-17,2.27,2.27,2.27,2.27,0.0,2.27,0
2020-06-18,2.281,2.281,2.281,2.281,0.0,2.281,0
2020-06-19,2.264,2.264,2.264,2.264,0.0,2.264,0
2020-06-22,2.252,2.252,2.252,2.252,0.0,2.252,0
2020-06-23,2.251,2.251,2.251,2.251,0.0,2.251,0
2020-06-24,2.258,2.258,2.258,2.258,0.0,2.258,0
2020-06-25,2.276,2.276,2.276,2.276,0.0,2.276,0
2020-06-26,2.298,2.298,2.298,2.298,0.0,2.298,0
2020-06-29,2.296,2.296,2.296,2.296,0.0,2.296,0
2020-06-30,2.296,2.296,2.296,2.296,0.0,2.296,0
2020-07-01,2.309,2.309,2.309,2.309,0.0,2.309,0
2020-07-02,2.341,2.341,2.341,2.341,0.0,2.341,0
2020-07-06,2.32,2.32,2.32,2.32,0.0,2.32,0
2020-07-07,2.313,2.313,2.313,2.313,0.0,2.313,0
2020-07-08,2.341,2.341,2.341,2.341,0.0,2.341,0
2020-07-09,2.326,2.326,2.326,2.326,0.0,2.326,0
2020-07-10,2.312,2.312,2.312,2.312,0.0,2.312,0
2020-07-13,2.308,2.308,2.308,2.308,0.0,2.308,0
2020-07-14,2.307,2.307,2.307,2.307,0.0,2.307,0
2020-07-15,2.317,2.317,2.317,2.317,0.0,2.317,0
2020-07-16,2.31,2.31,2.31,2.31,0.0,2.31,0
2020-07-17,2.307,2.307,2.307,2.307,0.0,2.307,0
2020-07-20,2.298,2.298,2.298,2.298,0.0,2.298,0
2020-07-21,2.312,2.312,2.312,2.312,0.0,2.312,0
2020-07-22,2.321,2.321,2.321,2.321,0.0,2.321,0
2020-07-23,2.405,2.405,2.405,2.405,0.0,2.405,0
2020-07-24,2.444,2.444,2.444,2.444,0.0,2.444,0
2020-07-27,2.502,2.502,2.502,2.502,0.0,2.502,0
2020-07-28,2.499,2.499,2.499,2.499,0.0,2.499,0
2020-07-29,2.504,2.504,2.504,2.504,0.0,2.504,0
2020-07-30,2.512,2.512,2.512,2.512,0.0,2.512,0
2020-07-31,2.53,2.53,2.53,2.53,0.0,2.53,0
2020-08-03,2.528,2.528,2.528,2.528,0.0,2.528,0
2020-08-04,2.522,2.522,2.522,2.522,0.0,2.522,0
2020-08-05,2.545,2.545,2.545,2.545,0.0,2.545,0
2020-08-06,2.57,2.57,2.57,2.57,0.0,2.57,0
2020-08-07,2.602,2.602,2.602,2.602,0.0,2.602,0
2020-08-10,2.57,2.57,2.57,2.57,0.0,2.57,0
2020-08-11,2.485,2.485,2.485,2.485,0.0,2.485,0
2020-08-12,2.462,2.462,2.462,2.462,0.0,2.462,0
2020-08-13,2.482,2.482,2.482,2.482,0.0,2.482,0
2020-08-14,2.473,2.473,2.473,2.473,0.0,2.473,0
2020-08-17,2.473,2.473,2.473,2.473,0.0,2.473,0
2020-08-18,2.468,2.468,2.468,2.468,0.0,2.468,0
2020-08-19,2.463,2.463,2.463,2.463,0.0,2.463,0
2020-08-20,2.461,2.461,2.461,2.461,0.0,2.461,0
2020-08-21,2.456,2.456,2.456,2.456,0.0,2.456,0
2020-08-24,2.451,2.451,2.451,2.451,0.0,2.451,0
2020-08-25,2.444,2.444,2.444,2.444,0.0,2.444,0
2020-08-26,2.472,2.472,2.472,2.472,0.0,2.472,0
2020-08-27,2.481,2.481,2.481,2.481,0.0,2.481,0
2020-08-28,2.469,2.469,2.469,2.469,0.0,2.469,0
2020-08-31,2.443,2.443,2.443,2.443,0.0,2.443,0
2020-09-01,2.441,2.441,2.441,2.441,0.0,2.441,0
2020-09-02,2.435,2.435,2.435,2.435,0.0,2.435,0
2020-09-03,2.432,2.432,2.432,2.432,0.0,2.432,0
2020-09-04,2.377,2.377,2.377,2.377,0.0,2.377,0
2020-09-08,2.378,2.378,2.378,2.378,0.0,2.378,0
2020-09-09,2.364,2.364,2.364,2.364,0.0,2.364,0
2020-09-10,2.346,2.346,2.346,2.346,0.0,2.346,0
2020-09-11,2.323,2.323,2.323,2.323,0.0,2.323,0
2020-09-14,2.311,2.311,2.311,2.311,0.0,2.311,0
2020-09-15,2.318,2.318,2.318,2.318,0.0,2.318,0
2020-09-16,2.316,2.316,2.316,2.316,0.0,2.316,0
2020-09-17,2.304,2.304,2.304,2.304,0.0,2.304,0
2020-09-18,2.325,2.325,2.325,2.325,0.0,2.325,0
2020-09-21,2.296,2.296,2.296,2.296,0.0,2.296,0
2020-09-22,2.335,2.335,2.335,2.335,0.0,2.335,0
2020-09-23,2.375,2.375,2.375,2.375,0.0,2.375,0
2020-09-24,2.385,2.385,2.385,2.385,0.0,2.385,0
2020-09-25,2.397,2.397,2.397,2.397,0.0,2.397,0
2020-09-28,2.405,2.405,2.405,2.405,0.0,2.405,0
2020-09-29,2.376,2.376,2.376,2.376,0.0,2.376,0
2020-09-30,2.357,2.357,2.357,2.357,0.0,2.357,0
2020-10-01,2.337,2.337,2.337,2.337,0.0,2.337,0
2020-10-02,2.331,2.331,2.331,2.331,0.0,2.331,0
2020-10-05,2.309,2.309,2.309,2.309,0.0,2.309,0
2020-10-06,2.316,2.316,2.316,2.316,0.0,2.316,0
2020-10-07,2.339,2.339,2.339,2.339,0.0,2.339,0
2020-10-08,2.314,2.314,2.314,2.314,0.0,2.314,0
2020-10-09,2.344,2.344,2.344,2.344,0.0,2.344,0
2020-10-12,2.33,2.33,2.33,2.33,0.0,2.33,0
2020-10-13,2.31,2.31,2.31,2.31,0.0,2.31,0
2020-10-14,2.337,2.337,2.337,2.337,0.0,2.337,0
2020-10-15,2.323,2.323,2.323,2.323,0.0,2.323,0
2020-10-16,2.326,2.326,2.326,2.326,0.0,2.326,0
2020-10-19,2.369,2.369,2.369,2.369,0.0,2.369,0
2020-10-20,2.31,2.31,2.31,2.31,0.0,2.31,0
2020-10-21,2.331,2.331,2.331,2.331,0.0,2.331,0
2020-10-22,2.333,2.333,2.333,2.333,0.0,2.333,0
2020-10-23,2.296,2.296,2.296,2.296,0.0,2.296,0
2020-10-26,2.234,2.234,2.234,2.234,0.0,2.234,0
2020-10-27,2.288,2.288,2.288,2.288,0.0,2.288,0
2020-10-28,2.325,2.325,2.325,2.325,0.0,2.325,0
2020-10-29,2.337,2.337,2.337,2.337,0.0,2.337,0
2020-10-30,2.354,2.354,2.354,2.354,0.0,2.354,0
2020-11-02,2.342,2.342,2.342,2.342,0.0,2.342,0
2020-11-03,2.382,2.382,2.382,2.382,0.0,2.382,0
2020-11-04,2.379,2.379,2.379,2.379,0.0,2.379,0
2020-11-05,2.374,2.374,2.374,2.374,0.0,2.374,0
2020-11-06,2.364,2.364,2.364,2.364,0.0,2.364,0
2020-11-09,2.36,2.36,2.36,2.36,0.0,2.36,0
2020-11-10,2.37,2.37,2.37,2.37,0.0,2.37,0
2020-11-11,2.385,2.385,2.385,2.385,0.0,2.385,0
2020-11-12,2.382,2.382,2.382,2.382,0.0,2.382,0
2020-11-13,2.337,2.337,2.337,2.337,0.0,2.337,0
2020-11-16,2.334,2.334,2.334,2.334,0.0,2.334,0
2020-11-17,2.351,2.351,2.351,2.351,0.0,2.351,0
2020-11-18,2.375,2.375,2.375,2.375,0.0,2.375,0
2020-11-19,2.375,2.375,2.375,2.375,0.0,2.375,0
2020-11-20,2.368,2.368,2.368,2.368,0.0,2.368,0
2020-11-23,2.362,2.362,2.362,2.362,0.0,2.362,0
2020-11-24,2.398,2.398,2.364,2.364,2.0,2.398,1
2020-11-25,2.347,2.347,2.347,2.347,0.0,2.347,0
2020-11-27,2.343,2.343,2.343,2.343,0.0,2.343,0
2020-11-30,2.329,2.329,2.329,2.329,0.0,2.329,0
2020-12-01,2.391,2.391,2.391,2.391,0.0,2.391,0
2020-12-02,2.416,2.416,2.416,2.416,0.0,2.416,0
2020-12-03,2.388,2.388,2.388,2.388,0.0,2.388,0
2020-12-04,2.408,2.408,2.408,2.408,0.0,2.408,0
2020-12-07,2.379,2.379,2.379,2.379,0.0,2.379,0
2020-12-08,2.367,2.367,2.367,2.367,0.0,2.367,0
2020-12-09,2.377,2.377,2.377,2.377,0.0,2.377,0
2020-12-10,2.382,2.382,2.382,2.382,0.0,2.382,0
2020-12-11,2.401,2.401,2.401,2.401,0.0,2.401,0
2020-12-14,2.395,2.395,2.395,2.395,0.0,2.395,0
2020-12-15,2.38,2.38,2.38,2.38,0.0,2.38,0
2020-12-16,2.392,2.392,2.392,2.392,0.0,2.392,0
2020-12-17,2.38,2.38,2.38,2.38,0.0,2.38,0
2020-12-18,2.394,2.394,2.394,2.394,0.0,2.394,0
2020-12-21,2.365,2.365,2.365,2.365,0.0,2.365,0
2020-12-22,2.4,2.4,2.4,2.4,0.0,2.4,0
2020-12-23,2.395,2.395,2.395,2.395,0.0,2.395,0
2020-12-24,2.407,2.407,2.407,2.407,0.0,2.407,0
2020-12-28,2.326,2.326,2.326,2.326,0.0,2.326,0
2020-12-29,2.395,2.395,2.395,2.395,0.0,2.395,0
2020-12-30,2.366,2.366,2.366,2.366,0.0,2.366,0
2020-12-31,2.393,2.393,2.393,2.393,0.0,2.393,0
2021-01-04,2.401,2.401,2.401,2.401,0.0,2.401,0
2021-01-05,2.416,2.416,2.416,2.416,0.0,2.416,0
2021-01-06,2.449,2.449,2.449,2.449,0.0,2.449,0
2021-01-07,2.417,2.417,2.417,2.417,0.0,2.417,0
2021-01-08,2.401,2.401,2.401,2.401,0.0,2.401,0
2021-01-11,2.404,2.404,2.404,2.404,0.0,2.404,0
2021-01-12,2.422,2.422,2.422,2.422,0.0,2.422,0
2021-01-13,2.453,2.453,2.453,2.453,0.0,2.453,0
2021-01-14,2.401,2.401,2.401,2.401,0.0,2.401,0
2021-01-15,2.437,2.437,2.437,2.437,0.0,2.437,0
2021-01-19,2.428,2.428,2.428,2.428,0.0,2.428,0
2021-01-20,2.442,2.442,2.442,2.442,0.0,2.442,0
2021-01-21,2.446,2.446,2.446,2.446,0.0,2.446,0
2021-01-22,2.461,2.461,2.461,2.461,0.0,2.461,0
2021-01-25,2.418,2.418,2.418,2.418,0.0,2.418,0
2021-01-26,2.447,2.447,2.447,2.447,0.0,2.447,0
2021-01-27,2.462,2.462,2.462,2.462,0.0,2.462,0
2021-01-28,2.461,2.461,2.461,2.461,0.0,2.461,0
2021-01-29,2.455,2.455,2.455,2.455,0.0,2.455,0
2021-02-01,2.459,2.459,2.459,2.459,0.0,2.459,0
2021-02-02,2.455,2.455,2.455,2.455,0.0,2.455,0
2021-02-03,2.436,2.436,2.436,2.436,0.0,2.436,0
2021-02-04,2.412,2.412,2.412,2.412,0.0,2.412,0
2021-02-05,2.421,2.421,2.421,2.421,0.0,2.421,0
2021-02-08,2.441,2.441,2.441,2.441,0.0,2.441,0
2021-02-09,2.441,2.441,2.441,2.441,0.0,2.441,0
2021-02-10,2.446,2.446,2.446,2.446,0.0,2.446,0
2021-02-11,2.433,2.433,2.433,2.433,0.0,2.433,0
2021-02-12,2.427,2.427,2.427,2.427,0.0,2.427,0
2021-02-16,2.444,2.444,2.444,2.444,0.0,2.444,0
2021-02-17,2.439,2.439,2.439,2.439,0.0,2.439,0
2021-02-18,2.429,2.429,2.429,2.429,0.0,2.429,0
2021-02-19,2.425,2.425,2.425,2.425,0.0,2.425,0
2021-02-22,2.427,2.427,2.427,2.427,0.0,2.427,0
2021-02-23,2.432,2.432,2.432,2.432,0.0,2.432,0
2021-02-24,2.426,2.426,2.426,2.426,0.0,2.426,0
2021-02-25,2.375,2.375,2.375,2.375,0.0,2.375,0
2021-02-26,2.398,2.398,2.398,2.398,0.0,2.398,0
2021-03-01,2.416,2.416,2.416,2.416,0.0,2.416,0
2021-03-02,2.425,2.425,2.425,2.425,0.0,2.425,0
2021-03-03,2.4,2.4,2.4,2.4,0.0,2.4,0
2021-03-04,2.375,2.375,2.375,2.375,0.0,2.375,0
2021-03-05,2.381,2.381,2.381,2.381,0.0,2.381,0
2021-03-08,2.399,2.399,2.399,2.399,0.0,2.399,0
2021-03-09,2.406,2.406,2.406,2.406,0.0,2.406,0
2021-03-10,2.404,2.404,2.404,2.404,0.0,2.404,0
2021-03-11,2.401,2.401,2.401,2.401,0.0,2.401,0
2021-03-12,2.418,2.418,2.418,2.418,0.0,2.418,0
2021-03-15,2.391,2.391,2.391,2.391,0.0,2.391,0
2021-03-16,2.423,2.423,2.423,2.423,0.0,2.423,0
2021-03-17,2.404,2.404,2.404,2.404,0.0,2.404,0
2021-03-18,2.418,2.418,2.418,2.418,0.0,2.418,0
2021-03-19,2.424,2.424,2.424,2.424,0.0,2.424,0
2021-03-22,2.42,2.42,2.42,2.42,0.0,2.42,0
2021-03-23,2.434,2.434,2.434,2.434,0.0,2.434,0
2021-03-24,2.437,2.437,2.437,2.437,0.0,2.437,0
2021-03-25,2.437,2.437,2.437,2.437,0.0,2.437,0
2021-03-26,2.431,2.431,2.431,2.431,0.0,2.431,0
2021-03-29,2.445,2.445,2.445,2.445,0.0,2.445,0
2021-03-30,2.456,2.456,2.456,2.456,0.0,2.456,0
2021-03-31,2.462,2.462,2.462,2.462,0.0,2.462,0
2021-04-01,2.484,2.484,2.484,2.484,0.0,2.484,0
2021-04-05,2.471,2.471,2.471,2.471,0.0,2.471,0
2021-04-06,2.476,2.476,2.476,2.476,0.0,2.476,0
2021-04-07,2.479,2.479,2.479,2.479,0.0,2.479,0
2021-04-08,2.479,2.479,2.479,2.479,0.0,2.479,0
2021-04-09,2.513,2.513,2.513,2.513,0.0,2.513,0
2021-04-12,2.522,2.522,2.522,2.522,0.0,2.522,0
2021-04-13,2.505,2.505,2.505,2.505,0.0,2.505,0
2021-04-14,2.514,2.514,2.514,2.514,0.0,2.514,0
2021-04-15,2.518,2.518,2.518,2.518,0.0,2.518,0
2021-04-16,2.531,2.531,2.531,2.531,0.0,2.531,0
2021-04-19,2.525,2.525,2.525,2.525,0.0,2.525,0
2021-04-20,2.477,2.477,2.477,2.477,0.0,2.477,0
2021-04-21,2.468,2.468,2.468,2.468,0.0,2.468,0
2021-04-22,2.449,2.449,2.449,2.449,0.0,2.449,0
2021-04-23,2.457,2.457,2.457,2.457,0.0,2.457,0
2021-04-26,2.443,2.443,2.443,2.443,0.0,2.443,0
2021-04-27,2.442,2.442,2.442,2.442,0.0,2.442,0
2021-04-28,2.454,2.454,2.454,2.454,0.0,2.454,0
2021-04-29,2.456,2.456,2.456,2.456,0.0,2.456,0
2021-04-30,2.471,2.471,2.471,2.471,0.0,2.471,0
2021-05-03,2.474,2.474,2.474,2.474,0.0,2.474,0
2021-05-04,2.483,2.483,2.483,2.483,0.0,2.483,0
2021-05-05,2.485,2.485,2.485,2.485,0.0,2.485,0
2021-05-06,2.475,2.475,2.475,2.475,0.0,2.475,0
2021-05-07,2.482,2.482,2.482,2.482,0.0,2.482,0
2021-05-10,2.485,2.485,2.485,2.485,0.0,2.485,0
2021-05-11,2.482,2.482,2.482,2.482,0.0,2.482,0
2021-05-12,2.481,2.481,2.481,2.481,0.0,2.481,0
2021-05-13,2.471,2.471,2.471,2.471,0.0,2.471,0
2021-05-14,2.477,2.477,2.477,2.477,0.0,2.477,0
2021-05-17,2.481,2.481,2.481,2.481,0.0,2.481,0
2021-05-18,2.45,2.45,2.45,2.45,0.0,2.45,0
2021-05-19,2.454,2.454,2.454,2.454,0.0,2.454,0
2021-05-20,2.459,2.459,2.459,2.459,0.0,2.459,0
2021-05-21,2.471,2.471,2.471,2.471,0.0,2.471,0
2021-05-24,2.465,2.465,2.465,2.465,0.0,2.465,0
2021-05-25,2.476,2.476,2.476,2.476,0.0,2.476,0
2021-05-26,2.455,2.455,2.455,2.455,0.0,2.455,0
2021-05-27,2.452,2.452,2.452,2.452,0.0,2.452,0
2021-05-28,2.462,2.462,2.462,2.462,0.0,2.462,0
2021-06-01,2.454,2.454,2.454,2.454,0.0,2.454,0
2021-06-02,2.464,2.464,2.464,2.464,0.0,2.464,0
2021-06-03,2.451,2.451,2.451,2.451,0.0,2.451,0
2021-06-04,2.502,2.502,2.502,2.502,0.0,2.502,0
2021-06-07,2.473,2.473,2.473,2.473,0.0,2.473,0
2021-06-08,2.454,2.454,2.454,2.454,0.0,2.454,0
2021-06-09,2.461,2.461,2.461,2.461,0.0,2.461,0
2021-06-10,2.45,2.45,2.45,2.45,0.0,2.45,0
2021-06-11,2.449,2.449,2.449,2.449,0.0,2.449,0
2021-06-14,2.458,2.458,2.458,2.458,0.0,2.458,0
2021-06-15,2.443,2.443,2.443,2.443,0.0,2.443,0
2021-06-16,2.496,2.496,2.496,2.496,0.0,2.496,0
2021-06-17,2.501,2.501,2.501,2.501,0.0,2.501,0
2021-06-18,2.51,2.51,2.51,2.51,0.0,2.51,0
2021-06-21,2.507,2.507,2.507,2.507,0.0,2.507,0
2021-06-22,2.507,2.507,2.507,2.507,0.0,2.507,0
2021-06-23,2.508,2.508,2.508,2.508,0.0,2.508,0
2021-06-24,2.496,2.496,2.496,2.496,0.0,2.496,0
2021-06-25,2.552,2.552,2.552,2.552,0.0,2.552,0
2021-06-28,2.562,2.562,2.562,2.562,0.0,2.562,0
2021-06-29,2.59,2.59,2.59,2.59,0.0,2.59,0
2021-06-30,2.586,2.586,2.586,2.586,0.0,2.586,0
2021-07-01,2.574,2.574,2.574,2.574,0.0,2.574,0
2021-07-02,2.566,2.566,2.566,2.566,0.0,2.566,0
2021-07-06,2.558,2.558,2.558,2.558,0.0,2.558,0
2021-07-07,2.57,2.57,2.57,2.57,0.0,2.57,0
2021-07-08,2.582,2.582,2.582,2.582,0.0,2.582,0
2021-07-09,2.588,2.588,2.588,2.588,0.0,2.588,0
2021-07-12,2.593,2.593,2.593,2.593,0.0,2.593,0
2021-07-13,2.592,2.592,2.592,2.592,0.0,2.592,0
2021-07-14,2.585,2.585,2.585,2.585,0.0,2.585,0
2021-07-15,2.593,2.593,2.593,2.593,0.0,2.593,0
2021-07-16,2.599,2.599,2.599,2.599,0.0,2.599,0
2021-07-19,2.609,2.609,2.609,2.609,0.0,2.609,0
2021-07-20,2.616,2.616,2.616,2.616,0.0,2.616,0
2021-07-21,2.611,2.611,2.611,2.611,0.0,2.611,0
2021-07-22,2.613,2.613,2.613,2.613,0.0,2.613,0
2021-07-23,2.619,2.619,2.619,2.619,0.0,2.619,0
2021-07-26,2.627,2.627,2.627,2.627,0.0,2.627,0
2021-07-27,2.597,2.597,2.597,2.597,0.0,2.597,0
2021-07-28,2.589,2.589,2.589,2.589,0.0,2.589,0
2021-07-29,2.564,2.564,2.564,2.564,0.0,2.564,0
2021-07-30,2.584,2.584,2.584,2.584,0.0,2.584,0
2021-08-02,2.598,2.598,2.598,2.598,0.0,2.598,0
2021-08-03,2.59,2.59,2.59,2.59,0.0,2.59,0
2021-08-04,2.6,2.6,2.6,2.6,0.0,2.6,0
2021-08-05,2.565,2.565,2.565,2.565,0.0,2.565,0
2021-08-06,2.574,2.574,2.574,2.574,0.0,2.574,0
2021-08-09,2.59,2.59,2.59,2.59,0.0,2.59,0
2021-08-10,2.587,2.587,2.587,2.587,0.0,2.587,0
2021-08-11,2.602,2.602,2.602,2.602,0.0,2.602,0
2021-08-12,2.683,2.683,2.683,2.683,0.0,2.683,0
2021-08-13,2.65,2.65,2.65,2.65,0.0,2.65,0
2021-08-16,2.662,2.662,2.662,2.662,0.0,2.662,0
2021-08-17,2.675,2.675,2.675,2.675,0.0,2.675,0
2021-08-18,2.673,2.673,2.673,2.673,0.0,2.673,0
2021-08-19,2.684,2.684,2.684,2.684,0.0,2.684,0
2021-08-20,2.683,2.683,2.683,2.683,0.0,2.683,0
2021-08-23,2.685,2.685,2.685,2.685,0.0,2.685,0
2021-08-24,2.681,2.681,2.681,2.681,0.0,2.681,0
2021-08-25,2.698,2.698,2.698,2.698,0.0,2.698,0
2021-08-26,2.729,2.729,2.729,2.729,0.0,2.729,0
2021-08-27,2.731,2.731,2.731,2.731,0.0,2.731,0
2021-08-30,2.734,2.734,2.734,2.734,0.0,2.734,0
2021-08-31,2.723,2.723,2.723,2.723,0.0,2.723,0
2021-09-01,2.728,2.728,2.728,2.728,0.0,2.728,0
2021-09-02,2.728,2.728,2.728,2.728,0.0,2.728,0
2021-09-03,2.732,2.732,2.732,2.732,0.0,2.732,0
2021-09-07,2.756,2.756,2.756,2.756,0.0,2.756,0
2021-09-08,2.808,2.808,2.808,2.808,0.0,2.808,0
2021-09-09,2.873,2.873,2.873,2.873,0.0,2.873,0
2021-09-10,2.855,2.855,2.855,2.855,0.0,2.855,0
2021-09-13,2.87,2.87,2.87,2.87,0.0,2.87,0
2021-09-14,2.864,2.864,2.864,2.864,0.0,2.864,0
2021-09-15,2.815,2.815,2.815,2.815,0.0,2.815,0
2021-09-16,2.818,2.818,2.818,2.818,0.0,2.818,0
2021-09-17,2.811,2.811,2.811,2.811,0.0,2.811,0
2021-09-20,2.847,2.847,2.847,2.847,0.0,2.847,0
2021-09-21,2.864,2.864,2.864,2.864,0.0,2.864,0
2021-09-22,2.881,2.881,2.881,2.881,0.0,2.881,0
2021-09-23,2.888,2.888,2.888,2.888,0.0,2.888,0
2021-09-24,2.853,2.853,2.853,2.853,0.0,2.853,0
2021-09-27,2.866,2.866,2.866,2.866,0.0,2.866,0
2021-09-28,2.789,2.789,2.789,2.789,0.0,2.789,0
2021-09-29,2.8,2.8,2.8,2.8,0.0,2.8,0
2021-09-30,2.807,2.807,2.807,2.807,0.0,2.807,0
2021-10-01,2.797,2.797,2.797,2.797,0.0,2.797,0
2021-10-04,2.806,2.806,2.806,2.806,0.0,2.806,0
2021-10-05,2.821,2.821,2.821,2.821,0.0,2.821,0
2021-10-06,2.859,2.859,2.859,2.859,0.0,2.859,0
2021-10-07,2.859,2.859,2.859,2.859,0.0,2.859,0
2021-10-08,2.9,2.9,2.9,2.9,0.0,2.9,0
2021-10-11,2.886,2.886,2.886,2.886,0.0,2.886,0
2021-10-12,2.871,2.871,2.871,2.871,0.0,2.871,0
2021-10-13,2.876,2.876,2.876,2.876,0.0,2.876,0
2021-10-14,2.911,2.911,2.911,2.911,0.0,2.911,0
2021-10-15,2.92,2.92,2.92,2.92,0.0,2.92,0
2021-10-18,2.926,2.926,2.926,2.926,0.0,2.926,0
2021-10-19,2.91,2.91,2.91,2.91,0.0,2.91,0
2021-10-20,2.913,2.913,2.913,2.913,0.0,2.913,0
2021-10-21,2.926,2.926,2.926,2.926,0.0,2.926,0
2021-10-22,2.931,2.931,2.931,2.931,0.0,2.931,0
2021-10-25,2.974,2.974,2.974,2.974,0.0,2.974,0
2021-10-26,2.952,2.952,2.952,2.952,0.0,2.952,0
2021-10-27,2.889,2.889,2.889,2.889,0.0,2.889,0
2021-10-28,2.89,2.89,2.89,2.89,0.0,2.89,0
2021-10-29,2.841,2.841,2.841,2.841,0.0,2.841,0
2021-11-01,2.736,2.736,2.736,2.736,0.0,2.736,0
2021-11-02,2.797,2.797,2.797,2.797,0.0,2.797,0
2021-11-03,2.791,2.791,2.791,2.791,0.0,2.791,0
2021-11-04,2.815,2.815,2.815,2.815,0.0,2.815,0
2021-11-05,2.803,2.803,2.803,2.803,0.0,2.803,0
2021-11-08,2.856,2.856,2.856,2.856,0.0,2.856,0
2021-11-09,2.852,2.852,2.852,2.852,0.0,2.852,0
2021-11-10,2.878,2.878,2.878,2.878,0.0,2.878,0
2021-11-11,2.895,2.895,2.895,2.895,0.0,2.895,0
2021-11-12,2.846,2.846,2.846,2.846,0.0,2.846,0
2021-11-15,2.859,2.859,2.859,2.859,0.0,2.859,0
2021-11-16,2.93,2.93,2.93,2.93,0.0,2.93,0
2021-11-17,2.861,2.861,2.861,2.861,0.0,2.861,0
2021-11-18,2.849,2.849,2.849,2.849,0.0,2.849,0
2021-11-19,2.823,2.823,2.823,2.823,0.0,2.823,0
2021-11-22,2.805,2.805,2.805,2.805,0.0,2.805,0
2021-11-23,2.852,2.852,2.852,2.852,0.0,2.852,0
2021-11-24,2.85,2.85,2.85,2.85,0.0,2.85,0
2021-11-26,2.889,2.889,2.889,2.889,0.0,2.889,0
2021-11-29,2.881,2.881,2.881,2.881,0.0,2.881,0
2021-11-30,2.854,2.854,2.854,2.854,0.0,2.854,0
2021-12-01,2.862,2.862,2.862,2.862,0.0,2.862,0
2021-12-02,2.866,2.866,2.866,2.866,0.0,2.866,0
2021-12-03,2.876,2.876,2.876,2.876,0.0,2.876,0
2021-12-06,2.848,2.848,2.848,2.848,0.0,2.848,0
2021-12-07,2.852,2.852,2.852,2.852,0.0,2.852,0
2021-12-08,2.811,2.811,2.811,2.811,0.0,2.811,0
2021-12-09,2.855,2.855,2.855,2.855,0.0,2.855,0
2021-12-10,2.89,2.89,2.89,2.89,0.0,2.89,0
2021-12-13,2.794,2.794,2.794,2.794,0.0,2.794,0
2021-12-14,2.832,2.832,2.832,2.832,0.0,2.832,0
2021-12-15,2.839,2.839,2.839,2.839,0.0,2.839,0
2021-12-16,2.856,2.856,2.856,2.856,0.0,2.856,0
2021-12-17,2.869,2.869,2.869,2.869,0.0,2.869,0
2021-12-20,2.884,2.884,2.884,2.884,0.0,2.884,0
2021-12-21,2.868,2.868,2.868,2.868,0.0,2.868,0
2021-12-22,2.869,2.869,2.869,2.869,0.0,2.869,0
2021-12-23,2.832,2.832,2.832,2.832,0.0,2.832,0
2021-12-27,2.818,2.818,2.818,2.818,0.0,2.818,0
2021-12-28,2.834,2.834,2.834,2.834,0.0,2.834,0
2021-12-29,2.856,2.856,2.856,2.856,0.0,2.856,0
2021-12-30,2.844,2.844,2.844,2.844,0.0,2.844,0
2021-12-31,2.818,2.818,2.818,2.818,0.0,2.818,0
2022-01-03,2.83,2.83,2.83,2.83,0.0,2.83,0
2022-01-04,2.829,2.829,2.829,2.829,0.0,2.829,0
2022-01-05,2.833,2.833,2.833,2.833,0.0,2.833,0
2022-01-06,2.847,2.847,2.847,2.847,0.0,2.847,0
2022-01-07,2.88,2.88,2.88,2.88,0.0,2.88,0
2022-01-10,2.885,2.885,2.885,2.885,0.0,2.885,0
2022-01-11,2.874,2.874,2.874,2.874,0.0,2.874,0
2022-01-12,2.849,2.849,2.849,2.849,0.0,2.849,0
2022-01-13,2.852,2.852,2.852,2.852,0.0,2.852,0
2022-01-14,2.828,2.828,2.828,2.828,0.0,2.828,0
2022-01-18,2.811,2.847,2.811,2.847,4.0,2.811,1
2022-01-19,2.894,2.894,2.894,2.894,0.0,2.894,0
2022-01-20,2.897,2.897,2.897,2.897,0.0,2.897,0
2022-01-21,2.885,2.885,2.885,2.885,0.0,2.885,0
2022-01-24,2.874,2.874,2.874,2.874,0.0,2.874,0
2022-01-25,2.894,2.894,2.894,2.894,0.0,2.894,0
2022-01-26,2.895,2.895,2.895,2.895,0.0,2.895,0
2022-01-27,2.88,2.88,2.88,2.88,0.0,2.88,0
2022-01-28,2.873,2.873,2.873,2.873,0.0,2.873,0
2022-01-31,2.872,2.872,2.872,2.872,0.0,2.872,0
2022-02-01,2.857,2.857,2.857,2.857,0.0,2.857,0
2022-02-02,2.876,2.876,2.876,2.876,0.0,2.876,0
2022-02-03,2.867,2.867,2.867,2.867,0.0,2.867,0
2022-02-04,2.903,2.903,2.903,2.903,0.0,2.903,0
2022-02-07,2.919,2.919,2.919,2.919,0.0,2.919,0
2022-02-08,2.911,2.911,2.911,2.911,0.0,2.911,0
2022-02-09,2.906,2.906,2.906,2.906,0.0,2.906,0
2022-02-10,2.911,2.911,2.911,2.911,0.0,2.911,0
2022-02-11,2.951,2.951,2.951,2.951,0.0,2.951,0
2022-02-14,2.992,2.992,2.992,2.992,0.0,2.992,0
2022-02-15,2.98,2.98,2.98,2.98,0.0,2.98,0
2022-02-16,3.009,3.009,3.009,3.009,0.0,3.009,0
2022-02-17,2.991,2.991,2.991,2.991,0.0,2.991,0
2022-02-18,2.991,2.991,2.991,2.991,0.0,2.991,0
2022-02-22,3.036,3.036,3.036,3.036,0.0,3.036,0
2022-02-23,3.122,3.122,3.122,3.122,0.0,3.122,0
2022-02-24,3.12,3.12,3.12,3.12,0.0,3.12,0
2022-02-25,3.012,3.012,3.012,3.012,0.0,3.012,0
2022-02-28,3.089,3.089,3.089,3.089,0.0,3.089,0
2022-03-01,3.16,3.16,3.16,3.16,0.0,3.16,0
2022-03-02,3.207,3.207,3.207,3.207,0.0,3.207,0
2022-03-03,3.185,3.185,3.185,3.185,0.0,3.185,0
2022-03-04,3.238,3.238,3.238,3.238,0.0,3.238,0
2022-03-07,3.27,3.27,3.27,3.27,0.0,3.27,0
2022-03-08,3.28,3.28,3.28,3.28,0.0,3.28,0
2022-03-09,3.235,3.235,3.235,3.235,0.0,3.235,0
2022-03-10,3.203,3.203,3.203,3.203,0.0,3.203,0
2022-03-11,3.218,3.218,3.218,3.218,0.0,3.218,0
2022-03-14,3.261,3.261,3.261,3.261,0.0,3.261,0
2022-03-15,3.255,3.255,3.255,3.255,0.0,3.255,0
2022-03-16,3.251,3.251,3.251,3.251,0.0,3.251,0
2022-03-17,3.268,3.268,3.268,3.268,0.0,3.268,0
2022-03-18,3.22,3.22,3.22,3.22,0.0,3.22,0
2022-03-21,3.201,3.201,3.201,3.201,0.0,3.201,0
2022-03-22,3.212,3.212,3.212,3.212,0.0,3.212,0
2022-03-23,3.223,3.223,3.223,3.223,0.0,3.223,0
2022-03-24,3.249,3.249,3.249,3.249,0.0,3.249,0
2022-03-25,3.33,3.33,3.318,3.318,1.0,3.33,1
2022-03-28,3.318,3.406,3.318,3.406,1.0,3.318,1
2022-03-29,3.42,3.42,3.42,3.42,1.0,3.42,1
2022-03-30,3.522,3.522,3.522,3.522,0.0,3.522,0
2022-03-31,3.605,3.605,3.605,3.605,0.0,3.605,0
2022-04-01,3.657,3.657,3.657,3.657,0.0,3.657,0
2022-04-04,3.724,3.724,3.724,3.724,0.0,3.724,0
2022-04-05,3.803,3.803,3.803,3.803,0.0,3.803,0
2022-04-06,3.855,3.855,3.855,3.855,0.0,3.855,0
2022-04-07,3.84,3.84,3.84,3.84,0.0,3.84,0
2022-04-08,3.828,3.828,3.828,3.828,0.0,3.828,0
2022-04-11,3.877,3.877,3.877,3.877,0.0,3.877,0
2022-04-12,3.899,3.899,3.899,3.899,0.0,3.899,0
2022-04-13,3.907,3.907,3.907,3.907,0.0,3.907,0
2022-04-14,3.914,3.914,3.914,3.914,0.0,3.914,0
2022-04-18,3.949,3.949,3.949,3.949,0.0,3.949,0
2022-04-19,3.937,3.937,3.937,3.937,0.0,3.937,0
2022-04-20,3.883,3.883,3.883,3.883,0.0,3.883,0
2022-04-21,3.826,3.826,3.826,3.826,0.0,3.826,0
2022-04-22,3.653,3.653,3.653,3.653,0.0,3.653,0
2022-04-25,3.643,3.643,3.643,3.643,0.0,3.643,0
2022-04-26,3.643,3.708,3.643,3.708,2.0,3.643,1
2022-04-27,3.683,3.683,3.683,3.683,0.0,3.683,0
2022-04-28,3.679,3.679,3.679,3.679,0.0,3.679,0
2022-04-29,3.672,3.672,3.672,3.672,0.0,3.672,0
2022-05-02,3.764,3.764,3.764,3.764,0.0,3.764,0
2022-05-03,3.824,3.826,3.824,3.826,2.0,3.824,1
2022-05-04,3.876,3.876,3.876,3.876,0.0,3.876,0
2022-05-05,3.909,3.909,3.909,3.909,0.0,3.909,0
2022-05-06,3.856,3.856,3.856,3.856,0.0,3.856,0
2022-05-09,3.752,3.752,3.752,3.752,0.0,3.752,0
2022-05-10,3.779,3.779,3.779,3.779,0.0,3.779,0
2022-05-11,3.838,3.838,3.838,3.838,0.0,3.838,0
2022-05-12,3.848,3.848,3.848,3.848,0.0,3.848,0
2022-05-13,3.897,3.897,3.897,3.897,0.0,3.897,0
2022-05-16,3.947,3.947,3.947,3.947,0.0,3.947,0
2022-05-17,3.934,3.934,3.934,3.934,0.0,3.934,0
2022-05-18,3.976,3.976,3.976,3.976,0.0,3.976,0
2022-05-19,3.915,3.915,3.915,3.915,0.0,3.915,0
2022-05-20,3.913,3.913,3.913,3.913,0.0,3.913,0
2022-05-23,3.954,3.954,3.954,3.954,0.0,3.954,0
2022-05-24,3.933,3.933,3.933,3.933,0.0,3.933,0
2022-05-25,3.973,3.973,3.973,3.973,0.0,3.973,0
2022-05-26,4.027,4.027,4.027,4.027,0.0,4.027,0
2022-05-27,4.051,4.051,4.051,4.051,0.0,4.051,0
2022-05-31,3.997,3.997,3.997,3.997,0.0,3.997,0
2022-06-01,4.171,4.171,4.171,4.171,0.0,4.171,0
2022-06-02,4.172,4.172,4.172,4.172,0.0,4.172,0
2022-06-03,4.239,4.239,4.239,4.239,0.0,4.239,0
2022-06-06,4.338,4.338,4.338,4.338,0.0,4.338,0
2022-06-07,4.373,4.373,4.373,4.373,0.0,4.373,0
2022-06-08,4.443,4.443,4.443,4.443,0.0,4.443,0
2022-06-09,4.534,4.534,4.534,4.534,0.0,4.534,0
2022-06-10,4.59,4.59,4.59,4.59,0.0,4.59,0
2022-06-13,4.533,4.533,4.533,4.533,0.0,4.533,0
2022-06-14,4.455,4.455,4.455,4.455,0.0,4.455,0
2022-06-15,4.495,4.495,4.495,4.495,0.0,4.495,0
2022-06-16,4.479,4.479,4.479,4.479,0.0,4.479,0
2022-06-17,4.36,4.36,4.36,4.36,0.0,4.36,0
2022-06-21,4.347,4.347,4.347,4.347,0.0,4.347,0
2022-06-22,4.376,4.376,4.376,4.376,0.0,4.376,0
2022-06-23,4.354,4.354,4.354,4.354,0.0,4.354,0
2022-06-24,4.17,4.17,4.17,4.17,0.0,4.17,0
2022-06-27,4.212,4.212,4.212,4.212,0.0,4.212,0
2022-06-28,4.182,4.182,4.182,4.182,0.0,4.182,0
2022-06-29,4.199,4.199,4.199,4.199,0.0,4.199,0
2022-06-30,3.944,3.944,3.944,3.944,0.0,3.944,0
2022-07-01,3.982,3.982,3.982,3.982,0.0,3.982,0
2022-07-04,3.982,3.982,3.982,3.982,0.0,3.982,0
2022-07-05,3.832,3.832,3.832,3.832,0.0,3.832,0
2022-07-06,3.924,3.924,3.924,3.924,0.0,3.924,0
2022-07-07,4.021,4.021,4.021,4.021,0.0,4.021,0
2022-07-08,4.02,4.02,4.02,4.02,0.0,4.02,0
2022-07-11,4.054,4.054,4.054,4.054,0.0,4.054,0
2022-07-12,3.965,3.965,3.965,3.965,0.0,3.965,0
2022-07-13,4.052,4.052,4.052,4.052,0.0,4.052,0
2022-07-14,3.974,3.974,3.974,3.974,0.0,3.974,0
2022-07-15,4.048,4.048,4.048,4.048,0.0,4.048,0
2022-07-18,4.007,4.007,4.007,4.007,0.0,4.007,0
2022-07-19,4.013,4.013,4.013,4.013,0.0,4.013,0
2022-07-20,4.156,4.156,4.156,4.156,0.0,4.156,0
2022-07-21,4.061,4.061,4.061,4.061,0.0,4.061,0
2022-07-22,4.065,4.065,4.065,4.065,0.0,4.065,0
2022-07-25,4.121,4.121,4.121,4.121,0.0,4.121,0
2022-07-26,4.148,4.148,4.148,4.148,0.0,4.148,0
2022-07-27,4.146,4.146,4.146,4.146,0.0,4.146,0
2022-07-28,4.122,4.122,4.122,4.122,0.0,4.122,0
2022-07-29,4.117,4.117,4.117,4.117,0.0,4.117,0
2022-08-01,4.1,4.1,4.1,4.1,0.0,4.1,0
2022-08-02,4.102,4.102,4.102,4.102,0.0,4.102,0
2022-08-03,4.123,4.123,4.123,4.123,0.0,4.123,0
2022-08-04,4.104,4.104,4.104,4.104,0.0,4.104,0
2022-08-05,4.106,4.106,4.106,4.106,0.0,4.106,0
2022-08-08,4.068,4.068,4.068,4.068,0.0,4.068,0
2022-08-09,4.116,4.116,4.116,4.116,0.0,4.116,0
2022-08-10,4.146,4.146,4.146,4.146,0.0,4.146,0
2022-08-11,4.246,4.246,4.246,4.246,0.0,4.246,0
2022-08-12,4.234,4.234,4.234,4.234,0.0,4.234,0
2022-08-15,4.325,4.325,4.325,4.325,0.0,4.325,0
2022-08-16,4.364,4.364,4.364,4.364,0.0,4.364,0
2022-08-17,4.333,4.333,4.333,4.333,0.0,4.333,0
2022-08-18,4.339,4.339,4.339,4.339,0.0,4.339,0
2022-08-19,4.355,4.355,4.355,4.355,0.0,4.355,0
2022-08-22,4.414,4.414,4.414,4.414,0.0,4.414,0
2022-08-23,4.421,4.421,4.421,4.421,0.0,4.421,0
2022-08-24,4.42,4.43,4.42,4.43,2.0,4.42,1
2022-08-25,4.492,4.492,4.492,4.492,0.0,4.492,0
2022-08-26,4.516,4.516,4.516,4.516,0.0,4.516,0
2022-08-29,4.529,4.529,4.529,4.529,0.0,4.529,0
2022-08-30,4.536,4.536,4.536,4.536,0.0,4.536,0
2022-08-31,4.581,4.581,4.581,4.581,0.0,4.581,0
2022-09-01,4.649,4.649,4.649,4.649,0.0,4.649,0
2022-09-02,4.698,4.698,4.698,4.698,0.0,4.698,0
2022-09-05,4.698,4.698,4.698,4.698,0.0,4.698,0
2022-09-06,4.672,4.672,4.672,4.672,0.0,4.672,0
2022-09-07,4.576,4.576,4.576,4.576,0.0,4.576,0
2022-09-08,4.492,4.492,4.492,4.492,0.0,4.492,0
2022-09-09,4.543,4.543,4.543,4.543,0.0,4.543,0
2022-09-12,4.575,4.575,4.575,4.575,0.0,4.575,0
2022-09-13,4.604,4.604,4.604,4.604,0.0,4.604,0
2022-09-14,4.642,4.642,4.642,4.642,0.0,4.642,0
2022-09-15,4.596,4.596,4.596,4.596,0.0,4.596,0
2022-09-16,4.516,4.516,4.516,4.516,0.0,4.516,0
2022-09-19,4.476,4.476,4.476,4.476,0.0,4.476,0
2022-09-20,4.453,4.453,4.453,4.453,0.0,4.453,0
2022-09-21,4.326,4.326,4.326,4.326,0.0,4.326,0
2022-09-22,4.218,4.218,4.218,4.218,0.0,4.218,0
2022-09-23,4.218,4.218,4.218,4.218,0.0,4.218,0
2022-09-26,4.152,4.152,4.152,4.152,0.0,4.152,0
2022-09-27,4.136,4.136,4.136,4.136,0.0,4.136,0
2022-09-28,4.149,4.149,4.149,4.149,0.0,4.149,0
2022-09-29,4.134,4.134,4.134,4.134,0.0,4.134,0
2022-09-30,4.14,4.14,4.14,4.14,0.0,4.14,0
2022-10-03,4.066,4.066,4.066,4.066,0.0,4.066,0
2022-10-04,4.112,4.112,4.112,4.112,0.0,4.112,0
2022-10-05,4.079,4.079,4.079,4.079,0.0,4.079,0
2022-10-06,4.106,4.106,4.106,4.106,0.0,4.106,0
2022-10-07,4.126,4.126,4.126,4.126,0.0,4.126,0
2022-10-10,4.133,4.133,4.133,4.133,0.0,4.133,0
2022-10-11,4.171,4.171,4.171,4.171,0.0,4.171,0
2022-10-12,4.16,4.16,4.127,4.127,50.0,4.16,1
2022-10-13,4.12,4.12,4.12,4.12,0.0,4.12,0
2022-10-14,4.127,4.127,4.127,4.127,0.0,4.127,0
2022-10-17,4.112,4.112,4.112,4.112,0.0,4.112,0
2022-10-18,4.077,4.077,4.077,4.077,0.0,4.077,0
2022-10-19,4.052,4.052,4.052,4.052,0.0,4.052,0
2022-10-20,4.044,4.044,4.044,4.044,0.0,4.044,0
2022-10-21,4.004,4.004,4.004,4.004,0.0,4.004,0
2022-10-24,4.045,4.045,4.045,4.045,0.0,4.045,0
2022-10-25,4.05,4.05,4.05,4.05,0.0,4.05,0
2022-10-26,4.072,4.072,4.072,4.072,0.0,4.072,0
2022-10-27,4.065,4.065,4.065,4.065,0.0,4.065,0
2022-10-28,4.061,4.061,4.061,4.061,0.0,4.061,0
2022-10-31,4.085,4.085,4.085,4.085,0.0,4.085,0
2022-11-01,4.05,4.05,4.05,4.05,0.0,4.05,0
2022-11-02,4.06,4.089,4.06,4.089,1.0,4.06,1
2022-11-03,4.108,4.108,4.108,4.108,0.0,4.108,0
2022-11-04,4.206,4.206,4.206,4.206,0.0,4.206,0
2022-11-07,4.2,4.2,4.2,4.2,0.0,4.2,0
2022-11-08,4.171,4.171,4.171,4.171,0.0,4.171,0
2022-11-09,4.185,4.185,4.185,4.185,0.0,4.185,0
2022-11-10,4.185,4.185,4.185,4.185,0.0,4.185,0
2022-11-11,4.178,4.178,4.178,4.178,0.0,4.178,0
2022-11-14,4.147,4.147,4.147,4.147,0.0,4.147,0
2022-11-15,4.172,4.172,4.172,4.172,0.0,4.172,0
2022-11-16,4.191,4.191,4.191,4.191,0.0,4.191,0
2022-11-17,4.187,4.187,4.187,4.187,0.0,4.187,0
2022-11-18,4.185,4.185,4.185,4.185,0.0,4.185,0
2022-11-21,4.137,4.137,4.137,4.137,0.0,4.137,0
2022-11-22,4.142,4.142,4.142,4.142,0.0,4.142,0
2022-11-23,4.134,4.134,4.134,4.134,0.0,4.134,0
2022-11-24,4.134,4.134,4.134,4.134,0.0,4.134,0
2022-11-25,4.128,4.128,4.128,4.128,0.0,4.128,0
2022-11-28,4.065,4.065,4.065,4.065,0.0,4.065,0
2022-11-29,4.102,4.102,4.102,4.102,0.0,4.102,0
2022-11-30,4.116,4.116,4.116,4.116,0.0,4.116,0
2022-12-01,4.121,4.121,4.121,4.121,0.0,4.121,0
2022-12-02,4.108,4.108,4.108,4.108,0.0,4.108,0
2022-12-05,4.101,4.101,4.101,4.101,0.0,4.101,0
2022-12-06,4.114,4.114,4.114,4.114,0.0,4.114,0
2022-12-07,4.119,4.119,4.119,4.119,0.0,4.119,0
2022-12-08,4.151,4.151,4.151,4.151,0.0,4.151,0
2022-12-09,4.155,4.155,4.155,4.155,0.0,4.155,0
2022-12-12,4.179,4.179,4.179,4.179,0.0,4.179,0
2022-12-13,4.167,4.167,4.167,4.167,0.0,4.167,0
2022-12-14,4.165,4.165,4.165,4.165,0.0,4.165,0
2022-12-15,4.19,4.19,4.19,4.19,0.0,4.19,0
2022-12-16,4.226,4.226,4.226,4.226,0.0,4.226,0
2022-12-19,4.266,4.266,4.266,4.266,0.0,4.266,0
2022-12-20,4.261,4.261,4.261,4.261,0.0,4.261,0
2022-12-21,4.152,4.152,4.152,4.152,0.0,4.152,0
2022-12-22,4.069,4.069,4.069,4.069,0.0,4.069,0
2022-12-23,4.067,4.067,4.067,4.067,0.0,4.067,0
2022-12-27,4.144,4.144,4.144,4.144,0.0,4.144,0
2022-12-28,4.08,4.08,4.08,4.08,0.0,4.08,0
2022-12-29,4.058,4.058,4.058,4.058,0.0,4.058,0
2022-12-30,4.073,4.073,4.073,4.073,0.0,4.073,0
2023-01-03,4.019,4.019,4.019,4.019,0.0,4.019,0
2023-01-04,4.022,4.022,4.022,4.022,0.0,4.022,0
2023-01-05,3.914,3.914,3.914,3.914,0.0,3.914,0
2023-01-06,3.858,3.858,3.858,3.858,0.0,3.858,0
2023-01-09,3.866,3.866,3.866,3.866,0.0,3.866,0
2023-01-10,3.89,3.89,3.89,3.89,0.0,3.89,0
2023-01-11,3.856,3.856,3.856,3.856,0.0,3.856,0
2023-01-12,3.855,3.855,3.855,3.855,0.0,3.855,0
2023-01-13,3.864,3.864,3.864,3.864,0.0,3.864,0
2023-01-16,3.864,3.864,3.864,3.864,0.0,3.864,0
2023-01-17,3.88,3.88,3.88,3.88,0.0,3.88,0
2023-01-18,3.878,3.878,3.878,3.878,0.0,3.878,0
2023-01-19,3.878,3.878,3.878,3.878,0.0,3.878,0
2023-01-20,3.903,3.903,3.903,3.903,0.0,3.903,0
2023-01-23,3.915,3.915,3.915,3.915,0.0,3.915,0
2023-01-24,3.884,3.884,3.884,3.884,0.0,3.884,0
2023-01-25,3.827,3.827,3.827,3.827,0.0,3.827,0
2023-01-26,3.827,3.827,3.827,3.827,0.0,3.827,0
2023-01-27,3.818,3.818,3.818,3.818,0.0,3.818,0
2023-01-30,3.739,3.739,3.739,3.739,0.0,3.739,0
2023-01-31,3.75,3.75,3.75,3.75,0.0,3.75,0
2023-02-01,3.656,3.656,3.656,3.656,0.0,3.656,0
2023-02-02,3.636,3.636,3.636,3.636,0.0,3.636,0
2023-02-03,3.593,3.593,3.593,3.593,0.0,3.593,0
2023-02-07,3.64,3.64,3.64,3.64,1.0,3.64,1
2023-02-10,3.559,3.559,3.559,3.559,0.0,3.559,0
2023-02-13,3.502,3.502,3.502,3.502,0.0,3.502,0
2023-02-14,3.526,3.526,3.526,3.526,0.0,3.526,0
2023-02-15,3.511,3.511,3.511,3.511,0.0,3.511,0
2023-02-16,3.511,3.511,3.511,3.511,0.0,3.511,0
2023-02-17,3.474,3.474,3.474,3.474,0.0,3.474,0
2023-02-20,3.474,3.474,3.474,3.474,0.0,3.474,0
2023-02-21,3.489,3.489,3.489,3.489,0.0,3.489,0
2023-02-22,3.515,3.515,3.515,3.515,0.0,3.515,0
2023-02-23,3.565,3.565,3.565,3.565,0.0,3.565,0
2023-02-24,3.613,3.613,3.613,3.613,0.0,3.613,0
2023-02-27,3.654,3.654,3.654,3.654,0.0,3.654,0
2023-02-28,3.702,3.702,3.702,3.702,0.0,3.702,0
2023-03-01,3.783,3.783,3.783,3.783,0.0,3.783,0
2023-03-02,3.791,3.791,3.791,3.791,0.0,3.791,0
2023-03-03,3.831,3.831,3.831,3.831,0.0,3.831,0
2023-03-06,3.864,3.864,3.864,3.864,0.0,3.864,0
2023-03-07,4.005,4.005,4.005,4.005,0.0,4.005,0
2023-03-08,3.986,3.986,3.986,3.986,0.0,3.986,0
2023-03-09,3.898,3.898,3.898,3.898,0.0,3.898,0
2023-03-10,3.977,3.977,3.977,3.977,0.0,3.977,0
2023-03-13,3.988,3.988,3.988,3.988,0.0,3.988,0
2023-03-14,4.039,4.039,4.039,4.039,0.0,4.039,0
2023-03-15,4.002,4.002,4.002,4.002,0.0,4.002,0
2023-03-16,4.044,4.044,4.044,4.044,0.0,4.044,0
2023-03-17,4.037,4.037,4.037,4.037,0.0,4.037,0
2023-03-20,3.963,3.963,3.963,3.963,0.0,3.963,0
2023-03-21,4.05,4.05,4.05,4.05,0.0,4.05,0
2023-03-22,3.989,3.989,3.989,3.989,0.0,3.989,0
2023-03-23,4.008,4.008,4.008,4.008,0.0,4.008,0
2023-03-24,3.977,3.977,3.977,3.977,0.0,3.977,0
2023-03-27,3.938,3.938,3.938,3.938,0.0,3.938,0
2023-03-28,3.909,3.909,3.909,3.909,0.0,3.909,0
2023-03-29,3.903,3.933,3.903,3.933,39.0,3.903,2
2023-03-30,3.902,3.902,3.902,3.902,0.0,3.902,0
2023-03-31,3.924,3.924,3.924,3.924,0.0,3.924,0
2023-04-03,3.896,3.896,3.896,3.896,0.0,3.896,0
2023-04-04,3.908,3.908,3.908,3.908,0.0,3.908,0
2023-04-05,3.864,3.864,3.864,3.864,0.0,3.864,0
2023-04-06,3.82,3.82,3.82,3.82,0.0,3.82,0
2023-04-10,3.898,3.898,3.898,3.898,0.0,3.898,0
2023-04-11,3.908,3.908,3.908,3.908,0.0,3.908,0
2023-04-12,3.834,3.834,3.834,3.834,0.0,3.834,0
2023-04-13,3.802,3.802,3.802,3.802,0.0,3.802,0
2023-04-14,3.822,3.822,3.822,3.822,0.0,3.822,0
2023-04-17,3.9,3.9,3.9,3.9,0.0,3.9,0
2023-04-18,3.898,3.898,3.898,3.898,0.0,3.898,0
2023-04-19,3.906,3.906,3.906,3.906,0.0,3.906,0
2023-04-20,3.938,3.938,3.938,3.938,0.0,3.938,0
2023-04-21,3.945,3.945,3.945,3.945,0.0,3.945,0
2023-04-24,3.985,3.985,3.985,3.985,0.0,3.985,0
2023-04-25,3.963,3.963,3.963,3.963,0.0,3.963,0
2023-04-26,3.944,3.944,3.944,3.944,0.0,3.944,0
2023-04-27,3.948,3.948,3.948,3.948,0.0,3.948,0
2023-04-28,3.967,3.967,3.967,3.967,0.0,3.967,0
2023-05-01,3.924,3.924,3.924,3.924,0.0,3.924,0
2023-05-02,3.918,3.918,3.918,3.918,0.0,3.918,0
2023-05-03,3.902,3.902,3.902,3.902,0.0,3.902,0
2023-05-04,3.917,3.917,3.917,3.917,0.0,3.917,0
2023-05-05,3.931,3.931,3.931,3.931,0.0,3.931,0
2023-05-08,3.899,3.899,3.899,3.899,0.0,3.899,0
2023-05-09,3.85,3.893,3.85,3.893,4.0,3.85,1
2023-05-10,3.883,3.883,3.883,3.883,0.0,3.883,0
2023-05-11,3.878,3.878,3.878,3.878,0.0,3.878,0
2023-05-12,3.868,3.868,3.868,3.868,0.0,3.868,0
2023-05-15,3.872,3.872,3.872,3.872,0.0,3.872,0
2023-05-16,3.845,3.845,3.845,3.845,0.0,3.845,0
2023-05-17,3.814,3.814,3.814,3.814,0.0,3.814,0
2023-05-18,3.827,3.827,3.827,3.827,0.0,3.827,0
2023-05-19,3.774,3.774,3.774,3.774,0.0,3.774,0
2023-05-22,3.733,3.733,3.733,3.733,0.0,3.733,0
2023-05-23,3.706,3.706,3.706,3.706,0.0,3.706,0
2023-05-24,3.761,3.761,3.761,3.761,0.0,3.761,0
2023-05-25,3.732,3.732,3.732,3.732,0.0,3.732,0
2023-05-26,3.76,3.76,3.76,3.76,0.0,3.76,0
2023-05-29,3.76,3.76,3.76,3.76,0.0,3.76,0
2023-05-30,3.72,3.72,3.72,3.72,0.0,3.72,0
2023-05-31,3.685,3.685,3.685,3.685,0.0,3.685,0
2023-06-01,3.543,3.543,3.543,3.543,0.0,3.543,0
2023-06-02,3.583,3.583,3.583,3.583,0.0,3.583,0
2023-06-05,3.603,3.603,3.603,3.603,0.0,3.603,0
2023-06-06,3.59,3.59,3.59,3.59,0.0,3.59,0
2023-06-07,3.599,3.599,3.599,3.599,0.0,3.599,0
2023-06-08,3.595,3.595,3.595,3.595,0.0,3.595,0
2023-06-09,3.576,3.576,3.576,3.576,0.0,3.576,0
2023-06-12,3.573,3.573,3.573,3.573,0.0,3.573,0
2023-06-13,3.572,3.572,3.572,3.572,0.0,3.572,0
2023-06-14,3.614,3.614,3.614,3.614,0.0,3.614,0
2023-06-15,3.627,3.627,3.627,3.627,0.0,3.627,0
2023-06-16,3.599,3.599,3.599,3.599,0.0,3.599,0
2023-06-19,3.599,3.599,3.599,3.599,0.0,3.599,0
2023-06-20,3.62,3.62,3.62,3.62,0.0,3.62,0
2023-06-21,3.675,3.675,3.675,3.675,0.0,3.675,0
2023-06-22,3.693,3.693,3.693,3.693,0.0,3.693,0
2023-06-23,3.654,3.654,3.654,3.654,0.0,3.654,0
2023-06-26,3.635,3.635,3.635,3.635,0.0,3.635,0
2023-06-27,3.613,3.613,3.613,3.613,0.0,3.613,0
2023-06-28,3.601,3.601,3.578,3.578,1.0,3.601,1
2023-06-29,3.542,3.542,3.542,3.542,0.0,3.542,0
2023-06-30,3.56,3.56,3.56,3.56,0.0,3.56,0
2023-07-03,3.561,3.561,3.561,3.561,0.0,3.561,0
2023-07-04,3.561,3.561,3.561,3.561,0.0,3.561,0
2023-07-05,3.534,3.534,3.534,3.534,0.0,3.534,0
2023-07-06,3.551,3.551,3.551,3.551,0.0,3.551,0
2023-07-07,3.56,3.56,3.56,3.56,0.0,3.56,0
2023-07-10,3.569,3.569,3.569,3.569,0.0,3.569,0
2023-07-11,3.579,3.579,3.579,3.579,0.0,3.579,0
2023-07-12,3.577,3.577,3.577,3.577,0.0,3.577,0
2023-07-13,3.542,3.542,3.542,3.542,0.0,3.542,0
2023-07-14,3.574,3.574,3.574,3.574,0.0,3.574,0
2023-07-17,3.561,3.561,3.561,3.561,0.0,3.561,0
2023-07-18,3.591,3.591,3.591,3.591,0.0,3.591,0
2023-07-19,3.576,3.576,3.576,3.576,0.0,3.576,0
2023-07-20,3.598,3.598,3.598,3.598,0.0,3.598,0
2023-07-21,3.619,3.619,3.619,3.619,0.0,3.619,0
2023-07-24,3.654,3.654,3.654,3.654,0.0,3.654,0
2023-07-25,3.668,3.668,3.668,3.668,0.0,3.668,0
2023-07-26,3.674,3.674,3.674,3.674,0.0,3.674,0
2023-07-27,3.662,3.662,3.662,3.662,0.0,3.662,0
2023-07-28,3.671,3.671,3.671,3.671,0.0,3.671,0
2023-07-31,3.656,3.656,3.656,3.656,0.0,3.656,0
2023-08-01,3.637,3.637,3.637,3.637,0.0,3.637,0
2023-08-02,3.637,3.637,3.637,3.637,1.0,3.637,1
2023-08-03,3.626,3.626,3.626,3.626,0.0,3.626,0
2023-08-04,3.614,3.614,3.614,3.614,0.0,3.614,0
2023-08-07,3.662,3.662,3.662,3.662,0.0,3.662,0
2023-08-08,3.654,3.654,3.654,3.654,0.0,3.654,0
2023-08-09,3.616,3.616,3.616,3.616,0.0,3.616,0
2023-08-10,3.601,3.601,3.601,3.601,0.0,3.601,0
2023-08-11,3.641,3.641,3.641,3.641,0.0,3.641,0
2023-08-14,3.643,3.643,3.643,3.643,0.0,3.643,0
2023-08-15,3.634,3.634,3.634,3.634,0.0,3.634,0
2023-08-16,3.643,3.643,3.643,3.643,0.0,3.643,0
2023-08-17,3.65,3.65,3.65,3.65,0.0,3.65,0
2023-08-18,3.629,3.629,3.629,3.629,0.0,3.629,0
2023-08-21,3.652,3.652,3.652,3.652,0.0,3.652,0
2023-08-22,3.625,3.625,3.625,3.625,0.0,3.625,0
2023-08-23,3.634,3.634,3.634,3.634,0.0,3.634,0
2023-08-24,3.594,3.594,3.594,3.594,0.0,3.594,0
2023-08-25,3.598,3.598,3.598,3.598,0.0,3.598,0
2023-08-28,3.594,3.594,3.594,3.594,0.0,3.594,0
2023-08-29,3.564,3.564,3.564,3.564,0.0,3.564,0
2023-08-30,3.597,3.597,3.597,3.597,0.0,3.597,0
2023-08-31,3.603,3.603,3.603,3.603,0.0,3.603,0
2023-09-01,3.592,3.592,3.592,3.592,0.0,3.592,0
2023-09-04,3.592,3.592,3.592,3.592,0.0,3.592,0
2023-09-05,3.556,3.556,3.556,3.556,0.0,3.556,0
2023-09-06,3.568,3.568,3.568,3.568,0.0,3.568,0
2023-09-07,3.551,3.551,3.551,3.551,0.0,3.551,0
2023-09-08,3.546,3.557,3.546,3.557,1.0,3.546,1
2023-09-11,3.506,3.506,3.506,3.506,0.0,3.506,0
2023-09-12,3.557,3.557,3.557,3.557,0.0,3.557,0
2023-09-13,3.582,3.582,3.582,3.582,0.0,3.582,0
2023-09-14,3.587,3.587,3.587,3.587,0.0,3.587,0
2023-09-15,3.542,3.542,3.542,3.542,0.0,3.542,0
2023-09-18,3.567,3.567,3.567,3.567,0.0,3.567,0
2023-09-19,3.565,3.565,3.565,3.565,0.0,3.565,0
2023-09-20,3.575,3.575,3.575,3.575,0.0,3.575,0
2023-09-21,3.591,3.591,3.591,3.591,0.0,3.591,0
2023-09-22,3.616,3.631,3.616,3.631,1.0,3.616,1
2023-09-25,3.594,3.594,3.594,3.594,0.0,3.594,0
2023-09-26,3.613,3.613,3.613,3.613,0.0,3.613,0
2023-09-27,3.612,3.612,3.612,3.612,0.0,3.612,0
2023-09-28,3.624,3.624,3.624,3.624,0.0,3.624,0
2023-09-29,3.623,3.623,3.623,3.623,0.0,3.623,0
2023-10-02,3.604,3.604,3.604,3.604,0.0,3.604,0
2023-10-03,3.634,3.634,3.634,3.634,0.0,3.634,0
2023-10-04,3.603,3.603,3.603,3.603,0.0,3.603,0
2023-10-05,3.623,3.623,3.616,3.616,4.0,3.623,1
2023-10-06,3.616,3.616,3.616,3.616,0.0,3.616,0
2023-10-09,3.629,3.629,3.629,3.629,0.0,3.629,0
2023-10-10,3.651,3.651,3.651,3.651,0.0,3.651,0
2023-10-11,3.672,3.672,3.672,3.672,0.0,3.672,0
2023-10-12,3.692,3.692,3.692,3.692,0.0,3.692,0
2023-10-13,3.691,3.691,3.691,3.691,0.0,3.691,0
2023-10-16,3.681,3.681,3.681,3.681,0.0,3.681,0
2023-10-17,3.682,3.682,3.682,3.682,0.0,3.682,0
2023-10-18,3.675,3.675,3.675,3.675,0.0,3.675,0
2023-10-19,3.681,3.681,3.681,3.681,0.0,3.681,0
2023-10-20,3.687,3.687,3.687,3.687,0.0,3.687,0
2023-10-23,3.691,3.691,3.691,3.691,0.0,3.691,0
2023-10-24,3.68,3.68,3.676,3.676,1.0,3.68,1
2023-10-25,3.685,3.685,3.685,3.685,0.0,3.685,0
2023-10-26,3.673,3.673,3.673,3.673,0.0,3.673,0
2023-10-27,3.671,3.671,3.671,3.671,0.0,3.671,0
2023-10-30,3.697,3.697,3.697,3.697,0.0,3.697,0
2023-10-31,3.687,3.687,3.687,3.687,0.0,3.687,0
2023-11-01,3.729,3.729,3.729,3.729,0.0,3.729,0
2023-11-02,3.74,3.796,3.74,3.796,2.0,3.74,1
2023-11-03,3.804,3.804,3.804,3.804,0.0,3.804,0
2023-11-06,3.822,3.822,3.822,3.822,0.0,3.822,0
2023-11-07,3.811,3.811,3.811,3.811,0.0,3.811,0
2023-11-08,3.765,3.765,3.765,3.765,0.0,3.765,0
2023-11-09,3.757,3.757,3.757,3.757,0.0,3.757,0
2023-11-10,3.741,3.741,3.741,3.741,0.0,3.741,0
2023-11-13,3.766,3.766,3.766,3.766,0.0,3.766,0
2023-11-14,3.757,3.757,3.757,3.757,0.0,3.757,0
2023-11-15,3.785,3.785,3.785,3.785,0.0,3.785,0
2023-11-16,3.76,3.76,3.76,3.76,0.0,3.76,0
2023-11-17,3.735,3.735,3.735,3.735,0.0,3.735,0
2023-11-20,3.703,3.703,3.703,3.703,0.0,3.703,0
2023-11-21,3.658,3.658,3.658,3.658,0.0,3.658,0
2023-11-22,3.675,3.675,3.675,3.675,0.0,3.675,0
2023-11-23,3.675,3.675,3.675,3.675,0.0,3.675,0
2023-11-24,3.711,3.711,3.711,3.711,0.0,3.711,0
2023-11-27,3.713,3.713,3.713,3.713,0.0,3.713,0
2023-11-28,3.663,3.663,3.663,3.663,0.0,3.663,0
2023-11-29,3.653,3.653,3.653,3.653,0.0,3.653,0
2023-11-30,3.625,3.625,3.625,3.625,0.0,3.625,0
2023-12-01,3.644,3.644,3.644,3.644,0.0,3.644,0
2023-12-04,3.598,3.598,3.598,3.598,0.0,3.598,0
2023-12-05,3.603,3.603,3.603,3.603,0.0,3.603,0
2023-12-06,3.474,3.474,3.446,3.446,2.0,3.462,2
2023-12-07,3.436,3.436,3.436,3.436,0.0,3.436,0
2023-12-08,3.376,3.376,3.376,3.376,0.0,3.376,0
2023-12-11,3.318,3.34,3.318,3.34,3.0,3.318,1
2023-12-12,3.34,3.342,3.34,3.342,1.0,3.34,1
2023-12-13,3.377,3.377,3.377,3.377,0.0,3.377,0
2023-12-14,3.405,3.441,3.405,3.441,1.0,3.405,1
2023-12-15,3.507,3.507,3.507,3.507,0.0,3.507,0
2023-12-18,3.508,3.508,3.508,3.508,0.0,3.508,0
2023-12-19,3.469,3.469,3.469,3.469,0.0,3.469,0
2023-12-20,3.483,3.483,3.483,3.483,0.0,3.483,0
2023-12-21,3.525,3.525,3.515,3.515,1.0,3.525,1
2023-12-22,3.422,3.422,3.422,3.422,0.0,3.422,0
2023-12-26,3.399,3.399,3.399,3.399,0.0,3.399,0
2023-12-27,3.432,3.432,3.432,3.432,0.0,3.432,0
2023-12-28,3.482,3.482,3.482,3.482,0.0,3.482,0
2023-12-29,3.504,3.504,3.504,3.504,0.0,3.504,0
2024-01-02,3.516,3.516,3.516,3.516,0.0,3.516,0
2024-01-03,3.53,3.53,3.515,3.515,6.0,3.53,1
2024-01-04,3.538,3.538,3.538,3.538,0.0,3.538,0
2024-01-05,3.574,3.574,3.574,3.574,0.0,3.574,0
2024-01-08,3.6,3.6,3.6,3.6,0.0,3.6,0
2024-01-09,3.586,3.586,3.586,3.586,0.0,3.586,0
2024-01-10,3.556,3.556,3.556,3.556,0.0,3.556,0
2024-01-11,3.536,3.536,3.536,3.536,0.0,3.536,0
2024-01-12,3.53,3.53,3.522,3.522,5.0,3.53,1
2024-01-15,3.522,3.522,3.522,3.522,0.0,3.522,0
2024-01-16,3.506,3.506,3.506,3.506,0.0,3.506,0
2024-01-17,3.547,3.547,3.547,3.547,0.0,3.547,0
2024-01-18,3.529,3.529,3.529,3.529,0.0,3.529,0
2024-01-19,3.478,3.478,3.478,3.478,0.0,3.478,0
2024-01-22,3.442,3.442,3.442,3.442,0.0,3.442,0
2024-01-23,3.509,3.509,3.509,3.509,0.0,3.509,0
2024-01-24,3.494,3.494,3.494,3.494,0.0,3.494,0
2024-01-25,3.423,3.423,3.423,3.423,0.0,3.423,0
2024-01-26,3.442,3.442,3.442,3.442,0.0,3.442,0
2024-01-29,3.404,3.404,3.404,3.404,0.0,3.404,0
2024-01-30,3.385,3.4,3.385,3.4,7.0,3.385,1
2024-01-31,3.414,3.414,3.399,3.399,2.0,3.414,2
2024-02-01,3.387,3.387,3.387,3.387,0.0,3.387,0
2024-02-02,3.419,3.419,3.419,3.419,0.0,3.419,0
2024-02-05,3.414,3.414,3.414,3.414,0.0,3.414,0
2024-02-06,3.414,3.414,3.407,3.407,2.0,3.414,1
2024-02-07,3.412,3.412,3.412,3.412,0.0,3.412,0
2024-02-08,3.41,3.41,3.406,3.406,1.0,3.41,1
2024-02-09,3.408,3.422,3.408,3.422,1.0,3.408,1
2024-02-12,3.432,3.432,3.411,3.411,1.0,3.432,1
2024-02-13,3.407,3.407,3.407,3.407,0.0,3.407,0
2024-02-14,3.349,3.349,3.349,3.349,0.0,3.349,0
2024-02-15,3.33,3.33,3.305,3.305,1.0,3.33,1
2024-02-16,3.274,3.274,3.274,3.274,0.0,3.274,0
2024-02-19,3.274,3.274,3.274,3.274,0.0,3.274,0
2024-02-20,3.306,3.306,3.306,3.306,0.0,3.306,0
2024-02-21,3.384,3.384,3.384,3.384,0.0,3.384,0
2024-02-22,3.419,3.419,3.419,3.419,0.0,3.419,0
2024-02-23,3.385,3.387,3.385,3.387,8.0,3.385,1
2024-02-26,3.413,3.413,3.413,3.413,0.0,3.413,0
2024-02-27,3.446,3.446,3.431,3.431,1.0,3.446,1
2024-02-28,3.464,3.464,3.464,3.464,0.0,3.464,0
2024-02-29,3.457,3.457,3.457,3.457,0.0,3.457,0
2024-03-01,3.446,3.446,3.446,3.446,0.0,3.446,0
2024-03-04,3.472,3.472,3.464,3.464,1.0,3.472,1
2024-03-05,3.455,3.477,3.455,3.477,10.0,3.455,1
2024-03-06,3.482,3.482,3.481,3.481,1.0,3.482,1
2024-03-07,3.469,3.469,3.469,3.469,0.0,3.469,0
2024-03-08,3.46,3.46,3.46,3.46,0.0,3.46,0
2024-03-11,3.464,3.464,3.464,3.464,0.0,3.464,0
2024-03-12,3.466,3.466,3.466,3.466,0.0,3.466,0
2024-03-13,3.469,3.469,3.469,3.469,0.0,3.469,0
2024-03-14,3.472,3.478,3.472,3.478,2.0,3.472,2
2024-03-15,3.448,3.448,3.448,3.448,0.0,3.448,0
2024-03-18,3.471,3.489,3.471,3.489,3.0,3.471,3
2024-03-19,3.487,3.49,3.487,3.49,9.0,3.487,1
2024-03-20,3.466,3.466,3.466,3.466,0.0,3.466,0
2024-03-21,3.45,3.45,3.45,3.45,0.0,3.45,0
2024-03-22,3.44,3.44,3.44,3.44,0.0,3.44,0
2024-03-25,3.425,3.431,3.425,3.431,5.0,3.425,5
2024-03-26,3.425,3.465,3.425,3.46,10.0,3.449,6
2024-03-27,3.417,3.448,3.417,3.448,5.0,3.4194,2
2024-03-28,3.445,3.477,3.445,3.477,1.0,3.445,1
2024-04-01,3.456,3.494,3.456,3.494,7.0,3.4737,4
2024-04-02,3.515,3.52,3.494,3.505,31.0,3.5132,10
2024-04-03,3.499,3.504,3.499,3.504,13.0,3.5002,4
2024-04-04,3.48,3.488,3.48,3.488,8.0,3.48,2
2024-04-05,3.475,3.49,3.475,3.485,11.0,3.4845,2
2024-04-08,3.492,3.506,3.492,3.506,5.0,3.492,5
2024-04-09,3.52,3.52,3.5,3.508,29.0,3.5044,6
2024-04-10,3.509,3.532,3.509,3.514,9.0,3.5176,5
2024-04-11,3.562,3.563,3.562,3.563,2.0,3.562,1
2024-04-12,3.6,3.628,3.59,3.628,8.0,3.5987,3
2024-04-15,3.625,3.658,3.625,3.658,3.0,3.63,2
2024-04-16,3.645,3.663,3.645,3.663,9.0,3.6483,2
2024-04-17,3.64,3.648,3.64,3.648,2.0,3.64,1
2024-04-18,3.63,3.642,3.63,3.642,7.0,3.6307,3
2024-04-19,3.63,3.637,3.63,3.637,28.0,3.6311,6
2024-04-22,3.653,3.653,3.653,3.653,0.0,3.653,0
2024-04-23,3.661,3.661,3.661,3.661,0.0,3.661,0
2024-04-24,3.675,3.686,3.675,3.686,1.0,3.675,1
2024-04-25,3.668,3.668,3.668,3.668,0.0,3.668,0
2024-04-26,3.678,3.678,3.678,3.678,0.0,3.678,0
2024-04-29,3.698,3.698,3.698,3.698,0.0,3.698,0
2024-04-30,3.686,3.69,3.665,3.69,4.0,3.6703,2
2024-05-01,3.67,3.679,3.67,3.679,1.0,3.67,1
2024-05-02,3.669,3.669,3.669,3.669,0.0,3.669,0
2024-05-03,3.662,3.668,3.643,3.643,3.0,3.666,2
2024-05-06,3.645,3.645,3.645,3.645,0.0,3.645,0
2024-05-07,3.601,3.601,3.601,3.601,0.0,3.601,0
2024-05-08,3.562,3.562,3.562,3.562,0.0,3.562,0
2024-05-09,3.517,3.517,3.513,3.513,4.0,3.517,1
2024-05-10,3.53,3.547,3.523,3.547,8.0,3.5239,2
2024-05-13,3.555,3.555,3.555,3.555,0.0,3.555,0
2024-05-14,3.57,3.57,3.57,3.57,0.0,3.57,0
2024-05-15,3.592,3.61,3.592,3.601,32.0,3.6089,8
2024-05-16,3.638,3.638,3.635,3.635,1.0,3.638,1
2024-05-17,3.65,3.65,3.65,3.65,10.0,3.65,1
2024-05-20,3.671,3.676,3.671,3.676,2.0,3.671,2
2024-05-21,3.66,3.66,3.66,3.66,0.0,3.66,0
2024-05-22,3.646,3.668,3.646,3.668,30.0,3.646,1
2024-05-23,3.648,3.659,3.647,3.647,9.0,3.6529,6
2024-05-24,3.635,3.635,3.613,3.613,1.0,3.635,1
2024-05-27,3.613,3.613,3.613,3.613,0.0,3.613,0
2024-05-28,3.609,3.609,3.6,3.6,5.0,3.609,3
2024-05-29,3.587,3.587,3.552,3.552,1.0,3.587,1
2024-05-30,3.529,3.529,3.529,3.529,0.0,3.529,0
2024-05-31,3.52,3.52,3.514,3.517,18.0,3.5173,3
2024-06-03,3.539,3.539,3.53,3.53,32.0,3.5388,3
2024-06-04,3.575,3.575,3.517,3.517,2.0,3.575,1
2024-06-05,3.554,3.56,3.554,3.56,6.0,3.5563,3
2024-06-06,3.571,3.572,3.565,3.565,32.0,3.5673,3
2024-06-07,3.58,3.58,3.567,3.567,39.0,3.5786,7
2024-06-10,3.598,3.598,3.576,3.58,21.0,3.586,16
2024-06-11,3.62,3.659,3.594,3.622,37.0,3.6073,15
2024-06-12,3.606,3.617,3.567,3.591,61.0,3.5987,15
2024-06-13,3.594,3.594,3.54,3.557,13.0,3.5544,7
2024-06-14,3.539,3.578,3.539,3.558,30.0,3.557,16
2024-06-17,3.543,3.578,3.537,3.576,8.0,3.5573,4
2024-06-18,3.589,3.594,3.562,3.592,36.0,3.5869,20
2024-06-19,3.592,3.592,3.592,3.592,0.0,3.592,0
2024-06-20,3.584,3.584,3.543,3.563,34.0,3.5634,16
2024-06-21,3.559,3.559,3.541,3.543,12.0,3.545,4
2024-06-24,3.518,3.541,3.518,3.541,14.0,3.5221,6
2024-06-25,3.516,3.525,3.51,3.514,7.0,3.517,5
2024-06-26,3.52,3.52,3.52,3.52,0.0,3.52,0
2024-06-27,3.515,3.515,3.451,3.451,10.0,3.4708,6
2024-06-28,3.458,3.463,3.458,3.463,6.0,3.458,2
2024-07-01,3.445,3.451,3.445,3.45,10.0,3.4478,7
2024-07-02,3.445,3.456,3.44,3.444,20.0,3.4512,8
2024-07-03,3.433,3.435,3.43,3.435,4.0,3.4327,3
2024-07-04,3.435,3.435,3.435,3.435,0.0,3.435,0
2024-07-05,3.434,3.44,3.42,3.42,6.0,3.436,3
2024-07-08,3.434,3.439,3.433,3.439,9.0,3.4337,7
2024-07-09,3.43,3.455,3.43,3.436,10.0,3.4442,5
2024-07-10,3.431,3.431,3.431,3.431,0.0,3.431,0
2024-07-11,3.397,3.408,3.397,3.408,1.0,3.397,1
2024-07-12,3.398,3.419,3.392,3.392,6.0,3.4042,6
2024-07-15,3.374,3.385,3.37,3.384,22.0,3.3747,10
2024-07-16,3.357,3.391,3.357,3.37,9.0,3.3758,8
2024-07-17,3.324,3.328,3.309,3.309,35.0,3.3255,35
2024-07-18,3.33,3.33,3.316,3.324,106.0,3.3248,22
2024-07-19,3.37,3.37,3.365,3.365,1.0,3.37,1
2024-07-22,3.38,3.403,3.38,3.403,16.0,3.3856,16
2024-07-23,3.388,3.388,3.384,3.384,4.0,3.386,2
2024-07-24,3.359,3.359,3.359,3.359,0.0,3.359,0
2024-07-25,3.311,3.311,3.307,3.307,2.0,3.311,1
2024-07-26,3.307,3.308,3.307,3.308,1.0,3.307,1
2024-07-29,3.243,3.281,3.243,3.275,21.0,3.2466,5
2024-07-30,3.25,3.278,3.237,3.278,110.0,3.2563,24
2024-07-31,3.266,3.272,3.266,3.27,6.0,3.2687,5
2024-08-01,3.267,3.267,3.235,3.24,6.0,3.2617,2
2024-08-02,3.244,3.251,3.229,3.242,13.0,3.2386,12
2024-08-05,3.211,3.218,3.2,3.201,35.0,3.2038,21
2024-08-06,3.181,3.204,3.175,3.194,12.0,3.1837,8
2024-08-07,3.228,3.233,3.226,3.229,13.0,3.2302,13
2024-08-08,3.245,3.293,3.235,3.285,29.0,3.2561,15
2024-08-09,3.292,3.306,3.283,3.303,38.0,3.2969,21
2024-08-12,3.329,3.329,3.291,3.306,18.0,3.3162,10
2024-08-13,3.312,3.318,3.266,3.266,19.0,3.3005,13
2024-08-14,3.263,3.306,3.254,3.3,15.0,3.2861,9
2024-08-15,3.294,3.3,3.288,3.294,29.0,3.2935,14
2024-08-16,3.263,3.264,3.239,3.239,6.0,3.2522,6
2024-08-19,3.254,3.264,3.254,3.262,11.0,3.2553,11
2024-08-20,3.268,3.305,3.244,3.302,13.0,3.2766,7
2024-08-21,3.328,3.328,3.316,3.324,12.0,3.3225,6
2024-08-22,3.296,3.32,3.292,3.319,18.0,3.3003,10
2024-08-23,3.291,3.328,3.274,3.319,41.0,3.2958,27
2024-08-26,3.28,3.32,3.28,3.311,31.0,3.2904,14
2024-08-27,3.299,3.311,3.29,3.306,35.0,3.3014,23
2024-08-28,3.282,3.302,3.275,3.299,28.0,3.2848,17
2024-08-29,3.272,3.278,3.252,3.278,44.0,3.2677,25
2024-08-30,3.266,3.271,3.262,3.271,19.0,3.2636,9
2024-09-02,3.271,3.271,3.271,3.271,0.0,3.271,0
2024-09-03,3.277,3.282,3.248,3.278,27.0,3.2666,21
2024-09-04,3.267,3.271,3.264,3.271,3.0,3.2667,3
2024-09-05,3.255,3.294,3.254,3.266,63.0,3.2795,18
2024-09-06,3.271,3.271,3.253,3.26,31.0,3.2622,16
2024-09-09,3.246,3.261,3.246,3.261,14.0,3.2537,6
2024-09-10,3.275,3.277,3.243,3.252,46.0,3.2557,44
2024-09-11,3.278,3.278,3.258,3.258,17.0,3.2742,12
2024-09-12,3.263,3.268,3.243,3.259,23.0,3.2611,16
2024-09-13,3.273,3.273,3.248,3.248,25.0,3.2644,12
2024-09-16,3.242,3.264,3.235,3.259,40.0,3.2458,32
2024-09-17,3.271,3.276,3.239,3.258,31.0,3.2625,19
2024-09-18,3.266,3.287,3.257,3.26,103.0,3.2668,30
2024-09-19,3.271,3.284,3.256,3.279,40.0,3.2721,23
2024-09-20,3.262,3.319,3.262,3.317,56.0,3.2846,36
2024-09-23,3.313,3.356,3.294,3.298,164.0,3.3184,87
2024-09-24,3.3,3.309,3.281,3.3,60.0,3.2948,38
2024-09-25,3.309,3.333,3.309,3.333,44.0,3.319,26
2024-09-26,3.315,3.348,3.315,3.348,125.0,3.3359,36
2024-09-27,3.364,3.376,3.32,3.374,106.0,3.3565,42
2024-09-30,3.351,3.375,3.351,3.365,49.0,3.363,27
2024-10-01,3.36,3.366,3.338,3.352,10.0,3.3543,10
2024-10-02,3.362,3.375,3.348,3.361,34.0,3.3604,20
2024-10-03,3.379,3.382,3.369,3.377,41.0,3.377,31
2024-10-04,3.378,3.393,3.372,3.389,42.0,3.381,33
2024-10-07,3.392,3.403,3.378,3.387,43.0,3.392,29
2024-10-08,3.389,3.389,3.351,3.375,46.0,3.3667,15
2024-10-09,3.35,3.355,3.32,3.342,38.0,3.3344,26
2024-10-10,3.32,3.34,3.291,3.34,22.0,3.3061,20
2024-10-11,3.336,3.336,3.286,3.309,29.0,3.3007,23
2024-10-14,3.285,3.285,3.266,3.269,31.0,3.2739,18
2024-10-15,3.242,3.31,3.233,3.3,63.0,3.2536,36
2024-10-16,3.278,3.293,3.248,3.274,59.0,3.2679,43
2024-10-17,3.256,3.289,3.234,3.285,56.0,3.2587,45
2024-10-18,3.261,3.263,3.245,3.252,92.0,3.2525,51
2024-10-21,3.232,3.28,3.22,3.268,77.0,3.2512,63
2024-10-22,3.271,3.314,3.268,3.304,66.0,3.2879,57
2024-10-23,3.279,3.323,3.269,3.319,68.0,3.2896,51
2024-10-24,3.316,3.341,3.3,3.332,72.0,3.3174,62
2024-10-25,3.326,3.353,3.317,3.344,53.0,3.3222,45
2024-10-28,3.313,3.314,3.268,3.301,81.0,3.2907,57
2024-10-29,3.285,3.355,3.27,3.307,41.0,3.2889,34
2024-10-30,3.335,3.357,3.319,3.344,83.0,3.3411,34
2024-10-31,3.335,3.335,3.309,3.329,31.0,3.3233,23
2024-11-01,3.318,3.332,3.312,3.324,58.0,3.3237,39
2024-11-04,3.312,3.34,3.31,3.325,41.0,3.3167,29
2024-11-05,3.328,3.328,3.29,3.296,87.0,3.307,64
2024-11-06,3.282,3.33,3.277,3.325,64.0,3.3086,41
2024-11-07,3.294,3.327,3.271,3.31,114.0,3.2997,73
2024-11-08,3.29,3.319,3.283,3.304,82.0,3.3006,56
2024-11-11,3.341,3.361,3.327,3.336,67.0,3.344,44
2024-11-12,3.324,3.352,3.323,3.336,55.0,3.3412,35
2024-11-13,3.338,3.381,3.338,3.371,77.0,3.3632,50
2024-11-14,3.371,3.391,3.357,3.36,74.0,3.3685,55
2024-11-15,3.36,3.387,3.356,3.381,31.0,3.3692,21
2024-11-18,3.401,3.406,3.379,3.404,199.0,3.3899,53
2024-11-19,3.405,3.435,3.39,3.419,49.0,3.4117,33
2024-11-20,3.425,3.459,3.425,3.455,123.0,3.4483,59
2024-11-21,3.453,3.525,3.452,3.479,221.0,3.4739,188
2024-11-22,3.488,3.488,3.424,3.47,64.0,3.4571,46
2024-11-25,3.542,3.542,3.493,3.521,112.0,3.5091,89
2024-11-26,3.505,3.53,3.492,3.526,64.0,3.5206,52
2024-11-27,3.48,3.486,3.459,3.471,21.0,3.4727,16
2024-11-28,3.471,3.471,3.471,3.471,0.0,3.471,0
2024-11-29,3.496,3.52,3.494,3.502,30.0,3.5088,22
2024-12-02,3.463,3.498,3.463,3.498,41.0,3.4884,26
2024-12-03,3.51,3.533,3.446,3.451,42.0,3.4951,35
2024-12-04,3.447,3.503,3.447,3.499,46.0,3.4761,35
2024-12-05,3.508,3.513,3.499,3.506,16.0,3.5032,9
2024-12-06,3.483,3.519,3.483,3.516,60.0,3.5076,44
2024-12-09,3.531,3.531,3.494,3.514,26.0,3.5195,16
2024-12-10,3.497,3.509,3.468,3.506,64.0,3.4953,51
2024-12-11,3.505,3.528,3.503,3.523,45.0,3.5123,40
2024-12-12,3.527,3.54,3.494,3.53,155.0,3.5254,110
2024-12-13,3.534,3.545,3.486,3.503,153.0,3.5123,102
2024-12-16,3.504,3.507,3.484,3.484,129.0,3.5002,94
2024-12-17,3.482,3.504,3.472,3.497,111.0,3.4859,81
2024-12-18,3.488,3.512,3.482,3.484,72.0,3.5003,46
2024-12-19,3.51,3.537,3.493,3.512,142.0,3.5125,102
2024-12-20,3.514,3.557,3.5,3.542,161.0,3.533,119
2024-12-23,3.541,3.574,3.538,3.559,127.0,3.5532,55
2024-12-24,3.571,3.573,3.558,3.573,19.0,3.5673,18
2024-12-26,3.567,3.568,3.544,3.565,253.0,3.5576,164
2024-12-27,3.614,3.616,3.575,3.614,67.0,3.5982,51
2024-12-30,3.618,3.681,3.608,3.647,128.0,3.6479,104
2024-12-31,3.632,3.632,3.574,3.602,127.0,3.6037,84
2025-01-02,3.626,3.655,3.607,3.611,159.0,3.6406,118
2025-01-03,3.588,3.614,3.54,3.555,164.0,3.571,128
2025-01-06,3.595,3.607,3.579,3.584,110.0,3.5921,89
2025-01-07,3.556,3.621,3.555,3.564,117.0,3.588,85
2025-01-08,3.623,3.634,3.589,3.6,225.0,3.6054,189
2025-01-09,3.605,3.661,3.576,3.612,149.0,3.6125,122
2025-01-10,3.657,3.659,3.629,3.636,237.0,3.6444,180
2025-01-13,3.723,3.723,3.642,3.653,145.0,3.6625,119
2025-01-14,3.656,3.676,3.634,3.666,161.0,3.6525,130
2025-01-15,3.654,3.716,3.654,3.706,371.0,3.6828,235
2025-01-16,3.68,3.8,3.674,3.787,571.0,3.7362,334
2025-01-17,3.745,3.745,3.681,3.705,420.0,3.7122,277
2025-01-20,3.696,3.707,3.678,3.705,82.0,3.6885,45
2025-01-21,3.673,3.712,3.663,3.675,143.0,3.6816,95
2025-01-22,3.664,3.771,3.664,3.75,262.0,3.7321,188
2025-01-23,3.736,3.79,3.715,3.767,189.0,3.744,127
2025-01-24,3.747,3.772,3.71,3.772,121.0,3.7373,86
2025-01-27,3.695,3.707,3.619,3.682,260.0,3.6646,155
2025-01-28,3.654,3.655,3.603,3.609,173.0,3.6228,110
2025-01-29,3.593,3.683,3.59,3.663,496.0,3.637,292
2025-01-30,3.691,3.692,3.584,3.587,257.0,3.6143,157
2025-01-31,3.59,3.624,3.558,3.59,195.0,3.5973,138
2025-02-03,3.663,3.717,3.649,3.679,258.0,3.6698,170
2025-02-04,3.649,3.673,3.626,3.657,161.0,3.6514,107
2025-02-05,3.628,3.698,3.614,3.676,363.0,3.6612,161
2025-02-06,3.676,3.701,3.656,3.683,348.0,3.6693,149
2025-02-07,3.654,3.692,3.643,3.656,352.0,3.6693,207
2025-02-10,3.678,3.77,3.669,3.765,508.0,3.7298,287
2025-02-11,3.769,3.82,3.766,3.801,520.0,3.8014,264
2025-02-12,3.791,3.814,3.774,3.814,393.0,3.802,249
2025-02-13,3.853,3.886,3.797,3.837,549.0,3.8474,405
2025-02-14,3.868,3.896,3.832,3.854,319.0,3.8477,219
2025-02-17,3.792,3.854,3.767,3.854,45.0,3.7909,40
2025-02-18,3.761,3.967,3.761,3.965,694.0,3.9032,456
2025-02-19,3.917,4.02,3.914,4.004,519.0,3.9862,420
2025-02-20,4.015,4.033,3.888,3.9,432.0,3.9323,354
2025-02-21,3.919,3.953,3.875,3.897,462.0,3.9157,378
2025-02-24,3.847,3.883,3.825,3.864,247.0,3.853,209
2025-02-25,3.86,3.891,3.855,3.889,354.0,3.872,243
2025-02-26,3.89,3.891,3.771,3.786,649.0,3.8043,417
2025-02-27,3.789,3.805,3.75,3.759,323.0,3.7792,248
2025-02-28,3.764,3.786,3.74,3.774,315.0,3.7671,234
2025-03-03,3.79,3.86,3.785,3.848,501.0,3.8214,370
2025-03-04,3.825,3.906,3.786,3.862,1165.0,3.8788,777
2025-03-05,3.866,3.927,3.835,3.921,539.0,3.8743,289
2025-03-06,3.91,3.918,3.86,3.873,360.0,3.8884,279
2025-03-07,3.876,4.03,3.847,4.009,523.0,3.9095,364
2025-03-10,4.128,4.177,4.058,4.071,291.0,4.0923,233
2025-03-11,4.053,4.135,4.05,4.12,309.0,4.1107,250
2025-03-12,4.06,4.088,4.01,4.036,536.0,4.0439,393
2025-03-13,4.028,4.109,3.98,4.093,476.0,4.0545,366
2025-03-14,4.074,4.157,4.046,4.124,332.0,4.098,261
2025-03-17,4.151,4.151,4.08,4.106,274.0,4.1068,195
2025-03-18,4.101,4.125,4.071,4.09,291.0,4.1023,184
2025-03-19,4.097,4.144,4.083,4.139,498.0,4.1226,360
2025-03-20,4.112,4.134,4.043,4.046,607.0,4.0838,369
2025-03-21,4.049,4.069,4.004,4.033,383.0,4.0384,271
2025-03-24,3.985,4.066,3.985,4.04,151.0,4.0325,138
2025-03-25,4.036,4.073,4.013,4.038,138.0,4.0404,104
2025-03-26,4.038,4.073,4.026,4.039,267.0,4.0526,206
2025-03-27,4.038,4.076,3.972,4.068,419.0,4.0315,316
2025-03-28,4.037,4.087,4.021,4.07,317.0,4.0555,251
2025-03-31,4.089,4.119,4.077,4.09,270.0,4.0884,200
2025-04-01,4.084,4.087,4.028,4.033,368.0,4.059,256
2025-04-02,4.055,4.094,4.031,4.069,308.0,4.0745,260
2025-04-03,4.053,4.097,4.021,4.056,450.0,4.0538,319
2025-04-04,4.038,4.047,3.849,3.904,1664.0,3.9024,1039
2025-04-07,3.823,3.907,3.749,3.783,853.0,3.8212,611
2025-04-08,3.775,3.854,3.683,3.714,797.0,3.7597,626
2025-04-09,3.701,3.875,3.578,3.869,3504.0,3.7129,2020
2025-04-10,3.821,3.851,3.68,3.738,1186.0,3.7434,605
2025-04-11,3.665,3.748,3.658,3.748,1168.0,3.7211,617
2025-04-14,3.732,3.82,3.694,3.702,528.0,3.7361,381
2025-04-15,3.707,3.778,3.695,3.772,1838.0,3.7356,1141
2025-04-16,3.745,3.829,3.735,3.815,989.0,3.7949,575
2025-04-17,3.823,3.872,3.81,3.834,462.0,3.8433,306
2025-04-21,3.823,3.865,3.731,3.736,953.0,3.7596,602
2025-04-22,3.758,3.791,3.742,3.75,1005.0,3.7556,721
2025-04-23,3.762,3.818,3.736,3.775,1212.0,3.7712,839
2025-04-24,3.755,3.794,3.734,3.788,646.0,3.7604,440
2025-04-25,3.779,3.824,3.758,3.78,678.0,3.791,476
2025-04-28,3.799,3.883,3.74,3.859,1634.0,3.8405,804
2025-04-29,3.885,3.922,3.862,3.906,1512.0,3.9006,841
2025-04-30,3.929,3.969,3.896,3.948,788.0,3.9329,454
2025-05-01,3.978,4.044,3.972,4.025,778.0,4.0082,398
2025-05-02,4.009,4.099,4.008,4.078,1433.0,4.0669,778
2025-05-05,4.12,4.187,4.095,4.101,1538.0,4.125,936
2025-05-06,4.105,4.16,4.075,4.088,753.0,4.1185,549
2025-05-07,4.131,4.141,4.069,4.074,770.0,4.0998,471
2025-05-08,4.072,4.089,4.023,4.045,589.0,4.0564,332
2025-05-09,4.078,4.103,4.046,4.097,798.0,4.0842,547
2025-05-12,4.091,4.118,4.058,4.066,259.0,4.085,159
2025-05-13,4.087,4.127,4.055,4.107,892.0,4.0838,496
2025-05-14,4.088,4.101,4.041,4.062,681.0,4.0612,481
2025-05-15,4.052,4.102,4.036,4.049,1204.0,4.0599,539
2025-05-16,4.051,4.08,4.02,4.064,526.0,4.0611,307
2025-05-19,4.019,4.028,3.893,3.904,1684.0,3.9678,1176
2025-05-20,3.922,4.037,3.913,4.03,1298.0,3.9892,753
2025-05-21,4.033,4.103,4.004,4.039,675.0,4.0437,413
2025-05-22,4.031,4.07,4.001,4.037,1289.0,4.0364,540
2025-05-23,4.058,4.092,4.024,4.092,1038.0,4.0647,631
2025-05-27,4.089,4.133,4.052,4.086,1158.0,4.0841,755
2025-05-28,4.086,4.102,3.991,4.01,1473.0,4.026,1116
2025-05-29,4.014,4.018,3.936,3.983,917.0,3.9591,589
2025-05-30,3.988,4.008,3.948,3.968,665.0,3.9708,471
2025-06-02,4.0,4.074,3.996,4.054,735.0,4.0378,483
2025-06-03,4.076,4.097,4.031,4.089,577.0,4.0693,361
2025-06-04,4.088,4.132,4.076,4.124,767.0,4.1067,532
2025-06-05,4.118,4.147,4.085,4.112,843.0,4.123,586
2025-06-06,4.133,4.173,4.105,4.151,1725.0,4.1448,941
2025-06-09,4.123,4.128,4.07,4.124,996.0,4.0961,607
2025-06-10,4.13,4.144,4.063,4.089,712.0,4.0897,484
2025-06-11,4.101,4.109,4.028,4.056,671.0,4.0657,447
2025-06-12,4.069,4.103,4.026,4.03,606.0,4.0562,365
2025-06-13,4.068,4.083,4.018,4.053,1079.0,4.0499,620
2025-06-16,4.098,4.104,4.073,4.097,834.0,4.0917,533
2025-06-17,4.111,4.158,4.106,4.144,1626.0,4.1365,1081
2025-06-18,4.158,4.217,4.158,4.174,1619.0,4.1846,1074
2025-06-20,4.176,4.231,4.139,4.161,1742.0,4.1886,1129
2025-06-23,4.176,4.196,4.103,4.129,1327.0,4.1417,933
2025-06-24,4.098,4.135,4.069,4.082,1393.0,4.0953,917
2025-06-25,4.09,4.101,4.057,4.066,700.0,4.0687,463
2025-06-26,4.055,4.081,4.024,4.071,1251.0,4.0448,815
2025-06-27,4.087,4.13,4.087,4.118,1057.0,4.1152,678
2025-06-30,4.084,4.084,3.957,3.973,1607.0,3.9889,1086
2025-07-01,3.979,3.981,3.814,3.939,2156.0,3.8845,1318
2025-07-02,3.931,3.967,3.882,3.956,1214.0,3.946,836
2025-07-03,3.965,4.017,3.892,3.908,983.0,3.9531,691
2025-07-07,3.904,3.97,3.822,3.944,1198.0,3.8894,832
2025-07-08,3.926,3.986,3.921,3.934,1015.0,3.9449,622
2025-07-09,3.92,3.938,3.829,3.889,1362.0,3.8702,939
2025-07-10,3.881,3.971,3.866,3.956,767.0,3.9209,532
2025-07-11,3.961,3.999,3.938,3.99,744.0,3.9818,556
2025-07-14,4.001,4.07,4.001,4.043,1051.0,4.0518,654
2025-07-15,4.019,4.073,4.013,4.065,1468.0,4.0588,889
2025-07-16,4.076,4.08,4.042,4.06,529.0,4.0598,396
2025-07-17,4.05,4.071,3.998,4.026,875.0,4.028,562
2025-07-18,4.004,4.036,3.893,3.992,1609.0,3.9732,1036
2025-07-21,3.903,3.928,3.83,3.871,2056.0,3.8622,1227
2025-07-22,3.855,3.879,3.811,3.874,1402.0,3.8528,982
2025-07-23,3.862,3.869,3.785,3.794,1818.0,3.8095,1225
2025-07-24,3.793,3.83,3.784,3.798,1344.0,3.8045,946
2025-07-25,3.795,3.817,3.743,3.76,1148.0,3.7713,778
2025-07-28,3.739,3.757,3.64,3.686,1781.0,3.6911,978
2025-07-29,3.696,3.735,3.691,3.717,1032.0,3.7118,678
2025-07-30,3.72,3.753,3.665,3.707,1207.0,3.701,795
2025-07-31,3.693,3.754,3.664,3.742,1173.0,3.7097,836
2025-08-01,3.726,3.752,3.713,3.744,786.0,3.7359,585
2025-08-04,3.71,3.73,3.635,3.666,1199.0,3.6602,726
2025-08-05,3.667,3.705,3.653,3.682,839.0,3.6799,525
2025-08-06,3.68,3.728,3.646,3.718,1003.0,3.697,568
2025-08-07,3.711,3.743,3.687,3.714,596.0,3.714,385
2025-08-08,3.725,3.738,3.644,3.663,728.0,3.6729,473
2025-08-11,3.624,3.686,3.616,3.671,862.0,3.6508,610
2025-08-12,3.675,3.675,3.6,3.621,1486.0,3.6264,874
2025-08-13,3.605,3.635,3.589,3.605,726.0,3.6048,479
2025-08-14,3.615,3.615,3.556,3.585,1137.0,3.5804,760
2025-08-15,3.586,3.651,3.571,3.626,914.0,3.6282,568
2025-08-18,3.611,3.645,3.588,3.63,843.0,3.6147,592
2025-08-19,3.619,3.622,3.558,3.579,1148.0,3.5772,734
2025-08-20,3.581,3.599,3.562,3.581,1168.0,3.5822,863
2025-08-21,3.595,3.632,3.568,3.613,1114.0,3.5983,704
2025-08-22,3.614,3.618,3.561,3.572,856.0,3.5865,581
2025-08-25,3.553,3.563,3.515,3.552,792.0,3.546,519
2025-08-26,3.548,3.603,3.524,3.579,1449.0,3.5707,993
2025-08-27,3.596,3.653,3.589,3.627,875.0,3.6295,588
2025-08-28,3.634,3.693,3.604,3.67,1092.0,3.6523,702
2025-08-29,3.688,3.728,3.659,3.709,1052.0,3.6892,677
2025-09-02,3.687,3.733,3.655,3.688,1193.0,3.6803,801
2025-09-03,3.676,3.74,3.669,3.698,1014.0,3.7008,590
2025-09-04,3.693,3.719,3.673,3.699,1029.0,3.6942,649
2025-09-05,3.697,3.713,3.636,3.651,877.0,3.6791,559
2025-09-08,3.665,3.704,3.652,3.678,950.0,3.6831,544
2025-09-09,3.664,3.708,3.642,3.696,1166.0,3.6779,699
2025-09-10,3.679,3.704,3.656,3.681,880.0,3.6785,515
2025-09-11,3.688,3.699,3.66,3.674,1227.0,3.6752,694
2025-09-12,3.666,3.68,3.638,3.643,643.0,3.6588,408
2025-09-15,3.663,3.685,3.624,3.682,887.0,3.6601,537
2025-09-16,3.666,3.719,3.629,3.711,916.0,3.7003,585
2025-09-17,3.718,3.744,3.7,3.725,856.0,3.728,503
2025-09-18,3.716,3.73,3.659,3.674,1704.0,3.6821,1015
2025-09-19,3.673,3.703,3.649,3.662,2428.0,3.6761,1331
2025-09-22,3.668,3.685,3.617,3.621,1586.0,3.6361,1054
2025-09-23,3.619,3.621,3.58,3.608,1623.0,3.5978,1141
2025-09-24,3.602,3.625,3.576,3.61,1348.0,3.5997,925
2025-09-25,3.634,3.671,3.611,3.649,1169.0,3.6522,794
2025-09-26,3.653,3.682,3.631,3.669,1285.0,3.6555,726
2025-09-29,3.716,3.716,3.64,3.698,1317.0,3.6757,686
2025-09-30,3.703,3.731,3.682,3.687,1394.0,3.7049,720
2025-10-01,3.707,3.796,3.697,3.787,2507.0,3.7492,1364
2025-10-02,3.781,3.886,3.768,3.832,2922.0,3.8336,1608
2025-10-03,3.847,3.864,3.808,3.82,1803.0,3.8327,1089
2025-10-06,3.84,3.895,3.806,3.819,1026.0,3.833,702
2025-10-07,3.821,3.893,3.794,3.877,1751.0,3.8468,1031
2025-10-08,3.878,3.893,3.812,3.818,1568.0,3.8358,1075
2025-10-09,3.807,3.826,3.758,3.775,1587.0,3.7821,1136
2025-10-10,3.748,3.748,3.699,3.712,2063.0,3.72,1119
2025-10-13,3.717,3.728,3.672,3.724,1362.0,3.7033,939
2025-10-14,3.708,3.708,3.655,3.661,2323.0,3.6661,1496
2025-10-15,3.652,3.678,3.622,3.66,1944.0,3.6444,1361
2025-10-16,3.66,3.687,3.622,3.625,2101.0,3.6457,1560
2025-10-17,3.625,3.695,3.602,3.693,2024.0,3.6508,1326
2025-10-20,3.752,3.83,3.738,3.822,4894.0,3.7987,2815
2025-10-21,3.789,3.862,3.764,3.839,2245.0,3.8112,1491
2025-10-22,3.846,3.864,3.789,3.804,2156.0,3.8177,1511
2025-10-23,3.81,3.849,3.762,3.785,1529.0,3.7954,1062
2025-10-24,3.764,3.8,3.72,3.768,1507.0,3.7548,1064
2025-10-27,3.821,3.821,3.729,3.788,1653.0,3.7755,1207
2025-10-28,3.773,3.776,3.695,3.716,2712.0,3.715,1975
2025-10-29,3.734,3.739,3.672,3.717,2492.0,3.7086,1500
2025-10-30,3.716,3.828,3.694,3.771,1937.0,3.7588,1169
2025-10-31,3.842,3.865,3.79,3.842,2753.0,3.8253,1693
2025-11-03,3.869,3.91,3.811,3.905,3186.0,3.8656,2038
2025-11-04,3.885,3.978,3.87,3.935,3436.0,3.9144,2115
2025-11-05,3.907,3.932,3.853,3.865,2599.0,3.8915,1486
2025-11-06,3.858,3.912,3.812,3.88,2658.0,3.8788,1667
2025-11-07,3.897,3.913,3.848,3.884,2415.0,3.8811,1659
2025-11-10,3.939,3.971,3.82,3.872,2835.0,3.8689,1664
2025-11-11,3.894,3.973,3.853,3.964,2573.0,3.9343,1599
2025-11-12,3.949,3.993,3.93,3.974,2222.0,3.9626,1474
2025-11-13,3.98,4.032,3.954,3.996,2925.0,4.0035,1789
2025-11-14,3.967,3.99,3.885,3.946,2436.0,3.9298,1563
2025-11-17,3.916,3.943,3.875,3.903,2428.0,3.9111,1525
2025-11-18,3.877,3.914,3.838,3.883,2239.0,3.8742,1489
2025-11-19,3.888,3.966,3.879,3.942,3231.0,3.9329,2193
2025-11-20,3.932,3.984,3.91,3.92,2965.0,3.944,1755
2025-11-21,3.919,3.966,3.905,3.926,3033.0,3.9311,2037
2025-11-24,3.88,3.895,3.843,3.883,2760.0,3.867,1852
2025-11-25,3.86,3.87,3.763,3.789,3672.0,3.7907,2106
2025-11-26,3.793,3.841,3.778,3.793,1993.0,3.8102,1336
2025-11-28,3.815,3.877,3.769,3.861,1924.0,3.8428,1383
2025-12-01,3.896,3.898,3.833,3.87,3860.0,3.8655,2448
2025-12-02,3.842,3.901,3.842,3.893,4410.0,3.8868,2830
2025-12-03,3.895,4.049,3.892,4.032,5295.0,4.0042,3259
2025-12-04,4.055,4.1,4.009,4.094,4544.0,4.0598,2997
2025-12-05,4.1,4.246,4.095,4.183,7656.0,4.1855,4871
2025-12-08,4.07,4.137,3.885,3.932,5079.0,3.9839,3087
2025-12-09,3.905,3.915,3.806,3.81,4046.0,3.8474,2494
2025-12-10,3.833,3.862,3.761,3.829,3954.0,3.8259,2375
2025-12-11,3.842,3.842,3.712,3.752,4232.0,3.7486,2624
2025-12-12,3.738,3.742,3.598,3.606,5882.0,3.6483,3356
2025-12-15,3.637,3.655,3.507,3.548,4903.0,3.5572,2768
2025-12-16,3.56,3.567,3.468,3.493,5807.0,3.4949,3214
2025-12-17,3.531,3.6,3.508,3.557,4741.0,3.5619,3088
2025-12-18,3.603,3.638,3.423,3.455,5619.0,3.5245,3195
2025-12-19,3.455,3.464,3.39,3.439,3714.0,3.4273,2558
2025-12-22,3.495,3.503,3.311,3.35,5193.0,3.361,2975
2025-12-23,3.353,3.532,3.348,3.508,4522.0,3.4519,2805
2025-12-24,3.52,3.559,3.448,3.452,2591.0,3.4985,1722
2025-12-26,3.477,3.551,3.468,3.534,2581.0,3.5235,1705
2025-12-29,3.577,3.617,3.537,3.603,4070.0,3.5925,2664
2025-12-30,3.608,3.679,3.574,3.588,3463.0,3.6254,1868
2025-12-31,3.594,3.598,3.427,3.431,2866.0,3.4665,1777
2026-01-02,3.421,3.421,3.331,3.339,2565.0,3.378,1566
2026-01-05,3.303,3.303,3.133,3.201,7777.0,3.1867,4037
2026-01-06,3.193,3.194,3.105,3.151,4871.0,3.1522,2775
2026-01-07,3.203,3.252,3.183,3.225,4020.0,3.2244,2251
2026-01-08,3.251,3.263,3.133,3.139,4737.0,3.1672,2670
2026-01-09,3.15,3.154,2.975,2.991,8783.0,3.042,5481
2026-01-12,3.054,3.14,3.008,3.131,7956.0,3.0686,4836
2026-01-13,3.102,3.17,3.057,3.159,5365.0,3.1266,3285
2026-01-14,3.141,3.152,2.924,3.009,10465.0,2.9945,5858
2026-01-15,2.991,3.008,2.905,2.998,7017.0,2.9556,4429
2026-01-16,3.008,3.047,2.938,2.992,6436.0,2.983,4299
2026-01-20,3.129,3.401,3.114,3.396,17632.0,3.284,9694
2026-01-21,3.37,3.7,3.31,3.605,15832.0,3.5875,10432
2026-01-22,3.61,3.737,3.524,3.645,15308.0,3.6553,10785
2026-01-23,3.601,3.724,3.556,3.683,11264.0,3.6547,7702
2026-01-26,3.815,3.935,3.678,3.811,17922.0,3.7764,12283
2026-01-27,3.773,3.871,3.64,3.833,12797.0,3.7688,9226
2026-01-28,3.796,3.882,3.721,3.786,10609.0,3.795,6913
2026-01-29,3.79,3.898,3.761,3.893,12876.0,3.821,7913
2026-01-30,3.841,4.218,3.821,4.154,14089.0,4.0556,8791
2026-02-02,3.805,3.839,3.29,3.378,27786.0,3.5262,16204
2026-02-03,3.378,3.483,3.295,3.401,9602.0,3.4089,6460
2026-02-04,3.444,3.561,3.401,3.486,7535.0,3.4962,4837
2026-02-05,3.487,3.554,3.401,3.493,7250.0,3.4882,4455
2026-02-06,3.517,3.601,3.388,3.409,7186.0,3.4926,4753
2026-02-09,3.316,3.367,3.22,3.253,7302.0,3.2693,4674
2026-02-10,3.249,3.3,3.214,3.229,7850.0,3.2562,4807
2026-02-11,3.26,3.32,3.182,3.265,7562.0,3.2475,4505
2026-02-12,3.304,3.36,3.245,3.259,8875.0,3.3045,5707
2026-02-13,3.249,3.27,3.173,3.265,5743.0,3.2296,3864
2026-02-17,3.161,3.227,3.087,3.125,10058.0,3.1405,6399
2026-02-18,3.142,3.142,3.055,3.112,7180.0,3.1,4315
2026-02-19,3.111,3.183,3.109,3.14,6500.0,3.1486,4264
2026-02-20,3.12,3.268,3.11,3.176,9132.0,3.1964,5064
2026-02-23,3.307,3.328,3.112,3.118,8983.0,3.1869,4958
2026-02-24,3.122,3.133,3.028,3.033,7369.0,3.0694,4081
2026-02-25,3.044,3.125,3.026,3.062,6861.0,3.08,3661
2026-02-26,3.079,3.083,2.992,3.037,8066.0,3.0213,4555
2026-02-27,3.039,3.096,3.037,3.063,6660.0,3.0677,3386
2026-03-02,3.14,3.268,3.077,3.151,12355.0,3.1747,6946
2026-03-03,3.182,3.369,3.168,3.228,21842.0,3.2904,12005
2026-03-04,3.214,3.253,3.09,3.111,12281.0,3.1435,6865
2026-03-05,3.128,3.251,3.127,3.191,12479.0,3.1802,6850
2026-03-06,3.195,3.435,3.145,3.351,16638.0,3.3215,8560
2026-03-09,3.429,3.622,3.17,3.279,24345.0,3.3969,14253
2026-03-10,3.179,3.304,3.12,3.183,17571.0,3.2036,9689
2026-03-11,3.213,3.365,3.186,3.347,12980.0,3.2934,7226
2026-03-12,3.372,3.433,3.282,3.352,14315.0,3.3504,8115
2026-03-13,3.357,3.412,3.235,3.254,12123.0,3.2906,7337
2026-03-16,3.305,3.305,3.111,3.138,11040.0,3.1748,5906
2026-03-17,3.146,3.211,3.118,3.138,8628.0,3.1573,4376
2026-03-18,3.148,3.3,3.026,3.162,14561.0,3.1475,8205
2026-03-19,3.268,3.36,3.178,3.243,17693.0,3.2775,10352
2026-03-20,3.201,3.248,3.139,3.19,13763.0,3.1788,7468
2026-03-23,3.2,3.254,2.998,3.008,17758.0,3.0711,10650
2026-03-24,3.044,3.074,2.972,3.038,15530.0,3.0261,9880
2026-03-25,2.994,3.078,2.955,3.043,12359.0,3.0242,7323
2026-03-26,3.078,3.118,3.011,3.059,15878.0,3.0733,9291
2026-03-27,3.049,3.187,3.044,3.162,18664.0,3.1518,10312
2026-03-30,3.19,3.19,3.0,3.035,18289.0,3.0463,9960
2026-03-31,3.045,3.11,2.958,3.006,24113.0,3.036,13111
2026-04-01,3.001,3.009,2.908,2.939,16674.0,2.9507,9250
2026-04-02,2.936,3.006,2.904,2.924,16571.0,2.9395,10000
2026-04-06,2.947,2.986,2.899,2.937,11306.0,2.9486,6683
2026-04-07,2.932,3.004,2.887,2.986,22526.0,2.9681,12737
2026-04-08,2.965,2.965,2.829,2.86,28497.0,2.8641,15381
2026-04-09,2.87,2.879,2.796,2.814,22545.0,2.83,11853
2026-04-10,2.813,2.832,2.776,2.806,21238.0,2.8041,11196
2026-04-13,2.839,2.881,2.777,2.791,24865.0,2.8194,13439
2026-04-14,2.791,2.816,2.724,2.76,28373.0,2.7613,14610
2026-04-15,2.765,2.78,2.731,2.767,21537.0,2.7574,11414
2026-04-16,2.768,2.824,2.741,2.791,24865.0,2.7838,12778
2026-04-17,2.811,2.847,2.759,2.815,30451.0,2.8102,16054
2026-04-20,2.832,2.88,2.81,2.831,26431.0,2.8429,13211
2026-04-21,2.816,2.863,2.792,2.842,29870.0,2.8358,15665
2026-04-22,2.84,2.905,2.824,2.861,39044.0,2.8735,19827
2026-04-23,2.85,2.878,2.709,2.76,106619.0,2.7666,47578
2026-04-24,2.737,2.74,2.649,2.683,87167.0,2.6861,40729
2026-04-27,2.683,2.808,2.677,2.729,111277.0,2.7668,47448
2026-04-28,2.733,2.744,2.674,2.691,75361.0,2.7086,33354
2026-04-29,2.68,2.692,2.615,2.647,70219.0,2.648,28907
2026-04-30,2.649,2.794,2.592,2.767,119960.0,2.7052,48594
2026-05-01,2.755,2.821,2.746,2.78,77826.0,2.7809,33374
2026-05-04,2.783,2.883,2.752,2.867,98982.0,2.8431,44138
2026-05-05,2.851,2.868,2.76,2.788,87907.0,2.8086,37963
2026-05-06,2.781,2.789,2.69,2.73,80195.0,2.7256,38595
2026-05-07,2.726,2.813,2.676,2.769,111583.0,2.7507,48461
2026-05-08,2.788,2.845,2.735,2.757,86934.0,2.7916,38819
2026-05-11,2.752,2.936,2.751,2.91,104755.0,2.8705,45970
2026-05-12,2.926,2.945,2.804,2.843,91371.0,2.8513,41875
2026-05-13,2.833,2.927,2.813,2.864,74857.0,2.8745,32664
2026-05-14,2.867,2.922,2.798,2.894,86144.0,2.8604,36692
2026-05-15,2.92,2.982,2.894,2.96,74025.0,2.9497,35583
2026-05-18,2.994,3.09,2.967,3.024,84991.0,3.0295,39500
2026-05-19,3.031,3.133,3.006,3.114,80377.0,3.0808,36530
2026-05-20,3.113,3.138,2.985,3.004,83897.0,3.051,37635
2026-05-21,3.03,3.066,2.98,3.018,42687.0,3.0265,22334
2026-05-22,3.0,3.01,2.888,2.907,39643.0,2.9411,19157
2026-05-26,2.9,2.989,2.859,2.894,22581.0,2.9288,9957
2026-05-27,2.91,3.055,2.857,3.04,1847.0,2.9809,908
2026-05-28,3.04,3.04,3.04,3.04,0.0,3.04,0
