date,open,high,low,close,volume,average,barCount
2017-03-14,3.118,3.118,3.118,3.118,0.0,3.118,0
2017-03-15,3.138,3.138,3.138,3.138,0.0,3.138,0
2017-03-16,3.154,3.154,3.154,3.154,0.0,3.154,0
2017-03-17,3.159,3.159,3.159,3.159,0.0,3.159,0
2017-03-20,3.16,3.16,3.16,3.16,0.0,3.16,0
2017-03-21,3.17,3.17,3.17,3.17,0.0,3.17,0
2017-03-22,3.172,3.172,3.172,3.172,0.0,3.172,0
2017-03-23,3.167,3.167,3.167,3.167,0.0,3.167,0
2017-03-24,3.129,3.129,3.129,3.129,0.0,3.129,0
2017-03-27,3.119,3.119,3.119,3.119,0.0,3.119,0
2017-03-28,3.11,3.11,3.11,3.11,0.0,3.11,0
2017-03-29,3.118,3.118,3.118,3.118,0.0,3.118,0
2017-03-30,3.121,3.121,3.121,3.121,0.0,3.121,0
2017-03-31,3.14,3.14,3.14,3.14,0.0,3.14,0
2017-04-03,3.147,3.147,3.147,3.147,0.0,3.147,0
2017-04-04,3.16,3.16,3.16,3.16,0.0,3.16,0
2017-04-05,3.175,3.175,3.175,3.175,0.0,3.175,0
2017-04-06,3.155,3.155,3.155,3.155,0.0,3.155,0
2017-04-07,3.169,3.169,3.169,3.169,0.0,3.169,0
2017-04-10,3.178,3.178,3.178,3.178,0.0,3.178,0
2017-04-11,3.209,3.209,3.209,3.209,0.0,3.209,0
2017-04-12,3.21,3.21,3.21,3.21,0.0,3.21,0
2017-04-13,3.221,3.221,3.221,3.221,0.0,3.221,0
2017-04-17,3.204,3.204,3.204,3.204,0.0,3.204,0
2017-04-18,3.234,3.234,3.234,3.234,0.0,3.234,0
2017-04-19,3.245,3.245,3.245,3.245,0.0,3.245,0
2017-04-20,3.279,3.279,3.279,3.279,0.0,3.279,0
2017-04-21,3.28,3.28,3.28,3.28,0.0,3.28,0
2017-04-24,3.239,3.239,3.239,3.239,0.0,3.239,0
2017-04-25,3.239,3.239,3.239,3.239,0.0,3.239,0
2017-04-26,3.23,3.23,3.23,3.23,0.0,3.23,0
2017-04-27,3.221,3.221,3.221,3.221,0.0,3.221,0
2017-04-28,3.247,3.247,3.247,3.247,0.0,3.247,0
2017-05-01,3.222,3.222,3.222,3.222,0.0,3.222,0
2017-05-02,3.223,3.223,3.223,3.223,0.0,3.223,0
2017-05-03,3.242,3.242,3.242,3.242,0.0,3.242,0
2017-05-04,3.285,3.285,3.285,3.285,0.0,3.285,0
2017-05-05,3.285,3.285,3.285,3.285,0.0,3.285,0
2017-05-08,3.276,3.276,3.276,3.276,0.0,3.276,0
2017-05-09,3.279,3.279,3.279,3.279,0.0,3.279,0
2017-05-10,3.28,3.28,3.28,3.28,0.0,3.28,0
2017-05-11,3.314,3.314,3.314,3.314,0.0,3.314,0
2017-05-12,3.318,3.318,3.318,3.318,0.0,3.318,0
2017-05-15,3.323,3.323,3.323,3.323,0.0,3.323,0
2017-05-16,3.34,3.34,3.34,3.34,0.0,3.34,0
2017-05-17,3.336,3.336,3.336,3.336,0.0,3.336,0
2017-05-18,3.323,3.323,3.323,3.323,0.0,3.323,0
2017-05-19,3.313,3.313,3.313,3.313,0.0,3.313,0
2017-05-22,3.315,3.315,3.315,3.315,0.0,3.315,0
2017-05-23,3.382,3.382,3.382,3.382,0.0,3.382,0
2017-05-24,3.384,3.384,3.384,3.384,0.0,3.384,0
2017-05-25,3.374,3.374,3.374,3.374,0.0,3.374,0
2017-05-26,3.359,3.359,3.359,3.359,0.0,3.359,0
2017-05-30,3.326,3.326,3.326,3.326,0.0,3.326,0
2017-05-31,3.322,3.322,3.322,3.322,0.0,3.322,0
2017-06-01,3.324,3.324,3.324,3.324,0.0,3.324,0
2017-06-02,3.314,3.314,3.314,3.314,0.0,3.314,0
2017-06-05,3.284,3.284,3.284,3.284,0.0,3.284,0
2017-06-06,3.226,3.226,3.226,3.226,0.0,3.226,0
2017-06-07,3.237,3.237,3.237,3.237,0.0,3.237,0
2017-06-08,3.255,3.255,3.255,3.255,0.0,3.255,0
2017-06-09,3.252,3.252,3.252,3.252,0.0,3.252,0
2017-06-12,3.254,3.254,3.254,3.254,0.0,3.254,0
2017-06-13,3.251,3.251,3.251,3.251,0.0,3.251,0
2017-06-14,3.24,3.24,3.24,3.24,0.0,3.24,0
2017-06-15,3.268,3.268,3.268,3.268,0.0,3.268,0
2017-06-16,3.257,3.257,3.257,3.257,0.0,3.257,0
2017-06-19,3.28,3.28,3.28,3.28,0.0,3.28,0
2017-06-20,3.317,3.317,3.317,3.317,0.0,3.317,0
2017-06-21,3.337,3.337,3.337,3.337,0.0,3.337,0
2017-06-22,3.331,3.331,3.331,3.331,0.0,3.331,0
2017-06-23,3.318,3.318,3.318,3.318,0.0,3.318,0
2017-06-26,3.295,3.295,3.295,3.295,0.0,3.295,0
2017-06-27,3.298,3.298,3.298,3.298,0.0,3.298,0
2017-06-28,3.288,3.288,3.288,3.288,0.0,3.288,0
2017-06-29,3.29,3.29,3.29,3.29,0.0,3.29,0
2017-06-30,3.308,3.308,3.308,3.308,0.0,3.308,0
2017-07-03,3.315,3.315,3.315,3.315,0.0,3.315,0
2017-07-05,3.3,3.3,3.3,3.3,0.0,3.3,0
2017-07-06,3.25,3.25,3.25,3.25,0.0,3.25,0
2017-07-07,3.245,3.245,3.245,3.245,0.0,3.245,0
2017-07-10,3.232,3.232,3.232,3.232,0.0,3.232,0
2017-07-11,3.229,3.229,3.229,3.229,0.0,3.229,0
2017-07-12,3.215,3.215,3.215,3.215,0.0,3.215,0
2017-07-13,3.228,3.228,3.228,3.228,0.0,3.228,0
2017-07-14,3.231,3.231,3.231,3.231,0.0,3.231,0
2017-07-17,3.224,3.224,3.224,3.224,0.0,3.224,0
2017-07-18,3.219,3.219,3.219,3.219,0.0,3.219,0
2017-07-19,3.204,3.204,3.204,3.204,0.0,3.204,0
2017-07-20,3.185,3.185,3.185,3.185,0.0,3.185,0
2017-07-21,3.188,3.188,3.188,3.188,0.0,3.188,0
2017-07-24,3.166,3.166,3.166,3.166,0.0,3.166,0
2017-07-25,3.142,3.142,3.142,3.142,0.0,3.142,0
2017-07-26,3.137,3.137,3.137,3.137,0.0,3.137,0
2017-07-27,3.138,3.138,3.138,3.138,0.0,3.138,0
2017-07-28,3.153,3.153,3.153,3.153,0.0,3.153,0
2017-07-31,3.129,3.129,3.129,3.129,0.0,3.129,0
2017-08-01,3.151,3.151,3.151,3.151,0.0,3.151,0
2017-08-02,3.16,3.16,3.16,3.16,0.0,3.16,0
2017-08-03,3.183,3.183,3.183,3.183,0.0,3.183,0
2017-08-04,3.193,3.193,3.193,3.193,0.0,3.193,0
2017-08-07,3.192,3.192,3.192,3.192,0.0,3.192,0
2017-08-08,3.174,3.174,3.174,3.174,0.0,3.174,0
2017-08-09,3.168,3.168,3.168,3.168,0.0,3.168,0
2017-08-10,3.165,3.165,3.165,3.165,0.0,3.165,0
2017-08-11,3.169,3.169,3.169,3.169,0.0,3.169,0
2017-08-14,3.165,3.165,3.165,3.165,0.0,3.165,0
2017-08-15,3.163,3.163,3.163,3.163,0.0,3.163,0
2017-08-16,3.153,3.153,3.153,3.153,0.0,3.153,0
2017-08-17,3.151,3.151,3.151,3.151,0.0,3.151,0
2017-08-18,3.151,3.151,3.151,3.151,0.0,3.151,0
2017-08-21,3.141,3.141,3.141,3.141,0.0,3.141,0
2017-08-22,3.133,3.133,3.133,3.133,0.0,3.133,0
2017-08-23,3.13,3.13,3.13,3.13,0.0,3.13,0
2017-08-24,3.08,3.08,3.08,3.08,0.0,3.08,0
2017-08-25,3.067,3.067,3.067,3.067,0.0,3.067,0
2017-08-28,3.08,3.08,3.08,3.08,0.0,3.08,0
2017-08-29,3.082,3.082,3.082,3.082,0.0,3.082,0
2017-08-30,3.1,3.1,3.1,3.1,0.0,3.1,0
2017-08-31,3.108,3.108,3.108,3.108,0.0,3.108,0
2017-09-01,3.109,3.109,3.109,3.109,0.0,3.109,0
2017-09-05,3.105,3.105,3.105,3.105,0.0,3.105,0
2017-09-06,3.066,3.066,3.066,3.066,0.0,3.066,0
2017-09-07,3.1,3.1,3.1,3.1,0.0,3.1,0
2017-09-08,3.104,3.104,3.104,3.104,0.0,3.104,0
2017-09-11,3.115,3.115,3.115,3.115,0.0,3.115,0
2017-09-12,3.092,3.092,3.092,3.092,0.0,3.092,0
2017-09-13,3.078,3.078,3.078,3.078,0.0,3.078,0
2017-09-14,3.065,3.065,3.065,3.065,0.0,3.065,0
2017-09-15,3.07,3.07,3.07,3.07,0.0,3.07,0
2017-09-18,3.065,3.065,3.065,3.065,0.0,3.065,0
2017-09-19,3.055,3.055,3.055,3.055,0.0,3.055,0
2017-09-20,3.045,3.045,3.045,3.045,0.0,3.045,0
2017-09-21,3.036,3.036,3.036,3.036,0.0,3.036,0
2017-09-22,3.05,3.05,3.05,3.05,0.0,3.05,0
2017-09-25,3.033,3.033,3.033,3.033,0.0,3.033,0
2017-09-26,3.043,3.043,3.043,3.043,0.0,3.043,0
2017-09-27,3.054,3.054,3.054,3.054,0.0,3.054,0
2017-09-28,3.053,3.053,3.053,3.053,0.0,3.053,0
2017-09-29,3.05,3.05,3.05,3.05,0.0,3.05,0
2017-10-02,3.063,3.063,3.063,3.063,0.0,3.063,0
2017-10-03,3.072,3.072,3.072,3.072,0.0,3.072,0
2017-10-04,3.071,3.071,3.071,3.071,0.0,3.071,0
2017-10-05,3.08,3.08,3.08,3.08,0.0,3.08,0
2017-10-06,3.072,3.072,3.072,3.072,0.0,3.072,0
2017-10-09,3.082,3.082,3.082,3.082,0.0,3.082,0
2017-10-10,3.072,3.072,3.072,3.072,0.0,3.072,0
2017-10-11,3.083,3.083,3.083,3.083,0.0,3.083,0
2017-10-12,3.127,3.127,3.127,3.127,0.0,3.127,0
2017-10-13,3.128,3.128,3.128,3.128,0.0,3.128,0
2017-10-16,3.156,3.156,3.156,3.156,0.0,3.156,0
2017-10-17,3.203,3.203,3.203,3.203,0.0,3.203,0
2017-10-18,3.207,3.207,3.207,3.207,0.0,3.207,0
2017-10-19,3.229,3.229,3.229,3.229,0.0,3.229,0
2017-10-20,3.269,3.269,3.269,3.269,0.0,3.269,0
2017-10-23,3.249,3.249,3.249,3.249,0.0,3.249,0
2017-10-24,3.248,3.248,3.248,3.248,0.0,3.248,0
2017-10-25,3.249,3.249,3.249,3.249,0.0,3.249,0
2017-10-26,3.242,3.242,3.242,3.242,0.0,3.242,0
2017-10-27,3.222,3.222,3.222,3.222,0.0,3.222,0
2017-10-30,3.257,3.257,3.257,3.257,0.0,3.257,0
2017-10-31,3.268,3.268,3.268,3.268,0.0,3.268,0
2017-11-01,3.278,3.278,3.278,3.278,0.0,3.278,0
2017-11-02,3.26,3.26,3.26,3.26,0.0,3.26,0
2017-11-03,3.257,3.257,3.257,3.257,0.0,3.257,0
2017-11-06,3.252,3.252,3.252,3.252,0.0,3.252,0
2017-11-07,3.251,3.251,3.251,3.251,0.0,3.251,0
2017-11-08,3.249,3.249,3.249,3.249,0.0,3.249,0
2017-11-09,3.259,3.259,3.259,3.259,0.0,3.259,0
2017-11-10,3.254,3.254,3.254,3.254,0.0,3.254,0
2017-11-13,3.24,3.24,3.24,3.24,0.0,3.24,0
2017-11-14,3.235,3.235,3.235,3.235,0.0,3.235,0
2017-11-15,3.227,3.227,3.227,3.227,0.0,3.227,0
2017-11-16,3.231,3.231,3.231,3.231,0.0,3.231,0
2017-11-17,3.225,3.225,3.225,3.225,0.0,3.225,0
2017-11-20,3.218,3.218,3.218,3.218,0.0,3.218,0
2017-11-21,3.216,3.216,3.216,3.216,0.0,3.216,0
2017-11-22,3.203,3.203,3.203,3.203,0.0,3.203,0
2017-11-24,3.206,3.206,3.206,3.206,0.0,3.206,0
2017-11-27,3.209,3.209,3.209,3.209,0.0,3.209,0
2017-11-28,3.214,3.214,3.214,3.214,0.0,3.214,0
2017-11-29,3.215,3.215,3.215,3.215,0.0,3.215,0
2017-11-30,3.217,3.217,3.217,3.217,0.0,3.217,0
2017-12-01,3.173,3.173,3.173,3.173,0.0,3.173,0
2017-12-04,3.166,3.166,3.166,3.166,0.0,3.166,0
2017-12-05,3.155,3.155,3.155,3.155,0.0,3.155,0
2017-12-06,3.137,3.137,3.137,3.137,0.0,3.137,0
2017-12-07,3.143,3.143,3.143,3.143,0.0,3.143,0
2017-12-08,3.138,3.138,3.138,3.138,0.0,3.138,0
2017-12-11,3.131,3.131,3.131,3.131,0.0,3.131,0
2017-12-12,3.144,3.144,3.144,3.144,0.0,3.144,0
2017-12-13,3.16,3.16,3.16,3.16,0.0,3.16,0
2017-12-14,3.171,3.171,3.171,3.171,0.0,3.171,0
2017-12-15,3.179,3.179,3.179,3.179,0.0,3.179,0
2017-12-18,3.199,3.199,3.199,3.199,0.0,3.199,0
2017-12-19,3.201,3.201,3.201,3.201,0.0,3.201,0
2017-12-20,3.187,3.187,3.187,3.187,0.0,3.187,0
2017-12-21,3.204,3.204,3.204,3.204,0.0,3.204,0
2017-12-22,3.227,3.227,3.227,3.227,0.0,3.227,0
2017-12-26,3.228,3.228,3.228,3.228,0.0,3.228,0
2017-12-27,3.201,3.201,3.201,3.201,0.0,3.201,0
2017-12-28,3.123,3.123,3.123,3.123,0.0,3.123,0
2017-12-29,3.094,3.094,3.094,3.094,0.0,3.094,0
2018-01-02,3.087,3.087,3.087,3.087,0.0,3.087,0
2018-01-03,3.088,3.088,3.088,3.088,0.0,3.088,0
2018-01-04,3.12,3.12,3.12,3.12,0.0,3.12,0
2018-01-05,3.114,3.114,3.114,3.114,0.0,3.114,0
2018-01-08,3.109,3.109,3.109,3.109,0.0,3.109,0
2018-01-09,3.094,3.094,3.094,3.094,0.0,3.094,0
2018-01-10,3.087,3.087,3.087,3.087,0.0,3.087,0
2018-01-11,3.104,3.104,3.104,3.104,0.0,3.104,0
2018-01-12,3.091,3.091,3.091,3.091,0.0,3.091,0
2018-01-16,3.054,3.054,3.054,3.054,0.0,3.054,0
2018-01-17,3.048,3.048,3.048,3.048,0.0,3.048,0
2018-01-18,3.046,3.046,3.046,3.046,0.0,3.046,0
2018-01-19,3.056,3.056,3.056,3.056,0.0,3.056,0
2018-01-22,3.075,3.075,3.075,3.075,0.0,3.075,0
2018-01-23,3.087,3.087,3.087,3.087,0.0,3.087,0
2018-01-24,3.101,3.101,3.101,3.101,0.0,3.101,0
2018-01-25,3.125,3.125,3.125,3.125,0.0,3.125,0
2018-01-26,3.091,3.091,3.091,3.091,0.0,3.091,0
2018-01-29,3.093,3.093,3.093,3.093,0.0,3.093,0
2018-01-30,3.11,3.11,3.11,3.11,0.0,3.11,0
2018-01-31,3.072,3.072,3.072,3.072,0.0,3.072,0
2018-02-01,3.068,3.068,3.068,3.068,0.0,3.068,0
2018-02-02,3.093,3.093,3.093,3.093,0.0,3.093,0
2018-02-05,3.115,3.115,3.115,3.115,0.0,3.115,0
2018-02-06,3.099,3.099,3.099,3.099,0.0,3.099,0
2018-02-07,3.077,3.077,3.077,3.077,0.0,3.077,0
2018-02-08,3.09,3.09,3.09,3.09,0.0,3.09,0
2018-02-09,3.059,3.059,3.059,3.059,0.0,3.059,0
2018-02-12,3.049,3.049,3.049,3.049,0.0,3.049,0
2018-02-13,3.034,3.034,3.034,3.034,0.0,3.034,0
2018-02-14,3.039,3.039,3.039,3.039,0.0,3.039,0
2018-02-15,3.044,3.044,3.044,3.044,0.0,3.044,0
2018-02-16,3.057,3.057,3.057,3.057,0.0,3.057,0
2018-02-20,3.06,3.06,3.06,3.06,0.0,3.06,0
2018-02-21,3.078,3.078,3.078,3.078,0.0,3.078,0
2018-02-22,3.09,3.09,3.09,3.09,0.0,3.09,0
2018-02-23,3.082,3.082,3.082,3.082,0.0,3.082,0
2018-02-26,3.078,3.078,3.078,3.078,0.0,3.078,0
2018-02-27,3.081,3.081,3.081,3.081,0.0,3.081,0
2018-02-28,3.056,3.056,3.056,3.056,0.0,3.056,0
2018-03-01,3.095,3.095,3.095,3.095,0.0,3.095,0
2018-03-02,3.112,3.112,3.112,3.112,0.0,3.112,0
2018-03-05,3.13,3.13,3.13,3.13,0.0,3.13,0
2018-03-06,3.127,3.127,3.127,3.127,0.0,3.127,0
2018-03-07,3.12,3.12,3.12,3.12,0.0,3.12,0
2018-03-08,3.082,3.082,3.082,3.082,0.0,3.082,0
2018-03-09,3.043,3.043,3.043,3.043,0.0,3.043,0
2018-03-12,3.049,3.049,3.049,3.049,0.0,3.049,0
2018-03-13,3.056,3.056,3.056,3.056,0.0,3.056,0
2018-03-14,3.076,3.076,3.076,3.076,0.0,3.076,0
2018-03-15,3.134,3.134,3.134,3.134,0.0,3.134,0
2018-03-16,3.144,3.144,3.144,3.144,0.0,3.144,0
2018-03-19,3.134,3.134,3.134,3.134,0.0,3.134,0
2018-03-20,3.139,3.139,3.139,3.139,0.0,3.139,0
2018-03-21,3.147,3.147,3.147,3.147,0.0,3.147,0
2018-03-22,3.135,3.135,3.135,3.135,0.0,3.135,0
2018-03-23,3.057,3.057,3.057,3.057,0.0,3.057,0
2018-03-26,3.085,3.085,3.085,3.085,0.0,3.085,0
2018-03-27,3.089,3.089,3.089,3.089,0.0,3.089,0
2018-03-28,3.118,3.118,3.118,3.118,0.0,3.118,0
2018-03-29,3.156,3.156,3.156,3.156,0.0,3.156,0
2018-04-02,3.138,3.138,3.138,3.138,0.0,3.138,0
2018-04-03,3.116,3.116,3.116,3.116,0.0,3.116,0
2018-04-04,3.09,3.09,3.09,3.09,0.0,3.09,0
2018-04-05,3.106,3.106,3.106,3.106,0.0,3.106,0
2018-04-06,3.1,3.1,3.1,3.1,0.0,3.1,0
2018-04-09,3.084,3.084,3.084,3.084,0.0,3.084,0
2018-04-10,3.093,3.093,3.093,3.093,0.0,3.093,0
2018-04-11,3.101,3.101,3.101,3.101,0.0,3.101,0
2018-04-12,3.124,3.124,3.124,3.124,0.0,3.124,0
2018-04-13,3.117,3.117,3.117,3.117,0.0,3.117,0
2018-04-16,3.119,3.119,3.119,3.119,0.0,3.119,0
2018-04-17,3.081,3.081,3.081,3.081,0.0,3.081,0
2018-04-18,3.082,3.082,3.082,3.082,0.0,3.082,0
2018-04-19,3.084,3.084,3.084,3.084,0.0,3.084,0
2018-04-20,3.092,3.092,3.092,3.092,0.0,3.092,0
2018-04-23,3.093,3.093,3.093,3.093,0.0,3.093,0
2018-04-24,3.091,3.091,3.091,3.091,0.0,3.091,0
2018-04-25,3.08,3.08,3.08,3.08,0.0,3.08,0
2018-04-26,3.07,3.07,3.07,3.07,0.0,3.07,0
2018-04-27,3.072,3.072,3.072,3.072,0.0,3.072,0
2018-04-30,3.064,3.064,3.064,3.064,0.0,3.064,0
2018-05-01,3.044,3.044,3.044,3.044,0.0,3.044,0
2018-05-02,3.072,3.072,3.072,3.072,0.0,3.072,0
2018-05-03,3.082,3.082,3.082,3.082,0.0,3.082,0
2018-05-04,3.08,3.08,3.08,3.08,0.0,3.08,0
2018-05-07,3.078,3.078,3.078,3.078,0.0,3.078,0
2018-05-08,3.033,3.033,3.033,3.033,0.0,3.033,0
2018-05-09,3.019,3.019,3.019,3.019,0.0,3.019,0
2018-05-10,3.015,3.015,3.015,3.015,0.0,3.015,0
2018-05-11,3.018,3.018,3.018,3.018,0.0,3.018,0
2018-05-14,3.01,3.01,3.01,3.01,0.0,3.01,0
2018-05-15,3.048,3.048,3.048,3.048,0.0,3.048,0
2018-05-16,3.022,3.022,3.022,3.022,0.0,3.022,0
2018-05-17,3.029,3.029,3.029,3.029,0.0,3.029,0
2018-05-18,3.044,3.044,3.044,3.044,0.0,3.044,0
2018-05-21,3.039,3.039,3.039,3.039,0.0,3.039,0
2018-05-22,2.998,2.998,2.998,2.998,0.0,2.998,0
2018-05-23,2.975,2.975,2.975,2.975,0.0,2.975,0
2018-05-24,2.969,2.969,2.969,2.969,0.0,2.969,0
2018-05-25,2.941,2.941,2.941,2.941,0.0,2.941,0
2018-05-29,2.921,2.921,2.921,2.921,0.0,2.921,0
2018-05-30,2.932,2.932,2.932,2.932,0.0,2.932,0
2018-05-31,2.92,2.92,2.92,2.92,0.0,2.92,0
2018-06-01,2.91,2.91,2.91,2.91,0.0,2.91,0
2018-06-04,2.923,2.923,2.923,2.923,0.0,2.923,0
2018-06-05,2.938,2.938,2.938,2.938,0.0,2.938,0
2018-06-06,2.933,2.933,2.933,2.933,0.0,2.933,0
2018-06-07,2.931,2.931,2.931,2.931,0.0,2.931,0
2018-06-08,2.934,2.934,2.934,2.934,0.0,2.934,0
2018-06-11,2.933,2.933,2.933,2.933,0.0,2.933,0
2018-06-12,2.967,2.967,2.967,2.967,0.0,2.967,0
2018-06-13,2.978,2.978,2.978,2.978,0.0,2.978,0
2018-06-14,2.994,2.994,2.994,2.994,0.0,2.994,0
2018-06-15,2.999,2.999,2.999,2.999,0.0,2.999,0
2018-06-18,3.035,3.035,3.035,3.035,0.0,3.035,0
2018-06-19,3.037,3.037,3.037,3.037,0.0,3.037,0
2018-06-20,3.036,3.036,3.036,3.036,0.0,3.036,0
2018-06-21,3.017,3.017,3.017,3.017,0.0,3.017,0
2018-06-22,3.019,3.019,3.019,3.019,0.0,3.019,0
2018-06-25,3.015,3.015,3.015,3.015,0.0,3.015,0
2018-06-26,3.012,3.012,3.012,3.012,0.0,3.012,0
2018-06-27,3.015,3.015,3.015,3.015,0.0,3.015,0
2018-06-28,2.994,2.994,2.994,2.994,0.0,2.994,0
2018-06-29,2.991,2.991,2.991,2.991,0.0,2.991,0
2018-07-02,2.982,2.982,2.982,2.982,0.0,2.982,0
2018-07-03,2.979,2.979,2.979,2.979,0.0,2.979,0
2018-07-05,2.981,2.981,2.981,2.981,0.0,2.981,0
2018-07-06,2.98,2.98,2.98,2.98,0.0,2.98,0
2018-07-09,2.971,2.971,2.971,2.971,0.0,2.971,0
2018-07-10,2.975,2.975,2.975,2.975,0.0,2.975,0
2018-07-11,2.953,2.953,2.953,2.953,0.0,2.953,0
2018-07-12,2.951,2.951,2.951,2.951,0.0,2.951,0
2018-07-13,2.946,2.946,2.946,2.946,0.0,2.946,0
2018-07-16,2.919,2.919,2.919,2.919,0.0,2.919,0
2018-07-17,2.904,2.904,2.904,2.904,0.0,2.904,0
2018-07-18,2.91,2.91,2.91,2.91,0.0,2.91,0
2018-07-19,2.902,2.902,2.902,2.902,0.0,2.902,0
2018-07-20,2.908,2.908,2.908,2.908,0.0,2.908,0
2018-07-23,2.917,2.917,2.917,2.917,0.0,2.917,0
2018-07-24,2.918,2.918,2.918,2.918,0.0,2.918,0
2018-07-25,2.948,2.948,2.948,2.948,0.0,2.948,0
2018-07-26,2.944,2.944,2.944,2.944,0.0,2.944,0
2018-07-27,2.961,2.961,2.961,2.961,0.0,2.961,0
2018-07-30,2.965,2.965,2.965,2.965,0.0,2.965,0
2018-07-31,2.968,2.968,2.968,2.968,0.0,2.968,0
2018-08-01,2.938,2.938,2.938,2.938,0.0,2.938,0
2018-08-02,2.942,2.942,2.942,2.942,0.0,2.942,0
2018-08-03,2.942,2.942,2.942,2.942,0.0,2.942,0
2018-08-06,2.93,2.93,2.93,2.93,0.0,2.93,0
2018-08-07,2.99,2.99,2.99,2.99,0.0,2.99,0
2018-08-08,3.003,3.003,3.003,3.003,0.0,3.003,0
2018-08-09,3.003,3.003,3.003,3.003,0.0,3.003,0
2018-08-10,3.0,3.0,3.0,3.0,0.0,3.0,0
2018-08-13,3.001,3.001,3.001,3.001,0.0,3.001,0
2018-08-14,3.0,3.0,3.0,3.0,0.0,3.0,0
2018-08-15,3.001,3.001,3.001,3.001,0.0,3.001,0
2018-08-16,2.991,2.991,2.991,2.991,0.0,2.991,0
2018-08-17,2.993,2.993,2.993,2.993,0.0,2.993,0
2018-08-20,2.992,2.992,2.992,2.992,0.0,2.992,0
2018-08-21,3.008,3.008,3.008,3.008,0.0,3.008,0
2018-08-22,2.995,2.995,2.995,2.995,0.0,2.995,0
2018-08-23,2.994,2.994,2.994,2.994,0.0,2.994,0
2018-08-24,2.981,2.981,2.981,2.981,0.0,2.981,0
2018-08-27,2.951,2.951,2.951,2.951,0.0,2.951,0
2018-08-28,2.927,2.927,2.927,2.927,0.0,2.927,0
2018-08-29,2.931,2.931,2.931,2.931,0.0,2.931,0
2018-08-30,2.912,2.912,2.912,2.912,0.0,2.912,0
2018-08-31,2.926,2.926,2.926,2.926,0.0,2.926,0
2018-09-04,2.915,2.915,2.915,2.915,0.0,2.915,0
2018-09-05,2.92,2.92,2.92,2.92,0.0,2.92,0
2018-09-06,2.939,2.939,2.939,2.939,0.0,2.939,0
2018-09-07,2.938,2.938,2.938,2.938,0.0,2.938,0
2018-09-10,2.941,2.941,2.941,2.941,0.0,2.941,0
2018-09-11,2.938,2.938,2.938,2.938,0.0,2.938,0
2018-09-12,2.948,2.948,2.948,2.948,0.0,2.948,0
2018-09-13,2.964,2.964,2.964,2.964,0.0,2.964,0
2018-09-14,2.973,2.973,2.973,2.973,0.0,2.973,0
2018-09-17,2.977,2.977,2.977,2.977,0.0,2.977,0
2018-09-18,2.987,2.987,2.987,2.987,0.0,2.987,0
2018-09-19,2.989,2.989,2.989,2.989,0.0,2.989,0
2018-09-20,2.993,2.993,2.993,2.993,0.0,2.993,0
2018-09-21,2.991,2.991,2.991,2.991,0.0,2.991,0
2018-09-24,2.989,2.989,2.989,2.989,0.0,2.989,0
2018-09-25,2.992,2.992,2.992,2.992,0.0,2.992,0
2018-09-26,3.001,3.001,3.001,3.001,0.0,3.001,0
2018-09-27,3.002,3.002,3.002,3.002,0.0,3.002,0
2018-09-28,3.003,3.003,3.003,3.003,0.0,3.003,0
2018-10-01,3.008,3.008,3.008,3.008,0.0,3.008,0
2018-10-02,3.006,3.006,3.006,3.006,0.0,3.006,0
2018-10-03,3.005,3.005,3.005,3.005,0.0,3.005,0
2018-10-04,3.006,3.006,3.006,3.006,0.0,3.006,0
2018-10-05,3.009,3.009,3.009,3.009,0.0,3.009,0
2018-10-08,3.014,3.014,3.014,3.014,0.0,3.014,0
2018-10-09,3.009,3.009,3.009,3.009,0.0,3.009,0
2018-10-10,3.005,3.005,3.005,3.005,0.0,3.005,0
2018-10-11,3.03,3.03,3.03,3.03,0.0,3.03,0
2018-10-12,3.05,3.05,3.05,3.05,0.0,3.05,0
2018-10-15,3.049,3.049,3.049,3.049,0.0,3.049,0
2018-10-16,3.069,3.069,3.069,3.069,0.0,3.069,0
2018-10-17,3.064,3.064,3.064,3.064,0.0,3.064,0
2018-10-18,3.063,3.063,3.063,3.063,0.0,3.063,0
2018-10-19,3.06,3.06,3.06,3.06,0.0,3.06,0
2018-10-22,3.061,3.061,3.061,3.061,0.0,3.061,0
2018-10-23,3.06,3.06,3.06,3.06,0.0,3.06,0
2018-10-24,3.057,3.057,3.057,3.057,0.0,3.057,0
2018-10-25,3.047,3.047,3.047,3.047,0.0,3.047,0
2018-10-26,3.049,3.049,3.049,3.049,0.0,3.049,0
2018-10-29,3.05,3.05,3.05,3.05,0.0,3.05,0
2018-10-30,3.068,3.068,3.068,3.068,0.0,3.068,0
2018-10-31,3.067,3.067,3.067,3.067,0.0,3.067,0
2018-11-01,3.079,3.079,3.079,3.079,0.0,3.079,0
2018-11-02,3.086,3.086,3.086,3.086,0.0,3.086,0
2018-11-05,3.1,3.1,3.1,3.1,0.0,3.1,0
2018-11-06,3.116,3.116,3.116,3.116,0.0,3.116,0
2018-11-07,3.114,3.114,3.114,3.114,0.0,3.114,0
2018-11-08,3.115,3.115,3.115,3.115,0.0,3.115,0
2018-11-09,3.118,3.118,3.118,3.118,0.0,3.118,0
2018-11-12,3.141,3.141,3.141,3.141,0.0,3.141,0
2018-11-13,3.12,3.12,3.12,3.12,0.0,3.12,0
2018-11-14,3.104,3.104,3.104,3.104,0.0,3.104,0
2018-11-15,3.119,3.119,3.119,3.119,0.0,3.119,0
2018-11-16,3.09,3.09,3.09,3.09,0.0,3.09,0
2018-11-19,3.077,3.077,3.077,3.077,0.0,3.077,0
2018-11-20,3.075,3.075,3.075,3.075,0.0,3.075,0
2018-11-21,3.073,3.073,3.073,3.073,0.0,3.073,0
2018-11-23,3.098,3.098,3.098,3.098,0.0,3.098,0
2018-11-26,3.091,3.091,3.091,3.091,0.0,3.091,0
2018-11-27,3.087,3.087,3.087,3.087,0.0,3.087,0
2018-11-28,3.088,3.088,3.088,3.088,0.0,3.088,0
2018-11-29,3.118,3.118,3.118,3.118,0.0,3.118,0
2018-11-30,3.174,3.174,3.174,3.174,0.0,3.174,0
2018-12-03,3.146,3.146,3.146,3.146,0.0,3.146,0
2018-12-04,3.132,3.132,3.132,3.132,0.0,3.132,0
2018-12-05,3.123,3.123,3.123,3.123,0.0,3.123,0
2018-12-06,3.134,3.134,3.134,3.134,0.0,3.134,0
2018-12-07,3.141,3.141,3.141,3.141,0.0,3.141,0
2018-12-10,3.142,3.142,3.142,3.142,0.0,3.142,0
2018-12-11,3.117,3.117,3.117,3.117,0.0,3.117,0
2018-12-12,3.119,3.119,3.119,3.119,0.0,3.119,0
2018-12-13,3.087,3.087,3.087,3.087,0.0,3.087,0
2018-12-14,3.097,3.097,3.097,3.097,0.0,3.097,0
2018-12-17,3.096,3.096,3.096,3.096,0.0,3.096,0
2018-12-18,3.091,3.091,3.091,3.091,0.0,3.091,0
2018-12-19,3.114,3.114,3.114,3.114,0.0,3.114,0
2018-12-20,3.129,3.129,3.129,3.129,0.0,3.129,0
2018-12-21,3.132,3.132,3.132,3.132,0.0,3.132,0
2018-12-24,3.131,3.131,3.131,3.131,0.0,3.131,0
2018-12-26,3.128,3.128,3.128,3.128,0.0,3.128,0
2018-12-27,3.126,3.126,3.126,3.126,0.0,3.126,0
2018-12-28,3.126,3.126,3.126,3.126,0.0,3.126,0
2018-12-31,3.135,3.135,3.135,3.135,0.0,3.135,0
2019-01-02,3.135,3.135,3.135,3.135,0.0,3.135,0
2019-01-03,3.124,3.124,3.124,3.124,0.0,3.124,0
2019-01-04,3.124,3.124,3.124,3.124,0.0,3.124,0
2019-01-07,3.126,3.126,3.126,3.126,0.0,3.126,0
2019-01-08,3.121,3.121,3.121,3.121,0.0,3.121,0
2019-01-09,3.121,3.121,3.121,3.121,0.0,3.121,0
2019-01-10,3.121,3.121,3.121,3.121,0.0,3.121,0
2019-01-11,3.128,3.128,3.128,3.128,0.0,3.128,0
2019-01-14,3.127,3.127,3.127,3.127,0.0,3.127,0
2019-01-15,3.119,3.119,3.119,3.119,0.0,3.119,0
2019-01-16,3.088,3.088,3.088,3.088,0.0,3.088,0
2019-01-17,3.088,3.088,3.088,3.088,0.0,3.088,0
2019-01-18,3.101,3.101,3.101,3.101,0.0,3.101,0
2019-01-22,3.114,3.114,3.114,3.114,0.0,3.114,0
2019-01-23,3.11,3.11,3.11,3.11,0.0,3.11,0
2019-01-24,3.089,3.089,3.089,3.089,0.0,3.089,0
2019-01-25,3.134,3.134,3.134,3.134,0.0,3.134,0
2019-01-28,3.118,3.118,3.118,3.118,0.0,3.118,0
2019-01-29,3.121,3.121,3.121,3.121,0.0,3.121,0
2019-01-30,3.123,3.123,3.123,3.123,0.0,3.123,0
2019-01-31,3.124,3.124,3.124,3.124,0.0,3.124,0
2019-02-01,3.125,3.125,3.125,3.125,0.0,3.125,0
2019-02-04,3.112,3.112,3.112,3.112,0.0,3.112,0
2019-02-05,3.16,3.16,3.16,3.16,0.0,3.16,0
2019-02-06,3.157,3.157,3.157,3.157,0.0,3.157,0
2019-02-07,3.153,3.153,3.153,3.153,0.0,3.153,0
2019-02-08,3.155,3.155,3.155,3.155,0.0,3.155,0
2019-02-11,3.16,3.16,3.16,3.16,0.0,3.16,0
2019-02-12,3.168,3.168,3.168,3.168,0.0,3.168,0
2019-02-13,3.166,3.166,3.166,3.166,0.0,3.166,0
2019-02-14,3.173,3.173,3.173,3.173,0.0,3.173,0
2019-02-15,3.153,3.153,3.153,3.153,0.0,3.153,0
2019-02-19,3.144,3.144,3.144,3.144,0.0,3.144,0
2019-02-20,3.156,3.156,3.156,3.156,0.0,3.156,0
2019-02-21,3.143,3.143,3.143,3.143,0.0,3.143,0
2019-02-22,3.14,3.14,3.14,3.14,0.0,3.14,0
2019-02-25,3.132,3.132,3.132,3.132,0.0,3.132,0
2019-02-26,3.114,3.114,3.114,3.114,0.0,3.114,0
2019-02-27,3.15,3.15,3.15,3.15,0.0,3.15,0
2019-02-28,3.161,3.161,3.161,3.161,0.0,3.161,0
2019-03-01,3.16,3.16,3.16,3.16,0.0,3.16,0
2019-03-04,3.156,3.156,3.156,3.156,0.0,3.156,0
2019-03-05,3.154,3.154,3.154,3.154,0.0,3.154,0
2019-03-06,3.157,3.157,3.157,3.157,0.0,3.157,0
2019-03-07,3.162,3.162,3.162,3.162,0.0,3.162,0
2019-03-08,3.162,3.162,3.162,3.162,0.0,3.162,0
2019-03-11,3.189,3.189,3.189,3.189,0.0,3.189,0
2019-03-12,3.204,3.204,3.204,3.204,0.0,3.204,0
2019-03-13,3.213,3.213,3.213,3.213,0.0,3.213,0
2019-03-14,3.221,3.221,3.221,3.221,0.0,3.221,0
2019-03-15,3.222,3.222,3.222,3.222,0.0,3.222,0
2019-03-18,3.221,3.221,3.221,3.221,0.0,3.221,0
2019-03-19,3.222,3.222,3.222,3.222,0.0,3.222,0
2019-03-20,3.22,3.22,3.22,3.22,0.0,3.22,0
2019-03-21,3.23,3.23,3.23,3.23,0.0,3.23,0
2019-03-22,3.22,3.22,3.22,3.22,0.0,3.22,0
2019-03-25,3.219,3.219,3.219,3.219,0.0,3.219,0
2019-03-26,3.221,3.221,3.221,3.221,0.0,3.221,0
2019-03-27,3.212,3.212,3.212,3.212,0.0,3.212,0
2019-03-28,3.215,3.215,3.215,3.215,0.0,3.215,0
2019-03-29,3.214,3.214,3.214,3.214,0.0,3.214,0
2019-04-01,3.213,3.213,3.213,3.213,0.0,3.213,0
2019-04-02,3.22,3.22,3.22,3.22,0.0,3.22,0
2019-04-03,3.227,3.227,3.227,3.227,0.0,3.227,0
2019-04-04,3.258,3.258,3.258,3.258,0.0,3.258,0
2019-04-05,3.226,3.226,3.226,3.226,0.0,3.226,0
2019-04-08,3.229,3.229,3.229,3.229,0.0,3.229,0
2019-04-09,3.236,3.236,3.236,3.236,0.0,3.236,0
2019-04-10,3.214,3.214,3.214,3.214,0.0,3.214,0
2019-04-11,3.212,3.212,3.212,3.212,0.0,3.212,0
2019-04-12,3.212,3.212,3.212,3.212,0.0,3.212,0
2019-04-15,3.212,3.212,3.212,3.212,0.0,3.212,0
2019-04-16,3.213,3.213,3.213,3.213,0.0,3.213,0
2019-04-17,3.203,3.203,3.203,3.203,0.0,3.203,0
2019-04-18,3.188,3.188,3.188,3.188,0.0,3.188,0
2019-04-22,3.176,3.176,3.176,3.176,0.0,3.176,0
2019-04-23,3.171,3.171,3.171,3.171,0.0,3.171,0
2019-04-24,3.181,3.181,3.181,3.181,0.0,3.181,0
2019-04-25,3.191,3.191,3.191,3.191,0.0,3.191,0
2019-04-26,3.188,3.188,3.188,3.188,0.0,3.188,0
2019-04-29,3.195,3.195,3.195,3.195,0.0,3.195,0
2019-04-30,3.2,3.2,3.2,3.2,0.0,3.2,0
2019-05-01,3.202,3.202,3.202,3.202,0.0,3.202,0
2019-05-02,3.199,3.199,3.199,3.199,0.0,3.199,0
2019-05-03,3.212,3.212,3.212,3.212,0.0,3.212,0
2019-05-06,3.215,3.215,3.215,3.215,0.0,3.215,0
2019-05-07,3.215,3.215,3.215,3.215,0.0,3.215,0
2019-05-08,3.209,3.209,3.209,3.209,0.0,3.209,0
2019-05-09,3.216,3.216,3.216,3.216,0.0,3.216,0
2019-05-10,3.207,3.207,3.207,3.207,0.0,3.207,0
2019-05-13,3.21,3.21,3.21,3.21,0.0,3.21,0
2019-05-14,3.221,3.221,3.221,3.221,0.0,3.221,0
2019-05-15,3.239,3.239,3.239,3.239,0.0,3.239,0
2019-05-16,3.235,3.235,3.235,3.235,0.0,3.235,0
2019-05-17,3.239,3.239,3.239,3.239,0.0,3.239,0
2019-05-20,3.244,3.244,3.244,3.244,0.0,3.244,0
2019-05-21,3.247,3.247,3.247,3.247,0.0,3.247,0
2019-05-22,3.195,3.195,3.195,3.195,0.0,3.195,0
2019-05-23,3.207,3.207,3.207,3.207,0.0,3.207,0
2019-05-24,3.217,3.217,3.217,3.217,0.0,3.217,0
2019-05-28,3.258,3.258,3.258,3.258,0.0,3.258,0
2019-05-29,3.239,3.239,3.239,3.239,0.0,3.239,0
2019-05-30,3.237,3.237,3.237,3.237,0.0,3.237,0
2019-05-31,3.235,3.235,3.235,3.235,0.0,3.235,0
2019-06-03,3.223,3.223,3.223,3.223,0.0,3.223,0
2019-06-04,3.228,3.228,3.228,3.228,0.0,3.228,0
2019-06-05,3.232,3.232,3.232,3.232,0.0,3.232,0
2019-06-06,3.242,3.242,3.242,3.242,0.0,3.242,0
2019-06-07,3.243,3.243,3.243,3.243,0.0,3.243,0
2019-06-10,3.232,3.232,3.232,3.232,0.0,3.232,0
2019-06-11,3.232,3.232,3.232,3.232,0.0,3.232,0
2019-06-12,3.229,3.229,3.229,3.229,0.0,3.229,0
2019-06-13,3.23,3.23,3.23,3.23,0.0,3.23,0
2019-06-14,3.235,3.235,3.235,3.235,0.0,3.235,0
2019-06-17,3.238,3.238,3.238,3.238,0.0,3.238,0
2019-06-18,3.221,3.221,3.221,3.221,0.0,3.221,0
2019-06-19,3.222,3.222,3.222,3.222,0.0,3.222,0
2019-06-20,3.226,3.226,3.226,3.226,0.0,3.226,0
2019-06-21,3.241,3.241,3.241,3.241,0.0,3.241,0
2019-06-24,3.241,3.241,3.241,3.241,0.0,3.241,0
2019-06-25,3.24,3.24,3.24,3.24,0.0,3.24,0
2019-06-26,3.232,3.232,3.232,3.232,0.0,3.232,0
2019-06-27,3.228,3.228,3.228,3.228,0.0,3.228,0
2019-06-28,3.2,3.2,3.2,3.2,0.0,3.2,0
2019-07-01,3.193,3.193,3.193,3.193,0.0,3.193,0
2019-07-02,3.202,3.202,3.202,3.202,0.0,3.202,0
2019-07-03,3.201,3.201,3.201,3.201,0.0,3.201,0
2019-07-05,3.227,3.227,3.227,3.227,0.0,3.227,0
2019-07-08,3.223,3.223,3.223,3.223,0.0,3.223,0
2019-07-09,3.262,3.262,3.262,3.262,0.0,3.262,0
2019-07-10,3.254,3.254,3.254,3.254,0.0,3.254,0
2019-07-11,3.262,3.262,3.262,3.262,0.0,3.262,0
2019-07-12,3.27,3.27,3.27,3.27,0.0,3.27,0
2019-07-15,3.275,3.275,3.275,3.275,0.0,3.275,0
2019-07-16,3.251,3.251,3.251,3.251,0.0,3.251,0
2019-07-17,3.248,3.248,3.248,3.248,0.0,3.248,0
2019-07-18,3.267,3.267,3.267,3.267,0.0,3.267,0
2019-07-19,3.26,3.26,3.26,3.26,0.0,3.26,0
2019-07-22,3.187,3.187,3.187,3.187,0.0,3.187,0
2019-07-23,3.225,3.225,3.225,3.225,0.0,3.225,0
2019-07-24,3.218,3.218,3.218,3.218,0.0,3.218,0
2019-07-25,3.219,3.219,3.219,3.219,0.0,3.219,0
2019-07-26,3.213,3.213,3.213,3.213,0.0,3.213,0
2019-07-29,3.202,3.202,3.202,3.202,0.0,3.202,0
2019-07-30,3.205,3.205,3.205,3.205,0.0,3.205,0
2019-07-31,3.211,3.211,3.211,3.211,0.0,3.211,0
2019-08-01,3.214,3.214,3.214,3.214,0.0,3.214,0
2019-08-02,3.201,3.201,3.201,3.201,0.0,3.201,0
2019-08-05,3.199,3.199,3.199,3.199,0.0,3.199,0
2019-08-06,3.2,3.2,3.2,3.2,0.0,3.2,0
2019-08-07,3.205,3.205,3.205,3.205,0.0,3.205,0
2019-08-08,3.174,3.174,3.174,3.174,0.0,3.174,0
2019-08-09,3.163,3.163,3.163,3.163,0.0,3.163,0
2019-08-12,3.122,3.122,3.122,3.122,0.0,3.122,0
2019-08-13,3.104,3.104,3.104,3.104,0.0,3.104,0
2019-08-14,3.048,3.048,3.048,3.048,0.0,3.048,0
2019-08-15,3.048,3.048,3.048,3.048,0.0,3.048,0
2019-08-16,3.031,3.031,3.031,3.031,0.0,3.031,0
2019-08-19,3.036,3.036,3.036,3.036,0.0,3.036,0
2019-08-20,3.039,3.039,3.039,3.039,0.0,3.039,0
2019-08-21,3.044,3.044,3.044,3.044,0.0,3.044,0
2019-08-22,3.048,3.048,3.048,3.048,0.0,3.048,0
2019-08-23,3.078,3.078,3.078,3.078,0.0,3.078,0
2019-08-26,3.067,3.067,3.067,3.067,0.0,3.067,0
2019-08-27,3.087,3.087,3.087,3.087,0.0,3.087,0
2019-08-28,3.106,3.106,3.106,3.106,0.0,3.106,0
2019-08-29,3.094,3.094,3.094,3.094,0.0,3.094,0
2019-08-30,3.035,3.035,3.035,3.035,0.0,3.035,0
2019-09-03,3.049,3.049,3.049,3.049,0.0,3.049,0
2019-09-04,3.01,3.01,3.01,3.01,0.0,3.01,0
2019-09-05,3.022,3.022,3.022,3.022,0.0,3.022,0
2019-09-06,3.009,3.009,3.009,3.009,0.0,3.009,0
2019-09-09,2.98,2.98,2.98,2.98,0.0,2.98,0
2019-09-10,2.984,2.984,2.984,2.984,0.0,2.984,0
2019-09-11,2.979,2.979,2.979,2.979,0.0,2.979,0
2019-09-12,2.984,2.984,2.984,2.984,0.0,2.984,0
2019-09-13,2.949,2.949,2.949,2.949,0.0,2.949,0
2019-09-16,2.979,2.979,2.979,2.979,0.0,2.979,0
2019-09-17,2.943,2.943,2.943,2.943,0.0,2.943,0
2019-09-18,2.956,2.956,2.956,2.956,0.0,2.956,0
2019-09-19,2.95,2.95,2.95,2.95,0.0,2.95,0
2019-09-20,2.961,2.961,2.961,2.961,0.0,2.961,0
2019-09-23,2.958,2.958,2.958,2.958,0.0,2.958,0
2019-09-24,2.949,2.949,2.949,2.949,0.0,2.949,0
2019-09-25,2.948,2.948,2.948,2.948,0.0,2.948,0
2019-09-26,2.949,2.949,2.949,2.949,0.0,2.949,0
2019-09-27,2.893,2.893,2.893,2.893,0.0,2.893,0
2019-09-30,2.955,2.955,2.955,2.955,0.0,2.955,0
2019-10-01,2.904,2.904,2.904,2.904,0.0,2.904,0
2019-10-02,2.932,2.932,2.932,2.932,0.0,2.932,0
2019-10-03,2.917,2.917,2.917,2.917,0.0,2.917,0
2019-10-04,2.907,2.907,2.907,2.907,0.0,2.907,0
2019-10-07,2.911,2.911,2.911,2.911,0.0,2.911,0
2019-10-08,2.887,2.887,2.887,2.887,0.0,2.887,0
2019-10-09,2.898,2.898,2.898,2.898,0.0,2.898,0
2019-10-10,2.899,2.899,2.899,2.899,0.0,2.899,0
2019-10-11,2.91,2.91,2.91,2.91,0.0,2.91,0
2019-10-14,2.925,2.925,2.925,2.925,0.0,2.925,0
2019-10-15,2.941,2.941,2.941,2.941,0.0,2.941,0
2019-10-16,2.943,2.943,2.943,2.943,0.0,2.943,0
2019-10-17,2.94,2.94,2.94,2.94,0.0,2.94,0
2019-10-18,2.935,2.935,2.935,2.935,0.0,2.935,0
2019-10-21,2.93,2.93,2.93,2.93,0.0,2.93,0
2019-10-22,2.934,2.934,2.934,2.934,0.0,2.934,0
2019-10-23,2.928,2.928,2.928,2.928,0.0,2.928,0
2019-10-24,2.932,2.932,2.932,2.932,0.0,2.932,0
2019-10-25,2.93,2.93,2.93,2.93,0.0,2.93,0
2019-10-28,2.939,2.939,2.939,2.939,0.0,2.939,0
2019-10-29,2.955,2.955,2.955,2.955,0.0,2.955,0
2019-10-30,2.962,2.962,2.962,2.962,0.0,2.962,0
2019-10-31,2.96,2.96,2.96,2.96,0.0,2.96,0
2019-11-01,2.969,2.969,2.969,2.969,0.0,2.969,0
2019-11-04,2.905,2.905,2.905,2.905,0.0,2.905,0
2019-11-05,2.884,2.884,2.884,2.884,0.0,2.884,0
2019-11-06,2.895,2.895,2.895,2.895,0.0,2.895,0
2019-11-07,2.842,2.842,2.842,2.842,0.0,2.842,0
2019-11-08,2.849,2.849,2.849,2.849,0.0,2.849,0
2019-11-11,2.84,2.84,2.84,2.84,0.0,2.84,0
2019-11-12,2.78,2.78,2.78,2.78,0.0,2.78,0
2019-11-13,2.781,2.781,2.781,2.781,0.0,2.781,0
2019-11-14,2.768,2.768,2.768,2.768,0.0,2.768,0
2019-11-15,2.774,2.774,2.774,2.774,0.0,2.774,0
2019-11-18,2.778,2.778,2.778,2.778,0.0,2.778,0
2019-11-19,2.79,2.79,2.79,2.79,0.0,2.79,0
2019-11-20,2.802,2.802,2.802,2.802,0.0,2.802,0
2019-11-21,2.809,2.809,2.809,2.809,0.0,2.809,0
2019-11-22,2.809,2.809,2.809,2.809,0.0,2.809,0
2019-11-25,2.791,2.791,2.791,2.791,0.0,2.791,0
2019-11-26,2.785,2.785,2.785,2.785,0.0,2.785,0
2019-11-27,2.789,2.789,2.789,2.789,0.0,2.789,0
2019-11-29,2.747,2.747,2.747,2.747,0.0,2.747,0
2019-12-02,2.773,2.773,2.773,2.773,0.0,2.773,0
2019-12-03,2.762,2.762,2.762,2.762,0.0,2.762,0
2019-12-04,2.761,2.761,2.761,2.761,0.0,2.761,0
2019-12-05,2.753,2.753,2.753,2.753,0.0,2.753,0
2019-12-06,2.708,2.708,2.708,2.708,0.0,2.708,0
2019-12-09,2.68,2.68,2.68,2.68,0.0,2.68,0
2019-12-10,2.689,2.689,2.689,2.689,0.0,2.689,0
2019-12-11,2.686,2.686,2.686,2.686,0.0,2.686,0
2019-12-12,2.691,2.691,2.691,2.691,0.0,2.691,0
2019-12-13,2.674,2.674,2.674,2.674,0.0,2.674,0
2019-12-16,2.688,2.688,2.688,2.688,0.0,2.688,0
2019-12-17,2.69,2.69,2.69,2.69,0.0,2.69,0
2019-12-18,2.614,2.614,2.614,2.614,0.0,2.614,0
2019-12-19,2.554,2.554,2.554,2.554,0.0,2.554,0
2019-12-20,2.545,2.545,2.545,2.545,0.0,2.545,0
2019-12-23,2.552,2.552,2.552,2.552,0.0,2.552,0
2019-12-24,2.55,2.55,2.55,2.55,0.0,2.55,0
2019-12-26,2.538,2.538,2.538,2.538,0.0,2.538,0
2019-12-27,2.536,2.536,2.536,2.536,0.0,2.536,0
2019-12-30,2.533,2.533,2.533,2.533,0.0,2.533,0
2019-12-31,2.542,2.542,2.542,2.542,0.0,2.542,0
2020-01-02,2.537,2.537,2.537,2.537,0.0,2.537,0
2020-01-03,2.537,2.537,2.537,2.537,0.0,2.537,0
2020-01-06,2.541,2.541,2.541,2.541,0.0,2.541,0
2020-01-07,2.546,2.546,2.546,2.546,0.0,2.546,0
2020-01-08,2.549,2.549,2.549,2.549,0.0,2.549,0
2020-01-09,2.56,2.56,2.56,2.56,0.0,2.56,0
2020-01-10,2.562,2.562,2.562,2.562,0.0,2.562,0
2020-01-13,2.562,2.562,2.562,2.562,0.0,2.562,0
2020-01-14,2.561,2.561,2.561,2.561,0.0,2.561,0
2020-01-15,2.56,2.56,2.56,2.56,0.0,2.56,0
2020-01-16,2.567,2.567,2.567,2.567,0.0,2.567,0
2020-01-17,2.577,2.577,2.577,2.577,0.0,2.577,0
2020-01-21,2.567,2.567,2.567,2.567,0.0,2.567,0
2020-01-22,2.579,2.579,2.579,2.579,0.0,2.579,0
2020-01-23,2.571,2.571,2.571,2.571,0.0,2.571,0
2020-01-24,2.583,2.583,2.583,2.583,0.0,2.583,0
2020-01-27,2.542,2.542,2.542,2.542,0.0,2.542,0
2020-01-28,2.552,2.552,2.552,2.552,0.0,2.552,0
2020-01-29,2.537,2.537,2.537,2.537,0.0,2.537,0
2020-01-30,2.508,2.508,2.508,2.508,0.0,2.508,0
2020-01-31,2.509,2.509,2.509,2.509,0.0,2.509,0
2020-02-03,2.504,2.504,2.504,2.504,0.0,2.504,0
2020-02-04,2.5,2.5,2.5,2.5,0.0,2.5,0
2020-02-05,2.467,2.467,2.467,2.467,0.0,2.467,0
2020-02-06,2.471,2.471,2.471,2.471,0.0,2.471,0
2020-02-07,2.489,2.489,2.489,2.489,0.0,2.489,0
2020-02-10,2.481,2.481,2.481,2.481,0.0,2.481,0
2020-02-11,2.44,2.44,2.44,2.44,0.0,2.44,0
2020-02-12,2.447,2.447,2.447,2.447,0.0,2.447,0
2020-02-13,2.437,2.437,2.437,2.437,0.0,2.437,0
2020-02-14,2.463,2.463,2.463,2.463,0.0,2.463,0
2020-02-18,2.436,2.436,2.436,2.436,0.0,2.436,0
2020-02-19,2.482,2.482,2.482,2.482,0.0,2.482,0
2020-02-20,2.482,2.482,2.482,2.482,0.0,2.482,0
2020-02-21,2.472,2.472,2.472,2.472,0.0,2.472,0
2020-02-24,2.478,2.478,2.478,2.478,0.0,2.478,0
2020-02-25,2.481,2.481,2.481,2.481,0.0,2.481,0
2020-02-26,2.504,2.504,2.504,2.504,0.0,2.504,0
2020-02-27,2.494,2.494,2.494,2.494,0.0,2.494,0
2020-02-28,2.512,2.512,2.512,2.512,0.0,2.512,0
2020-03-02,2.567,2.567,2.567,2.567,0.0,2.567,0
2020-03-03,2.583,2.583,2.583,2.583,0.0,2.583,0
2020-03-04,2.572,2.572,2.572,2.572,0.0,2.572,0
2020-03-05,2.547,2.547,2.547,2.547,0.0,2.547,0
2020-03-06,2.56,2.56,2.56,2.56,0.0,2.56,0
2020-03-09,2.597,2.597,2.597,2.597,0.0,2.597,0
2020-03-10,2.597,2.597,2.597,2.597,0.0,2.597,0
2020-03-11,2.559,2.559,2.559,2.559,0.0,2.559,0
2020-03-12,2.509,2.509,2.509,2.509,0.0,2.509,0
2020-03-13,2.504,2.504,2.504,2.504,0.0,2.504,0
2020-03-16,2.493,2.493,2.493,2.493,0.0,2.493,0
2020-03-17,2.522,2.522,2.522,2.522,0.0,2.522,0
2020-03-18,2.528,2.528,2.528,2.528,0.0,2.528,0
2020-03-19,2.541,2.541,2.541,2.541,0.0,2.541,0
2020-03-20,2.535,2.535,2.535,2.535,0.0,2.535,0
2020-03-23,2.53,2.53,2.53,2.53,0.0,2.53,0
2020-03-24,2.487,2.487,2.487,2.487,0.0,2.487,0
2020-03-25,2.482,2.482,2.482,2.482,0.0,2.482,0
2020-03-26,2.448,2.448,2.448,2.448,0.0,2.448,0
2020-03-27,2.47,2.47,2.47,2.47,0.0,2.47,0
2020-03-30,2.478,2.478,2.478,2.478,0.0,2.478,0
2020-03-31,2.466,2.466,2.466,2.466,0.0,2.466,0
2020-04-01,2.436,2.436,2.436,2.436,0.0,2.436,0
2020-04-02,2.422,2.422,2.422,2.422,0.0,2.422,0
2020-04-03,2.406,2.406,2.406,2.406,0.0,2.406,0
2020-04-06,2.422,2.422,2.422,2.422,0.0,2.422,0
2020-04-07,2.416,2.416,2.416,2.416,0.0,2.416,0
2020-04-08,2.433,2.433,2.433,2.433,0.0,2.433,0
2020-04-09,2.399,2.399,2.399,2.399,0.0,2.399,0
2020-04-13,2.445,2.445,2.445,2.445,0.0,2.445,0
2020-04-14,2.427,2.427,2.427,2.427,0.0,2.427,0
2020-04-15,2.396,2.396,2.396,2.396,0.0,2.396,0
2020-04-16,2.401,2.401,2.401,2.401,0.0,2.401,0
2020-04-17,2.402,2.402,2.402,2.402,0.0,2.402,0
2020-04-20,2.438,2.438,2.438,2.438,0.0,2.438,0
2020-04-21,2.421,2.421,2.421,2.421,0.0,2.421,0
2020-04-22,2.449,2.449,2.449,2.449,0.0,2.449,0
2020-04-23,2.403,2.403,2.403,2.403,0.0,2.403,0
2020-04-24,2.401,2.401,2.401,2.401,0.0,2.401,0
2020-04-27,2.427,2.427,2.427,2.427,0.0,2.427,0
2020-04-28,2.419,2.419,2.419,2.419,0.0,2.419,0
2020-04-29,2.414,2.414,2.414,2.414,0.0,2.414,0
2020-04-30,2.389,2.389,2.389,2.389,0.0,2.389,0
2020-05-01,2.372,2.372,2.372,2.372,0.0,2.372,0
2020-05-04,2.343,2.343,2.343,2.343,0.0,2.343,0
2020-05-05,2.33,2.33,2.33,2.33,0.0,2.33,0
2020-05-06,2.369,2.369,2.369,2.369,0.0,2.369,0
2020-05-07,2.316,2.316,2.316,2.316,0.0,2.316,0
2020-05-08,2.305,2.305,2.305,2.305,0.0,2.305,0
2020-05-11,2.281,2.281,2.281,2.281,0.0,2.281,0
2020-05-12,2.285,2.285,2.285,2.285,0.0,2.285,0
2020-05-13,2.234,2.234,2.234,2.234,0.0,2.234,0
2020-05-14,2.208,2.208,2.208,2.208,0.0,2.208,0
2020-05-15,2.269,2.269,2.269,2.269,0.0,2.269,0
2020-05-18,2.287,2.287,2.287,2.287,0.0,2.287,0
2020-05-19,2.284,2.284,2.284,2.284,0.0,2.284,0
2020-05-20,2.231,2.231,2.231,2.231,0.0,2.231,0
2020-05-21,2.222,2.222,2.222,2.222,0.0,2.222,0
2020-05-22,2.265,2.265,2.265,2.265,0.0,2.265,0
2020-05-26,2.235,2.235,2.235,2.235,0.0,2.235,0
2020-05-27,2.363,2.363,2.363,2.363,0.0,2.363,0
2020-05-28,2.355,2.355,2.355,2.355,0.0,2.355,0
2020-05-29,2.349,2.349,2.349,2.349,0.0,2.349,0
2020-06-01,2.331,2.331,2.331,2.331,0.0,2.331,0
2020-06-02,2.336,2.336,2.336,2.336,0.0,2.336,0
2020-06-03,2.323,2.323,2.323,2.323,0.0,2.323,0
2020-06-04,2.332,2.332,2.332,2.332,0.0,2.332,0
2020-06-05,2.326,2.326,2.326,2.326,0.0,2.326,0
2020-06-08,2.34,2.34,2.34,2.34,0.0,2.34,0
2020-06-09,2.362,2.362,2.362,2.362,0.0,2.362,0
2020-06-10,2.367,2.367,2.367,2.367,0.0,2.367,0
2020-06-11,2.362,2.362,2.362,2.362,0.0,2.362,0
2020-06-12,2.351,2.351,2.351,2.351,0.0,2.351,0
2020-06-15,2.378,2.378,2.378,2.378,0.0,2.378,0
2020-06-16,2.385,2.385,2.385,2.385,0.0,2.385,0
2020-06-17,2.38,2.38,2.38,2.38,0.0,2.38,0
2020-06-18,2.379,2.379,2.379,2.379,0.0,2.379,0
2020-06-19,2.362,2.362,2.362,2.362,0.0,2.362,0
2020-06-22,2.35,2.35,2.35,2.35,0.0,2.35,0
2020-06-23,2.349,2.349,2.349,2.349,0.0,2.349,0
2020-06-24,2.396,2.396,2.396,2.396,0.0,2.396,0
2020-06-25,2.429,2.429,2.429,2.429,0.0,2.429,0
2020-06-26,2.456,2.456,2.456,2.456,0.0,2.456,0
2020-06-29,2.454,2.454,2.454,2.454,0.0,2.454,0
2020-06-30,2.454,2.454,2.454,2.454,0.0,2.454,0
2020-07-01,2.467,2.467,2.467,2.467,0.0,2.467,0
2020-07-02,2.511,2.511,2.511,2.511,0.0,2.511,0
2020-07-06,2.49,2.49,2.49,2.49,0.0,2.49,0
2020-07-07,2.463,2.463,2.463,2.463,0.0,2.463,0
2020-07-08,2.486,2.486,2.486,2.486,0.0,2.486,0
2020-07-09,2.471,2.471,2.471,2.471,0.0,2.471,0
2020-07-10,2.453,2.453,2.453,2.453,0.0,2.453,0
2020-07-13,2.449,2.449,2.449,2.449,0.0,2.449,0
2020-07-14,2.448,2.448,2.448,2.448,0.0,2.448,0
2020-07-15,2.458,2.458,2.458,2.458,0.0,2.458,0
2020-07-16,2.451,2.451,2.451,2.451,0.0,2.451,0
2020-07-17,2.448,2.448,2.448,2.448,0.0,2.448,0
2020-07-20,2.439,2.439,2.439,2.439,0.0,2.439,0
2020-07-21,2.46,2.46,2.46,2.46,0.0,2.46,0
2020-07-22,2.469,2.469,2.469,2.469,0.0,2.469,0
2020-07-23,2.553,2.553,2.553,2.553,0.0,2.553,0
2020-07-24,2.512,2.512,2.512,2.512,0.0,2.512,0
2020-07-27,2.613,2.613,2.613,2.613,0.0,2.613,0
2020-07-28,2.61,2.61,2.61,2.61,0.0,2.61,0
2020-07-29,2.615,2.615,2.615,2.615,0.0,2.615,0
2020-07-30,2.657,2.657,2.657,2.657,0.0,2.657,0
2020-07-31,2.757,2.757,2.757,2.757,0.0,2.757,0
2020-08-03,2.761,2.761,2.761,2.761,0.0,2.761,0
2020-08-04,2.755,2.755,2.755,2.755,0.0,2.755,0
2020-08-05,2.773,2.773,2.773,2.773,0.0,2.773,0
2020-08-06,2.798,2.798,2.798,2.798,0.0,2.798,0
2020-08-07,2.86,2.86,2.86,2.86,0.0,2.86,0
2020-08-10,2.828,2.828,2.828,2.828,0.0,2.828,0
2020-08-11,2.743,2.743,2.743,2.743,0.0,2.743,0
2020-08-12,2.72,2.72,2.72,2.72,0.0,2.72,0
2020-08-13,2.74,2.74,2.74,2.74,0.0,2.74,0
2020-08-14,2.726,2.726,2.726,2.726,0.0,2.726,0
2020-08-17,2.726,2.726,2.726,2.726,0.0,2.726,0
2020-08-18,2.721,2.721,2.721,2.721,0.0,2.721,0
2020-08-19,2.716,2.716,2.716,2.716,0.0,2.716,0
2020-08-20,2.714,2.714,2.714,2.714,0.0,2.714,0
2020-08-21,2.709,2.709,2.709,2.709,0.0,2.709,0
2020-08-24,2.704,2.704,2.704,2.704,0.0,2.704,0
2020-08-25,2.697,2.697,2.697,2.697,0.0,2.697,0
2020-08-26,2.725,2.725,2.725,2.725,0.0,2.725,0
2020-08-27,2.734,2.734,2.734,2.734,0.0,2.734,0
2020-08-28,2.722,2.722,2.722,2.722,0.0,2.722,0
2020-08-31,2.696,2.696,2.696,2.696,0.0,2.696,0
2020-09-01,2.694,2.694,2.694,2.694,0.0,2.694,0
2020-09-02,2.688,2.688,2.688,2.688,0.0,2.688,0
2020-09-03,2.685,2.685,2.685,2.685,0.0,2.685,0
2020-09-04,2.611,2.611,2.611,2.611,0.0,2.611,0
2020-09-08,2.612,2.612,2.612,2.612,0.0,2.612,0
2020-09-09,2.598,2.598,2.598,2.598,0.0,2.598,0
2020-09-10,2.58,2.58,2.58,2.58,0.0,2.58,0
2020-09-11,2.557,2.557,2.557,2.557,0.0,2.557,0
2020-09-14,2.53,2.53,2.53,2.53,0.0,2.53,0
2020-09-15,2.537,2.537,2.537,2.537,0.0,2.537,0
2020-09-16,2.422,2.422,2.422,2.422,0.0,2.422,0
2020-09-17,2.41,2.41,2.41,2.41,0.0,2.41,0
2020-09-18,2.431,2.431,2.431,2.431,0.0,2.431,0
2020-09-21,2.402,2.402,2.402,2.402,0.0,2.402,0
2020-09-22,2.441,2.441,2.441,2.441,0.0,2.441,0
2020-09-23,2.481,2.481,2.481,2.481,0.0,2.481,0
2020-09-24,2.507,2.507,2.507,2.507,0.0,2.507,0
2020-09-25,2.526,2.526,2.526,2.526,0.0,2.526,0
2020-09-28,2.534,2.534,2.534,2.534,0.0,2.534,0
2020-09-29,2.505,2.505,2.505,2.505,0.0,2.505,0
2020-09-30,2.486,2.486,2.486,2.486,0.0,2.486,0
2020-10-01,2.466,2.466,2.466,2.466,0.0,2.466,0
2020-10-02,2.463,2.463,2.463,2.463,0.0,2.463,0
2020-10-05,2.441,2.441,2.441,2.441,0.0,2.441,0
2020-10-06,2.448,2.448,2.448,2.448,0.0,2.448,0
2020-10-07,2.471,2.471,2.471,2.471,0.0,2.471,0
2020-10-08,2.446,2.446,2.446,2.446,0.0,2.446,0
2020-10-09,2.476,2.476,2.476,2.476,0.0,2.476,0
2020-10-12,2.462,2.462,2.462,2.462,0.0,2.462,0
2020-10-13,2.442,2.442,2.442,2.442,0.0,2.442,0
2020-10-14,2.469,2.469,2.469,2.469,0.0,2.469,0
2020-10-15,2.455,2.455,2.455,2.455,0.0,2.455,0
2020-10-16,2.458,2.458,2.458,2.458,0.0,2.458,0
2020-10-19,2.501,2.501,2.501,2.501,0.0,2.501,0
2020-10-20,2.442,2.442,2.442,2.442,0.0,2.442,0
2020-10-21,2.463,2.463,2.463,2.463,0.0,2.463,0
2020-10-22,2.465,2.465,2.465,2.465,0.0,2.465,0
2020-10-23,2.527,2.527,2.527,2.527,0.0,2.527,0
2020-10-26,2.44,2.44,2.44,2.44,0.0,2.44,0
2020-10-27,2.474,2.474,2.474,2.474,0.0,2.474,0
2020-10-28,2.524,2.524,2.524,2.524,0.0,2.524,0
2020-10-29,2.536,2.536,2.536,2.536,0.0,2.536,0
2020-10-30,2.553,2.553,2.553,2.553,0.0,2.553,0
2020-11-02,2.446,2.446,2.446,2.446,0.0,2.446,0
2020-11-03,2.49,2.49,2.49,2.49,0.0,2.49,0
2020-11-04,2.487,2.487,2.487,2.487,0.0,2.487,0
2020-11-05,2.482,2.482,2.482,2.482,0.0,2.482,0
2020-11-06,2.472,2.472,2.472,2.472,0.0,2.472,0
2020-11-09,2.468,2.468,2.468,2.468,0.0,2.468,0
2020-11-10,2.478,2.478,2.478,2.478,0.0,2.478,0
2020-11-11,2.493,2.493,2.493,2.493,0.0,2.493,0
2020-11-12,2.49,2.49,2.49,2.49,0.0,2.49,0
2020-11-13,2.414,2.414,2.414,2.414,0.0,2.414,0
2020-11-16,2.411,2.411,2.411,2.411,0.0,2.411,0
2020-11-17,2.428,2.428,2.428,2.428,0.0,2.428,0
2020-11-18,2.452,2.452,2.452,2.452,0.0,2.452,0
2020-11-19,2.452,2.452,2.452,2.452,0.0,2.452,0
2020-11-20,2.445,2.445,2.445,2.445,0.0,2.445,0
2020-11-23,2.439,2.439,2.439,2.439,0.0,2.439,0
2020-11-24,2.441,2.441,2.441,2.441,0.0,2.441,0
2020-11-25,2.424,2.424,2.424,2.424,0.0,2.424,0
2020-11-27,2.42,2.42,2.42,2.42,0.0,2.42,0
2020-11-30,2.406,2.406,2.406,2.406,0.0,2.406,0
2020-12-01,2.468,2.468,2.468,2.468,0.0,2.468,0
2020-12-02,2.493,2.493,2.493,2.493,0.0,2.493,0
2020-12-03,2.465,2.465,2.465,2.465,0.0,2.465,0
2020-12-04,2.5,2.5,2.5,2.5,0.0,2.5,0
2020-12-07,2.471,2.471,2.471,2.471,0.0,2.471,0
2020-12-08,2.459,2.459,2.459,2.459,0.0,2.459,0
2020-12-09,2.469,2.469,2.469,2.469,0.0,2.469,0
2020-12-10,2.474,2.474,2.474,2.474,0.0,2.474,0
2020-12-11,2.493,2.493,2.493,2.493,0.0,2.493,0
2020-12-14,2.487,2.487,2.487,2.487,0.0,2.487,0
2020-12-15,2.472,2.472,2.472,2.472,0.0,2.472,0
2020-12-16,2.484,2.484,2.484,2.484,0.0,2.484,0
2020-12-17,2.472,2.472,2.472,2.472,0.0,2.472,0
2020-12-18,2.486,2.486,2.486,2.486,0.0,2.486,0
2020-12-21,2.457,2.457,2.457,2.457,0.0,2.457,0
2020-12-22,2.502,2.502,2.502,2.502,0.0,2.502,0
2020-12-23,2.497,2.497,2.497,2.497,0.0,2.497,0
2020-12-24,2.509,2.509,2.509,2.509,0.0,2.509,0
2020-12-28,2.428,2.428,2.428,2.428,0.0,2.428,0
2020-12-29,2.497,2.497,2.497,2.497,0.0,2.497,0
2020-12-30,2.468,2.468,2.468,2.468,0.0,2.468,0
2020-12-31,2.48,2.48,2.48,2.48,0.0,2.48,0
2021-01-04,2.488,2.488,2.488,2.488,0.0,2.488,0
2021-01-05,2.503,2.503,2.503,2.503,0.0,2.503,0
2021-01-06,2.536,2.536,2.536,2.536,0.0,2.536,0
2021-01-07,2.504,2.504,2.504,2.504,0.0,2.504,0
2021-01-08,2.488,2.488,2.488,2.488,0.0,2.488,0
2021-01-11,2.491,2.491,2.491,2.491,0.0,2.491,0
2021-01-12,2.498,2.498,2.498,2.498,0.0,2.498,0
2021-01-13,2.529,2.529,2.529,2.529,0.0,2.529,0
2021-01-14,2.477,2.477,2.477,2.477,0.0,2.477,0
2021-01-15,2.513,2.513,2.513,2.513,0.0,2.513,0
2021-01-19,2.559,2.559,2.559,2.559,0.0,2.559,0
2021-01-20,2.573,2.573,2.573,2.573,0.0,2.573,0
2021-01-21,2.599,2.599,2.599,2.599,0.0,2.599,0
2021-01-22,2.599,2.599,2.599,2.599,0.0,2.599,0
2021-01-25,2.556,2.556,2.556,2.556,0.0,2.556,0
2021-01-26,2.585,2.585,2.585,2.585,0.0,2.585,0
2021-01-27,2.6,2.6,2.6,2.6,0.0,2.6,0
2021-01-28,2.599,2.599,2.599,2.599,0.0,2.599,0
2021-01-29,2.553,2.553,2.553,2.553,0.0,2.553,0
2021-02-01,2.557,2.557,2.557,2.557,0.0,2.557,0
2021-02-02,2.553,2.553,2.553,2.553,0.0,2.553,0
2021-02-03,2.534,2.534,2.534,2.534,0.0,2.534,0
2021-02-04,2.51,2.51,2.51,2.51,0.0,2.51,0
2021-02-05,2.519,2.519,2.519,2.519,0.0,2.519,0
2021-02-08,2.539,2.539,2.539,2.539,0.0,2.539,0
2021-02-09,2.539,2.539,2.539,2.539,0.0,2.539,0
2021-02-10,2.544,2.544,2.544,2.544,0.0,2.544,0
2021-02-11,2.531,2.531,2.531,2.531,0.0,2.531,0
2021-02-12,2.525,2.525,2.525,2.525,0.0,2.525,0
2021-02-16,2.542,2.542,2.542,2.542,0.0,2.542,0
2021-02-17,2.537,2.537,2.537,2.537,0.0,2.537,0
2021-02-18,2.527,2.527,2.527,2.527,0.0,2.527,0
2021-02-19,2.523,2.523,2.523,2.523,0.0,2.523,0
2021-02-22,2.525,2.525,2.525,2.525,0.0,2.525,0
2021-02-23,2.53,2.53,2.53,2.53,0.0,2.53,0
2021-02-24,2.524,2.524,2.524,2.524,0.0,2.524,0
2021-02-25,2.473,2.473,2.473,2.473,0.0,2.473,0
2021-02-26,2.493,2.493,2.493,2.493,0.0,2.493,0
2021-03-01,2.511,2.511,2.511,2.511,0.0,2.511,0
2021-03-02,2.51,2.51,2.51,2.51,0.0,2.51,0
2021-03-03,2.485,2.485,2.485,2.485,0.0,2.485,0
2021-03-04,2.443,2.443,2.443,2.443,0.0,2.443,0
2021-03-05,2.449,2.449,2.449,2.449,0.0,2.449,0
2021-03-08,2.467,2.467,2.467,2.467,0.0,2.467,0
2021-03-09,2.474,2.474,2.474,2.474,0.0,2.474,0
2021-03-10,2.472,2.472,2.472,2.472,0.0,2.472,0
2021-03-11,2.469,2.469,2.469,2.469,0.0,2.469,0
2021-03-12,2.486,2.486,2.486,2.486,0.0,2.486,0
2021-03-15,2.459,2.459,2.459,2.459,0.0,2.459,0
2021-03-16,2.491,2.491,2.491,2.491,0.0,2.491,0
2021-03-17,2.472,2.472,2.472,2.472,0.0,2.472,0
2021-03-18,2.486,2.486,2.486,2.486,0.0,2.486,0
2021-03-19,2.492,2.492,2.492,2.492,0.0,2.492,0
2021-03-22,2.488,2.488,2.488,2.488,0.0,2.488,0
2021-03-23,2.502,2.502,2.502,2.502,0.0,2.502,0
2021-03-24,2.505,2.505,2.505,2.505,0.0,2.505,0
2021-03-25,2.505,2.505,2.505,2.505,0.0,2.505,0
2021-03-26,2.507,2.507,2.507,2.507,0.0,2.507,0
2021-03-29,2.551,2.551,2.551,2.551,0.0,2.551,0
2021-03-30,2.562,2.562,2.562,2.562,0.0,2.562,0
2021-03-31,2.558,2.558,2.558,2.558,0.0,2.558,0
2021-04-01,2.587,2.587,2.587,2.587,0.0,2.587,0
2021-04-05,2.574,2.574,2.574,2.574,0.0,2.574,0
2021-04-06,2.551,2.551,2.551,2.551,0.0,2.551,0
2021-04-07,2.554,2.554,2.554,2.554,0.0,2.554,0
2021-04-08,2.554,2.554,2.554,2.554,0.0,2.554,0
2021-04-09,2.588,2.588,2.588,2.588,0.0,2.588,0
2021-04-12,2.597,2.597,2.597,2.597,0.0,2.597,0
2021-04-13,2.58,2.58,2.58,2.58,0.0,2.58,0
2021-04-14,2.589,2.589,2.589,2.589,0.0,2.589,0
2021-04-15,2.567,2.567,2.567,2.567,0.0,2.567,0
2021-04-16,2.58,2.58,2.58,2.58,0.0,2.58,0
2021-04-19,2.574,2.574,2.574,2.574,0.0,2.574,0
2021-04-20,2.519,2.519,2.519,2.519,0.0,2.519,0
2021-04-21,2.504,2.504,2.504,2.504,0.0,2.504,0
2021-04-22,2.485,2.485,2.485,2.485,0.0,2.485,0
2021-04-23,2.493,2.493,2.493,2.493,0.0,2.493,0
2021-04-26,2.479,2.479,2.479,2.479,0.0,2.479,0
2021-04-27,2.458,2.458,2.458,2.458,0.0,2.458,0
2021-04-28,2.47,2.47,2.47,2.47,0.0,2.47,0
2021-04-29,2.472,2.472,2.472,2.472,0.0,2.472,0
2021-04-30,2.537,2.537,2.537,2.537,0.0,2.537,0
2021-05-03,2.54,2.54,2.54,2.54,0.0,2.54,0
2021-05-04,2.549,2.549,2.549,2.549,0.0,2.549,0
2021-05-05,2.551,2.551,2.551,2.551,0.0,2.551,0
2021-05-06,2.541,2.541,2.541,2.541,0.0,2.541,0
2021-05-07,2.548,2.548,2.548,2.548,0.0,2.548,0
2021-05-10,2.551,2.551,2.551,2.551,0.0,2.551,0
2021-05-11,2.548,2.548,2.548,2.548,0.0,2.548,0
2021-05-12,2.547,2.547,2.547,2.547,0.0,2.547,0
2021-05-13,2.537,2.537,2.537,2.537,0.0,2.537,0
2021-05-14,2.533,2.533,2.533,2.533,0.0,2.533,0
2021-05-17,2.537,2.537,2.537,2.537,0.0,2.537,0
2021-05-18,2.506,2.506,2.506,2.506,0.0,2.506,0
2021-05-19,2.51,2.51,2.51,2.51,0.0,2.51,0
2021-05-20,2.515,2.515,2.515,2.515,0.0,2.515,0
2021-05-21,2.527,2.527,2.527,2.527,0.0,2.527,0
2021-05-24,2.521,2.521,2.521,2.521,0.0,2.521,0
2021-05-25,2.532,2.532,2.532,2.532,0.0,2.532,0
2021-05-26,2.501,2.501,2.501,2.501,0.0,2.501,0
2021-05-27,2.498,2.498,2.498,2.498,0.0,2.498,0
2021-05-28,2.521,2.521,2.521,2.521,0.0,2.521,0
2021-06-01,2.503,2.503,2.503,2.503,0.0,2.503,0
2021-06-02,2.513,2.513,2.513,2.513,0.0,2.513,0
2021-06-03,2.495,2.495,2.495,2.495,0.0,2.495,0
2021-06-04,2.546,2.546,2.546,2.546,0.0,2.546,0
2021-06-07,2.517,2.517,2.517,2.517,0.0,2.517,0
2021-06-08,2.523,2.523,2.523,2.523,0.0,2.523,0
2021-06-09,2.53,2.53,2.53,2.53,0.0,2.53,0
2021-06-10,2.519,2.519,2.519,2.519,0.0,2.519,0
2021-06-11,2.518,2.518,2.518,2.518,0.0,2.518,0
2021-06-14,2.527,2.527,2.527,2.527,0.0,2.527,0
2021-06-15,2.512,2.512,2.512,2.512,0.0,2.512,0
2021-06-16,2.565,2.565,2.565,2.565,0.0,2.565,0
2021-06-17,2.57,2.57,2.57,2.57,0.0,2.57,0
2021-06-18,2.579,2.579,2.579,2.579,0.0,2.579,0
2021-06-21,2.576,2.576,2.576,2.576,0.0,2.576,0
2021-06-22,2.576,2.576,2.576,2.576,0.0,2.576,0
2021-06-23,2.577,2.577,2.577,2.577,0.0,2.577,0
2021-06-24,2.565,2.565,2.565,2.565,0.0,2.565,0
2021-06-25,2.626,2.626,2.626,2.626,0.0,2.626,0
2021-06-28,2.636,2.636,2.636,2.636,0.0,2.636,0
2021-06-29,2.664,2.664,2.664,2.664,0.0,2.664,0
2021-06-30,2.665,2.665,2.665,2.665,0.0,2.665,0
2021-07-01,2.653,2.653,2.653,2.653,0.0,2.653,0
2021-07-02,2.645,2.645,2.645,2.645,0.0,2.645,0
2021-07-06,2.637,2.637,2.637,2.637,0.0,2.637,0
2021-07-07,2.649,2.649,2.649,2.649,0.0,2.649,0
2021-07-08,2.661,2.661,2.661,2.661,0.0,2.661,0
2021-07-09,2.667,2.667,2.667,2.667,0.0,2.667,0
2021-07-12,2.672,2.672,2.672,2.672,0.0,2.672,0
2021-07-13,2.671,2.671,2.671,2.671,0.0,2.671,0
2021-07-14,2.664,2.664,2.664,2.664,0.0,2.664,0
2021-07-15,2.672,2.672,2.672,2.672,0.0,2.672,0
2021-07-16,2.688,2.688,2.688,2.688,0.0,2.688,0
2021-07-19,2.698,2.698,2.698,2.698,0.0,2.698,0
2021-07-20,2.7,2.7,2.7,2.7,0.0,2.7,0
2021-07-21,2.755,2.755,2.755,2.755,0.0,2.755,0
2021-07-22,2.757,2.757,2.757,2.757,0.0,2.757,0
2021-07-23,2.763,2.763,2.763,2.763,0.0,2.763,0
2021-07-26,2.771,2.771,2.771,2.771,0.0,2.771,0
2021-07-27,2.741,2.741,2.741,2.741,0.0,2.741,0
2021-07-28,2.733,2.733,2.733,2.733,0.0,2.733,0
2021-07-29,2.708,2.708,2.708,2.708,0.0,2.708,0
2021-07-30,2.742,2.742,2.742,2.742,0.0,2.742,0
2021-08-02,2.756,2.756,2.756,2.756,0.0,2.756,0
2021-08-03,2.748,2.748,2.748,2.748,0.0,2.748,0
2021-08-04,2.758,2.758,2.758,2.758,0.0,2.758,0
2021-08-05,2.723,2.723,2.723,2.723,0.0,2.723,0
2021-08-06,2.732,2.732,2.732,2.732,0.0,2.732,0
2021-08-09,2.748,2.748,2.748,2.748,0.0,2.748,0
2021-08-10,2.745,2.745,2.745,2.745,0.0,2.745,0
2021-08-11,2.76,2.76,2.76,2.76,0.0,2.76,0
2021-08-12,2.841,2.841,2.841,2.841,0.0,2.841,0
2021-08-13,2.808,2.808,2.808,2.808,0.0,2.808,0
2021-08-16,2.82,2.82,2.82,2.82,0.0,2.82,0
2021-08-17,2.833,2.833,2.833,2.833,0.0,2.833,0
2021-08-18,2.831,2.831,2.831,2.831,0.0,2.831,0
2021-08-19,2.842,2.842,2.842,2.842,0.0,2.842,0
2021-08-20,2.841,2.841,2.841,2.841,0.0,2.841,0
2021-08-23,2.843,2.843,2.843,2.843,0.0,2.843,0
2021-08-24,2.839,2.839,2.839,2.839,0.0,2.839,0
2021-08-25,2.856,2.856,2.856,2.856,0.0,2.856,0
2021-08-26,2.907,2.907,2.907,2.907,0.0,2.907,0
2021-08-27,2.934,2.934,2.934,2.934,0.0,2.934,0
2021-08-30,2.937,2.937,2.937,2.937,0.0,2.937,0
2021-08-31,2.926,2.926,2.926,2.926,0.0,2.926,0
2021-09-01,2.935,2.935,2.935,2.935,0.0,2.935,0
2021-09-02,2.935,2.935,2.935,2.935,0.0,2.935,0
2021-09-03,2.996,2.996,2.996,2.996,0.0,2.996,0
2021-09-07,3.046,3.046,3.046,3.046,0.0,3.046,0
2021-09-08,3.098,3.098,3.098,3.098,0.0,3.098,0
2021-09-09,3.253,3.253,3.253,3.253,0.0,3.253,0
2021-09-10,3.235,3.235,3.235,3.235,0.0,3.235,0
2021-09-13,3.25,3.25,3.25,3.25,0.0,3.25,0
2021-09-14,3.223,3.223,3.223,3.223,0.0,3.223,0
2021-09-15,3.245,3.245,3.245,3.245,0.0,3.245,0
2021-09-16,3.248,3.248,3.248,3.248,0.0,3.248,0
2021-09-17,3.241,3.241,3.241,3.241,0.0,3.241,0
2021-09-20,3.277,3.277,3.277,3.277,0.0,3.277,0
2021-09-21,3.294,3.294,3.294,3.294,0.0,3.294,0
2021-09-22,3.311,3.311,3.311,3.311,0.0,3.311,0
2021-09-23,3.318,3.318,3.318,3.318,0.0,3.318,0
2021-09-24,3.189,3.189,3.189,3.189,0.0,3.189,0
2021-09-27,3.102,3.102,3.102,3.102,0.0,3.102,0
2021-09-28,3.025,3.025,3.025,3.025,0.0,3.025,0
2021-09-29,2.991,2.991,2.991,2.991,0.0,2.991,0
2021-09-30,2.988,2.988,2.988,2.988,0.0,2.988,0
2021-10-01,2.978,2.978,2.978,2.978,0.0,2.978,0
2021-10-04,2.975,2.975,2.975,2.975,0.0,2.975,0
2021-10-05,2.99,2.99,2.99,2.99,0.0,2.99,0
2021-10-06,3.005,3.005,3.005,3.005,0.0,3.005,0
2021-10-07,3.005,3.005,3.005,3.005,0.0,3.005,0
2021-10-08,3.046,3.046,3.046,3.046,0.0,3.046,0
2021-10-11,3.022,3.022,3.022,3.022,0.0,3.022,0
2021-10-12,3.024,3.024,3.024,3.024,0.0,3.024,0
2021-10-13,3.029,3.029,3.029,3.029,0.0,3.029,0
2021-10-14,3.064,3.064,3.064,3.064,0.0,3.064,0
2021-10-15,3.075,3.075,3.075,3.075,0.0,3.075,0
2021-10-18,3.081,3.081,3.081,3.081,0.0,3.081,0
2021-10-19,3.078,3.078,3.078,3.078,0.0,3.078,0
2021-10-20,3.081,3.081,3.081,3.081,0.0,3.081,0
2021-10-21,3.077,3.077,3.077,3.077,0.0,3.077,0
2021-10-22,3.082,3.082,3.082,3.082,0.0,3.082,0
2021-10-25,3.125,3.125,3.125,3.125,0.0,3.125,0
2021-10-26,3.103,3.103,3.103,3.103,0.0,3.103,0
2021-10-27,3.04,3.04,3.04,3.04,0.0,3.04,0
2021-10-28,3.046,3.046,3.046,3.046,0.0,3.046,0
2021-10-29,2.997,2.997,2.997,2.997,0.0,2.997,0
2021-11-01,2.892,2.892,2.892,2.892,0.0,2.892,0
2021-11-02,2.953,2.953,2.953,2.953,0.0,2.953,0
2021-11-03,2.947,2.947,2.947,2.947,0.0,2.947,0
2021-11-04,2.971,2.971,2.971,2.971,0.0,2.971,0
2021-11-05,3.011,3.011,3.011,3.011,0.0,3.011,0
2021-11-08,3.114,3.114,3.114,3.114,0.0,3.114,0
2021-11-09,3.11,3.11,3.11,3.11,0.0,3.11,0
2021-11-10,3.136,3.136,3.136,3.136,0.0,3.136,0
2021-11-11,3.153,3.153,3.153,3.153,0.0,3.153,0
2021-11-12,3.084,3.084,3.084,3.084,0.0,3.084,0
2021-11-15,3.097,3.097,3.097,3.097,0.0,3.097,0
2021-11-16,3.168,3.168,3.168,3.168,0.0,3.168,0
2021-11-17,3.099,3.099,3.099,3.099,0.0,3.099,0
2021-11-18,3.087,3.087,3.087,3.087,0.0,3.087,0
2021-11-19,3.051,3.051,3.051,3.051,0.0,3.051,0
2021-11-22,3.033,3.033,3.033,3.033,0.0,3.033,0
2021-11-23,3.08,3.08,3.08,3.08,0.0,3.08,0
2021-11-24,3.078,3.078,3.078,3.078,0.0,3.078,0
2021-11-26,3.117,3.117,3.117,3.117,0.0,3.117,0
2021-11-29,3.109,3.109,3.109,3.109,0.0,3.109,0
2021-11-30,3.082,3.082,3.082,3.082,0.0,3.082,0
2021-12-01,3.09,3.09,3.09,3.09,0.0,3.09,0
2021-12-02,3.094,3.094,3.094,3.094,0.0,3.094,0
2021-12-03,3.104,3.104,3.104,3.104,0.0,3.104,0
2021-12-06,3.076,3.076,3.076,3.076,0.0,3.076,0
2021-12-07,3.08,3.08,3.08,3.08,0.0,3.08,0
2021-12-08,2.974,2.974,2.974,2.974,0.0,2.974,0
2021-12-09,2.911,2.911,2.911,2.911,0.0,2.911,0
2021-12-10,2.935,2.935,2.935,2.935,0.0,2.935,0
2021-12-13,2.839,2.839,2.839,2.839,0.0,2.839,0
2021-12-14,2.958,2.958,2.958,2.958,0.0,2.958,0
2021-12-15,3.032,3.032,3.032,3.032,0.0,3.032,0
2021-12-16,2.997,2.997,2.997,2.997,0.0,2.997,0
2021-12-17,3.01,3.01,3.01,3.01,0.0,3.01,0
2021-12-20,3.025,3.025,3.025,3.025,0.0,3.025,0
2021-12-21,3.009,3.009,3.009,3.009,0.0,3.009,0
2021-12-22,3.01,3.01,3.01,3.01,0.0,3.01,0
2021-12-23,2.973,2.973,2.973,2.973,0.0,2.973,0
2021-12-27,2.959,2.959,2.959,2.959,0.0,2.959,0
2021-12-28,2.982,2.982,2.982,2.982,0.0,2.982,0
2021-12-29,3.004,3.004,3.004,3.004,0.0,3.004,0
2021-12-30,2.992,2.992,2.992,2.992,0.0,2.992,0
2021-12-31,3.064,3.064,3.064,3.064,0.0,3.064,0
2022-01-03,3.031,3.031,3.031,3.031,0.0,3.031,0
2022-01-04,3.03,3.03,3.03,3.03,0.0,3.03,0
2022-01-05,3.024,3.024,3.024,3.024,0.0,3.024,0
2022-01-06,3.038,3.038,3.038,3.038,0.0,3.038,0
2022-01-07,3.071,3.071,3.071,3.071,0.0,3.071,0
2022-01-10,3.076,3.076,3.076,3.076,0.0,3.076,0
2022-01-11,3.065,3.065,3.065,3.065,0.0,3.065,0
2022-01-12,3.04,3.04,3.04,3.04,0.0,3.04,0
2022-01-13,3.043,3.043,3.043,3.043,0.0,3.043,0
2022-01-14,3.019,3.019,3.019,3.019,0.0,3.019,0
2022-01-18,3.038,3.038,3.038,3.038,0.0,3.038,0
2022-01-19,3.085,3.085,3.085,3.085,0.0,3.085,0
2022-01-20,3.088,3.088,3.088,3.088,0.0,3.088,0
2022-01-21,3.076,3.076,3.076,3.076,0.0,3.076,0
2022-01-24,3.065,3.065,3.065,3.065,0.0,3.065,0
2022-01-25,3.085,3.085,3.085,3.085,0.0,3.085,0
2022-01-26,3.086,3.086,3.086,3.086,0.0,3.086,0
2022-01-27,3.071,3.071,3.071,3.071,0.0,3.071,0
2022-01-28,3.064,3.064,3.064,3.064,0.0,3.064,0
2022-01-31,3.063,3.063,3.063,3.063,0.0,3.063,0
2022-02-01,3.048,3.048,3.048,3.048,0.0,3.048,0
2022-02-02,3.067,3.067,3.067,3.067,0.0,3.067,0
2022-02-03,3.058,3.058,3.058,3.058,0.0,3.058,0
2022-02-04,3.088,3.088,3.088,3.088,0.0,3.088,0
2022-02-07,3.104,3.104,3.104,3.104,0.0,3.104,0
2022-02-08,3.096,3.096,3.096,3.096,0.0,3.096,0
2022-02-09,3.091,3.091,3.091,3.091,0.0,3.091,0
2022-02-10,3.098,3.098,3.098,3.098,0.0,3.098,0
2022-02-11,3.138,3.138,3.138,3.138,0.0,3.138,0
2022-02-14,3.179,3.179,3.179,3.179,0.0,3.179,0
2022-02-15,3.167,3.167,3.167,3.167,0.0,3.167,0
2022-02-16,3.196,3.196,3.196,3.196,0.0,3.196,0
2022-02-17,3.189,3.189,3.189,3.189,0.0,3.189,0
2022-02-18,3.189,3.189,3.189,3.189,0.0,3.189,0
2022-02-22,3.234,3.234,3.234,3.234,0.0,3.234,0
2022-02-23,3.32,3.32,3.32,3.32,0.0,3.32,0
2022-02-24,3.363,3.363,3.363,3.363,0.0,3.363,0
2022-02-25,3.28,3.28,3.28,3.28,0.0,3.28,0
2022-02-28,3.357,3.357,3.357,3.357,0.0,3.357,0
2022-03-01,3.428,3.428,3.428,3.428,0.0,3.428,0
2022-03-02,3.495,3.495,3.495,3.495,0.0,3.495,0
2022-03-03,3.438,3.438,3.438,3.438,0.0,3.438,0
2022-03-04,3.491,3.491,3.491,3.491,0.0,3.491,0
2022-03-07,3.611,3.611,3.611,3.611,0.0,3.611,0
2022-03-08,3.688,3.688,3.688,3.688,0.0,3.688,0
2022-03-09,3.667,3.667,3.667,3.667,0.0,3.667,0
2022-03-10,3.583,3.583,3.583,3.583,0.0,3.583,0
2022-03-11,3.564,3.564,3.564,3.564,0.0,3.564,0
2022-03-14,3.607,3.607,3.607,3.607,0.0,3.607,0
2022-03-15,3.589,3.589,3.589,3.589,0.0,3.589,0
2022-03-16,3.6,3.6,3.6,3.6,0.0,3.6,0
2022-03-17,3.617,3.617,3.617,3.617,0.0,3.617,0
2022-03-18,3.569,3.569,3.569,3.569,0.0,3.569,0
2022-03-21,3.555,3.555,3.555,3.555,0.0,3.555,0
2022-03-22,3.566,3.566,3.566,3.566,0.0,3.566,0
2022-03-23,3.577,3.577,3.577,3.577,0.0,3.577,0
2022-03-24,3.603,3.603,3.603,3.603,0.0,3.603,0
2022-03-25,3.649,3.649,3.649,3.649,0.0,3.649,0
2022-03-28,3.741,3.741,3.741,3.741,0.0,3.741,0
2022-03-29,3.755,3.755,3.755,3.755,0.0,3.755,0
2022-03-30,3.868,3.868,3.868,3.868,0.0,3.868,0
2022-03-31,3.961,3.961,3.961,3.961,0.0,3.961,0
2022-04-01,4.018,4.018,4.018,4.018,0.0,4.018,0
2022-04-04,4.085,4.085,4.085,4.085,0.0,4.085,0
2022-04-05,4.103,4.103,4.103,4.103,0.0,4.103,0
2022-04-06,4.13,4.13,4.13,4.13,0.0,4.13,0
2022-04-07,4.157,4.157,4.157,4.157,0.0,4.157,0
2022-04-08,4.13,4.13,4.13,4.13,0.0,4.13,0
2022-04-11,4.179,4.179,4.179,4.179,0.0,4.179,0
2022-04-12,4.201,4.201,4.201,4.201,0.0,4.201,0
2022-04-13,4.239,4.239,4.239,4.239,0.0,4.239,0
2022-04-14,4.241,4.241,4.241,4.241,0.0,4.241,0
2022-04-18,4.256,4.256,4.256,4.256,0.0,4.256,0
2022-04-19,4.234,4.234,4.234,4.234,0.0,4.234,0
2022-04-20,4.225,4.225,4.225,4.225,0.0,4.225,0
2022-04-21,4.148,4.148,4.148,4.148,0.0,4.148,0
2022-04-22,3.975,3.975,3.975,3.975,0.0,3.975,0
2022-04-25,3.99,3.99,3.99,3.99,0.0,3.99,0
2022-04-26,4.055,4.055,4.055,4.055,0.0,4.055,0
2022-04-27,4.114,4.114,4.114,4.114,0.0,4.114,0
2022-04-28,4.125,4.125,4.125,4.125,0.0,4.125,0
2022-04-29,4.118,4.118,4.118,4.118,0.0,4.118,0
2022-05-02,3.957,3.957,3.957,3.957,0.0,3.957,0
2022-05-03,3.985,3.985,3.985,3.985,0.0,3.985,0
2022-05-04,4.035,4.035,4.035,4.035,0.0,4.035,0
2022-05-05,4.068,4.068,4.068,4.068,0.0,4.068,0
2022-05-06,4.034,4.034,4.034,4.034,0.0,4.034,0
2022-05-09,3.957,3.957,3.957,3.957,0.0,3.957,0
2022-05-10,3.995,3.995,3.995,3.995,0.0,3.995,0
2022-05-11,4.054,4.054,4.054,4.054,0.0,4.054,0
2022-05-12,4.064,4.064,4.064,4.064,0.0,4.064,0
2022-05-13,4.138,4.138,4.138,4.138,0.0,4.138,0
2022-05-16,4.168,4.168,4.168,4.168,0.0,4.168,0
2022-05-17,4.307,4.307,4.307,4.307,0.0,4.307,0
2022-05-18,4.229,4.229,4.229,4.229,0.0,4.229,0
2022-05-19,4.168,4.168,4.168,4.168,0.0,4.168,0
2022-05-20,4.177,4.177,4.177,4.177,0.0,4.177,0
2022-05-23,4.218,4.218,4.218,4.218,0.0,4.218,0
2022-05-24,4.286,4.286,4.286,4.286,0.0,4.286,0
2022-05-25,4.317,4.317,4.317,4.317,0.0,4.317,0
2022-05-26,4.346,4.346,4.346,4.346,0.0,4.346,0
2022-05-27,4.37,4.37,4.37,4.37,0.0,4.37,0
2022-05-31,4.301,4.301,4.301,4.301,0.0,4.301,0
2022-06-01,4.373,4.373,4.373,4.373,0.0,4.373,0
2022-06-02,4.379,4.379,4.379,4.379,0.0,4.379,0
2022-06-03,4.426,4.426,4.426,4.426,0.0,4.426,0
2022-06-06,4.41,4.41,4.41,4.41,0.0,4.41,0
2022-06-07,4.49,4.49,4.49,4.49,0.0,4.49,0
2022-06-08,4.545,4.545,4.545,4.545,0.0,4.545,0
2022-06-09,4.631,4.631,4.631,4.631,0.0,4.631,0
2022-06-10,4.621,4.621,4.621,4.621,0.0,4.621,0
2022-06-13,4.564,4.564,4.564,4.564,0.0,4.564,0
2022-06-14,4.486,4.486,4.486,4.486,0.0,4.486,0
2022-06-15,4.547,4.547,4.547,4.547,0.0,4.547,0
2022-06-16,4.561,4.561,4.561,4.561,0.0,4.561,0
2022-06-17,4.458,4.458,4.458,4.458,0.0,4.458,0
2022-06-21,4.445,4.445,4.445,4.445,0.0,4.445,0
2022-06-22,4.5,4.5,4.5,4.5,0.0,4.5,0
2022-06-23,4.562,4.562,4.562,4.562,0.0,4.562,0
2022-06-24,4.338,4.338,4.338,4.338,0.0,4.338,0
2022-06-27,4.38,4.38,4.38,4.38,0.0,4.38,0
2022-06-28,4.35,4.35,4.35,4.35,0.0,4.35,0
2022-06-29,4.3,4.3,4.3,4.3,0.0,4.3,0
2022-06-30,4.045,4.045,4.045,4.045,0.0,4.045,0
2022-07-01,4.133,4.133,4.133,4.133,0.0,4.133,0
2022-07-04,4.133,4.133,4.133,4.133,0.0,4.133,0
2022-07-05,3.983,3.983,3.983,3.983,0.0,3.983,0
2022-07-06,4.075,4.075,4.075,4.075,0.0,4.075,0
2022-07-07,4.135,4.135,4.135,4.135,0.0,4.135,0
2022-07-08,4.134,4.134,4.134,4.134,0.0,4.134,0
2022-07-11,4.168,4.168,4.168,4.168,0.0,4.168,0
2022-07-12,4.07,4.07,4.07,4.07,0.0,4.07,0
2022-07-13,4.132,4.132,4.132,4.132,0.0,4.132,0
2022-07-14,4.088,4.088,4.088,4.088,0.0,4.088,0
2022-07-15,4.162,4.162,4.162,4.162,0.0,4.162,0
2022-07-18,4.062,4.062,4.062,4.062,0.0,4.062,0
2022-07-19,4.089,4.089,4.089,4.089,0.0,4.089,0
2022-07-20,4.232,4.232,4.232,4.232,0.0,4.232,0
2022-07-21,4.137,4.137,4.137,4.137,0.0,4.137,0
2022-07-22,4.141,4.141,4.141,4.141,0.0,4.141,0
2022-07-25,4.247,4.247,4.247,4.247,0.0,4.247,0
2022-07-26,4.274,4.274,4.274,4.274,0.0,4.274,0
2022-07-27,4.272,4.272,4.272,4.272,0.0,4.272,0
2022-07-28,4.248,4.248,4.248,4.248,0.0,4.248,0
2022-07-29,4.344,4.344,4.344,4.344,0.0,4.344,0
2022-08-01,4.327,4.327,4.327,4.327,0.0,4.327,0
2022-08-02,4.329,4.329,4.329,4.329,0.0,4.329,0
2022-08-03,4.361,4.361,4.361,4.361,0.0,4.361,0
2022-08-04,4.33,4.33,4.33,4.33,0.0,4.33,0
2022-08-05,4.286,4.286,4.286,4.286,0.0,4.286,0
2022-08-08,4.248,4.248,4.248,4.248,0.0,4.248,0
2022-08-09,4.285,4.285,4.285,4.285,0.0,4.285,0
2022-08-10,4.315,4.315,4.315,4.315,0.0,4.315,0
2022-08-11,4.398,4.398,4.398,4.398,0.0,4.398,0
2022-08-12,4.386,4.386,4.386,4.386,0.0,4.386,0
2022-08-15,4.47,4.47,4.47,4.47,0.0,4.47,0
2022-08-16,4.509,4.509,4.509,4.509,0.0,4.509,0
2022-08-17,4.492,4.492,4.492,4.492,0.0,4.492,0
2022-08-18,4.498,4.498,4.498,4.498,0.0,4.498,0
2022-08-19,4.514,4.514,4.514,4.514,0.0,4.514,0
2022-08-22,4.573,4.573,4.573,4.573,0.0,4.573,0
2022-08-23,4.58,4.58,4.58,4.58,0.0,4.58,0
2022-08-24,4.651,4.651,4.651,4.651,0.0,4.651,0
2022-08-25,4.713,4.713,4.713,4.713,0.0,4.713,0
2022-08-26,4.815,4.815,4.815,4.815,0.0,4.815,0
2022-08-29,4.894,4.894,4.894,4.894,0.0,4.894,0
2022-08-30,4.901,4.901,4.901,4.901,0.0,4.901,0
2022-08-31,4.92,4.92,4.92,4.92,0.0,4.92,0
2022-09-01,4.988,4.988,4.988,4.988,0.0,4.988,0
2022-09-02,5.099,5.099,5.099,5.099,0.0,5.099,0
2022-09-05,5.099,5.099,5.099,5.099,0.0,5.099,0
2022-09-06,5.115,5.115,5.115,5.115,0.0,5.115,0
2022-09-07,5.073,5.073,5.073,5.073,0.0,5.073,0
2022-09-08,5.045,5.045,5.045,5.045,0.0,5.045,0
2022-09-09,5.096,5.096,5.096,5.096,0.0,5.096,0
2022-09-12,5.041,5.041,5.041,5.041,0.0,5.041,0
2022-09-13,5.029,5.029,5.029,5.029,0.0,5.029,0
2022-09-14,5.088,5.088,5.088,5.088,0.0,5.088,0
2022-09-15,5.042,5.042,5.042,5.042,0.0,5.042,0
2022-09-16,4.937,4.937,4.937,4.937,0.0,4.937,0
2022-09-19,4.893,4.893,4.893,4.893,0.0,4.893,0
2022-09-20,4.824,4.824,4.824,4.824,0.0,4.824,0
2022-09-21,4.59,4.59,4.59,4.59,0.0,4.59,0
2022-09-22,4.438,4.438,4.438,4.438,0.0,4.438,0
2022-09-23,4.444,4.444,4.444,4.444,0.0,4.444,0
2022-09-26,4.363,4.363,4.363,4.363,0.0,4.363,0
2022-09-27,4.245,4.245,4.245,4.245,0.0,4.245,0
2022-09-28,4.181,4.181,4.181,4.181,0.0,4.181,0
2022-09-29,4.166,4.166,4.166,4.166,0.0,4.166,0
2022-09-30,4.172,4.172,4.172,4.172,0.0,4.172,0
2022-10-03,4.061,4.061,4.061,4.061,0.0,4.061,0
2022-10-04,4.111,4.111,4.111,4.111,0.0,4.111,0
2022-10-05,4.108,4.108,4.108,4.108,0.0,4.108,0
2022-10-06,4.135,4.135,4.135,4.135,0.0,4.135,0
2022-10-07,4.135,4.135,4.135,4.135,0.0,4.135,0
2022-10-10,4.157,4.157,4.157,4.157,0.0,4.157,0
2022-10-11,4.195,4.195,4.195,4.195,0.0,4.195,0
2022-10-12,4.174,4.174,4.174,4.174,0.0,4.174,0
2022-10-13,4.167,4.167,4.167,4.167,0.0,4.167,0
2022-10-14,4.19,4.19,4.19,4.19,0.0,4.19,0
2022-10-17,4.163,4.163,4.163,4.163,0.0,4.163,0
2022-10-18,4.128,4.128,4.128,4.128,0.0,4.128,0
2022-10-19,4.103,4.103,4.103,4.103,0.0,4.103,0
2022-10-20,4.272,4.272,4.272,4.272,0.0,4.272,0
2022-10-21,4.226,4.226,4.226,4.226,0.0,4.226,0
2022-10-24,4.187,4.187,4.187,4.187,0.0,4.187,0
2022-10-25,4.202,4.202,4.202,4.202,0.0,4.202,0
2022-10-26,4.219,4.219,4.219,4.219,0.0,4.219,0
2022-10-27,4.219,4.219,4.212,4.212,1.0,4.219,1
2022-10-28,4.217,4.217,4.217,4.217,0.0,4.217,0
2022-10-31,4.211,4.211,4.211,4.211,0.0,4.211,0
2022-11-01,4.176,4.176,4.176,4.176,0.0,4.176,0
2022-11-02,4.24,4.24,4.24,4.24,0.0,4.24,0
2022-11-03,4.265,4.265,4.265,4.265,0.0,4.265,0
2022-11-04,4.379,4.379,4.379,4.379,0.0,4.379,0
2022-11-07,4.423,4.423,4.423,4.423,0.0,4.423,0
2022-11-08,4.383,4.383,4.383,4.383,0.0,4.383,0
2022-11-09,4.397,4.397,4.397,4.397,0.0,4.397,0
2022-11-10,4.397,4.397,4.397,4.397,0.0,4.397,0
2022-11-11,4.37,4.37,4.37,4.37,0.0,4.37,0
2022-11-14,4.339,4.339,4.339,4.339,0.0,4.339,0
2022-11-15,4.335,4.335,4.335,4.335,0.0,4.335,0
2022-11-16,4.35,4.35,4.35,4.35,0.0,4.35,0
2022-11-17,4.308,4.308,4.308,4.308,0.0,4.308,0
2022-11-18,4.302,4.302,4.302,4.302,0.0,4.302,0
2022-11-21,4.257,4.257,4.257,4.257,0.0,4.257,0
2022-11-22,4.245,4.245,4.241,4.241,1.0,4.245,1
2022-11-23,4.291,4.291,4.291,4.291,0.0,4.291,0
2022-11-24,4.291,4.291,4.291,4.291,0.0,4.291,0
2022-11-25,4.285,4.285,4.285,4.285,0.0,4.285,0
2022-11-28,4.365,4.365,4.365,4.365,0.0,4.365,0
2022-11-29,4.339,4.339,4.339,4.339,0.0,4.339,0
2022-11-30,4.326,4.326,4.326,4.326,0.0,4.326,0
2022-12-01,4.306,4.306,4.306,4.306,0.0,4.306,0
2022-12-02,4.302,4.302,4.302,4.302,0.0,4.302,0
2022-12-05,4.31,4.31,4.31,4.31,0.0,4.31,0
2022-12-06,4.323,4.323,4.323,4.323,0.0,4.323,0
2022-12-07,4.328,4.328,4.328,4.328,0.0,4.328,0
2022-12-08,4.388,4.388,4.388,4.388,0.0,4.388,0
2022-12-09,4.392,4.392,4.392,4.392,0.0,4.392,0
2022-12-12,4.466,4.466,4.466,4.466,0.0,4.466,0
2022-12-13,4.454,4.454,4.454,4.454,0.0,4.454,0
2022-12-14,4.397,4.397,4.397,4.397,0.0,4.397,0
2022-12-15,4.438,4.438,4.438,4.438,0.0,4.438,0
2022-12-16,4.52,4.52,4.52,4.52,0.0,4.52,0
2022-12-19,4.496,4.496,4.496,4.496,0.0,4.496,0
2022-12-20,4.491,4.491,4.491,4.491,0.0,4.491,0
2022-12-21,4.403,4.403,4.403,4.403,0.0,4.403,0
2022-12-22,4.32,4.32,4.32,4.32,0.0,4.32,0
2022-12-23,4.333,4.333,4.333,4.333,0.0,4.333,0
2022-12-27,4.419,4.419,4.419,4.419,0.0,4.419,0
2022-12-28,4.341,4.341,4.341,4.341,0.0,4.341,0
2022-12-29,4.332,4.332,4.332,4.332,0.0,4.332,0
2022-12-30,4.341,4.341,4.341,4.341,0.0,4.341,0
2023-01-03,4.287,4.287,4.287,4.287,0.0,4.287,0
2023-01-04,4.29,4.29,4.29,4.29,0.0,4.29,0
2023-01-05,4.212,4.212,4.212,4.212,0.0,4.212,0
2023-01-06,4.156,4.156,4.156,4.156,0.0,4.156,0
2023-01-09,4.164,4.164,4.164,4.164,0.0,4.164,0
2023-01-10,4.141,4.188,4.141,4.188,1.0,4.141,1
2023-01-11,4.154,4.154,4.154,4.154,0.0,4.154,0
2023-01-12,4.153,4.153,4.153,4.153,0.0,4.153,0
2023-01-13,4.162,4.162,4.162,4.162,0.0,4.162,0
2023-01-16,4.162,4.162,4.162,4.162,0.0,4.162,0
2023-01-17,4.178,4.178,4.178,4.178,0.0,4.178,0
2023-01-18,4.212,4.212,4.212,4.212,0.0,4.212,0
2023-01-19,4.252,4.252,4.252,4.252,0.0,4.252,0
2023-01-20,4.216,4.216,4.216,4.216,0.0,4.216,0
2023-01-23,4.118,4.118,4.118,4.118,0.0,4.118,0
2023-01-24,4.087,4.087,4.087,4.087,0.0,4.087,0
2023-01-25,4.03,4.03,4.03,4.03,0.0,4.03,0
2023-01-26,4.037,4.037,4.037,4.037,0.0,4.037,0
2023-01-27,4.028,4.028,4.028,4.028,0.0,4.028,0
2023-01-30,3.949,3.949,3.949,3.949,0.0,3.949,0
2023-01-31,3.97,3.97,3.97,3.97,0.0,3.97,0
2023-02-01,3.788,3.788,3.788,3.788,0.0,3.788,0
2023-02-02,3.768,3.768,3.768,3.768,0.0,3.768,0
2023-02-03,3.719,3.719,3.719,3.719,0.0,3.719,0
2023-02-10,3.734,3.734,3.734,3.734,0.0,3.734,0
2023-02-13,3.677,3.677,3.677,3.677,0.0,3.677,0
2023-02-14,3.678,3.678,3.678,3.678,0.0,3.678,0
2023-02-15,3.673,3.673,3.673,3.673,0.0,3.673,0
2023-02-16,3.673,3.673,3.673,3.673,0.0,3.673,0
2023-02-17,3.659,3.659,3.659,3.659,0.0,3.659,0
2023-02-20,3.659,3.659,3.659,3.659,0.0,3.659,0
2023-02-21,3.659,3.659,3.659,3.659,0.0,3.659,0
2023-02-22,3.67,3.67,3.67,3.67,0.0,3.67,0
2023-02-23,3.704,3.704,3.704,3.704,0.0,3.704,0
2023-02-24,3.763,3.763,3.763,3.763,0.0,3.763,0
2023-02-27,3.805,3.805,3.805,3.805,0.0,3.805,0
2023-02-28,3.853,3.853,3.853,3.853,0.0,3.853,0
2023-03-01,3.934,3.934,3.934,3.934,0.0,3.934,0
2023-03-02,3.942,3.942,3.942,3.942,0.0,3.942,0
2023-03-03,3.982,3.982,3.982,3.982,0.0,3.982,0
2023-03-06,4.016,4.016,4.016,4.016,0.0,4.016,0
2023-03-07,4.039,4.039,4.039,4.039,0.0,4.039,0
2023-03-08,4.057,4.057,4.057,4.057,0.0,4.057,0
2023-03-09,3.759,3.759,3.759,3.759,0.0,3.759,0
2023-03-10,3.86,3.86,3.86,3.86,0.0,3.86,0
2023-03-13,3.871,3.871,3.871,3.871,0.0,3.871,0
2023-03-14,3.952,3.952,3.952,3.952,0.0,3.952,0
2023-03-15,4.004,4.004,4.004,4.004,0.0,4.004,0
2023-03-16,4.046,4.046,4.046,4.046,0.0,4.046,0
2023-03-17,4.039,4.039,4.039,4.039,0.0,4.039,0
2023-03-20,3.998,3.998,3.998,3.998,0.0,3.998,0
2023-03-21,4.047,4.047,4.047,4.047,0.0,4.047,0
2023-03-22,4.001,4.001,4.001,4.001,0.0,4.001,0
2023-03-23,4.036,4.036,4.036,4.036,0.0,4.036,0
2023-03-24,3.993,3.993,3.993,3.993,0.0,3.993,0
2023-03-27,3.972,3.972,3.972,3.972,0.0,3.972,0
2023-03-28,3.93,3.93,3.93,3.93,0.0,3.93,0
2023-03-29,3.957,3.957,3.957,3.957,0.0,3.957,0
2023-03-30,3.965,3.965,3.965,3.965,0.0,3.965,0
2023-03-31,3.958,3.958,3.958,3.958,0.0,3.958,0
2023-04-03,3.966,3.966,3.966,3.966,0.0,3.966,0
2023-04-04,3.978,3.978,3.978,3.978,0.0,3.978,0
2023-04-05,3.951,3.951,3.951,3.951,0.0,3.951,0
2023-04-06,3.907,3.907,3.907,3.907,0.0,3.907,0
2023-04-10,3.969,3.969,3.969,3.969,0.0,3.969,0
2023-04-11,3.979,3.979,3.979,3.979,0.0,3.979,0
2023-04-12,3.905,3.905,3.905,3.905,0.0,3.905,0
2023-04-13,3.873,3.873,3.873,3.873,0.0,3.873,0
2023-04-14,3.893,3.893,3.893,3.893,0.0,3.893,0
2023-04-17,3.959,3.959,3.959,3.959,0.0,3.959,0
2023-04-18,3.957,3.957,3.957,3.957,0.0,3.957,0
2023-04-19,3.979,3.979,3.979,3.979,0.0,3.979,0
2023-04-20,4.011,4.011,4.011,4.011,0.0,4.011,0
2023-04-21,4.018,4.018,4.018,4.018,0.0,4.018,0
2023-04-24,4.009,4.009,4.009,4.009,0.0,4.009,0
2023-04-25,3.948,4.007,3.948,4.007,40.0,3.948,1
2023-04-26,4.028,4.028,4.028,4.028,0.0,4.028,0
2023-04-27,4.032,4.032,4.032,4.032,0.0,4.032,0
2023-04-28,3.993,3.993,3.993,3.993,0.0,3.993,0
2023-05-01,3.95,3.95,3.95,3.95,0.0,3.95,0
2023-05-02,3.946,3.946,3.946,3.946,0.0,3.946,0
2023-05-03,3.998,3.998,3.998,3.998,0.0,3.998,0
2023-05-04,4.005,4.005,4.005,4.005,0.0,4.005,0
2023-05-05,3.937,3.937,3.937,3.937,0.0,3.937,0
2023-05-08,3.905,3.905,3.905,3.905,0.0,3.905,0
2023-05-09,3.888,3.888,3.888,3.888,0.0,3.888,0
2023-05-10,3.904,3.904,3.904,3.904,0.0,3.904,0
2023-05-11,3.808,3.808,3.808,3.808,0.0,3.808,0
2023-05-12,3.785,3.785,3.785,3.785,0.0,3.785,0
2023-05-15,3.789,3.789,3.789,3.789,0.0,3.789,0
2023-05-16,3.775,3.775,3.775,3.775,0.0,3.775,0
2023-05-17,3.699,3.699,3.699,3.699,0.0,3.699,0
2023-05-18,3.679,3.679,3.679,3.679,0.0,3.679,0
2023-05-19,3.61,3.61,3.61,3.61,0.0,3.61,0
2023-05-22,3.6,3.6,3.6,3.6,0.0,3.6,0
2023-05-23,3.588,3.588,3.588,3.588,0.0,3.588,0
2023-05-24,3.643,3.643,3.643,3.643,0.0,3.643,0
2023-05-25,3.576,3.576,3.576,3.576,0.0,3.576,0
2023-05-26,3.604,3.604,3.604,3.604,0.0,3.604,0
2023-05-29,3.604,3.604,3.604,3.604,0.0,3.604,0
2023-05-30,3.564,3.564,3.564,3.564,0.0,3.564,0
2023-05-31,3.529,3.529,3.529,3.529,0.0,3.529,0
2023-06-01,3.387,3.387,3.387,3.387,0.0,3.387,0
2023-06-02,3.427,3.427,3.427,3.427,0.0,3.427,0
2023-06-05,3.497,3.497,3.497,3.497,0.0,3.497,0
2023-06-06,3.494,3.494,3.494,3.494,0.0,3.494,0
2023-06-07,3.468,3.468,3.468,3.468,0.0,3.468,0
2023-06-08,3.439,3.439,3.439,3.439,0.0,3.439,0
2023-06-09,3.444,3.444,3.444,3.444,0.0,3.444,0
2023-06-12,3.441,3.441,3.441,3.441,0.0,3.441,0
2023-06-13,3.406,3.406,3.406,3.406,0.0,3.406,0
2023-06-14,3.444,3.444,3.444,3.444,0.0,3.444,0
2023-06-15,3.416,3.416,3.416,3.416,0.0,3.416,0
2023-06-16,3.435,3.435,3.435,3.435,0.0,3.435,0
2023-06-19,3.435,3.435,3.435,3.435,0.0,3.435,0
2023-06-20,3.482,3.482,3.482,3.482,0.0,3.482,0
2023-06-21,3.548,3.548,3.548,3.548,0.0,3.548,0
2023-06-22,3.566,3.566,3.566,3.566,0.0,3.566,0
2023-06-23,3.46,3.46,3.46,3.46,0.0,3.46,0
2023-06-26,3.434,3.434,3.434,3.434,0.0,3.434,0
2023-06-27,3.494,3.494,3.494,3.494,0.0,3.494,0
2023-06-28,3.289,3.289,3.289,3.289,0.0,3.289,0
2023-06-29,3.248,3.248,3.248,3.248,0.0,3.248,0
2023-06-30,3.28,3.28,3.28,3.28,0.0,3.28,0
2023-07-03,3.281,3.281,3.281,3.281,0.0,3.281,0
2023-07-04,3.281,3.281,3.281,3.281,0.0,3.281,0
2023-07-05,3.271,3.271,3.271,3.271,0.0,3.271,0
2023-07-06,3.273,3.273,3.273,3.273,0.0,3.273,0
2023-07-07,3.377,3.377,3.377,3.377,0.0,3.377,0
2023-07-10,3.421,3.421,3.421,3.421,0.0,3.421,0
2023-07-11,3.49,3.49,3.49,3.49,0.0,3.49,0
2023-07-12,3.556,3.556,3.556,3.556,0.0,3.556,0
2023-07-13,3.352,3.352,3.352,3.352,0.0,3.352,0
2023-07-14,3.451,3.451,3.451,3.451,0.0,3.451,0
2023-07-17,3.476,3.476,3.476,3.476,0.0,3.476,0
2023-07-18,3.535,3.535,3.535,3.535,0.0,3.535,0
2023-07-19,3.544,3.544,3.544,3.544,0.0,3.544,0
2023-07-20,3.531,3.531,3.531,3.531,0.0,3.531,0
2023-07-21,3.549,3.549,3.549,3.549,0.0,3.549,0
2023-07-24,3.595,3.595,3.595,3.595,0.0,3.595,0
2023-07-25,3.609,3.609,3.609,3.609,0.0,3.609,0
2023-07-26,3.627,3.627,3.627,3.627,0.0,3.627,0
2023-07-27,3.618,3.618,3.618,3.618,0.0,3.618,0
2023-07-28,3.627,3.627,3.627,3.627,0.0,3.627,0
2023-07-31,3.556,3.556,3.556,3.556,0.0,3.556,0
2023-08-01,3.466,3.466,3.466,3.466,0.0,3.466,0
2023-08-02,3.483,3.483,3.483,3.483,0.0,3.483,0
2023-08-03,3.463,3.463,3.463,3.463,0.0,3.463,0
2023-08-04,3.471,3.471,3.471,3.471,0.0,3.471,0
2023-08-07,3.532,3.532,3.532,3.532,0.0,3.532,0
2023-08-08,3.58,3.58,3.58,3.58,0.0,3.58,0
2023-08-09,3.542,3.542,3.542,3.542,0.0,3.542,0
2023-08-10,3.527,3.527,3.527,3.527,0.0,3.527,0
2023-08-11,3.555,3.555,3.555,3.555,0.0,3.555,0
2023-08-14,3.502,3.502,3.502,3.502,0.0,3.502,0
2023-08-15,3.628,3.628,3.628,3.628,0.0,3.628,0
2023-08-16,3.642,3.642,3.642,3.642,0.0,3.642,0
2023-08-17,3.622,3.622,3.622,3.622,0.0,3.622,0
2023-08-18,3.569,3.569,3.569,3.569,0.0,3.569,0
2023-08-21,3.648,3.648,3.648,3.648,0.0,3.648,0
2023-08-22,3.607,3.607,3.607,3.607,0.0,3.607,0
2023-08-23,3.698,3.698,3.698,3.698,0.0,3.698,0
2023-08-24,3.571,3.571,3.571,3.571,0.0,3.571,0
2023-08-25,3.552,3.552,3.552,3.552,0.0,3.552,0
2023-08-28,3.541,3.541,3.541,3.541,0.0,3.541,0
2023-08-29,3.518,3.518,3.518,3.518,0.0,3.518,0
2023-08-30,3.573,3.573,3.573,3.573,0.0,3.573,0
2023-08-31,3.58,3.58,3.58,3.58,0.0,3.58,0
2023-09-01,3.579,3.579,3.579,3.579,0.0,3.579,0
2023-09-04,3.579,3.579,3.579,3.579,0.0,3.579,0
2023-09-05,3.525,3.525,3.525,3.525,0.0,3.525,0
2023-09-06,3.539,3.539,3.539,3.539,0.0,3.539,0
2023-09-07,3.531,3.531,3.531,3.531,0.0,3.531,0
2023-09-08,3.512,3.512,3.512,3.512,0.0,3.512,0
2023-09-11,3.404,3.404,3.404,3.404,0.0,3.404,0
2023-09-12,3.416,3.416,3.416,3.416,0.0,3.416,0
2023-09-13,3.477,3.477,3.477,3.477,0.0,3.477,0
2023-09-14,3.441,3.441,3.441,3.441,0.0,3.441,0
2023-09-15,3.43,3.43,3.43,3.43,0.0,3.43,0
2023-09-18,3.422,3.422,3.422,3.422,0.0,3.422,0
2023-09-19,3.331,3.331,3.331,3.331,0.0,3.331,0
2023-09-20,3.414,3.414,3.414,3.414,0.0,3.414,0
2023-09-21,3.484,3.484,3.484,3.484,0.0,3.484,0
2023-09-22,3.492,3.492,3.492,3.492,0.0,3.492,0
2023-09-25,3.565,3.565,3.565,3.565,0.0,3.565,0
2023-09-26,3.52,3.52,3.52,3.52,0.0,3.52,0
2023-09-27,3.473,3.473,3.473,3.473,0.0,3.473,0
2023-09-28,3.48,3.48,3.48,3.48,0.0,3.48,0
2023-09-29,3.526,3.526,3.526,3.526,0.0,3.526,0
2023-10-02,3.5,3.5,3.5,3.5,0.0,3.5,0
2023-10-03,3.625,3.625,3.625,3.625,0.0,3.625,0
2023-10-04,3.547,3.547,3.547,3.547,0.0,3.547,0
2023-10-05,3.471,3.471,3.471,3.471,0.0,3.471,0
2023-10-06,3.428,3.428,3.428,3.428,0.0,3.428,0
2023-10-09,3.429,3.429,3.429,3.429,0.0,3.429,0
2023-10-10,3.431,3.431,3.431,3.431,0.0,3.431,0
2023-10-11,3.45,3.45,3.45,3.45,0.0,3.45,0
2023-10-12,3.58,3.58,3.58,3.58,0.0,3.58,0
2023-10-13,3.514,3.514,3.514,3.514,0.0,3.514,0
2023-10-16,3.494,3.494,3.494,3.494,0.0,3.494,0
2023-10-17,3.509,3.509,3.509,3.509,0.0,3.509,0
2023-10-18,3.504,3.504,3.504,3.504,0.0,3.504,0
2023-10-19,3.523,3.523,3.523,3.523,0.0,3.523,0
2023-10-20,3.529,3.529,3.529,3.529,0.0,3.529,0
2023-10-23,3.533,3.533,3.533,3.533,0.0,3.533,0
2023-10-24,3.538,3.538,3.538,3.538,0.0,3.538,0
2023-10-25,3.546,3.546,3.546,3.546,0.0,3.546,0
2023-10-26,3.531,3.531,3.531,3.531,0.0,3.531,0
2023-10-27,3.538,3.538,3.538,3.538,0.0,3.538,0
2023-10-30,3.529,3.529,3.529,3.529,0.0,3.529,0
2023-10-31,3.547,3.547,3.547,3.547,0.0,3.547,0
2023-11-01,3.645,3.645,3.645,3.645,0.0,3.645,0
2023-11-02,3.705,3.705,3.705,3.705,0.0,3.705,0
2023-11-03,3.556,3.556,3.556,3.556,0.0,3.556,0
2023-11-06,3.581,3.581,3.581,3.581,0.0,3.581,0
2023-11-07,3.612,3.612,3.612,3.612,0.0,3.612,0
2023-11-08,3.529,3.529,3.529,3.529,0.0,3.529,0
2023-11-09,3.53,3.53,3.53,3.53,0.0,3.53,0
2023-11-10,3.492,3.492,3.492,3.492,0.0,3.492,0
2023-11-13,3.54,3.54,3.54,3.54,0.0,3.54,0
2023-11-14,3.52,3.52,3.52,3.52,0.0,3.52,0
2023-11-15,3.566,3.566,3.566,3.566,0.0,3.566,0
2023-11-16,3.547,3.547,3.547,3.547,0.0,3.547,0
2023-11-17,3.55,3.55,3.55,3.55,0.0,3.55,0
2023-11-20,3.537,3.537,3.537,3.537,0.0,3.537,0
2023-11-21,3.512,3.512,3.512,3.512,0.0,3.512,0
2023-11-22,3.499,3.499,3.499,3.499,0.0,3.499,0
2023-11-23,3.499,3.499,3.499,3.499,0.0,3.499,0
2023-11-24,3.559,3.559,3.559,3.559,0.0,3.559,0
2023-11-27,3.574,3.574,3.574,3.574,0.0,3.574,0
2023-11-28,3.519,3.519,3.519,3.519,0.0,3.519,0
2023-11-29,3.494,3.494,3.494,3.494,0.0,3.494,0
2023-11-30,3.513,3.513,3.513,3.513,0.0,3.513,0
2023-12-01,3.529,3.529,3.529,3.529,0.0,3.529,0
2023-12-04,3.495,3.495,3.495,3.495,0.0,3.495,0
2023-12-05,3.46,3.46,3.46,3.46,0.0,3.46,0
2023-12-06,3.27,3.27,3.27,3.27,0.0,3.27,0
2023-12-07,3.293,3.293,3.293,3.293,0.0,3.293,0
2023-12-08,3.319,3.319,3.319,3.319,0.0,3.319,0
2023-12-11,3.351,3.351,3.351,3.351,0.0,3.351,0
2023-12-12,3.4,3.4,3.4,3.4,0.0,3.4,0
2023-12-13,3.441,3.441,3.441,3.441,0.0,3.441,0
2023-12-14,3.451,3.451,3.451,3.451,0.0,3.451,0
2023-12-15,3.525,3.525,3.525,3.525,0.0,3.525,0
2023-12-18,3.522,3.522,3.522,3.522,0.0,3.522,0
2023-12-19,3.405,3.405,3.405,3.405,0.0,3.405,0
2023-12-20,3.476,3.476,3.476,3.476,0.0,3.476,0
2023-12-21,3.365,3.365,3.365,3.365,0.0,3.365,0
2023-12-22,3.333,3.333,3.333,3.333,0.0,3.333,0
2023-12-26,3.282,3.282,3.282,3.282,0.0,3.282,0
2023-12-27,3.301,3.301,3.301,3.301,0.0,3.301,0
2023-12-28,3.287,3.287,3.287,3.287,0.0,3.287,0
2023-12-29,3.286,3.286,3.286,3.286,0.0,3.286,0
2024-01-02,3.282,3.282,3.282,3.282,0.0,3.282,0
2024-01-03,3.407,3.407,3.407,3.407,0.0,3.407,0
2024-01-04,3.411,3.411,3.411,3.411,0.0,3.411,0
2024-01-05,3.389,3.389,3.389,3.389,0.0,3.389,0
2024-01-08,3.399,3.399,3.399,3.399,0.0,3.399,0
2024-01-09,3.476,3.476,3.476,3.476,0.0,3.476,0
2024-01-10,3.443,3.443,3.443,3.443,0.0,3.443,0
2024-01-11,3.346,3.346,3.346,3.346,0.0,3.346,0
2024-01-12,3.342,3.342,3.342,3.342,0.0,3.342,0
2024-01-15,3.342,3.342,3.342,3.342,0.0,3.342,0
2024-01-16,3.324,3.324,3.324,3.324,0.0,3.324,0
2024-01-17,3.367,3.367,3.367,3.367,0.0,3.367,0
2024-01-18,3.373,3.373,3.373,3.373,0.0,3.373,0
2024-01-19,3.316,3.316,3.316,3.316,0.0,3.316,0
2024-01-22,3.245,3.245,3.245,3.245,0.0,3.245,0
2024-01-23,3.358,3.358,3.358,3.358,0.0,3.358,0
2024-01-24,3.321,3.321,3.321,3.321,0.0,3.321,0
2024-01-25,3.221,3.221,3.221,3.221,0.0,3.221,0
2024-01-26,3.216,3.216,3.216,3.216,0.0,3.216,0
2024-01-29,3.148,3.148,3.148,3.148,0.0,3.148,0
2024-01-30,3.207,3.207,3.207,3.207,0.0,3.207,0
2024-01-31,3.223,3.223,3.223,3.223,0.0,3.223,0
2024-02-01,3.307,3.307,3.307,3.307,0.0,3.307,0
2024-02-02,3.39,3.39,3.39,3.39,0.0,3.39,0
2024-02-05,3.366,3.366,3.366,3.366,0.0,3.366,0
2024-02-06,3.359,3.359,3.359,3.359,0.0,3.359,0
2024-02-07,3.312,3.312,3.312,3.312,0.0,3.312,0
2024-02-08,3.299,3.299,3.299,3.299,0.0,3.299,0
2024-02-09,3.298,3.298,3.298,3.298,0.0,3.298,0
2024-02-12,3.279,3.279,3.279,3.279,0.0,3.279,0
2024-02-13,3.32,3.32,3.32,3.32,0.0,3.32,0
2024-02-14,3.292,3.292,3.292,3.292,0.0,3.292,0
2024-02-15,3.224,3.224,3.224,3.224,0.0,3.224,0
2024-02-16,3.204,3.204,3.204,3.204,0.0,3.204,0
2024-02-19,3.204,3.204,3.204,3.204,0.0,3.204,0
2024-02-20,3.216,3.216,3.216,3.216,0.0,3.216,0
2024-02-21,3.224,3.224,3.224,3.224,0.0,3.224,0
2024-02-22,3.297,3.297,3.297,3.297,0.0,3.297,0
2024-02-23,3.25,3.25,3.25,3.25,0.0,3.25,0
2024-02-26,3.254,3.254,3.254,3.254,0.0,3.254,0
2024-02-27,3.258,3.258,3.258,3.258,0.0,3.258,0
2024-02-28,3.278,3.278,3.278,3.278,0.0,3.278,0
2024-02-29,3.279,3.279,3.279,3.279,0.0,3.279,0
2024-03-01,3.251,3.251,3.251,3.251,0.0,3.251,0
2024-03-04,3.233,3.233,3.233,3.233,0.0,3.233,0
2024-03-05,3.265,3.265,3.265,3.265,0.0,3.265,0
2024-03-06,3.287,3.287,3.287,3.287,0.0,3.287,0
2024-03-07,3.291,3.291,3.291,3.291,0.0,3.291,0
2024-03-08,3.333,3.333,3.333,3.333,0.0,3.333,0
2024-03-11,3.349,3.349,3.349,3.349,0.0,3.349,0
2024-03-12,3.33,3.33,3.33,3.33,0.0,3.33,0
2024-03-13,3.327,3.327,3.327,3.327,0.0,3.327,0
2024-03-14,3.332,3.332,3.332,3.332,0.0,3.332,0
2024-03-15,3.323,3.323,3.323,3.323,0.0,3.323,0
2024-03-18,3.321,3.321,3.321,3.321,0.0,3.321,0
2024-03-19,3.327,3.327,3.327,3.327,0.0,3.327,0
2024-03-20,3.306,3.306,3.306,3.306,0.0,3.306,0
2024-03-21,3.272,3.272,3.272,3.272,0.0,3.272,0
2024-03-22,3.314,3.314,3.314,3.314,0.0,3.314,0
2024-03-25,3.246,3.246,3.246,3.246,0.0,3.246,0
2024-03-26,3.248,3.248,3.248,3.248,0.0,3.248,0
2024-03-27,3.233,3.233,3.233,3.233,0.0,3.233,0
2024-03-28,3.262,3.262,3.262,3.262,0.0,3.262,0
2024-04-01,3.301,3.301,3.301,3.301,0.0,3.301,0
2024-04-02,3.385,3.385,3.385,3.385,0.0,3.385,0
2024-04-03,3.362,3.362,3.362,3.362,0.0,3.362,0
2024-04-04,3.36,3.36,3.36,3.36,0.0,3.36,0
2024-04-05,3.367,3.367,3.367,3.367,0.0,3.367,0
2024-04-08,3.361,3.361,3.361,3.361,0.0,3.361,0
2024-04-09,3.334,3.334,3.334,3.334,0.0,3.334,0
2024-04-10,3.37,3.37,3.37,3.37,0.0,3.37,0
2024-04-11,3.445,3.445,3.445,3.445,0.0,3.445,0
2024-04-12,3.526,3.526,3.526,3.526,0.0,3.526,0
2024-04-15,3.584,3.584,3.584,3.584,0.0,3.584,0
2024-04-16,3.636,3.636,3.636,3.636,0.0,3.636,0
2024-04-17,3.623,3.623,3.623,3.623,0.0,3.623,0
2024-04-18,3.61,3.61,3.61,3.61,0.0,3.61,0
2024-04-19,3.603,3.603,3.603,3.603,0.0,3.603,0
2024-04-22,3.601,3.601,3.601,3.601,0.0,3.601,0
2024-04-23,3.575,3.575,3.575,3.575,0.0,3.575,0
2024-04-24,3.572,3.572,3.572,3.572,0.0,3.572,0
2024-04-25,3.579,3.579,3.579,3.579,0.0,3.579,0
2024-04-26,3.56,3.56,3.56,3.56,0.0,3.56,0
2024-04-29,3.573,3.573,3.573,3.573,0.0,3.573,0
2024-04-30,3.593,3.593,3.593,3.593,0.0,3.593,0
2024-05-01,3.591,3.591,3.591,3.591,0.0,3.591,0
2024-05-02,3.6,3.6,3.6,3.6,0.0,3.6,0
2024-05-03,3.595,3.595,3.595,3.595,0.0,3.595,0
2024-05-06,3.587,3.587,3.587,3.587,0.0,3.587,0
2024-05-07,3.53,3.53,3.53,3.53,0.0,3.53,0
2024-05-08,3.456,3.456,3.456,3.456,0.0,3.456,0
2024-05-09,3.371,3.371,3.371,3.371,0.0,3.371,0
2024-05-10,3.417,3.417,3.417,3.417,0.0,3.417,0
2024-05-13,3.432,3.432,3.432,3.432,0.0,3.432,0
2024-05-14,3.455,3.455,3.455,3.455,0.0,3.455,0
2024-05-15,3.488,3.488,3.488,3.488,0.0,3.488,0
2024-05-16,3.518,3.518,3.518,3.518,0.0,3.518,0
2024-05-17,3.577,3.577,3.577,3.577,0.0,3.577,0
2024-05-20,3.566,3.566,3.566,3.566,0.0,3.566,0
2024-05-21,3.595,3.595,3.595,3.595,0.0,3.595,0
2024-05-22,3.585,3.585,3.585,3.585,0.0,3.585,0
2024-05-23,3.596,3.596,3.596,3.596,0.0,3.596,0
2024-05-24,3.603,3.603,3.603,3.603,0.0,3.603,0
2024-05-27,3.603,3.603,3.603,3.603,0.0,3.603,0
2024-05-28,3.589,3.589,3.589,3.589,0.0,3.589,0
2024-05-29,3.529,3.529,3.529,3.529,0.0,3.529,0
2024-05-30,3.535,3.535,3.535,3.535,0.0,3.535,0
2024-05-31,3.507,3.507,3.507,3.507,0.0,3.507,0
2024-06-03,3.521,3.521,3.521,3.521,0.0,3.521,0
2024-06-04,3.487,3.487,3.487,3.487,0.0,3.487,0
2024-06-05,3.458,3.458,3.458,3.458,0.0,3.458,0
2024-06-06,3.466,3.466,3.466,3.466,0.0,3.466,0
2024-06-07,3.468,3.468,3.468,3.468,0.0,3.468,0
2024-06-10,3.461,3.461,3.461,3.461,0.0,3.461,0
2024-06-11,3.447,3.447,3.447,3.447,0.0,3.447,0
2024-06-12,3.396,3.396,3.396,3.396,0.0,3.396,0
2024-06-13,3.365,3.365,3.365,3.365,0.0,3.365,0
2024-06-14,3.431,3.431,3.431,3.431,0.0,3.431,0
2024-06-17,3.435,3.435,3.435,3.435,0.0,3.435,0
2024-06-18,3.476,3.476,3.476,3.476,0.0,3.476,0
2024-06-19,3.476,3.476,3.476,3.476,0.0,3.476,0
2024-06-20,3.409,3.409,3.409,3.409,0.0,3.409,0
2024-06-21,3.36,3.362,3.36,3.362,50.0,3.36,1
2024-06-24,3.295,3.295,3.295,3.295,0.0,3.295,0
2024-06-25,3.29,3.29,3.29,3.29,0.0,3.29,0
2024-06-26,3.288,3.288,3.288,3.288,0.0,3.288,0
2024-06-27,3.233,3.233,3.233,3.233,0.0,3.233,0
2024-06-28,3.285,3.285,3.285,3.285,0.0,3.285,0
2024-07-01,3.271,3.271,3.271,3.271,0.0,3.271,0
2024-07-02,3.279,3.279,3.279,3.279,0.0,3.279,0
2024-07-03,3.231,3.231,3.231,3.231,0.0,3.231,0
2024-07-04,3.231,3.231,3.231,3.231,0.0,3.231,0
2024-07-05,3.227,3.227,3.227,3.227,0.0,3.227,0
2024-07-08,3.245,3.245,3.245,3.245,0.0,3.245,0
2024-07-09,3.222,3.222,3.222,3.222,0.0,3.222,0
2024-07-10,3.242,3.242,3.242,3.242,0.0,3.242,0
2024-07-11,3.21,3.211,3.21,3.211,1.0,3.21,1
2024-07-12,3.232,3.232,3.232,3.232,0.0,3.232,0
2024-07-15,3.229,3.229,3.229,3.229,0.0,3.229,0
2024-07-16,3.209,3.209,3.209,3.209,0.0,3.209,0
2024-07-17,3.195,3.195,3.195,3.195,0.0,3.195,0
2024-07-18,3.193,3.193,3.193,3.193,0.0,3.193,0
2024-07-19,3.231,3.231,3.231,3.231,0.0,3.231,0
2024-07-22,3.246,3.246,3.246,3.246,0.0,3.246,0
2024-07-23,3.247,3.247,3.247,3.247,0.0,3.247,0
2024-07-24,3.247,3.247,3.247,3.247,0.0,3.247,0
2024-07-25,3.192,3.192,3.192,3.192,0.0,3.192,0
2024-07-26,3.215,3.215,3.215,3.215,0.0,3.215,0
2024-07-29,3.219,3.219,3.219,3.219,0.0,3.219,0
2024-07-30,3.193,3.193,3.193,3.193,0.0,3.193,0
2024-07-31,3.184,3.184,3.184,3.184,0.0,3.184,0
2024-08-01,3.142,3.142,3.142,3.142,0.0,3.142,0
2024-08-02,3.139,3.139,3.139,3.139,0.0,3.139,0
2024-08-05,3.082,3.082,3.082,3.082,0.0,3.082,0
2024-08-06,3.055,3.055,3.055,3.055,0.0,3.055,0
2024-08-07,3.046,3.046,3.046,3.046,0.0,3.046,0
2024-08-08,3.052,3.052,3.052,3.052,0.0,3.052,0
2024-08-09,3.076,3.076,3.076,3.076,0.0,3.076,0
2024-08-12,3.083,3.083,3.083,3.083,0.0,3.083,0
2024-08-13,3.064,3.064,3.064,3.064,0.0,3.064,0
2024-08-14,3.09,3.09,3.09,3.09,0.0,3.09,0
2024-08-15,3.093,3.093,3.093,3.093,0.0,3.093,0
2024-08-16,3.112,3.112,3.112,3.112,0.0,3.112,0
2024-08-19,3.134,3.134,3.134,3.134,0.0,3.134,0
2024-08-20,3.146,3.146,3.146,3.146,0.0,3.146,0
2024-08-21,3.159,3.159,3.159,3.159,0.0,3.159,0
2024-08-22,3.17,3.17,3.17,3.17,0.0,3.17,0
2024-08-23,3.208,3.208,3.208,3.208,0.0,3.208,0
2024-08-26,3.229,3.229,3.229,3.229,0.0,3.229,0
2024-08-27,3.222,3.222,3.222,3.222,0.0,3.222,0
2024-08-28,3.212,3.212,3.212,3.212,0.0,3.212,0
2024-08-29,3.193,3.193,3.193,3.193,0.0,3.193,0
2024-08-30,3.189,3.189,3.189,3.189,0.0,3.189,0
2024-09-02,3.189,3.189,3.189,3.189,0.0,3.189,0
2024-09-03,3.178,3.178,3.178,3.178,0.0,3.178,0
2024-09-04,3.157,3.157,3.157,3.157,0.0,3.157,0
2024-09-05,3.127,3.127,3.127,3.127,0.0,3.127,0
2024-09-06,3.047,3.047,3.047,3.047,0.0,3.047,0
2024-09-09,3.077,3.077,3.077,3.077,0.0,3.077,0
2024-09-10,3.061,3.061,3.061,3.061,0.0,3.061,0
2024-09-11,3.045,3.045,3.045,3.045,0.0,3.045,0
2024-09-12,3.028,3.028,3.028,3.028,0.0,3.028,0
2024-09-13,3.015,3.015,2.996,2.996,1.0,3.015,1
2024-09-16,3.005,3.005,3.005,3.005,0.0,3.005,0
2024-09-17,2.972,2.972,2.972,2.972,0.0,2.972,0
2024-09-18,2.957,2.98,2.957,2.98,26.0,2.957,1
2024-09-19,2.973,2.973,2.973,2.973,0.0,2.973,0
2024-09-20,2.995,2.995,2.995,2.995,0.0,2.995,0
2024-09-23,2.974,2.974,2.974,2.974,0.0,2.974,0
2024-09-24,3.032,3.032,3.032,3.032,0.0,3.032,0
2024-09-25,3.064,3.064,3.064,3.064,0.0,3.064,0
2024-09-26,3.083,3.083,3.083,3.083,0.0,3.083,0
2024-09-27,3.1,3.1,3.1,3.1,0.0,3.1,0
2024-09-30,3.084,3.084,3.084,3.084,0.0,3.084,0
2024-10-01,3.066,3.066,3.066,3.066,0.0,3.066,0
2024-10-02,3.042,3.042,3.042,3.042,0.0,3.042,0
2024-10-03,3.084,3.084,3.084,3.084,0.0,3.084,0
2024-10-04,3.118,3.118,3.118,3.118,0.0,3.118,0
2024-10-07,3.117,3.117,3.117,3.117,0.0,3.117,0
2024-10-08,3.087,3.087,3.087,3.087,0.0,3.087,0
2024-10-09,3.067,3.067,3.067,3.067,0.0,3.067,0
2024-10-10,3.091,3.091,3.091,3.091,0.0,3.091,0
2024-10-11,3.087,3.087,3.087,3.087,0.0,3.087,0
2024-10-14,3.116,3.116,3.116,3.116,0.0,3.116,0
2024-10-15,3.172,3.172,3.172,3.172,0.0,3.172,0
2024-10-16,3.122,3.122,3.068,3.068,1.0,3.122,1
2024-10-17,3.11,3.11,3.11,3.11,0.0,3.11,0
2024-10-18,3.104,3.104,3.104,3.104,0.0,3.104,0
2024-10-21,3.111,3.111,3.111,3.111,0.0,3.111,0
2024-10-22,3.104,3.104,3.104,3.104,0.0,3.104,0
2024-10-23,3.099,3.099,3.099,3.099,0.0,3.099,0
2024-10-24,3.091,3.091,3.091,3.091,0.0,3.091,0
2024-10-25,3.122,3.122,3.122,3.122,0.0,3.122,0
2024-10-28,3.096,3.096,3.096,3.096,0.0,3.096,0
2024-10-29,3.135,3.135,3.135,3.135,0.0,3.135,0
2024-10-30,3.167,3.167,3.167,3.167,0.0,3.167,0
2024-10-31,3.114,3.114,3.114,3.114,0.0,3.114,0
2024-11-01,3.102,3.102,3.102,3.102,0.0,3.102,0
2024-11-04,3.13,3.13,3.13,3.13,0.0,3.13,0
2024-11-05,3.071,3.071,3.071,3.071,0.0,3.071,0
2024-11-06,3.136,3.136,3.136,3.136,0.0,3.136,0
2024-11-07,3.121,3.121,3.121,3.121,0.0,3.121,0
2024-11-08,3.094,3.094,3.094,3.094,0.0,3.094,0
2024-11-11,3.097,3.097,3.097,3.097,0.0,3.097,0
2024-11-12,3.12,3.12,3.12,3.12,0.0,3.12,0
2024-11-13,3.135,3.135,3.135,3.135,0.0,3.135,0
2024-11-14,3.107,3.107,3.107,3.107,0.0,3.107,0
2024-11-15,3.08,3.08,3.08,3.08,0.0,3.08,0
2024-11-18,3.015,3.015,3.015,3.015,0.0,3.015,0
2024-11-19,3.072,3.072,3.072,3.072,0.0,3.072,0
2024-11-20,3.155,3.155,3.155,3.155,0.0,3.155,0
2024-11-21,3.096,3.096,3.096,3.096,0.0,3.096,0
2024-11-22,3.082,3.082,3.082,3.082,0.0,3.082,0
2024-11-25,3.135,3.135,3.135,3.135,0.0,3.135,0
2024-11-26,3.084,3.084,3.084,3.084,0.0,3.084,0
2024-11-27,3.106,3.106,3.106,3.106,0.0,3.106,0
2024-11-28,3.106,3.106,3.106,3.106,0.0,3.106,0
2024-11-29,3.211,3.211,3.211,3.211,0.0,3.211,0
2024-12-02,3.104,3.104,3.104,3.104,0.0,3.104,0
2024-12-03,3.094,3.094,3.094,3.094,0.0,3.094,0
2024-12-04,3.132,3.132,3.132,3.132,0.0,3.132,0
2024-12-05,3.14,3.14,3.14,3.14,0.0,3.14,0
2024-12-06,3.148,3.148,3.148,3.148,0.0,3.148,0
2024-12-09,3.105,3.105,3.105,3.105,0.0,3.105,0
2024-12-10,3.11,3.11,3.11,3.11,0.0,3.11,0
2024-12-11,3.131,3.131,3.131,3.131,0.0,3.131,0
2024-12-12,3.241,3.241,3.241,3.241,0.0,3.241,0
2024-12-13,3.222,3.222,3.222,3.222,0.0,3.222,0
2024-12-16,3.203,3.203,3.203,3.203,0.0,3.203,0
2024-12-17,3.241,3.241,3.241,3.241,0.0,3.241,0
2024-12-18,3.208,3.208,3.208,3.208,0.0,3.208,0
2024-12-19,3.192,3.192,3.192,3.192,0.0,3.192,0
2024-12-20,3.148,3.148,3.148,3.148,0.0,3.148,0
2024-12-23,3.153,3.153,3.153,3.153,0.0,3.153,0
2024-12-24,3.239,3.239,3.239,3.239,0.0,3.239,0
2024-12-26,3.251,3.251,3.251,3.251,0.0,3.251,0
2024-12-27,3.235,3.235,3.235,3.235,0.0,3.235,0
2024-12-30,3.212,3.212,3.212,3.212,0.0,3.212,0
2024-12-31,3.207,3.207,3.207,3.207,0.0,3.207,0
2025-01-02,3.201,3.201,3.201,3.201,0.0,3.201,0
2025-01-03,3.156,3.156,3.156,3.156,0.0,3.156,0
2025-01-06,3.131,3.131,3.131,3.131,0.0,3.131,0
2025-01-07,3.143,3.143,3.143,3.143,0.0,3.143,0
2025-01-08,3.168,3.168,3.168,3.168,0.0,3.168,0
2025-01-09,3.186,3.186,3.186,3.186,0.0,3.186,0
2025-01-10,3.221,3.221,3.221,3.221,0.0,3.221,0
2025-01-13,3.196,3.196,3.196,3.196,0.0,3.196,0
2025-01-14,3.15,3.15,3.15,3.15,0.0,3.15,0
2025-01-15,3.18,3.18,3.18,3.18,0.0,3.18,0
2025-01-16,3.15,3.15,3.15,3.15,0.0,3.15,0
2025-01-17,3.122,3.122,3.122,3.122,0.0,3.122,0
2025-01-20,3.122,3.122,3.122,3.122,0.0,3.122,0
2025-01-21,3.132,3.132,3.085,3.085,1.0,3.132,1
2025-01-22,3.175,3.175,3.175,3.175,0.0,3.175,0
2025-01-23,3.233,3.233,3.233,3.233,0.0,3.233,0
2025-01-24,3.242,3.242,3.242,3.242,0.0,3.242,0
2025-01-27,3.206,3.206,3.206,3.206,0.0,3.206,0
2025-01-28,3.141,3.141,3.141,3.141,0.0,3.141,0
2025-01-29,3.198,3.198,3.198,3.198,0.0,3.198,0
2025-01-30,3.147,3.147,3.147,3.147,0.0,3.147,0
2025-01-31,3.141,3.141,3.141,3.141,0.0,3.141,0
2025-02-03,3.173,3.173,3.173,3.173,0.0,3.173,0
2025-02-04,3.173,3.173,3.173,3.173,0.0,3.173,0
2025-02-05,3.18,3.18,3.18,3.18,0.0,3.18,0
2025-02-06,3.173,3.173,3.173,3.173,0.0,3.173,0
2025-02-07,3.155,3.155,3.155,3.155,0.0,3.155,0
2025-02-10,3.173,3.173,3.173,3.173,0.0,3.173,0
2025-02-11,3.203,3.203,3.203,3.203,0.0,3.203,0
2025-02-12,3.227,3.227,3.227,3.227,0.0,3.227,0
2025-02-13,3.229,3.229,3.229,3.229,0.0,3.229,0
2025-02-14,3.226,3.226,3.226,3.226,0.0,3.226,0
2025-02-17,3.226,3.226,3.226,3.226,0.0,3.226,0
2025-02-18,3.24,3.24,3.201,3.201,30.0,3.24,4
2025-02-19,3.199,3.199,3.199,3.199,0.0,3.199,0
2025-02-20,3.119,3.119,3.119,3.119,0.0,3.119,0
2025-02-21,3.114,3.114,3.114,3.114,0.0,3.114,0
2025-02-24,3.102,3.102,3.102,3.102,0.0,3.102,0
2025-02-25,3.095,3.095,3.095,3.095,0.0,3.095,0
2025-02-26,3.064,3.064,3.064,3.064,0.0,3.064,0
2025-02-27,3.156,3.156,3.156,3.156,0.0,3.156,0
2025-02-28,3.193,3.193,3.193,3.193,0.0,3.193,0
2025-03-03,3.198,3.198,3.198,3.198,0.0,3.198,0
2025-03-04,3.199,3.199,3.199,3.199,0.0,3.199,0
2025-03-05,3.215,3.215,3.215,3.215,0.0,3.215,0
2025-03-06,3.169,3.169,3.169,3.169,0.0,3.169,0
2025-03-07,3.181,3.181,3.181,3.181,0.0,3.181,0
2025-03-10,3.155,3.155,3.141,3.141,1.0,3.155,1
2025-03-11,3.127,3.127,3.127,3.127,0.0,3.127,0
2025-03-12,3.137,3.137,3.137,3.137,0.0,3.137,0
2025-03-13,3.159,3.159,3.159,3.159,0.0,3.159,0
2025-03-14,3.137,3.137,3.137,3.137,0.0,3.137,0
2025-03-17,3.138,3.138,3.138,3.138,0.0,3.138,0
2025-03-18,3.142,3.142,3.142,3.142,0.0,3.142,0
2025-03-19,3.146,3.146,3.146,3.146,0.0,3.146,0
2025-03-20,3.154,3.154,3.154,3.154,0.0,3.154,0
2025-03-21,3.156,3.156,3.156,3.156,0.0,3.156,0
2025-03-24,3.17,3.17,3.17,3.17,0.0,3.17,0
2025-03-25,3.129,3.129,3.129,3.129,0.0,3.129,0
2025-03-26,3.116,3.116,3.116,3.116,0.0,3.116,0
2025-03-27,3.123,3.123,3.123,3.123,0.0,3.123,0
2025-03-28,3.111,3.111,3.111,3.111,0.0,3.111,0
2025-03-31,3.116,3.116,3.116,3.116,0.0,3.116,0
2025-04-01,3.111,3.111,3.111,3.111,0.0,3.111,0
2025-04-02,3.133,3.133,3.133,3.133,0.0,3.133,0
2025-04-03,3.153,3.153,3.135,3.135,1.0,3.153,1
2025-04-04,3.106,3.106,3.106,3.106,0.0,3.106,0
2025-04-07,3.068,3.068,3.068,3.068,0.0,3.068,0
2025-04-08,3.064,3.064,3.064,3.064,0.0,3.064,0
2025-04-09,3.128,3.128,3.128,3.128,0.0,3.128,0
2025-04-10,3.1,3.1,3.1,3.1,0.0,3.1,0
2025-04-11,3.142,3.142,3.142,3.142,0.0,3.142,0
2025-04-14,3.165,3.165,3.165,3.165,0.0,3.165,0
2025-04-15,3.155,3.155,3.155,3.155,0.0,3.155,0
2025-04-16,3.153,3.153,3.153,3.153,0.0,3.153,0
2025-04-17,3.146,3.146,3.146,3.146,0.0,3.146,0
2025-04-21,3.102,3.102,3.102,3.102,0.0,3.102,0
2025-04-22,3.121,3.121,3.121,3.121,0.0,3.121,0
2025-04-23,3.147,3.147,3.147,3.147,0.0,3.147,0
2025-04-24,3.154,3.154,3.154,3.154,0.0,3.154,0
2025-04-25,3.119,3.119,3.119,3.119,0.0,3.119,0
2025-04-28,3.144,3.144,3.144,3.144,0.0,3.144,0
2025-04-29,3.184,3.184,3.184,3.184,0.0,3.184,0
2025-04-30,3.178,3.178,3.178,3.178,0.0,3.178,0
2025-05-01,3.2,3.2,3.164,3.164,1.0,3.2,1
2025-05-02,3.176,3.176,3.176,3.176,0.0,3.176,0
2025-05-05,3.184,3.184,3.184,3.184,0.0,3.184,0
2025-05-06,3.202,3.202,3.202,3.202,0.0,3.202,0
2025-05-07,3.232,3.232,3.232,3.232,0.0,3.232,0
2025-05-08,3.234,3.234,3.234,3.234,0.0,3.234,0
2025-05-09,3.269,3.269,3.269,3.269,0.0,3.269,0
2025-05-12,3.287,3.287,3.287,3.287,0.0,3.287,0
2025-05-13,3.277,3.277,3.277,3.277,0.0,3.277,0
2025-05-14,3.347,3.347,3.347,3.347,0.0,3.347,0
2025-05-15,3.32,3.32,3.32,3.32,0.0,3.32,0
2025-05-16,3.328,3.328,3.328,3.328,0.0,3.328,0
2025-05-19,3.301,3.301,3.301,3.301,0.0,3.301,0
2025-05-20,3.323,3.323,3.323,3.323,0.0,3.323,0
2025-05-21,3.318,3.318,3.318,3.318,0.0,3.318,0
2025-05-22,3.311,3.311,3.311,3.311,0.0,3.311,0
2025-05-23,3.335,3.335,3.335,3.335,0.0,3.335,0
2025-05-27,3.343,3.343,3.343,3.343,0.0,3.343,0
2025-05-28,3.32,3.32,3.32,3.32,0.0,3.32,0
2025-05-29,3.312,3.312,3.312,3.312,0.0,3.312,0
2025-05-30,3.315,3.315,3.315,3.315,0.0,3.315,0
2025-06-02,3.309,3.309,3.309,3.309,0.0,3.309,0
2025-06-03,3.313,3.313,3.313,3.313,0.0,3.313,0
2025-06-04,3.319,3.319,3.319,3.319,0.0,3.319,0
2025-06-05,3.301,3.301,3.301,3.301,0.0,3.301,0
2025-06-06,3.312,3.312,3.312,3.312,0.0,3.312,0
2025-06-09,3.302,3.302,3.302,3.302,0.0,3.302,0
2025-06-10,3.286,3.286,3.286,3.286,0.0,3.286,0
2025-06-11,3.309,3.309,3.309,3.309,0.0,3.309,0
2025-06-12,3.289,3.289,3.289,3.289,0.0,3.289,0
2025-06-13,3.294,3.294,3.294,3.294,0.0,3.294,0
2025-06-16,3.348,3.348,3.348,3.348,0.0,3.348,0
2025-06-17,3.407,3.407,3.407,3.407,0.0,3.407,0
2025-06-18,3.412,3.412,3.412,3.412,0.0,3.412,0
2025-06-20,3.415,3.415,3.415,3.415,0.0,3.415,0
2025-06-23,3.389,3.389,3.389,3.389,0.0,3.389,0
2025-06-24,3.366,3.366,3.366,3.366,0.0,3.366,0
2025-06-25,3.355,3.355,3.355,3.355,0.0,3.355,0
2025-06-26,3.355,3.371,3.355,3.371,1.0,3.355,1
2025-06-27,3.393,3.393,3.393,3.393,0.0,3.393,0
2025-06-30,3.383,3.383,3.383,3.383,0.0,3.383,0
2025-07-01,3.388,3.388,3.388,3.388,0.0,3.388,0
2025-07-02,3.407,3.407,3.407,3.407,0.0,3.407,0
2025-07-03,3.415,3.415,3.415,3.415,0.0,3.415,0
2025-07-07,3.409,3.409,3.409,3.409,0.0,3.409,0
2025-07-08,3.333,3.333,3.333,3.333,0.0,3.333,0
2025-07-09,3.358,3.358,3.358,3.358,0.0,3.358,0
2025-07-10,3.389,3.389,3.389,3.389,0.0,3.389,0
2025-07-11,3.362,3.362,3.362,3.362,0.0,3.362,0
2025-07-14,3.355,3.355,3.355,3.355,0.0,3.355,0
2025-07-15,3.376,3.376,3.376,3.376,0.0,3.376,0
2025-07-16,3.377,3.377,3.377,3.377,0.0,3.377,0
2025-07-17,3.375,3.375,3.375,3.375,0.0,3.375,0
2025-07-18,3.37,3.37,3.37,3.37,0.0,3.37,0
2025-07-21,3.342,3.342,3.342,3.342,0.0,3.342,0
2025-07-22,3.378,3.378,3.378,3.378,0.0,3.378,0
2025-07-23,3.387,3.387,3.387,3.387,0.0,3.387,0
2025-07-24,3.399,3.399,3.399,3.399,0.0,3.399,0
2025-07-25,3.296,3.296,3.296,3.296,0.0,3.296,0
2025-07-28,3.246,3.246,3.246,3.246,0.0,3.246,0
2025-07-29,3.264,3.264,3.264,3.264,0.0,3.264,0
2025-07-30,3.229,3.229,3.229,3.229,0.0,3.229,0
2025-07-31,3.239,3.239,3.239,3.239,0.0,3.239,0
2025-08-01,3.226,3.226,3.226,3.226,0.0,3.226,0
2025-08-04,3.248,3.248,3.248,3.248,0.0,3.248,0
2025-08-05,3.246,3.246,3.246,3.246,0.0,3.246,0
2025-08-06,3.226,3.226,3.226,3.226,0.0,3.226,0
2025-08-07,3.267,3.267,3.267,3.267,0.0,3.267,0
2025-08-08,3.253,3.253,3.253,3.253,0.0,3.253,0
2025-08-11,3.255,3.255,3.255,3.255,0.0,3.255,0
2025-08-12,3.216,3.216,3.216,3.216,0.0,3.216,0
2025-08-13,3.213,3.213,3.213,3.213,0.0,3.213,0
2025-08-14,3.209,3.209,3.209,3.209,0.0,3.209,0
2025-08-15,3.222,3.222,3.222,3.222,0.0,3.222,0
2025-08-18,3.279,3.279,3.279,3.279,0.0,3.279,0
2025-08-19,3.282,3.282,3.282,3.282,0.0,3.282,0
2025-08-20,3.29,3.29,3.29,3.29,0.0,3.29,0
2025-08-21,3.304,3.304,3.304,3.304,0.0,3.304,0
2025-08-22,3.302,3.302,3.302,3.302,0.0,3.302,0
2025-08-25,3.276,3.276,3.276,3.276,0.0,3.276,0
2025-08-26,3.306,3.306,3.306,3.306,0.0,3.306,0
2025-08-27,3.279,3.279,3.279,3.279,0.0,3.279,0
2025-08-28,3.278,3.278,3.278,3.278,0.0,3.278,0
2025-08-29,3.287,3.287,3.287,3.287,0.0,3.287,0
2025-09-02,3.272,3.272,3.272,3.272,0.0,3.272,0
2025-09-03,3.281,3.281,3.281,3.281,0.0,3.281,0
2025-09-04,3.247,3.247,3.247,3.247,0.0,3.247,0
2025-09-05,3.243,3.243,3.243,3.243,0.0,3.243,0
2025-09-08,3.22,3.22,3.22,3.22,0.0,3.22,0
2025-09-09,3.241,3.241,3.241,3.241,0.0,3.241,0
2025-09-10,3.237,3.237,3.237,3.237,0.0,3.237,0
2025-09-11,3.211,3.211,3.211,3.211,0.0,3.211,0
2025-09-12,3.222,3.222,3.222,3.222,0.0,3.222,0
2025-09-15,3.244,3.244,3.244,3.244,0.0,3.244,0
2025-09-16,3.278,3.278,3.278,3.278,0.0,3.278,0
2025-09-17,3.272,3.272,3.272,3.272,0.0,3.272,0
2025-09-18,3.271,3.271,3.271,3.271,0.0,3.271,0
2025-09-19,3.291,3.291,3.291,3.291,0.0,3.291,0
2025-09-22,3.299,3.299,3.299,3.299,0.0,3.299,0
2025-09-23,3.315,3.315,3.315,3.315,0.0,3.315,0
2025-09-24,3.313,3.313,3.313,3.313,0.0,3.313,0
2025-09-25,3.305,3.305,3.305,3.305,0.0,3.305,0
2025-09-26,3.279,3.279,3.279,3.279,0.0,3.279,0
2025-09-29,3.273,3.273,3.273,3.273,0.0,3.273,0
2025-09-30,3.328,3.328,3.328,3.328,0.0,3.328,0
2025-10-01,3.35,3.35,3.35,3.35,0.0,3.35,0
2025-10-02,3.322,3.322,3.322,3.322,0.0,3.322,0
2025-10-03,3.305,3.305,3.305,3.305,0.0,3.305,0
2025-10-06,3.323,3.323,3.323,3.323,0.0,3.323,0
2025-10-07,3.337,3.337,3.337,3.337,0.0,3.337,0
2025-10-08,3.333,3.333,3.333,3.333,0.0,3.333,0
2025-10-09,3.327,3.327,3.327,3.327,0.0,3.327,0
2025-10-10,3.331,3.331,3.331,3.331,0.0,3.331,0
2025-10-13,3.327,3.327,3.327,3.327,0.0,3.327,0
2025-10-14,3.305,3.305,3.305,3.305,0.0,3.305,0
2025-10-15,3.311,3.311,3.311,3.311,0.0,3.311,0
2025-10-16,3.296,3.296,3.296,3.296,0.0,3.296,0
2025-10-17,3.299,3.299,3.299,3.299,0.0,3.299,0
2025-10-20,3.317,3.317,3.317,3.317,0.0,3.317,0
2025-10-21,3.306,3.306,3.306,3.306,0.0,3.306,0
2025-10-22,3.301,3.301,3.301,3.301,0.0,3.301,0
2025-10-23,3.288,3.288,3.288,3.288,0.0,3.288,0
2025-10-24,3.303,3.303,3.303,3.303,0.0,3.303,0
2025-10-27,3.303,3.303,3.303,3.303,0.0,3.303,0
2025-10-28,3.282,3.282,3.282,3.282,0.0,3.282,0
2025-10-29,3.288,3.288,3.288,3.288,0.0,3.288,0
2025-10-30,3.303,3.303,3.303,3.303,0.0,3.303,0
2025-10-31,3.337,3.337,3.337,3.337,0.0,3.337,0
2025-11-03,3.332,3.332,3.332,3.332,0.0,3.332,0
2025-11-04,3.342,3.342,3.342,3.342,0.0,3.342,0
2025-11-05,3.316,3.316,3.316,3.316,0.0,3.316,0
2025-11-06,3.329,3.329,3.329,3.329,0.0,3.329,0
2025-11-07,3.341,3.341,3.341,3.341,0.0,3.341,0
2025-11-10,3.324,3.324,3.324,3.324,0.0,3.324,0
2025-11-11,3.329,3.329,3.329,3.329,0.0,3.329,0
2025-11-12,3.349,3.349,3.349,3.349,0.0,3.349,0
2025-11-13,3.368,3.368,3.368,3.368,0.0,3.368,0
2025-11-14,3.349,3.349,3.349,3.349,0.0,3.349,0
2025-11-17,3.37,3.37,3.37,3.37,0.0,3.37,0
2025-11-18,3.382,3.382,3.382,3.382,0.0,3.382,0
2025-11-19,3.377,3.377,3.377,3.377,0.0,3.377,0
2025-11-20,3.362,3.362,3.362,3.362,0.0,3.362,0
2025-11-21,3.348,3.348,3.348,3.348,0.0,3.348,0
2025-11-24,3.333,3.333,3.333,3.333,0.0,3.333,0
2025-11-25,3.329,3.329,3.329,3.329,0.0,3.329,0
2025-11-26,3.32,3.32,3.32,3.32,0.0,3.32,0
2025-11-28,3.351,3.351,3.351,3.351,0.0,3.351,0
2025-12-01,3.337,3.337,3.337,3.337,0.0,3.337,0
2025-12-02,3.342,3.342,3.342,3.342,0.0,3.342,0
2025-12-03,3.363,3.363,3.363,3.363,0.0,3.363,0
2025-12-04,3.357,3.357,3.357,3.357,0.0,3.357,0
2025-12-05,3.336,3.336,3.336,3.336,0.0,3.336,0
2025-12-08,3.333,3.333,3.333,3.333,0.0,3.333,0
2025-12-09,3.304,3.304,3.304,3.304,0.0,3.304,0
2025-12-10,3.3,3.3,3.3,3.3,0.0,3.3,0
2025-12-11,3.296,3.296,3.296,3.296,0.0,3.296,0
2025-12-12,3.274,3.274,3.274,3.274,0.0,3.274,0
2025-12-15,3.281,3.281,3.281,3.281,0.0,3.281,0
2025-12-16,3.275,3.275,3.275,3.275,0.0,3.275,0
2025-12-17,3.3,3.3,3.3,3.3,0.0,3.3,0
2025-12-18,3.249,3.249,3.249,3.249,0.0,3.249,0
2025-12-19,3.236,3.236,3.236,3.236,0.0,3.236,0
2025-12-22,3.215,3.215,3.215,3.215,0.0,3.215,0
2025-12-23,3.231,3.231,3.231,3.231,0.0,3.231,0
2025-12-24,3.212,3.212,3.212,3.212,0.0,3.212,0
2025-12-26,3.215,3.215,3.215,3.215,0.0,3.215,0
2025-12-29,3.238,3.238,3.238,3.238,0.0,3.238,0
2025-12-30,3.231,3.231,3.231,3.231,0.0,3.231,0
2025-12-31,3.234,3.234,3.234,3.234,0.0,3.234,0
2026-01-02,3.202,3.202,3.202,3.202,0.0,3.202,0
2026-01-05,3.201,3.201,3.201,3.201,0.0,3.201,0
2026-01-06,3.213,3.213,3.213,3.213,0.0,3.213,0
2026-01-07,3.222,3.222,3.222,3.222,0.0,3.222,0
2026-01-08,3.23,3.23,3.23,3.23,0.0,3.23,0
2026-01-09,3.187,3.187,3.187,3.187,0.0,3.187,0
2026-01-12,3.223,3.223,3.223,3.223,0.0,3.223,0
2026-01-13,3.228,3.228,3.228,3.228,0.0,3.228,0
2026-01-14,3.199,3.199,3.199,3.199,0.0,3.199,0
2026-01-15,3.226,3.226,3.226,3.226,0.0,3.226,0
2026-01-16,3.263,3.263,3.263,3.263,0.0,3.263,0
2026-01-20,3.283,3.283,3.283,3.283,0.0,3.283,0
2026-01-21,3.292,3.292,3.292,3.292,0.0,3.292,0
2026-01-22,3.284,3.284,3.284,3.284,0.0,3.284,0
2026-01-23,3.253,3.253,3.253,3.253,0.0,3.253,0
2026-01-26,3.24,3.24,3.24,3.24,0.0,3.24,0
2026-01-27,3.222,3.222,3.222,3.222,0.0,3.222,0
2026-01-28,3.258,3.258,3.258,3.258,0.0,3.258,0
2026-01-29,3.265,3.265,3.255,3.255,1.0,3.265,1
2026-01-30,3.257,3.257,3.257,3.257,0.0,3.257,0
2026-02-02,3.228,3.228,3.228,3.228,0.0,3.228,0
2026-02-03,3.229,3.229,3.229,3.229,0.0,3.229,0
2026-02-04,3.245,3.245,3.245,3.245,0.0,3.245,0
2026-02-05,3.25,3.25,3.25,3.25,0.0,3.25,0
2026-02-06,3.231,3.231,3.231,3.231,0.0,3.231,0
2026-02-09,3.238,3.249,3.238,3.249,1.0,3.238,1
2026-02-10,3.249,3.249,3.201,3.201,1.0,3.249,1
2026-02-11,3.228,3.228,3.228,3.228,0.0,3.228,0
2026-02-12,3.223,3.223,3.223,3.223,0.0,3.223,0
2026-02-13,3.234,3.234,3.234,3.234,0.0,3.234,0
2026-02-17,3.212,3.212,3.212,3.212,0.0,3.212,0
2026-02-18,3.189,3.189,3.189,3.189,0.0,3.189,0
2026-02-19,3.211,3.211,3.211,3.211,0.0,3.211,0
2026-02-20,3.235,3.235,3.235,3.235,0.0,3.235,0
2026-02-23,3.221,3.221,3.221,3.221,0.0,3.221,0
2026-02-24,3.214,3.214,3.214,3.214,0.0,3.214,0
2026-02-25,3.219,3.219,3.219,3.219,0.0,3.219,0
2026-02-26,3.224,3.224,3.224,3.224,0.0,3.224,0
2026-02-27,3.211,3.211,3.211,3.211,0.0,3.211,0
2026-03-02,3.214,3.214,3.214,3.214,0.0,3.214,0
2026-03-03,3.186,3.186,3.186,3.186,0.0,3.186,0
2026-03-04,3.194,3.194,3.194,3.194,0.0,3.194,0
2026-03-05,3.212,3.212,3.212,3.212,0.0,3.212,0
2026-03-06,3.215,3.215,3.215,3.215,0.0,3.215,0
2026-03-09,3.196,3.196,3.196,3.196,0.0,3.196,0
2026-03-10,3.2,3.2,3.2,3.2,0.0,3.2,0
2026-03-11,3.216,3.216,3.183,3.183,1.0,3.216,1
2026-03-12,3.194,3.194,3.194,3.194,0.0,3.194,0
2026-03-13,3.22,3.22,3.22,3.22,0.0,3.22,0
2026-03-16,3.201,3.201,3.201,3.201,0.0,3.201,0
2026-03-17,3.174,3.174,3.174,3.174,0.0,3.174,0
2026-03-18,3.176,3.176,3.176,3.176,0.0,3.176,0
2026-03-19,3.169,3.169,3.169,3.169,0.0,3.169,0
2026-03-20,3.2,3.2,3.2,3.2,0.0,3.2,0
2026-03-23,3.191,3.191,3.191,3.191,0.0,3.191,0
2026-03-24,3.194,3.194,3.194,3.194,0.0,3.194,0
2026-03-25,3.195,3.195,3.195,3.195,0.0,3.195,0
2026-03-26,3.213,3.213,3.213,3.213,0.0,3.213,0
2026-03-27,3.236,3.236,3.236,3.236,0.0,3.236,0
2026-03-30,3.216,3.216,3.216,3.216,0.0,3.216,0
2026-03-31,3.169,3.169,3.169,3.169,0.0,3.169,0
2026-04-01,3.184,3.184,3.184,3.184,0.0,3.184,0
2026-04-02,3.184,3.184,3.184,3.184,0.0,3.184,0
2026-04-06,3.212,3.212,3.212,3.212,0.0,3.212,0
2026-04-07,3.249,3.249,3.249,3.249,0.0,3.249,0
2026-04-08,3.171,3.171,3.171,3.171,0.0,3.171,0
2026-04-09,3.181,3.181,3.173,3.173,1.0,3.181,1
2026-04-10,3.165,3.165,3.165,3.165,0.0,3.165,0
2026-04-13,3.168,3.168,3.168,3.168,0.0,3.168,0
2026-04-14,3.163,3.163,3.163,3.163,0.0,3.163,0
2026-04-15,3.18,3.18,3.18,3.18,0.0,3.18,0
2026-04-16,3.195,3.195,3.195,3.195,0.0,3.195,0
2026-04-17,3.23,3.23,3.23,3.23,0.0,3.23,0
2026-04-20,3.222,3.223,3.222,3.223,1.0,3.222,1
2026-04-21,3.223,3.223,3.223,3.223,0.0,3.223,0
2026-04-22,3.233,3.233,3.233,3.233,0.0,3.233,0
2026-04-23,3.247,3.247,3.247,3.247,0.0,3.247,0
2026-04-24,3.23,3.23,3.222,3.222,1.0,3.23,1
2026-04-27,3.225,3.225,3.225,3.225,0.0,3.225,0
2026-04-28,3.21,3.21,3.21,3.21,0.0,3.21,0
2026-04-29,3.234,3.234,3.234,3.234,0.0,3.234,0
2026-04-30,3.243,3.243,3.243,3.243,0.0,3.243,0
2026-05-01,3.238,3.238,3.238,3.238,0.0,3.238,0
2026-05-04,3.241,3.255,3.241,3.255,1.0,3.241,1
2026-05-05,3.25,3.25,3.25,3.25,0.0,3.25,0
2026-05-06,3.231,3.231,3.231,3.231,0.0,3.231,0
2026-05-07,3.233,3.233,3.233,3.233,0.0,3.233,0
2026-05-08,3.23,3.23,3.23,3.23,0.0,3.23,0
2026-05-11,3.234,3.234,3.234,3.234,0.0,3.234,0
2026-05-12,3.225,3.225,3.225,3.225,0.0,3.225,0
2026-05-13,3.235,3.235,3.233,3.233,1.0,3.235,1
2026-05-14,3.239,3.239,3.239,3.239,0.0,3.239,0
2026-05-15,3.24,3.24,3.237,3.237,8.0,3.2385,5
2026-05-18,3.25,3.25,3.25,3.25,0.0,3.25,0
2026-05-19,3.25,3.25,3.244,3.244,1.0,3.25,1
2026-05-20,3.242,3.242,3.242,3.242,0.0,3.242,0
2026-05-21,3.248,3.248,3.248,3.248,0.0,3.248,0
2026-05-22,3.25,3.25,3.25,3.25,0.0,3.25,0
2026-05-26,3.244,3.244,3.244,3.244,0.0,3.244,0
2026-05-27,3.248,3.248,3.248,3.248,0.0,3.248,0
2026-05-28,3.255,3.26,3.255,3.26,1.0,3.255,1
2026-05-29,3.254,3.254,3.254,3.254,0.0,3.254,0
2026-06-01,3.27,3.27,3.27,3.27,0.0,3.27,0
2026-06-02,3.243,3.243,3.243,3.243,0.0,3.243,0
2026-06-03,3.248,3.248,3.248,3.248,0.0,3.248,0
2026-06-04,3.248,3.248,3.248,3.248,0.0,3.248,0
2026-06-05,3.248,3.248,3.237,3.237,1.0,3.248,1
2026-06-08,3.251,3.251,3.251,3.251,0.0,3.251,0
2026-06-09,3.245,3.245,3.245,3.245,0.0,3.245,0
2026-06-10,3.248,3.248,3.248,3.248,0.0,3.248,0
2026-06-11,3.248,3.248,3.248,3.248,0.0,3.248,0
2026-06-12,3.244,3.244,3.244,3.244,0.0,3.244,0
2026-06-15,3.236,3.236,3.236,3.236,0.0,3.236,0
2026-06-16,3.225,3.225,3.225,3.225,0.0,3.225,0
2026-06-17,3.239,3.239,3.239,3.239,0.0,3.239,0
2026-06-18,3.217,3.217,3.217,3.217,0.0,3.217,0
2026-06-22,3.222,3.222,3.222,3.222,0.0,3.222,0
2026-06-23,3.209,3.209,3.209,3.209,0.0,3.209,0
2026-06-24,3.215,3.216,3.215,3.216,50.0,3.215,3
2026-06-25,3.2,3.205,3.2,3.205,1.0,3.2,1
2026-06-26,3.195,3.195,3.195,3.195,0.0,3.195,0
2026-06-29,3.194,3.194,3.194,3.194,0.0,3.194,0
2026-06-30,3.168,3.168,3.168,3.168,0.0,3.168,0
2026-07-01,3.158,3.158,3.14,3.14,1.0,3.158,1
2026-07-02,3.143,3.143,3.143,3.143,0.0,3.143,0
2026-07-06,3.158,3.158,3.158,3.158,0.0,3.158,0
2026-07-07,3.178,3.178,3.178,3.178,0.0,3.178,0
2026-07-08,3.175,3.175,3.175,3.175,0.0,3.175,0
2026-07-09,3.164,3.164,3.164,3.164,0.0,3.164,0
2026-07-10,3.17,3.17,3.17,3.17,0.0,3.17,0
2026-07-13,3.177,3.177,3.177,3.177,0.0,3.177,0
2026-07-14,3.188,3.188,3.188,3.188,0.0,3.188,0
2026-07-15,3.205,3.205,3.205,3.205,0.0,3.205,0
2026-07-16,3.185,3.185,3.185,3.185,0.0,3.185,0
2026-07-17,3.206,3.206,3.206,3.206,0.0,3.206,0
2026-07-20,3.201,3.201,3.201,3.201,0.0,3.201,0
2026-07-21,3.216,3.216,3.216,3.216,0.0,3.216,0
2026-07-22,3.237,3.237,3.237,3.237,0.0,3.237,0
2026-07-23,3.259,3.259,3.259,3.259,0.0,3.259,0
2026-07-24,3.261,3.261,3.261,3.261,0.0,3.261,0
2026-07-27,3.274,3.274,3.274,3.274,0.0,3.274,0
2026-07-28,3.263,3.263,3.259,3.259,1.0,3.263,1
2026-07-29,3.271,3.271,3.271,3.271,0.0,3.271,0
2026-07-30,3.265,3.265,3.265,3.265,0.0,3.265,0
2026-07-31,3.276,3.276,3.276,3.276,0.0,3.276,0
2026-08-03,3.288,3.288,3.288,3.288,0.0,3.288,0
2026-08-04,3.28,3.28,3.28,3.28,0.0,3.28,0
2026-08-05,3.276,3.276,3.276,3.276,0.0,3.276,0
2026-08-06,3.26,3.26,3.26,3.26,0.0,3.26,0
2026-08-07,3.263,3.263,3.263,3.263,0.0,3.263,0
2026-08-10,3.262,3.262,3.262,3.262,0.0,3.262,0
2026-08-11,3.276,3.276,3.276,3.276,0.0,3.276,0
2026-08-12,3.273,3.273,3.273,3.273,0.0,3.273,0
2026-08-13,3.284,3.284,3.284,3.284,0.0,3.284,0
2026-08-14,3.284,3.284,3.266,3.266,1.0,3.284,1
