date,open,high,low,close,volume,average,barCount
2017-03-14,3.023,3.023,3.023,3.023,0.0,3.023,0
2017-03-15,3.043,3.043,3.043,3.043,0.0,3.043,0
2017-03-16,3.061,3.061,3.061,3.061,0.0,3.061,0
2017-03-17,3.066,3.066,3.066,3.066,0.0,3.066,0
2017-03-20,3.068,3.068,3.068,3.068,0.0,3.068,0
2017-03-21,3.078,3.078,3.078,3.078,0.0,3.078,0
2017-03-22,3.08,3.08,3.08,3.08,0.0,3.08,0
2017-03-23,3.075,3.075,3.075,3.075,0.0,3.075,0
2017-03-24,3.039,3.039,3.039,3.039,0.0,3.039,0
2017-03-27,3.029,3.029,3.029,3.029,0.0,3.029,0
2017-03-28,3.02,3.02,3.02,3.02,0.0,3.02,0
2017-03-29,3.028,3.028,3.028,3.028,0.0,3.028,0
2017-03-30,3.031,3.031,3.031,3.031,0.0,3.031,0
2017-03-31,3.048,3.048,3.048,3.048,0.0,3.048,0
2017-04-03,3.055,3.055,3.055,3.055,0.0,3.055,0
2017-04-04,3.068,3.068,3.068,3.068,0.0,3.068,0
2017-04-05,3.085,3.085,3.085,3.085,0.0,3.085,0
2017-04-06,3.065,3.065,3.065,3.065,0.0,3.065,0
2017-04-07,3.079,3.079,3.079,3.079,0.0,3.079,0
2017-04-10,3.088,3.088,3.088,3.088,0.0,3.088,0
2017-04-11,3.119,3.119,3.119,3.119,0.0,3.119,0
2017-04-12,3.12,3.12,3.12,3.12,0.0,3.12,0
2017-04-13,3.134,3.134,3.134,3.134,0.0,3.134,0
2017-04-17,3.119,3.119,3.119,3.119,0.0,3.119,0
2017-04-18,3.149,3.149,3.149,3.149,0.0,3.149,0
2017-04-19,3.16,3.16,3.16,3.16,0.0,3.16,0
2017-04-20,3.194,3.194,3.194,3.194,0.0,3.194,0
2017-04-21,3.195,3.195,3.195,3.195,0.0,3.195,0
2017-04-24,3.154,3.154,3.154,3.154,0.0,3.154,0
2017-04-25,3.154,3.154,3.154,3.154,0.0,3.154,0
2017-04-26,3.145,3.145,3.145,3.145,0.0,3.145,0
2017-04-27,3.136,3.136,3.136,3.136,0.0,3.136,0
2017-04-28,3.162,3.162,3.162,3.162,0.0,3.162,0
2017-05-01,3.137,3.137,3.137,3.137,0.0,3.137,0
2017-05-02,3.138,3.138,3.138,3.138,0.0,3.138,0
2017-05-03,3.157,3.157,3.157,3.157,0.0,3.157,0
2017-05-04,3.2,3.2,3.2,3.2,0.0,3.2,0
2017-05-05,3.2,3.2,3.2,3.2,0.0,3.2,0
2017-05-08,3.191,3.191,3.191,3.191,0.0,3.191,0
2017-05-09,3.194,3.194,3.194,3.194,0.0,3.194,0
2017-05-10,3.195,3.195,3.195,3.195,0.0,3.195,0
2017-05-11,3.229,3.229,3.229,3.229,0.0,3.229,0
2017-05-12,3.233,3.233,3.233,3.233,0.0,3.233,0
2017-05-15,3.238,3.238,3.238,3.238,0.0,3.238,0
2017-05-16,3.255,3.255,3.255,3.255,0.0,3.255,0
2017-05-17,3.251,3.251,3.251,3.251,0.0,3.251,0
2017-05-18,3.238,3.238,3.238,3.238,0.0,3.238,0
2017-05-19,3.228,3.228,3.228,3.228,0.0,3.228,0
2017-05-22,3.23,3.23,3.23,3.23,0.0,3.23,0
2017-05-23,3.297,3.297,3.297,3.297,0.0,3.297,0
2017-05-24,3.299,3.299,3.299,3.299,0.0,3.299,0
2017-05-25,3.289,3.289,3.289,3.289,0.0,3.289,0
2017-05-26,3.274,3.274,3.274,3.274,0.0,3.274,0
2017-05-30,3.241,3.241,3.241,3.241,0.0,3.241,0
2017-05-31,3.237,3.237,3.237,3.237,0.0,3.237,0
2017-06-01,3.239,3.239,3.239,3.239,0.0,3.239,0
2017-06-02,3.229,3.229,3.229,3.229,0.0,3.229,0
2017-06-05,3.199,3.199,3.199,3.199,0.0,3.199,0
2017-06-06,3.141,3.141,3.141,3.141,0.0,3.141,0
2017-06-07,3.152,3.152,3.152,3.152,0.0,3.152,0
2017-06-08,3.17,3.17,3.17,3.17,0.0,3.17,0
2017-06-09,3.167,3.167,3.167,3.167,0.0,3.167,0
2017-06-12,3.169,3.169,3.169,3.169,0.0,3.169,0
2017-06-13,3.166,3.166,3.166,3.166,0.0,3.166,0
2017-06-14,3.155,3.155,3.155,3.155,0.0,3.155,0
2017-06-15,3.183,3.183,3.183,3.183,0.0,3.183,0
2017-06-16,3.172,3.172,3.172,3.172,0.0,3.172,0
2017-06-19,3.195,3.195,3.195,3.195,0.0,3.195,0
2017-06-20,3.235,3.235,3.235,3.235,0.0,3.235,0
2017-06-21,3.256,3.256,3.256,3.256,0.0,3.256,0
2017-06-22,3.25,3.25,3.25,3.25,0.0,3.25,0
2017-06-23,3.237,3.237,3.237,3.237,0.0,3.237,0
2017-06-26,3.214,3.214,3.214,3.214,0.0,3.214,0
2017-06-27,3.217,3.217,3.217,3.217,0.0,3.217,0
2017-06-28,3.207,3.207,3.207,3.207,0.0,3.207,0
2017-06-29,3.208,3.208,3.208,3.208,0.0,3.208,0
2017-06-30,3.226,3.226,3.226,3.226,0.0,3.226,0
2017-07-03,3.231,3.231,3.231,3.231,0.0,3.231,0
2017-07-05,3.216,3.216,3.216,3.216,0.0,3.216,0
2017-07-06,3.164,3.164,3.164,3.164,0.0,3.164,0
2017-07-07,3.159,3.159,3.159,3.159,0.0,3.159,0
2017-07-10,3.146,3.146,3.146,3.146,0.0,3.146,0
2017-07-11,3.143,3.143,3.143,3.143,0.0,3.143,0
2017-07-12,3.129,3.129,3.129,3.129,0.0,3.129,0
2017-07-13,3.142,3.142,3.142,3.142,0.0,3.142,0
2017-07-14,3.145,3.145,3.145,3.145,0.0,3.145,0
2017-07-17,3.138,3.138,3.138,3.138,0.0,3.138,0
2017-07-18,3.138,3.138,3.138,3.138,0.0,3.138,0
2017-07-19,3.123,3.123,3.123,3.123,0.0,3.123,0
2017-07-20,3.104,3.104,3.104,3.104,0.0,3.104,0
2017-07-21,3.105,3.105,3.105,3.105,0.0,3.105,0
2017-07-24,3.082,3.082,3.082,3.082,0.0,3.082,0
2017-07-25,3.057,3.057,3.057,3.057,0.0,3.057,0
2017-07-26,3.05,3.05,3.05,3.05,0.0,3.05,0
2017-07-27,3.051,3.051,3.051,3.051,0.0,3.051,0
2017-07-28,3.066,3.066,3.066,3.066,0.0,3.066,0
2017-07-31,3.042,3.042,3.042,3.042,0.0,3.042,0
2017-08-01,3.064,3.064,3.064,3.064,0.0,3.064,0
2017-08-02,3.073,3.073,3.073,3.073,0.0,3.073,0
2017-08-03,3.096,3.096,3.096,3.096,0.0,3.096,0
2017-08-04,3.106,3.106,3.106,3.106,0.0,3.106,0
2017-08-07,3.105,3.105,3.105,3.105,0.0,3.105,0
2017-08-08,3.087,3.087,3.087,3.087,0.0,3.087,0
2017-08-09,3.081,3.081,3.081,3.081,0.0,3.081,0
2017-08-10,3.078,3.078,3.078,3.078,0.0,3.078,0
2017-08-11,3.082,3.082,3.082,3.082,0.0,3.082,0
2017-08-14,3.078,3.078,3.078,3.078,0.0,3.078,0
2017-08-15,3.076,3.076,3.076,3.076,0.0,3.076,0
2017-08-16,3.066,3.066,3.066,3.066,0.0,3.066,0
2017-08-17,3.065,3.065,3.065,3.065,0.0,3.065,0
2017-08-18,3.065,3.065,3.065,3.065,0.0,3.065,0
2017-08-21,3.055,3.055,3.055,3.055,0.0,3.055,0
2017-08-22,3.047,3.047,3.047,3.047,0.0,3.047,0
2017-08-23,3.044,3.044,3.044,3.044,0.0,3.044,0
2017-08-24,2.994,2.994,2.994,2.994,0.0,2.994,0
2017-08-25,2.981,2.981,2.981,2.981,0.0,2.981,0
2017-08-28,2.994,2.994,2.994,2.994,0.0,2.994,0
2017-08-29,2.996,2.996,2.996,2.996,0.0,2.996,0
2017-08-30,2.997,2.997,2.997,2.997,0.0,2.997,0
2017-08-31,3.005,3.005,3.005,3.005,0.0,3.005,0
2017-09-01,3.006,3.006,3.006,3.006,0.0,3.006,0
2017-09-05,3.002,3.002,3.002,3.002,0.0,3.002,0
2017-09-06,2.963,2.963,2.963,2.963,0.0,2.963,0
2017-09-07,2.997,2.997,2.997,2.997,0.0,2.997,0
2017-09-08,3.001,3.001,3.001,3.001,0.0,3.001,0
2017-09-11,3.012,3.012,3.012,3.012,0.0,3.012,0
2017-09-12,2.989,2.989,2.989,2.989,0.0,2.989,0
2017-09-13,2.975,2.975,2.975,2.975,0.0,2.975,0
2017-09-14,2.963,2.963,2.963,2.963,0.0,2.963,0
2017-09-15,2.968,2.968,2.968,2.968,0.0,2.968,0
2017-09-18,2.963,2.963,2.963,2.963,0.0,2.963,0
2017-09-19,2.953,2.953,2.953,2.953,0.0,2.953,0
2017-09-20,2.943,2.943,2.943,2.943,0.0,2.943,0
2017-09-21,2.934,2.934,2.934,2.934,0.0,2.934,0
2017-09-22,2.948,2.948,2.948,2.948,0.0,2.948,0
2017-09-25,2.931,2.931,2.931,2.931,0.0,2.931,0
2017-09-26,2.941,2.941,2.941,2.941,0.0,2.941,0
2017-09-27,2.952,2.952,2.952,2.952,0.0,2.952,0
2017-09-28,2.951,2.951,2.951,2.951,0.0,2.951,0
2017-09-29,2.948,2.948,2.948,2.948,0.0,2.948,0
2017-10-02,2.961,2.961,2.961,2.961,0.0,2.961,0
2017-10-03,2.97,2.97,2.97,2.97,0.0,2.97,0
2017-10-04,2.969,2.969,2.969,2.969,0.0,2.969,0
2017-10-05,2.978,2.978,2.978,2.978,0.0,2.978,0
2017-10-06,2.97,2.97,2.97,2.97,0.0,2.97,0
2017-10-09,2.98,2.98,2.98,2.98,0.0,2.98,0
2017-10-10,2.97,2.97,2.97,2.97,0.0,2.97,0
2017-10-11,2.989,2.989,2.989,2.989,0.0,2.989,0
2017-10-12,3.033,3.033,3.033,3.033,0.0,3.033,0
2017-10-13,3.035,3.035,3.035,3.035,0.0,3.035,0
2017-10-16,3.067,3.067,3.067,3.067,0.0,3.067,0
2017-10-17,3.114,3.114,3.114,3.114,0.0,3.114,0
2017-10-18,3.118,3.118,3.118,3.118,0.0,3.118,0
2017-10-19,3.14,3.14,3.14,3.14,0.0,3.14,0
2017-10-20,3.18,3.18,3.18,3.18,0.0,3.18,0
2017-10-23,3.16,3.16,3.16,3.16,0.0,3.16,0
2017-10-24,3.159,3.159,3.159,3.159,0.0,3.159,0
2017-10-25,3.16,3.16,3.16,3.16,0.0,3.16,0
2017-10-26,3.153,3.153,3.153,3.153,0.0,3.153,0
2017-10-27,3.133,3.133,3.133,3.133,0.0,3.133,0
2017-10-30,3.168,3.168,3.168,3.168,0.0,3.168,0
2017-10-31,3.179,3.179,3.179,3.179,0.0,3.179,0
2017-11-01,3.189,3.189,3.189,3.189,0.0,3.189,0
2017-11-02,3.171,3.171,3.171,3.171,0.0,3.171,0
2017-11-03,3.168,3.168,3.168,3.168,0.0,3.168,0
2017-11-06,3.163,3.163,3.163,3.163,0.0,3.163,0
2017-11-07,3.162,3.162,3.162,3.162,0.0,3.162,0
2017-11-08,3.16,3.16,3.16,3.16,0.0,3.16,0
2017-11-09,3.17,3.17,3.17,3.17,0.0,3.17,0
2017-11-10,3.15,3.15,3.15,3.15,0.0,3.15,0
2017-11-13,3.136,3.136,3.136,3.136,0.0,3.136,0
2017-11-14,3.126,3.126,3.126,3.126,0.0,3.126,0
2017-11-15,3.118,3.118,3.118,3.118,0.0,3.118,0
2017-11-16,3.122,3.122,3.122,3.122,0.0,3.122,0
2017-11-17,3.116,3.116,3.116,3.116,0.0,3.116,0
2017-11-20,3.109,3.109,3.109,3.109,0.0,3.109,0
2017-11-21,3.107,3.107,3.107,3.107,0.0,3.107,0
2017-11-22,3.094,3.094,3.094,3.094,0.0,3.094,0
2017-11-24,3.097,3.097,3.097,3.097,0.0,3.097,0
2017-11-27,3.1,3.1,3.1,3.1,0.0,3.1,0
2017-11-28,3.1,3.1,3.1,3.1,0.0,3.1,0
2017-11-29,3.106,3.106,3.106,3.106,0.0,3.106,0
2017-11-30,3.106,3.106,3.106,3.106,0.0,3.106,0
2017-12-01,3.062,3.062,3.062,3.062,0.0,3.062,0
2017-12-04,3.048,3.048,3.048,3.048,0.0,3.048,0
2017-12-05,3.036,3.036,3.036,3.036,0.0,3.036,0
2017-12-06,3.018,3.018,3.018,3.018,0.0,3.018,0
2017-12-07,3.024,3.024,3.024,3.024,0.0,3.024,0
2017-12-08,3.019,3.019,3.019,3.019,0.0,3.019,0
2017-12-11,3.012,3.012,3.012,3.012,0.0,3.012,0
2017-12-12,3.022,3.022,3.022,3.022,0.0,3.022,0
2017-12-13,3.041,3.041,3.041,3.041,0.0,3.041,0
2017-12-14,3.052,3.052,3.052,3.052,0.0,3.052,0
2017-12-15,3.06,3.06,3.06,3.06,0.0,3.06,0
2017-12-18,3.08,3.08,3.08,3.08,0.0,3.08,0
2017-12-19,3.082,3.082,3.082,3.082,0.0,3.082,0
2017-12-20,3.068,3.068,3.068,3.068,0.0,3.068,0
2017-12-21,3.085,3.085,3.085,3.085,0.0,3.085,0
2017-12-22,3.108,3.108,3.108,3.108,0.0,3.108,0
2017-12-26,3.109,3.109,3.109,3.109,0.0,3.109,0
2017-12-27,3.082,3.082,3.082,3.082,0.0,3.082,0
2017-12-28,3.037,3.037,3.037,3.037,0.0,3.037,0
2017-12-29,3.021,3.021,3.021,3.021,0.0,3.021,0
2018-01-02,3.014,3.014,3.014,3.014,0.0,3.014,0
2018-01-03,3.015,3.015,3.015,3.015,0.0,3.015,0
2018-01-04,3.047,3.047,3.047,3.047,0.0,3.047,0
2018-01-05,3.041,3.041,3.041,3.041,0.0,3.041,0
2018-01-08,3.036,3.036,3.036,3.036,0.0,3.036,0
2018-01-09,3.021,3.021,3.021,3.021,0.0,3.021,0
2018-01-10,3.014,3.014,3.014,3.014,0.0,3.014,0
2018-01-11,3.031,3.031,3.031,3.031,0.0,3.031,0
2018-01-12,3.018,3.018,3.018,3.018,0.0,3.018,0
2018-01-16,2.981,2.981,2.981,2.981,0.0,2.981,0
2018-01-17,2.975,2.975,2.975,2.975,0.0,2.975,0
2018-01-18,2.973,2.973,2.973,2.973,0.0,2.973,0
2018-01-19,2.983,2.983,2.983,2.983,0.0,2.983,0
2018-01-22,3.002,3.002,3.002,3.002,0.0,3.002,0
2018-01-23,3.014,3.014,3.014,3.014,0.0,3.014,0
2018-01-24,3.028,3.028,3.028,3.028,0.0,3.028,0
2018-01-25,3.052,3.052,3.052,3.052,0.0,3.052,0
2018-01-26,3.018,3.018,3.018,3.018,0.0,3.018,0
2018-01-29,3.02,3.02,3.02,3.02,0.0,3.02,0
2018-01-30,3.037,3.037,3.037,3.037,0.0,3.037,0
2018-01-31,3.006,3.006,3.006,3.006,0.0,3.006,0
2018-02-01,2.999,2.999,2.999,2.999,0.0,2.999,0
2018-02-02,3.024,3.024,3.024,3.024,0.0,3.024,0
2018-02-05,3.046,3.046,3.046,3.046,0.0,3.046,0
2018-02-06,3.03,3.03,3.03,3.03,0.0,3.03,0
2018-02-07,3.008,3.008,3.008,3.008,0.0,3.008,0
2018-02-08,3.021,3.021,3.021,3.021,0.0,3.021,0
2018-02-09,2.988,2.988,2.988,2.988,0.0,2.988,0
2018-02-12,2.978,2.978,2.978,2.978,0.0,2.978,0
2018-02-13,2.965,2.965,2.965,2.965,0.0,2.965,0
2018-02-14,2.973,2.973,2.973,2.973,0.0,2.973,0
2018-02-15,2.978,2.978,2.978,2.978,0.0,2.978,0
2018-02-16,2.991,2.991,2.991,2.991,0.0,2.991,0
2018-02-20,2.994,2.994,2.994,2.994,0.0,2.994,0
2018-02-21,3.012,3.012,3.012,3.012,0.0,3.012,0
2018-02-22,3.024,3.024,3.024,3.024,0.0,3.024,0
2018-02-23,3.016,3.016,3.016,3.016,0.0,3.016,0
2018-02-26,3.012,3.012,3.012,3.012,0.0,3.012,0
2018-02-27,3.015,3.015,3.015,3.015,0.0,3.015,0
2018-02-28,2.99,2.99,2.99,2.99,0.0,2.99,0
2018-03-01,3.029,3.029,3.029,3.029,0.0,3.029,0
2018-03-02,3.046,3.046,3.046,3.046,0.0,3.046,0
2018-03-05,3.064,3.064,3.064,3.064,0.0,3.064,0
2018-03-06,3.061,3.061,3.061,3.061,0.0,3.061,0
2018-03-07,3.054,3.054,3.054,3.054,0.0,3.054,0
2018-03-08,3.016,3.016,3.016,3.016,0.0,3.016,0
2018-03-09,2.977,2.977,2.977,2.977,0.0,2.977,0
2018-03-12,2.983,2.983,2.983,2.983,0.0,2.983,0
2018-03-13,2.99,2.99,2.99,2.99,0.0,2.99,0
2018-03-14,3.01,3.01,3.01,3.01,0.0,3.01,0
2018-03-15,3.068,3.068,3.068,3.068,0.0,3.068,0
2018-03-16,3.078,3.078,3.078,3.078,0.0,3.078,0
2018-03-19,3.068,3.068,3.068,3.068,0.0,3.068,0
2018-03-20,3.073,3.073,3.073,3.073,0.0,3.073,0
2018-03-21,3.081,3.081,3.081,3.081,0.0,3.081,0
2018-03-22,3.069,3.069,3.069,3.069,0.0,3.069,0
2018-03-23,2.991,2.991,2.991,2.991,0.0,2.991,0
2018-03-26,3.019,3.019,3.019,3.019,0.0,3.019,0
2018-03-27,3.025,3.025,3.025,3.025,0.0,3.025,0
2018-03-28,3.054,3.054,3.054,3.054,0.0,3.054,0
2018-03-29,3.092,3.092,3.092,3.092,0.0,3.092,0
2018-04-02,3.074,3.074,3.074,3.074,0.0,3.074,0
2018-04-03,3.052,3.052,3.052,3.052,0.0,3.052,0
2018-04-04,3.026,3.026,3.026,3.026,0.0,3.026,0
2018-04-05,3.042,3.042,3.042,3.042,0.0,3.042,0
2018-04-06,3.036,3.036,3.036,3.036,0.0,3.036,0
2018-04-09,3.02,3.02,3.02,3.02,0.0,3.02,0
2018-04-10,3.029,3.029,3.029,3.029,0.0,3.029,0
2018-04-11,3.037,3.037,3.037,3.037,0.0,3.037,0
2018-04-12,3.06,3.06,3.06,3.06,0.0,3.06,0
2018-04-13,3.053,3.053,3.053,3.053,0.0,3.053,0
2018-04-16,3.055,3.055,3.055,3.055,0.0,3.055,0
2018-04-17,3.017,3.017,3.017,3.017,0.0,3.017,0
2018-04-18,3.018,3.018,3.018,3.018,0.0,3.018,0
2018-04-19,3.02,3.02,3.02,3.02,0.0,3.02,0
2018-04-20,3.028,3.028,3.028,3.028,0.0,3.028,0
2018-04-23,3.029,3.029,3.029,3.029,0.0,3.029,0
2018-04-24,3.027,3.027,3.027,3.027,0.0,3.027,0
2018-04-25,3.016,3.016,3.016,3.016,0.0,3.016,0
2018-04-26,3.006,3.006,3.006,3.006,0.0,3.006,0
2018-04-27,3.008,3.008,3.008,3.008,0.0,3.008,0
2018-04-30,3.002,3.002,3.002,3.002,0.0,3.002,0
2018-05-01,2.982,2.982,2.982,2.982,0.0,2.982,0
2018-05-02,3.007,3.007,3.007,3.007,0.0,3.007,0
2018-05-03,3.017,3.017,3.017,3.017,0.0,3.017,0
2018-05-04,3.015,3.015,3.015,3.015,0.0,3.015,0
2018-05-07,3.013,3.013,3.013,3.013,0.0,3.013,0
2018-05-08,2.968,2.968,2.968,2.968,0.0,2.968,0
2018-05-09,2.954,2.954,2.954,2.954,0.0,2.954,0
2018-05-10,2.95,2.95,2.95,2.95,0.0,2.95,0
2018-05-11,2.953,2.953,2.953,2.953,0.0,2.953,0
2018-05-14,2.945,2.945,2.945,2.945,0.0,2.945,0
2018-05-15,2.983,2.983,2.983,2.983,0.0,2.983,0
2018-05-16,2.957,2.957,2.957,2.957,0.0,2.957,0
2018-05-17,2.964,2.964,2.964,2.964,0.0,2.964,0
2018-05-18,2.979,2.979,2.979,2.979,0.0,2.979,0
2018-05-21,2.974,2.974,2.974,2.974,0.0,2.974,0
2018-05-22,2.946,2.946,2.946,2.946,0.0,2.946,0
2018-05-23,2.923,2.923,2.923,2.923,0.0,2.923,0
2018-05-24,2.917,2.917,2.917,2.917,0.0,2.917,0
2018-05-25,2.889,2.889,2.889,2.889,0.0,2.889,0
2018-05-29,2.868,2.868,2.868,2.868,0.0,2.868,0
2018-05-30,2.879,2.879,2.879,2.879,0.0,2.879,0
2018-05-31,2.862,2.862,2.862,2.862,0.0,2.862,0
2018-06-01,2.852,2.852,2.852,2.852,0.0,2.852,0
2018-06-04,2.865,2.865,2.865,2.865,0.0,2.865,0
2018-06-05,2.88,2.88,2.88,2.88,0.0,2.88,0
2018-06-06,2.875,2.875,2.875,2.875,0.0,2.875,0
2018-06-07,2.873,2.873,2.873,2.873,0.0,2.873,0
2018-06-08,2.874,2.874,2.874,2.874,0.0,2.874,0
2018-06-11,2.873,2.873,2.873,2.873,0.0,2.873,0
2018-06-12,2.904,2.904,2.904,2.904,0.0,2.904,0
2018-06-13,2.915,2.915,2.915,2.915,0.0,2.915,0
2018-06-14,2.931,2.931,2.931,2.931,0.0,2.931,0
2018-06-15,2.936,2.936,2.936,2.936,0.0,2.936,0
2018-06-18,2.972,2.972,2.972,2.972,0.0,2.972,0
2018-06-19,2.974,2.974,2.974,2.974,0.0,2.974,0
2018-06-20,2.973,2.973,2.973,2.973,0.0,2.973,0
2018-06-21,2.951,2.951,2.951,2.951,0.0,2.951,0
2018-06-22,2.953,2.953,2.953,2.953,0.0,2.953,0
2018-06-25,2.949,2.949,2.949,2.949,0.0,2.949,0
2018-06-26,2.946,2.946,2.946,2.946,0.0,2.946,0
2018-06-27,2.949,2.949,2.949,2.949,0.0,2.949,0
2018-06-28,2.928,2.928,2.928,2.928,0.0,2.928,0
2018-06-29,2.925,2.925,2.925,2.925,0.0,2.925,0
2018-07-02,2.916,2.916,2.916,2.916,0.0,2.916,0
2018-07-03,2.913,2.913,2.913,2.913,0.0,2.913,0
2018-07-05,2.915,2.915,2.915,2.915,0.0,2.915,0
2018-07-06,2.914,2.914,2.914,2.914,0.0,2.914,0
2018-07-09,2.905,2.905,2.905,2.905,0.0,2.905,0
2018-07-10,2.909,2.909,2.909,2.909,0.0,2.909,0
2018-07-11,2.887,2.887,2.887,2.887,0.0,2.887,0
2018-07-12,2.884,2.884,2.884,2.884,0.0,2.884,0
2018-07-13,2.879,2.879,2.879,2.879,0.0,2.879,0
2018-07-16,2.852,2.852,2.852,2.852,0.0,2.852,0
2018-07-17,2.837,2.837,2.837,2.837,0.0,2.837,0
2018-07-18,2.836,2.836,2.836,2.836,0.0,2.836,0
2018-07-19,2.83,2.83,2.83,2.83,0.0,2.83,0
2018-07-20,2.836,2.836,2.836,2.836,0.0,2.836,0
2018-07-23,2.845,2.845,2.845,2.845,0.0,2.845,0
2018-07-24,2.849,2.849,2.849,2.849,0.0,2.849,0
2018-07-25,2.881,2.881,2.881,2.881,0.0,2.881,0
2018-07-26,2.877,2.877,2.877,2.877,0.0,2.877,0
2018-07-27,2.897,2.897,2.897,2.897,0.0,2.897,0
2018-07-30,2.901,2.901,2.901,2.901,0.0,2.901,0
2018-07-31,2.904,2.904,2.904,2.904,0.0,2.904,0
2018-08-01,2.874,2.874,2.874,2.874,0.0,2.874,0
2018-08-02,2.878,2.878,2.878,2.878,0.0,2.878,0
2018-08-03,2.878,2.878,2.878,2.878,0.0,2.878,0
2018-08-06,2.868,2.868,2.868,2.868,0.0,2.868,0
2018-08-07,2.913,2.913,2.913,2.913,0.0,2.913,0
2018-08-08,2.926,2.926,2.926,2.926,0.0,2.926,0
2018-08-09,2.926,2.926,2.926,2.926,0.0,2.926,0
2018-08-10,2.923,2.923,2.923,2.923,0.0,2.923,0
2018-08-13,2.924,2.924,2.924,2.924,0.0,2.924,0
2018-08-14,2.923,2.923,2.923,2.923,0.0,2.923,0
2018-08-15,2.924,2.924,2.924,2.924,0.0,2.924,0
2018-08-16,2.914,2.914,2.914,2.914,0.0,2.914,0
2018-08-17,2.916,2.916,2.916,2.916,0.0,2.916,0
2018-08-20,2.915,2.915,2.915,2.915,0.0,2.915,0
2018-08-21,2.931,2.931,2.931,2.931,0.0,2.931,0
2018-08-22,2.918,2.918,2.918,2.918,0.0,2.918,0
2018-08-23,2.915,2.915,2.915,2.915,0.0,2.915,0
2018-08-24,2.904,2.904,2.904,2.904,0.0,2.904,0
2018-08-27,2.874,2.874,2.874,2.874,0.0,2.874,0
2018-08-28,2.85,2.85,2.85,2.85,0.0,2.85,0
2018-08-29,2.854,2.854,2.854,2.854,0.0,2.854,0
2018-08-30,2.835,2.835,2.835,2.835,0.0,2.835,0
2018-08-31,2.849,2.849,2.849,2.849,0.0,2.849,0
2018-09-04,2.836,2.836,2.836,2.836,0.0,2.836,0
2018-09-05,2.841,2.841,2.841,2.841,0.0,2.841,0
2018-09-06,2.86,2.86,2.86,2.86,0.0,2.86,0
2018-09-07,2.859,2.859,2.859,2.859,0.0,2.859,0
2018-09-10,2.862,2.862,2.862,2.862,0.0,2.862,0
2018-09-11,2.859,2.859,2.859,2.859,0.0,2.859,0
2018-09-12,2.869,2.869,2.869,2.869,0.0,2.869,0
2018-09-13,2.885,2.885,2.885,2.885,0.0,2.885,0
2018-09-14,2.891,2.891,2.891,2.891,0.0,2.891,0
2018-09-17,2.895,2.895,2.895,2.895,0.0,2.895,0
2018-09-18,2.905,2.905,2.905,2.905,0.0,2.905,0
2018-09-19,2.902,2.902,2.902,2.902,0.0,2.902,0
2018-09-20,2.906,2.906,2.906,2.906,0.0,2.906,0
2018-09-21,2.904,2.904,2.904,2.904,0.0,2.904,0
2018-09-24,2.902,2.902,2.902,2.902,0.0,2.902,0
2018-09-25,2.905,2.905,2.905,2.905,0.0,2.905,0
2018-09-26,2.914,2.914,2.914,2.914,0.0,2.914,0
2018-09-27,2.915,2.915,2.915,2.915,0.0,2.915,0
2018-09-28,2.916,2.916,2.916,2.916,0.0,2.916,0
2018-10-01,2.921,2.921,2.921,2.921,0.0,2.921,0
2018-10-02,2.919,2.919,2.919,2.919,0.0,2.919,0
2018-10-03,2.918,2.918,2.918,2.918,0.0,2.918,0
2018-10-04,2.919,2.919,2.919,2.919,0.0,2.919,0
2018-10-05,2.922,2.922,2.922,2.922,0.0,2.922,0
2018-10-08,2.927,2.927,2.927,2.927,0.0,2.927,0
2018-10-09,2.922,2.922,2.922,2.922,0.0,2.922,0
2018-10-10,2.918,2.918,2.918,2.918,0.0,2.918,0
2018-10-11,2.943,2.943,2.943,2.943,0.0,2.943,0
2018-10-12,2.963,2.963,2.963,2.963,0.0,2.963,0
2018-10-15,2.962,2.962,2.962,2.962,0.0,2.962,0
2018-10-16,2.982,2.982,2.982,2.982,0.0,2.982,0
2018-10-17,2.977,2.977,2.977,2.977,0.0,2.977,0
2018-10-18,2.976,2.976,2.976,2.976,0.0,2.976,0
2018-10-19,2.973,2.973,2.973,2.973,0.0,2.973,0
2018-10-22,2.974,2.974,2.974,2.974,0.0,2.974,0
2018-10-23,2.973,2.973,2.973,2.973,0.0,2.973,0
2018-10-24,2.97,2.97,2.97,2.97,0.0,2.97,0
2018-10-25,2.96,2.96,2.96,2.96,0.0,2.96,0
2018-10-26,2.962,2.962,2.962,2.962,0.0,2.962,0
2018-10-29,2.963,2.963,2.963,2.963,0.0,2.963,0
2018-10-30,2.981,2.981,2.981,2.981,0.0,2.981,0
2018-10-31,2.98,2.98,2.98,2.98,0.0,2.98,0
2018-11-01,2.987,2.987,2.987,2.987,0.0,2.987,0
2018-11-02,2.994,2.994,2.994,2.994,0.0,2.994,0
2018-11-05,3.008,3.008,3.008,3.008,0.0,3.008,0
2018-11-06,3.024,3.024,3.024,3.024,0.0,3.024,0
2018-11-07,3.022,3.022,3.022,3.022,0.0,3.022,0
2018-11-08,3.023,3.023,3.023,3.023,0.0,3.023,0
2018-11-09,3.026,3.026,3.026,3.026,0.0,3.026,0
2018-11-12,3.049,3.049,3.049,3.049,0.0,3.049,0
2018-11-13,3.028,3.028,3.028,3.028,0.0,3.028,0
2018-11-14,3.012,3.012,3.012,3.012,0.0,3.012,0
2018-11-15,3.027,3.027,3.027,3.027,0.0,3.027,0
2018-11-16,2.998,2.998,2.998,2.998,0.0,2.998,0
2018-11-19,2.985,2.985,2.985,2.985,0.0,2.985,0
2018-11-20,2.983,2.983,2.983,2.983,0.0,2.983,0
2018-11-21,2.981,2.981,2.981,2.981,0.0,2.981,0
2018-11-23,3.006,3.006,3.006,3.006,0.0,3.006,0
2018-11-26,2.999,2.999,2.999,2.999,0.0,2.999,0
2018-11-27,2.995,2.995,2.995,2.995,0.0,2.995,0
2018-11-28,2.996,2.996,2.996,2.996,0.0,2.996,0
2018-11-29,3.026,3.026,3.026,3.026,0.0,3.026,0
2018-11-30,3.082,3.082,3.082,3.082,0.0,3.082,0
2018-12-03,3.054,3.054,3.054,3.054,0.0,3.054,0
2018-12-04,3.04,3.04,3.04,3.04,0.0,3.04,0
2018-12-05,3.031,3.031,3.031,3.031,0.0,3.031,0
2018-12-06,3.042,3.042,3.042,3.042,0.0,3.042,0
2018-12-07,3.049,3.049,3.049,3.049,0.0,3.049,0
2018-12-10,3.05,3.05,3.05,3.05,0.0,3.05,0
2018-12-11,3.025,3.025,3.025,3.025,0.0,3.025,0
2018-12-12,3.027,3.027,3.027,3.027,0.0,3.027,0
2018-12-13,2.995,2.995,2.995,2.995,0.0,2.995,0
2018-12-14,3.005,3.005,3.005,3.005,0.0,3.005,0
2018-12-17,3.004,3.004,3.004,3.004,0.0,3.004,0
2018-12-18,2.999,2.999,2.999,2.999,0.0,2.999,0
2018-12-19,3.022,3.022,3.022,3.022,0.0,3.022,0
2018-12-20,3.037,3.037,3.037,3.037,0.0,3.037,0
2018-12-21,3.04,3.04,3.04,3.04,0.0,3.04,0
2018-12-24,3.039,3.039,3.039,3.039,0.0,3.039,0
2018-12-26,3.036,3.036,3.036,3.036,0.0,3.036,0
2018-12-27,3.034,3.034,3.034,3.034,0.0,3.034,0
2018-12-28,3.034,3.034,3.034,3.034,0.0,3.034,0
2018-12-31,3.043,3.043,3.043,3.043,0.0,3.043,0
2019-01-02,3.043,3.043,3.043,3.043,0.0,3.043,0
2019-01-03,3.032,3.032,3.032,3.032,0.0,3.032,0
2019-01-04,3.034,3.034,3.034,3.034,0.0,3.034,0
2019-01-07,3.036,3.036,3.036,3.036,0.0,3.036,0
2019-01-08,3.031,3.031,3.031,3.031,0.0,3.031,0
2019-01-09,3.034,3.034,3.034,3.034,0.0,3.034,0
2019-01-10,3.034,3.034,3.034,3.034,0.0,3.034,0
2019-01-11,3.041,3.041,3.041,3.041,0.0,3.041,0
2019-01-14,3.04,3.04,3.04,3.04,0.0,3.04,0
2019-01-15,3.032,3.032,3.032,3.032,0.0,3.032,0
2019-01-16,3.001,3.001,3.001,3.001,0.0,3.001,0
2019-01-17,3.001,3.001,3.001,3.001,0.0,3.001,0
2019-01-18,3.014,3.014,3.014,3.014,0.0,3.014,0
2019-01-22,3.027,3.027,3.027,3.027,0.0,3.027,0
2019-01-23,3.016,3.016,3.016,3.016,0.0,3.016,0
2019-01-24,2.995,2.995,2.995,2.995,0.0,2.995,0
2019-01-25,3.04,3.04,3.04,3.04,0.0,3.04,0
2019-01-28,3.024,3.024,3.024,3.024,0.0,3.024,0
2019-01-29,3.027,3.027,3.027,3.027,0.0,3.027,0
2019-01-30,3.029,3.029,3.029,3.029,0.0,3.029,0
2019-01-31,3.03,3.03,3.03,3.03,0.0,3.03,0
2019-02-01,3.031,3.031,3.031,3.031,0.0,3.031,0
2019-02-04,3.018,3.018,3.018,3.018,0.0,3.018,0
2019-02-05,3.07,3.07,3.07,3.07,0.0,3.07,0
2019-02-06,3.067,3.067,3.067,3.067,0.0,3.067,0
2019-02-07,3.063,3.063,3.063,3.063,0.0,3.063,0
2019-02-08,3.065,3.065,3.065,3.065,0.0,3.065,0
2019-02-11,3.07,3.07,3.07,3.07,0.0,3.07,0
2019-02-12,3.078,3.078,3.078,3.078,0.0,3.078,0
2019-02-13,3.076,3.076,3.076,3.076,0.0,3.076,0
2019-02-14,3.083,3.083,3.083,3.083,0.0,3.083,0
2019-02-15,3.063,3.063,3.063,3.063,0.0,3.063,0
2019-02-19,3.054,3.054,3.054,3.054,0.0,3.054,0
2019-02-20,3.066,3.066,3.066,3.066,0.0,3.066,0
2019-02-21,3.053,3.053,3.053,3.053,0.0,3.053,0
2019-02-22,3.05,3.05,3.05,3.05,0.0,3.05,0
2019-02-25,3.042,3.042,3.042,3.042,0.0,3.042,0
2019-02-26,3.024,3.024,3.024,3.024,0.0,3.024,0
2019-02-27,3.06,3.06,3.06,3.06,0.0,3.06,0
2019-02-28,3.071,3.071,3.071,3.071,0.0,3.071,0
2019-03-01,3.07,3.07,3.07,3.07,0.0,3.07,0
2019-03-04,3.066,3.066,3.066,3.066,0.0,3.066,0
2019-03-05,3.064,3.064,3.064,3.064,0.0,3.064,0
2019-03-06,3.067,3.067,3.067,3.067,0.0,3.067,0
2019-03-07,3.072,3.072,3.072,3.072,0.0,3.072,0
2019-03-08,3.072,3.072,3.072,3.072,0.0,3.072,0
2019-03-11,3.099,3.099,3.099,3.099,0.0,3.099,0
2019-03-12,3.114,3.114,3.114,3.114,0.0,3.114,0
2019-03-13,3.123,3.123,3.123,3.123,0.0,3.123,0
2019-03-14,3.131,3.131,3.131,3.131,0.0,3.131,0
2019-03-15,3.132,3.132,3.132,3.132,0.0,3.132,0
2019-03-18,3.131,3.131,3.131,3.131,0.0,3.131,0
2019-03-19,3.132,3.132,3.132,3.132,0.0,3.132,0
2019-03-20,3.13,3.13,3.13,3.13,0.0,3.13,0
2019-03-21,3.14,3.14,3.14,3.14,0.0,3.14,0
2019-03-22,3.13,3.13,3.13,3.13,0.0,3.13,0
2019-03-25,3.129,3.129,3.129,3.129,0.0,3.129,0
2019-03-26,3.131,3.131,3.131,3.131,0.0,3.131,0
2019-03-27,3.122,3.122,3.122,3.122,0.0,3.122,0
2019-03-28,3.125,3.125,3.125,3.125,0.0,3.125,0
2019-03-29,3.124,3.124,3.124,3.124,0.0,3.124,0
2019-04-01,3.123,3.123,3.123,3.123,0.0,3.123,0
2019-04-02,3.13,3.13,3.13,3.13,0.0,3.13,0
2019-04-03,3.14,3.14,3.14,3.14,0.0,3.14,0
2019-04-04,3.171,3.171,3.171,3.171,0.0,3.171,0
2019-04-05,3.139,3.139,3.139,3.139,0.0,3.139,0
2019-04-08,3.142,3.142,3.142,3.142,0.0,3.142,0
2019-04-09,3.149,3.149,3.149,3.149,0.0,3.149,0
2019-04-10,3.127,3.127,3.127,3.127,0.0,3.127,0
2019-04-11,3.125,3.125,3.125,3.125,0.0,3.125,0
2019-04-12,3.125,3.125,3.125,3.125,0.0,3.125,0
2019-04-15,3.125,3.125,3.125,3.125,0.0,3.125,0
2019-04-16,3.126,3.126,3.126,3.126,0.0,3.126,0
2019-04-17,3.116,3.116,3.116,3.116,0.0,3.116,0
2019-04-18,3.101,3.101,3.101,3.101,0.0,3.101,0
2019-04-22,3.089,3.089,3.089,3.089,0.0,3.089,0
2019-04-23,3.084,3.084,3.084,3.084,0.0,3.084,0
2019-04-24,3.094,3.094,3.094,3.094,0.0,3.094,0
2019-04-25,3.104,3.104,3.104,3.104,0.0,3.104,0
2019-04-26,3.101,3.101,3.101,3.101,0.0,3.101,0
2019-04-29,3.108,3.108,3.108,3.108,0.0,3.108,0
2019-04-30,3.113,3.113,3.113,3.113,0.0,3.113,0
2019-05-01,3.115,3.115,3.115,3.115,0.0,3.115,0
2019-05-02,3.112,3.112,3.112,3.112,0.0,3.112,0
2019-05-03,3.125,3.125,3.125,3.125,0.0,3.125,0
2019-05-06,3.128,3.128,3.128,3.128,0.0,3.128,0
2019-05-07,3.128,3.128,3.128,3.128,0.0,3.128,0
2019-05-08,3.122,3.122,3.122,3.122,0.0,3.122,0
2019-05-09,3.129,3.129,3.129,3.129,0.0,3.129,0
2019-05-10,3.12,3.12,3.12,3.12,0.0,3.12,0
2019-05-13,3.123,3.123,3.123,3.123,0.0,3.123,0
2019-05-14,3.134,3.134,3.134,3.134,0.0,3.134,0
2019-05-15,3.152,3.152,3.152,3.152,0.0,3.152,0
2019-05-16,3.148,3.148,3.148,3.148,0.0,3.148,0
2019-05-17,3.152,3.152,3.152,3.152,0.0,3.152,0
2019-05-20,3.157,3.157,3.157,3.157,0.0,3.157,0
2019-05-21,3.16,3.16,3.16,3.16,0.0,3.16,0
2019-05-22,3.099,3.099,3.099,3.099,0.0,3.099,0
2019-05-23,3.111,3.111,3.111,3.111,0.0,3.111,0
2019-05-24,3.121,3.121,3.121,3.121,0.0,3.121,0
2019-05-28,3.162,3.162,3.162,3.162,0.0,3.162,0
2019-05-29,3.143,3.143,3.143,3.143,0.0,3.143,0
2019-05-30,3.141,3.141,3.141,3.141,0.0,3.141,0
2019-05-31,3.139,3.139,3.139,3.139,0.0,3.139,0
2019-06-03,3.127,3.127,3.127,3.127,0.0,3.127,0
2019-06-04,3.12,3.12,3.12,3.12,0.0,3.12,0
2019-06-05,3.124,3.124,3.124,3.124,0.0,3.124,0
2019-06-06,3.134,3.134,3.134,3.134,0.0,3.134,0
2019-06-07,3.135,3.135,3.135,3.135,0.0,3.135,0
2019-06-10,3.124,3.124,3.124,3.124,0.0,3.124,0
2019-06-11,3.124,3.124,3.124,3.124,0.0,3.124,0
2019-06-12,3.121,3.121,3.121,3.121,0.0,3.121,0
2019-06-13,3.122,3.122,3.122,3.122,0.0,3.122,0
2019-06-14,3.127,3.127,3.127,3.127,0.0,3.127,0
2019-06-17,3.13,3.13,3.13,3.13,0.0,3.13,0
2019-06-18,3.113,3.113,3.113,3.113,0.0,3.113,0
2019-06-19,3.114,3.114,3.114,3.114,0.0,3.114,0
2019-06-20,3.118,3.118,3.118,3.118,0.0,3.118,0
2019-06-21,3.133,3.133,3.133,3.133,0.0,3.133,0
2019-06-24,3.133,3.133,3.133,3.133,0.0,3.133,0
2019-06-25,3.132,3.132,3.132,3.132,0.0,3.132,0
2019-06-26,3.124,3.124,3.124,3.124,0.0,3.124,0
2019-06-27,3.12,3.12,3.12,3.12,0.0,3.12,0
2019-06-28,3.092,3.092,3.092,3.092,0.0,3.092,0
2019-07-01,3.085,3.085,3.085,3.085,0.0,3.085,0
2019-07-02,3.094,3.094,3.094,3.094,0.0,3.094,0
2019-07-03,3.093,3.093,3.093,3.093,0.0,3.093,0
2019-07-05,3.119,3.119,3.119,3.119,0.0,3.119,0
2019-07-08,3.115,3.115,3.115,3.115,0.0,3.115,0
2019-07-09,3.154,3.154,3.154,3.154,0.0,3.154,0
2019-07-10,3.146,3.146,3.146,3.146,0.0,3.146,0
2019-07-11,3.154,3.154,3.154,3.154,0.0,3.154,0
2019-07-12,3.162,3.162,3.162,3.162,0.0,3.162,0
2019-07-15,3.167,3.167,3.167,3.167,0.0,3.167,0
2019-07-16,3.143,3.143,3.143,3.143,0.0,3.143,0
2019-07-17,3.14,3.14,3.14,3.14,0.0,3.14,0
2019-07-18,3.159,3.159,3.159,3.159,0.0,3.159,0
2019-07-19,3.152,3.152,3.152,3.152,0.0,3.152,0
2019-07-22,3.079,3.079,3.079,3.079,0.0,3.079,0
2019-07-23,3.117,3.117,3.117,3.117,0.0,3.117,0
2019-07-24,3.11,3.11,3.11,3.11,0.0,3.11,0
2019-07-25,3.111,3.111,3.111,3.111,0.0,3.111,0
2019-07-26,3.105,3.105,3.105,3.105,0.0,3.105,0
2019-07-29,3.094,3.094,3.094,3.094,0.0,3.094,0
2019-07-30,3.097,3.097,3.097,3.097,0.0,3.097,0
2019-07-31,3.103,3.103,3.103,3.103,0.0,3.103,0
2019-08-01,3.106,3.106,3.106,3.106,0.0,3.106,0
2019-08-02,3.093,3.093,3.093,3.093,0.0,3.093,0
2019-08-05,3.091,3.091,3.091,3.091,0.0,3.091,0
2019-08-06,3.092,3.092,3.092,3.092,0.0,3.092,0
2019-08-07,3.097,3.097,3.097,3.097,0.0,3.097,0
2019-08-08,3.066,3.066,3.066,3.066,0.0,3.066,0
2019-08-09,3.055,3.055,3.055,3.055,0.0,3.055,0
2019-08-12,3.014,3.014,3.014,3.014,0.0,3.014,0
2019-08-13,2.996,2.996,2.996,2.996,0.0,2.996,0
2019-08-14,2.94,2.94,2.94,2.94,0.0,2.94,0
2019-08-15,2.94,2.94,2.94,2.94,0.0,2.94,0
2019-08-16,2.923,2.923,2.923,2.923,0.0,2.923,0
2019-08-19,2.928,2.928,2.928,2.928,0.0,2.928,0
2019-08-20,2.931,2.931,2.931,2.931,0.0,2.931,0
2019-08-21,2.936,2.936,2.936,2.936,0.0,2.936,0
2019-08-22,2.94,2.94,2.94,2.94,0.0,2.94,0
2019-08-23,2.97,2.97,2.97,2.97,0.0,2.97,0
2019-08-26,2.959,2.959,2.959,2.959,0.0,2.959,0
2019-08-27,2.979,2.979,2.979,2.979,0.0,2.979,0
2019-08-28,2.998,2.998,2.998,2.998,0.0,2.998,0
2019-08-29,2.986,2.986,2.986,2.986,0.0,2.986,0
2019-08-30,2.927,2.927,2.927,2.927,0.0,2.927,0
2019-09-03,2.941,2.941,2.941,2.941,0.0,2.941,0
2019-09-04,2.902,2.902,2.902,2.902,0.0,2.902,0
2019-09-05,2.914,2.914,2.914,2.914,0.0,2.914,0
2019-09-06,2.901,2.901,2.901,2.901,0.0,2.901,0
2019-09-09,2.872,2.872,2.872,2.872,0.0,2.872,0
2019-09-10,2.876,2.876,2.876,2.876,0.0,2.876,0
2019-09-11,2.871,2.871,2.871,2.871,0.0,2.871,0
2019-09-12,2.876,2.876,2.876,2.876,0.0,2.876,0
2019-09-13,2.841,2.841,2.841,2.841,0.0,2.841,0
2019-09-16,2.871,2.871,2.871,2.871,0.0,2.871,0
2019-09-17,2.835,2.835,2.835,2.835,0.0,2.835,0
2019-09-18,2.848,2.848,2.848,2.848,0.0,2.848,0
2019-09-19,2.842,2.842,2.842,2.842,0.0,2.842,0
2019-09-20,2.853,2.853,2.853,2.853,0.0,2.853,0
2019-09-23,2.85,2.85,2.85,2.85,0.0,2.85,0
2019-09-24,2.841,2.841,2.841,2.841,0.0,2.841,0
2019-09-25,2.84,2.84,2.84,2.84,0.0,2.84,0
2019-09-26,2.841,2.841,2.841,2.841,0.0,2.841,0
2019-09-27,2.8,2.8,2.8,2.8,0.0,2.8,0
2019-09-30,2.862,2.862,2.862,2.862,0.0,2.862,0
2019-10-01,2.811,2.811,2.811,2.811,0.0,2.811,0
2019-10-02,2.839,2.839,2.839,2.839,0.0,2.839,0
2019-10-03,2.824,2.824,2.824,2.824,0.0,2.824,0
2019-10-04,2.814,2.814,2.814,2.814,0.0,2.814,0
2019-10-07,2.818,2.818,2.818,2.818,0.0,2.818,0
2019-10-08,2.794,2.794,2.794,2.794,0.0,2.794,0
2019-10-09,2.805,2.805,2.805,2.805,0.0,2.805,0
2019-10-10,2.806,2.806,2.806,2.806,0.0,2.806,0
2019-10-11,2.817,2.817,2.817,2.817,0.0,2.817,0
2019-10-14,2.832,2.832,2.832,2.832,0.0,2.832,0
2019-10-15,2.848,2.848,2.848,2.848,0.0,2.848,0
2019-10-16,2.85,2.85,2.85,2.85,0.0,2.85,0
2019-10-17,2.847,2.847,2.847,2.847,0.0,2.847,0
2019-10-18,2.842,2.842,2.842,2.842,0.0,2.842,0
2019-10-21,2.837,2.837,2.837,2.837,0.0,2.837,0
2019-10-22,2.841,2.841,2.841,2.841,0.0,2.841,0
2019-10-23,2.835,2.835,2.835,2.835,0.0,2.835,0
2019-10-24,2.839,2.839,2.839,2.839,0.0,2.839,0
2019-10-25,2.837,2.837,2.837,2.837,0.0,2.837,0
2019-10-28,2.846,2.846,2.846,2.846,0.0,2.846,0
2019-10-29,2.862,2.862,2.862,2.862,0.0,2.862,0
2019-10-30,2.869,2.869,2.869,2.869,0.0,2.869,0
2019-10-31,2.867,2.867,2.867,2.867,0.0,2.867,0
2019-11-01,2.876,2.876,2.876,2.876,0.0,2.876,0
2019-11-04,2.812,2.812,2.812,2.812,0.0,2.812,0
2019-11-05,2.791,2.791,2.791,2.791,0.0,2.791,0
2019-11-06,2.802,2.802,2.802,2.802,0.0,2.802,0
2019-11-07,2.749,2.749,2.749,2.749,0.0,2.749,0
2019-11-08,2.756,2.756,2.756,2.756,0.0,2.756,0
2019-11-11,2.747,2.747,2.747,2.747,0.0,2.747,0
2019-11-12,2.687,2.687,2.687,2.687,0.0,2.687,0
2019-11-13,2.688,2.688,2.688,2.688,0.0,2.688,0
2019-11-14,2.675,2.675,2.675,2.675,0.0,2.675,0
2019-11-15,2.681,2.681,2.681,2.681,0.0,2.681,0
2019-11-18,2.685,2.685,2.685,2.685,0.0,2.685,0
2019-11-19,2.697,2.697,2.697,2.697,0.0,2.697,0
2019-11-20,2.709,2.709,2.709,2.709,0.0,2.709,0
2019-11-21,2.716,2.716,2.716,2.716,0.0,2.716,0
2019-11-22,2.716,2.716,2.716,2.716,0.0,2.716,0
2019-11-25,2.698,2.698,2.698,2.698,0.0,2.698,0
2019-11-26,2.692,2.692,2.692,2.692,0.0,2.692,0
2019-11-27,2.696,2.696,2.696,2.696,0.0,2.696,0
2019-11-29,2.654,2.654,2.654,2.654,0.0,2.654,0
2019-12-02,2.68,2.68,2.68,2.68,0.0,2.68,0
2019-12-03,2.689,2.689,2.689,2.689,0.0,2.689,0
2019-12-04,2.688,2.688,2.688,2.688,0.0,2.688,0
2019-12-05,2.68,2.68,2.68,2.68,0.0,2.68,0
2019-12-06,2.635,2.635,2.635,2.635,0.0,2.635,0
2019-12-09,2.607,2.607,2.607,2.607,0.0,2.607,0
2019-12-10,2.616,2.616,2.616,2.616,0.0,2.616,0
2019-12-11,2.613,2.613,2.613,2.613,0.0,2.613,0
2019-12-12,2.618,2.618,2.618,2.618,0.0,2.618,0
2019-12-13,2.601,2.601,2.601,2.601,0.0,2.601,0
2019-12-16,2.615,2.615,2.615,2.615,0.0,2.615,0
2019-12-17,2.617,2.617,2.617,2.617,0.0,2.617,0
2019-12-18,2.541,2.541,2.541,2.541,0.0,2.541,0
2019-12-19,2.515,2.515,2.515,2.515,0.0,2.515,0
2019-12-20,2.506,2.506,2.506,2.506,0.0,2.506,0
2019-12-23,2.513,2.513,2.513,2.513,0.0,2.513,0
2019-12-24,2.511,2.511,2.511,2.511,0.0,2.511,0
2019-12-26,2.499,2.499,2.499,2.499,0.0,2.499,0
2019-12-27,2.497,2.497,2.497,2.497,0.0,2.497,0
2019-12-30,2.494,2.494,2.494,2.494,0.0,2.494,0
2019-12-31,2.503,2.503,2.503,2.503,0.0,2.503,0
2020-01-02,2.498,2.498,2.498,2.498,0.0,2.498,0
2020-01-03,2.498,2.498,2.498,2.498,0.0,2.498,0
2020-01-06,2.502,2.502,2.502,2.502,0.0,2.502,0
2020-01-07,2.517,2.517,2.517,2.517,0.0,2.517,0
2020-01-08,2.52,2.52,2.52,2.52,0.0,2.52,0
2020-01-09,2.531,2.531,2.531,2.531,0.0,2.531,0
2020-01-10,2.533,2.533,2.533,2.533,0.0,2.533,0
2020-01-13,2.533,2.533,2.533,2.533,0.0,2.533,0
2020-01-14,2.532,2.532,2.532,2.532,0.0,2.532,0
2020-01-15,2.531,2.531,2.531,2.531,0.0,2.531,0
2020-01-16,2.538,2.538,2.538,2.538,0.0,2.538,0
2020-01-17,2.548,2.548,2.548,2.548,0.0,2.548,0
2020-01-21,2.538,2.538,2.538,2.538,0.0,2.538,0
2020-01-22,2.55,2.55,2.55,2.55,0.0,2.55,0
2020-01-23,2.542,2.542,2.542,2.542,0.0,2.542,0
2020-01-24,2.554,2.554,2.554,2.554,0.0,2.554,0
2020-01-27,2.513,2.513,2.513,2.513,0.0,2.513,0
2020-01-28,2.523,2.523,2.523,2.523,0.0,2.523,0
2020-01-29,2.508,2.508,2.508,2.508,0.0,2.508,0
2020-01-30,2.479,2.479,2.479,2.479,0.0,2.479,0
2020-01-31,2.48,2.48,2.48,2.48,0.0,2.48,0
2020-02-03,2.475,2.475,2.475,2.475,0.0,2.475,0
2020-02-04,2.471,2.471,2.471,2.471,0.0,2.471,0
2020-02-05,2.438,2.438,2.438,2.438,0.0,2.438,0
2020-02-06,2.442,2.442,2.442,2.442,0.0,2.442,0
2020-02-07,2.46,2.46,2.46,2.46,0.0,2.46,0
2020-02-10,2.452,2.452,2.452,2.452,0.0,2.452,0
2020-02-11,2.411,2.411,2.411,2.411,0.0,2.411,0
2020-02-12,2.418,2.418,2.418,2.418,0.0,2.418,0
2020-02-13,2.408,2.408,2.408,2.408,0.0,2.408,0
2020-02-14,2.424,2.424,2.424,2.424,0.0,2.424,0
2020-02-18,2.397,2.397,2.397,2.397,0.0,2.397,0
2020-02-19,2.443,2.443,2.443,2.443,0.0,2.443,0
2020-02-20,2.443,2.443,2.443,2.443,0.0,2.443,0
2020-02-21,2.473,2.473,2.473,2.473,0.0,2.473,0
2020-02-24,2.479,2.479,2.479,2.479,0.0,2.479,0
2020-02-25,2.482,2.482,2.482,2.482,0.0,2.482,0
2020-02-26,2.505,2.505,2.505,2.505,0.0,2.505,0
2020-02-27,2.495,2.495,2.495,2.495,0.0,2.495,0
2020-02-28,2.513,2.513,2.513,2.513,0.0,2.513,0
2020-03-02,2.568,2.568,2.568,2.568,0.0,2.568,0
2020-03-03,2.564,2.564,2.564,2.564,0.0,2.564,0
2020-03-04,2.553,2.553,2.553,2.553,0.0,2.553,0
2020-03-05,2.528,2.528,2.528,2.528,0.0,2.528,0
2020-03-06,2.541,2.541,2.541,2.541,0.0,2.541,0
2020-03-09,2.578,2.578,2.578,2.578,0.0,2.578,0
2020-03-10,2.578,2.578,2.578,2.578,0.0,2.578,0
2020-03-11,2.54,2.54,2.54,2.54,0.0,2.54,0
2020-03-12,2.49,2.49,2.49,2.49,0.0,2.49,0
2020-03-13,2.485,2.485,2.485,2.485,0.0,2.485,0
2020-03-16,2.474,2.474,2.474,2.474,0.0,2.474,0
2020-03-17,2.503,2.503,2.503,2.503,0.0,2.503,0
2020-03-18,2.509,2.509,2.509,2.509,0.0,2.509,0
2020-03-19,2.522,2.522,2.522,2.522,0.0,2.522,0
2020-03-20,2.516,2.516,2.516,2.516,0.0,2.516,0
2020-03-23,2.511,2.511,2.511,2.511,0.0,2.511,0
2020-03-24,2.468,2.468,2.468,2.468,0.0,2.468,0
2020-03-25,2.463,2.463,2.463,2.463,0.0,2.463,0
2020-03-26,2.429,2.429,2.429,2.429,0.0,2.429,0
2020-03-27,2.451,2.451,2.451,2.451,0.0,2.451,0
2020-03-30,2.459,2.459,2.459,2.459,0.0,2.459,0
2020-03-31,2.447,2.447,2.447,2.447,0.0,2.447,0
2020-04-01,2.417,2.417,2.417,2.417,0.0,2.417,0
2020-04-02,2.403,2.403,2.403,2.403,0.0,2.403,0
2020-04-03,2.387,2.387,2.387,2.387,0.0,2.387,0
2020-04-06,2.403,2.403,2.403,2.403,0.0,2.403,0
2020-04-07,2.397,2.397,2.397,2.397,0.0,2.397,0
2020-04-08,2.414,2.414,2.414,2.414,0.0,2.414,0
2020-04-09,2.38,2.38,2.38,2.38,0.0,2.38,0
2020-04-13,2.426,2.426,2.426,2.426,0.0,2.426,0
2020-04-14,2.408,2.408,2.408,2.408,0.0,2.408,0
2020-04-15,2.377,2.377,2.377,2.377,0.0,2.377,0
2020-04-16,2.382,2.382,2.382,2.382,0.0,2.382,0
2020-04-17,2.383,2.383,2.383,2.383,0.0,2.383,0
2020-04-20,2.419,2.419,2.419,2.419,0.0,2.419,0
2020-04-21,2.402,2.402,2.402,2.402,0.0,2.402,0
2020-04-22,2.43,2.43,2.43,2.43,0.0,2.43,0
2020-04-23,2.384,2.384,2.384,2.384,0.0,2.384,0
2020-04-24,2.382,2.382,2.382,2.382,0.0,2.382,0
2020-04-27,2.408,2.408,2.408,2.408,0.0,2.408,0
2020-04-28,2.4,2.4,2.4,2.4,0.0,2.4,0
2020-04-29,2.395,2.395,2.395,2.395,0.0,2.395,0
2020-04-30,2.37,2.37,2.37,2.37,0.0,2.37,0
2020-05-01,2.353,2.353,2.353,2.353,0.0,2.353,0
2020-05-04,2.324,2.324,2.324,2.324,0.0,2.324,0
2020-05-05,2.311,2.311,2.311,2.311,0.0,2.311,0
2020-05-06,2.35,2.35,2.35,2.35,0.0,2.35,0
2020-05-07,2.297,2.297,2.297,2.297,0.0,2.297,0
2020-05-08,2.286,2.286,2.286,2.286,0.0,2.286,0
2020-05-11,2.262,2.262,2.262,2.262,0.0,2.262,0
2020-05-12,2.266,2.266,2.266,2.266,0.0,2.266,0
2020-05-13,2.215,2.215,2.215,2.215,0.0,2.215,0
2020-05-14,2.285,2.285,2.189,2.189,12.0,2.285,1
2020-05-15,2.25,2.25,2.25,2.25,0.0,2.25,0
2020-05-18,2.268,2.268,2.268,2.268,0.0,2.268,0
2020-05-19,2.265,2.265,2.265,2.265,0.0,2.265,0
2020-05-20,2.212,2.212,2.212,2.212,0.0,2.212,0
2020-05-21,2.203,2.203,2.203,2.203,0.0,2.203,0
2020-05-22,2.246,2.246,2.246,2.246,0.0,2.246,0
2020-05-26,2.226,2.226,2.226,2.226,0.0,2.226,0
2020-05-27,2.302,2.302,2.302,2.302,0.0,2.302,0
2020-05-28,2.294,2.294,2.294,2.294,0.0,2.294,0
2020-05-29,2.288,2.288,2.288,2.288,0.0,2.288,0
2020-06-01,2.27,2.27,2.27,2.27,0.0,2.27,0
2020-06-02,2.275,2.275,2.275,2.275,0.0,2.275,0
2020-06-03,2.262,2.262,2.262,2.262,0.0,2.262,0
2020-06-04,2.271,2.271,2.271,2.271,0.0,2.271,0
2020-06-05,2.265,2.265,2.265,2.265,0.0,2.265,0
2020-06-08,2.279,2.279,2.279,2.279,0.0,2.279,0
2020-06-09,2.301,2.301,2.301,2.301,0.0,2.301,0
2020-06-10,2.306,2.306,2.306,2.306,0.0,2.306,0
2020-06-11,2.301,2.301,2.301,2.301,0.0,2.301,0
2020-06-12,2.29,2.29,2.29,2.29,0.0,2.29,0
2020-06-15,2.317,2.317,2.317,2.317,0.0,2.317,0
2020-06-16,2.318,2.318,2.318,2.318,0.0,2.318,0
2020-06-17,2.313,2.313,2.313,2.313,0.0,2.313,0
2020-06-18,2.312,2.312,2.312,2.312,0.0,2.312,0
2020-06-19,2.295,2.295,2.295,2.295,0.0,2.295,0
2020-06-22,2.283,2.283,2.283,2.283,0.0,2.283,0
2020-06-23,2.282,2.282,2.282,2.282,0.0,2.282,0
2020-06-24,2.303,2.303,2.303,2.303,0.0,2.303,0
2020-06-25,2.336,2.336,2.336,2.336,0.0,2.336,0
2020-06-26,2.358,2.358,2.358,2.358,0.0,2.358,0
2020-06-29,2.356,2.356,2.356,2.356,0.0,2.356,0
2020-06-30,2.356,2.356,2.356,2.356,0.0,2.356,0
2020-07-01,2.369,2.369,2.369,2.369,0.0,2.369,0
2020-07-02,2.413,2.413,2.413,2.413,0.0,2.413,0
2020-07-06,2.392,2.392,2.392,2.392,0.0,2.392,0
2020-07-07,2.375,2.375,2.375,2.375,0.0,2.375,0
2020-07-08,2.403,2.403,2.403,2.403,0.0,2.403,0
2020-07-09,2.388,2.388,2.388,2.388,0.0,2.388,0
2020-07-10,2.37,2.37,2.37,2.37,0.0,2.37,0
2020-07-13,2.366,2.366,2.366,2.366,0.0,2.366,0
2020-07-14,2.365,2.365,2.365,2.365,0.0,2.365,0
2020-07-15,2.375,2.375,2.375,2.375,0.0,2.375,0
2020-07-16,2.368,2.368,2.368,2.368,0.0,2.368,0
2020-07-17,2.365,2.365,2.365,2.365,0.0,2.365,0
2020-07-20,2.356,2.356,2.356,2.356,0.0,2.356,0
2020-07-21,2.371,2.371,2.371,2.371,0.0,2.371,0
2020-07-22,2.38,2.38,2.38,2.38,0.0,2.38,0
2020-07-23,2.464,2.464,2.464,2.464,0.0,2.464,0
2020-07-24,2.458,2.458,2.458,2.458,0.0,2.458,0
2020-07-27,2.522,2.522,2.522,2.522,0.0,2.522,0
2020-07-28,2.519,2.519,2.519,2.519,0.0,2.519,0
2020-07-29,2.524,2.524,2.524,2.524,0.0,2.524,0
2020-07-30,2.535,2.535,2.535,2.535,0.0,2.535,0
2020-07-31,2.635,2.635,2.635,2.635,0.0,2.635,0
2020-08-03,2.633,2.633,2.633,2.633,0.0,2.633,0
2020-08-04,2.627,2.627,2.627,2.627,0.0,2.627,0
2020-08-05,2.645,2.645,2.645,2.645,0.0,2.645,0
2020-08-06,2.67,2.67,2.67,2.67,0.0,2.67,0
2020-08-07,2.732,2.732,2.732,2.732,0.0,2.732,0
2020-08-10,2.7,2.7,2.7,2.7,0.0,2.7,0
2020-08-11,2.615,2.615,2.615,2.615,0.0,2.615,0
2020-08-12,2.592,2.592,2.592,2.592,0.0,2.592,0
2020-08-13,2.612,2.612,2.612,2.612,0.0,2.612,0
2020-08-14,2.598,2.598,2.598,2.598,0.0,2.598,0
2020-08-17,2.598,2.598,2.598,2.598,0.0,2.598,0
2020-08-18,2.593,2.593,2.593,2.593,0.0,2.593,0
2020-08-19,2.588,2.588,2.588,2.588,0.0,2.588,0
2020-08-20,2.586,2.586,2.586,2.586,0.0,2.586,0
2020-08-21,2.581,2.581,2.581,2.581,0.0,2.581,0
2020-08-24,2.576,2.576,2.576,2.576,0.0,2.576,0
2020-08-25,2.569,2.569,2.569,2.569,0.0,2.569,0
2020-08-26,2.597,2.597,2.597,2.597,0.0,2.597,0
2020-08-27,2.606,2.606,2.606,2.606,0.0,2.606,0
2020-08-28,2.594,2.594,2.594,2.594,0.0,2.594,0
2020-08-31,2.568,2.568,2.568,2.568,0.0,2.568,0
2020-09-01,2.566,2.566,2.566,2.566,0.0,2.566,0
2020-09-02,2.56,2.56,2.56,2.56,0.0,2.56,0
2020-09-03,2.557,2.557,2.557,2.557,0.0,2.557,0
2020-09-04,2.483,2.483,2.483,2.483,0.0,2.483,0
2020-09-08,2.484,2.484,2.484,2.484,0.0,2.484,0
2020-09-09,2.47,2.47,2.47,2.47,0.0,2.47,0
2020-09-10,2.452,2.452,2.452,2.452,0.0,2.452,0
2020-09-11,2.429,2.429,2.429,2.429,0.0,2.429,0
2020-09-14,2.402,2.402,2.402,2.402,0.0,2.402,0
2020-09-15,2.409,2.409,2.409,2.409,0.0,2.409,0
2020-09-16,2.36,2.36,2.36,2.36,0.0,2.36,0
2020-09-17,2.348,2.348,2.348,2.348,0.0,2.348,0
2020-09-18,2.369,2.369,2.369,2.369,0.0,2.369,0
2020-09-21,2.34,2.34,2.34,2.34,0.0,2.34,0
2020-09-22,2.379,2.379,2.379,2.379,0.0,2.379,0
2020-09-23,2.419,2.419,2.419,2.419,0.0,2.419,0
2020-09-24,2.445,2.445,2.445,2.445,0.0,2.445,0
2020-09-25,2.464,2.464,2.464,2.464,0.0,2.464,0
2020-09-28,2.472,2.472,2.472,2.472,0.0,2.472,0
2020-09-29,2.443,2.443,2.443,2.443,0.0,2.443,0
2020-09-30,2.424,2.424,2.424,2.424,0.0,2.424,0
2020-10-01,2.404,2.404,2.404,2.404,0.0,2.404,0
2020-10-02,2.401,2.401,2.401,2.401,0.0,2.401,0
2020-10-05,2.379,2.379,2.379,2.379,0.0,2.379,0
2020-10-06,2.386,2.386,2.386,2.386,0.0,2.386,0
2020-10-07,2.409,2.409,2.409,2.409,0.0,2.409,0
2020-10-08,2.384,2.384,2.384,2.384,0.0,2.384,0
2020-10-09,2.414,2.414,2.414,2.414,0.0,2.414,0
2020-10-12,2.4,2.4,2.4,2.4,0.0,2.4,0
2020-10-13,2.38,2.38,2.38,2.38,0.0,2.38,0
2020-10-14,2.407,2.407,2.407,2.407,0.0,2.407,0
2020-10-15,2.393,2.393,2.393,2.393,0.0,2.393,0
2020-10-16,2.396,2.396,2.396,2.396,0.0,2.396,0
2020-10-19,2.439,2.439,2.439,2.439,0.0,2.439,0
2020-10-20,2.38,2.38,2.38,2.38,0.0,2.38,0
2020-10-21,2.401,2.401,2.401,2.401,0.0,2.401,0
2020-10-22,2.403,2.403,2.403,2.403,0.0,2.403,0
2020-10-23,2.43,2.43,2.43,2.43,0.0,2.43,0
2020-10-26,2.343,2.343,2.343,2.343,0.0,2.343,0
2020-10-27,2.377,2.377,2.377,2.377,0.0,2.377,0
2020-10-28,2.427,2.427,2.427,2.427,0.0,2.427,0
2020-10-29,2.439,2.439,2.439,2.439,0.0,2.439,0
2020-10-30,2.456,2.456,2.456,2.456,0.0,2.456,0
2020-11-02,2.391,2.391,2.391,2.391,0.0,2.391,0
2020-11-03,2.42,2.42,2.42,2.42,0.0,2.42,0
2020-11-04,2.417,2.417,2.417,2.417,0.0,2.417,0
2020-11-05,2.412,2.412,2.412,2.412,0.0,2.412,0
2020-11-06,2.402,2.402,2.402,2.402,0.0,2.402,0
2020-11-09,2.398,2.398,2.398,2.398,0.0,2.398,0
2020-11-10,2.408,2.408,2.408,2.408,0.0,2.408,0
2020-11-11,2.423,2.423,2.423,2.423,0.0,2.423,0
2020-11-12,2.42,2.42,2.42,2.42,0.0,2.42,0
2020-11-13,2.374,2.374,2.374,2.374,0.0,2.374,0
2020-11-16,2.371,2.371,2.371,2.371,0.0,2.371,0
2020-11-17,2.388,2.388,2.388,2.388,0.0,2.388,0
2020-11-18,2.412,2.412,2.412,2.412,0.0,2.412,0
2020-11-19,2.412,2.412,2.412,2.412,0.0,2.412,0
2020-11-20,2.405,2.405,2.405,2.405,0.0,2.405,0
2020-11-23,2.399,2.399,2.399,2.399,0.0,2.399,0
2020-11-24,2.401,2.401,2.401,2.401,0.0,2.401,0
2020-11-25,2.384,2.384,2.384,2.384,0.0,2.384,0
2020-11-27,2.38,2.38,2.38,2.38,0.0,2.38,0
2020-11-30,2.366,2.366,2.366,2.366,0.0,2.366,0
2020-12-01,2.428,2.428,2.428,2.428,0.0,2.428,0
2020-12-02,2.453,2.453,2.453,2.453,0.0,2.453,0
2020-12-03,2.425,2.425,2.425,2.425,0.0,2.425,0
2020-12-04,2.445,2.445,2.445,2.445,0.0,2.445,0
2020-12-07,2.416,2.416,2.416,2.416,0.0,2.416,0
2020-12-08,2.404,2.404,2.404,2.404,0.0,2.404,0
2020-12-09,2.414,2.414,2.414,2.414,0.0,2.414,0
2020-12-10,2.419,2.419,2.419,2.419,0.0,2.419,0
2020-12-11,2.438,2.438,2.438,2.438,0.0,2.438,0
2020-12-14,2.432,2.432,2.432,2.432,0.0,2.432,0
2020-12-15,2.417,2.417,2.417,2.417,0.0,2.417,0
2020-12-16,2.429,2.429,2.429,2.429,0.0,2.429,0
2020-12-17,2.417,2.417,2.417,2.417,0.0,2.417,0
2020-12-18,2.431,2.431,2.431,2.431,0.0,2.431,0
2020-12-21,2.402,2.402,2.402,2.402,0.0,2.402,0
2020-12-22,2.447,2.447,2.447,2.447,0.0,2.447,0
2020-12-23,2.442,2.442,2.442,2.442,0.0,2.442,0
2020-12-24,2.454,2.454,2.454,2.454,0.0,2.454,0
2020-12-28,2.373,2.373,2.373,2.373,0.0,2.373,0
2020-12-29,2.442,2.442,2.442,2.442,0.0,2.442,0
2020-12-30,2.413,2.413,2.413,2.413,0.0,2.413,0
2020-12-31,2.44,2.44,2.44,2.44,0.0,2.44,0
2021-01-04,2.448,2.448,2.448,2.448,0.0,2.448,0
2021-01-05,2.463,2.463,2.463,2.463,0.0,2.463,0
2021-01-06,2.496,2.496,2.496,2.496,0.0,2.496,0
2021-01-07,2.464,2.464,2.464,2.464,0.0,2.464,0
2021-01-08,2.448,2.448,2.448,2.448,0.0,2.448,0
2021-01-11,2.451,2.451,2.451,2.451,0.0,2.451,0
2021-01-12,2.458,2.458,2.458,2.458,0.0,2.458,0
2021-01-13,2.489,2.489,2.489,2.489,0.0,2.489,0
2021-01-14,2.437,2.437,2.437,2.437,0.0,2.437,0
2021-01-15,2.473,2.473,2.473,2.473,0.0,2.473,0
2021-01-19,2.498,2.498,2.498,2.498,0.0,2.498,0
2021-01-20,2.512,2.512,2.512,2.512,0.0,2.512,0
2021-01-21,2.524,2.524,2.524,2.524,0.0,2.524,0
2021-01-22,2.524,2.524,2.524,2.524,0.0,2.524,0
2021-01-25,2.481,2.481,2.481,2.481,0.0,2.481,0
2021-01-26,2.51,2.51,2.51,2.51,0.0,2.51,0
2021-01-27,2.525,2.525,2.525,2.525,0.0,2.525,0
2021-01-28,2.524,2.524,2.524,2.524,0.0,2.524,0
2021-01-29,2.508,2.508,2.508,2.508,0.0,2.508,0
2021-02-01,2.512,2.512,2.512,2.512,0.0,2.512,0
2021-02-02,2.508,2.508,2.508,2.508,0.0,2.508,0
2021-02-03,2.489,2.489,2.489,2.489,0.0,2.489,0
2021-02-04,2.465,2.465,2.465,2.465,0.0,2.465,0
2021-02-05,2.474,2.474,2.474,2.474,0.0,2.474,0
2021-02-08,2.494,2.494,2.494,2.494,0.0,2.494,0
2021-02-09,2.494,2.494,2.494,2.494,0.0,2.494,0
2021-02-10,2.499,2.499,2.499,2.499,0.0,2.499,0
2021-02-11,2.486,2.486,2.486,2.486,0.0,2.486,0
2021-02-12,2.48,2.48,2.48,2.48,0.0,2.48,0
2021-02-16,2.497,2.497,2.497,2.497,0.0,2.497,0
2021-02-17,2.492,2.492,2.492,2.492,0.0,2.492,0
2021-02-18,2.482,2.482,2.482,2.482,0.0,2.482,0
2021-02-19,2.478,2.478,2.478,2.478,0.0,2.478,0
2021-02-22,2.48,2.48,2.48,2.48,0.0,2.48,0
2021-02-23,2.485,2.485,2.485,2.485,0.0,2.485,0
2021-02-24,2.479,2.479,2.479,2.479,0.0,2.479,0
2021-02-25,2.428,2.428,2.428,2.428,0.0,2.428,0
2021-02-26,2.448,2.448,2.448,2.448,0.0,2.448,0
2021-03-01,2.466,2.466,2.466,2.466,0.0,2.466,0
2021-03-02,2.465,2.465,2.465,2.465,0.0,2.465,0
2021-03-03,2.44,2.44,2.44,2.44,0.0,2.44,0
2021-03-04,2.398,2.398,2.398,2.398,0.0,2.398,0
2021-03-05,2.404,2.404,2.404,2.404,0.0,2.404,0
2021-03-08,2.422,2.422,2.422,2.422,0.0,2.422,0
2021-03-09,2.429,2.429,2.429,2.429,0.0,2.429,0
2021-03-10,2.427,2.427,2.427,2.427,0.0,2.427,0
2021-03-11,2.424,2.424,2.424,2.424,0.0,2.424,0
2021-03-12,2.441,2.441,2.441,2.441,0.0,2.441,0
2021-03-15,2.414,2.414,2.414,2.414,0.0,2.414,0
2021-03-16,2.446,2.446,2.446,2.446,0.0,2.446,0
2021-03-17,2.427,2.427,2.427,2.427,0.0,2.427,0
2021-03-18,2.441,2.441,2.441,2.441,0.0,2.441,0
2021-03-19,2.447,2.447,2.447,2.447,0.0,2.447,0
2021-03-22,2.443,2.443,2.443,2.443,0.0,2.443,0
2021-03-23,2.457,2.457,2.457,2.457,0.0,2.457,0
2021-03-24,2.46,2.46,2.46,2.46,0.0,2.46,0
2021-03-25,2.46,2.46,2.46,2.46,0.0,2.46,0
2021-03-26,2.462,2.462,2.462,2.462,0.0,2.462,0
2021-03-29,2.506,2.506,2.506,2.506,0.0,2.506,0
2021-03-30,2.517,2.517,2.517,2.517,0.0,2.517,0
2021-03-31,2.513,2.513,2.513,2.513,0.0,2.513,0
2021-04-01,2.542,2.542,2.542,2.542,0.0,2.542,0
2021-04-05,2.529,2.529,2.529,2.529,0.0,2.529,0
2021-04-06,2.512,2.512,2.512,2.512,0.0,2.512,0
2021-04-07,2.515,2.515,2.515,2.515,0.0,2.515,0
2021-04-08,2.515,2.515,2.515,2.515,0.0,2.515,0
2021-04-09,2.549,2.549,2.549,2.549,0.0,2.549,0
2021-04-12,2.558,2.558,2.558,2.558,0.0,2.558,0
2021-04-13,2.541,2.541,2.541,2.541,0.0,2.541,0
2021-04-14,2.55,2.55,2.55,2.55,0.0,2.55,0
2021-04-15,2.554,2.554,2.554,2.554,0.0,2.554,0
2021-04-16,2.567,2.567,2.567,2.567,0.0,2.567,0
2021-04-19,2.561,2.561,2.561,2.561,0.0,2.561,0
2021-04-20,2.506,2.506,2.506,2.506,0.0,2.506,0
2021-04-21,2.491,2.491,2.491,2.491,0.0,2.491,0
2021-04-22,2.472,2.472,2.472,2.472,0.0,2.472,0
2021-04-23,2.48,2.48,2.48,2.48,0.0,2.48,0
2021-04-26,2.52,2.52,2.466,2.466,12.0,2.52,1
2021-04-27,2.445,2.445,2.445,2.445,0.0,2.445,0
2021-04-28,2.457,2.457,2.457,2.457,0.0,2.457,0
2021-04-29,2.459,2.459,2.459,2.459,0.0,2.459,0
2021-04-30,2.509,2.509,2.509,2.509,0.0,2.509,0
2021-05-03,2.512,2.512,2.512,2.512,0.0,2.512,0
2021-05-04,2.521,2.521,2.521,2.521,0.0,2.521,0
2021-05-05,2.523,2.523,2.523,2.523,0.0,2.523,0
2021-05-06,2.513,2.513,2.513,2.513,0.0,2.513,0
2021-05-07,2.52,2.52,2.52,2.52,0.0,2.52,0
2021-05-10,2.523,2.523,2.523,2.523,0.0,2.523,0
2021-05-11,2.52,2.52,2.52,2.52,0.0,2.52,0
2021-05-12,2.519,2.519,2.519,2.519,0.0,2.519,0
2021-05-13,2.509,2.509,2.509,2.509,0.0,2.509,0
2021-05-14,2.505,2.505,2.505,2.505,0.0,2.505,0
2021-05-17,2.509,2.509,2.509,2.509,0.0,2.509,0
2021-05-18,2.478,2.478,2.478,2.478,0.0,2.478,0
2021-05-19,2.482,2.482,2.482,2.482,0.0,2.482,0
2021-05-20,2.487,2.487,2.487,2.487,0.0,2.487,0
2021-05-21,2.499,2.499,2.499,2.499,0.0,2.499,0
2021-05-24,2.493,2.493,2.493,2.493,0.0,2.493,0
2021-05-25,2.504,2.504,2.504,2.504,0.0,2.504,0
2021-05-26,2.473,2.473,2.473,2.473,0.0,2.473,0
2021-05-27,2.47,2.47,2.47,2.47,0.0,2.47,0
2021-05-28,2.493,2.493,2.493,2.493,0.0,2.493,0
2021-06-01,2.475,2.475,2.475,2.475,0.0,2.475,0
2021-06-02,2.485,2.485,2.485,2.485,0.0,2.485,0
2021-06-03,2.467,2.467,2.467,2.467,0.0,2.467,0
2021-06-04,2.518,2.518,2.518,2.518,0.0,2.518,0
2021-06-07,2.489,2.489,2.489,2.489,0.0,2.489,0
2021-06-08,2.495,2.495,2.495,2.495,0.0,2.495,0
2021-06-09,2.502,2.502,2.502,2.502,0.0,2.502,0
2021-06-10,2.491,2.491,2.491,2.491,0.0,2.491,0
2021-06-11,2.49,2.49,2.49,2.49,0.0,2.49,0
2021-06-14,2.499,2.499,2.499,2.499,0.0,2.499,0
2021-06-15,2.484,2.484,2.484,2.484,0.0,2.484,0
2021-06-16,2.537,2.537,2.537,2.537,0.0,2.537,0
2021-06-17,2.542,2.542,2.542,2.542,0.0,2.542,0
2021-06-18,2.551,2.551,2.551,2.551,0.0,2.551,0
2021-06-21,2.548,2.548,2.548,2.548,0.0,2.548,0
2021-06-22,2.548,2.548,2.548,2.548,0.0,2.548,0
2021-06-23,2.549,2.549,2.549,2.549,0.0,2.549,0
2021-06-24,2.537,2.537,2.537,2.537,0.0,2.537,0
2021-06-25,2.598,2.598,2.598,2.598,0.0,2.598,0
2021-06-28,2.608,2.608,2.608,2.608,0.0,2.608,0
2021-06-29,2.636,2.636,2.636,2.636,0.0,2.636,0
2021-06-30,2.637,2.637,2.637,2.637,0.0,2.637,0
2021-07-01,2.625,2.625,2.625,2.625,0.0,2.625,0
2021-07-02,2.617,2.617,2.617,2.617,0.0,2.617,0
2021-07-06,2.609,2.609,2.609,2.609,0.0,2.609,0
2021-07-07,2.621,2.621,2.621,2.621,0.0,2.621,0
2021-07-08,2.633,2.633,2.633,2.633,0.0,2.633,0
2021-07-09,2.639,2.639,2.639,2.639,0.0,2.639,0
2021-07-12,2.644,2.644,2.644,2.644,0.0,2.644,0
2021-07-13,2.643,2.643,2.643,2.643,0.0,2.643,0
2021-07-14,2.636,2.636,2.636,2.636,0.0,2.636,0
2021-07-15,2.644,2.644,2.644,2.644,0.0,2.644,0
2021-07-16,2.66,2.66,2.66,2.66,0.0,2.66,0
2021-07-19,2.67,2.67,2.67,2.67,0.0,2.67,0
2021-07-20,2.672,2.672,2.672,2.672,0.0,2.672,0
2021-07-21,2.707,2.707,2.707,2.707,0.0,2.707,0
2021-07-22,2.709,2.709,2.709,2.709,0.0,2.709,0
2021-07-23,2.715,2.715,2.715,2.715,0.0,2.715,0
2021-07-26,2.723,2.723,2.723,2.723,0.0,2.723,0
2021-07-27,2.693,2.693,2.693,2.693,0.0,2.693,0
2021-07-28,2.685,2.685,2.685,2.685,0.0,2.685,0
2021-07-29,2.66,2.66,2.66,2.66,0.0,2.66,0
2021-07-30,2.685,2.685,2.685,2.685,0.0,2.685,0
2021-08-02,2.699,2.699,2.699,2.699,0.0,2.699,0
2021-08-03,2.691,2.691,2.691,2.691,0.0,2.691,0
2021-08-04,2.701,2.701,2.701,2.701,0.0,2.701,0
2021-08-05,2.666,2.666,2.666,2.666,0.0,2.666,0
2021-08-06,2.675,2.675,2.675,2.675,0.0,2.675,0
2021-08-09,2.691,2.691,2.691,2.691,0.0,2.691,0
2021-08-10,2.688,2.688,2.688,2.688,0.0,2.688,0
2021-08-11,2.703,2.703,2.703,2.703,0.0,2.703,0
2021-08-12,2.784,2.784,2.784,2.784,0.0,2.784,0
2021-08-13,2.751,2.751,2.751,2.751,0.0,2.751,0
2021-08-16,2.763,2.763,2.763,2.763,0.0,2.763,0
2021-08-17,2.776,2.776,2.776,2.776,0.0,2.776,0
2021-08-18,2.774,2.774,2.774,2.774,0.0,2.774,0
2021-08-19,2.785,2.785,2.785,2.785,0.0,2.785,0
2021-08-20,2.784,2.784,2.784,2.784,0.0,2.784,0
2021-08-23,2.786,2.786,2.786,2.786,0.0,2.786,0
2021-08-24,2.782,2.782,2.782,2.782,0.0,2.782,0
2021-08-25,2.799,2.799,2.799,2.799,0.0,2.799,0
2021-08-26,2.85,2.85,2.85,2.85,0.0,2.85,0
2021-08-27,2.852,2.852,2.852,2.852,0.0,2.852,0
2021-08-30,2.855,2.855,2.855,2.855,0.0,2.855,0
2021-08-31,2.844,2.844,2.844,2.844,0.0,2.844,0
2021-09-01,2.853,2.853,2.853,2.853,0.0,2.853,0
2021-09-02,2.853,2.853,2.853,2.853,0.0,2.853,0
2021-09-03,2.914,2.914,2.914,2.914,0.0,2.914,0
2021-09-07,2.964,2.964,2.964,2.964,0.0,2.964,0
2021-09-08,3.016,3.016,3.016,3.016,0.0,3.016,0
2021-09-09,3.141,3.141,3.141,3.141,0.0,3.141,0
2021-09-10,3.123,3.123,3.123,3.123,0.0,3.123,0
2021-09-13,3.138,3.138,3.138,3.138,0.0,3.138,0
2021-09-14,3.111,3.111,3.111,3.111,0.0,3.111,0
2021-09-15,3.1,3.1,3.1,3.1,0.0,3.1,0
2021-09-16,3.103,3.103,3.103,3.103,0.0,3.103,0
2021-09-17,3.096,3.096,3.096,3.096,0.0,3.096,0
2021-09-20,3.132,3.132,3.132,3.132,0.0,3.132,0
2021-09-21,3.149,3.149,3.149,3.149,0.0,3.149,0
2021-09-22,3.166,3.166,3.166,3.166,0.0,3.166,0
2021-09-23,3.173,3.173,3.173,3.173,0.0,3.173,0
2021-09-24,3.064,3.064,3.064,3.064,0.0,3.064,0
2021-09-27,3.017,3.017,3.017,3.017,0.0,3.017,0
2021-09-28,2.94,2.94,2.94,2.94,0.0,2.94,0
2021-09-29,2.906,2.906,2.906,2.906,0.0,2.906,0
2021-09-30,2.913,2.913,2.913,2.913,0.0,2.913,0
2021-10-01,2.903,2.903,2.903,2.903,0.0,2.903,0
2021-10-04,2.912,2.912,2.912,2.912,0.0,2.912,0
2021-10-05,2.927,2.927,2.927,2.927,0.0,2.927,0
2021-10-06,2.965,2.965,2.965,2.965,0.0,2.965,0
2021-10-07,2.965,2.965,2.965,2.965,0.0,2.965,0
2021-10-08,3.006,3.006,3.006,3.006,0.0,3.006,0
2021-10-11,2.992,2.992,2.992,2.992,0.0,2.992,0
2021-10-12,2.994,2.994,2.994,2.994,0.0,2.994,0
2021-10-13,2.999,2.999,2.999,2.999,0.0,2.999,0
2021-10-14,3.034,3.034,3.034,3.034,0.0,3.034,0
2021-10-15,3.045,3.045,3.045,3.045,0.0,3.045,0
2021-10-18,3.051,3.051,3.051,3.051,0.0,3.051,0
2021-10-19,3.048,3.048,3.048,3.048,0.0,3.048,0
2021-10-20,3.051,3.051,3.051,3.051,0.0,3.051,0
2021-10-21,3.047,3.047,3.047,3.047,0.0,3.047,0
2021-10-22,3.052,3.052,3.052,3.052,0.0,3.052,0
2021-10-25,3.095,3.095,3.095,3.095,0.0,3.095,0
2021-10-26,3.073,3.073,3.073,3.073,0.0,3.073,0
2021-10-27,3.01,3.01,3.01,3.01,0.0,3.01,0
2021-10-28,3.016,3.016,3.016,3.016,0.0,3.016,0
2021-10-29,2.967,2.967,2.967,2.967,0.0,2.967,0
2021-11-01,2.862,2.862,2.862,2.862,0.0,2.862,0
2021-11-02,2.923,2.923,2.923,2.923,0.0,2.923,0
2021-11-03,2.917,2.917,2.917,2.917,0.0,2.917,0
2021-11-04,2.941,2.941,2.941,2.941,0.0,2.941,0
2021-11-05,2.981,2.981,2.981,2.981,0.0,2.981,0
2021-11-08,3.084,3.084,3.084,3.084,0.0,3.084,0
2021-11-09,3.08,3.08,3.08,3.08,0.0,3.08,0
2021-11-10,3.106,3.106,3.106,3.106,0.0,3.106,0
2021-11-11,3.123,3.123,3.123,3.123,0.0,3.123,0
2021-11-12,3.044,3.044,3.044,3.044,0.0,3.044,0
2021-11-15,3.057,3.057,3.057,3.057,0.0,3.057,0
2021-11-16,3.128,3.128,3.128,3.128,0.0,3.128,0
2021-11-17,3.059,3.059,3.059,3.059,0.0,3.059,0
2021-11-18,3.047,3.047,3.047,3.047,0.0,3.047,0
2021-11-19,3.011,3.011,3.011,3.011,0.0,3.011,0
2021-11-22,2.993,2.993,2.993,2.993,0.0,2.993,0
2021-11-23,3.04,3.04,3.04,3.04,0.0,3.04,0
2021-11-24,3.038,3.038,3.038,3.038,0.0,3.038,0
2021-11-26,3.077,3.077,3.077,3.077,0.0,3.077,0
2021-11-29,3.069,3.069,3.069,3.069,0.0,3.069,0
2021-11-30,3.042,3.042,3.042,3.042,0.0,3.042,0
2021-12-01,3.05,3.05,3.05,3.05,0.0,3.05,0
2021-12-02,3.054,3.054,3.054,3.054,0.0,3.054,0
2021-12-03,3.064,3.064,3.064,3.064,0.0,3.064,0
2021-12-06,3.036,3.036,3.036,3.036,0.0,3.036,0
2021-12-07,3.04,3.04,3.04,3.04,0.0,3.04,0
2021-12-08,2.934,2.934,2.934,2.934,0.0,2.934,0
2021-12-09,2.93,2.93,2.93,2.93,0.0,2.93,0
2021-12-10,2.958,2.958,2.958,2.958,0.0,2.958,0
2021-12-13,2.862,2.862,2.862,2.862,0.0,2.862,0
2021-12-14,2.9,2.9,2.9,2.9,0.0,2.9,0
2021-12-15,2.96,2.96,2.96,2.96,0.0,2.96,0
2021-12-16,2.94,2.94,2.94,2.94,0.0,2.94,0
2021-12-17,2.953,2.953,2.953,2.953,0.0,2.953,0
2021-12-20,2.968,2.968,2.968,2.968,0.0,2.968,0
2021-12-21,2.952,2.952,2.952,2.952,0.0,2.952,0
2021-12-22,2.953,2.953,2.953,2.953,0.0,2.953,0
2021-12-23,2.916,2.916,2.916,2.916,0.0,2.916,0
2021-12-27,2.902,2.902,2.902,2.902,0.0,2.902,0
2021-12-28,2.925,2.925,2.925,2.925,0.0,2.925,0
2021-12-29,2.937,2.937,2.937,2.937,0.0,2.937,0
2021-12-30,2.925,2.925,2.925,2.925,0.0,2.925,0
2021-12-31,2.986,2.986,2.986,2.986,0.0,2.986,0
2022-01-03,2.968,2.968,2.968,2.968,0.0,2.968,0
2022-01-04,2.967,2.967,2.967,2.967,0.0,2.967,0
2022-01-05,2.961,2.961,2.961,2.961,0.0,2.961,0
2022-01-06,2.975,2.975,2.975,2.975,0.0,2.975,0
2022-01-07,3.008,3.008,3.008,3.008,0.0,3.008,0
2022-01-10,3.013,3.013,3.013,3.013,0.0,3.013,0
2022-01-11,3.002,3.002,3.002,3.002,0.0,3.002,0
2022-01-12,2.977,2.977,2.977,2.977,0.0,2.977,0
2022-01-13,2.98,2.98,2.98,2.98,0.0,2.98,0
2022-01-14,2.956,2.956,2.956,2.956,0.0,2.956,0
2022-01-18,2.975,2.975,2.975,2.975,0.0,2.975,0
2022-01-19,3.022,3.022,3.022,3.022,0.0,3.022,0
2022-01-20,3.025,3.025,3.025,3.025,0.0,3.025,0
2022-01-21,3.013,3.013,3.013,3.013,0.0,3.013,0
2022-01-24,3.002,3.002,3.002,3.002,0.0,3.002,0
2022-01-25,3.022,3.022,3.022,3.022,0.0,3.022,0
2022-01-26,3.023,3.023,3.023,3.023,0.0,3.023,0
2022-01-27,3.008,3.008,3.008,3.008,0.0,3.008,0
2022-01-28,3.001,3.001,3.001,3.001,0.0,3.001,0
2022-01-31,3.0,3.0,3.0,3.0,0.0,3.0,0
2022-02-01,2.985,2.985,2.985,2.985,0.0,2.985,0
2022-02-02,3.004,3.004,3.004,3.004,0.0,3.004,0
2022-02-03,2.995,2.995,2.995,2.995,0.0,2.995,0
2022-02-04,3.025,3.025,3.025,3.025,0.0,3.025,0
2022-02-07,3.041,3.041,3.041,3.041,0.0,3.041,0
2022-02-08,3.033,3.033,3.033,3.033,0.0,3.033,0
2022-02-09,3.028,3.028,3.028,3.028,0.0,3.028,0
2022-02-10,3.035,3.035,3.035,3.035,0.0,3.035,0
2022-02-11,3.075,3.075,3.075,3.075,0.0,3.075,0
2022-02-14,3.116,3.116,3.116,3.116,0.0,3.116,0
2022-02-15,3.104,3.104,3.104,3.104,0.0,3.104,0
2022-02-16,3.133,3.133,3.133,3.133,0.0,3.133,0
2022-02-17,3.126,3.126,3.126,3.126,0.0,3.126,0
2022-02-18,3.126,3.126,3.126,3.126,0.0,3.126,0
2022-02-22,3.171,3.171,3.171,3.171,0.0,3.171,0
2022-02-23,3.257,3.257,3.257,3.257,0.0,3.257,0
2022-02-24,3.3,3.3,3.3,3.3,0.0,3.3,0
2022-02-25,3.217,3.217,3.217,3.217,0.0,3.217,0
2022-02-28,3.294,3.294,3.294,3.294,0.0,3.294,0
2022-03-01,3.365,3.365,3.365,3.365,0.0,3.365,0
2022-03-02,3.432,3.432,3.432,3.432,0.0,3.432,0
2022-03-03,3.375,3.375,3.375,3.375,0.0,3.375,0
2022-03-04,3.428,3.428,3.428,3.428,0.0,3.428,0
2022-03-07,3.506,3.506,3.506,3.506,0.0,3.506,0
2022-03-08,3.563,3.563,3.563,3.563,0.0,3.563,0
2022-03-09,3.542,3.542,3.542,3.542,0.0,3.542,0
2022-03-10,3.458,3.458,3.458,3.458,0.0,3.458,0
2022-03-11,3.439,3.439,3.439,3.439,0.0,3.439,0
2022-03-14,3.482,3.482,3.482,3.482,0.0,3.482,0
2022-03-15,3.464,3.464,3.464,3.464,0.0,3.464,0
2022-03-16,3.475,3.475,3.475,3.475,0.0,3.475,0
2022-03-17,3.492,3.492,3.492,3.492,0.0,3.492,0
2022-03-18,3.444,3.444,3.444,3.444,0.0,3.444,0
2022-03-21,3.43,3.43,3.43,3.43,0.0,3.43,0
2022-03-22,3.441,3.441,3.441,3.441,0.0,3.441,0
2022-03-23,3.452,3.452,3.452,3.452,0.0,3.452,0
2022-03-24,3.478,3.478,3.478,3.478,0.0,3.478,0
2022-03-25,3.524,3.524,3.524,3.524,0.0,3.524,0
2022-03-28,3.616,3.616,3.616,3.616,0.0,3.616,0
2022-03-29,3.63,3.63,3.63,3.63,0.0,3.63,0
2022-03-30,3.743,3.743,3.743,3.743,0.0,3.743,0
2022-03-31,3.836,3.836,3.836,3.836,0.0,3.836,0
2022-04-01,3.893,3.893,3.893,3.893,0.0,3.893,0
2022-04-04,3.96,3.96,3.96,3.96,0.0,3.96,0
2022-04-05,3.978,3.978,3.978,3.978,0.0,3.978,0
2022-04-06,4.005,4.005,4.005,4.005,0.0,4.005,0
2022-04-07,4.032,4.032,4.032,4.032,0.0,4.032,0
2022-04-08,4.005,4.005,4.005,4.005,0.0,4.005,0
2022-04-11,4.054,4.054,4.054,4.054,0.0,4.054,0
2022-04-12,4.076,4.076,4.076,4.076,0.0,4.076,0
2022-04-13,4.114,4.114,4.114,4.114,0.0,4.114,0
2022-04-14,4.116,4.116,4.116,4.116,0.0,4.116,0
2022-04-18,4.131,4.131,4.131,4.131,0.0,4.131,0
2022-04-19,4.109,4.109,4.109,4.109,0.0,4.109,0
2022-04-20,4.1,4.1,4.1,4.1,0.0,4.1,0
2022-04-21,4.023,4.023,4.023,4.023,0.0,4.023,0
2022-04-22,3.85,3.85,3.85,3.85,0.0,3.85,0
2022-04-25,3.865,3.865,3.865,3.865,0.0,3.865,0
2022-04-26,3.93,3.93,3.93,3.93,0.0,3.93,0
2022-04-27,3.989,3.989,3.989,3.989,0.0,3.989,0
2022-04-28,4.0,4.0,4.0,4.0,0.0,4.0,0
2022-04-29,3.993,3.993,3.993,3.993,0.0,3.993,0
2022-05-02,3.983,3.983,3.983,3.983,0.0,3.983,0
2022-05-03,4.036,4.036,4.036,4.036,0.0,4.036,0
2022-05-04,4.086,4.086,4.086,4.086,0.0,4.086,0
2022-05-05,4.119,4.119,4.119,4.119,0.0,4.119,0
2022-05-06,4.085,4.085,4.085,4.085,0.0,4.085,0
2022-05-09,4.008,4.008,4.008,4.008,0.0,4.008,0
2022-05-10,4.046,4.046,4.046,4.046,0.0,4.046,0
2022-05-11,4.105,4.105,4.105,4.105,0.0,4.105,0
2022-05-12,4.115,4.115,4.115,4.115,0.0,4.115,0
2022-05-13,4.189,4.189,4.189,4.189,0.0,4.189,0
2022-05-16,4.219,4.219,4.219,4.219,0.0,4.219,0
2022-05-17,4.216,4.216,4.216,4.216,0.0,4.216,0
2022-05-18,4.234,4.234,4.234,4.234,0.0,4.234,0
2022-05-19,4.173,4.173,4.173,4.173,0.0,4.173,0
2022-05-20,4.182,4.182,4.182,4.182,0.0,4.182,0
2022-05-23,4.223,4.223,4.223,4.223,0.0,4.223,0
2022-05-24,4.202,4.202,4.202,4.202,0.0,4.202,0
2022-05-25,4.233,4.233,4.233,4.233,0.0,4.233,0
2022-05-26,4.262,4.262,4.262,4.262,0.0,4.262,0
2022-05-27,4.286,4.286,4.286,4.286,0.0,4.286,0
2022-05-31,4.217,4.217,4.217,4.217,0.0,4.217,0
2022-06-01,4.324,4.324,4.324,4.324,0.0,4.324,0
2022-06-02,4.309,4.309,4.309,4.309,0.0,4.309,0
2022-06-03,4.356,4.356,4.356,4.356,0.0,4.356,0
2022-06-06,4.34,4.34,4.34,4.34,0.0,4.34,0
2022-06-07,4.415,4.415,4.415,4.415,0.0,4.415,0
2022-06-08,4.47,4.47,4.47,4.47,0.0,4.47,0
2022-06-09,4.556,4.556,4.556,4.556,0.0,4.556,0
2022-06-10,4.593,4.593,4.593,4.593,0.0,4.593,0
2022-06-13,4.536,4.536,4.536,4.536,0.0,4.536,0
2022-06-14,4.458,4.458,4.458,4.458,0.0,4.458,0
2022-06-15,4.519,4.519,4.519,4.519,0.0,4.519,0
2022-06-16,4.533,4.533,4.533,4.533,0.0,4.533,0
2022-06-17,4.43,4.43,4.43,4.43,0.0,4.43,0
2022-06-21,4.417,4.417,4.417,4.417,0.0,4.417,0
2022-06-22,4.472,4.472,4.472,4.472,0.0,4.472,0
2022-06-23,4.466,4.466,4.466,4.466,0.0,4.466,0
2022-06-24,4.242,4.242,4.242,4.242,0.0,4.242,0
2022-06-27,4.284,4.284,4.284,4.284,0.0,4.284,0
2022-06-28,4.254,4.254,4.254,4.254,0.0,4.254,0
2022-06-29,4.204,4.204,4.204,4.204,0.0,4.204,0
2022-06-30,3.949,3.949,3.949,3.949,0.0,3.949,0
2022-07-01,4.037,4.037,4.037,4.037,0.0,4.037,0
2022-07-04,4.037,4.037,4.037,4.037,0.0,4.037,0
2022-07-05,3.887,3.887,3.887,3.887,0.0,3.887,0
2022-07-06,3.979,3.979,3.979,3.979,0.0,3.979,0
2022-07-07,4.068,4.068,4.068,4.068,0.0,4.068,0
2022-07-08,4.067,4.067,4.067,4.067,0.0,4.067,0
2022-07-11,4.101,4.101,4.101,4.101,0.0,4.101,0
2022-07-12,4.003,4.003,4.003,4.003,0.0,4.003,0
2022-07-13,4.065,4.065,4.065,4.065,0.0,4.065,0
2022-07-14,3.991,3.991,3.991,3.991,0.0,3.991,0
2022-07-15,4.065,4.065,4.065,4.065,0.0,4.065,0
2022-07-18,4.006,4.006,4.006,4.006,0.0,4.006,0
2022-07-19,4.033,4.033,4.033,4.033,0.0,4.033,0
2022-07-20,4.176,4.176,4.176,4.176,0.0,4.176,0
2022-07-21,4.081,4.081,4.081,4.081,0.0,4.081,0
2022-07-22,4.085,4.085,4.085,4.085,0.0,4.085,0
2022-07-25,4.141,4.141,4.141,4.141,0.0,4.141,0
2022-07-26,4.168,4.168,4.168,4.168,0.0,4.168,0
2022-07-27,4.166,4.166,4.166,4.166,0.0,4.166,0
2022-07-28,4.142,4.142,4.142,4.142,0.0,4.142,0
2022-07-29,4.197,4.197,4.197,4.197,0.0,4.197,0
2022-08-01,4.18,4.18,4.18,4.18,0.0,4.18,0
2022-08-02,4.182,4.182,4.182,4.182,0.0,4.182,0
2022-08-03,4.214,4.214,4.214,4.214,0.0,4.214,0
2022-08-04,4.183,4.183,4.183,4.183,0.0,4.183,0
2022-08-05,4.18,4.18,4.18,4.18,0.0,4.18,0
2022-08-08,4.142,4.142,4.142,4.142,0.0,4.142,0
2022-08-09,4.179,4.179,4.179,4.179,0.0,4.179,0
2022-08-10,4.209,4.209,4.209,4.209,0.0,4.209,0
2022-08-11,4.304,4.304,4.304,4.304,0.0,4.304,0
2022-08-12,4.292,4.292,4.292,4.292,0.0,4.292,0
2022-08-15,4.385,4.385,4.385,4.385,0.0,4.385,0
2022-08-16,4.424,4.424,4.424,4.424,0.0,4.424,0
2022-08-17,4.407,4.407,4.407,4.407,0.0,4.407,0
2022-08-18,4.413,4.413,4.413,4.413,0.0,4.413,0
2022-08-19,4.429,4.429,4.429,4.429,0.0,4.429,0
2022-08-22,4.488,4.488,4.488,4.488,0.0,4.488,0
2022-08-23,4.495,4.495,4.495,4.495,0.0,4.495,0
2022-08-24,4.541,4.541,4.541,4.541,0.0,4.541,0
2022-08-25,4.603,4.603,4.603,4.603,0.0,4.603,0
2022-08-26,4.645,4.645,4.645,4.645,0.0,4.645,0
2022-08-29,4.704,4.704,4.704,4.704,0.0,4.704,0
2022-08-30,4.711,4.711,4.711,4.711,0.0,4.711,0
2022-08-31,4.722,4.722,4.722,4.722,0.0,4.722,0
2022-09-01,4.79,4.79,4.79,4.79,0.0,4.79,0
2022-09-02,4.887,4.887,4.887,4.887,0.0,4.887,0
2022-09-05,4.887,4.887,4.887,4.887,0.0,4.887,0
2022-09-06,4.884,4.884,4.884,4.884,0.0,4.884,0
2022-09-07,4.842,4.842,4.842,4.842,0.0,4.842,0
2022-09-08,4.795,4.795,4.795,4.795,0.0,4.795,0
2022-09-09,4.846,4.846,4.846,4.846,0.0,4.846,0
2022-09-12,4.791,4.791,4.791,4.791,0.0,4.791,0
2022-09-13,4.82,4.82,4.82,4.82,0.0,4.82,0
2022-09-14,4.879,4.879,4.879,4.879,0.0,4.879,0
2022-09-15,4.833,4.833,4.833,4.833,0.0,4.833,0
2022-09-16,4.728,4.728,4.728,4.728,0.0,4.728,0
2022-09-19,4.684,4.684,4.684,4.684,0.0,4.684,0
2022-09-20,4.615,4.615,4.615,4.615,0.0,4.615,0
2022-09-21,4.447,4.447,4.447,4.447,0.0,4.447,0
2022-09-22,4.295,4.295,4.295,4.295,0.0,4.295,0
2022-09-23,4.301,4.301,4.301,4.301,0.0,4.301,0
2022-09-26,4.22,4.22,4.22,4.22,0.0,4.22,0
2022-09-27,4.157,4.157,4.157,4.157,0.0,4.157,0
2022-09-28,4.093,4.093,4.093,4.093,0.0,4.093,0
2022-09-29,4.078,4.078,4.078,4.078,0.0,4.078,0
2022-09-30,4.084,4.084,4.084,4.084,0.0,4.084,0
2022-10-03,3.973,3.973,3.973,3.973,0.0,3.973,0
2022-10-04,4.023,4.023,4.023,4.023,0.0,4.023,0
2022-10-05,4.02,4.02,4.02,4.02,0.0,4.02,0
2022-10-06,4.047,4.047,4.047,4.047,0.0,4.047,0
2022-10-07,4.047,4.047,4.047,4.047,0.0,4.047,0
2022-10-10,4.069,4.069,4.069,4.069,0.0,4.069,0
2022-10-11,4.107,4.107,4.107,4.107,0.0,4.107,0
2022-10-12,4.086,4.086,4.086,4.086,0.0,4.086,0
2022-10-13,4.079,4.079,4.079,4.079,0.0,4.079,0
2022-10-14,4.102,4.102,4.102,4.102,0.0,4.102,0
2022-10-17,4.075,4.075,4.075,4.075,0.0,4.075,0
2022-10-18,4.04,4.04,4.04,4.04,0.0,4.04,0
2022-10-19,4.015,4.015,4.015,4.015,0.0,4.015,0
2022-10-20,4.128,4.128,4.128,4.128,0.0,4.128,0
2022-10-21,4.082,4.082,4.082,4.082,0.0,4.082,0
2022-10-24,4.083,4.083,4.083,4.083,0.0,4.083,0
2022-10-25,4.098,4.098,4.098,4.098,0.0,4.098,0
2022-10-26,4.126,4.126,4.115,4.115,1.0,4.126,1
2022-10-27,4.1,4.108,4.1,4.108,1.0,4.1,1
2022-10-28,4.101,4.101,4.099,4.099,1.0,4.101,1
2022-10-31,4.093,4.093,4.093,4.093,0.0,4.093,0
2022-11-01,4.058,4.058,4.058,4.058,0.0,4.058,0
2022-11-02,4.122,4.122,4.122,4.122,0.0,4.122,0
2022-11-03,4.167,4.167,4.167,4.167,0.0,4.167,0
2022-11-04,4.281,4.281,4.281,4.281,0.0,4.281,0
2022-11-07,4.305,4.305,4.305,4.305,0.0,4.305,0
2022-11-08,4.265,4.265,4.265,4.265,0.0,4.265,0
2022-11-09,4.279,4.279,4.279,4.279,0.0,4.279,0
2022-11-10,4.279,4.279,4.279,4.279,0.0,4.279,0
2022-11-11,4.252,4.252,4.252,4.252,0.0,4.252,0
2022-11-14,4.221,4.221,4.221,4.221,0.0,4.221,0
2022-11-15,4.257,4.257,4.257,4.257,0.0,4.257,0
2022-11-16,4.242,4.242,4.242,4.242,0.0,4.242,0
2022-11-17,4.224,4.224,4.224,4.224,0.0,4.224,0
2022-11-18,4.178,4.178,4.178,4.178,0.0,4.178,0
2022-11-21,4.133,4.133,4.133,4.133,0.0,4.133,0
2022-11-22,4.117,4.117,4.117,4.117,0.0,4.117,0
2022-11-23,4.126,4.126,4.126,4.126,0.0,4.126,0
2022-11-24,4.126,4.126,4.126,4.126,0.0,4.126,0
2022-11-25,4.12,4.12,4.12,4.12,0.0,4.12,0
2022-11-28,4.169,4.169,4.169,4.169,0.0,4.169,0
2022-11-29,4.167,4.167,4.167,4.167,0.0,4.167,0
2022-11-30,4.154,4.154,4.154,4.154,0.0,4.154,0
2022-12-01,4.134,4.134,4.134,4.134,0.0,4.134,0
2022-12-02,4.13,4.13,4.13,4.13,0.0,4.13,0
2022-12-05,4.138,4.138,4.138,4.138,0.0,4.138,0
2022-12-06,4.151,4.151,4.151,4.151,0.0,4.151,0
2022-12-07,4.156,4.156,4.156,4.156,0.0,4.156,0
2022-12-08,4.216,4.216,4.216,4.216,0.0,4.216,0
2022-12-09,4.22,4.22,4.22,4.22,0.0,4.22,0
2022-12-12,4.284,4.284,4.284,4.284,0.0,4.284,0
2022-12-13,4.272,4.272,4.272,4.272,0.0,4.272,0
2022-12-14,4.245,4.245,4.245,4.245,0.0,4.245,0
2022-12-15,4.286,4.286,4.286,4.286,0.0,4.286,0
2022-12-16,4.374,4.374,4.374,4.374,0.0,4.374,0
2022-12-19,4.358,4.358,4.358,4.358,0.0,4.358,0
2022-12-20,4.353,4.353,4.353,4.353,0.0,4.353,0
2022-12-21,4.265,4.265,4.265,4.265,0.0,4.265,0
2022-12-22,4.182,4.182,4.182,4.182,0.0,4.182,0
2022-12-23,4.195,4.195,4.195,4.195,0.0,4.195,0
2022-12-27,4.281,4.281,4.281,4.281,0.0,4.281,0
2022-12-28,4.203,4.203,4.203,4.203,0.0,4.203,0
2022-12-29,4.194,4.194,4.194,4.194,0.0,4.194,0
2022-12-30,4.203,4.203,4.203,4.203,0.0,4.203,0
2023-01-03,4.149,4.149,4.149,4.149,0.0,4.149,0
2023-01-04,4.152,4.152,4.152,4.152,0.0,4.152,0
2023-01-05,4.074,4.074,4.074,4.074,0.0,4.074,0
2023-01-06,4.018,4.018,4.018,4.018,0.0,4.018,0
2023-01-09,4.026,4.026,4.026,4.026,0.0,4.026,0
2023-01-10,4.05,4.05,4.05,4.05,0.0,4.05,0
2023-01-11,4.016,4.016,4.016,4.016,0.0,4.016,0
2023-01-12,4.015,4.015,4.015,4.015,0.0,4.015,0
2023-01-13,4.024,4.024,4.024,4.024,0.0,4.024,0
2023-01-16,4.024,4.024,4.024,4.024,0.0,4.024,0
2023-01-17,4.04,4.04,4.04,4.04,0.0,4.04,0
2023-01-18,4.063,4.063,4.063,4.063,0.0,4.063,0
2023-01-19,4.103,4.103,4.103,4.103,0.0,4.103,0
2023-01-20,4.067,4.067,4.067,4.067,0.0,4.067,0
2023-01-23,4.056,4.056,4.056,4.056,0.0,4.056,0
2023-01-24,4.025,4.025,4.025,4.025,0.0,4.025,0
2023-01-25,3.968,3.968,3.968,3.968,0.0,3.968,0
2023-01-26,3.975,3.975,3.975,3.975,0.0,3.975,0
2023-01-27,3.966,3.966,3.966,3.966,0.0,3.966,0
2023-01-30,3.887,3.887,3.887,3.887,0.0,3.887,0
2023-01-31,3.898,3.898,3.898,3.898,0.0,3.898,0
2023-02-01,3.746,3.746,3.746,3.746,0.0,3.746,0
2023-02-02,3.726,3.726,3.726,3.726,0.0,3.726,0
2023-02-03,3.642,3.642,3.642,3.642,0.0,3.642,0
2023-02-10,3.648,3.648,3.648,3.648,0.0,3.648,0
2023-02-13,3.591,3.591,3.591,3.591,0.0,3.591,0
2023-02-14,3.592,3.592,3.592,3.592,0.0,3.592,0
2023-02-15,3.587,3.587,3.587,3.587,0.0,3.587,0
2023-02-16,3.587,3.587,3.587,3.587,0.0,3.587,0
2023-02-17,3.573,3.573,3.573,3.573,0.0,3.573,0
2023-02-20,3.573,3.573,3.573,3.573,0.0,3.573,0
2023-02-21,3.573,3.573,3.573,3.573,0.0,3.573,0
2023-02-22,3.584,3.584,3.584,3.584,0.0,3.584,0
2023-02-23,3.618,3.618,3.618,3.618,0.0,3.618,0
2023-02-24,3.677,3.677,3.677,3.677,0.0,3.677,0
2023-02-27,3.719,3.719,3.719,3.719,0.0,3.719,0
2023-02-28,3.767,3.767,3.767,3.767,0.0,3.767,0
2023-03-01,3.848,3.848,3.848,3.848,0.0,3.848,0
2023-03-02,3.856,3.856,3.856,3.856,0.0,3.856,0
2023-03-03,3.896,3.896,3.896,3.896,0.0,3.896,0
2023-03-06,3.93,3.93,3.93,3.93,0.0,3.93,0
2023-03-07,3.96,3.96,3.96,3.96,0.0,3.96,0
2023-03-08,3.948,3.948,3.948,3.948,0.0,3.948,0
2023-03-09,3.742,3.742,3.742,3.742,0.0,3.742,0
2023-03-10,3.843,3.843,3.843,3.843,0.0,3.843,0
2023-03-13,3.854,3.854,3.854,3.854,0.0,3.854,0
2023-03-14,3.935,3.935,3.935,3.935,0.0,3.935,0
2023-03-15,3.938,3.938,3.938,3.938,0.0,3.938,0
2023-03-16,3.98,3.98,3.98,3.98,0.0,3.98,0
2023-03-17,3.973,3.973,3.973,3.973,0.0,3.973,0
2023-03-20,3.932,3.932,3.932,3.932,0.0,3.932,0
2023-03-21,3.981,3.981,3.981,3.981,0.0,3.981,0
2023-03-22,3.935,3.935,3.935,3.935,0.0,3.935,0
2023-03-23,3.97,3.97,3.97,3.97,0.0,3.97,0
2023-03-24,3.931,3.931,3.931,3.931,0.0,3.931,0
2023-03-27,3.91,3.91,3.91,3.91,0.0,3.91,0
2023-03-28,3.868,3.868,3.868,3.868,0.0,3.868,0
2023-03-29,3.86,3.865,3.86,3.865,42.0,3.86,1
2023-03-30,3.873,3.873,3.873,3.873,0.0,3.873,0
2023-03-31,3.866,3.866,3.866,3.866,0.0,3.866,0
2023-04-03,3.874,3.874,3.874,3.874,0.0,3.874,0
2023-04-04,3.886,3.886,3.886,3.886,0.0,3.886,0
2023-04-05,3.859,3.859,3.859,3.859,0.0,3.859,0
2023-04-06,3.815,3.815,3.815,3.815,0.0,3.815,0
2023-04-10,3.877,3.877,3.877,3.877,0.0,3.877,0
2023-04-11,3.887,3.887,3.887,3.887,0.0,3.887,0
2023-04-12,3.813,3.813,3.813,3.813,0.0,3.813,0
2023-04-13,3.781,3.781,3.781,3.781,0.0,3.781,0
2023-04-14,3.801,3.801,3.801,3.801,0.0,3.801,0
2023-04-17,3.867,3.867,3.867,3.867,0.0,3.867,0
2023-04-18,3.865,3.865,3.865,3.865,0.0,3.865,0
2023-04-19,3.887,3.887,3.887,3.887,0.0,3.887,0
2023-04-20,3.919,3.919,3.919,3.919,0.0,3.919,0
2023-04-21,3.926,3.926,3.926,3.926,0.0,3.926,0
2023-04-24,3.937,3.937,3.937,3.937,0.0,3.937,0
2023-04-25,3.935,3.935,3.935,3.935,0.0,3.935,0
2023-04-26,3.928,3.928,3.928,3.928,0.0,3.928,0
2023-04-27,3.932,3.932,3.932,3.932,0.0,3.932,0
2023-04-28,3.951,3.951,3.951,3.951,0.0,3.951,0
2023-05-01,3.908,3.908,3.908,3.908,0.0,3.908,0
2023-05-02,3.904,3.904,3.904,3.904,0.0,3.904,0
2023-05-03,3.926,3.926,3.926,3.926,0.0,3.926,0
2023-05-04,3.933,3.933,3.933,3.933,0.0,3.933,0
2023-05-05,3.918,3.918,3.918,3.918,0.0,3.918,0
2023-05-08,3.886,3.886,3.886,3.886,0.0,3.886,0
2023-05-09,3.869,3.869,3.869,3.869,0.0,3.869,0
2023-05-10,3.885,3.885,3.885,3.885,0.0,3.885,0
2023-05-11,3.826,3.826,3.826,3.826,0.0,3.826,0
2023-05-12,3.803,3.803,3.803,3.803,0.0,3.803,0
2023-05-15,3.807,3.807,3.807,3.807,0.0,3.807,0
2023-05-16,3.793,3.793,3.793,3.793,0.0,3.793,0
2023-05-17,3.717,3.717,3.717,3.717,0.0,3.717,0
2023-05-18,3.697,3.697,3.697,3.697,0.0,3.697,0
2023-05-19,3.645,3.645,3.645,3.645,0.0,3.645,0
2023-05-22,3.635,3.635,3.635,3.635,0.0,3.635,0
2023-05-23,3.623,3.623,3.623,3.623,0.0,3.623,0
2023-05-24,3.678,3.678,3.678,3.678,0.0,3.678,0
2023-05-25,3.638,3.638,3.638,3.638,0.0,3.638,0
2023-05-26,3.666,3.666,3.666,3.666,0.0,3.666,0
2023-05-29,3.666,3.666,3.666,3.666,0.0,3.666,0
2023-05-30,3.626,3.626,3.626,3.626,0.0,3.626,0
2023-05-31,3.591,3.591,3.591,3.591,0.0,3.591,0
2023-06-01,3.449,3.449,3.449,3.449,0.0,3.449,0
2023-06-02,3.489,3.489,3.489,3.489,0.0,3.489,0
2023-06-05,3.559,3.559,3.559,3.559,0.0,3.559,0
2023-06-06,3.556,3.556,3.556,3.556,0.0,3.556,0
2023-06-07,3.53,3.53,3.53,3.53,0.0,3.53,0
2023-06-08,3.501,3.501,3.501,3.501,0.0,3.501,0
2023-06-09,3.506,3.506,3.506,3.506,0.0,3.506,0
2023-06-12,3.503,3.503,3.503,3.503,0.0,3.503,0
2023-06-13,3.468,3.468,3.468,3.468,0.0,3.468,0
2023-06-14,3.481,3.481,3.481,3.481,0.0,3.481,0
2023-06-15,3.453,3.453,3.453,3.453,0.0,3.453,0
2023-06-16,3.429,3.429,3.429,3.429,0.0,3.429,0
2023-06-19,3.429,3.429,3.429,3.429,0.0,3.429,0
2023-06-20,3.476,3.476,3.476,3.476,0.0,3.476,0
2023-06-21,3.542,3.542,3.542,3.542,0.0,3.542,0
2023-06-22,3.56,3.56,3.56,3.56,0.0,3.56,0
2023-06-23,3.454,3.454,3.454,3.454,0.0,3.454,0
2023-06-26,3.428,3.428,3.428,3.428,0.0,3.428,0
2023-06-27,3.502,3.502,3.502,3.502,0.0,3.502,0
2023-06-28,3.334,3.334,3.334,3.334,0.0,3.334,0
2023-06-29,3.293,3.293,3.293,3.293,0.0,3.293,0
2023-06-30,3.294,3.294,3.294,3.294,0.0,3.294,0
2023-07-03,3.295,3.295,3.295,3.295,0.0,3.295,0
2023-07-04,3.295,3.295,3.295,3.295,0.0,3.295,0
2023-07-05,3.285,3.285,3.285,3.285,0.0,3.285,0
2023-07-06,3.287,3.287,3.287,3.287,0.0,3.287,0
2023-07-07,3.333,3.333,3.333,3.333,0.0,3.333,0
2023-07-10,3.377,3.377,3.377,3.377,0.0,3.377,0
2023-07-11,3.446,3.446,3.446,3.446,0.0,3.446,0
2023-07-12,3.512,3.512,3.512,3.512,0.0,3.512,0
2023-07-13,3.409,3.409,3.409,3.409,0.0,3.409,0
2023-07-14,3.466,3.466,3.466,3.466,0.0,3.466,0
2023-07-17,3.477,3.477,3.477,3.477,0.0,3.477,0
2023-07-18,3.536,3.536,3.536,3.536,0.0,3.536,0
2023-07-19,3.532,3.532,3.532,3.532,0.0,3.532,0
2023-07-20,3.519,3.519,3.519,3.519,0.0,3.519,0
2023-07-21,3.537,3.537,3.537,3.537,0.0,3.537,0
2023-07-24,3.578,3.578,3.578,3.578,0.0,3.578,0
2023-07-25,3.592,3.592,3.592,3.592,0.0,3.592,0
2023-07-26,3.61,3.61,3.61,3.61,0.0,3.61,0
2023-07-27,3.601,3.601,3.601,3.601,0.0,3.601,0
2023-07-28,3.61,3.61,3.61,3.61,0.0,3.61,0
2023-07-31,3.539,3.539,3.539,3.539,0.0,3.539,0
2023-08-01,3.449,3.449,3.449,3.449,0.0,3.449,0
2023-08-02,3.466,3.466,3.466,3.466,0.0,3.466,0
2023-08-03,3.446,3.446,3.446,3.446,0.0,3.446,0
2023-08-04,3.454,3.454,3.454,3.454,0.0,3.454,0
2023-08-07,3.515,3.515,3.515,3.515,0.0,3.515,0
2023-08-08,3.563,3.563,3.563,3.563,0.0,3.563,0
2023-08-09,3.525,3.525,3.525,3.525,0.0,3.525,0
2023-08-10,3.51,3.51,3.51,3.51,0.0,3.51,0
2023-08-11,3.538,3.538,3.538,3.538,0.0,3.538,0
2023-08-14,3.485,3.485,3.485,3.485,0.0,3.485,0
2023-08-15,3.558,3.558,3.558,3.558,0.0,3.558,0
2023-08-16,3.57,3.57,3.57,3.57,0.0,3.57,0
2023-08-17,3.539,3.539,3.539,3.539,0.0,3.539,0
2023-08-18,3.514,3.514,3.514,3.514,0.0,3.514,0
2023-08-21,3.573,3.573,3.573,3.573,0.0,3.573,0
2023-08-22,3.526,3.526,3.526,3.526,0.0,3.526,0
2023-08-23,3.47,3.602,3.47,3.602,1.0,3.47,1
2023-08-24,3.46,3.46,3.46,3.46,0.0,3.46,0
2023-08-25,3.441,3.441,3.441,3.441,0.0,3.441,0
2023-08-28,3.43,3.43,3.43,3.43,0.0,3.43,0
2023-08-29,3.407,3.407,3.407,3.407,0.0,3.407,0
2023-08-30,3.462,3.462,3.462,3.462,0.0,3.462,0
2023-08-31,3.476,3.476,3.476,3.476,0.0,3.476,0
2023-09-01,3.475,3.475,3.475,3.475,0.0,3.475,0
2023-09-04,3.475,3.475,3.475,3.475,0.0,3.475,0
2023-09-05,3.421,3.421,3.421,3.421,0.0,3.421,0
2023-09-06,3.435,3.435,3.435,3.435,0.0,3.435,0
2023-09-07,3.468,3.468,3.468,3.468,0.0,3.468,0
2023-09-08,3.474,3.474,3.474,3.474,0.0,3.474,0
2023-09-11,3.366,3.366,3.366,3.366,0.0,3.366,0
2023-09-12,3.396,3.396,3.396,3.396,0.0,3.396,0
2023-09-13,3.457,3.457,3.457,3.457,0.0,3.457,0
2023-09-14,3.421,3.421,3.421,3.421,0.0,3.421,0
2023-09-15,3.436,3.436,3.436,3.436,0.0,3.436,0
2023-09-18,3.478,3.478,3.478,3.478,0.0,3.478,0
2023-09-19,3.421,3.421,3.421,3.421,0.0,3.421,0
2023-09-20,3.477,3.477,3.477,3.477,0.0,3.477,0
2023-09-21,3.49,3.49,3.49,3.49,0.0,3.49,0
2023-09-22,3.501,3.501,3.501,3.501,0.0,3.501,0
2023-09-25,3.559,3.559,3.559,3.559,0.0,3.559,0
2023-09-26,3.514,3.514,3.514,3.514,0.0,3.514,0
2023-09-27,3.467,3.467,3.467,3.467,0.0,3.467,0
2023-09-28,3.474,3.474,3.474,3.474,0.0,3.474,0
2023-09-29,3.476,3.476,3.476,3.476,0.0,3.476,0
2023-10-02,3.479,3.479,3.479,3.479,0.0,3.479,0
2023-10-03,3.566,3.566,3.566,3.566,0.0,3.566,0
2023-10-04,3.488,3.488,3.488,3.488,0.0,3.488,0
2023-10-05,3.447,3.447,3.447,3.447,0.0,3.447,0
2023-10-06,3.436,3.436,3.436,3.436,0.0,3.436,0
2023-10-09,3.437,3.437,3.437,3.437,0.0,3.437,0
2023-10-10,3.439,3.439,3.439,3.439,0.0,3.439,0
2023-10-11,3.468,3.468,3.468,3.468,0.0,3.468,0
2023-10-12,3.519,3.519,3.519,3.519,0.0,3.519,0
2023-10-13,3.506,3.506,3.506,3.506,0.0,3.506,0
2023-10-16,3.486,3.486,3.486,3.486,0.0,3.486,0
2023-10-17,3.469,3.469,3.469,3.469,0.0,3.469,0
2023-10-18,3.464,3.464,3.464,3.464,0.0,3.464,0
2023-10-19,3.483,3.483,3.483,3.483,0.0,3.483,0
2023-10-20,3.489,3.489,3.489,3.489,0.0,3.489,0
2023-10-23,3.493,3.493,3.493,3.493,0.0,3.493,0
2023-10-24,3.498,3.498,3.498,3.498,0.0,3.498,0
2023-10-25,3.506,3.506,3.506,3.506,0.0,3.506,0
2023-10-26,3.491,3.491,3.491,3.491,0.0,3.491,0
2023-10-27,3.479,3.479,3.479,3.479,0.0,3.479,0
2023-10-30,3.47,3.47,3.47,3.47,0.0,3.47,0
2023-10-31,3.488,3.488,3.488,3.488,0.0,3.488,0
2023-11-01,3.586,3.586,3.586,3.586,0.0,3.586,0
2023-11-02,3.646,3.646,3.646,3.646,0.0,3.646,0
2023-11-03,3.575,3.575,3.575,3.575,0.0,3.575,0
2023-11-06,3.6,3.6,3.6,3.6,0.0,3.6,0
2023-11-07,3.631,3.631,3.631,3.631,0.0,3.631,0
2023-11-08,3.548,3.548,3.548,3.548,0.0,3.548,0
2023-11-09,3.558,3.558,3.558,3.558,0.0,3.558,0
2023-11-10,3.522,3.522,3.522,3.522,0.0,3.522,0
2023-11-13,3.57,3.57,3.57,3.57,0.0,3.57,0
2023-11-14,3.55,3.55,3.55,3.55,0.0,3.55,0
2023-11-15,3.59,3.59,3.59,3.59,0.0,3.59,0
2023-11-16,3.571,3.571,3.571,3.571,0.0,3.571,0
2023-11-17,3.571,3.574,3.571,3.574,1.0,3.571,1
2023-11-20,3.561,3.561,3.561,3.561,0.0,3.561,0
2023-11-21,3.536,3.536,3.536,3.536,0.0,3.536,0
2023-11-22,3.511,3.511,3.511,3.511,0.0,3.511,0
2023-11-23,3.511,3.511,3.511,3.511,0.0,3.511,0
2023-11-24,3.571,3.571,3.571,3.571,0.0,3.571,0
2023-11-27,3.586,3.586,3.586,3.586,0.0,3.586,0
2023-11-28,3.494,3.494,3.494,3.494,0.0,3.494,0
2023-11-29,3.469,3.469,3.469,3.469,0.0,3.469,0
2023-11-30,3.442,3.442,3.442,3.442,0.0,3.442,0
2023-12-01,3.458,3.458,3.458,3.458,0.0,3.458,0
2023-12-04,3.424,3.424,3.424,3.424,0.0,3.424,0
2023-12-05,3.389,3.389,3.389,3.389,0.0,3.389,0
2023-12-06,3.285,3.285,3.285,3.285,0.0,3.285,0
2023-12-07,3.284,3.284,3.284,3.284,0.0,3.284,0
2023-12-08,3.272,3.272,3.272,3.272,0.0,3.272,0
2023-12-11,3.267,3.267,3.267,3.267,0.0,3.267,0
2023-12-12,3.306,3.306,3.306,3.306,0.0,3.306,0
2023-12-13,3.347,3.347,3.347,3.347,0.0,3.347,0
2023-12-14,3.421,3.421,3.421,3.421,0.0,3.421,0
2023-12-15,3.48,3.48,3.48,3.48,0.0,3.48,0
2023-12-18,3.472,3.472,3.472,3.472,0.0,3.472,0
2023-12-19,3.434,3.434,3.434,3.434,0.0,3.434,0
2023-12-20,3.483,3.483,3.483,3.483,0.0,3.483,0
2023-12-21,3.425,3.425,3.425,3.425,0.0,3.425,0
2023-12-22,3.376,3.376,3.376,3.376,0.0,3.376,0
2023-12-26,3.335,3.335,3.335,3.335,0.0,3.335,0
2023-12-27,3.354,3.354,3.354,3.354,0.0,3.354,0
2023-12-28,3.372,3.372,3.372,3.372,0.0,3.372,0
2023-12-29,3.408,3.408,3.408,3.408,0.0,3.408,0
2024-01-02,3.377,3.377,3.377,3.377,0.0,3.377,0
2024-01-03,3.407,3.407,3.407,3.407,0.0,3.407,0
2024-01-04,3.382,3.382,3.382,3.382,0.0,3.382,0
2024-01-05,3.452,3.452,3.452,3.452,0.0,3.452,0
2024-01-08,3.462,3.462,3.462,3.462,0.0,3.462,0
2024-01-09,3.517,3.517,3.517,3.517,0.0,3.517,0
2024-01-10,3.467,3.467,3.467,3.467,0.0,3.467,0
2024-01-11,3.433,3.433,3.433,3.433,0.0,3.433,0
2024-01-12,3.429,3.429,3.429,3.429,0.0,3.429,0
2024-01-15,3.429,3.429,3.429,3.429,0.0,3.429,0
2024-01-16,3.411,3.411,3.411,3.411,0.0,3.411,0
2024-01-17,3.452,3.452,3.452,3.452,0.0,3.452,0
2024-01-18,3.452,3.452,3.452,3.452,0.0,3.452,0
2024-01-19,3.401,3.401,3.401,3.401,0.0,3.401,0
2024-01-22,3.33,3.33,3.33,3.33,0.0,3.33,0
2024-01-23,3.453,3.453,3.453,3.453,0.0,3.453,0
2024-01-24,3.426,3.426,3.426,3.426,0.0,3.426,0
2024-01-25,3.326,3.326,3.326,3.326,0.0,3.326,0
2024-01-26,3.344,3.344,3.344,3.344,0.0,3.344,0
2024-01-29,3.328,3.328,3.328,3.328,0.0,3.328,0
2024-01-30,3.307,3.307,3.307,3.307,0.0,3.307,0
2024-01-31,3.336,3.336,3.336,3.336,0.0,3.336,0
2024-02-01,3.33,3.33,3.33,3.33,0.0,3.33,0
2024-02-02,3.395,3.395,3.395,3.395,0.0,3.395,0
2024-02-05,3.372,3.372,3.372,3.372,0.0,3.372,0
2024-02-06,3.365,3.365,3.365,3.365,0.0,3.365,0
2024-02-07,3.365,3.365,3.365,3.365,0.0,3.365,0
2024-02-08,3.353,3.353,3.353,3.353,0.0,3.353,0
2024-02-09,3.352,3.352,3.352,3.352,0.0,3.352,0
2024-02-12,3.333,3.333,3.333,3.333,0.0,3.333,0
2024-02-13,3.364,3.364,3.364,3.364,0.0,3.364,0
2024-02-14,3.336,3.336,3.336,3.336,0.0,3.336,0
2024-02-15,3.309,3.309,3.309,3.309,0.0,3.309,0
2024-02-16,3.289,3.289,3.289,3.289,0.0,3.289,0
2024-02-19,3.289,3.289,3.289,3.289,0.0,3.289,0
2024-02-20,3.279,3.279,3.279,3.279,0.0,3.279,0
2024-02-21,3.31,3.31,3.31,3.31,0.0,3.31,0
2024-02-22,3.36,3.36,3.36,3.36,0.0,3.36,0
2024-02-23,3.313,3.313,3.313,3.313,0.0,3.313,0
2024-02-26,3.317,3.317,3.317,3.317,0.0,3.317,0
2024-02-27,3.321,3.321,3.321,3.321,0.0,3.321,0
2024-02-28,3.341,3.341,3.341,3.341,0.0,3.341,0
2024-02-29,3.346,3.346,3.346,3.346,0.0,3.346,0
2024-03-01,3.335,3.335,3.335,3.335,0.0,3.335,0
2024-03-04,3.338,3.338,3.338,3.338,0.0,3.338,0
2024-03-05,3.354,3.354,3.354,3.354,0.0,3.354,0
2024-03-06,3.364,3.364,3.359,3.359,1.0,3.364,1
2024-03-07,3.363,3.363,3.363,3.363,0.0,3.363,0
2024-03-08,3.386,3.386,3.386,3.386,0.0,3.386,0
2024-03-11,3.402,3.402,3.402,3.402,0.0,3.402,0
2024-03-12,3.383,3.383,3.383,3.383,0.0,3.383,0
2024-03-13,3.38,3.38,3.38,3.38,0.0,3.38,0
2024-03-14,3.385,3.385,3.385,3.385,0.0,3.385,0
2024-03-15,3.376,3.376,3.376,3.376,0.0,3.376,0
2024-03-18,3.384,3.384,3.384,3.384,0.0,3.384,0
2024-03-19,3.404,3.404,3.404,3.404,0.0,3.404,0
2024-03-20,3.383,3.383,3.383,3.383,0.0,3.383,0
2024-03-21,3.375,3.375,3.375,3.375,0.0,3.375,0
2024-03-22,3.417,3.417,3.417,3.417,0.0,3.417,0
2024-03-25,3.349,3.349,3.349,3.349,0.0,3.349,0
2024-03-26,3.387,3.387,3.387,3.387,0.0,3.387,0
2024-03-27,3.372,3.372,3.372,3.372,0.0,3.372,0
2024-03-28,3.411,3.411,3.411,3.411,0.0,3.411,0
2024-04-01,3.413,3.413,3.413,3.413,0.0,3.413,0
2024-04-02,3.462,3.462,3.462,3.462,0.0,3.462,0
2024-04-03,3.428,3.428,3.428,3.428,0.0,3.428,0
2024-04-04,3.426,3.426,3.426,3.426,0.0,3.426,0
2024-04-05,3.433,3.433,3.433,3.433,0.0,3.433,0
2024-04-08,3.438,3.438,3.427,3.427,1.0,3.438,1
2024-04-09,3.415,3.415,3.415,3.415,0.0,3.415,0
2024-04-10,3.443,3.443,3.443,3.443,0.0,3.443,0
2024-04-11,3.528,3.528,3.528,3.528,0.0,3.528,0
2024-04-12,3.573,3.573,3.573,3.573,0.0,3.573,0
2024-04-15,3.617,3.617,3.617,3.617,0.0,3.617,0
2024-04-16,3.617,3.644,3.617,3.644,1.0,3.617,1
2024-04-17,3.602,3.602,3.602,3.602,0.0,3.602,0
2024-04-18,3.593,3.593,3.593,3.593,0.0,3.593,0
2024-04-19,3.592,3.592,3.592,3.592,0.0,3.592,0
2024-04-22,3.62,3.62,3.62,3.62,0.0,3.62,0
2024-04-23,3.625,3.625,3.625,3.625,0.0,3.625,0
2024-04-24,3.61,3.61,3.61,3.61,0.0,3.61,0
2024-04-25,3.627,3.627,3.627,3.627,0.0,3.627,0
2024-04-26,3.617,3.617,3.617,3.617,0.0,3.617,0
2024-04-29,3.621,3.621,3.621,3.621,0.0,3.621,0
2024-04-30,3.648,3.648,3.648,3.648,0.0,3.648,0
2024-05-01,3.646,3.646,3.646,3.646,0.0,3.646,0
2024-05-02,3.646,3.646,3.646,3.646,0.0,3.646,0
2024-05-03,3.614,3.614,3.614,3.614,0.0,3.614,0
2024-05-06,3.627,3.627,3.627,3.627,0.0,3.627,0
2024-05-07,3.57,3.57,3.57,3.57,0.0,3.57,0
2024-05-08,3.493,3.493,3.493,3.493,0.0,3.493,0
2024-05-09,3.446,3.446,3.446,3.446,0.0,3.446,0
2024-05-10,3.493,3.493,3.493,3.493,0.0,3.493,0
2024-05-13,3.508,3.508,3.508,3.508,0.0,3.508,0
2024-05-14,3.521,3.521,3.521,3.521,0.0,3.521,0
2024-05-15,3.538,3.538,3.538,3.538,0.0,3.538,0
2024-05-16,3.568,3.568,3.568,3.568,0.0,3.568,0
2024-05-17,3.617,3.617,3.617,3.617,0.0,3.617,0
2024-05-20,3.606,3.606,3.606,3.606,0.0,3.606,0
2024-05-21,3.636,3.636,3.636,3.636,0.0,3.636,0
2024-05-22,3.615,3.615,3.615,3.615,0.0,3.615,0
2024-05-23,3.591,3.591,3.591,3.591,0.0,3.591,0
2024-05-24,3.581,3.581,3.581,3.581,0.0,3.581,0
2024-05-27,3.581,3.581,3.581,3.581,0.0,3.581,0
2024-05-28,3.585,3.585,3.585,3.585,0.0,3.585,0
2024-05-29,3.527,3.527,3.527,3.527,0.0,3.527,0
2024-05-30,3.509,3.509,3.509,3.509,0.0,3.509,0
2024-05-31,3.487,3.487,3.487,3.487,0.0,3.487,0
2024-06-03,3.5,3.5,3.5,3.5,0.0,3.5,0
2024-06-04,3.476,3.476,3.476,3.476,0.0,3.476,0
2024-06-05,3.485,3.485,3.456,3.456,1.0,3.485,1
2024-06-06,3.526,3.526,3.526,3.526,0.0,3.526,0
2024-06-07,3.502,3.502,3.502,3.502,0.0,3.502,0
2024-06-10,3.519,3.519,3.519,3.519,0.0,3.519,0
2024-06-11,3.544,3.544,3.544,3.544,0.0,3.544,0
2024-06-12,3.536,3.536,3.536,3.536,0.0,3.536,0
2024-06-13,3.485,3.485,3.485,3.485,0.0,3.485,0
2024-06-14,3.512,3.512,3.512,3.512,0.0,3.512,0
2024-06-17,3.499,3.499,3.499,3.499,0.0,3.499,0
2024-06-18,3.54,3.54,3.54,3.54,0.0,3.54,0
2024-06-19,3.54,3.54,3.54,3.54,0.0,3.54,0
2024-06-20,3.498,3.498,3.498,3.498,0.0,3.498,0
2024-06-21,3.431,3.431,3.431,3.431,0.0,3.431,0
2024-06-24,3.442,3.442,3.442,3.442,0.0,3.442,0
2024-06-25,3.427,3.427,3.427,3.427,0.0,3.427,0
2024-06-26,3.446,3.446,3.446,3.446,0.0,3.446,0
2024-06-27,3.374,3.374,3.374,3.374,0.0,3.374,0
2024-06-28,3.416,3.416,3.416,3.416,0.0,3.416,0
2024-07-01,3.399,3.399,3.399,3.399,0.0,3.399,0
2024-07-02,3.394,3.394,3.394,3.394,0.0,3.394,0
2024-07-03,3.353,3.353,3.353,3.353,0.0,3.353,0
2024-07-04,3.353,3.353,3.353,3.353,0.0,3.353,0
2024-07-05,3.341,3.341,3.341,3.341,0.0,3.341,0
2024-07-08,3.363,3.363,3.363,3.363,0.0,3.363,0
2024-07-09,3.372,3.372,3.372,3.372,0.0,3.372,0
2024-07-10,3.332,3.332,3.332,3.332,0.0,3.332,0
2024-07-11,3.324,3.324,3.324,3.324,0.0,3.324,0
2024-07-12,3.332,3.332,3.332,3.332,0.0,3.332,0
2024-07-15,3.33,3.33,3.33,3.33,0.0,3.33,0
2024-07-16,3.331,3.331,3.331,3.331,0.0,3.331,0
2024-07-17,3.286,3.286,3.286,3.286,0.0,3.286,0
2024-07-18,3.27,3.27,3.27,3.27,0.0,3.27,0
2024-07-19,3.294,3.294,3.294,3.294,0.0,3.294,0
2024-07-22,3.319,3.319,3.319,3.319,0.0,3.319,0
2024-07-23,3.294,3.294,3.294,3.294,0.0,3.294,0
2024-07-24,3.275,3.275,3.275,3.275,0.0,3.275,0
2024-07-25,3.244,3.244,3.244,3.244,0.0,3.244,0
2024-07-26,3.26,3.26,3.26,3.26,0.0,3.26,0
2024-07-29,3.226,3.226,3.226,3.226,0.0,3.226,0
2024-07-30,3.226,3.226,3.226,3.226,0.0,3.226,0
2024-07-31,3.19,3.19,3.19,3.19,0.0,3.19,0
2024-08-01,3.177,3.177,3.177,3.177,0.0,3.177,0
2024-08-02,3.144,3.144,3.144,3.144,0.0,3.144,0
2024-08-05,3.113,3.113,3.113,3.113,0.0,3.113,0
2024-08-06,3.109,3.109,3.109,3.109,0.0,3.109,0
2024-08-07,3.107,3.107,3.107,3.107,0.0,3.107,0
2024-08-08,3.148,3.148,3.148,3.148,0.0,3.148,0
2024-08-09,3.193,3.193,3.193,3.193,0.0,3.193,0
2024-08-12,3.191,3.191,3.191,3.191,0.0,3.191,0
2024-08-13,3.189,3.189,3.189,3.189,0.0,3.189,0
2024-08-14,3.158,3.158,3.158,3.158,0.0,3.158,0
2024-08-15,3.158,3.158,3.158,3.158,0.0,3.158,0
2024-08-16,3.156,3.156,3.156,3.156,0.0,3.156,0
2024-08-19,3.178,3.178,3.178,3.178,0.0,3.178,0
2024-08-20,3.197,3.197,3.197,3.197,0.0,3.197,0
2024-08-21,3.179,3.179,3.179,3.179,0.0,3.179,0
2024-08-22,3.226,3.226,3.226,3.226,0.0,3.226,0
2024-08-23,3.253,3.253,3.253,3.253,0.0,3.253,0
2024-08-26,3.313,3.313,3.313,3.313,0.0,3.313,0
2024-08-27,3.308,3.308,3.282,3.282,1.0,3.308,1
2024-08-28,3.238,3.238,3.238,3.238,0.0,3.238,0
2024-08-29,3.229,3.229,3.229,3.229,0.0,3.229,0
2024-08-30,3.222,3.222,3.222,3.222,0.0,3.222,0
2024-09-02,3.222,3.222,3.222,3.222,0.0,3.222,0
2024-09-03,3.245,3.245,3.245,3.245,0.0,3.245,0
2024-09-04,3.236,3.236,3.236,3.236,0.0,3.236,0
2024-09-05,3.196,3.196,3.196,3.196,0.0,3.196,0
2024-09-06,3.142,3.142,3.142,3.142,0.0,3.142,0
2024-09-09,3.155,3.155,3.155,3.155,0.0,3.155,0
2024-09-10,3.134,3.134,3.134,3.134,0.0,3.134,0
2024-09-11,3.135,3.135,3.135,3.135,0.0,3.135,0
2024-09-12,3.139,3.139,3.139,3.139,0.0,3.139,0
2024-09-13,3.107,3.107,3.107,3.107,0.0,3.107,0
2024-09-16,3.109,3.109,3.109,3.109,0.0,3.109,0
2024-09-17,3.084,3.084,3.084,3.084,0.0,3.084,0
2024-09-18,3.102,3.102,3.102,3.102,0.0,3.102,0
2024-09-19,3.098,3.098,3.098,3.098,0.0,3.098,0
2024-09-20,3.128,3.128,3.128,3.128,0.0,3.128,0
2024-09-23,3.119,3.119,3.119,3.119,0.0,3.119,0
2024-09-24,3.125,3.169,3.125,3.169,1.0,3.125,1
2024-09-25,3.196,3.196,3.196,3.196,0.0,3.196,0
2024-09-26,3.215,3.215,3.215,3.215,0.0,3.215,0
2024-09-27,3.229,3.229,3.229,3.229,0.0,3.229,0
2024-09-30,3.239,3.239,3.213,3.213,1.0,3.239,1
2024-10-01,3.202,3.202,3.202,3.202,0.0,3.202,0
2024-10-02,3.178,3.178,3.178,3.178,0.0,3.178,0
2024-10-03,3.218,3.218,3.218,3.218,0.0,3.218,0
2024-10-04,3.235,3.252,3.235,3.252,5.0,3.235,1
2024-10-07,3.26,3.26,3.26,3.26,0.0,3.26,0
2024-10-08,3.23,3.23,3.23,3.23,0.0,3.23,0
2024-10-09,3.21,3.21,3.21,3.21,0.0,3.21,0
2024-10-10,3.224,3.224,3.224,3.224,0.0,3.224,0
2024-10-11,3.198,3.198,3.198,3.198,0.0,3.198,0
2024-10-14,3.198,3.198,3.198,3.198,0.0,3.198,0
2024-10-15,3.253,3.253,3.253,3.253,0.0,3.253,0
2024-10-16,3.193,3.193,3.193,3.193,0.0,3.193,0
2024-10-17,3.239,3.239,3.239,3.239,0.0,3.239,0
2024-10-18,3.197,3.197,3.197,3.197,0.0,3.197,0
2024-10-21,3.217,3.217,3.217,3.217,0.0,3.217,0
2024-10-22,3.224,3.224,3.224,3.224,0.0,3.224,0
2024-10-23,3.225,3.225,3.22,3.22,7.0,3.225,1
2024-10-24,3.216,3.216,3.216,3.216,0.0,3.216,0
2024-10-25,3.227,3.227,3.227,3.227,0.0,3.227,0
2024-10-28,3.215,3.215,3.215,3.215,0.0,3.215,0
2024-10-29,3.251,3.251,3.251,3.251,0.0,3.251,0
2024-10-30,3.289,3.289,3.289,3.289,0.0,3.289,0
2024-10-31,3.236,3.236,3.236,3.236,0.0,3.236,0
2024-11-01,3.264,3.264,3.264,3.264,0.0,3.264,0
2024-11-04,3.292,3.292,3.292,3.292,0.0,3.292,0
2024-11-05,3.233,3.233,3.233,3.233,0.0,3.233,0
2024-11-06,3.258,3.258,3.258,3.258,0.0,3.258,0
2024-11-07,3.259,3.259,3.259,3.259,0.0,3.259,0
2024-11-08,3.221,3.221,3.221,3.221,0.0,3.221,0
2024-11-11,3.247,3.247,3.247,3.247,0.0,3.247,0
2024-11-12,3.264,3.264,3.264,3.264,0.0,3.264,0
2024-11-13,3.293,3.293,3.293,3.293,0.0,3.293,0
2024-11-14,3.267,3.267,3.267,3.267,0.0,3.267,0
2024-11-15,3.263,3.263,3.263,3.263,0.0,3.263,0
2024-11-18,3.257,3.257,3.257,3.257,0.0,3.257,0
2024-11-19,3.303,3.303,3.303,3.303,0.0,3.303,0
2024-11-20,3.358,3.358,3.358,3.358,0.0,3.358,0
2024-11-21,3.284,3.284,3.284,3.284,0.0,3.284,0
2024-11-22,3.266,3.266,3.266,3.266,0.0,3.266,0
2024-11-25,3.337,3.337,3.337,3.337,0.0,3.337,0
2024-11-26,3.289,3.289,3.289,3.289,0.0,3.289,0
2024-11-27,3.297,3.297,3.297,3.297,0.0,3.297,0
2024-11-28,3.297,3.297,3.297,3.297,0.0,3.297,0
2024-11-29,3.388,3.388,3.388,3.388,0.0,3.388,0
2024-12-02,3.31,3.31,3.31,3.31,0.0,3.31,0
2024-12-03,3.305,3.305,3.305,3.305,0.0,3.305,0
2024-12-04,3.344,3.344,3.344,3.344,0.0,3.344,0
2024-12-05,3.352,3.352,3.352,3.352,0.0,3.352,0
2024-12-06,3.362,3.362,3.362,3.362,0.0,3.362,0
2024-12-09,3.321,3.321,3.321,3.321,0.0,3.321,0
2024-12-10,3.315,3.315,3.315,3.315,0.0,3.315,0
2024-12-11,3.283,3.283,3.283,3.283,0.0,3.283,0
2024-12-12,3.289,3.289,3.289,3.289,0.0,3.289,0
2024-12-13,3.284,3.284,3.284,3.284,0.0,3.284,0
2024-12-16,3.304,3.304,3.304,3.304,0.0,3.304,0
2024-12-17,3.317,3.317,3.317,3.317,0.0,3.317,0
2024-12-18,3.292,3.292,3.292,3.292,0.0,3.292,0
2024-12-19,3.314,3.314,3.314,3.314,0.0,3.314,0
2024-12-20,3.304,3.304,3.304,3.304,0.0,3.304,0
2024-12-23,3.341,3.341,3.341,3.341,0.0,3.341,0
2024-12-24,3.375,3.375,3.375,3.375,0.0,3.375,0
2024-12-26,3.398,3.398,3.398,3.398,0.0,3.398,0
2024-12-27,3.369,3.369,3.369,3.369,0.0,3.369,0
2024-12-30,3.368,3.368,3.368,3.368,0.0,3.368,0
2024-12-31,3.346,3.346,3.346,3.346,0.0,3.346,0
2025-01-02,3.355,3.355,3.355,3.355,0.0,3.355,0
2025-01-03,3.31,3.31,3.31,3.31,0.0,3.31,0
2025-01-06,3.326,3.326,3.326,3.326,0.0,3.326,0
2025-01-07,3.265,3.265,3.265,3.265,0.0,3.265,0
2025-01-08,3.305,3.305,3.305,3.305,0.0,3.305,0
2025-01-09,3.32,3.32,3.32,3.32,0.0,3.32,0
2025-01-10,3.338,3.338,3.338,3.338,0.0,3.338,0
2025-01-13,3.338,3.338,3.332,3.332,1.0,3.338,1
2025-01-14,3.309,3.309,3.309,3.309,0.0,3.309,0
2025-01-15,3.32,3.32,3.318,3.318,50.0,3.32,1
2025-01-16,3.342,3.342,3.342,3.342,0.0,3.342,0
2025-01-17,3.308,3.308,3.308,3.308,0.0,3.308,0
2025-01-20,3.308,3.308,3.308,3.308,0.0,3.308,0
2025-01-21,3.287,3.287,3.287,3.287,0.0,3.287,0
2025-01-22,3.335,3.335,3.335,3.335,0.0,3.335,0
2025-01-23,3.442,3.442,3.442,3.442,0.0,3.442,0
2025-01-24,3.431,3.431,3.431,3.431,0.0,3.431,0
2025-01-27,3.37,3.37,3.37,3.37,0.0,3.37,0
2025-01-28,3.309,3.309,3.309,3.309,0.0,3.309,0
2025-01-29,3.33,3.345,3.33,3.345,4.0,3.33,1
2025-01-30,3.301,3.301,3.301,3.301,0.0,3.301,0
2025-01-31,3.266,3.266,3.266,3.266,0.0,3.266,0
2025-02-03,3.291,3.291,3.291,3.291,0.0,3.291,0
2025-02-04,3.285,3.285,3.285,3.285,0.0,3.285,0
2025-02-05,3.274,3.274,3.274,3.274,0.0,3.274,0
2025-02-06,3.267,3.267,3.267,3.267,0.0,3.267,0
2025-02-07,3.246,3.246,3.246,3.246,0.0,3.246,0
2025-02-10,3.265,3.265,3.265,3.265,0.0,3.265,0
2025-02-11,3.284,3.284,3.284,3.284,0.0,3.284,0
2025-02-12,3.308,3.308,3.308,3.308,0.0,3.308,0
2025-02-13,3.316,3.316,3.316,3.316,0.0,3.316,0
2025-02-14,3.315,3.315,3.315,3.315,0.0,3.315,0
2025-02-17,3.315,3.315,3.315,3.315,0.0,3.315,0
2025-02-18,3.3,3.3,3.3,3.3,0.0,3.3,0
2025-02-19,3.298,3.298,3.298,3.298,0.0,3.298,0
2025-02-20,3.211,3.211,3.211,3.211,0.0,3.211,0
2025-02-21,3.213,3.213,3.213,3.213,0.0,3.213,0
2025-02-24,3.209,3.209,3.209,3.209,0.0,3.209,0
2025-02-25,3.182,3.182,3.182,3.182,0.0,3.182,0
2025-02-26,3.148,3.148,3.148,3.148,0.0,3.148,0
2025-02-27,3.23,3.23,3.23,3.23,0.0,3.23,0
2025-02-28,3.263,3.263,3.263,3.263,0.0,3.263,0
2025-03-03,3.281,3.281,3.281,3.281,0.0,3.281,0
2025-03-04,3.283,3.283,3.283,3.283,0.0,3.283,0
2025-03-05,3.32,3.32,3.32,3.32,0.0,3.32,0
2025-03-06,3.279,3.279,3.279,3.279,0.0,3.279,0
2025-03-07,3.275,3.298,3.275,3.298,1.0,3.275,1
2025-03-10,3.272,3.272,3.272,3.272,0.0,3.272,0
2025-03-11,3.258,3.258,3.258,3.258,0.0,3.258,0
2025-03-12,3.255,3.255,3.255,3.255,0.0,3.255,0
2025-03-13,3.277,3.277,3.277,3.277,0.0,3.277,0
2025-03-14,3.253,3.253,3.253,3.253,0.0,3.253,0
2025-03-17,3.245,3.245,3.245,3.245,0.0,3.245,0
2025-03-18,3.249,3.249,3.249,3.249,0.0,3.249,0
2025-03-19,3.247,3.247,3.247,3.247,0.0,3.247,0
2025-03-20,3.255,3.255,3.255,3.255,0.0,3.255,0
2025-03-21,3.255,3.255,3.255,3.255,0.0,3.255,0
2025-03-24,3.27,3.27,3.27,3.27,0.0,3.27,0
2025-03-25,3.245,3.245,3.245,3.245,0.0,3.245,0
2025-03-26,3.198,3.198,3.198,3.198,0.0,3.198,0
2025-03-27,3.198,3.198,3.198,3.198,0.0,3.198,0
2025-03-28,3.187,3.187,3.187,3.187,0.0,3.187,0
2025-03-31,3.199,3.199,3.199,3.199,0.0,3.199,0
2025-04-01,3.19,3.193,3.19,3.193,1.0,3.19,1
2025-04-02,3.216,3.216,3.216,3.216,0.0,3.216,0
2025-04-03,3.255,3.255,3.255,3.255,0.0,3.255,0
2025-04-04,3.23,3.23,3.225,3.225,1.0,3.23,1
2025-04-07,3.162,3.162,3.162,3.162,0.0,3.162,0
2025-04-08,3.159,3.159,3.159,3.159,0.0,3.159,0
2025-04-09,3.172,3.172,3.172,3.172,0.0,3.172,0
2025-04-10,3.147,3.147,3.147,3.147,0.0,3.147,0
2025-04-11,3.196,3.196,3.196,3.196,0.0,3.196,0
2025-04-14,3.272,3.272,3.272,3.272,0.0,3.272,0
2025-04-15,3.29,3.29,3.25,3.255,2.0,3.27,2
2025-04-16,3.247,3.247,3.247,3.247,0.0,3.247,0
2025-04-17,3.269,3.269,3.269,3.269,0.0,3.269,0
2025-04-21,3.225,3.225,3.225,3.225,0.0,3.225,0
2025-04-22,3.25,3.25,3.228,3.228,1.0,3.25,1
2025-04-23,3.258,3.258,3.235,3.235,1.0,3.258,1
2025-04-24,3.251,3.251,3.251,3.251,0.0,3.251,0
2025-04-25,3.222,3.222,3.222,3.222,0.0,3.222,0
2025-04-28,3.233,3.233,3.233,3.233,0.0,3.233,0
2025-04-29,3.245,3.245,3.245,3.245,0.0,3.245,0
2025-04-30,3.257,3.257,3.257,3.257,0.0,3.257,0
2025-05-01,3.249,3.249,3.249,3.249,0.0,3.249,0
2025-05-02,3.265,3.265,3.265,3.265,0.0,3.265,0
2025-05-05,3.277,3.277,3.277,3.277,0.0,3.277,0
2025-05-06,3.29,3.29,3.274,3.274,5.0,3.29,1
2025-05-07,3.295,3.295,3.295,3.295,0.0,3.295,0
2025-05-08,3.312,3.312,3.312,3.312,0.0,3.312,0
2025-05-09,3.345,3.345,3.337,3.337,50.0,3.345,1
2025-05-12,3.335,3.335,3.335,3.335,0.0,3.335,0
2025-05-13,3.367,3.367,3.367,3.367,0.0,3.367,0
2025-05-14,3.397,3.397,3.397,3.397,0.0,3.397,0
2025-05-15,3.382,3.382,3.382,3.382,0.0,3.382,0
2025-05-16,3.4,3.4,3.4,3.4,0.0,3.4,0
2025-05-19,3.331,3.331,3.331,3.331,0.0,3.331,0
2025-05-20,3.365,3.365,3.365,3.365,0.0,3.365,0
2025-05-21,3.38,3.38,3.349,3.349,1.0,3.38,1
2025-05-22,3.361,3.361,3.361,3.361,0.0,3.361,0
2025-05-23,3.426,3.426,3.404,3.404,2.0,3.4225,2
2025-05-27,3.413,3.413,3.413,3.413,0.0,3.413,0
2025-05-28,3.393,3.393,3.393,3.393,0.0,3.393,0
2025-05-29,3.387,3.387,3.387,3.387,0.0,3.387,0
2025-05-30,3.392,3.392,3.392,3.392,0.0,3.392,0
2025-06-02,3.388,3.388,3.388,3.388,0.0,3.388,0
2025-06-03,3.391,3.391,3.391,3.391,0.0,3.391,0
2025-06-04,3.37,3.403,3.37,3.403,1.0,3.37,1
2025-06-05,3.392,3.392,3.392,3.392,0.0,3.392,0
2025-06-06,3.406,3.406,3.406,3.406,0.0,3.406,0
2025-06-09,3.387,3.387,3.387,3.387,0.0,3.387,0
2025-06-10,3.387,3.387,3.359,3.359,1.0,3.387,1
2025-06-11,3.382,3.382,3.382,3.382,0.0,3.382,0
2025-06-12,3.362,3.362,3.362,3.362,0.0,3.362,0
2025-06-13,3.412,3.412,3.412,3.412,0.0,3.412,0
2025-06-16,3.421,3.421,3.421,3.421,0.0,3.421,0
2025-06-17,3.419,3.419,3.419,3.419,0.0,3.419,0
2025-06-18,3.442,3.442,3.442,3.442,0.0,3.442,0
2025-06-20,3.475,3.475,3.444,3.444,2.0,3.475,1
2025-06-23,3.43,3.43,3.411,3.411,1.0,3.43,1
2025-06-24,3.408,3.408,3.408,3.408,0.0,3.408,0
2025-06-25,3.402,3.402,3.402,3.402,0.0,3.402,0
2025-06-26,3.42,3.42,3.404,3.404,1.0,3.42,1
2025-06-27,3.422,3.422,3.422,3.422,0.0,3.422,0
2025-06-30,3.394,3.394,3.394,3.394,0.0,3.394,0
2025-07-01,3.403,3.403,3.403,3.403,0.0,3.403,0
2025-07-02,3.435,3.435,3.435,3.435,0.0,3.435,0
2025-07-03,3.44,3.44,3.428,3.428,1.0,3.44,1
2025-07-07,3.452,3.46,3.452,3.46,1.0,3.452,1
2025-07-08,3.429,3.429,3.429,3.429,0.0,3.429,0
2025-07-09,3.426,3.426,3.426,3.426,0.0,3.426,0
2025-07-10,3.442,3.442,3.442,3.442,0.0,3.442,0
2025-07-11,3.467,3.467,3.467,3.467,0.0,3.467,0
2025-07-14,3.471,3.471,3.471,3.471,0.0,3.471,0
2025-07-15,3.483,3.483,3.483,3.483,0.0,3.483,0
2025-07-16,3.48,3.481,3.48,3.481,13.0,3.48,1
2025-07-17,3.481,3.484,3.48,3.484,2.0,3.4805,2
2025-07-18,3.475,3.475,3.475,3.475,0.0,3.475,0
2025-07-21,3.455,3.463,3.455,3.463,5.0,3.4554,5
2025-07-22,3.448,3.48,3.448,3.48,4.0,3.4537,4
2025-07-23,3.43,3.445,3.43,3.445,7.0,3.43,1
2025-07-24,3.445,3.455,3.429,3.455,5.0,3.4334,5
2025-07-25,3.41,3.41,3.41,3.41,0.0,3.41,0
2025-07-28,3.363,3.363,3.346,3.352,10.0,3.3524,10
2025-07-29,3.369,3.369,3.369,3.369,0.0,3.369,0
2025-07-30,3.35,3.35,3.325,3.338,3.0,3.3417,2
2025-07-31,3.334,3.379,3.334,3.379,12.0,3.3514,12
2025-08-01,3.371,3.371,3.371,3.371,0.0,3.371,0
2025-08-04,3.367,3.367,3.367,3.367,0.0,3.367,0
2025-08-05,3.355,3.364,3.355,3.364,1.0,3.355,1
2025-08-06,3.385,3.385,3.385,3.385,0.0,3.385,0
2025-08-07,3.35,3.384,3.35,3.384,15.0,3.35,1
2025-08-08,3.334,3.349,3.334,3.349,1.0,3.334,1
2025-08-11,3.364,3.376,3.35,3.367,20.0,3.361,20
2025-08-12,3.367,3.367,3.349,3.349,4.0,3.3585,4
2025-08-13,3.326,3.339,3.326,3.339,1.0,3.326,1
2025-08-14,3.335,3.335,3.335,3.335,0.0,3.335,0
2025-08-15,3.338,3.342,3.338,3.342,1.0,3.338,1
2025-08-18,3.357,3.391,3.357,3.391,4.0,3.3595,4
2025-08-19,3.387,3.387,3.385,3.385,2.0,3.386,2
2025-08-20,3.393,3.393,3.393,3.393,0.0,3.393,0
2025-08-21,3.42,3.42,3.42,3.42,0.0,3.42,0
2025-08-22,3.411,3.429,3.411,3.429,1.0,3.411,1
2025-08-25,3.416,3.416,3.413,3.413,1.0,3.416,1
2025-08-26,3.411,3.411,3.411,3.411,0.0,3.411,0
2025-08-27,3.407,3.407,3.407,3.407,0.0,3.407,0
2025-08-28,3.398,3.401,3.398,3.401,1.0,3.398,1
2025-08-29,3.408,3.408,3.408,3.408,0.0,3.408,0
2025-09-02,3.416,3.419,3.405,3.405,5.0,3.4176,5
2025-09-03,3.412,3.412,3.391,3.391,5.0,3.399,5
2025-09-04,3.411,3.411,3.4,3.4,2.0,3.411,2
2025-09-05,3.372,3.372,3.358,3.358,3.0,3.366,3
2025-09-08,3.349,3.349,3.349,3.349,0.0,3.349,0
2025-09-09,3.336,3.355,3.336,3.355,1.0,3.336,1
2025-09-10,3.35,3.35,3.345,3.35,4.0,3.3475,2
2025-09-11,3.349,3.349,3.349,3.349,0.0,3.349,0
2025-09-12,3.341,3.341,3.341,3.341,0.0,3.341,0
2025-09-15,3.373,3.373,3.373,3.373,0.0,3.373,0
2025-09-16,3.383,3.391,3.383,3.391,1.0,3.383,1
2025-09-17,3.39,3.39,3.387,3.389,6.0,3.3895,4
2025-09-18,3.385,3.385,3.385,3.385,0.0,3.385,0
2025-09-19,3.403,3.403,3.403,3.403,0.0,3.403,0
2025-09-22,3.404,3.404,3.404,3.404,0.0,3.404,0
2025-09-23,3.425,3.425,3.425,3.425,0.0,3.425,0
2025-09-24,3.41,3.436,3.41,3.436,2.0,3.42,2
2025-09-25,3.432,3.432,3.421,3.421,4.0,3.4297,4
2025-09-26,3.415,3.415,3.406,3.406,2.0,3.414,2
2025-09-29,3.437,3.437,3.437,3.437,0.0,3.437,0
2025-09-30,3.44,3.44,3.434,3.434,2.0,3.44,1
2025-10-01,3.435,3.471,3.432,3.454,9.0,3.4418,9
2025-10-02,3.464,3.47,3.431,3.436,9.0,3.45,9
2025-10-03,3.434,3.434,3.434,3.434,0.0,3.434,0
2025-10-06,3.44,3.44,3.44,3.44,0.0,3.44,0
2025-10-07,3.465,3.465,3.465,3.465,0.0,3.465,0
2025-10-08,3.458,3.458,3.458,3.458,0.0,3.458,0
2025-10-09,3.451,3.451,3.451,3.451,0.0,3.451,0
2025-10-10,3.44,3.44,3.44,3.44,0.0,3.44,0
2025-10-13,3.434,3.434,3.434,3.434,0.0,3.434,0
2025-10-14,3.416,3.416,3.416,3.416,0.0,3.416,0
2025-10-15,3.413,3.437,3.413,3.437,2.0,3.413,2
2025-10-16,3.43,3.43,3.417,3.417,8.0,3.43,1
2025-10-17,3.424,3.424,3.424,3.424,0.0,3.424,0
2025-10-20,3.454,3.454,3.437,3.439,4.0,3.4457,4
2025-10-21,3.449,3.449,3.449,3.449,0.0,3.449,0
2025-10-22,3.456,3.456,3.43,3.43,1.0,3.456,1
2025-10-23,3.405,3.416,3.405,3.416,14.0,3.4078,6
2025-10-24,3.425,3.434,3.425,3.434,4.0,3.43,4
2025-10-27,3.43,3.441,3.43,3.441,4.0,3.432,2
2025-10-28,3.439,3.439,3.439,3.439,0.0,3.439,0
2025-10-29,3.435,3.44,3.427,3.44,3.0,3.4323,2
2025-10-30,3.455,3.455,3.455,3.455,0.0,3.455,0
2025-10-31,3.488,3.488,3.488,3.488,0.0,3.488,0
2025-11-03,3.476,3.479,3.474,3.479,5.0,3.4754,5
2025-11-04,3.475,3.476,3.473,3.473,3.0,3.4757,3
2025-11-05,3.457,3.457,3.44,3.44,1.0,3.457,1
2025-11-06,3.446,3.446,3.446,3.446,0.0,3.446,0
2025-11-07,3.452,3.452,3.452,3.452,0.0,3.452,0
2025-11-10,3.415,3.415,3.415,3.415,0.0,3.415,0
2025-11-11,3.443,3.443,3.443,3.443,0.0,3.443,0
2025-11-12,3.444,3.444,3.444,3.444,0.0,3.444,0
2025-11-13,3.467,3.467,3.467,3.467,0.0,3.467,0
2025-11-14,3.442,3.442,3.442,3.442,0.0,3.442,0
2025-11-17,3.46,3.46,3.451,3.451,1.0,3.46,1
2025-11-18,3.455,3.455,3.455,3.455,0.0,3.455,0
2025-11-19,3.442,3.444,3.441,3.444,2.0,3.4415,2
2025-11-20,3.436,3.436,3.436,3.436,0.0,3.436,0
2025-11-21,3.425,3.425,3.425,3.425,0.0,3.425,0
2025-11-24,3.405,3.412,3.405,3.412,5.0,3.405,5
2025-11-25,3.397,3.408,3.397,3.408,4.0,3.3998,4
2025-11-26,3.401,3.401,3.401,3.401,0.0,3.401,0
2025-11-28,3.433,3.433,3.433,3.433,0.0,3.433,0
2025-12-01,3.425,3.425,3.415,3.415,1.0,3.425,1
2025-12-02,3.419,3.419,3.419,3.419,0.0,3.419,0
2025-12-03,3.429,3.429,3.423,3.423,1.0,3.429,1
2025-12-04,3.43,3.43,3.43,3.43,9.0,3.43,9
2025-12-05,3.423,3.423,3.423,3.423,0.0,3.423,0
2025-12-08,3.409,3.409,3.409,3.409,0.0,3.409,0
2025-12-09,3.389,3.401,3.389,3.401,1.0,3.389,1
2025-12-10,3.377,3.377,3.377,3.377,0.0,3.377,0
2025-12-11,3.35,3.361,3.35,3.361,100.0,3.35,6
2025-12-12,3.345,3.345,3.341,3.341,1.0,3.345,1
2025-12-15,3.325,3.325,3.325,3.325,0.0,3.325,0
2025-12-16,3.323,3.323,3.323,3.323,0.0,3.323,0
2025-12-17,3.338,3.338,3.338,3.338,0.0,3.338,0
2025-12-18,3.313,3.313,3.313,3.313,0.0,3.313,0
2025-12-19,3.313,3.313,3.313,3.313,0.0,3.313,0
2025-12-22,3.286,3.286,3.286,3.286,0.0,3.286,0
2025-12-23,3.313,3.313,3.313,3.313,0.0,3.313,0
2025-12-24,3.309,3.309,3.309,3.309,0.0,3.309,0
2025-12-26,3.325,3.325,3.325,3.325,0.0,3.325,0
2025-12-29,3.329,3.329,3.329,3.329,0.0,3.329,0
2025-12-30,3.327,3.327,3.327,3.327,0.0,3.327,0
2025-12-31,3.317,3.317,3.317,3.317,0.0,3.317,0
2026-01-02,3.32,3.32,3.292,3.292,2.0,3.32,1
2026-01-05,3.285,3.292,3.285,3.292,1.0,3.285,1
2026-01-06,3.282,3.282,3.271,3.271,1.0,3.282,1
2026-01-07,3.28,3.28,3.28,3.28,0.0,3.28,0
2026-01-08,3.274,3.274,3.274,3.274,0.0,3.274,0
2026-01-09,3.275,3.275,3.221,3.221,1.0,3.275,1
2026-01-12,3.23,3.256,3.23,3.256,2.0,3.2405,2
2026-01-13,3.245,3.245,3.245,3.245,0.0,3.245,0
2026-01-14,3.215,3.215,3.214,3.214,1.0,3.215,1
2026-01-15,3.256,3.256,3.256,3.256,0.0,3.256,0
2026-01-16,3.276,3.276,3.276,3.276,0.0,3.276,0
2026-01-20,3.338,3.338,3.338,3.338,0.0,3.338,0
2026-01-21,3.335,3.335,3.326,3.326,3.0,3.335,1
2026-01-22,3.321,3.321,3.321,3.321,0.0,3.321,0
2026-01-23,3.273,3.273,3.273,3.273,0.0,3.273,0
2026-01-26,3.235,3.235,3.235,3.235,0.0,3.235,0
2026-01-27,3.235,3.235,3.216,3.216,1.0,3.235,1
2026-01-28,3.23,3.233,3.23,3.233,2.0,3.23,1
2026-01-29,3.273,3.273,3.273,3.273,0.0,3.273,0
2026-01-30,3.284,3.284,3.284,3.284,0.0,3.284,0
2026-02-02,3.241,3.241,3.241,3.241,0.0,3.241,0
2026-02-03,3.241,3.241,3.241,3.241,0.0,3.241,0
2026-02-04,3.245,3.245,3.245,3.245,0.0,3.245,0
2026-02-05,3.25,3.25,3.236,3.236,59.0,3.2434,11
2026-02-06,3.225,3.225,3.219,3.219,1.0,3.225,1
2026-02-09,3.21,3.219,3.21,3.219,1.0,3.21,1
2026-02-10,3.217,3.217,3.21,3.21,5.0,3.2144,5
2026-02-11,3.217,3.217,3.217,3.217,0.0,3.217,0
2026-02-12,3.208,3.208,3.208,3.208,0.0,3.208,0
2026-02-13,3.206,3.236,3.206,3.236,1.0,3.206,1
2026-02-17,3.23,3.23,3.194,3.194,2.0,3.23,2
2026-02-18,3.207,3.213,3.205,3.213,20.0,3.2057,20
2026-02-19,3.243,3.243,3.228,3.228,2.0,3.243,2
2026-02-20,3.251,3.251,3.251,3.251,0.0,3.251,0
2026-02-23,3.24,3.24,3.24,3.24,0.0,3.24,0
2026-02-24,3.231,3.231,3.231,3.231,0.0,3.231,0
2026-02-25,3.246,3.246,3.246,3.246,0.0,3.246,0
2026-02-26,3.252,3.252,3.252,3.252,0.0,3.252,0
2026-02-27,3.246,3.246,3.246,3.246,0.0,3.246,0
2026-03-02,3.265,3.265,3.256,3.256,1.0,3.265,1
2026-03-03,3.23,3.23,3.23,3.23,0.0,3.23,0
2026-03-04,3.239,3.239,3.229,3.229,85.0,3.2374,9
2026-03-05,3.26,3.26,3.235,3.235,1.0,3.26,1
2026-03-06,3.26,3.263,3.26,3.263,4.0,3.26,1
2026-03-09,3.263,3.263,3.263,3.263,0.0,3.263,0
2026-03-10,3.25,3.25,3.25,3.25,0.0,3.25,0
2026-03-11,3.255,3.27,3.255,3.27,13.0,3.255,1
2026-03-12,3.282,3.282,3.282,3.282,0.0,3.282,0
2026-03-13,3.302,3.302,3.302,3.302,0.0,3.302,0
2026-03-16,3.284,3.284,3.284,3.284,0.0,3.284,0
2026-03-17,3.296,3.296,3.296,3.296,0.0,3.296,0
2026-03-18,3.32,3.32,3.311,3.311,30.0,3.3173,15
2026-03-19,3.36,3.372,3.321,3.321,5.0,3.3638,5
2026-03-20,3.369,3.374,3.352,3.352,2.0,3.3715,2
2026-03-23,3.347,3.347,3.347,3.347,0.0,3.347,0
2026-03-24,3.344,3.344,3.344,3.344,0.0,3.344,0
2026-03-25,3.335,3.337,3.335,3.337,1.0,3.335,1
2026-03-26,3.36,3.36,3.36,3.36,0.0,3.36,0
2026-03-27,3.387,3.387,3.387,3.387,0.0,3.387,0
2026-03-30,3.361,3.361,3.361,3.361,0.0,3.361,0
2026-03-31,3.312,3.312,3.312,3.312,0.0,3.312,0
2026-04-01,3.26,3.26,3.26,3.26,0.0,3.26,0
2026-04-02,3.25,3.263,3.25,3.263,6.0,3.2583,4
2026-04-06,3.286,3.286,3.286,3.286,0.0,3.286,0
2026-04-07,3.33,3.335,3.33,3.335,2.0,3.33,1
2026-04-08,3.285,3.285,3.267,3.267,1.0,3.285,1
2026-04-09,3.262,3.262,3.26,3.26,8.0,3.262,1
2026-04-10,3.265,3.265,3.265,3.265,0.0,3.265,0
2026-04-13,3.295,3.295,3.269,3.269,2.0,3.295,2
2026-04-14,3.26,3.26,3.26,3.26,0.0,3.26,0
2026-04-15,3.26,3.297,3.26,3.297,1.0,3.26,1
2026-04-16,3.312,3.312,3.312,3.312,0.0,3.312,0
2026-04-17,3.32,3.32,3.316,3.316,1.0,3.32,1
2026-04-20,3.317,3.317,3.317,3.317,0.0,3.317,0
2026-04-21,3.308,3.312,3.308,3.312,1.0,3.308,1
2026-04-22,3.319,3.319,3.319,3.319,0.0,3.319,0
2026-04-23,3.309,3.309,3.299,3.309,5.0,3.301,4
2026-04-24,3.284,3.284,3.284,3.284,0.0,3.284,0
2026-04-27,3.284,3.304,3.284,3.291,2.0,3.294,2
2026-04-28,3.285,3.285,3.283,3.283,1.0,3.285,1
2026-04-29,3.301,3.301,3.301,3.301,0.0,3.301,0
2026-04-30,3.314,3.314,3.313,3.313,2.0,3.314,2
2026-05-01,3.309,3.309,3.309,3.309,0.0,3.309,0
2026-05-04,3.32,3.32,3.32,3.32,0.0,3.32,0
2026-05-05,3.297,3.304,3.295,3.304,5.0,3.2962,5
2026-05-06,3.284,3.284,3.274,3.274,1.0,3.284,1
2026-05-07,3.277,3.277,3.277,3.277,0.0,3.277,0
2026-05-08,3.285,3.285,3.285,3.285,0.0,3.285,0
2026-05-11,3.314,3.314,3.296,3.303,3.0,3.308,2
2026-05-12,3.287,3.287,3.287,3.287,0.0,3.287,0
2026-05-13,3.296,3.296,3.285,3.285,1.0,3.296,1
2026-05-14,3.285,3.285,3.281,3.281,3.0,3.285,1
2026-05-15,3.283,3.283,3.283,3.283,0.0,3.283,0
2026-05-18,3.297,3.303,3.297,3.303,1.0,3.297,1
2026-05-19,3.303,3.31,3.303,3.309,8.0,3.3073,6
2026-05-20,3.28,3.289,3.28,3.289,3.0,3.28,1
2026-05-21,3.289,3.289,3.289,3.289,0.0,3.289,0
2026-05-22,3.289,3.289,3.285,3.285,1.0,3.289,1
2026-05-26,3.265,3.265,3.265,3.265,0.0,3.265,0
2026-05-27,3.27,3.281,3.267,3.267,15.0,3.2716,4
2026-05-28,3.295,3.295,3.284,3.294,31.0,3.287,10
2026-05-29,3.285,3.285,3.285,3.285,0.0,3.285,0
2026-06-01,3.304,3.304,3.304,3.304,0.0,3.304,0
2026-06-02,3.303,3.304,3.292,3.292,2.0,3.3035,2
2026-06-03,3.301,3.301,3.3,3.3,1.0,3.301,1
2026-06-04,3.314,3.314,3.314,3.314,0.0,3.314,0
2026-06-05,3.31,3.312,3.297,3.312,21.0,3.299,8
2026-06-08,3.317,3.317,3.317,3.317,0.0,3.317,0
2026-06-09,3.321,3.321,3.309,3.309,2.0,3.321,1
2026-06-10,3.312,3.312,3.312,3.312,0.0,3.312,0
2026-06-11,3.306,3.306,3.306,3.306,0.0,3.306,0
2026-06-12,3.308,3.314,3.302,3.302,22.0,3.3111,22
2026-06-15,3.29,3.298,3.29,3.298,10.0,3.2927,3
2026-06-16,3.308,3.31,3.296,3.296,4.0,3.305,4
2026-06-17,3.289,3.3,3.289,3.3,11.0,3.2963,3
2026-06-18,3.29,3.29,3.279,3.279,1.0,3.29,1
2026-06-22,3.297,3.297,3.287,3.287,3.0,3.297,1
2026-06-23,3.3,3.3,3.272,3.276,10.0,3.2783,4
2026-06-24,3.286,3.29,3.286,3.29,5.0,3.286,1
2026-06-25,3.286,3.286,3.276,3.276,3.0,3.2823,3
2026-06-26,3.277,3.28,3.265,3.265,53.0,3.2769,11
2026-06-29,3.26,3.261,3.255,3.261,10.0,3.2578,6
2026-06-30,3.255,3.255,3.245,3.254,7.0,3.2517,5
2026-07-01,3.228,3.228,3.225,3.225,12.0,3.228,3
2026-07-02,3.215,3.215,3.21,3.215,69.0,3.2147,5
2026-07-06,3.205,3.218,3.205,3.214,4.0,3.2092,4
2026-07-07,3.202,3.225,3.202,3.225,1.0,3.202,1
2026-07-08,3.235,3.238,3.2,3.234,50.0,3.2352,23
2026-07-09,3.214,3.214,3.209,3.209,21.0,3.212,4
2026-07-10,3.203,3.208,3.201,3.201,24.0,3.2034,7
2026-07-13,3.213,3.216,3.208,3.215,21.0,3.212,20
2026-07-14,3.214,3.215,3.21,3.215,122.0,3.2104,23
2026-07-15,3.214,3.23,3.214,3.225,31.0,3.2255,10
2026-07-16,3.2,3.2,3.197,3.197,20.0,3.2,18
2026-07-17,3.209,3.222,3.207,3.222,60.0,3.2141,28
2026-07-20,3.215,3.215,3.202,3.211,3.0,3.2077,3
2026-07-21,3.218,3.222,3.21,3.219,13.0,3.2162,10
2026-07-22,3.235,3.253,3.235,3.253,8.0,3.244,6
2026-07-23,3.264,3.273,3.257,3.263,30.0,3.2619,14
2026-07-24,3.279,3.279,3.247,3.258,18.0,3.2674,5
2026-07-27,3.217,3.259,3.217,3.257,5.0,3.2506,3
2026-07-28,3.247,3.25,3.247,3.247,2.0,3.2485,2
2026-07-29,3.245,3.274,3.245,3.268,27.0,3.2643,21
2026-07-30,3.262,3.264,3.254,3.257,154.0,3.2639,15
2026-07-31,3.252,3.272,3.252,3.264,24.0,3.2602,17
2026-08-03,3.29,3.292,3.284,3.292,21.0,3.2855,15
2026-08-04,3.284,3.296,3.278,3.288,48.0,3.2826,32
2026-08-05,3.279,3.28,3.274,3.279,13.0,3.2779,12
2026-08-06,3.266,3.267,3.251,3.253,126.0,3.2639,34
2026-08-07,3.254,3.278,3.254,3.277,92.0,3.2619,16
2026-08-10,3.295,3.295,3.282,3.282,24.0,3.2906,16
2026-08-11,3.28,3.31,3.276,3.28,53.0,3.2847,36
2026-08-12,3.294,3.302,3.274,3.283,142.0,3.2868,50
2026-08-13,3.276,3.291,3.263,3.291,148.0,3.271,38
2026-08-14,3.293,3.312,3.29,3.296,126.0,3.2987,66
