date,open,high,low,close,volume,average,barCount
2017-11-29,3.328,3.328,3.328,3.328,0.0,3.328,0
2017-11-30,3.33,3.33,3.33,3.33,0.0,3.33,0
2017-12-01,3.279,3.279,3.279,3.279,0.0,3.279,0
2017-12-04,3.277,3.277,3.277,3.277,0.0,3.277,0
2017-12-05,3.272,3.272,3.272,3.272,0.0,3.272,0
2017-12-06,3.254,3.254,3.254,3.254,0.0,3.254,0
2017-12-07,3.26,3.26,3.26,3.26,0.0,3.26,0
2017-12-08,3.255,3.255,3.255,3.255,0.0,3.255,0
2017-12-11,3.248,3.248,3.248,3.248,0.0,3.248,0
2017-12-12,3.261,3.261,3.261,3.261,0.0,3.261,0
2017-12-13,3.277,3.277,3.277,3.277,0.0,3.277,0
2017-12-14,3.288,3.288,3.288,3.288,0.0,3.288,0
2017-12-15,3.296,3.296,3.296,3.296,0.0,3.296,0
2017-12-18,3.316,3.316,3.316,3.316,0.0,3.316,0
2017-12-19,3.318,3.318,3.318,3.318,0.0,3.318,0
2017-12-20,3.304,3.304,3.304,3.304,0.0,3.304,0
2017-12-21,3.321,3.321,3.321,3.321,0.0,3.321,0
2017-12-22,3.344,3.344,3.344,3.344,0.0,3.344,0
2017-12-26,3.345,3.345,3.345,3.345,0.0,3.345,0
2017-12-27,3.318,3.318,3.318,3.318,0.0,3.318,0
2017-12-28,3.219,3.219,3.219,3.219,0.0,3.219,0
2017-12-29,3.177,3.177,3.177,3.177,0.0,3.177,0
2018-01-02,3.17,3.17,3.17,3.17,0.0,3.17,0
2018-01-03,3.171,3.171,3.171,3.171,0.0,3.171,0
2018-01-04,3.203,3.203,3.203,3.203,0.0,3.203,0
2018-01-05,3.197,3.197,3.197,3.197,0.0,3.197,0
2018-01-08,3.192,3.192,3.192,3.192,0.0,3.192,0
2018-01-09,3.177,3.177,3.177,3.177,0.0,3.177,0
2018-01-10,3.17,3.17,3.17,3.17,0.0,3.17,0
2018-01-11,3.187,3.187,3.187,3.187,0.0,3.187,0
2018-01-12,3.174,3.174,3.174,3.174,0.0,3.174,0
2018-01-16,3.137,3.137,3.137,3.137,0.0,3.137,0
2018-01-17,3.131,3.131,3.131,3.131,0.0,3.131,0
2018-01-18,3.129,3.129,3.129,3.129,0.0,3.129,0
2018-01-19,3.139,3.139,3.139,3.139,0.0,3.139,0
2018-01-22,3.158,3.158,3.158,3.158,0.0,3.158,0
2018-01-23,3.17,3.17,3.17,3.17,0.0,3.17,0
2018-01-24,3.184,3.184,3.184,3.184,0.0,3.184,0
2018-01-25,3.208,3.208,3.208,3.208,0.0,3.208,0
2018-01-26,3.174,3.174,3.174,3.174,0.0,3.174,0
2018-01-29,3.176,3.176,3.176,3.176,0.0,3.176,0
2018-01-30,3.193,3.193,3.193,3.193,0.0,3.193,0
2018-01-31,3.152,3.152,3.152,3.152,0.0,3.152,0
2018-02-01,3.148,3.148,3.148,3.148,0.0,3.148,0
2018-02-02,3.173,3.173,3.173,3.173,0.0,3.173,0
2018-02-05,3.195,3.195,3.195,3.195,0.0,3.195,0
2018-02-06,3.179,3.179,3.179,3.179,0.0,3.179,0
2018-02-07,3.157,3.157,3.157,3.157,0.0,3.157,0
2018-02-08,3.17,3.17,3.17,3.17,0.0,3.17,0
2018-02-09,3.139,3.139,3.139,3.139,0.0,3.139,0
2018-02-12,3.129,3.129,3.129,3.129,0.0,3.129,0
2018-02-13,3.112,3.112,3.112,3.112,0.0,3.112,0
2018-02-14,3.117,3.117,3.117,3.117,0.0,3.117,0
2018-02-15,3.12,3.12,3.12,3.12,0.0,3.12,0
2018-02-16,3.133,3.133,3.133,3.133,0.0,3.133,0
2018-02-20,3.136,3.136,3.136,3.136,0.0,3.136,0
2018-02-21,3.154,3.154,3.154,3.154,0.0,3.154,0
2018-02-22,3.166,3.166,3.166,3.166,0.0,3.166,0
2018-02-23,3.158,3.158,3.158,3.158,0.0,3.158,0
2018-02-26,3.154,3.154,3.154,3.154,0.0,3.154,0
2018-02-27,3.157,3.157,3.157,3.157,0.0,3.157,0
2018-02-28,3.132,3.132,3.132,3.132,0.0,3.132,0
2018-03-01,3.171,3.171,3.171,3.171,0.0,3.171,0
2018-03-02,3.188,3.188,3.188,3.188,0.0,3.188,0
2018-03-05,3.206,3.206,3.206,3.206,0.0,3.206,0
2018-03-06,3.203,3.203,3.203,3.203,0.0,3.203,0
2018-03-07,3.196,3.196,3.196,3.196,0.0,3.196,0
2018-03-08,3.158,3.158,3.158,3.158,0.0,3.158,0
2018-03-09,3.119,3.119,3.119,3.119,0.0,3.119,0
2018-03-12,3.125,3.125,3.125,3.125,0.0,3.125,0
2018-03-13,3.132,3.132,3.132,3.132,0.0,3.132,0
2018-03-14,3.152,3.152,3.152,3.152,0.0,3.152,0
2018-03-15,3.21,3.21,3.21,3.21,0.0,3.21,0
2018-03-16,3.22,3.22,3.22,3.22,0.0,3.22,0
2018-03-19,3.21,3.21,3.21,3.21,0.0,3.21,0
2018-03-20,3.215,3.215,3.215,3.215,0.0,3.215,0
2018-03-21,3.223,3.223,3.223,3.223,0.0,3.223,0
2018-03-22,3.211,3.211,3.211,3.211,0.0,3.211,0
2018-03-23,3.133,3.133,3.133,3.133,0.0,3.133,0
2018-03-26,3.161,3.161,3.161,3.161,0.0,3.161,0
2018-03-27,3.165,3.165,3.165,3.165,0.0,3.165,0
2018-03-28,3.194,3.194,3.194,3.194,0.0,3.194,0
2018-03-29,3.232,3.232,3.232,3.232,0.0,3.232,0
2018-04-02,3.214,3.214,3.214,3.214,0.0,3.214,0
2018-04-03,3.192,3.192,3.192,3.192,0.0,3.192,0
2018-04-04,3.166,3.166,3.166,3.166,0.0,3.166,0
2018-04-05,3.182,3.182,3.182,3.182,0.0,3.182,0
2018-04-06,3.176,3.176,3.176,3.176,0.0,3.176,0
2018-04-09,3.16,3.16,3.16,3.16,0.0,3.16,0
2018-04-10,3.169,3.169,3.169,3.169,0.0,3.169,0
2018-04-11,3.177,3.177,3.177,3.177,0.0,3.177,0
2018-04-12,3.2,3.2,3.2,3.2,0.0,3.2,0
2018-04-13,3.193,3.193,3.193,3.193,0.0,3.193,0
2018-04-16,3.195,3.195,3.195,3.195,0.0,3.195,0
2018-04-17,3.157,3.157,3.157,3.157,0.0,3.157,0
2018-04-18,3.158,3.158,3.158,3.158,0.0,3.158,0
2018-04-19,3.16,3.16,3.16,3.16,0.0,3.16,0
2018-04-20,3.168,3.168,3.168,3.168,0.0,3.168,0
2018-04-23,3.169,3.169,3.169,3.169,0.0,3.169,0
2018-04-24,3.167,3.167,3.167,3.167,0.0,3.167,0
2018-04-25,3.156,3.156,3.156,3.156,0.0,3.156,0
2018-04-26,3.146,3.146,3.146,3.146,0.0,3.146,0
2018-04-27,3.148,3.148,3.148,3.148,0.0,3.148,0
2018-04-30,3.14,3.14,3.14,3.14,0.0,3.14,0
2018-05-01,3.12,3.12,3.12,3.12,0.0,3.12,0
2018-05-02,3.148,3.148,3.148,3.148,0.0,3.148,0
2018-05-03,3.158,3.158,3.158,3.158,0.0,3.158,0
2018-05-04,3.156,3.156,3.156,3.156,0.0,3.156,0
2018-05-07,3.154,3.154,3.154,3.154,0.0,3.154,0
2018-05-08,3.109,3.109,3.109,3.109,0.0,3.109,0
2018-05-09,3.095,3.095,3.095,3.095,0.0,3.095,0
2018-05-10,3.091,3.091,3.091,3.091,0.0,3.091,0
2018-05-11,3.094,3.094,3.094,3.094,0.0,3.094,0
2018-05-14,3.086,3.086,3.086,3.086,0.0,3.086,0
2018-05-15,3.124,3.124,3.124,3.124,0.0,3.124,0
2018-05-16,3.098,3.098,3.098,3.098,0.0,3.098,0
2018-05-17,3.105,3.105,3.105,3.105,0.0,3.105,0
2018-05-18,3.12,3.12,3.12,3.12,0.0,3.12,0
2018-05-21,3.115,3.115,3.115,3.115,0.0,3.115,0
2018-05-22,3.064,3.064,3.064,3.064,0.0,3.064,0
2018-05-23,3.041,3.041,3.041,3.041,0.0,3.041,0
2018-05-24,3.035,3.035,3.035,3.035,0.0,3.035,0
2018-05-25,3.007,3.007,3.007,3.007,0.0,3.007,0
2018-05-29,2.987,2.987,2.987,2.987,0.0,2.987,0
2018-05-30,2.998,2.998,2.998,2.998,0.0,2.998,0
2018-05-31,2.986,2.986,2.986,2.986,0.0,2.986,0
2018-06-01,2.976,2.976,2.976,2.976,0.0,2.976,0
2018-06-04,2.989,2.989,2.989,2.989,0.0,2.989,0
2018-06-05,3.004,3.004,3.004,3.004,0.0,3.004,0
2018-06-06,2.999,2.999,2.999,2.999,0.0,2.999,0
2018-06-07,2.997,2.997,2.997,2.997,0.0,2.997,0
2018-06-08,3.0,3.0,3.0,3.0,0.0,3.0,0
2018-06-11,2.999,2.999,2.999,2.999,0.0,2.999,0
2018-06-12,3.033,3.033,3.033,3.033,0.0,3.033,0
2018-06-13,3.044,3.044,3.044,3.044,0.0,3.044,0
2018-06-14,3.06,3.06,3.06,3.06,0.0,3.06,0
2018-06-15,3.065,3.065,3.065,3.065,0.0,3.065,0
2018-06-18,3.101,3.101,3.101,3.101,0.0,3.101,0
2018-06-19,3.103,3.103,3.103,3.103,0.0,3.103,0
2018-06-20,3.102,3.102,3.102,3.102,0.0,3.102,0
2018-06-21,3.086,3.086,3.086,3.086,0.0,3.086,0
2018-06-22,3.088,3.088,3.088,3.088,0.0,3.088,0
2018-06-25,3.084,3.084,3.084,3.084,0.0,3.084,0
2018-06-26,3.081,3.081,3.081,3.081,0.0,3.081,0
2018-06-27,3.084,3.084,3.084,3.084,0.0,3.084,0
2018-06-28,3.063,3.063,3.063,3.063,0.0,3.063,0
2018-06-29,3.06,3.06,3.06,3.06,0.0,3.06,0
2018-07-02,3.051,3.051,3.051,3.051,0.0,3.051,0
2018-07-03,3.048,3.048,3.048,3.048,0.0,3.048,0
2018-07-05,3.05,3.05,3.05,3.05,0.0,3.05,0
2018-07-06,3.049,3.049,3.049,3.049,0.0,3.049,0
2018-07-09,3.04,3.04,3.04,3.04,0.0,3.04,0
2018-07-10,3.044,3.044,3.044,3.044,0.0,3.044,0
2018-07-11,3.022,3.022,3.022,3.022,0.0,3.022,0
2018-07-12,3.022,3.022,3.022,3.022,0.0,3.022,0
2018-07-13,3.017,3.017,3.017,3.017,0.0,3.017,0
2018-07-16,2.99,2.99,2.99,2.99,0.0,2.99,0
2018-07-17,2.975,2.975,2.975,2.975,0.0,2.975,0
2018-07-18,2.986,2.986,2.986,2.986,0.0,2.986,0
2018-07-19,2.978,2.978,2.978,2.978,0.0,2.978,0
2018-07-20,2.984,2.984,2.984,2.984,0.0,2.984,0
2018-07-23,2.993,2.993,2.993,2.993,0.0,2.993,0
2018-07-24,2.991,2.991,2.991,2.991,0.0,2.991,0
2018-07-25,3.019,3.019,3.019,3.019,0.0,3.019,0
2018-07-26,3.015,3.015,3.015,3.015,0.0,3.015,0
2018-07-27,3.034,3.034,3.034,3.034,0.0,3.034,0
2018-07-30,3.038,3.038,3.038,3.038,0.0,3.038,0
2018-07-31,3.041,3.041,3.041,3.041,0.0,3.041,0
2018-08-01,3.011,3.011,3.011,3.011,0.0,3.011,0
2018-08-02,3.015,3.015,3.015,3.015,0.0,3.015,0
2018-08-03,3.015,3.015,3.015,3.015,0.0,3.015,0
2018-08-06,3.003,3.003,3.003,3.003,0.0,3.003,0
2018-08-07,3.076,3.076,3.076,3.076,0.0,3.076,0
2018-08-08,3.089,3.089,3.089,3.089,0.0,3.089,0
2018-08-09,3.089,3.089,3.089,3.089,0.0,3.089,0
2018-08-10,3.086,3.086,3.086,3.086,0.0,3.086,0
2018-08-13,3.087,3.087,3.087,3.087,0.0,3.087,0
2018-08-14,3.086,3.086,3.086,3.086,0.0,3.086,0
2018-08-15,3.087,3.087,3.087,3.087,0.0,3.087,0
2018-08-16,3.077,3.077,3.077,3.077,0.0,3.077,0
2018-08-17,3.079,3.079,3.079,3.079,0.0,3.079,0
2018-08-20,3.078,3.078,3.078,3.078,0.0,3.078,0
2018-08-21,3.096,3.096,3.096,3.096,0.0,3.096,0
2018-08-22,3.083,3.083,3.083,3.083,0.0,3.083,0
2018-08-23,3.082,3.082,3.082,3.082,0.0,3.082,0
2018-08-24,3.069,3.069,3.069,3.069,0.0,3.069,0
2018-08-27,3.039,3.039,3.039,3.039,0.0,3.039,0
2018-08-28,3.015,3.015,3.015,3.015,0.0,3.015,0
2018-08-29,3.019,3.019,3.019,3.019,0.0,3.019,0
2018-08-30,3.0,3.0,3.0,3.0,0.0,3.0,0
2018-08-31,3.014,3.014,3.014,3.014,0.0,3.014,0
2018-09-04,3.004,3.004,3.004,3.004,0.0,3.004,0
2018-09-05,3.009,3.009,3.009,3.009,0.0,3.009,0
2018-09-06,3.028,3.028,3.028,3.028,0.0,3.028,0
2018-09-07,3.027,3.027,3.027,3.027,0.0,3.027,0
2018-09-10,3.03,3.03,3.03,3.03,0.0,3.03,0
2018-09-11,3.027,3.027,3.027,3.027,0.0,3.027,0
2018-09-12,3.037,3.037,3.037,3.037,0.0,3.037,0
2018-09-13,3.053,3.053,3.053,3.053,0.0,3.053,0
2018-09-14,3.062,3.062,3.062,3.062,0.0,3.062,0
2018-09-17,3.066,3.066,3.066,3.066,0.0,3.066,0
2018-09-18,3.076,3.076,3.076,3.076,0.0,3.076,0
2018-09-19,3.078,3.078,3.078,3.078,0.0,3.078,0
2018-09-20,3.082,3.082,3.082,3.082,0.0,3.082,0
2018-09-21,3.08,3.08,3.08,3.08,0.0,3.08,0
2018-09-24,3.078,3.078,3.078,3.078,0.0,3.078,0
2018-09-25,3.081,3.081,3.081,3.081,0.0,3.081,0
2018-09-26,3.09,3.09,3.09,3.09,0.0,3.09,0
2018-09-27,3.091,3.091,3.091,3.091,0.0,3.091,0
2018-09-28,3.092,3.092,3.092,3.092,0.0,3.092,0
2018-10-01,3.097,3.097,3.097,3.097,0.0,3.097,0
2018-10-02,3.095,3.095,3.095,3.095,0.0,3.095,0
2018-10-03,3.094,3.094,3.094,3.094,0.0,3.094,0
2018-10-04,3.095,3.095,3.095,3.095,0.0,3.095,0
2018-10-05,3.098,3.098,3.098,3.098,0.0,3.098,0
2018-10-08,3.103,3.103,3.103,3.103,0.0,3.103,0
2018-10-09,3.098,3.098,3.098,3.098,0.0,3.098,0
2018-10-10,3.094,3.094,3.094,3.094,0.0,3.094,0
2018-10-11,3.119,3.119,3.119,3.119,0.0,3.119,0
2018-10-12,3.139,3.139,3.139,3.139,0.0,3.139,0
2018-10-15,3.138,3.138,3.138,3.138,0.0,3.138,0
2018-10-16,3.158,3.158,3.158,3.158,0.0,3.158,0
2018-10-17,3.153,3.153,3.153,3.153,0.0,3.153,0
2018-10-18,3.152,3.152,3.152,3.152,0.0,3.152,0
2018-10-19,3.149,3.149,3.149,3.149,0.0,3.149,0
2018-10-22,3.15,3.15,3.15,3.15,0.0,3.15,0
2018-10-23,3.149,3.149,3.149,3.149,0.0,3.149,0
2018-10-24,3.146,3.146,3.146,3.146,0.0,3.146,0
2018-10-25,3.136,3.136,3.136,3.136,0.0,3.136,0
2018-10-26,3.138,3.138,3.138,3.138,0.0,3.138,0
2018-10-29,3.139,3.139,3.139,3.139,0.0,3.139,0
2018-10-30,3.157,3.157,3.157,3.157,0.0,3.157,0
2018-10-31,3.156,3.156,3.156,3.156,0.0,3.156,0
2018-11-01,3.168,3.168,3.168,3.168,0.0,3.168,0
2018-11-02,3.175,3.175,3.175,3.175,0.0,3.175,0
2018-11-05,3.189,3.189,3.189,3.189,0.0,3.189,0
2018-11-06,3.205,3.205,3.205,3.205,0.0,3.205,0
2018-11-07,3.203,3.203,3.203,3.203,0.0,3.203,0
2018-11-08,3.204,3.204,3.204,3.204,0.0,3.204,0
2018-11-09,3.207,3.207,3.207,3.207,0.0,3.207,0
2018-11-12,3.23,3.23,3.23,3.23,0.0,3.23,0
2018-11-13,3.209,3.209,3.209,3.209,0.0,3.209,0
2018-11-14,3.193,3.193,3.193,3.193,0.0,3.193,0
2018-11-15,3.208,3.208,3.208,3.208,0.0,3.208,0
2018-11-16,3.179,3.179,3.179,3.179,0.0,3.179,0
2018-11-19,3.166,3.166,3.166,3.166,0.0,3.166,0
2018-11-20,3.164,3.164,3.164,3.164,0.0,3.164,0
2018-11-21,3.162,3.162,3.162,3.162,0.0,3.162,0
2018-11-23,3.187,3.187,3.187,3.187,0.0,3.187,0
2018-11-26,3.18,3.18,3.18,3.18,0.0,3.18,0
2018-11-27,3.176,3.176,3.176,3.176,0.0,3.176,0
2018-11-28,3.177,3.177,3.177,3.177,0.0,3.177,0
2018-11-29,3.207,3.207,3.207,3.207,0.0,3.207,0
2018-11-30,3.263,3.263,3.263,3.263,0.0,3.263,0
2018-12-03,3.235,3.235,3.235,3.235,0.0,3.235,0
2018-12-04,3.221,3.221,3.221,3.221,0.0,3.221,0
2018-12-05,3.212,3.212,3.212,3.212,0.0,3.212,0
2018-12-06,3.223,3.223,3.223,3.223,0.0,3.223,0
2018-12-07,3.23,3.23,3.23,3.23,0.0,3.23,0
2018-12-10,3.231,3.231,3.231,3.231,0.0,3.231,0
2018-12-11,3.206,3.206,3.206,3.206,0.0,3.206,0
2018-12-12,3.208,3.208,3.208,3.208,0.0,3.208,0
2018-12-13,3.176,3.176,3.176,3.176,0.0,3.176,0
2018-12-14,3.186,3.186,3.186,3.186,0.0,3.186,0
2018-12-17,3.185,3.185,3.185,3.185,0.0,3.185,0
2018-12-18,3.18,3.18,3.18,3.18,0.0,3.18,0
2018-12-19,3.203,3.203,3.203,3.203,0.0,3.203,0
2018-12-20,3.218,3.218,3.218,3.218,0.0,3.218,0
2018-12-21,3.221,3.221,3.221,3.221,0.0,3.221,0
2018-12-24,3.22,3.22,3.22,3.22,0.0,3.22,0
2018-12-26,3.217,3.217,3.217,3.217,0.0,3.217,0
2018-12-27,3.215,3.215,3.215,3.215,0.0,3.215,0
2018-12-28,3.215,3.215,3.215,3.215,0.0,3.215,0
2018-12-31,3.224,3.224,3.224,3.224,0.0,3.224,0
2019-01-02,3.224,3.224,3.224,3.224,0.0,3.224,0
2019-01-03,3.213,3.213,3.213,3.213,0.0,3.213,0
2019-01-04,3.213,3.213,3.213,3.213,0.0,3.213,0
2019-01-07,3.215,3.215,3.215,3.215,0.0,3.215,0
2019-01-08,3.21,3.21,3.21,3.21,0.0,3.21,0
2019-01-09,3.21,3.21,3.21,3.21,0.0,3.21,0
2019-01-10,3.209,3.209,3.209,3.209,0.0,3.209,0
2019-01-11,3.216,3.216,3.216,3.216,0.0,3.216,0
2019-01-14,3.215,3.215,3.215,3.215,0.0,3.215,0
2019-01-15,3.207,3.207,3.207,3.207,0.0,3.207,0
2019-01-16,3.176,3.176,3.176,3.176,0.0,3.176,0
2019-01-17,3.176,3.176,3.176,3.176,0.0,3.176,0
2019-01-18,3.189,3.189,3.189,3.189,0.0,3.189,0
2019-01-22,3.202,3.202,3.202,3.202,0.0,3.202,0
2019-01-23,3.203,3.203,3.203,3.203,0.0,3.203,0
2019-01-24,3.18,3.18,3.18,3.18,0.0,3.18,0
2019-01-25,3.225,3.225,3.225,3.225,0.0,3.225,0
2019-01-28,3.209,3.209,3.209,3.209,0.0,3.209,0
2019-01-29,3.212,3.212,3.212,3.212,0.0,3.212,0
2019-01-30,3.214,3.214,3.214,3.214,0.0,3.214,0
2019-01-31,3.215,3.215,3.215,3.215,0.0,3.215,0
2019-02-01,3.216,3.216,3.216,3.216,0.0,3.216,0
2019-02-04,3.203,3.203,3.203,3.203,0.0,3.203,0
2019-02-05,3.261,3.261,3.261,3.261,0.0,3.261,0
2019-02-06,3.258,3.258,3.258,3.258,0.0,3.258,0
2019-02-07,3.254,3.254,3.254,3.254,0.0,3.254,0
2019-02-08,3.256,3.256,3.256,3.256,0.0,3.256,0
2019-02-11,3.261,3.261,3.261,3.261,0.0,3.261,0
2019-02-12,3.269,3.269,3.269,3.269,0.0,3.269,0
2019-02-13,3.267,3.267,3.267,3.267,0.0,3.267,0
2019-02-14,3.274,3.274,3.274,3.274,0.0,3.274,0
2019-02-15,3.254,3.254,3.254,3.254,0.0,3.254,0
2019-02-19,3.245,3.245,3.245,3.245,0.0,3.245,0
2019-02-20,3.257,3.257,3.257,3.257,0.0,3.257,0
2019-02-21,3.244,3.244,3.244,3.244,0.0,3.244,0
2019-02-22,3.241,3.241,3.241,3.241,0.0,3.241,0
2019-02-25,3.233,3.233,3.233,3.233,0.0,3.233,0
2019-02-26,3.215,3.215,3.215,3.215,0.0,3.215,0
2019-02-27,3.251,3.251,3.251,3.251,0.0,3.251,0
2019-02-28,3.262,3.262,3.262,3.262,0.0,3.262,0
2019-03-01,3.261,3.261,3.261,3.261,0.0,3.261,0
2019-03-04,3.257,3.257,3.257,3.257,0.0,3.257,0
2019-03-05,3.255,3.255,3.255,3.255,0.0,3.255,0
2019-03-06,3.258,3.258,3.258,3.258,0.0,3.258,0
2019-03-07,3.263,3.263,3.263,3.263,0.0,3.263,0
2019-03-08,3.263,3.263,3.263,3.263,0.0,3.263,0
2019-03-11,3.29,3.29,3.29,3.29,0.0,3.29,0
2019-03-12,3.305,3.305,3.305,3.305,0.0,3.305,0
2019-03-13,3.314,3.314,3.314,3.314,0.0,3.314,0
2019-03-14,3.322,3.322,3.322,3.322,0.0,3.322,0
2019-03-15,3.323,3.323,3.323,3.323,0.0,3.323,0
2019-03-18,3.322,3.322,3.322,3.322,0.0,3.322,0
2019-03-19,3.323,3.323,3.323,3.323,0.0,3.323,0
2019-03-20,3.321,3.321,3.321,3.321,0.0,3.321,0
2019-03-21,3.331,3.331,3.331,3.331,0.0,3.331,0
2019-03-22,3.321,3.321,3.321,3.321,0.0,3.321,0
2019-03-25,3.32,3.32,3.32,3.32,0.0,3.32,0
2019-03-26,3.322,3.322,3.322,3.322,0.0,3.322,0
2019-03-27,3.313,3.313,3.313,3.313,0.0,3.313,0
2019-03-28,3.316,3.316,3.316,3.316,0.0,3.316,0
2019-03-29,3.315,3.315,3.315,3.315,0.0,3.315,0
2019-04-01,3.314,3.314,3.314,3.314,0.0,3.314,0
2019-04-02,3.321,3.321,3.321,3.321,0.0,3.321,0
2019-04-03,3.328,3.328,3.328,3.328,0.0,3.328,0
2019-04-04,3.359,3.359,3.359,3.359,0.0,3.359,0
2019-04-05,3.327,3.327,3.327,3.327,0.0,3.327,0
2019-04-08,3.33,3.33,3.33,3.33,0.0,3.33,0
2019-04-09,3.337,3.337,3.337,3.337,0.0,3.337,0
2019-04-10,3.315,3.315,3.315,3.315,0.0,3.315,0
2019-04-11,3.313,3.313,3.313,3.313,0.0,3.313,0
2019-04-12,3.313,3.313,3.313,3.313,0.0,3.313,0
2019-04-15,3.313,3.313,3.313,3.313,0.0,3.313,0
2019-04-16,3.314,3.314,3.314,3.314,0.0,3.314,0
2019-04-17,3.304,3.304,3.304,3.304,0.0,3.304,0
2019-04-18,3.289,3.289,3.289,3.289,0.0,3.289,0
2019-04-22,3.277,3.277,3.277,3.277,0.0,3.277,0
2019-04-23,3.272,3.272,3.272,3.272,0.0,3.272,0
2019-04-24,3.282,3.282,3.282,3.282,0.0,3.282,0
2019-04-25,3.292,3.292,3.292,3.292,0.0,3.292,0
2019-04-26,3.289,3.289,3.289,3.289,0.0,3.289,0
2019-04-29,3.296,3.296,3.296,3.296,0.0,3.296,0
2019-04-30,3.301,3.301,3.301,3.301,0.0,3.301,0
2019-05-01,3.303,3.303,3.303,3.303,0.0,3.303,0
2019-05-02,3.3,3.3,3.3,3.3,0.0,3.3,0
2019-05-03,3.313,3.313,3.313,3.313,0.0,3.313,0
2019-05-06,3.316,3.316,3.316,3.316,0.0,3.316,0
2019-05-07,3.316,3.316,3.316,3.316,0.0,3.316,0
2019-05-08,3.31,3.31,3.31,3.31,0.0,3.31,0
2019-05-09,3.317,3.317,3.317,3.317,0.0,3.317,0
2019-05-10,3.308,3.308,3.308,3.308,0.0,3.308,0
2019-05-13,3.311,3.311,3.311,3.311,0.0,3.311,0
2019-05-14,3.322,3.322,3.322,3.322,0.0,3.322,0
2019-05-15,3.34,3.34,3.34,3.34,0.0,3.34,0
2019-05-16,3.336,3.336,3.336,3.336,0.0,3.336,0
2019-05-17,3.34,3.34,3.34,3.34,0.0,3.34,0
2019-05-20,3.345,3.345,3.345,3.345,0.0,3.345,0
2019-05-21,3.348,3.348,3.348,3.348,0.0,3.348,0
2019-05-22,3.302,3.302,3.302,3.302,0.0,3.302,0
2019-05-23,3.314,3.314,3.314,3.314,0.0,3.314,0
2019-05-24,3.324,3.324,3.324,3.324,0.0,3.324,0
2019-05-28,3.365,3.365,3.365,3.365,0.0,3.365,0
2019-05-29,3.346,3.346,3.346,3.346,0.0,3.346,0
2019-05-30,3.344,3.344,3.344,3.344,0.0,3.344,0
2019-05-31,3.342,3.342,3.342,3.342,0.0,3.342,0
2019-06-03,3.33,3.33,3.33,3.33,0.0,3.33,0
2019-06-04,3.347,3.347,3.347,3.347,0.0,3.347,0
2019-06-05,3.351,3.351,3.351,3.351,0.0,3.351,0
2019-06-06,3.361,3.361,3.361,3.361,0.0,3.361,0
2019-06-07,3.362,3.362,3.362,3.362,0.0,3.362,0
2019-06-10,3.351,3.351,3.351,3.351,0.0,3.351,0
2019-06-11,3.351,3.351,3.351,3.351,0.0,3.351,0
2019-06-12,3.348,3.348,3.348,3.348,0.0,3.348,0
2019-06-13,3.349,3.349,3.349,3.349,0.0,3.349,0
2019-06-14,3.354,3.354,3.354,3.354,0.0,3.354,0
2019-06-17,3.357,3.357,3.357,3.357,0.0,3.357,0
2019-06-18,3.34,3.34,3.34,3.34,0.0,3.34,0
2019-06-19,3.341,3.341,3.341,3.341,0.0,3.341,0
2019-06-20,3.345,3.345,3.345,3.345,0.0,3.345,0
2019-06-21,3.36,3.36,3.36,3.36,0.0,3.36,0
2019-06-24,3.36,3.36,3.36,3.36,0.0,3.36,0
2019-06-25,3.359,3.359,3.359,3.359,0.0,3.359,0
2019-06-26,3.351,3.351,3.351,3.351,0.0,3.351,0
2019-06-27,3.347,3.347,3.347,3.347,0.0,3.347,0
2019-06-28,3.319,3.319,3.319,3.319,0.0,3.319,0
2019-07-01,3.312,3.312,3.312,3.312,0.0,3.312,0
2019-07-02,3.321,3.321,3.321,3.321,0.0,3.321,0
2019-07-03,3.32,3.32,3.32,3.32,0.0,3.32,0
2019-07-05,3.346,3.346,3.346,3.346,0.0,3.346,0
2019-07-08,3.342,3.342,3.342,3.342,0.0,3.342,0
2019-07-09,3.381,3.381,3.381,3.381,0.0,3.381,0
2019-07-10,3.373,3.373,3.373,3.373,0.0,3.373,0
2019-07-11,3.381,3.381,3.381,3.381,0.0,3.381,0
2019-07-12,3.389,3.389,3.389,3.389,0.0,3.389,0
2019-07-15,3.394,3.394,3.394,3.394,0.0,3.394,0
2019-07-16,3.37,3.37,3.37,3.37,0.0,3.37,0
2019-07-17,3.367,3.367,3.367,3.367,0.0,3.367,0
2019-07-18,3.386,3.386,3.386,3.386,0.0,3.386,0
2019-07-19,3.379,3.379,3.379,3.379,0.0,3.379,0
2019-07-22,3.306,3.306,3.306,3.306,0.0,3.306,0
2019-07-23,3.344,3.344,3.344,3.344,0.0,3.344,0
2019-07-24,3.337,3.337,3.337,3.337,0.0,3.337,0
2019-07-25,3.338,3.338,3.338,3.338,0.0,3.338,0
2019-07-26,3.332,3.332,3.332,3.332,0.0,3.332,0
2019-07-29,3.321,3.321,3.321,3.321,0.0,3.321,0
2019-07-30,3.324,3.324,3.324,3.324,0.0,3.324,0
2019-07-31,3.33,3.33,3.33,3.33,0.0,3.33,0
2019-08-01,3.333,3.333,3.333,3.333,0.0,3.333,0
2019-08-02,3.32,3.32,3.32,3.32,0.0,3.32,0
2019-08-05,3.318,3.318,3.318,3.318,0.0,3.318,0
2019-08-06,3.319,3.319,3.319,3.319,0.0,3.319,0
2019-08-07,3.324,3.324,3.324,3.324,0.0,3.324,0
2019-08-08,3.293,3.293,3.293,3.293,0.0,3.293,0
2019-08-09,3.282,3.282,3.282,3.282,0.0,3.282,0
2019-08-12,3.241,3.241,3.241,3.241,0.0,3.241,0
2019-08-13,3.223,3.223,3.223,3.223,0.0,3.223,0
2019-08-14,3.167,3.167,3.167,3.167,0.0,3.167,0
2019-08-15,3.167,3.167,3.167,3.167,0.0,3.167,0
2019-08-16,3.15,3.15,3.15,3.15,0.0,3.15,0
2019-08-19,3.155,3.155,3.155,3.155,0.0,3.155,0
2019-08-20,3.158,3.158,3.158,3.158,0.0,3.158,0
2019-08-21,3.163,3.163,3.163,3.163,0.0,3.163,0
2019-08-22,3.167,3.167,3.167,3.167,0.0,3.167,0
2019-08-23,3.197,3.197,3.197,3.197,0.0,3.197,0
2019-08-26,3.186,3.186,3.186,3.186,0.0,3.186,0
2019-08-27,3.206,3.206,3.206,3.206,0.0,3.206,0
2019-08-28,3.225,3.225,3.225,3.225,0.0,3.225,0
2019-08-29,3.213,3.213,3.213,3.213,0.0,3.213,0
2019-08-30,3.154,3.154,3.154,3.154,0.0,3.154,0
2019-09-03,3.168,3.168,3.168,3.168,0.0,3.168,0
2019-09-04,3.129,3.129,3.129,3.129,0.0,3.129,0
2019-09-05,3.141,3.141,3.141,3.141,0.0,3.141,0
2019-09-06,3.128,3.128,3.128,3.128,0.0,3.128,0
2019-09-09,3.099,3.099,3.099,3.099,0.0,3.099,0
2019-09-10,3.103,3.103,3.103,3.103,0.0,3.103,0
2019-09-11,3.098,3.098,3.098,3.098,0.0,3.098,0
2019-09-12,3.103,3.103,3.103,3.103,0.0,3.103,0
2019-09-13,3.068,3.068,3.068,3.068,0.0,3.068,0
2019-09-16,3.098,3.098,3.098,3.098,0.0,3.098,0
2019-09-17,3.062,3.062,3.062,3.062,0.0,3.062,0
2019-09-18,3.075,3.075,3.075,3.075,0.0,3.075,0
2019-09-19,3.069,3.069,3.069,3.069,0.0,3.069,0
2019-09-20,3.08,3.08,3.08,3.08,0.0,3.08,0
2019-09-23,3.077,3.077,3.077,3.077,0.0,3.077,0
2019-09-24,3.068,3.068,3.068,3.068,0.0,3.068,0
2019-09-25,3.067,3.067,3.067,3.067,0.0,3.067,0
2019-09-26,3.068,3.068,3.068,3.068,0.0,3.068,0
2019-09-27,2.999,2.999,2.999,2.999,0.0,2.999,0
2019-09-30,3.061,3.061,3.061,3.061,0.0,3.061,0
2019-10-01,3.01,3.01,3.01,3.01,0.0,3.01,0
2019-10-02,3.038,3.038,3.038,3.038,0.0,3.038,0
2019-10-03,3.023,3.023,3.023,3.023,0.0,3.023,0
2019-10-04,3.013,3.013,3.013,3.013,0.0,3.013,0
2019-10-07,3.017,3.017,3.017,3.017,0.0,3.017,0
2019-10-08,2.993,2.993,2.993,2.993,0.0,2.993,0
2019-10-09,3.004,3.004,3.004,3.004,0.0,3.004,0
2019-10-10,3.005,3.005,3.005,3.005,0.0,3.005,0
2019-10-11,3.016,3.016,3.016,3.016,0.0,3.016,0
2019-10-14,3.031,3.031,3.031,3.031,0.0,3.031,0
2019-10-15,3.047,3.047,3.047,3.047,0.0,3.047,0
2019-10-16,3.049,3.049,3.049,3.049,0.0,3.049,0
2019-10-17,3.046,3.046,3.046,3.046,0.0,3.046,0
2019-10-18,3.041,3.041,3.041,3.041,0.0,3.041,0
2019-10-21,3.036,3.036,3.036,3.036,0.0,3.036,0
2019-10-22,3.04,3.04,3.04,3.04,0.0,3.04,0
2019-10-23,3.034,3.034,3.034,3.034,0.0,3.034,0
2019-10-24,3.038,3.038,3.038,3.038,0.0,3.038,0
2019-10-25,3.036,3.036,3.036,3.036,0.0,3.036,0
2019-10-28,3.045,3.045,3.045,3.045,0.0,3.045,0
2019-10-29,3.061,3.061,3.061,3.061,0.0,3.061,0
2019-10-30,3.068,3.068,3.068,3.068,0.0,3.068,0
2019-10-31,3.066,3.066,3.066,3.066,0.0,3.066,0
2019-11-01,3.075,3.075,3.075,3.075,0.0,3.075,0
2019-11-04,3.011,3.011,3.011,3.011,0.0,3.011,0
2019-11-05,2.99,2.99,2.99,2.99,0.0,2.99,0
2019-11-06,3.001,3.001,3.001,3.001,0.0,3.001,0
2019-11-07,2.948,2.948,2.948,2.948,0.0,2.948,0
2019-11-08,2.955,2.955,2.955,2.955,0.0,2.955,0
2019-11-11,2.946,2.946,2.946,2.946,0.0,2.946,0
2019-11-12,2.886,2.886,2.886,2.886,0.0,2.886,0
2019-11-13,2.887,2.887,2.887,2.887,0.0,2.887,0
2019-11-14,2.874,2.874,2.874,2.874,0.0,2.874,0
2019-11-15,2.88,2.88,2.88,2.88,0.0,2.88,0
2019-11-18,2.884,2.884,2.884,2.884,0.0,2.884,0
2019-11-19,2.896,2.896,2.896,2.896,0.0,2.896,0
2019-11-20,2.908,2.908,2.908,2.908,0.0,2.908,0
2019-11-21,2.915,2.915,2.915,2.915,0.0,2.915,0
2019-11-22,2.915,2.915,2.915,2.915,0.0,2.915,0
2019-11-25,2.897,2.897,2.897,2.897,0.0,2.897,0
2019-11-26,2.891,2.891,2.891,2.891,0.0,2.891,0
2019-11-27,2.895,2.895,2.895,2.895,0.0,2.895,0
2019-11-29,2.853,2.853,2.853,2.853,0.0,2.853,0
2019-12-02,2.879,2.879,2.879,2.879,0.0,2.879,0
2019-12-03,2.848,2.848,2.848,2.848,0.0,2.848,0
2019-12-04,2.847,2.847,2.847,2.847,0.0,2.847,0
2019-12-05,2.839,2.839,2.839,2.839,0.0,2.839,0
2019-12-06,2.794,2.794,2.794,2.794,0.0,2.794,0
2019-12-09,2.766,2.766,2.766,2.766,0.0,2.766,0
2019-12-10,2.775,2.775,2.775,2.775,0.0,2.775,0
2019-12-11,2.772,2.772,2.772,2.772,0.0,2.772,0
2019-12-12,2.777,2.777,2.777,2.777,0.0,2.777,0
2019-12-13,2.76,2.76,2.76,2.76,0.0,2.76,0
2019-12-16,2.774,2.774,2.774,2.774,0.0,2.774,0
2019-12-17,2.776,2.776,2.776,2.776,0.0,2.776,0
2019-12-18,2.7,2.7,2.7,2.7,0.0,2.7,0
2019-12-19,2.599,2.599,2.599,2.599,0.0,2.599,0
2019-12-20,2.59,2.59,2.59,2.59,0.0,2.59,0
2019-12-23,2.597,2.597,2.597,2.597,0.0,2.597,0
2019-12-24,2.595,2.595,2.595,2.595,0.0,2.595,0
2019-12-26,2.583,2.583,2.583,2.583,0.0,2.583,0
2019-12-27,2.581,2.581,2.581,2.581,0.0,2.581,0
2019-12-30,2.578,2.578,2.578,2.578,0.0,2.578,0
2019-12-31,2.587,2.587,2.587,2.587,0.0,2.587,0
2020-01-02,2.582,2.582,2.582,2.582,0.0,2.582,0
2020-01-03,2.582,2.582,2.582,2.582,0.0,2.582,0
2020-01-06,2.586,2.586,2.586,2.586,0.0,2.586,0
2020-01-07,2.591,2.591,2.591,2.591,0.0,2.591,0
2020-01-08,2.594,2.594,2.594,2.594,0.0,2.594,0
2020-01-09,2.605,2.605,2.605,2.605,0.0,2.605,0
2020-01-10,2.607,2.607,2.607,2.607,0.0,2.607,0
2020-01-13,2.607,2.607,2.607,2.607,0.0,2.607,0
2020-01-14,2.606,2.606,2.606,2.606,0.0,2.606,0
2020-01-15,2.605,2.605,2.605,2.605,0.0,2.605,0
2020-01-16,2.612,2.612,2.612,2.612,0.0,2.612,0
2020-01-17,2.622,2.622,2.622,2.622,0.0,2.622,0
2020-01-21,2.612,2.612,2.612,2.612,0.0,2.612,0
2020-01-22,2.624,2.624,2.624,2.624,0.0,2.624,0
2020-01-23,2.616,2.616,2.616,2.616,0.0,2.616,0
2020-01-24,2.628,2.628,2.628,2.628,0.0,2.628,0
2020-01-27,2.587,2.587,2.587,2.587,0.0,2.587,0
2020-01-28,2.597,2.597,2.597,2.597,0.0,2.597,0
2020-01-29,2.582,2.582,2.582,2.582,0.0,2.582,0
2020-01-30,2.553,2.553,2.553,2.553,0.0,2.553,0
2020-01-31,2.554,2.554,2.554,2.554,0.0,2.554,0
2020-02-03,2.549,2.549,2.549,2.549,0.0,2.549,0
2020-02-04,2.545,2.545,2.545,2.545,0.0,2.545,0
2020-02-05,2.512,2.512,2.512,2.512,0.0,2.512,0
2020-02-06,2.516,2.516,2.516,2.516,0.0,2.516,0
2020-02-07,2.534,2.534,2.534,2.534,0.0,2.534,0
2020-02-10,2.526,2.526,2.526,2.526,0.0,2.526,0
2020-02-11,2.485,2.485,2.485,2.485,0.0,2.485,0
2020-02-12,2.492,2.492,2.492,2.492,0.0,2.492,0
2020-02-13,2.482,2.482,2.482,2.482,0.0,2.482,0
2020-02-14,2.508,2.508,2.508,2.508,0.0,2.508,0
2020-02-18,2.481,2.481,2.481,2.481,0.0,2.481,0
2020-02-19,2.527,2.527,2.527,2.527,0.0,2.527,0
2020-02-20,2.527,2.527,2.527,2.527,0.0,2.527,0
2020-02-21,2.517,2.517,2.517,2.517,0.0,2.517,0
2020-02-24,2.523,2.523,2.523,2.523,0.0,2.523,0
2020-02-25,2.526,2.526,2.526,2.526,0.0,2.526,0
2020-02-26,2.549,2.549,2.549,2.549,0.0,2.549,0
2020-02-27,2.539,2.539,2.539,2.539,0.0,2.539,0
2020-02-28,2.557,2.557,2.557,2.557,0.0,2.557,0
2020-03-02,2.612,2.612,2.612,2.612,0.0,2.612,0
2020-03-03,2.638,2.638,2.638,2.638,0.0,2.638,0
2020-03-04,2.627,2.627,2.627,2.627,0.0,2.627,0
2020-03-05,2.592,2.592,2.592,2.592,0.0,2.592,0
2020-03-06,2.605,2.605,2.605,2.605,0.0,2.605,0
2020-03-09,2.642,2.642,2.642,2.642,0.0,2.642,0
2020-03-10,2.642,2.642,2.642,2.642,0.0,2.642,0
2020-03-11,2.604,2.604,2.604,2.604,0.0,2.604,0
2020-03-12,2.554,2.554,2.554,2.554,0.0,2.554,0
2020-03-13,2.549,2.549,2.549,2.549,0.0,2.549,0
2020-03-16,2.538,2.538,2.538,2.538,0.0,2.538,0
2020-03-17,2.567,2.567,2.567,2.567,0.0,2.567,0
2020-03-18,2.573,2.573,2.573,2.573,0.0,2.573,0
2020-03-19,2.586,2.586,2.586,2.586,0.0,2.586,0
2020-03-20,2.58,2.58,2.58,2.58,0.0,2.58,0
2020-03-23,2.575,2.575,2.575,2.575,0.0,2.575,0
2020-03-24,2.532,2.532,2.532,2.532,0.0,2.532,0
2020-03-25,2.527,2.527,2.527,2.527,0.0,2.527,0
2020-03-26,2.493,2.493,2.493,2.493,0.0,2.493,0
2020-03-27,2.515,2.515,2.515,2.515,0.0,2.515,0
2020-03-30,2.523,2.523,2.523,2.523,0.0,2.523,0
2020-03-31,2.511,2.511,2.511,2.511,0.0,2.511,0
2020-04-01,2.481,2.481,2.481,2.481,0.0,2.481,0
2020-04-02,2.467,2.467,2.467,2.467,0.0,2.467,0
2020-04-03,2.451,2.451,2.451,2.451,0.0,2.451,0
2020-04-06,2.467,2.467,2.467,2.467,0.0,2.467,0
2020-04-07,2.461,2.461,2.461,2.461,0.0,2.461,0
2020-04-08,2.478,2.478,2.478,2.478,0.0,2.478,0
2020-04-09,2.444,2.444,2.444,2.444,0.0,2.444,0
2020-04-13,2.49,2.49,2.49,2.49,0.0,2.49,0
2020-04-14,2.472,2.472,2.472,2.472,0.0,2.472,0
2020-04-15,2.441,2.441,2.441,2.441,0.0,2.441,0
2020-04-16,2.446,2.446,2.446,2.446,0.0,2.446,0
2020-04-17,2.447,2.447,2.447,2.447,0.0,2.447,0
2020-04-20,2.483,2.483,2.483,2.483,0.0,2.483,0
2020-04-22,2.494,2.494,2.494,2.494,0.0,2.494,0
2020-04-23,2.448,2.448,2.448,2.448,0.0,2.448,0
2020-04-24,2.446,2.446,2.446,2.446,0.0,2.446,0
2020-04-27,2.472,2.472,2.472,2.472,0.0,2.472,0
2020-04-28,2.464,2.464,2.464,2.464,0.0,2.464,0
2020-04-29,2.459,2.459,2.459,2.459,0.0,2.459,0
2020-04-30,2.434,2.434,2.434,2.434,0.0,2.434,0
2020-05-01,2.417,2.417,2.417,2.417,0.0,2.417,0
2020-05-04,2.388,2.388,2.388,2.388,0.0,2.388,0
2020-05-05,2.375,2.375,2.375,2.375,0.0,2.375,0
2020-05-06,2.414,2.414,2.414,2.414,0.0,2.414,0
2020-05-07,2.361,2.361,2.361,2.361,0.0,2.361,0
2020-05-08,2.35,2.35,2.35,2.35,0.0,2.35,0
2020-05-11,2.326,2.326,2.326,2.326,0.0,2.326,0
2020-05-12,2.33,2.33,2.33,2.33,0.0,2.33,0
2020-05-13,2.279,2.279,2.279,2.279,0.0,2.279,0
2020-05-14,2.253,2.253,2.253,2.253,0.0,2.253,0
2020-05-15,2.314,2.314,2.314,2.314,0.0,2.314,0
2020-05-18,2.332,2.332,2.332,2.332,0.0,2.332,0
2020-05-19,2.329,2.329,2.329,2.329,0.0,2.329,0
2020-05-20,2.276,2.276,2.276,2.276,0.0,2.276,0
2020-05-21,2.267,2.267,2.267,2.267,0.0,2.267,0
2020-05-22,2.31,2.31,2.31,2.31,0.0,2.31,0
2020-05-26,2.28,2.28,2.28,2.28,0.0,2.28,0
2020-05-27,2.408,2.408,2.408,2.408,0.0,2.408,0
2020-05-28,2.4,2.4,2.4,2.4,0.0,2.4,0
2020-05-29,2.394,2.394,2.394,2.394,0.0,2.394,0
2020-06-01,2.376,2.376,2.376,2.376,0.0,2.376,0
2020-06-02,2.381,2.381,2.381,2.381,0.0,2.381,0
2020-06-03,2.368,2.368,2.368,2.368,0.0,2.368,0
2020-06-04,2.377,2.377,2.377,2.377,0.0,2.377,0
2020-06-05,2.371,2.371,2.371,2.371,0.0,2.371,0
2020-06-08,2.385,2.385,2.385,2.385,0.0,2.385,0
2020-06-09,2.407,2.407,2.407,2.407,0.0,2.407,0
2020-06-10,2.412,2.412,2.412,2.412,0.0,2.412,0
2020-06-11,2.407,2.407,2.407,2.407,0.0,2.407,0
2020-06-12,2.396,2.396,2.396,2.396,0.0,2.396,0
2020-06-15,2.423,2.423,2.423,2.423,0.0,2.423,0
2020-06-16,2.43,2.43,2.43,2.43,0.0,2.43,0
2020-06-17,2.425,2.425,2.425,2.425,0.0,2.425,0
2020-06-18,2.424,2.424,2.424,2.424,0.0,2.424,0
2020-06-19,2.407,2.407,2.407,2.407,0.0,2.407,0
2020-06-22,2.395,2.395,2.395,2.395,0.0,2.395,0
2020-06-23,2.394,2.394,2.394,2.394,0.0,2.394,0
2020-06-24,2.441,2.441,2.441,2.441,0.0,2.441,0
2020-06-25,2.494,2.494,2.494,2.494,0.0,2.494,0
2020-06-26,2.521,2.521,2.521,2.521,0.0,2.521,0
2020-06-29,2.519,2.519,2.519,2.519,0.0,2.519,0
2020-06-30,2.519,2.519,2.519,2.519,0.0,2.519,0
2020-07-01,2.532,2.532,2.532,2.532,0.0,2.532,0
2020-07-02,2.576,2.576,2.576,2.576,0.0,2.576,0
2020-07-06,2.555,2.555,2.555,2.555,0.0,2.555,0
2020-07-07,2.528,2.528,2.528,2.528,0.0,2.528,0
2020-07-08,2.551,2.551,2.551,2.551,0.0,2.551,0
2020-07-09,2.536,2.536,2.536,2.536,0.0,2.536,0
2020-07-10,2.518,2.518,2.518,2.518,0.0,2.518,0
2020-07-13,2.514,2.514,2.514,2.514,0.0,2.514,0
2020-07-14,2.513,2.513,2.513,2.513,0.0,2.513,0
2020-07-15,2.523,2.523,2.523,2.523,0.0,2.523,0
2020-07-16,2.516,2.516,2.516,2.516,0.0,2.516,0
2020-07-17,2.513,2.513,2.513,2.513,0.0,2.513,0
2020-07-20,2.504,2.504,2.504,2.504,0.0,2.504,0
2020-07-21,2.525,2.525,2.525,2.525,0.0,2.525,0
2020-07-22,2.534,2.534,2.534,2.534,0.0,2.534,0
2020-07-23,2.618,2.618,2.618,2.618,0.0,2.618,0
2020-07-24,2.557,2.557,2.557,2.557,0.0,2.557,0
2020-07-27,2.633,2.633,2.633,2.633,0.0,2.633,0
2020-07-28,2.63,2.63,2.63,2.63,0.0,2.63,0
2020-07-29,2.635,2.635,2.635,2.635,0.0,2.635,0
2020-07-30,2.677,2.677,2.677,2.677,0.0,2.677,0
2020-07-31,2.777,2.777,2.777,2.777,0.0,2.777,0
2020-08-03,2.824,2.824,2.824,2.824,0.0,2.824,0
2020-08-04,2.818,2.818,2.818,2.818,0.0,2.818,0
2020-08-05,2.851,2.851,2.851,2.851,0.0,2.851,0
2020-08-06,2.876,2.876,2.876,2.876,0.0,2.876,0
2020-08-07,2.938,2.938,2.938,2.938,0.0,2.938,0
2020-08-10,2.906,2.906,2.906,2.906,0.0,2.906,0
2020-08-11,2.821,2.821,2.821,2.821,0.0,2.821,0
2020-08-12,2.798,2.798,2.798,2.798,0.0,2.798,0
2020-08-13,2.818,2.818,2.818,2.818,0.0,2.818,0
2020-08-14,2.804,2.804,2.804,2.804,0.0,2.804,0
2020-08-17,2.804,2.804,2.804,2.804,0.0,2.804,0
2020-08-18,2.799,2.799,2.799,2.799,0.0,2.799,0
2020-08-19,2.794,2.794,2.794,2.794,0.0,2.794,0
2020-08-20,2.792,2.792,2.792,2.792,0.0,2.792,0
2020-08-21,2.787,2.787,2.787,2.787,0.0,2.787,0
2020-08-24,2.782,2.782,2.782,2.782,0.0,2.782,0
2020-08-25,2.775,2.775,2.775,2.775,0.0,2.775,0
2020-08-26,2.803,2.803,2.803,2.803,0.0,2.803,0
2020-08-27,2.812,2.812,2.812,2.812,0.0,2.812,0
2020-08-28,2.8,2.8,2.8,2.8,0.0,2.8,0
2020-08-31,2.774,2.774,2.774,2.774,0.0,2.774,0
2020-09-01,2.772,2.772,2.772,2.772,0.0,2.772,0
2020-09-02,2.766,2.766,2.766,2.766,0.0,2.766,0
2020-09-03,2.763,2.763,2.763,2.763,0.0,2.763,0
2020-09-04,2.689,2.689,2.689,2.689,0.0,2.689,0
2020-09-08,2.69,2.69,2.69,2.69,0.0,2.69,0
2020-09-09,2.676,2.676,2.676,2.676,0.0,2.676,0
2020-09-10,2.658,2.658,2.658,2.658,0.0,2.658,0
2020-09-11,2.635,2.635,2.635,2.635,0.0,2.635,0
2020-09-14,2.608,2.608,2.608,2.608,0.0,2.608,0
2020-09-15,2.615,2.615,2.615,2.615,0.0,2.615,0
2020-09-16,2.47,2.47,2.47,2.47,0.0,2.47,0
2020-09-17,2.458,2.458,2.458,2.458,0.0,2.458,0
2020-09-18,2.479,2.479,2.479,2.479,0.0,2.479,0
2020-09-21,2.45,2.45,2.45,2.45,0.0,2.45,0
2020-09-22,2.489,2.489,2.489,2.489,0.0,2.489,0
2020-09-23,2.529,2.529,2.529,2.529,0.0,2.529,0
2020-09-24,2.555,2.555,2.555,2.555,0.0,2.555,0
2020-09-25,2.574,2.574,2.574,2.574,0.0,2.574,0
2020-09-28,2.582,2.582,2.582,2.582,0.0,2.582,0
2020-09-29,2.553,2.553,2.553,2.553,0.0,2.553,0
2020-09-30,2.534,2.534,2.534,2.534,0.0,2.534,0
2020-10-01,2.514,2.514,2.514,2.514,0.0,2.514,0
2020-10-02,2.511,2.511,2.511,2.511,0.0,2.511,0
2020-10-05,2.489,2.489,2.489,2.489,0.0,2.489,0
2020-10-06,2.496,2.496,2.496,2.496,0.0,2.496,0
2020-10-07,2.519,2.519,2.519,2.519,0.0,2.519,0
2020-10-08,2.494,2.494,2.494,2.494,0.0,2.494,0
2020-10-09,2.524,2.524,2.524,2.524,0.0,2.524,0
2020-10-12,2.51,2.51,2.51,2.51,0.0,2.51,0
2020-10-13,2.49,2.49,2.49,2.49,0.0,2.49,0
2020-10-14,2.517,2.517,2.517,2.517,0.0,2.517,0
2020-10-15,2.503,2.503,2.503,2.503,0.0,2.503,0
2020-10-16,2.506,2.506,2.506,2.506,0.0,2.506,0
2020-10-19,2.549,2.549,2.549,2.549,0.0,2.549,0
2020-10-20,2.49,2.49,2.49,2.49,0.0,2.49,0
2020-10-21,2.511,2.511,2.511,2.511,0.0,2.511,0
2020-10-22,2.513,2.513,2.513,2.513,0.0,2.513,0
2020-10-23,2.575,2.575,2.575,2.575,0.0,2.575,0
2020-10-26,2.488,2.488,2.488,2.488,0.0,2.488,0
2020-10-27,2.522,2.522,2.522,2.522,0.0,2.522,0
2020-10-28,2.572,2.572,2.572,2.572,0.0,2.572,0
2020-10-29,2.584,2.584,2.584,2.584,0.0,2.584,0
2020-10-30,2.601,2.601,2.601,2.601,0.0,2.601,0
2020-11-02,2.494,2.494,2.494,2.494,0.0,2.494,0
2020-11-03,2.583,2.583,2.583,2.583,0.0,2.583,0
2020-11-04,2.58,2.58,2.58,2.58,0.0,2.58,0
2020-11-05,2.575,2.575,2.575,2.575,0.0,2.575,0
2020-11-06,2.565,2.565,2.565,2.565,0.0,2.565,0
2020-11-09,2.561,2.561,2.561,2.561,0.0,2.561,0
2020-11-10,2.571,2.571,2.571,2.571,0.0,2.571,0
2020-11-11,2.586,2.586,2.586,2.586,0.0,2.586,0
2020-11-12,2.583,2.583,2.583,2.583,0.0,2.583,0
2020-11-13,2.457,2.457,2.457,2.457,0.0,2.457,0
2020-11-16,2.454,2.454,2.454,2.454,0.0,2.454,0
2020-11-17,2.471,2.471,2.471,2.471,0.0,2.471,0
2020-11-18,2.495,2.495,2.495,2.495,0.0,2.495,0
2020-11-19,2.495,2.495,2.495,2.495,0.0,2.495,0
2020-11-20,2.488,2.488,2.488,2.488,0.0,2.488,0
2020-11-23,2.482,2.482,2.482,2.482,0.0,2.482,0
2020-11-24,2.484,2.484,2.484,2.484,0.0,2.484,0
2020-11-25,2.467,2.467,2.467,2.467,0.0,2.467,0
2020-11-27,2.463,2.463,2.463,2.463,0.0,2.463,0
2020-11-30,2.449,2.449,2.449,2.449,0.0,2.449,0
2020-12-01,2.511,2.511,2.511,2.511,0.0,2.511,0
2020-12-02,2.556,2.556,2.556,2.556,0.0,2.556,0
2020-12-03,2.528,2.528,2.528,2.528,0.0,2.528,0
2020-12-04,2.568,2.568,2.568,2.568,0.0,2.568,0
2020-12-07,2.539,2.539,2.539,2.539,0.0,2.539,0
2020-12-08,2.527,2.527,2.527,2.527,0.0,2.527,0
2020-12-09,2.537,2.537,2.537,2.537,0.0,2.537,0
2020-12-10,2.542,2.542,2.542,2.542,0.0,2.542,0
2020-12-11,2.561,2.561,2.561,2.561,0.0,2.561,0
2020-12-14,2.555,2.555,2.555,2.555,0.0,2.555,0
2020-12-15,2.54,2.54,2.54,2.54,0.0,2.54,0
2020-12-16,2.552,2.552,2.552,2.552,0.0,2.552,0
2020-12-17,2.54,2.54,2.54,2.54,0.0,2.54,0
2020-12-18,2.554,2.554,2.554,2.554,0.0,2.554,0
2020-12-21,2.525,2.525,2.525,2.525,0.0,2.525,0
2020-12-22,2.57,2.57,2.57,2.57,0.0,2.57,0
2020-12-23,2.565,2.565,2.565,2.565,0.0,2.565,0
2020-12-24,2.577,2.577,2.577,2.577,0.0,2.577,0
2020-12-28,2.496,2.496,2.496,2.496,0.0,2.496,0
2020-12-29,2.565,2.565,2.565,2.565,0.0,2.565,0
2020-12-30,2.536,2.536,2.536,2.536,0.0,2.536,0
2020-12-31,2.538,2.538,2.538,2.538,0.0,2.538,0
2021-01-04,2.546,2.546,2.546,2.546,0.0,2.546,0
2021-01-05,2.561,2.561,2.561,2.561,0.0,2.561,0
2021-01-06,2.594,2.594,2.594,2.594,0.0,2.594,0
2021-01-07,2.562,2.562,2.562,2.562,0.0,2.562,0
2021-01-08,2.546,2.546,2.546,2.546,0.0,2.546,0
2021-01-11,2.549,2.549,2.549,2.549,0.0,2.549,0
2021-01-12,2.556,2.556,2.556,2.556,0.0,2.556,0
2021-01-13,2.587,2.587,2.587,2.587,0.0,2.587,0
2021-01-14,2.535,2.535,2.535,2.535,0.0,2.535,0
2021-01-15,2.571,2.571,2.571,2.571,0.0,2.571,0
2021-01-19,2.617,2.617,2.617,2.617,0.0,2.617,0
2021-01-20,2.631,2.631,2.631,2.631,0.0,2.631,0
2021-01-21,2.672,2.672,2.672,2.672,0.0,2.672,0
2021-01-22,2.672,2.672,2.672,2.672,0.0,2.672,0
2021-01-25,2.629,2.629,2.629,2.629,0.0,2.629,0
2021-01-26,2.658,2.658,2.658,2.658,0.0,2.658,0
2021-01-27,2.673,2.673,2.673,2.673,0.0,2.673,0
2021-01-28,2.672,2.672,2.672,2.672,0.0,2.672,0
2021-01-29,2.616,2.616,2.616,2.616,0.0,2.616,0
2021-02-01,2.62,2.62,2.62,2.62,0.0,2.62,0
2021-02-02,2.616,2.616,2.616,2.616,0.0,2.616,0
2021-02-03,2.597,2.597,2.597,2.597,0.0,2.597,0
2021-02-04,2.573,2.573,2.573,2.573,0.0,2.573,0
2021-02-05,2.582,2.582,2.582,2.582,0.0,2.582,0
2021-02-08,2.602,2.602,2.602,2.602,0.0,2.602,0
2021-02-09,2.602,2.602,2.602,2.602,0.0,2.602,0
2021-02-10,2.607,2.607,2.607,2.607,0.0,2.607,0
2021-02-11,2.594,2.594,2.594,2.594,0.0,2.594,0
2021-02-12,2.588,2.588,2.588,2.588,0.0,2.588,0
2021-02-16,2.605,2.605,2.605,2.605,0.0,2.605,0
2021-02-17,2.6,2.6,2.6,2.6,0.0,2.6,0
2021-02-18,2.59,2.59,2.59,2.59,0.0,2.59,0
2021-02-19,2.586,2.586,2.586,2.586,0.0,2.586,0
2021-02-22,2.588,2.588,2.588,2.588,0.0,2.588,0
2021-02-23,2.593,2.593,2.593,2.593,0.0,2.593,0
2021-02-24,2.587,2.587,2.587,2.587,0.0,2.587,0
2021-02-25,2.536,2.536,2.536,2.536,0.0,2.536,0
2021-02-26,2.556,2.556,2.556,2.556,0.0,2.556,0
2021-03-01,2.574,2.574,2.574,2.574,0.0,2.574,0
2021-03-02,2.573,2.573,2.573,2.573,0.0,2.573,0
2021-03-03,2.548,2.548,2.548,2.548,0.0,2.548,0
2021-03-04,2.506,2.506,2.506,2.506,0.0,2.506,0
2021-03-05,2.512,2.512,2.512,2.512,0.0,2.512,0
2021-03-08,2.53,2.53,2.53,2.53,0.0,2.53,0
2021-03-09,2.537,2.537,2.537,2.537,0.0,2.537,0
2021-03-10,2.535,2.535,2.535,2.535,0.0,2.535,0
2021-03-11,2.532,2.532,2.532,2.532,0.0,2.532,0
2021-03-12,2.549,2.549,2.549,2.549,0.0,2.549,0
2021-03-15,2.522,2.522,2.522,2.522,0.0,2.522,0
2021-03-16,2.554,2.554,2.554,2.554,0.0,2.554,0
2021-03-17,2.535,2.535,2.535,2.535,0.0,2.535,0
2021-03-18,2.549,2.549,2.549,2.549,0.0,2.549,0
2021-03-19,2.555,2.555,2.555,2.555,0.0,2.555,0
2021-03-22,2.551,2.551,2.551,2.551,0.0,2.551,0
2021-03-23,2.565,2.565,2.565,2.565,0.0,2.565,0
2021-03-24,2.568,2.568,2.568,2.568,0.0,2.568,0
2021-03-25,2.568,2.568,2.568,2.568,0.0,2.568,0
2021-03-26,2.57,2.57,2.57,2.57,0.0,2.57,0
2021-03-29,2.614,2.614,2.614,2.614,0.0,2.614,0
2021-03-30,2.625,2.625,2.625,2.625,0.0,2.625,0
2021-03-31,2.621,2.621,2.621,2.621,0.0,2.621,0
2021-04-01,2.65,2.65,2.65,2.65,0.0,2.65,0
2021-04-05,2.637,2.637,2.637,2.637,0.0,2.637,0
2021-04-06,2.614,2.614,2.614,2.614,0.0,2.614,0
2021-04-07,2.617,2.617,2.617,2.617,0.0,2.617,0
2021-04-08,2.617,2.617,2.617,2.617,0.0,2.617,0
2021-04-09,2.651,2.651,2.651,2.651,0.0,2.651,0
2021-04-12,2.66,2.66,2.66,2.66,0.0,2.66,0
2021-04-13,2.643,2.643,2.643,2.643,0.0,2.643,0
2021-04-14,2.652,2.652,2.652,2.652,0.0,2.652,0
2021-04-15,2.63,2.63,2.63,2.63,0.0,2.63,0
2021-04-16,2.643,2.643,2.643,2.643,0.0,2.643,0
2021-04-19,2.637,2.637,2.637,2.637,0.0,2.637,0
2021-04-20,2.582,2.582,2.582,2.582,0.0,2.582,0
2021-04-21,2.567,2.567,2.567,2.567,0.0,2.567,0
2021-04-22,2.548,2.548,2.548,2.548,0.0,2.548,0
2021-04-23,2.556,2.556,2.556,2.556,0.0,2.556,0
2021-04-26,2.542,2.542,2.542,2.542,0.0,2.542,0
2021-04-27,2.521,2.521,2.521,2.521,0.0,2.521,0
2021-04-28,2.533,2.533,2.533,2.533,0.0,2.533,0
2021-04-29,2.535,2.535,2.535,2.535,0.0,2.535,0
2021-04-30,2.59,2.59,2.59,2.59,0.0,2.59,0
2021-05-03,2.593,2.593,2.593,2.593,0.0,2.593,0
2021-05-04,2.602,2.602,2.602,2.602,0.0,2.602,0
2021-05-05,2.604,2.604,2.604,2.604,0.0,2.604,0
2021-05-06,2.594,2.594,2.594,2.594,0.0,2.594,0
2021-05-07,2.601,2.601,2.601,2.601,0.0,2.601,0
2021-05-10,2.604,2.604,2.604,2.604,0.0,2.604,0
2021-05-11,2.601,2.601,2.601,2.601,0.0,2.601,0
2021-05-12,2.6,2.6,2.6,2.6,0.0,2.6,0
2021-05-13,2.59,2.59,2.59,2.59,0.0,2.59,0
2021-05-14,2.586,2.586,2.586,2.586,0.0,2.586,0
2021-05-17,2.59,2.59,2.59,2.59,0.0,2.59,0
2021-05-18,2.559,2.559,2.559,2.559,0.0,2.559,0
2021-05-19,2.563,2.563,2.563,2.563,0.0,2.563,0
2021-05-20,2.568,2.568,2.568,2.568,0.0,2.568,0
2021-05-21,2.58,2.58,2.58,2.58,0.0,2.58,0
2021-05-24,2.574,2.574,2.574,2.574,0.0,2.574,0
2021-05-25,2.585,2.585,2.585,2.585,0.0,2.585,0
2021-05-26,2.554,2.554,2.554,2.554,0.0,2.554,0
2021-05-27,2.551,2.551,2.551,2.551,0.0,2.551,0
2021-05-28,2.569,2.569,2.569,2.569,0.0,2.569,0
2021-06-01,2.551,2.551,2.551,2.551,0.0,2.551,0
2021-06-02,2.561,2.561,2.561,2.561,0.0,2.561,0
2021-06-03,2.543,2.543,2.543,2.543,0.0,2.543,0
2021-06-04,2.594,2.594,2.594,2.594,0.0,2.594,0
2021-06-07,2.565,2.565,2.565,2.565,0.0,2.565,0
2021-06-08,2.571,2.571,2.571,2.571,0.0,2.571,0
2021-06-09,2.578,2.578,2.578,2.578,0.0,2.578,0
2021-06-10,2.567,2.567,2.567,2.567,0.0,2.567,0
2021-06-11,2.566,2.566,2.566,2.566,0.0,2.566,0
2021-06-14,2.575,2.575,2.575,2.575,0.0,2.575,0
2021-06-15,2.56,2.56,2.56,2.56,0.0,2.56,0
2021-06-16,2.613,2.613,2.613,2.613,0.0,2.613,0
2021-06-17,2.618,2.618,2.618,2.618,0.0,2.618,0
2021-06-18,2.627,2.627,2.627,2.627,0.0,2.627,0
2021-06-21,2.624,2.624,2.624,2.624,0.0,2.624,0
2021-06-22,2.624,2.624,2.624,2.624,0.0,2.624,0
2021-06-23,2.625,2.625,2.625,2.625,0.0,2.625,0
2021-06-24,2.613,2.613,2.613,2.613,0.0,2.613,0
2021-06-25,2.674,2.674,2.674,2.674,0.0,2.674,0
2021-06-28,2.684,2.684,2.684,2.684,0.0,2.684,0
2021-06-29,2.712,2.712,2.712,2.712,0.0,2.712,0
2021-06-30,2.713,2.713,2.713,2.713,0.0,2.713,0
2021-07-01,2.701,2.701,2.701,2.701,0.0,2.701,0
2021-07-02,2.693,2.693,2.693,2.693,0.0,2.693,0
2021-07-06,2.685,2.685,2.685,2.685,0.0,2.685,0
2021-07-07,2.697,2.697,2.697,2.697,0.0,2.697,0
2021-07-08,2.709,2.709,2.709,2.709,0.0,2.709,0
2021-07-09,2.715,2.715,2.715,2.715,0.0,2.715,0
2021-07-12,2.72,2.72,2.72,2.72,0.0,2.72,0
2021-07-13,2.719,2.719,2.719,2.719,0.0,2.719,0
2021-07-14,2.712,2.712,2.712,2.712,0.0,2.712,0
2021-07-15,2.72,2.72,2.72,2.72,0.0,2.72,0
2021-07-16,2.736,2.736,2.736,2.736,0.0,2.736,0
2021-07-19,2.746,2.746,2.746,2.746,0.0,2.746,0
2021-07-20,2.748,2.748,2.748,2.748,0.0,2.748,0
2021-07-21,2.803,2.803,2.803,2.803,0.0,2.803,0
2021-07-22,2.805,2.805,2.805,2.805,0.0,2.805,0
2021-07-23,2.821,2.821,2.821,2.821,0.0,2.821,0
2021-07-26,2.829,2.829,2.829,2.829,0.0,2.829,0
2021-07-27,2.799,2.799,2.799,2.799,0.0,2.799,0
2021-07-28,2.791,2.791,2.791,2.791,0.0,2.791,0
2021-07-29,2.766,2.766,2.766,2.766,0.0,2.766,0
2021-07-30,2.81,2.81,2.81,2.81,0.0,2.81,0
2021-08-02,2.824,2.824,2.824,2.824,0.0,2.824,0
2021-08-03,2.816,2.816,2.816,2.816,0.0,2.816,0
2021-08-04,2.826,2.826,2.826,2.826,0.0,2.826,0
2021-08-05,2.791,2.791,2.791,2.791,0.0,2.791,0
2021-08-06,2.8,2.8,2.8,2.8,0.0,2.8,0
2021-08-09,2.816,2.816,2.816,2.816,0.0,2.816,0
2021-08-10,2.813,2.813,2.813,2.813,0.0,2.813,0
2021-08-11,2.828,2.828,2.828,2.828,0.0,2.828,0
2021-08-12,2.909,2.909,2.909,2.909,0.0,2.909,0
2021-08-13,2.876,2.876,2.876,2.876,0.0,2.876,0
2021-08-16,2.888,2.888,2.888,2.888,0.0,2.888,0
2021-08-17,2.901,2.901,2.901,2.901,0.0,2.901,0
2021-08-18,2.899,2.899,2.899,2.899,0.0,2.899,0
2021-08-19,2.91,2.91,2.91,2.91,0.0,2.91,0
2021-08-20,2.909,2.909,2.909,2.909,0.0,2.909,0
2021-08-23,2.911,2.911,2.911,2.911,0.0,2.911,0
2021-08-24,2.907,2.907,2.907,2.907,0.0,2.907,0
2021-08-25,2.924,2.924,2.924,2.924,0.0,2.924,0
2021-08-26,2.975,2.975,2.975,2.975,0.0,2.975,0
2021-08-27,3.022,3.022,3.022,3.022,0.0,3.022,0
2021-08-30,3.025,3.025,3.025,3.025,0.0,3.025,0
2021-08-31,3.014,3.014,3.014,3.014,0.0,3.014,0
2021-09-01,3.023,3.023,3.023,3.023,0.0,3.023,0
2021-09-02,3.023,3.023,3.023,3.023,0.0,3.023,0
2021-09-03,3.084,3.084,3.084,3.084,0.0,3.084,0
2021-09-07,3.134,3.134,3.134,3.134,0.0,3.134,0
2021-09-08,3.186,3.186,3.186,3.186,0.0,3.186,0
2021-09-09,3.381,3.381,3.381,3.381,0.0,3.381,0
2021-09-10,3.363,3.363,3.363,3.363,0.0,3.363,0
2021-09-13,3.378,3.378,3.378,3.378,0.0,3.378,0
2021-09-14,3.351,3.351,3.351,3.351,0.0,3.351,0
2021-09-15,3.373,3.373,3.373,3.373,0.0,3.373,0
2021-09-16,3.376,3.376,3.376,3.376,0.0,3.376,0
2021-09-17,3.369,3.369,3.369,3.369,0.0,3.369,0
2021-09-20,3.405,3.405,3.405,3.405,0.0,3.405,0
2021-09-21,3.422,3.422,3.422,3.422,0.0,3.422,0
2021-09-22,3.439,3.439,3.439,3.439,0.0,3.439,0
2021-09-23,3.446,3.446,3.446,3.446,0.0,3.446,0
2021-09-24,3.317,3.317,3.317,3.317,0.0,3.317,0
2021-09-27,3.23,3.23,3.23,3.23,0.0,3.23,0
2021-09-28,3.123,3.123,3.123,3.123,0.0,3.123,0
2021-09-29,3.089,3.089,3.089,3.089,0.0,3.089,0
2021-09-30,3.086,3.086,3.086,3.086,0.0,3.086,0
2021-10-01,3.076,3.076,3.076,3.076,0.0,3.076,0
2021-10-04,3.073,3.073,3.073,3.073,0.0,3.073,0
2021-10-05,3.088,3.088,3.088,3.088,0.0,3.088,0
2021-10-06,3.103,3.103,3.103,3.103,0.0,3.103,0
2021-10-07,3.103,3.103,3.103,3.103,0.0,3.103,0
2021-10-08,3.144,3.144,3.144,3.144,0.0,3.144,0
2021-10-11,3.12,3.12,3.12,3.12,0.0,3.12,0
2021-10-12,3.122,3.122,3.122,3.122,0.0,3.122,0
2021-10-13,3.127,3.127,3.127,3.127,0.0,3.127,0
2021-10-14,3.162,3.162,3.162,3.162,0.0,3.162,0
2021-10-15,3.173,3.173,3.173,3.173,0.0,3.173,0
2021-10-18,3.179,3.179,3.179,3.179,0.0,3.179,0
2021-10-19,3.176,3.176,3.176,3.176,0.0,3.176,0
2021-10-20,3.179,3.179,3.179,3.179,0.0,3.179,0
2021-10-21,3.175,3.175,3.175,3.175,0.0,3.175,0
2021-10-22,3.18,3.18,3.18,3.18,0.0,3.18,0
2021-10-25,3.223,3.223,3.223,3.223,0.0,3.223,0
2021-10-26,3.201,3.201,3.201,3.201,0.0,3.201,0
2021-10-27,3.138,3.138,3.138,3.138,0.0,3.138,0
2021-10-28,3.144,3.144,3.144,3.144,0.0,3.144,0
2021-10-29,3.095,3.095,3.095,3.095,0.0,3.095,0
2021-11-01,2.99,2.99,2.99,2.99,0.0,2.99,0
2021-11-02,3.051,3.051,3.051,3.051,0.0,3.051,0
2021-11-03,3.045,3.045,3.045,3.045,0.0,3.045,0
2021-11-04,3.069,3.069,3.069,3.069,0.0,3.069,0
2021-11-05,3.109,3.109,3.109,3.109,0.0,3.109,0
2021-11-08,3.212,3.212,3.212,3.212,0.0,3.212,0
2021-11-09,3.208,3.208,3.208,3.208,0.0,3.208,0
2021-11-10,3.234,3.234,3.234,3.234,0.0,3.234,0
2021-11-11,3.251,3.251,3.251,3.251,0.0,3.251,0
2021-11-12,3.182,3.182,3.182,3.182,0.0,3.182,0
2021-11-15,3.195,3.195,3.195,3.195,0.0,3.195,0
2021-11-16,3.266,3.266,3.266,3.266,0.0,3.266,0
2021-11-17,3.197,3.197,3.197,3.197,0.0,3.197,0
2021-11-18,3.185,3.185,3.185,3.185,0.0,3.185,0
2021-11-19,3.149,3.149,3.149,3.149,0.0,3.149,0
2021-11-22,3.131,3.131,3.131,3.131,0.0,3.131,0
2021-11-23,3.178,3.178,3.178,3.178,0.0,3.178,0
2021-11-24,3.176,3.176,3.176,3.176,0.0,3.176,0
2021-11-26,3.215,3.215,3.215,3.215,0.0,3.215,0
2021-11-29,3.207,3.207,3.207,3.207,0.0,3.207,0
2021-11-30,3.18,3.18,3.18,3.18,0.0,3.18,0
2021-12-01,3.188,3.188,3.188,3.188,0.0,3.188,0
2021-12-02,3.192,3.192,3.192,3.192,0.0,3.192,0
2021-12-03,3.202,3.202,3.202,3.202,0.0,3.202,0
2021-12-06,3.174,3.174,3.174,3.174,0.0,3.174,0
2021-12-07,3.178,3.178,3.178,3.178,0.0,3.178,0
2021-12-08,3.072,3.072,3.072,3.072,0.0,3.072,0
2021-12-09,2.989,2.989,2.989,2.989,0.0,2.989,0
2021-12-10,2.99,2.99,2.99,2.99,0.0,2.99,0
2021-12-13,2.894,2.894,2.894,2.894,0.0,2.894,0
2021-12-14,3.013,3.013,3.013,3.013,0.0,3.013,0
2021-12-15,3.137,3.137,3.137,3.137,0.0,3.137,0
2021-12-16,3.102,3.102,3.102,3.102,0.0,3.102,0
2021-12-17,3.115,3.115,3.115,3.115,0.0,3.115,0
2021-12-20,3.13,3.13,3.13,3.13,0.0,3.13,0
2021-12-21,3.114,3.114,3.114,3.114,0.0,3.114,0
2021-12-22,3.115,3.115,3.115,3.115,0.0,3.115,0
2021-12-23,3.078,3.078,3.078,3.078,0.0,3.078,0
2021-12-27,3.064,3.064,3.064,3.064,0.0,3.064,0
2021-12-28,3.087,3.087,3.087,3.087,0.0,3.087,0
2021-12-29,3.109,3.109,3.109,3.109,0.0,3.109,0
2021-12-30,3.097,3.097,3.097,3.097,0.0,3.097,0
2021-12-31,3.169,3.169,3.169,3.169,0.0,3.169,0
2022-01-03,3.136,3.136,3.136,3.136,0.0,3.136,0
2022-01-04,3.135,3.135,3.135,3.135,0.0,3.135,0
2022-01-05,3.11,3.11,3.11,3.11,0.0,3.11,0
2022-01-06,3.124,3.124,3.124,3.124,0.0,3.124,0
2022-01-07,3.157,3.157,3.157,3.157,0.0,3.157,0
2022-01-10,3.162,3.162,3.162,3.162,0.0,3.162,0
2022-01-11,3.151,3.151,3.151,3.151,0.0,3.151,0
2022-01-12,3.126,3.126,3.126,3.126,0.0,3.126,0
2022-01-13,3.129,3.129,3.129,3.129,0.0,3.129,0
2022-01-14,3.105,3.105,3.105,3.105,0.0,3.105,0
2022-01-18,3.124,3.124,3.124,3.124,0.0,3.124,0
2022-01-19,3.171,3.171,3.171,3.171,0.0,3.171,0
2022-01-20,3.174,3.174,3.174,3.174,0.0,3.174,0
2022-01-21,3.162,3.162,3.162,3.162,0.0,3.162,0
2022-01-24,3.151,3.151,3.151,3.151,0.0,3.151,0
2022-01-25,3.171,3.171,3.171,3.171,0.0,3.171,0
2022-01-26,3.172,3.172,3.172,3.172,0.0,3.172,0
2022-01-27,3.157,3.157,3.157,3.157,0.0,3.157,0
2022-01-28,3.15,3.15,3.15,3.15,0.0,3.15,0
2022-01-31,3.115,3.115,3.115,3.115,0.0,3.115,0
2022-02-01,3.1,3.1,3.1,3.1,0.0,3.1,0
2022-02-02,3.119,3.119,3.119,3.119,0.0,3.119,0
2022-02-03,3.11,3.11,3.11,3.11,0.0,3.11,0
2022-02-04,3.14,3.14,3.14,3.14,0.0,3.14,0
2022-02-07,3.156,3.156,3.156,3.156,0.0,3.156,0
2022-02-08,3.148,3.148,3.148,3.148,0.0,3.148,0
2022-02-09,3.143,3.143,3.143,3.143,0.0,3.143,0
2022-02-10,3.15,3.15,3.15,3.15,0.0,3.15,0
2022-02-11,3.19,3.19,3.19,3.19,0.0,3.19,0
2022-02-14,3.231,3.231,3.231,3.231,0.0,3.231,0
2022-02-15,3.219,3.219,3.219,3.219,0.0,3.219,0
2022-02-16,3.248,3.248,3.248,3.248,0.0,3.248,0
2022-02-17,3.241,3.241,3.241,3.241,0.0,3.241,0
2022-02-18,3.241,3.241,3.241,3.241,0.0,3.241,0
2022-02-22,3.286,3.286,3.286,3.286,0.0,3.286,0
2022-02-23,3.372,3.372,3.372,3.372,0.0,3.372,0
2022-02-24,3.415,3.415,3.415,3.415,0.0,3.415,0
2022-02-25,3.332,3.332,3.332,3.332,0.0,3.332,0
2022-02-28,3.409,3.409,3.409,3.409,0.0,3.409,0
2022-03-01,3.48,3.48,3.48,3.48,0.0,3.48,0
2022-03-02,3.547,3.547,3.547,3.547,0.0,3.547,0
2022-03-03,3.49,3.49,3.49,3.49,0.0,3.49,0
2022-03-04,3.543,3.543,3.543,3.543,0.0,3.543,0
2022-03-07,3.771,3.771,3.771,3.771,0.0,3.771,0
2022-03-08,3.848,3.848,3.848,3.848,0.0,3.848,0
2022-03-09,3.827,3.827,3.827,3.827,0.0,3.827,0
2022-03-10,3.743,3.743,3.743,3.743,0.0,3.743,0
2022-03-11,3.724,3.724,3.724,3.724,0.0,3.724,0
2022-03-14,3.767,3.767,3.767,3.767,0.0,3.767,0
2022-03-15,3.749,3.749,3.749,3.749,0.0,3.749,0
2022-03-16,3.76,3.76,3.76,3.76,0.0,3.76,0
2022-03-17,3.777,3.777,3.777,3.777,0.0,3.777,0
2022-03-18,3.729,3.729,3.729,3.729,0.0,3.729,0
2022-03-21,3.715,3.715,3.715,3.715,0.0,3.715,0
2022-03-22,3.726,3.726,3.726,3.726,0.0,3.726,0
2022-03-23,3.737,3.737,3.737,3.737,0.0,3.737,0
2022-03-24,3.763,3.763,3.763,3.763,0.0,3.763,0
2022-03-25,3.809,3.809,3.809,3.809,0.0,3.809,0
2022-03-28,3.901,3.901,3.901,3.901,0.0,3.901,0
2022-03-29,3.915,3.915,3.915,3.915,0.0,3.915,0
2022-03-30,4.028,4.028,4.028,4.028,0.0,4.028,0
2022-03-31,4.121,4.121,4.121,4.121,0.0,4.121,0
2022-04-01,4.178,4.178,4.178,4.178,0.0,4.178,0
2022-04-04,4.245,4.245,4.245,4.245,0.0,4.245,0
2022-04-05,4.263,4.263,4.263,4.263,0.0,4.263,0
2022-04-06,4.29,4.29,4.29,4.29,0.0,4.29,0
2022-04-07,4.317,4.317,4.317,4.317,0.0,4.317,0
2022-04-08,4.29,4.29,4.29,4.29,0.0,4.29,0
2022-04-11,4.339,4.339,4.339,4.339,0.0,4.339,0
2022-04-12,4.361,4.361,4.361,4.361,0.0,4.361,0
2022-04-13,4.399,4.399,4.399,4.399,0.0,4.399,0
2022-04-14,4.401,4.401,4.401,4.401,0.0,4.401,0
2022-04-18,4.416,4.416,4.416,4.416,0.0,4.416,0
2022-04-19,4.394,4.394,4.394,4.394,0.0,4.394,0
2022-04-20,4.385,4.385,4.385,4.385,0.0,4.385,0
2022-04-21,4.308,4.308,4.308,4.308,0.0,4.308,0
2022-04-22,4.135,4.135,4.135,4.135,0.0,4.135,0
2022-04-25,4.15,4.15,4.15,4.15,0.0,4.15,0
2022-04-26,4.215,4.215,4.215,4.215,0.0,4.215,0
2022-04-27,4.274,4.274,4.274,4.274,0.0,4.274,0
2022-04-28,4.265,4.265,4.265,4.265,0.0,4.265,0
2022-04-29,4.258,4.258,4.258,4.258,0.0,4.258,0
2022-05-02,4.097,4.097,4.097,4.097,0.0,4.097,0
2022-05-03,4.125,4.125,4.125,4.125,0.0,4.125,0
2022-05-04,4.175,4.175,4.175,4.175,0.0,4.175,0
2022-05-05,4.208,4.208,4.208,4.208,0.0,4.208,0
2022-05-06,4.174,4.174,4.174,4.174,0.0,4.174,0
2022-05-09,4.097,4.097,4.097,4.097,0.0,4.097,0
2022-05-10,4.135,4.135,4.135,4.135,0.0,4.135,0
2022-05-11,4.194,4.194,4.194,4.194,0.0,4.194,0
2022-05-12,4.204,4.204,4.204,4.204,0.0,4.204,0
2022-05-13,4.278,4.278,4.278,4.278,0.0,4.278,0
2022-05-16,4.308,4.308,4.308,4.308,0.0,4.308,0
2022-05-17,4.447,4.447,4.447,4.447,0.0,4.447,0
2022-05-18,4.369,4.369,4.369,4.369,0.0,4.369,0
2022-05-19,4.308,4.308,4.308,4.308,0.0,4.308,0
2022-05-20,4.317,4.317,4.317,4.317,0.0,4.317,0
2022-05-23,4.358,4.358,4.358,4.358,0.0,4.358,0
2022-05-24,4.426,4.426,4.426,4.426,0.0,4.426,0
2022-05-25,4.457,4.457,4.457,4.457,0.0,4.457,0
2022-05-26,4.486,4.486,4.486,4.486,0.0,4.486,0
2022-05-27,4.51,4.51,4.51,4.51,0.0,4.51,0
2022-05-31,4.441,4.441,4.441,4.441,0.0,4.441,0
2022-06-01,4.493,4.493,4.493,4.493,0.0,4.493,0
2022-06-02,4.499,4.499,4.499,4.499,0.0,4.499,0
2022-06-03,4.546,4.546,4.546,4.546,0.0,4.546,0
2022-06-06,4.53,4.53,4.53,4.53,0.0,4.53,0
2022-06-07,4.61,4.61,4.61,4.61,0.0,4.61,0
2022-06-08,4.665,4.665,4.665,4.665,0.0,4.665,0
2022-06-09,4.751,4.751,4.751,4.751,0.0,4.751,0
2022-06-10,4.741,4.741,4.741,4.741,0.0,4.741,0
2022-06-13,4.684,4.684,4.684,4.684,0.0,4.684,0
2022-06-14,4.606,4.606,4.606,4.606,0.0,4.606,0
2022-06-15,4.667,4.667,4.667,4.667,0.0,4.667,0
2022-06-16,4.681,4.681,4.681,4.681,0.0,4.681,0
2022-06-17,4.578,4.578,4.578,4.578,0.0,4.578,0
2022-06-21,4.565,4.565,4.565,4.565,0.0,4.565,0
2022-06-22,4.62,4.62,4.62,4.62,0.0,4.62,0
2022-06-23,4.692,4.692,4.692,4.692,0.0,4.692,0
2022-06-24,4.468,4.468,4.468,4.468,0.0,4.468,0
2022-06-27,4.51,4.51,4.51,4.51,0.0,4.51,0
2022-06-28,4.48,4.48,4.48,4.48,0.0,4.48,0
2022-06-29,4.43,4.43,4.43,4.43,0.0,4.43,0
2022-06-30,4.175,4.175,4.175,4.175,0.0,4.175,0
2022-07-01,4.263,4.263,4.263,4.263,0.0,4.263,0
2022-07-04,4.263,4.263,4.263,4.263,0.0,4.263,0
2022-07-05,4.113,4.113,4.113,4.113,0.0,4.113,0
2022-07-06,4.205,4.205,4.205,4.205,0.0,4.205,0
2022-07-07,4.265,4.265,4.265,4.265,0.0,4.265,0
2022-07-08,4.264,4.264,4.264,4.264,0.0,4.264,0
2022-07-11,4.298,4.298,4.298,4.298,0.0,4.298,0
2022-07-12,4.2,4.2,4.2,4.2,0.0,4.2,0
2022-07-13,4.262,4.262,4.262,4.262,0.0,4.262,0
2022-07-14,4.218,4.218,4.218,4.218,0.0,4.218,0
2022-07-15,4.292,4.292,4.292,4.292,0.0,4.292,0
2022-07-18,4.192,4.192,4.192,4.192,0.0,4.192,0
2022-07-19,4.219,4.219,4.219,4.219,0.0,4.219,0
2022-07-20,4.362,4.362,4.362,4.362,0.0,4.362,0
2022-07-21,4.267,4.267,4.267,4.267,0.0,4.267,0
2022-07-22,4.271,4.271,4.271,4.271,0.0,4.271,0
2022-07-25,4.377,4.377,4.377,4.377,0.0,4.377,0
2022-07-26,4.404,4.404,4.404,4.404,0.0,4.404,0
2022-07-27,4.402,4.402,4.402,4.402,0.0,4.402,0
2022-07-28,4.378,4.378,4.378,4.378,0.0,4.378,0
2022-07-29,4.474,4.474,4.474,4.474,0.0,4.474,0
2022-08-01,4.457,4.457,4.457,4.457,0.0,4.457,0
2022-08-02,4.459,4.459,4.459,4.459,0.0,4.459,0
2022-08-03,4.491,4.491,4.491,4.491,0.0,4.491,0
2022-08-04,4.46,4.46,4.46,4.46,0.0,4.46,0
2022-08-05,4.416,4.416,4.416,4.416,0.0,4.416,0
2022-08-08,4.378,4.378,4.378,4.378,0.0,4.378,0
2022-08-09,4.415,4.415,4.415,4.415,0.0,4.415,0
2022-08-10,4.445,4.445,4.445,4.445,0.0,4.445,0
2022-08-11,4.528,4.528,4.528,4.528,0.0,4.528,0
2022-08-12,4.516,4.516,4.516,4.516,0.0,4.516,0
2022-08-15,4.6,4.6,4.6,4.6,0.0,4.6,0
2022-08-16,4.639,4.639,4.639,4.639,0.0,4.639,0
2022-08-17,4.622,4.622,4.622,4.622,0.0,4.622,0
2022-08-18,4.628,4.628,4.628,4.628,0.0,4.628,0
2022-08-19,4.644,4.644,4.644,4.644,0.0,4.644,0
2022-08-22,4.703,4.703,4.703,4.703,0.0,4.703,0
2022-08-23,4.71,4.71,4.71,4.71,0.0,4.71,0
2022-08-24,4.781,4.781,4.781,4.781,0.0,4.781,0
2022-08-25,4.843,4.843,4.843,4.843,0.0,4.843,0
2022-08-26,4.995,4.995,4.995,4.995,0.0,4.995,0
2022-08-29,5.099,5.099,5.099,5.099,0.0,5.099,0
2022-08-30,5.106,5.106,5.106,5.106,0.0,5.106,0
2022-08-31,5.232,5.232,5.232,5.232,0.0,5.232,0
2022-09-01,5.214,5.214,5.214,5.214,0.0,5.214,0
2022-09-02,5.395,5.395,5.395,5.395,0.0,5.395,0
2022-09-05,5.395,5.395,5.395,5.395,0.0,5.395,0
2022-09-06,5.451,5.451,5.451,5.451,0.0,5.451,0
2022-09-07,5.311,5.311,5.311,5.311,0.0,5.311,0
2022-09-08,5.283,5.283,5.283,5.283,0.0,5.283,0
2022-09-09,5.334,5.334,5.334,5.334,0.0,5.334,0
2022-09-12,5.279,5.279,5.279,5.279,0.0,5.279,0
2022-09-13,5.278,5.278,5.278,5.278,0.0,5.278,0
2022-09-14,5.337,5.337,5.337,5.337,0.0,5.337,0
2022-09-15,5.291,5.291,5.291,5.291,0.0,5.291,0
2022-09-16,5.186,5.186,5.186,5.186,0.0,5.186,0
2022-09-19,5.142,5.142,5.142,5.142,0.0,5.142,0
2022-09-20,5.073,5.073,5.073,5.073,0.0,5.073,0
2022-09-21,4.789,4.789,4.789,4.789,0.0,4.789,0
2022-09-22,4.597,4.597,4.597,4.597,0.0,4.597,0
2022-09-23,4.603,4.603,4.603,4.603,0.0,4.603,0
2022-09-26,4.522,4.522,4.522,4.522,0.0,4.522,0
2022-09-27,4.354,4.354,4.354,4.354,0.0,4.354,0
2022-09-28,4.29,4.29,4.29,4.29,0.0,4.29,0
2022-09-29,4.275,4.275,4.275,4.275,0.0,4.275,0
2022-09-30,4.281,4.281,4.281,4.281,0.0,4.281,0
2022-10-03,4.17,4.17,4.17,4.17,0.0,4.17,0
2022-10-04,4.22,4.22,4.22,4.22,0.0,4.22,0
2022-10-05,4.217,4.217,4.217,4.217,0.0,4.217,0
2022-10-06,4.244,4.244,4.244,4.244,0.0,4.244,0
2022-10-07,4.244,4.244,4.244,4.244,0.0,4.244,0
2022-10-10,4.266,4.266,4.266,4.266,0.0,4.266,0
2022-10-11,4.304,4.304,4.304,4.304,0.0,4.304,0
2022-10-12,4.283,4.283,4.283,4.283,0.0,4.283,0
2022-10-13,4.276,4.276,4.276,4.276,0.0,4.276,0
2022-10-14,4.299,4.299,4.299,4.299,0.0,4.299,0
2022-10-17,4.272,4.272,4.272,4.272,0.0,4.272,0
2022-10-18,4.237,4.237,4.237,4.237,0.0,4.237,0
2022-10-19,4.212,4.212,4.212,4.212,0.0,4.212,0
2022-10-20,4.41,4.41,4.41,4.41,0.0,4.41,0
2022-10-21,4.384,4.384,4.384,4.384,0.0,4.384,0
2022-10-24,4.365,4.365,4.365,4.365,0.0,4.365,0
2022-10-25,4.38,4.38,4.38,4.38,0.0,4.38,0
2022-10-26,4.397,4.397,4.397,4.397,0.0,4.397,0
2022-10-27,4.39,4.39,4.39,4.39,0.0,4.39,0
2022-10-28,4.395,4.395,4.395,4.395,0.0,4.395,0
2022-10-31,4.389,4.389,4.389,4.389,0.0,4.389,0
2022-11-01,4.354,4.354,4.354,4.354,0.0,4.354,0
2022-11-02,4.456,4.456,4.456,4.456,0.0,4.456,0
2022-11-03,4.481,4.481,4.481,4.481,0.0,4.481,0
2022-11-04,4.595,4.595,4.595,4.595,0.0,4.595,0
2022-11-07,4.639,4.639,4.639,4.639,0.0,4.639,0
2022-11-08,4.599,4.599,4.599,4.599,0.0,4.599,0
2022-11-09,4.613,4.613,4.613,4.613,0.0,4.613,0
2022-11-10,4.613,4.613,4.613,4.613,0.0,4.613,0
2022-11-11,4.586,4.586,4.586,4.586,0.0,4.586,0
2022-11-14,4.555,4.555,4.555,4.555,0.0,4.555,0
2022-11-15,4.551,4.551,4.551,4.551,0.0,4.551,0
2022-11-16,4.566,4.566,4.566,4.566,0.0,4.566,0
2022-11-17,4.551,4.551,4.551,4.551,0.0,4.551,0
2022-11-18,4.534,4.534,4.534,4.534,0.0,4.534,0
2022-11-21,4.489,4.489,4.489,4.489,0.0,4.489,0
2022-11-22,4.473,4.473,4.473,4.473,0.0,4.473,0
2022-11-23,4.609,4.609,4.609,4.609,0.0,4.609,0
2022-11-24,4.609,4.609,4.609,4.609,0.0,4.609,0
2022-11-25,4.603,4.603,4.603,4.603,0.0,4.603,0
2022-11-28,4.671,4.671,4.671,4.671,0.0,4.671,0
2022-11-29,4.645,4.645,4.645,4.645,0.0,4.645,0
2022-11-30,4.632,4.632,4.632,4.632,0.0,4.632,0
2022-12-01,4.612,4.612,4.612,4.612,0.0,4.612,0
2022-12-02,4.608,4.608,4.608,4.608,0.0,4.608,0
2022-12-05,4.616,4.616,4.616,4.616,0.0,4.616,0
2022-12-06,4.629,4.629,4.629,4.629,0.0,4.629,0
2022-12-07,4.634,4.634,4.634,4.634,0.0,4.634,0
2022-12-08,4.694,4.694,4.694,4.694,0.0,4.694,0
2022-12-09,4.698,4.698,4.698,4.698,0.0,4.698,0
2022-12-12,4.782,4.782,4.782,4.782,0.0,4.782,0
2022-12-13,4.77,4.77,4.77,4.77,0.0,4.77,0
2022-12-14,4.688,4.688,4.688,4.688,0.0,4.688,0
2022-12-15,4.729,4.729,4.729,4.729,0.0,4.729,0
2022-12-16,4.782,4.782,4.782,4.782,0.0,4.782,0
2022-12-19,4.758,4.758,4.758,4.758,0.0,4.758,0
2022-12-20,4.753,4.753,4.753,4.753,0.0,4.753,0
2022-12-21,4.665,4.665,4.665,4.665,0.0,4.665,0
2022-12-22,4.582,4.582,4.582,4.582,0.0,4.582,0
2022-12-23,4.595,4.595,4.595,4.595,0.0,4.595,0
2022-12-27,4.681,4.681,4.681,4.681,0.0,4.681,0
2022-12-28,4.603,4.603,4.603,4.603,0.0,4.603,0
2022-12-29,4.594,4.594,4.594,4.594,0.0,4.594,0
2022-12-30,4.603,4.603,4.603,4.603,0.0,4.603,0
2023-01-03,4.549,4.549,4.549,4.549,0.0,4.549,0
2023-01-04,4.552,4.552,4.552,4.552,0.0,4.552,0
2023-01-05,4.464,4.464,4.464,4.464,0.0,4.464,0
2023-01-06,4.408,4.408,4.408,4.408,0.0,4.408,0
2023-01-09,4.416,4.416,4.416,4.416,0.0,4.416,0
2023-01-10,4.44,4.44,4.44,4.44,0.0,4.44,0
2023-01-11,4.406,4.406,4.406,4.406,0.0,4.406,0
2023-01-12,4.405,4.405,4.405,4.405,0.0,4.405,0
2023-01-13,4.414,4.414,4.414,4.414,0.0,4.414,0
2023-01-16,4.414,4.414,4.414,4.414,0.0,4.414,0
2023-01-17,4.43,4.43,4.43,4.43,0.0,4.43,0
2023-01-18,4.475,4.475,4.475,4.475,0.0,4.475,0
2023-01-19,4.515,4.515,4.515,4.515,0.0,4.515,0
2023-01-20,4.479,4.479,4.479,4.479,0.0,4.479,0
2023-01-23,4.326,4.326,4.326,4.326,0.0,4.326,0
2023-01-24,4.295,4.295,4.295,4.295,0.0,4.295,0
2023-01-25,4.238,4.238,4.238,4.238,0.0,4.238,0
2023-01-26,4.245,4.245,4.245,4.245,0.0,4.245,0
2023-01-27,4.236,4.236,4.236,4.236,0.0,4.236,0
2023-01-30,4.157,4.157,4.157,4.157,0.0,4.157,0
2023-01-31,4.178,4.178,4.178,4.178,0.0,4.178,0
2023-02-01,3.849,3.849,3.849,3.849,0.0,3.849,0
2023-02-02,3.829,3.829,3.829,3.829,0.0,3.829,0
2023-02-03,3.78,3.78,3.78,3.78,0.0,3.78,0
2023-02-10,3.835,3.835,3.835,3.835,0.0,3.835,0
2023-02-13,3.778,3.778,3.778,3.778,0.0,3.778,0
2023-02-14,3.779,3.779,3.779,3.779,0.0,3.779,0
2023-02-15,3.774,3.774,3.774,3.774,0.0,3.774,0
2023-02-16,3.774,3.774,3.774,3.774,0.0,3.774,0
2023-02-17,3.76,3.76,3.76,3.76,0.0,3.76,0
2023-02-20,3.76,3.76,3.76,3.76,0.0,3.76,0
2023-02-21,3.76,3.76,3.76,3.76,0.0,3.76,0
2023-02-22,3.771,3.771,3.771,3.771,0.0,3.771,0
2023-02-23,3.805,3.805,3.805,3.805,0.0,3.805,0
2023-02-24,3.864,3.864,3.864,3.864,0.0,3.864,0
2023-02-27,3.906,3.906,3.906,3.906,0.0,3.906,0
2023-02-28,3.954,3.954,3.954,3.954,0.0,3.954,0
2023-03-01,4.035,4.035,4.035,4.035,0.0,4.035,0
2023-03-02,4.043,4.043,4.043,4.043,0.0,4.043,0
2023-03-03,4.083,4.083,4.083,4.083,0.0,4.083,0
2023-03-06,4.117,4.117,4.117,4.117,0.0,4.117,0
2023-03-07,4.118,4.118,4.118,4.118,0.0,4.118,0
2023-03-08,4.109,4.109,4.109,4.109,0.0,4.109,0
2023-03-09,3.777,3.777,3.777,3.777,0.0,3.777,0
2023-03-10,3.878,3.878,3.878,3.878,0.0,3.878,0
2023-03-13,3.889,3.889,3.889,3.889,0.0,3.889,0
2023-03-14,3.97,3.97,3.97,3.97,0.0,3.97,0
2023-03-15,4.022,4.022,4.022,4.022,0.0,4.022,0
2023-03-16,4.064,4.064,4.064,4.064,0.0,4.064,0
2023-03-17,4.057,4.057,4.057,4.057,0.0,4.057,0
2023-03-20,4.016,4.016,4.016,4.016,0.0,4.016,0
2023-03-21,4.065,4.065,4.065,4.065,0.0,4.065,0
2023-03-22,4.019,4.019,4.019,4.019,0.0,4.019,0
2023-03-23,4.054,4.054,4.054,4.054,0.0,4.054,0
2023-03-24,3.997,3.997,3.997,3.997,0.0,3.997,0
2023-03-27,3.976,3.976,3.976,3.976,0.0,3.976,0
2023-03-28,3.95,3.95,3.95,3.95,0.0,3.95,0
2023-03-29,3.977,3.977,3.977,3.977,0.0,3.977,0
2023-03-30,3.985,3.985,3.985,3.985,0.0,3.985,0
2023-03-31,3.978,3.978,3.978,3.978,0.0,3.978,0
2023-04-03,3.986,3.986,3.986,3.986,0.0,3.986,0
2023-04-04,3.998,3.998,3.998,3.998,0.0,3.998,0
2023-04-05,3.971,3.971,3.971,3.971,0.0,3.971,0
2023-04-06,3.927,3.927,3.927,3.927,0.0,3.927,0
2023-04-10,3.989,3.989,3.989,3.989,0.0,3.989,0
2023-04-11,3.999,3.999,3.999,3.999,0.0,3.999,0
2023-04-12,3.925,3.925,3.925,3.925,0.0,3.925,0
2023-04-13,3.893,3.893,3.893,3.893,0.0,3.893,0
2023-04-14,3.913,3.913,3.913,3.913,0.0,3.913,0
2023-04-17,3.979,3.979,3.979,3.979,0.0,3.979,0
2023-04-18,3.977,3.977,3.977,3.977,0.0,3.977,0
2023-04-19,3.999,3.999,3.999,3.999,0.0,3.999,0
2023-04-20,4.031,4.031,4.031,4.031,0.0,4.031,0
2023-04-21,4.038,4.038,4.038,4.038,0.0,4.038,0
2023-04-24,3.988,3.988,3.988,3.988,0.0,3.988,0
2023-04-25,3.986,3.986,3.986,3.986,0.0,3.986,0
2023-04-26,4.07,4.07,4.015,4.015,19.0,4.07,1
2023-04-27,4.019,4.019,4.019,4.019,0.0,4.019,0
2023-04-28,4.01,4.01,4.01,4.01,0.0,4.01,0
2023-05-01,3.967,3.967,3.967,3.967,0.0,3.967,0
2023-05-02,3.963,3.963,3.963,3.963,0.0,3.963,0
2023-05-03,4.04,4.04,4.04,4.04,0.0,4.04,0
2023-05-04,4.047,4.047,4.047,4.047,0.0,4.047,0
2023-05-05,3.979,3.979,3.979,3.979,0.0,3.979,0
2023-05-08,3.947,3.947,3.947,3.947,0.0,3.947,0
2023-05-09,3.93,3.93,3.93,3.93,0.0,3.93,0
2023-05-10,3.946,3.946,3.946,3.946,0.0,3.946,0
2023-05-11,3.835,3.835,3.835,3.835,0.0,3.835,0
2023-05-12,3.812,3.812,3.812,3.812,0.0,3.812,0
2023-05-15,3.816,3.816,3.816,3.816,0.0,3.816,0
2023-05-16,3.802,3.802,3.802,3.802,0.0,3.802,0
2023-05-17,3.726,3.726,3.726,3.726,0.0,3.726,0
2023-05-18,3.706,3.706,3.706,3.706,0.0,3.706,0
2023-05-19,3.637,3.637,3.637,3.637,0.0,3.637,0
2023-05-22,3.627,3.627,3.627,3.627,0.0,3.627,0
2023-05-23,3.615,3.615,3.615,3.615,0.0,3.615,0
2023-05-24,3.67,3.67,3.67,3.67,0.0,3.67,0
2023-05-25,3.603,3.603,3.603,3.603,0.0,3.603,0
2023-05-26,3.631,3.631,3.631,3.631,0.0,3.631,0
2023-05-29,3.631,3.631,3.631,3.631,0.0,3.631,0
2023-05-30,3.591,3.591,3.591,3.591,0.0,3.591,0
2023-05-31,3.556,3.556,3.556,3.556,0.0,3.556,0
2023-06-01,3.414,3.414,3.414,3.414,0.0,3.414,0
2023-06-02,3.454,3.454,3.454,3.454,0.0,3.454,0
2023-06-05,3.524,3.524,3.524,3.524,0.0,3.524,0
2023-06-06,3.521,3.521,3.521,3.521,0.0,3.521,0
2023-06-07,3.495,3.495,3.495,3.495,0.0,3.495,0
2023-06-08,3.466,3.466,3.466,3.466,0.0,3.466,0
2023-06-09,3.471,3.471,3.471,3.471,0.0,3.471,0
2023-06-12,3.468,3.468,3.468,3.468,0.0,3.468,0
2023-06-13,3.433,3.433,3.433,3.433,0.0,3.433,0
2023-06-14,3.471,3.471,3.471,3.471,0.0,3.471,0
2023-06-15,3.443,3.443,3.443,3.443,0.0,3.443,0
2023-06-16,3.462,3.462,3.462,3.462,0.0,3.462,0
2023-06-19,3.462,3.462,3.462,3.462,0.0,3.462,0
2023-06-20,3.509,3.509,3.509,3.509,0.0,3.509,0
2023-06-21,3.575,3.575,3.575,3.575,0.0,3.575,0
2023-06-22,3.593,3.593,3.593,3.593,0.0,3.593,0
2023-06-23,3.487,3.487,3.487,3.487,0.0,3.487,0
2023-06-26,3.461,3.461,3.461,3.461,0.0,3.461,0
2023-06-27,3.521,3.521,3.521,3.521,0.0,3.521,0
2023-06-28,3.296,3.296,3.296,3.296,0.0,3.296,0
2023-06-29,3.255,3.255,3.255,3.255,0.0,3.255,0
2023-06-30,3.287,3.287,3.287,3.287,0.0,3.287,0
2023-07-03,3.288,3.288,3.288,3.288,0.0,3.288,0
2023-07-04,3.288,3.288,3.288,3.288,0.0,3.288,0
2023-07-05,3.278,3.278,3.278,3.278,0.0,3.278,0
2023-07-06,3.28,3.28,3.28,3.28,0.0,3.28,0
2023-07-07,3.265,3.265,3.265,3.265,0.0,3.265,0
2023-07-10,3.309,3.309,3.309,3.309,0.0,3.309,0
2023-07-11,3.378,3.378,3.378,3.378,0.0,3.378,0
2023-07-12,3.534,3.534,3.534,3.534,0.0,3.534,0
2023-07-13,3.33,3.33,3.33,3.33,0.0,3.33,0
2023-07-14,3.429,3.429,3.429,3.429,0.0,3.429,0
2023-07-17,3.414,3.414,3.414,3.414,0.0,3.414,0
2023-07-18,3.473,3.473,3.473,3.473,0.0,3.473,0
2023-07-19,3.482,3.482,3.482,3.482,0.0,3.482,0
2023-07-20,3.469,3.469,3.469,3.469,0.0,3.469,0
2023-07-21,3.487,3.487,3.487,3.487,0.0,3.487,0
2023-07-24,3.588,3.588,3.588,3.588,0.0,3.588,0
2023-07-25,3.602,3.602,3.602,3.602,0.0,3.602,0
2023-07-26,3.62,3.62,3.62,3.62,0.0,3.62,0
2023-07-27,3.611,3.611,3.611,3.611,0.0,3.611,0
2023-07-28,3.62,3.62,3.62,3.62,0.0,3.62,0
2023-07-31,3.549,3.549,3.549,3.549,0.0,3.549,0
2023-08-01,3.459,3.459,3.459,3.459,0.0,3.459,0
2023-08-02,3.476,3.476,3.476,3.476,0.0,3.476,0
2023-08-03,3.456,3.456,3.456,3.456,0.0,3.456,0
2023-08-04,3.464,3.464,3.464,3.464,0.0,3.464,0
2023-08-07,3.525,3.525,3.525,3.525,0.0,3.525,0
2023-08-08,3.573,3.573,3.573,3.573,0.0,3.573,0
2023-08-09,3.535,3.535,3.535,3.535,0.0,3.535,0
2023-08-10,3.52,3.52,3.52,3.52,0.0,3.52,0
2023-08-11,3.548,3.548,3.548,3.548,0.0,3.548,0
2023-08-14,3.495,3.495,3.495,3.495,0.0,3.495,0
2023-08-15,3.656,3.656,3.656,3.656,0.0,3.656,0
2023-08-16,3.676,3.676,3.676,3.676,0.0,3.676,0
2023-08-17,3.634,3.634,3.634,3.634,0.0,3.634,0
2023-08-18,3.515,3.515,3.515,3.515,0.0,3.515,0
2023-08-21,3.573,3.573,3.573,3.573,0.0,3.573,0
2023-08-22,3.577,3.577,3.577,3.577,0.0,3.577,0
2023-08-23,3.682,3.682,3.682,3.682,0.0,3.682,0
2023-08-24,3.575,3.575,3.575,3.575,0.0,3.575,0
2023-08-25,3.556,3.556,3.556,3.556,0.0,3.556,0
2023-08-28,3.545,3.545,3.545,3.545,0.0,3.545,0
2023-08-29,3.522,3.522,3.522,3.522,0.0,3.522,0
2023-08-30,3.577,3.577,3.577,3.577,0.0,3.577,0
2023-08-31,3.584,3.584,3.584,3.584,0.0,3.584,0
2023-09-01,3.583,3.583,3.583,3.583,0.0,3.583,0
2023-09-04,3.583,3.583,3.583,3.583,0.0,3.583,0
2023-09-05,3.529,3.529,3.529,3.529,0.0,3.529,0
2023-09-06,3.543,3.543,3.543,3.543,0.0,3.543,0
2023-09-07,3.535,3.535,3.535,3.535,0.0,3.535,0
2023-09-08,3.482,3.482,3.482,3.482,0.0,3.482,0
2023-09-11,3.374,3.374,3.374,3.374,0.0,3.374,0
2023-09-12,3.386,3.386,3.386,3.386,0.0,3.386,0
2023-09-13,3.447,3.447,3.447,3.447,0.0,3.447,0
2023-09-14,3.411,3.411,3.411,3.411,0.0,3.411,0
2023-09-15,3.4,3.4,3.4,3.4,0.0,3.4,0
2023-09-18,3.392,3.392,3.392,3.392,0.0,3.392,0
2023-09-19,3.248,3.248,3.248,3.248,0.0,3.248,0
2023-09-20,3.396,3.396,3.396,3.396,0.0,3.396,0
2023-09-21,3.477,3.477,3.477,3.477,0.0,3.477,0
2023-09-22,3.485,3.485,3.485,3.485,0.0,3.485,0
2023-09-25,3.558,3.558,3.558,3.558,0.0,3.558,0
2023-09-26,3.513,3.513,3.513,3.513,0.0,3.513,0
2023-09-27,3.466,3.466,3.466,3.466,0.0,3.466,0
2023-09-28,3.473,3.473,3.473,3.473,0.0,3.473,0
2023-09-29,3.519,3.519,3.519,3.519,0.0,3.519,0
2023-10-02,3.51,3.51,3.51,3.51,0.0,3.51,0
2023-10-03,3.635,3.635,3.635,3.635,0.0,3.635,0
2023-10-04,3.557,3.557,3.557,3.557,0.0,3.557,0
2023-10-05,3.461,3.461,3.461,3.461,0.0,3.461,0
2023-10-06,3.372,3.372,3.372,3.372,0.0,3.372,0
2023-10-09,3.295,3.295,3.295,3.295,0.0,3.295,0
2023-10-10,3.39,3.39,3.39,3.39,0.0,3.39,0
2023-10-11,3.359,3.359,3.359,3.359,0.0,3.359,0
2023-10-12,3.469,3.469,3.469,3.469,0.0,3.469,0
2023-10-13,3.403,3.403,3.403,3.403,0.0,3.403,0
2023-10-16,3.383,3.383,3.383,3.383,0.0,3.383,0
2023-10-17,3.412,3.412,3.412,3.412,0.0,3.412,0
2023-10-18,3.407,3.407,3.407,3.407,0.0,3.407,0
2023-10-19,3.426,3.426,3.426,3.426,0.0,3.426,0
2023-10-20,3.432,3.432,3.432,3.432,0.0,3.432,0
2023-10-23,3.436,3.436,3.436,3.436,0.0,3.436,0
2023-10-24,3.441,3.441,3.441,3.441,0.0,3.441,0
2023-10-25,3.449,3.449,3.449,3.449,0.0,3.449,0
2023-10-26,3.434,3.434,3.434,3.434,0.0,3.434,0
2023-10-27,3.454,3.454,3.454,3.454,0.0,3.454,0
2023-10-30,3.445,3.445,3.445,3.445,0.0,3.445,0
2023-10-31,3.488,3.488,3.488,3.488,0.0,3.488,0
2023-11-01,3.586,3.586,3.586,3.586,0.0,3.586,0
2023-11-02,3.646,3.646,3.646,3.646,0.0,3.646,0
2023-11-03,3.497,3.497,3.497,3.497,0.0,3.497,0
2023-11-06,3.522,3.522,3.522,3.522,0.0,3.522,0
2023-11-07,3.553,3.553,3.553,3.553,0.0,3.553,0
2023-11-08,3.43,3.43,3.43,3.43,0.0,3.43,0
2023-11-09,3.386,3.386,3.386,3.386,0.0,3.386,0
2023-11-10,3.332,3.332,3.332,3.332,0.0,3.332,0
2023-11-13,3.38,3.38,3.38,3.38,0.0,3.38,0
2023-11-14,3.394,3.394,3.394,3.394,0.0,3.394,0
2023-11-15,3.455,3.455,3.455,3.455,0.0,3.455,0
2023-11-16,3.456,3.456,3.456,3.456,0.0,3.456,0
2023-11-17,3.459,3.459,3.459,3.459,0.0,3.459,0
2023-11-20,3.446,3.446,3.446,3.446,0.0,3.446,0
2023-11-21,3.421,3.421,3.421,3.421,0.0,3.421,0
2023-11-22,3.408,3.408,3.408,3.408,0.0,3.408,0
2023-11-23,3.408,3.408,3.408,3.408,0.0,3.408,0
2023-11-24,3.468,3.468,3.468,3.468,0.0,3.468,0
2023-11-27,3.509,3.509,3.509,3.509,0.0,3.509,0
2023-11-28,3.454,3.454,3.454,3.454,0.0,3.454,0
2023-11-29,3.429,3.429,3.429,3.429,0.0,3.429,0
2023-11-30,3.448,3.448,3.448,3.448,0.0,3.448,0
2023-12-01,3.464,3.464,3.464,3.464,0.0,3.464,0
2023-12-04,3.43,3.43,3.43,3.43,0.0,3.43,0
2023-12-05,3.395,3.395,3.395,3.395,0.0,3.395,0
2023-12-06,3.205,3.205,3.205,3.205,0.0,3.205,0
2023-12-07,3.24,3.24,3.24,3.24,0.0,3.24,0
2023-12-08,3.266,3.266,3.266,3.266,0.0,3.266,0
2023-12-11,3.298,3.298,3.298,3.298,0.0,3.298,0
2023-12-12,3.347,3.347,3.347,3.347,0.0,3.347,0
2023-12-13,3.426,3.426,3.426,3.426,0.0,3.426,0
2023-12-14,3.436,3.436,3.436,3.436,0.0,3.436,0
2023-12-15,3.515,3.515,3.515,3.515,0.0,3.515,0
2023-12-18,3.512,3.512,3.512,3.512,0.0,3.512,0
2023-12-19,3.395,3.395,3.395,3.395,0.0,3.395,0
2023-12-20,3.466,3.466,3.466,3.466,0.0,3.466,0
2023-12-21,3.37,3.37,3.37,3.37,0.0,3.37,0
2023-12-22,3.411,3.411,3.411,3.411,0.0,3.411,0
2023-12-26,3.323,3.323,3.323,3.323,0.0,3.323,0
2023-12-27,3.342,3.342,3.342,3.342,0.0,3.342,0
2023-12-28,3.237,3.237,3.237,3.237,0.0,3.237,0
2023-12-29,3.238,3.238,3.238,3.238,0.0,3.238,0
2024-01-02,3.263,3.263,3.263,3.263,0.0,3.263,0
2024-01-03,3.414,3.414,3.414,3.414,0.0,3.414,0
2024-01-04,3.445,3.445,3.445,3.445,0.0,3.445,0
2024-01-05,3.447,3.447,3.447,3.447,0.0,3.447,0
2024-01-08,3.457,3.457,3.457,3.457,0.0,3.457,0
2024-01-09,3.534,3.534,3.534,3.534,0.0,3.534,0
2024-01-10,3.508,3.508,3.508,3.508,0.0,3.508,0
2024-01-11,3.411,3.411,3.411,3.411,0.0,3.411,0
2024-01-12,3.407,3.407,3.407,3.407,0.0,3.407,0
2024-01-15,3.407,3.407,3.407,3.407,0.0,3.407,0
2024-01-16,3.389,3.389,3.389,3.389,0.0,3.389,0
2024-01-17,3.437,3.437,3.437,3.437,0.0,3.437,0
2024-01-18,3.364,3.364,3.364,3.364,0.0,3.364,0
2024-01-19,3.351,3.351,3.351,3.351,0.0,3.351,0
2024-01-22,3.335,3.335,3.335,3.335,0.0,3.335,0
2024-01-23,3.448,3.448,3.448,3.448,0.0,3.448,0
2024-01-24,3.241,3.241,3.241,3.241,0.0,3.241,0
2024-01-25,3.141,3.141,3.141,3.141,0.0,3.141,0
2024-01-26,3.071,3.071,3.071,3.071,0.0,3.071,0
2024-01-29,2.978,2.978,2.978,2.978,0.0,2.978,0
2024-01-30,3.112,3.112,3.112,3.112,0.0,3.112,0
2024-01-31,3.115,3.115,3.115,3.115,0.0,3.115,0
2024-02-01,3.209,3.209,3.209,3.209,0.0,3.209,0
2024-02-02,3.282,3.282,3.282,3.282,0.0,3.282,0
2024-02-05,3.252,3.252,3.252,3.252,0.0,3.252,0
2024-02-06,3.245,3.245,3.245,3.245,0.0,3.245,0
2024-02-07,3.198,3.198,3.198,3.198,0.0,3.198,0
2024-02-08,3.138,3.138,3.138,3.138,0.0,3.138,0
2024-02-09,3.137,3.137,3.137,3.137,0.0,3.137,0
2024-02-12,3.134,3.134,3.134,3.134,0.0,3.134,0
2024-02-13,3.175,3.175,3.175,3.175,0.0,3.175,0
2024-02-14,3.147,3.147,3.147,3.147,0.0,3.147,0
2024-02-15,3.079,3.079,3.079,3.079,0.0,3.079,0
2024-02-16,3.059,3.059,3.059,3.059,0.0,3.059,0
2024-02-19,3.059,3.059,3.059,3.059,0.0,3.059,0
2024-02-20,3.071,3.071,3.071,3.071,0.0,3.071,0
2024-02-21,3.079,3.079,3.079,3.079,0.0,3.079,0
2024-02-22,3.173,3.173,3.173,3.173,0.0,3.173,0
2024-02-23,3.126,3.126,3.126,3.126,0.0,3.126,0
2024-02-26,3.13,3.13,3.13,3.13,0.0,3.13,0
2024-02-27,3.134,3.134,3.134,3.134,0.0,3.134,0
2024-02-28,3.154,3.154,3.154,3.154,0.0,3.154,0
2024-02-29,3.155,3.155,3.155,3.155,0.0,3.155,0
2024-03-01,3.127,3.127,3.127,3.127,0.0,3.127,0
2024-03-04,3.109,3.109,3.109,3.109,0.0,3.109,0
2024-03-05,3.141,3.141,3.141,3.141,0.0,3.141,0
2024-03-06,3.163,3.163,3.163,3.163,0.0,3.163,0
2024-03-07,3.167,3.167,3.167,3.167,0.0,3.167,0
2024-03-08,3.209,3.209,3.209,3.209,0.0,3.209,0
2024-03-11,3.225,3.225,3.225,3.225,0.0,3.225,0
2024-03-12,3.206,3.206,3.206,3.206,0.0,3.206,0
2024-03-13,3.203,3.203,3.203,3.203,0.0,3.203,0
2024-03-14,3.208,3.208,3.208,3.208,0.0,3.208,0
2024-03-15,3.199,3.199,3.199,3.199,0.0,3.199,0
2024-03-18,3.253,3.253,3.253,3.253,0.0,3.253,0
2024-03-19,3.245,3.245,3.245,3.245,0.0,3.245,0
2024-03-20,3.23,3.23,3.23,3.23,0.0,3.23,0
2024-03-21,3.196,3.196,3.196,3.196,0.0,3.196,0
2024-03-22,3.238,3.238,3.238,3.238,0.0,3.238,0
2024-03-25,3.17,3.17,3.17,3.17,0.0,3.17,0
2024-03-26,3.172,3.172,3.172,3.172,0.0,3.172,0
2024-03-27,3.157,3.157,3.157,3.157,0.0,3.157,0
2024-03-28,3.218,3.218,3.218,3.218,0.0,3.218,0
2024-04-01,3.257,3.257,3.257,3.257,0.0,3.257,0
2024-04-02,3.341,3.341,3.341,3.341,0.0,3.341,0
2024-04-03,3.412,3.412,3.412,3.412,0.0,3.412,0
2024-04-04,3.41,3.41,3.41,3.41,0.0,3.41,0
2024-04-05,3.417,3.417,3.417,3.417,0.0,3.417,0
2024-04-08,3.411,3.411,3.411,3.411,0.0,3.411,0
2024-04-09,3.365,3.365,3.365,3.365,0.0,3.365,0
2024-04-10,3.376,3.376,3.376,3.376,0.0,3.376,0
2024-04-11,3.444,3.444,3.444,3.444,0.0,3.444,0
2024-04-12,3.515,3.515,3.515,3.515,0.0,3.515,0
2024-04-15,3.584,3.584,3.584,3.584,0.0,3.584,0
2024-04-16,3.639,3.639,3.639,3.639,0.0,3.639,0
2024-04-17,3.626,3.626,3.626,3.626,0.0,3.626,0
2024-04-18,3.613,3.613,3.613,3.613,0.0,3.613,0
2024-04-19,3.628,3.628,3.628,3.628,0.0,3.628,0
2024-04-22,3.626,3.626,3.626,3.626,0.0,3.626,0
2024-04-23,3.6,3.6,3.6,3.6,0.0,3.6,0
2024-04-24,3.578,3.578,3.578,3.578,0.0,3.578,0
2024-04-25,3.602,3.602,3.602,3.602,0.0,3.602,0
2024-04-26,3.583,3.583,3.583,3.583,0.0,3.583,0
2024-04-29,3.552,3.552,3.552,3.552,0.0,3.552,0
2024-04-30,3.564,3.564,3.564,3.564,0.0,3.564,0
2024-05-01,3.562,3.562,3.562,3.562,0.0,3.562,0
2024-05-02,3.548,3.548,3.548,3.548,0.0,3.548,0
2024-05-03,3.55,3.55,3.55,3.55,0.0,3.55,0
2024-05-06,3.542,3.542,3.542,3.542,0.0,3.542,0
2024-05-07,3.485,3.485,3.485,3.485,0.0,3.485,0
2024-05-08,3.411,3.411,3.411,3.411,0.0,3.411,0
2024-05-09,3.326,3.326,3.326,3.326,0.0,3.326,0
2024-05-10,3.37,3.37,3.37,3.37,0.0,3.37,0
2024-05-13,3.385,3.385,3.385,3.385,0.0,3.385,0
2024-05-14,3.408,3.408,3.408,3.408,0.0,3.408,0
2024-05-15,3.441,3.441,3.441,3.441,0.0,3.441,0
2024-05-16,3.471,3.471,3.471,3.471,0.0,3.471,0
2024-05-17,3.542,3.542,3.542,3.542,0.0,3.542,0
2024-05-20,3.611,3.611,3.611,3.611,0.0,3.611,0
2024-05-21,3.638,3.638,3.638,3.638,0.0,3.638,0
2024-05-22,3.628,3.628,3.628,3.628,0.0,3.628,0
2024-05-23,3.616,3.616,3.616,3.616,0.0,3.616,0
2024-05-24,3.633,3.633,3.633,3.633,0.0,3.633,0
2024-05-27,3.633,3.633,3.633,3.633,0.0,3.633,0
2024-05-28,3.619,3.619,3.619,3.619,0.0,3.619,0
2024-05-29,3.545,3.545,3.545,3.545,0.0,3.545,0
2024-05-30,3.551,3.551,3.551,3.551,0.0,3.551,0
2024-05-31,3.491,3.491,3.491,3.491,0.0,3.491,0
2024-06-03,3.453,3.453,3.453,3.453,0.0,3.453,0
2024-06-04,3.348,3.348,3.348,3.348,0.0,3.348,0
2024-06-05,3.387,3.387,3.387,3.387,0.0,3.387,0
2024-06-06,3.359,3.359,3.359,3.359,0.0,3.359,0
2024-06-07,3.355,3.355,3.355,3.355,0.0,3.355,0
2024-06-10,3.401,3.401,3.401,3.401,0.0,3.401,0
2024-06-11,3.346,3.346,3.346,3.346,0.0,3.346,0
2024-06-12,3.327,3.327,3.327,3.327,0.0,3.327,0
2024-06-13,3.339,3.339,3.339,3.339,0.0,3.339,0
2024-06-14,3.42,3.42,3.42,3.42,0.0,3.42,0
2024-06-17,3.434,3.434,3.434,3.434,0.0,3.434,0
2024-06-18,3.475,3.475,3.475,3.475,0.0,3.475,0
2024-06-19,3.475,3.475,3.475,3.475,0.0,3.475,0
2024-06-20,3.425,3.425,3.425,3.425,0.0,3.425,0
2024-06-21,3.231,3.231,3.231,3.231,0.0,3.231,0
2024-06-24,3.219,3.219,3.219,3.219,0.0,3.219,0
2024-06-25,3.177,3.177,3.177,3.177,0.0,3.177,0
2024-06-26,3.2,3.2,3.2,3.2,0.0,3.2,0
2024-06-27,3.115,3.115,3.115,3.115,0.0,3.115,0
2024-06-28,3.15,3.15,3.15,3.15,0.0,3.15,0
2024-07-01,3.146,3.146,3.146,3.146,0.0,3.146,0
2024-07-02,3.138,3.138,3.138,3.138,0.0,3.138,0
2024-07-03,3.131,3.131,3.131,3.131,0.0,3.131,0
2024-07-04,3.131,3.131,3.131,3.131,0.0,3.131,0
2024-07-05,3.129,3.129,3.129,3.129,0.0,3.129,0
2024-07-08,3.107,3.107,3.107,3.107,0.0,3.107,0
2024-07-09,3.127,3.127,3.127,3.127,0.0,3.127,0
2024-07-10,3.155,3.155,3.155,3.155,0.0,3.155,0
2024-07-11,3.165,3.165,3.165,3.165,0.0,3.165,0
2024-07-12,3.23,3.23,3.23,3.23,0.0,3.23,0
2024-07-15,3.2,3.2,3.2,3.2,0.0,3.2,0
2024-07-16,3.167,3.167,3.167,3.167,0.0,3.167,0
2024-07-17,3.169,3.169,3.169,3.169,0.0,3.169,0
2024-07-18,3.139,3.139,3.139,3.139,0.0,3.139,0
2024-07-19,3.211,3.211,3.211,3.211,0.0,3.211,0
2024-07-22,3.219,3.219,3.219,3.219,0.0,3.219,0
2024-07-23,3.246,3.246,3.246,3.246,0.0,3.246,0
2024-07-24,3.151,3.151,3.151,3.151,0.0,3.151,0
2024-07-25,3.098,3.098,3.098,3.098,0.0,3.098,0
2024-07-26,3.097,3.097,3.097,3.097,0.0,3.097,0
2024-07-29,3.078,3.078,3.078,3.078,0.0,3.078,0
2024-07-30,3.109,3.109,3.109,3.109,0.0,3.109,0
2024-07-31,3.116,3.116,3.116,3.116,0.0,3.116,0
2024-08-01,3.095,3.095,3.095,3.095,0.0,3.095,0
2024-08-02,3.092,3.092,3.092,3.092,0.0,3.092,0
2024-08-05,3.036,3.036,3.036,3.036,0.0,3.036,0
2024-08-06,3.029,3.029,3.029,3.029,0.0,3.029,0
2024-08-07,2.957,2.957,2.945,2.945,21.0,2.957,1
2024-08-08,2.957,2.957,2.957,2.957,0.0,2.957,0
2024-08-09,2.967,2.967,2.967,2.967,0.0,2.967,0
2024-08-12,2.976,2.976,2.976,2.976,0.0,2.976,0
2024-08-13,2.971,2.971,2.971,2.971,0.0,2.971,0
2024-08-14,2.992,2.992,2.992,2.992,0.0,2.992,0
2024-08-15,2.971,2.971,2.971,2.971,0.0,2.971,0
2024-08-16,3.006,3.006,3.006,3.006,0.0,3.006,0
2024-08-19,3.028,3.028,3.028,3.028,0.0,3.028,0
2024-08-20,3.04,3.04,3.04,3.04,0.0,3.04,0
2024-08-21,3.03,3.03,3.03,3.03,0.0,3.03,0
2024-08-22,3.041,3.041,3.041,3.041,0.0,3.041,0
2024-08-23,3.099,3.099,3.099,3.099,0.0,3.099,0
2024-08-26,3.12,3.12,3.12,3.12,0.0,3.12,0
2024-08-27,3.113,3.113,3.113,3.113,0.0,3.113,0
2024-08-28,3.121,3.121,3.121,3.121,0.0,3.121,0
2024-08-29,3.095,3.095,3.095,3.095,0.0,3.095,0
2024-08-30,3.111,3.111,3.111,3.111,0.0,3.111,0
2024-09-02,3.111,3.111,3.111,3.111,0.0,3.111,0
2024-09-03,3.108,3.108,3.108,3.108,0.0,3.108,0
2024-09-04,3.115,3.115,3.115,3.115,0.0,3.115,0
2024-09-05,3.087,3.087,3.087,3.087,0.0,3.087,0
2024-09-06,3.007,3.007,3.007,3.007,0.0,3.007,0
2024-09-09,3.037,3.037,3.037,3.037,0.0,3.037,0
2024-09-10,3.021,3.021,3.021,3.021,0.0,3.021,0
2024-09-11,3.018,3.018,3.018,3.018,0.0,3.018,0
2024-09-12,3.043,3.043,3.043,3.043,0.0,3.043,0
2024-09-13,3.01,3.01,3.01,3.01,0.0,3.01,0
2024-09-16,2.996,2.996,2.996,2.996,0.0,2.996,0
2024-09-17,2.987,2.987,2.987,2.987,0.0,2.987,0
2024-09-18,2.871,2.871,2.871,2.871,0.0,2.871,0
2024-09-19,2.888,2.888,2.888,2.888,0.0,2.888,0
2024-09-20,2.901,2.901,2.901,2.901,0.0,2.901,0
2024-09-23,2.876,2.876,2.876,2.876,0.0,2.876,0
2024-09-24,2.934,2.934,2.934,2.934,0.0,2.934,0
2024-09-25,2.966,2.966,2.966,2.966,0.0,2.966,0
2024-09-26,3.019,3.019,3.019,3.019,0.0,3.019,0
2024-09-27,3.036,3.036,3.036,3.036,0.0,3.036,0
2024-09-30,3.02,3.02,3.02,3.02,0.0,3.02,0
2024-10-01,3.002,3.002,3.002,3.002,0.0,3.002,0
2024-10-02,2.978,2.978,2.978,2.978,0.0,2.978,0
2024-10-03,3.02,3.02,3.02,3.02,0.0,3.02,0
2024-10-04,3.054,3.054,3.054,3.054,0.0,3.054,0
2024-10-07,3.031,3.031,3.031,3.031,0.0,3.031,0
2024-10-08,3.001,3.001,3.001,3.001,0.0,3.001,0
2024-10-09,2.981,2.981,2.981,2.981,0.0,2.981,0
2024-10-10,3.038,3.038,3.038,3.038,0.0,3.038,0
2024-10-11,3.029,3.029,3.029,3.029,0.0,3.029,0
2024-10-14,3.075,3.075,3.075,3.075,0.0,3.075,0
2024-10-15,3.132,3.132,3.132,3.132,0.0,3.132,0
2024-10-16,3.028,3.028,3.028,3.028,0.0,3.028,0
2024-10-17,3.093,3.093,3.093,3.093,0.0,3.093,0
2024-10-18,3.087,3.087,3.087,3.087,0.0,3.087,0
2024-10-21,3.068,3.068,3.068,3.068,0.0,3.068,0
2024-10-22,3.042,3.042,3.042,3.042,0.0,3.042,0
2024-10-23,3.062,3.062,3.062,3.062,0.0,3.062,0
2024-10-24,3.054,3.054,3.054,3.054,0.0,3.054,0
2024-10-25,3.085,3.085,3.085,3.085,0.0,3.085,0
2024-10-28,3.059,3.059,3.059,3.059,0.0,3.059,0
2024-10-29,3.098,3.098,3.098,3.098,0.0,3.098,0
2024-10-30,3.088,3.088,3.088,3.088,0.0,3.088,0
2024-10-31,3.035,3.035,3.035,3.035,0.0,3.035,0
2024-11-01,3.023,3.023,3.023,3.023,0.0,3.023,0
2024-11-04,3.075,3.075,3.075,3.075,0.0,3.075,0
2024-11-05,3.016,3.016,3.016,3.016,0.0,3.016,0
2024-11-06,3.054,3.054,3.054,3.054,0.0,3.054,0
2024-11-07,3.055,3.055,3.055,3.055,0.0,3.055,0
2024-11-08,2.987,2.987,2.987,2.987,0.0,2.987,0
2024-11-11,3.044,3.044,3.044,3.044,0.0,3.044,0
2024-11-12,3.047,3.047,3.047,3.047,0.0,3.047,0
2024-11-13,3.039,3.039,3.039,3.039,0.0,3.039,0
2024-11-14,3.047,3.047,3.047,3.047,0.0,3.047,0
2024-11-15,2.985,2.985,2.985,2.985,0.0,2.985,0
2024-11-18,2.95,2.95,2.95,2.95,0.0,2.95,0
2024-11-19,2.982,2.982,2.982,2.982,0.0,2.982,0
2024-11-20,3.105,3.105,3.105,3.105,0.0,3.105,0
2024-11-21,3.046,3.046,3.046,3.046,0.0,3.046,0
2024-11-22,3.029,3.029,3.029,3.029,0.0,3.029,0
2024-11-25,3.079,3.079,3.079,3.079,0.0,3.079,0
2024-11-26,3.028,3.028,3.028,3.028,0.0,3.028,0
2024-11-27,3.042,3.042,3.042,3.042,0.0,3.042,0
2024-11-28,3.042,3.042,3.042,3.042,0.0,3.042,0
2024-11-29,3.139,3.139,3.139,3.139,0.0,3.139,0
2024-12-02,3.046,3.046,3.046,3.046,0.0,3.046,0
2024-12-03,3.019,3.019,3.019,3.019,0.0,3.019,0
2024-12-04,3.056,3.056,3.056,3.056,0.0,3.056,0
2024-12-05,3.064,3.064,3.064,3.064,0.0,3.064,0
2024-12-06,3.072,3.072,3.072,3.072,0.0,3.072,0
2024-12-09,3.012,3.012,3.012,3.012,0.0,3.012,0
2024-12-10,3.025,3.025,3.025,3.025,0.0,3.025,0
2024-12-11,3.077,3.077,3.077,3.077,0.0,3.077,0
2024-12-12,3.15,3.15,3.15,3.15,0.0,3.15,0
2024-12-13,3.172,3.172,3.172,3.172,0.0,3.172,0
2024-12-16,3.175,3.175,3.175,3.175,0.0,3.175,0
2024-12-17,3.227,3.227,3.227,3.227,0.0,3.227,0
2024-12-18,3.194,3.194,3.194,3.194,0.0,3.194,0
2024-12-19,3.178,3.178,3.178,3.178,0.0,3.178,0
2024-12-20,3.101,3.101,3.101,3.101,0.0,3.101,0
2024-12-23,3.097,3.097,3.097,3.097,0.0,3.097,0
2024-12-24,3.187,3.187,3.187,3.187,0.0,3.187,0
2024-12-26,3.205,3.205,3.205,3.205,0.0,3.205,0
2024-12-27,3.215,3.215,3.215,3.215,0.0,3.215,0
2024-12-30,3.198,3.198,3.198,3.198,0.0,3.198,0
2024-12-31,3.1,3.1,3.1,3.1,0.0,3.1,0
2025-01-02,3.079,3.079,3.079,3.079,0.0,3.079,0
2025-01-03,3.051,3.051,3.051,3.051,0.0,3.051,0
2025-01-06,3.017,3.017,3.017,3.017,0.0,3.017,0
2025-01-07,3.062,3.062,3.062,3.062,0.0,3.062,0
2025-01-08,3.087,3.087,3.087,3.087,0.0,3.087,0
2025-01-09,3.105,3.105,3.105,3.105,0.0,3.105,0
2025-01-10,3.163,3.163,3.163,3.163,0.0,3.163,0
2025-01-13,3.141,3.141,3.141,3.141,0.0,3.141,0
2025-01-14,3.095,3.095,3.095,3.095,0.0,3.095,0
2025-01-15,3.125,3.125,3.125,3.125,0.0,3.125,0
2025-01-16,3.095,3.095,3.095,3.095,0.0,3.095,0
2025-01-17,3.067,3.067,3.067,3.067,0.0,3.067,0
2025-01-20,3.067,3.067,3.067,3.067,0.0,3.067,0
2025-01-21,3.011,3.011,3.011,3.011,0.0,3.011,0
2025-01-22,3.098,3.098,3.098,3.098,0.0,3.098,0
2025-01-23,3.173,3.173,3.173,3.173,0.0,3.173,0
2025-01-24,3.172,3.172,3.172,3.172,0.0,3.172,0
2025-01-27,3.141,3.141,3.141,3.141,0.0,3.141,0
2025-01-28,3.073,3.073,3.073,3.073,0.0,3.073,0
2025-01-29,3.146,3.146,3.146,3.146,0.0,3.146,0
2025-01-30,3.092,3.092,3.092,3.092,0.0,3.092,0
2025-01-31,3.045,3.045,3.045,3.045,0.0,3.045,0
2025-02-03,3.08,3.08,3.08,3.08,0.0,3.08,0
2025-02-04,3.031,3.031,3.031,3.031,0.0,3.031,0
2025-02-05,3.076,3.076,3.076,3.076,0.0,3.076,0
2025-02-06,3.059,3.059,3.059,3.059,0.0,3.059,0
2025-02-07,3.063,3.063,3.063,3.063,0.0,3.063,0
2025-02-10,3.077,3.077,3.077,3.077,0.0,3.077,0
2025-02-11,3.086,3.086,3.086,3.086,0.0,3.086,0
2025-02-12,3.11,3.11,3.11,3.11,0.0,3.11,0
2025-02-13,3.099,3.099,3.099,3.099,0.0,3.099,0
2025-02-14,3.092,3.092,3.092,3.092,0.0,3.092,0
2025-02-17,3.092,3.092,3.092,3.092,0.0,3.092,0
2025-02-18,3.067,3.067,3.067,3.067,0.0,3.067,0
2025-02-19,3.075,3.075,3.075,3.075,0.0,3.075,0
2025-02-20,2.993,2.993,2.993,2.993,0.0,2.993,0
2025-02-21,2.952,2.952,2.952,2.952,0.0,2.952,0
2025-02-24,2.946,2.946,2.946,2.946,0.0,2.946,0
2025-02-25,2.939,2.939,2.939,2.939,0.0,2.939,0
2025-02-26,2.945,2.945,2.945,2.945,0.0,2.945,0
2025-02-27,3.037,3.037,3.037,3.037,0.0,3.037,0
2025-02-28,3.074,3.074,3.074,3.074,0.0,3.074,0
2025-03-03,3.079,3.079,3.079,3.079,0.0,3.079,0
2025-03-04,3.039,3.039,3.039,3.039,0.0,3.039,0
2025-03-05,3.021,3.021,3.021,3.021,0.0,3.021,0
2025-03-06,3.024,3.024,3.024,3.024,0.0,3.024,0
2025-03-07,3.03,3.03,3.03,3.03,0.0,3.03,0
2025-03-10,2.99,2.99,2.99,2.99,0.0,2.99,0
2025-03-11,3.039,3.039,3.039,3.039,0.0,3.039,0
2025-03-12,3.033,3.033,3.033,3.033,0.0,3.033,0
2025-03-13,3.059,3.059,3.059,3.059,0.0,3.059,0
2025-03-14,3.048,3.048,3.048,3.048,0.0,3.048,0
2025-03-17,3.049,3.049,3.049,3.049,0.0,3.049,0
2025-03-18,3.055,3.055,3.055,3.055,0.0,3.055,0
2025-03-19,3.056,3.056,3.056,3.056,0.0,3.056,0
2025-03-20,3.064,3.064,3.064,3.064,0.0,3.064,0
2025-03-21,3.066,3.066,3.066,3.066,0.0,3.066,0
2025-03-24,3.077,3.077,3.077,3.077,0.0,3.077,0
2025-03-25,2.982,2.982,2.982,2.982,0.0,2.982,0
2025-03-26,2.996,2.996,2.996,2.996,0.0,2.996,0
2025-03-27,3.002,3.002,3.002,3.002,0.0,3.002,0
2025-03-28,2.99,2.99,2.99,2.99,0.0,2.99,0
2025-03-31,2.963,2.963,2.963,2.963,0.0,2.963,0
2025-04-01,2.964,2.964,2.964,2.964,0.0,2.964,0
2025-04-02,3.007,3.007,3.007,3.007,0.0,3.007,0
2025-04-03,2.998,2.998,2.998,2.998,0.0,2.998,0
2025-04-04,2.966,2.966,2.966,2.966,0.0,2.966,0
2025-04-07,2.962,2.962,2.962,2.962,0.0,2.962,0
2025-04-08,2.958,2.958,2.958,2.958,0.0,2.958,0
2025-04-09,3.03,3.03,3.03,3.03,0.0,3.03,0
2025-04-10,3.02,3.02,3.02,3.02,0.0,3.02,0
2025-04-11,3.062,3.062,3.062,3.062,0.0,3.062,0
2025-04-14,3.046,3.046,3.046,3.046,0.0,3.046,0
2025-04-15,3.049,3.049,3.049,3.049,0.0,3.049,0
2025-04-16,3.047,3.047,3.047,3.047,0.0,3.047,0
2025-04-17,3.04,3.04,3.04,3.04,0.0,3.04,0
2025-04-21,2.996,2.996,2.996,2.996,0.0,2.996,0
2025-04-22,3.015,3.015,3.015,3.015,0.0,3.015,0
2025-04-23,3.041,3.041,3.041,3.041,0.0,3.041,0
2025-04-24,3.039,3.039,3.039,3.039,0.0,3.039,0
2025-04-25,3.064,3.064,3.064,3.064,0.0,3.064,0
2025-04-28,3.057,3.057,3.057,3.057,0.0,3.057,0
2025-04-29,3.071,3.071,3.071,3.071,0.0,3.071,0
2025-04-30,3.071,3.071,3.07,3.07,1.0,3.071,1
2025-05-01,3.024,3.024,3.024,3.024,0.0,3.024,0
2025-05-02,3.014,3.014,3.014,3.014,0.0,3.014,0
2025-05-05,3.015,3.015,3.015,3.015,0.0,3.015,0
2025-05-06,3.054,3.054,3.054,3.054,0.0,3.054,0
2025-05-07,3.071,3.071,3.071,3.071,0.0,3.071,0
2025-05-08,3.079,3.079,3.079,3.079,0.0,3.079,0
2025-05-09,3.097,3.097,3.097,3.097,0.0,3.097,0
2025-05-12,3.115,3.115,3.115,3.115,0.0,3.115,0
2025-05-13,3.106,3.106,3.106,3.106,0.0,3.106,0
2025-05-14,3.115,3.115,3.115,3.115,0.0,3.115,0
2025-05-15,3.095,3.095,3.095,3.095,0.0,3.095,0
2025-05-16,3.116,3.116,3.116,3.116,0.0,3.116,0
2025-05-19,3.089,3.089,3.089,3.089,0.0,3.089,0
2025-05-20,3.095,3.095,3.095,3.095,0.0,3.095,0
2025-05-21,3.113,3.113,3.113,3.113,0.0,3.113,0
2025-05-22,3.106,3.106,3.106,3.106,0.0,3.106,0
2025-05-23,3.119,3.119,3.119,3.119,0.0,3.119,0
2025-05-27,3.097,3.097,3.097,3.097,0.0,3.097,0
2025-05-28,3.084,3.084,3.084,3.084,0.0,3.084,0
2025-05-29,3.084,3.084,3.084,3.084,0.0,3.084,0
2025-05-30,3.087,3.087,3.087,3.087,0.0,3.087,0
2025-06-02,3.081,3.081,3.081,3.081,0.0,3.081,0
2025-06-03,3.08,3.08,3.08,3.08,0.0,3.08,0
2025-06-04,3.068,3.068,3.068,3.068,0.0,3.068,0
2025-06-05,3.047,3.047,3.047,3.047,0.0,3.047,0
2025-06-06,3.057,3.057,3.057,3.057,0.0,3.057,0
2025-06-09,3.061,3.061,3.061,3.061,0.0,3.061,0
2025-06-10,3.05,3.05,3.05,3.05,0.0,3.05,0
2025-06-11,3.034,3.034,3.034,3.034,0.0,3.034,0
2025-06-12,3.014,3.014,3.014,3.014,0.0,3.014,0
2025-06-13,3.035,3.035,3.035,3.035,0.0,3.035,0
2025-06-16,3.077,3.077,3.077,3.077,0.0,3.077,0
2025-06-17,3.139,3.139,3.139,3.139,0.0,3.139,0
2025-06-18,3.129,3.129,3.129,3.129,0.0,3.129,0
2025-06-20,3.115,3.115,3.115,3.115,0.0,3.115,0
2025-06-23,3.113,3.113,3.113,3.113,0.0,3.113,0
2025-06-24,3.114,3.114,3.114,3.114,0.0,3.114,0
2025-06-25,3.094,3.094,3.094,3.094,0.0,3.094,0
2025-06-26,3.084,3.084,3.084,3.084,0.0,3.084,0
2025-06-27,3.136,3.136,3.136,3.136,0.0,3.136,0
2025-06-30,3.137,3.137,3.137,3.137,0.0,3.137,0
2025-07-01,3.142,3.142,3.142,3.142,0.0,3.142,0
2025-07-02,3.16,3.16,3.16,3.16,0.0,3.16,0
2025-07-03,3.152,3.152,3.152,3.152,0.0,3.152,0
2025-07-07,3.169,3.169,3.169,3.169,0.0,3.169,0
2025-07-08,3.108,3.108,3.108,3.108,0.0,3.108,0
2025-07-09,3.138,3.138,3.138,3.138,0.0,3.138,0
2025-07-10,3.149,3.149,3.149,3.149,0.0,3.149,0
2025-07-11,3.169,3.169,3.169,3.169,0.0,3.169,0
2025-07-14,3.162,3.162,3.162,3.162,0.0,3.162,0
2025-07-15,3.181,3.181,3.181,3.181,0.0,3.181,0
2025-07-16,3.189,3.189,3.189,3.189,0.0,3.189,0
2025-07-17,3.178,3.178,3.178,3.178,0.0,3.178,0
2025-07-18,3.173,3.173,3.173,3.173,0.0,3.173,0
2025-07-21,3.15,3.15,3.15,3.15,0.0,3.15,0
2025-07-22,3.177,3.177,3.177,3.177,0.0,3.177,0
2025-07-23,3.182,3.182,3.182,3.182,0.0,3.182,0
2025-07-24,3.194,3.194,3.194,3.194,0.0,3.194,0
2025-07-25,3.109,3.109,3.109,3.109,0.0,3.109,0
2025-07-28,3.068,3.068,3.068,3.068,0.0,3.068,0
2025-07-29,3.086,3.086,3.086,3.086,0.0,3.086,0
2025-07-30,3.051,3.051,3.051,3.051,0.0,3.051,0
2025-07-31,3.091,3.091,3.091,3.091,0.0,3.091,0
2025-08-01,3.117,3.117,3.117,3.117,0.0,3.117,0
2025-08-04,3.146,3.146,3.146,3.146,0.0,3.146,0
2025-08-05,3.144,3.144,3.144,3.144,0.0,3.144,0
2025-08-06,3.11,3.11,3.11,3.11,0.0,3.11,0
2025-08-07,3.126,3.126,3.126,3.126,0.0,3.126,0
2025-08-08,3.181,3.181,3.181,3.181,0.0,3.181,0
2025-08-11,3.079,3.079,3.079,3.079,0.0,3.079,0
2025-08-12,3.074,3.074,3.074,3.074,0.0,3.074,0
2025-08-13,3.105,3.105,3.105,3.105,0.0,3.105,0
2025-08-14,3.089,3.089,3.089,3.089,0.0,3.089,0
2025-08-15,3.123,3.123,3.123,3.123,0.0,3.123,0
2025-08-18,3.161,3.161,3.161,3.161,0.0,3.161,0
2025-08-19,3.179,3.179,3.179,3.179,0.0,3.179,0
2025-08-20,3.16,3.16,3.16,3.16,0.0,3.16,0
2025-08-21,3.172,3.172,3.172,3.172,0.0,3.172,0
2025-08-22,3.166,3.166,3.166,3.166,0.0,3.166,0
2025-08-25,3.131,3.131,3.131,3.131,0.0,3.131,0
2025-08-26,3.151,3.151,3.151,3.151,0.0,3.151,0
2025-08-27,3.154,3.154,3.154,3.154,0.0,3.154,0
2025-08-28,3.152,3.152,3.152,3.152,0.0,3.152,0
2025-08-29,3.158,3.158,3.158,3.158,0.0,3.158,0
2025-09-02,3.148,3.148,3.148,3.148,0.0,3.148,0
2025-09-03,3.161,3.161,3.161,3.161,0.0,3.161,0
2025-09-04,3.125,3.125,3.125,3.125,0.0,3.125,0
2025-09-05,3.121,3.121,3.121,3.121,0.0,3.121,0
2025-09-08,3.087,3.087,3.087,3.087,0.0,3.087,0
2025-09-09,3.117,3.117,3.117,3.117,0.0,3.117,0
2025-09-10,3.116,3.116,3.116,3.116,0.0,3.116,0
2025-09-11,3.112,3.112,3.112,3.112,0.0,3.112,0
2025-09-12,3.144,3.144,3.144,3.144,0.0,3.144,0
2025-09-15,3.16,3.16,3.16,3.16,0.0,3.16,0
2025-09-16,3.217,3.217,3.217,3.217,0.0,3.217,0
2025-09-17,3.211,3.211,3.211,3.211,0.0,3.211,0
2025-09-18,3.21,3.21,3.21,3.21,0.0,3.21,0
2025-09-19,3.21,3.21,3.21,3.21,0.0,3.21,0
2025-09-22,3.227,3.227,3.227,3.227,0.0,3.227,0
2025-09-23,3.186,3.186,3.186,3.186,0.0,3.186,0
2025-09-24,3.237,3.237,3.237,3.237,0.0,3.237,0
2025-09-25,3.21,3.21,3.21,3.21,0.0,3.21,0
2025-09-26,3.217,3.217,3.217,3.217,0.0,3.217,0
2025-09-29,3.198,3.198,3.198,3.198,0.0,3.198,0
2025-09-30,3.206,3.206,3.206,3.206,0.0,3.206,0
2025-10-01,3.199,3.199,3.199,3.199,0.0,3.199,0
2025-10-02,3.238,3.238,3.238,3.238,0.0,3.238,0
2025-10-03,3.197,3.197,3.197,3.197,0.0,3.197,0
2025-10-06,3.194,3.194,3.194,3.194,0.0,3.194,0
2025-10-07,3.193,3.193,3.193,3.193,0.0,3.193,0
2025-10-08,3.266,3.266,3.266,3.266,0.0,3.266,0
2025-10-09,3.26,3.26,3.26,3.26,0.0,3.26,0
2025-10-10,3.266,3.266,3.266,3.266,0.0,3.266,0
2025-10-13,3.287,3.287,3.287,3.287,0.0,3.287,0
2025-10-14,3.214,3.214,3.214,3.214,0.0,3.214,0
2025-10-15,3.211,3.211,3.211,3.211,0.0,3.211,0
2025-10-16,3.195,3.195,3.195,3.195,0.0,3.195,0
2025-10-17,3.193,3.193,3.193,3.193,0.0,3.193,0
2025-10-20,3.243,3.243,3.243,3.243,0.0,3.243,0
2025-10-21,3.213,3.213,3.213,3.213,0.0,3.213,0
2025-10-22,3.214,3.214,3.214,3.214,0.0,3.214,0
2025-10-23,3.213,3.213,3.213,3.213,0.0,3.213,0
2025-10-24,3.208,3.208,3.208,3.208,0.0,3.208,0
2025-10-27,3.216,3.216,3.216,3.216,0.0,3.216,0
2025-10-28,3.237,3.237,3.237,3.237,0.0,3.237,0
2025-10-29,3.248,3.248,3.248,3.248,0.0,3.248,0
2025-10-30,3.263,3.263,3.263,3.263,0.0,3.263,0
2025-10-31,3.245,3.245,3.245,3.245,0.0,3.245,0
2025-11-03,3.275,3.275,3.275,3.275,0.0,3.275,0
2025-11-04,3.299,3.299,3.299,3.299,0.0,3.299,0
2025-11-05,3.251,3.251,3.251,3.251,0.0,3.251,0
2025-11-06,3.273,3.273,3.273,3.273,0.0,3.273,0
2025-11-07,3.235,3.235,3.235,3.235,0.0,3.235,0
2025-11-10,3.243,3.243,3.243,3.243,0.0,3.243,0
2025-11-11,3.266,3.266,3.266,3.266,0.0,3.266,0
2025-11-12,3.289,3.289,3.289,3.289,0.0,3.289,0
2025-11-13,3.312,3.312,3.312,3.312,0.0,3.312,0
2025-11-14,3.299,3.299,3.299,3.299,0.0,3.299,0
2025-11-17,3.311,3.311,3.311,3.311,0.0,3.311,0
2025-11-18,3.308,3.308,3.308,3.308,0.0,3.308,0
2025-11-19,3.305,3.305,3.305,3.305,0.0,3.305,0
2025-11-20,3.315,3.315,3.315,3.315,0.0,3.315,0
2025-11-21,3.329,3.329,3.329,3.329,0.0,3.329,0
2025-11-24,3.293,3.293,3.293,3.293,0.0,3.293,0
2025-11-25,3.311,3.311,3.311,3.311,0.0,3.311,0
2025-11-26,3.262,3.262,3.262,3.262,0.0,3.262,0
2025-11-28,3.307,3.307,3.307,3.307,0.0,3.307,0
2025-12-01,3.275,3.275,3.275,3.275,0.0,3.275,0
2025-12-02,3.29,3.29,3.29,3.29,0.0,3.29,0
2025-12-03,3.287,3.287,3.287,3.287,0.0,3.287,0
2025-12-04,3.321,3.321,3.321,3.321,0.0,3.321,0
2025-12-05,3.32,3.32,3.32,3.32,0.0,3.32,0
2025-12-08,3.275,3.275,3.275,3.275,0.0,3.275,0
2025-12-09,3.261,3.261,3.261,3.261,0.0,3.261,0
2025-12-10,3.255,3.255,3.255,3.255,0.0,3.255,0
2025-12-11,3.287,3.287,3.287,3.287,0.0,3.287,0
2025-12-12,3.258,3.258,3.258,3.258,0.0,3.258,0
2025-12-15,3.28,3.28,3.28,3.28,0.0,3.28,0
2025-12-16,3.274,3.274,3.274,3.274,0.0,3.274,0
2025-12-17,3.299,3.299,3.299,3.299,0.0,3.299,0
2025-12-18,3.253,3.253,3.253,3.253,0.0,3.253,0
2025-12-19,3.242,3.242,3.242,3.242,0.0,3.242,0
2025-12-22,3.23,3.23,3.23,3.23,0.0,3.23,0
2025-12-23,3.234,3.234,3.234,3.234,0.0,3.234,0
2025-12-24,3.2,3.2,3.2,3.2,0.0,3.2,0
2025-12-26,3.203,3.203,3.203,3.203,0.0,3.203,0
2025-12-29,3.227,3.227,3.227,3.227,0.0,3.227,0
2025-12-30,3.22,3.22,3.22,3.22,0.0,3.22,0
2025-12-31,3.248,3.248,3.248,3.248,0.0,3.248,0
2026-01-02,3.21,3.21,3.21,3.21,0.0,3.21,0
2026-01-05,3.216,3.216,3.216,3.216,0.0,3.216,0
2026-01-06,3.231,3.231,3.231,3.231,0.0,3.231,0
2026-01-07,3.197,3.197,3.197,3.197,0.0,3.197,0
2026-01-08,3.209,3.209,3.209,3.209,0.0,3.209,0
2026-01-09,3.173,3.173,3.173,3.173,0.0,3.173,0
2026-01-12,3.221,3.221,3.221,3.221,0.0,3.221,0
2026-01-13,3.235,3.235,3.235,3.235,0.0,3.235,0
2026-01-14,3.153,3.153,3.153,3.153,0.0,3.153,0
2026-01-15,3.234,3.234,3.234,3.234,0.0,3.234,0
2026-01-16,3.263,3.263,3.263,3.263,0.0,3.263,0
2026-01-20,3.277,3.277,3.277,3.277,0.0,3.277,0
2026-01-21,3.274,3.274,3.274,3.274,0.0,3.274,0
2026-01-22,3.267,3.267,3.267,3.267,0.0,3.267,0
2026-01-23,3.242,3.242,3.242,3.242,0.0,3.242,0
2026-01-26,3.246,3.246,3.246,3.246,0.0,3.246,0
2026-01-27,3.239,3.239,3.239,3.239,0.0,3.239,0
2026-01-28,3.277,3.277,3.277,3.277,0.0,3.277,0
2026-01-29,3.214,3.214,3.214,3.214,0.0,3.214,0
2026-01-30,3.25,3.25,3.21,3.21,1.0,3.25,1
2026-02-02,3.191,3.191,3.191,3.191,0.0,3.191,0
2026-02-03,3.224,3.224,3.224,3.224,0.0,3.224,0
2026-02-04,3.234,3.234,3.234,3.234,0.0,3.234,0
2026-02-05,3.216,3.216,3.216,3.216,0.0,3.216,0
2026-02-06,3.211,3.211,3.211,3.211,0.0,3.211,0
2026-02-09,3.232,3.232,3.232,3.232,0.0,3.232,0
2026-02-10,3.199,3.199,3.199,3.199,0.0,3.199,0
2026-02-11,3.249,3.249,3.249,3.249,0.0,3.249,0
2026-02-12,3.192,3.192,3.192,3.192,0.0,3.192,0
2026-02-13,3.212,3.212,3.212,3.212,0.0,3.212,0
2026-02-17,3.185,3.185,3.185,3.185,0.0,3.185,0
2026-02-18,3.208,3.208,3.208,3.208,0.0,3.208,0
2026-02-19,3.225,3.225,3.225,3.225,0.0,3.225,0
2026-02-20,3.232,3.232,3.232,3.232,0.0,3.232,0
2026-02-23,3.203,3.203,3.203,3.203,0.0,3.203,0
2026-02-24,3.225,3.225,3.225,3.225,0.0,3.225,0
2026-02-25,3.203,3.203,3.203,3.203,0.0,3.203,0
2026-02-26,3.197,3.197,3.197,3.197,0.0,3.197,0
2026-02-27,3.188,3.188,3.188,3.188,0.0,3.188,0
2026-03-02,3.199,3.199,3.199,3.199,0.0,3.199,0
2026-03-03,3.184,3.184,3.184,3.184,0.0,3.184,0
2026-03-04,3.173,3.173,3.173,3.173,0.0,3.173,0
2026-03-05,3.174,3.174,3.174,3.174,0.0,3.174,0
2026-03-06,3.221,3.221,3.221,3.221,0.0,3.221,0
2026-03-09,3.2,3.212,3.2,3.212,1.0,3.2,1
2026-03-10,3.254,3.254,3.254,3.254,0.0,3.254,0
2026-03-11,3.266,3.266,3.266,3.266,0.0,3.266,0
2026-03-12,3.234,3.234,3.234,3.234,0.0,3.234,0
2026-03-13,3.232,3.232,3.232,3.232,0.0,3.232,0
2026-03-16,3.213,3.213,3.213,3.213,0.0,3.213,0
2026-03-17,3.199,3.199,3.199,3.199,0.0,3.199,0
2026-03-18,3.222,3.222,3.222,3.222,0.0,3.222,0
2026-03-19,3.217,3.217,3.217,3.217,0.0,3.217,0
2026-03-20,3.25,3.253,3.25,3.253,1.0,3.25,1
2026-03-23,3.243,3.243,3.243,3.243,0.0,3.243,0
2026-03-24,3.251,3.251,3.251,3.251,0.0,3.251,0
2026-03-25,3.252,3.252,3.252,3.252,0.0,3.252,0
2026-03-26,3.268,3.268,3.268,3.268,0.0,3.268,0
2026-03-27,3.26,3.268,3.212,3.212,26.0,3.2603,2
2026-03-30,3.192,3.192,3.192,3.192,0.0,3.192,0
2026-03-31,3.184,3.184,3.184,3.184,0.0,3.184,0
2026-04-01,3.225,3.225,3.225,3.225,0.0,3.225,0
2026-04-02,3.232,3.232,3.232,3.232,0.0,3.232,0
2026-04-06,3.264,3.264,3.264,3.264,0.0,3.264,0
2026-04-07,3.297,3.297,3.297,3.297,0.0,3.297,0
2026-04-08,3.207,3.207,3.207,3.207,0.0,3.207,0
2026-04-09,3.212,3.212,3.212,3.212,0.0,3.212,0
2026-04-10,3.179,3.179,3.179,3.179,0.0,3.179,0
2026-04-13,3.189,3.189,3.189,3.189,0.0,3.189,0
2026-04-14,3.19,3.19,3.19,3.19,0.0,3.19,0
2026-04-15,3.215,3.215,3.215,3.215,0.0,3.215,0
2026-04-16,3.2,3.2,3.2,3.2,0.0,3.2,0
2026-04-17,3.211,3.211,3.211,3.211,0.0,3.211,0
2026-04-20,3.218,3.218,3.218,3.218,0.0,3.218,0
2026-04-21,3.228,3.228,3.228,3.228,0.0,3.228,0
2026-04-22,3.239,3.239,3.239,3.239,0.0,3.239,0
2026-04-23,3.241,3.241,3.241,3.241,0.0,3.241,0
2026-04-24,3.215,3.215,3.215,3.215,0.0,3.215,0
2026-04-27,3.247,3.247,3.247,3.247,0.0,3.247,0
2026-04-28,3.213,3.213,3.213,3.213,0.0,3.213,0
2026-04-29,3.227,3.227,3.227,3.227,0.0,3.227,0
2026-04-30,3.217,3.217,3.217,3.217,0.0,3.217,0
2026-05-01,3.222,3.222,3.222,3.222,0.0,3.222,0
2026-05-04,3.234,3.234,3.234,3.234,0.0,3.234,0
2026-05-05,3.239,3.239,3.239,3.239,0.0,3.239,0
2026-05-06,3.22,3.22,3.22,3.22,0.0,3.22,0
2026-05-07,3.223,3.223,3.223,3.223,0.0,3.223,0
2026-05-08,3.229,3.229,3.229,3.229,0.0,3.229,0
2026-05-11,3.225,3.225,3.225,3.225,0.0,3.225,0
2026-05-12,3.205,3.205,3.205,3.205,0.0,3.205,0
2026-05-13,3.215,3.215,3.215,3.215,0.0,3.215,0
2026-05-14,3.227,3.227,3.227,3.227,0.0,3.227,0
2026-05-15,3.227,3.227,3.216,3.216,1.0,3.227,1
2026-05-18,3.215,3.215,3.215,3.215,0.0,3.215,0
2026-05-19,3.218,3.218,3.218,3.218,0.0,3.218,0
2026-05-20,3.212,3.212,3.212,3.212,0.0,3.212,0
2026-05-21,3.21,3.21,3.21,3.21,0.0,3.21,0
2026-05-22,3.208,3.208,3.208,3.208,0.0,3.208,0
2026-05-26,3.17,3.17,3.17,3.17,0.0,3.17,0
2026-05-27,3.167,3.167,3.167,3.167,0.0,3.167,0
2026-05-28,3.171,3.171,3.171,3.171,0.0,3.171,0
2026-05-29,3.176,3.176,3.176,3.176,0.0,3.176,0
2026-06-01,3.168,3.168,3.168,3.168,0.0,3.168,0
2026-06-02,3.151,3.151,3.151,3.151,0.0,3.151,0
2026-06-03,3.156,3.156,3.156,3.156,0.0,3.156,0
2026-06-04,3.155,3.155,3.155,3.155,0.0,3.155,0
2026-06-05,3.156,3.156,3.156,3.156,0.0,3.156,0
2026-06-08,3.154,3.154,3.154,3.154,0.0,3.154,0
2026-06-09,3.146,3.146,3.146,3.146,0.0,3.146,0
2026-06-10,3.15,3.15,3.15,3.15,0.0,3.15,0
2026-06-11,3.146,3.146,3.146,3.146,0.0,3.146,0
2026-06-12,3.139,3.139,3.139,3.139,0.0,3.139,0
2026-06-15,3.138,3.138,3.138,3.138,0.0,3.138,0
2026-06-16,3.142,3.142,3.142,3.142,0.0,3.142,0
2026-06-17,3.151,3.151,3.151,3.151,0.0,3.151,0
2026-06-18,3.125,3.125,3.125,3.125,0.0,3.125,0
2026-06-22,3.135,3.135,3.135,3.135,0.0,3.135,0
2026-06-23,3.109,3.109,3.109,3.109,0.0,3.109,0
2026-06-24,3.124,3.124,3.124,3.124,0.0,3.124,0
2026-06-25,3.114,3.114,3.114,3.114,0.0,3.114,0
2026-06-26,3.107,3.107,3.107,3.107,0.0,3.107,0
2026-06-29,3.103,3.103,3.103,3.103,0.0,3.103,0
2026-06-30,3.08,3.08,3.08,3.08,0.0,3.08,0
2026-07-01,3.062,3.062,3.062,3.062,0.0,3.062,0
2026-07-02,3.066,3.066,3.066,3.066,0.0,3.066,0
2026-07-06,3.082,3.082,3.082,3.082,0.0,3.082,0
2026-07-07,3.105,3.105,3.105,3.105,0.0,3.105,0
2026-07-08,3.105,3.105,3.105,3.105,0.0,3.105,0
2026-07-09,3.107,3.107,3.107,3.107,0.0,3.107,0
2026-07-10,3.11,3.11,3.11,3.11,0.0,3.11,0
2026-07-13,3.117,3.117,3.117,3.117,0.0,3.117,0
2026-07-14,3.123,3.123,3.123,3.123,0.0,3.123,0
2026-07-15,3.126,3.126,3.126,3.126,0.0,3.126,0
2026-07-16,3.136,3.136,3.136,3.136,0.0,3.136,0
2026-07-17,3.15,3.15,3.15,3.15,0.0,3.15,0
2026-07-20,3.142,3.142,3.142,3.142,0.0,3.142,0
2026-07-21,3.147,3.147,3.147,3.147,0.0,3.147,0
2026-07-22,3.174,3.174,3.174,3.174,0.0,3.174,0
2026-07-23,3.204,3.204,3.204,3.204,0.0,3.204,0
2026-07-24,3.198,3.198,3.198,3.198,0.0,3.198,0
2026-07-27,3.185,3.185,3.185,3.185,0.0,3.185,0
2026-07-28,3.18,3.18,3.18,3.18,0.0,3.18,0
2026-07-29,3.199,3.199,3.199,3.199,0.0,3.199,0
2026-07-30,3.197,3.197,3.197,3.197,0.0,3.197,0
2026-07-31,3.204,3.204,3.204,3.204,0.0,3.204,0
2026-08-03,3.207,3.207,3.207,3.207,0.0,3.207,0
2026-08-04,3.204,3.204,3.204,3.204,0.0,3.204,0
2026-08-05,3.188,3.188,3.188,3.188,0.0,3.188,0
2026-08-06,3.183,3.183,3.183,3.183,0.0,3.183,0
2026-08-07,3.185,3.185,3.185,3.185,0.0,3.185,0
2026-08-10,3.188,3.188,3.188,3.188,0.0,3.188,0
2026-08-11,3.202,3.202,3.202,3.202,0.0,3.202,0
2026-08-12,3.202,3.202,3.202,3.202,0.0,3.202,0
2026-08-13,3.18,3.18,3.18,3.18,0.0,3.18,0
2026-08-14,3.168,3.168,3.168,3.168,0.0,3.168,0
