date,open,high,low,close,volume,average,barCount
2017-03-14,3.068,3.068,3.068,3.068,0.0,3.068,0
2017-03-15,3.088,3.088,3.088,3.088,0.0,3.088,0
2017-03-16,3.106,3.106,3.106,3.106,0.0,3.106,0
2017-03-17,3.111,3.111,3.111,3.111,0.0,3.111,0
2017-03-20,3.113,3.113,3.113,3.113,0.0,3.113,0
2017-03-21,3.123,3.123,3.123,3.123,0.0,3.123,0
2017-03-22,3.125,3.125,3.125,3.125,0.0,3.125,0
2017-03-23,3.12,3.12,3.12,3.12,0.0,3.12,0
2017-03-24,3.084,3.084,3.084,3.084,0.0,3.084,0
2017-03-27,3.074,3.074,3.074,3.074,0.0,3.074,0
2017-03-28,3.065,3.065,3.065,3.065,0.0,3.065,0
2017-03-29,3.073,3.073,3.073,3.073,0.0,3.073,0
2017-03-30,3.076,3.076,3.076,3.076,0.0,3.076,0
2017-03-31,3.093,3.093,3.093,3.093,0.0,3.093,0
2017-04-03,3.1,3.1,3.1,3.1,0.0,3.1,0
2017-04-04,3.113,3.113,3.113,3.113,0.0,3.113,0
2017-04-05,3.13,3.13,3.13,3.13,0.0,3.13,0
2017-04-06,3.11,3.11,3.11,3.11,0.0,3.11,0
2017-04-07,3.124,3.124,3.124,3.124,0.0,3.124,0
2017-04-10,3.133,3.133,3.133,3.133,0.0,3.133,0
2017-04-11,3.164,3.164,3.164,3.164,0.0,3.164,0
2017-04-12,3.165,3.165,3.165,3.165,0.0,3.165,0
2017-04-13,3.179,3.179,3.179,3.179,0.0,3.179,0
2017-04-17,3.164,3.164,3.164,3.164,0.0,3.164,0
2017-04-18,3.194,3.194,3.194,3.194,0.0,3.194,0
2017-04-19,3.205,3.205,3.205,3.205,0.0,3.205,0
2017-04-20,3.239,3.239,3.239,3.239,0.0,3.239,0
2017-04-21,3.24,3.24,3.24,3.24,0.0,3.24,0
2017-04-24,3.199,3.199,3.199,3.199,0.0,3.199,0
2017-04-25,3.199,3.199,3.199,3.199,0.0,3.199,0
2017-04-26,3.19,3.19,3.19,3.19,0.0,3.19,0
2017-04-27,3.181,3.181,3.181,3.181,0.0,3.181,0
2017-04-28,3.207,3.207,3.207,3.207,0.0,3.207,0
2017-05-01,3.182,3.182,3.182,3.182,0.0,3.182,0
2017-05-02,3.183,3.183,3.183,3.183,0.0,3.183,0
2017-05-03,3.202,3.202,3.202,3.202,0.0,3.202,0
2017-05-04,3.245,3.245,3.245,3.245,0.0,3.245,0
2017-05-05,3.245,3.245,3.245,3.245,0.0,3.245,0
2017-05-08,3.236,3.236,3.236,3.236,0.0,3.236,0
2017-05-09,3.239,3.239,3.239,3.239,0.0,3.239,0
2017-05-10,3.24,3.24,3.24,3.24,0.0,3.24,0
2017-05-11,3.274,3.274,3.274,3.274,0.0,3.274,0
2017-05-12,3.278,3.278,3.278,3.278,0.0,3.278,0
2017-05-15,3.283,3.283,3.283,3.283,0.0,3.283,0
2017-05-16,3.3,3.3,3.3,3.3,0.0,3.3,0
2017-05-17,3.296,3.296,3.296,3.296,0.0,3.296,0
2017-05-18,3.283,3.283,3.283,3.283,0.0,3.283,0
2017-05-19,3.273,3.273,3.273,3.273,0.0,3.273,0
2017-05-22,3.275,3.275,3.275,3.275,0.0,3.275,0
2017-05-23,3.342,3.342,3.342,3.342,0.0,3.342,0
2017-05-24,3.344,3.344,3.344,3.344,0.0,3.344,0
2017-05-25,3.334,3.334,3.334,3.334,0.0,3.334,0
2017-05-26,3.319,3.319,3.319,3.319,0.0,3.319,0
2017-05-30,3.286,3.286,3.286,3.286,0.0,3.286,0
2017-05-31,3.282,3.282,3.282,3.282,0.0,3.282,0
2017-06-01,3.284,3.284,3.284,3.284,0.0,3.284,0
2017-06-02,3.274,3.274,3.274,3.274,0.0,3.274,0
2017-06-05,3.244,3.244,3.244,3.244,0.0,3.244,0
2017-06-06,3.186,3.186,3.186,3.186,0.0,3.186,0
2017-06-07,3.197,3.197,3.197,3.197,0.0,3.197,0
2017-06-08,3.215,3.215,3.215,3.215,0.0,3.215,0
2017-06-09,3.212,3.212,3.212,3.212,0.0,3.212,0
2017-06-12,3.214,3.214,3.214,3.214,0.0,3.214,0
2017-06-13,3.211,3.211,3.211,3.211,0.0,3.211,0
2017-06-14,3.2,3.2,3.2,3.2,0.0,3.2,0
2017-06-15,3.228,3.228,3.228,3.228,0.0,3.228,0
2017-06-16,3.217,3.217,3.217,3.217,0.0,3.217,0
2017-06-19,3.24,3.24,3.24,3.24,0.0,3.24,0
2017-06-20,3.28,3.28,3.28,3.28,0.0,3.28,0
2017-06-21,3.301,3.301,3.301,3.301,0.0,3.301,0
2017-06-22,3.295,3.295,3.295,3.295,0.0,3.295,0
2017-06-23,3.282,3.282,3.282,3.282,0.0,3.282,0
2017-06-26,3.259,3.259,3.259,3.259,0.0,3.259,0
2017-06-27,3.262,3.262,3.262,3.262,0.0,3.262,0
2017-06-28,3.252,3.252,3.252,3.252,0.0,3.252,0
2017-06-29,3.253,3.253,3.253,3.253,0.0,3.253,0
2017-06-30,3.271,3.271,3.271,3.271,0.0,3.271,0
2017-07-03,3.276,3.276,3.276,3.276,0.0,3.276,0
2017-07-05,3.261,3.261,3.261,3.261,0.0,3.261,0
2017-07-06,3.209,3.209,3.209,3.209,0.0,3.209,0
2017-07-07,3.204,3.204,3.204,3.204,0.0,3.204,0
2017-07-10,3.191,3.191,3.191,3.191,0.0,3.191,0
2017-07-11,3.188,3.188,3.188,3.188,0.0,3.188,0
2017-07-12,3.174,3.174,3.174,3.174,0.0,3.174,0
2017-07-13,3.187,3.187,3.187,3.187,0.0,3.187,0
2017-07-14,3.19,3.19,3.19,3.19,0.0,3.19,0
2017-07-17,3.183,3.183,3.183,3.183,0.0,3.183,0
2017-07-18,3.183,3.183,3.183,3.183,0.0,3.183,0
2017-07-19,3.168,3.168,3.168,3.168,0.0,3.168,0
2017-07-20,3.149,3.149,3.149,3.149,0.0,3.149,0
2017-07-21,3.15,3.15,3.15,3.15,0.0,3.15,0
2017-07-24,3.127,3.127,3.127,3.127,0.0,3.127,0
2017-07-25,3.102,3.102,3.102,3.102,0.0,3.102,0
2017-07-26,3.095,3.095,3.095,3.095,0.0,3.095,0
2017-07-27,3.096,3.096,3.096,3.096,0.0,3.096,0
2017-07-28,3.111,3.111,3.111,3.111,0.0,3.111,0
2017-07-31,3.087,3.087,3.087,3.087,0.0,3.087,0
2017-08-01,3.109,3.109,3.109,3.109,0.0,3.109,0
2017-08-02,3.118,3.118,3.118,3.118,0.0,3.118,0
2017-08-03,3.141,3.141,3.141,3.141,0.0,3.141,0
2017-08-04,3.151,3.151,3.151,3.151,0.0,3.151,0
2017-08-07,3.15,3.15,3.15,3.15,0.0,3.15,0
2017-08-08,3.132,3.132,3.132,3.132,0.0,3.132,0
2017-08-09,3.126,3.126,3.126,3.126,0.0,3.126,0
2017-08-10,3.123,3.123,3.123,3.123,0.0,3.123,0
2017-08-11,3.127,3.127,3.127,3.127,0.0,3.127,0
2017-08-14,3.123,3.123,3.123,3.123,0.0,3.123,0
2017-08-15,3.121,3.121,3.121,3.121,0.0,3.121,0
2017-08-16,3.111,3.111,3.111,3.111,0.0,3.111,0
2017-08-17,3.11,3.11,3.11,3.11,0.0,3.11,0
2017-08-18,3.11,3.11,3.11,3.11,0.0,3.11,0
2017-08-21,3.1,3.1,3.1,3.1,0.0,3.1,0
2017-08-22,3.092,3.092,3.092,3.092,0.0,3.092,0
2017-08-23,3.089,3.089,3.089,3.089,0.0,3.089,0
2017-08-24,3.039,3.039,3.039,3.039,0.0,3.039,0
2017-08-25,3.026,3.026,3.026,3.026,0.0,3.026,0
2017-08-28,3.039,3.039,3.039,3.039,0.0,3.039,0
2017-08-29,3.041,3.041,3.041,3.041,0.0,3.041,0
2017-08-30,3.042,3.042,3.042,3.042,0.0,3.042,0
2017-08-31,3.05,3.05,3.05,3.05,0.0,3.05,0
2017-09-01,3.051,3.051,3.051,3.051,0.0,3.051,0
2017-09-05,3.047,3.047,3.047,3.047,0.0,3.047,0
2017-09-06,3.008,3.008,3.008,3.008,0.0,3.008,0
2017-09-07,3.042,3.042,3.042,3.042,0.0,3.042,0
2017-09-08,3.046,3.046,3.046,3.046,0.0,3.046,0
2017-09-11,3.057,3.057,3.057,3.057,0.0,3.057,0
2017-09-12,3.034,3.034,3.034,3.034,0.0,3.034,0
2017-09-13,3.02,3.02,3.02,3.02,0.0,3.02,0
2017-09-14,3.008,3.008,3.008,3.008,0.0,3.008,0
2017-09-15,3.013,3.013,3.013,3.013,0.0,3.013,0
2017-09-18,3.008,3.008,3.008,3.008,0.0,3.008,0
2017-09-19,2.998,2.998,2.998,2.998,0.0,2.998,0
2017-09-20,2.988,2.988,2.988,2.988,0.0,2.988,0
2017-09-21,2.979,2.979,2.979,2.979,0.0,2.979,0
2017-09-22,2.993,2.993,2.993,2.993,0.0,2.993,0
2017-09-25,2.976,2.976,2.976,2.976,0.0,2.976,0
2017-09-26,2.986,2.986,2.986,2.986,0.0,2.986,0
2017-09-27,2.997,2.997,2.997,2.997,0.0,2.997,0
2017-09-28,2.996,2.996,2.996,2.996,0.0,2.996,0
2017-09-29,2.993,2.993,2.993,2.993,0.0,2.993,0
2017-10-02,3.006,3.006,3.006,3.006,0.0,3.006,0
2017-10-03,3.015,3.015,3.015,3.015,0.0,3.015,0
2017-10-04,3.014,3.014,3.014,3.014,0.0,3.014,0
2017-10-05,3.023,3.023,3.023,3.023,0.0,3.023,0
2017-10-06,3.015,3.015,3.015,3.015,0.0,3.015,0
2017-10-09,3.025,3.025,3.025,3.025,0.0,3.025,0
2017-10-10,3.015,3.015,3.015,3.015,0.0,3.015,0
2017-10-11,3.034,3.034,3.034,3.034,0.0,3.034,0
2017-10-12,3.078,3.078,3.078,3.078,0.0,3.078,0
2017-10-13,3.08,3.08,3.08,3.08,0.0,3.08,0
2017-10-16,3.112,3.112,3.112,3.112,0.0,3.112,0
2017-10-17,3.159,3.159,3.159,3.159,0.0,3.159,0
2017-10-18,3.163,3.163,3.163,3.163,0.0,3.163,0
2017-10-19,3.185,3.185,3.185,3.185,0.0,3.185,0
2017-10-20,3.225,3.225,3.225,3.225,0.0,3.225,0
2017-10-23,3.205,3.205,3.205,3.205,0.0,3.205,0
2017-10-24,3.204,3.204,3.204,3.204,0.0,3.204,0
2017-10-25,3.205,3.205,3.205,3.205,0.0,3.205,0
2017-10-26,3.198,3.198,3.198,3.198,0.0,3.198,0
2017-10-27,3.178,3.178,3.178,3.178,0.0,3.178,0
2017-10-30,3.213,3.213,3.213,3.213,0.0,3.213,0
2017-10-31,3.224,3.224,3.224,3.224,0.0,3.224,0
2017-11-01,3.234,3.234,3.234,3.234,0.0,3.234,0
2017-11-02,3.216,3.216,3.216,3.216,0.0,3.216,0
2017-11-03,3.213,3.213,3.213,3.213,0.0,3.213,0
2017-11-06,3.208,3.208,3.208,3.208,0.0,3.208,0
2017-11-07,3.207,3.207,3.207,3.207,0.0,3.207,0
2017-11-08,3.205,3.205,3.205,3.205,0.0,3.205,0
2017-11-09,3.215,3.215,3.215,3.215,0.0,3.215,0
2017-11-10,3.195,3.195,3.195,3.195,0.0,3.195,0
2017-11-13,3.181,3.181,3.181,3.181,0.0,3.181,0
2017-11-14,3.171,3.171,3.171,3.171,0.0,3.171,0
2017-11-15,3.163,3.163,3.163,3.163,0.0,3.163,0
2017-11-16,3.167,3.167,3.167,3.167,0.0,3.167,0
2017-11-17,3.161,3.161,3.161,3.161,0.0,3.161,0
2017-11-20,3.154,3.154,3.154,3.154,0.0,3.154,0
2017-11-21,3.152,3.152,3.152,3.152,0.0,3.152,0
2017-11-22,3.139,3.139,3.139,3.139,0.0,3.139,0
2017-11-24,3.142,3.142,3.142,3.142,0.0,3.142,0
2017-11-27,3.145,3.145,3.145,3.145,0.0,3.145,0
2017-11-28,3.145,3.145,3.145,3.145,0.0,3.145,0
2017-11-29,3.151,3.151,3.151,3.151,0.0,3.151,0
2017-11-30,3.151,3.151,3.151,3.151,0.0,3.151,0
2017-12-01,3.107,3.107,3.107,3.107,0.0,3.107,0
2017-12-04,3.093,3.093,3.093,3.093,0.0,3.093,0
2017-12-05,3.081,3.081,3.081,3.081,0.0,3.081,0
2017-12-06,3.063,3.063,3.063,3.063,0.0,3.063,0
2017-12-07,3.069,3.069,3.069,3.069,0.0,3.069,0
2017-12-08,3.064,3.064,3.064,3.064,0.0,3.064,0
2017-12-11,3.057,3.057,3.057,3.057,0.0,3.057,0
2017-12-12,3.067,3.067,3.067,3.067,0.0,3.067,0
2017-12-13,3.086,3.086,3.086,3.086,0.0,3.086,0
2017-12-14,3.097,3.097,3.097,3.097,0.0,3.097,0
2017-12-15,3.105,3.105,3.105,3.105,0.0,3.105,0
2017-12-18,3.125,3.125,3.125,3.125,0.0,3.125,0
2017-12-19,3.127,3.127,3.127,3.127,0.0,3.127,0
2017-12-20,3.113,3.113,3.113,3.113,0.0,3.113,0
2017-12-21,3.13,3.13,3.13,3.13,0.0,3.13,0
2017-12-22,3.153,3.153,3.153,3.153,0.0,3.153,0
2017-12-26,3.154,3.154,3.154,3.154,0.0,3.154,0
2017-12-27,3.127,3.127,3.127,3.127,0.0,3.127,0
2017-12-28,3.077,3.077,3.077,3.077,0.0,3.077,0
2017-12-29,3.061,3.061,3.061,3.061,0.0,3.061,0
2018-01-02,3.054,3.054,3.054,3.054,0.0,3.054,0
2018-01-03,3.055,3.055,3.055,3.055,0.0,3.055,0
2018-01-04,3.087,3.087,3.087,3.087,0.0,3.087,0
2018-01-05,3.081,3.081,3.081,3.081,0.0,3.081,0
2018-01-08,3.076,3.076,3.076,3.076,0.0,3.076,0
2018-01-09,3.061,3.061,3.061,3.061,0.0,3.061,0
2018-01-10,3.054,3.054,3.054,3.054,0.0,3.054,0
2018-01-11,3.071,3.071,3.071,3.071,0.0,3.071,0
2018-01-12,3.058,3.058,3.058,3.058,0.0,3.058,0
2018-01-16,3.021,3.021,3.021,3.021,0.0,3.021,0
2018-01-17,3.015,3.015,3.015,3.015,0.0,3.015,0
2018-01-18,3.013,3.013,3.013,3.013,0.0,3.013,0
2018-01-19,3.023,3.023,3.023,3.023,0.0,3.023,0
2018-01-22,3.042,3.042,3.042,3.042,0.0,3.042,0
2018-01-23,3.054,3.054,3.054,3.054,0.0,3.054,0
2018-01-24,3.068,3.068,3.068,3.068,0.0,3.068,0
2018-01-25,3.092,3.092,3.092,3.092,0.0,3.092,0
2018-01-26,3.058,3.058,3.058,3.058,0.0,3.058,0
2018-01-29,3.06,3.06,3.06,3.06,0.0,3.06,0
2018-01-30,3.077,3.077,3.077,3.077,0.0,3.077,0
2018-01-31,3.046,3.046,3.046,3.046,0.0,3.046,0
2018-02-01,3.039,3.039,3.039,3.039,0.0,3.039,0
2018-02-02,3.064,3.064,3.064,3.064,0.0,3.064,0
2018-02-05,3.086,3.086,3.086,3.086,0.0,3.086,0
2018-02-06,3.07,3.07,3.07,3.07,0.0,3.07,0
2018-02-07,3.048,3.048,3.048,3.048,0.0,3.048,0
2018-02-08,3.061,3.061,3.061,3.061,0.0,3.061,0
2018-02-09,3.028,3.028,3.028,3.028,0.0,3.028,0
2018-02-12,3.018,3.018,3.018,3.018,0.0,3.018,0
2018-02-13,3.005,3.005,3.005,3.005,0.0,3.005,0
2018-02-14,3.013,3.013,3.013,3.013,0.0,3.013,0
2018-02-15,3.018,3.018,3.018,3.018,0.0,3.018,0
2018-02-16,3.031,3.031,3.031,3.031,0.0,3.031,0
2018-02-20,3.034,3.034,3.034,3.034,0.0,3.034,0
2018-02-21,3.052,3.052,3.052,3.052,0.0,3.052,0
2018-02-22,3.064,3.064,3.064,3.064,0.0,3.064,0
2018-02-23,3.056,3.056,3.056,3.056,0.0,3.056,0
2018-02-26,3.052,3.052,3.052,3.052,0.0,3.052,0
2018-02-27,3.055,3.055,3.055,3.055,0.0,3.055,0
2018-02-28,3.03,3.03,3.03,3.03,0.0,3.03,0
2018-03-01,3.069,3.069,3.069,3.069,0.0,3.069,0
2018-03-02,3.086,3.086,3.086,3.086,0.0,3.086,0
2018-03-05,3.104,3.104,3.104,3.104,0.0,3.104,0
2018-03-06,3.101,3.101,3.101,3.101,0.0,3.101,0
2018-03-07,3.094,3.094,3.094,3.094,0.0,3.094,0
2018-03-08,3.056,3.056,3.056,3.056,0.0,3.056,0
2018-03-09,3.017,3.017,3.017,3.017,0.0,3.017,0
2018-03-12,3.023,3.023,3.023,3.023,0.0,3.023,0
2018-03-13,3.03,3.03,3.03,3.03,0.0,3.03,0
2018-03-14,3.05,3.05,3.05,3.05,0.0,3.05,0
2018-03-15,3.108,3.108,3.108,3.108,0.0,3.108,0
2018-03-16,3.118,3.118,3.118,3.118,0.0,3.118,0
2018-03-19,3.108,3.108,3.108,3.108,0.0,3.108,0
2018-03-20,3.113,3.113,3.113,3.113,0.0,3.113,0
2018-03-21,3.121,3.121,3.121,3.121,0.0,3.121,0
2018-03-22,3.109,3.109,3.109,3.109,0.0,3.109,0
2018-03-23,3.031,3.031,3.031,3.031,0.0,3.031,0
2018-03-26,3.059,3.059,3.059,3.059,0.0,3.059,0
2018-03-27,3.065,3.065,3.065,3.065,0.0,3.065,0
2018-03-28,3.094,3.094,3.094,3.094,0.0,3.094,0
2018-03-29,3.132,3.132,3.132,3.132,0.0,3.132,0
2018-04-02,3.114,3.114,3.114,3.114,0.0,3.114,0
2018-04-03,3.092,3.092,3.092,3.092,0.0,3.092,0
2018-04-04,3.066,3.066,3.066,3.066,0.0,3.066,0
2018-04-05,3.082,3.082,3.082,3.082,0.0,3.082,0
2018-04-06,3.076,3.076,3.076,3.076,0.0,3.076,0
2018-04-09,3.06,3.06,3.06,3.06,0.0,3.06,0
2018-04-10,3.069,3.069,3.069,3.069,0.0,3.069,0
2018-04-11,3.077,3.077,3.077,3.077,0.0,3.077,0
2018-04-12,3.1,3.1,3.1,3.1,0.0,3.1,0
2018-04-13,3.093,3.093,3.093,3.093,0.0,3.093,0
2018-04-16,3.095,3.095,3.095,3.095,0.0,3.095,0
2018-04-17,3.057,3.057,3.057,3.057,0.0,3.057,0
2018-04-18,3.058,3.058,3.058,3.058,0.0,3.058,0
2018-04-19,3.06,3.06,3.06,3.06,0.0,3.06,0
2018-04-20,3.068,3.068,3.068,3.068,0.0,3.068,0
2018-04-23,3.069,3.069,3.069,3.069,0.0,3.069,0
2018-04-24,3.067,3.067,3.067,3.067,0.0,3.067,0
2018-04-25,3.056,3.056,3.056,3.056,0.0,3.056,0
2018-04-26,3.046,3.046,3.046,3.046,0.0,3.046,0
2018-04-27,3.048,3.048,3.048,3.048,0.0,3.048,0
2018-04-30,3.042,3.042,3.042,3.042,0.0,3.042,0
2018-05-01,3.022,3.022,3.022,3.022,0.0,3.022,0
2018-05-02,3.047,3.047,3.047,3.047,0.0,3.047,0
2018-05-03,3.057,3.057,3.057,3.057,0.0,3.057,0
2018-05-04,3.055,3.055,3.055,3.055,0.0,3.055,0
2018-05-07,3.053,3.053,3.053,3.053,0.0,3.053,0
2018-05-08,3.008,3.008,3.008,3.008,0.0,3.008,0
2018-05-09,2.994,2.994,2.994,2.994,0.0,2.994,0
2018-05-10,2.99,2.99,2.99,2.99,0.0,2.99,0
2018-05-11,2.993,2.993,2.993,2.993,0.0,2.993,0
2018-05-14,2.985,2.985,2.985,2.985,0.0,2.985,0
2018-05-15,3.023,3.023,3.023,3.023,0.0,3.023,0
2018-05-16,2.997,2.997,2.997,2.997,0.0,2.997,0
2018-05-17,3.004,3.004,3.004,3.004,0.0,3.004,0
2018-05-18,3.019,3.019,3.019,3.019,0.0,3.019,0
2018-05-21,3.014,3.014,3.014,3.014,0.0,3.014,0
2018-05-22,2.986,2.986,2.986,2.986,0.0,2.986,0
2018-05-23,2.963,2.963,2.963,2.963,0.0,2.963,0
2018-05-24,2.957,2.957,2.957,2.957,0.0,2.957,0
2018-05-25,2.929,2.929,2.929,2.929,0.0,2.929,0
2018-05-29,2.908,2.908,2.908,2.908,0.0,2.908,0
2018-05-30,2.919,2.919,2.919,2.919,0.0,2.919,0
2018-05-31,2.902,2.902,2.902,2.902,0.0,2.902,0
2018-06-01,2.892,2.892,2.892,2.892,0.0,2.892,0
2018-06-04,2.905,2.905,2.905,2.905,0.0,2.905,0
2018-06-05,2.92,2.92,2.92,2.92,0.0,2.92,0
2018-06-06,2.915,2.915,2.915,2.915,0.0,2.915,0
2018-06-07,2.913,2.913,2.913,2.913,0.0,2.913,0
2018-06-08,2.914,2.914,2.914,2.914,0.0,2.914,0
2018-06-11,2.913,2.913,2.913,2.913,0.0,2.913,0
2018-06-12,2.944,2.944,2.944,2.944,0.0,2.944,0
2018-06-13,2.955,2.955,2.955,2.955,0.0,2.955,0
2018-06-14,2.971,2.971,2.971,2.971,0.0,2.971,0
2018-06-15,2.976,2.976,2.976,2.976,0.0,2.976,0
2018-06-18,3.012,3.012,3.012,3.012,0.0,3.012,0
2018-06-19,3.014,3.014,3.014,3.014,0.0,3.014,0
2018-06-20,3.013,3.013,3.013,3.013,0.0,3.013,0
2018-06-21,2.991,2.991,2.991,2.991,0.0,2.991,0
2018-06-22,2.993,2.993,2.993,2.993,0.0,2.993,0
2018-06-25,2.989,2.989,2.989,2.989,0.0,2.989,0
2018-06-26,2.986,2.986,2.986,2.986,0.0,2.986,0
2018-06-27,2.989,2.989,2.989,2.989,0.0,2.989,0
2018-06-28,2.968,2.968,2.968,2.968,0.0,2.968,0
2018-06-29,2.965,2.965,2.965,2.965,0.0,2.965,0
2018-07-02,2.956,2.956,2.956,2.956,0.0,2.956,0
2018-07-03,2.953,2.953,2.953,2.953,0.0,2.953,0
2018-07-05,2.955,2.955,2.955,2.955,0.0,2.955,0
2018-07-06,2.954,2.954,2.954,2.954,0.0,2.954,0
2018-07-09,2.945,2.945,2.945,2.945,0.0,2.945,0
2018-07-10,2.949,2.949,2.949,2.949,0.0,2.949,0
2018-07-11,2.927,2.927,2.927,2.927,0.0,2.927,0
2018-07-12,2.924,2.924,2.924,2.924,0.0,2.924,0
2018-07-13,2.919,2.919,2.919,2.919,0.0,2.919,0
2018-07-16,2.892,2.892,2.892,2.892,0.0,2.892,0
2018-07-17,2.877,2.877,2.877,2.877,0.0,2.877,0
2018-07-18,2.876,2.876,2.876,2.876,0.0,2.876,0
2018-07-19,2.87,2.87,2.87,2.87,0.0,2.87,0
2018-07-20,2.876,2.876,2.876,2.876,0.0,2.876,0
2018-07-23,2.885,2.885,2.885,2.885,0.0,2.885,0
2018-07-24,2.889,2.889,2.889,2.889,0.0,2.889,0
2018-07-25,2.921,2.921,2.921,2.921,0.0,2.921,0
2018-07-26,2.917,2.917,2.917,2.917,0.0,2.917,0
2018-07-27,2.937,2.937,2.937,2.937,0.0,2.937,0
2018-07-30,2.941,2.941,2.941,2.941,0.0,2.941,0
2018-07-31,2.944,2.944,2.944,2.944,0.0,2.944,0
2018-08-01,2.914,2.914,2.914,2.914,0.0,2.914,0
2018-08-02,2.918,2.918,2.918,2.918,0.0,2.918,0
2018-08-03,2.918,2.918,2.918,2.918,0.0,2.918,0
2018-08-06,2.908,2.908,2.908,2.908,0.0,2.908,0
2018-08-07,2.953,2.953,2.953,2.953,0.0,2.953,0
2018-08-08,2.966,2.966,2.966,2.966,0.0,2.966,0
2018-08-09,2.966,2.966,2.966,2.966,0.0,2.966,0
2018-08-10,2.963,2.963,2.963,2.963,0.0,2.963,0
2018-08-13,2.964,2.964,2.964,2.964,0.0,2.964,0
2018-08-14,2.963,2.963,2.963,2.963,0.0,2.963,0
2018-08-15,2.964,2.964,2.964,2.964,0.0,2.964,0
2018-08-16,2.954,2.954,2.954,2.954,0.0,2.954,0
2018-08-17,2.956,2.956,2.956,2.956,0.0,2.956,0
2018-08-20,2.955,2.955,2.955,2.955,0.0,2.955,0
2018-08-21,2.971,2.971,2.971,2.971,0.0,2.971,0
2018-08-22,2.958,2.958,2.958,2.958,0.0,2.958,0
2018-08-23,2.955,2.955,2.955,2.955,0.0,2.955,0
2018-08-24,2.944,2.944,2.944,2.944,0.0,2.944,0
2018-08-27,2.914,2.914,2.914,2.914,0.0,2.914,0
2018-08-28,2.89,2.89,2.89,2.89,0.0,2.89,0
2018-08-29,2.894,2.894,2.894,2.894,0.0,2.894,0
2018-08-30,2.875,2.875,2.875,2.875,0.0,2.875,0
2018-08-31,2.889,2.889,2.889,2.889,0.0,2.889,0
2018-09-04,2.876,2.876,2.876,2.876,0.0,2.876,0
2018-09-05,2.881,2.881,2.881,2.881,0.0,2.881,0
2018-09-06,2.9,2.9,2.9,2.9,0.0,2.9,0
2018-09-07,2.899,2.899,2.899,2.899,0.0,2.899,0
2018-09-10,2.902,2.902,2.902,2.902,0.0,2.902,0
2018-09-11,2.899,2.899,2.899,2.899,0.0,2.899,0
2018-09-12,2.909,2.909,2.909,2.909,0.0,2.909,0
2018-09-13,2.925,2.925,2.925,2.925,0.0,2.925,0
2018-09-14,2.931,2.931,2.931,2.931,0.0,2.931,0
2018-09-17,2.935,2.935,2.935,2.935,0.0,2.935,0
2018-09-18,2.945,2.945,2.945,2.945,0.0,2.945,0
2018-09-19,2.942,2.942,2.942,2.942,0.0,2.942,0
2018-09-20,2.946,2.946,2.946,2.946,0.0,2.946,0
2018-09-21,2.944,2.944,2.944,2.944,0.0,2.944,0
2018-09-24,2.942,2.942,2.942,2.942,0.0,2.942,0
2018-09-25,2.945,2.945,2.945,2.945,0.0,2.945,0
2018-09-26,2.954,2.954,2.954,2.954,0.0,2.954,0
2018-09-27,2.955,2.955,2.955,2.955,0.0,2.955,0
2018-09-28,2.956,2.956,2.956,2.956,0.0,2.956,0
2018-10-01,2.961,2.961,2.961,2.961,0.0,2.961,0
2018-10-02,2.959,2.959,2.959,2.959,0.0,2.959,0
2018-10-03,2.958,2.958,2.958,2.958,0.0,2.958,0
2018-10-04,2.959,2.959,2.959,2.959,0.0,2.959,0
2018-10-05,2.962,2.962,2.962,2.962,0.0,2.962,0
2018-10-08,2.967,2.967,2.967,2.967,0.0,2.967,0
2018-10-09,2.962,2.962,2.962,2.962,0.0,2.962,0
2018-10-10,2.958,2.958,2.958,2.958,0.0,2.958,0
2018-10-11,2.983,2.983,2.983,2.983,0.0,2.983,0
2018-10-12,3.003,3.003,3.003,3.003,0.0,3.003,0
2018-10-15,3.002,3.002,3.002,3.002,0.0,3.002,0
2018-10-16,3.022,3.022,3.022,3.022,0.0,3.022,0
2018-10-17,3.017,3.017,3.017,3.017,0.0,3.017,0
2018-10-18,3.016,3.016,3.016,3.016,0.0,3.016,0
2018-10-19,3.013,3.013,3.013,3.013,0.0,3.013,0
2018-10-22,3.014,3.014,3.014,3.014,0.0,3.014,0
2018-10-23,3.013,3.013,3.013,3.013,0.0,3.013,0
2018-10-24,3.01,3.01,3.01,3.01,0.0,3.01,0
2018-10-25,3.0,3.0,3.0,3.0,0.0,3.0,0
2018-10-26,3.002,3.002,3.002,3.002,0.0,3.002,0
2018-10-29,3.003,3.003,3.003,3.003,0.0,3.003,0
2018-10-30,3.021,3.021,3.021,3.021,0.0,3.021,0
2018-10-31,3.02,3.02,3.02,3.02,0.0,3.02,0
2018-11-01,3.027,3.027,3.027,3.027,0.0,3.027,0
2018-11-02,3.034,3.034,3.034,3.034,0.0,3.034,0
2018-11-05,3.048,3.048,3.048,3.048,0.0,3.048,0
2018-11-06,3.064,3.064,3.064,3.064,0.0,3.064,0
2018-11-07,3.062,3.062,3.062,3.062,0.0,3.062,0
2018-11-08,3.063,3.063,3.063,3.063,0.0,3.063,0
2018-11-09,3.066,3.066,3.066,3.066,0.0,3.066,0
2018-11-12,3.089,3.089,3.089,3.089,0.0,3.089,0
2018-11-13,3.068,3.068,3.068,3.068,0.0,3.068,0
2018-11-14,3.052,3.052,3.052,3.052,0.0,3.052,0
2018-11-15,3.067,3.067,3.067,3.067,0.0,3.067,0
2018-11-16,3.038,3.038,3.038,3.038,0.0,3.038,0
2018-11-19,3.025,3.025,3.025,3.025,0.0,3.025,0
2018-11-20,3.023,3.023,3.023,3.023,0.0,3.023,0
2018-11-21,3.021,3.021,3.021,3.021,0.0,3.021,0
2018-11-23,3.046,3.046,3.046,3.046,0.0,3.046,0
2018-11-26,3.039,3.039,3.039,3.039,0.0,3.039,0
2018-11-27,3.035,3.035,3.035,3.035,0.0,3.035,0
2018-11-28,3.036,3.036,3.036,3.036,0.0,3.036,0
2018-11-29,3.066,3.066,3.066,3.066,0.0,3.066,0
2018-11-30,3.122,3.122,3.122,3.122,0.0,3.122,0
2018-12-03,3.094,3.094,3.094,3.094,0.0,3.094,0
2018-12-04,3.08,3.08,3.08,3.08,0.0,3.08,0
2018-12-05,3.071,3.071,3.071,3.071,0.0,3.071,0
2018-12-06,3.082,3.082,3.082,3.082,0.0,3.082,0
2018-12-07,3.089,3.089,3.089,3.089,0.0,3.089,0
2018-12-10,3.09,3.09,3.09,3.09,0.0,3.09,0
2018-12-11,3.065,3.065,3.065,3.065,0.0,3.065,0
2018-12-12,3.067,3.067,3.067,3.067,0.0,3.067,0
2018-12-13,3.035,3.035,3.035,3.035,0.0,3.035,0
2018-12-14,3.045,3.045,3.045,3.045,0.0,3.045,0
2018-12-17,3.044,3.044,3.044,3.044,0.0,3.044,0
2018-12-18,3.039,3.039,3.039,3.039,0.0,3.039,0
2018-12-19,3.062,3.062,3.062,3.062,0.0,3.062,0
2018-12-20,3.077,3.077,3.077,3.077,0.0,3.077,0
2018-12-21,3.08,3.08,3.08,3.08,0.0,3.08,0
2018-12-24,3.079,3.079,3.079,3.079,0.0,3.079,0
2018-12-26,3.076,3.076,3.076,3.076,0.0,3.076,0
2018-12-27,3.074,3.074,3.074,3.074,0.0,3.074,0
2018-12-28,3.074,3.074,3.074,3.074,0.0,3.074,0
2018-12-31,3.083,3.083,3.083,3.083,0.0,3.083,0
2019-01-02,3.083,3.083,3.083,3.083,0.0,3.083,0
2019-01-03,3.072,3.072,3.072,3.072,0.0,3.072,0
2019-01-04,3.074,3.074,3.074,3.074,0.0,3.074,0
2019-01-07,3.076,3.076,3.076,3.076,0.0,3.076,0
2019-01-08,3.071,3.071,3.071,3.071,0.0,3.071,0
2019-01-09,3.074,3.074,3.074,3.074,0.0,3.074,0
2019-01-10,3.074,3.074,3.074,3.074,0.0,3.074,0
2019-01-11,3.081,3.081,3.081,3.081,0.0,3.081,0
2019-01-14,3.08,3.08,3.08,3.08,0.0,3.08,0
2019-01-15,3.072,3.072,3.072,3.072,0.0,3.072,0
2019-01-16,3.041,3.041,3.041,3.041,0.0,3.041,0
2019-01-17,3.041,3.041,3.041,3.041,0.0,3.041,0
2019-01-18,3.054,3.054,3.054,3.054,0.0,3.054,0
2019-01-22,3.067,3.067,3.067,3.067,0.0,3.067,0
2019-01-23,3.056,3.056,3.056,3.056,0.0,3.056,0
2019-01-24,3.035,3.035,3.035,3.035,0.0,3.035,0
2019-01-25,3.08,3.08,3.08,3.08,0.0,3.08,0
2019-01-28,3.064,3.064,3.064,3.064,0.0,3.064,0
2019-01-29,3.067,3.067,3.067,3.067,0.0,3.067,0
2019-01-30,3.069,3.069,3.069,3.069,0.0,3.069,0
2019-01-31,3.07,3.07,3.07,3.07,0.0,3.07,0
2019-02-01,3.071,3.071,3.071,3.071,0.0,3.071,0
2019-02-04,3.058,3.058,3.058,3.058,0.0,3.058,0
2019-02-05,3.11,3.11,3.11,3.11,0.0,3.11,0
2019-02-06,3.107,3.107,3.107,3.107,0.0,3.107,0
2019-02-07,3.103,3.103,3.103,3.103,0.0,3.103,0
2019-02-08,3.105,3.105,3.105,3.105,0.0,3.105,0
2019-02-11,3.11,3.11,3.11,3.11,0.0,3.11,0
2019-02-12,3.118,3.118,3.118,3.118,0.0,3.118,0
2019-02-13,3.116,3.116,3.116,3.116,0.0,3.116,0
2019-02-14,3.123,3.123,3.123,3.123,0.0,3.123,0
2019-02-15,3.103,3.103,3.103,3.103,0.0,3.103,0
2019-02-19,3.094,3.094,3.094,3.094,0.0,3.094,0
2019-02-20,3.106,3.106,3.106,3.106,0.0,3.106,0
2019-02-21,3.093,3.093,3.093,3.093,0.0,3.093,0
2019-02-22,3.09,3.09,3.09,3.09,0.0,3.09,0
2019-02-25,3.082,3.082,3.082,3.082,0.0,3.082,0
2019-02-26,3.064,3.064,3.064,3.064,0.0,3.064,0
2019-02-27,3.1,3.1,3.1,3.1,0.0,3.1,0
2019-02-28,3.111,3.111,3.111,3.111,0.0,3.111,0
2019-03-01,3.11,3.11,3.11,3.11,0.0,3.11,0
2019-03-04,3.106,3.106,3.106,3.106,0.0,3.106,0
2019-03-05,3.104,3.104,3.104,3.104,0.0,3.104,0
2019-03-06,3.107,3.107,3.107,3.107,0.0,3.107,0
2019-03-07,3.112,3.112,3.112,3.112,0.0,3.112,0
2019-03-08,3.112,3.112,3.112,3.112,0.0,3.112,0
2019-03-11,3.139,3.139,3.139,3.139,0.0,3.139,0
2019-03-12,3.154,3.154,3.154,3.154,0.0,3.154,0
2019-03-13,3.163,3.163,3.163,3.163,0.0,3.163,0
2019-03-14,3.171,3.171,3.171,3.171,0.0,3.171,0
2019-03-15,3.172,3.172,3.172,3.172,0.0,3.172,0
2019-03-18,3.171,3.171,3.171,3.171,0.0,3.171,0
2019-03-19,3.172,3.172,3.172,3.172,0.0,3.172,0
2019-03-20,3.17,3.17,3.17,3.17,0.0,3.17,0
2019-03-21,3.18,3.18,3.18,3.18,0.0,3.18,0
2019-03-22,3.17,3.17,3.17,3.17,0.0,3.17,0
2019-03-25,3.169,3.169,3.169,3.169,0.0,3.169,0
2019-03-26,3.171,3.171,3.171,3.171,0.0,3.171,0
2019-03-27,3.162,3.162,3.162,3.162,0.0,3.162,0
2019-03-28,3.165,3.165,3.165,3.165,0.0,3.165,0
2019-03-29,3.164,3.164,3.164,3.164,0.0,3.164,0
2019-04-01,3.163,3.163,3.163,3.163,0.0,3.163,0
2019-04-02,3.17,3.17,3.17,3.17,0.0,3.17,0
2019-04-03,3.18,3.18,3.18,3.18,0.0,3.18,0
2019-04-04,3.211,3.211,3.211,3.211,0.0,3.211,0
2019-04-05,3.179,3.179,3.179,3.179,0.0,3.179,0
2019-04-08,3.182,3.182,3.182,3.182,0.0,3.182,0
2019-04-09,3.189,3.189,3.189,3.189,0.0,3.189,0
2019-04-10,3.167,3.167,3.167,3.167,0.0,3.167,0
2019-04-11,3.165,3.165,3.165,3.165,0.0,3.165,0
2019-04-12,3.165,3.165,3.165,3.165,0.0,3.165,0
2019-04-15,3.165,3.165,3.165,3.165,0.0,3.165,0
2019-04-16,3.166,3.166,3.166,3.166,0.0,3.166,0
2019-04-17,3.156,3.156,3.156,3.156,0.0,3.156,0
2019-04-18,3.141,3.141,3.141,3.141,0.0,3.141,0
2019-04-22,3.129,3.129,3.129,3.129,0.0,3.129,0
2019-04-23,3.124,3.124,3.124,3.124,0.0,3.124,0
2019-04-24,3.134,3.134,3.134,3.134,0.0,3.134,0
2019-04-25,3.144,3.144,3.144,3.144,0.0,3.144,0
2019-04-26,3.141,3.141,3.141,3.141,0.0,3.141,0
2019-04-29,3.148,3.148,3.148,3.148,0.0,3.148,0
2019-04-30,3.153,3.153,3.153,3.153,0.0,3.153,0
2019-05-01,3.155,3.155,3.155,3.155,0.0,3.155,0
2019-05-02,3.152,3.152,3.152,3.152,0.0,3.152,0
2019-05-03,3.165,3.165,3.165,3.165,0.0,3.165,0
2019-05-06,3.168,3.168,3.168,3.168,0.0,3.168,0
2019-05-07,3.168,3.168,3.168,3.168,0.0,3.168,0
2019-05-08,3.162,3.162,3.162,3.162,0.0,3.162,0
2019-05-09,3.169,3.169,3.169,3.169,0.0,3.169,0
2019-05-10,3.16,3.16,3.16,3.16,0.0,3.16,0
2019-05-13,3.163,3.163,3.163,3.163,0.0,3.163,0
2019-05-14,3.174,3.174,3.174,3.174,0.0,3.174,0
2019-05-15,3.192,3.192,3.192,3.192,0.0,3.192,0
2019-05-16,3.188,3.188,3.188,3.188,0.0,3.188,0
2019-05-17,3.192,3.192,3.192,3.192,0.0,3.192,0
2019-05-20,3.197,3.197,3.197,3.197,0.0,3.197,0
2019-05-21,3.2,3.2,3.2,3.2,0.0,3.2,0
2019-05-22,3.139,3.139,3.139,3.139,0.0,3.139,0
2019-05-23,3.151,3.151,3.151,3.151,0.0,3.151,0
2019-05-24,3.161,3.161,3.161,3.161,0.0,3.161,0
2019-05-28,3.202,3.202,3.202,3.202,0.0,3.202,0
2019-05-29,3.183,3.183,3.183,3.183,0.0,3.183,0
2019-05-30,3.181,3.181,3.181,3.181,0.0,3.181,0
2019-05-31,3.179,3.179,3.179,3.179,0.0,3.179,0
2019-06-03,3.167,3.167,3.167,3.167,0.0,3.167,0
2019-06-04,3.16,3.16,3.16,3.16,0.0,3.16,0
2019-06-05,3.164,3.164,3.164,3.164,0.0,3.164,0
2019-06-06,3.174,3.174,3.174,3.174,0.0,3.174,0
2019-06-07,3.175,3.175,3.175,3.175,0.0,3.175,0
2019-06-10,3.164,3.164,3.164,3.164,0.0,3.164,0
2019-06-11,3.164,3.164,3.164,3.164,0.0,3.164,0
2019-06-12,3.161,3.161,3.161,3.161,0.0,3.161,0
2019-06-13,3.162,3.162,3.162,3.162,0.0,3.162,0
2019-06-14,3.167,3.167,3.167,3.167,0.0,3.167,0
2019-06-17,3.17,3.17,3.17,3.17,0.0,3.17,0
2019-06-18,3.153,3.153,3.153,3.153,0.0,3.153,0
2019-06-19,3.154,3.154,3.154,3.154,0.0,3.154,0
2019-06-20,3.158,3.158,3.158,3.158,0.0,3.158,0
2019-06-21,3.173,3.173,3.173,3.173,0.0,3.173,0
2019-06-24,3.173,3.173,3.173,3.173,0.0,3.173,0
2019-06-25,3.172,3.172,3.172,3.172,0.0,3.172,0
2019-06-26,3.164,3.164,3.164,3.164,0.0,3.164,0
2019-06-27,3.16,3.16,3.16,3.16,0.0,3.16,0
2019-06-28,3.132,3.132,3.132,3.132,0.0,3.132,0
2019-07-01,3.125,3.125,3.125,3.125,0.0,3.125,0
2019-07-02,3.134,3.134,3.134,3.134,0.0,3.134,0
2019-07-03,3.133,3.133,3.133,3.133,0.0,3.133,0
2019-07-05,3.159,3.159,3.159,3.159,0.0,3.159,0
2019-07-08,3.155,3.155,3.155,3.155,0.0,3.155,0
2019-07-09,3.194,3.194,3.194,3.194,0.0,3.194,0
2019-07-10,3.186,3.186,3.186,3.186,0.0,3.186,0
2019-07-11,3.194,3.194,3.194,3.194,0.0,3.194,0
2019-07-12,3.202,3.202,3.202,3.202,0.0,3.202,0
2019-07-15,3.207,3.207,3.207,3.207,0.0,3.207,0
2019-07-16,3.183,3.183,3.183,3.183,0.0,3.183,0
2019-07-17,3.18,3.18,3.18,3.18,0.0,3.18,0
2019-07-18,3.199,3.199,3.199,3.199,0.0,3.199,0
2019-07-19,3.192,3.192,3.192,3.192,0.0,3.192,0
2019-07-22,3.119,3.119,3.119,3.119,0.0,3.119,0
2019-07-23,3.157,3.157,3.157,3.157,0.0,3.157,0
2019-07-24,3.15,3.15,3.15,3.15,0.0,3.15,0
2019-07-25,3.151,3.151,3.151,3.151,0.0,3.151,0
2019-07-26,3.145,3.145,3.145,3.145,0.0,3.145,0
2019-07-29,3.134,3.134,3.134,3.134,0.0,3.134,0
2019-07-30,3.137,3.137,3.137,3.137,0.0,3.137,0
2019-07-31,3.143,3.143,3.143,3.143,0.0,3.143,0
2019-08-01,3.146,3.146,3.146,3.146,0.0,3.146,0
2019-08-02,3.133,3.133,3.133,3.133,0.0,3.133,0
2019-08-05,3.131,3.131,3.131,3.131,0.0,3.131,0
2019-08-06,3.132,3.132,3.132,3.132,0.0,3.132,0
2019-08-07,3.137,3.137,3.137,3.137,0.0,3.137,0
2019-08-08,3.106,3.106,3.106,3.106,0.0,3.106,0
2019-08-09,3.095,3.095,3.095,3.095,0.0,3.095,0
2019-08-12,3.054,3.054,3.054,3.054,0.0,3.054,0
2019-08-13,3.036,3.036,3.036,3.036,0.0,3.036,0
2019-08-14,2.98,2.98,2.98,2.98,0.0,2.98,0
2019-08-15,2.98,2.98,2.98,2.98,0.0,2.98,0
2019-08-16,2.963,2.963,2.963,2.963,0.0,2.963,0
2019-08-19,2.968,2.968,2.968,2.968,0.0,2.968,0
2019-08-20,2.971,2.971,2.971,2.971,0.0,2.971,0
2019-08-21,2.976,2.976,2.976,2.976,0.0,2.976,0
2019-08-22,2.98,2.98,2.98,2.98,0.0,2.98,0
2019-08-23,3.01,3.01,3.01,3.01,0.0,3.01,0
2019-08-26,2.999,2.999,2.999,2.999,0.0,2.999,0
2019-08-27,3.019,3.019,3.019,3.019,0.0,3.019,0
2019-08-28,3.038,3.038,3.038,3.038,0.0,3.038,0
2019-08-29,3.026,3.026,3.026,3.026,0.0,3.026,0
2019-08-30,2.967,2.967,2.967,2.967,0.0,2.967,0
2019-09-03,2.981,2.981,2.981,2.981,0.0,2.981,0
2019-09-04,2.942,2.942,2.942,2.942,0.0,2.942,0
2019-09-05,2.954,2.954,2.954,2.954,0.0,2.954,0
2019-09-06,2.941,2.941,2.941,2.941,0.0,2.941,0
2019-09-09,2.912,2.912,2.912,2.912,0.0,2.912,0
2019-09-10,2.916,2.916,2.916,2.916,0.0,2.916,0
2019-09-11,2.911,2.911,2.911,2.911,0.0,2.911,0
2019-09-12,2.916,2.916,2.916,2.916,0.0,2.916,0
2019-09-13,2.881,2.881,2.881,2.881,0.0,2.881,0
2019-09-16,2.911,2.911,2.911,2.911,0.0,2.911,0
2019-09-17,2.875,2.875,2.875,2.875,0.0,2.875,0
2019-09-18,2.888,2.888,2.888,2.888,0.0,2.888,0
2019-09-19,2.882,2.882,2.882,2.882,0.0,2.882,0
2019-09-20,2.893,2.893,2.893,2.893,0.0,2.893,0
2019-09-23,2.89,2.89,2.89,2.89,0.0,2.89,0
2019-09-24,2.881,2.881,2.881,2.881,0.0,2.881,0
2019-09-25,2.88,2.88,2.88,2.88,0.0,2.88,0
2019-09-26,2.881,2.881,2.881,2.881,0.0,2.881,0
2019-09-27,2.84,2.84,2.84,2.84,0.0,2.84,0
2019-09-30,2.902,2.902,2.902,2.902,0.0,2.902,0
2019-10-01,2.851,2.851,2.851,2.851,0.0,2.851,0
2019-10-02,2.879,2.879,2.879,2.879,0.0,2.879,0
2019-10-03,2.864,2.864,2.864,2.864,0.0,2.864,0
2019-10-04,2.854,2.854,2.854,2.854,0.0,2.854,0
2019-10-07,2.858,2.858,2.858,2.858,0.0,2.858,0
2019-10-08,2.834,2.834,2.834,2.834,0.0,2.834,0
2019-10-09,2.845,2.845,2.845,2.845,0.0,2.845,0
2019-10-10,2.846,2.846,2.846,2.846,0.0,2.846,0
2019-10-11,2.857,2.857,2.857,2.857,0.0,2.857,0
2019-10-14,2.872,2.872,2.872,2.872,0.0,2.872,0
2019-10-15,2.888,2.888,2.888,2.888,0.0,2.888,0
2019-10-16,2.89,2.89,2.89,2.89,0.0,2.89,0
2019-10-17,2.887,2.887,2.887,2.887,0.0,2.887,0
2019-10-18,2.882,2.882,2.882,2.882,0.0,2.882,0
2019-10-21,2.877,2.877,2.877,2.877,0.0,2.877,0
2019-10-22,2.881,2.881,2.881,2.881,0.0,2.881,0
2019-10-23,2.875,2.875,2.875,2.875,0.0,2.875,0
2019-10-24,2.879,2.879,2.879,2.879,0.0,2.879,0
2019-10-25,2.877,2.877,2.877,2.877,0.0,2.877,0
2019-10-28,2.886,2.886,2.886,2.886,0.0,2.886,0
2019-10-29,2.902,2.902,2.902,2.902,0.0,2.902,0
2019-10-30,2.909,2.909,2.909,2.909,0.0,2.909,0
2019-10-31,2.907,2.907,2.907,2.907,0.0,2.907,0
2019-11-01,2.916,2.916,2.916,2.916,0.0,2.916,0
2019-11-04,2.852,2.852,2.852,2.852,0.0,2.852,0
2019-11-05,2.831,2.831,2.831,2.831,0.0,2.831,0
2019-11-06,2.842,2.842,2.842,2.842,0.0,2.842,0
2019-11-07,2.789,2.789,2.789,2.789,0.0,2.789,0
2019-11-08,2.796,2.796,2.796,2.796,0.0,2.796,0
2019-11-11,2.787,2.787,2.787,2.787,0.0,2.787,0
2019-11-12,2.727,2.727,2.727,2.727,0.0,2.727,0
2019-11-13,2.728,2.728,2.728,2.728,0.0,2.728,0
2019-11-14,2.715,2.715,2.715,2.715,0.0,2.715,0
2019-11-15,2.721,2.721,2.721,2.721,0.0,2.721,0
2019-11-18,2.725,2.725,2.725,2.725,0.0,2.725,0
2019-11-19,2.737,2.737,2.737,2.737,0.0,2.737,0
2019-11-20,2.749,2.749,2.749,2.749,0.0,2.749,0
2019-11-21,2.756,2.756,2.756,2.756,0.0,2.756,0
2019-11-22,2.756,2.756,2.756,2.756,0.0,2.756,0
2019-11-25,2.738,2.738,2.738,2.738,0.0,2.738,0
2019-11-26,2.732,2.732,2.732,2.732,0.0,2.732,0
2019-11-27,2.736,2.736,2.736,2.736,0.0,2.736,0
2019-11-29,2.694,2.694,2.694,2.694,0.0,2.694,0
2019-12-02,2.72,2.72,2.72,2.72,0.0,2.72,0
2019-12-03,2.729,2.729,2.729,2.729,0.0,2.729,0
2019-12-04,2.728,2.728,2.728,2.728,0.0,2.728,0
2019-12-05,2.72,2.72,2.72,2.72,0.0,2.72,0
2019-12-06,2.675,2.675,2.675,2.675,0.0,2.675,0
2019-12-09,2.647,2.647,2.647,2.647,0.0,2.647,0
2019-12-10,2.656,2.656,2.656,2.656,0.0,2.656,0
2019-12-11,2.653,2.653,2.653,2.653,0.0,2.653,0
2019-12-12,2.658,2.658,2.658,2.658,0.0,2.658,0
2019-12-13,2.641,2.641,2.641,2.641,0.0,2.641,0
2019-12-16,2.655,2.655,2.655,2.655,0.0,2.655,0
2019-12-17,2.657,2.657,2.657,2.657,0.0,2.657,0
2019-12-18,2.581,2.581,2.581,2.581,0.0,2.581,0
2019-12-19,2.555,2.555,2.555,2.555,0.0,2.555,0
2019-12-20,2.546,2.546,2.546,2.546,0.0,2.546,0
2019-12-23,2.553,2.553,2.553,2.553,0.0,2.553,0
2019-12-24,2.551,2.551,2.551,2.551,0.0,2.551,0
2019-12-26,2.539,2.539,2.539,2.539,0.0,2.539,0
2019-12-27,2.537,2.537,2.537,2.537,0.0,2.537,0
2019-12-30,2.534,2.534,2.534,2.534,0.0,2.534,0
2019-12-31,2.543,2.543,2.543,2.543,0.0,2.543,0
2020-01-02,2.538,2.538,2.538,2.538,0.0,2.538,0
2020-01-03,2.538,2.538,2.538,2.538,0.0,2.538,0
2020-01-06,2.542,2.542,2.542,2.542,0.0,2.542,0
2020-01-07,2.557,2.557,2.557,2.557,0.0,2.557,0
2020-01-08,2.56,2.56,2.56,2.56,0.0,2.56,0
2020-01-09,2.571,2.571,2.571,2.571,0.0,2.571,0
2020-01-10,2.573,2.573,2.573,2.573,0.0,2.573,0
2020-01-13,2.573,2.573,2.573,2.573,0.0,2.573,0
2020-01-14,2.572,2.572,2.572,2.572,0.0,2.572,0
2020-01-15,2.571,2.571,2.571,2.571,0.0,2.571,0
2020-01-16,2.578,2.578,2.578,2.578,0.0,2.578,0
2020-01-17,2.588,2.588,2.588,2.588,0.0,2.588,0
2020-01-21,2.578,2.578,2.578,2.578,0.0,2.578,0
2020-01-22,2.59,2.59,2.59,2.59,0.0,2.59,0
2020-01-23,2.582,2.582,2.582,2.582,0.0,2.582,0
2020-01-24,2.594,2.594,2.594,2.594,0.0,2.594,0
2020-01-27,2.553,2.553,2.553,2.553,0.0,2.553,0
2020-01-28,2.563,2.563,2.563,2.563,0.0,2.563,0
2020-01-29,2.548,2.548,2.548,2.548,0.0,2.548,0
2020-01-30,2.519,2.519,2.519,2.519,0.0,2.519,0
2020-01-31,2.52,2.52,2.52,2.52,0.0,2.52,0
2020-02-03,2.515,2.515,2.515,2.515,0.0,2.515,0
2020-02-04,2.511,2.511,2.511,2.511,0.0,2.511,0
2020-02-05,2.478,2.478,2.478,2.478,0.0,2.478,0
2020-02-06,2.482,2.482,2.482,2.482,0.0,2.482,0
2020-02-07,2.5,2.5,2.5,2.5,0.0,2.5,0
2020-02-10,2.492,2.492,2.492,2.492,0.0,2.492,0
2020-02-11,2.451,2.451,2.451,2.451,0.0,2.451,0
2020-02-12,2.458,2.458,2.458,2.458,0.0,2.458,0
2020-02-13,2.448,2.448,2.448,2.448,0.0,2.448,0
2020-02-14,2.464,2.464,2.464,2.464,0.0,2.464,0
2020-02-18,2.437,2.437,2.437,2.437,0.0,2.437,0
2020-02-19,2.483,2.483,2.483,2.483,0.0,2.483,0
2020-02-20,2.483,2.483,2.483,2.483,0.0,2.483,0
2020-02-21,2.513,2.513,2.513,2.513,0.0,2.513,0
2020-02-24,2.519,2.519,2.519,2.519,0.0,2.519,0
2020-02-25,2.522,2.522,2.522,2.522,0.0,2.522,0
2020-02-26,2.545,2.545,2.545,2.545,0.0,2.545,0
2020-02-27,2.535,2.535,2.535,2.535,0.0,2.535,0
2020-02-28,2.553,2.553,2.553,2.553,0.0,2.553,0
2020-03-02,2.608,2.608,2.608,2.608,0.0,2.608,0
2020-03-03,2.604,2.604,2.604,2.604,0.0,2.604,0
2020-03-04,2.593,2.593,2.593,2.593,0.0,2.593,0
2020-03-05,2.568,2.568,2.568,2.568,0.0,2.568,0
2020-03-06,2.581,2.581,2.581,2.581,0.0,2.581,0
2020-03-09,2.618,2.618,2.618,2.618,0.0,2.618,0
2020-03-10,2.618,2.618,2.618,2.618,0.0,2.618,0
2020-03-11,2.58,2.58,2.58,2.58,0.0,2.58,0
2020-03-12,2.53,2.53,2.53,2.53,0.0,2.53,0
2020-03-13,2.525,2.525,2.525,2.525,0.0,2.525,0
2020-03-16,2.514,2.514,2.514,2.514,0.0,2.514,0
2020-03-17,2.543,2.543,2.543,2.543,0.0,2.543,0
2020-03-18,2.549,2.549,2.549,2.549,0.0,2.549,0
2020-03-19,2.562,2.562,2.562,2.562,0.0,2.562,0
2020-03-20,2.556,2.556,2.556,2.556,0.0,2.556,0
2020-03-23,2.551,2.551,2.551,2.551,0.0,2.551,0
2020-03-24,2.508,2.508,2.508,2.508,0.0,2.508,0
2020-03-25,2.503,2.503,2.503,2.503,0.0,2.503,0
2020-03-26,2.469,2.469,2.469,2.469,0.0,2.469,0
2020-03-27,2.491,2.491,2.491,2.491,0.0,2.491,0
2020-03-30,2.499,2.499,2.499,2.499,0.0,2.499,0
2020-03-31,2.487,2.487,2.487,2.487,0.0,2.487,0
2020-04-01,2.457,2.457,2.457,2.457,0.0,2.457,0
2020-04-02,2.443,2.443,2.443,2.443,0.0,2.443,0
2020-04-03,2.427,2.427,2.427,2.427,0.0,2.427,0
2020-04-06,2.443,2.443,2.443,2.443,0.0,2.443,0
2020-04-07,2.437,2.437,2.437,2.437,0.0,2.437,0
2020-04-08,2.454,2.454,2.454,2.454,0.0,2.454,0
2020-04-09,2.42,2.42,2.42,2.42,0.0,2.42,0
2020-04-13,2.466,2.466,2.466,2.466,0.0,2.466,0
2020-04-14,2.448,2.448,2.448,2.448,0.0,2.448,0
2020-04-15,2.417,2.417,2.417,2.417,0.0,2.417,0
2020-04-16,2.422,2.422,2.422,2.422,0.0,2.422,0
2020-04-17,2.423,2.423,2.423,2.423,0.0,2.423,0
2020-04-20,2.459,2.459,2.459,2.459,0.0,2.459,0
2020-04-21,2.442,2.442,2.442,2.442,0.0,2.442,0
2020-04-22,2.47,2.47,2.47,2.47,0.0,2.47,0
2020-04-23,2.424,2.424,2.424,2.424,0.0,2.424,0
2020-04-24,2.422,2.422,2.422,2.422,0.0,2.422,0
2020-04-27,2.448,2.448,2.448,2.448,0.0,2.448,0
2020-04-28,2.44,2.44,2.44,2.44,0.0,2.44,0
2020-04-29,2.435,2.435,2.435,2.435,0.0,2.435,0
2020-04-30,2.41,2.41,2.41,2.41,0.0,2.41,0
2020-05-01,2.393,2.393,2.393,2.393,0.0,2.393,0
2020-05-04,2.364,2.364,2.364,2.364,0.0,2.364,0
2020-05-05,2.351,2.351,2.351,2.351,0.0,2.351,0
2020-05-06,2.39,2.39,2.39,2.39,0.0,2.39,0
2020-05-07,2.337,2.337,2.337,2.337,0.0,2.337,0
2020-05-08,2.326,2.326,2.326,2.326,0.0,2.326,0
2020-05-11,2.302,2.302,2.302,2.302,0.0,2.302,0
2020-05-12,2.306,2.306,2.306,2.306,0.0,2.306,0
2020-05-13,2.255,2.255,2.255,2.255,0.0,2.255,0
2020-05-14,2.331,2.331,2.229,2.229,13.0,2.331,1
2020-05-15,2.29,2.29,2.29,2.29,0.0,2.29,0
2020-05-18,2.308,2.308,2.308,2.308,0.0,2.308,0
2020-05-19,2.305,2.305,2.305,2.305,0.0,2.305,0
2020-05-20,2.252,2.252,2.252,2.252,0.0,2.252,0
2020-05-21,2.243,2.243,2.243,2.243,0.0,2.243,0
2020-05-22,2.286,2.286,2.286,2.286,0.0,2.286,0
2020-05-26,2.266,2.266,2.266,2.266,0.0,2.266,0
2020-05-27,2.343,2.343,2.343,2.343,0.0,2.343,0
2020-05-28,2.335,2.335,2.335,2.335,0.0,2.335,0
2020-05-29,2.329,2.329,2.329,2.329,0.0,2.329,0
2020-06-01,2.311,2.311,2.311,2.311,0.0,2.311,0
2020-06-02,2.316,2.316,2.316,2.316,0.0,2.316,0
2020-06-03,2.303,2.303,2.303,2.303,0.0,2.303,0
2020-06-04,2.312,2.312,2.312,2.312,0.0,2.312,0
2020-06-05,2.306,2.306,2.306,2.306,0.0,2.306,0
2020-06-08,2.32,2.32,2.32,2.32,0.0,2.32,0
2020-06-09,2.342,2.342,2.342,2.342,0.0,2.342,0
2020-06-10,2.347,2.347,2.347,2.347,0.0,2.347,0
2020-06-11,2.342,2.342,2.342,2.342,0.0,2.342,0
2020-06-12,2.331,2.331,2.331,2.331,0.0,2.331,0
2020-06-15,2.358,2.358,2.358,2.358,0.0,2.358,0
2020-06-16,2.359,2.359,2.359,2.359,0.0,2.359,0
2020-06-17,2.354,2.354,2.354,2.354,0.0,2.354,0
2020-06-18,2.353,2.353,2.353,2.353,0.0,2.353,0
2020-06-19,2.336,2.336,2.336,2.336,0.0,2.336,0
2020-06-22,2.324,2.324,2.324,2.324,0.0,2.324,0
2020-06-23,2.323,2.323,2.323,2.323,0.0,2.323,0
2020-06-24,2.344,2.344,2.344,2.344,0.0,2.344,0
2020-06-25,2.377,2.377,2.377,2.377,0.0,2.377,0
2020-06-26,2.398,2.398,2.398,2.398,0.0,2.398,0
2020-06-29,2.396,2.396,2.396,2.396,0.0,2.396,0
2020-06-30,2.396,2.396,2.396,2.396,0.0,2.396,0
2020-07-01,2.409,2.409,2.409,2.409,0.0,2.409,0
2020-07-02,2.453,2.453,2.453,2.453,0.0,2.453,0
2020-07-06,2.432,2.432,2.432,2.432,0.0,2.432,0
2020-07-07,2.415,2.415,2.415,2.415,0.0,2.415,0
2020-07-08,2.443,2.443,2.443,2.443,0.0,2.443,0
2020-07-09,2.428,2.428,2.428,2.428,0.0,2.428,0
2020-07-10,2.41,2.41,2.41,2.41,0.0,2.41,0
2020-07-13,2.406,2.406,2.406,2.406,0.0,2.406,0
2020-07-14,2.405,2.405,2.405,2.405,0.0,2.405,0
2020-07-15,2.415,2.415,2.415,2.415,0.0,2.415,0
2020-07-16,2.408,2.408,2.408,2.408,0.0,2.408,0
2020-07-17,2.405,2.405,2.405,2.405,0.0,2.405,0
2020-07-20,2.396,2.396,2.396,2.396,0.0,2.396,0
2020-07-21,2.411,2.411,2.411,2.411,0.0,2.411,0
2020-07-22,2.42,2.42,2.42,2.42,0.0,2.42,0
2020-07-23,2.504,2.504,2.504,2.504,0.0,2.504,0
2020-07-24,2.498,2.498,2.498,2.498,0.0,2.498,0
2020-07-27,2.563,2.563,2.563,2.563,0.0,2.563,0
2020-07-28,2.56,2.56,2.56,2.56,0.0,2.56,0
2020-07-29,2.565,2.565,2.565,2.565,0.0,2.565,0
2020-07-30,2.577,2.577,2.577,2.577,0.0,2.577,0
2020-07-31,2.677,2.677,2.677,2.677,0.0,2.677,0
2020-08-03,2.675,2.675,2.675,2.675,0.0,2.675,0
2020-08-04,2.669,2.669,2.669,2.669,0.0,2.669,0
2020-08-05,2.687,2.687,2.687,2.687,0.0,2.687,0
2020-08-06,2.712,2.712,2.712,2.712,0.0,2.712,0
2020-08-07,2.774,2.774,2.774,2.774,0.0,2.774,0
2020-08-10,2.742,2.742,2.742,2.742,0.0,2.742,0
2020-08-11,2.657,2.657,2.657,2.657,0.0,2.657,0
2020-08-12,2.634,2.634,2.634,2.634,0.0,2.634,0
2020-08-13,2.654,2.654,2.654,2.654,0.0,2.654,0
2020-08-14,2.64,2.64,2.64,2.64,0.0,2.64,0
2020-08-17,2.64,2.64,2.64,2.64,0.0,2.64,0
2020-08-18,2.635,2.635,2.635,2.635,0.0,2.635,0
2020-08-19,2.63,2.63,2.63,2.63,0.0,2.63,0
2020-08-20,2.628,2.628,2.628,2.628,0.0,2.628,0
2020-08-21,2.623,2.623,2.623,2.623,0.0,2.623,0
2020-08-24,2.618,2.618,2.618,2.618,0.0,2.618,0
2020-08-25,2.611,2.611,2.611,2.611,0.0,2.611,0
2020-08-26,2.639,2.639,2.639,2.639,0.0,2.639,0
2020-08-27,2.648,2.648,2.648,2.648,0.0,2.648,0
2020-08-28,2.636,2.636,2.636,2.636,0.0,2.636,0
2020-08-31,2.61,2.61,2.61,2.61,0.0,2.61,0
2020-09-01,2.608,2.608,2.608,2.608,0.0,2.608,0
2020-09-02,2.602,2.602,2.602,2.602,0.0,2.602,0
2020-09-03,2.599,2.599,2.599,2.599,0.0,2.599,0
2020-09-04,2.525,2.525,2.525,2.525,0.0,2.525,0
2020-09-08,2.526,2.526,2.526,2.526,0.0,2.526,0
2020-09-09,2.512,2.512,2.512,2.512,0.0,2.512,0
2020-09-10,2.494,2.494,2.494,2.494,0.0,2.494,0
2020-09-11,2.471,2.471,2.471,2.471,0.0,2.471,0
2020-09-14,2.444,2.444,2.444,2.444,0.0,2.444,0
2020-09-15,2.451,2.451,2.451,2.451,0.0,2.451,0
2020-09-16,2.402,2.402,2.402,2.402,0.0,2.402,0
2020-09-17,2.39,2.39,2.39,2.39,0.0,2.39,0
2020-09-18,2.411,2.411,2.411,2.411,0.0,2.411,0
2020-09-21,2.382,2.382,2.382,2.382,0.0,2.382,0
2020-09-22,2.421,2.421,2.421,2.421,0.0,2.421,0
2020-09-23,2.461,2.461,2.461,2.461,0.0,2.461,0
2020-09-24,2.487,2.487,2.487,2.487,0.0,2.487,0
2020-09-25,2.506,2.506,2.506,2.506,0.0,2.506,0
2020-09-28,2.514,2.514,2.514,2.514,0.0,2.514,0
2020-09-29,2.485,2.485,2.485,2.485,0.0,2.485,0
2020-09-30,2.466,2.466,2.466,2.466,0.0,2.466,0
2020-10-01,2.446,2.446,2.446,2.446,0.0,2.446,0
2020-10-02,2.443,2.443,2.443,2.443,0.0,2.443,0
2020-10-05,2.421,2.421,2.421,2.421,0.0,2.421,0
2020-10-06,2.428,2.428,2.428,2.428,0.0,2.428,0
2020-10-07,2.451,2.451,2.451,2.451,0.0,2.451,0
2020-10-08,2.426,2.426,2.426,2.426,0.0,2.426,0
2020-10-09,2.456,2.456,2.456,2.456,0.0,2.456,0
2020-10-12,2.442,2.442,2.442,2.442,0.0,2.442,0
2020-10-13,2.422,2.422,2.422,2.422,0.0,2.422,0
2020-10-14,2.449,2.449,2.449,2.449,0.0,2.449,0
2020-10-15,2.435,2.435,2.435,2.435,0.0,2.435,0
2020-10-16,2.438,2.438,2.438,2.438,0.0,2.438,0
2020-10-19,2.481,2.481,2.481,2.481,0.0,2.481,0
2020-10-20,2.422,2.422,2.422,2.422,0.0,2.422,0
2020-10-21,2.443,2.443,2.443,2.443,0.0,2.443,0
2020-10-22,2.445,2.445,2.445,2.445,0.0,2.445,0
2020-10-23,2.472,2.472,2.472,2.472,0.0,2.472,0
2020-10-26,2.385,2.385,2.385,2.385,0.0,2.385,0
2020-10-27,2.419,2.419,2.419,2.419,0.0,2.419,0
2020-10-28,2.469,2.469,2.469,2.469,0.0,2.469,0
2020-10-29,2.481,2.481,2.481,2.481,0.0,2.481,0
2020-10-30,2.498,2.498,2.498,2.498,0.0,2.498,0
2020-11-02,2.433,2.433,2.433,2.433,0.0,2.433,0
2020-11-03,2.462,2.462,2.462,2.462,0.0,2.462,0
2020-11-04,2.459,2.459,2.459,2.459,0.0,2.459,0
2020-11-05,2.454,2.454,2.454,2.454,0.0,2.454,0
2020-11-06,2.444,2.444,2.444,2.444,0.0,2.444,0
2020-11-09,2.44,2.44,2.44,2.44,0.0,2.44,0
2020-11-10,2.45,2.45,2.45,2.45,0.0,2.45,0
2020-11-11,2.465,2.465,2.465,2.465,0.0,2.465,0
2020-11-12,2.462,2.462,2.462,2.462,0.0,2.462,0
2020-11-13,2.416,2.416,2.416,2.416,0.0,2.416,0
2020-11-16,2.413,2.413,2.413,2.413,0.0,2.413,0
2020-11-17,2.43,2.43,2.43,2.43,0.0,2.43,0
2020-11-18,2.454,2.454,2.454,2.454,0.0,2.454,0
2020-11-19,2.454,2.454,2.454,2.454,0.0,2.454,0
2020-11-20,2.447,2.447,2.447,2.447,0.0,2.447,0
2020-11-23,2.441,2.441,2.441,2.441,0.0,2.441,0
2020-11-24,2.443,2.443,2.443,2.443,0.0,2.443,0
2020-11-25,2.426,2.426,2.426,2.426,0.0,2.426,0
2020-11-27,2.422,2.422,2.422,2.422,0.0,2.422,0
2020-11-30,2.408,2.408,2.408,2.408,0.0,2.408,0
2020-12-01,2.47,2.47,2.47,2.47,0.0,2.47,0
2020-12-02,2.495,2.495,2.495,2.495,0.0,2.495,0
2020-12-03,2.467,2.467,2.467,2.467,0.0,2.467,0
2020-12-04,2.487,2.487,2.487,2.487,0.0,2.487,0
2020-12-07,2.458,2.458,2.458,2.458,0.0,2.458,0
2020-12-08,2.446,2.446,2.446,2.446,0.0,2.446,0
2020-12-09,2.456,2.456,2.456,2.456,0.0,2.456,0
2020-12-10,2.461,2.461,2.461,2.461,0.0,2.461,0
2020-12-11,2.48,2.48,2.48,2.48,0.0,2.48,0
2020-12-14,2.474,2.474,2.474,2.474,0.0,2.474,0
2020-12-15,2.459,2.459,2.459,2.459,0.0,2.459,0
2020-12-16,2.471,2.471,2.471,2.471,0.0,2.471,0
2020-12-17,2.459,2.459,2.459,2.459,0.0,2.459,0
2020-12-18,2.473,2.473,2.473,2.473,0.0,2.473,0
2020-12-21,2.444,2.444,2.444,2.444,0.0,2.444,0
2020-12-22,2.489,2.489,2.489,2.489,0.0,2.489,0
2020-12-23,2.484,2.484,2.484,2.484,0.0,2.484,0
2020-12-24,2.496,2.496,2.496,2.496,0.0,2.496,0
2020-12-28,2.415,2.415,2.415,2.415,0.0,2.415,0
2020-12-29,2.484,2.484,2.484,2.484,0.0,2.484,0
2020-12-30,2.455,2.455,2.455,2.455,0.0,2.455,0
2020-12-31,2.482,2.482,2.482,2.482,0.0,2.482,0
2021-01-04,2.49,2.49,2.49,2.49,0.0,2.49,0
2021-01-05,2.505,2.505,2.505,2.505,0.0,2.505,0
2021-01-06,2.538,2.538,2.538,2.538,0.0,2.538,0
2021-01-07,2.506,2.506,2.506,2.506,0.0,2.506,0
2021-01-08,2.49,2.49,2.49,2.49,0.0,2.49,0
2021-01-11,2.493,2.493,2.493,2.493,0.0,2.493,0
2021-01-12,2.5,2.5,2.5,2.5,0.0,2.5,0
2021-01-13,2.531,2.531,2.531,2.531,0.0,2.531,0
2021-01-14,2.479,2.479,2.479,2.479,0.0,2.479,0
2021-01-15,2.515,2.515,2.515,2.515,0.0,2.515,0
2021-01-19,2.54,2.54,2.54,2.54,0.0,2.54,0
2021-01-20,2.554,2.554,2.554,2.554,0.0,2.554,0
2021-01-21,2.566,2.566,2.566,2.566,0.0,2.566,0
2021-01-22,2.566,2.566,2.566,2.566,0.0,2.566,0
2021-01-25,2.523,2.523,2.523,2.523,0.0,2.523,0
2021-01-26,2.552,2.552,2.552,2.552,0.0,2.552,0
2021-01-27,2.567,2.567,2.567,2.567,0.0,2.567,0
2021-01-28,2.566,2.566,2.566,2.566,0.0,2.566,0
2021-01-29,2.55,2.55,2.55,2.55,0.0,2.55,0
2021-02-01,2.554,2.554,2.554,2.554,0.0,2.554,0
2021-02-02,2.55,2.55,2.55,2.55,0.0,2.55,0
2021-02-03,2.531,2.531,2.531,2.531,0.0,2.531,0
2021-02-04,2.507,2.507,2.507,2.507,0.0,2.507,0
2021-02-05,2.516,2.516,2.516,2.516,0.0,2.516,0
2021-02-08,2.536,2.536,2.536,2.536,0.0,2.536,0
2021-02-09,2.536,2.536,2.536,2.536,0.0,2.536,0
2021-02-10,2.541,2.541,2.541,2.541,0.0,2.541,0
2021-02-11,2.528,2.528,2.528,2.528,0.0,2.528,0
2021-02-12,2.522,2.522,2.522,2.522,0.0,2.522,0
2021-02-16,2.539,2.539,2.539,2.539,0.0,2.539,0
2021-02-17,2.534,2.534,2.534,2.534,0.0,2.534,0
2021-02-18,2.524,2.524,2.524,2.524,0.0,2.524,0
2021-02-19,2.52,2.52,2.52,2.52,0.0,2.52,0
2021-02-22,2.522,2.522,2.522,2.522,0.0,2.522,0
2021-02-23,2.527,2.527,2.527,2.527,0.0,2.527,0
2021-02-24,2.521,2.521,2.521,2.521,0.0,2.521,0
2021-02-25,2.47,2.47,2.47,2.47,0.0,2.47,0
2021-02-26,2.49,2.49,2.49,2.49,0.0,2.49,0
2021-03-01,2.508,2.508,2.508,2.508,0.0,2.508,0
2021-03-02,2.507,2.507,2.507,2.507,0.0,2.507,0
2021-03-03,2.482,2.482,2.482,2.482,0.0,2.482,0
2021-03-04,2.44,2.44,2.44,2.44,0.0,2.44,0
2021-03-05,2.446,2.446,2.446,2.446,0.0,2.446,0
2021-03-08,2.464,2.464,2.464,2.464,0.0,2.464,0
2021-03-09,2.471,2.471,2.471,2.471,0.0,2.471,0
2021-03-10,2.469,2.469,2.469,2.469,0.0,2.469,0
2021-03-11,2.466,2.466,2.466,2.466,0.0,2.466,0
2021-03-12,2.483,2.483,2.483,2.483,0.0,2.483,0
2021-03-15,2.456,2.456,2.456,2.456,0.0,2.456,0
2021-03-16,2.488,2.488,2.488,2.488,0.0,2.488,0
2021-03-17,2.469,2.469,2.469,2.469,0.0,2.469,0
2021-03-18,2.483,2.483,2.483,2.483,0.0,2.483,0
2021-03-19,2.489,2.489,2.489,2.489,0.0,2.489,0
2021-03-22,2.485,2.485,2.485,2.485,0.0,2.485,0
2021-03-23,2.499,2.499,2.499,2.499,0.0,2.499,0
2021-03-24,2.502,2.502,2.502,2.502,0.0,2.502,0
2021-03-25,2.502,2.502,2.502,2.502,0.0,2.502,0
2021-03-26,2.504,2.504,2.504,2.504,0.0,2.504,0
2021-03-29,2.548,2.548,2.548,2.548,0.0,2.548,0
2021-03-30,2.559,2.559,2.559,2.559,0.0,2.559,0
2021-03-31,2.555,2.555,2.555,2.555,0.0,2.555,0
2021-04-01,2.584,2.584,2.584,2.584,0.0,2.584,0
2021-04-05,2.571,2.571,2.571,2.571,0.0,2.571,0
2021-04-06,2.554,2.554,2.554,2.554,0.0,2.554,0
2021-04-07,2.557,2.557,2.557,2.557,0.0,2.557,0
2021-04-08,2.557,2.557,2.557,2.557,0.0,2.557,0
2021-04-09,2.591,2.591,2.591,2.591,0.0,2.591,0
2021-04-12,2.6,2.6,2.6,2.6,0.0,2.6,0
2021-04-13,2.583,2.583,2.583,2.583,0.0,2.583,0
2021-04-14,2.592,2.592,2.592,2.592,0.0,2.592,0
2021-04-15,2.596,2.596,2.596,2.596,0.0,2.596,0
2021-04-16,2.609,2.609,2.609,2.609,0.0,2.609,0
2021-04-19,2.603,2.603,2.603,2.603,0.0,2.603,0
2021-04-20,2.548,2.548,2.548,2.548,0.0,2.548,0
2021-04-21,2.533,2.533,2.533,2.533,0.0,2.533,0
2021-04-22,2.514,2.514,2.514,2.514,0.0,2.514,0
2021-04-23,2.522,2.522,2.522,2.522,0.0,2.522,0
2021-04-26,2.562,2.562,2.508,2.508,12.0,2.562,1
2021-04-27,2.487,2.487,2.487,2.487,0.0,2.487,0
2021-04-28,2.499,2.499,2.499,2.499,0.0,2.499,0
2021-04-29,2.501,2.501,2.501,2.501,0.0,2.501,0
2021-04-30,2.551,2.551,2.551,2.551,0.0,2.551,0
2021-05-03,2.554,2.554,2.554,2.554,0.0,2.554,0
2021-05-04,2.563,2.563,2.563,2.563,0.0,2.563,0
2021-05-05,2.565,2.565,2.565,2.565,0.0,2.565,0
2021-05-06,2.555,2.555,2.555,2.555,0.0,2.555,0
2021-05-07,2.562,2.562,2.562,2.562,0.0,2.562,0
2021-05-10,2.565,2.565,2.565,2.565,0.0,2.565,0
2021-05-11,2.562,2.562,2.562,2.562,0.0,2.562,0
2021-05-12,2.561,2.561,2.561,2.561,0.0,2.561,0
2021-05-13,2.551,2.551,2.551,2.551,0.0,2.551,0
2021-05-14,2.547,2.547,2.547,2.547,0.0,2.547,0
2021-05-17,2.551,2.551,2.551,2.551,0.0,2.551,0
2021-05-18,2.52,2.52,2.52,2.52,0.0,2.52,0
2021-05-19,2.524,2.524,2.524,2.524,0.0,2.524,0
2021-05-20,2.529,2.529,2.529,2.529,0.0,2.529,0
2021-05-21,2.541,2.541,2.541,2.541,0.0,2.541,0
2021-05-24,2.535,2.535,2.535,2.535,0.0,2.535,0
2021-05-25,2.546,2.546,2.546,2.546,0.0,2.546,0
2021-05-26,2.515,2.515,2.515,2.515,0.0,2.515,0
2021-05-27,2.512,2.512,2.512,2.512,0.0,2.512,0
2021-05-28,2.535,2.535,2.535,2.535,0.0,2.535,0
2021-06-01,2.517,2.517,2.517,2.517,0.0,2.517,0
2021-06-02,2.527,2.527,2.527,2.527,0.0,2.527,0
2021-06-03,2.509,2.509,2.509,2.509,0.0,2.509,0
2021-06-04,2.56,2.56,2.56,2.56,0.0,2.56,0
2021-06-07,2.531,2.531,2.531,2.531,0.0,2.531,0
2021-06-08,2.537,2.537,2.537,2.537,0.0,2.537,0
2021-06-09,2.544,2.544,2.544,2.544,0.0,2.544,0
2021-06-10,2.533,2.533,2.533,2.533,0.0,2.533,0
2021-06-11,2.532,2.532,2.532,2.532,0.0,2.532,0
2021-06-14,2.541,2.541,2.541,2.541,0.0,2.541,0
2021-06-15,2.526,2.526,2.526,2.526,0.0,2.526,0
2021-06-16,2.579,2.579,2.579,2.579,0.0,2.579,0
2021-06-17,2.584,2.584,2.584,2.584,0.0,2.584,0
2021-06-18,2.593,2.593,2.593,2.593,0.0,2.593,0
2021-06-21,2.59,2.59,2.59,2.59,0.0,2.59,0
2021-06-22,2.59,2.59,2.59,2.59,0.0,2.59,0
2021-06-23,2.591,2.591,2.591,2.591,0.0,2.591,0
2021-06-24,2.579,2.579,2.579,2.579,0.0,2.579,0
2021-06-25,2.64,2.64,2.64,2.64,0.0,2.64,0
2021-06-28,2.65,2.65,2.65,2.65,0.0,2.65,0
2021-06-29,2.678,2.678,2.678,2.678,0.0,2.678,0
2021-06-30,2.679,2.679,2.679,2.679,0.0,2.679,0
2021-07-01,2.667,2.667,2.667,2.667,0.0,2.667,0
2021-07-02,2.659,2.659,2.659,2.659,0.0,2.659,0
2021-07-06,2.651,2.651,2.651,2.651,0.0,2.651,0
2021-07-07,2.663,2.663,2.663,2.663,0.0,2.663,0
2021-07-08,2.675,2.675,2.675,2.675,0.0,2.675,0
2021-07-09,2.681,2.681,2.681,2.681,0.0,2.681,0
2021-07-12,2.686,2.686,2.686,2.686,0.0,2.686,0
2021-07-13,2.685,2.685,2.685,2.685,0.0,2.685,0
2021-07-14,2.678,2.678,2.678,2.678,0.0,2.678,0
2021-07-15,2.686,2.686,2.686,2.686,0.0,2.686,0
2021-07-16,2.702,2.702,2.702,2.702,0.0,2.702,0
2021-07-19,2.712,2.712,2.712,2.712,0.0,2.712,0
2021-07-20,2.714,2.714,2.714,2.714,0.0,2.714,0
2021-07-21,2.749,2.749,2.749,2.749,0.0,2.749,0
2021-07-22,2.751,2.751,2.751,2.751,0.0,2.751,0
2021-07-23,2.757,2.757,2.757,2.757,0.0,2.757,0
2021-07-26,2.765,2.765,2.765,2.765,0.0,2.765,0
2021-07-27,2.735,2.735,2.735,2.735,0.0,2.735,0
2021-07-28,2.727,2.727,2.727,2.727,0.0,2.727,0
2021-07-29,2.702,2.702,2.702,2.702,0.0,2.702,0
2021-07-30,2.727,2.727,2.727,2.727,0.0,2.727,0
2021-08-02,2.741,2.741,2.741,2.741,0.0,2.741,0
2021-08-03,2.733,2.733,2.733,2.733,0.0,2.733,0
2021-08-04,2.743,2.743,2.743,2.743,0.0,2.743,0
2021-08-05,2.708,2.708,2.708,2.708,0.0,2.708,0
2021-08-06,2.717,2.717,2.717,2.717,0.0,2.717,0
2021-08-09,2.733,2.733,2.733,2.733,0.0,2.733,0
2021-08-10,2.73,2.73,2.73,2.73,0.0,2.73,0
2021-08-11,2.745,2.745,2.745,2.745,0.0,2.745,0
2021-08-12,2.826,2.826,2.826,2.826,0.0,2.826,0
2021-08-13,2.793,2.793,2.793,2.793,0.0,2.793,0
2021-08-16,2.805,2.805,2.805,2.805,0.0,2.805,0
2021-08-17,2.818,2.818,2.818,2.818,0.0,2.818,0
2021-08-18,2.816,2.816,2.816,2.816,0.0,2.816,0
2021-08-19,2.827,2.827,2.827,2.827,0.0,2.827,0
2021-08-20,2.826,2.826,2.826,2.826,0.0,2.826,0
2021-08-23,2.828,2.828,2.828,2.828,0.0,2.828,0
2021-08-24,2.824,2.824,2.824,2.824,0.0,2.824,0
2021-08-25,2.841,2.841,2.841,2.841,0.0,2.841,0
2021-08-26,2.892,2.892,2.892,2.892,0.0,2.892,0
2021-08-27,2.894,2.894,2.894,2.894,0.0,2.894,0
2021-08-30,2.897,2.897,2.897,2.897,0.0,2.897,0
2021-08-31,2.886,2.886,2.886,2.886,0.0,2.886,0
2021-09-01,2.895,2.895,2.895,2.895,0.0,2.895,0
2021-09-02,2.895,2.895,2.895,2.895,0.0,2.895,0
2021-09-03,2.956,2.956,2.956,2.956,0.0,2.956,0
2021-09-07,3.006,3.006,3.006,3.006,0.0,3.006,0
2021-09-08,3.058,3.058,3.058,3.058,0.0,3.058,0
2021-09-09,3.183,3.183,3.183,3.183,0.0,3.183,0
2021-09-10,3.165,3.165,3.165,3.165,0.0,3.165,0
2021-09-13,3.18,3.18,3.18,3.18,0.0,3.18,0
2021-09-14,3.153,3.153,3.153,3.153,0.0,3.153,0
2021-09-15,3.142,3.142,3.142,3.142,0.0,3.142,0
2021-09-16,3.145,3.145,3.145,3.145,0.0,3.145,0
2021-09-17,3.138,3.138,3.138,3.138,0.0,3.138,0
2021-09-20,3.174,3.174,3.174,3.174,0.0,3.174,0
2021-09-21,3.191,3.191,3.191,3.191,0.0,3.191,0
2021-09-22,3.208,3.208,3.208,3.208,0.0,3.208,0
2021-09-23,3.215,3.215,3.215,3.215,0.0,3.215,0
2021-09-24,3.106,3.106,3.106,3.106,0.0,3.106,0
2021-09-27,3.059,3.059,3.059,3.059,0.0,3.059,0
2021-09-28,2.982,2.982,2.982,2.982,0.0,2.982,0
2021-09-29,2.948,2.948,2.948,2.948,0.0,2.948,0
2021-09-30,2.955,2.955,2.955,2.955,0.0,2.955,0
2021-10-01,2.945,2.945,2.945,2.945,0.0,2.945,0
2021-10-04,2.954,2.954,2.954,2.954,0.0,2.954,0
2021-10-05,2.969,2.969,2.969,2.969,0.0,2.969,0
2021-10-06,3.007,3.007,3.007,3.007,0.0,3.007,0
2021-10-07,3.007,3.007,3.007,3.007,0.0,3.007,0
2021-10-08,3.048,3.048,3.048,3.048,0.0,3.048,0
2021-10-11,3.034,3.034,3.034,3.034,0.0,3.034,0
2021-10-12,3.036,3.036,3.036,3.036,0.0,3.036,0
2021-10-13,3.041,3.041,3.041,3.041,0.0,3.041,0
2021-10-14,3.076,3.076,3.076,3.076,0.0,3.076,0
2021-10-15,3.087,3.087,3.087,3.087,0.0,3.087,0
2021-10-18,3.093,3.093,3.093,3.093,0.0,3.093,0
2021-10-19,3.09,3.09,3.09,3.09,0.0,3.09,0
2021-10-20,3.093,3.093,3.093,3.093,0.0,3.093,0
2021-10-21,3.089,3.089,3.089,3.089,0.0,3.089,0
2021-10-22,3.094,3.094,3.094,3.094,0.0,3.094,0
2021-10-25,3.137,3.137,3.137,3.137,0.0,3.137,0
2021-10-26,3.115,3.115,3.115,3.115,0.0,3.115,0
2021-10-27,3.052,3.052,3.052,3.052,0.0,3.052,0
2021-10-28,3.058,3.058,3.058,3.058,0.0,3.058,0
2021-10-29,3.009,3.009,3.009,3.009,0.0,3.009,0
2021-11-01,2.904,2.904,2.904,2.904,0.0,2.904,0
2021-11-02,2.965,2.965,2.965,2.965,0.0,2.965,0
2021-11-03,2.959,2.959,2.959,2.959,0.0,2.959,0
2021-11-04,2.983,2.983,2.983,2.983,0.0,2.983,0
2021-11-05,3.023,3.023,3.023,3.023,0.0,3.023,0
2021-11-08,3.126,3.126,3.126,3.126,0.0,3.126,0
2021-11-09,3.122,3.122,3.122,3.122,0.0,3.122,0
2021-11-10,3.148,3.148,3.148,3.148,0.0,3.148,0
2021-11-11,3.165,3.165,3.165,3.165,0.0,3.165,0
2021-11-12,3.086,3.086,3.086,3.086,0.0,3.086,0
2021-11-15,3.099,3.099,3.099,3.099,0.0,3.099,0
2021-11-16,3.17,3.17,3.17,3.17,0.0,3.17,0
2021-11-17,3.101,3.101,3.101,3.101,0.0,3.101,0
2021-11-18,3.089,3.089,3.089,3.089,0.0,3.089,0
2021-11-19,3.053,3.053,3.053,3.053,0.0,3.053,0
2021-11-22,3.035,3.035,3.035,3.035,0.0,3.035,0
2021-11-23,3.082,3.082,3.082,3.082,0.0,3.082,0
2021-11-24,3.08,3.08,3.08,3.08,0.0,3.08,0
2021-11-26,3.119,3.119,3.119,3.119,0.0,3.119,0
2021-11-29,3.111,3.111,3.111,3.111,0.0,3.111,0
2021-11-30,3.084,3.084,3.084,3.084,0.0,3.084,0
2021-12-01,3.092,3.092,3.092,3.092,0.0,3.092,0
2021-12-02,3.096,3.096,3.096,3.096,0.0,3.096,0
2021-12-03,3.106,3.106,3.106,3.106,0.0,3.106,0
2021-12-06,3.078,3.078,3.078,3.078,0.0,3.078,0
2021-12-07,3.082,3.082,3.082,3.082,0.0,3.082,0
2021-12-08,2.976,2.976,2.976,2.976,0.0,2.976,0
2021-12-09,2.971,2.971,2.971,2.971,0.0,2.971,0
2021-12-10,2.999,2.999,2.999,2.999,0.0,2.999,0
2021-12-13,2.903,2.903,2.903,2.903,0.0,2.903,0
2021-12-14,2.941,2.941,2.941,2.941,0.0,2.941,0
2021-12-15,3.001,3.001,3.001,3.001,0.0,3.001,0
2021-12-16,2.981,2.981,2.981,2.981,0.0,2.981,0
2021-12-17,2.994,2.994,2.994,2.994,0.0,2.994,0
2021-12-20,3.009,3.009,3.009,3.009,0.0,3.009,0
2021-12-21,2.993,2.993,2.993,2.993,0.0,2.993,0
2021-12-22,2.994,2.994,2.994,2.994,0.0,2.994,0
2021-12-23,2.957,2.957,2.957,2.957,0.0,2.957,0
2021-12-27,2.943,2.943,2.943,2.943,0.0,2.943,0
2021-12-28,2.966,2.966,2.966,2.966,0.0,2.966,0
2021-12-29,2.978,2.978,2.978,2.978,0.0,2.978,0
2021-12-30,2.966,2.966,2.966,2.966,0.0,2.966,0
2021-12-31,3.027,3.027,3.027,3.027,0.0,3.027,0
2022-01-03,3.009,3.009,3.009,3.009,0.0,3.009,0
2022-01-04,3.008,3.008,3.008,3.008,0.0,3.008,0
2022-01-05,3.002,3.002,3.002,3.002,0.0,3.002,0
2022-01-06,3.016,3.016,3.016,3.016,0.0,3.016,0
2022-01-07,3.049,3.049,3.049,3.049,0.0,3.049,0
2022-01-10,3.054,3.054,3.054,3.054,0.0,3.054,0
2022-01-11,3.043,3.043,3.043,3.043,0.0,3.043,0
2022-01-12,3.018,3.018,3.018,3.018,0.0,3.018,0
2022-01-13,3.021,3.021,3.021,3.021,0.0,3.021,0
2022-01-14,2.997,2.997,2.997,2.997,0.0,2.997,0
2022-01-18,3.016,3.016,3.016,3.016,0.0,3.016,0
2022-01-19,3.063,3.063,3.063,3.063,0.0,3.063,0
2022-01-20,3.066,3.066,3.066,3.066,0.0,3.066,0
2022-01-21,3.054,3.054,3.054,3.054,0.0,3.054,0
2022-01-24,3.043,3.043,3.043,3.043,0.0,3.043,0
2022-01-25,3.063,3.063,3.063,3.063,0.0,3.063,0
2022-01-26,3.064,3.064,3.064,3.064,0.0,3.064,0
2022-01-27,3.049,3.049,3.049,3.049,0.0,3.049,0
2022-01-28,3.042,3.042,3.042,3.042,0.0,3.042,0
2022-01-31,3.041,3.041,3.041,3.041,0.0,3.041,0
2022-02-01,3.026,3.026,3.026,3.026,0.0,3.026,0
2022-02-02,3.045,3.045,3.045,3.045,0.0,3.045,0
2022-02-03,3.036,3.036,3.036,3.036,0.0,3.036,0
2022-02-04,3.066,3.066,3.066,3.066,0.0,3.066,0
2022-02-07,3.082,3.082,3.082,3.082,0.0,3.082,0
2022-02-08,3.074,3.074,3.074,3.074,0.0,3.074,0
2022-02-09,3.069,3.069,3.069,3.069,0.0,3.069,0
2022-02-10,3.076,3.076,3.076,3.076,0.0,3.076,0
2022-02-11,3.116,3.116,3.116,3.116,0.0,3.116,0
2022-02-14,3.157,3.157,3.157,3.157,0.0,3.157,0
2022-02-15,3.145,3.145,3.145,3.145,0.0,3.145,0
2022-02-16,3.174,3.174,3.174,3.174,0.0,3.174,0
2022-02-17,3.167,3.167,3.167,3.167,0.0,3.167,0
2022-02-18,3.167,3.167,3.167,3.167,0.0,3.167,0
2022-02-22,3.212,3.212,3.212,3.212,0.0,3.212,0
2022-02-23,3.298,3.298,3.298,3.298,0.0,3.298,0
2022-02-24,3.341,3.341,3.341,3.341,0.0,3.341,0
2022-02-25,3.258,3.258,3.258,3.258,0.0,3.258,0
2022-02-28,3.335,3.335,3.335,3.335,0.0,3.335,0
2022-03-01,3.406,3.406,3.406,3.406,0.0,3.406,0
2022-03-02,3.473,3.473,3.473,3.473,0.0,3.473,0
2022-03-03,3.416,3.416,3.416,3.416,0.0,3.416,0
2022-03-04,3.469,3.469,3.469,3.469,0.0,3.469,0
2022-03-07,3.548,3.548,3.548,3.548,0.0,3.548,0
2022-03-08,3.605,3.605,3.605,3.605,0.0,3.605,0
2022-03-09,3.584,3.584,3.584,3.584,0.0,3.584,0
2022-03-10,3.5,3.5,3.5,3.5,0.0,3.5,0
2022-03-11,3.481,3.481,3.481,3.481,0.0,3.481,0
2022-03-14,3.524,3.524,3.524,3.524,0.0,3.524,0
2022-03-15,3.506,3.506,3.506,3.506,0.0,3.506,0
2022-03-16,3.517,3.517,3.517,3.517,0.0,3.517,0
2022-03-17,3.534,3.534,3.534,3.534,0.0,3.534,0
2022-03-18,3.486,3.486,3.486,3.486,0.0,3.486,0
2022-03-21,3.472,3.472,3.472,3.472,0.0,3.472,0
2022-03-22,3.483,3.483,3.483,3.483,0.0,3.483,0
2022-03-23,3.494,3.494,3.494,3.494,0.0,3.494,0
2022-03-24,3.52,3.52,3.52,3.52,0.0,3.52,0
2022-03-25,3.566,3.566,3.566,3.566,0.0,3.566,0
2022-03-28,3.658,3.658,3.658,3.658,0.0,3.658,0
2022-03-29,3.672,3.672,3.672,3.672,0.0,3.672,0
2022-03-30,3.785,3.785,3.785,3.785,0.0,3.785,0
2022-03-31,3.878,3.878,3.878,3.878,0.0,3.878,0
2022-04-01,3.935,3.935,3.935,3.935,0.0,3.935,0
2022-04-04,4.002,4.002,4.002,4.002,0.0,4.002,0
2022-04-05,4.02,4.02,4.02,4.02,0.0,4.02,0
2022-04-06,4.047,4.047,4.047,4.047,0.0,4.047,0
2022-04-07,4.074,4.074,4.074,4.074,0.0,4.074,0
2022-04-08,4.047,4.047,4.047,4.047,0.0,4.047,0
2022-04-11,4.096,4.096,4.096,4.096,0.0,4.096,0
2022-04-12,4.118,4.118,4.118,4.118,0.0,4.118,0
2022-04-13,4.156,4.156,4.156,4.156,0.0,4.156,0
2022-04-14,4.158,4.158,4.158,4.158,0.0,4.158,0
2022-04-18,4.173,4.173,4.173,4.173,0.0,4.173,0
2022-04-19,4.151,4.151,4.151,4.151,0.0,4.151,0
2022-04-20,4.142,4.142,4.142,4.142,0.0,4.142,0
2022-04-21,4.065,4.065,4.065,4.065,0.0,4.065,0
2022-04-22,3.892,3.892,3.892,3.892,0.0,3.892,0
2022-04-25,3.907,3.907,3.907,3.907,0.0,3.907,0
2022-04-26,3.972,3.972,3.972,3.972,0.0,3.972,0
2022-04-27,4.031,4.031,4.031,4.031,0.0,4.031,0
2022-04-28,4.042,4.042,4.042,4.042,0.0,4.042,0
2022-04-29,4.035,4.035,4.035,4.035,0.0,4.035,0
2022-05-02,4.024,4.024,4.024,4.024,0.0,4.024,0
2022-05-03,4.077,4.077,4.077,4.077,0.0,4.077,0
2022-05-04,4.127,4.127,4.127,4.127,0.0,4.127,0
2022-05-05,4.16,4.16,4.16,4.16,0.0,4.16,0
2022-05-06,4.126,4.126,4.126,4.126,0.0,4.126,0
2022-05-09,4.049,4.049,4.049,4.049,0.0,4.049,0
2022-05-10,4.087,4.087,4.087,4.087,0.0,4.087,0
2022-05-11,4.146,4.146,4.146,4.146,0.0,4.146,0
2022-05-12,4.156,4.156,4.156,4.156,0.0,4.156,0
2022-05-13,4.23,4.23,4.23,4.23,0.0,4.23,0
2022-05-16,4.26,4.26,4.26,4.26,0.0,4.26,0
2022-05-17,4.257,4.257,4.257,4.257,0.0,4.257,0
2022-05-18,4.274,4.274,4.274,4.274,0.0,4.274,0
2022-05-19,4.213,4.213,4.213,4.213,0.0,4.213,0
2022-05-20,4.222,4.222,4.222,4.222,0.0,4.222,0
2022-05-23,4.263,4.263,4.263,4.263,0.0,4.263,0
2022-05-24,4.242,4.242,4.242,4.242,0.0,4.242,0
2022-05-25,4.273,4.273,4.273,4.273,0.0,4.273,0
2022-05-26,4.302,4.302,4.302,4.302,0.0,4.302,0
2022-05-27,4.326,4.326,4.326,4.326,0.0,4.326,0
2022-05-31,4.257,4.257,4.257,4.257,0.0,4.257,0
2022-06-01,4.364,4.364,4.364,4.364,0.0,4.364,0
2022-06-02,4.349,4.349,4.349,4.349,0.0,4.349,0
2022-06-03,4.396,4.396,4.396,4.396,0.0,4.396,0
2022-06-06,4.38,4.38,4.38,4.38,0.0,4.38,0
2022-06-07,4.455,4.455,4.455,4.455,0.0,4.455,0
2022-06-08,4.51,4.51,4.51,4.51,0.0,4.51,0
2022-06-09,4.596,4.596,4.596,4.596,0.0,4.596,0
2022-06-10,4.632,4.632,4.632,4.632,0.0,4.632,0
2022-06-13,4.575,4.575,4.575,4.575,0.0,4.575,0
2022-06-14,4.497,4.497,4.497,4.497,0.0,4.497,0
2022-06-15,4.558,4.558,4.558,4.558,0.0,4.558,0
2022-06-16,4.572,4.572,4.572,4.572,0.0,4.572,0
2022-06-17,4.469,4.469,4.469,4.469,0.0,4.469,0
2022-06-21,4.456,4.456,4.456,4.456,0.0,4.456,0
2022-06-22,4.511,4.511,4.511,4.511,0.0,4.511,0
2022-06-23,4.505,4.505,4.505,4.505,0.0,4.505,0
2022-06-24,4.281,4.281,4.281,4.281,0.0,4.281,0
2022-06-27,4.323,4.323,4.323,4.323,0.0,4.323,0
2022-06-28,4.293,4.293,4.293,4.293,0.0,4.293,0
2022-06-29,4.243,4.243,4.243,4.243,0.0,4.243,0
2022-06-30,3.988,3.988,3.988,3.988,0.0,3.988,0
2022-07-01,4.076,4.076,4.076,4.076,0.0,4.076,0
2022-07-04,4.076,4.076,4.076,4.076,0.0,4.076,0
2022-07-05,3.926,3.926,3.926,3.926,0.0,3.926,0
2022-07-06,4.018,4.018,4.018,4.018,0.0,4.018,0
2022-07-07,4.107,4.107,4.107,4.107,0.0,4.107,0
2022-07-08,4.106,4.106,4.106,4.106,0.0,4.106,0
2022-07-11,4.14,4.14,4.14,4.14,0.0,4.14,0
2022-07-12,4.042,4.042,4.042,4.042,0.0,4.042,0
2022-07-13,4.104,4.104,4.104,4.104,0.0,4.104,0
2022-07-14,4.03,4.03,4.03,4.03,0.0,4.03,0
2022-07-15,4.104,4.104,4.104,4.104,0.0,4.104,0
2022-07-18,4.045,4.045,4.045,4.045,0.0,4.045,0
2022-07-19,4.072,4.072,4.072,4.072,0.0,4.072,0
2022-07-20,4.215,4.215,4.215,4.215,0.0,4.215,0
2022-07-21,4.12,4.12,4.12,4.12,0.0,4.12,0
2022-07-22,4.124,4.124,4.124,4.124,0.0,4.124,0
2022-07-25,4.18,4.18,4.18,4.18,0.0,4.18,0
2022-07-26,4.207,4.207,4.207,4.207,0.0,4.207,0
2022-07-27,4.205,4.205,4.205,4.205,0.0,4.205,0
2022-07-28,4.181,4.181,4.181,4.181,0.0,4.181,0
2022-07-29,4.267,4.267,4.267,4.267,0.0,4.267,0
2022-08-01,4.25,4.25,4.25,4.25,0.0,4.25,0
2022-08-02,4.252,4.252,4.252,4.252,0.0,4.252,0
2022-08-03,4.284,4.284,4.284,4.284,0.0,4.284,0
2022-08-04,4.253,4.253,4.253,4.253,0.0,4.253,0
2022-08-05,4.25,4.25,4.25,4.25,0.0,4.25,0
2022-08-08,4.212,4.212,4.212,4.212,0.0,4.212,0
2022-08-09,4.249,4.249,4.249,4.249,0.0,4.249,0
2022-08-10,4.279,4.279,4.279,4.279,0.0,4.279,0
2022-08-11,4.374,4.374,4.374,4.374,0.0,4.374,0
2022-08-12,4.362,4.362,4.362,4.362,0.0,4.362,0
2022-08-15,4.455,4.455,4.455,4.455,0.0,4.455,0
2022-08-16,4.494,4.494,4.494,4.494,0.0,4.494,0
2022-08-17,4.477,4.477,4.477,4.477,0.0,4.477,0
2022-08-18,4.483,4.483,4.483,4.483,0.0,4.483,0
2022-08-19,4.499,4.499,4.499,4.499,0.0,4.499,0
2022-08-22,4.558,4.558,4.558,4.558,0.0,4.558,0
2022-08-23,4.565,4.565,4.565,4.565,0.0,4.565,0
2022-08-24,4.611,4.611,4.611,4.611,0.0,4.611,0
2022-08-25,4.673,4.673,4.673,4.673,0.0,4.673,0
2022-08-26,4.715,4.715,4.715,4.715,0.0,4.715,0
2022-08-29,4.779,4.779,4.779,4.779,0.0,4.779,0
2022-08-30,4.786,4.786,4.786,4.786,0.0,4.786,0
2022-08-31,4.799,4.799,4.799,4.799,0.0,4.799,0
2022-09-01,4.867,4.867,4.867,4.867,0.0,4.867,0
2022-09-02,4.965,4.965,4.965,4.965,0.0,4.965,0
2022-09-05,4.965,4.965,4.965,4.965,0.0,4.965,0
2022-09-06,4.963,4.963,4.963,4.963,0.0,4.963,0
2022-09-07,4.921,4.921,4.921,4.921,0.0,4.921,0
2022-09-08,4.874,4.874,4.874,4.874,0.0,4.874,0
2022-09-09,4.925,4.925,4.925,4.925,0.0,4.925,0
2022-09-12,4.87,4.87,4.87,4.87,0.0,4.87,0
2022-09-13,4.899,4.899,4.899,4.899,0.0,4.899,0
2022-09-14,4.958,4.958,4.958,4.958,0.0,4.958,0
2022-09-15,4.912,4.912,4.912,4.912,0.0,4.912,0
2022-09-16,4.807,4.807,4.807,4.807,0.0,4.807,0
2022-09-19,4.763,4.763,4.763,4.763,0.0,4.763,0
2022-09-20,4.694,4.694,4.694,4.694,0.0,4.694,0
2022-09-21,4.526,4.526,4.526,4.526,0.0,4.526,0
2022-09-22,4.374,4.374,4.374,4.374,0.0,4.374,0
2022-09-23,4.38,4.38,4.38,4.38,0.0,4.38,0
2022-09-26,4.299,4.299,4.299,4.299,0.0,4.299,0
2022-09-27,4.236,4.236,4.236,4.236,0.0,4.236,0
2022-09-28,4.172,4.172,4.172,4.172,0.0,4.172,0
2022-09-29,4.157,4.157,4.157,4.157,0.0,4.157,0
2022-09-30,4.163,4.163,4.163,4.163,0.0,4.163,0
2022-10-03,4.052,4.052,4.052,4.052,0.0,4.052,0
2022-10-04,4.102,4.102,4.102,4.102,0.0,4.102,0
2022-10-05,4.099,4.099,4.099,4.099,0.0,4.099,0
2022-10-06,4.126,4.126,4.126,4.126,0.0,4.126,0
2022-10-07,4.126,4.126,4.126,4.126,0.0,4.126,0
2022-10-10,4.148,4.148,4.148,4.148,0.0,4.148,0
2022-10-11,4.186,4.186,4.186,4.186,0.0,4.186,0
2022-10-12,4.165,4.165,4.165,4.165,0.0,4.165,0
2022-10-13,4.158,4.158,4.158,4.158,0.0,4.158,0
2022-10-14,4.181,4.181,4.181,4.181,0.0,4.181,0
2022-10-17,4.154,4.154,4.154,4.154,0.0,4.154,0
2022-10-18,4.119,4.119,4.119,4.119,0.0,4.119,0
2022-10-19,4.094,4.094,4.094,4.094,0.0,4.094,0
2022-10-20,4.211,4.211,4.211,4.211,0.0,4.211,0
2022-10-21,4.165,4.165,4.165,4.165,0.0,4.165,0
2022-10-24,4.166,4.166,4.166,4.166,0.0,4.166,0
2022-10-25,4.181,4.181,4.181,4.181,0.0,4.181,0
2022-10-26,4.198,4.198,4.198,4.198,1.0,4.198,1
2022-10-27,4.174,4.191,4.174,4.191,1.0,4.174,1
2022-10-28,4.182,4.182,4.182,4.182,1.0,4.182,1
2022-10-31,4.176,4.176,4.176,4.176,0.0,4.176,0
2022-11-01,4.141,4.141,4.141,4.141,0.0,4.141,0
2022-11-02,4.205,4.205,4.205,4.205,0.0,4.205,0
2022-11-03,4.25,4.25,4.25,4.25,0.0,4.25,0
2022-11-04,4.364,4.364,4.364,4.364,0.0,4.364,0
2022-11-07,4.388,4.388,4.388,4.388,0.0,4.388,0
2022-11-08,4.348,4.348,4.348,4.348,0.0,4.348,0
2022-11-09,4.362,4.362,4.362,4.362,0.0,4.362,0
2022-11-10,4.362,4.362,4.362,4.362,0.0,4.362,0
2022-11-11,4.335,4.335,4.335,4.335,0.0,4.335,0
2022-11-14,4.304,4.304,4.304,4.304,0.0,4.304,0
2022-11-15,4.34,4.34,4.34,4.34,0.0,4.34,0
2022-11-16,4.325,4.325,4.325,4.325,0.0,4.325,0
2022-11-17,4.31,4.31,4.31,4.31,0.0,4.31,0
2022-11-18,4.266,4.266,4.266,4.266,0.0,4.266,0
2022-11-21,4.221,4.221,4.221,4.221,0.0,4.221,0
2022-11-22,4.205,4.205,4.205,4.205,0.0,4.205,0
2022-11-23,4.214,4.214,4.214,4.214,0.0,4.214,0
2022-11-24,4.214,4.214,4.214,4.214,0.0,4.214,0
2022-11-25,4.208,4.208,4.208,4.208,0.0,4.208,0
2022-11-28,4.256,4.256,4.256,4.256,0.0,4.256,0
2022-11-29,4.254,4.254,4.254,4.254,0.0,4.254,0
2022-11-30,4.241,4.241,4.241,4.241,0.0,4.241,0
2022-12-01,4.221,4.221,4.221,4.221,0.0,4.221,0
2022-12-02,4.217,4.217,4.217,4.217,0.0,4.217,0
2022-12-05,4.225,4.225,4.225,4.225,0.0,4.225,0
2022-12-06,4.238,4.238,4.238,4.238,0.0,4.238,0
2022-12-07,4.243,4.243,4.243,4.243,0.0,4.243,0
2022-12-08,4.303,4.303,4.303,4.303,0.0,4.303,0
2022-12-09,4.307,4.307,4.307,4.307,0.0,4.307,0
2022-12-12,4.371,4.371,4.371,4.371,0.0,4.371,0
2022-12-13,4.359,4.359,4.359,4.359,0.0,4.359,0
2022-12-14,4.332,4.332,4.332,4.332,0.0,4.332,0
2022-12-15,4.373,4.373,4.373,4.373,0.0,4.373,0
2022-12-16,4.461,4.461,4.461,4.461,0.0,4.461,0
2022-12-19,4.445,4.445,4.445,4.445,0.0,4.445,0
2022-12-20,4.44,4.44,4.44,4.44,0.0,4.44,0
2022-12-21,4.352,4.352,4.352,4.352,0.0,4.352,0
2022-12-22,4.269,4.269,4.269,4.269,0.0,4.269,0
2022-12-23,4.282,4.282,4.282,4.282,0.0,4.282,0
2022-12-27,4.368,4.368,4.368,4.368,0.0,4.368,0
2022-12-28,4.29,4.29,4.29,4.29,0.0,4.29,0
2022-12-29,4.281,4.281,4.281,4.281,0.0,4.281,0
2022-12-30,4.29,4.29,4.29,4.29,0.0,4.29,0
2023-01-03,4.236,4.236,4.236,4.236,0.0,4.236,0
2023-01-04,4.239,4.239,4.239,4.239,0.0,4.239,0
2023-01-05,4.161,4.161,4.161,4.161,0.0,4.161,0
2023-01-06,4.105,4.105,4.105,4.105,0.0,4.105,0
2023-01-09,4.113,4.113,4.113,4.113,0.0,4.113,0
2023-01-10,4.137,4.137,4.137,4.137,0.0,4.137,0
2023-01-11,4.103,4.103,4.103,4.103,0.0,4.103,0
2023-01-12,4.102,4.102,4.102,4.102,0.0,4.102,0
2023-01-13,4.111,4.111,4.111,4.111,0.0,4.111,0
2023-01-16,4.111,4.111,4.111,4.111,0.0,4.111,0
2023-01-17,4.127,4.127,4.127,4.127,0.0,4.127,0
2023-01-18,4.15,4.15,4.15,4.15,0.0,4.15,0
2023-01-19,4.19,4.19,4.19,4.19,0.0,4.19,0
2023-01-20,4.154,4.154,4.154,4.154,0.0,4.154,0
2023-01-23,4.144,4.144,4.144,4.144,0.0,4.144,0
2023-01-24,4.113,4.113,4.113,4.113,0.0,4.113,0
2023-01-25,4.056,4.056,4.056,4.056,0.0,4.056,0
2023-01-26,4.063,4.063,4.063,4.063,0.0,4.063,0
2023-01-27,4.054,4.054,4.054,4.054,0.0,4.054,0
2023-01-30,3.975,3.975,3.975,3.975,0.0,3.975,0
2023-01-31,3.986,3.986,3.986,3.986,0.0,3.986,0
2023-02-01,3.831,3.831,3.831,3.831,0.0,3.831,0
2023-02-02,3.811,3.811,3.811,3.811,0.0,3.811,0
2023-02-03,3.727,3.727,3.727,3.727,0.0,3.727,0
2023-02-10,3.734,3.734,3.734,3.734,0.0,3.734,0
2023-02-13,3.677,3.677,3.677,3.677,0.0,3.677,0
2023-02-14,3.678,3.678,3.678,3.678,0.0,3.678,0
2023-02-15,3.673,3.673,3.673,3.673,0.0,3.673,0
2023-02-16,3.673,3.673,3.673,3.673,0.0,3.673,0
2023-02-17,3.659,3.659,3.659,3.659,0.0,3.659,0
2023-02-20,3.659,3.659,3.659,3.659,0.0,3.659,0
2023-02-21,3.659,3.659,3.659,3.659,0.0,3.659,0
2023-02-22,3.67,3.67,3.67,3.67,0.0,3.67,0
2023-02-23,3.704,3.704,3.704,3.704,0.0,3.704,0
2023-02-24,3.763,3.763,3.763,3.763,0.0,3.763,0
2023-02-27,3.805,3.805,3.805,3.805,0.0,3.805,0
2023-02-28,3.853,3.853,3.853,3.853,0.0,3.853,0
2023-03-01,3.934,3.934,3.934,3.934,0.0,3.934,0
2023-03-02,3.942,3.942,3.942,3.942,0.0,3.942,0
2023-03-03,3.982,3.982,3.982,3.982,0.0,3.982,0
2023-03-06,4.016,4.016,4.016,4.016,0.0,4.016,0
2023-03-07,4.046,4.046,4.046,4.046,0.0,4.046,0
2023-03-08,4.038,4.038,4.038,4.038,0.0,4.038,0
2023-03-09,3.832,3.832,3.832,3.832,0.0,3.832,0
2023-03-10,3.933,3.933,3.933,3.933,0.0,3.933,0
2023-03-13,3.944,3.944,3.944,3.944,0.0,3.944,0
2023-03-14,4.025,4.025,4.025,4.025,0.0,4.025,0
2023-03-15,4.028,4.028,4.028,4.028,0.0,4.028,0
2023-03-16,4.07,4.07,4.07,4.07,0.0,4.07,0
2023-03-17,4.063,4.063,4.063,4.063,0.0,4.063,0
2023-03-20,4.022,4.022,4.022,4.022,0.0,4.022,0
2023-03-21,4.071,4.071,4.071,4.071,0.0,4.071,0
2023-03-22,4.025,4.025,4.025,4.025,0.0,4.025,0
2023-03-23,4.06,4.06,4.06,4.06,0.0,4.06,0
2023-03-24,4.021,4.021,4.021,4.021,0.0,4.021,0
2023-03-27,4.0,4.0,4.0,4.0,0.0,4.0,0
2023-03-28,3.958,3.958,3.958,3.958,0.0,3.958,0
2023-03-29,3.95,3.955,3.95,3.955,46.0,3.95,1
2023-03-30,3.963,3.963,3.963,3.963,0.0,3.963,0
2023-03-31,3.956,3.956,3.956,3.956,0.0,3.956,0
2023-04-03,3.964,3.964,3.964,3.964,0.0,3.964,0
2023-04-04,3.976,3.976,3.976,3.976,0.0,3.976,0
2023-04-05,3.949,3.949,3.949,3.949,0.0,3.949,0
2023-04-06,3.905,3.905,3.905,3.905,0.0,3.905,0
2023-04-10,3.967,3.967,3.967,3.967,0.0,3.967,0
2023-04-11,3.977,3.977,3.977,3.977,0.0,3.977,0
2023-04-12,3.903,3.903,3.903,3.903,0.0,3.903,0
2023-04-13,3.871,3.871,3.871,3.871,0.0,3.871,0
2023-04-14,3.891,3.891,3.891,3.891,0.0,3.891,0
2023-04-17,3.957,3.957,3.957,3.957,0.0,3.957,0
2023-04-18,3.955,3.955,3.955,3.955,0.0,3.955,0
2023-04-19,3.977,3.977,3.977,3.977,0.0,3.977,0
2023-04-20,4.009,4.009,4.009,4.009,0.0,4.009,0
2023-04-21,4.016,4.016,4.016,4.016,0.0,4.016,0
2023-04-24,4.027,4.027,4.027,4.027,0.0,4.027,0
2023-04-25,4.025,4.025,4.025,4.025,0.0,4.025,0
2023-04-26,4.018,4.018,4.018,4.018,0.0,4.018,0
2023-04-27,4.022,4.022,4.022,4.022,0.0,4.022,0
2023-04-28,4.041,4.041,4.041,4.041,0.0,4.041,0
2023-05-01,3.998,3.998,3.998,3.998,0.0,3.998,0
2023-05-02,3.994,3.994,3.994,3.994,0.0,3.994,0
2023-05-03,4.016,4.016,4.016,4.016,0.0,4.016,0
2023-05-04,4.023,4.023,4.023,4.023,0.0,4.023,0
2023-05-05,4.008,4.008,4.008,4.008,0.0,4.008,0
2023-05-08,3.976,3.976,3.976,3.976,0.0,3.976,0
2023-05-09,3.959,3.959,3.959,3.959,0.0,3.959,0
2023-05-10,3.975,3.975,3.975,3.975,0.0,3.975,0
2023-05-11,3.906,3.906,3.906,3.906,0.0,3.906,0
2023-05-12,3.883,3.883,3.883,3.883,0.0,3.883,0
2023-05-15,3.887,3.887,3.887,3.887,0.0,3.887,0
2023-05-16,3.873,3.873,3.873,3.873,0.0,3.873,0
2023-05-17,3.797,3.797,3.797,3.797,0.0,3.797,0
2023-05-18,3.777,3.777,3.777,3.777,0.0,3.777,0
2023-05-19,3.725,3.725,3.725,3.725,0.0,3.725,0
2023-05-22,3.715,3.715,3.715,3.715,0.0,3.715,0
2023-05-23,3.703,3.703,3.703,3.703,0.0,3.703,0
2023-05-24,3.758,3.758,3.758,3.758,0.0,3.758,0
2023-05-25,3.716,3.716,3.716,3.716,0.0,3.716,0
2023-05-26,3.744,3.744,3.744,3.744,0.0,3.744,0
2023-05-29,3.744,3.744,3.744,3.744,0.0,3.744,0
2023-05-30,3.704,3.704,3.704,3.704,0.0,3.704,0
2023-05-31,3.669,3.669,3.669,3.669,0.0,3.669,0
2023-06-01,3.527,3.527,3.527,3.527,0.0,3.527,0
2023-06-02,3.567,3.567,3.567,3.567,0.0,3.567,0
2023-06-05,3.637,3.637,3.637,3.637,0.0,3.637,0
2023-06-06,3.634,3.634,3.634,3.634,0.0,3.634,0
2023-06-07,3.608,3.608,3.608,3.608,0.0,3.608,0
2023-06-08,3.579,3.579,3.579,3.579,0.0,3.579,0
2023-06-09,3.584,3.584,3.584,3.584,0.0,3.584,0
2023-06-12,3.581,3.581,3.581,3.581,0.0,3.581,0
2023-06-13,3.546,3.546,3.546,3.546,0.0,3.546,0
2023-06-14,3.559,3.559,3.559,3.559,0.0,3.559,0
2023-06-15,3.531,3.531,3.531,3.531,0.0,3.531,0
2023-06-16,3.534,3.534,3.534,3.534,0.0,3.534,0
2023-06-19,3.534,3.534,3.534,3.534,0.0,3.534,0
2023-06-20,3.581,3.581,3.581,3.581,0.0,3.581,0
2023-06-21,3.647,3.647,3.647,3.647,0.0,3.647,0
2023-06-22,3.665,3.665,3.665,3.665,0.0,3.665,0
2023-06-23,3.559,3.559,3.559,3.559,0.0,3.559,0
2023-06-26,3.533,3.533,3.533,3.533,0.0,3.533,0
2023-06-27,3.607,3.607,3.607,3.607,0.0,3.607,0
2023-06-28,3.439,3.439,3.439,3.439,0.0,3.439,0
2023-06-29,3.398,3.398,3.398,3.398,0.0,3.398,0
2023-06-30,3.399,3.399,3.399,3.399,0.0,3.399,0
2023-07-03,3.4,3.4,3.4,3.4,0.0,3.4,0
2023-07-04,3.4,3.4,3.4,3.4,0.0,3.4,0
2023-07-05,3.39,3.39,3.39,3.39,0.0,3.39,0
2023-07-06,3.392,3.392,3.392,3.392,0.0,3.392,0
2023-07-07,3.438,3.438,3.438,3.438,0.0,3.438,0
2023-07-10,3.482,3.482,3.482,3.482,0.0,3.482,0
2023-07-11,3.551,3.551,3.551,3.551,0.0,3.551,0
2023-07-12,3.617,3.617,3.617,3.617,0.0,3.617,0
2023-07-13,3.509,3.509,3.509,3.509,0.0,3.509,0
2023-07-14,3.567,3.567,3.567,3.567,0.0,3.567,0
2023-07-17,3.592,3.592,3.592,3.592,0.0,3.592,0
2023-07-18,3.651,3.651,3.651,3.651,0.0,3.651,0
2023-07-19,3.648,3.648,3.648,3.648,0.0,3.648,0
2023-07-20,3.635,3.635,3.635,3.635,0.0,3.635,0
2023-07-21,3.653,3.653,3.653,3.653,0.0,3.653,0
2023-07-24,3.694,3.694,3.694,3.694,0.0,3.694,0
2023-07-25,3.708,3.708,3.708,3.708,0.0,3.708,0
2023-07-26,3.726,3.726,3.726,3.726,0.0,3.726,0
2023-07-27,3.717,3.717,3.717,3.717,0.0,3.717,0
2023-07-28,3.726,3.726,3.726,3.726,0.0,3.726,0
2023-07-31,3.655,3.655,3.655,3.655,0.0,3.655,0
2023-08-01,3.565,3.565,3.565,3.565,0.0,3.565,0
2023-08-02,3.582,3.582,3.582,3.582,0.0,3.582,0
2023-08-03,3.562,3.562,3.562,3.562,0.0,3.562,0
2023-08-04,3.57,3.57,3.57,3.57,0.0,3.57,0
2023-08-07,3.631,3.631,3.631,3.631,0.0,3.631,0
2023-08-08,3.679,3.679,3.679,3.679,0.0,3.679,0
2023-08-09,3.641,3.641,3.641,3.641,0.0,3.641,0
2023-08-10,3.626,3.626,3.626,3.626,0.0,3.626,0
2023-08-11,3.654,3.654,3.654,3.654,0.0,3.654,0
2023-08-14,3.601,3.601,3.601,3.601,0.0,3.601,0
2023-08-15,3.677,3.677,3.677,3.677,0.0,3.677,0
2023-08-16,3.69,3.69,3.69,3.69,0.0,3.69,0
2023-08-17,3.66,3.66,3.66,3.66,0.0,3.66,0
2023-08-18,3.636,3.636,3.636,3.636,0.0,3.636,0
2023-08-21,3.697,3.697,3.697,3.697,0.0,3.697,0
2023-08-22,3.65,3.65,3.65,3.65,0.0,3.65,0
2023-08-23,3.595,3.728,3.595,3.728,1.0,3.595,1
2023-08-24,3.588,3.588,3.588,3.588,0.0,3.588,0
2023-08-25,3.569,3.569,3.569,3.569,0.0,3.569,0
2023-08-28,3.558,3.558,3.558,3.558,0.0,3.558,0
2023-08-29,3.535,3.535,3.535,3.535,0.0,3.535,0
2023-08-30,3.59,3.59,3.59,3.59,0.0,3.59,0
2023-08-31,3.604,3.604,3.604,3.604,0.0,3.604,0
2023-09-01,3.603,3.603,3.603,3.603,0.0,3.603,0
2023-09-04,3.603,3.603,3.603,3.603,0.0,3.603,0
2023-09-05,3.549,3.549,3.549,3.549,0.0,3.549,0
2023-09-06,3.563,3.563,3.563,3.563,0.0,3.563,0
2023-09-07,3.596,3.596,3.596,3.596,0.0,3.596,0
2023-09-08,3.602,3.602,3.602,3.602,0.0,3.602,0
2023-09-11,3.494,3.494,3.494,3.494,0.0,3.494,0
2023-09-12,3.506,3.506,3.506,3.506,0.0,3.506,0
2023-09-13,3.567,3.567,3.567,3.567,0.0,3.567,0
2023-09-14,3.531,3.531,3.531,3.531,0.0,3.531,0
2023-09-15,3.545,3.545,3.545,3.545,0.0,3.545,0
2023-09-18,3.587,3.587,3.587,3.587,0.0,3.587,0
2023-09-19,3.527,3.527,3.527,3.527,0.0,3.527,0
2023-09-20,3.583,3.583,3.583,3.583,0.0,3.583,0
2023-09-21,3.598,3.598,3.598,3.598,0.0,3.598,0
2023-09-22,3.601,3.601,3.601,3.601,0.0,3.601,0
2023-09-25,3.674,3.674,3.674,3.674,0.0,3.674,0
2023-09-26,3.629,3.629,3.629,3.629,0.0,3.629,0
2023-09-27,3.582,3.582,3.582,3.582,0.0,3.582,0
2023-09-28,3.589,3.589,3.589,3.589,0.0,3.589,0
2023-09-29,3.592,3.592,3.592,3.592,0.0,3.592,0
2023-10-02,3.596,3.596,3.596,3.596,0.0,3.596,0
2023-10-03,3.692,3.692,3.692,3.692,0.0,3.692,0
2023-10-04,3.614,3.614,3.614,3.614,0.0,3.614,0
2023-10-05,3.568,3.568,3.568,3.568,0.0,3.568,0
2023-10-06,3.555,3.555,3.555,3.555,0.0,3.555,0
2023-10-09,3.556,3.556,3.556,3.556,0.0,3.556,0
2023-10-10,3.558,3.558,3.558,3.558,0.0,3.558,0
2023-10-11,3.595,3.595,3.595,3.595,0.0,3.595,0
2023-10-12,3.654,3.654,3.654,3.654,0.0,3.654,0
2023-10-13,3.63,3.63,3.63,3.63,0.0,3.63,0
2023-10-16,3.61,3.61,3.61,3.61,0.0,3.61,0
2023-10-17,3.593,3.593,3.593,3.593,0.0,3.593,0
2023-10-18,3.588,3.588,3.588,3.588,0.0,3.588,0
2023-10-19,3.607,3.607,3.607,3.607,0.0,3.607,0
2023-10-20,3.613,3.613,3.613,3.613,0.0,3.613,0
2023-10-23,3.617,3.617,3.617,3.617,0.0,3.617,0
2023-10-24,3.622,3.622,3.622,3.622,0.0,3.622,0
2023-10-25,3.63,3.63,3.63,3.63,0.0,3.63,0
2023-10-26,3.615,3.615,3.615,3.615,0.0,3.615,0
2023-10-27,3.603,3.603,3.603,3.603,0.0,3.603,0
2023-10-30,3.594,3.594,3.594,3.594,0.0,3.594,0
2023-10-31,3.612,3.612,3.612,3.612,0.0,3.612,0
2023-11-01,3.71,3.71,3.71,3.71,0.0,3.71,0
2023-11-02,3.77,3.77,3.77,3.77,0.0,3.77,0
2023-11-03,3.699,3.699,3.699,3.699,0.0,3.699,0
2023-11-06,3.724,3.724,3.724,3.724,0.0,3.724,0
2023-11-07,3.755,3.755,3.755,3.755,0.0,3.755,0
2023-11-08,3.672,3.672,3.672,3.672,0.0,3.672,0
2023-11-09,3.681,3.681,3.681,3.681,0.0,3.681,0
2023-11-10,3.645,3.645,3.645,3.645,0.0,3.645,0
2023-11-13,3.693,3.693,3.693,3.693,0.0,3.693,0
2023-11-14,3.673,3.673,3.673,3.673,0.0,3.673,0
2023-11-15,3.714,3.714,3.714,3.714,0.0,3.714,0
2023-11-16,3.695,3.695,3.695,3.695,0.0,3.695,0
2023-11-17,3.698,3.698,3.698,3.698,0.0,3.698,0
2023-11-20,3.685,3.685,3.685,3.685,0.0,3.685,0
2023-11-21,3.66,3.66,3.66,3.66,0.0,3.66,0
2023-11-22,3.636,3.636,3.636,3.636,0.0,3.636,0
2023-11-23,3.636,3.636,3.636,3.636,0.0,3.636,0
2023-11-24,3.696,3.696,3.696,3.696,0.0,3.696,0
2023-11-27,3.711,3.711,3.711,3.711,0.0,3.711,0
2023-11-28,3.621,3.621,3.621,3.621,0.0,3.621,0
2023-11-29,3.596,3.596,3.596,3.596,0.0,3.596,0
2023-11-30,3.572,3.572,3.572,3.572,0.0,3.572,0
2023-12-01,3.588,3.588,3.588,3.588,0.0,3.588,0
2023-12-04,3.554,3.554,3.554,3.554,0.0,3.554,0
2023-12-05,3.55,3.55,3.519,3.519,1.0,3.55,1
2023-12-06,3.415,3.415,3.415,3.415,0.0,3.415,0
2023-12-07,3.414,3.414,3.414,3.414,0.0,3.414,0
2023-12-08,3.4,3.4,3.4,3.4,0.0,3.4,0
2023-12-11,3.395,3.395,3.395,3.395,0.0,3.395,0
2023-12-12,3.434,3.434,3.434,3.434,0.0,3.434,0
2023-12-13,3.475,3.475,3.475,3.475,0.0,3.475,0
2023-12-14,3.549,3.549,3.549,3.549,0.0,3.549,0
2023-12-15,3.595,3.595,3.595,3.595,0.0,3.595,0
2023-12-18,3.587,3.587,3.587,3.587,0.0,3.587,0
2023-12-19,3.552,3.552,3.552,3.552,0.0,3.552,0
2023-12-20,3.603,3.603,3.603,3.603,0.0,3.603,0
2023-12-21,3.542,3.542,3.542,3.542,0.0,3.542,0
2023-12-22,3.501,3.501,3.501,3.501,0.0,3.501,0
2023-12-26,3.459,3.459,3.459,3.459,0.0,3.459,0
2023-12-27,3.478,3.478,3.478,3.478,0.0,3.478,0
2023-12-28,3.496,3.496,3.496,3.496,0.0,3.496,0
2023-12-29,3.531,3.531,3.531,3.531,0.0,3.531,0
2024-01-02,3.522,3.522,3.522,3.522,0.0,3.522,0
2024-01-03,3.553,3.553,3.553,3.553,0.0,3.553,0
2024-01-04,3.531,3.531,3.531,3.531,0.0,3.531,0
2024-01-05,3.595,3.595,3.595,3.595,0.0,3.595,0
2024-01-08,3.605,3.605,3.605,3.605,0.0,3.605,0
2024-01-09,3.66,3.66,3.66,3.66,0.0,3.66,0
2024-01-10,3.61,3.61,3.61,3.61,0.0,3.61,0
2024-01-11,3.574,3.574,3.574,3.574,0.0,3.574,0
2024-01-12,3.57,3.57,3.57,3.57,0.0,3.57,0
2024-01-15,3.57,3.57,3.57,3.57,0.0,3.57,0
2024-01-16,3.552,3.552,3.552,3.552,0.0,3.552,0
2024-01-17,3.593,3.593,3.593,3.593,0.0,3.593,0
2024-01-18,3.593,3.593,3.593,3.593,0.0,3.593,0
2024-01-19,3.536,3.536,3.536,3.536,0.0,3.536,0
2024-01-22,3.465,3.465,3.465,3.465,0.0,3.465,0
2024-01-23,3.578,3.578,3.578,3.578,0.0,3.578,0
2024-01-24,3.556,3.556,3.556,3.556,0.0,3.556,0
2024-01-25,3.456,3.456,3.456,3.456,0.0,3.456,0
2024-01-26,3.474,3.474,3.474,3.474,0.0,3.474,0
2024-01-29,3.455,3.455,3.455,3.455,0.0,3.455,0
2024-01-30,3.434,3.434,3.434,3.434,0.0,3.434,0
2024-01-31,3.462,3.462,3.462,3.462,0.0,3.462,0
2024-02-01,3.457,3.457,3.457,3.457,0.0,3.457,0
2024-02-02,3.54,3.54,3.54,3.54,0.0,3.54,0
2024-02-05,3.518,3.518,3.518,3.518,0.0,3.518,0
2024-02-06,3.5,3.5,3.5,3.5,0.0,3.5,0
2024-02-07,3.5,3.5,3.5,3.5,0.0,3.5,0
2024-02-08,3.487,3.487,3.487,3.487,0.0,3.487,0
2024-02-09,3.486,3.486,3.486,3.486,0.0,3.486,0
2024-02-12,3.467,3.467,3.467,3.467,0.0,3.467,0
2024-02-13,3.508,3.508,3.508,3.508,0.0,3.508,0
2024-02-14,3.48,3.48,3.48,3.48,0.0,3.48,0
2024-02-15,3.453,3.453,3.453,3.453,0.0,3.453,0
2024-02-16,3.433,3.433,3.433,3.433,0.0,3.433,0
2024-02-19,3.433,3.433,3.433,3.433,0.0,3.433,0
2024-02-20,3.423,3.423,3.423,3.423,0.0,3.423,0
2024-02-21,3.47,3.47,3.47,3.47,0.0,3.47,0
2024-02-22,3.52,3.52,3.52,3.52,0.0,3.52,0
2024-02-23,3.473,3.473,3.473,3.473,0.0,3.473,0
2024-02-26,3.477,3.477,3.477,3.477,0.0,3.477,0
2024-02-27,3.481,3.481,3.481,3.481,0.0,3.481,0
2024-02-28,3.501,3.501,3.501,3.501,0.0,3.501,0
2024-02-29,3.505,3.505,3.505,3.505,0.0,3.505,0
2024-03-01,3.482,3.482,3.482,3.482,0.0,3.482,0
2024-03-04,3.484,3.484,3.484,3.484,0.0,3.484,0
2024-03-05,3.5,3.5,3.5,3.5,0.0,3.5,0
2024-03-06,3.505,3.505,3.505,3.505,0.0,3.505,0
2024-03-07,3.509,3.509,3.509,3.509,0.0,3.509,0
2024-03-08,3.551,3.551,3.551,3.551,0.0,3.551,0
2024-03-11,3.567,3.567,3.567,3.567,0.0,3.567,0
2024-03-12,3.548,3.548,3.548,3.548,0.0,3.548,0
2024-03-13,3.545,3.545,3.545,3.545,0.0,3.545,0
2024-03-14,3.55,3.55,3.55,3.55,0.0,3.55,0
2024-03-15,3.541,3.541,3.541,3.541,0.0,3.541,0
2024-03-18,3.539,3.539,3.539,3.539,0.0,3.539,0
2024-03-19,3.557,3.557,3.557,3.557,0.0,3.557,0
2024-03-20,3.536,3.536,3.536,3.536,0.0,3.536,0
2024-03-21,3.534,3.534,3.534,3.534,0.0,3.534,0
2024-03-22,3.576,3.576,3.576,3.576,0.0,3.576,0
2024-03-25,3.508,3.508,3.508,3.508,0.0,3.508,0
2024-03-26,3.545,3.545,3.545,3.545,0.0,3.545,0
2024-03-27,3.53,3.53,3.53,3.53,0.0,3.53,0
2024-03-28,3.556,3.556,3.556,3.556,0.0,3.556,0
2024-04-01,3.573,3.573,3.573,3.573,0.0,3.573,0
2024-04-02,3.622,3.622,3.622,3.622,0.0,3.622,0
2024-04-03,3.588,3.588,3.588,3.588,0.0,3.588,0
2024-04-04,3.586,3.586,3.586,3.586,0.0,3.586,0
2024-04-05,3.593,3.593,3.593,3.593,0.0,3.593,0
2024-04-08,3.598,3.598,3.587,3.587,1.0,3.598,1
2024-04-09,3.573,3.573,3.573,3.573,0.0,3.573,0
2024-04-10,3.599,3.599,3.599,3.599,0.0,3.599,0
2024-04-11,3.684,3.684,3.684,3.684,0.0,3.684,0
2024-04-12,3.728,3.728,3.728,3.728,0.0,3.728,0
2024-04-15,3.772,3.772,3.772,3.772,0.0,3.772,0
2024-04-16,3.805,3.805,3.805,3.805,0.0,3.805,0
2024-04-17,3.766,3.766,3.766,3.766,0.0,3.766,0
2024-04-18,3.753,3.753,3.753,3.753,0.0,3.753,0
2024-04-19,3.753,3.753,3.753,3.753,0.0,3.753,0
2024-04-22,3.781,3.781,3.781,3.781,0.0,3.781,0
2024-04-23,3.783,3.783,3.783,3.783,0.0,3.783,0
2024-04-24,3.769,3.769,3.769,3.769,0.0,3.769,0
2024-04-25,3.786,3.786,3.786,3.786,0.0,3.786,0
2024-04-26,3.793,3.793,3.793,3.793,0.0,3.793,0
2024-04-29,3.806,3.806,3.806,3.806,0.0,3.806,0
2024-04-30,3.832,3.832,3.832,3.832,0.0,3.832,0
2024-05-01,3.83,3.83,3.83,3.83,0.0,3.83,0
2024-05-02,3.83,3.832,3.83,3.832,1.0,3.83,1
2024-05-03,3.8,3.8,3.8,3.8,0.0,3.8,0
2024-05-06,3.813,3.813,3.813,3.813,0.0,3.813,0
2024-05-07,3.756,3.756,3.756,3.756,0.0,3.756,0
2024-05-08,3.681,3.681,3.681,3.681,0.0,3.681,0
2024-05-09,3.603,3.603,3.603,3.603,0.0,3.603,0
2024-05-10,3.668,3.668,3.668,3.668,0.0,3.668,0
2024-05-13,3.683,3.683,3.683,3.683,0.0,3.683,0
2024-05-14,3.696,3.696,3.696,3.696,0.0,3.696,0
2024-05-15,3.71,3.713,3.71,3.713,1.0,3.71,1
2024-05-16,3.743,3.743,3.743,3.743,0.0,3.743,0
2024-05-17,3.792,3.792,3.792,3.792,0.0,3.792,0
2024-05-20,3.781,3.781,3.781,3.781,0.0,3.781,0
2024-05-21,3.811,3.811,3.811,3.811,0.0,3.811,0
2024-05-22,3.787,3.787,3.787,3.787,0.0,3.787,0
2024-05-23,3.762,3.762,3.762,3.762,0.0,3.762,0
2024-05-24,3.752,3.752,3.752,3.752,0.0,3.752,0
2024-05-27,3.752,3.752,3.752,3.752,0.0,3.752,0
2024-05-28,3.756,3.756,3.756,3.756,0.0,3.756,0
2024-05-29,3.698,3.698,3.698,3.698,0.0,3.698,0
2024-05-30,3.699,3.699,3.699,3.699,0.0,3.699,0
2024-05-31,3.677,3.677,3.677,3.677,0.0,3.677,0
2024-06-03,3.69,3.69,3.69,3.69,0.0,3.69,0
2024-06-04,3.665,3.665,3.665,3.665,0.0,3.665,0
2024-06-05,3.665,3.665,3.645,3.645,1.0,3.665,1
2024-06-06,3.691,3.691,3.691,3.691,0.0,3.691,0
2024-06-07,3.685,3.685,3.685,3.685,0.0,3.685,0
2024-06-10,3.688,3.688,3.688,3.688,0.0,3.688,0
2024-06-11,3.71,3.71,3.71,3.71,0.0,3.71,0
2024-06-12,3.702,3.702,3.702,3.702,0.0,3.702,0
2024-06-13,3.654,3.654,3.654,3.654,0.0,3.654,0
2024-06-14,3.681,3.681,3.681,3.681,0.0,3.681,0
2024-06-17,3.681,3.681,3.681,3.681,0.0,3.681,0
2024-06-18,3.722,3.722,3.722,3.722,0.0,3.722,0
2024-06-19,3.722,3.722,3.722,3.722,0.0,3.722,0
2024-06-20,3.68,3.68,3.68,3.68,0.0,3.68,0
2024-06-21,3.616,3.616,3.616,3.616,0.0,3.616,0
2024-06-24,3.626,3.626,3.626,3.626,0.0,3.626,0
2024-06-25,3.612,3.612,3.612,3.612,0.0,3.612,0
2024-06-26,3.606,3.606,3.606,3.606,0.0,3.606,0
2024-06-27,3.534,3.534,3.534,3.534,0.0,3.534,0
2024-06-28,3.586,3.586,3.586,3.586,0.0,3.586,0
2024-07-01,3.572,3.572,3.572,3.572,0.0,3.572,0
2024-07-02,3.567,3.567,3.567,3.567,0.0,3.567,0
2024-07-03,3.526,3.526,3.526,3.526,0.0,3.526,0
2024-07-04,3.526,3.526,3.526,3.526,0.0,3.526,0
2024-07-05,3.513,3.513,3.513,3.513,0.0,3.513,0
2024-07-08,3.535,3.535,3.535,3.535,0.0,3.535,0
2024-07-09,3.563,3.563,3.563,3.563,0.0,3.563,0
2024-07-10,3.507,3.507,3.507,3.507,0.0,3.507,0
2024-07-11,3.497,3.497,3.497,3.497,0.0,3.497,0
2024-07-12,3.505,3.505,3.505,3.505,0.0,3.505,0
2024-07-15,3.499,3.499,3.499,3.499,0.0,3.499,0
2024-07-16,3.526,3.526,3.526,3.526,0.0,3.526,0
2024-07-17,3.48,3.48,3.48,3.48,0.0,3.48,0
2024-07-18,3.464,3.464,3.464,3.464,0.0,3.464,0
2024-07-19,3.496,3.496,3.496,3.496,0.0,3.496,0
2024-07-22,3.504,3.504,3.504,3.504,0.0,3.504,0
2024-07-23,3.499,3.499,3.499,3.499,0.0,3.499,0
2024-07-24,3.49,3.49,3.46,3.46,101.0,3.4751,3
2024-07-25,3.43,3.43,3.43,3.43,0.0,3.43,0
2024-07-26,3.446,3.446,3.446,3.446,0.0,3.446,0
2024-07-29,3.412,3.412,3.412,3.412,0.0,3.412,0
2024-07-30,3.411,3.411,3.411,3.411,0.0,3.411,0
2024-07-31,3.378,3.378,3.378,3.378,0.0,3.378,0
2024-08-01,3.364,3.364,3.364,3.364,0.0,3.364,0
2024-08-02,3.319,3.319,3.319,3.319,0.0,3.319,0
2024-08-05,3.288,3.288,3.288,3.288,0.0,3.288,0
2024-08-06,3.284,3.284,3.284,3.284,0.0,3.284,0
2024-08-07,3.282,3.282,3.282,3.282,0.0,3.282,0
2024-08-08,3.323,3.323,3.323,3.323,0.0,3.323,0
2024-08-09,3.369,3.369,3.369,3.369,0.0,3.369,0
2024-08-12,3.366,3.366,3.366,3.366,0.0,3.366,0
2024-08-13,3.37,3.37,3.37,3.37,0.0,3.37,0
2024-08-14,3.338,3.338,3.338,3.338,0.0,3.338,0
2024-08-15,3.338,3.338,3.338,3.338,0.0,3.338,0
2024-08-16,3.336,3.336,3.336,3.336,0.0,3.336,0
2024-08-19,3.358,3.358,3.358,3.358,0.0,3.358,0
2024-08-20,3.377,3.377,3.377,3.377,0.0,3.377,0
2024-08-21,3.361,3.361,3.361,3.361,0.0,3.361,0
2024-08-22,3.407,3.407,3.407,3.407,0.0,3.407,0
2024-08-23,3.435,3.435,3.435,3.435,0.0,3.435,0
2024-08-26,3.468,3.468,3.468,3.468,0.0,3.468,0
2024-08-27,3.446,3.446,3.441,3.441,1.0,3.446,1
2024-08-28,3.408,3.408,3.408,3.408,0.0,3.408,0
2024-08-29,3.399,3.399,3.399,3.399,0.0,3.399,0
2024-08-30,3.391,3.391,3.391,3.391,0.0,3.391,0
2024-09-02,3.391,3.391,3.391,3.391,0.0,3.391,0
2024-09-03,3.413,3.413,3.413,3.413,0.0,3.413,0
2024-09-04,3.403,3.403,3.403,3.403,0.0,3.403,0
2024-09-05,3.364,3.364,3.364,3.364,0.0,3.364,0
2024-09-06,3.31,3.31,3.31,3.31,0.0,3.31,0
2024-09-09,3.324,3.324,3.324,3.324,0.0,3.324,0
2024-09-10,3.303,3.303,3.303,3.303,0.0,3.303,0
2024-09-11,3.304,3.304,3.304,3.304,0.0,3.304,0
2024-09-12,3.305,3.305,3.305,3.305,0.0,3.305,0
2024-09-13,3.273,3.273,3.273,3.273,0.0,3.273,0
2024-09-16,3.276,3.276,3.276,3.276,0.0,3.276,0
2024-09-17,3.241,3.241,3.241,3.241,0.0,3.241,0
2024-09-18,3.257,3.257,3.257,3.257,0.0,3.257,0
2024-09-19,3.252,3.252,3.252,3.252,0.0,3.252,0
2024-09-20,3.285,3.285,3.285,3.285,0.0,3.285,0
2024-09-23,3.276,3.276,3.276,3.276,0.0,3.276,0
2024-09-24,3.326,3.326,3.326,3.326,0.0,3.326,0
2024-09-25,3.354,3.354,3.354,3.354,0.0,3.354,0
2024-09-26,3.373,3.373,3.373,3.373,0.0,3.373,0
2024-09-27,3.39,3.39,3.39,3.39,0.0,3.39,0
2024-09-30,3.374,3.374,3.374,3.374,0.0,3.374,0
2024-10-01,3.365,3.365,3.365,3.365,0.0,3.365,0
2024-10-02,3.341,3.341,3.341,3.341,0.0,3.341,0
2024-10-03,3.381,3.381,3.381,3.381,0.0,3.381,0
2024-10-04,3.415,3.415,3.415,3.415,0.0,3.415,0
2024-10-07,3.423,3.423,3.423,3.423,0.0,3.423,0
2024-10-08,3.393,3.393,3.393,3.393,0.0,3.393,0
2024-10-09,3.373,3.373,3.373,3.373,0.0,3.373,0
2024-10-10,3.387,3.387,3.387,3.387,0.0,3.387,0
2024-10-11,3.365,3.365,3.365,3.365,0.0,3.365,0
2024-10-14,3.366,3.366,3.366,3.366,0.0,3.366,0
2024-10-15,3.421,3.421,3.421,3.421,0.0,3.421,0
2024-10-16,3.361,3.361,3.361,3.361,0.0,3.361,0
2024-10-17,3.406,3.406,3.406,3.406,0.0,3.406,0
2024-10-18,3.365,3.365,3.365,3.365,0.0,3.365,0
2024-10-21,3.385,3.385,3.385,3.385,0.0,3.385,0
2024-10-22,3.39,3.39,3.39,3.39,0.0,3.39,0
2024-10-23,3.386,3.386,3.386,3.386,0.0,3.386,0
2024-10-24,3.376,3.376,3.376,3.376,0.0,3.376,0
2024-10-25,3.388,3.388,3.388,3.388,0.0,3.388,0
2024-10-28,3.376,3.376,3.376,3.376,0.0,3.376,0
2024-10-29,3.415,3.415,3.415,3.415,0.0,3.415,0
2024-10-30,3.454,3.454,3.454,3.454,0.0,3.454,0
2024-10-31,3.401,3.401,3.401,3.401,0.0,3.401,0
2024-11-01,3.429,3.429,3.429,3.429,0.0,3.429,0
2024-11-04,3.457,3.457,3.457,3.457,0.0,3.457,0
2024-11-05,3.398,3.398,3.398,3.398,0.0,3.398,0
2024-11-06,3.412,3.423,3.412,3.423,11.0,3.412,1
2024-11-07,3.426,3.426,3.426,3.426,0.0,3.426,0
2024-11-08,3.415,3.415,3.366,3.366,1.0,3.415,1
2024-11-11,3.395,3.395,3.395,3.395,0.0,3.395,0
2024-11-12,3.412,3.412,3.412,3.412,0.0,3.412,0
2024-11-13,3.436,3.436,3.436,3.436,0.0,3.436,0
2024-11-14,3.41,3.41,3.41,3.41,0.0,3.41,0
2024-11-15,3.397,3.397,3.397,3.397,0.0,3.397,0
2024-11-18,3.345,3.383,3.345,3.383,1.0,3.345,1
2024-11-19,3.43,3.43,3.43,3.43,0.0,3.43,0
2024-11-20,3.518,3.518,3.518,3.518,0.0,3.518,0
2024-11-21,3.41,3.41,3.41,3.41,0.0,3.41,0
2024-11-22,3.394,3.394,3.394,3.394,0.0,3.394,0
2024-11-25,3.462,3.462,3.462,3.462,0.0,3.462,0
2024-11-26,3.414,3.414,3.414,3.414,0.0,3.414,0
2024-11-27,3.416,3.416,3.416,3.416,0.0,3.416,0
2024-11-28,3.416,3.416,3.416,3.416,0.0,3.416,0
2024-11-29,3.509,3.509,3.509,3.509,0.0,3.509,0
2024-12-02,3.43,3.43,3.43,3.43,0.0,3.43,0
2024-12-03,3.421,3.421,3.421,3.421,0.0,3.421,0
2024-12-04,3.46,3.46,3.46,3.46,0.0,3.46,0
2024-12-05,3.468,3.468,3.468,3.468,0.0,3.468,0
2024-12-06,3.476,3.476,3.476,3.476,0.0,3.476,0
2024-12-09,3.431,3.431,3.431,3.431,0.0,3.431,0
2024-12-10,3.445,3.445,3.445,3.445,0.0,3.445,0
2024-12-11,3.418,3.418,3.418,3.418,0.0,3.418,0
2024-12-12,3.424,3.424,3.424,3.424,0.0,3.424,0
2024-12-13,3.42,3.42,3.42,3.42,0.0,3.42,0
2024-12-16,3.439,3.439,3.439,3.439,0.0,3.439,0
2024-12-17,3.442,3.442,3.442,3.442,0.0,3.442,0
2024-12-18,3.416,3.416,3.416,3.416,0.0,3.416,0
2024-12-19,3.438,3.438,3.438,3.438,0.0,3.438,0
2024-12-20,3.428,3.428,3.428,3.428,0.0,3.428,0
2024-12-23,3.465,3.465,3.465,3.465,0.0,3.465,0
2024-12-24,3.503,3.503,3.503,3.503,0.0,3.503,0
2024-12-26,3.541,3.541,3.541,3.541,0.0,3.541,0
2024-12-27,3.511,3.511,3.511,3.511,0.0,3.511,0
2024-12-30,3.508,3.508,3.508,3.508,0.0,3.508,0
2024-12-31,3.485,3.485,3.485,3.485,0.0,3.485,0
2025-01-02,3.493,3.493,3.493,3.493,0.0,3.493,0
2025-01-03,3.448,3.448,3.448,3.448,0.0,3.448,0
2025-01-06,3.463,3.463,3.463,3.463,0.0,3.463,0
2025-01-07,3.402,3.402,3.402,3.402,0.0,3.402,0
2025-01-08,3.441,3.441,3.441,3.441,0.0,3.441,0
2025-01-09,3.456,3.456,3.456,3.456,0.0,3.456,0
2025-01-10,3.473,3.473,3.473,3.473,0.0,3.473,0
2025-01-13,3.467,3.467,3.467,3.467,0.0,3.467,0
2025-01-14,3.444,3.444,3.444,3.444,0.0,3.444,0
2025-01-15,3.47,3.47,3.452,3.452,50.0,3.47,2
2025-01-16,3.471,3.471,3.471,3.471,0.0,3.471,0
2025-01-17,3.443,3.443,3.443,3.443,0.0,3.443,0
2025-01-20,3.443,3.443,3.443,3.443,0.0,3.443,0
2025-01-21,3.43,3.43,3.43,3.43,0.0,3.43,0
2025-01-22,3.469,3.469,3.469,3.469,0.0,3.469,0
2025-01-23,3.576,3.576,3.576,3.576,0.0,3.576,0
2025-01-24,3.566,3.566,3.566,3.566,0.0,3.566,0
2025-01-27,3.502,3.502,3.502,3.502,0.0,3.502,0
2025-01-28,3.441,3.441,3.441,3.441,0.0,3.441,0
2025-01-29,3.485,3.485,3.485,3.485,0.0,3.485,0
2025-01-30,3.433,3.433,3.433,3.433,0.0,3.433,0
2025-01-31,3.396,3.396,3.396,3.396,0.0,3.396,0
2025-02-03,3.422,3.422,3.422,3.422,0.0,3.422,0
2025-02-04,3.417,3.417,3.417,3.417,0.0,3.417,0
2025-02-05,3.401,3.401,3.401,3.401,0.0,3.401,0
2025-02-06,3.398,3.398,3.398,3.398,0.0,3.398,0
2025-02-07,3.377,3.377,3.377,3.377,0.0,3.377,0
2025-02-10,3.389,3.389,3.389,3.389,0.0,3.389,0
2025-02-11,3.408,3.408,3.408,3.408,0.0,3.408,0
2025-02-12,3.432,3.432,3.432,3.432,0.0,3.432,0
2025-02-13,3.44,3.44,3.44,3.44,0.0,3.44,0
2025-02-14,3.438,3.438,3.438,3.438,0.0,3.438,0
2025-02-17,3.438,3.438,3.438,3.438,0.0,3.438,0
2025-02-18,3.423,3.423,3.423,3.423,0.0,3.423,0
2025-02-19,3.421,3.421,3.421,3.421,0.0,3.421,0
2025-02-20,3.333,3.333,3.333,3.333,0.0,3.333,0
2025-02-21,3.335,3.335,3.335,3.335,0.0,3.335,0
2025-02-24,3.33,3.33,3.33,3.33,0.0,3.33,0
2025-02-25,3.345,3.345,3.303,3.303,1.0,3.345,1
2025-02-26,3.267,3.267,3.267,3.267,0.0,3.267,0
2025-02-27,3.349,3.349,3.349,3.349,0.0,3.349,0
2025-02-28,3.384,3.384,3.384,3.384,0.0,3.384,0
2025-03-03,3.401,3.401,3.401,3.401,0.0,3.401,0
2025-03-04,3.403,3.403,3.403,3.403,0.0,3.403,0
2025-03-05,3.44,3.44,3.44,3.44,0.0,3.44,0
2025-03-06,3.399,3.399,3.399,3.399,0.0,3.399,0
2025-03-07,3.418,3.418,3.418,3.418,0.0,3.418,0
2025-03-10,3.391,3.391,3.391,3.391,0.0,3.391,0
2025-03-11,3.377,3.377,3.377,3.377,0.0,3.377,0
2025-03-12,3.366,3.366,3.366,3.366,0.0,3.366,0
2025-03-13,3.389,3.389,3.389,3.389,0.0,3.389,0
2025-03-14,3.366,3.366,3.366,3.366,0.0,3.366,0
2025-03-17,3.359,3.359,3.359,3.359,0.0,3.359,0
2025-03-18,3.364,3.364,3.364,3.364,0.0,3.364,0
2025-03-19,3.362,3.362,3.362,3.362,0.0,3.362,0
2025-03-20,3.37,3.37,3.37,3.37,0.0,3.37,0
2025-03-21,3.37,3.37,3.37,3.37,0.0,3.37,0
2025-03-24,3.385,3.385,3.385,3.385,0.0,3.385,0
2025-03-25,3.363,3.363,3.363,3.363,0.0,3.363,0
2025-03-26,3.348,3.348,3.348,3.348,0.0,3.348,0
2025-03-27,3.342,3.342,3.342,3.342,0.0,3.342,0
2025-03-28,3.352,3.352,3.33,3.33,1.0,3.352,1
2025-03-31,3.341,3.341,3.341,3.341,0.0,3.341,0
2025-04-01,3.33,3.335,3.33,3.335,1.0,3.33,1
2025-04-02,3.358,3.358,3.358,3.358,0.0,3.358,0
2025-04-03,3.397,3.397,3.397,3.397,0.0,3.397,0
2025-04-04,3.37,3.37,3.34,3.369,2.0,3.355,2
2025-04-07,3.307,3.307,3.307,3.307,0.0,3.307,0
2025-04-08,3.297,3.297,3.297,3.297,0.0,3.297,0
2025-04-09,3.26,3.312,3.26,3.312,4.0,3.26,1
2025-04-10,3.284,3.284,3.284,3.284,0.0,3.284,0
2025-04-11,3.332,3.332,3.332,3.332,0.0,3.332,0
2025-04-14,3.408,3.408,3.408,3.408,0.0,3.408,0
2025-04-15,3.435,3.435,3.392,3.392,1.0,3.435,1
2025-04-16,3.387,3.387,3.387,3.387,0.0,3.387,0
2025-04-17,3.405,3.405,3.405,3.405,0.0,3.405,0
2025-04-21,3.361,3.361,3.361,3.361,0.0,3.361,0
2025-04-22,3.359,3.359,3.359,3.359,0.0,3.359,0
2025-04-23,3.366,3.366,3.366,3.366,0.0,3.366,0
2025-04-24,3.381,3.381,3.381,3.381,0.0,3.381,0
2025-04-25,3.352,3.352,3.352,3.352,0.0,3.352,0
2025-04-28,3.373,3.373,3.373,3.373,0.0,3.373,0
2025-04-29,3.385,3.385,3.385,3.385,0.0,3.385,0
2025-04-30,3.397,3.397,3.397,3.397,0.0,3.397,0
2025-05-01,3.388,3.388,3.388,3.388,0.0,3.388,0
2025-05-02,3.404,3.404,3.404,3.404,0.0,3.404,0
2025-05-05,3.415,3.415,3.415,3.415,0.0,3.415,0
2025-05-06,3.414,3.414,3.414,3.414,0.0,3.414,0
2025-05-07,3.445,3.445,3.445,3.445,0.0,3.445,0
2025-05-08,3.463,3.463,3.463,3.463,0.0,3.463,0
2025-05-09,3.488,3.488,3.488,3.488,0.0,3.488,0
2025-05-12,3.486,3.486,3.486,3.486,0.0,3.486,0
2025-05-13,3.527,3.527,3.527,3.527,0.0,3.527,0
2025-05-14,3.563,3.563,3.563,3.563,0.0,3.563,0
2025-05-15,3.547,3.547,3.547,3.547,0.0,3.547,0
2025-05-16,3.565,3.565,3.565,3.565,0.0,3.565,0
2025-05-19,3.498,3.498,3.498,3.498,0.0,3.498,0
2025-05-20,3.532,3.532,3.532,3.532,0.0,3.532,0
2025-05-21,3.547,3.547,3.516,3.516,1.0,3.547,1
2025-05-22,3.528,3.528,3.528,3.528,0.0,3.528,0
2025-05-23,3.565,3.565,3.565,3.565,0.0,3.565,0
2025-05-27,3.594,3.594,3.583,3.583,40.0,3.594,5
2025-05-28,3.563,3.563,3.563,3.563,0.0,3.563,0
2025-05-29,3.556,3.556,3.556,3.556,0.0,3.556,0
2025-05-30,3.561,3.561,3.561,3.561,0.0,3.561,0
2025-06-02,3.59,3.59,3.557,3.557,2.0,3.59,1
2025-06-03,3.561,3.561,3.561,3.561,0.0,3.561,0
2025-06-04,3.573,3.573,3.573,3.573,0.0,3.573,0
2025-06-05,3.56,3.56,3.56,3.56,0.0,3.56,0
2025-06-06,3.56,3.575,3.56,3.575,1.0,3.56,1
2025-06-09,3.555,3.555,3.555,3.555,0.0,3.555,0
2025-06-10,3.555,3.555,3.53,3.53,1.0,3.555,1
2025-06-11,3.541,3.541,3.541,3.541,0.0,3.541,0
2025-06-12,3.52,3.52,3.52,3.52,0.0,3.52,0
2025-06-13,3.577,3.577,3.577,3.577,0.0,3.577,0
2025-06-16,3.579,3.579,3.579,3.579,0.0,3.579,0
2025-06-17,3.59,3.59,3.59,3.59,0.0,3.59,0
2025-06-18,3.605,3.605,3.605,3.605,0.0,3.605,0
2025-06-20,3.611,3.611,3.611,3.611,0.0,3.611,0
2025-06-23,3.6,3.6,3.578,3.578,1.0,3.6,1
2025-06-24,3.575,3.575,3.575,3.575,0.0,3.575,0
2025-06-25,3.569,3.569,3.569,3.569,0.0,3.569,0
2025-06-26,3.572,3.572,3.572,3.572,0.0,3.572,0
2025-06-27,3.594,3.594,3.594,3.594,0.0,3.594,0
2025-06-30,3.568,3.568,3.568,3.568,0.0,3.568,0
2025-07-01,3.577,3.577,3.577,3.577,0.0,3.577,0
2025-07-02,3.609,3.609,3.609,3.609,0.0,3.609,0
2025-07-03,3.603,3.603,3.603,3.603,0.0,3.603,0
2025-07-07,3.635,3.635,3.635,3.635,0.0,3.635,0
2025-07-08,3.606,3.606,3.606,3.606,0.0,3.606,0
2025-07-09,3.603,3.603,3.603,3.603,0.0,3.603,0
2025-07-10,3.617,3.617,3.617,3.617,0.0,3.617,0
2025-07-11,3.64,3.641,3.64,3.641,3.0,3.64,1
2025-07-14,3.649,3.649,3.649,3.649,0.0,3.649,0
2025-07-15,3.661,3.661,3.661,3.661,0.0,3.661,0
2025-07-16,3.658,3.658,3.658,3.658,0.0,3.658,0
2025-07-17,3.658,3.661,3.658,3.661,1.0,3.658,1
2025-07-18,3.665,3.665,3.654,3.654,5.0,3.665,3
2025-07-21,3.629,3.643,3.629,3.643,2.0,3.629,2
2025-07-22,3.627,3.664,3.627,3.664,5.0,3.6332,5
2025-07-23,3.603,3.628,3.603,3.628,5.0,3.603,1
2025-07-24,3.635,3.635,3.635,3.635,0.0,3.635,0
2025-07-25,3.579,3.579,3.579,3.579,0.0,3.579,0
2025-07-28,3.536,3.536,3.521,3.521,2.0,3.534,2
2025-07-29,3.539,3.546,3.539,3.546,11.0,3.539,1
2025-07-30,3.507,3.519,3.472,3.519,19.0,3.495,18
2025-07-31,3.515,3.551,3.515,3.551,9.0,3.5277,9
2025-08-01,3.543,3.543,3.543,3.543,0.0,3.543,0
2025-08-04,3.536,3.54,3.535,3.54,2.0,3.5355,2
2025-08-05,3.532,3.537,3.532,3.537,1.0,3.532,1
2025-08-06,3.56,3.56,3.56,3.56,0.0,3.56,0
2025-08-07,3.558,3.558,3.558,3.558,0.0,3.558,0
2025-08-08,3.511,3.524,3.511,3.524,1.0,3.511,1
2025-08-11,3.537,3.549,3.537,3.543,8.0,3.5424,8
2025-08-12,3.543,3.543,3.519,3.519,2.0,3.537,2
2025-08-13,3.5,3.513,3.5,3.513,2.0,3.503,2
2025-08-14,3.498,3.498,3.498,3.498,0.0,3.498,0
2025-08-15,3.541,3.541,3.517,3.517,1.0,3.541,1
2025-08-18,3.538,3.567,3.538,3.567,3.0,3.5407,3
2025-08-19,3.57,3.57,3.561,3.561,4.0,3.5682,4
2025-08-20,3.561,3.568,3.561,3.568,1.0,3.561,1
2025-08-21,3.595,3.595,3.595,3.595,0.0,3.595,0
2025-08-22,3.58,3.606,3.58,3.606,12.0,3.5867,5
2025-08-25,3.597,3.597,3.569,3.59,4.0,3.5773,4
2025-08-26,3.588,3.588,3.588,3.588,0.0,3.588,0
2025-08-27,3.585,3.585,3.584,3.584,2.0,3.585,2
2025-08-28,3.575,3.575,3.575,3.575,0.0,3.575,0
2025-08-29,3.586,3.586,3.586,3.586,0.0,3.586,0
2025-09-02,3.585,3.598,3.584,3.584,2.0,3.5915,2
2025-09-03,3.574,3.574,3.571,3.571,1.0,3.574,1
2025-09-04,3.571,3.571,3.571,3.571,0.0,3.571,0
2025-09-05,3.538,3.538,3.496,3.531,11.0,3.5126,11
2025-09-08,3.522,3.522,3.522,3.522,0.0,3.522,0
2025-09-09,3.531,3.531,3.531,3.531,0.0,3.531,0
2025-09-10,3.527,3.527,3.524,3.524,1.0,3.527,1
2025-09-11,3.523,3.523,3.523,3.523,0.0,3.523,0
2025-09-12,3.513,3.513,3.513,3.513,0.0,3.513,0
2025-09-15,3.516,3.543,3.516,3.543,5.0,3.5188,5
2025-09-16,3.556,3.56,3.553,3.56,5.0,3.5544,5
2025-09-17,3.561,3.561,3.556,3.559,3.0,3.559,3
2025-09-18,3.558,3.558,3.558,3.558,0.0,3.558,0
2025-09-19,3.577,3.577,3.577,3.577,0.0,3.577,0
2025-09-22,3.578,3.578,3.578,3.578,0.0,3.578,0
2025-09-23,3.599,3.599,3.599,3.599,0.0,3.599,0
2025-09-24,3.61,3.61,3.61,3.61,0.0,3.61,0
2025-09-25,3.594,3.594,3.594,3.594,0.0,3.594,0
2025-09-26,3.578,3.578,3.578,3.578,0.0,3.578,0
2025-09-29,3.606,3.61,3.606,3.61,1.0,3.606,1
2025-09-30,3.606,3.606,3.606,3.606,0.0,3.606,0
2025-10-01,3.61,3.624,3.607,3.624,11.0,3.6182,11
2025-10-02,3.633,3.658,3.602,3.608,16.0,3.6298,13
2025-10-03,3.618,3.618,3.605,3.605,1.0,3.618,1
2025-10-06,3.612,3.612,3.612,3.612,0.0,3.612,0
2025-10-07,3.635,3.635,3.635,3.635,0.0,3.635,0
2025-10-08,3.627,3.627,3.627,3.627,0.0,3.627,0
2025-10-09,3.622,3.622,3.622,3.622,0.0,3.622,0
2025-10-10,3.607,3.612,3.607,3.612,2.0,3.6075,2
2025-10-13,3.604,3.604,3.604,3.604,0.0,3.604,0
2025-10-14,3.586,3.586,3.586,3.586,0.0,3.586,0
2025-10-15,3.595,3.608,3.591,3.608,2.0,3.593,2
2025-10-16,3.6,3.6,3.587,3.587,5.0,3.6,4
2025-10-17,3.58,3.592,3.58,3.592,3.0,3.5847,3
2025-10-20,3.622,3.622,3.602,3.602,4.0,3.6103,4
2025-10-21,3.614,3.614,3.614,3.614,0.0,3.614,0
2025-10-22,3.613,3.613,3.595,3.595,2.0,3.613,2
2025-10-23,3.573,3.581,3.573,3.581,2.0,3.573,2
2025-10-24,3.593,3.598,3.588,3.598,6.0,3.5945,6
2025-10-27,3.598,3.605,3.598,3.605,1.0,3.598,1
2025-10-28,3.594,3.606,3.594,3.606,12.0,3.5994,12
2025-10-29,3.593,3.607,3.593,3.607,3.0,3.602,3
2025-10-30,3.63,3.63,3.621,3.621,1.0,3.63,1
2025-10-31,3.65,3.657,3.65,3.657,9.0,3.65,2
2025-11-03,3.66,3.66,3.644,3.645,7.0,3.6507,7
2025-11-04,3.65,3.65,3.637,3.639,3.0,3.6427,3
2025-11-05,3.621,3.625,3.601,3.601,2.0,3.623,2
2025-11-06,3.609,3.609,3.609,3.609,0.0,3.609,0
2025-11-07,3.605,3.617,3.605,3.617,1.0,3.605,1
2025-11-10,3.58,3.58,3.58,3.58,0.0,3.58,0
2025-11-11,3.607,3.607,3.607,3.607,0.0,3.607,0
2025-11-12,3.604,3.604,3.604,3.604,0.0,3.604,0
2025-11-13,3.624,3.626,3.624,3.626,1.0,3.624,1
2025-11-14,3.625,3.625,3.599,3.599,2.0,3.625,1
2025-11-17,3.62,3.62,3.607,3.607,5.0,3.62,1
2025-11-18,3.614,3.614,3.614,3.614,0.0,3.614,0
2025-11-19,3.596,3.603,3.596,3.603,1.0,3.596,1
2025-11-20,3.605,3.605,3.595,3.595,3.0,3.602,2
2025-11-21,3.581,3.581,3.581,3.581,0.0,3.581,0
2025-11-24,3.568,3.568,3.568,3.568,0.0,3.568,0
2025-11-25,3.558,3.564,3.558,3.564,1.0,3.558,1
2025-11-26,3.56,3.56,3.558,3.558,10.0,3.56,2
2025-11-28,3.59,3.59,3.59,3.59,0.0,3.59,0
2025-12-01,3.573,3.573,3.573,3.573,0.0,3.573,0
2025-12-02,3.58,3.58,3.577,3.577,2.0,3.58,2
2025-12-03,3.585,3.585,3.579,3.579,1.0,3.585,1
2025-12-04,3.596,3.596,3.586,3.586,9.0,3.596,9
2025-12-05,3.596,3.596,3.576,3.576,5.0,3.5822,5
2025-12-08,3.569,3.577,3.567,3.567,4.0,3.572,4
2025-12-09,3.53,3.561,3.485,3.561,24.0,3.5133,24
2025-12-10,3.545,3.547,3.535,3.535,8.0,3.5441,8
2025-12-11,3.51,3.52,3.51,3.52,3.0,3.5147,3
2025-12-12,3.52,3.52,3.49,3.503,51.0,3.4918,4
2025-12-15,3.486,3.486,3.486,3.486,0.0,3.486,0
2025-12-16,3.481,3.484,3.48,3.484,4.0,3.4805,4
2025-12-17,3.497,3.497,3.497,3.497,0.0,3.497,0
2025-12-18,3.481,3.481,3.471,3.471,1.0,3.481,1
2025-12-19,3.456,3.475,3.45,3.475,55.0,3.4579,16
2025-12-22,3.471,3.481,3.449,3.449,3.0,3.4757,3
2025-12-23,3.46,3.478,3.46,3.478,13.0,3.46,13
2025-12-24,3.473,3.473,3.473,3.473,0.0,3.473,0
2025-12-26,3.49,3.49,3.49,3.49,0.0,3.49,0
2025-12-29,3.494,3.494,3.494,3.494,0.0,3.494,0
2025-12-30,3.495,3.495,3.495,3.495,0.0,3.495,0
2025-12-31,3.485,3.485,3.485,3.485,0.0,3.485,0
2026-01-02,3.462,3.462,3.462,3.462,0.0,3.462,0
2026-01-05,3.455,3.46,3.455,3.46,1.0,3.455,1
2026-01-06,3.45,3.45,3.434,3.439,21.0,3.4348,8
2026-01-07,3.449,3.449,3.447,3.448,12.0,3.4479,12
2026-01-08,3.442,3.442,3.442,3.442,0.0,3.442,0
2026-01-09,3.414,3.414,3.37,3.385,8.0,3.3931,8
2026-01-12,3.409,3.421,3.409,3.421,6.0,3.4137,6
2026-01-13,3.423,3.423,3.409,3.409,1.0,3.423,1
2026-01-14,3.379,3.379,3.378,3.378,6.0,3.379,6
2026-01-15,3.377,3.428,3.377,3.419,5.0,3.4044,5
2026-01-16,3.435,3.439,3.434,3.439,50.0,3.4345,2
2026-01-20,3.469,3.503,3.46,3.503,9.0,3.4718,9
2026-01-21,3.514,3.514,3.477,3.494,5.0,3.5028,5
2026-01-22,3.489,3.489,3.489,3.489,0.0,3.489,0
2026-01-23,3.441,3.441,3.441,3.441,0.0,3.441,0
2026-01-26,3.406,3.406,3.403,3.403,1.0,3.406,1
2026-01-27,3.382,3.382,3.382,3.382,0.0,3.382,0
2026-01-28,3.401,3.401,3.401,3.401,0.0,3.401,0
2026-01-29,3.439,3.439,3.439,3.439,0.0,3.439,0
2026-01-30,3.444,3.444,3.444,3.444,0.0,3.444,0
2026-02-02,3.415,3.415,3.404,3.404,1.0,3.415,1
2026-02-03,3.401,3.401,3.401,3.401,0.0,3.401,0
2026-02-04,3.408,3.408,3.408,3.408,0.0,3.408,0
2026-02-05,3.415,3.415,3.396,3.396,1.0,3.415,1
2026-02-06,3.385,3.385,3.376,3.38,2.0,3.3805,2
2026-02-09,3.38,3.382,3.38,3.382,1.0,3.38,1
2026-02-10,3.381,3.381,3.378,3.378,9.0,3.3796,6
2026-02-11,3.386,3.386,3.384,3.384,14.0,3.386,14
2026-02-12,3.376,3.376,3.376,3.376,0.0,3.376,0
2026-02-13,3.402,3.405,3.395,3.405,9.0,3.4001,9
2026-02-17,3.4,3.4,3.368,3.368,2.0,3.4,2
2026-02-18,3.389,3.389,3.389,3.389,0.0,3.389,0
2026-02-19,3.419,3.419,3.395,3.407,4.0,3.407,2
2026-02-20,3.431,3.431,3.431,3.431,0.0,3.431,0
2026-02-23,3.42,3.42,3.42,3.42,0.0,3.42,0
2026-02-24,3.413,3.413,3.413,3.413,0.0,3.413,0
2026-02-25,3.429,3.429,3.429,3.429,0.0,3.429,0
2026-02-26,3.434,3.434,3.434,3.434,0.0,3.434,0
2026-02-27,3.45,3.45,3.427,3.427,1.0,3.45,1
2026-03-02,3.436,3.436,3.436,3.436,0.0,3.436,0
2026-03-03,3.414,3.414,3.414,3.414,0.0,3.414,0
2026-03-04,3.41,3.414,3.41,3.414,3.0,3.41,1
2026-03-05,3.429,3.429,3.429,3.429,0.0,3.429,0
2026-03-06,3.465,3.47,3.459,3.459,8.0,3.4626,5
2026-03-09,3.465,3.465,3.465,3.465,0.0,3.465,0
2026-03-10,3.45,3.45,3.45,3.45,0.0,3.45,0
2026-03-11,3.47,3.47,3.464,3.464,1.0,3.47,1
2026-03-12,3.475,3.479,3.475,3.479,1.0,3.475,1
2026-03-13,3.504,3.504,3.504,3.504,0.0,3.504,0
2026-03-16,3.487,3.487,3.487,3.487,0.0,3.487,0
2026-03-17,3.501,3.501,3.501,3.501,0.0,3.501,0
2026-03-18,3.516,3.516,3.516,3.516,0.0,3.516,0
2026-03-19,3.561,3.565,3.526,3.526,5.0,3.5624,5
2026-03-20,3.565,3.605,3.544,3.559,12.0,3.5683,10
2026-03-23,3.547,3.553,3.547,3.553,1.0,3.547,1
2026-03-24,3.531,3.55,3.531,3.55,2.0,3.531,2
2026-03-25,3.554,3.554,3.542,3.542,1.0,3.554,1
2026-03-26,3.569,3.569,3.565,3.565,5.0,3.5674,5
2026-03-27,3.564,3.591,3.563,3.591,2.0,3.5635,2
2026-03-30,3.569,3.57,3.569,3.57,2.0,3.5695,2
2026-03-31,3.522,3.522,3.522,3.522,0.0,3.522,0
2026-04-01,3.506,3.508,3.473,3.473,4.0,3.5035,4
2026-04-02,3.48,3.48,3.48,3.48,0.0,3.48,0
2026-04-06,3.485,3.51,3.485,3.503,3.0,3.495,3
2026-04-07,3.556,3.556,3.55,3.556,8.0,3.552,5
2026-04-08,3.5,3.5,3.479,3.486,3.0,3.493,3
2026-04-09,3.498,3.498,3.48,3.48,1.0,3.498,1
2026-04-10,3.489,3.492,3.476,3.484,222.0,3.4873,39
2026-04-13,3.515,3.516,3.489,3.489,8.0,3.5015,8
2026-04-14,3.48,3.48,3.48,3.48,0.0,3.48,0
2026-04-15,3.48,3.515,3.48,3.515,12.0,3.5021,12
2026-04-16,3.529,3.529,3.529,3.529,0.0,3.529,0
2026-04-17,3.529,3.535,3.515,3.535,8.0,3.5246,7
2026-04-20,3.535,3.535,3.535,3.535,0.0,3.535,0
2026-04-21,3.531,3.531,3.525,3.529,4.0,3.5288,4
2026-04-22,3.533,3.536,3.533,3.536,1.0,3.533,1
2026-04-23,3.52,3.526,3.52,3.526,7.0,3.5203,3
2026-04-24,3.525,3.525,3.497,3.505,18.0,3.5124,15
2026-04-27,3.517,3.525,3.505,3.512,23.0,3.5146,22
2026-04-28,3.504,3.504,3.504,3.504,0.0,3.504,0
2026-04-29,3.522,3.524,3.522,3.524,2.0,3.523,2
2026-04-30,3.534,3.534,3.534,3.534,0.0,3.534,0
2026-05-01,3.533,3.534,3.525,3.531,5.0,3.5298,5
2026-05-04,3.531,3.545,3.519,3.54,10.0,3.5338,10
2026-05-05,3.519,3.525,3.519,3.525,5.0,3.5226,5
2026-05-06,3.51,3.51,3.484,3.492,7.0,3.493,7
2026-05-07,3.494,3.494,3.494,3.494,0.0,3.494,0
2026-05-08,3.502,3.502,3.502,3.502,0.0,3.502,0
2026-05-11,3.524,3.528,3.519,3.519,3.0,3.5267,3
2026-05-12,3.514,3.518,3.501,3.501,3.0,3.5123,3
2026-05-13,3.495,3.499,3.495,3.499,1.0,3.495,1
2026-05-14,3.505,3.511,3.496,3.496,2.0,3.508,2
2026-05-15,3.498,3.498,3.498,3.498,0.0,3.498,0
2026-05-18,3.512,3.516,3.512,3.516,2.0,3.5125,2
2026-05-19,3.52,3.52,3.513,3.518,7.0,3.5154,7
2026-05-20,3.496,3.497,3.496,3.497,1.0,3.496,1
2026-05-21,3.496,3.496,3.496,3.496,0.0,3.496,0
2026-05-22,3.496,3.496,3.487,3.493,14.0,3.4883,14
2026-05-26,3.49,3.492,3.468,3.477,37.0,3.4764,22
2026-05-27,3.477,3.479,3.474,3.478,9.0,3.4772,9
2026-05-28,3.491,3.504,3.491,3.503,6.0,3.4973,4
2026-05-29,3.488,3.488,3.488,3.488,0.0,3.488,0
2026-06-01,3.47,3.508,3.47,3.508,4.0,3.494,4
2026-06-02,3.497,3.497,3.497,3.497,0.0,3.497,0
2026-06-03,3.506,3.506,3.506,3.506,0.0,3.506,0
2026-06-04,3.515,3.521,3.515,3.518,6.0,3.518,6
2026-06-05,3.515,3.519,3.502,3.517,18.0,3.5137,18
2026-06-08,3.522,3.523,3.514,3.523,7.0,3.5176,7
2026-06-09,3.52,3.521,3.516,3.516,8.0,3.5189,8
2026-06-10,3.512,3.523,3.509,3.519,16.0,3.5188,16
2026-06-11,3.517,3.52,3.513,3.517,4.0,3.517,4
2026-06-12,3.52,3.524,3.512,3.512,2.0,3.522,2
2026-06-15,3.502,3.508,3.502,3.508,10.0,3.502,1
2026-06-16,3.519,3.519,3.504,3.504,1.0,3.519,1
2026-06-17,3.505,3.509,3.505,3.509,5.0,3.505,1
2026-06-18,3.512,3.512,3.488,3.488,2.0,3.5115,2
2026-06-22,3.507,3.512,3.495,3.497,10.0,3.5052,8
2026-06-23,3.489,3.489,3.488,3.488,3.0,3.4887,3
2026-06-24,3.508,3.513,3.5,3.504,9.0,3.5073,9
2026-06-25,3.489,3.49,3.484,3.487,5.0,3.4884,4
2026-06-26,3.476,3.476,3.476,3.476,0.0,3.476,0
2026-06-29,3.47,3.474,3.466,3.474,16.0,3.4671,6
2026-06-30,3.474,3.474,3.456,3.463,27.0,3.4643,6
2026-07-01,3.46,3.46,3.426,3.433,10.0,3.4391,10
2026-07-02,3.422,3.424,3.422,3.424,1.0,3.422,1
2026-07-06,3.415,3.423,3.41,3.423,18.0,3.4154,14
2026-07-07,3.434,3.434,3.434,3.434,0.0,3.434,0
2026-07-08,3.453,3.454,3.443,3.443,8.0,3.4484,7
2026-07-09,3.433,3.433,3.419,3.419,3.0,3.4267,3
2026-07-10,3.412,3.413,3.408,3.41,6.0,3.4118,6
2026-07-13,3.415,3.421,3.415,3.421,27.0,3.4169,26
2026-07-14,3.42,3.425,3.416,3.418,28.0,3.4179,28
2026-07-15,3.431,3.434,3.431,3.431,4.0,3.4327,3
2026-07-16,3.403,3.409,3.402,3.404,4.0,3.4055,4
2026-07-17,3.414,3.429,3.412,3.429,7.0,3.4186,7
2026-07-20,3.414,3.417,3.414,3.417,1.0,3.414,1
2026-07-21,3.426,3.431,3.416,3.425,17.0,3.4238,14
2026-07-22,3.445,3.475,3.445,3.463,18.0,3.4547,18
2026-07-23,3.482,3.486,3.471,3.475,5.0,3.4766,5
2026-07-24,3.491,3.492,3.474,3.474,2.0,3.4915,2
2026-07-27,3.432,3.47,3.432,3.47,4.0,3.454,4
2026-07-28,3.459,3.459,3.453,3.459,4.0,3.4567,4
2026-07-29,3.469,3.485,3.469,3.478,8.0,3.4788,6
2026-07-30,3.468,3.468,3.467,3.467,1.0,3.468,1
2026-07-31,3.476,3.479,3.472,3.472,2.0,3.4775,2
2026-08-03,3.49,3.497,3.488,3.497,197.0,3.4901,64
2026-08-04,3.499,3.52,3.482,3.491,12.0,3.496,11
2026-08-05,3.476,3.482,3.474,3.482,4.0,3.4785,3
2026-08-06,3.466,3.466,3.453,3.456,14.0,3.4576,5
2026-08-07,3.46,3.481,3.46,3.48,10.0,3.4659,5
2026-08-10,3.495,3.495,3.482,3.484,11.0,3.4933,6
2026-08-11,3.486,3.505,3.475,3.48,40.0,3.4866,26
2026-08-12,3.489,3.496,3.479,3.482,20.0,3.4916,10
2026-08-13,3.479,3.489,3.462,3.489,40.0,3.4749,25
2026-08-14,3.492,3.516,3.488,3.493,85.0,3.4948,48
