date,open,high,low,close,volume,average,barCount
2017-03-14,2.913,2.913,2.913,2.913,0.0,2.913,0
2017-03-15,2.933,2.933,2.933,2.933,0.0,2.933,0
2017-03-16,2.954,2.954,2.954,2.954,0.0,2.954,0
2017-03-17,2.959,2.959,2.959,2.959,0.0,2.959,0
2017-03-20,2.962,2.962,2.962,2.962,0.0,2.962,0
2017-03-21,2.975,2.975,2.975,2.975,0.0,2.975,0
2017-03-22,2.977,2.977,2.977,2.977,0.0,2.977,0
2017-03-23,2.972,2.972,2.972,2.972,0.0,2.972,0
2017-03-24,2.94,2.94,2.94,2.94,0.0,2.94,0
2017-03-27,2.93,2.93,2.93,2.93,0.0,2.93,0
2017-03-28,2.921,2.921,2.921,2.921,0.0,2.921,0
2017-03-29,2.929,2.929,2.929,2.929,0.0,2.929,0
2017-03-30,2.932,2.932,2.932,2.932,0.0,2.932,0
2017-03-31,2.933,2.933,2.933,2.933,0.0,2.933,0
2017-04-03,2.94,2.94,2.94,2.94,0.0,2.94,0
2017-04-04,2.953,2.953,2.953,2.953,0.0,2.953,0
2017-04-05,2.972,2.972,2.972,2.972,0.0,2.972,0
2017-04-06,2.957,2.957,2.957,2.957,0.0,2.957,0
2017-04-07,2.971,2.971,2.971,2.971,0.0,2.971,0
2017-04-10,2.98,2.98,2.98,2.98,0.0,2.98,0
2017-04-11,3.011,3.011,3.011,3.011,0.0,3.011,0
2017-04-12,3.012,3.012,3.012,3.012,0.0,3.012,0
2017-04-13,3.03,3.03,3.03,3.03,0.0,3.03,0
2017-04-17,3.019,3.019,3.019,3.019,0.0,3.019,0
2017-04-18,3.049,3.049,3.049,3.049,0.0,3.049,0
2017-04-19,3.06,3.06,3.06,3.06,0.0,3.06,0
2017-04-20,3.094,3.094,3.094,3.094,0.0,3.094,0
2017-04-21,3.095,3.095,3.095,3.095,0.0,3.095,0
2017-04-24,3.054,3.054,3.054,3.054,0.0,3.054,0
2017-04-25,3.054,3.054,3.054,3.054,0.0,3.054,0
2017-04-26,3.045,3.045,3.045,3.045,0.0,3.045,0
2017-04-27,3.036,3.036,3.036,3.036,0.0,3.036,0
2017-04-28,3.052,3.052,3.052,3.052,0.0,3.052,0
2017-05-01,3.027,3.027,3.027,3.027,0.0,3.027,0
2017-05-02,3.028,3.028,3.028,3.028,0.0,3.028,0
2017-05-03,3.047,3.047,3.047,3.047,0.0,3.047,0
2017-05-04,3.09,3.09,3.09,3.09,0.0,3.09,0
2017-05-05,3.09,3.09,3.09,3.09,0.0,3.09,0
2017-05-08,3.081,3.081,3.081,3.081,0.0,3.081,0
2017-05-09,3.084,3.084,3.084,3.084,0.0,3.084,0
2017-05-10,3.085,3.085,3.085,3.085,0.0,3.085,0
2017-05-11,3.119,3.119,3.119,3.119,0.0,3.119,0
2017-05-12,3.123,3.123,3.123,3.123,0.0,3.123,0
2017-05-15,3.118,3.118,3.118,3.118,0.0,3.118,0
2017-05-16,3.135,3.135,3.135,3.135,0.0,3.135,0
2017-05-17,3.131,3.131,3.131,3.131,0.0,3.131,0
2017-05-18,3.118,3.118,3.118,3.118,0.0,3.118,0
2017-05-19,3.108,3.108,3.108,3.108,0.0,3.108,0
2017-05-22,3.11,3.11,3.11,3.11,0.0,3.11,0
2017-05-23,3.179,3.179,3.179,3.179,0.0,3.179,0
2017-05-24,3.181,3.181,3.181,3.181,0.0,3.181,0
2017-05-25,3.164,3.164,3.164,3.164,0.0,3.164,0
2017-05-26,3.149,3.149,3.149,3.149,0.0,3.149,0
2017-05-30,3.122,3.122,3.122,3.122,0.0,3.122,0
2017-05-31,3.118,3.118,3.118,3.118,0.0,3.118,0
2017-06-01,3.12,3.12,3.12,3.12,0.0,3.12,0
2017-06-02,3.11,3.11,3.11,3.11,0.0,3.11,0
2017-06-05,3.08,3.08,3.08,3.08,0.0,3.08,0
2017-06-06,3.022,3.022,3.022,3.022,0.0,3.022,0
2017-06-07,3.033,3.033,3.033,3.033,0.0,3.033,0
2017-06-08,3.051,3.051,3.051,3.051,0.0,3.051,0
2017-06-09,3.048,3.048,3.048,3.048,0.0,3.048,0
2017-06-12,3.05,3.05,3.05,3.05,0.0,3.05,0
2017-06-13,3.05,3.05,3.05,3.05,0.0,3.05,0
2017-06-14,3.039,3.039,3.039,3.039,0.0,3.039,0
2017-06-15,3.067,3.067,3.067,3.067,0.0,3.067,0
2017-06-16,3.056,3.056,3.056,3.056,0.0,3.056,0
2017-06-19,3.079,3.079,3.079,3.079,0.0,3.079,0
2017-06-20,3.117,3.117,3.117,3.117,0.0,3.117,0
2017-06-21,3.133,3.133,3.133,3.133,0.0,3.133,0
2017-06-22,3.127,3.127,3.127,3.127,0.0,3.127,0
2017-06-23,3.124,3.124,3.124,3.124,0.0,3.124,0
2017-06-26,3.099,3.099,3.099,3.099,0.0,3.099,0
2017-06-27,3.099,3.099,3.099,3.099,0.0,3.099,0
2017-06-28,3.089,3.089,3.089,3.089,0.0,3.089,0
2017-06-29,3.089,3.089,3.089,3.089,0.0,3.089,0
2017-06-30,3.102,3.102,3.102,3.102,0.0,3.102,0
2017-07-03,3.103,3.103,3.103,3.103,0.0,3.103,0
2017-07-05,3.08,3.08,3.08,3.08,0.0,3.08,0
2017-07-06,3.039,3.039,3.039,3.039,0.0,3.039,0
2017-07-07,3.034,3.034,3.034,3.034,0.0,3.034,0
2017-07-10,3.021,3.021,3.021,3.021,0.0,3.021,0
2017-07-11,3.018,3.018,3.018,3.018,0.0,3.018,0
2017-07-12,3.004,3.004,3.004,3.004,0.0,3.004,0
2017-07-13,3.017,3.017,3.017,3.017,0.0,3.017,0
2017-07-14,3.02,3.02,3.02,3.02,0.0,3.02,0
2017-07-17,3.013,3.013,3.013,3.013,0.0,3.013,0
2017-07-18,3.018,3.018,3.018,3.018,0.0,3.018,0
2017-07-19,3.003,3.003,3.003,3.003,0.0,3.003,0
2017-07-20,2.984,2.984,2.984,2.984,0.0,2.984,0
2017-07-21,2.982,2.982,2.982,2.982,0.0,2.982,0
2017-07-24,2.954,2.954,2.954,2.954,0.0,2.954,0
2017-07-25,2.93,2.93,2.93,2.93,0.0,2.93,0
2017-07-26,2.92,2.92,2.92,2.92,0.0,2.92,0
2017-07-27,2.921,2.921,2.921,2.921,0.0,2.921,0
2017-07-28,2.936,2.936,2.936,2.936,0.0,2.936,0
2017-07-31,2.917,2.917,2.917,2.917,0.0,2.917,0
2017-08-01,2.939,2.939,2.939,2.939,0.0,2.939,0
2017-08-02,2.948,2.948,2.948,2.948,0.0,2.948,0
2017-08-03,2.971,2.971,2.971,2.971,0.0,2.971,0
2017-08-04,2.981,2.981,2.981,2.981,0.0,2.981,0
2017-08-07,2.98,2.98,2.98,2.98,0.0,2.98,0
2017-08-08,2.963,2.963,2.963,2.963,0.0,2.963,0
2017-08-09,2.957,2.957,2.957,2.957,0.0,2.957,0
2017-08-10,2.954,2.954,2.954,2.954,0.0,2.954,0
2017-08-11,2.958,2.958,2.958,2.958,0.0,2.958,0
2017-08-14,2.954,2.954,2.954,2.954,0.0,2.954,0
2017-08-15,2.952,2.952,2.952,2.952,0.0,2.952,0
2017-08-16,2.942,2.942,2.942,2.942,0.0,2.942,0
2017-08-17,2.941,2.941,2.941,2.941,0.0,2.941,0
2017-08-18,2.941,2.941,2.941,2.941,0.0,2.941,0
2017-08-21,2.931,2.931,2.931,2.931,0.0,2.931,0
2017-08-22,2.923,2.923,2.923,2.923,0.0,2.923,0
2017-08-23,2.921,2.921,2.921,2.921,0.0,2.921,0
2017-08-24,2.874,2.874,2.874,2.874,0.0,2.874,0
2017-08-25,2.861,2.861,2.861,2.861,0.0,2.861,0
2017-08-28,2.874,2.874,2.874,2.874,0.0,2.874,0
2017-08-29,2.876,2.876,2.876,2.876,0.0,2.876,0
2017-08-30,2.881,2.881,2.881,2.881,0.0,2.881,0
2017-08-31,2.889,2.889,2.889,2.889,0.0,2.889,0
2017-09-01,2.89,2.89,2.89,2.89,0.0,2.89,0
2017-09-05,2.886,2.886,2.886,2.886,0.0,2.886,0
2017-09-06,2.847,2.847,2.847,2.847,0.0,2.847,0
2017-09-07,2.881,2.881,2.881,2.881,0.0,2.881,0
2017-09-08,2.885,2.885,2.885,2.885,0.0,2.885,0
2017-09-11,2.896,2.896,2.896,2.896,0.0,2.896,0
2017-09-12,2.881,2.881,2.881,2.881,0.0,2.881,0
2017-09-13,2.867,2.867,2.867,2.867,0.0,2.867,0
2017-09-14,2.862,2.862,2.862,2.862,0.0,2.862,0
2017-09-15,2.867,2.867,2.867,2.867,0.0,2.867,0
2017-09-18,2.877,2.877,2.877,2.877,0.0,2.877,0
2017-09-19,2.865,2.865,2.865,2.865,0.0,2.865,0
2017-09-20,2.855,2.855,2.855,2.855,0.0,2.855,0
2017-09-21,2.846,2.846,2.846,2.846,0.0,2.846,0
2017-09-22,2.86,2.86,2.86,2.86,0.0,2.86,0
2017-09-25,2.843,2.843,2.843,2.843,0.0,2.843,0
2017-09-26,2.853,2.853,2.853,2.853,0.0,2.853,0
2017-09-27,2.864,2.864,2.864,2.864,0.0,2.864,0
2017-09-28,2.863,2.863,2.863,2.863,0.0,2.863,0
2017-09-29,2.86,2.86,2.86,2.86,0.0,2.86,0
2017-10-02,2.873,2.873,2.873,2.873,0.0,2.873,0
2017-10-03,2.882,2.882,2.882,2.882,0.0,2.882,0
2017-10-04,2.881,2.881,2.881,2.881,0.0,2.881,0
2017-10-05,2.89,2.89,2.89,2.89,0.0,2.89,0
2017-10-06,2.882,2.882,2.882,2.882,0.0,2.882,0
2017-10-09,2.892,2.892,2.892,2.892,0.0,2.892,0
2017-10-10,2.882,2.882,2.882,2.882,0.0,2.882,0
2017-10-11,2.868,2.868,2.868,2.868,0.0,2.868,0
2017-10-12,2.912,2.912,2.912,2.912,0.0,2.912,0
2017-10-13,2.93,2.93,2.93,2.93,0.0,2.93,0
2017-10-16,2.971,2.971,2.971,2.971,0.0,2.971,0
2017-10-17,3.018,3.018,3.018,3.018,0.0,3.018,0
2017-10-18,3.022,3.022,3.022,3.022,0.0,3.022,0
2017-10-19,3.044,3.044,3.044,3.044,0.0,3.044,0
2017-10-20,3.084,3.084,3.084,3.084,0.0,3.084,0
2017-10-23,3.064,3.064,3.064,3.064,0.0,3.064,0
2017-10-24,3.063,3.063,3.063,3.063,0.0,3.063,0
2017-10-25,3.064,3.064,3.064,3.064,0.0,3.064,0
2017-10-26,3.057,3.057,3.057,3.057,0.0,3.057,0
2017-10-27,3.037,3.037,3.037,3.037,0.0,3.037,0
2017-10-30,3.072,3.072,3.072,3.072,0.0,3.072,0
2017-10-31,3.069,3.069,3.069,3.069,0.0,3.069,0
2017-11-01,3.079,3.079,3.079,3.079,0.0,3.079,0
2017-11-02,3.061,3.061,3.061,3.061,0.0,3.061,0
2017-11-03,3.055,3.055,3.055,3.055,0.0,3.055,0
2017-11-06,3.05,3.05,3.05,3.05,0.0,3.05,0
2017-11-07,3.049,3.049,3.049,3.049,0.0,3.049,0
2017-11-08,3.047,3.047,3.047,3.047,0.0,3.047,0
2017-11-09,3.07,3.07,3.07,3.07,0.0,3.07,0
2017-11-10,3.052,3.052,3.052,3.052,0.0,3.052,0
2017-11-13,3.031,3.031,3.031,3.031,0.0,3.031,0
2017-11-14,3.014,3.014,3.014,3.014,0.0,3.014,0
2017-11-15,3.004,3.004,3.004,3.004,0.0,3.004,0
2017-11-16,3.008,3.008,3.008,3.008,0.0,3.008,0
2017-11-17,3.006,3.006,3.006,3.006,0.0,3.006,0
2017-11-20,2.999,2.999,2.999,2.999,0.0,2.999,0
2017-11-21,2.997,2.997,2.997,2.997,0.0,2.997,0
2017-11-22,2.984,2.984,2.984,2.984,0.0,2.984,0
2017-11-24,2.985,2.985,2.985,2.985,0.0,2.985,0
2017-11-27,2.987,2.987,2.987,2.987,0.0,2.987,0
2017-11-28,2.989,2.989,2.989,2.989,0.0,2.989,0
2017-11-29,2.993,2.993,2.993,2.993,0.0,2.993,0
2017-11-30,2.989,2.989,2.989,2.989,0.0,2.989,0
2017-12-01,2.955,2.955,2.955,2.955,0.0,2.955,0
2017-12-04,2.934,2.934,2.934,2.934,0.0,2.934,0
2017-12-05,2.923,2.923,2.923,2.923,0.0,2.923,0
2017-12-06,2.905,2.905,2.905,2.905,0.0,2.905,0
2017-12-07,2.911,2.911,2.911,2.911,0.0,2.911,0
2017-12-08,2.907,2.907,2.907,2.907,0.0,2.907,0
2017-12-11,2.9,2.9,2.9,2.9,0.0,2.9,0
2017-12-12,2.91,2.91,2.91,2.91,0.0,2.91,0
2017-12-13,2.935,2.935,2.935,2.935,0.0,2.935,0
2017-12-14,2.946,2.946,2.946,2.946,0.0,2.946,0
2017-12-15,2.954,2.954,2.954,2.954,0.0,2.954,0
2017-12-18,2.974,2.974,2.974,2.974,0.0,2.974,0
2017-12-19,2.976,2.976,2.976,2.976,0.0,2.976,0
2017-12-20,2.962,2.962,2.962,2.962,0.0,2.962,0
2017-12-21,2.979,2.979,2.979,2.979,0.0,2.979,0
2017-12-22,3.002,3.002,3.002,3.002,0.0,3.002,0
2017-12-26,3.003,3.003,3.003,3.003,0.0,3.003,0
2017-12-27,2.978,2.978,2.978,2.978,0.0,2.978,0
2017-12-28,2.947,2.947,2.947,2.947,0.0,2.947,0
2017-12-29,2.952,2.952,2.952,2.952,0.0,2.952,0
2018-01-02,2.945,2.945,2.945,2.945,0.0,2.945,0
2018-01-03,2.946,2.946,2.946,2.946,0.0,2.946,0
2018-01-04,2.978,2.978,2.978,2.978,0.0,2.978,0
2018-01-05,2.964,2.964,2.964,2.964,0.0,2.964,0
2018-01-08,2.959,2.959,2.959,2.959,0.0,2.959,0
2018-01-09,2.944,2.944,2.944,2.944,0.0,2.944,0
2018-01-10,2.937,2.937,2.937,2.937,0.0,2.937,0
2018-01-11,2.949,2.949,2.949,2.949,0.0,2.949,0
2018-01-12,2.936,2.936,2.936,2.936,0.0,2.936,0
2018-01-16,2.899,2.899,2.899,2.899,0.0,2.899,0
2018-01-17,2.893,2.893,2.893,2.893,0.0,2.893,0
2018-01-18,2.891,2.891,2.891,2.891,0.0,2.891,0
2018-01-19,2.901,2.901,2.901,2.901,0.0,2.901,0
2018-01-22,2.92,2.92,2.92,2.92,0.0,2.92,0
2018-01-23,2.932,2.932,2.932,2.932,0.0,2.932,0
2018-01-24,2.95,2.95,2.95,2.95,0.0,2.95,0
2018-01-25,2.985,2.985,2.985,2.985,0.0,2.985,0
2018-01-26,2.951,2.951,2.951,2.951,0.0,2.951,0
2018-01-29,2.953,2.953,2.953,2.953,0.0,2.953,0
2018-01-30,2.964,2.964,2.964,2.964,0.0,2.964,0
2018-01-31,2.933,2.933,2.933,2.933,0.0,2.933,0
2018-02-01,2.939,2.939,2.939,2.939,0.0,2.939,0
2018-02-02,2.961,2.961,2.961,2.961,0.0,2.961,0
2018-02-05,2.983,2.983,2.983,2.983,0.0,2.983,0
2018-02-06,2.97,2.97,2.97,2.97,0.0,2.97,0
2018-02-07,2.941,2.941,2.941,2.941,0.0,2.941,0
2018-02-08,2.954,2.954,2.954,2.954,0.0,2.954,0
2018-02-09,2.92,2.92,2.92,2.92,0.0,2.92,0
2018-02-12,2.915,2.915,2.915,2.915,0.0,2.915,0
2018-02-13,2.917,2.917,2.917,2.917,0.0,2.917,0
2018-02-14,2.915,2.915,2.915,2.915,0.0,2.915,0
2018-02-15,2.911,2.911,2.911,2.911,0.0,2.911,0
2018-02-16,2.932,2.932,2.932,2.932,0.0,2.932,0
2018-02-20,2.932,2.932,2.932,2.932,0.0,2.932,0
2018-02-21,2.95,2.95,2.95,2.95,0.0,2.95,0
2018-02-22,2.957,2.957,2.957,2.957,0.0,2.957,0
2018-02-23,2.949,2.949,2.949,2.949,0.0,2.949,0
2018-02-26,2.953,2.953,2.953,2.953,0.0,2.953,0
2018-02-27,2.956,2.956,2.956,2.956,0.0,2.956,0
2018-02-28,2.926,2.926,2.926,2.926,0.0,2.926,0
2018-03-01,2.951,2.951,2.951,2.951,0.0,2.951,0
2018-03-02,2.968,2.968,2.968,2.968,0.0,2.968,0
2018-03-05,2.986,2.986,2.986,2.986,0.0,2.986,0
2018-03-06,2.995,2.995,2.995,2.995,0.0,2.995,0
2018-03-07,2.986,2.986,2.986,2.986,0.0,2.986,0
2018-03-08,2.941,2.941,2.941,2.941,0.0,2.941,0
2018-03-09,2.908,2.908,2.908,2.908,0.0,2.908,0
2018-03-12,2.915,2.915,2.915,2.915,0.0,2.915,0
2018-03-13,2.922,2.922,2.922,2.922,0.0,2.922,0
2018-03-14,2.944,2.944,2.944,2.944,0.0,2.944,0
2018-03-15,3.002,3.002,3.002,3.002,0.0,3.002,0
2018-03-16,3.008,3.008,3.008,3.008,0.0,3.008,0
2018-03-19,2.998,2.998,2.998,2.998,0.0,2.998,0
2018-03-20,3.003,3.003,3.003,3.003,0.0,3.003,0
2018-03-21,3.011,3.011,3.011,3.011,0.0,3.011,0
2018-03-22,2.999,2.999,2.999,2.999,0.0,2.999,0
2018-03-23,2.924,2.924,2.924,2.924,0.0,2.924,0
2018-03-26,2.952,2.952,2.952,2.952,0.0,2.952,0
2018-03-27,2.962,2.962,2.962,2.962,0.0,2.962,0
2018-03-28,2.976,2.976,2.976,2.976,0.0,2.976,0
2018-03-29,3.014,3.014,3.014,3.014,0.0,3.014,0
2018-04-02,2.996,2.996,2.996,2.996,0.0,2.996,0
2018-04-03,2.974,2.974,2.974,2.974,0.0,2.974,0
2018-04-04,2.948,2.948,2.948,2.948,0.0,2.948,0
2018-04-05,2.964,2.964,2.964,2.964,0.0,2.964,0
2018-04-06,2.958,2.958,2.958,2.958,0.0,2.958,0
2018-04-09,2.947,2.947,2.947,2.947,0.0,2.947,0
2018-04-10,2.956,2.956,2.956,2.956,0.0,2.956,0
2018-04-11,2.973,2.973,2.973,2.973,0.0,2.973,0
2018-04-12,2.989,2.989,2.989,2.989,0.0,2.989,0
2018-04-13,2.982,2.982,2.982,2.982,0.0,2.982,0
2018-04-16,2.984,2.984,2.984,2.984,0.0,2.984,0
2018-04-17,2.964,2.964,2.964,2.964,0.0,2.964,0
2018-04-18,2.957,2.957,2.957,2.957,0.0,2.957,0
2018-04-19,2.954,2.954,2.954,2.954,0.0,2.954,0
2018-04-20,2.962,2.962,2.962,2.962,0.0,2.962,0
2018-04-23,2.963,2.963,2.963,2.963,0.0,2.963,0
2018-04-24,2.959,2.959,2.959,2.959,0.0,2.959,0
2018-04-25,2.95,2.95,2.95,2.95,0.0,2.95,0
2018-04-26,2.944,2.944,2.944,2.944,0.0,2.944,0
2018-04-27,2.946,2.946,2.946,2.946,0.0,2.946,0
2018-04-30,2.943,2.943,2.943,2.943,0.0,2.943,0
2018-05-01,2.923,2.923,2.923,2.923,0.0,2.923,0
2018-05-02,2.935,2.935,2.935,2.935,0.0,2.935,0
2018-05-03,2.938,2.938,2.938,2.938,0.0,2.938,0
2018-05-04,2.936,2.936,2.936,2.936,0.0,2.936,0
2018-05-07,2.934,2.934,2.934,2.934,0.0,2.934,0
2018-05-08,2.889,2.889,2.889,2.889,0.0,2.889,0
2018-05-09,2.875,2.875,2.875,2.875,0.0,2.875,0
2018-05-10,2.871,2.871,2.871,2.871,0.0,2.871,0
2018-05-11,2.874,2.874,2.874,2.874,0.0,2.874,0
2018-05-14,2.873,2.873,2.873,2.873,0.0,2.873,0
2018-05-15,2.898,2.898,2.898,2.898,0.0,2.898,0
2018-05-16,2.882,2.882,2.882,2.882,0.0,2.882,0
2018-05-17,2.889,2.889,2.889,2.889,0.0,2.889,0
2018-05-18,2.904,2.904,2.904,2.904,0.0,2.904,0
2018-05-21,2.899,2.899,2.899,2.899,0.0,2.899,0
2018-05-22,2.896,2.896,2.896,2.896,0.0,2.896,0
2018-05-23,2.873,2.873,2.873,2.873,0.0,2.873,0
2018-05-24,2.867,2.867,2.867,2.867,0.0,2.867,0
2018-05-25,2.839,2.839,2.839,2.839,0.0,2.839,0
2018-05-29,2.816,2.816,2.816,2.816,0.0,2.816,0
2018-05-30,2.827,2.827,2.827,2.827,0.0,2.827,0
2018-05-31,2.795,2.795,2.795,2.795,0.0,2.795,0
2018-06-01,2.781,2.781,2.781,2.781,0.0,2.781,0
2018-06-04,2.794,2.794,2.794,2.794,0.0,2.794,0
2018-06-05,2.809,2.809,2.809,2.809,0.0,2.809,0
2018-06-06,2.808,2.808,2.808,2.808,0.0,2.808,0
2018-06-07,2.806,2.806,2.806,2.806,0.0,2.806,0
2018-06-08,2.808,2.808,2.808,2.808,0.0,2.808,0
2018-06-11,2.799,2.799,2.799,2.799,0.0,2.799,0
2018-06-12,2.813,2.813,2.813,2.813,0.0,2.813,0
2018-06-13,2.834,2.834,2.834,2.834,0.0,2.834,0
2018-06-14,2.846,2.846,2.846,2.846,0.0,2.846,0
2018-06-15,2.851,2.851,2.851,2.851,0.0,2.851,0
2018-06-18,2.882,2.882,2.882,2.882,0.0,2.882,0
2018-06-19,2.885,2.885,2.885,2.885,0.0,2.885,0
2018-06-20,2.884,2.884,2.884,2.884,0.0,2.884,0
2018-06-21,2.861,2.861,2.861,2.861,0.0,2.861,0
2018-06-22,2.863,2.863,2.863,2.863,0.0,2.863,0
2018-06-25,2.859,2.859,2.859,2.859,0.0,2.859,0
2018-06-26,2.856,2.856,2.856,2.856,0.0,2.856,0
2018-06-27,2.859,2.859,2.859,2.859,0.0,2.859,0
2018-06-28,2.843,2.843,2.843,2.843,0.0,2.843,0
2018-06-29,2.84,2.84,2.84,2.84,0.0,2.84,0
2018-07-02,2.831,2.831,2.831,2.831,0.0,2.831,0
2018-07-03,2.828,2.828,2.828,2.828,0.0,2.828,0
2018-07-05,2.83,2.83,2.83,2.83,0.0,2.83,0
2018-07-06,2.829,2.829,2.829,2.829,0.0,2.829,0
2018-07-09,2.82,2.82,2.82,2.82,0.0,2.82,0
2018-07-10,2.824,2.824,2.824,2.824,0.0,2.824,0
2018-07-11,2.802,2.802,2.802,2.802,0.0,2.802,0
2018-07-12,2.799,2.799,2.799,2.799,0.0,2.799,0
2018-07-13,2.794,2.794,2.794,2.794,0.0,2.794,0
2018-07-16,2.761,2.761,2.761,2.761,0.0,2.761,0
2018-07-17,2.746,2.746,2.746,2.746,0.0,2.746,0
2018-07-18,2.739,2.739,2.739,2.739,0.0,2.739,0
2018-07-19,2.737,2.737,2.737,2.737,0.0,2.737,0
2018-07-20,2.743,2.743,2.743,2.743,0.0,2.743,0
2018-07-23,2.752,2.752,2.752,2.752,0.0,2.752,0
2018-07-24,2.766,2.766,2.766,2.766,0.0,2.766,0
2018-07-25,2.795,2.795,2.795,2.795,0.0,2.795,0
2018-07-26,2.791,2.791,2.791,2.791,0.0,2.791,0
2018-07-27,2.81,2.81,2.81,2.81,0.0,2.81,0
2018-07-30,2.814,2.814,2.814,2.814,0.0,2.814,0
2018-07-31,2.817,2.817,2.817,2.817,0.0,2.817,0
2018-08-01,2.787,2.787,2.787,2.787,0.0,2.787,0
2018-08-02,2.791,2.791,2.791,2.791,0.0,2.791,0
2018-08-03,2.791,2.791,2.791,2.791,0.0,2.791,0
2018-08-06,2.782,2.782,2.782,2.782,0.0,2.782,0
2018-08-07,2.81,2.81,2.81,2.81,0.0,2.81,0
2018-08-08,2.823,2.823,2.823,2.823,0.0,2.823,0
2018-08-09,2.82,2.82,2.82,2.82,0.0,2.82,0
2018-08-10,2.821,2.821,2.821,2.821,0.0,2.821,0
2018-08-13,2.822,2.822,2.822,2.822,0.0,2.822,0
2018-08-14,2.821,2.821,2.821,2.821,0.0,2.821,0
2018-08-15,2.822,2.822,2.822,2.822,0.0,2.822,0
2018-08-16,2.812,2.812,2.812,2.812,0.0,2.812,0
2018-08-17,2.814,2.814,2.814,2.814,0.0,2.814,0
2018-08-20,2.813,2.813,2.813,2.813,0.0,2.813,0
2018-08-21,2.835,2.835,2.835,2.835,0.0,2.835,0
2018-08-22,2.822,2.822,2.822,2.822,0.0,2.822,0
2018-08-23,2.819,2.819,2.819,2.819,0.0,2.819,0
2018-08-24,2.803,2.803,2.803,2.803,0.0,2.803,0
2018-08-27,2.772,2.772,2.772,2.772,0.0,2.772,0
2018-08-28,2.748,2.748,2.748,2.748,0.0,2.748,0
2018-08-29,2.752,2.752,2.752,2.752,0.0,2.752,0
2018-08-30,2.733,2.733,2.733,2.733,0.0,2.733,0
2018-08-31,2.747,2.747,2.747,2.747,0.0,2.747,0
2018-09-04,2.73,2.73,2.73,2.73,0.0,2.73,0
2018-09-05,2.735,2.735,2.735,2.735,0.0,2.735,0
2018-09-06,2.754,2.754,2.754,2.754,0.0,2.754,0
2018-09-07,2.753,2.753,2.753,2.753,0.0,2.753,0
2018-09-10,2.759,2.759,2.759,2.759,0.0,2.759,0
2018-09-11,2.756,2.756,2.756,2.756,0.0,2.756,0
2018-09-12,2.766,2.766,2.766,2.766,0.0,2.766,0
2018-09-13,2.782,2.782,2.782,2.782,0.0,2.782,0
2018-09-14,2.787,2.787,2.787,2.787,0.0,2.787,0
2018-09-17,2.791,2.791,2.791,2.791,0.0,2.791,0
2018-09-18,2.794,2.794,2.794,2.794,0.0,2.794,0
2018-09-19,2.791,2.791,2.791,2.791,0.0,2.791,0
2018-09-20,2.795,2.795,2.795,2.795,0.0,2.795,0
2018-09-21,2.793,2.793,2.793,2.793,0.0,2.793,0
2018-09-24,2.791,2.791,2.791,2.791,0.0,2.791,0
2018-09-25,2.793,2.793,2.793,2.793,0.0,2.793,0
2018-09-26,2.802,2.802,2.802,2.802,0.0,2.802,0
2018-09-27,2.803,2.803,2.803,2.803,0.0,2.803,0
2018-09-28,2.803,2.803,2.803,2.803,0.0,2.803,0
2018-10-01,2.808,2.808,2.808,2.808,0.0,2.808,0
2018-10-02,2.806,2.806,2.806,2.806,0.0,2.806,0
2018-10-03,2.805,2.805,2.805,2.805,0.0,2.805,0
2018-10-04,2.806,2.806,2.806,2.806,0.0,2.806,0
2018-10-05,2.809,2.809,2.809,2.809,0.0,2.809,0
2018-10-08,2.814,2.814,2.814,2.814,0.0,2.814,0
2018-10-09,2.809,2.809,2.809,2.809,0.0,2.809,0
2018-10-10,2.805,2.805,2.805,2.805,0.0,2.805,0
2018-10-11,2.83,2.83,2.83,2.83,0.0,2.83,0
2018-10-12,2.842,2.842,2.842,2.842,0.0,2.842,0
2018-10-15,2.841,2.841,2.841,2.841,0.0,2.841,0
2018-10-16,2.866,2.866,2.866,2.866,0.0,2.866,0
2018-10-17,2.861,2.861,2.861,2.861,0.0,2.861,0
2018-10-18,2.86,2.86,2.86,2.86,0.0,2.86,0
2018-10-19,2.857,2.857,2.857,2.857,0.0,2.857,0
2018-10-22,2.858,2.858,2.858,2.858,0.0,2.858,0
2018-10-23,2.857,2.857,2.857,2.857,0.0,2.857,0
2018-10-24,2.854,2.854,2.854,2.854,0.0,2.854,0
2018-10-25,2.844,2.844,2.844,2.844,0.0,2.844,0
2018-10-26,2.846,2.846,2.846,2.846,0.0,2.846,0
2018-10-29,2.847,2.847,2.847,2.847,0.0,2.847,0
2018-10-30,2.865,2.865,2.865,2.865,0.0,2.865,0
2018-10-31,2.864,2.864,2.864,2.864,0.0,2.864,0
2018-11-01,2.869,2.869,2.869,2.869,0.0,2.869,0
2018-11-02,2.876,2.876,2.876,2.876,0.0,2.876,0
2018-11-05,2.89,2.89,2.89,2.89,0.0,2.89,0
2018-11-06,2.906,2.906,2.906,2.906,0.0,2.906,0
2018-11-07,2.904,2.904,2.904,2.904,0.0,2.904,0
2018-11-08,2.905,2.905,2.905,2.905,0.0,2.905,0
2018-11-09,2.908,2.908,2.908,2.908,0.0,2.908,0
2018-11-12,2.931,2.931,2.931,2.931,0.0,2.931,0
2018-11-13,2.91,2.91,2.91,2.91,0.0,2.91,0
2018-11-14,2.894,2.894,2.894,2.894,0.0,2.894,0
2018-11-15,2.909,2.909,2.909,2.909,0.0,2.909,0
2018-11-16,2.88,2.88,2.88,2.88,0.0,2.88,0
2018-11-19,2.867,2.867,2.867,2.867,0.0,2.867,0
2018-11-20,2.865,2.865,2.865,2.865,0.0,2.865,0
2018-11-21,2.863,2.863,2.863,2.863,0.0,2.863,0
2018-11-23,2.888,2.888,2.888,2.888,0.0,2.888,0
2018-11-26,2.881,2.881,2.881,2.881,0.0,2.881,0
2018-11-27,2.877,2.877,2.877,2.877,0.0,2.877,0
2018-11-28,2.878,2.878,2.878,2.878,0.0,2.878,0
2018-11-29,2.913,2.913,2.913,2.913,0.0,2.913,0
2018-11-30,2.969,2.969,2.969,2.969,0.0,2.969,0
2018-12-03,2.941,2.941,2.941,2.941,0.0,2.941,0
2018-12-04,2.927,2.927,2.927,2.927,0.0,2.927,0
2018-12-05,2.918,2.918,2.918,2.918,0.0,2.918,0
2018-12-06,2.929,2.929,2.929,2.929,0.0,2.929,0
2018-12-07,2.936,2.936,2.936,2.936,0.0,2.936,0
2018-12-10,2.937,2.937,2.937,2.937,0.0,2.937,0
2018-12-11,2.912,2.912,2.912,2.912,0.0,2.912,0
2018-12-12,2.914,2.914,2.914,2.914,0.0,2.914,0
2018-12-13,2.882,2.882,2.882,2.882,0.0,2.882,0
2018-12-14,2.892,2.892,2.892,2.892,0.0,2.892,0
2018-12-17,2.891,2.891,2.891,2.891,0.0,2.891,0
2018-12-18,2.886,2.886,2.886,2.886,0.0,2.886,0
2018-12-19,2.909,2.909,2.909,2.909,0.0,2.909,0
2018-12-20,2.924,2.924,2.924,2.924,0.0,2.924,0
2018-12-21,2.927,2.927,2.927,2.927,0.0,2.927,0
2018-12-24,2.926,2.926,2.926,2.926,0.0,2.926,0
2018-12-26,2.923,2.923,2.923,2.923,0.0,2.923,0
2018-12-27,2.921,2.921,2.921,2.921,0.0,2.921,0
2018-12-28,2.918,2.918,2.918,2.918,0.0,2.918,0
2018-12-31,2.924,2.924,2.924,2.924,0.0,2.924,0
2019-01-02,2.924,2.924,2.924,2.924,0.0,2.924,0
2019-01-03,2.913,2.913,2.913,2.913,0.0,2.913,0
2019-01-04,2.917,2.917,2.917,2.917,0.0,2.917,0
2019-01-07,2.919,2.919,2.919,2.919,0.0,2.919,0
2019-01-08,2.91,2.91,2.91,2.91,0.0,2.91,0
2019-01-09,2.908,2.908,2.908,2.908,0.0,2.908,0
2019-01-10,2.905,2.905,2.905,2.905,0.0,2.905,0
2019-01-11,2.912,2.912,2.912,2.912,0.0,2.912,0
2019-01-14,2.911,2.911,2.911,2.911,0.0,2.911,0
2019-01-15,2.903,2.903,2.903,2.903,0.0,2.903,0
2019-01-16,2.872,2.872,2.872,2.872,0.0,2.872,0
2019-01-17,2.872,2.872,2.872,2.872,0.0,2.872,0
2019-01-18,2.885,2.885,2.885,2.885,0.0,2.885,0
2019-01-22,2.898,2.898,2.898,2.898,0.0,2.898,0
2019-01-23,2.878,2.878,2.878,2.878,0.0,2.878,0
2019-01-24,2.857,2.857,2.857,2.857,0.0,2.857,0
2019-01-25,2.902,2.902,2.902,2.902,0.0,2.902,0
2019-01-28,2.886,2.886,2.886,2.886,0.0,2.886,0
2019-01-29,2.889,2.889,2.889,2.889,0.0,2.889,0
2019-01-30,2.891,2.891,2.891,2.891,0.0,2.891,0
2019-01-31,2.892,2.892,2.892,2.892,0.0,2.892,0
2019-02-01,2.893,2.893,2.893,2.893,0.0,2.893,0
2019-02-04,2.88,2.88,2.88,2.88,0.0,2.88,0
2019-02-05,2.921,2.921,2.921,2.921,0.0,2.921,0
2019-02-06,2.918,2.918,2.918,2.918,0.0,2.918,0
2019-02-07,2.914,2.914,2.914,2.914,0.0,2.914,0
2019-02-08,2.916,2.916,2.916,2.916,0.0,2.916,0
2019-02-11,2.921,2.921,2.921,2.921,0.0,2.921,0
2019-02-12,2.929,2.929,2.929,2.929,0.0,2.929,0
2019-02-13,2.93,2.93,2.93,2.93,0.0,2.93,0
2019-02-14,2.934,2.934,2.934,2.934,0.0,2.934,0
2019-02-15,2.914,2.914,2.914,2.914,0.0,2.914,0
2019-02-19,2.905,2.905,2.905,2.905,0.0,2.905,0
2019-02-20,2.917,2.917,2.917,2.917,0.0,2.917,0
2019-02-21,2.905,2.905,2.905,2.905,0.0,2.905,0
2019-02-22,2.902,2.902,2.902,2.902,0.0,2.902,0
2019-02-25,2.894,2.894,2.894,2.894,0.0,2.894,0
2019-02-26,2.876,2.876,2.876,2.876,0.0,2.876,0
2019-02-27,2.912,2.912,2.912,2.912,0.0,2.912,0
2019-02-28,2.923,2.923,2.923,2.923,0.0,2.923,0
2019-03-01,2.922,2.922,2.922,2.922,0.0,2.922,0
2019-03-04,2.918,2.918,2.918,2.918,0.0,2.918,0
2019-03-05,2.916,2.916,2.916,2.916,0.0,2.916,0
2019-03-06,2.919,2.919,2.919,2.919,0.0,2.919,0
2019-03-07,2.924,2.924,2.924,2.924,0.0,2.924,0
2019-03-08,2.924,2.924,2.924,2.924,0.0,2.924,0
2019-03-11,2.951,2.951,2.951,2.951,0.0,2.951,0
2019-03-12,2.966,2.966,2.966,2.966,0.0,2.966,0
2019-03-13,2.975,2.975,2.975,2.975,0.0,2.975,0
2019-03-14,2.983,2.983,2.983,2.983,0.0,2.983,0
2019-03-15,2.984,2.984,2.984,2.984,0.0,2.984,0
2019-03-18,2.984,2.984,2.984,2.984,0.0,2.984,0
2019-03-19,2.985,2.985,2.985,2.985,0.0,2.985,0
2019-03-20,2.983,2.983,2.983,2.983,0.0,2.983,0
2019-03-21,2.993,2.993,2.993,2.993,0.0,2.993,0
2019-03-22,2.983,2.983,2.983,2.983,0.0,2.983,0
2019-03-25,2.982,2.982,2.982,2.982,0.0,2.982,0
2019-03-26,2.984,2.984,2.984,2.984,0.0,2.984,0
2019-03-27,2.975,2.975,2.975,2.975,0.0,2.975,0
2019-03-28,2.978,2.978,2.978,2.978,0.0,2.978,0
2019-03-29,2.977,2.977,2.977,2.977,0.0,2.977,0
2019-04-01,2.976,2.976,2.976,2.976,0.0,2.976,0
2019-04-02,2.983,2.983,2.983,2.983,0.0,2.983,0
2019-04-03,2.976,2.976,2.976,2.976,0.0,2.976,0
2019-04-04,3.007,3.007,3.007,3.007,0.0,3.007,0
2019-04-05,2.99,2.99,2.99,2.99,0.0,2.99,0
2019-04-08,2.993,2.993,2.993,2.993,0.0,2.993,0
2019-04-09,3.0,3.0,3.0,3.0,0.0,3.0,0
2019-04-10,2.978,2.978,2.978,2.978,0.0,2.978,0
2019-04-11,2.976,2.976,2.976,2.976,0.0,2.976,0
2019-04-12,2.976,2.976,2.976,2.976,0.0,2.976,0
2019-04-15,2.976,2.976,2.976,2.976,0.0,2.976,0
2019-04-16,2.977,2.977,2.977,2.977,0.0,2.977,0
2019-04-17,2.967,2.967,2.967,2.967,0.0,2.967,0
2019-04-18,2.952,2.952,2.952,2.952,0.0,2.952,0
2019-04-22,2.94,2.94,2.94,2.94,0.0,2.94,0
2019-04-23,2.935,2.935,2.935,2.935,0.0,2.935,0
2019-04-24,2.945,2.945,2.945,2.945,0.0,2.945,0
2019-04-25,2.955,2.955,2.955,2.955,0.0,2.955,0
2019-04-26,2.952,2.952,2.952,2.952,0.0,2.952,0
2019-04-29,2.959,2.959,2.959,2.959,0.0,2.959,0
2019-04-30,2.964,2.964,2.964,2.964,0.0,2.964,0
2019-05-01,2.966,2.966,2.966,2.966,0.0,2.966,0
2019-05-02,2.963,2.963,2.963,2.963,0.0,2.963,0
2019-05-03,2.976,2.976,2.976,2.976,0.0,2.976,0
2019-05-06,2.979,2.979,2.979,2.979,0.0,2.979,0
2019-05-07,2.979,2.979,2.979,2.979,0.0,2.979,0
2019-05-08,2.973,2.973,2.973,2.973,0.0,2.973,0
2019-05-09,2.98,2.98,2.98,2.98,0.0,2.98,0
2019-05-10,2.971,2.971,2.971,2.971,0.0,2.971,0
2019-05-13,2.974,2.974,2.974,2.974,0.0,2.974,0
2019-05-14,2.985,2.985,2.985,2.985,0.0,2.985,0
2019-05-15,2.982,2.982,2.982,2.982,0.0,2.982,0
2019-05-16,2.978,2.978,2.978,2.978,0.0,2.978,0
2019-05-17,2.982,2.982,2.982,2.982,0.0,2.982,0
2019-05-20,2.987,2.987,2.987,2.987,0.0,2.987,0
2019-05-21,2.99,2.99,2.99,2.99,0.0,2.99,0
2019-05-22,2.94,2.94,2.94,2.94,0.0,2.94,0
2019-05-23,2.952,2.952,2.952,2.952,0.0,2.952,0
2019-05-24,2.962,2.962,2.962,2.962,0.0,2.962,0
2019-05-28,2.97,2.97,2.97,2.97,0.0,2.97,0
2019-05-29,2.951,2.951,2.951,2.951,0.0,2.951,0
2019-05-30,2.949,2.949,2.949,2.949,0.0,2.949,0
2019-05-31,2.947,2.947,2.947,2.947,0.0,2.947,0
2019-06-03,2.935,2.935,2.935,2.935,0.0,2.935,0
2019-06-04,2.94,2.94,2.94,2.94,0.0,2.94,0
2019-06-05,2.928,2.928,2.928,2.928,0.0,2.928,0
2019-06-06,2.944,2.944,2.944,2.944,0.0,2.944,0
2019-06-07,2.945,2.945,2.945,2.945,0.0,2.945,0
2019-06-10,2.934,2.934,2.934,2.934,0.0,2.934,0
2019-06-11,2.934,2.934,2.934,2.934,0.0,2.934,0
2019-06-12,2.931,2.931,2.931,2.931,0.0,2.931,0
2019-06-13,2.932,2.932,2.932,2.932,0.0,2.932,0
2019-06-14,2.937,2.937,2.937,2.937,0.0,2.937,0
2019-06-17,2.94,2.94,2.94,2.94,0.0,2.94,0
2019-06-18,2.923,2.923,2.923,2.923,0.0,2.923,0
2019-06-19,2.924,2.924,2.924,2.924,0.0,2.924,0
2019-06-20,2.928,2.928,2.928,2.928,0.0,2.928,0
2019-06-21,2.943,2.943,2.943,2.943,0.0,2.943,0
2019-06-24,2.943,2.943,2.943,2.943,0.0,2.943,0
2019-06-25,2.942,2.942,2.942,2.942,0.0,2.942,0
2019-06-26,2.934,2.934,2.934,2.934,0.0,2.934,0
2019-06-27,2.93,2.93,2.93,2.93,0.0,2.93,0
2019-06-28,2.902,2.902,2.902,2.902,0.0,2.902,0
2019-07-01,2.895,2.895,2.895,2.895,0.0,2.895,0
2019-07-02,2.891,2.891,2.891,2.891,0.0,2.891,0
2019-07-03,2.89,2.89,2.89,2.89,0.0,2.89,0
2019-07-05,2.916,2.916,2.916,2.916,0.0,2.916,0
2019-07-08,2.912,2.912,2.912,2.912,0.0,2.912,0
2019-07-09,2.94,2.94,2.94,2.94,0.0,2.94,0
2019-07-10,2.932,2.932,2.932,2.932,0.0,2.932,0
2019-07-11,2.94,2.94,2.94,2.94,0.0,2.94,0
2019-07-12,2.948,2.948,2.948,2.948,0.0,2.948,0
2019-07-15,2.953,2.953,2.953,2.953,0.0,2.953,0
2019-07-16,2.929,2.929,2.929,2.929,0.0,2.929,0
2019-07-17,2.926,2.926,2.926,2.926,0.0,2.926,0
2019-07-18,2.945,2.945,2.945,2.945,0.0,2.945,0
2019-07-19,2.938,2.938,2.938,2.938,0.0,2.938,0
2019-07-22,2.896,2.896,2.896,2.896,0.0,2.896,0
2019-07-23,2.903,2.903,2.903,2.903,0.0,2.903,0
2019-07-24,2.896,2.896,2.896,2.896,0.0,2.896,0
2019-07-25,2.897,2.897,2.897,2.897,0.0,2.897,0
2019-07-26,2.891,2.891,2.891,2.891,0.0,2.891,0
2019-07-29,2.88,2.88,2.88,2.88,0.0,2.88,0
2019-07-30,2.883,2.883,2.883,2.883,0.0,2.883,0
2019-07-31,2.889,2.889,2.889,2.889,0.0,2.889,0
2019-08-01,2.892,2.892,2.892,2.892,0.0,2.892,0
2019-08-02,2.879,2.879,2.879,2.879,0.0,2.879,0
2019-08-05,2.877,2.877,2.877,2.877,0.0,2.877,0
2019-08-06,2.878,2.878,2.878,2.878,0.0,2.878,0
2019-08-07,2.883,2.883,2.883,2.883,0.0,2.883,0
2019-08-08,2.862,2.862,2.862,2.862,0.0,2.862,0
2019-08-09,2.838,2.838,2.838,2.838,0.0,2.838,0
2019-08-12,2.827,2.827,2.827,2.827,0.0,2.827,0
2019-08-13,2.808,2.808,2.808,2.808,0.0,2.808,0
2019-08-14,2.771,2.771,2.771,2.771,0.0,2.771,0
2019-08-15,2.771,2.771,2.771,2.771,0.0,2.771,0
2019-08-16,2.75,2.75,2.75,2.75,0.0,2.75,0
2019-08-19,2.752,2.752,2.752,2.752,0.0,2.752,0
2019-08-20,2.752,2.752,2.752,2.752,0.0,2.752,0
2019-08-21,2.753,2.753,2.753,2.753,0.0,2.753,0
2019-08-22,2.742,2.742,2.742,2.742,0.0,2.742,0
2019-08-23,2.772,2.772,2.772,2.772,0.0,2.772,0
2019-08-26,2.779,2.779,2.779,2.779,0.0,2.779,0
2019-08-27,2.794,2.794,2.794,2.794,0.0,2.794,0
2019-08-28,2.813,2.813,2.813,2.813,0.0,2.813,0
2019-08-29,2.815,2.815,2.815,2.815,0.0,2.815,0
2019-08-30,2.775,2.775,2.775,2.775,0.0,2.775,0
2019-09-03,2.78,2.78,2.78,2.78,0.0,2.78,0
2019-09-04,2.751,2.751,2.751,2.751,0.0,2.751,0
2019-09-05,2.758,2.758,2.758,2.758,0.0,2.758,0
2019-09-06,2.745,2.745,2.745,2.745,0.0,2.745,0
2019-09-09,2.709,2.709,2.709,2.709,0.0,2.709,0
2019-09-10,2.713,2.713,2.713,2.713,0.0,2.713,0
2019-09-11,2.708,2.708,2.708,2.708,0.0,2.708,0
2019-09-12,2.713,2.713,2.713,2.713,0.0,2.713,0
2019-09-13,2.678,2.678,2.678,2.678,0.0,2.678,0
2019-09-16,2.708,2.708,2.708,2.708,0.0,2.708,0
2019-09-17,2.672,2.672,2.672,2.672,0.0,2.672,0
2019-09-18,2.685,2.685,2.685,2.685,0.0,2.685,0
2019-09-19,2.679,2.679,2.679,2.679,0.0,2.679,0
2019-09-20,2.69,2.69,2.69,2.69,0.0,2.69,0
2019-09-23,2.687,2.687,2.687,2.687,0.0,2.687,0
2019-09-24,2.666,2.666,2.666,2.666,0.0,2.666,0
2019-09-25,2.665,2.665,2.665,2.665,0.0,2.665,0
2019-09-26,2.666,2.666,2.666,2.666,0.0,2.666,0
2019-09-27,2.655,2.655,2.655,2.655,0.0,2.655,0
2019-09-30,2.717,2.717,2.717,2.717,0.0,2.717,0
2019-10-01,2.666,2.666,2.666,2.666,0.0,2.666,0
2019-10-02,2.684,2.684,2.684,2.684,0.0,2.684,0
2019-10-03,2.669,2.669,2.669,2.669,0.0,2.669,0
2019-10-04,2.659,2.659,2.659,2.659,0.0,2.659,0
2019-10-07,2.663,2.663,2.663,2.663,0.0,2.663,0
2019-10-08,2.639,2.639,2.639,2.639,0.0,2.639,0
2019-10-09,2.65,2.65,2.65,2.65,0.0,2.65,0
2019-10-10,2.651,2.651,2.651,2.651,0.0,2.651,0
2019-10-11,2.662,2.662,2.662,2.662,0.0,2.662,0
2019-10-14,2.677,2.677,2.677,2.677,0.0,2.677,0
2019-10-15,2.693,2.693,2.693,2.693,0.0,2.693,0
2019-10-16,2.695,2.695,2.695,2.695,0.0,2.695,0
2019-10-17,2.692,2.692,2.692,2.692,0.0,2.692,0
2019-10-18,2.687,2.687,2.687,2.687,0.0,2.687,0
2019-10-21,2.682,2.682,2.682,2.682,0.0,2.682,0
2019-10-22,2.686,2.686,2.686,2.686,0.0,2.686,0
2019-10-23,2.68,2.68,2.68,2.68,0.0,2.68,0
2019-10-24,2.684,2.684,2.684,2.684,0.0,2.684,0
2019-10-25,2.682,2.682,2.682,2.682,0.0,2.682,0
2019-10-28,2.691,2.691,2.691,2.691,0.0,2.691,0
2019-10-29,2.707,2.707,2.707,2.707,0.0,2.707,0
2019-10-30,2.714,2.714,2.714,2.714,0.0,2.714,0
2019-10-31,2.712,2.712,2.712,2.712,0.0,2.712,0
2019-11-01,2.721,2.721,2.721,2.721,0.0,2.721,0
2019-11-04,2.662,2.662,2.662,2.662,0.0,2.662,0
2019-11-05,2.641,2.641,2.641,2.641,0.0,2.641,0
2019-11-06,2.652,2.652,2.652,2.652,0.0,2.652,0
2019-11-07,2.619,2.619,2.619,2.619,0.0,2.619,0
2019-11-08,2.626,2.626,2.626,2.626,0.0,2.626,0
2019-11-11,2.617,2.617,2.617,2.617,0.0,2.617,0
2019-11-12,2.577,2.577,2.577,2.577,0.0,2.577,0
2019-11-13,2.568,2.568,2.568,2.568,0.0,2.568,0
2019-11-14,2.57,2.57,2.57,2.57,0.0,2.57,0
2019-11-15,2.568,2.568,2.568,2.568,0.0,2.568,0
2019-11-18,2.572,2.572,2.572,2.572,0.0,2.572,0
2019-11-19,2.579,2.579,2.579,2.579,0.0,2.579,0
2019-11-20,2.588,2.588,2.588,2.588,0.0,2.588,0
2019-11-21,2.595,2.595,2.595,2.595,0.0,2.595,0
2019-11-22,2.595,2.595,2.595,2.595,0.0,2.595,0
2019-11-25,2.587,2.587,2.587,2.587,0.0,2.587,0
2019-11-26,2.581,2.581,2.581,2.581,0.0,2.581,0
2019-11-27,2.585,2.585,2.585,2.585,0.0,2.585,0
2019-11-29,2.543,2.543,2.543,2.543,0.0,2.543,0
2019-12-02,2.569,2.569,2.569,2.569,0.0,2.569,0
2019-12-03,2.578,2.578,2.578,2.578,0.0,2.578,0
2019-12-04,2.577,2.577,2.577,2.577,0.0,2.577,0
2019-12-05,2.569,2.569,2.569,2.569,0.0,2.569,0
2019-12-06,2.542,2.542,2.542,2.542,0.0,2.542,0
2019-12-09,2.521,2.521,2.521,2.521,0.0,2.521,0
2019-12-10,2.53,2.53,2.53,2.53,0.0,2.53,0
2019-12-11,2.527,2.527,2.527,2.527,0.0,2.527,0
2019-12-12,2.532,2.532,2.532,2.532,0.0,2.532,0
2019-12-13,2.515,2.515,2.515,2.515,0.0,2.515,0
2019-12-16,2.524,2.524,2.524,2.524,0.0,2.524,0
2019-12-17,2.526,2.526,2.526,2.526,0.0,2.526,0
2019-12-18,2.497,2.497,2.497,2.497,0.0,2.497,0
2019-12-19,2.471,2.471,2.471,2.471,0.0,2.471,0
2019-12-20,2.462,2.462,2.462,2.462,0.0,2.462,0
2019-12-23,2.469,2.469,2.469,2.469,0.0,2.469,0
2019-12-24,2.467,2.467,2.467,2.467,0.0,2.467,0
2019-12-26,2.455,2.455,2.455,2.455,0.0,2.455,0
2019-12-27,2.453,2.453,2.453,2.453,0.0,2.453,0
2019-12-30,2.45,2.45,2.45,2.45,0.0,2.45,0
2019-12-31,2.459,2.459,2.459,2.459,0.0,2.459,0
2020-01-02,2.454,2.454,2.454,2.454,0.0,2.454,0
2020-01-03,2.454,2.454,2.454,2.454,0.0,2.454,0
2020-01-06,2.458,2.458,2.458,2.458,0.0,2.458,0
2020-01-07,2.465,2.465,2.465,2.465,0.0,2.465,0
2020-01-08,2.468,2.468,2.468,2.468,0.0,2.468,0
2020-01-09,2.479,2.479,2.479,2.479,0.0,2.479,0
2020-01-10,2.481,2.481,2.481,2.481,0.0,2.481,0
2020-01-13,2.481,2.481,2.481,2.481,0.0,2.481,0
2020-01-14,2.48,2.48,2.48,2.48,0.0,2.48,0
2020-01-15,2.479,2.479,2.479,2.479,0.0,2.479,0
2020-01-16,2.486,2.486,2.486,2.486,0.0,2.486,0
2020-01-17,2.496,2.496,2.496,2.496,0.0,2.496,0
2020-01-21,2.486,2.486,2.486,2.486,0.0,2.486,0
2020-01-22,2.467,2.467,2.467,2.467,0.0,2.467,0
2020-01-23,2.459,2.459,2.459,2.459,0.0,2.459,0
2020-01-24,2.467,2.467,2.467,2.467,0.0,2.467,0
2020-01-27,2.426,2.426,2.426,2.426,0.0,2.426,0
2020-01-28,2.436,2.436,2.436,2.436,0.0,2.436,0
2020-01-29,2.426,2.426,2.426,2.426,0.0,2.426,0
2020-01-30,2.421,2.421,2.421,2.421,0.0,2.421,0
2020-01-31,2.422,2.422,2.422,2.422,0.0,2.422,0
2020-02-03,2.417,2.417,2.417,2.417,0.0,2.417,0
2020-02-04,2.413,2.413,2.413,2.413,0.0,2.413,0
2020-02-05,2.39,2.39,2.39,2.39,0.0,2.39,0
2020-02-06,2.394,2.394,2.394,2.394,0.0,2.394,0
2020-02-07,2.412,2.412,2.412,2.412,0.0,2.412,0
2020-02-10,2.404,2.404,2.404,2.404,0.0,2.404,0
2020-02-11,2.389,2.389,2.389,2.389,0.0,2.389,0
2020-02-12,2.396,2.396,2.396,2.396,0.0,2.396,0
2020-02-13,2.386,2.386,2.386,2.386,0.0,2.386,0
2020-02-14,2.397,2.397,2.397,2.397,0.0,2.397,0
2020-02-18,2.37,2.37,2.37,2.37,0.0,2.37,0
2020-02-19,2.391,2.391,2.391,2.391,0.0,2.391,0
2020-02-20,2.386,2.386,2.386,2.386,0.0,2.386,0
2020-02-21,2.416,2.416,2.416,2.416,0.0,2.416,0
2020-02-24,2.422,2.422,2.422,2.422,0.0,2.422,0
2020-02-25,2.425,2.425,2.425,2.425,0.0,2.425,0
2020-02-26,2.448,2.448,2.448,2.448,0.0,2.448,0
2020-02-27,2.438,2.438,2.438,2.438,0.0,2.438,0
2020-02-28,2.476,2.476,2.476,2.476,0.0,2.476,0
2020-03-02,2.516,2.516,2.516,2.516,0.0,2.516,0
2020-03-03,2.512,2.512,2.512,2.512,0.0,2.512,0
2020-03-04,2.501,2.501,2.501,2.501,0.0,2.501,0
2020-03-05,2.476,2.476,2.476,2.476,0.0,2.476,0
2020-03-06,2.489,2.489,2.489,2.489,0.0,2.489,0
2020-03-09,2.526,2.526,2.526,2.526,0.0,2.526,0
2020-03-10,2.526,2.526,2.526,2.526,0.0,2.526,0
2020-03-11,2.488,2.488,2.488,2.488,0.0,2.488,0
2020-03-12,2.438,2.438,2.438,2.438,0.0,2.438,0
2020-03-13,2.433,2.433,2.433,2.433,0.0,2.433,0
2020-03-16,2.422,2.422,2.422,2.422,0.0,2.422,0
2020-03-17,2.451,2.451,2.451,2.451,0.0,2.451,0
2020-03-18,2.457,2.457,2.457,2.457,0.0,2.457,0
2020-03-19,2.47,2.47,2.47,2.47,0.0,2.47,0
2020-03-20,2.464,2.464,2.464,2.464,0.0,2.464,0
2020-03-23,2.459,2.459,2.459,2.459,0.0,2.459,0
2020-03-24,2.426,2.426,2.426,2.426,0.0,2.426,0
2020-03-25,2.421,2.421,2.421,2.421,0.0,2.421,0
2020-03-26,2.387,2.387,2.387,2.387,0.0,2.387,0
2020-03-27,2.409,2.409,2.409,2.409,0.0,2.409,0
2020-03-30,2.417,2.417,2.417,2.417,0.0,2.417,0
2020-03-31,2.405,2.405,2.405,2.405,0.0,2.405,0
2020-04-01,2.375,2.375,2.375,2.375,0.0,2.375,0
2020-04-02,2.361,2.361,2.361,2.361,0.0,2.361,0
2020-04-03,2.345,2.345,2.345,2.345,0.0,2.345,0
2020-04-06,2.361,2.361,2.361,2.361,0.0,2.361,0
2020-04-07,2.355,2.355,2.355,2.355,0.0,2.355,0
2020-04-08,2.372,2.372,2.372,2.372,0.0,2.372,0
2020-04-09,2.389,2.389,2.389,2.389,0.0,2.389,0
2020-04-13,2.417,2.417,2.417,2.417,0.0,2.417,0
2020-04-14,2.399,2.399,2.399,2.399,0.0,2.399,0
2020-04-15,2.368,2.368,2.368,2.368,0.0,2.368,0
2020-04-16,2.373,2.373,2.373,2.373,0.0,2.373,0
2020-04-17,2.374,2.374,2.374,2.374,0.0,2.374,0
2020-04-20,2.392,2.392,2.392,2.392,0.0,2.392,0
2020-04-21,2.375,2.375,2.375,2.375,0.0,2.375,0
2020-04-22,2.403,2.403,2.403,2.403,0.0,2.403,0
2020-04-23,2.357,2.357,2.357,2.357,0.0,2.357,0
2020-04-24,2.355,2.355,2.355,2.355,0.0,2.355,0
2020-04-27,2.381,2.381,2.381,2.381,0.0,2.381,0
2020-04-28,2.373,2.373,2.373,2.373,0.0,2.373,0
2020-04-29,2.368,2.368,2.368,2.368,0.0,2.368,0
2020-04-30,2.343,2.343,2.343,2.343,0.0,2.343,0
2020-05-01,2.326,2.326,2.326,2.326,0.0,2.326,0
2020-05-04,2.303,2.303,2.303,2.303,0.0,2.303,0
2020-05-05,2.29,2.29,2.29,2.29,0.0,2.29,0
2020-05-06,2.329,2.329,2.329,2.329,0.0,2.329,0
2020-05-07,2.311,2.311,2.311,2.311,0.0,2.311,0
2020-05-08,2.32,2.32,2.32,2.32,0.0,2.32,0
2020-05-11,2.301,2.301,2.301,2.301,0.0,2.301,0
2020-05-12,2.305,2.305,2.305,2.305,0.0,2.305,0
2020-05-13,2.28,2.28,2.28,2.28,0.0,2.28,0
2020-05-14,2.31,2.31,2.254,2.254,30.0,2.31,1
2020-05-15,2.295,2.295,2.295,2.295,0.0,2.295,0
2020-05-18,2.313,2.313,2.313,2.313,0.0,2.313,0
2020-05-19,2.31,2.31,2.31,2.31,0.0,2.31,0
2020-05-20,2.267,2.267,2.267,2.267,0.0,2.267,0
2020-05-21,2.258,2.258,2.258,2.258,0.0,2.258,0
2020-05-22,2.301,2.301,2.301,2.301,0.0,2.301,0
2020-05-26,2.301,2.301,2.301,2.301,0.0,2.301,0
2020-05-27,2.338,2.338,2.338,2.338,0.0,2.338,0
2020-05-28,2.33,2.33,2.33,2.33,0.0,2.33,0
2020-05-29,2.324,2.324,2.324,2.324,0.0,2.324,0
2020-06-01,2.301,2.301,2.301,2.301,0.0,2.301,0
2020-06-02,2.306,2.306,2.306,2.306,0.0,2.306,0
2020-06-03,2.293,2.293,2.293,2.293,0.0,2.293,0
2020-06-04,2.302,2.302,2.302,2.302,0.0,2.302,0
2020-06-05,2.296,2.296,2.296,2.296,0.0,2.296,0
2020-06-08,2.31,2.31,2.31,2.31,0.0,2.31,0
2020-06-09,2.318,2.318,2.318,2.318,0.0,2.318,0
2020-06-10,2.304,2.304,2.304,2.304,0.0,2.304,0
2020-06-11,2.299,2.299,2.299,2.299,0.0,2.299,0
2020-06-12,2.288,2.288,2.288,2.288,0.0,2.288,0
2020-06-15,2.315,2.315,2.315,2.315,0.0,2.315,0
2020-06-16,2.309,2.309,2.309,2.309,0.0,2.309,0
2020-06-17,2.304,2.304,2.304,2.304,0.0,2.304,0
2020-06-18,2.315,2.315,2.315,2.315,0.0,2.315,0
2020-06-19,2.298,2.298,2.298,2.298,0.0,2.298,0
2020-06-22,2.286,2.286,2.286,2.286,0.0,2.286,0
2020-06-23,2.285,2.285,2.285,2.285,0.0,2.285,0
2020-06-24,2.292,2.292,2.292,2.292,0.0,2.292,0
2020-06-25,2.31,2.31,2.31,2.31,0.0,2.31,0
2020-06-26,2.332,2.332,2.332,2.332,0.0,2.332,0
2020-06-29,2.33,2.33,2.33,2.33,0.0,2.33,0
2020-06-30,2.33,2.33,2.33,2.33,0.0,2.33,0
2020-07-01,2.343,2.343,2.343,2.343,0.0,2.343,0
2020-07-02,2.375,2.375,2.375,2.375,0.0,2.375,0
2020-07-06,2.354,2.354,2.354,2.354,0.0,2.354,0
2020-07-07,2.347,2.347,2.347,2.347,0.0,2.347,0
2020-07-08,2.375,2.375,2.375,2.375,0.0,2.375,0
2020-07-09,2.36,2.36,2.36,2.36,0.0,2.36,0
2020-07-10,2.346,2.346,2.346,2.346,0.0,2.346,0
2020-07-13,2.342,2.342,2.342,2.342,0.0,2.342,0
2020-07-14,2.341,2.341,2.341,2.341,0.0,2.341,0
2020-07-15,2.351,2.351,2.351,2.351,0.0,2.351,0
2020-07-16,2.344,2.344,2.344,2.344,0.0,2.344,0
2020-07-17,2.341,2.341,2.341,2.341,0.0,2.341,0
2020-07-20,2.332,2.332,2.332,2.332,0.0,2.332,0
2020-07-21,2.346,2.346,2.346,2.346,0.0,2.346,0
2020-07-22,2.355,2.355,2.355,2.355,0.0,2.355,0
2020-07-23,2.439,2.439,2.439,2.439,0.0,2.439,0
2020-07-24,2.478,2.478,2.478,2.478,0.0,2.478,0
2020-07-27,2.536,2.536,2.536,2.536,0.0,2.536,0
2020-07-28,2.533,2.533,2.533,2.533,0.0,2.533,0
2020-07-29,2.538,2.538,2.538,2.538,0.0,2.538,0
2020-07-30,2.546,2.546,2.546,2.546,0.0,2.546,0
2020-07-31,2.564,2.564,2.564,2.564,0.0,2.564,0
2020-08-03,2.562,2.562,2.562,2.562,0.0,2.562,0
2020-08-04,2.556,2.556,2.556,2.556,0.0,2.556,0
2020-08-05,2.579,2.579,2.579,2.579,0.0,2.579,0
2020-08-06,2.604,2.604,2.604,2.604,0.0,2.604,0
2020-08-07,2.636,2.636,2.636,2.636,0.0,2.636,0
2020-08-10,2.604,2.604,2.604,2.604,0.0,2.604,0
2020-08-11,2.519,2.519,2.519,2.519,0.0,2.519,0
2020-08-12,2.496,2.496,2.496,2.496,0.0,2.496,0
2020-08-13,2.516,2.516,2.516,2.516,0.0,2.516,0
2020-08-14,2.507,2.507,2.507,2.507,0.0,2.507,0
2020-08-17,2.507,2.507,2.507,2.507,0.0,2.507,0
2020-08-18,2.502,2.502,2.502,2.502,0.0,2.502,0
2020-08-19,2.497,2.497,2.497,2.497,0.0,2.497,0
2020-08-20,2.495,2.495,2.495,2.495,0.0,2.495,0
2020-08-21,2.49,2.49,2.49,2.49,0.0,2.49,0
2020-08-24,2.485,2.485,2.485,2.485,0.0,2.485,0
2020-08-25,2.478,2.478,2.478,2.478,0.0,2.478,0
2020-08-26,2.506,2.506,2.506,2.506,0.0,2.506,0
2020-08-27,2.515,2.515,2.515,2.515,0.0,2.515,0
2020-08-28,2.503,2.503,2.503,2.503,0.0,2.503,0
2020-08-31,2.477,2.477,2.477,2.477,0.0,2.477,0
2020-09-01,2.475,2.475,2.475,2.475,0.0,2.475,0
2020-09-02,2.469,2.469,2.469,2.469,0.0,2.469,0
2020-09-03,2.466,2.466,2.466,2.466,0.0,2.466,0
2020-09-04,2.409,2.409,2.409,2.409,0.0,2.409,0
2020-09-08,2.41,2.41,2.41,2.41,0.0,2.41,0
2020-09-09,2.396,2.396,2.396,2.396,0.0,2.396,0
2020-09-10,2.378,2.378,2.378,2.378,0.0,2.378,0
2020-09-11,2.355,2.355,2.355,2.355,0.0,2.355,0
2020-09-14,2.343,2.343,2.343,2.343,0.0,2.343,0
2020-09-15,2.35,2.35,2.35,2.35,0.0,2.35,0
2020-09-16,2.348,2.348,2.348,2.348,0.0,2.348,0
2020-09-17,2.336,2.336,2.336,2.336,0.0,2.336,0
2020-09-18,2.357,2.357,2.357,2.357,0.0,2.357,0
2020-09-21,2.328,2.328,2.328,2.328,0.0,2.328,0
2020-09-22,2.367,2.367,2.367,2.367,0.0,2.367,0
2020-09-23,2.407,2.407,2.407,2.407,0.0,2.407,0
2020-09-24,2.417,2.417,2.417,2.417,0.0,2.417,0
2020-09-25,2.429,2.429,2.429,2.429,0.0,2.429,0
2020-09-28,2.437,2.437,2.437,2.437,0.0,2.437,0
2020-09-29,2.408,2.408,2.408,2.408,0.0,2.408,0
2020-09-30,2.389,2.389,2.389,2.389,0.0,2.389,0
2020-10-01,2.369,2.369,2.369,2.369,0.0,2.369,0
2020-10-02,2.363,2.363,2.363,2.363,0.0,2.363,0
2020-10-05,2.341,2.341,2.341,2.341,0.0,2.341,0
2020-10-06,2.348,2.348,2.348,2.348,0.0,2.348,0
2020-10-07,2.371,2.371,2.371,2.371,0.0,2.371,0
2020-10-08,2.346,2.346,2.346,2.346,0.0,2.346,0
2020-10-09,2.376,2.376,2.376,2.376,0.0,2.376,0
2020-10-12,2.38,2.38,2.362,2.362,15.0,2.3783,2
2020-10-13,2.375,2.375,2.342,2.342,15.0,2.375,2
2020-10-14,2.369,2.369,2.369,2.369,0.0,2.369,0
2020-10-15,2.355,2.355,2.355,2.355,0.0,2.355,0
2020-10-16,2.358,2.358,2.358,2.358,0.0,2.358,0
2020-10-19,2.401,2.401,2.401,2.401,0.0,2.401,0
2020-10-20,2.342,2.342,2.342,2.342,0.0,2.342,0
2020-10-21,2.363,2.363,2.363,2.363,0.0,2.363,0
2020-10-22,2.365,2.365,2.365,2.365,0.0,2.365,0
2020-10-23,2.328,2.328,2.328,2.328,0.0,2.328,0
2020-10-26,2.266,2.266,2.266,2.266,0.0,2.266,0
2020-10-27,2.32,2.32,2.32,2.32,0.0,2.32,0
2020-10-28,2.357,2.357,2.357,2.357,0.0,2.357,0
2020-10-29,2.369,2.369,2.369,2.369,0.0,2.369,0
2020-10-30,2.386,2.386,2.386,2.386,0.0,2.386,0
2020-11-02,2.374,2.374,2.374,2.374,0.0,2.374,0
2020-11-03,2.414,2.414,2.414,2.414,0.0,2.414,0
2020-11-04,2.411,2.411,2.411,2.411,0.0,2.411,0
2020-11-05,2.406,2.406,2.406,2.406,0.0,2.406,0
2020-11-06,2.396,2.396,2.396,2.396,0.0,2.396,0
2020-11-09,2.392,2.392,2.392,2.392,0.0,2.392,0
2020-11-10,2.402,2.402,2.402,2.402,0.0,2.402,0
2020-11-11,2.417,2.417,2.417,2.417,0.0,2.417,0
2020-11-12,2.414,2.414,2.414,2.414,0.0,2.414,0
2020-11-13,2.369,2.369,2.369,2.369,0.0,2.369,0
2020-11-16,2.366,2.366,2.366,2.366,0.0,2.366,0
2020-11-17,2.383,2.383,2.383,2.383,0.0,2.383,0
2020-11-18,2.407,2.407,2.407,2.407,0.0,2.407,0
2020-11-19,2.407,2.407,2.407,2.407,0.0,2.407,0
2020-11-20,2.4,2.4,2.4,2.4,0.0,2.4,0
2020-11-23,2.394,2.394,2.394,2.394,0.0,2.394,0
2020-11-24,2.43,2.43,2.396,2.396,2.0,2.43,1
2020-11-25,2.379,2.379,2.379,2.379,0.0,2.379,0
2020-11-27,2.375,2.375,2.375,2.375,0.0,2.375,0
2020-11-30,2.361,2.361,2.361,2.361,0.0,2.361,0
2020-12-01,2.423,2.423,2.423,2.423,0.0,2.423,0
2020-12-02,2.448,2.448,2.448,2.448,0.0,2.448,0
2020-12-03,2.42,2.42,2.42,2.42,0.0,2.42,0
2020-12-04,2.44,2.44,2.44,2.44,0.0,2.44,0
2020-12-07,2.411,2.411,2.411,2.411,0.0,2.411,0
2020-12-08,2.399,2.399,2.399,2.399,0.0,2.399,0
2020-12-09,2.409,2.409,2.409,2.409,0.0,2.409,0
2020-12-10,2.414,2.414,2.414,2.414,0.0,2.414,0
2020-12-11,2.433,2.433,2.433,2.433,0.0,2.433,0
2020-12-14,2.427,2.427,2.427,2.427,0.0,2.427,0
2020-12-15,2.412,2.412,2.412,2.412,0.0,2.412,0
2020-12-16,2.424,2.424,2.424,2.424,0.0,2.424,0
2020-12-17,2.412,2.412,2.412,2.412,0.0,2.412,0
2020-12-18,2.426,2.426,2.426,2.426,0.0,2.426,0
2020-12-21,2.397,2.397,2.397,2.397,0.0,2.397,0
2020-12-22,2.432,2.432,2.432,2.432,0.0,2.432,0
2020-12-23,2.427,2.427,2.427,2.427,0.0,2.427,0
2020-12-24,2.439,2.439,2.439,2.439,0.0,2.439,0
2020-12-28,2.358,2.358,2.358,2.358,0.0,2.358,0
2020-12-29,2.427,2.427,2.427,2.427,0.0,2.427,0
2020-12-30,2.398,2.398,2.398,2.398,0.0,2.398,0
2020-12-31,2.425,2.425,2.425,2.425,0.0,2.425,0
2021-01-04,2.433,2.433,2.433,2.433,0.0,2.433,0
2021-01-05,2.448,2.448,2.448,2.448,0.0,2.448,0
2021-01-06,2.481,2.481,2.481,2.481,0.0,2.481,0
2021-01-07,2.449,2.449,2.449,2.449,0.0,2.449,0
2021-01-08,2.433,2.433,2.433,2.433,0.0,2.433,0
2021-01-11,2.436,2.436,2.436,2.436,0.0,2.436,0
2021-01-12,2.454,2.454,2.454,2.454,0.0,2.454,0
2021-01-13,2.485,2.485,2.485,2.485,0.0,2.485,0
2021-01-14,2.433,2.433,2.433,2.433,0.0,2.433,0
2021-01-15,2.469,2.469,2.469,2.469,0.0,2.469,0
2021-01-19,2.461,2.461,2.461,2.461,0.0,2.461,0
2021-01-20,2.475,2.475,2.475,2.475,0.0,2.475,0
2021-01-21,2.479,2.479,2.479,2.479,0.0,2.479,0
2021-01-22,2.494,2.494,2.494,2.494,0.0,2.494,0
2021-01-25,2.451,2.451,2.451,2.451,0.0,2.451,0
2021-01-26,2.48,2.48,2.48,2.48,0.0,2.48,0
2021-01-27,2.495,2.495,2.495,2.495,0.0,2.495,0
2021-01-28,2.494,2.494,2.494,2.494,0.0,2.494,0
2021-01-29,2.488,2.488,2.488,2.488,0.0,2.488,0
2021-02-01,2.492,2.492,2.492,2.492,0.0,2.492,0
2021-02-02,2.488,2.488,2.488,2.488,0.0,2.488,0
2021-02-03,2.469,2.469,2.469,2.469,0.0,2.469,0
2021-02-04,2.445,2.445,2.445,2.445,0.0,2.445,0
2021-02-05,2.454,2.454,2.454,2.454,0.0,2.454,0
2021-02-08,2.474,2.474,2.474,2.474,0.0,2.474,0
2021-02-09,2.474,2.474,2.474,2.474,0.0,2.474,0
2021-02-10,2.479,2.479,2.479,2.479,0.0,2.479,0
2021-02-11,2.466,2.466,2.466,2.466,0.0,2.466,0
2021-02-12,2.46,2.46,2.46,2.46,0.0,2.46,0
2021-02-16,2.477,2.477,2.477,2.477,0.0,2.477,0
2021-02-17,2.472,2.472,2.472,2.472,0.0,2.472,0
2021-02-18,2.462,2.462,2.462,2.462,0.0,2.462,0
2021-02-19,2.458,2.458,2.458,2.458,0.0,2.458,0
2021-02-22,2.46,2.46,2.46,2.46,0.0,2.46,0
2021-02-23,2.465,2.465,2.465,2.465,0.0,2.465,0
2021-02-24,2.459,2.459,2.459,2.459,0.0,2.459,0
2021-02-25,2.408,2.408,2.408,2.408,0.0,2.408,0
2021-02-26,2.431,2.431,2.431,2.431,0.0,2.431,0
2021-03-01,2.449,2.449,2.449,2.449,0.0,2.449,0
2021-03-02,2.458,2.458,2.458,2.458,0.0,2.458,0
2021-03-03,2.433,2.433,2.433,2.433,0.0,2.433,0
2021-03-04,2.408,2.408,2.408,2.408,0.0,2.408,0
2021-03-05,2.414,2.414,2.414,2.414,0.0,2.414,0
2021-03-08,2.432,2.432,2.432,2.432,0.0,2.432,0
2021-03-09,2.439,2.439,2.439,2.439,0.0,2.439,0
2021-03-10,2.437,2.437,2.437,2.437,0.0,2.437,0
2021-03-11,2.434,2.434,2.434,2.434,0.0,2.434,0
2021-03-12,2.451,2.451,2.451,2.451,0.0,2.451,0
2021-03-15,2.424,2.424,2.424,2.424,0.0,2.424,0
2021-03-16,2.456,2.456,2.456,2.456,0.0,2.456,0
2021-03-17,2.437,2.437,2.437,2.437,0.0,2.437,0
2021-03-18,2.451,2.451,2.451,2.451,0.0,2.451,0
2021-03-19,2.457,2.457,2.457,2.457,0.0,2.457,0
2021-03-22,2.453,2.453,2.453,2.453,0.0,2.453,0
2021-03-23,2.467,2.467,2.467,2.467,0.0,2.467,0
2021-03-24,2.47,2.47,2.47,2.47,0.0,2.47,0
2021-03-25,2.47,2.47,2.47,2.47,0.0,2.47,0
2021-03-26,2.467,2.467,2.467,2.467,0.0,2.467,0
2021-03-29,2.485,2.485,2.485,2.485,0.0,2.485,0
2021-03-30,2.496,2.496,2.496,2.496,0.0,2.496,0
2021-03-31,2.502,2.502,2.502,2.502,0.0,2.502,0
2021-04-01,2.524,2.524,2.524,2.524,0.0,2.524,0
2021-04-05,2.511,2.511,2.511,2.511,0.0,2.511,0
2021-04-06,2.516,2.516,2.516,2.516,0.0,2.516,0
2021-04-07,2.519,2.519,2.519,2.519,0.0,2.519,0
2021-04-08,2.519,2.519,2.519,2.519,0.0,2.519,0
2021-04-09,2.553,2.553,2.553,2.553,0.0,2.553,0
2021-04-12,2.562,2.562,2.562,2.562,0.0,2.562,0
2021-04-13,2.545,2.545,2.545,2.545,0.0,2.545,0
2021-04-14,2.554,2.554,2.554,2.554,0.0,2.554,0
2021-04-15,2.558,2.558,2.558,2.558,0.0,2.558,0
2021-04-16,2.571,2.571,2.571,2.571,0.0,2.571,0
2021-04-19,2.565,2.565,2.565,2.565,0.0,2.565,0
2021-04-20,2.517,2.517,2.517,2.517,0.0,2.517,0
2021-04-21,2.508,2.508,2.508,2.508,0.0,2.508,0
2021-04-22,2.489,2.489,2.489,2.489,0.0,2.489,0
2021-04-23,2.497,2.497,2.497,2.497,0.0,2.497,0
2021-04-26,2.5,2.5,2.483,2.483,12.0,2.5,1
2021-04-27,2.482,2.482,2.482,2.482,0.0,2.482,0
2021-04-28,2.494,2.494,2.494,2.494,0.0,2.494,0
2021-04-29,2.496,2.496,2.496,2.496,0.0,2.496,0
2021-04-30,2.511,2.511,2.511,2.511,0.0,2.511,0
2021-05-03,2.514,2.514,2.514,2.514,0.0,2.514,0
2021-05-04,2.523,2.523,2.523,2.523,0.0,2.523,0
2021-05-05,2.525,2.525,2.525,2.525,0.0,2.525,0
2021-05-06,2.515,2.515,2.515,2.515,0.0,2.515,0
2021-05-07,2.522,2.522,2.522,2.522,0.0,2.522,0
2021-05-10,2.525,2.525,2.525,2.525,0.0,2.525,0
2021-05-11,2.522,2.522,2.522,2.522,0.0,2.522,0
2021-05-12,2.521,2.521,2.521,2.521,0.0,2.521,0
2021-05-13,2.511,2.511,2.511,2.511,0.0,2.511,0
2021-05-14,2.517,2.517,2.517,2.517,0.0,2.517,0
2021-05-17,2.521,2.521,2.521,2.521,0.0,2.521,0
2021-05-18,2.49,2.49,2.49,2.49,0.0,2.49,0
2021-05-19,2.494,2.494,2.494,2.494,0.0,2.494,0
2021-05-20,2.499,2.499,2.499,2.499,0.0,2.499,0
2021-05-21,2.511,2.511,2.511,2.511,0.0,2.511,0
2021-05-24,2.505,2.505,2.505,2.505,0.0,2.505,0
2021-05-25,2.516,2.516,2.516,2.516,0.0,2.516,0
2021-05-26,2.495,2.495,2.495,2.495,0.0,2.495,0
2021-05-27,2.492,2.492,2.492,2.492,0.0,2.492,0
2021-05-28,2.502,2.502,2.502,2.502,0.0,2.502,0
2021-06-01,2.494,2.494,2.494,2.494,0.0,2.494,0
2021-06-02,2.504,2.504,2.504,2.504,0.0,2.504,0
2021-06-03,2.491,2.491,2.491,2.491,0.0,2.491,0
2021-06-04,2.542,2.542,2.542,2.542,0.0,2.542,0
2021-06-07,2.513,2.513,2.513,2.513,0.0,2.513,0
2021-06-08,2.494,2.494,2.494,2.494,0.0,2.494,0
2021-06-09,2.501,2.501,2.501,2.501,0.0,2.501,0
2021-06-10,2.49,2.49,2.49,2.49,0.0,2.49,0
2021-06-11,2.489,2.489,2.489,2.489,0.0,2.489,0
2021-06-14,2.498,2.498,2.498,2.498,0.0,2.498,0
2021-06-15,2.483,2.483,2.483,2.483,0.0,2.483,0
2021-06-16,2.536,2.536,2.536,2.536,0.0,2.536,0
2021-06-17,2.541,2.541,2.541,2.541,0.0,2.541,0
2021-06-18,2.55,2.55,2.55,2.55,0.0,2.55,0
2021-06-21,2.547,2.547,2.547,2.547,0.0,2.547,0
2021-06-22,2.547,2.547,2.547,2.547,0.0,2.547,0
2021-06-23,2.548,2.548,2.548,2.548,0.0,2.548,0
2021-06-24,2.536,2.536,2.536,2.536,0.0,2.536,0
2021-06-25,2.592,2.592,2.592,2.592,0.0,2.592,0
2021-06-28,2.602,2.602,2.602,2.602,0.0,2.602,0
2021-06-29,2.63,2.63,2.63,2.63,0.0,2.63,0
2021-06-30,2.626,2.626,2.626,2.626,0.0,2.626,0
2021-07-01,2.614,2.614,2.614,2.614,0.0,2.614,0
2021-07-02,2.606,2.606,2.606,2.606,0.0,2.606,0
2021-07-06,2.598,2.598,2.598,2.598,0.0,2.598,0
2021-07-07,2.61,2.61,2.61,2.61,0.0,2.61,0
2021-07-08,2.622,2.622,2.622,2.622,0.0,2.622,0
2021-07-09,2.628,2.628,2.628,2.628,0.0,2.628,0
2021-07-12,2.633,2.633,2.633,2.633,0.0,2.633,0
2021-07-13,2.632,2.632,2.632,2.632,0.0,2.632,0
2021-07-14,2.625,2.625,2.625,2.625,0.0,2.625,0
2021-07-15,2.633,2.633,2.633,2.633,0.0,2.633,0
2021-07-16,2.639,2.639,2.639,2.639,0.0,2.639,0
2021-07-19,2.649,2.649,2.649,2.649,0.0,2.649,0
2021-07-20,2.656,2.656,2.656,2.656,0.0,2.656,0
2021-07-21,2.651,2.651,2.651,2.651,0.0,2.651,0
2021-07-22,2.653,2.653,2.653,2.653,0.0,2.653,0
2021-07-23,2.659,2.659,2.659,2.659,0.0,2.659,0
2021-07-26,2.667,2.667,2.667,2.667,0.0,2.667,0
2021-07-27,2.637,2.637,2.637,2.637,0.0,2.637,0
2021-07-28,2.629,2.629,2.629,2.629,0.0,2.629,0
2021-07-29,2.604,2.604,2.604,2.604,0.0,2.604,0
2021-07-30,2.624,2.624,2.624,2.624,0.0,2.624,0
2021-08-02,2.638,2.638,2.638,2.638,0.0,2.638,0
2021-08-03,2.63,2.63,2.63,2.63,0.0,2.63,0
2021-08-04,2.64,2.64,2.64,2.64,0.0,2.64,0
2021-08-05,2.605,2.605,2.605,2.605,0.0,2.605,0
2021-08-06,2.614,2.614,2.614,2.614,0.0,2.614,0
2021-08-09,2.63,2.63,2.63,2.63,0.0,2.63,0
2021-08-10,2.627,2.627,2.627,2.627,0.0,2.627,0
2021-08-11,2.642,2.642,2.642,2.642,0.0,2.642,0
2021-08-12,2.723,2.723,2.723,2.723,0.0,2.723,0
2021-08-13,2.69,2.69,2.69,2.69,0.0,2.69,0
2021-08-16,2.702,2.702,2.702,2.702,0.0,2.702,0
2021-08-17,2.715,2.715,2.715,2.715,0.0,2.715,0
2021-08-18,2.713,2.713,2.713,2.713,0.0,2.713,0
2021-08-19,2.724,2.724,2.724,2.724,0.0,2.724,0
2021-08-20,2.723,2.723,2.723,2.723,0.0,2.723,0
2021-08-23,2.725,2.725,2.725,2.725,0.0,2.725,0
2021-08-24,2.721,2.721,2.721,2.721,0.0,2.721,0
2021-08-25,2.738,2.738,2.738,2.738,0.0,2.738,0
2021-08-26,2.769,2.769,2.769,2.769,0.0,2.769,0
2021-08-27,2.771,2.771,2.771,2.771,0.0,2.771,0
2021-08-30,2.774,2.774,2.774,2.774,0.0,2.774,0
2021-08-31,2.763,2.763,2.763,2.763,0.0,2.763,0
2021-09-01,2.772,2.772,2.772,2.772,0.0,2.772,0
2021-09-02,2.772,2.772,2.772,2.772,0.0,2.772,0
2021-09-03,2.772,2.776,2.772,2.776,1.0,2.772,1
2021-09-07,2.8,2.8,2.8,2.8,0.0,2.8,0
2021-09-08,2.852,2.852,2.852,2.852,0.0,2.852,0
2021-09-09,2.922,2.922,2.922,2.922,0.0,2.922,0
2021-09-10,2.904,2.904,2.904,2.904,0.0,2.904,0
2021-09-13,2.919,2.919,2.919,2.919,0.0,2.919,0
2021-09-14,2.913,2.913,2.913,2.913,0.0,2.913,0
2021-09-15,2.864,2.864,2.864,2.864,0.0,2.864,0
2021-09-16,2.867,2.867,2.867,2.867,0.0,2.867,0
2021-09-17,2.86,2.86,2.86,2.86,0.0,2.86,0
2021-09-20,2.896,2.896,2.896,2.896,0.0,2.896,0
2021-09-21,2.913,2.913,2.913,2.913,0.0,2.913,0
2021-09-22,2.93,2.93,2.93,2.93,0.0,2.93,0
2021-09-23,2.937,2.937,2.937,2.937,0.0,2.937,0
2021-09-24,2.902,2.902,2.902,2.902,0.0,2.902,0
2021-09-27,2.915,2.915,2.915,2.915,0.0,2.915,0
2021-09-28,2.838,2.838,2.838,2.838,0.0,2.838,0
2021-09-29,2.849,2.849,2.849,2.849,0.0,2.849,0
2021-09-30,2.856,2.856,2.856,2.856,0.0,2.856,0
2021-10-01,2.846,2.846,2.846,2.846,0.0,2.846,0
2021-10-04,2.855,2.855,2.855,2.855,0.0,2.855,0
2021-10-05,2.87,2.87,2.87,2.87,0.0,2.87,0
2021-10-06,2.908,2.908,2.908,2.908,0.0,2.908,0
2021-10-07,2.908,2.908,2.908,2.908,0.0,2.908,0
2021-10-08,2.949,2.949,2.949,2.949,0.0,2.949,0
2021-10-11,2.935,2.935,2.935,2.935,0.0,2.935,0
2021-10-12,2.92,2.92,2.92,2.92,0.0,2.92,0
2021-10-13,2.925,2.925,2.925,2.925,0.0,2.925,0
2021-10-14,2.96,2.96,2.96,2.96,0.0,2.96,0
2021-10-15,2.969,2.969,2.969,2.969,0.0,2.969,0
2021-10-18,2.975,2.975,2.975,2.975,0.0,2.975,0
2021-10-19,2.959,2.959,2.959,2.959,0.0,2.959,0
2021-10-20,2.962,2.962,2.962,2.962,0.0,2.962,0
2021-10-21,2.975,2.975,2.975,2.975,0.0,2.975,0
2021-10-22,2.98,2.98,2.98,2.98,0.0,2.98,0
2021-10-25,3.023,3.023,3.023,3.023,0.0,3.023,0
2021-10-26,3.001,3.001,3.001,3.001,0.0,3.001,0
2021-10-27,2.938,2.938,2.938,2.938,0.0,2.938,0
2021-10-28,2.939,2.939,2.939,2.939,0.0,2.939,0
2021-10-29,2.89,2.89,2.89,2.89,0.0,2.89,0
2021-11-01,2.785,2.785,2.785,2.785,0.0,2.785,0
2021-11-02,2.846,2.846,2.846,2.846,0.0,2.846,0
2021-11-03,2.84,2.84,2.84,2.84,0.0,2.84,0
2021-11-04,2.864,2.864,2.864,2.864,0.0,2.864,0
2021-11-05,2.852,2.852,2.852,2.852,0.0,2.852,0
2021-11-08,2.905,2.905,2.905,2.905,0.0,2.905,0
2021-11-09,2.901,2.901,2.901,2.901,0.0,2.901,0
2021-11-10,2.927,2.927,2.927,2.927,0.0,2.927,0
2021-11-11,2.944,2.944,2.944,2.944,0.0,2.944,0
2021-11-12,2.895,2.895,2.895,2.895,0.0,2.895,0
2021-11-15,2.908,2.908,2.908,2.908,0.0,2.908,0
2021-11-16,2.979,2.979,2.979,2.979,0.0,2.979,0
2021-11-17,2.91,2.91,2.91,2.91,0.0,2.91,0
2021-11-18,2.898,2.898,2.898,2.898,0.0,2.898,0
2021-11-19,2.872,2.872,2.872,2.872,0.0,2.872,0
2021-11-22,2.854,2.854,2.854,2.854,0.0,2.854,0
2021-11-23,2.901,2.901,2.901,2.901,0.0,2.901,0
2021-11-24,2.899,2.899,2.899,2.899,0.0,2.899,0
2021-11-26,2.938,2.938,2.938,2.938,0.0,2.938,0
2021-11-29,2.93,2.93,2.93,2.93,0.0,2.93,0
2021-11-30,2.903,2.903,2.903,2.903,0.0,2.903,0
2021-12-01,2.911,2.911,2.911,2.911,0.0,2.911,0
2021-12-02,2.915,2.915,2.915,2.915,0.0,2.915,0
2021-12-03,2.925,2.925,2.925,2.925,0.0,2.925,0
2021-12-06,2.897,2.897,2.897,2.897,0.0,2.897,0
2021-12-07,2.901,2.901,2.901,2.901,0.0,2.901,0
2021-12-08,2.86,2.86,2.86,2.86,0.0,2.86,0
2021-12-09,2.903,2.903,2.903,2.903,0.0,2.903,0
2021-12-10,2.938,2.938,2.938,2.938,0.0,2.938,0
2021-12-13,2.842,2.842,2.842,2.842,0.0,2.842,0
2021-12-14,2.88,2.88,2.88,2.88,0.0,2.88,0
2021-12-15,2.886,2.886,2.886,2.886,0.0,2.886,0
2021-12-16,2.903,2.903,2.903,2.903,0.0,2.903,0
2021-12-17,2.916,2.916,2.916,2.916,0.0,2.916,0
2021-12-20,2.931,2.931,2.931,2.931,0.0,2.931,0
2021-12-21,2.915,2.915,2.915,2.915,0.0,2.915,0
2021-12-22,2.916,2.916,2.916,2.916,0.0,2.916,0
2021-12-23,2.879,2.879,2.879,2.879,0.0,2.879,0
2021-12-27,2.865,2.865,2.865,2.865,0.0,2.865,0
2021-12-28,2.881,2.881,2.881,2.881,0.0,2.881,0
2021-12-29,2.903,2.903,2.903,2.903,0.0,2.903,0
2021-12-30,2.86,2.891,2.86,2.891,4.0,2.86,1
2021-12-31,2.865,2.865,2.865,2.865,0.0,2.865,0
2022-01-03,2.877,2.877,2.877,2.877,0.0,2.877,0
2022-01-04,2.876,2.876,2.876,2.876,0.0,2.876,0
2022-01-05,2.88,2.88,2.88,2.88,0.0,2.88,0
2022-01-06,2.894,2.894,2.894,2.894,0.0,2.894,0
2022-01-07,2.927,2.927,2.927,2.927,0.0,2.927,0
2022-01-10,2.932,2.932,2.932,2.932,0.0,2.932,0
2022-01-11,2.921,2.921,2.921,2.921,0.0,2.921,0
2022-01-12,2.896,2.896,2.896,2.896,0.0,2.896,0
2022-01-13,2.899,2.899,2.899,2.899,0.0,2.899,0
2022-01-14,2.875,2.875,2.875,2.875,0.0,2.875,0
2022-01-18,2.894,2.894,2.894,2.894,0.0,2.894,0
2022-01-19,2.941,2.941,2.941,2.941,0.0,2.941,0
2022-01-20,2.944,2.944,2.944,2.944,0.0,2.944,0
2022-01-21,2.932,2.932,2.932,2.932,0.0,2.932,0
2022-01-24,2.921,2.921,2.921,2.921,0.0,2.921,0
2022-01-25,2.941,2.941,2.941,2.941,0.0,2.941,0
2022-01-26,2.942,2.942,2.942,2.942,0.0,2.942,0
2022-01-27,2.927,2.927,2.927,2.927,0.0,2.927,0
2022-01-28,2.92,2.92,2.92,2.92,0.0,2.92,0
2022-01-31,2.919,2.919,2.919,2.919,0.0,2.919,0
2022-02-01,2.904,2.904,2.904,2.904,0.0,2.904,0
2022-02-02,2.923,2.923,2.923,2.923,0.0,2.923,0
2022-02-03,2.914,2.914,2.914,2.914,0.0,2.914,0
2022-02-04,2.95,2.95,2.95,2.95,0.0,2.95,0
2022-02-07,2.966,2.966,2.966,2.966,0.0,2.966,0
2022-02-08,2.958,2.958,2.958,2.958,0.0,2.958,0
2022-02-09,2.953,2.953,2.953,2.953,0.0,2.953,0
2022-02-10,2.958,2.958,2.958,2.958,0.0,2.958,0
2022-02-11,2.998,2.998,2.998,2.998,0.0,2.998,0
2022-02-14,3.039,3.039,3.039,3.039,0.0,3.039,0
2022-02-15,3.027,3.027,3.027,3.027,0.0,3.027,0
2022-02-16,3.056,3.056,3.056,3.056,0.0,3.056,0
2022-02-17,3.038,3.038,3.038,3.038,0.0,3.038,0
2022-02-18,3.038,3.038,3.038,3.038,0.0,3.038,0
2022-02-22,3.083,3.083,3.083,3.083,0.0,3.083,0
2022-02-23,3.169,3.169,3.169,3.169,0.0,3.169,0
2022-02-24,3.175,3.175,3.175,3.175,0.0,3.175,0
2022-02-25,3.067,3.067,3.067,3.067,0.0,3.067,0
2022-02-28,3.144,3.144,3.144,3.144,0.0,3.144,0
2022-03-01,3.215,3.215,3.215,3.215,0.0,3.215,0
2022-03-02,3.262,3.262,3.262,3.262,0.0,3.262,0
2022-03-03,3.24,3.24,3.24,3.24,0.0,3.24,0
2022-03-04,3.293,3.293,3.293,3.293,0.0,3.293,0
2022-03-07,3.33,3.33,3.33,3.33,0.0,3.33,0
2022-03-08,3.34,3.34,3.34,3.34,0.0,3.34,0
2022-03-09,3.295,3.295,3.295,3.295,0.0,3.295,0
2022-03-10,3.263,3.263,3.263,3.263,0.0,3.263,0
2022-03-11,3.278,3.278,3.278,3.278,0.0,3.278,0
2022-03-14,3.321,3.321,3.321,3.321,0.0,3.321,0
2022-03-15,3.315,3.315,3.315,3.315,0.0,3.315,0
2022-03-16,3.311,3.311,3.311,3.311,0.0,3.311,0
2022-03-17,3.328,3.328,3.328,3.328,0.0,3.328,0
2022-03-18,3.28,3.28,3.28,3.28,0.0,3.28,0
2022-03-21,3.261,3.261,3.261,3.261,0.0,3.261,0
2022-03-22,3.272,3.272,3.272,3.272,0.0,3.272,0
2022-03-23,3.283,3.283,3.283,3.283,0.0,3.283,0
2022-03-24,3.309,3.309,3.309,3.309,0.0,3.309,0
2022-03-25,3.378,3.378,3.378,3.378,0.0,3.378,0
2022-03-28,3.38,3.468,3.38,3.468,1.0,3.38,1
2022-03-29,3.49,3.49,3.482,3.482,1.0,3.49,1
2022-03-30,3.584,3.584,3.584,3.584,0.0,3.584,0
2022-03-31,3.67,3.67,3.667,3.667,1.0,3.67,1
2022-04-01,3.719,3.719,3.719,3.719,0.0,3.719,0
2022-04-04,3.786,3.786,3.786,3.786,0.0,3.786,0
2022-04-05,3.865,3.865,3.865,3.865,0.0,3.865,0
2022-04-06,3.917,3.917,3.917,3.917,0.0,3.917,0
2022-04-07,3.902,3.902,3.902,3.902,0.0,3.902,0
2022-04-08,3.89,3.89,3.89,3.89,0.0,3.89,0
2022-04-11,3.939,3.939,3.939,3.939,0.0,3.939,0
2022-04-12,3.94,3.961,3.94,3.961,6.0,3.94,1
2022-04-13,3.969,3.969,3.969,3.969,0.0,3.969,0
2022-04-14,3.976,3.976,3.976,3.976,0.0,3.976,0
2022-04-18,4.011,4.011,4.011,4.011,0.0,4.011,0
2022-04-19,3.999,3.999,3.999,3.999,0.0,3.999,0
2022-04-20,3.945,3.945,3.945,3.945,0.0,3.945,0
2022-04-21,3.888,3.888,3.888,3.888,0.0,3.888,0
2022-04-22,3.715,3.715,3.715,3.715,0.0,3.715,0
2022-04-25,3.705,3.705,3.705,3.705,0.0,3.705,0
2022-04-26,3.77,3.77,3.77,3.77,0.0,3.77,0
2022-04-27,3.745,3.745,3.745,3.745,0.0,3.745,0
2022-04-28,3.741,3.741,3.741,3.741,0.0,3.741,0
2022-04-29,3.734,3.734,3.734,3.734,0.0,3.734,0
2022-05-02,3.825,3.825,3.825,3.825,0.0,3.825,0
2022-05-03,3.887,3.887,3.887,3.887,0.0,3.887,0
2022-05-04,3.905,3.937,3.905,3.937,6.0,3.905,1
2022-05-05,3.97,3.97,3.97,3.97,0.0,3.97,0
2022-05-06,3.917,3.917,3.917,3.917,0.0,3.917,0
2022-05-09,3.813,3.813,3.813,3.813,0.0,3.813,0
2022-05-10,3.84,3.84,3.84,3.84,0.0,3.84,0
2022-05-11,3.84,3.899,3.84,3.899,1.0,3.84,1
2022-05-12,3.899,3.909,3.899,3.909,12.0,3.8998,2
2022-05-13,3.958,3.958,3.958,3.958,0.0,3.958,0
2022-05-16,4.008,4.008,4.008,4.008,0.0,4.008,0
2022-05-17,3.995,3.995,3.995,3.995,0.0,3.995,0
2022-05-18,4.036,4.036,4.036,4.036,0.0,4.036,0
2022-05-19,3.975,3.975,3.975,3.975,0.0,3.975,0
2022-05-20,3.978,3.978,3.978,3.978,0.0,3.978,0
2022-05-23,4.019,4.019,4.019,4.019,0.0,4.019,0
2022-05-24,3.998,3.998,3.998,3.998,0.0,3.998,0
2022-05-25,4.038,4.038,4.038,4.038,0.0,4.038,0
2022-05-26,4.092,4.092,4.092,4.092,0.0,4.092,0
2022-05-27,4.116,4.116,4.116,4.116,0.0,4.116,0
2022-05-31,4.062,4.062,4.062,4.062,0.0,4.062,0
2022-06-01,4.236,4.236,4.236,4.236,0.0,4.236,0
2022-06-02,4.237,4.237,4.237,4.237,0.0,4.237,0
2022-06-03,4.304,4.304,4.304,4.304,0.0,4.304,0
2022-06-06,4.403,4.403,4.403,4.403,0.0,4.403,0
2022-06-07,4.438,4.438,4.438,4.438,0.0,4.438,0
2022-06-08,4.508,4.508,4.508,4.508,0.0,4.508,0
2022-06-09,4.599,4.599,4.599,4.599,0.0,4.599,0
2022-06-10,4.654,4.654,4.654,4.654,0.0,4.654,0
2022-06-13,4.597,4.597,4.597,4.597,0.0,4.597,0
2022-06-14,4.519,4.519,4.519,4.519,0.0,4.519,0
2022-06-15,4.559,4.559,4.559,4.559,0.0,4.559,0
2022-06-16,4.543,4.543,4.543,4.543,0.0,4.543,0
2022-06-17,4.44,4.44,4.424,4.424,1.0,4.44,1
2022-06-21,4.411,4.411,4.411,4.411,0.0,4.411,0
2022-06-22,4.429,4.44,4.429,4.44,5.0,4.4298,2
2022-06-23,4.418,4.418,4.418,4.418,0.0,4.418,0
2022-06-24,4.234,4.234,4.234,4.234,0.0,4.234,0
2022-06-27,4.276,4.276,4.276,4.276,0.0,4.276,0
2022-06-28,4.246,4.246,4.246,4.246,0.0,4.246,0
2022-06-29,4.263,4.263,4.263,4.263,0.0,4.263,0
2022-06-30,4.008,4.008,4.008,4.008,0.0,4.008,0
2022-07-01,4.046,4.046,4.046,4.046,0.0,4.046,0
2022-07-04,4.046,4.046,4.046,4.046,0.0,4.046,0
2022-07-05,3.896,3.896,3.896,3.896,0.0,3.896,0
2022-07-06,3.988,3.988,3.988,3.988,0.0,3.988,0
2022-07-07,4.084,4.084,4.084,4.084,0.0,4.084,0
2022-07-08,4.083,4.083,4.083,4.083,0.0,4.083,0
2022-07-11,4.117,4.117,4.117,4.117,0.0,4.117,0
2022-07-12,4.028,4.028,4.028,4.028,0.0,4.028,0
2022-07-13,4.115,4.115,4.115,4.115,0.0,4.115,0
2022-07-14,4.037,4.037,4.037,4.037,0.0,4.037,0
2022-07-15,4.111,4.111,4.111,4.111,0.0,4.111,0
2022-07-18,4.069,4.069,4.069,4.069,0.0,4.069,0
2022-07-19,4.075,4.075,4.075,4.075,0.0,4.075,0
2022-07-20,4.218,4.218,4.218,4.218,0.0,4.218,0
2022-07-21,4.123,4.123,4.123,4.123,0.0,4.123,0
2022-07-22,4.127,4.127,4.127,4.127,0.0,4.127,0
2022-07-25,4.183,4.183,4.183,4.183,0.0,4.183,0
2022-07-26,4.21,4.21,4.21,4.21,0.0,4.21,0
2022-07-27,4.208,4.208,4.208,4.208,0.0,4.208,0
2022-07-28,4.184,4.184,4.184,4.184,0.0,4.184,0
2022-07-29,4.179,4.179,4.179,4.179,0.0,4.179,0
2022-08-01,4.162,4.162,4.162,4.162,0.0,4.162,0
2022-08-02,4.164,4.164,4.164,4.164,0.0,4.164,0
2022-08-03,4.185,4.185,4.185,4.185,0.0,4.185,0
2022-08-04,4.166,4.166,4.166,4.166,0.0,4.166,0
2022-08-05,4.168,4.168,4.168,4.168,0.0,4.168,0
2022-08-08,4.13,4.13,4.13,4.13,0.0,4.13,0
2022-08-09,4.178,4.178,4.178,4.178,0.0,4.178,0
2022-08-10,4.208,4.208,4.208,4.208,0.0,4.208,0
2022-08-11,4.308,4.308,4.308,4.308,0.0,4.308,0
2022-08-12,4.296,4.296,4.296,4.296,0.0,4.296,0
2022-08-15,4.387,4.387,4.387,4.387,0.0,4.387,0
2022-08-16,4.426,4.426,4.426,4.426,0.0,4.426,0
2022-08-17,4.395,4.395,4.395,4.395,0.0,4.395,0
2022-08-18,4.401,4.401,4.401,4.401,0.0,4.401,0
2022-08-19,4.417,4.417,4.417,4.417,0.0,4.417,0
2022-08-22,4.476,4.476,4.476,4.476,0.0,4.476,0
2022-08-23,4.483,4.483,4.483,4.483,0.0,4.483,0
2022-08-24,4.492,4.492,4.492,4.492,0.0,4.492,0
2022-08-25,4.554,4.554,4.554,4.554,0.0,4.554,0
2022-08-26,4.578,4.578,4.578,4.578,0.0,4.578,0
2022-08-29,4.591,4.591,4.591,4.591,0.0,4.591,0
2022-08-30,4.62,4.62,4.598,4.598,3.0,4.62,2
2022-08-31,4.645,4.645,4.645,4.645,0.0,4.645,0
2022-09-01,4.713,4.713,4.713,4.713,0.0,4.713,0
2022-09-02,4.764,4.764,4.764,4.764,0.0,4.764,0
2022-09-05,4.764,4.764,4.764,4.764,0.0,4.764,0
2022-09-06,4.739,4.739,4.739,4.739,0.0,4.739,0
2022-09-07,4.645,4.645,4.645,4.645,0.0,4.645,0
2022-09-08,4.561,4.561,4.561,4.561,0.0,4.561,0
2022-09-09,4.612,4.612,4.612,4.612,0.0,4.612,0
2022-09-12,4.644,4.644,4.644,4.644,0.0,4.644,0
2022-09-13,4.673,4.673,4.673,4.673,0.0,4.673,0
2022-09-14,4.712,4.712,4.712,4.712,0.0,4.712,0
2022-09-15,4.666,4.666,4.666,4.666,0.0,4.666,0
2022-09-16,4.586,4.586,4.586,4.586,0.0,4.586,0
2022-09-19,4.546,4.546,4.546,4.546,0.0,4.546,0
2022-09-20,4.42,4.523,4.42,4.523,2.0,4.42,1
2022-09-21,4.396,4.396,4.396,4.396,0.0,4.396,0
2022-09-22,4.287,4.287,4.287,4.287,0.0,4.287,0
2022-09-23,4.287,4.287,4.287,4.287,0.0,4.287,0
2022-09-26,4.221,4.221,4.221,4.221,0.0,4.221,0
2022-09-27,4.205,4.205,4.205,4.205,0.0,4.205,0
2022-09-28,4.218,4.218,4.218,4.218,0.0,4.218,0
2022-09-29,4.203,4.203,4.203,4.203,0.0,4.203,0
2022-09-30,4.209,4.209,4.209,4.209,0.0,4.209,0
2022-10-03,4.161,4.161,4.161,4.161,0.0,4.161,0
2022-10-04,4.19,4.19,4.19,4.19,0.0,4.19,0
2022-10-05,4.157,4.157,4.157,4.157,0.0,4.157,0
2022-10-06,4.184,4.184,4.184,4.184,0.0,4.184,0
2022-10-07,4.201,4.201,4.201,4.201,0.0,4.201,0
2022-10-10,4.208,4.208,4.208,4.208,0.0,4.208,0
2022-10-11,4.246,4.246,4.246,4.246,0.0,4.246,0
2022-10-12,4.201,4.201,4.201,4.201,0.0,4.201,0
2022-10-13,4.194,4.194,4.194,4.194,0.0,4.194,0
2022-10-14,4.201,4.201,4.201,4.201,0.0,4.201,0
2022-10-17,4.186,4.186,4.186,4.186,0.0,4.186,0
2022-10-18,4.151,4.151,4.151,4.151,0.0,4.151,0
2022-10-19,4.126,4.126,4.126,4.126,0.0,4.126,0
2022-10-20,4.117,4.117,4.117,4.117,0.0,4.117,0
2022-10-21,4.077,4.077,4.077,4.077,0.0,4.077,0
2022-10-24,4.118,4.118,4.118,4.118,0.0,4.118,0
2022-10-25,4.123,4.123,4.123,4.123,0.0,4.123,0
2022-10-26,4.147,4.147,4.147,4.147,0.0,4.147,0
2022-10-27,4.14,4.14,4.14,4.14,0.0,4.14,0
2022-10-28,4.136,4.136,4.136,4.136,0.0,4.136,0
2022-10-31,4.16,4.16,4.16,4.16,0.0,4.16,0
2022-11-01,4.125,4.125,4.125,4.125,0.0,4.125,0
2022-11-02,4.164,4.164,4.164,4.164,0.0,4.164,0
2022-11-03,4.15,4.183,4.15,4.183,1.0,4.15,1
2022-11-04,4.281,4.281,4.281,4.281,0.0,4.281,0
2022-11-07,4.277,4.277,4.277,4.277,0.0,4.277,0
2022-11-08,4.248,4.248,4.248,4.248,0.0,4.248,0
2022-11-09,4.262,4.262,4.262,4.262,0.0,4.262,0
2022-11-10,4.262,4.262,4.262,4.262,0.0,4.262,0
2022-11-11,4.257,4.257,4.257,4.257,0.0,4.257,0
2022-11-14,4.226,4.226,4.226,4.226,0.0,4.226,0
2022-11-15,4.252,4.252,4.252,4.252,0.0,4.252,0
2022-11-16,4.271,4.271,4.271,4.271,0.0,4.271,0
2022-11-17,4.271,4.271,4.271,4.271,0.0,4.271,0
2022-11-18,4.27,4.27,4.27,4.27,0.0,4.27,0
2022-11-21,4.223,4.223,4.223,4.223,0.0,4.223,0
2022-11-22,4.228,4.228,4.228,4.228,0.0,4.228,0
2022-11-23,4.22,4.22,4.22,4.22,0.0,4.22,0
2022-11-24,4.22,4.22,4.22,4.22,0.0,4.22,0
2022-11-25,4.214,4.214,4.214,4.214,0.0,4.214,0
2022-11-28,4.15,4.15,4.15,4.15,0.0,4.15,0
2022-11-29,4.187,4.187,4.187,4.187,0.0,4.187,0
2022-11-30,4.201,4.201,4.201,4.201,0.0,4.201,0
2022-12-01,4.206,4.206,4.206,4.206,0.0,4.206,0
2022-12-02,4.193,4.193,4.193,4.193,0.0,4.193,0
2022-12-05,4.2,4.2,4.186,4.186,22.0,4.2,1
2022-12-06,4.199,4.199,4.199,4.199,0.0,4.199,0
2022-12-07,4.204,4.204,4.204,4.204,0.0,4.204,0
2022-12-08,4.237,4.237,4.237,4.237,0.0,4.237,0
2022-12-09,4.241,4.241,4.241,4.241,0.0,4.241,0
2022-12-12,4.267,4.267,4.267,4.267,0.0,4.267,0
2022-12-13,4.255,4.255,4.255,4.255,0.0,4.255,0
2022-12-14,4.253,4.253,4.253,4.253,0.0,4.253,0
2022-12-15,4.274,4.274,4.274,4.274,0.0,4.274,0
2022-12-16,4.309,4.309,4.309,4.309,0.0,4.309,0
2022-12-19,4.349,4.349,4.349,4.349,0.0,4.349,0
2022-12-20,4.344,4.344,4.344,4.344,0.0,4.344,0
2022-12-21,4.236,4.236,4.236,4.236,0.0,4.236,0
2022-12-22,4.153,4.153,4.153,4.153,0.0,4.153,0
2022-12-23,4.151,4.151,4.151,4.151,0.0,4.151,0
2022-12-27,4.229,4.229,4.229,4.229,0.0,4.229,0
2022-12-28,4.165,4.165,4.165,4.165,0.0,4.165,0
2022-12-29,4.143,4.143,4.143,4.143,0.0,4.143,0
2022-12-30,4.158,4.158,4.158,4.158,0.0,4.158,0
2023-01-03,4.104,4.104,4.104,4.104,0.0,4.104,0
2023-01-04,4.107,4.107,4.107,4.107,0.0,4.107,0
2023-01-05,3.999,3.999,3.999,3.999,0.0,3.999,0
2023-01-06,3.943,3.943,3.943,3.943,0.0,3.943,0
2023-01-09,3.951,3.951,3.951,3.951,0.0,3.951,0
2023-01-10,3.946,3.975,3.946,3.975,3.0,3.946,1
2023-01-11,3.941,3.941,3.941,3.941,0.0,3.941,0
2023-01-12,3.94,3.94,3.94,3.94,0.0,3.94,0
2023-01-13,3.949,3.949,3.949,3.949,0.0,3.949,0
2023-01-16,3.949,3.949,3.949,3.949,0.0,3.949,0
2023-01-17,3.965,3.965,3.965,3.965,0.0,3.965,0
2023-01-18,3.963,3.963,3.963,3.963,0.0,3.963,0
2023-01-19,3.965,3.965,3.965,3.965,0.0,3.965,0
2023-01-20,3.991,3.991,3.991,3.991,0.0,3.991,0
2023-01-23,4.004,4.004,4.004,4.004,0.0,4.004,0
2023-01-24,3.973,3.973,3.973,3.973,0.0,3.973,0
2023-01-25,3.916,3.916,3.916,3.916,0.0,3.916,0
2023-01-26,3.917,3.917,3.917,3.917,0.0,3.917,0
2023-01-27,3.908,3.908,3.908,3.908,0.0,3.908,0
2023-01-30,3.829,3.829,3.829,3.829,0.0,3.829,0
2023-01-31,3.84,3.84,3.84,3.84,0.0,3.84,0
2023-02-01,3.744,3.744,3.744,3.744,0.0,3.744,0
2023-02-02,3.689,3.724,3.689,3.724,2.0,3.69,2
2023-02-03,3.681,3.681,3.681,3.681,0.0,3.681,0
2023-02-10,3.648,3.648,3.648,3.648,0.0,3.648,0
2023-02-13,3.591,3.591,3.591,3.591,0.0,3.591,0
2023-02-14,3.615,3.615,3.615,3.615,0.0,3.615,0
2023-02-15,3.6,3.6,3.6,3.6,0.0,3.6,0
2023-02-16,3.6,3.6,3.6,3.6,0.0,3.6,0
2023-02-17,3.563,3.563,3.563,3.563,0.0,3.563,0
2023-02-20,3.563,3.563,3.563,3.563,0.0,3.563,0
2023-02-21,3.578,3.578,3.578,3.578,0.0,3.578,0
2023-02-22,3.609,3.609,3.609,3.609,0.0,3.609,0
2023-02-23,3.673,3.673,3.659,3.659,1.0,3.673,1
2023-02-24,3.707,3.707,3.707,3.707,0.0,3.707,0
2023-02-27,3.747,3.747,3.747,3.747,0.0,3.747,0
2023-02-28,3.795,3.795,3.795,3.795,0.0,3.795,0
2023-03-01,3.876,3.876,3.876,3.876,0.0,3.876,0
2023-03-02,3.884,3.884,3.884,3.884,0.0,3.884,0
2023-03-03,3.924,3.924,3.924,3.924,0.0,3.924,0
2023-03-06,3.958,3.958,3.958,3.958,0.0,3.958,0
2023-03-07,4.099,4.099,4.099,4.099,0.0,4.099,0
2023-03-08,4.076,4.076,4.076,4.076,0.0,4.076,0
2023-03-09,3.988,3.988,3.988,3.988,0.0,3.988,0
2023-03-10,4.067,4.067,4.067,4.067,0.0,4.067,0
2023-03-13,4.078,4.078,4.078,4.078,0.0,4.078,0
2023-03-14,4.129,4.129,4.129,4.129,0.0,4.129,0
2023-03-15,4.091,4.091,4.091,4.091,0.0,4.091,0
2023-03-16,4.133,4.133,4.133,4.133,0.0,4.133,0
2023-03-17,4.126,4.126,4.126,4.126,0.0,4.126,0
2023-03-20,4.052,4.052,4.052,4.052,0.0,4.052,0
2023-03-21,4.141,4.141,4.141,4.141,0.0,4.141,0
2023-03-22,4.08,4.08,4.08,4.08,0.0,4.08,0
2023-03-23,4.105,4.105,4.105,4.105,0.0,4.105,0
2023-03-24,4.074,4.074,4.074,4.074,0.0,4.074,0
2023-03-27,4.035,4.035,4.035,4.035,0.0,4.035,0
2023-03-28,4.006,4.006,4.006,4.006,0.0,4.006,0
2023-03-29,4.0,4.031,4.0,4.031,43.0,4.0,2
2023-03-30,4.0,4.0,4.0,4.0,0.0,4.0,0
2023-03-31,4.022,4.022,4.022,4.022,0.0,4.022,0
2023-04-03,3.996,3.996,3.996,3.996,0.0,3.996,0
2023-04-04,4.008,4.008,4.008,4.008,0.0,4.008,0
2023-04-05,3.964,3.964,3.964,3.964,0.0,3.964,0
2023-04-06,3.92,3.92,3.92,3.92,0.0,3.92,0
2023-04-10,3.997,3.997,3.997,3.997,0.0,3.997,0
2023-04-11,4.007,4.007,4.007,4.007,0.0,4.007,0
2023-04-12,3.933,3.933,3.933,3.933,0.0,3.933,0
2023-04-13,3.901,3.901,3.901,3.901,0.0,3.901,0
2023-04-14,3.921,3.921,3.921,3.921,0.0,3.921,0
2023-04-17,3.999,3.999,3.999,3.999,0.0,3.999,0
2023-04-18,3.997,3.997,3.997,3.997,0.0,3.997,0
2023-04-19,4.019,4.019,4.019,4.019,0.0,4.019,0
2023-04-20,4.051,4.051,4.051,4.051,0.0,4.051,0
2023-04-21,4.058,4.058,4.058,4.058,0.0,4.058,0
2023-04-24,4.097,4.097,4.097,4.097,0.0,4.097,0
2023-04-25,4.075,4.075,4.075,4.075,0.0,4.075,0
2023-04-26,4.066,4.066,4.066,4.066,0.0,4.066,0
2023-04-27,4.07,4.07,4.07,4.07,0.0,4.07,0
2023-04-28,4.089,4.089,4.089,4.089,0.0,4.089,0
2023-05-01,4.046,4.046,4.046,4.046,0.0,4.046,0
2023-05-02,4.045,4.045,4.045,4.045,0.0,4.045,0
2023-05-03,4.03,4.03,4.03,4.03,0.0,4.03,0
2023-05-04,4.045,4.045,4.045,4.045,0.0,4.045,0
2023-05-05,4.052,4.052,4.052,4.052,0.0,4.052,0
2023-05-08,4.02,4.02,4.02,4.02,0.0,4.02,0
2023-05-09,3.98,4.003,3.98,4.003,4.0,3.98,1
2023-05-10,3.992,3.992,3.992,3.992,0.0,3.992,0
2023-05-11,3.987,3.987,3.987,3.987,0.0,3.987,0
2023-05-12,3.977,3.977,3.977,3.977,0.0,3.977,0
2023-05-15,3.981,3.981,3.981,3.981,0.0,3.981,0
2023-05-16,3.954,3.954,3.954,3.954,0.0,3.954,0
2023-05-17,3.923,3.923,3.923,3.923,0.0,3.923,0
2023-05-18,3.934,3.934,3.934,3.934,0.0,3.934,0
2023-05-19,3.881,3.881,3.881,3.881,0.0,3.881,0
2023-05-22,3.841,3.841,3.841,3.841,0.0,3.841,0
2023-05-23,3.814,3.814,3.814,3.814,0.0,3.814,0
2023-05-24,3.869,3.869,3.869,3.869,0.0,3.869,0
2023-05-25,3.84,3.84,3.84,3.84,0.0,3.84,0
2023-05-26,3.86,3.868,3.86,3.868,1.0,3.86,1
2023-05-29,3.868,3.868,3.868,3.868,0.0,3.868,0
2023-05-30,3.828,3.828,3.828,3.828,0.0,3.828,0
2023-05-31,3.793,3.793,3.793,3.793,0.0,3.793,0
2023-06-01,3.651,3.651,3.651,3.651,0.0,3.651,0
2023-06-02,3.691,3.691,3.691,3.691,0.0,3.691,0
2023-06-05,3.711,3.711,3.711,3.711,0.0,3.711,0
2023-06-06,3.699,3.699,3.699,3.699,0.0,3.699,0
2023-06-07,3.718,3.718,3.718,3.718,0.0,3.718,0
2023-06-08,3.718,3.718,3.718,3.718,0.0,3.718,0
2023-06-09,3.686,3.686,3.686,3.686,0.0,3.686,0
2023-06-12,3.683,3.683,3.683,3.683,0.0,3.683,0
2023-06-13,3.676,3.676,3.676,3.676,0.0,3.676,0
2023-06-14,3.72,3.72,3.72,3.72,0.0,3.72,0
2023-06-15,3.732,3.732,3.732,3.732,0.0,3.732,0
2023-06-16,3.704,3.704,3.704,3.704,0.0,3.704,0
2023-06-19,3.704,3.704,3.704,3.704,0.0,3.704,0
2023-06-20,3.725,3.725,3.725,3.725,0.0,3.725,0
2023-06-21,3.78,3.78,3.78,3.78,0.0,3.78,0
2023-06-22,3.798,3.798,3.798,3.798,0.0,3.798,0
2023-06-23,3.756,3.756,3.756,3.756,0.0,3.756,0
2023-06-26,3.736,3.736,3.736,3.736,0.0,3.736,0
2023-06-27,3.718,3.718,3.718,3.718,0.0,3.718,0
2023-06-28,3.707,3.707,3.682,3.682,2.0,3.707,1
2023-06-29,3.665,3.665,3.645,3.645,4.0,3.6635,2
2023-06-30,3.663,3.663,3.663,3.663,0.0,3.663,0
2023-07-03,3.664,3.664,3.664,3.664,0.0,3.664,0
2023-07-04,3.664,3.664,3.664,3.664,0.0,3.664,0
2023-07-05,3.637,3.637,3.637,3.637,0.0,3.637,0
2023-07-06,3.654,3.654,3.654,3.654,0.0,3.654,0
2023-07-07,3.663,3.663,3.663,3.663,0.0,3.663,0
2023-07-10,3.672,3.672,3.672,3.672,0.0,3.672,0
2023-07-11,3.683,3.683,3.683,3.683,0.0,3.683,0
2023-07-12,3.68,3.68,3.68,3.68,0.0,3.68,0
2023-07-13,3.647,3.647,3.647,3.647,0.0,3.647,0
2023-07-14,3.68,3.68,3.68,3.68,0.0,3.68,0
2023-07-17,3.668,3.668,3.668,3.668,0.0,3.668,0
2023-07-18,3.698,3.698,3.698,3.698,0.0,3.698,0
2023-07-19,3.683,3.683,3.683,3.683,0.0,3.683,0
2023-07-20,3.705,3.705,3.705,3.705,0.0,3.705,0
2023-07-21,3.725,3.725,3.725,3.725,0.0,3.725,0
2023-07-24,3.76,3.76,3.76,3.76,0.0,3.76,0
2023-07-25,3.765,3.774,3.765,3.774,1.0,3.765,1
2023-07-26,3.782,3.782,3.782,3.782,0.0,3.782,0
2023-07-27,3.771,3.771,3.771,3.771,0.0,3.771,0
2023-07-28,3.78,3.78,3.78,3.78,0.0,3.78,0
2023-07-31,3.765,3.765,3.765,3.765,0.0,3.765,0
2023-08-01,3.745,3.745,3.745,3.745,0.0,3.745,0
2023-08-02,3.745,3.745,3.743,3.743,1.0,3.745,1
2023-08-03,3.731,3.731,3.731,3.731,0.0,3.731,0
2023-08-04,3.719,3.719,3.719,3.719,0.0,3.719,0
2023-08-07,3.767,3.767,3.767,3.767,0.0,3.767,0
2023-08-08,3.759,3.759,3.759,3.759,0.0,3.759,0
2023-08-09,3.721,3.721,3.721,3.721,0.0,3.721,0
2023-08-10,3.706,3.706,3.706,3.706,0.0,3.706,0
2023-08-11,3.746,3.746,3.746,3.746,0.0,3.746,0
2023-08-14,3.748,3.748,3.748,3.748,0.0,3.748,0
2023-08-15,3.742,3.742,3.742,3.742,0.0,3.742,0
2023-08-16,3.751,3.751,3.751,3.751,0.0,3.751,0
2023-08-17,3.75,3.75,3.75,3.75,0.0,3.75,0
2023-08-18,3.731,3.731,3.731,3.731,0.0,3.731,0
2023-08-21,3.756,3.756,3.756,3.756,0.0,3.756,0
2023-08-22,3.731,3.731,3.731,3.731,0.0,3.731,0
2023-08-23,3.742,3.742,3.742,3.742,0.0,3.742,0
2023-08-24,3.702,3.702,3.702,3.702,0.0,3.702,0
2023-08-25,3.705,3.705,3.705,3.705,0.0,3.705,0
2023-08-28,3.701,3.701,3.701,3.701,0.0,3.701,0
2023-08-29,3.67,3.67,3.67,3.67,0.0,3.67,0
2023-08-30,3.705,3.705,3.705,3.705,0.0,3.705,0
2023-08-31,3.713,3.713,3.713,3.713,0.0,3.713,0
2023-09-01,3.701,3.701,3.701,3.701,0.0,3.701,0
2023-09-04,3.701,3.701,3.701,3.701,0.0,3.701,0
2023-09-05,3.665,3.665,3.665,3.665,0.0,3.665,0
2023-09-06,3.677,3.677,3.677,3.677,0.0,3.677,0
2023-09-07,3.66,3.66,3.66,3.66,0.0,3.66,0
2023-09-08,3.666,3.666,3.666,3.666,0.0,3.666,0
2023-09-11,3.614,3.614,3.614,3.614,0.0,3.614,0
2023-09-12,3.66,3.676,3.66,3.676,300.0,3.66,7
2023-09-13,3.704,3.704,3.704,3.704,0.0,3.704,0
2023-09-14,3.711,3.711,3.711,3.711,0.0,3.711,0
2023-09-15,3.658,3.666,3.65,3.666,12.0,3.6513,3
2023-09-18,3.692,3.692,3.692,3.692,0.0,3.692,0
2023-09-19,3.69,3.69,3.69,3.69,0.0,3.69,0
2023-09-20,3.7,3.7,3.7,3.7,0.0,3.7,0
2023-09-21,3.726,3.726,3.726,3.726,0.0,3.726,0
2023-09-22,3.766,3.766,3.766,3.766,0.0,3.766,0
2023-09-25,3.728,3.728,3.728,3.728,0.0,3.728,0
2023-09-26,3.747,3.747,3.747,3.747,0.0,3.747,0
2023-09-27,3.724,3.724,3.724,3.724,0.0,3.724,0
2023-09-28,3.757,3.757,3.757,3.757,0.0,3.757,0
2023-09-29,3.75,3.756,3.75,3.756,1.0,3.75,1
2023-10-02,3.74,3.74,3.74,3.74,0.0,3.74,0
2023-10-03,3.769,3.769,3.769,3.769,0.0,3.769,0
2023-10-04,3.738,3.738,3.738,3.738,0.0,3.738,0
2023-10-05,3.751,3.751,3.751,3.751,0.0,3.751,0
2023-10-06,3.75,3.75,3.75,3.75,0.0,3.75,0
2023-10-09,3.764,3.764,3.764,3.764,0.0,3.764,0
2023-10-10,3.785,3.785,3.785,3.785,0.0,3.785,0
2023-10-11,3.8,3.8,3.8,3.8,0.0,3.8,0
2023-10-12,3.82,3.82,3.82,3.82,0.0,3.82,0
2023-10-13,3.818,3.818,3.818,3.818,0.0,3.818,0
2023-10-16,3.808,3.808,3.808,3.808,0.0,3.808,0
2023-10-17,3.808,3.808,3.808,3.808,0.0,3.808,0
2023-10-18,3.801,3.801,3.801,3.801,0.0,3.801,0
2023-10-19,3.808,3.808,3.808,3.808,0.0,3.808,0
2023-10-20,3.814,3.814,3.814,3.814,0.0,3.814,0
2023-10-23,3.818,3.818,3.818,3.818,0.0,3.818,0
2023-10-24,3.808,3.808,3.803,3.803,1.0,3.808,1
2023-10-25,3.812,3.812,3.812,3.812,0.0,3.812,0
2023-10-26,3.8,3.8,3.8,3.8,0.0,3.8,0
2023-10-27,3.799,3.799,3.799,3.799,0.0,3.799,0
2023-10-30,3.824,3.824,3.824,3.824,0.0,3.824,0
2023-10-31,3.816,3.816,3.816,3.816,0.0,3.816,0
2023-11-01,3.86,3.86,3.86,3.86,0.0,3.86,0
2023-11-02,3.933,3.933,3.933,3.933,0.0,3.933,0
2023-11-03,3.95,3.95,3.935,3.935,200.0,3.95,2
2023-11-06,3.954,3.954,3.954,3.954,0.0,3.954,0
2023-11-07,3.94,3.94,3.94,3.94,0.0,3.94,0
2023-11-08,3.9,3.9,3.9,3.9,0.0,3.9,0
2023-11-09,3.891,3.891,3.891,3.891,0.0,3.891,0
2023-11-10,3.876,3.876,3.876,3.876,0.0,3.876,0
2023-11-13,3.895,3.895,3.895,3.895,0.0,3.895,0
2023-11-14,3.884,3.884,3.884,3.884,0.0,3.884,0
2023-11-15,3.917,3.917,3.917,3.917,0.0,3.917,0
2023-11-16,3.893,3.893,3.893,3.893,0.0,3.893,0
2023-11-17,3.864,3.864,3.864,3.864,0.0,3.864,0
2023-11-20,3.833,3.833,3.833,3.833,0.0,3.833,0
2023-11-21,3.789,3.789,3.789,3.789,0.0,3.789,0
2023-11-22,3.803,3.803,3.803,3.803,0.0,3.803,0
2023-11-23,3.803,3.803,3.803,3.803,0.0,3.803,0
2023-11-24,3.838,3.838,3.838,3.838,0.0,3.838,0
2023-11-27,3.839,3.839,3.839,3.839,0.0,3.839,0
2023-11-28,3.783,3.783,3.783,3.783,0.0,3.783,0
2023-11-29,3.781,3.781,3.781,3.781,0.0,3.781,0
2023-11-30,3.745,3.745,3.745,3.745,0.0,3.745,0
2023-12-01,3.75,3.765,3.75,3.765,2.0,3.75,1
2023-12-04,3.719,3.719,3.719,3.719,0.0,3.719,0
2023-12-05,3.724,3.724,3.724,3.724,0.0,3.724,0
2023-12-06,3.58,3.58,3.563,3.571,2.0,3.5715,2
2023-12-07,3.561,3.561,3.561,3.561,0.0,3.561,0
2023-12-08,3.5,3.502,3.5,3.502,1.0,3.5,1
2023-12-11,3.465,3.465,3.465,3.465,0.0,3.465,0
2023-12-12,3.467,3.467,3.467,3.467,0.0,3.467,0
2023-12-13,3.502,3.502,3.502,3.502,0.0,3.502,0
2023-12-14,3.566,3.566,3.566,3.566,0.0,3.566,0
2023-12-15,3.638,3.638,3.638,3.638,0.0,3.638,0
2023-12-18,3.643,3.643,3.643,3.643,0.0,3.643,0
2023-12-19,3.605,3.605,3.605,3.605,0.0,3.605,0
2023-12-20,3.619,3.619,3.619,3.619,0.0,3.619,0
2023-12-21,3.651,3.651,3.651,3.651,0.0,3.651,0
2023-12-22,3.558,3.558,3.558,3.558,0.0,3.558,0
2023-12-26,3.534,3.534,3.534,3.534,0.0,3.534,0
2023-12-27,3.573,3.573,3.573,3.573,0.0,3.573,0
2023-12-28,3.622,3.622,3.622,3.622,0.0,3.622,0
2023-12-29,3.649,3.649,3.649,3.649,0.0,3.649,0
2024-01-02,3.661,3.661,3.661,3.661,0.0,3.661,0
2024-01-03,3.659,3.659,3.659,3.659,0.0,3.659,0
2024-01-04,3.674,3.674,3.674,3.674,0.0,3.674,0
2024-01-05,3.707,3.707,3.707,3.707,0.0,3.707,0
2024-01-08,3.732,3.732,3.732,3.732,0.0,3.732,0
2024-01-09,3.73,3.73,3.717,3.717,7.0,3.73,1
2024-01-10,3.687,3.687,3.687,3.687,0.0,3.687,0
2024-01-11,3.664,3.664,3.664,3.664,0.0,3.664,0
2024-01-12,3.65,3.65,3.65,3.65,0.0,3.65,0
2024-01-15,3.65,3.65,3.65,3.65,0.0,3.65,0
2024-01-16,3.636,3.636,3.636,3.636,0.0,3.636,0
2024-01-17,3.676,3.676,3.676,3.676,0.0,3.676,0
2024-01-18,3.66,3.66,3.66,3.66,0.0,3.66,0
2024-01-19,3.614,3.614,3.614,3.614,0.0,3.614,0
2024-01-22,3.577,3.577,3.577,3.577,0.0,3.577,0
2024-01-23,3.65,3.65,3.65,3.65,0.0,3.65,0
2024-01-24,3.634,3.634,3.634,3.634,0.0,3.634,0
2024-01-25,3.561,3.561,3.561,3.561,0.0,3.561,0
2024-01-26,3.58,3.58,3.58,3.58,0.0,3.58,0
2024-01-29,3.542,3.542,3.542,3.542,0.0,3.542,0
2024-01-30,3.55,3.55,3.541,3.541,1.0,3.55,1
2024-01-31,3.542,3.542,3.542,3.542,0.0,3.542,0
2024-02-01,3.542,3.542,3.53,3.53,2.0,3.542,1
2024-02-02,3.563,3.563,3.563,3.563,0.0,3.563,0
2024-02-05,3.559,3.559,3.559,3.559,0.0,3.559,0
2024-02-06,3.559,3.559,3.553,3.553,3.0,3.559,1
2024-02-07,3.55,3.558,3.55,3.558,200.0,3.55,4
2024-02-08,3.55,3.555,3.55,3.55,21.0,3.5502,2
2024-02-09,3.565,3.565,3.565,3.565,0.0,3.565,0
2024-02-12,3.553,3.553,3.553,3.553,0.0,3.553,0
2024-02-13,3.573,3.573,3.55,3.55,1.0,3.573,1
2024-02-14,3.493,3.493,3.493,3.493,0.0,3.493,0
2024-02-15,3.493,3.493,3.449,3.449,1.0,3.493,1
2024-02-16,3.416,3.416,3.416,3.416,0.0,3.416,0
2024-02-19,3.416,3.416,3.416,3.416,0.0,3.416,0
2024-02-20,3.448,3.448,3.448,3.448,0.0,3.448,0
2024-02-21,3.539,3.539,3.539,3.539,0.0,3.539,0
2024-02-22,3.575,3.575,3.575,3.575,0.0,3.575,0
2024-02-23,3.544,3.544,3.544,3.544,0.0,3.544,0
2024-02-26,3.561,3.561,3.561,3.561,0.0,3.561,0
2024-02-27,3.579,3.579,3.579,3.579,0.0,3.579,0
2024-02-28,3.619,3.619,3.619,3.619,0.0,3.619,0
2024-02-29,3.612,3.612,3.612,3.612,0.0,3.612,0
2024-03-01,3.6,3.6,3.6,3.6,0.0,3.6,0
2024-03-04,3.623,3.623,3.623,3.623,0.0,3.623,0
2024-03-05,3.615,3.636,3.615,3.636,5.0,3.615,1
2024-03-06,3.651,3.651,3.651,3.651,0.0,3.651,0
2024-03-07,3.644,3.644,3.644,3.644,0.0,3.644,0
2024-03-08,3.64,3.64,3.634,3.634,1.0,3.64,1
2024-03-11,3.637,3.637,3.637,3.637,0.0,3.637,0
2024-03-12,3.638,3.638,3.638,3.638,0.0,3.638,0
2024-03-13,3.64,3.66,3.64,3.643,2.0,3.65,2
2024-03-14,3.643,3.654,3.643,3.654,1.0,3.643,1
2024-03-15,3.618,3.618,3.618,3.618,0.0,3.618,0
2024-03-18,3.651,3.658,3.651,3.658,3.0,3.651,1
2024-03-19,3.65,3.659,3.65,3.659,10.0,3.65,1
2024-03-20,3.633,3.633,3.633,3.633,0.0,3.633,0
2024-03-21,3.617,3.617,3.617,3.617,0.0,3.617,0
2024-03-22,3.607,3.607,3.607,3.607,0.0,3.607,0
2024-03-25,3.585,3.599,3.58,3.599,6.0,3.5825,4
2024-03-26,3.603,3.628,3.603,3.628,9.0,3.6106,3
2024-03-27,3.619,3.619,3.61,3.616,6.0,3.613,5
2024-03-28,3.625,3.649,3.625,3.649,2.0,3.625,2
2024-04-01,3.631,3.664,3.631,3.664,4.0,3.6332,2
2024-04-02,3.68,3.69,3.674,3.674,21.0,3.6813,5
2024-04-03,3.668,3.672,3.668,3.672,12.0,3.668,3
2024-04-04,3.641,3.655,3.641,3.655,8.0,3.643,2
2024-04-05,3.645,3.655,3.642,3.651,13.0,3.6499,3
2024-04-08,3.659,3.671,3.659,3.671,5.0,3.6626,4
2024-04-09,3.683,3.684,3.67,3.681,40.0,3.6737,7
2024-04-10,3.682,3.71,3.682,3.689,11.0,3.6868,5
2024-04-11,3.74,3.763,3.738,3.738,12.0,3.7556,11
2024-04-12,3.773,3.797,3.764,3.797,9.0,3.772,3
2024-04-15,3.8,3.833,3.8,3.833,2.0,3.805,2
2024-04-16,3.821,3.837,3.82,3.837,14.0,3.8214,5
2024-04-17,3.84,3.84,3.822,3.828,5.0,3.8328,2
2024-04-18,3.81,3.812,3.81,3.812,6.0,3.8107,3
2024-04-19,3.82,3.82,3.805,3.812,24.0,3.8131,12
2024-04-22,3.833,3.833,3.833,3.833,0.0,3.833,0
2024-04-23,3.838,3.838,3.838,3.838,0.0,3.838,0
2024-04-24,3.85,3.863,3.85,3.863,1.0,3.85,1
2024-04-25,3.845,3.845,3.845,3.845,0.0,3.845,0
2024-04-26,3.856,3.856,3.856,3.856,0.0,3.856,0
2024-04-29,3.882,3.882,3.882,3.882,0.0,3.882,0
2024-04-30,3.855,3.874,3.855,3.874,8.0,3.8569,4
2024-05-01,3.862,3.862,3.862,3.862,0.0,3.862,0
2024-05-02,3.851,3.851,3.851,3.851,0.0,3.851,0
2024-05-03,3.85,3.85,3.825,3.825,1.0,3.85,1
2024-05-06,3.827,3.827,3.827,3.827,0.0,3.827,0
2024-05-07,3.782,3.782,3.782,3.782,0.0,3.782,0
2024-05-08,3.748,3.748,3.748,3.748,0.0,3.748,0
2024-05-09,3.701,3.701,3.699,3.699,4.0,3.701,1
2024-05-10,3.705,3.733,3.705,3.733,7.0,3.705,4
2024-05-13,3.73,3.73,3.73,3.73,0.0,3.73,0
2024-05-14,3.748,3.752,3.746,3.746,4.0,3.75,2
2024-05-15,3.776,3.778,3.776,3.778,2.0,3.776,2
2024-05-16,3.815,3.815,3.815,3.815,0.0,3.815,0
2024-05-17,3.835,3.835,3.835,3.835,0.0,3.835,0
2024-05-20,3.86,3.86,3.856,3.856,3.0,3.8587,2
2024-05-21,3.839,3.839,3.839,3.839,0.0,3.839,0
2024-05-22,3.843,3.843,3.843,3.843,0.0,3.843,0
2024-05-23,3.845,3.845,3.824,3.824,36.0,3.8443,3
2024-05-24,3.815,3.815,3.794,3.794,1.0,3.815,1
2024-05-27,3.794,3.794,3.794,3.794,0.0,3.794,0
2024-05-28,3.786,3.786,3.786,3.786,0.0,3.786,0
2024-05-29,3.735,3.735,3.735,3.735,0.0,3.735,0
2024-05-30,3.714,3.714,3.714,3.714,0.0,3.714,0
2024-05-31,3.7,3.703,3.7,3.703,16.0,3.7,1
2024-06-03,3.7,3.717,3.7,3.717,31.0,3.7,1
2024-06-04,3.703,3.703,3.703,3.703,0.0,3.703,0
2024-06-05,3.743,3.743,3.743,3.743,0.0,3.743,0
2024-06-06,3.75,3.752,3.746,3.746,32.0,3.7501,4
2024-06-07,3.76,3.76,3.747,3.747,31.0,3.76,1
2024-06-10,3.758,3.758,3.758,3.758,0.0,3.758,0
2024-06-11,3.77,3.796,3.77,3.796,315.0,3.7843,2
2024-06-12,3.75,3.765,3.75,3.765,5.0,3.75,3
2024-06-13,3.714,3.732,3.714,3.732,5.0,3.714,1
2024-06-14,3.734,3.734,3.734,3.734,0.0,3.734,0
2024-06-17,3.722,3.757,3.722,3.757,15.0,3.722,1
2024-06-18,3.776,3.776,3.776,3.776,0.0,3.776,0
2024-06-19,3.776,3.776,3.776,3.776,0.0,3.776,0
2024-06-20,3.74,3.749,3.735,3.749,2.0,3.7375,2
2024-06-21,3.729,3.737,3.729,3.737,2.0,3.729,2
2024-06-24,3.738,3.743,3.738,3.743,11.0,3.738,11
2024-06-25,3.738,3.738,3.738,3.738,0.0,3.738,0
2024-06-26,3.71,3.74,3.71,3.74,9.0,3.71,1
2024-06-27,3.735,3.735,3.663,3.663,16.0,3.6941,13
2024-06-28,3.675,3.675,3.675,3.675,0.0,3.675,0
2024-07-01,3.654,3.654,3.654,3.654,0.0,3.654,0
2024-07-02,3.656,3.656,3.647,3.647,4.0,3.653,2
2024-07-03,3.631,3.636,3.63,3.636,8.0,3.6305,6
2024-07-04,3.636,3.636,3.636,3.636,0.0,3.636,0
2024-07-05,3.634,3.64,3.618,3.618,22.0,3.632,8
2024-07-08,3.64,3.641,3.631,3.637,16.0,3.6358,7
2024-07-09,3.648,3.67,3.634,3.634,11.0,3.6499,6
2024-07-10,3.617,3.63,3.61,3.63,103.0,3.6182,91
2024-07-11,3.596,3.606,3.592,3.606,15.0,3.598,8
2024-07-12,3.597,3.61,3.584,3.584,33.0,3.5955,24
2024-07-15,3.572,3.572,3.558,3.572,14.0,3.5666,9
2024-07-16,3.57,3.573,3.55,3.55,10.0,3.5694,5
2024-07-17,3.528,3.528,3.485,3.485,45.0,3.5081,41
2024-07-18,3.495,3.498,3.495,3.498,255.0,3.495,4
2024-07-19,3.526,3.547,3.526,3.541,27.0,3.5462,14
2024-07-22,3.567,3.572,3.567,3.572,2.0,3.567,1
2024-07-23,3.562,3.562,3.553,3.553,7.0,3.5576,4
2024-07-24,3.534,3.539,3.532,3.532,72.0,3.5376,4
2024-07-25,3.49,3.49,3.48,3.48,12.0,3.4858,2
2024-07-26,3.47,3.484,3.47,3.481,3.0,3.4763,3
2024-07-29,3.442,3.465,3.442,3.446,17.0,3.4623,4
2024-07-30,3.448,3.448,3.448,3.448,0.0,3.448,0
2024-07-31,3.425,3.438,3.422,3.436,16.0,3.4313,9
2024-08-01,3.444,3.444,3.398,3.404,19.0,3.4304,5
2024-08-02,3.413,3.413,3.394,3.406,18.0,3.4042,13
2024-08-05,3.377,3.383,3.36,3.364,23.0,3.3711,10
2024-08-06,3.348,3.37,3.34,3.358,9.0,3.3518,5
2024-08-07,3.394,3.394,3.385,3.388,29.0,3.3866,24
2024-08-08,3.401,3.457,3.393,3.445,32.0,3.4305,10
2024-08-09,3.462,3.472,3.451,3.459,19.0,3.4566,11
2024-08-12,3.485,3.485,3.445,3.465,13.0,3.4684,8
2024-08-13,3.469,3.477,3.424,3.424,12.0,3.4636,7
2024-08-14,3.415,3.461,3.415,3.452,53.0,3.4489,34
2024-08-15,3.446,3.453,3.437,3.447,11.0,3.4445,6
2024-08-16,3.421,3.433,3.391,3.391,7.0,3.4139,6
2024-08-19,3.412,3.412,3.401,3.411,14.0,3.405,10
2024-08-20,3.42,3.454,3.392,3.454,9.0,3.4091,5
2024-08-21,3.465,3.474,3.465,3.474,1.0,3.465,1
2024-08-22,3.452,3.475,3.452,3.469,5.0,3.4684,4
2024-08-23,3.433,3.477,3.433,3.477,183.0,3.4665,40
2024-08-26,3.444,3.478,3.444,3.468,17.0,3.4568,11
2024-08-27,3.463,3.469,3.452,3.464,19.0,3.4611,12
2024-08-28,3.434,3.467,3.434,3.457,12.0,3.4407,6
2024-08-29,3.432,3.436,3.409,3.434,31.0,3.4292,15
2024-08-30,3.403,3.429,3.403,3.426,37.0,3.4174,20
2024-09-02,3.426,3.426,3.426,3.426,0.0,3.426,0
2024-09-03,3.432,3.434,3.402,3.432,12.0,3.4214,12
2024-09-04,3.418,3.42,3.418,3.42,5.0,3.4186,5
2024-09-05,3.403,3.436,3.403,3.415,10.0,3.4083,8
2024-09-06,3.42,3.42,3.394,3.409,56.0,3.4124,38
2024-09-09,3.397,3.412,3.396,3.411,105.0,3.4072,51
2024-09-10,3.428,3.429,3.389,3.407,28.0,3.3999,21
2024-09-11,3.425,3.428,3.407,3.407,42.0,3.425,16
2024-09-12,3.409,3.41,3.399,3.404,19.0,3.405,13
2024-09-13,3.403,3.412,3.391,3.391,2.0,3.4075,2
2024-09-16,3.381,3.399,3.381,3.398,46.0,3.3881,28
2024-09-17,3.409,3.415,3.393,3.396,22.0,3.4063,17
2024-09-18,3.423,3.424,3.392,3.401,47.0,3.4058,31
2024-09-19,3.41,3.424,3.398,3.42,34.0,3.4093,19
2024-09-20,3.403,3.456,3.403,3.455,39.0,3.4268,22
2024-09-23,3.455,3.483,3.435,3.435,76.0,3.4588,38
2024-09-24,3.448,3.452,3.426,3.436,40.0,3.4357,22
2024-09-25,3.447,3.467,3.447,3.467,26.0,3.4543,14
2024-09-26,3.452,3.484,3.452,3.484,135.0,3.4731,20
2024-09-27,3.465,3.506,3.46,3.505,75.0,3.489,39
2024-09-30,3.483,3.506,3.482,3.498,31.0,3.4925,17
2024-10-01,3.495,3.497,3.477,3.484,7.0,3.4866,4
2024-10-02,3.497,3.51,3.486,3.495,19.0,3.5004,11
2024-10-03,3.515,3.517,3.506,3.514,54.0,3.5132,38
2024-10-04,3.515,3.531,3.507,3.527,62.0,3.5184,27
2024-10-07,3.535,3.543,3.525,3.529,49.0,3.5318,32
2024-10-08,3.531,3.531,3.494,3.517,33.0,3.5137,15
2024-10-09,3.497,3.502,3.469,3.489,61.0,3.4825,39
2024-10-10,3.466,3.483,3.435,3.483,35.0,3.4608,24
2024-10-11,3.486,3.486,3.443,3.456,32.0,3.4508,10
2024-10-14,3.436,3.436,3.415,3.421,10.0,3.4232,7
2024-10-15,3.385,3.461,3.384,3.451,14.0,3.4068,12
2024-10-16,3.403,3.437,3.398,3.429,33.0,3.4106,24
2024-10-17,3.391,3.447,3.391,3.44,24.0,3.415,16
2024-10-18,3.415,3.418,3.398,3.404,102.0,3.4068,45
2024-10-21,3.378,3.431,3.373,3.42,29.0,3.3976,15
2024-10-22,3.425,3.465,3.42,3.456,232.0,3.4393,30
2024-10-23,3.43,3.473,3.42,3.469,48.0,3.4389,31
2024-10-24,3.462,3.478,3.45,3.478,270.0,3.4572,122
2024-10-25,3.468,3.497,3.462,3.489,51.0,3.4716,33
2024-10-28,3.459,3.459,3.414,3.447,71.0,3.4295,43
2024-10-29,3.43,3.456,3.418,3.453,62.0,3.4282,40
2024-10-30,3.477,3.496,3.464,3.488,119.0,3.4803,54
2024-10-31,3.488,3.488,3.451,3.478,97.0,3.4675,69
2024-11-01,3.467,3.479,3.452,3.469,46.0,3.4706,32
2024-11-04,3.46,3.483,3.455,3.469,328.0,3.458,80
2024-11-05,3.477,3.484,3.433,3.437,109.0,3.4482,66
2024-11-06,3.415,3.486,3.415,3.466,87.0,3.4578,38
2024-11-07,3.445,3.469,3.409,3.452,118.0,3.4382,79
2024-11-08,3.43,3.461,3.423,3.45,109.0,3.4425,61
2024-11-11,3.489,3.508,3.477,3.481,132.0,3.4925,59
2024-11-12,3.469,3.497,3.469,3.479,176.0,3.4852,105
2024-11-13,3.482,3.522,3.468,3.513,93.0,3.4977,62
2024-11-14,3.52,3.532,3.497,3.501,117.0,3.5146,92
2024-11-15,3.508,3.523,3.498,3.523,31.0,3.5134,19
2024-11-18,3.542,3.549,3.507,3.547,138.0,3.5341,64
2024-11-19,3.547,3.574,3.518,3.559,53.0,3.5438,36
2024-11-20,3.564,3.598,3.564,3.593,130.0,3.5888,84
2024-11-21,3.591,3.658,3.586,3.614,264.0,3.6068,148
2024-11-22,3.638,3.655,3.562,3.603,110.0,3.6014,89
2024-11-25,3.624,3.65,3.624,3.65,118.0,3.6377,96
2024-11-26,3.632,3.661,3.621,3.654,51.0,3.6475,44
2024-11-27,3.61,3.617,3.593,3.604,175.0,3.5962,75
2024-11-28,3.604,3.604,3.604,3.604,0.0,3.604,0
2024-11-29,3.639,3.654,3.616,3.633,39.0,3.6368,25
2024-12-02,3.589,3.629,3.589,3.629,48.0,3.6189,34
2024-12-03,3.657,3.666,3.582,3.588,65.0,3.6212,46
2024-12-04,3.585,3.649,3.575,3.639,119.0,3.6305,60
2024-12-05,3.65,3.657,3.638,3.645,27.0,3.6469,19
2024-12-06,3.623,3.656,3.623,3.652,135.0,3.6435,63
2024-12-09,3.658,3.66,3.625,3.649,89.0,3.6479,47
2024-12-10,3.627,3.647,3.609,3.643,91.0,3.6338,46
2024-12-11,3.638,3.677,3.63,3.654,42.0,3.6506,39
2024-12-12,3.661,3.672,3.635,3.659,111.0,3.6543,59
2024-12-13,3.665,3.673,3.62,3.635,213.0,3.6397,117
2024-12-16,3.636,3.638,3.616,3.618,82.0,3.6303,62
2024-12-17,3.625,3.639,3.602,3.631,77.0,3.6161,47
2024-12-18,3.617,3.645,3.616,3.618,266.0,3.6324,66
2024-12-19,3.647,3.672,3.624,3.641,178.0,3.6416,93
2024-12-20,3.644,3.685,3.631,3.675,384.0,3.6656,121
2024-12-23,3.7,3.709,3.669,3.698,166.0,3.6889,84
2024-12-24,3.696,3.714,3.689,3.709,77.0,3.7003,70
2024-12-26,3.707,3.707,3.674,3.702,166.0,3.6927,106
2024-12-27,3.752,3.753,3.714,3.749,288.0,3.7459,85
2024-12-30,3.751,3.815,3.746,3.785,175.0,3.7829,149
2024-12-31,3.785,3.785,3.712,3.744,125.0,3.7385,109
2025-01-02,3.744,3.791,3.744,3.75,235.0,3.7775,149
2025-01-03,3.727,3.759,3.669,3.69,126.0,3.7206,95
2025-01-06,3.735,3.744,3.713,3.725,119.0,3.7322,90
2025-01-07,3.695,3.759,3.686,3.707,159.0,3.7317,130
2025-01-08,3.764,3.778,3.73,3.738,138.0,3.7545,104
2025-01-09,3.717,3.792,3.717,3.751,96.0,3.754,91
2025-01-10,3.785,3.795,3.761,3.766,368.0,3.7796,252
2025-01-13,3.797,3.821,3.768,3.775,225.0,3.7899,148
2025-01-14,3.722,3.796,3.711,3.787,310.0,3.7721,261
2025-01-15,3.777,3.837,3.775,3.829,337.0,3.8055,215
2025-01-16,3.809,3.918,3.802,3.907,486.0,3.854,274
2025-01-17,3.888,3.888,3.802,3.827,461.0,3.8384,321
2025-01-20,3.794,3.834,3.794,3.827,78.0,3.8181,54
2025-01-21,3.795,3.844,3.787,3.801,175.0,3.8083,126
2025-01-22,3.79,3.897,3.79,3.869,256.0,3.8574,165
2025-01-23,3.857,3.91,3.835,3.891,135.0,3.8716,96
2025-01-24,3.872,3.896,3.833,3.896,136.0,3.859,91
2025-01-27,3.822,3.833,3.745,3.808,256.0,3.7817,166
2025-01-28,3.782,3.782,3.733,3.737,147.0,3.7464,84
2025-01-29,3.717,3.807,3.712,3.789,442.0,3.7632,273
2025-01-30,3.792,3.792,3.714,3.721,321.0,3.7394,206
2025-01-31,3.732,3.76,3.693,3.724,179.0,3.7319,128
2025-02-03,3.82,3.829,3.778,3.806,236.0,3.7978,134
2025-02-04,3.776,3.805,3.747,3.785,120.0,3.7788,89
2025-02-05,3.771,3.821,3.744,3.806,299.0,3.7901,153
2025-02-06,3.808,3.838,3.785,3.81,233.0,3.8046,168
2025-02-07,3.803,3.816,3.77,3.782,328.0,3.7943,192
2025-02-10,3.815,3.902,3.806,3.896,595.0,3.8645,357
2025-02-11,3.907,3.957,3.907,3.93,269.0,3.9334,219
2025-02-12,3.921,3.942,3.902,3.942,430.0,3.9301,294
2025-02-13,3.968,4.006,3.931,3.963,992.0,3.9864,603
2025-02-14,3.989,4.022,3.96,3.978,709.0,3.9717,451
2025-02-17,3.926,3.978,3.893,3.978,35.0,3.9108,32
2025-02-18,3.911,4.09,3.91,4.081,530.0,4.0229,399
2025-02-19,4.077,4.133,4.071,4.122,1614.0,4.0972,887
2025-02-20,4.133,4.145,4.006,4.018,421.0,4.0538,350
2025-02-21,4.037,4.067,3.991,4.015,746.0,4.0274,578
2025-02-24,3.967,3.996,3.948,3.983,276.0,3.9758,238
2025-02-25,3.981,4.007,3.97,4.003,782.0,3.9834,424
2025-02-26,3.995,4.01,3.886,3.897,529.0,3.9146,354
2025-02-27,3.893,3.917,3.866,3.875,373.0,3.8922,337
2025-02-28,3.878,3.9,3.86,3.893,317.0,3.8859,231
2025-03-03,3.89,3.976,3.89,3.966,984.0,3.9421,585
2025-03-04,3.948,4.023,3.905,3.978,942.0,3.9961,671
2025-03-05,3.984,4.043,3.95,4.036,320.0,3.991,264
2025-03-06,4.031,4.035,3.977,3.992,328.0,4.0013,238
2025-03-07,3.969,4.14,3.966,4.125,425.0,4.025,284
2025-03-10,4.259,4.277,4.171,4.184,249.0,4.2009,212
2025-03-11,4.165,4.248,4.165,4.234,275.0,4.2268,232
2025-03-12,4.178,4.21,4.133,4.157,932.0,4.1834,373
2025-03-13,4.153,4.228,4.101,4.213,488.0,4.1892,388
2025-03-14,4.188,4.277,4.168,4.241,469.0,4.2202,362
2025-03-17,4.253,4.264,4.193,4.22,302.0,4.2195,221
2025-03-18,4.184,4.24,4.184,4.204,300.0,4.217,204
2025-03-19,4.212,4.256,4.199,4.25,527.0,4.2347,386
2025-03-20,4.218,4.245,4.161,4.165,322.0,4.1899,221
2025-03-21,4.167,4.182,4.121,4.152,404.0,4.1532,301
2025-03-24,4.105,4.189,4.105,4.162,232.0,4.1587,210
2025-03-25,4.156,4.19,4.14,4.16,137.0,4.1619,111
2025-03-26,4.17,4.191,4.147,4.158,291.0,4.1671,210
2025-03-27,4.149,4.197,4.092,4.187,428.0,4.152,315
2025-03-28,4.156,4.21,4.139,4.191,446.0,4.1735,304
2025-03-31,4.2,4.228,4.19,4.211,255.0,4.2093,171
2025-04-01,4.198,4.203,4.147,4.152,340.0,4.1782,270
2025-04-02,4.17,4.209,4.154,4.183,284.0,4.1913,230
2025-04-03,4.168,4.203,4.134,4.168,872.0,4.1703,534
2025-04-04,4.15,4.164,3.963,4.017,1567.0,4.0155,1020
2025-04-07,3.94,4.02,3.863,3.9,914.0,3.9495,645
2025-04-08,3.874,3.973,3.806,3.84,1194.0,3.8768,554
2025-04-09,3.826,3.996,3.716,3.993,2470.0,3.7988,1405
2025-04-10,3.939,3.967,3.805,3.862,709.0,3.8746,465
2025-04-11,3.806,3.882,3.784,3.878,1220.0,3.8397,464
2025-04-14,3.86,3.945,3.825,3.834,1027.0,3.8553,469
2025-04-15,3.838,3.913,3.83,3.906,862.0,3.8738,535
2025-04-16,3.872,3.972,3.869,3.958,870.0,3.9321,508
2025-04-17,3.967,4.022,3.951,3.986,744.0,3.9902,489
2025-04-21,3.979,4.01,3.897,3.897,637.0,3.92,447
2025-04-22,3.926,3.957,3.898,3.917,1166.0,3.9221,659
2025-04-23,3.923,3.979,3.905,3.942,711.0,3.9404,463
2025-04-24,3.924,3.966,3.906,3.959,440.0,3.9379,329
2025-04-25,3.953,3.998,3.937,3.955,316.0,3.9657,229
2025-04-28,3.974,4.055,3.922,4.032,978.0,4.0077,613
2025-04-29,4.057,4.086,4.025,4.068,1154.0,4.0604,690
2025-04-30,4.097,4.13,4.059,4.112,997.0,4.0907,639
2025-05-01,4.143,4.198,4.134,4.179,767.0,4.1659,560
2025-05-02,4.162,4.25,4.156,4.23,853.0,4.2245,536
2025-05-05,4.276,4.342,4.249,4.265,1012.0,4.2926,593
2025-05-06,4.285,4.32,4.245,4.26,950.0,4.2787,618
2025-05-07,4.303,4.306,4.242,4.249,1156.0,4.2771,628
2025-05-08,4.241,4.269,4.198,4.219,717.0,4.2275,395
2025-05-09,4.254,4.269,4.224,4.263,515.0,4.2521,324
2025-05-12,4.261,4.279,4.222,4.232,264.0,4.2458,175
2025-05-13,4.212,4.282,4.212,4.27,1034.0,4.2538,665
2025-05-14,4.258,4.266,4.207,4.225,444.0,4.2283,269
2025-05-15,4.22,4.271,4.207,4.219,1294.0,4.2276,791
2025-05-16,4.222,4.252,4.192,4.24,883.0,4.2324,622
2025-05-19,4.194,4.205,4.066,4.087,1752.0,4.1417,1029
2025-05-20,4.103,4.203,4.093,4.195,1611.0,4.1653,883
2025-05-21,4.2,4.265,4.173,4.207,383.0,4.2178,236
2025-05-22,4.202,4.243,4.175,4.206,623.0,4.2093,416
2025-05-23,4.235,4.255,4.202,4.255,966.0,4.2374,557
2025-05-27,4.26,4.304,4.22,4.256,733.0,4.2553,521
2025-05-28,4.252,4.273,4.165,4.185,1122.0,4.2027,671
2025-05-29,4.191,4.191,4.112,4.157,570.0,4.1372,378
2025-05-30,4.159,4.18,4.121,4.143,594.0,4.1491,367
2025-06-02,4.173,4.245,4.167,4.224,839.0,4.2112,580
2025-06-03,4.248,4.268,4.205,4.261,960.0,4.2373,673
2025-06-04,4.267,4.307,4.255,4.299,947.0,4.2837,616
2025-06-05,4.293,4.318,4.256,4.286,1052.0,4.2939,773
2025-06-06,4.306,4.344,4.279,4.328,1155.0,4.3169,758
2025-06-09,4.299,4.315,4.258,4.312,671.0,4.288,458
2025-06-10,4.318,4.331,4.254,4.277,879.0,4.2775,440
2025-06-11,4.276,4.294,4.217,4.244,583.0,4.2543,417
2025-06-12,4.26,4.29,4.215,4.219,511.0,4.2457,411
2025-06-13,4.253,4.272,4.202,4.237,995.0,4.2302,554
2025-06-16,4.28,4.286,4.253,4.277,776.0,4.2726,511
2025-06-17,4.285,4.334,4.284,4.32,1014.0,4.3088,650
2025-06-18,4.332,4.394,4.326,4.34,1317.0,4.3478,837
2025-06-20,4.347,4.4,4.315,4.334,1348.0,4.3696,784
2025-06-23,4.349,4.365,4.287,4.31,940.0,4.3188,616
2025-06-24,4.282,4.322,4.254,4.269,813.0,4.2846,639
2025-06-25,4.255,4.286,4.245,4.256,570.0,4.2565,416
2025-06-26,4.244,4.267,4.212,4.256,1471.0,4.2374,971
2025-06-27,4.273,4.313,4.273,4.299,1230.0,4.2979,773
2025-06-30,4.277,4.277,4.145,4.163,1269.0,4.1754,804
2025-07-01,4.168,4.169,4.002,4.126,2839.0,4.0684,1725
2025-07-02,4.104,4.145,4.069,4.136,1174.0,4.1303,858
2025-07-03,4.144,4.195,4.072,4.09,1254.0,4.1335,886
2025-07-07,4.087,4.149,4.004,4.124,1105.0,4.0905,793
2025-07-08,4.116,4.158,4.097,4.112,1365.0,4.1237,912
2025-07-09,4.102,4.115,4.013,4.069,1485.0,4.0518,1005
2025-07-10,4.061,4.146,4.046,4.132,1005.0,4.0986,710
2025-07-11,4.137,4.174,4.115,4.164,778.0,4.1568,531
2025-07-14,4.178,4.246,4.178,4.219,1175.0,4.225,775
2025-07-15,4.198,4.251,4.195,4.242,892.0,4.2353,670
2025-07-16,4.254,4.257,4.221,4.237,747.0,4.238,531
2025-07-17,4.229,4.249,4.176,4.204,640.0,4.2095,472
2025-07-18,4.183,4.216,4.074,4.172,1489.0,4.1546,1015
2025-07-21,4.082,4.109,4.016,4.059,2378.0,4.0469,1512
2025-07-22,4.049,4.068,4.001,4.065,1933.0,4.0441,1343
2025-07-23,4.048,4.061,3.977,3.987,1756.0,4.0026,1229
2025-07-24,3.986,4.023,3.972,3.989,1274.0,3.9964,843
2025-07-25,3.985,4.006,3.933,3.947,1296.0,3.9611,850
2025-07-28,3.928,3.944,3.823,3.87,2638.0,3.8665,1775
2025-07-29,3.881,3.916,3.873,3.899,1011.0,3.894,710
2025-07-30,3.901,3.935,3.85,3.888,1538.0,3.8857,968
2025-07-31,3.874,3.937,3.847,3.923,1749.0,3.8894,1113
2025-08-01,3.906,3.932,3.894,3.925,692.0,3.9147,514
2025-08-04,3.888,3.911,3.819,3.853,1170.0,3.8435,718
2025-08-05,3.851,3.888,3.838,3.867,1153.0,3.8647,664
2025-08-06,3.872,3.911,3.832,3.9,1306.0,3.882,711
2025-08-07,3.898,3.922,3.87,3.894,767.0,3.8914,477
2025-08-08,3.905,3.917,3.824,3.842,852.0,3.8496,571
2025-08-11,3.798,3.867,3.796,3.853,1084.0,3.8324,696
2025-08-12,3.856,3.866,3.791,3.812,1412.0,3.8156,846
2025-08-13,3.803,3.826,3.78,3.793,756.0,3.7943,502
2025-08-14,3.799,3.799,3.745,3.774,1157.0,3.7674,780
2025-08-15,3.774,3.838,3.762,3.811,1052.0,3.8124,654
2025-08-18,3.794,3.832,3.776,3.816,546.0,3.8042,382
2025-08-19,3.805,3.808,3.747,3.771,922.0,3.7665,552
2025-08-20,3.769,3.796,3.759,3.779,1540.0,3.7796,1088
2025-08-21,3.798,3.829,3.764,3.813,974.0,3.7978,691
2025-08-22,3.817,3.821,3.762,3.772,994.0,3.7829,713
2025-08-25,3.745,3.761,3.716,3.751,742.0,3.7441,545
2025-08-26,3.74,3.803,3.723,3.782,1062.0,3.7695,717
2025-08-27,3.795,3.854,3.793,3.826,975.0,3.8281,583
2025-08-28,3.834,3.895,3.806,3.872,1130.0,3.8585,783
2025-08-29,3.887,3.92,3.862,3.906,1580.0,3.8875,969
2025-09-02,3.906,3.927,3.856,3.882,868.0,3.8803,624
2025-09-03,3.868,3.93,3.864,3.888,1224.0,3.8948,790
2025-09-04,3.88,3.904,3.865,3.888,862.0,3.8819,591
2025-09-05,3.894,3.9,3.826,3.843,1130.0,3.8612,753
2025-09-08,3.852,3.891,3.844,3.863,994.0,3.8697,650
2025-09-09,3.854,3.892,3.827,3.878,1127.0,3.8633,736
2025-09-10,3.867,3.888,3.841,3.864,915.0,3.8644,655
2025-09-11,3.87,3.881,3.842,3.858,1149.0,3.8614,799
2025-09-12,3.849,3.865,3.826,3.83,1094.0,3.8421,692
2025-09-15,3.851,3.869,3.81,3.866,968.0,3.8404,694
2025-09-16,3.849,3.898,3.83,3.893,1122.0,3.8826,757
2025-09-17,3.896,3.922,3.881,3.906,1312.0,3.908,786
2025-09-18,3.899,3.91,3.845,3.864,1163.0,3.8691,765
2025-09-19,3.865,3.897,3.848,3.865,1469.0,3.8707,942
2025-09-22,3.888,3.892,3.828,3.831,1188.0,3.8451,807
2025-09-23,3.82,3.83,3.788,3.81,1727.0,3.8014,1046
2025-09-24,3.81,3.828,3.781,3.814,1074.0,3.7997,700
2025-09-25,3.823,3.866,3.813,3.842,1146.0,3.8463,638
2025-09-26,3.856,3.874,3.828,3.863,818.0,3.8506,553
2025-09-29,3.851,3.901,3.838,3.89,950.0,3.8695,702
2025-09-30,3.898,3.919,3.88,3.885,1674.0,3.8989,1175
2025-10-01,3.904,3.986,3.892,3.978,2512.0,3.944,1561
2025-10-02,3.969,4.068,3.961,4.021,2541.0,4.0229,1593
2025-10-03,4.031,4.051,4.001,4.012,2289.0,4.0212,1299
2025-10-06,4.046,4.08,3.998,4.006,1157.0,4.0196,783
2025-10-07,4.006,4.079,3.981,4.063,2075.0,4.0386,1379
2025-10-08,4.065,4.082,4.007,4.018,1562.0,4.0262,1028
2025-10-09,3.996,4.024,3.962,3.981,1958.0,3.9859,1475
2025-10-10,3.972,3.973,3.91,3.922,1869.0,3.9275,1228
2025-10-13,3.911,3.944,3.885,3.929,2031.0,3.9107,1468
2025-10-14,3.911,3.913,3.859,3.862,2338.0,3.8702,1575
2025-10-15,3.861,3.882,3.822,3.861,2121.0,3.8451,1529
2025-10-16,3.867,3.887,3.823,3.826,2174.0,3.8484,1522
2025-10-17,3.825,3.89,3.803,3.884,2061.0,3.8537,1423
2025-10-20,3.94,4.013,3.923,4.006,3471.0,3.9808,1952
2025-10-21,3.974,4.047,3.955,4.024,3496.0,3.9977,2324
2025-10-22,4.032,4.048,3.971,3.99,2779.0,4.0015,1887
2025-10-23,3.997,4.033,3.95,3.975,1890.0,3.9807,1350
2025-10-24,3.954,3.989,3.914,3.96,1817.0,3.9477,1195
2025-10-27,4.001,4.004,3.924,3.977,2387.0,3.9692,1739
2025-10-28,3.963,3.965,3.89,3.912,2902.0,3.9103,2151
2025-10-29,3.913,3.931,3.867,3.906,4109.0,3.8998,2817
2025-10-30,3.906,4.016,3.883,3.959,3285.0,3.9446,2243
2025-10-31,3.998,4.052,3.983,4.031,2772.0,4.0191,1819
2025-11-03,4.059,4.098,4.003,4.095,3316.0,4.0531,2114
2025-11-04,4.1,4.163,4.058,4.12,3248.0,4.1024,2163
2025-11-05,4.103,4.118,4.038,4.052,2473.0,4.0764,1552
2025-11-06,4.069,4.096,3.999,4.066,2564.0,4.0587,1595
2025-11-07,4.084,4.09,4.034,4.069,2398.0,4.0638,1575
2025-11-10,4.123,4.136,4.004,4.058,3116.0,4.0534,2006
2025-11-11,4.078,4.152,4.041,4.142,2889.0,4.1181,1912
2025-11-12,4.144,4.171,4.11,4.151,2873.0,4.1416,1867
2025-11-13,4.154,4.206,4.129,4.167,3000.0,4.1805,2065
2025-11-14,4.216,4.216,4.055,4.118,2758.0,4.0998,1976
2025-11-17,4.087,4.114,4.046,4.076,2284.0,4.0839,1584
2025-11-18,4.053,4.087,4.014,4.06,2341.0,4.0525,1683
2025-11-19,4.067,4.138,4.055,4.118,2906.0,4.1087,1953
2025-11-20,4.103,4.156,4.087,4.094,2787.0,4.1168,1825
2025-11-21,4.096,4.135,4.075,4.102,3744.0,4.1015,2506
2025-11-24,4.056,4.07,4.019,4.06,2808.0,4.0431,1870
2025-11-25,4.036,4.047,3.944,3.97,4202.0,3.97,2630
2025-11-26,3.979,4.021,3.957,3.974,2127.0,3.9848,1503
2025-11-28,3.984,4.055,3.949,4.042,2234.0,4.0181,1564
2025-12-01,4.046,4.072,4.013,4.046,4113.0,4.041,2930
2025-12-02,4.015,4.071,4.006,4.062,3361.0,4.0571,2328
2025-12-03,4.062,4.211,4.062,4.195,4616.0,4.1649,3153
2025-12-04,4.2,4.263,4.175,4.258,5017.0,4.2239,2981
2025-12-05,4.262,4.408,4.261,4.348,6833.0,4.3455,4595
2025-12-08,4.272,4.303,4.064,4.112,6009.0,4.1503,3933
2025-12-09,4.084,4.094,3.994,3.998,4223.0,4.0322,2914
2025-12-10,4.024,4.051,3.953,4.018,3627.0,4.0141,2469
2025-12-11,4.032,4.033,3.904,3.942,4608.0,3.9402,3049
2025-12-12,3.929,3.929,3.793,3.807,4973.0,3.8387,3137
2025-12-15,3.849,3.851,3.711,3.752,3177.0,3.7556,1938
2025-12-16,3.779,3.779,3.671,3.703,3917.0,3.7034,2429
2025-12-17,3.738,3.804,3.72,3.767,4496.0,3.7694,2742
2025-12-18,3.822,3.847,3.639,3.676,4951.0,3.7393,2924
2025-12-19,3.68,3.694,3.608,3.664,2944.0,3.6477,1966
2025-12-22,3.723,3.723,3.546,3.587,3801.0,3.5893,2213
2025-12-23,3.599,3.76,3.589,3.735,3696.0,3.6865,2566
2025-12-24,3.78,3.789,3.678,3.682,2549.0,3.7283,1738
2025-12-26,3.675,3.78,3.674,3.762,2281.0,3.7518,1561
2025-12-29,3.794,3.844,3.77,3.83,2941.0,3.8193,1850
2025-12-30,3.834,3.901,3.8,3.812,2832.0,3.8485,1945
2025-12-31,3.818,3.822,3.664,3.671,2832.0,3.695,1753
2026-01-02,3.644,3.659,3.577,3.585,2335.0,3.6194,1410
2026-01-05,3.549,3.573,3.394,3.464,7317.0,3.448,4379
2026-01-06,3.453,3.457,3.371,3.418,4618.0,3.4168,2851
2026-01-07,3.459,3.519,3.455,3.494,3129.0,3.4918,2056
2026-01-08,3.521,3.532,3.41,3.423,5716.0,3.4392,3231
2026-01-09,3.43,3.436,3.263,3.279,9941.0,3.3193,5610
2026-01-12,3.377,3.416,3.283,3.407,7926.0,3.3469,4772
2026-01-13,3.375,3.445,3.33,3.44,7155.0,3.4004,4142
2026-01-14,3.394,3.435,3.215,3.303,14056.0,3.2804,7468
2026-01-15,3.276,3.304,3.196,3.295,9179.0,3.2508,4498
2026-01-16,3.303,3.339,3.232,3.282,6486.0,3.2711,3807
2026-01-20,3.36,3.65,3.36,3.643,13080.0,3.5511,8041
2026-01-21,3.615,3.932,3.555,3.828,14276.0,3.8199,9339
2026-01-22,3.78,3.951,3.747,3.861,13221.0,3.8666,9106
2026-01-23,3.813,3.935,3.778,3.901,10423.0,3.8747,6554
2026-01-26,4.121,4.136,3.891,4.019,13056.0,3.9887,8833
2026-01-27,3.976,4.067,3.855,4.03,12195.0,3.9768,8986
2026-01-28,3.997,4.082,3.933,3.992,7119.0,3.9988,4736
2026-01-29,3.998,4.096,3.965,4.091,7973.0,4.0272,5126
2026-01-30,4.041,4.39,4.021,4.333,13167.0,4.2526,8413
2026-02-02,4.14,4.15,3.515,3.613,28729.0,3.7086,15173
2026-02-03,3.601,3.709,3.517,3.636,9464.0,3.6359,6333
2026-02-04,3.671,3.78,3.635,3.715,8867.0,3.7215,5010
2026-02-05,3.717,3.779,3.638,3.714,6997.0,3.7155,4204
2026-02-06,3.741,3.819,3.615,3.639,7687.0,3.6972,4675
2026-02-09,3.519,3.544,3.452,3.501,5909.0,3.5031,3536
2026-02-10,3.502,3.558,3.473,3.498,7286.0,3.5218,4542
2026-02-11,3.528,3.586,3.45,3.535,4579.0,3.5143,2957
2026-02-12,3.586,3.617,3.513,3.531,7648.0,3.5671,4624
2026-02-13,3.517,3.523,3.44,3.52,5068.0,3.4925,3012
2026-02-17,3.432,3.488,3.357,3.391,9201.0,3.4038,5438
2026-02-18,3.406,3.406,3.321,3.374,6426.0,3.3614,3672
2026-02-19,3.367,3.446,3.367,3.409,6948.0,3.4122,4232
2026-02-20,3.389,3.534,3.382,3.442,8696.0,3.4567,5064
2026-02-23,3.585,3.586,3.382,3.389,6938.0,3.4378,4290
2026-02-24,3.394,3.403,3.314,3.319,7939.0,3.3495,4766
2026-02-25,3.331,3.4,3.312,3.345,5747.0,3.3617,3084
2026-02-26,3.362,3.366,3.276,3.318,6524.0,3.307,3640
2026-02-27,3.319,3.372,3.317,3.337,5486.0,3.3459,2902
2026-03-02,3.38,3.531,3.355,3.412,8900.0,3.4381,5295
2026-03-03,3.448,3.631,3.428,3.484,12441.0,3.5524,7397
2026-03-04,3.472,3.513,3.374,3.391,8460.0,3.4176,4920
2026-03-05,3.411,3.545,3.409,3.485,7728.0,3.4639,4685
2026-03-06,3.484,3.709,3.448,3.623,12248.0,3.6264,6760
2026-03-09,3.751,3.881,3.429,3.542,14503.0,3.6463,9286
2026-03-10,3.444,3.564,3.388,3.446,11600.0,3.4664,6561
2026-03-11,3.485,3.615,3.452,3.59,7435.0,3.5432,4682
2026-03-12,3.605,3.685,3.531,3.588,9623.0,3.5929,6018
2026-03-13,3.617,3.641,3.483,3.512,7069.0,3.5268,4044
2026-03-16,3.55,3.55,3.379,3.412,8317.0,3.4387,4533
2026-03-17,3.421,3.494,3.401,3.421,7572.0,3.4431,4117
2026-03-18,3.427,3.567,3.323,3.428,10440.0,3.4297,5740
2026-03-19,3.55,3.627,3.43,3.491,11248.0,3.5342,7012
2026-03-20,3.461,3.497,3.402,3.457,7025.0,3.4424,4379
2026-03-23,3.47,3.513,3.287,3.296,8870.0,3.3452,5112
2026-03-24,3.325,3.372,3.243,3.305,6249.0,3.2961,3936
2026-03-25,3.268,3.341,3.213,3.31,7609.0,3.287,4714
2026-03-26,3.332,3.385,3.275,3.321,8617.0,3.3375,5304
2026-03-27,3.314,3.435,3.308,3.409,8154.0,3.4005,4699
2026-03-30,3.372,3.382,3.269,3.293,7319.0,3.3029,3857
2026-03-31,3.3,3.355,3.221,3.233,10758.0,3.2802,6050
2026-04-01,3.222,3.229,3.14,3.169,10219.0,3.1782,5836
2026-04-02,3.17,3.232,3.149,3.163,7869.0,3.1779,4499
2026-04-06,3.222,3.224,3.147,3.178,6168.0,3.1859,3538
2026-04-07,3.174,3.235,3.132,3.226,12611.0,3.2091,6001
2026-04-08,3.211,3.211,3.081,3.127,13770.0,3.1216,7136
2026-04-09,3.151,3.151,3.08,3.108,12558.0,3.1122,6523
2026-04-10,3.115,3.126,3.075,3.109,13013.0,3.1024,6494
2026-04-13,3.126,3.184,3.084,3.099,15447.0,3.1217,7932
2026-04-14,3.101,3.118,3.03,3.06,18508.0,3.0626,8725
2026-04-15,3.063,3.076,3.026,3.059,14298.0,3.0464,6622
2026-04-16,3.059,3.11,3.036,3.079,9520.0,3.0706,4856
2026-04-17,3.095,3.128,3.044,3.101,11107.0,3.0948,5926
2026-04-20,3.128,3.158,3.09,3.111,9039.0,3.1168,4936
2026-04-21,3.095,3.137,3.073,3.117,10936.0,3.1137,5779
2026-04-22,3.111,3.176,3.1,3.133,10294.0,3.145,5084
2026-04-23,3.121,3.147,3.001,3.051,24201.0,3.0458,12138
2026-04-24,3.049,3.049,2.954,2.983,22046.0,2.9848,11186
2026-04-27,2.99,3.092,2.987,3.024,23134.0,3.053,11786
2026-04-28,3.029,3.042,2.976,2.99,21446.0,3.0082,9841
2026-04-29,2.984,2.99,2.919,2.945,17998.0,2.9467,8801
2026-04-30,2.945,3.065,2.893,3.044,31452.0,2.9992,14885
2026-05-01,3.03,3.095,3.026,3.075,22372.0,3.0683,11531
2026-05-04,3.065,3.176,3.048,3.159,29594.0,3.1374,14865
2026-05-05,3.144,3.153,3.046,3.072,24732.0,3.0922,12416
2026-05-06,3.063,3.071,2.972,3.009,28609.0,3.0056,14563
2026-05-07,2.997,3.063,2.951,3.023,36270.0,3.0118,18062
2026-05-08,3.045,3.087,2.991,3.007,23959.0,3.0404,13078
2026-05-11,2.994,3.148,2.994,3.128,34465.0,3.0999,16730
2026-05-12,3.136,3.152,3.021,3.054,35315.0,3.0654,17641
2026-05-13,3.041,3.11,3.007,3.062,31056.0,3.0651,15928
2026-05-14,3.063,3.113,3.001,3.092,38506.0,3.0577,18217
2026-05-15,3.111,3.148,3.083,3.124,33256.0,3.1207,15464
2026-05-18,3.145,3.232,3.125,3.188,49106.0,3.182,22381
2026-05-19,3.186,3.299,3.174,3.284,59988.0,3.2492,26434
2026-05-20,3.284,3.307,3.14,3.155,69964.0,3.205,30462
2026-05-21,3.165,3.208,3.117,3.156,84870.0,3.1618,41497
2026-05-22,3.133,3.148,3.008,3.021,98488.0,3.0582,43176
2026-05-26,3.021,3.104,2.982,3.01,103965.0,3.0524,49888
2026-05-27,3.011,3.15,2.978,3.095,129383.0,3.088,53524
2026-05-28,3.088,3.306,3.057,3.285,147936.0,3.2069,58259
2026-05-29,3.299,3.388,3.272,3.29,118299.0,3.3298,51322
2026-06-01,3.335,3.396,3.16,3.179,120204.0,3.2255,52336
2026-06-02,3.194,3.228,3.099,3.167,94998.0,3.1578,39854
2026-06-03,3.172,3.262,3.143,3.214,91188.0,3.2013,42159
2026-06-04,3.255,3.376,3.211,3.336,138238.0,3.3252,58462
2026-06-05,3.355,3.365,3.208,3.229,89141.0,3.2623,42557
2026-06-08,3.185,3.195,3.097,3.147,99307.0,3.1353,42691
2026-06-09,3.144,3.207,3.117,3.14,88919.0,3.1614,38434
2026-06-10,3.138,3.249,3.072,3.185,98436.0,3.1955,43461
2026-06-11,3.186,3.204,3.054,3.087,110003.0,3.1057,47064
2026-06-12,3.085,3.143,3.031,3.12,75061.0,3.098,33147
2026-06-15,3.085,3.163,3.017,3.147,77915.0,3.1016,34825
2026-06-16,3.155,3.268,3.127,3.239,89178.0,3.2019,37572
2026-06-17,3.257,3.299,3.121,3.145,103348.0,3.1809,43909
2026-06-18,3.154,3.246,3.125,3.233,82669.0,3.1789,37645
2026-06-22,3.216,3.335,3.183,3.253,79469.0,3.2647,39686
2026-06-23,3.237,3.277,3.142,3.147,41119.0,3.1911,18654
2026-06-24,3.161,3.232,3.136,3.221,20474.0,3.1905,8686
2026-06-25,3.223,3.363,3.196,3.343,32926.0,3.2935,14632
2026-06-26,3.302,3.441,3.201,3.231,2891.0,3.2721,1607
