date,open,high,low,close,volume,average,barCount
2017-03-14,2.989,2.989,2.989,2.989,0.0,2.989,0
2017-03-15,3.009,3.009,3.009,3.009,0.0,3.009,0
2017-03-16,3.028,3.028,3.028,3.028,0.0,3.028,0
2017-03-17,3.033,3.033,3.033,3.033,0.0,3.033,0
2017-03-20,3.036,3.036,3.036,3.036,0.0,3.036,0
2017-03-21,3.046,3.046,3.046,3.046,0.0,3.046,0
2017-03-22,3.048,3.048,3.048,3.048,0.0,3.048,0
2017-03-23,3.043,3.043,3.043,3.043,0.0,3.043,0
2017-03-24,3.009,3.009,3.009,3.009,0.0,3.009,0
2017-03-27,2.999,2.999,2.999,2.999,0.0,2.999,0
2017-03-28,2.99,2.99,2.99,2.99,0.0,2.99,0
2017-03-29,2.998,2.998,2.998,2.998,0.0,2.998,0
2017-03-30,3.001,3.001,3.001,3.001,0.0,3.001,0
2017-03-31,3.011,3.011,3.011,3.011,0.0,3.011,0
2017-04-03,3.018,3.018,3.018,3.018,0.0,3.018,0
2017-04-04,3.031,3.031,3.031,3.031,0.0,3.031,0
2017-04-05,3.05,3.05,3.05,3.05,0.0,3.05,0
2017-04-06,3.032,3.032,3.032,3.032,0.0,3.032,0
2017-04-07,3.046,3.046,3.046,3.046,0.0,3.046,0
2017-04-10,3.055,3.055,3.055,3.055,0.0,3.055,0
2017-04-11,3.086,3.086,3.086,3.086,0.0,3.086,0
2017-04-12,3.087,3.087,3.087,3.087,0.0,3.087,0
2017-04-13,3.102,3.102,3.102,3.102,0.0,3.102,0
2017-04-17,3.089,3.089,3.089,3.089,0.0,3.089,0
2017-04-18,3.119,3.119,3.119,3.119,0.0,3.119,0
2017-04-19,3.13,3.13,3.13,3.13,0.0,3.13,0
2017-04-20,3.164,3.164,3.164,3.164,0.0,3.164,0
2017-04-21,3.165,3.165,3.165,3.165,0.0,3.165,0
2017-04-24,3.124,3.124,3.124,3.124,0.0,3.124,0
2017-04-25,3.124,3.124,3.124,3.124,0.0,3.124,0
2017-04-26,3.115,3.115,3.115,3.115,0.0,3.115,0
2017-04-27,3.106,3.106,3.106,3.106,0.0,3.106,0
2017-04-28,3.127,3.127,3.127,3.127,0.0,3.127,0
2017-05-01,3.102,3.102,3.102,3.102,0.0,3.102,0
2017-05-02,3.103,3.103,3.103,3.103,0.0,3.103,0
2017-05-03,3.122,3.122,3.122,3.122,0.0,3.122,0
2017-05-04,3.165,3.165,3.165,3.165,0.0,3.165,0
2017-05-05,3.165,3.165,3.165,3.165,0.0,3.165,0
2017-05-08,3.156,3.156,3.156,3.156,0.0,3.156,0
2017-05-09,3.159,3.159,3.159,3.159,0.0,3.159,0
2017-05-10,3.16,3.16,3.16,3.16,0.0,3.16,0
2017-05-11,3.194,3.194,3.194,3.194,0.0,3.194,0
2017-05-12,3.198,3.198,3.198,3.198,0.0,3.198,0
2017-05-15,3.203,3.203,3.203,3.203,0.0,3.203,0
2017-05-16,3.22,3.22,3.22,3.22,0.0,3.22,0
2017-05-17,3.216,3.216,3.216,3.216,0.0,3.216,0
2017-05-18,3.203,3.203,3.203,3.203,0.0,3.203,0
2017-05-19,3.193,3.193,3.193,3.193,0.0,3.193,0
2017-05-22,3.195,3.195,3.195,3.195,0.0,3.195,0
2017-05-23,3.262,3.262,3.262,3.262,0.0,3.262,0
2017-05-24,3.264,3.264,3.264,3.264,0.0,3.264,0
2017-05-25,3.249,3.249,3.249,3.249,0.0,3.249,0
2017-05-26,3.234,3.234,3.234,3.234,0.0,3.234,0
2017-05-30,3.201,3.201,3.201,3.201,0.0,3.201,0
2017-05-31,3.197,3.197,3.197,3.197,0.0,3.197,0
2017-06-01,3.199,3.199,3.199,3.199,0.0,3.199,0
2017-06-02,3.189,3.189,3.189,3.189,0.0,3.189,0
2017-06-05,3.159,3.159,3.159,3.159,0.0,3.159,0
2017-06-06,3.101,3.101,3.101,3.101,0.0,3.101,0
2017-06-07,3.112,3.112,3.112,3.112,0.0,3.112,0
2017-06-08,3.13,3.13,3.13,3.13,0.0,3.13,0
2017-06-09,3.127,3.127,3.127,3.127,0.0,3.127,0
2017-06-12,3.129,3.129,3.129,3.129,0.0,3.129,0
2017-06-13,3.126,3.126,3.126,3.126,0.0,3.126,0
2017-06-14,3.115,3.115,3.115,3.115,0.0,3.115,0
2017-06-15,3.143,3.143,3.143,3.143,0.0,3.143,0
2017-06-16,3.132,3.132,3.132,3.132,0.0,3.132,0
2017-06-19,3.155,3.155,3.155,3.155,0.0,3.155,0
2017-06-20,3.197,3.197,3.197,3.197,0.0,3.197,0
2017-06-21,3.218,3.218,3.218,3.218,0.0,3.218,0
2017-06-22,3.212,3.212,3.212,3.212,0.0,3.212,0
2017-06-23,3.202,3.202,3.202,3.202,0.0,3.202,0
2017-06-26,3.179,3.179,3.179,3.179,0.0,3.179,0
2017-06-27,3.182,3.182,3.182,3.182,0.0,3.182,0
2017-06-28,3.172,3.172,3.172,3.172,0.0,3.172,0
2017-06-29,3.172,3.172,3.172,3.172,0.0,3.172,0
2017-06-30,3.185,3.185,3.185,3.185,0.0,3.185,0
2017-07-03,3.189,3.189,3.189,3.189,0.0,3.189,0
2017-07-05,3.173,3.173,3.173,3.173,0.0,3.173,0
2017-07-06,3.123,3.123,3.123,3.123,0.0,3.123,0
2017-07-07,3.118,3.118,3.118,3.118,0.0,3.118,0
2017-07-10,3.105,3.105,3.105,3.105,0.0,3.105,0
2017-07-11,3.102,3.102,3.102,3.102,0.0,3.102,0
2017-07-12,3.088,3.088,3.088,3.088,0.0,3.088,0
2017-07-13,3.101,3.101,3.101,3.101,0.0,3.101,0
2017-07-14,3.104,3.104,3.104,3.104,0.0,3.104,0
2017-07-17,3.097,3.097,3.097,3.097,0.0,3.097,0
2017-07-18,3.1,3.1,3.1,3.1,0.0,3.1,0
2017-07-19,3.085,3.085,3.085,3.085,0.0,3.085,0
2017-07-20,3.066,3.066,3.066,3.066,0.0,3.066,0
2017-07-21,3.065,3.065,3.065,3.065,0.0,3.065,0
2017-07-24,3.04,3.04,3.04,3.04,0.0,3.04,0
2017-07-25,3.016,3.016,3.016,3.016,0.0,3.016,0
2017-07-26,3.008,3.008,3.008,3.008,0.0,3.008,0
2017-07-27,3.009,3.009,3.009,3.009,0.0,3.009,0
2017-07-28,3.024,3.024,3.024,3.024,0.0,3.024,0
2017-07-31,3.0,3.0,3.0,3.0,0.0,3.0,0
2017-08-01,3.022,3.022,3.022,3.022,0.0,3.022,0
2017-08-02,3.031,3.031,3.031,3.031,0.0,3.031,0
2017-08-03,3.054,3.054,3.054,3.054,0.0,3.054,0
2017-08-04,3.064,3.064,3.064,3.064,0.0,3.064,0
2017-08-07,3.063,3.063,3.063,3.063,0.0,3.063,0
2017-08-08,3.045,3.045,3.045,3.045,0.0,3.045,0
2017-08-09,3.039,3.039,3.039,3.039,0.0,3.039,0
2017-08-10,3.036,3.036,3.036,3.036,0.0,3.036,0
2017-08-11,3.04,3.04,3.04,3.04,0.0,3.04,0
2017-08-14,3.036,3.036,3.036,3.036,0.0,3.036,0
2017-08-15,3.034,3.034,3.034,3.034,0.0,3.034,0
2017-08-16,3.024,3.024,3.024,3.024,0.0,3.024,0
2017-08-17,3.023,3.023,3.023,3.023,0.0,3.023,0
2017-08-18,3.023,3.023,3.023,3.023,0.0,3.023,0
2017-08-21,3.013,3.013,3.013,3.013,0.0,3.013,0
2017-08-22,3.005,3.005,3.005,3.005,0.0,3.005,0
2017-08-23,3.002,3.002,3.002,3.002,0.0,3.002,0
2017-08-24,2.955,2.955,2.955,2.955,0.0,2.955,0
2017-08-25,2.942,2.942,2.942,2.942,0.0,2.942,0
2017-08-28,2.955,2.955,2.955,2.955,0.0,2.955,0
2017-08-29,2.957,2.957,2.957,2.957,0.0,2.957,0
2017-08-30,2.959,2.959,2.959,2.959,0.0,2.959,0
2017-08-31,2.967,2.967,2.967,2.967,0.0,2.967,0
2017-09-01,2.968,2.968,2.968,2.968,0.0,2.968,0
2017-09-05,2.964,2.964,2.964,2.964,0.0,2.964,0
2017-09-06,2.925,2.925,2.925,2.925,0.0,2.925,0
2017-09-07,2.959,2.959,2.959,2.959,0.0,2.959,0
2017-09-08,2.963,2.963,2.963,2.963,0.0,2.963,0
2017-09-11,2.974,2.974,2.974,2.974,0.0,2.974,0
2017-09-12,2.954,2.954,2.954,2.954,0.0,2.954,0
2017-09-13,2.94,2.94,2.94,2.94,0.0,2.94,0
2017-09-14,2.929,2.929,2.929,2.929,0.0,2.929,0
2017-09-15,2.934,2.934,2.934,2.934,0.0,2.934,0
2017-09-18,2.934,2.934,2.934,2.934,0.0,2.934,0
2017-09-19,2.924,2.924,2.924,2.924,0.0,2.924,0
2017-09-20,2.914,2.914,2.914,2.914,0.0,2.914,0
2017-09-21,2.905,2.905,2.905,2.905,0.0,2.905,0
2017-09-22,2.919,2.919,2.919,2.919,0.0,2.919,0
2017-09-25,2.902,2.902,2.902,2.902,0.0,2.902,0
2017-09-26,2.912,2.912,2.912,2.912,0.0,2.912,0
2017-09-27,2.923,2.923,2.923,2.923,0.0,2.923,0
2017-09-28,2.922,2.922,2.922,2.922,0.0,2.922,0
2017-09-29,2.919,2.919,2.919,2.919,0.0,2.919,0
2017-10-02,2.932,2.932,2.932,2.932,0.0,2.932,0
2017-10-03,2.941,2.941,2.941,2.941,0.0,2.941,0
2017-10-04,2.94,2.94,2.94,2.94,0.0,2.94,0
2017-10-05,2.949,2.949,2.949,2.949,0.0,2.949,0
2017-10-06,2.941,2.941,2.941,2.941,0.0,2.941,0
2017-10-09,2.951,2.951,2.951,2.951,0.0,2.951,0
2017-10-10,2.941,2.941,2.941,2.941,0.0,2.941,0
2017-10-11,2.954,2.954,2.954,2.954,0.0,2.954,0
2017-10-12,2.998,2.998,2.998,2.998,0.0,2.998,0
2017-10-13,3.0,3.0,3.0,3.0,0.0,3.0,0
2017-10-16,3.036,3.036,3.036,3.036,0.0,3.036,0
2017-10-17,3.083,3.083,3.083,3.083,0.0,3.083,0
2017-10-18,3.087,3.087,3.087,3.087,0.0,3.087,0
2017-10-19,3.109,3.109,3.109,3.109,0.0,3.109,0
2017-10-20,3.149,3.149,3.149,3.149,0.0,3.149,0
2017-10-23,3.129,3.129,3.129,3.129,0.0,3.129,0
2017-10-24,3.128,3.128,3.128,3.128,0.0,3.128,0
2017-10-25,3.129,3.129,3.129,3.129,0.0,3.129,0
2017-10-26,3.122,3.122,3.122,3.122,0.0,3.122,0
2017-10-27,3.102,3.102,3.102,3.102,0.0,3.102,0
2017-10-30,3.137,3.137,3.137,3.137,0.0,3.137,0
2017-10-31,3.138,3.138,3.138,3.138,0.0,3.138,0
2017-11-01,3.148,3.148,3.148,3.148,0.0,3.148,0
2017-11-02,3.13,3.13,3.13,3.13,0.0,3.13,0
2017-11-03,3.127,3.127,3.127,3.127,0.0,3.127,0
2017-11-06,3.122,3.122,3.122,3.122,0.0,3.122,0
2017-11-07,3.121,3.121,3.121,3.121,0.0,3.121,0
2017-11-08,3.119,3.119,3.119,3.119,0.0,3.119,0
2017-11-09,3.129,3.129,3.129,3.129,0.0,3.129,0
2017-11-10,3.111,3.111,3.111,3.111,0.0,3.111,0
2017-11-13,3.095,3.095,3.095,3.095,0.0,3.095,0
2017-11-14,3.08,3.08,3.08,3.08,0.0,3.08,0
2017-11-15,3.072,3.072,3.072,3.072,0.0,3.072,0
2017-11-16,3.076,3.076,3.076,3.076,0.0,3.076,0
2017-11-17,3.071,3.071,3.071,3.071,0.0,3.071,0
2017-11-20,3.064,3.064,3.064,3.064,0.0,3.064,0
2017-11-21,3.062,3.062,3.062,3.062,0.0,3.062,0
2017-11-22,3.049,3.049,3.049,3.049,0.0,3.049,0
2017-11-24,3.052,3.052,3.052,3.052,0.0,3.052,0
2017-11-27,3.055,3.055,3.055,3.055,0.0,3.055,0
2017-11-28,3.053,3.053,3.053,3.053,0.0,3.053,0
2017-11-29,3.062,3.062,3.062,3.062,0.0,3.062,0
2017-11-30,3.06,3.06,3.06,3.06,0.0,3.06,0
2017-12-01,3.018,3.018,3.018,3.018,0.0,3.018,0
2017-12-04,3.002,3.002,3.002,3.002,0.0,3.002,0
2017-12-05,2.988,2.988,2.988,2.988,0.0,2.988,0
2017-12-06,2.97,2.97,2.97,2.97,0.0,2.97,0
2017-12-07,2.976,2.976,2.976,2.976,0.0,2.976,0
2017-12-08,2.971,2.971,2.971,2.971,0.0,2.971,0
2017-12-11,2.964,2.964,2.964,2.964,0.0,2.964,0
2017-12-12,2.974,2.974,2.974,2.974,0.0,2.974,0
2017-12-13,2.997,2.997,2.997,2.997,0.0,2.997,0
2017-12-14,3.008,3.008,3.008,3.008,0.0,3.008,0
2017-12-15,3.016,3.016,3.016,3.016,0.0,3.016,0
2017-12-18,3.036,3.036,3.036,3.036,0.0,3.036,0
2017-12-19,3.038,3.038,3.038,3.038,0.0,3.038,0
2017-12-20,3.024,3.024,3.024,3.024,0.0,3.024,0
2017-12-21,3.041,3.041,3.041,3.041,0.0,3.041,0
2017-12-22,3.064,3.064,3.064,3.064,0.0,3.064,0
2017-12-26,3.065,3.065,3.065,3.065,0.0,3.065,0
2017-12-27,3.038,3.038,3.038,3.038,0.0,3.038,0
2017-12-28,3.004,3.004,3.004,3.004,0.0,3.004,0
2017-12-29,2.997,2.997,2.997,2.997,0.0,2.997,0
2018-01-02,2.99,2.99,2.99,2.99,0.0,2.99,0
2018-01-03,2.991,2.991,2.991,2.991,0.0,2.991,0
2018-01-04,3.023,3.023,3.023,3.023,0.0,3.023,0
2018-01-05,3.017,3.017,3.017,3.017,0.0,3.017,0
2018-01-08,3.012,3.012,3.012,3.012,0.0,3.012,0
2018-01-09,2.997,2.997,2.997,2.997,0.0,2.997,0
2018-01-10,2.99,2.99,2.99,2.99,0.0,2.99,0
2018-01-11,3.003,3.003,3.003,3.003,0.0,3.003,0
2018-01-12,2.99,2.99,2.99,2.99,0.0,2.99,0
2018-01-16,2.953,2.953,2.953,2.953,0.0,2.953,0
2018-01-17,2.947,2.947,2.947,2.947,0.0,2.947,0
2018-01-18,2.945,2.945,2.945,2.945,0.0,2.945,0
2018-01-19,2.955,2.955,2.955,2.955,0.0,2.955,0
2018-01-22,2.974,2.974,2.974,2.974,0.0,2.974,0
2018-01-23,2.986,2.986,2.986,2.986,0.0,2.986,0
2018-01-24,3.0,3.0,3.0,3.0,0.0,3.0,0
2018-01-25,3.035,3.035,3.035,3.035,0.0,3.035,0
2018-01-26,3.001,3.001,3.001,3.001,0.0,3.001,0
2018-01-29,3.003,3.003,3.003,3.003,0.0,3.003,0
2018-01-30,3.018,3.018,3.018,3.018,0.0,3.018,0
2018-01-31,2.987,2.987,2.987,2.987,0.0,2.987,0
2018-02-01,2.983,2.983,2.983,2.983,0.0,2.983,0
2018-02-02,3.008,3.008,3.008,3.008,0.0,3.008,0
2018-02-05,3.03,3.03,3.03,3.03,0.0,3.03,0
2018-02-06,3.014,3.014,3.014,3.014,0.0,3.014,0
2018-02-07,2.992,2.992,2.992,2.992,0.0,2.992,0
2018-02-08,3.005,3.005,3.005,3.005,0.0,3.005,0
2018-02-09,2.97,2.97,2.97,2.97,0.0,2.97,0
2018-02-12,2.96,2.96,2.96,2.96,0.0,2.96,0
2018-02-13,2.952,2.952,2.952,2.952,0.0,2.952,0
2018-02-14,2.954,2.954,2.954,2.954,0.0,2.954,0
2018-02-15,2.957,2.957,2.957,2.957,0.0,2.957,0
2018-02-16,2.974,2.974,2.974,2.974,0.0,2.974,0
2018-02-20,2.974,2.974,2.974,2.974,0.0,2.974,0
2018-02-21,2.992,2.992,2.992,2.992,0.0,2.992,0
2018-02-22,3.004,3.004,3.004,3.004,0.0,3.004,0
2018-02-23,2.996,2.996,2.996,2.996,0.0,2.996,0
2018-02-26,2.992,2.992,2.992,2.992,0.0,2.992,0
2018-02-27,2.995,2.995,2.995,2.995,0.0,2.995,0
2018-02-28,2.97,2.97,2.97,2.97,0.0,2.97,0
2018-03-01,3.001,3.001,3.001,3.001,0.0,3.001,0
2018-03-02,3.018,3.018,3.018,3.018,0.0,3.018,0
2018-03-05,3.036,3.036,3.036,3.036,0.0,3.036,0
2018-03-06,3.041,3.041,3.041,3.041,0.0,3.041,0
2018-03-07,3.032,3.032,3.032,3.032,0.0,3.032,0
2018-03-08,2.996,2.996,2.996,2.996,0.0,2.996,0
2018-03-09,2.959,2.959,2.959,2.959,0.0,2.959,0
2018-03-12,2.965,2.965,2.965,2.965,0.0,2.965,0
2018-03-13,2.972,2.972,2.972,2.972,0.0,2.972,0
2018-03-14,2.992,2.992,2.992,2.992,0.0,2.992,0
2018-03-15,3.05,3.05,3.05,3.05,0.0,3.05,0
2018-03-16,3.062,3.062,3.062,3.062,0.0,3.062,0
2018-03-19,3.052,3.052,3.052,3.052,0.0,3.052,0
2018-03-20,3.057,3.057,3.057,3.057,0.0,3.057,0
2018-03-21,3.065,3.065,3.065,3.065,0.0,3.065,0
2018-03-22,3.053,3.053,3.053,3.053,0.0,3.053,0
2018-03-23,2.975,2.975,2.975,2.975,0.0,2.975,0
2018-03-26,3.003,3.003,3.003,3.003,0.0,3.003,0
2018-03-27,3.013,3.013,3.013,3.013,0.0,3.013,0
2018-03-28,3.036,3.036,3.036,3.036,0.0,3.036,0
2018-03-29,3.074,3.074,3.074,3.074,0.0,3.074,0
2018-04-02,3.056,3.056,3.056,3.056,0.0,3.056,0
2018-04-03,3.034,3.034,3.034,3.034,0.0,3.034,0
2018-04-04,3.008,3.008,3.008,3.008,0.0,3.008,0
2018-04-05,3.024,3.024,3.024,3.024,0.0,3.024,0
2018-04-06,3.018,3.018,3.018,3.018,0.0,3.018,0
2018-04-09,3.002,3.002,3.002,3.002,0.0,3.002,0
2018-04-10,3.011,3.011,3.011,3.011,0.0,3.011,0
2018-04-11,3.019,3.019,3.019,3.019,0.0,3.019,0
2018-04-12,3.042,3.042,3.042,3.042,0.0,3.042,0
2018-04-13,3.035,3.035,3.035,3.035,0.0,3.035,0
2018-04-16,3.037,3.037,3.037,3.037,0.0,3.037,0
2018-04-17,3.002,3.002,3.002,3.002,0.0,3.002,0
2018-04-18,3.003,3.003,3.003,3.003,0.0,3.003,0
2018-04-19,3.005,3.005,3.005,3.005,0.0,3.005,0
2018-04-20,3.013,3.013,3.013,3.013,0.0,3.013,0
2018-04-23,3.014,3.014,3.014,3.014,0.0,3.014,0
2018-04-24,3.012,3.012,3.012,3.012,0.0,3.012,0
2018-04-25,3.001,3.001,3.001,3.001,0.0,3.001,0
2018-04-26,2.991,2.991,2.991,2.991,0.0,2.991,0
2018-04-27,2.993,2.993,2.993,2.993,0.0,2.993,0
2018-04-30,2.994,2.994,2.994,2.994,0.0,2.994,0
2018-05-01,2.974,2.974,2.974,2.974,0.0,2.974,0
2018-05-02,2.986,2.986,2.986,2.986,0.0,2.986,0
2018-05-03,2.996,2.996,2.996,2.996,0.0,2.996,0
2018-05-04,2.994,2.994,2.994,2.994,0.0,2.994,0
2018-05-07,2.992,2.992,2.992,2.992,0.0,2.992,0
2018-05-08,2.947,2.947,2.947,2.947,0.0,2.947,0
2018-05-09,2.933,2.933,2.933,2.933,0.0,2.933,0
2018-05-10,2.929,2.929,2.929,2.929,0.0,2.929,0
2018-05-11,2.932,2.932,2.932,2.932,0.0,2.932,0
2018-05-14,2.924,2.924,2.924,2.924,0.0,2.924,0
2018-05-15,2.958,2.958,2.958,2.958,0.0,2.958,0
2018-05-16,2.937,2.937,2.937,2.937,0.0,2.937,0
2018-05-17,2.944,2.944,2.944,2.944,0.0,2.944,0
2018-05-18,2.959,2.959,2.959,2.959,0.0,2.959,0
2018-05-21,2.954,2.954,2.954,2.954,0.0,2.954,0
2018-05-22,2.944,2.944,2.944,2.944,0.0,2.944,0
2018-05-23,2.921,2.921,2.921,2.921,0.0,2.921,0
2018-05-24,2.915,2.915,2.915,2.915,0.0,2.915,0
2018-05-25,2.887,2.887,2.887,2.887,0.0,2.887,0
2018-05-29,2.865,2.865,2.865,2.865,0.0,2.865,0
2018-05-30,2.876,2.876,2.876,2.876,0.0,2.876,0
2018-05-31,2.849,2.849,2.849,2.849,0.0,2.849,0
2018-06-01,2.839,2.839,2.839,2.839,0.0,2.839,0
2018-06-04,2.852,2.852,2.852,2.852,0.0,2.852,0
2018-06-05,2.867,2.867,2.867,2.867,0.0,2.867,0
2018-06-06,2.864,2.864,2.864,2.864,0.0,2.864,0
2018-06-07,2.862,2.862,2.862,2.862,0.0,2.862,0
2018-06-08,2.864,2.864,2.864,2.864,0.0,2.864,0
2018-06-11,2.863,2.863,2.863,2.863,0.0,2.863,0
2018-06-12,2.882,2.882,2.882,2.882,0.0,2.882,0
2018-06-13,2.893,2.893,2.893,2.893,0.0,2.893,0
2018-06-14,2.909,2.909,2.909,2.909,0.0,2.909,0
2018-06-15,2.914,2.914,2.914,2.914,0.0,2.914,0
2018-06-18,2.95,2.95,2.95,2.95,0.0,2.95,0
2018-06-19,2.952,2.952,2.952,2.952,0.0,2.952,0
2018-06-20,2.951,2.951,2.951,2.951,0.0,2.951,0
2018-06-21,2.928,2.928,2.928,2.928,0.0,2.928,0
2018-06-22,2.93,2.93,2.93,2.93,0.0,2.93,0
2018-06-25,2.926,2.926,2.926,2.926,0.0,2.926,0
2018-06-26,2.923,2.923,2.923,2.923,0.0,2.923,0
2018-06-27,2.926,2.926,2.926,2.926,0.0,2.926,0
2018-06-28,2.905,2.905,2.905,2.905,0.0,2.905,0
2018-06-29,2.902,2.902,2.902,2.902,0.0,2.902,0
2018-07-02,2.893,2.893,2.893,2.893,0.0,2.893,0
2018-07-03,2.89,2.89,2.89,2.89,0.0,2.89,0
2018-07-05,2.892,2.892,2.892,2.892,0.0,2.892,0
2018-07-06,2.891,2.891,2.891,2.891,0.0,2.891,0
2018-07-09,2.882,2.882,2.882,2.882,0.0,2.882,0
2018-07-10,2.886,2.886,2.886,2.886,0.0,2.886,0
2018-07-11,2.864,2.864,2.864,2.864,0.0,2.864,0
2018-07-12,2.861,2.861,2.861,2.861,0.0,2.861,0
2018-07-13,2.856,2.856,2.856,2.856,0.0,2.856,0
2018-07-16,2.829,2.829,2.829,2.829,0.0,2.829,0
2018-07-17,2.814,2.814,2.814,2.814,0.0,2.814,0
2018-07-18,2.82,2.82,2.82,2.82,0.0,2.82,0
2018-07-19,2.816,2.816,2.816,2.816,0.0,2.816,0
2018-07-20,2.822,2.822,2.822,2.822,0.0,2.822,0
2018-07-23,2.831,2.831,2.831,2.831,0.0,2.831,0
2018-07-24,2.839,2.839,2.839,2.839,0.0,2.839,0
2018-07-25,2.873,2.873,2.873,2.873,0.0,2.873,0
2018-07-26,2.869,2.869,2.869,2.869,0.0,2.869,0
2018-07-27,2.885,2.885,2.885,2.885,0.0,2.885,0
2018-07-30,2.889,2.889,2.889,2.889,0.0,2.889,0
2018-07-31,2.892,2.892,2.892,2.892,0.0,2.892,0
2018-08-01,2.862,2.862,2.862,2.862,0.0,2.862,0
2018-08-02,2.866,2.866,2.866,2.866,0.0,2.866,0
2018-08-03,2.866,2.866,2.866,2.866,0.0,2.866,0
2018-08-06,2.86,2.86,2.86,2.86,0.0,2.86,0
2018-08-07,2.893,2.893,2.893,2.893,0.0,2.893,0
2018-08-08,2.906,2.906,2.906,2.906,0.0,2.906,0
2018-08-09,2.905,2.905,2.905,2.905,0.0,2.905,0
2018-08-10,2.904,2.904,2.904,2.904,0.0,2.904,0
2018-08-13,2.905,2.905,2.905,2.905,0.0,2.905,0
2018-08-14,2.904,2.904,2.904,2.904,0.0,2.904,0
2018-08-15,2.905,2.905,2.905,2.905,0.0,2.905,0
2018-08-16,2.895,2.895,2.895,2.895,0.0,2.895,0
2018-08-17,2.897,2.897,2.897,2.897,0.0,2.897,0
2018-08-20,2.896,2.896,2.896,2.896,0.0,2.896,0
2018-08-21,2.909,2.909,2.909,2.909,0.0,2.909,0
2018-08-22,2.896,2.896,2.896,2.896,0.0,2.896,0
2018-08-23,2.893,2.893,2.893,2.893,0.0,2.893,0
2018-08-24,2.884,2.884,2.884,2.884,0.0,2.884,0
2018-08-27,2.854,2.854,2.854,2.854,0.0,2.854,0
2018-08-28,2.83,2.83,2.83,2.83,0.0,2.83,0
2018-08-29,2.834,2.834,2.834,2.834,0.0,2.834,0
2018-08-30,2.815,2.815,2.815,2.815,0.0,2.815,0
2018-08-31,2.829,2.829,2.829,2.829,0.0,2.829,0
2018-09-04,2.814,2.814,2.814,2.814,0.0,2.814,0
2018-09-05,2.819,2.819,2.819,2.819,0.0,2.819,0
2018-09-06,2.838,2.838,2.838,2.838,0.0,2.838,0
2018-09-07,2.837,2.837,2.837,2.837,0.0,2.837,0
2018-09-10,2.84,2.84,2.84,2.84,0.0,2.84,0
2018-09-11,2.837,2.837,2.837,2.837,0.0,2.837,0
2018-09-12,2.847,2.847,2.847,2.847,0.0,2.847,0
2018-09-13,2.863,2.863,2.863,2.863,0.0,2.863,0
2018-09-14,2.869,2.869,2.869,2.869,0.0,2.869,0
2018-09-17,2.873,2.873,2.873,2.873,0.0,2.873,0
2018-09-18,2.882,2.882,2.882,2.882,0.0,2.882,0
2018-09-19,2.879,2.879,2.879,2.879,0.0,2.879,0
2018-09-20,2.883,2.883,2.883,2.883,0.0,2.883,0
2018-09-21,2.881,2.881,2.881,2.881,0.0,2.881,0
2018-09-24,2.879,2.879,2.879,2.879,0.0,2.879,0
2018-09-25,2.881,2.881,2.881,2.881,0.0,2.881,0
2018-09-26,2.89,2.89,2.89,2.89,0.0,2.89,0
2018-09-27,2.891,2.891,2.891,2.891,0.0,2.891,0
2018-09-28,2.892,2.892,2.892,2.892,0.0,2.892,0
2018-10-01,2.897,2.897,2.897,2.897,0.0,2.897,0
2018-10-02,2.895,2.895,2.895,2.895,0.0,2.895,0
2018-10-03,2.894,2.894,2.894,2.894,0.0,2.894,0
2018-10-04,2.895,2.895,2.895,2.895,0.0,2.895,0
2018-10-05,2.898,2.898,2.898,2.898,0.0,2.898,0
2018-10-08,2.903,2.903,2.903,2.903,0.0,2.903,0
2018-10-09,2.898,2.898,2.898,2.898,0.0,2.898,0
2018-10-10,2.894,2.894,2.894,2.894,0.0,2.894,0
2018-10-11,2.919,2.919,2.919,2.919,0.0,2.919,0
2018-10-12,2.937,2.937,2.937,2.937,0.0,2.937,0
2018-10-15,2.936,2.936,2.936,2.936,0.0,2.936,0
2018-10-16,2.956,2.956,2.956,2.956,0.0,2.956,0
2018-10-17,2.951,2.951,2.951,2.951,0.0,2.951,0
2018-10-18,2.95,2.95,2.95,2.95,0.0,2.95,0
2018-10-19,2.947,2.947,2.947,2.947,0.0,2.947,0
2018-10-22,2.948,2.948,2.948,2.948,0.0,2.948,0
2018-10-23,2.947,2.947,2.947,2.947,0.0,2.947,0
2018-10-24,2.944,2.944,2.944,2.944,0.0,2.944,0
2018-10-25,2.934,2.934,2.934,2.934,0.0,2.934,0
2018-10-26,2.936,2.936,2.936,2.936,0.0,2.936,0
2018-10-29,2.937,2.937,2.937,2.937,0.0,2.937,0
2018-10-30,2.955,2.955,2.955,2.955,0.0,2.955,0
2018-10-31,2.954,2.954,2.954,2.954,0.0,2.954,0
2018-11-01,2.959,2.959,2.959,2.959,0.0,2.959,0
2018-11-02,2.966,2.966,2.966,2.966,0.0,2.966,0
2018-11-05,2.98,2.98,2.98,2.98,0.0,2.98,0
2018-11-06,2.996,2.996,2.996,2.996,0.0,2.996,0
2018-11-07,2.994,2.994,2.994,2.994,0.0,2.994,0
2018-11-08,2.995,2.995,2.995,2.995,0.0,2.995,0
2018-11-09,2.998,2.998,2.998,2.998,0.0,2.998,0
2018-11-12,3.021,3.021,3.021,3.021,0.0,3.021,0
2018-11-13,3.0,3.0,3.0,3.0,0.0,3.0,0
2018-11-14,2.984,2.984,2.984,2.984,0.0,2.984,0
2018-11-15,2.999,2.999,2.999,2.999,0.0,2.999,0
2018-11-16,2.97,2.97,2.97,2.97,0.0,2.97,0
2018-11-19,2.957,2.957,2.957,2.957,0.0,2.957,0
2018-11-20,2.955,2.955,2.955,2.955,0.0,2.955,0
2018-11-21,2.953,2.953,2.953,2.953,0.0,2.953,0
2018-11-23,2.978,2.978,2.978,2.978,0.0,2.978,0
2018-11-26,2.971,2.971,2.971,2.971,0.0,2.971,0
2018-11-27,2.967,2.967,2.967,2.967,0.0,2.967,0
2018-11-28,2.968,2.968,2.968,2.968,0.0,2.968,0
2018-11-29,3.0,3.0,3.0,3.0,0.0,3.0,0
2018-11-30,3.056,3.056,3.056,3.056,0.0,3.056,0
2018-12-03,3.028,3.028,3.028,3.028,0.0,3.028,0
2018-12-04,3.014,3.014,3.014,3.014,0.0,3.014,0
2018-12-05,3.005,3.005,3.005,3.005,0.0,3.005,0
2018-12-06,3.016,3.016,3.016,3.016,0.0,3.016,0
2018-12-07,3.023,3.023,3.023,3.023,0.0,3.023,0
2018-12-10,3.024,3.024,3.024,3.024,0.0,3.024,0
2018-12-11,2.999,2.999,2.999,2.999,0.0,2.999,0
2018-12-12,3.001,3.001,3.001,3.001,0.0,3.001,0
2018-12-13,2.969,2.969,2.969,2.969,0.0,2.969,0
2018-12-14,2.979,2.979,2.979,2.979,0.0,2.979,0
2018-12-17,2.978,2.978,2.978,2.978,0.0,2.978,0
2018-12-18,2.973,2.973,2.973,2.973,0.0,2.973,0
2018-12-19,2.996,2.996,2.996,2.996,0.0,2.996,0
2018-12-20,3.011,3.011,3.011,3.011,0.0,3.011,0
2018-12-21,3.014,3.014,3.014,3.014,0.0,3.014,0
2018-12-24,3.013,3.013,3.013,3.013,0.0,3.013,0
2018-12-26,3.01,3.01,3.01,3.01,0.0,3.01,0
2018-12-27,3.008,3.008,3.008,3.008,0.0,3.008,0
2018-12-28,3.006,3.006,3.006,3.006,0.0,3.006,0
2018-12-31,3.015,3.015,3.015,3.015,0.0,3.015,0
2019-01-02,3.015,3.015,3.015,3.015,0.0,3.015,0
2019-01-03,3.004,3.004,3.004,3.004,0.0,3.004,0
2019-01-04,3.006,3.006,3.006,3.006,0.0,3.006,0
2019-01-07,3.008,3.008,3.008,3.008,0.0,3.008,0
2019-01-08,3.001,3.001,3.001,3.001,0.0,3.001,0
2019-01-09,3.0,3.0,3.0,3.0,0.0,3.0,0
2019-01-10,2.998,2.998,2.998,2.998,0.0,2.998,0
2019-01-11,3.005,3.005,3.005,3.005,0.0,3.005,0
2019-01-14,3.004,3.004,3.004,3.004,0.0,3.004,0
2019-01-15,2.996,2.996,2.996,2.996,0.0,2.996,0
2019-01-16,2.965,2.965,2.965,2.965,0.0,2.965,0
2019-01-17,2.965,2.965,2.965,2.965,0.0,2.965,0
2019-01-18,2.978,2.978,2.978,2.978,0.0,2.978,0
2019-01-22,2.991,2.991,2.991,2.991,0.0,2.991,0
2019-01-23,2.973,2.973,2.973,2.973,0.0,2.973,0
2019-01-24,2.952,2.952,2.952,2.952,0.0,2.952,0
2019-01-25,2.997,2.997,2.997,2.997,0.0,2.997,0
2019-01-28,2.981,2.981,2.981,2.981,0.0,2.981,0
2019-01-29,2.984,2.984,2.984,2.984,0.0,2.984,0
2019-01-30,2.986,2.986,2.986,2.986,0.0,2.986,0
2019-01-31,2.987,2.987,2.987,2.987,0.0,2.987,0
2019-02-01,2.988,2.988,2.988,2.988,0.0,2.988,0
2019-02-04,2.975,2.975,2.975,2.975,0.0,2.975,0
2019-02-05,3.026,3.026,3.026,3.026,0.0,3.026,0
2019-02-06,3.023,3.023,3.023,3.023,0.0,3.023,0
2019-02-07,3.019,3.019,3.019,3.019,0.0,3.019,0
2019-02-08,3.021,3.021,3.021,3.021,0.0,3.021,0
2019-02-11,3.026,3.026,3.026,3.026,0.0,3.026,0
2019-02-12,3.034,3.034,3.034,3.034,0.0,3.034,0
2019-02-13,3.033,3.033,3.033,3.033,0.0,3.033,0
2019-02-14,3.039,3.039,3.039,3.039,0.0,3.039,0
2019-02-15,3.019,3.019,3.019,3.019,0.0,3.019,0
2019-02-19,3.01,3.01,3.01,3.01,0.0,3.01,0
2019-02-20,3.022,3.022,3.022,3.022,0.0,3.022,0
2019-02-21,3.009,3.009,3.009,3.009,0.0,3.009,0
2019-02-22,3.006,3.006,3.006,3.006,0.0,3.006,0
2019-02-25,2.998,2.998,2.998,2.998,0.0,2.998,0
2019-02-26,2.98,2.98,2.98,2.98,0.0,2.98,0
2019-02-27,3.016,3.016,3.016,3.016,0.0,3.016,0
2019-02-28,3.027,3.027,3.027,3.027,0.0,3.027,0
2019-03-01,3.026,3.026,3.026,3.026,0.0,3.026,0
2019-03-04,3.022,3.022,3.022,3.022,0.0,3.022,0
2019-03-05,3.02,3.02,3.02,3.02,0.0,3.02,0
2019-03-06,3.023,3.023,3.023,3.023,0.0,3.023,0
2019-03-07,3.028,3.028,3.028,3.028,0.0,3.028,0
2019-03-08,3.028,3.028,3.028,3.028,0.0,3.028,0
2019-03-11,3.055,3.055,3.055,3.055,0.0,3.055,0
2019-03-12,3.07,3.07,3.07,3.07,0.0,3.07,0
2019-03-13,3.079,3.079,3.079,3.079,0.0,3.079,0
2019-03-14,3.087,3.087,3.087,3.087,0.0,3.087,0
2019-03-15,3.088,3.088,3.088,3.088,0.0,3.088,0
2019-03-18,3.087,3.087,3.087,3.087,0.0,3.087,0
2019-03-19,3.088,3.088,3.088,3.088,0.0,3.088,0
2019-03-20,3.086,3.086,3.086,3.086,0.0,3.086,0
2019-03-21,3.096,3.096,3.096,3.096,0.0,3.096,0
2019-03-22,3.086,3.086,3.086,3.086,0.0,3.086,0
2019-03-25,3.085,3.085,3.085,3.085,0.0,3.085,0
2019-03-26,3.087,3.087,3.087,3.087,0.0,3.087,0
2019-03-27,3.078,3.078,3.078,3.078,0.0,3.078,0
2019-03-28,3.081,3.081,3.081,3.081,0.0,3.081,0
2019-03-29,3.08,3.08,3.08,3.08,0.0,3.08,0
2019-04-01,3.079,3.079,3.079,3.079,0.0,3.079,0
2019-04-02,3.086,3.086,3.086,3.086,0.0,3.086,0
2019-04-03,3.081,3.081,3.081,3.081,0.0,3.081,0
2019-04-04,3.112,3.112,3.112,3.112,0.0,3.112,0
2019-04-05,3.08,3.08,3.08,3.08,0.0,3.08,0
2019-04-08,3.083,3.083,3.083,3.083,0.0,3.083,0
2019-04-09,3.09,3.09,3.09,3.09,0.0,3.09,0
2019-04-10,3.068,3.068,3.068,3.068,0.0,3.068,0
2019-04-11,3.066,3.066,3.066,3.066,0.0,3.066,0
2019-04-12,3.066,3.066,3.066,3.066,0.0,3.066,0
2019-04-15,3.066,3.066,3.066,3.066,0.0,3.066,0
2019-04-16,3.067,3.067,3.067,3.067,0.0,3.067,0
2019-04-17,3.057,3.057,3.057,3.057,0.0,3.057,0
2019-04-18,3.042,3.042,3.042,3.042,0.0,3.042,0
2019-04-22,3.03,3.03,3.03,3.03,0.0,3.03,0
2019-04-23,3.025,3.025,3.025,3.025,0.0,3.025,0
2019-04-24,3.035,3.035,3.035,3.035,0.0,3.035,0
2019-04-25,3.045,3.045,3.045,3.045,0.0,3.045,0
2019-04-26,3.042,3.042,3.042,3.042,0.0,3.042,0
2019-04-29,3.049,3.049,3.049,3.049,0.0,3.049,0
2019-04-30,3.054,3.054,3.054,3.054,0.0,3.054,0
2019-05-01,3.056,3.056,3.056,3.056,0.0,3.056,0
2019-05-02,3.053,3.053,3.053,3.053,0.0,3.053,0
2019-05-03,3.066,3.066,3.066,3.066,0.0,3.066,0
2019-05-06,3.069,3.069,3.069,3.069,0.0,3.069,0
2019-05-07,3.069,3.069,3.069,3.069,0.0,3.069,0
2019-05-08,3.063,3.063,3.063,3.063,0.0,3.063,0
2019-05-09,3.07,3.07,3.07,3.07,0.0,3.07,0
2019-05-10,3.061,3.061,3.061,3.061,0.0,3.061,0
2019-05-13,3.064,3.064,3.064,3.064,0.0,3.064,0
2019-05-14,3.075,3.075,3.075,3.075,0.0,3.075,0
2019-05-15,3.093,3.093,3.093,3.093,0.0,3.093,0
2019-05-16,3.089,3.089,3.089,3.089,0.0,3.089,0
2019-05-17,3.093,3.093,3.093,3.093,0.0,3.093,0
2019-05-20,3.098,3.098,3.098,3.098,0.0,3.098,0
2019-05-21,3.101,3.101,3.101,3.101,0.0,3.101,0
2019-05-22,3.047,3.047,3.047,3.047,0.0,3.047,0
2019-05-23,3.059,3.059,3.059,3.059,0.0,3.059,0
2019-05-24,3.069,3.069,3.069,3.069,0.0,3.069,0
2019-05-28,3.11,3.11,3.11,3.11,0.0,3.11,0
2019-05-29,3.091,3.091,3.091,3.091,0.0,3.091,0
2019-05-30,3.089,3.089,3.089,3.089,0.0,3.089,0
2019-05-31,3.087,3.087,3.087,3.087,0.0,3.087,0
2019-06-03,3.075,3.075,3.075,3.075,0.0,3.075,0
2019-06-04,3.059,3.059,3.059,3.059,0.0,3.059,0
2019-06-05,3.063,3.063,3.063,3.063,0.0,3.063,0
2019-06-06,3.073,3.073,3.073,3.073,0.0,3.073,0
2019-06-07,3.074,3.074,3.074,3.074,0.0,3.074,0
2019-06-10,3.063,3.063,3.063,3.063,0.0,3.063,0
2019-06-11,3.063,3.063,3.063,3.063,0.0,3.063,0
2019-06-12,3.06,3.06,3.06,3.06,0.0,3.06,0
2019-06-13,3.061,3.061,3.061,3.061,0.0,3.061,0
2019-06-14,3.066,3.066,3.066,3.066,0.0,3.066,0
2019-06-17,3.069,3.069,3.069,3.069,0.0,3.069,0
2019-06-18,3.052,3.052,3.052,3.052,0.0,3.052,0
2019-06-19,3.053,3.053,3.053,3.053,0.0,3.053,0
2019-06-20,3.057,3.057,3.057,3.057,0.0,3.057,0
2019-06-21,3.072,3.072,3.072,3.072,0.0,3.072,0
2019-06-24,3.072,3.072,3.072,3.072,0.0,3.072,0
2019-06-25,3.071,3.071,3.071,3.071,0.0,3.071,0
2019-06-26,3.063,3.063,3.063,3.063,0.0,3.063,0
2019-06-27,3.059,3.059,3.059,3.059,0.0,3.059,0
2019-06-28,3.031,3.031,3.031,3.031,0.0,3.031,0
2019-07-01,3.024,3.024,3.024,3.024,0.0,3.024,0
2019-07-02,3.033,3.033,3.033,3.033,0.0,3.033,0
2019-07-03,3.032,3.032,3.032,3.032,0.0,3.032,0
2019-07-05,3.058,3.058,3.058,3.058,0.0,3.058,0
2019-07-08,3.054,3.054,3.054,3.054,0.0,3.054,0
2019-07-09,3.093,3.093,3.093,3.093,0.0,3.093,0
2019-07-10,3.085,3.085,3.085,3.085,0.0,3.085,0
2019-07-11,3.093,3.093,3.093,3.093,0.0,3.093,0
2019-07-12,3.101,3.101,3.101,3.101,0.0,3.101,0
2019-07-15,3.106,3.106,3.106,3.106,0.0,3.106,0
2019-07-16,3.082,3.082,3.082,3.082,0.0,3.082,0
2019-07-17,3.079,3.079,3.079,3.079,0.0,3.079,0
2019-07-18,3.098,3.098,3.098,3.098,0.0,3.098,0
2019-07-19,3.091,3.091,3.091,3.091,0.0,3.091,0
2019-07-22,3.018,3.018,3.018,3.018,0.0,3.018,0
2019-07-23,3.056,3.056,3.056,3.056,0.0,3.056,0
2019-07-24,3.049,3.049,3.049,3.049,0.0,3.049,0
2019-07-25,3.05,3.05,3.05,3.05,0.0,3.05,0
2019-07-26,3.044,3.044,3.044,3.044,0.0,3.044,0
2019-07-29,3.033,3.033,3.033,3.033,0.0,3.033,0
2019-07-30,3.036,3.036,3.036,3.036,0.0,3.036,0
2019-07-31,3.042,3.042,3.042,3.042,0.0,3.042,0
2019-08-01,3.045,3.045,3.045,3.045,0.0,3.045,0
2019-08-02,3.032,3.032,3.032,3.032,0.0,3.032,0
2019-08-05,3.03,3.03,3.03,3.03,0.0,3.03,0
2019-08-06,3.031,3.031,3.031,3.031,0.0,3.031,0
2019-08-07,3.036,3.036,3.036,3.036,0.0,3.036,0
2019-08-08,3.005,3.005,3.005,3.005,0.0,3.005,0
2019-08-09,2.994,2.994,2.994,2.994,0.0,2.994,0
2019-08-12,2.953,2.953,2.953,2.953,0.0,2.953,0
2019-08-13,2.935,2.935,2.935,2.935,0.0,2.935,0
2019-08-14,2.885,2.885,2.885,2.885,0.0,2.885,0
2019-08-15,2.885,2.885,2.885,2.885,0.0,2.885,0
2019-08-16,2.868,2.868,2.868,2.868,0.0,2.868,0
2019-08-19,2.873,2.873,2.873,2.873,0.0,2.873,0
2019-08-20,2.876,2.876,2.876,2.876,0.0,2.876,0
2019-08-21,2.881,2.881,2.881,2.881,0.0,2.881,0
2019-08-22,2.885,2.885,2.885,2.885,0.0,2.885,0
2019-08-23,2.915,2.915,2.915,2.915,0.0,2.915,0
2019-08-26,2.904,2.904,2.904,2.904,0.0,2.904,0
2019-08-27,2.924,2.924,2.924,2.924,0.0,2.924,0
2019-08-28,2.943,2.943,2.943,2.943,0.0,2.943,0
2019-08-29,2.931,2.931,2.931,2.931,0.0,2.931,0
2019-08-30,2.872,2.872,2.872,2.872,0.0,2.872,0
2019-09-03,2.886,2.886,2.886,2.886,0.0,2.886,0
2019-09-04,2.847,2.847,2.847,2.847,0.0,2.847,0
2019-09-05,2.859,2.859,2.859,2.859,0.0,2.859,0
2019-09-06,2.846,2.846,2.846,2.846,0.0,2.846,0
2019-09-09,2.817,2.817,2.817,2.817,0.0,2.817,0
2019-09-10,2.821,2.821,2.821,2.821,0.0,2.821,0
2019-09-11,2.816,2.816,2.816,2.816,0.0,2.816,0
2019-09-12,2.821,2.821,2.821,2.821,0.0,2.821,0
2019-09-13,2.786,2.786,2.786,2.786,0.0,2.786,0
2019-09-16,2.816,2.816,2.816,2.816,0.0,2.816,0
2019-09-17,2.78,2.78,2.78,2.78,0.0,2.78,0
2019-09-18,2.793,2.793,2.793,2.793,0.0,2.793,0
2019-09-19,2.787,2.787,2.787,2.787,0.0,2.787,0
2019-09-20,2.798,2.798,2.798,2.798,0.0,2.798,0
2019-09-23,2.795,2.795,2.795,2.795,0.0,2.795,0
2019-09-24,2.786,2.786,2.786,2.786,0.0,2.786,0
2019-09-25,2.785,2.785,2.785,2.785,0.0,2.785,0
2019-09-26,2.786,2.786,2.786,2.786,0.0,2.786,0
2019-09-27,2.76,2.76,2.76,2.76,0.0,2.76,0
2019-09-30,2.822,2.822,2.822,2.822,0.0,2.822,0
2019-10-01,2.771,2.771,2.771,2.771,0.0,2.771,0
2019-10-02,2.799,2.799,2.799,2.799,0.0,2.799,0
2019-10-03,2.784,2.784,2.784,2.784,0.0,2.784,0
2019-10-04,2.774,2.774,2.774,2.774,0.0,2.774,0
2019-10-07,2.778,2.778,2.778,2.778,0.0,2.778,0
2019-10-08,2.754,2.754,2.754,2.754,0.0,2.754,0
2019-10-09,2.765,2.765,2.765,2.765,0.0,2.765,0
2019-10-10,2.766,2.766,2.766,2.766,0.0,2.766,0
2019-10-11,2.777,2.777,2.777,2.777,0.0,2.777,0
2019-10-14,2.792,2.792,2.792,2.792,0.0,2.792,0
2019-10-15,2.808,2.808,2.808,2.808,0.0,2.808,0
2019-10-16,2.81,2.81,2.81,2.81,0.0,2.81,0
2019-10-17,2.807,2.807,2.807,2.807,0.0,2.807,0
2019-10-18,2.802,2.802,2.802,2.802,0.0,2.802,0
2019-10-21,2.797,2.797,2.797,2.797,0.0,2.797,0
2019-10-22,2.801,2.801,2.801,2.801,0.0,2.801,0
2019-10-23,2.795,2.795,2.795,2.795,0.0,2.795,0
2019-10-24,2.799,2.799,2.799,2.799,0.0,2.799,0
2019-10-25,2.797,2.797,2.797,2.797,0.0,2.797,0
2019-10-28,2.806,2.806,2.806,2.806,0.0,2.806,0
2019-10-29,2.822,2.822,2.822,2.822,0.0,2.822,0
2019-10-30,2.829,2.829,2.829,2.829,0.0,2.829,0
2019-10-31,2.827,2.827,2.827,2.827,0.0,2.827,0
2019-11-01,2.836,2.836,2.836,2.836,0.0,2.836,0
2019-11-04,2.772,2.772,2.772,2.772,0.0,2.772,0
2019-11-05,2.751,2.751,2.751,2.751,0.0,2.751,0
2019-11-06,2.762,2.762,2.762,2.762,0.0,2.762,0
2019-11-07,2.709,2.709,2.709,2.709,0.0,2.709,0
2019-11-08,2.716,2.716,2.716,2.716,0.0,2.716,0
2019-11-11,2.707,2.707,2.707,2.707,0.0,2.707,0
2019-11-12,2.657,2.657,2.657,2.657,0.0,2.657,0
2019-11-13,2.658,2.658,2.658,2.658,0.0,2.658,0
2019-11-14,2.645,2.645,2.645,2.645,0.0,2.645,0
2019-11-15,2.651,2.651,2.651,2.651,0.0,2.651,0
2019-11-18,2.655,2.655,2.655,2.655,0.0,2.655,0
2019-11-19,2.667,2.667,2.667,2.667,0.0,2.667,0
2019-11-20,2.679,2.679,2.679,2.679,0.0,2.679,0
2019-11-21,2.686,2.686,2.686,2.686,0.0,2.686,0
2019-11-22,2.686,2.686,2.686,2.686,0.0,2.686,0
2019-11-25,2.668,2.668,2.668,2.668,0.0,2.668,0
2019-11-26,2.662,2.662,2.662,2.662,0.0,2.662,0
2019-11-27,2.666,2.666,2.666,2.666,0.0,2.666,0
2019-11-29,2.624,2.624,2.624,2.624,0.0,2.624,0
2019-12-02,2.65,2.65,2.65,2.65,0.0,2.65,0
2019-12-03,2.659,2.659,2.659,2.659,0.0,2.659,0
2019-12-04,2.658,2.658,2.658,2.658,0.0,2.658,0
2019-12-05,2.65,2.65,2.65,2.65,0.0,2.65,0
2019-12-06,2.63,2.63,2.63,2.63,0.0,2.63,0
2019-12-09,2.602,2.602,2.602,2.602,0.0,2.602,0
2019-12-10,2.611,2.611,2.611,2.611,0.0,2.611,0
2019-12-11,2.608,2.608,2.608,2.608,0.0,2.608,0
2019-12-12,2.613,2.613,2.613,2.613,0.0,2.613,0
2019-12-13,2.596,2.596,2.596,2.596,0.0,2.596,0
2019-12-16,2.61,2.61,2.61,2.61,0.0,2.61,0
2019-12-17,2.612,2.612,2.612,2.612,0.0,2.612,0
2019-12-18,2.541,2.541,2.541,2.541,0.0,2.541,0
2019-12-19,2.515,2.515,2.515,2.515,0.0,2.515,0
2019-12-20,2.506,2.506,2.506,2.506,0.0,2.506,0
2019-12-23,2.513,2.513,2.513,2.513,0.0,2.513,0
2019-12-24,2.511,2.511,2.511,2.511,0.0,2.511,0
2019-12-26,2.499,2.499,2.499,2.499,0.0,2.499,0
2019-12-27,2.497,2.497,2.497,2.497,0.0,2.497,0
2019-12-30,2.494,2.494,2.494,2.494,0.0,2.494,0
2019-12-31,2.503,2.503,2.503,2.503,0.0,2.503,0
2020-01-02,2.498,2.498,2.498,2.498,0.0,2.498,0
2020-01-03,2.498,2.498,2.498,2.498,0.0,2.498,0
2020-01-06,2.502,2.502,2.502,2.502,0.0,2.502,0
2020-01-07,2.517,2.517,2.517,2.517,0.0,2.517,0
2020-01-08,2.52,2.52,2.52,2.52,0.0,2.52,0
2020-01-09,2.531,2.531,2.531,2.531,0.0,2.531,0
2020-01-10,2.533,2.533,2.533,2.533,0.0,2.533,0
2020-01-13,2.533,2.533,2.533,2.533,0.0,2.533,0
2020-01-14,2.532,2.532,2.532,2.532,0.0,2.532,0
2020-01-15,2.531,2.531,2.531,2.531,0.0,2.531,0
2020-01-16,2.538,2.538,2.538,2.538,0.0,2.538,0
2020-01-17,2.548,2.548,2.548,2.548,0.0,2.548,0
2020-01-21,2.538,2.538,2.538,2.538,0.0,2.538,0
2020-01-22,2.527,2.527,2.527,2.527,0.0,2.527,0
2020-01-23,2.519,2.519,2.519,2.519,0.0,2.519,0
2020-01-24,2.531,2.531,2.531,2.531,0.0,2.531,0
2020-01-27,2.49,2.49,2.49,2.49,0.0,2.49,0
2020-01-28,2.5,2.5,2.5,2.5,0.0,2.5,0
2020-01-29,2.485,2.485,2.485,2.485,0.0,2.485,0
2020-01-30,2.47,2.47,2.47,2.47,0.0,2.47,0
2020-01-31,2.471,2.471,2.471,2.471,0.0,2.471,0
2020-02-03,2.466,2.466,2.466,2.466,0.0,2.466,0
2020-02-04,2.462,2.462,2.462,2.462,0.0,2.462,0
2020-02-05,2.434,2.434,2.434,2.434,0.0,2.434,0
2020-02-06,2.438,2.438,2.438,2.438,0.0,2.438,0
2020-02-07,2.456,2.456,2.456,2.456,0.0,2.456,0
2020-02-10,2.448,2.448,2.448,2.448,0.0,2.448,0
2020-02-11,2.413,2.413,2.413,2.413,0.0,2.413,0
2020-02-12,2.42,2.42,2.42,2.42,0.0,2.42,0
2020-02-13,2.41,2.41,2.41,2.41,0.0,2.41,0
2020-02-14,2.445,2.445,2.445,2.445,0.0,2.445,0
2020-02-18,2.418,2.418,2.418,2.418,0.0,2.418,0
2020-02-19,2.439,2.439,2.439,2.439,0.0,2.439,0
2020-02-20,2.439,2.439,2.439,2.439,0.0,2.439,0
2020-02-21,2.469,2.469,2.469,2.469,0.0,2.469,0
2020-02-24,2.475,2.475,2.475,2.475,0.0,2.475,0
2020-02-25,2.478,2.478,2.478,2.478,0.0,2.478,0
2020-02-26,2.501,2.501,2.501,2.501,0.0,2.501,0
2020-02-27,2.491,2.491,2.491,2.491,0.0,2.491,0
2020-02-28,2.539,2.539,2.539,2.539,0.0,2.539,0
2020-03-02,2.579,2.579,2.579,2.579,0.0,2.579,0
2020-03-03,2.575,2.575,2.575,2.575,0.0,2.575,0
2020-03-04,2.564,2.564,2.564,2.564,0.0,2.564,0
2020-03-05,2.539,2.539,2.539,2.539,0.0,2.539,0
2020-03-06,2.552,2.552,2.552,2.552,0.0,2.552,0
2020-03-09,2.589,2.589,2.589,2.589,0.0,2.589,0
2020-03-10,2.589,2.589,2.589,2.589,0.0,2.589,0
2020-03-11,2.551,2.551,2.551,2.551,0.0,2.551,0
2020-03-12,2.501,2.501,2.501,2.501,0.0,2.501,0
2020-03-13,2.496,2.496,2.496,2.496,0.0,2.496,0
2020-03-16,2.485,2.485,2.485,2.485,0.0,2.485,0
2020-03-17,2.514,2.514,2.514,2.514,0.0,2.514,0
2020-03-18,2.52,2.52,2.52,2.52,0.0,2.52,0
2020-03-19,2.533,2.533,2.533,2.533,0.0,2.533,0
2020-03-20,2.527,2.527,2.527,2.527,0.0,2.527,0
2020-03-23,2.522,2.522,2.522,2.522,0.0,2.522,0
2020-03-24,2.479,2.479,2.479,2.479,0.0,2.479,0
2020-03-25,2.474,2.474,2.474,2.474,0.0,2.474,0
2020-03-26,2.44,2.44,2.44,2.44,0.0,2.44,0
2020-03-27,2.462,2.462,2.462,2.462,0.0,2.462,0
2020-03-30,2.47,2.47,2.47,2.47,0.0,2.47,0
2020-03-31,2.458,2.458,2.458,2.458,0.0,2.458,0
2020-04-01,2.428,2.428,2.428,2.428,0.0,2.428,0
2020-04-02,2.414,2.414,2.414,2.414,0.0,2.414,0
2020-04-03,2.398,2.398,2.398,2.398,0.0,2.398,0
2020-04-06,2.414,2.414,2.414,2.414,0.0,2.414,0
2020-04-07,2.408,2.408,2.408,2.408,0.0,2.408,0
2020-04-08,2.425,2.425,2.425,2.425,0.0,2.425,0
2020-04-09,2.411,2.411,2.411,2.411,0.0,2.411,0
2020-04-13,2.434,2.434,2.434,2.434,0.0,2.434,0
2020-04-14,2.416,2.416,2.416,2.416,0.0,2.416,0
2020-04-15,2.385,2.385,2.385,2.385,0.0,2.385,0
2020-04-16,2.39,2.39,2.39,2.39,0.0,2.39,0
2020-04-17,2.391,2.391,2.391,2.391,0.0,2.391,0
2020-04-20,2.427,2.427,2.427,2.427,0.0,2.427,0
2020-04-21,2.41,2.41,2.41,2.41,0.0,2.41,0
2020-04-22,2.438,2.438,2.438,2.438,0.0,2.438,0
2020-04-23,2.392,2.392,2.392,2.392,0.0,2.392,0
2020-04-24,2.39,2.39,2.39,2.39,0.0,2.39,0
2020-04-27,2.416,2.416,2.416,2.416,0.0,2.416,0
2020-04-28,2.408,2.408,2.408,2.408,0.0,2.408,0
2020-04-29,2.403,2.403,2.403,2.403,0.0,2.403,0
2020-04-30,2.378,2.378,2.378,2.378,0.0,2.378,0
2020-05-01,2.361,2.361,2.361,2.361,0.0,2.361,0
2020-05-04,2.332,2.332,2.332,2.332,0.0,2.332,0
2020-05-05,2.319,2.319,2.319,2.319,0.0,2.319,0
2020-05-06,2.358,2.358,2.358,2.358,0.0,2.358,0
2020-05-07,2.315,2.315,2.315,2.315,0.0,2.315,0
2020-05-08,2.304,2.304,2.304,2.304,0.0,2.304,0
2020-05-11,2.28,2.28,2.28,2.28,0.0,2.28,0
2020-05-12,2.284,2.284,2.284,2.284,0.0,2.284,0
2020-05-13,2.245,2.245,2.245,2.245,0.0,2.245,0
2020-05-14,2.3,2.3,2.219,2.219,27.0,2.3,1
2020-05-15,2.28,2.28,2.28,2.28,0.0,2.28,0
2020-05-18,2.298,2.298,2.298,2.298,0.0,2.298,0
2020-05-19,2.295,2.295,2.295,2.295,0.0,2.295,0
2020-05-20,2.247,2.247,2.247,2.247,0.0,2.247,0
2020-05-21,2.238,2.238,2.238,2.238,0.0,2.238,0
2020-05-22,2.281,2.281,2.281,2.281,0.0,2.281,0
2020-05-26,2.266,2.266,2.266,2.266,0.0,2.266,0
2020-05-27,2.308,2.308,2.308,2.308,0.0,2.308,0
2020-05-28,2.3,2.3,2.3,2.3,0.0,2.3,0
2020-05-29,2.294,2.294,2.294,2.294,0.0,2.294,0
2020-06-01,2.271,2.271,2.271,2.271,0.0,2.271,0
2020-06-02,2.276,2.276,2.276,2.276,0.0,2.276,0
2020-06-03,2.263,2.263,2.263,2.263,0.0,2.263,0
2020-06-04,2.272,2.272,2.272,2.272,0.0,2.272,0
2020-06-05,2.266,2.266,2.266,2.266,0.0,2.266,0
2020-06-08,2.28,2.28,2.28,2.28,0.0,2.28,0
2020-06-09,2.302,2.302,2.302,2.302,0.0,2.302,0
2020-06-10,2.307,2.307,2.307,2.307,0.0,2.307,0
2020-06-11,2.302,2.302,2.302,2.302,0.0,2.302,0
2020-06-12,2.291,2.291,2.291,2.291,0.0,2.291,0
2020-06-15,2.318,2.318,2.318,2.318,0.0,2.318,0
2020-06-16,2.313,2.313,2.313,2.313,0.0,2.313,0
2020-06-17,2.308,2.308,2.308,2.308,0.0,2.308,0
2020-06-18,2.307,2.307,2.307,2.307,0.0,2.307,0
2020-06-19,2.29,2.29,2.29,2.29,0.0,2.29,0
2020-06-22,2.278,2.278,2.278,2.278,0.0,2.278,0
2020-06-23,2.277,2.277,2.277,2.277,0.0,2.277,0
2020-06-24,2.287,2.287,2.287,2.287,0.0,2.287,0
2020-06-25,2.32,2.32,2.32,2.32,0.0,2.32,0
2020-06-26,2.342,2.342,2.342,2.342,0.0,2.342,0
2020-06-29,2.34,2.34,2.34,2.34,0.0,2.34,0
2020-06-30,2.34,2.34,2.34,2.34,0.0,2.34,0
2020-07-01,2.353,2.353,2.353,2.353,0.0,2.353,0
2020-07-02,2.397,2.397,2.397,2.397,0.0,2.397,0
2020-07-06,2.376,2.376,2.376,2.376,0.0,2.376,0
2020-07-07,2.364,2.364,2.364,2.364,0.0,2.364,0
2020-07-08,2.392,2.392,2.392,2.392,0.0,2.392,0
2020-07-09,2.377,2.377,2.377,2.377,0.0,2.377,0
2020-07-10,2.359,2.359,2.359,2.359,0.0,2.359,0
2020-07-13,2.355,2.355,2.355,2.355,0.0,2.355,0
2020-07-14,2.354,2.354,2.354,2.354,0.0,2.354,0
2020-07-15,2.364,2.364,2.364,2.364,0.0,2.364,0
2020-07-16,2.357,2.357,2.357,2.357,0.0,2.357,0
2020-07-17,2.354,2.354,2.354,2.354,0.0,2.354,0
2020-07-20,2.345,2.345,2.345,2.345,0.0,2.345,0
2020-07-21,2.36,2.36,2.36,2.36,0.0,2.36,0
2020-07-22,2.369,2.369,2.369,2.369,0.0,2.369,0
2020-07-23,2.453,2.453,2.453,2.453,0.0,2.453,0
2020-07-24,2.472,2.472,2.472,2.472,0.0,2.472,0
2020-07-27,2.533,2.533,2.533,2.533,0.0,2.533,0
2020-07-28,2.53,2.53,2.53,2.53,0.0,2.53,0
2020-07-29,2.535,2.535,2.535,2.535,0.0,2.535,0
2020-07-30,2.545,2.545,2.545,2.545,0.0,2.545,0
2020-07-31,2.61,2.61,2.61,2.61,0.0,2.61,0
2020-08-03,2.608,2.608,2.608,2.608,0.0,2.608,0
2020-08-04,2.602,2.602,2.602,2.602,0.0,2.602,0
2020-08-05,2.62,2.62,2.62,2.62,0.0,2.62,0
2020-08-06,2.645,2.645,2.645,2.645,0.0,2.645,0
2020-08-07,2.707,2.707,2.707,2.707,0.0,2.707,0
2020-08-10,2.675,2.675,2.675,2.675,0.0,2.675,0
2020-08-11,2.59,2.59,2.59,2.59,0.0,2.59,0
2020-08-12,2.567,2.567,2.567,2.567,0.0,2.567,0
2020-08-13,2.587,2.587,2.587,2.587,0.0,2.587,0
2020-08-14,2.573,2.573,2.573,2.573,0.0,2.573,0
2020-08-17,2.573,2.573,2.573,2.573,0.0,2.573,0
2020-08-18,2.568,2.568,2.568,2.568,0.0,2.568,0
2020-08-19,2.563,2.563,2.563,2.563,0.0,2.563,0
2020-08-20,2.561,2.561,2.561,2.561,0.0,2.561,0
2020-08-21,2.556,2.556,2.556,2.556,0.0,2.556,0
2020-08-24,2.551,2.551,2.551,2.551,0.0,2.551,0
2020-08-25,2.544,2.544,2.544,2.544,0.0,2.544,0
2020-08-26,2.572,2.572,2.572,2.572,0.0,2.572,0
2020-08-27,2.581,2.581,2.581,2.581,0.0,2.581,0
2020-08-28,2.569,2.569,2.569,2.569,0.0,2.569,0
2020-08-31,2.543,2.543,2.543,2.543,0.0,2.543,0
2020-09-01,2.541,2.541,2.541,2.541,0.0,2.541,0
2020-09-02,2.535,2.535,2.535,2.535,0.0,2.535,0
2020-09-03,2.532,2.532,2.532,2.532,0.0,2.532,0
2020-09-04,2.458,2.458,2.458,2.458,0.0,2.458,0
2020-09-08,2.459,2.459,2.459,2.459,0.0,2.459,0
2020-09-09,2.445,2.445,2.445,2.445,0.0,2.445,0
2020-09-10,2.427,2.427,2.427,2.427,0.0,2.427,0
2020-09-11,2.404,2.404,2.404,2.404,0.0,2.404,0
2020-09-14,2.377,2.377,2.377,2.377,0.0,2.377,0
2020-09-15,2.384,2.384,2.384,2.384,0.0,2.384,0
2020-09-16,2.359,2.359,2.359,2.359,0.0,2.359,0
2020-09-17,2.347,2.347,2.347,2.347,0.0,2.347,0
2020-09-18,2.368,2.368,2.368,2.368,0.0,2.368,0
2020-09-21,2.339,2.339,2.339,2.339,0.0,2.339,0
2020-09-22,2.378,2.378,2.378,2.378,0.0,2.378,0
2020-09-23,2.418,2.418,2.418,2.418,0.0,2.418,0
2020-09-24,2.444,2.444,2.444,2.444,0.0,2.444,0
2020-09-25,2.463,2.463,2.463,2.463,0.0,2.463,0
2020-09-28,2.471,2.471,2.471,2.471,0.0,2.471,0
2020-09-29,2.442,2.442,2.442,2.442,0.0,2.442,0
2020-09-30,2.423,2.423,2.423,2.423,0.0,2.423,0
2020-10-01,2.403,2.403,2.403,2.403,0.0,2.403,0
2020-10-02,2.4,2.4,2.4,2.4,0.0,2.4,0
2020-10-05,2.378,2.378,2.378,2.378,0.0,2.378,0
2020-10-06,2.385,2.385,2.385,2.385,0.0,2.385,0
2020-10-07,2.408,2.408,2.408,2.408,0.0,2.408,0
2020-10-08,2.383,2.383,2.383,2.383,0.0,2.383,0
2020-10-09,2.413,2.413,2.413,2.413,0.0,2.413,0
2020-10-12,2.399,2.399,2.399,2.399,0.0,2.399,0
2020-10-13,2.379,2.379,2.379,2.379,0.0,2.379,0
2020-10-14,2.406,2.406,2.406,2.406,0.0,2.406,0
2020-10-15,2.392,2.392,2.392,2.392,0.0,2.392,0
2020-10-16,2.395,2.395,2.395,2.395,0.0,2.395,0
2020-10-19,2.438,2.438,2.438,2.438,0.0,2.438,0
2020-10-20,2.379,2.379,2.379,2.379,0.0,2.379,0
2020-10-21,2.4,2.4,2.4,2.4,0.0,2.4,0
2020-10-22,2.402,2.402,2.402,2.402,0.0,2.402,0
2020-10-23,2.388,2.388,2.388,2.388,0.0,2.388,0
2020-10-26,2.301,2.301,2.301,2.301,0.0,2.301,0
2020-10-27,2.355,2.355,2.355,2.355,0.0,2.355,0
2020-10-28,2.405,2.405,2.405,2.405,0.0,2.405,0
2020-10-29,2.417,2.417,2.417,2.417,0.0,2.417,0
2020-10-30,2.434,2.434,2.434,2.434,0.0,2.434,0
2020-11-02,2.403,2.403,2.403,2.403,0.0,2.403,0
2020-11-03,2.432,2.432,2.432,2.432,0.0,2.432,0
2020-11-04,2.429,2.429,2.429,2.429,0.0,2.429,0
2020-11-05,2.424,2.424,2.424,2.424,0.0,2.424,0
2020-11-06,2.414,2.414,2.414,2.414,0.0,2.414,0
2020-11-09,2.41,2.41,2.41,2.41,0.0,2.41,0
2020-11-10,2.42,2.42,2.42,2.42,0.0,2.42,0
2020-11-11,2.435,2.435,2.435,2.435,0.0,2.435,0
2020-11-12,2.432,2.432,2.432,2.432,0.0,2.432,0
2020-11-13,2.387,2.387,2.387,2.387,0.0,2.387,0
2020-11-16,2.384,2.384,2.384,2.384,0.0,2.384,0
2020-11-17,2.401,2.401,2.401,2.401,0.0,2.401,0
2020-11-18,2.425,2.425,2.425,2.425,0.0,2.425,0
2020-11-19,2.425,2.425,2.425,2.425,0.0,2.425,0
2020-11-20,2.418,2.418,2.418,2.418,0.0,2.418,0
2020-11-23,2.412,2.412,2.412,2.412,0.0,2.412,0
2020-11-24,2.448,2.448,2.414,2.414,2.0,2.448,1
2020-11-25,2.397,2.397,2.397,2.397,0.0,2.397,0
2020-11-27,2.393,2.393,2.393,2.393,0.0,2.393,0
2020-11-30,2.379,2.379,2.379,2.379,0.0,2.379,0
2020-12-01,2.441,2.441,2.441,2.441,0.0,2.441,0
2020-12-02,2.466,2.466,2.466,2.466,0.0,2.466,0
2020-12-03,2.438,2.438,2.438,2.438,0.0,2.438,0
2020-12-04,2.458,2.458,2.458,2.458,0.0,2.458,0
2020-12-07,2.429,2.429,2.429,2.429,0.0,2.429,0
2020-12-08,2.417,2.417,2.417,2.417,0.0,2.417,0
2020-12-09,2.427,2.427,2.427,2.427,0.0,2.427,0
2020-12-10,2.432,2.432,2.432,2.432,0.0,2.432,0
2020-12-11,2.451,2.451,2.451,2.451,0.0,2.451,0
2020-12-14,2.445,2.445,2.445,2.445,0.0,2.445,0
2020-12-15,2.43,2.43,2.43,2.43,0.0,2.43,0
2020-12-16,2.442,2.442,2.442,2.442,0.0,2.442,0
2020-12-17,2.43,2.43,2.43,2.43,0.0,2.43,0
2020-12-18,2.444,2.444,2.444,2.444,0.0,2.444,0
2020-12-21,2.415,2.415,2.415,2.415,0.0,2.415,0
2020-12-22,2.46,2.46,2.46,2.46,0.0,2.46,0
2020-12-23,2.455,2.455,2.455,2.455,0.0,2.455,0
2020-12-24,2.467,2.467,2.467,2.467,0.0,2.467,0
2020-12-28,2.386,2.386,2.386,2.386,0.0,2.386,0
2020-12-29,2.455,2.455,2.455,2.455,0.0,2.455,0
2020-12-30,2.426,2.426,2.426,2.426,0.0,2.426,0
2020-12-31,2.453,2.453,2.453,2.453,0.0,2.453,0
2021-01-04,2.461,2.461,2.461,2.461,0.0,2.461,0
2021-01-05,2.476,2.476,2.476,2.476,0.0,2.476,0
2021-01-06,2.509,2.509,2.509,2.509,0.0,2.509,0
2021-01-07,2.477,2.477,2.477,2.477,0.0,2.477,0
2021-01-08,2.461,2.461,2.461,2.461,0.0,2.461,0
2021-01-11,2.464,2.464,2.464,2.464,0.0,2.464,0
2021-01-12,2.471,2.471,2.471,2.471,0.0,2.471,0
2021-01-13,2.502,2.502,2.502,2.502,0.0,2.502,0
2021-01-14,2.45,2.45,2.45,2.45,0.0,2.45,0
2021-01-15,2.486,2.486,2.486,2.486,0.0,2.486,0
2021-01-19,2.491,2.491,2.491,2.491,0.0,2.491,0
2021-01-20,2.505,2.505,2.505,2.505,0.0,2.505,0
2021-01-21,2.502,2.502,2.502,2.502,0.0,2.502,0
2021-01-22,2.513,2.513,2.513,2.513,0.0,2.513,0
2021-01-25,2.47,2.47,2.47,2.47,0.0,2.47,0
2021-01-26,2.499,2.499,2.499,2.499,0.0,2.499,0
2021-01-27,2.514,2.514,2.514,2.514,0.0,2.514,0
2021-01-28,2.513,2.513,2.513,2.513,0.0,2.513,0
2021-01-29,2.507,2.507,2.507,2.507,0.0,2.507,0
2021-02-01,2.511,2.511,2.511,2.511,0.0,2.511,0
2021-02-02,2.507,2.507,2.507,2.507,0.0,2.507,0
2021-02-03,2.488,2.488,2.488,2.488,0.0,2.488,0
2021-02-04,2.464,2.464,2.464,2.464,0.0,2.464,0
2021-02-05,2.473,2.473,2.473,2.473,0.0,2.473,0
2021-02-08,2.493,2.493,2.493,2.493,0.0,2.493,0
2021-02-09,2.493,2.493,2.493,2.493,0.0,2.493,0
2021-02-10,2.498,2.498,2.498,2.498,0.0,2.498,0
2021-02-11,2.485,2.485,2.485,2.485,0.0,2.485,0
2021-02-12,2.479,2.479,2.479,2.479,0.0,2.479,0
2021-02-16,2.496,2.496,2.496,2.496,0.0,2.496,0
2021-02-17,2.491,2.491,2.491,2.491,0.0,2.491,0
2021-02-18,2.481,2.481,2.481,2.481,0.0,2.481,0
2021-02-19,2.477,2.477,2.477,2.477,0.0,2.477,0
2021-02-22,2.479,2.479,2.479,2.479,0.0,2.479,0
2021-02-23,2.484,2.484,2.484,2.484,0.0,2.484,0
2021-02-24,2.478,2.478,2.478,2.478,0.0,2.478,0
2021-02-25,2.427,2.427,2.427,2.427,0.0,2.427,0
2021-02-26,2.447,2.447,2.447,2.447,0.0,2.447,0
2021-03-01,2.465,2.465,2.465,2.465,0.0,2.465,0
2021-03-02,2.474,2.474,2.474,2.474,0.0,2.474,0
2021-03-03,2.449,2.449,2.449,2.449,0.0,2.449,0
2021-03-04,2.417,2.417,2.417,2.417,0.0,2.417,0
2021-03-05,2.423,2.423,2.423,2.423,0.0,2.423,0
2021-03-08,2.441,2.441,2.441,2.441,0.0,2.441,0
2021-03-09,2.448,2.448,2.448,2.448,0.0,2.448,0
2021-03-10,2.446,2.446,2.446,2.446,0.0,2.446,0
2021-03-11,2.443,2.443,2.443,2.443,0.0,2.443,0
2021-03-12,2.46,2.46,2.46,2.46,0.0,2.46,0
2021-03-15,2.433,2.433,2.433,2.433,0.0,2.433,0
2021-03-16,2.465,2.465,2.465,2.465,0.0,2.465,0
2021-03-17,2.446,2.446,2.446,2.446,0.0,2.446,0
2021-03-18,2.46,2.46,2.46,2.46,0.0,2.46,0
2021-03-19,2.466,2.466,2.466,2.466,0.0,2.466,0
2021-03-22,2.462,2.462,2.462,2.462,0.0,2.462,0
2021-03-23,2.476,2.476,2.476,2.476,0.0,2.476,0
2021-03-24,2.479,2.479,2.479,2.479,0.0,2.479,0
2021-03-25,2.479,2.479,2.479,2.479,0.0,2.479,0
2021-03-26,2.481,2.481,2.481,2.481,0.0,2.481,0
2021-03-29,2.525,2.525,2.525,2.525,0.0,2.525,0
2021-03-30,2.536,2.536,2.536,2.536,0.0,2.536,0
2021-03-31,2.532,2.532,2.532,2.532,0.0,2.532,0
2021-04-01,2.561,2.561,2.561,2.561,0.0,2.561,0
2021-04-05,2.548,2.548,2.548,2.548,0.0,2.548,0
2021-04-06,2.531,2.531,2.531,2.531,0.0,2.531,0
2021-04-07,2.534,2.534,2.534,2.534,0.0,2.534,0
2021-04-08,2.534,2.534,2.534,2.534,0.0,2.534,0
2021-04-09,2.568,2.568,2.568,2.568,0.0,2.568,0
2021-04-12,2.577,2.577,2.577,2.577,0.0,2.577,0
2021-04-13,2.56,2.56,2.56,2.56,0.0,2.56,0
2021-04-14,2.569,2.569,2.569,2.569,0.0,2.569,0
2021-04-15,2.573,2.573,2.573,2.573,0.0,2.573,0
2021-04-16,2.586,2.586,2.586,2.586,0.0,2.586,0
2021-04-19,2.58,2.58,2.58,2.58,0.0,2.58,0
2021-04-20,2.542,2.542,2.542,2.542,0.0,2.542,0
2021-04-21,2.533,2.533,2.533,2.533,0.0,2.533,0
2021-04-22,2.514,2.514,2.514,2.514,0.0,2.514,0
2021-04-23,2.522,2.522,2.522,2.522,0.0,2.522,0
2021-04-26,2.529,2.529,2.508,2.508,1.0,2.529,1
2021-04-27,2.487,2.487,2.487,2.487,0.0,2.487,0
2021-04-28,2.499,2.499,2.499,2.499,0.0,2.499,0
2021-04-29,2.501,2.501,2.501,2.501,0.0,2.501,0
2021-04-30,2.526,2.526,2.526,2.526,0.0,2.526,0
2021-05-03,2.529,2.529,2.529,2.529,0.0,2.529,0
2021-05-04,2.538,2.538,2.538,2.538,0.0,2.538,0
2021-05-05,2.54,2.54,2.54,2.54,0.0,2.54,0
2021-05-06,2.53,2.53,2.53,2.53,0.0,2.53,0
2021-05-07,2.537,2.537,2.537,2.537,0.0,2.537,0
2021-05-10,2.54,2.54,2.54,2.54,0.0,2.54,0
2021-05-11,2.537,2.537,2.537,2.537,0.0,2.537,0
2021-05-12,2.536,2.536,2.536,2.536,0.0,2.536,0
2021-05-13,2.526,2.526,2.526,2.526,0.0,2.526,0
2021-05-14,2.532,2.532,2.532,2.532,0.0,2.532,0
2021-05-17,2.536,2.536,2.536,2.536,0.0,2.536,0
2021-05-18,2.505,2.505,2.505,2.505,0.0,2.505,0
2021-05-19,2.509,2.509,2.509,2.509,0.0,2.509,0
2021-05-20,2.514,2.514,2.514,2.514,0.0,2.514,0
2021-05-21,2.526,2.526,2.526,2.526,0.0,2.526,0
2021-05-24,2.52,2.52,2.52,2.52,0.0,2.52,0
2021-05-25,2.531,2.531,2.531,2.531,0.0,2.531,0
2021-05-26,2.5,2.5,2.5,2.5,0.0,2.5,0
2021-05-27,2.497,2.497,2.497,2.497,0.0,2.497,0
2021-05-28,2.52,2.52,2.52,2.52,0.0,2.52,0
2021-06-01,2.502,2.502,2.502,2.502,0.0,2.502,0
2021-06-02,2.512,2.512,2.512,2.512,0.0,2.512,0
2021-06-03,2.494,2.494,2.494,2.494,0.0,2.494,0
2021-06-04,2.545,2.545,2.545,2.545,0.0,2.545,0
2021-06-07,2.516,2.516,2.516,2.516,0.0,2.516,0
2021-06-08,2.522,2.522,2.522,2.522,0.0,2.522,0
2021-06-09,2.529,2.529,2.529,2.529,0.0,2.529,0
2021-06-10,2.518,2.518,2.518,2.518,0.0,2.518,0
2021-06-11,2.517,2.517,2.517,2.517,0.0,2.517,0
2021-06-14,2.526,2.526,2.526,2.526,0.0,2.526,0
2021-06-15,2.511,2.511,2.511,2.511,0.0,2.511,0
2021-06-16,2.564,2.564,2.564,2.564,0.0,2.564,0
2021-06-17,2.569,2.569,2.569,2.569,0.0,2.569,0
2021-06-18,2.578,2.578,2.578,2.578,0.0,2.578,0
2021-06-21,2.575,2.575,2.575,2.575,0.0,2.575,0
2021-06-22,2.575,2.575,2.575,2.575,0.0,2.575,0
2021-06-23,2.576,2.576,2.576,2.576,0.0,2.576,0
2021-06-24,2.564,2.564,2.564,2.564,0.0,2.564,0
2021-06-25,2.625,2.625,2.625,2.625,0.0,2.625,0
2021-06-28,2.635,2.635,2.635,2.635,0.0,2.635,0
2021-06-29,2.663,2.663,2.663,2.663,0.0,2.663,0
2021-06-30,2.659,2.659,2.659,2.659,0.0,2.659,0
2021-07-01,2.647,2.647,2.647,2.647,0.0,2.647,0
2021-07-02,2.639,2.639,2.639,2.639,0.0,2.639,0
2021-07-06,2.631,2.631,2.631,2.631,0.0,2.631,0
2021-07-07,2.643,2.643,2.643,2.643,0.0,2.643,0
2021-07-08,2.655,2.655,2.655,2.655,0.0,2.655,0
2021-07-09,2.661,2.661,2.661,2.661,0.0,2.661,0
2021-07-12,2.666,2.666,2.666,2.666,0.0,2.666,0
2021-07-13,2.665,2.665,2.665,2.665,0.0,2.665,0
2021-07-14,2.658,2.658,2.658,2.658,0.0,2.658,0
2021-07-15,2.666,2.666,2.666,2.666,0.0,2.666,0
2021-07-16,2.682,2.682,2.682,2.682,0.0,2.682,0
2021-07-19,2.692,2.692,2.692,2.692,0.0,2.692,0
2021-07-20,2.694,2.694,2.694,2.694,0.0,2.694,0
2021-07-21,2.699,2.699,2.699,2.699,0.0,2.699,0
2021-07-22,2.701,2.701,2.701,2.701,0.0,2.701,0
2021-07-23,2.707,2.707,2.707,2.707,0.0,2.707,0
2021-07-26,2.715,2.715,2.715,2.715,0.0,2.715,0
2021-07-27,2.685,2.685,2.685,2.685,0.0,2.685,0
2021-07-28,2.677,2.677,2.677,2.677,0.0,2.677,0
2021-07-29,2.652,2.652,2.652,2.652,0.0,2.652,0
2021-07-30,2.672,2.672,2.672,2.672,0.0,2.672,0
2021-08-02,2.686,2.686,2.686,2.686,0.0,2.686,0
2021-08-03,2.678,2.678,2.678,2.678,0.0,2.678,0
2021-08-04,2.688,2.688,2.688,2.688,0.0,2.688,0
2021-08-05,2.653,2.653,2.653,2.653,0.0,2.653,0
2021-08-06,2.662,2.662,2.662,2.662,0.0,2.662,0
2021-08-09,2.678,2.678,2.678,2.678,0.0,2.678,0
2021-08-10,2.675,2.675,2.675,2.675,0.0,2.675,0
2021-08-11,2.69,2.69,2.69,2.69,0.0,2.69,0
2021-08-12,2.771,2.771,2.771,2.771,0.0,2.771,0
2021-08-13,2.738,2.738,2.738,2.738,0.0,2.738,0
2021-08-16,2.75,2.75,2.75,2.75,0.0,2.75,0
2021-08-17,2.763,2.763,2.763,2.763,0.0,2.763,0
2021-08-18,2.761,2.761,2.761,2.761,0.0,2.761,0
2021-08-19,2.772,2.772,2.772,2.772,0.0,2.772,0
2021-08-20,2.771,2.771,2.771,2.771,0.0,2.771,0
2021-08-23,2.773,2.773,2.773,2.773,0.0,2.773,0
2021-08-24,2.769,2.769,2.769,2.769,0.0,2.769,0
2021-08-25,2.786,2.786,2.786,2.786,0.0,2.786,0
2021-08-26,2.837,2.837,2.837,2.837,0.0,2.837,0
2021-08-27,2.839,2.839,2.839,2.839,0.0,2.839,0
2021-08-30,2.842,2.842,2.842,2.842,0.0,2.842,0
2021-08-31,2.831,2.831,2.831,2.831,0.0,2.831,0
2021-09-01,2.84,2.84,2.84,2.84,0.0,2.84,0
2021-09-02,2.84,2.84,2.84,2.84,0.0,2.84,0
2021-09-03,2.864,2.864,2.864,2.864,0.0,2.864,0
2021-09-07,2.914,2.914,2.914,2.914,0.0,2.914,0
2021-09-08,2.966,2.966,2.966,2.966,0.0,2.966,0
2021-09-09,3.046,3.046,3.046,3.046,0.0,3.046,0
2021-09-10,3.028,3.028,3.028,3.028,0.0,3.028,0
2021-09-13,3.043,3.043,3.043,3.043,0.0,3.043,0
2021-09-14,3.016,3.016,3.016,3.016,0.0,3.016,0
2021-09-15,3.046,3.046,2.967,2.967,1.0,3.046,1
2021-09-16,2.97,2.97,2.97,2.97,0.0,2.97,0
2021-09-17,2.963,2.963,2.963,2.963,0.0,2.963,0
2021-09-20,2.999,2.999,2.999,2.999,0.0,2.999,0
2021-09-21,3.016,3.016,3.016,3.016,0.0,3.016,0
2021-09-22,3.033,3.033,3.033,3.033,0.0,3.033,0
2021-09-23,3.04,3.04,3.04,3.04,0.0,3.04,0
2021-09-24,2.981,2.981,2.981,2.981,0.0,2.981,0
2021-09-27,2.974,2.974,2.974,2.974,0.0,2.974,0
2021-09-28,2.897,2.897,2.897,2.897,0.0,2.897,0
2021-09-29,2.878,2.878,2.878,2.878,0.0,2.878,0
2021-09-30,2.885,2.885,2.885,2.885,0.0,2.885,0
2021-10-01,2.875,2.875,2.875,2.875,0.0,2.875,0
2021-10-04,2.884,2.884,2.884,2.884,0.0,2.884,0
2021-10-05,2.899,2.899,2.899,2.899,0.0,2.899,0
2021-10-06,2.937,2.937,2.937,2.937,0.0,2.937,0
2021-10-07,2.937,2.937,2.937,2.937,0.0,2.937,0
2021-10-08,2.978,2.978,2.978,2.978,0.0,2.978,0
2021-10-11,2.964,2.964,2.964,2.964,0.0,2.964,0
2021-10-12,2.966,2.966,2.966,2.966,0.0,2.966,0
2021-10-13,2.971,2.971,2.971,2.971,0.0,2.971,0
2021-10-14,3.006,3.006,3.006,3.006,0.0,3.006,0
2021-10-15,3.017,3.017,3.017,3.017,0.0,3.017,0
2021-10-18,3.023,3.023,3.023,3.023,0.0,3.023,0
2021-10-19,3.02,3.02,3.02,3.02,0.0,3.02,0
2021-10-20,3.023,3.023,3.023,3.023,0.0,3.023,0
2021-10-21,3.019,3.019,3.019,3.019,0.0,3.019,0
2021-10-22,3.024,3.024,3.024,3.024,0.0,3.024,0
2021-10-25,3.067,3.067,3.067,3.067,0.0,3.067,0
2021-10-26,3.045,3.045,3.045,3.045,0.0,3.045,0
2021-10-27,2.982,2.982,2.982,2.982,0.0,2.982,0
2021-10-28,2.983,2.983,2.983,2.983,0.0,2.983,0
2021-10-29,2.934,2.934,2.934,2.934,0.0,2.934,0
2021-11-01,2.829,2.829,2.829,2.829,0.0,2.829,0
2021-11-02,2.89,2.89,2.89,2.89,0.0,2.89,0
2021-11-03,2.884,2.884,2.884,2.884,0.0,2.884,0
2021-11-04,2.908,2.908,2.908,2.908,0.0,2.908,0
2021-11-05,2.918,2.918,2.918,2.918,0.0,2.918,0
2021-11-08,3.001,3.001,3.001,3.001,0.0,3.001,0
2021-11-09,2.997,2.997,2.997,2.997,0.0,2.997,0
2021-11-10,3.023,3.023,3.023,3.023,0.0,3.023,0
2021-11-11,3.04,3.04,3.04,3.04,0.0,3.04,0
2021-11-12,2.976,2.976,2.976,2.976,0.0,2.976,0
2021-11-15,2.989,2.989,2.989,2.989,0.0,2.989,0
2021-11-16,3.06,3.06,3.06,3.06,0.0,3.06,0
2021-11-17,2.991,2.991,2.991,2.991,0.0,2.991,0
2021-11-18,2.979,2.979,2.979,2.979,0.0,2.979,0
2021-11-19,2.943,2.943,2.943,2.943,0.0,2.943,0
2021-11-22,2.925,2.925,2.925,2.925,0.0,2.925,0
2021-11-23,2.972,2.972,2.972,2.972,0.0,2.972,0
2021-11-24,2.97,2.97,2.97,2.97,0.0,2.97,0
2021-11-26,3.009,3.009,3.009,3.009,0.0,3.009,0
2021-11-29,3.001,3.001,3.001,3.001,0.0,3.001,0
2021-11-30,2.974,2.974,2.974,2.974,0.0,2.974,0
2021-12-01,2.982,2.982,2.982,2.982,0.0,2.982,0
2021-12-02,2.986,2.986,2.986,2.986,0.0,2.986,0
2021-12-03,2.996,2.996,2.996,2.996,0.0,2.996,0
2021-12-06,2.968,2.968,2.968,2.968,0.0,2.968,0
2021-12-07,2.972,2.972,2.972,2.972,0.0,2.972,0
2021-12-08,2.896,2.896,2.896,2.896,0.0,2.896,0
2021-12-09,2.918,2.918,2.918,2.918,0.0,2.918,0
2021-12-10,2.949,2.949,2.949,2.949,0.0,2.949,0
2021-12-13,2.853,2.853,2.853,2.853,0.0,2.853,0
2021-12-14,2.891,2.891,2.891,2.891,0.0,2.891,0
2021-12-15,2.922,2.922,2.922,2.922,0.0,2.922,0
2021-12-16,2.915,2.915,2.915,2.915,0.0,2.915,0
2021-12-17,2.928,2.928,2.928,2.928,0.0,2.928,0
2021-12-20,2.943,2.943,2.943,2.943,0.0,2.943,0
2021-12-21,2.927,2.927,2.927,2.927,0.0,2.927,0
2021-12-22,2.928,2.928,2.928,2.928,0.0,2.928,0
2021-12-23,2.891,2.891,2.891,2.891,0.0,2.891,0
2021-12-27,2.877,2.877,2.877,2.877,0.0,2.877,0
2021-12-28,2.9,2.9,2.9,2.9,0.0,2.9,0
2021-12-29,2.912,2.912,2.912,2.912,0.0,2.912,0
2021-12-30,2.9,2.9,2.9,2.9,0.0,2.9,0
2021-12-31,2.943,2.943,2.943,2.943,0.0,2.943,0
2022-01-03,2.925,2.925,2.925,2.925,0.0,2.925,0
2022-01-04,2.924,2.924,2.924,2.924,0.0,2.924,0
2022-01-05,2.918,2.918,2.918,2.918,0.0,2.918,0
2022-01-06,2.932,2.932,2.932,2.932,0.0,2.932,0
2022-01-07,2.965,2.965,2.965,2.965,0.0,2.965,0
2022-01-10,2.97,2.97,2.97,2.97,0.0,2.97,0
2022-01-11,2.959,2.959,2.959,2.959,0.0,2.959,0
2022-01-12,2.934,2.934,2.934,2.934,0.0,2.934,0
2022-01-13,2.937,2.937,2.937,2.937,0.0,2.937,0
2022-01-14,2.913,2.913,2.913,2.913,0.0,2.913,0
2022-01-18,2.932,2.932,2.932,2.932,0.0,2.932,0
2022-01-19,3.0,3.0,2.979,2.979,4.0,3.0,1
2022-01-20,2.982,2.982,2.982,2.982,0.0,2.982,0
2022-01-21,2.97,2.97,2.97,2.97,0.0,2.97,0
2022-01-24,2.959,2.959,2.959,2.959,0.0,2.959,0
2022-01-25,2.979,2.979,2.979,2.979,0.0,2.979,0
2022-01-26,2.98,2.98,2.98,2.98,0.0,2.98,0
2022-01-27,2.965,2.965,2.965,2.965,0.0,2.965,0
2022-01-28,2.958,2.958,2.958,2.958,0.0,2.958,0
2022-01-31,2.957,2.957,2.957,2.957,0.0,2.957,0
2022-02-01,2.942,2.942,2.942,2.942,0.0,2.942,0
2022-02-02,2.961,2.961,2.961,2.961,0.0,2.961,0
2022-02-03,2.952,2.952,2.952,2.952,0.0,2.952,0
2022-02-04,2.982,2.982,2.982,2.982,0.0,2.982,0
2022-02-07,2.998,2.998,2.998,2.998,0.0,2.998,0
2022-02-08,2.99,2.99,2.99,2.99,0.0,2.99,0
2022-02-09,2.985,2.985,2.985,2.985,0.0,2.985,0
2022-02-10,2.992,2.992,2.992,2.992,0.0,2.992,0
2022-02-11,3.032,3.032,3.032,3.032,0.0,3.032,0
2022-02-14,3.073,3.073,3.073,3.073,0.0,3.073,0
2022-02-15,3.061,3.061,3.061,3.061,0.0,3.061,0
2022-02-16,3.09,3.09,3.09,3.09,0.0,3.09,0
2022-02-17,3.083,3.083,3.083,3.083,0.0,3.083,0
2022-02-18,3.083,3.083,3.083,3.083,0.0,3.083,0
2022-02-22,3.128,3.128,3.128,3.128,0.0,3.128,0
2022-02-23,3.214,3.214,3.214,3.214,0.0,3.214,0
2022-02-24,3.257,3.257,3.257,3.257,0.0,3.257,0
2022-02-25,3.149,3.149,3.149,3.149,0.0,3.149,0
2022-02-28,3.226,3.226,3.226,3.226,0.0,3.226,0
2022-03-01,3.297,3.297,3.297,3.297,0.0,3.297,0
2022-03-02,3.364,3.364,3.364,3.364,0.0,3.364,0
2022-03-03,3.307,3.307,3.307,3.307,0.0,3.307,0
2022-03-04,3.36,3.36,3.36,3.36,0.0,3.36,0
2022-03-07,3.426,3.426,3.426,3.426,0.0,3.426,0
2022-03-08,3.473,3.473,3.473,3.473,0.0,3.473,0
2022-03-09,3.452,3.452,3.452,3.452,0.0,3.452,0
2022-03-10,3.368,3.368,3.368,3.368,0.0,3.368,0
2022-03-11,3.349,3.349,3.349,3.349,0.0,3.349,0
2022-03-14,3.392,3.392,3.392,3.392,0.0,3.392,0
2022-03-15,3.374,3.374,3.374,3.374,0.0,3.374,0
2022-03-16,3.385,3.385,3.385,3.385,0.0,3.385,0
2022-03-17,3.402,3.402,3.402,3.402,0.0,3.402,0
2022-03-18,3.354,3.354,3.354,3.354,0.0,3.354,0
2022-03-21,3.34,3.34,3.34,3.34,0.0,3.34,0
2022-03-22,3.351,3.351,3.351,3.351,0.0,3.351,0
2022-03-23,3.362,3.362,3.362,3.362,0.0,3.362,0
2022-03-24,3.388,3.388,3.388,3.388,0.0,3.388,0
2022-03-25,3.434,3.434,3.434,3.434,0.0,3.434,0
2022-03-28,3.526,3.526,3.526,3.526,0.0,3.526,0
2022-03-29,3.54,3.54,3.54,3.54,0.0,3.54,0
2022-03-30,3.653,3.653,3.653,3.653,0.0,3.653,0
2022-03-31,3.72,3.746,3.72,3.746,1.0,3.72,1
2022-04-01,3.803,3.803,3.803,3.803,0.0,3.803,0
2022-04-04,3.87,3.87,3.87,3.87,0.0,3.87,0
2022-04-05,3.899,3.899,3.899,3.899,0.0,3.899,0
2022-04-06,3.951,3.951,3.951,3.951,0.0,3.951,0
2022-04-07,3.931,3.931,3.931,3.931,0.0,3.931,0
2022-04-08,3.904,3.904,3.904,3.904,0.0,3.904,0
2022-04-11,3.953,3.953,3.953,3.953,0.0,3.953,0
2022-04-12,3.975,3.975,3.975,3.975,0.0,3.975,0
2022-04-13,4.013,4.013,4.013,4.013,0.0,4.013,0
2022-04-14,4.015,4.015,4.015,4.015,0.0,4.015,0
2022-04-18,4.03,4.03,4.03,4.03,0.0,4.03,0
2022-04-19,4.008,4.008,4.008,4.008,0.0,4.008,0
2022-04-20,3.999,3.999,3.999,3.999,0.0,3.999,0
2022-04-21,3.922,3.922,3.922,3.922,0.0,3.922,0
2022-04-22,3.749,3.749,3.749,3.749,0.0,3.749,0
2022-04-25,3.764,3.764,3.764,3.764,0.0,3.764,0
2022-04-26,3.829,3.829,3.829,3.829,0.0,3.829,0
2022-04-27,3.794,3.794,3.794,3.794,0.0,3.794,0
2022-04-28,3.79,3.79,3.79,3.79,0.0,3.79,0
2022-04-29,3.783,3.783,3.783,3.783,0.0,3.783,0
2022-05-02,3.857,3.857,3.857,3.857,0.0,3.857,0
2022-05-03,3.914,3.914,3.914,3.914,0.0,3.914,0
2022-05-04,3.964,3.964,3.964,3.964,0.0,3.964,0
2022-05-05,3.997,3.997,3.997,3.997,0.0,3.997,0
2022-05-06,3.963,3.963,3.963,3.963,0.0,3.963,0
2022-05-09,3.886,3.886,3.886,3.886,0.0,3.886,0
2022-05-10,3.934,3.934,3.934,3.934,0.0,3.934,0
2022-05-11,3.993,3.993,3.993,3.993,0.0,3.993,0
2022-05-12,4.003,4.003,4.003,4.003,0.0,4.003,0
2022-05-13,4.047,4.047,4.047,4.047,0.0,4.047,0
2022-05-16,4.077,4.077,4.077,4.077,0.0,4.077,0
2022-05-17,4.064,4.064,4.064,4.064,0.0,4.064,0
2022-05-18,4.109,4.109,4.109,4.109,0.0,4.109,0
2022-05-19,4.048,4.048,4.048,4.048,0.0,4.048,0
2022-05-20,4.057,4.057,4.057,4.057,0.0,4.057,0
2022-05-23,4.098,4.098,4.098,4.098,0.0,4.098,0
2022-05-24,4.077,4.077,4.077,4.077,0.0,4.077,0
2022-05-25,4.108,4.108,4.108,4.108,0.0,4.108,0
2022-05-26,4.137,4.137,4.137,4.137,0.0,4.137,0
2022-05-27,4.161,4.161,4.161,4.161,0.0,4.161,0
2022-05-31,4.092,4.092,4.092,4.092,0.0,4.092,0
2022-06-01,4.256,4.256,4.256,4.256,0.0,4.256,0
2022-06-02,4.241,4.241,4.241,4.241,0.0,4.241,0
2022-06-03,4.288,4.288,4.288,4.288,0.0,4.288,0
2022-06-06,4.387,4.387,4.387,4.387,0.0,4.387,0
2022-06-07,4.392,4.392,4.392,4.392,0.0,4.392,0
2022-06-08,4.447,4.447,4.447,4.447,0.0,4.447,0
2022-06-09,4.533,4.533,4.533,4.533,0.0,4.533,0
2022-06-10,4.578,4.578,4.578,4.578,0.0,4.578,0
2022-06-13,4.521,4.521,4.521,4.521,0.0,4.521,0
2022-06-14,4.443,4.443,4.443,4.443,0.0,4.443,0
2022-06-15,4.504,4.504,4.504,4.504,0.0,4.504,0
2022-06-16,4.518,4.518,4.518,4.518,0.0,4.518,0
2022-06-17,4.399,4.399,4.399,4.399,0.0,4.399,0
2022-06-21,4.386,4.386,4.386,4.386,0.0,4.386,0
2022-06-22,4.404,4.441,4.404,4.441,2.0,4.404,1
2022-06-23,4.435,4.435,4.435,4.435,0.0,4.435,0
2022-06-24,4.211,4.211,4.211,4.211,0.0,4.211,0
2022-06-27,4.253,4.253,4.253,4.253,0.0,4.253,0
2022-06-28,4.223,4.223,4.223,4.223,0.0,4.223,0
2022-06-29,4.173,4.173,4.173,4.173,0.0,4.173,0
2022-06-30,4.12,4.12,3.918,3.918,2.0,4.12,1
2022-07-01,4.006,4.006,4.006,4.006,0.0,4.006,0
2022-07-04,4.006,4.006,4.006,4.006,0.0,4.006,0
2022-07-05,3.856,3.856,3.856,3.856,0.0,3.856,0
2022-07-06,3.948,3.948,3.948,3.948,0.0,3.948,0
2022-07-07,4.043,4.043,4.043,4.043,0.0,4.043,0
2022-07-08,4.042,4.042,4.042,4.042,0.0,4.042,0
2022-07-11,4.076,4.076,4.076,4.076,0.0,4.076,0
2022-07-12,3.978,3.978,3.978,3.978,0.0,3.978,0
2022-07-13,4.04,4.04,4.04,4.04,0.0,4.04,0
2022-07-14,3.962,3.962,3.962,3.962,0.0,3.962,0
2022-07-15,4.036,4.036,4.036,4.036,0.0,4.036,0
2022-07-18,3.985,3.985,3.985,3.985,0.0,3.985,0
2022-07-19,4.012,4.012,4.012,4.012,0.0,4.012,0
2022-07-20,4.155,4.155,4.155,4.155,0.0,4.155,0
2022-07-21,4.06,4.06,4.06,4.06,0.0,4.06,0
2022-07-22,4.064,4.064,4.064,4.064,0.0,4.064,0
2022-07-25,4.12,4.12,4.12,4.12,0.0,4.12,0
2022-07-26,4.147,4.147,4.147,4.147,0.0,4.147,0
2022-07-27,4.145,4.145,4.145,4.145,0.0,4.145,0
2022-07-28,4.121,4.121,4.121,4.121,0.0,4.121,0
2022-07-29,4.139,4.139,4.139,4.139,0.0,4.139,0
2022-08-01,4.122,4.122,4.122,4.122,0.0,4.122,0
2022-08-02,4.124,4.124,4.124,4.124,0.0,4.124,0
2022-08-03,4.156,4.156,4.156,4.156,0.0,4.156,0
2022-08-04,4.137,4.137,4.137,4.137,0.0,4.137,0
2022-08-05,4.143,4.143,4.143,4.143,0.0,4.143,0
2022-08-08,4.105,4.105,4.105,4.105,0.0,4.105,0
2022-08-09,4.142,4.142,4.142,4.142,0.0,4.142,0
2022-08-10,4.172,4.172,4.172,4.172,0.0,4.172,0
2022-08-11,4.269,4.269,4.269,4.269,0.0,4.269,0
2022-08-12,4.257,4.257,4.257,4.257,0.0,4.257,0
2022-08-15,4.35,4.35,4.35,4.35,0.0,4.35,0
2022-08-16,4.389,4.389,4.389,4.389,0.0,4.389,0
2022-08-17,4.372,4.372,4.372,4.372,0.0,4.372,0
2022-08-18,4.378,4.378,4.378,4.378,0.0,4.378,0
2022-08-19,4.394,4.394,4.394,4.394,0.0,4.394,0
2022-08-22,4.453,4.453,4.453,4.453,0.0,4.453,0
2022-08-23,4.46,4.46,4.46,4.46,0.0,4.46,0
2022-08-24,4.49,4.49,4.49,4.49,0.0,4.49,0
2022-08-25,4.552,4.552,4.552,4.552,0.0,4.552,0
2022-08-26,4.576,4.576,4.576,4.576,0.0,4.576,0
2022-08-29,4.604,4.604,4.604,4.604,0.0,4.604,0
2022-08-30,4.611,4.611,4.611,4.611,0.0,4.611,0
2022-08-31,4.641,4.641,4.641,4.641,0.0,4.641,0
2022-09-01,4.709,4.709,4.709,4.709,0.0,4.709,0
2022-09-02,4.793,4.793,4.793,4.793,0.0,4.793,0
2022-09-05,4.793,4.793,4.793,4.793,0.0,4.793,0
2022-09-06,4.782,4.782,4.782,4.782,0.0,4.782,0
2022-09-07,4.72,4.72,4.72,4.72,0.0,4.72,0
2022-09-08,4.673,4.673,4.673,4.673,0.0,4.673,0
2022-09-09,4.724,4.724,4.724,4.724,0.0,4.724,0
2022-09-12,4.669,4.669,4.669,4.669,0.0,4.669,0
2022-09-13,4.698,4.698,4.698,4.698,0.0,4.698,0
2022-09-14,4.757,4.757,4.757,4.757,0.0,4.757,0
2022-09-15,4.711,4.711,4.711,4.711,0.0,4.711,0
2022-09-16,4.606,4.606,4.606,4.606,0.0,4.606,0
2022-09-19,4.562,4.562,4.562,4.562,0.0,4.562,0
2022-09-20,4.539,4.539,4.539,4.539,0.0,4.539,0
2022-09-21,4.404,4.404,4.404,4.404,0.0,4.404,0
2022-09-22,4.284,4.284,4.284,4.284,0.0,4.284,0
2022-09-23,4.3,4.3,4.29,4.29,2.0,4.3,1
2022-09-26,4.229,4.229,4.229,4.229,0.0,4.229,0
2022-09-27,4.166,4.166,4.166,4.166,0.0,4.166,0
2022-09-28,4.102,4.102,4.102,4.102,0.0,4.102,0
2022-09-29,4.087,4.087,4.087,4.087,0.0,4.087,0
2022-09-30,4.093,4.093,4.093,4.093,0.0,4.093,0
2022-10-03,4.037,4.037,4.037,4.037,0.0,4.037,0
2022-10-04,4.087,4.087,4.087,4.087,0.0,4.087,0
2022-10-05,4.084,4.084,4.084,4.084,0.0,4.084,0
2022-10-06,4.111,4.111,4.111,4.111,0.0,4.111,0
2022-10-07,4.111,4.111,4.111,4.111,0.0,4.111,0
2022-10-10,4.133,4.133,4.133,4.133,0.0,4.133,0
2022-10-11,4.171,4.171,4.171,4.171,0.0,4.171,0
2022-10-12,4.15,4.15,4.15,4.15,0.0,4.15,0
2022-10-13,4.143,4.143,4.143,4.143,0.0,4.143,0
2022-10-14,4.166,4.166,4.166,4.166,0.0,4.166,0
2022-10-17,4.139,4.139,4.139,4.139,0.0,4.139,0
2022-10-18,4.104,4.104,4.104,4.104,0.0,4.104,0
2022-10-19,4.079,4.079,4.079,4.079,0.0,4.079,0
2022-10-20,4.086,4.086,4.086,4.086,0.0,4.086,0
2022-10-21,4.066,4.066,4.066,4.066,0.0,4.066,0
2022-10-24,4.107,4.107,4.107,4.107,0.0,4.107,0
2022-10-25,4.112,4.112,4.112,4.112,0.0,4.112,0
2022-10-26,4.09,4.09,4.09,4.09,0.0,4.09,0
2022-10-27,4.083,4.083,4.083,4.083,0.0,4.083,0
2022-10-28,4.094,4.094,4.094,4.094,0.0,4.094,0
2022-10-31,4.088,4.088,4.088,4.088,0.0,4.088,0
2022-11-01,4.053,4.053,4.053,4.053,0.0,4.053,0
2022-11-02,4.07,4.092,4.07,4.092,1.0,4.07,1
2022-11-03,4.157,4.157,4.157,4.157,0.0,4.157,0
2022-11-04,4.259,4.259,4.259,4.259,0.0,4.259,0
2022-11-07,4.279,4.279,4.279,4.279,0.0,4.279,0
2022-11-08,4.239,4.239,4.239,4.239,0.0,4.239,0
2022-11-09,4.253,4.253,4.253,4.253,0.0,4.253,0
2022-11-10,4.253,4.253,4.253,4.253,0.0,4.253,0
2022-11-11,4.24,4.24,4.24,4.24,0.0,4.24,0
2022-11-14,4.209,4.209,4.209,4.209,0.0,4.209,0
2022-11-15,4.244,4.244,4.244,4.244,0.0,4.244,0
2022-11-16,4.259,4.259,4.259,4.259,0.0,4.259,0
2022-11-17,4.245,4.245,4.245,4.245,0.0,4.245,0
2022-11-18,4.234,4.234,4.234,4.234,0.0,4.234,0
2022-11-21,4.189,4.189,4.189,4.189,0.0,4.189,0
2022-11-22,4.173,4.173,4.173,4.173,0.0,4.173,0
2022-11-23,4.182,4.182,4.182,4.182,0.0,4.182,0
2022-11-24,4.182,4.182,4.182,4.182,0.0,4.182,0
2022-11-25,4.176,4.176,4.176,4.176,0.0,4.176,0
2022-11-28,4.178,4.178,4.178,4.178,0.0,4.178,0
2022-11-29,4.21,4.21,4.21,4.21,0.0,4.21,0
2022-11-30,4.176,4.176,4.176,4.176,0.0,4.176,0
2022-12-01,4.156,4.156,4.156,4.156,0.0,4.156,0
2022-12-02,4.152,4.152,4.152,4.152,0.0,4.152,0
2022-12-05,4.16,4.16,4.16,4.16,0.0,4.16,0
2022-12-06,4.173,4.173,4.173,4.173,0.0,4.173,0
2022-12-07,4.178,4.178,4.178,4.178,0.0,4.178,0
2022-12-08,4.218,4.218,4.218,4.218,0.0,4.218,0
2022-12-09,4.222,4.222,4.222,4.222,0.0,4.222,0
2022-12-12,4.277,4.277,4.277,4.277,0.0,4.277,0
2022-12-13,4.265,4.265,4.265,4.265,0.0,4.265,0
2022-12-14,4.263,4.263,4.263,4.263,0.0,4.263,0
2022-12-15,4.291,4.291,4.291,4.291,0.0,4.291,0
2022-12-16,4.353,4.353,4.353,4.353,0.0,4.353,0
2022-12-19,4.377,4.377,4.377,4.377,0.0,4.377,0
2022-12-20,4.372,4.372,4.372,4.372,0.0,4.372,0
2022-12-21,4.284,4.284,4.284,4.284,0.0,4.284,0
2022-12-22,4.201,4.201,4.201,4.201,0.0,4.201,0
2022-12-23,4.199,4.199,4.199,4.199,0.0,4.199,0
2022-12-27,4.285,4.285,4.285,4.285,0.0,4.285,0
2022-12-28,4.207,4.207,4.207,4.207,0.0,4.207,0
2022-12-29,4.198,4.198,4.198,4.198,0.0,4.198,0
2022-12-30,4.207,4.207,4.207,4.207,0.0,4.207,0
2023-01-03,4.153,4.153,4.153,4.153,0.0,4.153,0
2023-01-04,4.156,4.156,4.156,4.156,0.0,4.156,0
2023-01-05,4.048,4.048,4.048,4.048,0.0,4.048,0
2023-01-06,3.992,3.992,3.992,3.992,0.0,3.992,0
2023-01-09,4.0,4.0,4.0,4.0,0.0,4.0,0
2023-01-10,4.024,4.024,4.024,4.024,0.0,4.024,0
2023-01-11,3.99,3.99,3.99,3.99,0.0,3.99,0
2023-01-12,3.989,3.989,3.989,3.989,0.0,3.989,0
2023-01-13,3.998,3.998,3.998,3.998,0.0,3.998,0
2023-01-16,3.998,3.998,3.998,3.998,0.0,3.998,0
2023-01-17,4.014,4.014,4.014,4.014,0.0,4.014,0
2023-01-18,4.012,4.012,4.012,4.012,0.0,4.012,0
2023-01-19,4.052,4.052,4.052,4.052,0.0,4.052,0
2023-01-20,4.066,4.066,4.066,4.066,0.0,4.066,0
2023-01-23,4.065,4.065,4.065,4.065,0.0,4.065,0
2023-01-24,4.034,4.034,4.034,4.034,0.0,4.034,0
2023-01-25,3.977,3.977,3.977,3.977,0.0,3.977,0
2023-01-26,3.984,3.984,3.984,3.984,0.0,3.984,0
2023-01-27,3.975,3.975,3.975,3.975,0.0,3.975,0
2023-01-30,3.896,3.896,3.896,3.896,0.0,3.896,0
2023-01-31,3.907,3.907,3.907,3.907,0.0,3.907,0
2023-02-01,3.781,3.781,3.781,3.781,0.0,3.781,0
2023-02-02,3.761,3.761,3.761,3.761,0.0,3.761,0
2023-02-03,3.664,3.664,3.664,3.664,0.0,3.664,0
2023-02-10,3.662,3.662,3.662,3.662,0.0,3.662,0
2023-02-13,3.605,3.605,3.605,3.605,0.0,3.605,0
2023-02-14,3.606,3.606,3.606,3.606,0.0,3.606,0
2023-02-15,3.601,3.601,3.601,3.601,0.0,3.601,0
2023-02-16,3.601,3.601,3.601,3.601,0.0,3.601,0
2023-02-17,3.587,3.587,3.587,3.587,0.0,3.587,0
2023-02-20,3.587,3.587,3.587,3.587,0.0,3.587,0
2023-02-21,3.587,3.587,3.587,3.587,0.0,3.587,0
2023-02-22,3.611,3.611,3.611,3.611,0.0,3.611,0
2023-02-23,3.645,3.645,3.645,3.645,0.0,3.645,0
2023-02-24,3.71,3.71,3.71,3.71,0.0,3.71,0
2023-02-27,3.752,3.752,3.752,3.752,0.0,3.752,0
2023-02-28,3.8,3.8,3.8,3.8,0.0,3.8,0
2023-03-01,3.881,3.881,3.881,3.881,0.0,3.881,0
2023-03-02,3.889,3.889,3.889,3.889,0.0,3.889,0
2023-03-03,3.929,3.929,3.929,3.929,0.0,3.929,0
2023-03-06,3.963,3.963,3.963,3.963,0.0,3.963,0
2023-03-07,4.046,4.046,4.046,4.046,0.0,4.046,0
2023-03-08,4.0,4.0,4.0,4.0,0.0,4.0,0
2023-03-09,3.844,3.844,3.844,3.844,0.0,3.844,0
2023-03-10,3.962,3.962,3.962,3.962,0.0,3.962,0
2023-03-13,3.973,3.973,3.973,3.973,0.0,3.973,0
2023-03-14,4.044,4.044,4.044,4.044,0.0,4.044,0
2023-03-15,4.027,4.027,4.027,4.027,0.0,4.027,0
2023-03-16,4.069,4.069,4.069,4.069,0.0,4.069,0
2023-03-17,4.062,4.062,4.062,4.062,0.0,4.062,0
2023-03-20,4.021,4.021,4.021,4.021,0.0,4.021,0
2023-03-21,4.07,4.07,4.07,4.07,0.0,4.07,0
2023-03-22,4.024,4.024,4.024,4.024,0.0,4.024,0
2023-03-23,4.027,4.027,4.027,4.027,0.0,4.027,0
2023-03-24,3.992,3.992,3.992,3.992,0.0,3.992,0
2023-03-27,3.971,3.971,3.971,3.971,0.0,3.971,0
2023-03-28,3.929,3.929,3.929,3.929,0.0,3.929,0
2023-03-29,3.955,3.955,3.919,3.919,32.0,3.955,1
2023-03-30,3.927,3.927,3.927,3.927,0.0,3.927,0
2023-03-31,3.92,3.92,3.92,3.92,0.0,3.92,0
2023-04-03,3.928,3.928,3.928,3.928,0.0,3.928,0
2023-04-04,3.94,3.94,3.94,3.94,0.0,3.94,0
2023-04-05,3.913,3.913,3.913,3.913,0.0,3.913,0
2023-04-06,3.869,3.869,3.869,3.869,0.0,3.869,0
2023-04-10,3.931,3.931,3.931,3.931,0.0,3.931,0
2023-04-11,3.941,3.941,3.941,3.941,0.0,3.941,0
2023-04-12,3.867,3.867,3.867,3.867,0.0,3.867,0
2023-04-13,3.835,3.835,3.835,3.835,0.0,3.835,0
2023-04-14,3.855,3.855,3.855,3.855,0.0,3.855,0
2023-04-17,3.921,3.921,3.921,3.921,0.0,3.921,0
2023-04-18,3.919,3.919,3.919,3.919,0.0,3.919,0
2023-04-19,3.941,3.941,3.941,3.941,0.0,3.941,0
2023-04-20,3.973,3.973,3.973,3.973,0.0,3.973,0
2023-04-21,3.98,3.98,3.98,3.98,0.0,3.98,0
2023-04-24,3.991,3.991,3.991,3.991,0.0,3.991,0
2023-04-25,3.989,3.989,3.989,3.989,0.0,3.989,0
2023-04-26,3.982,3.982,3.982,3.982,0.0,3.982,0
2023-04-27,3.986,3.986,3.986,3.986,0.0,3.986,0
2023-04-28,4.005,4.005,4.005,4.005,0.0,4.005,0
2023-05-01,3.962,3.962,3.962,3.962,0.0,3.962,0
2023-05-02,3.958,3.958,3.958,3.958,0.0,3.958,0
2023-05-03,3.956,3.956,3.956,3.956,0.0,3.956,0
2023-05-04,3.963,3.963,3.963,3.963,0.0,3.963,0
2023-05-05,3.96,3.96,3.96,3.96,0.0,3.96,0
2023-05-08,3.96,3.96,3.928,3.928,4.0,3.96,1
2023-05-09,3.911,3.911,3.911,3.911,0.0,3.911,0
2023-05-10,3.927,3.927,3.927,3.927,0.0,3.927,0
2023-05-11,3.917,3.917,3.917,3.917,0.0,3.917,0
2023-05-12,3.907,3.907,3.907,3.907,0.0,3.907,0
2023-05-15,3.911,3.911,3.911,3.911,0.0,3.911,0
2023-05-16,3.897,3.897,3.897,3.897,0.0,3.897,0
2023-05-17,3.821,3.821,3.821,3.821,0.0,3.821,0
2023-05-18,3.801,3.801,3.801,3.801,0.0,3.801,0
2023-05-19,3.754,3.754,3.754,3.754,0.0,3.754,0
2023-05-22,3.744,3.744,3.744,3.744,0.0,3.744,0
2023-05-23,3.732,3.732,3.732,3.732,0.0,3.732,0
2023-05-24,3.787,3.787,3.787,3.787,0.0,3.787,0
2023-05-25,3.756,3.756,3.756,3.756,0.0,3.756,0
2023-05-26,3.784,3.784,3.784,3.784,0.0,3.784,0
2023-05-29,3.784,3.784,3.784,3.784,0.0,3.784,0
2023-05-30,3.744,3.744,3.744,3.744,0.0,3.744,0
2023-05-31,3.709,3.709,3.709,3.709,0.0,3.709,0
2023-06-01,3.567,3.567,3.567,3.567,0.0,3.567,0
2023-06-02,3.607,3.607,3.607,3.607,0.0,3.607,0
2023-06-05,3.677,3.677,3.677,3.677,0.0,3.677,0
2023-06-06,3.674,3.674,3.674,3.674,0.0,3.674,0
2023-06-07,3.648,3.648,3.648,3.648,0.0,3.648,0
2023-06-08,3.619,3.619,3.619,3.619,0.0,3.619,0
2023-06-09,3.624,3.624,3.624,3.624,0.0,3.624,0
2023-06-12,3.621,3.621,3.621,3.621,0.0,3.621,0
2023-06-13,3.597,3.597,3.597,3.597,0.0,3.597,0
2023-06-14,3.61,3.61,3.61,3.61,0.0,3.61,0
2023-06-15,3.608,3.608,3.608,3.608,0.0,3.608,0
2023-06-16,3.599,3.599,3.599,3.599,0.0,3.599,0
2023-06-19,3.599,3.599,3.599,3.599,0.0,3.599,0
2023-06-20,3.646,3.646,3.646,3.646,0.0,3.646,0
2023-06-21,3.712,3.712,3.712,3.712,0.0,3.712,0
2023-06-22,3.73,3.73,3.73,3.73,0.0,3.73,0
2023-06-23,3.68,3.68,3.68,3.68,0.0,3.68,0
2023-06-26,3.67,3.67,3.67,3.67,0.0,3.67,0
2023-06-27,3.637,3.637,3.637,3.637,0.0,3.637,0
2023-06-28,3.564,3.564,3.564,3.564,0.0,3.564,0
2023-06-29,3.523,3.523,3.523,3.523,0.0,3.523,0
2023-06-30,3.539,3.539,3.539,3.539,0.0,3.539,0
2023-07-03,3.54,3.54,3.54,3.54,0.0,3.54,0
2023-07-04,3.54,3.54,3.54,3.54,0.0,3.54,0
2023-07-05,3.53,3.53,3.53,3.53,0.0,3.53,0
2023-07-06,3.532,3.532,3.532,3.532,0.0,3.532,0
2023-07-07,3.578,3.578,3.578,3.578,0.0,3.578,0
2023-07-10,3.595,3.595,3.595,3.595,0.0,3.595,0
2023-07-11,3.626,3.626,3.626,3.626,0.0,3.626,0
2023-07-12,3.616,3.616,3.616,3.616,0.0,3.616,0
2023-07-13,3.561,3.561,3.561,3.561,0.0,3.561,0
2023-07-14,3.603,3.603,3.603,3.603,0.0,3.603,0
2023-07-17,3.594,3.594,3.594,3.594,0.0,3.594,0
2023-07-18,3.646,3.646,3.646,3.646,0.0,3.646,0
2023-07-19,3.646,3.646,3.635,3.635,2.0,3.646,2
2023-07-20,3.665,3.665,3.665,3.665,0.0,3.665,0
2023-07-21,3.683,3.683,3.683,3.683,0.0,3.683,0
2023-07-24,3.724,3.724,3.724,3.724,0.0,3.724,0
2023-07-25,3.738,3.738,3.738,3.738,0.0,3.738,0
2023-07-26,3.761,3.761,3.761,3.761,0.0,3.761,0
2023-07-27,3.752,3.752,3.752,3.752,0.0,3.752,0
2023-07-28,3.761,3.761,3.761,3.761,0.0,3.761,0
2023-07-31,3.707,3.707,3.707,3.707,0.0,3.707,0
2023-08-01,3.667,3.667,3.667,3.667,0.0,3.667,0
2023-08-02,3.664,3.664,3.664,3.664,0.0,3.664,0
2023-08-03,3.644,3.644,3.644,3.644,0.0,3.644,0
2023-08-04,3.652,3.652,3.652,3.652,0.0,3.652,0
2023-08-07,3.713,3.713,3.713,3.713,0.0,3.713,0
2023-08-08,3.712,3.712,3.712,3.712,0.0,3.712,0
2023-08-09,3.674,3.674,3.674,3.674,0.0,3.674,0
2023-08-10,3.659,3.659,3.659,3.659,0.0,3.659,0
2023-08-11,3.687,3.687,3.687,3.687,0.0,3.687,0
2023-08-14,3.651,3.651,3.651,3.651,0.0,3.651,0
2023-08-15,3.69,3.69,3.69,3.69,0.0,3.69,0
2023-08-16,3.701,3.701,3.701,3.701,0.0,3.701,0
2023-08-17,3.66,3.66,3.66,3.66,0.0,3.66,0
2023-08-18,3.656,3.656,3.656,3.656,0.0,3.656,0
2023-08-21,3.694,3.694,3.694,3.694,0.0,3.694,0
2023-08-22,3.68,3.68,3.68,3.68,0.0,3.68,0
2023-08-23,3.722,3.722,3.722,3.722,0.0,3.722,0
2023-08-24,3.648,3.648,3.648,3.648,0.0,3.648,0
2023-08-25,3.623,3.623,3.623,3.623,0.0,3.623,0
2023-08-28,3.612,3.612,3.612,3.612,0.0,3.612,0
2023-08-29,3.585,3.585,3.585,3.585,0.0,3.585,0
2023-08-30,3.64,3.64,3.64,3.64,0.0,3.64,0
2023-08-31,3.656,3.656,3.656,3.656,0.0,3.656,0
2023-09-01,3.635,3.635,3.635,3.635,0.0,3.635,0
2023-09-04,3.635,3.635,3.635,3.635,0.0,3.635,0
2023-09-05,3.597,3.597,3.597,3.597,0.0,3.597,0
2023-09-06,3.609,3.609,3.609,3.609,0.0,3.609,0
2023-09-07,3.592,3.592,3.592,3.592,0.0,3.592,0
2023-09-08,3.598,3.598,3.598,3.598,0.0,3.598,0
2023-09-11,3.542,3.542,3.542,3.542,0.0,3.542,0
2023-09-12,3.594,3.594,3.594,3.594,0.0,3.594,0
2023-09-13,3.641,3.641,3.641,3.641,0.0,3.641,0
2023-09-14,3.601,3.601,3.601,3.601,0.0,3.601,0
2023-09-15,3.579,3.579,3.579,3.579,0.0,3.579,0
2023-09-18,3.621,3.621,3.621,3.621,0.0,3.621,0
2023-09-19,3.59,3.59,3.59,3.59,0.0,3.59,0
2023-09-20,3.61,3.61,3.61,3.61,0.0,3.61,0
2023-09-21,3.655,3.655,3.655,3.655,0.0,3.655,0
2023-09-22,3.698,3.698,3.698,3.698,0.0,3.698,0
2023-09-25,3.688,3.688,3.67,3.687,156.0,3.6701,2
2023-09-26,3.689,3.689,3.689,3.689,0.0,3.689,0
2023-09-27,3.647,3.647,3.647,3.647,0.0,3.647,0
2023-09-28,3.665,3.665,3.665,3.665,0.0,3.665,0
2023-09-29,3.624,3.624,3.624,3.624,0.0,3.624,0
2023-10-02,3.639,3.639,3.639,3.639,0.0,3.639,0
2023-10-03,3.688,3.688,3.688,3.688,0.0,3.688,0
2023-10-04,3.629,3.629,3.629,3.629,0.0,3.629,0
2023-10-05,3.628,3.628,3.628,3.628,0.0,3.628,0
2023-10-06,3.644,3.644,3.644,3.644,0.0,3.644,0
2023-10-09,3.63,3.63,3.63,3.63,0.0,3.63,0
2023-10-10,3.643,3.643,3.643,3.643,0.0,3.643,0
2023-10-11,3.67,3.67,3.67,3.67,0.0,3.67,0
2023-10-12,3.7,3.7,3.7,3.7,0.0,3.7,0
2023-10-13,3.713,3.713,3.713,3.713,0.0,3.713,0
2023-10-16,3.699,3.699,3.699,3.699,0.0,3.699,0
2023-10-17,3.701,3.701,3.701,3.701,0.0,3.701,0
2023-10-18,3.676,3.676,3.676,3.676,0.0,3.676,0
2023-10-19,3.714,3.714,3.714,3.714,0.0,3.714,0
2023-10-20,3.72,3.72,3.72,3.72,0.0,3.72,0
2023-10-23,3.724,3.724,3.724,3.724,0.0,3.724,0
2023-10-24,3.709,3.709,3.709,3.709,0.0,3.709,0
2023-10-25,3.717,3.717,3.717,3.717,0.0,3.717,0
2023-10-26,3.702,3.702,3.702,3.702,0.0,3.702,0
2023-10-27,3.698,3.698,3.698,3.698,0.0,3.698,0
2023-10-30,3.702,3.702,3.702,3.702,0.0,3.702,0
2023-10-31,3.706,3.706,3.706,3.706,0.0,3.706,0
2023-11-01,3.782,3.782,3.782,3.782,0.0,3.782,0
2023-11-02,3.77,3.873,3.77,3.873,1.0,3.77,1
2023-11-03,3.8,3.8,3.8,3.8,0.0,3.8,0
2023-11-06,3.825,3.825,3.825,3.825,0.0,3.825,0
2023-11-07,3.842,3.842,3.842,3.842,0.0,3.842,0
2023-11-08,3.759,3.759,3.759,3.759,0.0,3.759,0
2023-11-09,3.777,3.777,3.777,3.777,0.0,3.777,0
2023-11-10,3.742,3.742,3.742,3.742,0.0,3.742,0
2023-11-13,3.79,3.79,3.79,3.79,0.0,3.79,0
2023-11-14,3.789,3.789,3.789,3.789,0.0,3.789,0
2023-11-15,3.805,3.805,3.805,3.805,0.0,3.805,0
2023-11-16,3.786,3.786,3.786,3.786,0.0,3.786,0
2023-11-17,3.801,3.801,3.801,3.801,0.0,3.801,0
2023-11-20,3.78,3.78,3.78,3.78,0.0,3.78,0
2023-11-21,3.741,3.741,3.741,3.741,0.0,3.741,0
2023-11-22,3.738,3.738,3.738,3.738,0.0,3.738,0
2023-11-23,3.738,3.738,3.738,3.738,0.0,3.738,0
2023-11-24,3.779,3.779,3.779,3.779,0.0,3.779,0
2023-11-27,3.775,3.775,3.775,3.775,0.0,3.775,0
2023-11-28,3.689,3.689,3.689,3.689,0.0,3.689,0
2023-11-29,3.668,3.668,3.668,3.668,0.0,3.668,0
2023-11-30,3.66,3.66,3.66,3.66,0.0,3.66,0
2023-12-01,3.67,3.67,3.67,3.67,0.0,3.67,0
2023-12-04,3.621,3.621,3.621,3.621,0.0,3.621,0
2023-12-05,3.59,3.59,3.59,3.59,0.0,3.59,0
2023-12-06,3.464,3.464,3.464,3.464,0.0,3.464,0
2023-12-07,3.452,3.452,3.452,3.452,0.0,3.452,0
2023-12-08,3.399,3.399,3.399,3.399,0.0,3.399,0
2023-12-11,3.383,3.383,3.383,3.383,0.0,3.383,0
2023-12-12,3.405,3.405,3.405,3.405,0.0,3.405,0
2023-12-13,3.458,3.458,3.458,3.458,0.0,3.458,0
2023-12-14,3.539,3.539,3.539,3.539,0.0,3.539,0
2023-12-15,3.602,3.602,3.602,3.602,0.0,3.602,0
2023-12-18,3.622,3.622,3.622,3.622,0.0,3.622,0
2023-12-19,3.593,3.593,3.593,3.593,0.0,3.593,0
2023-12-20,3.649,3.649,3.649,3.649,0.0,3.649,0
2023-12-21,3.603,3.603,3.603,3.603,0.0,3.603,0
2023-12-22,3.515,3.515,3.515,3.515,0.0,3.515,0
2023-12-26,3.476,3.476,3.476,3.476,0.0,3.476,0
2023-12-27,3.513,3.513,3.513,3.513,0.0,3.513,0
2023-12-28,3.523,3.523,3.523,3.523,0.0,3.523,0
2023-12-29,3.591,3.591,3.591,3.591,0.0,3.591,0
2024-01-02,3.588,3.588,3.588,3.588,0.0,3.588,0
2024-01-03,3.62,3.62,3.62,3.62,0.0,3.62,0
2024-01-04,3.613,3.613,3.613,3.613,0.0,3.613,0
2024-01-05,3.661,3.661,3.661,3.661,0.0,3.661,0
2024-01-08,3.671,3.671,3.671,3.671,0.0,3.671,0
2024-01-09,3.726,3.726,3.726,3.726,0.0,3.726,0
2024-01-10,3.612,3.612,3.612,3.612,0.0,3.612,0
2024-01-11,3.601,3.601,3.601,3.601,0.0,3.601,0
2024-01-12,3.547,3.547,3.547,3.547,0.0,3.547,0
2024-01-15,3.547,3.547,3.547,3.547,0.0,3.547,0
2024-01-16,3.536,3.536,3.536,3.536,0.0,3.536,0
2024-01-17,3.58,3.58,3.58,3.58,0.0,3.58,0
2024-01-18,3.578,3.578,3.578,3.578,0.0,3.578,0
2024-01-19,3.542,3.542,3.542,3.542,0.0,3.542,0
2024-01-22,3.605,3.605,3.605,3.605,0.0,3.605,0
2024-01-23,3.64,3.64,3.64,3.64,0.0,3.64,0
2024-01-24,3.617,3.617,3.617,3.617,0.0,3.617,0
2024-01-25,3.501,3.501,3.501,3.501,0.0,3.501,0
2024-01-26,3.507,3.507,3.507,3.507,0.0,3.507,0
2024-01-29,3.49,3.49,3.49,3.49,0.0,3.49,0
2024-01-30,3.491,3.491,3.491,3.491,0.0,3.491,0
2024-01-31,3.486,3.486,3.486,3.486,0.0,3.486,0
2024-02-01,3.467,3.467,3.467,3.467,0.0,3.467,0
2024-02-02,3.516,3.516,3.516,3.516,0.0,3.516,0
2024-02-05,3.522,3.522,3.522,3.522,0.0,3.522,0
2024-02-06,3.522,3.522,3.512,3.512,3.0,3.522,1
2024-02-07,3.513,3.513,3.513,3.513,0.0,3.513,0
2024-02-08,3.513,3.513,3.513,3.513,0.0,3.513,0
2024-02-09,3.512,3.512,3.512,3.512,0.0,3.512,0
2024-02-12,3.501,3.501,3.501,3.501,0.0,3.501,0
2024-02-13,3.535,3.535,3.535,3.535,0.0,3.535,0
2024-02-14,3.495,3.495,3.495,3.495,0.0,3.495,0
2024-02-15,3.503,3.503,3.503,3.503,0.0,3.503,0
2024-02-16,3.48,3.48,3.48,3.48,0.0,3.48,0
2024-02-19,3.48,3.48,3.48,3.48,0.0,3.48,0
2024-02-20,3.482,3.482,3.482,3.482,0.0,3.482,0
2024-02-21,3.524,3.524,3.524,3.524,0.0,3.524,0
2024-02-22,3.562,3.562,3.562,3.562,0.0,3.562,0
2024-02-23,3.512,3.512,3.512,3.512,0.0,3.512,0
2024-02-26,3.518,3.518,3.518,3.518,0.0,3.518,0
2024-02-27,3.522,3.522,3.522,3.522,0.0,3.522,0
2024-02-28,3.543,3.543,3.543,3.543,0.0,3.543,0
2024-02-29,3.554,3.554,3.554,3.554,0.0,3.554,0
2024-03-01,3.553,3.553,3.54,3.54,1.0,3.553,1
2024-03-04,3.56,3.56,3.56,3.56,0.0,3.56,0
2024-03-05,3.556,3.556,3.556,3.556,0.0,3.556,0
2024-03-06,3.559,3.559,3.559,3.559,0.0,3.559,0
2024-03-07,3.567,3.567,3.567,3.567,0.0,3.567,0
2024-03-08,3.576,3.576,3.576,3.576,0.0,3.576,0
2024-03-11,3.581,3.581,3.581,3.581,0.0,3.581,0
2024-03-12,3.592,3.592,3.592,3.592,0.0,3.592,0
2024-03-13,3.62,3.62,3.587,3.587,1.0,3.62,1
2024-03-14,3.598,3.598,3.598,3.598,0.0,3.598,0
2024-03-15,3.567,3.567,3.567,3.567,0.0,3.567,0
2024-03-18,3.611,3.611,3.611,3.611,0.0,3.611,0
2024-03-19,3.614,3.614,3.614,3.614,0.0,3.614,0
2024-03-20,3.59,3.59,3.59,3.59,0.0,3.59,0
2024-03-21,3.583,3.583,3.583,3.583,0.0,3.583,0
2024-03-22,3.585,3.585,3.585,3.585,0.0,3.585,0
2024-03-25,3.571,3.571,3.571,3.571,0.0,3.571,0
2024-03-26,3.581,3.602,3.581,3.602,1.0,3.581,1
2024-03-27,3.572,3.572,3.572,3.572,0.0,3.572,0
2024-03-28,3.645,3.645,3.645,3.645,0.0,3.645,0
2024-04-01,3.635,3.635,3.635,3.635,0.0,3.635,0
2024-04-02,3.664,3.664,3.664,3.664,0.0,3.664,0
2024-04-03,3.664,3.664,3.664,3.664,0.0,3.664,0
2024-04-04,3.639,3.639,3.639,3.639,0.0,3.639,0
2024-04-05,3.649,3.649,3.649,3.649,0.0,3.649,0
2024-04-08,3.656,3.656,3.656,3.656,0.0,3.656,0
2024-04-09,3.66,3.66,3.66,3.66,0.0,3.66,0
2024-04-10,3.696,3.696,3.696,3.696,0.0,3.696,0
2024-04-11,3.773,3.773,3.773,3.773,0.0,3.773,0
2024-04-12,3.827,3.827,3.827,3.827,0.0,3.827,0
2024-04-15,3.85,3.85,3.85,3.85,0.0,3.85,0
2024-04-16,3.852,3.852,3.852,3.852,0.0,3.852,0
2024-04-17,3.819,3.819,3.819,3.819,0.0,3.819,0
2024-04-18,3.822,3.822,3.822,3.822,0.0,3.822,0
2024-04-19,3.814,3.814,3.814,3.814,0.0,3.814,0
2024-04-22,3.821,3.821,3.821,3.821,0.0,3.821,0
2024-04-23,3.841,3.841,3.841,3.841,0.0,3.841,0
2024-04-24,3.837,3.837,3.837,3.837,0.0,3.837,0
2024-04-25,3.876,3.876,3.876,3.876,0.0,3.876,0
2024-04-26,3.868,3.868,3.868,3.868,0.0,3.868,0
2024-04-29,3.89,3.89,3.864,3.864,1.0,3.89,1
2024-04-30,3.872,3.872,3.872,3.872,0.0,3.872,0
2024-05-01,3.868,3.868,3.868,3.868,0.0,3.868,0
2024-05-02,3.873,3.873,3.873,3.873,0.0,3.873,0
2024-05-03,3.845,3.845,3.845,3.845,0.0,3.845,0
2024-05-06,3.858,3.858,3.858,3.858,0.0,3.858,0
2024-05-07,3.79,3.818,3.79,3.818,2.0,3.79,1
2024-05-08,3.725,3.725,3.725,3.725,0.0,3.725,0
2024-05-09,3.671,3.671,3.671,3.671,0.0,3.671,0
2024-05-10,3.702,3.702,3.702,3.702,0.0,3.702,0
2024-05-13,3.71,3.71,3.71,3.71,0.0,3.71,0
2024-05-14,3.716,3.716,3.716,3.716,0.0,3.716,0
2024-05-15,3.734,3.734,3.734,3.734,0.0,3.734,0
2024-05-16,3.772,3.772,3.772,3.772,0.0,3.772,0
2024-05-17,3.798,3.798,3.798,3.798,0.0,3.798,0
2024-05-20,3.809,3.809,3.809,3.809,0.0,3.809,0
2024-05-21,3.853,3.853,3.853,3.853,0.0,3.853,0
2024-05-22,3.827,3.827,3.827,3.827,0.0,3.827,0
2024-05-23,3.795,3.795,3.795,3.795,0.0,3.795,0
2024-05-24,3.788,3.788,3.788,3.788,0.0,3.788,0
2024-05-27,3.788,3.788,3.788,3.788,0.0,3.788,0
2024-05-28,3.801,3.801,3.801,3.801,0.0,3.801,0
2024-05-29,3.769,3.769,3.769,3.769,0.0,3.769,0
2024-05-30,3.738,3.738,3.738,3.738,0.0,3.738,0
2024-05-31,3.718,3.718,3.718,3.718,0.0,3.718,0
2024-06-03,3.733,3.733,3.733,3.733,0.0,3.733,0
2024-06-04,3.694,3.694,3.694,3.694,0.0,3.694,0
2024-06-05,3.694,3.701,3.694,3.701,1.0,3.694,1
2024-06-06,3.735,3.735,3.735,3.735,0.0,3.735,0
2024-06-07,3.737,3.737,3.737,3.737,0.0,3.737,0
2024-06-10,3.746,3.746,3.746,3.746,0.0,3.746,0
2024-06-11,3.776,3.776,3.776,3.776,0.0,3.776,0
2024-06-12,3.755,3.755,3.755,3.755,0.0,3.755,0
2024-06-13,3.714,3.714,3.714,3.714,0.0,3.714,0
2024-06-14,3.747,3.747,3.747,3.747,0.0,3.747,0
2024-06-17,3.742,3.742,3.742,3.742,0.0,3.742,0
2024-06-18,3.765,3.765,3.765,3.765,0.0,3.765,0
2024-06-19,3.765,3.765,3.765,3.765,0.0,3.765,0
2024-06-20,3.733,3.733,3.733,3.733,0.0,3.733,0
2024-06-21,3.699,3.699,3.699,3.699,0.0,3.699,0
2024-06-24,3.706,3.706,3.706,3.706,0.0,3.706,0
2024-06-25,3.694,3.694,3.694,3.694,0.0,3.694,0
2024-06-26,3.682,3.682,3.682,3.682,0.0,3.682,0
2024-06-27,3.633,3.633,3.633,3.633,0.0,3.633,0
2024-06-28,3.637,3.637,3.637,3.637,0.0,3.637,0
2024-07-01,3.644,3.644,3.614,3.614,1.0,3.644,1
2024-07-02,3.597,3.597,3.597,3.597,0.0,3.597,0
2024-07-03,3.586,3.586,3.586,3.586,0.0,3.586,0
2024-07-04,3.586,3.586,3.586,3.586,0.0,3.586,0
2024-07-05,3.577,3.577,3.577,3.577,0.0,3.577,0
2024-07-08,3.587,3.587,3.587,3.587,0.0,3.587,0
2024-07-09,3.583,3.583,3.583,3.583,0.0,3.583,0
2024-07-10,3.572,3.572,3.572,3.572,0.0,3.572,0
2024-07-11,3.553,3.553,3.553,3.553,0.0,3.553,0
2024-07-12,3.583,3.583,3.583,3.583,0.0,3.583,0
2024-07-15,3.572,3.572,3.572,3.572,0.0,3.572,0
2024-07-16,3.555,3.555,3.555,3.555,0.0,3.555,0
2024-07-17,3.493,3.493,3.493,3.493,0.0,3.493,0
2024-07-18,3.49,3.492,3.49,3.492,100.0,3.49,2
2024-07-19,3.552,3.552,3.552,3.552,0.0,3.552,0
2024-07-22,3.574,3.574,3.574,3.574,0.0,3.574,0
2024-07-23,3.565,3.565,3.565,3.565,0.0,3.565,0
2024-07-24,3.542,3.542,3.542,3.542,0.0,3.542,0
2024-07-25,3.49,3.49,3.49,3.49,0.0,3.49,0
2024-07-26,3.51,3.51,3.51,3.51,0.0,3.51,0
2024-07-29,3.479,3.479,3.479,3.479,0.0,3.479,0
2024-07-30,3.475,3.475,3.475,3.475,0.0,3.475,0
2024-07-31,3.449,3.449,3.449,3.449,0.0,3.449,0
2024-08-01,3.43,3.43,3.43,3.43,0.0,3.43,0
2024-08-02,3.427,3.427,3.424,3.424,2.0,3.427,1
2024-08-05,3.366,3.366,3.366,3.366,0.0,3.366,0
2024-08-06,3.354,3.354,3.354,3.354,0.0,3.354,0
2024-08-07,3.39,3.39,3.362,3.362,1.0,3.39,1
2024-08-08,3.391,3.391,3.391,3.391,0.0,3.391,0
2024-08-09,3.404,3.404,3.404,3.404,0.0,3.404,0
2024-08-12,3.408,3.408,3.408,3.408,0.0,3.408,0
2024-08-13,3.408,3.408,3.364,3.364,1.0,3.408,1
2024-08-14,3.387,3.387,3.387,3.387,0.0,3.387,0
2024-08-15,3.382,3.382,3.382,3.382,0.0,3.382,0
2024-08-16,3.385,3.385,3.385,3.385,0.0,3.385,0
2024-08-19,3.409,3.409,3.407,3.407,1.0,3.409,1
2024-08-20,3.422,3.422,3.422,3.422,0.0,3.422,0
2024-08-21,3.434,3.434,3.434,3.434,0.0,3.434,0
2024-08-22,3.447,3.447,3.447,3.447,0.0,3.447,0
2024-08-23,3.467,3.467,3.467,3.467,0.0,3.467,0
2024-08-26,3.51,3.51,3.51,3.51,0.0,3.51,0
2024-08-27,3.505,3.505,3.482,3.482,2.0,3.4965,2
2024-08-28,3.465,3.465,3.465,3.465,0.0,3.465,0
2024-08-29,3.457,3.457,3.452,3.452,1.0,3.457,1
2024-08-30,3.436,3.436,3.436,3.436,0.0,3.436,0
2024-09-02,3.436,3.436,3.436,3.436,0.0,3.436,0
2024-09-03,3.445,3.445,3.445,3.445,0.0,3.445,0
2024-09-04,3.428,3.428,3.428,3.428,0.0,3.428,0
2024-09-05,3.414,3.414,3.414,3.414,0.0,3.414,0
2024-09-06,3.368,3.368,3.368,3.368,0.0,3.368,0
2024-09-09,3.369,3.369,3.369,3.369,0.0,3.369,0
2024-09-10,3.349,3.349,3.349,3.349,0.0,3.349,0
2024-09-11,3.34,3.34,3.34,3.34,0.0,3.34,0
2024-09-12,3.352,3.352,3.352,3.352,0.0,3.352,0
2024-09-13,3.347,3.347,3.347,3.347,0.0,3.347,0
2024-09-16,3.369,3.369,3.369,3.369,0.0,3.369,0
2024-09-17,3.361,3.361,3.361,3.361,0.0,3.361,0
2024-09-18,3.359,3.359,3.359,3.359,0.0,3.359,0
2024-09-19,3.367,3.367,3.367,3.367,0.0,3.367,0
2024-09-20,3.389,3.389,3.389,3.389,0.0,3.389,0
2024-09-23,3.41,3.41,3.373,3.373,1.0,3.41,1
2024-09-24,3.403,3.403,3.403,3.403,0.0,3.403,0
2024-09-25,3.428,3.428,3.428,3.428,0.0,3.428,0
2024-09-26,3.466,3.466,3.466,3.466,0.0,3.466,0
2024-09-27,3.467,3.467,3.467,3.467,0.0,3.467,0
2024-09-30,3.465,3.465,3.465,3.465,0.0,3.465,0
2024-10-01,3.445,3.445,3.445,3.445,5.0,3.445,1
2024-10-02,3.45,3.45,3.435,3.435,1.0,3.45,1
2024-10-03,3.45,3.45,3.45,3.45,0.0,3.45,0
2024-10-04,3.485,3.485,3.485,3.485,0.0,3.485,0
2024-10-07,3.512,3.512,3.512,3.512,0.0,3.512,0
2024-10-08,3.475,3.475,3.462,3.462,2.0,3.475,1
2024-10-09,3.447,3.447,3.419,3.419,1.0,3.447,1
2024-10-10,3.411,3.411,3.411,3.411,0.0,3.411,0
2024-10-11,3.395,3.395,3.395,3.395,0.0,3.395,0
2024-10-14,3.39,3.39,3.39,3.39,0.0,3.39,0
2024-10-15,3.444,3.444,3.444,3.444,0.0,3.444,0
2024-10-16,3.409,3.409,3.409,3.409,0.0,3.409,0
2024-10-17,3.422,3.422,3.422,3.422,0.0,3.422,0
2024-10-18,3.39,3.39,3.39,3.39,0.0,3.39,0
2024-10-21,3.416,3.416,3.416,3.416,0.0,3.416,0
2024-10-22,3.454,3.454,3.454,3.454,0.0,3.454,0
2024-10-23,3.497,3.497,3.497,3.497,0.0,3.497,0
2024-10-24,3.503,3.503,3.503,3.503,0.0,3.503,0
2024-10-25,3.513,3.513,3.506,3.506,1.0,3.513,1
2024-10-28,3.481,3.481,3.481,3.481,0.0,3.481,0
2024-10-29,3.489,3.489,3.489,3.489,0.0,3.489,0
2024-10-30,3.522,3.522,3.522,3.522,0.0,3.522,0
2024-10-31,3.495,3.495,3.471,3.471,30.0,3.495,1
2024-11-01,3.47,3.47,3.47,3.47,0.0,3.47,0
2024-11-04,3.448,3.448,3.448,3.448,0.0,3.448,0
2024-11-05,3.44,3.44,3.43,3.43,100.0,3.44,1
2024-11-06,3.489,3.489,3.489,3.489,0.0,3.489,0
2024-11-07,3.48,3.482,3.48,3.482,1.0,3.48,1
2024-11-08,3.461,3.461,3.453,3.453,2.0,3.457,2
2024-11-11,3.459,3.459,3.459,3.459,0.0,3.459,0
2024-11-12,3.478,3.478,3.478,3.478,0.0,3.478,0
2024-11-13,3.502,3.502,3.502,3.502,0.0,3.502,0
2024-11-14,3.47,3.47,3.47,3.47,0.0,3.47,0
2024-11-15,3.485,3.485,3.485,3.485,0.0,3.485,0
2024-11-18,3.47,3.497,3.47,3.497,1.0,3.47,1
2024-11-19,3.542,3.542,3.542,3.542,0.0,3.542,0
2024-11-20,3.575,3.575,3.575,3.575,0.0,3.575,0
2024-11-21,3.557,3.557,3.557,3.557,0.0,3.557,0
2024-11-22,3.545,3.545,3.54,3.54,1.0,3.545,1
2024-11-25,3.586,3.586,3.586,3.586,0.0,3.586,0
2024-11-26,3.575,3.575,3.575,3.575,0.0,3.575,0
2024-11-27,3.552,3.552,3.552,3.552,0.0,3.552,0
2024-11-28,3.552,3.552,3.552,3.552,0.0,3.552,0
2024-11-29,3.595,3.595,3.595,3.595,0.0,3.595,0
2024-12-02,3.543,3.543,3.543,3.543,0.0,3.543,0
2024-12-03,3.559,3.559,3.559,3.559,0.0,3.559,0
2024-12-04,3.587,3.587,3.587,3.587,0.0,3.587,0
2024-12-05,3.59,3.59,3.585,3.585,1.0,3.59,1
2024-12-06,3.61,3.61,3.61,3.61,0.0,3.61,0
2024-12-09,3.58,3.58,3.58,3.58,0.0,3.58,0
2024-12-10,3.578,3.591,3.578,3.591,5.0,3.578,1
2024-12-11,3.587,3.587,3.587,3.587,0.0,3.587,0
2024-12-12,3.58,3.58,3.578,3.578,1.0,3.58,1
2024-12-13,3.585,3.585,3.585,3.585,0.0,3.585,0
2024-12-16,3.591,3.591,3.591,3.591,0.0,3.591,0
2024-12-17,3.596,3.596,3.596,3.596,0.0,3.596,0
2024-12-18,3.566,3.566,3.566,3.566,0.0,3.566,0
2024-12-19,3.54,3.577,3.54,3.577,1.0,3.54,1
2024-12-20,3.576,3.576,3.576,3.576,0.0,3.576,0
2024-12-23,3.586,3.586,3.586,3.586,0.0,3.586,0
2024-12-24,3.607,3.607,3.607,3.607,0.0,3.607,0
2024-12-26,3.61,3.61,3.61,3.61,0.0,3.61,0
2024-12-27,3.643,3.643,3.643,3.643,0.0,3.643,0
2024-12-30,3.648,3.648,3.648,3.648,0.0,3.648,0
2024-12-31,3.637,3.637,3.637,3.637,0.0,3.637,0
2025-01-02,3.643,3.643,3.643,3.643,0.0,3.643,0
2025-01-03,3.594,3.594,3.594,3.594,0.0,3.594,0
2025-01-06,3.586,3.586,3.586,3.586,0.0,3.586,0
2025-01-07,3.564,3.564,3.564,3.564,0.0,3.564,0
2025-01-08,3.574,3.574,3.574,3.574,0.0,3.574,0
2025-01-09,3.589,3.589,3.589,3.589,0.0,3.589,0
2025-01-10,3.635,3.635,3.609,3.609,9.0,3.635,2
2025-01-13,3.599,3.599,3.599,3.599,0.0,3.599,0
2025-01-14,3.59,3.59,3.587,3.587,1.0,3.59,1
2025-01-15,3.602,3.602,3.602,3.602,0.0,3.602,0
2025-01-16,3.624,3.624,3.624,3.624,0.0,3.624,0
2025-01-17,3.58,3.604,3.58,3.604,2.0,3.58,2
2025-01-20,3.6,3.604,3.6,3.604,1.0,3.6,1
2025-01-21,3.582,3.582,3.582,3.582,0.0,3.582,0
2025-01-22,3.631,3.631,3.63,3.63,1.0,3.631,1
2025-01-23,3.674,3.674,3.674,3.674,0.0,3.674,0
2025-01-24,3.698,3.698,3.698,3.698,0.0,3.698,0
2025-01-27,3.635,3.635,3.635,3.635,0.0,3.635,0
2025-01-28,3.573,3.573,3.573,3.573,0.0,3.573,0
2025-01-29,3.612,3.612,3.612,3.612,0.0,3.612,0
2025-01-30,3.576,3.576,3.576,3.576,0.0,3.576,0
2025-01-31,3.55,3.55,3.544,3.544,1.0,3.55,1
2025-02-03,3.585,3.585,3.585,3.585,0.0,3.585,0
2025-02-04,3.582,3.582,3.582,3.582,0.0,3.582,0
2025-02-05,3.594,3.594,3.594,3.594,0.0,3.594,0
2025-02-06,3.58,3.625,3.58,3.625,2.0,3.58,1
2025-02-07,3.591,3.591,3.591,3.591,0.0,3.591,0
2025-02-10,3.648,3.648,3.648,3.648,0.0,3.648,0
2025-02-11,3.663,3.663,3.663,3.663,0.0,3.663,0
2025-02-12,3.664,3.664,3.664,3.664,0.0,3.664,0
2025-02-13,3.668,3.668,3.668,3.668,0.0,3.668,0
2025-02-14,3.665,3.665,3.665,3.665,0.0,3.665,0
2025-02-17,3.64,3.665,3.64,3.665,1.0,3.64,1
2025-02-18,3.653,3.653,3.653,3.653,0.0,3.653,0
2025-02-19,3.65,3.65,3.65,3.65,0.0,3.65,0
2025-02-20,3.56,3.56,3.56,3.56,0.0,3.56,0
2025-02-21,3.56,3.56,3.56,3.56,0.0,3.56,0
2025-02-24,3.513,3.513,3.513,3.513,0.0,3.513,0
2025-02-25,3.515,3.515,3.484,3.484,2.0,3.515,1
2025-02-26,3.417,3.417,3.417,3.417,0.0,3.417,0
2025-02-27,3.48,3.48,3.48,3.48,0.0,3.48,0
2025-02-28,3.572,3.574,3.562,3.562,4.0,3.5725,2
2025-03-03,3.585,3.585,3.585,3.585,0.0,3.585,0
2025-03-04,3.603,3.603,3.603,3.603,0.0,3.603,0
2025-03-05,3.663,3.663,3.663,3.663,0.0,3.663,0
2025-03-06,3.609,3.609,3.609,3.609,0.0,3.609,0
2025-03-07,3.645,3.645,3.645,3.645,30.0,3.645,5
2025-03-10,3.607,3.607,3.607,3.607,0.0,3.607,0
2025-03-11,3.6,3.603,3.6,3.603,1.0,3.6,1
2025-03-12,3.58,3.591,3.58,3.591,16.0,3.5802,2
2025-03-13,3.618,3.618,3.618,3.618,0.0,3.618,0
2025-03-14,3.616,3.616,3.616,3.616,0.0,3.616,0
2025-03-17,3.603,3.614,3.603,3.614,1.0,3.603,1
2025-03-18,3.624,3.624,3.624,3.624,0.0,3.624,0
2025-03-19,3.64,3.64,3.64,3.64,0.0,3.64,0
2025-03-20,3.6,3.6,3.593,3.593,10.0,3.6,1
2025-03-21,3.602,3.607,3.602,3.602,4.0,3.6058,3
2025-03-24,3.612,3.621,3.612,3.621,4.0,3.6155,4
2025-03-25,3.616,3.638,3.615,3.628,29.0,3.6274,24
2025-03-26,3.614,3.615,3.598,3.608,3.0,3.609,3
2025-03-27,3.615,3.62,3.591,3.617,17.0,3.6026,17
2025-03-28,3.61,3.617,3.609,3.617,2.0,3.6095,2
2025-03-31,3.62,3.62,3.614,3.616,3.0,3.617,3
2025-04-01,3.603,3.603,3.603,3.603,0.0,3.603,0
2025-04-02,3.614,3.62,3.614,3.617,2.0,3.617,2
2025-04-03,3.618,3.623,3.618,3.623,8.0,3.6198,8
2025-04-04,3.571,3.571,3.571,3.571,0.0,3.571,0
2025-04-07,3.51,3.51,3.503,3.503,4.0,3.51,1
2025-04-08,3.56,3.56,3.49,3.49,1.0,3.56,1
2025-04-09,3.594,3.594,3.594,3.594,0.0,3.594,0
2025-04-10,3.55,3.55,3.531,3.531,1.0,3.55,1
2025-04-11,3.538,3.538,3.538,3.538,0.0,3.538,0
2025-04-14,3.58,3.58,3.557,3.557,1.0,3.58,1
2025-04-15,3.56,3.56,3.559,3.559,5.0,3.56,2
2025-04-16,3.582,3.582,3.56,3.566,32.0,3.5651,21
2025-04-17,3.573,3.605,3.573,3.599,10.0,3.5978,10
2025-04-21,3.547,3.561,3.547,3.549,16.0,3.5559,16
2025-04-22,3.57,3.594,3.569,3.579,40.0,3.5748,40
2025-04-23,3.609,3.623,3.601,3.608,21.0,3.6107,21
2025-04-24,3.6,3.629,3.6,3.627,36.0,3.6223,20
2025-04-25,3.651,3.651,3.603,3.603,21.0,3.6346,18
2025-04-28,3.603,3.62,3.597,3.615,18.0,3.6051,18
2025-04-29,3.599,3.63,3.599,3.626,4.0,3.622,4
2025-04-30,3.614,3.625,3.603,3.616,14.0,3.6133,11
2025-05-01,3.65,3.65,3.631,3.637,5.0,3.6372,5
2025-05-02,3.659,3.676,3.658,3.666,7.0,3.6683,7
2025-05-05,3.672,3.7,3.668,3.7,80.0,3.6892,9
2025-05-06,3.701,3.701,3.678,3.693,61.0,3.686,54
2025-05-07,3.7,3.706,3.688,3.688,58.0,3.6976,53
2025-05-08,3.702,3.708,3.692,3.692,26.0,3.7011,21
2025-05-09,3.706,3.708,3.682,3.706,48.0,3.6953,32
2025-05-12,3.714,3.714,3.714,3.714,0.0,3.714,0
2025-05-13,3.742,3.747,3.735,3.747,18.0,3.7398,18
2025-05-14,3.739,3.764,3.739,3.764,27.0,3.7534,24
2025-05-15,3.779,3.78,3.76,3.763,6.0,3.769,5
2025-05-16,3.767,3.775,3.762,3.775,8.0,3.7654,8
2025-05-19,3.756,3.757,3.678,3.686,9.0,3.7393,9
2025-05-20,3.697,3.721,3.697,3.721,1.0,3.697,1
2025-05-21,3.735,3.735,3.72,3.72,1.0,3.735,1
2025-05-22,3.717,3.762,3.717,3.722,10.0,3.7406,10
2025-05-23,3.76,3.787,3.76,3.787,9.0,3.7673,8
2025-05-27,3.808,3.808,3.769,3.773,8.0,3.7828,8
2025-05-28,3.755,3.774,3.749,3.763,28.0,3.7642,24
2025-05-29,3.753,3.755,3.73,3.736,51.0,3.7495,31
2025-05-30,3.74,3.74,3.729,3.739,7.0,3.7357,4
2025-06-02,3.773,3.776,3.757,3.775,7.0,3.7666,7
2025-06-03,3.774,3.779,3.774,3.779,1.0,3.774,1
2025-06-04,3.785,3.788,3.783,3.783,3.0,3.786,2
2025-06-05,3.806,3.808,3.767,3.782,11.0,3.7885,7
2025-06-06,3.803,3.803,3.803,3.803,0.0,3.803,0
2025-06-09,3.788,3.802,3.788,3.802,8.0,3.7885,8
2025-06-10,3.785,3.789,3.767,3.783,19.0,3.7803,19
2025-06-11,3.759,3.787,3.759,3.782,6.0,3.7735,6
2025-06-12,3.783,3.783,3.771,3.771,4.0,3.7815,4
2025-06-13,3.773,3.815,3.773,3.815,9.0,3.7979,9
2025-06-16,3.835,3.836,3.832,3.835,3.0,3.8343,3
2025-06-17,3.841,3.845,3.836,3.836,7.0,3.8421,7
2025-06-18,3.863,3.863,3.832,3.832,7.0,3.8479,7
2025-06-20,3.865,3.865,3.814,3.831,29.0,3.8318,29
2025-06-23,3.84,3.84,3.799,3.799,29.0,3.8252,17
2025-06-24,3.801,3.807,3.794,3.8,14.0,3.8001,14
2025-06-25,3.785,3.796,3.784,3.796,20.0,3.791,15
2025-06-26,3.8,3.8,3.798,3.798,8.0,3.8,7
2025-06-27,3.838,3.838,3.788,3.811,20.0,3.7998,13
2025-06-30,3.743,3.773,3.743,3.767,6.0,3.758,5
2025-07-01,3.73,3.771,3.703,3.771,35.0,3.7373,25
2025-07-02,3.784,3.812,3.784,3.812,12.0,3.803,3
2025-07-03,3.834,3.84,3.789,3.789,14.0,3.8181,10
2025-07-07,3.742,3.822,3.742,3.822,24.0,3.7662,23
2025-07-08,3.853,3.853,3.788,3.794,19.0,3.825,12
2025-07-09,3.781,3.787,3.765,3.783,26.0,3.7771,18
2025-07-10,3.796,3.796,3.783,3.791,65.0,3.7921,54
2025-07-11,3.798,3.824,3.778,3.824,21.0,3.8007,15
2025-07-14,3.845,3.849,3.833,3.833,29.0,3.8408,14
2025-07-15,3.837,3.848,3.829,3.841,102.0,3.8364,23
2025-07-16,3.858,3.865,3.829,3.835,59.0,3.8456,51
2025-07-17,3.838,3.851,3.824,3.829,23.0,3.8381,18
2025-07-18,3.842,3.842,3.785,3.808,12.0,3.8117,11
2025-07-21,3.76,3.787,3.747,3.781,41.0,3.76,25
2025-07-22,3.765,3.796,3.758,3.796,24.0,3.7698,19
2025-07-23,3.743,3.749,3.728,3.74,28.0,3.7451,28
2025-07-24,3.752,3.752,3.726,3.735,19.0,3.7357,18
2025-07-25,3.735,3.735,3.711,3.716,14.0,3.7292,13
2025-07-28,3.723,3.723,3.64,3.657,41.0,3.6568,40
2025-07-29,3.661,3.673,3.656,3.67,55.0,3.6692,39
2025-07-30,3.658,3.671,3.652,3.656,44.0,3.6606,39
2025-07-31,3.667,3.692,3.667,3.685,21.0,3.6805,9
2025-08-01,3.672,3.682,3.67,3.682,8.0,3.6713,4
2025-08-04,3.65,3.664,3.65,3.663,9.0,3.6554,8
2025-08-05,3.69,3.69,3.656,3.656,28.0,3.665,7
2025-08-06,3.644,3.67,3.644,3.67,27.0,3.6586,22
2025-08-07,3.68,3.685,3.65,3.657,10.0,3.6673,7
2025-08-08,3.671,3.671,3.618,3.623,34.0,3.6446,16
2025-08-11,3.606,3.646,3.606,3.646,43.0,3.6299,14
2025-08-12,3.669,3.67,3.625,3.639,67.0,3.6477,24
2025-08-13,3.637,3.637,3.611,3.627,84.0,3.6179,41
2025-08-14,3.615,3.63,3.602,3.626,34.0,3.6168,32
2025-08-15,3.642,3.668,3.634,3.654,39.0,3.6518,29
2025-08-18,3.638,3.701,3.638,3.696,40.0,3.6792,31
2025-08-19,3.688,3.691,3.658,3.684,16.0,3.673,15
2025-08-20,3.691,3.706,3.684,3.693,8.0,3.6903,7
2025-08-21,3.704,3.72,3.704,3.72,28.0,3.7117,20
2025-08-22,3.727,3.728,3.701,3.715,78.0,3.7108,48
2025-08-25,3.703,3.703,3.684,3.695,50.0,3.6939,34
2025-08-26,3.71,3.718,3.703,3.709,21.0,3.7089,16
2025-08-27,3.72,3.753,3.709,3.714,118.0,3.7264,99
2025-08-28,3.704,3.745,3.702,3.735,29.0,3.7293,24
2025-08-29,3.733,3.74,3.73,3.74,10.0,3.7324,10
2025-09-02,3.768,3.768,3.732,3.732,14.0,3.7449,13
2025-09-03,3.753,3.764,3.728,3.747,23.0,3.7442,22
2025-09-04,3.745,3.763,3.73,3.74,52.0,3.7358,39
2025-09-05,3.746,3.75,3.679,3.687,173.0,3.7054,129
2025-09-08,3.715,3.727,3.697,3.697,68.0,3.7046,68
2025-09-09,3.707,3.711,3.666,3.698,17.0,3.6951,15
2025-09-10,3.696,3.701,3.689,3.691,24.0,3.6958,22
2025-09-11,3.72,3.72,3.691,3.704,36.0,3.7063,14
2025-09-12,3.689,3.712,3.688,3.692,32.0,3.6975,30
2025-09-15,3.704,3.724,3.677,3.724,33.0,3.7028,24
2025-09-16,3.725,3.746,3.725,3.744,21.0,3.7368,17
2025-09-17,3.744,3.753,3.722,3.736,12.0,3.7325,12
2025-09-18,3.738,3.738,3.719,3.737,28.0,3.726,22
2025-09-19,3.737,3.756,3.733,3.745,33.0,3.7429,26
2025-09-22,3.748,3.755,3.744,3.746,31.0,3.7493,30
2025-09-23,3.738,3.751,3.723,3.751,35.0,3.7369,25
2025-09-24,3.741,3.768,3.735,3.764,16.0,3.7471,9
2025-09-25,3.761,3.781,3.745,3.753,72.0,3.7641,59
2025-09-26,3.753,3.763,3.72,3.724,18.0,3.7451,12
2025-09-29,3.728,3.758,3.726,3.758,50.0,3.7464,24
2025-09-30,3.769,3.776,3.753,3.771,119.0,3.7665,96
2025-10-01,3.787,3.811,3.763,3.811,33.0,3.7873,30
2025-10-02,3.806,3.833,3.796,3.797,33.0,3.8165,32
2025-10-03,3.814,3.814,3.785,3.803,39.0,3.8018,23
2025-10-06,3.814,3.826,3.803,3.811,17.0,3.8147,17
2025-10-07,3.823,3.825,3.799,3.82,95.0,3.8072,90
2025-10-08,3.818,3.82,3.794,3.808,168.0,3.8012,156
2025-10-09,3.781,3.808,3.773,3.789,162.0,3.7879,146
2025-10-10,3.755,3.78,3.746,3.761,142.0,3.7646,128
2025-10-13,3.755,3.757,3.731,3.746,38.0,3.7448,35
2025-10-14,3.722,3.73,3.709,3.719,126.0,3.7228,99
2025-10-15,3.713,3.748,3.706,3.736,56.0,3.7298,53
2025-10-16,3.742,3.759,3.711,3.717,32.0,3.7328,32
2025-10-17,3.694,3.742,3.689,3.742,144.0,3.7288,44
2025-10-20,3.773,3.78,3.751,3.77,135.0,3.7617,88
2025-10-21,3.776,3.785,3.744,3.771,245.0,3.7634,211
2025-10-22,3.77,3.783,3.747,3.756,122.0,3.7583,84
2025-10-23,3.761,3.774,3.72,3.749,116.0,3.7455,108
2025-10-24,3.737,3.77,3.725,3.757,300.0,3.7401,217
2025-10-27,3.753,3.781,3.734,3.77,71.0,3.7564,62
2025-10-28,3.75,3.772,3.745,3.767,54.0,3.7582,40
2025-10-29,3.766,3.766,3.734,3.757,81.0,3.7512,65
2025-10-30,3.755,3.793,3.751,3.776,55.0,3.7652,55
2025-10-31,3.79,3.811,3.771,3.807,105.0,3.7868,94
2025-11-03,3.827,3.827,3.787,3.801,90.0,3.8047,79
2025-11-04,3.78,3.822,3.78,3.815,80.0,3.804,61
2025-11-05,3.785,3.801,3.76,3.771,152.0,3.7756,68
2025-11-06,3.768,3.788,3.764,3.788,24.0,3.774,15
2025-11-07,3.788,3.796,3.774,3.791,36.0,3.7837,21
2025-11-10,3.8,3.8,3.748,3.778,67.0,3.7814,44
2025-11-11,3.795,3.803,3.784,3.801,116.0,3.7933,41
2025-11-12,3.806,3.815,3.79,3.804,46.0,3.8005,30
2025-11-13,3.818,3.829,3.803,3.829,68.0,3.8177,59
2025-11-14,3.793,3.812,3.788,3.804,72.0,3.7998,53
2025-11-17,3.8,3.812,3.785,3.794,25.0,3.7968,24
2025-11-18,3.804,3.804,3.772,3.795,49.0,3.7905,34
2025-11-19,3.782,3.804,3.77,3.797,125.0,3.7892,104
2025-11-20,3.779,3.801,3.771,3.778,130.0,3.7843,105
2025-11-21,3.786,3.79,3.769,3.785,115.0,3.7756,59
2025-11-24,3.748,3.785,3.748,3.785,227.0,3.7714,82
2025-11-25,3.764,3.786,3.744,3.775,214.0,3.7644,185
2025-11-26,3.777,3.803,3.772,3.792,109.0,3.7836,94
2025-11-28,3.787,3.811,3.781,3.803,138.0,3.7924,83
2025-12-01,3.784,3.81,3.773,3.78,241.0,3.7903,181
2025-12-02,3.769,3.79,3.769,3.788,218.0,3.7786,106
2025-12-03,3.787,3.799,3.787,3.796,207.0,3.7954,183
2025-12-04,3.798,3.811,3.785,3.805,323.0,3.7959,183
2025-12-05,3.804,3.838,3.798,3.822,357.0,3.8206,266
2025-12-08,3.807,3.814,3.75,3.773,190.0,3.784,109
2025-12-09,3.744,3.769,3.735,3.737,166.0,3.7493,132
2025-12-10,3.747,3.747,3.716,3.727,238.0,3.7288,178
2025-12-11,3.726,3.733,3.689,3.711,358.0,3.7089,248
2025-12-12,3.694,3.722,3.675,3.68,236.0,3.6901,148
2025-12-15,3.698,3.698,3.661,3.675,223.0,3.6693,105
2025-12-16,3.706,3.707,3.657,3.672,476.0,3.6754,298
2025-12-17,3.687,3.724,3.687,3.706,200.0,3.7098,140
2025-12-18,3.706,3.73,3.668,3.693,221.0,3.7025,138
2025-12-19,3.656,3.702,3.648,3.694,179.0,3.6839,138
2025-12-22,3.705,3.71,3.665,3.677,275.0,3.6873,188
2025-12-23,3.694,3.734,3.679,3.721,216.0,3.7058,146
2025-12-24,3.722,3.744,3.701,3.702,62.0,3.7227,57
2025-12-26,3.725,3.737,3.721,3.73,233.0,3.7288,143
2025-12-29,3.739,3.77,3.739,3.763,292.0,3.7576,256
2025-12-30,3.771,3.796,3.75,3.75,257.0,3.7754,182
2025-12-31,3.733,3.741,3.71,3.717,218.0,3.7237,159
2026-01-02,3.707,3.718,3.684,3.685,254.0,3.7053,207
2026-01-05,3.646,3.685,3.625,3.659,203.0,3.6499,168
2026-01-06,3.648,3.659,3.607,3.614,217.0,3.6237,184
2026-01-07,3.626,3.656,3.619,3.621,172.0,3.6331,141
2026-01-08,3.628,3.634,3.587,3.596,164.0,3.6029,140
2026-01-09,3.583,3.603,3.503,3.519,387.0,3.5431,312
2026-01-12,3.533,3.57,3.528,3.565,405.0,3.5504,306
2026-01-13,3.541,3.578,3.541,3.566,277.0,3.5618,215
2026-01-14,3.554,3.56,3.484,3.501,487.0,3.5011,306
2026-01-15,3.51,3.541,3.474,3.531,534.0,3.5169,338
2026-01-16,3.538,3.561,3.535,3.56,423.0,3.5513,280
2026-01-20,3.66,3.674,3.587,3.625,736.0,3.6158,565
2026-01-21,3.569,3.69,3.565,3.637,456.0,3.6431,410
2026-01-22,3.585,3.643,3.536,3.597,561.0,3.605,523
2026-01-23,3.573,3.631,3.536,3.559,311.0,3.5847,266
2026-01-26,3.632,3.64,3.494,3.545,761.0,3.55,666
2026-01-27,3.497,3.58,3.455,3.524,878.0,3.5074,748
2026-01-28,3.506,3.529,3.494,3.523,478.0,3.5123,336
2026-01-29,3.519,3.577,3.504,3.566,385.0,3.5504,301
2026-01-30,3.558,3.635,3.554,3.608,818.0,3.6131,597
2026-02-02,3.54,3.615,3.489,3.539,840.0,3.549,623
2026-02-03,3.493,3.54,3.469,3.539,621.0,3.5147,425
2026-02-04,3.53,3.575,3.517,3.551,258.0,3.5505,217
2026-02-05,3.523,3.569,3.523,3.558,337.0,3.5526,273
2026-02-06,3.534,3.576,3.505,3.522,398.0,3.5318,324
2026-02-09,3.468,3.517,3.455,3.506,307.0,3.4887,242
2026-02-10,3.508,3.544,3.506,3.531,244.0,3.5313,176
2026-02-11,3.528,3.544,3.51,3.528,243.0,3.5282,195
2026-02-12,3.521,3.558,3.488,3.498,337.0,3.519,300
2026-02-13,3.468,3.5,3.468,3.496,346.0,3.4877,261
2026-02-17,3.453,3.491,3.423,3.433,547.0,3.4549,411
2026-02-18,3.419,3.446,3.414,3.433,520.0,3.4281,332
2026-02-19,3.457,3.504,3.449,3.482,364.0,3.4784,309
2026-02-20,3.481,3.54,3.48,3.511,226.0,3.5071,189
2026-02-23,3.53,3.53,3.494,3.505,166.0,3.5116,133
2026-02-24,3.497,3.523,3.491,3.496,363.0,3.5118,266
2026-02-25,3.495,3.524,3.495,3.513,206.0,3.5157,142
2026-02-26,3.511,3.541,3.488,3.522,412.0,3.5174,326
2026-02-27,3.528,3.533,3.51,3.52,330.0,3.5189,256
2026-03-02,3.538,3.578,3.51,3.533,670.0,3.5429,509
2026-03-03,3.542,3.587,3.489,3.514,784.0,3.5349,622
2026-03-04,3.47,3.521,3.467,3.503,470.0,3.4991,315
2026-03-05,3.536,3.546,3.506,3.526,522.0,3.526,413
2026-03-06,3.544,3.567,3.505,3.522,953.0,3.5337,698
2026-03-09,3.575,3.6,3.475,3.533,667.0,3.5372,551
2026-03-10,3.478,3.529,3.466,3.504,394.0,3.4998,287
2026-03-11,3.541,3.542,3.51,3.522,404.0,3.5224,302
2026-03-12,3.529,3.561,3.515,3.541,316.0,3.5405,234
2026-03-13,3.532,3.578,3.526,3.544,560.0,3.5501,398
2026-03-16,3.54,3.551,3.517,3.535,537.0,3.5342,348
2026-03-17,3.532,3.56,3.521,3.552,244.0,3.5446,203
2026-03-18,3.557,3.597,3.525,3.575,839.0,3.5776,633
2026-03-19,3.612,3.679,3.58,3.609,879.0,3.6251,680
2026-03-20,3.592,3.613,3.557,3.607,543.0,3.5908,349
2026-03-23,3.61,3.621,3.556,3.581,399.0,3.5809,318
2026-03-24,3.59,3.59,3.52,3.577,402.0,3.5565,311
2026-03-25,3.535,3.565,3.522,3.561,613.0,3.5439,395
2026-03-26,3.563,3.574,3.549,3.561,501.0,3.5613,311
2026-03-27,3.569,3.605,3.559,3.605,569.0,3.585,411
2026-03-30,3.547,3.612,3.527,3.577,280.0,3.5822,230
2026-03-31,3.564,3.6,3.503,3.513,569.0,3.5357,437
2026-04-01,3.511,3.546,3.422,3.436,690.0,3.4716,470
2026-04-02,3.444,3.472,3.424,3.438,435.0,3.4387,325
2026-04-06,3.449,3.453,3.422,3.45,388.0,3.4415,227
2026-04-07,3.448,3.487,3.436,3.48,393.0,3.4683,334
2026-04-08,3.441,3.462,3.394,3.412,1292.0,3.4129,798
2026-04-09,3.429,3.441,3.379,3.393,369.0,3.4015,287
2026-04-10,3.39,3.39,3.339,3.349,720.0,3.3546,493
2026-04-13,3.378,3.393,3.294,3.302,680.0,3.3316,472
2026-04-14,3.291,3.304,3.253,3.261,1027.0,3.2685,640
2026-04-15,3.256,3.282,3.247,3.279,1132.0,3.266,771
2026-04-16,3.28,3.347,3.264,3.322,803.0,3.3087,548
2026-04-17,3.354,3.383,3.322,3.37,658.0,3.3506,466
2026-04-20,3.379,3.387,3.361,3.373,534.0,3.3754,365
2026-04-21,3.364,3.389,3.352,3.372,456.0,3.3735,293
2026-04-22,3.377,3.403,3.361,3.394,433.0,3.3857,289
2026-04-23,3.387,3.393,3.353,3.376,530.0,3.3678,403
2026-04-24,3.339,3.368,3.329,3.334,404.0,3.3452,295
2026-04-27,3.342,3.363,3.309,3.31,474.0,3.329,365
2026-04-28,3.318,3.338,3.296,3.312,384.0,3.3154,269
2026-04-29,3.313,3.331,3.307,3.318,542.0,3.319,377
2026-04-30,3.319,3.343,3.296,3.34,602.0,3.3223,412
2026-05-01,3.333,3.354,3.316,3.34,359.0,3.335,267
2026-05-04,3.353,3.406,3.339,3.396,407.0,3.3762,283
2026-05-05,3.381,3.388,3.335,3.35,656.0,3.3563,324
2026-05-06,3.34,3.342,3.291,3.3,394.0,3.3053,262
2026-05-07,3.287,3.296,3.267,3.282,815.0,3.2834,501
2026-05-08,3.29,3.317,3.28,3.3,397.0,3.2974,283
2026-05-11,3.327,3.332,3.305,3.329,377.0,3.3211,273
2026-05-12,3.337,3.348,3.269,3.291,428.0,3.3015,321
2026-05-13,3.281,3.297,3.261,3.268,1084.0,3.2762,814
2026-05-14,3.266,3.273,3.239,3.246,712.0,3.254,500
2026-05-15,3.261,3.274,3.225,3.245,655.0,3.2498,468
2026-05-18,3.257,3.289,3.256,3.277,534.0,3.2691,374
2026-05-19,3.28,3.305,3.275,3.303,898.0,3.2935,632
2026-05-20,3.299,3.301,3.25,3.259,808.0,3.2667,494
2026-05-21,3.27,3.272,3.236,3.249,696.0,3.2521,472
2026-05-22,3.245,3.248,3.206,3.214,1134.0,3.2278,686
2026-05-26,3.22,3.243,3.181,3.19,911.0,3.2106,586
2026-05-27,3.185,3.207,3.157,3.19,1308.0,3.1813,932
2026-05-28,3.187,3.268,3.183,3.256,1206.0,3.2297,757
2026-05-29,3.262,3.297,3.257,3.272,1149.0,3.2725,639
2026-06-01,3.278,3.303,3.246,3.274,996.0,3.2724,600
2026-06-02,3.265,3.287,3.238,3.28,1441.0,3.2715,996
2026-06-03,3.285,3.302,3.275,3.289,769.0,3.289,514
2026-06-04,3.284,3.332,3.284,3.323,1715.0,3.3143,1092
2026-06-05,3.331,3.334,3.287,3.3,844.0,3.3029,574
2026-06-08,3.276,3.309,3.259,3.309,1521.0,3.2858,1180
2026-06-09,3.311,3.314,3.289,3.298,620.0,3.3017,429
2026-06-10,3.306,3.319,3.282,3.307,828.0,3.3036,560
2026-06-11,3.306,3.31,3.272,3.294,702.0,3.2886,562
2026-06-12,3.293,3.302,3.271,3.293,694.0,3.2903,578
2026-06-15,3.278,3.285,3.264,3.282,985.0,3.2727,778
2026-06-16,3.285,3.312,3.277,3.305,716.0,3.2953,593
2026-06-17,3.301,3.318,3.287,3.301,842.0,3.3023,542
2026-06-18,3.301,3.316,3.295,3.308,596.0,3.3053,409
2026-06-22,3.302,3.334,3.299,3.309,572.0,3.3186,402
2026-06-23,3.304,3.32,3.273,3.277,974.0,3.2943,746
2026-06-24,3.27,3.298,3.27,3.294,741.0,3.2889,484
2026-06-25,3.288,3.31,3.279,3.297,1323.0,3.2962,859
2026-06-26,3.289,3.316,3.277,3.284,1155.0,3.3006,773
2026-06-29,3.282,3.293,3.239,3.242,1358.0,3.257,908
2026-06-30,3.238,3.259,3.234,3.255,1043.0,3.2509,678
2026-07-01,3.258,3.258,3.22,3.235,781.0,3.2376,567
2026-07-02,3.222,3.239,3.203,3.222,913.0,3.2227,665
2026-07-06,3.226,3.236,3.186,3.2,1976.0,3.2019,1359
2026-07-07,3.211,3.238,3.185,3.206,1944.0,3.2024,1370
2026-07-08,3.224,3.236,3.205,3.207,1523.0,3.2162,1038
2026-07-09,3.204,3.211,3.143,3.146,2278.0,3.1731,1573
2026-07-10,3.153,3.153,3.124,3.139,1878.0,3.1351,1390
2026-07-13,3.135,3.173,3.116,3.156,2513.0,3.149,1958
2026-07-14,3.149,3.167,3.134,3.153,1848.0,3.1515,1329
2026-07-15,3.155,3.166,3.141,3.149,1290.0,3.1524,831
2026-07-16,3.142,3.151,3.103,3.114,1313.0,3.1237,816
2026-07-17,3.12,3.146,3.106,3.138,1077.0,3.1319,735
2026-07-20,3.146,3.148,3.11,3.123,1459.0,3.1231,950
2026-07-21,3.127,3.151,3.124,3.145,1080.0,3.1413,635
2026-07-22,3.147,3.193,3.146,3.181,1893.0,3.1762,1141
2026-07-23,3.185,3.213,3.183,3.199,1698.0,3.1988,1044
2026-07-24,3.195,3.234,3.172,3.189,1603.0,3.2027,1003
2026-07-27,3.159,3.187,3.127,3.187,2911.0,3.1639,1787
2026-07-28,3.171,3.185,3.152,3.173,2056.0,3.1673,1236
2026-07-29,3.174,3.207,3.162,3.201,1621.0,3.1923,951
2026-07-30,3.201,3.205,3.174,3.185,1575.0,3.1845,923
2026-07-31,3.179,3.208,3.161,3.174,1496.0,3.1752,939
2026-08-03,3.165,3.204,3.165,3.202,1265.0,3.1948,745
2026-08-04,3.2,3.2,3.158,3.17,1295.0,3.1688,784
2026-08-05,3.161,3.167,3.153,3.166,885.0,3.1616,578
2026-08-06,3.162,3.165,3.13,3.138,1882.0,3.1404,1014
2026-08-07,3.131,3.174,3.129,3.163,1017.0,3.1597,620
2026-08-10,3.194,3.204,3.175,3.183,1905.0,3.188,1233
2026-08-11,3.177,3.194,3.171,3.183,1753.0,3.1806,1022
2026-08-12,3.191,3.209,3.182,3.188,1696.0,3.1949,837
2026-08-13,3.182,3.191,3.15,3.176,1480.0,3.1718,800
2026-08-14,3.176,3.201,3.156,3.166,1355.0,3.1802,723
