date,open,high,low,close,volume,average,barCount
2017-03-14,3.108,3.108,3.108,3.108,0.0,3.108,0
2017-03-15,3.128,3.128,3.128,3.128,0.0,3.128,0
2017-03-16,3.146,3.146,3.146,3.146,0.0,3.146,0
2017-03-17,3.151,3.151,3.151,3.151,0.0,3.151,0
2017-03-20,3.153,3.153,3.153,3.153,0.0,3.153,0
2017-03-21,3.163,3.163,3.163,3.163,0.0,3.163,0
2017-03-22,3.165,3.165,3.165,3.165,0.0,3.165,0
2017-03-23,3.16,3.16,3.16,3.16,0.0,3.16,0
2017-03-24,3.124,3.124,3.124,3.124,0.0,3.124,0
2017-03-27,3.114,3.114,3.114,3.114,0.0,3.114,0
2017-03-28,3.105,3.105,3.105,3.105,0.0,3.105,0
2017-03-29,3.113,3.113,3.113,3.113,0.0,3.113,0
2017-03-30,3.116,3.116,3.116,3.116,0.0,3.116,0
2017-03-31,3.133,3.133,3.133,3.133,0.0,3.133,0
2017-04-03,3.14,3.14,3.14,3.14,0.0,3.14,0
2017-04-04,3.153,3.153,3.153,3.153,0.0,3.153,0
2017-04-05,3.17,3.17,3.17,3.17,0.0,3.17,0
2017-04-06,3.15,3.15,3.15,3.15,0.0,3.15,0
2017-04-07,3.164,3.164,3.164,3.164,0.0,3.164,0
2017-04-10,3.173,3.173,3.173,3.173,0.0,3.173,0
2017-04-11,3.204,3.204,3.204,3.204,0.0,3.204,0
2017-04-12,3.205,3.205,3.205,3.205,0.0,3.205,0
2017-04-13,3.219,3.219,3.219,3.219,0.0,3.219,0
2017-04-17,3.204,3.204,3.204,3.204,0.0,3.204,0
2017-04-18,3.234,3.234,3.234,3.234,0.0,3.234,0
2017-04-19,3.245,3.245,3.245,3.245,0.0,3.245,0
2017-04-20,3.279,3.279,3.279,3.279,0.0,3.279,0
2017-04-21,3.28,3.28,3.28,3.28,0.0,3.28,0
2017-04-24,3.239,3.239,3.239,3.239,0.0,3.239,0
2017-04-25,3.239,3.239,3.239,3.239,0.0,3.239,0
2017-04-26,3.23,3.23,3.23,3.23,0.0,3.23,0
2017-04-27,3.221,3.221,3.221,3.221,0.0,3.221,0
2017-04-28,3.247,3.247,3.247,3.247,0.0,3.247,0
2017-05-01,3.222,3.222,3.222,3.222,0.0,3.222,0
2017-05-02,3.223,3.223,3.223,3.223,0.0,3.223,0
2017-05-03,3.242,3.242,3.242,3.242,0.0,3.242,0
2017-05-04,3.285,3.285,3.285,3.285,0.0,3.285,0
2017-05-05,3.285,3.285,3.285,3.285,0.0,3.285,0
2017-05-08,3.276,3.276,3.276,3.276,0.0,3.276,0
2017-05-09,3.279,3.279,3.279,3.279,0.0,3.279,0
2017-05-10,3.28,3.28,3.28,3.28,0.0,3.28,0
2017-05-11,3.314,3.314,3.314,3.314,0.0,3.314,0
2017-05-12,3.318,3.318,3.318,3.318,0.0,3.318,0
2017-05-15,3.323,3.323,3.323,3.323,0.0,3.323,0
2017-05-16,3.34,3.34,3.34,3.34,0.0,3.34,0
2017-05-17,3.336,3.336,3.336,3.336,0.0,3.336,0
2017-05-18,3.323,3.323,3.323,3.323,0.0,3.323,0
2017-05-19,3.313,3.313,3.313,3.313,0.0,3.313,0
2017-05-22,3.315,3.315,3.315,3.315,0.0,3.315,0
2017-05-23,3.382,3.382,3.382,3.382,0.0,3.382,0
2017-05-24,3.384,3.384,3.384,3.384,0.0,3.384,0
2017-05-25,3.374,3.374,3.374,3.374,0.0,3.374,0
2017-05-26,3.359,3.359,3.359,3.359,0.0,3.359,0
2017-05-30,3.326,3.326,3.326,3.326,0.0,3.326,0
2017-05-31,3.322,3.322,3.322,3.322,0.0,3.322,0
2017-06-01,3.324,3.324,3.324,3.324,0.0,3.324,0
2017-06-02,3.314,3.314,3.314,3.314,0.0,3.314,0
2017-06-05,3.284,3.284,3.284,3.284,0.0,3.284,0
2017-06-06,3.226,3.226,3.226,3.226,0.0,3.226,0
2017-06-07,3.237,3.237,3.237,3.237,0.0,3.237,0
2017-06-08,3.255,3.255,3.255,3.255,0.0,3.255,0
2017-06-09,3.252,3.252,3.252,3.252,0.0,3.252,0
2017-06-12,3.254,3.254,3.254,3.254,0.0,3.254,0
2017-06-13,3.251,3.251,3.251,3.251,0.0,3.251,0
2017-06-14,3.24,3.24,3.24,3.24,0.0,3.24,0
2017-06-15,3.268,3.268,3.268,3.268,0.0,3.268,0
2017-06-16,3.257,3.257,3.257,3.257,0.0,3.257,0
2017-06-19,3.28,3.28,3.28,3.28,0.0,3.28,0
2017-06-20,3.32,3.32,3.32,3.32,0.0,3.32,0
2017-06-21,3.341,3.341,3.341,3.341,0.0,3.341,0
2017-06-22,3.335,3.335,3.335,3.335,0.0,3.335,0
2017-06-23,3.322,3.322,3.322,3.322,0.0,3.322,0
2017-06-26,3.299,3.299,3.299,3.299,0.0,3.299,0
2017-06-27,3.302,3.302,3.302,3.302,0.0,3.302,0
2017-06-28,3.292,3.292,3.292,3.292,0.0,3.292,0
2017-06-29,3.293,3.293,3.293,3.293,0.0,3.293,0
2017-06-30,3.311,3.311,3.311,3.311,0.0,3.311,0
2017-07-03,3.316,3.316,3.316,3.316,0.0,3.316,0
2017-07-05,3.301,3.301,3.301,3.301,0.0,3.301,0
2017-07-06,3.249,3.249,3.249,3.249,0.0,3.249,0
2017-07-07,3.244,3.244,3.244,3.244,0.0,3.244,0
2017-07-10,3.231,3.231,3.231,3.231,0.0,3.231,0
2017-07-11,3.228,3.228,3.228,3.228,0.0,3.228,0
2017-07-12,3.214,3.214,3.214,3.214,0.0,3.214,0
2017-07-13,3.227,3.227,3.227,3.227,0.0,3.227,0
2017-07-14,3.23,3.23,3.23,3.23,0.0,3.23,0
2017-07-17,3.223,3.223,3.223,3.223,0.0,3.223,0
2017-07-18,3.223,3.223,3.223,3.223,0.0,3.223,0
2017-07-19,3.208,3.208,3.208,3.208,0.0,3.208,0
2017-07-20,3.189,3.189,3.189,3.189,0.0,3.189,0
2017-07-21,3.19,3.19,3.19,3.19,0.0,3.19,0
2017-07-24,3.167,3.167,3.167,3.167,0.0,3.167,0
2017-07-25,3.142,3.142,3.142,3.142,0.0,3.142,0
2017-07-26,3.135,3.135,3.135,3.135,0.0,3.135,0
2017-07-27,3.136,3.136,3.136,3.136,0.0,3.136,0
2017-07-28,3.151,3.151,3.151,3.151,0.0,3.151,0
2017-07-31,3.127,3.127,3.127,3.127,0.0,3.127,0
2017-08-01,3.149,3.149,3.149,3.149,0.0,3.149,0
2017-08-02,3.158,3.158,3.158,3.158,0.0,3.158,0
2017-08-03,3.181,3.181,3.181,3.181,0.0,3.181,0
2017-08-04,3.191,3.191,3.191,3.191,0.0,3.191,0
2017-08-07,3.19,3.19,3.19,3.19,0.0,3.19,0
2017-08-08,3.172,3.172,3.172,3.172,0.0,3.172,0
2017-08-09,3.166,3.166,3.166,3.166,0.0,3.166,0
2017-08-10,3.163,3.163,3.163,3.163,0.0,3.163,0
2017-08-11,3.167,3.167,3.167,3.167,0.0,3.167,0
2017-08-14,3.163,3.163,3.163,3.163,0.0,3.163,0
2017-08-15,3.161,3.161,3.161,3.161,0.0,3.161,0
2017-08-16,3.151,3.151,3.151,3.151,0.0,3.151,0
2017-08-17,3.15,3.15,3.15,3.15,0.0,3.15,0
2017-08-18,3.15,3.15,3.15,3.15,0.0,3.15,0
2017-08-21,3.14,3.14,3.14,3.14,0.0,3.14,0
2017-08-22,3.132,3.132,3.132,3.132,0.0,3.132,0
2017-08-23,3.129,3.129,3.129,3.129,0.0,3.129,0
2017-08-24,3.079,3.079,3.079,3.079,0.0,3.079,0
2017-08-25,3.066,3.066,3.066,3.066,0.0,3.066,0
2017-08-28,3.079,3.079,3.079,3.079,0.0,3.079,0
2017-08-29,3.081,3.081,3.081,3.081,0.0,3.081,0
2017-08-30,3.082,3.082,3.082,3.082,0.0,3.082,0
2017-08-31,3.09,3.09,3.09,3.09,0.0,3.09,0
2017-09-01,3.091,3.091,3.091,3.091,0.0,3.091,0
2017-09-05,3.087,3.087,3.087,3.087,0.0,3.087,0
2017-09-06,3.048,3.048,3.048,3.048,0.0,3.048,0
2017-09-07,3.082,3.082,3.082,3.082,0.0,3.082,0
2017-09-08,3.086,3.086,3.086,3.086,0.0,3.086,0
2017-09-11,3.097,3.097,3.097,3.097,0.0,3.097,0
2017-09-12,3.074,3.074,3.074,3.074,0.0,3.074,0
2017-09-13,3.06,3.06,3.06,3.06,0.0,3.06,0
2017-09-14,3.048,3.048,3.048,3.048,0.0,3.048,0
2017-09-15,3.053,3.053,3.053,3.053,0.0,3.053,0
2017-09-18,3.048,3.048,3.048,3.048,0.0,3.048,0
2017-09-19,3.038,3.038,3.038,3.038,0.0,3.038,0
2017-09-20,3.028,3.028,3.028,3.028,0.0,3.028,0
2017-09-21,3.019,3.019,3.019,3.019,0.0,3.019,0
2017-09-22,3.033,3.033,3.033,3.033,0.0,3.033,0
2017-09-25,3.016,3.016,3.016,3.016,0.0,3.016,0
2017-09-26,3.026,3.026,3.026,3.026,0.0,3.026,0
2017-09-27,3.037,3.037,3.037,3.037,0.0,3.037,0
2017-09-28,3.036,3.036,3.036,3.036,0.0,3.036,0
2017-09-29,3.033,3.033,3.033,3.033,0.0,3.033,0
2017-10-02,3.046,3.046,3.046,3.046,0.0,3.046,0
2017-10-03,3.055,3.055,3.055,3.055,0.0,3.055,0
2017-10-04,3.054,3.054,3.054,3.054,0.0,3.054,0
2017-10-05,3.063,3.063,3.063,3.063,0.0,3.063,0
2017-10-06,3.055,3.055,3.055,3.055,0.0,3.055,0
2017-10-09,3.065,3.065,3.065,3.065,0.0,3.065,0
2017-10-10,3.055,3.055,3.055,3.055,0.0,3.055,0
2017-10-11,3.074,3.074,3.074,3.074,0.0,3.074,0
2017-10-12,3.118,3.118,3.118,3.118,0.0,3.118,0
2017-10-13,3.12,3.12,3.12,3.12,0.0,3.12,0
2017-10-16,3.152,3.152,3.152,3.152,0.0,3.152,0
2017-10-17,3.199,3.199,3.199,3.199,0.0,3.199,0
2017-10-18,3.203,3.203,3.203,3.203,0.0,3.203,0
2017-10-19,3.225,3.225,3.225,3.225,0.0,3.225,0
2017-10-20,3.265,3.265,3.265,3.265,0.0,3.265,0
2017-10-23,3.245,3.245,3.245,3.245,0.0,3.245,0
2017-10-24,3.244,3.244,3.244,3.244,0.0,3.244,0
2017-10-25,3.245,3.245,3.245,3.245,0.0,3.245,0
2017-10-26,3.238,3.238,3.238,3.238,0.0,3.238,0
2017-10-27,3.218,3.218,3.218,3.218,0.0,3.218,0
2017-10-30,3.253,3.253,3.253,3.253,0.0,3.253,0
2017-10-31,3.264,3.264,3.264,3.264,0.0,3.264,0
2017-11-01,3.274,3.274,3.274,3.274,0.0,3.274,0
2017-11-02,3.256,3.256,3.256,3.256,0.0,3.256,0
2017-11-03,3.253,3.253,3.253,3.253,0.0,3.253,0
2017-11-06,3.248,3.248,3.248,3.248,0.0,3.248,0
2017-11-07,3.247,3.247,3.247,3.247,0.0,3.247,0
2017-11-08,3.245,3.245,3.245,3.245,0.0,3.245,0
2017-11-09,3.255,3.255,3.255,3.255,0.0,3.255,0
2017-11-10,3.235,3.235,3.235,3.235,0.0,3.235,0
2017-11-13,3.221,3.221,3.221,3.221,0.0,3.221,0
2017-11-14,3.211,3.211,3.211,3.211,0.0,3.211,0
2017-11-15,3.203,3.203,3.203,3.203,0.0,3.203,0
2017-11-16,3.207,3.207,3.207,3.207,0.0,3.207,0
2017-11-17,3.201,3.201,3.201,3.201,0.0,3.201,0
2017-11-20,3.194,3.194,3.194,3.194,0.0,3.194,0
2017-11-21,3.192,3.192,3.192,3.192,0.0,3.192,0
2017-11-22,3.179,3.179,3.179,3.179,0.0,3.179,0
2017-11-24,3.182,3.182,3.182,3.182,0.0,3.182,0
2017-11-27,3.185,3.185,3.185,3.185,0.0,3.185,0
2017-11-28,3.185,3.185,3.185,3.185,0.0,3.185,0
2017-11-29,3.191,3.191,3.191,3.191,0.0,3.191,0
2017-11-30,3.191,3.191,3.191,3.191,0.0,3.191,0
2017-12-01,3.147,3.147,3.147,3.147,0.0,3.147,0
2017-12-04,3.133,3.133,3.133,3.133,0.0,3.133,0
2017-12-05,3.121,3.121,3.121,3.121,0.0,3.121,0
2017-12-06,3.103,3.103,3.103,3.103,0.0,3.103,0
2017-12-07,3.109,3.109,3.109,3.109,0.0,3.109,0
2017-12-08,3.104,3.104,3.104,3.104,0.0,3.104,0
2017-12-11,3.097,3.097,3.097,3.097,0.0,3.097,0
2017-12-12,3.107,3.107,3.107,3.107,0.0,3.107,0
2017-12-13,3.126,3.126,3.126,3.126,0.0,3.126,0
2017-12-14,3.137,3.137,3.137,3.137,0.0,3.137,0
2017-12-15,3.145,3.145,3.145,3.145,0.0,3.145,0
2017-12-18,3.165,3.165,3.165,3.165,0.0,3.165,0
2017-12-19,3.167,3.167,3.167,3.167,0.0,3.167,0
2017-12-20,3.153,3.153,3.153,3.153,0.0,3.153,0
2017-12-21,3.17,3.17,3.17,3.17,0.0,3.17,0
2017-12-22,3.193,3.193,3.193,3.193,0.0,3.193,0
2017-12-26,3.194,3.194,3.194,3.194,0.0,3.194,0
2017-12-27,3.167,3.167,3.167,3.167,0.0,3.167,0
2017-12-28,3.117,3.117,3.117,3.117,0.0,3.117,0
2017-12-29,3.101,3.101,3.101,3.101,0.0,3.101,0
2018-01-02,3.094,3.094,3.094,3.094,0.0,3.094,0
2018-01-03,3.095,3.095,3.095,3.095,0.0,3.095,0
2018-01-04,3.127,3.127,3.127,3.127,0.0,3.127,0
2018-01-05,3.121,3.121,3.121,3.121,0.0,3.121,0
2018-01-08,3.116,3.116,3.116,3.116,0.0,3.116,0
2018-01-09,3.101,3.101,3.101,3.101,0.0,3.101,0
2018-01-10,3.094,3.094,3.094,3.094,0.0,3.094,0
2018-01-11,3.111,3.111,3.111,3.111,0.0,3.111,0
2018-01-12,3.098,3.098,3.098,3.098,0.0,3.098,0
2018-01-16,3.061,3.061,3.061,3.061,0.0,3.061,0
2018-01-17,3.055,3.055,3.055,3.055,0.0,3.055,0
2018-01-18,3.053,3.053,3.053,3.053,0.0,3.053,0
2018-01-19,3.063,3.063,3.063,3.063,0.0,3.063,0
2018-01-22,3.082,3.082,3.082,3.082,0.0,3.082,0
2018-01-23,3.094,3.094,3.094,3.094,0.0,3.094,0
2018-01-24,3.108,3.108,3.108,3.108,0.0,3.108,0
2018-01-25,3.132,3.132,3.132,3.132,0.0,3.132,0
2018-01-26,3.098,3.098,3.098,3.098,0.0,3.098,0
2018-01-29,3.1,3.1,3.1,3.1,0.0,3.1,0
2018-01-30,3.117,3.117,3.117,3.117,0.0,3.117,0
2018-01-31,3.086,3.086,3.086,3.086,0.0,3.086,0
2018-02-01,3.079,3.079,3.079,3.079,0.0,3.079,0
2018-02-02,3.104,3.104,3.104,3.104,0.0,3.104,0
2018-02-05,3.126,3.126,3.126,3.126,0.0,3.126,0
2018-02-06,3.11,3.11,3.11,3.11,0.0,3.11,0
2018-02-07,3.088,3.088,3.088,3.088,0.0,3.088,0
2018-02-08,3.101,3.101,3.101,3.101,0.0,3.101,0
2018-02-09,3.068,3.068,3.068,3.068,0.0,3.068,0
2018-02-12,3.058,3.058,3.058,3.058,0.0,3.058,0
2018-02-13,3.045,3.045,3.045,3.045,0.0,3.045,0
2018-02-14,3.053,3.053,3.053,3.053,0.0,3.053,0
2018-02-15,3.058,3.058,3.058,3.058,0.0,3.058,0
2018-02-16,3.071,3.071,3.071,3.071,0.0,3.071,0
2018-02-20,3.074,3.074,3.074,3.074,0.0,3.074,0
2018-02-21,3.092,3.092,3.092,3.092,0.0,3.092,0
2018-02-22,3.104,3.104,3.104,3.104,0.0,3.104,0
2018-02-23,3.096,3.096,3.096,3.096,0.0,3.096,0
2018-02-26,3.092,3.092,3.092,3.092,0.0,3.092,0
2018-02-27,3.095,3.095,3.095,3.095,0.0,3.095,0
2018-02-28,3.07,3.07,3.07,3.07,0.0,3.07,0
2018-03-01,3.109,3.109,3.109,3.109,0.0,3.109,0
2018-03-02,3.126,3.126,3.126,3.126,0.0,3.126,0
2018-03-05,3.144,3.144,3.144,3.144,0.0,3.144,0
2018-03-06,3.141,3.141,3.141,3.141,0.0,3.141,0
2018-03-07,3.134,3.134,3.134,3.134,0.0,3.134,0
2018-03-08,3.096,3.096,3.096,3.096,0.0,3.096,0
2018-03-09,3.057,3.057,3.057,3.057,0.0,3.057,0
2018-03-12,3.063,3.063,3.063,3.063,0.0,3.063,0
2018-03-13,3.07,3.07,3.07,3.07,0.0,3.07,0
2018-03-14,3.09,3.09,3.09,3.09,0.0,3.09,0
2018-03-15,3.148,3.148,3.148,3.148,0.0,3.148,0
2018-03-16,3.158,3.158,3.158,3.158,0.0,3.158,0
2018-03-19,3.148,3.148,3.148,3.148,0.0,3.148,0
2018-03-20,3.153,3.153,3.153,3.153,0.0,3.153,0
2018-03-21,3.161,3.161,3.161,3.161,0.0,3.161,0
2018-03-22,3.149,3.149,3.149,3.149,0.0,3.149,0
2018-03-23,3.071,3.071,3.071,3.071,0.0,3.071,0
2018-03-26,3.099,3.099,3.099,3.099,0.0,3.099,0
2018-03-27,3.105,3.105,3.105,3.105,0.0,3.105,0
2018-03-28,3.134,3.134,3.134,3.134,0.0,3.134,0
2018-03-29,3.172,3.172,3.172,3.172,0.0,3.172,0
2018-04-02,3.154,3.154,3.154,3.154,0.0,3.154,0
2018-04-03,3.132,3.132,3.132,3.132,0.0,3.132,0
2018-04-04,3.106,3.106,3.106,3.106,0.0,3.106,0
2018-04-05,3.122,3.122,3.122,3.122,0.0,3.122,0
2018-04-06,3.116,3.116,3.116,3.116,0.0,3.116,0
2018-04-09,3.1,3.1,3.1,3.1,0.0,3.1,0
2018-04-10,3.109,3.109,3.109,3.109,0.0,3.109,0
2018-04-11,3.117,3.117,3.117,3.117,0.0,3.117,0
2018-04-12,3.14,3.14,3.14,3.14,0.0,3.14,0
2018-04-13,3.133,3.133,3.133,3.133,0.0,3.133,0
2018-04-16,3.135,3.135,3.135,3.135,0.0,3.135,0
2018-04-17,3.097,3.097,3.097,3.097,0.0,3.097,0
2018-04-18,3.098,3.098,3.098,3.098,0.0,3.098,0
2018-04-19,3.1,3.1,3.1,3.1,0.0,3.1,0
2018-04-20,3.108,3.108,3.108,3.108,0.0,3.108,0
2018-04-23,3.109,3.109,3.109,3.109,0.0,3.109,0
2018-04-24,3.107,3.107,3.107,3.107,0.0,3.107,0
2018-04-25,3.096,3.096,3.096,3.096,0.0,3.096,0
2018-04-26,3.086,3.086,3.086,3.086,0.0,3.086,0
2018-04-27,3.088,3.088,3.088,3.088,0.0,3.088,0
2018-04-30,3.082,3.082,3.082,3.082,0.0,3.082,0
2018-05-01,3.062,3.062,3.062,3.062,0.0,3.062,0
2018-05-02,3.087,3.087,3.087,3.087,0.0,3.087,0
2018-05-03,3.097,3.097,3.097,3.097,0.0,3.097,0
2018-05-04,3.095,3.095,3.095,3.095,0.0,3.095,0
2018-05-07,3.093,3.093,3.093,3.093,0.0,3.093,0
2018-05-08,3.048,3.048,3.048,3.048,0.0,3.048,0
2018-05-09,3.034,3.034,3.034,3.034,0.0,3.034,0
2018-05-10,3.03,3.03,3.03,3.03,0.0,3.03,0
2018-05-11,3.033,3.033,3.033,3.033,0.0,3.033,0
2018-05-14,3.025,3.025,3.025,3.025,0.0,3.025,0
2018-05-15,3.063,3.063,3.063,3.063,0.0,3.063,0
2018-05-16,3.037,3.037,3.037,3.037,0.0,3.037,0
2018-05-17,3.044,3.044,3.044,3.044,0.0,3.044,0
2018-05-18,3.059,3.059,3.059,3.059,0.0,3.059,0
2018-05-21,3.054,3.054,3.054,3.054,0.0,3.054,0
2018-05-22,3.026,3.026,3.026,3.026,0.0,3.026,0
2018-05-23,3.003,3.003,3.003,3.003,0.0,3.003,0
2018-05-24,2.997,2.997,2.997,2.997,0.0,2.997,0
2018-05-25,2.969,2.969,2.969,2.969,0.0,2.969,0
2018-05-29,2.948,2.948,2.948,2.948,0.0,2.948,0
2018-05-30,2.959,2.959,2.959,2.959,0.0,2.959,0
2018-05-31,2.942,2.942,2.942,2.942,0.0,2.942,0
2018-06-01,2.932,2.932,2.932,2.932,0.0,2.932,0
2018-06-04,2.945,2.945,2.945,2.945,0.0,2.945,0
2018-06-05,2.96,2.96,2.96,2.96,0.0,2.96,0
2018-06-06,2.955,2.955,2.955,2.955,0.0,2.955,0
2018-06-07,2.953,2.953,2.953,2.953,0.0,2.953,0
2018-06-08,2.954,2.954,2.954,2.954,0.0,2.954,0
2018-06-11,2.953,2.953,2.953,2.953,0.0,2.953,0
2018-06-12,2.984,2.984,2.984,2.984,0.0,2.984,0
2018-06-13,2.995,2.995,2.995,2.995,0.0,2.995,0
2018-06-14,3.011,3.011,3.011,3.011,0.0,3.011,0
2018-06-15,3.016,3.016,3.016,3.016,0.0,3.016,0
2018-06-18,3.052,3.052,3.052,3.052,0.0,3.052,0
2018-06-19,3.054,3.054,3.054,3.054,0.0,3.054,0
2018-06-20,3.053,3.053,3.053,3.053,0.0,3.053,0
2018-06-21,3.031,3.031,3.031,3.031,0.0,3.031,0
2018-06-22,3.033,3.033,3.033,3.033,0.0,3.033,0
2018-06-25,3.029,3.029,3.029,3.029,0.0,3.029,0
2018-06-26,3.026,3.026,3.026,3.026,0.0,3.026,0
2018-06-27,3.029,3.029,3.029,3.029,0.0,3.029,0
2018-06-28,3.008,3.008,3.008,3.008,0.0,3.008,0
2018-06-29,3.005,3.005,3.005,3.005,0.0,3.005,0
2018-07-02,2.996,2.996,2.996,2.996,0.0,2.996,0
2018-07-03,2.993,2.993,2.993,2.993,0.0,2.993,0
2018-07-05,2.995,2.995,2.995,2.995,0.0,2.995,0
2018-07-06,2.994,2.994,2.994,2.994,0.0,2.994,0
2018-07-09,2.985,2.985,2.985,2.985,0.0,2.985,0
2018-07-10,2.989,2.989,2.989,2.989,0.0,2.989,0
2018-07-11,2.967,2.967,2.967,2.967,0.0,2.967,0
2018-07-12,2.964,2.964,2.964,2.964,0.0,2.964,0
2018-07-13,2.959,2.959,2.959,2.959,0.0,2.959,0
2018-07-16,2.932,2.932,2.932,2.932,0.0,2.932,0
2018-07-17,2.917,2.917,2.917,2.917,0.0,2.917,0
2018-07-18,2.916,2.916,2.916,2.916,0.0,2.916,0
2018-07-19,2.91,2.91,2.91,2.91,0.0,2.91,0
2018-07-20,2.916,2.916,2.916,2.916,0.0,2.916,0
2018-07-23,2.925,2.925,2.925,2.925,0.0,2.925,0
2018-07-24,2.929,2.929,2.929,2.929,0.0,2.929,0
2018-07-25,2.961,2.961,2.961,2.961,0.0,2.961,0
2018-07-26,2.957,2.957,2.957,2.957,0.0,2.957,0
2018-07-27,2.977,2.977,2.977,2.977,0.0,2.977,0
2018-07-30,2.981,2.981,2.981,2.981,0.0,2.981,0
2018-07-31,2.984,2.984,2.984,2.984,0.0,2.984,0
2018-08-01,2.954,2.954,2.954,2.954,0.0,2.954,0
2018-08-02,2.958,2.958,2.958,2.958,0.0,2.958,0
2018-08-03,2.958,2.958,2.958,2.958,0.0,2.958,0
2018-08-06,2.948,2.948,2.948,2.948,0.0,2.948,0
2018-08-07,2.993,2.993,2.993,2.993,0.0,2.993,0
2018-08-08,3.006,3.006,3.006,3.006,0.0,3.006,0
2018-08-09,3.006,3.006,3.006,3.006,0.0,3.006,0
2018-08-10,3.003,3.003,3.003,3.003,0.0,3.003,0
2018-08-13,3.004,3.004,3.004,3.004,0.0,3.004,0
2018-08-14,3.003,3.003,3.003,3.003,0.0,3.003,0
2018-08-15,3.004,3.004,3.004,3.004,0.0,3.004,0
2018-08-16,2.994,2.994,2.994,2.994,0.0,2.994,0
2018-08-17,2.996,2.996,2.996,2.996,0.0,2.996,0
2018-08-20,2.995,2.995,2.995,2.995,0.0,2.995,0
2018-08-21,3.011,3.011,3.011,3.011,0.0,3.011,0
2018-08-22,2.998,2.998,2.998,2.998,0.0,2.998,0
2018-08-23,2.995,2.995,2.995,2.995,0.0,2.995,0
2018-08-24,2.984,2.984,2.984,2.984,0.0,2.984,0
2018-08-27,2.954,2.954,2.954,2.954,0.0,2.954,0
2018-08-28,2.93,2.93,2.93,2.93,0.0,2.93,0
2018-08-29,2.934,2.934,2.934,2.934,0.0,2.934,0
2018-08-30,2.915,2.915,2.915,2.915,0.0,2.915,0
2018-08-31,2.929,2.929,2.929,2.929,0.0,2.929,0
2018-09-04,2.916,2.916,2.916,2.916,0.0,2.916,0
2018-09-05,2.921,2.921,2.921,2.921,0.0,2.921,0
2018-09-06,2.94,2.94,2.94,2.94,0.0,2.94,0
2018-09-07,2.939,2.939,2.939,2.939,0.0,2.939,0
2018-09-10,2.942,2.942,2.942,2.942,0.0,2.942,0
2018-09-11,2.939,2.939,2.939,2.939,0.0,2.939,0
2018-09-12,2.949,2.949,2.949,2.949,0.0,2.949,0
2018-09-13,2.965,2.965,2.965,2.965,0.0,2.965,0
2018-09-14,2.971,2.971,2.971,2.971,0.0,2.971,0
2018-09-17,2.975,2.975,2.975,2.975,0.0,2.975,0
2018-09-18,2.985,2.985,2.985,2.985,0.0,2.985,0
2018-09-19,2.982,2.982,2.982,2.982,0.0,2.982,0
2018-09-20,2.986,2.986,2.986,2.986,0.0,2.986,0
2018-09-21,2.984,2.984,2.984,2.984,0.0,2.984,0
2018-09-24,2.982,2.982,2.982,2.982,0.0,2.982,0
2018-09-25,2.985,2.985,2.985,2.985,0.0,2.985,0
2018-09-26,2.994,2.994,2.994,2.994,0.0,2.994,0
2018-09-27,2.995,2.995,2.995,2.995,0.0,2.995,0
2018-09-28,2.996,2.996,2.996,2.996,0.0,2.996,0
2018-10-01,3.001,3.001,3.001,3.001,0.0,3.001,0
2018-10-02,2.999,2.999,2.999,2.999,0.0,2.999,0
2018-10-03,2.998,2.998,2.998,2.998,0.0,2.998,0
2018-10-04,2.999,2.999,2.999,2.999,0.0,2.999,0
2018-10-05,3.002,3.002,3.002,3.002,0.0,3.002,0
2018-10-08,3.007,3.007,3.007,3.007,0.0,3.007,0
2018-10-09,3.002,3.002,3.002,3.002,0.0,3.002,0
2018-10-10,2.998,2.998,2.998,2.998,0.0,2.998,0
2018-10-11,3.023,3.023,3.023,3.023,0.0,3.023,0
2018-10-12,3.043,3.043,3.043,3.043,0.0,3.043,0
2018-10-15,3.042,3.042,3.042,3.042,0.0,3.042,0
2018-10-16,3.062,3.062,3.062,3.062,0.0,3.062,0
2018-10-17,3.057,3.057,3.057,3.057,0.0,3.057,0
2018-10-18,3.056,3.056,3.056,3.056,0.0,3.056,0
2018-10-19,3.053,3.053,3.053,3.053,0.0,3.053,0
2018-10-22,3.054,3.054,3.054,3.054,0.0,3.054,0
2018-10-23,3.053,3.053,3.053,3.053,0.0,3.053,0
2018-10-24,3.05,3.05,3.05,3.05,0.0,3.05,0
2018-10-25,3.04,3.04,3.04,3.04,0.0,3.04,0
2018-10-26,3.042,3.042,3.042,3.042,0.0,3.042,0
2018-10-29,3.043,3.043,3.043,3.043,0.0,3.043,0
2018-10-30,3.061,3.061,3.061,3.061,0.0,3.061,0
2018-10-31,3.06,3.06,3.06,3.06,0.0,3.06,0
2018-11-01,3.067,3.067,3.067,3.067,0.0,3.067,0
2018-11-02,3.074,3.074,3.074,3.074,0.0,3.074,0
2018-11-05,3.088,3.088,3.088,3.088,0.0,3.088,0
2018-11-06,3.104,3.104,3.104,3.104,0.0,3.104,0
2018-11-07,3.102,3.102,3.102,3.102,0.0,3.102,0
2018-11-08,3.103,3.103,3.103,3.103,0.0,3.103,0
2018-11-09,3.106,3.106,3.106,3.106,0.0,3.106,0
2018-11-12,3.129,3.129,3.129,3.129,0.0,3.129,0
2018-11-13,3.108,3.108,3.108,3.108,0.0,3.108,0
2018-11-14,3.092,3.092,3.092,3.092,0.0,3.092,0
2018-11-15,3.107,3.107,3.107,3.107,0.0,3.107,0
2018-11-16,3.078,3.078,3.078,3.078,0.0,3.078,0
2018-11-19,3.065,3.065,3.065,3.065,0.0,3.065,0
2018-11-20,3.063,3.063,3.063,3.063,0.0,3.063,0
2018-11-21,3.061,3.061,3.061,3.061,0.0,3.061,0
2018-11-23,3.086,3.086,3.086,3.086,0.0,3.086,0
2018-11-26,3.079,3.079,3.079,3.079,0.0,3.079,0
2018-11-27,3.075,3.075,3.075,3.075,0.0,3.075,0
2018-11-28,3.076,3.076,3.076,3.076,0.0,3.076,0
2018-11-29,3.106,3.106,3.106,3.106,0.0,3.106,0
2018-11-30,3.162,3.162,3.162,3.162,0.0,3.162,0
2018-12-03,3.134,3.134,3.134,3.134,0.0,3.134,0
2018-12-04,3.12,3.12,3.12,3.12,0.0,3.12,0
2018-12-05,3.111,3.111,3.111,3.111,0.0,3.111,0
2018-12-06,3.122,3.122,3.122,3.122,0.0,3.122,0
2018-12-07,3.129,3.129,3.129,3.129,0.0,3.129,0
2018-12-10,3.13,3.13,3.13,3.13,0.0,3.13,0
2018-12-11,3.105,3.105,3.105,3.105,0.0,3.105,0
2018-12-12,3.107,3.107,3.107,3.107,0.0,3.107,0
2018-12-13,3.075,3.075,3.075,3.075,0.0,3.075,0
2018-12-14,3.085,3.085,3.085,3.085,0.0,3.085,0
2018-12-17,3.084,3.084,3.084,3.084,0.0,3.084,0
2018-12-18,3.079,3.079,3.079,3.079,0.0,3.079,0
2018-12-19,3.102,3.102,3.102,3.102,0.0,3.102,0
2018-12-20,3.117,3.117,3.117,3.117,0.0,3.117,0
2018-12-21,3.12,3.12,3.12,3.12,0.0,3.12,0
2018-12-24,3.119,3.119,3.119,3.119,0.0,3.119,0
2018-12-26,3.116,3.116,3.116,3.116,0.0,3.116,0
2018-12-27,3.114,3.114,3.114,3.114,0.0,3.114,0
2018-12-28,3.114,3.114,3.114,3.114,0.0,3.114,0
2018-12-31,3.123,3.123,3.123,3.123,0.0,3.123,0
2019-01-02,3.123,3.123,3.123,3.123,0.0,3.123,0
2019-01-03,3.112,3.112,3.112,3.112,0.0,3.112,0
2019-01-04,3.114,3.114,3.114,3.114,0.0,3.114,0
2019-01-07,3.116,3.116,3.116,3.116,0.0,3.116,0
2019-01-08,3.111,3.111,3.111,3.111,0.0,3.111,0
2019-01-09,3.114,3.114,3.114,3.114,0.0,3.114,0
2019-01-10,3.114,3.114,3.114,3.114,0.0,3.114,0
2019-01-11,3.121,3.121,3.121,3.121,0.0,3.121,0
2019-01-14,3.12,3.12,3.12,3.12,0.0,3.12,0
2019-01-15,3.112,3.112,3.112,3.112,0.0,3.112,0
2019-01-16,3.081,3.081,3.081,3.081,0.0,3.081,0
2019-01-17,3.081,3.081,3.081,3.081,0.0,3.081,0
2019-01-18,3.094,3.094,3.094,3.094,0.0,3.094,0
2019-01-22,3.107,3.107,3.107,3.107,0.0,3.107,0
2019-01-23,3.096,3.096,3.096,3.096,0.0,3.096,0
2019-01-24,3.075,3.075,3.075,3.075,0.0,3.075,0
2019-01-25,3.12,3.12,3.12,3.12,0.0,3.12,0
2019-01-28,3.104,3.104,3.104,3.104,0.0,3.104,0
2019-01-29,3.107,3.107,3.107,3.107,0.0,3.107,0
2019-01-30,3.109,3.109,3.109,3.109,0.0,3.109,0
2019-01-31,3.11,3.11,3.11,3.11,0.0,3.11,0
2019-02-01,3.111,3.111,3.111,3.111,0.0,3.111,0
2019-02-04,3.098,3.098,3.098,3.098,0.0,3.098,0
2019-02-05,3.15,3.15,3.15,3.15,0.0,3.15,0
2019-02-06,3.147,3.147,3.147,3.147,0.0,3.147,0
2019-02-07,3.143,3.143,3.143,3.143,0.0,3.143,0
2019-02-08,3.145,3.145,3.145,3.145,0.0,3.145,0
2019-02-11,3.15,3.15,3.15,3.15,0.0,3.15,0
2019-02-12,3.158,3.158,3.158,3.158,0.0,3.158,0
2019-02-13,3.156,3.156,3.156,3.156,0.0,3.156,0
2019-02-14,3.163,3.163,3.163,3.163,0.0,3.163,0
2019-02-15,3.143,3.143,3.143,3.143,0.0,3.143,0
2019-02-19,3.134,3.134,3.134,3.134,0.0,3.134,0
2019-02-20,3.146,3.146,3.146,3.146,0.0,3.146,0
2019-02-21,3.133,3.133,3.133,3.133,0.0,3.133,0
2019-02-22,3.13,3.13,3.13,3.13,0.0,3.13,0
2019-02-25,3.122,3.122,3.122,3.122,0.0,3.122,0
2019-02-26,3.104,3.104,3.104,3.104,0.0,3.104,0
2019-02-27,3.14,3.14,3.14,3.14,0.0,3.14,0
2019-02-28,3.151,3.151,3.151,3.151,0.0,3.151,0
2019-03-01,3.15,3.15,3.15,3.15,0.0,3.15,0
2019-03-04,3.146,3.146,3.146,3.146,0.0,3.146,0
2019-03-05,3.144,3.144,3.144,3.144,0.0,3.144,0
2019-03-06,3.147,3.147,3.147,3.147,0.0,3.147,0
2019-03-07,3.152,3.152,3.152,3.152,0.0,3.152,0
2019-03-08,3.152,3.152,3.152,3.152,0.0,3.152,0
2019-03-11,3.179,3.179,3.179,3.179,0.0,3.179,0
2019-03-12,3.194,3.194,3.194,3.194,0.0,3.194,0
2019-03-13,3.203,3.203,3.203,3.203,0.0,3.203,0
2019-03-14,3.211,3.211,3.211,3.211,0.0,3.211,0
2019-03-15,3.212,3.212,3.212,3.212,0.0,3.212,0
2019-03-18,3.211,3.211,3.211,3.211,0.0,3.211,0
2019-03-19,3.212,3.212,3.212,3.212,0.0,3.212,0
2019-03-20,3.21,3.21,3.21,3.21,0.0,3.21,0
2019-03-21,3.22,3.22,3.22,3.22,0.0,3.22,0
2019-03-22,3.21,3.21,3.21,3.21,0.0,3.21,0
2019-03-25,3.209,3.209,3.209,3.209,0.0,3.209,0
2019-03-26,3.211,3.211,3.211,3.211,0.0,3.211,0
2019-03-27,3.202,3.202,3.202,3.202,0.0,3.202,0
2019-03-28,3.205,3.205,3.205,3.205,0.0,3.205,0
2019-03-29,3.204,3.204,3.204,3.204,0.0,3.204,0
2019-04-01,3.203,3.203,3.203,3.203,0.0,3.203,0
2019-04-02,3.21,3.21,3.21,3.21,0.0,3.21,0
2019-04-03,3.22,3.22,3.22,3.22,0.0,3.22,0
2019-04-04,3.251,3.251,3.251,3.251,0.0,3.251,0
2019-04-05,3.219,3.219,3.219,3.219,0.0,3.219,0
2019-04-08,3.222,3.222,3.222,3.222,0.0,3.222,0
2019-04-09,3.229,3.229,3.229,3.229,0.0,3.229,0
2019-04-10,3.207,3.207,3.207,3.207,0.0,3.207,0
2019-04-11,3.205,3.205,3.205,3.205,0.0,3.205,0
2019-04-12,3.205,3.205,3.205,3.205,0.0,3.205,0
2019-04-15,3.205,3.205,3.205,3.205,0.0,3.205,0
2019-04-16,3.206,3.206,3.206,3.206,0.0,3.206,0
2019-04-17,3.196,3.196,3.196,3.196,0.0,3.196,0
2019-04-18,3.181,3.181,3.181,3.181,0.0,3.181,0
2019-04-22,3.169,3.169,3.169,3.169,0.0,3.169,0
2019-04-23,3.164,3.164,3.164,3.164,0.0,3.164,0
2019-04-24,3.174,3.174,3.174,3.174,0.0,3.174,0
2019-04-25,3.184,3.184,3.184,3.184,0.0,3.184,0
2019-04-26,3.181,3.181,3.181,3.181,0.0,3.181,0
2019-04-29,3.188,3.188,3.188,3.188,0.0,3.188,0
2019-04-30,3.193,3.193,3.193,3.193,0.0,3.193,0
2019-05-01,3.195,3.195,3.195,3.195,0.0,3.195,0
2019-05-02,3.192,3.192,3.192,3.192,0.0,3.192,0
2019-05-03,3.205,3.205,3.205,3.205,0.0,3.205,0
2019-05-06,3.208,3.208,3.208,3.208,0.0,3.208,0
2019-05-07,3.208,3.208,3.208,3.208,0.0,3.208,0
2019-05-08,3.202,3.202,3.202,3.202,0.0,3.202,0
2019-05-09,3.209,3.209,3.209,3.209,0.0,3.209,0
2019-05-10,3.2,3.2,3.2,3.2,0.0,3.2,0
2019-05-13,3.203,3.203,3.203,3.203,0.0,3.203,0
2019-05-14,3.214,3.214,3.214,3.214,0.0,3.214,0
2019-05-15,3.232,3.232,3.232,3.232,0.0,3.232,0
2019-05-16,3.228,3.228,3.228,3.228,0.0,3.228,0
2019-05-17,3.232,3.232,3.232,3.232,0.0,3.232,0
2019-05-20,3.237,3.237,3.237,3.237,0.0,3.237,0
2019-05-21,3.24,3.24,3.24,3.24,0.0,3.24,0
2019-05-22,3.177,3.177,3.177,3.177,0.0,3.177,0
2019-05-23,3.189,3.189,3.189,3.189,0.0,3.189,0
2019-05-24,3.199,3.199,3.199,3.199,0.0,3.199,0
2019-05-28,3.24,3.24,3.24,3.24,0.0,3.24,0
2019-05-29,3.221,3.221,3.221,3.221,0.0,3.221,0
2019-05-30,3.219,3.219,3.219,3.219,0.0,3.219,0
2019-05-31,3.217,3.217,3.217,3.217,0.0,3.217,0
2019-06-03,3.205,3.205,3.205,3.205,0.0,3.205,0
2019-06-04,3.198,3.198,3.198,3.198,0.0,3.198,0
2019-06-05,3.202,3.202,3.202,3.202,0.0,3.202,0
2019-06-06,3.212,3.212,3.212,3.212,0.0,3.212,0
2019-06-07,3.213,3.213,3.213,3.213,0.0,3.213,0
2019-06-10,3.202,3.202,3.202,3.202,0.0,3.202,0
2019-06-11,3.202,3.202,3.202,3.202,0.0,3.202,0
2019-06-12,3.199,3.199,3.199,3.199,0.0,3.199,0
2019-06-13,3.2,3.2,3.2,3.2,0.0,3.2,0
2019-06-14,3.205,3.205,3.205,3.205,0.0,3.205,0
2019-06-17,3.208,3.208,3.208,3.208,0.0,3.208,0
2019-06-18,3.191,3.191,3.191,3.191,0.0,3.191,0
2019-06-19,3.192,3.192,3.192,3.192,0.0,3.192,0
2019-06-20,3.196,3.196,3.196,3.196,0.0,3.196,0
2019-06-21,3.211,3.211,3.211,3.211,0.0,3.211,0
2019-06-24,3.211,3.211,3.211,3.211,0.0,3.211,0
2019-06-25,3.21,3.21,3.21,3.21,0.0,3.21,0
2019-06-26,3.202,3.202,3.202,3.202,0.0,3.202,0
2019-06-27,3.198,3.198,3.198,3.198,0.0,3.198,0
2019-06-28,3.17,3.17,3.17,3.17,0.0,3.17,0
2019-07-01,3.163,3.163,3.163,3.163,0.0,3.163,0
2019-07-02,3.172,3.172,3.172,3.172,0.0,3.172,0
2019-07-03,3.171,3.171,3.171,3.171,0.0,3.171,0
2019-07-05,3.197,3.197,3.197,3.197,0.0,3.197,0
2019-07-08,3.193,3.193,3.193,3.193,0.0,3.193,0
2019-07-09,3.232,3.232,3.232,3.232,0.0,3.232,0
2019-07-10,3.224,3.224,3.224,3.224,0.0,3.224,0
2019-07-11,3.232,3.232,3.232,3.232,0.0,3.232,0
2019-07-12,3.24,3.24,3.24,3.24,0.0,3.24,0
2019-07-15,3.245,3.245,3.245,3.245,0.0,3.245,0
2019-07-16,3.221,3.221,3.221,3.221,0.0,3.221,0
2019-07-17,3.218,3.218,3.218,3.218,0.0,3.218,0
2019-07-18,3.237,3.237,3.237,3.237,0.0,3.237,0
2019-07-19,3.23,3.23,3.23,3.23,0.0,3.23,0
2019-07-22,3.157,3.157,3.157,3.157,0.0,3.157,0
2019-07-23,3.195,3.195,3.195,3.195,0.0,3.195,0
2019-07-24,3.188,3.188,3.188,3.188,0.0,3.188,0
2019-07-25,3.189,3.189,3.189,3.189,0.0,3.189,0
2019-07-26,3.183,3.183,3.183,3.183,0.0,3.183,0
2019-07-29,3.172,3.172,3.172,3.172,0.0,3.172,0
2019-07-30,3.175,3.175,3.175,3.175,0.0,3.175,0
2019-07-31,3.181,3.181,3.181,3.181,0.0,3.181,0
2019-08-01,3.184,3.184,3.184,3.184,0.0,3.184,0
2019-08-02,3.171,3.171,3.171,3.171,0.0,3.171,0
2019-08-05,3.169,3.169,3.169,3.169,0.0,3.169,0
2019-08-06,3.17,3.17,3.17,3.17,0.0,3.17,0
2019-08-07,3.175,3.175,3.175,3.175,0.0,3.175,0
2019-08-08,3.144,3.144,3.144,3.144,0.0,3.144,0
2019-08-09,3.133,3.133,3.133,3.133,0.0,3.133,0
2019-08-12,3.092,3.092,3.092,3.092,0.0,3.092,0
2019-08-13,3.074,3.074,3.074,3.074,0.0,3.074,0
2019-08-14,3.018,3.018,3.018,3.018,0.0,3.018,0
2019-08-15,3.018,3.018,3.018,3.018,0.0,3.018,0
2019-08-16,3.001,3.001,3.001,3.001,0.0,3.001,0
2019-08-19,3.006,3.006,3.006,3.006,0.0,3.006,0
2019-08-20,3.009,3.009,3.009,3.009,0.0,3.009,0
2019-08-21,3.014,3.014,3.014,3.014,0.0,3.014,0
2019-08-22,3.018,3.018,3.018,3.018,0.0,3.018,0
2019-08-23,3.048,3.048,3.048,3.048,0.0,3.048,0
2019-08-26,3.037,3.037,3.037,3.037,0.0,3.037,0
2019-08-27,3.057,3.057,3.057,3.057,0.0,3.057,0
2019-08-28,3.076,3.076,3.076,3.076,0.0,3.076,0
2019-08-29,3.064,3.064,3.064,3.064,0.0,3.064,0
2019-08-30,3.005,3.005,3.005,3.005,0.0,3.005,0
2019-09-03,3.019,3.019,3.019,3.019,0.0,3.019,0
2019-09-04,2.98,2.98,2.98,2.98,0.0,2.98,0
2019-09-05,2.992,2.992,2.992,2.992,0.0,2.992,0
2019-09-06,2.979,2.979,2.979,2.979,0.0,2.979,0
2019-09-09,2.95,2.95,2.95,2.95,0.0,2.95,0
2019-09-10,2.954,2.954,2.954,2.954,0.0,2.954,0
2019-09-11,2.949,2.949,2.949,2.949,0.0,2.949,0
2019-09-12,2.954,2.954,2.954,2.954,0.0,2.954,0
2019-09-13,2.919,2.919,2.919,2.919,0.0,2.919,0
2019-09-16,2.949,2.949,2.949,2.949,0.0,2.949,0
2019-09-17,2.913,2.913,2.913,2.913,0.0,2.913,0
2019-09-18,2.926,2.926,2.926,2.926,0.0,2.926,0
2019-09-19,2.92,2.92,2.92,2.92,0.0,2.92,0
2019-09-20,2.931,2.931,2.931,2.931,0.0,2.931,0
2019-09-23,2.928,2.928,2.928,2.928,0.0,2.928,0
2019-09-24,2.919,2.919,2.919,2.919,0.0,2.919,0
2019-09-25,2.918,2.918,2.918,2.918,0.0,2.918,0
2019-09-26,2.919,2.919,2.919,2.919,0.0,2.919,0
2019-09-27,2.878,2.878,2.878,2.878,0.0,2.878,0
2019-09-30,2.94,2.94,2.94,2.94,0.0,2.94,0
2019-10-01,2.889,2.889,2.889,2.889,0.0,2.889,0
2019-10-02,2.917,2.917,2.917,2.917,0.0,2.917,0
2019-10-03,2.902,2.902,2.902,2.902,0.0,2.902,0
2019-10-04,2.892,2.892,2.892,2.892,0.0,2.892,0
2019-10-07,2.896,2.896,2.896,2.896,0.0,2.896,0
2019-10-08,2.872,2.872,2.872,2.872,0.0,2.872,0
2019-10-09,2.883,2.883,2.883,2.883,0.0,2.883,0
2019-10-10,2.884,2.884,2.884,2.884,0.0,2.884,0
2019-10-11,2.895,2.895,2.895,2.895,0.0,2.895,0
2019-10-14,2.91,2.91,2.91,2.91,0.0,2.91,0
2019-10-15,2.926,2.926,2.926,2.926,0.0,2.926,0
2019-10-16,2.928,2.928,2.928,2.928,0.0,2.928,0
2019-10-17,2.925,2.925,2.925,2.925,0.0,2.925,0
2019-10-18,2.92,2.92,2.92,2.92,0.0,2.92,0
2019-10-21,2.915,2.915,2.915,2.915,0.0,2.915,0
2019-10-22,2.919,2.919,2.919,2.919,0.0,2.919,0
2019-10-23,2.913,2.913,2.913,2.913,0.0,2.913,0
2019-10-24,2.917,2.917,2.917,2.917,0.0,2.917,0
2019-10-25,2.915,2.915,2.915,2.915,0.0,2.915,0
2019-10-28,2.924,2.924,2.924,2.924,0.0,2.924,0
2019-10-29,2.94,2.94,2.94,2.94,0.0,2.94,0
2019-10-30,2.947,2.947,2.947,2.947,0.0,2.947,0
2019-10-31,2.945,2.945,2.945,2.945,0.0,2.945,0
2019-11-01,2.954,2.954,2.954,2.954,0.0,2.954,0
2019-11-04,2.89,2.89,2.89,2.89,0.0,2.89,0
2019-11-05,2.869,2.869,2.869,2.869,0.0,2.869,0
2019-11-06,2.88,2.88,2.88,2.88,0.0,2.88,0
2019-11-07,2.827,2.827,2.827,2.827,0.0,2.827,0
2019-11-08,2.834,2.834,2.834,2.834,0.0,2.834,0
2019-11-11,2.825,2.825,2.825,2.825,0.0,2.825,0
2019-11-12,2.765,2.765,2.765,2.765,0.0,2.765,0
2019-11-13,2.766,2.766,2.766,2.766,0.0,2.766,0
2019-11-14,2.753,2.753,2.753,2.753,0.0,2.753,0
2019-11-15,2.759,2.759,2.759,2.759,0.0,2.759,0
2019-11-18,2.763,2.763,2.763,2.763,0.0,2.763,0
2019-11-19,2.775,2.775,2.775,2.775,0.0,2.775,0
2019-11-20,2.787,2.787,2.787,2.787,0.0,2.787,0
2019-11-21,2.794,2.794,2.794,2.794,0.0,2.794,0
2019-11-22,2.794,2.794,2.794,2.794,0.0,2.794,0
2019-11-25,2.776,2.776,2.776,2.776,0.0,2.776,0
2019-11-26,2.77,2.77,2.77,2.77,0.0,2.77,0
2019-11-27,2.774,2.774,2.774,2.774,0.0,2.774,0
2019-11-29,2.732,2.732,2.732,2.732,0.0,2.732,0
2019-12-02,2.758,2.758,2.758,2.758,0.0,2.758,0
2019-12-03,2.767,2.767,2.767,2.767,0.0,2.767,0
2019-12-04,2.766,2.766,2.766,2.766,0.0,2.766,0
2019-12-05,2.758,2.758,2.758,2.758,0.0,2.758,0
2019-12-06,2.713,2.713,2.713,2.713,0.0,2.713,0
2019-12-09,2.685,2.685,2.685,2.685,0.0,2.685,0
2019-12-10,2.694,2.694,2.694,2.694,0.0,2.694,0
2019-12-11,2.691,2.691,2.691,2.691,0.0,2.691,0
2019-12-12,2.696,2.696,2.696,2.696,0.0,2.696,0
2019-12-13,2.679,2.679,2.679,2.679,0.0,2.679,0
2019-12-16,2.693,2.693,2.693,2.693,0.0,2.693,0
2019-12-17,2.695,2.695,2.695,2.695,0.0,2.695,0
2019-12-18,2.619,2.619,2.619,2.619,0.0,2.619,0
2019-12-19,2.57,2.57,2.57,2.57,0.0,2.57,0
2019-12-20,2.561,2.561,2.561,2.561,0.0,2.561,0
2019-12-23,2.568,2.568,2.568,2.568,0.0,2.568,0
2019-12-24,2.566,2.566,2.566,2.566,0.0,2.566,0
2019-12-26,2.554,2.554,2.554,2.554,0.0,2.554,0
2019-12-27,2.552,2.552,2.552,2.552,0.0,2.552,0
2019-12-30,2.549,2.549,2.549,2.549,0.0,2.549,0
2019-12-31,2.558,2.558,2.558,2.558,0.0,2.558,0
2020-01-02,2.553,2.553,2.553,2.553,0.0,2.553,0
2020-01-03,2.553,2.553,2.553,2.553,0.0,2.553,0
2020-01-06,2.557,2.557,2.557,2.557,0.0,2.557,0
2020-01-07,2.572,2.572,2.572,2.572,0.0,2.572,0
2020-01-08,2.575,2.575,2.575,2.575,0.0,2.575,0
2020-01-09,2.586,2.586,2.586,2.586,0.0,2.586,0
2020-01-10,2.588,2.588,2.588,2.588,0.0,2.588,0
2020-01-13,2.588,2.588,2.588,2.588,0.0,2.588,0
2020-01-14,2.587,2.587,2.587,2.587,0.0,2.587,0
2020-01-15,2.586,2.586,2.586,2.586,0.0,2.586,0
2020-01-16,2.593,2.593,2.593,2.593,0.0,2.593,0
2020-01-17,2.603,2.603,2.603,2.603,0.0,2.603,0
2020-01-21,2.593,2.593,2.593,2.593,0.0,2.593,0
2020-01-22,2.605,2.605,2.605,2.605,0.0,2.605,0
2020-01-23,2.597,2.597,2.597,2.597,0.0,2.597,0
2020-01-24,2.609,2.609,2.609,2.609,0.0,2.609,0
2020-01-27,2.568,2.568,2.568,2.568,0.0,2.568,0
2020-01-28,2.578,2.578,2.578,2.578,0.0,2.578,0
2020-01-29,2.563,2.563,2.563,2.563,0.0,2.563,0
2020-01-30,2.534,2.534,2.534,2.534,0.0,2.534,0
2020-01-31,2.535,2.535,2.535,2.535,0.0,2.535,0
2020-02-03,2.53,2.53,2.53,2.53,0.0,2.53,0
2020-02-04,2.526,2.526,2.526,2.526,0.0,2.526,0
2020-02-05,2.493,2.493,2.493,2.493,0.0,2.493,0
2020-02-06,2.497,2.497,2.497,2.497,0.0,2.497,0
2020-02-07,2.515,2.515,2.515,2.515,0.0,2.515,0
2020-02-10,2.507,2.507,2.507,2.507,0.0,2.507,0
2020-02-11,2.466,2.466,2.466,2.466,0.0,2.466,0
2020-02-12,2.473,2.473,2.473,2.473,0.0,2.473,0
2020-02-13,2.463,2.463,2.463,2.463,0.0,2.463,0
2020-02-14,2.479,2.479,2.479,2.479,0.0,2.479,0
2020-02-18,2.452,2.452,2.452,2.452,0.0,2.452,0
2020-02-19,2.498,2.498,2.498,2.498,0.0,2.498,0
2020-02-20,2.498,2.498,2.498,2.498,0.0,2.498,0
2020-02-21,2.528,2.528,2.528,2.528,0.0,2.528,0
2020-02-24,2.534,2.534,2.534,2.534,0.0,2.534,0
2020-02-25,2.537,2.537,2.537,2.537,0.0,2.537,0
2020-02-26,2.56,2.56,2.56,2.56,0.0,2.56,0
2020-02-27,2.55,2.55,2.55,2.55,0.0,2.55,0
2020-02-28,2.568,2.568,2.568,2.568,0.0,2.568,0
2020-03-02,2.623,2.623,2.623,2.623,0.0,2.623,0
2020-03-03,2.619,2.619,2.619,2.619,0.0,2.619,0
2020-03-04,2.608,2.608,2.608,2.608,0.0,2.608,0
2020-03-05,2.583,2.583,2.583,2.583,0.0,2.583,0
2020-03-06,2.596,2.596,2.596,2.596,0.0,2.596,0
2020-03-09,2.633,2.633,2.633,2.633,0.0,2.633,0
2020-03-10,2.633,2.633,2.633,2.633,0.0,2.633,0
2020-03-11,2.595,2.595,2.595,2.595,0.0,2.595,0
2020-03-12,2.545,2.545,2.545,2.545,0.0,2.545,0
2020-03-13,2.54,2.54,2.54,2.54,0.0,2.54,0
2020-03-16,2.529,2.529,2.529,2.529,0.0,2.529,0
2020-03-17,2.558,2.558,2.558,2.558,0.0,2.558,0
2020-03-18,2.564,2.564,2.564,2.564,0.0,2.564,0
2020-03-19,2.577,2.577,2.577,2.577,0.0,2.577,0
2020-03-20,2.571,2.571,2.571,2.571,0.0,2.571,0
2020-03-23,2.566,2.566,2.566,2.566,0.0,2.566,0
2020-03-24,2.523,2.523,2.523,2.523,0.0,2.523,0
2020-03-25,2.518,2.518,2.518,2.518,0.0,2.518,0
2020-03-26,2.484,2.484,2.484,2.484,0.0,2.484,0
2020-03-27,2.506,2.506,2.506,2.506,0.0,2.506,0
2020-03-30,2.514,2.514,2.514,2.514,0.0,2.514,0
2020-03-31,2.502,2.502,2.502,2.502,0.0,2.502,0
2020-04-01,2.472,2.472,2.472,2.472,0.0,2.472,0
2020-04-02,2.458,2.458,2.458,2.458,0.0,2.458,0
2020-04-03,2.442,2.442,2.442,2.442,0.0,2.442,0
2020-04-06,2.458,2.458,2.458,2.458,0.0,2.458,0
2020-04-07,2.452,2.452,2.452,2.452,0.0,2.452,0
2020-04-08,2.469,2.469,2.469,2.469,0.0,2.469,0
2020-04-09,2.435,2.435,2.435,2.435,0.0,2.435,0
2020-04-13,2.481,2.481,2.481,2.481,0.0,2.481,0
2020-04-14,2.463,2.463,2.463,2.463,0.0,2.463,0
2020-04-15,2.432,2.432,2.432,2.432,0.0,2.432,0
2020-04-16,2.437,2.437,2.437,2.437,0.0,2.437,0
2020-04-17,2.438,2.438,2.438,2.438,0.0,2.438,0
2020-04-20,2.474,2.474,2.474,2.474,0.0,2.474,0
2020-04-21,2.457,2.457,2.457,2.457,0.0,2.457,0
2020-04-22,2.485,2.485,2.485,2.485,0.0,2.485,0
2020-04-23,2.439,2.439,2.439,2.439,0.0,2.439,0
2020-04-24,2.437,2.437,2.437,2.437,0.0,2.437,0
2020-04-27,2.463,2.463,2.463,2.463,0.0,2.463,0
2020-04-28,2.455,2.455,2.455,2.455,0.0,2.455,0
2020-04-29,2.45,2.45,2.45,2.45,0.0,2.45,0
2020-04-30,2.425,2.425,2.425,2.425,0.0,2.425,0
2020-05-01,2.408,2.408,2.408,2.408,0.0,2.408,0
2020-05-04,2.379,2.379,2.379,2.379,0.0,2.379,0
2020-05-05,2.366,2.366,2.366,2.366,0.0,2.366,0
2020-05-06,2.405,2.405,2.405,2.405,0.0,2.405,0
2020-05-07,2.352,2.352,2.352,2.352,0.0,2.352,0
2020-05-08,2.341,2.341,2.341,2.341,0.0,2.341,0
2020-05-11,2.317,2.317,2.317,2.317,0.0,2.317,0
2020-05-12,2.321,2.321,2.321,2.321,0.0,2.321,0
2020-05-13,2.326,2.326,2.27,2.27,13.0,2.326,1
2020-05-14,2.244,2.244,2.244,2.244,0.0,2.244,0
2020-05-15,2.305,2.305,2.305,2.305,0.0,2.305,0
2020-05-18,2.323,2.323,2.323,2.323,0.0,2.323,0
2020-05-19,2.32,2.32,2.32,2.32,0.0,2.32,0
2020-05-20,2.267,2.267,2.267,2.267,0.0,2.267,0
2020-05-21,2.258,2.258,2.258,2.258,0.0,2.258,0
2020-05-22,2.301,2.301,2.301,2.301,0.0,2.301,0
2020-05-26,2.281,2.281,2.281,2.281,0.0,2.281,0
2020-05-27,2.358,2.358,2.358,2.358,0.0,2.358,0
2020-05-28,2.35,2.35,2.35,2.35,0.0,2.35,0
2020-05-29,2.344,2.344,2.344,2.344,0.0,2.344,0
2020-06-01,2.326,2.326,2.326,2.326,0.0,2.326,0
2020-06-02,2.331,2.331,2.331,2.331,0.0,2.331,0
2020-06-03,2.318,2.318,2.318,2.318,0.0,2.318,0
2020-06-04,2.327,2.327,2.327,2.327,0.0,2.327,0
2020-06-05,2.321,2.321,2.321,2.321,0.0,2.321,0
2020-06-08,2.335,2.335,2.335,2.335,0.0,2.335,0
2020-06-09,2.357,2.357,2.357,2.357,0.0,2.357,0
2020-06-10,2.362,2.362,2.362,2.362,0.0,2.362,0
2020-06-11,2.357,2.357,2.357,2.357,0.0,2.357,0
2020-06-12,2.346,2.346,2.346,2.346,0.0,2.346,0
2020-06-15,2.373,2.373,2.373,2.373,0.0,2.373,0
2020-06-16,2.374,2.374,2.374,2.374,0.0,2.374,0
2020-06-17,2.369,2.369,2.369,2.369,0.0,2.369,0
2020-06-18,2.368,2.368,2.368,2.368,0.0,2.368,0
2020-06-19,2.351,2.351,2.351,2.351,0.0,2.351,0
2020-06-22,2.339,2.339,2.339,2.339,0.0,2.339,0
2020-06-23,2.338,2.338,2.338,2.338,0.0,2.338,0
2020-06-24,2.359,2.359,2.359,2.359,0.0,2.359,0
2020-06-25,2.392,2.392,2.392,2.392,0.0,2.392,0
2020-06-26,2.413,2.413,2.413,2.413,0.0,2.413,0
2020-06-29,2.411,2.411,2.411,2.411,0.0,2.411,0
2020-06-30,2.411,2.411,2.411,2.411,0.0,2.411,0
2020-07-01,2.424,2.424,2.424,2.424,0.0,2.424,0
2020-07-02,2.468,2.468,2.468,2.468,0.0,2.468,0
2020-07-06,2.447,2.447,2.447,2.447,0.0,2.447,0
2020-07-07,2.43,2.43,2.43,2.43,0.0,2.43,0
2020-07-08,2.458,2.458,2.458,2.458,0.0,2.458,0
2020-07-09,2.443,2.443,2.443,2.443,0.0,2.443,0
2020-07-10,2.425,2.425,2.425,2.425,0.0,2.425,0
2020-07-13,2.421,2.421,2.421,2.421,0.0,2.421,0
2020-07-14,2.42,2.42,2.42,2.42,0.0,2.42,0
2020-07-15,2.43,2.43,2.43,2.43,0.0,2.43,0
2020-07-16,2.423,2.423,2.423,2.423,0.0,2.423,0
2020-07-17,2.42,2.42,2.42,2.42,0.0,2.42,0
2020-07-20,2.411,2.411,2.411,2.411,0.0,2.411,0
2020-07-21,2.426,2.426,2.426,2.426,0.0,2.426,0
2020-07-22,2.435,2.435,2.435,2.435,0.0,2.435,0
2020-07-23,2.519,2.519,2.519,2.519,0.0,2.519,0
2020-07-24,2.513,2.513,2.513,2.513,0.0,2.513,0
2020-07-27,2.578,2.578,2.578,2.578,0.0,2.578,0
2020-07-28,2.575,2.575,2.575,2.575,0.0,2.575,0
2020-07-29,2.58,2.58,2.58,2.58,0.0,2.58,0
2020-07-30,2.592,2.592,2.592,2.592,0.0,2.592,0
2020-07-31,2.692,2.692,2.692,2.692,0.0,2.692,0
2020-08-03,2.69,2.69,2.69,2.69,0.0,2.69,0
2020-08-04,2.684,2.684,2.684,2.684,0.0,2.684,0
2020-08-05,2.702,2.702,2.702,2.702,0.0,2.702,0
2020-08-06,2.727,2.727,2.727,2.727,0.0,2.727,0
2020-08-07,2.789,2.789,2.789,2.789,0.0,2.789,0
2020-08-10,2.757,2.757,2.757,2.757,0.0,2.757,0
2020-08-11,2.672,2.672,2.672,2.672,0.0,2.672,0
2020-08-12,2.649,2.649,2.649,2.649,0.0,2.649,0
2020-08-13,2.669,2.669,2.669,2.669,0.0,2.669,0
2020-08-14,2.655,2.655,2.655,2.655,0.0,2.655,0
2020-08-17,2.655,2.655,2.655,2.655,0.0,2.655,0
2020-08-18,2.65,2.65,2.65,2.65,0.0,2.65,0
2020-08-19,2.645,2.645,2.645,2.645,0.0,2.645,0
2020-08-20,2.643,2.643,2.643,2.643,0.0,2.643,0
2020-08-21,2.638,2.638,2.638,2.638,0.0,2.638,0
2020-08-24,2.633,2.633,2.633,2.633,0.0,2.633,0
2020-08-25,2.626,2.626,2.626,2.626,0.0,2.626,0
2020-08-26,2.654,2.654,2.654,2.654,0.0,2.654,0
2020-08-27,2.663,2.663,2.663,2.663,0.0,2.663,0
2020-08-28,2.651,2.651,2.651,2.651,0.0,2.651,0
2020-08-31,2.625,2.625,2.625,2.625,0.0,2.625,0
2020-09-01,2.623,2.623,2.623,2.623,0.0,2.623,0
2020-09-02,2.617,2.617,2.617,2.617,0.0,2.617,0
2020-09-03,2.614,2.614,2.614,2.614,0.0,2.614,0
2020-09-04,2.54,2.54,2.54,2.54,0.0,2.54,0
2020-09-08,2.541,2.541,2.541,2.541,0.0,2.541,0
2020-09-09,2.527,2.527,2.527,2.527,0.0,2.527,0
2020-09-10,2.509,2.509,2.509,2.509,0.0,2.509,0
2020-09-11,2.486,2.486,2.486,2.486,0.0,2.486,0
2020-09-14,2.459,2.459,2.459,2.459,0.0,2.459,0
2020-09-15,2.466,2.466,2.466,2.466,0.0,2.466,0
2020-09-16,2.417,2.417,2.417,2.417,0.0,2.417,0
2020-09-17,2.405,2.405,2.405,2.405,0.0,2.405,0
2020-09-18,2.426,2.426,2.426,2.426,0.0,2.426,0
2020-09-21,2.397,2.397,2.397,2.397,0.0,2.397,0
2020-09-22,2.436,2.436,2.436,2.436,0.0,2.436,0
2020-09-23,2.476,2.476,2.476,2.476,0.0,2.476,0
2020-09-24,2.502,2.502,2.502,2.502,0.0,2.502,0
2020-09-25,2.521,2.521,2.521,2.521,0.0,2.521,0
2020-09-28,2.529,2.529,2.529,2.529,0.0,2.529,0
2020-09-29,2.5,2.5,2.5,2.5,0.0,2.5,0
2020-09-30,2.481,2.481,2.481,2.481,0.0,2.481,0
2020-10-01,2.461,2.461,2.461,2.461,0.0,2.461,0
2020-10-02,2.458,2.458,2.458,2.458,0.0,2.458,0
2020-10-05,2.436,2.436,2.436,2.436,0.0,2.436,0
2020-10-06,2.443,2.443,2.443,2.443,0.0,2.443,0
2020-10-07,2.466,2.466,2.466,2.466,0.0,2.466,0
2020-10-08,2.441,2.441,2.441,2.441,0.0,2.441,0
2020-10-09,2.471,2.471,2.471,2.471,0.0,2.471,0
2020-10-12,2.457,2.457,2.457,2.457,0.0,2.457,0
2020-10-13,2.437,2.437,2.437,2.437,0.0,2.437,0
2020-10-14,2.464,2.464,2.464,2.464,0.0,2.464,0
2020-10-15,2.45,2.45,2.45,2.45,0.0,2.45,0
2020-10-16,2.453,2.453,2.453,2.453,0.0,2.453,0
2020-10-19,2.496,2.496,2.496,2.496,0.0,2.496,0
2020-10-20,2.437,2.437,2.437,2.437,0.0,2.437,0
2020-10-21,2.458,2.458,2.458,2.458,0.0,2.458,0
2020-10-22,2.46,2.46,2.46,2.46,0.0,2.46,0
2020-10-23,2.487,2.487,2.487,2.487,0.0,2.487,0
2020-10-26,2.4,2.4,2.4,2.4,0.0,2.4,0
2020-10-27,2.434,2.434,2.434,2.434,0.0,2.434,0
2020-10-28,2.484,2.484,2.484,2.484,0.0,2.484,0
2020-10-29,2.496,2.496,2.496,2.496,0.0,2.496,0
2020-10-30,2.513,2.513,2.513,2.513,0.0,2.513,0
2020-11-02,2.448,2.448,2.448,2.448,0.0,2.448,0
2020-11-03,2.477,2.477,2.477,2.477,0.0,2.477,0
2020-11-04,2.474,2.474,2.474,2.474,0.0,2.474,0
2020-11-05,2.469,2.469,2.469,2.469,0.0,2.469,0
2020-11-06,2.459,2.459,2.459,2.459,0.0,2.459,0
2020-11-09,2.455,2.455,2.455,2.455,0.0,2.455,0
2020-11-10,2.465,2.465,2.465,2.465,0.0,2.465,0
2020-11-11,2.48,2.48,2.48,2.48,0.0,2.48,0
2020-11-12,2.477,2.477,2.477,2.477,0.0,2.477,0
2020-11-13,2.431,2.431,2.431,2.431,0.0,2.431,0
2020-11-16,2.428,2.428,2.428,2.428,0.0,2.428,0
2020-11-17,2.445,2.445,2.445,2.445,0.0,2.445,0
2020-11-18,2.469,2.469,2.469,2.469,0.0,2.469,0
2020-11-19,2.469,2.469,2.469,2.469,0.0,2.469,0
2020-11-20,2.462,2.462,2.462,2.462,0.0,2.462,0
2020-11-23,2.456,2.456,2.456,2.456,0.0,2.456,0
2020-11-24,2.458,2.458,2.458,2.458,0.0,2.458,0
2020-11-25,2.441,2.441,2.441,2.441,0.0,2.441,0
2020-11-27,2.437,2.437,2.437,2.437,0.0,2.437,0
2020-11-30,2.423,2.423,2.423,2.423,0.0,2.423,0
2020-12-01,2.485,2.485,2.485,2.485,0.0,2.485,0
2020-12-02,2.51,2.51,2.51,2.51,0.0,2.51,0
2020-12-03,2.482,2.482,2.482,2.482,0.0,2.482,0
2020-12-04,2.502,2.502,2.502,2.502,0.0,2.502,0
2020-12-07,2.473,2.473,2.473,2.473,0.0,2.473,0
2020-12-08,2.461,2.461,2.461,2.461,0.0,2.461,0
2020-12-09,2.471,2.471,2.471,2.471,0.0,2.471,0
2020-12-10,2.476,2.476,2.476,2.476,0.0,2.476,0
2020-12-11,2.495,2.495,2.495,2.495,0.0,2.495,0
2020-12-14,2.489,2.489,2.489,2.489,0.0,2.489,0
2020-12-15,2.474,2.474,2.474,2.474,0.0,2.474,0
2020-12-16,2.486,2.486,2.486,2.486,0.0,2.486,0
2020-12-17,2.474,2.474,2.474,2.474,0.0,2.474,0
2020-12-18,2.488,2.488,2.488,2.488,0.0,2.488,0
2020-12-21,2.459,2.459,2.459,2.459,0.0,2.459,0
2020-12-22,2.504,2.504,2.504,2.504,0.0,2.504,0
2020-12-23,2.499,2.499,2.499,2.499,0.0,2.499,0
2020-12-24,2.511,2.511,2.511,2.511,0.0,2.511,0
2020-12-28,2.43,2.43,2.43,2.43,0.0,2.43,0
2020-12-29,2.499,2.499,2.499,2.499,0.0,2.499,0
2020-12-30,2.47,2.47,2.47,2.47,0.0,2.47,0
2020-12-31,2.497,2.497,2.497,2.497,0.0,2.497,0
2021-01-04,2.505,2.505,2.505,2.505,0.0,2.505,0
2021-01-05,2.52,2.52,2.52,2.52,0.0,2.52,0
2021-01-06,2.553,2.553,2.553,2.553,0.0,2.553,0
2021-01-07,2.521,2.521,2.521,2.521,0.0,2.521,0
2021-01-08,2.505,2.505,2.505,2.505,0.0,2.505,0
2021-01-11,2.508,2.508,2.508,2.508,0.0,2.508,0
2021-01-12,2.515,2.515,2.515,2.515,0.0,2.515,0
2021-01-13,2.546,2.546,2.546,2.546,0.0,2.546,0
2021-01-14,2.494,2.494,2.494,2.494,0.0,2.494,0
2021-01-15,2.53,2.53,2.53,2.53,0.0,2.53,0
2021-01-19,2.556,2.556,2.556,2.556,0.0,2.556,0
2021-01-20,2.57,2.57,2.57,2.57,0.0,2.57,0
2021-01-21,2.582,2.582,2.582,2.582,0.0,2.582,0
2021-01-22,2.582,2.582,2.582,2.582,0.0,2.582,0
2021-01-25,2.539,2.539,2.539,2.539,0.0,2.539,0
2021-01-26,2.568,2.568,2.568,2.568,0.0,2.568,0
2021-01-27,2.583,2.583,2.583,2.583,0.0,2.583,0
2021-01-28,2.582,2.582,2.582,2.582,0.0,2.582,0
2021-01-29,2.566,2.566,2.566,2.566,0.0,2.566,0
2021-02-01,2.57,2.57,2.57,2.57,0.0,2.57,0
2021-02-02,2.566,2.566,2.566,2.566,0.0,2.566,0
2021-02-03,2.547,2.547,2.547,2.547,0.0,2.547,0
2021-02-04,2.523,2.523,2.523,2.523,0.0,2.523,0
2021-02-05,2.532,2.532,2.532,2.532,0.0,2.532,0
2021-02-08,2.552,2.552,2.552,2.552,0.0,2.552,0
2021-02-09,2.552,2.552,2.552,2.552,0.0,2.552,0
2021-02-10,2.557,2.557,2.557,2.557,0.0,2.557,0
2021-02-11,2.544,2.544,2.544,2.544,0.0,2.544,0
2021-02-12,2.538,2.538,2.538,2.538,0.0,2.538,0
2021-02-16,2.555,2.555,2.555,2.555,0.0,2.555,0
2021-02-17,2.55,2.55,2.55,2.55,0.0,2.55,0
2021-02-18,2.54,2.54,2.54,2.54,0.0,2.54,0
2021-02-19,2.536,2.536,2.536,2.536,0.0,2.536,0
2021-02-22,2.538,2.538,2.538,2.538,0.0,2.538,0
2021-02-23,2.543,2.543,2.543,2.543,0.0,2.543,0
2021-02-24,2.537,2.537,2.537,2.537,0.0,2.537,0
2021-02-25,2.486,2.486,2.486,2.486,0.0,2.486,0
2021-02-26,2.506,2.506,2.506,2.506,0.0,2.506,0
2021-03-01,2.524,2.524,2.524,2.524,0.0,2.524,0
2021-03-02,2.523,2.523,2.523,2.523,0.0,2.523,0
2021-03-03,2.498,2.498,2.498,2.498,0.0,2.498,0
2021-03-04,2.456,2.456,2.456,2.456,0.0,2.456,0
2021-03-05,2.462,2.462,2.462,2.462,0.0,2.462,0
2021-03-08,2.48,2.48,2.48,2.48,0.0,2.48,0
2021-03-09,2.487,2.487,2.487,2.487,0.0,2.487,0
2021-03-10,2.485,2.485,2.485,2.485,0.0,2.485,0
2021-03-11,2.482,2.482,2.482,2.482,0.0,2.482,0
2021-03-12,2.499,2.499,2.499,2.499,0.0,2.499,0
2021-03-15,2.472,2.472,2.472,2.472,0.0,2.472,0
2021-03-16,2.504,2.504,2.504,2.504,0.0,2.504,0
2021-03-17,2.485,2.485,2.485,2.485,0.0,2.485,0
2021-03-18,2.499,2.499,2.499,2.499,0.0,2.499,0
2021-03-19,2.505,2.505,2.505,2.505,0.0,2.505,0
2021-03-22,2.501,2.501,2.501,2.501,0.0,2.501,0
2021-03-23,2.515,2.515,2.515,2.515,0.0,2.515,0
2021-03-24,2.518,2.518,2.518,2.518,0.0,2.518,0
2021-03-25,2.518,2.518,2.518,2.518,0.0,2.518,0
2021-03-26,2.52,2.52,2.52,2.52,0.0,2.52,0
2021-03-29,2.564,2.564,2.564,2.564,0.0,2.564,0
2021-03-30,2.575,2.575,2.575,2.575,0.0,2.575,0
2021-03-31,2.571,2.571,2.571,2.571,0.0,2.571,0
2021-04-01,2.6,2.6,2.6,2.6,0.0,2.6,0
2021-04-05,2.587,2.587,2.587,2.587,0.0,2.587,0
2021-04-06,2.57,2.57,2.57,2.57,0.0,2.57,0
2021-04-07,2.573,2.573,2.573,2.573,0.0,2.573,0
2021-04-08,2.573,2.573,2.573,2.573,0.0,2.573,0
2021-04-09,2.607,2.607,2.607,2.607,0.0,2.607,0
2021-04-12,2.616,2.616,2.616,2.616,0.0,2.616,0
2021-04-13,2.599,2.599,2.599,2.599,0.0,2.599,0
2021-04-14,2.608,2.608,2.608,2.608,0.0,2.608,0
2021-04-15,2.602,2.602,2.602,2.602,0.0,2.602,0
2021-04-16,2.615,2.615,2.615,2.615,0.0,2.615,0
2021-04-19,2.609,2.609,2.609,2.609,0.0,2.609,0
2021-04-20,2.554,2.554,2.554,2.554,0.0,2.554,0
2021-04-21,2.539,2.539,2.539,2.539,0.0,2.539,0
2021-04-22,2.52,2.52,2.52,2.52,0.0,2.52,0
2021-04-23,2.528,2.528,2.528,2.528,0.0,2.528,0
2021-04-26,2.568,2.568,2.514,2.514,14.0,2.568,1
2021-04-27,2.493,2.493,2.493,2.493,0.0,2.493,0
2021-04-28,2.505,2.505,2.505,2.505,0.0,2.505,0
2021-04-29,2.507,2.507,2.507,2.507,0.0,2.507,0
2021-04-30,2.557,2.557,2.557,2.557,0.0,2.557,0
2021-05-03,2.56,2.56,2.56,2.56,0.0,2.56,0
2021-05-04,2.569,2.569,2.569,2.569,0.0,2.569,0
2021-05-05,2.571,2.571,2.571,2.571,0.0,2.571,0
2021-05-06,2.561,2.561,2.561,2.561,0.0,2.561,0
2021-05-07,2.568,2.568,2.568,2.568,0.0,2.568,0
2021-05-10,2.571,2.571,2.571,2.571,0.0,2.571,0
2021-05-11,2.568,2.568,2.568,2.568,0.0,2.568,0
2021-05-12,2.567,2.567,2.567,2.567,0.0,2.567,0
2021-05-13,2.557,2.557,2.557,2.557,0.0,2.557,0
2021-05-14,2.553,2.553,2.553,2.553,0.0,2.553,0
2021-05-17,2.557,2.557,2.557,2.557,0.0,2.557,0
2021-05-18,2.526,2.526,2.526,2.526,0.0,2.526,0
2021-05-19,2.53,2.53,2.53,2.53,0.0,2.53,0
2021-05-20,2.535,2.535,2.535,2.535,0.0,2.535,0
2021-05-21,2.547,2.547,2.547,2.547,0.0,2.547,0
2021-05-24,2.541,2.541,2.541,2.541,0.0,2.541,0
2021-05-25,2.552,2.552,2.552,2.552,0.0,2.552,0
2021-05-26,2.521,2.521,2.521,2.521,0.0,2.521,0
2021-05-27,2.518,2.518,2.518,2.518,0.0,2.518,0
2021-05-28,2.541,2.541,2.541,2.541,0.0,2.541,0
2021-06-01,2.523,2.523,2.523,2.523,0.0,2.523,0
2021-06-02,2.533,2.533,2.533,2.533,0.0,2.533,0
2021-06-03,2.515,2.515,2.515,2.515,0.0,2.515,0
2021-06-04,2.566,2.566,2.566,2.566,0.0,2.566,0
2021-06-07,2.537,2.537,2.537,2.537,0.0,2.537,0
2021-06-08,2.543,2.543,2.543,2.543,0.0,2.543,0
2021-06-09,2.55,2.55,2.55,2.55,0.0,2.55,0
2021-06-10,2.539,2.539,2.539,2.539,0.0,2.539,0
2021-06-11,2.538,2.538,2.538,2.538,0.0,2.538,0
2021-06-14,2.547,2.547,2.547,2.547,0.0,2.547,0
2021-06-15,2.532,2.532,2.532,2.532,0.0,2.532,0
2021-06-16,2.585,2.585,2.585,2.585,0.0,2.585,0
2021-06-17,2.59,2.59,2.59,2.59,0.0,2.59,0
2021-06-18,2.599,2.599,2.599,2.599,0.0,2.599,0
2021-06-21,2.596,2.596,2.596,2.596,0.0,2.596,0
2021-06-22,2.596,2.596,2.596,2.596,0.0,2.596,0
2021-06-23,2.597,2.597,2.597,2.597,0.0,2.597,0
2021-06-24,2.585,2.585,2.585,2.585,0.0,2.585,0
2021-06-25,2.646,2.646,2.646,2.646,0.0,2.646,0
2021-06-28,2.656,2.656,2.656,2.656,0.0,2.656,0
2021-06-29,2.684,2.684,2.684,2.684,0.0,2.684,0
2021-06-30,2.685,2.685,2.685,2.685,0.0,2.685,0
2021-07-01,2.673,2.673,2.673,2.673,0.0,2.673,0
2021-07-02,2.665,2.665,2.665,2.665,0.0,2.665,0
2021-07-06,2.657,2.657,2.657,2.657,0.0,2.657,0
2021-07-07,2.669,2.669,2.669,2.669,0.0,2.669,0
2021-07-08,2.681,2.681,2.681,2.681,0.0,2.681,0
2021-07-09,2.687,2.687,2.687,2.687,0.0,2.687,0
2021-07-12,2.692,2.692,2.692,2.692,0.0,2.692,0
2021-07-13,2.691,2.691,2.691,2.691,0.0,2.691,0
2021-07-14,2.684,2.684,2.684,2.684,0.0,2.684,0
2021-07-15,2.692,2.692,2.692,2.692,0.0,2.692,0
2021-07-16,2.708,2.708,2.708,2.708,0.0,2.708,0
2021-07-19,2.718,2.718,2.718,2.718,0.0,2.718,0
2021-07-20,2.72,2.72,2.72,2.72,0.0,2.72,0
2021-07-21,2.755,2.755,2.755,2.755,0.0,2.755,0
2021-07-22,2.757,2.757,2.757,2.757,0.0,2.757,0
2021-07-23,2.763,2.763,2.763,2.763,0.0,2.763,0
2021-07-26,2.771,2.771,2.771,2.771,0.0,2.771,0
2021-07-27,2.741,2.741,2.741,2.741,0.0,2.741,0
2021-07-28,2.733,2.733,2.733,2.733,0.0,2.733,0
2021-07-29,2.708,2.708,2.708,2.708,0.0,2.708,0
2021-07-30,2.733,2.733,2.733,2.733,0.0,2.733,0
2021-08-02,2.747,2.747,2.747,2.747,0.0,2.747,0
2021-08-03,2.739,2.739,2.739,2.739,0.0,2.739,0
2021-08-04,2.749,2.749,2.749,2.749,0.0,2.749,0
2021-08-05,2.714,2.714,2.714,2.714,0.0,2.714,0
2021-08-06,2.723,2.723,2.723,2.723,0.0,2.723,0
2021-08-09,2.739,2.739,2.739,2.739,0.0,2.739,0
2021-08-10,2.736,2.736,2.736,2.736,0.0,2.736,0
2021-08-11,2.751,2.751,2.751,2.751,0.0,2.751,0
2021-08-12,2.832,2.832,2.832,2.832,0.0,2.832,0
2021-08-13,2.799,2.799,2.799,2.799,0.0,2.799,0
2021-08-16,2.811,2.811,2.811,2.811,0.0,2.811,0
2021-08-17,2.824,2.824,2.824,2.824,0.0,2.824,0
2021-08-18,2.822,2.822,2.822,2.822,0.0,2.822,0
2021-08-19,2.833,2.833,2.833,2.833,0.0,2.833,0
2021-08-20,2.832,2.832,2.832,2.832,0.0,2.832,0
2021-08-23,2.834,2.834,2.834,2.834,0.0,2.834,0
2021-08-24,2.83,2.83,2.83,2.83,0.0,2.83,0
2021-08-25,2.847,2.847,2.847,2.847,0.0,2.847,0
2021-08-26,2.898,2.898,2.898,2.898,0.0,2.898,0
2021-08-27,2.9,2.9,2.9,2.9,0.0,2.9,0
2021-08-30,2.903,2.903,2.903,2.903,0.0,2.903,0
2021-08-31,2.892,2.892,2.892,2.892,0.0,2.892,0
2021-09-01,2.901,2.901,2.901,2.901,0.0,2.901,0
2021-09-02,2.901,2.901,2.901,2.901,0.0,2.901,0
2021-09-03,2.962,2.962,2.962,2.962,0.0,2.962,0
2021-09-07,3.012,3.012,3.012,3.012,0.0,3.012,0
2021-09-08,3.064,3.064,3.064,3.064,0.0,3.064,0
2021-09-09,3.189,3.189,3.189,3.189,0.0,3.189,0
2021-09-10,3.171,3.171,3.171,3.171,0.0,3.171,0
2021-09-13,3.186,3.186,3.186,3.186,0.0,3.186,0
2021-09-14,3.159,3.159,3.159,3.159,0.0,3.159,0
2021-09-15,3.148,3.148,3.148,3.148,0.0,3.148,0
2021-09-16,3.151,3.151,3.151,3.151,0.0,3.151,0
2021-09-17,3.144,3.144,3.144,3.144,0.0,3.144,0
2021-09-20,3.18,3.18,3.18,3.18,0.0,3.18,0
2021-09-21,3.197,3.197,3.197,3.197,0.0,3.197,0
2021-09-22,3.214,3.214,3.214,3.214,0.0,3.214,0
2021-09-23,3.221,3.221,3.221,3.221,0.0,3.221,0
2021-09-24,3.112,3.112,3.112,3.112,0.0,3.112,0
2021-09-27,3.065,3.065,3.065,3.065,0.0,3.065,0
2021-09-28,2.988,2.988,2.988,2.988,0.0,2.988,0
2021-09-29,2.954,2.954,2.954,2.954,0.0,2.954,0
2021-09-30,2.961,2.961,2.961,2.961,0.0,2.961,0
2021-10-01,2.951,2.951,2.951,2.951,0.0,2.951,0
2021-10-04,2.96,2.96,2.96,2.96,0.0,2.96,0
2021-10-05,2.975,2.975,2.975,2.975,0.0,2.975,0
2021-10-06,3.013,3.013,3.013,3.013,0.0,3.013,0
2021-10-07,3.013,3.013,3.013,3.013,0.0,3.013,0
2021-10-08,3.054,3.054,3.054,3.054,0.0,3.054,0
2021-10-11,3.04,3.04,3.04,3.04,0.0,3.04,0
2021-10-12,3.042,3.042,3.042,3.042,0.0,3.042,0
2021-10-13,3.047,3.047,3.047,3.047,0.0,3.047,0
2021-10-14,3.082,3.082,3.082,3.082,0.0,3.082,0
2021-10-15,3.093,3.093,3.093,3.093,0.0,3.093,0
2021-10-18,3.099,3.099,3.099,3.099,0.0,3.099,0
2021-10-19,3.096,3.096,3.096,3.096,0.0,3.096,0
2021-10-20,3.099,3.099,3.099,3.099,0.0,3.099,0
2021-10-21,3.095,3.095,3.095,3.095,0.0,3.095,0
2021-10-22,3.1,3.1,3.1,3.1,0.0,3.1,0
2021-10-25,3.143,3.143,3.143,3.143,0.0,3.143,0
2021-10-26,3.121,3.121,3.121,3.121,0.0,3.121,0
2021-10-27,3.058,3.058,3.058,3.058,0.0,3.058,0
2021-10-28,3.064,3.064,3.064,3.064,0.0,3.064,0
2021-10-29,3.015,3.015,3.015,3.015,0.0,3.015,0
2021-11-01,2.91,2.91,2.91,2.91,0.0,2.91,0
2021-11-02,2.971,2.971,2.971,2.971,0.0,2.971,0
2021-11-03,2.965,2.965,2.965,2.965,0.0,2.965,0
2021-11-04,2.989,2.989,2.989,2.989,0.0,2.989,0
2021-11-05,3.029,3.029,3.029,3.029,0.0,3.029,0
2021-11-08,3.132,3.132,3.132,3.132,0.0,3.132,0
2021-11-09,3.128,3.128,3.128,3.128,0.0,3.128,0
2021-11-10,3.154,3.154,3.154,3.154,0.0,3.154,0
2021-11-11,3.171,3.171,3.171,3.171,0.0,3.171,0
2021-11-12,3.092,3.092,3.092,3.092,0.0,3.092,0
2021-11-15,3.105,3.105,3.105,3.105,0.0,3.105,0
2021-11-16,3.176,3.176,3.176,3.176,0.0,3.176,0
2021-11-17,3.107,3.107,3.107,3.107,0.0,3.107,0
2021-11-18,3.095,3.095,3.095,3.095,0.0,3.095,0
2021-11-19,3.059,3.059,3.059,3.059,0.0,3.059,0
2021-11-22,3.041,3.041,3.041,3.041,0.0,3.041,0
2021-11-23,3.088,3.088,3.088,3.088,0.0,3.088,0
2021-11-24,3.086,3.086,3.086,3.086,0.0,3.086,0
2021-11-26,3.125,3.125,3.125,3.125,0.0,3.125,0
2021-11-29,3.117,3.117,3.117,3.117,0.0,3.117,0
2021-11-30,3.09,3.09,3.09,3.09,0.0,3.09,0
2021-12-01,3.098,3.098,3.098,3.098,0.0,3.098,0
2021-12-02,3.102,3.102,3.102,3.102,0.0,3.102,0
2021-12-03,3.112,3.112,3.112,3.112,0.0,3.112,0
2021-12-06,3.084,3.084,3.084,3.084,0.0,3.084,0
2021-12-07,3.088,3.088,3.088,3.088,0.0,3.088,0
2021-12-08,2.982,2.982,2.982,2.982,0.0,2.982,0
2021-12-09,2.976,2.976,2.976,2.976,0.0,2.976,0
2021-12-10,3.003,3.003,3.003,3.003,0.0,3.003,0
2021-12-13,2.907,2.907,2.907,2.907,0.0,2.907,0
2021-12-14,2.945,2.945,2.945,2.945,0.0,2.945,0
2021-12-15,3.005,3.005,3.005,3.005,0.0,3.005,0
2021-12-16,2.985,2.985,2.985,2.985,0.0,2.985,0
2021-12-17,2.998,2.998,2.998,2.998,0.0,2.998,0
2021-12-20,3.013,3.013,3.013,3.013,0.0,3.013,0
2021-12-21,2.997,2.997,2.997,2.997,0.0,2.997,0
2021-12-22,2.998,2.998,2.998,2.998,0.0,2.998,0
2021-12-23,2.961,2.961,2.961,2.961,0.0,2.961,0
2021-12-27,2.947,2.947,2.947,2.947,0.0,2.947,0
2021-12-28,2.97,2.97,2.97,2.97,0.0,2.97,0
2021-12-29,2.982,2.982,2.982,2.982,0.0,2.982,0
2021-12-30,2.97,2.97,2.97,2.97,0.0,2.97,0
2021-12-31,3.031,3.031,3.031,3.031,0.0,3.031,0
2022-01-03,3.013,3.013,3.013,3.013,0.0,3.013,0
2022-01-04,3.012,3.012,3.012,3.012,0.0,3.012,0
2022-01-05,3.006,3.006,3.006,3.006,0.0,3.006,0
2022-01-06,3.02,3.02,3.02,3.02,0.0,3.02,0
2022-01-07,3.053,3.053,3.053,3.053,0.0,3.053,0
2022-01-10,3.058,3.058,3.058,3.058,0.0,3.058,0
2022-01-11,3.047,3.047,3.047,3.047,0.0,3.047,0
2022-01-12,3.022,3.022,3.022,3.022,0.0,3.022,0
2022-01-13,3.025,3.025,3.025,3.025,0.0,3.025,0
2022-01-14,3.001,3.001,3.001,3.001,0.0,3.001,0
2022-01-18,3.02,3.02,3.02,3.02,0.0,3.02,0
2022-01-19,3.067,3.067,3.067,3.067,0.0,3.067,0
2022-01-20,3.07,3.07,3.07,3.07,0.0,3.07,0
2022-01-21,3.058,3.058,3.058,3.058,0.0,3.058,0
2022-01-24,3.047,3.047,3.047,3.047,0.0,3.047,0
2022-01-25,3.067,3.067,3.067,3.067,0.0,3.067,0
2022-01-26,3.068,3.068,3.068,3.068,0.0,3.068,0
2022-01-27,3.053,3.053,3.053,3.053,0.0,3.053,0
2022-01-28,3.046,3.046,3.046,3.046,0.0,3.046,0
2022-01-31,3.045,3.045,3.045,3.045,0.0,3.045,0
2022-02-01,3.03,3.03,3.03,3.03,0.0,3.03,0
2022-02-02,3.049,3.049,3.049,3.049,0.0,3.049,0
2022-02-03,3.04,3.04,3.04,3.04,0.0,3.04,0
2022-02-04,3.07,3.07,3.07,3.07,0.0,3.07,0
2022-02-07,3.086,3.086,3.086,3.086,0.0,3.086,0
2022-02-08,3.078,3.078,3.078,3.078,0.0,3.078,0
2022-02-09,3.073,3.073,3.073,3.073,0.0,3.073,0
2022-02-10,3.08,3.08,3.08,3.08,0.0,3.08,0
2022-02-11,3.12,3.12,3.12,3.12,0.0,3.12,0
2022-02-14,3.161,3.161,3.161,3.161,0.0,3.161,0
2022-02-15,3.149,3.149,3.149,3.149,0.0,3.149,0
2022-02-16,3.178,3.178,3.178,3.178,0.0,3.178,0
2022-02-17,3.171,3.171,3.171,3.171,0.0,3.171,0
2022-02-18,3.171,3.171,3.171,3.171,0.0,3.171,0
2022-02-22,3.216,3.216,3.216,3.216,0.0,3.216,0
2022-02-23,3.302,3.302,3.302,3.302,0.0,3.302,0
2022-02-24,3.345,3.345,3.345,3.345,0.0,3.345,0
2022-02-25,3.262,3.262,3.262,3.262,0.0,3.262,0
2022-02-28,3.339,3.339,3.339,3.339,0.0,3.339,0
2022-03-01,3.41,3.41,3.41,3.41,0.0,3.41,0
2022-03-02,3.477,3.477,3.477,3.477,0.0,3.477,0
2022-03-03,3.42,3.42,3.42,3.42,0.0,3.42,0
2022-03-04,3.473,3.473,3.473,3.473,0.0,3.473,0
2022-03-07,3.554,3.554,3.554,3.554,0.0,3.554,0
2022-03-08,3.611,3.611,3.611,3.611,0.0,3.611,0
2022-03-09,3.59,3.59,3.59,3.59,0.0,3.59,0
2022-03-10,3.506,3.506,3.506,3.506,0.0,3.506,0
2022-03-11,3.487,3.487,3.487,3.487,0.0,3.487,0
2022-03-14,3.53,3.53,3.53,3.53,0.0,3.53,0
2022-03-15,3.512,3.512,3.512,3.512,0.0,3.512,0
2022-03-16,3.523,3.523,3.523,3.523,0.0,3.523,0
2022-03-17,3.54,3.54,3.54,3.54,0.0,3.54,0
2022-03-18,3.492,3.492,3.492,3.492,0.0,3.492,0
2022-03-21,3.478,3.478,3.478,3.478,0.0,3.478,0
2022-03-22,3.489,3.489,3.489,3.489,0.0,3.489,0
2022-03-23,3.5,3.5,3.5,3.5,0.0,3.5,0
2022-03-24,3.526,3.526,3.526,3.526,0.0,3.526,0
2022-03-25,3.572,3.572,3.572,3.572,0.0,3.572,0
2022-03-28,3.664,3.664,3.664,3.664,0.0,3.664,0
2022-03-29,3.678,3.678,3.678,3.678,0.0,3.678,0
2022-03-30,3.791,3.791,3.791,3.791,0.0,3.791,0
2022-03-31,3.884,3.884,3.884,3.884,0.0,3.884,0
2022-04-01,3.941,3.941,3.941,3.941,0.0,3.941,0
2022-04-04,4.008,4.008,4.008,4.008,0.0,4.008,0
2022-04-05,4.026,4.026,4.026,4.026,0.0,4.026,0
2022-04-06,4.053,4.053,4.053,4.053,0.0,4.053,0
2022-04-07,4.08,4.08,4.08,4.08,0.0,4.08,0
2022-04-08,4.053,4.053,4.053,4.053,0.0,4.053,0
2022-04-11,4.102,4.102,4.102,4.102,0.0,4.102,0
2022-04-12,4.124,4.124,4.124,4.124,0.0,4.124,0
2022-04-13,4.162,4.162,4.162,4.162,0.0,4.162,0
2022-04-14,4.164,4.164,4.164,4.164,0.0,4.164,0
2022-04-18,4.179,4.179,4.179,4.179,0.0,4.179,0
2022-04-19,4.157,4.157,4.157,4.157,0.0,4.157,0
2022-04-20,4.148,4.148,4.148,4.148,0.0,4.148,0
2022-04-21,4.071,4.071,4.071,4.071,0.0,4.071,0
2022-04-22,3.898,3.898,3.898,3.898,0.0,3.898,0
2022-04-25,3.913,3.913,3.913,3.913,0.0,3.913,0
2022-04-26,3.978,3.978,3.978,3.978,0.0,3.978,0
2022-04-27,4.037,4.037,4.037,4.037,0.0,4.037,0
2022-04-28,4.048,4.048,4.048,4.048,0.0,4.048,0
2022-04-29,4.041,4.041,4.041,4.041,0.0,4.041,0
2022-05-02,4.029,4.029,4.029,4.029,0.0,4.029,0
2022-05-03,4.082,4.082,4.082,4.082,0.0,4.082,0
2022-05-04,4.132,4.132,4.132,4.132,0.0,4.132,0
2022-05-05,4.165,4.165,4.165,4.165,0.0,4.165,0
2022-05-06,4.131,4.131,4.131,4.131,0.0,4.131,0
2022-05-09,4.054,4.054,4.054,4.054,0.0,4.054,0
2022-05-10,4.092,4.092,4.092,4.092,0.0,4.092,0
2022-05-11,4.151,4.151,4.151,4.151,0.0,4.151,0
2022-05-12,4.161,4.161,4.161,4.161,0.0,4.161,0
2022-05-13,4.235,4.235,4.235,4.235,0.0,4.235,0
2022-05-16,4.265,4.265,4.265,4.265,0.0,4.265,0
2022-05-17,4.262,4.262,4.262,4.262,0.0,4.262,0
2022-05-18,4.277,4.277,4.277,4.277,0.0,4.277,0
2022-05-19,4.216,4.216,4.216,4.216,0.0,4.216,0
2022-05-20,4.225,4.225,4.225,4.225,0.0,4.225,0
2022-05-23,4.266,4.266,4.266,4.266,0.0,4.266,0
2022-05-24,4.245,4.245,4.245,4.245,0.0,4.245,0
2022-05-25,4.276,4.276,4.276,4.276,0.0,4.276,0
2022-05-26,4.305,4.305,4.305,4.305,0.0,4.305,0
2022-05-27,4.329,4.329,4.329,4.329,0.0,4.329,0
2022-05-31,4.26,4.26,4.26,4.26,0.0,4.26,0
2022-06-01,4.367,4.367,4.367,4.367,0.0,4.367,0
2022-06-02,4.352,4.352,4.352,4.352,0.0,4.352,0
2022-06-03,4.399,4.399,4.399,4.399,0.0,4.399,0
2022-06-06,4.383,4.383,4.383,4.383,0.0,4.383,0
2022-06-07,4.458,4.458,4.458,4.458,0.0,4.458,0
2022-06-08,4.513,4.513,4.513,4.513,0.0,4.513,0
2022-06-09,4.599,4.599,4.599,4.599,0.0,4.599,0
2022-06-10,4.634,4.634,4.634,4.634,0.0,4.634,0
2022-06-13,4.577,4.577,4.577,4.577,0.0,4.577,0
2022-06-14,4.499,4.499,4.499,4.499,0.0,4.499,0
2022-06-15,4.56,4.56,4.56,4.56,0.0,4.56,0
2022-06-16,4.574,4.574,4.574,4.574,0.0,4.574,0
2022-06-17,4.471,4.471,4.471,4.471,0.0,4.471,0
2022-06-21,4.458,4.458,4.458,4.458,0.0,4.458,0
2022-06-22,4.513,4.513,4.513,4.513,0.0,4.513,0
2022-06-23,4.507,4.507,4.507,4.507,0.0,4.507,0
2022-06-24,4.283,4.283,4.283,4.283,0.0,4.283,0
2022-06-27,4.325,4.325,4.325,4.325,0.0,4.325,0
2022-06-28,4.295,4.295,4.295,4.295,0.0,4.295,0
2022-06-29,4.245,4.245,4.245,4.245,0.0,4.245,0
2022-06-30,3.99,3.99,3.99,3.99,0.0,3.99,0
2022-07-01,4.078,4.078,4.078,4.078,0.0,4.078,0
2022-07-04,4.078,4.078,4.078,4.078,0.0,4.078,0
2022-07-05,3.928,3.928,3.928,3.928,0.0,3.928,0
2022-07-06,4.02,4.02,4.02,4.02,0.0,4.02,0
2022-07-07,4.108,4.108,4.108,4.108,0.0,4.108,0
2022-07-08,4.107,4.107,4.107,4.107,0.0,4.107,0
2022-07-11,4.141,4.141,4.141,4.141,0.0,4.141,0
2022-07-12,4.043,4.043,4.043,4.043,0.0,4.043,0
2022-07-13,4.105,4.105,4.105,4.105,0.0,4.105,0
2022-07-14,4.031,4.031,4.031,4.031,0.0,4.031,0
2022-07-15,4.105,4.105,4.105,4.105,0.0,4.105,0
2022-07-18,4.045,4.045,4.045,4.045,0.0,4.045,0
2022-07-19,4.072,4.072,4.072,4.072,0.0,4.072,0
2022-07-20,4.215,4.215,4.215,4.215,0.0,4.215,0
2022-07-21,4.12,4.12,4.12,4.12,0.0,4.12,0
2022-07-22,4.124,4.124,4.124,4.124,0.0,4.124,0
2022-07-25,4.18,4.18,4.18,4.18,0.0,4.18,0
2022-07-26,4.207,4.207,4.207,4.207,0.0,4.207,0
2022-07-27,4.205,4.205,4.205,4.205,0.0,4.205,0
2022-07-28,4.181,4.181,4.181,4.181,0.0,4.181,0
2022-07-29,4.277,4.277,4.277,4.277,0.0,4.277,0
2022-08-01,4.26,4.26,4.26,4.26,0.0,4.26,0
2022-08-02,4.262,4.262,4.262,4.262,0.0,4.262,0
2022-08-03,4.294,4.294,4.294,4.294,0.0,4.294,0
2022-08-04,4.263,4.263,4.263,4.263,0.0,4.263,0
2022-08-05,4.259,4.259,4.259,4.259,0.0,4.259,0
2022-08-08,4.221,4.221,4.221,4.221,0.0,4.221,0
2022-08-09,4.258,4.258,4.258,4.258,0.0,4.258,0
2022-08-10,4.288,4.288,4.288,4.288,0.0,4.288,0
2022-08-11,4.383,4.383,4.383,4.383,0.0,4.383,0
2022-08-12,4.371,4.371,4.371,4.371,0.0,4.371,0
2022-08-15,4.464,4.464,4.464,4.464,0.0,4.464,0
2022-08-16,4.503,4.503,4.503,4.503,0.0,4.503,0
2022-08-17,4.486,4.486,4.486,4.486,0.0,4.486,0
2022-08-18,4.492,4.492,4.492,4.492,0.0,4.492,0
2022-08-19,4.508,4.508,4.508,4.508,0.0,4.508,0
2022-08-22,4.567,4.567,4.567,4.567,0.0,4.567,0
2022-08-23,4.574,4.574,4.574,4.574,0.0,4.574,0
2022-08-24,4.62,4.62,4.62,4.62,0.0,4.62,0
2022-08-25,4.682,4.682,4.682,4.682,0.0,4.682,0
2022-08-26,4.724,4.724,4.724,4.724,0.0,4.724,0
2022-08-29,4.793,4.793,4.793,4.793,0.0,4.793,0
2022-08-30,4.8,4.8,4.8,4.8,0.0,4.8,0
2022-08-31,4.815,4.815,4.815,4.815,0.0,4.815,0
2022-09-01,4.883,4.883,4.883,4.883,0.0,4.883,0
2022-09-02,4.982,4.982,4.982,4.982,0.0,4.982,0
2022-09-05,4.982,4.982,4.982,4.982,0.0,4.982,0
2022-09-06,4.981,4.981,4.981,4.981,0.0,4.981,0
2022-09-07,4.939,4.939,4.939,4.939,0.0,4.939,0
2022-09-08,4.892,4.892,4.892,4.892,0.0,4.892,0
2022-09-09,4.943,4.943,4.943,4.943,0.0,4.943,0
2022-09-12,4.888,4.888,4.888,4.888,0.0,4.888,0
2022-09-13,4.917,4.917,4.917,4.917,0.0,4.917,0
2022-09-14,4.976,4.976,4.976,4.976,0.0,4.976,0
2022-09-15,4.93,4.93,4.93,4.93,0.0,4.93,0
2022-09-16,4.825,4.825,4.825,4.825,0.0,4.825,0
2022-09-19,4.781,4.781,4.781,4.781,0.0,4.781,0
2022-09-20,4.712,4.712,4.712,4.712,0.0,4.712,0
2022-09-21,4.544,4.544,4.544,4.544,0.0,4.544,0
2022-09-22,4.392,4.392,4.392,4.392,0.0,4.392,0
2022-09-23,4.398,4.398,4.398,4.398,0.0,4.398,0
2022-09-26,4.317,4.317,4.317,4.317,0.0,4.317,0
2022-09-27,4.254,4.254,4.254,4.254,0.0,4.254,0
2022-09-28,4.19,4.19,4.19,4.19,0.0,4.19,0
2022-09-29,4.175,4.175,4.175,4.175,0.0,4.175,0
2022-09-30,4.181,4.181,4.181,4.181,0.0,4.181,0
2022-10-03,4.07,4.07,4.07,4.07,0.0,4.07,0
2022-10-04,4.12,4.12,4.12,4.12,0.0,4.12,0
2022-10-05,4.117,4.117,4.117,4.117,0.0,4.117,0
2022-10-06,4.144,4.144,4.144,4.144,0.0,4.144,0
2022-10-07,4.144,4.144,4.144,4.144,0.0,4.144,0
2022-10-10,4.166,4.166,4.166,4.166,0.0,4.166,0
2022-10-11,4.204,4.204,4.204,4.204,0.0,4.204,0
2022-10-12,4.183,4.183,4.183,4.183,0.0,4.183,0
2022-10-13,4.176,4.176,4.176,4.176,0.0,4.176,0
2022-10-14,4.199,4.199,4.199,4.199,0.0,4.199,0
2022-10-17,4.172,4.172,4.172,4.172,0.0,4.172,0
2022-10-18,4.137,4.137,4.137,4.137,0.0,4.137,0
2022-10-19,4.112,4.112,4.112,4.112,0.0,4.112,0
2022-10-20,4.232,4.232,4.232,4.232,0.0,4.232,0
2022-10-21,4.186,4.186,4.186,4.186,0.0,4.186,0
2022-10-24,4.187,4.187,4.187,4.187,0.0,4.187,0
2022-10-25,4.202,4.202,4.202,4.202,0.0,4.202,0
2022-10-26,4.219,4.219,4.219,4.219,1.0,4.219,1
2022-10-27,4.209,4.212,4.209,4.212,1.0,4.209,1
2022-10-28,4.207,4.207,4.203,4.203,1.0,4.207,1
2022-10-31,4.197,4.197,4.197,4.197,0.0,4.197,0
2022-11-01,4.162,4.162,4.162,4.162,0.0,4.162,0
2022-11-02,4.226,4.226,4.226,4.226,0.0,4.226,0
2022-11-03,4.271,4.271,4.271,4.271,0.0,4.271,0
2022-11-04,4.385,4.385,4.385,4.385,0.0,4.385,0
2022-11-07,4.409,4.409,4.409,4.409,0.0,4.409,0
2022-11-08,4.369,4.369,4.369,4.369,0.0,4.369,0
2022-11-09,4.383,4.383,4.383,4.383,0.0,4.383,0
2022-11-10,4.383,4.383,4.383,4.383,0.0,4.383,0
2022-11-11,4.356,4.356,4.356,4.356,0.0,4.356,0
2022-11-14,4.325,4.325,4.325,4.325,0.0,4.325,0
2022-11-15,4.361,4.361,4.361,4.361,0.0,4.361,0
2022-11-16,4.346,4.346,4.346,4.346,0.0,4.346,0
2022-11-17,4.334,4.334,4.334,4.334,0.0,4.334,0
2022-11-18,4.291,4.291,4.291,4.291,0.0,4.291,0
2022-11-21,4.246,4.246,4.246,4.246,0.0,4.246,0
2022-11-22,4.23,4.23,4.23,4.23,0.0,4.23,0
2022-11-23,4.239,4.239,4.239,4.239,0.0,4.239,0
2022-11-24,4.239,4.239,4.239,4.239,0.0,4.239,0
2022-11-25,4.233,4.233,4.233,4.233,0.0,4.233,0
2022-11-28,4.281,4.281,4.281,4.281,0.0,4.281,0
2022-11-29,4.279,4.279,4.279,4.279,0.0,4.279,0
2022-11-30,4.266,4.266,4.266,4.266,0.0,4.266,0
2022-12-01,4.246,4.246,4.246,4.246,0.0,4.246,0
2022-12-02,4.242,4.242,4.242,4.242,0.0,4.242,0
2022-12-05,4.25,4.25,4.25,4.25,0.0,4.25,0
2022-12-06,4.263,4.263,4.263,4.263,0.0,4.263,0
2022-12-07,4.268,4.268,4.268,4.268,0.0,4.268,0
2022-12-08,4.328,4.328,4.328,4.328,0.0,4.328,0
2022-12-09,4.332,4.332,4.332,4.332,0.0,4.332,0
2022-12-12,4.396,4.396,4.396,4.396,0.0,4.396,0
2022-12-13,4.384,4.384,4.384,4.384,0.0,4.384,0
2022-12-14,4.357,4.357,4.357,4.357,0.0,4.357,0
2022-12-15,4.398,4.398,4.398,4.398,0.0,4.398,0
2022-12-16,4.485,4.485,4.485,4.485,0.0,4.485,0
2022-12-19,4.469,4.469,4.469,4.469,0.0,4.469,0
2022-12-20,4.464,4.464,4.464,4.464,0.0,4.464,0
2022-12-21,4.376,4.376,4.376,4.376,0.0,4.376,0
2022-12-22,4.293,4.293,4.293,4.293,0.0,4.293,0
2022-12-23,4.306,4.306,4.306,4.306,0.0,4.306,0
2022-12-27,4.392,4.392,4.392,4.392,0.0,4.392,0
2022-12-28,4.314,4.314,4.314,4.314,0.0,4.314,0
2022-12-29,4.305,4.305,4.305,4.305,0.0,4.305,0
2022-12-30,4.314,4.314,4.314,4.314,0.0,4.314,0
2023-01-03,4.26,4.26,4.26,4.26,0.0,4.26,0
2023-01-04,4.263,4.263,4.263,4.263,0.0,4.263,0
2023-01-05,4.185,4.185,4.185,4.185,0.0,4.185,0
2023-01-06,4.129,4.129,4.129,4.129,0.0,4.129,0
2023-01-09,4.137,4.137,4.137,4.137,0.0,4.137,0
2023-01-10,4.161,4.161,4.161,4.161,0.0,4.161,0
2023-01-11,4.127,4.127,4.127,4.127,0.0,4.127,0
2023-01-12,4.126,4.126,4.126,4.126,0.0,4.126,0
2023-01-13,4.135,4.135,4.135,4.135,0.0,4.135,0
2023-01-16,4.135,4.135,4.135,4.135,0.0,4.135,0
2023-01-17,4.151,4.151,4.151,4.151,0.0,4.151,0
2023-01-18,4.174,4.174,4.174,4.174,0.0,4.174,0
2023-01-19,4.214,4.214,4.214,4.214,0.0,4.214,0
2023-01-20,4.178,4.178,4.178,4.178,0.0,4.178,0
2023-01-23,4.168,4.168,4.168,4.168,0.0,4.168,0
2023-01-24,4.137,4.137,4.137,4.137,0.0,4.137,0
2023-01-25,4.08,4.08,4.08,4.08,0.0,4.08,0
2023-01-26,4.087,4.087,4.087,4.087,0.0,4.087,0
2023-01-27,4.078,4.078,4.078,4.078,0.0,4.078,0
2023-01-30,3.999,3.999,3.999,3.999,0.0,3.999,0
2023-01-31,4.01,4.01,4.01,4.01,0.0,4.01,0
2023-02-01,3.853,3.853,3.853,3.853,0.0,3.853,0
2023-02-02,3.833,3.833,3.833,3.833,0.0,3.833,0
2023-02-03,3.749,3.749,3.749,3.749,0.0,3.749,0
2023-02-10,3.757,3.757,3.757,3.757,0.0,3.757,0
2023-02-13,3.7,3.7,3.7,3.7,0.0,3.7,0
2023-02-14,3.701,3.701,3.701,3.701,0.0,3.701,0
2023-02-15,3.696,3.696,3.696,3.696,0.0,3.696,0
2023-02-16,3.696,3.696,3.696,3.696,0.0,3.696,0
2023-02-17,3.682,3.682,3.682,3.682,0.0,3.682,0
2023-02-20,3.682,3.682,3.682,3.682,0.0,3.682,0
2023-02-21,3.682,3.682,3.682,3.682,0.0,3.682,0
2023-02-22,3.693,3.693,3.693,3.693,0.0,3.693,0
2023-02-23,3.727,3.727,3.727,3.727,0.0,3.727,0
2023-02-24,3.786,3.786,3.786,3.786,0.0,3.786,0
2023-02-27,3.828,3.828,3.828,3.828,0.0,3.828,0
2023-02-28,3.876,3.876,3.876,3.876,0.0,3.876,0
2023-03-01,3.957,3.957,3.957,3.957,0.0,3.957,0
2023-03-02,3.965,3.965,3.965,3.965,0.0,3.965,0
2023-03-03,4.005,4.005,4.005,4.005,0.0,4.005,0
2023-03-06,4.039,4.039,4.039,4.039,0.0,4.039,0
2023-03-07,4.068,4.068,4.068,4.068,0.0,4.068,0
2023-03-08,4.065,4.065,4.065,4.065,0.0,4.065,0
2023-03-09,3.859,3.859,3.859,3.859,0.0,3.859,0
2023-03-10,3.96,3.96,3.96,3.96,0.0,3.96,0
2023-03-13,3.971,3.971,3.971,3.971,0.0,3.971,0
2023-03-14,4.052,4.052,4.052,4.052,0.0,4.052,0
2023-03-15,4.055,4.055,4.055,4.055,0.0,4.055,0
2023-03-16,4.097,4.097,4.097,4.097,0.0,4.097,0
2023-03-17,4.09,4.09,4.09,4.09,0.0,4.09,0
2023-03-20,4.049,4.049,4.049,4.049,0.0,4.049,0
2023-03-21,4.098,4.098,4.098,4.098,0.0,4.098,0
2023-03-22,4.052,4.052,4.052,4.052,0.0,4.052,0
2023-03-23,4.087,4.087,4.087,4.087,0.0,4.087,0
2023-03-24,4.048,4.048,4.048,4.048,0.0,4.048,0
2023-03-27,4.027,4.027,4.027,4.027,0.0,4.027,0
2023-03-28,3.985,3.985,3.985,3.985,0.0,3.985,0
2023-03-29,3.977,3.982,3.977,3.982,46.0,3.977,1
2023-03-30,3.99,3.99,3.99,3.99,0.0,3.99,0
2023-03-31,3.983,3.983,3.983,3.983,0.0,3.983,0
2023-04-03,3.991,3.991,3.991,3.991,0.0,3.991,0
2023-04-04,4.003,4.003,4.003,4.003,0.0,4.003,0
2023-04-05,3.976,3.976,3.976,3.976,0.0,3.976,0
2023-04-06,3.932,3.932,3.932,3.932,0.0,3.932,0
2023-04-10,3.994,3.994,3.994,3.994,0.0,3.994,0
2023-04-11,4.004,4.004,4.004,4.004,0.0,4.004,0
2023-04-12,3.93,3.93,3.93,3.93,0.0,3.93,0
2023-04-13,3.898,3.898,3.898,3.898,0.0,3.898,0
2023-04-14,3.918,3.918,3.918,3.918,0.0,3.918,0
2023-04-17,3.984,3.984,3.984,3.984,0.0,3.984,0
2023-04-18,3.982,3.982,3.982,3.982,0.0,3.982,0
2023-04-19,4.004,4.004,4.004,4.004,0.0,4.004,0
2023-04-20,4.036,4.036,4.036,4.036,0.0,4.036,0
2023-04-21,4.043,4.043,4.043,4.043,0.0,4.043,0
2023-04-24,4.054,4.054,4.054,4.054,0.0,4.054,0
2023-04-25,4.052,4.052,4.052,4.052,0.0,4.052,0
2023-04-26,4.045,4.045,4.045,4.045,0.0,4.045,0
2023-04-27,4.049,4.049,4.049,4.049,0.0,4.049,0
2023-04-28,4.068,4.068,4.068,4.068,0.0,4.068,0
2023-05-01,4.025,4.025,4.025,4.025,0.0,4.025,0
2023-05-02,4.021,4.021,4.021,4.021,0.0,4.021,0
2023-05-03,4.043,4.043,4.043,4.043,0.0,4.043,0
2023-05-04,4.05,4.05,4.05,4.05,0.0,4.05,0
2023-05-05,4.035,4.035,4.035,4.035,0.0,4.035,0
2023-05-08,4.003,4.003,4.003,4.003,0.0,4.003,0
2023-05-09,3.986,3.986,3.986,3.986,0.0,3.986,0
2023-05-10,4.002,4.002,4.002,4.002,0.0,4.002,0
2023-05-11,3.933,3.933,3.933,3.933,0.0,3.933,0
2023-05-12,3.91,3.91,3.91,3.91,0.0,3.91,0
2023-05-15,3.914,3.914,3.914,3.914,0.0,3.914,0
2023-05-16,3.9,3.9,3.9,3.9,0.0,3.9,0
2023-05-17,3.824,3.824,3.824,3.824,0.0,3.824,0
2023-05-18,3.804,3.804,3.804,3.804,0.0,3.804,0
2023-05-19,3.751,3.751,3.751,3.751,0.0,3.751,0
2023-05-22,3.741,3.741,3.741,3.741,0.0,3.741,0
2023-05-23,3.729,3.729,3.729,3.729,0.0,3.729,0
2023-05-24,3.784,3.784,3.784,3.784,0.0,3.784,0
2023-05-25,3.74,3.74,3.74,3.74,0.0,3.74,0
2023-05-26,3.768,3.768,3.768,3.768,0.0,3.768,0
2023-05-29,3.768,3.768,3.768,3.768,0.0,3.768,0
2023-05-30,3.728,3.728,3.728,3.728,0.0,3.728,0
2023-05-31,3.693,3.693,3.693,3.693,0.0,3.693,0
2023-06-01,3.551,3.551,3.551,3.551,0.0,3.551,0
2023-06-02,3.591,3.591,3.591,3.591,0.0,3.591,0
2023-06-05,3.661,3.661,3.661,3.661,0.0,3.661,0
2023-06-06,3.658,3.658,3.658,3.658,0.0,3.658,0
2023-06-07,3.632,3.632,3.632,3.632,0.0,3.632,0
2023-06-08,3.603,3.603,3.603,3.603,0.0,3.603,0
2023-06-09,3.608,3.608,3.608,3.608,0.0,3.608,0
2023-06-12,3.605,3.605,3.605,3.605,0.0,3.605,0
2023-06-13,3.57,3.57,3.57,3.57,0.0,3.57,0
2023-06-14,3.583,3.583,3.583,3.583,0.0,3.583,0
2023-06-15,3.555,3.555,3.555,3.555,0.0,3.555,0
2023-06-16,3.574,3.574,3.574,3.574,0.0,3.574,0
2023-06-19,3.574,3.574,3.574,3.574,0.0,3.574,0
2023-06-20,3.621,3.621,3.621,3.621,0.0,3.621,0
2023-06-21,3.687,3.687,3.687,3.687,0.0,3.687,0
2023-06-22,3.705,3.705,3.705,3.705,0.0,3.705,0
2023-06-23,3.599,3.599,3.599,3.599,0.0,3.599,0
2023-06-26,3.573,3.573,3.573,3.573,0.0,3.573,0
2023-06-27,3.647,3.647,3.647,3.647,0.0,3.647,0
2023-06-28,3.479,3.479,3.479,3.479,0.0,3.479,0
2023-06-29,3.438,3.438,3.438,3.438,0.0,3.438,0
2023-06-30,3.439,3.439,3.439,3.439,0.0,3.439,0
2023-07-03,3.44,3.44,3.44,3.44,0.0,3.44,0
2023-07-04,3.44,3.44,3.44,3.44,0.0,3.44,0
2023-07-05,3.43,3.43,3.43,3.43,0.0,3.43,0
2023-07-06,3.432,3.432,3.432,3.432,0.0,3.432,0
2023-07-07,3.478,3.478,3.478,3.478,0.0,3.478,0
2023-07-10,3.522,3.522,3.522,3.522,0.0,3.522,0
2023-07-11,3.591,3.591,3.591,3.591,0.0,3.591,0
2023-07-12,3.657,3.657,3.657,3.657,0.0,3.657,0
2023-07-13,3.534,3.534,3.534,3.534,0.0,3.534,0
2023-07-14,3.593,3.593,3.593,3.593,0.0,3.593,0
2023-07-17,3.638,3.638,3.638,3.638,0.0,3.638,0
2023-07-18,3.697,3.697,3.697,3.697,0.0,3.697,0
2023-07-19,3.695,3.695,3.695,3.695,0.0,3.695,0
2023-07-20,3.682,3.682,3.682,3.682,0.0,3.682,0
2023-07-21,3.7,3.7,3.7,3.7,0.0,3.7,0
2023-07-24,3.741,3.741,3.741,3.741,0.0,3.741,0
2023-07-25,3.755,3.755,3.755,3.755,0.0,3.755,0
2023-07-26,3.773,3.773,3.773,3.773,0.0,3.773,0
2023-07-27,3.764,3.764,3.764,3.764,0.0,3.764,0
2023-07-28,3.773,3.773,3.773,3.773,0.0,3.773,0
2023-07-31,3.702,3.702,3.702,3.702,0.0,3.702,0
2023-08-01,3.612,3.612,3.612,3.612,0.0,3.612,0
2023-08-02,3.629,3.629,3.629,3.629,0.0,3.629,0
2023-08-03,3.609,3.609,3.609,3.609,0.0,3.609,0
2023-08-04,3.617,3.617,3.617,3.617,0.0,3.617,0
2023-08-07,3.678,3.678,3.678,3.678,0.0,3.678,0
2023-08-08,3.726,3.726,3.726,3.726,0.0,3.726,0
2023-08-09,3.688,3.688,3.688,3.688,0.0,3.688,0
2023-08-10,3.673,3.673,3.673,3.673,0.0,3.673,0
2023-08-11,3.701,3.701,3.701,3.701,0.0,3.701,0
2023-08-14,3.648,3.648,3.648,3.648,0.0,3.648,0
2023-08-15,3.727,3.727,3.727,3.727,0.0,3.727,0
2023-08-16,3.74,3.74,3.74,3.74,0.0,3.74,0
2023-08-17,3.711,3.711,3.711,3.711,0.0,3.711,0
2023-08-18,3.687,3.687,3.687,3.687,0.0,3.687,0
2023-08-21,3.75,3.75,3.75,3.75,0.0,3.75,0
2023-08-22,3.704,3.704,3.704,3.704,0.0,3.704,0
2023-08-23,3.65,3.783,3.65,3.783,1.0,3.65,1
2023-08-24,3.644,3.644,3.644,3.644,0.0,3.644,0
2023-08-25,3.625,3.625,3.625,3.625,0.0,3.625,0
2023-08-28,3.614,3.614,3.614,3.614,0.0,3.614,0
2023-08-29,3.591,3.591,3.591,3.591,0.0,3.591,0
2023-08-30,3.646,3.646,3.646,3.646,0.0,3.646,0
2023-08-31,3.659,3.659,3.659,3.659,0.0,3.659,0
2023-09-01,3.658,3.658,3.658,3.658,0.0,3.658,0
2023-09-04,3.658,3.658,3.658,3.658,0.0,3.658,0
2023-09-05,3.604,3.604,3.604,3.604,0.0,3.604,0
2023-09-06,3.618,3.618,3.618,3.618,0.0,3.618,0
2023-09-07,3.651,3.651,3.651,3.651,0.0,3.651,0
2023-09-08,3.657,3.657,3.657,3.657,0.0,3.657,0
2023-09-11,3.549,3.549,3.549,3.549,0.0,3.549,0
2023-09-12,3.561,3.561,3.561,3.561,0.0,3.561,0
2023-09-13,3.622,3.622,3.622,3.622,0.0,3.622,0
2023-09-14,3.586,3.586,3.586,3.586,0.0,3.586,0
2023-09-15,3.599,3.599,3.599,3.599,0.0,3.599,0
2023-09-18,3.641,3.641,3.641,3.641,0.0,3.641,0
2023-09-19,3.579,3.579,3.579,3.579,0.0,3.579,0
2023-09-20,3.635,3.635,3.635,3.635,0.0,3.635,0
2023-09-21,3.653,3.653,3.653,3.653,0.0,3.653,0
2023-09-22,3.656,3.656,3.656,3.656,0.0,3.656,0
2023-09-25,3.729,3.729,3.729,3.729,0.0,3.729,0
2023-09-26,3.684,3.684,3.684,3.684,0.0,3.684,0
2023-09-27,3.637,3.637,3.637,3.637,0.0,3.637,0
2023-09-28,3.644,3.644,3.644,3.644,0.0,3.644,0
2023-09-29,3.648,3.648,3.648,3.648,0.0,3.648,0
2023-10-02,3.652,3.652,3.652,3.652,0.0,3.652,0
2023-10-03,3.748,3.748,3.748,3.748,0.0,3.748,0
2023-10-04,3.67,3.67,3.67,3.67,0.0,3.67,0
2023-10-05,3.62,3.62,3.62,3.62,0.0,3.62,0
2023-10-06,3.604,3.604,3.604,3.604,0.0,3.604,0
2023-10-09,3.605,3.605,3.605,3.605,0.0,3.605,0
2023-10-10,3.607,3.607,3.607,3.607,0.0,3.607,0
2023-10-11,3.646,3.646,3.646,3.646,0.0,3.646,0
2023-10-12,3.706,3.706,3.706,3.706,0.0,3.706,0
2023-10-13,3.681,3.681,3.681,3.681,0.0,3.681,0
2023-10-16,3.661,3.661,3.661,3.661,0.0,3.661,0
2023-10-17,3.644,3.644,3.644,3.644,0.0,3.644,0
2023-10-18,3.639,3.639,3.639,3.639,0.0,3.639,0
2023-10-19,3.658,3.658,3.658,3.658,0.0,3.658,0
2023-10-20,3.664,3.664,3.664,3.664,0.0,3.664,0
2023-10-23,3.668,3.668,3.668,3.668,0.0,3.668,0
2023-10-24,3.673,3.673,3.673,3.673,0.0,3.673,0
2023-10-25,3.681,3.681,3.681,3.681,0.0,3.681,0
2023-10-26,3.666,3.666,3.666,3.666,0.0,3.666,0
2023-10-27,3.655,3.655,3.655,3.655,0.0,3.655,0
2023-10-30,3.646,3.646,3.646,3.646,0.0,3.646,0
2023-10-31,3.664,3.664,3.664,3.664,0.0,3.664,0
2023-11-01,3.762,3.762,3.762,3.762,0.0,3.762,0
2023-11-02,3.822,3.822,3.822,3.822,0.0,3.822,0
2023-11-03,3.752,3.752,3.752,3.752,0.0,3.752,0
2023-11-06,3.777,3.777,3.777,3.777,0.0,3.777,0
2023-11-07,3.808,3.808,3.808,3.808,0.0,3.808,0
2023-11-08,3.725,3.725,3.725,3.725,0.0,3.725,0
2023-11-09,3.733,3.733,3.733,3.733,0.0,3.733,0
2023-11-10,3.697,3.697,3.697,3.697,0.0,3.697,0
2023-11-13,3.745,3.745,3.745,3.745,0.0,3.745,0
2023-11-14,3.725,3.725,3.725,3.725,0.0,3.725,0
2023-11-15,3.766,3.766,3.766,3.766,0.0,3.766,0
2023-11-16,3.747,3.747,3.747,3.747,0.0,3.747,0
2023-11-17,3.75,3.75,3.75,3.75,0.0,3.75,0
2023-11-20,3.737,3.737,3.737,3.737,0.0,3.737,0
2023-11-21,3.712,3.712,3.712,3.712,0.0,3.712,0
2023-11-22,3.688,3.688,3.688,3.688,0.0,3.688,0
2023-11-23,3.688,3.688,3.688,3.688,0.0,3.688,0
2023-11-24,3.748,3.748,3.748,3.748,0.0,3.748,0
2023-11-27,3.763,3.763,3.763,3.763,0.0,3.763,0
2023-11-28,3.675,3.675,3.675,3.675,0.0,3.675,0
2023-11-29,3.65,3.65,3.65,3.65,0.0,3.65,0
2023-11-30,3.628,3.628,3.628,3.628,0.0,3.628,0
2023-12-01,3.644,3.644,3.644,3.644,0.0,3.644,0
2023-12-04,3.61,3.61,3.61,3.61,0.0,3.61,0
2023-12-05,3.575,3.575,3.575,3.575,0.0,3.575,0
2023-12-06,3.471,3.471,3.471,3.471,0.0,3.471,0
2023-12-07,3.47,3.47,3.47,3.47,0.0,3.47,0
2023-12-08,3.454,3.454,3.454,3.454,0.0,3.454,0
2023-12-11,3.449,3.449,3.449,3.449,0.0,3.449,0
2023-12-12,3.488,3.488,3.488,3.488,0.0,3.488,0
2023-12-13,3.529,3.529,3.529,3.529,0.0,3.529,0
2023-12-14,3.603,3.603,3.603,3.603,0.0,3.603,0
2023-12-15,3.651,3.651,3.651,3.651,0.0,3.651,0
2023-12-18,3.643,3.643,3.643,3.643,0.0,3.643,0
2023-12-19,3.61,3.61,3.61,3.61,0.0,3.61,0
2023-12-20,3.663,3.663,3.663,3.663,0.0,3.663,0
2023-12-21,3.6,3.6,3.6,3.6,0.0,3.6,0
2023-12-22,3.56,3.56,3.56,3.56,0.0,3.56,0
2023-12-26,3.517,3.517,3.517,3.517,0.0,3.517,0
2023-12-27,3.536,3.536,3.536,3.536,0.0,3.536,0
2023-12-28,3.554,3.554,3.554,3.554,0.0,3.554,0
2023-12-29,3.566,3.566,3.566,3.566,0.0,3.566,0
2024-01-02,3.562,3.562,3.562,3.562,0.0,3.562,0
2024-01-03,3.594,3.594,3.594,3.594,0.0,3.594,0
2024-01-04,3.575,3.575,3.575,3.575,0.0,3.575,0
2024-01-05,3.634,3.634,3.634,3.634,0.0,3.634,0
2024-01-08,3.644,3.644,3.644,3.644,0.0,3.644,0
2024-01-09,3.699,3.699,3.699,3.699,0.0,3.699,0
2024-01-10,3.649,3.649,3.649,3.649,0.0,3.649,0
2024-01-11,3.611,3.611,3.611,3.611,0.0,3.611,0
2024-01-12,3.607,3.607,3.607,3.607,0.0,3.607,0
2024-01-15,3.607,3.607,3.607,3.607,0.0,3.607,0
2024-01-16,3.589,3.589,3.589,3.589,0.0,3.589,0
2024-01-17,3.63,3.63,3.63,3.63,0.0,3.63,0
2024-01-18,3.631,3.631,3.631,3.631,0.0,3.631,0
2024-01-19,3.574,3.574,3.574,3.574,0.0,3.574,0
2024-01-22,3.503,3.503,3.503,3.503,0.0,3.503,0
2024-01-23,3.616,3.616,3.616,3.616,0.0,3.616,0
2024-01-24,3.592,3.592,3.592,3.592,0.0,3.592,0
2024-01-25,3.492,3.492,3.492,3.492,0.0,3.492,0
2024-01-26,3.51,3.51,3.51,3.51,0.0,3.51,0
2024-01-29,3.488,3.488,3.488,3.488,0.0,3.488,0
2024-01-30,3.467,3.467,3.467,3.467,0.0,3.467,0
2024-01-31,3.494,3.494,3.494,3.494,0.0,3.494,0
2024-02-01,3.489,3.489,3.489,3.489,0.0,3.489,0
2024-02-02,3.572,3.572,3.572,3.572,0.0,3.572,0
2024-02-05,3.55,3.55,3.55,3.55,0.0,3.55,0
2024-02-06,3.533,3.533,3.533,3.533,0.0,3.533,0
2024-02-07,3.533,3.533,3.533,3.533,0.0,3.533,0
2024-02-08,3.519,3.519,3.519,3.519,0.0,3.519,0
2024-02-09,3.518,3.518,3.518,3.518,0.0,3.518,0
2024-02-12,3.499,3.499,3.499,3.499,0.0,3.499,0
2024-02-13,3.54,3.54,3.54,3.54,0.0,3.54,0
2024-02-14,3.512,3.512,3.512,3.512,0.0,3.512,0
2024-02-15,3.485,3.485,3.485,3.485,0.0,3.485,0
2024-02-16,3.465,3.465,3.465,3.465,0.0,3.465,0
2024-02-19,3.465,3.465,3.465,3.465,0.0,3.465,0
2024-02-20,3.455,3.455,3.455,3.455,0.0,3.455,0
2024-02-21,3.501,3.501,3.501,3.501,0.0,3.501,0
2024-02-22,3.551,3.551,3.551,3.551,0.0,3.551,0
2024-02-23,3.504,3.504,3.504,3.504,0.0,3.504,0
2024-02-26,3.508,3.508,3.508,3.508,0.0,3.508,0
2024-02-27,3.512,3.512,3.512,3.512,0.0,3.512,0
2024-02-28,3.532,3.532,3.532,3.532,0.0,3.532,0
2024-02-29,3.536,3.536,3.536,3.536,0.0,3.536,0
2024-03-01,3.508,3.508,3.508,3.508,0.0,3.508,0
2024-03-04,3.509,3.509,3.509,3.509,0.0,3.509,0
2024-03-05,3.525,3.525,3.525,3.525,0.0,3.525,0
2024-03-06,3.545,3.545,3.53,3.53,1.0,3.545,1
2024-03-07,3.534,3.534,3.534,3.534,0.0,3.534,0
2024-03-08,3.576,3.576,3.576,3.576,0.0,3.576,0
2024-03-11,3.592,3.592,3.592,3.592,0.0,3.592,0
2024-03-12,3.573,3.573,3.573,3.573,0.0,3.573,0
2024-03-13,3.57,3.57,3.57,3.57,0.0,3.57,0
2024-03-14,3.575,3.575,3.575,3.575,0.0,3.575,0
2024-03-15,3.566,3.566,3.566,3.566,0.0,3.566,0
2024-03-18,3.564,3.564,3.564,3.564,0.0,3.564,0
2024-03-19,3.581,3.581,3.581,3.581,0.0,3.581,0
2024-03-20,3.56,3.56,3.56,3.56,0.0,3.56,0
2024-03-21,3.554,3.554,3.554,3.554,0.0,3.554,0
2024-03-22,3.596,3.596,3.596,3.596,0.0,3.596,0
2024-03-25,3.528,3.528,3.528,3.528,0.0,3.528,0
2024-03-26,3.563,3.563,3.563,3.563,0.0,3.563,0
2024-03-27,3.548,3.548,3.548,3.548,0.0,3.548,0
2024-03-28,3.574,3.574,3.574,3.574,0.0,3.574,0
2024-04-01,3.603,3.603,3.603,3.603,0.0,3.603,0
2024-04-02,3.652,3.652,3.652,3.652,0.0,3.652,0
2024-04-03,3.618,3.618,3.618,3.618,0.0,3.618,0
2024-04-04,3.616,3.616,3.616,3.616,0.0,3.616,0
2024-04-05,3.623,3.623,3.623,3.623,0.0,3.623,0
2024-04-08,3.617,3.617,3.617,3.617,0.0,3.617,0
2024-04-09,3.602,3.602,3.602,3.602,0.0,3.602,0
2024-04-10,3.627,3.627,3.627,3.627,0.0,3.627,0
2024-04-11,3.711,3.711,3.711,3.711,0.0,3.711,0
2024-04-12,3.754,3.754,3.754,3.754,0.0,3.754,0
2024-04-15,3.798,3.798,3.798,3.798,0.0,3.798,0
2024-04-16,3.836,3.836,3.836,3.836,0.0,3.836,0
2024-04-17,3.799,3.799,3.799,3.799,0.0,3.799,0
2024-04-18,3.786,3.786,3.786,3.786,0.0,3.786,0
2024-04-19,3.786,3.786,3.786,3.786,0.0,3.786,0
2024-04-22,3.814,3.814,3.814,3.814,0.0,3.814,0
2024-04-23,3.813,3.813,3.813,3.813,0.0,3.813,0
2024-04-24,3.8,3.8,3.8,3.8,0.0,3.8,0
2024-04-25,3.807,3.807,3.807,3.807,0.0,3.807,0
2024-04-26,3.814,3.814,3.814,3.814,0.0,3.814,0
2024-04-29,3.835,3.835,3.827,3.827,1.0,3.835,1
2024-04-30,3.853,3.853,3.853,3.853,0.0,3.853,0
2024-05-01,3.851,3.851,3.851,3.851,0.0,3.851,0
2024-05-02,3.854,3.854,3.854,3.854,0.0,3.854,0
2024-05-03,3.822,3.822,3.822,3.822,0.0,3.822,0
2024-05-06,3.835,3.835,3.835,3.835,0.0,3.835,0
2024-05-07,3.778,3.778,3.778,3.778,0.0,3.778,0
2024-05-08,3.706,3.706,3.706,3.706,0.0,3.706,0
2024-05-09,3.628,3.628,3.628,3.628,0.0,3.628,0
2024-05-10,3.693,3.693,3.693,3.693,0.0,3.693,0
2024-05-13,3.708,3.708,3.708,3.708,0.0,3.708,0
2024-05-14,3.721,3.721,3.721,3.721,0.0,3.721,0
2024-05-15,3.738,3.738,3.738,3.738,0.0,3.738,0
2024-05-16,3.761,3.768,3.761,3.768,1.0,3.761,1
2024-05-17,3.827,3.827,3.827,3.827,0.0,3.827,0
2024-05-20,3.816,3.816,3.816,3.816,0.0,3.816,0
2024-05-21,3.846,3.846,3.846,3.846,0.0,3.846,0
2024-05-22,3.822,3.822,3.822,3.822,0.0,3.822,0
2024-05-23,3.797,3.797,3.797,3.797,0.0,3.797,0
2024-05-24,3.787,3.787,3.787,3.787,0.0,3.787,0
2024-05-27,3.787,3.787,3.787,3.787,0.0,3.787,0
2024-05-28,3.791,3.791,3.791,3.791,0.0,3.791,0
2024-05-29,3.733,3.733,3.733,3.733,0.0,3.733,0
2024-05-30,3.734,3.734,3.734,3.734,0.0,3.734,0
2024-05-31,3.711,3.711,3.711,3.711,0.0,3.711,0
2024-06-03,3.724,3.724,3.724,3.724,0.0,3.724,0
2024-06-04,3.698,3.698,3.698,3.698,0.0,3.698,0
2024-06-05,3.678,3.678,3.678,3.678,0.0,3.678,0
2024-06-06,3.711,3.711,3.711,3.711,0.0,3.711,0
2024-06-07,3.711,3.711,3.711,3.711,0.0,3.711,0
2024-06-10,3.71,3.71,3.71,3.71,0.0,3.71,0
2024-06-11,3.728,3.728,3.728,3.728,0.0,3.728,0
2024-06-12,3.72,3.72,3.72,3.72,0.0,3.72,0
2024-06-13,3.675,3.675,3.675,3.675,0.0,3.675,0
2024-06-14,3.702,3.702,3.702,3.702,0.0,3.702,0
2024-06-17,3.703,3.703,3.703,3.703,0.0,3.703,0
2024-06-18,3.744,3.744,3.744,3.744,0.0,3.744,0
2024-06-19,3.744,3.744,3.744,3.744,0.0,3.744,0
2024-06-20,3.702,3.702,3.702,3.702,0.0,3.702,0
2024-06-21,3.64,3.64,3.64,3.64,0.0,3.64,0
2024-06-24,3.65,3.65,3.65,3.65,0.0,3.65,0
2024-06-25,3.637,3.637,3.637,3.637,0.0,3.637,0
2024-06-26,3.633,3.633,3.633,3.633,0.0,3.633,0
2024-06-27,3.562,3.562,3.562,3.562,0.0,3.562,0
2024-06-28,3.613,3.613,3.613,3.613,0.0,3.613,0
2024-07-01,3.597,3.597,3.597,3.597,0.0,3.597,0
2024-07-02,3.592,3.592,3.592,3.592,0.0,3.592,0
2024-07-03,3.55,3.55,3.55,3.55,0.0,3.55,0
2024-07-04,3.55,3.55,3.55,3.55,0.0,3.55,0
2024-07-05,3.537,3.537,3.537,3.537,0.0,3.537,0
2024-07-08,3.559,3.559,3.559,3.559,0.0,3.559,0
2024-07-09,3.582,3.582,3.582,3.582,0.0,3.582,0
2024-07-10,3.552,3.552,3.552,3.552,0.0,3.552,0
2024-07-11,3.54,3.54,3.54,3.54,0.0,3.54,0
2024-07-12,3.547,3.547,3.547,3.547,0.0,3.547,0
2024-07-15,3.537,3.537,3.537,3.537,0.0,3.537,0
2024-07-16,3.56,3.56,3.56,3.56,0.0,3.56,0
2024-07-17,3.513,3.513,3.513,3.513,0.0,3.513,0
2024-07-18,3.497,3.497,3.497,3.497,0.0,3.497,0
2024-07-19,3.528,3.528,3.528,3.528,0.0,3.528,0
2024-07-22,3.555,3.555,3.555,3.555,0.0,3.555,0
2024-07-23,3.552,3.552,3.552,3.552,0.0,3.552,0
2024-07-24,3.492,3.492,3.492,3.492,0.0,3.492,0
2024-07-25,3.459,3.459,3.459,3.459,0.0,3.459,0
2024-07-26,3.475,3.475,3.475,3.475,0.0,3.475,0
2024-07-29,3.457,3.457,3.457,3.457,0.0,3.457,0
2024-07-30,3.455,3.455,3.455,3.455,0.0,3.455,0
2024-07-31,3.422,3.422,3.422,3.422,0.0,3.422,0
2024-08-01,3.407,3.407,3.407,3.407,0.0,3.407,0
2024-08-02,3.361,3.361,3.361,3.361,0.0,3.361,0
2024-08-05,3.33,3.331,3.33,3.331,1.0,3.33,1
2024-08-06,3.326,3.326,3.326,3.326,0.0,3.326,0
2024-08-07,3.325,3.325,3.325,3.325,0.0,3.325,0
2024-08-08,3.367,3.367,3.367,3.367,0.0,3.367,0
2024-08-09,3.413,3.413,3.413,3.413,0.0,3.413,0
2024-08-12,3.41,3.41,3.41,3.41,0.0,3.41,0
2024-08-13,3.413,3.413,3.413,3.413,0.0,3.413,0
2024-08-14,3.381,3.381,3.381,3.381,0.0,3.381,0
2024-08-15,3.381,3.381,3.381,3.381,0.0,3.381,0
2024-08-16,3.378,3.378,3.378,3.378,0.0,3.378,0
2024-08-19,3.4,3.4,3.4,3.4,0.0,3.4,0
2024-08-20,3.419,3.419,3.419,3.419,0.0,3.419,0
2024-08-21,3.405,3.405,3.405,3.405,0.0,3.405,0
2024-08-22,3.451,3.451,3.451,3.451,0.0,3.451,0
2024-08-23,3.479,3.479,3.479,3.479,0.0,3.479,0
2024-08-26,3.493,3.493,3.493,3.493,0.0,3.493,0
2024-08-27,3.471,3.471,3.466,3.466,1.0,3.471,1
2024-08-28,3.449,3.449,3.449,3.449,0.0,3.449,0
2024-08-29,3.439,3.439,3.439,3.439,0.0,3.439,0
2024-08-30,3.431,3.431,3.431,3.431,0.0,3.431,0
2024-09-02,3.431,3.431,3.431,3.431,0.0,3.431,0
2024-09-03,3.453,3.453,3.453,3.453,0.0,3.453,0
2024-09-04,3.443,3.443,3.443,3.443,0.0,3.443,0
2024-09-05,3.405,3.405,3.405,3.405,0.0,3.405,0
2024-09-06,3.35,3.35,3.35,3.35,0.0,3.35,0
2024-09-09,3.365,3.365,3.365,3.365,0.0,3.365,0
2024-09-10,3.345,3.345,3.345,3.345,0.0,3.345,0
2024-09-11,3.345,3.345,3.345,3.345,0.0,3.345,0
2024-09-12,3.345,3.345,3.345,3.345,0.0,3.345,0
2024-09-13,3.313,3.313,3.313,3.313,0.0,3.313,0
2024-09-16,3.316,3.316,3.316,3.316,0.0,3.316,0
2024-09-17,3.281,3.281,3.281,3.281,0.0,3.281,0
2024-09-18,3.294,3.294,3.294,3.294,0.0,3.294,0
2024-09-19,3.289,3.289,3.289,3.289,0.0,3.289,0
2024-09-20,3.32,3.32,3.32,3.32,0.0,3.32,0
2024-09-23,3.311,3.311,3.311,3.311,0.0,3.311,0
2024-09-24,3.361,3.361,3.361,3.361,0.0,3.361,0
2024-09-25,3.389,3.389,3.389,3.389,0.0,3.389,0
2024-09-26,3.408,3.408,3.408,3.408,0.0,3.408,0
2024-09-27,3.425,3.425,3.425,3.425,0.0,3.425,0
2024-09-30,3.409,3.409,3.409,3.409,0.0,3.409,0
2024-10-01,3.402,3.402,3.402,3.402,0.0,3.402,0
2024-10-02,3.378,3.378,3.378,3.378,0.0,3.378,0
2024-10-03,3.419,3.419,3.419,3.419,0.0,3.419,0
2024-10-04,3.453,3.453,3.453,3.453,0.0,3.453,0
2024-10-07,3.461,3.461,3.461,3.461,0.0,3.461,0
2024-10-08,3.431,3.431,3.431,3.431,0.0,3.431,0
2024-10-09,3.411,3.411,3.411,3.411,0.0,3.411,0
2024-10-10,3.426,3.426,3.426,3.426,0.0,3.426,0
2024-10-11,3.407,3.407,3.407,3.407,0.0,3.407,0
2024-10-14,3.408,3.408,3.408,3.408,0.0,3.408,0
2024-10-15,3.463,3.463,3.463,3.463,0.0,3.463,0
2024-10-16,3.402,3.402,3.402,3.402,0.0,3.402,0
2024-10-17,3.446,3.446,3.446,3.446,0.0,3.446,0
2024-10-18,3.405,3.405,3.405,3.405,0.0,3.405,0
2024-10-21,3.425,3.425,3.425,3.425,0.0,3.425,0
2024-10-22,3.427,3.427,3.427,3.427,0.0,3.427,0
2024-10-23,3.423,3.423,3.423,3.423,0.0,3.423,0
2024-10-24,3.413,3.413,3.413,3.413,0.0,3.413,0
2024-10-25,3.425,3.425,3.425,3.425,0.0,3.425,0
2024-10-28,3.413,3.413,3.413,3.413,0.0,3.413,0
2024-10-29,3.452,3.452,3.452,3.452,0.0,3.452,0
2024-10-30,3.474,3.474,3.474,3.474,0.0,3.474,0
2024-10-31,3.421,3.421,3.421,3.421,0.0,3.421,0
2024-11-01,3.449,3.449,3.449,3.449,0.0,3.449,0
2024-11-04,3.477,3.477,3.477,3.477,0.0,3.477,0
2024-11-05,3.418,3.418,3.418,3.418,0.0,3.418,0
2024-11-06,3.444,3.444,3.444,3.444,0.0,3.444,0
2024-11-07,3.449,3.449,3.449,3.449,0.0,3.449,0
2024-11-08,3.393,3.393,3.393,3.393,0.0,3.393,0
2024-11-11,3.432,3.432,3.432,3.432,0.0,3.432,0
2024-11-12,3.45,3.45,3.45,3.45,0.0,3.45,0
2024-11-13,3.47,3.47,3.47,3.47,0.0,3.47,0
2024-11-14,3.445,3.445,3.445,3.445,0.0,3.445,0
2024-11-15,3.426,3.426,3.426,3.426,0.0,3.426,0
2024-11-18,3.415,3.415,3.415,3.415,0.0,3.415,0
2024-11-19,3.462,3.462,3.462,3.462,0.0,3.462,0
2024-11-20,3.555,3.555,3.555,3.555,0.0,3.555,0
2024-11-21,3.473,3.473,3.473,3.473,0.0,3.473,0
2024-11-22,3.43,3.458,3.43,3.458,1.0,3.43,1
2024-11-25,3.524,3.524,3.524,3.524,0.0,3.524,0
2024-11-26,3.476,3.476,3.476,3.476,0.0,3.476,0
2024-11-27,3.477,3.477,3.477,3.477,0.0,3.477,0
2024-11-28,3.477,3.477,3.477,3.477,0.0,3.477,0
2024-11-29,3.572,3.572,3.572,3.572,0.0,3.572,0
2024-12-02,3.493,3.493,3.493,3.493,0.0,3.493,0
2024-12-03,3.487,3.487,3.487,3.487,0.0,3.487,0
2024-12-04,3.526,3.526,3.526,3.526,0.0,3.526,0
2024-12-05,3.534,3.534,3.534,3.534,0.0,3.534,0
2024-12-06,3.542,3.542,3.542,3.542,0.0,3.542,0
2024-12-09,3.477,3.477,3.477,3.477,0.0,3.477,0
2024-12-10,3.488,3.488,3.488,3.488,0.0,3.488,0
2024-12-11,3.458,3.458,3.458,3.458,0.0,3.458,0
2024-12-12,3.464,3.464,3.464,3.464,0.0,3.464,0
2024-12-13,3.462,3.462,3.462,3.462,0.0,3.462,0
2024-12-16,3.482,3.482,3.482,3.482,0.0,3.482,0
2024-12-17,3.497,3.497,3.497,3.497,0.0,3.497,0
2024-12-18,3.471,3.471,3.471,3.471,0.0,3.471,0
2024-12-19,3.486,3.486,3.486,3.486,0.0,3.486,0
2024-12-20,3.477,3.477,3.477,3.477,0.0,3.477,0
2024-12-23,3.5,3.5,3.5,3.5,0.0,3.5,0
2024-12-24,3.541,3.541,3.541,3.541,0.0,3.541,0
2024-12-26,3.58,3.58,3.58,3.58,0.0,3.58,0
2024-12-27,3.552,3.552,3.552,3.552,0.0,3.552,0
2024-12-30,3.552,3.552,3.552,3.552,0.0,3.552,0
2024-12-31,3.531,3.531,3.531,3.531,0.0,3.531,0
2025-01-02,3.538,3.538,3.538,3.538,0.0,3.538,0
2025-01-03,3.493,3.493,3.493,3.493,0.0,3.493,0
2025-01-06,3.507,3.507,3.507,3.507,0.0,3.507,0
2025-01-07,3.445,3.445,3.445,3.445,0.0,3.445,0
2025-01-08,3.483,3.483,3.483,3.483,0.0,3.483,0
2025-01-09,3.497,3.497,3.497,3.497,0.0,3.497,0
2025-01-10,3.513,3.513,3.513,3.513,0.0,3.513,0
2025-01-13,3.507,3.507,3.507,3.507,0.0,3.507,0
2025-01-14,3.481,3.481,3.481,3.481,0.0,3.481,0
2025-01-15,3.489,3.489,3.489,3.489,0.0,3.489,0
2025-01-16,3.507,3.507,3.507,3.507,0.0,3.507,0
2025-01-17,3.479,3.479,3.479,3.479,0.0,3.479,0
2025-01-20,3.479,3.479,3.479,3.479,0.0,3.479,0
2025-01-21,3.464,3.464,3.464,3.464,0.0,3.464,0
2025-01-22,3.506,3.506,3.506,3.506,0.0,3.506,0
2025-01-23,3.614,3.614,3.614,3.614,0.0,3.614,0
2025-01-24,3.61,3.61,3.61,3.61,0.0,3.61,0
2025-01-27,3.549,3.549,3.549,3.549,0.0,3.549,0
2025-01-28,3.487,3.487,3.487,3.487,0.0,3.487,0
2025-01-29,3.531,3.531,3.531,3.531,0.0,3.531,0
2025-01-30,3.483,3.483,3.483,3.483,0.0,3.483,0
2025-01-31,3.446,3.446,3.446,3.446,0.0,3.446,0
2025-02-03,3.472,3.472,3.472,3.472,0.0,3.472,0
2025-02-04,3.468,3.468,3.468,3.468,0.0,3.468,0
2025-02-05,3.462,3.462,3.462,3.462,0.0,3.462,0
2025-02-06,3.469,3.469,3.469,3.469,0.0,3.469,0
2025-02-07,3.448,3.448,3.448,3.448,0.0,3.448,0
2025-02-10,3.468,3.468,3.468,3.468,0.0,3.468,0
2025-02-11,3.488,3.488,3.488,3.488,0.0,3.488,0
2025-02-12,3.512,3.512,3.512,3.512,0.0,3.512,0
2025-02-13,3.52,3.52,3.52,3.52,0.0,3.52,0
2025-02-14,3.518,3.518,3.518,3.518,0.0,3.518,0
2025-02-17,3.518,3.518,3.518,3.518,0.0,3.518,0
2025-02-18,3.502,3.502,3.502,3.502,0.0,3.502,0
2025-02-19,3.5,3.5,3.5,3.5,0.0,3.5,0
2025-02-20,3.41,3.41,3.41,3.41,0.0,3.41,0
2025-02-21,3.411,3.411,3.411,3.411,0.0,3.411,0
2025-02-24,3.406,3.406,3.406,3.406,0.0,3.406,0
2025-02-25,3.379,3.379,3.379,3.379,0.0,3.379,0
2025-02-26,3.341,3.341,3.341,3.341,0.0,3.341,0
2025-02-27,3.428,3.428,3.428,3.428,0.0,3.428,0
2025-02-28,3.462,3.462,3.462,3.462,0.0,3.462,0
2025-03-03,3.477,3.477,3.477,3.477,0.0,3.477,0
2025-03-04,3.479,3.479,3.479,3.479,0.0,3.479,0
2025-03-05,3.515,3.515,3.515,3.515,0.0,3.515,0
2025-03-06,3.473,3.473,3.473,3.473,0.0,3.473,0
2025-03-07,3.491,3.491,3.491,3.491,0.0,3.491,0
2025-03-10,3.463,3.463,3.463,3.463,0.0,3.463,0
2025-03-11,3.449,3.449,3.449,3.449,0.0,3.449,0
2025-03-12,3.438,3.438,3.438,3.438,0.0,3.438,0
2025-03-13,3.462,3.462,3.462,3.462,0.0,3.462,0
2025-03-14,3.441,3.441,3.441,3.441,0.0,3.441,0
2025-03-17,3.434,3.434,3.434,3.434,0.0,3.434,0
2025-03-18,3.43,3.433,3.43,3.433,1.0,3.43,1
2025-03-19,3.431,3.431,3.431,3.431,0.0,3.431,0
2025-03-20,3.439,3.439,3.439,3.439,0.0,3.439,0
2025-03-21,3.44,3.44,3.44,3.44,0.0,3.44,0
2025-03-24,3.455,3.455,3.455,3.455,0.0,3.455,0
2025-03-25,3.437,3.437,3.437,3.437,0.0,3.437,0
2025-03-26,3.419,3.419,3.419,3.419,0.0,3.419,0
2025-03-27,3.417,3.417,3.417,3.417,0.0,3.417,0
2025-03-28,3.405,3.405,3.405,3.405,0.0,3.405,0
2025-03-31,3.4,3.416,3.4,3.416,1.0,3.4,1
2025-04-01,3.405,3.41,3.405,3.41,1.0,3.405,1
2025-04-02,3.433,3.433,3.433,3.433,0.0,3.433,0
2025-04-03,3.471,3.471,3.471,3.471,0.0,3.471,0
2025-04-04,3.444,3.444,3.444,3.444,0.0,3.444,0
2025-04-07,3.4,3.4,3.383,3.383,4.0,3.4,1
2025-04-08,3.352,3.352,3.352,3.352,0.0,3.352,0
2025-04-09,3.34,3.397,3.315,3.397,5.0,3.32,2
2025-04-10,3.367,3.367,3.367,3.367,0.0,3.367,0
2025-04-11,3.415,3.415,3.415,3.415,0.0,3.415,0
2025-04-14,3.458,3.458,3.458,3.458,0.0,3.458,0
2025-04-15,3.448,3.448,3.448,3.448,0.0,3.448,0
2025-04-16,3.457,3.457,3.457,3.457,0.0,3.457,0
2025-04-17,3.48,3.48,3.467,3.467,1.0,3.48,1
2025-04-21,3.423,3.423,3.423,3.423,0.0,3.423,0
2025-04-22,3.421,3.421,3.421,3.421,0.0,3.421,0
2025-04-23,3.428,3.428,3.428,3.428,0.0,3.428,0
2025-04-24,3.443,3.443,3.443,3.443,0.0,3.443,0
2025-04-25,3.413,3.413,3.413,3.413,0.0,3.413,0
2025-04-28,3.433,3.433,3.433,3.433,0.0,3.433,0
2025-04-29,3.445,3.445,3.445,3.445,0.0,3.445,0
2025-04-30,3.46,3.46,3.46,3.46,0.0,3.46,0
2025-05-01,3.451,3.451,3.451,3.451,0.0,3.451,0
2025-05-02,3.466,3.466,3.466,3.466,0.0,3.466,0
2025-05-05,3.477,3.477,3.477,3.477,0.0,3.477,0
2025-05-06,3.486,3.486,3.486,3.486,0.0,3.486,0
2025-05-07,3.517,3.517,3.517,3.517,0.0,3.517,0
2025-05-08,3.535,3.535,3.535,3.535,0.0,3.535,0
2025-05-09,3.56,3.56,3.56,3.56,0.0,3.56,0
2025-05-12,3.558,3.558,3.558,3.558,0.0,3.558,0
2025-05-13,3.598,3.598,3.598,3.598,0.0,3.598,0
2025-05-14,3.633,3.633,3.633,3.633,0.0,3.633,0
2025-05-15,3.634,3.634,3.616,3.616,1.0,3.634,1
2025-05-16,3.637,3.637,3.637,3.637,0.0,3.637,0
2025-05-19,3.628,3.628,3.571,3.571,62.0,3.6018,2
2025-05-20,3.603,3.603,3.603,3.603,0.0,3.603,0
2025-05-21,3.587,3.587,3.587,3.587,0.0,3.587,0
2025-05-22,3.6,3.6,3.6,3.6,0.0,3.6,0
2025-05-23,3.626,3.626,3.626,3.626,0.0,3.626,0
2025-05-27,3.659,3.664,3.653,3.653,34.0,3.6608,3
2025-05-28,3.633,3.633,3.633,3.633,0.0,3.633,0
2025-05-29,3.626,3.626,3.626,3.626,0.0,3.626,0
2025-05-30,3.63,3.63,3.63,3.63,0.0,3.63,0
2025-06-02,3.626,3.626,3.626,3.626,0.0,3.626,0
2025-06-03,3.63,3.63,3.63,3.63,0.0,3.63,0
2025-06-04,3.643,3.643,3.643,3.643,0.0,3.643,0
2025-06-05,3.629,3.629,3.629,3.629,0.0,3.629,0
2025-06-06,3.645,3.645,3.645,3.645,0.0,3.645,0
2025-06-09,3.627,3.627,3.627,3.627,0.0,3.627,0
2025-06-10,3.627,3.627,3.609,3.609,1.0,3.627,1
2025-06-11,3.615,3.615,3.615,3.615,0.0,3.615,0
2025-06-12,3.588,3.588,3.588,3.588,0.0,3.588,0
2025-06-13,3.644,3.644,3.644,3.644,0.0,3.644,0
2025-06-16,3.651,3.651,3.651,3.651,0.0,3.651,0
2025-06-17,3.661,3.661,3.661,3.661,0.0,3.661,0
2025-06-18,3.676,3.676,3.676,3.676,0.0,3.676,0
2025-06-20,3.682,3.682,3.682,3.682,0.0,3.682,0
2025-06-23,3.652,3.652,3.652,3.652,0.0,3.652,0
2025-06-24,3.649,3.649,3.649,3.649,0.0,3.649,0
2025-06-25,3.643,3.643,3.643,3.643,0.0,3.643,0
2025-06-26,3.646,3.646,3.646,3.646,0.0,3.646,0
2025-06-27,3.668,3.668,3.668,3.668,0.0,3.668,0
2025-06-30,3.642,3.642,3.642,3.642,0.0,3.642,0
2025-07-01,3.65,3.65,3.65,3.65,0.0,3.65,0
2025-07-02,3.681,3.681,3.681,3.681,0.0,3.681,0
2025-07-03,3.675,3.675,3.675,3.675,0.0,3.675,0
2025-07-07,3.708,3.708,3.708,3.708,0.0,3.708,0
2025-07-08,3.68,3.68,3.68,3.68,0.0,3.68,0
2025-07-09,3.677,3.677,3.677,3.677,0.0,3.677,0
2025-07-10,3.69,3.69,3.69,3.69,0.0,3.69,0
2025-07-11,3.705,3.714,3.705,3.714,7.0,3.7067,4
2025-07-14,3.721,3.721,3.721,3.721,0.0,3.721,0
2025-07-15,3.733,3.733,3.733,3.733,0.0,3.733,0
2025-07-16,3.731,3.731,3.731,3.731,0.0,3.731,0
2025-07-17,3.734,3.734,3.734,3.734,0.0,3.734,0
2025-07-18,3.727,3.727,3.727,3.727,0.0,3.727,0
2025-07-21,3.717,3.717,3.717,3.717,0.0,3.717,0
2025-07-22,3.696,3.74,3.696,3.74,3.0,3.7,3
2025-07-23,3.703,3.703,3.703,3.703,0.0,3.703,0
2025-07-24,3.691,3.709,3.683,3.709,4.0,3.6883,4
2025-07-25,3.667,3.667,3.654,3.654,1.0,3.667,1
2025-07-28,3.594,3.594,3.594,3.594,0.0,3.594,0
2025-07-29,3.599,3.619,3.587,3.619,13.0,3.5981,2
2025-07-30,3.581,3.592,3.537,3.592,18.0,3.56,18
2025-07-31,3.586,3.624,3.586,3.624,8.0,3.5971,8
2025-08-01,3.616,3.616,3.616,3.616,0.0,3.616,0
2025-08-04,3.61,3.615,3.61,3.615,5.0,3.611,5
2025-08-05,3.612,3.612,3.612,3.612,0.0,3.612,0
2025-08-06,3.634,3.634,3.634,3.634,0.0,3.634,0
2025-08-07,3.607,3.631,3.607,3.631,2.0,3.607,2
2025-08-08,3.622,3.622,3.573,3.597,2.0,3.5975,2
2025-08-11,3.599,3.615,3.599,3.615,9.0,3.6047,9
2025-08-12,3.593,3.593,3.57,3.57,1.0,3.593,1
2025-08-13,3.564,3.586,3.564,3.586,2.0,3.5665,2
2025-08-14,3.57,3.57,3.57,3.57,1.0,3.57,1
2025-08-15,3.606,3.607,3.584,3.584,2.0,3.6065,2
2025-08-18,3.602,3.635,3.602,3.635,3.0,3.6047,3
2025-08-19,3.629,3.63,3.626,3.63,3.0,3.6277,3
2025-08-20,3.63,3.637,3.63,3.637,10.0,3.63,1
2025-08-21,3.664,3.664,3.664,3.664,0.0,3.664,0
2025-08-22,3.675,3.675,3.675,3.675,0.0,3.675,0
2025-08-25,3.658,3.66,3.629,3.659,4.0,3.6442,4
2025-08-26,3.656,3.656,3.656,3.656,0.0,3.656,0
2025-08-27,3.653,3.653,3.653,3.653,0.0,3.653,0
2025-08-28,3.644,3.644,3.644,3.644,0.0,3.644,0
2025-08-29,3.654,3.654,3.654,3.654,0.0,3.654,0
2025-09-02,3.639,3.65,3.639,3.65,1.0,3.639,1
2025-09-03,3.634,3.637,3.634,3.637,1.0,3.634,1
2025-09-04,3.634,3.634,3.634,3.634,0.0,3.634,0
2025-09-05,3.59,3.596,3.59,3.596,1.0,3.59,1
2025-09-08,3.586,3.586,3.586,3.586,0.0,3.586,0
2025-09-09,3.594,3.594,3.594,3.594,0.0,3.594,0
2025-09-10,3.588,3.588,3.586,3.586,1.0,3.588,1
2025-09-11,3.586,3.586,3.586,3.586,0.0,3.586,0
2025-09-12,3.577,3.577,3.577,3.577,0.0,3.577,0
2025-09-15,3.585,3.608,3.58,3.608,51.0,3.5849,3
2025-09-16,3.618,3.625,3.618,3.625,21.0,3.6199,2
2025-09-17,3.614,3.62,3.614,3.62,1.0,3.614,1
2025-09-18,3.62,3.62,3.62,3.62,0.0,3.62,0
2025-09-19,3.64,3.64,3.64,3.64,0.0,3.64,0
2025-09-22,3.638,3.638,3.638,3.638,0.0,3.638,0
2025-09-23,3.651,3.659,3.651,3.659,1.0,3.651,1
2025-09-24,3.668,3.668,3.668,3.668,0.0,3.668,0
2025-09-25,3.663,3.663,3.652,3.652,1.0,3.663,1
2025-09-26,3.635,3.635,3.635,3.635,0.0,3.635,0
2025-09-29,3.662,3.667,3.653,3.667,4.0,3.6578,4
2025-09-30,3.666,3.667,3.658,3.658,4.0,3.665,4
2025-10-01,3.667,3.681,3.663,3.681,8.0,3.6695,8
2025-10-02,3.68,3.686,3.654,3.66,9.0,3.6746,9
2025-10-03,3.658,3.666,3.658,3.658,2.0,3.662,2
2025-10-06,3.665,3.665,3.665,3.665,0.0,3.665,0
2025-10-07,3.689,3.689,3.689,3.689,0.0,3.689,0
2025-10-08,3.681,3.681,3.681,3.681,0.0,3.681,0
2025-10-09,3.668,3.679,3.666,3.679,4.0,3.667,4
2025-10-10,3.664,3.668,3.663,3.668,2.0,3.6635,2
2025-10-13,3.662,3.662,3.662,3.662,0.0,3.662,0
2025-10-14,3.64,3.645,3.64,3.645,1.0,3.64,1
2025-10-15,3.664,3.669,3.649,3.669,2.0,3.6565,2
2025-10-16,3.647,3.647,3.647,3.647,0.0,3.647,0
2025-10-17,3.645,3.645,3.645,3.645,0.0,3.645,0
2025-10-20,3.662,3.662,3.66,3.66,1.0,3.662,1
2025-10-21,3.659,3.673,3.658,3.673,6.0,3.6588,6
2025-10-22,3.669,3.67,3.654,3.654,2.0,3.6695,2
2025-10-23,3.634,3.64,3.634,3.64,1.0,3.634,1
2025-10-24,3.648,3.658,3.648,3.658,1.0,3.648,1
2025-10-27,3.658,3.663,3.658,3.663,1.0,3.658,1
2025-10-28,3.664,3.664,3.664,3.664,0.0,3.664,0
2025-10-29,3.653,3.668,3.653,3.666,2.0,3.6605,2
2025-10-30,3.679,3.679,3.679,3.679,0.0,3.679,0
2025-10-31,3.714,3.714,3.714,3.714,0.0,3.714,0
2025-11-03,3.702,3.707,3.702,3.704,3.0,3.704,3
2025-11-04,3.697,3.701,3.697,3.699,2.0,3.699,2
2025-11-05,3.682,3.682,3.661,3.661,1.0,3.682,1
2025-11-06,3.662,3.67,3.659,3.67,3.0,3.66,3
2025-11-07,3.67,3.678,3.67,3.678,1.0,3.67,1
2025-11-10,3.641,3.641,3.641,3.641,0.0,3.641,0
2025-11-11,3.659,3.668,3.659,3.668,1.0,3.659,1
2025-11-12,3.664,3.664,3.664,3.664,0.0,3.664,0
2025-11-13,3.684,3.686,3.674,3.686,2.0,3.679,2
2025-11-14,3.662,3.662,3.66,3.66,22.0,3.6602,5
2025-11-17,3.667,3.667,3.667,3.667,0.0,3.667,0
2025-11-18,3.67,3.674,3.67,3.674,4.0,3.67,3
2025-11-19,3.67,3.67,3.655,3.663,4.0,3.6663,2
2025-11-20,3.663,3.663,3.655,3.656,8.0,3.6563,6
2025-11-21,3.641,3.641,3.641,3.641,0.0,3.641,0
2025-11-24,3.629,3.629,3.629,3.629,0.0,3.629,0
2025-11-25,3.625,3.625,3.625,3.625,0.0,3.625,0
2025-11-26,3.619,3.619,3.619,3.619,0.0,3.619,0
2025-11-28,3.651,3.651,3.651,3.651,0.0,3.651,0
2025-12-01,3.645,3.645,3.632,3.632,1.0,3.645,1
2025-12-02,3.637,3.637,3.634,3.634,9.0,3.637,9
2025-12-03,3.644,3.644,3.635,3.635,1.0,3.644,1
2025-12-04,3.64,3.64,3.638,3.638,9.0,3.64,9
2025-12-05,3.648,3.648,3.628,3.628,1.0,3.648,1
2025-12-08,3.64,3.64,3.622,3.622,2.0,3.64,1
2025-12-09,3.614,3.614,3.614,3.614,0.0,3.614,0
2025-12-10,3.589,3.589,3.589,3.589,0.0,3.589,0
2025-12-11,3.575,3.575,3.575,3.575,0.0,3.575,0
2025-12-12,3.561,3.561,3.561,3.561,0.0,3.561,0
2025-12-15,3.543,3.543,3.543,3.543,0.0,3.543,0
2025-12-16,3.54,3.54,3.54,3.54,0.0,3.54,0
2025-12-17,3.552,3.552,3.552,3.552,0.0,3.552,0
2025-12-18,3.524,3.524,3.524,3.524,0.0,3.524,0
2025-12-19,3.529,3.529,3.529,3.529,0.0,3.529,0
2025-12-22,3.504,3.504,3.503,3.503,1.0,3.504,1
2025-12-23,3.533,3.533,3.533,3.533,0.0,3.533,0
2025-12-24,3.528,3.528,3.528,3.528,0.0,3.528,0
2025-12-26,3.544,3.544,3.544,3.544,0.0,3.544,0
2025-12-29,3.549,3.549,3.549,3.549,0.0,3.549,0
2025-12-30,3.55,3.55,3.55,3.55,0.0,3.55,0
2025-12-31,3.549,3.549,3.549,3.549,0.0,3.549,0
2026-01-02,3.524,3.524,3.524,3.524,0.0,3.524,0
2026-01-05,3.517,3.518,3.517,3.518,1.0,3.517,1
2026-01-06,3.497,3.497,3.497,3.497,0.0,3.497,0
2026-01-07,3.506,3.506,3.506,3.506,0.0,3.506,0
2026-01-08,3.502,3.502,3.502,3.502,0.0,3.502,0
2026-01-09,3.465,3.465,3.445,3.445,1.0,3.465,1
2026-01-12,3.479,3.479,3.479,3.479,0.0,3.479,0
2026-01-13,3.467,3.467,3.467,3.467,0.0,3.467,0
2026-01-14,3.435,3.435,3.435,3.435,0.0,3.435,0
2026-01-15,3.471,3.483,3.432,3.474,5.0,3.4678,5
2026-01-16,3.494,3.494,3.494,3.494,0.0,3.494,0
2026-01-20,3.521,3.56,3.513,3.558,16.0,3.5322,16
2026-01-21,3.557,3.57,3.536,3.551,3.0,3.5543,3
2026-01-22,3.546,3.546,3.546,3.546,0.0,3.546,0
2026-01-23,3.498,3.498,3.498,3.498,0.0,3.498,0
2026-01-26,3.46,3.46,3.46,3.46,0.0,3.46,0
2026-01-27,3.438,3.438,3.438,3.438,0.0,3.438,0
2026-01-28,3.45,3.46,3.45,3.46,1.0,3.45,1
2026-01-29,3.499,3.499,3.499,3.499,0.0,3.499,0
2026-01-30,3.501,3.501,3.501,3.501,0.0,3.501,0
2026-02-02,3.459,3.459,3.459,3.459,0.0,3.459,0
2026-02-03,3.456,3.456,3.456,3.456,0.0,3.456,0
2026-02-04,3.463,3.463,3.463,3.463,0.0,3.463,0
2026-02-05,3.47,3.47,3.451,3.451,1.0,3.47,1
2026-02-06,3.461,3.461,3.435,3.435,2.0,3.456,2
2026-02-09,3.432,3.439,3.432,3.439,1.0,3.432,1
2026-02-10,3.436,3.436,3.436,3.436,0.0,3.436,0
2026-02-11,3.441,3.441,3.441,3.441,0.0,3.441,0
2026-02-12,3.433,3.433,3.433,3.433,0.0,3.433,0
2026-02-13,3.455,3.463,3.455,3.463,1.0,3.455,1
2026-02-17,3.466,3.466,3.426,3.426,11.0,3.4365,3
2026-02-18,3.446,3.446,3.446,3.446,0.0,3.446,0
2026-02-19,3.476,3.476,3.462,3.462,2.0,3.476,1
2026-02-20,3.487,3.487,3.487,3.487,0.0,3.487,0
2026-02-23,3.476,3.476,3.476,3.476,0.0,3.476,0
2026-02-24,3.482,3.482,3.462,3.469,6.0,3.4653,2
2026-02-25,3.486,3.486,3.486,3.486,0.0,3.486,0
2026-02-26,3.49,3.49,3.49,3.49,0.0,3.49,0
2026-02-27,3.483,3.483,3.483,3.483,0.0,3.483,0
2026-03-02,3.49,3.49,3.489,3.489,22.0,3.49,2
2026-03-03,3.471,3.471,3.471,3.471,5.0,3.471,1
2026-03-04,3.47,3.47,3.47,3.47,0.0,3.47,0
2026-03-05,3.485,3.485,3.485,3.485,0.0,3.485,0
2026-03-06,3.51,3.516,3.51,3.516,3.0,3.51,1
2026-03-09,3.515,3.522,3.515,3.522,4.0,3.515,2
2026-03-10,3.508,3.508,3.508,3.508,0.0,3.508,0
2026-03-11,3.522,3.522,3.522,3.522,0.0,3.522,0
2026-03-12,3.548,3.548,3.535,3.539,3.0,3.541,3
2026-03-13,3.566,3.566,3.566,3.566,0.0,3.566,0
2026-03-16,3.548,3.548,3.548,3.548,0.0,3.548,0
2026-03-17,3.559,3.559,3.559,3.559,0.0,3.559,0
2026-03-18,3.577,3.577,3.574,3.574,2.0,3.577,2
2026-03-19,3.618,3.622,3.584,3.585,6.0,3.6073,6
2026-03-20,3.625,3.665,3.606,3.62,26.0,3.6274,17
2026-03-23,3.613,3.613,3.613,3.613,0.0,3.613,0
2026-03-24,3.6,3.609,3.6,3.609,1.0,3.6,1
2026-03-25,3.603,3.603,3.603,3.603,0.0,3.603,0
2026-03-26,3.625,3.625,3.625,3.625,0.0,3.625,0
2026-03-27,3.65,3.65,3.65,3.65,0.0,3.65,0
2026-03-30,3.63,3.63,3.63,3.63,0.0,3.63,0
2026-03-31,3.582,3.582,3.582,3.582,0.0,3.582,0
2026-04-01,3.536,3.536,3.536,3.536,0.0,3.536,0
2026-04-02,3.541,3.541,3.541,3.541,0.0,3.541,0
2026-04-06,3.546,3.565,3.546,3.565,1.0,3.546,1
2026-04-07,3.619,3.619,3.619,3.619,0.0,3.619,0
2026-04-08,3.546,3.546,3.546,3.546,0.0,3.546,0
2026-04-09,3.539,3.539,3.539,3.539,0.0,3.539,0
2026-04-10,3.542,3.542,3.542,3.542,0.0,3.542,0
2026-04-13,3.575,3.575,3.548,3.548,1.0,3.575,1
2026-04-14,3.538,3.543,3.538,3.538,2.0,3.5405,2
2026-04-15,3.575,3.575,3.575,3.575,0.0,3.575,0
2026-04-16,3.588,3.588,3.588,3.588,0.0,3.588,0
2026-04-17,3.595,3.595,3.595,3.595,0.0,3.595,0
2026-04-20,3.594,3.594,3.594,3.594,0.0,3.594,0
2026-04-21,3.583,3.588,3.583,3.588,1.0,3.583,1
2026-04-22,3.594,3.594,3.594,3.594,0.0,3.594,0
2026-04-23,3.583,3.583,3.583,3.583,0.0,3.583,0
2026-04-24,3.58,3.58,3.563,3.563,2.0,3.58,1
2026-04-27,3.575,3.575,3.569,3.569,1.0,3.575,1
2026-04-28,3.562,3.562,3.562,3.562,0.0,3.562,0
2026-04-29,3.583,3.583,3.583,3.583,0.0,3.583,0
2026-04-30,3.59,3.59,3.59,3.59,0.0,3.59,0
2026-05-01,3.587,3.587,3.587,3.587,0.0,3.587,0
2026-05-04,3.587,3.596,3.587,3.596,1.0,3.587,1
2026-05-05,3.591,3.591,3.582,3.582,1.0,3.591,1
2026-05-06,3.55,3.55,3.55,3.55,0.0,3.55,0
2026-05-07,3.551,3.551,3.551,3.551,0.0,3.551,0
2026-05-08,3.559,3.559,3.559,3.559,0.0,3.559,0
2026-05-11,3.585,3.585,3.575,3.575,2.0,3.585,1
2026-05-12,3.557,3.557,3.557,3.557,0.0,3.557,0
2026-05-13,3.56,3.56,3.555,3.555,1.0,3.56,1
2026-05-14,3.553,3.553,3.553,3.553,0.0,3.553,0
2026-05-15,3.556,3.556,3.556,3.556,0.0,3.556,0
2026-05-18,3.574,3.574,3.574,3.574,0.0,3.574,0
2026-05-19,3.575,3.575,3.575,3.575,0.0,3.575,0
2026-05-20,3.558,3.558,3.558,3.558,0.0,3.558,0
2026-05-21,3.548,3.559,3.548,3.559,3.0,3.548,1
2026-05-22,3.555,3.555,3.555,3.555,0.0,3.555,0
2026-05-26,3.541,3.541,3.541,3.541,0.0,3.541,0
2026-05-27,3.541,3.541,3.541,3.541,0.0,3.541,0
2026-05-28,3.569,3.569,3.556,3.565,11.0,3.5572,11
2026-05-29,3.548,3.548,3.548,3.548,0.0,3.548,0
2026-06-01,3.56,3.568,3.56,3.568,1.0,3.56,1
2026-06-02,3.557,3.557,3.557,3.557,0.0,3.557,0
2026-06-03,3.565,3.565,3.565,3.565,0.0,3.565,0
2026-06-04,3.577,3.577,3.577,3.577,0.0,3.577,0
2026-06-05,3.575,3.576,3.575,3.576,5.0,3.575,1
2026-06-08,3.587,3.587,3.587,3.587,0.0,3.587,0
2026-06-09,3.578,3.578,3.578,3.578,0.0,3.578,0
2026-06-10,3.581,3.581,3.581,3.581,0.0,3.581,0
2026-06-11,3.58,3.58,3.579,3.579,3.0,3.58,3
2026-06-12,3.573,3.573,3.573,3.573,0.0,3.573,0
2026-06-15,3.563,3.568,3.563,3.568,8.0,3.563,1
2026-06-16,3.577,3.577,3.563,3.563,5.0,3.5716,5
2026-06-17,3.553,3.568,3.553,3.568,5.0,3.561,2
2026-06-18,3.548,3.548,3.548,3.548,0.0,3.548,0
2026-06-22,3.564,3.564,3.556,3.556,4.0,3.564,2
2026-06-23,3.549,3.549,3.549,3.549,0.0,3.549,0
2026-06-24,3.564,3.564,3.564,3.564,0.0,3.564,0
2026-06-25,3.545,3.545,3.545,3.545,0.0,3.545,0
2026-06-26,3.535,3.535,3.535,3.535,0.0,3.535,0
2026-06-29,3.53,3.534,3.53,3.534,1.0,3.53,1
2026-06-30,3.523,3.523,3.523,3.523,0.0,3.523,0
2026-07-01,3.493,3.493,3.493,3.493,0.0,3.493,0
2026-07-02,3.482,3.485,3.482,3.485,1.0,3.482,1
2026-07-06,3.485,3.485,3.485,3.485,0.0,3.485,0
2026-07-07,3.495,3.495,3.495,3.495,0.0,3.495,0
2026-07-08,3.505,3.505,3.505,3.505,0.0,3.505,0
2026-07-09,3.48,3.48,3.48,3.48,0.0,3.48,0
2026-07-10,3.47,3.47,3.47,3.47,1.0,3.47,1
2026-07-13,3.47,3.481,3.47,3.481,2.0,3.47,1
2026-07-14,3.477,3.477,3.477,3.477,0.0,3.477,0
2026-07-15,3.484,3.493,3.484,3.493,2.0,3.484,1
2026-07-16,3.493,3.493,3.465,3.465,1.0,3.493,1
2026-07-17,3.471,3.49,3.471,3.49,3.0,3.481,3
2026-07-20,3.479,3.479,3.479,3.479,0.0,3.479,0
2026-07-21,3.489,3.489,3.489,3.489,0.0,3.489,0
2026-07-22,3.528,3.528,3.528,3.528,0.0,3.528,0
2026-07-23,3.544,3.544,3.544,3.544,0.0,3.544,0
2026-07-24,3.543,3.543,3.543,3.543,0.0,3.543,0
2026-07-27,3.5,3.542,3.5,3.542,1.0,3.5,1
2026-07-28,3.528,3.53,3.528,3.53,6.0,3.528,1
2026-07-29,3.538,3.55,3.538,3.55,1.0,3.538,1
2026-07-30,3.54,3.54,3.538,3.538,1.0,3.54,1
2026-07-31,3.543,3.543,3.543,3.543,0.0,3.543,0
2026-08-03,3.567,3.567,3.567,3.567,0.0,3.567,0
2026-08-04,3.591,3.591,3.554,3.562,5.0,3.5688,5
2026-08-05,3.55,3.55,3.548,3.549,3.0,3.5487,3
2026-08-06,3.52,3.523,3.52,3.523,1.0,3.52,1
2026-08-07,3.548,3.548,3.546,3.546,1.0,3.548,1
2026-08-10,3.548,3.548,3.548,3.548,0.0,3.548,0
2026-08-11,3.559,3.559,3.543,3.543,2.0,3.559,1
2026-08-12,3.544,3.544,3.544,3.544,0.0,3.544,0
2026-08-13,3.53,3.555,3.527,3.555,14.0,3.5331,5
2026-08-14,3.572,3.572,3.558,3.558,1.0,3.572,1
