date,open,high,low,close,volume,average,barCount
2017-03-14,2.953,2.953,2.953,2.953,0.0,2.953,0
2017-03-15,2.973,2.973,2.973,2.973,0.0,2.973,0
2017-03-16,2.994,2.994,2.994,2.994,0.0,2.994,0
2017-03-17,2.999,2.999,2.999,2.999,0.0,2.999,0
2017-03-20,3.002,3.002,3.002,3.002,0.0,3.002,0
2017-03-21,3.015,3.015,3.015,3.015,0.0,3.015,0
2017-03-22,3.017,3.017,3.017,3.017,0.0,3.017,0
2017-03-23,3.012,3.012,3.012,3.012,0.0,3.012,0
2017-03-24,2.98,2.98,2.98,2.98,0.0,2.98,0
2017-03-27,2.97,2.97,2.97,2.97,0.0,2.97,0
2017-03-28,2.961,2.961,2.961,2.961,0.0,2.961,0
2017-03-29,2.969,2.969,2.969,2.969,0.0,2.969,0
2017-03-30,2.972,2.972,2.972,2.972,0.0,2.972,0
2017-03-31,2.973,2.973,2.973,2.973,0.0,2.973,0
2017-04-03,2.98,2.98,2.98,2.98,0.0,2.98,0
2017-04-04,2.993,2.993,2.993,2.993,0.0,2.993,0
2017-04-05,3.012,3.012,3.012,3.012,0.0,3.012,0
2017-04-06,2.997,2.997,2.997,2.997,0.0,2.997,0
2017-04-07,3.011,3.011,3.011,3.011,0.0,3.011,0
2017-04-10,3.02,3.02,3.02,3.02,0.0,3.02,0
2017-04-11,3.051,3.051,3.051,3.051,0.0,3.051,0
2017-04-12,3.052,3.052,3.052,3.052,0.0,3.052,0
2017-04-13,3.07,3.07,3.07,3.07,0.0,3.07,0
2017-04-17,3.059,3.059,3.059,3.059,0.0,3.059,0
2017-04-18,3.089,3.089,3.089,3.089,0.0,3.089,0
2017-04-19,3.1,3.1,3.1,3.1,0.0,3.1,0
2017-04-20,3.134,3.134,3.134,3.134,0.0,3.134,0
2017-04-21,3.135,3.135,3.135,3.135,0.0,3.135,0
2017-04-24,3.094,3.094,3.094,3.094,0.0,3.094,0
2017-04-25,3.094,3.094,3.094,3.094,0.0,3.094,0
2017-04-26,3.085,3.085,3.085,3.085,0.0,3.085,0
2017-04-27,3.076,3.076,3.076,3.076,0.0,3.076,0
2017-04-28,3.092,3.092,3.092,3.092,0.0,3.092,0
2017-05-01,3.067,3.067,3.067,3.067,0.0,3.067,0
2017-05-02,3.068,3.068,3.068,3.068,0.0,3.068,0
2017-05-03,3.087,3.087,3.087,3.087,0.0,3.087,0
2017-05-04,3.13,3.13,3.13,3.13,0.0,3.13,0
2017-05-05,3.13,3.13,3.13,3.13,0.0,3.13,0
2017-05-08,3.121,3.121,3.121,3.121,0.0,3.121,0
2017-05-09,3.124,3.124,3.124,3.124,0.0,3.124,0
2017-05-10,3.125,3.125,3.125,3.125,0.0,3.125,0
2017-05-11,3.159,3.159,3.159,3.159,0.0,3.159,0
2017-05-12,3.163,3.163,3.163,3.163,0.0,3.163,0
2017-05-15,3.158,3.158,3.158,3.158,0.0,3.158,0
2017-05-16,3.175,3.175,3.175,3.175,0.0,3.175,0
2017-05-17,3.171,3.171,3.171,3.171,0.0,3.171,0
2017-05-18,3.158,3.158,3.158,3.158,0.0,3.158,0
2017-05-19,3.148,3.148,3.148,3.148,0.0,3.148,0
2017-05-22,3.15,3.15,3.15,3.15,0.0,3.15,0
2017-05-23,3.219,3.219,3.219,3.219,0.0,3.219,0
2017-05-24,3.221,3.221,3.221,3.221,0.0,3.221,0
2017-05-25,3.204,3.204,3.204,3.204,0.0,3.204,0
2017-05-26,3.189,3.189,3.189,3.189,0.0,3.189,0
2017-05-30,3.162,3.162,3.162,3.162,0.0,3.162,0
2017-05-31,3.158,3.158,3.158,3.158,0.0,3.158,0
2017-06-01,3.16,3.16,3.16,3.16,0.0,3.16,0
2017-06-02,3.15,3.15,3.15,3.15,0.0,3.15,0
2017-06-05,3.12,3.12,3.12,3.12,0.0,3.12,0
2017-06-06,3.062,3.062,3.062,3.062,0.0,3.062,0
2017-06-07,3.073,3.073,3.073,3.073,0.0,3.073,0
2017-06-08,3.091,3.091,3.091,3.091,0.0,3.091,0
2017-06-09,3.088,3.088,3.088,3.088,0.0,3.088,0
2017-06-12,3.09,3.09,3.09,3.09,0.0,3.09,0
2017-06-13,3.09,3.09,3.09,3.09,0.0,3.09,0
2017-06-14,3.079,3.079,3.079,3.079,0.0,3.079,0
2017-06-15,3.107,3.107,3.107,3.107,0.0,3.107,0
2017-06-16,3.096,3.096,3.096,3.096,0.0,3.096,0
2017-06-19,3.119,3.119,3.119,3.119,0.0,3.119,0
2017-06-20,3.157,3.157,3.157,3.157,0.0,3.157,0
2017-06-21,3.173,3.173,3.173,3.173,0.0,3.173,0
2017-06-22,3.167,3.167,3.167,3.167,0.0,3.167,0
2017-06-23,3.164,3.164,3.164,3.164,0.0,3.164,0
2017-06-26,3.139,3.139,3.139,3.139,0.0,3.139,0
2017-06-27,3.139,3.139,3.139,3.139,0.0,3.139,0
2017-06-28,3.129,3.129,3.129,3.129,0.0,3.129,0
2017-06-29,3.129,3.129,3.129,3.129,0.0,3.129,0
2017-06-30,3.142,3.142,3.142,3.142,0.0,3.142,0
2017-07-03,3.143,3.143,3.143,3.143,0.0,3.143,0
2017-07-05,3.12,3.12,3.12,3.12,0.0,3.12,0
2017-07-06,3.079,3.079,3.079,3.079,0.0,3.079,0
2017-07-07,3.074,3.074,3.074,3.074,0.0,3.074,0
2017-07-10,3.061,3.061,3.061,3.061,0.0,3.061,0
2017-07-11,3.058,3.058,3.058,3.058,0.0,3.058,0
2017-07-12,3.044,3.044,3.044,3.044,0.0,3.044,0
2017-07-13,3.057,3.057,3.057,3.057,0.0,3.057,0
2017-07-14,3.06,3.06,3.06,3.06,0.0,3.06,0
2017-07-17,3.053,3.053,3.053,3.053,0.0,3.053,0
2017-07-18,3.058,3.058,3.058,3.058,0.0,3.058,0
2017-07-19,3.043,3.043,3.043,3.043,0.0,3.043,0
2017-07-20,3.024,3.024,3.024,3.024,0.0,3.024,0
2017-07-21,3.022,3.022,3.022,3.022,0.0,3.022,0
2017-07-24,2.994,2.994,2.994,2.994,0.0,2.994,0
2017-07-25,2.97,2.97,2.97,2.97,0.0,2.97,0
2017-07-26,2.96,2.96,2.96,2.96,0.0,2.96,0
2017-07-27,2.961,2.961,2.961,2.961,0.0,2.961,0
2017-07-28,2.976,2.976,2.976,2.976,0.0,2.976,0
2017-07-31,2.957,2.957,2.957,2.957,0.0,2.957,0
2017-08-01,2.979,2.979,2.979,2.979,0.0,2.979,0
2017-08-02,2.988,2.988,2.988,2.988,0.0,2.988,0
2017-08-03,3.011,3.011,3.011,3.011,0.0,3.011,0
2017-08-04,3.021,3.021,3.021,3.021,0.0,3.021,0
2017-08-07,3.02,3.02,3.02,3.02,0.0,3.02,0
2017-08-08,3.003,3.003,3.003,3.003,0.0,3.003,0
2017-08-09,2.997,2.997,2.997,2.997,0.0,2.997,0
2017-08-10,2.994,2.994,2.994,2.994,0.0,2.994,0
2017-08-11,2.998,2.998,2.998,2.998,0.0,2.998,0
2017-08-14,2.994,2.994,2.994,2.994,0.0,2.994,0
2017-08-15,2.992,2.992,2.992,2.992,0.0,2.992,0
2017-08-16,2.982,2.982,2.982,2.982,0.0,2.982,0
2017-08-17,2.981,2.981,2.981,2.981,0.0,2.981,0
2017-08-18,2.981,2.981,2.981,2.981,0.0,2.981,0
2017-08-21,2.971,2.971,2.971,2.971,0.0,2.971,0
2017-08-22,2.963,2.963,2.963,2.963,0.0,2.963,0
2017-08-23,2.961,2.961,2.961,2.961,0.0,2.961,0
2017-08-24,2.914,2.914,2.914,2.914,0.0,2.914,0
2017-08-25,2.901,2.901,2.901,2.901,0.0,2.901,0
2017-08-28,2.914,2.914,2.914,2.914,0.0,2.914,0
2017-08-29,2.916,2.916,2.916,2.916,0.0,2.916,0
2017-08-30,2.921,2.921,2.921,2.921,0.0,2.921,0
2017-08-31,2.929,2.929,2.929,2.929,0.0,2.929,0
2017-09-01,2.93,2.93,2.93,2.93,0.0,2.93,0
2017-09-05,2.926,2.926,2.926,2.926,0.0,2.926,0
2017-09-06,2.887,2.887,2.887,2.887,0.0,2.887,0
2017-09-07,2.921,2.921,2.921,2.921,0.0,2.921,0
2017-09-08,2.925,2.925,2.925,2.925,0.0,2.925,0
2017-09-11,2.936,2.936,2.936,2.936,0.0,2.936,0
2017-09-12,2.921,2.921,2.921,2.921,0.0,2.921,0
2017-09-13,2.907,2.907,2.907,2.907,0.0,2.907,0
2017-09-14,2.902,2.902,2.902,2.902,0.0,2.902,0
2017-09-15,2.907,2.907,2.907,2.907,0.0,2.907,0
2017-09-18,2.917,2.917,2.917,2.917,0.0,2.917,0
2017-09-19,2.905,2.905,2.905,2.905,0.0,2.905,0
2017-09-20,2.895,2.895,2.895,2.895,0.0,2.895,0
2017-09-21,2.886,2.886,2.886,2.886,0.0,2.886,0
2017-09-22,2.9,2.9,2.9,2.9,0.0,2.9,0
2017-09-25,2.883,2.883,2.883,2.883,0.0,2.883,0
2017-09-26,2.893,2.893,2.893,2.893,0.0,2.893,0
2017-09-27,2.904,2.904,2.904,2.904,0.0,2.904,0
2017-09-28,2.903,2.903,2.903,2.903,0.0,2.903,0
2017-09-29,2.9,2.9,2.9,2.9,0.0,2.9,0
2017-10-02,2.913,2.913,2.913,2.913,0.0,2.913,0
2017-10-03,2.922,2.922,2.922,2.922,0.0,2.922,0
2017-10-04,2.921,2.921,2.921,2.921,0.0,2.921,0
2017-10-05,2.93,2.93,2.93,2.93,0.0,2.93,0
2017-10-06,2.922,2.922,2.922,2.922,0.0,2.922,0
2017-10-09,2.932,2.932,2.932,2.932,0.0,2.932,0
2017-10-10,2.922,2.922,2.922,2.922,0.0,2.922,0
2017-10-11,2.908,2.908,2.908,2.908,0.0,2.908,0
2017-10-12,2.952,2.952,2.952,2.952,0.0,2.952,0
2017-10-13,2.968,2.968,2.968,2.968,0.0,2.968,0
2017-10-16,3.009,3.009,3.009,3.009,0.0,3.009,0
2017-10-17,3.056,3.056,3.056,3.056,0.0,3.056,0
2017-10-18,3.06,3.06,3.06,3.06,0.0,3.06,0
2017-10-19,3.082,3.082,3.082,3.082,0.0,3.082,0
2017-10-20,3.122,3.122,3.122,3.122,0.0,3.122,0
2017-10-23,3.102,3.102,3.102,3.102,0.0,3.102,0
2017-10-24,3.101,3.101,3.101,3.101,0.0,3.101,0
2017-10-25,3.102,3.102,3.102,3.102,0.0,3.102,0
2017-10-26,3.095,3.095,3.095,3.095,0.0,3.095,0
2017-10-27,3.075,3.075,3.075,3.075,0.0,3.075,0
2017-10-30,3.11,3.11,3.11,3.11,0.0,3.11,0
2017-10-31,3.107,3.107,3.107,3.107,0.0,3.107,0
2017-11-01,3.117,3.117,3.117,3.117,0.0,3.117,0
2017-11-02,3.099,3.099,3.099,3.099,0.0,3.099,0
2017-11-03,3.093,3.093,3.093,3.093,0.0,3.093,0
2017-11-06,3.088,3.088,3.088,3.088,0.0,3.088,0
2017-11-07,3.087,3.087,3.087,3.087,0.0,3.087,0
2017-11-08,3.085,3.085,3.085,3.085,0.0,3.085,0
2017-11-09,3.104,3.104,3.104,3.104,0.0,3.104,0
2017-11-10,3.086,3.086,3.086,3.086,0.0,3.086,0
2017-11-13,3.065,3.065,3.065,3.065,0.0,3.065,0
2017-11-14,3.043,3.043,3.043,3.043,0.0,3.043,0
2017-11-15,3.033,3.033,3.033,3.033,0.0,3.033,0
2017-11-16,3.037,3.037,3.037,3.037,0.0,3.037,0
2017-11-17,3.035,3.035,3.035,3.035,0.0,3.035,0
2017-11-20,3.028,3.028,3.028,3.028,0.0,3.028,0
2017-11-21,3.026,3.026,3.026,3.026,0.0,3.026,0
2017-11-22,3.013,3.013,3.013,3.013,0.0,3.013,0
2017-11-24,3.014,3.014,3.014,3.014,0.0,3.014,0
2017-11-27,3.016,3.016,3.016,3.016,0.0,3.016,0
2017-11-28,3.018,3.018,3.018,3.018,0.0,3.018,0
2017-11-29,3.022,3.022,3.022,3.022,0.0,3.022,0
2017-11-30,3.018,3.018,3.018,3.018,0.0,3.018,0
2017-12-01,2.984,2.984,2.984,2.984,0.0,2.984,0
2017-12-04,2.963,2.963,2.963,2.963,0.0,2.963,0
2017-12-05,2.952,2.952,2.952,2.952,0.0,2.952,0
2017-12-06,2.934,2.934,2.934,2.934,0.0,2.934,0
2017-12-07,2.94,2.94,2.94,2.94,0.0,2.94,0
2017-12-08,2.936,2.936,2.936,2.936,0.0,2.936,0
2017-12-11,2.929,2.929,2.929,2.929,0.0,2.929,0
2017-12-12,2.939,2.939,2.939,2.939,0.0,2.939,0
2017-12-13,2.964,2.964,2.964,2.964,0.0,2.964,0
2017-12-14,2.975,2.975,2.975,2.975,0.0,2.975,0
2017-12-15,2.983,2.983,2.983,2.983,0.0,2.983,0
2017-12-18,3.003,3.003,3.003,3.003,0.0,3.003,0
2017-12-19,3.005,3.005,3.005,3.005,0.0,3.005,0
2017-12-20,2.991,2.991,2.991,2.991,0.0,2.991,0
2017-12-21,3.008,3.008,3.008,3.008,0.0,3.008,0
2017-12-22,3.031,3.031,3.031,3.031,0.0,3.031,0
2017-12-26,3.032,3.032,3.032,3.032,0.0,3.032,0
2017-12-27,3.007,3.007,3.007,3.007,0.0,3.007,0
2017-12-28,2.976,2.976,2.976,2.976,0.0,2.976,0
2017-12-29,2.981,2.981,2.981,2.981,0.0,2.981,0
2018-01-02,2.974,2.974,2.974,2.974,0.0,2.974,0
2018-01-03,2.975,2.975,2.975,2.975,0.0,2.975,0
2018-01-04,3.007,3.007,3.007,3.007,0.0,3.007,0
2018-01-05,2.993,2.993,2.993,2.993,0.0,2.993,0
2018-01-08,2.988,2.988,2.988,2.988,0.0,2.988,0
2018-01-09,2.973,2.973,2.973,2.973,0.0,2.973,0
2018-01-10,2.966,2.966,2.966,2.966,0.0,2.966,0
2018-01-11,2.978,2.978,2.978,2.978,0.0,2.978,0
2018-01-12,2.965,2.965,2.965,2.965,0.0,2.965,0
2018-01-16,2.928,2.928,2.928,2.928,0.0,2.928,0
2018-01-17,2.922,2.922,2.922,2.922,0.0,2.922,0
2018-01-18,2.92,2.92,2.92,2.92,0.0,2.92,0
2018-01-19,2.93,2.93,2.93,2.93,0.0,2.93,0
2018-01-22,2.949,2.949,2.949,2.949,0.0,2.949,0
2018-01-23,2.961,2.961,2.961,2.961,0.0,2.961,0
2018-01-24,2.979,2.979,2.979,2.979,0.0,2.979,0
2018-01-25,3.014,3.014,3.014,3.014,0.0,3.014,0
2018-01-26,2.98,2.98,2.98,2.98,0.0,2.98,0
2018-01-29,2.982,2.982,2.982,2.982,0.0,2.982,0
2018-01-30,2.993,2.993,2.993,2.993,0.0,2.993,0
2018-01-31,2.962,2.962,2.962,2.962,0.0,2.962,0
2018-02-01,2.968,2.968,2.968,2.968,0.0,2.968,0
2018-02-02,2.99,2.99,2.99,2.99,0.0,2.99,0
2018-02-05,3.012,3.012,3.012,3.012,0.0,3.012,0
2018-02-06,2.999,2.999,2.999,2.999,0.0,2.999,0
2018-02-07,2.97,2.97,2.97,2.97,0.0,2.97,0
2018-02-08,2.983,2.983,2.983,2.983,0.0,2.983,0
2018-02-09,2.949,2.949,2.949,2.949,0.0,2.949,0
2018-02-12,2.944,2.944,2.944,2.944,0.0,2.944,0
2018-02-13,2.946,2.946,2.946,2.946,0.0,2.946,0
2018-02-14,2.944,2.944,2.944,2.944,0.0,2.944,0
2018-02-15,2.94,2.94,2.94,2.94,0.0,2.94,0
2018-02-16,2.961,2.961,2.961,2.961,0.0,2.961,0
2018-02-20,2.961,2.961,2.961,2.961,0.0,2.961,0
2018-02-21,2.979,2.979,2.979,2.979,0.0,2.979,0
2018-02-22,2.986,2.986,2.986,2.986,0.0,2.986,0
2018-02-23,2.978,2.978,2.978,2.978,0.0,2.978,0
2018-02-26,2.982,2.982,2.982,2.982,0.0,2.982,0
2018-02-27,2.985,2.985,2.985,2.985,0.0,2.985,0
2018-02-28,2.955,2.955,2.955,2.955,0.0,2.955,0
2018-03-01,2.98,2.98,2.98,2.98,0.0,2.98,0
2018-03-02,2.997,2.997,2.997,2.997,0.0,2.997,0
2018-03-05,3.015,3.015,3.015,3.015,0.0,3.015,0
2018-03-06,3.024,3.024,3.024,3.024,0.0,3.024,0
2018-03-07,3.015,3.015,3.015,3.015,0.0,3.015,0
2018-03-08,2.97,2.97,2.97,2.97,0.0,2.97,0
2018-03-09,2.937,2.937,2.937,2.937,0.0,2.937,0
2018-03-12,2.944,2.944,2.944,2.944,0.0,2.944,0
2018-03-13,2.951,2.951,2.951,2.951,0.0,2.951,0
2018-03-14,2.973,2.973,2.973,2.973,0.0,2.973,0
2018-03-15,3.031,3.031,3.031,3.031,0.0,3.031,0
2018-03-16,3.034,3.034,3.034,3.034,0.0,3.034,0
2018-03-19,3.024,3.024,3.024,3.024,0.0,3.024,0
2018-03-20,3.029,3.029,3.029,3.029,0.0,3.029,0
2018-03-21,3.037,3.037,3.037,3.037,0.0,3.037,0
2018-03-22,3.025,3.025,3.025,3.025,0.0,3.025,0
2018-03-23,2.95,2.95,2.95,2.95,0.0,2.95,0
2018-03-26,2.978,2.978,2.978,2.978,0.0,2.978,0
2018-03-27,2.988,2.988,2.988,2.988,0.0,2.988,0
2018-03-28,3.002,3.002,3.002,3.002,0.0,3.002,0
2018-03-29,3.04,3.04,3.04,3.04,0.0,3.04,0
2018-04-02,3.022,3.022,3.022,3.022,0.0,3.022,0
2018-04-03,3.0,3.0,3.0,3.0,0.0,3.0,0
2018-04-04,2.974,2.974,2.974,2.974,0.0,2.974,0
2018-04-05,2.99,2.99,2.99,2.99,0.0,2.99,0
2018-04-06,2.984,2.984,2.984,2.984,0.0,2.984,0
2018-04-09,2.973,2.973,2.973,2.973,0.0,2.973,0
2018-04-10,2.982,2.982,2.982,2.982,0.0,2.982,0
2018-04-11,2.997,2.997,2.997,2.997,0.0,2.997,0
2018-04-12,3.013,3.013,3.013,3.013,0.0,3.013,0
2018-04-13,3.006,3.006,3.006,3.006,0.0,3.006,0
2018-04-16,3.008,3.008,3.008,3.008,0.0,3.008,0
2018-04-17,2.988,2.988,2.988,2.988,0.0,2.988,0
2018-04-18,2.981,2.981,2.981,2.981,0.0,2.981,0
2018-04-19,2.978,2.978,2.978,2.978,0.0,2.978,0
2018-04-20,2.986,2.986,2.986,2.986,0.0,2.986,0
2018-04-23,2.987,2.987,2.987,2.987,0.0,2.987,0
2018-04-24,2.983,2.983,2.983,2.983,0.0,2.983,0
2018-04-25,2.974,2.974,2.974,2.974,0.0,2.974,0
2018-04-26,2.968,2.968,2.968,2.968,0.0,2.968,0
2018-04-27,2.97,2.97,2.97,2.97,0.0,2.97,0
2018-04-30,2.967,2.967,2.967,2.967,0.0,2.967,0
2018-05-01,2.947,2.947,2.947,2.947,0.0,2.947,0
2018-05-02,2.959,2.959,2.959,2.959,0.0,2.959,0
2018-05-03,2.962,2.962,2.962,2.962,0.0,2.962,0
2018-05-04,2.96,2.96,2.96,2.96,0.0,2.96,0
2018-05-07,2.958,2.958,2.958,2.958,0.0,2.958,0
2018-05-08,2.913,2.913,2.913,2.913,0.0,2.913,0
2018-05-09,2.899,2.899,2.899,2.899,0.0,2.899,0
2018-05-10,2.895,2.895,2.895,2.895,0.0,2.895,0
2018-05-11,2.898,2.898,2.898,2.898,0.0,2.898,0
2018-05-14,2.897,2.897,2.897,2.897,0.0,2.897,0
2018-05-15,2.922,2.922,2.922,2.922,0.0,2.922,0
2018-05-16,2.906,2.906,2.906,2.906,0.0,2.906,0
2018-05-17,2.913,2.913,2.913,2.913,0.0,2.913,0
2018-05-18,2.928,2.928,2.928,2.928,0.0,2.928,0
2018-05-21,2.923,2.923,2.923,2.923,0.0,2.923,0
2018-05-22,2.92,2.92,2.92,2.92,0.0,2.92,0
2018-05-23,2.897,2.897,2.897,2.897,0.0,2.897,0
2018-05-24,2.891,2.891,2.891,2.891,0.0,2.891,0
2018-05-25,2.863,2.863,2.863,2.863,0.0,2.863,0
2018-05-29,2.84,2.84,2.84,2.84,0.0,2.84,0
2018-05-30,2.851,2.851,2.851,2.851,0.0,2.851,0
2018-05-31,2.819,2.819,2.819,2.819,0.0,2.819,0
2018-06-01,2.805,2.805,2.805,2.805,0.0,2.805,0
2018-06-04,2.818,2.818,2.818,2.818,0.0,2.818,0
2018-06-05,2.833,2.833,2.833,2.833,0.0,2.833,0
2018-06-06,2.832,2.832,2.832,2.832,0.0,2.832,0
2018-06-07,2.83,2.83,2.83,2.83,0.0,2.83,0
2018-06-08,2.832,2.832,2.832,2.832,0.0,2.832,0
2018-06-11,2.823,2.823,2.823,2.823,0.0,2.823,0
2018-06-12,2.837,2.837,2.837,2.837,0.0,2.837,0
2018-06-13,2.858,2.858,2.858,2.858,0.0,2.858,0
2018-06-14,2.87,2.87,2.87,2.87,0.0,2.87,0
2018-06-15,2.875,2.875,2.875,2.875,0.0,2.875,0
2018-06-18,2.906,2.906,2.906,2.906,0.0,2.906,0
2018-06-19,2.909,2.909,2.909,2.909,0.0,2.909,0
2018-06-20,2.908,2.908,2.908,2.908,0.0,2.908,0
2018-06-21,2.885,2.885,2.885,2.885,0.0,2.885,0
2018-06-22,2.887,2.887,2.887,2.887,0.0,2.887,0
2018-06-25,2.883,2.883,2.883,2.883,0.0,2.883,0
2018-06-26,2.88,2.88,2.88,2.88,0.0,2.88,0
2018-06-27,2.883,2.883,2.883,2.883,0.0,2.883,0
2018-06-28,2.865,2.865,2.865,2.865,0.0,2.865,0
2018-06-29,2.862,2.862,2.862,2.862,0.0,2.862,0
2018-07-02,2.853,2.853,2.853,2.853,0.0,2.853,0
2018-07-03,2.85,2.85,2.85,2.85,0.0,2.85,0
2018-07-05,2.852,2.852,2.852,2.852,0.0,2.852,0
2018-07-06,2.851,2.851,2.851,2.851,0.0,2.851,0
2018-07-09,2.842,2.842,2.842,2.842,0.0,2.842,0
2018-07-10,2.846,2.846,2.846,2.846,0.0,2.846,0
2018-07-11,2.824,2.824,2.824,2.824,0.0,2.824,0
2018-07-12,2.821,2.821,2.821,2.821,0.0,2.821,0
2018-07-13,2.816,2.816,2.816,2.816,0.0,2.816,0
2018-07-16,2.783,2.783,2.783,2.783,0.0,2.783,0
2018-07-17,2.768,2.768,2.768,2.768,0.0,2.768,0
2018-07-18,2.761,2.761,2.761,2.761,0.0,2.761,0
2018-07-19,2.759,2.759,2.759,2.759,0.0,2.759,0
2018-07-20,2.765,2.765,2.765,2.765,0.0,2.765,0
2018-07-23,2.774,2.774,2.774,2.774,0.0,2.774,0
2018-07-24,2.788,2.788,2.788,2.788,0.0,2.788,0
2018-07-25,2.817,2.817,2.817,2.817,0.0,2.817,0
2018-07-26,2.813,2.813,2.813,2.813,0.0,2.813,0
2018-07-27,2.832,2.832,2.832,2.832,0.0,2.832,0
2018-07-30,2.836,2.836,2.836,2.836,0.0,2.836,0
2018-07-31,2.839,2.839,2.839,2.839,0.0,2.839,0
2018-08-01,2.809,2.809,2.809,2.809,0.0,2.809,0
2018-08-02,2.813,2.813,2.813,2.813,0.0,2.813,0
2018-08-03,2.813,2.813,2.813,2.813,0.0,2.813,0
2018-08-06,2.804,2.804,2.804,2.804,0.0,2.804,0
2018-08-07,2.832,2.832,2.832,2.832,0.0,2.832,0
2018-08-08,2.845,2.845,2.845,2.845,0.0,2.845,0
2018-08-09,2.842,2.842,2.842,2.842,0.0,2.842,0
2018-08-10,2.843,2.843,2.843,2.843,0.0,2.843,0
2018-08-13,2.844,2.844,2.844,2.844,0.0,2.844,0
2018-08-14,2.843,2.843,2.843,2.843,0.0,2.843,0
2018-08-15,2.844,2.844,2.844,2.844,0.0,2.844,0
2018-08-16,2.834,2.834,2.834,2.834,0.0,2.834,0
2018-08-17,2.836,2.836,2.836,2.836,0.0,2.836,0
2018-08-20,2.835,2.835,2.835,2.835,0.0,2.835,0
2018-08-21,2.855,2.855,2.855,2.855,0.0,2.855,0
2018-08-22,2.842,2.842,2.842,2.842,0.0,2.842,0
2018-08-23,2.839,2.839,2.839,2.839,0.0,2.839,0
2018-08-24,2.823,2.823,2.823,2.823,0.0,2.823,0
2018-08-27,2.792,2.792,2.792,2.792,0.0,2.792,0
2018-08-28,2.768,2.768,2.768,2.768,0.0,2.768,0
2018-08-29,2.772,2.772,2.772,2.772,0.0,2.772,0
2018-08-30,2.753,2.753,2.753,2.753,0.0,2.753,0
2018-08-31,2.767,2.767,2.767,2.767,0.0,2.767,0
2018-09-04,2.75,2.75,2.75,2.75,0.0,2.75,0
2018-09-05,2.755,2.755,2.755,2.755,0.0,2.755,0
2018-09-06,2.774,2.774,2.774,2.774,0.0,2.774,0
2018-09-07,2.773,2.773,2.773,2.773,0.0,2.773,0
2018-09-10,2.779,2.779,2.779,2.779,0.0,2.779,0
2018-09-11,2.776,2.776,2.776,2.776,0.0,2.776,0
2018-09-12,2.786,2.786,2.786,2.786,0.0,2.786,0
2018-09-13,2.802,2.802,2.802,2.802,0.0,2.802,0
2018-09-14,2.807,2.807,2.807,2.807,0.0,2.807,0
2018-09-17,2.811,2.811,2.811,2.811,0.0,2.811,0
2018-09-18,2.814,2.814,2.814,2.814,0.0,2.814,0
2018-09-19,2.811,2.811,2.811,2.811,0.0,2.811,0
2018-09-20,2.815,2.815,2.815,2.815,0.0,2.815,0
2018-09-21,2.813,2.813,2.813,2.813,0.0,2.813,0
2018-09-24,2.811,2.811,2.811,2.811,0.0,2.811,0
2018-09-25,2.813,2.813,2.813,2.813,0.0,2.813,0
2018-09-26,2.822,2.822,2.822,2.822,0.0,2.822,0
2018-09-27,2.823,2.823,2.823,2.823,0.0,2.823,0
2018-09-28,2.823,2.823,2.823,2.823,0.0,2.823,0
2018-10-01,2.828,2.828,2.828,2.828,0.0,2.828,0
2018-10-02,2.826,2.826,2.826,2.826,0.0,2.826,0
2018-10-03,2.825,2.825,2.825,2.825,0.0,2.825,0
2018-10-04,2.826,2.826,2.826,2.826,0.0,2.826,0
2018-10-05,2.829,2.829,2.829,2.829,0.0,2.829,0
2018-10-08,2.834,2.834,2.834,2.834,0.0,2.834,0
2018-10-09,2.829,2.829,2.829,2.829,0.0,2.829,0
2018-10-10,2.825,2.825,2.825,2.825,0.0,2.825,0
2018-10-11,2.85,2.85,2.85,2.85,0.0,2.85,0
2018-10-12,2.862,2.862,2.862,2.862,0.0,2.862,0
2018-10-15,2.861,2.861,2.861,2.861,0.0,2.861,0
2018-10-16,2.886,2.886,2.886,2.886,0.0,2.886,0
2018-10-17,2.881,2.881,2.881,2.881,0.0,2.881,0
2018-10-18,2.88,2.88,2.88,2.88,0.0,2.88,0
2018-10-19,2.877,2.877,2.877,2.877,0.0,2.877,0
2018-10-22,2.878,2.878,2.878,2.878,0.0,2.878,0
2018-10-23,2.877,2.877,2.877,2.877,0.0,2.877,0
2018-10-24,2.874,2.874,2.874,2.874,0.0,2.874,0
2018-10-25,2.864,2.864,2.864,2.864,0.0,2.864,0
2018-10-26,2.866,2.866,2.866,2.866,0.0,2.866,0
2018-10-29,2.867,2.867,2.867,2.867,0.0,2.867,0
2018-10-30,2.885,2.885,2.885,2.885,0.0,2.885,0
2018-10-31,2.884,2.884,2.884,2.884,0.0,2.884,0
2018-11-01,2.889,2.889,2.889,2.889,0.0,2.889,0
2018-11-02,2.896,2.896,2.896,2.896,0.0,2.896,0
2018-11-05,2.91,2.91,2.91,2.91,0.0,2.91,0
2018-11-06,2.926,2.926,2.926,2.926,0.0,2.926,0
2018-11-07,2.924,2.924,2.924,2.924,0.0,2.924,0
2018-11-08,2.925,2.925,2.925,2.925,0.0,2.925,0
2018-11-09,2.928,2.928,2.928,2.928,0.0,2.928,0
2018-11-12,2.951,2.951,2.951,2.951,0.0,2.951,0
2018-11-13,2.93,2.93,2.93,2.93,0.0,2.93,0
2018-11-14,2.914,2.914,2.914,2.914,0.0,2.914,0
2018-11-15,2.929,2.929,2.929,2.929,0.0,2.929,0
2018-11-16,2.9,2.9,2.9,2.9,0.0,2.9,0
2018-11-19,2.887,2.887,2.887,2.887,0.0,2.887,0
2018-11-20,2.885,2.885,2.885,2.885,0.0,2.885,0
2018-11-21,2.883,2.883,2.883,2.883,0.0,2.883,0
2018-11-23,2.908,2.908,2.908,2.908,0.0,2.908,0
2018-11-26,2.901,2.901,2.901,2.901,0.0,2.901,0
2018-11-27,2.897,2.897,2.897,2.897,0.0,2.897,0
2018-11-28,2.898,2.898,2.898,2.898,0.0,2.898,0
2018-11-29,2.933,2.933,2.933,2.933,0.0,2.933,0
2018-11-30,2.989,2.989,2.989,2.989,0.0,2.989,0
2018-12-03,2.961,2.961,2.961,2.961,0.0,2.961,0
2018-12-04,2.947,2.947,2.947,2.947,0.0,2.947,0
2018-12-05,2.938,2.938,2.938,2.938,0.0,2.938,0
2018-12-06,2.949,2.949,2.949,2.949,0.0,2.949,0
2018-12-07,2.956,2.956,2.956,2.956,0.0,2.956,0
2018-12-10,2.957,2.957,2.957,2.957,0.0,2.957,0
2018-12-11,2.932,2.932,2.932,2.932,0.0,2.932,0
2018-12-12,2.934,2.934,2.934,2.934,0.0,2.934,0
2018-12-13,2.902,2.902,2.902,2.902,0.0,2.902,0
2018-12-14,2.912,2.912,2.912,2.912,0.0,2.912,0
2018-12-17,2.911,2.911,2.911,2.911,0.0,2.911,0
2018-12-18,2.906,2.906,2.906,2.906,0.0,2.906,0
2018-12-19,2.929,2.929,2.929,2.929,0.0,2.929,0
2018-12-20,2.944,2.944,2.944,2.944,0.0,2.944,0
2018-12-21,2.947,2.947,2.947,2.947,0.0,2.947,0
2018-12-24,2.946,2.946,2.946,2.946,0.0,2.946,0
2018-12-26,2.943,2.943,2.943,2.943,0.0,2.943,0
2018-12-27,2.941,2.941,2.941,2.941,0.0,2.941,0
2018-12-28,2.938,2.938,2.938,2.938,0.0,2.938,0
2018-12-31,2.944,2.944,2.944,2.944,0.0,2.944,0
2019-01-02,2.944,2.944,2.944,2.944,0.0,2.944,0
2019-01-03,2.933,2.933,2.933,2.933,0.0,2.933,0
2019-01-04,2.937,2.937,2.937,2.937,0.0,2.937,0
2019-01-07,2.939,2.939,2.939,2.939,0.0,2.939,0
2019-01-08,2.93,2.93,2.93,2.93,0.0,2.93,0
2019-01-09,2.928,2.928,2.928,2.928,0.0,2.928,0
2019-01-10,2.925,2.925,2.925,2.925,0.0,2.925,0
2019-01-11,2.932,2.932,2.932,2.932,0.0,2.932,0
2019-01-14,2.931,2.931,2.931,2.931,0.0,2.931,0
2019-01-15,2.923,2.923,2.923,2.923,0.0,2.923,0
2019-01-16,2.892,2.892,2.892,2.892,0.0,2.892,0
2019-01-17,2.892,2.892,2.892,2.892,0.0,2.892,0
2019-01-18,2.905,2.905,2.905,2.905,0.0,2.905,0
2019-01-22,2.918,2.918,2.918,2.918,0.0,2.918,0
2019-01-23,2.898,2.898,2.898,2.898,0.0,2.898,0
2019-01-24,2.877,2.877,2.877,2.877,0.0,2.877,0
2019-01-25,2.922,2.922,2.922,2.922,0.0,2.922,0
2019-01-28,2.906,2.906,2.906,2.906,0.0,2.906,0
2019-01-29,2.909,2.909,2.909,2.909,0.0,2.909,0
2019-01-30,2.911,2.911,2.911,2.911,0.0,2.911,0
2019-01-31,2.912,2.912,2.912,2.912,0.0,2.912,0
2019-02-01,2.913,2.913,2.913,2.913,0.0,2.913,0
2019-02-04,2.9,2.9,2.9,2.9,0.0,2.9,0
2019-02-05,2.941,2.941,2.941,2.941,0.0,2.941,0
2019-02-06,2.938,2.938,2.938,2.938,0.0,2.938,0
2019-02-07,2.934,2.934,2.934,2.934,0.0,2.934,0
2019-02-08,2.936,2.936,2.936,2.936,0.0,2.936,0
2019-02-11,2.941,2.941,2.941,2.941,0.0,2.941,0
2019-02-12,2.949,2.949,2.949,2.949,0.0,2.949,0
2019-02-13,2.95,2.95,2.95,2.95,0.0,2.95,0
2019-02-14,2.954,2.954,2.954,2.954,0.0,2.954,0
2019-02-15,2.934,2.934,2.934,2.934,0.0,2.934,0
2019-02-19,2.925,2.925,2.925,2.925,0.0,2.925,0
2019-02-20,2.937,2.937,2.937,2.937,0.0,2.937,0
2019-02-21,2.924,2.924,2.924,2.924,0.0,2.924,0
2019-02-22,2.921,2.921,2.921,2.921,0.0,2.921,0
2019-02-25,2.913,2.913,2.913,2.913,0.0,2.913,0
2019-02-26,2.895,2.895,2.895,2.895,0.0,2.895,0
2019-02-27,2.931,2.931,2.931,2.931,0.0,2.931,0
2019-02-28,2.942,2.942,2.942,2.942,0.0,2.942,0
2019-03-01,2.941,2.941,2.941,2.941,0.0,2.941,0
2019-03-04,2.937,2.937,2.937,2.937,0.0,2.937,0
2019-03-05,2.935,2.935,2.935,2.935,0.0,2.935,0
2019-03-06,2.938,2.938,2.938,2.938,0.0,2.938,0
2019-03-07,2.943,2.943,2.943,2.943,0.0,2.943,0
2019-03-08,2.943,2.943,2.943,2.943,0.0,2.943,0
2019-03-11,2.97,2.97,2.97,2.97,0.0,2.97,0
2019-03-12,2.985,2.985,2.985,2.985,0.0,2.985,0
2019-03-13,2.994,2.994,2.994,2.994,0.0,2.994,0
2019-03-14,3.002,3.002,3.002,3.002,0.0,3.002,0
2019-03-15,3.003,3.003,3.003,3.003,0.0,3.003,0
2019-03-18,3.003,3.003,3.003,3.003,0.0,3.003,0
2019-03-19,3.004,3.004,3.004,3.004,0.0,3.004,0
2019-03-20,3.002,3.002,3.002,3.002,0.0,3.002,0
2019-03-21,3.012,3.012,3.012,3.012,0.0,3.012,0
2019-03-22,3.002,3.002,3.002,3.002,0.0,3.002,0
2019-03-25,3.001,3.001,3.001,3.001,0.0,3.001,0
2019-03-26,3.003,3.003,3.003,3.003,0.0,3.003,0
2019-03-27,2.994,2.994,2.994,2.994,0.0,2.994,0
2019-03-28,2.997,2.997,2.997,2.997,0.0,2.997,0
2019-03-29,2.996,2.996,2.996,2.996,0.0,2.996,0
2019-04-01,2.995,2.995,2.995,2.995,0.0,2.995,0
2019-04-02,3.002,3.002,3.002,3.002,0.0,3.002,0
2019-04-03,2.995,2.995,2.995,2.995,0.0,2.995,0
2019-04-04,3.026,3.026,3.026,3.026,0.0,3.026,0
2019-04-05,3.009,3.009,3.009,3.009,0.0,3.009,0
2019-04-08,3.012,3.012,3.012,3.012,0.0,3.012,0
2019-04-09,3.019,3.019,3.019,3.019,0.0,3.019,0
2019-04-10,2.997,2.997,2.997,2.997,0.0,2.997,0
2019-04-11,2.995,2.995,2.995,2.995,0.0,2.995,0
2019-04-12,2.995,2.995,2.995,2.995,0.0,2.995,0
2019-04-15,2.995,2.995,2.995,2.995,0.0,2.995,0
2019-04-16,2.996,2.996,2.996,2.996,0.0,2.996,0
2019-04-17,2.986,2.986,2.986,2.986,0.0,2.986,0
2019-04-18,2.971,2.971,2.971,2.971,0.0,2.971,0
2019-04-22,2.959,2.959,2.959,2.959,0.0,2.959,0
2019-04-23,2.954,2.954,2.954,2.954,0.0,2.954,0
2019-04-24,2.964,2.964,2.964,2.964,0.0,2.964,0
2019-04-25,2.974,2.974,2.974,2.974,0.0,2.974,0
2019-04-26,2.971,2.971,2.971,2.971,0.0,2.971,0
2019-04-29,2.978,2.978,2.978,2.978,0.0,2.978,0
2019-04-30,2.983,2.983,2.983,2.983,0.0,2.983,0
2019-05-01,2.985,2.985,2.985,2.985,0.0,2.985,0
2019-05-02,2.982,2.982,2.982,2.982,0.0,2.982,0
2019-05-03,2.995,2.995,2.995,2.995,0.0,2.995,0
2019-05-06,2.998,2.998,2.998,2.998,0.0,2.998,0
2019-05-07,2.998,2.998,2.998,2.998,0.0,2.998,0
2019-05-08,2.992,2.992,2.992,2.992,0.0,2.992,0
2019-05-09,2.999,2.999,2.999,2.999,0.0,2.999,0
2019-05-10,2.99,2.99,2.99,2.99,0.0,2.99,0
2019-05-13,2.993,2.993,2.993,2.993,0.0,2.993,0
2019-05-14,3.004,3.004,3.004,3.004,0.0,3.004,0
2019-05-15,3.001,3.001,3.001,3.001,0.0,3.001,0
2019-05-16,2.997,2.997,2.997,2.997,0.0,2.997,0
2019-05-17,3.001,3.001,3.001,3.001,0.0,3.001,0
2019-05-20,3.006,3.006,3.006,3.006,0.0,3.006,0
2019-05-21,3.009,3.009,3.009,3.009,0.0,3.009,0
2019-05-22,2.958,2.958,2.958,2.958,0.0,2.958,0
2019-05-23,2.97,2.97,2.97,2.97,0.0,2.97,0
2019-05-24,2.98,2.98,2.98,2.98,0.0,2.98,0
2019-05-28,2.988,2.988,2.988,2.988,0.0,2.988,0
2019-05-29,2.969,2.969,2.969,2.969,0.0,2.969,0
2019-05-30,2.967,2.967,2.967,2.967,0.0,2.967,0
2019-05-31,2.965,2.965,2.965,2.965,0.0,2.965,0
2019-06-03,2.953,2.953,2.953,2.953,0.0,2.953,0
2019-06-04,2.958,2.958,2.958,2.958,0.0,2.958,0
2019-06-05,2.946,2.946,2.946,2.946,0.0,2.946,0
2019-06-06,2.962,2.962,2.962,2.962,0.0,2.962,0
2019-06-07,2.963,2.963,2.963,2.963,0.0,2.963,0
2019-06-10,2.952,2.952,2.952,2.952,0.0,2.952,0
2019-06-11,2.952,2.952,2.952,2.952,0.0,2.952,0
2019-06-12,2.949,2.949,2.949,2.949,0.0,2.949,0
2019-06-13,2.95,2.95,2.95,2.95,0.0,2.95,0
2019-06-14,2.955,2.955,2.955,2.955,0.0,2.955,0
2019-06-17,2.958,2.958,2.958,2.958,0.0,2.958,0
2019-06-18,2.941,2.941,2.941,2.941,0.0,2.941,0
2019-06-19,2.942,2.942,2.942,2.942,0.0,2.942,0
2019-06-20,2.946,2.946,2.946,2.946,0.0,2.946,0
2019-06-21,2.961,2.961,2.961,2.961,0.0,2.961,0
2019-06-24,2.961,2.961,2.961,2.961,0.0,2.961,0
2019-06-25,2.96,2.96,2.96,2.96,0.0,2.96,0
2019-06-26,2.952,2.952,2.952,2.952,0.0,2.952,0
2019-06-27,2.948,2.948,2.948,2.948,0.0,2.948,0
2019-06-28,2.92,2.92,2.92,2.92,0.0,2.92,0
2019-07-01,2.913,2.913,2.913,2.913,0.0,2.913,0
2019-07-02,2.909,2.909,2.909,2.909,0.0,2.909,0
2019-07-03,2.908,2.908,2.908,2.908,0.0,2.908,0
2019-07-05,2.934,2.934,2.934,2.934,0.0,2.934,0
2019-07-08,2.93,2.93,2.93,2.93,0.0,2.93,0
2019-07-09,2.958,2.958,2.958,2.958,0.0,2.958,0
2019-07-10,2.95,2.95,2.95,2.95,0.0,2.95,0
2019-07-11,2.958,2.958,2.958,2.958,0.0,2.958,0
2019-07-12,2.966,2.966,2.966,2.966,0.0,2.966,0
2019-07-15,2.971,2.971,2.971,2.971,0.0,2.971,0
2019-07-16,2.947,2.947,2.947,2.947,0.0,2.947,0
2019-07-17,2.944,2.944,2.944,2.944,0.0,2.944,0
2019-07-18,2.963,2.963,2.963,2.963,0.0,2.963,0
2019-07-19,2.956,2.956,2.956,2.956,0.0,2.956,0
2019-07-22,2.914,2.914,2.914,2.914,0.0,2.914,0
2019-07-23,2.921,2.921,2.921,2.921,0.0,2.921,0
2019-07-24,2.914,2.914,2.914,2.914,0.0,2.914,0
2019-07-25,2.915,2.915,2.915,2.915,0.0,2.915,0
2019-07-26,2.909,2.909,2.909,2.909,0.0,2.909,0
2019-07-29,2.898,2.898,2.898,2.898,0.0,2.898,0
2019-07-30,2.901,2.901,2.901,2.901,0.0,2.901,0
2019-07-31,2.907,2.907,2.907,2.907,0.0,2.907,0
2019-08-01,2.91,2.91,2.91,2.91,0.0,2.91,0
2019-08-02,2.897,2.897,2.897,2.897,0.0,2.897,0
2019-08-05,2.895,2.895,2.895,2.895,0.0,2.895,0
2019-08-06,2.896,2.896,2.896,2.896,0.0,2.896,0
2019-08-07,2.901,2.901,2.901,2.901,0.0,2.901,0
2019-08-08,2.88,2.88,2.88,2.88,0.0,2.88,0
2019-08-09,2.856,2.856,2.856,2.856,0.0,2.856,0
2019-08-12,2.845,2.845,2.845,2.845,0.0,2.845,0
2019-08-13,2.826,2.826,2.826,2.826,0.0,2.826,0
2019-08-14,2.789,2.789,2.789,2.789,0.0,2.789,0
2019-08-15,2.789,2.789,2.789,2.789,0.0,2.789,0
2019-08-16,2.768,2.768,2.768,2.768,0.0,2.768,0
2019-08-19,2.77,2.77,2.77,2.77,0.0,2.77,0
2019-08-20,2.77,2.77,2.77,2.77,0.0,2.77,0
2019-08-21,2.771,2.771,2.771,2.771,0.0,2.771,0
2019-08-22,2.76,2.76,2.76,2.76,0.0,2.76,0
2019-08-23,2.79,2.79,2.79,2.79,0.0,2.79,0
2019-08-26,2.797,2.797,2.797,2.797,0.0,2.797,0
2019-08-27,2.812,2.812,2.812,2.812,0.0,2.812,0
2019-08-28,2.831,2.831,2.831,2.831,0.0,2.831,0
2019-08-29,2.829,2.829,2.829,2.829,0.0,2.829,0
2019-08-30,2.789,2.789,2.789,2.789,0.0,2.789,0
2019-09-03,2.794,2.794,2.794,2.794,0.0,2.794,0
2019-09-04,2.765,2.765,2.765,2.765,0.0,2.765,0
2019-09-05,2.772,2.772,2.772,2.772,0.0,2.772,0
2019-09-06,2.759,2.759,2.759,2.759,0.0,2.759,0
2019-09-09,2.723,2.723,2.723,2.723,0.0,2.723,0
2019-09-10,2.727,2.727,2.727,2.727,0.0,2.727,0
2019-09-11,2.722,2.722,2.722,2.722,0.0,2.722,0
2019-09-12,2.727,2.727,2.727,2.727,0.0,2.727,0
2019-09-13,2.692,2.692,2.692,2.692,0.0,2.692,0
2019-09-16,2.722,2.722,2.722,2.722,0.0,2.722,0
2019-09-17,2.686,2.686,2.686,2.686,0.0,2.686,0
2019-09-18,2.699,2.699,2.699,2.699,0.0,2.699,0
2019-09-19,2.693,2.693,2.693,2.693,0.0,2.693,0
2019-09-20,2.704,2.704,2.704,2.704,0.0,2.704,0
2019-09-23,2.701,2.701,2.701,2.701,0.0,2.701,0
2019-09-24,2.68,2.68,2.68,2.68,0.0,2.68,0
2019-09-25,2.679,2.679,2.679,2.679,0.0,2.679,0
2019-09-26,2.68,2.68,2.68,2.68,0.0,2.68,0
2019-09-27,2.669,2.669,2.669,2.669,0.0,2.669,0
2019-09-30,2.731,2.731,2.731,2.731,0.0,2.731,0
2019-10-01,2.68,2.68,2.68,2.68,0.0,2.68,0
2019-10-02,2.698,2.698,2.698,2.698,0.0,2.698,0
2019-10-03,2.683,2.683,2.683,2.683,0.0,2.683,0
2019-10-04,2.673,2.673,2.673,2.673,0.0,2.673,0
2019-10-07,2.677,2.677,2.677,2.677,0.0,2.677,0
2019-10-08,2.653,2.653,2.653,2.653,0.0,2.653,0
2019-10-09,2.664,2.664,2.664,2.664,0.0,2.664,0
2019-10-10,2.665,2.665,2.665,2.665,0.0,2.665,0
2019-10-11,2.676,2.676,2.676,2.676,0.0,2.676,0
2019-10-14,2.691,2.691,2.691,2.691,0.0,2.691,0
2019-10-15,2.707,2.707,2.707,2.707,0.0,2.707,0
2019-10-16,2.709,2.709,2.709,2.709,0.0,2.709,0
2019-10-17,2.706,2.706,2.706,2.706,0.0,2.706,0
2019-10-18,2.701,2.701,2.701,2.701,0.0,2.701,0
2019-10-21,2.696,2.696,2.696,2.696,0.0,2.696,0
2019-10-22,2.7,2.7,2.7,2.7,0.0,2.7,0
2019-10-23,2.694,2.694,2.694,2.694,0.0,2.694,0
2019-10-24,2.698,2.698,2.698,2.698,0.0,2.698,0
2019-10-25,2.696,2.696,2.696,2.696,0.0,2.696,0
2019-10-28,2.705,2.705,2.705,2.705,0.0,2.705,0
2019-10-29,2.721,2.721,2.721,2.721,0.0,2.721,0
2019-10-30,2.728,2.728,2.728,2.728,0.0,2.728,0
2019-10-31,2.726,2.726,2.726,2.726,0.0,2.726,0
2019-11-01,2.735,2.735,2.735,2.735,0.0,2.735,0
2019-11-04,2.676,2.676,2.676,2.676,0.0,2.676,0
2019-11-05,2.655,2.655,2.655,2.655,0.0,2.655,0
2019-11-06,2.666,2.666,2.666,2.666,0.0,2.666,0
2019-11-07,2.633,2.633,2.633,2.633,0.0,2.633,0
2019-11-08,2.64,2.64,2.64,2.64,0.0,2.64,0
2019-11-11,2.631,2.631,2.631,2.631,0.0,2.631,0
2019-11-12,2.591,2.591,2.591,2.591,0.0,2.591,0
2019-11-13,2.582,2.582,2.582,2.582,0.0,2.582,0
2019-11-14,2.584,2.584,2.584,2.584,0.0,2.584,0
2019-11-15,2.582,2.582,2.582,2.582,0.0,2.582,0
2019-11-18,2.586,2.586,2.586,2.586,0.0,2.586,0
2019-11-19,2.593,2.593,2.593,2.593,0.0,2.593,0
2019-11-20,2.602,2.602,2.602,2.602,0.0,2.602,0
2019-11-21,2.609,2.609,2.609,2.609,0.0,2.609,0
2019-11-22,2.609,2.609,2.609,2.609,0.0,2.609,0
2019-11-25,2.601,2.601,2.601,2.601,0.0,2.601,0
2019-11-26,2.595,2.595,2.595,2.595,0.0,2.595,0
2019-11-27,2.599,2.599,2.599,2.599,0.0,2.599,0
2019-11-29,2.557,2.557,2.557,2.557,0.0,2.557,0
2019-12-02,2.583,2.583,2.583,2.583,0.0,2.583,0
2019-12-03,2.592,2.592,2.592,2.592,0.0,2.592,0
2019-12-04,2.591,2.591,2.591,2.591,0.0,2.591,0
2019-12-05,2.583,2.583,2.583,2.583,0.0,2.583,0
2019-12-06,2.556,2.556,2.556,2.556,0.0,2.556,0
2019-12-09,2.535,2.535,2.535,2.535,0.0,2.535,0
2019-12-10,2.544,2.544,2.544,2.544,0.0,2.544,0
2019-12-11,2.541,2.541,2.541,2.541,0.0,2.541,0
2019-12-12,2.546,2.546,2.546,2.546,0.0,2.546,0
2019-12-13,2.529,2.529,2.529,2.529,0.0,2.529,0
2019-12-16,2.538,2.538,2.538,2.538,0.0,2.538,0
2019-12-17,2.54,2.54,2.54,2.54,0.0,2.54,0
2019-12-18,2.511,2.511,2.511,2.511,0.0,2.511,0
2019-12-19,2.485,2.485,2.485,2.485,0.0,2.485,0
2019-12-20,2.476,2.476,2.476,2.476,0.0,2.476,0
2019-12-23,2.483,2.483,2.483,2.483,0.0,2.483,0
2019-12-24,2.481,2.481,2.481,2.481,0.0,2.481,0
2019-12-26,2.469,2.469,2.469,2.469,0.0,2.469,0
2019-12-27,2.467,2.467,2.467,2.467,0.0,2.467,0
2019-12-30,2.464,2.464,2.464,2.464,0.0,2.464,0
2019-12-31,2.473,2.473,2.473,2.473,0.0,2.473,0
2020-01-02,2.468,2.468,2.468,2.468,0.0,2.468,0
2020-01-03,2.468,2.468,2.468,2.468,0.0,2.468,0
2020-01-06,2.472,2.472,2.472,2.472,0.0,2.472,0
2020-01-07,2.479,2.479,2.479,2.479,0.0,2.479,0
2020-01-08,2.482,2.482,2.482,2.482,0.0,2.482,0
2020-01-09,2.493,2.493,2.493,2.493,0.0,2.493,0
2020-01-10,2.495,2.495,2.495,2.495,0.0,2.495,0
2020-01-13,2.495,2.495,2.495,2.495,0.0,2.495,0
2020-01-14,2.494,2.494,2.494,2.494,0.0,2.494,0
2020-01-15,2.493,2.493,2.493,2.493,0.0,2.493,0
2020-01-16,2.5,2.5,2.5,2.5,0.0,2.5,0
2020-01-17,2.51,2.51,2.51,2.51,0.0,2.51,0
2020-01-21,2.5,2.5,2.5,2.5,0.0,2.5,0
2020-01-22,2.481,2.481,2.481,2.481,0.0,2.481,0
2020-01-23,2.473,2.473,2.473,2.473,0.0,2.473,0
2020-01-24,2.481,2.481,2.481,2.481,0.0,2.481,0
2020-01-27,2.44,2.44,2.44,2.44,0.0,2.44,0
2020-01-28,2.45,2.45,2.45,2.45,0.0,2.45,0
2020-01-29,2.44,2.44,2.44,2.44,0.0,2.44,0
2020-01-30,2.435,2.435,2.435,2.435,0.0,2.435,0
2020-01-31,2.436,2.436,2.436,2.436,0.0,2.436,0
2020-02-03,2.431,2.431,2.431,2.431,0.0,2.431,0
2020-02-04,2.427,2.427,2.427,2.427,0.0,2.427,0
2020-02-05,2.404,2.404,2.404,2.404,0.0,2.404,0
2020-02-06,2.408,2.408,2.408,2.408,0.0,2.408,0
2020-02-07,2.426,2.426,2.426,2.426,0.0,2.426,0
2020-02-10,2.418,2.418,2.418,2.418,0.0,2.418,0
2020-02-11,2.403,2.403,2.403,2.403,0.0,2.403,0
2020-02-12,2.41,2.41,2.41,2.41,0.0,2.41,0
2020-02-13,2.4,2.4,2.4,2.4,0.0,2.4,0
2020-02-14,2.411,2.411,2.411,2.411,0.0,2.411,0
2020-02-18,2.384,2.384,2.384,2.384,0.0,2.384,0
2020-02-19,2.405,2.405,2.405,2.405,0.0,2.405,0
2020-02-20,2.4,2.4,2.4,2.4,0.0,2.4,0
2020-02-21,2.43,2.43,2.43,2.43,0.0,2.43,0
2020-02-24,2.436,2.436,2.436,2.436,0.0,2.436,0
2020-02-25,2.439,2.439,2.439,2.439,0.0,2.439,0
2020-02-26,2.462,2.462,2.462,2.462,0.0,2.462,0
2020-02-27,2.452,2.452,2.452,2.452,0.0,2.452,0
2020-02-28,2.49,2.49,2.49,2.49,0.0,2.49,0
2020-03-02,2.53,2.53,2.53,2.53,0.0,2.53,0
2020-03-03,2.526,2.526,2.526,2.526,0.0,2.526,0
2020-03-04,2.515,2.515,2.515,2.515,0.0,2.515,0
2020-03-05,2.49,2.49,2.49,2.49,0.0,2.49,0
2020-03-06,2.503,2.503,2.503,2.503,0.0,2.503,0
2020-03-09,2.54,2.54,2.54,2.54,0.0,2.54,0
2020-03-10,2.54,2.54,2.54,2.54,0.0,2.54,0
2020-03-11,2.502,2.502,2.502,2.502,0.0,2.502,0
2020-03-12,2.452,2.452,2.452,2.452,0.0,2.452,0
2020-03-13,2.447,2.447,2.447,2.447,0.0,2.447,0
2020-03-16,2.436,2.436,2.436,2.436,0.0,2.436,0
2020-03-17,2.465,2.465,2.465,2.465,0.0,2.465,0
2020-03-18,2.471,2.471,2.471,2.471,0.0,2.471,0
2020-03-19,2.484,2.484,2.484,2.484,0.0,2.484,0
2020-03-20,2.478,2.478,2.478,2.478,0.0,2.478,0
2020-03-23,2.473,2.473,2.473,2.473,0.0,2.473,0
2020-03-24,2.44,2.44,2.44,2.44,0.0,2.44,0
2020-03-25,2.435,2.435,2.435,2.435,0.0,2.435,0
2020-03-26,2.401,2.401,2.401,2.401,0.0,2.401,0
2020-03-27,2.423,2.423,2.423,2.423,0.0,2.423,0
2020-03-30,2.431,2.431,2.431,2.431,0.0,2.431,0
2020-03-31,2.419,2.419,2.419,2.419,0.0,2.419,0
2020-04-01,2.389,2.389,2.389,2.389,0.0,2.389,0
2020-04-02,2.375,2.375,2.375,2.375,0.0,2.375,0
2020-04-03,2.359,2.359,2.359,2.359,0.0,2.359,0
2020-04-06,2.375,2.375,2.375,2.375,0.0,2.375,0
2020-04-07,2.369,2.369,2.369,2.369,0.0,2.369,0
2020-04-08,2.386,2.386,2.386,2.386,0.0,2.386,0
2020-04-09,2.403,2.403,2.403,2.403,0.0,2.403,0
2020-04-13,2.431,2.431,2.431,2.431,0.0,2.431,0
2020-04-14,2.413,2.413,2.413,2.413,0.0,2.413,0
2020-04-15,2.382,2.382,2.382,2.382,0.0,2.382,0
2020-04-16,2.387,2.387,2.387,2.387,0.0,2.387,0
2020-04-17,2.388,2.388,2.388,2.388,0.0,2.388,0
2020-04-20,2.406,2.406,2.406,2.406,0.0,2.406,0
2020-04-21,2.389,2.389,2.389,2.389,0.0,2.389,0
2020-04-22,2.417,2.417,2.417,2.417,0.0,2.417,0
2020-04-23,2.371,2.371,2.371,2.371,0.0,2.371,0
2020-04-24,2.369,2.369,2.369,2.369,0.0,2.369,0
2020-04-27,2.395,2.395,2.395,2.395,0.0,2.395,0
2020-04-28,2.387,2.387,2.387,2.387,0.0,2.387,0
2020-04-29,2.382,2.382,2.382,2.382,0.0,2.382,0
2020-04-30,2.357,2.357,2.357,2.357,0.0,2.357,0
2020-05-01,2.34,2.34,2.34,2.34,0.0,2.34,0
2020-05-04,2.317,2.317,2.317,2.317,0.0,2.317,0
2020-05-05,2.304,2.304,2.304,2.304,0.0,2.304,0
2020-05-06,2.343,2.343,2.343,2.343,0.0,2.343,0
2020-05-07,2.325,2.325,2.325,2.325,0.0,2.325,0
2020-05-08,2.334,2.334,2.334,2.334,0.0,2.334,0
2020-05-11,2.313,2.313,2.313,2.313,0.0,2.313,0
2020-05-12,2.317,2.317,2.317,2.317,0.0,2.317,0
2020-05-13,2.309,2.309,2.29,2.29,43.0,2.309,1
2020-05-14,2.264,2.264,2.264,2.264,0.0,2.264,0
2020-05-15,2.305,2.305,2.305,2.305,0.0,2.305,0
2020-05-18,2.323,2.323,2.323,2.323,0.0,2.323,0
2020-05-19,2.32,2.32,2.32,2.32,0.0,2.32,0
2020-05-20,2.277,2.277,2.277,2.277,0.0,2.277,0
2020-05-21,2.268,2.268,2.268,2.268,0.0,2.268,0
2020-05-22,2.311,2.311,2.311,2.311,0.0,2.311,0
2020-05-26,2.311,2.311,2.311,2.311,0.0,2.311,0
2020-05-27,2.349,2.349,2.349,2.349,0.0,2.349,0
2020-05-28,2.341,2.341,2.341,2.341,0.0,2.341,0
2020-05-29,2.335,2.335,2.335,2.335,0.0,2.335,0
2020-06-01,2.312,2.312,2.312,2.312,0.0,2.312,0
2020-06-02,2.317,2.317,2.317,2.317,0.0,2.317,0
2020-06-03,2.304,2.304,2.304,2.304,0.0,2.304,0
2020-06-04,2.313,2.313,2.313,2.313,0.0,2.313,0
2020-06-05,2.307,2.307,2.307,2.307,0.0,2.307,0
2020-06-08,2.321,2.321,2.321,2.321,0.0,2.321,0
2020-06-09,2.329,2.329,2.329,2.329,0.0,2.329,0
2020-06-10,2.315,2.315,2.315,2.315,0.0,2.315,0
2020-06-11,2.31,2.31,2.31,2.31,0.0,2.31,0
2020-06-12,2.299,2.299,2.299,2.299,0.0,2.299,0
2020-06-15,2.326,2.326,2.326,2.326,0.0,2.326,0
2020-06-16,2.32,2.32,2.32,2.32,0.0,2.32,0
2020-06-17,2.315,2.315,2.315,2.315,0.0,2.315,0
2020-06-18,2.326,2.326,2.326,2.326,0.0,2.326,0
2020-06-19,2.309,2.309,2.309,2.309,0.0,2.309,0
2020-06-22,2.297,2.297,2.297,2.297,0.0,2.297,0
2020-06-23,2.296,2.296,2.296,2.296,0.0,2.296,0
2020-06-24,2.303,2.303,2.303,2.303,0.0,2.303,0
2020-06-25,2.321,2.321,2.321,2.321,0.0,2.321,0
2020-06-26,2.343,2.343,2.343,2.343,0.0,2.343,0
2020-06-29,2.341,2.341,2.341,2.341,0.0,2.341,0
2020-06-30,2.341,2.341,2.341,2.341,0.0,2.341,0
2020-07-01,2.354,2.354,2.354,2.354,0.0,2.354,0
2020-07-02,2.386,2.386,2.386,2.386,0.0,2.386,0
2020-07-06,2.365,2.365,2.365,2.365,0.0,2.365,0
2020-07-07,2.358,2.358,2.358,2.358,0.0,2.358,0
2020-07-08,2.386,2.386,2.386,2.386,0.0,2.386,0
2020-07-09,2.371,2.371,2.371,2.371,0.0,2.371,0
2020-07-10,2.353,2.353,2.353,2.353,0.0,2.353,0
2020-07-13,2.349,2.349,2.349,2.349,0.0,2.349,0
2020-07-14,2.348,2.348,2.348,2.348,0.0,2.348,0
2020-07-15,2.358,2.358,2.358,2.358,0.0,2.358,0
2020-07-16,2.351,2.351,2.351,2.351,0.0,2.351,0
2020-07-17,2.348,2.348,2.348,2.348,0.0,2.348,0
2020-07-20,2.339,2.339,2.339,2.339,0.0,2.339,0
2020-07-21,2.353,2.353,2.353,2.353,0.0,2.353,0
2020-07-22,2.362,2.362,2.362,2.362,0.0,2.362,0
2020-07-23,2.446,2.446,2.446,2.446,0.0,2.446,0
2020-07-24,2.485,2.485,2.485,2.485,0.0,2.485,0
2020-07-27,2.544,2.544,2.544,2.544,0.0,2.544,0
2020-07-28,2.541,2.541,2.541,2.541,0.0,2.541,0
2020-07-29,2.546,2.546,2.546,2.546,0.0,2.546,0
2020-07-30,2.554,2.554,2.554,2.554,0.0,2.554,0
2020-07-31,2.572,2.572,2.572,2.572,0.0,2.572,0
2020-08-03,2.57,2.57,2.57,2.57,0.0,2.57,0
2020-08-04,2.564,2.564,2.564,2.564,0.0,2.564,0
2020-08-05,2.587,2.587,2.587,2.587,0.0,2.587,0
2020-08-06,2.612,2.612,2.612,2.612,0.0,2.612,0
2020-08-07,2.644,2.644,2.644,2.644,0.0,2.644,0
2020-08-10,2.612,2.612,2.612,2.612,0.0,2.612,0
2020-08-11,2.527,2.527,2.527,2.527,0.0,2.527,0
2020-08-12,2.504,2.504,2.504,2.504,0.0,2.504,0
2020-08-13,2.524,2.524,2.524,2.524,0.0,2.524,0
2020-08-14,2.515,2.515,2.515,2.515,0.0,2.515,0
2020-08-17,2.515,2.515,2.515,2.515,0.0,2.515,0
2020-08-18,2.51,2.51,2.51,2.51,0.0,2.51,0
2020-08-19,2.505,2.505,2.505,2.505,0.0,2.505,0
2020-08-20,2.503,2.503,2.503,2.503,0.0,2.503,0
2020-08-21,2.498,2.498,2.498,2.498,0.0,2.498,0
2020-08-24,2.493,2.493,2.493,2.493,0.0,2.493,0
2020-08-25,2.486,2.486,2.486,2.486,0.0,2.486,0
2020-08-26,2.514,2.514,2.514,2.514,0.0,2.514,0
2020-08-27,2.523,2.523,2.523,2.523,0.0,2.523,0
2020-08-28,2.511,2.511,2.511,2.511,0.0,2.511,0
2020-08-31,2.485,2.485,2.485,2.485,0.0,2.485,0
2020-09-01,2.483,2.483,2.483,2.483,0.0,2.483,0
2020-09-02,2.477,2.477,2.477,2.477,0.0,2.477,0
2020-09-03,2.474,2.474,2.474,2.474,0.0,2.474,0
2020-09-04,2.414,2.414,2.414,2.414,0.0,2.414,0
2020-09-08,2.415,2.415,2.415,2.415,0.0,2.415,0
2020-09-09,2.401,2.401,2.401,2.401,0.0,2.401,0
2020-09-10,2.383,2.383,2.383,2.383,0.0,2.383,0
2020-09-11,2.36,2.36,2.36,2.36,0.0,2.36,0
2020-09-14,2.348,2.348,2.348,2.348,0.0,2.348,0
2020-09-15,2.355,2.355,2.355,2.355,0.0,2.355,0
2020-09-16,2.353,2.353,2.353,2.353,0.0,2.353,0
2020-09-17,2.341,2.341,2.341,2.341,0.0,2.341,0
2020-09-18,2.362,2.362,2.362,2.362,0.0,2.362,0
2020-09-21,2.333,2.333,2.333,2.333,0.0,2.333,0
2020-09-22,2.372,2.372,2.372,2.372,0.0,2.372,0
2020-09-23,2.412,2.412,2.412,2.412,0.0,2.412,0
2020-09-24,2.422,2.422,2.422,2.422,0.0,2.422,0
2020-09-25,2.434,2.434,2.434,2.434,0.0,2.434,0
2020-09-28,2.442,2.442,2.442,2.442,0.0,2.442,0
2020-09-29,2.413,2.413,2.413,2.413,0.0,2.413,0
2020-09-30,2.394,2.394,2.394,2.394,0.0,2.394,0
2020-10-01,2.374,2.374,2.374,2.374,0.0,2.374,0
2020-10-02,2.368,2.368,2.368,2.368,0.0,2.368,0
2020-10-05,2.346,2.346,2.346,2.346,0.0,2.346,0
2020-10-06,2.353,2.353,2.353,2.353,0.0,2.353,0
2020-10-07,2.376,2.376,2.376,2.376,0.0,2.376,0
2020-10-08,2.351,2.351,2.351,2.351,0.0,2.351,0
2020-10-09,2.381,2.381,2.381,2.381,0.0,2.381,0
2020-10-12,2.367,2.367,2.367,2.367,0.0,2.367,0
2020-10-13,2.347,2.347,2.347,2.347,0.0,2.347,0
2020-10-14,2.374,2.374,2.374,2.374,0.0,2.374,0
2020-10-15,2.36,2.36,2.36,2.36,0.0,2.36,0
2020-10-16,2.363,2.363,2.363,2.363,0.0,2.363,0
2020-10-19,2.406,2.406,2.406,2.406,0.0,2.406,0
2020-10-20,2.347,2.347,2.347,2.347,0.0,2.347,0
2020-10-21,2.368,2.368,2.368,2.368,0.0,2.368,0
2020-10-22,2.37,2.37,2.37,2.37,0.0,2.37,0
2020-10-23,2.333,2.333,2.333,2.333,0.0,2.333,0
2020-10-26,2.271,2.271,2.271,2.271,0.0,2.271,0
2020-10-27,2.325,2.325,2.325,2.325,0.0,2.325,0
2020-10-28,2.362,2.362,2.362,2.362,0.0,2.362,0
2020-10-29,2.374,2.374,2.374,2.374,0.0,2.374,0
2020-10-30,2.391,2.391,2.391,2.391,0.0,2.391,0
2020-11-02,2.379,2.379,2.379,2.379,0.0,2.379,0
2020-11-03,2.419,2.419,2.419,2.419,0.0,2.419,0
2020-11-04,2.416,2.416,2.416,2.416,0.0,2.416,0
2020-11-05,2.411,2.411,2.411,2.411,0.0,2.411,0
2020-11-06,2.401,2.401,2.401,2.401,0.0,2.401,0
2020-11-09,2.397,2.397,2.397,2.397,0.0,2.397,0
2020-11-10,2.407,2.407,2.407,2.407,0.0,2.407,0
2020-11-11,2.422,2.422,2.422,2.422,0.0,2.422,0
2020-11-12,2.419,2.419,2.419,2.419,0.0,2.419,0
2020-11-13,2.374,2.374,2.374,2.374,0.0,2.374,0
2020-11-16,2.371,2.371,2.371,2.371,0.0,2.371,0
2020-11-17,2.388,2.388,2.388,2.388,0.0,2.388,0
2020-11-18,2.412,2.412,2.412,2.412,0.0,2.412,0
2020-11-19,2.412,2.412,2.412,2.412,0.0,2.412,0
2020-11-20,2.405,2.405,2.405,2.405,0.0,2.405,0
2020-11-23,2.399,2.399,2.399,2.399,0.0,2.399,0
2020-11-24,2.435,2.435,2.401,2.401,2.0,2.435,1
2020-11-25,2.384,2.384,2.384,2.384,0.0,2.384,0
2020-11-27,2.38,2.38,2.38,2.38,0.0,2.38,0
2020-11-30,2.366,2.366,2.366,2.366,0.0,2.366,0
2020-12-01,2.428,2.428,2.428,2.428,0.0,2.428,0
2020-12-02,2.453,2.453,2.453,2.453,0.0,2.453,0
2020-12-03,2.425,2.425,2.425,2.425,0.0,2.425,0
2020-12-04,2.445,2.445,2.445,2.445,0.0,2.445,0
2020-12-07,2.416,2.416,2.416,2.416,0.0,2.416,0
2020-12-08,2.404,2.404,2.404,2.404,0.0,2.404,0
2020-12-09,2.414,2.414,2.414,2.414,0.0,2.414,0
2020-12-10,2.419,2.419,2.419,2.419,0.0,2.419,0
2020-12-11,2.438,2.438,2.438,2.438,0.0,2.438,0
2020-12-14,2.432,2.432,2.432,2.432,0.0,2.432,0
2020-12-15,2.417,2.417,2.417,2.417,0.0,2.417,0
2020-12-16,2.429,2.429,2.429,2.429,0.0,2.429,0
2020-12-17,2.417,2.417,2.417,2.417,0.0,2.417,0
2020-12-18,2.431,2.431,2.431,2.431,0.0,2.431,0
2020-12-21,2.402,2.402,2.402,2.402,0.0,2.402,0
2020-12-22,2.437,2.437,2.437,2.437,0.0,2.437,0
2020-12-23,2.432,2.432,2.432,2.432,0.0,2.432,0
2020-12-24,2.444,2.444,2.444,2.444,0.0,2.444,0
2020-12-28,2.363,2.363,2.363,2.363,0.0,2.363,0
2020-12-29,2.432,2.432,2.432,2.432,0.0,2.432,0
2020-12-30,2.403,2.403,2.403,2.403,0.0,2.403,0
2020-12-31,2.43,2.43,2.43,2.43,0.0,2.43,0
2021-01-04,2.438,2.438,2.438,2.438,0.0,2.438,0
2021-01-05,2.453,2.453,2.453,2.453,0.0,2.453,0
2021-01-06,2.486,2.486,2.486,2.486,0.0,2.486,0
2021-01-07,2.454,2.454,2.454,2.454,0.0,2.454,0
2021-01-08,2.438,2.438,2.438,2.438,0.0,2.438,0
2021-01-11,2.441,2.441,2.441,2.441,0.0,2.441,0
2021-01-12,2.459,2.459,2.459,2.459,0.0,2.459,0
2021-01-13,2.49,2.49,2.49,2.49,0.0,2.49,0
2021-01-14,2.438,2.438,2.438,2.438,0.0,2.438,0
2021-01-15,2.474,2.474,2.474,2.474,0.0,2.474,0
2021-01-19,2.466,2.466,2.466,2.466,0.0,2.466,0
2021-01-20,2.48,2.48,2.48,2.48,0.0,2.48,0
2021-01-21,2.484,2.484,2.484,2.484,0.0,2.484,0
2021-01-22,2.499,2.499,2.499,2.499,0.0,2.499,0
2021-01-25,2.456,2.456,2.456,2.456,0.0,2.456,0
2021-01-26,2.485,2.485,2.485,2.485,0.0,2.485,0
2021-01-27,2.5,2.5,2.5,2.5,0.0,2.5,0
2021-01-28,2.499,2.499,2.499,2.499,0.0,2.499,0
2021-01-29,2.493,2.493,2.493,2.493,0.0,2.493,0
2021-02-01,2.497,2.497,2.497,2.497,0.0,2.497,0
2021-02-02,2.493,2.493,2.493,2.493,0.0,2.493,0
2021-02-03,2.474,2.474,2.474,2.474,0.0,2.474,0
2021-02-04,2.48,2.485,2.45,2.45,10.0,2.484,4
2021-02-05,2.459,2.459,2.459,2.459,0.0,2.459,0
2021-02-08,2.479,2.479,2.479,2.479,0.0,2.479,0
2021-02-09,2.479,2.479,2.479,2.479,0.0,2.479,0
2021-02-10,2.484,2.484,2.484,2.484,0.0,2.484,0
2021-02-11,2.471,2.471,2.471,2.471,0.0,2.471,0
2021-02-12,2.465,2.465,2.465,2.465,0.0,2.465,0
2021-02-16,2.482,2.482,2.482,2.482,0.0,2.482,0
2021-02-17,2.477,2.477,2.477,2.477,0.0,2.477,0
2021-02-18,2.467,2.467,2.467,2.467,0.0,2.467,0
2021-02-19,2.463,2.463,2.463,2.463,0.0,2.463,0
2021-02-22,2.465,2.465,2.465,2.465,0.0,2.465,0
2021-02-23,2.47,2.47,2.47,2.47,0.0,2.47,0
2021-02-24,2.464,2.464,2.464,2.464,0.0,2.464,0
2021-02-25,2.413,2.413,2.413,2.413,0.0,2.413,0
2021-02-26,2.436,2.436,2.436,2.436,0.0,2.436,0
2021-03-01,2.454,2.454,2.454,2.454,0.0,2.454,0
2021-03-02,2.463,2.463,2.463,2.463,0.0,2.463,0
2021-03-03,2.438,2.438,2.438,2.438,0.0,2.438,0
2021-03-04,2.413,2.413,2.413,2.413,0.0,2.413,0
2021-03-05,2.419,2.419,2.419,2.419,0.0,2.419,0
2021-03-08,2.437,2.437,2.437,2.437,0.0,2.437,0
2021-03-09,2.444,2.444,2.444,2.444,0.0,2.444,0
2021-03-10,2.442,2.442,2.442,2.442,0.0,2.442,0
2021-03-11,2.439,2.439,2.439,2.439,0.0,2.439,0
2021-03-12,2.456,2.456,2.456,2.456,0.0,2.456,0
2021-03-15,2.429,2.429,2.429,2.429,0.0,2.429,0
2021-03-16,2.461,2.461,2.461,2.461,0.0,2.461,0
2021-03-17,2.442,2.442,2.442,2.442,0.0,2.442,0
2021-03-18,2.456,2.456,2.456,2.456,0.0,2.456,0
2021-03-19,2.462,2.462,2.462,2.462,0.0,2.462,0
2021-03-22,2.458,2.458,2.458,2.458,0.0,2.458,0
2021-03-23,2.472,2.472,2.472,2.472,0.0,2.472,0
2021-03-24,2.475,2.475,2.475,2.475,0.0,2.475,0
2021-03-25,2.475,2.475,2.475,2.475,0.0,2.475,0
2021-03-26,2.475,2.475,2.475,2.475,0.0,2.475,0
2021-03-29,2.496,2.496,2.496,2.496,0.0,2.496,0
2021-03-30,2.507,2.507,2.507,2.507,0.0,2.507,0
2021-03-31,2.513,2.513,2.513,2.513,0.0,2.513,0
2021-04-01,2.535,2.535,2.535,2.535,0.0,2.535,0
2021-04-05,2.522,2.522,2.522,2.522,0.0,2.522,0
2021-04-06,2.527,2.527,2.527,2.527,0.0,2.527,0
2021-04-07,2.53,2.53,2.53,2.53,0.0,2.53,0
2021-04-08,2.53,2.53,2.53,2.53,0.0,2.53,0
2021-04-09,2.564,2.564,2.564,2.564,0.0,2.564,0
2021-04-12,2.573,2.573,2.573,2.573,0.0,2.573,0
2021-04-13,2.556,2.556,2.556,2.556,0.0,2.556,0
2021-04-14,2.565,2.565,2.565,2.565,0.0,2.565,0
2021-04-15,2.569,2.569,2.569,2.569,0.0,2.569,0
2021-04-16,2.582,2.582,2.582,2.582,0.0,2.582,0
2021-04-19,2.576,2.576,2.576,2.576,0.0,2.576,0
2021-04-20,2.528,2.528,2.528,2.528,0.0,2.528,0
2021-04-21,2.519,2.519,2.519,2.519,0.0,2.519,0
2021-04-22,2.5,2.5,2.5,2.5,0.0,2.5,0
2021-04-23,2.508,2.508,2.508,2.508,0.0,2.508,0
2021-04-26,2.508,2.508,2.494,2.494,4.0,2.508,1
2021-04-27,2.493,2.493,2.493,2.493,0.0,2.493,0
2021-04-28,2.505,2.505,2.505,2.505,0.0,2.505,0
2021-04-29,2.507,2.507,2.507,2.507,0.0,2.507,0
2021-04-30,2.522,2.522,2.522,2.522,0.0,2.522,0
2021-05-03,2.525,2.525,2.525,2.525,0.0,2.525,0
2021-05-04,2.534,2.534,2.534,2.534,0.0,2.534,0
2021-05-05,2.536,2.536,2.536,2.536,0.0,2.536,0
2021-05-06,2.526,2.526,2.526,2.526,0.0,2.526,0
2021-05-07,2.533,2.533,2.533,2.533,0.0,2.533,0
2021-05-10,2.536,2.536,2.536,2.536,0.0,2.536,0
2021-05-11,2.533,2.533,2.533,2.533,0.0,2.533,0
2021-05-12,2.532,2.532,2.532,2.532,0.0,2.532,0
2021-05-13,2.522,2.522,2.522,2.522,0.0,2.522,0
2021-05-14,2.528,2.528,2.528,2.528,0.0,2.528,0
2021-05-17,2.532,2.532,2.532,2.532,0.0,2.532,0
2021-05-18,2.501,2.501,2.501,2.501,0.0,2.501,0
2021-05-19,2.505,2.505,2.505,2.505,0.0,2.505,0
2021-05-20,2.51,2.51,2.51,2.51,0.0,2.51,0
2021-05-21,2.522,2.522,2.522,2.522,0.0,2.522,0
2021-05-24,2.516,2.516,2.516,2.516,0.0,2.516,0
2021-05-25,2.527,2.527,2.527,2.527,0.0,2.527,0
2021-05-26,2.506,2.506,2.506,2.506,0.0,2.506,0
2021-05-27,2.503,2.503,2.503,2.503,0.0,2.503,0
2021-05-28,2.513,2.513,2.513,2.513,0.0,2.513,0
2021-06-01,2.505,2.505,2.505,2.505,0.0,2.505,0
2021-06-02,2.515,2.515,2.515,2.515,0.0,2.515,0
2021-06-03,2.502,2.502,2.502,2.502,0.0,2.502,0
2021-06-04,2.553,2.553,2.553,2.553,0.0,2.553,0
2021-06-07,2.524,2.524,2.524,2.524,0.0,2.524,0
2021-06-08,2.505,2.505,2.505,2.505,0.0,2.505,0
2021-06-09,2.512,2.512,2.512,2.512,0.0,2.512,0
2021-06-10,2.501,2.501,2.501,2.501,0.0,2.501,0
2021-06-11,2.5,2.5,2.5,2.5,0.0,2.5,0
2021-06-14,2.509,2.509,2.509,2.509,0.0,2.509,0
2021-06-15,2.494,2.494,2.494,2.494,0.0,2.494,0
2021-06-16,2.547,2.547,2.547,2.547,0.0,2.547,0
2021-06-17,2.552,2.552,2.552,2.552,0.0,2.552,0
2021-06-18,2.561,2.561,2.561,2.561,0.0,2.561,0
2021-06-21,2.558,2.558,2.558,2.558,0.0,2.558,0
2021-06-22,2.558,2.558,2.558,2.558,0.0,2.558,0
2021-06-23,2.559,2.559,2.559,2.559,0.0,2.559,0
2021-06-24,2.547,2.547,2.547,2.547,0.0,2.547,0
2021-06-25,2.603,2.603,2.603,2.603,0.0,2.603,0
2021-06-28,2.613,2.613,2.613,2.613,0.0,2.613,0
2021-06-29,2.641,2.641,2.641,2.641,0.0,2.641,0
2021-06-30,2.637,2.637,2.637,2.637,0.0,2.637,0
2021-07-01,2.625,2.625,2.625,2.625,0.0,2.625,0
2021-07-02,2.617,2.617,2.617,2.617,0.0,2.617,0
2021-07-06,2.609,2.609,2.609,2.609,0.0,2.609,0
2021-07-07,2.621,2.621,2.621,2.621,0.0,2.621,0
2021-07-08,2.633,2.633,2.633,2.633,0.0,2.633,0
2021-07-09,2.639,2.639,2.639,2.639,0.0,2.639,0
2021-07-12,2.644,2.644,2.644,2.644,0.0,2.644,0
2021-07-13,2.643,2.643,2.643,2.643,0.0,2.643,0
2021-07-14,2.636,2.636,2.636,2.636,0.0,2.636,0
2021-07-15,2.644,2.644,2.644,2.644,0.0,2.644,0
2021-07-16,2.65,2.65,2.65,2.65,0.0,2.65,0
2021-07-19,2.66,2.66,2.66,2.66,0.0,2.66,0
2021-07-20,2.667,2.667,2.667,2.667,0.0,2.667,0
2021-07-21,2.662,2.662,2.662,2.662,0.0,2.662,0
2021-07-22,2.664,2.664,2.664,2.664,0.0,2.664,0
2021-07-23,2.67,2.67,2.67,2.67,0.0,2.67,0
2021-07-26,2.678,2.678,2.678,2.678,0.0,2.678,0
2021-07-27,2.648,2.648,2.648,2.648,0.0,2.648,0
2021-07-28,2.64,2.64,2.64,2.64,0.0,2.64,0
2021-07-29,2.615,2.615,2.615,2.615,0.0,2.615,0
2021-07-30,2.635,2.635,2.635,2.635,0.0,2.635,0
2021-08-02,2.649,2.649,2.649,2.649,0.0,2.649,0
2021-08-03,2.641,2.641,2.641,2.641,0.0,2.641,0
2021-08-04,2.651,2.651,2.651,2.651,0.0,2.651,0
2021-08-05,2.616,2.616,2.616,2.616,0.0,2.616,0
2021-08-06,2.625,2.625,2.625,2.625,0.0,2.625,0
2021-08-09,2.641,2.641,2.641,2.641,0.0,2.641,0
2021-08-10,2.638,2.638,2.638,2.638,0.0,2.638,0
2021-08-11,2.653,2.653,2.653,2.653,0.0,2.653,0
2021-08-12,2.734,2.734,2.734,2.734,0.0,2.734,0
2021-08-13,2.701,2.701,2.701,2.701,0.0,2.701,0
2021-08-16,2.713,2.713,2.713,2.713,0.0,2.713,0
2021-08-17,2.726,2.726,2.726,2.726,0.0,2.726,0
2021-08-18,2.724,2.724,2.724,2.724,0.0,2.724,0
2021-08-19,2.735,2.735,2.735,2.735,0.0,2.735,0
2021-08-20,2.734,2.734,2.734,2.734,0.0,2.734,0
2021-08-23,2.736,2.736,2.736,2.736,0.0,2.736,0
2021-08-24,2.732,2.732,2.732,2.732,0.0,2.732,0
2021-08-25,2.749,2.749,2.749,2.749,0.0,2.749,0
2021-08-26,2.78,2.78,2.78,2.78,0.0,2.78,0
2021-08-27,2.782,2.782,2.782,2.782,0.0,2.782,0
2021-08-30,2.785,2.785,2.785,2.785,0.0,2.785,0
2021-08-31,2.774,2.774,2.774,2.774,0.0,2.774,0
2021-09-01,2.783,2.783,2.783,2.783,0.0,2.783,0
2021-09-02,2.783,2.783,2.783,2.783,0.0,2.783,0
2021-09-03,2.787,2.787,2.787,2.787,0.0,2.787,0
2021-09-07,2.811,2.811,2.811,2.811,0.0,2.811,0
2021-09-08,2.863,2.863,2.863,2.863,0.0,2.863,0
2021-09-09,2.938,2.938,2.938,2.938,0.0,2.938,0
2021-09-10,2.92,2.92,2.92,2.92,0.0,2.92,0
2021-09-13,2.935,2.935,2.935,2.935,0.0,2.935,0
2021-09-14,2.929,2.929,2.929,2.929,0.0,2.929,0
2021-09-15,2.88,2.88,2.88,2.88,0.0,2.88,0
2021-09-16,2.883,2.883,2.883,2.883,0.0,2.883,0
2021-09-17,2.876,2.876,2.876,2.876,0.0,2.876,0
2021-09-20,2.912,2.912,2.912,2.912,0.0,2.912,0
2021-09-21,2.929,2.929,2.929,2.929,0.0,2.929,0
2021-09-22,2.946,2.946,2.946,2.946,0.0,2.946,0
2021-09-23,2.953,2.953,2.953,2.953,0.0,2.953,0
2021-09-24,2.918,2.918,2.918,2.918,0.0,2.918,0
2021-09-27,2.931,2.931,2.931,2.931,0.0,2.931,0
2021-09-28,2.854,2.854,2.854,2.854,0.0,2.854,0
2021-09-29,2.865,2.865,2.865,2.865,0.0,2.865,0
2021-09-30,2.872,2.872,2.872,2.872,0.0,2.872,0
2021-10-01,2.862,2.862,2.862,2.862,0.0,2.862,0
2021-10-04,2.871,2.871,2.871,2.871,0.0,2.871,0
2021-10-05,2.886,2.886,2.886,2.886,0.0,2.886,0
2021-10-06,2.924,2.924,2.924,2.924,0.0,2.924,0
2021-10-07,2.924,2.924,2.924,2.924,0.0,2.924,0
2021-10-08,2.965,2.965,2.965,2.965,0.0,2.965,0
2021-10-11,2.951,2.951,2.951,2.951,0.0,2.951,0
2021-10-12,2.936,2.936,2.936,2.936,0.0,2.936,0
2021-10-13,2.941,2.941,2.941,2.941,0.0,2.941,0
2021-10-14,2.976,2.976,2.976,2.976,0.0,2.976,0
2021-10-15,2.985,2.985,2.985,2.985,0.0,2.985,0
2021-10-18,2.991,2.991,2.991,2.991,0.0,2.991,0
2021-10-19,2.975,2.975,2.975,2.975,0.0,2.975,0
2021-10-20,2.978,2.978,2.978,2.978,0.0,2.978,0
2021-10-21,2.991,2.991,2.991,2.991,0.0,2.991,0
2021-10-22,2.996,2.996,2.996,2.996,0.0,2.996,0
2021-10-25,3.039,3.039,3.039,3.039,0.0,3.039,0
2021-10-26,3.017,3.017,3.017,3.017,0.0,3.017,0
2021-10-27,2.954,2.954,2.954,2.954,0.0,2.954,0
2021-10-28,2.955,2.955,2.955,2.955,0.0,2.955,0
2021-10-29,2.906,2.906,2.906,2.906,0.0,2.906,0
2021-11-01,2.801,2.801,2.801,2.801,0.0,2.801,0
2021-11-02,2.862,2.862,2.862,2.862,0.0,2.862,0
2021-11-03,2.856,2.856,2.856,2.856,0.0,2.856,0
2021-11-04,2.88,2.88,2.88,2.88,0.0,2.88,0
2021-11-05,2.868,2.868,2.868,2.868,0.0,2.868,0
2021-11-08,2.921,2.921,2.921,2.921,0.0,2.921,0
2021-11-09,2.917,2.917,2.917,2.917,0.0,2.917,0
2021-11-10,2.943,2.943,2.943,2.943,0.0,2.943,0
2021-11-11,2.96,2.96,2.96,2.96,0.0,2.96,0
2021-11-12,2.911,2.911,2.911,2.911,0.0,2.911,0
2021-11-15,2.924,2.924,2.924,2.924,0.0,2.924,0
2021-11-16,2.995,2.995,2.995,2.995,0.0,2.995,0
2021-11-17,2.926,2.926,2.926,2.926,0.0,2.926,0
2021-11-18,2.914,2.914,2.914,2.914,0.0,2.914,0
2021-11-19,2.888,2.888,2.888,2.888,0.0,2.888,0
2021-11-22,2.87,2.87,2.87,2.87,0.0,2.87,0
2021-11-23,2.917,2.917,2.917,2.917,0.0,2.917,0
2021-11-24,2.915,2.915,2.915,2.915,0.0,2.915,0
2021-11-26,2.954,2.954,2.954,2.954,0.0,2.954,0
2021-11-29,2.946,2.946,2.946,2.946,0.0,2.946,0
2021-11-30,2.919,2.919,2.919,2.919,0.0,2.919,0
2021-12-01,2.927,2.927,2.927,2.927,0.0,2.927,0
2021-12-02,2.931,2.931,2.931,2.931,0.0,2.931,0
2021-12-03,2.941,2.941,2.941,2.941,0.0,2.941,0
2021-12-06,2.913,2.913,2.913,2.913,0.0,2.913,0
2021-12-07,2.917,2.917,2.917,2.917,0.0,2.917,0
2021-12-08,2.876,2.876,2.876,2.876,0.0,2.876,0
2021-12-09,2.918,2.918,2.918,2.918,0.0,2.918,0
2021-12-10,2.953,2.953,2.953,2.953,0.0,2.953,0
2021-12-13,2.857,2.857,2.857,2.857,0.0,2.857,0
2021-12-14,2.895,2.895,2.895,2.895,0.0,2.895,0
2021-12-15,2.901,2.901,2.901,2.901,0.0,2.901,0
2021-12-16,2.918,2.918,2.918,2.918,0.0,2.918,0
2021-12-17,2.931,2.931,2.931,2.931,0.0,2.931,0
2021-12-20,2.946,2.946,2.946,2.946,0.0,2.946,0
2021-12-21,2.93,2.93,2.93,2.93,0.0,2.93,0
2021-12-22,2.931,2.931,2.931,2.931,0.0,2.931,0
2021-12-23,2.894,2.894,2.894,2.894,0.0,2.894,0
2021-12-27,2.88,2.88,2.88,2.88,0.0,2.88,0
2021-12-28,2.896,2.896,2.896,2.896,0.0,2.896,0
2021-12-29,2.918,2.918,2.918,2.918,0.0,2.918,0
2021-12-30,2.906,2.906,2.906,2.906,0.0,2.906,0
2021-12-31,2.882,2.882,2.882,2.882,0.0,2.882,0
2022-01-03,2.894,2.894,2.894,2.894,0.0,2.894,0
2022-01-04,2.893,2.893,2.893,2.893,0.0,2.893,0
2022-01-05,2.897,2.897,2.897,2.897,0.0,2.897,0
2022-01-06,2.911,2.911,2.911,2.911,0.0,2.911,0
2022-01-07,2.944,2.944,2.944,2.944,0.0,2.944,0
2022-01-10,2.949,2.949,2.949,2.949,0.0,2.949,0
2022-01-11,2.938,2.938,2.938,2.938,0.0,2.938,0
2022-01-12,2.913,2.913,2.913,2.913,0.0,2.913,0
2022-01-13,2.916,2.916,2.916,2.916,0.0,2.916,0
2022-01-14,2.876,2.892,2.876,2.892,4.0,2.876,4
2022-01-18,2.911,2.911,2.911,2.911,0.0,2.911,0
2022-01-19,2.958,2.958,2.958,2.958,0.0,2.958,0
2022-01-20,2.961,2.961,2.961,2.961,0.0,2.961,0
2022-01-21,2.949,2.949,2.949,2.949,0.0,2.949,0
2022-01-24,2.938,2.938,2.938,2.938,0.0,2.938,0
2022-01-25,2.958,2.958,2.958,2.958,0.0,2.958,0
2022-01-26,2.959,2.959,2.959,2.959,0.0,2.959,0
2022-01-27,2.944,2.944,2.944,2.944,0.0,2.944,0
2022-01-28,2.95,2.95,2.937,2.937,10.0,2.943,2
2022-01-31,2.936,2.936,2.936,2.936,0.0,2.936,0
2022-02-01,2.921,2.921,2.921,2.921,0.0,2.921,0
2022-02-02,2.94,2.94,2.94,2.94,0.0,2.94,0
2022-02-03,2.931,2.931,2.931,2.931,0.0,2.931,0
2022-02-04,2.967,2.967,2.967,2.967,0.0,2.967,0
2022-02-07,2.983,2.983,2.983,2.983,0.0,2.983,0
2022-02-08,2.975,2.975,2.975,2.975,0.0,2.975,0
2022-02-09,2.97,2.97,2.97,2.97,0.0,2.97,0
2022-02-10,2.975,2.975,2.975,2.975,0.0,2.975,0
2022-02-11,3.015,3.015,3.015,3.015,0.0,3.015,0
2022-02-14,3.056,3.056,3.056,3.056,0.0,3.056,0
2022-02-15,3.044,3.044,3.044,3.044,0.0,3.044,0
2022-02-16,3.073,3.073,3.073,3.073,0.0,3.073,0
2022-02-17,3.055,3.055,3.055,3.055,0.0,3.055,0
2022-02-18,3.055,3.055,3.055,3.055,0.0,3.055,0
2022-02-22,3.1,3.1,3.1,3.1,0.0,3.1,0
2022-02-23,3.186,3.186,3.186,3.186,0.0,3.186,0
2022-02-24,3.192,3.192,3.192,3.192,0.0,3.192,0
2022-02-25,3.084,3.084,3.084,3.084,0.0,3.084,0
2022-02-28,3.161,3.161,3.161,3.161,0.0,3.161,0
2022-03-01,3.232,3.232,3.232,3.232,0.0,3.232,0
2022-03-02,3.279,3.279,3.279,3.279,0.0,3.279,0
2022-03-03,3.257,3.257,3.257,3.257,0.0,3.257,0
2022-03-04,3.31,3.31,3.31,3.31,0.0,3.31,0
2022-03-07,3.348,3.348,3.348,3.348,0.0,3.348,0
2022-03-08,3.358,3.358,3.358,3.358,0.0,3.358,0
2022-03-09,3.313,3.313,3.313,3.313,0.0,3.313,0
2022-03-10,3.281,3.281,3.281,3.281,0.0,3.281,0
2022-03-11,3.296,3.296,3.296,3.296,0.0,3.296,0
2022-03-14,3.339,3.339,3.339,3.339,0.0,3.339,0
2022-03-15,3.333,3.333,3.333,3.333,0.0,3.333,0
2022-03-16,3.329,3.329,3.329,3.329,0.0,3.329,0
2022-03-17,3.346,3.346,3.346,3.346,0.0,3.346,0
2022-03-18,3.298,3.298,3.298,3.298,0.0,3.298,0
2022-03-21,3.279,3.279,3.279,3.279,0.0,3.279,0
2022-03-22,3.29,3.29,3.29,3.29,0.0,3.29,0
2022-03-23,3.301,3.301,3.301,3.301,0.0,3.301,0
2022-03-24,3.327,3.327,3.327,3.327,0.0,3.327,0
2022-03-25,3.396,3.396,3.396,3.396,0.0,3.396,0
2022-03-28,3.486,3.486,3.486,3.486,0.0,3.486,0
2022-03-29,3.5,3.5,3.5,3.5,0.0,3.5,0
2022-03-30,3.6,3.602,3.6,3.602,1.0,3.6,1
2022-03-31,3.685,3.685,3.685,3.685,0.0,3.685,0
2022-04-01,3.737,3.737,3.737,3.737,0.0,3.737,0
2022-04-04,3.804,3.804,3.804,3.804,0.0,3.804,0
2022-04-05,3.883,3.883,3.883,3.883,0.0,3.883,0
2022-04-06,3.935,3.935,3.935,3.935,0.0,3.935,0
2022-04-07,3.92,3.92,3.92,3.92,0.0,3.92,0
2022-04-08,3.908,3.908,3.908,3.908,0.0,3.908,0
2022-04-11,3.957,3.957,3.957,3.957,0.0,3.957,0
2022-04-12,3.979,3.979,3.979,3.979,0.0,3.979,0
2022-04-13,4.0,4.0,3.987,3.987,5.0,4.0,2
2022-04-14,4.0,4.0,3.994,3.994,5.0,4.0,1
2022-04-18,4.029,4.029,4.029,4.029,0.0,4.029,0
2022-04-19,3.99,4.017,3.99,4.017,1.0,3.99,1
2022-04-20,3.98,3.98,3.963,3.963,10.0,3.98,1
2022-04-21,3.906,3.906,3.906,3.906,0.0,3.906,0
2022-04-22,3.733,3.733,3.733,3.733,0.0,3.733,0
2022-04-25,3.723,3.723,3.723,3.723,0.0,3.723,0
2022-04-26,3.788,3.788,3.788,3.788,0.0,3.788,0
2022-04-27,3.763,3.763,3.763,3.763,0.0,3.763,0
2022-04-28,3.759,3.759,3.759,3.759,0.0,3.759,0
2022-04-29,3.752,3.752,3.752,3.752,0.0,3.752,0
2022-05-02,3.841,3.841,3.841,3.841,0.0,3.841,0
2022-05-03,3.902,3.902,3.902,3.902,0.0,3.902,0
2022-05-04,3.952,3.952,3.952,3.952,0.0,3.952,0
2022-05-05,3.985,3.985,3.985,3.985,0.0,3.985,0
2022-05-06,3.932,3.932,3.932,3.932,0.0,3.932,0
2022-05-09,3.828,3.828,3.828,3.828,0.0,3.828,0
2022-05-10,3.855,3.855,3.855,3.855,0.0,3.855,0
2022-05-11,3.83,3.914,3.83,3.914,2.0,3.83,2
2022-05-12,3.924,3.924,3.924,3.924,0.0,3.924,0
2022-05-13,3.924,3.973,3.924,3.973,3.0,3.924,1
2022-05-16,4.023,4.023,4.023,4.023,0.0,4.023,0
2022-05-17,4.01,4.01,4.01,4.01,0.0,4.01,0
2022-05-18,4.05,4.05,4.05,4.05,0.0,4.05,0
2022-05-19,3.989,3.989,3.989,3.989,0.0,3.989,0
2022-05-20,3.998,3.998,3.998,3.998,0.0,3.998,0
2022-05-23,4.039,4.039,4.039,4.039,0.0,4.039,0
2022-05-24,4.018,4.018,4.018,4.018,0.0,4.018,0
2022-05-25,4.058,4.058,4.058,4.058,0.0,4.058,0
2022-05-26,4.112,4.112,4.112,4.112,0.0,4.112,0
2022-05-27,4.136,4.136,4.136,4.136,0.0,4.136,0
2022-05-31,4.082,4.082,4.082,4.082,0.0,4.082,0
2022-06-01,4.256,4.256,4.256,4.256,0.0,4.256,0
2022-06-02,4.257,4.257,4.257,4.257,0.0,4.257,0
2022-06-03,4.324,4.324,4.324,4.324,0.0,4.324,0
2022-06-06,4.423,4.423,4.423,4.423,0.0,4.423,0
2022-06-07,4.458,4.458,4.458,4.458,0.0,4.458,0
2022-06-08,4.528,4.528,4.528,4.528,0.0,4.528,0
2022-06-09,4.619,4.619,4.619,4.619,0.0,4.619,0
2022-06-10,4.673,4.673,4.673,4.673,0.0,4.673,0
2022-06-13,4.616,4.616,4.616,4.616,0.0,4.616,0
2022-06-14,4.538,4.538,4.538,4.538,0.0,4.538,0
2022-06-15,4.578,4.578,4.578,4.578,0.0,4.578,0
2022-06-16,4.562,4.562,4.562,4.562,0.0,4.562,0
2022-06-17,4.443,4.443,4.443,4.443,0.0,4.443,0
2022-06-21,4.43,4.43,4.43,4.43,0.0,4.43,0
2022-06-22,4.459,4.459,4.459,4.459,0.0,4.459,0
2022-06-23,4.437,4.437,4.437,4.437,0.0,4.437,0
2022-06-24,4.253,4.253,4.253,4.253,0.0,4.253,0
2022-06-27,4.295,4.295,4.295,4.295,0.0,4.295,0
2022-06-28,4.3,4.3,4.265,4.265,5.0,4.3,1
2022-06-29,4.282,4.282,4.282,4.282,0.0,4.282,0
2022-06-30,4.027,4.027,4.027,4.027,0.0,4.027,0
2022-07-01,4.065,4.065,4.065,4.065,0.0,4.065,0
2022-07-04,4.065,4.065,4.065,4.065,0.0,4.065,0
2022-07-05,4.0,4.0,3.915,3.915,5.0,4.0,1
2022-07-06,4.007,4.007,4.007,4.007,0.0,4.007,0
2022-07-07,4.103,4.103,4.103,4.103,0.0,4.103,0
2022-07-08,4.102,4.102,4.102,4.102,0.0,4.102,0
2022-07-11,4.136,4.136,4.136,4.136,0.0,4.136,0
2022-07-12,4.047,4.047,4.047,4.047,0.0,4.047,0
2022-07-13,4.134,4.134,4.134,4.134,0.0,4.134,0
2022-07-14,4.056,4.056,4.056,4.056,0.0,4.056,0
2022-07-15,4.13,4.13,4.13,4.13,0.0,4.13,0
2022-07-18,4.087,4.087,4.087,4.087,0.0,4.087,0
2022-07-19,4.13,4.13,4.093,4.093,25.0,4.13,1
2022-07-20,4.236,4.236,4.236,4.236,0.0,4.236,0
2022-07-21,4.141,4.141,4.141,4.141,0.0,4.141,0
2022-07-22,4.145,4.145,4.145,4.145,0.0,4.145,0
2022-07-25,4.201,4.201,4.201,4.201,0.0,4.201,0
2022-07-26,4.228,4.228,4.228,4.228,0.0,4.228,0
2022-07-27,4.226,4.226,4.226,4.226,0.0,4.226,0
2022-07-28,4.202,4.202,4.202,4.202,0.0,4.202,0
2022-07-29,4.197,4.197,4.197,4.197,0.0,4.197,0
2022-08-01,4.18,4.18,4.18,4.18,0.0,4.18,0
2022-08-02,4.182,4.182,4.182,4.182,0.0,4.182,0
2022-08-03,4.203,4.203,4.203,4.203,0.0,4.203,0
2022-08-04,4.184,4.184,4.184,4.184,0.0,4.184,0
2022-08-05,4.185,4.185,4.185,4.185,0.0,4.185,0
2022-08-08,4.147,4.147,4.147,4.147,0.0,4.147,0
2022-08-09,4.195,4.195,4.195,4.195,0.0,4.195,0
2022-08-10,4.225,4.225,4.225,4.225,0.0,4.225,0
2022-08-11,4.325,4.325,4.325,4.325,0.0,4.325,0
2022-08-12,4.313,4.313,4.313,4.313,0.0,4.313,0
2022-08-15,4.404,4.404,4.404,4.404,0.0,4.404,0
2022-08-16,4.443,4.443,4.443,4.443,0.0,4.443,0
2022-08-17,4.412,4.412,4.412,4.412,0.0,4.412,0
2022-08-18,4.418,4.418,4.418,4.418,0.0,4.418,0
2022-08-19,4.434,4.434,4.434,4.434,0.0,4.434,0
2022-08-22,4.493,4.493,4.493,4.493,0.0,4.493,0
2022-08-23,4.5,4.5,4.5,4.5,0.0,4.5,0
2022-08-24,4.509,4.509,4.509,4.509,0.0,4.509,0
2022-08-25,4.571,4.571,4.571,4.571,0.0,4.571,0
2022-08-26,4.595,4.595,4.595,4.595,0.0,4.595,0
2022-08-29,4.608,4.608,4.608,4.608,0.0,4.608,0
2022-08-30,4.615,4.615,4.615,4.615,0.0,4.615,0
2022-08-31,4.664,4.664,4.664,4.664,0.0,4.664,0
2022-09-01,4.732,4.732,4.732,4.732,0.0,4.732,0
2022-09-02,4.784,4.784,4.784,4.784,0.0,4.784,0
2022-09-05,4.784,4.784,4.784,4.784,0.0,4.784,0
2022-09-06,4.761,4.761,4.761,4.761,0.0,4.761,0
2022-09-07,4.669,4.669,4.669,4.669,0.0,4.669,0
2022-09-08,4.585,4.585,4.585,4.585,0.0,4.585,0
2022-09-09,4.636,4.636,4.636,4.636,0.0,4.636,0
2022-09-12,4.668,4.668,4.668,4.668,0.0,4.668,0
2022-09-13,4.697,4.697,4.697,4.697,0.0,4.697,0
2022-09-14,4.738,4.738,4.738,4.738,0.0,4.738,0
2022-09-15,4.692,4.692,4.692,4.692,0.0,4.692,0
2022-09-16,4.613,4.613,4.613,4.613,0.0,4.613,0
2022-09-19,4.573,4.573,4.573,4.573,0.0,4.573,0
2022-09-20,4.55,4.55,4.55,4.55,0.0,4.55,0
2022-09-21,4.42,4.423,4.42,4.423,12.0,4.42,2
2022-09-22,4.313,4.313,4.313,4.313,0.0,4.313,0
2022-09-23,4.313,4.313,4.313,4.313,0.0,4.313,0
2022-09-26,4.247,4.247,4.247,4.247,0.0,4.247,0
2022-09-27,4.231,4.231,4.231,4.231,0.0,4.231,0
2022-09-28,4.245,4.245,4.245,4.245,0.0,4.245,0
2022-09-29,4.23,4.23,4.23,4.23,0.0,4.23,0
2022-09-30,4.236,4.236,4.236,4.236,0.0,4.236,0
2022-10-03,4.188,4.188,4.188,4.188,0.0,4.188,0
2022-10-04,4.217,4.217,4.217,4.217,0.0,4.217,0
2022-10-05,4.184,4.184,4.184,4.184,0.0,4.184,0
2022-10-06,4.211,4.211,4.211,4.211,0.0,4.211,0
2022-10-07,4.225,4.225,4.225,4.225,0.0,4.225,0
2022-10-10,4.232,4.232,4.232,4.232,0.0,4.232,0
2022-10-11,4.27,4.27,4.27,4.27,0.0,4.27,0
2022-10-12,4.225,4.225,4.225,4.225,0.0,4.225,0
2022-10-13,4.218,4.218,4.218,4.218,0.0,4.218,0
2022-10-14,4.225,4.225,4.225,4.225,0.0,4.225,0
2022-10-17,4.209,4.209,4.209,4.209,0.0,4.209,0
2022-10-18,4.174,4.174,4.174,4.174,0.0,4.174,0
2022-10-19,4.149,4.149,4.149,4.149,0.0,4.149,0
2022-10-20,4.14,4.14,4.14,4.14,0.0,4.14,0
2022-10-21,4.1,4.1,4.1,4.1,0.0,4.1,0
2022-10-24,4.14,4.141,4.14,4.141,1.0,4.14,1
2022-10-25,4.146,4.146,4.146,4.146,0.0,4.146,0
2022-10-26,4.172,4.172,4.172,4.172,0.0,4.172,0
2022-10-27,4.165,4.165,4.165,4.165,0.0,4.165,0
2022-10-28,4.161,4.161,4.161,4.161,0.0,4.161,0
2022-10-31,4.185,4.185,4.185,4.185,0.0,4.185,0
2022-11-01,4.15,4.15,4.15,4.15,0.0,4.15,0
2022-11-02,4.15,4.189,4.15,4.189,1.0,4.15,1
2022-11-03,4.208,4.208,4.208,4.208,0.0,4.208,0
2022-11-04,4.306,4.306,4.306,4.306,0.0,4.306,0
2022-11-07,4.304,4.304,4.304,4.304,0.0,4.304,0
2022-11-08,4.275,4.275,4.275,4.275,0.0,4.275,0
2022-11-09,4.289,4.289,4.289,4.289,0.0,4.289,0
2022-11-10,4.289,4.289,4.289,4.289,0.0,4.289,0
2022-11-11,4.285,4.285,4.285,4.285,0.0,4.285,0
2022-11-14,4.254,4.254,4.254,4.254,0.0,4.254,0
2022-11-15,4.28,4.28,4.28,4.28,0.0,4.28,0
2022-11-16,4.299,4.299,4.299,4.299,0.0,4.299,0
2022-11-17,4.303,4.303,4.303,4.303,0.0,4.303,0
2022-11-18,4.303,4.303,4.303,4.303,0.0,4.303,0
2022-11-21,4.256,4.256,4.256,4.256,0.0,4.256,0
2022-11-22,4.261,4.261,4.261,4.261,0.0,4.261,0
2022-11-23,4.253,4.253,4.253,4.253,0.0,4.253,0
2022-11-24,4.253,4.253,4.253,4.253,0.0,4.253,0
2022-11-25,4.247,4.247,4.247,4.247,0.0,4.247,0
2022-11-28,4.183,4.183,4.183,4.183,0.0,4.183,0
2022-11-29,4.22,4.22,4.22,4.22,0.0,4.22,0
2022-11-30,4.234,4.234,4.234,4.234,0.0,4.234,0
2022-12-01,4.239,4.239,4.239,4.239,0.0,4.239,0
2022-12-02,4.226,4.226,4.226,4.226,0.0,4.226,0
2022-12-05,4.22,4.22,4.22,4.22,0.0,4.22,0
2022-12-06,4.233,4.233,4.233,4.233,0.0,4.233,0
2022-12-07,4.238,4.238,4.238,4.238,0.0,4.238,0
2022-12-08,4.272,4.272,4.272,4.272,0.0,4.272,0
2022-12-09,4.276,4.276,4.276,4.276,0.0,4.276,0
2022-12-12,4.303,4.303,4.303,4.303,0.0,4.303,0
2022-12-13,4.291,4.291,4.291,4.291,0.0,4.291,0
2022-12-14,4.289,4.289,4.289,4.289,0.0,4.289,0
2022-12-15,4.31,4.31,4.31,4.31,0.0,4.31,0
2022-12-16,4.345,4.345,4.345,4.345,0.0,4.345,0
2022-12-19,4.385,4.385,4.385,4.385,0.0,4.385,0
2022-12-20,4.38,4.38,4.38,4.38,0.0,4.38,0
2022-12-21,4.273,4.273,4.273,4.273,0.0,4.273,0
2022-12-22,4.19,4.19,4.19,4.19,0.0,4.19,0
2022-12-23,4.188,4.188,4.188,4.188,0.0,4.188,0
2022-12-27,4.266,4.266,4.266,4.266,0.0,4.266,0
2022-12-28,4.195,4.195,4.195,4.195,0.0,4.195,0
2022-12-29,4.173,4.173,4.173,4.173,0.0,4.173,0
2022-12-30,4.188,4.188,4.188,4.188,0.0,4.188,0
2023-01-03,4.134,4.134,4.134,4.134,0.0,4.134,0
2023-01-04,4.137,4.137,4.137,4.137,0.0,4.137,0
2023-01-05,4.029,4.029,4.029,4.029,0.0,4.029,0
2023-01-06,3.973,3.973,3.973,3.973,0.0,3.973,0
2023-01-09,3.981,3.981,3.981,3.981,0.0,3.981,0
2023-01-10,4.005,4.005,4.005,4.005,0.0,4.005,0
2023-01-11,3.971,3.971,3.971,3.971,0.0,3.971,0
2023-01-12,3.97,3.97,3.97,3.97,0.0,3.97,0
2023-01-13,3.979,3.979,3.979,3.979,0.0,3.979,0
2023-01-16,3.979,3.979,3.979,3.979,0.0,3.979,0
2023-01-17,3.995,3.995,3.995,3.995,0.0,3.995,0
2023-01-18,3.993,3.993,3.993,3.993,0.0,3.993,0
2023-01-19,3.997,3.997,3.997,3.997,0.0,3.997,0
2023-01-20,4.023,4.023,4.023,4.023,0.0,4.023,0
2023-01-23,4.036,4.036,4.036,4.036,0.0,4.036,0
2023-01-24,4.005,4.005,4.005,4.005,0.0,4.005,0
2023-01-25,3.948,3.948,3.948,3.948,0.0,3.948,0
2023-01-26,3.949,3.949,3.949,3.949,0.0,3.949,0
2023-01-27,3.94,3.94,3.94,3.94,0.0,3.94,0
2023-01-30,3.861,3.861,3.861,3.861,0.0,3.861,0
2023-01-31,3.872,3.872,3.872,3.872,0.0,3.872,0
2023-02-01,3.773,3.773,3.773,3.773,0.0,3.773,0
2023-02-02,3.753,3.753,3.753,3.753,0.0,3.753,0
2023-02-03,3.711,3.711,3.711,3.711,0.0,3.711,0
2023-02-10,3.678,3.678,3.678,3.678,0.0,3.678,0
2023-02-13,3.621,3.621,3.621,3.621,0.0,3.621,0
2023-02-14,3.645,3.645,3.645,3.645,0.0,3.645,0
2023-02-15,3.63,3.63,3.63,3.63,0.0,3.63,0
2023-02-16,3.63,3.63,3.63,3.63,0.0,3.63,0
2023-02-17,3.593,3.593,3.593,3.593,0.0,3.593,0
2023-02-20,3.593,3.593,3.593,3.593,0.0,3.593,0
2023-02-21,3.608,3.608,3.608,3.608,0.0,3.608,0
2023-02-22,3.639,3.639,3.639,3.639,0.0,3.639,0
2023-02-23,3.688,3.688,3.688,3.688,0.0,3.688,0
2023-02-24,3.735,3.735,3.735,3.735,0.0,3.735,0
2023-02-27,3.775,3.775,3.775,3.775,0.0,3.775,0
2023-02-28,3.823,3.823,3.823,3.823,0.0,3.823,0
2023-03-01,3.904,3.904,3.904,3.904,0.0,3.904,0
2023-03-02,3.912,3.912,3.912,3.912,0.0,3.912,0
2023-03-03,3.952,3.952,3.952,3.952,0.0,3.952,0
2023-03-06,3.986,3.986,3.986,3.986,0.0,3.986,0
2023-03-07,4.127,4.127,4.127,4.127,0.0,4.127,0
2023-03-08,4.101,4.101,4.101,4.101,0.0,4.101,0
2023-03-09,4.013,4.013,4.013,4.013,0.0,4.013,0
2023-03-10,4.092,4.092,4.092,4.092,0.0,4.092,0
2023-03-13,4.103,4.103,4.103,4.103,0.0,4.103,0
2023-03-14,4.154,4.154,4.154,4.154,0.0,4.154,0
2023-03-15,4.115,4.115,4.115,4.115,0.0,4.115,0
2023-03-16,4.157,4.157,4.157,4.157,0.0,4.157,0
2023-03-17,4.15,4.15,4.15,4.15,0.0,4.15,0
2023-03-20,4.076,4.076,4.076,4.076,0.0,4.076,0
2023-03-21,4.159,4.159,4.159,4.159,0.0,4.159,0
2023-03-22,4.098,4.098,4.098,4.098,0.0,4.098,0
2023-03-23,4.128,4.128,4.128,4.128,0.0,4.128,0
2023-03-24,4.096,4.096,4.096,4.096,0.0,4.096,0
2023-03-27,4.057,4.057,4.057,4.057,0.0,4.057,0
2023-03-28,4.028,4.028,4.028,4.028,0.0,4.028,0
2023-03-29,4.02,4.054,4.02,4.054,40.0,4.02,1
2023-03-30,4.023,4.023,4.023,4.023,0.0,4.023,0
2023-03-31,4.044,4.044,4.044,4.044,0.0,4.044,0
2023-04-03,4.02,4.02,4.02,4.02,0.0,4.02,0
2023-04-04,4.032,4.032,4.032,4.032,0.0,4.032,0
2023-04-05,3.988,3.988,3.988,3.988,0.0,3.988,0
2023-04-06,3.944,3.944,3.944,3.944,0.0,3.944,0
2023-04-10,4.02,4.02,4.02,4.02,0.0,4.02,0
2023-04-11,4.03,4.03,4.03,4.03,0.0,4.03,0
2023-04-12,3.956,3.956,3.956,3.956,0.0,3.956,0
2023-04-13,3.924,3.924,3.924,3.924,0.0,3.924,0
2023-04-14,3.944,3.944,3.944,3.944,0.0,3.944,0
2023-04-17,4.021,4.021,4.021,4.021,0.0,4.021,0
2023-04-18,4.019,4.019,4.019,4.019,0.0,4.019,0
2023-04-19,4.041,4.041,4.041,4.041,0.0,4.041,0
2023-04-20,4.073,4.073,4.073,4.073,0.0,4.073,0
2023-04-21,4.08,4.08,4.08,4.08,0.0,4.08,0
2023-04-24,4.119,4.119,4.119,4.119,0.0,4.119,0
2023-04-25,4.097,4.097,4.097,4.097,0.0,4.097,0
2023-04-26,4.079,4.079,4.079,4.079,0.0,4.079,0
2023-04-27,4.083,4.083,4.083,4.083,0.0,4.083,0
2023-04-28,4.102,4.102,4.102,4.102,0.0,4.102,0
2023-05-01,4.059,4.059,4.059,4.059,0.0,4.059,0
2023-05-02,4.057,4.057,4.057,4.057,0.0,4.057,0
2023-05-03,4.043,4.043,4.043,4.043,0.0,4.043,0
2023-05-04,4.058,4.058,4.058,4.058,0.0,4.058,0
2023-05-05,4.065,4.065,4.065,4.065,0.0,4.065,0
2023-05-08,4.033,4.033,4.033,4.033,0.0,4.033,0
2023-05-09,3.99,4.016,3.99,4.016,4.0,3.99,1
2023-05-10,4.004,4.004,4.004,4.004,0.0,4.004,0
2023-05-11,3.998,3.998,3.998,3.998,0.0,3.998,0
2023-05-12,3.988,3.988,3.988,3.988,0.0,3.988,0
2023-05-15,3.992,3.992,3.992,3.992,0.0,3.992,0
2023-05-16,3.965,3.965,3.965,3.965,0.0,3.965,0
2023-05-17,3.934,3.934,3.934,3.934,0.0,3.934,0
2023-05-18,3.944,3.944,3.944,3.944,0.0,3.944,0
2023-05-19,3.89,3.89,3.89,3.89,0.0,3.89,0
2023-05-22,3.851,3.851,3.851,3.851,0.0,3.851,0
2023-05-23,3.823,3.823,3.823,3.823,0.0,3.823,0
2023-05-24,3.878,3.878,3.878,3.878,0.0,3.878,0
2023-05-25,3.849,3.849,3.849,3.849,0.0,3.849,0
2023-05-26,3.877,3.877,3.877,3.877,0.0,3.877,0
2023-05-29,3.877,3.877,3.877,3.877,0.0,3.877,0
2023-05-30,3.837,3.837,3.837,3.837,0.0,3.837,0
2023-05-31,3.802,3.802,3.802,3.802,0.0,3.802,0
2023-06-01,3.66,3.66,3.66,3.66,0.0,3.66,0
2023-06-02,3.7,3.7,3.7,3.7,0.0,3.7,0
2023-06-05,3.72,3.72,3.72,3.72,0.0,3.72,0
2023-06-06,3.707,3.707,3.707,3.707,0.0,3.707,0
2023-06-07,3.714,3.714,3.714,3.714,0.0,3.714,0
2023-06-08,3.719,3.719,3.719,3.719,0.0,3.719,0
2023-06-09,3.698,3.698,3.698,3.698,0.0,3.698,0
2023-06-12,3.695,3.695,3.695,3.695,0.0,3.695,0
2023-06-13,3.691,3.691,3.691,3.691,0.0,3.691,0
2023-06-14,3.735,3.735,3.735,3.735,0.0,3.735,0
2023-06-15,3.747,3.747,3.747,3.747,0.0,3.747,0
2023-06-16,3.749,3.749,3.718,3.718,1.0,3.749,1
2023-06-19,3.718,3.718,3.718,3.718,0.0,3.718,0
2023-06-20,3.765,3.765,3.765,3.765,0.0,3.765,0
2023-06-21,3.82,3.82,3.82,3.82,0.0,3.82,0
2023-06-22,3.838,3.838,3.838,3.838,0.0,3.838,0
2023-06-23,3.793,3.793,3.793,3.793,0.0,3.793,0
2023-06-26,3.773,3.773,3.773,3.773,0.0,3.773,0
2023-06-27,3.758,3.758,3.758,3.758,0.0,3.758,0
2023-06-28,3.739,3.739,3.72,3.72,1.0,3.739,1
2023-06-29,3.683,3.683,3.683,3.683,0.0,3.683,0
2023-06-30,3.701,3.701,3.701,3.701,0.0,3.701,0
2023-07-03,3.702,3.702,3.702,3.702,0.0,3.702,0
2023-07-04,3.702,3.702,3.702,3.702,0.0,3.702,0
2023-07-05,3.675,3.675,3.675,3.675,0.0,3.675,0
2023-07-06,3.692,3.692,3.692,3.692,0.0,3.692,0
2023-07-07,3.701,3.701,3.701,3.701,0.0,3.701,0
2023-07-10,3.71,3.71,3.71,3.71,0.0,3.71,0
2023-07-11,3.722,3.722,3.722,3.722,0.0,3.722,0
2023-07-12,3.719,3.719,3.719,3.719,0.0,3.719,0
2023-07-13,3.684,3.684,3.684,3.684,0.0,3.684,0
2023-07-14,3.718,3.718,3.718,3.718,0.0,3.718,0
2023-07-17,3.706,3.706,3.706,3.706,0.0,3.706,0
2023-07-18,3.736,3.736,3.736,3.736,0.0,3.736,0
2023-07-19,3.721,3.721,3.721,3.721,0.0,3.721,0
2023-07-20,3.744,3.744,3.744,3.744,0.0,3.744,0
2023-07-21,3.764,3.764,3.764,3.764,0.0,3.764,0
2023-07-24,3.798,3.798,3.798,3.798,0.0,3.798,0
2023-07-25,3.803,3.812,3.803,3.812,1.0,3.803,1
2023-07-26,3.822,3.822,3.822,3.822,0.0,3.822,0
2023-07-27,3.811,3.811,3.811,3.811,0.0,3.811,0
2023-07-28,3.8,3.82,3.8,3.82,1.0,3.8,1
2023-07-31,3.805,3.805,3.805,3.805,0.0,3.805,0
2023-08-01,3.784,3.784,3.784,3.784,0.0,3.784,0
2023-08-02,3.781,3.781,3.781,3.781,0.0,3.781,0
2023-08-03,3.769,3.769,3.769,3.769,0.0,3.769,0
2023-08-04,3.757,3.757,3.757,3.757,0.0,3.757,0
2023-08-07,3.804,3.804,3.804,3.804,0.0,3.804,0
2023-08-08,3.797,3.797,3.797,3.797,0.0,3.797,0
2023-08-09,3.759,3.759,3.759,3.759,0.0,3.759,0
2023-08-10,3.744,3.744,3.744,3.744,0.0,3.744,0
2023-08-11,3.784,3.784,3.784,3.784,0.0,3.784,0
2023-08-14,3.787,3.787,3.787,3.787,0.0,3.787,0
2023-08-15,3.788,3.788,3.785,3.785,3.0,3.788,2
2023-08-16,3.791,3.791,3.791,3.791,0.0,3.791,0
2023-08-17,3.795,3.795,3.783,3.783,3.0,3.795,1
2023-08-18,3.765,3.765,3.765,3.765,0.0,3.765,0
2023-08-21,3.792,3.792,3.792,3.792,0.0,3.792,0
2023-08-22,3.768,3.768,3.768,3.768,0.0,3.768,0
2023-08-23,3.78,3.78,3.78,3.78,0.0,3.78,0
2023-08-24,3.78,3.78,3.741,3.741,1.0,3.78,1
2023-08-25,3.744,3.744,3.744,3.744,0.0,3.744,0
2023-08-28,3.739,3.739,3.739,3.739,0.0,3.739,0
2023-08-29,3.708,3.708,3.708,3.708,0.0,3.708,0
2023-08-30,3.744,3.744,3.744,3.744,0.0,3.744,0
2023-08-31,3.753,3.753,3.753,3.753,0.0,3.753,0
2023-09-01,3.74,3.74,3.74,3.74,0.0,3.74,0
2023-09-04,3.74,3.74,3.74,3.74,0.0,3.74,0
2023-09-05,3.703,3.703,3.703,3.703,0.0,3.703,0
2023-09-06,3.715,3.715,3.715,3.715,0.0,3.715,0
2023-09-07,3.698,3.698,3.698,3.698,0.0,3.698,0
2023-09-08,3.704,3.704,3.704,3.704,0.0,3.704,0
2023-09-11,3.652,3.652,3.652,3.652,0.0,3.652,0
2023-09-12,3.696,3.696,3.696,3.696,0.0,3.696,0
2023-09-13,3.727,3.727,3.727,3.727,0.0,3.727,0
2023-09-14,3.736,3.736,3.736,3.736,0.0,3.736,0
2023-09-15,3.695,3.695,3.695,3.695,0.0,3.695,0
2023-09-18,3.735,3.735,3.735,3.735,0.0,3.735,0
2023-09-19,3.729,3.729,3.729,3.729,0.0,3.729,0
2023-09-20,3.74,3.74,3.74,3.74,0.0,3.74,0
2023-09-21,3.762,3.762,3.762,3.762,0.0,3.762,0
2023-09-22,3.802,3.802,3.802,3.802,0.0,3.802,0
2023-09-25,3.764,3.764,3.764,3.764,0.0,3.764,0
2023-09-26,3.783,3.783,3.783,3.783,0.0,3.783,0
2023-09-27,3.759,3.759,3.759,3.759,0.0,3.759,0
2023-09-28,3.782,3.782,3.782,3.782,0.0,3.782,0
2023-09-29,3.775,3.775,3.774,3.774,1.0,3.775,1
2023-10-02,3.763,3.763,3.763,3.763,0.0,3.763,0
2023-10-03,3.794,3.794,3.794,3.794,0.0,3.794,0
2023-10-04,3.763,3.763,3.763,3.763,0.0,3.763,0
2023-10-05,3.775,3.775,3.775,3.775,0.0,3.775,0
2023-10-06,3.773,3.773,3.773,3.773,0.0,3.773,0
2023-10-09,3.787,3.787,3.787,3.787,0.0,3.787,0
2023-10-10,3.807,3.807,3.807,3.807,0.0,3.807,0
2023-10-11,3.821,3.821,3.821,3.821,0.0,3.821,0
2023-10-12,3.845,3.845,3.845,3.845,0.0,3.845,0
2023-10-13,3.849,3.849,3.849,3.849,0.0,3.849,0
2023-10-16,3.839,3.839,3.839,3.839,0.0,3.839,0
2023-10-17,3.843,3.843,3.843,3.843,0.0,3.843,0
2023-10-18,3.836,3.836,3.836,3.836,0.0,3.836,0
2023-10-19,3.843,3.843,3.843,3.843,0.0,3.843,0
2023-10-20,3.849,3.849,3.849,3.849,0.0,3.849,0
2023-10-23,3.853,3.853,3.853,3.853,0.0,3.853,0
2023-10-24,3.845,3.845,3.838,3.838,1.0,3.845,1
2023-10-25,3.847,3.847,3.847,3.847,0.0,3.847,0
2023-10-26,3.835,3.835,3.835,3.835,0.0,3.835,0
2023-10-27,3.83,3.83,3.83,3.83,0.0,3.83,0
2023-10-30,3.855,3.855,3.855,3.855,0.0,3.855,0
2023-10-31,3.849,3.849,3.849,3.849,0.0,3.849,0
2023-11-01,3.896,3.896,3.896,3.896,0.0,3.896,0
2023-11-02,3.972,3.972,3.972,3.972,0.0,3.972,0
2023-11-03,3.97,3.97,3.97,3.97,0.0,3.97,0
2023-11-06,3.989,3.989,3.989,3.989,0.0,3.989,0
2023-11-07,3.977,3.977,3.977,3.977,0.0,3.977,0
2023-11-08,3.936,3.936,3.936,3.936,0.0,3.936,0
2023-11-09,3.927,3.927,3.927,3.927,0.0,3.927,0
2023-11-10,3.913,3.913,3.913,3.913,0.0,3.913,0
2023-11-13,3.93,3.93,3.93,3.93,0.0,3.93,0
2023-11-14,3.918,3.918,3.918,3.918,0.0,3.918,0
2023-11-15,3.957,3.957,3.957,3.957,0.0,3.957,0
2023-11-16,3.934,3.934,3.934,3.934,0.0,3.934,0
2023-11-17,3.906,3.906,3.906,3.906,0.0,3.906,0
2023-11-20,3.876,3.876,3.876,3.876,0.0,3.876,0
2023-11-21,3.832,3.832,3.832,3.832,0.0,3.832,0
2023-11-22,3.844,3.844,3.844,3.844,0.0,3.844,0
2023-11-23,3.844,3.844,3.844,3.844,0.0,3.844,0
2023-11-24,3.875,3.875,3.875,3.875,0.0,3.875,0
2023-11-27,3.875,3.875,3.875,3.875,0.0,3.875,0
2023-11-28,3.823,3.823,3.823,3.823,0.0,3.823,0
2023-11-29,3.821,3.821,3.821,3.821,0.0,3.821,0
2023-11-30,3.78,3.78,3.78,3.78,0.0,3.78,0
2023-12-01,3.8,3.8,3.8,3.8,0.0,3.8,0
2023-12-04,3.755,3.755,3.755,3.755,0.0,3.755,0
2023-12-05,3.759,3.759,3.759,3.759,0.0,3.759,0
2023-12-06,3.593,3.607,3.593,3.607,1.0,3.593,1
2023-12-07,3.598,3.598,3.598,3.598,0.0,3.598,0
2023-12-08,3.541,3.541,3.541,3.541,0.0,3.541,0
2023-12-11,3.504,3.504,3.504,3.504,0.0,3.504,0
2023-12-12,3.507,3.507,3.507,3.507,0.0,3.507,0
2023-12-13,3.54,3.54,3.54,3.54,0.0,3.54,0
2023-12-14,3.602,3.602,3.602,3.602,0.0,3.602,0
2023-12-15,3.66,3.673,3.66,3.673,1.0,3.66,1
2023-12-18,3.68,3.68,3.68,3.68,0.0,3.68,0
2023-12-19,3.642,3.642,3.642,3.642,0.0,3.642,0
2023-12-20,3.654,3.654,3.654,3.654,0.0,3.654,0
2023-12-21,3.685,3.685,3.685,3.685,0.0,3.685,0
2023-12-22,3.59,3.59,3.59,3.59,0.0,3.59,0
2023-12-26,3.565,3.565,3.565,3.565,0.0,3.565,0
2023-12-27,3.612,3.612,3.612,3.612,0.0,3.612,0
2023-12-28,3.656,3.656,3.656,3.656,0.0,3.656,0
2023-12-29,3.681,3.681,3.681,3.681,0.0,3.681,0
2024-01-02,3.691,3.691,3.691,3.691,0.0,3.691,0
2024-01-03,3.693,3.693,3.693,3.693,0.0,3.693,0
2024-01-04,3.709,3.709,3.709,3.709,0.0,3.709,0
2024-01-05,3.742,3.742,3.742,3.742,0.0,3.742,0
2024-01-08,3.767,3.767,3.767,3.767,0.0,3.767,0
2024-01-09,3.743,3.749,3.743,3.749,3.0,3.743,1
2024-01-10,3.727,3.727,3.727,3.727,0.0,3.727,0
2024-01-11,3.697,3.697,3.697,3.697,0.0,3.697,0
2024-01-12,3.684,3.684,3.684,3.684,0.0,3.684,0
2024-01-15,3.684,3.684,3.684,3.684,0.0,3.684,0
2024-01-16,3.673,3.673,3.673,3.673,0.0,3.673,0
2024-01-17,3.708,3.708,3.708,3.708,0.0,3.708,0
2024-01-18,3.694,3.694,3.694,3.694,0.0,3.694,0
2024-01-19,3.652,3.652,3.652,3.652,0.0,3.652,0
2024-01-22,3.618,3.618,3.618,3.618,0.0,3.618,0
2024-01-23,3.686,3.686,3.686,3.686,0.0,3.686,0
2024-01-24,3.67,3.67,3.67,3.67,0.0,3.67,0
2024-01-25,3.596,3.596,3.596,3.596,0.0,3.596,0
2024-01-26,3.615,3.615,3.615,3.615,0.0,3.615,0
2024-01-29,3.578,3.578,3.578,3.578,0.0,3.578,0
2024-01-30,3.575,3.575,3.575,3.575,0.0,3.575,0
2024-01-31,3.579,3.579,3.579,3.579,0.0,3.579,0
2024-02-01,3.55,3.566,3.55,3.566,5.0,3.55,1
2024-02-02,3.6,3.6,3.6,3.6,0.0,3.6,0
2024-02-05,3.583,3.596,3.583,3.596,2.0,3.583,1
2024-02-06,3.596,3.596,3.592,3.592,2.0,3.596,1
2024-02-07,3.598,3.598,3.598,3.598,0.0,3.598,0
2024-02-08,3.58,3.59,3.58,3.589,2.0,3.585,2
2024-02-09,3.604,3.604,3.604,3.604,0.0,3.604,0
2024-02-12,3.59,3.59,3.59,3.59,0.0,3.59,0
2024-02-13,3.588,3.588,3.588,3.588,0.0,3.588,0
2024-02-14,3.535,3.535,3.531,3.531,9.0,3.535,1
2024-02-15,3.5,3.512,3.488,3.488,6.0,3.502,2
2024-02-16,3.454,3.454,3.454,3.454,0.0,3.454,0
2024-02-19,3.454,3.454,3.454,3.454,0.0,3.454,0
2024-02-20,3.489,3.489,3.489,3.489,0.0,3.489,0
2024-02-21,3.569,3.569,3.569,3.569,0.0,3.569,0
2024-02-22,3.605,3.605,3.605,3.605,0.0,3.605,0
2024-02-23,3.576,3.576,3.576,3.576,0.0,3.576,0
2024-02-26,3.593,3.593,3.593,3.593,0.0,3.593,0
2024-02-27,3.611,3.611,3.611,3.611,0.0,3.611,0
2024-02-28,3.651,3.651,3.651,3.651,0.0,3.651,0
2024-02-29,3.643,3.643,3.643,3.643,0.0,3.643,0
2024-03-01,3.643,3.643,3.631,3.631,1.0,3.643,1
2024-03-04,3.656,3.656,3.656,3.656,0.0,3.656,0
2024-03-05,3.664,3.664,3.664,3.664,0.0,3.664,0
2024-03-06,3.677,3.677,3.677,3.677,0.0,3.677,0
2024-03-07,3.668,3.668,3.668,3.668,0.0,3.668,0
2024-03-08,3.656,3.656,3.656,3.656,0.0,3.656,0
2024-03-11,3.659,3.659,3.659,3.659,0.0,3.659,0
2024-03-12,3.66,3.66,3.66,3.66,0.0,3.66,0
2024-03-13,3.666,3.666,3.666,3.666,0.0,3.666,0
2024-03-14,3.664,3.678,3.664,3.678,1.0,3.664,1
2024-03-15,3.64,3.64,3.64,3.64,0.0,3.64,0
2024-03-18,3.675,3.68,3.66,3.68,11.0,3.6695,3
2024-03-19,3.664,3.68,3.664,3.68,9.0,3.664,1
2024-03-20,3.654,3.654,3.654,3.654,0.0,3.654,0
2024-03-21,3.639,3.639,3.639,3.639,0.0,3.639,0
2024-03-22,3.63,3.63,3.63,3.63,0.0,3.63,0
2024-03-25,3.63,3.63,3.6,3.624,25.0,3.6244,4
2024-03-26,3.627,3.652,3.627,3.652,10.0,3.633,3
2024-03-27,3.64,3.641,3.64,3.641,6.0,3.64,2
2024-03-28,3.645,3.685,3.645,3.685,2.0,3.645,1
2024-04-01,3.654,3.697,3.654,3.697,6.0,3.662,3
2024-04-02,3.705,3.711,3.705,3.707,18.0,3.7053,3
2024-04-03,3.695,3.706,3.68,3.706,14.0,3.6929,5
2024-04-04,3.67,3.688,3.67,3.688,7.0,3.6721,2
2024-04-05,3.678,3.69,3.678,3.684,12.0,3.685,2
2024-04-08,3.694,3.704,3.694,3.704,5.0,3.694,5
2024-04-09,3.715,3.715,3.696,3.715,34.0,3.707,11
2024-04-10,3.71,3.746,3.71,3.724,8.0,3.7212,5
2024-04-11,3.775,3.775,3.773,3.773,26.0,3.775,1
2024-04-12,3.807,3.822,3.807,3.822,9.0,3.8089,3
2024-04-15,3.835,3.868,3.835,3.868,2.0,3.835,1
2024-04-16,3.862,3.875,3.862,3.872,46.0,3.8732,4
2024-04-17,3.857,3.868,3.857,3.868,2.0,3.857,1
2024-04-18,3.846,3.854,3.846,3.854,7.0,3.8473,3
2024-04-19,3.865,3.865,3.85,3.853,25.0,3.8556,7
2024-04-22,3.872,3.872,3.872,3.872,0.0,3.872,0
2024-04-23,3.875,3.875,3.875,3.875,0.0,3.875,0
2024-04-24,3.905,3.905,3.905,3.905,0.0,3.905,0
2024-04-25,3.895,3.895,3.888,3.888,10.0,3.895,1
2024-04-26,3.883,3.899,3.883,3.899,2.0,3.883,1
2024-04-29,3.923,3.923,3.923,3.923,0.0,3.923,0
2024-04-30,3.903,3.915,3.903,3.915,4.0,3.9045,2
2024-05-01,3.903,3.903,3.903,3.903,0.0,3.903,0
2024-05-02,3.91,3.91,3.892,3.892,1.0,3.91,1
2024-05-03,3.865,3.865,3.865,3.865,0.0,3.865,0
2024-05-06,3.865,3.865,3.865,3.865,0.0,3.865,0
2024-05-07,3.819,3.819,3.819,3.819,0.0,3.819,0
2024-05-08,3.794,3.794,3.783,3.783,3.0,3.7937,2
2024-05-09,3.736,3.736,3.734,3.734,5.0,3.736,1
2024-05-10,3.753,3.768,3.753,3.768,7.0,3.753,1
2024-05-13,3.767,3.767,3.767,3.767,0.0,3.767,0
2024-05-14,3.785,3.785,3.784,3.784,1.0,3.785,1
2024-05-15,3.818,3.818,3.818,3.818,0.0,3.818,0
2024-05-16,3.851,3.851,3.851,3.851,0.0,3.851,0
2024-05-17,3.871,3.871,3.871,3.871,0.0,3.871,0
2024-05-20,3.88,3.894,3.88,3.894,3.0,3.88,3
2024-05-21,3.876,3.876,3.876,3.876,0.0,3.876,0
2024-05-22,3.879,3.879,3.879,3.879,0.0,3.879,0
2024-05-23,3.88,3.88,3.855,3.855,35.0,3.8782,3
2024-05-24,3.845,3.845,3.825,3.825,2.0,3.845,1
2024-05-27,3.825,3.825,3.825,3.825,0.0,3.825,0
2024-05-28,3.816,3.816,3.816,3.816,0.0,3.816,0
2024-05-29,3.762,3.762,3.762,3.762,0.0,3.762,0
2024-05-30,3.741,3.741,3.741,3.741,0.0,3.741,0
2024-05-31,3.728,3.728,3.728,3.728,0.0,3.728,0
2024-06-03,3.73,3.742,3.73,3.742,52.0,3.7365,5
2024-06-04,3.728,3.728,3.728,3.728,0.0,3.728,0
2024-06-05,3.762,3.762,3.762,3.762,0.0,3.762,0
2024-06-06,3.772,3.772,3.76,3.76,31.0,3.772,1
2024-06-07,3.76,3.781,3.758,3.758,53.0,3.7729,5
2024-06-10,3.77,3.77,3.77,3.77,0.0,3.77,0
2024-06-11,3.786,3.807,3.786,3.807,15.0,3.786,8
2024-06-12,3.776,3.78,3.767,3.78,5.0,3.7724,2
2024-06-13,3.729,3.75,3.729,3.75,4.0,3.729,1
2024-06-14,3.754,3.754,3.754,3.754,0.0,3.754,0
2024-06-17,3.776,3.776,3.776,3.776,0.0,3.776,0
2024-06-18,3.793,3.793,3.793,3.793,0.0,3.793,0
2024-06-19,3.793,3.793,3.793,3.793,0.0,3.793,0
2024-06-20,3.76,3.765,3.754,3.765,2.0,3.757,2
2024-06-21,3.75,3.754,3.75,3.754,2.0,3.75,1
2024-06-24,3.757,3.76,3.757,3.76,11.0,3.757,11
2024-06-25,3.752,3.752,3.752,3.752,0.0,3.752,0
2024-06-26,3.756,3.756,3.756,3.756,0.0,3.756,0
2024-06-27,3.752,3.752,3.683,3.683,2.0,3.726,2
2024-06-28,3.694,3.694,3.694,3.694,0.0,3.694,0
2024-07-01,3.685,3.685,3.685,3.685,0.0,3.685,0
2024-07-02,3.677,3.677,3.677,3.677,0.0,3.677,0
2024-07-03,3.668,3.668,3.668,3.668,0.0,3.668,0
2024-07-04,3.668,3.668,3.668,3.668,0.0,3.668,0
2024-07-05,3.67,3.67,3.645,3.645,1.0,3.67,1
2024-07-08,3.663,3.663,3.663,3.663,0.0,3.663,0
2024-07-09,3.661,3.661,3.661,3.661,0.0,3.661,0
2024-07-10,3.65,3.666,3.65,3.666,1.0,3.65,1
2024-07-11,3.635,3.635,3.635,3.635,0.0,3.635,0
2024-07-12,3.616,3.616,3.616,3.616,0.0,3.616,0
2024-07-15,3.602,3.61,3.602,3.61,11.0,3.602,11
2024-07-16,3.592,3.592,3.592,3.592,0.0,3.592,0
2024-07-17,3.545,3.548,3.527,3.527,26.0,3.5462,26
2024-07-18,3.54,3.54,3.54,3.54,0.0,3.54,0
2024-07-19,3.568,3.581,3.568,3.581,1.0,3.568,1
2024-07-22,3.61,3.61,3.61,3.61,0.0,3.61,0
2024-07-23,3.591,3.591,3.591,3.591,0.0,3.591,0
2024-07-24,3.569,3.572,3.569,3.572,1.0,3.569,1
2024-07-25,3.525,3.525,3.517,3.517,10.0,3.525,8
2024-07-26,3.52,3.52,3.518,3.518,1.0,3.52,1
2024-07-29,3.483,3.483,3.483,3.483,0.0,3.483,0
2024-07-30,3.483,3.483,3.483,3.483,0.0,3.483,0
2024-07-31,3.48,3.48,3.469,3.469,1.0,3.48,1
2024-08-01,3.465,3.465,3.438,3.438,2.0,3.465,1
2024-08-02,3.441,3.448,3.425,3.439,13.0,3.4365,6
2024-08-05,3.42,3.42,3.395,3.399,10.0,3.4021,6
2024-08-06,3.406,3.406,3.394,3.394,2.0,3.406,2
2024-08-07,3.43,3.43,3.421,3.421,8.0,3.4287,8
2024-08-08,3.485,3.485,3.48,3.48,2.0,3.485,1
2024-08-09,3.486,3.509,3.486,3.489,8.0,3.4889,2
2024-08-12,3.485,3.495,3.471,3.495,6.0,3.4827,2
2024-08-13,3.501,3.513,3.456,3.457,13.0,3.488,8
2024-08-14,3.448,3.487,3.448,3.487,13.0,3.4783,9
2024-08-15,3.482,3.491,3.478,3.482,18.0,3.4858,10
2024-08-16,3.463,3.471,3.427,3.427,35.0,3.4615,8
2024-08-19,3.422,3.448,3.422,3.448,17.0,3.4323,7
2024-08-20,3.459,3.491,3.43,3.491,6.0,3.446,5
2024-08-21,3.493,3.51,3.493,3.51,2.0,3.4995,2
2024-08-22,3.506,3.508,3.486,3.504,7.0,3.4946,5
2024-08-23,3.485,3.515,3.47,3.515,34.0,3.5074,22
2024-08-26,3.505,3.516,3.505,3.507,5.0,3.51,5
2024-08-27,3.501,3.509,3.49,3.499,14.0,3.5,9
2024-08-28,3.485,3.495,3.475,3.493,7.0,3.4886,5
2024-08-29,3.47,3.47,3.45,3.469,27.0,3.4641,15
2024-08-30,3.443,3.469,3.443,3.463,10.0,3.4534,5
2024-09-02,3.463,3.463,3.463,3.463,0.0,3.463,0
2024-09-03,3.452,3.467,3.444,3.467,10.0,3.4471,6
2024-09-04,3.453,3.456,3.453,3.456,3.0,3.4533,2
2024-09-05,3.454,3.457,3.452,3.452,5.0,3.4558,3
2024-09-06,3.45,3.45,3.435,3.445,28.0,3.444,27
2024-09-09,3.455,3.455,3.439,3.448,91.0,3.4452,61
2024-09-10,3.465,3.465,3.425,3.443,28.0,3.4351,17
2024-09-11,3.461,3.461,3.444,3.444,7.0,3.4547,6
2024-09-12,3.445,3.448,3.427,3.442,59.0,3.4434,13
2024-09-13,3.441,3.441,3.428,3.428,1.0,3.441,1
2024-09-16,3.417,3.444,3.417,3.434,44.0,3.4308,22
2024-09-17,3.448,3.448,3.429,3.434,9.0,3.4337,6
2024-09-18,3.432,3.442,3.432,3.438,21.0,3.4335,15
2024-09-19,3.451,3.451,3.434,3.451,12.0,3.4417,11
2024-09-20,3.463,3.482,3.463,3.482,5.0,3.4706,3
2024-09-23,3.506,3.511,3.461,3.463,159.0,3.468,28
2024-09-24,3.463,3.471,3.462,3.464,6.0,3.4678,5
2024-09-25,3.482,3.495,3.482,3.495,2.0,3.4825,2
2024-09-26,3.495,3.512,3.495,3.512,19.0,3.4956,3
2024-09-27,3.525,3.533,3.507,3.533,3.0,3.519,2
2024-09-30,3.53,3.538,3.526,3.526,4.0,3.533,4
2024-10-01,3.525,3.528,3.507,3.51,14.0,3.5117,9
2024-10-02,3.514,3.53,3.514,3.522,2.0,3.522,2
2024-10-03,3.542,3.542,3.538,3.539,7.0,3.5387,3
2024-10-04,3.545,3.552,3.544,3.552,25.0,3.5452,8
2024-10-07,3.555,3.563,3.553,3.554,13.0,3.5585,5
2024-10-08,3.557,3.557,3.519,3.542,23.0,3.5412,11
2024-10-09,3.521,3.529,3.508,3.517,23.0,3.5169,19
2024-10-10,3.497,3.509,3.463,3.509,25.0,3.4897,16
2024-10-11,3.514,3.516,3.475,3.482,20.0,3.49,11
2024-10-14,3.455,3.46,3.448,3.448,89.0,3.4536,11
2024-10-15,3.424,3.479,3.424,3.479,5.0,3.4468,5
2024-10-16,3.466,3.468,3.457,3.457,3.0,3.4667,3
2024-10-17,3.426,3.477,3.426,3.47,6.0,3.4633,4
2024-10-18,3.437,3.445,3.435,3.435,13.0,3.4367,4
2024-10-21,3.404,3.462,3.404,3.455,23.0,3.4389,17
2024-10-22,3.455,3.501,3.454,3.49,31.0,3.4802,23
2024-10-23,3.464,3.508,3.455,3.506,26.0,3.4729,16
2024-10-24,3.5,3.515,3.486,3.513,130.0,3.4909,25
2024-10-25,3.498,3.532,3.498,3.525,27.0,3.5079,13
2024-10-28,3.491,3.491,3.45,3.484,24.0,3.4583,15
2024-10-29,3.468,3.495,3.456,3.49,68.0,3.4713,39
2024-10-30,3.515,3.532,3.501,3.525,82.0,3.5167,36
2024-10-31,3.515,3.515,3.486,3.515,79.0,3.5003,44
2024-11-01,3.502,3.513,3.494,3.505,26.0,3.5038,17
2024-11-04,3.496,3.517,3.494,3.504,23.0,3.5,10
2024-11-05,3.512,3.512,3.467,3.471,84.0,3.4794,36
2024-11-06,3.447,3.5,3.447,3.5,53.0,3.4846,26
2024-11-07,3.468,3.5,3.443,3.488,69.0,3.4696,44
2024-11-08,3.462,3.497,3.458,3.486,36.0,3.4791,18
2024-11-11,3.526,3.538,3.51,3.516,42.0,3.5231,30
2024-11-12,3.529,3.531,3.508,3.515,52.0,3.5205,26
2024-11-13,3.522,3.55,3.517,3.544,32.0,3.5356,22
2024-11-14,3.55,3.564,3.528,3.532,24.0,3.5377,13
2024-11-15,3.54,3.558,3.53,3.558,370.0,3.5456,20
2024-11-18,3.578,3.585,3.561,3.583,50.0,3.5762,20
2024-11-19,3.598,3.606,3.554,3.595,16.0,3.5793,9
2024-11-20,3.617,3.629,3.61,3.629,78.0,3.6218,34
2024-11-21,3.65,3.693,3.627,3.648,156.0,3.6572,139
2024-11-22,3.665,3.665,3.606,3.637,78.0,3.625,52
2024-11-25,3.658,3.682,3.658,3.682,95.0,3.6725,87
2024-11-26,3.664,3.69,3.657,3.686,31.0,3.6769,24
2024-11-27,3.639,3.646,3.631,3.638,19.0,3.6359,10
2024-11-28,3.649,3.65,3.638,3.638,2.0,3.6495,2
2024-11-29,3.651,3.691,3.651,3.67,215.0,3.6631,28
2024-12-02,3.625,3.664,3.625,3.663,64.0,3.6573,14
2024-12-03,3.691,3.692,3.615,3.623,41.0,3.6576,31
2024-12-04,3.62,3.677,3.62,3.675,61.0,3.647,51
2024-12-05,3.685,3.692,3.67,3.679,26.0,3.6818,17
2024-12-06,3.66,3.693,3.657,3.688,55.0,3.6788,36
2024-12-09,3.693,3.694,3.661,3.685,21.0,3.6846,12
2024-12-10,3.651,3.679,3.644,3.679,37.0,3.6523,17
2024-12-11,3.697,3.697,3.679,3.689,51.0,3.6926,10
2024-12-12,3.674,3.707,3.674,3.694,39.0,3.6908,27
2024-12-13,3.68,3.692,3.655,3.671,58.0,3.6705,29
2024-12-16,3.662,3.674,3.654,3.654,25.0,3.6661,11
2024-12-17,3.662,3.672,3.645,3.667,31.0,3.6598,9
2024-12-18,3.652,3.681,3.652,3.653,18.0,3.6613,12
2024-12-19,3.705,3.705,3.658,3.672,37.0,3.6704,30
2024-12-20,3.681,3.72,3.681,3.706,62.0,3.7014,38
2024-12-23,3.734,3.742,3.714,3.731,14.0,3.7285,13
2024-12-24,3.74,3.745,3.733,3.744,9.0,3.74,6
2024-12-26,3.742,3.742,3.709,3.735,101.0,3.7211,36
2024-12-27,3.786,3.786,3.748,3.784,122.0,3.7641,56
2024-12-30,3.789,3.847,3.785,3.817,147.0,3.7959,40
2024-12-31,3.811,3.814,3.77,3.777,45.0,3.7952,20
2025-01-02,3.794,3.823,3.782,3.782,62.0,3.8091,43
2025-01-03,3.756,3.792,3.699,3.72,59.0,3.7524,41
2025-01-06,3.761,3.771,3.741,3.756,71.0,3.7618,42
2025-01-07,3.724,3.785,3.724,3.737,38.0,3.7586,24
2025-01-08,3.796,3.807,3.763,3.768,71.0,3.7869,55
2025-01-09,3.779,3.82,3.769,3.78,41.0,3.7958,30
2025-01-10,3.806,3.822,3.786,3.791,98.0,3.8022,67
2025-01-13,3.829,3.845,3.791,3.798,96.0,3.8153,80
2025-01-14,3.802,3.817,3.775,3.809,137.0,3.7992,89
2025-01-15,3.801,3.862,3.801,3.853,98.0,3.8258,60
2025-01-16,3.834,3.943,3.83,3.932,360.0,3.8974,247
2025-01-17,3.872,3.902,3.829,3.858,292.0,3.8763,223
2025-01-20,3.831,3.863,3.831,3.858,105.0,3.8491,57
2025-01-21,3.838,3.876,3.822,3.834,213.0,3.8442,150
2025-01-22,3.824,3.93,3.824,3.9,201.0,3.8874,150
2025-01-23,3.888,3.94,3.869,3.925,76.0,3.9007,54
2025-01-24,3.915,3.93,3.868,3.93,81.0,3.8978,58
2025-01-27,3.859,3.867,3.781,3.842,204.0,3.8189,110
2025-01-28,3.817,3.822,3.768,3.771,40.0,3.7806,21
2025-01-29,3.756,3.844,3.754,3.825,397.0,3.7971,237
2025-01-30,3.828,3.828,3.758,3.76,150.0,3.781,92
2025-01-31,3.756,3.786,3.745,3.765,144.0,3.7657,99
2025-02-03,3.849,3.86,3.821,3.847,201.0,3.8366,103
2025-02-04,3.816,3.837,3.789,3.823,103.0,3.815,70
2025-02-05,3.81,3.857,3.785,3.846,186.0,3.8227,134
2025-02-06,3.855,3.87,3.824,3.849,182.0,3.8446,125
2025-02-07,3.844,3.858,3.813,3.823,195.0,3.8384,147
2025-02-10,3.857,3.941,3.842,3.937,420.0,3.9048,279
2025-02-11,3.945,3.997,3.945,3.969,325.0,3.9698,176
2025-02-12,3.961,3.982,3.945,3.979,314.0,3.9686,206
2025-02-13,4.005,4.044,3.965,4.002,572.0,4.0135,437
2025-02-14,4.031,4.062,3.999,4.016,319.0,4.0121,251
2025-02-17,3.967,4.016,3.931,4.016,62.0,3.9413,42
2025-02-18,3.95,4.126,3.95,4.119,524.0,4.0498,342
2025-02-19,4.114,4.17,4.112,4.155,886.0,4.1337,657
2025-02-20,4.167,4.18,4.04,4.055,299.0,4.0987,243
2025-02-21,4.077,4.11,4.038,4.054,411.0,4.0741,333
2025-02-24,4.0,4.043,3.992,4.023,211.0,4.016,174
2025-02-25,4.013,4.049,4.008,4.042,358.0,4.0275,280
2025-02-26,4.035,4.051,3.922,3.936,223.0,3.9698,173
2025-02-27,3.934,3.953,3.907,3.915,151.0,3.9376,115
2025-02-28,3.92,3.941,3.906,3.931,140.0,3.9203,84
2025-03-03,3.931,4.001,3.931,3.997,158.0,3.9794,130
2025-03-04,3.985,4.051,3.938,4.007,1356.0,4.0361,679
2025-03-05,4.013,4.067,3.986,4.063,197.0,4.0111,169
2025-03-06,4.044,4.061,4.005,4.021,202.0,4.0279,140
2025-03-07,3.999,4.169,3.992,4.153,295.0,4.0768,182
2025-03-10,4.297,4.304,4.198,4.211,192.0,4.2164,82
2025-03-11,4.192,4.271,4.191,4.262,150.0,4.2534,122
2025-03-12,4.206,4.232,4.166,4.189,426.0,4.1981,211
2025-03-13,4.187,4.265,4.137,4.248,292.0,4.2229,216
2025-03-14,4.226,4.313,4.205,4.275,238.0,4.2545,176
2025-03-17,4.292,4.293,4.23,4.253,100.0,4.2552,75
2025-03-18,4.218,4.277,4.218,4.24,169.0,4.2487,143
2025-03-19,4.249,4.29,4.237,4.285,486.0,4.271,228
2025-03-20,4.272,4.279,4.202,4.206,254.0,4.2154,70
2025-03-21,4.192,4.217,4.171,4.195,207.0,4.1963,140
2025-03-24,4.174,4.234,4.163,4.206,86.0,4.192,81
2025-03-25,4.199,4.238,4.188,4.203,117.0,4.2068,81
2025-03-26,4.213,4.234,4.193,4.2,183.0,4.2161,139
2025-03-27,4.19,4.231,4.134,4.227,299.0,4.194,176
2025-03-28,4.196,4.248,4.178,4.232,299.0,4.2211,196
2025-03-31,4.242,4.269,4.232,4.253,222.0,4.2472,140
2025-04-01,4.24,4.263,4.19,4.195,277.0,4.2237,195
2025-04-02,4.203,4.249,4.191,4.225,242.0,4.2285,190
2025-04-03,4.211,4.243,4.177,4.212,365.0,4.2129,250
2025-04-04,4.192,4.215,4.008,4.059,1538.0,4.0516,872
2025-04-07,4.024,4.063,3.905,3.942,497.0,3.9829,396
2025-04-08,3.907,4.016,3.849,3.882,595.0,3.9254,422
2025-04-09,3.869,4.035,3.756,4.028,2264.0,3.8374,1335
2025-04-10,3.977,4.005,3.84,3.896,530.0,3.9192,366
2025-04-11,3.853,3.913,3.825,3.913,510.0,3.8723,336
2025-04-14,3.875,3.981,3.86,3.868,636.0,3.8851,293
2025-04-15,3.876,3.946,3.866,3.938,396.0,3.912,257
2025-04-16,3.911,4.005,3.902,3.991,891.0,3.9544,639
2025-04-17,3.999,4.054,3.982,4.02,495.0,4.0186,312
2025-04-21,4.013,4.035,3.929,3.931,512.0,3.9577,370
2025-04-22,3.961,3.992,3.932,3.952,459.0,3.9557,329
2025-04-23,3.967,4.015,3.94,3.978,706.0,3.9769,484
2025-04-24,3.956,4.007,3.942,3.995,419.0,3.9727,275
2025-04-25,3.991,4.034,3.972,3.991,391.0,4.0019,232
2025-04-28,4.005,4.094,3.959,4.067,385.0,4.0406,272
2025-04-29,4.091,4.119,4.058,4.1,649.0,4.0907,376
2025-04-30,4.129,4.162,4.093,4.147,787.0,4.1189,407
2025-05-01,4.181,4.232,4.167,4.213,414.0,4.1985,329
2025-05-02,4.186,4.279,4.186,4.263,455.0,4.2511,293
2025-05-05,4.307,4.374,4.284,4.3,709.0,4.3221,495
2025-05-06,4.318,4.352,4.275,4.296,533.0,4.3089,372
2025-05-07,4.338,4.341,4.277,4.284,628.0,4.3074,382
2025-05-08,4.271,4.302,4.233,4.253,649.0,4.2587,297
2025-05-09,4.287,4.303,4.254,4.297,436.0,4.2856,248
2025-05-12,4.287,4.312,4.262,4.272,223.0,4.2767,130
2025-05-13,4.295,4.324,4.258,4.312,312.0,4.2942,228
2025-05-14,4.302,4.309,4.25,4.268,177.0,4.2733,125
2025-05-15,4.259,4.315,4.252,4.263,389.0,4.2695,250
2025-05-16,4.265,4.296,4.256,4.285,250.0,4.281,175
2025-05-19,4.241,4.249,4.112,4.132,904.0,4.1867,597
2025-05-20,4.148,4.244,4.139,4.238,619.0,4.198,393
2025-05-21,4.243,4.303,4.213,4.247,265.0,4.2666,204
2025-05-22,4.246,4.284,4.218,4.248,212.0,4.2589,156
2025-05-23,4.275,4.294,4.247,4.294,540.0,4.2779,344
2025-05-27,4.293,4.347,4.263,4.297,511.0,4.2985,345
2025-05-28,4.297,4.314,4.217,4.232,369.0,4.2513,268
2025-05-29,4.239,4.239,4.16,4.204,318.0,4.1808,197
2025-05-30,4.208,4.228,4.169,4.191,425.0,4.1986,252
2025-06-02,4.22,4.287,4.21,4.268,393.0,4.254,283
2025-06-03,4.291,4.312,4.253,4.305,229.0,4.2857,161
2025-06-04,4.309,4.349,4.295,4.34,349.0,4.3216,207
2025-06-05,4.334,4.358,4.303,4.331,497.0,4.3348,350
2025-06-06,4.341,4.384,4.332,4.374,433.0,4.3576,279
2025-06-09,4.342,4.36,4.307,4.356,490.0,4.3368,293
2025-06-10,4.364,4.366,4.298,4.322,374.0,4.3222,258
2025-06-11,4.322,4.339,4.269,4.291,367.0,4.301,236
2025-06-12,4.305,4.33,4.262,4.266,163.0,4.2984,122
2025-06-13,4.299,4.306,4.248,4.283,348.0,4.2734,233
2025-06-16,4.323,4.333,4.299,4.321,319.0,4.3132,200
2025-06-17,4.334,4.374,4.328,4.362,657.0,4.3523,419
2025-06-18,4.373,4.433,4.367,4.385,693.0,4.3929,427
2025-06-20,4.392,4.445,4.359,4.379,790.0,4.417,462
2025-06-23,4.394,4.411,4.336,4.357,420.0,4.3672,310
2025-06-24,4.328,4.369,4.303,4.315,475.0,4.3298,341
2025-06-25,4.301,4.332,4.291,4.305,318.0,4.3043,244
2025-06-26,4.308,4.314,4.265,4.307,774.0,4.2874,557
2025-06-27,4.323,4.363,4.321,4.349,899.0,4.3481,601
2025-06-30,4.323,4.325,4.193,4.212,850.0,4.2261,557
2025-07-01,4.227,4.227,4.051,4.175,1815.0,4.1217,1152
2025-07-02,4.153,4.195,4.118,4.187,1158.0,4.1764,844
2025-07-03,4.196,4.247,4.124,4.139,1210.0,4.1897,878
2025-07-07,4.126,4.197,4.054,4.173,808.0,4.1306,617
2025-07-08,4.159,4.215,4.152,4.165,713.0,4.1744,508
2025-07-09,4.155,4.17,4.07,4.128,883.0,4.1084,655
2025-07-10,4.113,4.203,4.103,4.189,747.0,4.1539,539
2025-07-11,4.193,4.229,4.18,4.221,460.0,4.2142,353
2025-07-14,4.234,4.3,4.234,4.275,637.0,4.28,486
2025-07-15,4.259,4.31,4.254,4.298,798.0,4.2913,587
2025-07-16,4.3,4.314,4.276,4.293,565.0,4.2946,410
2025-07-17,4.284,4.304,4.23,4.26,532.0,4.2643,381
2025-07-18,4.238,4.271,4.131,4.233,1393.0,4.2112,901
2025-07-21,4.145,4.169,4.079,4.122,1163.0,4.1125,735
2025-07-22,4.111,4.132,4.063,4.128,1212.0,4.1054,862
2025-07-23,4.125,4.125,4.039,4.051,1256.0,4.0648,924
2025-07-24,4.049,4.086,4.036,4.049,1263.0,4.0582,888
2025-07-25,4.044,4.068,3.993,4.008,1119.0,4.0221,732
2025-07-28,3.99,4.004,3.885,3.933,1641.0,3.9271,1064
2025-07-29,3.945,3.977,3.936,3.959,1112.0,3.9557,770
2025-07-30,3.961,3.995,3.912,3.946,1407.0,3.9455,968
2025-07-31,3.933,3.995,3.907,3.98,1131.0,3.9514,768
2025-08-01,3.964,3.987,3.951,3.982,709.0,3.9708,472
2025-08-04,3.939,3.967,3.876,3.909,1071.0,3.9032,681
2025-08-05,3.905,3.944,3.893,3.922,838.0,3.9191,479
2025-08-06,3.919,3.965,3.889,3.952,844.0,3.9345,536
2025-08-07,3.947,3.975,3.924,3.949,501.0,3.9441,338
2025-08-08,3.955,3.972,3.879,3.895,727.0,3.9015,426
2025-08-11,3.877,3.92,3.85,3.904,1300.0,3.8866,815
2025-08-12,3.901,3.916,3.845,3.865,1322.0,3.8654,705
2025-08-13,3.85,3.878,3.835,3.848,693.0,3.8488,449
2025-08-14,3.857,3.857,3.802,3.83,1101.0,3.8236,673
2025-08-15,3.83,3.893,3.823,3.866,830.0,3.869,480
2025-08-18,3.853,3.889,3.833,3.873,503.0,3.8576,320
2025-08-19,3.864,3.865,3.805,3.832,1164.0,3.8241,676
2025-08-20,3.834,3.857,3.82,3.841,1941.0,3.8402,1320
2025-08-21,3.877,3.89,3.826,3.875,804.0,3.8597,547
2025-08-22,3.875,3.882,3.825,3.836,686.0,3.8446,427
2025-08-25,3.812,3.824,3.779,3.813,528.0,3.8083,341
2025-08-26,3.82,3.863,3.787,3.843,931.0,3.8348,561
2025-08-27,3.855,3.912,3.853,3.883,904.0,3.8903,562
2025-08-28,3.871,3.951,3.864,3.929,1132.0,3.9137,814
2025-08-29,3.942,3.98,3.919,3.96,891.0,3.9429,616
2025-09-02,3.933,3.978,3.91,3.93,801.0,3.9293,494
2025-09-03,3.916,3.975,3.904,3.933,944.0,3.9389,559
2025-09-04,3.924,3.948,3.91,3.932,899.0,3.9252,529
2025-09-05,3.933,3.943,3.873,3.89,1162.0,3.9066,667
2025-09-08,3.9,3.936,3.891,3.91,967.0,3.9144,581
2025-09-09,3.896,3.933,3.872,3.919,1773.0,3.9066,994
2025-09-10,3.904,3.931,3.884,3.906,753.0,3.9092,461
2025-09-11,3.907,3.925,3.889,3.905,717.0,3.906,494
2025-09-12,3.894,3.913,3.875,3.88,723.0,3.8921,511
2025-09-15,3.9,3.917,3.859,3.915,845.0,3.8875,549
2025-09-16,3.884,3.946,3.88,3.94,866.0,3.9291,578
2025-09-17,3.945,3.966,3.924,3.951,590.0,3.9527,403
2025-09-18,3.947,3.954,3.892,3.911,665.0,3.918,436
2025-09-19,3.91,3.943,3.894,3.912,941.0,3.9164,653
2025-09-22,3.931,3.932,3.872,3.876,1375.0,3.8934,937
2025-09-23,3.875,3.875,3.834,3.854,1106.0,3.848,801
2025-09-24,3.853,3.872,3.827,3.859,1071.0,3.8464,766
2025-09-25,3.867,3.912,3.858,3.884,1002.0,3.8892,623
2025-09-26,3.899,3.918,3.873,3.907,1200.0,3.8936,1025
2025-09-29,3.895,3.944,3.883,3.933,798.0,3.9137,601
2025-09-30,3.941,3.961,3.919,3.925,1266.0,3.9407,794
2025-10-01,3.942,4.018,3.93,4.014,1499.0,3.9781,1053
2025-10-02,4.006,4.107,3.998,4.061,1698.0,4.0602,1147
2025-10-03,4.077,4.091,4.046,4.058,1534.0,4.0662,1119
2025-10-06,4.098,4.123,4.044,4.052,638.0,4.0756,479
2025-10-07,4.052,4.124,4.027,4.108,1382.0,4.0812,1007
2025-10-08,4.111,4.128,4.054,4.064,1039.0,4.0779,769
2025-10-09,4.055,4.072,4.01,4.03,1687.0,4.0325,1184
2025-10-10,4.021,4.022,3.964,3.976,1252.0,3.9798,754
2025-10-13,3.99,3.999,3.945,3.981,955.0,3.9649,712
2025-10-14,3.963,3.963,3.913,3.917,1588.0,3.9234,1037
2025-10-15,3.911,3.935,3.879,3.917,1118.0,3.8979,735
2025-10-16,3.929,3.944,3.88,3.883,1356.0,3.9037,931
2025-10-17,3.882,3.943,3.859,3.938,1040.0,3.9046,723
2025-10-20,3.982,4.067,3.977,4.06,2862.0,4.0366,1838
2025-10-21,4.038,4.101,4.012,4.082,1723.0,4.0573,1300
2025-10-22,4.084,4.109,4.033,4.049,1526.0,4.0649,1101
2025-10-23,4.061,4.093,4.009,4.035,1538.0,4.0388,1104
2025-10-24,4.014,4.047,3.974,4.02,1264.0,4.0067,947
2025-10-27,4.049,4.056,3.984,4.035,1630.0,4.0238,1218
2025-10-28,4.012,4.015,3.949,3.97,1991.0,3.9688,1467
2025-10-29,3.987,3.99,3.928,3.963,2061.0,3.9565,1396
2025-10-30,3.957,4.07,3.941,4.016,1851.0,4.0024,1195
2025-10-31,4.085,4.109,4.042,4.089,1980.0,4.0794,1326
2025-11-03,4.118,4.155,4.062,4.152,3990.0,4.1057,2888
2025-11-04,4.134,4.221,4.115,4.178,2768.0,4.1625,1808
2025-11-05,4.16,4.177,4.097,4.11,2184.0,4.1369,1378
2025-11-06,4.116,4.154,4.059,4.123,2507.0,4.1251,1768
2025-11-07,4.134,4.156,4.092,4.126,1863.0,4.1239,1297
2025-11-10,4.176,4.194,4.061,4.113,2106.0,4.11,1334
2025-11-11,4.132,4.206,4.095,4.196,2030.0,4.1686,1319
2025-11-12,4.189,4.223,4.164,4.204,2253.0,4.1933,1437
2025-11-13,4.207,4.259,4.183,4.221,2355.0,4.2318,1458
2025-11-14,4.209,4.212,4.112,4.17,2154.0,4.1536,1518
2025-11-17,4.14,4.168,4.096,4.126,2703.0,4.1364,1789
2025-11-18,4.104,4.138,4.064,4.11,2442.0,4.1028,1696
2025-11-19,4.118,4.19,4.105,4.17,1888.0,4.1576,1232
2025-11-20,4.17,4.208,4.139,4.146,2118.0,4.1698,1367
2025-11-21,4.147,4.186,4.126,4.155,2672.0,4.1524,1869
2025-11-24,4.104,4.124,4.072,4.114,2316.0,4.0979,1682
2025-11-25,4.09,4.101,3.999,4.025,3193.0,4.0233,2115
2025-11-26,3.999,4.071,3.999,4.026,1817.0,4.0371,1314
2025-11-28,4.036,4.104,3.999,4.092,1565.0,4.0721,1127
2025-12-01,4.125,4.126,4.063,4.095,3286.0,4.089,2240
2025-12-02,4.065,4.115,4.062,4.108,3214.0,4.1029,2231
2025-12-03,4.117,4.254,4.112,4.238,3917.0,4.2054,2768
2025-12-04,4.247,4.305,4.219,4.299,4104.0,4.2685,2700
2025-12-05,4.3,4.451,4.298,4.391,6007.0,4.3856,4057
2025-12-08,4.306,4.347,4.112,4.162,4343.0,4.1985,3091
2025-12-09,4.132,4.141,4.042,4.048,2968.0,4.0794,2098
2025-12-10,4.071,4.101,4.004,4.069,2846.0,4.0637,1992
2025-12-11,4.08,4.084,3.958,3.992,3592.0,3.9919,2325
2025-12-12,3.969,3.97,3.844,3.859,5319.0,3.8895,3763
2025-12-15,3.884,3.9,3.764,3.806,3010.0,3.8098,2010
2025-12-16,3.82,3.826,3.726,3.763,2999.0,3.7608,2028
2025-12-17,3.807,3.864,3.781,3.826,2221.0,3.8293,1461
2025-12-18,3.867,3.907,3.703,3.741,3308.0,3.804,2137
2025-12-19,3.725,3.763,3.672,3.732,3688.0,3.7193,2559
2025-12-22,3.845,3.86,3.613,3.655,3405.0,3.6592,2145
2025-12-23,3.667,3.822,3.658,3.796,2871.0,3.7561,1983
2025-12-24,3.807,3.849,3.738,3.74,1856.0,3.7868,1423
2025-12-26,3.775,3.836,3.754,3.818,1374.0,3.809,1014
2025-12-29,3.866,3.9,3.828,3.891,2428.0,3.8767,1638
2025-12-30,3.869,3.961,3.862,3.875,1889.0,3.9084,1336
2025-12-31,3.879,3.879,3.733,3.741,1564.0,3.7628,1096
2026-01-02,3.716,3.725,3.65,3.66,2922.0,3.6849,1928
2026-01-05,3.649,3.651,3.47,3.536,6608.0,3.5212,4249
2026-01-06,3.53,3.53,3.444,3.49,4485.0,3.4875,3043
2026-01-07,3.527,3.59,3.52,3.565,2511.0,3.5613,1599
2026-01-08,3.595,3.603,3.482,3.494,3407.0,3.5071,2138
2026-01-09,3.5,3.505,3.331,3.348,6065.0,3.3902,4126
2026-01-12,3.412,3.475,3.348,3.466,6111.0,3.4006,3955
2026-01-13,3.428,3.504,3.389,3.496,3665.0,3.4616,2507
2026-01-14,3.468,3.488,3.283,3.369,7766.0,3.3431,4592
2026-01-15,3.347,3.373,3.266,3.364,4542.0,3.3204,3146
2026-01-16,3.372,3.407,3.307,3.352,3142.0,3.3468,2106
2026-01-20,3.477,3.71,3.459,3.704,9085.0,3.6204,5928
2026-01-21,3.665,3.986,3.616,3.877,11292.0,3.8726,7855
2026-01-22,3.828,4.001,3.799,3.91,5762.0,3.9153,4278
2026-01-23,3.88,3.978,3.828,3.946,5762.0,3.9158,4452
2026-01-26,4.056,4.179,3.937,4.061,10741.0,4.0238,8009
2026-01-27,4.035,4.108,3.897,4.071,10181.0,4.0203,7581
2026-01-28,4.039,4.116,3.977,4.036,5923.0,4.0381,4264
2026-01-29,4.035,4.136,4.008,4.132,7283.0,4.0662,5006
2026-01-30,4.074,4.425,4.062,4.37,8322.0,4.279,5784
2026-02-02,4.132,4.132,3.562,3.662,22376.0,3.7727,13717
2026-02-03,3.656,3.758,3.563,3.691,7021.0,3.6897,4895
2026-02-04,3.73,3.828,3.69,3.765,5430.0,3.7727,3748
2026-02-05,3.761,3.832,3.691,3.769,4474.0,3.7711,2888
2026-02-06,3.797,3.869,3.672,3.7,6159.0,3.7723,3713
2026-02-09,3.608,3.608,3.513,3.57,4805.0,3.5662,2881
2026-02-10,3.569,3.628,3.545,3.568,4077.0,3.5876,2460
2026-02-11,3.595,3.649,3.522,3.604,3598.0,3.5815,2307
2026-02-12,3.635,3.682,3.583,3.6,4345.0,3.6333,2900
2026-02-13,3.587,3.594,3.511,3.589,2799.0,3.5578,1656
2026-02-17,3.489,3.557,3.431,3.467,4701.0,3.4768,3128
2026-02-18,3.478,3.479,3.397,3.45,3353.0,3.4405,2147
2026-02-19,3.454,3.518,3.448,3.486,3525.0,3.4867,2227
2026-02-20,3.467,3.607,3.462,3.516,5000.0,3.5371,3351
2026-02-23,3.647,3.647,3.459,3.468,3288.0,3.5086,1998
2026-02-24,3.473,3.482,3.396,3.401,2718.0,3.4261,1580
2026-02-25,3.416,3.477,3.394,3.425,1965.0,3.4381,1160
2026-02-26,3.442,3.442,3.357,3.398,3073.0,3.3881,1959
2026-02-27,3.398,3.449,3.395,3.416,2185.0,3.4253,1369
2026-03-02,3.457,3.603,3.433,3.491,5616.0,3.5122,3560
2026-03-03,3.527,3.708,3.507,3.563,7266.0,3.6317,4551
2026-03-04,3.544,3.592,3.453,3.471,4765.0,3.4924,2895
2026-03-05,3.501,3.624,3.488,3.567,5351.0,3.5459,3308
2026-03-06,3.566,3.793,3.532,3.706,7442.0,3.7107,4482
2026-03-09,3.84,3.956,3.517,3.631,8459.0,3.7381,5698
2026-03-10,3.551,3.647,3.479,3.541,6876.0,3.5515,4413
2026-03-11,3.575,3.701,3.543,3.682,4803.0,3.6325,2867
2026-03-12,3.682,3.771,3.616,3.675,4618.0,3.6779,2962
2026-03-13,3.677,3.724,3.569,3.595,4911.0,3.6108,3187
2026-03-16,3.625,3.625,3.461,3.491,4182.0,3.5216,2531
2026-03-17,3.5,3.573,3.482,3.506,5261.0,3.5294,2927
2026-03-18,3.524,3.653,3.411,3.51,5516.0,3.5179,3461
2026-03-19,3.641,3.716,3.508,3.571,6170.0,3.6175,4177
2026-03-20,3.542,3.572,3.49,3.544,3849.0,3.5276,2541
2026-03-23,3.563,3.597,3.383,3.393,6927.0,3.442,4676
2026-03-24,3.412,3.459,3.334,3.396,5491.0,3.3862,3653
2026-03-25,3.355,3.429,3.307,3.398,3990.0,3.3798,2627
2026-03-26,3.419,3.465,3.356,3.402,4337.0,3.4197,3036
2026-03-27,3.395,3.513,3.395,3.489,6353.0,3.4769,3896
2026-03-30,3.489,3.489,3.349,3.377,3807.0,3.3874,2371
2026-03-31,3.382,3.43,3.291,3.3,4814.0,3.3457,3091
2026-04-01,3.294,3.299,3.208,3.237,4433.0,3.2442,2967
2026-04-02,3.24,3.299,3.22,3.24,4344.0,3.2495,2904
2026-04-06,3.275,3.294,3.231,3.251,3257.0,3.2619,2265
2026-04-07,3.25,3.309,3.213,3.3,4423.0,3.2827,2895
2026-04-08,3.256,3.257,3.161,3.201,5105.0,3.1971,3161
2026-04-09,3.218,3.227,3.153,3.181,4909.0,3.1854,3140
2026-04-10,3.183,3.193,3.145,3.179,3919.0,3.1712,2531
2026-04-13,3.231,3.257,3.158,3.175,3554.0,3.1999,2253
2026-04-14,3.183,3.192,3.108,3.136,4634.0,3.1424,2719
2026-04-15,3.137,3.148,3.106,3.14,3912.0,3.1255,2459
2026-04-16,3.138,3.188,3.118,3.156,4796.0,3.1486,3164
2026-04-17,3.181,3.201,3.118,3.176,5183.0,3.1675,3178
2026-04-20,3.199,3.228,3.163,3.188,3546.0,3.192,2173
2026-04-21,3.169,3.212,3.154,3.19,4341.0,3.1895,2569
2026-04-22,3.182,3.246,3.175,3.206,4003.0,3.215,2420
2026-04-23,3.192,3.218,3.08,3.129,6208.0,3.126,3516
2026-04-24,3.107,3.112,3.036,3.068,6106.0,3.0649,3111
2026-04-27,3.071,3.166,3.071,3.101,7749.0,3.1295,4273
2026-04-28,3.102,3.123,3.059,3.073,4085.0,3.0925,2250
2026-04-29,3.068,3.074,3.004,3.024,5118.0,3.0285,2855
2026-04-30,3.023,3.135,2.974,3.113,9804.0,3.0655,4740
2026-05-01,3.101,3.162,3.097,3.142,7963.0,3.1362,4202
2026-05-04,3.132,3.247,3.132,3.231,8035.0,3.2041,4035
2026-05-05,3.216,3.223,3.116,3.14,7177.0,3.1638,3716
2026-05-06,3.129,3.138,3.042,3.08,5894.0,3.0714,3336
2026-05-07,3.059,3.13,3.02,3.092,10360.0,3.0848,5246
2026-05-08,3.115,3.154,3.062,3.077,4854.0,3.1086,2963
2026-05-11,3.092,3.2,3.092,3.179,6442.0,3.1568,3411
2026-05-12,3.183,3.203,3.074,3.102,7040.0,3.1167,4229
2026-05-13,3.084,3.153,3.058,3.104,7572.0,3.109,4366
2026-05-14,3.111,3.156,3.053,3.134,10514.0,3.1044,5109
2026-05-15,3.18,3.19,3.128,3.166,6768.0,3.1626,3819
2026-05-18,3.189,3.27,3.17,3.236,8915.0,3.226,5219
2026-05-19,3.241,3.341,3.228,3.327,9885.0,3.2967,5217
2026-05-20,3.323,3.347,3.179,3.19,13154.0,3.2465,6305
2026-05-21,3.2,3.236,3.152,3.189,13070.0,3.1922,7507
2026-05-22,3.161,3.181,3.037,3.048,15305.0,3.0873,8250
2026-05-26,3.051,3.13,3.019,3.034,15584.0,3.0785,9204
2026-05-27,3.037,3.172,3.001,3.117,18234.0,3.1105,9870
2026-05-28,3.106,3.332,3.084,3.311,23662.0,3.2414,11425
2026-05-29,3.333,3.417,3.299,3.318,23744.0,3.3575,12110
2026-06-01,3.348,3.418,3.195,3.211,20606.0,3.2563,11188
2026-06-02,3.223,3.258,3.133,3.193,17882.0,3.1871,9045
2026-06-03,3.193,3.292,3.172,3.245,17382.0,3.2288,9393
2026-06-04,3.28,3.408,3.246,3.37,28099.0,3.3565,14062
2026-06-05,3.387,3.4,3.246,3.27,20578.0,3.3006,11177
2026-06-08,3.228,3.234,3.144,3.196,20915.0,3.1818,10879
2026-06-09,3.189,3.252,3.167,3.184,18143.0,3.2066,9097
2026-06-10,3.18,3.286,3.116,3.23,22963.0,3.2398,12069
2026-06-11,3.227,3.248,3.1,3.132,29129.0,3.1474,14759
2026-06-12,3.13,3.178,3.072,3.157,21531.0,3.1346,11186
2026-06-15,3.119,3.183,3.059,3.169,25304.0,3.1333,12888
2026-06-16,3.18,3.284,3.148,3.257,33282.0,3.2224,15452
2026-06-17,3.272,3.319,3.154,3.181,37233.0,3.2091,18087
2026-06-18,3.193,3.286,3.166,3.276,46867.0,3.2281,22728
2026-06-22,3.252,3.377,3.23,3.279,84325.0,3.3067,37524
2026-06-23,3.265,3.31,3.172,3.184,82811.0,3.2194,39188
2026-06-24,3.2,3.27,3.177,3.261,69424.0,3.2335,30661
2026-06-25,3.263,3.353,3.218,3.295,119952.0,3.2888,52003
2026-06-26,3.267,3.375,3.261,3.279,121757.0,3.3218,48226
2026-06-29,3.281,3.313,3.163,3.181,116564.0,3.2048,44930
2026-06-30,3.171,3.328,3.159,3.275,130154.0,3.2757,49147
2026-07-01,3.256,3.271,3.195,3.22,83903.0,3.2251,35608
2026-07-02,3.214,3.22,3.151,3.196,84771.0,3.1824,34849
2026-07-06,3.205,3.273,3.159,3.245,120177.0,3.2271,54806
2026-07-07,3.254,3.32,3.181,3.265,111255.0,3.2555,50412
2026-07-08,3.281,3.355,3.203,3.212,97154.0,3.2689,41127
2026-07-09,3.219,3.244,2.991,3.012,154961.0,3.0826,60901
2026-07-10,3.016,3.022,2.874,2.94,121389.0,2.9344,47917
2026-07-13,2.931,2.953,2.847,2.897,87235.0,2.8853,35157
2026-07-14,2.903,2.928,2.85,2.904,66231.0,2.8871,29324
2026-07-15,2.923,2.941,2.865,2.924,72041.0,2.9076,31141
2026-07-16,2.921,2.968,2.823,2.858,100375.0,2.8873,40040
2026-07-17,2.894,2.926,2.843,2.911,63603.0,2.8933,27154
2026-07-20,2.875,2.91,2.831,2.86,78691.0,2.8615,33034
2026-07-21,2.842,2.906,2.839,2.865,59480.0,2.8695,27439
2026-07-22,2.892,2.951,2.865,2.925,65901.0,2.9163,29290
2026-07-23,2.943,2.991,2.906,2.916,65036.0,2.945,28668
2026-07-24,2.915,2.958,2.859,2.871,38688.0,2.911,17765
2026-07-27,2.82,2.836,2.734,2.767,27107.0,2.7691,10643
2026-07-28,2.741,2.761,2.635,2.662,17603.0,2.6892,7243
2026-07-29,2.632,2.771,2.62,2.725,1820.0,2.6893,1026
2026-07-30,2.725,2.725,2.725,2.725,0.0,2.725,0
