date,open,high,low,close,volume,average,barCount
2017-03-14,3.029,3.029,3.029,3.029,0.0,3.029,0
2017-03-15,3.049,3.049,3.049,3.049,0.0,3.049,0
2017-03-16,3.068,3.068,3.068,3.068,0.0,3.068,0
2017-03-17,3.073,3.073,3.073,3.073,0.0,3.073,0
2017-03-20,3.076,3.076,3.076,3.076,0.0,3.076,0
2017-03-21,3.086,3.086,3.086,3.086,0.0,3.086,0
2017-03-22,3.088,3.088,3.088,3.088,0.0,3.088,0
2017-03-23,3.083,3.083,3.083,3.083,0.0,3.083,0
2017-03-24,3.049,3.049,3.049,3.049,0.0,3.049,0
2017-03-27,3.039,3.039,3.039,3.039,0.0,3.039,0
2017-03-28,3.03,3.03,3.03,3.03,0.0,3.03,0
2017-03-29,3.038,3.038,3.038,3.038,0.0,3.038,0
2017-03-30,3.041,3.041,3.041,3.041,0.0,3.041,0
2017-03-31,3.051,3.051,3.051,3.051,0.0,3.051,0
2017-04-03,3.058,3.058,3.058,3.058,0.0,3.058,0
2017-04-04,3.071,3.071,3.071,3.071,0.0,3.071,0
2017-04-05,3.09,3.09,3.09,3.09,0.0,3.09,0
2017-04-06,3.072,3.072,3.072,3.072,0.0,3.072,0
2017-04-07,3.086,3.086,3.086,3.086,0.0,3.086,0
2017-04-10,3.095,3.095,3.095,3.095,0.0,3.095,0
2017-04-11,3.126,3.126,3.126,3.126,0.0,3.126,0
2017-04-12,3.127,3.127,3.127,3.127,0.0,3.127,0
2017-04-13,3.142,3.142,3.142,3.142,0.0,3.142,0
2017-04-17,3.129,3.129,3.129,3.129,0.0,3.129,0
2017-04-18,3.159,3.159,3.159,3.159,0.0,3.159,0
2017-04-19,3.17,3.17,3.17,3.17,0.0,3.17,0
2017-04-20,3.204,3.204,3.204,3.204,0.0,3.204,0
2017-04-21,3.205,3.205,3.205,3.205,0.0,3.205,0
2017-04-24,3.164,3.164,3.164,3.164,0.0,3.164,0
2017-04-25,3.164,3.164,3.164,3.164,0.0,3.164,0
2017-04-26,3.155,3.155,3.155,3.155,0.0,3.155,0
2017-04-27,3.146,3.146,3.146,3.146,0.0,3.146,0
2017-04-28,3.167,3.167,3.167,3.167,0.0,3.167,0
2017-05-01,3.142,3.142,3.142,3.142,0.0,3.142,0
2017-05-02,3.143,3.143,3.143,3.143,0.0,3.143,0
2017-05-03,3.162,3.162,3.162,3.162,0.0,3.162,0
2017-05-04,3.205,3.205,3.205,3.205,0.0,3.205,0
2017-05-05,3.205,3.205,3.205,3.205,0.0,3.205,0
2017-05-08,3.196,3.196,3.196,3.196,0.0,3.196,0
2017-05-09,3.199,3.199,3.199,3.199,0.0,3.199,0
2017-05-10,3.2,3.2,3.2,3.2,0.0,3.2,0
2017-05-11,3.234,3.234,3.234,3.234,0.0,3.234,0
2017-05-12,3.238,3.238,3.238,3.238,0.0,3.238,0
2017-05-15,3.243,3.243,3.243,3.243,0.0,3.243,0
2017-05-16,3.26,3.26,3.26,3.26,0.0,3.26,0
2017-05-17,3.256,3.256,3.256,3.256,0.0,3.256,0
2017-05-18,3.243,3.243,3.243,3.243,0.0,3.243,0
2017-05-19,3.233,3.233,3.233,3.233,0.0,3.233,0
2017-05-22,3.235,3.235,3.235,3.235,0.0,3.235,0
2017-05-23,3.302,3.302,3.302,3.302,0.0,3.302,0
2017-05-24,3.304,3.304,3.304,3.304,0.0,3.304,0
2017-05-25,3.289,3.289,3.289,3.289,0.0,3.289,0
2017-05-26,3.274,3.274,3.274,3.274,0.0,3.274,0
2017-05-30,3.241,3.241,3.241,3.241,0.0,3.241,0
2017-05-31,3.237,3.237,3.237,3.237,0.0,3.237,0
2017-06-01,3.239,3.239,3.239,3.239,0.0,3.239,0
2017-06-02,3.229,3.229,3.229,3.229,0.0,3.229,0
2017-06-05,3.199,3.199,3.199,3.199,0.0,3.199,0
2017-06-06,3.141,3.141,3.141,3.141,0.0,3.141,0
2017-06-07,3.152,3.152,3.152,3.152,0.0,3.152,0
2017-06-08,3.17,3.17,3.17,3.17,0.0,3.17,0
2017-06-09,3.167,3.167,3.167,3.167,0.0,3.167,0
2017-06-12,3.169,3.169,3.169,3.169,0.0,3.169,0
2017-06-13,3.166,3.166,3.166,3.166,0.0,3.166,0
2017-06-14,3.155,3.155,3.155,3.155,0.0,3.155,0
2017-06-15,3.183,3.183,3.183,3.183,0.0,3.183,0
2017-06-16,3.172,3.172,3.172,3.172,0.0,3.172,0
2017-06-19,3.195,3.195,3.195,3.195,0.0,3.195,0
2017-06-20,3.237,3.237,3.237,3.237,0.0,3.237,0
2017-06-21,3.258,3.258,3.258,3.258,0.0,3.258,0
2017-06-22,3.252,3.252,3.252,3.252,0.0,3.252,0
2017-06-23,3.242,3.242,3.242,3.242,0.0,3.242,0
2017-06-26,3.219,3.219,3.219,3.219,0.0,3.219,0
2017-06-27,3.222,3.222,3.222,3.222,0.0,3.222,0
2017-06-28,3.212,3.212,3.212,3.212,0.0,3.212,0
2017-06-29,3.212,3.212,3.212,3.212,0.0,3.212,0
2017-06-30,3.225,3.225,3.225,3.225,0.0,3.225,0
2017-07-03,3.229,3.229,3.229,3.229,0.0,3.229,0
2017-07-05,3.213,3.213,3.213,3.213,0.0,3.213,0
2017-07-06,3.163,3.163,3.163,3.163,0.0,3.163,0
2017-07-07,3.158,3.158,3.158,3.158,0.0,3.158,0
2017-07-10,3.145,3.145,3.145,3.145,0.0,3.145,0
2017-07-11,3.142,3.142,3.142,3.142,0.0,3.142,0
2017-07-12,3.128,3.128,3.128,3.128,0.0,3.128,0
2017-07-13,3.141,3.141,3.141,3.141,0.0,3.141,0
2017-07-14,3.144,3.144,3.144,3.144,0.0,3.144,0
2017-07-17,3.137,3.137,3.137,3.137,0.0,3.137,0
2017-07-18,3.14,3.14,3.14,3.14,0.0,3.14,0
2017-07-19,3.125,3.125,3.125,3.125,0.0,3.125,0
2017-07-20,3.106,3.106,3.106,3.106,0.0,3.106,0
2017-07-21,3.105,3.105,3.105,3.105,0.0,3.105,0
2017-07-24,3.08,3.08,3.08,3.08,0.0,3.08,0
2017-07-25,3.056,3.056,3.056,3.056,0.0,3.056,0
2017-07-26,3.048,3.048,3.048,3.048,0.0,3.048,0
2017-07-27,3.049,3.049,3.049,3.049,0.0,3.049,0
2017-07-28,3.064,3.064,3.064,3.064,0.0,3.064,0
2017-07-31,3.04,3.04,3.04,3.04,0.0,3.04,0
2017-08-01,3.062,3.062,3.062,3.062,0.0,3.062,0
2017-08-02,3.071,3.071,3.071,3.071,0.0,3.071,0
2017-08-03,3.094,3.094,3.094,3.094,0.0,3.094,0
2017-08-04,3.104,3.104,3.104,3.104,0.0,3.104,0
2017-08-07,3.103,3.103,3.103,3.103,0.0,3.103,0
2017-08-08,3.085,3.085,3.085,3.085,0.0,3.085,0
2017-08-09,3.079,3.079,3.079,3.079,0.0,3.079,0
2017-08-10,3.076,3.076,3.076,3.076,0.0,3.076,0
2017-08-11,3.08,3.08,3.08,3.08,0.0,3.08,0
2017-08-14,3.076,3.076,3.076,3.076,0.0,3.076,0
2017-08-15,3.074,3.074,3.074,3.074,0.0,3.074,0
2017-08-16,3.064,3.064,3.064,3.064,0.0,3.064,0
2017-08-17,3.063,3.063,3.063,3.063,0.0,3.063,0
2017-08-18,3.063,3.063,3.063,3.063,0.0,3.063,0
2017-08-21,3.053,3.053,3.053,3.053,0.0,3.053,0
2017-08-22,3.045,3.045,3.045,3.045,0.0,3.045,0
2017-08-23,3.042,3.042,3.042,3.042,0.0,3.042,0
2017-08-24,2.995,2.995,2.995,2.995,0.0,2.995,0
2017-08-25,2.982,2.982,2.982,2.982,0.0,2.982,0
2017-08-28,2.995,2.995,2.995,2.995,0.0,2.995,0
2017-08-29,2.997,2.997,2.997,2.997,0.0,2.997,0
2017-08-30,2.989,2.989,2.989,2.989,0.0,2.989,0
2017-08-31,2.997,2.997,2.997,2.997,0.0,2.997,0
2017-09-01,2.998,2.998,2.998,2.998,0.0,2.998,0
2017-09-05,2.994,2.994,2.994,2.994,0.0,2.994,0
2017-09-06,2.955,2.955,2.955,2.955,0.0,2.955,0
2017-09-07,2.989,2.989,2.989,2.989,0.0,2.989,0
2017-09-08,2.993,2.993,2.993,2.993,0.0,2.993,0
2017-09-11,3.004,3.004,3.004,3.004,0.0,3.004,0
2017-09-12,2.984,2.984,2.984,2.984,0.0,2.984,0
2017-09-13,2.97,2.97,2.97,2.97,0.0,2.97,0
2017-09-14,2.959,2.959,2.959,2.959,0.0,2.959,0
2017-09-15,2.964,2.964,2.964,2.964,0.0,2.964,0
2017-09-18,2.964,2.964,2.964,2.964,0.0,2.964,0
2017-09-19,2.954,2.954,2.954,2.954,0.0,2.954,0
2017-09-20,2.944,2.944,2.944,2.944,0.0,2.944,0
2017-09-21,2.935,2.935,2.935,2.935,0.0,2.935,0
2017-09-22,2.949,2.949,2.949,2.949,0.0,2.949,0
2017-09-25,2.932,2.932,2.932,2.932,0.0,2.932,0
2017-09-26,2.942,2.942,2.942,2.942,0.0,2.942,0
2017-09-27,2.953,2.953,2.953,2.953,0.0,2.953,0
2017-09-28,2.952,2.952,2.952,2.952,0.0,2.952,0
2017-09-29,2.949,2.949,2.949,2.949,0.0,2.949,0
2017-10-02,2.962,2.962,2.962,2.962,0.0,2.962,0
2017-10-03,2.971,2.971,2.971,2.971,0.0,2.971,0
2017-10-04,2.97,2.97,2.97,2.97,0.0,2.97,0
2017-10-05,2.979,2.979,2.979,2.979,0.0,2.979,0
2017-10-06,2.971,2.971,2.971,2.971,0.0,2.971,0
2017-10-09,2.981,2.981,2.981,2.981,0.0,2.981,0
2017-10-10,2.971,2.971,2.971,2.971,0.0,2.971,0
2017-10-11,2.984,2.984,2.984,2.984,0.0,2.984,0
2017-10-12,3.028,3.028,3.028,3.028,0.0,3.028,0
2017-10-13,3.028,3.028,3.028,3.028,0.0,3.028,0
2017-10-16,3.064,3.064,3.064,3.064,0.0,3.064,0
2017-10-17,3.111,3.111,3.111,3.111,0.0,3.111,0
2017-10-18,3.115,3.115,3.115,3.115,0.0,3.115,0
2017-10-19,3.137,3.137,3.137,3.137,0.0,3.137,0
2017-10-20,3.177,3.177,3.177,3.177,0.0,3.177,0
2017-10-23,3.157,3.157,3.157,3.157,0.0,3.157,0
2017-10-24,3.156,3.156,3.156,3.156,0.0,3.156,0
2017-10-25,3.157,3.157,3.157,3.157,0.0,3.157,0
2017-10-26,3.15,3.15,3.15,3.15,0.0,3.15,0
2017-10-27,3.13,3.13,3.13,3.13,0.0,3.13,0
2017-10-30,3.165,3.165,3.165,3.165,0.0,3.165,0
2017-10-31,3.166,3.166,3.166,3.166,0.0,3.166,0
2017-11-01,3.176,3.176,3.176,3.176,0.0,3.176,0
2017-11-02,3.158,3.158,3.158,3.158,0.0,3.158,0
2017-11-03,3.155,3.155,3.155,3.155,0.0,3.155,0
2017-11-06,3.15,3.15,3.15,3.15,0.0,3.15,0
2017-11-07,3.149,3.149,3.149,3.149,0.0,3.149,0
2017-11-08,3.147,3.147,3.147,3.147,0.0,3.147,0
2017-11-09,3.157,3.157,3.157,3.157,0.0,3.157,0
2017-11-10,3.139,3.139,3.139,3.139,0.0,3.139,0
2017-11-13,3.123,3.123,3.123,3.123,0.0,3.123,0
2017-11-14,3.108,3.108,3.108,3.108,0.0,3.108,0
2017-11-15,3.1,3.1,3.1,3.1,0.0,3.1,0
2017-11-16,3.104,3.104,3.104,3.104,0.0,3.104,0
2017-11-17,3.099,3.099,3.099,3.099,0.0,3.099,0
2017-11-20,3.092,3.092,3.092,3.092,0.0,3.092,0
2017-11-21,3.09,3.09,3.09,3.09,0.0,3.09,0
2017-11-22,3.077,3.077,3.077,3.077,0.0,3.077,0
2017-11-24,3.08,3.08,3.08,3.08,0.0,3.08,0
2017-11-27,3.083,3.083,3.083,3.083,0.0,3.083,0
2017-11-28,3.081,3.081,3.081,3.081,0.0,3.081,0
2017-11-29,3.09,3.09,3.09,3.09,0.0,3.09,0
2017-11-30,3.088,3.088,3.088,3.088,0.0,3.088,0
2017-12-01,3.046,3.046,3.046,3.046,0.0,3.046,0
2017-12-04,3.03,3.03,3.03,3.03,0.0,3.03,0
2017-12-05,3.016,3.016,3.016,3.016,0.0,3.016,0
2017-12-06,2.998,2.998,2.998,2.998,0.0,2.998,0
2017-12-07,3.004,3.004,3.004,3.004,0.0,3.004,0
2017-12-08,2.999,2.999,2.999,2.999,0.0,2.999,0
2017-12-11,2.992,2.992,2.992,2.992,0.0,2.992,0
2017-12-12,3.002,3.002,3.002,3.002,0.0,3.002,0
2017-12-13,3.025,3.025,3.025,3.025,0.0,3.025,0
2017-12-14,3.036,3.036,3.036,3.036,0.0,3.036,0
2017-12-15,3.044,3.044,3.044,3.044,0.0,3.044,0
2017-12-18,3.064,3.064,3.064,3.064,0.0,3.064,0
2017-12-19,3.066,3.066,3.066,3.066,0.0,3.066,0
2017-12-20,3.052,3.052,3.052,3.052,0.0,3.052,0
2017-12-21,3.069,3.069,3.069,3.069,0.0,3.069,0
2017-12-22,3.092,3.092,3.092,3.092,0.0,3.092,0
2017-12-26,3.093,3.093,3.093,3.093,0.0,3.093,0
2017-12-27,3.066,3.066,3.066,3.066,0.0,3.066,0
2017-12-28,3.032,3.032,3.032,3.032,0.0,3.032,0
2017-12-29,3.025,3.025,3.025,3.025,0.0,3.025,0
2018-01-02,3.018,3.018,3.018,3.018,0.0,3.018,0
2018-01-03,3.019,3.019,3.019,3.019,0.0,3.019,0
2018-01-04,3.051,3.051,3.051,3.051,0.0,3.051,0
2018-01-05,3.045,3.045,3.045,3.045,0.0,3.045,0
2018-01-08,3.04,3.04,3.04,3.04,0.0,3.04,0
2018-01-09,3.025,3.025,3.025,3.025,0.0,3.025,0
2018-01-10,3.018,3.018,3.018,3.018,0.0,3.018,0
2018-01-11,3.031,3.031,3.031,3.031,0.0,3.031,0
2018-01-12,3.018,3.018,3.018,3.018,0.0,3.018,0
2018-01-16,2.981,2.981,2.981,2.981,0.0,2.981,0
2018-01-17,2.975,2.975,2.975,2.975,0.0,2.975,0
2018-01-18,2.973,2.973,2.973,2.973,0.0,2.973,0
2018-01-19,2.983,2.983,2.983,2.983,0.0,2.983,0
2018-01-22,3.002,3.002,3.002,3.002,0.0,3.002,0
2018-01-23,3.014,3.014,3.014,3.014,0.0,3.014,0
2018-01-24,3.028,3.028,3.028,3.028,0.0,3.028,0
2018-01-25,3.063,3.063,3.063,3.063,0.0,3.063,0
2018-01-26,3.029,3.029,3.029,3.029,0.0,3.029,0
2018-01-29,3.031,3.031,3.031,3.031,0.0,3.031,0
2018-01-30,3.046,3.046,3.046,3.046,0.0,3.046,0
2018-01-31,3.015,3.015,3.015,3.015,0.0,3.015,0
2018-02-01,3.011,3.011,3.011,3.011,0.0,3.011,0
2018-02-02,3.036,3.036,3.036,3.036,0.0,3.036,0
2018-02-05,3.058,3.058,3.058,3.058,0.0,3.058,0
2018-02-06,3.042,3.042,3.042,3.042,0.0,3.042,0
2018-02-07,3.02,3.02,3.02,3.02,0.0,3.02,0
2018-02-08,3.033,3.033,3.033,3.033,0.0,3.033,0
2018-02-09,2.998,2.998,2.998,2.998,0.0,2.998,0
2018-02-12,2.988,2.988,2.988,2.988,0.0,2.988,0
2018-02-13,2.98,2.98,2.98,2.98,0.0,2.98,0
2018-02-14,2.982,2.982,2.982,2.982,0.0,2.982,0
2018-02-15,2.985,2.985,2.985,2.985,0.0,2.985,0
2018-02-16,3.002,3.002,3.002,3.002,0.0,3.002,0
2018-02-20,3.002,3.002,3.002,3.002,0.0,3.002,0
2018-02-21,3.02,3.02,3.02,3.02,0.0,3.02,0
2018-02-22,3.032,3.032,3.032,3.032,0.0,3.032,0
2018-02-23,3.024,3.024,3.024,3.024,0.0,3.024,0
2018-02-26,3.02,3.02,3.02,3.02,0.0,3.02,0
2018-02-27,3.023,3.023,3.023,3.023,0.0,3.023,0
2018-02-28,2.998,2.998,2.998,2.998,0.0,2.998,0
2018-03-01,3.029,3.029,3.029,3.029,0.0,3.029,0
2018-03-02,3.046,3.046,3.046,3.046,0.0,3.046,0
2018-03-05,3.064,3.064,3.064,3.064,0.0,3.064,0
2018-03-06,3.069,3.069,3.069,3.069,0.0,3.069,0
2018-03-07,3.06,3.06,3.06,3.06,0.0,3.06,0
2018-03-08,3.024,3.024,3.024,3.024,0.0,3.024,0
2018-03-09,2.987,2.987,2.987,2.987,0.0,2.987,0
2018-03-12,2.993,2.993,2.993,2.993,0.0,2.993,0
2018-03-13,3.0,3.0,3.0,3.0,0.0,3.0,0
2018-03-14,3.02,3.02,3.02,3.02,0.0,3.02,0
2018-03-15,3.078,3.078,3.078,3.078,0.0,3.078,0
2018-03-16,3.088,3.088,3.088,3.088,0.0,3.088,0
2018-03-19,3.078,3.078,3.078,3.078,0.0,3.078,0
2018-03-20,3.083,3.083,3.083,3.083,0.0,3.083,0
2018-03-21,3.091,3.091,3.091,3.091,0.0,3.091,0
2018-03-22,3.079,3.079,3.079,3.079,0.0,3.079,0
2018-03-23,3.001,3.001,3.001,3.001,0.0,3.001,0
2018-03-26,3.029,3.029,3.029,3.029,0.0,3.029,0
2018-03-27,3.039,3.039,3.039,3.039,0.0,3.039,0
2018-03-28,3.062,3.062,3.062,3.062,0.0,3.062,0
2018-03-29,3.1,3.1,3.1,3.1,0.0,3.1,0
2018-04-02,3.082,3.082,3.082,3.082,0.0,3.082,0
2018-04-03,3.06,3.06,3.06,3.06,0.0,3.06,0
2018-04-04,3.034,3.034,3.034,3.034,0.0,3.034,0
2018-04-05,3.05,3.05,3.05,3.05,0.0,3.05,0
2018-04-06,3.044,3.044,3.044,3.044,0.0,3.044,0
2018-04-09,3.028,3.028,3.028,3.028,0.0,3.028,0
2018-04-10,3.037,3.037,3.037,3.037,0.0,3.037,0
2018-04-11,3.045,3.045,3.045,3.045,0.0,3.045,0
2018-04-12,3.068,3.068,3.068,3.068,0.0,3.068,0
2018-04-13,3.061,3.061,3.061,3.061,0.0,3.061,0
2018-04-16,3.063,3.063,3.063,3.063,0.0,3.063,0
2018-04-17,3.028,3.028,3.028,3.028,0.0,3.028,0
2018-04-18,3.029,3.029,3.029,3.029,0.0,3.029,0
2018-04-19,3.031,3.031,3.031,3.031,0.0,3.031,0
2018-04-20,3.039,3.039,3.039,3.039,0.0,3.039,0
2018-04-23,3.04,3.04,3.04,3.04,0.0,3.04,0
2018-04-24,3.038,3.038,3.038,3.038,0.0,3.038,0
2018-04-25,3.027,3.027,3.027,3.027,0.0,3.027,0
2018-04-26,3.017,3.017,3.017,3.017,0.0,3.017,0
2018-04-27,3.019,3.019,3.019,3.019,0.0,3.019,0
2018-04-30,3.02,3.02,3.02,3.02,0.0,3.02,0
2018-05-01,3.0,3.0,3.0,3.0,0.0,3.0,0
2018-05-02,3.012,3.012,3.012,3.012,0.0,3.012,0
2018-05-03,3.022,3.022,3.022,3.022,0.0,3.022,0
2018-05-04,3.02,3.02,3.02,3.02,0.0,3.02,0
2018-05-07,3.018,3.018,3.018,3.018,0.0,3.018,0
2018-05-08,2.973,2.973,2.973,2.973,0.0,2.973,0
2018-05-09,2.959,2.959,2.959,2.959,0.0,2.959,0
2018-05-10,2.955,2.955,2.955,2.955,0.0,2.955,0
2018-05-11,2.958,2.958,2.958,2.958,0.0,2.958,0
2018-05-14,2.95,2.95,2.95,2.95,0.0,2.95,0
2018-05-15,2.984,2.984,2.984,2.984,0.0,2.984,0
2018-05-16,2.963,2.963,2.963,2.963,0.0,2.963,0
2018-05-17,2.97,2.97,2.97,2.97,0.0,2.97,0
2018-05-18,2.985,2.985,2.985,2.985,0.0,2.985,0
2018-05-21,2.98,2.98,2.98,2.98,0.0,2.98,0
2018-05-22,2.97,2.97,2.97,2.97,0.0,2.97,0
2018-05-23,2.947,2.947,2.947,2.947,0.0,2.947,0
2018-05-24,2.941,2.941,2.941,2.941,0.0,2.941,0
2018-05-25,2.913,2.913,2.913,2.913,0.0,2.913,0
2018-05-29,2.891,2.891,2.891,2.891,0.0,2.891,0
2018-05-30,2.902,2.902,2.902,2.902,0.0,2.902,0
2018-05-31,2.875,2.875,2.875,2.875,0.0,2.875,0
2018-06-01,2.865,2.865,2.865,2.865,0.0,2.865,0
2018-06-04,2.878,2.878,2.878,2.878,0.0,2.878,0
2018-06-05,2.893,2.893,2.893,2.893,0.0,2.893,0
2018-06-06,2.89,2.89,2.89,2.89,0.0,2.89,0
2018-06-07,2.888,2.888,2.888,2.888,0.0,2.888,0
2018-06-08,2.89,2.89,2.89,2.89,0.0,2.89,0
2018-06-11,2.889,2.889,2.889,2.889,0.0,2.889,0
2018-06-12,2.908,2.908,2.908,2.908,0.0,2.908,0
2018-06-13,2.919,2.919,2.919,2.919,0.0,2.919,0
2018-06-14,2.935,2.935,2.935,2.935,0.0,2.935,0
2018-06-15,2.94,2.94,2.94,2.94,0.0,2.94,0
2018-06-18,2.976,2.976,2.976,2.976,0.0,2.976,0
2018-06-19,2.978,2.978,2.978,2.978,0.0,2.978,0
2018-06-20,2.977,2.977,2.977,2.977,0.0,2.977,0
2018-06-21,2.954,2.954,2.954,2.954,0.0,2.954,0
2018-06-22,2.956,2.956,2.956,2.956,0.0,2.956,0
2018-06-25,2.952,2.952,2.952,2.952,0.0,2.952,0
2018-06-26,2.949,2.949,2.949,2.949,0.0,2.949,0
2018-06-27,2.952,2.952,2.952,2.952,0.0,2.952,0
2018-06-28,2.931,2.931,2.931,2.931,0.0,2.931,0
2018-06-29,2.928,2.928,2.928,2.928,0.0,2.928,0
2018-07-02,2.919,2.919,2.919,2.919,0.0,2.919,0
2018-07-03,2.916,2.916,2.916,2.916,0.0,2.916,0
2018-07-05,2.918,2.918,2.918,2.918,0.0,2.918,0
2018-07-06,2.917,2.917,2.917,2.917,0.0,2.917,0
2018-07-09,2.908,2.908,2.908,2.908,0.0,2.908,0
2018-07-10,2.912,2.912,2.912,2.912,0.0,2.912,0
2018-07-11,2.89,2.89,2.89,2.89,0.0,2.89,0
2018-07-12,2.887,2.887,2.887,2.887,0.0,2.887,0
2018-07-13,2.882,2.882,2.882,2.882,0.0,2.882,0
2018-07-16,2.855,2.855,2.855,2.855,0.0,2.855,0
2018-07-17,2.84,2.84,2.84,2.84,0.0,2.84,0
2018-07-18,2.835,2.835,2.835,2.835,0.0,2.835,0
2018-07-19,2.831,2.831,2.831,2.831,0.0,2.831,0
2018-07-20,2.837,2.837,2.837,2.837,0.0,2.837,0
2018-07-23,2.846,2.846,2.846,2.846,0.0,2.846,0
2018-07-24,2.854,2.854,2.854,2.854,0.0,2.854,0
2018-07-25,2.888,2.888,2.888,2.888,0.0,2.888,0
2018-07-26,2.884,2.884,2.884,2.884,0.0,2.884,0
2018-07-27,2.9,2.9,2.9,2.9,0.0,2.9,0
2018-07-30,2.904,2.904,2.904,2.904,0.0,2.904,0
2018-07-31,2.907,2.907,2.907,2.907,0.0,2.907,0
2018-08-01,2.877,2.877,2.877,2.877,0.0,2.877,0
2018-08-02,2.881,2.881,2.881,2.881,0.0,2.881,0
2018-08-03,2.881,2.881,2.881,2.881,0.0,2.881,0
2018-08-06,2.875,2.875,2.875,2.875,0.0,2.875,0
2018-08-07,2.908,2.908,2.908,2.908,0.0,2.908,0
2018-08-08,2.921,2.921,2.921,2.921,0.0,2.921,0
2018-08-09,2.921,2.921,2.921,2.921,0.0,2.921,0
2018-08-10,2.92,2.92,2.92,2.92,0.0,2.92,0
2018-08-13,2.921,2.921,2.921,2.921,0.0,2.921,0
2018-08-14,2.92,2.92,2.92,2.92,0.0,2.92,0
2018-08-15,2.921,2.921,2.921,2.921,0.0,2.921,0
2018-08-16,2.911,2.911,2.911,2.911,0.0,2.911,0
2018-08-17,2.913,2.913,2.913,2.913,0.0,2.913,0
2018-08-20,2.912,2.912,2.912,2.912,0.0,2.912,0
2018-08-21,2.925,2.925,2.925,2.925,0.0,2.925,0
2018-08-22,2.912,2.912,2.912,2.912,0.0,2.912,0
2018-08-23,2.909,2.909,2.909,2.909,0.0,2.909,0
2018-08-24,2.902,2.902,2.902,2.902,0.0,2.902,0
2018-08-27,2.872,2.872,2.872,2.872,0.0,2.872,0
2018-08-28,2.848,2.848,2.848,2.848,0.0,2.848,0
2018-08-29,2.852,2.852,2.852,2.852,0.0,2.852,0
2018-08-30,2.833,2.833,2.833,2.833,0.0,2.833,0
2018-08-31,2.847,2.847,2.847,2.847,0.0,2.847,0
2018-09-04,2.832,2.832,2.832,2.832,0.0,2.832,0
2018-09-05,2.837,2.837,2.837,2.837,0.0,2.837,0
2018-09-06,2.856,2.856,2.856,2.856,0.0,2.856,0
2018-09-07,2.855,2.855,2.855,2.855,0.0,2.855,0
2018-09-10,2.858,2.858,2.858,2.858,0.0,2.858,0
2018-09-11,2.855,2.855,2.855,2.855,0.0,2.855,0
2018-09-12,2.865,2.865,2.865,2.865,0.0,2.865,0
2018-09-13,2.881,2.881,2.881,2.881,0.0,2.881,0
2018-09-14,2.887,2.887,2.887,2.887,0.0,2.887,0
2018-09-17,2.891,2.891,2.891,2.891,0.0,2.891,0
2018-09-18,2.9,2.9,2.9,2.9,0.0,2.9,0
2018-09-19,2.897,2.897,2.897,2.897,0.0,2.897,0
2018-09-20,2.901,2.901,2.901,2.901,0.0,2.901,0
2018-09-21,2.899,2.899,2.899,2.899,0.0,2.899,0
2018-09-24,2.897,2.897,2.897,2.897,0.0,2.897,0
2018-09-25,2.899,2.899,2.899,2.899,0.0,2.899,0
2018-09-26,2.908,2.908,2.908,2.908,0.0,2.908,0
2018-09-27,2.909,2.909,2.909,2.909,0.0,2.909,0
2018-09-28,2.91,2.91,2.91,2.91,0.0,2.91,0
2018-10-01,2.915,2.915,2.915,2.915,0.0,2.915,0
2018-10-02,2.913,2.913,2.913,2.913,0.0,2.913,0
2018-10-03,2.912,2.912,2.912,2.912,0.0,2.912,0
2018-10-04,2.913,2.913,2.913,2.913,0.0,2.913,0
2018-10-05,2.916,2.916,2.916,2.916,0.0,2.916,0
2018-10-08,2.921,2.921,2.921,2.921,0.0,2.921,0
2018-10-09,2.916,2.916,2.916,2.916,0.0,2.916,0
2018-10-10,2.912,2.912,2.912,2.912,0.0,2.912,0
2018-10-11,2.937,2.937,2.937,2.937,0.0,2.937,0
2018-10-12,2.955,2.955,2.955,2.955,0.0,2.955,0
2018-10-15,2.954,2.954,2.954,2.954,0.0,2.954,0
2018-10-16,2.974,2.974,2.974,2.974,0.0,2.974,0
2018-10-17,2.969,2.969,2.969,2.969,0.0,2.969,0
2018-10-18,2.968,2.968,2.968,2.968,0.0,2.968,0
2018-10-19,2.965,2.965,2.965,2.965,0.0,2.965,0
2018-10-22,2.966,2.966,2.966,2.966,0.0,2.966,0
2018-10-23,2.965,2.965,2.965,2.965,0.0,2.965,0
2018-10-24,2.962,2.962,2.962,2.962,0.0,2.962,0
2018-10-25,2.952,2.952,2.952,2.952,0.0,2.952,0
2018-10-26,2.954,2.954,2.954,2.954,0.0,2.954,0
2018-10-29,2.955,2.955,2.955,2.955,0.0,2.955,0
2018-10-30,2.973,2.973,2.973,2.973,0.0,2.973,0
2018-10-31,2.972,2.972,2.972,2.972,0.0,2.972,0
2018-11-01,2.977,2.977,2.977,2.977,0.0,2.977,0
2018-11-02,2.984,2.984,2.984,2.984,0.0,2.984,0
2018-11-05,2.998,2.998,2.998,2.998,0.0,2.998,0
2018-11-06,3.014,3.014,3.014,3.014,0.0,3.014,0
2018-11-07,3.012,3.012,3.012,3.012,0.0,3.012,0
2018-11-08,3.013,3.013,3.013,3.013,0.0,3.013,0
2018-11-09,3.016,3.016,3.016,3.016,0.0,3.016,0
2018-11-12,3.039,3.039,3.039,3.039,0.0,3.039,0
2018-11-13,3.018,3.018,3.018,3.018,0.0,3.018,0
2018-11-14,3.002,3.002,3.002,3.002,0.0,3.002,0
2018-11-15,3.017,3.017,3.017,3.017,0.0,3.017,0
2018-11-16,2.988,2.988,2.988,2.988,0.0,2.988,0
2018-11-19,2.975,2.975,2.975,2.975,0.0,2.975,0
2018-11-20,2.973,2.973,2.973,2.973,0.0,2.973,0
2018-11-21,2.971,2.971,2.971,2.971,0.0,2.971,0
2018-11-23,2.996,2.996,2.996,2.996,0.0,2.996,0
2018-11-26,2.989,2.989,2.989,2.989,0.0,2.989,0
2018-11-27,2.985,2.985,2.985,2.985,0.0,2.985,0
2018-11-28,2.986,2.986,2.986,2.986,0.0,2.986,0
2018-11-29,3.018,3.018,3.018,3.018,0.0,3.018,0
2018-11-30,3.074,3.074,3.074,3.074,0.0,3.074,0
2018-12-03,3.046,3.046,3.046,3.046,0.0,3.046,0
2018-12-04,3.032,3.032,3.032,3.032,0.0,3.032,0
2018-12-05,3.023,3.023,3.023,3.023,0.0,3.023,0
2018-12-06,3.034,3.034,3.034,3.034,0.0,3.034,0
2018-12-07,3.041,3.041,3.041,3.041,0.0,3.041,0
2018-12-10,3.042,3.042,3.042,3.042,0.0,3.042,0
2018-12-11,3.017,3.017,3.017,3.017,0.0,3.017,0
2018-12-12,3.019,3.019,3.019,3.019,0.0,3.019,0
2018-12-13,2.987,2.987,2.987,2.987,0.0,2.987,0
2018-12-14,2.997,2.997,2.997,2.997,0.0,2.997,0
2018-12-17,2.996,2.996,2.996,2.996,0.0,2.996,0
2018-12-18,2.991,2.991,2.991,2.991,0.0,2.991,0
2018-12-19,3.014,3.014,3.014,3.014,0.0,3.014,0
2018-12-20,3.029,3.029,3.029,3.029,0.0,3.029,0
2018-12-21,3.032,3.032,3.032,3.032,0.0,3.032,0
2018-12-24,3.031,3.031,3.031,3.031,0.0,3.031,0
2018-12-26,3.028,3.028,3.028,3.028,0.0,3.028,0
2018-12-27,3.026,3.026,3.026,3.026,0.0,3.026,0
2018-12-28,3.024,3.024,3.024,3.024,0.0,3.024,0
2018-12-31,3.033,3.033,3.033,3.033,0.0,3.033,0
2019-01-02,3.033,3.033,3.033,3.033,0.0,3.033,0
2019-01-03,3.022,3.022,3.022,3.022,0.0,3.022,0
2019-01-04,3.024,3.024,3.024,3.024,0.0,3.024,0
2019-01-07,3.026,3.026,3.026,3.026,0.0,3.026,0
2019-01-08,3.019,3.019,3.019,3.019,0.0,3.019,0
2019-01-09,3.018,3.018,3.018,3.018,0.0,3.018,0
2019-01-10,3.016,3.016,3.016,3.016,0.0,3.016,0
2019-01-11,3.023,3.023,3.023,3.023,0.0,3.023,0
2019-01-14,3.022,3.022,3.022,3.022,0.0,3.022,0
2019-01-15,3.014,3.014,3.014,3.014,0.0,3.014,0
2019-01-16,2.983,2.983,2.983,2.983,0.0,2.983,0
2019-01-17,2.983,2.983,2.983,2.983,0.0,2.983,0
2019-01-18,2.996,2.996,2.996,2.996,0.0,2.996,0
2019-01-22,3.009,3.009,3.009,3.009,0.0,3.009,0
2019-01-23,2.991,2.991,2.991,2.991,0.0,2.991,0
2019-01-24,2.97,2.97,2.97,2.97,0.0,2.97,0
2019-01-25,3.015,3.015,3.015,3.015,0.0,3.015,0
2019-01-28,2.999,2.999,2.999,2.999,0.0,2.999,0
2019-01-29,3.002,3.002,3.002,3.002,0.0,3.002,0
2019-01-30,3.004,3.004,3.004,3.004,0.0,3.004,0
2019-01-31,3.005,3.005,3.005,3.005,0.0,3.005,0
2019-02-01,3.006,3.006,3.006,3.006,0.0,3.006,0
2019-02-04,2.993,2.993,2.993,2.993,0.0,2.993,0
2019-02-05,3.044,3.044,3.044,3.044,0.0,3.044,0
2019-02-06,3.041,3.041,3.041,3.041,0.0,3.041,0
2019-02-07,3.037,3.037,3.037,3.037,0.0,3.037,0
2019-02-08,3.039,3.039,3.039,3.039,0.0,3.039,0
2019-02-11,3.044,3.044,3.044,3.044,0.0,3.044,0
2019-02-12,3.052,3.052,3.052,3.052,0.0,3.052,0
2019-02-13,3.051,3.051,3.051,3.051,0.0,3.051,0
2019-02-14,3.057,3.057,3.057,3.057,0.0,3.057,0
2019-02-15,3.037,3.037,3.037,3.037,0.0,3.037,0
2019-02-19,3.028,3.028,3.028,3.028,0.0,3.028,0
2019-02-20,3.04,3.04,3.04,3.04,0.0,3.04,0
2019-02-21,3.027,3.027,3.027,3.027,0.0,3.027,0
2019-02-22,3.024,3.024,3.024,3.024,0.0,3.024,0
2019-02-25,3.016,3.016,3.016,3.016,0.0,3.016,0
2019-02-26,2.998,2.998,2.998,2.998,0.0,2.998,0
2019-02-27,3.034,3.034,3.034,3.034,0.0,3.034,0
2019-02-28,3.045,3.045,3.045,3.045,0.0,3.045,0
2019-03-01,3.044,3.044,3.044,3.044,0.0,3.044,0
2019-03-04,3.04,3.04,3.04,3.04,0.0,3.04,0
2019-03-05,3.038,3.038,3.038,3.038,0.0,3.038,0
2019-03-06,3.041,3.041,3.041,3.041,0.0,3.041,0
2019-03-07,3.046,3.046,3.046,3.046,0.0,3.046,0
2019-03-08,3.046,3.046,3.046,3.046,0.0,3.046,0
2019-03-11,3.073,3.073,3.073,3.073,0.0,3.073,0
2019-03-12,3.088,3.088,3.088,3.088,0.0,3.088,0
2019-03-13,3.097,3.097,3.097,3.097,0.0,3.097,0
2019-03-14,3.105,3.105,3.105,3.105,0.0,3.105,0
2019-03-15,3.106,3.106,3.106,3.106,0.0,3.106,0
2019-03-18,3.105,3.105,3.105,3.105,0.0,3.105,0
2019-03-19,3.106,3.106,3.106,3.106,0.0,3.106,0
2019-03-20,3.104,3.104,3.104,3.104,0.0,3.104,0
2019-03-21,3.114,3.114,3.114,3.114,0.0,3.114,0
2019-03-22,3.104,3.104,3.104,3.104,0.0,3.104,0
2019-03-25,3.103,3.103,3.103,3.103,0.0,3.103,0
2019-03-26,3.105,3.105,3.105,3.105,0.0,3.105,0
2019-03-27,3.096,3.096,3.096,3.096,0.0,3.096,0
2019-03-28,3.099,3.099,3.099,3.099,0.0,3.099,0
2019-03-29,3.098,3.098,3.098,3.098,0.0,3.098,0
2019-04-01,3.097,3.097,3.097,3.097,0.0,3.097,0
2019-04-02,3.104,3.104,3.104,3.104,0.0,3.104,0
2019-04-03,3.099,3.099,3.099,3.099,0.0,3.099,0
2019-04-04,3.13,3.13,3.13,3.13,0.0,3.13,0
2019-04-05,3.098,3.098,3.098,3.098,0.0,3.098,0
2019-04-08,3.101,3.101,3.101,3.101,0.0,3.101,0
2019-04-09,3.108,3.108,3.108,3.108,0.0,3.108,0
2019-04-10,3.086,3.086,3.086,3.086,0.0,3.086,0
2019-04-11,3.084,3.084,3.084,3.084,0.0,3.084,0
2019-04-12,3.084,3.084,3.084,3.084,0.0,3.084,0
2019-04-15,3.084,3.084,3.084,3.084,0.0,3.084,0
2019-04-16,3.085,3.085,3.085,3.085,0.0,3.085,0
2019-04-17,3.075,3.075,3.075,3.075,0.0,3.075,0
2019-04-18,3.06,3.06,3.06,3.06,0.0,3.06,0
2019-04-22,3.048,3.048,3.048,3.048,0.0,3.048,0
2019-04-23,3.043,3.043,3.043,3.043,0.0,3.043,0
2019-04-24,3.053,3.053,3.053,3.053,0.0,3.053,0
2019-04-25,3.063,3.063,3.063,3.063,0.0,3.063,0
2019-04-26,3.06,3.06,3.06,3.06,0.0,3.06,0
2019-04-29,3.067,3.067,3.067,3.067,0.0,3.067,0
2019-04-30,3.072,3.072,3.072,3.072,0.0,3.072,0
2019-05-01,3.074,3.074,3.074,3.074,0.0,3.074,0
2019-05-02,3.071,3.071,3.071,3.071,0.0,3.071,0
2019-05-03,3.084,3.084,3.084,3.084,0.0,3.084,0
2019-05-06,3.087,3.087,3.087,3.087,0.0,3.087,0
2019-05-07,3.087,3.087,3.087,3.087,0.0,3.087,0
2019-05-08,3.081,3.081,3.081,3.081,0.0,3.081,0
2019-05-09,3.088,3.088,3.088,3.088,0.0,3.088,0
2019-05-10,3.079,3.079,3.079,3.079,0.0,3.079,0
2019-05-13,3.082,3.082,3.082,3.082,0.0,3.082,0
2019-05-14,3.093,3.093,3.093,3.093,0.0,3.093,0
2019-05-15,3.111,3.111,3.111,3.111,0.0,3.111,0
2019-05-16,3.107,3.107,3.107,3.107,0.0,3.107,0
2019-05-17,3.111,3.111,3.111,3.111,0.0,3.111,0
2019-05-20,3.116,3.116,3.116,3.116,0.0,3.116,0
2019-05-21,3.119,3.119,3.119,3.119,0.0,3.119,0
2019-05-22,3.065,3.065,3.065,3.065,0.0,3.065,0
2019-05-23,3.077,3.077,3.077,3.077,0.0,3.077,0
2019-05-24,3.087,3.087,3.087,3.087,0.0,3.087,0
2019-05-28,3.128,3.128,3.128,3.128,0.0,3.128,0
2019-05-29,3.109,3.109,3.109,3.109,0.0,3.109,0
2019-05-30,3.107,3.107,3.107,3.107,0.0,3.107,0
2019-05-31,3.105,3.105,3.105,3.105,0.0,3.105,0
2019-06-03,3.093,3.093,3.093,3.093,0.0,3.093,0
2019-06-04,3.079,3.079,3.079,3.079,0.0,3.079,0
2019-06-05,3.083,3.083,3.083,3.083,0.0,3.083,0
2019-06-06,3.093,3.093,3.093,3.093,0.0,3.093,0
2019-06-07,3.094,3.094,3.094,3.094,0.0,3.094,0
2019-06-10,3.083,3.083,3.083,3.083,0.0,3.083,0
2019-06-11,3.083,3.083,3.083,3.083,0.0,3.083,0
2019-06-12,3.08,3.08,3.08,3.08,0.0,3.08,0
2019-06-13,3.081,3.081,3.081,3.081,0.0,3.081,0
2019-06-14,3.086,3.086,3.086,3.086,0.0,3.086,0
2019-06-17,3.089,3.089,3.089,3.089,0.0,3.089,0
2019-06-18,3.072,3.072,3.072,3.072,0.0,3.072,0
2019-06-19,3.073,3.073,3.073,3.073,0.0,3.073,0
2019-06-20,3.077,3.077,3.077,3.077,0.0,3.077,0
2019-06-21,3.092,3.092,3.092,3.092,0.0,3.092,0
2019-06-24,3.092,3.092,3.092,3.092,0.0,3.092,0
2019-06-25,3.091,3.091,3.091,3.091,0.0,3.091,0
2019-06-26,3.083,3.083,3.083,3.083,0.0,3.083,0
2019-06-27,3.079,3.079,3.079,3.079,0.0,3.079,0
2019-06-28,3.051,3.051,3.051,3.051,0.0,3.051,0
2019-07-01,3.044,3.044,3.044,3.044,0.0,3.044,0
2019-07-02,3.053,3.053,3.053,3.053,0.0,3.053,0
2019-07-03,3.052,3.052,3.052,3.052,0.0,3.052,0
2019-07-05,3.078,3.078,3.078,3.078,0.0,3.078,0
2019-07-08,3.074,3.074,3.074,3.074,0.0,3.074,0
2019-07-09,3.113,3.113,3.113,3.113,0.0,3.113,0
2019-07-10,3.105,3.105,3.105,3.105,0.0,3.105,0
2019-07-11,3.113,3.113,3.113,3.113,0.0,3.113,0
2019-07-12,3.121,3.121,3.121,3.121,0.0,3.121,0
2019-07-15,3.126,3.126,3.126,3.126,0.0,3.126,0
2019-07-16,3.102,3.102,3.102,3.102,0.0,3.102,0
2019-07-17,3.099,3.099,3.099,3.099,0.0,3.099,0
2019-07-18,3.118,3.118,3.118,3.118,0.0,3.118,0
2019-07-19,3.111,3.111,3.111,3.111,0.0,3.111,0
2019-07-22,3.038,3.038,3.038,3.038,0.0,3.038,0
2019-07-23,3.076,3.076,3.076,3.076,0.0,3.076,0
2019-07-24,3.069,3.069,3.069,3.069,0.0,3.069,0
2019-07-25,3.07,3.07,3.07,3.07,0.0,3.07,0
2019-07-26,3.064,3.064,3.064,3.064,0.0,3.064,0
2019-07-29,3.053,3.053,3.053,3.053,0.0,3.053,0
2019-07-30,3.056,3.056,3.056,3.056,0.0,3.056,0
2019-07-31,3.062,3.062,3.062,3.062,0.0,3.062,0
2019-08-01,3.065,3.065,3.065,3.065,0.0,3.065,0
2019-08-02,3.052,3.052,3.052,3.052,0.0,3.052,0
2019-08-05,3.05,3.05,3.05,3.05,0.0,3.05,0
2019-08-06,3.051,3.051,3.051,3.051,0.0,3.051,0
2019-08-07,3.056,3.056,3.056,3.056,0.0,3.056,0
2019-08-08,3.025,3.025,3.025,3.025,0.0,3.025,0
2019-08-09,3.014,3.014,3.014,3.014,0.0,3.014,0
2019-08-12,2.973,2.973,2.973,2.973,0.0,2.973,0
2019-08-13,2.955,2.955,2.955,2.955,0.0,2.955,0
2019-08-14,2.9,2.9,2.9,2.9,0.0,2.9,0
2019-08-15,2.9,2.9,2.9,2.9,0.0,2.9,0
2019-08-16,2.883,2.883,2.883,2.883,0.0,2.883,0
2019-08-19,2.888,2.888,2.888,2.888,0.0,2.888,0
2019-08-20,2.891,2.891,2.891,2.891,0.0,2.891,0
2019-08-21,2.896,2.896,2.896,2.896,0.0,2.896,0
2019-08-22,2.9,2.9,2.9,2.9,0.0,2.9,0
2019-08-23,2.93,2.93,2.93,2.93,0.0,2.93,0
2019-08-26,2.919,2.919,2.919,2.919,0.0,2.919,0
2019-08-27,2.939,2.939,2.939,2.939,0.0,2.939,0
2019-08-28,2.958,2.958,2.958,2.958,0.0,2.958,0
2019-08-29,2.946,2.946,2.946,2.946,0.0,2.946,0
2019-08-30,2.887,2.887,2.887,2.887,0.0,2.887,0
2019-09-03,2.901,2.901,2.901,2.901,0.0,2.901,0
2019-09-04,2.862,2.862,2.862,2.862,0.0,2.862,0
2019-09-05,2.874,2.874,2.874,2.874,0.0,2.874,0
2019-09-06,2.861,2.861,2.861,2.861,0.0,2.861,0
2019-09-09,2.832,2.832,2.832,2.832,0.0,2.832,0
2019-09-10,2.836,2.836,2.836,2.836,0.0,2.836,0
2019-09-11,2.831,2.831,2.831,2.831,0.0,2.831,0
2019-09-12,2.836,2.836,2.836,2.836,0.0,2.836,0
2019-09-13,2.801,2.801,2.801,2.801,0.0,2.801,0
2019-09-16,2.831,2.831,2.831,2.831,0.0,2.831,0
2019-09-17,2.795,2.795,2.795,2.795,0.0,2.795,0
2019-09-18,2.808,2.808,2.808,2.808,0.0,2.808,0
2019-09-19,2.802,2.802,2.802,2.802,0.0,2.802,0
2019-09-20,2.813,2.813,2.813,2.813,0.0,2.813,0
2019-09-23,2.81,2.81,2.81,2.81,0.0,2.81,0
2019-09-24,2.801,2.801,2.801,2.801,0.0,2.801,0
2019-09-25,2.8,2.8,2.8,2.8,0.0,2.8,0
2019-09-26,2.801,2.801,2.801,2.801,0.0,2.801,0
2019-09-27,2.775,2.775,2.775,2.775,0.0,2.775,0
2019-09-30,2.837,2.837,2.837,2.837,0.0,2.837,0
2019-10-01,2.786,2.786,2.786,2.786,0.0,2.786,0
2019-10-02,2.814,2.814,2.814,2.814,0.0,2.814,0
2019-10-03,2.799,2.799,2.799,2.799,0.0,2.799,0
2019-10-04,2.789,2.789,2.789,2.789,0.0,2.789,0
2019-10-07,2.793,2.793,2.793,2.793,0.0,2.793,0
2019-10-08,2.769,2.769,2.769,2.769,0.0,2.769,0
2019-10-09,2.78,2.78,2.78,2.78,0.0,2.78,0
2019-10-10,2.781,2.781,2.781,2.781,0.0,2.781,0
2019-10-11,2.792,2.792,2.792,2.792,0.0,2.792,0
2019-10-14,2.807,2.807,2.807,2.807,0.0,2.807,0
2019-10-15,2.823,2.823,2.823,2.823,0.0,2.823,0
2019-10-16,2.825,2.825,2.825,2.825,0.0,2.825,0
2019-10-17,2.822,2.822,2.822,2.822,0.0,2.822,0
2019-10-18,2.817,2.817,2.817,2.817,0.0,2.817,0
2019-10-21,2.812,2.812,2.812,2.812,0.0,2.812,0
2019-10-22,2.816,2.816,2.816,2.816,0.0,2.816,0
2019-10-23,2.81,2.81,2.81,2.81,0.0,2.81,0
2019-10-24,2.814,2.814,2.814,2.814,0.0,2.814,0
2019-10-25,2.812,2.812,2.812,2.812,0.0,2.812,0
2019-10-28,2.821,2.821,2.821,2.821,0.0,2.821,0
2019-10-29,2.837,2.837,2.837,2.837,0.0,2.837,0
2019-10-30,2.844,2.844,2.844,2.844,0.0,2.844,0
2019-10-31,2.842,2.842,2.842,2.842,0.0,2.842,0
2019-11-01,2.851,2.851,2.851,2.851,0.0,2.851,0
2019-11-04,2.787,2.787,2.787,2.787,0.0,2.787,0
2019-11-05,2.766,2.766,2.766,2.766,0.0,2.766,0
2019-11-06,2.777,2.777,2.777,2.777,0.0,2.777,0
2019-11-07,2.724,2.724,2.724,2.724,0.0,2.724,0
2019-11-08,2.731,2.731,2.731,2.731,0.0,2.731,0
2019-11-11,2.722,2.722,2.722,2.722,0.0,2.722,0
2019-11-12,2.672,2.672,2.672,2.672,0.0,2.672,0
2019-11-13,2.673,2.673,2.673,2.673,0.0,2.673,0
2019-11-14,2.66,2.66,2.66,2.66,0.0,2.66,0
2019-11-15,2.666,2.666,2.666,2.666,0.0,2.666,0
2019-11-18,2.67,2.67,2.67,2.67,0.0,2.67,0
2019-11-19,2.682,2.682,2.682,2.682,0.0,2.682,0
2019-11-20,2.694,2.694,2.694,2.694,0.0,2.694,0
2019-11-21,2.701,2.701,2.701,2.701,0.0,2.701,0
2019-11-22,2.701,2.701,2.701,2.701,0.0,2.701,0
2019-11-25,2.683,2.683,2.683,2.683,0.0,2.683,0
2019-11-26,2.677,2.677,2.677,2.677,0.0,2.677,0
2019-11-27,2.681,2.681,2.681,2.681,0.0,2.681,0
2019-11-29,2.639,2.639,2.639,2.639,0.0,2.639,0
2019-12-02,2.665,2.665,2.665,2.665,0.0,2.665,0
2019-12-03,2.674,2.674,2.674,2.674,0.0,2.674,0
2019-12-04,2.673,2.673,2.673,2.673,0.0,2.673,0
2019-12-05,2.665,2.665,2.665,2.665,0.0,2.665,0
2019-12-06,2.645,2.645,2.645,2.645,0.0,2.645,0
2019-12-09,2.617,2.617,2.617,2.617,0.0,2.617,0
2019-12-10,2.626,2.626,2.626,2.626,0.0,2.626,0
2019-12-11,2.623,2.623,2.623,2.623,0.0,2.623,0
2019-12-12,2.628,2.628,2.628,2.628,0.0,2.628,0
2019-12-13,2.611,2.611,2.611,2.611,0.0,2.611,0
2019-12-16,2.625,2.625,2.625,2.625,0.0,2.625,0
2019-12-17,2.627,2.627,2.627,2.627,0.0,2.627,0
2019-12-18,2.556,2.556,2.556,2.556,0.0,2.556,0
2019-12-19,2.53,2.53,2.53,2.53,0.0,2.53,0
2019-12-20,2.521,2.521,2.521,2.521,0.0,2.521,0
2019-12-23,2.528,2.528,2.528,2.528,0.0,2.528,0
2019-12-24,2.526,2.526,2.526,2.526,0.0,2.526,0
2019-12-26,2.514,2.514,2.514,2.514,0.0,2.514,0
2019-12-27,2.512,2.512,2.512,2.512,0.0,2.512,0
2019-12-30,2.509,2.509,2.509,2.509,0.0,2.509,0
2019-12-31,2.518,2.518,2.518,2.518,0.0,2.518,0
2020-01-02,2.513,2.513,2.513,2.513,0.0,2.513,0
2020-01-03,2.513,2.513,2.513,2.513,0.0,2.513,0
2020-01-06,2.517,2.517,2.517,2.517,0.0,2.517,0
2020-01-07,2.532,2.532,2.532,2.532,0.0,2.532,0
2020-01-08,2.535,2.535,2.535,2.535,0.0,2.535,0
2020-01-09,2.546,2.546,2.546,2.546,0.0,2.546,0
2020-01-10,2.548,2.548,2.548,2.548,0.0,2.548,0
2020-01-13,2.548,2.548,2.548,2.548,0.0,2.548,0
2020-01-14,2.547,2.547,2.547,2.547,0.0,2.547,0
2020-01-15,2.546,2.546,2.546,2.546,0.0,2.546,0
2020-01-16,2.553,2.553,2.553,2.553,0.0,2.553,0
2020-01-17,2.563,2.563,2.563,2.563,0.0,2.563,0
2020-01-21,2.553,2.553,2.553,2.553,0.0,2.553,0
2020-01-22,2.542,2.542,2.542,2.542,0.0,2.542,0
2020-01-23,2.534,2.534,2.534,2.534,0.0,2.534,0
2020-01-24,2.546,2.546,2.546,2.546,0.0,2.546,0
2020-01-27,2.505,2.505,2.505,2.505,0.0,2.505,0
2020-01-28,2.515,2.515,2.515,2.515,0.0,2.515,0
2020-01-29,2.5,2.5,2.5,2.5,0.0,2.5,0
2020-01-30,2.485,2.485,2.485,2.485,0.0,2.485,0
2020-01-31,2.486,2.486,2.486,2.486,0.0,2.486,0
2020-02-03,2.481,2.481,2.481,2.481,0.0,2.481,0
2020-02-04,2.477,2.477,2.477,2.477,0.0,2.477,0
2020-02-05,2.449,2.449,2.449,2.449,0.0,2.449,0
2020-02-06,2.453,2.453,2.453,2.453,0.0,2.453,0
2020-02-07,2.471,2.471,2.471,2.471,0.0,2.471,0
2020-02-10,2.463,2.463,2.463,2.463,0.0,2.463,0
2020-02-11,2.428,2.428,2.428,2.428,0.0,2.428,0
2020-02-12,2.435,2.435,2.435,2.435,0.0,2.435,0
2020-02-13,2.425,2.425,2.425,2.425,0.0,2.425,0
2020-02-14,2.46,2.46,2.46,2.46,0.0,2.46,0
2020-02-18,2.433,2.433,2.433,2.433,0.0,2.433,0
2020-02-19,2.454,2.454,2.454,2.454,0.0,2.454,0
2020-02-20,2.454,2.454,2.454,2.454,0.0,2.454,0
2020-02-21,2.484,2.484,2.484,2.484,0.0,2.484,0
2020-02-24,2.49,2.49,2.49,2.49,0.0,2.49,0
2020-02-25,2.493,2.493,2.493,2.493,0.0,2.493,0
2020-02-26,2.516,2.516,2.516,2.516,0.0,2.516,0
2020-02-27,2.506,2.506,2.506,2.506,0.0,2.506,0
2020-02-28,2.554,2.554,2.554,2.554,0.0,2.554,0
2020-03-02,2.594,2.594,2.594,2.594,0.0,2.594,0
2020-03-03,2.59,2.59,2.59,2.59,0.0,2.59,0
2020-03-04,2.579,2.579,2.579,2.579,0.0,2.579,0
2020-03-05,2.554,2.554,2.554,2.554,0.0,2.554,0
2020-03-06,2.567,2.567,2.567,2.567,0.0,2.567,0
2020-03-09,2.604,2.604,2.604,2.604,0.0,2.604,0
2020-03-10,2.604,2.604,2.604,2.604,0.0,2.604,0
2020-03-11,2.566,2.566,2.566,2.566,0.0,2.566,0
2020-03-12,2.516,2.516,2.516,2.516,0.0,2.516,0
2020-03-13,2.511,2.511,2.511,2.511,0.0,2.511,0
2020-03-16,2.5,2.5,2.5,2.5,0.0,2.5,0
2020-03-17,2.529,2.529,2.529,2.529,0.0,2.529,0
2020-03-18,2.535,2.535,2.535,2.535,0.0,2.535,0
2020-03-19,2.548,2.548,2.548,2.548,0.0,2.548,0
2020-03-20,2.542,2.542,2.542,2.542,0.0,2.542,0
2020-03-23,2.537,2.537,2.537,2.537,0.0,2.537,0
2020-03-24,2.494,2.494,2.494,2.494,0.0,2.494,0
2020-03-25,2.489,2.489,2.489,2.489,0.0,2.489,0
2020-03-26,2.455,2.455,2.455,2.455,0.0,2.455,0
2020-03-27,2.477,2.477,2.477,2.477,0.0,2.477,0
2020-03-30,2.485,2.485,2.485,2.485,0.0,2.485,0
2020-03-31,2.473,2.473,2.473,2.473,0.0,2.473,0
2020-04-01,2.443,2.443,2.443,2.443,0.0,2.443,0
2020-04-02,2.429,2.429,2.429,2.429,0.0,2.429,0
2020-04-03,2.413,2.413,2.413,2.413,0.0,2.413,0
2020-04-06,2.429,2.429,2.429,2.429,0.0,2.429,0
2020-04-07,2.423,2.423,2.423,2.423,0.0,2.423,0
2020-04-08,2.44,2.44,2.44,2.44,0.0,2.44,0
2020-04-09,2.426,2.426,2.426,2.426,0.0,2.426,0
2020-04-13,2.449,2.449,2.449,2.449,0.0,2.449,0
2020-04-14,2.431,2.431,2.431,2.431,0.0,2.431,0
2020-04-15,2.4,2.4,2.4,2.4,0.0,2.4,0
2020-04-16,2.405,2.405,2.405,2.405,0.0,2.405,0
2020-04-17,2.406,2.406,2.406,2.406,0.0,2.406,0
2020-04-20,2.442,2.442,2.442,2.442,0.0,2.442,0
2020-04-21,2.425,2.425,2.425,2.425,0.0,2.425,0
2020-04-22,2.453,2.453,2.453,2.453,0.0,2.453,0
2020-04-23,2.407,2.407,2.407,2.407,0.0,2.407,0
2020-04-24,2.405,2.405,2.405,2.405,0.0,2.405,0
2020-04-27,2.431,2.431,2.431,2.431,0.0,2.431,0
2020-04-28,2.423,2.423,2.423,2.423,0.0,2.423,0
2020-04-29,2.418,2.418,2.418,2.418,0.0,2.418,0
2020-04-30,2.393,2.393,2.393,2.393,0.0,2.393,0
2020-05-01,2.376,2.376,2.376,2.376,0.0,2.376,0
2020-05-04,2.347,2.347,2.347,2.347,0.0,2.347,0
2020-05-05,2.334,2.334,2.334,2.334,0.0,2.334,0
2020-05-06,2.373,2.373,2.373,2.373,0.0,2.373,0
2020-05-07,2.33,2.33,2.33,2.33,0.0,2.33,0
2020-05-08,2.319,2.319,2.319,2.319,0.0,2.319,0
2020-05-11,2.295,2.295,2.295,2.295,0.0,2.295,0
2020-05-12,2.299,2.299,2.299,2.299,0.0,2.299,0
2020-05-13,2.25,2.25,2.25,2.25,0.0,2.25,0
2020-05-14,2.307,2.307,2.224,2.224,22.0,2.307,1
2020-05-15,2.285,2.285,2.285,2.285,0.0,2.285,0
2020-05-18,2.303,2.303,2.303,2.303,0.0,2.303,0
2020-05-19,2.3,2.3,2.3,2.3,0.0,2.3,0
2020-05-20,2.252,2.252,2.252,2.252,0.0,2.252,0
2020-05-21,2.243,2.243,2.243,2.243,0.0,2.243,0
2020-05-22,2.286,2.286,2.286,2.286,0.0,2.286,0
2020-05-26,2.271,2.271,2.271,2.271,0.0,2.271,0
2020-05-27,2.313,2.313,2.313,2.313,0.0,2.313,0
2020-05-28,2.305,2.305,2.305,2.305,0.0,2.305,0
2020-05-29,2.299,2.299,2.299,2.299,0.0,2.299,0
2020-06-01,2.276,2.276,2.276,2.276,0.0,2.276,0
2020-06-02,2.281,2.281,2.281,2.281,0.0,2.281,0
2020-06-03,2.268,2.268,2.268,2.268,0.0,2.268,0
2020-06-04,2.277,2.277,2.277,2.277,0.0,2.277,0
2020-06-05,2.271,2.271,2.271,2.271,0.0,2.271,0
2020-06-08,2.285,2.285,2.285,2.285,0.0,2.285,0
2020-06-09,2.307,2.307,2.307,2.307,0.0,2.307,0
2020-06-10,2.312,2.312,2.312,2.312,0.0,2.312,0
2020-06-11,2.307,2.307,2.307,2.307,0.0,2.307,0
2020-06-12,2.296,2.296,2.296,2.296,0.0,2.296,0
2020-06-15,2.323,2.323,2.323,2.323,0.0,2.323,0
2020-06-16,2.318,2.318,2.318,2.318,0.0,2.318,0
2020-06-17,2.313,2.313,2.313,2.313,0.0,2.313,0
2020-06-18,2.312,2.312,2.312,2.312,0.0,2.312,0
2020-06-19,2.295,2.295,2.295,2.295,0.0,2.295,0
2020-06-22,2.283,2.283,2.283,2.283,0.0,2.283,0
2020-06-23,2.282,2.282,2.282,2.282,0.0,2.282,0
2020-06-24,2.292,2.292,2.292,2.292,0.0,2.292,0
2020-06-25,2.325,2.325,2.325,2.325,0.0,2.325,0
2020-06-26,2.347,2.347,2.347,2.347,0.0,2.347,0
2020-06-29,2.345,2.345,2.345,2.345,0.0,2.345,0
2020-06-30,2.345,2.345,2.345,2.345,0.0,2.345,0
2020-07-01,2.358,2.358,2.358,2.358,0.0,2.358,0
2020-07-02,2.402,2.402,2.402,2.402,0.0,2.402,0
2020-07-06,2.381,2.381,2.381,2.381,0.0,2.381,0
2020-07-07,2.369,2.369,2.369,2.369,0.0,2.369,0
2020-07-08,2.397,2.397,2.397,2.397,0.0,2.397,0
2020-07-09,2.382,2.382,2.382,2.382,0.0,2.382,0
2020-07-10,2.364,2.364,2.364,2.364,0.0,2.364,0
2020-07-13,2.36,2.36,2.36,2.36,0.0,2.36,0
2020-07-14,2.359,2.359,2.359,2.359,0.0,2.359,0
2020-07-15,2.369,2.369,2.369,2.369,0.0,2.369,0
2020-07-16,2.362,2.362,2.362,2.362,0.0,2.362,0
2020-07-17,2.359,2.359,2.359,2.359,0.0,2.359,0
2020-07-20,2.35,2.35,2.35,2.35,0.0,2.35,0
2020-07-21,2.365,2.365,2.365,2.365,0.0,2.365,0
2020-07-22,2.374,2.374,2.374,2.374,0.0,2.374,0
2020-07-23,2.458,2.458,2.458,2.458,0.0,2.458,0
2020-07-24,2.477,2.477,2.477,2.477,0.0,2.477,0
2020-07-27,2.539,2.539,2.539,2.539,0.0,2.539,0
2020-07-28,2.536,2.536,2.536,2.536,0.0,2.536,0
2020-07-29,2.541,2.541,2.541,2.541,0.0,2.541,0
2020-07-30,2.551,2.551,2.551,2.551,0.0,2.551,0
2020-07-31,2.616,2.616,2.616,2.616,0.0,2.616,0
2020-08-03,2.614,2.614,2.614,2.614,0.0,2.614,0
2020-08-04,2.608,2.608,2.608,2.608,0.0,2.608,0
2020-08-05,2.626,2.626,2.626,2.626,0.0,2.626,0
2020-08-06,2.651,2.651,2.651,2.651,0.0,2.651,0
2020-08-07,2.713,2.713,2.713,2.713,0.0,2.713,0
2020-08-10,2.681,2.681,2.681,2.681,0.0,2.681,0
2020-08-11,2.596,2.596,2.596,2.596,0.0,2.596,0
2020-08-12,2.573,2.573,2.573,2.573,0.0,2.573,0
2020-08-13,2.593,2.593,2.593,2.593,0.0,2.593,0
2020-08-14,2.579,2.579,2.579,2.579,0.0,2.579,0
2020-08-17,2.579,2.579,2.579,2.579,0.0,2.579,0
2020-08-18,2.574,2.574,2.574,2.574,0.0,2.574,0
2020-08-19,2.569,2.569,2.569,2.569,0.0,2.569,0
2020-08-20,2.567,2.567,2.567,2.567,0.0,2.567,0
2020-08-21,2.562,2.562,2.562,2.562,0.0,2.562,0
2020-08-24,2.557,2.557,2.557,2.557,0.0,2.557,0
2020-08-25,2.55,2.55,2.55,2.55,0.0,2.55,0
2020-08-26,2.578,2.578,2.578,2.578,0.0,2.578,0
2020-08-27,2.587,2.587,2.587,2.587,0.0,2.587,0
2020-08-28,2.575,2.575,2.575,2.575,0.0,2.575,0
2020-08-31,2.549,2.549,2.549,2.549,0.0,2.549,0
2020-09-01,2.547,2.547,2.547,2.547,0.0,2.547,0
2020-09-02,2.541,2.541,2.541,2.541,0.0,2.541,0
2020-09-03,2.538,2.538,2.538,2.538,0.0,2.538,0
2020-09-04,2.464,2.464,2.464,2.464,0.0,2.464,0
2020-09-08,2.465,2.465,2.465,2.465,0.0,2.465,0
2020-09-09,2.451,2.451,2.451,2.451,0.0,2.451,0
2020-09-10,2.433,2.433,2.433,2.433,0.0,2.433,0
2020-09-11,2.41,2.41,2.41,2.41,0.0,2.41,0
2020-09-14,2.383,2.383,2.383,2.383,0.0,2.383,0
2020-09-15,2.39,2.39,2.39,2.39,0.0,2.39,0
2020-09-16,2.365,2.365,2.365,2.365,0.0,2.365,0
2020-09-17,2.353,2.353,2.353,2.353,0.0,2.353,0
2020-09-18,2.374,2.374,2.374,2.374,0.0,2.374,0
2020-09-21,2.345,2.345,2.345,2.345,0.0,2.345,0
2020-09-22,2.384,2.384,2.384,2.384,0.0,2.384,0
2020-09-23,2.424,2.424,2.424,2.424,0.0,2.424,0
2020-09-24,2.45,2.45,2.45,2.45,0.0,2.45,0
2020-09-25,2.469,2.469,2.469,2.469,0.0,2.469,0
2020-09-28,2.477,2.477,2.477,2.477,0.0,2.477,0
2020-09-29,2.448,2.448,2.448,2.448,0.0,2.448,0
2020-09-30,2.429,2.429,2.429,2.429,0.0,2.429,0
2020-10-01,2.409,2.409,2.409,2.409,0.0,2.409,0
2020-10-02,2.406,2.406,2.406,2.406,0.0,2.406,0
2020-10-05,2.384,2.384,2.384,2.384,0.0,2.384,0
2020-10-06,2.391,2.391,2.391,2.391,0.0,2.391,0
2020-10-07,2.414,2.414,2.414,2.414,0.0,2.414,0
2020-10-08,2.389,2.389,2.389,2.389,0.0,2.389,0
2020-10-09,2.419,2.419,2.419,2.419,0.0,2.419,0
2020-10-12,2.405,2.405,2.405,2.405,0.0,2.405,0
2020-10-13,2.385,2.385,2.385,2.385,0.0,2.385,0
2020-10-14,2.412,2.412,2.412,2.412,0.0,2.412,0
2020-10-15,2.398,2.398,2.398,2.398,0.0,2.398,0
2020-10-16,2.401,2.401,2.401,2.401,0.0,2.401,0
2020-10-19,2.444,2.444,2.444,2.444,0.0,2.444,0
2020-10-20,2.385,2.385,2.385,2.385,0.0,2.385,0
2020-10-21,2.406,2.406,2.406,2.406,0.0,2.406,0
2020-10-22,2.408,2.408,2.408,2.408,0.0,2.408,0
2020-10-23,2.394,2.394,2.394,2.394,0.0,2.394,0
2020-10-26,2.307,2.307,2.307,2.307,0.0,2.307,0
2020-10-27,2.361,2.361,2.361,2.361,0.0,2.361,0
2020-10-28,2.411,2.411,2.411,2.411,0.0,2.411,0
2020-10-29,2.423,2.423,2.423,2.423,0.0,2.423,0
2020-10-30,2.44,2.44,2.44,2.44,0.0,2.44,0
2020-11-02,2.409,2.409,2.409,2.409,0.0,2.409,0
2020-11-03,2.438,2.438,2.438,2.438,0.0,2.438,0
2020-11-04,2.435,2.435,2.435,2.435,0.0,2.435,0
2020-11-05,2.43,2.43,2.43,2.43,0.0,2.43,0
2020-11-06,2.42,2.42,2.42,2.42,0.0,2.42,0
2020-11-09,2.416,2.416,2.416,2.416,0.0,2.416,0
2020-11-10,2.426,2.426,2.426,2.426,0.0,2.426,0
2020-11-11,2.441,2.441,2.441,2.441,0.0,2.441,0
2020-11-12,2.438,2.438,2.438,2.438,0.0,2.438,0
2020-11-13,2.393,2.393,2.393,2.393,0.0,2.393,0
2020-11-16,2.39,2.39,2.39,2.39,0.0,2.39,0
2020-11-17,2.407,2.407,2.407,2.407,0.0,2.407,0
2020-11-18,2.431,2.431,2.431,2.431,0.0,2.431,0
2020-11-19,2.431,2.431,2.431,2.431,0.0,2.431,0
2020-11-20,2.424,2.424,2.424,2.424,0.0,2.424,0
2020-11-23,2.418,2.418,2.418,2.418,0.0,2.418,0
2020-11-24,2.454,2.454,2.42,2.42,2.0,2.454,1
2020-11-25,2.403,2.403,2.403,2.403,0.0,2.403,0
2020-11-27,2.399,2.399,2.399,2.399,0.0,2.399,0
2020-11-30,2.385,2.385,2.385,2.385,0.0,2.385,0
2020-12-01,2.447,2.447,2.447,2.447,0.0,2.447,0
2020-12-02,2.472,2.472,2.472,2.472,0.0,2.472,0
2020-12-03,2.444,2.444,2.444,2.444,0.0,2.444,0
2020-12-04,2.464,2.464,2.464,2.464,0.0,2.464,0
2020-12-07,2.435,2.435,2.435,2.435,0.0,2.435,0
2020-12-08,2.423,2.423,2.423,2.423,0.0,2.423,0
2020-12-09,2.433,2.433,2.433,2.433,0.0,2.433,0
2020-12-10,2.438,2.438,2.438,2.438,0.0,2.438,0
2020-12-11,2.457,2.457,2.457,2.457,0.0,2.457,0
2020-12-14,2.451,2.451,2.451,2.451,0.0,2.451,0
2020-12-15,2.436,2.436,2.436,2.436,0.0,2.436,0
2020-12-16,2.448,2.448,2.448,2.448,0.0,2.448,0
2020-12-17,2.436,2.436,2.436,2.436,0.0,2.436,0
2020-12-18,2.45,2.45,2.45,2.45,0.0,2.45,0
2020-12-21,2.421,2.421,2.421,2.421,0.0,2.421,0
2020-12-22,2.466,2.466,2.466,2.466,0.0,2.466,0
2020-12-23,2.461,2.461,2.461,2.461,0.0,2.461,0
2020-12-24,2.473,2.473,2.473,2.473,0.0,2.473,0
2020-12-28,2.392,2.392,2.392,2.392,0.0,2.392,0
2020-12-29,2.461,2.461,2.461,2.461,0.0,2.461,0
2020-12-30,2.432,2.432,2.432,2.432,0.0,2.432,0
2020-12-31,2.459,2.459,2.459,2.459,0.0,2.459,0
2021-01-04,2.467,2.467,2.467,2.467,0.0,2.467,0
2021-01-05,2.482,2.482,2.482,2.482,0.0,2.482,0
2021-01-06,2.515,2.515,2.515,2.515,0.0,2.515,0
2021-01-07,2.483,2.483,2.483,2.483,0.0,2.483,0
2021-01-08,2.467,2.467,2.467,2.467,0.0,2.467,0
2021-01-11,2.47,2.47,2.47,2.47,0.0,2.47,0
2021-01-12,2.477,2.477,2.477,2.477,0.0,2.477,0
2021-01-13,2.508,2.508,2.508,2.508,0.0,2.508,0
2021-01-14,2.456,2.456,2.456,2.456,0.0,2.456,0
2021-01-15,2.492,2.492,2.492,2.492,0.0,2.492,0
2021-01-19,2.497,2.497,2.497,2.497,0.0,2.497,0
2021-01-20,2.511,2.511,2.511,2.511,0.0,2.511,0
2021-01-21,2.508,2.508,2.508,2.508,0.0,2.508,0
2021-01-22,2.519,2.519,2.519,2.519,0.0,2.519,0
2021-01-25,2.476,2.476,2.476,2.476,0.0,2.476,0
2021-01-26,2.505,2.505,2.505,2.505,0.0,2.505,0
2021-01-27,2.52,2.52,2.52,2.52,0.0,2.52,0
2021-01-28,2.519,2.519,2.519,2.519,0.0,2.519,0
2021-01-29,2.513,2.513,2.513,2.513,0.0,2.513,0
2021-02-01,2.517,2.517,2.517,2.517,0.0,2.517,0
2021-02-02,2.513,2.513,2.513,2.513,0.0,2.513,0
2021-02-03,2.494,2.494,2.494,2.494,0.0,2.494,0
2021-02-04,2.47,2.47,2.47,2.47,0.0,2.47,0
2021-02-05,2.479,2.479,2.479,2.479,0.0,2.479,0
2021-02-08,2.499,2.499,2.499,2.499,0.0,2.499,0
2021-02-09,2.49,2.499,2.49,2.499,4.0,2.49,1
2021-02-10,2.49,2.504,2.49,2.504,6.0,2.49,1
2021-02-11,2.491,2.491,2.491,2.491,0.0,2.491,0
2021-02-12,2.485,2.485,2.485,2.485,0.0,2.485,0
2021-02-16,2.502,2.502,2.502,2.502,0.0,2.502,0
2021-02-17,2.497,2.497,2.497,2.497,0.0,2.497,0
2021-02-18,2.487,2.487,2.487,2.487,0.0,2.487,0
2021-02-19,2.483,2.483,2.483,2.483,0.0,2.483,0
2021-02-22,2.485,2.485,2.485,2.485,0.0,2.485,0
2021-02-23,2.49,2.49,2.49,2.49,0.0,2.49,0
2021-02-24,2.484,2.484,2.484,2.484,0.0,2.484,0
2021-02-25,2.433,2.433,2.433,2.433,0.0,2.433,0
2021-02-26,2.453,2.453,2.453,2.453,0.0,2.453,0
2021-03-01,2.471,2.471,2.471,2.471,0.0,2.471,0
2021-03-02,2.48,2.48,2.48,2.48,0.0,2.48,0
2021-03-03,2.455,2.455,2.455,2.455,0.0,2.455,0
2021-03-04,2.423,2.423,2.423,2.423,0.0,2.423,0
2021-03-05,2.429,2.429,2.429,2.429,0.0,2.429,0
2021-03-08,2.447,2.447,2.447,2.447,0.0,2.447,0
2021-03-09,2.454,2.454,2.454,2.454,0.0,2.454,0
2021-03-10,2.452,2.452,2.452,2.452,0.0,2.452,0
2021-03-11,2.449,2.449,2.449,2.449,0.0,2.449,0
2021-03-12,2.466,2.466,2.466,2.466,0.0,2.466,0
2021-03-15,2.439,2.439,2.439,2.439,0.0,2.439,0
2021-03-16,2.471,2.471,2.471,2.471,0.0,2.471,0
2021-03-17,2.452,2.452,2.452,2.452,0.0,2.452,0
2021-03-18,2.466,2.466,2.466,2.466,0.0,2.466,0
2021-03-19,2.472,2.472,2.472,2.472,0.0,2.472,0
2021-03-22,2.468,2.468,2.468,2.468,0.0,2.468,0
2021-03-23,2.482,2.482,2.482,2.482,0.0,2.482,0
2021-03-24,2.485,2.485,2.485,2.485,0.0,2.485,0
2021-03-25,2.485,2.485,2.485,2.485,0.0,2.485,0
2021-03-26,2.487,2.487,2.487,2.487,0.0,2.487,0
2021-03-29,2.531,2.531,2.531,2.531,0.0,2.531,0
2021-03-30,2.542,2.542,2.542,2.542,0.0,2.542,0
2021-03-31,2.538,2.538,2.538,2.538,0.0,2.538,0
2021-04-01,2.567,2.567,2.567,2.567,0.0,2.567,0
2021-04-05,2.554,2.554,2.554,2.554,0.0,2.554,0
2021-04-06,2.537,2.537,2.537,2.537,0.0,2.537,0
2021-04-07,2.54,2.54,2.54,2.54,0.0,2.54,0
2021-04-08,2.54,2.54,2.54,2.54,0.0,2.54,0
2021-04-09,2.574,2.574,2.574,2.574,0.0,2.574,0
2021-04-12,2.583,2.583,2.583,2.583,0.0,2.583,0
2021-04-13,2.566,2.566,2.566,2.566,0.0,2.566,0
2021-04-14,2.575,2.575,2.575,2.575,0.0,2.575,0
2021-04-15,2.579,2.579,2.579,2.579,0.0,2.579,0
2021-04-16,2.592,2.592,2.592,2.592,0.0,2.592,0
2021-04-19,2.586,2.586,2.586,2.586,0.0,2.586,0
2021-04-20,2.548,2.548,2.548,2.548,0.0,2.548,0
2021-04-21,2.539,2.539,2.539,2.539,0.0,2.539,0
2021-04-22,2.52,2.52,2.52,2.52,0.0,2.52,0
2021-04-23,2.528,2.528,2.528,2.528,0.0,2.528,0
2021-04-26,2.548,2.548,2.514,2.514,9.0,2.548,1
2021-04-27,2.493,2.493,2.493,2.493,0.0,2.493,0
2021-04-28,2.505,2.505,2.505,2.505,0.0,2.505,0
2021-04-29,2.507,2.507,2.507,2.507,0.0,2.507,0
2021-04-30,2.532,2.532,2.532,2.532,0.0,2.532,0
2021-05-03,2.535,2.535,2.535,2.535,0.0,2.535,0
2021-05-04,2.544,2.544,2.544,2.544,0.0,2.544,0
2021-05-05,2.546,2.546,2.546,2.546,0.0,2.546,0
2021-05-06,2.536,2.536,2.536,2.536,0.0,2.536,0
2021-05-07,2.543,2.543,2.543,2.543,0.0,2.543,0
2021-05-10,2.546,2.546,2.546,2.546,0.0,2.546,0
2021-05-11,2.543,2.543,2.543,2.543,0.0,2.543,0
2021-05-12,2.542,2.542,2.542,2.542,0.0,2.542,0
2021-05-13,2.532,2.532,2.532,2.532,0.0,2.532,0
2021-05-14,2.538,2.538,2.538,2.538,0.0,2.538,0
2021-05-17,2.542,2.542,2.542,2.542,0.0,2.542,0
2021-05-18,2.511,2.511,2.511,2.511,0.0,2.511,0
2021-05-19,2.515,2.515,2.515,2.515,0.0,2.515,0
2021-05-20,2.52,2.52,2.52,2.52,0.0,2.52,0
2021-05-21,2.532,2.532,2.532,2.532,0.0,2.532,0
2021-05-24,2.526,2.526,2.526,2.526,0.0,2.526,0
2021-05-25,2.537,2.537,2.537,2.537,0.0,2.537,0
2021-05-26,2.506,2.506,2.506,2.506,0.0,2.506,0
2021-05-27,2.503,2.503,2.503,2.503,0.0,2.503,0
2021-05-28,2.526,2.526,2.526,2.526,0.0,2.526,0
2021-06-01,2.508,2.508,2.508,2.508,0.0,2.508,0
2021-06-02,2.518,2.518,2.518,2.518,0.0,2.518,0
2021-06-03,2.5,2.5,2.5,2.5,0.0,2.5,0
2021-06-04,2.551,2.551,2.551,2.551,0.0,2.551,0
2021-06-07,2.522,2.522,2.522,2.522,0.0,2.522,0
2021-06-08,2.528,2.528,2.528,2.528,0.0,2.528,0
2021-06-09,2.535,2.535,2.535,2.535,0.0,2.535,0
2021-06-10,2.524,2.524,2.524,2.524,0.0,2.524,0
2021-06-11,2.523,2.523,2.523,2.523,0.0,2.523,0
2021-06-14,2.532,2.532,2.532,2.532,0.0,2.532,0
2021-06-15,2.517,2.517,2.517,2.517,0.0,2.517,0
2021-06-16,2.57,2.57,2.57,2.57,0.0,2.57,0
2021-06-17,2.575,2.575,2.575,2.575,0.0,2.575,0
2021-06-18,2.584,2.584,2.584,2.584,0.0,2.584,0
2021-06-21,2.581,2.581,2.581,2.581,0.0,2.581,0
2021-06-22,2.581,2.581,2.581,2.581,0.0,2.581,0
2021-06-23,2.582,2.582,2.582,2.582,0.0,2.582,0
2021-06-24,2.57,2.57,2.57,2.57,0.0,2.57,0
2021-06-25,2.631,2.631,2.631,2.631,0.0,2.631,0
2021-06-28,2.641,2.641,2.641,2.641,0.0,2.641,0
2021-06-29,2.669,2.669,2.669,2.669,0.0,2.669,0
2021-06-30,2.665,2.665,2.665,2.665,0.0,2.665,0
2021-07-01,2.653,2.653,2.653,2.653,0.0,2.653,0
2021-07-02,2.645,2.645,2.645,2.645,0.0,2.645,0
2021-07-06,2.637,2.637,2.637,2.637,0.0,2.637,0
2021-07-07,2.649,2.649,2.649,2.649,0.0,2.649,0
2021-07-08,2.661,2.661,2.661,2.661,0.0,2.661,0
2021-07-09,2.667,2.667,2.667,2.667,0.0,2.667,0
2021-07-12,2.672,2.672,2.672,2.672,0.0,2.672,0
2021-07-13,2.671,2.671,2.671,2.671,0.0,2.671,0
2021-07-14,2.664,2.664,2.664,2.664,0.0,2.664,0
2021-07-15,2.672,2.672,2.672,2.672,0.0,2.672,0
2021-07-16,2.688,2.688,2.688,2.688,0.0,2.688,0
2021-07-19,2.698,2.698,2.698,2.698,0.0,2.698,0
2021-07-20,2.7,2.7,2.7,2.7,0.0,2.7,0
2021-07-21,2.705,2.705,2.705,2.705,0.0,2.705,0
2021-07-22,2.707,2.707,2.707,2.707,0.0,2.707,0
2021-07-23,2.713,2.713,2.713,2.713,0.0,2.713,0
2021-07-26,2.721,2.721,2.721,2.721,0.0,2.721,0
2021-07-27,2.691,2.691,2.691,2.691,0.0,2.691,0
2021-07-28,2.683,2.683,2.683,2.683,0.0,2.683,0
2021-07-29,2.658,2.658,2.658,2.658,0.0,2.658,0
2021-07-30,2.678,2.678,2.678,2.678,0.0,2.678,0
2021-08-02,2.692,2.692,2.692,2.692,0.0,2.692,0
2021-08-03,2.684,2.684,2.684,2.684,0.0,2.684,0
2021-08-04,2.694,2.694,2.694,2.694,0.0,2.694,0
2021-08-05,2.659,2.659,2.659,2.659,0.0,2.659,0
2021-08-06,2.668,2.668,2.668,2.668,0.0,2.668,0
2021-08-09,2.684,2.684,2.684,2.684,0.0,2.684,0
2021-08-10,2.681,2.681,2.681,2.681,0.0,2.681,0
2021-08-11,2.696,2.696,2.696,2.696,0.0,2.696,0
2021-08-12,2.777,2.777,2.777,2.777,0.0,2.777,0
2021-08-13,2.744,2.744,2.744,2.744,0.0,2.744,0
2021-08-16,2.756,2.756,2.756,2.756,0.0,2.756,0
2021-08-17,2.769,2.769,2.769,2.769,0.0,2.769,0
2021-08-18,2.767,2.767,2.767,2.767,0.0,2.767,0
2021-08-19,2.778,2.778,2.778,2.778,0.0,2.778,0
2021-08-20,2.777,2.777,2.777,2.777,0.0,2.777,0
2021-08-23,2.779,2.779,2.779,2.779,0.0,2.779,0
2021-08-24,2.775,2.775,2.775,2.775,0.0,2.775,0
2021-08-25,2.792,2.792,2.792,2.792,0.0,2.792,0
2021-08-26,2.843,2.843,2.843,2.843,0.0,2.843,0
2021-08-27,2.845,2.845,2.845,2.845,0.0,2.845,0
2021-08-30,2.848,2.848,2.848,2.848,0.0,2.848,0
2021-08-31,2.837,2.837,2.837,2.837,0.0,2.837,0
2021-09-01,2.846,2.846,2.846,2.846,0.0,2.846,0
2021-09-02,2.846,2.846,2.846,2.846,0.0,2.846,0
2021-09-03,2.87,2.87,2.87,2.87,0.0,2.87,0
2021-09-07,2.92,2.92,2.92,2.92,0.0,2.92,0
2021-09-08,2.972,2.972,2.972,2.972,0.0,2.972,0
2021-09-09,3.052,3.052,3.052,3.052,0.0,3.052,0
2021-09-10,3.034,3.034,3.034,3.034,0.0,3.034,0
2021-09-13,3.049,3.049,3.049,3.049,0.0,3.049,0
2021-09-14,3.022,3.022,3.022,3.022,0.0,3.022,0
2021-09-15,2.973,2.973,2.973,2.973,0.0,2.973,0
2021-09-16,2.976,2.976,2.976,2.976,0.0,2.976,0
2021-09-17,2.969,2.969,2.969,2.969,0.0,2.969,0
2021-09-20,3.005,3.005,3.005,3.005,0.0,3.005,0
2021-09-21,3.022,3.022,3.022,3.022,0.0,3.022,0
2021-09-22,3.039,3.039,3.039,3.039,0.0,3.039,0
2021-09-23,3.046,3.046,3.046,3.046,0.0,3.046,0
2021-09-24,2.987,2.987,2.987,2.987,0.0,2.987,0
2021-09-27,2.98,2.98,2.98,2.98,0.0,2.98,0
2021-09-28,2.903,2.903,2.903,2.903,0.0,2.903,0
2021-09-29,2.884,2.884,2.884,2.884,0.0,2.884,0
2021-09-30,2.891,2.891,2.891,2.891,0.0,2.891,0
2021-10-01,2.881,2.881,2.881,2.881,0.0,2.881,0
2021-10-04,2.89,2.89,2.89,2.89,0.0,2.89,0
2021-10-05,2.905,2.905,2.905,2.905,0.0,2.905,0
2021-10-06,2.943,2.943,2.943,2.943,0.0,2.943,0
2021-10-07,2.943,2.943,2.943,2.943,0.0,2.943,0
2021-10-08,2.984,2.984,2.984,2.984,0.0,2.984,0
2021-10-11,2.97,2.97,2.97,2.97,0.0,2.97,0
2021-10-12,2.972,2.972,2.972,2.972,0.0,2.972,0
2021-10-13,2.977,2.977,2.977,2.977,0.0,2.977,0
2021-10-14,3.012,3.012,3.012,3.012,0.0,3.012,0
2021-10-15,3.023,3.023,3.023,3.023,0.0,3.023,0
2021-10-18,3.029,3.029,3.029,3.029,0.0,3.029,0
2021-10-19,3.026,3.026,3.026,3.026,0.0,3.026,0
2021-10-20,3.029,3.029,3.029,3.029,0.0,3.029,0
2021-10-21,3.025,3.025,3.025,3.025,0.0,3.025,0
2021-10-22,3.03,3.03,3.03,3.03,0.0,3.03,0
2021-10-25,3.073,3.073,3.073,3.073,0.0,3.073,0
2021-10-26,3.051,3.051,3.051,3.051,0.0,3.051,0
2021-10-27,2.988,2.988,2.988,2.988,0.0,2.988,0
2021-10-28,2.989,2.989,2.989,2.989,0.0,2.989,0
2021-10-29,2.94,2.94,2.94,2.94,0.0,2.94,0
2021-11-01,2.835,2.835,2.835,2.835,0.0,2.835,0
2021-11-02,2.896,2.896,2.896,2.896,0.0,2.896,0
2021-11-03,2.89,2.89,2.89,2.89,0.0,2.89,0
2021-11-04,2.914,2.914,2.914,2.914,0.0,2.914,0
2021-11-05,2.924,2.924,2.924,2.924,0.0,2.924,0
2021-11-08,3.007,3.007,3.007,3.007,0.0,3.007,0
2021-11-09,3.003,3.003,3.003,3.003,0.0,3.003,0
2021-11-10,3.029,3.029,3.029,3.029,0.0,3.029,0
2021-11-11,3.046,3.046,3.046,3.046,0.0,3.046,0
2021-11-12,2.982,2.982,2.982,2.982,0.0,2.982,0
2021-11-15,2.995,2.995,2.995,2.995,0.0,2.995,0
2021-11-16,3.066,3.066,3.066,3.066,0.0,3.066,0
2021-11-17,2.997,2.997,2.997,2.997,0.0,2.997,0
2021-11-18,2.985,2.985,2.985,2.985,0.0,2.985,0
2021-11-19,2.949,2.949,2.949,2.949,0.0,2.949,0
2021-11-22,2.931,2.931,2.931,2.931,0.0,2.931,0
2021-11-23,2.978,2.978,2.978,2.978,0.0,2.978,0
2021-11-24,2.976,2.976,2.976,2.976,0.0,2.976,0
2021-11-26,3.015,3.015,3.015,3.015,0.0,3.015,0
2021-11-29,3.007,3.007,3.007,3.007,0.0,3.007,0
2021-11-30,2.98,2.98,2.98,2.98,0.0,2.98,0
2021-12-01,2.988,2.988,2.988,2.988,0.0,2.988,0
2021-12-02,2.992,2.992,2.992,2.992,0.0,2.992,0
2021-12-03,3.002,3.002,3.002,3.002,0.0,3.002,0
2021-12-06,2.974,2.974,2.974,2.974,0.0,2.974,0
2021-12-07,2.978,2.978,2.978,2.978,0.0,2.978,0
2021-12-08,2.902,2.902,2.902,2.902,0.0,2.902,0
2021-12-09,2.923,2.923,2.923,2.923,0.0,2.923,0
2021-12-10,2.954,2.954,2.954,2.954,0.0,2.954,0
2021-12-13,2.858,2.858,2.858,2.858,0.0,2.858,0
2021-12-14,2.896,2.896,2.896,2.896,0.0,2.896,0
2021-12-15,2.927,2.927,2.927,2.927,0.0,2.927,0
2021-12-16,2.92,2.92,2.92,2.92,0.0,2.92,0
2021-12-17,2.933,2.933,2.933,2.933,0.0,2.933,0
2021-12-20,2.948,2.948,2.948,2.948,0.0,2.948,0
2021-12-21,2.932,2.932,2.932,2.932,0.0,2.932,0
2021-12-22,2.933,2.933,2.933,2.933,0.0,2.933,0
2021-12-23,2.896,2.896,2.896,2.896,0.0,2.896,0
2021-12-27,2.882,2.882,2.882,2.882,0.0,2.882,0
2021-12-28,2.905,2.905,2.905,2.905,0.0,2.905,0
2021-12-29,2.917,2.917,2.917,2.917,0.0,2.917,0
2021-12-30,2.905,2.905,2.905,2.905,0.0,2.905,0
2021-12-31,2.948,2.948,2.948,2.948,0.0,2.948,0
2022-01-03,2.93,2.93,2.93,2.93,0.0,2.93,0
2022-01-04,2.929,2.929,2.929,2.929,0.0,2.929,0
2022-01-05,2.923,2.923,2.923,2.923,0.0,2.923,0
2022-01-06,2.937,2.937,2.937,2.937,0.0,2.937,0
2022-01-07,2.97,2.97,2.97,2.97,0.0,2.97,0
2022-01-10,2.975,2.975,2.975,2.975,0.0,2.975,0
2022-01-11,2.964,2.964,2.964,2.964,0.0,2.964,0
2022-01-12,2.939,2.939,2.939,2.939,0.0,2.939,0
2022-01-13,2.942,2.942,2.942,2.942,0.0,2.942,0
2022-01-14,2.918,2.918,2.918,2.918,0.0,2.918,0
2022-01-18,2.937,2.937,2.937,2.937,0.0,2.937,0
2022-01-19,3.0,3.0,2.984,2.984,4.0,3.0,1
2022-01-20,2.987,2.987,2.987,2.987,0.0,2.987,0
2022-01-21,2.975,2.975,2.975,2.975,0.0,2.975,0
2022-01-24,2.964,2.964,2.964,2.964,0.0,2.964,0
2022-01-25,2.984,2.984,2.984,2.984,0.0,2.984,0
2022-01-26,2.985,2.985,2.985,2.985,0.0,2.985,0
2022-01-27,2.97,2.97,2.97,2.97,0.0,2.97,0
2022-01-28,2.985,2.985,2.963,2.963,5.0,2.9838,2
2022-01-31,2.962,2.962,2.962,2.962,0.0,2.962,0
2022-02-01,2.947,2.947,2.947,2.947,0.0,2.947,0
2022-02-02,2.966,2.966,2.966,2.966,0.0,2.966,0
2022-02-03,2.957,2.957,2.957,2.957,0.0,2.957,0
2022-02-04,2.987,2.987,2.987,2.987,0.0,2.987,0
2022-02-07,3.003,3.003,3.003,3.003,0.0,3.003,0
2022-02-08,2.995,2.995,2.995,2.995,0.0,2.995,0
2022-02-09,2.99,2.99,2.99,2.99,0.0,2.99,0
2022-02-10,2.997,2.997,2.997,2.997,0.0,2.997,0
2022-02-11,3.037,3.037,3.037,3.037,0.0,3.037,0
2022-02-14,3.078,3.078,3.078,3.078,0.0,3.078,0
2022-02-15,3.066,3.066,3.066,3.066,0.0,3.066,0
2022-02-16,3.095,3.095,3.095,3.095,0.0,3.095,0
2022-02-17,3.088,3.088,3.088,3.088,0.0,3.088,0
2022-02-18,3.088,3.088,3.088,3.088,0.0,3.088,0
2022-02-22,3.133,3.133,3.133,3.133,0.0,3.133,0
2022-02-23,3.219,3.219,3.219,3.219,0.0,3.219,0
2022-02-24,3.262,3.262,3.262,3.262,0.0,3.262,0
2022-02-25,3.154,3.154,3.154,3.154,0.0,3.154,0
2022-02-28,3.231,3.231,3.231,3.231,0.0,3.231,0
2022-03-01,3.302,3.302,3.302,3.302,0.0,3.302,0
2022-03-02,3.369,3.369,3.369,3.369,0.0,3.369,0
2022-03-03,3.312,3.312,3.312,3.312,0.0,3.312,0
2022-03-04,3.365,3.365,3.365,3.365,0.0,3.365,0
2022-03-07,3.433,3.433,3.433,3.433,0.0,3.433,0
2022-03-08,3.48,3.48,3.48,3.48,0.0,3.48,0
2022-03-09,3.459,3.459,3.459,3.459,0.0,3.459,0
2022-03-10,3.375,3.375,3.375,3.375,0.0,3.375,0
2022-03-11,3.356,3.356,3.356,3.356,0.0,3.356,0
2022-03-14,3.399,3.399,3.399,3.399,0.0,3.399,0
2022-03-15,3.381,3.381,3.381,3.381,0.0,3.381,0
2022-03-16,3.392,3.392,3.392,3.392,0.0,3.392,0
2022-03-17,3.409,3.409,3.409,3.409,0.0,3.409,0
2022-03-18,3.361,3.361,3.361,3.361,0.0,3.361,0
2022-03-21,3.347,3.347,3.347,3.347,0.0,3.347,0
2022-03-22,3.358,3.358,3.358,3.358,0.0,3.358,0
2022-03-23,3.369,3.369,3.369,3.369,0.0,3.369,0
2022-03-24,3.395,3.395,3.395,3.395,0.0,3.395,0
2022-03-25,3.441,3.441,3.441,3.441,0.0,3.441,0
2022-03-28,3.533,3.533,3.533,3.533,0.0,3.533,0
2022-03-29,3.547,3.547,3.547,3.547,0.0,3.547,0
2022-03-30,3.66,3.66,3.66,3.66,0.0,3.66,0
2022-03-31,3.753,3.753,3.753,3.753,0.0,3.753,0
2022-04-01,3.81,3.81,3.81,3.81,0.0,3.81,0
2022-04-04,3.877,3.877,3.877,3.877,0.0,3.877,0
2022-04-05,3.906,3.906,3.906,3.906,0.0,3.906,0
2022-04-06,3.958,3.958,3.958,3.958,0.0,3.958,0
2022-04-07,3.938,3.938,3.938,3.938,0.0,3.938,0
2022-04-08,3.911,3.911,3.911,3.911,0.0,3.911,0
2022-04-11,3.96,3.96,3.96,3.96,0.0,3.96,0
2022-04-12,3.982,3.982,3.982,3.982,0.0,3.982,0
2022-04-13,4.02,4.02,4.02,4.02,0.0,4.02,0
2022-04-14,4.022,4.022,4.022,4.022,0.0,4.022,0
2022-04-18,4.037,4.037,4.037,4.037,0.0,4.037,0
2022-04-19,4.015,4.015,4.015,4.015,0.0,4.015,0
2022-04-20,4.006,4.006,4.006,4.006,0.0,4.006,0
2022-04-21,3.929,3.929,3.929,3.929,0.0,3.929,0
2022-04-22,3.756,3.756,3.756,3.756,0.0,3.756,0
2022-04-25,3.771,3.771,3.771,3.771,0.0,3.771,0
2022-04-26,3.836,3.836,3.836,3.836,0.0,3.836,0
2022-04-27,3.801,3.801,3.801,3.801,0.0,3.801,0
2022-04-28,3.797,3.797,3.797,3.797,0.0,3.797,0
2022-04-29,3.79,3.79,3.79,3.79,0.0,3.79,0
2022-05-02,3.863,3.863,3.863,3.863,0.0,3.863,0
2022-05-03,3.92,3.92,3.92,3.92,0.0,3.92,0
2022-05-04,3.97,3.97,3.97,3.97,0.0,3.97,0
2022-05-05,4.003,4.003,4.003,4.003,0.0,4.003,0
2022-05-06,3.969,3.969,3.969,3.969,0.0,3.969,0
2022-05-09,3.892,3.892,3.892,3.892,0.0,3.892,0
2022-05-10,3.94,3.94,3.94,3.94,0.0,3.94,0
2022-05-11,3.999,3.999,3.999,3.999,0.0,3.999,0
2022-05-12,4.009,4.009,4.009,4.009,0.0,4.009,0
2022-05-13,4.053,4.053,4.053,4.053,0.0,4.053,0
2022-05-16,4.083,4.083,4.083,4.083,0.0,4.083,0
2022-05-17,4.07,4.07,4.07,4.07,0.0,4.07,0
2022-05-18,4.113,4.113,4.113,4.113,0.0,4.113,0
2022-05-19,4.052,4.052,4.052,4.052,0.0,4.052,0
2022-05-20,4.061,4.061,4.061,4.061,0.0,4.061,0
2022-05-23,4.102,4.102,4.102,4.102,0.0,4.102,0
2022-05-24,4.081,4.081,4.081,4.081,0.0,4.081,0
2022-05-25,4.112,4.112,4.112,4.112,0.0,4.112,0
2022-05-26,4.141,4.141,4.141,4.141,0.0,4.141,0
2022-05-27,4.165,4.165,4.165,4.165,0.0,4.165,0
2022-05-31,4.096,4.096,4.096,4.096,0.0,4.096,0
2022-06-01,4.26,4.26,4.26,4.26,0.0,4.26,0
2022-06-02,4.245,4.245,4.245,4.245,0.0,4.245,0
2022-06-03,4.292,4.292,4.292,4.292,0.0,4.292,0
2022-06-06,4.391,4.391,4.391,4.391,0.0,4.391,0
2022-06-07,4.396,4.396,4.396,4.396,0.0,4.396,0
2022-06-08,4.451,4.451,4.451,4.451,0.0,4.451,0
2022-06-09,4.537,4.537,4.537,4.537,0.0,4.537,0
2022-06-10,4.582,4.582,4.582,4.582,0.0,4.582,0
2022-06-13,4.525,4.525,4.525,4.525,0.0,4.525,0
2022-06-14,4.447,4.447,4.447,4.447,0.0,4.447,0
2022-06-15,4.508,4.508,4.508,4.508,0.0,4.508,0
2022-06-16,4.522,4.522,4.522,4.522,0.0,4.522,0
2022-06-17,4.403,4.403,4.403,4.403,0.0,4.403,0
2022-06-21,4.39,4.39,4.39,4.39,0.0,4.39,0
2022-06-22,4.445,4.445,4.445,4.445,0.0,4.445,0
2022-06-23,4.439,4.439,4.439,4.439,0.0,4.439,0
2022-06-24,4.215,4.215,4.215,4.215,0.0,4.215,0
2022-06-27,4.257,4.257,4.257,4.257,0.0,4.257,0
2022-06-28,4.227,4.227,4.227,4.227,0.0,4.227,0
2022-06-29,4.177,4.177,4.177,4.177,0.0,4.177,0
2022-06-30,3.922,3.922,3.922,3.922,0.0,3.922,0
2022-07-01,4.01,4.01,4.01,4.01,0.0,4.01,0
2022-07-04,4.01,4.01,4.01,4.01,0.0,4.01,0
2022-07-05,3.86,3.86,3.86,3.86,0.0,3.86,0
2022-07-06,3.952,3.952,3.952,3.952,0.0,3.952,0
2022-07-07,4.046,4.046,4.046,4.046,0.0,4.046,0
2022-07-08,4.045,4.045,4.045,4.045,0.0,4.045,0
2022-07-11,4.079,4.079,4.079,4.079,0.0,4.079,0
2022-07-12,3.981,3.981,3.981,3.981,0.0,3.981,0
2022-07-13,4.043,4.043,4.043,4.043,0.0,4.043,0
2022-07-14,3.965,3.965,3.965,3.965,0.0,3.965,0
2022-07-15,4.039,4.039,4.039,4.039,0.0,4.039,0
2022-07-18,3.988,3.988,3.988,3.988,0.0,3.988,0
2022-07-19,4.015,4.015,4.015,4.015,0.0,4.015,0
2022-07-20,4.158,4.158,4.158,4.158,0.0,4.158,0
2022-07-21,4.063,4.063,4.063,4.063,0.0,4.063,0
2022-07-22,4.067,4.067,4.067,4.067,0.0,4.067,0
2022-07-25,4.123,4.123,4.123,4.123,0.0,4.123,0
2022-07-26,4.15,4.15,4.15,4.15,0.0,4.15,0
2022-07-27,4.148,4.148,4.148,4.148,0.0,4.148,0
2022-07-28,4.124,4.124,4.124,4.124,0.0,4.124,0
2022-07-29,4.149,4.149,4.149,4.149,0.0,4.149,0
2022-08-01,4.132,4.132,4.132,4.132,0.0,4.132,0
2022-08-02,4.134,4.134,4.134,4.134,0.0,4.134,0
2022-08-03,4.166,4.166,4.166,4.166,0.0,4.166,0
2022-08-04,4.147,4.147,4.147,4.147,0.0,4.147,0
2022-08-05,4.152,4.152,4.152,4.152,0.0,4.152,0
2022-08-08,4.114,4.114,4.114,4.114,0.0,4.114,0
2022-08-09,4.151,4.151,4.151,4.151,0.0,4.151,0
2022-08-10,4.181,4.181,4.181,4.181,0.0,4.181,0
2022-08-11,4.278,4.278,4.278,4.278,0.0,4.278,0
2022-08-12,4.266,4.266,4.266,4.266,0.0,4.266,0
2022-08-15,4.359,4.359,4.359,4.359,0.0,4.359,0
2022-08-16,4.398,4.398,4.398,4.398,0.0,4.398,0
2022-08-17,4.381,4.381,4.381,4.381,0.0,4.381,0
2022-08-18,4.387,4.387,4.387,4.387,0.0,4.387,0
2022-08-19,4.403,4.403,4.403,4.403,0.0,4.403,0
2022-08-22,4.462,4.462,4.462,4.462,0.0,4.462,0
2022-08-23,4.469,4.469,4.469,4.469,0.0,4.469,0
2022-08-24,4.499,4.499,4.499,4.499,0.0,4.499,0
2022-08-25,4.561,4.561,4.561,4.561,0.0,4.561,0
2022-08-26,4.593,4.593,4.593,4.593,0.0,4.593,0
2022-08-29,4.626,4.626,4.626,4.626,0.0,4.626,0
2022-08-30,4.633,4.633,4.633,4.633,0.0,4.633,0
2022-08-31,4.665,4.665,4.665,4.665,0.0,4.665,0
2022-09-01,4.733,4.733,4.733,4.733,0.0,4.733,0
2022-09-02,4.818,4.818,4.818,4.818,0.0,4.818,0
2022-09-05,4.818,4.818,4.818,4.818,0.0,4.818,0
2022-09-06,4.808,4.808,4.808,4.808,0.0,4.808,0
2022-09-07,4.747,4.747,4.747,4.747,0.0,4.747,0
2022-09-08,4.7,4.7,4.7,4.7,0.0,4.7,0
2022-09-09,4.751,4.751,4.751,4.751,0.0,4.751,0
2022-09-12,4.696,4.696,4.696,4.696,0.0,4.696,0
2022-09-13,4.725,4.725,4.725,4.725,0.0,4.725,0
2022-09-14,4.784,4.784,4.784,4.784,0.0,4.784,0
2022-09-15,4.738,4.738,4.738,4.738,0.0,4.738,0
2022-09-16,4.633,4.633,4.633,4.633,0.0,4.633,0
2022-09-19,4.589,4.589,4.589,4.589,0.0,4.589,0
2022-09-20,4.566,4.566,4.566,4.566,0.0,4.566,0
2022-09-21,4.431,4.431,4.431,4.431,0.0,4.431,0
2022-09-22,4.31,4.31,4.31,4.31,0.0,4.31,0
2022-09-23,4.32,4.32,4.316,4.316,2.0,4.32,1
2022-09-26,4.255,4.255,4.255,4.255,0.0,4.255,0
2022-09-27,4.192,4.192,4.192,4.192,0.0,4.192,0
2022-09-28,4.128,4.128,4.128,4.128,0.0,4.128,0
2022-09-29,4.113,4.113,4.113,4.113,0.0,4.113,0
2022-09-30,4.119,4.119,4.119,4.119,0.0,4.119,0
2022-10-03,4.062,4.062,4.062,4.062,0.0,4.062,0
2022-10-04,4.112,4.112,4.112,4.112,0.0,4.112,0
2022-10-05,4.109,4.109,4.109,4.109,0.0,4.109,0
2022-10-06,4.136,4.136,4.136,4.136,0.0,4.136,0
2022-10-07,4.136,4.136,4.136,4.136,0.0,4.136,0
2022-10-10,4.158,4.158,4.158,4.158,0.0,4.158,0
2022-10-11,4.196,4.196,4.196,4.196,0.0,4.196,0
2022-10-12,4.175,4.175,4.175,4.175,0.0,4.175,0
2022-10-13,4.168,4.168,4.168,4.168,0.0,4.168,0
2022-10-14,4.191,4.191,4.191,4.191,0.0,4.191,0
2022-10-17,4.164,4.164,4.164,4.164,0.0,4.164,0
2022-10-18,4.129,4.129,4.129,4.129,0.0,4.129,0
2022-10-19,4.104,4.104,4.104,4.104,0.0,4.104,0
2022-10-20,4.115,4.115,4.115,4.115,0.0,4.115,0
2022-10-21,4.095,4.095,4.095,4.095,0.0,4.095,0
2022-10-24,4.136,4.136,4.136,4.136,0.0,4.136,0
2022-10-25,4.141,4.141,4.141,4.141,0.0,4.141,0
2022-10-26,4.119,4.119,4.119,4.119,0.0,4.119,0
2022-10-27,4.112,4.112,4.112,4.112,0.0,4.112,0
2022-10-28,4.123,4.123,4.123,4.123,0.0,4.123,0
2022-10-31,4.117,4.117,4.117,4.117,0.0,4.117,0
2022-11-01,4.082,4.082,4.082,4.082,0.0,4.082,0
2022-11-02,4.121,4.121,4.121,4.121,0.0,4.121,0
2022-11-03,4.186,4.186,4.186,4.186,0.0,4.186,0
2022-11-04,4.289,4.289,4.289,4.289,0.0,4.289,0
2022-11-07,4.309,4.309,4.309,4.309,0.0,4.309,0
2022-11-08,4.269,4.269,4.269,4.269,0.0,4.269,0
2022-11-09,4.283,4.283,4.283,4.283,0.0,4.283,0
2022-11-10,4.283,4.283,4.283,4.283,0.0,4.283,0
2022-11-11,4.268,4.268,4.268,4.268,0.0,4.268,0
2022-11-14,4.237,4.237,4.237,4.237,0.0,4.237,0
2022-11-15,4.272,4.272,4.272,4.272,0.0,4.272,0
2022-11-16,4.287,4.287,4.287,4.287,0.0,4.287,0
2022-11-17,4.276,4.276,4.276,4.276,0.0,4.276,0
2022-11-18,4.266,4.266,4.266,4.266,0.0,4.266,0
2022-11-21,4.221,4.221,4.221,4.221,0.0,4.221,0
2022-11-22,4.205,4.205,4.205,4.205,0.0,4.205,0
2022-11-23,4.214,4.214,4.214,4.214,0.0,4.214,0
2022-11-24,4.214,4.214,4.214,4.214,0.0,4.214,0
2022-11-25,4.208,4.208,4.208,4.208,0.0,4.208,0
2022-11-28,4.21,4.21,4.21,4.21,0.0,4.21,0
2022-11-29,4.242,4.242,4.242,4.242,0.0,4.242,0
2022-11-30,4.208,4.208,4.208,4.208,0.0,4.208,0
2022-12-01,4.188,4.188,4.188,4.188,0.0,4.188,0
2022-12-02,4.184,4.184,4.184,4.184,0.0,4.184,0
2022-12-05,4.192,4.192,4.192,4.192,0.0,4.192,0
2022-12-06,4.205,4.205,4.205,4.205,0.0,4.205,0
2022-12-07,4.21,4.21,4.21,4.21,0.0,4.21,0
2022-12-08,4.251,4.251,4.251,4.251,0.0,4.251,0
2022-12-09,4.255,4.255,4.255,4.255,0.0,4.255,0
2022-12-12,4.31,4.31,4.31,4.31,0.0,4.31,0
2022-12-13,4.298,4.298,4.298,4.298,0.0,4.298,0
2022-12-14,4.296,4.296,4.296,4.296,0.0,4.296,0
2022-12-15,4.324,4.324,4.324,4.324,0.0,4.324,0
2022-12-16,4.386,4.386,4.386,4.386,0.0,4.386,0
2022-12-19,4.41,4.41,4.41,4.41,0.0,4.41,0
2022-12-20,4.405,4.405,4.405,4.405,0.0,4.405,0
2022-12-21,4.317,4.317,4.317,4.317,0.0,4.317,0
2022-12-22,4.234,4.234,4.234,4.234,0.0,4.234,0
2022-12-23,4.232,4.232,4.232,4.232,0.0,4.232,0
2022-12-27,4.318,4.318,4.318,4.318,0.0,4.318,0
2022-12-28,4.24,4.24,4.24,4.24,0.0,4.24,0
2022-12-29,4.231,4.231,4.231,4.231,0.0,4.231,0
2022-12-30,4.24,4.24,4.24,4.24,0.0,4.24,0
2023-01-03,4.186,4.186,4.186,4.186,0.0,4.186,0
2023-01-04,4.189,4.189,4.189,4.189,0.0,4.189,0
2023-01-05,4.081,4.081,4.081,4.081,0.0,4.081,0
2023-01-06,4.025,4.025,4.025,4.025,0.0,4.025,0
2023-01-09,4.033,4.033,4.033,4.033,0.0,4.033,0
2023-01-10,4.057,4.057,4.057,4.057,0.0,4.057,0
2023-01-11,4.023,4.023,4.023,4.023,0.0,4.023,0
2023-01-12,4.022,4.022,4.022,4.022,0.0,4.022,0
2023-01-13,4.031,4.031,4.031,4.031,0.0,4.031,0
2023-01-16,4.031,4.031,4.031,4.031,0.0,4.031,0
2023-01-17,4.047,4.047,4.047,4.047,0.0,4.047,0
2023-01-18,4.045,4.045,4.045,4.045,0.0,4.045,0
2023-01-19,4.085,4.085,4.085,4.085,0.0,4.085,0
2023-01-20,4.099,4.099,4.099,4.099,0.0,4.099,0
2023-01-23,4.099,4.099,4.099,4.099,0.0,4.099,0
2023-01-24,4.068,4.068,4.068,4.068,0.0,4.068,0
2023-01-25,4.011,4.011,4.011,4.011,0.0,4.011,0
2023-01-26,4.018,4.018,4.018,4.018,0.0,4.018,0
2023-01-27,4.009,4.009,4.009,4.009,0.0,4.009,0
2023-01-30,3.93,3.93,3.93,3.93,0.0,3.93,0
2023-01-31,3.941,3.941,3.941,3.941,0.0,3.941,0
2023-02-01,3.813,3.813,3.813,3.813,0.0,3.813,0
2023-02-02,3.793,3.793,3.793,3.793,0.0,3.793,0
2023-02-03,3.696,3.696,3.696,3.696,0.0,3.696,0
2023-02-10,3.695,3.695,3.695,3.695,0.0,3.695,0
2023-02-13,3.638,3.638,3.638,3.638,0.0,3.638,0
2023-02-14,3.639,3.639,3.639,3.639,0.0,3.639,0
2023-02-15,3.634,3.634,3.634,3.634,0.0,3.634,0
2023-02-16,3.634,3.634,3.634,3.634,0.0,3.634,0
2023-02-17,3.62,3.62,3.62,3.62,0.0,3.62,0
2023-02-20,3.62,3.62,3.62,3.62,0.0,3.62,0
2023-02-21,3.62,3.62,3.62,3.62,0.0,3.62,0
2023-02-22,3.644,3.644,3.644,3.644,0.0,3.644,0
2023-02-23,3.678,3.678,3.678,3.678,0.0,3.678,0
2023-02-24,3.743,3.743,3.743,3.743,0.0,3.743,0
2023-02-27,3.785,3.785,3.785,3.785,0.0,3.785,0
2023-02-28,3.833,3.833,3.833,3.833,0.0,3.833,0
2023-03-01,3.914,3.914,3.914,3.914,0.0,3.914,0
2023-03-02,3.922,3.922,3.922,3.922,0.0,3.922,0
2023-03-03,3.962,3.962,3.962,3.962,0.0,3.962,0
2023-03-06,3.996,3.996,3.996,3.996,0.0,3.996,0
2023-03-07,4.078,4.078,4.078,4.078,0.0,4.078,0
2023-03-08,4.024,4.024,4.024,4.024,0.0,4.024,0
2023-03-09,3.868,3.868,3.868,3.868,0.0,3.868,0
2023-03-10,3.986,3.986,3.986,3.986,0.0,3.986,0
2023-03-13,3.997,3.997,3.997,3.997,0.0,3.997,0
2023-03-14,4.068,4.068,4.068,4.068,0.0,4.068,0
2023-03-15,4.05,4.05,4.05,4.05,0.0,4.05,0
2023-03-16,4.092,4.092,4.092,4.092,0.0,4.092,0
2023-03-17,4.085,4.085,4.085,4.085,0.0,4.085,0
2023-03-20,4.044,4.044,4.044,4.044,0.0,4.044,0
2023-03-21,4.093,4.093,4.093,4.093,0.0,4.093,0
2023-03-22,4.047,4.047,4.047,4.047,0.0,4.047,0
2023-03-23,4.059,4.059,4.059,4.059,0.0,4.059,0
2023-03-24,4.024,4.024,4.024,4.024,0.0,4.024,0
2023-03-27,4.003,4.003,4.003,4.003,0.0,4.003,0
2023-03-28,3.961,3.961,3.961,3.961,0.0,3.961,0
2023-03-29,3.985,3.985,3.953,3.953,32.0,3.985,1
2023-03-30,3.961,3.961,3.961,3.961,0.0,3.961,0
2023-03-31,3.954,3.954,3.954,3.954,0.0,3.954,0
2023-04-03,3.962,3.962,3.962,3.962,0.0,3.962,0
2023-04-04,3.974,3.974,3.974,3.974,0.0,3.974,0
2023-04-05,3.947,3.947,3.947,3.947,0.0,3.947,0
2023-04-06,3.903,3.903,3.903,3.903,0.0,3.903,0
2023-04-10,3.965,3.965,3.965,3.965,0.0,3.965,0
2023-04-11,3.975,3.975,3.975,3.975,0.0,3.975,0
2023-04-12,3.901,3.901,3.901,3.901,0.0,3.901,0
2023-04-13,3.869,3.869,3.869,3.869,0.0,3.869,0
2023-04-14,3.889,3.889,3.889,3.889,0.0,3.889,0
2023-04-17,3.955,3.955,3.955,3.955,0.0,3.955,0
2023-04-18,3.953,3.953,3.953,3.953,0.0,3.953,0
2023-04-19,3.975,3.975,3.975,3.975,0.0,3.975,0
2023-04-20,4.007,4.007,4.007,4.007,0.0,4.007,0
2023-04-21,4.014,4.014,4.014,4.014,0.0,4.014,0
2023-04-24,4.025,4.025,4.025,4.025,0.0,4.025,0
2023-04-25,4.023,4.023,4.023,4.023,0.0,4.023,0
2023-04-26,4.016,4.016,4.016,4.016,0.0,4.016,0
2023-04-27,4.02,4.02,4.02,4.02,0.0,4.02,0
2023-04-28,4.039,4.039,4.039,4.039,0.0,4.039,0
2023-05-01,3.996,3.996,3.996,3.996,0.0,3.996,0
2023-05-02,3.992,3.992,3.992,3.992,0.0,3.992,0
2023-05-03,3.99,3.99,3.99,3.99,0.0,3.99,0
2023-05-04,3.997,3.997,3.997,3.997,0.0,3.997,0
2023-05-05,3.994,3.994,3.994,3.994,0.0,3.994,0
2023-05-08,3.994,3.994,3.962,3.962,4.0,3.994,1
2023-05-09,3.945,3.945,3.945,3.945,0.0,3.945,0
2023-05-10,3.961,3.961,3.961,3.961,0.0,3.961,0
2023-05-11,3.951,3.951,3.951,3.951,0.0,3.951,0
2023-05-12,3.941,3.941,3.941,3.941,0.0,3.941,0
2023-05-15,3.945,3.945,3.945,3.945,0.0,3.945,0
2023-05-16,3.931,3.931,3.931,3.931,0.0,3.931,0
2023-05-17,3.855,3.855,3.855,3.855,0.0,3.855,0
2023-05-18,3.835,3.835,3.835,3.835,0.0,3.835,0
2023-05-19,3.788,3.788,3.788,3.788,0.0,3.788,0
2023-05-22,3.778,3.778,3.778,3.778,0.0,3.778,0
2023-05-23,3.766,3.766,3.766,3.766,0.0,3.766,0
2023-05-24,3.821,3.821,3.821,3.821,0.0,3.821,0
2023-05-25,3.79,3.79,3.79,3.79,0.0,3.79,0
2023-05-26,3.818,3.818,3.818,3.818,0.0,3.818,0
2023-05-29,3.818,3.818,3.818,3.818,0.0,3.818,0
2023-05-30,3.778,3.778,3.778,3.778,0.0,3.778,0
2023-05-31,3.743,3.743,3.743,3.743,0.0,3.743,0
2023-06-01,3.601,3.601,3.601,3.601,0.0,3.601,0
2023-06-02,3.641,3.641,3.641,3.641,0.0,3.641,0
2023-06-05,3.711,3.711,3.711,3.711,0.0,3.711,0
2023-06-06,3.708,3.708,3.708,3.708,0.0,3.708,0
2023-06-07,3.682,3.682,3.682,3.682,0.0,3.682,0
2023-06-08,3.653,3.653,3.653,3.653,0.0,3.653,0
2023-06-09,3.658,3.658,3.658,3.658,0.0,3.658,0
2023-06-12,3.655,3.655,3.655,3.655,0.0,3.655,0
2023-06-13,3.631,3.631,3.631,3.631,0.0,3.631,0
2023-06-14,3.644,3.644,3.644,3.644,0.0,3.644,0
2023-06-15,3.641,3.641,3.641,3.641,0.0,3.641,0
2023-06-16,3.631,3.631,3.631,3.631,0.0,3.631,0
2023-06-19,3.631,3.631,3.631,3.631,0.0,3.631,0
2023-06-20,3.678,3.678,3.678,3.678,0.0,3.678,0
2023-06-21,3.744,3.744,3.744,3.744,0.0,3.744,0
2023-06-22,3.762,3.762,3.762,3.762,0.0,3.762,0
2023-06-23,3.714,3.714,3.714,3.714,0.0,3.714,0
2023-06-26,3.704,3.704,3.704,3.704,0.0,3.704,0
2023-06-27,3.667,3.667,3.667,3.667,0.0,3.667,0
2023-06-28,3.594,3.594,3.594,3.594,0.0,3.594,0
2023-06-29,3.553,3.553,3.553,3.553,0.0,3.553,0
2023-06-30,3.569,3.569,3.569,3.569,0.0,3.569,0
2023-07-03,3.57,3.57,3.57,3.57,0.0,3.57,0
2023-07-04,3.57,3.57,3.57,3.57,0.0,3.57,0
2023-07-05,3.56,3.56,3.56,3.56,0.0,3.56,0
2023-07-06,3.562,3.562,3.562,3.562,0.0,3.562,0
2023-07-07,3.608,3.608,3.608,3.608,0.0,3.608,0
2023-07-10,3.63,3.63,3.63,3.63,0.0,3.63,0
2023-07-11,3.664,3.664,3.664,3.664,0.0,3.664,0
2023-07-12,3.654,3.654,3.654,3.654,0.0,3.654,0
2023-07-13,3.599,3.599,3.599,3.599,0.0,3.599,0
2023-07-14,3.643,3.643,3.643,3.643,0.0,3.643,0
2023-07-17,3.634,3.634,3.634,3.634,0.0,3.634,0
2023-07-18,3.687,3.687,3.687,3.687,0.0,3.687,0
2023-07-19,3.677,3.677,3.677,3.677,0.0,3.677,0
2023-07-20,3.7,3.7,3.7,3.7,0.0,3.7,0
2023-07-21,3.718,3.718,3.718,3.718,0.0,3.718,0
2023-07-24,3.759,3.759,3.759,3.759,0.0,3.759,0
2023-07-25,3.773,3.773,3.773,3.773,0.0,3.773,0
2023-07-26,3.796,3.796,3.796,3.796,0.0,3.796,0
2023-07-27,3.787,3.787,3.787,3.787,0.0,3.787,0
2023-07-28,3.796,3.796,3.796,3.796,0.0,3.796,0
2023-07-31,3.742,3.742,3.742,3.742,0.0,3.742,0
2023-08-01,3.7,3.7,3.7,3.7,0.0,3.7,0
2023-08-02,3.697,3.697,3.697,3.697,0.0,3.697,0
2023-08-03,3.677,3.677,3.677,3.677,0.0,3.677,0
2023-08-04,3.685,3.685,3.685,3.685,0.0,3.685,0
2023-08-07,3.746,3.746,3.746,3.746,0.0,3.746,0
2023-08-08,3.746,3.746,3.746,3.746,0.0,3.746,0
2023-08-09,3.708,3.708,3.708,3.708,0.0,3.708,0
2023-08-10,3.693,3.693,3.693,3.693,0.0,3.693,0
2023-08-11,3.721,3.721,3.721,3.721,0.0,3.721,0
2023-08-14,3.686,3.686,3.686,3.686,0.0,3.686,0
2023-08-15,3.728,3.728,3.728,3.728,0.0,3.728,0
2023-08-16,3.739,3.739,3.739,3.739,0.0,3.739,0
2023-08-17,3.699,3.699,3.699,3.699,0.0,3.699,0
2023-08-18,3.696,3.696,3.696,3.696,0.0,3.696,0
2023-08-21,3.736,3.736,3.736,3.736,0.0,3.736,0
2023-08-22,3.723,3.723,3.723,3.723,0.0,3.723,0
2023-08-23,3.767,3.767,3.767,3.767,0.0,3.767,0
2023-08-24,3.695,3.695,3.695,3.695,0.0,3.695,0
2023-08-25,3.67,3.67,3.67,3.67,0.0,3.67,0
2023-08-28,3.659,3.659,3.659,3.659,0.0,3.659,0
2023-08-29,3.632,3.632,3.632,3.632,0.0,3.632,0
2023-08-30,3.687,3.687,3.687,3.687,0.0,3.687,0
2023-08-31,3.703,3.703,3.703,3.703,0.0,3.703,0
2023-09-01,3.708,3.708,3.682,3.682,1.0,3.708,1
2023-09-04,3.682,3.682,3.682,3.682,0.0,3.682,0
2023-09-05,3.644,3.644,3.644,3.644,0.0,3.644,0
2023-09-06,3.656,3.656,3.656,3.656,0.0,3.656,0
2023-09-07,3.639,3.639,3.639,3.639,0.0,3.639,0
2023-09-08,3.645,3.645,3.645,3.645,0.0,3.645,0
2023-09-11,3.589,3.589,3.589,3.589,0.0,3.589,0
2023-09-12,3.644,3.644,3.644,3.644,0.0,3.644,0
2023-09-13,3.691,3.691,3.691,3.691,0.0,3.691,0
2023-09-14,3.645,3.645,3.645,3.645,0.0,3.645,0
2023-09-15,3.622,3.622,3.622,3.622,0.0,3.622,0
2023-09-18,3.664,3.664,3.664,3.664,0.0,3.664,0
2023-09-19,3.631,3.631,3.631,3.631,0.0,3.631,0
2023-09-20,3.652,3.652,3.652,3.652,0.0,3.652,0
2023-09-21,3.698,3.698,3.698,3.698,0.0,3.698,0
2023-09-22,3.722,3.722,3.722,3.722,0.0,3.722,0
2023-09-25,3.714,3.714,3.714,3.714,0.0,3.714,0
2023-09-26,3.713,3.713,3.713,3.713,0.0,3.713,0
2023-09-27,3.675,3.675,3.675,3.675,0.0,3.675,0
2023-09-28,3.693,3.693,3.693,3.693,0.0,3.693,0
2023-09-29,3.66,3.66,3.66,3.66,0.0,3.66,0
2023-10-02,3.675,3.675,3.675,3.675,0.0,3.675,0
2023-10-03,3.741,3.741,3.741,3.741,0.0,3.741,0
2023-10-04,3.681,3.681,3.681,3.681,0.0,3.681,0
2023-10-05,3.677,3.677,3.677,3.677,0.0,3.677,0
2023-10-06,3.693,3.693,3.693,3.693,0.0,3.693,0
2023-10-09,3.679,3.679,3.679,3.679,0.0,3.679,0
2023-10-10,3.69,3.69,3.69,3.69,0.0,3.69,0
2023-10-11,3.714,3.714,3.714,3.714,0.0,3.714,0
2023-10-12,3.743,3.743,3.743,3.743,0.0,3.743,0
2023-10-13,3.755,3.755,3.755,3.755,0.0,3.755,0
2023-10-16,3.741,3.741,3.741,3.741,0.0,3.741,0
2023-10-17,3.743,3.743,3.743,3.743,0.0,3.743,0
2023-10-18,3.729,3.729,3.729,3.729,0.0,3.729,0
2023-10-19,3.767,3.767,3.767,3.767,0.0,3.767,0
2023-10-20,3.773,3.773,3.773,3.773,0.0,3.773,0
2023-10-23,3.777,3.777,3.777,3.777,0.0,3.777,0
2023-10-24,3.762,3.762,3.762,3.762,0.0,3.762,0
2023-10-25,3.77,3.77,3.77,3.77,0.0,3.77,0
2023-10-26,3.755,3.755,3.755,3.755,0.0,3.755,0
2023-10-27,3.729,3.729,3.729,3.729,0.0,3.729,0
2023-10-30,3.732,3.732,3.732,3.732,0.0,3.732,0
2023-10-31,3.737,3.737,3.737,3.737,0.0,3.737,0
2023-11-01,3.816,3.816,3.816,3.816,0.0,3.816,0
2023-11-02,3.907,3.907,3.907,3.907,0.0,3.907,0
2023-11-03,3.834,3.834,3.834,3.834,0.0,3.834,0
2023-11-06,3.859,3.859,3.859,3.859,0.0,3.859,0
2023-11-07,3.876,3.876,3.876,3.876,0.0,3.876,0
2023-11-08,3.83,3.83,3.793,3.793,1.0,3.83,1
2023-11-09,3.811,3.811,3.811,3.811,0.0,3.811,0
2023-11-10,3.776,3.776,3.776,3.776,0.0,3.776,0
2023-11-13,3.824,3.824,3.824,3.824,0.0,3.824,0
2023-11-14,3.822,3.822,3.822,3.822,0.0,3.822,0
2023-11-15,3.854,3.854,3.854,3.854,0.0,3.854,0
2023-11-16,3.835,3.835,3.835,3.835,0.0,3.835,0
2023-11-17,3.85,3.85,3.85,3.85,0.0,3.85,0
2023-11-20,3.829,3.829,3.829,3.829,0.0,3.829,0
2023-11-21,3.791,3.791,3.791,3.791,0.0,3.791,0
2023-11-22,3.788,3.788,3.788,3.788,0.0,3.788,0
2023-11-23,3.788,3.788,3.788,3.788,0.0,3.788,0
2023-11-24,3.83,3.83,3.83,3.83,0.0,3.83,0
2023-11-27,3.826,3.826,3.826,3.826,0.0,3.826,0
2023-11-28,3.741,3.741,3.741,3.741,0.0,3.741,0
2023-11-29,3.698,3.698,3.698,3.698,0.0,3.698,0
2023-11-30,3.702,3.702,3.702,3.702,0.0,3.702,0
2023-12-01,3.712,3.712,3.712,3.712,0.0,3.712,0
2023-12-04,3.653,3.653,3.653,3.653,0.0,3.653,0
2023-12-05,3.622,3.622,3.622,3.622,0.0,3.622,0
2023-12-06,3.497,3.497,3.497,3.497,0.0,3.497,0
2023-12-07,3.497,3.497,3.485,3.485,1.0,3.497,1
2023-12-08,3.435,3.435,3.435,3.435,0.0,3.435,0
2023-12-11,3.417,3.417,3.417,3.417,0.0,3.417,0
2023-12-12,3.439,3.439,3.439,3.439,0.0,3.439,0
2023-12-13,3.492,3.492,3.492,3.492,0.0,3.492,0
2023-12-14,3.573,3.573,3.573,3.573,0.0,3.573,0
2023-12-15,3.637,3.637,3.637,3.637,0.0,3.637,0
2023-12-18,3.658,3.658,3.658,3.658,0.0,3.658,0
2023-12-19,3.628,3.628,3.628,3.628,0.0,3.628,0
2023-12-20,3.685,3.685,3.685,3.685,0.0,3.685,0
2023-12-21,3.638,3.638,3.638,3.638,0.0,3.638,0
2023-12-22,3.54,3.54,3.54,3.54,0.0,3.54,0
2023-12-26,3.499,3.499,3.499,3.499,0.0,3.499,0
2023-12-27,3.537,3.537,3.537,3.537,0.0,3.537,0
2023-12-28,3.543,3.543,3.543,3.543,0.0,3.543,0
2023-12-29,3.629,3.629,3.629,3.629,0.0,3.629,0
2024-01-02,3.626,3.626,3.626,3.626,0.0,3.626,0
2024-01-03,3.659,3.659,3.659,3.659,0.0,3.659,0
2024-01-04,3.65,3.65,3.65,3.65,0.0,3.65,0
2024-01-05,3.698,3.698,3.698,3.698,0.0,3.698,0
2024-01-08,3.708,3.708,3.708,3.708,0.0,3.708,0
2024-01-09,3.763,3.763,3.763,3.763,0.0,3.763,0
2024-01-10,3.714,3.714,3.714,3.714,0.0,3.714,0
2024-01-11,3.701,3.701,3.701,3.701,0.0,3.701,0
2024-01-12,3.595,3.595,3.595,3.595,0.0,3.595,0
2024-01-15,3.595,3.595,3.595,3.595,0.0,3.595,0
2024-01-16,3.582,3.582,3.582,3.582,0.0,3.582,0
2024-01-17,3.624,3.624,3.624,3.624,0.0,3.624,0
2024-01-18,3.621,3.621,3.621,3.621,0.0,3.621,0
2024-01-19,3.572,3.572,3.572,3.572,0.0,3.572,0
2024-01-22,3.61,3.61,3.61,3.61,0.0,3.61,0
2024-01-23,3.671,3.671,3.671,3.671,0.0,3.671,0
2024-01-24,3.65,3.65,3.65,3.65,0.0,3.65,0
2024-01-25,3.537,3.537,3.537,3.537,0.0,3.537,0
2024-01-26,3.543,3.543,3.543,3.543,0.0,3.543,0
2024-01-29,3.528,3.528,3.528,3.528,0.0,3.528,0
2024-01-30,3.529,3.529,3.529,3.529,0.0,3.529,0
2024-01-31,3.526,3.526,3.526,3.526,0.0,3.526,0
2024-02-01,3.513,3.513,3.513,3.513,0.0,3.513,0
2024-02-02,3.539,3.539,3.539,3.539,0.0,3.539,0
2024-02-05,3.546,3.546,3.546,3.546,0.0,3.546,0
2024-02-06,3.546,3.546,3.544,3.544,2.0,3.546,1
2024-02-07,3.545,3.545,3.545,3.545,0.0,3.545,0
2024-02-08,3.544,3.544,3.544,3.544,0.0,3.544,0
2024-02-09,3.544,3.544,3.544,3.544,0.0,3.544,0
2024-02-12,3.532,3.532,3.532,3.532,0.0,3.532,0
2024-02-13,3.566,3.566,3.566,3.566,0.0,3.566,0
2024-02-14,3.528,3.528,3.528,3.528,0.0,3.528,0
2024-02-15,3.536,3.536,3.536,3.536,0.0,3.536,0
2024-02-16,3.511,3.511,3.511,3.511,0.0,3.511,0
2024-02-19,3.511,3.511,3.511,3.511,0.0,3.511,0
2024-02-20,3.513,3.513,3.513,3.513,0.0,3.513,0
2024-02-21,3.553,3.553,3.553,3.553,0.0,3.553,0
2024-02-22,3.599,3.599,3.599,3.599,0.0,3.599,0
2024-02-23,3.55,3.55,3.55,3.55,0.0,3.55,0
2024-02-26,3.556,3.556,3.556,3.556,0.0,3.556,0
2024-02-27,3.56,3.56,3.56,3.56,0.0,3.56,0
2024-02-28,3.581,3.581,3.581,3.581,0.0,3.581,0
2024-02-29,3.591,3.591,3.591,3.591,0.0,3.591,0
2024-03-01,3.579,3.579,3.579,3.579,0.0,3.579,0
2024-03-04,3.596,3.596,3.596,3.596,0.0,3.596,0
2024-03-05,3.592,3.592,3.592,3.592,0.0,3.592,0
2024-03-06,3.595,3.595,3.595,3.595,0.0,3.595,0
2024-03-07,3.595,3.595,3.595,3.595,0.0,3.595,0
2024-03-08,3.598,3.598,3.598,3.598,0.0,3.598,0
2024-03-11,3.604,3.604,3.604,3.604,0.0,3.604,0
2024-03-12,3.616,3.616,3.616,3.616,0.0,3.616,0
2024-03-13,3.615,3.615,3.615,3.615,0.0,3.615,0
2024-03-14,3.626,3.626,3.626,3.626,0.0,3.626,0
2024-03-15,3.593,3.593,3.593,3.593,0.0,3.593,0
2024-03-18,3.637,3.637,3.637,3.637,0.0,3.637,0
2024-03-19,3.639,3.639,3.639,3.639,0.0,3.639,0
2024-03-20,3.617,3.617,3.617,3.617,0.0,3.617,0
2024-03-21,3.629,3.629,3.611,3.611,1.0,3.629,1
2024-03-22,3.615,3.615,3.615,3.615,0.0,3.615,0
2024-03-25,3.601,3.601,3.601,3.601,0.0,3.601,0
2024-03-26,3.611,3.634,3.611,3.634,1.0,3.611,1
2024-03-27,3.604,3.604,3.604,3.604,0.0,3.604,0
2024-03-28,3.668,3.668,3.668,3.668,0.0,3.668,0
2024-04-01,3.662,3.662,3.662,3.662,0.0,3.662,0
2024-04-02,3.693,3.693,3.693,3.693,0.0,3.693,0
2024-04-03,3.692,3.692,3.692,3.692,0.0,3.692,0
2024-04-04,3.669,3.669,3.669,3.669,0.0,3.669,0
2024-04-05,3.677,3.677,3.677,3.677,0.0,3.677,0
2024-04-08,3.683,3.683,3.683,3.683,0.0,3.683,0
2024-04-09,3.685,3.685,3.685,3.685,0.0,3.685,0
2024-04-10,3.735,3.735,3.735,3.735,0.0,3.735,0
2024-04-11,3.814,3.814,3.814,3.814,0.0,3.814,0
2024-04-12,3.867,3.867,3.867,3.867,0.0,3.867,0
2024-04-15,3.89,3.89,3.89,3.89,0.0,3.89,0
2024-04-16,3.894,3.894,3.894,3.894,0.0,3.894,0
2024-04-17,3.861,3.861,3.861,3.861,0.0,3.861,0
2024-04-18,3.864,3.864,3.864,3.864,0.0,3.864,0
2024-04-19,3.857,3.857,3.857,3.857,0.0,3.857,0
2024-04-22,3.865,3.865,3.865,3.865,0.0,3.865,0
2024-04-23,3.878,3.878,3.878,3.878,0.0,3.878,0
2024-04-24,3.866,3.866,3.866,3.866,0.0,3.866,0
2024-04-25,3.86,3.893,3.86,3.893,15.0,3.86,2
2024-04-26,3.881,3.881,3.881,3.881,0.0,3.881,0
2024-04-29,3.879,3.879,3.879,3.879,0.0,3.879,0
2024-04-30,3.887,3.887,3.887,3.887,0.0,3.887,0
2024-05-01,3.882,3.882,3.882,3.882,0.0,3.882,0
2024-05-02,3.885,3.885,3.885,3.885,0.0,3.885,0
2024-05-03,3.856,3.856,3.856,3.856,0.0,3.856,0
2024-05-06,3.869,3.869,3.869,3.869,0.0,3.869,0
2024-05-07,3.82,3.827,3.82,3.827,2.0,3.82,1
2024-05-08,3.742,3.742,3.742,3.742,0.0,3.742,0
2024-05-09,3.694,3.694,3.694,3.694,0.0,3.694,0
2024-05-10,3.735,3.735,3.735,3.735,0.0,3.735,0
2024-05-13,3.744,3.744,3.744,3.744,0.0,3.744,0
2024-05-14,3.75,3.75,3.75,3.75,0.0,3.75,0
2024-05-15,3.768,3.768,3.768,3.768,0.0,3.768,0
2024-05-16,3.806,3.806,3.806,3.806,0.0,3.806,0
2024-05-17,3.832,3.832,3.832,3.832,0.0,3.832,0
2024-05-20,3.839,3.839,3.839,3.839,0.0,3.839,0
2024-05-21,3.882,3.882,3.882,3.882,0.0,3.882,0
2024-05-22,3.862,3.862,3.862,3.862,0.0,3.862,0
2024-05-23,3.827,3.827,3.827,3.827,0.0,3.827,0
2024-05-24,3.817,3.817,3.817,3.817,0.0,3.817,0
2024-05-27,3.817,3.817,3.817,3.817,0.0,3.817,0
2024-05-28,3.83,3.83,3.83,3.83,0.0,3.83,0
2024-05-29,3.796,3.796,3.796,3.796,0.0,3.796,0
2024-05-30,3.767,3.767,3.767,3.767,0.0,3.767,0
2024-05-31,3.75,3.75,3.75,3.75,0.0,3.75,0
2024-06-03,3.764,3.764,3.764,3.764,0.0,3.764,0
2024-06-04,3.725,3.725,3.725,3.725,0.0,3.725,0
2024-06-05,3.729,3.729,3.729,3.729,0.0,3.729,0
2024-06-06,3.76,3.76,3.76,3.76,0.0,3.76,0
2024-06-07,3.761,3.761,3.761,3.761,0.0,3.761,0
2024-06-10,3.765,3.765,3.765,3.765,0.0,3.765,0
2024-06-11,3.794,3.794,3.794,3.794,0.0,3.794,0
2024-06-12,3.774,3.775,3.774,3.775,1.0,3.774,1
2024-06-13,3.737,3.737,3.737,3.737,0.0,3.737,0
2024-06-14,3.757,3.757,3.757,3.757,0.0,3.757,0
2024-06-17,3.76,3.76,3.76,3.76,0.0,3.76,0
2024-06-18,3.784,3.784,3.784,3.784,0.0,3.784,0
2024-06-19,3.784,3.784,3.784,3.784,0.0,3.784,0
2024-06-20,3.759,3.759,3.759,3.759,0.0,3.759,0
2024-06-21,3.729,3.729,3.727,3.727,1.0,3.729,1
2024-06-24,3.734,3.734,3.734,3.734,0.0,3.734,0
2024-06-25,3.716,3.716,3.716,3.716,0.0,3.716,0
2024-06-26,3.704,3.704,3.704,3.704,0.0,3.704,0
2024-06-27,3.655,3.655,3.655,3.655,0.0,3.655,0
2024-06-28,3.66,3.66,3.66,3.66,0.0,3.66,0
2024-07-01,3.655,3.655,3.655,3.655,0.0,3.655,0
2024-07-02,3.634,3.634,3.634,3.634,0.0,3.634,0
2024-07-03,3.613,3.613,3.613,3.613,0.0,3.613,0
2024-07-04,3.613,3.613,3.613,3.613,0.0,3.613,0
2024-07-05,3.602,3.602,3.602,3.602,0.0,3.602,0
2024-07-08,3.609,3.609,3.609,3.609,0.0,3.609,0
2024-07-09,3.601,3.601,3.601,3.601,0.0,3.601,0
2024-07-10,3.602,3.602,3.602,3.602,0.0,3.602,0
2024-07-11,3.581,3.581,3.581,3.581,0.0,3.581,0
2024-07-12,3.611,3.611,3.611,3.611,0.0,3.611,0
2024-07-15,3.6,3.6,3.6,3.6,0.0,3.6,0
2024-07-16,3.583,3.583,3.583,3.583,0.0,3.583,0
2024-07-17,3.523,3.523,3.523,3.523,0.0,3.523,0
2024-07-18,3.521,3.521,3.521,3.521,0.0,3.521,0
2024-07-19,3.572,3.572,3.572,3.572,0.0,3.572,0
2024-07-22,3.594,3.594,3.594,3.594,0.0,3.594,0
2024-07-23,3.589,3.589,3.589,3.589,0.0,3.589,0
2024-07-24,3.562,3.562,3.562,3.562,0.0,3.562,0
2024-07-25,3.512,3.512,3.512,3.512,0.0,3.512,0
2024-07-26,3.547,3.547,3.547,3.547,0.0,3.547,0
2024-07-29,3.52,3.52,3.52,3.52,0.0,3.52,0
2024-07-30,3.515,3.515,3.515,3.515,0.0,3.515,0
2024-07-31,3.499,3.499,3.488,3.488,1.0,3.499,1
2024-08-01,3.468,3.468,3.468,3.468,0.0,3.468,0
2024-08-02,3.465,3.465,3.46,3.46,1.0,3.465,1
2024-08-05,3.405,3.405,3.405,3.405,0.0,3.405,0
2024-08-06,3.384,3.384,3.384,3.384,0.0,3.384,0
2024-08-07,3.393,3.393,3.393,3.393,0.0,3.393,0
2024-08-08,3.425,3.425,3.425,3.425,0.0,3.425,0
2024-08-09,3.439,3.439,3.439,3.439,0.0,3.439,0
2024-08-12,3.444,3.444,3.444,3.444,0.0,3.444,0
2024-08-13,3.406,3.406,3.406,3.406,0.0,3.406,0
2024-08-14,3.428,3.428,3.428,3.428,0.0,3.428,0
2024-08-15,3.425,3.425,3.425,3.425,0.0,3.425,0
2024-08-16,3.427,3.427,3.427,3.427,0.0,3.427,0
2024-08-19,3.452,3.452,3.449,3.449,2.0,3.452,1
2024-08-20,3.465,3.465,3.465,3.465,0.0,3.465,0
2024-08-21,3.476,3.476,3.476,3.476,0.0,3.476,0
2024-08-22,3.486,3.486,3.486,3.486,0.0,3.486,0
2024-08-23,3.507,3.507,3.507,3.507,0.0,3.507,0
2024-08-26,3.54,3.54,3.54,3.54,0.0,3.54,0
2024-08-27,3.515,3.515,3.515,3.515,0.0,3.515,0
2024-08-28,3.53,3.53,3.499,3.499,1.0,3.53,1
2024-08-29,3.494,3.494,3.487,3.487,1.0,3.494,1
2024-08-30,3.475,3.475,3.475,3.475,0.0,3.475,0
2024-09-02,3.475,3.475,3.475,3.475,0.0,3.475,0
2024-09-03,3.484,3.484,3.484,3.484,0.0,3.484,0
2024-09-04,3.469,3.469,3.469,3.469,0.0,3.469,0
2024-09-05,3.485,3.485,3.455,3.455,10.0,3.485,1
2024-09-06,3.412,3.412,3.412,3.412,0.0,3.412,0
2024-09-09,3.414,3.414,3.414,3.414,0.0,3.414,0
2024-09-10,3.39,3.39,3.39,3.39,0.0,3.39,0
2024-09-11,3.38,3.38,3.38,3.38,0.0,3.38,0
2024-09-12,3.395,3.395,3.395,3.395,0.0,3.395,0
2024-09-13,3.391,3.391,3.391,3.391,0.0,3.391,0
2024-09-16,3.415,3.415,3.415,3.415,0.0,3.415,0
2024-09-17,3.409,3.409,3.409,3.409,0.0,3.409,0
2024-09-18,3.409,3.409,3.407,3.407,1.0,3.409,1
2024-09-19,3.414,3.414,3.414,3.414,0.0,3.414,0
2024-09-20,3.434,3.434,3.434,3.434,0.0,3.434,0
2024-09-23,3.42,3.42,3.418,3.418,16.0,3.42,1
2024-09-24,3.449,3.449,3.449,3.449,0.0,3.449,0
2024-09-25,3.475,3.475,3.475,3.475,0.0,3.475,0
2024-09-26,3.513,3.513,3.513,3.513,0.0,3.513,0
2024-09-27,3.525,3.525,3.51,3.51,1.0,3.525,1
2024-09-30,3.508,3.508,3.508,3.508,0.0,3.508,0
2024-10-01,3.49,3.49,3.488,3.488,1.0,3.49,1
2024-10-02,3.477,3.477,3.477,3.477,0.0,3.477,0
2024-10-03,3.498,3.498,3.498,3.498,0.0,3.498,0
2024-10-04,3.534,3.534,3.534,3.534,0.0,3.534,0
2024-10-07,3.561,3.561,3.561,3.561,0.0,3.561,0
2024-10-08,3.51,3.51,3.51,3.51,0.0,3.51,0
2024-10-09,3.465,3.465,3.465,3.465,0.0,3.465,0
2024-10-10,3.458,3.458,3.458,3.458,0.0,3.458,0
2024-10-11,3.442,3.442,3.442,3.442,0.0,3.442,0
2024-10-14,3.438,3.438,3.438,3.438,0.0,3.438,0
2024-10-15,3.492,3.492,3.492,3.492,0.0,3.492,0
2024-10-16,3.488,3.488,3.457,3.457,1.0,3.488,1
2024-10-17,3.47,3.47,3.47,3.47,0.0,3.47,0
2024-10-18,3.438,3.438,3.438,3.438,0.0,3.438,0
2024-10-21,3.464,3.464,3.464,3.464,0.0,3.464,0
2024-10-22,3.501,3.501,3.501,3.501,0.0,3.501,0
2024-10-23,3.544,3.544,3.544,3.544,0.0,3.544,0
2024-10-24,3.552,3.552,3.552,3.552,0.0,3.552,0
2024-10-25,3.56,3.56,3.555,3.555,1.0,3.56,1
2024-10-28,3.53,3.53,3.53,3.53,0.0,3.53,0
2024-10-29,3.536,3.536,3.536,3.536,0.0,3.536,0
2024-10-30,3.57,3.57,3.57,3.57,0.0,3.57,0
2024-10-31,3.508,3.508,3.508,3.508,0.0,3.508,0
2024-11-01,3.509,3.509,3.509,3.509,0.0,3.509,0
2024-11-04,3.488,3.488,3.488,3.488,0.0,3.488,0
2024-11-05,3.48,3.48,3.47,3.47,100.0,3.48,1
2024-11-06,3.519,3.519,3.519,3.519,0.0,3.519,0
2024-11-07,3.512,3.512,3.512,3.512,0.0,3.512,0
2024-11-08,3.483,3.483,3.483,3.483,0.0,3.483,0
2024-11-11,3.491,3.491,3.491,3.491,0.0,3.491,0
2024-11-12,3.51,3.51,3.51,3.51,0.0,3.51,0
2024-11-13,3.534,3.534,3.534,3.534,0.0,3.534,0
2024-11-14,3.503,3.503,3.503,3.503,0.0,3.503,0
2024-11-15,3.517,3.517,3.517,3.517,0.0,3.517,0
2024-11-18,3.531,3.531,3.531,3.531,0.0,3.531,0
2024-11-19,3.576,3.576,3.576,3.576,0.0,3.576,0
2024-11-20,3.606,3.606,3.606,3.606,0.0,3.606,0
2024-11-21,3.588,3.588,3.588,3.588,0.0,3.588,0
2024-11-22,3.572,3.572,3.572,3.572,0.0,3.572,0
2024-11-25,3.622,3.622,3.622,3.622,0.0,3.622,0
2024-11-26,3.6,3.614,3.6,3.614,1.0,3.6,1
2024-11-27,3.591,3.591,3.591,3.591,0.0,3.591,0
2024-11-28,3.591,3.591,3.591,3.591,0.0,3.591,0
2024-11-29,3.636,3.636,3.636,3.636,0.0,3.636,0
2024-12-02,3.584,3.584,3.584,3.584,0.0,3.584,0
2024-12-03,3.6,3.6,3.6,3.6,0.0,3.6,0
2024-12-04,3.628,3.628,3.628,3.628,0.0,3.628,0
2024-12-05,3.627,3.627,3.627,3.627,0.0,3.627,0
2024-12-06,3.649,3.649,3.649,3.649,0.0,3.649,0
2024-12-09,3.61,3.618,3.61,3.618,1.0,3.61,1
2024-12-10,3.629,3.629,3.629,3.629,0.0,3.629,0
2024-12-11,3.625,3.625,3.625,3.625,0.0,3.625,0
2024-12-12,3.61,3.61,3.61,3.61,0.0,3.61,0
2024-12-13,3.622,3.622,3.622,3.622,0.0,3.622,0
2024-12-16,3.629,3.629,3.629,3.629,0.0,3.629,0
2024-12-17,3.635,3.635,3.635,3.635,0.0,3.635,0
2024-12-18,3.603,3.603,3.603,3.603,0.0,3.603,0
2024-12-19,3.613,3.613,3.613,3.613,0.0,3.613,0
2024-12-20,3.613,3.613,3.613,3.613,0.0,3.613,0
2024-12-23,3.622,3.622,3.622,3.622,0.0,3.622,0
2024-12-24,3.644,3.644,3.644,3.644,0.0,3.644,0
2024-12-26,3.647,3.647,3.647,3.647,0.0,3.647,0
2024-12-27,3.678,3.678,3.678,3.678,0.0,3.678,0
2024-12-30,3.679,3.679,3.679,3.679,0.0,3.679,0
2024-12-31,3.667,3.667,3.667,3.667,0.0,3.667,0
2025-01-02,3.671,3.671,3.671,3.671,0.0,3.671,0
2025-01-03,3.622,3.622,3.622,3.622,0.0,3.622,0
2025-01-06,3.613,3.613,3.613,3.613,0.0,3.613,0
2025-01-07,3.59,3.59,3.59,3.59,0.0,3.59,0
2025-01-08,3.599,3.599,3.599,3.599,0.0,3.599,0
2025-01-09,3.612,3.612,3.612,3.612,0.0,3.612,0
2025-01-10,3.65,3.652,3.632,3.632,41.0,3.6505,5
2025-01-13,3.621,3.621,3.621,3.621,0.0,3.621,0
2025-01-14,3.609,3.609,3.609,3.609,0.0,3.609,0
2025-01-15,3.623,3.623,3.623,3.623,0.0,3.623,0
2025-01-16,3.645,3.645,3.645,3.645,0.0,3.645,0
2025-01-17,3.626,3.626,3.626,3.626,0.0,3.626,0
2025-01-20,3.622,3.626,3.622,3.626,1.0,3.622,1
2025-01-21,3.607,3.607,3.607,3.607,0.0,3.607,0
2025-01-22,3.655,3.655,3.655,3.655,0.0,3.655,0
2025-01-23,3.713,3.713,3.713,3.713,0.0,3.713,0
2025-01-24,3.735,3.735,3.735,3.735,0.0,3.735,0
2025-01-27,3.674,3.674,3.674,3.674,0.0,3.674,0
2025-01-28,3.611,3.611,3.611,3.611,0.0,3.611,0
2025-01-29,3.65,3.65,3.65,3.65,0.0,3.65,0
2025-01-30,3.614,3.614,3.614,3.614,0.0,3.614,0
2025-01-31,3.584,3.584,3.584,3.584,0.0,3.584,0
2025-02-03,3.621,3.621,3.621,3.621,0.0,3.621,0
2025-02-04,3.617,3.617,3.617,3.617,0.0,3.617,0
2025-02-05,3.63,3.63,3.63,3.63,0.0,3.63,0
2025-02-06,3.625,3.664,3.615,3.664,3.0,3.6183,2
2025-02-07,3.631,3.631,3.631,3.631,0.0,3.631,0
2025-02-10,3.687,3.687,3.687,3.687,0.0,3.687,0
2025-02-11,3.701,3.701,3.701,3.701,0.0,3.701,0
2025-02-12,3.702,3.702,3.702,3.702,0.0,3.702,0
2025-02-13,3.705,3.705,3.705,3.705,0.0,3.705,0
2025-02-14,3.71,3.71,3.704,3.704,1.0,3.71,1
2025-02-17,3.704,3.704,3.704,3.704,0.0,3.704,0
2025-02-18,3.693,3.693,3.693,3.693,0.0,3.693,0
2025-02-19,3.687,3.687,3.687,3.687,0.0,3.687,0
2025-02-20,3.601,3.601,3.601,3.601,0.0,3.601,0
2025-02-21,3.64,3.64,3.601,3.601,1.0,3.64,1
2025-02-24,3.553,3.553,3.553,3.553,0.0,3.553,0
2025-02-25,3.555,3.555,3.525,3.525,2.0,3.555,1
2025-02-26,3.476,3.476,3.458,3.458,3.0,3.476,1
2025-02-27,3.482,3.545,3.482,3.521,7.0,3.5009,5
2025-02-28,3.561,3.603,3.561,3.603,2.0,3.561,1
2025-03-03,3.63,3.63,3.627,3.627,1.0,3.63,1
2025-03-04,3.644,3.644,3.644,3.644,0.0,3.644,0
2025-03-05,3.705,3.705,3.705,3.705,0.0,3.705,0
2025-03-06,3.648,3.648,3.648,3.648,0.0,3.648,0
2025-03-07,3.686,3.686,3.686,3.686,0.0,3.686,0
2025-03-10,3.646,3.646,3.646,3.646,0.0,3.646,0
2025-03-11,3.641,3.641,3.641,3.641,0.0,3.641,0
2025-03-12,3.631,3.631,3.631,3.631,0.0,3.631,0
2025-03-13,3.66,3.66,3.66,3.66,0.0,3.66,0
2025-03-14,3.665,3.665,3.659,3.659,6.0,3.665,6
2025-03-17,3.645,3.657,3.645,3.657,1.0,3.645,1
2025-03-18,3.669,3.669,3.669,3.669,0.0,3.669,0
2025-03-19,3.683,3.683,3.683,3.683,0.0,3.683,0
2025-03-20,3.636,3.636,3.636,3.636,0.0,3.636,0
2025-03-21,3.649,3.651,3.644,3.644,2.0,3.65,2
2025-03-24,3.662,3.666,3.661,3.666,3.0,3.6617,3
2025-03-25,3.659,3.681,3.659,3.672,20.0,3.6713,15
2025-03-26,3.66,3.662,3.643,3.653,3.0,3.655,3
2025-03-27,3.661,3.662,3.651,3.662,7.0,3.6561,7
2025-03-28,3.662,3.662,3.662,3.662,0.0,3.662,0
2025-03-31,3.665,3.665,3.661,3.661,1.0,3.665,1
2025-04-01,3.647,3.647,3.647,3.647,0.0,3.647,0
2025-04-02,3.665,3.665,3.665,3.665,1.0,3.665,1
2025-04-03,3.667,3.671,3.666,3.67,7.0,3.668,7
2025-04-04,3.619,3.619,3.619,3.619,0.0,3.619,0
2025-04-07,3.551,3.551,3.551,3.551,0.0,3.551,0
2025-04-08,3.605,3.605,3.54,3.54,1.0,3.605,1
2025-04-09,3.641,3.641,3.641,3.641,0.0,3.641,0
2025-04-10,3.589,3.6,3.58,3.58,110.0,3.5988,14
2025-04-11,3.58,3.583,3.58,3.583,20.0,3.58,3
2025-04-14,3.627,3.63,3.596,3.603,7.0,3.608,4
2025-04-15,3.627,3.627,3.591,3.601,3.0,3.6113,3
2025-04-16,3.602,3.61,3.602,3.61,19.0,3.602,10
2025-04-17,3.648,3.648,3.64,3.64,1.0,3.648,1
2025-04-21,3.589,3.589,3.589,3.589,0.0,3.589,0
2025-04-22,3.619,3.619,3.619,3.619,0.0,3.619,0
2025-04-23,3.649,3.649,3.649,3.649,0.0,3.649,0
2025-04-24,3.64,3.667,3.64,3.667,5.0,3.6552,2
2025-04-25,3.659,3.677,3.643,3.643,16.0,3.6592,13
2025-04-28,3.639,3.674,3.639,3.656,20.0,3.6522,20
2025-04-29,3.671,3.671,3.666,3.666,2.0,3.6705,2
2025-04-30,3.665,3.668,3.645,3.657,9.0,3.6571,9
2025-05-01,3.682,3.683,3.645,3.678,57.0,3.6529,54
2025-05-02,3.699,3.71,3.699,3.708,2.0,3.7045,2
2025-05-05,3.714,3.741,3.709,3.741,37.0,3.7274,11
2025-05-06,3.725,3.735,3.717,3.735,6.0,3.721,6
2025-05-07,3.734,3.736,3.73,3.73,18.0,3.7354,3
2025-05-08,3.734,3.734,3.734,3.734,0.0,3.734,0
2025-05-09,3.744,3.747,3.743,3.747,100.0,3.7438,3
2025-05-12,3.745,3.756,3.745,3.756,15.0,3.745,5
2025-05-13,3.775,3.789,3.775,3.789,253.0,3.778,5
2025-05-14,3.769,3.806,3.769,3.806,2.0,3.769,2
2025-05-15,3.807,3.807,3.807,3.807,0.0,3.807,0
2025-05-16,3.815,3.819,3.809,3.819,3.0,3.8113,3
2025-05-19,3.771,3.79,3.721,3.73,7.0,3.7677,5
2025-05-20,3.768,3.768,3.768,3.768,0.0,3.768,0
2025-05-21,3.785,3.785,3.765,3.765,4.0,3.7803,4
2025-05-22,3.775,3.807,3.769,3.769,7.0,3.7959,7
2025-05-23,3.806,3.833,3.797,3.833,10.0,3.8062,10
2025-05-27,3.827,3.828,3.816,3.82,6.0,3.8232,6
2025-05-28,3.802,3.819,3.802,3.81,6.0,3.811,5
2025-05-29,3.787,3.8,3.777,3.783,30.0,3.7972,6
2025-05-30,3.779,3.788,3.779,3.788,1.0,3.779,1
2025-06-02,3.816,3.832,3.806,3.823,11.0,3.8175,5
2025-06-03,3.813,3.827,3.813,3.827,5.0,3.8148,5
2025-06-04,3.836,3.836,3.825,3.831,4.0,3.8308,3
2025-06-05,3.853,3.853,3.825,3.83,8.0,3.8388,7
2025-06-06,3.83,3.851,3.828,3.851,2.0,3.829,2
2025-06-09,3.835,3.848,3.828,3.848,6.0,3.831,6
2025-06-10,3.828,3.833,3.819,3.829,8.0,3.8246,8
2025-06-11,3.822,3.838,3.795,3.829,25.0,3.817,19
2025-06-12,3.826,3.829,3.817,3.817,7.0,3.8263,5
2025-06-13,3.819,3.861,3.819,3.861,14.0,3.8421,14
2025-06-16,3.874,3.883,3.874,3.882,5.0,3.8798,5
2025-06-17,3.891,3.891,3.884,3.884,19.0,3.8859,16
2025-06-18,3.911,3.911,3.881,3.881,50.0,3.886,34
2025-06-20,3.885,3.902,3.866,3.88,71.0,3.8875,23
2025-06-23,3.888,3.888,3.845,3.847,30.0,3.8628,30
2025-06-24,3.855,3.855,3.843,3.849,13.0,3.8487,13
2025-06-25,3.84,3.846,3.835,3.845,31.0,3.8429,23
2025-06-26,3.835,3.848,3.835,3.848,3.0,3.8397,3
2025-06-27,3.873,3.873,3.836,3.862,29.0,3.851,21
2025-06-30,3.819,3.821,3.806,3.817,5.0,3.8146,5
2025-07-01,3.795,3.822,3.777,3.822,23.0,3.792,12
2025-07-02,3.836,3.864,3.836,3.864,11.0,3.8518,11
2025-07-03,3.887,3.887,3.833,3.841,11.0,3.8485,10
2025-07-07,3.852,3.872,3.852,3.872,6.0,3.8593,6
2025-07-08,3.86,3.86,3.838,3.844,15.0,3.8515,14
2025-07-09,3.82,3.834,3.82,3.834,6.0,3.822,6
2025-07-10,3.845,3.845,3.845,3.845,0.0,3.845,0
2025-07-11,3.871,3.879,3.871,3.879,2.0,3.8725,2
2025-07-14,3.904,3.904,3.889,3.889,7.0,3.8937,4
2025-07-15,3.898,3.898,3.898,3.898,0.0,3.898,0
2025-07-16,3.879,3.928,3.879,3.892,24.0,3.9059,24
2025-07-17,3.903,3.909,3.872,3.889,10.0,3.8971,10
2025-07-18,3.905,3.905,3.8,3.871,14.0,3.858,14
2025-07-21,3.818,3.848,3.818,3.848,8.0,3.8233,8
2025-07-22,3.821,3.86,3.82,3.86,7.0,3.8276,7
2025-07-23,3.805,3.807,3.805,3.807,1.0,3.805,1
2025-07-24,3.812,3.812,3.801,3.803,16.0,3.8017,3
2025-07-25,3.778,3.784,3.772,3.784,2.0,3.775,2
2025-07-28,3.739,3.739,3.712,3.727,6.0,3.7245,6
2025-07-29,3.725,3.736,3.723,3.736,2.0,3.724,2
2025-07-30,3.737,3.737,3.719,3.719,5.0,3.7264,5
2025-07-31,3.722,3.754,3.722,3.746,4.0,3.7345,4
2025-08-01,3.731,3.743,3.729,3.743,4.0,3.7305,4
2025-08-04,3.717,3.738,3.715,3.724,11.0,3.7275,10
2025-08-05,3.743,3.752,3.715,3.715,55.0,3.7262,16
2025-08-06,3.713,3.734,3.711,3.729,25.0,3.7197,22
2025-08-07,3.749,3.749,3.702,3.717,18.0,3.7228,16
2025-08-08,3.73,3.731,3.678,3.683,19.0,3.7246,19
2025-08-11,3.666,3.703,3.665,3.703,23.0,3.6853,19
2025-08-12,3.727,3.727,3.696,3.696,29.0,3.7152,20
2025-08-13,3.695,3.701,3.666,3.685,41.0,3.6824,37
2025-08-14,3.673,3.689,3.657,3.685,29.0,3.6749,21
2025-08-15,3.7,3.729,3.684,3.713,33.0,3.7074,26
2025-08-18,3.705,3.773,3.705,3.755,105.0,3.7446,87
2025-08-19,3.747,3.75,3.72,3.745,21.0,3.7327,19
2025-08-20,3.751,3.76,3.742,3.753,41.0,3.75,38
2025-08-21,3.763,3.781,3.744,3.78,6.0,3.7607,5
2025-08-22,3.764,3.789,3.764,3.775,12.0,3.7733,12
2025-08-25,3.753,3.758,3.742,3.756,49.0,3.7489,16
2025-08-26,3.766,3.767,3.748,3.767,10.0,3.761,5
2025-08-27,3.797,3.806,3.756,3.77,22.0,3.781,20
2025-08-28,3.76,3.807,3.76,3.787,15.0,3.7933,15
2025-08-29,3.785,3.795,3.784,3.795,13.0,3.7864,13
2025-09-02,3.8,3.803,3.785,3.785,15.0,3.7963,14
2025-09-03,3.808,3.813,3.778,3.798,35.0,3.7983,31
2025-09-04,3.798,3.798,3.783,3.79,27.0,3.792,19
2025-09-05,3.795,3.795,3.72,3.736,111.0,3.7373,87
2025-09-08,3.766,3.776,3.745,3.747,18.0,3.7608,18
2025-09-09,3.752,3.759,3.709,3.746,25.0,3.7429,20
2025-09-10,3.736,3.748,3.736,3.738,19.0,3.7429,19
2025-09-11,3.765,3.765,3.74,3.754,81.0,3.747,31
2025-09-12,3.739,3.744,3.739,3.744,3.0,3.7393,3
2025-09-15,3.759,3.774,3.759,3.774,4.0,3.759,1
2025-09-16,3.776,3.795,3.776,3.793,13.0,3.7885,13
2025-09-17,3.78,3.784,3.767,3.784,8.0,3.7759,8
2025-09-18,3.797,3.797,3.769,3.786,9.0,3.7792,9
2025-09-19,3.79,3.807,3.783,3.794,29.0,3.7959,28
2025-09-22,3.797,3.805,3.791,3.793,44.0,3.8012,25
2025-09-23,3.784,3.799,3.776,3.799,24.0,3.7835,17
2025-09-24,3.789,3.813,3.789,3.811,23.0,3.7963,17
2025-09-25,3.814,3.826,3.793,3.801,21.0,3.812,15
2025-09-26,3.8,3.81,3.762,3.773,32.0,3.7752,11
2025-09-29,3.778,3.805,3.778,3.805,44.0,3.7955,12
2025-09-30,3.818,3.824,3.809,3.818,52.0,3.8173,38
2025-10-01,3.827,3.855,3.811,3.855,32.0,3.8383,18
2025-10-02,3.839,3.875,3.833,3.843,25.0,3.8611,20
2025-10-03,3.848,3.861,3.834,3.852,14.0,3.8496,14
2025-10-06,3.866,3.866,3.86,3.86,12.0,3.8652,6
2025-10-07,3.866,3.866,3.847,3.866,17.0,3.8532,17
2025-10-08,3.867,3.868,3.84,3.853,23.0,3.8538,17
2025-10-09,3.832,3.849,3.831,3.835,42.0,3.8417,31
2025-10-10,3.8,3.822,3.792,3.809,57.0,3.803,49
2025-10-13,3.806,3.807,3.78,3.795,29.0,3.7966,26
2025-10-14,3.779,3.78,3.761,3.771,65.0,3.7724,47
2025-10-15,3.769,3.8,3.759,3.79,44.0,3.7818,42
2025-10-16,3.807,3.813,3.762,3.771,22.0,3.7906,14
2025-10-17,3.749,3.792,3.744,3.792,19.0,3.7589,19
2025-10-20,3.821,3.831,3.8,3.822,55.0,3.8169,45
2025-10-21,3.829,3.831,3.804,3.825,17.0,3.8146,16
2025-10-22,3.824,3.827,3.801,3.811,28.0,3.8086,21
2025-10-23,3.806,3.812,3.782,3.804,42.0,3.8019,31
2025-10-24,3.785,3.821,3.784,3.81,45.0,3.7981,37
2025-10-27,3.802,3.831,3.789,3.823,35.0,3.8116,28
2025-10-28,3.801,3.821,3.801,3.821,28.0,3.8098,19
2025-10-29,3.819,3.819,3.786,3.811,61.0,3.8032,55
2025-10-30,3.808,3.826,3.803,3.826,59.0,3.818,31
2025-10-31,3.852,3.861,3.829,3.861,54.0,3.8428,45
2025-11-03,3.867,3.88,3.839,3.855,82.0,3.8555,63
2025-11-04,3.833,3.878,3.833,3.87,73.0,3.8597,53
2025-11-05,3.843,3.859,3.813,3.825,79.0,3.8287,60
2025-11-06,3.829,3.843,3.819,3.843,63.0,3.8314,44
2025-11-07,3.841,3.846,3.829,3.846,43.0,3.8395,27
2025-11-10,3.846,3.85,3.798,3.833,57.0,3.8298,35
2025-11-11,3.85,3.855,3.836,3.855,51.0,3.8422,39
2025-11-12,3.844,3.855,3.842,3.855,27.0,3.8463,18
2025-11-13,3.862,3.881,3.857,3.881,86.0,3.8677,71
2025-11-14,3.846,3.858,3.839,3.852,44.0,3.8484,30
2025-11-17,3.848,3.861,3.838,3.842,16.0,3.8431,16
2025-11-18,3.833,3.852,3.833,3.844,21.0,3.8402,14
2025-11-19,3.817,3.855,3.817,3.847,76.0,3.8359,60
2025-11-20,3.829,3.846,3.823,3.828,60.0,3.8328,41
2025-11-21,3.825,3.834,3.821,3.834,117.0,3.8265,62
2025-11-24,3.818,3.834,3.807,3.834,73.0,3.8154,51
2025-11-25,3.812,3.827,3.791,3.825,173.0,3.8125,147
2025-11-26,3.825,3.849,3.821,3.839,79.0,3.8301,68
2025-11-28,3.834,3.859,3.826,3.85,138.0,3.8398,90
2025-12-01,3.829,3.855,3.787,3.824,140.0,3.8369,109
2025-12-02,3.813,3.835,3.812,3.833,111.0,3.823,85
2025-12-03,3.838,3.845,3.835,3.839,98.0,3.8399,75
2025-12-04,3.842,3.848,3.826,3.844,219.0,3.8365,149
2025-12-05,3.839,3.877,3.835,3.86,271.0,3.8604,211
2025-12-08,3.844,3.854,3.8,3.814,62.0,3.8411,56
2025-12-09,3.782,3.81,3.771,3.777,140.0,3.789,101
2025-12-10,3.789,3.794,3.755,3.767,427.0,3.771,204
2025-12-11,3.77,3.77,3.732,3.754,612.0,3.7523,397
2025-12-12,3.734,3.765,3.72,3.724,204.0,3.7368,161
2025-12-15,3.733,3.74,3.703,3.718,155.0,3.7159,87
2025-12-16,3.74,3.744,3.7,3.716,169.0,3.7207,128
2025-12-17,3.736,3.761,3.732,3.748,72.0,3.7532,64
2025-12-18,3.761,3.773,3.713,3.738,151.0,3.7492,127
2025-12-19,3.701,3.747,3.688,3.738,153.0,3.7299,116
2025-12-22,3.749,3.756,3.709,3.724,128.0,3.7324,116
2025-12-23,3.737,3.777,3.729,3.768,146.0,3.7496,134
2025-12-24,3.768,3.785,3.746,3.746,46.0,3.768,35
2025-12-26,3.765,3.78,3.763,3.775,156.0,3.7714,103
2025-12-29,3.788,3.813,3.788,3.808,126.0,3.8003,89
2025-12-30,3.804,3.838,3.795,3.795,135.0,3.8177,96
2025-12-31,3.778,3.793,3.759,3.769,95.0,3.7722,68
2026-01-02,3.762,3.768,3.734,3.734,193.0,3.7538,117
2026-01-05,3.694,3.736,3.68,3.71,129.0,3.7042,82
2026-01-06,3.701,3.704,3.665,3.666,107.0,3.6742,81
2026-01-07,3.67,3.72,3.668,3.673,169.0,3.6825,130
2026-01-08,3.68,3.68,3.638,3.646,127.0,3.6569,104
2026-01-09,3.636,3.653,3.554,3.571,310.0,3.5851,185
2026-01-12,3.588,3.619,3.58,3.613,136.0,3.598,122
2026-01-13,3.59,3.623,3.59,3.614,108.0,3.6137,80
2026-01-14,3.603,3.611,3.537,3.551,276.0,3.5521,148
2026-01-15,3.553,3.587,3.53,3.581,248.0,3.5617,124
2026-01-16,3.587,3.61,3.584,3.61,308.0,3.6042,133
2026-01-20,3.687,3.721,3.635,3.673,379.0,3.6634,289
2026-01-21,3.618,3.739,3.617,3.685,187.0,3.6922,174
2026-01-22,3.636,3.693,3.583,3.644,249.0,3.6576,221
2026-01-23,3.623,3.677,3.587,3.606,296.0,3.6204,257
2026-01-26,3.677,3.685,3.541,3.592,452.0,3.593,380
2026-01-27,3.535,3.59,3.48,3.571,442.0,3.5517,368
2026-01-28,3.562,3.578,3.539,3.572,467.0,3.5589,393
2026-01-29,3.568,3.628,3.556,3.619,214.0,3.6007,169
2026-01-30,3.606,3.681,3.606,3.657,664.0,3.6607,549
2026-02-02,3.59,3.65,3.535,3.589,771.0,3.5956,557
2026-02-03,3.541,3.59,3.518,3.589,575.0,3.5607,312
2026-02-04,3.579,3.623,3.568,3.6,517.0,3.5972,423
2026-02-05,3.572,3.614,3.572,3.609,203.0,3.602,158
2026-02-06,3.581,3.625,3.555,3.573,616.0,3.5843,463
2026-02-09,3.549,3.569,3.5,3.558,348.0,3.5425,265
2026-02-10,3.559,3.599,3.555,3.584,275.0,3.584,190
2026-02-11,3.591,3.597,3.565,3.581,271.0,3.5823,192
2026-02-12,3.573,3.59,3.545,3.553,263.0,3.575,233
2026-02-13,3.516,3.555,3.516,3.551,234.0,3.5402,177
2026-02-17,3.509,3.546,3.476,3.487,501.0,3.5071,417
2026-02-18,3.487,3.5,3.467,3.488,261.0,3.4853,203
2026-02-19,3.509,3.559,3.504,3.537,377.0,3.5317,271
2026-02-20,3.537,3.595,3.537,3.566,222.0,3.5614,207
2026-02-23,3.585,3.585,3.545,3.559,218.0,3.5672,185
2026-02-24,3.558,3.578,3.546,3.551,265.0,3.5675,185
2026-02-25,3.553,3.579,3.55,3.566,138.0,3.5706,123
2026-02-26,3.566,3.6,3.541,3.577,277.0,3.5721,240
2026-02-27,3.585,3.589,3.564,3.574,163.0,3.5747,132
2026-03-02,3.588,3.63,3.559,3.581,562.0,3.592,448
2026-03-03,3.595,3.636,3.535,3.564,775.0,3.5882,625
2026-03-04,3.524,3.574,3.52,3.552,393.0,3.5512,291
2026-03-05,3.586,3.592,3.556,3.573,477.0,3.5737,388
2026-03-06,3.576,3.615,3.557,3.571,919.0,3.5837,698
2026-03-09,3.625,3.66,3.535,3.584,291.0,3.5903,246
2026-03-10,3.527,3.576,3.515,3.557,238.0,3.5485,182
2026-03-11,3.59,3.59,3.561,3.574,244.0,3.574,193
2026-03-12,3.591,3.616,3.574,3.596,302.0,3.6006,265
2026-03-13,3.6,3.632,3.586,3.597,228.0,3.6029,165
2026-03-16,3.6,3.606,3.568,3.587,148.0,3.5852,105
2026-03-17,3.572,3.611,3.572,3.601,195.0,3.596,124
2026-03-18,3.582,3.644,3.576,3.623,1297.0,3.6255,1129
2026-03-19,3.65,3.73,3.63,3.656,632.0,3.6734,491
2026-03-20,3.633,3.657,3.603,3.656,407.0,3.6385,280
2026-03-23,3.659,3.67,3.601,3.629,243.0,3.6279,183
2026-03-24,3.627,3.628,3.56,3.626,241.0,3.6058,191
2026-03-25,3.588,3.613,3.574,3.611,405.0,3.5943,268
2026-03-26,3.612,3.623,3.599,3.61,158.0,3.6123,113
2026-03-27,3.616,3.655,3.608,3.655,281.0,3.6362,178
2026-03-30,3.641,3.664,3.619,3.631,148.0,3.6375,98
2026-03-31,3.619,3.654,3.559,3.567,381.0,3.5914,283
2026-04-01,3.549,3.6,3.477,3.492,344.0,3.5171,253
2026-04-02,3.5,3.528,3.48,3.493,221.0,3.4953,155
2026-04-06,3.508,3.51,3.489,3.505,46.0,3.4977,32
2026-04-07,3.503,3.543,3.493,3.535,134.0,3.5276,88
2026-04-08,3.495,3.515,3.447,3.464,672.0,3.4647,488
2026-04-09,3.473,3.493,3.431,3.445,162.0,3.4537,115
2026-04-10,3.437,3.437,3.391,3.401,490.0,3.4084,315
2026-04-13,3.432,3.444,3.346,3.354,465.0,3.3822,334
2026-04-14,3.345,3.358,3.305,3.315,458.0,3.3237,304
2026-04-15,3.319,3.339,3.304,3.335,511.0,3.3247,333
2026-04-16,3.335,3.406,3.324,3.378,569.0,3.3673,363
2026-04-17,3.395,3.437,3.377,3.426,376.0,3.4059,253
2026-04-20,3.439,3.444,3.413,3.428,349.0,3.4276,223
2026-04-21,3.417,3.443,3.407,3.425,257.0,3.4289,175
2026-04-22,3.422,3.458,3.417,3.448,230.0,3.441,153
2026-04-23,3.439,3.443,3.406,3.43,316.0,3.4183,216
2026-04-24,3.406,3.422,3.381,3.388,307.0,3.3973,244
2026-04-27,3.408,3.417,3.362,3.364,222.0,3.3851,171
2026-04-28,3.362,3.391,3.35,3.365,232.0,3.3699,150
2026-04-29,3.366,3.384,3.36,3.374,342.0,3.3742,229
2026-04-30,3.371,3.394,3.351,3.392,528.0,3.3763,347
2026-05-01,3.385,3.405,3.369,3.392,284.0,3.388,191
2026-05-04,3.402,3.457,3.396,3.447,311.0,3.4316,232
2026-05-05,3.433,3.436,3.388,3.402,476.0,3.4079,220
2026-05-06,3.392,3.392,3.344,3.352,190.0,3.3583,123
2026-05-07,3.337,3.349,3.321,3.334,625.0,3.3354,437
2026-05-08,3.341,3.369,3.332,3.352,298.0,3.3493,200
2026-05-11,3.364,3.382,3.357,3.379,288.0,3.3721,197
2026-05-12,3.387,3.397,3.321,3.341,298.0,3.3509,224
2026-05-13,3.334,3.348,3.314,3.321,896.0,3.3276,637
2026-05-14,3.323,3.327,3.294,3.301,419.0,3.3066,309
2026-05-15,3.315,3.324,3.281,3.3,435.0,3.3052,291
2026-05-18,3.312,3.34,3.308,3.329,313.0,3.3212,213
2026-05-19,3.333,3.356,3.328,3.354,756.0,3.3449,573
2026-05-20,3.35,3.354,3.306,3.314,436.0,3.3194,328
2026-05-21,3.322,3.327,3.292,3.306,480.0,3.3106,315
2026-05-22,3.299,3.308,3.269,3.276,648.0,3.289,477
2026-05-26,3.285,3.295,3.242,3.25,552.0,3.2731,403
2026-05-27,3.246,3.261,3.219,3.245,848.0,3.2391,649
2026-05-28,3.245,3.325,3.241,3.311,918.0,3.2932,575
2026-05-29,3.326,3.351,3.313,3.326,785.0,3.3266,518
2026-06-01,3.35,3.358,3.303,3.328,769.0,3.3289,480
2026-06-02,3.322,3.34,3.293,3.335,484.0,3.3269,332
2026-06-03,3.34,3.356,3.328,3.347,881.0,3.3441,546
2026-06-04,3.349,3.387,3.345,3.379,595.0,3.3671,367
2026-06-05,3.388,3.39,3.345,3.359,358.0,3.3627,271
2026-06-08,3.345,3.367,3.32,3.367,436.0,3.3435,347
2026-06-09,3.371,3.372,3.344,3.354,451.0,3.357,320
2026-06-10,3.351,3.375,3.339,3.363,568.0,3.3577,417
2026-06-11,3.36,3.365,3.33,3.35,289.0,3.3453,191
2026-06-12,3.333,3.357,3.327,3.347,486.0,3.3454,396
2026-06-15,3.331,3.336,3.319,3.334,453.0,3.3267,333
2026-06-16,3.338,3.36,3.328,3.355,344.0,3.3452,279
2026-06-17,3.355,3.368,3.338,3.355,438.0,3.3557,303
2026-06-18,3.353,3.37,3.352,3.364,308.0,3.3615,223
2026-06-22,3.36,3.387,3.355,3.363,257.0,3.3754,193
2026-06-23,3.356,3.374,3.328,3.332,520.0,3.3499,360
2026-06-24,3.33,3.352,3.33,3.348,564.0,3.3442,333
2026-06-25,3.344,3.362,3.333,3.35,835.0,3.3488,525
2026-06-26,3.345,3.368,3.333,3.34,740.0,3.3513,512
2026-06-29,3.332,3.347,3.295,3.299,721.0,3.316,449
2026-06-30,3.295,3.314,3.292,3.314,866.0,3.3063,523
2026-07-01,3.309,3.313,3.275,3.293,472.0,3.2952,364
2026-07-02,3.278,3.299,3.261,3.28,1268.0,3.281,919
2026-07-06,3.284,3.294,3.243,3.26,1740.0,3.2581,1241
2026-07-07,3.273,3.287,3.244,3.263,1177.0,3.2608,793
2026-07-08,3.281,3.293,3.264,3.266,1111.0,3.2756,795
2026-07-09,3.262,3.266,3.201,3.206,1486.0,3.2329,1064
2026-07-10,3.206,3.211,3.183,3.198,1113.0,3.1935,818
2026-07-13,3.185,3.229,3.177,3.217,962.0,3.2071,743
2026-07-14,3.209,3.228,3.201,3.216,1034.0,3.214,711
2026-07-15,3.219,3.231,3.206,3.214,656.0,3.2182,443
2026-07-16,3.213,3.216,3.168,3.18,765.0,3.1921,561
2026-07-17,3.187,3.209,3.172,3.204,693.0,3.1967,490
2026-07-20,3.209,3.209,3.176,3.19,726.0,3.1894,454
2026-07-21,3.192,3.218,3.188,3.214,544.0,3.2062,348
2026-07-22,3.213,3.259,3.213,3.249,991.0,3.2431,601
2026-07-23,3.255,3.28,3.252,3.268,692.0,3.2675,473
2026-07-24,3.256,3.301,3.239,3.256,785.0,3.2736,493
2026-07-27,3.215,3.254,3.188,3.254,1293.0,3.2262,978
2026-07-28,3.235,3.25,3.218,3.239,1294.0,3.2343,900
2026-07-29,3.238,3.271,3.228,3.265,1119.0,3.2581,718
2026-07-30,3.267,3.271,3.237,3.249,1031.0,3.2495,692
2026-07-31,3.243,3.268,3.227,3.239,1211.0,3.2401,802
2026-08-03,3.232,3.27,3.232,3.267,801.0,3.2606,531
2026-08-04,3.265,3.265,3.223,3.235,780.0,3.2359,542
2026-08-05,3.23,3.232,3.218,3.23,607.0,3.2257,402
2026-08-06,3.224,3.225,3.195,3.203,1154.0,3.2047,765
2026-08-07,3.195,3.239,3.195,3.228,756.0,3.2251,432
2026-08-10,3.258,3.268,3.238,3.247,1459.0,3.2518,972
2026-08-11,3.242,3.258,3.234,3.245,851.0,3.2435,546
2026-08-12,3.246,3.27,3.243,3.251,835.0,3.2568,530
2026-08-13,3.244,3.254,3.215,3.24,966.0,3.2334,542
2026-08-14,3.241,3.265,3.221,3.232,1284.0,3.2461,663
