date,open,high,low,close,volume,average,barCount
2017-11-29,3.413,3.413,3.413,3.413,0.0,3.413,0
2017-11-30,3.415,3.415,3.415,3.415,0.0,3.415,0
2017-12-01,3.364,3.364,3.364,3.364,0.0,3.364,0
2017-12-04,3.362,3.362,3.362,3.362,0.0,3.362,0
2017-12-05,3.357,3.357,3.357,3.357,0.0,3.357,0
2017-12-06,3.339,3.339,3.339,3.339,0.0,3.339,0
2017-12-07,3.345,3.345,3.345,3.345,0.0,3.345,0
2017-12-08,3.34,3.34,3.34,3.34,0.0,3.34,0
2017-12-11,3.333,3.333,3.333,3.333,0.0,3.333,0
2017-12-12,3.346,3.346,3.346,3.346,0.0,3.346,0
2017-12-13,3.362,3.362,3.362,3.362,0.0,3.362,0
2017-12-14,3.373,3.373,3.373,3.373,0.0,3.373,0
2017-12-15,3.381,3.381,3.381,3.381,0.0,3.381,0
2017-12-18,3.401,3.401,3.401,3.401,0.0,3.401,0
2017-12-19,3.403,3.403,3.403,3.403,0.0,3.403,0
2017-12-20,3.389,3.389,3.389,3.389,0.0,3.389,0
2017-12-21,3.406,3.406,3.406,3.406,0.0,3.406,0
2017-12-22,3.429,3.429,3.429,3.429,0.0,3.429,0
2017-12-26,3.43,3.43,3.43,3.43,0.0,3.43,0
2017-12-27,3.403,3.403,3.403,3.403,0.0,3.403,0
2017-12-28,3.304,3.304,3.304,3.304,0.0,3.304,0
2017-12-29,3.262,3.262,3.262,3.262,0.0,3.262,0
2018-01-02,3.255,3.255,3.255,3.255,0.0,3.255,0
2018-01-03,3.256,3.256,3.256,3.256,0.0,3.256,0
2018-01-04,3.288,3.288,3.288,3.288,0.0,3.288,0
2018-01-05,3.282,3.282,3.282,3.282,0.0,3.282,0
2018-01-08,3.277,3.277,3.277,3.277,0.0,3.277,0
2018-01-09,3.262,3.262,3.262,3.262,0.0,3.262,0
2018-01-10,3.255,3.255,3.255,3.255,0.0,3.255,0
2018-01-11,3.272,3.272,3.272,3.272,0.0,3.272,0
2018-01-12,3.259,3.259,3.259,3.259,0.0,3.259,0
2018-01-16,3.222,3.222,3.222,3.222,0.0,3.222,0
2018-01-17,3.216,3.216,3.216,3.216,0.0,3.216,0
2018-01-18,3.214,3.214,3.214,3.214,0.0,3.214,0
2018-01-19,3.224,3.224,3.224,3.224,0.0,3.224,0
2018-01-22,3.243,3.243,3.243,3.243,0.0,3.243,0
2018-01-23,3.255,3.255,3.255,3.255,0.0,3.255,0
2018-01-24,3.269,3.269,3.269,3.269,0.0,3.269,0
2018-01-25,3.293,3.293,3.293,3.293,0.0,3.293,0
2018-01-26,3.259,3.259,3.259,3.259,0.0,3.259,0
2018-01-29,3.261,3.261,3.261,3.261,0.0,3.261,0
2018-01-30,3.278,3.278,3.278,3.278,0.0,3.278,0
2018-01-31,3.237,3.237,3.237,3.237,0.0,3.237,0
2018-02-01,3.233,3.233,3.233,3.233,0.0,3.233,0
2018-02-02,3.258,3.258,3.258,3.258,0.0,3.258,0
2018-02-05,3.28,3.28,3.28,3.28,0.0,3.28,0
2018-02-06,3.264,3.264,3.264,3.264,0.0,3.264,0
2018-02-07,3.242,3.242,3.242,3.242,0.0,3.242,0
2018-02-08,3.255,3.255,3.255,3.255,0.0,3.255,0
2018-02-09,3.224,3.224,3.224,3.224,0.0,3.224,0
2018-02-12,3.214,3.214,3.214,3.214,0.0,3.214,0
2018-02-13,3.197,3.197,3.197,3.197,0.0,3.197,0
2018-02-14,3.202,3.202,3.202,3.202,0.0,3.202,0
2018-02-15,3.205,3.205,3.205,3.205,0.0,3.205,0
2018-02-16,3.218,3.218,3.218,3.218,0.0,3.218,0
2018-02-20,3.221,3.221,3.221,3.221,0.0,3.221,0
2018-02-21,3.239,3.239,3.239,3.239,0.0,3.239,0
2018-02-22,3.251,3.251,3.251,3.251,0.0,3.251,0
2018-02-23,3.243,3.243,3.243,3.243,0.0,3.243,0
2018-02-26,3.239,3.239,3.239,3.239,0.0,3.239,0
2018-02-27,3.242,3.242,3.242,3.242,0.0,3.242,0
2018-02-28,3.217,3.217,3.217,3.217,0.0,3.217,0
2018-03-01,3.256,3.256,3.256,3.256,0.0,3.256,0
2018-03-02,3.273,3.273,3.273,3.273,0.0,3.273,0
2018-03-05,3.291,3.291,3.291,3.291,0.0,3.291,0
2018-03-06,3.288,3.288,3.288,3.288,0.0,3.288,0
2018-03-07,3.281,3.281,3.281,3.281,0.0,3.281,0
2018-03-08,3.243,3.243,3.243,3.243,0.0,3.243,0
2018-03-09,3.204,3.204,3.204,3.204,0.0,3.204,0
2018-03-12,3.21,3.21,3.21,3.21,0.0,3.21,0
2018-03-13,3.217,3.217,3.217,3.217,0.0,3.217,0
2018-03-14,3.237,3.237,3.237,3.237,0.0,3.237,0
2018-03-15,3.295,3.295,3.295,3.295,0.0,3.295,0
2018-03-16,3.305,3.305,3.305,3.305,0.0,3.305,0
2018-03-19,3.295,3.295,3.295,3.295,0.0,3.295,0
2018-03-20,3.3,3.3,3.3,3.3,0.0,3.3,0
2018-03-21,3.308,3.308,3.308,3.308,0.0,3.308,0
2018-03-22,3.296,3.296,3.296,3.296,0.0,3.296,0
2018-03-23,3.218,3.218,3.218,3.218,0.0,3.218,0
2018-03-26,3.246,3.246,3.246,3.246,0.0,3.246,0
2018-03-27,3.25,3.25,3.25,3.25,0.0,3.25,0
2018-03-28,3.279,3.279,3.279,3.279,0.0,3.279,0
2018-03-29,3.317,3.317,3.317,3.317,0.0,3.317,0
2018-04-02,3.299,3.299,3.299,3.299,0.0,3.299,0
2018-04-03,3.277,3.277,3.277,3.277,0.0,3.277,0
2018-04-04,3.251,3.251,3.251,3.251,0.0,3.251,0
2018-04-05,3.267,3.267,3.267,3.267,0.0,3.267,0
2018-04-06,3.261,3.261,3.261,3.261,0.0,3.261,0
2018-04-09,3.245,3.245,3.245,3.245,0.0,3.245,0
2018-04-10,3.254,3.254,3.254,3.254,0.0,3.254,0
2018-04-11,3.262,3.262,3.262,3.262,0.0,3.262,0
2018-04-12,3.285,3.285,3.285,3.285,0.0,3.285,0
2018-04-13,3.278,3.278,3.278,3.278,0.0,3.278,0
2018-04-16,3.28,3.28,3.28,3.28,0.0,3.28,0
2018-04-17,3.242,3.242,3.242,3.242,0.0,3.242,0
2018-04-18,3.243,3.243,3.243,3.243,0.0,3.243,0
2018-04-19,3.245,3.245,3.245,3.245,0.0,3.245,0
2018-04-20,3.253,3.253,3.253,3.253,0.0,3.253,0
2018-04-23,3.254,3.254,3.254,3.254,0.0,3.254,0
2018-04-24,3.252,3.252,3.252,3.252,0.0,3.252,0
2018-04-25,3.241,3.241,3.241,3.241,0.0,3.241,0
2018-04-26,3.231,3.231,3.231,3.231,0.0,3.231,0
2018-04-27,3.233,3.233,3.233,3.233,0.0,3.233,0
2018-04-30,3.225,3.225,3.225,3.225,0.0,3.225,0
2018-05-01,3.205,3.205,3.205,3.205,0.0,3.205,0
2018-05-02,3.233,3.233,3.233,3.233,0.0,3.233,0
2018-05-03,3.243,3.243,3.243,3.243,0.0,3.243,0
2018-05-04,3.241,3.241,3.241,3.241,0.0,3.241,0
2018-05-07,3.239,3.239,3.239,3.239,0.0,3.239,0
2018-05-08,3.194,3.194,3.194,3.194,0.0,3.194,0
2018-05-09,3.18,3.18,3.18,3.18,0.0,3.18,0
2018-05-10,3.176,3.176,3.176,3.176,0.0,3.176,0
2018-05-11,3.179,3.179,3.179,3.179,0.0,3.179,0
2018-05-14,3.171,3.171,3.171,3.171,0.0,3.171,0
2018-05-15,3.209,3.209,3.209,3.209,0.0,3.209,0
2018-05-16,3.183,3.183,3.183,3.183,0.0,3.183,0
2018-05-17,3.19,3.19,3.19,3.19,0.0,3.19,0
2018-05-18,3.205,3.205,3.205,3.205,0.0,3.205,0
2018-05-21,3.2,3.2,3.2,3.2,0.0,3.2,0
2018-05-22,3.149,3.149,3.149,3.149,0.0,3.149,0
2018-05-23,3.126,3.126,3.126,3.126,0.0,3.126,0
2018-05-24,3.12,3.12,3.12,3.12,0.0,3.12,0
2018-05-25,3.092,3.092,3.092,3.092,0.0,3.092,0
2018-05-29,3.072,3.072,3.072,3.072,0.0,3.072,0
2018-05-30,3.083,3.083,3.083,3.083,0.0,3.083,0
2018-05-31,3.071,3.071,3.071,3.071,0.0,3.071,0
2018-06-01,3.061,3.061,3.061,3.061,0.0,3.061,0
2018-06-04,3.074,3.074,3.074,3.074,0.0,3.074,0
2018-06-05,3.089,3.089,3.089,3.089,0.0,3.089,0
2018-06-06,3.084,3.084,3.084,3.084,0.0,3.084,0
2018-06-07,3.082,3.082,3.082,3.082,0.0,3.082,0
2018-06-08,3.085,3.085,3.085,3.085,0.0,3.085,0
2018-06-11,3.084,3.084,3.084,3.084,0.0,3.084,0
2018-06-12,3.118,3.118,3.118,3.118,0.0,3.118,0
2018-06-13,3.129,3.129,3.129,3.129,0.0,3.129,0
2018-06-14,3.145,3.145,3.145,3.145,0.0,3.145,0
2018-06-15,3.15,3.15,3.15,3.15,0.0,3.15,0
2018-06-18,3.186,3.186,3.186,3.186,0.0,3.186,0
2018-06-19,3.188,3.188,3.188,3.188,0.0,3.188,0
2018-06-20,3.187,3.187,3.187,3.187,0.0,3.187,0
2018-06-21,3.171,3.171,3.171,3.171,0.0,3.171,0
2018-06-22,3.173,3.173,3.173,3.173,0.0,3.173,0
2018-06-25,3.169,3.169,3.169,3.169,0.0,3.169,0
2018-06-26,3.166,3.166,3.166,3.166,0.0,3.166,0
2018-06-27,3.169,3.169,3.169,3.169,0.0,3.169,0
2018-06-28,3.148,3.148,3.148,3.148,0.0,3.148,0
2018-06-29,3.145,3.145,3.145,3.145,0.0,3.145,0
2018-07-02,3.136,3.136,3.136,3.136,0.0,3.136,0
2018-07-03,3.133,3.133,3.133,3.133,0.0,3.133,0
2018-07-05,3.135,3.135,3.135,3.135,0.0,3.135,0
2018-07-06,3.134,3.134,3.134,3.134,0.0,3.134,0
2018-07-09,3.125,3.125,3.125,3.125,0.0,3.125,0
2018-07-10,3.129,3.129,3.129,3.129,0.0,3.129,0
2018-07-11,3.107,3.107,3.107,3.107,0.0,3.107,0
2018-07-12,3.107,3.107,3.107,3.107,0.0,3.107,0
2018-07-13,3.102,3.102,3.102,3.102,0.0,3.102,0
2018-07-16,3.075,3.075,3.075,3.075,0.0,3.075,0
2018-07-17,3.06,3.06,3.06,3.06,0.0,3.06,0
2018-07-18,3.071,3.071,3.071,3.071,0.0,3.071,0
2018-07-19,3.063,3.063,3.063,3.063,0.0,3.063,0
2018-07-20,3.069,3.069,3.069,3.069,0.0,3.069,0
2018-07-23,3.078,3.078,3.078,3.078,0.0,3.078,0
2018-07-24,3.076,3.076,3.076,3.076,0.0,3.076,0
2018-07-25,3.104,3.104,3.104,3.104,0.0,3.104,0
2018-07-26,3.1,3.1,3.1,3.1,0.0,3.1,0
2018-07-27,3.119,3.119,3.119,3.119,0.0,3.119,0
2018-07-30,3.123,3.123,3.123,3.123,0.0,3.123,0
2018-07-31,3.126,3.126,3.126,3.126,0.0,3.126,0
2018-08-01,3.096,3.096,3.096,3.096,0.0,3.096,0
2018-08-02,3.1,3.1,3.1,3.1,0.0,3.1,0
2018-08-03,3.1,3.1,3.1,3.1,0.0,3.1,0
2018-08-06,3.088,3.088,3.088,3.088,0.0,3.088,0
2018-08-07,3.161,3.161,3.161,3.161,0.0,3.161,0
2018-08-08,3.174,3.174,3.174,3.174,0.0,3.174,0
2018-08-09,3.174,3.174,3.174,3.174,0.0,3.174,0
2018-08-10,3.171,3.171,3.171,3.171,0.0,3.171,0
2018-08-13,3.172,3.172,3.172,3.172,0.0,3.172,0
2018-08-14,3.171,3.171,3.171,3.171,0.0,3.171,0
2018-08-15,3.172,3.172,3.172,3.172,0.0,3.172,0
2018-08-16,3.162,3.162,3.162,3.162,0.0,3.162,0
2018-08-17,3.164,3.164,3.164,3.164,0.0,3.164,0
2018-08-20,3.163,3.163,3.163,3.163,0.0,3.163,0
2018-08-21,3.181,3.181,3.181,3.181,0.0,3.181,0
2018-08-22,3.168,3.168,3.168,3.168,0.0,3.168,0
2018-08-23,3.167,3.167,3.167,3.167,0.0,3.167,0
2018-08-24,3.154,3.154,3.154,3.154,0.0,3.154,0
2018-08-27,3.124,3.124,3.124,3.124,0.0,3.124,0
2018-08-28,3.1,3.1,3.1,3.1,0.0,3.1,0
2018-08-29,3.104,3.104,3.104,3.104,0.0,3.104,0
2018-08-30,3.085,3.085,3.085,3.085,0.0,3.085,0
2018-08-31,3.099,3.099,3.099,3.099,0.0,3.099,0
2018-09-04,3.089,3.089,3.089,3.089,0.0,3.089,0
2018-09-05,3.094,3.094,3.094,3.094,0.0,3.094,0
2018-09-06,3.113,3.113,3.113,3.113,0.0,3.113,0
2018-09-07,3.112,3.112,3.112,3.112,0.0,3.112,0
2018-09-10,3.115,3.115,3.115,3.115,0.0,3.115,0
2018-09-11,3.112,3.112,3.112,3.112,0.0,3.112,0
2018-09-12,3.122,3.122,3.122,3.122,0.0,3.122,0
2018-09-13,3.138,3.138,3.138,3.138,0.0,3.138,0
2018-09-14,3.147,3.147,3.147,3.147,0.0,3.147,0
2018-09-17,3.151,3.151,3.151,3.151,0.0,3.151,0
2018-09-18,3.161,3.161,3.161,3.161,0.0,3.161,0
2018-09-19,3.163,3.163,3.163,3.163,0.0,3.163,0
2018-09-20,3.167,3.167,3.167,3.167,0.0,3.167,0
2018-09-21,3.165,3.165,3.165,3.165,0.0,3.165,0
2018-09-24,3.163,3.163,3.163,3.163,0.0,3.163,0
2018-09-25,3.166,3.166,3.166,3.166,0.0,3.166,0
2018-09-26,3.175,3.175,3.175,3.175,0.0,3.175,0
2018-09-27,3.176,3.176,3.176,3.176,0.0,3.176,0
2018-09-28,3.177,3.177,3.177,3.177,0.0,3.177,0
2018-10-01,3.182,3.182,3.182,3.182,0.0,3.182,0
2018-10-02,3.18,3.18,3.18,3.18,0.0,3.18,0
2018-10-03,3.179,3.179,3.179,3.179,0.0,3.179,0
2018-10-04,3.18,3.18,3.18,3.18,0.0,3.18,0
2018-10-05,3.183,3.183,3.183,3.183,0.0,3.183,0
2018-10-08,3.188,3.188,3.188,3.188,0.0,3.188,0
2018-10-09,3.183,3.183,3.183,3.183,0.0,3.183,0
2018-10-10,3.179,3.179,3.179,3.179,0.0,3.179,0
2018-10-11,3.204,3.204,3.204,3.204,0.0,3.204,0
2018-10-12,3.224,3.224,3.224,3.224,0.0,3.224,0
2018-10-15,3.223,3.223,3.223,3.223,0.0,3.223,0
2018-10-16,3.243,3.243,3.243,3.243,0.0,3.243,0
2018-10-17,3.238,3.238,3.238,3.238,0.0,3.238,0
2018-10-18,3.237,3.237,3.237,3.237,0.0,3.237,0
2018-10-19,3.234,3.234,3.234,3.234,0.0,3.234,0
2018-10-22,3.235,3.235,3.235,3.235,0.0,3.235,0
2018-10-23,3.234,3.234,3.234,3.234,0.0,3.234,0
2018-10-24,3.231,3.231,3.231,3.231,0.0,3.231,0
2018-10-25,3.221,3.221,3.221,3.221,0.0,3.221,0
2018-10-26,3.223,3.223,3.223,3.223,0.0,3.223,0
2018-10-29,3.224,3.224,3.224,3.224,0.0,3.224,0
2018-10-30,3.242,3.242,3.242,3.242,0.0,3.242,0
2018-10-31,3.241,3.241,3.241,3.241,0.0,3.241,0
2018-11-01,3.253,3.253,3.253,3.253,0.0,3.253,0
2018-11-02,3.26,3.26,3.26,3.26,0.0,3.26,0
2018-11-05,3.274,3.274,3.274,3.274,0.0,3.274,0
2018-11-06,3.29,3.29,3.29,3.29,0.0,3.29,0
2018-11-07,3.288,3.288,3.288,3.288,0.0,3.288,0
2018-11-08,3.289,3.289,3.289,3.289,0.0,3.289,0
2018-11-09,3.292,3.292,3.292,3.292,0.0,3.292,0
2018-11-12,3.315,3.315,3.315,3.315,0.0,3.315,0
2018-11-13,3.294,3.294,3.294,3.294,0.0,3.294,0
2018-11-14,3.278,3.278,3.278,3.278,0.0,3.278,0
2018-11-15,3.293,3.293,3.293,3.293,0.0,3.293,0
2018-11-16,3.264,3.264,3.264,3.264,0.0,3.264,0
2018-11-19,3.251,3.251,3.251,3.251,0.0,3.251,0
2018-11-20,3.249,3.249,3.249,3.249,0.0,3.249,0
2018-11-21,3.247,3.247,3.247,3.247,0.0,3.247,0
2018-11-23,3.272,3.272,3.272,3.272,0.0,3.272,0
2018-11-26,3.265,3.265,3.265,3.265,0.0,3.265,0
2018-11-27,3.261,3.261,3.261,3.261,0.0,3.261,0
2018-11-28,3.262,3.262,3.262,3.262,0.0,3.262,0
2018-11-29,3.292,3.292,3.292,3.292,0.0,3.292,0
2018-11-30,3.348,3.348,3.348,3.348,0.0,3.348,0
2018-12-03,3.32,3.32,3.32,3.32,0.0,3.32,0
2018-12-04,3.306,3.306,3.306,3.306,0.0,3.306,0
2018-12-05,3.297,3.297,3.297,3.297,0.0,3.297,0
2018-12-06,3.308,3.308,3.308,3.308,0.0,3.308,0
2018-12-07,3.315,3.315,3.315,3.315,0.0,3.315,0
2018-12-10,3.316,3.316,3.316,3.316,0.0,3.316,0
2018-12-11,3.291,3.291,3.291,3.291,0.0,3.291,0
2018-12-12,3.293,3.293,3.293,3.293,0.0,3.293,0
2018-12-13,3.261,3.261,3.261,3.261,0.0,3.261,0
2018-12-14,3.271,3.271,3.271,3.271,0.0,3.271,0
2018-12-17,3.27,3.27,3.27,3.27,0.0,3.27,0
2018-12-18,3.265,3.265,3.265,3.265,0.0,3.265,0
2018-12-19,3.288,3.288,3.288,3.288,0.0,3.288,0
2018-12-20,3.303,3.303,3.303,3.303,0.0,3.303,0
2018-12-21,3.306,3.306,3.306,3.306,0.0,3.306,0
2018-12-24,3.305,3.305,3.305,3.305,0.0,3.305,0
2018-12-26,3.302,3.302,3.302,3.302,0.0,3.302,0
2018-12-27,3.3,3.3,3.3,3.3,0.0,3.3,0
2018-12-28,3.3,3.3,3.3,3.3,0.0,3.3,0
2018-12-31,3.309,3.309,3.309,3.309,0.0,3.309,0
2019-01-02,3.309,3.309,3.309,3.309,0.0,3.309,0
2019-01-03,3.298,3.298,3.298,3.298,0.0,3.298,0
2019-01-04,3.298,3.298,3.298,3.298,0.0,3.298,0
2019-01-07,3.3,3.3,3.3,3.3,0.0,3.3,0
2019-01-08,3.295,3.295,3.295,3.295,0.0,3.295,0
2019-01-09,3.295,3.295,3.295,3.295,0.0,3.295,0
2019-01-10,3.294,3.294,3.294,3.294,0.0,3.294,0
2019-01-11,3.301,3.301,3.301,3.301,0.0,3.301,0
2019-01-14,3.3,3.3,3.3,3.3,0.0,3.3,0
2019-01-15,3.292,3.292,3.292,3.292,0.0,3.292,0
2019-01-16,3.261,3.261,3.261,3.261,0.0,3.261,0
2019-01-17,3.261,3.261,3.261,3.261,0.0,3.261,0
2019-01-18,3.274,3.274,3.274,3.274,0.0,3.274,0
2019-01-22,3.287,3.287,3.287,3.287,0.0,3.287,0
2019-01-23,3.288,3.288,3.288,3.288,0.0,3.288,0
2019-01-24,3.265,3.265,3.265,3.265,0.0,3.265,0
2019-01-25,3.31,3.31,3.31,3.31,0.0,3.31,0
2019-01-28,3.294,3.294,3.294,3.294,0.0,3.294,0
2019-01-29,3.297,3.297,3.297,3.297,0.0,3.297,0
2019-01-30,3.299,3.299,3.299,3.299,0.0,3.299,0
2019-01-31,3.3,3.3,3.3,3.3,0.0,3.3,0
2019-02-01,3.301,3.301,3.301,3.301,0.0,3.301,0
2019-02-04,3.288,3.288,3.288,3.288,0.0,3.288,0
2019-02-05,3.341,3.341,3.341,3.341,0.0,3.341,0
2019-02-06,3.338,3.338,3.338,3.338,0.0,3.338,0
2019-02-07,3.334,3.334,3.334,3.334,0.0,3.334,0
2019-02-08,3.336,3.336,3.336,3.336,0.0,3.336,0
2019-02-11,3.341,3.341,3.341,3.341,0.0,3.341,0
2019-02-12,3.349,3.349,3.349,3.349,0.0,3.349,0
2019-02-13,3.347,3.347,3.347,3.347,0.0,3.347,0
2019-02-14,3.354,3.354,3.354,3.354,0.0,3.354,0
2019-02-15,3.334,3.334,3.334,3.334,0.0,3.334,0
2019-02-19,3.325,3.325,3.325,3.325,0.0,3.325,0
2019-02-20,3.337,3.337,3.337,3.337,0.0,3.337,0
2019-02-21,3.324,3.324,3.324,3.324,0.0,3.324,0
2019-02-22,3.321,3.321,3.321,3.321,0.0,3.321,0
2019-02-25,3.313,3.313,3.313,3.313,0.0,3.313,0
2019-02-26,3.295,3.295,3.295,3.295,0.0,3.295,0
2019-02-27,3.331,3.331,3.331,3.331,0.0,3.331,0
2019-02-28,3.342,3.342,3.342,3.342,0.0,3.342,0
2019-03-01,3.341,3.341,3.341,3.341,0.0,3.341,0
2019-03-04,3.337,3.337,3.337,3.337,0.0,3.337,0
2019-03-05,3.335,3.335,3.335,3.335,0.0,3.335,0
2019-03-06,3.338,3.338,3.338,3.338,0.0,3.338,0
2019-03-07,3.343,3.343,3.343,3.343,0.0,3.343,0
2019-03-08,3.343,3.343,3.343,3.343,0.0,3.343,0
2019-03-11,3.37,3.37,3.37,3.37,0.0,3.37,0
2019-03-12,3.385,3.385,3.385,3.385,0.0,3.385,0
2019-03-13,3.394,3.394,3.394,3.394,0.0,3.394,0
2019-03-14,3.402,3.402,3.402,3.402,0.0,3.402,0
2019-03-15,3.403,3.403,3.403,3.403,0.0,3.403,0
2019-03-18,3.402,3.402,3.402,3.402,0.0,3.402,0
2019-03-19,3.403,3.403,3.403,3.403,0.0,3.403,0
2019-03-20,3.401,3.401,3.401,3.401,0.0,3.401,0
2019-03-21,3.411,3.411,3.411,3.411,0.0,3.411,0
2019-03-22,3.401,3.401,3.401,3.401,0.0,3.401,0
2019-03-25,3.4,3.4,3.4,3.4,0.0,3.4,0
2019-03-26,3.402,3.402,3.402,3.402,0.0,3.402,0
2019-03-27,3.393,3.393,3.393,3.393,0.0,3.393,0
2019-03-28,3.396,3.396,3.396,3.396,0.0,3.396,0
2019-03-29,3.395,3.395,3.395,3.395,0.0,3.395,0
2019-04-01,3.394,3.394,3.394,3.394,0.0,3.394,0
2019-04-02,3.401,3.401,3.401,3.401,0.0,3.401,0
2019-04-03,3.408,3.408,3.408,3.408,0.0,3.408,0
2019-04-04,3.439,3.439,3.439,3.439,0.0,3.439,0
2019-04-05,3.407,3.407,3.407,3.407,0.0,3.407,0
2019-04-08,3.41,3.41,3.41,3.41,0.0,3.41,0
2019-04-09,3.417,3.417,3.417,3.417,0.0,3.417,0
2019-04-10,3.395,3.395,3.395,3.395,0.0,3.395,0
2019-04-11,3.393,3.393,3.393,3.393,0.0,3.393,0
2019-04-12,3.393,3.393,3.393,3.393,0.0,3.393,0
2019-04-15,3.393,3.393,3.393,3.393,0.0,3.393,0
2019-04-16,3.394,3.394,3.394,3.394,0.0,3.394,0
2019-04-17,3.384,3.384,3.384,3.384,0.0,3.384,0
2019-04-18,3.369,3.369,3.369,3.369,0.0,3.369,0
2019-04-22,3.357,3.357,3.357,3.357,0.0,3.357,0
2019-04-23,3.352,3.352,3.352,3.352,0.0,3.352,0
2019-04-24,3.362,3.362,3.362,3.362,0.0,3.362,0
2019-04-25,3.372,3.372,3.372,3.372,0.0,3.372,0
2019-04-26,3.369,3.369,3.369,3.369,0.0,3.369,0
2019-04-29,3.376,3.376,3.376,3.376,0.0,3.376,0
2019-04-30,3.381,3.381,3.381,3.381,0.0,3.381,0
2019-05-01,3.383,3.383,3.383,3.383,0.0,3.383,0
2019-05-02,3.38,3.38,3.38,3.38,0.0,3.38,0
2019-05-03,3.393,3.393,3.393,3.393,0.0,3.393,0
2019-05-06,3.396,3.396,3.396,3.396,0.0,3.396,0
2019-05-07,3.396,3.396,3.396,3.396,0.0,3.396,0
2019-05-08,3.39,3.39,3.39,3.39,0.0,3.39,0
2019-05-09,3.397,3.397,3.397,3.397,0.0,3.397,0
2019-05-10,3.388,3.388,3.388,3.388,0.0,3.388,0
2019-05-13,3.391,3.391,3.391,3.391,0.0,3.391,0
2019-05-14,3.402,3.402,3.402,3.402,0.0,3.402,0
2019-05-15,3.42,3.42,3.42,3.42,0.0,3.42,0
2019-05-16,3.416,3.416,3.416,3.416,0.0,3.416,0
2019-05-17,3.42,3.42,3.42,3.42,0.0,3.42,0
2019-05-20,3.425,3.425,3.425,3.425,0.0,3.425,0
2019-05-21,3.428,3.428,3.428,3.428,0.0,3.428,0
2019-05-22,3.382,3.382,3.382,3.382,0.0,3.382,0
2019-05-23,3.394,3.394,3.394,3.394,0.0,3.394,0
2019-05-24,3.404,3.404,3.404,3.404,0.0,3.404,0
2019-05-28,3.445,3.445,3.445,3.445,0.0,3.445,0
2019-05-29,3.426,3.426,3.426,3.426,0.0,3.426,0
2019-05-30,3.424,3.424,3.424,3.424,0.0,3.424,0
2019-05-31,3.422,3.422,3.422,3.422,0.0,3.422,0
2019-06-03,3.41,3.41,3.41,3.41,0.0,3.41,0
2019-06-04,3.427,3.427,3.427,3.427,0.0,3.427,0
2019-06-05,3.431,3.431,3.431,3.431,0.0,3.431,0
2019-06-06,3.441,3.441,3.441,3.441,0.0,3.441,0
2019-06-07,3.442,3.442,3.442,3.442,0.0,3.442,0
2019-06-10,3.431,3.431,3.431,3.431,0.0,3.431,0
2019-06-11,3.431,3.431,3.431,3.431,0.0,3.431,0
2019-06-12,3.428,3.428,3.428,3.428,0.0,3.428,0
2019-06-13,3.429,3.429,3.429,3.429,0.0,3.429,0
2019-06-14,3.434,3.434,3.434,3.434,0.0,3.434,0
2019-06-17,3.437,3.437,3.437,3.437,0.0,3.437,0
2019-06-18,3.42,3.42,3.42,3.42,0.0,3.42,0
2019-06-19,3.421,3.421,3.421,3.421,0.0,3.421,0
2019-06-20,3.425,3.425,3.425,3.425,0.0,3.425,0
2019-06-21,3.44,3.44,3.44,3.44,0.0,3.44,0
2019-06-24,3.44,3.44,3.44,3.44,0.0,3.44,0
2019-06-25,3.439,3.439,3.439,3.439,0.0,3.439,0
2019-06-26,3.431,3.431,3.431,3.431,0.0,3.431,0
2019-06-27,3.427,3.427,3.427,3.427,0.0,3.427,0
2019-06-28,3.399,3.399,3.399,3.399,0.0,3.399,0
2019-07-01,3.392,3.392,3.392,3.392,0.0,3.392,0
2019-07-02,3.401,3.401,3.401,3.401,0.0,3.401,0
2019-07-03,3.4,3.4,3.4,3.4,0.0,3.4,0
2019-07-05,3.426,3.426,3.426,3.426,0.0,3.426,0
2019-07-08,3.422,3.422,3.422,3.422,0.0,3.422,0
2019-07-09,3.461,3.461,3.461,3.461,0.0,3.461,0
2019-07-10,3.453,3.453,3.453,3.453,0.0,3.453,0
2019-07-11,3.461,3.461,3.461,3.461,0.0,3.461,0
2019-07-12,3.469,3.469,3.469,3.469,0.0,3.469,0
2019-07-15,3.474,3.474,3.474,3.474,0.0,3.474,0
2019-07-16,3.45,3.45,3.45,3.45,0.0,3.45,0
2019-07-17,3.447,3.447,3.447,3.447,0.0,3.447,0
2019-07-18,3.466,3.466,3.466,3.466,0.0,3.466,0
2019-07-19,3.459,3.459,3.459,3.459,0.0,3.459,0
2019-07-22,3.386,3.386,3.386,3.386,0.0,3.386,0
2019-07-23,3.424,3.424,3.424,3.424,0.0,3.424,0
2019-07-24,3.417,3.417,3.417,3.417,0.0,3.417,0
2019-07-25,3.418,3.418,3.418,3.418,0.0,3.418,0
2019-07-26,3.412,3.412,3.412,3.412,0.0,3.412,0
2019-07-29,3.401,3.401,3.401,3.401,0.0,3.401,0
2019-07-30,3.404,3.404,3.404,3.404,0.0,3.404,0
2019-07-31,3.41,3.41,3.41,3.41,0.0,3.41,0
2019-08-01,3.413,3.413,3.413,3.413,0.0,3.413,0
2019-08-02,3.4,3.4,3.4,3.4,0.0,3.4,0
2019-08-05,3.398,3.398,3.398,3.398,0.0,3.398,0
2019-08-06,3.399,3.399,3.399,3.399,0.0,3.399,0
2019-08-07,3.404,3.404,3.404,3.404,0.0,3.404,0
2019-08-08,3.373,3.373,3.373,3.373,0.0,3.373,0
2019-08-09,3.362,3.362,3.362,3.362,0.0,3.362,0
2019-08-12,3.321,3.321,3.321,3.321,0.0,3.321,0
2019-08-13,3.303,3.303,3.303,3.303,0.0,3.303,0
2019-08-14,3.247,3.247,3.247,3.247,0.0,3.247,0
2019-08-15,3.247,3.247,3.247,3.247,0.0,3.247,0
2019-08-16,3.23,3.23,3.23,3.23,0.0,3.23,0
2019-08-19,3.235,3.235,3.235,3.235,0.0,3.235,0
2019-08-20,3.238,3.238,3.238,3.238,0.0,3.238,0
2019-08-21,3.243,3.243,3.243,3.243,0.0,3.243,0
2019-08-22,3.247,3.247,3.247,3.247,0.0,3.247,0
2019-08-23,3.277,3.277,3.277,3.277,0.0,3.277,0
2019-08-26,3.266,3.266,3.266,3.266,0.0,3.266,0
2019-08-27,3.286,3.286,3.286,3.286,0.0,3.286,0
2019-08-28,3.305,3.305,3.305,3.305,0.0,3.305,0
2019-08-29,3.293,3.293,3.293,3.293,0.0,3.293,0
2019-08-30,3.234,3.234,3.234,3.234,0.0,3.234,0
2019-09-03,3.248,3.248,3.248,3.248,0.0,3.248,0
2019-09-04,3.209,3.209,3.209,3.209,0.0,3.209,0
2019-09-05,3.221,3.221,3.221,3.221,0.0,3.221,0
2019-09-06,3.208,3.208,3.208,3.208,0.0,3.208,0
2019-09-09,3.179,3.179,3.179,3.179,0.0,3.179,0
2019-09-10,3.183,3.183,3.183,3.183,0.0,3.183,0
2019-09-11,3.178,3.178,3.178,3.178,0.0,3.178,0
2019-09-12,3.183,3.183,3.183,3.183,0.0,3.183,0
2019-09-13,3.148,3.148,3.148,3.148,0.0,3.148,0
2019-09-16,3.178,3.178,3.178,3.178,0.0,3.178,0
2019-09-17,3.142,3.142,3.142,3.142,0.0,3.142,0
2019-09-18,3.155,3.155,3.155,3.155,0.0,3.155,0
2019-09-19,3.149,3.149,3.149,3.149,0.0,3.149,0
2019-09-20,3.16,3.16,3.16,3.16,0.0,3.16,0
2019-09-23,3.157,3.157,3.157,3.157,0.0,3.157,0
2019-09-24,3.148,3.148,3.148,3.148,0.0,3.148,0
2019-09-25,3.147,3.147,3.147,3.147,0.0,3.147,0
2019-09-26,3.148,3.148,3.148,3.148,0.0,3.148,0
2019-09-27,3.079,3.079,3.079,3.079,0.0,3.079,0
2019-09-30,3.141,3.141,3.141,3.141,0.0,3.141,0
2019-10-01,3.09,3.09,3.09,3.09,0.0,3.09,0
2019-10-02,3.118,3.118,3.118,3.118,0.0,3.118,0
2019-10-03,3.103,3.103,3.103,3.103,0.0,3.103,0
2019-10-04,3.093,3.093,3.093,3.093,0.0,3.093,0
2019-10-07,3.097,3.097,3.097,3.097,0.0,3.097,0
2019-10-08,3.073,3.073,3.073,3.073,0.0,3.073,0
2019-10-09,3.084,3.084,3.084,3.084,0.0,3.084,0
2019-10-10,3.085,3.085,3.085,3.085,0.0,3.085,0
2019-10-11,3.096,3.096,3.096,3.096,0.0,3.096,0
2019-10-14,3.111,3.111,3.111,3.111,0.0,3.111,0
2019-10-15,3.127,3.127,3.127,3.127,0.0,3.127,0
2019-10-16,3.129,3.129,3.129,3.129,0.0,3.129,0
2019-10-17,3.126,3.126,3.126,3.126,0.0,3.126,0
2019-10-18,3.121,3.121,3.121,3.121,0.0,3.121,0
2019-10-21,3.116,3.116,3.116,3.116,0.0,3.116,0
2019-10-22,3.12,3.12,3.12,3.12,0.0,3.12,0
2019-10-23,3.114,3.114,3.114,3.114,0.0,3.114,0
2019-10-24,3.118,3.118,3.118,3.118,0.0,3.118,0
2019-10-25,3.116,3.116,3.116,3.116,0.0,3.116,0
2019-10-28,3.125,3.125,3.125,3.125,0.0,3.125,0
2019-10-29,3.141,3.141,3.141,3.141,0.0,3.141,0
2019-10-30,3.148,3.148,3.148,3.148,0.0,3.148,0
2019-10-31,3.146,3.146,3.146,3.146,0.0,3.146,0
2019-11-01,3.155,3.155,3.155,3.155,0.0,3.155,0
2019-11-04,3.091,3.091,3.091,3.091,0.0,3.091,0
2019-11-05,3.07,3.07,3.07,3.07,0.0,3.07,0
2019-11-06,3.081,3.081,3.081,3.081,0.0,3.081,0
2019-11-07,3.028,3.028,3.028,3.028,0.0,3.028,0
2019-11-08,3.035,3.035,3.035,3.035,0.0,3.035,0
2019-11-11,3.026,3.026,3.026,3.026,0.0,3.026,0
2019-11-12,2.966,2.966,2.966,2.966,0.0,2.966,0
2019-11-13,2.967,2.967,2.967,2.967,0.0,2.967,0
2019-11-14,2.954,2.954,2.954,2.954,0.0,2.954,0
2019-11-15,2.96,2.96,2.96,2.96,0.0,2.96,0
2019-11-18,2.964,2.964,2.964,2.964,0.0,2.964,0
2019-11-19,2.976,2.976,2.976,2.976,0.0,2.976,0
2019-11-20,2.988,2.988,2.988,2.988,0.0,2.988,0
2019-11-21,2.995,2.995,2.995,2.995,0.0,2.995,0
2019-11-22,2.995,2.995,2.995,2.995,0.0,2.995,0
2019-11-25,2.977,2.977,2.977,2.977,0.0,2.977,0
2019-11-26,2.971,2.971,2.971,2.971,0.0,2.971,0
2019-11-27,2.975,2.975,2.975,2.975,0.0,2.975,0
2019-11-29,2.933,2.933,2.933,2.933,0.0,2.933,0
2019-12-02,2.959,2.959,2.959,2.959,0.0,2.959,0
2019-12-03,2.928,2.928,2.928,2.928,0.0,2.928,0
2019-12-04,2.927,2.927,2.927,2.927,0.0,2.927,0
2019-12-05,2.919,2.919,2.919,2.919,0.0,2.919,0
2019-12-06,2.874,2.874,2.874,2.874,0.0,2.874,0
2019-12-09,2.846,2.846,2.846,2.846,0.0,2.846,0
2019-12-10,2.855,2.855,2.855,2.855,0.0,2.855,0
2019-12-11,2.852,2.852,2.852,2.852,0.0,2.852,0
2019-12-12,2.857,2.857,2.857,2.857,0.0,2.857,0
2019-12-13,2.84,2.84,2.84,2.84,0.0,2.84,0
2019-12-16,2.854,2.854,2.854,2.854,0.0,2.854,0
2019-12-17,2.856,2.856,2.856,2.856,0.0,2.856,0
2019-12-18,2.78,2.78,2.78,2.78,0.0,2.78,0
2019-12-19,2.679,2.679,2.679,2.679,0.0,2.679,0
2019-12-20,2.67,2.67,2.67,2.67,0.0,2.67,0
2019-12-23,2.677,2.677,2.677,2.677,0.0,2.677,0
2019-12-24,2.675,2.675,2.675,2.675,0.0,2.675,0
2019-12-26,2.663,2.663,2.663,2.663,0.0,2.663,0
2019-12-27,2.661,2.661,2.661,2.661,0.0,2.661,0
2019-12-30,2.658,2.658,2.658,2.658,0.0,2.658,0
2019-12-31,2.667,2.667,2.667,2.667,0.0,2.667,0
2020-01-02,2.662,2.662,2.662,2.662,0.0,2.662,0
2020-01-03,2.662,2.662,2.662,2.662,0.0,2.662,0
2020-01-06,2.666,2.666,2.666,2.666,0.0,2.666,0
2020-01-07,2.671,2.671,2.671,2.671,0.0,2.671,0
2020-01-08,2.674,2.674,2.674,2.674,0.0,2.674,0
2020-01-09,2.685,2.685,2.685,2.685,0.0,2.685,0
2020-01-10,2.687,2.687,2.687,2.687,0.0,2.687,0
2020-01-13,2.687,2.687,2.687,2.687,0.0,2.687,0
2020-01-14,2.686,2.686,2.686,2.686,0.0,2.686,0
2020-01-15,2.685,2.685,2.685,2.685,0.0,2.685,0
2020-01-16,2.692,2.692,2.692,2.692,0.0,2.692,0
2020-01-17,2.702,2.702,2.702,2.702,0.0,2.702,0
2020-01-21,2.692,2.692,2.692,2.692,0.0,2.692,0
2020-01-22,2.704,2.704,2.704,2.704,0.0,2.704,0
2020-01-23,2.696,2.696,2.696,2.696,0.0,2.696,0
2020-01-24,2.708,2.708,2.708,2.708,0.0,2.708,0
2020-01-27,2.667,2.667,2.667,2.667,0.0,2.667,0
2020-01-28,2.677,2.677,2.677,2.677,0.0,2.677,0
2020-01-29,2.662,2.662,2.662,2.662,0.0,2.662,0
2020-01-30,2.633,2.633,2.633,2.633,0.0,2.633,0
2020-01-31,2.634,2.634,2.634,2.634,0.0,2.634,0
2020-02-03,2.629,2.629,2.629,2.629,0.0,2.629,0
2020-02-04,2.625,2.625,2.625,2.625,0.0,2.625,0
2020-02-05,2.592,2.592,2.592,2.592,0.0,2.592,0
2020-02-06,2.596,2.596,2.596,2.596,0.0,2.596,0
2020-02-07,2.614,2.614,2.614,2.614,0.0,2.614,0
2020-02-10,2.606,2.606,2.606,2.606,0.0,2.606,0
2020-02-11,2.565,2.565,2.565,2.565,0.0,2.565,0
2020-02-12,2.572,2.572,2.572,2.572,0.0,2.572,0
2020-02-13,2.562,2.562,2.562,2.562,0.0,2.562,0
2020-02-14,2.588,2.588,2.588,2.588,0.0,2.588,0
2020-02-18,2.561,2.561,2.561,2.561,0.0,2.561,0
2020-02-19,2.607,2.607,2.607,2.607,0.0,2.607,0
2020-02-20,2.607,2.607,2.607,2.607,0.0,2.607,0
2020-02-21,2.597,2.597,2.597,2.597,0.0,2.597,0
2020-02-24,2.603,2.603,2.603,2.603,0.0,2.603,0
2020-02-25,2.606,2.606,2.606,2.606,0.0,2.606,0
2020-02-26,2.629,2.629,2.629,2.629,0.0,2.629,0
2020-02-27,2.619,2.619,2.619,2.619,0.0,2.619,0
2020-02-28,2.637,2.637,2.637,2.637,0.0,2.637,0
2020-03-02,2.692,2.692,2.692,2.692,0.0,2.692,0
2020-03-03,2.718,2.718,2.718,2.718,0.0,2.718,0
2020-03-04,2.707,2.707,2.707,2.707,0.0,2.707,0
2020-03-05,2.672,2.672,2.672,2.672,0.0,2.672,0
2020-03-06,2.685,2.685,2.685,2.685,0.0,2.685,0
2020-03-09,2.722,2.722,2.722,2.722,0.0,2.722,0
2020-03-10,2.722,2.722,2.722,2.722,0.0,2.722,0
2020-03-11,2.684,2.684,2.684,2.684,0.0,2.684,0
2020-03-12,2.634,2.634,2.634,2.634,0.0,2.634,0
2020-03-13,2.629,2.629,2.629,2.629,0.0,2.629,0
2020-03-16,2.618,2.618,2.618,2.618,0.0,2.618,0
2020-03-17,2.647,2.647,2.647,2.647,0.0,2.647,0
2020-03-18,2.653,2.653,2.653,2.653,0.0,2.653,0
2020-03-19,2.666,2.666,2.666,2.666,0.0,2.666,0
2020-03-20,2.66,2.66,2.66,2.66,0.0,2.66,0
2020-03-23,2.655,2.655,2.655,2.655,0.0,2.655,0
2020-03-24,2.612,2.612,2.612,2.612,0.0,2.612,0
2020-03-25,2.607,2.607,2.607,2.607,0.0,2.607,0
2020-03-26,2.573,2.573,2.573,2.573,0.0,2.573,0
2020-03-27,2.595,2.595,2.595,2.595,0.0,2.595,0
2020-03-30,2.603,2.603,2.603,2.603,0.0,2.603,0
2020-03-31,2.591,2.591,2.591,2.591,0.0,2.591,0
2020-04-01,2.561,2.561,2.561,2.561,0.0,2.561,0
2020-04-02,2.547,2.547,2.547,2.547,0.0,2.547,0
2020-04-03,2.531,2.531,2.531,2.531,0.0,2.531,0
2020-04-06,2.547,2.547,2.547,2.547,0.0,2.547,0
2020-04-07,2.541,2.541,2.541,2.541,0.0,2.541,0
2020-04-08,2.558,2.558,2.558,2.558,0.0,2.558,0
2020-04-09,2.524,2.524,2.524,2.524,0.0,2.524,0
2020-04-13,2.57,2.57,2.57,2.57,0.0,2.57,0
2020-04-14,2.552,2.552,2.552,2.552,0.0,2.552,0
2020-04-15,2.521,2.521,2.521,2.521,0.0,2.521,0
2020-04-16,2.526,2.526,2.526,2.526,0.0,2.526,0
2020-04-17,2.527,2.527,2.527,2.527,0.0,2.527,0
2020-04-20,2.563,2.563,2.563,2.563,0.0,2.563,0
2020-04-22,2.574,2.574,2.574,2.574,0.0,2.574,0
2020-04-23,2.528,2.528,2.528,2.528,0.0,2.528,0
2020-04-24,2.526,2.526,2.526,2.526,0.0,2.526,0
2020-04-27,2.552,2.552,2.552,2.552,0.0,2.552,0
2020-04-28,2.544,2.544,2.544,2.544,0.0,2.544,0
2020-04-29,2.539,2.539,2.539,2.539,0.0,2.539,0
2020-04-30,2.514,2.514,2.514,2.514,0.0,2.514,0
2020-05-01,2.497,2.497,2.497,2.497,0.0,2.497,0
2020-05-04,2.468,2.468,2.468,2.468,0.0,2.468,0
2020-05-05,2.455,2.455,2.455,2.455,0.0,2.455,0
2020-05-06,2.494,2.494,2.494,2.494,0.0,2.494,0
2020-05-07,2.441,2.441,2.441,2.441,0.0,2.441,0
2020-05-08,2.43,2.43,2.43,2.43,0.0,2.43,0
2020-05-11,2.406,2.406,2.406,2.406,0.0,2.406,0
2020-05-12,2.41,2.41,2.41,2.41,0.0,2.41,0
2020-05-13,2.359,2.359,2.359,2.359,0.0,2.359,0
2020-05-14,2.333,2.333,2.333,2.333,0.0,2.333,0
2020-05-15,2.394,2.394,2.394,2.394,0.0,2.394,0
2020-05-18,2.412,2.412,2.412,2.412,0.0,2.412,0
2020-05-19,2.409,2.409,2.409,2.409,0.0,2.409,0
2020-05-20,2.356,2.356,2.356,2.356,0.0,2.356,0
2020-05-21,2.347,2.347,2.347,2.347,0.0,2.347,0
2020-05-22,2.39,2.39,2.39,2.39,0.0,2.39,0
2020-05-26,2.36,2.36,2.36,2.36,0.0,2.36,0
2020-05-27,2.488,2.488,2.488,2.488,0.0,2.488,0
2020-05-28,2.48,2.48,2.48,2.48,0.0,2.48,0
2020-05-29,2.474,2.474,2.474,2.474,0.0,2.474,0
2020-06-01,2.456,2.456,2.456,2.456,0.0,2.456,0
2020-06-02,2.461,2.461,2.461,2.461,0.0,2.461,0
2020-06-03,2.448,2.448,2.448,2.448,0.0,2.448,0
2020-06-04,2.457,2.457,2.457,2.457,0.0,2.457,0
2020-06-05,2.451,2.451,2.451,2.451,0.0,2.451,0
2020-06-08,2.465,2.465,2.465,2.465,0.0,2.465,0
2020-06-09,2.487,2.487,2.487,2.487,0.0,2.487,0
2020-06-10,2.492,2.492,2.492,2.492,0.0,2.492,0
2020-06-11,2.487,2.487,2.487,2.487,0.0,2.487,0
2020-06-12,2.476,2.476,2.476,2.476,0.0,2.476,0
2020-06-15,2.503,2.503,2.503,2.503,0.0,2.503,0
2020-06-16,2.51,2.51,2.51,2.51,0.0,2.51,0
2020-06-17,2.505,2.505,2.505,2.505,0.0,2.505,0
2020-06-18,2.504,2.504,2.504,2.504,0.0,2.504,0
2020-06-19,2.487,2.487,2.487,2.487,0.0,2.487,0
2020-06-22,2.475,2.475,2.475,2.475,0.0,2.475,0
2020-06-23,2.474,2.474,2.474,2.474,0.0,2.474,0
2020-06-24,2.521,2.521,2.521,2.521,0.0,2.521,0
2020-06-25,2.574,2.574,2.574,2.574,0.0,2.574,0
2020-06-26,2.601,2.601,2.601,2.601,0.0,2.601,0
2020-06-29,2.599,2.599,2.599,2.599,0.0,2.599,0
2020-06-30,2.599,2.599,2.599,2.599,0.0,2.599,0
2020-07-01,2.612,2.612,2.612,2.612,0.0,2.612,0
2020-07-02,2.656,2.656,2.656,2.656,0.0,2.656,0
2020-07-06,2.635,2.635,2.635,2.635,0.0,2.635,0
2020-07-07,2.608,2.608,2.608,2.608,0.0,2.608,0
2020-07-08,2.631,2.631,2.631,2.631,0.0,2.631,0
2020-07-09,2.616,2.616,2.616,2.616,0.0,2.616,0
2020-07-10,2.598,2.598,2.598,2.598,0.0,2.598,0
2020-07-13,2.594,2.594,2.594,2.594,0.0,2.594,0
2020-07-14,2.593,2.593,2.593,2.593,0.0,2.593,0
2020-07-15,2.603,2.603,2.603,2.603,0.0,2.603,0
2020-07-16,2.596,2.596,2.596,2.596,0.0,2.596,0
2020-07-17,2.593,2.593,2.593,2.593,0.0,2.593,0
2020-07-20,2.584,2.584,2.584,2.584,0.0,2.584,0
2020-07-21,2.605,2.605,2.605,2.605,0.0,2.605,0
2020-07-22,2.614,2.614,2.614,2.614,0.0,2.614,0
2020-07-23,2.698,2.698,2.698,2.698,0.0,2.698,0
2020-07-24,2.637,2.637,2.637,2.637,0.0,2.637,0
2020-07-27,2.713,2.713,2.713,2.713,0.0,2.713,0
2020-07-28,2.71,2.71,2.71,2.71,0.0,2.71,0
2020-07-29,2.715,2.715,2.715,2.715,0.0,2.715,0
2020-07-30,2.757,2.757,2.757,2.757,0.0,2.757,0
2020-07-31,2.857,2.857,2.857,2.857,0.0,2.857,0
2020-08-03,2.904,2.904,2.904,2.904,0.0,2.904,0
2020-08-04,2.898,2.898,2.898,2.898,0.0,2.898,0
2020-08-05,2.931,2.931,2.931,2.931,0.0,2.931,0
2020-08-06,2.956,2.956,2.956,2.956,0.0,2.956,0
2020-08-07,3.018,3.018,3.018,3.018,0.0,3.018,0
2020-08-10,2.986,2.986,2.986,2.986,0.0,2.986,0
2020-08-11,2.901,2.901,2.901,2.901,0.0,2.901,0
2020-08-12,2.878,2.878,2.878,2.878,0.0,2.878,0
2020-08-13,2.898,2.898,2.898,2.898,0.0,2.898,0
2020-08-14,2.884,2.884,2.884,2.884,0.0,2.884,0
2020-08-17,2.884,2.884,2.884,2.884,0.0,2.884,0
2020-08-18,2.879,2.879,2.879,2.879,0.0,2.879,0
2020-08-19,2.874,2.874,2.874,2.874,0.0,2.874,0
2020-08-20,2.872,2.872,2.872,2.872,0.0,2.872,0
2020-08-21,2.867,2.867,2.867,2.867,0.0,2.867,0
2020-08-24,2.862,2.862,2.862,2.862,0.0,2.862,0
2020-08-25,2.855,2.855,2.855,2.855,0.0,2.855,0
2020-08-26,2.883,2.883,2.883,2.883,0.0,2.883,0
2020-08-27,2.892,2.892,2.892,2.892,0.0,2.892,0
2020-08-28,2.88,2.88,2.88,2.88,0.0,2.88,0
2020-08-31,2.854,2.854,2.854,2.854,0.0,2.854,0
2020-09-01,2.852,2.852,2.852,2.852,0.0,2.852,0
2020-09-02,2.846,2.846,2.846,2.846,0.0,2.846,0
2020-09-03,2.843,2.843,2.843,2.843,0.0,2.843,0
2020-09-04,2.769,2.769,2.769,2.769,0.0,2.769,0
2020-09-08,2.77,2.77,2.77,2.77,0.0,2.77,0
2020-09-09,2.756,2.756,2.756,2.756,0.0,2.756,0
2020-09-10,2.738,2.738,2.738,2.738,0.0,2.738,0
2020-09-11,2.715,2.715,2.715,2.715,0.0,2.715,0
2020-09-14,2.688,2.688,2.688,2.688,0.0,2.688,0
2020-09-15,2.695,2.695,2.695,2.695,0.0,2.695,0
2020-09-16,2.55,2.55,2.55,2.55,0.0,2.55,0
2020-09-17,2.538,2.538,2.538,2.538,0.0,2.538,0
2020-09-18,2.559,2.559,2.559,2.559,0.0,2.559,0
2020-09-21,2.53,2.53,2.53,2.53,0.0,2.53,0
2020-09-22,2.569,2.569,2.569,2.569,0.0,2.569,0
2020-09-23,2.609,2.609,2.609,2.609,0.0,2.609,0
2020-09-24,2.635,2.635,2.635,2.635,0.0,2.635,0
2020-09-25,2.654,2.654,2.654,2.654,0.0,2.654,0
2020-09-28,2.662,2.662,2.662,2.662,0.0,2.662,0
2020-09-29,2.633,2.633,2.633,2.633,0.0,2.633,0
2020-09-30,2.614,2.614,2.614,2.614,0.0,2.614,0
2020-10-01,2.594,2.594,2.594,2.594,0.0,2.594,0
2020-10-02,2.591,2.591,2.591,2.591,0.0,2.591,0
2020-10-05,2.569,2.569,2.569,2.569,0.0,2.569,0
2020-10-06,2.576,2.576,2.576,2.576,0.0,2.576,0
2020-10-07,2.599,2.599,2.599,2.599,0.0,2.599,0
2020-10-08,2.574,2.574,2.574,2.574,0.0,2.574,0
2020-10-09,2.604,2.604,2.604,2.604,0.0,2.604,0
2020-10-12,2.59,2.59,2.59,2.59,0.0,2.59,0
2020-10-13,2.57,2.57,2.57,2.57,0.0,2.57,0
2020-10-14,2.597,2.597,2.597,2.597,0.0,2.597,0
2020-10-15,2.583,2.583,2.583,2.583,0.0,2.583,0
2020-10-16,2.586,2.586,2.586,2.586,0.0,2.586,0
2020-10-19,2.629,2.629,2.629,2.629,0.0,2.629,0
2020-10-20,2.57,2.57,2.57,2.57,0.0,2.57,0
2020-10-21,2.591,2.591,2.591,2.591,0.0,2.591,0
2020-10-22,2.593,2.593,2.593,2.593,0.0,2.593,0
2020-10-23,2.655,2.655,2.655,2.655,0.0,2.655,0
2020-10-26,2.568,2.568,2.568,2.568,0.0,2.568,0
2020-10-27,2.602,2.602,2.602,2.602,0.0,2.602,0
2020-10-28,2.652,2.652,2.652,2.652,0.0,2.652,0
2020-10-29,2.664,2.664,2.664,2.664,0.0,2.664,0
2020-10-30,2.681,2.681,2.681,2.681,0.0,2.681,0
2020-11-02,2.574,2.574,2.574,2.574,0.0,2.574,0
2020-11-03,2.663,2.663,2.663,2.663,0.0,2.663,0
2020-11-04,2.66,2.66,2.66,2.66,0.0,2.66,0
2020-11-05,2.655,2.655,2.655,2.655,0.0,2.655,0
2020-11-06,2.645,2.645,2.645,2.645,0.0,2.645,0
2020-11-09,2.641,2.641,2.641,2.641,0.0,2.641,0
2020-11-10,2.651,2.651,2.651,2.651,0.0,2.651,0
2020-11-11,2.666,2.666,2.666,2.666,0.0,2.666,0
2020-11-12,2.663,2.663,2.663,2.663,0.0,2.663,0
2020-11-13,2.537,2.537,2.537,2.537,0.0,2.537,0
2020-11-16,2.534,2.534,2.534,2.534,0.0,2.534,0
2020-11-17,2.551,2.551,2.551,2.551,0.0,2.551,0
2020-11-18,2.575,2.575,2.575,2.575,0.0,2.575,0
2020-11-19,2.575,2.575,2.575,2.575,0.0,2.575,0
2020-11-20,2.568,2.568,2.568,2.568,0.0,2.568,0
2020-11-23,2.562,2.562,2.562,2.562,0.0,2.562,0
2020-11-24,2.564,2.564,2.564,2.564,0.0,2.564,0
2020-11-25,2.547,2.547,2.547,2.547,0.0,2.547,0
2020-11-27,2.543,2.543,2.543,2.543,0.0,2.543,0
2020-11-30,2.529,2.529,2.529,2.529,0.0,2.529,0
2020-12-01,2.591,2.591,2.591,2.591,0.0,2.591,0
2020-12-02,2.636,2.636,2.636,2.636,0.0,2.636,0
2020-12-03,2.608,2.608,2.608,2.608,0.0,2.608,0
2020-12-04,2.648,2.648,2.648,2.648,0.0,2.648,0
2020-12-07,2.619,2.619,2.619,2.619,0.0,2.619,0
2020-12-08,2.607,2.607,2.607,2.607,0.0,2.607,0
2020-12-09,2.617,2.617,2.617,2.617,0.0,2.617,0
2020-12-10,2.622,2.622,2.622,2.622,0.0,2.622,0
2020-12-11,2.641,2.641,2.641,2.641,0.0,2.641,0
2020-12-14,2.635,2.635,2.635,2.635,0.0,2.635,0
2020-12-15,2.62,2.62,2.62,2.62,0.0,2.62,0
2020-12-16,2.632,2.632,2.632,2.632,0.0,2.632,0
2020-12-17,2.62,2.62,2.62,2.62,0.0,2.62,0
2020-12-18,2.634,2.634,2.634,2.634,0.0,2.634,0
2020-12-21,2.605,2.605,2.605,2.605,0.0,2.605,0
2020-12-22,2.65,2.65,2.65,2.65,0.0,2.65,0
2020-12-23,2.645,2.645,2.645,2.645,0.0,2.645,0
2020-12-24,2.657,2.657,2.657,2.657,0.0,2.657,0
2020-12-28,2.576,2.576,2.576,2.576,0.0,2.576,0
2020-12-29,2.645,2.645,2.645,2.645,0.0,2.645,0
2020-12-30,2.616,2.616,2.616,2.616,0.0,2.616,0
2020-12-31,2.618,2.618,2.618,2.618,0.0,2.618,0
2021-01-04,2.626,2.626,2.626,2.626,0.0,2.626,0
2021-01-05,2.641,2.641,2.641,2.641,0.0,2.641,0
2021-01-06,2.674,2.674,2.674,2.674,0.0,2.674,0
2021-01-07,2.642,2.642,2.642,2.642,0.0,2.642,0
2021-01-08,2.626,2.626,2.626,2.626,0.0,2.626,0
2021-01-11,2.629,2.629,2.629,2.629,0.0,2.629,0
2021-01-12,2.636,2.636,2.636,2.636,0.0,2.636,0
2021-01-13,2.667,2.667,2.667,2.667,0.0,2.667,0
2021-01-14,2.615,2.615,2.615,2.615,0.0,2.615,0
2021-01-15,2.651,2.651,2.651,2.651,0.0,2.651,0
2021-01-19,2.697,2.697,2.697,2.697,0.0,2.697,0
2021-01-20,2.711,2.711,2.711,2.711,0.0,2.711,0
2021-01-21,2.752,2.752,2.752,2.752,0.0,2.752,0
2021-01-22,2.752,2.752,2.752,2.752,0.0,2.752,0
2021-01-25,2.709,2.709,2.709,2.709,0.0,2.709,0
2021-01-26,2.738,2.738,2.738,2.738,0.0,2.738,0
2021-01-27,2.753,2.753,2.753,2.753,0.0,2.753,0
2021-01-28,2.752,2.752,2.752,2.752,0.0,2.752,0
2021-01-29,2.696,2.696,2.696,2.696,0.0,2.696,0
2021-02-01,2.7,2.7,2.7,2.7,0.0,2.7,0
2021-02-02,2.696,2.696,2.696,2.696,0.0,2.696,0
2021-02-03,2.677,2.677,2.677,2.677,0.0,2.677,0
2021-02-04,2.653,2.653,2.653,2.653,0.0,2.653,0
2021-02-05,2.662,2.662,2.662,2.662,0.0,2.662,0
2021-02-08,2.682,2.682,2.682,2.682,0.0,2.682,0
2021-02-09,2.682,2.682,2.682,2.682,0.0,2.682,0
2021-02-10,2.687,2.687,2.687,2.687,0.0,2.687,0
2021-02-11,2.674,2.674,2.674,2.674,0.0,2.674,0
2021-02-12,2.668,2.668,2.668,2.668,0.0,2.668,0
2021-02-16,2.685,2.685,2.685,2.685,0.0,2.685,0
2021-02-17,2.68,2.68,2.68,2.68,0.0,2.68,0
2021-02-18,2.67,2.67,2.67,2.67,0.0,2.67,0
2021-02-19,2.666,2.666,2.666,2.666,0.0,2.666,0
2021-02-22,2.668,2.668,2.668,2.668,0.0,2.668,0
2021-02-23,2.673,2.673,2.673,2.673,0.0,2.673,0
2021-02-24,2.667,2.667,2.667,2.667,0.0,2.667,0
2021-02-25,2.616,2.616,2.616,2.616,0.0,2.616,0
2021-02-26,2.636,2.636,2.636,2.636,0.0,2.636,0
2021-03-01,2.654,2.654,2.654,2.654,0.0,2.654,0
2021-03-02,2.653,2.653,2.653,2.653,0.0,2.653,0
2021-03-03,2.628,2.628,2.628,2.628,0.0,2.628,0
2021-03-04,2.586,2.586,2.586,2.586,0.0,2.586,0
2021-03-05,2.592,2.592,2.592,2.592,0.0,2.592,0
2021-03-08,2.61,2.61,2.61,2.61,0.0,2.61,0
2021-03-09,2.617,2.617,2.617,2.617,0.0,2.617,0
2021-03-10,2.615,2.615,2.615,2.615,0.0,2.615,0
2021-03-11,2.612,2.612,2.612,2.612,0.0,2.612,0
2021-03-12,2.629,2.629,2.629,2.629,0.0,2.629,0
2021-03-15,2.602,2.602,2.602,2.602,0.0,2.602,0
2021-03-16,2.634,2.634,2.634,2.634,0.0,2.634,0
2021-03-17,2.615,2.615,2.615,2.615,0.0,2.615,0
2021-03-18,2.629,2.629,2.629,2.629,0.0,2.629,0
2021-03-19,2.635,2.635,2.635,2.635,0.0,2.635,0
2021-03-22,2.631,2.631,2.631,2.631,0.0,2.631,0
2021-03-23,2.645,2.645,2.645,2.645,0.0,2.645,0
2021-03-24,2.648,2.648,2.648,2.648,0.0,2.648,0
2021-03-25,2.648,2.648,2.648,2.648,0.0,2.648,0
2021-03-26,2.65,2.65,2.65,2.65,0.0,2.65,0
2021-03-29,2.694,2.694,2.694,2.694,0.0,2.694,0
2021-03-30,2.705,2.705,2.705,2.705,0.0,2.705,0
2021-03-31,2.701,2.701,2.701,2.701,0.0,2.701,0
2021-04-01,2.73,2.73,2.73,2.73,0.0,2.73,0
2021-04-05,2.717,2.717,2.717,2.717,0.0,2.717,0
2021-04-06,2.694,2.694,2.694,2.694,0.0,2.694,0
2021-04-07,2.697,2.697,2.697,2.697,0.0,2.697,0
2021-04-08,2.697,2.697,2.697,2.697,0.0,2.697,0
2021-04-09,2.731,2.731,2.731,2.731,0.0,2.731,0
2021-04-12,2.74,2.74,2.74,2.74,0.0,2.74,0
2021-04-13,2.723,2.723,2.723,2.723,0.0,2.723,0
2021-04-14,2.732,2.732,2.732,2.732,0.0,2.732,0
2021-04-15,2.71,2.71,2.71,2.71,0.0,2.71,0
2021-04-16,2.723,2.723,2.723,2.723,0.0,2.723,0
2021-04-19,2.717,2.717,2.717,2.717,0.0,2.717,0
2021-04-20,2.662,2.662,2.662,2.662,0.0,2.662,0
2021-04-21,2.647,2.647,2.647,2.647,0.0,2.647,0
2021-04-22,2.628,2.628,2.628,2.628,0.0,2.628,0
2021-04-23,2.636,2.636,2.636,2.636,0.0,2.636,0
2021-04-26,2.622,2.622,2.622,2.622,0.0,2.622,0
2021-04-27,2.601,2.601,2.601,2.601,0.0,2.601,0
2021-04-28,2.613,2.613,2.613,2.613,0.0,2.613,0
2021-04-29,2.615,2.615,2.615,2.615,0.0,2.615,0
2021-04-30,2.67,2.67,2.67,2.67,0.0,2.67,0
2021-05-03,2.673,2.673,2.673,2.673,0.0,2.673,0
2021-05-04,2.682,2.682,2.682,2.682,0.0,2.682,0
2021-05-05,2.684,2.684,2.684,2.684,0.0,2.684,0
2021-05-06,2.674,2.674,2.674,2.674,0.0,2.674,0
2021-05-07,2.681,2.681,2.681,2.681,0.0,2.681,0
2021-05-10,2.684,2.684,2.684,2.684,0.0,2.684,0
2021-05-11,2.681,2.681,2.681,2.681,0.0,2.681,0
2021-05-12,2.68,2.68,2.68,2.68,0.0,2.68,0
2021-05-13,2.67,2.67,2.67,2.67,0.0,2.67,0
2021-05-14,2.666,2.666,2.666,2.666,0.0,2.666,0
2021-05-17,2.67,2.67,2.67,2.67,0.0,2.67,0
2021-05-18,2.639,2.639,2.639,2.639,0.0,2.639,0
2021-05-19,2.643,2.643,2.643,2.643,0.0,2.643,0
2021-05-20,2.648,2.648,2.648,2.648,0.0,2.648,0
2021-05-21,2.66,2.66,2.66,2.66,0.0,2.66,0
2021-05-24,2.654,2.654,2.654,2.654,0.0,2.654,0
2021-05-25,2.665,2.665,2.665,2.665,0.0,2.665,0
2021-05-26,2.634,2.634,2.634,2.634,0.0,2.634,0
2021-05-27,2.631,2.631,2.631,2.631,0.0,2.631,0
2021-05-28,2.649,2.649,2.649,2.649,0.0,2.649,0
2021-06-01,2.631,2.631,2.631,2.631,0.0,2.631,0
2021-06-02,2.641,2.641,2.641,2.641,0.0,2.641,0
2021-06-03,2.623,2.623,2.623,2.623,0.0,2.623,0
2021-06-04,2.674,2.674,2.674,2.674,0.0,2.674,0
2021-06-07,2.645,2.645,2.645,2.645,0.0,2.645,0
2021-06-08,2.651,2.651,2.651,2.651,0.0,2.651,0
2021-06-09,2.658,2.658,2.658,2.658,0.0,2.658,0
2021-06-10,2.647,2.647,2.647,2.647,0.0,2.647,0
2021-06-11,2.646,2.646,2.646,2.646,0.0,2.646,0
2021-06-14,2.655,2.655,2.655,2.655,0.0,2.655,0
2021-06-15,2.64,2.64,2.64,2.64,0.0,2.64,0
2021-06-16,2.693,2.693,2.693,2.693,0.0,2.693,0
2021-06-17,2.698,2.698,2.698,2.698,0.0,2.698,0
2021-06-18,2.707,2.707,2.707,2.707,0.0,2.707,0
2021-06-21,2.704,2.704,2.704,2.704,0.0,2.704,0
2021-06-22,2.704,2.704,2.704,2.704,0.0,2.704,0
2021-06-23,2.705,2.705,2.705,2.705,0.0,2.705,0
2021-06-24,2.693,2.693,2.693,2.693,0.0,2.693,0
2021-06-25,2.754,2.754,2.754,2.754,0.0,2.754,0
2021-06-28,2.764,2.764,2.764,2.764,0.0,2.764,0
2021-06-29,2.792,2.792,2.792,2.792,0.0,2.792,0
2021-06-30,2.793,2.793,2.793,2.793,0.0,2.793,0
2021-07-01,2.781,2.781,2.781,2.781,0.0,2.781,0
2021-07-02,2.773,2.773,2.773,2.773,0.0,2.773,0
2021-07-06,2.765,2.765,2.765,2.765,0.0,2.765,0
2021-07-07,2.777,2.777,2.777,2.777,0.0,2.777,0
2021-07-08,2.789,2.789,2.789,2.789,0.0,2.789,0
2021-07-09,2.795,2.795,2.795,2.795,0.0,2.795,0
2021-07-12,2.8,2.8,2.8,2.8,0.0,2.8,0
2021-07-13,2.799,2.799,2.799,2.799,0.0,2.799,0
2021-07-14,2.792,2.792,2.792,2.792,0.0,2.792,0
2021-07-15,2.8,2.8,2.8,2.8,0.0,2.8,0
2021-07-16,2.816,2.816,2.816,2.816,0.0,2.816,0
2021-07-19,2.826,2.826,2.826,2.826,0.0,2.826,0
2021-07-20,2.828,2.828,2.828,2.828,0.0,2.828,0
2021-07-21,2.883,2.883,2.883,2.883,0.0,2.883,0
2021-07-22,2.885,2.885,2.885,2.885,0.0,2.885,0
2021-07-23,2.901,2.901,2.901,2.901,0.0,2.901,0
2021-07-26,2.909,2.909,2.909,2.909,0.0,2.909,0
2021-07-27,2.879,2.879,2.879,2.879,0.0,2.879,0
2021-07-28,2.871,2.871,2.871,2.871,0.0,2.871,0
2021-07-29,2.846,2.846,2.846,2.846,0.0,2.846,0
2021-07-30,2.89,2.89,2.89,2.89,0.0,2.89,0
2021-08-02,2.904,2.904,2.904,2.904,0.0,2.904,0
2021-08-03,2.896,2.896,2.896,2.896,0.0,2.896,0
2021-08-04,2.906,2.906,2.906,2.906,0.0,2.906,0
2021-08-05,2.871,2.871,2.871,2.871,0.0,2.871,0
2021-08-06,2.88,2.88,2.88,2.88,0.0,2.88,0
2021-08-09,2.896,2.896,2.896,2.896,0.0,2.896,0
2021-08-10,2.893,2.893,2.893,2.893,0.0,2.893,0
2021-08-11,2.908,2.908,2.908,2.908,0.0,2.908,0
2021-08-12,2.989,2.989,2.989,2.989,0.0,2.989,0
2021-08-13,2.956,2.956,2.956,2.956,0.0,2.956,0
2021-08-16,2.968,2.968,2.968,2.968,0.0,2.968,0
2021-08-17,2.981,2.981,2.981,2.981,0.0,2.981,0
2021-08-18,2.979,2.979,2.979,2.979,0.0,2.979,0
2021-08-19,2.99,2.99,2.99,2.99,0.0,2.99,0
2021-08-20,2.989,2.989,2.989,2.989,0.0,2.989,0
2021-08-23,2.991,2.991,2.991,2.991,0.0,2.991,0
2021-08-24,2.987,2.987,2.987,2.987,0.0,2.987,0
2021-08-25,3.004,3.004,3.004,3.004,0.0,3.004,0
2021-08-26,3.055,3.055,3.055,3.055,0.0,3.055,0
2021-08-27,3.102,3.102,3.102,3.102,0.0,3.102,0
2021-08-30,3.105,3.105,3.105,3.105,0.0,3.105,0
2021-08-31,3.094,3.094,3.094,3.094,0.0,3.094,0
2021-09-01,3.103,3.103,3.103,3.103,0.0,3.103,0
2021-09-02,3.103,3.103,3.103,3.103,0.0,3.103,0
2021-09-03,3.164,3.164,3.164,3.164,0.0,3.164,0
2021-09-07,3.214,3.214,3.214,3.214,0.0,3.214,0
2021-09-08,3.266,3.266,3.266,3.266,0.0,3.266,0
2021-09-09,3.461,3.461,3.461,3.461,0.0,3.461,0
2021-09-10,3.443,3.443,3.443,3.443,0.0,3.443,0
2021-09-13,3.458,3.458,3.458,3.458,0.0,3.458,0
2021-09-14,3.431,3.431,3.431,3.431,0.0,3.431,0
2021-09-15,3.453,3.453,3.453,3.453,0.0,3.453,0
2021-09-16,3.456,3.456,3.456,3.456,0.0,3.456,0
2021-09-17,3.449,3.449,3.449,3.449,0.0,3.449,0
2021-09-20,3.485,3.485,3.485,3.485,0.0,3.485,0
2021-09-21,3.502,3.502,3.502,3.502,0.0,3.502,0
2021-09-22,3.519,3.519,3.519,3.519,0.0,3.519,0
2021-09-23,3.526,3.526,3.526,3.526,0.0,3.526,0
2021-09-24,3.397,3.397,3.397,3.397,0.0,3.397,0
2021-09-27,3.31,3.31,3.31,3.31,0.0,3.31,0
2021-09-28,3.203,3.203,3.203,3.203,0.0,3.203,0
2021-09-29,3.169,3.169,3.169,3.169,0.0,3.169,0
2021-09-30,3.166,3.166,3.166,3.166,0.0,3.166,0
2021-10-01,3.156,3.156,3.156,3.156,0.0,3.156,0
2021-10-04,3.153,3.153,3.153,3.153,0.0,3.153,0
2021-10-05,3.168,3.168,3.168,3.168,0.0,3.168,0
2021-10-06,3.183,3.183,3.183,3.183,0.0,3.183,0
2021-10-07,3.183,3.183,3.183,3.183,0.0,3.183,0
2021-10-08,3.224,3.224,3.224,3.224,0.0,3.224,0
2021-10-11,3.2,3.2,3.2,3.2,0.0,3.2,0
2021-10-12,3.202,3.202,3.202,3.202,0.0,3.202,0
2021-10-13,3.207,3.207,3.207,3.207,0.0,3.207,0
2021-10-14,3.242,3.242,3.242,3.242,0.0,3.242,0
2021-10-15,3.253,3.253,3.253,3.253,0.0,3.253,0
2021-10-18,3.259,3.259,3.259,3.259,0.0,3.259,0
2021-10-19,3.256,3.256,3.256,3.256,0.0,3.256,0
2021-10-20,3.259,3.259,3.259,3.259,0.0,3.259,0
2021-10-21,3.255,3.255,3.255,3.255,0.0,3.255,0
2021-10-22,3.26,3.26,3.26,3.26,0.0,3.26,0
2021-10-25,3.303,3.303,3.303,3.303,0.0,3.303,0
2021-10-26,3.281,3.281,3.281,3.281,0.0,3.281,0
2021-10-27,3.218,3.218,3.218,3.218,0.0,3.218,0
2021-10-28,3.224,3.224,3.224,3.224,0.0,3.224,0
2021-10-29,3.175,3.175,3.175,3.175,0.0,3.175,0
2021-11-01,3.07,3.07,3.07,3.07,0.0,3.07,0
2021-11-02,3.131,3.131,3.131,3.131,0.0,3.131,0
2021-11-03,3.125,3.125,3.125,3.125,0.0,3.125,0
2021-11-04,3.149,3.149,3.149,3.149,0.0,3.149,0
2021-11-05,3.189,3.189,3.189,3.189,0.0,3.189,0
2021-11-08,3.292,3.292,3.292,3.292,0.0,3.292,0
2021-11-09,3.288,3.288,3.288,3.288,0.0,3.288,0
2021-11-10,3.314,3.314,3.314,3.314,0.0,3.314,0
2021-11-11,3.331,3.331,3.331,3.331,0.0,3.331,0
2021-11-12,3.262,3.262,3.262,3.262,0.0,3.262,0
2021-11-15,3.275,3.275,3.275,3.275,0.0,3.275,0
2021-11-16,3.346,3.346,3.346,3.346,0.0,3.346,0
2021-11-17,3.277,3.277,3.277,3.277,0.0,3.277,0
2021-11-18,3.265,3.265,3.265,3.265,0.0,3.265,0
2021-11-19,3.229,3.229,3.229,3.229,0.0,3.229,0
2021-11-22,3.211,3.211,3.211,3.211,0.0,3.211,0
2021-11-23,3.258,3.258,3.258,3.258,0.0,3.258,0
2021-11-24,3.256,3.256,3.256,3.256,0.0,3.256,0
2021-11-26,3.295,3.295,3.295,3.295,0.0,3.295,0
2021-11-29,3.287,3.287,3.287,3.287,0.0,3.287,0
2021-11-30,3.26,3.26,3.26,3.26,0.0,3.26,0
2021-12-01,3.268,3.268,3.268,3.268,0.0,3.268,0
2021-12-02,3.272,3.272,3.272,3.272,0.0,3.272,0
2021-12-03,3.282,3.282,3.282,3.282,0.0,3.282,0
2021-12-06,3.254,3.254,3.254,3.254,0.0,3.254,0
2021-12-07,3.258,3.258,3.258,3.258,0.0,3.258,0
2021-12-08,3.152,3.152,3.152,3.152,0.0,3.152,0
2021-12-09,3.069,3.069,3.069,3.069,0.0,3.069,0
2021-12-10,3.07,3.07,3.07,3.07,0.0,3.07,0
2021-12-13,2.974,2.974,2.974,2.974,0.0,2.974,0
2021-12-14,3.093,3.093,3.093,3.093,0.0,3.093,0
2021-12-15,3.217,3.217,3.217,3.217,0.0,3.217,0
2021-12-16,3.182,3.182,3.182,3.182,0.0,3.182,0
2021-12-17,3.195,3.195,3.195,3.195,0.0,3.195,0
2021-12-20,3.21,3.21,3.21,3.21,0.0,3.21,0
2021-12-21,3.194,3.194,3.194,3.194,0.0,3.194,0
2021-12-22,3.195,3.195,3.195,3.195,0.0,3.195,0
2021-12-23,3.158,3.158,3.158,3.158,0.0,3.158,0
2021-12-27,3.144,3.144,3.144,3.144,0.0,3.144,0
2021-12-28,3.167,3.167,3.167,3.167,0.0,3.167,0
2021-12-29,3.189,3.189,3.189,3.189,0.0,3.189,0
2021-12-30,3.177,3.177,3.177,3.177,0.0,3.177,0
2021-12-31,3.249,3.249,3.249,3.249,0.0,3.249,0
2022-01-03,3.216,3.216,3.216,3.216,0.0,3.216,0
2022-01-04,3.215,3.215,3.215,3.215,0.0,3.215,0
2022-01-05,3.19,3.19,3.19,3.19,0.0,3.19,0
2022-01-06,3.204,3.204,3.204,3.204,0.0,3.204,0
2022-01-07,3.237,3.237,3.237,3.237,0.0,3.237,0
2022-01-10,3.242,3.242,3.242,3.242,0.0,3.242,0
2022-01-11,3.231,3.231,3.231,3.231,0.0,3.231,0
2022-01-12,3.206,3.206,3.206,3.206,0.0,3.206,0
2022-01-13,3.209,3.209,3.209,3.209,0.0,3.209,0
2022-01-14,3.185,3.185,3.185,3.185,0.0,3.185,0
2022-01-18,3.204,3.204,3.204,3.204,0.0,3.204,0
2022-01-19,3.251,3.251,3.251,3.251,0.0,3.251,0
2022-01-20,3.254,3.254,3.254,3.254,0.0,3.254,0
2022-01-21,3.242,3.242,3.242,3.242,0.0,3.242,0
2022-01-24,3.231,3.231,3.231,3.231,0.0,3.231,0
2022-01-25,3.251,3.251,3.251,3.251,0.0,3.251,0
2022-01-26,3.252,3.252,3.252,3.252,0.0,3.252,0
2022-01-27,3.237,3.237,3.237,3.237,0.0,3.237,0
2022-01-28,3.23,3.23,3.23,3.23,0.0,3.23,0
2022-01-31,3.195,3.195,3.195,3.195,0.0,3.195,0
2022-02-01,3.18,3.18,3.18,3.18,0.0,3.18,0
2022-02-02,3.199,3.199,3.199,3.199,0.0,3.199,0
2022-02-03,3.19,3.19,3.19,3.19,0.0,3.19,0
2022-02-04,3.22,3.22,3.22,3.22,0.0,3.22,0
2022-02-07,3.236,3.236,3.236,3.236,0.0,3.236,0
2022-02-08,3.228,3.228,3.228,3.228,0.0,3.228,0
2022-02-09,3.223,3.223,3.223,3.223,0.0,3.223,0
2022-02-10,3.23,3.23,3.23,3.23,0.0,3.23,0
2022-02-11,3.27,3.27,3.27,3.27,0.0,3.27,0
2022-02-14,3.311,3.311,3.311,3.311,0.0,3.311,0
2022-02-15,3.299,3.299,3.299,3.299,0.0,3.299,0
2022-02-16,3.328,3.328,3.328,3.328,0.0,3.328,0
2022-02-17,3.321,3.321,3.321,3.321,0.0,3.321,0
2022-02-18,3.321,3.321,3.321,3.321,0.0,3.321,0
2022-02-22,3.366,3.366,3.366,3.366,0.0,3.366,0
2022-02-23,3.452,3.452,3.452,3.452,0.0,3.452,0
2022-02-24,3.495,3.495,3.495,3.495,0.0,3.495,0
2022-02-25,3.412,3.412,3.412,3.412,0.0,3.412,0
2022-02-28,3.489,3.489,3.489,3.489,0.0,3.489,0
2022-03-01,3.56,3.56,3.56,3.56,0.0,3.56,0
2022-03-02,3.627,3.627,3.627,3.627,0.0,3.627,0
2022-03-03,3.57,3.57,3.57,3.57,0.0,3.57,0
2022-03-04,3.623,3.623,3.623,3.623,0.0,3.623,0
2022-03-07,3.851,3.851,3.851,3.851,0.0,3.851,0
2022-03-08,3.928,3.928,3.928,3.928,0.0,3.928,0
2022-03-09,3.907,3.907,3.907,3.907,0.0,3.907,0
2022-03-10,3.823,3.823,3.823,3.823,0.0,3.823,0
2022-03-11,3.804,3.804,3.804,3.804,0.0,3.804,0
2022-03-14,3.847,3.847,3.847,3.847,0.0,3.847,0
2022-03-15,3.829,3.829,3.829,3.829,0.0,3.829,0
2022-03-16,3.84,3.84,3.84,3.84,0.0,3.84,0
2022-03-17,3.857,3.857,3.857,3.857,0.0,3.857,0
2022-03-18,3.809,3.809,3.809,3.809,0.0,3.809,0
2022-03-21,3.795,3.795,3.795,3.795,0.0,3.795,0
2022-03-22,3.806,3.806,3.806,3.806,0.0,3.806,0
2022-03-23,3.817,3.817,3.817,3.817,0.0,3.817,0
2022-03-24,3.843,3.843,3.843,3.843,0.0,3.843,0
2022-03-25,3.889,3.889,3.889,3.889,0.0,3.889,0
2022-03-28,3.981,3.981,3.981,3.981,0.0,3.981,0
2022-03-29,3.995,3.995,3.995,3.995,0.0,3.995,0
2022-03-30,4.108,4.108,4.108,4.108,0.0,4.108,0
2022-03-31,4.201,4.201,4.201,4.201,0.0,4.201,0
2022-04-01,4.258,4.258,4.258,4.258,0.0,4.258,0
2022-04-04,4.325,4.325,4.325,4.325,0.0,4.325,0
2022-04-05,4.343,4.343,4.343,4.343,0.0,4.343,0
2022-04-06,4.37,4.37,4.37,4.37,0.0,4.37,0
2022-04-07,4.397,4.397,4.397,4.397,0.0,4.397,0
2022-04-08,4.37,4.37,4.37,4.37,0.0,4.37,0
2022-04-11,4.419,4.419,4.419,4.419,0.0,4.419,0
2022-04-12,4.441,4.441,4.441,4.441,0.0,4.441,0
2022-04-13,4.479,4.479,4.479,4.479,0.0,4.479,0
2022-04-14,4.481,4.481,4.481,4.481,0.0,4.481,0
2022-04-18,4.496,4.496,4.496,4.496,0.0,4.496,0
2022-04-19,4.474,4.474,4.474,4.474,0.0,4.474,0
2022-04-20,4.465,4.465,4.465,4.465,0.0,4.465,0
2022-04-21,4.388,4.388,4.388,4.388,0.0,4.388,0
2022-04-22,4.215,4.215,4.215,4.215,0.0,4.215,0
2022-04-25,4.23,4.23,4.23,4.23,0.0,4.23,0
2022-04-26,4.295,4.295,4.295,4.295,0.0,4.295,0
2022-04-27,4.354,4.354,4.354,4.354,0.0,4.354,0
2022-04-28,4.345,4.345,4.345,4.345,0.0,4.345,0
2022-04-29,4.338,4.338,4.338,4.338,0.0,4.338,0
2022-05-02,4.177,4.177,4.177,4.177,0.0,4.177,0
2022-05-03,4.205,4.205,4.205,4.205,0.0,4.205,0
2022-05-04,4.255,4.255,4.255,4.255,0.0,4.255,0
2022-05-05,4.288,4.288,4.288,4.288,0.0,4.288,0
2022-05-06,4.254,4.254,4.254,4.254,0.0,4.254,0
2022-05-09,4.177,4.177,4.177,4.177,0.0,4.177,0
2022-05-10,4.215,4.215,4.215,4.215,0.0,4.215,0
2022-05-11,4.274,4.274,4.274,4.274,0.0,4.274,0
2022-05-12,4.284,4.284,4.284,4.284,0.0,4.284,0
2022-05-13,4.358,4.358,4.358,4.358,0.0,4.358,0
2022-05-16,4.388,4.388,4.388,4.388,0.0,4.388,0
2022-05-17,4.527,4.527,4.527,4.527,0.0,4.527,0
2022-05-18,4.449,4.449,4.449,4.449,0.0,4.449,0
2022-05-19,4.388,4.388,4.388,4.388,0.0,4.388,0
2022-05-20,4.397,4.397,4.397,4.397,0.0,4.397,0
2022-05-23,4.438,4.438,4.438,4.438,0.0,4.438,0
2022-05-24,4.506,4.506,4.506,4.506,0.0,4.506,0
2022-05-25,4.537,4.537,4.537,4.537,0.0,4.537,0
2022-05-26,4.566,4.566,4.566,4.566,0.0,4.566,0
2022-05-27,4.59,4.59,4.59,4.59,0.0,4.59,0
2022-05-31,4.521,4.521,4.521,4.521,0.0,4.521,0
2022-06-01,4.573,4.573,4.573,4.573,0.0,4.573,0
2022-06-02,4.579,4.579,4.579,4.579,0.0,4.579,0
2022-06-03,4.626,4.626,4.626,4.626,0.0,4.626,0
2022-06-06,4.61,4.61,4.61,4.61,0.0,4.61,0
2022-06-07,4.69,4.69,4.69,4.69,0.0,4.69,0
2022-06-08,4.745,4.745,4.745,4.745,0.0,4.745,0
2022-06-09,4.831,4.831,4.831,4.831,0.0,4.831,0
2022-06-10,4.821,4.821,4.821,4.821,0.0,4.821,0
2022-06-13,4.764,4.764,4.764,4.764,0.0,4.764,0
2022-06-14,4.686,4.686,4.686,4.686,0.0,4.686,0
2022-06-15,4.747,4.747,4.747,4.747,0.0,4.747,0
2022-06-16,4.761,4.761,4.761,4.761,0.0,4.761,0
2022-06-17,4.658,4.658,4.658,4.658,0.0,4.658,0
2022-06-21,4.645,4.645,4.645,4.645,0.0,4.645,0
2022-06-22,4.7,4.7,4.7,4.7,0.0,4.7,0
2022-06-23,4.772,4.772,4.772,4.772,0.0,4.772,0
2022-06-24,4.548,4.548,4.548,4.548,0.0,4.548,0
2022-06-27,4.59,4.59,4.59,4.59,0.0,4.59,0
2022-06-28,4.56,4.56,4.56,4.56,0.0,4.56,0
2022-06-29,4.51,4.51,4.51,4.51,0.0,4.51,0
2022-06-30,4.255,4.255,4.255,4.255,0.0,4.255,0
2022-07-01,4.343,4.343,4.343,4.343,0.0,4.343,0
2022-07-04,4.343,4.343,4.343,4.343,0.0,4.343,0
2022-07-05,4.193,4.193,4.193,4.193,0.0,4.193,0
2022-07-06,4.285,4.285,4.285,4.285,0.0,4.285,0
2022-07-07,4.345,4.345,4.345,4.345,0.0,4.345,0
2022-07-08,4.344,4.344,4.344,4.344,0.0,4.344,0
2022-07-11,4.378,4.378,4.378,4.378,0.0,4.378,0
2022-07-12,4.28,4.28,4.28,4.28,0.0,4.28,0
2022-07-13,4.342,4.342,4.342,4.342,0.0,4.342,0
2022-07-14,4.298,4.298,4.298,4.298,0.0,4.298,0
2022-07-15,4.372,4.372,4.372,4.372,0.0,4.372,0
2022-07-18,4.272,4.272,4.272,4.272,0.0,4.272,0
2022-07-19,4.299,4.299,4.299,4.299,0.0,4.299,0
2022-07-20,4.442,4.442,4.442,4.442,0.0,4.442,0
2022-07-21,4.347,4.347,4.347,4.347,0.0,4.347,0
2022-07-22,4.351,4.351,4.351,4.351,0.0,4.351,0
2022-07-25,4.457,4.457,4.457,4.457,0.0,4.457,0
2022-07-26,4.484,4.484,4.484,4.484,0.0,4.484,0
2022-07-27,4.482,4.482,4.482,4.482,0.0,4.482,0
2022-07-28,4.458,4.458,4.458,4.458,0.0,4.458,0
2022-07-29,4.554,4.554,4.554,4.554,0.0,4.554,0
2022-08-01,4.537,4.537,4.537,4.537,0.0,4.537,0
2022-08-02,4.539,4.539,4.539,4.539,0.0,4.539,0
2022-08-03,4.571,4.571,4.571,4.571,0.0,4.571,0
2022-08-04,4.54,4.54,4.54,4.54,0.0,4.54,0
2022-08-05,4.496,4.496,4.496,4.496,0.0,4.496,0
2022-08-08,4.458,4.458,4.458,4.458,0.0,4.458,0
2022-08-09,4.495,4.495,4.495,4.495,0.0,4.495,0
2022-08-10,4.525,4.525,4.525,4.525,0.0,4.525,0
2022-08-11,4.608,4.608,4.608,4.608,0.0,4.608,0
2022-08-12,4.596,4.596,4.596,4.596,0.0,4.596,0
2022-08-15,4.68,4.68,4.68,4.68,0.0,4.68,0
2022-08-16,4.719,4.719,4.719,4.719,0.0,4.719,0
2022-08-17,4.702,4.702,4.702,4.702,0.0,4.702,0
2022-08-18,4.708,4.708,4.708,4.708,0.0,4.708,0
2022-08-19,4.724,4.724,4.724,4.724,0.0,4.724,0
2022-08-22,4.783,4.783,4.783,4.783,0.0,4.783,0
2022-08-23,4.79,4.79,4.79,4.79,0.0,4.79,0
2022-08-24,4.861,4.861,4.861,4.861,0.0,4.861,0
2022-08-25,4.923,4.923,4.923,4.923,0.0,4.923,0
2022-08-26,5.075,5.075,5.075,5.075,0.0,5.075,0
2022-08-29,5.179,5.179,5.179,5.179,0.0,5.179,0
2022-08-30,5.186,5.186,5.186,5.186,0.0,5.186,0
2022-08-31,5.312,5.312,5.312,5.312,0.0,5.312,0
2022-09-01,5.294,5.294,5.294,5.294,0.0,5.294,0
2022-09-02,5.475,5.475,5.475,5.475,0.0,5.475,0
2022-09-05,5.475,5.475,5.475,5.475,0.0,5.475,0
2022-09-06,5.531,5.531,5.531,5.531,0.0,5.531,0
2022-09-07,5.391,5.391,5.391,5.391,0.0,5.391,0
2022-09-08,5.363,5.363,5.363,5.363,0.0,5.363,0
2022-09-09,5.414,5.414,5.414,5.414,0.0,5.414,0
2022-09-12,5.359,5.359,5.359,5.359,0.0,5.359,0
2022-09-13,5.388,5.388,5.388,5.388,0.0,5.388,0
2022-09-14,5.447,5.447,5.447,5.447,0.0,5.447,0
2022-09-15,5.401,5.401,5.401,5.401,0.0,5.401,0
2022-09-16,5.296,5.296,5.296,5.296,0.0,5.296,0
2022-09-19,5.252,5.252,5.252,5.252,0.0,5.252,0
2022-09-20,5.183,5.183,5.183,5.183,0.0,5.183,0
2022-09-21,4.899,4.899,4.899,4.899,0.0,4.899,0
2022-09-22,4.707,4.707,4.707,4.707,0.0,4.707,0
2022-09-23,4.713,4.713,4.713,4.713,0.0,4.713,0
2022-09-26,4.632,4.632,4.632,4.632,0.0,4.632,0
2022-09-27,4.464,4.464,4.464,4.464,0.0,4.464,0
2022-09-28,4.4,4.4,4.4,4.4,0.0,4.4,0
2022-09-29,4.385,4.385,4.385,4.385,0.0,4.385,0
2022-09-30,4.391,4.391,4.391,4.391,0.0,4.391,0
2022-10-03,4.28,4.28,4.28,4.28,0.0,4.28,0
2022-10-04,4.33,4.33,4.33,4.33,0.0,4.33,0
2022-10-05,4.327,4.327,4.327,4.327,0.0,4.327,0
2022-10-06,4.354,4.354,4.354,4.354,0.0,4.354,0
2022-10-07,4.354,4.354,4.354,4.354,0.0,4.354,0
2022-10-10,4.376,4.376,4.376,4.376,0.0,4.376,0
2022-10-11,4.414,4.414,4.414,4.414,0.0,4.414,0
2022-10-12,4.393,4.393,4.393,4.393,0.0,4.393,0
2022-10-13,4.386,4.386,4.386,4.386,0.0,4.386,0
2022-10-14,4.409,4.409,4.409,4.409,0.0,4.409,0
2022-10-17,4.382,4.382,4.382,4.382,0.0,4.382,0
2022-10-18,4.347,4.347,4.347,4.347,0.0,4.347,0
2022-10-19,4.322,4.322,4.322,4.322,0.0,4.322,0
2022-10-20,4.52,4.52,4.52,4.52,0.0,4.52,0
2022-10-21,4.494,4.494,4.494,4.494,0.0,4.494,0
2022-10-24,4.475,4.475,4.475,4.475,0.0,4.475,0
2022-10-25,4.49,4.49,4.49,4.49,0.0,4.49,0
2022-10-26,4.507,4.507,4.507,4.507,0.0,4.507,0
2022-10-27,4.5,4.5,4.5,4.5,0.0,4.5,0
2022-10-28,4.505,4.505,4.505,4.505,0.0,4.505,0
2022-10-31,4.499,4.499,4.499,4.499,0.0,4.499,0
2022-11-01,4.464,4.464,4.464,4.464,0.0,4.464,0
2022-11-02,4.566,4.566,4.566,4.566,0.0,4.566,0
2022-11-03,4.591,4.591,4.591,4.591,0.0,4.591,0
2022-11-04,4.705,4.705,4.705,4.705,0.0,4.705,0
2022-11-07,4.749,4.749,4.749,4.749,0.0,4.749,0
2022-11-08,4.709,4.709,4.709,4.709,0.0,4.709,0
2022-11-09,4.723,4.723,4.723,4.723,0.0,4.723,0
2022-11-10,4.723,4.723,4.723,4.723,0.0,4.723,0
2022-11-11,4.696,4.696,4.696,4.696,0.0,4.696,0
2022-11-14,4.665,4.665,4.665,4.665,0.0,4.665,0
2022-11-15,4.661,4.661,4.661,4.661,0.0,4.661,0
2022-11-16,4.676,4.676,4.676,4.676,0.0,4.676,0
2022-11-17,4.661,4.661,4.661,4.661,0.0,4.661,0
2022-11-18,4.644,4.644,4.644,4.644,0.0,4.644,0
2022-11-21,4.599,4.599,4.599,4.599,0.0,4.599,0
2022-11-22,4.583,4.583,4.583,4.583,0.0,4.583,0
2022-11-23,4.719,4.719,4.719,4.719,0.0,4.719,0
2022-11-24,4.719,4.719,4.719,4.719,0.0,4.719,0
2022-11-25,4.713,4.713,4.713,4.713,0.0,4.713,0
2022-11-28,4.781,4.781,4.781,4.781,0.0,4.781,0
2022-11-29,4.755,4.755,4.755,4.755,0.0,4.755,0
2022-11-30,4.742,4.742,4.742,4.742,0.0,4.742,0
2022-12-01,4.722,4.722,4.722,4.722,0.0,4.722,0
2022-12-02,4.718,4.718,4.718,4.718,0.0,4.718,0
2022-12-05,4.726,4.726,4.726,4.726,0.0,4.726,0
2022-12-06,4.739,4.739,4.739,4.739,0.0,4.739,0
2022-12-07,4.744,4.744,4.744,4.744,0.0,4.744,0
2022-12-08,4.804,4.804,4.804,4.804,0.0,4.804,0
2022-12-09,4.808,4.808,4.808,4.808,0.0,4.808,0
2022-12-12,4.892,4.892,4.892,4.892,0.0,4.892,0
2022-12-13,4.88,4.88,4.88,4.88,0.0,4.88,0
2022-12-14,4.798,4.798,4.798,4.798,0.0,4.798,0
2022-12-15,4.839,4.839,4.839,4.839,0.0,4.839,0
2022-12-16,4.892,4.892,4.892,4.892,0.0,4.892,0
2022-12-19,4.868,4.868,4.868,4.868,0.0,4.868,0
2022-12-20,4.863,4.863,4.863,4.863,0.0,4.863,0
2022-12-21,4.775,4.775,4.775,4.775,0.0,4.775,0
2022-12-22,4.692,4.692,4.692,4.692,0.0,4.692,0
2022-12-23,4.705,4.705,4.705,4.705,0.0,4.705,0
2022-12-27,4.791,4.791,4.791,4.791,0.0,4.791,0
2022-12-28,4.713,4.713,4.713,4.713,0.0,4.713,0
2022-12-29,4.704,4.704,4.704,4.704,0.0,4.704,0
2022-12-30,4.713,4.713,4.713,4.713,0.0,4.713,0
2023-01-03,4.659,4.659,4.659,4.659,0.0,4.659,0
2023-01-04,4.662,4.662,4.662,4.662,0.0,4.662,0
2023-01-05,4.574,4.574,4.574,4.574,0.0,4.574,0
2023-01-06,4.518,4.518,4.518,4.518,0.0,4.518,0
2023-01-09,4.526,4.526,4.526,4.526,0.0,4.526,0
2023-01-10,4.55,4.55,4.55,4.55,0.0,4.55,0
2023-01-11,4.516,4.516,4.516,4.516,0.0,4.516,0
2023-01-12,4.515,4.515,4.515,4.515,0.0,4.515,0
2023-01-13,4.524,4.524,4.524,4.524,0.0,4.524,0
2023-01-16,4.524,4.524,4.524,4.524,0.0,4.524,0
2023-01-17,4.54,4.54,4.54,4.54,0.0,4.54,0
2023-01-18,4.585,4.585,4.585,4.585,0.0,4.585,0
2023-01-19,4.625,4.625,4.625,4.625,0.0,4.625,0
2023-01-20,4.589,4.589,4.589,4.589,0.0,4.589,0
2023-01-23,4.436,4.436,4.436,4.436,0.0,4.436,0
2023-01-24,4.405,4.405,4.405,4.405,0.0,4.405,0
2023-01-25,4.348,4.348,4.348,4.348,0.0,4.348,0
2023-01-26,4.355,4.355,4.355,4.355,0.0,4.355,0
2023-01-27,4.346,4.346,4.346,4.346,0.0,4.346,0
2023-01-30,4.267,4.267,4.267,4.267,0.0,4.267,0
2023-01-31,4.288,4.288,4.288,4.288,0.0,4.288,0
2023-02-01,3.959,3.959,3.959,3.959,0.0,3.959,0
2023-02-02,3.939,3.939,3.939,3.939,0.0,3.939,0
2023-02-03,3.89,3.89,3.89,3.89,0.0,3.89,0
2023-02-10,3.945,3.945,3.945,3.945,0.0,3.945,0
2023-02-13,3.888,3.888,3.888,3.888,0.0,3.888,0
2023-02-14,3.889,3.889,3.889,3.889,0.0,3.889,0
2023-02-15,3.884,3.884,3.884,3.884,0.0,3.884,0
2023-02-16,3.884,3.884,3.884,3.884,0.0,3.884,0
2023-02-17,3.87,3.87,3.87,3.87,0.0,3.87,0
2023-02-20,3.87,3.87,3.87,3.87,0.0,3.87,0
2023-02-21,3.87,3.87,3.87,3.87,0.0,3.87,0
2023-02-22,3.881,3.881,3.881,3.881,0.0,3.881,0
2023-02-23,3.915,3.915,3.915,3.915,0.0,3.915,0
2023-02-24,3.974,3.974,3.974,3.974,0.0,3.974,0
2023-02-27,4.016,4.016,4.016,4.016,0.0,4.016,0
2023-02-28,4.064,4.064,4.064,4.064,0.0,4.064,0
2023-03-01,4.145,4.145,4.145,4.145,0.0,4.145,0
2023-03-02,4.153,4.153,4.153,4.153,0.0,4.153,0
2023-03-03,4.193,4.193,4.193,4.193,0.0,4.193,0
2023-03-06,4.227,4.227,4.227,4.227,0.0,4.227,0
2023-03-07,4.228,4.228,4.228,4.228,0.0,4.228,0
2023-03-08,4.219,4.219,4.219,4.219,0.0,4.219,0
2023-03-09,3.887,3.887,3.887,3.887,0.0,3.887,0
2023-03-10,3.988,3.988,3.988,3.988,0.0,3.988,0
2023-03-13,3.999,3.999,3.999,3.999,0.0,3.999,0
2023-03-14,4.08,4.08,4.08,4.08,0.0,4.08,0
2023-03-15,4.132,4.132,4.132,4.132,0.0,4.132,0
2023-03-16,4.174,4.174,4.174,4.174,0.0,4.174,0
2023-03-17,4.167,4.167,4.167,4.167,0.0,4.167,0
2023-03-20,4.126,4.126,4.126,4.126,0.0,4.126,0
2023-03-21,4.175,4.175,4.175,4.175,0.0,4.175,0
2023-03-22,4.129,4.129,4.129,4.129,0.0,4.129,0
2023-03-23,4.164,4.164,4.164,4.164,0.0,4.164,0
2023-03-24,4.107,4.107,4.107,4.107,0.0,4.107,0
2023-03-27,4.086,4.086,4.086,4.086,0.0,4.086,0
2023-03-28,4.06,4.06,4.06,4.06,0.0,4.06,0
2023-03-29,4.087,4.087,4.087,4.087,0.0,4.087,0
2023-03-30,4.095,4.095,4.095,4.095,0.0,4.095,0
2023-03-31,4.088,4.088,4.088,4.088,0.0,4.088,0
2023-04-03,4.096,4.096,4.096,4.096,0.0,4.096,0
2023-04-04,4.108,4.108,4.108,4.108,0.0,4.108,0
2023-04-05,4.081,4.081,4.081,4.081,0.0,4.081,0
2023-04-06,4.037,4.037,4.037,4.037,0.0,4.037,0
2023-04-10,4.099,4.099,4.099,4.099,0.0,4.099,0
2023-04-11,4.109,4.109,4.109,4.109,0.0,4.109,0
2023-04-12,4.035,4.035,4.035,4.035,0.0,4.035,0
2023-04-13,4.003,4.003,4.003,4.003,0.0,4.003,0
2023-04-14,4.023,4.023,4.023,4.023,0.0,4.023,0
2023-04-17,4.089,4.089,4.089,4.089,0.0,4.089,0
2023-04-18,4.087,4.087,4.087,4.087,0.0,4.087,0
2023-04-19,4.109,4.109,4.109,4.109,0.0,4.109,0
2023-04-20,4.141,4.141,4.141,4.141,0.0,4.141,0
2023-04-21,4.148,4.148,4.148,4.148,0.0,4.148,0
2023-04-24,4.098,4.098,4.098,4.098,0.0,4.098,0
2023-04-25,4.096,4.096,4.096,4.096,0.0,4.096,0
2023-04-26,4.146,4.146,4.125,4.125,152.0,4.1297,6
2023-04-27,4.129,4.129,4.129,4.129,0.0,4.129,0
2023-04-28,4.12,4.12,4.12,4.12,0.0,4.12,0
2023-05-01,4.077,4.077,4.077,4.077,0.0,4.077,0
2023-05-02,4.073,4.073,4.073,4.073,0.0,4.073,0
2023-05-03,4.15,4.15,4.15,4.15,0.0,4.15,0
2023-05-04,4.157,4.157,4.157,4.157,0.0,4.157,0
2023-05-05,4.089,4.089,4.089,4.089,0.0,4.089,0
2023-05-08,4.057,4.057,4.057,4.057,0.0,4.057,0
2023-05-09,4.04,4.04,4.04,4.04,0.0,4.04,0
2023-05-10,4.056,4.056,4.056,4.056,0.0,4.056,0
2023-05-11,3.945,3.945,3.945,3.945,0.0,3.945,0
2023-05-12,3.922,3.922,3.922,3.922,0.0,3.922,0
2023-05-15,3.926,3.926,3.926,3.926,0.0,3.926,0
2023-05-16,3.912,3.912,3.912,3.912,0.0,3.912,0
2023-05-17,3.836,3.836,3.836,3.836,0.0,3.836,0
2023-05-18,3.816,3.816,3.816,3.816,0.0,3.816,0
2023-05-19,3.747,3.747,3.747,3.747,0.0,3.747,0
2023-05-22,3.737,3.737,3.737,3.737,0.0,3.737,0
2023-05-23,3.725,3.725,3.725,3.725,0.0,3.725,0
2023-05-24,3.78,3.78,3.78,3.78,0.0,3.78,0
2023-05-25,3.713,3.713,3.713,3.713,0.0,3.713,0
2023-05-26,3.741,3.741,3.741,3.741,0.0,3.741,0
2023-05-29,3.741,3.741,3.741,3.741,0.0,3.741,0
2023-05-30,3.701,3.701,3.701,3.701,0.0,3.701,0
2023-05-31,3.666,3.666,3.666,3.666,0.0,3.666,0
2023-06-01,3.524,3.524,3.524,3.524,0.0,3.524,0
2023-06-02,3.564,3.564,3.564,3.564,0.0,3.564,0
2023-06-05,3.634,3.634,3.634,3.634,0.0,3.634,0
2023-06-06,3.631,3.631,3.631,3.631,0.0,3.631,0
2023-06-07,3.605,3.605,3.605,3.605,0.0,3.605,0
2023-06-08,3.576,3.576,3.576,3.576,0.0,3.576,0
2023-06-09,3.581,3.581,3.581,3.581,0.0,3.581,0
2023-06-12,3.578,3.578,3.578,3.578,0.0,3.578,0
2023-06-13,3.543,3.543,3.543,3.543,0.0,3.543,0
2023-06-14,3.581,3.581,3.581,3.581,0.0,3.581,0
2023-06-15,3.553,3.553,3.553,3.553,0.0,3.553,0
2023-06-16,3.572,3.572,3.572,3.572,0.0,3.572,0
2023-06-19,3.572,3.572,3.572,3.572,0.0,3.572,0
2023-06-20,3.619,3.619,3.619,3.619,0.0,3.619,0
2023-06-21,3.685,3.685,3.685,3.685,0.0,3.685,0
2023-06-22,3.703,3.703,3.703,3.703,0.0,3.703,0
2023-06-23,3.597,3.597,3.597,3.597,0.0,3.597,0
2023-06-26,3.571,3.571,3.571,3.571,0.0,3.571,0
2023-06-27,3.631,3.631,3.631,3.631,0.0,3.631,0
2023-06-28,3.5,3.5,3.406,3.406,2.0,3.5,1
2023-06-29,3.365,3.365,3.365,3.365,0.0,3.365,0
2023-06-30,3.397,3.397,3.397,3.397,0.0,3.397,0
2023-07-03,3.398,3.398,3.398,3.398,0.0,3.398,0
2023-07-04,3.398,3.398,3.398,3.398,0.0,3.398,0
2023-07-05,3.388,3.388,3.388,3.388,0.0,3.388,0
2023-07-06,3.39,3.39,3.39,3.39,0.0,3.39,0
2023-07-07,3.375,3.375,3.375,3.375,0.0,3.375,0
2023-07-10,3.419,3.419,3.419,3.419,0.0,3.419,0
2023-07-11,3.488,3.488,3.488,3.488,0.0,3.488,0
2023-07-12,3.674,3.674,3.674,3.674,0.0,3.674,0
2023-07-13,3.47,3.47,3.47,3.47,0.0,3.47,0
2023-07-14,3.569,3.569,3.569,3.569,0.0,3.569,0
2023-07-17,3.554,3.554,3.554,3.554,0.0,3.554,0
2023-07-18,3.613,3.613,3.613,3.613,0.0,3.613,0
2023-07-19,3.622,3.622,3.622,3.622,0.0,3.622,0
2023-07-20,3.609,3.609,3.609,3.609,0.0,3.609,0
2023-07-21,3.627,3.627,3.627,3.627,0.0,3.627,0
2023-07-24,3.728,3.728,3.728,3.728,0.0,3.728,0
2023-07-25,3.742,3.742,3.742,3.742,0.0,3.742,0
2023-07-26,3.76,3.76,3.76,3.76,0.0,3.76,0
2023-07-27,3.751,3.751,3.751,3.751,0.0,3.751,0
2023-07-28,3.76,3.76,3.76,3.76,0.0,3.76,0
2023-07-31,3.689,3.689,3.689,3.689,0.0,3.689,0
2023-08-01,3.599,3.599,3.599,3.599,0.0,3.599,0
2023-08-02,3.616,3.616,3.616,3.616,0.0,3.616,0
2023-08-03,3.596,3.596,3.596,3.596,0.0,3.596,0
2023-08-04,3.604,3.604,3.604,3.604,0.0,3.604,0
2023-08-07,3.665,3.665,3.665,3.665,0.0,3.665,0
2023-08-08,3.713,3.713,3.713,3.713,0.0,3.713,0
2023-08-09,3.675,3.675,3.675,3.675,0.0,3.675,0
2023-08-10,3.66,3.66,3.66,3.66,0.0,3.66,0
2023-08-11,3.688,3.688,3.688,3.688,0.0,3.688,0
2023-08-14,3.635,3.635,3.635,3.635,0.0,3.635,0
2023-08-15,3.796,3.796,3.796,3.796,0.0,3.796,0
2023-08-16,3.816,3.816,3.816,3.816,0.0,3.816,0
2023-08-17,3.774,3.774,3.774,3.774,0.0,3.774,0
2023-08-18,3.655,3.655,3.655,3.655,0.0,3.655,0
2023-08-21,3.713,3.713,3.713,3.713,0.0,3.713,0
2023-08-22,3.717,3.717,3.717,3.717,0.0,3.717,0
2023-08-23,3.822,3.822,3.822,3.822,0.0,3.822,0
2023-08-24,3.715,3.715,3.715,3.715,0.0,3.715,0
2023-08-25,3.696,3.696,3.696,3.696,0.0,3.696,0
2023-08-28,3.685,3.685,3.685,3.685,0.0,3.685,0
2023-08-29,3.662,3.662,3.662,3.662,0.0,3.662,0
2023-08-30,3.717,3.717,3.717,3.717,0.0,3.717,0
2023-08-31,3.724,3.724,3.724,3.724,0.0,3.724,0
2023-09-01,3.723,3.723,3.723,3.723,0.0,3.723,0
2023-09-04,3.723,3.723,3.723,3.723,0.0,3.723,0
2023-09-05,3.669,3.669,3.669,3.669,0.0,3.669,0
2023-09-06,3.683,3.683,3.683,3.683,0.0,3.683,0
2023-09-07,3.675,3.675,3.675,3.675,0.0,3.675,0
2023-09-08,3.622,3.622,3.622,3.622,0.0,3.622,0
2023-09-11,3.514,3.514,3.514,3.514,0.0,3.514,0
2023-09-12,3.526,3.526,3.526,3.526,0.0,3.526,0
2023-09-13,3.587,3.587,3.587,3.587,0.0,3.587,0
2023-09-14,3.551,3.551,3.551,3.551,0.0,3.551,0
2023-09-15,3.54,3.54,3.54,3.54,0.0,3.54,0
2023-09-18,3.532,3.532,3.532,3.532,0.0,3.532,0
2023-09-19,3.388,3.388,3.388,3.388,0.0,3.388,0
2023-09-20,3.536,3.536,3.536,3.536,0.0,3.536,0
2023-09-21,3.617,3.617,3.617,3.617,0.0,3.617,0
2023-09-22,3.625,3.625,3.625,3.625,0.0,3.625,0
2023-09-25,3.698,3.698,3.698,3.698,0.0,3.698,0
2023-09-26,3.653,3.653,3.653,3.653,0.0,3.653,0
2023-09-27,3.606,3.606,3.606,3.606,0.0,3.606,0
2023-09-28,3.613,3.613,3.613,3.613,0.0,3.613,0
2023-09-29,3.659,3.659,3.659,3.659,0.0,3.659,0
2023-10-02,3.65,3.65,3.65,3.65,0.0,3.65,0
2023-10-03,3.775,3.775,3.775,3.775,0.0,3.775,0
2023-10-04,3.697,3.697,3.697,3.697,0.0,3.697,0
2023-10-05,3.601,3.601,3.601,3.601,0.0,3.601,0
2023-10-06,3.512,3.512,3.512,3.512,0.0,3.512,0
2023-10-09,3.435,3.435,3.435,3.435,0.0,3.435,0
2023-10-10,3.53,3.53,3.53,3.53,0.0,3.53,0
2023-10-11,3.499,3.499,3.499,3.499,0.0,3.499,0
2023-10-12,3.609,3.609,3.609,3.609,0.0,3.609,0
2023-10-13,3.543,3.543,3.543,3.543,0.0,3.543,0
2023-10-16,3.523,3.523,3.523,3.523,0.0,3.523,0
2023-10-17,3.552,3.552,3.552,3.552,0.0,3.552,0
2023-10-18,3.547,3.547,3.547,3.547,0.0,3.547,0
2023-10-19,3.566,3.566,3.566,3.566,0.0,3.566,0
2023-10-20,3.572,3.572,3.572,3.572,0.0,3.572,0
2023-10-23,3.576,3.576,3.576,3.576,0.0,3.576,0
2023-10-24,3.581,3.581,3.581,3.581,0.0,3.581,0
2023-10-25,3.589,3.589,3.589,3.589,0.0,3.589,0
2023-10-26,3.574,3.574,3.574,3.574,0.0,3.574,0
2023-10-27,3.594,3.594,3.594,3.594,0.0,3.594,0
2023-10-30,3.585,3.585,3.585,3.585,0.0,3.585,0
2023-10-31,3.628,3.628,3.628,3.628,0.0,3.628,0
2023-11-01,3.726,3.726,3.726,3.726,0.0,3.726,0
2023-11-02,3.786,3.786,3.786,3.786,0.0,3.786,0
2023-11-03,3.637,3.637,3.637,3.637,0.0,3.637,0
2023-11-06,3.662,3.662,3.662,3.662,0.0,3.662,0
2023-11-07,3.693,3.693,3.693,3.693,0.0,3.693,0
2023-11-08,3.57,3.57,3.57,3.57,0.0,3.57,0
2023-11-09,3.526,3.526,3.526,3.526,0.0,3.526,0
2023-11-10,3.472,3.472,3.472,3.472,0.0,3.472,0
2023-11-13,3.52,3.52,3.52,3.52,0.0,3.52,0
2023-11-14,3.534,3.534,3.534,3.534,0.0,3.534,0
2023-11-15,3.595,3.595,3.595,3.595,0.0,3.595,0
2023-11-16,3.596,3.596,3.596,3.596,0.0,3.596,0
2023-11-17,3.599,3.599,3.599,3.599,0.0,3.599,0
2023-11-20,3.586,3.586,3.586,3.586,0.0,3.586,0
2023-11-21,3.561,3.561,3.561,3.561,0.0,3.561,0
2023-11-22,3.548,3.548,3.548,3.548,0.0,3.548,0
2023-11-23,3.548,3.548,3.548,3.548,0.0,3.548,0
2023-11-24,3.608,3.608,3.608,3.608,0.0,3.608,0
2023-11-27,3.649,3.649,3.649,3.649,0.0,3.649,0
2023-11-28,3.594,3.594,3.594,3.594,0.0,3.594,0
2023-11-29,3.569,3.569,3.569,3.569,0.0,3.569,0
2023-11-30,3.588,3.588,3.588,3.588,0.0,3.588,0
2023-12-01,3.604,3.604,3.604,3.604,0.0,3.604,0
2023-12-04,3.57,3.57,3.57,3.57,0.0,3.57,0
2023-12-05,3.535,3.535,3.535,3.535,0.0,3.535,0
2023-12-06,3.345,3.345,3.345,3.345,0.0,3.345,0
2023-12-07,3.38,3.38,3.38,3.38,0.0,3.38,0
2023-12-08,3.406,3.406,3.406,3.406,0.0,3.406,0
2023-12-11,3.438,3.438,3.438,3.438,0.0,3.438,0
2023-12-12,3.487,3.487,3.487,3.487,0.0,3.487,0
2023-12-13,3.566,3.566,3.566,3.566,0.0,3.566,0
2023-12-14,3.576,3.576,3.576,3.576,0.0,3.576,0
2023-12-15,3.655,3.655,3.655,3.655,0.0,3.655,0
2023-12-18,3.652,3.652,3.652,3.652,0.0,3.652,0
2023-12-19,3.535,3.535,3.535,3.535,0.0,3.535,0
2023-12-20,3.606,3.606,3.606,3.606,0.0,3.606,0
2023-12-21,3.51,3.51,3.51,3.51,0.0,3.51,0
2023-12-22,3.563,3.563,3.563,3.563,0.0,3.563,0
2023-12-26,3.476,3.476,3.476,3.476,0.0,3.476,0
2023-12-27,3.495,3.495,3.495,3.495,0.0,3.495,0
2023-12-28,3.39,3.39,3.39,3.39,0.0,3.39,0
2023-12-29,3.41,3.41,3.41,3.41,0.0,3.41,0
2024-01-02,3.435,3.435,3.435,3.435,0.0,3.435,0
2024-01-03,3.586,3.586,3.586,3.586,0.0,3.586,0
2024-01-04,3.617,3.617,3.617,3.617,0.0,3.617,0
2024-01-05,3.619,3.619,3.619,3.619,0.0,3.619,0
2024-01-08,3.629,3.629,3.629,3.629,0.0,3.629,0
2024-01-09,3.706,3.706,3.706,3.706,0.0,3.706,0
2024-01-10,3.68,3.68,3.68,3.68,0.0,3.68,0
2024-01-11,3.583,3.583,3.583,3.583,0.0,3.583,0
2024-01-12,3.579,3.579,3.579,3.579,0.0,3.579,0
2024-01-15,3.579,3.579,3.579,3.579,0.0,3.579,0
2024-01-16,3.561,3.561,3.561,3.561,0.0,3.561,0
2024-01-17,3.609,3.609,3.609,3.609,0.0,3.609,0
2024-01-18,3.536,3.536,3.536,3.536,0.0,3.536,0
2024-01-19,3.523,3.523,3.523,3.523,0.0,3.523,0
2024-01-22,3.507,3.507,3.507,3.507,0.0,3.507,0
2024-01-23,3.62,3.62,3.62,3.62,0.0,3.62,0
2024-01-24,3.413,3.413,3.413,3.413,0.0,3.413,0
2024-01-25,3.313,3.313,3.313,3.313,0.0,3.313,0
2024-01-26,3.243,3.243,3.243,3.243,0.0,3.243,0
2024-01-29,3.15,3.15,3.15,3.15,0.0,3.15,0
2024-01-30,3.284,3.284,3.284,3.284,0.0,3.284,0
2024-01-31,3.285,3.285,3.285,3.285,0.0,3.285,0
2024-02-01,3.381,3.381,3.381,3.381,0.0,3.381,0
2024-02-02,3.454,3.454,3.454,3.454,0.0,3.454,0
2024-02-05,3.423,3.423,3.423,3.423,0.0,3.423,0
2024-02-06,3.416,3.416,3.416,3.416,0.0,3.416,0
2024-02-07,3.369,3.369,3.369,3.369,0.0,3.369,0
2024-02-08,3.309,3.309,3.309,3.309,0.0,3.309,0
2024-02-09,3.308,3.308,3.308,3.308,0.0,3.308,0
2024-02-12,3.305,3.305,3.305,3.305,0.0,3.305,0
2024-02-13,3.346,3.346,3.346,3.346,0.0,3.346,0
2024-02-14,3.318,3.318,3.318,3.318,0.0,3.318,0
2024-02-15,3.25,3.25,3.25,3.25,0.0,3.25,0
2024-02-16,3.23,3.23,3.23,3.23,0.0,3.23,0
2024-02-19,3.23,3.23,3.23,3.23,0.0,3.23,0
2024-02-20,3.242,3.242,3.242,3.242,0.0,3.242,0
2024-02-21,3.25,3.25,3.25,3.25,0.0,3.25,0
2024-02-22,3.344,3.344,3.344,3.344,0.0,3.344,0
2024-02-23,3.297,3.297,3.297,3.297,0.0,3.297,0
2024-02-26,3.301,3.301,3.301,3.301,0.0,3.301,0
2024-02-27,3.305,3.305,3.305,3.305,0.0,3.305,0
2024-02-28,3.325,3.325,3.325,3.325,0.0,3.325,0
2024-02-29,3.326,3.326,3.326,3.326,0.0,3.326,0
2024-03-01,3.298,3.298,3.298,3.298,0.0,3.298,0
2024-03-04,3.28,3.28,3.28,3.28,0.0,3.28,0
2024-03-05,3.312,3.312,3.312,3.312,0.0,3.312,0
2024-03-06,3.334,3.334,3.334,3.334,0.0,3.334,0
2024-03-07,3.338,3.338,3.338,3.338,0.0,3.338,0
2024-03-08,3.38,3.38,3.38,3.38,0.0,3.38,0
2024-03-11,3.396,3.396,3.396,3.396,0.0,3.396,0
2024-03-12,3.377,3.377,3.377,3.377,0.0,3.377,0
2024-03-13,3.374,3.374,3.374,3.374,0.0,3.374,0
2024-03-14,3.379,3.379,3.379,3.379,0.0,3.379,0
2024-03-15,3.37,3.37,3.37,3.37,0.0,3.37,0
2024-03-18,3.424,3.424,3.424,3.424,0.0,3.424,0
2024-03-19,3.413,3.413,3.413,3.413,0.0,3.413,0
2024-03-20,3.398,3.398,3.398,3.398,0.0,3.398,0
2024-03-21,3.364,3.364,3.364,3.364,0.0,3.364,0
2024-03-22,3.406,3.406,3.406,3.406,0.0,3.406,0
2024-03-25,3.338,3.338,3.338,3.338,0.0,3.338,0
2024-03-26,3.34,3.34,3.34,3.34,0.0,3.34,0
2024-03-27,3.325,3.325,3.325,3.325,0.0,3.325,0
2024-03-28,3.418,3.418,3.418,3.418,0.0,3.418,0
2024-04-01,3.457,3.457,3.457,3.457,0.0,3.457,0
2024-04-02,3.541,3.541,3.541,3.541,0.0,3.541,0
2024-04-03,3.612,3.612,3.612,3.612,0.0,3.612,0
2024-04-04,3.61,3.61,3.61,3.61,0.0,3.61,0
2024-04-05,3.617,3.617,3.617,3.617,0.0,3.617,0
2024-04-08,3.611,3.611,3.611,3.611,0.0,3.611,0
2024-04-09,3.565,3.565,3.565,3.565,0.0,3.565,0
2024-04-10,3.576,3.576,3.576,3.576,0.0,3.576,0
2024-04-11,3.644,3.644,3.644,3.644,0.0,3.644,0
2024-04-12,3.713,3.713,3.713,3.713,0.0,3.713,0
2024-04-15,3.798,3.798,3.798,3.798,0.0,3.798,0
2024-04-16,3.853,3.853,3.853,3.853,0.0,3.853,0
2024-04-17,3.84,3.84,3.84,3.84,0.0,3.84,0
2024-04-18,3.827,3.827,3.827,3.827,0.0,3.827,0
2024-04-19,3.842,3.842,3.842,3.842,0.0,3.842,0
2024-04-22,3.84,3.84,3.84,3.84,0.0,3.84,0
2024-04-23,3.814,3.814,3.814,3.814,0.0,3.814,0
2024-04-24,3.792,3.792,3.792,3.792,0.0,3.792,0
2024-04-25,3.816,3.816,3.816,3.816,0.0,3.816,0
2024-04-26,3.797,3.797,3.797,3.797,0.0,3.797,0
2024-04-29,3.766,3.766,3.766,3.766,0.0,3.766,0
2024-04-30,3.777,3.777,3.777,3.777,0.0,3.777,0
2024-05-01,3.775,3.775,3.775,3.775,0.0,3.775,0
2024-05-02,3.757,3.757,3.757,3.757,0.0,3.757,0
2024-05-03,3.759,3.759,3.759,3.759,0.0,3.759,0
2024-05-06,3.751,3.751,3.751,3.751,0.0,3.751,0
2024-05-07,3.694,3.694,3.694,3.694,0.0,3.694,0
2024-05-08,3.62,3.62,3.62,3.62,0.0,3.62,0
2024-05-09,3.535,3.535,3.535,3.535,0.0,3.535,0
2024-05-10,3.578,3.578,3.578,3.578,0.0,3.578,0
2024-05-13,3.593,3.593,3.593,3.593,0.0,3.593,0
2024-05-14,3.616,3.616,3.616,3.616,0.0,3.616,0
2024-05-15,3.649,3.649,3.649,3.649,0.0,3.649,0
2024-05-16,3.679,3.679,3.679,3.679,0.0,3.679,0
2024-05-17,3.75,3.75,3.75,3.75,0.0,3.75,0
2024-05-20,3.819,3.819,3.819,3.819,0.0,3.819,0
2024-05-21,3.846,3.846,3.846,3.846,0.0,3.846,0
2024-05-22,3.836,3.836,3.836,3.836,0.0,3.836,0
2024-05-23,3.824,3.824,3.824,3.824,0.0,3.824,0
2024-05-24,3.847,3.847,3.847,3.847,0.0,3.847,0
2024-05-27,3.847,3.847,3.847,3.847,0.0,3.847,0
2024-05-28,3.833,3.833,3.833,3.833,0.0,3.833,0
2024-05-29,3.759,3.759,3.759,3.759,0.0,3.759,0
2024-05-30,3.765,3.765,3.765,3.765,0.0,3.765,0
2024-05-31,3.705,3.705,3.705,3.705,0.0,3.705,0
2024-06-03,3.667,3.667,3.667,3.667,0.0,3.667,0
2024-06-04,3.55,3.55,3.55,3.55,0.0,3.55,0
2024-06-05,3.589,3.589,3.589,3.589,0.0,3.589,0
2024-06-06,3.561,3.561,3.561,3.561,0.0,3.561,0
2024-06-07,3.557,3.557,3.557,3.557,0.0,3.557,0
2024-06-10,3.602,3.602,3.602,3.602,0.0,3.602,0
2024-06-11,3.547,3.547,3.547,3.547,0.0,3.547,0
2024-06-12,3.528,3.528,3.528,3.528,0.0,3.528,0
2024-06-13,3.54,3.54,3.54,3.54,0.0,3.54,0
2024-06-14,3.629,3.629,3.629,3.629,0.0,3.629,0
2024-06-17,3.643,3.643,3.643,3.643,0.0,3.643,0
2024-06-18,3.684,3.684,3.684,3.684,0.0,3.684,0
2024-06-19,3.684,3.684,3.684,3.684,0.0,3.684,0
2024-06-20,3.634,3.634,3.634,3.634,0.0,3.634,0
2024-06-21,3.44,3.44,3.44,3.44,0.0,3.44,0
2024-06-24,3.418,3.418,3.418,3.418,0.0,3.418,0
2024-06-25,3.376,3.376,3.376,3.376,0.0,3.376,0
2024-06-26,3.399,3.399,3.399,3.399,0.0,3.399,0
2024-06-27,3.329,3.329,3.329,3.329,0.0,3.329,0
2024-06-28,3.364,3.364,3.364,3.364,0.0,3.364,0
2024-07-01,3.362,3.362,3.362,3.362,0.0,3.362,0
2024-07-02,3.354,3.354,3.354,3.354,0.0,3.354,0
2024-07-03,3.347,3.347,3.347,3.347,0.0,3.347,0
2024-07-04,3.347,3.347,3.347,3.347,0.0,3.347,0
2024-07-05,3.345,3.345,3.345,3.345,0.0,3.345,0
2024-07-08,3.323,3.323,3.323,3.323,0.0,3.323,0
2024-07-09,3.343,3.343,3.343,3.343,0.0,3.343,0
2024-07-10,3.371,3.371,3.371,3.371,0.0,3.371,0
2024-07-11,3.392,3.392,3.392,3.392,0.0,3.392,0
2024-07-12,3.457,3.457,3.457,3.457,0.0,3.457,0
2024-07-15,3.427,3.427,3.427,3.427,0.0,3.427,0
2024-07-16,3.394,3.394,3.394,3.394,0.0,3.394,0
2024-07-17,3.396,3.396,3.396,3.396,0.0,3.396,0
2024-07-18,3.366,3.366,3.366,3.366,0.0,3.366,0
2024-07-19,3.438,3.438,3.438,3.438,0.0,3.438,0
2024-07-22,3.446,3.446,3.446,3.446,0.0,3.446,0
2024-07-23,3.473,3.473,3.473,3.473,0.0,3.473,0
2024-07-24,3.378,3.378,3.378,3.378,0.0,3.378,0
2024-07-25,3.325,3.325,3.325,3.325,0.0,3.325,0
2024-07-26,3.324,3.324,3.324,3.324,0.0,3.324,0
2024-07-29,3.305,3.305,3.305,3.305,0.0,3.305,0
2024-07-30,3.336,3.336,3.336,3.336,0.0,3.336,0
2024-07-31,3.343,3.343,3.343,3.343,0.0,3.343,0
2024-08-01,3.322,3.322,3.322,3.322,0.0,3.322,0
2024-08-02,3.319,3.319,3.319,3.319,0.0,3.319,0
2024-08-05,3.263,3.263,3.263,3.263,0.0,3.263,0
2024-08-06,3.259,3.259,3.259,3.259,0.0,3.259,0
2024-08-07,3.157,3.157,3.157,3.157,0.0,3.157,0
2024-08-08,3.167,3.167,3.167,3.167,0.0,3.167,0
2024-08-09,3.168,3.168,3.168,3.168,0.0,3.168,0
2024-08-12,3.177,3.177,3.177,3.177,0.0,3.177,0
2024-08-13,3.165,3.165,3.165,3.165,0.0,3.165,0
2024-08-14,3.185,3.185,3.185,3.185,0.0,3.185,0
2024-08-15,3.164,3.164,3.164,3.164,0.0,3.164,0
2024-08-16,3.199,3.199,3.199,3.199,0.0,3.199,0
2024-08-19,3.221,3.221,3.221,3.221,0.0,3.221,0
2024-08-20,3.233,3.233,3.233,3.233,0.0,3.233,0
2024-08-21,3.219,3.219,3.219,3.219,0.0,3.219,0
2024-08-22,3.23,3.23,3.23,3.23,0.0,3.23,0
2024-08-23,3.288,3.288,3.288,3.288,0.0,3.288,0
2024-08-26,3.309,3.309,3.309,3.309,0.0,3.309,0
2024-08-27,3.302,3.302,3.302,3.302,0.0,3.302,0
2024-08-28,3.324,3.324,3.324,3.324,0.0,3.324,0
2024-08-29,3.298,3.298,3.298,3.298,0.0,3.298,0
2024-08-30,3.314,3.314,3.314,3.314,0.0,3.314,0
2024-09-02,3.314,3.314,3.314,3.314,0.0,3.314,0
2024-09-03,3.306,3.306,3.306,3.306,0.0,3.306,0
2024-09-04,3.313,3.313,3.313,3.313,0.0,3.313,0
2024-09-05,3.282,3.282,3.282,3.282,0.0,3.282,0
2024-09-06,3.202,3.202,3.202,3.202,0.0,3.202,0
2024-09-09,3.232,3.232,3.232,3.232,0.0,3.232,0
2024-09-10,3.216,3.216,3.216,3.216,0.0,3.216,0
2024-09-11,3.212,3.212,3.212,3.212,0.0,3.212,0
2024-09-12,3.236,3.236,3.236,3.236,0.0,3.236,0
2024-09-13,3.213,3.213,3.213,3.213,0.0,3.213,0
2024-09-16,3.202,3.202,3.202,3.202,0.0,3.202,0
2024-09-17,3.193,3.193,3.193,3.193,0.0,3.193,0
2024-09-18,3.064,3.064,3.064,3.064,0.0,3.064,0
2024-09-19,3.081,3.081,3.081,3.081,0.0,3.081,0
2024-09-20,3.094,3.094,3.094,3.094,0.0,3.094,0
2024-09-23,3.069,3.069,3.069,3.069,0.0,3.069,0
2024-09-24,3.127,3.127,3.127,3.127,0.0,3.127,0
2024-09-25,3.159,3.159,3.159,3.159,0.0,3.159,0
2024-09-26,3.212,3.212,3.212,3.212,0.0,3.212,0
2024-09-27,3.229,3.229,3.229,3.229,0.0,3.229,0
2024-09-30,3.213,3.213,3.213,3.213,0.0,3.213,0
2024-10-01,3.195,3.195,3.195,3.195,0.0,3.195,0
2024-10-02,3.171,3.171,3.171,3.171,0.0,3.171,0
2024-10-03,3.213,3.213,3.213,3.213,0.0,3.213,0
2024-10-04,3.247,3.247,3.247,3.247,0.0,3.247,0
2024-10-07,3.22,3.22,3.22,3.22,0.0,3.22,0
2024-10-08,3.19,3.19,3.19,3.19,0.0,3.19,0
2024-10-09,3.17,3.17,3.17,3.17,0.0,3.17,0
2024-10-10,3.225,3.225,3.225,3.225,0.0,3.225,0
2024-10-11,3.215,3.215,3.215,3.215,0.0,3.215,0
2024-10-14,3.244,3.244,3.244,3.244,0.0,3.244,0
2024-10-15,3.301,3.301,3.301,3.301,0.0,3.301,0
2024-10-16,3.197,3.197,3.197,3.197,0.0,3.197,0
2024-10-17,3.262,3.262,3.262,3.262,0.0,3.262,0
2024-10-18,3.256,3.256,3.256,3.256,0.0,3.256,0
2024-10-21,3.237,3.237,3.237,3.237,0.0,3.237,0
2024-10-22,3.211,3.211,3.211,3.211,0.0,3.211,0
2024-10-23,3.231,3.231,3.231,3.231,0.0,3.231,0
2024-10-24,3.223,3.223,3.223,3.223,0.0,3.223,0
2024-10-25,3.254,3.254,3.254,3.254,0.0,3.254,0
2024-10-28,3.228,3.228,3.228,3.228,0.0,3.228,0
2024-10-29,3.267,3.267,3.267,3.267,0.0,3.267,0
2024-10-30,3.257,3.257,3.257,3.257,0.0,3.257,0
2024-10-31,3.204,3.204,3.204,3.204,0.0,3.204,0
2024-11-01,3.192,3.192,3.192,3.192,0.0,3.192,0
2024-11-04,3.244,3.244,3.244,3.244,0.0,3.244,0
2024-11-05,3.185,3.185,3.185,3.185,0.0,3.185,0
2024-11-06,3.223,3.223,3.223,3.223,0.0,3.223,0
2024-11-07,3.226,3.226,3.226,3.226,0.0,3.226,0
2024-11-08,3.158,3.158,3.158,3.158,0.0,3.158,0
2024-11-11,3.215,3.215,3.215,3.215,0.0,3.215,0
2024-11-12,3.218,3.218,3.218,3.218,0.0,3.218,0
2024-11-13,3.206,3.206,3.206,3.206,0.0,3.206,0
2024-11-14,3.214,3.214,3.214,3.214,0.0,3.214,0
2024-11-15,3.152,3.152,3.152,3.152,0.0,3.152,0
2024-11-18,3.117,3.117,3.117,3.117,0.0,3.117,0
2024-11-19,3.143,3.143,3.143,3.143,0.0,3.143,0
2024-11-20,3.266,3.266,3.266,3.266,0.0,3.266,0
2024-11-21,3.207,3.207,3.207,3.207,0.0,3.207,0
2024-11-22,3.19,3.19,3.19,3.19,0.0,3.19,0
2024-11-25,3.239,3.239,3.239,3.239,0.0,3.239,0
2024-11-26,3.188,3.188,3.188,3.188,0.0,3.188,0
2024-11-27,3.201,3.201,3.201,3.201,0.0,3.201,0
2024-11-28,3.201,3.201,3.201,3.201,0.0,3.201,0
2024-11-29,3.296,3.296,3.296,3.296,0.0,3.296,0
2024-12-02,3.2,3.2,3.2,3.2,0.0,3.2,0
2024-12-03,3.171,3.171,3.171,3.171,0.0,3.171,0
2024-12-04,3.208,3.208,3.208,3.208,0.0,3.208,0
2024-12-05,3.211,3.211,3.211,3.211,0.0,3.211,0
2024-12-06,3.219,3.219,3.219,3.219,0.0,3.219,0
2024-12-09,3.156,3.156,3.156,3.156,0.0,3.156,0
2024-12-10,3.167,3.167,3.167,3.167,0.0,3.167,0
2024-12-11,3.214,3.214,3.214,3.214,0.0,3.214,0
2024-12-12,3.286,3.286,3.286,3.286,0.0,3.286,0
2024-12-13,3.335,3.335,3.335,3.335,0.0,3.335,0
2024-12-16,3.338,3.338,3.338,3.338,0.0,3.338,0
2024-12-17,3.39,3.39,3.39,3.39,0.0,3.39,0
2024-12-18,3.357,3.357,3.357,3.357,0.0,3.357,0
2024-12-19,3.341,3.341,3.341,3.341,0.0,3.341,0
2024-12-20,3.289,3.289,3.289,3.289,0.0,3.289,0
2024-12-23,3.267,3.267,3.267,3.267,0.0,3.267,0
2024-12-24,3.357,3.357,3.357,3.357,0.0,3.357,0
2024-12-26,3.375,3.375,3.375,3.375,0.0,3.375,0
2024-12-27,3.374,3.374,3.374,3.374,0.0,3.374,0
2024-12-30,3.378,3.378,3.378,3.378,0.0,3.378,0
2024-12-31,3.259,3.259,3.259,3.259,0.0,3.259,0
2025-01-02,3.25,3.25,3.25,3.25,0.0,3.25,0
2025-01-03,3.222,3.222,3.222,3.222,0.0,3.222,0
2025-01-06,3.187,3.187,3.187,3.187,0.0,3.187,0
2025-01-07,3.232,3.232,3.232,3.232,0.0,3.232,0
2025-01-08,3.255,3.255,3.255,3.255,0.0,3.255,0
2025-01-09,3.273,3.273,3.273,3.273,0.0,3.273,0
2025-01-10,3.33,3.33,3.33,3.33,0.0,3.33,0
2025-01-13,3.308,3.308,3.308,3.308,0.0,3.308,0
2025-01-14,3.262,3.262,3.262,3.262,0.0,3.262,0
2025-01-15,3.292,3.292,3.292,3.292,0.0,3.292,0
2025-01-16,3.262,3.262,3.262,3.262,0.0,3.262,0
2025-01-17,3.234,3.234,3.234,3.234,0.0,3.234,0
2025-01-20,3.234,3.234,3.234,3.234,0.0,3.234,0
2025-01-21,3.178,3.178,3.178,3.178,0.0,3.178,0
2025-01-22,3.263,3.263,3.263,3.263,0.0,3.263,0
2025-01-23,3.338,3.338,3.338,3.338,0.0,3.338,0
2025-01-24,3.336,3.336,3.336,3.336,0.0,3.336,0
2025-01-27,3.305,3.305,3.305,3.305,0.0,3.305,0
2025-01-28,3.237,3.237,3.237,3.237,0.0,3.237,0
2025-01-29,3.31,3.31,3.31,3.31,0.0,3.31,0
2025-01-30,3.255,3.255,3.255,3.255,0.0,3.255,0
2025-01-31,3.208,3.208,3.208,3.208,0.0,3.208,0
2025-02-03,3.242,3.242,3.242,3.242,0.0,3.242,0
2025-02-04,3.191,3.191,3.191,3.191,0.0,3.191,0
2025-02-05,3.226,3.226,3.226,3.226,0.0,3.226,0
2025-02-06,3.208,3.208,3.208,3.208,0.0,3.208,0
2025-02-07,3.212,3.212,3.212,3.212,0.0,3.212,0
2025-02-10,3.226,3.226,3.226,3.226,0.0,3.226,0
2025-02-11,3.235,3.235,3.235,3.235,0.0,3.235,0
2025-02-12,3.259,3.259,3.259,3.259,0.0,3.259,0
2025-02-13,3.248,3.248,3.248,3.248,0.0,3.248,0
2025-02-14,3.241,3.241,3.241,3.241,0.0,3.241,0
2025-02-17,3.241,3.241,3.241,3.241,0.0,3.241,0
2025-02-18,3.216,3.216,3.216,3.216,0.0,3.216,0
2025-02-19,3.224,3.224,3.224,3.224,0.0,3.224,0
2025-02-20,3.142,3.142,3.142,3.142,0.0,3.142,0
2025-02-21,3.101,3.101,3.101,3.101,0.0,3.101,0
2025-02-24,3.095,3.095,3.095,3.095,0.0,3.095,0
2025-02-25,3.088,3.088,3.088,3.088,0.0,3.088,0
2025-02-26,3.094,3.094,3.094,3.094,0.0,3.094,0
2025-02-27,3.186,3.186,3.186,3.186,0.0,3.186,0
2025-02-28,3.223,3.223,3.223,3.223,0.0,3.223,0
2025-03-03,3.228,3.228,3.228,3.228,0.0,3.228,0
2025-03-04,3.248,3.248,3.248,3.248,0.0,3.248,0
2025-03-05,3.201,3.201,3.201,3.201,0.0,3.201,0
2025-03-06,3.206,3.206,3.206,3.206,0.0,3.206,0
2025-03-07,3.231,3.231,3.231,3.231,0.0,3.231,0
2025-03-10,3.191,3.191,3.191,3.191,0.0,3.191,0
2025-03-11,3.24,3.24,3.24,3.24,0.0,3.24,0
2025-03-12,3.234,3.234,3.234,3.234,0.0,3.234,0
2025-03-13,3.26,3.26,3.26,3.26,0.0,3.26,0
2025-03-14,3.249,3.249,3.249,3.249,0.0,3.249,0
2025-03-17,3.25,3.25,3.25,3.25,0.0,3.25,0
2025-03-18,3.256,3.256,3.256,3.256,0.0,3.256,0
2025-03-19,3.257,3.257,3.257,3.257,0.0,3.257,0
2025-03-20,3.265,3.265,3.265,3.265,0.0,3.265,0
2025-03-21,3.267,3.267,3.267,3.267,0.0,3.267,0
2025-03-24,3.278,3.278,3.278,3.278,0.0,3.278,0
2025-03-25,3.173,3.173,3.173,3.173,0.0,3.173,0
2025-03-26,3.187,3.187,3.187,3.187,0.0,3.187,0
2025-03-27,3.193,3.193,3.193,3.193,0.0,3.193,0
2025-03-28,3.181,3.181,3.181,3.181,0.0,3.181,0
2025-03-31,3.154,3.154,3.154,3.154,0.0,3.154,0
2025-04-01,3.155,3.155,3.155,3.155,0.0,3.155,0
2025-04-02,3.198,3.198,3.198,3.198,0.0,3.198,0
2025-04-03,3.189,3.189,3.189,3.189,0.0,3.189,0
2025-04-04,3.157,3.157,3.157,3.157,0.0,3.157,0
2025-04-07,3.155,3.155,3.155,3.155,0.0,3.155,0
2025-04-08,3.151,3.151,3.151,3.151,0.0,3.151,0
2025-04-09,3.225,3.225,3.225,3.225,0.0,3.225,0
2025-04-10,3.219,3.219,3.219,3.219,0.0,3.219,0
2025-04-11,3.261,3.261,3.261,3.261,0.0,3.261,0
2025-04-14,3.245,3.245,3.245,3.245,0.0,3.245,0
2025-04-15,3.248,3.248,3.248,3.248,0.0,3.248,0
2025-04-16,3.246,3.246,3.246,3.246,0.0,3.246,0
2025-04-17,3.239,3.239,3.239,3.239,0.0,3.239,0
2025-04-21,3.195,3.195,3.195,3.195,0.0,3.195,0
2025-04-22,3.214,3.214,3.214,3.214,0.0,3.214,0
2025-04-23,3.24,3.24,3.24,3.24,0.0,3.24,0
2025-04-24,3.237,3.237,3.237,3.237,0.0,3.237,0
2025-04-25,3.262,3.262,3.262,3.262,0.0,3.262,0
2025-04-28,3.255,3.255,3.255,3.255,0.0,3.255,0
2025-04-29,3.269,3.269,3.269,3.269,0.0,3.269,0
2025-04-30,3.268,3.268,3.268,3.268,0.0,3.268,0
2025-05-01,3.222,3.222,3.222,3.222,0.0,3.222,0
2025-05-02,3.212,3.212,3.212,3.212,0.0,3.212,0
2025-05-05,3.213,3.213,3.213,3.213,0.0,3.213,0
2025-05-06,3.252,3.252,3.252,3.252,0.0,3.252,0
2025-05-07,3.269,3.269,3.269,3.269,0.0,3.269,0
2025-05-08,3.277,3.277,3.277,3.277,0.0,3.277,0
2025-05-09,3.293,3.293,3.293,3.293,0.0,3.293,0
2025-05-12,3.311,3.311,3.311,3.311,0.0,3.311,0
2025-05-13,3.304,3.304,3.304,3.304,0.0,3.304,0
2025-05-14,3.313,3.313,3.313,3.313,0.0,3.313,0
2025-05-15,3.293,3.293,3.293,3.293,0.0,3.293,0
2025-05-16,3.314,3.314,3.314,3.314,0.0,3.314,0
2025-05-19,3.287,3.287,3.287,3.287,0.0,3.287,0
2025-05-20,3.293,3.293,3.293,3.293,0.0,3.293,0
2025-05-21,3.311,3.311,3.311,3.311,0.0,3.311,0
2025-05-22,3.304,3.304,3.304,3.304,0.0,3.304,0
2025-05-23,3.317,3.317,3.317,3.317,0.0,3.317,0
2025-05-27,3.295,3.295,3.295,3.295,0.0,3.295,0
2025-05-28,3.282,3.282,3.282,3.282,0.0,3.282,0
2025-05-29,3.282,3.282,3.282,3.282,0.0,3.282,0
2025-05-30,3.285,3.285,3.285,3.285,0.0,3.285,0
2025-06-02,3.279,3.279,3.279,3.279,0.0,3.279,0
2025-06-03,3.278,3.278,3.278,3.278,0.0,3.278,0
2025-06-04,3.266,3.266,3.266,3.266,0.0,3.266,0
2025-06-05,3.27,3.27,3.27,3.27,0.0,3.27,0
2025-06-06,3.28,3.28,3.28,3.28,0.0,3.28,0
2025-06-09,3.264,3.264,3.264,3.264,0.0,3.264,0
2025-06-10,3.264,3.264,3.264,3.264,0.0,3.264,0
2025-06-11,3.257,3.257,3.257,3.257,0.0,3.257,0
2025-06-12,3.244,3.244,3.244,3.244,0.0,3.244,0
2025-06-13,3.27,3.27,3.27,3.27,0.0,3.27,0
2025-06-16,3.318,3.318,3.318,3.318,0.0,3.318,0
2025-06-17,3.381,3.381,3.381,3.381,0.0,3.381,0
2025-06-18,3.356,3.356,3.356,3.356,0.0,3.356,0
2025-06-20,3.342,3.342,3.342,3.342,0.0,3.342,0
2025-06-23,3.34,3.34,3.34,3.34,0.0,3.34,0
2025-06-24,3.341,3.341,3.341,3.341,0.0,3.341,0
2025-06-25,3.329,3.329,3.329,3.329,0.0,3.329,0
2025-06-26,3.326,3.326,3.326,3.326,0.0,3.326,0
2025-06-27,3.354,3.354,3.354,3.354,0.0,3.354,0
2025-06-30,3.357,3.357,3.357,3.357,0.0,3.357,0
2025-07-01,3.362,3.362,3.362,3.362,0.0,3.362,0
2025-07-02,3.38,3.38,3.38,3.38,0.0,3.38,0
2025-07-03,3.372,3.372,3.372,3.372,0.0,3.372,0
2025-07-07,3.389,3.389,3.389,3.389,0.0,3.389,0
2025-07-08,3.33,3.33,3.33,3.33,0.0,3.33,0
2025-07-09,3.368,3.368,3.368,3.368,0.0,3.368,0
2025-07-10,3.379,3.379,3.379,3.379,0.0,3.379,0
2025-07-11,3.407,3.407,3.407,3.407,0.0,3.407,0
2025-07-14,3.4,3.4,3.4,3.4,0.0,3.4,0
2025-07-15,3.419,3.419,3.419,3.419,0.0,3.419,0
2025-07-16,3.429,3.429,3.429,3.429,0.0,3.429,0
2025-07-17,3.418,3.418,3.418,3.418,0.0,3.418,0
2025-07-18,3.413,3.413,3.413,3.413,0.0,3.413,0
2025-07-21,3.39,3.39,3.39,3.39,0.0,3.39,0
2025-07-22,3.401,3.401,3.401,3.401,0.0,3.401,0
2025-07-23,3.405,3.405,3.405,3.405,0.0,3.405,0
2025-07-24,3.417,3.417,3.417,3.417,0.0,3.417,0
2025-07-25,3.332,3.332,3.332,3.332,0.0,3.332,0
2025-07-28,3.292,3.292,3.292,3.292,0.0,3.292,0
2025-07-29,3.31,3.31,3.31,3.31,0.0,3.31,0
2025-07-30,3.31,3.31,3.275,3.275,1.0,3.31,1
2025-07-31,3.315,3.315,3.315,3.315,0.0,3.315,0
2025-08-01,3.347,3.347,3.347,3.347,0.0,3.347,0
2025-08-04,3.377,3.377,3.377,3.377,0.0,3.377,0
2025-08-05,3.345,3.375,3.345,3.375,1.0,3.345,1
2025-08-06,3.341,3.341,3.341,3.341,0.0,3.341,0
2025-08-07,3.361,3.361,3.361,3.361,0.0,3.361,0
2025-08-08,3.422,3.422,3.422,3.422,0.0,3.422,0
2025-08-11,3.32,3.32,3.32,3.32,0.0,3.32,0
2025-08-12,3.317,3.317,3.317,3.317,0.0,3.317,0
2025-08-13,3.3,3.3,3.3,3.3,0.0,3.3,0
2025-08-14,3.307,3.307,3.307,3.307,0.0,3.307,0
2025-08-15,3.341,3.341,3.341,3.341,0.0,3.341,0
2025-08-18,3.379,3.379,3.379,3.379,0.0,3.379,0
2025-08-19,3.397,3.397,3.397,3.397,0.0,3.397,0
2025-08-20,3.378,3.378,3.378,3.378,0.0,3.378,0
2025-08-21,3.39,3.39,3.39,3.39,0.0,3.39,0
2025-08-22,3.384,3.384,3.384,3.384,0.0,3.384,0
2025-08-25,3.349,3.349,3.349,3.349,0.0,3.349,0
2025-08-26,3.366,3.366,3.366,3.366,0.0,3.366,0
2025-08-27,3.368,3.368,3.368,3.368,0.0,3.368,0
2025-08-28,3.357,3.357,3.357,3.357,0.0,3.357,0
2025-08-29,3.362,3.362,3.362,3.362,0.0,3.362,0
2025-09-02,3.352,3.352,3.352,3.352,0.0,3.352,0
2025-09-03,3.365,3.365,3.365,3.365,0.0,3.365,0
2025-09-04,3.329,3.329,3.329,3.329,0.0,3.329,0
2025-09-05,3.325,3.325,3.325,3.325,0.0,3.325,0
2025-09-08,3.289,3.289,3.289,3.289,0.0,3.289,0
2025-09-09,3.319,3.319,3.319,3.319,0.0,3.319,0
2025-09-10,3.318,3.318,3.318,3.318,0.0,3.318,0
2025-09-11,3.317,3.317,3.317,3.317,0.0,3.317,0
2025-09-12,3.349,3.349,3.349,3.349,0.0,3.349,0
2025-09-15,3.364,3.364,3.364,3.364,0.0,3.364,0
2025-09-16,3.44,3.44,3.44,3.44,0.0,3.44,0
2025-09-17,3.434,3.434,3.434,3.434,0.0,3.434,0
2025-09-18,3.433,3.433,3.433,3.433,0.0,3.433,0
2025-09-19,3.433,3.433,3.433,3.433,0.0,3.433,0
2025-09-22,3.449,3.449,3.449,3.449,0.0,3.449,0
2025-09-23,3.408,3.408,3.408,3.408,0.0,3.408,0
2025-09-24,3.456,3.456,3.456,3.456,0.0,3.456,0
2025-09-25,3.38,3.38,3.38,3.38,0.0,3.38,0
2025-09-26,3.417,3.417,3.417,3.417,0.0,3.417,0
2025-09-29,3.397,3.397,3.397,3.397,0.0,3.397,0
2025-09-30,3.415,3.415,3.415,3.415,0.0,3.415,0
2025-10-01,3.402,3.402,3.402,3.402,0.0,3.402,0
2025-10-02,3.442,3.442,3.442,3.442,0.0,3.442,0
2025-10-03,3.401,3.401,3.401,3.401,0.0,3.401,0
2025-10-06,3.398,3.398,3.398,3.398,0.0,3.398,0
2025-10-07,3.41,3.41,3.41,3.41,0.0,3.41,0
2025-10-08,3.483,3.483,3.483,3.483,0.0,3.483,0
2025-10-09,3.477,3.477,3.477,3.477,0.0,3.477,0
2025-10-10,3.483,3.483,3.483,3.483,0.0,3.483,0
2025-10-13,3.504,3.504,3.504,3.504,0.0,3.504,0
2025-10-14,3.431,3.431,3.431,3.431,0.0,3.431,0
2025-10-15,3.428,3.428,3.428,3.428,0.0,3.428,0
2025-10-16,3.41,3.41,3.41,3.41,0.0,3.41,0
2025-10-17,3.408,3.408,3.408,3.408,0.0,3.408,0
2025-10-20,3.458,3.458,3.458,3.458,0.0,3.458,0
2025-10-21,3.428,3.428,3.428,3.428,0.0,3.428,0
2025-10-22,3.428,3.428,3.428,3.428,0.0,3.428,0
2025-10-23,3.429,3.429,3.429,3.429,0.0,3.429,0
2025-10-24,3.424,3.424,3.424,3.424,0.0,3.424,0
2025-10-27,3.431,3.431,3.431,3.431,0.0,3.431,0
2025-10-28,3.452,3.452,3.452,3.452,0.0,3.452,0
2025-10-29,3.463,3.463,3.463,3.463,0.0,3.463,0
2025-10-30,3.478,3.478,3.478,3.478,0.0,3.478,0
2025-10-31,3.461,3.461,3.461,3.461,0.0,3.461,0
2025-11-03,3.488,3.488,3.488,3.488,0.0,3.488,0
2025-11-04,3.514,3.514,3.514,3.514,0.0,3.514,0
2025-11-05,3.454,3.454,3.454,3.454,0.0,3.454,0
2025-11-06,3.478,3.478,3.478,3.478,0.0,3.478,0
2025-11-07,3.45,3.45,3.45,3.45,0.0,3.45,0
2025-11-10,3.439,3.439,3.439,3.439,0.0,3.439,0
2025-11-11,3.462,3.462,3.462,3.462,0.0,3.462,0
2025-11-12,3.485,3.485,3.485,3.485,0.0,3.485,0
2025-11-13,3.51,3.51,3.51,3.51,0.0,3.51,0
2025-11-14,3.5,3.5,3.5,3.5,0.0,3.5,0
2025-11-17,3.511,3.511,3.511,3.511,0.0,3.511,0
2025-11-18,3.509,3.509,3.509,3.509,0.0,3.509,0
2025-11-19,3.507,3.507,3.507,3.507,0.0,3.507,0
2025-11-20,3.523,3.523,3.523,3.523,0.0,3.523,0
2025-11-21,3.537,3.537,3.537,3.537,0.0,3.537,0
2025-11-24,3.513,3.513,3.513,3.513,0.0,3.513,0
2025-11-25,3.531,3.531,3.531,3.531,0.0,3.531,0
2025-11-26,3.486,3.486,3.486,3.486,0.0,3.486,0
2025-11-28,3.528,3.528,3.528,3.528,0.0,3.528,0
2025-12-01,3.482,3.482,3.482,3.482,0.0,3.482,0
2025-12-02,3.498,3.498,3.498,3.498,0.0,3.498,0
2025-12-03,3.497,3.497,3.497,3.497,0.0,3.497,0
2025-12-04,3.529,3.529,3.529,3.529,0.0,3.529,0
2025-12-05,3.556,3.556,3.556,3.556,0.0,3.556,0
2025-12-08,3.494,3.494,3.494,3.494,0.0,3.494,0
2025-12-09,3.48,3.48,3.48,3.48,0.0,3.48,0
2025-12-10,3.476,3.476,3.476,3.476,0.0,3.476,0
2025-12-11,3.512,3.512,3.512,3.512,0.0,3.512,0
2025-12-12,3.481,3.481,3.481,3.481,0.0,3.481,0
2025-12-15,3.505,3.505,3.505,3.505,0.0,3.505,0
2025-12-16,3.499,3.499,3.499,3.499,0.0,3.499,0
2025-12-17,3.515,3.515,3.515,3.515,0.0,3.515,0
2025-12-18,3.474,3.474,3.474,3.474,0.0,3.474,0
2025-12-19,3.463,3.463,3.463,3.463,0.0,3.463,0
2025-12-22,3.452,3.452,3.452,3.452,0.0,3.452,0
2025-12-23,3.456,3.456,3.456,3.456,0.0,3.456,0
2025-12-24,3.422,3.422,3.422,3.422,0.0,3.422,0
2025-12-26,3.425,3.425,3.425,3.425,0.0,3.425,0
2025-12-29,3.45,3.45,3.45,3.45,0.0,3.45,0
2025-12-30,3.443,3.443,3.443,3.443,0.0,3.443,0
2025-12-31,3.461,3.461,3.461,3.461,0.0,3.461,0
2026-01-02,3.428,3.428,3.428,3.428,0.0,3.428,0
2026-01-05,3.433,3.433,3.433,3.433,0.0,3.433,0
2026-01-06,3.447,3.447,3.447,3.447,0.0,3.447,0
2026-01-07,3.41,3.41,3.41,3.41,0.0,3.41,0
2026-01-08,3.424,3.424,3.424,3.424,0.0,3.424,0
2026-01-09,3.387,3.387,3.387,3.387,0.0,3.387,0
2026-01-12,3.436,3.436,3.436,3.436,0.0,3.436,0
2026-01-13,3.454,3.454,3.454,3.454,0.0,3.454,0
2026-01-14,3.377,3.377,3.377,3.377,0.0,3.377,0
2026-01-15,3.47,3.47,3.47,3.47,0.0,3.47,0
2026-01-16,3.499,3.499,3.499,3.499,0.0,3.499,0
2026-01-20,3.513,3.513,3.513,3.513,0.0,3.513,0
2026-01-21,3.51,3.51,3.51,3.51,0.0,3.51,0
2026-01-22,3.503,3.503,3.503,3.503,0.0,3.503,0
2026-01-23,3.478,3.478,3.478,3.478,0.0,3.478,0
2026-01-26,3.483,3.483,3.483,3.483,0.0,3.483,0
2026-01-27,3.477,3.477,3.477,3.477,0.0,3.477,0
2026-01-28,3.515,3.515,3.515,3.515,0.0,3.515,0
2026-01-29,3.452,3.452,3.452,3.452,0.0,3.452,0
2026-01-30,3.42,3.42,3.42,3.42,0.0,3.42,0
2026-02-02,3.42,3.42,3.42,3.42,0.0,3.42,0
2026-02-03,3.46,3.46,3.46,3.46,0.0,3.46,0
2026-02-04,3.471,3.471,3.471,3.471,0.0,3.471,0
2026-02-05,3.456,3.456,3.456,3.456,0.0,3.456,0
2026-02-06,3.455,3.455,3.455,3.455,0.0,3.455,0
2026-02-09,3.476,3.476,3.476,3.476,0.0,3.476,0
2026-02-10,3.45,3.45,3.444,3.444,1.0,3.45,1
2026-02-11,3.497,3.497,3.497,3.497,0.0,3.497,0
2026-02-12,3.439,3.439,3.439,3.439,0.0,3.439,0
2026-02-13,3.46,3.46,3.46,3.46,0.0,3.46,0
2026-02-17,3.418,3.418,3.418,3.418,0.0,3.418,0
2026-02-18,3.441,3.441,3.441,3.441,0.0,3.441,0
2026-02-19,3.448,3.448,3.448,3.448,0.0,3.448,0
2026-02-20,3.465,3.465,3.465,3.465,0.0,3.465,0
2026-02-23,3.428,3.428,3.428,3.428,0.0,3.428,0
2026-02-24,3.459,3.459,3.459,3.459,0.0,3.459,0
2026-02-25,3.429,3.429,3.429,3.429,0.0,3.429,0
2026-02-26,3.422,3.422,3.422,3.422,0.0,3.422,0
2026-02-27,3.416,3.416,3.416,3.416,0.0,3.416,0
2026-03-02,3.427,3.427,3.427,3.427,0.0,3.427,0
2026-03-03,3.414,3.414,3.414,3.414,0.0,3.414,0
2026-03-04,3.4,3.4,3.4,3.4,0.0,3.4,0
2026-03-05,3.401,3.401,3.401,3.401,0.0,3.401,0
2026-03-06,3.448,3.448,3.448,3.448,0.0,3.448,0
2026-03-09,3.428,3.44,3.428,3.44,1.0,3.428,1
2026-03-10,3.483,3.483,3.483,3.483,0.0,3.483,0
2026-03-11,3.503,3.503,3.503,3.503,0.0,3.503,0
2026-03-12,3.474,3.474,3.474,3.474,0.0,3.474,0
2026-03-13,3.472,3.472,3.472,3.472,0.0,3.472,0
2026-03-16,3.453,3.453,3.453,3.453,0.0,3.453,0
2026-03-17,3.439,3.439,3.439,3.439,0.0,3.439,0
2026-03-18,3.464,3.464,3.464,3.464,0.0,3.464,0
2026-03-19,3.459,3.459,3.459,3.459,0.0,3.459,0
2026-03-20,3.494,3.494,3.494,3.494,0.0,3.494,0
2026-03-23,3.484,3.484,3.484,3.484,0.0,3.484,0
2026-03-24,3.492,3.492,3.492,3.492,0.0,3.492,0
2026-03-25,3.493,3.493,3.493,3.493,0.0,3.493,0
2026-03-26,3.515,3.515,3.515,3.515,0.0,3.515,0
2026-03-27,3.515,3.515,3.46,3.46,1.0,3.515,1
2026-03-30,3.442,3.442,3.442,3.442,0.0,3.442,0
2026-03-31,3.434,3.434,3.434,3.434,0.0,3.434,0
2026-04-01,3.475,3.475,3.475,3.475,0.0,3.475,0
2026-04-02,3.483,3.483,3.483,3.483,0.0,3.483,0
2026-04-06,3.515,3.515,3.515,3.515,0.0,3.515,0
2026-04-07,3.549,3.549,3.549,3.549,0.0,3.549,0
2026-04-08,3.46,3.46,3.46,3.46,0.0,3.46,0
2026-04-09,3.466,3.466,3.466,3.466,0.0,3.466,0
2026-04-10,3.456,3.456,3.433,3.433,1.0,3.456,1
2026-04-13,3.438,3.438,3.438,3.438,0.0,3.438,0
2026-04-14,3.44,3.44,3.44,3.44,0.0,3.44,0
2026-04-15,3.439,3.439,3.439,3.439,0.0,3.439,0
2026-04-16,3.444,3.444,3.444,3.444,0.0,3.444,0
2026-04-17,3.428,3.428,3.428,3.428,0.0,3.428,0
2026-04-20,3.432,3.432,3.432,3.432,0.0,3.432,0
2026-04-21,3.466,3.466,3.466,3.466,0.0,3.466,0
2026-04-22,3.479,3.479,3.479,3.479,0.0,3.479,0
2026-04-23,3.481,3.481,3.481,3.481,0.0,3.481,0
2026-04-24,3.407,3.407,3.407,3.407,0.0,3.407,0
2026-04-27,3.469,3.469,3.469,3.469,0.0,3.469,0
2026-04-28,3.436,3.436,3.436,3.436,0.0,3.436,0
2026-04-29,3.446,3.446,3.446,3.446,0.0,3.446,0
2026-04-30,3.442,3.442,3.442,3.442,0.0,3.442,0
2026-05-01,3.464,3.464,3.464,3.464,0.0,3.464,0
2026-05-04,3.476,3.476,3.476,3.476,0.0,3.476,0
2026-05-05,3.475,3.475,3.475,3.475,0.0,3.475,0
2026-05-06,3.456,3.456,3.456,3.456,0.0,3.456,0
2026-05-07,3.459,3.459,3.459,3.459,0.0,3.459,0
2026-05-08,3.467,3.467,3.467,3.467,0.0,3.467,0
2026-05-11,3.464,3.464,3.464,3.464,0.0,3.464,0
2026-05-12,3.453,3.453,3.453,3.453,0.0,3.453,0
2026-05-13,3.469,3.469,3.469,3.469,0.0,3.469,0
2026-05-14,3.481,3.481,3.481,3.481,0.0,3.481,0
2026-05-15,3.482,3.482,3.482,3.482,0.0,3.482,0
2026-05-18,3.472,3.472,3.472,3.472,0.0,3.472,0
2026-05-19,3.483,3.483,3.483,3.483,0.0,3.483,0
2026-05-20,3.478,3.478,3.478,3.478,0.0,3.478,0
2026-05-21,3.473,3.473,3.473,3.473,0.0,3.473,0
2026-05-22,3.474,3.474,3.474,3.474,0.0,3.474,0
2026-05-26,3.434,3.434,3.434,3.434,0.0,3.434,0
2026-05-27,3.426,3.426,3.426,3.426,0.0,3.426,0
2026-05-28,3.435,3.435,3.435,3.435,0.0,3.435,0
2026-05-29,3.44,3.44,3.44,3.44,0.0,3.44,0
2026-06-01,3.43,3.43,3.43,3.43,0.0,3.43,0
2026-06-02,3.415,3.415,3.415,3.415,0.0,3.415,0
2026-06-03,3.42,3.42,3.42,3.42,0.0,3.42,0
2026-06-04,3.419,3.419,3.419,3.419,0.0,3.419,0
2026-06-05,3.424,3.424,3.424,3.424,0.0,3.424,0
2026-06-08,3.422,3.422,3.422,3.422,0.0,3.422,0
2026-06-09,3.415,3.415,3.415,3.415,0.0,3.415,0
2026-06-10,3.42,3.42,3.42,3.42,0.0,3.42,0
2026-06-11,3.416,3.416,3.416,3.416,0.0,3.416,0
2026-06-12,3.408,3.408,3.408,3.408,0.0,3.408,0
2026-06-15,3.406,3.406,3.406,3.406,0.0,3.406,0
2026-06-16,3.411,3.411,3.411,3.411,0.0,3.411,0
2026-06-17,3.422,3.422,3.422,3.422,0.0,3.422,0
2026-06-18,3.397,3.397,3.397,3.397,0.0,3.397,0
2026-06-22,3.407,3.407,3.407,3.407,0.0,3.407,0
2026-06-23,3.382,3.382,3.382,3.382,0.0,3.382,0
2026-06-24,3.397,3.397,3.397,3.397,0.0,3.397,0
2026-06-25,3.387,3.387,3.387,3.387,0.0,3.387,0
2026-06-26,3.381,3.381,3.381,3.381,0.0,3.381,0
2026-06-29,3.373,3.373,3.373,3.373,0.0,3.373,0
2026-06-30,3.351,3.351,3.351,3.351,0.0,3.351,0
2026-07-01,3.333,3.333,3.333,3.333,0.0,3.333,0
2026-07-02,3.337,3.337,3.337,3.337,0.0,3.337,0
2026-07-06,3.354,3.354,3.354,3.354,0.0,3.354,0
2026-07-07,3.376,3.376,3.376,3.376,0.0,3.376,0
2026-07-08,3.376,3.376,3.376,3.376,0.0,3.376,0
2026-07-09,3.376,3.376,3.376,3.376,0.0,3.376,0
2026-07-10,3.38,3.38,3.38,3.38,0.0,3.38,0
2026-07-13,3.388,3.388,3.388,3.388,0.0,3.388,0
2026-07-14,3.394,3.394,3.394,3.394,0.0,3.394,0
2026-07-15,3.403,3.403,3.403,3.403,0.0,3.403,0
2026-07-16,3.414,3.414,3.414,3.414,0.0,3.414,0
2026-07-17,3.428,3.428,3.428,3.428,0.0,3.428,0
2026-07-20,3.417,3.417,3.417,3.417,0.0,3.417,0
2026-07-21,3.42,3.42,3.42,3.42,0.0,3.42,0
2026-07-22,3.45,3.45,3.45,3.45,0.0,3.45,0
2026-07-23,3.483,3.483,3.483,3.483,0.0,3.483,0
2026-07-24,3.478,3.478,3.478,3.478,0.0,3.478,0
2026-07-27,3.462,3.462,3.462,3.462,0.0,3.462,0
2026-07-28,3.457,3.457,3.457,3.457,0.0,3.457,0
2026-07-29,3.477,3.477,3.477,3.477,0.0,3.477,0
2026-07-30,3.476,3.476,3.476,3.476,0.0,3.476,0
2026-07-31,3.483,3.483,3.483,3.483,0.0,3.483,0
2026-08-03,3.489,3.489,3.489,3.489,0.0,3.489,0
2026-08-04,3.489,3.489,3.489,3.489,0.0,3.489,0
2026-08-05,3.478,3.478,3.478,3.478,0.0,3.478,0
2026-08-06,3.473,3.473,3.473,3.473,0.0,3.473,0
2026-08-07,3.476,3.476,3.476,3.476,0.0,3.476,0
2026-08-10,3.479,3.479,3.479,3.479,0.0,3.479,0
2026-08-11,3.493,3.493,3.493,3.493,0.0,3.493,0
2026-08-12,3.492,3.492,3.492,3.492,0.0,3.492,0
2026-08-13,3.47,3.47,3.47,3.47,0.0,3.47,0
2026-08-14,3.454,3.454,3.454,3.454,0.0,3.454,0
