date,open,high,low,close,volume,average,barCount
2017-03-14,3.044,3.044,3.044,3.044,0.0,3.044,0
2017-03-15,3.064,3.064,3.064,3.064,0.0,3.064,0
2017-03-16,3.083,3.083,3.083,3.083,0.0,3.083,0
2017-03-17,3.088,3.088,3.088,3.088,0.0,3.088,0
2017-03-20,3.091,3.091,3.091,3.091,0.0,3.091,0
2017-03-21,3.101,3.101,3.101,3.101,0.0,3.101,0
2017-03-22,3.103,3.103,3.103,3.103,0.0,3.103,0
2017-03-23,3.098,3.098,3.098,3.098,0.0,3.098,0
2017-03-24,3.064,3.064,3.064,3.064,0.0,3.064,0
2017-03-27,3.054,3.054,3.054,3.054,0.0,3.054,0
2017-03-28,3.045,3.045,3.045,3.045,0.0,3.045,0
2017-03-29,3.053,3.053,3.053,3.053,0.0,3.053,0
2017-03-30,3.056,3.056,3.056,3.056,0.0,3.056,0
2017-03-31,3.066,3.066,3.066,3.066,0.0,3.066,0
2017-04-03,3.073,3.073,3.073,3.073,0.0,3.073,0
2017-04-04,3.086,3.086,3.086,3.086,0.0,3.086,0
2017-04-05,3.105,3.105,3.105,3.105,0.0,3.105,0
2017-04-06,3.087,3.087,3.087,3.087,0.0,3.087,0
2017-04-07,3.101,3.101,3.101,3.101,0.0,3.101,0
2017-04-10,3.11,3.11,3.11,3.11,0.0,3.11,0
2017-04-11,3.141,3.141,3.141,3.141,0.0,3.141,0
2017-04-12,3.142,3.142,3.142,3.142,0.0,3.142,0
2017-04-13,3.157,3.157,3.157,3.157,0.0,3.157,0
2017-04-17,3.144,3.144,3.144,3.144,0.0,3.144,0
2017-04-18,3.174,3.174,3.174,3.174,0.0,3.174,0
2017-04-19,3.185,3.185,3.185,3.185,0.0,3.185,0
2017-04-20,3.219,3.219,3.219,3.219,0.0,3.219,0
2017-04-21,3.22,3.22,3.22,3.22,0.0,3.22,0
2017-04-24,3.179,3.179,3.179,3.179,0.0,3.179,0
2017-04-25,3.179,3.179,3.179,3.179,0.0,3.179,0
2017-04-26,3.17,3.17,3.17,3.17,0.0,3.17,0
2017-04-27,3.161,3.161,3.161,3.161,0.0,3.161,0
2017-04-28,3.182,3.182,3.182,3.182,0.0,3.182,0
2017-05-01,3.157,3.157,3.157,3.157,0.0,3.157,0
2017-05-02,3.158,3.158,3.158,3.158,0.0,3.158,0
2017-05-03,3.177,3.177,3.177,3.177,0.0,3.177,0
2017-05-04,3.22,3.22,3.22,3.22,0.0,3.22,0
2017-05-05,3.22,3.22,3.22,3.22,0.0,3.22,0
2017-05-08,3.211,3.211,3.211,3.211,0.0,3.211,0
2017-05-09,3.214,3.214,3.214,3.214,0.0,3.214,0
2017-05-10,3.215,3.215,3.215,3.215,0.0,3.215,0
2017-05-11,3.249,3.249,3.249,3.249,0.0,3.249,0
2017-05-12,3.253,3.253,3.253,3.253,0.0,3.253,0
2017-05-15,3.258,3.258,3.258,3.258,0.0,3.258,0
2017-05-16,3.275,3.275,3.275,3.275,0.0,3.275,0
2017-05-17,3.271,3.271,3.271,3.271,0.0,3.271,0
2017-05-18,3.258,3.258,3.258,3.258,0.0,3.258,0
2017-05-19,3.248,3.248,3.248,3.248,0.0,3.248,0
2017-05-22,3.25,3.25,3.25,3.25,0.0,3.25,0
2017-05-23,3.317,3.317,3.317,3.317,0.0,3.317,0
2017-05-24,3.319,3.319,3.319,3.319,0.0,3.319,0
2017-05-25,3.304,3.304,3.304,3.304,0.0,3.304,0
2017-05-26,3.289,3.289,3.289,3.289,0.0,3.289,0
2017-05-30,3.256,3.256,3.256,3.256,0.0,3.256,0
2017-05-31,3.252,3.252,3.252,3.252,0.0,3.252,0
2017-06-01,3.254,3.254,3.254,3.254,0.0,3.254,0
2017-06-02,3.244,3.244,3.244,3.244,0.0,3.244,0
2017-06-05,3.214,3.214,3.214,3.214,0.0,3.214,0
2017-06-06,3.156,3.156,3.156,3.156,0.0,3.156,0
2017-06-07,3.167,3.167,3.167,3.167,0.0,3.167,0
2017-06-08,3.185,3.185,3.185,3.185,0.0,3.185,0
2017-06-09,3.182,3.182,3.182,3.182,0.0,3.182,0
2017-06-12,3.184,3.184,3.184,3.184,0.0,3.184,0
2017-06-13,3.181,3.181,3.181,3.181,0.0,3.181,0
2017-06-14,3.17,3.17,3.17,3.17,0.0,3.17,0
2017-06-15,3.198,3.198,3.198,3.198,0.0,3.198,0
2017-06-16,3.187,3.187,3.187,3.187,0.0,3.187,0
2017-06-19,3.21,3.21,3.21,3.21,0.0,3.21,0
2017-06-20,3.252,3.252,3.252,3.252,0.0,3.252,0
2017-06-21,3.273,3.273,3.273,3.273,0.0,3.273,0
2017-06-22,3.267,3.267,3.267,3.267,0.0,3.267,0
2017-06-23,3.257,3.257,3.257,3.257,0.0,3.257,0
2017-06-26,3.234,3.234,3.234,3.234,0.0,3.234,0
2017-06-27,3.237,3.237,3.237,3.237,0.0,3.237,0
2017-06-28,3.227,3.227,3.227,3.227,0.0,3.227,0
2017-06-29,3.227,3.227,3.227,3.227,0.0,3.227,0
2017-06-30,3.24,3.24,3.24,3.24,0.0,3.24,0
2017-07-03,3.244,3.244,3.244,3.244,0.0,3.244,0
2017-07-05,3.228,3.228,3.228,3.228,0.0,3.228,0
2017-07-06,3.178,3.178,3.178,3.178,0.0,3.178,0
2017-07-07,3.173,3.173,3.173,3.173,0.0,3.173,0
2017-07-10,3.16,3.16,3.16,3.16,0.0,3.16,0
2017-07-11,3.157,3.157,3.157,3.157,0.0,3.157,0
2017-07-12,3.143,3.143,3.143,3.143,0.0,3.143,0
2017-07-13,3.156,3.156,3.156,3.156,0.0,3.156,0
2017-07-14,3.159,3.159,3.159,3.159,0.0,3.159,0
2017-07-17,3.152,3.152,3.152,3.152,0.0,3.152,0
2017-07-18,3.155,3.155,3.155,3.155,0.0,3.155,0
2017-07-19,3.14,3.14,3.14,3.14,0.0,3.14,0
2017-07-20,3.121,3.121,3.121,3.121,0.0,3.121,0
2017-07-21,3.12,3.12,3.12,3.12,0.0,3.12,0
2017-07-24,3.095,3.095,3.095,3.095,0.0,3.095,0
2017-07-25,3.071,3.071,3.071,3.071,0.0,3.071,0
2017-07-26,3.063,3.063,3.063,3.063,0.0,3.063,0
2017-07-27,3.064,3.064,3.064,3.064,0.0,3.064,0
2017-07-28,3.079,3.079,3.079,3.079,0.0,3.079,0
2017-07-31,3.055,3.055,3.055,3.055,0.0,3.055,0
2017-08-01,3.077,3.077,3.077,3.077,0.0,3.077,0
2017-08-02,3.086,3.086,3.086,3.086,0.0,3.086,0
2017-08-03,3.109,3.109,3.109,3.109,0.0,3.109,0
2017-08-04,3.119,3.119,3.119,3.119,0.0,3.119,0
2017-08-07,3.118,3.118,3.118,3.118,0.0,3.118,0
2017-08-08,3.1,3.1,3.1,3.1,0.0,3.1,0
2017-08-09,3.094,3.094,3.094,3.094,0.0,3.094,0
2017-08-10,3.091,3.091,3.091,3.091,0.0,3.091,0
2017-08-11,3.095,3.095,3.095,3.095,0.0,3.095,0
2017-08-14,3.091,3.091,3.091,3.091,0.0,3.091,0
2017-08-15,3.089,3.089,3.089,3.089,0.0,3.089,0
2017-08-16,3.079,3.079,3.079,3.079,0.0,3.079,0
2017-08-17,3.078,3.078,3.078,3.078,0.0,3.078,0
2017-08-18,3.078,3.078,3.078,3.078,0.0,3.078,0
2017-08-21,3.068,3.068,3.068,3.068,0.0,3.068,0
2017-08-22,3.06,3.06,3.06,3.06,0.0,3.06,0
2017-08-23,3.057,3.057,3.057,3.057,0.0,3.057,0
2017-08-24,3.01,3.01,3.01,3.01,0.0,3.01,0
2017-08-25,2.997,2.997,2.997,2.997,0.0,2.997,0
2017-08-28,3.01,3.01,3.01,3.01,0.0,3.01,0
2017-08-29,3.012,3.012,3.012,3.012,0.0,3.012,0
2017-08-30,2.999,2.999,2.999,2.999,0.0,2.999,0
2017-08-31,3.007,3.007,3.007,3.007,0.0,3.007,0
2017-09-01,3.008,3.008,3.008,3.008,0.0,3.008,0
2017-09-05,3.004,3.004,3.004,3.004,0.0,3.004,0
2017-09-06,2.965,2.965,2.965,2.965,0.0,2.965,0
2017-09-07,2.999,2.999,2.999,2.999,0.0,2.999,0
2017-09-08,3.003,3.003,3.003,3.003,0.0,3.003,0
2017-09-11,3.014,3.014,3.014,3.014,0.0,3.014,0
2017-09-12,2.994,2.994,2.994,2.994,0.0,2.994,0
2017-09-13,2.98,2.98,2.98,2.98,0.0,2.98,0
2017-09-14,2.969,2.969,2.969,2.969,0.0,2.969,0
2017-09-15,2.974,2.974,2.974,2.974,0.0,2.974,0
2017-09-18,2.974,2.974,2.974,2.974,0.0,2.974,0
2017-09-19,2.964,2.964,2.964,2.964,0.0,2.964,0
2017-09-20,2.954,2.954,2.954,2.954,0.0,2.954,0
2017-09-21,2.945,2.945,2.945,2.945,0.0,2.945,0
2017-09-22,2.959,2.959,2.959,2.959,0.0,2.959,0
2017-09-25,2.942,2.942,2.942,2.942,0.0,2.942,0
2017-09-26,2.952,2.952,2.952,2.952,0.0,2.952,0
2017-09-27,2.963,2.963,2.963,2.963,0.0,2.963,0
2017-09-28,2.962,2.962,2.962,2.962,0.0,2.962,0
2017-09-29,2.959,2.959,2.959,2.959,0.0,2.959,0
2017-10-02,2.972,2.972,2.972,2.972,0.0,2.972,0
2017-10-03,2.981,2.981,2.981,2.981,0.0,2.981,0
2017-10-04,2.98,2.98,2.98,2.98,0.0,2.98,0
2017-10-05,2.989,2.989,2.989,2.989,0.0,2.989,0
2017-10-06,2.981,2.981,2.981,2.981,0.0,2.981,0
2017-10-09,2.991,2.991,2.991,2.991,0.0,2.991,0
2017-10-10,2.981,2.981,2.981,2.981,0.0,2.981,0
2017-10-11,2.994,2.994,2.994,2.994,0.0,2.994,0
2017-10-12,3.038,3.038,3.038,3.038,0.0,3.038,0
2017-10-13,3.038,3.038,3.038,3.038,0.0,3.038,0
2017-10-16,3.074,3.074,3.074,3.074,0.0,3.074,0
2017-10-17,3.121,3.121,3.121,3.121,0.0,3.121,0
2017-10-18,3.125,3.125,3.125,3.125,0.0,3.125,0
2017-10-19,3.147,3.147,3.147,3.147,0.0,3.147,0
2017-10-20,3.187,3.187,3.187,3.187,0.0,3.187,0
2017-10-23,3.167,3.167,3.167,3.167,0.0,3.167,0
2017-10-24,3.166,3.166,3.166,3.166,0.0,3.166,0
2017-10-25,3.167,3.167,3.167,3.167,0.0,3.167,0
2017-10-26,3.16,3.16,3.16,3.16,0.0,3.16,0
2017-10-27,3.14,3.14,3.14,3.14,0.0,3.14,0
2017-10-30,3.175,3.175,3.175,3.175,0.0,3.175,0
2017-10-31,3.176,3.176,3.176,3.176,0.0,3.176,0
2017-11-01,3.186,3.186,3.186,3.186,0.0,3.186,0
2017-11-02,3.168,3.168,3.168,3.168,0.0,3.168,0
2017-11-03,3.165,3.165,3.165,3.165,0.0,3.165,0
2017-11-06,3.16,3.16,3.16,3.16,0.0,3.16,0
2017-11-07,3.159,3.159,3.159,3.159,0.0,3.159,0
2017-11-08,3.157,3.157,3.157,3.157,0.0,3.157,0
2017-11-09,3.167,3.167,3.167,3.167,0.0,3.167,0
2017-11-10,3.149,3.149,3.149,3.149,0.0,3.149,0
2017-11-13,3.133,3.133,3.133,3.133,0.0,3.133,0
2017-11-14,3.118,3.118,3.118,3.118,0.0,3.118,0
2017-11-15,3.11,3.11,3.11,3.11,0.0,3.11,0
2017-11-16,3.114,3.114,3.114,3.114,0.0,3.114,0
2017-11-17,3.109,3.109,3.109,3.109,0.0,3.109,0
2017-11-20,3.102,3.102,3.102,3.102,0.0,3.102,0
2017-11-21,3.1,3.1,3.1,3.1,0.0,3.1,0
2017-11-22,3.087,3.087,3.087,3.087,0.0,3.087,0
2017-11-24,3.09,3.09,3.09,3.09,0.0,3.09,0
2017-11-27,3.093,3.093,3.093,3.093,0.0,3.093,0
2017-11-28,3.091,3.091,3.091,3.091,0.0,3.091,0
2017-11-29,3.1,3.1,3.1,3.1,0.0,3.1,0
2017-11-30,3.098,3.098,3.098,3.098,0.0,3.098,0
2017-12-01,3.056,3.056,3.056,3.056,0.0,3.056,0
2017-12-04,3.04,3.04,3.04,3.04,0.0,3.04,0
2017-12-05,3.026,3.026,3.026,3.026,0.0,3.026,0
2017-12-06,3.008,3.008,3.008,3.008,0.0,3.008,0
2017-12-07,3.014,3.014,3.014,3.014,0.0,3.014,0
2017-12-08,3.009,3.009,3.009,3.009,0.0,3.009,0
2017-12-11,3.002,3.002,3.002,3.002,0.0,3.002,0
2017-12-12,3.012,3.012,3.012,3.012,0.0,3.012,0
2017-12-13,3.035,3.035,3.035,3.035,0.0,3.035,0
2017-12-14,3.046,3.046,3.046,3.046,0.0,3.046,0
2017-12-15,3.054,3.054,3.054,3.054,0.0,3.054,0
2017-12-18,3.074,3.074,3.074,3.074,0.0,3.074,0
2017-12-19,3.076,3.076,3.076,3.076,0.0,3.076,0
2017-12-20,3.062,3.062,3.062,3.062,0.0,3.062,0
2017-12-21,3.079,3.079,3.079,3.079,0.0,3.079,0
2017-12-22,3.102,3.102,3.102,3.102,0.0,3.102,0
2017-12-26,3.103,3.103,3.103,3.103,0.0,3.103,0
2017-12-27,3.076,3.076,3.076,3.076,0.0,3.076,0
2017-12-28,3.042,3.042,3.042,3.042,0.0,3.042,0
2017-12-29,3.035,3.035,3.035,3.035,0.0,3.035,0
2018-01-02,3.028,3.028,3.028,3.028,0.0,3.028,0
2018-01-03,3.029,3.029,3.029,3.029,0.0,3.029,0
2018-01-04,3.061,3.061,3.061,3.061,0.0,3.061,0
2018-01-05,3.055,3.055,3.055,3.055,0.0,3.055,0
2018-01-08,3.05,3.05,3.05,3.05,0.0,3.05,0
2018-01-09,3.035,3.035,3.035,3.035,0.0,3.035,0
2018-01-10,3.028,3.028,3.028,3.028,0.0,3.028,0
2018-01-11,3.041,3.041,3.041,3.041,0.0,3.041,0
2018-01-12,3.028,3.028,3.028,3.028,0.0,3.028,0
2018-01-16,2.991,2.991,2.991,2.991,0.0,2.991,0
2018-01-17,2.985,2.985,2.985,2.985,0.0,2.985,0
2018-01-18,2.983,2.983,2.983,2.983,0.0,2.983,0
2018-01-19,2.993,2.993,2.993,2.993,0.0,2.993,0
2018-01-22,3.012,3.012,3.012,3.012,0.0,3.012,0
2018-01-23,3.024,3.024,3.024,3.024,0.0,3.024,0
2018-01-24,3.038,3.038,3.038,3.038,0.0,3.038,0
2018-01-25,3.073,3.073,3.073,3.073,0.0,3.073,0
2018-01-26,3.039,3.039,3.039,3.039,0.0,3.039,0
2018-01-29,3.041,3.041,3.041,3.041,0.0,3.041,0
2018-01-30,3.056,3.056,3.056,3.056,0.0,3.056,0
2018-01-31,3.025,3.025,3.025,3.025,0.0,3.025,0
2018-02-01,3.021,3.021,3.021,3.021,0.0,3.021,0
2018-02-02,3.046,3.046,3.046,3.046,0.0,3.046,0
2018-02-05,3.068,3.068,3.068,3.068,0.0,3.068,0
2018-02-06,3.052,3.052,3.052,3.052,0.0,3.052,0
2018-02-07,3.03,3.03,3.03,3.03,0.0,3.03,0
2018-02-08,3.043,3.043,3.043,3.043,0.0,3.043,0
2018-02-09,3.008,3.008,3.008,3.008,0.0,3.008,0
2018-02-12,2.998,2.998,2.998,2.998,0.0,2.998,0
2018-02-13,2.99,2.99,2.99,2.99,0.0,2.99,0
2018-02-14,2.992,2.992,2.992,2.992,0.0,2.992,0
2018-02-15,2.995,2.995,2.995,2.995,0.0,2.995,0
2018-02-16,3.012,3.012,3.012,3.012,0.0,3.012,0
2018-02-20,3.012,3.012,3.012,3.012,0.0,3.012,0
2018-02-21,3.03,3.03,3.03,3.03,0.0,3.03,0
2018-02-22,3.042,3.042,3.042,3.042,0.0,3.042,0
2018-02-23,3.034,3.034,3.034,3.034,0.0,3.034,0
2018-02-26,3.03,3.03,3.03,3.03,0.0,3.03,0
2018-02-27,3.033,3.033,3.033,3.033,0.0,3.033,0
2018-02-28,3.008,3.008,3.008,3.008,0.0,3.008,0
2018-03-01,3.039,3.039,3.039,3.039,0.0,3.039,0
2018-03-02,3.056,3.056,3.056,3.056,0.0,3.056,0
2018-03-05,3.074,3.074,3.074,3.074,0.0,3.074,0
2018-03-06,3.079,3.079,3.079,3.079,0.0,3.079,0
2018-03-07,3.07,3.07,3.07,3.07,0.0,3.07,0
2018-03-08,3.034,3.034,3.034,3.034,0.0,3.034,0
2018-03-09,2.997,2.997,2.997,2.997,0.0,2.997,0
2018-03-12,3.003,3.003,3.003,3.003,0.0,3.003,0
2018-03-13,3.01,3.01,3.01,3.01,0.0,3.01,0
2018-03-14,3.03,3.03,3.03,3.03,0.0,3.03,0
2018-03-15,3.088,3.088,3.088,3.088,0.0,3.088,0
2018-03-16,3.093,3.093,3.093,3.093,0.0,3.093,0
2018-03-19,3.083,3.083,3.083,3.083,0.0,3.083,0
2018-03-20,3.088,3.088,3.088,3.088,0.0,3.088,0
2018-03-21,3.096,3.096,3.096,3.096,0.0,3.096,0
2018-03-22,3.084,3.084,3.084,3.084,0.0,3.084,0
2018-03-23,3.006,3.006,3.006,3.006,0.0,3.006,0
2018-03-26,3.034,3.034,3.034,3.034,0.0,3.034,0
2018-03-27,3.044,3.044,3.044,3.044,0.0,3.044,0
2018-03-28,3.067,3.067,3.067,3.067,0.0,3.067,0
2018-03-29,3.105,3.105,3.105,3.105,0.0,3.105,0
2018-04-02,3.087,3.087,3.087,3.087,0.0,3.087,0
2018-04-03,3.065,3.065,3.065,3.065,0.0,3.065,0
2018-04-04,3.039,3.039,3.039,3.039,0.0,3.039,0
2018-04-05,3.055,3.055,3.055,3.055,0.0,3.055,0
2018-04-06,3.049,3.049,3.049,3.049,0.0,3.049,0
2018-04-09,3.033,3.033,3.033,3.033,0.0,3.033,0
2018-04-10,3.042,3.042,3.042,3.042,0.0,3.042,0
2018-04-11,3.05,3.05,3.05,3.05,0.0,3.05,0
2018-04-12,3.073,3.073,3.073,3.073,0.0,3.073,0
2018-04-13,3.066,3.066,3.066,3.066,0.0,3.066,0
2018-04-16,3.068,3.068,3.068,3.068,0.0,3.068,0
2018-04-17,3.033,3.033,3.033,3.033,0.0,3.033,0
2018-04-18,3.034,3.034,3.034,3.034,0.0,3.034,0
2018-04-19,3.036,3.036,3.036,3.036,0.0,3.036,0
2018-04-20,3.044,3.044,3.044,3.044,0.0,3.044,0
2018-04-23,3.045,3.045,3.045,3.045,0.0,3.045,0
2018-04-24,3.043,3.043,3.043,3.043,0.0,3.043,0
2018-04-25,3.032,3.032,3.032,3.032,0.0,3.032,0
2018-04-26,3.022,3.022,3.022,3.022,0.0,3.022,0
2018-04-27,3.024,3.024,3.024,3.024,0.0,3.024,0
2018-04-30,3.025,3.025,3.025,3.025,0.0,3.025,0
2018-05-01,3.005,3.005,3.005,3.005,0.0,3.005,0
2018-05-02,3.017,3.017,3.017,3.017,0.0,3.017,0
2018-05-03,3.027,3.027,3.027,3.027,0.0,3.027,0
2018-05-04,3.025,3.025,3.025,3.025,0.0,3.025,0
2018-05-07,3.023,3.023,3.023,3.023,0.0,3.023,0
2018-05-08,2.978,2.978,2.978,2.978,0.0,2.978,0
2018-05-09,2.964,2.964,2.964,2.964,0.0,2.964,0
2018-05-10,2.96,2.96,2.96,2.96,0.0,2.96,0
2018-05-11,2.963,2.963,2.963,2.963,0.0,2.963,0
2018-05-14,2.955,2.955,2.955,2.955,0.0,2.955,0
2018-05-15,2.989,2.989,2.989,2.989,0.0,2.989,0
2018-05-16,2.968,2.968,2.968,2.968,0.0,2.968,0
2018-05-17,2.975,2.975,2.975,2.975,0.0,2.975,0
2018-05-18,2.99,2.99,2.99,2.99,0.0,2.99,0
2018-05-21,2.985,2.985,2.985,2.985,0.0,2.985,0
2018-05-22,2.975,2.975,2.975,2.975,0.0,2.975,0
2018-05-23,2.952,2.952,2.952,2.952,0.0,2.952,0
2018-05-24,2.946,2.946,2.946,2.946,0.0,2.946,0
2018-05-25,2.918,2.918,2.918,2.918,0.0,2.918,0
2018-05-29,2.896,2.896,2.896,2.896,0.0,2.896,0
2018-05-30,2.907,2.907,2.907,2.907,0.0,2.907,0
2018-05-31,2.88,2.88,2.88,2.88,0.0,2.88,0
2018-06-01,2.87,2.87,2.87,2.87,0.0,2.87,0
2018-06-04,2.883,2.883,2.883,2.883,0.0,2.883,0
2018-06-05,2.898,2.898,2.898,2.898,0.0,2.898,0
2018-06-06,2.895,2.895,2.895,2.895,0.0,2.895,0
2018-06-07,2.893,2.893,2.893,2.893,0.0,2.893,0
2018-06-08,2.895,2.895,2.895,2.895,0.0,2.895,0
2018-06-11,2.894,2.894,2.894,2.894,0.0,2.894,0
2018-06-12,2.913,2.913,2.913,2.913,0.0,2.913,0
2018-06-13,2.924,2.924,2.924,2.924,0.0,2.924,0
2018-06-14,2.94,2.94,2.94,2.94,0.0,2.94,0
2018-06-15,2.945,2.945,2.945,2.945,0.0,2.945,0
2018-06-18,2.981,2.981,2.981,2.981,0.0,2.981,0
2018-06-19,2.983,2.983,2.983,2.983,0.0,2.983,0
2018-06-20,2.982,2.982,2.982,2.982,0.0,2.982,0
2018-06-21,2.959,2.959,2.959,2.959,0.0,2.959,0
2018-06-22,2.961,2.961,2.961,2.961,0.0,2.961,0
2018-06-25,2.957,2.957,2.957,2.957,0.0,2.957,0
2018-06-26,2.954,2.954,2.954,2.954,0.0,2.954,0
2018-06-27,2.957,2.957,2.957,2.957,0.0,2.957,0
2018-06-28,2.936,2.936,2.936,2.936,0.0,2.936,0
2018-06-29,2.933,2.933,2.933,2.933,0.0,2.933,0
2018-07-02,2.924,2.924,2.924,2.924,0.0,2.924,0
2018-07-03,2.921,2.921,2.921,2.921,0.0,2.921,0
2018-07-05,2.923,2.923,2.923,2.923,0.0,2.923,0
2018-07-06,2.922,2.922,2.922,2.922,0.0,2.922,0
2018-07-09,2.913,2.913,2.913,2.913,0.0,2.913,0
2018-07-10,2.917,2.917,2.917,2.917,0.0,2.917,0
2018-07-11,2.895,2.895,2.895,2.895,0.0,2.895,0
2018-07-12,2.892,2.892,2.892,2.892,0.0,2.892,0
2018-07-13,2.887,2.887,2.887,2.887,0.0,2.887,0
2018-07-16,2.86,2.86,2.86,2.86,0.0,2.86,0
2018-07-17,2.845,2.845,2.845,2.845,0.0,2.845,0
2018-07-18,2.835,2.835,2.835,2.835,0.0,2.835,0
2018-07-19,2.831,2.831,2.831,2.831,0.0,2.831,0
2018-07-20,2.837,2.837,2.837,2.837,0.0,2.837,0
2018-07-23,2.846,2.846,2.846,2.846,0.0,2.846,0
2018-07-24,2.854,2.854,2.854,2.854,0.0,2.854,0
2018-07-25,2.888,2.888,2.888,2.888,0.0,2.888,0
2018-07-26,2.884,2.884,2.884,2.884,0.0,2.884,0
2018-07-27,2.902,2.902,2.902,2.902,0.0,2.902,0
2018-07-30,2.906,2.906,2.906,2.906,0.0,2.906,0
2018-07-31,2.909,2.909,2.909,2.909,0.0,2.909,0
2018-08-01,2.879,2.879,2.879,2.879,0.0,2.879,0
2018-08-02,2.883,2.883,2.883,2.883,0.0,2.883,0
2018-08-03,2.883,2.883,2.883,2.883,0.0,2.883,0
2018-08-06,2.877,2.877,2.877,2.877,0.0,2.877,0
2018-08-07,2.91,2.91,2.91,2.91,0.0,2.91,0
2018-08-08,2.923,2.923,2.923,2.923,0.0,2.923,0
2018-08-09,2.923,2.923,2.923,2.923,0.0,2.923,0
2018-08-10,2.922,2.922,2.922,2.922,0.0,2.922,0
2018-08-13,2.923,2.923,2.923,2.923,0.0,2.923,0
2018-08-14,2.922,2.922,2.922,2.922,0.0,2.922,0
2018-08-15,2.923,2.923,2.923,2.923,0.0,2.923,0
2018-08-16,2.913,2.913,2.913,2.913,0.0,2.913,0
2018-08-17,2.915,2.915,2.915,2.915,0.0,2.915,0
2018-08-20,2.914,2.914,2.914,2.914,0.0,2.914,0
2018-08-21,2.927,2.927,2.927,2.927,0.0,2.927,0
2018-08-22,2.914,2.914,2.914,2.914,0.0,2.914,0
2018-08-23,2.911,2.911,2.911,2.911,0.0,2.911,0
2018-08-24,2.904,2.904,2.904,2.904,0.0,2.904,0
2018-08-27,2.874,2.874,2.874,2.874,0.0,2.874,0
2018-08-28,2.85,2.85,2.85,2.85,0.0,2.85,0
2018-08-29,2.854,2.854,2.854,2.854,0.0,2.854,0
2018-08-30,2.835,2.835,2.835,2.835,0.0,2.835,0
2018-08-31,2.849,2.849,2.849,2.849,0.0,2.849,0
2018-09-04,2.834,2.834,2.834,2.834,0.0,2.834,0
2018-09-05,2.839,2.839,2.839,2.839,0.0,2.839,0
2018-09-06,2.858,2.858,2.858,2.858,0.0,2.858,0
2018-09-07,2.857,2.857,2.857,2.857,0.0,2.857,0
2018-09-10,2.86,2.86,2.86,2.86,0.0,2.86,0
2018-09-11,2.857,2.857,2.857,2.857,0.0,2.857,0
2018-09-12,2.867,2.867,2.867,2.867,0.0,2.867,0
2018-09-13,2.883,2.883,2.883,2.883,0.0,2.883,0
2018-09-14,2.889,2.889,2.889,2.889,0.0,2.889,0
2018-09-17,2.893,2.893,2.893,2.893,0.0,2.893,0
2018-09-18,2.902,2.902,2.902,2.902,0.0,2.902,0
2018-09-19,2.899,2.899,2.899,2.899,0.0,2.899,0
2018-09-20,2.903,2.903,2.903,2.903,0.0,2.903,0
2018-09-21,2.901,2.901,2.901,2.901,0.0,2.901,0
2018-09-24,2.899,2.899,2.899,2.899,0.0,2.899,0
2018-09-25,2.902,2.902,2.902,2.902,0.0,2.902,0
2018-09-26,2.911,2.911,2.911,2.911,0.0,2.911,0
2018-09-27,2.912,2.912,2.912,2.912,0.0,2.912,0
2018-09-28,2.913,2.913,2.913,2.913,0.0,2.913,0
2018-10-01,2.918,2.918,2.918,2.918,0.0,2.918,0
2018-10-02,2.916,2.916,2.916,2.916,0.0,2.916,0
2018-10-03,2.915,2.915,2.915,2.915,0.0,2.915,0
2018-10-04,2.916,2.916,2.916,2.916,0.0,2.916,0
2018-10-05,2.919,2.919,2.919,2.919,0.0,2.919,0
2018-10-08,2.924,2.924,2.924,2.924,0.0,2.924,0
2018-10-09,2.919,2.919,2.919,2.919,0.0,2.919,0
2018-10-10,2.915,2.915,2.915,2.915,0.0,2.915,0
2018-10-11,2.94,2.94,2.94,2.94,0.0,2.94,0
2018-10-12,2.96,2.96,2.96,2.96,0.0,2.96,0
2018-10-15,2.959,2.959,2.959,2.959,0.0,2.959,0
2018-10-16,2.979,2.979,2.979,2.979,0.0,2.979,0
2018-10-17,2.974,2.974,2.974,2.974,0.0,2.974,0
2018-10-18,2.973,2.973,2.973,2.973,0.0,2.973,0
2018-10-19,2.97,2.97,2.97,2.97,0.0,2.97,0
2018-10-22,2.971,2.971,2.971,2.971,0.0,2.971,0
2018-10-23,2.97,2.97,2.97,2.97,0.0,2.97,0
2018-10-24,2.967,2.967,2.967,2.967,0.0,2.967,0
2018-10-25,2.957,2.957,2.957,2.957,0.0,2.957,0
2018-10-26,2.959,2.959,2.959,2.959,0.0,2.959,0
2018-10-29,2.96,2.96,2.96,2.96,0.0,2.96,0
2018-10-30,2.978,2.978,2.978,2.978,0.0,2.978,0
2018-10-31,2.977,2.977,2.977,2.977,0.0,2.977,0
2018-11-01,2.982,2.982,2.982,2.982,0.0,2.982,0
2018-11-02,2.989,2.989,2.989,2.989,0.0,2.989,0
2018-11-05,3.003,3.003,3.003,3.003,0.0,3.003,0
2018-11-06,3.019,3.019,3.019,3.019,0.0,3.019,0
2018-11-07,3.017,3.017,3.017,3.017,0.0,3.017,0
2018-11-08,3.018,3.018,3.018,3.018,0.0,3.018,0
2018-11-09,3.021,3.021,3.021,3.021,0.0,3.021,0
2018-11-12,3.044,3.044,3.044,3.044,0.0,3.044,0
2018-11-13,3.023,3.023,3.023,3.023,0.0,3.023,0
2018-11-14,3.007,3.007,3.007,3.007,0.0,3.007,0
2018-11-15,3.022,3.022,3.022,3.022,0.0,3.022,0
2018-11-16,2.993,2.993,2.993,2.993,0.0,2.993,0
2018-11-19,2.98,2.98,2.98,2.98,0.0,2.98,0
2018-11-20,2.978,2.978,2.978,2.978,0.0,2.978,0
2018-11-21,2.976,2.976,2.976,2.976,0.0,2.976,0
2018-11-23,3.001,3.001,3.001,3.001,0.0,3.001,0
2018-11-26,2.994,2.994,2.994,2.994,0.0,2.994,0
2018-11-27,2.99,2.99,2.99,2.99,0.0,2.99,0
2018-11-28,2.991,2.991,2.991,2.991,0.0,2.991,0
2018-11-29,3.023,3.023,3.023,3.023,0.0,3.023,0
2018-11-30,3.079,3.079,3.079,3.079,0.0,3.079,0
2018-12-03,3.051,3.051,3.051,3.051,0.0,3.051,0
2018-12-04,3.037,3.037,3.037,3.037,0.0,3.037,0
2018-12-05,3.028,3.028,3.028,3.028,0.0,3.028,0
2018-12-06,3.039,3.039,3.039,3.039,0.0,3.039,0
2018-12-07,3.046,3.046,3.046,3.046,0.0,3.046,0
2018-12-10,3.047,3.047,3.047,3.047,0.0,3.047,0
2018-12-11,3.022,3.022,3.022,3.022,0.0,3.022,0
2018-12-12,3.024,3.024,3.024,3.024,0.0,3.024,0
2018-12-13,2.992,2.992,2.992,2.992,0.0,2.992,0
2018-12-14,3.002,3.002,3.002,3.002,0.0,3.002,0
2018-12-17,3.001,3.001,3.001,3.001,0.0,3.001,0
2018-12-18,2.996,2.996,2.996,2.996,0.0,2.996,0
2018-12-19,3.019,3.019,3.019,3.019,0.0,3.019,0
2018-12-20,3.034,3.034,3.034,3.034,0.0,3.034,0
2018-12-21,3.037,3.037,3.037,3.037,0.0,3.037,0
2018-12-24,3.036,3.036,3.036,3.036,0.0,3.036,0
2018-12-26,3.033,3.033,3.033,3.033,0.0,3.033,0
2018-12-27,3.031,3.031,3.031,3.031,0.0,3.031,0
2018-12-28,3.029,3.029,3.029,3.029,0.0,3.029,0
2018-12-31,3.038,3.038,3.038,3.038,0.0,3.038,0
2019-01-02,3.038,3.038,3.038,3.038,0.0,3.038,0
2019-01-03,3.027,3.027,3.027,3.027,0.0,3.027,0
2019-01-04,3.029,3.029,3.029,3.029,0.0,3.029,0
2019-01-07,3.031,3.031,3.031,3.031,0.0,3.031,0
2019-01-08,3.024,3.024,3.024,3.024,0.0,3.024,0
2019-01-09,3.023,3.023,3.023,3.023,0.0,3.023,0
2019-01-10,3.021,3.021,3.021,3.021,0.0,3.021,0
2019-01-11,3.028,3.028,3.028,3.028,0.0,3.028,0
2019-01-14,3.027,3.027,3.027,3.027,0.0,3.027,0
2019-01-15,3.019,3.019,3.019,3.019,0.0,3.019,0
2019-01-16,2.988,2.988,2.988,2.988,0.0,2.988,0
2019-01-17,2.988,2.988,2.988,2.988,0.0,2.988,0
2019-01-18,3.001,3.001,3.001,3.001,0.0,3.001,0
2019-01-22,3.014,3.014,3.014,3.014,0.0,3.014,0
2019-01-23,2.996,2.996,2.996,2.996,0.0,2.996,0
2019-01-24,2.975,2.975,2.975,2.975,0.0,2.975,0
2019-01-25,3.02,3.02,3.02,3.02,0.0,3.02,0
2019-01-28,3.004,3.004,3.004,3.004,0.0,3.004,0
2019-01-29,3.007,3.007,3.007,3.007,0.0,3.007,0
2019-01-30,3.009,3.009,3.009,3.009,0.0,3.009,0
2019-01-31,3.01,3.01,3.01,3.01,0.0,3.01,0
2019-02-01,3.011,3.011,3.011,3.011,0.0,3.011,0
2019-02-04,2.998,2.998,2.998,2.998,0.0,2.998,0
2019-02-05,3.049,3.049,3.049,3.049,0.0,3.049,0
2019-02-06,3.046,3.046,3.046,3.046,0.0,3.046,0
2019-02-07,3.042,3.042,3.042,3.042,0.0,3.042,0
2019-02-08,3.044,3.044,3.044,3.044,0.0,3.044,0
2019-02-11,3.049,3.049,3.049,3.049,0.0,3.049,0
2019-02-12,3.057,3.057,3.057,3.057,0.0,3.057,0
2019-02-13,3.056,3.056,3.056,3.056,0.0,3.056,0
2019-02-14,3.062,3.062,3.062,3.062,0.0,3.062,0
2019-02-15,3.042,3.042,3.042,3.042,0.0,3.042,0
2019-02-19,3.033,3.033,3.033,3.033,0.0,3.033,0
2019-02-20,3.045,3.045,3.045,3.045,0.0,3.045,0
2019-02-21,3.032,3.032,3.032,3.032,0.0,3.032,0
2019-02-22,3.029,3.029,3.029,3.029,0.0,3.029,0
2019-02-25,3.021,3.021,3.021,3.021,0.0,3.021,0
2019-02-26,3.003,3.003,3.003,3.003,0.0,3.003,0
2019-02-27,3.039,3.039,3.039,3.039,0.0,3.039,0
2019-02-28,3.05,3.05,3.05,3.05,0.0,3.05,0
2019-03-01,3.049,3.049,3.049,3.049,0.0,3.049,0
2019-03-04,3.045,3.045,3.045,3.045,0.0,3.045,0
2019-03-05,3.043,3.043,3.043,3.043,0.0,3.043,0
2019-03-06,3.046,3.046,3.046,3.046,0.0,3.046,0
2019-03-07,3.051,3.051,3.051,3.051,0.0,3.051,0
2019-03-08,3.051,3.051,3.051,3.051,0.0,3.051,0
2019-03-11,3.078,3.078,3.078,3.078,0.0,3.078,0
2019-03-12,3.093,3.093,3.093,3.093,0.0,3.093,0
2019-03-13,3.102,3.102,3.102,3.102,0.0,3.102,0
2019-03-14,3.11,3.11,3.11,3.11,0.0,3.11,0
2019-03-15,3.111,3.111,3.111,3.111,0.0,3.111,0
2019-03-18,3.11,3.11,3.11,3.11,0.0,3.11,0
2019-03-19,3.111,3.111,3.111,3.111,0.0,3.111,0
2019-03-20,3.109,3.109,3.109,3.109,0.0,3.109,0
2019-03-21,3.119,3.119,3.119,3.119,0.0,3.119,0
2019-03-22,3.109,3.109,3.109,3.109,0.0,3.109,0
2019-03-25,3.108,3.108,3.108,3.108,0.0,3.108,0
2019-03-26,3.11,3.11,3.11,3.11,0.0,3.11,0
2019-03-27,3.101,3.101,3.101,3.101,0.0,3.101,0
2019-03-28,3.104,3.104,3.104,3.104,0.0,3.104,0
2019-03-29,3.103,3.103,3.103,3.103,0.0,3.103,0
2019-04-01,3.102,3.102,3.102,3.102,0.0,3.102,0
2019-04-02,3.109,3.109,3.109,3.109,0.0,3.109,0
2019-04-03,3.104,3.104,3.104,3.104,0.0,3.104,0
2019-04-04,3.135,3.135,3.135,3.135,0.0,3.135,0
2019-04-05,3.103,3.103,3.103,3.103,0.0,3.103,0
2019-04-08,3.106,3.106,3.106,3.106,0.0,3.106,0
2019-04-09,3.113,3.113,3.113,3.113,0.0,3.113,0
2019-04-10,3.091,3.091,3.091,3.091,0.0,3.091,0
2019-04-11,3.089,3.089,3.089,3.089,0.0,3.089,0
2019-04-12,3.089,3.089,3.089,3.089,0.0,3.089,0
2019-04-15,3.089,3.089,3.089,3.089,0.0,3.089,0
2019-04-16,3.09,3.09,3.09,3.09,0.0,3.09,0
2019-04-17,3.08,3.08,3.08,3.08,0.0,3.08,0
2019-04-18,3.065,3.065,3.065,3.065,0.0,3.065,0
2019-04-22,3.053,3.053,3.053,3.053,0.0,3.053,0
2019-04-23,3.048,3.048,3.048,3.048,0.0,3.048,0
2019-04-24,3.058,3.058,3.058,3.058,0.0,3.058,0
2019-04-25,3.068,3.068,3.068,3.068,0.0,3.068,0
2019-04-26,3.065,3.065,3.065,3.065,0.0,3.065,0
2019-04-29,3.072,3.072,3.072,3.072,0.0,3.072,0
2019-04-30,3.077,3.077,3.077,3.077,0.0,3.077,0
2019-05-01,3.079,3.079,3.079,3.079,0.0,3.079,0
2019-05-02,3.076,3.076,3.076,3.076,0.0,3.076,0
2019-05-03,3.089,3.089,3.089,3.089,0.0,3.089,0
2019-05-06,3.092,3.092,3.092,3.092,0.0,3.092,0
2019-05-07,3.092,3.092,3.092,3.092,0.0,3.092,0
2019-05-08,3.086,3.086,3.086,3.086,0.0,3.086,0
2019-05-09,3.093,3.093,3.093,3.093,0.0,3.093,0
2019-05-10,3.084,3.084,3.084,3.084,0.0,3.084,0
2019-05-13,3.087,3.087,3.087,3.087,0.0,3.087,0
2019-05-14,3.098,3.098,3.098,3.098,0.0,3.098,0
2019-05-15,3.116,3.116,3.116,3.116,0.0,3.116,0
2019-05-16,3.112,3.112,3.112,3.112,0.0,3.112,0
2019-05-17,3.116,3.116,3.116,3.116,0.0,3.116,0
2019-05-20,3.121,3.121,3.121,3.121,0.0,3.121,0
2019-05-21,3.124,3.124,3.124,3.124,0.0,3.124,0
2019-05-22,3.07,3.07,3.07,3.07,0.0,3.07,0
2019-05-23,3.082,3.082,3.082,3.082,0.0,3.082,0
2019-05-24,3.092,3.092,3.092,3.092,0.0,3.092,0
2019-05-28,3.133,3.133,3.133,3.133,0.0,3.133,0
2019-05-29,3.114,3.114,3.114,3.114,0.0,3.114,0
2019-05-30,3.112,3.112,3.112,3.112,0.0,3.112,0
2019-05-31,3.11,3.11,3.11,3.11,0.0,3.11,0
2019-06-03,3.098,3.098,3.098,3.098,0.0,3.098,0
2019-06-04,3.084,3.084,3.084,3.084,0.0,3.084,0
2019-06-05,3.088,3.088,3.088,3.088,0.0,3.088,0
2019-06-06,3.098,3.098,3.098,3.098,0.0,3.098,0
2019-06-07,3.099,3.099,3.099,3.099,0.0,3.099,0
2019-06-10,3.088,3.088,3.088,3.088,0.0,3.088,0
2019-06-11,3.088,3.088,3.088,3.088,0.0,3.088,0
2019-06-12,3.085,3.085,3.085,3.085,0.0,3.085,0
2019-06-13,3.086,3.086,3.086,3.086,0.0,3.086,0
2019-06-14,3.091,3.091,3.091,3.091,0.0,3.091,0
2019-06-17,3.094,3.094,3.094,3.094,0.0,3.094,0
2019-06-18,3.077,3.077,3.077,3.077,0.0,3.077,0
2019-06-19,3.078,3.078,3.078,3.078,0.0,3.078,0
2019-06-20,3.082,3.082,3.082,3.082,0.0,3.082,0
2019-06-21,3.097,3.097,3.097,3.097,0.0,3.097,0
2019-06-24,3.097,3.097,3.097,3.097,0.0,3.097,0
2019-06-25,3.096,3.096,3.096,3.096,0.0,3.096,0
2019-06-26,3.088,3.088,3.088,3.088,0.0,3.088,0
2019-06-27,3.084,3.084,3.084,3.084,0.0,3.084,0
2019-06-28,3.056,3.056,3.056,3.056,0.0,3.056,0
2019-07-01,3.049,3.049,3.049,3.049,0.0,3.049,0
2019-07-02,3.058,3.058,3.058,3.058,0.0,3.058,0
2019-07-03,3.057,3.057,3.057,3.057,0.0,3.057,0
2019-07-05,3.083,3.083,3.083,3.083,0.0,3.083,0
2019-07-08,3.079,3.079,3.079,3.079,0.0,3.079,0
2019-07-09,3.118,3.118,3.118,3.118,0.0,3.118,0
2019-07-10,3.11,3.11,3.11,3.11,0.0,3.11,0
2019-07-11,3.118,3.118,3.118,3.118,0.0,3.118,0
2019-07-12,3.126,3.126,3.126,3.126,0.0,3.126,0
2019-07-15,3.131,3.131,3.131,3.131,0.0,3.131,0
2019-07-16,3.107,3.107,3.107,3.107,0.0,3.107,0
2019-07-17,3.104,3.104,3.104,3.104,0.0,3.104,0
2019-07-18,3.123,3.123,3.123,3.123,0.0,3.123,0
2019-07-19,3.116,3.116,3.116,3.116,0.0,3.116,0
2019-07-22,3.043,3.043,3.043,3.043,0.0,3.043,0
2019-07-23,3.081,3.081,3.081,3.081,0.0,3.081,0
2019-07-24,3.074,3.074,3.074,3.074,0.0,3.074,0
2019-07-25,3.075,3.075,3.075,3.075,0.0,3.075,0
2019-07-26,3.069,3.069,3.069,3.069,0.0,3.069,0
2019-07-29,3.058,3.058,3.058,3.058,0.0,3.058,0
2019-07-30,3.061,3.061,3.061,3.061,0.0,3.061,0
2019-07-31,3.067,3.067,3.067,3.067,0.0,3.067,0
2019-08-01,3.07,3.07,3.07,3.07,0.0,3.07,0
2019-08-02,3.057,3.057,3.057,3.057,0.0,3.057,0
2019-08-05,3.055,3.055,3.055,3.055,0.0,3.055,0
2019-08-06,3.056,3.056,3.056,3.056,0.0,3.056,0
2019-08-07,3.061,3.061,3.061,3.061,0.0,3.061,0
2019-08-08,3.03,3.03,3.03,3.03,0.0,3.03,0
2019-08-09,3.019,3.019,3.019,3.019,0.0,3.019,0
2019-08-12,2.978,2.978,2.978,2.978,0.0,2.978,0
2019-08-13,2.96,2.96,2.96,2.96,0.0,2.96,0
2019-08-14,2.905,2.905,2.905,2.905,0.0,2.905,0
2019-08-15,2.905,2.905,2.905,2.905,0.0,2.905,0
2019-08-16,2.888,2.888,2.888,2.888,0.0,2.888,0
2019-08-19,2.893,2.893,2.893,2.893,0.0,2.893,0
2019-08-20,2.896,2.896,2.896,2.896,0.0,2.896,0
2019-08-21,2.901,2.901,2.901,2.901,0.0,2.901,0
2019-08-22,2.905,2.905,2.905,2.905,0.0,2.905,0
2019-08-23,2.935,2.935,2.935,2.935,0.0,2.935,0
2019-08-26,2.924,2.924,2.924,2.924,0.0,2.924,0
2019-08-27,2.944,2.944,2.944,2.944,0.0,2.944,0
2019-08-28,2.963,2.963,2.963,2.963,0.0,2.963,0
2019-08-29,2.951,2.951,2.951,2.951,0.0,2.951,0
2019-08-30,2.892,2.892,2.892,2.892,0.0,2.892,0
2019-09-03,2.906,2.906,2.906,2.906,0.0,2.906,0
2019-09-04,2.867,2.867,2.867,2.867,0.0,2.867,0
2019-09-05,2.879,2.879,2.879,2.879,0.0,2.879,0
2019-09-06,2.866,2.866,2.866,2.866,0.0,2.866,0
2019-09-09,2.837,2.837,2.837,2.837,0.0,2.837,0
2019-09-10,2.841,2.841,2.841,2.841,0.0,2.841,0
2019-09-11,2.836,2.836,2.836,2.836,0.0,2.836,0
2019-09-12,2.841,2.841,2.841,2.841,0.0,2.841,0
2019-09-13,2.806,2.806,2.806,2.806,0.0,2.806,0
2019-09-16,2.836,2.836,2.836,2.836,0.0,2.836,0
2019-09-17,2.8,2.8,2.8,2.8,0.0,2.8,0
2019-09-18,2.813,2.813,2.813,2.813,0.0,2.813,0
2019-09-19,2.807,2.807,2.807,2.807,0.0,2.807,0
2019-09-20,2.818,2.818,2.818,2.818,0.0,2.818,0
2019-09-23,2.815,2.815,2.815,2.815,0.0,2.815,0
2019-09-24,2.806,2.806,2.806,2.806,0.0,2.806,0
2019-09-25,2.805,2.805,2.805,2.805,0.0,2.805,0
2019-09-26,2.806,2.806,2.806,2.806,0.0,2.806,0
2019-09-27,2.78,2.78,2.78,2.78,0.0,2.78,0
2019-09-30,2.842,2.842,2.842,2.842,0.0,2.842,0
2019-10-01,2.791,2.791,2.791,2.791,0.0,2.791,0
2019-10-02,2.819,2.819,2.819,2.819,0.0,2.819,0
2019-10-03,2.804,2.804,2.804,2.804,0.0,2.804,0
2019-10-04,2.794,2.794,2.794,2.794,0.0,2.794,0
2019-10-07,2.798,2.798,2.798,2.798,0.0,2.798,0
2019-10-08,2.774,2.774,2.774,2.774,0.0,2.774,0
2019-10-09,2.785,2.785,2.785,2.785,0.0,2.785,0
2019-10-10,2.786,2.786,2.786,2.786,0.0,2.786,0
2019-10-11,2.797,2.797,2.797,2.797,0.0,2.797,0
2019-10-14,2.812,2.812,2.812,2.812,0.0,2.812,0
2019-10-15,2.828,2.828,2.828,2.828,0.0,2.828,0
2019-10-16,2.83,2.83,2.83,2.83,0.0,2.83,0
2019-10-17,2.827,2.827,2.827,2.827,0.0,2.827,0
2019-10-18,2.822,2.822,2.822,2.822,0.0,2.822,0
2019-10-21,2.817,2.817,2.817,2.817,0.0,2.817,0
2019-10-22,2.821,2.821,2.821,2.821,0.0,2.821,0
2019-10-23,2.815,2.815,2.815,2.815,0.0,2.815,0
2019-10-24,2.819,2.819,2.819,2.819,0.0,2.819,0
2019-10-25,2.817,2.817,2.817,2.817,0.0,2.817,0
2019-10-28,2.826,2.826,2.826,2.826,0.0,2.826,0
2019-10-29,2.842,2.842,2.842,2.842,0.0,2.842,0
2019-10-30,2.849,2.849,2.849,2.849,0.0,2.849,0
2019-10-31,2.847,2.847,2.847,2.847,0.0,2.847,0
2019-11-01,2.856,2.856,2.856,2.856,0.0,2.856,0
2019-11-04,2.792,2.792,2.792,2.792,0.0,2.792,0
2019-11-05,2.771,2.771,2.771,2.771,0.0,2.771,0
2019-11-06,2.782,2.782,2.782,2.782,0.0,2.782,0
2019-11-07,2.729,2.729,2.729,2.729,0.0,2.729,0
2019-11-08,2.736,2.736,2.736,2.736,0.0,2.736,0
2019-11-11,2.727,2.727,2.727,2.727,0.0,2.727,0
2019-11-12,2.677,2.677,2.677,2.677,0.0,2.677,0
2019-11-13,2.678,2.678,2.678,2.678,0.0,2.678,0
2019-11-14,2.665,2.665,2.665,2.665,0.0,2.665,0
2019-11-15,2.671,2.671,2.671,2.671,0.0,2.671,0
2019-11-18,2.675,2.675,2.675,2.675,0.0,2.675,0
2019-11-19,2.687,2.687,2.687,2.687,0.0,2.687,0
2019-11-20,2.699,2.699,2.699,2.699,0.0,2.699,0
2019-11-21,2.706,2.706,2.706,2.706,0.0,2.706,0
2019-11-22,2.706,2.706,2.706,2.706,0.0,2.706,0
2019-11-25,2.688,2.688,2.688,2.688,0.0,2.688,0
2019-11-26,2.682,2.682,2.682,2.682,0.0,2.682,0
2019-11-27,2.686,2.686,2.686,2.686,0.0,2.686,0
2019-11-29,2.644,2.644,2.644,2.644,0.0,2.644,0
2019-12-02,2.67,2.67,2.67,2.67,0.0,2.67,0
2019-12-03,2.679,2.679,2.679,2.679,0.0,2.679,0
2019-12-04,2.678,2.678,2.678,2.678,0.0,2.678,0
2019-12-05,2.67,2.67,2.67,2.67,0.0,2.67,0
2019-12-06,2.65,2.65,2.65,2.65,0.0,2.65,0
2019-12-09,2.622,2.622,2.622,2.622,0.0,2.622,0
2019-12-10,2.631,2.631,2.631,2.631,0.0,2.631,0
2019-12-11,2.628,2.628,2.628,2.628,0.0,2.628,0
2019-12-12,2.633,2.633,2.633,2.633,0.0,2.633,0
2019-12-13,2.616,2.616,2.616,2.616,0.0,2.616,0
2019-12-16,2.63,2.63,2.63,2.63,0.0,2.63,0
2019-12-17,2.632,2.632,2.632,2.632,0.0,2.632,0
2019-12-18,2.561,2.561,2.561,2.561,0.0,2.561,0
2019-12-19,2.535,2.535,2.535,2.535,0.0,2.535,0
2019-12-20,2.526,2.526,2.526,2.526,0.0,2.526,0
2019-12-23,2.533,2.533,2.533,2.533,0.0,2.533,0
2019-12-24,2.531,2.531,2.531,2.531,0.0,2.531,0
2019-12-26,2.519,2.519,2.519,2.519,0.0,2.519,0
2019-12-27,2.517,2.517,2.517,2.517,0.0,2.517,0
2019-12-30,2.514,2.514,2.514,2.514,0.0,2.514,0
2019-12-31,2.523,2.523,2.523,2.523,0.0,2.523,0
2020-01-02,2.518,2.518,2.518,2.518,0.0,2.518,0
2020-01-03,2.518,2.518,2.518,2.518,0.0,2.518,0
2020-01-06,2.522,2.522,2.522,2.522,0.0,2.522,0
2020-01-07,2.537,2.537,2.537,2.537,0.0,2.537,0
2020-01-08,2.54,2.54,2.54,2.54,0.0,2.54,0
2020-01-09,2.551,2.551,2.551,2.551,0.0,2.551,0
2020-01-10,2.553,2.553,2.553,2.553,0.0,2.553,0
2020-01-13,2.553,2.553,2.553,2.553,0.0,2.553,0
2020-01-14,2.552,2.552,2.552,2.552,0.0,2.552,0
2020-01-15,2.551,2.551,2.551,2.551,0.0,2.551,0
2020-01-16,2.558,2.558,2.558,2.558,0.0,2.558,0
2020-01-17,2.568,2.568,2.568,2.568,0.0,2.568,0
2020-01-21,2.558,2.558,2.558,2.558,0.0,2.558,0
2020-01-22,2.547,2.547,2.547,2.547,0.0,2.547,0
2020-01-23,2.539,2.539,2.539,2.539,0.0,2.539,0
2020-01-24,2.551,2.551,2.551,2.551,0.0,2.551,0
2020-01-27,2.51,2.51,2.51,2.51,0.0,2.51,0
2020-01-28,2.52,2.52,2.52,2.52,0.0,2.52,0
2020-01-29,2.505,2.505,2.505,2.505,0.0,2.505,0
2020-01-30,2.49,2.49,2.49,2.49,0.0,2.49,0
2020-01-31,2.491,2.491,2.491,2.491,0.0,2.491,0
2020-02-03,2.486,2.486,2.486,2.486,0.0,2.486,0
2020-02-04,2.482,2.482,2.482,2.482,0.0,2.482,0
2020-02-05,2.454,2.454,2.454,2.454,0.0,2.454,0
2020-02-06,2.458,2.458,2.458,2.458,0.0,2.458,0
2020-02-07,2.476,2.476,2.476,2.476,0.0,2.476,0
2020-02-10,2.468,2.468,2.468,2.468,0.0,2.468,0
2020-02-11,2.433,2.433,2.433,2.433,0.0,2.433,0
2020-02-12,2.44,2.44,2.44,2.44,0.0,2.44,0
2020-02-13,2.43,2.43,2.43,2.43,0.0,2.43,0
2020-02-14,2.465,2.465,2.465,2.465,0.0,2.465,0
2020-02-18,2.438,2.438,2.438,2.438,0.0,2.438,0
2020-02-19,2.459,2.459,2.459,2.459,0.0,2.459,0
2020-02-20,2.459,2.459,2.459,2.459,0.0,2.459,0
2020-02-21,2.489,2.489,2.489,2.489,0.0,2.489,0
2020-02-24,2.495,2.495,2.495,2.495,0.0,2.495,0
2020-02-25,2.498,2.498,2.498,2.498,0.0,2.498,0
2020-02-26,2.521,2.521,2.521,2.521,0.0,2.521,0
2020-02-27,2.511,2.511,2.511,2.511,0.0,2.511,0
2020-02-28,2.559,2.559,2.559,2.559,0.0,2.559,0
2020-03-02,2.599,2.599,2.599,2.599,0.0,2.599,0
2020-03-03,2.595,2.595,2.595,2.595,0.0,2.595,0
2020-03-04,2.584,2.584,2.584,2.584,0.0,2.584,0
2020-03-05,2.559,2.559,2.559,2.559,0.0,2.559,0
2020-03-06,2.572,2.572,2.572,2.572,0.0,2.572,0
2020-03-09,2.609,2.609,2.609,2.609,0.0,2.609,0
2020-03-10,2.609,2.609,2.609,2.609,0.0,2.609,0
2020-03-11,2.571,2.571,2.571,2.571,0.0,2.571,0
2020-03-12,2.521,2.521,2.521,2.521,0.0,2.521,0
2020-03-13,2.516,2.516,2.516,2.516,0.0,2.516,0
2020-03-16,2.505,2.505,2.505,2.505,0.0,2.505,0
2020-03-17,2.534,2.534,2.534,2.534,0.0,2.534,0
2020-03-18,2.54,2.54,2.54,2.54,0.0,2.54,0
2020-03-19,2.553,2.553,2.553,2.553,0.0,2.553,0
2020-03-20,2.547,2.547,2.547,2.547,0.0,2.547,0
2020-03-23,2.542,2.542,2.542,2.542,0.0,2.542,0
2020-03-24,2.499,2.499,2.499,2.499,0.0,2.499,0
2020-03-25,2.494,2.494,2.494,2.494,0.0,2.494,0
2020-03-26,2.46,2.46,2.46,2.46,0.0,2.46,0
2020-03-27,2.482,2.482,2.482,2.482,0.0,2.482,0
2020-03-30,2.49,2.49,2.49,2.49,0.0,2.49,0
2020-03-31,2.478,2.478,2.478,2.478,0.0,2.478,0
2020-04-01,2.448,2.448,2.448,2.448,0.0,2.448,0
2020-04-02,2.434,2.434,2.434,2.434,0.0,2.434,0
2020-04-03,2.418,2.418,2.418,2.418,0.0,2.418,0
2020-04-06,2.434,2.434,2.434,2.434,0.0,2.434,0
2020-04-07,2.428,2.428,2.428,2.428,0.0,2.428,0
2020-04-08,2.445,2.445,2.445,2.445,0.0,2.445,0
2020-04-09,2.431,2.431,2.431,2.431,0.0,2.431,0
2020-04-13,2.454,2.454,2.454,2.454,0.0,2.454,0
2020-04-14,2.436,2.436,2.436,2.436,0.0,2.436,0
2020-04-15,2.405,2.405,2.405,2.405,0.0,2.405,0
2020-04-16,2.41,2.41,2.41,2.41,0.0,2.41,0
2020-04-17,2.411,2.411,2.411,2.411,0.0,2.411,0
2020-04-20,2.447,2.447,2.447,2.447,0.0,2.447,0
2020-04-21,2.43,2.43,2.43,2.43,0.0,2.43,0
2020-04-22,2.458,2.458,2.458,2.458,0.0,2.458,0
2020-04-23,2.412,2.412,2.412,2.412,0.0,2.412,0
2020-04-24,2.41,2.41,2.41,2.41,0.0,2.41,0
2020-04-27,2.436,2.436,2.436,2.436,0.0,2.436,0
2020-04-28,2.428,2.428,2.428,2.428,0.0,2.428,0
2020-04-29,2.423,2.423,2.423,2.423,0.0,2.423,0
2020-04-30,2.398,2.398,2.398,2.398,0.0,2.398,0
2020-05-01,2.381,2.381,2.381,2.381,0.0,2.381,0
2020-05-04,2.352,2.352,2.352,2.352,0.0,2.352,0
2020-05-05,2.339,2.339,2.339,2.339,0.0,2.339,0
2020-05-06,2.378,2.378,2.378,2.378,0.0,2.378,0
2020-05-07,2.335,2.335,2.335,2.335,0.0,2.335,0
2020-05-08,2.324,2.324,2.324,2.324,0.0,2.324,0
2020-05-11,2.3,2.3,2.3,2.3,0.0,2.3,0
2020-05-12,2.304,2.304,2.304,2.304,0.0,2.304,0
2020-05-13,2.299,2.299,2.253,2.253,30.0,2.299,1
2020-05-14,2.227,2.227,2.227,2.227,0.0,2.227,0
2020-05-15,2.288,2.288,2.288,2.288,0.0,2.288,0
2020-05-18,2.306,2.306,2.306,2.306,0.0,2.306,0
2020-05-19,2.303,2.303,2.303,2.303,0.0,2.303,0
2020-05-20,2.255,2.255,2.255,2.255,0.0,2.255,0
2020-05-21,2.246,2.246,2.246,2.246,0.0,2.246,0
2020-05-22,2.289,2.289,2.289,2.289,0.0,2.289,0
2020-05-26,2.274,2.274,2.274,2.274,0.0,2.274,0
2020-05-27,2.317,2.317,2.317,2.317,0.0,2.317,0
2020-05-28,2.309,2.309,2.309,2.309,0.0,2.309,0
2020-05-29,2.303,2.303,2.303,2.303,0.0,2.303,0
2020-06-01,2.28,2.28,2.28,2.28,0.0,2.28,0
2020-06-02,2.285,2.285,2.285,2.285,0.0,2.285,0
2020-06-03,2.272,2.272,2.272,2.272,0.0,2.272,0
2020-06-04,2.281,2.281,2.281,2.281,0.0,2.281,0
2020-06-05,2.275,2.275,2.275,2.275,0.0,2.275,0
2020-06-08,2.289,2.289,2.289,2.289,0.0,2.289,0
2020-06-09,2.311,2.311,2.311,2.311,0.0,2.311,0
2020-06-10,2.316,2.316,2.316,2.316,0.0,2.316,0
2020-06-11,2.311,2.311,2.311,2.311,0.0,2.311,0
2020-06-12,2.3,2.3,2.3,2.3,0.0,2.3,0
2020-06-15,2.327,2.327,2.327,2.327,0.0,2.327,0
2020-06-16,2.322,2.322,2.322,2.322,0.0,2.322,0
2020-06-17,2.317,2.317,2.317,2.317,0.0,2.317,0
2020-06-18,2.316,2.316,2.316,2.316,0.0,2.316,0
2020-06-19,2.299,2.299,2.299,2.299,0.0,2.299,0
2020-06-22,2.287,2.287,2.287,2.287,0.0,2.287,0
2020-06-23,2.286,2.286,2.286,2.286,0.0,2.286,0
2020-06-24,2.296,2.296,2.296,2.296,0.0,2.296,0
2020-06-25,2.329,2.329,2.329,2.329,0.0,2.329,0
2020-06-26,2.351,2.351,2.351,2.351,0.0,2.351,0
2020-06-29,2.349,2.349,2.349,2.349,0.0,2.349,0
2020-06-30,2.349,2.349,2.349,2.349,0.0,2.349,0
2020-07-01,2.362,2.362,2.362,2.362,0.0,2.362,0
2020-07-02,2.406,2.406,2.406,2.406,0.0,2.406,0
2020-07-06,2.385,2.385,2.385,2.385,0.0,2.385,0
2020-07-07,2.373,2.373,2.373,2.373,0.0,2.373,0
2020-07-08,2.401,2.401,2.401,2.401,0.0,2.401,0
2020-07-09,2.386,2.386,2.386,2.386,0.0,2.386,0
2020-07-10,2.368,2.368,2.368,2.368,0.0,2.368,0
2020-07-13,2.364,2.364,2.364,2.364,0.0,2.364,0
2020-07-14,2.363,2.363,2.363,2.363,0.0,2.363,0
2020-07-15,2.373,2.373,2.373,2.373,0.0,2.373,0
2020-07-16,2.366,2.366,2.366,2.366,0.0,2.366,0
2020-07-17,2.363,2.363,2.363,2.363,0.0,2.363,0
2020-07-20,2.354,2.354,2.354,2.354,0.0,2.354,0
2020-07-21,2.369,2.369,2.369,2.369,0.0,2.369,0
2020-07-22,2.378,2.378,2.378,2.378,0.0,2.378,0
2020-07-23,2.462,2.462,2.462,2.462,0.0,2.462,0
2020-07-24,2.481,2.481,2.481,2.481,0.0,2.481,0
2020-07-27,2.543,2.543,2.543,2.543,0.0,2.543,0
2020-07-28,2.54,2.54,2.54,2.54,0.0,2.54,0
2020-07-29,2.545,2.545,2.545,2.545,0.0,2.545,0
2020-07-30,2.555,2.555,2.555,2.555,0.0,2.555,0
2020-07-31,2.62,2.62,2.62,2.62,0.0,2.62,0
2020-08-03,2.618,2.618,2.618,2.618,0.0,2.618,0
2020-08-04,2.612,2.612,2.612,2.612,0.0,2.612,0
2020-08-05,2.63,2.63,2.63,2.63,0.0,2.63,0
2020-08-06,2.655,2.655,2.655,2.655,0.0,2.655,0
2020-08-07,2.717,2.717,2.717,2.717,0.0,2.717,0
2020-08-10,2.685,2.685,2.685,2.685,0.0,2.685,0
2020-08-11,2.6,2.6,2.6,2.6,0.0,2.6,0
2020-08-12,2.577,2.577,2.577,2.577,0.0,2.577,0
2020-08-13,2.597,2.597,2.597,2.597,0.0,2.597,0
2020-08-14,2.583,2.583,2.583,2.583,0.0,2.583,0
2020-08-17,2.583,2.583,2.583,2.583,0.0,2.583,0
2020-08-18,2.578,2.578,2.578,2.578,0.0,2.578,0
2020-08-19,2.573,2.573,2.573,2.573,0.0,2.573,0
2020-08-20,2.571,2.571,2.571,2.571,0.0,2.571,0
2020-08-21,2.566,2.566,2.566,2.566,0.0,2.566,0
2020-08-24,2.561,2.561,2.561,2.561,0.0,2.561,0
2020-08-25,2.554,2.554,2.554,2.554,0.0,2.554,0
2020-08-26,2.582,2.582,2.582,2.582,0.0,2.582,0
2020-08-27,2.591,2.591,2.591,2.591,0.0,2.591,0
2020-08-28,2.579,2.579,2.579,2.579,0.0,2.579,0
2020-08-31,2.553,2.553,2.553,2.553,0.0,2.553,0
2020-09-01,2.551,2.551,2.551,2.551,0.0,2.551,0
2020-09-02,2.545,2.545,2.545,2.545,0.0,2.545,0
2020-09-03,2.542,2.542,2.542,2.542,0.0,2.542,0
2020-09-04,2.468,2.468,2.468,2.468,0.0,2.468,0
2020-09-08,2.469,2.469,2.469,2.469,0.0,2.469,0
2020-09-09,2.455,2.455,2.455,2.455,0.0,2.455,0
2020-09-10,2.437,2.437,2.437,2.437,0.0,2.437,0
2020-09-11,2.414,2.414,2.414,2.414,0.0,2.414,0
2020-09-14,2.387,2.387,2.387,2.387,0.0,2.387,0
2020-09-15,2.394,2.394,2.394,2.394,0.0,2.394,0
2020-09-16,2.369,2.369,2.369,2.369,0.0,2.369,0
2020-09-17,2.357,2.357,2.357,2.357,0.0,2.357,0
2020-09-18,2.378,2.378,2.378,2.378,0.0,2.378,0
2020-09-21,2.349,2.349,2.349,2.349,0.0,2.349,0
2020-09-22,2.388,2.388,2.388,2.388,0.0,2.388,0
2020-09-23,2.428,2.428,2.428,2.428,0.0,2.428,0
2020-09-24,2.454,2.454,2.454,2.454,0.0,2.454,0
2020-09-25,2.473,2.473,2.473,2.473,0.0,2.473,0
2020-09-28,2.481,2.481,2.481,2.481,0.0,2.481,0
2020-09-29,2.452,2.452,2.452,2.452,0.0,2.452,0
2020-09-30,2.433,2.433,2.433,2.433,0.0,2.433,0
2020-10-01,2.413,2.413,2.413,2.413,0.0,2.413,0
2020-10-02,2.41,2.41,2.41,2.41,0.0,2.41,0
2020-10-05,2.388,2.388,2.388,2.388,0.0,2.388,0
2020-10-06,2.395,2.395,2.395,2.395,0.0,2.395,0
2020-10-07,2.418,2.418,2.418,2.418,0.0,2.418,0
2020-10-08,2.393,2.393,2.393,2.393,0.0,2.393,0
2020-10-09,2.423,2.423,2.423,2.423,0.0,2.423,0
2020-10-12,2.409,2.409,2.409,2.409,0.0,2.409,0
2020-10-13,2.389,2.389,2.389,2.389,0.0,2.389,0
2020-10-14,2.416,2.416,2.416,2.416,0.0,2.416,0
2020-10-15,2.402,2.402,2.402,2.402,0.0,2.402,0
2020-10-16,2.405,2.405,2.405,2.405,0.0,2.405,0
2020-10-19,2.448,2.448,2.448,2.448,0.0,2.448,0
2020-10-20,2.389,2.389,2.389,2.389,0.0,2.389,0
2020-10-21,2.41,2.41,2.41,2.41,0.0,2.41,0
2020-10-22,2.412,2.412,2.412,2.412,0.0,2.412,0
2020-10-23,2.398,2.398,2.398,2.398,0.0,2.398,0
2020-10-26,2.311,2.311,2.311,2.311,0.0,2.311,0
2020-10-27,2.365,2.365,2.365,2.365,0.0,2.365,0
2020-10-28,2.415,2.415,2.415,2.415,0.0,2.415,0
2020-10-29,2.427,2.427,2.427,2.427,0.0,2.427,0
2020-10-30,2.444,2.444,2.444,2.444,0.0,2.444,0
2020-11-02,2.413,2.413,2.413,2.413,0.0,2.413,0
2020-11-03,2.442,2.442,2.442,2.442,0.0,2.442,0
2020-11-04,2.439,2.439,2.439,2.439,0.0,2.439,0
2020-11-05,2.434,2.434,2.434,2.434,0.0,2.434,0
2020-11-06,2.424,2.424,2.424,2.424,0.0,2.424,0
2020-11-09,2.42,2.42,2.42,2.42,0.0,2.42,0
2020-11-10,2.43,2.43,2.43,2.43,0.0,2.43,0
2020-11-11,2.445,2.445,2.445,2.445,0.0,2.445,0
2020-11-12,2.442,2.442,2.442,2.442,0.0,2.442,0
2020-11-13,2.397,2.397,2.397,2.397,0.0,2.397,0
2020-11-16,2.394,2.394,2.394,2.394,0.0,2.394,0
2020-11-17,2.411,2.411,2.411,2.411,0.0,2.411,0
2020-11-18,2.435,2.435,2.435,2.435,0.0,2.435,0
2020-11-19,2.435,2.435,2.435,2.435,0.0,2.435,0
2020-11-20,2.428,2.428,2.428,2.428,0.0,2.428,0
2020-11-23,2.422,2.422,2.422,2.422,0.0,2.422,0
2020-11-24,2.458,2.458,2.424,2.424,2.0,2.458,1
2020-11-25,2.407,2.407,2.407,2.407,0.0,2.407,0
2020-11-27,2.403,2.403,2.403,2.403,0.0,2.403,0
2020-11-30,2.389,2.389,2.389,2.389,0.0,2.389,0
2020-12-01,2.451,2.451,2.451,2.451,0.0,2.451,0
2020-12-02,2.476,2.476,2.476,2.476,0.0,2.476,0
2020-12-03,2.448,2.448,2.448,2.448,0.0,2.448,0
2020-12-04,2.468,2.468,2.468,2.468,0.0,2.468,0
2020-12-07,2.439,2.439,2.439,2.439,0.0,2.439,0
2020-12-08,2.427,2.427,2.427,2.427,0.0,2.427,0
2020-12-09,2.437,2.437,2.437,2.437,0.0,2.437,0
2020-12-10,2.442,2.442,2.442,2.442,0.0,2.442,0
2020-12-11,2.461,2.461,2.461,2.461,0.0,2.461,0
2020-12-14,2.455,2.455,2.455,2.455,0.0,2.455,0
2020-12-15,2.44,2.44,2.44,2.44,0.0,2.44,0
2020-12-16,2.452,2.452,2.452,2.452,0.0,2.452,0
2020-12-17,2.44,2.44,2.44,2.44,0.0,2.44,0
2020-12-18,2.454,2.454,2.454,2.454,0.0,2.454,0
2020-12-21,2.425,2.425,2.425,2.425,0.0,2.425,0
2020-12-22,2.47,2.47,2.47,2.47,0.0,2.47,0
2020-12-23,2.465,2.465,2.465,2.465,0.0,2.465,0
2020-12-24,2.477,2.477,2.477,2.477,0.0,2.477,0
2020-12-28,2.396,2.396,2.396,2.396,0.0,2.396,0
2020-12-29,2.465,2.465,2.465,2.465,0.0,2.465,0
2020-12-30,2.436,2.436,2.436,2.436,0.0,2.436,0
2020-12-31,2.463,2.463,2.463,2.463,0.0,2.463,0
2021-01-04,2.471,2.471,2.471,2.471,0.0,2.471,0
2021-01-05,2.486,2.486,2.486,2.486,0.0,2.486,0
2021-01-06,2.519,2.519,2.519,2.519,0.0,2.519,0
2021-01-07,2.487,2.487,2.487,2.487,0.0,2.487,0
2021-01-08,2.471,2.471,2.471,2.471,0.0,2.471,0
2021-01-11,2.474,2.474,2.474,2.474,0.0,2.474,0
2021-01-12,2.481,2.481,2.481,2.481,0.0,2.481,0
2021-01-13,2.512,2.512,2.512,2.512,0.0,2.512,0
2021-01-14,2.46,2.46,2.46,2.46,0.0,2.46,0
2021-01-15,2.496,2.496,2.496,2.496,0.0,2.496,0
2021-01-19,2.502,2.502,2.502,2.502,0.0,2.502,0
2021-01-20,2.516,2.516,2.516,2.516,0.0,2.516,0
2021-01-21,2.514,2.514,2.514,2.514,0.0,2.514,0
2021-01-22,2.525,2.525,2.525,2.525,0.0,2.525,0
2021-01-25,2.482,2.482,2.482,2.482,0.0,2.482,0
2021-01-26,2.511,2.511,2.511,2.511,0.0,2.511,0
2021-01-27,2.526,2.526,2.526,2.526,0.0,2.526,0
2021-01-28,2.525,2.525,2.525,2.525,0.0,2.525,0
2021-01-29,2.519,2.519,2.519,2.519,0.0,2.519,0
2021-02-01,2.523,2.523,2.523,2.523,0.0,2.523,0
2021-02-02,2.519,2.519,2.519,2.519,0.0,2.519,0
2021-02-03,2.5,2.5,2.5,2.5,0.0,2.5,0
2021-02-04,2.476,2.476,2.476,2.476,0.0,2.476,0
2021-02-05,2.485,2.485,2.485,2.485,0.0,2.485,0
2021-02-08,2.505,2.505,2.505,2.505,0.0,2.505,0
2021-02-09,2.505,2.505,2.505,2.505,0.0,2.505,0
2021-02-10,2.51,2.51,2.51,2.51,0.0,2.51,0
2021-02-11,2.497,2.497,2.497,2.497,0.0,2.497,0
2021-02-12,2.491,2.491,2.491,2.491,0.0,2.491,0
2021-02-16,2.508,2.508,2.508,2.508,0.0,2.508,0
2021-02-17,2.503,2.503,2.503,2.503,0.0,2.503,0
2021-02-18,2.493,2.493,2.493,2.493,0.0,2.493,0
2021-02-19,2.489,2.489,2.489,2.489,0.0,2.489,0
2021-02-22,2.491,2.491,2.491,2.491,0.0,2.491,0
2021-02-23,2.496,2.496,2.496,2.496,0.0,2.496,0
2021-02-24,2.49,2.49,2.49,2.49,0.0,2.49,0
2021-02-25,2.439,2.439,2.439,2.439,0.0,2.439,0
2021-02-26,2.459,2.459,2.459,2.459,0.0,2.459,0
2021-03-01,2.477,2.477,2.477,2.477,0.0,2.477,0
2021-03-02,2.486,2.486,2.486,2.486,0.0,2.486,0
2021-03-03,2.461,2.461,2.461,2.461,0.0,2.461,0
2021-03-04,2.429,2.429,2.429,2.429,0.0,2.429,0
2021-03-05,2.435,2.435,2.435,2.435,0.0,2.435,0
2021-03-08,2.453,2.453,2.453,2.453,0.0,2.453,0
2021-03-09,2.46,2.46,2.46,2.46,0.0,2.46,0
2021-03-10,2.458,2.458,2.458,2.458,0.0,2.458,0
2021-03-11,2.455,2.455,2.455,2.455,0.0,2.455,0
2021-03-12,2.472,2.472,2.472,2.472,0.0,2.472,0
2021-03-15,2.445,2.445,2.445,2.445,0.0,2.445,0
2021-03-16,2.477,2.477,2.477,2.477,0.0,2.477,0
2021-03-17,2.458,2.458,2.458,2.458,0.0,2.458,0
2021-03-18,2.472,2.472,2.472,2.472,0.0,2.472,0
2021-03-19,2.478,2.478,2.478,2.478,0.0,2.478,0
2021-03-22,2.474,2.474,2.474,2.474,0.0,2.474,0
2021-03-23,2.488,2.488,2.488,2.488,0.0,2.488,0
2021-03-24,2.491,2.491,2.491,2.491,0.0,2.491,0
2021-03-25,2.491,2.491,2.491,2.491,0.0,2.491,0
2021-03-26,2.493,2.493,2.493,2.493,0.0,2.493,0
2021-03-29,2.537,2.537,2.537,2.537,0.0,2.537,0
2021-03-30,2.548,2.548,2.548,2.548,0.0,2.548,0
2021-03-31,2.544,2.544,2.544,2.544,0.0,2.544,0
2021-04-01,2.573,2.573,2.573,2.573,0.0,2.573,0
2021-04-05,2.56,2.56,2.56,2.56,0.0,2.56,0
2021-04-06,2.543,2.543,2.543,2.543,0.0,2.543,0
2021-04-07,2.546,2.546,2.546,2.546,0.0,2.546,0
2021-04-08,2.546,2.546,2.546,2.546,0.0,2.546,0
2021-04-09,2.58,2.58,2.58,2.58,0.0,2.58,0
2021-04-12,2.589,2.589,2.589,2.589,0.0,2.589,0
2021-04-13,2.572,2.572,2.572,2.572,0.0,2.572,0
2021-04-14,2.581,2.581,2.581,2.581,0.0,2.581,0
2021-04-15,2.585,2.585,2.585,2.585,0.0,2.585,0
2021-04-16,2.598,2.598,2.598,2.598,0.0,2.598,0
2021-04-19,2.592,2.592,2.592,2.592,0.0,2.592,0
2021-04-20,2.549,2.549,2.549,2.549,0.0,2.549,0
2021-04-21,2.534,2.534,2.534,2.534,0.0,2.534,0
2021-04-22,2.515,2.515,2.515,2.515,0.0,2.515,0
2021-04-23,2.523,2.523,2.523,2.523,0.0,2.523,0
2021-04-26,2.53,2.53,2.509,2.509,1.0,2.53,1
2021-04-27,2.488,2.488,2.488,2.488,0.0,2.488,0
2021-04-28,2.5,2.5,2.5,2.5,0.0,2.5,0
2021-04-29,2.502,2.502,2.502,2.502,0.0,2.502,0
2021-04-30,2.527,2.527,2.527,2.527,0.0,2.527,0
2021-05-03,2.53,2.53,2.53,2.53,0.0,2.53,0
2021-05-04,2.539,2.539,2.539,2.539,0.0,2.539,0
2021-05-05,2.541,2.541,2.541,2.541,0.0,2.541,0
2021-05-06,2.531,2.531,2.531,2.531,0.0,2.531,0
2021-05-07,2.538,2.538,2.538,2.538,0.0,2.538,0
2021-05-10,2.541,2.541,2.541,2.541,0.0,2.541,0
2021-05-11,2.538,2.538,2.538,2.538,0.0,2.538,0
2021-05-12,2.537,2.537,2.537,2.537,0.0,2.537,0
2021-05-13,2.527,2.527,2.527,2.527,0.0,2.527,0
2021-05-14,2.533,2.533,2.533,2.533,0.0,2.533,0
2021-05-17,2.537,2.537,2.537,2.537,0.0,2.537,0
2021-05-18,2.506,2.506,2.506,2.506,0.0,2.506,0
2021-05-19,2.51,2.51,2.51,2.51,0.0,2.51,0
2021-05-20,2.515,2.515,2.515,2.515,0.0,2.515,0
2021-05-21,2.527,2.527,2.527,2.527,0.0,2.527,0
2021-05-24,2.521,2.521,2.521,2.521,0.0,2.521,0
2021-05-25,2.532,2.532,2.532,2.532,0.0,2.532,0
2021-05-26,2.501,2.501,2.501,2.501,0.0,2.501,0
2021-05-27,2.498,2.498,2.498,2.498,0.0,2.498,0
2021-05-28,2.521,2.521,2.521,2.521,0.0,2.521,0
2021-06-01,2.503,2.503,2.503,2.503,0.0,2.503,0
2021-06-02,2.513,2.513,2.513,2.513,0.0,2.513,0
2021-06-03,2.495,2.495,2.495,2.495,0.0,2.495,0
2021-06-04,2.546,2.546,2.546,2.546,0.0,2.546,0
2021-06-07,2.517,2.517,2.517,2.517,0.0,2.517,0
2021-06-08,2.523,2.523,2.523,2.523,0.0,2.523,0
2021-06-09,2.53,2.53,2.53,2.53,0.0,2.53,0
2021-06-10,2.519,2.519,2.519,2.519,0.0,2.519,0
2021-06-11,2.518,2.518,2.518,2.518,0.0,2.518,0
2021-06-14,2.527,2.527,2.527,2.527,0.0,2.527,0
2021-06-15,2.512,2.512,2.512,2.512,0.0,2.512,0
2021-06-16,2.565,2.565,2.565,2.565,0.0,2.565,0
2021-06-17,2.57,2.57,2.57,2.57,0.0,2.57,0
2021-06-18,2.579,2.579,2.579,2.579,0.0,2.579,0
2021-06-21,2.576,2.576,2.576,2.576,0.0,2.576,0
2021-06-22,2.576,2.576,2.576,2.576,0.0,2.576,0
2021-06-23,2.577,2.577,2.577,2.577,0.0,2.577,0
2021-06-24,2.565,2.565,2.565,2.565,0.0,2.565,0
2021-06-25,2.626,2.626,2.626,2.626,0.0,2.626,0
2021-06-28,2.636,2.636,2.636,2.636,0.0,2.636,0
2021-06-29,2.664,2.664,2.664,2.664,0.0,2.664,0
2021-06-30,2.66,2.66,2.66,2.66,0.0,2.66,0
2021-07-01,2.648,2.648,2.648,2.648,0.0,2.648,0
2021-07-02,2.64,2.64,2.64,2.64,0.0,2.64,0
2021-07-06,2.632,2.632,2.632,2.632,0.0,2.632,0
2021-07-07,2.644,2.644,2.644,2.644,0.0,2.644,0
2021-07-08,2.656,2.656,2.656,2.656,0.0,2.656,0
2021-07-09,2.662,2.662,2.662,2.662,0.0,2.662,0
2021-07-12,2.667,2.667,2.667,2.667,0.0,2.667,0
2021-07-13,2.666,2.666,2.666,2.666,0.0,2.666,0
2021-07-14,2.659,2.659,2.659,2.659,0.0,2.659,0
2021-07-15,2.667,2.667,2.667,2.667,0.0,2.667,0
2021-07-16,2.683,2.683,2.683,2.683,0.0,2.683,0
2021-07-19,2.693,2.693,2.693,2.693,0.0,2.693,0
2021-07-20,2.695,2.695,2.695,2.695,0.0,2.695,0
2021-07-21,2.7,2.7,2.7,2.7,0.0,2.7,0
2021-07-22,2.702,2.702,2.702,2.702,0.0,2.702,0
2021-07-23,2.708,2.708,2.708,2.708,0.0,2.708,0
2021-07-26,2.716,2.716,2.716,2.716,0.0,2.716,0
2021-07-27,2.686,2.686,2.686,2.686,0.0,2.686,0
2021-07-28,2.678,2.678,2.678,2.678,0.0,2.678,0
2021-07-29,2.653,2.653,2.653,2.653,0.0,2.653,0
2021-07-30,2.673,2.673,2.673,2.673,0.0,2.673,0
2021-08-02,2.687,2.687,2.687,2.687,0.0,2.687,0
2021-08-03,2.679,2.679,2.679,2.679,0.0,2.679,0
2021-08-04,2.689,2.689,2.689,2.689,0.0,2.689,0
2021-08-05,2.654,2.654,2.654,2.654,0.0,2.654,0
2021-08-06,2.663,2.663,2.663,2.663,0.0,2.663,0
2021-08-09,2.679,2.679,2.679,2.679,0.0,2.679,0
2021-08-10,2.676,2.676,2.676,2.676,0.0,2.676,0
2021-08-11,2.691,2.691,2.691,2.691,0.0,2.691,0
2021-08-12,2.772,2.772,2.772,2.772,0.0,2.772,0
2021-08-13,2.739,2.739,2.739,2.739,0.0,2.739,0
2021-08-16,2.751,2.751,2.751,2.751,0.0,2.751,0
2021-08-17,2.764,2.764,2.764,2.764,0.0,2.764,0
2021-08-18,2.762,2.762,2.762,2.762,0.0,2.762,0
2021-08-19,2.773,2.773,2.773,2.773,0.0,2.773,0
2021-08-20,2.772,2.772,2.772,2.772,0.0,2.772,0
2021-08-23,2.774,2.774,2.774,2.774,0.0,2.774,0
2021-08-24,2.77,2.77,2.77,2.77,0.0,2.77,0
2021-08-25,2.787,2.787,2.787,2.787,0.0,2.787,0
2021-08-26,2.838,2.838,2.838,2.838,0.0,2.838,0
2021-08-27,2.84,2.84,2.84,2.84,0.0,2.84,0
2021-08-30,2.843,2.843,2.843,2.843,0.0,2.843,0
2021-08-31,2.832,2.832,2.832,2.832,0.0,2.832,0
2021-09-01,2.841,2.841,2.841,2.841,0.0,2.841,0
2021-09-02,2.841,2.841,2.841,2.841,0.0,2.841,0
2021-09-03,2.865,2.865,2.865,2.865,0.0,2.865,0
2021-09-07,2.915,2.915,2.915,2.915,0.0,2.915,0
2021-09-08,2.967,2.967,2.967,2.967,0.0,2.967,0
2021-09-09,3.047,3.047,3.047,3.047,0.0,3.047,0
2021-09-10,3.029,3.029,3.029,3.029,0.0,3.029,0
2021-09-13,3.044,3.044,3.044,3.044,0.0,3.044,0
2021-09-14,3.017,3.017,3.017,3.017,0.0,3.017,0
2021-09-15,3.047,3.047,2.968,2.968,1.0,3.047,1
2021-09-16,2.971,2.971,2.971,2.971,0.0,2.971,0
2021-09-17,2.964,2.964,2.964,2.964,0.0,2.964,0
2021-09-20,3.0,3.0,3.0,3.0,0.0,3.0,0
2021-09-21,3.017,3.017,3.017,3.017,0.0,3.017,0
2021-09-22,3.034,3.034,3.034,3.034,0.0,3.034,0
2021-09-23,3.041,3.041,3.041,3.041,0.0,3.041,0
2021-09-24,2.982,2.982,2.982,2.982,0.0,2.982,0
2021-09-27,2.975,2.975,2.975,2.975,0.0,2.975,0
2021-09-28,2.898,2.898,2.898,2.898,0.0,2.898,0
2021-09-29,2.879,2.879,2.879,2.879,0.0,2.879,0
2021-09-30,2.886,2.886,2.886,2.886,0.0,2.886,0
2021-10-01,2.876,2.876,2.876,2.876,0.0,2.876,0
2021-10-04,2.885,2.885,2.885,2.885,0.0,2.885,0
2021-10-05,2.9,2.9,2.9,2.9,0.0,2.9,0
2021-10-06,2.938,2.938,2.938,2.938,0.0,2.938,0
2021-10-07,2.938,2.938,2.938,2.938,0.0,2.938,0
2021-10-08,2.979,2.979,2.979,2.979,0.0,2.979,0
2021-10-11,2.965,2.965,2.965,2.965,0.0,2.965,0
2021-10-12,2.967,2.967,2.967,2.967,0.0,2.967,0
2021-10-13,2.972,2.972,2.972,2.972,0.0,2.972,0
2021-10-14,3.007,3.007,3.007,3.007,0.0,3.007,0
2021-10-15,3.018,3.018,3.018,3.018,0.0,3.018,0
2021-10-18,3.024,3.024,3.024,3.024,0.0,3.024,0
2021-10-19,3.021,3.021,3.021,3.021,0.0,3.021,0
2021-10-20,3.024,3.024,3.024,3.024,0.0,3.024,0
2021-10-21,3.02,3.02,3.02,3.02,0.0,3.02,0
2021-10-22,3.025,3.025,3.025,3.025,0.0,3.025,0
2021-10-25,3.068,3.068,3.068,3.068,0.0,3.068,0
2021-10-26,3.046,3.046,3.046,3.046,0.0,3.046,0
2021-10-27,2.983,2.983,2.983,2.983,0.0,2.983,0
2021-10-28,2.984,2.984,2.984,2.984,0.0,2.984,0
2021-10-29,2.935,2.935,2.935,2.935,0.0,2.935,0
2021-11-01,2.83,2.83,2.83,2.83,0.0,2.83,0
2021-11-02,2.891,2.891,2.891,2.891,0.0,2.891,0
2021-11-03,2.885,2.885,2.885,2.885,0.0,2.885,0
2021-11-04,2.909,2.909,2.909,2.909,0.0,2.909,0
2021-11-05,2.919,2.919,2.919,2.919,0.0,2.919,0
2021-11-08,3.002,3.002,3.002,3.002,0.0,3.002,0
2021-11-09,2.998,2.998,2.998,2.998,0.0,2.998,0
2021-11-10,3.024,3.024,3.024,3.024,0.0,3.024,0
2021-11-11,3.041,3.041,3.041,3.041,0.0,3.041,0
2021-11-12,2.977,2.977,2.977,2.977,0.0,2.977,0
2021-11-15,2.99,2.99,2.99,2.99,0.0,2.99,0
2021-11-16,3.061,3.061,3.061,3.061,0.0,3.061,0
2021-11-17,2.992,2.992,2.992,2.992,0.0,2.992,0
2021-11-18,2.98,2.98,2.98,2.98,0.0,2.98,0
2021-11-19,2.944,2.944,2.944,2.944,0.0,2.944,0
2021-11-22,2.926,2.926,2.926,2.926,0.0,2.926,0
2021-11-23,2.973,2.973,2.973,2.973,0.0,2.973,0
2021-11-24,2.971,2.971,2.971,2.971,0.0,2.971,0
2021-11-26,3.01,3.01,3.01,3.01,0.0,3.01,0
2021-11-29,3.002,3.002,3.002,3.002,0.0,3.002,0
2021-11-30,2.975,2.975,2.975,2.975,0.0,2.975,0
2021-12-01,2.983,2.983,2.983,2.983,0.0,2.983,0
2021-12-02,2.987,2.987,2.987,2.987,0.0,2.987,0
2021-12-03,2.997,2.997,2.997,2.997,0.0,2.997,0
2021-12-06,2.969,2.969,2.969,2.969,0.0,2.969,0
2021-12-07,2.973,2.973,2.973,2.973,0.0,2.973,0
2021-12-08,2.897,2.897,2.897,2.897,0.0,2.897,0
2021-12-09,2.917,2.917,2.917,2.917,0.0,2.917,0
2021-12-10,2.948,2.948,2.948,2.948,0.0,2.948,0
2021-12-13,2.852,2.852,2.852,2.852,0.0,2.852,0
2021-12-14,2.89,2.89,2.89,2.89,0.0,2.89,0
2021-12-15,2.921,2.921,2.921,2.921,0.0,2.921,0
2021-12-16,2.914,2.914,2.914,2.914,0.0,2.914,0
2021-12-17,2.927,2.927,2.927,2.927,0.0,2.927,0
2021-12-20,2.942,2.942,2.942,2.942,0.0,2.942,0
2021-12-21,2.926,2.926,2.926,2.926,0.0,2.926,0
2021-12-22,2.927,2.927,2.927,2.927,0.0,2.927,0
2021-12-23,2.89,2.89,2.89,2.89,0.0,2.89,0
2021-12-27,2.876,2.876,2.876,2.876,0.0,2.876,0
2021-12-28,2.899,2.899,2.899,2.899,0.0,2.899,0
2021-12-29,2.911,2.911,2.911,2.911,0.0,2.911,0
2021-12-30,2.899,2.899,2.899,2.899,0.0,2.899,0
2021-12-31,2.942,2.942,2.942,2.942,0.0,2.942,0
2022-01-03,2.924,2.924,2.924,2.924,0.0,2.924,0
2022-01-04,2.923,2.923,2.923,2.923,0.0,2.923,0
2022-01-05,2.917,2.917,2.917,2.917,0.0,2.917,0
2022-01-06,2.931,2.931,2.931,2.931,0.0,2.931,0
2022-01-07,2.964,2.964,2.964,2.964,0.0,2.964,0
2022-01-10,2.969,2.969,2.969,2.969,0.0,2.969,0
2022-01-11,2.958,2.958,2.958,2.958,0.0,2.958,0
2022-01-12,2.933,2.933,2.933,2.933,0.0,2.933,0
2022-01-13,2.936,2.936,2.936,2.936,0.0,2.936,0
2022-01-14,2.912,2.912,2.912,2.912,0.0,2.912,0
2022-01-18,2.931,2.931,2.931,2.931,0.0,2.931,0
2022-01-19,3.0,3.0,2.978,2.978,4.0,3.0,1
2022-01-20,2.981,2.981,2.981,2.981,0.0,2.981,0
2022-01-21,2.969,2.969,2.969,2.969,0.0,2.969,0
2022-01-24,2.958,2.958,2.958,2.958,0.0,2.958,0
2022-01-25,2.978,2.978,2.978,2.978,0.0,2.978,0
2022-01-26,2.979,2.979,2.979,2.979,0.0,2.979,0
2022-01-27,2.964,2.964,2.964,2.964,0.0,2.964,0
2022-01-28,2.957,2.957,2.957,2.957,0.0,2.957,0
2022-01-31,2.956,2.956,2.956,2.956,0.0,2.956,0
2022-02-01,2.941,2.941,2.941,2.941,0.0,2.941,0
2022-02-02,2.96,2.96,2.96,2.96,0.0,2.96,0
2022-02-03,2.951,2.951,2.951,2.951,0.0,2.951,0
2022-02-04,2.981,2.981,2.981,2.981,0.0,2.981,0
2022-02-07,2.997,2.997,2.997,2.997,0.0,2.997,0
2022-02-08,2.989,2.989,2.989,2.989,0.0,2.989,0
2022-02-09,2.984,2.984,2.984,2.984,0.0,2.984,0
2022-02-10,2.991,2.991,2.991,2.991,0.0,2.991,0
2022-02-11,3.031,3.031,3.031,3.031,0.0,3.031,0
2022-02-14,3.072,3.072,3.072,3.072,0.0,3.072,0
2022-02-15,3.06,3.06,3.06,3.06,0.0,3.06,0
2022-02-16,3.089,3.089,3.089,3.089,0.0,3.089,0
2022-02-17,3.082,3.082,3.082,3.082,0.0,3.082,0
2022-02-18,3.082,3.082,3.082,3.082,0.0,3.082,0
2022-02-22,3.127,3.127,3.127,3.127,0.0,3.127,0
2022-02-23,3.213,3.213,3.213,3.213,0.0,3.213,0
2022-02-24,3.256,3.256,3.256,3.256,0.0,3.256,0
2022-02-25,3.15,3.15,3.15,3.15,0.0,3.15,0
2022-02-28,3.227,3.227,3.227,3.227,0.0,3.227,0
2022-03-01,3.298,3.298,3.298,3.298,0.0,3.298,0
2022-03-02,3.365,3.365,3.365,3.365,0.0,3.365,0
2022-03-03,3.308,3.308,3.308,3.308,0.0,3.308,0
2022-03-04,3.361,3.361,3.361,3.361,0.0,3.361,0
2022-03-07,3.43,3.43,3.43,3.43,0.0,3.43,0
2022-03-08,3.477,3.477,3.477,3.477,0.0,3.477,0
2022-03-09,3.456,3.456,3.456,3.456,0.0,3.456,0
2022-03-10,3.372,3.372,3.372,3.372,0.0,3.372,0
2022-03-11,3.353,3.353,3.353,3.353,0.0,3.353,0
2022-03-14,3.396,3.396,3.396,3.396,0.0,3.396,0
2022-03-15,3.378,3.378,3.378,3.378,0.0,3.378,0
2022-03-16,3.389,3.389,3.389,3.389,0.0,3.389,0
2022-03-17,3.406,3.406,3.406,3.406,0.0,3.406,0
2022-03-18,3.358,3.358,3.358,3.358,0.0,3.358,0
2022-03-21,3.344,3.344,3.344,3.344,0.0,3.344,0
2022-03-22,3.355,3.355,3.355,3.355,0.0,3.355,0
2022-03-23,3.366,3.366,3.366,3.366,0.0,3.366,0
2022-03-24,3.392,3.392,3.392,3.392,0.0,3.392,0
2022-03-25,3.438,3.438,3.438,3.438,0.0,3.438,0
2022-03-28,3.53,3.53,3.53,3.53,0.0,3.53,0
2022-03-29,3.544,3.544,3.544,3.544,0.0,3.544,0
2022-03-30,3.657,3.657,3.657,3.657,0.0,3.657,0
2022-03-31,3.75,3.75,3.75,3.75,0.0,3.75,0
2022-04-01,3.807,3.807,3.807,3.807,0.0,3.807,0
2022-04-04,3.874,3.874,3.874,3.874,0.0,3.874,0
2022-04-05,3.903,3.903,3.903,3.903,0.0,3.903,0
2022-04-06,3.955,3.955,3.955,3.955,0.0,3.955,0
2022-04-07,3.935,3.935,3.935,3.935,0.0,3.935,0
2022-04-08,3.908,3.908,3.908,3.908,0.0,3.908,0
2022-04-11,3.957,3.957,3.957,3.957,0.0,3.957,0
2022-04-12,3.979,3.979,3.979,3.979,0.0,3.979,0
2022-04-13,4.017,4.017,4.017,4.017,0.0,4.017,0
2022-04-14,4.019,4.019,4.019,4.019,0.0,4.019,0
2022-04-18,4.034,4.034,4.034,4.034,0.0,4.034,0
2022-04-19,4.012,4.012,4.012,4.012,0.0,4.012,0
2022-04-20,4.003,4.003,4.003,4.003,0.0,4.003,0
2022-04-21,3.926,3.926,3.926,3.926,0.0,3.926,0
2022-04-22,3.753,3.753,3.753,3.753,0.0,3.753,0
2022-04-25,3.768,3.768,3.768,3.768,0.0,3.768,0
2022-04-26,3.833,3.833,3.833,3.833,0.0,3.833,0
2022-04-27,3.798,3.798,3.798,3.798,0.0,3.798,0
2022-04-28,3.794,3.794,3.794,3.794,0.0,3.794,0
2022-04-29,3.787,3.787,3.787,3.787,0.0,3.787,0
2022-05-02,3.859,3.859,3.859,3.859,0.0,3.859,0
2022-05-03,3.915,3.915,3.915,3.915,0.0,3.915,0
2022-05-04,3.965,3.965,3.965,3.965,0.0,3.965,0
2022-05-05,3.998,3.998,3.998,3.998,0.0,3.998,0
2022-05-06,3.964,3.964,3.964,3.964,0.0,3.964,0
2022-05-09,3.887,3.887,3.887,3.887,0.0,3.887,0
2022-05-10,3.935,3.935,3.935,3.935,0.0,3.935,0
2022-05-11,3.994,3.994,3.994,3.994,0.0,3.994,0
2022-05-12,4.004,4.004,4.004,4.004,0.0,4.004,0
2022-05-13,4.048,4.048,4.048,4.048,0.0,4.048,0
2022-05-16,4.078,4.078,4.078,4.078,0.0,4.078,0
2022-05-17,4.065,4.065,4.065,4.065,0.0,4.065,0
2022-05-18,4.107,4.107,4.107,4.107,0.0,4.107,0
2022-05-19,4.046,4.046,4.046,4.046,0.0,4.046,0
2022-05-20,4.055,4.055,4.055,4.055,0.0,4.055,0
2022-05-23,4.096,4.096,4.096,4.096,0.0,4.096,0
2022-05-24,4.075,4.075,4.075,4.075,0.0,4.075,0
2022-05-25,4.106,4.106,4.106,4.106,0.0,4.106,0
2022-05-26,4.135,4.135,4.135,4.135,0.0,4.135,0
2022-05-27,4.159,4.159,4.159,4.159,0.0,4.159,0
2022-05-31,4.09,4.09,4.09,4.09,0.0,4.09,0
2022-06-01,4.254,4.254,4.254,4.254,0.0,4.254,0
2022-06-02,4.239,4.239,4.239,4.239,0.0,4.239,0
2022-06-03,4.286,4.286,4.286,4.286,0.0,4.286,0
2022-06-06,4.385,4.385,4.385,4.385,0.0,4.385,0
2022-06-07,4.39,4.39,4.39,4.39,0.0,4.39,0
2022-06-08,4.445,4.445,4.445,4.445,0.0,4.445,0
2022-06-09,4.531,4.531,4.531,4.531,0.0,4.531,0
2022-06-10,4.575,4.575,4.575,4.575,0.0,4.575,0
2022-06-13,4.518,4.518,4.518,4.518,0.0,4.518,0
2022-06-14,4.44,4.44,4.44,4.44,0.0,4.44,0
2022-06-15,4.501,4.501,4.501,4.501,0.0,4.501,0
2022-06-16,4.515,4.515,4.515,4.515,0.0,4.515,0
2022-06-17,4.396,4.396,4.396,4.396,0.0,4.396,0
2022-06-21,4.383,4.383,4.383,4.383,0.0,4.383,0
2022-06-22,4.438,4.438,4.438,4.438,0.0,4.438,0
2022-06-23,4.432,4.432,4.432,4.432,0.0,4.432,0
2022-06-24,4.208,4.208,4.208,4.208,0.0,4.208,0
2022-06-27,4.25,4.25,4.25,4.25,0.0,4.25,0
2022-06-28,4.22,4.22,4.22,4.22,0.0,4.22,0
2022-06-29,4.17,4.17,4.17,4.17,0.0,4.17,0
2022-06-30,3.915,3.915,3.915,3.915,0.0,3.915,0
2022-07-01,4.003,4.003,4.003,4.003,0.0,4.003,0
2022-07-04,4.003,4.003,4.003,4.003,0.0,4.003,0
2022-07-05,3.853,3.853,3.853,3.853,0.0,3.853,0
2022-07-06,3.945,3.945,3.945,3.945,0.0,3.945,0
2022-07-07,4.039,4.039,4.039,4.039,0.0,4.039,0
2022-07-08,4.038,4.038,4.038,4.038,0.0,4.038,0
2022-07-11,4.072,4.072,4.072,4.072,0.0,4.072,0
2022-07-12,3.974,3.974,3.974,3.974,0.0,3.974,0
2022-07-13,4.036,4.036,4.036,4.036,0.0,4.036,0
2022-07-14,3.958,3.958,3.958,3.958,0.0,3.958,0
2022-07-15,4.032,4.032,4.032,4.032,0.0,4.032,0
2022-07-18,3.98,3.98,3.98,3.98,0.0,3.98,0
2022-07-19,4.007,4.007,4.007,4.007,0.0,4.007,0
2022-07-20,4.15,4.15,4.15,4.15,0.0,4.15,0
2022-07-21,4.055,4.055,4.055,4.055,0.0,4.055,0
2022-07-22,4.059,4.059,4.059,4.059,0.0,4.059,0
2022-07-25,4.115,4.115,4.115,4.115,0.0,4.115,0
2022-07-26,4.142,4.142,4.142,4.142,0.0,4.142,0
2022-07-27,4.14,4.14,4.14,4.14,0.0,4.14,0
2022-07-28,4.116,4.116,4.116,4.116,0.0,4.116,0
2022-07-29,4.141,4.141,4.141,4.141,0.0,4.141,0
2022-08-01,4.124,4.124,4.124,4.124,0.0,4.124,0
2022-08-02,4.126,4.126,4.126,4.126,0.0,4.126,0
2022-08-03,4.158,4.158,4.158,4.158,0.0,4.158,0
2022-08-04,4.139,4.139,4.139,4.139,0.0,4.139,0
2022-08-05,4.143,4.143,4.143,4.143,0.0,4.143,0
2022-08-08,4.105,4.105,4.105,4.105,0.0,4.105,0
2022-08-09,4.142,4.142,4.142,4.142,0.0,4.142,0
2022-08-10,4.172,4.172,4.172,4.172,0.0,4.172,0
2022-08-11,4.269,4.269,4.269,4.269,0.0,4.269,0
2022-08-12,4.257,4.257,4.257,4.257,0.0,4.257,0
2022-08-15,4.35,4.35,4.35,4.35,0.0,4.35,0
2022-08-16,4.389,4.389,4.389,4.389,0.0,4.389,0
2022-08-17,4.372,4.372,4.372,4.372,0.0,4.372,0
2022-08-18,4.378,4.378,4.378,4.378,0.0,4.378,0
2022-08-19,4.394,4.394,4.394,4.394,0.0,4.394,0
2022-08-22,4.453,4.453,4.453,4.453,0.0,4.453,0
2022-08-23,4.46,4.46,4.46,4.46,0.0,4.46,0
2022-08-24,4.49,4.49,4.49,4.49,0.0,4.49,0
2022-08-25,4.552,4.552,4.552,4.552,0.0,4.552,0
2022-08-26,4.584,4.584,4.584,4.584,0.0,4.584,0
2022-08-29,4.617,4.617,4.617,4.617,0.0,4.617,0
2022-08-30,4.624,4.624,4.624,4.624,0.0,4.624,0
2022-08-31,4.657,4.657,4.657,4.657,0.0,4.657,0
2022-09-01,4.725,4.725,4.725,4.725,0.0,4.725,0
2022-09-02,4.811,4.811,4.811,4.811,0.0,4.811,0
2022-09-05,4.811,4.811,4.811,4.811,0.0,4.811,0
2022-09-06,4.801,4.801,4.801,4.801,0.0,4.801,0
2022-09-07,4.742,4.742,4.742,4.742,0.0,4.742,0
2022-09-08,4.695,4.695,4.695,4.695,0.0,4.695,0
2022-09-09,4.746,4.746,4.746,4.746,0.0,4.746,0
2022-09-12,4.691,4.691,4.691,4.691,0.0,4.691,0
2022-09-13,4.72,4.72,4.72,4.72,0.0,4.72,0
2022-09-14,4.779,4.779,4.779,4.779,0.0,4.779,0
2022-09-15,4.733,4.733,4.733,4.733,0.0,4.733,0
2022-09-16,4.628,4.628,4.628,4.628,0.0,4.628,0
2022-09-19,4.584,4.584,4.584,4.584,0.0,4.584,0
2022-09-20,4.561,4.561,4.561,4.561,0.0,4.561,0
2022-09-21,4.426,4.426,4.426,4.426,0.0,4.426,0
2022-09-22,4.304,4.304,4.304,4.304,0.0,4.304,0
2022-09-23,4.31,4.31,4.31,4.31,0.0,4.31,0
2022-09-26,4.249,4.249,4.249,4.249,0.0,4.249,0
2022-09-27,4.186,4.186,4.186,4.186,0.0,4.186,0
2022-09-28,4.122,4.122,4.122,4.122,0.0,4.122,0
2022-09-29,4.107,4.107,4.107,4.107,0.0,4.107,0
2022-09-30,4.113,4.113,4.113,4.113,0.0,4.113,0
2022-10-03,4.056,4.056,4.056,4.056,0.0,4.056,0
2022-10-04,4.106,4.106,4.106,4.106,0.0,4.106,0
2022-10-05,4.103,4.103,4.103,4.103,0.0,4.103,0
2022-10-06,4.13,4.13,4.13,4.13,0.0,4.13,0
2022-10-07,4.13,4.13,4.13,4.13,0.0,4.13,0
2022-10-10,4.152,4.152,4.152,4.152,0.0,4.152,0
2022-10-11,4.19,4.19,4.19,4.19,0.0,4.19,0
2022-10-12,4.18,4.18,4.169,4.169,50.0,4.18,1
2022-10-13,4.162,4.162,4.162,4.162,0.0,4.162,0
2022-10-14,4.185,4.185,4.185,4.185,0.0,4.185,0
2022-10-17,4.158,4.158,4.158,4.158,0.0,4.158,0
2022-10-18,4.123,4.123,4.123,4.123,0.0,4.123,0
2022-10-19,4.098,4.098,4.098,4.098,0.0,4.098,0
2022-10-20,4.112,4.112,4.112,4.112,0.0,4.112,0
2022-10-21,4.092,4.092,4.092,4.092,0.0,4.092,0
2022-10-24,4.133,4.133,4.133,4.133,0.0,4.133,0
2022-10-25,4.138,4.138,4.138,4.138,0.0,4.138,0
2022-10-26,4.116,4.116,4.116,4.116,0.0,4.116,0
2022-10-27,4.109,4.109,4.109,4.109,0.0,4.109,0
2022-10-28,4.12,4.12,4.12,4.12,0.0,4.12,0
2022-10-31,4.114,4.114,4.114,4.114,0.0,4.114,0
2022-11-01,4.079,4.079,4.079,4.079,0.0,4.079,0
2022-11-02,4.118,4.118,4.118,4.118,0.0,4.118,0
2022-11-03,4.183,4.183,4.183,4.183,0.0,4.183,0
2022-11-04,4.286,4.286,4.286,4.286,0.0,4.286,0
2022-11-07,4.306,4.306,4.306,4.306,0.0,4.306,0
2022-11-08,4.266,4.266,4.266,4.266,0.0,4.266,0
2022-11-09,4.28,4.28,4.28,4.28,0.0,4.28,0
2022-11-10,4.28,4.28,4.28,4.28,0.0,4.28,0
2022-11-11,4.264,4.264,4.264,4.264,0.0,4.264,0
2022-11-14,4.233,4.233,4.233,4.233,0.0,4.233,0
2022-11-15,4.268,4.268,4.268,4.268,0.0,4.268,0
2022-11-16,4.283,4.283,4.283,4.283,0.0,4.283,0
2022-11-17,4.274,4.274,4.274,4.274,0.0,4.274,0
2022-11-18,4.265,4.265,4.265,4.265,0.0,4.265,0
2022-11-21,4.22,4.22,4.22,4.22,0.0,4.22,0
2022-11-22,4.204,4.204,4.204,4.204,0.0,4.204,0
2022-11-23,4.213,4.213,4.213,4.213,0.0,4.213,0
2022-11-24,4.213,4.213,4.213,4.213,0.0,4.213,0
2022-11-25,4.207,4.207,4.207,4.207,0.0,4.207,0
2022-11-28,4.208,4.208,4.208,4.208,0.0,4.208,0
2022-11-29,4.24,4.24,4.24,4.24,0.0,4.24,0
2022-11-30,4.206,4.206,4.206,4.206,0.0,4.206,0
2022-12-01,4.186,4.186,4.186,4.186,0.0,4.186,0
2022-12-02,4.182,4.182,4.182,4.182,0.0,4.182,0
2022-12-05,4.19,4.19,4.19,4.19,0.0,4.19,0
2022-12-06,4.203,4.203,4.203,4.203,0.0,4.203,0
2022-12-07,4.208,4.208,4.208,4.208,0.0,4.208,0
2022-12-08,4.25,4.25,4.25,4.25,0.0,4.25,0
2022-12-09,4.254,4.254,4.254,4.254,0.0,4.254,0
2022-12-12,4.309,4.309,4.309,4.309,0.0,4.309,0
2022-12-13,4.297,4.297,4.297,4.297,0.0,4.297,0
2022-12-14,4.295,4.295,4.295,4.295,0.0,4.295,0
2022-12-15,4.324,4.324,4.324,4.324,0.0,4.324,0
2022-12-16,4.385,4.385,4.385,4.385,0.0,4.385,0
2022-12-19,4.409,4.409,4.409,4.409,0.0,4.409,0
2022-12-20,4.404,4.404,4.404,4.404,0.0,4.404,0
2022-12-21,4.316,4.316,4.316,4.316,0.0,4.316,0
2022-12-22,4.233,4.233,4.233,4.233,0.0,4.233,0
2022-12-23,4.231,4.231,4.231,4.231,0.0,4.231,0
2022-12-27,4.317,4.317,4.317,4.317,0.0,4.317,0
2022-12-28,4.239,4.239,4.239,4.239,0.0,4.239,0
2022-12-29,4.23,4.23,4.23,4.23,0.0,4.23,0
2022-12-30,4.239,4.239,4.239,4.239,0.0,4.239,0
2023-01-03,4.185,4.185,4.185,4.185,0.0,4.185,0
2023-01-04,4.188,4.188,4.188,4.188,0.0,4.188,0
2023-01-05,4.08,4.08,4.08,4.08,0.0,4.08,0
2023-01-06,4.024,4.024,4.024,4.024,0.0,4.024,0
2023-01-09,4.032,4.032,4.032,4.032,0.0,4.032,0
2023-01-10,4.056,4.056,4.056,4.056,0.0,4.056,0
2023-01-11,4.022,4.022,4.022,4.022,0.0,4.022,0
2023-01-12,4.021,4.021,4.021,4.021,0.0,4.021,0
2023-01-13,4.03,4.03,4.03,4.03,0.0,4.03,0
2023-01-16,4.03,4.03,4.03,4.03,0.0,4.03,0
2023-01-17,4.046,4.046,4.046,4.046,0.0,4.046,0
2023-01-18,4.044,4.044,4.044,4.044,0.0,4.044,0
2023-01-19,4.084,4.084,4.084,4.084,0.0,4.084,0
2023-01-20,4.098,4.098,4.098,4.098,0.0,4.098,0
2023-01-23,4.098,4.098,4.098,4.098,0.0,4.098,0
2023-01-24,4.067,4.067,4.067,4.067,0.0,4.067,0
2023-01-25,4.01,4.01,4.01,4.01,0.0,4.01,0
2023-01-26,4.017,4.017,4.017,4.017,0.0,4.017,0
2023-01-27,4.008,4.008,4.008,4.008,0.0,4.008,0
2023-01-30,3.929,3.929,3.929,3.929,0.0,3.929,0
2023-01-31,3.94,3.94,3.94,3.94,0.0,3.94,0
2023-02-01,3.81,3.81,3.81,3.81,0.0,3.81,0
2023-02-02,3.79,3.79,3.79,3.79,0.0,3.79,0
2023-02-03,3.693,3.693,3.693,3.693,0.0,3.693,0
2023-02-10,3.693,3.693,3.693,3.693,0.0,3.693,0
2023-02-13,3.636,3.636,3.636,3.636,0.0,3.636,0
2023-02-14,3.637,3.637,3.637,3.637,0.0,3.637,0
2023-02-15,3.632,3.632,3.632,3.632,0.0,3.632,0
2023-02-16,3.632,3.632,3.632,3.632,0.0,3.632,0
2023-02-17,3.618,3.618,3.618,3.618,0.0,3.618,0
2023-02-20,3.618,3.618,3.618,3.618,0.0,3.618,0
2023-02-21,3.618,3.618,3.618,3.618,0.0,3.618,0
2023-02-22,3.641,3.641,3.641,3.641,0.0,3.641,0
2023-02-23,3.675,3.675,3.675,3.675,0.0,3.675,0
2023-02-24,3.739,3.739,3.739,3.739,0.0,3.739,0
2023-02-27,3.781,3.781,3.781,3.781,0.0,3.781,0
2023-02-28,3.829,3.829,3.829,3.829,0.0,3.829,0
2023-03-01,3.91,3.91,3.91,3.91,0.0,3.91,0
2023-03-02,3.918,3.918,3.918,3.918,0.0,3.918,0
2023-03-03,3.958,3.958,3.958,3.958,0.0,3.958,0
2023-03-06,3.992,3.992,3.992,3.992,0.0,3.992,0
2023-03-07,4.038,4.038,4.038,4.038,0.0,4.038,0
2023-03-08,3.999,3.999,3.999,3.999,0.0,3.999,0
2023-03-09,3.843,3.843,3.843,3.843,0.0,3.843,0
2023-03-10,3.961,3.961,3.961,3.961,0.0,3.961,0
2023-03-13,3.972,3.972,3.972,3.972,0.0,3.972,0
2023-03-14,4.043,4.043,4.043,4.043,0.0,4.043,0
2023-03-15,4.024,4.024,4.024,4.024,0.0,4.024,0
2023-03-16,4.066,4.066,4.066,4.066,0.0,4.066,0
2023-03-17,4.059,4.059,4.059,4.059,0.0,4.059,0
2023-03-20,4.018,4.018,4.018,4.018,0.0,4.018,0
2023-03-21,4.067,4.067,4.067,4.067,0.0,4.067,0
2023-03-22,4.021,4.021,4.021,4.021,0.0,4.021,0
2023-03-23,4.042,4.042,4.042,4.042,0.0,4.042,0
2023-03-24,4.006,4.006,4.006,4.006,0.0,4.006,0
2023-03-27,3.985,3.985,3.985,3.985,0.0,3.985,0
2023-03-28,3.943,3.943,3.943,3.943,0.0,3.943,0
2023-03-29,3.96,3.96,3.936,3.936,30.0,3.96,1
2023-03-30,3.944,3.944,3.944,3.944,0.0,3.944,0
2023-03-31,3.937,3.937,3.937,3.937,0.0,3.937,0
2023-04-03,3.945,3.945,3.945,3.945,0.0,3.945,0
2023-04-04,3.957,3.957,3.957,3.957,0.0,3.957,0
2023-04-05,3.93,3.93,3.93,3.93,0.0,3.93,0
2023-04-06,3.886,3.886,3.886,3.886,0.0,3.886,0
2023-04-10,3.948,3.948,3.948,3.948,0.0,3.948,0
2023-04-11,3.958,3.958,3.958,3.958,0.0,3.958,0
2023-04-12,3.884,3.884,3.884,3.884,0.0,3.884,0
2023-04-13,3.852,3.852,3.852,3.852,0.0,3.852,0
2023-04-14,3.872,3.872,3.872,3.872,0.0,3.872,0
2023-04-17,3.938,3.938,3.938,3.938,0.0,3.938,0
2023-04-18,3.936,3.936,3.936,3.936,0.0,3.936,0
2023-04-19,3.958,3.958,3.958,3.958,0.0,3.958,0
2023-04-20,3.99,3.99,3.99,3.99,0.0,3.99,0
2023-04-21,3.997,3.997,3.997,3.997,0.0,3.997,0
2023-04-24,4.008,4.008,4.008,4.008,0.0,4.008,0
2023-04-25,4.006,4.006,4.006,4.006,0.0,4.006,0
2023-04-26,3.999,3.999,3.999,3.999,0.0,3.999,0
2023-04-27,4.003,4.003,4.003,4.003,0.0,4.003,0
2023-04-28,4.022,4.022,4.022,4.022,0.0,4.022,0
2023-05-01,3.979,3.979,3.979,3.979,0.0,3.979,0
2023-05-02,3.975,3.975,3.975,3.975,0.0,3.975,0
2023-05-03,3.973,3.973,3.973,3.973,0.0,3.973,0
2023-05-04,3.98,3.98,3.98,3.98,0.0,3.98,0
2023-05-05,3.977,3.977,3.977,3.977,0.0,3.977,0
2023-05-08,3.977,3.977,3.945,3.945,4.0,3.977,1
2023-05-09,3.928,3.928,3.928,3.928,0.0,3.928,0
2023-05-10,3.944,3.944,3.944,3.944,0.0,3.944,0
2023-05-11,3.934,3.934,3.934,3.934,0.0,3.934,0
2023-05-12,3.924,3.924,3.924,3.924,0.0,3.924,0
2023-05-15,3.928,3.928,3.928,3.928,0.0,3.928,0
2023-05-16,3.914,3.914,3.914,3.914,0.0,3.914,0
2023-05-17,3.838,3.838,3.838,3.838,0.0,3.838,0
2023-05-18,3.818,3.818,3.818,3.818,0.0,3.818,0
2023-05-19,3.77,3.77,3.77,3.77,0.0,3.77,0
2023-05-22,3.76,3.76,3.76,3.76,0.0,3.76,0
2023-05-23,3.748,3.748,3.748,3.748,0.0,3.748,0
2023-05-24,3.803,3.803,3.803,3.803,0.0,3.803,0
2023-05-25,3.772,3.772,3.772,3.772,0.0,3.772,0
2023-05-26,3.8,3.8,3.8,3.8,0.0,3.8,0
2023-05-29,3.8,3.8,3.8,3.8,0.0,3.8,0
2023-05-30,3.76,3.76,3.76,3.76,0.0,3.76,0
2023-05-31,3.725,3.725,3.725,3.725,0.0,3.725,0
2023-06-01,3.583,3.583,3.583,3.583,0.0,3.583,0
2023-06-02,3.623,3.623,3.623,3.623,0.0,3.623,0
2023-06-05,3.693,3.693,3.693,3.693,0.0,3.693,0
2023-06-06,3.69,3.69,3.69,3.69,0.0,3.69,0
2023-06-07,3.664,3.664,3.664,3.664,0.0,3.664,0
2023-06-08,3.635,3.635,3.635,3.635,0.0,3.635,0
2023-06-09,3.64,3.64,3.64,3.64,0.0,3.64,0
2023-06-12,3.637,3.637,3.637,3.637,0.0,3.637,0
2023-06-13,3.612,3.612,3.612,3.612,0.0,3.612,0
2023-06-14,3.625,3.625,3.625,3.625,0.0,3.625,0
2023-06-15,3.608,3.608,3.608,3.608,0.0,3.608,0
2023-06-16,3.598,3.598,3.598,3.598,0.0,3.598,0
2023-06-19,3.598,3.598,3.598,3.598,0.0,3.598,0
2023-06-20,3.645,3.645,3.645,3.645,0.0,3.645,0
2023-06-21,3.711,3.711,3.711,3.711,0.0,3.711,0
2023-06-22,3.729,3.729,3.729,3.729,0.0,3.729,0
2023-06-23,3.682,3.682,3.682,3.682,0.0,3.682,0
2023-06-26,3.672,3.672,3.672,3.672,0.0,3.672,0
2023-06-27,3.631,3.631,3.631,3.631,0.0,3.631,0
2023-06-28,3.558,3.558,3.558,3.558,0.0,3.558,0
2023-06-29,3.517,3.517,3.517,3.517,0.0,3.517,0
2023-06-30,3.532,3.532,3.532,3.532,0.0,3.532,0
2023-07-03,3.533,3.533,3.533,3.533,0.0,3.533,0
2023-07-04,3.533,3.533,3.533,3.533,0.0,3.533,0
2023-07-05,3.523,3.523,3.523,3.523,0.0,3.523,0
2023-07-06,3.525,3.525,3.525,3.525,0.0,3.525,0
2023-07-07,3.571,3.571,3.571,3.571,0.0,3.571,0
2023-07-10,3.575,3.575,3.575,3.575,0.0,3.575,0
2023-07-11,3.611,3.611,3.611,3.611,0.0,3.611,0
2023-07-12,3.601,3.601,3.601,3.601,0.0,3.601,0
2023-07-13,3.546,3.546,3.546,3.546,0.0,3.546,0
2023-07-14,3.591,3.591,3.591,3.591,0.0,3.591,0
2023-07-17,3.582,3.582,3.582,3.582,0.0,3.582,0
2023-07-18,3.635,3.635,3.635,3.635,0.0,3.635,0
2023-07-19,3.625,3.625,3.625,3.625,0.0,3.625,0
2023-07-20,3.637,3.637,3.637,3.637,0.0,3.637,0
2023-07-21,3.655,3.655,3.655,3.655,0.0,3.655,0
2023-07-24,3.696,3.696,3.696,3.696,0.0,3.696,0
2023-07-25,3.71,3.71,3.71,3.71,0.0,3.71,0
2023-07-26,3.733,3.733,3.733,3.733,0.0,3.733,0
2023-07-27,3.724,3.724,3.724,3.724,0.0,3.724,0
2023-07-28,3.733,3.733,3.733,3.733,0.0,3.733,0
2023-07-31,3.679,3.679,3.679,3.679,0.0,3.679,0
2023-08-01,3.634,3.634,3.634,3.634,0.0,3.634,0
2023-08-02,3.631,3.631,3.631,3.631,0.0,3.631,0
2023-08-03,3.611,3.611,3.611,3.611,0.0,3.611,0
2023-08-04,3.619,3.619,3.619,3.619,0.0,3.619,0
2023-08-07,3.68,3.68,3.68,3.68,0.0,3.68,0
2023-08-08,3.681,3.681,3.681,3.681,0.0,3.681,0
2023-08-09,3.643,3.643,3.643,3.643,0.0,3.643,0
2023-08-10,3.628,3.628,3.628,3.628,0.0,3.628,0
2023-08-11,3.656,3.656,3.656,3.656,0.0,3.656,0
2023-08-14,3.621,3.621,3.621,3.621,0.0,3.621,0
2023-08-15,3.666,3.666,3.666,3.666,0.0,3.666,0
2023-08-16,3.677,3.677,3.677,3.677,0.0,3.677,0
2023-08-17,3.638,3.638,3.638,3.638,0.0,3.638,0
2023-08-18,3.635,3.635,3.635,3.635,0.0,3.635,0
2023-08-21,3.677,3.677,3.677,3.677,0.0,3.677,0
2023-08-22,3.665,3.665,3.665,3.665,0.0,3.665,0
2023-08-23,3.722,3.722,3.722,3.722,0.0,3.722,0
2023-08-24,3.651,3.651,3.651,3.651,0.0,3.651,0
2023-08-25,3.626,3.626,3.626,3.626,0.0,3.626,0
2023-08-28,3.615,3.615,3.615,3.615,0.0,3.615,0
2023-08-29,3.588,3.588,3.588,3.588,0.0,3.588,0
2023-08-30,3.643,3.643,3.643,3.643,0.0,3.643,0
2023-08-31,3.659,3.659,3.659,3.659,0.0,3.659,0
2023-09-01,3.638,3.638,3.638,3.638,0.0,3.638,0
2023-09-04,3.638,3.638,3.638,3.638,0.0,3.638,0
2023-09-05,3.599,3.599,3.599,3.599,0.0,3.599,0
2023-09-06,3.611,3.611,3.611,3.611,0.0,3.611,0
2023-09-07,3.594,3.594,3.594,3.594,0.0,3.594,0
2023-09-08,3.6,3.6,3.6,3.6,0.0,3.6,0
2023-09-11,3.544,3.544,3.544,3.544,0.0,3.544,0
2023-09-12,3.602,3.602,3.602,3.602,0.0,3.602,0
2023-09-13,3.649,3.649,3.649,3.649,0.0,3.649,0
2023-09-14,3.603,3.603,3.603,3.603,0.0,3.603,0
2023-09-15,3.58,3.58,3.58,3.58,0.0,3.58,0
2023-09-18,3.622,3.622,3.622,3.622,0.0,3.622,0
2023-09-19,3.587,3.587,3.587,3.587,0.0,3.587,0
2023-09-20,3.609,3.609,3.609,3.609,0.0,3.609,0
2023-09-21,3.657,3.657,3.657,3.657,0.0,3.657,0
2023-09-22,3.682,3.682,3.682,3.682,0.0,3.682,0
2023-09-25,3.705,3.705,3.705,3.705,0.0,3.705,0
2023-09-26,3.705,3.711,3.705,3.711,1.0,3.705,1
2023-09-27,3.673,3.673,3.673,3.673,0.0,3.673,0
2023-09-28,3.691,3.691,3.691,3.691,0.0,3.691,0
2023-09-29,3.661,3.661,3.661,3.661,0.0,3.661,0
2023-10-02,3.676,3.676,3.676,3.676,0.0,3.676,0
2023-10-03,3.742,3.742,3.742,3.742,0.0,3.742,0
2023-10-04,3.68,3.68,3.68,3.68,0.0,3.68,0
2023-10-05,3.674,3.674,3.674,3.674,0.0,3.674,0
2023-10-06,3.689,3.689,3.689,3.689,0.0,3.689,0
2023-10-09,3.675,3.675,3.675,3.675,0.0,3.675,0
2023-10-10,3.685,3.685,3.685,3.685,0.0,3.685,0
2023-10-11,3.707,3.707,3.707,3.707,0.0,3.707,0
2023-10-12,3.735,3.735,3.735,3.735,0.0,3.735,0
2023-10-13,3.747,3.747,3.747,3.747,0.0,3.747,0
2023-10-16,3.732,3.732,3.732,3.732,0.0,3.732,0
2023-10-17,3.734,3.734,3.734,3.734,0.0,3.734,0
2023-10-18,3.721,3.721,3.721,3.721,0.0,3.721,0
2023-10-19,3.759,3.759,3.759,3.759,0.0,3.759,0
2023-10-20,3.765,3.765,3.765,3.765,0.0,3.765,0
2023-10-23,3.769,3.769,3.769,3.769,0.0,3.769,0
2023-10-24,3.754,3.754,3.754,3.754,0.0,3.754,0
2023-10-25,3.762,3.762,3.762,3.762,0.0,3.762,0
2023-10-26,3.747,3.747,3.747,3.747,0.0,3.747,0
2023-10-27,3.704,3.704,3.704,3.704,0.0,3.704,0
2023-10-30,3.706,3.706,3.706,3.706,0.0,3.706,0
2023-10-31,3.712,3.712,3.712,3.712,0.0,3.712,0
2023-11-01,3.795,3.795,3.795,3.795,0.0,3.795,0
2023-11-02,3.886,3.886,3.886,3.886,0.0,3.886,0
2023-11-03,3.814,3.814,3.814,3.814,0.0,3.814,0
2023-11-06,3.839,3.839,3.839,3.839,0.0,3.839,0
2023-11-07,3.856,3.856,3.856,3.856,0.0,3.856,0
2023-11-08,3.773,3.773,3.773,3.773,0.0,3.773,0
2023-11-09,3.79,3.79,3.79,3.79,0.0,3.79,0
2023-11-10,3.755,3.755,3.755,3.755,0.0,3.755,0
2023-11-13,3.803,3.803,3.803,3.803,0.0,3.803,0
2023-11-14,3.799,3.799,3.799,3.799,0.0,3.799,0
2023-11-15,3.82,3.82,3.82,3.82,0.0,3.82,0
2023-11-16,3.801,3.801,3.801,3.801,0.0,3.801,0
2023-11-17,3.816,3.816,3.816,3.816,0.0,3.816,0
2023-11-20,3.795,3.795,3.795,3.795,0.0,3.795,0
2023-11-21,3.757,3.757,3.757,3.757,0.0,3.757,0
2023-11-22,3.755,3.755,3.755,3.755,0.0,3.755,0
2023-11-23,3.755,3.755,3.755,3.755,0.0,3.755,0
2023-11-24,3.798,3.798,3.798,3.798,0.0,3.798,0
2023-11-27,3.794,3.794,3.794,3.794,0.0,3.794,0
2023-11-28,3.709,3.709,3.709,3.709,0.0,3.709,0
2023-11-29,3.658,3.658,3.658,3.658,0.0,3.658,0
2023-11-30,3.675,3.675,3.675,3.675,0.0,3.675,0
2023-12-01,3.685,3.685,3.685,3.685,0.0,3.685,0
2023-12-04,3.629,3.629,3.629,3.629,0.0,3.629,0
2023-12-05,3.598,3.598,3.598,3.598,0.0,3.598,0
2023-12-06,3.474,3.474,3.474,3.474,0.0,3.474,0
2023-12-07,3.474,3.474,3.462,3.462,1.0,3.474,1
2023-12-08,3.414,3.414,3.414,3.414,0.0,3.414,0
2023-12-11,3.393,3.393,3.393,3.393,0.0,3.393,0
2023-12-12,3.415,3.415,3.415,3.415,0.0,3.415,0
2023-12-13,3.468,3.468,3.468,3.468,0.0,3.468,0
2023-12-14,3.549,3.549,3.549,3.549,0.0,3.549,0
2023-12-15,3.614,3.614,3.614,3.614,0.0,3.614,0
2023-12-18,3.637,3.637,3.637,3.637,0.0,3.637,0
2023-12-19,3.613,3.613,3.613,3.613,0.0,3.613,0
2023-12-20,3.671,3.671,3.671,3.671,0.0,3.671,0
2023-12-21,3.623,3.623,3.623,3.623,0.0,3.623,0
2023-12-22,3.516,3.516,3.516,3.516,0.0,3.516,0
2023-12-26,3.469,3.469,3.469,3.469,0.0,3.469,0
2023-12-27,3.507,3.507,3.507,3.507,0.0,3.507,0
2023-12-28,3.509,3.509,3.509,3.509,0.0,3.509,0
2023-12-29,3.594,3.594,3.594,3.594,0.0,3.594,0
2024-01-02,3.591,3.591,3.591,3.591,0.0,3.591,0
2024-01-03,3.625,3.625,3.625,3.625,0.0,3.625,0
2024-01-04,3.613,3.613,3.613,3.613,0.0,3.613,0
2024-01-05,3.661,3.661,3.661,3.661,0.0,3.661,0
2024-01-08,3.671,3.671,3.671,3.671,0.0,3.671,0
2024-01-09,3.726,3.726,3.726,3.726,0.0,3.726,0
2024-01-10,3.676,3.676,3.676,3.676,0.0,3.676,0
2024-01-11,3.662,3.662,3.662,3.662,0.0,3.662,0
2024-01-12,3.625,3.625,3.625,3.625,0.0,3.625,0
2024-01-15,3.625,3.625,3.625,3.625,0.0,3.625,0
2024-01-16,3.597,3.597,3.597,3.597,0.0,3.597,0
2024-01-17,3.624,3.624,3.624,3.624,0.0,3.624,0
2024-01-18,3.611,3.611,3.611,3.611,0.0,3.611,0
2024-01-19,3.549,3.549,3.549,3.549,0.0,3.549,0
2024-01-22,3.569,3.569,3.569,3.569,0.0,3.569,0
2024-01-23,3.643,3.643,3.643,3.643,0.0,3.643,0
2024-01-24,3.623,3.623,3.623,3.623,0.0,3.623,0
2024-01-25,3.513,3.513,3.513,3.513,0.0,3.513,0
2024-01-26,3.519,3.519,3.519,3.519,0.0,3.519,0
2024-01-29,3.507,3.507,3.507,3.507,0.0,3.507,0
2024-01-30,3.508,3.508,3.508,3.508,0.0,3.508,0
2024-01-31,3.506,3.506,3.506,3.506,0.0,3.506,0
2024-02-01,3.499,3.499,3.499,3.499,0.0,3.499,0
2024-02-02,3.525,3.525,3.525,3.525,0.0,3.525,0
2024-02-05,3.532,3.532,3.532,3.532,0.0,3.532,0
2024-02-06,3.514,3.514,3.514,3.514,0.0,3.514,0
2024-02-07,3.532,3.532,3.512,3.512,3.0,3.532,1
2024-02-08,3.51,3.51,3.51,3.51,0.0,3.51,0
2024-02-09,3.508,3.508,3.508,3.508,0.0,3.508,0
2024-02-12,3.496,3.496,3.496,3.496,0.0,3.496,0
2024-02-13,3.53,3.53,3.53,3.53,0.0,3.53,0
2024-02-14,3.494,3.494,3.494,3.494,0.0,3.494,0
2024-02-15,3.502,3.502,3.502,3.502,0.0,3.502,0
2024-02-16,3.476,3.476,3.476,3.476,0.0,3.476,0
2024-02-19,3.476,3.476,3.476,3.476,0.0,3.476,0
2024-02-20,3.478,3.478,3.478,3.478,0.0,3.478,0
2024-02-21,3.515,3.515,3.515,3.515,0.0,3.515,0
2024-02-22,3.558,3.558,3.558,3.558,0.0,3.558,0
2024-02-23,3.509,3.509,3.509,3.509,0.0,3.509,0
2024-02-26,3.515,3.515,3.515,3.515,0.0,3.515,0
2024-02-27,3.519,3.519,3.519,3.519,0.0,3.519,0
2024-02-28,3.54,3.54,3.54,3.54,0.0,3.54,0
2024-02-29,3.55,3.55,3.55,3.55,0.0,3.55,0
2024-03-01,3.539,3.539,3.539,3.539,0.0,3.539,0
2024-03-04,3.552,3.552,3.552,3.552,0.0,3.552,0
2024-03-05,3.548,3.548,3.548,3.548,0.0,3.548,0
2024-03-06,3.551,3.551,3.551,3.551,0.0,3.551,0
2024-03-07,3.547,3.547,3.547,3.547,0.0,3.547,0
2024-03-08,3.547,3.547,3.547,3.547,0.0,3.547,0
2024-03-11,3.566,3.566,3.566,3.566,0.0,3.566,0
2024-03-12,3.578,3.578,3.578,3.578,0.0,3.578,0
2024-03-13,3.6,3.6,3.575,3.575,1.0,3.6,1
2024-03-14,3.586,3.586,3.586,3.586,0.0,3.586,0
2024-03-15,3.552,3.552,3.552,3.552,0.0,3.552,0
2024-03-18,3.597,3.597,3.597,3.597,0.0,3.597,0
2024-03-19,3.598,3.598,3.598,3.598,0.0,3.598,0
2024-03-20,3.575,3.575,3.575,3.575,0.0,3.575,0
2024-03-21,3.569,3.569,3.569,3.569,0.0,3.569,0
2024-03-22,3.575,3.575,3.575,3.575,0.0,3.575,0
2024-03-25,3.561,3.561,3.561,3.561,0.0,3.561,0
2024-03-26,3.596,3.596,3.596,3.596,0.0,3.596,0
2024-03-27,3.566,3.566,3.566,3.566,0.0,3.566,0
2024-03-28,3.58,3.613,3.58,3.613,1.0,3.58,1
2024-04-01,3.61,3.61,3.61,3.61,0.0,3.61,0
2024-04-02,3.642,3.642,3.642,3.642,0.0,3.642,0
2024-04-03,3.65,3.65,3.65,3.65,0.0,3.65,0
2024-04-04,3.629,3.629,3.629,3.629,0.0,3.629,0
2024-04-05,3.638,3.638,3.638,3.638,0.0,3.638,0
2024-04-08,3.643,3.643,3.643,3.643,0.0,3.643,0
2024-04-09,3.643,3.643,3.643,3.643,0.0,3.643,0
2024-04-10,3.69,3.69,3.69,3.69,0.0,3.69,0
2024-04-11,3.772,3.772,3.772,3.772,0.0,3.772,0
2024-04-12,3.825,3.825,3.825,3.825,0.0,3.825,0
2024-04-15,3.849,3.849,3.849,3.849,0.0,3.849,0
2024-04-16,3.856,3.856,3.856,3.856,0.0,3.856,0
2024-04-17,3.823,3.823,3.823,3.823,0.0,3.823,0
2024-04-18,3.828,3.828,3.828,3.828,0.0,3.828,0
2024-04-19,3.822,3.822,3.822,3.822,0.0,3.822,0
2024-04-22,3.83,3.83,3.83,3.83,0.0,3.83,0
2024-04-23,3.843,3.843,3.843,3.843,0.0,3.843,0
2024-04-24,3.832,3.832,3.832,3.832,0.0,3.832,0
2024-04-25,3.857,3.857,3.857,3.857,0.0,3.857,0
2024-04-26,3.841,3.841,3.841,3.841,0.0,3.841,0
2024-04-29,3.844,3.844,3.844,3.844,0.0,3.844,0
2024-04-30,3.851,3.851,3.851,3.851,0.0,3.851,0
2024-05-01,3.844,3.844,3.844,3.844,0.0,3.844,0
2024-05-02,3.844,3.844,3.844,3.844,0.0,3.844,0
2024-05-03,3.814,3.814,3.814,3.814,0.0,3.814,0
2024-05-06,3.827,3.827,3.827,3.827,0.0,3.827,0
2024-05-07,3.785,3.785,3.783,3.783,2.0,3.785,1
2024-05-08,3.702,3.702,3.702,3.702,0.0,3.702,0
2024-05-09,3.667,3.667,3.667,3.667,0.0,3.667,0
2024-05-10,3.704,3.704,3.704,3.704,0.0,3.704,0
2024-05-13,3.714,3.714,3.714,3.714,0.0,3.714,0
2024-05-14,3.721,3.721,3.721,3.721,0.0,3.721,0
2024-05-15,3.739,3.739,3.739,3.739,0.0,3.739,0
2024-05-16,3.777,3.777,3.777,3.777,0.0,3.777,0
2024-05-17,3.802,3.802,3.802,3.802,0.0,3.802,0
2024-05-20,3.805,3.805,3.805,3.805,0.0,3.805,0
2024-05-21,3.848,3.848,3.848,3.848,0.0,3.848,0
2024-05-22,3.834,3.834,3.834,3.834,0.0,3.834,0
2024-05-23,3.789,3.789,3.789,3.789,0.0,3.789,0
2024-05-24,3.775,3.775,3.775,3.775,0.0,3.775,0
2024-05-27,3.775,3.775,3.775,3.775,0.0,3.775,0
2024-05-28,3.789,3.789,3.789,3.789,0.0,3.789,0
2024-05-29,3.753,3.753,3.753,3.753,0.0,3.753,0
2024-05-30,3.725,3.725,3.725,3.725,0.0,3.725,0
2024-05-31,3.711,3.711,3.711,3.711,0.0,3.711,0
2024-06-03,3.724,3.724,3.724,3.724,0.0,3.724,0
2024-06-04,3.686,3.686,3.686,3.686,0.0,3.686,0
2024-06-05,3.686,3.687,3.686,3.687,1.0,3.686,1
2024-06-06,3.72,3.72,3.72,3.72,0.0,3.72,0
2024-06-07,3.719,3.719,3.719,3.719,0.0,3.719,0
2024-06-10,3.723,3.723,3.723,3.723,0.0,3.723,0
2024-06-11,3.751,3.751,3.751,3.751,0.0,3.751,0
2024-06-12,3.737,3.737,3.737,3.737,0.0,3.737,0
2024-06-13,3.702,3.702,3.702,3.702,0.0,3.702,0
2024-06-14,3.721,3.721,3.721,3.721,0.0,3.721,0
2024-06-17,3.717,3.717,3.717,3.717,0.0,3.717,0
2024-06-18,3.744,3.744,3.744,3.744,0.0,3.744,0
2024-06-19,3.744,3.744,3.744,3.744,0.0,3.744,0
2024-06-20,3.711,3.711,3.711,3.711,0.0,3.711,0
2024-06-21,3.682,3.687,3.682,3.687,1.0,3.682,1
2024-06-24,3.694,3.694,3.694,3.694,0.0,3.694,0
2024-06-25,3.684,3.684,3.684,3.684,0.0,3.684,0
2024-06-26,3.672,3.672,3.672,3.672,0.0,3.672,0
2024-06-27,3.624,3.624,3.624,3.624,0.0,3.624,0
2024-06-28,3.629,3.629,3.629,3.629,0.0,3.629,0
2024-07-01,3.617,3.617,3.617,3.617,0.0,3.617,0
2024-07-02,3.601,3.601,3.601,3.601,0.0,3.601,0
2024-07-03,3.59,3.59,3.59,3.59,0.0,3.59,0
2024-07-04,3.59,3.59,3.59,3.59,0.0,3.59,0
2024-07-05,3.57,3.57,3.57,3.57,0.0,3.57,0
2024-07-08,3.599,3.599,3.575,3.575,1.0,3.599,1
2024-07-09,3.571,3.571,3.571,3.571,0.0,3.571,0
2024-07-10,3.566,3.566,3.566,3.566,0.0,3.566,0
2024-07-11,3.544,3.544,3.544,3.544,0.0,3.544,0
2024-07-12,3.571,3.571,3.571,3.571,0.0,3.571,0
2024-07-15,3.56,3.56,3.56,3.56,0.0,3.56,0
2024-07-16,3.548,3.548,3.548,3.548,0.0,3.548,0
2024-07-17,3.489,3.489,3.489,3.489,0.0,3.489,0
2024-07-18,3.485,3.485,3.485,3.485,0.0,3.485,0
2024-07-19,3.534,3.534,3.534,3.534,0.0,3.534,0
2024-07-22,3.554,3.554,3.554,3.554,0.0,3.554,0
2024-07-23,3.562,3.562,3.562,3.562,0.0,3.562,0
2024-07-24,3.525,3.525,3.525,3.525,0.0,3.525,0
2024-07-25,3.488,3.488,3.488,3.488,0.0,3.488,0
2024-07-26,3.513,3.513,3.513,3.513,0.0,3.513,0
2024-07-29,3.484,3.484,3.484,3.484,0.0,3.484,0
2024-07-30,3.479,3.479,3.479,3.479,0.0,3.479,0
2024-07-31,3.452,3.452,3.452,3.452,0.0,3.452,0
2024-08-01,3.432,3.432,3.432,3.432,0.0,3.432,0
2024-08-02,3.43,3.43,3.422,3.422,2.0,3.43,1
2024-08-05,3.37,3.37,3.37,3.37,0.0,3.37,0
2024-08-06,3.35,3.351,3.35,3.351,5.0,3.35,1
2024-08-07,3.391,3.391,3.364,3.364,1.0,3.391,1
2024-08-08,3.398,3.398,3.398,3.398,0.0,3.398,0
2024-08-09,3.411,3.411,3.411,3.411,0.0,3.411,0
2024-08-12,3.416,3.416,3.416,3.416,0.0,3.416,0
2024-08-13,3.382,3.382,3.382,3.382,0.0,3.382,0
2024-08-14,3.402,3.402,3.402,3.402,0.0,3.402,0
2024-08-15,3.402,3.402,3.402,3.402,0.0,3.402,0
2024-08-16,3.404,3.404,3.404,3.404,0.0,3.404,0
2024-08-19,3.42,3.426,3.42,3.426,1.0,3.42,1
2024-08-20,3.442,3.442,3.442,3.442,0.0,3.442,0
2024-08-21,3.461,3.461,3.461,3.461,0.0,3.461,0
2024-08-22,3.469,3.469,3.469,3.469,0.0,3.469,0
2024-08-23,3.492,3.492,3.492,3.492,0.0,3.492,0
2024-08-26,3.51,3.51,3.51,3.51,0.0,3.51,0
2024-08-27,3.51,3.51,3.483,3.483,1.0,3.51,1
2024-08-28,3.468,3.468,3.468,3.468,0.0,3.468,0
2024-08-29,3.465,3.465,3.457,3.457,1.0,3.465,1
2024-08-30,3.449,3.449,3.449,3.449,0.0,3.449,0
2024-09-02,3.449,3.449,3.449,3.449,0.0,3.449,0
2024-09-03,3.453,3.453,3.453,3.453,0.0,3.453,0
2024-09-04,3.44,3.44,3.44,3.44,0.0,3.44,0
2024-09-05,3.426,3.426,3.426,3.426,0.0,3.426,0
2024-09-06,3.381,3.381,3.381,3.381,0.0,3.381,0
2024-09-09,3.384,3.384,3.384,3.384,0.0,3.384,0
2024-09-10,3.356,3.356,3.356,3.356,0.0,3.356,0
2024-09-11,3.346,3.346,3.346,3.346,0.0,3.346,0
2024-09-12,3.362,3.362,3.362,3.362,0.0,3.362,0
2024-09-13,3.358,3.358,3.358,3.358,0.0,3.358,0
2024-09-16,3.368,3.384,3.368,3.384,1.0,3.368,1
2024-09-17,3.385,3.385,3.385,3.385,0.0,3.385,0
2024-09-18,3.386,3.386,3.386,3.386,0.0,3.386,0
2024-09-19,3.393,3.393,3.393,3.393,0.0,3.393,0
2024-09-20,3.412,3.412,3.412,3.412,0.0,3.412,0
2024-09-23,3.434,3.434,3.396,3.396,1.0,3.434,1
2024-09-24,3.429,3.429,3.429,3.429,0.0,3.429,0
2024-09-25,3.455,3.455,3.455,3.455,0.0,3.455,0
2024-09-26,3.493,3.493,3.493,3.493,0.0,3.493,0
2024-09-27,3.495,3.495,3.495,3.495,0.0,3.495,0
2024-09-30,3.51,3.51,3.493,3.493,1.0,3.51,1
2024-10-01,3.474,3.474,3.474,3.474,0.0,3.474,0
2024-10-02,3.462,3.462,3.462,3.462,0.0,3.462,0
2024-10-03,3.484,3.484,3.484,3.484,0.0,3.484,0
2024-10-04,3.521,3.521,3.521,3.521,0.0,3.521,0
2024-10-07,3.548,3.548,3.548,3.548,0.0,3.548,0
2024-10-08,3.497,3.497,3.495,3.495,3.0,3.497,1
2024-10-09,3.48,3.48,3.448,3.448,1.0,3.48,1
2024-10-10,3.442,3.442,3.442,3.442,0.0,3.442,0
2024-10-11,3.426,3.426,3.426,3.426,0.0,3.426,0
2024-10-14,3.423,3.423,3.423,3.423,0.0,3.423,0
2024-10-15,3.477,3.477,3.477,3.477,0.0,3.477,0
2024-10-16,3.465,3.465,3.441,3.441,1.0,3.465,1
2024-10-17,3.453,3.453,3.453,3.453,0.0,3.453,0
2024-10-18,3.421,3.421,3.421,3.421,0.0,3.421,0
2024-10-21,3.447,3.447,3.447,3.447,0.0,3.447,0
2024-10-22,3.481,3.481,3.481,3.481,0.0,3.481,0
2024-10-23,3.48,3.523,3.48,3.523,3.0,3.48,1
2024-10-24,3.532,3.532,3.532,3.532,0.0,3.532,0
2024-10-25,3.536,3.536,3.536,3.536,0.0,3.536,0
2024-10-28,3.512,3.512,3.512,3.512,0.0,3.512,0
2024-10-29,3.522,3.522,3.522,3.522,0.0,3.522,0
2024-10-30,3.558,3.558,3.558,3.558,0.0,3.558,0
2024-10-31,3.496,3.496,3.496,3.496,0.0,3.496,0
2024-11-01,3.499,3.499,3.499,3.499,0.0,3.499,0
2024-11-04,3.478,3.478,3.478,3.478,0.0,3.478,0
2024-11-05,3.459,3.459,3.459,3.459,0.0,3.459,0
2024-11-06,3.499,3.507,3.499,3.507,1.0,3.499,1
2024-11-07,3.501,3.501,3.501,3.501,0.0,3.501,0
2024-11-08,3.455,3.455,3.455,3.455,0.0,3.455,0
2024-11-11,3.464,3.464,3.464,3.464,0.0,3.464,0
2024-11-12,3.484,3.484,3.484,3.484,0.0,3.484,0
2024-11-13,3.507,3.507,3.507,3.507,0.0,3.507,0
2024-11-14,3.476,3.476,3.476,3.476,0.0,3.476,0
2024-11-15,3.489,3.489,3.489,3.489,0.0,3.489,0
2024-11-18,3.499,3.499,3.499,3.499,0.0,3.499,0
2024-11-19,3.544,3.544,3.544,3.544,0.0,3.544,0
2024-11-20,3.572,3.572,3.572,3.572,0.0,3.572,0
2024-11-21,3.555,3.555,3.555,3.555,0.0,3.555,0
2024-11-22,3.541,3.541,3.541,3.541,0.0,3.541,0
2024-11-25,3.596,3.596,3.596,3.596,0.0,3.596,0
2024-11-26,3.587,3.587,3.587,3.587,0.0,3.587,0
2024-11-27,3.565,3.565,3.565,3.565,0.0,3.565,0
2024-11-28,3.565,3.565,3.565,3.565,0.0,3.565,0
2024-11-29,3.611,3.611,3.611,3.611,0.0,3.611,0
2024-12-02,3.56,3.56,3.56,3.56,0.0,3.56,0
2024-12-03,3.567,3.567,3.567,3.567,0.0,3.567,0
2024-12-04,3.601,3.601,3.601,3.601,0.0,3.601,0
2024-12-05,3.6,3.6,3.6,3.6,0.0,3.6,0
2024-12-06,3.62,3.62,3.62,3.62,0.0,3.62,0
2024-12-09,3.59,3.59,3.59,3.59,0.0,3.59,0
2024-12-10,3.602,3.602,3.602,3.602,0.0,3.602,0
2024-12-11,3.599,3.599,3.599,3.599,0.0,3.599,0
2024-12-12,3.58,3.58,3.58,3.58,0.0,3.58,0
2024-12-13,3.592,3.592,3.592,3.592,0.0,3.592,0
2024-12-16,3.601,3.601,3.601,3.601,0.0,3.601,0
2024-12-17,3.601,3.608,3.601,3.608,1.0,3.601,1
2024-12-18,3.579,3.579,3.579,3.579,0.0,3.579,0
2024-12-19,3.589,3.589,3.589,3.589,0.0,3.589,0
2024-12-20,3.59,3.59,3.59,3.59,0.0,3.59,0
2024-12-23,3.598,3.598,3.598,3.598,0.0,3.598,0
2024-12-24,3.62,3.62,3.62,3.62,0.0,3.62,0
2024-12-26,3.623,3.623,3.623,3.623,0.0,3.623,0
2024-12-27,3.653,3.653,3.653,3.653,0.0,3.653,0
2024-12-30,3.654,3.654,3.654,3.654,0.0,3.654,0
2024-12-31,3.642,3.642,3.642,3.642,0.0,3.642,0
2025-01-02,3.645,3.645,3.645,3.645,0.0,3.645,0
2025-01-03,3.596,3.596,3.596,3.596,0.0,3.596,0
2025-01-06,3.587,3.587,3.587,3.587,0.0,3.587,0
2025-01-07,3.563,3.563,3.563,3.563,0.0,3.563,0
2025-01-08,3.572,3.572,3.572,3.572,0.0,3.572,0
2025-01-09,3.581,3.581,3.581,3.581,0.0,3.581,0
2025-01-10,3.601,3.601,3.601,3.601,0.0,3.601,0
2025-01-13,3.589,3.589,3.589,3.589,0.0,3.589,0
2025-01-14,3.576,3.576,3.576,3.576,0.0,3.576,0
2025-01-15,3.589,3.589,3.589,3.589,0.0,3.589,0
2025-01-16,3.611,3.611,3.611,3.611,0.0,3.611,0
2025-01-17,3.59,3.59,3.59,3.59,0.0,3.59,0
2025-01-20,3.59,3.59,3.59,3.59,0.0,3.59,0
2025-01-21,3.569,3.569,3.569,3.569,0.0,3.569,0
2025-01-22,3.619,3.619,3.619,3.619,0.0,3.619,0
2025-01-23,3.692,3.692,3.692,3.692,0.0,3.692,0
2025-01-24,3.712,3.712,3.712,3.712,0.0,3.712,0
2025-01-27,3.643,3.643,3.643,3.643,0.0,3.643,0
2025-01-28,3.579,3.579,3.579,3.579,0.0,3.579,0
2025-01-29,3.618,3.618,3.618,3.618,0.0,3.618,0
2025-01-30,3.582,3.582,3.582,3.582,0.0,3.582,0
2025-01-31,3.555,3.555,3.555,3.555,0.0,3.555,0
2025-02-03,3.588,3.588,3.588,3.588,0.0,3.588,0
2025-02-04,3.59,3.59,3.582,3.582,1.0,3.59,1
2025-02-05,3.596,3.596,3.596,3.596,0.0,3.596,0
2025-02-06,3.629,3.629,3.629,3.629,0.0,3.629,0
2025-02-07,3.599,3.599,3.599,3.599,0.0,3.599,0
2025-02-10,3.654,3.654,3.654,3.654,0.0,3.654,0
2025-02-11,3.674,3.674,3.674,3.674,0.0,3.674,0
2025-02-12,3.675,3.675,3.675,3.675,0.0,3.675,0
2025-02-13,3.676,3.676,3.676,3.676,0.0,3.676,0
2025-02-14,3.675,3.675,3.675,3.675,0.0,3.675,0
2025-02-17,3.675,3.675,3.675,3.675,0.0,3.675,0
2025-02-18,3.662,3.662,3.662,3.662,0.0,3.662,0
2025-02-19,3.654,3.654,3.654,3.654,0.0,3.654,0
2025-02-20,3.566,3.566,3.566,3.566,0.0,3.566,0
2025-02-21,3.567,3.567,3.567,3.567,0.0,3.567,0
2025-02-24,3.521,3.521,3.521,3.521,0.0,3.521,0
2025-02-25,3.537,3.537,3.493,3.493,3.0,3.527,2
2025-02-26,3.427,3.427,3.427,3.427,0.0,3.427,0
2025-02-27,3.492,3.492,3.492,3.492,0.0,3.492,0
2025-02-28,3.541,3.573,3.541,3.573,3.0,3.5537,2
2025-03-03,3.597,3.597,3.597,3.597,0.0,3.597,0
2025-03-04,3.607,3.607,3.607,3.607,0.0,3.607,0
2025-03-05,3.673,3.673,3.673,3.673,0.0,3.673,0
2025-03-06,3.619,3.619,3.619,3.619,0.0,3.619,0
2025-03-07,3.657,3.657,3.657,3.657,0.0,3.657,0
2025-03-10,3.616,3.616,3.616,3.616,0.0,3.616,0
2025-03-11,3.61,3.611,3.61,3.611,1.0,3.61,1
2025-03-12,3.591,3.602,3.591,3.602,1.0,3.591,1
2025-03-13,3.631,3.631,3.631,3.631,0.0,3.631,0
2025-03-14,3.63,3.63,3.63,3.63,0.0,3.63,0
2025-03-17,3.62,3.628,3.62,3.628,3.0,3.62,1
2025-03-18,3.639,3.639,3.639,3.639,0.0,3.639,0
2025-03-19,3.639,3.651,3.63,3.651,2.0,3.6345,2
2025-03-20,3.605,3.605,3.605,3.605,0.0,3.605,0
2025-03-21,3.618,3.621,3.615,3.615,3.0,3.619,2
2025-03-24,3.629,3.635,3.629,3.633,9.0,3.6333,9
2025-03-25,3.644,3.649,3.637,3.637,22.0,3.6455,19
2025-03-26,3.63,3.63,3.61,3.62,3.0,3.623,3
2025-03-27,3.626,3.631,3.615,3.629,8.0,3.6225,8
2025-03-28,3.632,3.632,3.629,3.629,3.0,3.632,3
2025-03-31,3.627,3.627,3.627,3.627,0.0,3.627,0
2025-04-01,3.615,3.615,3.612,3.612,1.0,3.615,1
2025-04-02,3.632,3.632,3.632,3.632,0.0,3.632,0
2025-04-03,3.636,3.641,3.635,3.637,10.0,3.6365,10
2025-04-04,3.577,3.588,3.577,3.588,1.0,3.577,1
2025-04-07,3.521,3.521,3.521,3.521,0.0,3.521,0
2025-04-08,3.512,3.512,3.512,3.512,0.0,3.512,0
2025-04-09,3.607,3.607,3.607,3.607,0.0,3.607,0
2025-04-10,3.549,3.549,3.549,3.549,0.0,3.549,0
2025-04-11,3.55,3.55,3.55,3.55,0.0,3.55,0
2025-04-14,3.595,3.595,3.571,3.571,1.0,3.595,1
2025-04-15,3.568,3.568,3.566,3.566,1.0,3.568,1
2025-04-16,3.565,3.574,3.565,3.574,14.0,3.565,6
2025-04-17,3.604,3.604,3.604,3.604,0.0,3.604,0
2025-04-21,3.55,3.55,3.55,3.55,0.0,3.55,0
2025-04-22,3.57,3.59,3.57,3.574,2.0,3.58,2
2025-04-23,3.604,3.604,3.604,3.604,0.0,3.604,0
2025-04-24,3.612,3.621,3.612,3.621,5.0,3.612,2
2025-04-25,3.626,3.633,3.594,3.595,9.0,3.6253,9
2025-04-28,3.592,3.626,3.59,3.611,22.0,3.6072,22
2025-04-29,3.624,3.624,3.62,3.62,4.0,3.6235,4
2025-04-30,3.618,3.62,3.597,3.611,33.0,3.6086,33
2025-05-01,3.645,3.649,3.617,3.632,3.0,3.637,3
2025-05-02,3.664,3.664,3.664,3.664,0.0,3.664,0
2025-05-05,3.673,3.698,3.672,3.698,3.0,3.675,3
2025-05-06,3.683,3.69,3.673,3.69,7.0,3.6779,7
2025-05-07,3.698,3.7,3.688,3.688,2.0,3.699,2
2025-05-08,3.695,3.695,3.695,3.695,0.0,3.695,0
2025-05-09,3.708,3.708,3.708,3.708,0.0,3.708,0
2025-05-12,3.716,3.716,3.716,3.716,0.0,3.716,0
2025-05-13,3.737,3.75,3.737,3.75,2.0,3.737,2
2025-05-14,3.741,3.765,3.741,3.765,1.0,3.741,1
2025-05-15,3.768,3.768,3.768,3.768,0.0,3.768,0
2025-05-16,3.777,3.78,3.771,3.779,6.0,3.7752,6
2025-05-19,3.752,3.752,3.68,3.689,8.0,3.721,8
2025-05-20,3.727,3.73,3.714,3.729,5.0,3.7252,5
2025-05-21,3.738,3.738,3.723,3.723,1.0,3.738,1
2025-05-22,3.737,3.766,3.729,3.729,11.0,3.756,11
2025-05-23,3.765,3.793,3.759,3.793,10.0,3.7675,10
2025-05-27,3.788,3.788,3.779,3.779,5.0,3.7864,5
2025-05-28,3.76,3.778,3.76,3.77,9.0,3.7696,9
2025-05-29,3.745,3.748,3.737,3.743,8.0,3.7434,8
2025-05-30,3.738,3.748,3.738,3.748,1.0,3.738,1
2025-06-02,3.772,3.792,3.766,3.784,13.0,3.7768,10
2025-06-03,3.78,3.788,3.774,3.788,7.0,3.7803,6
2025-06-04,3.79,3.797,3.775,3.791,7.0,3.7869,6
2025-06-05,3.815,3.815,3.774,3.79,4.0,3.7915,4
2025-06-06,3.792,3.812,3.792,3.812,1.0,3.792,1
2025-06-09,3.795,3.807,3.795,3.807,4.0,3.7957,4
2025-06-10,3.793,3.797,3.774,3.787,17.0,3.7883,15
2025-06-11,3.76,3.797,3.76,3.788,16.0,3.7813,15
2025-06-12,3.786,3.799,3.775,3.775,9.0,3.7879,9
2025-06-13,3.764,3.82,3.764,3.82,14.0,3.7987,14
2025-06-16,3.835,3.842,3.835,3.842,2.0,3.8375,2
2025-06-17,3.855,3.855,3.84,3.846,16.0,3.8445,10
2025-06-18,3.859,3.87,3.842,3.842,10.0,3.8537,9
2025-06-20,3.864,3.866,3.83,3.843,33.0,3.8452,33
2025-06-23,3.851,3.851,3.803,3.809,19.0,3.8286,19
2025-06-24,3.809,3.815,3.806,3.812,9.0,3.8108,9
2025-06-25,3.79,3.808,3.79,3.808,27.0,3.7911,3
2025-06-26,3.812,3.812,3.812,3.812,0.0,3.812,0
2025-06-27,3.835,3.835,3.802,3.826,26.0,3.8114,15
2025-06-30,3.757,3.78,3.757,3.78,10.0,3.7699,10
2025-07-01,3.745,3.785,3.744,3.785,5.0,3.7658,5
2025-07-02,3.808,3.828,3.808,3.828,5.0,3.818,5
2025-07-03,3.851,3.851,3.797,3.805,9.0,3.818,7
2025-07-07,3.75,3.839,3.75,3.835,15.0,3.8237,15
2025-07-08,3.807,3.807,3.807,3.807,0.0,3.807,0
2025-07-09,3.783,3.8,3.776,3.8,9.0,3.7839,9
2025-07-10,3.803,3.812,3.803,3.812,2.0,3.807,2
2025-07-11,3.842,3.844,3.84,3.844,6.0,3.8405,6
2025-07-14,3.868,3.871,3.854,3.854,11.0,3.8697,9
2025-07-15,3.854,3.862,3.853,3.862,5.0,3.8536,5
2025-07-16,3.854,3.884,3.854,3.856,21.0,3.8649,21
2025-07-17,3.866,3.873,3.841,3.854,15.0,3.864,15
2025-07-18,3.87,3.87,3.806,3.84,5.0,3.8238,5
2025-07-21,3.816,3.816,3.816,3.816,0.0,3.816,0
2025-07-22,3.796,3.827,3.789,3.827,3.0,3.7937,3
2025-07-23,3.77,3.775,3.77,3.775,1.0,3.77,1
2025-07-24,3.781,3.782,3.766,3.773,6.0,3.7752,6
2025-07-25,3.78,3.78,3.742,3.753,4.0,3.754,4
2025-07-28,3.764,3.764,3.697,3.697,2.0,3.7305,2
2025-07-29,3.692,3.705,3.691,3.705,4.0,3.6913,4
2025-07-30,3.688,3.689,3.687,3.687,2.0,3.6885,2
2025-07-31,3.698,3.719,3.698,3.715,10.0,3.7147,9
2025-08-01,3.706,3.713,3.706,3.713,5.0,3.7082,5
2025-08-04,3.683,3.703,3.681,3.695,24.0,3.6882,24
2025-08-05,3.695,3.706,3.683,3.685,30.0,3.697,30
2025-08-06,3.689,3.705,3.685,3.699,18.0,3.6955,18
2025-08-07,3.692,3.698,3.671,3.688,18.0,3.6856,18
2025-08-08,3.642,3.666,3.641,3.654,5.0,3.656,5
2025-08-11,3.66,3.675,3.66,3.672,20.0,3.671,16
2025-08-12,3.695,3.695,3.662,3.665,2.0,3.6785,2
2025-08-13,3.662,3.67,3.635,3.655,28.0,3.6503,28
2025-08-14,3.648,3.661,3.645,3.656,12.0,3.653,11
2025-08-15,3.671,3.696,3.671,3.681,12.0,3.68,11
2025-08-18,3.688,3.723,3.688,3.723,7.0,3.7021,7
2025-08-19,3.698,3.714,3.698,3.714,1.0,3.698,1
2025-08-20,3.699,3.726,3.699,3.719,8.0,3.7151,7
2025-08-21,3.712,3.748,3.709,3.746,6.0,3.7277,5
2025-08-22,3.734,3.741,3.732,3.741,6.0,3.7348,6
2025-08-25,3.706,3.724,3.706,3.724,7.0,3.7171,7
2025-08-26,3.736,3.737,3.732,3.734,13.0,3.7348,13
2025-08-27,3.758,3.771,3.723,3.737,21.0,3.7525,21
2025-08-28,3.727,3.781,3.726,3.754,22.0,3.7566,22
2025-08-29,3.751,3.762,3.751,3.762,3.0,3.7537,2
2025-09-02,3.756,3.77,3.75,3.75,8.0,3.7614,8
2025-09-03,3.779,3.785,3.74,3.762,64.0,3.7544,41
2025-09-04,3.762,3.776,3.745,3.753,24.0,3.7584,18
2025-09-05,3.761,3.761,3.697,3.7,25.0,3.7318,21
2025-09-08,3.731,3.74,3.709,3.711,31.0,3.7249,24
2025-09-09,3.719,3.722,3.672,3.709,38.0,3.7071,34
2025-09-10,3.716,3.721,3.698,3.702,44.0,3.7088,35
2025-09-11,3.73,3.731,3.708,3.719,40.0,3.7226,19
2025-09-12,3.713,3.722,3.702,3.71,18.0,3.7146,10
2025-09-15,3.716,3.739,3.698,3.739,25.0,3.7137,20
2025-09-16,3.742,3.764,3.738,3.758,23.0,3.7503,15
2025-09-17,3.763,3.766,3.737,3.748,16.0,3.7498,13
2025-09-18,3.748,3.758,3.74,3.751,56.0,3.7459,49
2025-09-19,3.752,3.771,3.746,3.758,35.0,3.7571,27
2025-09-22,3.76,3.768,3.75,3.755,11.0,3.7577,10
2025-09-23,3.746,3.763,3.743,3.763,13.0,3.746,6
2025-09-24,3.754,3.775,3.753,3.775,23.0,3.7597,22
2025-09-25,3.774,3.789,3.759,3.767,20.0,3.7749,16
2025-09-26,3.773,3.776,3.732,3.74,23.0,3.7521,22
2025-09-29,3.755,3.772,3.746,3.772,68.0,3.763,43
2025-09-30,3.781,3.791,3.776,3.786,30.0,3.7832,27
2025-10-01,3.801,3.821,3.778,3.821,68.0,3.8053,41
2025-10-02,3.811,3.844,3.806,3.81,23.0,3.8249,20
2025-10-03,3.818,3.829,3.8,3.82,22.0,3.8112,21
2025-10-06,3.834,3.836,3.818,3.827,10.0,3.8262,10
2025-10-07,3.81,3.834,3.81,3.834,34.0,3.8211,34
2025-10-08,3.834,3.835,3.808,3.821,12.0,3.8196,12
2025-10-09,3.8,3.816,3.783,3.801,34.0,3.8038,34
2025-10-10,3.768,3.793,3.759,3.776,47.0,3.7694,43
2025-10-13,3.772,3.775,3.757,3.763,20.0,3.7691,16
2025-10-14,3.749,3.751,3.729,3.74,72.0,3.7412,48
2025-10-15,3.739,3.769,3.733,3.76,48.0,3.7481,41
2025-10-16,3.751,3.782,3.732,3.741,32.0,3.7552,27
2025-10-17,3.719,3.762,3.717,3.762,17.0,3.7344,17
2025-10-20,3.789,3.798,3.769,3.789,57.0,3.7852,47
2025-10-21,3.791,3.804,3.766,3.792,73.0,3.7873,65
2025-10-22,3.79,3.793,3.767,3.777,50.0,3.775,40
2025-10-23,3.772,3.794,3.75,3.772,64.0,3.7709,55
2025-10-24,3.753,3.796,3.752,3.78,70.0,3.7746,68
2025-10-27,3.772,3.807,3.759,3.792,41.0,3.7841,29
2025-10-28,3.771,3.792,3.767,3.79,41.0,3.7808,28
2025-10-29,3.786,3.79,3.755,3.781,65.0,3.7727,59
2025-10-30,3.777,3.819,3.77,3.795,89.0,3.7884,81
2025-10-31,3.815,3.832,3.794,3.831,169.0,3.8152,128
2025-11-03,3.836,3.848,3.809,3.826,105.0,3.8241,85
2025-11-04,3.803,3.846,3.803,3.84,59.0,3.8277,49
2025-11-05,3.815,3.83,3.787,3.796,78.0,3.8021,70
2025-11-06,3.796,3.815,3.79,3.815,50.0,3.8027,37
2025-11-07,3.813,3.821,3.802,3.82,43.0,3.8119,38
2025-11-10,3.823,3.825,3.767,3.806,38.0,3.7977,27
2025-11-11,3.824,3.83,3.81,3.83,57.0,3.8164,52
2025-11-12,3.831,3.838,3.817,3.829,122.0,3.822,105
2025-11-13,3.841,3.856,3.827,3.856,75.0,3.8402,62
2025-11-14,3.816,3.831,3.809,3.824,80.0,3.8211,67
2025-11-17,3.821,3.834,3.81,3.818,21.0,3.8224,19
2025-11-18,3.816,3.829,3.799,3.823,46.0,3.8163,41
2025-11-19,3.807,3.828,3.796,3.826,133.0,3.8147,111
2025-11-20,3.807,3.831,3.801,3.807,83.0,3.8134,63
2025-11-21,3.815,3.815,3.801,3.814,107.0,3.8069,82
2025-11-24,3.795,3.814,3.784,3.813,86.0,3.7948,63
2025-11-25,3.789,3.816,3.768,3.804,140.0,3.7936,114
2025-11-26,3.801,3.832,3.8,3.817,81.0,3.8102,72
2025-11-28,3.811,3.834,3.805,3.828,125.0,3.8169,80
2025-12-01,3.806,3.833,3.769,3.804,121.0,3.8145,99
2025-12-02,3.795,3.816,3.793,3.814,91.0,3.8036,63
2025-12-03,3.811,3.825,3.811,3.818,124.0,3.8205,90
2025-12-04,3.821,3.827,3.805,3.822,187.0,3.8146,117
2025-12-05,3.814,3.852,3.813,3.837,282.0,3.8356,181
2025-12-08,3.819,3.83,3.778,3.791,32.0,3.8178,29
2025-12-09,3.76,3.786,3.748,3.755,68.0,3.7672,50
2025-12-10,3.752,3.76,3.733,3.747,179.0,3.7474,114
2025-12-11,3.729,3.751,3.712,3.735,121.0,3.7324,94
2025-12-12,3.721,3.746,3.7,3.704,163.0,3.714,102
2025-12-15,3.711,3.716,3.685,3.694,39.0,3.6947,30
2025-12-16,3.685,3.722,3.681,3.694,140.0,3.6974,98
2025-12-17,3.711,3.742,3.711,3.725,66.0,3.7322,55
2025-12-18,3.739,3.749,3.688,3.717,157.0,3.7241,115
2025-12-19,3.666,3.722,3.666,3.716,89.0,3.704,59
2025-12-22,3.75,3.75,3.689,3.7,82.0,3.703,73
2025-12-23,3.714,3.755,3.709,3.745,111.0,3.7234,103
2025-12-24,3.744,3.761,3.721,3.721,31.0,3.7466,27
2025-12-26,3.741,3.757,3.74,3.749,109.0,3.7465,75
2025-12-29,3.762,3.788,3.762,3.783,112.0,3.7743,89
2025-12-30,3.786,3.812,3.769,3.771,111.0,3.7933,89
2025-12-31,3.757,3.768,3.739,3.748,73.0,3.75,56
2026-01-02,3.738,3.745,3.708,3.708,210.0,3.7306,142
2026-01-05,3.67,3.712,3.652,3.684,137.0,3.6803,113
2026-01-06,3.672,3.687,3.629,3.639,184.0,3.6504,138
2026-01-07,3.642,3.683,3.642,3.647,137.0,3.6592,112
2026-01-08,3.654,3.657,3.611,3.62,185.0,3.6284,149
2026-01-09,3.616,3.625,3.53,3.546,342.0,3.563,273
2026-01-12,3.557,3.588,3.549,3.587,162.0,3.571,141
2026-01-13,3.56,3.602,3.56,3.59,109.0,3.5849,89
2026-01-14,3.575,3.583,3.507,3.525,377.0,3.5223,254
2026-01-15,3.536,3.561,3.5,3.555,233.0,3.5354,159
2026-01-16,3.561,3.587,3.559,3.586,391.0,3.5809,212
2026-01-20,3.678,3.693,3.607,3.65,438.0,3.6349,346
2026-01-21,3.597,3.719,3.595,3.658,199.0,3.667,185
2026-01-22,3.606,3.667,3.553,3.618,279.0,3.6326,250
2026-01-23,3.597,3.65,3.553,3.578,315.0,3.589,302
2026-01-26,3.656,3.657,3.513,3.563,347.0,3.5662,314
2026-01-27,3.518,3.564,3.479,3.544,456.0,3.5257,382
2026-01-28,3.532,3.551,3.513,3.545,467.0,3.5327,370
2026-01-29,3.542,3.604,3.531,3.594,309.0,3.5704,229
2026-01-30,3.599,3.66,3.599,3.632,560.0,3.636,461
2026-02-02,3.574,3.624,3.509,3.563,877.0,3.5732,651
2026-02-03,3.517,3.568,3.492,3.566,641.0,3.5386,436
2026-02-04,3.557,3.599,3.551,3.576,382.0,3.5723,322
2026-02-05,3.544,3.59,3.544,3.586,287.0,3.5772,240
2026-02-06,3.558,3.601,3.531,3.551,441.0,3.5654,319
2026-02-09,3.517,3.545,3.485,3.534,503.0,3.52,381
2026-02-10,3.533,3.574,3.533,3.56,329.0,3.5599,221
2026-02-11,3.559,3.574,3.54,3.558,226.0,3.5582,176
2026-02-12,3.55,3.586,3.526,3.533,265.0,3.5526,231
2026-02-13,3.51,3.533,3.506,3.532,170.0,3.5201,142
2026-02-17,3.489,3.525,3.458,3.468,379.0,3.4884,294
2026-02-18,3.465,3.481,3.447,3.468,230.0,3.4629,187
2026-02-19,3.481,3.538,3.476,3.519,313.0,3.5129,249
2026-02-20,3.517,3.573,3.51,3.544,252.0,3.5404,224
2026-02-23,3.563,3.563,3.525,3.538,327.0,3.5435,192
2026-02-24,3.54,3.565,3.525,3.53,338.0,3.5457,265
2026-02-25,3.532,3.558,3.528,3.544,178.0,3.5481,134
2026-02-26,3.549,3.577,3.524,3.554,360.0,3.5518,280
2026-02-27,3.549,3.563,3.545,3.554,131.0,3.5526,96
2026-03-02,3.568,3.614,3.538,3.561,445.0,3.5755,329
2026-03-03,3.576,3.622,3.518,3.542,484.0,3.5636,393
2026-03-04,3.483,3.547,3.483,3.533,175.0,3.5264,143
2026-03-05,3.551,3.572,3.538,3.551,241.0,3.5529,209
2026-03-06,3.537,3.59,3.535,3.552,660.0,3.5636,392
2026-03-09,3.604,3.64,3.511,3.566,195.0,3.5642,156
2026-03-10,3.509,3.562,3.497,3.538,113.0,3.5341,87
2026-03-11,3.567,3.567,3.541,3.555,193.0,3.5561,134
2026-03-12,3.57,3.594,3.553,3.577,155.0,3.5705,117
2026-03-13,3.56,3.612,3.558,3.577,178.0,3.5837,127
2026-03-16,3.583,3.585,3.546,3.566,99.0,3.5655,63
2026-03-17,3.553,3.592,3.553,3.583,129.0,3.5733,102
2026-03-18,3.561,3.627,3.56,3.604,454.0,3.6103,332
2026-03-19,3.631,3.714,3.607,3.632,567.0,3.6534,430
2026-03-20,3.606,3.636,3.575,3.631,272.0,3.6162,201
2026-03-23,3.635,3.645,3.572,3.603,221.0,3.6075,156
2026-03-24,3.604,3.606,3.526,3.6,326.0,3.582,273
2026-03-25,3.562,3.587,3.546,3.587,374.0,3.571,253
2026-03-26,3.587,3.599,3.574,3.585,166.0,3.5877,126
2026-03-27,3.592,3.63,3.586,3.63,302.0,3.6121,200
2026-03-30,3.615,3.644,3.593,3.609,140.0,3.6127,99
2026-03-31,3.598,3.626,3.539,3.544,300.0,3.5715,230
2026-04-01,3.548,3.583,3.456,3.471,432.0,3.5158,338
2026-04-02,3.481,3.5,3.459,3.472,202.0,3.4736,150
2026-04-06,3.475,3.489,3.468,3.483,50.0,3.4759,39
2026-04-07,3.482,3.524,3.466,3.513,109.0,3.4998,86
2026-04-08,3.485,3.495,3.422,3.44,516.0,3.4425,374
2026-04-09,3.456,3.469,3.407,3.422,185.0,3.4275,153
2026-04-10,3.412,3.412,3.366,3.376,437.0,3.3843,299
2026-04-13,3.403,3.415,3.319,3.328,429.0,3.3591,324
2026-04-14,3.32,3.332,3.281,3.291,576.0,3.2957,364
2026-04-15,3.295,3.315,3.283,3.311,855.0,3.3031,547
2026-04-16,3.314,3.382,3.299,3.356,482.0,3.3432,282
2026-04-17,3.387,3.415,3.353,3.403,393.0,3.3801,261
2026-04-20,3.413,3.422,3.391,3.404,201.0,3.4067,147
2026-04-21,3.391,3.422,3.384,3.404,247.0,3.4017,160
2026-04-22,3.403,3.435,3.398,3.427,173.0,3.418,119
2026-04-23,3.416,3.422,3.384,3.407,252.0,3.3978,190
2026-04-24,3.383,3.399,3.362,3.367,180.0,3.3762,131
2026-04-27,3.373,3.396,3.339,3.343,237.0,3.3632,179
2026-04-28,3.341,3.371,3.329,3.345,239.0,3.349,169
2026-04-29,3.346,3.367,3.343,3.353,495.0,3.354,309
2026-04-30,3.35,3.373,3.331,3.37,397.0,3.355,249
2026-05-01,3.371,3.381,3.345,3.37,397.0,3.3649,254
2026-05-04,3.382,3.433,3.373,3.423,397.0,3.4119,264
2026-05-05,3.411,3.412,3.365,3.379,359.0,3.3905,247
2026-05-06,3.368,3.371,3.32,3.328,216.0,3.3353,153
2026-05-07,3.325,3.326,3.294,3.311,552.0,3.3111,382
2026-05-08,3.321,3.346,3.308,3.327,324.0,3.322,209
2026-05-11,3.338,3.357,3.333,3.355,268.0,3.348,176
2026-05-12,3.365,3.37,3.297,3.319,369.0,3.322,276
2026-05-13,3.31,3.327,3.29,3.297,351.0,3.3043,251
2026-05-14,3.3,3.303,3.27,3.276,369.0,3.2806,263
2026-05-15,3.288,3.302,3.257,3.275,251.0,3.279,178
2026-05-18,3.284,3.316,3.281,3.302,306.0,3.2946,202
2026-05-19,3.303,3.329,3.301,3.327,486.0,3.3171,304
2026-05-20,3.324,3.33,3.281,3.289,681.0,3.293,405
2026-05-21,3.297,3.302,3.267,3.28,364.0,3.2877,228
2026-05-22,3.269,3.283,3.242,3.249,610.0,3.2641,435
2026-05-26,3.255,3.269,3.215,3.224,427.0,3.2458,284
2026-05-27,3.215,3.239,3.196,3.22,1274.0,3.2192,802
2026-05-28,3.22,3.301,3.217,3.284,857.0,3.269,613
2026-05-29,3.301,3.324,3.288,3.3,633.0,3.2993,409
2026-06-01,3.325,3.329,3.278,3.306,605.0,3.3047,386
2026-06-02,3.299,3.32,3.272,3.312,341.0,3.3015,226
2026-06-03,3.316,3.333,3.307,3.326,545.0,3.3217,334
2026-06-04,3.327,3.364,3.324,3.357,448.0,3.3443,292
2026-06-05,3.365,3.367,3.325,3.339,334.0,3.3409,203
2026-06-08,3.326,3.345,3.304,3.345,371.0,3.3247,279
2026-06-09,3.347,3.35,3.32,3.331,349.0,3.3349,250
2026-06-10,3.328,3.353,3.314,3.34,461.0,3.3333,320
2026-06-11,3.337,3.34,3.308,3.327,283.0,3.3214,194
2026-06-12,3.319,3.334,3.305,3.323,361.0,3.3214,267
2026-06-15,3.305,3.313,3.295,3.308,370.0,3.3024,224
2026-06-16,3.311,3.333,3.301,3.328,215.0,3.3146,180
2026-06-17,3.322,3.343,3.312,3.331,439.0,3.3313,313
2026-06-18,3.328,3.347,3.328,3.34,260.0,3.3382,186
2026-06-22,3.337,3.362,3.331,3.336,290.0,3.3464,213
2026-06-23,3.332,3.347,3.301,3.306,357.0,3.3223,255
2026-06-24,3.299,3.325,3.299,3.322,388.0,3.3173,248
2026-06-25,3.321,3.335,3.308,3.325,690.0,3.3221,457
2026-06-26,3.322,3.343,3.309,3.316,600.0,3.3282,387
2026-06-29,3.312,3.324,3.27,3.275,621.0,3.2894,443
2026-06-30,3.272,3.288,3.268,3.288,594.0,3.2798,379
2026-07-01,3.287,3.287,3.251,3.267,422.0,3.2713,264
2026-07-02,3.253,3.271,3.238,3.253,594.0,3.2529,405
2026-07-06,3.251,3.267,3.214,3.233,977.0,3.2312,730
2026-07-07,3.239,3.258,3.217,3.234,605.0,3.2333,424
2026-07-08,3.252,3.264,3.235,3.238,846.0,3.2475,592
2026-07-09,3.231,3.237,3.175,3.179,1434.0,3.2018,1000
2026-07-10,3.178,3.181,3.154,3.171,651.0,3.1656,436
2026-07-13,3.167,3.2,3.149,3.19,700.0,3.1785,529
2026-07-14,3.181,3.202,3.176,3.19,934.0,3.1881,684
2026-07-15,3.191,3.206,3.182,3.189,657.0,3.1923,451
2026-07-16,3.182,3.194,3.145,3.155,652.0,3.1666,430
2026-07-17,3.164,3.186,3.148,3.181,453.0,3.1737,327
2026-07-20,3.171,3.185,3.153,3.167,581.0,3.1669,344
2026-07-21,3.17,3.194,3.167,3.191,358.0,3.1826,224
2026-07-22,3.189,3.237,3.189,3.226,750.0,3.2226,450
2026-07-23,3.23,3.256,3.23,3.244,647.0,3.2432,399
2026-07-24,3.234,3.278,3.218,3.235,576.0,3.2502,395
2026-07-27,3.203,3.23,3.164,3.23,1352.0,3.2062,846
2026-07-28,3.211,3.224,3.192,3.215,1088.0,3.2092,733
2026-07-29,3.215,3.246,3.204,3.241,730.0,3.2319,522
2026-07-30,3.243,3.246,3.212,3.226,867.0,3.2245,584
2026-07-31,3.22,3.244,3.205,3.216,808.0,3.2177,548
2026-08-03,3.208,3.246,3.208,3.244,812.0,3.2363,529
2026-08-04,3.241,3.241,3.2,3.212,852.0,3.2117,519
2026-08-05,3.209,3.209,3.194,3.208,849.0,3.2026,575
2026-08-06,3.201,3.204,3.173,3.181,1274.0,3.1816,715
2026-08-07,3.173,3.217,3.173,3.206,1228.0,3.2005,734
2026-08-10,3.234,3.244,3.217,3.226,1069.0,3.2287,696
2026-08-11,3.219,3.236,3.211,3.224,990.0,3.2219,620
2026-08-12,3.225,3.247,3.222,3.23,864.0,3.2339,574
2026-08-13,3.223,3.229,3.191,3.22,969.0,3.2143,598
2026-08-14,3.221,3.246,3.202,3.214,969.0,3.2288,633
