date,open,high,low,close,volume,average,barCount
2017-03-14,3.123,3.123,3.123,3.123,0.0,3.123,0
2017-03-15,3.143,3.143,3.143,3.143,0.0,3.143,0
2017-03-16,3.161,3.161,3.161,3.161,0.0,3.161,0
2017-03-17,3.166,3.166,3.166,3.166,0.0,3.166,0
2017-03-20,3.168,3.168,3.168,3.168,0.0,3.168,0
2017-03-21,3.178,3.178,3.178,3.178,0.0,3.178,0
2017-03-22,3.18,3.18,3.18,3.18,0.0,3.18,0
2017-03-23,3.175,3.175,3.175,3.175,0.0,3.175,0
2017-03-24,3.139,3.139,3.139,3.139,0.0,3.139,0
2017-03-27,3.129,3.129,3.129,3.129,0.0,3.129,0
2017-03-28,3.12,3.12,3.12,3.12,0.0,3.12,0
2017-03-29,3.128,3.128,3.128,3.128,0.0,3.128,0
2017-03-30,3.131,3.131,3.131,3.131,0.0,3.131,0
2017-03-31,3.148,3.148,3.148,3.148,0.0,3.148,0
2017-04-03,3.155,3.155,3.155,3.155,0.0,3.155,0
2017-04-04,3.168,3.168,3.168,3.168,0.0,3.168,0
2017-04-05,3.185,3.185,3.185,3.185,0.0,3.185,0
2017-04-06,3.165,3.165,3.165,3.165,0.0,3.165,0
2017-04-07,3.179,3.179,3.179,3.179,0.0,3.179,0
2017-04-10,3.188,3.188,3.188,3.188,0.0,3.188,0
2017-04-11,3.219,3.219,3.219,3.219,0.0,3.219,0
2017-04-12,3.22,3.22,3.22,3.22,0.0,3.22,0
2017-04-13,3.234,3.234,3.234,3.234,0.0,3.234,0
2017-04-17,3.219,3.219,3.219,3.219,0.0,3.219,0
2017-04-18,3.249,3.249,3.249,3.249,0.0,3.249,0
2017-04-19,3.26,3.26,3.26,3.26,0.0,3.26,0
2017-04-20,3.294,3.294,3.294,3.294,0.0,3.294,0
2017-04-21,3.295,3.295,3.295,3.295,0.0,3.295,0
2017-04-24,3.254,3.254,3.254,3.254,0.0,3.254,0
2017-04-25,3.254,3.254,3.254,3.254,0.0,3.254,0
2017-04-26,3.245,3.245,3.245,3.245,0.0,3.245,0
2017-04-27,3.236,3.236,3.236,3.236,0.0,3.236,0
2017-04-28,3.262,3.262,3.262,3.262,0.0,3.262,0
2017-05-01,3.237,3.237,3.237,3.237,0.0,3.237,0
2017-05-02,3.238,3.238,3.238,3.238,0.0,3.238,0
2017-05-03,3.257,3.257,3.257,3.257,0.0,3.257,0
2017-05-04,3.3,3.3,3.3,3.3,0.0,3.3,0
2017-05-05,3.3,3.3,3.3,3.3,0.0,3.3,0
2017-05-08,3.291,3.291,3.291,3.291,0.0,3.291,0
2017-05-09,3.294,3.294,3.294,3.294,0.0,3.294,0
2017-05-10,3.295,3.295,3.295,3.295,0.0,3.295,0
2017-05-11,3.329,3.329,3.329,3.329,0.0,3.329,0
2017-05-12,3.333,3.333,3.333,3.333,0.0,3.333,0
2017-05-15,3.338,3.338,3.338,3.338,0.0,3.338,0
2017-05-16,3.355,3.355,3.355,3.355,0.0,3.355,0
2017-05-17,3.351,3.351,3.351,3.351,0.0,3.351,0
2017-05-18,3.338,3.338,3.338,3.338,0.0,3.338,0
2017-05-19,3.328,3.328,3.328,3.328,0.0,3.328,0
2017-05-22,3.33,3.33,3.33,3.33,0.0,3.33,0
2017-05-23,3.397,3.397,3.397,3.397,0.0,3.397,0
2017-05-24,3.399,3.399,3.399,3.399,0.0,3.399,0
2017-05-25,3.389,3.389,3.389,3.389,0.0,3.389,0
2017-05-26,3.374,3.374,3.374,3.374,0.0,3.374,0
2017-05-30,3.341,3.341,3.341,3.341,0.0,3.341,0
2017-05-31,3.337,3.337,3.337,3.337,0.0,3.337,0
2017-06-01,3.339,3.339,3.339,3.339,0.0,3.339,0
2017-06-02,3.329,3.329,3.329,3.329,0.0,3.329,0
2017-06-05,3.299,3.299,3.299,3.299,0.0,3.299,0
2017-06-06,3.241,3.241,3.241,3.241,0.0,3.241,0
2017-06-07,3.252,3.252,3.252,3.252,0.0,3.252,0
2017-06-08,3.27,3.27,3.27,3.27,0.0,3.27,0
2017-06-09,3.267,3.267,3.267,3.267,0.0,3.267,0
2017-06-12,3.269,3.269,3.269,3.269,0.0,3.269,0
2017-06-13,3.266,3.266,3.266,3.266,0.0,3.266,0
2017-06-14,3.255,3.255,3.255,3.255,0.0,3.255,0
2017-06-15,3.283,3.283,3.283,3.283,0.0,3.283,0
2017-06-16,3.272,3.272,3.272,3.272,0.0,3.272,0
2017-06-19,3.295,3.295,3.295,3.295,0.0,3.295,0
2017-06-20,3.335,3.335,3.335,3.335,0.0,3.335,0
2017-06-21,3.356,3.356,3.356,3.356,0.0,3.356,0
2017-06-22,3.35,3.35,3.35,3.35,0.0,3.35,0
2017-06-23,3.337,3.337,3.337,3.337,0.0,3.337,0
2017-06-26,3.314,3.314,3.314,3.314,0.0,3.314,0
2017-06-27,3.317,3.317,3.317,3.317,0.0,3.317,0
2017-06-28,3.307,3.307,3.307,3.307,0.0,3.307,0
2017-06-29,3.308,3.308,3.308,3.308,0.0,3.308,0
2017-06-30,3.326,3.326,3.326,3.326,0.0,3.326,0
2017-07-03,3.331,3.331,3.331,3.331,0.0,3.331,0
2017-07-05,3.316,3.316,3.316,3.316,0.0,3.316,0
2017-07-06,3.264,3.264,3.264,3.264,0.0,3.264,0
2017-07-07,3.259,3.259,3.259,3.259,0.0,3.259,0
2017-07-10,3.246,3.246,3.246,3.246,0.0,3.246,0
2017-07-11,3.243,3.243,3.243,3.243,0.0,3.243,0
2017-07-12,3.229,3.229,3.229,3.229,0.0,3.229,0
2017-07-13,3.242,3.242,3.242,3.242,0.0,3.242,0
2017-07-14,3.245,3.245,3.245,3.245,0.0,3.245,0
2017-07-17,3.238,3.238,3.238,3.238,0.0,3.238,0
2017-07-18,3.238,3.238,3.238,3.238,0.0,3.238,0
2017-07-19,3.223,3.223,3.223,3.223,0.0,3.223,0
2017-07-20,3.204,3.204,3.204,3.204,0.0,3.204,0
2017-07-21,3.205,3.205,3.205,3.205,0.0,3.205,0
2017-07-24,3.182,3.182,3.182,3.182,0.0,3.182,0
2017-07-25,3.157,3.157,3.157,3.157,0.0,3.157,0
2017-07-26,3.15,3.15,3.15,3.15,0.0,3.15,0
2017-07-27,3.151,3.151,3.151,3.151,0.0,3.151,0
2017-07-28,3.166,3.166,3.166,3.166,0.0,3.166,0
2017-07-31,3.142,3.142,3.142,3.142,0.0,3.142,0
2017-08-01,3.164,3.164,3.164,3.164,0.0,3.164,0
2017-08-02,3.173,3.173,3.173,3.173,0.0,3.173,0
2017-08-03,3.196,3.196,3.196,3.196,0.0,3.196,0
2017-08-04,3.206,3.206,3.206,3.206,0.0,3.206,0
2017-08-07,3.205,3.205,3.205,3.205,0.0,3.205,0
2017-08-08,3.187,3.187,3.187,3.187,0.0,3.187,0
2017-08-09,3.181,3.181,3.181,3.181,0.0,3.181,0
2017-08-10,3.178,3.178,3.178,3.178,0.0,3.178,0
2017-08-11,3.182,3.182,3.182,3.182,0.0,3.182,0
2017-08-14,3.178,3.178,3.178,3.178,0.0,3.178,0
2017-08-15,3.176,3.176,3.176,3.176,0.0,3.176,0
2017-08-16,3.166,3.166,3.166,3.166,0.0,3.166,0
2017-08-17,3.165,3.165,3.165,3.165,0.0,3.165,0
2017-08-18,3.165,3.165,3.165,3.165,0.0,3.165,0
2017-08-21,3.155,3.155,3.155,3.155,0.0,3.155,0
2017-08-22,3.147,3.147,3.147,3.147,0.0,3.147,0
2017-08-23,3.144,3.144,3.144,3.144,0.0,3.144,0
2017-08-24,3.094,3.094,3.094,3.094,0.0,3.094,0
2017-08-25,3.081,3.081,3.081,3.081,0.0,3.081,0
2017-08-28,3.094,3.094,3.094,3.094,0.0,3.094,0
2017-08-29,3.096,3.096,3.096,3.096,0.0,3.096,0
2017-08-30,3.097,3.097,3.097,3.097,0.0,3.097,0
2017-08-31,3.105,3.105,3.105,3.105,0.0,3.105,0
2017-09-01,3.106,3.106,3.106,3.106,0.0,3.106,0
2017-09-05,3.102,3.102,3.102,3.102,0.0,3.102,0
2017-09-06,3.063,3.063,3.063,3.063,0.0,3.063,0
2017-09-07,3.097,3.097,3.097,3.097,0.0,3.097,0
2017-09-08,3.101,3.101,3.101,3.101,0.0,3.101,0
2017-09-11,3.112,3.112,3.112,3.112,0.0,3.112,0
2017-09-12,3.089,3.089,3.089,3.089,0.0,3.089,0
2017-09-13,3.075,3.075,3.075,3.075,0.0,3.075,0
2017-09-14,3.063,3.063,3.063,3.063,0.0,3.063,0
2017-09-15,3.068,3.068,3.068,3.068,0.0,3.068,0
2017-09-18,3.063,3.063,3.063,3.063,0.0,3.063,0
2017-09-19,3.053,3.053,3.053,3.053,0.0,3.053,0
2017-09-20,3.043,3.043,3.043,3.043,0.0,3.043,0
2017-09-21,3.034,3.034,3.034,3.034,0.0,3.034,0
2017-09-22,3.048,3.048,3.048,3.048,0.0,3.048,0
2017-09-25,3.031,3.031,3.031,3.031,0.0,3.031,0
2017-09-26,3.041,3.041,3.041,3.041,0.0,3.041,0
2017-09-27,3.052,3.052,3.052,3.052,0.0,3.052,0
2017-09-28,3.051,3.051,3.051,3.051,0.0,3.051,0
2017-09-29,3.048,3.048,3.048,3.048,0.0,3.048,0
2017-10-02,3.061,3.061,3.061,3.061,0.0,3.061,0
2017-10-03,3.07,3.07,3.07,3.07,0.0,3.07,0
2017-10-04,3.069,3.069,3.069,3.069,0.0,3.069,0
2017-10-05,3.078,3.078,3.078,3.078,0.0,3.078,0
2017-10-06,3.07,3.07,3.07,3.07,0.0,3.07,0
2017-10-09,3.08,3.08,3.08,3.08,0.0,3.08,0
2017-10-10,3.07,3.07,3.07,3.07,0.0,3.07,0
2017-10-11,3.089,3.089,3.089,3.089,0.0,3.089,0
2017-10-12,3.133,3.133,3.133,3.133,0.0,3.133,0
2017-10-13,3.135,3.135,3.135,3.135,0.0,3.135,0
2017-10-16,3.167,3.167,3.167,3.167,0.0,3.167,0
2017-10-17,3.214,3.214,3.214,3.214,0.0,3.214,0
2017-10-18,3.218,3.218,3.218,3.218,0.0,3.218,0
2017-10-19,3.24,3.24,3.24,3.24,0.0,3.24,0
2017-10-20,3.28,3.28,3.28,3.28,0.0,3.28,0
2017-10-23,3.26,3.26,3.26,3.26,0.0,3.26,0
2017-10-24,3.259,3.259,3.259,3.259,0.0,3.259,0
2017-10-25,3.26,3.26,3.26,3.26,0.0,3.26,0
2017-10-26,3.253,3.253,3.253,3.253,0.0,3.253,0
2017-10-27,3.233,3.233,3.233,3.233,0.0,3.233,0
2017-10-30,3.268,3.268,3.268,3.268,0.0,3.268,0
2017-10-31,3.279,3.279,3.279,3.279,0.0,3.279,0
2017-11-01,3.289,3.289,3.289,3.289,0.0,3.289,0
2017-11-02,3.271,3.271,3.271,3.271,0.0,3.271,0
2017-11-03,3.268,3.268,3.268,3.268,0.0,3.268,0
2017-11-06,3.263,3.263,3.263,3.263,0.0,3.263,0
2017-11-07,3.262,3.262,3.262,3.262,0.0,3.262,0
2017-11-08,3.26,3.26,3.26,3.26,0.0,3.26,0
2017-11-09,3.27,3.27,3.27,3.27,0.0,3.27,0
2017-11-10,3.25,3.25,3.25,3.25,0.0,3.25,0
2017-11-13,3.236,3.236,3.236,3.236,0.0,3.236,0
2017-11-14,3.226,3.226,3.226,3.226,0.0,3.226,0
2017-11-15,3.218,3.218,3.218,3.218,0.0,3.218,0
2017-11-16,3.222,3.222,3.222,3.222,0.0,3.222,0
2017-11-17,3.216,3.216,3.216,3.216,0.0,3.216,0
2017-11-20,3.209,3.209,3.209,3.209,0.0,3.209,0
2017-11-21,3.207,3.207,3.207,3.207,0.0,3.207,0
2017-11-22,3.194,3.194,3.194,3.194,0.0,3.194,0
2017-11-24,3.197,3.197,3.197,3.197,0.0,3.197,0
2017-11-27,3.2,3.2,3.2,3.2,0.0,3.2,0
2017-11-28,3.2,3.2,3.2,3.2,0.0,3.2,0
2017-11-29,3.206,3.206,3.206,3.206,0.0,3.206,0
2017-11-30,3.206,3.206,3.206,3.206,0.0,3.206,0
2017-12-01,3.162,3.162,3.162,3.162,0.0,3.162,0
2017-12-04,3.148,3.148,3.148,3.148,0.0,3.148,0
2017-12-05,3.136,3.136,3.136,3.136,0.0,3.136,0
2017-12-06,3.118,3.118,3.118,3.118,0.0,3.118,0
2017-12-07,3.124,3.124,3.124,3.124,0.0,3.124,0
2017-12-08,3.119,3.119,3.119,3.119,0.0,3.119,0
2017-12-11,3.112,3.112,3.112,3.112,0.0,3.112,0
2017-12-12,3.122,3.122,3.122,3.122,0.0,3.122,0
2017-12-13,3.141,3.141,3.141,3.141,0.0,3.141,0
2017-12-14,3.152,3.152,3.152,3.152,0.0,3.152,0
2017-12-15,3.16,3.16,3.16,3.16,0.0,3.16,0
2017-12-18,3.18,3.18,3.18,3.18,0.0,3.18,0
2017-12-19,3.182,3.182,3.182,3.182,0.0,3.182,0
2017-12-20,3.168,3.168,3.168,3.168,0.0,3.168,0
2017-12-21,3.185,3.185,3.185,3.185,0.0,3.185,0
2017-12-22,3.208,3.208,3.208,3.208,0.0,3.208,0
2017-12-26,3.209,3.209,3.209,3.209,0.0,3.209,0
2017-12-27,3.182,3.182,3.182,3.182,0.0,3.182,0
2017-12-28,3.13,3.13,3.13,3.13,0.0,3.13,0
2017-12-29,3.114,3.114,3.114,3.114,0.0,3.114,0
2018-01-02,3.107,3.107,3.107,3.107,0.0,3.107,0
2018-01-03,3.108,3.108,3.108,3.108,0.0,3.108,0
2018-01-04,3.14,3.14,3.14,3.14,0.0,3.14,0
2018-01-05,3.134,3.134,3.134,3.134,0.0,3.134,0
2018-01-08,3.129,3.129,3.129,3.129,0.0,3.129,0
2018-01-09,3.114,3.114,3.114,3.114,0.0,3.114,0
2018-01-10,3.107,3.107,3.107,3.107,0.0,3.107,0
2018-01-11,3.124,3.124,3.124,3.124,0.0,3.124,0
2018-01-12,3.111,3.111,3.111,3.111,0.0,3.111,0
2018-01-16,3.074,3.074,3.074,3.074,0.0,3.074,0
2018-01-17,3.068,3.068,3.068,3.068,0.0,3.068,0
2018-01-18,3.066,3.066,3.066,3.066,0.0,3.066,0
2018-01-19,3.076,3.076,3.076,3.076,0.0,3.076,0
2018-01-22,3.095,3.095,3.095,3.095,0.0,3.095,0
2018-01-23,3.107,3.107,3.107,3.107,0.0,3.107,0
2018-01-24,3.121,3.121,3.121,3.121,0.0,3.121,0
2018-01-25,3.145,3.145,3.145,3.145,0.0,3.145,0
2018-01-26,3.111,3.111,3.111,3.111,0.0,3.111,0
2018-01-29,3.113,3.113,3.113,3.113,0.0,3.113,0
2018-01-30,3.13,3.13,3.13,3.13,0.0,3.13,0
2018-01-31,3.099,3.099,3.099,3.099,0.0,3.099,0
2018-02-01,3.092,3.092,3.092,3.092,0.0,3.092,0
2018-02-02,3.117,3.117,3.117,3.117,0.0,3.117,0
2018-02-05,3.139,3.139,3.139,3.139,0.0,3.139,0
2018-02-06,3.123,3.123,3.123,3.123,0.0,3.123,0
2018-02-07,3.101,3.101,3.101,3.101,0.0,3.101,0
2018-02-08,3.114,3.114,3.114,3.114,0.0,3.114,0
2018-02-09,3.081,3.081,3.081,3.081,0.0,3.081,0
2018-02-12,3.071,3.071,3.071,3.071,0.0,3.071,0
2018-02-13,3.058,3.058,3.058,3.058,0.0,3.058,0
2018-02-14,3.066,3.066,3.066,3.066,0.0,3.066,0
2018-02-15,3.071,3.071,3.071,3.071,0.0,3.071,0
2018-02-16,3.084,3.084,3.084,3.084,0.0,3.084,0
2018-02-20,3.087,3.087,3.087,3.087,0.0,3.087,0
2018-02-21,3.105,3.105,3.105,3.105,0.0,3.105,0
2018-02-22,3.117,3.117,3.117,3.117,0.0,3.117,0
2018-02-23,3.109,3.109,3.109,3.109,0.0,3.109,0
2018-02-26,3.105,3.105,3.105,3.105,0.0,3.105,0
2018-02-27,3.108,3.108,3.108,3.108,0.0,3.108,0
2018-02-28,3.083,3.083,3.083,3.083,0.0,3.083,0
2018-03-01,3.122,3.122,3.122,3.122,0.0,3.122,0
2018-03-02,3.139,3.139,3.139,3.139,0.0,3.139,0
2018-03-05,3.157,3.157,3.157,3.157,0.0,3.157,0
2018-03-06,3.154,3.154,3.154,3.154,0.0,3.154,0
2018-03-07,3.147,3.147,3.147,3.147,0.0,3.147,0
2018-03-08,3.109,3.109,3.109,3.109,0.0,3.109,0
2018-03-09,3.07,3.07,3.07,3.07,0.0,3.07,0
2018-03-12,3.076,3.076,3.076,3.076,0.0,3.076,0
2018-03-13,3.083,3.083,3.083,3.083,0.0,3.083,0
2018-03-14,3.103,3.103,3.103,3.103,0.0,3.103,0
2018-03-15,3.161,3.161,3.161,3.161,0.0,3.161,0
2018-03-16,3.171,3.171,3.171,3.171,0.0,3.171,0
2018-03-19,3.161,3.161,3.161,3.161,0.0,3.161,0
2018-03-20,3.166,3.166,3.166,3.166,0.0,3.166,0
2018-03-21,3.174,3.174,3.174,3.174,0.0,3.174,0
2018-03-22,3.162,3.162,3.162,3.162,0.0,3.162,0
2018-03-23,3.084,3.084,3.084,3.084,0.0,3.084,0
2018-03-26,3.112,3.112,3.112,3.112,0.0,3.112,0
2018-03-27,3.118,3.118,3.118,3.118,0.0,3.118,0
2018-03-28,3.147,3.147,3.147,3.147,0.0,3.147,0
2018-03-29,3.185,3.185,3.185,3.185,0.0,3.185,0
2018-04-02,3.167,3.167,3.167,3.167,0.0,3.167,0
2018-04-03,3.145,3.145,3.145,3.145,0.0,3.145,0
2018-04-04,3.119,3.119,3.119,3.119,0.0,3.119,0
2018-04-05,3.135,3.135,3.135,3.135,0.0,3.135,0
2018-04-06,3.129,3.129,3.129,3.129,0.0,3.129,0
2018-04-09,3.113,3.113,3.113,3.113,0.0,3.113,0
2018-04-10,3.122,3.122,3.122,3.122,0.0,3.122,0
2018-04-11,3.13,3.13,3.13,3.13,0.0,3.13,0
2018-04-12,3.153,3.153,3.153,3.153,0.0,3.153,0
2018-04-13,3.146,3.146,3.146,3.146,0.0,3.146,0
2018-04-16,3.148,3.148,3.148,3.148,0.0,3.148,0
2018-04-17,3.11,3.11,3.11,3.11,0.0,3.11,0
2018-04-18,3.111,3.111,3.111,3.111,0.0,3.111,0
2018-04-19,3.113,3.113,3.113,3.113,0.0,3.113,0
2018-04-20,3.121,3.121,3.121,3.121,0.0,3.121,0
2018-04-23,3.122,3.122,3.122,3.122,0.0,3.122,0
2018-04-24,3.12,3.12,3.12,3.12,0.0,3.12,0
2018-04-25,3.109,3.109,3.109,3.109,0.0,3.109,0
2018-04-26,3.099,3.099,3.099,3.099,0.0,3.099,0
2018-04-27,3.101,3.101,3.101,3.101,0.0,3.101,0
2018-04-30,3.095,3.095,3.095,3.095,0.0,3.095,0
2018-05-01,3.075,3.075,3.075,3.075,0.0,3.075,0
2018-05-02,3.1,3.1,3.1,3.1,0.0,3.1,0
2018-05-03,3.11,3.11,3.11,3.11,0.0,3.11,0
2018-05-04,3.108,3.108,3.108,3.108,0.0,3.108,0
2018-05-07,3.106,3.106,3.106,3.106,0.0,3.106,0
2018-05-08,3.061,3.061,3.061,3.061,0.0,3.061,0
2018-05-09,3.047,3.047,3.047,3.047,0.0,3.047,0
2018-05-10,3.043,3.043,3.043,3.043,0.0,3.043,0
2018-05-11,3.046,3.046,3.046,3.046,0.0,3.046,0
2018-05-14,3.038,3.038,3.038,3.038,0.0,3.038,0
2018-05-15,3.076,3.076,3.076,3.076,0.0,3.076,0
2018-05-16,3.05,3.05,3.05,3.05,0.0,3.05,0
2018-05-17,3.057,3.057,3.057,3.057,0.0,3.057,0
2018-05-18,3.072,3.072,3.072,3.072,0.0,3.072,0
2018-05-21,3.067,3.067,3.067,3.067,0.0,3.067,0
2018-05-22,3.039,3.039,3.039,3.039,0.0,3.039,0
2018-05-23,3.016,3.016,3.016,3.016,0.0,3.016,0
2018-05-24,3.01,3.01,3.01,3.01,0.0,3.01,0
2018-05-25,2.982,2.982,2.982,2.982,0.0,2.982,0
2018-05-29,2.961,2.961,2.961,2.961,0.0,2.961,0
2018-05-30,2.972,2.972,2.972,2.972,0.0,2.972,0
2018-05-31,2.955,2.955,2.955,2.955,0.0,2.955,0
2018-06-01,2.945,2.945,2.945,2.945,0.0,2.945,0
2018-06-04,2.958,2.958,2.958,2.958,0.0,2.958,0
2018-06-05,2.973,2.973,2.973,2.973,0.0,2.973,0
2018-06-06,2.968,2.968,2.968,2.968,0.0,2.968,0
2018-06-07,2.966,2.966,2.966,2.966,0.0,2.966,0
2018-06-08,2.967,2.967,2.967,2.967,0.0,2.967,0
2018-06-11,2.966,2.966,2.966,2.966,0.0,2.966,0
2018-06-12,2.997,2.997,2.997,2.997,0.0,2.997,0
2018-06-13,3.008,3.008,3.008,3.008,0.0,3.008,0
2018-06-14,3.024,3.024,3.024,3.024,0.0,3.024,0
2018-06-15,3.029,3.029,3.029,3.029,0.0,3.029,0
2018-06-18,3.065,3.065,3.065,3.065,0.0,3.065,0
2018-06-19,3.067,3.067,3.067,3.067,0.0,3.067,0
2018-06-20,3.066,3.066,3.066,3.066,0.0,3.066,0
2018-06-21,3.044,3.044,3.044,3.044,0.0,3.044,0
2018-06-22,3.046,3.046,3.046,3.046,0.0,3.046,0
2018-06-25,3.042,3.042,3.042,3.042,0.0,3.042,0
2018-06-26,3.039,3.039,3.039,3.039,0.0,3.039,0
2018-06-27,3.042,3.042,3.042,3.042,0.0,3.042,0
2018-06-28,3.021,3.021,3.021,3.021,0.0,3.021,0
2018-06-29,3.018,3.018,3.018,3.018,0.0,3.018,0
2018-07-02,3.009,3.009,3.009,3.009,0.0,3.009,0
2018-07-03,3.006,3.006,3.006,3.006,0.0,3.006,0
2018-07-05,3.008,3.008,3.008,3.008,0.0,3.008,0
2018-07-06,3.007,3.007,3.007,3.007,0.0,3.007,0
2018-07-09,2.998,2.998,2.998,2.998,0.0,2.998,0
2018-07-10,3.002,3.002,3.002,3.002,0.0,3.002,0
2018-07-11,2.98,2.98,2.98,2.98,0.0,2.98,0
2018-07-12,2.977,2.977,2.977,2.977,0.0,2.977,0
2018-07-13,2.972,2.972,2.972,2.972,0.0,2.972,0
2018-07-16,2.945,2.945,2.945,2.945,0.0,2.945,0
2018-07-17,2.93,2.93,2.93,2.93,0.0,2.93,0
2018-07-18,2.929,2.929,2.929,2.929,0.0,2.929,0
2018-07-19,2.923,2.923,2.923,2.923,0.0,2.923,0
2018-07-20,2.929,2.929,2.929,2.929,0.0,2.929,0
2018-07-23,2.938,2.938,2.938,2.938,0.0,2.938,0
2018-07-24,2.942,2.942,2.942,2.942,0.0,2.942,0
2018-07-25,2.974,2.974,2.974,2.974,0.0,2.974,0
2018-07-26,2.97,2.97,2.97,2.97,0.0,2.97,0
2018-07-27,2.992,2.992,2.992,2.992,0.0,2.992,0
2018-07-30,2.996,2.996,2.996,2.996,0.0,2.996,0
2018-07-31,2.999,2.999,2.999,2.999,0.0,2.999,0
2018-08-01,2.969,2.969,2.969,2.969,0.0,2.969,0
2018-08-02,2.973,2.973,2.973,2.973,0.0,2.973,0
2018-08-03,2.973,2.973,2.973,2.973,0.0,2.973,0
2018-08-06,2.963,2.963,2.963,2.963,0.0,2.963,0
2018-08-07,3.008,3.008,3.008,3.008,0.0,3.008,0
2018-08-08,3.021,3.021,3.021,3.021,0.0,3.021,0
2018-08-09,3.021,3.021,3.021,3.021,0.0,3.021,0
2018-08-10,3.018,3.018,3.018,3.018,0.0,3.018,0
2018-08-13,3.019,3.019,3.019,3.019,0.0,3.019,0
2018-08-14,3.018,3.018,3.018,3.018,0.0,3.018,0
2018-08-15,3.019,3.019,3.019,3.019,0.0,3.019,0
2018-08-16,3.009,3.009,3.009,3.009,0.0,3.009,0
2018-08-17,3.011,3.011,3.011,3.011,0.0,3.011,0
2018-08-20,3.01,3.01,3.01,3.01,0.0,3.01,0
2018-08-21,3.026,3.026,3.026,3.026,0.0,3.026,0
2018-08-22,3.013,3.013,3.013,3.013,0.0,3.013,0
2018-08-23,3.01,3.01,3.01,3.01,0.0,3.01,0
2018-08-24,2.999,2.999,2.999,2.999,0.0,2.999,0
2018-08-27,2.969,2.969,2.969,2.969,0.0,2.969,0
2018-08-28,2.945,2.945,2.945,2.945,0.0,2.945,0
2018-08-29,2.949,2.949,2.949,2.949,0.0,2.949,0
2018-08-30,2.93,2.93,2.93,2.93,0.0,2.93,0
2018-08-31,2.944,2.944,2.944,2.944,0.0,2.944,0
2018-09-04,2.931,2.931,2.931,2.931,0.0,2.931,0
2018-09-05,2.936,2.936,2.936,2.936,0.0,2.936,0
2018-09-06,2.955,2.955,2.955,2.955,0.0,2.955,0
2018-09-07,2.954,2.954,2.954,2.954,0.0,2.954,0
2018-09-10,2.957,2.957,2.957,2.957,0.0,2.957,0
2018-09-11,2.954,2.954,2.954,2.954,0.0,2.954,0
2018-09-12,2.964,2.964,2.964,2.964,0.0,2.964,0
2018-09-13,2.98,2.98,2.98,2.98,0.0,2.98,0
2018-09-14,2.986,2.986,2.986,2.986,0.0,2.986,0
2018-09-17,2.99,2.99,2.99,2.99,0.0,2.99,0
2018-09-18,3.0,3.0,3.0,3.0,0.0,3.0,0
2018-09-19,2.997,2.997,2.997,2.997,0.0,2.997,0
2018-09-20,3.001,3.001,3.001,3.001,0.0,3.001,0
2018-09-21,2.999,2.999,2.999,2.999,0.0,2.999,0
2018-09-24,2.997,2.997,2.997,2.997,0.0,2.997,0
2018-09-25,3.0,3.0,3.0,3.0,0.0,3.0,0
2018-09-26,3.009,3.009,3.009,3.009,0.0,3.009,0
2018-09-27,3.01,3.01,3.01,3.01,0.0,3.01,0
2018-09-28,3.011,3.011,3.011,3.011,0.0,3.011,0
2018-10-01,3.016,3.016,3.016,3.016,0.0,3.016,0
2018-10-02,3.014,3.014,3.014,3.014,0.0,3.014,0
2018-10-03,3.013,3.013,3.013,3.013,0.0,3.013,0
2018-10-04,3.014,3.014,3.014,3.014,0.0,3.014,0
2018-10-05,3.017,3.017,3.017,3.017,0.0,3.017,0
2018-10-08,3.022,3.022,3.022,3.022,0.0,3.022,0
2018-10-09,3.017,3.017,3.017,3.017,0.0,3.017,0
2018-10-10,3.013,3.013,3.013,3.013,0.0,3.013,0
2018-10-11,3.038,3.038,3.038,3.038,0.0,3.038,0
2018-10-12,3.058,3.058,3.058,3.058,0.0,3.058,0
2018-10-15,3.057,3.057,3.057,3.057,0.0,3.057,0
2018-10-16,3.077,3.077,3.077,3.077,0.0,3.077,0
2018-10-17,3.072,3.072,3.072,3.072,0.0,3.072,0
2018-10-18,3.071,3.071,3.071,3.071,0.0,3.071,0
2018-10-19,3.068,3.068,3.068,3.068,0.0,3.068,0
2018-10-22,3.069,3.069,3.069,3.069,0.0,3.069,0
2018-10-23,3.068,3.068,3.068,3.068,0.0,3.068,0
2018-10-24,3.065,3.065,3.065,3.065,0.0,3.065,0
2018-10-25,3.055,3.055,3.055,3.055,0.0,3.055,0
2018-10-26,3.057,3.057,3.057,3.057,0.0,3.057,0
2018-10-29,3.058,3.058,3.058,3.058,0.0,3.058,0
2018-10-30,3.076,3.076,3.076,3.076,0.0,3.076,0
2018-10-31,3.075,3.075,3.075,3.075,0.0,3.075,0
2018-11-01,3.082,3.082,3.082,3.082,0.0,3.082,0
2018-11-02,3.089,3.089,3.089,3.089,0.0,3.089,0
2018-11-05,3.103,3.103,3.103,3.103,0.0,3.103,0
2018-11-06,3.119,3.119,3.119,3.119,0.0,3.119,0
2018-11-07,3.117,3.117,3.117,3.117,0.0,3.117,0
2018-11-08,3.118,3.118,3.118,3.118,0.0,3.118,0
2018-11-09,3.121,3.121,3.121,3.121,0.0,3.121,0
2018-11-12,3.144,3.144,3.144,3.144,0.0,3.144,0
2018-11-13,3.123,3.123,3.123,3.123,0.0,3.123,0
2018-11-14,3.107,3.107,3.107,3.107,0.0,3.107,0
2018-11-15,3.122,3.122,3.122,3.122,0.0,3.122,0
2018-11-16,3.093,3.093,3.093,3.093,0.0,3.093,0
2018-11-19,3.08,3.08,3.08,3.08,0.0,3.08,0
2018-11-20,3.078,3.078,3.078,3.078,0.0,3.078,0
2018-11-21,3.076,3.076,3.076,3.076,0.0,3.076,0
2018-11-23,3.101,3.101,3.101,3.101,0.0,3.101,0
2018-11-26,3.094,3.094,3.094,3.094,0.0,3.094,0
2018-11-27,3.09,3.09,3.09,3.09,0.0,3.09,0
2018-11-28,3.091,3.091,3.091,3.091,0.0,3.091,0
2018-11-29,3.121,3.121,3.121,3.121,0.0,3.121,0
2018-11-30,3.177,3.177,3.177,3.177,0.0,3.177,0
2018-12-03,3.149,3.149,3.149,3.149,0.0,3.149,0
2018-12-04,3.135,3.135,3.135,3.135,0.0,3.135,0
2018-12-05,3.126,3.126,3.126,3.126,0.0,3.126,0
2018-12-06,3.137,3.137,3.137,3.137,0.0,3.137,0
2018-12-07,3.144,3.144,3.144,3.144,0.0,3.144,0
2018-12-10,3.145,3.145,3.145,3.145,0.0,3.145,0
2018-12-11,3.12,3.12,3.12,3.12,0.0,3.12,0
2018-12-12,3.122,3.122,3.122,3.122,0.0,3.122,0
2018-12-13,3.09,3.09,3.09,3.09,0.0,3.09,0
2018-12-14,3.1,3.1,3.1,3.1,0.0,3.1,0
2018-12-17,3.099,3.099,3.099,3.099,0.0,3.099,0
2018-12-18,3.094,3.094,3.094,3.094,0.0,3.094,0
2018-12-19,3.117,3.117,3.117,3.117,0.0,3.117,0
2018-12-20,3.132,3.132,3.132,3.132,0.0,3.132,0
2018-12-21,3.135,3.135,3.135,3.135,0.0,3.135,0
2018-12-24,3.134,3.134,3.134,3.134,0.0,3.134,0
2018-12-26,3.131,3.131,3.131,3.131,0.0,3.131,0
2018-12-27,3.129,3.129,3.129,3.129,0.0,3.129,0
2018-12-28,3.129,3.129,3.129,3.129,0.0,3.129,0
2018-12-31,3.138,3.138,3.138,3.138,0.0,3.138,0
2019-01-02,3.138,3.138,3.138,3.138,0.0,3.138,0
2019-01-03,3.127,3.127,3.127,3.127,0.0,3.127,0
2019-01-04,3.127,3.127,3.127,3.127,0.0,3.127,0
2019-01-07,3.129,3.129,3.129,3.129,0.0,3.129,0
2019-01-08,3.124,3.124,3.124,3.124,0.0,3.124,0
2019-01-09,3.127,3.127,3.127,3.127,0.0,3.127,0
2019-01-10,3.127,3.127,3.127,3.127,0.0,3.127,0
2019-01-11,3.134,3.134,3.134,3.134,0.0,3.134,0
2019-01-14,3.133,3.133,3.133,3.133,0.0,3.133,0
2019-01-15,3.125,3.125,3.125,3.125,0.0,3.125,0
2019-01-16,3.094,3.094,3.094,3.094,0.0,3.094,0
2019-01-17,3.094,3.094,3.094,3.094,0.0,3.094,0
2019-01-18,3.107,3.107,3.107,3.107,0.0,3.107,0
2019-01-22,3.12,3.12,3.12,3.12,0.0,3.12,0
2019-01-23,3.109,3.109,3.109,3.109,0.0,3.109,0
2019-01-24,3.088,3.088,3.088,3.088,0.0,3.088,0
2019-01-25,3.133,3.133,3.133,3.133,0.0,3.133,0
2019-01-28,3.117,3.117,3.117,3.117,0.0,3.117,0
2019-01-29,3.12,3.12,3.12,3.12,0.0,3.12,0
2019-01-30,3.122,3.122,3.122,3.122,0.0,3.122,0
2019-01-31,3.123,3.123,3.123,3.123,0.0,3.123,0
2019-02-01,3.124,3.124,3.124,3.124,0.0,3.124,0
2019-02-04,3.111,3.111,3.111,3.111,0.0,3.111,0
2019-02-05,3.163,3.163,3.163,3.163,0.0,3.163,0
2019-02-06,3.16,3.16,3.16,3.16,0.0,3.16,0
2019-02-07,3.156,3.156,3.156,3.156,0.0,3.156,0
2019-02-08,3.158,3.158,3.158,3.158,0.0,3.158,0
2019-02-11,3.163,3.163,3.163,3.163,0.0,3.163,0
2019-02-12,3.171,3.171,3.171,3.171,0.0,3.171,0
2019-02-13,3.169,3.169,3.169,3.169,0.0,3.169,0
2019-02-14,3.176,3.176,3.176,3.176,0.0,3.176,0
2019-02-15,3.156,3.156,3.156,3.156,0.0,3.156,0
2019-02-19,3.147,3.147,3.147,3.147,0.0,3.147,0
2019-02-20,3.159,3.159,3.159,3.159,0.0,3.159,0
2019-02-21,3.146,3.146,3.146,3.146,0.0,3.146,0
2019-02-22,3.143,3.143,3.143,3.143,0.0,3.143,0
2019-02-25,3.135,3.135,3.135,3.135,0.0,3.135,0
2019-02-26,3.117,3.117,3.117,3.117,0.0,3.117,0
2019-02-27,3.153,3.153,3.153,3.153,0.0,3.153,0
2019-02-28,3.164,3.164,3.164,3.164,0.0,3.164,0
2019-03-01,3.163,3.163,3.163,3.163,0.0,3.163,0
2019-03-04,3.159,3.159,3.159,3.159,0.0,3.159,0
2019-03-05,3.157,3.157,3.157,3.157,0.0,3.157,0
2019-03-06,3.16,3.16,3.16,3.16,0.0,3.16,0
2019-03-07,3.165,3.165,3.165,3.165,0.0,3.165,0
2019-03-08,3.165,3.165,3.165,3.165,0.0,3.165,0
2019-03-11,3.192,3.192,3.192,3.192,0.0,3.192,0
2019-03-12,3.207,3.207,3.207,3.207,0.0,3.207,0
2019-03-13,3.216,3.216,3.216,3.216,0.0,3.216,0
2019-03-14,3.224,3.224,3.224,3.224,0.0,3.224,0
2019-03-15,3.225,3.225,3.225,3.225,0.0,3.225,0
2019-03-18,3.224,3.224,3.224,3.224,0.0,3.224,0
2019-03-19,3.225,3.225,3.225,3.225,0.0,3.225,0
2019-03-20,3.223,3.223,3.223,3.223,0.0,3.223,0
2019-03-21,3.233,3.233,3.233,3.233,0.0,3.233,0
2019-03-22,3.223,3.223,3.223,3.223,0.0,3.223,0
2019-03-25,3.222,3.222,3.222,3.222,0.0,3.222,0
2019-03-26,3.224,3.224,3.224,3.224,0.0,3.224,0
2019-03-27,3.215,3.215,3.215,3.215,0.0,3.215,0
2019-03-28,3.218,3.218,3.218,3.218,0.0,3.218,0
2019-03-29,3.217,3.217,3.217,3.217,0.0,3.217,0
2019-04-01,3.216,3.216,3.216,3.216,0.0,3.216,0
2019-04-02,3.223,3.223,3.223,3.223,0.0,3.223,0
2019-04-03,3.233,3.233,3.233,3.233,0.0,3.233,0
2019-04-04,3.264,3.264,3.264,3.264,0.0,3.264,0
2019-04-05,3.232,3.232,3.232,3.232,0.0,3.232,0
2019-04-08,3.235,3.235,3.235,3.235,0.0,3.235,0
2019-04-09,3.242,3.242,3.242,3.242,0.0,3.242,0
2019-04-10,3.22,3.22,3.22,3.22,0.0,3.22,0
2019-04-11,3.218,3.218,3.218,3.218,0.0,3.218,0
2019-04-12,3.218,3.218,3.218,3.218,0.0,3.218,0
2019-04-15,3.218,3.218,3.218,3.218,0.0,3.218,0
2019-04-16,3.219,3.219,3.219,3.219,0.0,3.219,0
2019-04-17,3.209,3.209,3.209,3.209,0.0,3.209,0
2019-04-18,3.194,3.194,3.194,3.194,0.0,3.194,0
2019-04-22,3.182,3.182,3.182,3.182,0.0,3.182,0
2019-04-23,3.177,3.177,3.177,3.177,0.0,3.177,0
2019-04-24,3.187,3.187,3.187,3.187,0.0,3.187,0
2019-04-25,3.197,3.197,3.197,3.197,0.0,3.197,0
2019-04-26,3.194,3.194,3.194,3.194,0.0,3.194,0
2019-04-29,3.201,3.201,3.201,3.201,0.0,3.201,0
2019-04-30,3.206,3.206,3.206,3.206,0.0,3.206,0
2019-05-01,3.208,3.208,3.208,3.208,0.0,3.208,0
2019-05-02,3.205,3.205,3.205,3.205,0.0,3.205,0
2019-05-03,3.218,3.218,3.218,3.218,0.0,3.218,0
2019-05-06,3.221,3.221,3.221,3.221,0.0,3.221,0
2019-05-07,3.221,3.221,3.221,3.221,0.0,3.221,0
2019-05-08,3.215,3.215,3.215,3.215,0.0,3.215,0
2019-05-09,3.222,3.222,3.222,3.222,0.0,3.222,0
2019-05-10,3.213,3.213,3.213,3.213,0.0,3.213,0
2019-05-13,3.216,3.216,3.216,3.216,0.0,3.216,0
2019-05-14,3.227,3.227,3.227,3.227,0.0,3.227,0
2019-05-15,3.245,3.245,3.245,3.245,0.0,3.245,0
2019-05-16,3.241,3.241,3.241,3.241,0.0,3.241,0
2019-05-17,3.245,3.245,3.245,3.245,0.0,3.245,0
2019-05-20,3.25,3.25,3.25,3.25,0.0,3.25,0
2019-05-21,3.253,3.253,3.253,3.253,0.0,3.253,0
2019-05-22,3.19,3.19,3.19,3.19,0.0,3.19,0
2019-05-23,3.202,3.202,3.202,3.202,0.0,3.202,0
2019-05-24,3.212,3.212,3.212,3.212,0.0,3.212,0
2019-05-28,3.253,3.253,3.253,3.253,0.0,3.253,0
2019-05-29,3.234,3.234,3.234,3.234,0.0,3.234,0
2019-05-30,3.232,3.232,3.232,3.232,0.0,3.232,0
2019-05-31,3.23,3.23,3.23,3.23,0.0,3.23,0
2019-06-03,3.218,3.218,3.218,3.218,0.0,3.218,0
2019-06-04,3.211,3.211,3.211,3.211,0.0,3.211,0
2019-06-05,3.215,3.215,3.215,3.215,0.0,3.215,0
2019-06-06,3.225,3.225,3.225,3.225,0.0,3.225,0
2019-06-07,3.226,3.226,3.226,3.226,0.0,3.226,0
2019-06-10,3.215,3.215,3.215,3.215,0.0,3.215,0
2019-06-11,3.215,3.215,3.215,3.215,0.0,3.215,0
2019-06-12,3.212,3.212,3.212,3.212,0.0,3.212,0
2019-06-13,3.213,3.213,3.213,3.213,0.0,3.213,0
2019-06-14,3.218,3.218,3.218,3.218,0.0,3.218,0
2019-06-17,3.221,3.221,3.221,3.221,0.0,3.221,0
2019-06-18,3.204,3.204,3.204,3.204,0.0,3.204,0
2019-06-19,3.205,3.205,3.205,3.205,0.0,3.205,0
2019-06-20,3.209,3.209,3.209,3.209,0.0,3.209,0
2019-06-21,3.224,3.224,3.224,3.224,0.0,3.224,0
2019-06-24,3.224,3.224,3.224,3.224,0.0,3.224,0
2019-06-25,3.223,3.223,3.223,3.223,0.0,3.223,0
2019-06-26,3.215,3.215,3.215,3.215,0.0,3.215,0
2019-06-27,3.211,3.211,3.211,3.211,0.0,3.211,0
2019-06-28,3.183,3.183,3.183,3.183,0.0,3.183,0
2019-07-01,3.176,3.176,3.176,3.176,0.0,3.176,0
2019-07-02,3.185,3.185,3.185,3.185,0.0,3.185,0
2019-07-03,3.184,3.184,3.184,3.184,0.0,3.184,0
2019-07-05,3.21,3.21,3.21,3.21,0.0,3.21,0
2019-07-08,3.206,3.206,3.206,3.206,0.0,3.206,0
2019-07-09,3.245,3.245,3.245,3.245,0.0,3.245,0
2019-07-10,3.237,3.237,3.237,3.237,0.0,3.237,0
2019-07-11,3.245,3.245,3.245,3.245,0.0,3.245,0
2019-07-12,3.253,3.253,3.253,3.253,0.0,3.253,0
2019-07-15,3.258,3.258,3.258,3.258,0.0,3.258,0
2019-07-16,3.234,3.234,3.234,3.234,0.0,3.234,0
2019-07-17,3.231,3.231,3.231,3.231,0.0,3.231,0
2019-07-18,3.25,3.25,3.25,3.25,0.0,3.25,0
2019-07-19,3.243,3.243,3.243,3.243,0.0,3.243,0
2019-07-22,3.17,3.17,3.17,3.17,0.0,3.17,0
2019-07-23,3.208,3.208,3.208,3.208,0.0,3.208,0
2019-07-24,3.201,3.201,3.201,3.201,0.0,3.201,0
2019-07-25,3.202,3.202,3.202,3.202,0.0,3.202,0
2019-07-26,3.196,3.196,3.196,3.196,0.0,3.196,0
2019-07-29,3.185,3.185,3.185,3.185,0.0,3.185,0
2019-07-30,3.188,3.188,3.188,3.188,0.0,3.188,0
2019-07-31,3.194,3.194,3.194,3.194,0.0,3.194,0
2019-08-01,3.197,3.197,3.197,3.197,0.0,3.197,0
2019-08-02,3.184,3.184,3.184,3.184,0.0,3.184,0
2019-08-05,3.182,3.182,3.182,3.182,0.0,3.182,0
2019-08-06,3.183,3.183,3.183,3.183,0.0,3.183,0
2019-08-07,3.188,3.188,3.188,3.188,0.0,3.188,0
2019-08-08,3.157,3.157,3.157,3.157,0.0,3.157,0
2019-08-09,3.146,3.146,3.146,3.146,0.0,3.146,0
2019-08-12,3.105,3.105,3.105,3.105,0.0,3.105,0
2019-08-13,3.087,3.087,3.087,3.087,0.0,3.087,0
2019-08-14,3.031,3.031,3.031,3.031,0.0,3.031,0
2019-08-15,3.031,3.031,3.031,3.031,0.0,3.031,0
2019-08-16,3.014,3.014,3.014,3.014,0.0,3.014,0
2019-08-19,3.019,3.019,3.019,3.019,0.0,3.019,0
2019-08-20,3.022,3.022,3.022,3.022,0.0,3.022,0
2019-08-21,3.027,3.027,3.027,3.027,0.0,3.027,0
2019-08-22,3.031,3.031,3.031,3.031,0.0,3.031,0
2019-08-23,3.061,3.061,3.061,3.061,0.0,3.061,0
2019-08-26,3.05,3.05,3.05,3.05,0.0,3.05,0
2019-08-27,3.07,3.07,3.07,3.07,0.0,3.07,0
2019-08-28,3.089,3.089,3.089,3.089,0.0,3.089,0
2019-08-29,3.077,3.077,3.077,3.077,0.0,3.077,0
2019-08-30,3.018,3.018,3.018,3.018,0.0,3.018,0
2019-09-03,3.032,3.032,3.032,3.032,0.0,3.032,0
2019-09-04,2.993,2.993,2.993,2.993,0.0,2.993,0
2019-09-05,3.005,3.005,3.005,3.005,0.0,3.005,0
2019-09-06,2.992,2.992,2.992,2.992,0.0,2.992,0
2019-09-09,2.963,2.963,2.963,2.963,0.0,2.963,0
2019-09-10,2.967,2.967,2.967,2.967,0.0,2.967,0
2019-09-11,2.962,2.962,2.962,2.962,0.0,2.962,0
2019-09-12,2.967,2.967,2.967,2.967,0.0,2.967,0
2019-09-13,2.932,2.932,2.932,2.932,0.0,2.932,0
2019-09-16,2.962,2.962,2.962,2.962,0.0,2.962,0
2019-09-17,2.926,2.926,2.926,2.926,0.0,2.926,0
2019-09-18,2.939,2.939,2.939,2.939,0.0,2.939,0
2019-09-19,2.933,2.933,2.933,2.933,0.0,2.933,0
2019-09-20,2.944,2.944,2.944,2.944,0.0,2.944,0
2019-09-23,2.941,2.941,2.941,2.941,0.0,2.941,0
2019-09-24,2.932,2.932,2.932,2.932,0.0,2.932,0
2019-09-25,2.931,2.931,2.931,2.931,0.0,2.931,0
2019-09-26,2.932,2.932,2.932,2.932,0.0,2.932,0
2019-09-27,2.891,2.891,2.891,2.891,0.0,2.891,0
2019-09-30,2.953,2.953,2.953,2.953,0.0,2.953,0
2019-10-01,2.902,2.902,2.902,2.902,0.0,2.902,0
2019-10-02,2.93,2.93,2.93,2.93,0.0,2.93,0
2019-10-03,2.915,2.915,2.915,2.915,0.0,2.915,0
2019-10-04,2.905,2.905,2.905,2.905,0.0,2.905,0
2019-10-07,2.909,2.909,2.909,2.909,0.0,2.909,0
2019-10-08,2.885,2.885,2.885,2.885,0.0,2.885,0
2019-10-09,2.896,2.896,2.896,2.896,0.0,2.896,0
2019-10-10,2.897,2.897,2.897,2.897,0.0,2.897,0
2019-10-11,2.908,2.908,2.908,2.908,0.0,2.908,0
2019-10-14,2.923,2.923,2.923,2.923,0.0,2.923,0
2019-10-15,2.939,2.939,2.939,2.939,0.0,2.939,0
2019-10-16,2.941,2.941,2.941,2.941,0.0,2.941,0
2019-10-17,2.938,2.938,2.938,2.938,0.0,2.938,0
2019-10-18,2.933,2.933,2.933,2.933,0.0,2.933,0
2019-10-21,2.928,2.928,2.928,2.928,0.0,2.928,0
2019-10-22,2.932,2.932,2.932,2.932,0.0,2.932,0
2019-10-23,2.926,2.926,2.926,2.926,0.0,2.926,0
2019-10-24,2.93,2.93,2.93,2.93,0.0,2.93,0
2019-10-25,2.928,2.928,2.928,2.928,0.0,2.928,0
2019-10-28,2.937,2.937,2.937,2.937,0.0,2.937,0
2019-10-29,2.953,2.953,2.953,2.953,0.0,2.953,0
2019-10-30,2.96,2.96,2.96,2.96,0.0,2.96,0
2019-10-31,2.958,2.958,2.958,2.958,0.0,2.958,0
2019-11-01,2.967,2.967,2.967,2.967,0.0,2.967,0
2019-11-04,2.903,2.903,2.903,2.903,0.0,2.903,0
2019-11-05,2.882,2.882,2.882,2.882,0.0,2.882,0
2019-11-06,2.893,2.893,2.893,2.893,0.0,2.893,0
2019-11-07,2.84,2.84,2.84,2.84,0.0,2.84,0
2019-11-08,2.847,2.847,2.847,2.847,0.0,2.847,0
2019-11-11,2.838,2.838,2.838,2.838,0.0,2.838,0
2019-11-12,2.778,2.778,2.778,2.778,0.0,2.778,0
2019-11-13,2.779,2.779,2.779,2.779,0.0,2.779,0
2019-11-14,2.766,2.766,2.766,2.766,0.0,2.766,0
2019-11-15,2.772,2.772,2.772,2.772,0.0,2.772,0
2019-11-18,2.776,2.776,2.776,2.776,0.0,2.776,0
2019-11-19,2.788,2.788,2.788,2.788,0.0,2.788,0
2019-11-20,2.8,2.8,2.8,2.8,0.0,2.8,0
2019-11-21,2.807,2.807,2.807,2.807,0.0,2.807,0
2019-11-22,2.807,2.807,2.807,2.807,0.0,2.807,0
2019-11-25,2.789,2.789,2.789,2.789,0.0,2.789,0
2019-11-26,2.783,2.783,2.783,2.783,0.0,2.783,0
2019-11-27,2.787,2.787,2.787,2.787,0.0,2.787,0
2019-11-29,2.745,2.745,2.745,2.745,0.0,2.745,0
2019-12-02,2.771,2.771,2.771,2.771,0.0,2.771,0
2019-12-03,2.78,2.78,2.78,2.78,0.0,2.78,0
2019-12-04,2.779,2.779,2.779,2.779,0.0,2.779,0
2019-12-05,2.771,2.771,2.771,2.771,0.0,2.771,0
2019-12-06,2.726,2.726,2.726,2.726,0.0,2.726,0
2019-12-09,2.698,2.698,2.698,2.698,0.0,2.698,0
2019-12-10,2.707,2.707,2.707,2.707,0.0,2.707,0
2019-12-11,2.704,2.704,2.704,2.704,0.0,2.704,0
2019-12-12,2.709,2.709,2.709,2.709,0.0,2.709,0
2019-12-13,2.692,2.692,2.692,2.692,0.0,2.692,0
2019-12-16,2.706,2.706,2.706,2.706,0.0,2.706,0
2019-12-17,2.708,2.708,2.708,2.708,0.0,2.708,0
2019-12-18,2.632,2.632,2.632,2.632,0.0,2.632,0
2019-12-19,2.58,2.58,2.58,2.58,0.0,2.58,0
2019-12-20,2.571,2.571,2.571,2.571,0.0,2.571,0
2019-12-23,2.578,2.578,2.578,2.578,0.0,2.578,0
2019-12-24,2.576,2.576,2.576,2.576,0.0,2.576,0
2019-12-26,2.564,2.564,2.564,2.564,0.0,2.564,0
2019-12-27,2.562,2.562,2.562,2.562,0.0,2.562,0
2019-12-30,2.559,2.559,2.559,2.559,0.0,2.559,0
2019-12-31,2.568,2.568,2.568,2.568,0.0,2.568,0
2020-01-02,2.563,2.563,2.563,2.563,0.0,2.563,0
2020-01-03,2.563,2.563,2.563,2.563,0.0,2.563,0
2020-01-06,2.567,2.567,2.567,2.567,0.0,2.567,0
2020-01-07,2.582,2.582,2.582,2.582,0.0,2.582,0
2020-01-08,2.585,2.585,2.585,2.585,0.0,2.585,0
2020-01-09,2.596,2.596,2.596,2.596,0.0,2.596,0
2020-01-10,2.598,2.598,2.598,2.598,0.0,2.598,0
2020-01-13,2.598,2.598,2.598,2.598,0.0,2.598,0
2020-01-14,2.597,2.597,2.597,2.597,0.0,2.597,0
2020-01-15,2.596,2.596,2.596,2.596,0.0,2.596,0
2020-01-16,2.603,2.603,2.603,2.603,0.0,2.603,0
2020-01-17,2.613,2.613,2.613,2.613,0.0,2.613,0
2020-01-21,2.603,2.603,2.603,2.603,0.0,2.603,0
2020-01-22,2.615,2.615,2.615,2.615,0.0,2.615,0
2020-01-23,2.607,2.607,2.607,2.607,0.0,2.607,0
2020-01-24,2.619,2.619,2.619,2.619,0.0,2.619,0
2020-01-27,2.578,2.578,2.578,2.578,0.0,2.578,0
2020-01-28,2.588,2.588,2.588,2.588,0.0,2.588,0
2020-01-29,2.573,2.573,2.573,2.573,0.0,2.573,0
2020-01-30,2.544,2.544,2.544,2.544,0.0,2.544,0
2020-01-31,2.545,2.545,2.545,2.545,0.0,2.545,0
2020-02-03,2.54,2.54,2.54,2.54,0.0,2.54,0
2020-02-04,2.536,2.536,2.536,2.536,0.0,2.536,0
2020-02-05,2.503,2.503,2.503,2.503,0.0,2.503,0
2020-02-06,2.507,2.507,2.507,2.507,0.0,2.507,0
2020-02-07,2.525,2.525,2.525,2.525,0.0,2.525,0
2020-02-10,2.517,2.517,2.517,2.517,0.0,2.517,0
2020-02-11,2.476,2.476,2.476,2.476,0.0,2.476,0
2020-02-12,2.483,2.483,2.483,2.483,0.0,2.483,0
2020-02-13,2.473,2.473,2.473,2.473,0.0,2.473,0
2020-02-14,2.489,2.489,2.489,2.489,0.0,2.489,0
2020-02-18,2.462,2.462,2.462,2.462,0.0,2.462,0
2020-02-19,2.508,2.508,2.508,2.508,0.0,2.508,0
2020-02-20,2.508,2.508,2.508,2.508,0.0,2.508,0
2020-02-21,2.538,2.538,2.538,2.538,0.0,2.538,0
2020-02-24,2.544,2.544,2.544,2.544,0.0,2.544,0
2020-02-25,2.547,2.547,2.547,2.547,0.0,2.547,0
2020-02-26,2.57,2.57,2.57,2.57,0.0,2.57,0
2020-02-27,2.56,2.56,2.56,2.56,0.0,2.56,0
2020-02-28,2.578,2.578,2.578,2.578,0.0,2.578,0
2020-03-02,2.633,2.633,2.633,2.633,0.0,2.633,0
2020-03-03,2.629,2.629,2.629,2.629,0.0,2.629,0
2020-03-04,2.618,2.618,2.618,2.618,0.0,2.618,0
2020-03-05,2.593,2.593,2.593,2.593,0.0,2.593,0
2020-03-06,2.606,2.606,2.606,2.606,0.0,2.606,0
2020-03-09,2.643,2.643,2.643,2.643,0.0,2.643,0
2020-03-10,2.643,2.643,2.643,2.643,0.0,2.643,0
2020-03-11,2.605,2.605,2.605,2.605,0.0,2.605,0
2020-03-12,2.555,2.555,2.555,2.555,0.0,2.555,0
2020-03-13,2.55,2.55,2.55,2.55,0.0,2.55,0
2020-03-16,2.539,2.539,2.539,2.539,0.0,2.539,0
2020-03-17,2.568,2.568,2.568,2.568,0.0,2.568,0
2020-03-18,2.574,2.574,2.574,2.574,0.0,2.574,0
2020-03-19,2.587,2.587,2.587,2.587,0.0,2.587,0
2020-03-20,2.581,2.581,2.581,2.581,0.0,2.581,0
2020-03-23,2.576,2.576,2.576,2.576,0.0,2.576,0
2020-03-24,2.533,2.533,2.533,2.533,0.0,2.533,0
2020-03-25,2.528,2.528,2.528,2.528,0.0,2.528,0
2020-03-26,2.494,2.494,2.494,2.494,0.0,2.494,0
2020-03-27,2.516,2.516,2.516,2.516,0.0,2.516,0
2020-03-30,2.524,2.524,2.524,2.524,0.0,2.524,0
2020-03-31,2.512,2.512,2.512,2.512,0.0,2.512,0
2020-04-01,2.482,2.482,2.482,2.482,0.0,2.482,0
2020-04-02,2.468,2.468,2.468,2.468,0.0,2.468,0
2020-04-03,2.452,2.452,2.452,2.452,0.0,2.452,0
2020-04-06,2.468,2.468,2.468,2.468,0.0,2.468,0
2020-04-07,2.462,2.462,2.462,2.462,0.0,2.462,0
2020-04-08,2.479,2.479,2.479,2.479,0.0,2.479,0
2020-04-09,2.445,2.445,2.445,2.445,0.0,2.445,0
2020-04-13,2.491,2.491,2.491,2.491,0.0,2.491,0
2020-04-14,2.473,2.473,2.473,2.473,0.0,2.473,0
2020-04-15,2.442,2.442,2.442,2.442,0.0,2.442,0
2020-04-16,2.447,2.447,2.447,2.447,0.0,2.447,0
2020-04-17,2.448,2.448,2.448,2.448,0.0,2.448,0
2020-04-20,2.484,2.484,2.484,2.484,0.0,2.484,0
2020-04-21,2.467,2.467,2.467,2.467,0.0,2.467,0
2020-04-22,2.495,2.495,2.495,2.495,0.0,2.495,0
2020-04-23,2.449,2.449,2.449,2.449,0.0,2.449,0
2020-04-24,2.447,2.447,2.447,2.447,0.0,2.447,0
2020-04-27,2.473,2.473,2.473,2.473,0.0,2.473,0
2020-04-28,2.465,2.465,2.465,2.465,0.0,2.465,0
2020-04-29,2.46,2.46,2.46,2.46,0.0,2.46,0
2020-04-30,2.435,2.435,2.435,2.435,0.0,2.435,0
2020-05-01,2.418,2.418,2.418,2.418,0.0,2.418,0
2020-05-04,2.389,2.389,2.389,2.389,0.0,2.389,0
2020-05-05,2.376,2.376,2.376,2.376,0.0,2.376,0
2020-05-06,2.415,2.415,2.415,2.415,0.0,2.415,0
2020-05-07,2.362,2.362,2.362,2.362,0.0,2.362,0
2020-05-08,2.351,2.351,2.351,2.351,0.0,2.351,0
2020-05-11,2.327,2.327,2.327,2.327,0.0,2.327,0
2020-05-12,2.331,2.331,2.331,2.331,0.0,2.331,0
2020-05-13,2.329,2.329,2.28,2.28,15.0,2.329,1
2020-05-14,2.254,2.254,2.254,2.254,0.0,2.254,0
2020-05-15,2.315,2.315,2.315,2.315,0.0,2.315,0
2020-05-18,2.333,2.333,2.333,2.333,0.0,2.333,0
2020-05-19,2.33,2.33,2.33,2.33,0.0,2.33,0
2020-05-20,2.277,2.277,2.277,2.277,0.0,2.277,0
2020-05-21,2.268,2.268,2.268,2.268,0.0,2.268,0
2020-05-22,2.311,2.311,2.311,2.311,0.0,2.311,0
2020-05-26,2.291,2.291,2.291,2.291,0.0,2.291,0
2020-05-27,2.368,2.368,2.368,2.368,0.0,2.368,0
2020-05-28,2.36,2.36,2.36,2.36,0.0,2.36,0
2020-05-29,2.354,2.354,2.354,2.354,0.0,2.354,0
2020-06-01,2.336,2.336,2.336,2.336,0.0,2.336,0
2020-06-02,2.341,2.341,2.341,2.341,0.0,2.341,0
2020-06-03,2.328,2.328,2.328,2.328,0.0,2.328,0
2020-06-04,2.337,2.337,2.337,2.337,0.0,2.337,0
2020-06-05,2.331,2.331,2.331,2.331,0.0,2.331,0
2020-06-08,2.345,2.345,2.345,2.345,0.0,2.345,0
2020-06-09,2.367,2.367,2.367,2.367,0.0,2.367,0
2020-06-10,2.372,2.372,2.372,2.372,0.0,2.372,0
2020-06-11,2.367,2.367,2.367,2.367,0.0,2.367,0
2020-06-12,2.356,2.356,2.356,2.356,0.0,2.356,0
2020-06-15,2.383,2.383,2.383,2.383,0.0,2.383,0
2020-06-16,2.384,2.384,2.384,2.384,0.0,2.384,0
2020-06-17,2.379,2.379,2.379,2.379,0.0,2.379,0
2020-06-18,2.378,2.378,2.378,2.378,0.0,2.378,0
2020-06-19,2.361,2.361,2.361,2.361,0.0,2.361,0
2020-06-22,2.349,2.349,2.349,2.349,0.0,2.349,0
2020-06-23,2.348,2.348,2.348,2.348,0.0,2.348,0
2020-06-24,2.37,2.37,2.37,2.37,0.0,2.37,0
2020-06-25,2.403,2.403,2.403,2.403,0.0,2.403,0
2020-06-26,2.424,2.424,2.424,2.424,0.0,2.424,0
2020-06-29,2.422,2.422,2.422,2.422,0.0,2.422,0
2020-06-30,2.422,2.422,2.422,2.422,0.0,2.422,0
2020-07-01,2.435,2.435,2.435,2.435,0.0,2.435,0
2020-07-02,2.479,2.479,2.479,2.479,0.0,2.479,0
2020-07-06,2.458,2.458,2.458,2.458,0.0,2.458,0
2020-07-07,2.441,2.441,2.441,2.441,0.0,2.441,0
2020-07-08,2.469,2.469,2.469,2.469,0.0,2.469,0
2020-07-09,2.454,2.454,2.454,2.454,0.0,2.454,0
2020-07-10,2.436,2.436,2.436,2.436,0.0,2.436,0
2020-07-13,2.432,2.432,2.432,2.432,0.0,2.432,0
2020-07-14,2.431,2.431,2.431,2.431,0.0,2.431,0
2020-07-15,2.441,2.441,2.441,2.441,0.0,2.441,0
2020-07-16,2.434,2.434,2.434,2.434,0.0,2.434,0
2020-07-17,2.431,2.431,2.431,2.431,0.0,2.431,0
2020-07-20,2.422,2.422,2.422,2.422,0.0,2.422,0
2020-07-21,2.438,2.438,2.438,2.438,0.0,2.438,0
2020-07-22,2.447,2.447,2.447,2.447,0.0,2.447,0
2020-07-23,2.531,2.531,2.531,2.531,0.0,2.531,0
2020-07-24,2.525,2.525,2.525,2.525,0.0,2.525,0
2020-07-27,2.59,2.59,2.59,2.59,0.0,2.59,0
2020-07-28,2.587,2.587,2.587,2.587,0.0,2.587,0
2020-07-29,2.592,2.592,2.592,2.592,0.0,2.592,0
2020-07-30,2.604,2.604,2.604,2.604,0.0,2.604,0
2020-07-31,2.704,2.704,2.704,2.704,0.0,2.704,0
2020-08-03,2.702,2.702,2.702,2.702,0.0,2.702,0
2020-08-04,2.696,2.696,2.696,2.696,0.0,2.696,0
2020-08-05,2.714,2.714,2.714,2.714,0.0,2.714,0
2020-08-06,2.739,2.739,2.739,2.739,0.0,2.739,0
2020-08-07,2.801,2.801,2.801,2.801,0.0,2.801,0
2020-08-10,2.769,2.769,2.769,2.769,0.0,2.769,0
2020-08-11,2.684,2.684,2.684,2.684,0.0,2.684,0
2020-08-12,2.661,2.661,2.661,2.661,0.0,2.661,0
2020-08-13,2.681,2.681,2.681,2.681,0.0,2.681,0
2020-08-14,2.667,2.667,2.667,2.667,0.0,2.667,0
2020-08-17,2.667,2.667,2.667,2.667,0.0,2.667,0
2020-08-18,2.662,2.662,2.662,2.662,0.0,2.662,0
2020-08-19,2.657,2.657,2.657,2.657,0.0,2.657,0
2020-08-20,2.655,2.655,2.655,2.655,0.0,2.655,0
2020-08-21,2.65,2.65,2.65,2.65,0.0,2.65,0
2020-08-24,2.645,2.645,2.645,2.645,0.0,2.645,0
2020-08-25,2.638,2.638,2.638,2.638,0.0,2.638,0
2020-08-26,2.666,2.666,2.666,2.666,0.0,2.666,0
2020-08-27,2.675,2.675,2.675,2.675,0.0,2.675,0
2020-08-28,2.663,2.663,2.663,2.663,0.0,2.663,0
2020-08-31,2.637,2.637,2.637,2.637,0.0,2.637,0
2020-09-01,2.635,2.635,2.635,2.635,0.0,2.635,0
2020-09-02,2.629,2.629,2.629,2.629,0.0,2.629,0
2020-09-03,2.626,2.626,2.626,2.626,0.0,2.626,0
2020-09-04,2.552,2.552,2.552,2.552,0.0,2.552,0
2020-09-08,2.553,2.553,2.553,2.553,0.0,2.553,0
2020-09-09,2.539,2.539,2.539,2.539,0.0,2.539,0
2020-09-10,2.521,2.521,2.521,2.521,0.0,2.521,0
2020-09-11,2.498,2.498,2.498,2.498,0.0,2.498,0
2020-09-14,2.471,2.471,2.471,2.471,0.0,2.471,0
2020-09-15,2.478,2.478,2.478,2.478,0.0,2.478,0
2020-09-16,2.429,2.429,2.429,2.429,0.0,2.429,0
2020-09-17,2.417,2.417,2.417,2.417,0.0,2.417,0
2020-09-18,2.438,2.438,2.438,2.438,0.0,2.438,0
2020-09-21,2.409,2.409,2.409,2.409,0.0,2.409,0
2020-09-22,2.448,2.448,2.448,2.448,0.0,2.448,0
2020-09-23,2.488,2.488,2.488,2.488,0.0,2.488,0
2020-09-24,2.514,2.514,2.514,2.514,0.0,2.514,0
2020-09-25,2.533,2.533,2.533,2.533,0.0,2.533,0
2020-09-28,2.541,2.541,2.541,2.541,0.0,2.541,0
2020-09-29,2.512,2.512,2.512,2.512,0.0,2.512,0
2020-09-30,2.493,2.493,2.493,2.493,0.0,2.493,0
2020-10-01,2.473,2.473,2.473,2.473,0.0,2.473,0
2020-10-02,2.47,2.47,2.47,2.47,0.0,2.47,0
2020-10-05,2.448,2.448,2.448,2.448,0.0,2.448,0
2020-10-06,2.455,2.455,2.455,2.455,0.0,2.455,0
2020-10-07,2.478,2.478,2.478,2.478,0.0,2.478,0
2020-10-08,2.453,2.453,2.453,2.453,0.0,2.453,0
2020-10-09,2.483,2.483,2.483,2.483,0.0,2.483,0
2020-10-12,2.469,2.469,2.469,2.469,0.0,2.469,0
2020-10-13,2.449,2.449,2.449,2.449,0.0,2.449,0
2020-10-14,2.476,2.476,2.476,2.476,0.0,2.476,0
2020-10-15,2.462,2.462,2.462,2.462,0.0,2.462,0
2020-10-16,2.465,2.465,2.465,2.465,0.0,2.465,0
2020-10-19,2.508,2.508,2.508,2.508,0.0,2.508,0
2020-10-20,2.449,2.449,2.449,2.449,0.0,2.449,0
2020-10-21,2.47,2.47,2.47,2.47,0.0,2.47,0
2020-10-22,2.472,2.472,2.472,2.472,0.0,2.472,0
2020-10-23,2.499,2.499,2.499,2.499,0.0,2.499,0
2020-10-26,2.412,2.412,2.412,2.412,0.0,2.412,0
2020-10-27,2.446,2.446,2.446,2.446,0.0,2.446,0
2020-10-28,2.496,2.496,2.496,2.496,0.0,2.496,0
2020-10-29,2.508,2.508,2.508,2.508,0.0,2.508,0
2020-10-30,2.525,2.525,2.525,2.525,0.0,2.525,0
2020-11-02,2.46,2.46,2.46,2.46,0.0,2.46,0
2020-11-03,2.489,2.489,2.489,2.489,0.0,2.489,0
2020-11-04,2.486,2.486,2.486,2.486,0.0,2.486,0
2020-11-05,2.481,2.481,2.481,2.481,0.0,2.481,0
2020-11-06,2.471,2.471,2.471,2.471,0.0,2.471,0
2020-11-09,2.467,2.467,2.467,2.467,0.0,2.467,0
2020-11-10,2.477,2.477,2.477,2.477,0.0,2.477,0
2020-11-11,2.492,2.492,2.492,2.492,0.0,2.492,0
2020-11-12,2.489,2.489,2.489,2.489,0.0,2.489,0
2020-11-13,2.443,2.443,2.443,2.443,0.0,2.443,0
2020-11-16,2.44,2.44,2.44,2.44,0.0,2.44,0
2020-11-17,2.457,2.457,2.457,2.457,0.0,2.457,0
2020-11-18,2.481,2.481,2.481,2.481,0.0,2.481,0
2020-11-19,2.481,2.481,2.481,2.481,0.0,2.481,0
2020-11-20,2.474,2.474,2.474,2.474,0.0,2.474,0
2020-11-23,2.468,2.468,2.468,2.468,0.0,2.468,0
2020-11-24,2.47,2.47,2.47,2.47,0.0,2.47,0
2020-11-25,2.453,2.453,2.453,2.453,0.0,2.453,0
2020-11-27,2.449,2.449,2.449,2.449,0.0,2.449,0
2020-11-30,2.435,2.435,2.435,2.435,0.0,2.435,0
2020-12-01,2.497,2.497,2.497,2.497,0.0,2.497,0
2020-12-02,2.522,2.522,2.522,2.522,0.0,2.522,0
2020-12-03,2.494,2.494,2.494,2.494,0.0,2.494,0
2020-12-04,2.514,2.514,2.514,2.514,0.0,2.514,0
2020-12-07,2.485,2.485,2.485,2.485,0.0,2.485,0
2020-12-08,2.473,2.473,2.473,2.473,0.0,2.473,0
2020-12-09,2.483,2.483,2.483,2.483,0.0,2.483,0
2020-12-10,2.488,2.488,2.488,2.488,0.0,2.488,0
2020-12-11,2.507,2.507,2.507,2.507,0.0,2.507,0
2020-12-14,2.501,2.501,2.501,2.501,0.0,2.501,0
2020-12-15,2.486,2.486,2.486,2.486,0.0,2.486,0
2020-12-16,2.498,2.498,2.498,2.498,0.0,2.498,0
2020-12-17,2.486,2.486,2.486,2.486,0.0,2.486,0
2020-12-18,2.5,2.5,2.5,2.5,0.0,2.5,0
2020-12-21,2.471,2.471,2.471,2.471,0.0,2.471,0
2020-12-22,2.516,2.516,2.516,2.516,0.0,2.516,0
2020-12-23,2.511,2.511,2.511,2.511,0.0,2.511,0
2020-12-24,2.523,2.523,2.523,2.523,0.0,2.523,0
2020-12-28,2.442,2.442,2.442,2.442,0.0,2.442,0
2020-12-29,2.511,2.511,2.511,2.511,0.0,2.511,0
2020-12-30,2.482,2.482,2.482,2.482,0.0,2.482,0
2020-12-31,2.509,2.509,2.509,2.509,0.0,2.509,0
2021-01-04,2.517,2.517,2.517,2.517,0.0,2.517,0
2021-01-05,2.532,2.532,2.532,2.532,0.0,2.532,0
2021-01-06,2.565,2.565,2.565,2.565,0.0,2.565,0
2021-01-07,2.533,2.533,2.533,2.533,0.0,2.533,0
2021-01-08,2.517,2.517,2.517,2.517,0.0,2.517,0
2021-01-11,2.52,2.52,2.52,2.52,0.0,2.52,0
2021-01-12,2.527,2.527,2.527,2.527,0.0,2.527,0
2021-01-13,2.558,2.558,2.558,2.558,0.0,2.558,0
2021-01-14,2.506,2.506,2.506,2.506,0.0,2.506,0
2021-01-15,2.542,2.542,2.542,2.542,0.0,2.542,0
2021-01-19,2.568,2.568,2.568,2.568,0.0,2.568,0
2021-01-20,2.582,2.582,2.582,2.582,0.0,2.582,0
2021-01-21,2.594,2.594,2.594,2.594,0.0,2.594,0
2021-01-22,2.594,2.594,2.594,2.594,0.0,2.594,0
2021-01-25,2.551,2.551,2.551,2.551,0.0,2.551,0
2021-01-26,2.58,2.58,2.58,2.58,0.0,2.58,0
2021-01-27,2.595,2.595,2.595,2.595,0.0,2.595,0
2021-01-28,2.594,2.594,2.594,2.594,0.0,2.594,0
2021-01-29,2.578,2.578,2.578,2.578,0.0,2.578,0
2021-02-01,2.582,2.582,2.582,2.582,0.0,2.582,0
2021-02-02,2.578,2.578,2.578,2.578,0.0,2.578,0
2021-02-03,2.559,2.559,2.559,2.559,0.0,2.559,0
2021-02-04,2.535,2.535,2.535,2.535,0.0,2.535,0
2021-02-05,2.544,2.544,2.544,2.544,0.0,2.544,0
2021-02-08,2.564,2.564,2.564,2.564,0.0,2.564,0
2021-02-09,2.564,2.564,2.564,2.564,0.0,2.564,0
2021-02-10,2.569,2.569,2.569,2.569,0.0,2.569,0
2021-02-11,2.556,2.556,2.556,2.556,0.0,2.556,0
2021-02-12,2.55,2.55,2.55,2.55,0.0,2.55,0
2021-02-16,2.567,2.567,2.567,2.567,0.0,2.567,0
2021-02-17,2.562,2.562,2.562,2.562,0.0,2.562,0
2021-02-18,2.552,2.552,2.552,2.552,0.0,2.552,0
2021-02-19,2.548,2.548,2.548,2.548,0.0,2.548,0
2021-02-22,2.55,2.55,2.55,2.55,0.0,2.55,0
2021-02-23,2.555,2.555,2.555,2.555,0.0,2.555,0
2021-02-24,2.549,2.549,2.549,2.549,0.0,2.549,0
2021-02-25,2.498,2.498,2.498,2.498,0.0,2.498,0
2021-02-26,2.518,2.518,2.518,2.518,0.0,2.518,0
2021-03-01,2.536,2.536,2.536,2.536,0.0,2.536,0
2021-03-02,2.535,2.535,2.535,2.535,0.0,2.535,0
2021-03-03,2.51,2.51,2.51,2.51,0.0,2.51,0
2021-03-04,2.468,2.468,2.468,2.468,0.0,2.468,0
2021-03-05,2.474,2.474,2.474,2.474,0.0,2.474,0
2021-03-08,2.492,2.492,2.492,2.492,0.0,2.492,0
2021-03-09,2.499,2.499,2.499,2.499,0.0,2.499,0
2021-03-10,2.497,2.497,2.497,2.497,0.0,2.497,0
2021-03-11,2.494,2.494,2.494,2.494,0.0,2.494,0
2021-03-12,2.511,2.511,2.511,2.511,0.0,2.511,0
2021-03-15,2.484,2.484,2.484,2.484,0.0,2.484,0
2021-03-16,2.516,2.516,2.516,2.516,0.0,2.516,0
2021-03-17,2.497,2.497,2.497,2.497,0.0,2.497,0
2021-03-18,2.511,2.511,2.511,2.511,0.0,2.511,0
2021-03-19,2.517,2.517,2.517,2.517,0.0,2.517,0
2021-03-22,2.513,2.513,2.513,2.513,0.0,2.513,0
2021-03-23,2.527,2.527,2.527,2.527,0.0,2.527,0
2021-03-24,2.53,2.53,2.53,2.53,0.0,2.53,0
2021-03-25,2.53,2.53,2.53,2.53,0.0,2.53,0
2021-03-26,2.532,2.532,2.532,2.532,0.0,2.532,0
2021-03-29,2.576,2.576,2.576,2.576,0.0,2.576,0
2021-03-30,2.587,2.587,2.587,2.587,0.0,2.587,0
2021-03-31,2.583,2.583,2.583,2.583,0.0,2.583,0
2021-04-01,2.612,2.612,2.612,2.612,0.0,2.612,0
2021-04-05,2.599,2.599,2.599,2.599,0.0,2.599,0
2021-04-06,2.582,2.582,2.582,2.582,0.0,2.582,0
2021-04-07,2.585,2.585,2.585,2.585,0.0,2.585,0
2021-04-08,2.585,2.585,2.585,2.585,0.0,2.585,0
2021-04-09,2.619,2.619,2.619,2.619,0.0,2.619,0
2021-04-12,2.628,2.628,2.628,2.628,0.0,2.628,0
2021-04-13,2.611,2.611,2.611,2.611,0.0,2.611,0
2021-04-14,2.62,2.62,2.62,2.62,0.0,2.62,0
2021-04-15,2.607,2.607,2.607,2.607,0.0,2.607,0
2021-04-16,2.62,2.62,2.62,2.62,0.0,2.62,0
2021-04-19,2.614,2.614,2.614,2.614,0.0,2.614,0
2021-04-20,2.559,2.559,2.559,2.559,0.0,2.559,0
2021-04-21,2.544,2.544,2.544,2.544,0.0,2.544,0
2021-04-22,2.525,2.525,2.525,2.525,0.0,2.525,0
2021-04-23,2.533,2.533,2.533,2.533,0.0,2.533,0
2021-04-26,2.568,2.568,2.519,2.519,9.0,2.568,1
2021-04-27,2.498,2.498,2.498,2.498,0.0,2.498,0
2021-04-28,2.51,2.51,2.51,2.51,0.0,2.51,0
2021-04-29,2.512,2.512,2.512,2.512,0.0,2.512,0
2021-04-30,2.562,2.562,2.562,2.562,0.0,2.562,0
2021-05-03,2.565,2.565,2.565,2.565,0.0,2.565,0
2021-05-04,2.574,2.574,2.574,2.574,0.0,2.574,0
2021-05-05,2.576,2.576,2.576,2.576,0.0,2.576,0
2021-05-06,2.566,2.566,2.566,2.566,0.0,2.566,0
2021-05-07,2.573,2.573,2.573,2.573,0.0,2.573,0
2021-05-10,2.576,2.576,2.576,2.576,0.0,2.576,0
2021-05-11,2.573,2.573,2.573,2.573,0.0,2.573,0
2021-05-12,2.572,2.572,2.572,2.572,0.0,2.572,0
2021-05-13,2.562,2.562,2.562,2.562,0.0,2.562,0
2021-05-14,2.558,2.558,2.558,2.558,0.0,2.558,0
2021-05-17,2.562,2.562,2.562,2.562,0.0,2.562,0
2021-05-18,2.531,2.531,2.531,2.531,0.0,2.531,0
2021-05-19,2.535,2.535,2.535,2.535,0.0,2.535,0
2021-05-20,2.54,2.54,2.54,2.54,0.0,2.54,0
2021-05-21,2.552,2.552,2.552,2.552,0.0,2.552,0
2021-05-24,2.546,2.546,2.546,2.546,0.0,2.546,0
2021-05-25,2.557,2.557,2.557,2.557,0.0,2.557,0
2021-05-26,2.526,2.526,2.526,2.526,0.0,2.526,0
2021-05-27,2.523,2.523,2.523,2.523,0.0,2.523,0
2021-05-28,2.546,2.546,2.546,2.546,0.0,2.546,0
2021-06-01,2.528,2.528,2.528,2.528,0.0,2.528,0
2021-06-02,2.538,2.538,2.538,2.538,0.0,2.538,0
2021-06-03,2.52,2.52,2.52,2.52,0.0,2.52,0
2021-06-04,2.571,2.571,2.571,2.571,0.0,2.571,0
2021-06-07,2.542,2.542,2.542,2.542,0.0,2.542,0
2021-06-08,2.548,2.548,2.548,2.548,0.0,2.548,0
2021-06-09,2.555,2.555,2.555,2.555,0.0,2.555,0
2021-06-10,2.544,2.544,2.544,2.544,0.0,2.544,0
2021-06-11,2.543,2.543,2.543,2.543,0.0,2.543,0
2021-06-14,2.552,2.552,2.552,2.552,0.0,2.552,0
2021-06-15,2.537,2.537,2.537,2.537,0.0,2.537,0
2021-06-16,2.59,2.59,2.59,2.59,0.0,2.59,0
2021-06-17,2.595,2.595,2.595,2.595,0.0,2.595,0
2021-06-18,2.604,2.604,2.604,2.604,0.0,2.604,0
2021-06-21,2.601,2.601,2.601,2.601,0.0,2.601,0
2021-06-22,2.601,2.601,2.601,2.601,0.0,2.601,0
2021-06-23,2.602,2.602,2.602,2.602,0.0,2.602,0
2021-06-24,2.59,2.59,2.59,2.59,0.0,2.59,0
2021-06-25,2.651,2.651,2.651,2.651,0.0,2.651,0
2021-06-28,2.661,2.661,2.661,2.661,0.0,2.661,0
2021-06-29,2.689,2.689,2.689,2.689,0.0,2.689,0
2021-06-30,2.69,2.69,2.69,2.69,0.0,2.69,0
2021-07-01,2.678,2.678,2.678,2.678,0.0,2.678,0
2021-07-02,2.67,2.67,2.67,2.67,0.0,2.67,0
2021-07-06,2.662,2.662,2.662,2.662,0.0,2.662,0
2021-07-07,2.674,2.674,2.674,2.674,0.0,2.674,0
2021-07-08,2.686,2.686,2.686,2.686,0.0,2.686,0
2021-07-09,2.692,2.692,2.692,2.692,0.0,2.692,0
2021-07-12,2.697,2.697,2.697,2.697,0.0,2.697,0
2021-07-13,2.696,2.696,2.696,2.696,0.0,2.696,0
2021-07-14,2.689,2.689,2.689,2.689,0.0,2.689,0
2021-07-15,2.697,2.697,2.697,2.697,0.0,2.697,0
2021-07-16,2.713,2.713,2.713,2.713,0.0,2.713,0
2021-07-19,2.723,2.723,2.723,2.723,0.0,2.723,0
2021-07-20,2.725,2.725,2.725,2.725,0.0,2.725,0
2021-07-21,2.76,2.76,2.76,2.76,0.0,2.76,0
2021-07-22,2.762,2.762,2.762,2.762,0.0,2.762,0
2021-07-23,2.768,2.768,2.768,2.768,0.0,2.768,0
2021-07-26,2.776,2.776,2.776,2.776,0.0,2.776,0
2021-07-27,2.746,2.746,2.746,2.746,0.0,2.746,0
2021-07-28,2.738,2.738,2.738,2.738,0.0,2.738,0
2021-07-29,2.713,2.713,2.713,2.713,0.0,2.713,0
2021-07-30,2.738,2.738,2.738,2.738,0.0,2.738,0
2021-08-02,2.752,2.752,2.752,2.752,0.0,2.752,0
2021-08-03,2.744,2.744,2.744,2.744,0.0,2.744,0
2021-08-04,2.754,2.754,2.754,2.754,0.0,2.754,0
2021-08-05,2.719,2.719,2.719,2.719,0.0,2.719,0
2021-08-06,2.728,2.728,2.728,2.728,0.0,2.728,0
2021-08-09,2.744,2.744,2.744,2.744,0.0,2.744,0
2021-08-10,2.741,2.741,2.741,2.741,0.0,2.741,0
2021-08-11,2.756,2.756,2.756,2.756,0.0,2.756,0
2021-08-12,2.837,2.837,2.837,2.837,0.0,2.837,0
2021-08-13,2.804,2.804,2.804,2.804,0.0,2.804,0
2021-08-16,2.816,2.816,2.816,2.816,0.0,2.816,0
2021-08-17,2.829,2.829,2.829,2.829,0.0,2.829,0
2021-08-18,2.827,2.827,2.827,2.827,0.0,2.827,0
2021-08-19,2.838,2.838,2.838,2.838,0.0,2.838,0
2021-08-20,2.837,2.837,2.837,2.837,0.0,2.837,0
2021-08-23,2.839,2.839,2.839,2.839,0.0,2.839,0
2021-08-24,2.835,2.835,2.835,2.835,0.0,2.835,0
2021-08-25,2.852,2.852,2.852,2.852,0.0,2.852,0
2021-08-26,2.903,2.903,2.903,2.903,0.0,2.903,0
2021-08-27,2.905,2.905,2.905,2.905,0.0,2.905,0
2021-08-30,2.908,2.908,2.908,2.908,0.0,2.908,0
2021-08-31,2.897,2.897,2.897,2.897,0.0,2.897,0
2021-09-01,2.906,2.906,2.906,2.906,0.0,2.906,0
2021-09-02,2.906,2.906,2.906,2.906,0.0,2.906,0
2021-09-03,2.967,2.967,2.967,2.967,0.0,2.967,0
2021-09-07,3.017,3.017,3.017,3.017,0.0,3.017,0
2021-09-08,3.069,3.069,3.069,3.069,0.0,3.069,0
2021-09-09,3.194,3.194,3.194,3.194,0.0,3.194,0
2021-09-10,3.176,3.176,3.176,3.176,0.0,3.176,0
2021-09-13,3.191,3.191,3.191,3.191,0.0,3.191,0
2021-09-14,3.164,3.164,3.164,3.164,0.0,3.164,0
2021-09-15,3.153,3.153,3.153,3.153,0.0,3.153,0
2021-09-16,3.156,3.156,3.156,3.156,0.0,3.156,0
2021-09-17,3.149,3.149,3.149,3.149,0.0,3.149,0
2021-09-20,3.185,3.185,3.185,3.185,0.0,3.185,0
2021-09-21,3.202,3.202,3.202,3.202,0.0,3.202,0
2021-09-22,3.219,3.219,3.219,3.219,0.0,3.219,0
2021-09-23,3.226,3.226,3.226,3.226,0.0,3.226,0
2021-09-24,3.117,3.117,3.117,3.117,0.0,3.117,0
2021-09-27,3.07,3.07,3.07,3.07,0.0,3.07,0
2021-09-28,2.993,2.993,2.993,2.993,0.0,2.993,0
2021-09-29,2.959,2.959,2.959,2.959,0.0,2.959,0
2021-09-30,2.966,2.966,2.966,2.966,0.0,2.966,0
2021-10-01,2.956,2.956,2.956,2.956,0.0,2.956,0
2021-10-04,2.965,2.965,2.965,2.965,0.0,2.965,0
2021-10-05,2.98,2.98,2.98,2.98,0.0,2.98,0
2021-10-06,3.018,3.018,3.018,3.018,0.0,3.018,0
2021-10-07,3.018,3.018,3.018,3.018,0.0,3.018,0
2021-10-08,3.059,3.059,3.059,3.059,0.0,3.059,0
2021-10-11,3.045,3.045,3.045,3.045,0.0,3.045,0
2021-10-12,3.047,3.047,3.047,3.047,0.0,3.047,0
2021-10-13,3.052,3.052,3.052,3.052,0.0,3.052,0
2021-10-14,3.087,3.087,3.087,3.087,0.0,3.087,0
2021-10-15,3.098,3.098,3.098,3.098,0.0,3.098,0
2021-10-18,3.104,3.104,3.104,3.104,0.0,3.104,0
2021-10-19,3.101,3.101,3.101,3.101,0.0,3.101,0
2021-10-20,3.104,3.104,3.104,3.104,0.0,3.104,0
2021-10-21,3.1,3.1,3.1,3.1,0.0,3.1,0
2021-10-22,3.105,3.105,3.105,3.105,0.0,3.105,0
2021-10-25,3.148,3.148,3.148,3.148,0.0,3.148,0
2021-10-26,3.126,3.126,3.126,3.126,0.0,3.126,0
2021-10-27,3.063,3.063,3.063,3.063,0.0,3.063,0
2021-10-28,3.069,3.069,3.069,3.069,0.0,3.069,0
2021-10-29,3.02,3.02,3.02,3.02,0.0,3.02,0
2021-11-01,2.915,2.915,2.915,2.915,0.0,2.915,0
2021-11-02,2.976,2.976,2.976,2.976,0.0,2.976,0
2021-11-03,2.97,2.97,2.97,2.97,0.0,2.97,0
2021-11-04,2.994,2.994,2.994,2.994,0.0,2.994,0
2021-11-05,3.034,3.034,3.034,3.034,0.0,3.034,0
2021-11-08,3.137,3.137,3.137,3.137,0.0,3.137,0
2021-11-09,3.133,3.133,3.133,3.133,0.0,3.133,0
2021-11-10,3.159,3.159,3.159,3.159,0.0,3.159,0
2021-11-11,3.176,3.176,3.176,3.176,0.0,3.176,0
2021-11-12,3.097,3.097,3.097,3.097,0.0,3.097,0
2021-11-15,3.11,3.11,3.11,3.11,0.0,3.11,0
2021-11-16,3.181,3.181,3.181,3.181,0.0,3.181,0
2021-11-17,3.112,3.112,3.112,3.112,0.0,3.112,0
2021-11-18,3.1,3.1,3.1,3.1,0.0,3.1,0
2021-11-19,3.064,3.064,3.064,3.064,0.0,3.064,0
2021-11-22,3.046,3.046,3.046,3.046,0.0,3.046,0
2021-11-23,3.093,3.093,3.093,3.093,0.0,3.093,0
2021-11-24,3.091,3.091,3.091,3.091,0.0,3.091,0
2021-11-26,3.13,3.13,3.13,3.13,0.0,3.13,0
2021-11-29,3.122,3.122,3.122,3.122,0.0,3.122,0
2021-11-30,3.095,3.095,3.095,3.095,0.0,3.095,0
2021-12-01,3.103,3.103,3.103,3.103,0.0,3.103,0
2021-12-02,3.107,3.107,3.107,3.107,0.0,3.107,0
2021-12-03,3.117,3.117,3.117,3.117,0.0,3.117,0
2021-12-06,3.089,3.089,3.089,3.089,0.0,3.089,0
2021-12-07,3.093,3.093,3.093,3.093,0.0,3.093,0
2021-12-08,2.987,2.987,2.987,2.987,0.0,2.987,0
2021-12-09,2.98,2.98,2.98,2.98,0.0,2.98,0
2021-12-10,3.007,3.007,3.007,3.007,0.0,3.007,0
2021-12-13,2.911,2.911,2.911,2.911,0.0,2.911,0
2021-12-14,2.949,2.949,2.949,2.949,0.0,2.949,0
2021-12-15,3.009,3.009,3.009,3.009,0.0,3.009,0
2021-12-16,2.989,2.989,2.989,2.989,0.0,2.989,0
2021-12-17,3.002,3.002,3.002,3.002,0.0,3.002,0
2021-12-20,3.017,3.017,3.017,3.017,0.0,3.017,0
2021-12-21,3.001,3.001,3.001,3.001,0.0,3.001,0
2021-12-22,3.002,3.002,3.002,3.002,0.0,3.002,0
2021-12-23,2.965,2.965,2.965,2.965,0.0,2.965,0
2021-12-27,2.951,2.951,2.951,2.951,0.0,2.951,0
2021-12-28,2.974,2.974,2.974,2.974,0.0,2.974,0
2021-12-29,2.986,2.986,2.986,2.986,0.0,2.986,0
2021-12-30,2.974,2.974,2.974,2.974,0.0,2.974,0
2021-12-31,3.035,3.035,3.035,3.035,0.0,3.035,0
2022-01-03,3.017,3.017,3.017,3.017,0.0,3.017,0
2022-01-04,3.016,3.016,3.016,3.016,0.0,3.016,0
2022-01-05,3.01,3.01,3.01,3.01,0.0,3.01,0
2022-01-06,3.024,3.024,3.024,3.024,0.0,3.024,0
2022-01-07,3.057,3.057,3.057,3.057,0.0,3.057,0
2022-01-10,3.062,3.062,3.062,3.062,0.0,3.062,0
2022-01-11,3.051,3.051,3.051,3.051,0.0,3.051,0
2022-01-12,3.026,3.026,3.026,3.026,0.0,3.026,0
2022-01-13,3.029,3.029,3.029,3.029,0.0,3.029,0
2022-01-14,3.005,3.005,3.005,3.005,0.0,3.005,0
2022-01-18,3.024,3.024,3.024,3.024,0.0,3.024,0
2022-01-19,3.071,3.071,3.071,3.071,0.0,3.071,0
2022-01-20,3.074,3.074,3.074,3.074,0.0,3.074,0
2022-01-21,3.062,3.062,3.062,3.062,0.0,3.062,0
2022-01-24,3.051,3.051,3.051,3.051,0.0,3.051,0
2022-01-25,3.071,3.071,3.071,3.071,0.0,3.071,0
2022-01-26,3.072,3.072,3.072,3.072,0.0,3.072,0
2022-01-27,3.057,3.057,3.057,3.057,0.0,3.057,0
2022-01-28,3.05,3.05,3.05,3.05,0.0,3.05,0
2022-01-31,3.049,3.049,3.049,3.049,0.0,3.049,0
2022-02-01,3.034,3.034,3.034,3.034,0.0,3.034,0
2022-02-02,3.053,3.053,3.053,3.053,0.0,3.053,0
2022-02-03,3.044,3.044,3.044,3.044,0.0,3.044,0
2022-02-04,3.074,3.074,3.074,3.074,0.0,3.074,0
2022-02-07,3.09,3.09,3.09,3.09,0.0,3.09,0
2022-02-08,3.082,3.082,3.082,3.082,0.0,3.082,0
2022-02-09,3.077,3.077,3.077,3.077,0.0,3.077,0
2022-02-10,3.084,3.084,3.084,3.084,0.0,3.084,0
2022-02-11,3.124,3.124,3.124,3.124,0.0,3.124,0
2022-02-14,3.165,3.165,3.165,3.165,0.0,3.165,0
2022-02-15,3.153,3.153,3.153,3.153,0.0,3.153,0
2022-02-16,3.182,3.182,3.182,3.182,0.0,3.182,0
2022-02-17,3.175,3.175,3.175,3.175,0.0,3.175,0
2022-02-18,3.175,3.175,3.175,3.175,0.0,3.175,0
2022-02-22,3.22,3.22,3.22,3.22,0.0,3.22,0
2022-02-23,3.306,3.306,3.306,3.306,0.0,3.306,0
2022-02-24,3.349,3.349,3.349,3.349,0.0,3.349,0
2022-02-25,3.266,3.266,3.266,3.266,0.0,3.266,0
2022-02-28,3.343,3.343,3.343,3.343,0.0,3.343,0
2022-03-01,3.414,3.414,3.414,3.414,0.0,3.414,0
2022-03-02,3.481,3.481,3.481,3.481,0.0,3.481,0
2022-03-03,3.424,3.424,3.424,3.424,0.0,3.424,0
2022-03-04,3.477,3.477,3.477,3.477,0.0,3.477,0
2022-03-07,3.559,3.559,3.559,3.559,0.0,3.559,0
2022-03-08,3.616,3.616,3.616,3.616,0.0,3.616,0
2022-03-09,3.595,3.595,3.595,3.595,0.0,3.595,0
2022-03-10,3.511,3.511,3.511,3.511,0.0,3.511,0
2022-03-11,3.492,3.492,3.492,3.492,0.0,3.492,0
2022-03-14,3.535,3.535,3.535,3.535,0.0,3.535,0
2022-03-15,3.517,3.517,3.517,3.517,0.0,3.517,0
2022-03-16,3.528,3.528,3.528,3.528,0.0,3.528,0
2022-03-17,3.545,3.545,3.545,3.545,0.0,3.545,0
2022-03-18,3.497,3.497,3.497,3.497,0.0,3.497,0
2022-03-21,3.483,3.483,3.483,3.483,0.0,3.483,0
2022-03-22,3.494,3.494,3.494,3.494,0.0,3.494,0
2022-03-23,3.505,3.505,3.505,3.505,0.0,3.505,0
2022-03-24,3.531,3.531,3.531,3.531,0.0,3.531,0
2022-03-25,3.577,3.577,3.577,3.577,0.0,3.577,0
2022-03-28,3.669,3.669,3.669,3.669,0.0,3.669,0
2022-03-29,3.683,3.683,3.683,3.683,0.0,3.683,0
2022-03-30,3.796,3.796,3.796,3.796,0.0,3.796,0
2022-03-31,3.889,3.889,3.889,3.889,0.0,3.889,0
2022-04-01,3.946,3.946,3.946,3.946,0.0,3.946,0
2022-04-04,4.013,4.013,4.013,4.013,0.0,4.013,0
2022-04-05,4.031,4.031,4.031,4.031,0.0,4.031,0
2022-04-06,4.058,4.058,4.058,4.058,0.0,4.058,0
2022-04-07,4.085,4.085,4.085,4.085,0.0,4.085,0
2022-04-08,4.058,4.058,4.058,4.058,0.0,4.058,0
2022-04-11,4.107,4.107,4.107,4.107,0.0,4.107,0
2022-04-12,4.129,4.129,4.129,4.129,0.0,4.129,0
2022-04-13,4.167,4.167,4.167,4.167,0.0,4.167,0
2022-04-14,4.169,4.169,4.169,4.169,0.0,4.169,0
2022-04-18,4.184,4.184,4.184,4.184,0.0,4.184,0
2022-04-19,4.162,4.162,4.162,4.162,0.0,4.162,0
2022-04-20,4.153,4.153,4.153,4.153,0.0,4.153,0
2022-04-21,4.076,4.076,4.076,4.076,0.0,4.076,0
2022-04-22,3.903,3.903,3.903,3.903,0.0,3.903,0
2022-04-25,3.918,3.918,3.918,3.918,0.0,3.918,0
2022-04-26,3.983,3.983,3.983,3.983,0.0,3.983,0
2022-04-27,4.042,4.042,4.042,4.042,0.0,4.042,0
2022-04-28,4.053,4.053,4.053,4.053,0.0,4.053,0
2022-04-29,4.046,4.046,4.046,4.046,0.0,4.046,0
2022-05-02,4.032,4.032,4.032,4.032,0.0,4.032,0
2022-05-03,4.084,4.084,4.084,4.084,0.0,4.084,0
2022-05-04,4.134,4.134,4.134,4.134,0.0,4.134,0
2022-05-05,4.167,4.167,4.167,4.167,0.0,4.167,0
2022-05-06,4.133,4.133,4.133,4.133,0.0,4.133,0
2022-05-09,4.056,4.056,4.056,4.056,0.0,4.056,0
2022-05-10,4.094,4.094,4.094,4.094,0.0,4.094,0
2022-05-11,4.153,4.153,4.153,4.153,0.0,4.153,0
2022-05-12,4.163,4.163,4.163,4.163,0.0,4.163,0
2022-05-13,4.237,4.237,4.237,4.237,0.0,4.237,0
2022-05-16,4.267,4.267,4.267,4.267,0.0,4.267,0
2022-05-17,4.264,4.264,4.264,4.264,0.0,4.264,0
2022-05-18,4.278,4.278,4.278,4.278,0.0,4.278,0
2022-05-19,4.217,4.217,4.217,4.217,0.0,4.217,0
2022-05-20,4.226,4.226,4.226,4.226,0.0,4.226,0
2022-05-23,4.267,4.267,4.267,4.267,0.0,4.267,0
2022-05-24,4.246,4.246,4.246,4.246,0.0,4.246,0
2022-05-25,4.277,4.277,4.277,4.277,0.0,4.277,0
2022-05-26,4.306,4.306,4.306,4.306,0.0,4.306,0
2022-05-27,4.33,4.33,4.33,4.33,0.0,4.33,0
2022-05-31,4.261,4.261,4.261,4.261,0.0,4.261,0
2022-06-01,4.368,4.368,4.368,4.368,0.0,4.368,0
2022-06-02,4.353,4.353,4.353,4.353,0.0,4.353,0
2022-06-03,4.4,4.4,4.4,4.4,0.0,4.4,0
2022-06-06,4.384,4.384,4.384,4.384,0.0,4.384,0
2022-06-07,4.459,4.459,4.459,4.459,0.0,4.459,0
2022-06-08,4.514,4.514,4.514,4.514,0.0,4.514,0
2022-06-09,4.6,4.6,4.6,4.6,0.0,4.6,0
2022-06-10,4.634,4.634,4.634,4.634,0.0,4.634,0
2022-06-13,4.577,4.577,4.577,4.577,0.0,4.577,0
2022-06-14,4.499,4.499,4.499,4.499,0.0,4.499,0
2022-06-15,4.56,4.56,4.56,4.56,0.0,4.56,0
2022-06-16,4.574,4.574,4.574,4.574,0.0,4.574,0
2022-06-17,4.471,4.471,4.471,4.471,0.0,4.471,0
2022-06-21,4.458,4.458,4.458,4.458,0.0,4.458,0
2022-06-22,4.513,4.513,4.513,4.513,0.0,4.513,0
2022-06-23,4.507,4.507,4.507,4.507,0.0,4.507,0
2022-06-24,4.283,4.283,4.283,4.283,0.0,4.283,0
2022-06-27,4.325,4.325,4.325,4.325,0.0,4.325,0
2022-06-28,4.295,4.295,4.295,4.295,0.0,4.295,0
2022-06-29,4.245,4.245,4.245,4.245,0.0,4.245,0
2022-06-30,3.99,3.99,3.99,3.99,0.0,3.99,0
2022-07-01,4.078,4.078,4.078,4.078,0.0,4.078,0
2022-07-04,4.078,4.078,4.078,4.078,0.0,4.078,0
2022-07-05,3.928,3.928,3.928,3.928,0.0,3.928,0
2022-07-06,4.02,4.02,4.02,4.02,0.0,4.02,0
2022-07-07,4.108,4.108,4.108,4.108,0.0,4.108,0
2022-07-08,4.107,4.107,4.107,4.107,0.0,4.107,0
2022-07-11,4.141,4.141,4.141,4.141,0.0,4.141,0
2022-07-12,4.043,4.043,4.043,4.043,0.0,4.043,0
2022-07-13,4.105,4.105,4.105,4.105,0.0,4.105,0
2022-07-14,4.031,4.031,4.031,4.031,0.0,4.031,0
2022-07-15,4.105,4.105,4.105,4.105,0.0,4.105,0
2022-07-18,4.044,4.044,4.044,4.044,0.0,4.044,0
2022-07-19,4.071,4.071,4.071,4.071,0.0,4.071,0
2022-07-20,4.214,4.214,4.214,4.214,0.0,4.214,0
2022-07-21,4.119,4.119,4.119,4.119,0.0,4.119,0
2022-07-22,4.123,4.123,4.123,4.123,0.0,4.123,0
2022-07-25,4.179,4.179,4.179,4.179,0.0,4.179,0
2022-07-26,4.206,4.206,4.206,4.206,0.0,4.206,0
2022-07-27,4.204,4.204,4.204,4.204,0.0,4.204,0
2022-07-28,4.18,4.18,4.18,4.18,0.0,4.18,0
2022-07-29,4.276,4.276,4.276,4.276,0.0,4.276,0
2022-08-01,4.259,4.259,4.259,4.259,0.0,4.259,0
2022-08-02,4.261,4.261,4.261,4.261,0.0,4.261,0
2022-08-03,4.293,4.293,4.293,4.293,0.0,4.293,0
2022-08-04,4.262,4.262,4.262,4.262,0.0,4.262,0
2022-08-05,4.257,4.257,4.257,4.257,0.0,4.257,0
2022-08-08,4.219,4.219,4.219,4.219,0.0,4.219,0
2022-08-09,4.256,4.256,4.256,4.256,0.0,4.256,0
2022-08-10,4.286,4.286,4.286,4.286,0.0,4.286,0
2022-08-11,4.38,4.38,4.38,4.38,0.0,4.38,0
2022-08-12,4.368,4.368,4.368,4.368,0.0,4.368,0
2022-08-15,4.461,4.461,4.461,4.461,0.0,4.461,0
2022-08-16,4.5,4.5,4.5,4.5,0.0,4.5,0
2022-08-17,4.483,4.483,4.483,4.483,0.0,4.483,0
2022-08-18,4.489,4.489,4.489,4.489,0.0,4.489,0
2022-08-19,4.505,4.505,4.505,4.505,0.0,4.505,0
2022-08-22,4.564,4.564,4.564,4.564,0.0,4.564,0
2022-08-23,4.571,4.571,4.571,4.571,0.0,4.571,0
2022-08-24,4.617,4.617,4.617,4.617,0.0,4.617,0
2022-08-25,4.679,4.679,4.679,4.679,0.0,4.679,0
2022-08-26,4.721,4.721,4.721,4.721,0.0,4.721,0
2022-08-29,4.79,4.79,4.79,4.79,0.0,4.79,0
2022-08-30,4.797,4.797,4.797,4.797,0.0,4.797,0
2022-08-31,4.813,4.813,4.813,4.813,0.0,4.813,0
2022-09-01,4.881,4.881,4.881,4.881,0.0,4.881,0
2022-09-02,4.981,4.981,4.981,4.981,0.0,4.981,0
2022-09-05,4.981,4.981,4.981,4.981,0.0,4.981,0
2022-09-06,4.981,4.981,4.981,4.981,0.0,4.981,0
2022-09-07,4.939,4.939,4.939,4.939,0.0,4.939,0
2022-09-08,4.892,4.892,4.892,4.892,0.0,4.892,0
2022-09-09,4.943,4.943,4.943,4.943,0.0,4.943,0
2022-09-12,4.888,4.888,4.888,4.888,0.0,4.888,0
2022-09-13,4.917,4.917,4.917,4.917,0.0,4.917,0
2022-09-14,4.976,4.976,4.976,4.976,0.0,4.976,0
2022-09-15,4.93,4.93,4.93,4.93,0.0,4.93,0
2022-09-16,4.825,4.825,4.825,4.825,0.0,4.825,0
2022-09-19,4.781,4.781,4.781,4.781,0.0,4.781,0
2022-09-20,4.712,4.712,4.712,4.712,0.0,4.712,0
2022-09-21,4.544,4.544,4.544,4.544,0.0,4.544,0
2022-09-22,4.392,4.392,4.392,4.392,0.0,4.392,0
2022-09-23,4.398,4.398,4.398,4.398,0.0,4.398,0
2022-09-26,4.317,4.317,4.317,4.317,0.0,4.317,0
2022-09-27,4.254,4.254,4.254,4.254,0.0,4.254,0
2022-09-28,4.19,4.19,4.19,4.19,0.0,4.19,0
2022-09-29,4.175,4.175,4.175,4.175,0.0,4.175,0
2022-09-30,4.181,4.181,4.181,4.181,0.0,4.181,0
2022-10-03,4.07,4.07,4.07,4.07,0.0,4.07,0
2022-10-04,4.12,4.12,4.12,4.12,0.0,4.12,0
2022-10-05,4.117,4.117,4.117,4.117,0.0,4.117,0
2022-10-06,4.144,4.144,4.144,4.144,0.0,4.144,0
2022-10-07,4.144,4.144,4.144,4.144,0.0,4.144,0
2022-10-10,4.166,4.166,4.166,4.166,0.0,4.166,0
2022-10-11,4.204,4.204,4.204,4.204,0.0,4.204,0
2022-10-12,4.183,4.183,4.183,4.183,0.0,4.183,0
2022-10-13,4.176,4.176,4.176,4.176,0.0,4.176,0
2022-10-14,4.199,4.199,4.199,4.199,0.0,4.199,0
2022-10-17,4.172,4.172,4.172,4.172,0.0,4.172,0
2022-10-18,4.137,4.137,4.137,4.137,0.0,4.137,0
2022-10-19,4.112,4.112,4.112,4.112,0.0,4.112,0
2022-10-20,4.236,4.236,4.236,4.236,0.0,4.236,0
2022-10-21,4.19,4.19,4.19,4.19,0.0,4.19,0
2022-10-24,4.191,4.191,4.191,4.191,0.0,4.191,0
2022-10-25,4.206,4.206,4.206,4.206,0.0,4.206,0
2022-10-26,4.223,4.223,4.223,4.223,0.0,4.223,0
2022-10-27,4.216,4.216,4.216,4.216,0.0,4.216,0
2022-10-28,4.207,4.207,4.207,4.207,0.0,4.207,0
2022-10-31,4.201,4.201,4.201,4.201,0.0,4.201,0
2022-11-01,4.166,4.166,4.166,4.166,0.0,4.166,0
2022-11-02,4.23,4.23,4.23,4.23,0.0,4.23,0
2022-11-03,4.275,4.275,4.275,4.275,0.0,4.275,0
2022-11-04,4.389,4.389,4.389,4.389,0.0,4.389,0
2022-11-07,4.413,4.413,4.413,4.413,0.0,4.413,0
2022-11-08,4.373,4.373,4.373,4.373,0.0,4.373,0
2022-11-09,4.387,4.387,4.387,4.387,0.0,4.387,0
2022-11-10,4.387,4.387,4.387,4.387,0.0,4.387,0
2022-11-11,4.36,4.36,4.36,4.36,0.0,4.36,0
2022-11-14,4.329,4.329,4.329,4.329,0.0,4.329,0
2022-11-15,4.365,4.365,4.365,4.365,0.0,4.365,0
2022-11-16,4.35,4.35,4.35,4.35,0.0,4.35,0
2022-11-17,4.342,4.342,4.342,4.342,0.0,4.342,0
2022-11-18,4.3,4.3,4.3,4.3,0.0,4.3,0
2022-11-21,4.255,4.255,4.255,4.255,0.0,4.255,0
2022-11-22,4.239,4.239,4.239,4.239,0.0,4.239,0
2022-11-23,4.248,4.248,4.248,4.248,0.0,4.248,0
2022-11-24,4.248,4.248,4.248,4.248,0.0,4.248,0
2022-11-25,4.242,4.242,4.242,4.242,0.0,4.242,0
2022-11-28,4.289,4.289,4.289,4.289,0.0,4.289,0
2022-11-29,4.287,4.287,4.287,4.287,0.0,4.287,0
2022-11-30,4.274,4.274,4.274,4.274,0.0,4.274,0
2022-12-01,4.254,4.254,4.254,4.254,0.0,4.254,0
2022-12-02,4.25,4.25,4.25,4.25,0.0,4.25,0
2022-12-05,4.258,4.258,4.258,4.258,0.0,4.258,0
2022-12-06,4.271,4.271,4.271,4.271,0.0,4.271,0
2022-12-07,4.276,4.276,4.276,4.276,0.0,4.276,0
2022-12-08,4.336,4.336,4.336,4.336,0.0,4.336,0
2022-12-09,4.34,4.34,4.34,4.34,0.0,4.34,0
2022-12-12,4.404,4.404,4.404,4.404,0.0,4.404,0
2022-12-13,4.392,4.392,4.392,4.392,0.0,4.392,0
2022-12-14,4.365,4.365,4.365,4.365,0.0,4.365,0
2022-12-15,4.406,4.406,4.406,4.406,0.0,4.406,0
2022-12-16,4.493,4.493,4.493,4.493,0.0,4.493,0
2022-12-19,4.469,4.469,4.469,4.469,0.0,4.469,0
2022-12-20,4.464,4.464,4.464,4.464,0.0,4.464,0
2022-12-21,4.376,4.376,4.376,4.376,0.0,4.376,0
2022-12-22,4.293,4.293,4.293,4.293,0.0,4.293,0
2022-12-23,4.306,4.306,4.306,4.306,0.0,4.306,0
2022-12-27,4.392,4.392,4.392,4.392,0.0,4.392,0
2022-12-28,4.314,4.314,4.314,4.314,0.0,4.314,0
2022-12-29,4.305,4.305,4.305,4.305,0.0,4.305,0
2022-12-30,4.314,4.314,4.314,4.314,0.0,4.314,0
2023-01-03,4.26,4.26,4.26,4.26,0.0,4.26,0
2023-01-04,4.263,4.263,4.263,4.263,0.0,4.263,0
2023-01-05,4.185,4.185,4.185,4.185,0.0,4.185,0
2023-01-06,4.129,4.129,4.129,4.129,0.0,4.129,0
2023-01-09,4.137,4.137,4.137,4.137,0.0,4.137,0
2023-01-10,4.161,4.161,4.161,4.161,0.0,4.161,0
2023-01-11,4.127,4.127,4.127,4.127,0.0,4.127,0
2023-01-12,4.126,4.126,4.126,4.126,0.0,4.126,0
2023-01-13,4.135,4.135,4.135,4.135,0.0,4.135,0
2023-01-16,4.135,4.135,4.135,4.135,0.0,4.135,0
2023-01-17,4.151,4.151,4.151,4.151,0.0,4.151,0
2023-01-18,4.174,4.174,4.174,4.174,0.0,4.174,0
2023-01-19,4.214,4.214,4.214,4.214,0.0,4.214,0
2023-01-20,4.178,4.178,4.178,4.178,0.0,4.178,0
2023-01-23,4.169,4.169,4.169,4.169,0.0,4.169,0
2023-01-24,4.138,4.138,4.138,4.138,0.0,4.138,0
2023-01-25,4.081,4.081,4.081,4.081,0.0,4.081,0
2023-01-26,4.088,4.088,4.088,4.088,0.0,4.088,0
2023-01-27,4.079,4.079,4.079,4.079,0.0,4.079,0
2023-01-30,4.0,4.0,4.0,4.0,0.0,4.0,0
2023-01-31,4.011,4.011,4.011,4.011,0.0,4.011,0
2023-02-01,3.851,3.851,3.851,3.851,0.0,3.851,0
2023-02-02,3.831,3.831,3.831,3.831,0.0,3.831,0
2023-02-03,3.747,3.747,3.747,3.747,0.0,3.747,0
2023-02-10,3.755,3.755,3.755,3.755,0.0,3.755,0
2023-02-13,3.698,3.698,3.698,3.698,0.0,3.698,0
2023-02-14,3.699,3.699,3.699,3.699,0.0,3.699,0
2023-02-15,3.694,3.694,3.694,3.694,0.0,3.694,0
2023-02-16,3.694,3.694,3.694,3.694,0.0,3.694,0
2023-02-17,3.68,3.68,3.68,3.68,0.0,3.68,0
2023-02-20,3.68,3.68,3.68,3.68,0.0,3.68,0
2023-02-21,3.68,3.68,3.68,3.68,0.0,3.68,0
2023-02-22,3.691,3.691,3.691,3.691,0.0,3.691,0
2023-02-23,3.725,3.725,3.725,3.725,0.0,3.725,0
2023-02-24,3.784,3.784,3.784,3.784,0.0,3.784,0
2023-02-27,3.826,3.826,3.826,3.826,0.0,3.826,0
2023-02-28,3.874,3.874,3.874,3.874,0.0,3.874,0
2023-03-01,3.955,3.955,3.955,3.955,0.0,3.955,0
2023-03-02,3.963,3.963,3.963,3.963,0.0,3.963,0
2023-03-03,4.003,4.003,4.003,4.003,0.0,4.003,0
2023-03-06,4.037,4.037,4.037,4.037,0.0,4.037,0
2023-03-07,4.065,4.065,4.065,4.065,0.0,4.065,0
2023-03-08,4.066,4.066,4.066,4.066,0.0,4.066,0
2023-03-09,3.86,3.86,3.86,3.86,0.0,3.86,0
2023-03-10,3.961,3.961,3.961,3.961,0.0,3.961,0
2023-03-13,3.972,3.972,3.972,3.972,0.0,3.972,0
2023-03-14,4.053,4.053,4.053,4.053,0.0,4.053,0
2023-03-15,4.056,4.056,4.056,4.056,0.0,4.056,0
2023-03-16,4.098,4.098,4.098,4.098,0.0,4.098,0
2023-03-17,4.091,4.091,4.091,4.091,0.0,4.091,0
2023-03-20,4.05,4.05,4.05,4.05,0.0,4.05,0
2023-03-21,4.099,4.099,4.099,4.099,0.0,4.099,0
2023-03-22,4.053,4.053,4.053,4.053,0.0,4.053,0
2023-03-23,4.088,4.088,4.088,4.088,0.0,4.088,0
2023-03-24,4.048,4.048,4.048,4.048,0.0,4.048,0
2023-03-27,4.027,4.027,4.027,4.027,0.0,4.027,0
2023-03-28,3.985,3.985,3.985,3.985,0.0,3.985,0
2023-03-29,3.977,3.982,3.977,3.982,44.0,3.977,1
2023-03-30,3.99,3.99,3.99,3.99,0.0,3.99,0
2023-03-31,3.983,3.983,3.983,3.983,0.0,3.983,0
2023-04-03,3.991,3.991,3.991,3.991,0.0,3.991,0
2023-04-04,4.003,4.003,4.003,4.003,0.0,4.003,0
2023-04-05,3.976,3.976,3.976,3.976,0.0,3.976,0
2023-04-06,3.932,3.932,3.932,3.932,0.0,3.932,0
2023-04-10,3.994,3.994,3.994,3.994,0.0,3.994,0
2023-04-11,4.004,4.004,4.004,4.004,0.0,4.004,0
2023-04-12,3.93,3.93,3.93,3.93,0.0,3.93,0
2023-04-13,3.898,3.898,3.898,3.898,0.0,3.898,0
2023-04-14,3.918,3.918,3.918,3.918,0.0,3.918,0
2023-04-17,3.984,3.984,3.984,3.984,0.0,3.984,0
2023-04-18,3.982,3.982,3.982,3.982,0.0,3.982,0
2023-04-19,4.004,4.004,4.004,4.004,0.0,4.004,0
2023-04-20,4.036,4.036,4.036,4.036,0.0,4.036,0
2023-04-21,4.043,4.043,4.043,4.043,0.0,4.043,0
2023-04-24,4.054,4.054,4.054,4.054,0.0,4.054,0
2023-04-25,4.052,4.052,4.052,4.052,0.0,4.052,0
2023-04-26,4.045,4.045,4.045,4.045,0.0,4.045,0
2023-04-27,4.049,4.049,4.049,4.049,0.0,4.049,0
2023-04-28,4.068,4.068,4.068,4.068,0.0,4.068,0
2023-05-01,4.025,4.025,4.025,4.025,0.0,4.025,0
2023-05-02,4.021,4.021,4.021,4.021,0.0,4.021,0
2023-05-03,4.043,4.043,4.043,4.043,0.0,4.043,0
2023-05-04,4.05,4.05,4.05,4.05,0.0,4.05,0
2023-05-05,4.035,4.035,4.035,4.035,0.0,4.035,0
2023-05-08,4.003,4.003,4.003,4.003,0.0,4.003,0
2023-05-09,3.986,3.986,3.986,3.986,0.0,3.986,0
2023-05-10,4.002,4.002,4.002,4.002,0.0,4.002,0
2023-05-11,3.933,3.933,3.933,3.933,0.0,3.933,0
2023-05-12,3.91,3.91,3.91,3.91,0.0,3.91,0
2023-05-15,3.914,3.914,3.914,3.914,0.0,3.914,0
2023-05-16,3.9,3.9,3.9,3.9,0.0,3.9,0
2023-05-17,3.824,3.824,3.824,3.824,0.0,3.824,0
2023-05-18,3.804,3.804,3.804,3.804,0.0,3.804,0
2023-05-19,3.751,3.751,3.751,3.751,0.0,3.751,0
2023-05-22,3.741,3.741,3.741,3.741,0.0,3.741,0
2023-05-23,3.729,3.729,3.729,3.729,0.0,3.729,0
2023-05-24,3.784,3.784,3.784,3.784,0.0,3.784,0
2023-05-25,3.739,3.739,3.739,3.739,0.0,3.739,0
2023-05-26,3.767,3.767,3.767,3.767,0.0,3.767,0
2023-05-29,3.767,3.767,3.767,3.767,0.0,3.767,0
2023-05-30,3.727,3.727,3.727,3.727,0.0,3.727,0
2023-05-31,3.692,3.692,3.692,3.692,0.0,3.692,0
2023-06-01,3.55,3.55,3.55,3.55,0.0,3.55,0
2023-06-02,3.59,3.59,3.59,3.59,0.0,3.59,0
2023-06-05,3.66,3.66,3.66,3.66,0.0,3.66,0
2023-06-06,3.657,3.657,3.657,3.657,0.0,3.657,0
2023-06-07,3.631,3.631,3.631,3.631,0.0,3.631,0
2023-06-08,3.602,3.602,3.602,3.602,0.0,3.602,0
2023-06-09,3.607,3.607,3.607,3.607,0.0,3.607,0
2023-06-12,3.604,3.604,3.604,3.604,0.0,3.604,0
2023-06-13,3.569,3.569,3.569,3.569,0.0,3.569,0
2023-06-14,3.582,3.582,3.582,3.582,0.0,3.582,0
2023-06-15,3.554,3.554,3.554,3.554,0.0,3.554,0
2023-06-16,3.573,3.573,3.573,3.573,0.0,3.573,0
2023-06-19,3.573,3.573,3.573,3.573,0.0,3.573,0
2023-06-20,3.62,3.62,3.62,3.62,0.0,3.62,0
2023-06-21,3.686,3.686,3.686,3.686,0.0,3.686,0
2023-06-22,3.704,3.704,3.704,3.704,0.0,3.704,0
2023-06-23,3.598,3.598,3.598,3.598,0.0,3.598,0
2023-06-26,3.572,3.572,3.572,3.572,0.0,3.572,0
2023-06-27,3.646,3.646,3.646,3.646,0.0,3.646,0
2023-06-28,3.478,3.478,3.478,3.478,0.0,3.478,0
2023-06-29,3.437,3.437,3.437,3.437,0.0,3.437,0
2023-06-30,3.438,3.438,3.438,3.438,0.0,3.438,0
2023-07-03,3.439,3.439,3.439,3.439,0.0,3.439,0
2023-07-04,3.439,3.439,3.439,3.439,0.0,3.439,0
2023-07-05,3.429,3.429,3.429,3.429,0.0,3.429,0
2023-07-06,3.431,3.431,3.431,3.431,0.0,3.431,0
2023-07-07,3.477,3.477,3.477,3.477,0.0,3.477,0
2023-07-10,3.521,3.521,3.521,3.521,0.0,3.521,0
2023-07-11,3.59,3.59,3.59,3.59,0.0,3.59,0
2023-07-12,3.656,3.656,3.656,3.656,0.0,3.656,0
2023-07-13,3.474,3.474,3.474,3.474,0.0,3.474,0
2023-07-14,3.535,3.535,3.535,3.535,0.0,3.535,0
2023-07-17,3.581,3.581,3.581,3.581,0.0,3.581,0
2023-07-18,3.64,3.64,3.64,3.64,0.0,3.64,0
2023-07-19,3.639,3.639,3.639,3.639,0.0,3.639,0
2023-07-20,3.626,3.626,3.626,3.626,0.0,3.626,0
2023-07-21,3.644,3.644,3.644,3.644,0.0,3.644,0
2023-07-24,3.685,3.685,3.685,3.685,0.0,3.685,0
2023-07-25,3.699,3.699,3.699,3.699,0.0,3.699,0
2023-07-26,3.717,3.717,3.717,3.717,0.0,3.717,0
2023-07-27,3.708,3.708,3.708,3.708,0.0,3.708,0
2023-07-28,3.717,3.717,3.717,3.717,0.0,3.717,0
2023-07-31,3.646,3.646,3.646,3.646,0.0,3.646,0
2023-08-01,3.556,3.556,3.556,3.556,0.0,3.556,0
2023-08-02,3.573,3.573,3.573,3.573,0.0,3.573,0
2023-08-03,3.553,3.553,3.553,3.553,0.0,3.553,0
2023-08-04,3.561,3.561,3.561,3.561,0.0,3.561,0
2023-08-07,3.622,3.622,3.622,3.622,0.0,3.622,0
2023-08-08,3.67,3.67,3.67,3.67,0.0,3.67,0
2023-08-09,3.632,3.632,3.632,3.632,0.0,3.632,0
2023-08-10,3.617,3.617,3.617,3.617,0.0,3.617,0
2023-08-11,3.645,3.645,3.645,3.645,0.0,3.645,0
2023-08-14,3.592,3.592,3.592,3.592,0.0,3.592,0
2023-08-15,3.675,3.675,3.675,3.675,0.0,3.675,0
2023-08-16,3.688,3.688,3.688,3.688,0.0,3.688,0
2023-08-17,3.659,3.659,3.659,3.659,0.0,3.659,0
2023-08-18,3.635,3.635,3.635,3.635,0.0,3.635,0
2023-08-21,3.699,3.699,3.699,3.699,0.0,3.699,0
2023-08-22,3.653,3.653,3.653,3.653,0.0,3.653,0
2023-08-23,3.734,3.734,3.734,3.734,0.0,3.734,0
2023-08-24,3.596,3.596,3.596,3.596,0.0,3.596,0
2023-08-25,3.577,3.577,3.577,3.577,0.0,3.577,0
2023-08-28,3.566,3.566,3.566,3.566,0.0,3.566,0
2023-08-29,3.543,3.543,3.543,3.543,0.0,3.543,0
2023-08-30,3.598,3.598,3.598,3.598,0.0,3.598,0
2023-08-31,3.611,3.611,3.611,3.611,0.0,3.611,0
2023-09-01,3.61,3.61,3.61,3.61,0.0,3.61,0
2023-09-04,3.61,3.61,3.61,3.61,0.0,3.61,0
2023-09-05,3.556,3.556,3.556,3.556,0.0,3.556,0
2023-09-06,3.57,3.57,3.57,3.57,0.0,3.57,0
2023-09-07,3.603,3.603,3.603,3.603,0.0,3.603,0
2023-09-08,3.609,3.609,3.609,3.609,0.0,3.609,0
2023-09-11,3.501,3.501,3.501,3.501,0.0,3.501,0
2023-09-12,3.513,3.513,3.513,3.513,0.0,3.513,0
2023-09-13,3.574,3.574,3.574,3.574,0.0,3.574,0
2023-09-14,3.538,3.538,3.538,3.538,0.0,3.538,0
2023-09-15,3.551,3.551,3.551,3.551,0.0,3.551,0
2023-09-18,3.593,3.593,3.593,3.593,0.0,3.593,0
2023-09-19,3.529,3.529,3.529,3.529,0.0,3.529,0
2023-09-20,3.585,3.585,3.585,3.585,0.0,3.585,0
2023-09-21,3.605,3.605,3.605,3.605,0.0,3.605,0
2023-09-22,3.608,3.608,3.608,3.608,0.0,3.608,0
2023-09-25,3.681,3.681,3.681,3.681,0.0,3.681,0
2023-09-26,3.636,3.636,3.636,3.636,0.0,3.636,0
2023-09-27,3.589,3.589,3.589,3.589,0.0,3.589,0
2023-09-28,3.596,3.596,3.596,3.596,0.0,3.596,0
2023-09-29,3.6,3.6,3.6,3.6,0.0,3.6,0
2023-10-02,3.604,3.604,3.604,3.604,0.0,3.604,0
2023-10-03,3.715,3.715,3.715,3.715,0.0,3.715,0
2023-10-04,3.637,3.637,3.637,3.637,0.0,3.637,0
2023-10-05,3.583,3.583,3.583,3.583,0.0,3.583,0
2023-10-06,3.565,3.565,3.565,3.565,0.0,3.565,0
2023-10-09,3.566,3.566,3.566,3.566,0.0,3.566,0
2023-10-10,3.568,3.568,3.568,3.568,0.0,3.568,0
2023-10-11,3.61,3.61,3.61,3.61,0.0,3.61,0
2023-10-12,3.67,3.67,3.67,3.67,0.0,3.67,0
2023-10-13,3.645,3.645,3.645,3.645,0.0,3.645,0
2023-10-16,3.625,3.625,3.625,3.625,0.0,3.625,0
2023-10-17,3.608,3.608,3.608,3.608,0.0,3.608,0
2023-10-18,3.603,3.603,3.603,3.603,0.0,3.603,0
2023-10-19,3.622,3.622,3.622,3.622,0.0,3.622,0
2023-10-20,3.628,3.628,3.628,3.628,0.0,3.628,0
2023-10-23,3.632,3.632,3.632,3.632,0.0,3.632,0
2023-10-24,3.637,3.637,3.637,3.637,0.0,3.637,0
2023-10-25,3.645,3.645,3.645,3.645,0.0,3.645,0
2023-10-26,3.63,3.63,3.63,3.63,0.0,3.63,0
2023-10-27,3.619,3.619,3.619,3.619,0.0,3.619,0
2023-10-30,3.61,3.61,3.61,3.61,0.0,3.61,0
2023-10-31,3.628,3.628,3.628,3.628,0.0,3.628,0
2023-11-01,3.726,3.726,3.726,3.726,0.0,3.726,0
2023-11-02,3.786,3.786,3.786,3.786,0.0,3.786,0
2023-11-03,3.716,3.716,3.716,3.716,0.0,3.716,0
2023-11-06,3.741,3.741,3.741,3.741,0.0,3.741,0
2023-11-07,3.772,3.772,3.772,3.772,0.0,3.772,0
2023-11-08,3.689,3.689,3.689,3.689,0.0,3.689,0
2023-11-09,3.697,3.697,3.697,3.697,0.0,3.697,0
2023-11-10,3.66,3.66,3.66,3.66,0.0,3.66,0
2023-11-13,3.708,3.708,3.708,3.708,0.0,3.708,0
2023-11-14,3.688,3.688,3.688,3.688,0.0,3.688,0
2023-11-15,3.73,3.73,3.73,3.73,0.0,3.73,0
2023-11-16,3.711,3.711,3.711,3.711,0.0,3.711,0
2023-11-17,3.714,3.714,3.714,3.714,0.0,3.714,0
2023-11-20,3.701,3.701,3.701,3.701,0.0,3.701,0
2023-11-21,3.676,3.676,3.676,3.676,0.0,3.676,0
2023-11-22,3.653,3.653,3.653,3.653,0.0,3.653,0
2023-11-23,3.653,3.653,3.653,3.653,0.0,3.653,0
2023-11-24,3.713,3.713,3.713,3.713,0.0,3.713,0
2023-11-27,3.728,3.728,3.728,3.728,0.0,3.728,0
2023-11-28,3.678,3.678,3.642,3.642,1.0,3.678,1
2023-11-29,3.617,3.617,3.617,3.617,0.0,3.617,0
2023-11-30,3.597,3.597,3.597,3.597,0.0,3.597,0
2023-12-01,3.613,3.613,3.613,3.613,0.0,3.613,0
2023-12-04,3.579,3.579,3.579,3.579,0.0,3.579,0
2023-12-05,3.544,3.544,3.544,3.544,0.0,3.544,0
2023-12-06,3.44,3.44,3.44,3.44,0.0,3.44,0
2023-12-07,3.439,3.439,3.439,3.439,0.0,3.439,0
2023-12-08,3.422,3.422,3.422,3.422,0.0,3.422,0
2023-12-11,3.417,3.417,3.417,3.417,0.0,3.417,0
2023-12-12,3.456,3.456,3.456,3.456,0.0,3.456,0
2023-12-13,3.497,3.497,3.497,3.497,0.0,3.497,0
2023-12-14,3.571,3.571,3.571,3.571,0.0,3.571,0
2023-12-15,3.621,3.621,3.621,3.621,0.0,3.621,0
2023-12-18,3.618,3.618,3.618,3.618,0.0,3.618,0
2023-12-19,3.587,3.587,3.587,3.587,0.0,3.587,0
2023-12-20,3.641,3.641,3.641,3.641,0.0,3.641,0
2023-12-21,3.575,3.575,3.575,3.575,0.0,3.575,0
2023-12-22,3.537,3.537,3.537,3.537,0.0,3.537,0
2023-12-26,3.493,3.493,3.493,3.493,0.0,3.493,0
2023-12-27,3.512,3.512,3.512,3.512,0.0,3.512,0
2023-12-28,3.53,3.53,3.53,3.53,0.0,3.53,0
2023-12-29,3.536,3.536,3.536,3.536,0.0,3.536,0
2024-01-02,3.532,3.532,3.532,3.532,0.0,3.532,0
2024-01-03,3.565,3.565,3.565,3.565,0.0,3.565,0
2024-01-04,3.548,3.548,3.548,3.548,0.0,3.548,0
2024-01-05,3.601,3.601,3.601,3.601,0.0,3.601,0
2024-01-08,3.611,3.611,3.611,3.611,0.0,3.611,0
2024-01-09,3.666,3.666,3.666,3.666,0.0,3.666,0
2024-01-10,3.616,3.616,3.616,3.616,0.0,3.616,0
2024-01-11,3.576,3.576,3.576,3.576,0.0,3.576,0
2024-01-12,3.572,3.572,3.572,3.572,0.0,3.572,0
2024-01-15,3.572,3.572,3.572,3.572,0.0,3.572,0
2024-01-16,3.554,3.554,3.554,3.554,0.0,3.554,0
2024-01-17,3.595,3.595,3.595,3.595,0.0,3.595,0
2024-01-18,3.596,3.596,3.596,3.596,0.0,3.596,0
2024-01-19,3.539,3.539,3.539,3.539,0.0,3.539,0
2024-01-22,3.468,3.468,3.468,3.468,0.0,3.468,0
2024-01-23,3.581,3.581,3.581,3.581,0.0,3.581,0
2024-01-24,3.556,3.556,3.556,3.556,0.0,3.556,0
2024-01-25,3.456,3.456,3.456,3.456,0.0,3.456,0
2024-01-26,3.474,3.474,3.474,3.474,0.0,3.474,0
2024-01-29,3.449,3.449,3.449,3.449,0.0,3.449,0
2024-01-30,3.428,3.428,3.428,3.428,0.0,3.428,0
2024-01-31,3.454,3.454,3.454,3.454,0.0,3.454,0
2024-02-01,3.45,3.45,3.45,3.45,0.0,3.45,0
2024-02-02,3.533,3.533,3.533,3.533,0.0,3.533,0
2024-02-05,3.512,3.512,3.512,3.512,0.0,3.512,0
2024-02-06,3.495,3.495,3.495,3.495,0.0,3.495,0
2024-02-07,3.495,3.495,3.495,3.495,0.0,3.495,0
2024-02-08,3.479,3.479,3.479,3.479,0.0,3.479,0
2024-02-09,3.478,3.478,3.478,3.478,0.0,3.478,0
2024-02-12,3.459,3.459,3.459,3.459,0.0,3.459,0
2024-02-13,3.5,3.5,3.5,3.5,0.0,3.5,0
2024-02-14,3.472,3.472,3.472,3.472,0.0,3.472,0
2024-02-15,3.452,3.452,3.445,3.445,1.0,3.452,1
2024-02-16,3.425,3.425,3.425,3.425,0.0,3.425,0
2024-02-19,3.425,3.425,3.425,3.425,0.0,3.425,0
2024-02-20,3.415,3.415,3.415,3.415,0.0,3.415,0
2024-02-21,3.46,3.46,3.46,3.46,0.0,3.46,0
2024-02-22,3.51,3.51,3.51,3.51,0.0,3.51,0
2024-02-23,3.463,3.463,3.463,3.463,0.0,3.463,0
2024-02-26,3.467,3.467,3.467,3.467,0.0,3.467,0
2024-02-27,3.471,3.471,3.471,3.471,0.0,3.471,0
2024-02-28,3.491,3.491,3.491,3.491,0.0,3.491,0
2024-02-29,3.495,3.495,3.495,3.495,0.0,3.495,0
2024-03-01,3.467,3.467,3.467,3.467,0.0,3.467,0
2024-03-04,3.467,3.467,3.467,3.467,0.0,3.467,0
2024-03-05,3.483,3.483,3.483,3.483,0.0,3.483,0
2024-03-06,3.488,3.488,3.488,3.488,0.0,3.488,0
2024-03-07,3.492,3.492,3.492,3.492,0.0,3.492,0
2024-03-08,3.534,3.534,3.534,3.534,0.0,3.534,0
2024-03-11,3.55,3.55,3.55,3.55,0.0,3.55,0
2024-03-12,3.531,3.531,3.531,3.531,0.0,3.531,0
2024-03-13,3.528,3.528,3.528,3.528,0.0,3.528,0
2024-03-14,3.533,3.533,3.533,3.533,0.0,3.533,0
2024-03-15,3.524,3.524,3.524,3.524,0.0,3.524,0
2024-03-18,3.522,3.522,3.522,3.522,0.0,3.522,0
2024-03-19,3.538,3.538,3.538,3.538,0.0,3.538,0
2024-03-20,3.517,3.517,3.517,3.517,0.0,3.517,0
2024-03-21,3.506,3.506,3.506,3.506,0.0,3.506,0
2024-03-22,3.548,3.548,3.548,3.548,0.0,3.548,0
2024-03-25,3.48,3.48,3.48,3.48,0.0,3.48,0
2024-03-26,3.513,3.513,3.513,3.513,0.0,3.513,0
2024-03-27,3.498,3.498,3.498,3.498,0.0,3.498,0
2024-03-28,3.524,3.524,3.524,3.524,0.0,3.524,0
2024-04-01,3.563,3.563,3.563,3.563,0.0,3.563,0
2024-04-02,3.612,3.612,3.612,3.612,0.0,3.612,0
2024-04-03,3.578,3.578,3.578,3.578,0.0,3.578,0
2024-04-04,3.576,3.576,3.576,3.576,0.0,3.576,0
2024-04-05,3.583,3.583,3.583,3.583,0.0,3.583,0
2024-04-08,3.577,3.577,3.577,3.577,0.0,3.577,0
2024-04-09,3.561,3.561,3.561,3.561,0.0,3.561,0
2024-04-10,3.584,3.584,3.584,3.584,0.0,3.584,0
2024-04-11,3.668,3.668,3.668,3.668,0.0,3.668,0
2024-04-12,3.71,3.71,3.71,3.71,0.0,3.71,0
2024-04-15,3.754,3.754,3.754,3.754,0.0,3.754,0
2024-04-16,3.798,3.798,3.798,3.798,0.0,3.798,0
2024-04-17,3.764,3.764,3.764,3.764,0.0,3.764,0
2024-04-18,3.751,3.751,3.751,3.751,0.0,3.751,0
2024-04-19,3.752,3.752,3.752,3.752,0.0,3.752,0
2024-04-22,3.78,3.78,3.78,3.78,0.0,3.78,0
2024-04-23,3.776,3.776,3.776,3.776,0.0,3.776,0
2024-04-24,3.765,3.765,3.765,3.765,0.0,3.765,0
2024-04-25,3.772,3.772,3.772,3.772,0.0,3.772,0
2024-04-26,3.779,3.779,3.779,3.779,0.0,3.779,0
2024-04-29,3.804,3.804,3.792,3.792,1.0,3.804,1
2024-04-30,3.817,3.817,3.817,3.817,0.0,3.817,0
2024-05-01,3.815,3.815,3.815,3.815,0.0,3.815,0
2024-05-02,3.819,3.819,3.819,3.819,0.0,3.819,0
2024-05-03,3.787,3.787,3.787,3.787,0.0,3.787,0
2024-05-06,3.8,3.8,3.8,3.8,0.0,3.8,0
2024-05-07,3.743,3.743,3.743,3.743,0.0,3.743,0
2024-05-08,3.673,3.673,3.673,3.673,0.0,3.673,0
2024-05-09,3.595,3.595,3.595,3.595,0.0,3.595,0
2024-05-10,3.66,3.66,3.66,3.66,0.0,3.66,0
2024-05-13,3.675,3.675,3.675,3.675,0.0,3.675,0
2024-05-14,3.688,3.688,3.688,3.688,0.0,3.688,0
2024-05-15,3.706,3.706,3.706,3.706,0.0,3.706,0
2024-05-16,3.736,3.736,3.736,3.736,0.0,3.736,0
2024-05-17,3.795,3.795,3.795,3.795,0.0,3.795,0
2024-05-20,3.784,3.784,3.784,3.784,0.0,3.784,0
2024-05-21,3.814,3.814,3.814,3.814,0.0,3.814,0
2024-05-22,3.79,3.79,3.79,3.79,0.0,3.79,0
2024-05-23,3.765,3.765,3.765,3.765,0.0,3.765,0
2024-05-24,3.755,3.755,3.755,3.755,0.0,3.755,0
2024-05-27,3.755,3.755,3.755,3.755,0.0,3.755,0
2024-05-28,3.759,3.759,3.759,3.759,0.0,3.759,0
2024-05-29,3.7,3.7,3.7,3.7,0.0,3.7,0
2024-05-30,3.701,3.701,3.701,3.701,0.0,3.701,0
2024-05-31,3.677,3.677,3.677,3.677,0.0,3.677,0
2024-06-03,3.69,3.69,3.69,3.69,0.0,3.69,0
2024-06-04,3.664,3.664,3.664,3.664,0.0,3.664,0
2024-06-05,3.664,3.664,3.644,3.644,1.0,3.664,1
2024-06-06,3.674,3.674,3.674,3.674,0.0,3.674,0
2024-06-07,3.673,3.673,3.673,3.673,0.0,3.673,0
2024-06-10,3.669,3.669,3.669,3.669,0.0,3.669,0
2024-06-11,3.7,3.7,3.683,3.683,1.0,3.7,1
2024-06-12,3.675,3.675,3.675,3.675,0.0,3.675,0
2024-06-13,3.634,3.634,3.634,3.634,0.0,3.634,0
2024-06-14,3.661,3.661,3.661,3.661,0.0,3.661,0
2024-06-17,3.662,3.662,3.662,3.662,0.0,3.662,0
2024-06-18,3.703,3.703,3.703,3.703,0.0,3.703,0
2024-06-19,3.703,3.703,3.703,3.703,0.0,3.703,0
2024-06-20,3.661,3.661,3.661,3.661,0.0,3.661,0
2024-06-21,3.601,3.601,3.601,3.601,0.0,3.601,0
2024-06-24,3.611,3.611,3.611,3.611,0.0,3.611,0
2024-06-25,3.598,3.598,3.598,3.598,0.0,3.598,0
2024-06-26,3.595,3.595,3.595,3.595,0.0,3.595,0
2024-06-27,3.524,3.524,3.524,3.524,0.0,3.524,0
2024-06-28,3.574,3.574,3.574,3.574,0.0,3.574,0
2024-07-01,3.558,3.558,3.558,3.558,0.0,3.558,0
2024-07-02,3.552,3.552,3.552,3.552,0.0,3.552,0
2024-07-03,3.509,3.509,3.509,3.509,0.0,3.509,0
2024-07-04,3.509,3.509,3.509,3.509,0.0,3.509,0
2024-07-05,3.495,3.495,3.495,3.495,0.0,3.495,0
2024-07-08,3.517,3.517,3.517,3.517,0.0,3.517,0
2024-07-09,3.536,3.536,3.536,3.536,0.0,3.536,0
2024-07-10,3.527,3.527,3.527,3.527,0.0,3.527,0
2024-07-11,3.493,3.493,3.493,3.493,0.0,3.493,0
2024-07-12,3.5,3.5,3.5,3.5,0.0,3.5,0
2024-07-15,3.486,3.486,3.486,3.486,0.0,3.486,0
2024-07-16,3.507,3.507,3.507,3.507,0.0,3.507,0
2024-07-17,3.459,3.459,3.459,3.459,0.0,3.459,0
2024-07-18,3.443,3.443,3.443,3.443,0.0,3.443,0
2024-07-19,3.488,3.488,3.488,3.488,0.0,3.488,0
2024-07-22,3.513,3.513,3.513,3.513,0.0,3.513,0
2024-07-23,3.513,3.513,3.513,3.513,0.0,3.513,0
2024-07-24,3.453,3.453,3.453,3.453,0.0,3.453,0
2024-07-25,3.418,3.418,3.418,3.418,0.0,3.418,0
2024-07-26,3.434,3.434,3.434,3.434,0.0,3.434,0
2024-07-29,3.416,3.416,3.416,3.416,0.0,3.416,0
2024-07-30,3.414,3.414,3.414,3.414,0.0,3.414,0
2024-07-31,3.38,3.38,3.38,3.38,0.0,3.38,0
2024-08-01,3.364,3.364,3.364,3.364,0.0,3.364,0
2024-08-02,3.355,3.355,3.318,3.318,2.0,3.355,1
2024-08-05,3.288,3.288,3.288,3.288,0.0,3.288,0
2024-08-06,3.283,3.283,3.283,3.283,0.0,3.283,0
2024-08-07,3.282,3.282,3.282,3.282,0.0,3.282,0
2024-08-08,3.325,3.325,3.325,3.325,0.0,3.325,0
2024-08-09,3.372,3.372,3.372,3.372,0.0,3.372,0
2024-08-12,3.369,3.369,3.369,3.369,0.0,3.369,0
2024-08-13,3.387,3.387,3.387,3.387,0.0,3.387,0
2024-08-14,3.354,3.354,3.354,3.354,0.0,3.354,0
2024-08-15,3.354,3.354,3.354,3.354,0.0,3.354,0
2024-08-16,3.351,3.351,3.351,3.351,0.0,3.351,0
2024-08-19,3.373,3.373,3.373,3.373,0.0,3.373,0
2024-08-20,3.392,3.392,3.392,3.392,0.0,3.392,0
2024-08-21,3.379,3.379,3.379,3.379,0.0,3.379,0
2024-08-22,3.424,3.424,3.424,3.424,0.0,3.424,0
2024-08-23,3.452,3.452,3.452,3.452,0.0,3.452,0
2024-08-26,3.455,3.455,3.448,3.448,7.0,3.4546,3
2024-08-27,3.421,3.421,3.421,3.421,0.0,3.421,0
2024-08-28,3.414,3.414,3.414,3.414,0.0,3.414,0
2024-08-29,3.404,3.404,3.404,3.404,0.0,3.404,0
2024-08-30,3.395,3.395,3.395,3.395,0.0,3.395,0
2024-09-02,3.395,3.395,3.395,3.395,0.0,3.395,0
2024-09-03,3.416,3.416,3.416,3.416,0.0,3.416,0
2024-09-04,3.416,3.416,3.416,3.416,0.0,3.416,0
2024-09-05,3.378,3.378,3.378,3.378,0.0,3.378,0
2024-09-06,3.323,3.323,3.323,3.323,0.0,3.323,0
2024-09-09,3.339,3.339,3.339,3.339,0.0,3.339,0
2024-09-10,3.317,3.317,3.317,3.317,0.0,3.317,0
2024-09-11,3.317,3.317,3.317,3.317,0.0,3.317,0
2024-09-12,3.317,3.317,3.317,3.317,0.0,3.317,0
2024-09-13,3.285,3.285,3.285,3.285,0.0,3.285,0
2024-09-16,3.288,3.288,3.288,3.288,0.0,3.288,0
2024-09-17,3.254,3.254,3.254,3.254,0.0,3.254,0
2024-09-18,3.261,3.261,3.261,3.261,0.0,3.261,0
2024-09-19,3.255,3.255,3.255,3.255,0.0,3.255,0
2024-09-20,3.285,3.285,3.285,3.285,0.0,3.285,0
2024-09-23,3.276,3.276,3.276,3.276,0.0,3.276,0
2024-09-24,3.32,3.326,3.32,3.326,17.0,3.32,1
2024-09-25,3.354,3.354,3.354,3.354,0.0,3.354,0
2024-09-26,3.373,3.373,3.373,3.373,0.0,3.373,0
2024-09-27,3.39,3.39,3.39,3.39,0.0,3.39,0
2024-09-30,3.385,3.385,3.374,3.374,1.0,3.385,1
2024-10-01,3.38,3.38,3.38,3.38,0.0,3.38,0
2024-10-02,3.356,3.356,3.356,3.356,0.0,3.356,0
2024-10-03,3.397,3.397,3.397,3.397,0.0,3.397,0
2024-10-04,3.431,3.431,3.431,3.431,0.0,3.431,0
2024-10-07,3.439,3.439,3.439,3.439,0.0,3.439,0
2024-10-08,3.409,3.409,3.409,3.409,0.0,3.409,0
2024-10-09,3.389,3.389,3.389,3.389,0.0,3.389,0
2024-10-10,3.404,3.404,3.404,3.404,0.0,3.404,0
2024-10-11,3.388,3.388,3.388,3.388,0.0,3.388,0
2024-10-14,3.39,3.39,3.39,3.39,0.0,3.39,0
2024-10-15,3.445,3.445,3.445,3.445,0.0,3.445,0
2024-10-16,3.384,3.384,3.384,3.384,0.0,3.384,0
2024-10-17,3.426,3.426,3.426,3.426,0.0,3.426,0
2024-10-18,3.385,3.385,3.385,3.385,0.0,3.385,0
2024-10-21,3.405,3.405,3.405,3.405,0.0,3.405,0
2024-10-22,3.405,3.405,3.405,3.405,0.0,3.405,0
2024-10-23,3.401,3.401,3.401,3.401,0.0,3.401,0
2024-10-24,3.39,3.39,3.39,3.39,0.0,3.39,0
2024-10-25,3.403,3.403,3.403,3.403,0.0,3.403,0
2024-10-28,3.391,3.391,3.391,3.391,0.0,3.391,0
2024-10-29,3.43,3.43,3.43,3.43,0.0,3.43,0
2024-10-30,3.439,3.439,3.439,3.439,0.0,3.439,0
2024-10-31,3.386,3.386,3.386,3.386,0.0,3.386,0
2024-11-01,3.414,3.414,3.414,3.414,0.0,3.414,0
2024-11-04,3.442,3.442,3.442,3.442,0.0,3.442,0
2024-11-05,3.383,3.383,3.383,3.383,0.0,3.383,0
2024-11-06,3.409,3.409,3.409,3.409,0.0,3.409,0
2024-11-07,3.416,3.416,3.416,3.416,0.0,3.416,0
2024-11-08,3.364,3.364,3.364,3.364,0.0,3.364,0
2024-11-11,3.391,3.391,3.391,3.391,0.0,3.391,0
2024-11-12,3.409,3.409,3.409,3.409,0.0,3.409,0
2024-11-13,3.424,3.424,3.424,3.424,0.0,3.424,0
2024-11-14,3.399,3.399,3.399,3.399,0.0,3.399,0
2024-11-15,3.375,3.375,3.375,3.375,0.0,3.375,0
2024-11-18,3.363,3.363,3.363,3.363,0.0,3.363,0
2024-11-19,3.41,3.41,3.41,3.41,0.0,3.41,0
2024-11-20,3.498,3.498,3.498,3.498,0.0,3.498,0
2024-11-21,3.426,3.426,3.426,3.426,0.0,3.426,0
2024-11-22,3.413,3.413,3.413,3.413,0.0,3.413,0
2024-11-25,3.476,3.476,3.476,3.476,0.0,3.476,0
2024-11-26,3.442,3.442,3.442,3.442,0.0,3.442,0
2024-11-27,3.443,3.443,3.443,3.443,0.0,3.443,0
2024-11-28,3.443,3.443,3.443,3.443,0.0,3.443,0
2024-11-29,3.539,3.539,3.539,3.539,0.0,3.539,0
2024-12-02,3.459,3.459,3.459,3.459,0.0,3.459,0
2024-12-03,3.454,3.454,3.454,3.454,0.0,3.454,0
2024-12-04,3.493,3.493,3.493,3.493,0.0,3.493,0
2024-12-05,3.501,3.501,3.501,3.501,0.0,3.501,0
2024-12-06,3.509,3.509,3.509,3.509,0.0,3.509,0
2024-12-09,3.469,3.469,3.469,3.469,0.0,3.469,0
2024-12-10,3.476,3.476,3.476,3.476,0.0,3.476,0
2024-12-11,3.432,3.432,3.432,3.432,0.0,3.432,0
2024-12-12,3.437,3.437,3.437,3.437,0.0,3.437,0
2024-12-13,3.437,3.437,3.437,3.437,0.0,3.437,0
2024-12-16,3.459,3.459,3.459,3.459,0.0,3.459,0
2024-12-17,3.48,3.48,3.48,3.48,0.0,3.48,0
2024-12-18,3.454,3.454,3.454,3.454,0.0,3.454,0
2024-12-19,3.469,3.469,3.469,3.469,0.0,3.469,0
2024-12-20,3.46,3.46,3.46,3.46,0.0,3.46,0
2024-12-23,3.484,3.484,3.484,3.484,0.0,3.484,0
2024-12-24,3.529,3.529,3.529,3.529,0.0,3.529,0
2024-12-26,3.568,3.568,3.568,3.568,0.0,3.568,0
2024-12-27,3.541,3.541,3.541,3.541,0.0,3.541,0
2024-12-30,3.542,3.542,3.542,3.542,0.0,3.542,0
2024-12-31,3.521,3.521,3.521,3.521,0.0,3.521,0
2025-01-02,3.527,3.527,3.527,3.527,0.0,3.527,0
2025-01-03,3.482,3.482,3.482,3.482,0.0,3.482,0
2025-01-06,3.495,3.495,3.495,3.495,0.0,3.495,0
2025-01-07,3.433,3.433,3.433,3.433,0.0,3.433,0
2025-01-08,3.47,3.47,3.47,3.47,0.0,3.47,0
2025-01-09,3.484,3.484,3.484,3.484,0.0,3.484,0
2025-01-10,3.499,3.499,3.499,3.499,0.0,3.499,0
2025-01-13,3.493,3.493,3.493,3.493,0.0,3.493,0
2025-01-14,3.466,3.466,3.466,3.466,0.0,3.466,0
2025-01-15,3.48,3.48,3.473,3.473,50.0,3.48,2
2025-01-16,3.477,3.477,3.477,3.477,0.0,3.477,0
2025-01-17,3.449,3.449,3.449,3.449,0.0,3.449,0
2025-01-20,3.449,3.449,3.449,3.449,0.0,3.449,0
2025-01-21,3.432,3.432,3.432,3.432,0.0,3.432,0
2025-01-22,3.477,3.477,3.477,3.477,0.0,3.477,0
2025-01-23,3.572,3.572,3.572,3.572,0.0,3.572,0
2025-01-24,3.574,3.574,3.574,3.574,0.0,3.574,0
2025-01-27,3.54,3.54,3.516,3.516,1.0,3.54,1
2025-01-28,3.454,3.454,3.454,3.454,0.0,3.454,0
2025-01-29,3.498,3.498,3.498,3.498,0.0,3.498,0
2025-01-30,3.451,3.451,3.451,3.451,0.0,3.451,0
2025-01-31,3.414,3.414,3.414,3.414,0.0,3.414,0
2025-02-03,3.441,3.441,3.441,3.441,0.0,3.441,0
2025-02-04,3.438,3.438,3.438,3.438,0.0,3.438,0
2025-02-05,3.434,3.434,3.434,3.434,0.0,3.434,0
2025-02-06,3.439,3.439,3.439,3.439,0.0,3.439,0
2025-02-07,3.417,3.417,3.417,3.417,0.0,3.417,0
2025-02-10,3.436,3.436,3.436,3.436,0.0,3.436,0
2025-02-11,3.457,3.457,3.457,3.457,0.0,3.457,0
2025-02-12,3.481,3.481,3.481,3.481,0.0,3.481,0
2025-02-13,3.489,3.489,3.489,3.489,0.0,3.489,0
2025-02-14,3.487,3.487,3.487,3.487,0.0,3.487,0
2025-02-17,3.487,3.487,3.487,3.487,0.0,3.487,0
2025-02-18,3.47,3.47,3.47,3.47,0.0,3.47,0
2025-02-19,3.468,3.468,3.468,3.468,0.0,3.468,0
2025-02-20,3.378,3.378,3.378,3.378,0.0,3.378,0
2025-02-21,3.379,3.379,3.379,3.379,0.0,3.379,0
2025-02-24,3.373,3.373,3.373,3.373,0.0,3.373,0
2025-02-25,3.346,3.346,3.346,3.346,0.0,3.346,0
2025-02-26,3.306,3.306,3.306,3.306,0.0,3.306,0
2025-02-27,3.395,3.395,3.395,3.395,0.0,3.395,0
2025-02-28,3.431,3.431,3.431,3.431,0.0,3.431,0
2025-03-03,3.445,3.445,3.445,3.445,0.0,3.445,0
2025-03-04,3.447,3.447,3.447,3.447,0.0,3.447,0
2025-03-05,3.482,3.482,3.482,3.482,0.0,3.482,0
2025-03-06,3.44,3.44,3.44,3.44,0.0,3.44,0
2025-03-07,3.457,3.457,3.457,3.457,0.0,3.457,0
2025-03-10,3.427,3.427,3.427,3.427,0.0,3.427,0
2025-03-11,3.413,3.413,3.413,3.413,0.0,3.413,0
2025-03-12,3.401,3.401,3.401,3.401,0.0,3.401,0
2025-03-13,3.426,3.426,3.426,3.426,0.0,3.426,0
2025-03-14,3.406,3.406,3.406,3.406,0.0,3.406,0
2025-03-17,3.4,3.4,3.4,3.4,0.0,3.4,0
2025-03-18,3.401,3.401,3.401,3.401,0.0,3.401,0
2025-03-19,3.398,3.398,3.398,3.398,0.0,3.398,0
2025-03-20,3.406,3.406,3.406,3.406,0.0,3.406,0
2025-03-21,3.407,3.407,3.407,3.407,0.0,3.407,0
2025-03-24,3.421,3.421,3.421,3.421,0.0,3.421,0
2025-03-25,3.406,3.406,3.406,3.406,0.0,3.406,0
2025-03-26,3.386,3.386,3.386,3.386,0.0,3.386,0
2025-03-27,3.384,3.384,3.384,3.384,0.0,3.384,0
2025-03-28,3.372,3.372,3.372,3.372,0.0,3.372,0
2025-03-31,3.372,3.382,3.372,3.382,1.0,3.372,1
2025-04-01,3.37,3.376,3.37,3.376,1.0,3.37,1
2025-04-02,3.398,3.398,3.398,3.398,0.0,3.398,0
2025-04-03,3.436,3.436,3.436,3.436,0.0,3.436,0
2025-04-04,3.411,3.411,3.411,3.411,0.0,3.411,0
2025-04-07,3.375,3.375,3.351,3.351,1.0,3.375,1
2025-04-08,3.328,3.328,3.328,3.328,0.0,3.328,0
2025-04-09,3.379,3.379,3.379,3.379,0.0,3.379,0
2025-04-10,3.346,3.346,3.346,3.346,0.0,3.346,0
2025-04-11,3.393,3.393,3.393,3.393,0.0,3.393,0
2025-04-14,3.436,3.436,3.436,3.436,0.0,3.436,0
2025-04-15,3.426,3.426,3.426,3.426,0.0,3.426,0
2025-04-16,3.437,3.437,3.437,3.437,0.0,3.437,0
2025-04-17,3.446,3.446,3.446,3.446,0.0,3.446,0
2025-04-21,3.402,3.402,3.402,3.402,0.0,3.402,0
2025-04-22,3.4,3.4,3.4,3.4,0.0,3.4,0
2025-04-23,3.432,3.432,3.407,3.407,1.0,3.432,1
2025-04-24,3.421,3.421,3.421,3.421,0.0,3.421,0
2025-04-25,3.391,3.391,3.391,3.391,0.0,3.391,0
2025-04-28,3.41,3.41,3.41,3.41,0.0,3.41,0
2025-04-29,3.422,3.422,3.422,3.422,0.0,3.422,0
2025-04-30,3.436,3.436,3.436,3.436,0.0,3.436,0
2025-05-01,3.426,3.426,3.426,3.426,0.0,3.426,0
2025-05-02,3.441,3.441,3.441,3.441,0.0,3.441,0
2025-05-05,3.452,3.452,3.452,3.452,0.0,3.452,0
2025-05-06,3.478,3.478,3.478,3.478,0.0,3.478,0
2025-05-07,3.509,3.509,3.509,3.509,0.0,3.509,0
2025-05-08,3.53,3.53,3.53,3.53,0.0,3.53,0
2025-05-09,3.559,3.559,3.559,3.559,0.0,3.559,0
2025-05-12,3.557,3.557,3.557,3.557,0.0,3.557,0
2025-05-13,3.59,3.59,3.59,3.59,0.0,3.59,0
2025-05-14,3.623,3.623,3.623,3.623,0.0,3.623,0
2025-05-15,3.605,3.605,3.605,3.605,0.0,3.605,0
2025-05-16,3.625,3.625,3.625,3.625,0.0,3.625,0
2025-05-19,3.561,3.561,3.561,3.561,0.0,3.561,0
2025-05-20,3.594,3.594,3.594,3.594,0.0,3.594,0
2025-05-21,3.579,3.579,3.579,3.579,0.0,3.579,0
2025-05-22,3.591,3.591,3.591,3.591,0.0,3.591,0
2025-05-23,3.617,3.617,3.617,3.617,0.0,3.617,0
2025-05-27,3.649,3.65,3.649,3.65,22.0,3.649,2
2025-05-28,3.63,3.63,3.63,3.63,0.0,3.63,0
2025-05-29,3.625,3.625,3.622,3.622,1.0,3.625,1
2025-05-30,3.626,3.626,3.626,3.626,0.0,3.626,0
2025-06-02,3.622,3.622,3.622,3.622,0.0,3.622,0
2025-06-03,3.626,3.626,3.626,3.626,0.0,3.626,0
2025-06-04,3.62,3.632,3.62,3.632,1.0,3.62,1
2025-06-05,3.616,3.616,3.616,3.616,0.0,3.616,0
2025-06-06,3.63,3.63,3.63,3.63,0.0,3.63,0
2025-06-09,3.613,3.613,3.613,3.613,0.0,3.613,0
2025-06-10,3.591,3.591,3.591,3.591,0.0,3.591,0
2025-06-11,3.61,3.61,3.61,3.61,0.0,3.61,0
2025-06-12,3.576,3.576,3.576,3.576,0.0,3.576,0
2025-06-13,3.633,3.633,3.633,3.633,0.0,3.633,0
2025-06-16,3.646,3.646,3.646,3.646,0.0,3.646,0
2025-06-17,3.653,3.653,3.653,3.653,0.0,3.653,0
2025-06-18,3.667,3.667,3.667,3.667,0.0,3.667,0
2025-06-20,3.673,3.673,3.673,3.673,0.0,3.673,0
2025-06-23,3.643,3.643,3.643,3.643,0.0,3.643,0
2025-06-24,3.639,3.639,3.639,3.639,0.0,3.639,0
2025-06-25,3.635,3.635,3.635,3.635,0.0,3.635,0
2025-06-26,3.638,3.638,3.638,3.638,0.0,3.638,0
2025-06-27,3.66,3.66,3.66,3.66,0.0,3.66,0
2025-06-30,3.634,3.634,3.634,3.634,0.0,3.634,0
2025-07-01,3.642,3.642,3.642,3.642,0.0,3.642,0
2025-07-02,3.673,3.673,3.673,3.673,0.0,3.673,0
2025-07-03,3.668,3.668,3.668,3.668,0.0,3.668,0
2025-07-07,3.702,3.702,3.702,3.702,0.0,3.702,0
2025-07-08,3.674,3.674,3.674,3.674,0.0,3.674,0
2025-07-09,3.672,3.672,3.672,3.672,0.0,3.672,0
2025-07-10,3.685,3.685,3.685,3.685,0.0,3.685,0
2025-07-11,3.69,3.709,3.69,3.709,7.0,3.69,1
2025-07-14,3.711,3.711,3.711,3.711,0.0,3.711,0
2025-07-15,3.722,3.722,3.722,3.722,0.0,3.722,0
2025-07-16,3.718,3.718,3.718,3.718,0.0,3.718,0
2025-07-17,3.722,3.722,3.722,3.722,0.0,3.722,0
2025-07-18,3.715,3.715,3.715,3.715,0.0,3.715,0
2025-07-21,3.669,3.685,3.669,3.685,1.0,3.669,1
2025-07-22,3.677,3.723,3.677,3.723,2.0,3.6785,2
2025-07-23,3.656,3.685,3.656,3.685,16.0,3.666,16
2025-07-24,3.673,3.689,3.663,3.689,8.0,3.6675,8
2025-07-25,3.647,3.647,3.638,3.638,1.0,3.647,1
2025-07-28,3.578,3.578,3.578,3.578,0.0,3.578,0
2025-07-29,3.562,3.603,3.562,3.603,1.0,3.562,1
2025-07-30,3.578,3.578,3.578,3.578,0.0,3.578,0
2025-07-31,3.576,3.61,3.573,3.61,17.0,3.5902,17
2025-08-01,3.573,3.603,3.573,3.603,1.0,3.573,1
2025-08-04,3.601,3.601,3.601,3.601,0.0,3.601,0
2025-08-05,3.552,3.599,3.552,3.599,1.0,3.552,1
2025-08-06,3.619,3.619,3.619,3.619,0.0,3.619,0
2025-08-07,3.588,3.622,3.588,3.622,2.0,3.5885,2
2025-08-08,3.554,3.588,3.554,3.588,1.0,3.554,1
2025-08-11,3.584,3.605,3.584,3.605,7.0,3.5886,7
2025-08-12,3.578,3.578,3.555,3.555,1.0,3.578,1
2025-08-13,3.571,3.571,3.571,3.571,0.0,3.571,0
2025-08-14,3.557,3.557,3.557,3.557,0.0,3.557,0
2025-08-15,3.58,3.58,3.568,3.568,1.0,3.58,1
2025-08-18,3.587,3.62,3.587,3.62,2.0,3.589,2
2025-08-19,3.611,3.616,3.609,3.616,2.0,3.61,2
2025-08-20,3.623,3.623,3.623,3.623,0.0,3.623,0
2025-08-21,3.648,3.648,3.648,3.648,0.0,3.648,0
2025-08-22,3.658,3.658,3.658,3.658,0.0,3.658,0
2025-08-25,3.642,3.642,3.613,3.641,2.0,3.6275,2
2025-08-26,3.616,3.638,3.616,3.638,1.0,3.616,1
2025-08-27,3.635,3.635,3.635,3.635,0.0,3.635,0
2025-08-28,3.625,3.626,3.625,3.626,1.0,3.625,1
2025-08-29,3.634,3.634,3.634,3.634,0.0,3.634,0
2025-09-02,3.643,3.643,3.617,3.629,3.0,3.627,3
2025-09-03,3.613,3.614,3.613,3.614,1.0,3.613,1
2025-09-04,3.616,3.616,3.612,3.612,1.0,3.616,1
2025-09-05,3.574,3.574,3.574,3.574,0.0,3.574,0
2025-09-08,3.563,3.563,3.563,3.563,0.0,3.563,0
2025-09-09,3.569,3.569,3.569,3.569,0.0,3.569,0
2025-09-10,3.563,3.563,3.563,3.563,0.0,3.563,0
2025-09-11,3.563,3.563,3.563,3.563,0.0,3.563,0
2025-09-12,3.554,3.554,3.554,3.554,0.0,3.554,0
2025-09-15,3.554,3.579,3.554,3.579,1.0,3.554,1
2025-09-16,3.6,3.6,3.6,3.6,0.0,3.6,0
2025-09-17,3.592,3.596,3.588,3.596,3.0,3.5907,3
2025-09-18,3.596,3.596,3.596,3.596,0.0,3.596,0
2025-09-19,3.616,3.616,3.616,3.616,0.0,3.616,0
2025-09-22,3.612,3.612,3.612,3.612,0.0,3.612,0
2025-09-23,3.633,3.633,3.633,3.633,0.0,3.633,0
2025-09-24,3.642,3.642,3.642,3.642,0.0,3.642,0
2025-09-25,3.628,3.628,3.628,3.628,0.0,3.628,0
2025-09-26,3.611,3.611,3.611,3.611,0.0,3.611,0
2025-09-29,3.635,3.644,3.635,3.644,1.0,3.635,1
2025-09-30,3.644,3.644,3.63,3.63,2.0,3.6425,2
2025-10-01,3.638,3.655,3.632,3.655,7.0,3.6399,7
2025-10-02,3.65,3.66,3.625,3.633,10.0,3.6424,10
2025-10-03,3.619,3.637,3.619,3.629,6.0,3.628,6
2025-10-06,3.637,3.637,3.637,3.637,0.0,3.637,0
2025-10-07,3.662,3.662,3.662,3.662,0.0,3.662,0
2025-10-08,3.655,3.655,3.655,3.655,0.0,3.655,0
2025-10-09,3.652,3.652,3.652,3.652,0.0,3.652,0
2025-10-10,3.645,3.645,3.645,3.645,0.0,3.645,0
2025-10-13,3.637,3.637,3.637,3.637,0.0,3.637,0
2025-10-14,3.619,3.619,3.619,3.619,0.0,3.619,0
2025-10-15,3.627,3.643,3.624,3.643,2.0,3.6255,2
2025-10-16,3.621,3.621,3.621,3.621,0.0,3.621,0
2025-10-17,3.618,3.618,3.618,3.618,0.0,3.618,0
2025-10-20,3.65,3.65,3.634,3.634,3.0,3.646,3
2025-10-21,3.632,3.643,3.632,3.643,1.0,3.632,1
2025-10-22,3.643,3.643,3.629,3.629,1.0,3.643,1
2025-10-23,3.616,3.616,3.616,3.616,0.0,3.616,0
2025-10-24,3.623,3.634,3.623,3.634,1.0,3.623,1
2025-10-27,3.634,3.638,3.634,3.638,1.0,3.634,1
2025-10-28,3.643,3.643,3.639,3.639,3.0,3.643,3
2025-10-29,3.629,3.644,3.629,3.641,2.0,3.6365,2
2025-10-30,3.655,3.655,3.655,3.655,0.0,3.655,0
2025-10-31,3.69,3.69,3.69,3.69,0.0,3.69,0
2025-11-03,3.68,3.681,3.678,3.681,3.0,3.6787,3
2025-11-04,3.68,3.68,3.674,3.674,2.0,3.678,2
2025-11-05,3.655,3.655,3.638,3.638,11.0,3.655,5
2025-11-06,3.646,3.646,3.646,3.646,0.0,3.646,0
2025-11-07,3.656,3.656,3.656,3.656,0.0,3.656,0
2025-11-10,3.619,3.619,3.619,3.619,0.0,3.619,0
2025-11-11,3.647,3.647,3.647,3.647,0.0,3.647,0
2025-11-12,3.644,3.644,3.644,3.644,0.0,3.644,0
2025-11-13,3.67,3.67,3.67,3.67,1.0,3.67,1
2025-11-14,3.642,3.642,3.642,3.642,0.0,3.642,0
2025-11-17,3.65,3.65,3.65,3.65,0.0,3.65,0
2025-11-18,3.649,3.656,3.649,3.656,1.0,3.649,1
2025-11-19,3.636,3.645,3.636,3.645,1.0,3.636,1
2025-11-20,3.645,3.645,3.635,3.637,4.0,3.6393,4
2025-11-21,3.624,3.624,3.624,3.624,0.0,3.624,0
2025-11-24,3.612,3.612,3.612,3.612,0.0,3.612,0
2025-11-25,3.609,3.609,3.609,3.609,0.0,3.609,0
2025-11-26,3.602,3.602,3.602,3.602,0.0,3.602,0
2025-11-28,3.61,3.634,3.61,3.634,1.0,3.61,1
2025-12-01,3.616,3.616,3.616,3.616,0.0,3.616,0
2025-12-02,3.621,3.621,3.62,3.62,6.0,3.621,6
2025-12-03,3.63,3.63,3.62,3.62,1.0,3.63,1
2025-12-04,3.623,3.623,3.623,3.623,0.0,3.623,0
2025-12-05,3.614,3.614,3.614,3.614,0.0,3.614,0
2025-12-08,3.607,3.607,3.607,3.607,0.0,3.607,0
2025-12-09,3.598,3.598,3.598,3.598,0.0,3.598,0
2025-12-10,3.575,3.575,3.575,3.575,0.0,3.575,0
2025-12-11,3.561,3.561,3.561,3.561,0.0,3.561,0
2025-12-12,3.535,3.546,3.535,3.546,50.0,3.535,2
2025-12-15,3.528,3.528,3.528,3.528,0.0,3.528,0
2025-12-16,3.525,3.525,3.525,3.525,2.0,3.525,1
2025-12-17,3.549,3.56,3.535,3.535,14.0,3.5515,5
2025-12-18,3.555,3.555,3.506,3.506,5.0,3.555,1
2025-12-19,3.491,3.511,3.491,3.511,15.0,3.4917,2
2025-12-22,3.486,3.486,3.485,3.485,1.0,3.486,1
2025-12-23,3.514,3.514,3.514,3.514,0.0,3.514,0
2025-12-24,3.509,3.509,3.509,3.509,0.0,3.509,0
2025-12-26,3.526,3.526,3.526,3.526,0.0,3.526,0
2025-12-29,3.53,3.53,3.53,3.53,0.0,3.53,0
2025-12-30,3.532,3.532,3.532,3.532,0.0,3.532,0
2025-12-31,3.535,3.535,3.535,3.535,0.0,3.535,0
2026-01-02,3.508,3.508,3.508,3.508,0.0,3.508,0
2026-01-05,3.495,3.503,3.495,3.503,1.0,3.495,1
2026-01-06,3.481,3.481,3.481,3.481,0.0,3.481,0
2026-01-07,3.505,3.505,3.491,3.491,1.0,3.505,1
2026-01-08,3.48,3.487,3.48,3.487,5.0,3.48,1
2026-01-09,3.445,3.445,3.428,3.428,1.0,3.445,1
2026-01-12,3.456,3.463,3.456,3.463,1.0,3.456,1
2026-01-13,3.463,3.463,3.451,3.451,1.0,3.463,1
2026-01-14,3.42,3.42,3.415,3.415,1.0,3.42,1
2026-01-15,3.454,3.463,3.414,3.456,5.0,3.4496,5
2026-01-16,3.47,3.492,3.47,3.478,7.0,3.4731,2
2026-01-20,3.475,3.541,3.475,3.541,13.0,3.5068,13
2026-01-21,3.559,3.559,3.519,3.535,8.0,3.546,8
2026-01-22,3.505,3.53,3.505,3.53,1.0,3.505,1
2026-01-23,3.483,3.483,3.483,3.483,0.0,3.483,0
2026-01-26,3.446,3.446,3.446,3.446,0.0,3.446,0
2026-01-27,3.42,3.422,3.42,3.422,2.0,3.42,1
2026-01-28,3.435,3.444,3.435,3.444,1.0,3.435,1
2026-01-29,3.485,3.485,3.485,3.485,0.0,3.485,0
2026-01-30,3.486,3.486,3.486,3.486,0.0,3.486,0
2026-02-02,3.486,3.486,3.443,3.443,1.0,3.486,1
2026-02-03,3.44,3.44,3.44,3.44,0.0,3.44,0
2026-02-04,3.448,3.448,3.448,3.448,0.0,3.448,0
2026-02-05,3.455,3.455,3.436,3.436,1.0,3.455,1
2026-02-06,3.426,3.426,3.42,3.42,1.0,3.426,1
2026-02-09,3.423,3.423,3.423,3.423,0.0,3.423,0
2026-02-10,3.418,3.42,3.418,3.42,2.0,3.4185,2
2026-02-11,3.426,3.426,3.425,3.425,1.0,3.426,1
2026-02-12,3.417,3.417,3.417,3.417,0.0,3.417,0
2026-02-13,3.447,3.447,3.447,3.447,0.0,3.447,0
2026-02-17,3.409,3.409,3.409,3.409,0.0,3.409,0
2026-02-18,3.429,3.429,3.429,3.429,0.0,3.429,0
2026-02-19,3.459,3.459,3.445,3.445,2.0,3.459,2
2026-02-20,3.465,3.469,3.465,3.469,2.0,3.465,2
2026-02-23,3.459,3.459,3.459,3.459,0.0,3.459,0
2026-02-24,3.452,3.452,3.452,3.452,0.0,3.452,0
2026-02-25,3.469,3.469,3.469,3.469,0.0,3.469,0
2026-02-26,3.472,3.472,3.472,3.472,0.0,3.472,0
2026-02-27,3.466,3.466,3.466,3.466,0.0,3.466,0
2026-03-02,3.473,3.473,3.473,3.473,0.0,3.473,0
2026-03-03,3.456,3.456,3.456,3.456,0.0,3.456,0
2026-03-04,3.456,3.456,3.456,3.456,0.0,3.456,0
2026-03-05,3.455,3.471,3.455,3.471,5.0,3.455,1
2026-03-06,3.5,3.501,3.5,3.501,3.0,3.5,2
2026-03-09,3.507,3.507,3.507,3.507,0.0,3.507,0
2026-03-10,3.494,3.494,3.494,3.494,0.0,3.494,0
2026-03-11,3.5,3.507,3.5,3.507,30.0,3.5,1
2026-03-12,3.524,3.524,3.524,3.524,0.0,3.524,0
2026-03-13,3.551,3.551,3.551,3.551,0.0,3.551,0
2026-03-16,3.533,3.533,3.533,3.533,0.0,3.533,0
2026-03-17,3.544,3.544,3.544,3.544,0.0,3.544,0
2026-03-18,3.559,3.559,3.559,3.559,0.0,3.559,0
2026-03-19,3.602,3.606,3.57,3.57,3.0,3.6033,3
2026-03-20,3.614,3.647,3.589,3.604,16.0,3.6123,10
2026-03-23,3.592,3.595,3.592,3.595,2.0,3.592,2
2026-03-24,3.591,3.591,3.591,3.591,0.0,3.591,0
2026-03-25,3.585,3.585,3.585,3.585,0.0,3.585,0
2026-03-26,3.607,3.607,3.607,3.607,0.0,3.607,0
2026-03-27,3.632,3.632,3.632,3.632,0.0,3.632,0
2026-03-30,3.613,3.613,3.613,3.613,0.0,3.613,0
2026-03-31,3.564,3.564,3.564,3.564,0.0,3.564,0
2026-04-01,3.516,3.516,3.516,3.516,0.0,3.516,0
2026-04-02,3.517,3.517,3.517,3.517,0.0,3.517,0
2026-04-06,3.532,3.544,3.532,3.544,1.0,3.532,1
2026-04-07,3.596,3.596,3.596,3.596,0.0,3.596,0
2026-04-08,3.523,3.523,3.523,3.523,0.0,3.523,0
2026-04-09,3.516,3.516,3.516,3.516,0.0,3.516,0
2026-04-10,3.515,3.518,3.515,3.518,1.0,3.515,1
2026-04-13,3.522,3.522,3.522,3.522,0.0,3.522,0
2026-04-14,3.51,3.514,3.51,3.514,2.0,3.51,2
2026-04-15,3.53,3.546,3.53,3.546,1.0,3.53,1
2026-04-16,3.559,3.559,3.559,3.559,0.0,3.559,0
2026-04-17,3.57,3.57,3.568,3.568,3.0,3.57,2
2026-04-20,3.57,3.57,3.57,3.57,0.0,3.57,0
2026-04-21,3.56,3.563,3.56,3.563,1.0,3.56,1
2026-04-22,3.569,3.569,3.569,3.569,0.0,3.569,0
2026-04-23,3.557,3.557,3.557,3.557,0.0,3.557,0
2026-04-24,3.537,3.537,3.537,3.537,0.0,3.537,0
2026-04-27,3.549,3.549,3.543,3.543,1.0,3.549,1
2026-04-28,3.537,3.537,3.537,3.537,0.0,3.537,0
2026-04-29,3.557,3.557,3.557,3.557,0.0,3.557,0
2026-04-30,3.565,3.565,3.565,3.565,0.0,3.565,0
2026-05-01,3.561,3.561,3.561,3.561,0.0,3.561,0
2026-05-04,3.57,3.57,3.57,3.57,0.0,3.57,0
2026-05-05,3.565,3.565,3.557,3.557,1.0,3.565,1
2026-05-06,3.537,3.537,3.526,3.526,1.0,3.537,1
2026-05-07,3.528,3.528,3.528,3.528,0.0,3.528,0
2026-05-08,3.55,3.55,3.535,3.535,1.0,3.55,1
2026-05-11,3.56,3.56,3.552,3.552,2.0,3.56,1
2026-05-12,3.54,3.54,3.535,3.535,1.0,3.54,1
2026-05-13,3.533,3.533,3.533,3.533,0.0,3.533,0
2026-05-14,3.531,3.531,3.531,3.531,0.0,3.531,0
2026-05-15,3.533,3.533,3.533,3.533,0.0,3.533,0
2026-05-18,3.55,3.55,3.55,3.55,0.0,3.55,0
2026-05-19,3.551,3.551,3.551,3.551,0.0,3.551,0
2026-05-20,3.536,3.536,3.536,3.536,0.0,3.536,0
2026-05-21,3.537,3.537,3.537,3.537,0.0,3.537,0
2026-05-22,3.532,3.532,3.532,3.532,0.0,3.532,0
2026-05-26,3.518,3.518,3.518,3.518,0.0,3.518,0
2026-05-27,3.518,3.518,3.518,3.518,0.0,3.518,0
2026-05-28,3.542,3.542,3.542,3.542,0.0,3.542,0
2026-05-29,3.526,3.526,3.526,3.526,0.0,3.526,0
2026-06-01,3.549,3.549,3.549,3.549,0.0,3.549,0
2026-06-02,3.538,3.538,3.538,3.538,0.0,3.538,0
2026-06-03,3.545,3.545,3.545,3.545,0.0,3.545,0
2026-06-04,3.556,3.556,3.556,3.556,0.0,3.556,0
2026-06-05,3.554,3.554,3.554,3.554,1.0,3.554,1
2026-06-08,3.567,3.567,3.567,3.567,0.0,3.567,0
2026-06-09,3.559,3.559,3.559,3.559,0.0,3.559,0
2026-06-10,3.559,3.562,3.559,3.562,1.0,3.559,1
2026-06-11,3.559,3.559,3.559,3.559,0.0,3.559,0
2026-06-12,3.554,3.554,3.554,3.554,0.0,3.554,0
2026-06-15,3.542,3.547,3.542,3.547,6.0,3.542,1
2026-06-16,3.543,3.543,3.543,3.543,0.0,3.543,0
2026-06-17,3.533,3.548,3.533,3.548,1.0,3.533,1
2026-06-18,3.528,3.528,3.528,3.528,0.0,3.528,0
2026-06-22,3.55,3.55,3.532,3.535,3.0,3.542,3
2026-06-23,3.529,3.529,3.529,3.529,0.0,3.529,0
2026-06-24,3.544,3.544,3.544,3.544,0.0,3.544,0
2026-06-25,3.54,3.54,3.524,3.524,1.0,3.54,1
2026-06-26,3.515,3.515,3.515,3.515,0.0,3.515,0
2026-06-29,3.51,3.512,3.51,3.512,1.0,3.51,1
2026-06-30,3.501,3.501,3.501,3.501,0.0,3.501,0
2026-07-01,3.467,3.472,3.467,3.472,5.0,3.467,5
2026-07-02,3.465,3.465,3.463,3.463,1.0,3.465,1
2026-07-06,3.464,3.464,3.464,3.464,0.0,3.464,0
2026-07-07,3.474,3.474,3.474,3.474,0.0,3.474,0
2026-07-08,3.47,3.483,3.47,3.483,5.0,3.47,1
2026-07-09,3.47,3.478,3.457,3.457,16.0,3.4721,16
2026-07-10,3.445,3.445,3.445,3.445,0.0,3.445,0
2026-07-13,3.454,3.456,3.445,3.455,21.0,3.4507,17
2026-07-14,3.452,3.452,3.452,3.452,0.0,3.452,0
2026-07-15,3.457,3.467,3.457,3.467,5.0,3.4634,4
2026-07-16,3.439,3.439,3.439,3.439,0.0,3.439,0
2026-07-17,3.446,3.465,3.446,3.465,3.0,3.4573,3
2026-07-20,3.455,3.455,3.455,3.455,0.0,3.455,0
2026-07-21,3.465,3.465,3.465,3.465,5.0,3.465,5
2026-07-22,3.504,3.504,3.504,3.504,0.0,3.504,0
2026-07-23,3.521,3.521,3.521,3.521,0.0,3.521,0
2026-07-24,3.519,3.519,3.519,3.519,0.0,3.519,0
2026-07-27,3.475,3.519,3.475,3.519,2.0,3.4945,2
2026-07-28,3.506,3.508,3.506,3.508,1.0,3.506,1
2026-07-29,3.531,3.534,3.524,3.527,3.0,3.5297,3
2026-07-30,3.516,3.516,3.516,3.516,1.0,3.516,1
2026-07-31,3.53,3.53,3.523,3.523,1.0,3.53,1
2026-08-03,3.547,3.547,3.547,3.547,0.0,3.547,0
2026-08-04,3.525,3.542,3.525,3.542,4.0,3.5263,4
2026-08-05,3.525,3.527,3.524,3.527,8.0,3.5249,4
2026-08-06,3.51,3.51,3.497,3.501,5.0,3.5024,4
2026-08-07,3.516,3.523,3.516,3.523,1.0,3.516,1
2026-08-10,3.536,3.536,3.526,3.526,1.0,3.536,1
2026-08-11,3.529,3.529,3.515,3.52,9.0,3.519,9
2026-08-12,3.536,3.536,3.517,3.52,12.0,3.5253,3
2026-08-13,3.501,3.532,3.501,3.532,9.0,3.5112,8
2026-08-14,3.544,3.544,3.527,3.533,6.0,3.5348,6
