date,open,high,low,close,volume,average,barCount
2017-03-14,3.099,3.099,3.099,3.099,0.0,3.099,0
2017-03-15,3.119,3.119,3.119,3.119,0.0,3.119,0
2017-03-16,3.138,3.138,3.138,3.138,0.0,3.138,0
2017-03-17,3.143,3.143,3.143,3.143,0.0,3.143,0
2017-03-20,3.146,3.146,3.146,3.146,0.0,3.146,0
2017-03-21,3.156,3.156,3.156,3.156,0.0,3.156,0
2017-03-22,3.158,3.158,3.158,3.158,0.0,3.158,0
2017-03-23,3.153,3.153,3.153,3.153,0.0,3.153,0
2017-03-24,3.119,3.119,3.119,3.119,0.0,3.119,0
2017-03-27,3.109,3.109,3.109,3.109,0.0,3.109,0
2017-03-28,3.1,3.1,3.1,3.1,0.0,3.1,0
2017-03-29,3.108,3.108,3.108,3.108,0.0,3.108,0
2017-03-30,3.111,3.111,3.111,3.111,0.0,3.111,0
2017-03-31,3.121,3.121,3.121,3.121,0.0,3.121,0
2017-04-03,3.128,3.128,3.128,3.128,0.0,3.128,0
2017-04-04,3.141,3.141,3.141,3.141,0.0,3.141,0
2017-04-05,3.16,3.16,3.16,3.16,0.0,3.16,0
2017-04-06,3.142,3.142,3.142,3.142,0.0,3.142,0
2017-04-07,3.156,3.156,3.156,3.156,0.0,3.156,0
2017-04-10,3.165,3.165,3.165,3.165,0.0,3.165,0
2017-04-11,3.196,3.196,3.196,3.196,0.0,3.196,0
2017-04-12,3.197,3.197,3.197,3.197,0.0,3.197,0
2017-04-13,3.212,3.212,3.212,3.212,0.0,3.212,0
2017-04-17,3.199,3.199,3.199,3.199,0.0,3.199,0
2017-04-18,3.229,3.229,3.229,3.229,0.0,3.229,0
2017-04-19,3.24,3.24,3.24,3.24,0.0,3.24,0
2017-04-20,3.274,3.274,3.274,3.274,0.0,3.274,0
2017-04-21,3.275,3.275,3.275,3.275,0.0,3.275,0
2017-04-24,3.234,3.234,3.234,3.234,0.0,3.234,0
2017-04-25,3.234,3.234,3.234,3.234,0.0,3.234,0
2017-04-26,3.225,3.225,3.225,3.225,0.0,3.225,0
2017-04-27,3.216,3.216,3.216,3.216,0.0,3.216,0
2017-04-28,3.237,3.237,3.237,3.237,0.0,3.237,0
2017-05-01,3.212,3.212,3.212,3.212,0.0,3.212,0
2017-05-02,3.213,3.213,3.213,3.213,0.0,3.213,0
2017-05-03,3.232,3.232,3.232,3.232,0.0,3.232,0
2017-05-04,3.275,3.275,3.275,3.275,0.0,3.275,0
2017-05-05,3.275,3.275,3.275,3.275,0.0,3.275,0
2017-05-08,3.266,3.266,3.266,3.266,0.0,3.266,0
2017-05-09,3.269,3.269,3.269,3.269,0.0,3.269,0
2017-05-10,3.27,3.27,3.27,3.27,0.0,3.27,0
2017-05-11,3.304,3.304,3.304,3.304,0.0,3.304,0
2017-05-12,3.308,3.308,3.308,3.308,0.0,3.308,0
2017-05-15,3.313,3.313,3.313,3.313,0.0,3.313,0
2017-05-16,3.33,3.33,3.33,3.33,0.0,3.33,0
2017-05-17,3.326,3.326,3.326,3.326,0.0,3.326,0
2017-05-18,3.313,3.313,3.313,3.313,0.0,3.313,0
2017-05-19,3.303,3.303,3.303,3.303,0.0,3.303,0
2017-05-22,3.305,3.305,3.305,3.305,0.0,3.305,0
2017-05-23,3.372,3.372,3.372,3.372,0.0,3.372,0
2017-05-24,3.374,3.374,3.374,3.374,0.0,3.374,0
2017-05-25,3.359,3.359,3.359,3.359,0.0,3.359,0
2017-05-26,3.344,3.344,3.344,3.344,0.0,3.344,0
2017-05-30,3.311,3.311,3.311,3.311,0.0,3.311,0
2017-05-31,3.307,3.307,3.307,3.307,0.0,3.307,0
2017-06-01,3.309,3.309,3.309,3.309,0.0,3.309,0
2017-06-02,3.299,3.299,3.299,3.299,0.0,3.299,0
2017-06-05,3.269,3.269,3.269,3.269,0.0,3.269,0
2017-06-06,3.211,3.211,3.211,3.211,0.0,3.211,0
2017-06-07,3.222,3.222,3.222,3.222,0.0,3.222,0
2017-06-08,3.24,3.24,3.24,3.24,0.0,3.24,0
2017-06-09,3.237,3.237,3.237,3.237,0.0,3.237,0
2017-06-12,3.239,3.239,3.239,3.239,0.0,3.239,0
2017-06-13,3.236,3.236,3.236,3.236,0.0,3.236,0
2017-06-14,3.225,3.225,3.225,3.225,0.0,3.225,0
2017-06-15,3.253,3.253,3.253,3.253,0.0,3.253,0
2017-06-16,3.242,3.242,3.242,3.242,0.0,3.242,0
2017-06-19,3.265,3.265,3.265,3.265,0.0,3.265,0
2017-06-20,3.307,3.307,3.307,3.307,0.0,3.307,0
2017-06-21,3.328,3.328,3.328,3.328,0.0,3.328,0
2017-06-22,3.322,3.322,3.322,3.322,0.0,3.322,0
2017-06-23,3.312,3.312,3.312,3.312,0.0,3.312,0
2017-06-26,3.289,3.289,3.289,3.289,0.0,3.289,0
2017-06-27,3.292,3.292,3.292,3.292,0.0,3.292,0
2017-06-28,3.282,3.282,3.282,3.282,0.0,3.282,0
2017-06-29,3.282,3.282,3.282,3.282,0.0,3.282,0
2017-06-30,3.295,3.295,3.295,3.295,0.0,3.295,0
2017-07-03,3.299,3.299,3.299,3.299,0.0,3.299,0
2017-07-05,3.283,3.283,3.283,3.283,0.0,3.283,0
2017-07-06,3.233,3.233,3.233,3.233,0.0,3.233,0
2017-07-07,3.228,3.228,3.228,3.228,0.0,3.228,0
2017-07-10,3.215,3.215,3.215,3.215,0.0,3.215,0
2017-07-11,3.212,3.212,3.212,3.212,0.0,3.212,0
2017-07-12,3.198,3.198,3.198,3.198,0.0,3.198,0
2017-07-13,3.211,3.211,3.211,3.211,0.0,3.211,0
2017-07-14,3.214,3.214,3.214,3.214,0.0,3.214,0
2017-07-17,3.207,3.207,3.207,3.207,0.0,3.207,0
2017-07-18,3.21,3.21,3.21,3.21,0.0,3.21,0
2017-07-19,3.195,3.195,3.195,3.195,0.0,3.195,0
2017-07-20,3.176,3.176,3.176,3.176,0.0,3.176,0
2017-07-21,3.175,3.175,3.175,3.175,0.0,3.175,0
2017-07-24,3.15,3.15,3.15,3.15,0.0,3.15,0
2017-07-25,3.126,3.126,3.126,3.126,0.0,3.126,0
2017-07-26,3.118,3.118,3.118,3.118,0.0,3.118,0
2017-07-27,3.119,3.119,3.119,3.119,0.0,3.119,0
2017-07-28,3.134,3.134,3.134,3.134,0.0,3.134,0
2017-07-31,3.11,3.11,3.11,3.11,0.0,3.11,0
2017-08-01,3.132,3.132,3.132,3.132,0.0,3.132,0
2017-08-02,3.141,3.141,3.141,3.141,0.0,3.141,0
2017-08-03,3.164,3.164,3.164,3.164,0.0,3.164,0
2017-08-04,3.174,3.174,3.174,3.174,0.0,3.174,0
2017-08-07,3.173,3.173,3.173,3.173,0.0,3.173,0
2017-08-08,3.155,3.155,3.155,3.155,0.0,3.155,0
2017-08-09,3.149,3.149,3.149,3.149,0.0,3.149,0
2017-08-10,3.146,3.146,3.146,3.146,0.0,3.146,0
2017-08-11,3.15,3.15,3.15,3.15,0.0,3.15,0
2017-08-14,3.146,3.146,3.146,3.146,0.0,3.146,0
2017-08-15,3.144,3.144,3.144,3.144,0.0,3.144,0
2017-08-16,3.134,3.134,3.134,3.134,0.0,3.134,0
2017-08-17,3.133,3.133,3.133,3.133,0.0,3.133,0
2017-08-18,3.133,3.133,3.133,3.133,0.0,3.133,0
2017-08-21,3.123,3.123,3.123,3.123,0.0,3.123,0
2017-08-22,3.115,3.115,3.115,3.115,0.0,3.115,0
2017-08-23,3.112,3.112,3.112,3.112,0.0,3.112,0
2017-08-24,3.065,3.065,3.065,3.065,0.0,3.065,0
2017-08-25,3.052,3.052,3.052,3.052,0.0,3.052,0
2017-08-28,3.065,3.065,3.065,3.065,0.0,3.065,0
2017-08-29,3.067,3.067,3.067,3.067,0.0,3.067,0
2017-08-30,3.041,3.041,3.041,3.041,0.0,3.041,0
2017-08-31,3.049,3.049,3.049,3.049,0.0,3.049,0
2017-09-01,3.05,3.05,3.05,3.05,0.0,3.05,0
2017-09-05,3.046,3.046,3.046,3.046,0.0,3.046,0
2017-09-06,3.007,3.007,3.007,3.007,0.0,3.007,0
2017-09-07,3.041,3.041,3.041,3.041,0.0,3.041,0
2017-09-08,3.045,3.045,3.045,3.045,0.0,3.045,0
2017-09-11,3.056,3.056,3.056,3.056,0.0,3.056,0
2017-09-12,3.036,3.036,3.036,3.036,0.0,3.036,0
2017-09-13,3.022,3.022,3.022,3.022,0.0,3.022,0
2017-09-14,3.011,3.011,3.011,3.011,0.0,3.011,0
2017-09-15,3.016,3.016,3.016,3.016,0.0,3.016,0
2017-09-18,3.016,3.016,3.016,3.016,0.0,3.016,0
2017-09-19,3.006,3.006,3.006,3.006,0.0,3.006,0
2017-09-20,2.996,2.996,2.996,2.996,0.0,2.996,0
2017-09-21,2.987,2.987,2.987,2.987,0.0,2.987,0
2017-09-22,3.001,3.001,3.001,3.001,0.0,3.001,0
2017-09-25,2.984,2.984,2.984,2.984,0.0,2.984,0
2017-09-26,2.994,2.994,2.994,2.994,0.0,2.994,0
2017-09-27,3.005,3.005,3.005,3.005,0.0,3.005,0
2017-09-28,3.004,3.004,3.004,3.004,0.0,3.004,0
2017-09-29,3.001,3.001,3.001,3.001,0.0,3.001,0
2017-10-02,3.014,3.014,3.014,3.014,0.0,3.014,0
2017-10-03,3.023,3.023,3.023,3.023,0.0,3.023,0
2017-10-04,3.022,3.022,3.022,3.022,0.0,3.022,0
2017-10-05,3.031,3.031,3.031,3.031,0.0,3.031,0
2017-10-06,3.023,3.023,3.023,3.023,0.0,3.023,0
2017-10-09,3.033,3.033,3.033,3.033,0.0,3.033,0
2017-10-10,3.023,3.023,3.023,3.023,0.0,3.023,0
2017-10-11,3.036,3.036,3.036,3.036,0.0,3.036,0
2017-10-12,3.08,3.08,3.08,3.08,0.0,3.08,0
2017-10-13,3.078,3.078,3.078,3.078,0.0,3.078,0
2017-10-16,3.114,3.114,3.114,3.114,0.0,3.114,0
2017-10-17,3.161,3.161,3.161,3.161,0.0,3.161,0
2017-10-18,3.165,3.165,3.165,3.165,0.0,3.165,0
2017-10-19,3.187,3.187,3.187,3.187,0.0,3.187,0
2017-10-20,3.227,3.227,3.227,3.227,0.0,3.227,0
2017-10-23,3.207,3.207,3.207,3.207,0.0,3.207,0
2017-10-24,3.206,3.206,3.206,3.206,0.0,3.206,0
2017-10-25,3.207,3.207,3.207,3.207,0.0,3.207,0
2017-10-26,3.2,3.2,3.2,3.2,0.0,3.2,0
2017-10-27,3.18,3.18,3.18,3.18,0.0,3.18,0
2017-10-30,3.215,3.215,3.215,3.215,0.0,3.215,0
2017-10-31,3.216,3.216,3.216,3.216,0.0,3.216,0
2017-11-01,3.226,3.226,3.226,3.226,0.0,3.226,0
2017-11-02,3.208,3.208,3.208,3.208,0.0,3.208,0
2017-11-03,3.205,3.205,3.205,3.205,0.0,3.205,0
2017-11-06,3.2,3.2,3.2,3.2,0.0,3.2,0
2017-11-07,3.199,3.199,3.199,3.199,0.0,3.199,0
2017-11-08,3.197,3.197,3.197,3.197,0.0,3.197,0
2017-11-09,3.207,3.207,3.207,3.207,0.0,3.207,0
2017-11-10,3.189,3.189,3.189,3.189,0.0,3.189,0
2017-11-13,3.173,3.173,3.173,3.173,0.0,3.173,0
2017-11-14,3.158,3.158,3.158,3.158,0.0,3.158,0
2017-11-15,3.15,3.15,3.15,3.15,0.0,3.15,0
2017-11-16,3.154,3.154,3.154,3.154,0.0,3.154,0
2017-11-17,3.149,3.149,3.149,3.149,0.0,3.149,0
2017-11-20,3.142,3.142,3.142,3.142,0.0,3.142,0
2017-11-21,3.14,3.14,3.14,3.14,0.0,3.14,0
2017-11-22,3.127,3.127,3.127,3.127,0.0,3.127,0
2017-11-24,3.13,3.13,3.13,3.13,0.0,3.13,0
2017-11-27,3.133,3.133,3.133,3.133,0.0,3.133,0
2017-11-28,3.131,3.131,3.131,3.131,0.0,3.131,0
2017-11-29,3.14,3.14,3.14,3.14,0.0,3.14,0
2017-11-30,3.138,3.138,3.138,3.138,0.0,3.138,0
2017-12-01,3.096,3.096,3.096,3.096,0.0,3.096,0
2017-12-04,3.08,3.08,3.08,3.08,0.0,3.08,0
2017-12-05,3.066,3.066,3.066,3.066,0.0,3.066,0
2017-12-06,3.048,3.048,3.048,3.048,0.0,3.048,0
2017-12-07,3.054,3.054,3.054,3.054,0.0,3.054,0
2017-12-08,3.049,3.049,3.049,3.049,0.0,3.049,0
2017-12-11,3.042,3.042,3.042,3.042,0.0,3.042,0
2017-12-12,3.052,3.052,3.052,3.052,0.0,3.052,0
2017-12-13,3.075,3.075,3.075,3.075,0.0,3.075,0
2017-12-14,3.086,3.086,3.086,3.086,0.0,3.086,0
2017-12-15,3.094,3.094,3.094,3.094,0.0,3.094,0
2017-12-18,3.114,3.114,3.114,3.114,0.0,3.114,0
2017-12-19,3.116,3.116,3.116,3.116,0.0,3.116,0
2017-12-20,3.102,3.102,3.102,3.102,0.0,3.102,0
2017-12-21,3.119,3.119,3.119,3.119,0.0,3.119,0
2017-12-22,3.142,3.142,3.142,3.142,0.0,3.142,0
2017-12-26,3.143,3.143,3.143,3.143,0.0,3.143,0
2017-12-27,3.116,3.116,3.116,3.116,0.0,3.116,0
2017-12-28,3.082,3.082,3.082,3.082,0.0,3.082,0
2017-12-29,3.075,3.075,3.075,3.075,0.0,3.075,0
2018-01-02,3.068,3.068,3.068,3.068,0.0,3.068,0
2018-01-03,3.069,3.069,3.069,3.069,0.0,3.069,0
2018-01-04,3.101,3.101,3.101,3.101,0.0,3.101,0
2018-01-05,3.095,3.095,3.095,3.095,0.0,3.095,0
2018-01-08,3.09,3.09,3.09,3.09,0.0,3.09,0
2018-01-09,3.075,3.075,3.075,3.075,0.0,3.075,0
2018-01-10,3.068,3.068,3.068,3.068,0.0,3.068,0
2018-01-11,3.081,3.081,3.081,3.081,0.0,3.081,0
2018-01-12,3.068,3.068,3.068,3.068,0.0,3.068,0
2018-01-16,3.031,3.031,3.031,3.031,0.0,3.031,0
2018-01-17,3.025,3.025,3.025,3.025,0.0,3.025,0
2018-01-18,3.023,3.023,3.023,3.023,0.0,3.023,0
2018-01-19,3.033,3.033,3.033,3.033,0.0,3.033,0
2018-01-22,3.052,3.052,3.052,3.052,0.0,3.052,0
2018-01-23,3.064,3.064,3.064,3.064,0.0,3.064,0
2018-01-24,3.078,3.078,3.078,3.078,0.0,3.078,0
2018-01-25,3.113,3.113,3.113,3.113,0.0,3.113,0
2018-01-26,3.079,3.079,3.079,3.079,0.0,3.079,0
2018-01-29,3.081,3.081,3.081,3.081,0.0,3.081,0
2018-01-30,3.096,3.096,3.096,3.096,0.0,3.096,0
2018-01-31,3.065,3.065,3.065,3.065,0.0,3.065,0
2018-02-01,3.061,3.061,3.061,3.061,0.0,3.061,0
2018-02-02,3.086,3.086,3.086,3.086,0.0,3.086,0
2018-02-05,3.108,3.108,3.108,3.108,0.0,3.108,0
2018-02-06,3.092,3.092,3.092,3.092,0.0,3.092,0
2018-02-07,3.07,3.07,3.07,3.07,0.0,3.07,0
2018-02-08,3.083,3.083,3.083,3.083,0.0,3.083,0
2018-02-09,3.048,3.048,3.048,3.048,0.0,3.048,0
2018-02-12,3.038,3.038,3.038,3.038,0.0,3.038,0
2018-02-13,3.03,3.03,3.03,3.03,0.0,3.03,0
2018-02-14,3.034,3.034,3.034,3.034,0.0,3.034,0
2018-02-15,3.037,3.037,3.037,3.037,0.0,3.037,0
2018-02-16,3.054,3.054,3.054,3.054,0.0,3.054,0
2018-02-20,3.054,3.054,3.054,3.054,0.0,3.054,0
2018-02-21,3.072,3.072,3.072,3.072,0.0,3.072,0
2018-02-22,3.084,3.084,3.084,3.084,0.0,3.084,0
2018-02-23,3.076,3.076,3.076,3.076,0.0,3.076,0
2018-02-26,3.072,3.072,3.072,3.072,0.0,3.072,0
2018-02-27,3.075,3.075,3.075,3.075,0.0,3.075,0
2018-02-28,3.05,3.05,3.05,3.05,0.0,3.05,0
2018-03-01,3.083,3.083,3.083,3.083,0.0,3.083,0
2018-03-02,3.1,3.1,3.1,3.1,0.0,3.1,0
2018-03-05,3.118,3.118,3.118,3.118,0.0,3.118,0
2018-03-06,3.123,3.123,3.123,3.123,0.0,3.123,0
2018-03-07,3.114,3.114,3.114,3.114,0.0,3.114,0
2018-03-08,3.078,3.078,3.078,3.078,0.0,3.078,0
2018-03-09,3.041,3.041,3.041,3.041,0.0,3.041,0
2018-03-12,3.047,3.047,3.047,3.047,0.0,3.047,0
2018-03-13,3.054,3.054,3.054,3.054,0.0,3.054,0
2018-03-14,3.074,3.074,3.074,3.074,0.0,3.074,0
2018-03-15,3.132,3.132,3.132,3.132,0.0,3.132,0
2018-03-16,3.131,3.131,3.131,3.131,0.0,3.131,0
2018-03-19,3.121,3.121,3.121,3.121,0.0,3.121,0
2018-03-20,3.126,3.126,3.126,3.126,0.0,3.126,0
2018-03-21,3.134,3.134,3.134,3.134,0.0,3.134,0
2018-03-22,3.122,3.122,3.122,3.122,0.0,3.122,0
2018-03-23,3.044,3.044,3.044,3.044,0.0,3.044,0
2018-03-26,3.072,3.072,3.072,3.072,0.0,3.072,0
2018-03-27,3.082,3.082,3.082,3.082,0.0,3.082,0
2018-03-28,3.105,3.105,3.105,3.105,0.0,3.105,0
2018-03-29,3.143,3.143,3.143,3.143,0.0,3.143,0
2018-04-02,3.125,3.125,3.125,3.125,0.0,3.125,0
2018-04-03,3.103,3.103,3.103,3.103,0.0,3.103,0
2018-04-04,3.077,3.077,3.077,3.077,0.0,3.077,0
2018-04-05,3.093,3.093,3.093,3.093,0.0,3.093,0
2018-04-06,3.087,3.087,3.087,3.087,0.0,3.087,0
2018-04-09,3.071,3.071,3.071,3.071,0.0,3.071,0
2018-04-10,3.08,3.08,3.08,3.08,0.0,3.08,0
2018-04-11,3.088,3.088,3.088,3.088,0.0,3.088,0
2018-04-12,3.111,3.111,3.111,3.111,0.0,3.111,0
2018-04-13,3.104,3.104,3.104,3.104,0.0,3.104,0
2018-04-16,3.106,3.106,3.106,3.106,0.0,3.106,0
2018-04-17,3.071,3.071,3.071,3.071,0.0,3.071,0
2018-04-18,3.072,3.072,3.072,3.072,0.0,3.072,0
2018-04-19,3.074,3.074,3.074,3.074,0.0,3.074,0
2018-04-20,3.082,3.082,3.082,3.082,0.0,3.082,0
2018-04-23,3.083,3.083,3.083,3.083,0.0,3.083,0
2018-04-24,3.081,3.081,3.081,3.081,0.0,3.081,0
2018-04-25,3.07,3.07,3.07,3.07,0.0,3.07,0
2018-04-26,3.06,3.06,3.06,3.06,0.0,3.06,0
2018-04-27,3.062,3.062,3.062,3.062,0.0,3.062,0
2018-04-30,3.063,3.063,3.063,3.063,0.0,3.063,0
2018-05-01,3.043,3.043,3.043,3.043,0.0,3.043,0
2018-05-02,3.055,3.055,3.055,3.055,0.0,3.055,0
2018-05-03,3.065,3.065,3.065,3.065,0.0,3.065,0
2018-05-04,3.063,3.063,3.063,3.063,0.0,3.063,0
2018-05-07,3.061,3.061,3.061,3.061,0.0,3.061,0
2018-05-08,3.016,3.016,3.016,3.016,0.0,3.016,0
2018-05-09,3.002,3.002,3.002,3.002,0.0,3.002,0
2018-05-10,2.998,2.998,2.998,2.998,0.0,2.998,0
2018-05-11,3.001,3.001,3.001,3.001,0.0,3.001,0
2018-05-14,2.993,2.993,2.993,2.993,0.0,2.993,0
2018-05-15,3.027,3.027,3.027,3.027,0.0,3.027,0
2018-05-16,3.006,3.006,3.006,3.006,0.0,3.006,0
2018-05-17,3.013,3.013,3.013,3.013,0.0,3.013,0
2018-05-18,3.028,3.028,3.028,3.028,0.0,3.028,0
2018-05-21,3.023,3.023,3.023,3.023,0.0,3.023,0
2018-05-22,3.013,3.013,3.013,3.013,0.0,3.013,0
2018-05-23,2.99,2.99,2.99,2.99,0.0,2.99,0
2018-05-24,2.984,2.984,2.984,2.984,0.0,2.984,0
2018-05-25,2.956,2.956,2.956,2.956,0.0,2.956,0
2018-05-29,2.934,2.934,2.934,2.934,0.0,2.934,0
2018-05-30,2.945,2.945,2.945,2.945,0.0,2.945,0
2018-05-31,2.918,2.918,2.918,2.918,0.0,2.918,0
2018-06-01,2.908,2.908,2.908,2.908,0.0,2.908,0
2018-06-04,2.921,2.921,2.921,2.921,0.0,2.921,0
2018-06-05,2.936,2.936,2.936,2.936,0.0,2.936,0
2018-06-06,2.933,2.933,2.933,2.933,0.0,2.933,0
2018-06-07,2.931,2.931,2.931,2.931,0.0,2.931,0
2018-06-08,2.933,2.933,2.933,2.933,0.0,2.933,0
2018-06-11,2.932,2.932,2.932,2.932,0.0,2.932,0
2018-06-12,2.951,2.951,2.951,2.951,0.0,2.951,0
2018-06-13,2.962,2.962,2.962,2.962,0.0,2.962,0
2018-06-14,2.978,2.978,2.978,2.978,0.0,2.978,0
2018-06-15,2.983,2.983,2.983,2.983,0.0,2.983,0
2018-06-18,3.019,3.019,3.019,3.019,0.0,3.019,0
2018-06-19,3.021,3.021,3.021,3.021,0.0,3.021,0
2018-06-20,3.02,3.02,3.02,3.02,0.0,3.02,0
2018-06-21,2.997,2.997,2.997,2.997,0.0,2.997,0
2018-06-22,2.999,2.999,2.999,2.999,0.0,2.999,0
2018-06-25,2.995,2.995,2.995,2.995,0.0,2.995,0
2018-06-26,2.992,2.992,2.992,2.992,0.0,2.992,0
2018-06-27,2.995,2.995,2.995,2.995,0.0,2.995,0
2018-06-28,2.974,2.974,2.974,2.974,0.0,2.974,0
2018-06-29,2.971,2.971,2.971,2.971,0.0,2.971,0
2018-07-02,2.962,2.962,2.962,2.962,0.0,2.962,0
2018-07-03,2.959,2.959,2.959,2.959,0.0,2.959,0
2018-07-05,2.961,2.961,2.961,2.961,0.0,2.961,0
2018-07-06,2.96,2.96,2.96,2.96,0.0,2.96,0
2018-07-09,2.951,2.951,2.951,2.951,0.0,2.951,0
2018-07-10,2.955,2.955,2.955,2.955,0.0,2.955,0
2018-07-11,2.933,2.933,2.933,2.933,0.0,2.933,0
2018-07-12,2.93,2.93,2.93,2.93,0.0,2.93,0
2018-07-13,2.925,2.925,2.925,2.925,0.0,2.925,0
2018-07-16,2.898,2.898,2.898,2.898,0.0,2.898,0
2018-07-17,2.883,2.883,2.883,2.883,0.0,2.883,0
2018-07-18,2.86,2.86,2.86,2.86,0.0,2.86,0
2018-07-19,2.856,2.856,2.856,2.856,0.0,2.856,0
2018-07-20,2.862,2.862,2.862,2.862,0.0,2.862,0
2018-07-23,2.871,2.871,2.871,2.871,0.0,2.871,0
2018-07-24,2.879,2.879,2.879,2.879,0.0,2.879,0
2018-07-25,2.913,2.913,2.913,2.913,0.0,2.913,0
2018-07-26,2.909,2.909,2.909,2.909,0.0,2.909,0
2018-07-27,2.93,2.93,2.93,2.93,0.0,2.93,0
2018-07-30,2.934,2.934,2.934,2.934,0.0,2.934,0
2018-07-31,2.937,2.937,2.937,2.937,0.0,2.937,0
2018-08-01,2.907,2.907,2.907,2.907,0.0,2.907,0
2018-08-02,2.911,2.911,2.911,2.911,0.0,2.911,0
2018-08-03,2.911,2.911,2.911,2.911,0.0,2.911,0
2018-08-06,2.905,2.905,2.905,2.905,0.0,2.905,0
2018-08-07,2.938,2.938,2.938,2.938,0.0,2.938,0
2018-08-08,2.951,2.951,2.951,2.951,0.0,2.951,0
2018-08-09,2.951,2.951,2.951,2.951,0.0,2.951,0
2018-08-10,2.95,2.95,2.95,2.95,0.0,2.95,0
2018-08-13,2.951,2.951,2.951,2.951,0.0,2.951,0
2018-08-14,2.95,2.95,2.95,2.95,0.0,2.95,0
2018-08-15,2.951,2.951,2.951,2.951,0.0,2.951,0
2018-08-16,2.941,2.941,2.941,2.941,0.0,2.941,0
2018-08-17,2.943,2.943,2.943,2.943,0.0,2.943,0
2018-08-20,2.942,2.942,2.942,2.942,0.0,2.942,0
2018-08-21,2.955,2.955,2.955,2.955,0.0,2.955,0
2018-08-22,2.942,2.942,2.942,2.942,0.0,2.942,0
2018-08-23,2.939,2.939,2.939,2.939,0.0,2.939,0
2018-08-24,2.932,2.932,2.932,2.932,0.0,2.932,0
2018-08-27,2.902,2.902,2.902,2.902,0.0,2.902,0
2018-08-28,2.878,2.878,2.878,2.878,0.0,2.878,0
2018-08-29,2.882,2.882,2.882,2.882,0.0,2.882,0
2018-08-30,2.863,2.863,2.863,2.863,0.0,2.863,0
2018-08-31,2.877,2.877,2.877,2.877,0.0,2.877,0
2018-09-04,2.862,2.862,2.862,2.862,0.0,2.862,0
2018-09-05,2.867,2.867,2.867,2.867,0.0,2.867,0
2018-09-06,2.886,2.886,2.886,2.886,0.0,2.886,0
2018-09-07,2.885,2.885,2.885,2.885,0.0,2.885,0
2018-09-10,2.888,2.888,2.888,2.888,0.0,2.888,0
2018-09-11,2.885,2.885,2.885,2.885,0.0,2.885,0
2018-09-12,2.895,2.895,2.895,2.895,0.0,2.895,0
2018-09-13,2.911,2.911,2.911,2.911,0.0,2.911,0
2018-09-14,2.917,2.917,2.917,2.917,0.0,2.917,0
2018-09-17,2.921,2.921,2.921,2.921,0.0,2.921,0
2018-09-18,2.93,2.93,2.93,2.93,0.0,2.93,0
2018-09-19,2.927,2.927,2.927,2.927,0.0,2.927,0
2018-09-20,2.931,2.931,2.931,2.931,0.0,2.931,0
2018-09-21,2.929,2.929,2.929,2.929,0.0,2.929,0
2018-09-24,2.927,2.927,2.927,2.927,0.0,2.927,0
2018-09-25,2.93,2.93,2.93,2.93,0.0,2.93,0
2018-09-26,2.939,2.939,2.939,2.939,0.0,2.939,0
2018-09-27,2.94,2.94,2.94,2.94,0.0,2.94,0
2018-09-28,2.941,2.941,2.941,2.941,0.0,2.941,0
2018-10-01,2.946,2.946,2.946,2.946,0.0,2.946,0
2018-10-02,2.944,2.944,2.944,2.944,0.0,2.944,0
2018-10-03,2.943,2.943,2.943,2.943,0.0,2.943,0
2018-10-04,2.944,2.944,2.944,2.944,0.0,2.944,0
2018-10-05,2.947,2.947,2.947,2.947,0.0,2.947,0
2018-10-08,2.952,2.952,2.952,2.952,0.0,2.952,0
2018-10-09,2.947,2.947,2.947,2.947,0.0,2.947,0
2018-10-10,2.943,2.943,2.943,2.943,0.0,2.943,0
2018-10-11,2.968,2.968,2.968,2.968,0.0,2.968,0
2018-10-12,2.988,2.988,2.988,2.988,0.0,2.988,0
2018-10-15,2.987,2.987,2.987,2.987,0.0,2.987,0
2018-10-16,3.007,3.007,3.007,3.007,0.0,3.007,0
2018-10-17,3.002,3.002,3.002,3.002,0.0,3.002,0
2018-10-18,3.001,3.001,3.001,3.001,0.0,3.001,0
2018-10-19,2.998,2.998,2.998,2.998,0.0,2.998,0
2018-10-22,2.999,2.999,2.999,2.999,0.0,2.999,0
2018-10-23,2.998,2.998,2.998,2.998,0.0,2.998,0
2018-10-24,2.995,2.995,2.995,2.995,0.0,2.995,0
2018-10-25,2.985,2.985,2.985,2.985,0.0,2.985,0
2018-10-26,2.987,2.987,2.987,2.987,0.0,2.987,0
2018-10-29,2.988,2.988,2.988,2.988,0.0,2.988,0
2018-10-30,3.006,3.006,3.006,3.006,0.0,3.006,0
2018-10-31,3.005,3.005,3.005,3.005,0.0,3.005,0
2018-11-01,3.01,3.01,3.01,3.01,0.0,3.01,0
2018-11-02,3.017,3.017,3.017,3.017,0.0,3.017,0
2018-11-05,3.031,3.031,3.031,3.031,0.0,3.031,0
2018-11-06,3.047,3.047,3.047,3.047,0.0,3.047,0
2018-11-07,3.045,3.045,3.045,3.045,0.0,3.045,0
2018-11-08,3.046,3.046,3.046,3.046,0.0,3.046,0
2018-11-09,3.049,3.049,3.049,3.049,0.0,3.049,0
2018-11-12,3.072,3.072,3.072,3.072,0.0,3.072,0
2018-11-13,3.051,3.051,3.051,3.051,0.0,3.051,0
2018-11-14,3.035,3.035,3.035,3.035,0.0,3.035,0
2018-11-15,3.05,3.05,3.05,3.05,0.0,3.05,0
2018-11-16,3.021,3.021,3.021,3.021,0.0,3.021,0
2018-11-19,3.008,3.008,3.008,3.008,0.0,3.008,0
2018-11-20,3.006,3.006,3.006,3.006,0.0,3.006,0
2018-11-21,3.004,3.004,3.004,3.004,0.0,3.004,0
2018-11-23,3.029,3.029,3.029,3.029,0.0,3.029,0
2018-11-26,3.022,3.022,3.022,3.022,0.0,3.022,0
2018-11-27,3.018,3.018,3.018,3.018,0.0,3.018,0
2018-11-28,3.019,3.019,3.019,3.019,0.0,3.019,0
2018-11-29,3.051,3.051,3.051,3.051,0.0,3.051,0
2018-11-30,3.107,3.107,3.107,3.107,0.0,3.107,0
2018-12-03,3.079,3.079,3.079,3.079,0.0,3.079,0
2018-12-04,3.065,3.065,3.065,3.065,0.0,3.065,0
2018-12-05,3.056,3.056,3.056,3.056,0.0,3.056,0
2018-12-06,3.067,3.067,3.067,3.067,0.0,3.067,0
2018-12-07,3.074,3.074,3.074,3.074,0.0,3.074,0
2018-12-10,3.075,3.075,3.075,3.075,0.0,3.075,0
2018-12-11,3.05,3.05,3.05,3.05,0.0,3.05,0
2018-12-12,3.052,3.052,3.052,3.052,0.0,3.052,0
2018-12-13,3.02,3.02,3.02,3.02,0.0,3.02,0
2018-12-14,3.03,3.03,3.03,3.03,0.0,3.03,0
2018-12-17,3.029,3.029,3.029,3.029,0.0,3.029,0
2018-12-18,3.024,3.024,3.024,3.024,0.0,3.024,0
2018-12-19,3.047,3.047,3.047,3.047,0.0,3.047,0
2018-12-20,3.062,3.062,3.062,3.062,0.0,3.062,0
2018-12-21,3.065,3.065,3.065,3.065,0.0,3.065,0
2018-12-24,3.064,3.064,3.064,3.064,0.0,3.064,0
2018-12-26,3.061,3.061,3.061,3.061,0.0,3.061,0
2018-12-27,3.059,3.059,3.059,3.059,0.0,3.059,0
2018-12-28,3.057,3.057,3.057,3.057,0.0,3.057,0
2018-12-31,3.066,3.066,3.066,3.066,0.0,3.066,0
2019-01-02,3.066,3.066,3.066,3.066,0.0,3.066,0
2019-01-03,3.055,3.055,3.055,3.055,0.0,3.055,0
2019-01-04,3.057,3.057,3.057,3.057,0.0,3.057,0
2019-01-07,3.059,3.059,3.059,3.059,0.0,3.059,0
2019-01-08,3.052,3.052,3.052,3.052,0.0,3.052,0
2019-01-09,3.051,3.051,3.051,3.051,0.0,3.051,0
2019-01-10,3.049,3.049,3.049,3.049,0.0,3.049,0
2019-01-11,3.056,3.056,3.056,3.056,0.0,3.056,0
2019-01-14,3.055,3.055,3.055,3.055,0.0,3.055,0
2019-01-15,3.047,3.047,3.047,3.047,0.0,3.047,0
2019-01-16,3.016,3.016,3.016,3.016,0.0,3.016,0
2019-01-17,3.016,3.016,3.016,3.016,0.0,3.016,0
2019-01-18,3.029,3.029,3.029,3.029,0.0,3.029,0
2019-01-22,3.042,3.042,3.042,3.042,0.0,3.042,0
2019-01-23,3.024,3.024,3.024,3.024,0.0,3.024,0
2019-01-24,3.003,3.003,3.003,3.003,0.0,3.003,0
2019-01-25,3.048,3.048,3.048,3.048,0.0,3.048,0
2019-01-28,3.032,3.032,3.032,3.032,0.0,3.032,0
2019-01-29,3.035,3.035,3.035,3.035,0.0,3.035,0
2019-01-30,3.037,3.037,3.037,3.037,0.0,3.037,0
2019-01-31,3.038,3.038,3.038,3.038,0.0,3.038,0
2019-02-01,3.039,3.039,3.039,3.039,0.0,3.039,0
2019-02-04,3.026,3.026,3.026,3.026,0.0,3.026,0
2019-02-05,3.077,3.077,3.077,3.077,0.0,3.077,0
2019-02-06,3.074,3.074,3.074,3.074,0.0,3.074,0
2019-02-07,3.07,3.07,3.07,3.07,0.0,3.07,0
2019-02-08,3.072,3.072,3.072,3.072,0.0,3.072,0
2019-02-11,3.077,3.077,3.077,3.077,0.0,3.077,0
2019-02-12,3.085,3.085,3.085,3.085,0.0,3.085,0
2019-02-13,3.084,3.084,3.084,3.084,0.0,3.084,0
2019-02-14,3.09,3.09,3.09,3.09,0.0,3.09,0
2019-02-15,3.07,3.07,3.07,3.07,0.0,3.07,0
2019-02-19,3.061,3.061,3.061,3.061,0.0,3.061,0
2019-02-20,3.073,3.073,3.073,3.073,0.0,3.073,0
2019-02-21,3.06,3.06,3.06,3.06,0.0,3.06,0
2019-02-22,3.057,3.057,3.057,3.057,0.0,3.057,0
2019-02-25,3.049,3.049,3.049,3.049,0.0,3.049,0
2019-02-26,3.031,3.031,3.031,3.031,0.0,3.031,0
2019-02-27,3.067,3.067,3.067,3.067,0.0,3.067,0
2019-02-28,3.078,3.078,3.078,3.078,0.0,3.078,0
2019-03-01,3.077,3.077,3.077,3.077,0.0,3.077,0
2019-03-04,3.073,3.073,3.073,3.073,0.0,3.073,0
2019-03-05,3.071,3.071,3.071,3.071,0.0,3.071,0
2019-03-06,3.074,3.074,3.074,3.074,0.0,3.074,0
2019-03-07,3.079,3.079,3.079,3.079,0.0,3.079,0
2019-03-08,3.079,3.079,3.079,3.079,0.0,3.079,0
2019-03-11,3.106,3.106,3.106,3.106,0.0,3.106,0
2019-03-12,3.121,3.121,3.121,3.121,0.0,3.121,0
2019-03-13,3.13,3.13,3.13,3.13,0.0,3.13,0
2019-03-14,3.138,3.138,3.138,3.138,0.0,3.138,0
2019-03-15,3.139,3.139,3.139,3.139,0.0,3.139,0
2019-03-18,3.138,3.138,3.138,3.138,0.0,3.138,0
2019-03-19,3.139,3.139,3.139,3.139,0.0,3.139,0
2019-03-20,3.137,3.137,3.137,3.137,0.0,3.137,0
2019-03-21,3.147,3.147,3.147,3.147,0.0,3.147,0
2019-03-22,3.137,3.137,3.137,3.137,0.0,3.137,0
2019-03-25,3.136,3.136,3.136,3.136,0.0,3.136,0
2019-03-26,3.138,3.138,3.138,3.138,0.0,3.138,0
2019-03-27,3.129,3.129,3.129,3.129,0.0,3.129,0
2019-03-28,3.132,3.132,3.132,3.132,0.0,3.132,0
2019-03-29,3.131,3.131,3.131,3.131,0.0,3.131,0
2019-04-01,3.13,3.13,3.13,3.13,0.0,3.13,0
2019-04-02,3.137,3.137,3.137,3.137,0.0,3.137,0
2019-04-03,3.132,3.132,3.132,3.132,0.0,3.132,0
2019-04-04,3.163,3.163,3.163,3.163,0.0,3.163,0
2019-04-05,3.131,3.131,3.131,3.131,0.0,3.131,0
2019-04-08,3.134,3.134,3.134,3.134,0.0,3.134,0
2019-04-09,3.141,3.141,3.141,3.141,0.0,3.141,0
2019-04-10,3.119,3.119,3.119,3.119,0.0,3.119,0
2019-04-11,3.117,3.117,3.117,3.117,0.0,3.117,0
2019-04-12,3.117,3.117,3.117,3.117,0.0,3.117,0
2019-04-15,3.117,3.117,3.117,3.117,0.0,3.117,0
2019-04-16,3.118,3.118,3.118,3.118,0.0,3.118,0
2019-04-17,3.108,3.108,3.108,3.108,0.0,3.108,0
2019-04-18,3.093,3.093,3.093,3.093,0.0,3.093,0
2019-04-22,3.081,3.081,3.081,3.081,0.0,3.081,0
2019-04-23,3.076,3.076,3.076,3.076,0.0,3.076,0
2019-04-24,3.086,3.086,3.086,3.086,0.0,3.086,0
2019-04-25,3.096,3.096,3.096,3.096,0.0,3.096,0
2019-04-26,3.093,3.093,3.093,3.093,0.0,3.093,0
2019-04-29,3.1,3.1,3.1,3.1,0.0,3.1,0
2019-04-30,3.105,3.105,3.105,3.105,0.0,3.105,0
2019-05-01,3.107,3.107,3.107,3.107,0.0,3.107,0
2019-05-02,3.104,3.104,3.104,3.104,0.0,3.104,0
2019-05-03,3.117,3.117,3.117,3.117,0.0,3.117,0
2019-05-06,3.12,3.12,3.12,3.12,0.0,3.12,0
2019-05-07,3.12,3.12,3.12,3.12,0.0,3.12,0
2019-05-08,3.114,3.114,3.114,3.114,0.0,3.114,0
2019-05-09,3.121,3.121,3.121,3.121,0.0,3.121,0
2019-05-10,3.112,3.112,3.112,3.112,0.0,3.112,0
2019-05-13,3.115,3.115,3.115,3.115,0.0,3.115,0
2019-05-14,3.126,3.126,3.126,3.126,0.0,3.126,0
2019-05-15,3.144,3.144,3.144,3.144,0.0,3.144,0
2019-05-16,3.14,3.14,3.14,3.14,0.0,3.14,0
2019-05-17,3.144,3.144,3.144,3.144,0.0,3.144,0
2019-05-20,3.149,3.149,3.149,3.149,0.0,3.149,0
2019-05-21,3.152,3.152,3.152,3.152,0.0,3.152,0
2019-05-22,3.098,3.098,3.098,3.098,0.0,3.098,0
2019-05-23,3.11,3.11,3.11,3.11,0.0,3.11,0
2019-05-24,3.12,3.12,3.12,3.12,0.0,3.12,0
2019-05-28,3.161,3.161,3.161,3.161,0.0,3.161,0
2019-05-29,3.142,3.142,3.142,3.142,0.0,3.142,0
2019-05-30,3.14,3.14,3.14,3.14,0.0,3.14,0
2019-05-31,3.138,3.138,3.138,3.138,0.0,3.138,0
2019-06-03,3.126,3.126,3.126,3.126,0.0,3.126,0
2019-06-04,3.112,3.112,3.112,3.112,0.0,3.112,0
2019-06-05,3.116,3.116,3.116,3.116,0.0,3.116,0
2019-06-06,3.126,3.126,3.126,3.126,0.0,3.126,0
2019-06-07,3.127,3.127,3.127,3.127,0.0,3.127,0
2019-06-10,3.116,3.116,3.116,3.116,0.0,3.116,0
2019-06-11,3.116,3.116,3.116,3.116,0.0,3.116,0
2019-06-12,3.113,3.113,3.113,3.113,0.0,3.113,0
2019-06-13,3.114,3.114,3.114,3.114,0.0,3.114,0
2019-06-14,3.119,3.119,3.119,3.119,0.0,3.119,0
2019-06-17,3.122,3.122,3.122,3.122,0.0,3.122,0
2019-06-18,3.105,3.105,3.105,3.105,0.0,3.105,0
2019-06-19,3.106,3.106,3.106,3.106,0.0,3.106,0
2019-06-20,3.11,3.11,3.11,3.11,0.0,3.11,0
2019-06-21,3.125,3.125,3.125,3.125,0.0,3.125,0
2019-06-24,3.125,3.125,3.125,3.125,0.0,3.125,0
2019-06-25,3.124,3.124,3.124,3.124,0.0,3.124,0
2019-06-26,3.116,3.116,3.116,3.116,0.0,3.116,0
2019-06-27,3.112,3.112,3.112,3.112,0.0,3.112,0
2019-06-28,3.084,3.084,3.084,3.084,0.0,3.084,0
2019-07-01,3.077,3.077,3.077,3.077,0.0,3.077,0
2019-07-02,3.086,3.086,3.086,3.086,0.0,3.086,0
2019-07-03,3.085,3.085,3.085,3.085,0.0,3.085,0
2019-07-05,3.111,3.111,3.111,3.111,0.0,3.111,0
2019-07-08,3.107,3.107,3.107,3.107,0.0,3.107,0
2019-07-09,3.146,3.146,3.146,3.146,0.0,3.146,0
2019-07-10,3.138,3.138,3.138,3.138,0.0,3.138,0
2019-07-11,3.146,3.146,3.146,3.146,0.0,3.146,0
2019-07-12,3.154,3.154,3.154,3.154,0.0,3.154,0
2019-07-15,3.159,3.159,3.159,3.159,0.0,3.159,0
2019-07-16,3.135,3.135,3.135,3.135,0.0,3.135,0
2019-07-17,3.132,3.132,3.132,3.132,0.0,3.132,0
2019-07-18,3.151,3.151,3.151,3.151,0.0,3.151,0
2019-07-19,3.144,3.144,3.144,3.144,0.0,3.144,0
2019-07-22,3.071,3.071,3.071,3.071,0.0,3.071,0
2019-07-23,3.109,3.109,3.109,3.109,0.0,3.109,0
2019-07-24,3.102,3.102,3.102,3.102,0.0,3.102,0
2019-07-25,3.103,3.103,3.103,3.103,0.0,3.103,0
2019-07-26,3.097,3.097,3.097,3.097,0.0,3.097,0
2019-07-29,3.086,3.086,3.086,3.086,0.0,3.086,0
2019-07-30,3.089,3.089,3.089,3.089,0.0,3.089,0
2019-07-31,3.095,3.095,3.095,3.095,0.0,3.095,0
2019-08-01,3.098,3.098,3.098,3.098,0.0,3.098,0
2019-08-02,3.085,3.085,3.085,3.085,0.0,3.085,0
2019-08-05,3.083,3.083,3.083,3.083,0.0,3.083,0
2019-08-06,3.084,3.084,3.084,3.084,0.0,3.084,0
2019-08-07,3.089,3.089,3.089,3.089,0.0,3.089,0
2019-08-08,3.058,3.058,3.058,3.058,0.0,3.058,0
2019-08-09,3.047,3.047,3.047,3.047,0.0,3.047,0
2019-08-12,3.006,3.006,3.006,3.006,0.0,3.006,0
2019-08-13,2.988,2.988,2.988,2.988,0.0,2.988,0
2019-08-14,2.933,2.933,2.933,2.933,0.0,2.933,0
2019-08-15,2.933,2.933,2.933,2.933,0.0,2.933,0
2019-08-16,2.916,2.916,2.916,2.916,0.0,2.916,0
2019-08-19,2.921,2.921,2.921,2.921,0.0,2.921,0
2019-08-20,2.924,2.924,2.924,2.924,0.0,2.924,0
2019-08-21,2.929,2.929,2.929,2.929,0.0,2.929,0
2019-08-22,2.933,2.933,2.933,2.933,0.0,2.933,0
2019-08-23,2.963,2.963,2.963,2.963,0.0,2.963,0
2019-08-26,2.952,2.952,2.952,2.952,0.0,2.952,0
2019-08-27,2.972,2.972,2.972,2.972,0.0,2.972,0
2019-08-28,2.991,2.991,2.991,2.991,0.0,2.991,0
2019-08-29,2.979,2.979,2.979,2.979,0.0,2.979,0
2019-08-30,2.92,2.92,2.92,2.92,0.0,2.92,0
2019-09-03,2.934,2.934,2.934,2.934,0.0,2.934,0
2019-09-04,2.895,2.895,2.895,2.895,0.0,2.895,0
2019-09-05,2.907,2.907,2.907,2.907,0.0,2.907,0
2019-09-06,2.894,2.894,2.894,2.894,0.0,2.894,0
2019-09-09,2.865,2.865,2.865,2.865,0.0,2.865,0
2019-09-10,2.869,2.869,2.869,2.869,0.0,2.869,0
2019-09-11,2.864,2.864,2.864,2.864,0.0,2.864,0
2019-09-12,2.869,2.869,2.869,2.869,0.0,2.869,0
2019-09-13,2.834,2.834,2.834,2.834,0.0,2.834,0
2019-09-16,2.864,2.864,2.864,2.864,0.0,2.864,0
2019-09-17,2.828,2.828,2.828,2.828,0.0,2.828,0
2019-09-18,2.841,2.841,2.841,2.841,0.0,2.841,0
2019-09-19,2.835,2.835,2.835,2.835,0.0,2.835,0
2019-09-20,2.846,2.846,2.846,2.846,0.0,2.846,0
2019-09-23,2.843,2.843,2.843,2.843,0.0,2.843,0
2019-09-24,2.834,2.834,2.834,2.834,0.0,2.834,0
2019-09-25,2.833,2.833,2.833,2.833,0.0,2.833,0
2019-09-26,2.834,2.834,2.834,2.834,0.0,2.834,0
2019-09-27,2.808,2.808,2.808,2.808,0.0,2.808,0
2019-09-30,2.87,2.87,2.87,2.87,0.0,2.87,0
2019-10-01,2.819,2.819,2.819,2.819,0.0,2.819,0
2019-10-02,2.847,2.847,2.847,2.847,0.0,2.847,0
2019-10-03,2.832,2.832,2.832,2.832,0.0,2.832,0
2019-10-04,2.822,2.822,2.822,2.822,0.0,2.822,0
2019-10-07,2.826,2.826,2.826,2.826,0.0,2.826,0
2019-10-08,2.802,2.802,2.802,2.802,0.0,2.802,0
2019-10-09,2.813,2.813,2.813,2.813,0.0,2.813,0
2019-10-10,2.814,2.814,2.814,2.814,0.0,2.814,0
2019-10-11,2.825,2.825,2.825,2.825,0.0,2.825,0
2019-10-14,2.84,2.84,2.84,2.84,0.0,2.84,0
2019-10-15,2.856,2.856,2.856,2.856,0.0,2.856,0
2019-10-16,2.858,2.858,2.858,2.858,0.0,2.858,0
2019-10-17,2.855,2.855,2.855,2.855,0.0,2.855,0
2019-10-18,2.85,2.85,2.85,2.85,0.0,2.85,0
2019-10-21,2.845,2.845,2.845,2.845,0.0,2.845,0
2019-10-22,2.849,2.849,2.849,2.849,0.0,2.849,0
2019-10-23,2.843,2.843,2.843,2.843,0.0,2.843,0
2019-10-24,2.847,2.847,2.847,2.847,0.0,2.847,0
2019-10-25,2.845,2.845,2.845,2.845,0.0,2.845,0
2019-10-28,2.854,2.854,2.854,2.854,0.0,2.854,0
2019-10-29,2.87,2.87,2.87,2.87,0.0,2.87,0
2019-10-30,2.877,2.877,2.877,2.877,0.0,2.877,0
2019-10-31,2.875,2.875,2.875,2.875,0.0,2.875,0
2019-11-01,2.884,2.884,2.884,2.884,0.0,2.884,0
2019-11-04,2.82,2.82,2.82,2.82,0.0,2.82,0
2019-11-05,2.799,2.799,2.799,2.799,0.0,2.799,0
2019-11-06,2.81,2.81,2.81,2.81,0.0,2.81,0
2019-11-07,2.757,2.757,2.757,2.757,0.0,2.757,0
2019-11-08,2.764,2.764,2.764,2.764,0.0,2.764,0
2019-11-11,2.755,2.755,2.755,2.755,0.0,2.755,0
2019-11-12,2.705,2.705,2.705,2.705,0.0,2.705,0
2019-11-13,2.706,2.706,2.706,2.706,0.0,2.706,0
2019-11-14,2.693,2.693,2.693,2.693,0.0,2.693,0
2019-11-15,2.699,2.699,2.699,2.699,0.0,2.699,0
2019-11-18,2.703,2.703,2.703,2.703,0.0,2.703,0
2019-11-19,2.715,2.715,2.715,2.715,0.0,2.715,0
2019-11-20,2.727,2.727,2.727,2.727,0.0,2.727,0
2019-11-21,2.734,2.734,2.734,2.734,0.0,2.734,0
2019-11-22,2.734,2.734,2.734,2.734,0.0,2.734,0
2019-11-25,2.716,2.716,2.716,2.716,0.0,2.716,0
2019-11-26,2.71,2.71,2.71,2.71,0.0,2.71,0
2019-11-27,2.714,2.714,2.714,2.714,0.0,2.714,0
2019-11-29,2.672,2.672,2.672,2.672,0.0,2.672,0
2019-12-02,2.698,2.698,2.698,2.698,0.0,2.698,0
2019-12-03,2.707,2.707,2.707,2.707,0.0,2.707,0
2019-12-04,2.706,2.706,2.706,2.706,0.0,2.706,0
2019-12-05,2.698,2.698,2.698,2.698,0.0,2.698,0
2019-12-06,2.678,2.678,2.678,2.678,0.0,2.678,0
2019-12-09,2.65,2.65,2.65,2.65,0.0,2.65,0
2019-12-10,2.659,2.659,2.659,2.659,0.0,2.659,0
2019-12-11,2.656,2.656,2.656,2.656,0.0,2.656,0
2019-12-12,2.661,2.661,2.661,2.661,0.0,2.661,0
2019-12-13,2.644,2.644,2.644,2.644,0.0,2.644,0
2019-12-16,2.658,2.658,2.658,2.658,0.0,2.658,0
2019-12-17,2.66,2.66,2.66,2.66,0.0,2.66,0
2019-12-18,2.589,2.589,2.589,2.589,0.0,2.589,0
2019-12-19,2.563,2.563,2.563,2.563,0.0,2.563,0
2019-12-20,2.554,2.554,2.554,2.554,0.0,2.554,0
2019-12-23,2.561,2.561,2.561,2.561,0.0,2.561,0
2019-12-24,2.559,2.559,2.559,2.559,0.0,2.559,0
2019-12-26,2.547,2.547,2.547,2.547,0.0,2.547,0
2019-12-27,2.545,2.545,2.545,2.545,0.0,2.545,0
2019-12-30,2.542,2.542,2.542,2.542,0.0,2.542,0
2019-12-31,2.551,2.551,2.551,2.551,0.0,2.551,0
2020-01-02,2.546,2.546,2.546,2.546,0.0,2.546,0
2020-01-03,2.546,2.546,2.546,2.546,0.0,2.546,0
2020-01-06,2.55,2.55,2.55,2.55,0.0,2.55,0
2020-01-07,2.565,2.565,2.565,2.565,0.0,2.565,0
2020-01-08,2.568,2.568,2.568,2.568,0.0,2.568,0
2020-01-09,2.579,2.579,2.579,2.579,0.0,2.579,0
2020-01-10,2.581,2.581,2.581,2.581,0.0,2.581,0
2020-01-13,2.581,2.581,2.581,2.581,0.0,2.581,0
2020-01-14,2.58,2.58,2.58,2.58,0.0,2.58,0
2020-01-15,2.579,2.579,2.579,2.579,0.0,2.579,0
2020-01-16,2.586,2.586,2.586,2.586,0.0,2.586,0
2020-01-17,2.596,2.596,2.596,2.596,0.0,2.596,0
2020-01-21,2.586,2.586,2.586,2.586,0.0,2.586,0
2020-01-22,2.575,2.575,2.575,2.575,0.0,2.575,0
2020-01-23,2.567,2.567,2.567,2.567,0.0,2.567,0
2020-01-24,2.579,2.579,2.579,2.579,0.0,2.579,0
2020-01-27,2.538,2.538,2.538,2.538,0.0,2.538,0
2020-01-28,2.548,2.548,2.548,2.548,0.0,2.548,0
2020-01-29,2.533,2.533,2.533,2.533,0.0,2.533,0
2020-01-30,2.518,2.518,2.518,2.518,0.0,2.518,0
2020-01-31,2.519,2.519,2.519,2.519,0.0,2.519,0
2020-02-03,2.514,2.514,2.514,2.514,0.0,2.514,0
2020-02-04,2.51,2.51,2.51,2.51,0.0,2.51,0
2020-02-05,2.482,2.482,2.482,2.482,0.0,2.482,0
2020-02-06,2.486,2.486,2.486,2.486,0.0,2.486,0
2020-02-07,2.504,2.504,2.504,2.504,0.0,2.504,0
2020-02-10,2.496,2.496,2.496,2.496,0.0,2.496,0
2020-02-11,2.461,2.461,2.461,2.461,0.0,2.461,0
2020-02-12,2.468,2.468,2.468,2.468,0.0,2.468,0
2020-02-13,2.458,2.458,2.458,2.458,0.0,2.458,0
2020-02-14,2.493,2.493,2.493,2.493,0.0,2.493,0
2020-02-18,2.466,2.466,2.466,2.466,0.0,2.466,0
2020-02-19,2.487,2.487,2.487,2.487,0.0,2.487,0
2020-02-20,2.487,2.487,2.487,2.487,0.0,2.487,0
2020-02-21,2.517,2.517,2.517,2.517,0.0,2.517,0
2020-02-24,2.523,2.523,2.523,2.523,0.0,2.523,0
2020-02-25,2.526,2.526,2.526,2.526,0.0,2.526,0
2020-02-26,2.549,2.549,2.549,2.549,0.0,2.549,0
2020-02-27,2.539,2.539,2.539,2.539,0.0,2.539,0
2020-02-28,2.587,2.587,2.587,2.587,0.0,2.587,0
2020-03-02,2.627,2.627,2.627,2.627,0.0,2.627,0
2020-03-03,2.623,2.623,2.623,2.623,0.0,2.623,0
2020-03-04,2.612,2.612,2.612,2.612,0.0,2.612,0
2020-03-05,2.587,2.587,2.587,2.587,0.0,2.587,0
2020-03-06,2.6,2.6,2.6,2.6,0.0,2.6,0
2020-03-09,2.637,2.637,2.637,2.637,0.0,2.637,0
2020-03-10,2.637,2.637,2.637,2.637,0.0,2.637,0
2020-03-11,2.599,2.599,2.599,2.599,0.0,2.599,0
2020-03-12,2.549,2.549,2.549,2.549,0.0,2.549,0
2020-03-13,2.544,2.544,2.544,2.544,0.0,2.544,0
2020-03-16,2.533,2.533,2.533,2.533,0.0,2.533,0
2020-03-17,2.562,2.562,2.562,2.562,0.0,2.562,0
2020-03-18,2.568,2.568,2.568,2.568,0.0,2.568,0
2020-03-19,2.581,2.581,2.581,2.581,0.0,2.581,0
2020-03-20,2.575,2.575,2.575,2.575,0.0,2.575,0
2020-03-23,2.57,2.57,2.57,2.57,0.0,2.57,0
2020-03-24,2.527,2.527,2.527,2.527,0.0,2.527,0
2020-03-25,2.522,2.522,2.522,2.522,0.0,2.522,0
2020-03-26,2.488,2.488,2.488,2.488,0.0,2.488,0
2020-03-27,2.51,2.51,2.51,2.51,0.0,2.51,0
2020-03-30,2.518,2.518,2.518,2.518,0.0,2.518,0
2020-03-31,2.506,2.506,2.506,2.506,0.0,2.506,0
2020-04-01,2.476,2.476,2.476,2.476,0.0,2.476,0
2020-04-02,2.462,2.462,2.462,2.462,0.0,2.462,0
2020-04-03,2.446,2.446,2.446,2.446,0.0,2.446,0
2020-04-06,2.462,2.462,2.462,2.462,0.0,2.462,0
2020-04-07,2.456,2.456,2.456,2.456,0.0,2.456,0
2020-04-08,2.473,2.473,2.473,2.473,0.0,2.473,0
2020-04-09,2.459,2.459,2.459,2.459,0.0,2.459,0
2020-04-13,2.482,2.482,2.482,2.482,0.0,2.482,0
2020-04-14,2.464,2.464,2.464,2.464,0.0,2.464,0
2020-04-15,2.433,2.433,2.433,2.433,0.0,2.433,0
2020-04-16,2.438,2.438,2.438,2.438,0.0,2.438,0
2020-04-17,2.439,2.439,2.439,2.439,0.0,2.439,0
2020-04-20,2.475,2.475,2.475,2.475,0.0,2.475,0
2020-04-21,2.458,2.458,2.458,2.458,0.0,2.458,0
2020-04-22,2.486,2.486,2.486,2.486,0.0,2.486,0
2020-04-23,2.44,2.44,2.44,2.44,0.0,2.44,0
2020-04-24,2.438,2.438,2.438,2.438,0.0,2.438,0
2020-04-27,2.464,2.464,2.464,2.464,0.0,2.464,0
2020-04-28,2.456,2.456,2.456,2.456,0.0,2.456,0
2020-04-29,2.451,2.451,2.451,2.451,0.0,2.451,0
2020-04-30,2.426,2.426,2.426,2.426,0.0,2.426,0
2020-05-01,2.409,2.409,2.409,2.409,0.0,2.409,0
2020-05-04,2.38,2.38,2.38,2.38,0.0,2.38,0
2020-05-05,2.367,2.367,2.367,2.367,0.0,2.367,0
2020-05-06,2.406,2.406,2.406,2.406,0.0,2.406,0
2020-05-07,2.363,2.363,2.363,2.363,0.0,2.363,0
2020-05-08,2.352,2.352,2.352,2.352,0.0,2.352,0
2020-05-11,2.328,2.328,2.328,2.328,0.0,2.328,0
2020-05-12,2.332,2.332,2.332,2.332,0.0,2.332,0
2020-05-13,2.33,2.33,2.281,2.281,16.0,2.33,1
2020-05-14,2.255,2.255,2.255,2.255,0.0,2.255,0
2020-05-15,2.316,2.316,2.316,2.316,0.0,2.316,0
2020-05-18,2.334,2.334,2.334,2.334,0.0,2.334,0
2020-05-19,2.331,2.331,2.331,2.331,0.0,2.331,0
2020-05-20,2.283,2.283,2.283,2.283,0.0,2.283,0
2020-05-21,2.274,2.274,2.274,2.274,0.0,2.274,0
2020-05-22,2.317,2.317,2.317,2.317,0.0,2.317,0
2020-05-26,2.302,2.302,2.302,2.302,0.0,2.302,0
2020-05-27,2.345,2.345,2.345,2.345,0.0,2.345,0
2020-05-28,2.337,2.337,2.337,2.337,0.0,2.337,0
2020-05-29,2.331,2.331,2.331,2.331,0.0,2.331,0
2020-06-01,2.308,2.308,2.308,2.308,0.0,2.308,0
2020-06-02,2.313,2.313,2.313,2.313,0.0,2.313,0
2020-06-03,2.3,2.3,2.3,2.3,0.0,2.3,0
2020-06-04,2.309,2.309,2.309,2.309,0.0,2.309,0
2020-06-05,2.303,2.303,2.303,2.303,0.0,2.303,0
2020-06-08,2.317,2.317,2.317,2.317,0.0,2.317,0
2020-06-09,2.339,2.339,2.339,2.339,0.0,2.339,0
2020-06-10,2.344,2.344,2.344,2.344,0.0,2.344,0
2020-06-11,2.339,2.339,2.339,2.339,0.0,2.339,0
2020-06-12,2.328,2.328,2.328,2.328,0.0,2.328,0
2020-06-15,2.355,2.355,2.355,2.355,0.0,2.355,0
2020-06-16,2.35,2.35,2.35,2.35,0.0,2.35,0
2020-06-17,2.345,2.345,2.345,2.345,0.0,2.345,0
2020-06-18,2.344,2.344,2.344,2.344,0.0,2.344,0
2020-06-19,2.327,2.327,2.327,2.327,0.0,2.327,0
2020-06-22,2.315,2.315,2.315,2.315,0.0,2.315,0
2020-06-23,2.314,2.314,2.314,2.314,0.0,2.314,0
2020-06-24,2.324,2.324,2.324,2.324,0.0,2.324,0
2020-06-25,2.357,2.357,2.357,2.357,0.0,2.357,0
2020-06-26,2.379,2.379,2.379,2.379,0.0,2.379,0
2020-06-29,2.377,2.377,2.377,2.377,0.0,2.377,0
2020-06-30,2.377,2.377,2.377,2.377,0.0,2.377,0
2020-07-01,2.39,2.39,2.39,2.39,0.0,2.39,0
2020-07-02,2.434,2.434,2.434,2.434,0.0,2.434,0
2020-07-06,2.413,2.413,2.413,2.413,0.0,2.413,0
2020-07-07,2.401,2.401,2.401,2.401,0.0,2.401,0
2020-07-08,2.429,2.429,2.429,2.429,0.0,2.429,0
2020-07-09,2.414,2.414,2.414,2.414,0.0,2.414,0
2020-07-10,2.396,2.396,2.396,2.396,0.0,2.396,0
2020-07-13,2.392,2.392,2.392,2.392,0.0,2.392,0
2020-07-14,2.391,2.391,2.391,2.391,0.0,2.391,0
2020-07-15,2.401,2.401,2.401,2.401,0.0,2.401,0
2020-07-16,2.394,2.394,2.394,2.394,0.0,2.394,0
2020-07-17,2.391,2.391,2.391,2.391,0.0,2.391,0
2020-07-20,2.382,2.382,2.382,2.382,0.0,2.382,0
2020-07-21,2.397,2.397,2.397,2.397,0.0,2.397,0
2020-07-22,2.406,2.406,2.406,2.406,0.0,2.406,0
2020-07-23,2.49,2.49,2.49,2.49,0.0,2.49,0
2020-07-24,2.509,2.509,2.509,2.509,0.0,2.509,0
2020-07-27,2.571,2.571,2.571,2.571,0.0,2.571,0
2020-07-28,2.568,2.568,2.568,2.568,0.0,2.568,0
2020-07-29,2.573,2.573,2.573,2.573,0.0,2.573,0
2020-07-30,2.583,2.583,2.583,2.583,0.0,2.583,0
2020-07-31,2.656,2.656,2.656,2.656,0.0,2.656,0
2020-08-03,2.654,2.654,2.654,2.654,0.0,2.654,0
2020-08-04,2.648,2.648,2.648,2.648,0.0,2.648,0
2020-08-05,2.666,2.666,2.666,2.666,0.0,2.666,0
2020-08-06,2.691,2.691,2.691,2.691,0.0,2.691,0
2020-08-07,2.753,2.753,2.753,2.753,0.0,2.753,0
2020-08-10,2.721,2.721,2.721,2.721,0.0,2.721,0
2020-08-11,2.636,2.636,2.636,2.636,0.0,2.636,0
2020-08-12,2.613,2.613,2.613,2.613,0.0,2.613,0
2020-08-13,2.633,2.633,2.633,2.633,0.0,2.633,0
2020-08-14,2.619,2.619,2.619,2.619,0.0,2.619,0
2020-08-17,2.619,2.619,2.619,2.619,0.0,2.619,0
2020-08-18,2.614,2.614,2.614,2.614,0.0,2.614,0
2020-08-19,2.609,2.609,2.609,2.609,0.0,2.609,0
2020-08-20,2.607,2.607,2.607,2.607,0.0,2.607,0
2020-08-21,2.602,2.602,2.602,2.602,0.0,2.602,0
2020-08-24,2.597,2.597,2.597,2.597,0.0,2.597,0
2020-08-25,2.59,2.59,2.59,2.59,0.0,2.59,0
2020-08-26,2.618,2.618,2.618,2.618,0.0,2.618,0
2020-08-27,2.627,2.627,2.627,2.627,0.0,2.627,0
2020-08-28,2.615,2.615,2.615,2.615,0.0,2.615,0
2020-08-31,2.589,2.589,2.589,2.589,0.0,2.589,0
2020-09-01,2.587,2.587,2.587,2.587,0.0,2.587,0
2020-09-02,2.581,2.581,2.581,2.581,0.0,2.581,0
2020-09-03,2.578,2.578,2.578,2.578,0.0,2.578,0
2020-09-04,2.504,2.504,2.504,2.504,0.0,2.504,0
2020-09-08,2.505,2.505,2.505,2.505,0.0,2.505,0
2020-09-09,2.491,2.491,2.491,2.491,0.0,2.491,0
2020-09-10,2.473,2.473,2.473,2.473,0.0,2.473,0
2020-09-11,2.45,2.45,2.45,2.45,0.0,2.45,0
2020-09-14,2.423,2.423,2.423,2.423,0.0,2.423,0
2020-09-15,2.43,2.43,2.43,2.43,0.0,2.43,0
2020-09-16,2.405,2.405,2.405,2.405,0.0,2.405,0
2020-09-17,2.393,2.393,2.393,2.393,0.0,2.393,0
2020-09-18,2.414,2.414,2.414,2.414,0.0,2.414,0
2020-09-21,2.385,2.385,2.385,2.385,0.0,2.385,0
2020-09-22,2.424,2.424,2.424,2.424,0.0,2.424,0
2020-09-23,2.464,2.464,2.464,2.464,0.0,2.464,0
2020-09-24,2.49,2.49,2.49,2.49,0.0,2.49,0
2020-09-25,2.509,2.509,2.509,2.509,0.0,2.509,0
2020-09-28,2.517,2.517,2.517,2.517,0.0,2.517,0
2020-09-29,2.488,2.488,2.488,2.488,0.0,2.488,0
2020-09-30,2.469,2.469,2.469,2.469,0.0,2.469,0
2020-10-01,2.449,2.449,2.449,2.449,0.0,2.449,0
2020-10-02,2.446,2.446,2.446,2.446,0.0,2.446,0
2020-10-05,2.424,2.424,2.424,2.424,0.0,2.424,0
2020-10-06,2.431,2.431,2.431,2.431,0.0,2.431,0
2020-10-07,2.454,2.454,2.454,2.454,0.0,2.454,0
2020-10-08,2.429,2.429,2.429,2.429,0.0,2.429,0
2020-10-09,2.459,2.459,2.459,2.459,0.0,2.459,0
2020-10-12,2.445,2.445,2.445,2.445,0.0,2.445,0
2020-10-13,2.425,2.425,2.425,2.425,0.0,2.425,0
2020-10-14,2.452,2.452,2.452,2.452,0.0,2.452,0
2020-10-15,2.438,2.438,2.438,2.438,0.0,2.438,0
2020-10-16,2.441,2.441,2.441,2.441,0.0,2.441,0
2020-10-19,2.484,2.484,2.484,2.484,0.0,2.484,0
2020-10-20,2.425,2.425,2.425,2.425,0.0,2.425,0
2020-10-21,2.446,2.446,2.446,2.446,0.0,2.446,0
2020-10-22,2.448,2.448,2.448,2.448,0.0,2.448,0
2020-10-23,2.434,2.434,2.434,2.434,0.0,2.434,0
2020-10-26,2.347,2.347,2.347,2.347,0.0,2.347,0
2020-10-27,2.401,2.401,2.401,2.401,0.0,2.401,0
2020-10-28,2.451,2.451,2.451,2.451,0.0,2.451,0
2020-10-29,2.463,2.463,2.463,2.463,0.0,2.463,0
2020-10-30,2.48,2.48,2.48,2.48,0.0,2.48,0
2020-11-02,2.449,2.449,2.449,2.449,0.0,2.449,0
2020-11-03,2.478,2.478,2.478,2.478,0.0,2.478,0
2020-11-04,2.475,2.475,2.475,2.475,0.0,2.475,0
2020-11-05,2.47,2.47,2.47,2.47,0.0,2.47,0
2020-11-06,2.46,2.46,2.46,2.46,0.0,2.46,0
2020-11-09,2.456,2.456,2.456,2.456,0.0,2.456,0
2020-11-10,2.466,2.466,2.466,2.466,0.0,2.466,0
2020-11-11,2.481,2.481,2.481,2.481,0.0,2.481,0
2020-11-12,2.478,2.478,2.478,2.478,0.0,2.478,0
2020-11-13,2.433,2.433,2.433,2.433,0.0,2.433,0
2020-11-16,2.43,2.43,2.43,2.43,0.0,2.43,0
2020-11-17,2.447,2.447,2.447,2.447,0.0,2.447,0
2020-11-18,2.471,2.471,2.471,2.471,0.0,2.471,0
2020-11-19,2.471,2.471,2.471,2.471,0.0,2.471,0
2020-11-20,2.464,2.464,2.464,2.464,0.0,2.464,0
2020-11-23,2.458,2.458,2.458,2.458,0.0,2.458,0
2020-11-24,2.46,2.46,2.46,2.46,0.0,2.46,0
2020-11-25,2.443,2.443,2.443,2.443,0.0,2.443,0
2020-11-27,2.439,2.439,2.439,2.439,0.0,2.439,0
2020-11-30,2.425,2.425,2.425,2.425,0.0,2.425,0
2020-12-01,2.487,2.487,2.487,2.487,0.0,2.487,0
2020-12-02,2.512,2.512,2.512,2.512,0.0,2.512,0
2020-12-03,2.484,2.484,2.484,2.484,0.0,2.484,0
2020-12-04,2.504,2.504,2.504,2.504,0.0,2.504,0
2020-12-07,2.475,2.475,2.475,2.475,0.0,2.475,0
2020-12-08,2.463,2.463,2.463,2.463,0.0,2.463,0
2020-12-09,2.473,2.473,2.473,2.473,0.0,2.473,0
2020-12-10,2.478,2.478,2.478,2.478,0.0,2.478,0
2020-12-11,2.497,2.497,2.497,2.497,0.0,2.497,0
2020-12-14,2.491,2.491,2.491,2.491,0.0,2.491,0
2020-12-15,2.476,2.476,2.476,2.476,0.0,2.476,0
2020-12-16,2.488,2.488,2.488,2.488,0.0,2.488,0
2020-12-17,2.476,2.476,2.476,2.476,0.0,2.476,0
2020-12-18,2.49,2.49,2.49,2.49,0.0,2.49,0
2020-12-21,2.461,2.461,2.461,2.461,0.0,2.461,0
2020-12-22,2.506,2.506,2.506,2.506,0.0,2.506,0
2020-12-23,2.501,2.501,2.501,2.501,0.0,2.501,0
2020-12-24,2.513,2.513,2.513,2.513,0.0,2.513,0
2020-12-28,2.432,2.432,2.432,2.432,0.0,2.432,0
2020-12-29,2.501,2.501,2.501,2.501,0.0,2.501,0
2020-12-30,2.472,2.472,2.472,2.472,0.0,2.472,0
2020-12-31,2.499,2.499,2.499,2.499,0.0,2.499,0
2021-01-04,2.507,2.507,2.507,2.507,0.0,2.507,0
2021-01-05,2.522,2.522,2.522,2.522,0.0,2.522,0
2021-01-06,2.555,2.555,2.555,2.555,0.0,2.555,0
2021-01-07,2.523,2.523,2.523,2.523,0.0,2.523,0
2021-01-08,2.507,2.507,2.507,2.507,0.0,2.507,0
2021-01-11,2.51,2.51,2.51,2.51,0.0,2.51,0
2021-01-12,2.517,2.517,2.517,2.517,0.0,2.517,0
2021-01-13,2.548,2.548,2.548,2.548,0.0,2.548,0
2021-01-14,2.496,2.496,2.496,2.496,0.0,2.496,0
2021-01-15,2.532,2.532,2.532,2.532,0.0,2.532,0
2021-01-19,2.538,2.538,2.538,2.538,0.0,2.538,0
2021-01-20,2.552,2.552,2.552,2.552,0.0,2.552,0
2021-01-21,2.55,2.55,2.55,2.55,0.0,2.55,0
2021-01-22,2.561,2.561,2.561,2.561,0.0,2.561,0
2021-01-25,2.518,2.518,2.518,2.518,0.0,2.518,0
2021-01-26,2.547,2.547,2.547,2.547,0.0,2.547,0
2021-01-27,2.562,2.562,2.562,2.562,0.0,2.562,0
2021-01-28,2.561,2.561,2.561,2.561,0.0,2.561,0
2021-01-29,2.555,2.555,2.555,2.555,0.0,2.555,0
2021-02-01,2.559,2.559,2.559,2.559,0.0,2.559,0
2021-02-02,2.555,2.555,2.555,2.555,0.0,2.555,0
2021-02-03,2.536,2.536,2.536,2.536,0.0,2.536,0
2021-02-04,2.512,2.512,2.512,2.512,0.0,2.512,0
2021-02-05,2.521,2.521,2.521,2.521,0.0,2.521,0
2021-02-08,2.541,2.541,2.541,2.541,0.0,2.541,0
2021-02-09,2.541,2.541,2.541,2.541,0.0,2.541,0
2021-02-10,2.546,2.546,2.546,2.546,0.0,2.546,0
2021-02-11,2.533,2.533,2.533,2.533,0.0,2.533,0
2021-02-12,2.527,2.527,2.527,2.527,0.0,2.527,0
2021-02-16,2.544,2.544,2.544,2.544,0.0,2.544,0
2021-02-17,2.539,2.539,2.539,2.539,0.0,2.539,0
2021-02-18,2.529,2.529,2.529,2.529,0.0,2.529,0
2021-02-19,2.525,2.525,2.525,2.525,0.0,2.525,0
2021-02-22,2.527,2.527,2.527,2.527,0.0,2.527,0
2021-02-23,2.532,2.532,2.532,2.532,0.0,2.532,0
2021-02-24,2.526,2.526,2.526,2.526,0.0,2.526,0
2021-02-25,2.475,2.475,2.475,2.475,0.0,2.475,0
2021-02-26,2.495,2.495,2.495,2.495,0.0,2.495,0
2021-03-01,2.513,2.513,2.513,2.513,0.0,2.513,0
2021-03-02,2.522,2.522,2.522,2.522,0.0,2.522,0
2021-03-03,2.497,2.497,2.497,2.497,0.0,2.497,0
2021-03-04,2.465,2.465,2.465,2.465,0.0,2.465,0
2021-03-05,2.471,2.471,2.471,2.471,0.0,2.471,0
2021-03-08,2.489,2.489,2.489,2.489,0.0,2.489,0
2021-03-09,2.496,2.496,2.496,2.496,0.0,2.496,0
2021-03-10,2.494,2.494,2.494,2.494,0.0,2.494,0
2021-03-11,2.491,2.491,2.491,2.491,0.0,2.491,0
2021-03-12,2.508,2.508,2.508,2.508,0.0,2.508,0
2021-03-15,2.481,2.481,2.481,2.481,0.0,2.481,0
2021-03-16,2.513,2.513,2.513,2.513,0.0,2.513,0
2021-03-17,2.494,2.494,2.494,2.494,0.0,2.494,0
2021-03-18,2.508,2.508,2.508,2.508,0.0,2.508,0
2021-03-19,2.514,2.514,2.514,2.514,0.0,2.514,0
2021-03-22,2.51,2.51,2.51,2.51,0.0,2.51,0
2021-03-23,2.524,2.524,2.524,2.524,0.0,2.524,0
2021-03-24,2.527,2.527,2.527,2.527,0.0,2.527,0
2021-03-25,2.527,2.527,2.527,2.527,0.0,2.527,0
2021-03-26,2.529,2.529,2.529,2.529,0.0,2.529,0
2021-03-29,2.573,2.573,2.573,2.573,0.0,2.573,0
2021-03-30,2.584,2.584,2.584,2.584,0.0,2.584,0
2021-03-31,2.58,2.58,2.58,2.58,0.0,2.58,0
2021-04-01,2.609,2.609,2.609,2.609,0.0,2.609,0
2021-04-05,2.596,2.596,2.596,2.596,0.0,2.596,0
2021-04-06,2.579,2.579,2.579,2.579,0.0,2.579,0
2021-04-07,2.582,2.582,2.582,2.582,0.0,2.582,0
2021-04-08,2.582,2.582,2.582,2.582,0.0,2.582,0
2021-04-09,2.616,2.616,2.616,2.616,0.0,2.616,0
2021-04-12,2.625,2.625,2.625,2.625,0.0,2.625,0
2021-04-13,2.608,2.608,2.608,2.608,0.0,2.608,0
2021-04-14,2.617,2.617,2.617,2.617,0.0,2.617,0
2021-04-15,2.621,2.621,2.621,2.621,0.0,2.621,0
2021-04-16,2.634,2.634,2.634,2.634,0.0,2.634,0
2021-04-19,2.628,2.628,2.628,2.628,0.0,2.628,0
2021-04-20,2.579,2.579,2.579,2.579,0.0,2.579,0
2021-04-21,2.564,2.564,2.564,2.564,0.0,2.564,0
2021-04-22,2.545,2.545,2.545,2.545,0.0,2.545,0
2021-04-23,2.553,2.553,2.553,2.553,0.0,2.553,0
2021-04-26,2.573,2.573,2.539,2.539,4.0,2.573,1
2021-04-27,2.518,2.518,2.518,2.518,0.0,2.518,0
2021-04-28,2.53,2.53,2.53,2.53,0.0,2.53,0
2021-04-29,2.532,2.532,2.532,2.532,0.0,2.532,0
2021-04-30,2.557,2.557,2.557,2.557,0.0,2.557,0
2021-05-03,2.56,2.56,2.56,2.56,0.0,2.56,0
2021-05-04,2.569,2.569,2.569,2.569,0.0,2.569,0
2021-05-05,2.571,2.571,2.571,2.571,0.0,2.571,0
2021-05-06,2.561,2.561,2.561,2.561,0.0,2.561,0
2021-05-07,2.568,2.568,2.568,2.568,0.0,2.568,0
2021-05-10,2.571,2.571,2.571,2.571,0.0,2.571,0
2021-05-11,2.568,2.568,2.568,2.568,0.0,2.568,0
2021-05-12,2.57,2.57,2.567,2.567,6.0,2.57,1
2021-05-13,2.557,2.557,2.557,2.557,0.0,2.557,0
2021-05-14,2.563,2.563,2.563,2.563,0.0,2.563,0
2021-05-17,2.567,2.567,2.567,2.567,0.0,2.567,0
2021-05-18,2.536,2.536,2.536,2.536,0.0,2.536,0
2021-05-19,2.54,2.54,2.54,2.54,0.0,2.54,0
2021-05-20,2.545,2.545,2.545,2.545,0.0,2.545,0
2021-05-21,2.557,2.557,2.557,2.557,0.0,2.557,0
2021-05-24,2.551,2.551,2.551,2.551,0.0,2.551,0
2021-05-25,2.562,2.562,2.562,2.562,0.0,2.562,0
2021-05-26,2.531,2.531,2.531,2.531,0.0,2.531,0
2021-05-27,2.528,2.528,2.528,2.528,0.0,2.528,0
2021-05-28,2.551,2.551,2.551,2.551,0.0,2.551,0
2021-06-01,2.533,2.533,2.533,2.533,0.0,2.533,0
2021-06-02,2.543,2.543,2.543,2.543,0.0,2.543,0
2021-06-03,2.525,2.525,2.525,2.525,0.0,2.525,0
2021-06-04,2.576,2.576,2.576,2.576,0.0,2.576,0
2021-06-07,2.547,2.547,2.547,2.547,0.0,2.547,0
2021-06-08,2.553,2.553,2.553,2.553,0.0,2.553,0
2021-06-09,2.56,2.56,2.56,2.56,0.0,2.56,0
2021-06-10,2.549,2.549,2.549,2.549,0.0,2.549,0
2021-06-11,2.548,2.548,2.548,2.548,0.0,2.548,0
2021-06-14,2.557,2.557,2.557,2.557,0.0,2.557,0
2021-06-15,2.542,2.542,2.542,2.542,0.0,2.542,0
2021-06-16,2.595,2.595,2.595,2.595,0.0,2.595,0
2021-06-17,2.6,2.6,2.6,2.6,0.0,2.6,0
2021-06-18,2.609,2.609,2.609,2.609,0.0,2.609,0
2021-06-21,2.606,2.606,2.606,2.606,0.0,2.606,0
2021-06-22,2.606,2.606,2.606,2.606,0.0,2.606,0
2021-06-23,2.607,2.607,2.607,2.607,0.0,2.607,0
2021-06-24,2.595,2.595,2.595,2.595,0.0,2.595,0
2021-06-25,2.656,2.656,2.656,2.656,0.0,2.656,0
2021-06-28,2.666,2.666,2.666,2.666,0.0,2.666,0
2021-06-29,2.694,2.694,2.694,2.694,0.0,2.694,0
2021-06-30,2.714,2.714,2.69,2.69,2.0,2.714,1
2021-07-01,2.678,2.678,2.678,2.678,0.0,2.678,0
2021-07-02,2.67,2.67,2.67,2.67,0.0,2.67,0
2021-07-06,2.662,2.662,2.662,2.662,0.0,2.662,0
2021-07-07,2.674,2.674,2.674,2.674,0.0,2.674,0
2021-07-08,2.686,2.686,2.686,2.686,0.0,2.686,0
2021-07-09,2.692,2.692,2.692,2.692,0.0,2.692,0
2021-07-12,2.697,2.697,2.697,2.697,0.0,2.697,0
2021-07-13,2.696,2.696,2.696,2.696,0.0,2.696,0
2021-07-14,2.689,2.689,2.689,2.689,0.0,2.689,0
2021-07-15,2.697,2.697,2.697,2.697,0.0,2.697,0
2021-07-16,2.713,2.713,2.713,2.713,0.0,2.713,0
2021-07-19,2.723,2.723,2.723,2.723,0.0,2.723,0
2021-07-20,2.725,2.725,2.725,2.725,0.0,2.725,0
2021-07-21,2.73,2.73,2.73,2.73,0.0,2.73,0
2021-07-22,2.732,2.732,2.732,2.732,0.0,2.732,0
2021-07-23,2.738,2.738,2.738,2.738,0.0,2.738,0
2021-07-26,2.746,2.746,2.746,2.746,0.0,2.746,0
2021-07-27,2.716,2.716,2.716,2.716,0.0,2.716,0
2021-07-28,2.708,2.708,2.708,2.708,0.0,2.708,0
2021-07-29,2.683,2.683,2.683,2.683,0.0,2.683,0
2021-07-30,2.703,2.703,2.703,2.703,0.0,2.703,0
2021-08-02,2.717,2.717,2.717,2.717,0.0,2.717,0
2021-08-03,2.709,2.709,2.709,2.709,0.0,2.709,0
2021-08-04,2.719,2.719,2.719,2.719,0.0,2.719,0
2021-08-05,2.684,2.684,2.684,2.684,0.0,2.684,0
2021-08-06,2.693,2.693,2.693,2.693,0.0,2.693,0
2021-08-09,2.709,2.709,2.709,2.709,0.0,2.709,0
2021-08-10,2.706,2.706,2.706,2.706,0.0,2.706,0
2021-08-11,2.721,2.721,2.721,2.721,0.0,2.721,0
2021-08-12,2.802,2.802,2.802,2.802,0.0,2.802,0
2021-08-13,2.769,2.769,2.769,2.769,0.0,2.769,0
2021-08-16,2.781,2.781,2.781,2.781,0.0,2.781,0
2021-08-17,2.794,2.794,2.794,2.794,0.0,2.794,0
2021-08-18,2.792,2.792,2.792,2.792,0.0,2.792,0
2021-08-19,2.803,2.803,2.803,2.803,0.0,2.803,0
2021-08-20,2.802,2.802,2.802,2.802,0.0,2.802,0
2021-08-23,2.804,2.804,2.804,2.804,0.0,2.804,0
2021-08-24,2.8,2.8,2.8,2.8,0.0,2.8,0
2021-08-25,2.817,2.817,2.817,2.817,0.0,2.817,0
2021-08-26,2.868,2.868,2.868,2.868,0.0,2.868,0
2021-08-27,2.87,2.87,2.87,2.87,0.0,2.87,0
2021-08-30,2.873,2.873,2.873,2.873,0.0,2.873,0
2021-08-31,2.862,2.862,2.862,2.862,0.0,2.862,0
2021-09-01,2.871,2.871,2.871,2.871,0.0,2.871,0
2021-09-02,2.871,2.871,2.871,2.871,0.0,2.871,0
2021-09-03,2.895,2.895,2.895,2.895,0.0,2.895,0
2021-09-07,2.945,2.945,2.945,2.945,0.0,2.945,0
2021-09-08,2.997,2.997,2.997,2.997,0.0,2.997,0
2021-09-09,3.077,3.077,3.077,3.077,0.0,3.077,0
2021-09-10,3.059,3.059,3.059,3.059,0.0,3.059,0
2021-09-13,3.074,3.074,3.074,3.074,0.0,3.074,0
2021-09-14,3.047,3.047,3.047,3.047,0.0,3.047,0
2021-09-15,2.998,2.998,2.998,2.998,0.0,2.998,0
2021-09-16,3.001,3.001,3.001,3.001,0.0,3.001,0
2021-09-17,2.994,2.994,2.994,2.994,0.0,2.994,0
2021-09-20,3.03,3.03,3.03,3.03,0.0,3.03,0
2021-09-21,3.047,3.047,3.047,3.047,0.0,3.047,0
2021-09-22,3.064,3.064,3.064,3.064,0.0,3.064,0
2021-09-23,3.071,3.071,3.071,3.071,0.0,3.071,0
2021-09-24,3.012,3.012,3.012,3.012,0.0,3.012,0
2021-09-27,3.005,3.005,3.005,3.005,0.0,3.005,0
2021-09-28,2.928,2.928,2.928,2.928,0.0,2.928,0
2021-09-29,2.909,2.909,2.909,2.909,0.0,2.909,0
2021-09-30,2.916,2.916,2.916,2.916,0.0,2.916,0
2021-10-01,2.906,2.906,2.906,2.906,0.0,2.906,0
2021-10-04,2.915,2.915,2.915,2.915,0.0,2.915,0
2021-10-05,2.93,2.93,2.93,2.93,0.0,2.93,0
2021-10-06,2.968,2.968,2.968,2.968,0.0,2.968,0
2021-10-07,2.968,2.968,2.968,2.968,0.0,2.968,0
2021-10-08,3.009,3.009,3.009,3.009,0.0,3.009,0
2021-10-11,2.995,2.995,2.995,2.995,0.0,2.995,0
2021-10-12,2.997,2.997,2.997,2.997,0.0,2.997,0
2021-10-13,3.002,3.002,3.002,3.002,0.0,3.002,0
2021-10-14,3.037,3.037,3.037,3.037,0.0,3.037,0
2021-10-15,3.048,3.048,3.048,3.048,0.0,3.048,0
2021-10-18,3.054,3.054,3.054,3.054,0.0,3.054,0
2021-10-19,3.051,3.051,3.051,3.051,0.0,3.051,0
2021-10-20,3.054,3.054,3.054,3.054,0.0,3.054,0
2021-10-21,3.05,3.05,3.05,3.05,0.0,3.05,0
2021-10-22,3.055,3.055,3.055,3.055,0.0,3.055,0
2021-10-25,3.098,3.098,3.098,3.098,0.0,3.098,0
2021-10-26,3.076,3.076,3.076,3.076,0.0,3.076,0
2021-10-27,3.013,3.013,3.013,3.013,0.0,3.013,0
2021-10-28,3.014,3.014,3.014,3.014,0.0,3.014,0
2021-10-29,2.965,2.965,2.965,2.965,0.0,2.965,0
2021-11-01,2.86,2.86,2.86,2.86,0.0,2.86,0
2021-11-02,2.921,2.921,2.921,2.921,0.0,2.921,0
2021-11-03,2.915,2.915,2.915,2.915,0.0,2.915,0
2021-11-04,2.939,2.939,2.939,2.939,0.0,2.939,0
2021-11-05,2.949,2.949,2.949,2.949,0.0,2.949,0
2021-11-08,3.032,3.032,3.032,3.032,0.0,3.032,0
2021-11-09,2.97,3.028,2.97,3.028,2.0,2.97,1
2021-11-10,3.054,3.054,3.054,3.054,0.0,3.054,0
2021-11-11,3.071,3.071,3.071,3.071,0.0,3.071,0
2021-11-12,3.007,3.007,3.007,3.007,0.0,3.007,0
2021-11-15,3.02,3.02,3.02,3.02,0.0,3.02,0
2021-11-16,3.091,3.091,3.091,3.091,0.0,3.091,0
2021-11-17,3.022,3.022,3.022,3.022,0.0,3.022,0
2021-11-18,3.01,3.01,3.01,3.01,0.0,3.01,0
2021-11-19,2.974,2.974,2.974,2.974,0.0,2.974,0
2021-11-22,2.956,2.956,2.956,2.956,0.0,2.956,0
2021-11-23,3.003,3.003,3.003,3.003,0.0,3.003,0
2021-11-24,3.001,3.001,3.001,3.001,0.0,3.001,0
2021-11-26,3.04,3.04,3.04,3.04,0.0,3.04,0
2021-11-29,3.032,3.032,3.032,3.032,0.0,3.032,0
2021-11-30,3.005,3.005,3.005,3.005,0.0,3.005,0
2021-12-01,3.013,3.013,3.013,3.013,0.0,3.013,0
2021-12-02,3.017,3.017,3.017,3.017,0.0,3.017,0
2021-12-03,3.027,3.027,3.027,3.027,0.0,3.027,0
2021-12-06,2.999,2.999,2.999,2.999,0.0,2.999,0
2021-12-07,3.003,3.003,3.003,3.003,0.0,3.003,0
2021-12-08,2.927,2.927,2.927,2.927,0.0,2.927,0
2021-12-09,2.946,2.946,2.946,2.946,0.0,2.946,0
2021-12-10,2.976,2.976,2.976,2.976,0.0,2.976,0
2021-12-13,2.88,2.88,2.88,2.88,0.0,2.88,0
2021-12-14,2.918,2.918,2.918,2.918,0.0,2.918,0
2021-12-15,2.949,2.949,2.949,2.949,0.0,2.949,0
2021-12-16,2.942,2.942,2.942,2.942,0.0,2.942,0
2021-12-17,2.955,2.955,2.955,2.955,0.0,2.955,0
2021-12-20,2.97,2.97,2.97,2.97,0.0,2.97,0
2021-12-21,2.954,2.954,2.954,2.954,0.0,2.954,0
2021-12-22,2.955,2.955,2.955,2.955,0.0,2.955,0
2021-12-23,2.918,2.918,2.918,2.918,0.0,2.918,0
2021-12-27,2.904,2.904,2.904,2.904,0.0,2.904,0
2021-12-28,2.927,2.927,2.927,2.927,0.0,2.927,0
2021-12-29,2.939,2.939,2.939,2.939,0.0,2.939,0
2021-12-30,2.927,2.927,2.927,2.927,0.0,2.927,0
2021-12-31,2.97,2.97,2.97,2.97,0.0,2.97,0
2022-01-03,2.952,2.952,2.952,2.952,0.0,2.952,0
2022-01-04,2.951,2.951,2.951,2.951,0.0,2.951,0
2022-01-05,2.945,2.945,2.945,2.945,0.0,2.945,0
2022-01-06,2.959,2.959,2.959,2.959,0.0,2.959,0
2022-01-07,2.992,2.992,2.992,2.992,0.0,2.992,0
2022-01-10,2.997,2.997,2.997,2.997,0.0,2.997,0
2022-01-11,2.986,2.986,2.986,2.986,0.0,2.986,0
2022-01-12,2.961,2.961,2.961,2.961,0.0,2.961,0
2022-01-13,2.964,2.964,2.964,2.964,0.0,2.964,0
2022-01-14,2.94,2.94,2.94,2.94,0.0,2.94,0
2022-01-18,2.959,2.959,2.959,2.959,0.0,2.959,0
2022-01-19,3.0,3.006,3.0,3.006,4.0,3.0,1
2022-01-20,3.009,3.009,3.009,3.009,0.0,3.009,0
2022-01-21,2.997,2.997,2.997,2.997,0.0,2.997,0
2022-01-24,2.986,2.986,2.986,2.986,0.0,2.986,0
2022-01-25,3.006,3.006,3.006,3.006,0.0,3.006,0
2022-01-26,3.007,3.007,3.007,3.007,0.0,3.007,0
2022-01-27,2.992,2.992,2.992,2.992,0.0,2.992,0
2022-01-28,2.985,2.985,2.985,2.985,0.0,2.985,0
2022-01-31,2.984,2.984,2.984,2.984,0.0,2.984,0
2022-02-01,2.969,2.969,2.969,2.969,0.0,2.969,0
2022-02-02,2.988,2.988,2.988,2.988,0.0,2.988,0
2022-02-03,2.979,2.979,2.979,2.979,0.0,2.979,0
2022-02-04,3.009,3.009,3.009,3.009,0.0,3.009,0
2022-02-07,3.025,3.025,3.025,3.025,0.0,3.025,0
2022-02-08,3.017,3.017,3.017,3.017,0.0,3.017,0
2022-02-09,3.012,3.012,3.012,3.012,0.0,3.012,0
2022-02-10,3.019,3.019,3.019,3.019,0.0,3.019,0
2022-02-11,3.059,3.059,3.059,3.059,0.0,3.059,0
2022-02-14,3.1,3.1,3.1,3.1,0.0,3.1,0
2022-02-15,3.088,3.088,3.088,3.088,0.0,3.088,0
2022-02-16,3.117,3.117,3.117,3.117,0.0,3.117,0
2022-02-17,3.11,3.11,3.11,3.11,0.0,3.11,0
2022-02-18,3.11,3.11,3.11,3.11,0.0,3.11,0
2022-02-22,3.155,3.155,3.155,3.155,0.0,3.155,0
2022-02-23,3.241,3.241,3.241,3.241,0.0,3.241,0
2022-02-24,3.284,3.284,3.284,3.284,0.0,3.284,0
2022-02-25,3.19,3.19,3.19,3.19,0.0,3.19,0
2022-02-28,3.267,3.267,3.267,3.267,0.0,3.267,0
2022-03-01,3.338,3.338,3.338,3.338,0.0,3.338,0
2022-03-02,3.405,3.405,3.405,3.405,0.0,3.405,0
2022-03-03,3.348,3.348,3.348,3.348,0.0,3.348,0
2022-03-04,3.401,3.401,3.401,3.401,0.0,3.401,0
2022-03-07,3.471,3.471,3.471,3.471,0.0,3.471,0
2022-03-08,3.518,3.518,3.518,3.518,0.0,3.518,0
2022-03-09,3.497,3.497,3.497,3.497,0.0,3.497,0
2022-03-10,3.413,3.413,3.413,3.413,0.0,3.413,0
2022-03-11,3.394,3.394,3.394,3.394,0.0,3.394,0
2022-03-14,3.437,3.437,3.437,3.437,0.0,3.437,0
2022-03-15,3.419,3.419,3.419,3.419,0.0,3.419,0
2022-03-16,3.43,3.43,3.43,3.43,0.0,3.43,0
2022-03-17,3.447,3.447,3.447,3.447,0.0,3.447,0
2022-03-18,3.399,3.399,3.399,3.399,0.0,3.399,0
2022-03-21,3.385,3.385,3.385,3.385,0.0,3.385,0
2022-03-22,3.396,3.396,3.396,3.396,0.0,3.396,0
2022-03-23,3.407,3.407,3.407,3.407,0.0,3.407,0
2022-03-24,3.433,3.433,3.433,3.433,0.0,3.433,0
2022-03-25,3.479,3.479,3.479,3.479,0.0,3.479,0
2022-03-28,3.571,3.571,3.571,3.571,0.0,3.571,0
2022-03-29,3.585,3.585,3.585,3.585,0.0,3.585,0
2022-03-30,3.698,3.698,3.698,3.698,0.0,3.698,0
2022-03-31,3.791,3.791,3.791,3.791,0.0,3.791,0
2022-04-01,3.848,3.848,3.848,3.848,0.0,3.848,0
2022-04-04,3.915,3.915,3.915,3.915,0.0,3.915,0
2022-04-05,3.97,3.97,3.944,3.944,4.0,3.97,1
2022-04-06,3.996,3.996,3.996,3.996,0.0,3.996,0
2022-04-07,3.985,3.985,3.985,3.985,0.0,3.985,0
2022-04-08,3.958,3.958,3.958,3.958,0.0,3.958,0
2022-04-11,4.007,4.007,4.007,4.007,0.0,4.007,0
2022-04-12,4.029,4.029,4.029,4.029,0.0,4.029,0
2022-04-13,4.067,4.067,4.067,4.067,0.0,4.067,0
2022-04-14,4.069,4.069,4.069,4.069,0.0,4.069,0
2022-04-18,4.084,4.084,4.084,4.084,0.0,4.084,0
2022-04-19,4.062,4.062,4.062,4.062,0.0,4.062,0
2022-04-20,4.053,4.053,4.053,4.053,0.0,4.053,0
2022-04-21,3.976,3.976,3.976,3.976,0.0,3.976,0
2022-04-22,3.803,3.803,3.803,3.803,0.0,3.803,0
2022-04-25,3.818,3.818,3.818,3.818,0.0,3.818,0
2022-04-26,3.83,3.883,3.83,3.883,1.0,3.83,1
2022-04-27,3.848,3.848,3.848,3.848,0.0,3.848,0
2022-04-28,3.844,3.844,3.844,3.844,0.0,3.844,0
2022-04-29,3.837,3.837,3.837,3.837,0.0,3.837,0
2022-05-02,3.907,3.907,3.907,3.907,0.0,3.907,0
2022-05-03,3.963,3.963,3.963,3.963,0.0,3.963,0
2022-05-04,4.013,4.013,4.013,4.013,0.0,4.013,0
2022-05-05,4.046,4.046,4.046,4.046,0.0,4.046,0
2022-05-06,4.012,4.012,4.012,4.012,0.0,4.012,0
2022-05-09,3.935,3.935,3.935,3.935,0.0,3.935,0
2022-05-10,3.983,3.983,3.983,3.983,0.0,3.983,0
2022-05-11,4.042,4.042,4.042,4.042,0.0,4.042,0
2022-05-12,4.052,4.052,4.052,4.052,0.0,4.052,0
2022-05-13,4.096,4.096,4.096,4.096,0.0,4.096,0
2022-05-16,4.126,4.126,4.126,4.126,0.0,4.126,0
2022-05-17,4.113,4.113,4.113,4.113,0.0,4.113,0
2022-05-18,4.154,4.154,4.154,4.154,0.0,4.154,0
2022-05-19,4.093,4.093,4.093,4.093,0.0,4.093,0
2022-05-20,4.102,4.102,4.102,4.102,0.0,4.102,0
2022-05-23,4.143,4.143,4.143,4.143,0.0,4.143,0
2022-05-24,4.122,4.122,4.122,4.122,0.0,4.122,0
2022-05-25,4.153,4.153,4.153,4.153,0.0,4.153,0
2022-05-26,4.182,4.182,4.182,4.182,0.0,4.182,0
2022-05-27,4.206,4.206,4.206,4.206,0.0,4.206,0
2022-05-31,4.137,4.137,4.137,4.137,0.0,4.137,0
2022-06-01,4.301,4.301,4.301,4.301,0.0,4.301,0
2022-06-02,4.286,4.286,4.286,4.286,0.0,4.286,0
2022-06-03,4.333,4.333,4.333,4.333,0.0,4.333,0
2022-06-06,4.432,4.432,4.432,4.432,0.0,4.432,0
2022-06-07,4.437,4.437,4.437,4.437,0.0,4.437,0
2022-06-08,4.492,4.492,4.492,4.492,0.0,4.492,0
2022-06-09,4.578,4.578,4.578,4.578,0.0,4.578,0
2022-06-10,4.621,4.621,4.621,4.621,0.0,4.621,0
2022-06-13,4.564,4.564,4.564,4.564,0.0,4.564,0
2022-06-14,4.486,4.486,4.486,4.486,0.0,4.486,0
2022-06-15,4.547,4.547,4.547,4.547,0.0,4.547,0
2022-06-16,4.561,4.561,4.561,4.561,0.0,4.561,0
2022-06-17,4.442,4.442,4.442,4.442,0.0,4.442,0
2022-06-21,4.429,4.429,4.429,4.429,0.0,4.429,0
2022-06-22,4.484,4.484,4.484,4.484,0.0,4.484,0
2022-06-23,4.478,4.478,4.478,4.478,0.0,4.478,0
2022-06-24,4.254,4.254,4.254,4.254,0.0,4.254,0
2022-06-27,4.296,4.296,4.296,4.296,0.0,4.296,0
2022-06-28,4.266,4.266,4.266,4.266,0.0,4.266,0
2022-06-29,4.216,4.216,4.216,4.216,0.0,4.216,0
2022-06-30,3.961,3.961,3.961,3.961,0.0,3.961,0
2022-07-01,4.049,4.049,4.049,4.049,0.0,4.049,0
2022-07-04,4.049,4.049,4.049,4.049,0.0,4.049,0
2022-07-05,4.0,4.0,3.899,3.899,1.0,4.0,1
2022-07-06,3.991,3.991,3.991,3.991,0.0,3.991,0
2022-07-07,4.084,4.084,4.084,4.084,0.0,4.084,0
2022-07-08,4.083,4.083,4.083,4.083,0.0,4.083,0
2022-07-11,4.117,4.117,4.117,4.117,0.0,4.117,0
2022-07-12,4.019,4.019,4.019,4.019,0.0,4.019,0
2022-07-13,4.081,4.081,4.081,4.081,0.0,4.081,0
2022-07-14,4.003,4.003,4.003,4.003,0.0,4.003,0
2022-07-15,4.077,4.077,4.077,4.077,0.0,4.077,0
2022-07-18,4.024,4.024,4.024,4.024,0.0,4.024,0
2022-07-19,4.051,4.051,4.051,4.051,0.0,4.051,0
2022-07-20,4.194,4.194,4.194,4.194,0.0,4.194,0
2022-07-21,4.099,4.099,4.099,4.099,0.0,4.099,0
2022-07-22,4.103,4.103,4.103,4.103,0.0,4.103,0
2022-07-25,4.159,4.159,4.159,4.159,0.0,4.159,0
2022-07-26,4.186,4.186,4.186,4.186,0.0,4.186,0
2022-07-27,4.184,4.184,4.184,4.184,0.0,4.184,0
2022-07-28,4.16,4.16,4.16,4.16,0.0,4.16,0
2022-07-29,4.185,4.185,4.185,4.185,0.0,4.185,0
2022-08-01,4.168,4.168,4.168,4.168,0.0,4.168,0
2022-08-02,4.17,4.17,4.17,4.17,0.0,4.17,0
2022-08-03,4.202,4.202,4.202,4.202,0.0,4.202,0
2022-08-04,4.183,4.183,4.183,4.183,0.0,4.183,0
2022-08-05,4.186,4.186,4.186,4.186,0.0,4.186,0
2022-08-08,4.148,4.148,4.148,4.148,0.0,4.148,0
2022-08-09,4.185,4.185,4.185,4.185,0.0,4.185,0
2022-08-10,4.215,4.215,4.215,4.215,0.0,4.215,0
2022-08-11,4.312,4.312,4.312,4.312,0.0,4.312,0
2022-08-12,4.3,4.3,4.3,4.3,0.0,4.3,0
2022-08-15,4.393,4.393,4.393,4.393,0.0,4.393,0
2022-08-16,4.432,4.432,4.432,4.432,0.0,4.432,0
2022-08-17,4.415,4.415,4.415,4.415,0.0,4.415,0
2022-08-18,4.421,4.421,4.421,4.421,0.0,4.421,0
2022-08-19,4.437,4.437,4.437,4.437,0.0,4.437,0
2022-08-22,4.496,4.496,4.496,4.496,0.0,4.496,0
2022-08-23,4.503,4.503,4.503,4.503,0.0,4.503,0
2022-08-24,4.533,4.533,4.533,4.533,0.0,4.533,0
2022-08-25,4.595,4.595,4.595,4.595,0.0,4.595,0
2022-08-26,4.637,4.637,4.637,4.637,0.0,4.637,0
2022-08-29,4.67,4.67,4.67,4.67,0.0,4.67,0
2022-08-30,4.677,4.677,4.677,4.677,0.0,4.677,0
2022-08-31,4.712,4.712,4.712,4.712,0.0,4.712,0
2022-09-01,4.78,4.78,4.78,4.78,0.0,4.78,0
2022-09-02,4.867,4.867,4.867,4.867,0.0,4.867,0
2022-09-05,4.867,4.867,4.867,4.867,0.0,4.867,0
2022-09-06,4.858,4.858,4.858,4.858,0.0,4.858,0
2022-09-07,4.8,4.8,4.8,4.8,0.0,4.8,0
2022-09-08,4.753,4.753,4.753,4.753,0.0,4.753,0
2022-09-09,4.804,4.804,4.804,4.804,0.0,4.804,0
2022-09-12,4.749,4.749,4.749,4.749,0.0,4.749,0
2022-09-13,4.778,4.778,4.778,4.778,0.0,4.778,0
2022-09-14,4.837,4.837,4.837,4.837,0.0,4.837,0
2022-09-15,4.791,4.791,4.791,4.791,0.0,4.791,0
2022-09-16,4.686,4.686,4.686,4.686,0.0,4.686,0
2022-09-19,4.642,4.642,4.642,4.642,0.0,4.642,0
2022-09-20,4.619,4.619,4.619,4.619,0.0,4.619,0
2022-09-21,4.484,4.484,4.484,4.484,0.0,4.484,0
2022-09-22,4.405,4.405,4.332,4.332,1.0,4.405,1
2022-09-23,4.338,4.338,4.338,4.338,0.0,4.338,0
2022-09-26,4.277,4.277,4.277,4.277,0.0,4.277,0
2022-09-27,4.214,4.214,4.214,4.214,0.0,4.214,0
2022-09-28,4.2,4.2,4.15,4.15,1.0,4.2,1
2022-09-29,4.135,4.135,4.135,4.135,0.0,4.135,0
2022-09-30,4.141,4.141,4.141,4.141,0.0,4.141,0
2022-10-03,4.083,4.083,4.083,4.083,0.0,4.083,0
2022-10-04,4.133,4.133,4.133,4.133,0.0,4.133,0
2022-10-05,4.13,4.13,4.13,4.13,0.0,4.13,0
2022-10-06,4.157,4.157,4.157,4.157,0.0,4.157,0
2022-10-07,4.157,4.157,4.157,4.157,0.0,4.157,0
2022-10-10,4.179,4.179,4.179,4.179,0.0,4.179,0
2022-10-11,4.217,4.217,4.217,4.217,0.0,4.217,0
2022-10-12,4.196,4.196,4.196,4.196,0.0,4.196,0
2022-10-13,4.189,4.189,4.189,4.189,0.0,4.189,0
2022-10-14,4.212,4.212,4.212,4.212,0.0,4.212,0
2022-10-17,4.185,4.185,4.185,4.185,0.0,4.185,0
2022-10-18,4.15,4.15,4.15,4.15,0.0,4.15,0
2022-10-19,4.125,4.125,4.125,4.125,0.0,4.125,0
2022-10-20,4.143,4.143,4.143,4.143,0.0,4.143,0
2022-10-21,4.123,4.123,4.123,4.123,0.0,4.123,0
2022-10-24,4.164,4.164,4.164,4.164,0.0,4.164,0
2022-10-25,4.169,4.169,4.169,4.169,0.0,4.169,0
2022-10-26,4.186,4.186,4.186,4.186,0.0,4.186,0
2022-10-27,4.179,4.179,4.179,4.179,0.0,4.179,0
2022-10-28,4.19,4.19,4.19,4.19,0.0,4.19,0
2022-10-31,4.184,4.184,4.184,4.184,0.0,4.184,0
2022-11-01,4.149,4.149,4.149,4.149,0.0,4.149,0
2022-11-02,4.198,4.198,4.198,4.198,0.0,4.198,0
2022-11-03,4.263,4.263,4.263,4.263,0.0,4.263,0
2022-11-04,4.366,4.366,4.366,4.366,0.0,4.366,0
2022-11-07,4.386,4.386,4.386,4.386,0.0,4.386,0
2022-11-08,4.346,4.346,4.346,4.346,0.0,4.346,0
2022-11-09,4.36,4.36,4.36,4.36,0.0,4.36,0
2022-11-10,4.36,4.36,4.36,4.36,0.0,4.36,0
2022-11-11,4.333,4.333,4.333,4.333,0.0,4.333,0
2022-11-14,4.302,4.302,4.302,4.302,0.0,4.302,0
2022-11-15,4.348,4.348,4.348,4.348,0.0,4.348,0
2022-11-16,4.363,4.363,4.363,4.363,0.0,4.363,0
2022-11-17,4.357,4.357,4.357,4.357,0.0,4.357,0
2022-11-18,4.349,4.349,4.349,4.349,0.0,4.349,0
2022-11-21,4.304,4.304,4.304,4.304,0.0,4.304,0
2022-11-22,4.288,4.288,4.288,4.288,0.0,4.288,0
2022-11-23,4.297,4.297,4.297,4.297,0.0,4.297,0
2022-11-24,4.297,4.297,4.297,4.297,0.0,4.297,0
2022-11-25,4.291,4.291,4.291,4.291,0.0,4.291,0
2022-11-28,4.291,4.291,4.291,4.291,0.0,4.291,0
2022-11-29,4.323,4.323,4.323,4.323,0.0,4.323,0
2022-11-30,4.289,4.289,4.289,4.289,0.0,4.289,0
2022-12-01,4.269,4.269,4.269,4.269,0.0,4.269,0
2022-12-02,4.265,4.265,4.265,4.265,0.0,4.265,0
2022-12-05,4.273,4.273,4.273,4.273,0.0,4.273,0
2022-12-06,4.286,4.286,4.286,4.286,0.0,4.286,0
2022-12-07,4.291,4.291,4.291,4.291,0.0,4.291,0
2022-12-08,4.333,4.333,4.333,4.333,0.0,4.333,0
2022-12-09,4.337,4.337,4.337,4.337,0.0,4.337,0
2022-12-12,4.392,4.392,4.392,4.392,0.0,4.392,0
2022-12-13,4.38,4.38,4.38,4.38,0.0,4.38,0
2022-12-14,4.378,4.378,4.378,4.378,0.0,4.378,0
2022-12-15,4.407,4.407,4.407,4.407,0.0,4.407,0
2022-12-16,4.468,4.468,4.468,4.468,0.0,4.468,0
2022-12-19,4.492,4.492,4.492,4.492,0.0,4.492,0
2022-12-20,4.487,4.487,4.487,4.487,0.0,4.487,0
2022-12-21,4.399,4.399,4.399,4.399,0.0,4.399,0
2022-12-22,4.316,4.316,4.316,4.316,0.0,4.316,0
2022-12-23,4.314,4.314,4.314,4.314,0.0,4.314,0
2022-12-27,4.4,4.4,4.4,4.4,0.0,4.4,0
2022-12-28,4.322,4.322,4.322,4.322,0.0,4.322,0
2022-12-29,4.313,4.313,4.313,4.313,0.0,4.313,0
2022-12-30,4.322,4.322,4.322,4.322,0.0,4.322,0
2023-01-03,4.268,4.268,4.268,4.268,0.0,4.268,0
2023-01-04,4.271,4.271,4.271,4.271,0.0,4.271,0
2023-01-05,4.163,4.163,4.163,4.163,0.0,4.163,0
2023-01-06,4.15,4.15,4.107,4.107,1.0,4.15,1
2023-01-09,4.115,4.115,4.115,4.115,0.0,4.115,0
2023-01-10,4.139,4.139,4.139,4.139,0.0,4.139,0
2023-01-11,4.105,4.105,4.105,4.105,0.0,4.105,0
2023-01-12,4.104,4.104,4.104,4.104,0.0,4.104,0
2023-01-13,4.113,4.113,4.113,4.113,0.0,4.113,0
2023-01-16,4.113,4.113,4.113,4.113,0.0,4.113,0
2023-01-17,4.129,4.129,4.129,4.129,0.0,4.129,0
2023-01-18,4.127,4.127,4.127,4.127,0.0,4.127,0
2023-01-19,4.167,4.167,4.167,4.167,0.0,4.167,0
2023-01-20,4.181,4.181,4.181,4.181,0.0,4.181,0
2023-01-23,4.182,4.182,4.182,4.182,0.0,4.182,0
2023-01-24,4.151,4.151,4.151,4.151,0.0,4.151,0
2023-01-25,4.094,4.094,4.094,4.094,0.0,4.094,0
2023-01-26,4.101,4.101,4.101,4.101,0.0,4.101,0
2023-01-27,4.092,4.092,4.092,4.092,0.0,4.092,0
2023-01-30,4.013,4.013,4.013,4.013,0.0,4.013,0
2023-01-31,4.024,4.024,4.024,4.024,0.0,4.024,0
2023-02-01,3.891,3.891,3.891,3.891,0.0,3.891,0
2023-02-02,3.871,3.871,3.871,3.871,0.0,3.871,0
2023-02-03,3.774,3.774,3.774,3.774,0.0,3.774,0
2023-02-10,3.774,3.774,3.774,3.774,0.0,3.774,0
2023-02-13,3.717,3.717,3.717,3.717,0.0,3.717,0
2023-02-14,3.718,3.718,3.718,3.718,0.0,3.718,0
2023-02-15,3.713,3.713,3.713,3.713,0.0,3.713,0
2023-02-16,3.713,3.713,3.713,3.713,0.0,3.713,0
2023-02-17,3.699,3.699,3.699,3.699,0.0,3.699,0
2023-02-20,3.699,3.699,3.699,3.699,0.0,3.699,0
2023-02-21,3.699,3.699,3.699,3.699,0.0,3.699,0
2023-02-22,3.722,3.722,3.722,3.722,0.0,3.722,0
2023-02-23,3.756,3.756,3.756,3.756,0.0,3.756,0
2023-02-24,3.82,3.82,3.82,3.82,0.0,3.82,0
2023-02-27,3.862,3.862,3.862,3.862,0.0,3.862,0
2023-02-28,3.91,3.91,3.91,3.91,0.0,3.91,0
2023-03-01,3.991,3.991,3.991,3.991,0.0,3.991,0
2023-03-02,3.999,3.999,3.999,3.999,0.0,3.999,0
2023-03-03,4.039,4.039,4.039,4.039,0.0,4.039,0
2023-03-06,4.073,4.073,4.073,4.073,0.0,4.073,0
2023-03-07,4.108,4.108,4.108,4.108,0.0,4.108,0
2023-03-08,4.084,4.084,4.084,4.084,0.0,4.084,0
2023-03-09,3.928,3.928,3.928,3.928,0.0,3.928,0
2023-03-10,4.046,4.046,4.046,4.046,0.0,4.046,0
2023-03-13,4.057,4.057,4.057,4.057,0.0,4.057,0
2023-03-14,4.128,4.128,4.128,4.128,0.0,4.128,0
2023-03-15,4.108,4.108,4.108,4.108,0.0,4.108,0
2023-03-16,4.15,4.15,4.15,4.15,0.0,4.15,0
2023-03-17,4.143,4.143,4.143,4.143,0.0,4.143,0
2023-03-20,4.102,4.102,4.102,4.102,0.0,4.102,0
2023-03-21,4.151,4.151,4.151,4.151,0.0,4.151,0
2023-03-22,4.105,4.105,4.105,4.105,0.0,4.105,0
2023-03-23,4.14,4.14,4.14,4.14,0.0,4.14,0
2023-03-24,4.104,4.104,4.104,4.104,0.0,4.104,0
2023-03-27,4.083,4.083,4.083,4.083,0.0,4.083,0
2023-03-28,4.041,4.041,4.041,4.041,0.0,4.041,0
2023-03-29,4.033,4.038,4.033,4.038,17.0,4.033,1
2023-03-30,4.046,4.046,4.046,4.046,0.0,4.046,0
2023-03-31,4.039,4.039,4.039,4.039,0.0,4.039,0
2023-04-03,4.047,4.047,4.047,4.047,0.0,4.047,0
2023-04-04,4.059,4.059,4.059,4.059,0.0,4.059,0
2023-04-05,4.032,4.032,4.032,4.032,0.0,4.032,0
2023-04-06,3.988,3.988,3.988,3.988,0.0,3.988,0
2023-04-10,4.05,4.05,4.05,4.05,0.0,4.05,0
2023-04-11,4.06,4.06,4.06,4.06,0.0,4.06,0
2023-04-12,3.986,3.986,3.986,3.986,0.0,3.986,0
2023-04-13,3.954,3.954,3.954,3.954,0.0,3.954,0
2023-04-14,3.974,3.974,3.974,3.974,0.0,3.974,0
2023-04-17,4.04,4.04,4.04,4.04,0.0,4.04,0
2023-04-18,4.038,4.038,4.038,4.038,0.0,4.038,0
2023-04-19,4.06,4.06,4.06,4.06,0.0,4.06,0
2023-04-20,4.092,4.092,4.092,4.092,0.0,4.092,0
2023-04-21,4.099,4.099,4.099,4.099,0.0,4.099,0
2023-04-24,4.11,4.11,4.11,4.11,0.0,4.11,0
2023-04-25,4.108,4.108,4.108,4.108,0.0,4.108,0
2023-04-26,4.101,4.101,4.101,4.101,0.0,4.101,0
2023-04-27,4.105,4.105,4.105,4.105,0.0,4.105,0
2023-04-28,4.124,4.124,4.124,4.124,0.0,4.124,0
2023-05-01,4.081,4.081,4.081,4.081,0.0,4.081,0
2023-05-02,4.077,4.077,4.077,4.077,0.0,4.077,0
2023-05-03,4.075,4.075,4.075,4.075,0.0,4.075,0
2023-05-04,4.082,4.082,4.082,4.082,0.0,4.082,0
2023-05-05,4.079,4.079,4.079,4.079,0.0,4.079,0
2023-05-08,4.047,4.047,4.047,4.047,0.0,4.047,0
2023-05-09,4.0,4.03,4.0,4.03,4.0,4.0,1
2023-05-10,4.046,4.046,4.046,4.046,0.0,4.046,0
2023-05-11,4.012,4.036,4.012,4.036,1.0,4.012,1
2023-05-12,4.026,4.026,4.026,4.026,0.0,4.026,0
2023-05-15,4.03,4.03,4.03,4.03,0.0,4.03,0
2023-05-16,4.016,4.016,4.016,4.016,0.0,4.016,0
2023-05-17,3.94,3.94,3.94,3.94,0.0,3.94,0
2023-05-18,3.92,3.92,3.92,3.92,0.0,3.92,0
2023-05-19,3.872,3.872,3.872,3.872,0.0,3.872,0
2023-05-22,3.862,3.862,3.862,3.862,0.0,3.862,0
2023-05-23,3.85,3.85,3.85,3.85,0.0,3.85,0
2023-05-24,3.905,3.905,3.905,3.905,0.0,3.905,0
2023-05-25,3.874,3.874,3.874,3.874,0.0,3.874,0
2023-05-26,3.902,3.902,3.902,3.902,0.0,3.902,0
2023-05-29,3.902,3.902,3.902,3.902,0.0,3.902,0
2023-05-30,3.862,3.862,3.862,3.862,0.0,3.862,0
2023-05-31,3.827,3.827,3.827,3.827,0.0,3.827,0
2023-06-01,3.685,3.685,3.685,3.685,0.0,3.685,0
2023-06-02,3.725,3.725,3.725,3.725,0.0,3.725,0
2023-06-05,3.795,3.795,3.795,3.795,0.0,3.795,0
2023-06-06,3.792,3.792,3.792,3.792,0.0,3.792,0
2023-06-07,3.785,3.785,3.766,3.766,1.0,3.785,1
2023-06-08,3.737,3.737,3.737,3.737,0.0,3.737,0
2023-06-09,3.742,3.742,3.742,3.742,0.0,3.742,0
2023-06-12,3.739,3.739,3.739,3.739,0.0,3.739,0
2023-06-13,3.714,3.714,3.714,3.714,0.0,3.714,0
2023-06-14,3.727,3.727,3.727,3.727,0.0,3.727,0
2023-06-15,3.709,3.709,3.709,3.709,0.0,3.709,0
2023-06-16,3.711,3.711,3.694,3.694,1.0,3.711,1
2023-06-19,3.694,3.694,3.694,3.694,0.0,3.694,0
2023-06-20,3.706,3.741,3.706,3.741,1.0,3.706,1
2023-06-21,3.807,3.807,3.807,3.807,0.0,3.807,0
2023-06-22,3.825,3.825,3.825,3.825,0.0,3.825,0
2023-06-23,3.78,3.78,3.78,3.78,0.0,3.78,0
2023-06-26,3.771,3.771,3.771,3.771,0.0,3.771,0
2023-06-27,3.726,3.726,3.726,3.726,0.0,3.726,0
2023-06-28,3.653,3.653,3.653,3.653,0.0,3.653,0
2023-06-29,3.612,3.612,3.612,3.612,0.0,3.612,0
2023-06-30,3.61,3.627,3.61,3.627,1.0,3.61,1
2023-07-03,3.628,3.628,3.628,3.628,0.0,3.628,0
2023-07-04,3.628,3.628,3.628,3.628,0.0,3.628,0
2023-07-05,3.618,3.618,3.618,3.618,0.0,3.618,0
2023-07-06,3.62,3.62,3.62,3.62,0.0,3.62,0
2023-07-07,3.666,3.666,3.666,3.666,0.0,3.666,0
2023-07-10,3.676,3.676,3.676,3.676,0.0,3.676,0
2023-07-11,3.715,3.715,3.715,3.715,0.0,3.715,0
2023-07-12,3.705,3.705,3.705,3.705,0.0,3.705,0
2023-07-13,3.65,3.65,3.65,3.65,0.0,3.65,0
2023-07-14,3.65,3.696,3.65,3.696,7.0,3.65,1
2023-07-17,3.688,3.688,3.688,3.688,0.0,3.688,0
2023-07-18,3.742,3.742,3.742,3.742,0.0,3.742,0
2023-07-19,3.743,3.743,3.733,3.733,1.0,3.743,1
2023-07-20,3.746,3.746,3.746,3.746,0.0,3.746,0
2023-07-21,3.764,3.764,3.764,3.764,0.0,3.764,0
2023-07-24,3.805,3.805,3.805,3.805,0.0,3.805,0
2023-07-25,3.819,3.819,3.819,3.819,0.0,3.819,0
2023-07-26,3.842,3.842,3.842,3.842,0.0,3.842,0
2023-07-27,3.833,3.833,3.833,3.833,0.0,3.833,0
2023-07-28,3.842,3.842,3.842,3.842,0.0,3.842,0
2023-07-31,3.788,3.788,3.788,3.788,0.0,3.788,0
2023-08-01,3.741,3.741,3.741,3.741,0.0,3.741,0
2023-08-02,3.738,3.738,3.738,3.738,0.0,3.738,0
2023-08-03,3.718,3.718,3.718,3.718,0.0,3.718,0
2023-08-04,3.726,3.726,3.726,3.726,0.0,3.726,0
2023-08-07,3.787,3.787,3.787,3.787,0.0,3.787,0
2023-08-08,3.792,3.792,3.792,3.792,0.0,3.792,0
2023-08-09,3.754,3.754,3.754,3.754,0.0,3.754,0
2023-08-10,3.739,3.739,3.739,3.739,0.0,3.739,0
2023-08-11,3.767,3.767,3.767,3.767,0.0,3.767,0
2023-08-14,3.736,3.736,3.736,3.736,0.0,3.736,0
2023-08-15,3.784,3.784,3.784,3.784,0.0,3.784,0
2023-08-16,3.795,3.795,3.795,3.795,0.0,3.795,0
2023-08-17,3.756,3.756,3.756,3.756,0.0,3.756,0
2023-08-18,3.753,3.753,3.753,3.753,0.0,3.753,0
2023-08-21,3.797,3.797,3.797,3.797,0.0,3.797,0
2023-08-22,3.76,3.787,3.73,3.787,10.0,3.746,10
2023-08-23,3.725,3.847,3.705,3.847,392.0,3.7304,16
2023-08-24,3.73,3.777,3.73,3.777,4.0,3.7325,4
2023-08-25,3.73,3.752,3.71,3.752,5.0,3.722,5
2023-08-28,3.735,3.741,3.735,3.741,2.0,3.735,2
2023-08-29,3.714,3.714,3.714,3.714,0.0,3.714,0
2023-08-30,3.769,3.769,3.769,3.769,0.0,3.769,0
2023-08-31,3.785,3.785,3.785,3.785,0.0,3.785,0
2023-09-01,3.763,3.763,3.763,3.763,0.0,3.763,0
2023-09-04,3.763,3.763,3.763,3.763,0.0,3.763,0
2023-09-05,3.724,3.724,3.724,3.724,0.0,3.724,0
2023-09-06,3.69,3.736,3.69,3.736,58.0,3.7163,38
2023-09-07,3.71,3.719,3.69,3.719,2.0,3.7,2
2023-09-08,3.725,3.725,3.725,3.725,0.0,3.725,0
2023-09-11,3.669,3.669,3.669,3.669,0.0,3.669,0
2023-09-12,3.67,3.73,3.67,3.73,21.0,3.6795,3
2023-09-13,3.777,3.777,3.777,3.777,0.0,3.777,0
2023-09-14,3.778,3.778,3.731,3.731,1.0,3.778,1
2023-09-15,3.707,3.707,3.707,3.707,0.0,3.707,0
2023-09-18,3.71,3.749,3.71,3.749,1.0,3.71,1
2023-09-19,3.711,3.711,3.711,3.711,0.0,3.711,0
2023-09-20,3.695,3.734,3.69,3.734,3.0,3.6927,3
2023-09-21,3.783,3.783,3.783,3.783,0.0,3.783,0
2023-09-22,3.777,3.777,3.777,3.777,0.0,3.777,0
2023-09-25,3.8,3.8,3.8,3.8,0.0,3.8,0
2023-09-26,3.799,3.799,3.799,3.799,0.0,3.799,0
2023-09-27,3.76,3.76,3.76,3.76,0.0,3.76,0
2023-09-28,3.767,3.767,3.767,3.767,0.0,3.767,0
2023-09-29,3.744,3.744,3.744,3.744,0.0,3.744,0
2023-10-02,3.76,3.76,3.76,3.76,0.0,3.76,0
2023-10-03,3.826,3.826,3.826,3.826,0.0,3.826,0
2023-10-04,3.762,3.762,3.762,3.762,0.0,3.762,0
2023-10-05,3.753,3.753,3.753,3.753,0.0,3.753,0
2023-10-06,3.767,3.767,3.767,3.767,0.0,3.767,0
2023-10-09,3.753,3.753,3.753,3.753,0.0,3.753,0
2023-10-10,3.761,3.761,3.761,3.761,0.0,3.761,0
2023-10-11,3.78,3.78,3.78,3.78,0.0,3.78,0
2023-10-12,3.807,3.807,3.807,3.807,0.0,3.807,0
2023-10-13,3.818,3.818,3.818,3.818,0.0,3.818,0
2023-10-16,3.803,3.803,3.803,3.803,0.0,3.803,0
2023-10-17,3.805,3.805,3.805,3.805,0.0,3.805,0
2023-10-18,3.816,3.816,3.816,3.816,0.0,3.816,0
2023-10-19,3.854,3.854,3.854,3.854,0.0,3.854,0
2023-10-20,3.86,3.86,3.86,3.86,0.0,3.86,0
2023-10-23,3.864,3.864,3.864,3.864,0.0,3.864,0
2023-10-24,3.849,3.849,3.849,3.849,0.0,3.849,0
2023-10-25,3.857,3.857,3.857,3.857,0.0,3.857,0
2023-10-26,3.842,3.842,3.842,3.842,0.0,3.842,0
2023-10-27,3.784,3.784,3.784,3.784,0.0,3.784,0
2023-10-30,3.784,3.784,3.784,3.784,0.0,3.784,0
2023-10-31,3.791,3.791,3.791,3.791,0.0,3.791,0
2023-11-01,3.889,3.889,3.889,3.889,0.0,3.889,0
2023-11-02,3.98,3.98,3.98,3.98,0.0,3.98,0
2023-11-03,3.908,3.908,3.908,3.908,0.0,3.908,0
2023-11-06,3.933,3.933,3.933,3.933,0.0,3.933,0
2023-11-07,3.95,3.95,3.95,3.95,0.0,3.95,0
2023-11-08,3.89,3.89,3.867,3.867,1.0,3.89,1
2023-11-09,3.883,3.883,3.883,3.883,0.0,3.883,0
2023-11-10,3.848,3.848,3.848,3.848,0.0,3.848,0
2023-11-13,3.896,3.896,3.896,3.896,0.0,3.896,0
2023-11-14,3.891,3.891,3.891,3.891,0.0,3.891,0
2023-11-15,3.913,3.913,3.913,3.913,0.0,3.913,0
2023-11-16,3.894,3.894,3.894,3.894,0.0,3.894,0
2023-11-17,3.909,3.909,3.909,3.909,0.0,3.909,0
2023-11-20,3.888,3.888,3.888,3.888,0.0,3.888,0
2023-11-21,3.85,3.85,3.85,3.85,0.0,3.85,0
2023-11-22,3.849,3.849,3.849,3.849,0.0,3.849,0
2023-11-23,3.849,3.849,3.849,3.849,0.0,3.849,0
2023-11-24,3.893,3.893,3.893,3.893,0.0,3.893,0
2023-11-27,3.889,3.889,3.889,3.889,0.0,3.889,0
2023-11-28,3.804,3.804,3.804,3.804,0.0,3.804,0
2023-11-29,3.728,3.728,3.728,3.728,0.0,3.728,0
2023-11-30,3.774,3.774,3.774,3.774,0.0,3.774,0
2023-12-01,3.775,3.785,3.775,3.785,1.0,3.775,1
2023-12-04,3.731,3.731,3.731,3.731,0.0,3.731,0
2023-12-05,3.7,3.7,3.7,3.7,0.0,3.7,0
2023-12-06,3.58,3.58,3.54,3.577,5.0,3.5588,4
2023-12-07,3.565,3.565,3.565,3.565,3.0,3.565,1
2023-12-08,3.52,3.52,3.52,3.52,0.0,3.52,0
2023-12-11,3.497,3.497,3.497,3.497,0.0,3.497,0
2023-12-12,3.519,3.519,3.519,3.519,0.0,3.519,0
2023-12-13,3.572,3.572,3.572,3.572,0.0,3.572,0
2023-12-14,3.653,3.653,3.653,3.653,0.0,3.653,0
2023-12-15,3.718,3.718,3.718,3.718,0.0,3.718,0
2023-12-18,3.751,3.751,3.751,3.751,0.0,3.751,0
2023-12-19,3.733,3.733,3.733,3.733,0.0,3.733,0
2023-12-20,3.715,3.792,3.69,3.792,7.0,3.7036,7
2023-12-21,3.744,3.744,3.744,3.744,0.0,3.744,0
2023-12-22,3.588,3.588,3.588,3.588,0.0,3.588,0
2023-12-26,3.534,3.534,3.534,3.534,0.0,3.534,0
2023-12-27,3.573,3.573,3.573,3.573,0.0,3.573,0
2023-12-28,3.584,3.584,3.584,3.584,0.0,3.584,0
2023-12-29,3.666,3.666,3.666,3.666,0.0,3.666,0
2024-01-02,3.663,3.663,3.663,3.663,0.0,3.663,0
2024-01-03,3.698,3.698,3.698,3.698,0.0,3.698,0
2024-01-04,3.698,3.698,3.683,3.683,30.0,3.698,1
2024-01-05,3.731,3.731,3.731,3.731,0.0,3.731,0
2024-01-08,3.741,3.741,3.741,3.741,0.0,3.741,0
2024-01-09,3.796,3.796,3.796,3.796,0.0,3.796,0
2024-01-10,3.76,3.76,3.677,3.677,3.0,3.755,3
2024-01-11,3.661,3.661,3.661,3.661,0.0,3.661,0
2024-01-12,3.685,3.685,3.685,3.685,0.0,3.685,0
2024-01-15,3.685,3.685,3.685,3.685,0.0,3.685,0
2024-01-16,3.657,3.657,3.657,3.657,0.0,3.657,0
2024-01-17,3.696,3.696,3.696,3.696,0.0,3.696,0
2024-01-18,3.692,3.692,3.692,3.692,0.0,3.692,0
2024-01-19,3.695,3.695,3.653,3.653,5.0,3.695,2
2024-01-22,3.641,3.641,3.641,3.641,0.0,3.641,0
2024-01-23,3.717,3.717,3.717,3.717,0.0,3.717,0
2024-01-24,3.699,3.699,3.699,3.699,0.0,3.699,0
2024-01-25,3.573,3.573,3.573,3.573,0.0,3.573,0
2024-01-26,3.579,3.579,3.579,3.579,0.0,3.579,0
2024-01-29,3.569,3.569,3.569,3.569,0.0,3.569,0
2024-01-30,3.57,3.57,3.57,3.57,0.0,3.57,0
2024-01-31,3.57,3.57,3.57,3.57,0.0,3.57,0
2024-02-01,3.586,3.586,3.586,3.586,0.0,3.586,0
2024-02-02,3.613,3.613,3.613,3.613,0.0,3.613,0
2024-02-05,3.621,3.621,3.621,3.621,0.0,3.621,0
2024-02-06,3.604,3.604,3.604,3.604,0.0,3.604,0
2024-02-07,3.59,3.592,3.585,3.592,5.0,3.587,5
2024-02-08,3.57,3.588,3.57,3.588,1.0,3.57,1
2024-02-09,3.572,3.572,3.572,3.572,0.0,3.572,0
2024-02-12,3.559,3.559,3.559,3.559,0.0,3.559,0
2024-02-13,3.592,3.592,3.592,3.592,0.0,3.592,0
2024-02-14,3.558,3.558,3.558,3.558,0.0,3.558,0
2024-02-15,3.566,3.566,3.566,3.566,0.0,3.566,0
2024-02-16,3.539,3.539,3.539,3.539,0.0,3.539,0
2024-02-19,3.539,3.539,3.539,3.539,0.0,3.539,0
2024-02-20,3.542,3.542,3.542,3.542,0.0,3.542,0
2024-02-21,3.6,3.6,3.576,3.576,4.0,3.59,4
2024-02-22,3.622,3.622,3.622,3.622,0.0,3.622,0
2024-02-23,3.578,3.578,3.578,3.578,0.0,3.578,0
2024-02-26,3.584,3.584,3.584,3.584,0.0,3.584,0
2024-02-27,3.588,3.588,3.588,3.588,0.0,3.588,0
2024-02-28,3.609,3.609,3.609,3.609,0.0,3.609,0
2024-02-29,3.618,3.618,3.618,3.618,0.0,3.618,0
2024-03-01,3.609,3.609,3.609,3.609,0.0,3.609,0
2024-03-04,3.618,3.618,3.618,3.618,0.0,3.618,0
2024-03-05,3.614,3.614,3.614,3.614,0.0,3.614,0
2024-03-06,3.617,3.617,3.617,3.617,0.0,3.617,0
2024-03-07,3.608,3.608,3.608,3.608,0.0,3.608,0
2024-03-08,3.606,3.606,3.606,3.606,0.0,3.606,0
2024-03-11,3.62,3.62,3.62,3.62,0.0,3.62,0
2024-03-12,3.633,3.633,3.633,3.633,0.0,3.633,0
2024-03-13,3.655,3.655,3.631,3.631,1.0,3.655,1
2024-03-14,3.642,3.642,3.642,3.642,0.0,3.642,0
2024-03-15,3.606,3.606,3.606,3.606,0.0,3.606,0
2024-03-18,3.652,3.652,3.652,3.652,0.0,3.652,0
2024-03-19,3.652,3.652,3.652,3.652,0.0,3.652,0
2024-03-20,3.63,3.63,3.625,3.63,6.0,3.6283,6
2024-03-21,3.625,3.625,3.625,3.625,0.0,3.625,0
2024-03-22,3.61,3.633,3.61,3.633,1.0,3.61,1
2024-03-25,3.619,3.619,3.619,3.619,0.0,3.619,0
2024-03-26,3.615,3.656,3.615,3.656,1.0,3.615,1
2024-03-27,3.626,3.626,3.626,3.626,0.0,3.626,0
2024-03-28,3.658,3.658,3.658,3.658,0.0,3.658,0
2024-04-01,3.67,3.67,3.67,3.67,0.0,3.67,0
2024-04-02,3.704,3.704,3.704,3.704,0.0,3.704,0
2024-04-03,3.707,3.707,3.707,3.707,0.0,3.707,0
2024-04-04,3.688,3.688,3.688,3.688,0.0,3.688,0
2024-04-05,3.698,3.698,3.698,3.698,0.0,3.698,0
2024-04-08,3.705,3.705,3.702,3.702,1.0,3.705,1
2024-04-09,3.701,3.701,3.701,3.701,0.0,3.701,0
2024-04-10,3.75,3.75,3.75,3.75,0.0,3.75,0
2024-04-11,3.834,3.834,3.834,3.834,0.0,3.834,0
2024-04-12,3.886,3.886,3.886,3.886,0.0,3.886,0
2024-04-15,3.909,3.909,3.909,3.909,0.0,3.909,0
2024-04-16,3.911,3.911,3.911,3.911,0.0,3.911,0
2024-04-17,3.878,3.878,3.878,3.878,0.0,3.878,0
2024-04-18,3.884,3.884,3.884,3.884,0.0,3.884,0
2024-04-19,3.879,3.879,3.879,3.879,0.0,3.879,0
2024-04-22,3.888,3.888,3.888,3.888,0.0,3.888,0
2024-04-23,3.901,3.901,3.901,3.901,0.0,3.901,0
2024-04-24,3.877,3.877,3.877,3.877,0.0,3.877,0
2024-04-25,3.904,3.904,3.904,3.904,0.0,3.904,0
2024-04-26,3.884,3.884,3.884,3.884,0.0,3.884,0
2024-04-29,3.894,3.894,3.894,3.894,0.0,3.894,0
2024-04-30,3.9,3.9,3.9,3.9,0.0,3.9,0
2024-05-01,3.893,3.893,3.893,3.893,0.0,3.893,0
2024-05-02,3.891,3.891,3.891,3.891,0.0,3.891,0
2024-05-03,3.86,3.86,3.86,3.86,0.0,3.86,0
2024-05-06,3.873,3.873,3.873,3.873,0.0,3.873,0
2024-05-07,3.827,3.827,3.827,3.827,0.0,3.827,0
2024-05-08,3.793,3.793,3.772,3.772,6.0,3.7917,2
2024-05-09,3.733,3.733,3.733,3.733,0.0,3.733,0
2024-05-10,3.755,3.772,3.755,3.772,1.0,3.755,1
2024-05-13,3.783,3.783,3.783,3.783,0.0,3.783,0
2024-05-14,3.79,3.79,3.79,3.79,0.0,3.79,0
2024-05-15,3.808,3.808,3.808,3.808,0.0,3.808,0
2024-05-16,3.846,3.846,3.846,3.846,0.0,3.846,0
2024-05-17,3.874,3.874,3.874,3.874,0.0,3.874,0
2024-05-20,3.874,3.874,3.874,3.874,0.0,3.874,0
2024-05-21,3.88,3.899,3.88,3.899,4.0,3.88,1
2024-05-22,3.88,3.908,3.88,3.908,4.0,3.88,2
2024-05-23,3.862,3.862,3.862,3.862,0.0,3.862,0
2024-05-24,3.854,3.854,3.835,3.835,1.0,3.854,1
2024-05-27,3.835,3.835,3.835,3.835,0.0,3.835,0
2024-05-28,3.828,3.849,3.828,3.849,1.0,3.828,1
2024-05-29,3.813,3.813,3.813,3.813,0.0,3.813,0
2024-05-30,3.787,3.787,3.787,3.787,0.0,3.787,0
2024-05-31,3.779,3.779,3.779,3.779,0.0,3.779,0
2024-06-03,3.786,3.786,3.786,3.786,0.0,3.786,0
2024-06-04,3.748,3.748,3.748,3.748,0.0,3.748,0
2024-06-05,3.759,3.759,3.759,3.759,0.0,3.759,0
2024-06-06,3.796,3.796,3.796,3.796,0.0,3.796,0
2024-06-07,3.82,3.82,3.794,3.794,1.0,3.82,1
2024-06-10,3.798,3.798,3.798,3.798,0.0,3.798,0
2024-06-11,3.825,3.825,3.825,3.825,0.0,3.825,0
2024-06-12,3.811,3.811,3.811,3.811,0.0,3.811,0
2024-06-13,3.779,3.779,3.779,3.779,0.0,3.779,0
2024-06-14,3.798,3.798,3.798,3.798,0.0,3.798,0
2024-06-17,3.791,3.791,3.791,3.791,0.0,3.791,0
2024-06-18,3.817,3.817,3.817,3.817,0.0,3.817,0
2024-06-19,3.817,3.817,3.817,3.817,0.0,3.817,0
2024-06-20,3.781,3.781,3.781,3.781,0.0,3.781,0
2024-06-21,3.753,3.753,3.753,3.753,0.0,3.753,0
2024-06-24,3.76,3.76,3.76,3.76,0.0,3.76,0
2024-06-25,3.75,3.752,3.75,3.752,10.0,3.75,1
2024-06-26,3.74,3.74,3.74,3.74,0.0,3.74,0
2024-06-27,3.692,3.692,3.692,3.692,0.0,3.692,0
2024-06-28,3.698,3.698,3.698,3.698,0.0,3.698,0
2024-07-01,3.687,3.687,3.687,3.687,0.0,3.687,0
2024-07-02,3.671,3.671,3.671,3.671,0.0,3.671,0
2024-07-03,3.653,3.653,3.653,3.653,0.0,3.653,0
2024-07-04,3.653,3.653,3.653,3.653,0.0,3.653,0
2024-07-05,3.634,3.634,3.634,3.634,0.0,3.634,0
2024-07-08,3.636,3.636,3.636,3.636,0.0,3.636,0
2024-07-09,3.651,3.651,3.651,3.651,0.0,3.651,0
2024-07-10,3.634,3.634,3.634,3.634,0.0,3.634,0
2024-07-11,3.608,3.608,3.608,3.608,0.0,3.608,0
2024-07-12,3.637,3.637,3.637,3.637,0.0,3.637,0
2024-07-15,3.625,3.625,3.625,3.625,0.0,3.625,0
2024-07-16,3.61,3.61,3.61,3.61,0.0,3.61,0
2024-07-17,3.552,3.552,3.552,3.552,0.0,3.552,0
2024-07-18,3.565,3.565,3.547,3.547,1.0,3.565,1
2024-07-19,3.594,3.594,3.594,3.594,0.0,3.594,0
2024-07-22,3.613,3.613,3.613,3.613,0.0,3.613,0
2024-07-23,3.619,3.619,3.619,3.619,0.0,3.619,0
2024-07-24,3.577,3.577,3.577,3.577,0.0,3.577,0
2024-07-25,3.553,3.553,3.553,3.553,0.0,3.553,0
2024-07-26,3.578,3.578,3.578,3.578,0.0,3.578,0
2024-07-29,3.55,3.55,3.55,3.55,0.0,3.55,0
2024-07-30,3.544,3.544,3.544,3.544,0.0,3.544,0
2024-07-31,3.52,3.52,3.516,3.516,1.0,3.52,1
2024-08-01,3.498,3.498,3.498,3.498,0.0,3.498,0
2024-08-02,3.498,3.498,3.485,3.485,1.0,3.498,1
2024-08-05,3.45,3.45,3.43,3.436,2.0,3.44,2
2024-08-06,3.413,3.413,3.413,3.413,0.0,3.413,0
2024-08-07,3.424,3.424,3.424,3.424,0.0,3.424,0
2024-08-08,3.461,3.461,3.461,3.461,0.0,3.461,0
2024-08-09,3.473,3.473,3.473,3.473,0.0,3.473,0
2024-08-12,3.482,3.482,3.479,3.479,10.0,3.482,4
2024-08-13,3.479,3.479,3.446,3.446,1.0,3.479,1
2024-08-14,3.463,3.463,3.463,3.463,0.0,3.463,0
2024-08-15,3.48,3.48,3.469,3.469,10.0,3.472,7
2024-08-16,3.473,3.473,3.473,3.473,0.0,3.473,0
2024-08-19,3.487,3.495,3.487,3.495,1.0,3.487,1
2024-08-20,3.511,3.511,3.511,3.511,0.0,3.511,0
2024-08-21,3.526,3.526,3.526,3.526,0.0,3.526,0
2024-08-22,3.51,3.554,3.51,3.554,1.0,3.51,1
2024-08-23,3.578,3.578,3.578,3.578,0.0,3.578,0
2024-08-26,3.593,3.593,3.593,3.593,0.0,3.593,0
2024-08-27,3.571,3.571,3.564,3.564,1.0,3.571,1
2024-08-28,3.55,3.55,3.55,3.55,0.0,3.55,0
2024-08-29,3.51,3.539,3.51,3.539,1.0,3.51,1
2024-08-30,3.534,3.534,3.534,3.534,0.0,3.534,0
2024-09-02,3.534,3.534,3.534,3.534,0.0,3.534,0
2024-09-03,3.532,3.532,3.532,3.532,0.0,3.532,0
2024-09-04,3.52,3.52,3.52,3.52,0.0,3.52,0
2024-09-05,3.505,3.505,3.505,3.505,0.0,3.505,0
2024-09-06,3.45,3.45,3.45,3.45,0.0,3.45,0
2024-09-09,3.455,3.455,3.455,3.455,0.0,3.455,0
2024-09-10,3.47,3.47,3.438,3.438,32.0,3.4559,2
2024-09-11,3.429,3.429,3.429,3.429,0.0,3.429,0
2024-09-12,3.447,3.447,3.447,3.447,0.0,3.447,0
2024-09-13,3.424,3.424,3.424,3.424,0.0,3.424,0
2024-09-16,3.452,3.452,3.452,3.452,0.0,3.452,0
2024-09-17,3.452,3.452,3.452,3.452,0.0,3.452,0
2024-09-18,3.454,3.454,3.454,3.454,0.0,3.454,0
2024-09-19,3.46,3.46,3.46,3.46,0.0,3.46,0
2024-09-20,3.486,3.486,3.486,3.486,0.0,3.486,0
2024-09-23,3.487,3.487,3.465,3.47,7.0,3.4837,3
2024-09-24,3.488,3.502,3.488,3.502,1.0,3.488,1
2024-09-25,3.528,3.528,3.528,3.528,0.0,3.528,0
2024-09-26,3.566,3.566,3.566,3.566,0.0,3.566,0
2024-09-27,3.57,3.57,3.57,3.57,0.0,3.57,0
2024-09-30,3.585,3.585,3.568,3.568,1.0,3.585,1
2024-10-01,3.549,3.549,3.549,3.549,0.0,3.549,0
2024-10-02,3.555,3.555,3.53,3.53,1.0,3.555,1
2024-10-03,3.554,3.554,3.554,3.554,0.0,3.554,0
2024-10-04,3.592,3.592,3.592,3.592,0.0,3.592,0
2024-10-07,3.619,3.619,3.619,3.619,0.0,3.619,0
2024-10-08,3.572,3.572,3.572,3.572,0.0,3.572,0
2024-10-09,3.55,3.55,3.532,3.532,1.0,3.55,1
2024-10-10,3.5,3.527,3.5,3.527,5.0,3.5,1
2024-10-11,3.511,3.511,3.511,3.511,0.0,3.511,0
2024-10-14,3.509,3.509,3.509,3.509,0.0,3.509,0
2024-10-15,3.54,3.563,3.54,3.563,1.0,3.54,1
2024-10-16,3.53,3.53,3.527,3.527,15.0,3.53,2
2024-10-17,3.538,3.538,3.538,3.538,0.0,3.538,0
2024-10-18,3.506,3.506,3.506,3.506,0.0,3.506,0
2024-10-21,3.532,3.532,3.532,3.532,0.0,3.532,0
2024-10-22,3.567,3.567,3.567,3.567,0.0,3.567,0
2024-10-23,3.609,3.609,3.609,3.609,0.0,3.609,0
2024-10-24,3.619,3.619,3.619,3.619,0.0,3.619,0
2024-10-25,3.62,3.62,3.62,3.62,0.0,3.62,0
2024-10-28,3.597,3.597,3.597,3.597,0.0,3.597,0
2024-10-29,3.609,3.609,3.609,3.609,0.0,3.609,0
2024-10-30,3.61,3.642,3.61,3.642,15.0,3.61,1
2024-10-31,3.58,3.58,3.58,3.58,0.0,3.58,0
2024-11-01,3.586,3.586,3.586,3.586,0.0,3.586,0
2024-11-04,3.566,3.566,3.566,3.566,0.0,3.566,0
2024-11-05,3.547,3.547,3.547,3.547,0.0,3.547,0
2024-11-06,3.594,3.594,3.594,3.594,0.0,3.594,0
2024-11-07,3.552,3.588,3.552,3.588,5.0,3.552,1
2024-11-08,3.541,3.541,3.541,3.541,0.0,3.541,0
2024-11-11,3.552,3.552,3.552,3.552,0.0,3.552,0
2024-11-12,3.573,3.573,3.573,3.573,0.0,3.573,0
2024-11-13,3.596,3.596,3.596,3.596,0.0,3.596,0
2024-11-14,3.566,3.566,3.566,3.566,0.0,3.566,0
2024-11-15,3.575,3.578,3.575,3.578,10.0,3.575,1
2024-11-18,3.575,3.584,3.54,3.584,77.0,3.5579,15
2024-11-19,3.59,3.629,3.59,3.629,1.0,3.59,1
2024-11-20,3.654,3.654,3.654,3.654,0.0,3.654,0
2024-11-21,3.64,3.64,3.635,3.637,2.0,3.6375,2
2024-11-22,3.613,3.613,3.613,3.613,0.0,3.613,0
2024-11-25,3.672,3.672,3.672,3.672,0.0,3.672,0
2024-11-26,3.663,3.663,3.663,3.663,0.0,3.663,0
2024-11-27,3.641,3.641,3.641,3.641,0.0,3.641,0
2024-11-28,3.641,3.641,3.641,3.641,0.0,3.641,0
2024-11-29,3.689,3.689,3.689,3.689,0.0,3.689,0
2024-12-02,3.638,3.638,3.638,3.638,0.0,3.638,0
2024-12-03,3.645,3.645,3.645,3.645,0.0,3.645,0
2024-12-04,3.63,3.681,3.63,3.681,1.0,3.63,1
2024-12-05,3.681,3.681,3.681,3.681,0.0,3.681,0
2024-12-06,3.693,3.693,3.693,3.693,0.0,3.693,0
2024-12-09,3.665,3.665,3.665,3.665,0.0,3.665,0
2024-12-10,3.662,3.677,3.662,3.677,5.0,3.662,3
2024-12-11,3.675,3.675,3.675,3.675,0.0,3.675,0
2024-12-12,3.646,3.646,3.646,3.646,0.0,3.646,0
2024-12-13,3.655,3.655,3.655,3.655,0.0,3.655,0
2024-12-16,3.666,3.666,3.666,3.666,0.0,3.666,0
2024-12-17,3.666,3.676,3.666,3.676,1.0,3.666,1
2024-12-18,3.654,3.654,3.646,3.646,5.0,3.654,1
2024-12-19,3.656,3.656,3.656,3.656,0.0,3.656,0
2024-12-20,3.651,3.651,3.651,3.651,0.0,3.651,0
2024-12-23,3.656,3.656,3.656,3.656,0.0,3.656,0
2024-12-24,3.679,3.679,3.679,3.679,0.0,3.679,0
2024-12-26,3.683,3.683,3.683,3.683,0.0,3.683,0
2024-12-27,3.711,3.711,3.711,3.711,0.0,3.711,0
2024-12-30,3.714,3.714,3.714,3.714,0.0,3.714,0
2024-12-31,3.702,3.702,3.702,3.702,0.0,3.702,0
2025-01-02,3.704,3.704,3.704,3.704,0.0,3.704,0
2025-01-03,3.655,3.655,3.655,3.655,0.0,3.655,0
2025-01-06,3.646,3.646,3.646,3.646,0.0,3.646,0
2025-01-07,3.621,3.621,3.621,3.621,0.0,3.621,0
2025-01-08,3.63,3.63,3.63,3.63,0.0,3.63,0
2025-01-09,3.643,3.643,3.643,3.643,0.0,3.643,0
2025-01-10,3.663,3.663,3.663,3.663,0.0,3.663,0
2025-01-13,3.68,3.68,3.649,3.649,1.0,3.68,1
2025-01-14,3.636,3.636,3.636,3.636,0.0,3.636,0
2025-01-15,3.649,3.649,3.649,3.649,0.0,3.649,0
2025-01-16,3.67,3.67,3.67,3.67,0.0,3.67,0
2025-01-17,3.647,3.647,3.647,3.647,0.0,3.647,0
2025-01-20,3.647,3.647,3.647,3.647,0.0,3.647,0
2025-01-21,3.624,3.624,3.624,3.624,0.0,3.624,0
2025-01-22,3.675,3.675,3.675,3.675,0.0,3.675,0
2025-01-23,3.752,3.752,3.752,3.752,0.0,3.752,0
2025-01-24,3.768,3.768,3.768,3.768,0.0,3.768,0
2025-01-27,3.705,3.705,3.705,3.705,0.0,3.705,0
2025-01-28,3.64,3.64,3.64,3.64,0.0,3.64,0
2025-01-29,3.679,3.679,3.679,3.679,0.0,3.679,0
2025-01-30,3.643,3.643,3.643,3.643,0.0,3.643,0
2025-01-31,3.613,3.613,3.613,3.613,0.0,3.613,0
2025-02-03,3.642,3.642,3.642,3.642,0.0,3.642,0
2025-02-04,3.635,3.635,3.635,3.635,0.0,3.635,0
2025-02-05,3.65,3.65,3.65,3.65,0.0,3.65,0
2025-02-06,3.645,3.682,3.64,3.682,3.0,3.6417,2
2025-02-07,3.655,3.655,3.655,3.655,0.0,3.655,0
2025-02-10,3.708,3.708,3.708,3.708,0.0,3.708,0
2025-02-11,3.73,3.73,3.73,3.73,0.0,3.73,0
2025-02-12,3.733,3.733,3.733,3.733,0.0,3.733,0
2025-02-13,3.737,3.737,3.737,3.737,0.0,3.737,0
2025-02-14,3.735,3.735,3.735,3.735,0.0,3.735,0
2025-02-17,3.735,3.735,3.735,3.735,0.0,3.735,0
2025-02-18,3.724,3.724,3.724,3.724,0.0,3.724,0
2025-02-19,3.715,3.715,3.715,3.715,0.0,3.715,0
2025-02-20,3.66,3.66,3.626,3.626,2.0,3.65,2
2025-02-21,3.64,3.64,3.627,3.627,1.0,3.64,1
2025-02-24,3.581,3.581,3.581,3.581,0.0,3.581,0
2025-02-25,3.582,3.582,3.554,3.554,1.0,3.582,1
2025-02-26,3.52,3.52,3.489,3.489,2.0,3.51,2
2025-02-27,3.557,3.557,3.557,3.557,0.0,3.557,0
2025-02-28,3.633,3.633,3.633,3.633,0.0,3.633,0
2025-03-03,3.65,3.66,3.65,3.66,30.0,3.65,2
2025-03-04,3.666,3.666,3.666,3.666,0.0,3.666,0
2025-03-05,3.731,3.731,3.731,3.731,0.0,3.731,0
2025-03-06,3.681,3.681,3.681,3.681,0.0,3.681,0
2025-03-07,3.69,3.719,3.69,3.719,3.0,3.69,2
2025-03-10,3.679,3.679,3.679,3.679,0.0,3.679,0
2025-03-11,3.67,3.674,3.67,3.674,1.0,3.67,1
2025-03-12,3.67,3.67,3.66,3.667,3.0,3.6633,3
2025-03-13,3.689,3.689,3.689,3.689,0.0,3.689,0
2025-03-14,3.692,3.692,3.692,3.692,0.0,3.692,0
2025-03-17,3.692,3.692,3.692,3.692,0.0,3.692,0
2025-03-18,3.702,3.702,3.702,3.702,0.0,3.702,0
2025-03-19,3.702,3.711,3.702,3.711,1.0,3.702,1
2025-03-20,3.667,3.667,3.667,3.667,0.0,3.667,0
2025-03-21,3.682,3.682,3.671,3.675,3.0,3.6783,3
2025-03-24,3.694,3.699,3.692,3.694,10.0,3.6939,10
2025-03-25,3.7,3.713,3.684,3.695,15.0,3.6979,15
2025-03-26,3.688,3.688,3.668,3.678,7.0,3.683,7
2025-03-27,3.687,3.69,3.665,3.688,15.0,3.6779,15
2025-03-28,3.673,3.689,3.673,3.689,15.0,3.6786,15
2025-03-31,3.691,3.691,3.685,3.685,1.0,3.691,1
2025-04-01,3.675,3.676,3.669,3.669,4.0,3.6753,4
2025-04-02,3.695,3.696,3.69,3.69,3.0,3.6953,3
2025-04-03,3.694,3.697,3.693,3.696,4.0,3.695,4
2025-04-04,3.635,3.647,3.635,3.647,2.0,3.6375,2
2025-04-07,3.581,3.581,3.581,3.581,0.0,3.581,0
2025-04-08,3.573,3.573,3.573,3.573,0.0,3.573,0
2025-04-09,3.54,3.665,3.54,3.665,8.0,3.5575,2
2025-04-10,3.609,3.609,3.609,3.609,0.0,3.609,0
2025-04-11,3.608,3.608,3.608,3.608,0.0,3.608,0
2025-04-14,3.655,3.655,3.629,3.629,1.0,3.655,1
2025-04-15,3.627,3.627,3.626,3.626,2.0,3.627,2
2025-04-16,3.64,3.64,3.625,3.633,19.0,3.6269,7
2025-04-17,3.634,3.665,3.634,3.661,12.0,3.6606,12
2025-04-21,3.603,3.621,3.601,3.601,16.0,3.6122,16
2025-04-22,3.62,3.623,3.62,3.623,3.0,3.62,3
2025-04-23,3.655,3.666,3.644,3.651,35.0,3.6572,18
2025-04-24,3.657,3.668,3.657,3.668,6.0,3.6587,4
2025-04-25,3.671,3.701,3.644,3.644,31.0,3.6726,28
2025-04-28,3.646,3.671,3.641,3.661,23.0,3.6524,22
2025-04-29,3.627,3.67,3.621,3.668,24.0,3.6595,20
2025-04-30,3.668,3.668,3.64,3.659,28.0,3.653,24
2025-05-01,3.684,3.69,3.662,3.676,39.0,3.6708,37
2025-05-02,3.692,3.731,3.692,3.711,27.0,3.7052,20
2025-05-05,3.745,3.745,3.723,3.745,14.0,3.7334,14
2025-05-06,3.747,3.747,3.725,3.739,33.0,3.734,33
2025-05-07,3.748,3.754,3.739,3.739,38.0,3.7465,26
2025-05-08,3.755,3.763,3.732,3.746,23.0,3.7509,14
2025-05-09,3.747,3.766,3.739,3.756,16.0,3.7474,11
2025-05-12,3.75,3.765,3.75,3.765,54.0,3.7561,8
2025-05-13,3.79,3.801,3.788,3.801,62.0,3.7901,47
2025-05-14,3.794,3.822,3.794,3.816,37.0,3.8018,19
2025-05-15,3.819,3.839,3.818,3.819,11.0,3.8351,11
2025-05-16,3.821,3.836,3.821,3.831,13.0,3.8272,11
2025-05-19,3.781,3.784,3.74,3.74,4.0,3.771,4
2025-05-20,3.754,3.787,3.753,3.782,13.0,3.7777,11
2025-05-21,3.8,3.8,3.775,3.775,1.0,3.8,1
2025-05-22,3.78,3.819,3.767,3.783,36.0,3.7836,17
2025-05-23,3.82,3.847,3.804,3.847,26.0,3.8195,14
2025-05-27,3.838,3.838,3.83,3.834,21.0,3.8304,2
2025-05-28,3.819,3.825,3.817,3.825,13.0,3.8178,8
2025-05-29,3.83,3.83,3.791,3.798,14.0,3.8081,10
2025-05-30,3.794,3.803,3.794,3.803,2.0,3.7985,2
2025-06-02,3.828,3.838,3.822,3.838,96.0,3.8281,8
2025-06-03,3.835,3.844,3.824,3.844,4.0,3.8315,4
2025-06-04,3.84,3.846,3.832,3.846,2.0,3.836,2
2025-06-05,3.84,3.848,3.835,3.847,10.0,3.8411,7
2025-06-06,3.85,3.869,3.846,3.869,4.0,3.8485,4
2025-06-09,3.863,3.863,3.844,3.863,10.0,3.8502,10
2025-06-10,3.859,3.859,3.828,3.843,21.0,3.8421,17
2025-06-11,3.846,3.853,3.817,3.848,25.0,3.831,23
2025-06-12,3.855,3.855,3.835,3.835,49.0,3.8448,10
2025-06-13,3.835,3.88,3.835,3.88,23.0,3.8653,23
2025-06-16,3.889,3.904,3.889,3.902,9.0,3.8971,9
2025-06-17,3.913,3.914,3.904,3.912,15.0,3.9107,15
2025-06-18,3.916,3.921,3.909,3.909,19.0,3.9157,17
2025-06-20,3.929,3.937,3.895,3.91,22.0,3.9165,22
2025-06-23,3.919,3.919,3.872,3.874,17.0,3.9012,17
2025-06-24,3.878,3.88,3.873,3.879,22.0,3.8786,13
2025-06-25,3.852,3.88,3.852,3.875,8.0,3.8683,8
2025-06-26,3.875,3.879,3.871,3.879,2.0,3.873,2
2025-06-27,3.884,3.903,3.868,3.893,40.0,3.8813,27
2025-06-30,3.846,3.853,3.82,3.847,27.0,3.8359,19
2025-07-01,3.824,3.853,3.799,3.853,84.0,3.8211,54
2025-07-02,3.845,3.895,3.845,3.895,16.0,3.8724,13
2025-07-03,3.927,3.927,3.87,3.871,14.0,3.8816,9
2025-07-07,3.887,3.9,3.817,3.9,15.0,3.8721,14
2025-07-08,3.929,3.929,3.861,3.872,23.0,3.8896,21
2025-07-09,3.852,3.866,3.844,3.866,40.0,3.8466,19
2025-07-10,3.873,3.88,3.873,3.879,9.0,3.876,5
2025-07-11,3.884,3.912,3.884,3.912,8.0,3.8965,8
2025-07-14,3.937,3.945,3.923,3.923,40.0,3.9384,35
2025-07-15,3.941,3.941,3.921,3.931,27.0,3.9275,19
2025-07-16,3.946,3.953,3.927,3.927,10.0,3.9435,10
2025-07-17,3.934,3.943,3.889,3.928,28.0,3.9201,19
2025-07-18,3.942,3.942,3.905,3.915,6.0,3.9202,5
2025-07-21,3.859,3.889,3.859,3.889,13.0,3.8698,13
2025-07-22,3.864,3.896,3.862,3.896,49.0,3.8833,24
2025-07-23,3.861,3.861,3.841,3.845,13.0,3.8529,13
2025-07-24,3.86,3.86,3.835,3.842,12.0,3.844,12
2025-07-25,3.849,3.85,3.811,3.823,47.0,3.8234,21
2025-07-28,3.827,3.829,3.747,3.766,19.0,3.7845,19
2025-07-29,3.763,3.778,3.763,3.772,6.0,3.7662,6
2025-07-30,3.794,3.794,3.751,3.753,18.0,3.7596,18
2025-07-31,3.756,3.792,3.756,3.78,7.0,3.7811,7
2025-08-01,3.766,3.778,3.756,3.778,17.0,3.7666,16
2025-08-04,3.75,3.769,3.743,3.758,60.0,3.7532,54
2025-08-05,3.781,3.781,3.747,3.749,68.0,3.7605,55
2025-08-06,3.734,3.763,3.734,3.763,55.0,3.7508,52
2025-08-07,3.77,3.784,3.733,3.753,48.0,3.7543,44
2025-08-08,3.764,3.764,3.705,3.72,98.0,3.7379,74
2025-08-11,3.696,3.74,3.695,3.737,27.0,3.7254,9
2025-08-12,3.75,3.757,3.72,3.731,32.0,3.7383,23
2025-08-13,3.739,3.739,3.7,3.72,70.0,3.7103,63
2025-08-14,3.707,3.725,3.704,3.719,21.0,3.7146,19
2025-08-15,3.736,3.752,3.732,3.742,23.0,3.7404,20
2025-08-18,3.746,3.785,3.746,3.783,23.0,3.7623,23
2025-08-19,3.78,3.78,3.759,3.774,11.0,3.7662,11
2025-08-20,3.759,3.785,3.759,3.778,30.0,3.7753,29
2025-08-21,3.787,3.805,3.787,3.803,6.0,3.7978,6
2025-08-22,3.809,3.813,3.786,3.798,15.0,3.7957,14
2025-08-25,3.763,3.783,3.763,3.781,21.0,3.7744,21
2025-08-26,3.808,3.808,3.787,3.789,20.0,3.7922,20
2025-08-27,3.824,3.824,3.784,3.793,9.0,3.8001,8
2025-08-28,3.824,3.828,3.805,3.81,29.0,3.8161,27
2025-08-29,3.805,3.82,3.804,3.82,8.0,3.8066,7
2025-09-02,3.795,3.821,3.795,3.807,54.0,3.8093,48
2025-09-03,3.905,3.905,3.799,3.818,47.0,3.8231,45
2025-09-04,3.831,3.834,3.801,3.808,25.0,3.8111,24
2025-09-05,3.808,3.813,3.756,3.756,19.0,3.7743,19
2025-09-08,3.788,3.801,3.771,3.771,20.0,3.7831,20
2025-09-09,3.778,3.782,3.739,3.768,38.0,3.7554,38
2025-09-10,3.766,3.775,3.76,3.76,3.0,3.769,3
2025-09-11,3.771,3.783,3.752,3.779,39.0,3.7762,20
2025-09-12,3.785,3.786,3.77,3.77,5.0,3.7822,5
2025-09-15,3.755,3.796,3.755,3.796,61.0,3.7765,54
2025-09-16,3.798,3.82,3.798,3.816,15.0,3.8108,15
2025-09-17,3.813,3.823,3.792,3.806,25.0,3.8069,25
2025-09-18,3.82,3.82,3.798,3.81,34.0,3.8051,29
2025-09-19,3.813,3.825,3.813,3.817,30.0,3.8172,28
2025-09-22,3.82,3.823,3.809,3.813,16.0,3.8182,16
2025-09-23,3.806,3.826,3.8,3.826,7.0,3.8066,6
2025-09-24,3.822,3.838,3.822,3.838,21.0,3.8257,19
2025-09-25,3.843,3.852,3.823,3.83,143.0,3.8345,50
2025-09-26,3.839,3.84,3.797,3.803,29.0,3.8156,21
2025-09-29,3.808,3.835,3.808,3.835,42.0,3.8209,35
2025-09-30,3.838,3.855,3.836,3.85,79.0,3.845,62
2025-10-01,3.865,3.884,3.84,3.884,116.0,3.8553,81
2025-10-02,3.874,3.907,3.858,3.874,148.0,3.8813,123
2025-10-03,3.881,3.89,3.862,3.88,77.0,3.8748,64
2025-10-06,3.897,3.902,3.88,3.887,41.0,3.8907,38
2025-10-07,3.896,3.897,3.87,3.897,154.0,3.8855,131
2025-10-08,3.897,3.901,3.866,3.883,214.0,3.8791,195
2025-10-09,3.854,3.88,3.85,3.863,70.0,3.8654,61
2025-10-10,3.831,3.853,3.82,3.838,130.0,3.8352,113
2025-10-13,3.834,3.836,3.81,3.826,49.0,3.8241,43
2025-10-14,3.808,3.813,3.791,3.801,123.0,3.8027,98
2025-10-15,3.796,3.829,3.791,3.82,94.0,3.8062,83
2025-10-16,3.811,3.844,3.79,3.8,61.0,3.8192,54
2025-10-17,3.778,3.821,3.776,3.821,51.0,3.7952,34
2025-10-20,3.846,3.857,3.837,3.85,258.0,3.8467,215
2025-10-21,3.854,3.866,3.829,3.854,114.0,3.8462,89
2025-10-22,3.849,3.861,3.83,3.839,132.0,3.84,106
2025-10-23,3.846,3.858,3.809,3.835,151.0,3.8268,135
2025-10-24,3.808,3.854,3.808,3.844,151.0,3.8242,118
2025-10-27,3.838,3.87,3.821,3.854,102.0,3.8552,75
2025-10-28,3.833,3.853,3.827,3.85,57.0,3.8385,41
2025-10-29,3.847,3.852,3.817,3.842,135.0,3.8366,106
2025-10-30,3.835,3.884,3.832,3.858,192.0,3.8533,159
2025-10-31,3.885,3.897,3.852,3.896,365.0,3.8761,256
2025-11-03,3.9,3.911,3.869,3.888,409.0,3.8856,317
2025-11-04,3.864,3.909,3.864,3.899,346.0,3.8898,273
2025-11-05,3.872,3.887,3.842,3.855,233.0,3.861,175
2025-11-06,3.854,3.875,3.842,3.874,209.0,3.8645,162
2025-11-07,3.852,3.886,3.852,3.882,180.0,3.8767,147
2025-11-10,3.885,3.891,3.826,3.866,196.0,3.8611,136
2025-11-11,3.884,3.891,3.869,3.888,108.0,3.8804,80
2025-11-12,3.892,3.903,3.875,3.891,202.0,3.8828,163
2025-11-13,3.901,3.915,3.888,3.915,299.0,3.9033,218
2025-11-14,3.883,3.894,3.869,3.886,214.0,3.8842,169
2025-11-17,3.881,3.895,3.86,3.879,167.0,3.8771,143
2025-11-18,3.879,3.89,3.861,3.885,229.0,3.878,172
2025-11-19,3.867,3.897,3.86,3.887,439.0,3.8792,340
2025-11-20,3.871,3.899,3.863,3.87,408.0,3.8773,320
2025-11-21,3.879,3.88,3.861,3.877,202.0,3.8718,162
2025-11-24,3.838,3.875,3.838,3.875,262.0,3.8615,202
2025-11-25,3.852,3.879,3.831,3.866,354.0,3.8562,295
2025-11-26,3.867,3.895,3.863,3.88,212.0,3.8771,172
2025-11-28,3.874,3.902,3.871,3.893,258.0,3.879,201
2025-12-01,3.872,3.904,3.866,3.872,355.0,3.8862,285
2025-12-02,3.867,3.883,3.86,3.881,246.0,3.8718,197
2025-12-03,3.879,3.895,3.876,3.885,201.0,3.8852,163
2025-12-04,3.888,3.893,3.869,3.887,368.0,3.8798,279
2025-12-05,3.881,3.92,3.881,3.904,1210.0,3.9059,815
2025-12-08,3.887,3.893,3.837,3.855,244.0,3.8776,196
2025-12-09,3.827,3.854,3.804,3.822,797.0,3.8279,481
2025-12-10,3.822,3.828,3.801,3.816,715.0,3.817,479
2025-12-11,3.811,3.817,3.779,3.8,449.0,3.7997,334
2025-12-12,3.78,3.811,3.765,3.769,439.0,3.7835,341
2025-12-15,3.775,3.778,3.745,3.759,297.0,3.7544,214
2025-12-16,3.78,3.785,3.749,3.759,648.0,3.7625,459
2025-12-17,3.786,3.803,3.779,3.786,358.0,3.7945,270
2025-12-18,3.799,3.816,3.749,3.778,305.0,3.788,250
2025-12-19,3.737,3.783,3.715,3.777,228.0,3.7674,187
2025-12-22,3.81,3.81,3.746,3.757,288.0,3.7639,216
2025-12-23,3.771,3.817,3.763,3.804,240.0,3.7849,206
2025-12-24,3.806,3.82,3.778,3.78,80.0,3.7961,71
2025-12-26,3.807,3.815,3.792,3.808,204.0,3.8052,143
2025-12-29,3.819,3.847,3.816,3.843,358.0,3.8327,292
2025-12-30,3.844,3.869,3.82,3.834,299.0,3.8499,237
2025-12-31,3.822,3.83,3.799,3.809,342.0,3.8059,301
2026-01-02,3.793,3.809,3.765,3.768,455.0,3.7885,340
2026-01-05,3.734,3.767,3.713,3.744,327.0,3.7341,244
2026-01-06,3.734,3.742,3.66,3.698,232.0,3.7113,205
2026-01-07,3.701,3.76,3.701,3.706,233.0,3.7189,186
2026-01-08,3.712,3.713,3.672,3.68,195.0,3.6876,168
2026-01-09,3.687,3.687,3.591,3.607,486.0,3.6229,410
2026-01-12,3.65,3.655,3.61,3.649,271.0,3.6307,205
2026-01-13,3.621,3.662,3.621,3.649,221.0,3.6468,160
2026-01-14,3.637,3.647,3.563,3.582,671.0,3.586,457
2026-01-15,3.581,3.622,3.558,3.611,413.0,3.592,288
2026-01-16,3.618,3.646,3.617,3.644,537.0,3.6367,322
2026-01-20,3.744,3.752,3.664,3.706,983.0,3.6895,767
2026-01-21,3.654,3.774,3.653,3.715,815.0,3.7266,667
2026-01-22,3.663,3.727,3.612,3.677,498.0,3.688,423
2026-01-23,3.656,3.705,3.613,3.634,383.0,3.6516,348
2026-01-26,3.68,3.68,3.575,3.622,707.0,3.6168,577
2026-01-27,3.592,3.626,3.52,3.609,576.0,3.5853,515
2026-01-28,3.599,3.619,3.578,3.61,630.0,3.5972,531
2026-01-29,3.607,3.689,3.597,3.661,683.0,3.6405,529
2026-01-30,3.649,3.729,3.649,3.701,995.0,3.7044,819
2026-02-02,3.636,3.697,3.574,3.628,1393.0,3.6298,1021
2026-02-03,3.584,3.637,3.559,3.636,650.0,3.6092,538
2026-02-04,3.625,3.666,3.615,3.644,720.0,3.6397,603
2026-02-05,3.612,3.664,3.612,3.652,430.0,3.6446,333
2026-02-06,3.625,3.665,3.593,3.617,666.0,3.6252,497
2026-02-09,3.566,3.61,3.552,3.6,731.0,3.5842,591
2026-02-10,3.595,3.64,3.594,3.628,598.0,3.6268,449
2026-02-11,3.626,3.648,3.611,3.627,376.0,3.6257,310
2026-02-12,3.62,3.658,3.596,3.602,340.0,3.6226,309
2026-02-13,3.579,3.603,3.566,3.602,313.0,3.5914,255
2026-02-17,3.557,3.599,3.526,3.535,1055.0,3.5535,781
2026-02-18,3.531,3.548,3.512,3.534,956.0,3.5293,733
2026-02-19,3.558,3.606,3.541,3.584,943.0,3.5793,625
2026-02-20,3.582,3.637,3.574,3.608,441.0,3.6076,360
2026-02-23,3.63,3.63,3.59,3.603,349.0,3.6089,254
2026-02-24,3.604,3.622,3.589,3.595,625.0,3.6084,476
2026-02-25,3.596,3.622,3.596,3.605,509.0,3.614,399
2026-02-26,3.595,3.637,3.582,3.618,713.0,3.6138,524
2026-02-27,3.618,3.628,3.611,3.619,333.0,3.6205,208
2026-03-02,3.639,3.682,3.604,3.63,1065.0,3.6387,807
2026-03-03,3.644,3.691,3.587,3.612,980.0,3.6346,766
2026-03-04,3.552,3.619,3.551,3.604,538.0,3.5939,284
2026-03-05,3.644,3.647,3.602,3.624,708.0,3.6233,548
2026-03-06,3.608,3.665,3.603,3.628,1719.0,3.6369,1254
2026-03-09,3.692,3.708,3.588,3.643,998.0,3.6437,740
2026-03-10,3.586,3.639,3.574,3.612,827.0,3.6126,514
2026-03-11,3.65,3.65,3.613,3.631,590.0,3.6306,432
2026-03-12,3.647,3.675,3.625,3.652,667.0,3.6551,407
2026-03-13,3.639,3.688,3.638,3.653,804.0,3.6572,483
2026-03-16,3.658,3.67,3.625,3.642,349.0,3.644,254
2026-03-17,3.634,3.671,3.634,3.664,746.0,3.659,530
2026-03-18,3.649,3.71,3.639,3.687,1083.0,3.6925,775
2026-03-19,3.713,3.816,3.687,3.716,2839.0,3.7384,2080
2026-03-20,3.683,3.721,3.657,3.718,1331.0,3.7037,791
2026-03-23,3.735,3.736,3.664,3.687,1171.0,3.6873,763
2026-03-24,3.689,3.69,3.614,3.683,1271.0,3.663,944
2026-03-25,3.644,3.674,3.629,3.67,978.0,3.6546,653
2026-03-26,3.675,3.686,3.661,3.672,526.0,3.675,325
2026-03-27,3.679,3.716,3.674,3.713,638.0,3.6988,423
2026-03-30,3.67,3.726,3.67,3.695,582.0,3.6977,356
2026-03-31,3.685,3.72,3.619,3.626,819.0,3.641,570
2026-04-01,3.644,3.66,3.54,3.55,796.0,3.5872,601
2026-04-02,3.562,3.588,3.538,3.55,669.0,3.5553,427
2026-04-06,3.547,3.569,3.547,3.563,142.0,3.557,97
2026-04-07,3.565,3.595,3.549,3.59,509.0,3.5796,361
2026-04-08,3.551,3.565,3.501,3.516,1102.0,3.5219,828
2026-04-09,3.539,3.546,3.487,3.5,419.0,3.508,317
2026-04-10,3.511,3.511,3.449,3.459,1198.0,3.4659,844
2026-04-13,3.49,3.5,3.403,3.413,1086.0,3.4356,796
2026-04-14,3.412,3.417,3.366,3.376,851.0,3.3858,566
2026-04-15,3.382,3.398,3.367,3.396,2388.0,3.3886,1271
2026-04-16,3.396,3.462,3.386,3.438,1287.0,3.4295,737
2026-04-17,3.464,3.499,3.439,3.486,1085.0,3.4668,842
2026-04-20,3.499,3.501,3.465,3.482,1114.0,3.4885,542
2026-04-21,3.47,3.504,3.46,3.486,402.0,3.4867,289
2026-04-22,3.49,3.515,3.474,3.507,357.0,3.5003,236
2026-04-23,3.478,3.502,3.462,3.486,428.0,3.4747,315
2026-04-24,3.447,3.477,3.444,3.449,338.0,3.4579,272
2026-04-27,3.453,3.479,3.424,3.427,358.0,3.4415,280
2026-04-28,3.423,3.455,3.414,3.429,609.0,3.434,462
2026-04-29,3.432,3.447,3.417,3.435,1536.0,3.436,916
2026-04-30,3.427,3.454,3.413,3.451,701.0,3.4379,456
2026-05-01,3.452,3.462,3.419,3.45,859.0,3.4398,667
2026-05-04,3.459,3.512,3.444,3.5,848.0,3.4865,553
2026-05-05,3.484,3.492,3.441,3.455,1107.0,3.4638,602
2026-05-06,3.445,3.445,3.396,3.407,572.0,3.4127,389
2026-05-07,3.402,3.408,3.373,3.391,1230.0,3.3912,735
2026-05-08,3.397,3.427,3.386,3.403,753.0,3.406,427
2026-05-11,3.422,3.439,3.409,3.433,348.0,3.427,253
2026-05-12,3.446,3.45,3.375,3.397,327.0,3.4103,250
2026-05-13,3.389,3.405,3.366,3.373,559.0,3.3814,353
2026-05-14,3.377,3.377,3.347,3.351,951.0,3.3558,647
2026-05-15,3.371,3.378,3.332,3.351,461.0,3.3539,270
2026-05-18,3.36,3.393,3.358,3.379,591.0,3.373,431
2026-05-19,3.383,3.414,3.378,3.407,1956.0,3.3973,1213
2026-05-20,3.405,3.408,3.362,3.37,1062.0,3.3775,752
2026-05-21,3.375,3.381,3.344,3.359,949.0,3.3632,583
2026-05-22,3.347,3.362,3.319,3.325,1633.0,3.3404,1126
2026-05-26,3.337,3.344,3.296,3.303,1065.0,3.32,752
2026-05-27,3.299,3.32,3.277,3.3,1631.0,3.2977,1149
2026-05-28,3.3,3.378,3.298,3.362,975.0,3.3454,672
2026-05-29,3.381,3.404,3.366,3.381,1196.0,3.3795,799
2026-06-01,3.406,3.412,3.359,3.389,1187.0,3.3863,855
2026-06-02,3.381,3.403,3.354,3.394,684.0,3.387,464
2026-06-03,3.395,3.415,3.39,3.41,1073.0,3.4039,764
2026-06-04,3.413,3.443,3.406,3.437,1362.0,3.4284,860
2026-06-05,3.443,3.447,3.402,3.416,783.0,3.4175,562
2026-06-08,3.408,3.421,3.381,3.419,865.0,3.405,627
2026-06-09,3.422,3.425,3.394,3.404,599.0,3.4084,427
2026-06-10,3.403,3.426,3.389,3.414,1097.0,3.4098,749
2026-06-11,3.412,3.412,3.375,3.4,561.0,3.3943,387
2026-06-12,3.393,3.408,3.379,3.397,956.0,3.3963,718
2026-06-15,3.38,3.383,3.367,3.382,784.0,3.3749,559
2026-06-16,3.384,3.407,3.375,3.402,396.0,3.391,302
2026-06-17,3.392,3.417,3.386,3.405,714.0,3.405,490
2026-06-18,3.404,3.423,3.402,3.414,467.0,3.4133,327
2026-06-22,3.409,3.437,3.407,3.408,925.0,3.4177,613
2026-06-23,3.404,3.418,3.374,3.379,771.0,3.3959,489
2026-06-24,3.378,3.401,3.378,3.397,928.0,3.3899,475
2026-06-25,3.397,3.411,3.386,3.401,1162.0,3.4007,772
2026-06-26,3.398,3.422,3.385,3.393,1179.0,3.4079,853
2026-06-29,3.359,3.4,3.347,3.351,815.0,3.3674,546
2026-06-30,3.353,3.368,3.346,3.367,1130.0,3.3589,855
2026-07-01,3.366,3.368,3.331,3.347,493.0,3.3507,372
2026-07-02,3.333,3.351,3.313,3.33,1014.0,3.3333,630
2026-07-06,3.328,3.345,3.289,3.311,1741.0,3.3074,1331
2026-07-07,3.307,3.333,3.293,3.309,1269.0,3.3075,873
2026-07-08,3.327,3.34,3.309,3.312,1183.0,3.3227,842
2026-07-09,3.305,3.313,3.249,3.253,2612.0,3.2746,1803
2026-07-10,3.258,3.258,3.225,3.246,1482.0,3.2379,1142
2026-07-13,3.244,3.271,3.225,3.265,1205.0,3.2521,925
2026-07-14,3.256,3.276,3.248,3.265,1881.0,3.2613,1378
2026-07-15,3.266,3.279,3.257,3.264,1276.0,3.2666,868
2026-07-16,3.263,3.267,3.222,3.23,1540.0,3.2412,1107
2026-07-17,3.237,3.264,3.224,3.259,1233.0,3.2521,847
2026-07-20,3.247,3.265,3.229,3.245,1186.0,3.2437,758
2026-07-21,3.247,3.271,3.244,3.27,561.0,3.261,360
2026-07-22,3.271,3.315,3.267,3.305,1260.0,3.2977,769
2026-07-23,3.309,3.335,3.309,3.322,1011.0,3.3214,599
2026-07-24,3.313,3.357,3.296,3.313,1601.0,3.3365,953
2026-07-27,3.282,3.306,3.243,3.306,1585.0,3.2805,1153
2026-07-28,3.284,3.298,3.269,3.292,1544.0,3.2832,956
2026-07-29,3.291,3.322,3.28,3.317,1143.0,3.3084,746
2026-07-30,3.32,3.322,3.288,3.3,1168.0,3.3,713
2026-07-31,3.294,3.325,3.278,3.29,1550.0,3.2928,920
2026-08-03,3.281,3.322,3.281,3.318,1037.0,3.3108,707
2026-08-04,3.31,3.31,3.274,3.288,1198.0,3.2839,709
2026-08-05,3.284,3.284,3.269,3.281,2190.0,3.2763,1706
2026-08-06,3.277,3.277,3.244,3.254,1208.0,3.255,821
2026-08-07,3.245,3.29,3.245,3.278,820.0,3.2716,578
2026-08-10,3.306,3.315,3.291,3.3,882.0,3.3018,612
2026-08-11,3.293,3.309,3.284,3.295,1024.0,3.2948,695
2026-08-12,3.301,3.319,3.293,3.305,1088.0,3.3058,671
2026-08-13,3.297,3.307,3.266,3.294,1131.0,3.2882,693
2026-08-14,3.297,3.322,3.28,3.291,2801.0,3.306,1702
