date,open,high,low,close,volume,average,barCount
2017-03-14,3.27,3.27,3.27,3.27,0.0,3.27,0
2017-03-15,3.29,3.29,3.29,3.29,0.0,3.29,0
2017-03-16,3.306,3.306,3.306,3.306,0.0,3.306,0
2017-03-17,3.311,3.311,3.311,3.311,0.0,3.311,0
2017-03-20,3.313,3.313,3.313,3.313,0.0,3.313,0
2017-03-21,3.323,3.323,3.323,3.323,0.0,3.323,0
2017-03-22,3.325,3.325,3.325,3.325,0.0,3.325,0
2017-03-23,3.32,3.32,3.32,3.32,0.0,3.32,0
2017-03-24,3.284,3.284,3.284,3.284,0.0,3.284,0
2017-03-27,3.274,3.274,3.274,3.274,0.0,3.274,0
2017-03-28,3.265,3.265,3.265,3.265,0.0,3.265,0
2017-03-29,3.273,3.273,3.273,3.273,0.0,3.273,0
2017-03-30,3.276,3.276,3.276,3.276,0.0,3.276,0
2017-03-31,3.293,3.293,3.293,3.293,0.0,3.293,0
2017-04-03,3.3,3.3,3.3,3.3,0.0,3.3,0
2017-04-04,3.313,3.313,3.313,3.313,0.0,3.313,0
2017-04-05,3.33,3.33,3.33,3.33,0.0,3.33,0
2017-04-06,3.31,3.31,3.31,3.31,0.0,3.31,0
2017-04-07,3.324,3.324,3.324,3.324,0.0,3.324,0
2017-04-10,3.333,3.333,3.333,3.333,0.0,3.333,0
2017-04-11,3.364,3.364,3.364,3.364,0.0,3.364,0
2017-04-12,3.365,3.365,3.365,3.365,0.0,3.365,0
2017-04-13,3.376,3.376,3.376,3.376,0.0,3.376,0
2017-04-17,3.359,3.359,3.359,3.359,0.0,3.359,0
2017-04-18,3.389,3.389,3.389,3.389,0.0,3.389,0
2017-04-19,3.4,3.4,3.4,3.4,0.0,3.4,0
2017-04-20,3.434,3.434,3.434,3.434,0.0,3.434,0
2017-04-21,3.435,3.435,3.435,3.435,0.0,3.435,0
2017-04-24,3.394,3.394,3.394,3.394,0.0,3.394,0
2017-04-25,3.394,3.394,3.394,3.394,0.0,3.394,0
2017-04-26,3.385,3.385,3.385,3.385,0.0,3.385,0
2017-04-27,3.376,3.376,3.376,3.376,0.0,3.376,0
2017-04-28,3.402,3.402,3.402,3.402,0.0,3.402,0
2017-05-01,3.377,3.377,3.377,3.377,0.0,3.377,0
2017-05-02,3.378,3.378,3.378,3.378,0.0,3.378,0
2017-05-03,3.397,3.397,3.397,3.397,0.0,3.397,0
2017-05-04,3.44,3.44,3.44,3.44,0.0,3.44,0
2017-05-05,3.44,3.44,3.44,3.44,0.0,3.44,0
2017-05-08,3.431,3.431,3.431,3.431,0.0,3.431,0
2017-05-09,3.434,3.434,3.434,3.434,0.0,3.434,0
2017-05-10,3.435,3.435,3.435,3.435,0.0,3.435,0
2017-05-11,3.469,3.469,3.469,3.469,0.0,3.469,0
2017-05-12,3.473,3.473,3.473,3.473,0.0,3.473,0
2017-05-15,3.478,3.478,3.478,3.478,0.0,3.478,0
2017-05-16,3.495,3.495,3.495,3.495,0.0,3.495,0
2017-05-17,3.491,3.491,3.491,3.491,0.0,3.491,0
2017-05-18,3.478,3.478,3.478,3.478,0.0,3.478,0
2017-05-19,3.468,3.468,3.468,3.468,0.0,3.468,0
2017-05-22,3.47,3.47,3.47,3.47,0.0,3.47,0
2017-05-23,3.537,3.537,3.537,3.537,0.0,3.537,0
2017-05-24,3.539,3.539,3.539,3.539,0.0,3.539,0
2017-05-25,3.529,3.529,3.529,3.529,0.0,3.529,0
2017-05-26,3.514,3.514,3.514,3.514,0.0,3.514,0
2017-05-30,3.481,3.481,3.481,3.481,0.0,3.481,0
2017-05-31,3.477,3.477,3.477,3.477,0.0,3.477,0
2017-06-01,3.479,3.479,3.479,3.479,0.0,3.479,0
2017-06-02,3.469,3.469,3.469,3.469,0.0,3.469,0
2017-06-05,3.439,3.439,3.439,3.439,0.0,3.439,0
2017-06-06,3.381,3.381,3.381,3.381,0.0,3.381,0
2017-06-07,3.392,3.392,3.392,3.392,0.0,3.392,0
2017-06-08,3.41,3.41,3.41,3.41,0.0,3.41,0
2017-06-09,3.407,3.407,3.407,3.407,0.0,3.407,0
2017-06-12,3.409,3.409,3.409,3.409,0.0,3.409,0
2017-06-13,3.406,3.406,3.406,3.406,0.0,3.406,0
2017-06-14,3.395,3.395,3.395,3.395,0.0,3.395,0
2017-06-15,3.423,3.423,3.423,3.423,0.0,3.423,0
2017-06-16,3.412,3.412,3.412,3.412,0.0,3.412,0
2017-06-19,3.435,3.435,3.435,3.435,0.0,3.435,0
2017-06-20,3.474,3.474,3.474,3.474,0.0,3.474,0
2017-06-21,3.494,3.494,3.494,3.494,0.0,3.494,0
2017-06-22,3.488,3.488,3.488,3.488,0.0,3.488,0
2017-06-23,3.475,3.475,3.475,3.475,0.0,3.475,0
2017-06-26,3.452,3.452,3.452,3.452,0.0,3.452,0
2017-06-27,3.455,3.455,3.455,3.455,0.0,3.455,0
2017-06-28,3.445,3.445,3.445,3.445,0.0,3.445,0
2017-06-29,3.446,3.446,3.446,3.446,0.0,3.446,0
2017-06-30,3.464,3.464,3.464,3.464,0.0,3.464,0
2017-07-03,3.469,3.469,3.469,3.469,0.0,3.469,0
2017-07-05,3.454,3.454,3.454,3.454,0.0,3.454,0
2017-07-06,3.402,3.402,3.402,3.402,0.0,3.402,0
2017-07-07,3.397,3.397,3.397,3.397,0.0,3.397,0
2017-07-10,3.384,3.384,3.384,3.384,0.0,3.384,0
2017-07-11,3.381,3.381,3.381,3.381,0.0,3.381,0
2017-07-12,3.367,3.367,3.367,3.367,0.0,3.367,0
2017-07-13,3.38,3.38,3.38,3.38,0.0,3.38,0
2017-07-14,3.383,3.383,3.383,3.383,0.0,3.383,0
2017-07-17,3.376,3.376,3.376,3.376,0.0,3.376,0
2017-07-18,3.373,3.373,3.373,3.373,0.0,3.373,0
2017-07-19,3.358,3.358,3.358,3.358,0.0,3.358,0
2017-07-20,3.339,3.339,3.339,3.339,0.0,3.339,0
2017-07-21,3.34,3.34,3.34,3.34,0.0,3.34,0
2017-07-24,3.317,3.317,3.317,3.317,0.0,3.317,0
2017-07-25,3.292,3.292,3.292,3.292,0.0,3.292,0
2017-07-26,3.285,3.285,3.285,3.285,0.0,3.285,0
2017-07-27,3.286,3.286,3.286,3.286,0.0,3.286,0
2017-07-28,3.301,3.301,3.301,3.301,0.0,3.301,0
2017-07-31,3.277,3.277,3.277,3.277,0.0,3.277,0
2017-08-01,3.299,3.299,3.299,3.299,0.0,3.299,0
2017-08-02,3.308,3.308,3.308,3.308,0.0,3.308,0
2017-08-03,3.331,3.331,3.331,3.331,0.0,3.331,0
2017-08-04,3.341,3.341,3.341,3.341,0.0,3.341,0
2017-08-07,3.34,3.34,3.34,3.34,0.0,3.34,0
2017-08-08,3.322,3.322,3.322,3.322,0.0,3.322,0
2017-08-09,3.316,3.316,3.316,3.316,0.0,3.316,0
2017-08-10,3.313,3.313,3.313,3.313,0.0,3.313,0
2017-08-11,3.317,3.317,3.317,3.317,0.0,3.317,0
2017-08-14,3.313,3.313,3.313,3.313,0.0,3.313,0
2017-08-15,3.311,3.311,3.311,3.311,0.0,3.311,0
2017-08-16,3.301,3.301,3.301,3.301,0.0,3.301,0
2017-08-17,3.3,3.3,3.3,3.3,0.0,3.3,0
2017-08-18,3.3,3.3,3.3,3.3,0.0,3.3,0
2017-08-21,3.29,3.29,3.29,3.29,0.0,3.29,0
2017-08-22,3.282,3.282,3.282,3.282,0.0,3.282,0
2017-08-23,3.279,3.279,3.279,3.279,0.0,3.279,0
2017-08-24,3.229,3.229,3.229,3.229,0.0,3.229,0
2017-08-25,3.216,3.216,3.216,3.216,0.0,3.216,0
2017-08-28,3.229,3.229,3.229,3.229,0.0,3.229,0
2017-08-29,3.231,3.231,3.231,3.231,0.0,3.231,0
2017-08-30,3.232,3.232,3.232,3.232,0.0,3.232,0
2017-08-31,3.24,3.24,3.24,3.24,0.0,3.24,0
2017-09-01,3.241,3.241,3.241,3.241,0.0,3.241,0
2017-09-05,3.237,3.237,3.237,3.237,0.0,3.237,0
2017-09-06,3.198,3.198,3.198,3.198,0.0,3.198,0
2017-09-07,3.232,3.232,3.232,3.232,0.0,3.232,0
2017-09-08,3.236,3.236,3.236,3.236,0.0,3.236,0
2017-09-11,3.247,3.247,3.247,3.247,0.0,3.247,0
2017-09-12,3.224,3.224,3.224,3.224,0.0,3.224,0
2017-09-13,3.21,3.21,3.21,3.21,0.0,3.21,0
2017-09-14,3.198,3.198,3.198,3.198,0.0,3.198,0
2017-09-15,3.203,3.203,3.203,3.203,0.0,3.203,0
2017-09-18,3.198,3.198,3.198,3.198,0.0,3.198,0
2017-09-19,3.188,3.188,3.188,3.188,0.0,3.188,0
2017-09-20,3.178,3.178,3.178,3.178,0.0,3.178,0
2017-09-21,3.169,3.169,3.169,3.169,0.0,3.169,0
2017-09-22,3.183,3.183,3.183,3.183,0.0,3.183,0
2017-09-25,3.166,3.166,3.166,3.166,0.0,3.166,0
2017-09-26,3.176,3.176,3.176,3.176,0.0,3.176,0
2017-09-27,3.187,3.187,3.187,3.187,0.0,3.187,0
2017-09-28,3.186,3.186,3.186,3.186,0.0,3.186,0
2017-09-29,3.183,3.183,3.183,3.183,0.0,3.183,0
2017-10-02,3.196,3.196,3.196,3.196,0.0,3.196,0
2017-10-03,3.205,3.205,3.205,3.205,0.0,3.205,0
2017-10-04,3.204,3.204,3.204,3.204,0.0,3.204,0
2017-10-05,3.213,3.213,3.213,3.213,0.0,3.213,0
2017-10-06,3.205,3.205,3.205,3.205,0.0,3.205,0
2017-10-09,3.215,3.215,3.215,3.215,0.0,3.215,0
2017-10-10,3.205,3.205,3.205,3.205,0.0,3.205,0
2017-10-11,3.224,3.224,3.224,3.224,0.0,3.224,0
2017-10-12,3.268,3.268,3.268,3.268,0.0,3.268,0
2017-10-13,3.27,3.27,3.27,3.27,0.0,3.27,0
2017-10-16,3.3,3.3,3.3,3.3,0.0,3.3,0
2017-10-17,3.347,3.347,3.347,3.347,0.0,3.347,0
2017-10-18,3.351,3.351,3.351,3.351,0.0,3.351,0
2017-10-19,3.373,3.373,3.373,3.373,0.0,3.373,0
2017-10-20,3.413,3.413,3.413,3.413,0.0,3.413,0
2017-10-23,3.393,3.393,3.393,3.393,0.0,3.393,0
2017-10-24,3.392,3.392,3.392,3.392,0.0,3.392,0
2017-10-25,3.393,3.393,3.393,3.393,0.0,3.393,0
2017-10-26,3.386,3.386,3.386,3.386,0.0,3.386,0
2017-10-27,3.366,3.366,3.366,3.366,0.0,3.366,0
2017-10-30,3.401,3.401,3.401,3.401,0.0,3.401,0
2017-10-31,3.412,3.412,3.412,3.412,0.0,3.412,0
2017-11-01,3.422,3.422,3.422,3.422,0.0,3.422,0
2017-11-02,3.404,3.404,3.404,3.404,0.0,3.404,0
2017-11-03,3.401,3.401,3.401,3.401,0.0,3.401,0
2017-11-06,3.396,3.396,3.396,3.396,0.0,3.396,0
2017-11-07,3.395,3.395,3.395,3.395,0.0,3.395,0
2017-11-08,3.393,3.393,3.393,3.393,0.0,3.393,0
2017-11-09,3.403,3.403,3.403,3.403,0.0,3.403,0
2017-11-10,3.383,3.383,3.383,3.383,0.0,3.383,0
2017-11-13,3.369,3.369,3.369,3.369,0.0,3.369,0
2017-11-14,3.359,3.359,3.359,3.359,0.0,3.359,0
2017-11-15,3.351,3.351,3.351,3.351,0.0,3.351,0
2017-11-16,3.355,3.355,3.355,3.355,0.0,3.355,0
2017-11-17,3.349,3.349,3.349,3.349,0.0,3.349,0
2017-11-20,3.342,3.342,3.342,3.342,0.0,3.342,0
2017-11-21,3.34,3.34,3.34,3.34,0.0,3.34,0
2017-11-22,3.327,3.327,3.327,3.327,0.0,3.327,0
2017-11-24,3.33,3.33,3.33,3.33,0.0,3.33,0
2017-11-27,3.333,3.333,3.333,3.333,0.0,3.333,0
2017-11-28,3.333,3.333,3.333,3.333,0.0,3.333,0
2017-11-29,3.339,3.339,3.339,3.339,0.0,3.339,0
2017-11-30,3.339,3.339,3.339,3.339,0.0,3.339,0
2017-12-01,3.295,3.295,3.295,3.295,0.0,3.295,0
2017-12-04,3.281,3.281,3.281,3.281,0.0,3.281,0
2017-12-05,3.269,3.269,3.269,3.269,0.0,3.269,0
2017-12-06,3.251,3.251,3.251,3.251,0.0,3.251,0
2017-12-07,3.257,3.257,3.257,3.257,0.0,3.257,0
2017-12-08,3.252,3.252,3.252,3.252,0.0,3.252,0
2017-12-11,3.245,3.245,3.245,3.245,0.0,3.245,0
2017-12-12,3.255,3.255,3.255,3.255,0.0,3.255,0
2017-12-13,3.274,3.274,3.274,3.274,0.0,3.274,0
2017-12-14,3.285,3.285,3.285,3.285,0.0,3.285,0
2017-12-15,3.293,3.293,3.293,3.293,0.0,3.293,0
2017-12-18,3.313,3.313,3.313,3.313,0.0,3.313,0
2017-12-19,3.315,3.315,3.315,3.315,0.0,3.315,0
2017-12-20,3.301,3.301,3.301,3.301,0.0,3.301,0
2017-12-21,3.318,3.318,3.318,3.318,0.0,3.318,0
2017-12-22,3.341,3.341,3.341,3.341,0.0,3.341,0
2017-12-26,3.342,3.342,3.342,3.342,0.0,3.342,0
2017-12-27,3.315,3.315,3.315,3.315,0.0,3.315,0
2017-12-28,3.255,3.255,3.255,3.255,0.0,3.255,0
2017-12-29,3.239,3.239,3.239,3.239,0.0,3.239,0
2018-01-02,3.232,3.232,3.232,3.232,0.0,3.232,0
2018-01-03,3.233,3.233,3.233,3.233,0.0,3.233,0
2018-01-04,3.265,3.265,3.265,3.265,0.0,3.265,0
2018-01-05,3.259,3.259,3.259,3.259,0.0,3.259,0
2018-01-08,3.254,3.254,3.254,3.254,0.0,3.254,0
2018-01-09,3.239,3.239,3.239,3.239,0.0,3.239,0
2018-01-10,3.232,3.232,3.232,3.232,0.0,3.232,0
2018-01-11,3.249,3.249,3.249,3.249,0.0,3.249,0
2018-01-12,3.236,3.236,3.236,3.236,0.0,3.236,0
2018-01-16,3.199,3.199,3.199,3.199,0.0,3.199,0
2018-01-17,3.193,3.193,3.193,3.193,0.0,3.193,0
2018-01-18,3.191,3.191,3.191,3.191,0.0,3.191,0
2018-01-19,3.201,3.201,3.201,3.201,0.0,3.201,0
2018-01-22,3.22,3.22,3.22,3.22,0.0,3.22,0
2018-01-23,3.232,3.232,3.232,3.232,0.0,3.232,0
2018-01-24,3.246,3.246,3.246,3.246,0.0,3.246,0
2018-01-25,3.27,3.27,3.27,3.27,0.0,3.27,0
2018-01-26,3.236,3.236,3.236,3.236,0.0,3.236,0
2018-01-29,3.238,3.238,3.238,3.238,0.0,3.238,0
2018-01-30,3.255,3.255,3.255,3.255,0.0,3.255,0
2018-01-31,3.224,3.224,3.224,3.224,0.0,3.224,0
2018-02-01,3.217,3.217,3.217,3.217,0.0,3.217,0
2018-02-02,3.242,3.242,3.242,3.242,0.0,3.242,0
2018-02-05,3.264,3.264,3.264,3.264,0.0,3.264,0
2018-02-06,3.248,3.248,3.248,3.248,0.0,3.248,0
2018-02-07,3.226,3.226,3.226,3.226,0.0,3.226,0
2018-02-08,3.239,3.239,3.239,3.239,0.0,3.239,0
2018-02-09,3.206,3.206,3.206,3.206,0.0,3.206,0
2018-02-12,3.196,3.196,3.196,3.196,0.0,3.196,0
2018-02-13,3.183,3.183,3.183,3.183,0.0,3.183,0
2018-02-14,3.191,3.191,3.191,3.191,0.0,3.191,0
2018-02-15,3.196,3.196,3.196,3.196,0.0,3.196,0
2018-02-16,3.209,3.209,3.209,3.209,0.0,3.209,0
2018-02-20,3.212,3.212,3.212,3.212,0.0,3.212,0
2018-02-21,3.23,3.23,3.23,3.23,0.0,3.23,0
2018-02-22,3.242,3.242,3.242,3.242,0.0,3.242,0
2018-02-23,3.234,3.234,3.234,3.234,0.0,3.234,0
2018-02-26,3.23,3.23,3.23,3.23,0.0,3.23,0
2018-02-27,3.233,3.233,3.233,3.233,0.0,3.233,0
2018-02-28,3.208,3.208,3.208,3.208,0.0,3.208,0
2018-03-01,3.247,3.247,3.247,3.247,0.0,3.247,0
2018-03-02,3.264,3.264,3.264,3.264,0.0,3.264,0
2018-03-05,3.282,3.282,3.282,3.282,0.0,3.282,0
2018-03-06,3.279,3.279,3.279,3.279,0.0,3.279,0
2018-03-07,3.272,3.272,3.272,3.272,0.0,3.272,0
2018-03-08,3.234,3.234,3.234,3.234,0.0,3.234,0
2018-03-09,3.195,3.195,3.195,3.195,0.0,3.195,0
2018-03-12,3.201,3.201,3.201,3.201,0.0,3.201,0
2018-03-13,3.208,3.208,3.208,3.208,0.0,3.208,0
2018-03-14,3.228,3.228,3.228,3.228,0.0,3.228,0
2018-03-15,3.286,3.286,3.286,3.286,0.0,3.286,0
2018-03-16,3.296,3.296,3.296,3.296,0.0,3.296,0
2018-03-19,3.286,3.286,3.286,3.286,0.0,3.286,0
2018-03-20,3.291,3.291,3.291,3.291,0.0,3.291,0
2018-03-21,3.299,3.299,3.299,3.299,0.0,3.299,0
2018-03-22,3.287,3.287,3.287,3.287,0.0,3.287,0
2018-03-23,3.209,3.209,3.209,3.209,0.0,3.209,0
2018-03-26,3.237,3.237,3.237,3.237,0.0,3.237,0
2018-03-27,3.243,3.243,3.243,3.243,0.0,3.243,0
2018-03-28,3.272,3.272,3.272,3.272,0.0,3.272,0
2018-03-29,3.31,3.31,3.31,3.31,0.0,3.31,0
2018-04-02,3.292,3.292,3.292,3.292,0.0,3.292,0
2018-04-03,3.27,3.27,3.27,3.27,0.0,3.27,0
2018-04-04,3.244,3.244,3.244,3.244,0.0,3.244,0
2018-04-05,3.26,3.26,3.26,3.26,0.0,3.26,0
2018-04-06,3.254,3.254,3.254,3.254,0.0,3.254,0
2018-04-09,3.238,3.238,3.238,3.238,0.0,3.238,0
2018-04-10,3.247,3.247,3.247,3.247,0.0,3.247,0
2018-04-11,3.255,3.255,3.255,3.255,0.0,3.255,0
2018-04-12,3.278,3.278,3.278,3.278,0.0,3.278,0
2018-04-13,3.271,3.271,3.271,3.271,0.0,3.271,0
2018-04-16,3.273,3.273,3.273,3.273,0.0,3.273,0
2018-04-17,3.235,3.235,3.235,3.235,0.0,3.235,0
2018-04-18,3.236,3.236,3.236,3.236,0.0,3.236,0
2018-04-19,3.238,3.238,3.238,3.238,0.0,3.238,0
2018-04-20,3.246,3.246,3.246,3.246,0.0,3.246,0
2018-04-23,3.247,3.247,3.247,3.247,0.0,3.247,0
2018-04-24,3.245,3.245,3.245,3.245,0.0,3.245,0
2018-04-25,3.234,3.234,3.234,3.234,0.0,3.234,0
2018-04-26,3.224,3.224,3.224,3.224,0.0,3.224,0
2018-04-27,3.226,3.226,3.226,3.226,0.0,3.226,0
2018-04-30,3.22,3.22,3.22,3.22,0.0,3.22,0
2018-05-01,3.2,3.2,3.2,3.2,0.0,3.2,0
2018-05-02,3.225,3.225,3.225,3.225,0.0,3.225,0
2018-05-03,3.235,3.235,3.235,3.235,0.0,3.235,0
2018-05-04,3.233,3.233,3.233,3.233,0.0,3.233,0
2018-05-07,3.231,3.231,3.231,3.231,0.0,3.231,0
2018-05-08,3.186,3.186,3.186,3.186,0.0,3.186,0
2018-05-09,3.172,3.172,3.172,3.172,0.0,3.172,0
2018-05-10,3.168,3.168,3.168,3.168,0.0,3.168,0
2018-05-11,3.171,3.171,3.171,3.171,0.0,3.171,0
2018-05-14,3.163,3.163,3.163,3.163,0.0,3.163,0
2018-05-15,3.201,3.201,3.201,3.201,0.0,3.201,0
2018-05-16,3.175,3.175,3.175,3.175,0.0,3.175,0
2018-05-17,3.182,3.182,3.182,3.182,0.0,3.182,0
2018-05-18,3.197,3.197,3.197,3.197,0.0,3.197,0
2018-05-21,3.192,3.192,3.192,3.192,0.0,3.192,0
2018-05-22,3.161,3.161,3.161,3.161,0.0,3.161,0
2018-05-23,3.138,3.138,3.138,3.138,0.0,3.138,0
2018-05-24,3.132,3.132,3.132,3.132,0.0,3.132,0
2018-05-25,3.104,3.104,3.104,3.104,0.0,3.104,0
2018-05-29,3.083,3.083,3.083,3.083,0.0,3.083,0
2018-05-30,3.094,3.094,3.094,3.094,0.0,3.094,0
2018-05-31,3.077,3.077,3.077,3.077,0.0,3.077,0
2018-06-01,3.067,3.067,3.067,3.067,0.0,3.067,0
2018-06-04,3.08,3.08,3.08,3.08,0.0,3.08,0
2018-06-05,3.095,3.095,3.095,3.095,0.0,3.095,0
2018-06-06,3.09,3.09,3.09,3.09,0.0,3.09,0
2018-06-07,3.088,3.088,3.088,3.088,0.0,3.088,0
2018-06-08,3.089,3.089,3.089,3.089,0.0,3.089,0
2018-06-11,3.088,3.088,3.088,3.088,0.0,3.088,0
2018-06-12,3.119,3.119,3.119,3.119,0.0,3.119,0
2018-06-13,3.13,3.13,3.13,3.13,0.0,3.13,0
2018-06-14,3.146,3.146,3.146,3.146,0.0,3.146,0
2018-06-15,3.151,3.151,3.151,3.151,0.0,3.151,0
2018-06-18,3.187,3.187,3.187,3.187,0.0,3.187,0
2018-06-19,3.189,3.189,3.189,3.189,0.0,3.189,0
2018-06-20,3.188,3.188,3.188,3.188,0.0,3.188,0
2018-06-21,3.166,3.166,3.166,3.166,0.0,3.166,0
2018-06-22,3.168,3.168,3.168,3.168,0.0,3.168,0
2018-06-25,3.164,3.164,3.164,3.164,0.0,3.164,0
2018-06-26,3.161,3.161,3.161,3.161,0.0,3.161,0
2018-06-27,3.164,3.164,3.164,3.164,0.0,3.164,0
2018-06-28,3.143,3.143,3.143,3.143,0.0,3.143,0
2018-06-29,3.14,3.14,3.14,3.14,0.0,3.14,0
2018-07-02,3.131,3.131,3.131,3.131,0.0,3.131,0
2018-07-03,3.128,3.128,3.128,3.128,0.0,3.128,0
2018-07-05,3.13,3.13,3.13,3.13,0.0,3.13,0
2018-07-06,3.129,3.129,3.129,3.129,0.0,3.129,0
2018-07-09,3.12,3.12,3.12,3.12,0.0,3.12,0
2018-07-10,3.124,3.124,3.124,3.124,0.0,3.124,0
2018-07-11,3.102,3.102,3.102,3.102,0.0,3.102,0
2018-07-12,3.099,3.099,3.099,3.099,0.0,3.099,0
2018-07-13,3.094,3.094,3.094,3.094,0.0,3.094,0
2018-07-16,3.067,3.067,3.067,3.067,0.0,3.067,0
2018-07-17,3.052,3.052,3.052,3.052,0.0,3.052,0
2018-07-18,3.053,3.053,3.053,3.053,0.0,3.053,0
2018-07-19,3.045,3.045,3.045,3.045,0.0,3.045,0
2018-07-20,3.051,3.051,3.051,3.051,0.0,3.051,0
2018-07-23,3.06,3.06,3.06,3.06,0.0,3.06,0
2018-07-24,3.064,3.064,3.064,3.064,0.0,3.064,0
2018-07-25,3.096,3.096,3.096,3.096,0.0,3.096,0
2018-07-26,3.092,3.092,3.092,3.092,0.0,3.092,0
2018-07-27,3.11,3.11,3.11,3.11,0.0,3.11,0
2018-07-30,3.114,3.114,3.114,3.114,0.0,3.114,0
2018-07-31,3.117,3.117,3.117,3.117,0.0,3.117,0
2018-08-01,3.087,3.087,3.087,3.087,0.0,3.087,0
2018-08-02,3.091,3.091,3.091,3.091,0.0,3.091,0
2018-08-03,3.091,3.091,3.091,3.091,0.0,3.091,0
2018-08-06,3.081,3.081,3.081,3.081,0.0,3.081,0
2018-08-07,3.126,3.126,3.126,3.126,0.0,3.126,0
2018-08-08,3.139,3.139,3.139,3.139,0.0,3.139,0
2018-08-09,3.139,3.139,3.139,3.139,0.0,3.139,0
2018-08-10,3.136,3.136,3.136,3.136,0.0,3.136,0
2018-08-13,3.137,3.137,3.137,3.137,0.0,3.137,0
2018-08-14,3.136,3.136,3.136,3.136,0.0,3.136,0
2018-08-15,3.137,3.137,3.137,3.137,0.0,3.137,0
2018-08-16,3.127,3.127,3.127,3.127,0.0,3.127,0
2018-08-17,3.129,3.129,3.129,3.129,0.0,3.129,0
2018-08-20,3.128,3.128,3.128,3.128,0.0,3.128,0
2018-08-21,3.144,3.144,3.144,3.144,0.0,3.144,0
2018-08-22,3.131,3.131,3.131,3.131,0.0,3.131,0
2018-08-23,3.128,3.128,3.128,3.128,0.0,3.128,0
2018-08-24,3.115,3.115,3.115,3.115,0.0,3.115,0
2018-08-27,3.085,3.085,3.085,3.085,0.0,3.085,0
2018-08-28,3.061,3.061,3.061,3.061,0.0,3.061,0
2018-08-29,3.065,3.065,3.065,3.065,0.0,3.065,0
2018-08-30,3.046,3.046,3.046,3.046,0.0,3.046,0
2018-08-31,3.06,3.06,3.06,3.06,0.0,3.06,0
2018-09-04,3.047,3.047,3.047,3.047,0.0,3.047,0
2018-09-05,3.052,3.052,3.052,3.052,0.0,3.052,0
2018-09-06,3.071,3.071,3.071,3.071,0.0,3.071,0
2018-09-07,3.07,3.07,3.07,3.07,0.0,3.07,0
2018-09-10,3.073,3.073,3.073,3.073,0.0,3.073,0
2018-09-11,3.07,3.07,3.07,3.07,0.0,3.07,0
2018-09-12,3.08,3.08,3.08,3.08,0.0,3.08,0
2018-09-13,3.096,3.096,3.096,3.096,0.0,3.096,0
2018-09-14,3.102,3.102,3.102,3.102,0.0,3.102,0
2018-09-17,3.106,3.106,3.106,3.106,0.0,3.106,0
2018-09-18,3.116,3.116,3.116,3.116,0.0,3.116,0
2018-09-19,3.113,3.113,3.113,3.113,0.0,3.113,0
2018-09-20,3.117,3.117,3.117,3.117,0.0,3.117,0
2018-09-21,3.115,3.115,3.115,3.115,0.0,3.115,0
2018-09-24,3.113,3.113,3.113,3.113,0.0,3.113,0
2018-09-25,3.116,3.116,3.116,3.116,0.0,3.116,0
2018-09-26,3.125,3.125,3.125,3.125,0.0,3.125,0
2018-09-27,3.126,3.126,3.126,3.126,0.0,3.126,0
2018-09-28,3.127,3.127,3.127,3.127,0.0,3.127,0
2018-10-01,3.132,3.132,3.132,3.132,0.0,3.132,0
2018-10-02,3.13,3.13,3.13,3.13,0.0,3.13,0
2018-10-03,3.129,3.129,3.129,3.129,0.0,3.129,0
2018-10-04,3.13,3.13,3.13,3.13,0.0,3.13,0
2018-10-05,3.133,3.133,3.133,3.133,0.0,3.133,0
2018-10-08,3.138,3.138,3.138,3.138,0.0,3.138,0
2018-10-09,3.133,3.133,3.133,3.133,0.0,3.133,0
2018-10-10,3.129,3.129,3.129,3.129,0.0,3.129,0
2018-10-11,3.154,3.154,3.154,3.154,0.0,3.154,0
2018-10-12,3.174,3.174,3.174,3.174,0.0,3.174,0
2018-10-15,3.173,3.173,3.173,3.173,0.0,3.173,0
2018-10-16,3.193,3.193,3.193,3.193,0.0,3.193,0
2018-10-17,3.188,3.188,3.188,3.188,0.0,3.188,0
2018-10-18,3.187,3.187,3.187,3.187,0.0,3.187,0
2018-10-19,3.184,3.184,3.184,3.184,0.0,3.184,0
2018-10-22,3.185,3.185,3.185,3.185,0.0,3.185,0
2018-10-23,3.184,3.184,3.184,3.184,0.0,3.184,0
2018-10-24,3.181,3.181,3.181,3.181,0.0,3.181,0
2018-10-25,3.171,3.171,3.171,3.171,0.0,3.171,0
2018-10-26,3.173,3.173,3.173,3.173,0.0,3.173,0
2018-10-29,3.174,3.174,3.174,3.174,0.0,3.174,0
2018-10-30,3.192,3.192,3.192,3.192,0.0,3.192,0
2018-10-31,3.191,3.191,3.191,3.191,0.0,3.191,0
2018-11-01,3.198,3.198,3.198,3.198,0.0,3.198,0
2018-11-02,3.205,3.205,3.205,3.205,0.0,3.205,0
2018-11-05,3.219,3.219,3.219,3.219,0.0,3.219,0
2018-11-06,3.235,3.235,3.235,3.235,0.0,3.235,0
2018-11-07,3.233,3.233,3.233,3.233,0.0,3.233,0
2018-11-08,3.234,3.234,3.234,3.234,0.0,3.234,0
2018-11-09,3.237,3.237,3.237,3.237,0.0,3.237,0
2018-11-12,3.26,3.26,3.26,3.26,0.0,3.26,0
2018-11-13,3.239,3.239,3.239,3.239,0.0,3.239,0
2018-11-14,3.223,3.223,3.223,3.223,0.0,3.223,0
2018-11-15,3.238,3.238,3.238,3.238,0.0,3.238,0
2018-11-16,3.209,3.209,3.209,3.209,0.0,3.209,0
2018-11-19,3.196,3.196,3.196,3.196,0.0,3.196,0
2018-11-20,3.194,3.194,3.194,3.194,0.0,3.194,0
2018-11-21,3.192,3.192,3.192,3.192,0.0,3.192,0
2018-11-23,3.217,3.217,3.217,3.217,0.0,3.217,0
2018-11-26,3.21,3.21,3.21,3.21,0.0,3.21,0
2018-11-27,3.206,3.206,3.206,3.206,0.0,3.206,0
2018-11-28,3.207,3.207,3.207,3.207,0.0,3.207,0
2018-11-29,3.237,3.237,3.237,3.237,0.0,3.237,0
2018-11-30,3.293,3.293,3.293,3.293,0.0,3.293,0
2018-12-03,3.265,3.265,3.265,3.265,0.0,3.265,0
2018-12-04,3.251,3.251,3.251,3.251,0.0,3.251,0
2018-12-05,3.242,3.242,3.242,3.242,0.0,3.242,0
2018-12-06,3.253,3.253,3.253,3.253,0.0,3.253,0
2018-12-07,3.26,3.26,3.26,3.26,0.0,3.26,0
2018-12-10,3.261,3.261,3.261,3.261,0.0,3.261,0
2018-12-11,3.236,3.236,3.236,3.236,0.0,3.236,0
2018-12-12,3.238,3.238,3.238,3.238,0.0,3.238,0
2018-12-13,3.206,3.206,3.206,3.206,0.0,3.206,0
2018-12-14,3.216,3.216,3.216,3.216,0.0,3.216,0
2018-12-17,3.215,3.215,3.215,3.215,0.0,3.215,0
2018-12-18,3.21,3.21,3.21,3.21,0.0,3.21,0
2018-12-19,3.233,3.233,3.233,3.233,0.0,3.233,0
2018-12-20,3.248,3.248,3.248,3.248,0.0,3.248,0
2018-12-21,3.251,3.251,3.251,3.251,0.0,3.251,0
2018-12-24,3.25,3.25,3.25,3.25,0.0,3.25,0
2018-12-26,3.247,3.247,3.247,3.247,0.0,3.247,0
2018-12-27,3.245,3.245,3.245,3.245,0.0,3.245,0
2018-12-28,3.245,3.245,3.245,3.245,0.0,3.245,0
2018-12-31,3.254,3.254,3.254,3.254,0.0,3.254,0
2019-01-02,3.254,3.254,3.254,3.254,0.0,3.254,0
2019-01-03,3.243,3.243,3.243,3.243,0.0,3.243,0
2019-01-04,3.243,3.243,3.243,3.243,0.0,3.243,0
2019-01-07,3.245,3.245,3.245,3.245,0.0,3.245,0
2019-01-08,3.24,3.24,3.24,3.24,0.0,3.24,0
2019-01-09,3.241,3.241,3.241,3.241,0.0,3.241,0
2019-01-10,3.241,3.241,3.241,3.241,0.0,3.241,0
2019-01-11,3.248,3.248,3.248,3.248,0.0,3.248,0
2019-01-14,3.247,3.247,3.247,3.247,0.0,3.247,0
2019-01-15,3.239,3.239,3.239,3.239,0.0,3.239,0
2019-01-16,3.208,3.208,3.208,3.208,0.0,3.208,0
2019-01-17,3.208,3.208,3.208,3.208,0.0,3.208,0
2019-01-18,3.221,3.221,3.221,3.221,0.0,3.221,0
2019-01-22,3.234,3.234,3.234,3.234,0.0,3.234,0
2019-01-23,3.223,3.223,3.223,3.223,0.0,3.223,0
2019-01-24,3.202,3.202,3.202,3.202,0.0,3.202,0
2019-01-25,3.247,3.247,3.247,3.247,0.0,3.247,0
2019-01-28,3.231,3.231,3.231,3.231,0.0,3.231,0
2019-01-29,3.234,3.234,3.234,3.234,0.0,3.234,0
2019-01-30,3.236,3.236,3.236,3.236,0.0,3.236,0
2019-01-31,3.237,3.237,3.237,3.237,0.0,3.237,0
2019-02-01,3.238,3.238,3.238,3.238,0.0,3.238,0
2019-02-04,3.225,3.225,3.225,3.225,0.0,3.225,0
2019-02-05,3.275,3.275,3.275,3.275,0.0,3.275,0
2019-02-06,3.272,3.272,3.272,3.272,0.0,3.272,0
2019-02-07,3.268,3.268,3.268,3.268,0.0,3.268,0
2019-02-08,3.27,3.27,3.27,3.27,0.0,3.27,0
2019-02-11,3.275,3.275,3.275,3.275,0.0,3.275,0
2019-02-12,3.283,3.283,3.283,3.283,0.0,3.283,0
2019-02-13,3.281,3.281,3.281,3.281,0.0,3.281,0
2019-02-14,3.288,3.288,3.288,3.288,0.0,3.288,0
2019-02-15,3.268,3.268,3.268,3.268,0.0,3.268,0
2019-02-19,3.259,3.259,3.259,3.259,0.0,3.259,0
2019-02-20,3.271,3.271,3.271,3.271,0.0,3.271,0
2019-02-21,3.258,3.258,3.258,3.258,0.0,3.258,0
2019-02-22,3.255,3.255,3.255,3.255,0.0,3.255,0
2019-02-25,3.247,3.247,3.247,3.247,0.0,3.247,0
2019-02-26,3.229,3.229,3.229,3.229,0.0,3.229,0
2019-02-27,3.265,3.265,3.265,3.265,0.0,3.265,0
2019-02-28,3.276,3.276,3.276,3.276,0.0,3.276,0
2019-03-01,3.275,3.275,3.275,3.275,0.0,3.275,0
2019-03-04,3.271,3.271,3.271,3.271,0.0,3.271,0
2019-03-05,3.269,3.269,3.269,3.269,0.0,3.269,0
2019-03-06,3.272,3.272,3.272,3.272,0.0,3.272,0
2019-03-07,3.277,3.277,3.277,3.277,0.0,3.277,0
2019-03-08,3.277,3.277,3.277,3.277,0.0,3.277,0
2019-03-11,3.304,3.304,3.304,3.304,0.0,3.304,0
2019-03-12,3.319,3.319,3.319,3.319,0.0,3.319,0
2019-03-13,3.328,3.328,3.328,3.328,0.0,3.328,0
2019-03-14,3.336,3.336,3.336,3.336,0.0,3.336,0
2019-03-15,3.337,3.337,3.337,3.337,0.0,3.337,0
2019-03-18,3.336,3.336,3.336,3.336,0.0,3.336,0
2019-03-19,3.337,3.337,3.337,3.337,0.0,3.337,0
2019-03-20,3.335,3.335,3.335,3.335,0.0,3.335,0
2019-03-21,3.345,3.345,3.345,3.345,0.0,3.345,0
2019-03-22,3.335,3.335,3.335,3.335,0.0,3.335,0
2019-03-25,3.334,3.334,3.334,3.334,0.0,3.334,0
2019-03-26,3.336,3.336,3.336,3.336,0.0,3.336,0
2019-03-27,3.327,3.327,3.327,3.327,0.0,3.327,0
2019-03-28,3.33,3.33,3.33,3.33,0.0,3.33,0
2019-03-29,3.329,3.329,3.329,3.329,0.0,3.329,0
2019-04-01,3.328,3.328,3.328,3.328,0.0,3.328,0
2019-04-02,3.335,3.335,3.335,3.335,0.0,3.335,0
2019-04-03,3.342,3.342,3.342,3.342,0.0,3.342,0
2019-04-04,3.373,3.373,3.373,3.373,0.0,3.373,0
2019-04-05,3.341,3.341,3.341,3.341,0.0,3.341,0
2019-04-08,3.344,3.344,3.344,3.344,0.0,3.344,0
2019-04-09,3.351,3.351,3.351,3.351,0.0,3.351,0
2019-04-10,3.329,3.329,3.329,3.329,0.0,3.329,0
2019-04-11,3.327,3.327,3.327,3.327,0.0,3.327,0
2019-04-12,3.327,3.327,3.327,3.327,0.0,3.327,0
2019-04-15,3.327,3.327,3.327,3.327,0.0,3.327,0
2019-04-16,3.328,3.328,3.328,3.328,0.0,3.328,0
2019-04-17,3.318,3.318,3.318,3.318,0.0,3.318,0
2019-04-18,3.303,3.303,3.303,3.303,0.0,3.303,0
2019-04-22,3.291,3.291,3.291,3.291,0.0,3.291,0
2019-04-23,3.286,3.286,3.286,3.286,0.0,3.286,0
2019-04-24,3.296,3.296,3.296,3.296,0.0,3.296,0
2019-04-25,3.306,3.306,3.306,3.306,0.0,3.306,0
2019-04-26,3.303,3.303,3.303,3.303,0.0,3.303,0
2019-04-29,3.31,3.31,3.31,3.31,0.0,3.31,0
2019-04-30,3.315,3.315,3.315,3.315,0.0,3.315,0
2019-05-01,3.317,3.317,3.317,3.317,0.0,3.317,0
2019-05-02,3.314,3.314,3.314,3.314,0.0,3.314,0
2019-05-03,3.327,3.327,3.327,3.327,0.0,3.327,0
2019-05-06,3.33,3.33,3.33,3.33,0.0,3.33,0
2019-05-07,3.33,3.33,3.33,3.33,0.0,3.33,0
2019-05-08,3.324,3.324,3.324,3.324,0.0,3.324,0
2019-05-09,3.331,3.331,3.331,3.331,0.0,3.331,0
2019-05-10,3.322,3.322,3.322,3.322,0.0,3.322,0
2019-05-13,3.325,3.325,3.325,3.325,0.0,3.325,0
2019-05-14,3.336,3.336,3.336,3.336,0.0,3.336,0
2019-05-15,3.354,3.354,3.354,3.354,0.0,3.354,0
2019-05-16,3.35,3.35,3.35,3.35,0.0,3.35,0
2019-05-17,3.354,3.354,3.354,3.354,0.0,3.354,0
2019-05-20,3.359,3.359,3.359,3.359,0.0,3.359,0
2019-05-21,3.362,3.362,3.362,3.362,0.0,3.362,0
2019-05-22,3.299,3.299,3.299,3.299,0.0,3.299,0
2019-05-23,3.311,3.311,3.311,3.311,0.0,3.311,0
2019-05-24,3.321,3.321,3.321,3.321,0.0,3.321,0
2019-05-28,3.362,3.362,3.362,3.362,0.0,3.362,0
2019-05-29,3.343,3.343,3.343,3.343,0.0,3.343,0
2019-05-30,3.341,3.341,3.341,3.341,0.0,3.341,0
2019-05-31,3.339,3.339,3.339,3.339,0.0,3.339,0
2019-06-03,3.327,3.327,3.327,3.327,0.0,3.327,0
2019-06-04,3.32,3.32,3.32,3.32,0.0,3.32,0
2019-06-05,3.324,3.324,3.324,3.324,0.0,3.324,0
2019-06-06,3.334,3.334,3.334,3.334,0.0,3.334,0
2019-06-07,3.335,3.335,3.335,3.335,0.0,3.335,0
2019-06-10,3.324,3.324,3.324,3.324,0.0,3.324,0
2019-06-11,3.324,3.324,3.324,3.324,0.0,3.324,0
2019-06-12,3.321,3.321,3.321,3.321,0.0,3.321,0
2019-06-13,3.322,3.322,3.322,3.322,0.0,3.322,0
2019-06-14,3.327,3.327,3.327,3.327,0.0,3.327,0
2019-06-17,3.33,3.33,3.33,3.33,0.0,3.33,0
2019-06-18,3.313,3.313,3.313,3.313,0.0,3.313,0
2019-06-19,3.314,3.314,3.314,3.314,0.0,3.314,0
2019-06-20,3.318,3.318,3.318,3.318,0.0,3.318,0
2019-06-21,3.333,3.333,3.333,3.333,0.0,3.333,0
2019-06-24,3.333,3.333,3.333,3.333,0.0,3.333,0
2019-06-25,3.332,3.332,3.332,3.332,0.0,3.332,0
2019-06-26,3.324,3.324,3.324,3.324,0.0,3.324,0
2019-06-27,3.32,3.32,3.32,3.32,0.0,3.32,0
2019-06-28,3.292,3.292,3.292,3.292,0.0,3.292,0
2019-07-01,3.285,3.285,3.285,3.285,0.0,3.285,0
2019-07-02,3.294,3.294,3.294,3.294,0.0,3.294,0
2019-07-03,3.293,3.293,3.293,3.293,0.0,3.293,0
2019-07-05,3.319,3.319,3.319,3.319,0.0,3.319,0
2019-07-08,3.315,3.315,3.315,3.315,0.0,3.315,0
2019-07-09,3.354,3.354,3.354,3.354,0.0,3.354,0
2019-07-10,3.346,3.346,3.346,3.346,0.0,3.346,0
2019-07-11,3.354,3.354,3.354,3.354,0.0,3.354,0
2019-07-12,3.362,3.362,3.362,3.362,0.0,3.362,0
2019-07-15,3.367,3.367,3.367,3.367,0.0,3.367,0
2019-07-16,3.343,3.343,3.343,3.343,0.0,3.343,0
2019-07-17,3.34,3.34,3.34,3.34,0.0,3.34,0
2019-07-18,3.359,3.359,3.359,3.359,0.0,3.359,0
2019-07-19,3.352,3.352,3.352,3.352,0.0,3.352,0
2019-07-22,3.279,3.279,3.279,3.279,0.0,3.279,0
2019-07-23,3.317,3.317,3.317,3.317,0.0,3.317,0
2019-07-24,3.31,3.31,3.31,3.31,0.0,3.31,0
2019-07-25,3.311,3.311,3.311,3.311,0.0,3.311,0
2019-07-26,3.305,3.305,3.305,3.305,0.0,3.305,0
2019-07-29,3.294,3.294,3.294,3.294,0.0,3.294,0
2019-07-30,3.297,3.297,3.297,3.297,0.0,3.297,0
2019-07-31,3.303,3.303,3.303,3.303,0.0,3.303,0
2019-08-01,3.306,3.306,3.306,3.306,0.0,3.306,0
2019-08-02,3.293,3.293,3.293,3.293,0.0,3.293,0
2019-08-05,3.291,3.291,3.291,3.291,0.0,3.291,0
2019-08-06,3.292,3.292,3.292,3.292,0.0,3.292,0
2019-08-07,3.297,3.297,3.297,3.297,0.0,3.297,0
2019-08-08,3.266,3.266,3.266,3.266,0.0,3.266,0
2019-08-09,3.255,3.255,3.255,3.255,0.0,3.255,0
2019-08-12,3.214,3.214,3.214,3.214,0.0,3.214,0
2019-08-13,3.196,3.196,3.196,3.196,0.0,3.196,0
2019-08-14,3.14,3.14,3.14,3.14,0.0,3.14,0
2019-08-15,3.14,3.14,3.14,3.14,0.0,3.14,0
2019-08-16,3.123,3.123,3.123,3.123,0.0,3.123,0
2019-08-19,3.128,3.128,3.128,3.128,0.0,3.128,0
2019-08-20,3.131,3.131,3.131,3.131,0.0,3.131,0
2019-08-21,3.136,3.136,3.136,3.136,0.0,3.136,0
2019-08-22,3.14,3.14,3.14,3.14,0.0,3.14,0
2019-08-23,3.17,3.17,3.17,3.17,0.0,3.17,0
2019-08-26,3.159,3.159,3.159,3.159,0.0,3.159,0
2019-08-27,3.179,3.179,3.179,3.179,0.0,3.179,0
2019-08-28,3.198,3.198,3.198,3.198,0.0,3.198,0
2019-08-29,3.186,3.186,3.186,3.186,0.0,3.186,0
2019-08-30,3.127,3.127,3.127,3.127,0.0,3.127,0
2019-09-03,3.141,3.141,3.141,3.141,0.0,3.141,0
2019-09-04,3.102,3.102,3.102,3.102,0.0,3.102,0
2019-09-05,3.114,3.114,3.114,3.114,0.0,3.114,0
2019-09-06,3.101,3.101,3.101,3.101,0.0,3.101,0
2019-09-09,3.072,3.072,3.072,3.072,0.0,3.072,0
2019-09-10,3.076,3.076,3.076,3.076,0.0,3.076,0
2019-09-11,3.071,3.071,3.071,3.071,0.0,3.071,0
2019-09-12,3.076,3.076,3.076,3.076,0.0,3.076,0
2019-09-13,3.041,3.041,3.041,3.041,0.0,3.041,0
2019-09-16,3.071,3.071,3.071,3.071,0.0,3.071,0
2019-09-17,3.035,3.035,3.035,3.035,0.0,3.035,0
2019-09-18,3.048,3.048,3.048,3.048,0.0,3.048,0
2019-09-19,3.042,3.042,3.042,3.042,0.0,3.042,0
2019-09-20,3.053,3.053,3.053,3.053,0.0,3.053,0
2019-09-23,3.05,3.05,3.05,3.05,0.0,3.05,0
2019-09-24,3.041,3.041,3.041,3.041,0.0,3.041,0
2019-09-25,3.04,3.04,3.04,3.04,0.0,3.04,0
2019-09-26,3.041,3.041,3.041,3.041,0.0,3.041,0
2019-09-27,3.0,3.0,3.0,3.0,0.0,3.0,0
2019-09-30,3.062,3.062,3.062,3.062,0.0,3.062,0
2019-10-01,3.011,3.011,3.011,3.011,0.0,3.011,0
2019-10-02,3.039,3.039,3.039,3.039,0.0,3.039,0
2019-10-03,3.024,3.024,3.024,3.024,0.0,3.024,0
2019-10-04,3.014,3.014,3.014,3.014,0.0,3.014,0
2019-10-07,3.018,3.018,3.018,3.018,0.0,3.018,0
2019-10-08,2.994,2.994,2.994,2.994,0.0,2.994,0
2019-10-09,3.005,3.005,3.005,3.005,0.0,3.005,0
2019-10-10,3.006,3.006,3.006,3.006,0.0,3.006,0
2019-10-11,3.017,3.017,3.017,3.017,0.0,3.017,0
2019-10-14,3.032,3.032,3.032,3.032,0.0,3.032,0
2019-10-15,3.048,3.048,3.048,3.048,0.0,3.048,0
2019-10-16,3.05,3.05,3.05,3.05,0.0,3.05,0
2019-10-17,3.047,3.047,3.047,3.047,0.0,3.047,0
2019-10-18,3.042,3.042,3.042,3.042,0.0,3.042,0
2019-10-21,3.037,3.037,3.037,3.037,0.0,3.037,0
2019-10-22,3.041,3.041,3.041,3.041,0.0,3.041,0
2019-10-23,3.035,3.035,3.035,3.035,0.0,3.035,0
2019-10-24,3.039,3.039,3.039,3.039,0.0,3.039,0
2019-10-25,3.037,3.037,3.037,3.037,0.0,3.037,0
2019-10-28,3.046,3.046,3.046,3.046,0.0,3.046,0
2019-10-29,3.062,3.062,3.062,3.062,0.0,3.062,0
2019-10-30,3.069,3.069,3.069,3.069,0.0,3.069,0
2019-10-31,3.067,3.067,3.067,3.067,0.0,3.067,0
2019-11-01,3.076,3.076,3.076,3.076,0.0,3.076,0
2019-11-04,3.012,3.012,3.012,3.012,0.0,3.012,0
2019-11-05,2.991,2.991,2.991,2.991,0.0,2.991,0
2019-11-06,3.002,3.002,3.002,3.002,0.0,3.002,0
2019-11-07,2.949,2.949,2.949,2.949,0.0,2.949,0
2019-11-08,2.956,2.956,2.956,2.956,0.0,2.956,0
2019-11-11,2.947,2.947,2.947,2.947,0.0,2.947,0
2019-11-12,2.887,2.887,2.887,2.887,0.0,2.887,0
2019-11-13,2.888,2.888,2.888,2.888,0.0,2.888,0
2019-11-14,2.875,2.875,2.875,2.875,0.0,2.875,0
2019-11-15,2.881,2.881,2.881,2.881,0.0,2.881,0
2019-11-18,2.885,2.885,2.885,2.885,0.0,2.885,0
2019-11-19,2.897,2.897,2.897,2.897,0.0,2.897,0
2019-11-20,2.909,2.909,2.909,2.909,0.0,2.909,0
2019-11-21,2.916,2.916,2.916,2.916,0.0,2.916,0
2019-11-22,2.916,2.916,2.916,2.916,0.0,2.916,0
2019-11-25,2.898,2.898,2.898,2.898,0.0,2.898,0
2019-11-26,2.892,2.892,2.892,2.892,0.0,2.892,0
2019-11-27,2.896,2.896,2.896,2.896,0.0,2.896,0
2019-11-29,2.854,2.854,2.854,2.854,0.0,2.854,0
2019-12-02,2.88,2.88,2.88,2.88,0.0,2.88,0
2019-12-03,2.889,2.889,2.889,2.889,0.0,2.889,0
2019-12-04,2.888,2.888,2.888,2.888,0.0,2.888,0
2019-12-05,2.88,2.88,2.88,2.88,0.0,2.88,0
2019-12-06,2.835,2.835,2.835,2.835,0.0,2.835,0
2019-12-09,2.807,2.807,2.807,2.807,0.0,2.807,0
2019-12-10,2.816,2.816,2.816,2.816,0.0,2.816,0
2019-12-11,2.813,2.813,2.813,2.813,0.0,2.813,0
2019-12-12,2.818,2.818,2.818,2.818,0.0,2.818,0
2019-12-13,2.801,2.801,2.801,2.801,0.0,2.801,0
2019-12-16,2.815,2.815,2.815,2.815,0.0,2.815,0
2019-12-17,2.817,2.817,2.817,2.817,0.0,2.817,0
2019-12-18,2.741,2.741,2.741,2.741,0.0,2.741,0
2019-12-19,2.681,2.681,2.681,2.681,0.0,2.681,0
2019-12-20,2.672,2.672,2.672,2.672,0.0,2.672,0
2019-12-23,2.679,2.679,2.679,2.679,0.0,2.679,0
2019-12-24,2.677,2.677,2.677,2.677,0.0,2.677,0
2019-12-26,2.665,2.665,2.665,2.665,0.0,2.665,0
2019-12-27,2.663,2.663,2.663,2.663,0.0,2.663,0
2019-12-30,2.66,2.66,2.66,2.66,0.0,2.66,0
2019-12-31,2.669,2.669,2.669,2.669,0.0,2.669,0
2020-01-02,2.664,2.664,2.664,2.664,0.0,2.664,0
2020-01-03,2.664,2.664,2.664,2.664,0.0,2.664,0
2020-01-06,2.668,2.668,2.668,2.668,0.0,2.668,0
2020-01-07,2.683,2.683,2.683,2.683,0.0,2.683,0
2020-01-08,2.686,2.686,2.686,2.686,0.0,2.686,0
2020-01-09,2.697,2.697,2.697,2.697,0.0,2.697,0
2020-01-10,2.699,2.699,2.699,2.699,0.0,2.699,0
2020-01-13,2.699,2.699,2.699,2.699,0.0,2.699,0
2020-01-14,2.698,2.698,2.698,2.698,0.0,2.698,0
2020-01-15,2.697,2.697,2.697,2.697,0.0,2.697,0
2020-01-16,2.704,2.704,2.704,2.704,0.0,2.704,0
2020-01-17,2.714,2.714,2.714,2.714,0.0,2.714,0
2020-01-21,2.704,2.704,2.704,2.704,0.0,2.704,0
2020-01-22,2.716,2.716,2.716,2.716,0.0,2.716,0
2020-01-23,2.708,2.708,2.708,2.708,0.0,2.708,0
2020-01-24,2.72,2.72,2.72,2.72,0.0,2.72,0
2020-01-27,2.679,2.679,2.679,2.679,0.0,2.679,0
2020-01-28,2.689,2.689,2.689,2.689,0.0,2.689,0
2020-01-29,2.674,2.674,2.674,2.674,0.0,2.674,0
2020-01-30,2.645,2.645,2.645,2.645,0.0,2.645,0
2020-01-31,2.646,2.646,2.646,2.646,0.0,2.646,0
2020-02-03,2.641,2.641,2.641,2.641,0.0,2.641,0
2020-02-04,2.637,2.637,2.637,2.637,0.0,2.637,0
2020-02-05,2.604,2.604,2.604,2.604,0.0,2.604,0
2020-02-06,2.608,2.608,2.608,2.608,0.0,2.608,0
2020-02-07,2.626,2.626,2.626,2.626,0.0,2.626,0
2020-02-10,2.618,2.618,2.618,2.618,0.0,2.618,0
2020-02-11,2.577,2.577,2.577,2.577,0.0,2.577,0
2020-02-12,2.584,2.584,2.584,2.584,0.0,2.584,0
2020-02-13,2.574,2.574,2.574,2.574,0.0,2.574,0
2020-02-14,2.59,2.59,2.59,2.59,0.0,2.59,0
2020-02-18,2.563,2.563,2.563,2.563,0.0,2.563,0
2020-02-19,2.609,2.609,2.609,2.609,0.0,2.609,0
2020-02-20,2.609,2.609,2.609,2.609,0.0,2.609,0
2020-02-21,2.639,2.639,2.639,2.639,0.0,2.639,0
2020-02-24,2.645,2.645,2.645,2.645,0.0,2.645,0
2020-02-25,2.648,2.648,2.648,2.648,0.0,2.648,0
2020-02-26,2.671,2.671,2.671,2.671,0.0,2.671,0
2020-02-27,2.661,2.661,2.661,2.661,0.0,2.661,0
2020-02-28,2.679,2.679,2.679,2.679,0.0,2.679,0
2020-03-02,2.734,2.734,2.734,2.734,0.0,2.734,0
2020-03-03,2.73,2.73,2.73,2.73,0.0,2.73,0
2020-03-04,2.719,2.719,2.719,2.719,0.0,2.719,0
2020-03-05,2.694,2.694,2.694,2.694,0.0,2.694,0
2020-03-06,2.707,2.707,2.707,2.707,0.0,2.707,0
2020-03-09,2.744,2.744,2.744,2.744,0.0,2.744,0
2020-03-10,2.744,2.744,2.744,2.744,0.0,2.744,0
2020-03-11,2.706,2.706,2.706,2.706,0.0,2.706,0
2020-03-12,2.656,2.656,2.656,2.656,0.0,2.656,0
2020-03-13,2.651,2.651,2.651,2.651,0.0,2.651,0
2020-03-16,2.64,2.64,2.64,2.64,0.0,2.64,0
2020-03-17,2.669,2.669,2.669,2.669,0.0,2.669,0
2020-03-18,2.675,2.675,2.675,2.675,0.0,2.675,0
2020-03-19,2.688,2.688,2.688,2.688,0.0,2.688,0
2020-03-20,2.682,2.682,2.682,2.682,0.0,2.682,0
2020-03-23,2.677,2.677,2.677,2.677,0.0,2.677,0
2020-03-24,2.634,2.634,2.634,2.634,0.0,2.634,0
2020-03-25,2.629,2.629,2.629,2.629,0.0,2.629,0
2020-03-26,2.595,2.595,2.595,2.595,0.0,2.595,0
2020-03-27,2.617,2.617,2.617,2.617,0.0,2.617,0
2020-03-30,2.625,2.625,2.625,2.625,0.0,2.625,0
2020-03-31,2.613,2.613,2.613,2.613,0.0,2.613,0
2020-04-01,2.583,2.583,2.583,2.583,0.0,2.583,0
2020-04-02,2.569,2.569,2.569,2.569,0.0,2.569,0
2020-04-03,2.553,2.553,2.553,2.553,0.0,2.553,0
2020-04-06,2.569,2.569,2.569,2.569,0.0,2.569,0
2020-04-07,2.563,2.563,2.563,2.563,0.0,2.563,0
2020-04-08,2.58,2.58,2.58,2.58,0.0,2.58,0
2020-04-09,2.546,2.546,2.546,2.546,0.0,2.546,0
2020-04-13,2.592,2.592,2.592,2.592,0.0,2.592,0
2020-04-14,2.574,2.574,2.574,2.574,0.0,2.574,0
2020-04-15,2.543,2.543,2.543,2.543,0.0,2.543,0
2020-04-16,2.548,2.548,2.548,2.548,0.0,2.548,0
2020-04-17,2.549,2.549,2.549,2.549,0.0,2.549,0
2020-04-20,2.585,2.585,2.585,2.585,0.0,2.585,0
2020-04-21,2.568,2.568,2.568,2.568,0.0,2.568,0
2020-04-22,2.596,2.596,2.596,2.596,0.0,2.596,0
2020-04-23,2.55,2.55,2.55,2.55,0.0,2.55,0
2020-04-24,2.548,2.548,2.548,2.548,0.0,2.548,0
2020-04-27,2.574,2.574,2.574,2.574,0.0,2.574,0
2020-04-28,2.566,2.566,2.566,2.566,0.0,2.566,0
2020-04-29,2.561,2.561,2.561,2.561,0.0,2.561,0
2020-04-30,2.536,2.536,2.536,2.536,0.0,2.536,0
2020-05-01,2.519,2.519,2.519,2.519,0.0,2.519,0
2020-05-04,2.49,2.49,2.49,2.49,0.0,2.49,0
2020-05-05,2.477,2.477,2.477,2.477,0.0,2.477,0
2020-05-06,2.516,2.516,2.516,2.516,0.0,2.516,0
2020-05-07,2.463,2.463,2.463,2.463,0.0,2.463,0
2020-05-08,2.452,2.452,2.452,2.452,0.0,2.452,0
2020-05-11,2.428,2.428,2.428,2.428,0.0,2.428,0
2020-05-12,2.432,2.432,2.432,2.432,0.0,2.432,0
2020-05-13,2.381,2.381,2.381,2.381,0.0,2.381,0
2020-05-14,2.355,2.355,2.355,2.355,0.0,2.355,0
2020-05-15,2.416,2.416,2.416,2.416,0.0,2.416,0
2020-05-18,2.434,2.434,2.434,2.434,0.0,2.434,0
2020-05-19,2.431,2.431,2.431,2.431,0.0,2.431,0
2020-05-20,2.378,2.378,2.378,2.378,0.0,2.378,0
2020-05-21,2.369,2.369,2.369,2.369,0.0,2.369,0
2020-05-22,2.412,2.412,2.412,2.412,0.0,2.412,0
2020-05-26,2.392,2.392,2.392,2.392,0.0,2.392,0
2020-05-27,2.47,2.47,2.47,2.47,0.0,2.47,0
2020-05-28,2.462,2.462,2.462,2.462,0.0,2.462,0
2020-05-29,2.456,2.456,2.456,2.456,0.0,2.456,0
2020-06-01,2.438,2.438,2.438,2.438,0.0,2.438,0
2020-06-02,2.443,2.443,2.443,2.443,0.0,2.443,0
2020-06-03,2.43,2.43,2.43,2.43,0.0,2.43,0
2020-06-04,2.439,2.439,2.439,2.439,0.0,2.439,0
2020-06-05,2.433,2.433,2.433,2.433,0.0,2.433,0
2020-06-08,2.447,2.447,2.447,2.447,0.0,2.447,0
2020-06-09,2.469,2.469,2.469,2.469,0.0,2.469,0
2020-06-10,2.474,2.474,2.474,2.474,0.0,2.474,0
2020-06-11,2.469,2.469,2.469,2.469,0.0,2.469,0
2020-06-12,2.458,2.458,2.458,2.458,0.0,2.458,0
2020-06-15,2.485,2.485,2.485,2.485,0.0,2.485,0
2020-06-16,2.487,2.487,2.487,2.487,0.0,2.487,0
2020-06-17,2.482,2.482,2.482,2.482,0.0,2.482,0
2020-06-18,2.481,2.481,2.481,2.481,0.0,2.481,0
2020-06-19,2.464,2.464,2.464,2.464,0.0,2.464,0
2020-06-22,2.452,2.452,2.452,2.452,0.0,2.452,0
2020-06-23,2.451,2.451,2.451,2.451,0.0,2.451,0
2020-06-24,2.473,2.473,2.473,2.473,0.0,2.473,0
2020-06-25,2.506,2.506,2.506,2.506,0.0,2.506,0
2020-06-26,2.53,2.53,2.53,2.53,0.0,2.53,0
2020-06-29,2.528,2.528,2.528,2.528,0.0,2.528,0
2020-06-30,2.528,2.528,2.528,2.528,0.0,2.528,0
2020-07-01,2.541,2.541,2.541,2.541,0.0,2.541,0
2020-07-02,2.585,2.585,2.585,2.585,0.0,2.585,0
2020-07-06,2.564,2.564,2.564,2.564,0.0,2.564,0
2020-07-07,2.547,2.547,2.547,2.547,0.0,2.547,0
2020-07-08,2.575,2.575,2.575,2.575,0.0,2.575,0
2020-07-09,2.56,2.56,2.56,2.56,0.0,2.56,0
2020-07-10,2.542,2.542,2.542,2.542,0.0,2.542,0
2020-07-13,2.538,2.538,2.538,2.538,0.0,2.538,0
2020-07-14,2.537,2.537,2.537,2.537,0.0,2.537,0
2020-07-15,2.547,2.547,2.547,2.547,0.0,2.547,0
2020-07-16,2.54,2.54,2.54,2.54,0.0,2.54,0
2020-07-17,2.537,2.537,2.537,2.537,0.0,2.537,0
2020-07-20,2.528,2.528,2.528,2.528,0.0,2.528,0
2020-07-21,2.544,2.544,2.544,2.544,0.0,2.544,0
2020-07-22,2.553,2.553,2.553,2.553,0.0,2.553,0
2020-07-23,2.637,2.637,2.637,2.637,0.0,2.637,0
2020-07-24,2.631,2.631,2.631,2.631,0.0,2.631,0
2020-07-27,2.699,2.699,2.699,2.699,0.0,2.699,0
2020-07-28,2.696,2.696,2.696,2.696,0.0,2.696,0
2020-07-29,2.701,2.701,2.701,2.701,0.0,2.701,0
2020-07-30,2.72,2.72,2.72,2.72,0.0,2.72,0
2020-07-31,2.82,2.82,2.82,2.82,0.0,2.82,0
2020-08-03,2.818,2.818,2.818,2.818,0.0,2.818,0
2020-08-04,2.812,2.812,2.812,2.812,0.0,2.812,0
2020-08-05,2.83,2.83,2.83,2.83,0.0,2.83,0
2020-08-06,2.855,2.855,2.855,2.855,0.0,2.855,0
2020-08-07,2.917,2.917,2.917,2.917,0.0,2.917,0
2020-08-10,2.885,2.885,2.885,2.885,0.0,2.885,0
2020-08-11,2.8,2.8,2.8,2.8,0.0,2.8,0
2020-08-12,2.777,2.777,2.777,2.777,0.0,2.777,0
2020-08-13,2.797,2.797,2.797,2.797,0.0,2.797,0
2020-08-14,2.783,2.783,2.783,2.783,0.0,2.783,0
2020-08-17,2.783,2.783,2.783,2.783,0.0,2.783,0
2020-08-18,2.778,2.778,2.778,2.778,0.0,2.778,0
2020-08-19,2.773,2.773,2.773,2.773,0.0,2.773,0
2020-08-20,2.771,2.771,2.771,2.771,0.0,2.771,0
2020-08-21,2.766,2.766,2.766,2.766,0.0,2.766,0
2020-08-24,2.761,2.761,2.761,2.761,0.0,2.761,0
2020-08-25,2.754,2.754,2.754,2.754,0.0,2.754,0
2020-08-26,2.782,2.782,2.782,2.782,0.0,2.782,0
2020-08-27,2.791,2.791,2.791,2.791,0.0,2.791,0
2020-08-28,2.779,2.779,2.779,2.779,0.0,2.779,0
2020-08-31,2.753,2.753,2.753,2.753,0.0,2.753,0
2020-09-01,2.751,2.751,2.751,2.751,0.0,2.751,0
2020-09-02,2.745,2.745,2.745,2.745,0.0,2.745,0
2020-09-03,2.742,2.742,2.742,2.742,0.0,2.742,0
2020-09-04,2.668,2.668,2.668,2.668,0.0,2.668,0
2020-09-08,2.669,2.669,2.669,2.669,0.0,2.669,0
2020-09-09,2.655,2.655,2.655,2.655,0.0,2.655,0
2020-09-10,2.637,2.637,2.637,2.637,0.0,2.637,0
2020-09-11,2.614,2.614,2.614,2.614,0.0,2.614,0
2020-09-14,2.587,2.587,2.587,2.587,0.0,2.587,0
2020-09-15,2.594,2.594,2.594,2.594,0.0,2.594,0
2020-09-16,2.545,2.545,2.545,2.545,0.0,2.545,0
2020-09-17,2.533,2.533,2.533,2.533,0.0,2.533,0
2020-09-18,2.554,2.554,2.554,2.554,0.0,2.554,0
2020-09-21,2.525,2.525,2.525,2.525,0.0,2.525,0
2020-09-22,2.564,2.564,2.564,2.564,0.0,2.564,0
2020-09-23,2.604,2.604,2.604,2.604,0.0,2.604,0
2020-09-24,2.63,2.63,2.63,2.63,0.0,2.63,0
2020-09-25,2.649,2.649,2.649,2.649,0.0,2.649,0
2020-09-28,2.657,2.657,2.657,2.657,0.0,2.657,0
2020-09-29,2.628,2.628,2.628,2.628,0.0,2.628,0
2020-09-30,2.609,2.609,2.609,2.609,0.0,2.609,0
2020-10-01,2.589,2.589,2.589,2.589,0.0,2.589,0
2020-10-02,2.586,2.586,2.586,2.586,0.0,2.586,0
2020-10-05,2.564,2.564,2.564,2.564,0.0,2.564,0
2020-10-06,2.571,2.571,2.571,2.571,0.0,2.571,0
2020-10-07,2.594,2.594,2.594,2.594,0.0,2.594,0
2020-10-08,2.569,2.569,2.569,2.569,0.0,2.569,0
2020-10-09,2.599,2.599,2.599,2.599,0.0,2.599,0
2020-10-12,2.585,2.585,2.585,2.585,0.0,2.585,0
2020-10-13,2.565,2.565,2.565,2.565,0.0,2.565,0
2020-10-14,2.592,2.592,2.592,2.592,0.0,2.592,0
2020-10-15,2.578,2.578,2.578,2.578,0.0,2.578,0
2020-10-16,2.581,2.581,2.581,2.581,0.0,2.581,0
2020-10-19,2.624,2.624,2.624,2.624,0.0,2.624,0
2020-10-20,2.565,2.565,2.565,2.565,0.0,2.565,0
2020-10-21,2.586,2.586,2.586,2.586,0.0,2.586,0
2020-10-22,2.588,2.588,2.588,2.588,0.0,2.588,0
2020-10-23,2.633,2.633,2.633,2.633,0.0,2.633,0
2020-10-26,2.546,2.546,2.546,2.546,0.0,2.546,0
2020-10-27,2.58,2.58,2.58,2.58,0.0,2.58,0
2020-10-28,2.63,2.63,2.63,2.63,0.0,2.63,0
2020-10-29,2.642,2.642,2.642,2.642,0.0,2.642,0
2020-10-30,2.659,2.659,2.659,2.659,0.0,2.659,0
2020-11-02,2.594,2.594,2.594,2.594,0.0,2.594,0
2020-11-03,2.63,2.63,2.63,2.63,0.0,2.63,0
2020-11-04,2.627,2.627,2.627,2.627,0.0,2.627,0
2020-11-05,2.622,2.622,2.622,2.622,0.0,2.622,0
2020-11-06,2.612,2.612,2.612,2.612,0.0,2.612,0
2020-11-09,2.608,2.608,2.608,2.608,0.0,2.608,0
2020-11-10,2.618,2.618,2.618,2.618,0.0,2.618,0
2020-11-11,2.633,2.633,2.633,2.633,0.0,2.633,0
2020-11-12,2.63,2.63,2.63,2.63,0.0,2.63,0
2020-11-13,2.584,2.584,2.584,2.584,0.0,2.584,0
2020-11-16,2.581,2.581,2.581,2.581,0.0,2.581,0
2020-11-17,2.598,2.598,2.598,2.598,0.0,2.598,0
2020-11-18,2.622,2.622,2.622,2.622,0.0,2.622,0
2020-11-19,2.622,2.622,2.622,2.622,0.0,2.622,0
2020-11-20,2.615,2.615,2.615,2.615,0.0,2.615,0
2020-11-23,2.609,2.609,2.609,2.609,0.0,2.609,0
2020-11-24,2.611,2.611,2.611,2.611,0.0,2.611,0
2020-11-25,2.594,2.594,2.594,2.594,0.0,2.594,0
2020-11-27,2.59,2.59,2.59,2.59,0.0,2.59,0
2020-11-30,2.576,2.576,2.576,2.576,0.0,2.576,0
2020-12-01,2.638,2.638,2.638,2.638,0.0,2.638,0
2020-12-02,2.663,2.663,2.663,2.663,0.0,2.663,0
2020-12-03,2.635,2.635,2.635,2.635,0.0,2.635,0
2020-12-04,2.655,2.655,2.655,2.655,0.0,2.655,0
2020-12-07,2.626,2.626,2.626,2.626,0.0,2.626,0
2020-12-08,2.614,2.614,2.614,2.614,0.0,2.614,0
2020-12-09,2.624,2.624,2.624,2.624,0.0,2.624,0
2020-12-10,2.629,2.629,2.629,2.629,0.0,2.629,0
2020-12-11,2.648,2.648,2.648,2.648,0.0,2.648,0
2020-12-14,2.642,2.642,2.642,2.642,0.0,2.642,0
2020-12-15,2.627,2.627,2.627,2.627,0.0,2.627,0
2020-12-16,2.639,2.639,2.639,2.639,0.0,2.639,0
2020-12-17,2.627,2.627,2.627,2.627,0.0,2.627,0
2020-12-18,2.641,2.641,2.641,2.641,0.0,2.641,0
2020-12-21,2.612,2.612,2.612,2.612,0.0,2.612,0
2020-12-22,2.657,2.657,2.657,2.657,0.0,2.657,0
2020-12-23,2.652,2.652,2.652,2.652,0.0,2.652,0
2020-12-24,2.664,2.664,2.664,2.664,0.0,2.664,0
2020-12-28,2.583,2.583,2.583,2.583,0.0,2.583,0
2020-12-29,2.652,2.652,2.652,2.652,0.0,2.652,0
2020-12-30,2.623,2.623,2.623,2.623,0.0,2.623,0
2020-12-31,2.65,2.65,2.65,2.65,0.0,2.65,0
2021-01-04,2.658,2.658,2.658,2.658,0.0,2.658,0
2021-01-05,2.673,2.673,2.673,2.673,0.0,2.673,0
2021-01-06,2.706,2.706,2.706,2.706,0.0,2.706,0
2021-01-07,2.674,2.674,2.674,2.674,0.0,2.674,0
2021-01-08,2.658,2.658,2.658,2.658,0.0,2.658,0
2021-01-11,2.661,2.661,2.661,2.661,0.0,2.661,0
2021-01-12,2.668,2.668,2.668,2.668,0.0,2.668,0
2021-01-13,2.699,2.699,2.699,2.699,0.0,2.699,0
2021-01-14,2.647,2.647,2.647,2.647,0.0,2.647,0
2021-01-15,2.683,2.683,2.683,2.683,0.0,2.683,0
2021-01-19,2.71,2.71,2.71,2.71,0.0,2.71,0
2021-01-20,2.724,2.724,2.724,2.724,0.0,2.724,0
2021-01-21,2.737,2.737,2.737,2.737,0.0,2.737,0
2021-01-22,2.737,2.737,2.737,2.737,0.0,2.737,0
2021-01-25,2.694,2.694,2.694,2.694,0.0,2.694,0
2021-01-26,2.723,2.723,2.723,2.723,0.0,2.723,0
2021-01-27,2.738,2.738,2.738,2.738,0.0,2.738,0
2021-01-28,2.737,2.737,2.737,2.737,0.0,2.737,0
2021-01-29,2.721,2.721,2.721,2.721,0.0,2.721,0
2021-02-01,2.725,2.725,2.725,2.725,0.0,2.725,0
2021-02-02,2.721,2.721,2.721,2.721,0.0,2.721,0
2021-02-03,2.702,2.702,2.702,2.702,0.0,2.702,0
2021-02-04,2.678,2.678,2.678,2.678,0.0,2.678,0
2021-02-05,2.687,2.687,2.687,2.687,0.0,2.687,0
2021-02-08,2.707,2.707,2.707,2.707,0.0,2.707,0
2021-02-09,2.707,2.707,2.707,2.707,0.0,2.707,0
2021-02-10,2.712,2.712,2.712,2.712,0.0,2.712,0
2021-02-11,2.699,2.699,2.699,2.699,0.0,2.699,0
2021-02-12,2.693,2.693,2.693,2.693,0.0,2.693,0
2021-02-16,2.71,2.71,2.71,2.71,0.0,2.71,0
2021-02-17,2.705,2.705,2.705,2.705,0.0,2.705,0
2021-02-18,2.695,2.695,2.695,2.695,0.0,2.695,0
2021-02-19,2.691,2.691,2.691,2.691,0.0,2.691,0
2021-02-22,2.693,2.693,2.693,2.693,0.0,2.693,0
2021-02-23,2.698,2.698,2.698,2.698,0.0,2.698,0
2021-02-24,2.692,2.692,2.692,2.692,0.0,2.692,0
2021-02-25,2.641,2.641,2.641,2.641,0.0,2.641,0
2021-02-26,2.661,2.661,2.661,2.661,0.0,2.661,0
2021-03-01,2.679,2.679,2.679,2.679,0.0,2.679,0
2021-03-02,2.678,2.678,2.678,2.678,0.0,2.678,0
2021-03-03,2.653,2.653,2.653,2.653,0.0,2.653,0
2021-03-04,2.611,2.611,2.611,2.611,0.0,2.611,0
2021-03-05,2.617,2.617,2.617,2.617,0.0,2.617,0
2021-03-08,2.635,2.635,2.635,2.635,0.0,2.635,0
2021-03-09,2.642,2.642,2.642,2.642,0.0,2.642,0
2021-03-10,2.64,2.64,2.64,2.64,0.0,2.64,0
2021-03-11,2.637,2.637,2.637,2.637,0.0,2.637,0
2021-03-12,2.654,2.654,2.654,2.654,0.0,2.654,0
2021-03-15,2.627,2.627,2.627,2.627,0.0,2.627,0
2021-03-16,2.659,2.659,2.659,2.659,0.0,2.659,0
2021-03-17,2.64,2.64,2.64,2.64,0.0,2.64,0
2021-03-18,2.654,2.654,2.654,2.654,0.0,2.654,0
2021-03-19,2.66,2.66,2.66,2.66,0.0,2.66,0
2021-03-22,2.656,2.656,2.656,2.656,0.0,2.656,0
2021-03-23,2.67,2.67,2.67,2.67,0.0,2.67,0
2021-03-24,2.673,2.673,2.673,2.673,0.0,2.673,0
2021-03-25,2.673,2.673,2.673,2.673,0.0,2.673,0
2021-03-26,2.675,2.675,2.675,2.675,0.0,2.675,0
2021-03-29,2.719,2.719,2.719,2.719,0.0,2.719,0
2021-03-30,2.73,2.73,2.73,2.73,0.0,2.73,0
2021-03-31,2.726,2.726,2.726,2.726,0.0,2.726,0
2021-04-01,2.755,2.755,2.755,2.755,0.0,2.755,0
2021-04-05,2.742,2.742,2.742,2.742,0.0,2.742,0
2021-04-06,2.725,2.725,2.725,2.725,0.0,2.725,0
2021-04-07,2.728,2.728,2.728,2.728,0.0,2.728,0
2021-04-08,2.728,2.728,2.728,2.728,0.0,2.728,0
2021-04-09,2.762,2.762,2.762,2.762,0.0,2.762,0
2021-04-12,2.771,2.771,2.771,2.771,0.0,2.771,0
2021-04-13,2.754,2.754,2.754,2.754,0.0,2.754,0
2021-04-14,2.763,2.763,2.763,2.763,0.0,2.763,0
2021-04-15,2.741,2.741,2.741,2.741,0.0,2.741,0
2021-04-16,2.754,2.754,2.754,2.754,0.0,2.754,0
2021-04-19,2.748,2.748,2.748,2.748,0.0,2.748,0
2021-04-20,2.693,2.693,2.693,2.693,0.0,2.693,0
2021-04-21,2.678,2.678,2.678,2.678,0.0,2.678,0
2021-04-22,2.659,2.659,2.659,2.659,0.0,2.659,0
2021-04-23,2.667,2.667,2.667,2.667,0.0,2.667,0
2021-04-26,2.653,2.653,2.653,2.653,0.0,2.653,0
2021-04-27,2.632,2.632,2.632,2.632,0.0,2.632,0
2021-04-28,2.644,2.644,2.644,2.644,0.0,2.644,0
2021-04-29,2.646,2.646,2.646,2.646,0.0,2.646,0
2021-04-30,2.696,2.696,2.696,2.696,0.0,2.696,0
2021-05-03,2.699,2.699,2.699,2.699,0.0,2.699,0
2021-05-04,2.708,2.708,2.708,2.708,0.0,2.708,0
2021-05-05,2.71,2.71,2.71,2.71,0.0,2.71,0
2021-05-06,2.7,2.7,2.7,2.7,0.0,2.7,0
2021-05-07,2.707,2.707,2.707,2.707,0.0,2.707,0
2021-05-10,2.71,2.71,2.71,2.71,0.0,2.71,0
2021-05-11,2.707,2.707,2.707,2.707,0.0,2.707,0
2021-05-12,2.706,2.706,2.706,2.706,0.0,2.706,0
2021-05-13,2.696,2.696,2.696,2.696,0.0,2.696,0
2021-05-14,2.692,2.692,2.692,2.692,0.0,2.692,0
2021-05-17,2.696,2.696,2.696,2.696,0.0,2.696,0
2021-05-18,2.665,2.665,2.665,2.665,0.0,2.665,0
2021-05-19,2.669,2.669,2.669,2.669,0.0,2.669,0
2021-05-20,2.674,2.674,2.674,2.674,0.0,2.674,0
2021-05-21,2.686,2.686,2.686,2.686,0.0,2.686,0
2021-05-24,2.68,2.68,2.68,2.68,0.0,2.68,0
2021-05-25,2.691,2.691,2.691,2.691,0.0,2.691,0
2021-05-26,2.66,2.66,2.66,2.66,0.0,2.66,0
2021-05-27,2.657,2.657,2.657,2.657,0.0,2.657,0
2021-05-28,2.68,2.68,2.68,2.68,0.0,2.68,0
2021-06-01,2.662,2.662,2.662,2.662,0.0,2.662,0
2021-06-02,2.672,2.672,2.672,2.672,0.0,2.672,0
2021-06-03,2.654,2.654,2.654,2.654,0.0,2.654,0
2021-06-04,2.705,2.705,2.705,2.705,0.0,2.705,0
2021-06-07,2.676,2.676,2.676,2.676,0.0,2.676,0
2021-06-08,2.682,2.682,2.682,2.682,0.0,2.682,0
2021-06-09,2.689,2.689,2.689,2.689,0.0,2.689,0
2021-06-10,2.678,2.678,2.678,2.678,0.0,2.678,0
2021-06-11,2.677,2.677,2.677,2.677,0.0,2.677,0
2021-06-14,2.686,2.686,2.686,2.686,0.0,2.686,0
2021-06-15,2.671,2.671,2.671,2.671,0.0,2.671,0
2021-06-16,2.724,2.724,2.724,2.724,0.0,2.724,0
2021-06-17,2.729,2.729,2.729,2.729,0.0,2.729,0
2021-06-18,2.738,2.738,2.738,2.738,0.0,2.738,0
2021-06-21,2.735,2.735,2.735,2.735,0.0,2.735,0
2021-06-22,2.735,2.735,2.735,2.735,0.0,2.735,0
2021-06-23,2.736,2.736,2.736,2.736,0.0,2.736,0
2021-06-24,2.724,2.724,2.724,2.724,0.0,2.724,0
2021-06-25,2.785,2.785,2.785,2.785,0.0,2.785,0
2021-06-28,2.795,2.795,2.795,2.795,0.0,2.795,0
2021-06-29,2.823,2.823,2.823,2.823,0.0,2.823,0
2021-06-30,2.824,2.824,2.824,2.824,0.0,2.824,0
2021-07-01,2.812,2.812,2.812,2.812,0.0,2.812,0
2021-07-02,2.804,2.804,2.804,2.804,0.0,2.804,0
2021-07-06,2.796,2.796,2.796,2.796,0.0,2.796,0
2021-07-07,2.808,2.808,2.808,2.808,0.0,2.808,0
2021-07-08,2.82,2.82,2.82,2.82,0.0,2.82,0
2021-07-09,2.826,2.826,2.826,2.826,0.0,2.826,0
2021-07-12,2.831,2.831,2.831,2.831,0.0,2.831,0
2021-07-13,2.83,2.83,2.83,2.83,0.0,2.83,0
2021-07-14,2.823,2.823,2.823,2.823,0.0,2.823,0
2021-07-15,2.831,2.831,2.831,2.831,0.0,2.831,0
2021-07-16,2.847,2.847,2.847,2.847,0.0,2.847,0
2021-07-19,2.857,2.857,2.857,2.857,0.0,2.857,0
2021-07-20,2.859,2.859,2.859,2.859,0.0,2.859,0
2021-07-21,2.894,2.894,2.894,2.894,0.0,2.894,0
2021-07-22,2.896,2.896,2.896,2.896,0.0,2.896,0
2021-07-23,2.902,2.902,2.902,2.902,0.0,2.902,0
2021-07-26,2.91,2.91,2.91,2.91,0.0,2.91,0
2021-07-27,2.88,2.88,2.88,2.88,0.0,2.88,0
2021-07-28,2.872,2.872,2.872,2.872,0.0,2.872,0
2021-07-29,2.847,2.847,2.847,2.847,0.0,2.847,0
2021-07-30,2.872,2.872,2.872,2.872,0.0,2.872,0
2021-08-02,2.886,2.886,2.886,2.886,0.0,2.886,0
2021-08-03,2.878,2.878,2.878,2.878,0.0,2.878,0
2021-08-04,2.888,2.888,2.888,2.888,0.0,2.888,0
2021-08-05,2.853,2.853,2.853,2.853,0.0,2.853,0
2021-08-06,2.862,2.862,2.862,2.862,0.0,2.862,0
2021-08-09,2.878,2.878,2.878,2.878,0.0,2.878,0
2021-08-10,2.875,2.875,2.875,2.875,0.0,2.875,0
2021-08-11,2.89,2.89,2.89,2.89,0.0,2.89,0
2021-08-12,2.971,2.971,2.971,2.971,0.0,2.971,0
2021-08-13,2.938,2.938,2.938,2.938,0.0,2.938,0
2021-08-16,2.95,2.95,2.95,2.95,0.0,2.95,0
2021-08-17,2.963,2.963,2.963,2.963,0.0,2.963,0
2021-08-18,2.961,2.961,2.961,2.961,0.0,2.961,0
2021-08-19,2.972,2.972,2.972,2.972,0.0,2.972,0
2021-08-20,2.971,2.971,2.971,2.971,0.0,2.971,0
2021-08-23,2.973,2.973,2.973,2.973,0.0,2.973,0
2021-08-24,2.969,2.969,2.969,2.969,0.0,2.969,0
2021-08-25,2.986,2.986,2.986,2.986,0.0,2.986,0
2021-08-26,3.037,3.037,3.037,3.037,0.0,3.037,0
2021-08-27,3.039,3.039,3.039,3.039,0.0,3.039,0
2021-08-30,3.042,3.042,3.042,3.042,0.0,3.042,0
2021-08-31,3.031,3.031,3.031,3.031,0.0,3.031,0
2021-09-01,3.04,3.04,3.04,3.04,0.0,3.04,0
2021-09-02,3.04,3.04,3.04,3.04,0.0,3.04,0
2021-09-03,3.101,3.101,3.101,3.101,0.0,3.101,0
2021-09-07,3.151,3.151,3.151,3.151,0.0,3.151,0
2021-09-08,3.203,3.203,3.203,3.203,0.0,3.203,0
2021-09-09,3.328,3.328,3.328,3.328,0.0,3.328,0
2021-09-10,3.31,3.31,3.31,3.31,0.0,3.31,0
2021-09-13,3.325,3.325,3.325,3.325,0.0,3.325,0
2021-09-14,3.298,3.298,3.298,3.298,0.0,3.298,0
2021-09-15,3.31,3.31,3.31,3.31,0.0,3.31,0
2021-09-16,3.313,3.313,3.313,3.313,0.0,3.313,0
2021-09-17,3.306,3.306,3.306,3.306,0.0,3.306,0
2021-09-20,3.342,3.342,3.342,3.342,0.0,3.342,0
2021-09-21,3.359,3.359,3.359,3.359,0.0,3.359,0
2021-09-22,3.376,3.376,3.376,3.376,0.0,3.376,0
2021-09-23,3.383,3.383,3.383,3.383,0.0,3.383,0
2021-09-24,3.274,3.274,3.274,3.274,0.0,3.274,0
2021-09-27,3.227,3.227,3.227,3.227,0.0,3.227,0
2021-09-28,3.15,3.15,3.15,3.15,0.0,3.15,0
2021-09-29,3.116,3.116,3.116,3.116,0.0,3.116,0
2021-09-30,3.123,3.123,3.123,3.123,0.0,3.123,0
2021-10-01,3.113,3.113,3.113,3.113,0.0,3.113,0
2021-10-04,3.122,3.122,3.122,3.122,0.0,3.122,0
2021-10-05,3.137,3.137,3.137,3.137,0.0,3.137,0
2021-10-06,3.165,3.165,3.165,3.165,0.0,3.165,0
2021-10-07,3.165,3.165,3.165,3.165,0.0,3.165,0
2021-10-08,3.206,3.206,3.206,3.206,0.0,3.206,0
2021-10-11,3.192,3.192,3.192,3.192,0.0,3.192,0
2021-10-12,3.194,3.194,3.194,3.194,0.0,3.194,0
2021-10-13,3.199,3.199,3.199,3.199,0.0,3.199,0
2021-10-14,3.234,3.234,3.234,3.234,0.0,3.234,0
2021-10-15,3.245,3.245,3.245,3.245,0.0,3.245,0
2021-10-18,3.251,3.251,3.251,3.251,0.0,3.251,0
2021-10-19,3.248,3.248,3.248,3.248,0.0,3.248,0
2021-10-20,3.251,3.251,3.251,3.251,0.0,3.251,0
2021-10-21,3.247,3.247,3.247,3.247,0.0,3.247,0
2021-10-22,3.252,3.252,3.252,3.252,0.0,3.252,0
2021-10-25,3.295,3.295,3.295,3.295,0.0,3.295,0
2021-10-26,3.273,3.273,3.273,3.273,0.0,3.273,0
2021-10-27,3.21,3.21,3.21,3.21,0.0,3.21,0
2021-10-28,3.216,3.216,3.216,3.216,0.0,3.216,0
2021-10-29,3.167,3.167,3.167,3.167,0.0,3.167,0
2021-11-01,3.062,3.062,3.062,3.062,0.0,3.062,0
2021-11-02,3.123,3.123,3.123,3.123,0.0,3.123,0
2021-11-03,3.117,3.117,3.117,3.117,0.0,3.117,0
2021-11-04,3.141,3.141,3.141,3.141,0.0,3.141,0
2021-11-05,3.181,3.181,3.181,3.181,0.0,3.181,0
2021-11-08,3.284,3.284,3.284,3.284,0.0,3.284,0
2021-11-09,3.28,3.28,3.28,3.28,0.0,3.28,0
2021-11-10,3.306,3.306,3.306,3.306,0.0,3.306,0
2021-11-11,3.323,3.323,3.323,3.323,0.0,3.323,0
2021-11-12,3.244,3.244,3.244,3.244,0.0,3.244,0
2021-11-15,3.257,3.257,3.257,3.257,0.0,3.257,0
2021-11-16,3.328,3.328,3.328,3.328,0.0,3.328,0
2021-11-17,3.259,3.259,3.259,3.259,0.0,3.259,0
2021-11-18,3.247,3.247,3.247,3.247,0.0,3.247,0
2021-11-19,3.211,3.211,3.211,3.211,0.0,3.211,0
2021-11-22,3.193,3.193,3.193,3.193,0.0,3.193,0
2021-11-23,3.24,3.24,3.24,3.24,0.0,3.24,0
2021-11-24,3.238,3.238,3.238,3.238,0.0,3.238,0
2021-11-26,3.277,3.277,3.277,3.277,0.0,3.277,0
2021-11-29,3.269,3.269,3.269,3.269,0.0,3.269,0
2021-11-30,3.242,3.242,3.242,3.242,0.0,3.242,0
2021-12-01,3.25,3.25,3.25,3.25,0.0,3.25,0
2021-12-02,3.254,3.254,3.254,3.254,0.0,3.254,0
2021-12-03,3.264,3.264,3.264,3.264,0.0,3.264,0
2021-12-06,3.236,3.236,3.236,3.236,0.0,3.236,0
2021-12-07,3.24,3.24,3.24,3.24,0.0,3.24,0
2021-12-08,3.134,3.134,3.134,3.134,0.0,3.134,0
2021-12-09,3.125,3.125,3.125,3.125,0.0,3.125,0
2021-12-10,3.151,3.151,3.151,3.151,0.0,3.151,0
2021-12-13,3.055,3.055,3.055,3.055,0.0,3.055,0
2021-12-14,3.114,3.114,3.114,3.114,0.0,3.114,0
2021-12-15,3.174,3.174,3.174,3.174,0.0,3.174,0
2021-12-16,3.154,3.154,3.154,3.154,0.0,3.154,0
2021-12-17,3.167,3.167,3.167,3.167,0.0,3.167,0
2021-12-20,3.182,3.182,3.182,3.182,0.0,3.182,0
2021-12-21,3.166,3.166,3.166,3.166,0.0,3.166,0
2021-12-22,3.167,3.167,3.167,3.167,0.0,3.167,0
2021-12-23,3.13,3.13,3.13,3.13,0.0,3.13,0
2021-12-27,3.116,3.116,3.116,3.116,0.0,3.116,0
2021-12-28,3.139,3.139,3.139,3.139,0.0,3.139,0
2021-12-29,3.151,3.151,3.151,3.151,0.0,3.151,0
2021-12-30,3.139,3.139,3.139,3.139,0.0,3.139,0
2021-12-31,3.2,3.2,3.2,3.2,0.0,3.2,0
2022-01-03,3.182,3.182,3.182,3.182,0.0,3.182,0
2022-01-04,3.181,3.181,3.181,3.181,0.0,3.181,0
2022-01-05,3.175,3.175,3.175,3.175,0.0,3.175,0
2022-01-06,3.189,3.189,3.189,3.189,0.0,3.189,0
2022-01-07,3.222,3.222,3.222,3.222,0.0,3.222,0
2022-01-10,3.227,3.227,3.227,3.227,0.0,3.227,0
2022-01-11,3.216,3.216,3.216,3.216,0.0,3.216,0
2022-01-12,3.191,3.191,3.191,3.191,0.0,3.191,0
2022-01-13,3.194,3.194,3.194,3.194,0.0,3.194,0
2022-01-14,3.17,3.17,3.17,3.17,0.0,3.17,0
2022-01-18,3.189,3.189,3.189,3.189,0.0,3.189,0
2022-01-19,3.236,3.236,3.236,3.236,0.0,3.236,0
2022-01-20,3.239,3.239,3.239,3.239,0.0,3.239,0
2022-01-21,3.227,3.227,3.227,3.227,0.0,3.227,0
2022-01-24,3.216,3.216,3.216,3.216,0.0,3.216,0
2022-01-25,3.236,3.236,3.236,3.236,0.0,3.236,0
2022-01-26,3.237,3.237,3.237,3.237,0.0,3.237,0
2022-01-27,3.222,3.222,3.222,3.222,0.0,3.222,0
2022-01-28,3.215,3.215,3.215,3.215,0.0,3.215,0
2022-01-31,3.214,3.214,3.214,3.214,0.0,3.214,0
2022-02-01,3.199,3.199,3.199,3.199,0.0,3.199,0
2022-02-02,3.218,3.218,3.218,3.218,0.0,3.218,0
2022-02-03,3.209,3.209,3.209,3.209,0.0,3.209,0
2022-02-04,3.239,3.239,3.239,3.239,0.0,3.239,0
2022-02-07,3.255,3.255,3.255,3.255,0.0,3.255,0
2022-02-08,3.247,3.247,3.247,3.247,0.0,3.247,0
2022-02-09,3.242,3.242,3.242,3.242,0.0,3.242,0
2022-02-10,3.249,3.249,3.249,3.249,0.0,3.249,0
2022-02-11,3.289,3.289,3.289,3.289,0.0,3.289,0
2022-02-14,3.33,3.33,3.33,3.33,0.0,3.33,0
2022-02-15,3.318,3.318,3.318,3.318,0.0,3.318,0
2022-02-16,3.347,3.347,3.347,3.347,0.0,3.347,0
2022-02-17,3.34,3.34,3.34,3.34,0.0,3.34,0
2022-02-18,3.34,3.34,3.34,3.34,0.0,3.34,0
2022-02-22,3.385,3.385,3.385,3.385,0.0,3.385,0
2022-02-23,3.471,3.471,3.471,3.471,0.0,3.471,0
2022-02-24,3.514,3.514,3.514,3.514,0.0,3.514,0
2022-02-25,3.431,3.431,3.431,3.431,0.0,3.431,0
2022-02-28,3.508,3.508,3.508,3.508,0.0,3.508,0
2022-03-01,3.579,3.579,3.579,3.579,0.0,3.579,0
2022-03-02,3.646,3.646,3.646,3.646,0.0,3.646,0
2022-03-03,3.589,3.589,3.589,3.589,0.0,3.589,0
2022-03-04,3.642,3.642,3.642,3.642,0.0,3.642,0
2022-03-07,3.726,3.726,3.726,3.726,0.0,3.726,0
2022-03-08,3.783,3.783,3.783,3.783,0.0,3.783,0
2022-03-09,3.762,3.762,3.762,3.762,0.0,3.762,0
2022-03-10,3.678,3.678,3.678,3.678,0.0,3.678,0
2022-03-11,3.659,3.659,3.659,3.659,0.0,3.659,0
2022-03-14,3.702,3.702,3.702,3.702,0.0,3.702,0
2022-03-15,3.684,3.684,3.684,3.684,0.0,3.684,0
2022-03-16,3.695,3.695,3.695,3.695,0.0,3.695,0
2022-03-17,3.712,3.712,3.712,3.712,0.0,3.712,0
2022-03-18,3.664,3.664,3.664,3.664,0.0,3.664,0
2022-03-21,3.65,3.65,3.65,3.65,0.0,3.65,0
2022-03-22,3.661,3.661,3.661,3.661,0.0,3.661,0
2022-03-23,3.672,3.672,3.672,3.672,0.0,3.672,0
2022-03-24,3.698,3.698,3.698,3.698,0.0,3.698,0
2022-03-25,3.744,3.744,3.744,3.744,0.0,3.744,0
2022-03-28,3.836,3.836,3.836,3.836,0.0,3.836,0
2022-03-29,3.85,3.85,3.85,3.85,0.0,3.85,0
2022-03-30,3.963,3.963,3.963,3.963,0.0,3.963,0
2022-03-31,4.056,4.056,4.056,4.056,0.0,4.056,0
2022-04-01,4.113,4.113,4.113,4.113,0.0,4.113,0
2022-04-04,4.18,4.18,4.18,4.18,0.0,4.18,0
2022-04-05,4.198,4.198,4.198,4.198,0.0,4.198,0
2022-04-06,4.225,4.225,4.225,4.225,0.0,4.225,0
2022-04-07,4.252,4.252,4.252,4.252,0.0,4.252,0
2022-04-08,4.225,4.225,4.225,4.225,0.0,4.225,0
2022-04-11,4.274,4.274,4.274,4.274,0.0,4.274,0
2022-04-12,4.296,4.296,4.296,4.296,0.0,4.296,0
2022-04-13,4.334,4.334,4.334,4.334,0.0,4.334,0
2022-04-14,4.336,4.336,4.336,4.336,0.0,4.336,0
2022-04-18,4.351,4.351,4.351,4.351,0.0,4.351,0
2022-04-19,4.329,4.329,4.329,4.329,0.0,4.329,0
2022-04-20,4.32,4.32,4.32,4.32,0.0,4.32,0
2022-04-21,4.243,4.243,4.243,4.243,0.0,4.243,0
2022-04-22,4.07,4.07,4.07,4.07,0.0,4.07,0
2022-04-25,4.085,4.085,4.085,4.085,0.0,4.085,0
2022-04-26,4.15,4.15,4.15,4.15,0.0,4.15,0
2022-04-27,4.209,4.209,4.209,4.209,0.0,4.209,0
2022-04-28,4.22,4.22,4.22,4.22,0.0,4.22,0
2022-04-29,4.213,4.213,4.213,4.213,0.0,4.213,0
2022-05-02,4.196,4.196,4.196,4.196,0.0,4.196,0
2022-05-03,4.247,4.247,4.247,4.247,0.0,4.247,0
2022-05-04,4.297,4.297,4.297,4.297,0.0,4.297,0
2022-05-05,4.33,4.33,4.33,4.33,0.0,4.33,0
2022-05-06,4.296,4.296,4.296,4.296,0.0,4.296,0
2022-05-09,4.219,4.219,4.219,4.219,0.0,4.219,0
2022-05-10,4.257,4.257,4.257,4.257,0.0,4.257,0
2022-05-11,4.316,4.316,4.316,4.316,0.0,4.316,0
2022-05-12,4.326,4.326,4.326,4.326,0.0,4.326,0
2022-05-13,4.4,4.4,4.4,4.4,0.0,4.4,0
2022-05-16,4.43,4.43,4.43,4.43,0.0,4.43,0
2022-05-17,4.427,4.427,4.427,4.427,0.0,4.427,0
2022-05-18,4.438,4.438,4.438,4.438,0.0,4.438,0
2022-05-19,4.377,4.377,4.377,4.377,0.0,4.377,0
2022-05-20,4.386,4.386,4.386,4.386,0.0,4.386,0
2022-05-23,4.427,4.427,4.427,4.427,0.0,4.427,0
2022-05-24,4.455,4.455,4.455,4.455,0.0,4.455,0
2022-05-25,4.486,4.486,4.486,4.486,0.0,4.486,0
2022-05-26,4.515,4.515,4.515,4.515,0.0,4.515,0
2022-05-27,4.539,4.539,4.539,4.539,0.0,4.539,0
2022-05-31,4.47,4.47,4.47,4.47,0.0,4.47,0
2022-06-01,4.577,4.577,4.577,4.577,0.0,4.577,0
2022-06-02,4.562,4.562,4.562,4.562,0.0,4.562,0
2022-06-03,4.609,4.609,4.609,4.609,0.0,4.609,0
2022-06-06,4.593,4.593,4.593,4.593,0.0,4.593,0
2022-06-07,4.668,4.668,4.668,4.668,0.0,4.668,0
2022-06-08,4.723,4.723,4.723,4.723,0.0,4.723,0
2022-06-09,4.809,4.809,4.809,4.809,0.0,4.809,0
2022-06-10,4.842,4.842,4.842,4.842,0.0,4.842,0
2022-06-13,4.785,4.785,4.785,4.785,0.0,4.785,0
2022-06-14,4.707,4.707,4.707,4.707,0.0,4.707,0
2022-06-15,4.768,4.768,4.768,4.768,0.0,4.768,0
2022-06-16,4.782,4.782,4.782,4.782,0.0,4.782,0
2022-06-17,4.679,4.679,4.679,4.679,0.0,4.679,0
2022-06-21,4.666,4.666,4.666,4.666,0.0,4.666,0
2022-06-22,4.721,4.721,4.721,4.721,0.0,4.721,0
2022-06-23,4.715,4.715,4.715,4.715,0.0,4.715,0
2022-06-24,4.491,4.491,4.491,4.491,0.0,4.491,0
2022-06-27,4.533,4.533,4.533,4.533,0.0,4.533,0
2022-06-28,4.503,4.503,4.503,4.503,0.0,4.503,0
2022-06-29,4.453,4.453,4.453,4.453,0.0,4.453,0
2022-06-30,4.198,4.198,4.198,4.198,0.0,4.198,0
2022-07-01,4.286,4.286,4.286,4.286,0.0,4.286,0
2022-07-04,4.286,4.286,4.286,4.286,0.0,4.286,0
2022-07-05,4.136,4.136,4.136,4.136,0.0,4.136,0
2022-07-06,4.228,4.228,4.228,4.228,0.0,4.228,0
2022-07-07,4.315,4.315,4.315,4.315,0.0,4.315,0
2022-07-08,4.314,4.314,4.314,4.314,0.0,4.314,0
2022-07-11,4.348,4.348,4.348,4.348,0.0,4.348,0
2022-07-12,4.25,4.25,4.25,4.25,0.0,4.25,0
2022-07-13,4.312,4.312,4.312,4.312,0.0,4.312,0
2022-07-14,4.238,4.238,4.238,4.238,0.0,4.238,0
2022-07-15,4.312,4.312,4.312,4.312,0.0,4.312,0
2022-07-18,4.25,4.25,4.25,4.25,0.0,4.25,0
2022-07-19,4.277,4.277,4.277,4.277,0.0,4.277,0
2022-07-20,4.42,4.42,4.42,4.42,0.0,4.42,0
2022-07-21,4.325,4.325,4.325,4.325,0.0,4.325,0
2022-07-22,4.329,4.329,4.329,4.329,0.0,4.329,0
2022-07-25,4.385,4.385,4.385,4.385,0.0,4.385,0
2022-07-26,4.412,4.412,4.412,4.412,0.0,4.412,0
2022-07-27,4.41,4.41,4.41,4.41,0.0,4.41,0
2022-07-28,4.386,4.386,4.386,4.386,0.0,4.386,0
2022-07-29,4.482,4.482,4.482,4.482,0.0,4.482,0
2022-08-01,4.465,4.465,4.465,4.465,0.0,4.465,0
2022-08-02,4.467,4.467,4.467,4.467,0.0,4.467,0
2022-08-03,4.499,4.499,4.499,4.499,0.0,4.499,0
2022-08-04,4.468,4.468,4.468,4.468,0.0,4.468,0
2022-08-05,4.462,4.462,4.462,4.462,0.0,4.462,0
2022-08-08,4.424,4.424,4.424,4.424,0.0,4.424,0
2022-08-09,4.461,4.461,4.461,4.461,0.0,4.461,0
2022-08-10,4.491,4.491,4.491,4.491,0.0,4.491,0
2022-08-11,4.585,4.585,4.585,4.585,0.0,4.585,0
2022-08-12,4.573,4.573,4.573,4.573,0.0,4.573,0
2022-08-15,4.666,4.666,4.666,4.666,0.0,4.666,0
2022-08-16,4.705,4.705,4.705,4.705,0.0,4.705,0
2022-08-17,4.688,4.688,4.688,4.688,0.0,4.688,0
2022-08-18,4.694,4.694,4.694,4.694,0.0,4.694,0
2022-08-19,4.71,4.71,4.71,4.71,0.0,4.71,0
2022-08-22,4.769,4.769,4.769,4.769,0.0,4.769,0
2022-08-23,4.776,4.776,4.776,4.776,0.0,4.776,0
2022-08-24,4.822,4.822,4.822,4.822,0.0,4.822,0
2022-08-25,4.884,4.884,4.884,4.884,0.0,4.884,0
2022-08-26,4.926,4.926,4.926,4.926,0.0,4.926,0
2022-08-29,4.995,4.995,4.995,4.995,0.0,4.995,0
2022-08-30,5.002,5.002,5.002,5.002,0.0,5.002,0
2022-08-31,5.022,5.022,5.022,5.022,0.0,5.022,0
2022-09-01,5.09,5.09,5.09,5.09,0.0,5.09,0
2022-09-02,5.193,5.193,5.193,5.193,0.0,5.193,0
2022-09-05,5.193,5.193,5.193,5.193,0.0,5.193,0
2022-09-06,5.194,5.194,5.194,5.194,0.0,5.194,0
2022-09-07,5.152,5.152,5.152,5.152,0.0,5.152,0
2022-09-08,5.105,5.105,5.105,5.105,0.0,5.105,0
2022-09-09,5.156,5.156,5.156,5.156,0.0,5.156,0
2022-09-12,5.101,5.101,5.101,5.101,0.0,5.101,0
2022-09-13,5.13,5.13,5.13,5.13,0.0,5.13,0
2022-09-14,5.189,5.189,5.189,5.189,0.0,5.189,0
2022-09-15,5.143,5.143,5.143,5.143,0.0,5.143,0
2022-09-16,5.038,5.038,5.038,5.038,0.0,5.038,0
2022-09-19,4.994,4.994,4.994,4.994,0.0,4.994,0
2022-09-20,4.925,4.925,4.925,4.925,0.0,4.925,0
2022-09-21,4.757,4.757,4.757,4.757,0.0,4.757,0
2022-09-22,4.605,4.605,4.605,4.605,0.0,4.605,0
2022-09-23,4.611,4.611,4.611,4.611,0.0,4.611,0
2022-09-26,4.53,4.53,4.53,4.53,0.0,4.53,0
2022-09-27,4.467,4.467,4.467,4.467,0.0,4.467,0
2022-09-28,4.403,4.403,4.403,4.403,0.0,4.403,0
2022-09-29,4.388,4.388,4.388,4.388,0.0,4.388,0
2022-09-30,4.394,4.394,4.394,4.394,0.0,4.394,0
2022-10-03,4.283,4.283,4.283,4.283,0.0,4.283,0
2022-10-04,4.333,4.333,4.333,4.333,0.0,4.333,0
2022-10-05,4.33,4.33,4.33,4.33,0.0,4.33,0
2022-10-06,4.357,4.357,4.357,4.357,0.0,4.357,0
2022-10-07,4.357,4.357,4.357,4.357,0.0,4.357,0
2022-10-10,4.379,4.379,4.379,4.379,0.0,4.379,0
2022-10-11,4.417,4.417,4.417,4.417,0.0,4.417,0
2022-10-12,4.396,4.396,4.396,4.396,0.0,4.396,0
2022-10-13,4.389,4.389,4.389,4.389,0.0,4.389,0
2022-10-14,4.412,4.412,4.412,4.412,0.0,4.412,0
2022-10-17,4.385,4.385,4.385,4.385,0.0,4.385,0
2022-10-18,4.35,4.35,4.35,4.35,0.0,4.35,0
2022-10-19,4.325,4.325,4.325,4.325,0.0,4.325,0
2022-10-20,4.559,4.559,4.559,4.559,0.0,4.559,0
2022-10-21,4.513,4.513,4.513,4.513,0.0,4.513,0
2022-10-24,4.514,4.514,4.514,4.514,0.0,4.514,0
2022-10-25,4.529,4.529,4.529,4.529,0.0,4.529,0
2022-10-26,4.546,4.546,4.546,4.546,0.0,4.546,0
2022-10-27,4.539,4.539,4.539,4.539,0.0,4.539,0
2022-10-28,4.557,4.557,4.557,4.557,0.0,4.557,0
2022-10-31,4.551,4.551,4.551,4.551,0.0,4.551,0
2022-11-01,4.516,4.516,4.516,4.516,0.0,4.516,0
2022-11-02,4.58,4.58,4.58,4.58,0.0,4.58,0
2022-11-03,4.625,4.625,4.625,4.625,0.0,4.625,0
2022-11-04,4.739,4.739,4.739,4.739,0.0,4.739,0
2022-11-07,4.783,4.783,4.783,4.783,0.0,4.783,0
2022-11-08,4.743,4.743,4.743,4.743,0.0,4.743,0
2022-11-09,4.757,4.757,4.757,4.757,0.0,4.757,0
2022-11-10,4.757,4.757,4.757,4.757,0.0,4.757,0
2022-11-11,4.73,4.73,4.73,4.73,0.0,4.73,0
2022-11-14,4.699,4.699,4.699,4.699,0.0,4.699,0
2022-11-15,4.735,4.735,4.735,4.735,0.0,4.735,0
2022-11-16,4.72,4.72,4.72,4.72,0.0,4.72,0
2022-11-17,4.718,4.718,4.718,4.718,0.0,4.718,0
2022-11-18,4.709,4.709,4.709,4.709,0.0,4.709,0
2022-11-21,4.664,4.664,4.664,4.664,0.0,4.664,0
2022-11-22,4.648,4.648,4.648,4.648,0.0,4.648,0
2022-11-23,4.683,4.683,4.683,4.683,0.0,4.683,0
2022-11-24,4.683,4.683,4.683,4.683,0.0,4.683,0
2022-11-25,4.677,4.677,4.677,4.677,0.0,4.677,0
2022-11-28,4.722,4.722,4.722,4.722,0.0,4.722,0
2022-11-29,4.72,4.72,4.72,4.72,0.0,4.72,0
2022-11-30,4.707,4.707,4.707,4.707,0.0,4.707,0
2022-12-01,4.687,4.687,4.687,4.687,0.0,4.687,0
2022-12-02,4.683,4.683,4.683,4.683,0.0,4.683,0
2022-12-05,4.691,4.691,4.691,4.691,0.0,4.691,0
2022-12-06,4.704,4.704,4.704,4.704,0.0,4.704,0
2022-12-07,4.709,4.709,4.709,4.709,0.0,4.709,0
2022-12-08,4.769,4.769,4.769,4.769,0.0,4.769,0
2022-12-09,4.773,4.773,4.773,4.773,0.0,4.773,0
2022-12-12,4.837,4.837,4.837,4.837,0.0,4.837,0
2022-12-13,4.825,4.825,4.825,4.825,0.0,4.825,0
2022-12-14,4.798,4.798,4.798,4.798,0.0,4.798,0
2022-12-15,4.839,4.839,4.839,4.839,0.0,4.839,0
2022-12-16,4.925,4.925,4.925,4.925,0.0,4.925,0
2022-12-19,4.901,4.901,4.901,4.901,0.0,4.901,0
2022-12-20,4.896,4.896,4.896,4.896,0.0,4.896,0
2022-12-21,4.808,4.808,4.808,4.808,0.0,4.808,0
2022-12-22,4.725,4.725,4.725,4.725,0.0,4.725,0
2022-12-23,4.738,4.738,4.738,4.738,0.0,4.738,0
2022-12-27,4.824,4.824,4.824,4.824,0.0,4.824,0
2022-12-28,4.746,4.746,4.746,4.746,0.0,4.746,0
2022-12-29,4.737,4.737,4.737,4.737,0.0,4.737,0
2022-12-30,4.746,4.746,4.746,4.746,0.0,4.746,0
2023-01-03,4.692,4.692,4.692,4.692,0.0,4.692,0
2023-01-04,4.695,4.695,4.695,4.695,0.0,4.695,0
2023-01-05,4.617,4.617,4.617,4.617,0.0,4.617,0
2023-01-06,4.561,4.561,4.561,4.561,0.0,4.561,0
2023-01-09,4.569,4.569,4.569,4.569,0.0,4.569,0
2023-01-10,4.593,4.593,4.593,4.593,0.0,4.593,0
2023-01-11,4.559,4.559,4.559,4.559,0.0,4.559,0
2023-01-12,4.558,4.558,4.558,4.558,0.0,4.558,0
2023-01-13,4.567,4.567,4.567,4.567,0.0,4.567,0
2023-01-16,4.567,4.567,4.567,4.567,0.0,4.567,0
2023-01-17,4.583,4.583,4.583,4.583,0.0,4.583,0
2023-01-18,4.617,4.617,4.617,4.617,0.0,4.617,0
2023-01-19,4.657,4.657,4.657,4.657,0.0,4.657,0
2023-01-20,4.621,4.621,4.621,4.621,0.0,4.621,0
2023-01-23,4.613,4.613,4.613,4.613,0.0,4.613,0
2023-01-24,4.582,4.582,4.582,4.582,0.0,4.582,0
2023-01-25,4.525,4.525,4.525,4.525,0.0,4.525,0
2023-01-26,4.532,4.532,4.532,4.532,0.0,4.532,0
2023-01-27,4.523,4.523,4.523,4.523,0.0,4.523,0
2023-01-30,4.444,4.444,4.444,4.444,0.0,4.444,0
2023-01-31,4.455,4.455,4.455,4.455,0.0,4.455,0
2023-02-01,4.29,4.29,4.29,4.29,0.0,4.29,0
2023-02-02,4.27,4.27,4.27,4.27,0.0,4.27,0
2023-02-03,4.186,4.186,4.186,4.186,0.0,4.186,0
2023-02-10,4.196,4.196,4.196,4.196,0.0,4.196,0
2023-02-13,4.139,4.139,4.139,4.139,0.0,4.139,0
2023-02-14,4.14,4.14,4.14,4.14,0.0,4.14,0
2023-02-15,4.135,4.135,4.135,4.135,0.0,4.135,0
2023-02-16,4.135,4.135,4.135,4.135,0.0,4.135,0
2023-02-17,4.121,4.121,4.121,4.121,0.0,4.121,0
2023-02-20,4.121,4.121,4.121,4.121,0.0,4.121,0
2023-02-21,4.121,4.121,4.121,4.121,0.0,4.121,0
2023-02-22,4.132,4.132,4.132,4.132,0.0,4.132,0
2023-02-23,4.166,4.166,4.166,4.166,0.0,4.166,0
2023-02-24,4.225,4.225,4.225,4.225,0.0,4.225,0
2023-02-27,4.267,4.267,4.267,4.267,0.0,4.267,0
2023-02-28,4.315,4.315,4.315,4.315,0.0,4.315,0
2023-03-01,4.396,4.396,4.396,4.396,0.0,4.396,0
2023-03-02,4.404,4.404,4.404,4.404,0.0,4.404,0
2023-03-03,4.444,4.444,4.444,4.444,0.0,4.444,0
2023-03-06,4.478,4.478,4.478,4.478,0.0,4.478,0
2023-03-07,4.505,4.505,4.505,4.505,0.0,4.505,0
2023-03-08,4.508,4.508,4.508,4.508,0.0,4.508,0
2023-03-09,4.302,4.302,4.302,4.302,0.0,4.302,0
2023-03-10,4.403,4.403,4.403,4.403,0.0,4.403,0
2023-03-13,4.414,4.414,4.414,4.414,0.0,4.414,0
2023-03-14,4.495,4.495,4.495,4.495,0.0,4.495,0
2023-03-15,4.498,4.498,4.498,4.498,0.0,4.498,0
2023-03-16,4.54,4.54,4.54,4.54,0.0,4.54,0
2023-03-17,4.533,4.533,4.533,4.533,0.0,4.533,0
2023-03-20,4.492,4.492,4.492,4.492,0.0,4.492,0
2023-03-21,4.541,4.541,4.541,4.541,0.0,4.541,0
2023-03-22,4.495,4.495,4.495,4.495,0.0,4.495,0
2023-03-23,4.53,4.53,4.53,4.53,0.0,4.53,0
2023-03-24,4.49,4.49,4.49,4.49,0.0,4.49,0
2023-03-27,4.469,4.469,4.469,4.469,0.0,4.469,0
2023-03-28,4.427,4.427,4.427,4.427,0.0,4.427,0
2023-03-29,4.424,4.424,4.424,4.424,0.0,4.424,0
2023-03-30,4.432,4.432,4.432,4.432,0.0,4.432,0
2023-03-31,4.425,4.425,4.425,4.425,0.0,4.425,0
2023-04-03,4.433,4.433,4.433,4.433,0.0,4.433,0
2023-04-04,4.445,4.445,4.445,4.445,0.0,4.445,0
2023-04-05,4.418,4.418,4.418,4.418,0.0,4.418,0
2023-04-06,4.374,4.374,4.374,4.374,0.0,4.374,0
2023-04-10,4.436,4.436,4.436,4.436,0.0,4.436,0
2023-04-11,4.446,4.446,4.446,4.446,0.0,4.446,0
2023-04-12,4.372,4.372,4.372,4.372,0.0,4.372,0
2023-04-13,4.34,4.34,4.34,4.34,0.0,4.34,0
2023-04-14,4.36,4.36,4.36,4.36,0.0,4.36,0
2023-04-17,4.426,4.426,4.426,4.426,0.0,4.426,0
2023-04-18,4.424,4.424,4.424,4.424,0.0,4.424,0
2023-04-19,4.446,4.446,4.446,4.446,0.0,4.446,0
2023-04-20,4.478,4.478,4.478,4.478,0.0,4.478,0
2023-04-21,4.485,4.485,4.485,4.485,0.0,4.485,0
2023-04-24,4.496,4.496,4.496,4.496,0.0,4.496,0
2023-04-25,4.494,4.494,4.494,4.494,0.0,4.494,0
2023-04-26,4.487,4.487,4.487,4.487,0.0,4.487,0
2023-04-27,4.46,4.491,4.46,4.491,24.0,4.46,1
2023-04-28,4.51,4.51,4.51,4.51,0.0,4.51,0
2023-05-01,4.467,4.467,4.467,4.467,0.0,4.467,0
2023-05-02,4.463,4.463,4.463,4.463,0.0,4.463,0
2023-05-03,4.485,4.485,4.485,4.485,0.0,4.485,0
2023-05-04,4.492,4.492,4.492,4.492,0.0,4.492,0
2023-05-05,4.454,4.454,4.454,4.454,0.0,4.454,0
2023-05-08,4.422,4.422,4.422,4.422,0.0,4.422,0
2023-05-09,4.405,4.405,4.405,4.405,0.0,4.405,0
2023-05-10,4.421,4.421,4.421,4.421,0.0,4.421,0
2023-05-11,4.352,4.352,4.352,4.352,0.0,4.352,0
2023-05-12,4.329,4.329,4.329,4.329,0.0,4.329,0
2023-05-15,4.333,4.333,4.333,4.333,0.0,4.333,0
2023-05-16,4.319,4.319,4.319,4.319,0.0,4.319,0
2023-05-17,4.243,4.243,4.243,4.243,0.0,4.243,0
2023-05-18,4.223,4.223,4.223,4.223,0.0,4.223,0
2023-05-19,4.169,4.169,4.169,4.169,0.0,4.169,0
2023-05-22,4.159,4.159,4.159,4.159,0.0,4.159,0
2023-05-23,4.147,4.147,4.147,4.147,0.0,4.147,0
2023-05-24,4.202,4.202,4.202,4.202,0.0,4.202,0
2023-05-25,4.153,4.153,4.153,4.153,0.0,4.153,0
2023-05-26,4.181,4.181,4.181,4.181,0.0,4.181,0
2023-05-29,4.181,4.181,4.181,4.181,0.0,4.181,0
2023-05-30,4.141,4.141,4.141,4.141,0.0,4.141,0
2023-05-31,4.056,4.106,4.056,4.106,32.0,4.056,1
2023-06-01,3.964,3.964,3.964,3.964,0.0,3.964,0
2023-06-02,4.004,4.004,4.004,4.004,0.0,4.004,0
2023-06-05,4.074,4.074,4.074,4.074,0.0,4.074,0
2023-06-06,4.071,4.071,4.071,4.071,0.0,4.071,0
2023-06-07,4.045,4.045,4.045,4.045,0.0,4.045,0
2023-06-08,4.016,4.016,4.016,4.016,0.0,4.016,0
2023-06-09,4.021,4.021,4.021,4.021,0.0,4.021,0
2023-06-12,4.018,4.018,4.018,4.018,0.0,4.018,0
2023-06-13,3.983,3.983,3.983,3.983,0.0,3.983,0
2023-06-14,3.996,3.996,3.996,3.996,0.0,3.996,0
2023-06-15,3.968,3.968,3.968,3.968,0.0,3.968,0
2023-06-16,3.987,3.987,3.987,3.987,0.0,3.987,0
2023-06-19,3.987,3.987,3.987,3.987,0.0,3.987,0
2023-06-20,4.034,4.034,4.034,4.034,0.0,4.034,0
2023-06-21,4.1,4.1,4.1,4.1,0.0,4.1,0
2023-06-22,4.118,4.118,4.118,4.118,0.0,4.118,0
2023-06-23,4.012,4.012,4.012,4.012,0.0,4.012,0
2023-06-26,3.986,3.986,3.986,3.986,0.0,3.986,0
2023-06-27,4.046,4.046,4.046,4.046,0.0,4.046,0
2023-06-28,3.878,3.878,3.878,3.878,0.0,3.878,0
2023-06-29,3.837,3.837,3.837,3.837,0.0,3.837,0
2023-06-30,3.838,3.838,3.838,3.838,0.0,3.838,0
2023-07-03,3.839,3.839,3.839,3.839,0.0,3.839,0
2023-07-04,3.839,3.839,3.839,3.839,0.0,3.839,0
2023-07-05,3.829,3.829,3.829,3.829,0.0,3.829,0
2023-07-06,3.831,3.831,3.831,3.831,0.0,3.831,0
2023-07-07,3.877,3.877,3.877,3.877,0.0,3.877,0
2023-07-10,3.921,3.921,3.921,3.921,0.0,3.921,0
2023-07-11,3.99,3.99,3.99,3.99,0.0,3.99,0
2023-07-12,4.056,4.056,4.056,4.056,0.0,4.056,0
2023-07-13,3.874,3.874,3.874,3.874,0.0,3.874,0
2023-07-14,3.953,3.953,3.953,3.953,0.0,3.953,0
2023-07-17,3.948,3.948,3.948,3.948,0.0,3.948,0
2023-07-18,4.007,4.007,4.007,4.007,0.0,4.007,0
2023-07-19,4.007,4.007,4.007,4.007,0.0,4.007,0
2023-07-20,3.994,3.994,3.994,3.994,0.0,3.994,0
2023-07-21,4.012,4.012,4.012,4.012,0.0,4.012,0
2023-07-24,4.053,4.053,4.053,4.053,0.0,4.053,0
2023-07-25,4.067,4.067,4.067,4.067,0.0,4.067,0
2023-07-26,4.085,4.085,4.085,4.085,0.0,4.085,0
2023-07-27,4.076,4.076,4.076,4.076,0.0,4.076,0
2023-07-28,4.085,4.085,4.085,4.085,0.0,4.085,0
2023-07-31,4.014,4.014,4.014,4.014,0.0,4.014,0
2023-08-01,3.924,3.924,3.924,3.924,0.0,3.924,0
2023-08-02,3.941,3.941,3.941,3.941,0.0,3.941,0
2023-08-03,3.921,3.921,3.921,3.921,0.0,3.921,0
2023-08-04,3.929,3.929,3.929,3.929,0.0,3.929,0
2023-08-07,3.99,3.99,3.99,3.99,0.0,3.99,0
2023-08-08,4.038,4.038,4.038,4.038,0.0,4.038,0
2023-08-09,4.0,4.0,4.0,4.0,0.0,4.0,0
2023-08-10,3.985,3.985,3.985,3.985,0.0,3.985,0
2023-08-11,4.013,4.013,4.013,4.013,0.0,4.013,0
2023-08-14,3.96,3.96,3.96,3.96,0.0,3.96,0
2023-08-15,4.088,4.088,4.088,4.088,0.0,4.088,0
2023-08-16,4.101,4.101,4.101,4.101,0.0,4.101,0
2023-08-17,4.074,4.074,4.074,4.074,0.0,4.074,0
2023-08-18,4.051,4.051,4.051,4.051,0.0,4.051,0
2023-08-21,4.119,4.119,4.119,4.119,0.0,4.119,0
2023-08-22,4.074,4.074,4.074,4.074,0.0,4.074,0
2023-08-23,4.158,4.158,4.158,4.158,0.0,4.158,0
2023-08-24,4.023,4.023,4.023,4.023,0.0,4.023,0
2023-08-25,4.004,4.004,4.004,4.004,0.0,4.004,0
2023-08-28,3.993,3.993,3.993,3.993,0.0,3.993,0
2023-08-29,3.97,3.97,3.97,3.97,0.0,3.97,0
2023-08-30,4.025,4.025,4.025,4.025,0.0,4.025,0
2023-08-31,4.037,4.037,4.037,4.037,0.0,4.037,0
2023-09-01,4.036,4.036,4.036,4.036,0.0,4.036,0
2023-09-04,4.036,4.036,4.036,4.036,0.0,4.036,0
2023-09-05,3.982,3.982,3.982,3.982,0.0,3.982,0
2023-09-06,3.996,3.996,3.996,3.996,0.0,3.996,0
2023-09-07,4.029,4.029,4.029,4.029,0.0,4.029,0
2023-09-08,4.035,4.035,4.035,4.035,0.0,4.035,0
2023-09-11,3.927,3.927,3.927,3.927,0.0,3.927,0
2023-09-12,3.939,3.939,3.939,3.939,0.0,3.939,0
2023-09-13,4.0,4.0,4.0,4.0,0.0,4.0,0
2023-09-14,3.964,3.964,3.964,3.964,0.0,3.964,0
2023-09-15,3.975,3.975,3.975,3.975,0.0,3.975,0
2023-09-18,4.017,4.017,4.017,4.017,0.0,4.017,0
2023-09-19,3.948,3.948,3.948,3.948,0.0,3.948,0
2023-09-20,4.004,4.004,4.004,4.004,0.0,4.004,0
2023-09-21,4.046,4.046,4.046,4.046,0.0,4.046,0
2023-09-22,4.05,4.05,4.05,4.05,0.0,4.05,0
2023-09-25,4.123,4.123,4.123,4.123,0.0,4.123,0
2023-09-26,4.078,4.078,4.078,4.078,0.0,4.078,0
2023-09-27,4.031,4.031,4.031,4.031,0.0,4.031,0
2023-09-28,4.038,4.038,4.038,4.038,0.0,4.038,0
2023-09-29,4.063,4.063,4.063,4.063,0.0,4.063,0
2023-10-02,4.068,4.068,4.068,4.068,0.0,4.068,0
2023-10-03,4.186,4.186,4.186,4.186,0.0,4.186,0
2023-10-04,4.108,4.108,4.108,4.108,0.0,4.108,0
2023-10-05,4.046,4.046,4.046,4.046,0.0,4.046,0
2023-10-06,4.023,4.023,4.023,4.023,0.0,4.023,0
2023-10-09,4.024,4.024,4.024,4.024,0.0,4.024,0
2023-10-10,4.026,4.026,4.026,4.026,0.0,4.026,0
2023-10-11,4.074,4.074,4.074,4.074,0.0,4.074,0
2023-10-12,4.135,4.135,4.135,4.135,0.0,4.135,0
2023-10-13,4.093,4.093,4.093,4.093,0.0,4.093,0
2023-10-16,4.073,4.073,4.073,4.073,0.0,4.073,0
2023-10-17,4.056,4.056,4.056,4.056,0.0,4.056,0
2023-10-18,4.051,4.051,4.051,4.051,0.0,4.051,0
2023-10-19,4.07,4.07,4.07,4.07,0.0,4.07,0
2023-10-20,4.076,4.076,4.076,4.076,0.0,4.076,0
2023-10-23,4.08,4.08,4.08,4.08,0.0,4.08,0
2023-10-24,4.085,4.085,4.085,4.085,0.0,4.085,0
2023-10-25,4.093,4.093,4.093,4.093,0.0,4.093,0
2023-10-26,4.078,4.078,4.078,4.078,0.0,4.078,0
2023-10-27,4.068,4.068,4.068,4.068,0.0,4.068,0
2023-10-30,4.059,4.059,4.059,4.059,0.0,4.059,0
2023-10-31,4.077,4.077,4.077,4.077,0.0,4.077,0
2023-11-01,4.175,4.175,4.175,4.175,0.0,4.175,0
2023-11-02,4.235,4.235,4.235,4.235,0.0,4.235,0
2023-11-03,4.165,4.165,4.165,4.165,0.0,4.165,0
2023-11-06,4.19,4.19,4.19,4.19,0.0,4.19,0
2023-11-07,4.221,4.221,4.221,4.221,0.0,4.221,0
2023-11-08,4.138,4.138,4.138,4.138,0.0,4.138,0
2023-11-09,4.144,4.144,4.144,4.144,0.0,4.144,0
2023-11-10,4.107,4.107,4.107,4.107,0.0,4.107,0
2023-11-13,4.155,4.155,4.155,4.155,0.0,4.155,0
2023-11-14,4.135,4.135,4.135,4.135,0.0,4.135,0
2023-11-15,4.178,4.178,4.178,4.178,0.0,4.178,0
2023-11-16,4.159,4.159,4.159,4.159,0.0,4.159,0
2023-11-17,4.162,4.162,4.162,4.162,0.0,4.162,0
2023-11-20,4.149,4.149,4.149,4.149,0.0,4.149,0
2023-11-21,4.124,4.124,4.124,4.124,0.0,4.124,0
2023-11-22,4.111,4.111,4.111,4.111,0.0,4.111,0
2023-11-23,4.111,4.111,4.111,4.111,0.0,4.111,0
2023-11-24,4.171,4.171,4.171,4.171,0.0,4.171,0
2023-11-27,4.186,4.186,4.186,4.186,0.0,4.186,0
2023-11-28,4.103,4.103,4.103,4.103,0.0,4.103,0
2023-11-29,4.078,4.078,4.078,4.078,0.0,4.078,0
2023-11-30,4.072,4.072,4.072,4.072,0.0,4.072,0
2023-12-01,4.088,4.088,4.088,4.088,0.0,4.088,0
2023-12-04,4.054,4.054,4.054,4.054,0.0,4.054,0
2023-12-05,4.019,4.019,4.019,4.019,0.0,4.019,0
2023-12-06,3.846,3.846,3.846,3.846,0.0,3.846,0
2023-12-07,3.845,3.845,3.845,3.845,0.0,3.845,0
2023-12-08,3.824,3.824,3.824,3.824,0.0,3.824,0
2023-12-11,3.819,3.819,3.819,3.819,0.0,3.819,0
2023-12-12,3.858,3.858,3.858,3.858,0.0,3.858,0
2023-12-13,3.899,3.899,3.899,3.899,0.0,3.899,0
2023-12-14,3.973,3.973,3.973,3.973,0.0,3.973,0
2023-12-15,4.026,4.026,4.026,4.026,0.0,4.026,0
2023-12-18,4.023,4.023,4.023,4.023,0.0,4.023,0
2023-12-19,3.997,3.997,3.997,3.997,0.0,3.997,0
2023-12-20,4.0,4.055,4.0,4.055,1.0,4.0,1
2023-12-21,3.984,3.984,3.984,3.984,0.0,3.984,0
2023-12-22,3.948,3.948,3.948,3.948,0.0,3.948,0
2023-12-26,3.903,3.903,3.903,3.903,0.0,3.903,0
2023-12-27,3.922,3.922,3.922,3.922,0.0,3.922,0
2023-12-28,3.94,3.94,3.94,3.94,0.0,3.94,0
2023-12-29,3.923,3.923,3.923,3.923,0.0,3.923,0
2024-01-02,3.919,3.919,3.919,3.919,0.0,3.919,0
2024-01-03,3.954,3.954,3.954,3.954,0.0,3.954,0
2024-01-04,3.943,3.943,3.943,3.943,0.0,3.943,0
2024-01-05,3.985,3.985,3.985,3.985,0.0,3.985,0
2024-01-08,3.995,3.995,3.995,3.995,0.0,3.995,0
2024-01-09,4.05,4.05,4.05,4.05,0.0,4.05,0
2024-01-10,4.001,4.001,4.001,4.001,0.0,4.001,0
2024-01-11,3.957,3.957,3.957,3.957,0.0,3.957,0
2024-01-12,3.953,3.953,3.953,3.953,0.0,3.953,0
2024-01-15,3.953,3.953,3.953,3.953,0.0,3.953,0
2024-01-16,3.935,3.935,3.935,3.935,0.0,3.935,0
2024-01-17,3.977,3.977,3.977,3.977,0.0,3.977,0
2024-01-18,3.979,3.979,3.979,3.979,0.0,3.979,0
2024-01-19,3.922,3.922,3.922,3.922,0.0,3.922,0
2024-01-22,3.851,3.851,3.851,3.851,0.0,3.851,0
2024-01-23,3.964,3.964,3.964,3.964,0.0,3.964,0
2024-01-24,3.936,3.936,3.936,3.936,0.0,3.936,0
2024-01-25,3.836,3.836,3.836,3.836,0.0,3.836,0
2024-01-26,3.854,3.854,3.854,3.854,0.0,3.854,0
2024-01-29,3.823,3.823,3.823,3.823,0.0,3.823,0
2024-01-30,3.833,3.833,3.833,3.833,0.0,3.833,0
2024-01-31,3.857,3.857,3.857,3.857,0.0,3.857,0
2024-02-01,3.855,3.855,3.855,3.855,0.0,3.855,0
2024-02-02,3.938,3.938,3.938,3.938,0.0,3.938,0
2024-02-05,3.918,3.918,3.918,3.918,0.0,3.918,0
2024-02-06,3.903,3.903,3.903,3.903,0.0,3.903,0
2024-02-07,3.903,3.903,3.903,3.903,0.0,3.903,0
2024-02-08,3.885,3.885,3.885,3.885,0.0,3.885,0
2024-02-09,3.884,3.884,3.884,3.884,0.0,3.884,0
2024-02-12,3.865,3.865,3.865,3.865,0.0,3.865,0
2024-02-13,3.906,3.906,3.906,3.906,0.0,3.906,0
2024-02-14,3.878,3.878,3.878,3.878,0.0,3.878,0
2024-02-15,3.851,3.851,3.851,3.851,0.0,3.851,0
2024-02-16,3.831,3.831,3.831,3.831,0.0,3.831,0
2024-02-19,3.831,3.831,3.831,3.831,0.0,3.831,0
2024-02-20,3.821,3.821,3.821,3.821,0.0,3.821,0
2024-02-21,3.858,3.858,3.858,3.858,0.0,3.858,0
2024-02-22,3.908,3.908,3.908,3.908,0.0,3.908,0
2024-02-23,3.862,3.862,3.862,3.862,0.0,3.862,0
2024-02-26,3.866,3.866,3.866,3.866,0.0,3.866,0
2024-02-27,3.87,3.87,3.87,3.87,0.0,3.87,0
2024-02-28,3.89,3.89,3.89,3.89,0.0,3.89,0
2024-02-29,3.893,3.893,3.893,3.893,0.0,3.893,0
2024-03-01,3.865,3.865,3.865,3.865,0.0,3.865,0
2024-03-04,3.863,3.863,3.863,3.863,0.0,3.863,0
2024-03-05,3.879,3.879,3.879,3.879,0.0,3.879,0
2024-03-06,3.884,3.884,3.884,3.884,0.0,3.884,0
2024-03-07,3.888,3.888,3.888,3.888,0.0,3.888,0
2024-03-08,3.93,3.93,3.93,3.93,0.0,3.93,0
2024-03-11,3.946,3.946,3.946,3.946,0.0,3.946,0
2024-03-12,3.927,3.927,3.927,3.927,0.0,3.927,0
2024-03-13,3.924,3.924,3.924,3.924,0.0,3.924,0
2024-03-14,3.929,3.929,3.929,3.929,0.0,3.929,0
2024-03-15,3.92,3.92,3.92,3.92,0.0,3.92,0
2024-03-18,3.918,3.918,3.918,3.918,0.0,3.918,0
2024-03-19,3.932,3.932,3.932,3.932,0.0,3.932,0
2024-03-20,3.911,3.911,3.911,3.911,0.0,3.911,0
2024-03-21,3.892,3.892,3.892,3.892,0.0,3.892,0
2024-03-22,3.934,3.934,3.934,3.934,0.0,3.934,0
2024-03-25,3.866,3.866,3.866,3.866,0.0,3.866,0
2024-03-26,3.882,3.882,3.882,3.882,0.0,3.882,0
2024-03-27,3.867,3.867,3.867,3.867,0.0,3.867,0
2024-03-28,3.893,3.893,3.893,3.893,0.0,3.893,0
2024-04-01,3.889,3.932,3.889,3.932,1.0,3.889,1
2024-04-02,3.981,3.981,3.981,3.981,0.0,3.981,0
2024-04-03,3.947,3.947,3.947,3.947,0.0,3.947,0
2024-04-04,3.945,3.945,3.945,3.945,0.0,3.945,0
2024-04-05,3.952,3.952,3.952,3.952,0.0,3.952,0
2024-04-08,3.952,3.952,3.946,3.946,1.0,3.952,1
2024-04-09,3.927,3.927,3.927,3.927,0.0,3.927,0
2024-04-10,3.947,3.947,3.947,3.947,0.0,3.947,0
2024-04-11,4.031,4.031,4.031,4.031,0.0,4.031,0
2024-04-12,4.071,4.071,4.071,4.071,0.0,4.071,0
2024-04-15,4.115,4.115,4.115,4.115,0.0,4.115,0
2024-04-16,4.165,4.165,4.165,4.165,0.0,4.165,0
2024-04-17,4.11,4.135,4.11,4.135,30.0,4.11,1
2024-04-18,4.122,4.122,4.122,4.122,0.0,4.122,0
2024-04-19,4.125,4.125,4.125,4.125,0.0,4.125,0
2024-04-22,4.123,4.123,4.123,4.123,0.0,4.123,0
2024-04-23,4.132,4.132,4.132,4.132,0.0,4.132,0
2024-04-24,4.123,4.123,4.123,4.123,0.0,4.123,0
2024-04-25,4.13,4.13,4.13,4.13,0.0,4.13,0
2024-04-26,4.137,4.137,4.137,4.137,0.0,4.137,0
2024-04-29,4.15,4.15,4.15,4.15,0.0,4.15,0
2024-04-30,4.174,4.174,4.174,4.174,0.0,4.174,0
2024-05-01,4.172,4.172,4.172,4.172,0.0,4.172,0
2024-05-02,4.179,4.179,4.179,4.179,0.0,4.179,0
2024-05-03,4.147,4.147,4.147,4.147,0.0,4.147,0
2024-05-06,4.16,4.16,4.16,4.16,0.0,4.16,0
2024-05-07,4.103,4.103,4.103,4.103,0.0,4.103,0
2024-05-08,4.036,4.036,4.036,4.036,0.0,4.036,0
2024-05-09,3.958,3.958,3.958,3.958,0.0,3.958,0
2024-05-10,4.023,4.023,4.023,4.023,0.0,4.023,0
2024-05-13,4.038,4.038,4.038,4.038,0.0,4.038,0
2024-05-14,4.051,4.051,4.051,4.051,0.0,4.051,0
2024-05-15,4.069,4.069,4.069,4.069,0.0,4.069,0
2024-05-16,4.099,4.099,4.099,4.099,0.0,4.099,0
2024-05-17,4.158,4.158,4.158,4.158,0.0,4.158,0
2024-05-20,4.178,4.178,4.147,4.147,1.0,4.178,1
2024-05-21,4.176,4.176,4.176,4.176,0.0,4.176,0
2024-05-22,4.152,4.152,4.152,4.152,0.0,4.152,0
2024-05-23,4.12,4.12,4.12,4.12,0.0,4.12,0
2024-05-24,4.121,4.121,4.121,4.121,0.0,4.121,0
2024-05-27,4.121,4.121,4.121,4.121,0.0,4.121,0
2024-05-28,4.125,4.125,4.125,4.125,0.0,4.125,0
2024-05-29,4.066,4.066,4.066,4.066,0.0,4.066,0
2024-05-30,4.067,4.067,4.067,4.067,0.0,4.067,0
2024-05-31,4.047,4.047,4.047,4.047,0.0,4.047,0
2024-06-03,4.057,4.057,4.057,4.057,0.0,4.057,0
2024-06-04,4.029,4.029,4.029,4.029,0.0,4.029,0
2024-06-05,4.0,4.0,4.0,4.0,0.0,4.0,0
2024-06-06,4.025,4.025,4.025,4.025,0.0,4.025,0
2024-06-07,4.021,4.021,4.021,4.021,0.0,4.021,0
2024-06-10,4.009,4.009,4.009,4.009,0.0,4.009,0
2024-06-11,4.028,4.028,4.028,4.028,0.0,4.028,0
2024-06-12,4.008,4.008,4.008,4.008,0.0,4.008,0
2024-06-13,3.971,3.971,3.971,3.971,0.0,3.971,0
2024-06-14,3.977,3.977,3.977,3.977,0.0,3.977,0
2024-06-17,3.977,3.978,3.977,3.978,1.0,3.977,1
2024-06-18,4.019,4.019,4.019,4.019,0.0,4.019,0
2024-06-19,4.019,4.019,4.019,4.019,0.0,4.019,0
2024-06-20,3.977,3.977,3.977,3.977,0.0,3.977,0
2024-06-21,3.946,3.946,3.946,3.946,0.0,3.946,0
2024-06-24,3.958,3.958,3.958,3.958,0.0,3.958,0
2024-06-25,3.947,3.947,3.947,3.947,0.0,3.947,0
2024-06-26,3.948,3.948,3.948,3.948,0.0,3.948,0
2024-06-27,3.878,3.878,3.878,3.878,0.0,3.878,0
2024-06-28,3.936,3.936,3.936,3.936,0.0,3.936,0
2024-07-01,3.92,3.92,3.92,3.92,0.0,3.92,0
2024-07-02,3.906,3.906,3.906,3.906,0.0,3.906,0
2024-07-03,3.86,3.86,3.86,3.86,0.0,3.86,0
2024-07-04,3.86,3.86,3.86,3.86,0.0,3.86,0
2024-07-05,3.845,3.845,3.845,3.845,0.0,3.845,0
2024-07-08,3.875,3.875,3.875,3.875,0.0,3.875,0
2024-07-09,3.884,3.884,3.884,3.884,0.0,3.884,0
2024-07-10,3.885,3.885,3.885,3.885,0.0,3.885,0
2024-07-11,3.844,3.844,3.844,3.844,0.0,3.844,0
2024-07-12,3.85,3.85,3.85,3.85,0.0,3.85,0
2024-07-15,3.828,3.828,3.828,3.828,0.0,3.828,0
2024-07-16,3.864,3.864,3.864,3.864,0.0,3.864,0
2024-07-17,3.813,3.813,3.813,3.813,0.0,3.813,0
2024-07-18,3.788,3.788,3.788,3.788,0.0,3.788,0
2024-07-19,3.832,3.832,3.832,3.832,0.0,3.832,0
2024-07-22,3.853,3.853,3.853,3.853,0.0,3.853,0
2024-07-23,3.859,3.859,3.859,3.859,0.0,3.859,0
2024-07-24,3.79,3.79,3.79,3.79,0.0,3.79,0
2024-07-25,3.75,3.75,3.75,3.75,0.0,3.75,0
2024-07-26,3.765,3.765,3.765,3.765,0.0,3.765,0
2024-07-29,3.762,3.762,3.762,3.762,0.0,3.762,0
2024-07-30,3.749,3.749,3.749,3.749,0.0,3.749,0
2024-07-31,3.714,3.714,3.714,3.714,0.0,3.714,0
2024-08-01,3.693,3.693,3.693,3.693,0.0,3.693,0
2024-08-02,3.644,3.644,3.644,3.644,0.0,3.644,0
2024-08-05,3.604,3.624,3.604,3.614,6.0,3.614,3
2024-08-06,3.605,3.605,3.605,3.605,0.0,3.605,0
2024-08-07,3.604,3.604,3.604,3.604,0.0,3.604,0
2024-08-08,3.647,3.647,3.647,3.647,0.0,3.647,0
2024-08-09,3.695,3.695,3.695,3.695,0.0,3.695,0
2024-08-12,3.665,3.665,3.665,3.665,0.0,3.665,0
2024-08-13,3.685,3.685,3.685,3.685,0.0,3.685,0
2024-08-14,3.651,3.651,3.651,3.651,0.0,3.651,0
2024-08-15,3.65,3.65,3.648,3.648,1.0,3.65,1
2024-08-16,3.644,3.644,3.644,3.644,0.0,3.644,0
2024-08-19,3.666,3.666,3.666,3.666,0.0,3.666,0
2024-08-20,3.698,3.698,3.698,3.698,0.0,3.698,0
2024-08-21,3.682,3.682,3.682,3.682,0.0,3.682,0
2024-08-22,3.726,3.726,3.726,3.726,0.0,3.726,0
2024-08-23,3.754,3.754,3.754,3.754,0.0,3.754,0
2024-08-26,3.75,3.75,3.75,3.75,0.0,3.75,0
2024-08-27,3.738,3.738,3.738,3.738,0.0,3.738,0
2024-08-28,3.731,3.731,3.731,3.731,0.0,3.731,0
2024-08-29,3.72,3.72,3.72,3.72,0.0,3.72,0
2024-08-30,3.707,3.707,3.707,3.707,0.0,3.707,0
2024-09-02,3.707,3.707,3.707,3.707,0.0,3.707,0
2024-09-03,3.727,3.727,3.727,3.727,0.0,3.727,0
2024-09-04,3.73,3.73,3.723,3.723,1.0,3.73,1
2024-09-05,3.687,3.687,3.687,3.687,0.0,3.687,0
2024-09-06,3.626,3.626,3.626,3.626,0.0,3.626,0
2024-09-09,3.644,3.644,3.644,3.644,0.0,3.644,0
2024-09-10,3.617,3.617,3.617,3.617,0.0,3.617,0
2024-09-11,3.617,3.617,3.617,3.617,0.0,3.617,0
2024-09-12,3.617,3.617,3.617,3.617,0.0,3.617,0
2024-09-13,3.586,3.586,3.586,3.586,0.0,3.586,0
2024-09-16,3.586,3.602,3.586,3.602,1.0,3.586,1
2024-09-17,3.568,3.568,3.568,3.568,0.0,3.568,0
2024-09-18,3.576,3.576,3.576,3.576,0.0,3.576,0
2024-09-19,3.569,3.569,3.569,3.569,0.0,3.569,0
2024-09-20,3.59,3.59,3.59,3.59,0.0,3.59,0
2024-09-23,3.581,3.581,3.581,3.581,0.0,3.581,0
2024-09-24,3.631,3.631,3.631,3.631,0.0,3.631,0
2024-09-25,3.665,3.665,3.665,3.665,0.0,3.665,0
2024-09-26,3.682,3.682,3.682,3.682,0.0,3.682,0
2024-09-27,3.699,3.699,3.699,3.699,0.0,3.699,0
2024-09-30,3.683,3.683,3.683,3.683,0.0,3.683,0
2024-10-01,3.689,3.689,3.689,3.689,0.0,3.689,0
2024-10-02,3.665,3.665,3.665,3.665,0.0,3.665,0
2024-10-03,3.706,3.706,3.706,3.706,0.0,3.706,0
2024-10-04,3.74,3.74,3.74,3.74,0.0,3.74,0
2024-10-07,3.747,3.747,3.747,3.747,0.0,3.747,0
2024-10-08,3.717,3.717,3.717,3.717,0.0,3.717,0
2024-10-09,3.697,3.697,3.697,3.697,0.0,3.697,0
2024-10-10,3.712,3.712,3.712,3.712,0.0,3.712,0
2024-10-11,3.703,3.703,3.703,3.703,0.0,3.703,0
2024-10-14,3.706,3.706,3.706,3.706,0.0,3.706,0
2024-10-15,3.706,3.762,3.706,3.762,1.0,3.706,1
2024-10-16,3.7,3.7,3.7,3.7,0.0,3.7,0
2024-10-17,3.74,3.74,3.74,3.74,0.0,3.74,0
2024-10-18,3.7,3.7,3.7,3.7,0.0,3.7,0
2024-10-21,3.72,3.72,3.72,3.72,0.0,3.72,0
2024-10-22,3.712,3.712,3.712,3.712,0.0,3.712,0
2024-10-23,3.717,3.717,3.717,3.717,0.0,3.717,0
2024-10-24,3.702,3.702,3.702,3.702,0.0,3.702,0
2024-10-25,3.717,3.717,3.717,3.717,0.0,3.717,0
2024-10-28,3.705,3.705,3.705,3.705,0.0,3.705,0
2024-10-29,3.744,3.744,3.744,3.744,0.0,3.744,0
2024-10-30,3.755,3.755,3.755,3.755,0.0,3.755,0
2024-10-31,3.702,3.702,3.702,3.702,0.0,3.702,0
2024-11-01,3.73,3.73,3.73,3.73,0.0,3.73,0
2024-11-04,3.758,3.758,3.758,3.758,0.0,3.758,0
2024-11-05,3.699,3.699,3.699,3.699,0.0,3.699,0
2024-11-06,3.726,3.726,3.726,3.726,0.0,3.726,0
2024-11-07,3.737,3.737,3.737,3.737,0.0,3.737,0
2024-11-08,3.692,3.692,3.692,3.692,0.0,3.692,0
2024-11-11,3.712,3.712,3.712,3.712,0.0,3.712,0
2024-11-12,3.71,3.731,3.71,3.731,1.0,3.71,1
2024-11-13,3.715,3.715,3.715,3.715,0.0,3.715,0
2024-11-14,3.703,3.703,3.703,3.703,0.0,3.703,0
2024-11-15,3.651,3.651,3.651,3.651,0.0,3.651,0
2024-11-18,3.638,3.638,3.638,3.638,0.0,3.638,0
2024-11-19,3.685,3.685,3.685,3.685,0.0,3.685,0
2024-11-20,3.772,3.772,3.772,3.772,0.0,3.772,0
2024-11-21,3.71,3.71,3.71,3.71,0.0,3.71,0
2024-11-22,3.715,3.715,3.715,3.715,0.0,3.715,0
2024-11-25,3.764,3.764,3.764,3.764,0.0,3.764,0
2024-11-26,3.724,3.724,3.724,3.724,0.0,3.724,0
2024-11-27,3.723,3.723,3.723,3.723,0.0,3.723,0
2024-11-28,3.723,3.723,3.723,3.723,0.0,3.723,0
2024-11-29,3.824,3.824,3.824,3.824,0.0,3.824,0
2024-12-02,3.743,3.743,3.743,3.743,0.0,3.743,0
2024-12-03,3.738,3.738,3.738,3.738,0.0,3.738,0
2024-12-04,3.777,3.777,3.777,3.777,0.0,3.777,0
2024-12-05,3.785,3.785,3.785,3.785,0.0,3.785,0
2024-12-06,3.785,3.793,3.785,3.793,1.0,3.785,1
2024-12-09,3.76,3.76,3.76,3.76,0.0,3.76,0
2024-12-10,3.761,3.761,3.761,3.761,0.0,3.761,0
2024-12-11,3.716,3.716,3.716,3.716,0.0,3.716,0
2024-12-12,3.719,3.719,3.719,3.719,0.0,3.719,0
2024-12-13,3.723,3.723,3.723,3.723,0.0,3.723,0
2024-12-16,3.746,3.746,3.746,3.746,0.0,3.746,0
2024-12-17,3.775,3.775,3.775,3.775,0.0,3.775,0
2024-12-18,3.748,3.748,3.748,3.748,0.0,3.748,0
2024-12-19,3.764,3.764,3.764,3.764,0.0,3.764,0
2024-12-20,3.745,3.745,3.745,3.745,0.0,3.745,0
2024-12-23,3.78,3.78,3.77,3.77,20.0,3.78,1
2024-12-24,3.821,3.821,3.821,3.821,0.0,3.821,0
2024-12-26,3.846,3.846,3.846,3.846,0.0,3.846,0
2024-12-27,3.808,3.808,3.808,3.808,0.0,3.808,0
2024-12-30,3.853,3.853,3.853,3.853,0.0,3.853,0
2024-12-31,3.836,3.836,3.836,3.836,0.0,3.836,0
2025-01-02,3.839,3.839,3.839,3.839,0.0,3.839,0
2025-01-03,3.794,3.794,3.794,3.794,0.0,3.794,0
2025-01-06,3.806,3.806,3.806,3.806,0.0,3.806,0
2025-01-07,3.743,3.743,3.743,3.743,0.0,3.743,0
2025-01-08,3.778,3.778,3.778,3.778,0.0,3.778,0
2025-01-09,3.791,3.791,3.791,3.791,0.0,3.791,0
2025-01-10,3.805,3.805,3.805,3.805,0.0,3.805,0
2025-01-13,3.799,3.799,3.799,3.799,0.0,3.799,0
2025-01-14,3.77,3.77,3.77,3.77,0.0,3.77,0
2025-01-15,3.777,3.777,3.777,3.777,0.0,3.777,0
2025-01-16,3.778,3.778,3.778,3.778,0.0,3.778,0
2025-01-17,3.75,3.75,3.75,3.75,0.0,3.75,0
2025-01-20,3.75,3.75,3.75,3.75,0.0,3.75,0
2025-01-21,3.73,3.73,3.73,3.73,0.0,3.73,0
2025-01-22,3.77,3.77,3.77,3.77,0.0,3.77,0
2025-01-23,3.865,3.865,3.865,3.865,0.0,3.865,0
2025-01-24,3.872,3.872,3.872,3.872,0.0,3.872,0
2025-01-27,3.8,3.814,3.8,3.814,1.0,3.8,1
2025-01-28,3.751,3.751,3.751,3.751,0.0,3.751,0
2025-01-29,3.799,3.799,3.799,3.799,0.0,3.799,0
2025-01-30,3.752,3.752,3.752,3.752,0.0,3.752,0
2025-01-31,3.714,3.714,3.714,3.714,0.0,3.714,0
2025-02-03,3.74,3.74,3.74,3.74,0.0,3.74,0
2025-02-04,3.74,3.74,3.74,3.74,0.0,3.74,0
2025-02-05,3.74,3.74,3.74,3.74,0.0,3.74,0
2025-02-06,3.733,3.733,3.733,3.733,0.0,3.733,0
2025-02-07,3.711,3.711,3.711,3.711,0.0,3.711,0
2025-02-10,3.73,3.73,3.73,3.73,0.0,3.73,0
2025-02-11,3.752,3.752,3.752,3.752,0.0,3.752,0
2025-02-12,3.776,3.776,3.776,3.776,0.0,3.776,0
2025-02-13,3.783,3.783,3.783,3.783,0.0,3.783,0
2025-02-14,3.781,3.781,3.781,3.781,0.0,3.781,0
2025-02-17,3.781,3.781,3.781,3.781,0.0,3.781,0
2025-02-18,3.754,3.754,3.754,3.754,0.0,3.754,0
2025-02-19,3.752,3.752,3.752,3.752,0.0,3.752,0
2025-02-20,3.661,3.661,3.661,3.661,0.0,3.661,0
2025-02-21,3.66,3.66,3.66,3.66,0.0,3.66,0
2025-02-24,3.653,3.653,3.653,3.653,0.0,3.653,0
2025-02-25,3.626,3.626,3.626,3.626,0.0,3.626,0
2025-02-26,3.603,3.603,3.603,3.603,0.0,3.603,0
2025-02-27,3.695,3.695,3.695,3.695,0.0,3.695,0
2025-02-28,3.732,3.732,3.732,3.732,0.0,3.732,0
2025-03-03,3.744,3.744,3.744,3.744,0.0,3.744,0
2025-03-04,3.745,3.745,3.745,3.745,0.0,3.745,0
2025-03-05,3.773,3.773,3.773,3.773,0.0,3.773,0
2025-03-06,3.731,3.731,3.731,3.731,0.0,3.731,0
2025-03-07,3.747,3.747,3.747,3.747,0.0,3.747,0
2025-03-10,3.722,3.722,3.715,3.715,1.0,3.722,1
2025-03-11,3.701,3.701,3.701,3.701,0.0,3.701,0
2025-03-12,3.688,3.688,3.688,3.688,0.0,3.688,0
2025-03-13,3.712,3.712,3.712,3.712,0.0,3.712,0
2025-03-14,3.69,3.69,3.69,3.69,0.0,3.69,0
2025-03-17,3.685,3.685,3.685,3.685,0.0,3.685,0
2025-03-18,3.688,3.688,3.688,3.688,0.0,3.688,0
2025-03-19,3.688,3.688,3.685,3.685,1.0,3.688,1
2025-03-20,3.693,3.693,3.693,3.693,0.0,3.693,0
2025-03-21,3.695,3.695,3.695,3.695,0.0,3.695,0
2025-03-24,3.709,3.709,3.709,3.709,0.0,3.709,0
2025-03-25,3.69,3.69,3.69,3.69,0.0,3.69,0
2025-03-26,3.667,3.667,3.667,3.667,0.0,3.667,0
2025-03-27,3.665,3.665,3.665,3.665,0.0,3.665,0
2025-03-28,3.653,3.653,3.653,3.653,0.0,3.653,0
2025-03-31,3.662,3.662,3.662,3.662,0.0,3.662,0
2025-04-01,3.656,3.656,3.656,3.656,0.0,3.656,0
2025-04-02,3.678,3.678,3.678,3.678,0.0,3.678,0
2025-04-03,3.715,3.715,3.715,3.715,0.0,3.715,0
2025-04-04,3.694,3.694,3.694,3.694,0.0,3.694,0
2025-04-07,3.65,3.65,3.636,3.636,1.0,3.65,1
2025-04-08,3.609,3.609,3.609,3.609,0.0,3.609,0
2025-04-09,3.668,3.668,3.668,3.668,0.0,3.668,0
2025-04-10,3.633,3.633,3.633,3.633,0.0,3.633,0
2025-04-11,3.673,3.673,3.673,3.673,0.0,3.673,0
2025-04-14,3.716,3.716,3.716,3.716,0.0,3.716,0
2025-04-15,3.73,3.73,3.706,3.706,1.0,3.73,1
2025-04-16,3.704,3.704,3.704,3.704,0.0,3.704,0
2025-04-17,3.703,3.703,3.703,3.703,0.0,3.703,0
2025-04-21,3.659,3.659,3.659,3.659,0.0,3.659,0
2025-04-22,3.69,3.69,3.657,3.657,1.0,3.69,1
2025-04-23,3.68,3.68,3.664,3.664,20.0,3.68,1
2025-04-24,3.676,3.676,3.676,3.676,0.0,3.676,0
2025-04-25,3.646,3.646,3.646,3.646,0.0,3.646,0
2025-04-28,3.678,3.678,3.678,3.678,0.0,3.678,0
2025-04-29,3.689,3.689,3.689,3.689,0.0,3.689,0
2025-04-30,3.7,3.7,3.698,3.698,3.0,3.7,1
2025-05-01,3.687,3.687,3.687,3.687,0.0,3.687,0
2025-05-02,3.701,3.701,3.701,3.701,0.0,3.701,0
2025-05-05,3.711,3.711,3.711,3.711,0.0,3.711,0
2025-05-06,3.734,3.734,3.734,3.734,0.0,3.734,0
2025-05-07,3.754,3.764,3.754,3.764,1.0,3.754,1
2025-05-08,3.788,3.788,3.788,3.788,0.0,3.788,0
2025-05-09,3.78,3.818,3.78,3.818,1.0,3.78,1
2025-05-12,3.816,3.816,3.816,3.816,0.0,3.816,0
2025-05-13,3.846,3.846,3.846,3.846,0.0,3.846,0
2025-05-14,3.846,3.881,3.846,3.881,20.0,3.846,1
2025-05-15,3.862,3.862,3.862,3.862,0.0,3.862,0
2025-05-16,3.881,3.881,3.881,3.881,0.0,3.881,0
2025-05-19,3.821,3.821,3.821,3.821,0.0,3.821,0
2025-05-20,3.855,3.855,3.855,3.855,0.0,3.855,0
2025-05-21,3.84,3.84,3.84,3.84,0.0,3.84,0
2025-05-22,3.851,3.851,3.851,3.851,0.0,3.851,0
2025-05-23,3.878,3.878,3.878,3.878,0.0,3.878,0
2025-05-27,3.91,3.91,3.91,3.91,0.0,3.91,0
2025-05-28,3.889,3.889,3.889,3.889,0.0,3.889,0
2025-05-29,3.881,3.881,3.881,3.881,0.0,3.881,0
2025-05-30,3.867,3.885,3.867,3.885,1.0,3.867,1
2025-06-02,3.879,3.879,3.879,3.879,0.0,3.879,0
2025-06-03,3.878,3.878,3.878,3.878,0.0,3.878,0
2025-06-04,3.88,3.884,3.88,3.884,2.0,3.88,1
2025-06-05,3.866,3.866,3.866,3.866,0.0,3.866,0
2025-06-06,3.879,3.879,3.879,3.879,0.0,3.879,0
2025-06-09,3.863,3.863,3.863,3.863,0.0,3.863,0
2025-06-10,3.841,3.841,3.841,3.841,0.0,3.841,0
2025-06-11,3.84,3.853,3.84,3.853,1.0,3.84,1
2025-06-12,3.831,3.831,3.831,3.831,0.0,3.831,0
2025-06-13,3.89,3.89,3.89,3.89,0.0,3.89,0
2025-06-16,3.915,3.915,3.915,3.915,0.0,3.915,0
2025-06-17,3.929,3.929,3.929,3.929,0.0,3.929,0
2025-06-18,3.939,3.939,3.939,3.939,0.0,3.939,0
2025-06-20,3.943,3.943,3.943,3.943,0.0,3.943,0
2025-06-23,3.915,3.915,3.915,3.915,0.0,3.915,0
2025-06-24,3.907,3.907,3.907,3.907,0.0,3.907,0
2025-06-25,3.9,3.9,3.9,3.9,0.0,3.9,0
2025-06-26,3.904,3.904,3.904,3.904,0.0,3.904,0
2025-06-27,3.928,3.928,3.928,3.928,0.0,3.928,0
2025-06-30,3.909,3.909,3.909,3.909,0.0,3.909,0
2025-07-01,3.918,3.918,3.918,3.918,0.0,3.918,0
2025-07-02,3.949,3.949,3.949,3.949,0.0,3.949,0
2025-07-03,3.944,3.944,3.944,3.944,0.0,3.944,0
2025-07-07,3.978,3.978,3.978,3.978,0.0,3.978,0
2025-07-08,3.951,3.951,3.951,3.951,0.0,3.951,0
2025-07-09,3.951,3.951,3.951,3.951,0.0,3.951,0
2025-07-10,3.965,3.965,3.965,3.965,0.0,3.965,0
2025-07-11,3.98,3.985,3.98,3.984,7.0,3.9843,2
2025-07-14,3.994,3.994,3.994,3.994,0.0,3.994,0
2025-07-15,4.008,4.008,4.008,4.008,0.0,4.008,0
2025-07-16,4.003,4.003,4.003,4.003,0.0,4.003,0
2025-07-17,4.012,4.012,4.012,4.012,0.0,4.012,0
2025-07-18,4.006,4.006,4.006,4.006,0.0,4.006,0
2025-07-21,3.966,3.976,3.966,3.976,1.0,3.966,1
2025-07-22,3.979,4.019,3.961,4.019,13.0,3.9763,11
2025-07-23,3.934,4.001,3.933,4.001,4.0,3.9352,4
2025-07-24,3.969,3.994,3.942,3.994,13.0,3.9718,13
2025-07-25,3.95,3.95,3.93,3.933,4.0,3.936,4
2025-07-28,3.911,3.911,3.879,3.879,1.0,3.911,1
2025-07-29,3.901,3.901,3.901,3.901,0.0,3.901,0
2025-07-30,3.852,3.884,3.852,3.884,6.0,3.8573,6
2025-07-31,3.883,3.916,3.867,3.916,5.0,3.8826,5
2025-08-01,3.866,3.909,3.864,3.909,3.0,3.865,3
2025-08-04,3.893,3.893,3.893,3.893,0.0,3.893,0
2025-08-05,3.839,3.893,3.838,3.893,5.0,3.8394,5
2025-08-06,3.908,3.908,3.908,3.908,0.0,3.908,0
2025-08-07,3.885,3.92,3.885,3.92,1.0,3.885,1
2025-08-08,3.892,3.892,3.841,3.887,2.0,3.8665,2
2025-08-11,3.869,3.908,3.869,3.908,7.0,3.874,7
2025-08-12,3.863,3.863,3.861,3.861,1.0,3.863,1
2025-08-13,3.83,3.876,3.83,3.876,2.0,3.832,2
2025-08-14,3.856,3.864,3.856,3.864,4.0,3.8575,4
2025-08-15,3.838,3.867,3.83,3.867,9.0,3.8338,9
2025-08-18,3.864,3.924,3.864,3.924,5.0,3.8658,5
2025-08-19,3.885,3.922,3.88,3.922,5.0,3.8816,3
2025-08-20,3.93,3.93,3.93,3.93,0.0,3.93,0
2025-08-21,3.914,3.958,3.914,3.958,5.0,3.9154,5
2025-08-22,3.958,3.958,3.958,3.958,0.0,3.958,0
2025-08-25,3.918,3.946,3.888,3.946,2.0,3.903,2
2025-08-26,3.947,3.947,3.947,3.947,0.0,3.947,0
2025-08-27,3.925,3.939,3.925,3.939,3.0,3.9257,3
2025-08-28,3.93,3.932,3.93,3.932,1.0,3.93,1
2025-08-29,3.937,3.937,3.937,3.937,0.0,3.937,0
2025-09-02,3.906,3.929,3.894,3.929,5.0,3.8974,5
2025-09-03,3.908,3.914,3.908,3.914,1.0,3.908,1
2025-09-04,3.88,3.901,3.88,3.901,9.0,3.8841,5
2025-09-05,3.845,3.875,3.838,3.875,7.0,3.845,7
2025-09-08,3.862,3.862,3.862,3.862,0.0,3.862,0
2025-09-09,3.854,3.872,3.81,3.872,2.0,3.832,2
2025-09-10,3.843,3.863,3.843,3.863,2.0,3.8435,2
2025-09-11,3.834,3.834,3.834,3.834,0.0,3.834,0
2025-09-12,3.858,3.858,3.844,3.844,1.0,3.858,1
2025-09-15,3.864,3.866,3.862,3.862,2.0,3.865,2
2025-09-16,3.89,3.89,3.89,3.89,0.0,3.89,0
2025-09-17,3.87,3.886,3.862,3.886,3.0,3.8673,3
2025-09-18,3.875,3.888,3.875,3.888,1.0,3.875,1
2025-09-19,3.89,3.908,3.87,3.908,2.0,3.88,2
2025-09-22,3.904,3.904,3.904,3.904,0.0,3.904,0
2025-09-23,3.918,3.918,3.918,3.918,0.0,3.918,0
2025-09-24,3.93,3.93,3.93,3.93,0.0,3.93,0
2025-09-25,3.903,3.913,3.901,3.913,3.0,3.902,3
2025-09-26,3.891,3.891,3.891,3.891,0.0,3.891,0
2025-09-29,3.924,3.924,3.924,3.924,0.0,3.924,0
2025-09-30,3.898,3.898,3.898,3.898,0.0,3.898,0
2025-10-01,3.884,3.919,3.879,3.919,4.0,3.8815,4
2025-10-02,3.902,3.907,3.861,3.885,21.0,3.8813,21
2025-10-03,3.869,3.877,3.864,3.877,6.0,3.8708,6
2025-10-06,3.884,3.884,3.884,3.884,0.0,3.884,0
2025-10-07,3.899,3.908,3.899,3.908,1.0,3.899,1
2025-10-08,3.895,3.901,3.895,3.901,2.0,3.895,2
2025-10-09,3.894,3.896,3.894,3.896,4.0,3.8952,4
2025-10-10,3.889,3.901,3.875,3.889,5.0,3.8894,5
2025-10-13,3.882,3.882,3.882,3.882,0.0,3.882,0
2025-10-14,3.863,3.863,3.863,3.863,0.0,3.863,0
2025-10-15,3.862,3.888,3.862,3.888,1.0,3.862,1
2025-10-16,3.867,3.867,3.867,3.867,0.0,3.867,0
2025-10-17,3.866,3.866,3.866,3.866,0.0,3.866,0
2025-10-20,3.88,3.883,3.88,3.883,1.0,3.88,1
2025-10-21,3.883,3.883,3.883,3.883,0.0,3.883,0
2025-10-22,3.883,3.883,3.873,3.873,1.0,3.883,1
2025-10-23,3.859,3.859,3.859,3.859,0.0,3.859,0
2025-10-24,3.862,3.878,3.862,3.878,3.0,3.8667,3
2025-10-27,3.878,3.883,3.878,3.883,1.0,3.878,1
2025-10-28,3.866,3.884,3.866,3.884,1.0,3.866,1
2025-10-29,3.869,3.888,3.869,3.888,2.0,3.8765,2
2025-10-30,3.903,3.903,3.903,3.903,0.0,3.903,0
2025-10-31,3.936,3.936,3.936,3.936,0.0,3.936,0
2025-11-03,3.914,3.93,3.914,3.93,1.0,3.914,1
2025-11-04,3.906,3.916,3.906,3.916,3.0,3.9083,3
2025-11-05,3.882,3.882,3.882,3.882,0.0,3.882,0
2025-11-06,3.887,3.887,3.887,3.887,0.0,3.887,0
2025-11-07,3.887,3.891,3.887,3.891,1.0,3.887,1
2025-11-10,3.865,3.865,3.865,3.865,0.0,3.865,0
2025-11-11,3.894,3.894,3.894,3.894,0.0,3.894,0
2025-11-12,3.892,3.896,3.892,3.896,4.0,3.8933,4
2025-11-13,3.905,3.923,3.9,3.923,2.0,3.9025,2
2025-11-14,3.89,3.894,3.89,3.894,1.0,3.89,1
2025-11-17,3.904,3.904,3.903,3.903,1.0,3.904,1
2025-11-18,3.913,3.918,3.908,3.908,4.0,3.9158,4
2025-11-19,3.889,3.895,3.881,3.895,45.0,3.8869,23
2025-11-20,3.895,3.895,3.885,3.885,1.0,3.895,1
2025-11-21,3.885,3.888,3.878,3.878,14.0,3.8865,2
2025-11-24,3.862,3.862,3.862,3.862,0.0,3.862,0
2025-11-25,3.857,3.857,3.857,3.857,0.0,3.857,0
2025-11-26,3.851,3.851,3.851,3.851,0.0,3.851,0
2025-11-28,3.89,3.89,3.89,3.89,0.0,3.89,0
2025-12-01,3.885,3.886,3.874,3.874,2.0,3.8855,2
2025-12-02,3.877,3.877,3.877,3.877,0.0,3.877,0
2025-12-03,3.885,3.885,3.881,3.881,1.0,3.885,1
2025-12-04,3.885,3.885,3.885,3.885,0.0,3.885,0
2025-12-05,3.885,3.885,3.876,3.876,1.0,3.885,1
2025-12-08,3.866,3.866,3.866,3.866,0.0,3.866,0
2025-12-09,3.858,3.858,3.858,3.858,0.0,3.858,0
2025-12-10,3.84,3.84,3.84,3.84,0.0,3.84,0
2025-12-11,3.82,3.82,3.82,3.82,0.0,3.82,0
2025-12-12,3.803,3.803,3.803,3.803,0.0,3.803,0
2025-12-15,3.787,3.787,3.783,3.783,1.0,3.787,1
2025-12-16,3.785,3.785,3.785,3.785,0.0,3.785,0
2025-12-17,3.795,3.795,3.795,3.795,0.0,3.795,0
2025-12-18,3.765,3.765,3.765,3.765,0.0,3.765,0
2025-12-19,3.75,3.769,3.75,3.769,30.0,3.75,3
2025-12-22,3.732,3.732,3.732,3.732,0.0,3.732,0
2025-12-23,3.758,3.758,3.758,3.758,0.0,3.758,0
2025-12-24,3.751,3.751,3.751,3.751,0.0,3.751,0
2025-12-26,3.766,3.766,3.766,3.766,0.0,3.766,0
2025-12-29,3.773,3.773,3.773,3.773,0.0,3.773,0
2025-12-30,3.785,3.785,3.775,3.775,1.0,3.785,1
2025-12-31,3.782,3.782,3.782,3.782,0.0,3.782,0
2026-01-02,3.755,3.755,3.755,3.755,0.0,3.755,0
2026-01-05,3.745,3.753,3.745,3.753,1.0,3.745,1
2026-01-06,3.755,3.755,3.737,3.737,5.0,3.7526,5
2026-01-07,3.755,3.755,3.749,3.749,10.0,3.7525,6
2026-01-08,3.74,3.748,3.74,3.748,5.0,3.74,1
2026-01-09,3.718,3.718,3.688,3.688,3.0,3.706,3
2026-01-12,3.711,3.721,3.711,3.721,3.0,3.715,3
2026-01-13,3.708,3.708,3.708,3.708,0.0,3.708,0
2026-01-14,3.682,3.682,3.671,3.671,1.0,3.682,1
2026-01-15,3.668,3.714,3.668,3.71,2.0,3.691,2
2026-01-16,3.736,3.736,3.736,3.736,0.0,3.736,0
2026-01-20,3.762,3.795,3.753,3.792,14.0,3.7741,14
2026-01-21,3.805,3.812,3.795,3.798,3.0,3.804,3
2026-01-22,3.818,3.818,3.794,3.794,1.0,3.818,1
2026-01-23,3.748,3.748,3.748,3.748,0.0,3.748,0
2026-01-26,3.748,3.748,3.714,3.714,1.0,3.748,1
2026-01-27,3.688,3.688,3.688,3.688,0.0,3.688,0
2026-01-28,3.702,3.714,3.702,3.714,1.0,3.702,1
2026-01-29,3.755,3.755,3.755,3.755,0.0,3.755,0
2026-01-30,3.761,3.761,3.761,3.761,0.0,3.761,0
2026-02-02,3.761,3.761,3.722,3.722,1.0,3.761,1
2026-02-03,3.73,3.73,3.73,3.73,0.0,3.73,0
2026-02-04,3.741,3.741,3.741,3.741,0.0,3.741,0
2026-02-05,3.745,3.745,3.737,3.737,1.0,3.745,1
2026-02-06,3.725,3.725,3.722,3.722,1.0,3.725,1
2026-02-09,3.71,3.728,3.71,3.728,1.0,3.71,1
2026-02-10,3.714,3.729,3.714,3.729,1.0,3.714,1
2026-02-11,3.739,3.739,3.739,3.739,0.0,3.739,0
2026-02-12,3.741,3.741,3.741,3.741,0.0,3.741,0
2026-02-13,3.763,3.771,3.751,3.771,3.0,3.7563,3
2026-02-17,3.735,3.741,3.729,3.729,9.0,3.7357,2
2026-02-18,3.747,3.748,3.742,3.742,2.0,3.7475,2
2026-02-19,3.756,3.756,3.756,3.756,0.0,3.756,0
2026-02-20,3.776,3.78,3.776,3.78,2.0,3.776,2
2026-02-23,3.769,3.769,3.769,3.769,0.0,3.769,0
2026-02-24,3.769,3.769,3.764,3.764,1.0,3.769,1
2026-02-25,3.78,3.78,3.78,3.78,0.0,3.78,0
2026-02-26,3.779,3.779,3.779,3.779,0.0,3.779,0
2026-02-27,3.773,3.773,3.773,3.773,0.0,3.773,0
2026-03-02,3.782,3.782,3.782,3.782,0.0,3.782,0
2026-03-03,3.76,3.769,3.76,3.769,4.0,3.76,2
2026-03-04,3.769,3.769,3.764,3.764,3.0,3.769,1
2026-03-05,3.782,3.782,3.782,3.782,0.0,3.782,0
2026-03-06,3.81,3.81,3.801,3.801,1.0,3.81,1
2026-03-09,3.814,3.814,3.814,3.814,0.0,3.814,0
2026-03-10,3.803,3.803,3.803,3.803,0.0,3.803,0
2026-03-11,3.83,3.83,3.818,3.818,1.0,3.83,1
2026-03-12,3.837,3.837,3.837,3.837,0.0,3.837,0
2026-03-13,3.866,3.866,3.866,3.866,0.0,3.866,0
2026-03-16,3.846,3.846,3.846,3.846,0.0,3.846,0
2026-03-17,3.865,3.865,3.865,3.865,0.0,3.865,0
2026-03-18,3.87,3.878,3.866,3.878,3.0,3.8683,3
2026-03-19,3.924,3.931,3.893,3.893,5.0,3.9272,5
2026-03-20,3.975,3.975,3.912,3.933,3.0,3.9373,3
2026-03-23,3.953,3.953,3.915,3.922,161.0,3.9528,8
2026-03-24,3.915,3.921,3.903,3.921,5.0,3.908,5
2026-03-25,3.916,3.916,3.916,3.916,0.0,3.916,0
2026-03-26,3.921,3.946,3.921,3.938,11.0,3.9294,8
2026-03-27,3.959,3.959,3.959,3.959,0.0,3.959,0
2026-03-30,3.933,3.942,3.923,3.927,7.0,3.9301,7
2026-03-31,3.878,3.878,3.878,3.878,0.0,3.878,0
2026-04-01,3.838,3.838,3.833,3.833,2.0,3.836,2
2026-04-02,3.831,3.831,3.831,3.831,0.0,3.831,0
2026-04-06,3.857,3.86,3.846,3.858,4.0,3.8555,4
2026-04-07,3.891,3.917,3.889,3.917,40.0,3.8986,15
2026-04-08,3.88,3.88,3.835,3.842,40.0,3.8398,24
2026-04-09,3.855,3.855,3.821,3.836,11.0,3.8296,11
2026-04-10,3.812,3.855,3.812,3.83,55.0,3.8201,52
2026-04-13,3.836,3.864,3.819,3.828,14.0,3.8474,13
2026-04-14,3.805,3.822,3.792,3.818,8.0,3.8075,8
2026-04-15,3.82,3.84,3.813,3.84,28.0,3.8201,14
2026-04-16,3.83,3.847,3.83,3.847,2.0,3.835,2
2026-04-17,3.841,3.851,3.841,3.851,5.0,3.8432,5
2026-04-20,3.851,3.853,3.851,3.853,1.0,3.851,1
2026-04-21,3.848,3.848,3.848,3.848,0.0,3.848,0
2026-04-22,3.842,3.855,3.839,3.855,5.0,3.8434,5
2026-04-23,3.845,3.851,3.839,3.849,6.0,3.8463,6
2026-04-24,3.839,3.856,3.829,3.829,7.0,3.846,7
2026-04-27,3.844,3.864,3.838,3.838,9.0,3.85,9
2026-04-28,3.849,3.849,3.832,3.832,6.0,3.8465,6
2026-04-29,3.85,3.854,3.85,3.854,6.0,3.85,6
2026-04-30,3.861,3.861,3.861,3.861,0.0,3.861,0
2026-05-01,3.858,3.858,3.849,3.855,6.0,3.8543,6
2026-05-04,3.858,3.866,3.839,3.866,8.0,3.8505,8
2026-05-05,3.84,3.856,3.84,3.847,48.0,3.8426,5
2026-05-06,3.824,3.824,3.824,3.824,0.0,3.824,0
2026-05-07,3.815,3.827,3.814,3.827,5.0,3.82,5
2026-05-08,3.85,3.85,3.82,3.834,4.0,3.835,3
2026-05-11,3.85,3.851,3.843,3.851,2.0,3.8465,2
2026-05-12,3.836,3.836,3.83,3.836,12.0,3.8305,3
2026-05-13,3.845,3.846,3.83,3.835,14.0,3.8382,9
2026-05-14,3.834,3.834,3.829,3.833,9.0,3.8314,8
2026-05-15,3.835,3.835,3.834,3.834,3.0,3.835,1
2026-05-18,3.85,3.85,3.848,3.85,5.0,3.8496,4
2026-05-19,3.853,3.853,3.839,3.847,11.0,3.8431,11
2026-05-20,3.834,3.834,3.834,3.834,0.0,3.834,0
2026-05-21,3.83,3.83,3.83,3.83,0.0,3.83,0
2026-05-22,3.825,3.826,3.825,3.826,1.0,3.825,1
2026-05-26,3.826,3.828,3.798,3.811,33.0,3.8086,16
2026-05-27,3.81,3.827,3.81,3.82,6.0,3.8157,6
2026-05-28,3.833,3.843,3.832,3.843,3.0,3.833,3
2026-05-29,3.83,3.83,3.819,3.819,1.0,3.83,1
2026-06-01,3.842,3.842,3.842,3.842,0.0,3.842,0
2026-06-02,3.831,3.831,3.831,3.831,0.0,3.831,0
2026-06-03,3.837,3.837,3.837,3.837,0.0,3.837,0
2026-06-04,3.839,3.84,3.826,3.84,9.0,3.8324,9
2026-06-05,3.823,3.834,3.823,3.829,8.0,3.8306,8
2026-06-08,3.835,3.854,3.835,3.852,19.0,3.8451,17
2026-06-09,3.841,3.842,3.841,3.842,2.0,3.8415,2
2026-06-10,3.833,3.839,3.832,3.839,9.0,3.836,9
2026-06-11,3.831,3.837,3.826,3.836,5.0,3.8302,5
2026-06-12,3.84,3.84,3.829,3.829,2.0,3.839,2
2026-06-15,3.809,3.819,3.809,3.819,2.0,3.809,2
2026-06-16,3.823,3.823,3.817,3.817,1.0,3.823,1
2026-06-17,3.83,3.83,3.82,3.829,6.0,3.825,3
2026-06-18,3.825,3.825,3.806,3.806,1.0,3.825,1
2026-06-22,3.825,3.828,3.805,3.812,15.0,3.8189,10
2026-06-23,3.807,3.807,3.807,3.807,0.0,3.807,0
2026-06-24,3.829,3.829,3.823,3.823,1.0,3.829,1
2026-06-25,3.813,3.815,3.792,3.8,6.0,3.8042,6
2026-06-26,3.81,3.815,3.79,3.79,3.0,3.8133,3
2026-06-29,3.78,3.786,3.78,3.786,1.0,3.78,1
2026-06-30,3.779,3.779,3.768,3.774,2.0,3.7735,2
2026-07-01,3.738,3.746,3.737,3.746,2.0,3.7375,2
2026-07-02,3.739,3.739,3.738,3.738,2.0,3.739,2
2026-07-06,3.727,3.736,3.725,3.736,6.0,3.727,6
2026-07-07,3.736,3.76,3.736,3.75,11.0,3.7459,9
2026-07-08,3.765,3.77,3.751,3.751,10.0,3.7652,8
2026-07-09,3.748,3.75,3.703,3.722,10.0,3.727,10
2026-07-10,3.719,3.725,3.701,3.711,18.0,3.7123,18
2026-07-13,3.715,3.715,3.697,3.708,43.0,3.7069,31
2026-07-14,3.713,3.713,3.706,3.706,1.0,3.713,1
2026-07-15,3.711,3.722,3.702,3.722,35.0,3.7138,33
2026-07-16,3.72,3.72,3.672,3.684,12.0,3.6891,12
2026-07-17,3.68,3.713,3.68,3.713,4.0,3.6943,4
2026-07-20,3.704,3.704,3.704,3.704,0.0,3.704,0
2026-07-21,3.71,3.725,3.71,3.717,8.0,3.7123,4
2026-07-22,3.734,3.769,3.734,3.754,15.0,3.7506,11
2026-07-23,3.776,3.779,3.774,3.779,9.0,3.7757,9
2026-07-24,3.784,3.787,3.777,3.78,14.0,3.7824,10
2026-07-27,3.76,3.782,3.76,3.782,14.0,3.7701,9
2026-07-28,3.758,3.767,3.757,3.767,2.0,3.7575,2
2026-07-29,3.79,3.794,3.78,3.784,14.0,3.7869,13
2026-07-30,3.774,3.775,3.774,3.775,1.0,3.774,1
2026-07-31,3.772,3.789,3.772,3.778,9.0,3.7771,8
2026-08-03,3.793,3.804,3.793,3.804,4.0,3.7955,4
2026-08-04,3.793,3.798,3.749,3.798,105.0,3.7636,103
2026-08-05,3.769,3.77,3.765,3.77,7.0,3.7661,2
2026-08-06,3.751,3.752,3.735,3.743,11.0,3.7415,11
2026-08-07,3.745,3.757,3.739,3.757,55.0,3.7463,48
2026-08-10,3.758,3.77,3.757,3.761,15.0,3.7625,14
2026-08-11,3.776,3.776,3.729,3.754,100.0,3.7415,88
2026-08-12,3.76,3.76,3.735,3.75,14.0,3.7436,14
2026-08-13,3.734,3.762,3.734,3.762,33.0,3.7491,25
2026-08-14,3.77,3.782,3.734,3.753,68.0,3.7552,56
