date,open,high,low,close,volume,average,barCount
2017-03-14,3.108,3.108,3.108,3.108,0.0,3.108,0
2017-03-15,3.128,3.128,3.128,3.128,0.0,3.128,0
2017-03-16,3.149,3.149,3.149,3.149,0.0,3.149,0
2017-03-17,3.154,3.154,3.154,3.154,0.0,3.154,0
2017-03-20,3.157,3.157,3.157,3.157,0.0,3.157,0
2017-03-21,3.17,3.17,3.17,3.17,0.0,3.17,0
2017-03-22,3.172,3.172,3.172,3.172,0.0,3.172,0
2017-03-23,3.167,3.167,3.167,3.167,0.0,3.167,0
2017-03-24,3.135,3.135,3.135,3.135,0.0,3.135,0
2017-03-27,3.125,3.125,3.125,3.125,0.0,3.125,0
2017-03-28,3.116,3.116,3.116,3.116,0.0,3.116,0
2017-03-29,3.124,3.124,3.124,3.124,0.0,3.124,0
2017-03-30,3.127,3.127,3.127,3.127,0.0,3.127,0
2017-03-31,3.128,3.128,3.128,3.128,0.0,3.128,0
2017-04-03,3.135,3.135,3.135,3.135,0.0,3.135,0
2017-04-04,3.148,3.148,3.148,3.148,0.0,3.148,0
2017-04-05,3.167,3.167,3.167,3.167,0.0,3.167,0
2017-04-06,3.152,3.152,3.152,3.152,0.0,3.152,0
2017-04-07,3.166,3.166,3.166,3.166,0.0,3.166,0
2017-04-10,3.175,3.175,3.175,3.175,0.0,3.175,0
2017-04-11,3.206,3.206,3.206,3.206,0.0,3.206,0
2017-04-12,3.207,3.207,3.207,3.207,0.0,3.207,0
2017-04-13,3.222,3.222,3.222,3.222,0.0,3.222,0
2017-04-17,3.209,3.209,3.209,3.209,0.0,3.209,0
2017-04-18,3.239,3.239,3.239,3.239,0.0,3.239,0
2017-04-19,3.25,3.25,3.25,3.25,0.0,3.25,0
2017-04-20,3.284,3.284,3.284,3.284,0.0,3.284,0
2017-04-21,3.285,3.285,3.285,3.285,0.0,3.285,0
2017-04-24,3.244,3.244,3.244,3.244,0.0,3.244,0
2017-04-25,3.244,3.244,3.244,3.244,0.0,3.244,0
2017-04-26,3.235,3.235,3.235,3.235,0.0,3.235,0
2017-04-27,3.226,3.226,3.226,3.226,0.0,3.226,0
2017-04-28,3.242,3.242,3.242,3.242,0.0,3.242,0
2017-05-01,3.217,3.217,3.217,3.217,0.0,3.217,0
2017-05-02,3.218,3.218,3.218,3.218,0.0,3.218,0
2017-05-03,3.237,3.237,3.237,3.237,0.0,3.237,0
2017-05-04,3.28,3.28,3.28,3.28,0.0,3.28,0
2017-05-05,3.28,3.28,3.28,3.28,0.0,3.28,0
2017-05-08,3.271,3.271,3.271,3.271,0.0,3.271,0
2017-05-09,3.274,3.274,3.274,3.274,0.0,3.274,0
2017-05-10,3.275,3.275,3.275,3.275,0.0,3.275,0
2017-05-11,3.309,3.309,3.309,3.309,0.0,3.309,0
2017-05-12,3.313,3.313,3.313,3.313,0.0,3.313,0
2017-05-15,3.308,3.308,3.308,3.308,0.0,3.308,0
2017-05-16,3.325,3.325,3.325,3.325,0.0,3.325,0
2017-05-17,3.321,3.321,3.321,3.321,0.0,3.321,0
2017-05-18,3.308,3.308,3.308,3.308,0.0,3.308,0
2017-05-19,3.298,3.298,3.298,3.298,0.0,3.298,0
2017-05-22,3.3,3.3,3.3,3.3,0.0,3.3,0
2017-05-23,3.369,3.369,3.369,3.369,0.0,3.369,0
2017-05-24,3.371,3.371,3.371,3.371,0.0,3.371,0
2017-05-25,3.354,3.354,3.354,3.354,0.0,3.354,0
2017-05-26,3.339,3.339,3.339,3.339,0.0,3.339,0
2017-05-30,3.312,3.312,3.312,3.312,0.0,3.312,0
2017-05-31,3.308,3.308,3.308,3.308,0.0,3.308,0
2017-06-01,3.31,3.31,3.31,3.31,0.0,3.31,0
2017-06-02,3.3,3.3,3.3,3.3,0.0,3.3,0
2017-06-05,3.27,3.27,3.27,3.27,0.0,3.27,0
2017-06-06,3.212,3.212,3.212,3.212,0.0,3.212,0
2017-06-07,3.223,3.223,3.223,3.223,0.0,3.223,0
2017-06-08,3.241,3.241,3.241,3.241,0.0,3.241,0
2017-06-09,3.238,3.238,3.238,3.238,0.0,3.238,0
2017-06-12,3.24,3.24,3.24,3.24,0.0,3.24,0
2017-06-13,3.24,3.24,3.24,3.24,0.0,3.24,0
2017-06-14,3.229,3.229,3.229,3.229,0.0,3.229,0
2017-06-15,3.257,3.257,3.257,3.257,0.0,3.257,0
2017-06-16,3.246,3.246,3.246,3.246,0.0,3.246,0
2017-06-19,3.269,3.269,3.269,3.269,0.0,3.269,0
2017-06-20,3.307,3.307,3.307,3.307,0.0,3.307,0
2017-06-21,3.323,3.323,3.323,3.323,0.0,3.323,0
2017-06-22,3.317,3.317,3.317,3.317,0.0,3.317,0
2017-06-23,3.312,3.312,3.312,3.312,0.0,3.312,0
2017-06-26,3.287,3.287,3.287,3.287,0.0,3.287,0
2017-06-27,3.287,3.287,3.287,3.287,0.0,3.287,0
2017-06-28,3.277,3.277,3.277,3.277,0.0,3.277,0
2017-06-29,3.277,3.277,3.277,3.277,0.0,3.277,0
2017-06-30,3.29,3.29,3.29,3.29,0.0,3.29,0
2017-07-03,3.291,3.291,3.291,3.291,0.0,3.291,0
2017-07-05,3.268,3.268,3.268,3.268,0.0,3.268,0
2017-07-06,3.227,3.227,3.227,3.227,0.0,3.227,0
2017-07-07,3.222,3.222,3.222,3.222,0.0,3.222,0
2017-07-10,3.209,3.209,3.209,3.209,0.0,3.209,0
2017-07-11,3.206,3.206,3.206,3.206,0.0,3.206,0
2017-07-12,3.192,3.192,3.192,3.192,0.0,3.192,0
2017-07-13,3.205,3.205,3.205,3.205,0.0,3.205,0
2017-07-14,3.208,3.208,3.208,3.208,0.0,3.208,0
2017-07-17,3.201,3.201,3.201,3.201,0.0,3.201,0
2017-07-18,3.206,3.206,3.206,3.206,0.0,3.206,0
2017-07-19,3.191,3.191,3.191,3.191,0.0,3.191,0
2017-07-20,3.172,3.172,3.172,3.172,0.0,3.172,0
2017-07-21,3.17,3.17,3.17,3.17,0.0,3.17,0
2017-07-24,3.142,3.142,3.142,3.142,0.0,3.142,0
2017-07-25,3.118,3.118,3.118,3.118,0.0,3.118,0
2017-07-26,3.108,3.108,3.108,3.108,0.0,3.108,0
2017-07-27,3.109,3.109,3.109,3.109,0.0,3.109,0
2017-07-28,3.124,3.124,3.124,3.124,0.0,3.124,0
2017-07-31,3.105,3.105,3.105,3.105,0.0,3.105,0
2017-08-01,3.127,3.127,3.127,3.127,0.0,3.127,0
2017-08-02,3.136,3.136,3.136,3.136,0.0,3.136,0
2017-08-03,3.159,3.159,3.159,3.159,0.0,3.159,0
2017-08-04,3.169,3.169,3.169,3.169,0.0,3.169,0
2017-08-07,3.168,3.168,3.168,3.168,0.0,3.168,0
2017-08-08,3.151,3.151,3.151,3.151,0.0,3.151,0
2017-08-09,3.145,3.145,3.145,3.145,0.0,3.145,0
2017-08-10,3.142,3.142,3.142,3.142,0.0,3.142,0
2017-08-11,3.146,3.146,3.146,3.146,0.0,3.146,0
2017-08-14,3.142,3.142,3.142,3.142,0.0,3.142,0
2017-08-15,3.14,3.14,3.14,3.14,0.0,3.14,0
2017-08-16,3.13,3.13,3.13,3.13,0.0,3.13,0
2017-08-17,3.129,3.129,3.129,3.129,0.0,3.129,0
2017-08-18,3.129,3.129,3.129,3.129,0.0,3.129,0
2017-08-21,3.119,3.119,3.119,3.119,0.0,3.119,0
2017-08-22,3.111,3.111,3.111,3.111,0.0,3.111,0
2017-08-23,3.109,3.109,3.109,3.109,0.0,3.109,0
2017-08-24,3.062,3.062,3.062,3.062,0.0,3.062,0
2017-08-25,3.049,3.049,3.049,3.049,0.0,3.049,0
2017-08-28,3.062,3.062,3.062,3.062,0.0,3.062,0
2017-08-29,3.064,3.064,3.064,3.064,0.0,3.064,0
2017-08-30,3.069,3.069,3.069,3.069,0.0,3.069,0
2017-08-31,3.077,3.077,3.077,3.077,0.0,3.077,0
2017-09-01,3.078,3.078,3.078,3.078,0.0,3.078,0
2017-09-05,3.074,3.074,3.074,3.074,0.0,3.074,0
2017-09-06,3.035,3.035,3.035,3.035,0.0,3.035,0
2017-09-07,3.069,3.069,3.069,3.069,0.0,3.069,0
2017-09-08,3.073,3.073,3.073,3.073,0.0,3.073,0
2017-09-11,3.084,3.084,3.084,3.084,0.0,3.084,0
2017-09-12,3.069,3.069,3.069,3.069,0.0,3.069,0
2017-09-13,3.055,3.055,3.055,3.055,0.0,3.055,0
2017-09-14,3.05,3.05,3.05,3.05,0.0,3.05,0
2017-09-15,3.055,3.055,3.055,3.055,0.0,3.055,0
2017-09-18,3.065,3.065,3.065,3.065,0.0,3.065,0
2017-09-19,3.053,3.053,3.053,3.053,0.0,3.053,0
2017-09-20,3.043,3.043,3.043,3.043,0.0,3.043,0
2017-09-21,3.034,3.034,3.034,3.034,0.0,3.034,0
2017-09-22,3.048,3.048,3.048,3.048,0.0,3.048,0
2017-09-25,3.031,3.031,3.031,3.031,0.0,3.031,0
2017-09-26,3.041,3.041,3.041,3.041,0.0,3.041,0
2017-09-27,3.052,3.052,3.052,3.052,0.0,3.052,0
2017-09-28,3.051,3.051,3.051,3.051,0.0,3.051,0
2017-09-29,3.048,3.048,3.048,3.048,0.0,3.048,0
2017-10-02,3.061,3.061,3.061,3.061,0.0,3.061,0
2017-10-03,3.07,3.07,3.07,3.07,0.0,3.07,0
2017-10-04,3.069,3.069,3.069,3.069,0.0,3.069,0
2017-10-05,3.078,3.078,3.078,3.078,0.0,3.078,0
2017-10-06,3.07,3.07,3.07,3.07,0.0,3.07,0
2017-10-09,3.08,3.08,3.08,3.08,0.0,3.08,0
2017-10-10,3.07,3.07,3.07,3.07,0.0,3.07,0
2017-10-11,3.056,3.056,3.056,3.056,0.0,3.056,0
2017-10-12,3.1,3.1,3.1,3.1,0.0,3.1,0
2017-10-13,3.101,3.101,3.101,3.101,0.0,3.101,0
2017-10-16,3.14,3.14,3.14,3.14,0.0,3.14,0
2017-10-17,3.187,3.187,3.187,3.187,0.0,3.187,0
2017-10-18,3.191,3.191,3.191,3.191,0.0,3.191,0
2017-10-19,3.213,3.213,3.213,3.213,0.0,3.213,0
2017-10-20,3.253,3.253,3.253,3.253,0.0,3.253,0
2017-10-23,3.233,3.233,3.233,3.233,0.0,3.233,0
2017-10-24,3.232,3.232,3.232,3.232,0.0,3.232,0
2017-10-25,3.233,3.233,3.233,3.233,0.0,3.233,0
2017-10-26,3.226,3.226,3.226,3.226,0.0,3.226,0
2017-10-27,3.206,3.206,3.206,3.206,0.0,3.206,0
2017-10-30,3.241,3.241,3.241,3.241,0.0,3.241,0
2017-10-31,3.237,3.237,3.237,3.237,0.0,3.237,0
2017-11-01,3.247,3.247,3.247,3.247,0.0,3.247,0
2017-11-02,3.229,3.229,3.229,3.229,0.0,3.229,0
2017-11-03,3.223,3.223,3.223,3.223,0.0,3.223,0
2017-11-06,3.218,3.218,3.218,3.218,0.0,3.218,0
2017-11-07,3.217,3.217,3.217,3.217,0.0,3.217,0
2017-11-08,3.215,3.215,3.215,3.215,0.0,3.215,0
2017-11-09,3.225,3.225,3.225,3.225,0.0,3.225,0
2017-11-10,3.207,3.207,3.207,3.207,0.0,3.207,0
2017-11-13,3.186,3.186,3.186,3.186,0.0,3.186,0
2017-11-14,3.166,3.166,3.166,3.166,0.0,3.166,0
2017-11-15,3.156,3.156,3.156,3.156,0.0,3.156,0
2017-11-16,3.16,3.16,3.16,3.16,0.0,3.16,0
2017-11-17,3.158,3.158,3.158,3.158,0.0,3.158,0
2017-11-20,3.151,3.151,3.151,3.151,0.0,3.151,0
2017-11-21,3.149,3.149,3.149,3.149,0.0,3.149,0
2017-11-22,3.136,3.136,3.136,3.136,0.0,3.136,0
2017-11-24,3.137,3.137,3.137,3.137,0.0,3.137,0
2017-11-27,3.139,3.139,3.139,3.139,0.0,3.139,0
2017-11-28,3.141,3.141,3.141,3.141,0.0,3.141,0
2017-11-29,3.145,3.145,3.145,3.145,0.0,3.145,0
2017-11-30,3.141,3.141,3.141,3.141,0.0,3.141,0
2017-12-01,3.107,3.107,3.107,3.107,0.0,3.107,0
2017-12-04,3.086,3.086,3.086,3.086,0.0,3.086,0
2017-12-05,3.075,3.075,3.075,3.075,0.0,3.075,0
2017-12-06,3.057,3.057,3.057,3.057,0.0,3.057,0
2017-12-07,3.063,3.063,3.063,3.063,0.0,3.063,0
2017-12-08,3.059,3.059,3.059,3.059,0.0,3.059,0
2017-12-11,3.052,3.052,3.052,3.052,0.0,3.052,0
2017-12-12,3.062,3.062,3.062,3.062,0.0,3.062,0
2017-12-13,3.087,3.087,3.087,3.087,0.0,3.087,0
2017-12-14,3.098,3.098,3.098,3.098,0.0,3.098,0
2017-12-15,3.106,3.106,3.106,3.106,0.0,3.106,0
2017-12-18,3.126,3.126,3.126,3.126,0.0,3.126,0
2017-12-19,3.128,3.128,3.128,3.128,0.0,3.128,0
2017-12-20,3.114,3.114,3.114,3.114,0.0,3.114,0
2017-12-21,3.131,3.131,3.131,3.131,0.0,3.131,0
2017-12-22,3.154,3.154,3.154,3.154,0.0,3.154,0
2017-12-26,3.155,3.155,3.155,3.155,0.0,3.155,0
2017-12-27,3.13,3.13,3.13,3.13,0.0,3.13,0
2017-12-28,3.098,3.098,3.098,3.098,0.0,3.098,0
2017-12-29,3.103,3.103,3.103,3.103,0.0,3.103,0
2018-01-02,3.096,3.096,3.096,3.096,0.0,3.096,0
2018-01-03,3.097,3.097,3.097,3.097,0.0,3.097,0
2018-01-04,3.129,3.129,3.129,3.129,0.0,3.129,0
2018-01-05,3.115,3.115,3.115,3.115,0.0,3.115,0
2018-01-08,3.11,3.11,3.11,3.11,0.0,3.11,0
2018-01-09,3.095,3.095,3.095,3.095,0.0,3.095,0
2018-01-10,3.088,3.088,3.088,3.088,0.0,3.088,0
2018-01-11,3.1,3.1,3.1,3.1,0.0,3.1,0
2018-01-12,3.087,3.087,3.087,3.087,0.0,3.087,0
2018-01-16,3.05,3.05,3.05,3.05,0.0,3.05,0
2018-01-17,3.044,3.044,3.044,3.044,0.0,3.044,0
2018-01-18,3.042,3.042,3.042,3.042,0.0,3.042,0
2018-01-19,3.052,3.052,3.052,3.052,0.0,3.052,0
2018-01-22,3.071,3.071,3.071,3.071,0.0,3.071,0
2018-01-23,3.083,3.083,3.083,3.083,0.0,3.083,0
2018-01-24,3.099,3.099,3.099,3.099,0.0,3.099,0
2018-01-25,3.134,3.134,3.134,3.134,0.0,3.134,0
2018-01-26,3.1,3.1,3.1,3.1,0.0,3.1,0
2018-01-29,3.102,3.102,3.102,3.102,0.0,3.102,0
2018-01-30,3.113,3.113,3.113,3.113,0.0,3.113,0
2018-01-31,3.082,3.082,3.082,3.082,0.0,3.082,0
2018-02-01,3.088,3.088,3.088,3.088,0.0,3.088,0
2018-02-02,3.11,3.11,3.11,3.11,0.0,3.11,0
2018-02-05,3.132,3.132,3.132,3.132,0.0,3.132,0
2018-02-06,3.116,3.116,3.116,3.116,0.0,3.116,0
2018-02-07,3.087,3.087,3.087,3.087,0.0,3.087,0
2018-02-08,3.1,3.1,3.1,3.1,0.0,3.1,0
2018-02-09,3.066,3.066,3.066,3.066,0.0,3.066,0
2018-02-12,3.061,3.061,3.061,3.061,0.0,3.061,0
2018-02-13,3.063,3.063,3.063,3.063,0.0,3.063,0
2018-02-14,3.061,3.061,3.061,3.061,0.0,3.061,0
2018-02-15,3.057,3.057,3.057,3.057,0.0,3.057,0
2018-02-16,3.078,3.078,3.078,3.078,0.0,3.078,0
2018-02-20,3.078,3.078,3.078,3.078,0.0,3.078,0
2018-02-21,3.096,3.096,3.096,3.096,0.0,3.096,0
2018-02-22,3.103,3.103,3.103,3.103,0.0,3.103,0
2018-02-23,3.095,3.095,3.095,3.095,0.0,3.095,0
2018-02-26,3.099,3.099,3.099,3.099,0.0,3.099,0
2018-02-27,3.102,3.102,3.102,3.102,0.0,3.102,0
2018-02-28,3.072,3.072,3.072,3.072,0.0,3.072,0
2018-03-01,3.097,3.097,3.097,3.097,0.0,3.097,0
2018-03-02,3.114,3.114,3.114,3.114,0.0,3.114,0
2018-03-05,3.132,3.132,3.132,3.132,0.0,3.132,0
2018-03-06,3.141,3.141,3.141,3.141,0.0,3.141,0
2018-03-07,3.132,3.132,3.132,3.132,0.0,3.132,0
2018-03-08,3.087,3.087,3.087,3.087,0.0,3.087,0
2018-03-09,3.054,3.054,3.054,3.054,0.0,3.054,0
2018-03-12,3.061,3.061,3.061,3.061,0.0,3.061,0
2018-03-13,3.068,3.068,3.068,3.068,0.0,3.068,0
2018-03-14,3.09,3.09,3.09,3.09,0.0,3.09,0
2018-03-15,3.148,3.148,3.148,3.148,0.0,3.148,0
2018-03-16,3.147,3.147,3.147,3.147,0.0,3.147,0
2018-03-19,3.137,3.137,3.137,3.137,0.0,3.137,0
2018-03-20,3.142,3.142,3.142,3.142,0.0,3.142,0
2018-03-21,3.15,3.15,3.15,3.15,0.0,3.15,0
2018-03-22,3.138,3.138,3.138,3.138,0.0,3.138,0
2018-03-23,3.063,3.063,3.063,3.063,0.0,3.063,0
2018-03-26,3.091,3.091,3.091,3.091,0.0,3.091,0
2018-03-27,3.101,3.101,3.101,3.101,0.0,3.101,0
2018-03-28,3.115,3.115,3.115,3.115,0.0,3.115,0
2018-03-29,3.153,3.153,3.153,3.153,0.0,3.153,0
2018-04-02,3.135,3.135,3.135,3.135,0.0,3.135,0
2018-04-03,3.113,3.113,3.113,3.113,0.0,3.113,0
2018-04-04,3.087,3.087,3.087,3.087,0.0,3.087,0
2018-04-05,3.103,3.103,3.103,3.103,0.0,3.103,0
2018-04-06,3.097,3.097,3.097,3.097,0.0,3.097,0
2018-04-09,3.086,3.086,3.086,3.086,0.0,3.086,0
2018-04-10,3.095,3.095,3.095,3.095,0.0,3.095,0
2018-04-11,3.1,3.1,3.1,3.1,0.0,3.1,0
2018-04-12,3.116,3.116,3.116,3.116,0.0,3.116,0
2018-04-13,3.109,3.109,3.109,3.109,0.0,3.109,0
2018-04-16,3.111,3.111,3.111,3.111,0.0,3.111,0
2018-04-17,3.09,3.09,3.09,3.09,0.0,3.09,0
2018-04-18,3.084,3.084,3.084,3.084,0.0,3.084,0
2018-04-19,3.081,3.081,3.081,3.081,0.0,3.081,0
2018-04-20,3.089,3.089,3.089,3.089,0.0,3.089,0
2018-04-23,3.09,3.09,3.09,3.09,0.0,3.09,0
2018-04-24,3.087,3.087,3.087,3.087,0.0,3.087,0
2018-04-25,3.075,3.075,3.075,3.075,0.0,3.075,0
2018-04-26,3.069,3.069,3.069,3.069,0.0,3.069,0
2018-04-27,3.071,3.071,3.071,3.071,0.0,3.071,0
2018-04-30,3.07,3.07,3.07,3.07,0.0,3.07,0
2018-05-01,3.05,3.05,3.05,3.05,0.0,3.05,0
2018-05-02,3.062,3.062,3.062,3.062,0.0,3.062,0
2018-05-03,3.067,3.067,3.067,3.067,0.0,3.067,0
2018-05-04,3.065,3.065,3.065,3.065,0.0,3.065,0
2018-05-07,3.063,3.063,3.063,3.063,0.0,3.063,0
2018-05-08,3.018,3.018,3.018,3.018,0.0,3.018,0
2018-05-09,3.004,3.004,3.004,3.004,0.0,3.004,0
2018-05-10,3.0,3.0,3.0,3.0,0.0,3.0,0
2018-05-11,3.003,3.003,3.003,3.003,0.0,3.003,0
2018-05-14,3.002,3.002,3.002,3.002,0.0,3.002,0
2018-05-15,3.027,3.027,3.027,3.027,0.0,3.027,0
2018-05-16,3.011,3.011,3.011,3.011,0.0,3.011,0
2018-05-17,3.018,3.018,3.018,3.018,0.0,3.018,0
2018-05-18,3.033,3.033,3.033,3.033,0.0,3.033,0
2018-05-21,3.028,3.028,3.028,3.028,0.0,3.028,0
2018-05-22,3.025,3.025,3.025,3.025,0.0,3.025,0
2018-05-23,3.002,3.002,3.002,3.002,0.0,3.002,0
2018-05-24,2.996,2.996,2.996,2.996,0.0,2.996,0
2018-05-25,2.968,2.968,2.968,2.968,0.0,2.968,0
2018-05-29,2.945,2.945,2.945,2.945,0.0,2.945,0
2018-05-30,2.956,2.956,2.956,2.956,0.0,2.956,0
2018-05-31,2.924,2.924,2.924,2.924,0.0,2.924,0
2018-06-01,2.91,2.91,2.91,2.91,0.0,2.91,0
2018-06-04,2.923,2.923,2.923,2.923,0.0,2.923,0
2018-06-05,2.938,2.938,2.938,2.938,0.0,2.938,0
2018-06-06,2.937,2.937,2.937,2.937,0.0,2.937,0
2018-06-07,2.935,2.935,2.935,2.935,0.0,2.935,0
2018-06-08,2.938,2.938,2.938,2.938,0.0,2.938,0
2018-06-11,2.929,2.929,2.929,2.929,0.0,2.929,0
2018-06-12,2.943,2.943,2.943,2.943,0.0,2.943,0
2018-06-13,2.962,2.962,2.962,2.962,0.0,2.962,0
2018-06-14,2.974,2.974,2.974,2.974,0.0,2.974,0
2018-06-15,2.979,2.979,2.979,2.979,0.0,2.979,0
2018-06-18,3.01,3.01,3.01,3.01,0.0,3.01,0
2018-06-19,3.013,3.013,3.013,3.013,0.0,3.013,0
2018-06-20,3.012,3.012,3.012,3.012,0.0,3.012,0
2018-06-21,2.989,2.989,2.989,2.989,0.0,2.989,0
2018-06-22,2.991,2.991,2.991,2.991,0.0,2.991,0
2018-06-25,2.987,2.987,2.987,2.987,0.0,2.987,0
2018-06-26,2.984,2.984,2.984,2.984,0.0,2.984,0
2018-06-27,2.987,2.987,2.987,2.987,0.0,2.987,0
2018-06-28,2.96,2.96,2.96,2.96,0.0,2.96,0
2018-06-29,2.957,2.957,2.957,2.957,0.0,2.957,0
2018-07-02,2.948,2.948,2.948,2.948,0.0,2.948,0
2018-07-03,2.945,2.945,2.945,2.945,0.0,2.945,0
2018-07-05,2.947,2.947,2.947,2.947,0.0,2.947,0
2018-07-06,2.946,2.946,2.946,2.946,0.0,2.946,0
2018-07-09,2.937,2.937,2.937,2.937,0.0,2.937,0
2018-07-10,2.941,2.941,2.941,2.941,0.0,2.941,0
2018-07-11,2.919,2.919,2.919,2.919,0.0,2.919,0
2018-07-12,2.916,2.916,2.916,2.916,0.0,2.916,0
2018-07-13,2.911,2.911,2.911,2.911,0.0,2.911,0
2018-07-16,2.88,2.88,2.88,2.88,0.0,2.88,0
2018-07-17,2.865,2.865,2.865,2.865,0.0,2.865,0
2018-07-18,2.858,2.858,2.858,2.858,0.0,2.858,0
2018-07-19,2.855,2.855,2.855,2.855,0.0,2.855,0
2018-07-20,2.861,2.861,2.861,2.861,0.0,2.861,0
2018-07-23,2.87,2.87,2.87,2.87,0.0,2.87,0
2018-07-24,2.884,2.884,2.884,2.884,0.0,2.884,0
2018-07-25,2.914,2.914,2.914,2.914,0.0,2.914,0
2018-07-26,2.91,2.91,2.91,2.91,0.0,2.91,0
2018-07-27,2.927,2.927,2.927,2.927,0.0,2.927,0
2018-07-30,2.931,2.931,2.931,2.931,0.0,2.931,0
2018-07-31,2.934,2.934,2.934,2.934,0.0,2.934,0
2018-08-01,2.904,2.904,2.904,2.904,0.0,2.904,0
2018-08-02,2.908,2.908,2.908,2.908,0.0,2.908,0
2018-08-03,2.908,2.908,2.908,2.908,0.0,2.908,0
2018-08-06,2.899,2.899,2.899,2.899,0.0,2.899,0
2018-08-07,2.927,2.927,2.927,2.927,0.0,2.927,0
2018-08-08,2.94,2.94,2.94,2.94,0.0,2.94,0
2018-08-09,2.937,2.937,2.937,2.937,0.0,2.937,0
2018-08-10,2.938,2.938,2.938,2.938,0.0,2.938,0
2018-08-13,2.939,2.939,2.939,2.939,0.0,2.939,0
2018-08-14,2.938,2.938,2.938,2.938,0.0,2.938,0
2018-08-15,2.939,2.939,2.939,2.939,0.0,2.939,0
2018-08-16,2.929,2.929,2.929,2.929,0.0,2.929,0
2018-08-17,2.931,2.931,2.931,2.931,0.0,2.931,0
2018-08-20,2.93,2.93,2.93,2.93,0.0,2.93,0
2018-08-21,2.95,2.95,2.95,2.95,0.0,2.95,0
2018-08-22,2.937,2.937,2.937,2.937,0.0,2.937,0
2018-08-23,2.934,2.934,2.934,2.934,0.0,2.934,0
2018-08-24,2.918,2.918,2.918,2.918,0.0,2.918,0
2018-08-27,2.887,2.887,2.887,2.887,0.0,2.887,0
2018-08-28,2.863,2.863,2.863,2.863,0.0,2.863,0
2018-08-29,2.867,2.867,2.867,2.867,0.0,2.867,0
2018-08-30,2.848,2.848,2.848,2.848,0.0,2.848,0
2018-08-31,2.862,2.862,2.862,2.862,0.0,2.862,0
2018-09-04,2.845,2.845,2.845,2.845,0.0,2.845,0
2018-09-05,2.85,2.85,2.85,2.85,0.0,2.85,0
2018-09-06,2.869,2.869,2.869,2.869,0.0,2.869,0
2018-09-07,2.868,2.868,2.868,2.868,0.0,2.868,0
2018-09-10,2.874,2.874,2.874,2.874,0.0,2.874,0
2018-09-11,2.871,2.871,2.871,2.871,0.0,2.871,0
2018-09-12,2.881,2.881,2.881,2.881,0.0,2.881,0
2018-09-13,2.897,2.897,2.897,2.897,0.0,2.897,0
2018-09-14,2.902,2.902,2.902,2.902,0.0,2.902,0
2018-09-17,2.906,2.906,2.906,2.906,0.0,2.906,0
2018-09-18,2.91,2.91,2.91,2.91,0.0,2.91,0
2018-09-19,2.907,2.907,2.907,2.907,0.0,2.907,0
2018-09-20,2.911,2.911,2.911,2.911,0.0,2.911,0
2018-09-21,2.909,2.909,2.909,2.909,0.0,2.909,0
2018-09-24,2.907,2.907,2.907,2.907,0.0,2.907,0
2018-09-25,2.909,2.909,2.909,2.909,0.0,2.909,0
2018-09-26,2.918,2.918,2.918,2.918,0.0,2.918,0
2018-09-27,2.919,2.919,2.919,2.919,0.0,2.919,0
2018-09-28,2.92,2.92,2.92,2.92,0.0,2.92,0
2018-10-01,2.925,2.925,2.925,2.925,0.0,2.925,0
2018-10-02,2.923,2.923,2.923,2.923,0.0,2.923,0
2018-10-03,2.922,2.922,2.922,2.922,0.0,2.922,0
2018-10-04,2.923,2.923,2.923,2.923,0.0,2.923,0
2018-10-05,2.926,2.926,2.926,2.926,0.0,2.926,0
2018-10-08,2.931,2.931,2.931,2.931,0.0,2.931,0
2018-10-09,2.926,2.926,2.926,2.926,0.0,2.926,0
2018-10-10,2.922,2.922,2.922,2.922,0.0,2.922,0
2018-10-11,2.947,2.947,2.947,2.947,0.0,2.947,0
2018-10-12,2.96,2.96,2.96,2.96,0.0,2.96,0
2018-10-15,2.959,2.959,2.959,2.959,0.0,2.959,0
2018-10-16,2.984,2.984,2.984,2.984,0.0,2.984,0
2018-10-17,2.979,2.979,2.979,2.979,0.0,2.979,0
2018-10-18,2.978,2.978,2.978,2.978,0.0,2.978,0
2018-10-19,2.975,2.975,2.975,2.975,0.0,2.975,0
2018-10-22,2.976,2.976,2.976,2.976,0.0,2.976,0
2018-10-23,2.975,2.975,2.975,2.975,0.0,2.975,0
2018-10-24,2.972,2.972,2.972,2.972,0.0,2.972,0
2018-10-25,2.962,2.962,2.962,2.962,0.0,2.962,0
2018-10-26,2.964,2.964,2.964,2.964,0.0,2.964,0
2018-10-29,2.965,2.965,2.965,2.965,0.0,2.965,0
2018-10-30,2.983,2.983,2.983,2.983,0.0,2.983,0
2018-10-31,2.982,2.982,2.982,2.982,0.0,2.982,0
2018-11-01,2.987,2.987,2.987,2.987,0.0,2.987,0
2018-11-02,2.994,2.994,2.994,2.994,0.0,2.994,0
2018-11-05,3.008,3.008,3.008,3.008,0.0,3.008,0
2018-11-06,3.024,3.024,3.024,3.024,0.0,3.024,0
2018-11-07,3.022,3.022,3.022,3.022,0.0,3.022,0
2018-11-08,3.023,3.023,3.023,3.023,0.0,3.023,0
2018-11-09,3.026,3.026,3.026,3.026,0.0,3.026,0
2018-11-12,3.049,3.049,3.049,3.049,0.0,3.049,0
2018-11-13,3.028,3.028,3.028,3.028,0.0,3.028,0
2018-11-14,3.012,3.012,3.012,3.012,0.0,3.012,0
2018-11-15,3.027,3.027,3.027,3.027,0.0,3.027,0
2018-11-16,2.998,2.998,2.998,2.998,0.0,2.998,0
2018-11-19,2.985,2.985,2.985,2.985,0.0,2.985,0
2018-11-20,2.983,2.983,2.983,2.983,0.0,2.983,0
2018-11-21,2.981,2.981,2.981,2.981,0.0,2.981,0
2018-11-23,3.006,3.006,3.006,3.006,0.0,3.006,0
2018-11-26,2.999,2.999,2.999,2.999,0.0,2.999,0
2018-11-27,2.995,2.995,2.995,2.995,0.0,2.995,0
2018-11-28,2.996,2.996,2.996,2.996,0.0,2.996,0
2018-11-29,3.031,3.031,3.031,3.031,0.0,3.031,0
2018-11-30,3.087,3.087,3.087,3.087,0.0,3.087,0
2018-12-03,3.059,3.059,3.059,3.059,0.0,3.059,0
2018-12-04,3.045,3.045,3.045,3.045,0.0,3.045,0
2018-12-05,3.036,3.036,3.036,3.036,0.0,3.036,0
2018-12-06,3.047,3.047,3.047,3.047,0.0,3.047,0
2018-12-07,3.054,3.054,3.054,3.054,0.0,3.054,0
2018-12-10,3.055,3.055,3.055,3.055,0.0,3.055,0
2018-12-11,3.03,3.03,3.03,3.03,0.0,3.03,0
2018-12-12,3.032,3.032,3.032,3.032,0.0,3.032,0
2018-12-13,3.0,3.0,3.0,3.0,0.0,3.0,0
2018-12-14,3.01,3.01,3.01,3.01,0.0,3.01,0
2018-12-17,3.009,3.009,3.009,3.009,0.0,3.009,0
2018-12-18,3.004,3.004,3.004,3.004,0.0,3.004,0
2018-12-19,3.027,3.027,3.027,3.027,0.0,3.027,0
2018-12-20,3.042,3.042,3.042,3.042,0.0,3.042,0
2018-12-21,3.045,3.045,3.045,3.045,0.0,3.045,0
2018-12-24,3.044,3.044,3.044,3.044,0.0,3.044,0
2018-12-26,3.041,3.041,3.041,3.041,0.0,3.041,0
2018-12-27,3.039,3.039,3.039,3.039,0.0,3.039,0
2018-12-28,3.036,3.036,3.036,3.036,0.0,3.036,0
2018-12-31,3.042,3.042,3.042,3.042,0.0,3.042,0
2019-01-02,3.042,3.042,3.042,3.042,0.0,3.042,0
2019-01-03,3.031,3.031,3.031,3.031,0.0,3.031,0
2019-01-04,3.035,3.035,3.035,3.035,0.0,3.035,0
2019-01-07,3.037,3.037,3.037,3.037,0.0,3.037,0
2019-01-08,3.028,3.028,3.028,3.028,0.0,3.028,0
2019-01-09,3.026,3.026,3.026,3.026,0.0,3.026,0
2019-01-10,3.023,3.023,3.023,3.023,0.0,3.023,0
2019-01-11,3.03,3.03,3.03,3.03,0.0,3.03,0
2019-01-14,3.029,3.029,3.029,3.029,0.0,3.029,0
2019-01-15,3.021,3.021,3.021,3.021,0.0,3.021,0
2019-01-16,2.99,2.99,2.99,2.99,0.0,2.99,0
2019-01-17,2.99,2.99,2.99,2.99,0.0,2.99,0
2019-01-18,3.003,3.003,3.003,3.003,0.0,3.003,0
2019-01-22,3.016,3.016,3.016,3.016,0.0,3.016,0
2019-01-23,2.996,2.996,2.996,2.996,0.0,2.996,0
2019-01-24,2.975,2.975,2.975,2.975,0.0,2.975,0
2019-01-25,3.02,3.02,3.02,3.02,0.0,3.02,0
2019-01-28,3.004,3.004,3.004,3.004,0.0,3.004,0
2019-01-29,3.007,3.007,3.007,3.007,0.0,3.007,0
2019-01-30,3.009,3.009,3.009,3.009,0.0,3.009,0
2019-01-31,3.01,3.01,3.01,3.01,0.0,3.01,0
2019-02-01,3.011,3.011,3.011,3.011,0.0,3.011,0
2019-02-04,2.998,2.998,2.998,2.998,0.0,2.998,0
2019-02-05,3.039,3.039,3.039,3.039,0.0,3.039,0
2019-02-06,3.036,3.036,3.036,3.036,0.0,3.036,0
2019-02-07,3.032,3.032,3.032,3.032,0.0,3.032,0
2019-02-08,3.034,3.034,3.034,3.034,0.0,3.034,0
2019-02-11,3.039,3.039,3.039,3.039,0.0,3.039,0
2019-02-12,3.047,3.047,3.047,3.047,0.0,3.047,0
2019-02-13,3.048,3.048,3.048,3.048,0.0,3.048,0
2019-02-14,3.052,3.052,3.052,3.052,0.0,3.052,0
2019-02-15,3.032,3.032,3.032,3.032,0.0,3.032,0
2019-02-19,3.023,3.023,3.023,3.023,0.0,3.023,0
2019-02-20,3.035,3.035,3.035,3.035,0.0,3.035,0
2019-02-21,3.022,3.022,3.022,3.022,0.0,3.022,0
2019-02-22,3.019,3.019,3.019,3.019,0.0,3.019,0
2019-02-25,3.011,3.011,3.011,3.011,0.0,3.011,0
2019-02-26,2.993,2.993,2.993,2.993,0.0,2.993,0
2019-02-27,3.029,3.029,3.029,3.029,0.0,3.029,0
2019-02-28,3.04,3.04,3.04,3.04,0.0,3.04,0
2019-03-01,3.039,3.039,3.039,3.039,0.0,3.039,0
2019-03-04,3.035,3.035,3.035,3.035,0.0,3.035,0
2019-03-05,3.033,3.033,3.033,3.033,0.0,3.033,0
2019-03-06,3.036,3.036,3.036,3.036,0.0,3.036,0
2019-03-07,3.041,3.041,3.041,3.041,0.0,3.041,0
2019-03-08,3.041,3.041,3.041,3.041,0.0,3.041,0
2019-03-11,3.068,3.068,3.068,3.068,0.0,3.068,0
2019-03-12,3.083,3.083,3.083,3.083,0.0,3.083,0
2019-03-13,3.092,3.092,3.092,3.092,0.0,3.092,0
2019-03-14,3.1,3.1,3.1,3.1,0.0,3.1,0
2019-03-15,3.101,3.101,3.101,3.101,0.0,3.101,0
2019-03-18,3.101,3.101,3.101,3.101,0.0,3.101,0
2019-03-19,3.102,3.102,3.102,3.102,0.0,3.102,0
2019-03-20,3.1,3.1,3.1,3.1,0.0,3.1,0
2019-03-21,3.11,3.11,3.11,3.11,0.0,3.11,0
2019-03-22,3.1,3.1,3.1,3.1,0.0,3.1,0
2019-03-25,3.099,3.099,3.099,3.099,0.0,3.099,0
2019-03-26,3.101,3.101,3.101,3.101,0.0,3.101,0
2019-03-27,3.092,3.092,3.092,3.092,0.0,3.092,0
2019-03-28,3.095,3.095,3.095,3.095,0.0,3.095,0
2019-03-29,3.094,3.094,3.094,3.094,0.0,3.094,0
2019-04-01,3.093,3.093,3.093,3.093,0.0,3.093,0
2019-04-02,3.1,3.1,3.1,3.1,0.0,3.1,0
2019-04-03,3.093,3.093,3.093,3.093,0.0,3.093,0
2019-04-04,3.124,3.124,3.124,3.124,0.0,3.124,0
2019-04-05,3.106,3.106,3.106,3.106,0.0,3.106,0
2019-04-08,3.109,3.109,3.109,3.109,0.0,3.109,0
2019-04-09,3.116,3.116,3.116,3.116,0.0,3.116,0
2019-04-10,3.094,3.094,3.094,3.094,0.0,3.094,0
2019-04-11,3.092,3.092,3.092,3.092,0.0,3.092,0
2019-04-12,3.092,3.092,3.092,3.092,0.0,3.092,0
2019-04-15,3.092,3.092,3.092,3.092,0.0,3.092,0
2019-04-16,3.093,3.093,3.093,3.093,0.0,3.093,0
2019-04-17,3.083,3.083,3.083,3.083,0.0,3.083,0
2019-04-18,3.068,3.068,3.068,3.068,0.0,3.068,0
2019-04-22,3.056,3.056,3.056,3.056,0.0,3.056,0
2019-04-23,3.051,3.051,3.051,3.051,0.0,3.051,0
2019-04-24,3.061,3.061,3.061,3.061,0.0,3.061,0
2019-04-25,3.071,3.071,3.071,3.071,0.0,3.071,0
2019-04-26,3.068,3.068,3.068,3.068,0.0,3.068,0
2019-04-29,3.075,3.075,3.075,3.075,0.0,3.075,0
2019-04-30,3.08,3.08,3.08,3.08,0.0,3.08,0
2019-05-01,3.082,3.082,3.082,3.082,0.0,3.082,0
2019-05-02,3.079,3.079,3.079,3.079,0.0,3.079,0
2019-05-03,3.092,3.092,3.092,3.092,0.0,3.092,0
2019-05-06,3.095,3.095,3.095,3.095,0.0,3.095,0
2019-05-07,3.095,3.095,3.095,3.095,0.0,3.095,0
2019-05-08,3.089,3.089,3.089,3.089,0.0,3.089,0
2019-05-09,3.096,3.096,3.096,3.096,0.0,3.096,0
2019-05-10,3.087,3.087,3.087,3.087,0.0,3.087,0
2019-05-13,3.09,3.09,3.09,3.09,0.0,3.09,0
2019-05-14,3.101,3.101,3.101,3.101,0.0,3.101,0
2019-05-15,3.098,3.098,3.098,3.098,0.0,3.098,0
2019-05-16,3.094,3.094,3.094,3.094,0.0,3.094,0
2019-05-17,3.098,3.098,3.098,3.098,0.0,3.098,0
2019-05-20,3.103,3.103,3.103,3.103,0.0,3.103,0
2019-05-21,3.106,3.106,3.106,3.106,0.0,3.106,0
2019-05-22,3.055,3.055,3.055,3.055,0.0,3.055,0
2019-05-23,3.067,3.067,3.067,3.067,0.0,3.067,0
2019-05-24,3.077,3.077,3.077,3.077,0.0,3.077,0
2019-05-28,3.09,3.09,3.09,3.09,0.0,3.09,0
2019-05-29,3.071,3.071,3.071,3.071,0.0,3.071,0
2019-05-30,3.069,3.069,3.069,3.069,0.0,3.069,0
2019-05-31,3.067,3.067,3.067,3.067,0.0,3.067,0
2019-06-03,3.055,3.055,3.055,3.055,0.0,3.055,0
2019-06-04,3.058,3.058,3.058,3.058,0.0,3.058,0
2019-06-05,3.049,3.049,3.049,3.049,0.0,3.049,0
2019-06-06,3.065,3.065,3.065,3.065,0.0,3.065,0
2019-06-07,3.066,3.066,3.066,3.066,0.0,3.066,0
2019-06-10,3.055,3.055,3.055,3.055,0.0,3.055,0
2019-06-11,3.055,3.055,3.055,3.055,0.0,3.055,0
2019-06-12,3.052,3.052,3.052,3.052,0.0,3.052,0
2019-06-13,3.053,3.053,3.053,3.053,0.0,3.053,0
2019-06-14,3.058,3.058,3.058,3.058,0.0,3.058,0
2019-06-17,3.061,3.061,3.061,3.061,0.0,3.061,0
2019-06-18,3.044,3.044,3.044,3.044,0.0,3.044,0
2019-06-19,3.045,3.045,3.045,3.045,0.0,3.045,0
2019-06-20,3.049,3.049,3.049,3.049,0.0,3.049,0
2019-06-21,3.064,3.064,3.064,3.064,0.0,3.064,0
2019-06-24,3.064,3.064,3.064,3.064,0.0,3.064,0
2019-06-25,3.063,3.063,3.063,3.063,0.0,3.063,0
2019-06-26,3.055,3.055,3.055,3.055,0.0,3.055,0
2019-06-27,3.051,3.051,3.051,3.051,0.0,3.051,0
2019-06-28,3.023,3.023,3.023,3.023,0.0,3.023,0
2019-07-01,3.016,3.016,3.016,3.016,0.0,3.016,0
2019-07-02,3.008,3.008,3.008,3.008,0.0,3.008,0
2019-07-03,3.007,3.007,3.007,3.007,0.0,3.007,0
2019-07-05,3.033,3.033,3.033,3.033,0.0,3.033,0
2019-07-08,3.029,3.029,3.029,3.029,0.0,3.029,0
2019-07-09,3.057,3.057,3.057,3.057,0.0,3.057,0
2019-07-10,3.049,3.049,3.049,3.049,0.0,3.049,0
2019-07-11,3.057,3.057,3.057,3.057,0.0,3.057,0
2019-07-12,3.065,3.065,3.065,3.065,0.0,3.065,0
2019-07-15,3.07,3.07,3.07,3.07,0.0,3.07,0
2019-07-16,3.046,3.046,3.046,3.046,0.0,3.046,0
2019-07-17,3.043,3.043,3.043,3.043,0.0,3.043,0
2019-07-18,3.062,3.062,3.062,3.062,0.0,3.062,0
2019-07-19,3.055,3.055,3.055,3.055,0.0,3.055,0
2019-07-22,3.013,3.013,3.013,3.013,0.0,3.013,0
2019-07-23,3.02,3.02,3.02,3.02,0.0,3.02,0
2019-07-24,3.013,3.013,3.013,3.013,0.0,3.013,0
2019-07-25,3.014,3.014,3.014,3.014,0.0,3.014,0
2019-07-26,3.008,3.008,3.008,3.008,0.0,3.008,0
2019-07-29,2.997,2.997,2.997,2.997,0.0,2.997,0
2019-07-30,3.0,3.0,3.0,3.0,0.0,3.0,0
2019-07-31,3.006,3.006,3.006,3.006,0.0,3.006,0
2019-08-01,3.009,3.009,3.009,3.009,0.0,3.009,0
2019-08-02,2.996,2.996,2.996,2.996,0.0,2.996,0
2019-08-05,2.994,2.994,2.994,2.994,0.0,2.994,0
2019-08-06,2.995,2.995,2.995,2.995,0.0,2.995,0
2019-08-07,3.0,3.0,3.0,3.0,0.0,3.0,0
2019-08-08,2.979,2.979,2.979,2.979,0.0,2.979,0
2019-08-09,2.955,2.955,2.955,2.955,0.0,2.955,0
2019-08-12,2.944,2.944,2.944,2.944,0.0,2.944,0
2019-08-13,2.925,2.925,2.925,2.925,0.0,2.925,0
2019-08-14,2.871,2.871,2.871,2.871,0.0,2.871,0
2019-08-15,2.871,2.871,2.871,2.871,0.0,2.871,0
2019-08-16,2.853,2.853,2.853,2.853,0.0,2.853,0
2019-08-19,2.855,2.855,2.855,2.855,0.0,2.855,0
2019-08-20,2.855,2.855,2.855,2.855,0.0,2.855,0
2019-08-21,2.856,2.856,2.856,2.856,0.0,2.856,0
2019-08-22,2.845,2.845,2.845,2.845,0.0,2.845,0
2019-08-23,2.875,2.875,2.875,2.875,0.0,2.875,0
2019-08-26,2.879,2.879,2.879,2.879,0.0,2.879,0
2019-08-27,2.894,2.894,2.894,2.894,0.0,2.894,0
2019-08-28,2.913,2.913,2.913,2.913,0.0,2.913,0
2019-08-29,2.898,2.898,2.898,2.898,0.0,2.898,0
2019-08-30,2.858,2.858,2.858,2.858,0.0,2.858,0
2019-09-03,2.874,2.874,2.874,2.874,0.0,2.874,0
2019-09-04,2.85,2.85,2.85,2.85,0.0,2.85,0
2019-09-05,2.857,2.857,2.857,2.857,0.0,2.857,0
2019-09-06,2.844,2.844,2.844,2.844,0.0,2.844,0
2019-09-09,2.808,2.808,2.808,2.808,0.0,2.808,0
2019-09-10,2.812,2.812,2.812,2.812,0.0,2.812,0
2019-09-11,2.807,2.807,2.807,2.807,0.0,2.807,0
2019-09-12,2.812,2.812,2.812,2.812,0.0,2.812,0
2019-09-13,2.777,2.777,2.777,2.777,0.0,2.777,0
2019-09-16,2.807,2.807,2.807,2.807,0.0,2.807,0
2019-09-17,2.771,2.771,2.771,2.771,0.0,2.771,0
2019-09-18,2.784,2.784,2.784,2.784,0.0,2.784,0
2019-09-19,2.778,2.778,2.778,2.778,0.0,2.778,0
2019-09-20,2.789,2.789,2.789,2.789,0.0,2.789,0
2019-09-23,2.786,2.786,2.786,2.786,0.0,2.786,0
2019-09-24,2.765,2.765,2.765,2.765,0.0,2.765,0
2019-09-25,2.764,2.764,2.764,2.764,0.0,2.764,0
2019-09-26,2.765,2.765,2.765,2.765,0.0,2.765,0
2019-09-27,2.754,2.754,2.754,2.754,0.0,2.754,0
2019-09-30,2.816,2.816,2.816,2.816,0.0,2.816,0
2019-10-01,2.765,2.765,2.765,2.765,0.0,2.765,0
2019-10-02,2.783,2.783,2.783,2.783,0.0,2.783,0
2019-10-03,2.768,2.768,2.768,2.768,0.0,2.768,0
2019-10-04,2.758,2.758,2.758,2.758,0.0,2.758,0
2019-10-07,2.762,2.762,2.762,2.762,0.0,2.762,0
2019-10-08,2.738,2.738,2.738,2.738,0.0,2.738,0
2019-10-09,2.749,2.749,2.749,2.749,0.0,2.749,0
2019-10-10,2.75,2.75,2.75,2.75,0.0,2.75,0
2019-10-11,2.761,2.761,2.761,2.761,0.0,2.761,0
2019-10-14,2.776,2.776,2.776,2.776,0.0,2.776,0
2019-10-15,2.792,2.792,2.792,2.792,0.0,2.792,0
2019-10-16,2.794,2.794,2.794,2.794,0.0,2.794,0
2019-10-17,2.791,2.791,2.791,2.791,0.0,2.791,0
2019-10-18,2.786,2.786,2.786,2.786,0.0,2.786,0
2019-10-21,2.781,2.781,2.781,2.781,0.0,2.781,0
2019-10-22,2.785,2.785,2.785,2.785,0.0,2.785,0
2019-10-23,2.779,2.779,2.779,2.779,0.0,2.779,0
2019-10-24,2.783,2.783,2.783,2.783,0.0,2.783,0
2019-10-25,2.781,2.781,2.781,2.781,0.0,2.781,0
2019-10-28,2.79,2.79,2.79,2.79,0.0,2.79,0
2019-10-29,2.806,2.806,2.806,2.806,0.0,2.806,0
2019-10-30,2.813,2.813,2.813,2.813,0.0,2.813,0
2019-10-31,2.811,2.811,2.811,2.811,0.0,2.811,0
2019-11-01,2.82,2.82,2.82,2.82,0.0,2.82,0
2019-11-04,2.761,2.761,2.761,2.761,0.0,2.761,0
2019-11-05,2.74,2.74,2.74,2.74,0.0,2.74,0
2019-11-06,2.751,2.751,2.751,2.751,0.0,2.751,0
2019-11-07,2.718,2.718,2.718,2.718,0.0,2.718,0
2019-11-08,2.725,2.725,2.725,2.725,0.0,2.725,0
2019-11-11,2.716,2.716,2.716,2.716,0.0,2.716,0
2019-11-12,2.676,2.676,2.676,2.676,0.0,2.676,0
2019-11-13,2.667,2.667,2.667,2.667,0.0,2.667,0
2019-11-14,2.669,2.669,2.669,2.669,0.0,2.669,0
2019-11-15,2.667,2.667,2.667,2.667,0.0,2.667,0
2019-11-18,2.671,2.671,2.671,2.671,0.0,2.671,0
2019-11-19,2.678,2.678,2.678,2.678,0.0,2.678,0
2019-11-20,2.687,2.687,2.687,2.687,0.0,2.687,0
2019-11-21,2.694,2.694,2.694,2.694,0.0,2.694,0
2019-11-22,2.694,2.694,2.694,2.694,0.0,2.694,0
2019-11-25,2.686,2.686,2.686,2.686,0.0,2.686,0
2019-11-26,2.68,2.68,2.68,2.68,0.0,2.68,0
2019-11-27,2.684,2.684,2.684,2.684,0.0,2.684,0
2019-11-29,2.642,2.642,2.642,2.642,0.0,2.642,0
2019-12-02,2.668,2.668,2.668,2.668,0.0,2.668,0
2019-12-03,2.677,2.677,2.677,2.677,0.0,2.677,0
2019-12-04,2.676,2.676,2.676,2.676,0.0,2.676,0
2019-12-05,2.668,2.668,2.668,2.668,0.0,2.668,0
2019-12-06,2.641,2.641,2.641,2.641,0.0,2.641,0
2019-12-09,2.62,2.62,2.62,2.62,0.0,2.62,0
2019-12-10,2.629,2.629,2.629,2.629,0.0,2.629,0
2019-12-11,2.626,2.626,2.626,2.626,0.0,2.626,0
2019-12-12,2.631,2.631,2.631,2.631,0.0,2.631,0
2019-12-13,2.614,2.614,2.614,2.614,0.0,2.614,0
2019-12-16,2.623,2.623,2.623,2.623,0.0,2.623,0
2019-12-17,2.625,2.625,2.625,2.625,0.0,2.625,0
2019-12-18,2.593,2.593,2.593,2.593,0.0,2.593,0
2019-12-19,2.567,2.567,2.567,2.567,0.0,2.567,0
2019-12-20,2.558,2.558,2.558,2.558,0.0,2.558,0
2019-12-23,2.565,2.565,2.565,2.565,0.0,2.565,0
2019-12-24,2.563,2.563,2.563,2.563,0.0,2.563,0
2019-12-26,2.551,2.551,2.551,2.551,0.0,2.551,0
2019-12-27,2.549,2.549,2.549,2.549,0.0,2.549,0
2019-12-30,2.546,2.546,2.546,2.546,0.0,2.546,0
2019-12-31,2.555,2.555,2.555,2.555,0.0,2.555,0
2020-01-02,2.55,2.55,2.55,2.55,0.0,2.55,0
2020-01-03,2.55,2.55,2.55,2.55,0.0,2.55,0
2020-01-06,2.554,2.554,2.554,2.554,0.0,2.554,0
2020-01-07,2.564,2.564,2.564,2.564,0.0,2.564,0
2020-01-08,2.567,2.567,2.567,2.567,0.0,2.567,0
2020-01-09,2.578,2.578,2.578,2.578,0.0,2.578,0
2020-01-10,2.58,2.58,2.58,2.58,0.0,2.58,0
2020-01-13,2.58,2.58,2.58,2.58,0.0,2.58,0
2020-01-14,2.579,2.579,2.579,2.579,0.0,2.579,0
2020-01-15,2.578,2.578,2.578,2.578,0.0,2.578,0
2020-01-16,2.585,2.585,2.585,2.585,0.0,2.585,0
2020-01-17,2.595,2.595,2.595,2.595,0.0,2.595,0
2020-01-21,2.585,2.585,2.585,2.585,0.0,2.585,0
2020-01-22,2.566,2.566,2.566,2.566,0.0,2.566,0
2020-01-23,2.558,2.558,2.558,2.558,0.0,2.558,0
2020-01-24,2.566,2.566,2.566,2.566,0.0,2.566,0
2020-01-27,2.525,2.525,2.525,2.525,0.0,2.525,0
2020-01-28,2.535,2.535,2.535,2.535,0.0,2.535,0
2020-01-29,2.525,2.525,2.525,2.525,0.0,2.525,0
2020-01-30,2.52,2.52,2.52,2.52,0.0,2.52,0
2020-01-31,2.521,2.521,2.521,2.521,0.0,2.521,0
2020-02-03,2.516,2.516,2.516,2.516,0.0,2.516,0
2020-02-04,2.512,2.512,2.512,2.512,0.0,2.512,0
2020-02-05,2.489,2.489,2.489,2.489,0.0,2.489,0
2020-02-06,2.493,2.493,2.493,2.493,0.0,2.493,0
2020-02-07,2.511,2.511,2.511,2.511,0.0,2.511,0
2020-02-10,2.503,2.503,2.503,2.503,0.0,2.503,0
2020-02-11,2.488,2.488,2.488,2.488,0.0,2.488,0
2020-02-12,2.495,2.495,2.495,2.495,0.0,2.495,0
2020-02-13,2.485,2.485,2.485,2.485,0.0,2.485,0
2020-02-14,2.496,2.496,2.496,2.496,0.0,2.496,0
2020-02-18,2.469,2.469,2.469,2.469,0.0,2.469,0
2020-02-19,2.49,2.49,2.49,2.49,0.0,2.49,0
2020-02-20,2.485,2.485,2.485,2.485,0.0,2.485,0
2020-02-21,2.515,2.515,2.515,2.515,0.0,2.515,0
2020-02-24,2.521,2.521,2.521,2.521,0.0,2.521,0
2020-02-25,2.524,2.524,2.524,2.524,0.0,2.524,0
2020-02-26,2.547,2.547,2.547,2.547,0.0,2.547,0
2020-02-27,2.537,2.537,2.537,2.537,0.0,2.537,0
2020-02-28,2.575,2.575,2.575,2.575,0.0,2.575,0
2020-03-02,2.615,2.615,2.615,2.615,0.0,2.615,0
2020-03-03,2.611,2.611,2.611,2.611,0.0,2.611,0
2020-03-04,2.6,2.6,2.6,2.6,0.0,2.6,0
2020-03-05,2.575,2.575,2.575,2.575,0.0,2.575,0
2020-03-06,2.588,2.588,2.588,2.588,0.0,2.588,0
2020-03-09,2.625,2.625,2.625,2.625,0.0,2.625,0
2020-03-10,2.625,2.625,2.625,2.625,0.0,2.625,0
2020-03-11,2.587,2.587,2.587,2.587,0.0,2.587,0
2020-03-12,2.537,2.537,2.537,2.537,0.0,2.537,0
2020-03-13,2.532,2.532,2.532,2.532,0.0,2.532,0
2020-03-16,2.521,2.521,2.521,2.521,0.0,2.521,0
2020-03-17,2.55,2.55,2.55,2.55,0.0,2.55,0
2020-03-18,2.556,2.556,2.556,2.556,0.0,2.556,0
2020-03-19,2.569,2.569,2.569,2.569,0.0,2.569,0
2020-03-20,2.563,2.563,2.563,2.563,0.0,2.563,0
2020-03-23,2.558,2.558,2.558,2.558,0.0,2.558,0
2020-03-24,2.525,2.525,2.525,2.525,0.0,2.525,0
2020-03-25,2.52,2.52,2.52,2.52,0.0,2.52,0
2020-03-26,2.486,2.486,2.486,2.486,0.0,2.486,0
2020-03-27,2.508,2.508,2.508,2.508,0.0,2.508,0
2020-03-30,2.516,2.516,2.516,2.516,0.0,2.516,0
2020-03-31,2.504,2.504,2.504,2.504,0.0,2.504,0
2020-04-01,2.474,2.474,2.474,2.474,0.0,2.474,0
2020-04-02,2.46,2.46,2.46,2.46,0.0,2.46,0
2020-04-03,2.444,2.444,2.444,2.444,0.0,2.444,0
2020-04-06,2.46,2.46,2.46,2.46,0.0,2.46,0
2020-04-07,2.454,2.454,2.454,2.454,0.0,2.454,0
2020-04-08,2.471,2.471,2.471,2.471,0.0,2.471,0
2020-04-09,2.488,2.488,2.488,2.488,0.0,2.488,0
2020-04-13,2.516,2.516,2.516,2.516,0.0,2.516,0
2020-04-14,2.498,2.498,2.498,2.498,0.0,2.498,0
2020-04-15,2.467,2.467,2.467,2.467,0.0,2.467,0
2020-04-16,2.472,2.472,2.472,2.472,0.0,2.472,0
2020-04-17,2.473,2.473,2.473,2.473,0.0,2.473,0
2020-04-20,2.491,2.491,2.491,2.491,0.0,2.491,0
2020-04-21,2.474,2.474,2.474,2.474,0.0,2.474,0
2020-04-22,2.502,2.502,2.502,2.502,0.0,2.502,0
2020-04-23,2.456,2.456,2.456,2.456,0.0,2.456,0
2020-04-24,2.454,2.454,2.454,2.454,0.0,2.454,0
2020-04-27,2.48,2.48,2.48,2.48,0.0,2.48,0
2020-04-28,2.472,2.472,2.472,2.472,0.0,2.472,0
2020-04-29,2.467,2.467,2.467,2.467,0.0,2.467,0
2020-04-30,2.442,2.442,2.442,2.442,0.0,2.442,0
2020-05-01,2.425,2.425,2.425,2.425,0.0,2.425,0
2020-05-04,2.402,2.402,2.402,2.402,0.0,2.402,0
2020-05-05,2.389,2.389,2.389,2.389,0.0,2.389,0
2020-05-06,2.428,2.428,2.428,2.428,0.0,2.428,0
2020-05-07,2.41,2.41,2.41,2.41,0.0,2.41,0
2020-05-08,2.419,2.419,2.419,2.419,0.0,2.419,0
2020-05-11,2.395,2.395,2.395,2.395,0.0,2.395,0
2020-05-12,2.399,2.399,2.399,2.399,0.0,2.399,0
2020-05-13,2.395,2.395,2.368,2.368,16.0,2.395,1
2020-05-14,2.342,2.342,2.342,2.342,0.0,2.342,0
2020-05-15,2.383,2.383,2.383,2.383,0.0,2.383,0
2020-05-18,2.401,2.401,2.401,2.401,0.0,2.401,0
2020-05-19,2.398,2.398,2.398,2.398,0.0,2.398,0
2020-05-20,2.355,2.355,2.355,2.355,0.0,2.355,0
2020-05-21,2.346,2.346,2.346,2.346,0.0,2.346,0
2020-05-22,2.389,2.389,2.389,2.389,0.0,2.389,0
2020-05-26,2.389,2.389,2.389,2.389,0.0,2.389,0
2020-05-27,2.428,2.428,2.428,2.428,0.0,2.428,0
2020-05-28,2.42,2.42,2.42,2.42,0.0,2.42,0
2020-05-29,2.414,2.414,2.414,2.414,0.0,2.414,0
2020-06-01,2.391,2.391,2.391,2.391,0.0,2.391,0
2020-06-02,2.396,2.396,2.396,2.396,0.0,2.396,0
2020-06-03,2.383,2.383,2.383,2.383,0.0,2.383,0
2020-06-04,2.392,2.392,2.392,2.392,0.0,2.392,0
2020-06-05,2.386,2.386,2.386,2.386,0.0,2.386,0
2020-06-08,2.4,2.4,2.4,2.4,0.0,2.4,0
2020-06-09,2.408,2.408,2.408,2.408,0.0,2.408,0
2020-06-10,2.394,2.394,2.394,2.394,0.0,2.394,0
2020-06-11,2.389,2.389,2.389,2.389,0.0,2.389,0
2020-06-12,2.378,2.378,2.378,2.378,0.0,2.378,0
2020-06-15,2.405,2.405,2.405,2.405,0.0,2.405,0
2020-06-16,2.4,2.4,2.4,2.4,0.0,2.4,0
2020-06-17,2.395,2.395,2.395,2.395,0.0,2.395,0
2020-06-18,2.404,2.404,2.404,2.404,0.0,2.404,0
2020-06-19,2.387,2.387,2.387,2.387,0.0,2.387,0
2020-06-22,2.375,2.375,2.375,2.375,0.0,2.375,0
2020-06-23,2.374,2.374,2.374,2.374,0.0,2.374,0
2020-06-24,2.382,2.382,2.382,2.382,0.0,2.382,0
2020-06-25,2.4,2.4,2.4,2.4,0.0,2.4,0
2020-06-26,2.422,2.422,2.422,2.422,0.0,2.422,0
2020-06-29,2.42,2.42,2.42,2.42,0.0,2.42,0
2020-06-30,2.42,2.42,2.42,2.42,0.0,2.42,0
2020-07-01,2.433,2.433,2.433,2.433,0.0,2.433,0
2020-07-02,2.468,2.468,2.468,2.468,0.0,2.468,0
2020-07-06,2.447,2.447,2.447,2.447,0.0,2.447,0
2020-07-07,2.44,2.44,2.44,2.44,0.0,2.44,0
2020-07-08,2.468,2.468,2.468,2.468,0.0,2.468,0
2020-07-09,2.453,2.453,2.453,2.453,0.0,2.453,0
2020-07-10,2.435,2.435,2.435,2.435,0.0,2.435,0
2020-07-13,2.431,2.431,2.431,2.431,0.0,2.431,0
2020-07-14,2.43,2.43,2.43,2.43,0.0,2.43,0
2020-07-15,2.44,2.44,2.44,2.44,0.0,2.44,0
2020-07-16,2.433,2.433,2.433,2.433,0.0,2.433,0
2020-07-17,2.43,2.43,2.43,2.43,0.0,2.43,0
2020-07-20,2.421,2.421,2.421,2.421,0.0,2.421,0
2020-07-21,2.435,2.435,2.435,2.435,0.0,2.435,0
2020-07-22,2.444,2.444,2.444,2.444,0.0,2.444,0
2020-07-23,2.528,2.528,2.528,2.528,0.0,2.528,0
2020-07-24,2.567,2.567,2.567,2.567,0.0,2.567,0
2020-07-27,2.626,2.626,2.626,2.626,0.0,2.626,0
2020-07-28,2.623,2.623,2.623,2.623,0.0,2.623,0
2020-07-29,2.628,2.628,2.628,2.628,0.0,2.628,0
2020-07-30,2.636,2.636,2.636,2.636,0.0,2.636,0
2020-07-31,2.654,2.654,2.654,2.654,0.0,2.654,0
2020-08-03,2.652,2.652,2.652,2.652,0.0,2.652,0
2020-08-04,2.646,2.646,2.646,2.646,0.0,2.646,0
2020-08-05,2.669,2.669,2.669,2.669,0.0,2.669,0
2020-08-06,2.694,2.694,2.694,2.694,0.0,2.694,0
2020-08-07,2.735,2.735,2.735,2.735,0.0,2.735,0
2020-08-10,2.703,2.703,2.703,2.703,0.0,2.703,0
2020-08-11,2.618,2.618,2.618,2.618,0.0,2.618,0
2020-08-12,2.595,2.595,2.595,2.595,0.0,2.595,0
2020-08-13,2.615,2.615,2.615,2.615,0.0,2.615,0
2020-08-14,2.606,2.606,2.606,2.606,0.0,2.606,0
2020-08-17,2.606,2.606,2.606,2.606,0.0,2.606,0
2020-08-18,2.601,2.601,2.601,2.601,0.0,2.601,0
2020-08-19,2.596,2.596,2.596,2.596,0.0,2.596,0
2020-08-20,2.594,2.594,2.594,2.594,0.0,2.594,0
2020-08-21,2.589,2.589,2.589,2.589,0.0,2.589,0
2020-08-24,2.584,2.584,2.584,2.584,0.0,2.584,0
2020-08-25,2.577,2.577,2.577,2.577,0.0,2.577,0
2020-08-26,2.605,2.605,2.605,2.605,0.0,2.605,0
2020-08-27,2.614,2.614,2.614,2.614,0.0,2.614,0
2020-08-28,2.602,2.602,2.602,2.602,0.0,2.602,0
2020-08-31,2.576,2.576,2.576,2.576,0.0,2.576,0
2020-09-01,2.574,2.574,2.574,2.574,0.0,2.574,0
2020-09-02,2.568,2.568,2.568,2.568,0.0,2.568,0
2020-09-03,2.565,2.565,2.565,2.565,0.0,2.565,0
2020-09-04,2.505,2.505,2.505,2.505,0.0,2.505,0
2020-09-08,2.506,2.506,2.506,2.506,0.0,2.506,0
2020-09-09,2.492,2.492,2.492,2.492,0.0,2.492,0
2020-09-10,2.474,2.474,2.474,2.474,0.0,2.474,0
2020-09-11,2.451,2.451,2.451,2.451,0.0,2.451,0
2020-09-14,2.439,2.439,2.439,2.439,0.0,2.439,0
2020-09-15,2.446,2.446,2.446,2.446,0.0,2.446,0
2020-09-16,2.444,2.444,2.444,2.444,0.0,2.444,0
2020-09-17,2.432,2.432,2.432,2.432,0.0,2.432,0
2020-09-18,2.453,2.453,2.453,2.453,0.0,2.453,0
2020-09-21,2.424,2.424,2.424,2.424,0.0,2.424,0
2020-09-22,2.463,2.463,2.463,2.463,0.0,2.463,0
2020-09-23,2.503,2.503,2.503,2.503,0.0,2.503,0
2020-09-24,2.521,2.521,2.521,2.521,0.0,2.521,0
2020-09-25,2.533,2.533,2.533,2.533,0.0,2.533,0
2020-09-28,2.541,2.541,2.541,2.541,0.0,2.541,0
2020-09-29,2.512,2.512,2.512,2.512,0.0,2.512,0
2020-09-30,2.493,2.493,2.493,2.493,0.0,2.493,0
2020-10-01,2.473,2.473,2.473,2.473,0.0,2.473,0
2020-10-02,2.47,2.47,2.47,2.47,0.0,2.47,0
2020-10-05,2.448,2.448,2.448,2.448,0.0,2.448,0
2020-10-06,2.455,2.455,2.455,2.455,0.0,2.455,0
2020-10-07,2.478,2.478,2.478,2.478,0.0,2.478,0
2020-10-08,2.453,2.453,2.453,2.453,0.0,2.453,0
2020-10-09,2.483,2.483,2.483,2.483,0.0,2.483,0
2020-10-12,2.469,2.469,2.469,2.469,0.0,2.469,0
2020-10-13,2.449,2.449,2.449,2.449,0.0,2.449,0
2020-10-14,2.476,2.476,2.476,2.476,0.0,2.476,0
2020-10-15,2.462,2.462,2.462,2.462,0.0,2.462,0
2020-10-16,2.465,2.465,2.465,2.465,0.0,2.465,0
2020-10-19,2.508,2.508,2.508,2.508,0.0,2.508,0
2020-10-20,2.449,2.449,2.449,2.449,0.0,2.449,0
2020-10-21,2.47,2.47,2.47,2.47,0.0,2.47,0
2020-10-22,2.472,2.472,2.472,2.472,0.0,2.472,0
2020-10-23,2.441,2.441,2.441,2.441,0.0,2.441,0
2020-10-26,2.379,2.379,2.379,2.379,0.0,2.379,0
2020-10-27,2.433,2.433,2.433,2.433,0.0,2.433,0
2020-10-28,2.483,2.483,2.483,2.483,0.0,2.483,0
2020-10-29,2.495,2.495,2.495,2.495,0.0,2.495,0
2020-10-30,2.512,2.512,2.512,2.512,0.0,2.512,0
2020-11-02,2.5,2.5,2.5,2.5,0.0,2.5,0
2020-11-03,2.544,2.544,2.544,2.544,0.0,2.544,0
2020-11-04,2.541,2.541,2.541,2.541,0.0,2.541,0
2020-11-05,2.536,2.536,2.536,2.536,0.0,2.536,0
2020-11-06,2.526,2.526,2.526,2.526,0.0,2.526,0
2020-11-09,2.522,2.522,2.522,2.522,0.0,2.522,0
2020-11-10,2.532,2.532,2.532,2.532,0.0,2.532,0
2020-11-11,2.547,2.547,2.547,2.547,0.0,2.547,0
2020-11-12,2.544,2.544,2.544,2.544,0.0,2.544,0
2020-11-13,2.499,2.499,2.499,2.499,0.0,2.499,0
2020-11-16,2.496,2.496,2.496,2.496,0.0,2.496,0
2020-11-17,2.513,2.513,2.513,2.513,0.0,2.513,0
2020-11-18,2.537,2.537,2.537,2.537,0.0,2.537,0
2020-11-19,2.537,2.537,2.537,2.537,0.0,2.537,0
2020-11-20,2.53,2.53,2.53,2.53,0.0,2.53,0
2020-11-23,2.524,2.524,2.524,2.524,0.0,2.524,0
2020-11-24,2.526,2.526,2.526,2.526,0.0,2.526,0
2020-11-25,2.509,2.509,2.509,2.509,0.0,2.509,0
2020-11-27,2.505,2.505,2.505,2.505,0.0,2.505,0
2020-11-30,2.491,2.491,2.491,2.491,0.0,2.491,0
2020-12-01,2.553,2.553,2.553,2.553,0.0,2.553,0
2020-12-02,2.578,2.578,2.578,2.578,0.0,2.578,0
2020-12-03,2.55,2.55,2.55,2.55,0.0,2.55,0
2020-12-04,2.57,2.57,2.57,2.57,0.0,2.57,0
2020-12-07,2.541,2.541,2.541,2.541,0.0,2.541,0
2020-12-08,2.529,2.529,2.529,2.529,0.0,2.529,0
2020-12-09,2.539,2.539,2.539,2.539,0.0,2.539,0
2020-12-10,2.544,2.544,2.544,2.544,0.0,2.544,0
2020-12-11,2.563,2.563,2.563,2.563,0.0,2.563,0
2020-12-14,2.557,2.557,2.557,2.557,0.0,2.557,0
2020-12-15,2.542,2.542,2.542,2.542,0.0,2.542,0
2020-12-16,2.554,2.554,2.554,2.554,0.0,2.554,0
2020-12-17,2.542,2.542,2.542,2.542,0.0,2.542,0
2020-12-18,2.556,2.556,2.556,2.556,0.0,2.556,0
2020-12-21,2.527,2.527,2.527,2.527,0.0,2.527,0
2020-12-22,2.562,2.562,2.562,2.562,0.0,2.562,0
2020-12-23,2.557,2.557,2.557,2.557,0.0,2.557,0
2020-12-24,2.569,2.569,2.569,2.569,0.0,2.569,0
2020-12-28,2.488,2.488,2.488,2.488,0.0,2.488,0
2020-12-29,2.557,2.557,2.557,2.557,0.0,2.557,0
2020-12-30,2.528,2.528,2.528,2.528,0.0,2.528,0
2020-12-31,2.555,2.555,2.555,2.555,0.0,2.555,0
2021-01-04,2.563,2.563,2.563,2.563,0.0,2.563,0
2021-01-05,2.578,2.578,2.578,2.578,0.0,2.578,0
2021-01-06,2.611,2.611,2.611,2.611,0.0,2.611,0
2021-01-07,2.579,2.579,2.579,2.579,0.0,2.579,0
2021-01-08,2.563,2.563,2.563,2.563,0.0,2.563,0
2021-01-11,2.566,2.566,2.566,2.566,0.0,2.566,0
2021-01-12,2.584,2.584,2.584,2.584,0.0,2.584,0
2021-01-13,2.615,2.615,2.615,2.615,0.0,2.615,0
2021-01-14,2.563,2.563,2.563,2.563,0.0,2.563,0
2021-01-15,2.599,2.599,2.599,2.599,0.0,2.599,0
2021-01-19,2.592,2.592,2.592,2.592,0.0,2.592,0
2021-01-20,2.606,2.606,2.606,2.606,0.0,2.606,0
2021-01-21,2.611,2.611,2.611,2.611,0.0,2.611,0
2021-01-22,2.626,2.626,2.626,2.626,0.0,2.626,0
2021-01-25,2.583,2.583,2.583,2.583,0.0,2.583,0
2021-01-26,2.612,2.612,2.612,2.612,0.0,2.612,0
2021-01-27,2.627,2.627,2.627,2.627,0.0,2.627,0
2021-01-28,2.626,2.626,2.626,2.626,0.0,2.626,0
2021-01-29,2.62,2.62,2.62,2.62,0.0,2.62,0
2021-02-01,2.624,2.624,2.624,2.624,0.0,2.624,0
2021-02-02,2.62,2.62,2.62,2.62,0.0,2.62,0
2021-02-03,2.601,2.601,2.601,2.601,0.0,2.601,0
2021-02-04,2.577,2.577,2.577,2.577,0.0,2.577,0
2021-02-05,2.586,2.586,2.586,2.586,0.0,2.586,0
2021-02-08,2.606,2.606,2.606,2.606,0.0,2.606,0
2021-02-09,2.606,2.606,2.606,2.606,0.0,2.606,0
2021-02-10,2.611,2.611,2.611,2.611,0.0,2.611,0
2021-02-11,2.598,2.598,2.598,2.598,0.0,2.598,0
2021-02-12,2.592,2.592,2.592,2.592,0.0,2.592,0
2021-02-16,2.609,2.609,2.609,2.609,0.0,2.609,0
2021-02-17,2.604,2.604,2.604,2.604,0.0,2.604,0
2021-02-18,2.594,2.594,2.594,2.594,0.0,2.594,0
2021-02-19,2.59,2.59,2.59,2.59,0.0,2.59,0
2021-02-22,2.592,2.592,2.592,2.592,0.0,2.592,0
2021-02-23,2.597,2.597,2.597,2.597,0.0,2.597,0
2021-02-24,2.591,2.591,2.591,2.591,0.0,2.591,0
2021-02-25,2.54,2.54,2.54,2.54,0.0,2.54,0
2021-02-26,2.563,2.563,2.563,2.563,0.0,2.563,0
2021-03-01,2.581,2.581,2.581,2.581,0.0,2.581,0
2021-03-02,2.59,2.59,2.59,2.59,0.0,2.59,0
2021-03-03,2.565,2.565,2.565,2.565,0.0,2.565,0
2021-03-04,2.54,2.54,2.54,2.54,0.0,2.54,0
2021-03-05,2.546,2.546,2.546,2.546,0.0,2.546,0
2021-03-08,2.564,2.564,2.564,2.564,0.0,2.564,0
2021-03-09,2.571,2.571,2.571,2.571,0.0,2.571,0
2021-03-10,2.569,2.569,2.569,2.569,0.0,2.569,0
2021-03-11,2.566,2.566,2.566,2.566,0.0,2.566,0
2021-03-12,2.583,2.583,2.583,2.583,0.0,2.583,0
2021-03-15,2.556,2.556,2.556,2.556,0.0,2.556,0
2021-03-16,2.588,2.588,2.588,2.588,0.0,2.588,0
2021-03-17,2.569,2.569,2.569,2.569,0.0,2.569,0
2021-03-18,2.583,2.583,2.583,2.583,0.0,2.583,0
2021-03-19,2.589,2.589,2.589,2.589,0.0,2.589,0
2021-03-22,2.585,2.585,2.585,2.585,0.0,2.585,0
2021-03-23,2.599,2.599,2.599,2.599,0.0,2.599,0
2021-03-24,2.602,2.602,2.602,2.602,0.0,2.602,0
2021-03-25,2.602,2.602,2.602,2.602,0.0,2.602,0
2021-03-26,2.604,2.604,2.604,2.604,0.0,2.604,0
2021-03-29,2.625,2.625,2.625,2.625,0.0,2.625,0
2021-03-30,2.636,2.636,2.636,2.636,0.0,2.636,0
2021-03-31,2.642,2.642,2.642,2.642,0.0,2.642,0
2021-04-01,2.664,2.664,2.664,2.664,0.0,2.664,0
2021-04-05,2.651,2.651,2.651,2.651,0.0,2.651,0
2021-04-06,2.656,2.656,2.656,2.656,0.0,2.656,0
2021-04-07,2.659,2.659,2.659,2.659,0.0,2.659,0
2021-04-08,2.659,2.659,2.659,2.659,0.0,2.659,0
2021-04-09,2.693,2.693,2.693,2.693,0.0,2.693,0
2021-04-12,2.702,2.702,2.702,2.702,0.0,2.702,0
2021-04-13,2.685,2.685,2.685,2.685,0.0,2.685,0
2021-04-14,2.694,2.694,2.694,2.694,0.0,2.694,0
2021-04-15,2.698,2.698,2.698,2.698,0.0,2.698,0
2021-04-16,2.711,2.711,2.711,2.711,0.0,2.711,0
2021-04-19,2.705,2.705,2.705,2.705,0.0,2.705,0
2021-04-20,2.657,2.657,2.657,2.657,0.0,2.657,0
2021-04-21,2.648,2.648,2.648,2.648,0.0,2.648,0
2021-04-22,2.629,2.629,2.629,2.629,0.0,2.629,0
2021-04-23,2.637,2.637,2.637,2.637,0.0,2.637,0
2021-04-26,2.633,2.633,2.623,2.623,6.0,2.633,1
2021-04-27,2.622,2.622,2.622,2.622,0.0,2.622,0
2021-04-28,2.634,2.634,2.634,2.634,0.0,2.634,0
2021-04-29,2.636,2.636,2.636,2.636,0.0,2.636,0
2021-04-30,2.651,2.651,2.651,2.651,0.0,2.651,0
2021-05-03,2.654,2.654,2.654,2.654,0.0,2.654,0
2021-05-04,2.663,2.663,2.663,2.663,0.0,2.663,0
2021-05-05,2.665,2.665,2.665,2.665,0.0,2.665,0
2021-05-06,2.655,2.655,2.655,2.655,0.0,2.655,0
2021-05-07,2.662,2.662,2.662,2.662,0.0,2.662,0
2021-05-10,2.665,2.665,2.665,2.665,0.0,2.665,0
2021-05-11,2.662,2.662,2.662,2.662,0.0,2.662,0
2021-05-12,2.661,2.661,2.661,2.661,0.0,2.661,0
2021-05-13,2.651,2.651,2.651,2.651,0.0,2.651,0
2021-05-14,2.657,2.657,2.657,2.657,0.0,2.657,0
2021-05-17,2.661,2.661,2.661,2.661,0.0,2.661,0
2021-05-18,2.63,2.63,2.63,2.63,0.0,2.63,0
2021-05-19,2.634,2.634,2.634,2.634,0.0,2.634,0
2021-05-20,2.639,2.639,2.639,2.639,0.0,2.639,0
2021-05-21,2.651,2.651,2.651,2.651,0.0,2.651,0
2021-05-24,2.645,2.645,2.645,2.645,0.0,2.645,0
2021-05-25,2.656,2.656,2.656,2.656,0.0,2.656,0
2021-05-26,2.635,2.635,2.635,2.635,0.0,2.635,0
2021-05-27,2.632,2.632,2.632,2.632,0.0,2.632,0
2021-05-28,2.642,2.642,2.642,2.642,0.0,2.642,0
2021-06-01,2.634,2.634,2.634,2.634,0.0,2.634,0
2021-06-02,2.644,2.644,2.644,2.644,0.0,2.644,0
2021-06-03,2.631,2.631,2.631,2.631,0.0,2.631,0
2021-06-04,2.682,2.682,2.682,2.682,0.0,2.682,0
2021-06-07,2.653,2.653,2.653,2.653,0.0,2.653,0
2021-06-08,2.634,2.634,2.634,2.634,0.0,2.634,0
2021-06-09,2.641,2.641,2.641,2.641,0.0,2.641,0
2021-06-10,2.63,2.63,2.63,2.63,0.0,2.63,0
2021-06-11,2.629,2.629,2.629,2.629,0.0,2.629,0
2021-06-14,2.638,2.638,2.638,2.638,0.0,2.638,0
2021-06-15,2.623,2.623,2.623,2.623,0.0,2.623,0
2021-06-16,2.676,2.676,2.676,2.676,0.0,2.676,0
2021-06-17,2.681,2.681,2.681,2.681,0.0,2.681,0
2021-06-18,2.69,2.69,2.69,2.69,0.0,2.69,0
2021-06-21,2.687,2.687,2.687,2.687,0.0,2.687,0
2021-06-22,2.687,2.687,2.687,2.687,0.0,2.687,0
2021-06-23,2.688,2.688,2.688,2.688,0.0,2.688,0
2021-06-24,2.676,2.676,2.676,2.676,0.0,2.676,0
2021-06-25,2.732,2.732,2.732,2.732,0.0,2.732,0
2021-06-28,2.742,2.742,2.742,2.742,0.0,2.742,0
2021-06-29,2.77,2.77,2.77,2.77,0.0,2.77,0
2021-06-30,2.766,2.766,2.766,2.766,0.0,2.766,0
2021-07-01,2.754,2.754,2.754,2.754,0.0,2.754,0
2021-07-02,2.746,2.746,2.746,2.746,0.0,2.746,0
2021-07-06,2.738,2.738,2.738,2.738,0.0,2.738,0
2021-07-07,2.75,2.75,2.75,2.75,0.0,2.75,0
2021-07-08,2.762,2.762,2.762,2.762,0.0,2.762,0
2021-07-09,2.768,2.768,2.768,2.768,0.0,2.768,0
2021-07-12,2.773,2.773,2.773,2.773,0.0,2.773,0
2021-07-13,2.772,2.772,2.772,2.772,0.0,2.772,0
2021-07-14,2.765,2.765,2.765,2.765,0.0,2.765,0
2021-07-15,2.773,2.773,2.773,2.773,0.0,2.773,0
2021-07-16,2.779,2.779,2.779,2.779,0.0,2.779,0
2021-07-19,2.789,2.789,2.789,2.789,0.0,2.789,0
2021-07-20,2.796,2.796,2.796,2.796,0.0,2.796,0
2021-07-21,2.791,2.791,2.791,2.791,0.0,2.791,0
2021-07-22,2.793,2.793,2.793,2.793,0.0,2.793,0
2021-07-23,2.799,2.799,2.799,2.799,0.0,2.799,0
2021-07-26,2.807,2.807,2.807,2.807,0.0,2.807,0
2021-07-27,2.777,2.777,2.777,2.777,0.0,2.777,0
2021-07-28,2.769,2.769,2.769,2.769,0.0,2.769,0
2021-07-29,2.744,2.744,2.744,2.744,0.0,2.744,0
2021-07-30,2.764,2.764,2.764,2.764,0.0,2.764,0
2021-08-02,2.778,2.778,2.778,2.778,0.0,2.778,0
2021-08-03,2.77,2.77,2.77,2.77,0.0,2.77,0
2021-08-04,2.78,2.78,2.78,2.78,0.0,2.78,0
2021-08-05,2.745,2.745,2.745,2.745,0.0,2.745,0
2021-08-06,2.754,2.754,2.754,2.754,0.0,2.754,0
2021-08-09,2.77,2.77,2.77,2.77,0.0,2.77,0
2021-08-10,2.767,2.767,2.767,2.767,0.0,2.767,0
2021-08-11,2.782,2.782,2.782,2.782,0.0,2.782,0
2021-08-12,2.863,2.863,2.863,2.863,0.0,2.863,0
2021-08-13,2.83,2.83,2.83,2.83,0.0,2.83,0
2021-08-16,2.842,2.842,2.842,2.842,0.0,2.842,0
2021-08-17,2.855,2.855,2.855,2.855,0.0,2.855,0
2021-08-18,2.853,2.853,2.853,2.853,0.0,2.853,0
2021-08-19,2.864,2.864,2.864,2.864,0.0,2.864,0
2021-08-20,2.863,2.863,2.863,2.863,0.0,2.863,0
2021-08-23,2.865,2.865,2.865,2.865,0.0,2.865,0
2021-08-24,2.861,2.861,2.861,2.861,0.0,2.861,0
2021-08-25,2.878,2.878,2.878,2.878,0.0,2.878,0
2021-08-26,2.909,2.909,2.909,2.909,0.0,2.909,0
2021-08-27,2.911,2.911,2.911,2.911,0.0,2.911,0
2021-08-30,2.914,2.914,2.914,2.914,0.0,2.914,0
2021-08-31,2.903,2.903,2.903,2.903,0.0,2.903,0
2021-09-01,2.912,2.912,2.912,2.912,0.0,2.912,0
2021-09-02,2.912,2.912,2.912,2.912,0.0,2.912,0
2021-09-03,2.912,2.916,2.912,2.916,1.0,2.912,1
2021-09-07,2.955,2.955,2.955,2.955,0.0,2.955,0
2021-09-08,3.007,3.007,3.007,3.007,0.0,3.007,0
2021-09-09,3.087,3.087,3.087,3.087,0.0,3.087,0
2021-09-10,3.069,3.069,3.069,3.069,0.0,3.069,0
2021-09-13,3.084,3.084,3.084,3.084,0.0,3.084,0
2021-09-14,3.078,3.078,3.078,3.078,0.0,3.078,0
2021-09-15,3.029,3.029,3.029,3.029,0.0,3.029,0
2021-09-16,3.032,3.032,3.032,3.032,0.0,3.032,0
2021-09-17,3.025,3.025,3.025,3.025,0.0,3.025,0
2021-09-20,3.061,3.061,3.061,3.061,0.0,3.061,0
2021-09-21,3.078,3.078,3.078,3.078,0.0,3.078,0
2021-09-22,3.095,3.095,3.095,3.095,0.0,3.095,0
2021-09-23,3.102,3.102,3.102,3.102,0.0,3.102,0
2021-09-24,3.067,3.067,3.067,3.067,0.0,3.067,0
2021-09-27,3.08,3.08,3.08,3.08,0.0,3.08,0
2021-09-28,3.003,3.003,3.003,3.003,0.0,3.003,0
2021-09-29,3.014,3.014,3.014,3.014,0.0,3.014,0
2021-09-30,3.021,3.021,3.021,3.021,0.0,3.021,0
2021-10-01,3.011,3.011,3.011,3.011,0.0,3.011,0
2021-10-04,3.02,3.02,3.02,3.02,0.0,3.02,0
2021-10-05,3.035,3.035,3.035,3.035,0.0,3.035,0
2021-10-06,3.073,3.073,3.073,3.073,0.0,3.073,0
2021-10-07,3.073,3.073,3.073,3.073,0.0,3.073,0
2021-10-08,3.114,3.114,3.114,3.114,0.0,3.114,0
2021-10-11,3.1,3.1,3.1,3.1,0.0,3.1,0
2021-10-12,3.085,3.085,3.085,3.085,0.0,3.085,0
2021-10-13,3.09,3.09,3.09,3.09,0.0,3.09,0
2021-10-14,3.125,3.125,3.125,3.125,0.0,3.125,0
2021-10-15,3.134,3.134,3.134,3.134,0.0,3.134,0
2021-10-18,3.14,3.14,3.14,3.14,0.0,3.14,0
2021-10-19,3.129,3.129,3.129,3.129,0.0,3.129,0
2021-10-20,3.132,3.132,3.132,3.132,0.0,3.132,0
2021-10-21,3.145,3.145,3.145,3.145,0.0,3.145,0
2021-10-22,3.15,3.15,3.15,3.15,0.0,3.15,0
2021-10-25,3.193,3.193,3.193,3.193,0.0,3.193,0
2021-10-26,3.171,3.171,3.171,3.171,0.0,3.171,0
2021-10-27,3.108,3.108,3.108,3.108,0.0,3.108,0
2021-10-28,3.109,3.109,3.109,3.109,0.0,3.109,0
2021-10-29,3.06,3.06,3.06,3.06,0.0,3.06,0
2021-11-01,2.955,2.955,2.955,2.955,0.0,2.955,0
2021-11-02,3.016,3.016,3.016,3.016,0.0,3.016,0
2021-11-03,3.01,3.01,3.01,3.01,0.0,3.01,0
2021-11-04,3.034,3.034,3.034,3.034,0.0,3.034,0
2021-11-05,3.022,3.022,3.022,3.022,0.0,3.022,0
2021-11-08,3.085,3.085,3.085,3.085,0.0,3.085,0
2021-11-09,3.081,3.081,3.081,3.081,0.0,3.081,0
2021-11-10,3.107,3.107,3.107,3.107,0.0,3.107,0
2021-11-11,3.124,3.124,3.124,3.124,0.0,3.124,0
2021-11-12,3.075,3.075,3.075,3.075,0.0,3.075,0
2021-11-15,3.088,3.088,3.088,3.088,0.0,3.088,0
2021-11-16,3.159,3.159,3.159,3.159,0.0,3.159,0
2021-11-17,3.09,3.09,3.09,3.09,0.0,3.09,0
2021-11-18,3.078,3.078,3.078,3.078,0.0,3.078,0
2021-11-19,3.052,3.052,3.052,3.052,0.0,3.052,0
2021-11-22,3.034,3.034,3.034,3.034,0.0,3.034,0
2021-11-23,3.081,3.081,3.081,3.081,0.0,3.081,0
2021-11-24,3.079,3.079,3.079,3.079,0.0,3.079,0
2021-11-26,3.118,3.118,3.118,3.118,0.0,3.118,0
2021-11-29,3.11,3.11,3.11,3.11,0.0,3.11,0
2021-11-30,3.083,3.083,3.083,3.083,0.0,3.083,0
2021-12-01,3.091,3.091,3.091,3.091,0.0,3.091,0
2021-12-02,3.095,3.095,3.095,3.095,0.0,3.095,0
2021-12-03,3.105,3.105,3.105,3.105,0.0,3.105,0
2021-12-06,3.077,3.077,3.077,3.077,0.0,3.077,0
2021-12-07,3.081,3.081,3.081,3.081,0.0,3.081,0
2021-12-08,3.04,3.04,3.04,3.04,0.0,3.04,0
2021-12-09,3.079,3.079,3.079,3.079,0.0,3.079,0
2021-12-10,3.113,3.113,3.113,3.113,0.0,3.113,0
2021-12-13,3.017,3.017,3.017,3.017,0.0,3.017,0
2021-12-14,3.055,3.055,3.055,3.055,0.0,3.055,0
2021-12-15,3.061,3.061,3.061,3.061,0.0,3.061,0
2021-12-16,3.078,3.078,3.078,3.078,0.0,3.078,0
2021-12-17,3.091,3.091,3.091,3.091,0.0,3.091,0
2021-12-20,3.106,3.106,3.106,3.106,0.0,3.106,0
2021-12-21,3.09,3.09,3.09,3.09,0.0,3.09,0
2021-12-22,3.091,3.091,3.091,3.091,0.0,3.091,0
2021-12-23,3.054,3.054,3.054,3.054,0.0,3.054,0
2021-12-27,3.04,3.04,3.04,3.04,0.0,3.04,0
2021-12-28,3.056,3.056,3.056,3.056,0.0,3.056,0
2021-12-29,3.078,3.078,3.078,3.078,0.0,3.078,0
2021-12-30,3.066,3.066,3.066,3.066,0.0,3.066,0
2021-12-31,3.051,3.051,3.051,3.051,0.0,3.051,0
2022-01-03,3.063,3.063,3.063,3.063,0.0,3.063,0
2022-01-04,3.062,3.062,3.062,3.062,0.0,3.062,0
2022-01-05,3.066,3.066,3.066,3.066,0.0,3.066,0
2022-01-06,3.08,3.08,3.08,3.08,0.0,3.08,0
2022-01-07,3.113,3.113,3.113,3.113,0.0,3.113,0
2022-01-10,3.118,3.118,3.118,3.118,0.0,3.118,0
2022-01-11,3.107,3.107,3.107,3.107,0.0,3.107,0
2022-01-12,3.082,3.082,3.082,3.082,0.0,3.082,0
2022-01-13,3.085,3.085,3.085,3.085,0.0,3.085,0
2022-01-14,3.061,3.061,3.061,3.061,0.0,3.061,0
2022-01-18,3.08,3.08,3.08,3.08,0.0,3.08,0
2022-01-19,3.127,3.127,3.127,3.127,0.0,3.127,0
2022-01-20,3.13,3.13,3.13,3.13,0.0,3.13,0
2022-01-21,3.118,3.118,3.118,3.118,0.0,3.118,0
2022-01-24,3.107,3.107,3.107,3.107,0.0,3.107,0
2022-01-25,3.127,3.127,3.127,3.127,0.0,3.127,0
2022-01-26,3.128,3.128,3.128,3.128,0.0,3.128,0
2022-01-27,3.113,3.113,3.113,3.113,0.0,3.113,0
2022-01-28,3.106,3.106,3.106,3.106,0.0,3.106,0
2022-01-31,3.105,3.105,3.105,3.105,0.0,3.105,0
2022-02-01,3.09,3.09,3.09,3.09,0.0,3.09,0
2022-02-02,3.109,3.109,3.109,3.109,0.0,3.109,0
2022-02-03,3.1,3.1,3.1,3.1,0.0,3.1,0
2022-02-04,3.145,3.145,3.145,3.145,0.0,3.145,0
2022-02-07,3.161,3.161,3.161,3.161,0.0,3.161,0
2022-02-08,3.153,3.153,3.153,3.153,0.0,3.153,0
2022-02-09,3.148,3.148,3.148,3.148,0.0,3.148,0
2022-02-10,3.153,3.153,3.153,3.153,0.0,3.153,0
2022-02-11,3.193,3.193,3.193,3.193,0.0,3.193,0
2022-02-14,3.234,3.234,3.234,3.234,0.0,3.234,0
2022-02-15,3.222,3.222,3.222,3.222,0.0,3.222,0
2022-02-16,3.251,3.251,3.251,3.251,0.0,3.251,0
2022-02-17,3.233,3.233,3.233,3.233,0.0,3.233,0
2022-02-18,3.233,3.233,3.233,3.233,0.0,3.233,0
2022-02-22,3.278,3.278,3.278,3.278,0.0,3.278,0
2022-02-23,3.364,3.364,3.364,3.364,0.0,3.364,0
2022-02-24,3.37,3.37,3.37,3.37,0.0,3.37,0
2022-02-25,3.262,3.262,3.262,3.262,0.0,3.262,0
2022-02-28,3.339,3.339,3.339,3.339,0.0,3.339,0
2022-03-01,3.41,3.41,3.41,3.41,0.0,3.41,0
2022-03-02,3.467,3.467,3.467,3.467,0.0,3.467,0
2022-03-03,3.45,3.45,3.45,3.45,0.0,3.45,0
2022-03-04,3.503,3.503,3.503,3.503,0.0,3.503,0
2022-03-07,3.559,3.559,3.559,3.559,0.0,3.559,0
2022-03-08,3.569,3.569,3.569,3.569,0.0,3.569,0
2022-03-09,3.524,3.524,3.524,3.524,0.0,3.524,0
2022-03-10,3.492,3.492,3.492,3.492,0.0,3.492,0
2022-03-11,3.511,3.511,3.511,3.511,0.0,3.511,0
2022-03-14,3.554,3.554,3.554,3.554,0.0,3.554,0
2022-03-15,3.548,3.548,3.548,3.548,0.0,3.548,0
2022-03-16,3.544,3.544,3.544,3.544,0.0,3.544,0
2022-03-17,3.561,3.561,3.561,3.561,0.0,3.561,0
2022-03-18,3.513,3.513,3.513,3.513,0.0,3.513,0
2022-03-21,3.494,3.494,3.494,3.494,0.0,3.494,0
2022-03-22,3.505,3.505,3.505,3.505,0.0,3.505,0
2022-03-23,3.516,3.516,3.516,3.516,0.0,3.516,0
2022-03-24,3.542,3.542,3.542,3.542,0.0,3.542,0
2022-03-25,3.611,3.611,3.611,3.611,0.0,3.611,0
2022-03-28,3.701,3.701,3.701,3.701,0.0,3.701,0
2022-03-29,3.715,3.715,3.715,3.715,0.0,3.715,0
2022-03-30,3.827,3.827,3.827,3.827,0.0,3.827,0
2022-03-31,3.91,3.91,3.91,3.91,0.0,3.91,0
2022-04-01,3.967,3.967,3.967,3.967,0.0,3.967,0
2022-04-04,4.034,4.034,4.034,4.034,0.0,4.034,0
2022-04-05,4.113,4.113,4.113,4.113,0.0,4.113,0
2022-04-06,4.165,4.165,4.165,4.165,0.0,4.165,0
2022-04-07,4.135,4.135,4.135,4.135,0.0,4.135,0
2022-04-08,4.123,4.123,4.123,4.123,0.0,4.123,0
2022-04-11,4.172,4.172,4.172,4.172,0.0,4.172,0
2022-04-12,4.194,4.194,4.194,4.194,0.0,4.194,0
2022-04-13,4.202,4.202,4.202,4.202,0.0,4.202,0
2022-04-14,4.224,4.224,4.224,4.224,0.0,4.224,0
2022-04-18,4.259,4.259,4.259,4.259,0.0,4.259,0
2022-04-19,4.247,4.247,4.247,4.247,0.0,4.247,0
2022-04-20,4.193,4.193,4.193,4.193,0.0,4.193,0
2022-04-21,4.151,4.151,4.151,4.151,0.0,4.151,0
2022-04-22,3.978,3.978,3.978,3.978,0.0,3.978,0
2022-04-25,3.968,3.968,3.968,3.968,0.0,3.968,0
2022-04-26,4.033,4.033,4.033,4.033,0.0,4.033,0
2022-04-27,4.008,4.008,4.008,4.008,0.0,4.008,0
2022-04-28,4.004,4.004,4.004,4.004,0.0,4.004,0
2022-04-29,3.997,3.997,3.997,3.997,0.0,3.997,0
2022-05-02,4.082,4.082,4.082,4.082,0.0,4.082,0
2022-05-03,4.142,4.142,4.142,4.142,0.0,4.142,0
2022-05-04,4.192,4.192,4.192,4.192,0.0,4.192,0
2022-05-05,4.225,4.225,4.225,4.225,0.0,4.225,0
2022-05-06,4.172,4.172,4.172,4.172,0.0,4.172,0
2022-05-09,4.068,4.068,4.068,4.068,0.0,4.068,0
2022-05-10,4.095,4.095,4.095,4.095,0.0,4.095,0
2022-05-11,4.154,4.154,4.154,4.154,0.0,4.154,0
2022-05-12,4.164,4.164,4.164,4.164,0.0,4.164,0
2022-05-13,4.213,4.213,4.213,4.213,0.0,4.213,0
2022-05-16,4.263,4.263,4.263,4.263,0.0,4.263,0
2022-05-17,4.25,4.25,4.25,4.25,0.0,4.25,0
2022-05-18,4.296,4.296,4.296,4.296,0.0,4.296,0
2022-05-19,4.235,4.235,4.235,4.235,0.0,4.235,0
2022-05-20,4.244,4.244,4.244,4.244,0.0,4.244,0
2022-05-23,4.285,4.285,4.285,4.285,0.0,4.285,0
2022-05-24,4.264,4.264,4.264,4.264,0.0,4.264,0
2022-05-25,4.304,4.304,4.304,4.304,0.0,4.304,0
2022-05-26,4.358,4.358,4.358,4.358,0.0,4.358,0
2022-05-27,4.382,4.382,4.382,4.382,0.0,4.382,0
2022-05-31,4.328,4.328,4.328,4.328,0.0,4.328,0
2022-06-01,4.502,4.502,4.502,4.502,0.0,4.502,0
2022-06-02,4.503,4.503,4.503,4.503,0.0,4.503,0
2022-06-03,4.57,4.57,4.57,4.57,0.0,4.57,0
2022-06-06,4.669,4.669,4.669,4.669,0.0,4.669,0
2022-06-07,4.704,4.704,4.704,4.704,0.0,4.704,0
2022-06-08,4.774,4.774,4.774,4.774,0.0,4.774,0
2022-06-09,4.865,4.865,4.865,4.865,0.0,4.865,0
2022-06-10,4.917,4.917,4.917,4.917,0.0,4.917,0
2022-06-13,4.86,4.86,4.86,4.86,0.0,4.86,0
2022-06-14,4.782,4.782,4.782,4.782,0.0,4.782,0
2022-06-15,4.822,4.822,4.822,4.822,0.0,4.822,0
2022-06-16,4.806,4.806,4.806,4.806,0.0,4.806,0
2022-06-17,4.687,4.687,4.687,4.687,0.0,4.687,0
2022-06-21,4.674,4.674,4.674,4.674,0.0,4.674,0
2022-06-22,4.703,4.703,4.703,4.703,0.0,4.703,0
2022-06-23,4.681,4.681,4.681,4.681,0.0,4.681,0
2022-06-24,4.497,4.497,4.497,4.497,0.0,4.497,0
2022-06-27,4.539,4.539,4.539,4.539,0.0,4.539,0
2022-06-28,4.509,4.509,4.509,4.509,0.0,4.509,0
2022-06-29,4.521,4.521,4.521,4.521,0.0,4.521,0
2022-06-30,4.266,4.266,4.266,4.266,0.0,4.266,0
2022-07-01,4.304,4.304,4.304,4.304,0.0,4.304,0
2022-07-04,4.304,4.304,4.304,4.304,0.0,4.304,0
2022-07-05,4.154,4.154,4.154,4.154,0.0,4.154,0
2022-07-06,4.246,4.246,4.246,4.246,0.0,4.246,0
2022-07-07,4.34,4.34,4.34,4.34,0.0,4.34,0
2022-07-08,4.339,4.339,4.339,4.339,0.0,4.339,0
2022-07-11,4.373,4.373,4.373,4.373,0.0,4.373,0
2022-07-12,4.284,4.284,4.284,4.284,0.0,4.284,0
2022-07-13,4.371,4.371,4.371,4.371,0.0,4.371,0
2022-07-14,4.293,4.293,4.293,4.293,0.0,4.293,0
2022-07-15,4.367,4.367,4.367,4.367,0.0,4.367,0
2022-07-18,4.322,4.322,4.322,4.322,0.0,4.322,0
2022-07-19,4.328,4.328,4.328,4.328,0.0,4.328,0
2022-07-20,4.471,4.471,4.471,4.471,0.0,4.471,0
2022-07-21,4.376,4.376,4.376,4.376,0.0,4.376,0
2022-07-22,4.38,4.38,4.38,4.38,0.0,4.38,0
2022-07-25,4.436,4.436,4.436,4.436,0.0,4.436,0
2022-07-26,4.463,4.463,4.463,4.463,0.0,4.463,0
2022-07-27,4.461,4.461,4.461,4.461,0.0,4.461,0
2022-07-28,4.437,4.437,4.437,4.437,0.0,4.437,0
2022-07-29,4.432,4.432,4.432,4.432,0.0,4.432,0
2022-08-01,4.415,4.415,4.415,4.415,0.0,4.415,0
2022-08-02,4.417,4.417,4.417,4.417,0.0,4.417,0
2022-08-03,4.438,4.438,4.438,4.438,0.0,4.438,0
2022-08-04,4.419,4.419,4.419,4.419,0.0,4.419,0
2022-08-05,4.418,4.418,4.418,4.418,0.0,4.418,0
2022-08-08,4.38,4.38,4.38,4.38,0.0,4.38,0
2022-08-09,4.428,4.428,4.428,4.428,0.0,4.428,0
2022-08-10,4.458,4.458,4.458,4.458,0.0,4.458,0
2022-08-11,4.557,4.557,4.557,4.557,0.0,4.557,0
2022-08-12,4.545,4.545,4.545,4.545,0.0,4.545,0
2022-08-15,4.636,4.636,4.636,4.636,0.0,4.636,0
2022-08-16,4.675,4.675,4.675,4.675,0.0,4.675,0
2022-08-17,4.644,4.644,4.644,4.644,0.0,4.644,0
2022-08-18,4.65,4.65,4.65,4.65,0.0,4.65,0
2022-08-19,4.666,4.666,4.666,4.666,0.0,4.666,0
2022-08-22,4.725,4.725,4.725,4.725,0.0,4.725,0
2022-08-23,4.732,4.732,4.732,4.732,0.0,4.732,0
2022-08-24,4.741,4.741,4.741,4.741,0.0,4.741,0
2022-08-25,4.803,4.803,4.803,4.803,0.0,4.803,0
2022-08-26,4.827,4.827,4.827,4.827,0.0,4.827,0
2022-08-29,4.84,4.84,4.84,4.84,0.0,4.84,0
2022-08-30,4.847,4.847,4.847,4.847,0.0,4.847,0
2022-08-31,4.901,4.901,4.901,4.901,0.0,4.901,0
2022-09-01,4.969,4.969,4.969,4.969,0.0,4.969,0
2022-09-02,5.034,5.034,5.034,5.034,0.0,5.034,0
2022-09-05,5.034,5.034,5.034,5.034,0.0,5.034,0
2022-09-06,5.015,5.015,5.015,5.015,0.0,5.015,0
2022-09-07,4.942,4.942,4.942,4.942,0.0,4.942,0
2022-09-08,4.873,4.873,4.873,4.873,0.0,4.873,0
2022-09-09,4.924,4.924,4.924,4.924,0.0,4.924,0
2022-09-12,4.926,4.926,4.926,4.926,0.0,4.926,0
2022-09-13,4.955,4.955,4.955,4.955,0.0,4.955,0
2022-09-14,5.0,5.0,5.0,5.0,0.0,5.0,0
2022-09-15,4.954,4.954,4.954,4.954,0.0,4.954,0
2022-09-16,4.876,4.876,4.876,4.876,0.0,4.876,0
2022-09-19,4.842,4.842,4.842,4.842,0.0,4.842,0
2022-09-20,4.819,4.819,4.819,4.819,0.0,4.819,0
2022-09-21,4.692,4.692,4.692,4.692,0.0,4.692,0
2022-09-22,4.579,4.579,4.579,4.579,0.0,4.579,0
2022-09-23,4.582,4.582,4.582,4.582,0.0,4.582,0
2022-09-26,4.52,4.52,4.52,4.52,0.0,4.52,0
2022-09-27,4.504,4.504,4.504,4.504,0.0,4.504,0
2022-09-28,4.508,4.508,4.508,4.508,0.0,4.508,0
2022-09-29,4.493,4.493,4.493,4.493,0.0,4.493,0
2022-09-30,4.499,4.499,4.499,4.499,0.0,4.499,0
2022-10-03,4.449,4.449,4.449,4.449,0.0,4.449,0
2022-10-04,4.493,4.493,4.493,4.493,0.0,4.493,0
2022-10-05,4.46,4.46,4.46,4.46,0.0,4.46,0
2022-10-06,4.487,4.487,4.487,4.487,0.0,4.487,0
2022-10-07,4.539,4.539,4.539,4.539,0.0,4.539,0
2022-10-10,4.546,4.546,4.546,4.546,0.0,4.546,0
2022-10-11,4.584,4.584,4.584,4.584,0.0,4.584,0
2022-10-12,4.537,4.537,4.537,4.537,0.0,4.537,0
2022-10-13,4.53,4.53,4.53,4.53,0.0,4.53,0
2022-10-14,4.552,4.552,4.552,4.552,0.0,4.552,0
2022-10-17,4.535,4.535,4.535,4.535,0.0,4.535,0
2022-10-18,4.5,4.5,4.5,4.5,0.0,4.5,0
2022-10-19,4.475,4.475,4.475,4.475,0.0,4.475,0
2022-10-20,4.465,4.465,4.465,4.465,0.0,4.465,0
2022-10-21,4.425,4.425,4.425,4.425,0.0,4.425,0
2022-10-24,4.466,4.466,4.466,4.466,0.0,4.466,0
2022-10-25,4.471,4.471,4.471,4.471,0.0,4.471,0
2022-10-26,4.507,4.507,4.507,4.507,0.0,4.507,0
2022-10-27,4.5,4.5,4.5,4.5,0.0,4.5,0
2022-10-28,4.496,4.496,4.496,4.496,0.0,4.496,0
2022-10-31,4.515,4.515,4.515,4.515,0.0,4.515,0
2022-11-01,4.48,4.48,4.48,4.48,0.0,4.48,0
2022-11-02,4.519,4.519,4.519,4.519,0.0,4.519,0
2022-11-03,4.538,4.538,4.538,4.538,0.0,4.538,0
2022-11-04,4.637,4.637,4.637,4.637,0.0,4.637,0
2022-11-07,4.674,4.674,4.674,4.674,0.0,4.674,0
2022-11-08,4.634,4.634,4.634,4.634,0.0,4.634,0
2022-11-09,4.648,4.648,4.648,4.648,0.0,4.648,0
2022-11-10,4.648,4.648,4.648,4.648,0.0,4.648,0
2022-11-11,4.66,4.66,4.66,4.66,0.0,4.66,0
2022-11-14,4.629,4.629,4.629,4.629,0.0,4.629,0
2022-11-15,4.664,4.664,4.664,4.664,0.0,4.664,0
2022-11-16,4.683,4.683,4.683,4.683,0.0,4.683,0
2022-11-17,4.699,4.699,4.699,4.699,0.0,4.699,0
2022-11-18,4.703,4.703,4.703,4.703,0.0,4.703,0
2022-11-21,4.658,4.658,4.658,4.658,0.0,4.658,0
2022-11-22,4.663,4.663,4.663,4.663,0.0,4.663,0
2022-11-23,4.655,4.655,4.655,4.655,0.0,4.655,0
2022-11-24,4.655,4.655,4.655,4.655,0.0,4.655,0
2022-11-25,4.649,4.649,4.649,4.649,0.0,4.649,0
2022-11-28,4.582,4.582,4.582,4.582,0.0,4.582,0
2022-11-29,4.619,4.619,4.619,4.619,0.0,4.619,0
2022-11-30,4.633,4.633,4.633,4.633,0.0,4.633,0
2022-12-01,4.638,4.638,4.638,4.638,0.0,4.638,0
2022-12-02,4.625,4.625,4.625,4.625,0.0,4.625,0
2022-12-05,4.621,4.621,4.621,4.621,0.0,4.621,0
2022-12-06,4.634,4.634,4.634,4.634,0.0,4.634,0
2022-12-07,4.639,4.639,4.639,4.639,0.0,4.639,0
2022-12-08,4.674,4.674,4.674,4.674,0.0,4.674,0
2022-12-09,4.678,4.678,4.678,4.678,0.0,4.678,0
2022-12-12,4.709,4.709,4.709,4.709,0.0,4.709,0
2022-12-13,4.697,4.697,4.697,4.697,0.0,4.697,0
2022-12-14,4.695,4.695,4.695,4.695,0.0,4.695,0
2022-12-15,4.718,4.718,4.718,4.718,0.0,4.718,0
2022-12-16,4.751,4.751,4.751,4.751,0.0,4.751,0
2022-12-19,4.791,4.791,4.791,4.791,0.0,4.791,0
2022-12-20,4.786,4.786,4.786,4.786,0.0,4.786,0
2022-12-21,4.684,4.684,4.684,4.684,0.0,4.684,0
2022-12-22,4.601,4.601,4.601,4.601,0.0,4.601,0
2022-12-23,4.599,4.599,4.599,4.599,0.0,4.599,0
2022-12-27,4.685,4.685,4.685,4.685,0.0,4.685,0
2022-12-28,4.607,4.607,4.607,4.607,0.0,4.607,0
2022-12-29,4.585,4.585,4.585,4.585,0.0,4.585,0
2022-12-30,4.6,4.6,4.6,4.6,0.0,4.6,0
2023-01-03,4.546,4.546,4.546,4.546,0.0,4.546,0
2023-01-04,4.549,4.549,4.549,4.549,0.0,4.549,0
2023-01-05,4.441,4.441,4.441,4.441,0.0,4.441,0
2023-01-06,4.385,4.385,4.385,4.385,0.0,4.385,0
2023-01-09,4.393,4.393,4.393,4.393,0.0,4.393,0
2023-01-10,4.417,4.417,4.417,4.417,0.0,4.417,0
2023-01-11,4.383,4.383,4.383,4.383,0.0,4.383,0
2023-01-12,4.382,4.382,4.382,4.382,0.0,4.382,0
2023-01-13,4.391,4.391,4.391,4.391,0.0,4.391,0
2023-01-16,4.391,4.391,4.391,4.391,0.0,4.391,0
2023-01-17,4.407,4.407,4.407,4.407,0.0,4.407,0
2023-01-18,4.405,4.405,4.405,4.405,0.0,4.405,0
2023-01-19,4.445,4.445,4.445,4.445,0.0,4.445,0
2023-01-20,4.459,4.459,4.459,4.459,0.0,4.459,0
2023-01-23,4.474,4.474,4.474,4.474,0.0,4.474,0
2023-01-24,4.443,4.443,4.443,4.443,0.0,4.443,0
2023-01-25,4.386,4.386,4.386,4.386,0.0,4.386,0
2023-01-26,4.397,4.397,4.397,4.397,0.0,4.397,0
2023-01-27,4.388,4.388,4.388,4.388,0.0,4.388,0
2023-01-30,4.309,4.309,4.309,4.309,0.0,4.309,0
2023-01-31,4.32,4.32,4.32,4.32,0.0,4.32,0
2023-02-01,4.214,4.214,4.214,4.214,0.0,4.214,0
2023-02-02,4.194,4.194,4.194,4.194,0.0,4.194,0
2023-02-03,4.161,4.161,4.161,4.161,0.0,4.161,0
2023-02-10,4.13,4.13,4.13,4.13,0.0,4.13,0
2023-02-13,4.073,4.073,4.073,4.073,0.0,4.073,0
2023-02-14,4.097,4.097,4.097,4.097,0.0,4.097,0
2023-02-15,4.082,4.082,4.082,4.082,0.0,4.082,0
2023-02-16,4.082,4.082,4.082,4.082,0.0,4.082,0
2023-02-17,4.034,4.034,4.034,4.034,0.0,4.034,0
2023-02-20,4.034,4.034,4.034,4.034,0.0,4.034,0
2023-02-21,4.039,4.039,4.039,4.039,0.0,4.039,0
2023-02-22,4.068,4.068,4.068,4.068,0.0,4.068,0
2023-02-23,4.115,4.115,4.115,4.115,0.0,4.115,0
2023-02-24,4.161,4.161,4.161,4.161,0.0,4.161,0
2023-02-27,4.2,4.2,4.2,4.2,0.0,4.2,0
2023-02-28,4.248,4.248,4.248,4.248,0.0,4.248,0
2023-03-01,4.329,4.329,4.329,4.329,0.0,4.329,0
2023-03-02,4.337,4.337,4.337,4.337,0.0,4.337,0
2023-03-03,4.377,4.377,4.377,4.377,0.0,4.377,0
2023-03-06,4.398,4.398,4.398,4.398,0.0,4.398,0
2023-03-07,4.538,4.538,4.538,4.538,0.0,4.538,0
2023-03-08,4.502,4.502,4.502,4.502,0.0,4.502,0
2023-03-09,4.414,4.414,4.414,4.414,0.0,4.414,0
2023-03-10,4.493,4.493,4.493,4.493,0.0,4.493,0
2023-03-13,4.504,4.504,4.504,4.504,0.0,4.504,0
2023-03-14,4.555,4.555,4.555,4.555,0.0,4.555,0
2023-03-15,4.513,4.513,4.513,4.513,0.0,4.513,0
2023-03-16,4.555,4.555,4.555,4.555,0.0,4.555,0
2023-03-17,4.548,4.548,4.548,4.548,0.0,4.548,0
2023-03-20,4.474,4.474,4.474,4.474,0.0,4.474,0
2023-03-21,4.54,4.54,4.54,4.54,0.0,4.54,0
2023-03-22,4.479,4.479,4.479,4.479,0.0,4.479,0
2023-03-23,4.5,4.5,4.5,4.5,0.0,4.5,0
2023-03-24,4.468,4.468,4.468,4.468,0.0,4.468,0
2023-03-27,4.429,4.429,4.429,4.429,0.0,4.429,0
2023-03-28,4.4,4.4,4.4,4.4,0.0,4.4,0
2023-03-29,4.428,4.428,4.428,4.428,0.0,4.428,0
2023-03-30,4.397,4.397,4.397,4.397,0.0,4.397,0
2023-03-31,4.415,4.415,4.415,4.415,0.0,4.415,0
2023-04-03,4.396,4.396,4.396,4.396,0.0,4.396,0
2023-04-04,4.408,4.408,4.408,4.408,0.0,4.408,0
2023-04-05,4.364,4.364,4.364,4.364,0.0,4.364,0
2023-04-06,4.32,4.32,4.32,4.32,0.0,4.32,0
2023-04-10,4.394,4.394,4.394,4.394,0.0,4.394,0
2023-04-11,4.404,4.404,4.404,4.404,0.0,4.404,0
2023-04-12,4.33,4.33,4.33,4.33,0.0,4.33,0
2023-04-13,4.298,4.298,4.298,4.298,0.0,4.298,0
2023-04-14,4.318,4.318,4.318,4.318,0.0,4.318,0
2023-04-17,4.393,4.393,4.393,4.393,0.0,4.393,0
2023-04-18,4.403,4.403,4.391,4.391,1.0,4.403,1
2023-04-19,4.413,4.413,4.413,4.413,0.0,4.413,0
2023-04-20,4.445,4.445,4.445,4.445,0.0,4.445,0
2023-04-21,4.452,4.452,4.452,4.452,0.0,4.452,0
2023-04-24,4.484,4.484,4.484,4.484,0.0,4.484,0
2023-04-25,4.47,4.47,4.462,4.462,1.0,4.47,1
2023-04-26,4.442,4.442,4.442,4.442,0.0,4.442,0
2023-04-27,4.446,4.446,4.446,4.446,0.0,4.446,0
2023-04-28,4.465,4.465,4.465,4.465,0.0,4.465,0
2023-05-01,4.422,4.422,4.422,4.422,0.0,4.422,0
2023-05-02,4.418,4.418,4.418,4.418,0.0,4.418,0
2023-05-03,4.406,4.406,4.406,4.406,0.0,4.406,0
2023-05-04,4.421,4.421,4.421,4.421,0.0,4.421,0
2023-05-05,4.418,4.418,4.418,4.418,0.0,4.418,0
2023-05-08,4.42,4.42,4.386,4.386,1.0,4.42,1
2023-05-09,4.369,4.369,4.369,4.369,0.0,4.369,0
2023-05-10,4.342,4.342,4.342,4.342,0.0,4.342,0
2023-05-11,4.332,4.332,4.332,4.332,0.0,4.332,0
2023-05-12,4.322,4.322,4.322,4.322,0.0,4.322,0
2023-05-15,4.326,4.326,4.326,4.326,0.0,4.326,0
2023-05-16,4.36,4.36,4.299,4.299,2.0,4.36,1
2023-05-17,4.268,4.268,4.268,4.268,0.0,4.268,0
2023-05-18,4.306,4.306,4.273,4.273,2.0,4.306,1
2023-05-19,4.218,4.218,4.218,4.218,0.0,4.218,0
2023-05-22,4.182,4.182,4.182,4.182,0.0,4.182,0
2023-05-23,4.153,4.153,4.153,4.153,0.0,4.153,0
2023-05-24,4.208,4.208,4.208,4.208,0.0,4.208,0
2023-05-25,4.178,4.178,4.178,4.178,0.0,4.178,0
2023-05-26,4.206,4.206,4.206,4.206,0.0,4.206,0
2023-05-29,4.206,4.206,4.206,4.206,0.0,4.206,0
2023-05-30,4.166,4.166,4.166,4.166,0.0,4.166,0
2023-05-31,4.131,4.131,4.131,4.131,0.0,4.131,0
2023-06-01,4.056,4.056,3.989,3.989,25.0,4.0551,2
2023-06-02,4.029,4.029,4.029,4.029,0.0,4.029,0
2023-06-05,4.049,4.049,4.049,4.049,0.0,4.049,0
2023-06-06,4.038,4.038,4.038,4.038,0.0,4.038,0
2023-06-07,4.035,4.035,4.035,4.035,0.0,4.035,0
2023-06-08,4.052,4.052,4.052,4.052,0.0,4.052,0
2023-06-09,4.033,4.033,4.033,4.033,0.0,4.033,0
2023-06-12,4.033,4.033,4.03,4.03,2.0,4.033,1
2023-06-13,4.025,4.025,4.025,4.025,0.0,4.025,0
2023-06-14,4.06,4.06,4.06,4.06,0.0,4.06,0
2023-06-15,4.071,4.071,4.071,4.071,0.0,4.071,0
2023-06-16,4.041,4.041,4.041,4.041,0.0,4.041,0
2023-06-19,4.041,4.041,4.041,4.041,0.0,4.041,0
2023-06-20,4.088,4.088,4.088,4.088,0.0,4.088,0
2023-06-21,4.143,4.143,4.143,4.143,0.0,4.143,0
2023-06-22,4.161,4.161,4.161,4.161,0.0,4.161,0
2023-06-23,4.107,4.107,4.107,4.107,0.0,4.107,0
2023-06-26,4.085,4.085,4.085,4.085,0.0,4.085,0
2023-06-27,4.081,4.081,4.081,4.081,0.0,4.081,0
2023-06-28,4.067,4.067,4.036,4.036,1.0,4.067,1
2023-06-29,4.02,4.02,3.999,3.999,15.0,4.02,1
2023-06-30,4.017,4.017,4.017,4.017,0.0,4.017,0
2023-07-03,4.018,4.018,4.018,4.018,0.0,4.018,0
2023-07-04,4.018,4.018,4.018,4.018,0.0,4.018,0
2023-07-05,3.991,3.991,3.991,3.991,0.0,3.991,0
2023-07-06,4.008,4.008,4.008,4.008,0.0,4.008,0
2023-07-07,4.017,4.017,4.017,4.017,0.0,4.017,0
2023-07-10,4.03,4.03,4.03,4.03,0.0,4.03,0
2023-07-11,4.044,4.044,4.044,4.044,0.0,4.044,0
2023-07-12,4.04,4.04,4.04,4.04,0.0,4.04,0
2023-07-13,3.991,3.991,3.991,3.991,0.0,3.991,0
2023-07-14,4.027,4.027,4.027,4.027,0.0,4.027,0
2023-07-17,4.016,4.016,4.016,4.016,0.0,4.016,0
2023-07-18,4.047,4.047,4.047,4.047,0.0,4.047,0
2023-07-19,4.033,4.033,4.033,4.033,0.0,4.033,0
2023-07-20,4.057,4.057,4.057,4.057,0.0,4.057,0
2023-07-21,4.075,4.075,4.075,4.075,0.0,4.075,0
2023-07-24,4.117,4.117,4.117,4.117,0.0,4.117,0
2023-07-25,4.131,4.131,4.131,4.131,0.0,4.131,0
2023-07-26,4.186,4.186,4.186,4.186,0.0,4.186,0
2023-07-27,4.176,4.176,4.176,4.176,0.0,4.176,0
2023-07-28,4.17,4.185,4.17,4.185,2.0,4.17,1
2023-07-31,4.17,4.17,4.17,4.17,0.0,4.17,0
2023-08-01,4.145,4.145,4.145,4.145,0.0,4.145,0
2023-08-02,4.145,4.168,4.145,4.168,1.0,4.145,1
2023-08-03,4.154,4.154,4.154,4.154,0.0,4.154,0
2023-08-04,4.142,4.142,4.142,4.142,0.0,4.142,0
2023-08-07,4.188,4.188,4.188,4.188,0.0,4.188,0
2023-08-08,4.182,4.182,4.182,4.182,0.0,4.182,0
2023-08-09,4.144,4.144,4.144,4.144,0.0,4.144,0
2023-08-10,4.129,4.129,4.129,4.129,0.0,4.129,0
2023-08-11,4.169,4.169,4.169,4.169,0.0,4.169,0
2023-08-14,4.172,4.172,4.172,4.172,0.0,4.172,0
2023-08-15,4.19,4.19,4.19,4.19,0.0,4.19,0
2023-08-16,4.195,4.197,4.195,4.197,1.0,4.195,1
2023-08-17,4.201,4.201,4.201,4.201,0.0,4.201,0
2023-08-18,4.187,4.187,4.187,4.187,0.0,4.187,0
2023-08-21,4.219,4.219,4.219,4.219,0.0,4.219,0
2023-08-22,4.199,4.199,4.199,4.199,0.0,4.199,0
2023-08-23,4.217,4.217,4.217,4.217,0.0,4.217,0
2023-08-24,4.171,4.171,4.171,4.171,0.0,4.171,0
2023-08-25,4.172,4.172,4.172,4.172,0.0,4.172,0
2023-08-28,4.166,4.166,4.166,4.166,0.0,4.166,0
2023-08-29,4.134,4.134,4.134,4.134,0.0,4.134,0
2023-08-30,4.174,4.174,4.174,4.174,0.0,4.174,0
2023-08-31,4.186,4.186,4.186,4.186,0.0,4.186,0
2023-09-01,4.17,4.17,4.17,4.17,0.0,4.17,0
2023-09-04,4.17,4.17,4.17,4.17,0.0,4.17,0
2023-09-05,4.132,4.132,4.132,4.132,0.0,4.132,0
2023-09-06,4.144,4.144,4.144,4.144,0.0,4.144,0
2023-09-07,4.127,4.127,4.127,4.127,0.0,4.127,0
2023-09-08,4.133,4.133,4.133,4.133,0.0,4.133,0
2023-09-11,4.08,4.08,4.08,4.08,0.0,4.08,0
2023-09-12,4.128,4.128,4.128,4.128,0.0,4.128,0
2023-09-13,4.167,4.167,4.167,4.167,0.0,4.167,0
2023-09-14,4.169,4.169,4.169,4.169,0.0,4.169,0
2023-09-15,4.155,4.155,4.126,4.126,1.0,4.155,1
2023-09-18,4.168,4.168,4.168,4.168,0.0,4.168,0
2023-09-19,4.156,4.156,4.156,4.156,0.0,4.156,0
2023-09-20,4.176,4.176,4.176,4.176,0.0,4.176,0
2023-09-21,4.189,4.189,4.189,4.189,0.0,4.189,0
2023-09-22,4.233,4.233,4.233,4.233,0.0,4.233,0
2023-09-25,4.2,4.2,4.2,4.2,0.0,4.2,0
2023-09-26,4.22,4.22,4.22,4.22,0.0,4.22,0
2023-09-27,4.19,4.19,4.19,4.19,0.0,4.19,0
2023-09-28,4.217,4.217,4.217,4.217,0.0,4.217,0
2023-09-29,4.214,4.214,4.214,4.214,0.0,4.214,0
2023-10-02,4.228,4.228,4.228,4.228,0.0,4.228,0
2023-10-03,4.264,4.264,4.264,4.264,0.0,4.264,0
2023-10-04,4.23,4.23,4.23,4.23,0.0,4.23,0
2023-10-05,4.238,4.238,4.238,4.238,0.0,4.238,0
2023-10-06,4.224,4.224,4.224,4.224,0.0,4.224,0
2023-10-09,4.241,4.241,4.241,4.241,0.0,4.241,0
2023-10-10,4.251,4.251,4.251,4.251,0.0,4.251,0
2023-10-11,4.262,4.262,4.258,4.258,1.0,4.262,1
2023-10-12,4.245,4.263,4.245,4.263,1.0,4.245,1
2023-10-13,4.27,4.27,4.27,4.27,0.0,4.27,0
2023-10-16,4.26,4.26,4.26,4.26,0.0,4.26,0
2023-10-17,4.262,4.262,4.262,4.262,0.0,4.262,0
2023-10-18,4.255,4.255,4.255,4.255,0.0,4.255,0
2023-10-19,4.255,4.267,4.255,4.267,1.0,4.255,1
2023-10-20,4.273,4.273,4.273,4.273,0.0,4.273,0
2023-10-23,4.277,4.277,4.277,4.277,0.0,4.277,0
2023-10-24,4.262,4.262,4.262,4.262,0.0,4.262,0
2023-10-25,4.27,4.27,4.27,4.27,0.0,4.27,0
2023-10-26,4.255,4.255,4.255,4.255,0.0,4.255,0
2023-10-27,4.223,4.223,4.223,4.223,0.0,4.223,0
2023-10-30,4.244,4.244,4.244,4.244,0.0,4.244,0
2023-10-31,4.232,4.232,4.232,4.232,0.0,4.232,0
2023-11-01,4.284,4.284,4.284,4.284,0.0,4.284,0
2023-11-02,4.37,4.37,4.37,4.37,0.0,4.37,0
2023-11-03,4.373,4.373,4.373,4.373,0.0,4.373,0
2023-11-06,4.393,4.393,4.393,4.393,0.0,4.393,0
2023-11-07,4.386,4.386,4.383,4.383,1.0,4.386,1
2023-11-08,4.325,4.325,4.325,4.325,0.0,4.325,0
2023-11-09,4.313,4.313,4.313,4.313,0.0,4.313,0
2023-11-10,4.302,4.302,4.302,4.302,0.0,4.302,0
2023-11-13,4.31,4.31,4.31,4.31,0.0,4.31,0
2023-11-14,4.29,4.29,4.29,4.29,0.0,4.29,0
2023-11-15,4.324,4.324,4.324,4.324,0.0,4.324,0
2023-11-16,4.302,4.302,4.302,4.302,0.0,4.302,0
2023-11-17,4.276,4.276,4.276,4.276,0.0,4.276,0
2023-11-20,4.248,4.248,4.248,4.248,0.0,4.248,0
2023-11-21,4.248,4.248,4.206,4.206,1.0,4.248,1
2023-11-22,4.213,4.213,4.213,4.213,0.0,4.213,0
2023-11-23,4.213,4.213,4.213,4.213,0.0,4.213,0
2023-11-24,4.235,4.235,4.235,4.235,0.0,4.235,0
2023-11-27,4.232,4.232,4.232,4.232,0.0,4.232,0
2023-11-28,4.175,4.175,4.175,4.175,0.0,4.175,0
2023-11-29,4.18,4.18,4.18,4.18,0.0,4.18,0
2023-11-30,4.12,4.12,4.12,4.12,0.0,4.12,0
2023-12-01,4.142,4.142,4.142,4.142,0.0,4.142,0
2023-12-04,4.109,4.109,4.109,4.109,0.0,4.109,0
2023-12-05,4.111,4.111,4.111,4.111,0.0,4.111,0
2023-12-06,3.931,3.931,3.931,3.931,0.0,3.931,0
2023-12-07,3.921,3.921,3.921,3.921,0.0,3.921,0
2023-12-08,3.862,3.862,3.862,3.862,0.0,3.862,0
2023-12-11,3.825,3.825,3.825,3.825,0.0,3.825,0
2023-12-12,3.85,3.85,3.85,3.85,0.0,3.85,0
2023-12-13,3.883,3.883,3.883,3.883,0.0,3.883,0
2023-12-14,3.935,3.935,3.935,3.935,0.0,3.935,0
2023-12-15,4.012,4.012,4.012,4.012,0.0,4.012,0
2023-12-18,4.018,4.018,4.018,4.018,0.0,4.018,0
2023-12-19,3.981,3.981,3.981,3.981,0.0,3.981,0
2023-12-20,4.008,4.008,4.008,4.008,0.0,4.008,0
2023-12-21,4.018,4.018,4.018,4.018,0.0,4.018,0
2023-12-22,3.946,3.946,3.946,3.946,0.0,3.946,0
2023-12-26,3.919,3.919,3.919,3.919,0.0,3.919,0
2023-12-27,3.967,3.967,3.967,3.967,0.0,3.967,0
2023-12-28,3.992,3.992,3.992,3.992,0.0,3.992,0
2023-12-29,4.013,4.021,4.012,4.012,3.0,4.0157,2
2024-01-02,4.03,4.03,4.014,4.014,1.0,4.03,1
2024-01-03,4.018,4.018,4.018,4.018,0.0,4.018,0
2024-01-04,4.026,4.026,4.026,4.026,0.0,4.026,0
2024-01-05,4.068,4.068,4.068,4.068,0.0,4.068,0
2024-01-08,4.093,4.093,4.093,4.093,0.0,4.093,0
2024-01-09,4.076,4.076,4.076,4.076,0.0,4.076,0
2024-01-10,4.05,4.05,4.048,4.048,1.0,4.05,1
2024-01-11,4.032,4.032,4.032,4.032,0.0,4.032,0
2024-01-12,4.025,4.025,4.025,4.025,7.0,4.025,1
2024-01-15,4.025,4.025,4.025,4.025,0.0,4.025,0
2024-01-16,4.02,4.02,4.02,4.02,0.0,4.02,0
2024-01-17,4.02,4.064,4.02,4.064,14.0,4.02,2
2024-01-18,4.057,4.057,4.057,4.057,0.0,4.057,0
2024-01-19,4.03,4.039,4.025,4.039,2.0,4.0275,2
2024-01-22,4.014,4.014,4.014,4.014,0.0,4.014,0
2024-01-23,4.079,4.079,4.079,4.079,0.0,4.079,0
2024-01-24,4.049,4.049,4.049,4.049,0.0,4.049,0
2024-01-25,3.966,3.966,3.966,3.966,0.0,3.966,0
2024-01-26,3.985,3.985,3.985,3.985,0.0,3.985,0
2024-01-29,3.958,3.958,3.958,3.958,0.0,3.958,0
2024-01-30,3.956,3.956,3.956,3.956,0.0,3.956,0
2024-01-31,3.97,3.97,3.97,3.97,0.0,3.97,0
2024-02-01,3.963,3.963,3.963,3.963,0.0,3.963,0
2024-02-02,3.999,3.999,3.999,3.999,0.0,3.999,0
2024-02-05,3.971,3.985,3.961,3.985,2.0,3.966,2
2024-02-06,3.953,3.986,3.953,3.986,1.0,3.953,1
2024-02-07,3.985,3.993,3.965,3.993,6.0,3.97,6
2024-02-08,3.984,3.984,3.984,3.984,0.0,3.984,0
2024-02-09,3.997,3.997,3.997,3.997,0.0,3.997,0
2024-02-12,3.979,3.979,3.979,3.979,0.0,3.979,0
2024-02-13,3.988,3.988,3.988,3.988,0.0,3.988,0
2024-02-14,3.953,3.953,3.953,3.953,0.0,3.953,0
2024-02-15,3.906,3.906,3.906,3.906,0.0,3.906,0
2024-02-16,3.868,3.868,3.868,3.868,0.0,3.868,0
2024-02-19,3.868,3.868,3.868,3.868,0.0,3.868,0
2024-02-20,3.9,3.907,3.9,3.907,1.0,3.9,1
2024-02-21,3.96,3.969,3.96,3.969,1.0,3.96,1
2024-02-22,4.006,4.006,4.006,4.006,0.0,4.006,0
2024-02-23,3.971,3.98,3.971,3.98,1.0,3.971,1
2024-02-26,3.997,3.997,3.997,3.997,0.0,3.997,0
2024-02-27,4.005,4.005,4.005,4.005,0.0,4.005,0
2024-02-28,4.033,4.033,4.033,4.033,0.0,4.033,0
2024-02-29,4.001,4.001,4.001,4.001,0.0,4.001,0
2024-03-01,3.992,3.992,3.992,3.992,0.0,3.992,0
2024-03-04,4.021,4.021,4.021,4.021,0.0,4.021,0
2024-03-05,4.029,4.029,4.029,4.029,0.0,4.029,0
2024-03-06,4.028,4.028,4.028,4.028,0.0,4.028,0
2024-03-07,4.015,4.015,4.015,4.015,0.0,4.015,0
2024-03-08,4.01,4.01,3.991,3.991,1.0,4.01,1
2024-03-11,3.987,3.987,3.987,3.987,0.0,3.987,0
2024-03-12,3.981,3.981,3.981,3.981,0.0,3.981,0
2024-03-13,4.01,4.01,3.987,3.987,1.0,4.01,1
2024-03-14,4.05,4.05,3.994,4.003,2.0,4.022,2
2024-03-15,3.957,3.957,3.957,3.957,0.0,3.957,0
2024-03-18,3.97,3.993,3.97,3.993,3.0,3.97,1
2024-03-19,3.987,3.987,3.978,3.978,9.0,3.987,1
2024-03-20,3.953,3.953,3.953,3.953,0.0,3.953,0
2024-03-21,3.939,3.939,3.939,3.939,0.0,3.939,0
2024-03-22,3.932,3.932,3.932,3.932,0.0,3.932,0
2024-03-25,3.91,3.929,3.91,3.929,5.0,3.91,1
2024-03-26,3.931,3.958,3.931,3.958,10.0,3.9388,4
2024-03-27,3.945,3.948,3.945,3.948,5.0,3.945,2
2024-03-28,3.953,3.994,3.948,3.994,66.0,3.9584,39
2024-04-01,3.96,4.004,3.96,4.004,5.0,3.962,2
2024-04-02,4.01,4.02,4.01,4.013,20.0,4.011,16
2024-04-03,4.005,4.04,4.005,4.04,13.0,4.0082,6
2024-04-04,4.0,4.01,4.0,4.005,10.0,4.002,4
2024-04-05,4.005,4.012,4.0,4.0,11.0,4.0095,2
2024-04-08,4.008,4.017,4.008,4.017,4.0,4.008,1
2024-04-09,4.04,4.043,4.028,4.043,34.0,4.0319,8
2024-04-10,4.045,4.07,4.045,4.053,7.0,4.0486,3
2024-04-11,4.109,4.109,4.109,4.109,0.0,4.109,0
2024-04-12,4.153,4.16,4.139,4.153,47.0,4.1516,8
2024-04-15,4.16,4.2,4.16,4.2,3.0,4.16,2
2024-04-16,4.2,4.202,4.195,4.202,12.0,4.1997,4
2024-04-17,4.185,4.185,4.178,4.182,142.0,4.1847,5
2024-04-18,4.18,4.18,4.17,4.173,54.0,4.1788,5
2024-04-19,4.185,4.185,4.18,4.18,24.0,4.1822,3
2024-04-22,4.201,4.201,4.201,4.201,0.0,4.201,0
2024-04-23,4.198,4.198,4.198,4.198,0.0,4.198,0
2024-04-24,4.231,4.231,4.231,4.231,0.0,4.231,0
2024-04-25,4.216,4.216,4.216,4.216,0.0,4.216,0
2024-04-26,4.238,4.238,4.238,4.238,0.0,4.238,0
2024-04-29,4.258,4.258,4.258,4.258,0.0,4.258,0
2024-04-30,4.26,4.274,4.247,4.274,3.0,4.2513,3
2024-05-01,4.259,4.259,4.259,4.259,0.0,4.259,0
2024-05-02,4.241,4.241,4.241,4.241,0.0,4.241,0
2024-05-03,4.241,4.241,4.212,4.212,1.0,4.241,1
2024-05-06,4.214,4.214,4.214,4.214,0.0,4.214,0
2024-05-07,4.2,4.2,4.167,4.167,126.0,4.1823,5
2024-05-08,4.126,4.126,4.126,4.126,0.0,4.126,0
2024-05-09,4.07,4.079,4.07,4.079,4.0,4.07,1
2024-05-10,4.085,4.107,4.085,4.107,7.0,4.085,1
2024-05-13,4.112,4.112,4.112,4.112,0.0,4.112,0
2024-05-14,4.123,4.123,4.123,4.123,0.0,4.123,0
2024-05-15,4.153,4.153,4.153,4.153,0.0,4.153,0
2024-05-16,4.183,4.197,4.183,4.197,1.0,4.183,1
2024-05-17,4.219,4.219,4.21,4.21,2.0,4.2145,2
2024-05-20,4.225,4.225,4.224,4.224,2.0,4.225,2
2024-05-21,4.196,4.196,4.196,4.196,0.0,4.196,0
2024-05-22,4.194,4.194,4.194,4.194,0.0,4.194,0
2024-05-23,4.18,4.18,4.164,4.164,34.0,4.1789,6
2024-05-24,4.135,4.135,4.135,4.135,0.0,4.135,0
2024-05-27,4.135,4.135,4.135,4.135,0.0,4.135,0
2024-05-28,4.131,4.131,4.131,4.131,0.0,4.131,0
2024-05-29,4.096,4.096,4.096,4.096,0.0,4.096,0
2024-05-30,4.085,4.085,4.085,4.085,0.0,4.085,0
2024-05-31,4.077,4.077,4.077,4.077,0.0,4.077,0
2024-06-03,4.095,4.095,4.082,4.088,45.0,4.0863,2
2024-06-04,4.075,4.075,4.075,4.075,0.0,4.075,0
2024-06-05,4.1,4.112,4.1,4.112,20.0,4.1,2
2024-06-06,4.107,4.107,4.084,4.084,30.0,4.0917,4
2024-06-07,4.068,4.074,4.065,4.065,35.0,4.0689,2
2024-06-10,4.071,4.071,4.065,4.065,1.0,4.071,1
2024-06-11,4.081,4.092,4.081,4.082,16.0,4.0817,2
2024-06-12,4.057,4.066,4.05,4.066,5.0,4.0514,3
2024-06-13,4.036,4.05,4.015,4.05,5.0,4.0192,2
2024-06-14,4.035,4.058,4.035,4.058,6.0,4.0385,4
2024-06-17,4.075,4.075,4.075,4.075,0.0,4.075,0
2024-06-18,4.089,4.089,4.089,4.089,0.0,4.089,0
2024-06-19,4.089,4.089,4.089,4.089,0.0,4.089,0
2024-06-20,4.08,4.08,4.056,4.06,6.0,4.0697,3
2024-06-21,4.054,4.054,4.051,4.051,1.0,4.054,1
2024-06-24,4.04,4.067,4.04,4.055,24.0,4.0529,4
2024-06-25,4.05,4.05,4.05,4.05,0.0,4.05,0
2024-06-26,4.063,4.063,4.063,4.063,0.0,4.063,0
2024-06-27,4.06,4.06,3.996,3.996,1.0,4.06,1
2024-06-28,4.008,4.008,4.008,4.008,0.0,4.008,0
2024-07-01,3.981,3.985,3.981,3.981,6.0,3.9823,2
2024-07-02,3.985,3.985,3.985,3.985,0.0,3.985,0
2024-07-03,3.95,3.971,3.95,3.971,1.0,3.95,1
2024-07-04,3.971,3.971,3.971,3.971,0.0,3.971,0
2024-07-05,3.971,3.971,3.971,3.971,0.0,3.971,0
2024-07-08,3.986,3.995,3.986,3.988,3.0,3.989,2
2024-07-09,3.99,3.99,3.99,3.99,0.0,3.99,0
2024-07-10,3.995,3.995,3.995,3.995,0.0,3.995,0
2024-07-11,3.978,3.978,3.978,3.978,0.0,3.978,0
2024-07-12,3.954,3.965,3.95,3.965,5.0,3.9508,5
2024-07-15,3.953,3.953,3.953,3.953,0.0,3.953,0
2024-07-16,3.921,3.937,3.921,3.932,2.0,3.929,2
2024-07-17,3.885,3.885,3.858,3.858,31.0,3.8845,7
2024-07-18,3.864,3.864,3.864,3.864,0.0,3.864,0
2024-07-19,3.905,3.905,3.905,3.905,0.0,3.905,0
2024-07-22,3.939,3.939,3.939,3.939,0.0,3.939,0
2024-07-23,3.924,3.924,3.924,3.924,0.0,3.924,0
2024-07-24,3.903,3.903,3.903,3.903,0.0,3.903,0
2024-07-25,3.842,3.842,3.842,3.842,0.0,3.842,0
2024-07-26,3.843,3.85,3.843,3.85,247.0,3.843,13
2024-07-29,3.816,3.816,3.816,3.816,0.0,3.816,0
2024-07-30,3.803,3.803,3.803,3.803,0.0,3.803,0
2024-07-31,3.78,3.78,3.77,3.77,1.0,3.78,1
2024-08-01,3.77,3.77,3.746,3.746,18.0,3.7627,4
2024-08-02,3.75,3.752,3.745,3.748,233.0,3.7517,8
2024-08-05,3.707,3.707,3.692,3.698,7.0,3.6987,3
2024-08-06,3.686,3.686,3.686,3.686,0.0,3.686,0
2024-08-07,3.709,3.709,3.709,3.709,0.0,3.709,0
2024-08-08,3.739,3.765,3.739,3.765,127.0,3.739,2
2024-08-09,3.768,3.787,3.768,3.787,7.0,3.768,1
2024-08-12,3.786,3.794,3.784,3.794,5.0,3.7848,3
2024-08-13,3.757,3.757,3.746,3.752,17.0,3.7473,14
2024-08-14,3.781,3.781,3.781,3.781,0.0,3.781,0
2024-08-15,3.778,3.778,3.776,3.776,3.0,3.778,3
2024-08-16,3.745,3.752,3.729,3.729,7.0,3.7441,4
2024-08-19,3.739,3.745,3.735,3.745,8.0,3.736,3
2024-08-20,3.727,3.781,3.727,3.781,12.0,3.7603,9
2024-08-21,3.808,3.808,3.808,3.808,0.0,3.808,0
2024-08-22,3.801,3.807,3.797,3.807,7.0,3.8026,3
2024-08-23,3.823,3.823,3.823,3.823,0.0,3.823,0
2024-08-26,3.824,3.824,3.815,3.815,1.0,3.824,1
2024-08-27,3.799,3.801,3.799,3.801,53.0,3.799,11
2024-08-28,3.789,3.789,3.789,3.789,0.0,3.789,0
2024-08-29,3.763,3.768,3.763,3.768,19.0,3.7675,3
2024-08-30,3.786,3.786,3.759,3.759,5.0,3.7684,5
2024-09-02,3.759,3.759,3.759,3.759,0.0,3.759,0
2024-09-03,3.74,3.764,3.74,3.75,2.0,3.752,2
2024-09-04,3.738,3.738,3.738,3.738,0.0,3.738,0
2024-09-05,3.743,3.743,3.73,3.73,2.0,3.743,1
2024-09-06,3.723,3.723,3.723,3.723,0.0,3.723,0
2024-09-09,3.711,3.731,3.711,3.731,80.0,3.711,1
2024-09-10,3.718,3.721,3.718,3.721,15.0,3.718,1
2024-09-11,3.722,3.722,3.722,3.722,0.0,3.722,0
2024-09-12,3.722,3.725,3.713,3.723,20.0,3.7218,3
2024-09-13,3.725,3.725,3.725,3.725,0.0,3.725,0
2024-09-16,3.733,3.733,3.733,3.733,0.0,3.733,0
2024-09-17,3.736,3.736,3.736,3.736,0.0,3.736,0
2024-09-18,3.738,3.745,3.736,3.736,171.0,3.7382,6
2024-09-19,3.745,3.756,3.745,3.756,1.0,3.745,1
2024-09-20,3.764,3.784,3.764,3.784,9.0,3.7721,5
2024-09-23,3.781,3.794,3.753,3.766,35.0,3.7749,16
2024-09-24,3.775,3.775,3.771,3.771,1.0,3.775,1
2024-09-25,3.794,3.805,3.794,3.805,60.0,3.794,3
2024-09-26,3.825,3.825,3.825,3.825,0.0,3.825,0
2024-09-27,3.845,3.845,3.831,3.838,123.0,3.84,8
2024-09-30,3.826,3.826,3.826,3.826,0.0,3.826,0
2024-10-01,3.805,3.811,3.805,3.811,1.0,3.805,1
2024-10-02,3.82,3.82,3.82,3.82,0.0,3.82,0
2024-10-03,3.841,3.841,3.838,3.838,185.0,3.8407,5
2024-10-04,3.856,3.856,3.856,3.856,0.0,3.856,0
2024-10-07,3.863,3.869,3.863,3.869,70.0,3.863,4
2024-10-08,3.854,3.855,3.854,3.855,5.0,3.854,5
2024-10-09,3.825,3.849,3.825,3.835,10.0,3.8292,3
2024-10-10,3.804,3.838,3.804,3.838,3.0,3.804,1
2024-10-11,3.82,3.847,3.82,3.829,9.0,3.83,4
2024-10-14,3.809,3.809,3.809,3.809,0.0,3.809,0
2024-10-15,3.832,3.832,3.832,3.832,0.0,3.832,0
2024-10-16,3.816,3.816,3.796,3.796,57.0,3.816,13
2024-10-17,3.816,3.816,3.804,3.804,2.0,3.816,1
2024-10-18,3.788,3.788,3.767,3.767,2.0,3.786,2
2024-10-21,3.801,3.801,3.784,3.784,44.0,3.7998,25
2024-10-22,3.799,3.829,3.799,3.82,203.0,3.7998,16
2024-10-23,3.832,3.832,3.832,3.832,0.0,3.832,0
2024-10-24,3.839,3.839,3.839,3.839,0.0,3.839,0
2024-10-25,3.84,3.853,3.84,3.844,39.0,3.8413,39
2024-10-28,3.807,3.807,3.807,3.807,0.0,3.807,0
2024-10-29,3.807,3.807,3.807,3.807,0.0,3.807,0
2024-10-30,3.819,3.844,3.814,3.837,220.0,3.8254,112
2024-10-31,3.818,3.823,3.818,3.823,10.0,3.818,1
2024-11-01,3.815,3.815,3.815,3.815,0.0,3.815,0
2024-11-04,3.813,3.814,3.81,3.811,54.0,3.8103,4
2024-11-05,3.8,3.813,3.777,3.777,83.0,3.7953,11
2024-11-06,3.759,3.809,3.759,3.809,24.0,3.7834,13
2024-11-07,3.764,3.798,3.764,3.798,18.0,3.7795,12
2024-11-08,3.769,3.799,3.767,3.782,50.0,3.7841,11
2024-11-11,3.823,3.835,3.804,3.808,45.0,3.8094,15
2024-11-12,3.82,3.824,3.8,3.808,23.0,3.8137,15
2024-11-13,3.788,3.821,3.788,3.814,19.0,3.8019,8
2024-11-14,3.813,3.829,3.806,3.806,47.0,3.8143,31
2024-11-15,3.813,3.834,3.813,3.834,47.0,3.8212,19
2024-11-18,3.845,3.845,3.845,3.845,0.0,3.845,0
2024-11-19,3.862,3.862,3.828,3.854,17.0,3.8497,11
2024-11-20,3.881,3.888,3.865,3.888,45.0,3.877,20
2024-11-21,3.929,3.951,3.875,3.898,39.0,3.9128,28
2024-11-22,3.903,3.903,3.871,3.896,13.0,3.8833,10
2024-11-25,3.924,3.937,3.92,3.929,265.0,3.9275,54
2024-11-26,3.927,3.943,3.927,3.933,29.0,3.9353,17
2024-11-27,3.896,3.903,3.891,3.891,3.0,3.8983,2
2024-11-28,3.891,3.891,3.891,3.891,0.0,3.891,0
2024-11-29,3.935,3.939,3.91,3.932,15.0,3.9329,12
2024-12-02,3.884,3.922,3.884,3.922,7.0,3.8947,7
2024-12-03,3.95,3.954,3.89,3.891,20.0,3.9289,18
2024-12-04,3.894,3.94,3.894,3.94,16.0,3.9151,15
2024-12-05,3.94,3.946,3.931,3.945,5.0,3.9386,5
2024-12-06,3.926,3.958,3.926,3.957,13.0,3.9423,10
2024-12-09,3.952,3.952,3.945,3.945,1.0,3.952,1
2024-12-10,3.919,3.952,3.911,3.952,6.0,3.9173,5
2024-12-11,3.962,3.968,3.945,3.945,5.0,3.9536,3
2024-12-12,3.921,3.963,3.921,3.963,165.0,3.9293,8
2024-12-13,3.945,3.945,3.933,3.941,3.0,3.9383,3
2024-12-16,3.933,3.936,3.932,3.932,8.0,3.9354,4
2024-12-17,3.928,3.951,3.923,3.949,17.0,3.9356,10
2024-12-18,3.933,3.954,3.927,3.927,12.0,3.9408,6
2024-12-19,3.951,3.951,3.943,3.943,3.0,3.951,3
2024-12-20,3.946,3.98,3.938,3.968,136.0,3.9632,47
2024-12-23,3.975,3.987,3.975,3.987,51.0,3.9807,11
2024-12-24,3.992,4.008,3.983,4.008,27.0,3.9934,18
2024-12-26,4.012,4.012,3.985,4.002,28.0,4.0069,23
2024-12-27,4.055,4.06,4.03,4.06,19.0,4.0435,9
2024-12-30,4.077,4.081,4.041,4.081,21.0,4.0627,11
2024-12-31,4.077,4.077,4.035,4.055,61.0,4.0451,15
2025-01-02,4.064,4.09,4.06,4.06,8.0,4.0811,8
2025-01-03,4.071,4.071,3.999,4.005,123.0,4.0359,17
2025-01-06,4.03,4.034,4.03,4.034,100.0,4.03,1
2025-01-07,3.996,4.044,3.996,4.013,82.0,4.0178,66
2025-01-08,4.074,4.074,4.03,4.03,9.0,4.0584,8
2025-01-09,4.055,4.055,4.037,4.037,1.0,4.055,1
2025-01-10,4.065,4.065,4.033,4.038,49.0,4.0419,33
2025-01-13,4.053,4.058,4.036,4.043,110.0,4.0516,97
2025-01-14,4.047,4.062,4.031,4.052,18.0,4.0381,18
2025-01-15,4.08,4.093,4.05,4.093,59.0,4.0595,53
2025-01-16,4.073,4.171,4.072,4.156,189.0,4.1224,92
2025-01-17,4.098,4.138,4.063,4.089,462.0,4.0921,294
2025-01-20,4.086,4.089,4.086,4.089,3.0,4.086,2
2025-01-21,4.074,4.098,4.071,4.077,54.0,4.0833,41
2025-01-22,4.09,4.168,4.07,4.14,74.0,4.1297,45
2025-01-23,4.134,4.187,4.116,4.169,28.0,4.1464,21
2025-01-24,4.172,4.172,4.109,4.17,264.0,4.1363,158
2025-01-27,4.112,4.12,4.026,4.082,161.0,4.0874,60
2025-01-28,4.042,4.042,4.007,4.011,17.0,4.0156,9
2025-01-29,4.015,4.076,4.015,4.059,104.0,4.0366,82
2025-01-30,4.075,4.075,3.998,3.998,321.0,4.0111,241
2025-01-31,4.014,4.027,3.993,4.005,28.0,4.012,25
2025-02-03,4.071,4.084,4.051,4.073,212.0,4.0681,131
2025-02-04,4.047,4.079,4.027,4.05,183.0,4.0455,151
2025-02-05,4.044,4.09,4.015,4.07,488.0,4.0443,365
2025-02-06,4.077,4.086,4.054,4.079,82.0,4.0715,69
2025-02-07,4.071,4.088,4.033,4.051,55.0,4.0514,45
2025-02-10,4.098,4.15,4.064,4.144,255.0,4.1204,164
2025-02-11,4.181,4.199,4.16,4.171,167.0,4.1749,118
2025-02-12,4.166,4.184,4.14,4.18,445.0,4.1676,335
2025-02-13,4.212,4.236,4.169,4.208,174.0,4.2068,106
2025-02-14,4.261,4.261,4.191,4.213,102.0,4.2083,59
2025-02-17,4.137,4.213,4.12,4.213,8.0,4.1485,8
2025-02-18,4.179,4.295,4.179,4.295,374.0,4.2466,292
2025-02-19,4.294,4.343,4.282,4.308,383.0,4.2947,221
2025-02-20,4.327,4.327,4.199,4.216,218.0,4.2345,169
2025-02-21,4.25,4.265,4.209,4.232,115.0,4.2452,108
2025-02-24,4.184,4.215,4.177,4.193,93.0,4.1935,59
2025-02-25,4.204,4.213,4.178,4.203,394.0,4.192,332
2025-02-26,4.197,4.213,4.085,4.098,258.0,4.1424,206
2025-02-27,4.105,4.129,4.082,4.096,139.0,4.1037,123
2025-02-28,4.103,4.128,4.088,4.126,268.0,4.1136,216
2025-03-03,4.138,4.186,4.138,4.168,454.0,4.1611,356
2025-03-04,4.134,4.215,4.113,4.173,413.0,4.186,302
2025-03-05,4.163,4.236,4.163,4.231,150.0,4.2014,111
2025-03-06,4.206,4.232,4.187,4.202,96.0,4.2047,80
2025-03-07,4.218,4.352,4.184,4.333,367.0,4.2974,295
2025-03-10,4.429,4.487,4.352,4.373,156.0,4.3864,126
2025-03-11,4.352,4.434,4.349,4.422,263.0,4.4128,201
2025-03-12,4.356,4.395,4.34,4.376,188.0,4.3648,157
2025-03-13,4.376,4.431,4.357,4.422,149.0,4.4073,140
2025-03-14,4.399,4.468,4.38,4.438,292.0,4.4361,234
2025-03-17,4.457,4.461,4.399,4.418,291.0,4.4176,196
2025-03-18,4.398,4.442,4.383,4.404,135.0,4.4136,113
2025-03-19,4.431,4.455,4.407,4.448,164.0,4.436,134
2025-03-20,4.416,4.447,4.38,4.381,81.0,4.4029,64
2025-03-21,4.375,4.405,4.362,4.386,173.0,4.3877,82
2025-03-24,4.369,4.432,4.347,4.403,317.0,4.3987,163
2025-03-25,4.386,4.438,4.385,4.406,155.0,4.4041,44
2025-03-26,4.416,4.428,4.385,4.392,181.0,4.403,88
2025-03-27,4.373,4.411,4.334,4.411,108.0,4.3909,88
2025-03-28,4.378,4.424,4.365,4.405,236.0,4.3871,133
2025-03-31,4.422,4.437,4.408,4.429,142.0,4.4213,91
2025-04-01,4.415,4.426,4.383,4.386,41.0,4.4079,36
2025-04-02,4.407,4.426,4.379,4.406,144.0,4.4117,103
2025-04-03,4.409,4.415,4.37,4.396,104.0,4.3989,66
2025-04-04,4.393,4.393,4.21,4.26,171.0,4.2615,119
2025-04-07,4.229,4.244,4.098,4.136,155.0,4.1794,119
2025-04-08,4.081,4.208,4.028,4.07,442.0,4.1153,271
2025-04-09,4.028,4.208,3.927,4.205,490.0,4.0782,368
2025-04-10,4.187,4.187,4.042,4.08,323.0,4.0971,217
2025-04-11,4.06,4.112,4.019,4.104,149.0,4.0708,126
2025-04-14,4.088,4.179,4.056,4.066,355.0,4.0805,169
2025-04-15,4.082,4.127,4.069,4.121,154.0,4.0967,97
2025-04-16,4.094,4.173,4.087,4.168,314.0,4.1502,171
2025-04-17,4.168,4.218,4.158,4.19,191.0,4.1932,126
2025-04-21,4.185,4.185,4.094,4.094,112.0,4.1131,96
2025-04-22,4.11,4.147,4.096,4.103,89.0,4.1119,62
2025-04-23,4.117,4.171,4.102,4.14,247.0,4.1426,172
2025-04-24,4.122,4.169,4.109,4.164,94.0,4.1327,63
2025-04-25,4.145,4.198,4.145,4.153,75.0,4.1751,52
2025-04-28,4.175,4.23,4.13,4.22,211.0,4.1987,138
2025-04-29,4.246,4.262,4.216,4.247,331.0,4.2374,234
2025-04-30,4.27,4.299,4.239,4.287,448.0,4.2716,266
2025-05-01,4.319,4.357,4.295,4.341,156.0,4.3252,118
2025-05-02,4.332,4.412,4.322,4.395,228.0,4.3689,197
2025-05-05,4.44,4.495,4.428,4.446,251.0,4.4528,169
2025-05-06,4.465,4.514,4.445,4.455,209.0,4.4732,159
2025-05-07,4.467,4.499,4.446,4.449,586.0,4.4698,319
2025-05-08,4.438,4.461,4.41,4.413,589.0,4.4322,366
2025-05-09,4.45,4.464,4.436,4.462,131.0,4.4498,96
2025-05-12,4.461,4.465,4.431,4.437,189.0,4.4392,136
2025-05-13,4.465,4.483,4.427,4.476,108.0,4.4573,75
2025-05-14,4.462,4.468,4.414,4.434,103.0,4.4332,78
2025-05-15,4.426,4.478,4.418,4.429,236.0,4.4453,195
2025-05-16,4.43,4.457,4.4,4.445,130.0,4.436,93
2025-05-19,4.402,4.406,4.288,4.303,236.0,4.3451,146
2025-05-20,4.309,4.397,4.307,4.392,330.0,4.351,250
2025-05-21,4.393,4.461,4.387,4.399,100.0,4.4251,92
2025-05-22,4.398,4.435,4.382,4.408,97.0,4.408,86
2025-05-23,4.433,4.454,4.408,4.45,184.0,4.4344,100
2025-05-27,4.46,4.504,4.424,4.451,166.0,4.4805,74
2025-05-28,4.449,4.462,4.388,4.402,42.0,4.4219,32
2025-05-29,4.405,4.405,4.325,4.368,208.0,4.3487,130
2025-05-30,4.369,4.4,4.34,4.359,207.0,4.3631,116
2025-06-02,4.381,4.45,4.381,4.432,78.0,4.4209,68
2025-06-03,4.436,4.472,4.414,4.462,223.0,4.453,93
2025-06-04,4.462,4.514,4.46,4.505,287.0,4.4962,226
2025-06-05,4.5,4.525,4.5,4.507,74.0,4.5152,58
2025-06-06,4.518,4.556,4.514,4.552,420.0,4.5379,278
2025-06-09,4.519,4.533,4.49,4.533,170.0,4.5012,93
2025-06-10,4.543,4.551,4.495,4.513,152.0,4.5164,105
2025-06-11,4.507,4.525,4.463,4.488,201.0,4.496,142
2025-06-12,4.501,4.524,4.463,4.464,264.0,4.4886,161
2025-06-13,4.478,4.498,4.448,4.481,169.0,4.4797,128
2025-06-16,4.513,4.519,4.492,4.507,125.0,4.505,88
2025-06-17,4.519,4.564,4.511,4.551,261.0,4.5436,197
2025-06-18,4.563,4.615,4.558,4.579,540.0,4.5793,262
2025-06-20,4.581,4.634,4.563,4.577,423.0,4.6088,288
2025-06-23,4.6,4.607,4.527,4.547,186.0,4.5568,115
2025-06-24,4.522,4.557,4.496,4.511,180.0,4.5177,141
2025-06-25,4.517,4.517,4.488,4.5,57.0,4.5013,31
2025-06-26,4.487,4.512,4.47,4.506,276.0,4.4947,143
2025-06-27,4.537,4.549,4.517,4.539,444.0,4.5376,237
2025-06-30,4.507,4.507,4.405,4.425,260.0,4.4301,139
2025-07-01,4.442,4.442,4.292,4.407,391.0,4.3404,246
2025-07-02,4.378,4.426,4.353,4.417,164.0,4.3986,114
2025-07-03,4.424,4.469,4.347,4.363,254.0,4.4021,195
2025-07-07,4.353,4.404,4.283,4.392,355.0,4.3584,214
2025-07-08,4.379,4.411,4.362,4.376,106.0,4.3901,75
2025-07-09,4.365,4.372,4.304,4.361,487.0,4.3344,342
2025-07-10,4.345,4.417,4.333,4.405,189.0,4.3626,142
2025-07-11,4.403,4.447,4.4,4.44,157.0,4.4299,104
2025-07-14,4.472,4.497,4.47,4.477,183.0,4.4835,135
2025-07-15,4.478,4.509,4.475,4.499,283.0,4.495,179
2025-07-16,4.504,4.511,4.48,4.505,435.0,4.5004,232
2025-07-17,4.496,4.509,4.446,4.469,236.0,4.4769,159
2025-07-18,4.469,4.481,4.351,4.443,672.0,4.4321,405
2025-07-21,4.37,4.372,4.308,4.349,294.0,4.3362,201
2025-07-22,4.349,4.364,4.293,4.364,436.0,4.3369,286
2025-07-23,4.348,4.349,4.256,4.28,418.0,4.2905,293
2025-07-24,4.261,4.301,4.248,4.259,486.0,4.2669,303
2025-07-25,4.252,4.275,4.211,4.225,401.0,4.2371,239
2025-07-28,4.205,4.218,4.109,4.146,1024.0,4.143,643
2025-07-29,4.154,4.183,4.146,4.166,579.0,4.1628,364
2025-07-30,4.188,4.212,4.13,4.162,512.0,4.1648,381
2025-07-31,4.135,4.209,4.127,4.206,530.0,4.1682,282
2025-08-01,4.187,4.218,4.18,4.211,205.0,4.1992,155
2025-08-04,4.187,4.197,4.107,4.134,622.0,4.1289,415
2025-08-05,4.13,4.162,4.119,4.143,880.0,4.1423,489
2025-08-06,4.151,4.182,4.111,4.174,396.0,4.1624,239
2025-08-07,4.173,4.199,4.145,4.179,364.0,4.1679,229
2025-08-08,4.179,4.195,4.12,4.137,480.0,4.1412,282
2025-08-11,4.098,4.161,4.087,4.149,291.0,4.1209,197
2025-08-12,4.155,4.155,4.096,4.116,1442.0,4.122,811
2025-08-13,4.12,4.128,4.079,4.096,596.0,4.0958,405
2025-08-14,4.08,4.092,4.052,4.071,604.0,4.0694,406
2025-08-15,4.084,4.131,4.058,4.103,190.0,4.1006,139
2025-08-18,4.078,4.126,4.076,4.116,133.0,4.0969,95
2025-08-19,4.106,4.107,4.055,4.081,382.0,4.0697,242
2025-08-20,4.07,4.095,4.063,4.081,589.0,4.0803,443
2025-08-21,4.098,4.113,4.068,4.097,351.0,4.0905,219
2025-08-22,4.095,4.102,4.052,4.061,354.0,4.0721,237
2025-08-25,4.05,4.05,4.012,4.039,319.0,4.0299,222
2025-08-26,4.041,4.08,4.013,4.062,268.0,4.0535,158
2025-08-27,4.087,4.13,4.085,4.101,341.0,4.1066,199
2025-08-28,4.099,4.165,4.082,4.142,544.0,4.1388,290
2025-08-29,4.144,4.181,4.131,4.165,397.0,4.1581,180
2025-09-02,4.134,4.175,4.119,4.137,269.0,4.1372,190
2025-09-03,4.129,4.181,4.121,4.138,557.0,4.152,282
2025-09-04,4.146,4.146,4.116,4.135,377.0,4.1286,245
2025-09-05,4.137,4.146,4.079,4.09,662.0,4.1183,415
2025-09-08,4.136,4.136,4.092,4.113,803.0,4.1169,444
2025-09-09,4.123,4.135,4.074,4.118,910.0,4.0987,604
2025-09-10,4.119,4.129,4.091,4.1,283.0,4.109,209
2025-09-11,4.098,4.123,4.093,4.11,444.0,4.1082,309
2025-09-12,4.098,4.12,4.082,4.089,622.0,4.0982,430
2025-09-15,4.086,4.123,4.056,4.122,268.0,4.0906,189
2025-09-16,4.08,4.151,4.08,4.15,759.0,4.1399,472
2025-09-17,4.153,4.173,4.128,4.16,503.0,4.1596,315
2025-09-18,4.159,4.164,4.11,4.124,550.0,4.1325,352
2025-09-19,4.11,4.157,4.104,4.119,500.0,4.1277,351
2025-09-22,4.134,4.134,4.086,4.093,1210.0,4.1096,876
2025-09-23,4.083,4.093,4.059,4.073,1069.0,4.0724,728
2025-09-24,4.063,4.079,4.053,4.071,636.0,4.0659,484
2025-09-25,4.076,4.121,4.07,4.089,955.0,4.0969,506
2025-09-26,4.108,4.117,4.078,4.106,1047.0,4.0937,581
2025-09-29,4.083,4.145,4.083,4.138,799.0,4.1162,530
2025-09-30,4.149,4.161,4.124,4.129,667.0,4.1398,394
2025-10-01,4.146,4.22,4.13,4.212,1055.0,4.174,797
2025-10-02,4.207,4.294,4.192,4.256,1216.0,4.2515,892
2025-10-03,4.264,4.282,4.242,4.26,864.0,4.264,678
2025-10-06,4.291,4.317,4.253,4.266,675.0,4.2706,535
2025-10-07,4.267,4.333,4.245,4.321,1173.0,4.2944,893
2025-10-08,4.314,4.331,4.276,4.286,678.0,4.2934,514
2025-10-09,4.26,4.292,4.231,4.252,798.0,4.2525,562
2025-10-10,4.233,4.233,4.189,4.203,1260.0,4.2049,843
2025-10-13,4.196,4.21,4.168,4.203,749.0,4.1881,606
2025-10-14,4.181,4.182,4.133,4.144,1145.0,4.1457,808
2025-10-15,4.139,4.167,4.108,4.147,1144.0,4.1297,900
2025-10-16,4.153,4.173,4.116,4.119,1002.0,4.1415,669
2025-10-17,4.107,4.165,4.091,4.165,939.0,4.1385,754
2025-10-20,4.208,4.273,4.202,4.27,1823.0,4.2435,1244
2025-10-21,4.236,4.313,4.231,4.287,1530.0,4.2644,1145
2025-10-22,4.296,4.313,4.244,4.262,1244.0,4.2701,902
2025-10-23,4.27,4.303,4.224,4.251,1105.0,4.2547,795
2025-10-24,4.227,4.255,4.189,4.232,1133.0,4.2225,835
2025-10-27,4.253,4.266,4.202,4.251,1204.0,4.2318,880
2025-10-28,4.23,4.234,4.169,4.19,1566.0,4.1884,1125
2025-10-29,4.186,4.19,4.143,4.169,2105.0,4.1631,1298
2025-10-30,4.165,4.273,4.149,4.222,1425.0,4.2051,943
2025-10-31,4.27,4.305,4.241,4.28,1680.0,4.2707,1173
2025-11-03,4.293,4.327,4.25,4.327,1605.0,4.2929,1253
2025-11-04,4.31,4.39,4.291,4.356,1584.0,4.3347,1175
2025-11-05,4.336,4.354,4.288,4.301,1679.0,4.3193,1203
2025-11-06,4.288,4.331,4.256,4.309,1775.0,4.3052,1287
2025-11-07,4.315,4.332,4.28,4.322,1352.0,4.3121,1049
2025-11-10,4.384,4.385,4.267,4.307,1101.0,4.312,811
2025-11-11,4.322,4.4,4.291,4.393,2407.0,4.3702,1591
2025-11-12,4.39,4.415,4.363,4.396,1749.0,4.3886,1300
2025-11-13,4.395,4.447,4.382,4.416,2095.0,4.424,1481
2025-11-14,4.406,4.406,4.318,4.366,1990.0,4.3445,1344
2025-11-17,4.33,4.366,4.312,4.337,1889.0,4.3396,1303
2025-11-18,4.31,4.349,4.278,4.323,1922.0,4.3096,1380
2025-11-19,4.329,4.393,4.318,4.378,1556.0,4.3674,1122
2025-11-20,4.385,4.419,4.355,4.365,1647.0,4.3845,1030
2025-11-21,4.37,4.401,4.34,4.374,1688.0,4.3639,1235
2025-11-24,4.329,4.347,4.297,4.347,2630.0,4.3238,1900
2025-11-25,4.288,4.326,4.235,4.259,2443.0,4.2587,1766
2025-11-26,4.256,4.291,4.235,4.261,1507.0,4.2599,1094
2025-11-28,4.277,4.315,4.241,4.303,778.0,4.2865,595
2025-12-01,4.331,4.334,4.28,4.308,2453.0,4.3008,1846
2025-12-02,4.258,4.322,4.258,4.316,2022.0,4.3102,1566
2025-12-03,4.324,4.441,4.315,4.435,3577.0,4.397,2575
2025-12-04,4.437,4.489,4.411,4.487,2919.0,4.4602,2108
2025-12-05,4.48,4.642,4.479,4.589,5997.0,4.5776,4297
2025-12-08,4.507,4.541,4.332,4.377,2500.0,4.41,1802
2025-12-09,4.356,4.356,4.262,4.267,2229.0,4.2996,1594
2025-12-10,4.296,4.314,4.226,4.282,1987.0,4.2811,1376
2025-12-11,4.291,4.291,4.187,4.205,2241.0,4.2097,1537
2025-12-12,4.181,4.181,4.068,4.082,2326.0,4.1043,1576
2025-12-15,4.124,4.124,3.991,4.037,1667.0,4.0335,1237
2025-12-16,4.061,4.061,3.964,4.003,2061.0,4.0011,1498
2025-12-17,4.028,4.087,4.014,4.059,1386.0,4.0565,962
2025-12-18,4.086,4.125,3.95,3.985,1843.0,4.0415,1308
2025-12-19,3.997,4.003,3.925,3.976,1990.0,3.9612,1443
2025-12-22,4.085,4.085,3.868,3.905,2754.0,3.9054,1690
2025-12-23,3.914,4.05,3.902,4.027,2222.0,3.9937,1668
2025-12-24,4.037,4.071,3.974,3.979,1374.0,4.0096,985
2025-12-26,3.998,4.057,3.995,4.042,1074.0,4.0363,707
2025-12-29,4.085,4.116,4.043,4.107,1160.0,4.0892,801
2025-12-30,4.105,4.171,4.088,4.099,1088.0,4.1283,759
2025-12-31,4.086,4.086,3.98,3.992,1180.0,4.0054,688
2026-01-02,3.962,3.981,3.913,3.921,1149.0,3.9496,776
2026-01-05,3.869,3.869,3.752,3.807,2821.0,3.7978,1970
2026-01-06,3.793,3.793,3.708,3.761,2584.0,3.7499,1889
2026-01-07,3.792,3.844,3.789,3.824,2276.0,3.8211,1596
2026-01-08,3.85,3.854,3.745,3.758,2086.0,3.7728,1579
2026-01-09,3.764,3.767,3.616,3.629,3601.0,3.6588,2521
2026-01-12,3.703,3.731,3.622,3.722,3136.0,3.6639,2407
2026-01-13,3.688,3.756,3.649,3.746,2272.0,3.7155,1607
2026-01-14,3.727,3.739,3.56,3.634,3354.0,3.6151,2353
2026-01-15,3.614,3.648,3.549,3.644,3924.0,3.594,2572
2026-01-16,3.657,3.678,3.596,3.638,1893.0,3.6288,1458
2026-01-20,3.772,3.933,3.731,3.925,6757.0,3.8701,4795
2026-01-21,3.897,4.17,3.848,4.063,7614.0,4.0595,5769
2026-01-22,4.053,4.188,3.998,4.136,5543.0,4.1262,4300
2026-01-23,4.123,4.212,4.075,4.178,4145.0,4.1517,3408
2026-01-26,4.374,4.383,4.168,4.314,5098.0,4.2677,4074
2026-01-27,4.302,4.321,4.151,4.276,5530.0,4.2589,4376
2026-01-28,4.25,4.324,4.18,4.259,3180.0,4.2508,2307
2026-01-29,4.249,4.33,4.222,4.323,2954.0,4.2803,2081
2026-01-30,4.287,4.609,4.266,4.565,4455.0,4.4978,3327
2026-02-02,4.262,4.329,3.821,3.915,14012.0,4.0521,9744
2026-02-03,3.9,4.019,3.826,3.947,3619.0,3.9496,2618
2026-02-04,3.994,4.075,3.954,4.035,2241.0,4.0262,1673
2026-02-05,4.033,4.1,3.971,4.046,2187.0,4.0424,1660
2026-02-06,4.046,4.12,3.955,3.99,2943.0,4.0315,1958
2026-02-09,3.908,3.908,3.814,3.879,3497.0,3.8641,2061
2026-02-10,3.871,3.932,3.851,3.884,2953.0,3.8963,2096
2026-02-11,3.905,3.955,3.846,3.92,2064.0,3.9032,1480
2026-02-12,3.943,3.99,3.904,3.92,2545.0,3.9403,1685
2026-02-13,3.918,3.918,3.831,3.902,1802.0,3.8661,1217
2026-02-17,3.792,3.87,3.756,3.784,2146.0,3.792,1555
2026-02-18,3.791,3.791,3.71,3.76,1864.0,3.7481,1322
2026-02-19,3.732,3.822,3.732,3.793,2270.0,3.7915,1597
2026-02-20,3.774,3.893,3.773,3.814,2443.0,3.8331,1599
2026-02-23,3.919,3.934,3.761,3.769,1337.0,3.8052,956
2026-02-24,3.779,3.779,3.702,3.712,1751.0,3.7305,1233
2026-02-25,3.714,3.775,3.699,3.732,1196.0,3.744,821
2026-02-26,3.74,3.74,3.672,3.712,1903.0,3.7013,1220
2026-02-27,3.719,3.759,3.707,3.735,1154.0,3.7383,767
2026-03-02,3.785,3.92,3.768,3.838,3580.0,3.8476,2194
2026-03-03,3.882,4.053,3.849,3.905,3909.0,3.973,2440
2026-03-04,3.875,3.92,3.789,3.807,2681.0,3.8231,1621
2026-03-05,3.822,3.974,3.816,3.919,3328.0,3.8952,2038
2026-03-06,3.919,4.132,3.887,4.028,4439.0,4.0556,2821
2026-03-09,4.153,4.28,3.844,3.942,5149.0,4.0459,3295
2026-03-10,3.865,3.93,3.804,3.866,4164.0,3.8566,2506
2026-03-11,3.907,4.031,3.877,4.024,2682.0,3.975,1683
2026-03-12,4.047,4.109,3.959,4.013,4303.0,4.0168,2736
2026-03-13,4.005,4.052,3.907,3.931,3146.0,3.9477,2000
2026-03-16,3.954,3.954,3.81,3.828,2741.0,3.8593,1536
2026-03-17,3.847,3.909,3.825,3.85,1760.0,3.86,1082
2026-03-18,3.858,4.038,3.767,3.872,3815.0,3.8963,2342
2026-03-19,4.025,4.092,3.884,3.948,5578.0,3.9962,3639
2026-03-20,3.89,3.949,3.876,3.924,2371.0,3.9079,1492
2026-03-23,4.0,4.0,3.754,3.765,2842.0,3.8018,1833
2026-03-24,3.78,3.818,3.692,3.767,3167.0,3.7494,1920
2026-03-25,3.69,3.775,3.673,3.753,2253.0,3.7381,1390
2026-03-26,3.759,3.824,3.695,3.756,2477.0,3.7764,1618
2026-03-27,3.717,3.855,3.717,3.836,1903.0,3.8248,1132
2026-03-30,3.775,3.815,3.724,3.749,1753.0,3.7515,1038
2026-03-31,3.766,3.798,3.652,3.663,4275.0,3.7109,2289
2026-04-01,3.666,3.666,3.567,3.592,2447.0,3.6029,1286
2026-04-02,3.616,3.665,3.562,3.576,2544.0,3.6056,1452
2026-04-06,3.618,3.637,3.574,3.582,2079.0,3.5966,949
2026-04-07,3.587,3.649,3.559,3.641,2081.0,3.6265,1190
2026-04-08,3.608,3.608,3.51,3.534,3633.0,3.5368,2183
2026-04-09,3.556,3.571,3.494,3.516,2713.0,3.524,1867
2026-04-10,3.52,3.534,3.477,3.505,3247.0,3.5026,2137
2026-04-13,3.554,3.591,3.482,3.488,2501.0,3.5145,1623
2026-04-14,3.487,3.501,3.423,3.437,3772.0,3.4537,2185
2026-04-15,3.436,3.454,3.407,3.448,2534.0,3.4329,1572
2026-04-16,3.432,3.519,3.429,3.491,2306.0,3.4753,1358
2026-04-17,3.508,3.53,3.45,3.506,2975.0,3.501,1989
2026-04-20,3.549,3.555,3.494,3.522,2750.0,3.5226,1666
2026-04-21,3.505,3.56,3.495,3.542,3947.0,3.5384,2350
2026-04-22,3.541,3.6,3.532,3.567,3518.0,3.5743,2066
2026-04-23,3.55,3.575,3.448,3.499,3419.0,3.4847,1917
2026-04-24,3.479,3.481,3.414,3.444,2351.0,3.4418,1235
2026-04-27,3.45,3.519,3.45,3.466,2363.0,3.4882,1506
2026-04-28,3.464,3.494,3.427,3.448,1939.0,3.4621,1251
2026-04-29,3.437,3.447,3.385,3.412,3119.0,3.4092,1803
2026-04-30,3.408,3.503,3.366,3.492,5725.0,3.4501,3097
2026-05-01,3.475,3.538,3.475,3.515,2668.0,3.5077,1730
2026-05-04,3.506,3.612,3.505,3.606,4350.0,3.5848,2324
2026-05-05,3.589,3.597,3.491,3.514,3567.0,3.5369,1879
2026-05-06,3.501,3.503,3.403,3.44,4238.0,3.428,2611
2026-05-07,3.42,3.467,3.377,3.443,5147.0,3.4332,2531
2026-05-08,3.459,3.5,3.416,3.437,3771.0,3.4496,2125
2026-05-11,3.454,3.535,3.454,3.521,4069.0,3.5056,2278
2026-05-12,3.517,3.533,3.429,3.456,3164.0,3.4648,1868
2026-05-13,3.446,3.485,3.415,3.442,3948.0,3.4475,2151
2026-05-14,3.446,3.466,3.391,3.438,4657.0,3.4363,2341
2026-05-15,3.473,3.487,3.425,3.46,4182.0,3.4563,2266
2026-05-18,3.484,3.535,3.463,3.511,4868.0,3.5029,3072
2026-05-19,3.515,3.61,3.508,3.599,7179.0,3.5733,2955
2026-05-20,3.592,3.611,3.462,3.468,5667.0,3.5194,2704
2026-05-21,3.484,3.501,3.418,3.449,4222.0,3.4535,2407
2026-05-22,3.428,3.441,3.309,3.317,5315.0,3.3568,2416
2026-05-26,3.31,3.389,3.275,3.286,4118.0,3.3327,2312
2026-05-27,3.286,3.392,3.251,3.341,7565.0,3.3511,4258
2026-05-28,3.336,3.513,3.321,3.496,6110.0,3.4553,3082
2026-05-29,3.533,3.584,3.494,3.542,5979.0,3.5523,3607
2026-06-01,3.616,3.631,3.461,3.493,5411.0,3.5144,3452
2026-06-02,3.484,3.53,3.415,3.462,3712.0,3.4654,2511
2026-06-03,3.458,3.536,3.448,3.495,2278.0,3.4913,1556
2026-06-04,3.516,3.612,3.504,3.579,3957.0,3.5822,2425
2026-06-05,3.606,3.616,3.482,3.499,4538.0,3.533,2956
2026-06-08,3.455,3.477,3.397,3.437,3343.0,3.4307,2111
2026-06-09,3.427,3.478,3.398,3.407,4424.0,3.434,2408
2026-06-10,3.405,3.486,3.357,3.424,4334.0,3.4412,2493
2026-06-11,3.428,3.437,3.32,3.346,6156.0,3.3587,3081
2026-06-12,3.339,3.365,3.288,3.343,4873.0,3.3318,3002
2026-06-15,3.316,3.358,3.257,3.348,4232.0,3.3209,2501
2026-06-16,3.347,3.449,3.337,3.429,3615.0,3.3953,2241
2026-06-17,3.443,3.482,3.355,3.38,4115.0,3.394,2313
2026-06-18,3.393,3.466,3.373,3.458,3866.0,3.4187,2353
2026-06-22,3.449,3.535,3.427,3.446,4375.0,3.4763,2501
2026-06-23,3.431,3.467,3.358,3.369,4136.0,3.3892,2621
2026-06-24,3.376,3.451,3.366,3.442,4705.0,3.4205,2745
2026-06-25,3.439,3.517,3.405,3.464,8181.0,3.4616,4253
2026-06-26,3.44,3.526,3.43,3.439,7548.0,3.4847,4112
2026-06-29,3.457,3.465,3.334,3.347,5205.0,3.3708,2950
2026-06-30,3.342,3.442,3.328,3.393,4528.0,3.4033,2772
2026-07-01,3.378,3.394,3.336,3.354,3546.0,3.3558,2065
2026-07-02,3.343,3.346,3.288,3.308,4261.0,3.3123,2546
2026-07-06,3.315,3.356,3.251,3.276,12218.0,3.2817,6052
2026-07-07,3.284,3.349,3.258,3.336,6345.0,3.3123,3548
2026-07-08,3.341,3.399,3.318,3.326,3798.0,3.3558,2309
2026-07-09,3.333,3.346,3.173,3.184,7773.0,3.2362,3988
2026-07-10,3.182,3.193,3.084,3.132,8950.0,3.1197,5028
2026-07-13,3.145,3.145,3.069,3.116,6539.0,3.0994,3585
2026-07-14,3.113,3.126,3.085,3.107,7669.0,3.1063,4221
2026-07-15,3.112,3.129,3.071,3.111,4649.0,3.1012,2709
2026-07-16,3.104,3.155,3.038,3.059,7025.0,3.0827,3983
2026-07-17,3.086,3.109,3.044,3.098,4080.0,3.0884,2512
2026-07-20,3.075,3.096,3.045,3.073,5703.0,3.0665,2838
2026-07-21,3.066,3.109,3.065,3.077,4614.0,3.0862,2408
2026-07-22,3.087,3.157,3.081,3.134,6362.0,3.1272,3329
2026-07-23,3.152,3.201,3.15,3.166,8033.0,3.173,3783
2026-07-24,3.164,3.23,3.122,3.129,7404.0,3.1786,3780
2026-07-27,3.099,3.103,3.02,3.037,6482.0,3.0405,3404
2026-07-28,3.02,3.025,2.956,2.982,15623.0,2.9851,6773
2026-07-29,2.962,3.041,2.954,3.019,7244.0,3.0048,3320
2026-07-30,3.016,3.041,2.977,3.019,8993.0,3.012,4624
2026-07-31,3.011,3.055,2.981,3.004,8035.0,3.0104,3441
2026-08-03,2.98,3.055,2.977,3.043,7658.0,3.0307,4062
2026-08-04,3.046,3.053,2.934,2.952,7672.0,2.9565,3643
2026-08-05,2.955,2.973,2.94,2.964,4965.0,2.9575,2746
2026-08-06,2.943,2.972,2.902,2.916,8755.0,2.926,4134
2026-08-07,2.909,2.982,2.899,2.966,8416.0,2.9597,4165
2026-08-10,3.0,3.098,3.0,3.092,13350.0,3.0721,6504
2026-08-11,3.078,3.112,3.055,3.076,9648.0,3.0784,4742
2026-08-12,3.062,3.125,3.06,3.091,9953.0,3.0991,4768
2026-08-13,3.073,3.082,2.982,2.994,12577.0,3.0146,5411
2026-08-14,2.994,3.036,2.968,2.986,9963.0,3.0064,4864
