date,open,high,low,close,volume,average,barCount
2017-03-14,3.186,3.186,3.186,3.186,0.0,3.186,0
2017-03-15,3.206,3.206,3.206,3.206,0.0,3.206,0
2017-03-16,3.225,3.225,3.225,3.225,0.0,3.225,0
2017-03-17,3.23,3.23,3.23,3.23,0.0,3.23,0
2017-03-20,3.233,3.233,3.233,3.233,0.0,3.233,0
2017-03-21,3.243,3.243,3.243,3.243,0.0,3.243,0
2017-03-22,3.245,3.245,3.245,3.245,0.0,3.245,0
2017-03-23,3.24,3.24,3.24,3.24,0.0,3.24,0
2017-03-24,3.206,3.206,3.206,3.206,0.0,3.206,0
2017-03-27,3.196,3.196,3.196,3.196,0.0,3.196,0
2017-03-28,3.187,3.187,3.187,3.187,0.0,3.187,0
2017-03-29,3.195,3.195,3.195,3.195,0.0,3.195,0
2017-03-30,3.198,3.198,3.198,3.198,0.0,3.198,0
2017-03-31,3.208,3.208,3.208,3.208,0.0,3.208,0
2017-04-03,3.215,3.215,3.215,3.215,0.0,3.215,0
2017-04-04,3.228,3.228,3.228,3.228,0.0,3.228,0
2017-04-05,3.247,3.247,3.247,3.247,0.0,3.247,0
2017-04-06,3.227,3.227,3.227,3.227,0.0,3.227,0
2017-04-07,3.241,3.241,3.241,3.241,0.0,3.241,0
2017-04-10,3.25,3.25,3.25,3.25,0.0,3.25,0
2017-04-11,3.281,3.281,3.281,3.281,0.0,3.281,0
2017-04-12,3.282,3.282,3.282,3.282,0.0,3.282,0
2017-04-13,3.297,3.297,3.297,3.297,0.0,3.297,0
2017-04-17,3.282,3.282,3.282,3.282,0.0,3.282,0
2017-04-18,3.312,3.312,3.312,3.312,0.0,3.312,0
2017-04-19,3.323,3.323,3.323,3.323,0.0,3.323,0
2017-04-20,3.357,3.357,3.357,3.357,0.0,3.357,0
2017-04-21,3.358,3.358,3.358,3.358,0.0,3.358,0
2017-04-24,3.317,3.317,3.317,3.317,0.0,3.317,0
2017-04-25,3.317,3.317,3.317,3.317,0.0,3.317,0
2017-04-26,3.308,3.308,3.308,3.308,0.0,3.308,0
2017-04-27,3.299,3.299,3.299,3.299,0.0,3.299,0
2017-04-28,3.32,3.32,3.32,3.32,0.0,3.32,0
2017-05-01,3.295,3.295,3.295,3.295,0.0,3.295,0
2017-05-02,3.296,3.296,3.296,3.296,0.0,3.296,0
2017-05-03,3.315,3.315,3.315,3.315,0.0,3.315,0
2017-05-04,3.358,3.358,3.358,3.358,0.0,3.358,0
2017-05-05,3.358,3.358,3.358,3.358,0.0,3.358,0
2017-05-08,3.349,3.349,3.349,3.349,0.0,3.349,0
2017-05-09,3.352,3.352,3.352,3.352,0.0,3.352,0
2017-05-10,3.353,3.353,3.353,3.353,0.0,3.353,0
2017-05-11,3.387,3.387,3.387,3.387,0.0,3.387,0
2017-05-12,3.391,3.391,3.391,3.391,0.0,3.391,0
2017-05-15,3.396,3.396,3.396,3.396,0.0,3.396,0
2017-05-16,3.413,3.413,3.413,3.413,0.0,3.413,0
2017-05-17,3.409,3.409,3.409,3.409,0.0,3.409,0
2017-05-18,3.396,3.396,3.396,3.396,0.0,3.396,0
2017-05-19,3.386,3.386,3.386,3.386,0.0,3.386,0
2017-05-22,3.388,3.388,3.388,3.388,0.0,3.388,0
2017-05-23,3.455,3.455,3.455,3.455,0.0,3.455,0
2017-05-24,3.457,3.457,3.457,3.457,0.0,3.457,0
2017-05-25,3.442,3.442,3.442,3.442,0.0,3.442,0
2017-05-26,3.427,3.427,3.427,3.427,0.0,3.427,0
2017-05-30,3.394,3.394,3.394,3.394,0.0,3.394,0
2017-05-31,3.39,3.39,3.39,3.39,0.0,3.39,0
2017-06-01,3.392,3.392,3.392,3.392,0.0,3.392,0
2017-06-02,3.382,3.382,3.382,3.382,0.0,3.382,0
2017-06-05,3.352,3.352,3.352,3.352,0.0,3.352,0
2017-06-06,3.294,3.294,3.294,3.294,0.0,3.294,0
2017-06-07,3.305,3.305,3.305,3.305,0.0,3.305,0
2017-06-08,3.323,3.323,3.323,3.323,0.0,3.323,0
2017-06-09,3.32,3.32,3.32,3.32,0.0,3.32,0
2017-06-12,3.322,3.322,3.322,3.322,0.0,3.322,0
2017-06-13,3.319,3.319,3.319,3.319,0.0,3.319,0
2017-06-14,3.308,3.308,3.308,3.308,0.0,3.308,0
2017-06-15,3.336,3.336,3.336,3.336,0.0,3.336,0
2017-06-16,3.325,3.325,3.325,3.325,0.0,3.325,0
2017-06-19,3.348,3.348,3.348,3.348,0.0,3.348,0
2017-06-20,3.39,3.39,3.39,3.39,0.0,3.39,0
2017-06-21,3.411,3.411,3.411,3.411,0.0,3.411,0
2017-06-22,3.405,3.405,3.405,3.405,0.0,3.405,0
2017-06-23,3.392,3.392,3.392,3.392,0.0,3.392,0
2017-06-26,3.369,3.369,3.369,3.369,0.0,3.369,0
2017-06-27,3.372,3.372,3.372,3.372,0.0,3.372,0
2017-06-28,3.362,3.362,3.362,3.362,0.0,3.362,0
2017-06-29,3.362,3.362,3.362,3.362,0.0,3.362,0
2017-06-30,3.375,3.375,3.375,3.375,0.0,3.375,0
2017-07-03,3.379,3.379,3.379,3.379,0.0,3.379,0
2017-07-05,3.363,3.363,3.363,3.363,0.0,3.363,0
2017-07-06,3.313,3.313,3.313,3.313,0.0,3.313,0
2017-07-07,3.308,3.308,3.308,3.308,0.0,3.308,0
2017-07-10,3.295,3.295,3.295,3.295,0.0,3.295,0
2017-07-11,3.292,3.292,3.292,3.292,0.0,3.292,0
2017-07-12,3.278,3.278,3.278,3.278,0.0,3.278,0
2017-07-13,3.291,3.291,3.291,3.291,0.0,3.291,0
2017-07-14,3.294,3.294,3.294,3.294,0.0,3.294,0
2017-07-17,3.287,3.287,3.287,3.287,0.0,3.287,0
2017-07-18,3.29,3.29,3.29,3.29,0.0,3.29,0
2017-07-19,3.275,3.275,3.275,3.275,0.0,3.275,0
2017-07-20,3.256,3.256,3.256,3.256,0.0,3.256,0
2017-07-21,3.255,3.255,3.255,3.255,0.0,3.255,0
2017-07-24,3.23,3.23,3.23,3.23,0.0,3.23,0
2017-07-25,3.206,3.206,3.206,3.206,0.0,3.206,0
2017-07-26,3.198,3.198,3.198,3.198,0.0,3.198,0
2017-07-27,3.199,3.199,3.199,3.199,0.0,3.199,0
2017-07-28,3.214,3.214,3.214,3.214,0.0,3.214,0
2017-07-31,3.19,3.19,3.19,3.19,0.0,3.19,0
2017-08-01,3.212,3.212,3.212,3.212,0.0,3.212,0
2017-08-02,3.221,3.221,3.221,3.221,0.0,3.221,0
2017-08-03,3.244,3.244,3.244,3.244,0.0,3.244,0
2017-08-04,3.254,3.254,3.254,3.254,0.0,3.254,0
2017-08-07,3.253,3.253,3.253,3.253,0.0,3.253,0
2017-08-08,3.235,3.235,3.235,3.235,0.0,3.235,0
2017-08-09,3.229,3.229,3.229,3.229,0.0,3.229,0
2017-08-10,3.226,3.226,3.226,3.226,0.0,3.226,0
2017-08-11,3.23,3.23,3.23,3.23,0.0,3.23,0
2017-08-14,3.226,3.226,3.226,3.226,0.0,3.226,0
2017-08-15,3.224,3.224,3.224,3.224,0.0,3.224,0
2017-08-16,3.214,3.214,3.214,3.214,0.0,3.214,0
2017-08-17,3.213,3.213,3.213,3.213,0.0,3.213,0
2017-08-18,3.213,3.213,3.213,3.213,0.0,3.213,0
2017-08-21,3.203,3.203,3.203,3.203,0.0,3.203,0
2017-08-22,3.195,3.195,3.195,3.195,0.0,3.195,0
2017-08-23,3.192,3.192,3.192,3.192,0.0,3.192,0
2017-08-24,3.145,3.145,3.145,3.145,0.0,3.145,0
2017-08-25,3.132,3.132,3.132,3.132,0.0,3.132,0
2017-08-28,3.145,3.145,3.145,3.145,0.0,3.145,0
2017-08-29,3.147,3.147,3.147,3.147,0.0,3.147,0
2017-08-30,3.121,3.121,3.121,3.121,0.0,3.121,0
2017-08-31,3.129,3.129,3.129,3.129,0.0,3.129,0
2017-09-01,3.13,3.13,3.13,3.13,0.0,3.13,0
2017-09-05,3.126,3.126,3.126,3.126,0.0,3.126,0
2017-09-06,3.087,3.087,3.087,3.087,0.0,3.087,0
2017-09-07,3.121,3.121,3.121,3.121,0.0,3.121,0
2017-09-08,3.125,3.125,3.125,3.125,0.0,3.125,0
2017-09-11,3.136,3.136,3.136,3.136,0.0,3.136,0
2017-09-12,3.114,3.114,3.114,3.114,0.0,3.114,0
2017-09-13,3.1,3.1,3.1,3.1,0.0,3.1,0
2017-09-14,3.089,3.089,3.089,3.089,0.0,3.089,0
2017-09-15,3.094,3.094,3.094,3.094,0.0,3.094,0
2017-09-18,3.094,3.094,3.094,3.094,0.0,3.094,0
2017-09-19,3.084,3.084,3.084,3.084,0.0,3.084,0
2017-09-20,3.074,3.074,3.074,3.074,0.0,3.074,0
2017-09-21,3.065,3.065,3.065,3.065,0.0,3.065,0
2017-09-22,3.079,3.079,3.079,3.079,0.0,3.079,0
2017-09-25,3.062,3.062,3.062,3.062,0.0,3.062,0
2017-09-26,3.072,3.072,3.072,3.072,0.0,3.072,0
2017-09-27,3.083,3.083,3.083,3.083,0.0,3.083,0
2017-09-28,3.082,3.082,3.082,3.082,0.0,3.082,0
2017-09-29,3.079,3.079,3.079,3.079,0.0,3.079,0
2017-10-02,3.092,3.092,3.092,3.092,0.0,3.092,0
2017-10-03,3.101,3.101,3.101,3.101,0.0,3.101,0
2017-10-04,3.1,3.1,3.1,3.1,0.0,3.1,0
2017-10-05,3.109,3.109,3.109,3.109,0.0,3.109,0
2017-10-06,3.101,3.101,3.101,3.101,0.0,3.101,0
2017-10-09,3.111,3.111,3.111,3.111,0.0,3.111,0
2017-10-10,3.101,3.101,3.101,3.101,0.0,3.101,0
2017-10-11,3.114,3.114,3.114,3.114,0.0,3.114,0
2017-10-12,3.158,3.158,3.158,3.158,0.0,3.158,0
2017-10-13,3.154,3.154,3.154,3.154,0.0,3.154,0
2017-10-16,3.19,3.19,3.19,3.19,0.0,3.19,0
2017-10-17,3.237,3.237,3.237,3.237,0.0,3.237,0
2017-10-18,3.241,3.241,3.241,3.241,0.0,3.241,0
2017-10-19,3.263,3.263,3.263,3.263,0.0,3.263,0
2017-10-20,3.303,3.303,3.303,3.303,0.0,3.303,0
2017-10-23,3.283,3.283,3.283,3.283,0.0,3.283,0
2017-10-24,3.282,3.282,3.282,3.282,0.0,3.282,0
2017-10-25,3.283,3.283,3.283,3.283,0.0,3.283,0
2017-10-26,3.276,3.276,3.276,3.276,0.0,3.276,0
2017-10-27,3.256,3.256,3.256,3.256,0.0,3.256,0
2017-10-30,3.291,3.291,3.291,3.291,0.0,3.291,0
2017-10-31,3.292,3.292,3.292,3.292,0.0,3.292,0
2017-11-01,3.302,3.302,3.302,3.302,0.0,3.302,0
2017-11-02,3.284,3.284,3.284,3.284,0.0,3.284,0
2017-11-03,3.281,3.281,3.281,3.281,0.0,3.281,0
2017-11-06,3.276,3.276,3.276,3.276,0.0,3.276,0
2017-11-07,3.275,3.275,3.275,3.275,0.0,3.275,0
2017-11-08,3.273,3.273,3.273,3.273,0.0,3.273,0
2017-11-09,3.283,3.283,3.283,3.283,0.0,3.283,0
2017-11-10,3.265,3.265,3.265,3.265,0.0,3.265,0
2017-11-13,3.249,3.249,3.249,3.249,0.0,3.249,0
2017-11-14,3.234,3.234,3.234,3.234,0.0,3.234,0
2017-11-15,3.226,3.226,3.226,3.226,0.0,3.226,0
2017-11-16,3.23,3.23,3.23,3.23,0.0,3.23,0
2017-11-17,3.225,3.225,3.225,3.225,0.0,3.225,0
2017-11-20,3.218,3.218,3.218,3.218,0.0,3.218,0
2017-11-21,3.216,3.216,3.216,3.216,0.0,3.216,0
2017-11-22,3.203,3.203,3.203,3.203,0.0,3.203,0
2017-11-24,3.206,3.206,3.206,3.206,0.0,3.206,0
2017-11-27,3.209,3.209,3.209,3.209,0.0,3.209,0
2017-11-28,3.207,3.207,3.207,3.207,0.0,3.207,0
2017-11-29,3.216,3.216,3.216,3.216,0.0,3.216,0
2017-11-30,3.214,3.214,3.214,3.214,0.0,3.214,0
2017-12-01,3.172,3.172,3.172,3.172,0.0,3.172,0
2017-12-04,3.156,3.156,3.156,3.156,0.0,3.156,0
2017-12-05,3.142,3.142,3.142,3.142,0.0,3.142,0
2017-12-06,3.124,3.124,3.124,3.124,0.0,3.124,0
2017-12-07,3.13,3.13,3.13,3.13,0.0,3.13,0
2017-12-08,3.125,3.125,3.125,3.125,0.0,3.125,0
2017-12-11,3.118,3.118,3.118,3.118,0.0,3.118,0
2017-12-12,3.128,3.128,3.128,3.128,0.0,3.128,0
2017-12-13,3.151,3.151,3.151,3.151,0.0,3.151,0
2017-12-14,3.162,3.162,3.162,3.162,0.0,3.162,0
2017-12-15,3.17,3.17,3.17,3.17,0.0,3.17,0
2017-12-18,3.19,3.19,3.19,3.19,0.0,3.19,0
2017-12-19,3.192,3.192,3.192,3.192,0.0,3.192,0
2017-12-20,3.178,3.178,3.178,3.178,0.0,3.178,0
2017-12-21,3.195,3.195,3.195,3.195,0.0,3.195,0
2017-12-22,3.218,3.218,3.218,3.218,0.0,3.218,0
2017-12-26,3.219,3.219,3.219,3.219,0.0,3.219,0
2017-12-27,3.192,3.192,3.192,3.192,0.0,3.192,0
2017-12-28,3.157,3.157,3.157,3.157,0.0,3.157,0
2017-12-29,3.15,3.15,3.15,3.15,0.0,3.15,0
2018-01-02,3.143,3.143,3.143,3.143,0.0,3.143,0
2018-01-03,3.144,3.144,3.144,3.144,0.0,3.144,0
2018-01-04,3.176,3.176,3.176,3.176,0.0,3.176,0
2018-01-05,3.17,3.17,3.17,3.17,0.0,3.17,0
2018-01-08,3.165,3.165,3.165,3.165,0.0,3.165,0
2018-01-09,3.15,3.15,3.15,3.15,0.0,3.15,0
2018-01-10,3.143,3.143,3.143,3.143,0.0,3.143,0
2018-01-11,3.156,3.156,3.156,3.156,0.0,3.156,0
2018-01-12,3.143,3.143,3.143,3.143,0.0,3.143,0
2018-01-16,3.106,3.106,3.106,3.106,0.0,3.106,0
2018-01-17,3.1,3.1,3.1,3.1,0.0,3.1,0
2018-01-18,3.098,3.098,3.098,3.098,0.0,3.098,0
2018-01-19,3.108,3.108,3.108,3.108,0.0,3.108,0
2018-01-22,3.127,3.127,3.127,3.127,0.0,3.127,0
2018-01-23,3.139,3.139,3.139,3.139,0.0,3.139,0
2018-01-24,3.153,3.153,3.153,3.153,0.0,3.153,0
2018-01-25,3.186,3.186,3.186,3.186,0.0,3.186,0
2018-01-26,3.152,3.152,3.152,3.152,0.0,3.152,0
2018-01-29,3.154,3.154,3.154,3.154,0.0,3.154,0
2018-01-30,3.169,3.169,3.169,3.169,0.0,3.169,0
2018-01-31,3.138,3.138,3.138,3.138,0.0,3.138,0
2018-02-01,3.134,3.134,3.134,3.134,0.0,3.134,0
2018-02-02,3.159,3.159,3.159,3.159,0.0,3.159,0
2018-02-05,3.181,3.181,3.181,3.181,0.0,3.181,0
2018-02-06,3.165,3.165,3.165,3.165,0.0,3.165,0
2018-02-07,3.143,3.143,3.143,3.143,0.0,3.143,0
2018-02-08,3.156,3.156,3.156,3.156,0.0,3.156,0
2018-02-09,3.121,3.121,3.121,3.121,0.0,3.121,0
2018-02-12,3.111,3.111,3.111,3.111,0.0,3.111,0
2018-02-13,3.103,3.103,3.103,3.103,0.0,3.103,0
2018-02-14,3.107,3.107,3.107,3.107,0.0,3.107,0
2018-02-15,3.11,3.11,3.11,3.11,0.0,3.11,0
2018-02-16,3.127,3.127,3.127,3.127,0.0,3.127,0
2018-02-20,3.127,3.127,3.127,3.127,0.0,3.127,0
2018-02-21,3.145,3.145,3.145,3.145,0.0,3.145,0
2018-02-22,3.157,3.157,3.157,3.157,0.0,3.157,0
2018-02-23,3.149,3.149,3.149,3.149,0.0,3.149,0
2018-02-26,3.145,3.145,3.145,3.145,0.0,3.145,0
2018-02-27,3.148,3.148,3.148,3.148,0.0,3.148,0
2018-02-28,3.123,3.123,3.123,3.123,0.0,3.123,0
2018-03-01,3.156,3.156,3.156,3.156,0.0,3.156,0
2018-03-02,3.173,3.173,3.173,3.173,0.0,3.173,0
2018-03-05,3.191,3.191,3.191,3.191,0.0,3.191,0
2018-03-06,3.196,3.196,3.196,3.196,0.0,3.196,0
2018-03-07,3.187,3.187,3.187,3.187,0.0,3.187,0
2018-03-08,3.151,3.151,3.151,3.151,0.0,3.151,0
2018-03-09,3.114,3.114,3.114,3.114,0.0,3.114,0
2018-03-12,3.12,3.12,3.12,3.12,0.0,3.12,0
2018-03-13,3.127,3.127,3.127,3.127,0.0,3.127,0
2018-03-14,3.147,3.147,3.147,3.147,0.0,3.147,0
2018-03-15,3.205,3.205,3.205,3.205,0.0,3.205,0
2018-03-16,3.204,3.204,3.204,3.204,0.0,3.204,0
2018-03-19,3.194,3.194,3.194,3.194,0.0,3.194,0
2018-03-20,3.199,3.199,3.199,3.199,0.0,3.199,0
2018-03-21,3.207,3.207,3.207,3.207,0.0,3.207,0
2018-03-22,3.195,3.195,3.195,3.195,0.0,3.195,0
2018-03-23,3.117,3.117,3.117,3.117,0.0,3.117,0
2018-03-26,3.145,3.145,3.145,3.145,0.0,3.145,0
2018-03-27,3.155,3.155,3.155,3.155,0.0,3.155,0
2018-03-28,3.178,3.178,3.178,3.178,0.0,3.178,0
2018-03-29,3.216,3.216,3.216,3.216,0.0,3.216,0
2018-04-02,3.198,3.198,3.198,3.198,0.0,3.198,0
2018-04-03,3.176,3.176,3.176,3.176,0.0,3.176,0
2018-04-04,3.15,3.15,3.15,3.15,0.0,3.15,0
2018-04-05,3.166,3.166,3.166,3.166,0.0,3.166,0
2018-04-06,3.16,3.16,3.16,3.16,0.0,3.16,0
2018-04-09,3.144,3.144,3.144,3.144,0.0,3.144,0
2018-04-10,3.153,3.153,3.153,3.153,0.0,3.153,0
2018-04-11,3.161,3.161,3.161,3.161,0.0,3.161,0
2018-04-12,3.184,3.184,3.184,3.184,0.0,3.184,0
2018-04-13,3.177,3.177,3.177,3.177,0.0,3.177,0
2018-04-16,3.179,3.179,3.179,3.179,0.0,3.179,0
2018-04-17,3.144,3.144,3.144,3.144,0.0,3.144,0
2018-04-18,3.145,3.145,3.145,3.145,0.0,3.145,0
2018-04-19,3.147,3.147,3.147,3.147,0.0,3.147,0
2018-04-20,3.155,3.155,3.155,3.155,0.0,3.155,0
2018-04-23,3.156,3.156,3.156,3.156,0.0,3.156,0
2018-04-24,3.154,3.154,3.154,3.154,0.0,3.154,0
2018-04-25,3.143,3.143,3.143,3.143,0.0,3.143,0
2018-04-26,3.133,3.133,3.133,3.133,0.0,3.133,0
2018-04-27,3.135,3.135,3.135,3.135,0.0,3.135,0
2018-04-30,3.134,3.134,3.134,3.134,0.0,3.134,0
2018-05-01,3.114,3.114,3.114,3.114,0.0,3.114,0
2018-05-02,3.127,3.127,3.127,3.127,0.0,3.127,0
2018-05-03,3.137,3.137,3.137,3.137,0.0,3.137,0
2018-05-04,3.135,3.135,3.135,3.135,0.0,3.135,0
2018-05-07,3.133,3.133,3.133,3.133,0.0,3.133,0
2018-05-08,3.088,3.088,3.088,3.088,0.0,3.088,0
2018-05-09,3.074,3.074,3.074,3.074,0.0,3.074,0
2018-05-10,3.07,3.07,3.07,3.07,0.0,3.07,0
2018-05-11,3.073,3.073,3.073,3.073,0.0,3.073,0
2018-05-14,3.065,3.065,3.065,3.065,0.0,3.065,0
2018-05-15,3.099,3.099,3.099,3.099,0.0,3.099,0
2018-05-16,3.078,3.078,3.078,3.078,0.0,3.078,0
2018-05-17,3.085,3.085,3.085,3.085,0.0,3.085,0
2018-05-18,3.1,3.1,3.1,3.1,0.0,3.1,0
2018-05-21,3.095,3.095,3.095,3.095,0.0,3.095,0
2018-05-22,3.085,3.085,3.085,3.085,0.0,3.085,0
2018-05-23,3.062,3.062,3.062,3.062,0.0,3.062,0
2018-05-24,3.056,3.056,3.056,3.056,0.0,3.056,0
2018-05-25,3.028,3.028,3.028,3.028,0.0,3.028,0
2018-05-29,3.006,3.006,3.006,3.006,0.0,3.006,0
2018-05-30,3.017,3.017,3.017,3.017,0.0,3.017,0
2018-05-31,2.99,2.99,2.99,2.99,0.0,2.99,0
2018-06-01,2.98,2.98,2.98,2.98,0.0,2.98,0
2018-06-04,2.993,2.993,2.993,2.993,0.0,2.993,0
2018-06-05,3.008,3.008,3.008,3.008,0.0,3.008,0
2018-06-06,3.005,3.005,3.005,3.005,0.0,3.005,0
2018-06-07,3.003,3.003,3.003,3.003,0.0,3.003,0
2018-06-08,3.005,3.005,3.005,3.005,0.0,3.005,0
2018-06-11,3.004,3.004,3.004,3.004,0.0,3.004,0
2018-06-12,3.023,3.023,3.023,3.023,0.0,3.023,0
2018-06-13,3.034,3.034,3.034,3.034,0.0,3.034,0
2018-06-14,3.05,3.05,3.05,3.05,0.0,3.05,0
2018-06-15,3.055,3.055,3.055,3.055,0.0,3.055,0
2018-06-18,3.091,3.091,3.091,3.091,0.0,3.091,0
2018-06-19,3.093,3.093,3.093,3.093,0.0,3.093,0
2018-06-20,3.092,3.092,3.092,3.092,0.0,3.092,0
2018-06-21,3.069,3.069,3.069,3.069,0.0,3.069,0
2018-06-22,3.071,3.071,3.071,3.071,0.0,3.071,0
2018-06-25,3.067,3.067,3.067,3.067,0.0,3.067,0
2018-06-26,3.064,3.064,3.064,3.064,0.0,3.064,0
2018-06-27,3.067,3.067,3.067,3.067,0.0,3.067,0
2018-06-28,3.046,3.046,3.046,3.046,0.0,3.046,0
2018-06-29,3.043,3.043,3.043,3.043,0.0,3.043,0
2018-07-02,3.034,3.034,3.034,3.034,0.0,3.034,0
2018-07-03,3.031,3.031,3.031,3.031,0.0,3.031,0
2018-07-05,3.033,3.033,3.033,3.033,0.0,3.033,0
2018-07-06,3.032,3.032,3.032,3.032,0.0,3.032,0
2018-07-09,3.023,3.023,3.023,3.023,0.0,3.023,0
2018-07-10,3.027,3.027,3.027,3.027,0.0,3.027,0
2018-07-11,3.005,3.005,3.005,3.005,0.0,3.005,0
2018-07-12,3.002,3.002,3.002,3.002,0.0,3.002,0
2018-07-13,2.997,2.997,2.997,2.997,0.0,2.997,0
2018-07-16,2.97,2.97,2.97,2.97,0.0,2.97,0
2018-07-17,2.955,2.955,2.955,2.955,0.0,2.955,0
2018-07-18,2.934,2.934,2.934,2.934,0.0,2.934,0
2018-07-19,2.928,2.928,2.928,2.928,0.0,2.928,0
2018-07-20,2.934,2.934,2.934,2.934,0.0,2.934,0
2018-07-23,2.943,2.943,2.943,2.943,0.0,2.943,0
2018-07-24,2.951,2.951,2.951,2.951,0.0,2.951,0
2018-07-25,2.985,2.985,2.985,2.985,0.0,2.985,0
2018-07-26,2.981,2.981,2.981,2.981,0.0,2.981,0
2018-07-27,3.002,3.002,3.002,3.002,0.0,3.002,0
2018-07-30,3.006,3.006,3.006,3.006,0.0,3.006,0
2018-07-31,3.009,3.009,3.009,3.009,0.0,3.009,0
2018-08-01,2.979,2.979,2.979,2.979,0.0,2.979,0
2018-08-02,2.983,2.983,2.983,2.983,0.0,2.983,0
2018-08-03,2.983,2.983,2.983,2.983,0.0,2.983,0
2018-08-06,2.977,2.977,2.977,2.977,0.0,2.977,0
2018-08-07,3.01,3.01,3.01,3.01,0.0,3.01,0
2018-08-08,3.023,3.023,3.023,3.023,0.0,3.023,0
2018-08-09,3.023,3.023,3.023,3.023,0.0,3.023,0
2018-08-10,3.02,3.02,3.02,3.02,0.0,3.02,0
2018-08-13,3.021,3.021,3.021,3.021,0.0,3.021,0
2018-08-14,3.02,3.02,3.02,3.02,0.0,3.02,0
2018-08-15,3.021,3.021,3.021,3.021,0.0,3.021,0
2018-08-16,3.011,3.011,3.011,3.011,0.0,3.011,0
2018-08-17,3.013,3.013,3.013,3.013,0.0,3.013,0
2018-08-20,3.012,3.012,3.012,3.012,0.0,3.012,0
2018-08-21,3.025,3.025,3.025,3.025,0.0,3.025,0
2018-08-22,3.012,3.012,3.012,3.012,0.0,3.012,0
2018-08-23,3.009,3.009,3.009,3.009,0.0,3.009,0
2018-08-24,2.999,2.999,2.999,2.999,0.0,2.999,0
2018-08-27,2.969,2.969,2.969,2.969,0.0,2.969,0
2018-08-28,2.945,2.945,2.945,2.945,0.0,2.945,0
2018-08-29,2.949,2.949,2.949,2.949,0.0,2.949,0
2018-08-30,2.93,2.93,2.93,2.93,0.0,2.93,0
2018-08-31,2.944,2.944,2.944,2.944,0.0,2.944,0
2018-09-04,2.929,2.929,2.929,2.929,0.0,2.929,0
2018-09-05,2.934,2.934,2.934,2.934,0.0,2.934,0
2018-09-06,2.953,2.953,2.953,2.953,0.0,2.953,0
2018-09-07,2.952,2.952,2.952,2.952,0.0,2.952,0
2018-09-10,2.955,2.955,2.955,2.955,0.0,2.955,0
2018-09-11,2.952,2.952,2.952,2.952,0.0,2.952,0
2018-09-12,2.962,2.962,2.962,2.962,0.0,2.962,0
2018-09-13,2.978,2.978,2.978,2.978,0.0,2.978,0
2018-09-14,2.984,2.984,2.984,2.984,0.0,2.984,0
2018-09-17,2.988,2.988,2.988,2.988,0.0,2.988,0
2018-09-18,2.996,2.996,2.996,2.996,0.0,2.996,0
2018-09-19,2.993,2.993,2.993,2.993,0.0,2.993,0
2018-09-20,2.997,2.997,2.997,2.997,0.0,2.997,0
2018-09-21,2.995,2.995,2.995,2.995,0.0,2.995,0
2018-09-24,2.993,2.993,2.993,2.993,0.0,2.993,0
2018-09-25,2.996,2.996,2.996,2.996,0.0,2.996,0
2018-09-26,3.005,3.005,3.005,3.005,0.0,3.005,0
2018-09-27,3.006,3.006,3.006,3.006,0.0,3.006,0
2018-09-28,3.007,3.007,3.007,3.007,0.0,3.007,0
2018-10-01,3.012,3.012,3.012,3.012,0.0,3.012,0
2018-10-02,3.01,3.01,3.01,3.01,0.0,3.01,0
2018-10-03,3.009,3.009,3.009,3.009,0.0,3.009,0
2018-10-04,3.01,3.01,3.01,3.01,0.0,3.01,0
2018-10-05,3.013,3.013,3.013,3.013,0.0,3.013,0
2018-10-08,3.018,3.018,3.018,3.018,0.0,3.018,0
2018-10-09,3.013,3.013,3.013,3.013,0.0,3.013,0
2018-10-10,3.009,3.009,3.009,3.009,0.0,3.009,0
2018-10-11,3.034,3.034,3.034,3.034,0.0,3.034,0
2018-10-12,3.054,3.054,3.054,3.054,0.0,3.054,0
2018-10-15,3.053,3.053,3.053,3.053,0.0,3.053,0
2018-10-16,3.073,3.073,3.073,3.073,0.0,3.073,0
2018-10-17,3.068,3.068,3.068,3.068,0.0,3.068,0
2018-10-18,3.067,3.067,3.067,3.067,0.0,3.067,0
2018-10-19,3.064,3.064,3.064,3.064,0.0,3.064,0
2018-10-22,3.065,3.065,3.065,3.065,0.0,3.065,0
2018-10-23,3.064,3.064,3.064,3.064,0.0,3.064,0
2018-10-24,3.061,3.061,3.061,3.061,0.0,3.061,0
2018-10-25,3.051,3.051,3.051,3.051,0.0,3.051,0
2018-10-26,3.053,3.053,3.053,3.053,0.0,3.053,0
2018-10-29,3.054,3.054,3.054,3.054,0.0,3.054,0
2018-10-30,3.072,3.072,3.072,3.072,0.0,3.072,0
2018-10-31,3.071,3.071,3.071,3.071,0.0,3.071,0
2018-11-01,3.076,3.076,3.076,3.076,0.0,3.076,0
2018-11-02,3.083,3.083,3.083,3.083,0.0,3.083,0
2018-11-05,3.097,3.097,3.097,3.097,0.0,3.097,0
2018-11-06,3.113,3.113,3.113,3.113,0.0,3.113,0
2018-11-07,3.111,3.111,3.111,3.111,0.0,3.111,0
2018-11-08,3.112,3.112,3.112,3.112,0.0,3.112,0
2018-11-09,3.115,3.115,3.115,3.115,0.0,3.115,0
2018-11-12,3.138,3.138,3.138,3.138,0.0,3.138,0
2018-11-13,3.117,3.117,3.117,3.117,0.0,3.117,0
2018-11-14,3.101,3.101,3.101,3.101,0.0,3.101,0
2018-11-15,3.116,3.116,3.116,3.116,0.0,3.116,0
2018-11-16,3.087,3.087,3.087,3.087,0.0,3.087,0
2018-11-19,3.074,3.074,3.074,3.074,0.0,3.074,0
2018-11-20,3.072,3.072,3.072,3.072,0.0,3.072,0
2018-11-21,3.07,3.07,3.07,3.07,0.0,3.07,0
2018-11-23,3.095,3.095,3.095,3.095,0.0,3.095,0
2018-11-26,3.088,3.088,3.088,3.088,0.0,3.088,0
2018-11-27,3.084,3.084,3.084,3.084,0.0,3.084,0
2018-11-28,3.085,3.085,3.085,3.085,0.0,3.085,0
2018-11-29,3.117,3.117,3.117,3.117,0.0,3.117,0
2018-11-30,3.173,3.173,3.173,3.173,0.0,3.173,0
2018-12-03,3.145,3.145,3.145,3.145,0.0,3.145,0
2018-12-04,3.131,3.131,3.131,3.131,0.0,3.131,0
2018-12-05,3.122,3.122,3.122,3.122,0.0,3.122,0
2018-12-06,3.133,3.133,3.133,3.133,0.0,3.133,0
2018-12-07,3.14,3.14,3.14,3.14,0.0,3.14,0
2018-12-10,3.141,3.141,3.141,3.141,0.0,3.141,0
2018-12-11,3.116,3.116,3.116,3.116,0.0,3.116,0
2018-12-12,3.118,3.118,3.118,3.118,0.0,3.118,0
2018-12-13,3.086,3.086,3.086,3.086,0.0,3.086,0
2018-12-14,3.096,3.096,3.096,3.096,0.0,3.096,0
2018-12-17,3.095,3.095,3.095,3.095,0.0,3.095,0
2018-12-18,3.09,3.09,3.09,3.09,0.0,3.09,0
2018-12-19,3.113,3.113,3.113,3.113,0.0,3.113,0
2018-12-20,3.128,3.128,3.128,3.128,0.0,3.128,0
2018-12-21,3.131,3.131,3.131,3.131,0.0,3.131,0
2018-12-24,3.13,3.13,3.13,3.13,0.0,3.13,0
2018-12-26,3.127,3.127,3.127,3.127,0.0,3.127,0
2018-12-27,3.125,3.125,3.125,3.125,0.0,3.125,0
2018-12-28,3.123,3.123,3.123,3.123,0.0,3.123,0
2018-12-31,3.132,3.132,3.132,3.132,0.0,3.132,0
2019-01-02,3.132,3.132,3.132,3.132,0.0,3.132,0
2019-01-03,3.121,3.121,3.121,3.121,0.0,3.121,0
2019-01-04,3.123,3.123,3.123,3.123,0.0,3.123,0
2019-01-07,3.125,3.125,3.125,3.125,0.0,3.125,0
2019-01-08,3.118,3.118,3.118,3.118,0.0,3.118,0
2019-01-09,3.117,3.117,3.117,3.117,0.0,3.117,0
2019-01-10,3.115,3.115,3.115,3.115,0.0,3.115,0
2019-01-11,3.122,3.122,3.122,3.122,0.0,3.122,0
2019-01-14,3.121,3.121,3.121,3.121,0.0,3.121,0
2019-01-15,3.113,3.113,3.113,3.113,0.0,3.113,0
2019-01-16,3.082,3.082,3.082,3.082,0.0,3.082,0
2019-01-17,3.082,3.082,3.082,3.082,0.0,3.082,0
2019-01-18,3.095,3.095,3.095,3.095,0.0,3.095,0
2019-01-22,3.108,3.108,3.108,3.108,0.0,3.108,0
2019-01-23,3.09,3.09,3.09,3.09,0.0,3.09,0
2019-01-24,3.069,3.069,3.069,3.069,0.0,3.069,0
2019-01-25,3.114,3.114,3.114,3.114,0.0,3.114,0
2019-01-28,3.098,3.098,3.098,3.098,0.0,3.098,0
2019-01-29,3.101,3.101,3.101,3.101,0.0,3.101,0
2019-01-30,3.103,3.103,3.103,3.103,0.0,3.103,0
2019-01-31,3.104,3.104,3.104,3.104,0.0,3.104,0
2019-02-01,3.105,3.105,3.105,3.105,0.0,3.105,0
2019-02-04,3.092,3.092,3.092,3.092,0.0,3.092,0
2019-02-05,3.143,3.143,3.143,3.143,0.0,3.143,0
2019-02-06,3.14,3.14,3.14,3.14,0.0,3.14,0
2019-02-07,3.136,3.136,3.136,3.136,0.0,3.136,0
2019-02-08,3.138,3.138,3.138,3.138,0.0,3.138,0
2019-02-11,3.143,3.143,3.143,3.143,0.0,3.143,0
2019-02-12,3.151,3.151,3.151,3.151,0.0,3.151,0
2019-02-13,3.15,3.15,3.15,3.15,0.0,3.15,0
2019-02-14,3.156,3.156,3.156,3.156,0.0,3.156,0
2019-02-15,3.136,3.136,3.136,3.136,0.0,3.136,0
2019-02-19,3.127,3.127,3.127,3.127,0.0,3.127,0
2019-02-20,3.139,3.139,3.139,3.139,0.0,3.139,0
2019-02-21,3.126,3.126,3.126,3.126,0.0,3.126,0
2019-02-22,3.123,3.123,3.123,3.123,0.0,3.123,0
2019-02-25,3.115,3.115,3.115,3.115,0.0,3.115,0
2019-02-26,3.097,3.097,3.097,3.097,0.0,3.097,0
2019-02-27,3.133,3.133,3.133,3.133,0.0,3.133,0
2019-02-28,3.144,3.144,3.144,3.144,0.0,3.144,0
2019-03-01,3.143,3.143,3.143,3.143,0.0,3.143,0
2019-03-04,3.139,3.139,3.139,3.139,0.0,3.139,0
2019-03-05,3.137,3.137,3.137,3.137,0.0,3.137,0
2019-03-06,3.14,3.14,3.14,3.14,0.0,3.14,0
2019-03-07,3.145,3.145,3.145,3.145,0.0,3.145,0
2019-03-08,3.145,3.145,3.145,3.145,0.0,3.145,0
2019-03-11,3.172,3.172,3.172,3.172,0.0,3.172,0
2019-03-12,3.187,3.187,3.187,3.187,0.0,3.187,0
2019-03-13,3.196,3.196,3.196,3.196,0.0,3.196,0
2019-03-14,3.204,3.204,3.204,3.204,0.0,3.204,0
2019-03-15,3.205,3.205,3.205,3.205,0.0,3.205,0
2019-03-18,3.204,3.204,3.204,3.204,0.0,3.204,0
2019-03-19,3.205,3.205,3.205,3.205,0.0,3.205,0
2019-03-20,3.203,3.203,3.203,3.203,0.0,3.203,0
2019-03-21,3.213,3.213,3.213,3.213,0.0,3.213,0
2019-03-22,3.203,3.203,3.203,3.203,0.0,3.203,0
2019-03-25,3.202,3.202,3.202,3.202,0.0,3.202,0
2019-03-26,3.204,3.204,3.204,3.204,0.0,3.204,0
2019-03-27,3.195,3.195,3.195,3.195,0.0,3.195,0
2019-03-28,3.198,3.198,3.198,3.198,0.0,3.198,0
2019-03-29,3.197,3.197,3.197,3.197,0.0,3.197,0
2019-04-01,3.196,3.196,3.196,3.196,0.0,3.196,0
2019-04-02,3.203,3.203,3.203,3.203,0.0,3.203,0
2019-04-03,3.198,3.198,3.198,3.198,0.0,3.198,0
2019-04-04,3.229,3.229,3.229,3.229,0.0,3.229,0
2019-04-05,3.197,3.197,3.197,3.197,0.0,3.197,0
2019-04-08,3.2,3.2,3.2,3.2,0.0,3.2,0
2019-04-09,3.207,3.207,3.207,3.207,0.0,3.207,0
2019-04-10,3.185,3.185,3.185,3.185,0.0,3.185,0
2019-04-11,3.183,3.183,3.183,3.183,0.0,3.183,0
2019-04-12,3.183,3.183,3.183,3.183,0.0,3.183,0
2019-04-15,3.183,3.183,3.183,3.183,0.0,3.183,0
2019-04-16,3.184,3.184,3.184,3.184,0.0,3.184,0
2019-04-17,3.174,3.174,3.174,3.174,0.0,3.174,0
2019-04-18,3.159,3.159,3.159,3.159,0.0,3.159,0
2019-04-22,3.147,3.147,3.147,3.147,0.0,3.147,0
2019-04-23,3.142,3.142,3.142,3.142,0.0,3.142,0
2019-04-24,3.152,3.152,3.152,3.152,0.0,3.152,0
2019-04-25,3.162,3.162,3.162,3.162,0.0,3.162,0
2019-04-26,3.159,3.159,3.159,3.159,0.0,3.159,0
2019-04-29,3.166,3.166,3.166,3.166,0.0,3.166,0
2019-04-30,3.171,3.171,3.171,3.171,0.0,3.171,0
2019-05-01,3.173,3.173,3.173,3.173,0.0,3.173,0
2019-05-02,3.17,3.17,3.17,3.17,0.0,3.17,0
2019-05-03,3.183,3.183,3.183,3.183,0.0,3.183,0
2019-05-06,3.186,3.186,3.186,3.186,0.0,3.186,0
2019-05-07,3.186,3.186,3.186,3.186,0.0,3.186,0
2019-05-08,3.18,3.18,3.18,3.18,0.0,3.18,0
2019-05-09,3.187,3.187,3.187,3.187,0.0,3.187,0
2019-05-10,3.178,3.178,3.178,3.178,0.0,3.178,0
2019-05-13,3.181,3.181,3.181,3.181,0.0,3.181,0
2019-05-14,3.192,3.192,3.192,3.192,0.0,3.192,0
2019-05-15,3.21,3.21,3.21,3.21,0.0,3.21,0
2019-05-16,3.206,3.206,3.206,3.206,0.0,3.206,0
2019-05-17,3.21,3.21,3.21,3.21,0.0,3.21,0
2019-05-20,3.215,3.215,3.215,3.215,0.0,3.215,0
2019-05-21,3.218,3.218,3.218,3.218,0.0,3.218,0
2019-05-22,3.164,3.164,3.164,3.164,0.0,3.164,0
2019-05-23,3.176,3.176,3.176,3.176,0.0,3.176,0
2019-05-24,3.186,3.186,3.186,3.186,0.0,3.186,0
2019-05-28,3.227,3.227,3.227,3.227,0.0,3.227,0
2019-05-29,3.208,3.208,3.208,3.208,0.0,3.208,0
2019-05-30,3.206,3.206,3.206,3.206,0.0,3.206,0
2019-05-31,3.204,3.204,3.204,3.204,0.0,3.204,0
2019-06-03,3.192,3.192,3.192,3.192,0.0,3.192,0
2019-06-04,3.178,3.178,3.178,3.178,0.0,3.178,0
2019-06-05,3.182,3.182,3.182,3.182,0.0,3.182,0
2019-06-06,3.192,3.192,3.192,3.192,0.0,3.192,0
2019-06-07,3.193,3.193,3.193,3.193,0.0,3.193,0
2019-06-10,3.182,3.182,3.182,3.182,0.0,3.182,0
2019-06-11,3.182,3.182,3.182,3.182,0.0,3.182,0
2019-06-12,3.179,3.179,3.179,3.179,0.0,3.179,0
2019-06-13,3.18,3.18,3.18,3.18,0.0,3.18,0
2019-06-14,3.185,3.185,3.185,3.185,0.0,3.185,0
2019-06-17,3.188,3.188,3.188,3.188,0.0,3.188,0
2019-06-18,3.171,3.171,3.171,3.171,0.0,3.171,0
2019-06-19,3.172,3.172,3.172,3.172,0.0,3.172,0
2019-06-20,3.176,3.176,3.176,3.176,0.0,3.176,0
2019-06-21,3.191,3.191,3.191,3.191,0.0,3.191,0
2019-06-24,3.191,3.191,3.191,3.191,0.0,3.191,0
2019-06-25,3.19,3.19,3.19,3.19,0.0,3.19,0
2019-06-26,3.182,3.182,3.182,3.182,0.0,3.182,0
2019-06-27,3.178,3.178,3.178,3.178,0.0,3.178,0
2019-06-28,3.15,3.15,3.15,3.15,0.0,3.15,0
2019-07-01,3.143,3.143,3.143,3.143,0.0,3.143,0
2019-07-02,3.152,3.152,3.152,3.152,0.0,3.152,0
2019-07-03,3.151,3.151,3.151,3.151,0.0,3.151,0
2019-07-05,3.177,3.177,3.177,3.177,0.0,3.177,0
2019-07-08,3.173,3.173,3.173,3.173,0.0,3.173,0
2019-07-09,3.212,3.212,3.212,3.212,0.0,3.212,0
2019-07-10,3.204,3.204,3.204,3.204,0.0,3.204,0
2019-07-11,3.212,3.212,3.212,3.212,0.0,3.212,0
2019-07-12,3.22,3.22,3.22,3.22,0.0,3.22,0
2019-07-15,3.225,3.225,3.225,3.225,0.0,3.225,0
2019-07-16,3.201,3.201,3.201,3.201,0.0,3.201,0
2019-07-17,3.198,3.198,3.198,3.198,0.0,3.198,0
2019-07-18,3.217,3.217,3.217,3.217,0.0,3.217,0
2019-07-19,3.21,3.21,3.21,3.21,0.0,3.21,0
2019-07-22,3.137,3.137,3.137,3.137,0.0,3.137,0
2019-07-23,3.175,3.175,3.175,3.175,0.0,3.175,0
2019-07-24,3.168,3.168,3.168,3.168,0.0,3.168,0
2019-07-25,3.169,3.169,3.169,3.169,0.0,3.169,0
2019-07-26,3.163,3.163,3.163,3.163,0.0,3.163,0
2019-07-29,3.152,3.152,3.152,3.152,0.0,3.152,0
2019-07-30,3.155,3.155,3.155,3.155,0.0,3.155,0
2019-07-31,3.161,3.161,3.161,3.161,0.0,3.161,0
2019-08-01,3.164,3.164,3.164,3.164,0.0,3.164,0
2019-08-02,3.151,3.151,3.151,3.151,0.0,3.151,0
2019-08-05,3.149,3.149,3.149,3.149,0.0,3.149,0
2019-08-06,3.15,3.15,3.15,3.15,0.0,3.15,0
2019-08-07,3.155,3.155,3.155,3.155,0.0,3.155,0
2019-08-08,3.124,3.124,3.124,3.124,0.0,3.124,0
2019-08-09,3.113,3.113,3.113,3.113,0.0,3.113,0
2019-08-12,3.072,3.072,3.072,3.072,0.0,3.072,0
2019-08-13,3.054,3.054,3.054,3.054,0.0,3.054,0
2019-08-14,2.999,2.999,2.999,2.999,0.0,2.999,0
2019-08-15,2.999,2.999,2.999,2.999,0.0,2.999,0
2019-08-16,2.982,2.982,2.982,2.982,0.0,2.982,0
2019-08-19,2.987,2.987,2.987,2.987,0.0,2.987,0
2019-08-20,2.99,2.99,2.99,2.99,0.0,2.99,0
2019-08-21,2.995,2.995,2.995,2.995,0.0,2.995,0
2019-08-22,2.999,2.999,2.999,2.999,0.0,2.999,0
2019-08-23,3.029,3.029,3.029,3.029,0.0,3.029,0
2019-08-26,3.018,3.018,3.018,3.018,0.0,3.018,0
2019-08-27,3.038,3.038,3.038,3.038,0.0,3.038,0
2019-08-28,3.057,3.057,3.057,3.057,0.0,3.057,0
2019-08-29,3.045,3.045,3.045,3.045,0.0,3.045,0
2019-08-30,2.986,2.986,2.986,2.986,0.0,2.986,0
2019-09-03,3.0,3.0,3.0,3.0,0.0,3.0,0
2019-09-04,2.961,2.961,2.961,2.961,0.0,2.961,0
2019-09-05,2.973,2.973,2.973,2.973,0.0,2.973,0
2019-09-06,2.96,2.96,2.96,2.96,0.0,2.96,0
2019-09-09,2.931,2.931,2.931,2.931,0.0,2.931,0
2019-09-10,2.935,2.935,2.935,2.935,0.0,2.935,0
2019-09-11,2.93,2.93,2.93,2.93,0.0,2.93,0
2019-09-12,2.935,2.935,2.935,2.935,0.0,2.935,0
2019-09-13,2.9,2.9,2.9,2.9,0.0,2.9,0
2019-09-16,2.93,2.93,2.93,2.93,0.0,2.93,0
2019-09-17,2.894,2.894,2.894,2.894,0.0,2.894,0
2019-09-18,2.907,2.907,2.907,2.907,0.0,2.907,0
2019-09-19,2.901,2.901,2.901,2.901,0.0,2.901,0
2019-09-20,2.912,2.912,2.912,2.912,0.0,2.912,0
2019-09-23,2.909,2.909,2.909,2.909,0.0,2.909,0
2019-09-24,2.9,2.9,2.9,2.9,0.0,2.9,0
2019-09-25,2.899,2.899,2.899,2.899,0.0,2.899,0
2019-09-26,2.9,2.9,2.9,2.9,0.0,2.9,0
2019-09-27,2.874,2.874,2.874,2.874,0.0,2.874,0
2019-09-30,2.936,2.936,2.936,2.936,0.0,2.936,0
2019-10-01,2.885,2.885,2.885,2.885,0.0,2.885,0
2019-10-02,2.913,2.913,2.913,2.913,0.0,2.913,0
2019-10-03,2.898,2.898,2.898,2.898,0.0,2.898,0
2019-10-04,2.888,2.888,2.888,2.888,0.0,2.888,0
2019-10-07,2.892,2.892,2.892,2.892,0.0,2.892,0
2019-10-08,2.868,2.868,2.868,2.868,0.0,2.868,0
2019-10-09,2.879,2.879,2.879,2.879,0.0,2.879,0
2019-10-10,2.88,2.88,2.88,2.88,0.0,2.88,0
2019-10-11,2.891,2.891,2.891,2.891,0.0,2.891,0
2019-10-14,2.906,2.906,2.906,2.906,0.0,2.906,0
2019-10-15,2.922,2.922,2.922,2.922,0.0,2.922,0
2019-10-16,2.924,2.924,2.924,2.924,0.0,2.924,0
2019-10-17,2.921,2.921,2.921,2.921,0.0,2.921,0
2019-10-18,2.916,2.916,2.916,2.916,0.0,2.916,0
2019-10-21,2.911,2.911,2.911,2.911,0.0,2.911,0
2019-10-22,2.915,2.915,2.915,2.915,0.0,2.915,0
2019-10-23,2.909,2.909,2.909,2.909,0.0,2.909,0
2019-10-24,2.913,2.913,2.913,2.913,0.0,2.913,0
2019-10-25,2.911,2.911,2.911,2.911,0.0,2.911,0
2019-10-28,2.92,2.92,2.92,2.92,0.0,2.92,0
2019-10-29,2.936,2.936,2.936,2.936,0.0,2.936,0
2019-10-30,2.943,2.943,2.943,2.943,0.0,2.943,0
2019-10-31,2.941,2.941,2.941,2.941,0.0,2.941,0
2019-11-01,2.95,2.95,2.95,2.95,0.0,2.95,0
2019-11-04,2.886,2.886,2.886,2.886,0.0,2.886,0
2019-11-05,2.865,2.865,2.865,2.865,0.0,2.865,0
2019-11-06,2.876,2.876,2.876,2.876,0.0,2.876,0
2019-11-07,2.823,2.823,2.823,2.823,0.0,2.823,0
2019-11-08,2.83,2.83,2.83,2.83,0.0,2.83,0
2019-11-11,2.821,2.821,2.821,2.821,0.0,2.821,0
2019-11-12,2.771,2.771,2.771,2.771,0.0,2.771,0
2019-11-13,2.772,2.772,2.772,2.772,0.0,2.772,0
2019-11-14,2.759,2.759,2.759,2.759,0.0,2.759,0
2019-11-15,2.765,2.765,2.765,2.765,0.0,2.765,0
2019-11-18,2.769,2.769,2.769,2.769,0.0,2.769,0
2019-11-19,2.781,2.781,2.781,2.781,0.0,2.781,0
2019-11-20,2.793,2.793,2.793,2.793,0.0,2.793,0
2019-11-21,2.8,2.8,2.8,2.8,0.0,2.8,0
2019-11-22,2.8,2.8,2.8,2.8,0.0,2.8,0
2019-11-25,2.782,2.782,2.782,2.782,0.0,2.782,0
2019-11-26,2.776,2.776,2.776,2.776,0.0,2.776,0
2019-11-27,2.78,2.78,2.78,2.78,0.0,2.78,0
2019-11-29,2.738,2.738,2.738,2.738,0.0,2.738,0
2019-12-02,2.764,2.764,2.764,2.764,0.0,2.764,0
2019-12-03,2.773,2.773,2.773,2.773,0.0,2.773,0
2019-12-04,2.772,2.772,2.772,2.772,0.0,2.772,0
2019-12-05,2.764,2.764,2.764,2.764,0.0,2.764,0
2019-12-06,2.744,2.744,2.744,2.744,0.0,2.744,0
2019-12-09,2.716,2.716,2.716,2.716,0.0,2.716,0
2019-12-10,2.725,2.725,2.725,2.725,0.0,2.725,0
2019-12-11,2.722,2.722,2.722,2.722,0.0,2.722,0
2019-12-12,2.727,2.727,2.727,2.727,0.0,2.727,0
2019-12-13,2.71,2.71,2.71,2.71,0.0,2.71,0
2019-12-16,2.724,2.724,2.724,2.724,0.0,2.724,0
2019-12-17,2.726,2.726,2.726,2.726,0.0,2.726,0
2019-12-18,2.655,2.655,2.655,2.655,0.0,2.655,0
2019-12-19,2.629,2.629,2.629,2.629,0.0,2.629,0
2019-12-20,2.62,2.62,2.62,2.62,0.0,2.62,0
2019-12-23,2.627,2.627,2.627,2.627,0.0,2.627,0
2019-12-24,2.625,2.625,2.625,2.625,0.0,2.625,0
2019-12-26,2.613,2.613,2.613,2.613,0.0,2.613,0
2019-12-27,2.611,2.611,2.611,2.611,0.0,2.611,0
2019-12-30,2.608,2.608,2.608,2.608,0.0,2.608,0
2019-12-31,2.617,2.617,2.617,2.617,0.0,2.617,0
2020-01-02,2.612,2.612,2.612,2.612,0.0,2.612,0
2020-01-03,2.612,2.612,2.612,2.612,0.0,2.612,0
2020-01-06,2.616,2.616,2.616,2.616,0.0,2.616,0
2020-01-07,2.631,2.631,2.631,2.631,0.0,2.631,0
2020-01-08,2.634,2.634,2.634,2.634,0.0,2.634,0
2020-01-09,2.645,2.645,2.645,2.645,0.0,2.645,0
2020-01-10,2.647,2.647,2.647,2.647,0.0,2.647,0
2020-01-13,2.647,2.647,2.647,2.647,0.0,2.647,0
2020-01-14,2.646,2.646,2.646,2.646,0.0,2.646,0
2020-01-15,2.645,2.645,2.645,2.645,0.0,2.645,0
2020-01-16,2.652,2.652,2.652,2.652,0.0,2.652,0
2020-01-17,2.662,2.662,2.662,2.662,0.0,2.662,0
2020-01-21,2.652,2.652,2.652,2.652,0.0,2.652,0
2020-01-22,2.641,2.641,2.641,2.641,0.0,2.641,0
2020-01-23,2.633,2.633,2.633,2.633,0.0,2.633,0
2020-01-24,2.645,2.645,2.645,2.645,0.0,2.645,0
2020-01-27,2.604,2.604,2.604,2.604,0.0,2.604,0
2020-01-28,2.614,2.614,2.614,2.614,0.0,2.614,0
2020-01-29,2.599,2.599,2.599,2.599,0.0,2.599,0
2020-01-30,2.584,2.584,2.584,2.584,0.0,2.584,0
2020-01-31,2.585,2.585,2.585,2.585,0.0,2.585,0
2020-02-03,2.58,2.58,2.58,2.58,0.0,2.58,0
2020-02-04,2.576,2.576,2.576,2.576,0.0,2.576,0
2020-02-05,2.548,2.548,2.548,2.548,0.0,2.548,0
2020-02-06,2.552,2.552,2.552,2.552,0.0,2.552,0
2020-02-07,2.57,2.57,2.57,2.57,0.0,2.57,0
2020-02-10,2.562,2.562,2.562,2.562,0.0,2.562,0
2020-02-11,2.527,2.527,2.527,2.527,0.0,2.527,0
2020-02-12,2.534,2.534,2.534,2.534,0.0,2.534,0
2020-02-13,2.524,2.524,2.524,2.524,0.0,2.524,0
2020-02-14,2.559,2.559,2.559,2.559,0.0,2.559,0
2020-02-18,2.532,2.532,2.532,2.532,0.0,2.532,0
2020-02-19,2.553,2.553,2.553,2.553,0.0,2.553,0
2020-02-20,2.553,2.553,2.553,2.553,0.0,2.553,0
2020-02-21,2.583,2.583,2.583,2.583,0.0,2.583,0
2020-02-24,2.589,2.589,2.589,2.589,0.0,2.589,0
2020-02-25,2.592,2.592,2.592,2.592,0.0,2.592,0
2020-02-26,2.615,2.615,2.615,2.615,0.0,2.615,0
2020-02-27,2.605,2.605,2.605,2.605,0.0,2.605,0
2020-02-28,2.653,2.653,2.653,2.653,0.0,2.653,0
2020-03-02,2.693,2.693,2.693,2.693,0.0,2.693,0
2020-03-03,2.689,2.689,2.689,2.689,0.0,2.689,0
2020-03-04,2.678,2.678,2.678,2.678,0.0,2.678,0
2020-03-05,2.653,2.653,2.653,2.653,0.0,2.653,0
2020-03-06,2.666,2.666,2.666,2.666,0.0,2.666,0
2020-03-09,2.703,2.703,2.703,2.703,0.0,2.703,0
2020-03-10,2.703,2.703,2.703,2.703,0.0,2.703,0
2020-03-11,2.665,2.665,2.665,2.665,0.0,2.665,0
2020-03-12,2.615,2.615,2.615,2.615,0.0,2.615,0
2020-03-13,2.61,2.61,2.61,2.61,0.0,2.61,0
2020-03-16,2.599,2.599,2.599,2.599,0.0,2.599,0
2020-03-17,2.628,2.628,2.628,2.628,0.0,2.628,0
2020-03-18,2.634,2.634,2.634,2.634,0.0,2.634,0
2020-03-19,2.647,2.647,2.647,2.647,0.0,2.647,0
2020-03-20,2.641,2.641,2.641,2.641,0.0,2.641,0
2020-03-23,2.636,2.636,2.636,2.636,0.0,2.636,0
2020-03-24,2.593,2.593,2.593,2.593,0.0,2.593,0
2020-03-25,2.588,2.588,2.588,2.588,0.0,2.588,0
2020-03-26,2.554,2.554,2.554,2.554,0.0,2.554,0
2020-03-27,2.576,2.576,2.576,2.576,0.0,2.576,0
2020-03-30,2.584,2.584,2.584,2.584,0.0,2.584,0
2020-03-31,2.572,2.572,2.572,2.572,0.0,2.572,0
2020-04-01,2.542,2.542,2.542,2.542,0.0,2.542,0
2020-04-02,2.528,2.528,2.528,2.528,0.0,2.528,0
2020-04-03,2.512,2.512,2.512,2.512,0.0,2.512,0
2020-04-06,2.528,2.528,2.528,2.528,0.0,2.528,0
2020-04-07,2.522,2.522,2.522,2.522,0.0,2.522,0
2020-04-08,2.539,2.539,2.539,2.539,0.0,2.539,0
2020-04-09,2.525,2.525,2.525,2.525,0.0,2.525,0
2020-04-13,2.548,2.548,2.548,2.548,0.0,2.548,0
2020-04-14,2.53,2.53,2.53,2.53,0.0,2.53,0
2020-04-15,2.499,2.499,2.499,2.499,0.0,2.499,0
2020-04-16,2.504,2.504,2.504,2.504,0.0,2.504,0
2020-04-17,2.505,2.505,2.505,2.505,0.0,2.505,0
2020-04-20,2.541,2.541,2.541,2.541,0.0,2.541,0
2020-04-21,2.524,2.524,2.524,2.524,0.0,2.524,0
2020-04-22,2.552,2.552,2.552,2.552,0.0,2.552,0
2020-04-23,2.506,2.506,2.506,2.506,0.0,2.506,0
2020-04-24,2.504,2.504,2.504,2.504,0.0,2.504,0
2020-04-27,2.53,2.53,2.53,2.53,0.0,2.53,0
2020-04-28,2.522,2.522,2.522,2.522,0.0,2.522,0
2020-04-29,2.517,2.517,2.517,2.517,0.0,2.517,0
2020-04-30,2.492,2.492,2.492,2.492,0.0,2.492,0
2020-05-01,2.475,2.475,2.475,2.475,0.0,2.475,0
2020-05-04,2.446,2.446,2.446,2.446,0.0,2.446,0
2020-05-05,2.433,2.433,2.433,2.433,0.0,2.433,0
2020-05-06,2.472,2.472,2.472,2.472,0.0,2.472,0
2020-05-07,2.429,2.429,2.429,2.429,0.0,2.429,0
2020-05-08,2.418,2.418,2.418,2.418,0.0,2.418,0
2020-05-11,2.394,2.394,2.394,2.394,0.0,2.394,0
2020-05-12,2.398,2.398,2.398,2.398,0.0,2.398,0
2020-05-13,2.396,2.396,2.347,2.347,13.0,2.396,1
2020-05-14,2.321,2.321,2.321,2.321,0.0,2.321,0
2020-05-15,2.382,2.382,2.382,2.382,0.0,2.382,0
2020-05-18,2.4,2.4,2.4,2.4,0.0,2.4,0
2020-05-19,2.397,2.397,2.397,2.397,0.0,2.397,0
2020-05-20,2.349,2.349,2.349,2.349,0.0,2.349,0
2020-05-21,2.34,2.34,2.34,2.34,0.0,2.34,0
2020-05-22,2.383,2.383,2.383,2.383,0.0,2.383,0
2020-05-26,2.368,2.368,2.368,2.368,0.0,2.368,0
2020-05-27,2.411,2.411,2.411,2.411,0.0,2.411,0
2020-05-28,2.403,2.403,2.403,2.403,0.0,2.403,0
2020-05-29,2.397,2.397,2.397,2.397,0.0,2.397,0
2020-06-01,2.374,2.374,2.374,2.374,0.0,2.374,0
2020-06-02,2.379,2.379,2.379,2.379,0.0,2.379,0
2020-06-03,2.366,2.366,2.366,2.366,0.0,2.366,0
2020-06-04,2.375,2.375,2.375,2.375,0.0,2.375,0
2020-06-05,2.369,2.369,2.369,2.369,0.0,2.369,0
2020-06-08,2.383,2.383,2.383,2.383,0.0,2.383,0
2020-06-09,2.405,2.405,2.405,2.405,0.0,2.405,0
2020-06-10,2.41,2.41,2.41,2.41,0.0,2.41,0
2020-06-11,2.405,2.405,2.405,2.405,0.0,2.405,0
2020-06-12,2.394,2.394,2.394,2.394,0.0,2.394,0
2020-06-15,2.421,2.421,2.421,2.421,0.0,2.421,0
2020-06-16,2.417,2.417,2.417,2.417,0.0,2.417,0
2020-06-17,2.412,2.412,2.412,2.412,0.0,2.412,0
2020-06-18,2.411,2.411,2.411,2.411,0.0,2.411,0
2020-06-19,2.394,2.394,2.394,2.394,0.0,2.394,0
2020-06-22,2.382,2.382,2.382,2.382,0.0,2.382,0
2020-06-23,2.381,2.381,2.381,2.381,0.0,2.381,0
2020-06-24,2.391,2.391,2.391,2.391,0.0,2.391,0
2020-06-25,2.424,2.424,2.424,2.424,0.0,2.424,0
2020-06-26,2.446,2.446,2.446,2.446,0.0,2.446,0
2020-06-29,2.444,2.444,2.444,2.444,0.0,2.444,0
2020-06-30,2.444,2.444,2.444,2.444,0.0,2.444,0
2020-07-01,2.457,2.457,2.457,2.457,0.0,2.457,0
2020-07-02,2.501,2.501,2.501,2.501,0.0,2.501,0
2020-07-06,2.48,2.48,2.48,2.48,0.0,2.48,0
2020-07-07,2.468,2.468,2.468,2.468,0.0,2.468,0
2020-07-08,2.496,2.496,2.496,2.496,0.0,2.496,0
2020-07-09,2.481,2.481,2.481,2.481,0.0,2.481,0
2020-07-10,2.463,2.463,2.463,2.463,0.0,2.463,0
2020-07-13,2.459,2.459,2.459,2.459,0.0,2.459,0
2020-07-14,2.458,2.458,2.458,2.458,0.0,2.458,0
2020-07-15,2.468,2.468,2.468,2.468,0.0,2.468,0
2020-07-16,2.461,2.461,2.461,2.461,0.0,2.461,0
2020-07-17,2.458,2.458,2.458,2.458,0.0,2.458,0
2020-07-20,2.449,2.449,2.449,2.449,0.0,2.449,0
2020-07-21,2.464,2.464,2.464,2.464,0.0,2.464,0
2020-07-22,2.473,2.473,2.473,2.473,0.0,2.473,0
2020-07-23,2.557,2.557,2.557,2.557,0.0,2.557,0
2020-07-24,2.576,2.576,2.576,2.576,0.0,2.576,0
2020-07-27,2.639,2.639,2.639,2.639,0.0,2.639,0
2020-07-28,2.636,2.636,2.636,2.636,0.0,2.636,0
2020-07-29,2.641,2.641,2.641,2.641,0.0,2.641,0
2020-07-30,2.651,2.651,2.651,2.651,0.0,2.651,0
2020-07-31,2.733,2.733,2.733,2.733,0.0,2.733,0
2020-08-03,2.731,2.731,2.731,2.731,0.0,2.731,0
2020-08-04,2.725,2.725,2.725,2.725,0.0,2.725,0
2020-08-05,2.743,2.743,2.743,2.743,0.0,2.743,0
2020-08-06,2.768,2.768,2.768,2.768,0.0,2.768,0
2020-08-07,2.83,2.83,2.83,2.83,0.0,2.83,0
2020-08-10,2.798,2.798,2.798,2.798,0.0,2.798,0
2020-08-11,2.713,2.713,2.713,2.713,0.0,2.713,0
2020-08-12,2.69,2.69,2.69,2.69,0.0,2.69,0
2020-08-13,2.71,2.71,2.71,2.71,0.0,2.71,0
2020-08-14,2.696,2.696,2.696,2.696,0.0,2.696,0
2020-08-17,2.696,2.696,2.696,2.696,0.0,2.696,0
2020-08-18,2.691,2.691,2.691,2.691,0.0,2.691,0
2020-08-19,2.686,2.686,2.686,2.686,0.0,2.686,0
2020-08-20,2.684,2.684,2.684,2.684,0.0,2.684,0
2020-08-21,2.679,2.679,2.679,2.679,0.0,2.679,0
2020-08-24,2.674,2.674,2.674,2.674,0.0,2.674,0
2020-08-25,2.667,2.667,2.667,2.667,0.0,2.667,0
2020-08-26,2.695,2.695,2.695,2.695,0.0,2.695,0
2020-08-27,2.704,2.704,2.704,2.704,0.0,2.704,0
2020-08-28,2.692,2.692,2.692,2.692,0.0,2.692,0
2020-08-31,2.666,2.666,2.666,2.666,0.0,2.666,0
2020-09-01,2.664,2.664,2.664,2.664,0.0,2.664,0
2020-09-02,2.658,2.658,2.658,2.658,0.0,2.658,0
2020-09-03,2.655,2.655,2.655,2.655,0.0,2.655,0
2020-09-04,2.581,2.581,2.581,2.581,0.0,2.581,0
2020-09-08,2.582,2.582,2.582,2.582,0.0,2.582,0
2020-09-09,2.568,2.568,2.568,2.568,0.0,2.568,0
2020-09-10,2.55,2.55,2.55,2.55,0.0,2.55,0
2020-09-11,2.527,2.527,2.527,2.527,0.0,2.527,0
2020-09-14,2.5,2.5,2.5,2.5,0.0,2.5,0
2020-09-15,2.507,2.507,2.507,2.507,0.0,2.507,0
2020-09-16,2.482,2.482,2.482,2.482,0.0,2.482,0
2020-09-17,2.47,2.47,2.47,2.47,0.0,2.47,0
2020-09-18,2.491,2.491,2.491,2.491,0.0,2.491,0
2020-09-21,2.462,2.462,2.462,2.462,0.0,2.462,0
2020-09-22,2.501,2.501,2.501,2.501,0.0,2.501,0
2020-09-23,2.541,2.541,2.541,2.541,0.0,2.541,0
2020-09-24,2.567,2.567,2.567,2.567,0.0,2.567,0
2020-09-25,2.586,2.586,2.586,2.586,0.0,2.586,0
2020-09-28,2.594,2.594,2.594,2.594,0.0,2.594,0
2020-09-29,2.565,2.565,2.565,2.565,0.0,2.565,0
2020-09-30,2.546,2.546,2.546,2.546,0.0,2.546,0
2020-10-01,2.526,2.526,2.526,2.526,0.0,2.526,0
2020-10-02,2.523,2.523,2.523,2.523,0.0,2.523,0
2020-10-05,2.501,2.501,2.501,2.501,0.0,2.501,0
2020-10-06,2.508,2.508,2.508,2.508,0.0,2.508,0
2020-10-07,2.531,2.531,2.531,2.531,0.0,2.531,0
2020-10-08,2.506,2.506,2.506,2.506,0.0,2.506,0
2020-10-09,2.536,2.536,2.536,2.536,0.0,2.536,0
2020-10-12,2.522,2.522,2.522,2.522,0.0,2.522,0
2020-10-13,2.502,2.502,2.502,2.502,0.0,2.502,0
2020-10-14,2.529,2.529,2.529,2.529,0.0,2.529,0
2020-10-15,2.515,2.515,2.515,2.515,0.0,2.515,0
2020-10-16,2.518,2.518,2.518,2.518,0.0,2.518,0
2020-10-19,2.561,2.561,2.561,2.561,0.0,2.561,0
2020-10-20,2.502,2.502,2.502,2.502,0.0,2.502,0
2020-10-21,2.523,2.523,2.523,2.523,0.0,2.523,0
2020-10-22,2.525,2.525,2.525,2.525,0.0,2.525,0
2020-10-23,2.532,2.532,2.532,2.532,0.0,2.532,0
2020-10-26,2.445,2.445,2.445,2.445,0.0,2.445,0
2020-10-27,2.499,2.499,2.499,2.499,0.0,2.499,0
2020-10-28,2.549,2.549,2.549,2.549,0.0,2.549,0
2020-10-29,2.561,2.561,2.561,2.561,0.0,2.561,0
2020-10-30,2.578,2.578,2.578,2.578,0.0,2.578,0
2020-11-02,2.547,2.547,2.547,2.547,0.0,2.547,0
2020-11-03,2.576,2.576,2.576,2.576,0.0,2.576,0
2020-11-04,2.573,2.573,2.573,2.573,0.0,2.573,0
2020-11-05,2.568,2.568,2.568,2.568,0.0,2.568,0
2020-11-06,2.558,2.558,2.558,2.558,0.0,2.558,0
2020-11-09,2.554,2.554,2.554,2.554,0.0,2.554,0
2020-11-10,2.564,2.564,2.564,2.564,0.0,2.564,0
2020-11-11,2.579,2.579,2.579,2.579,0.0,2.579,0
2020-11-12,2.576,2.576,2.576,2.576,0.0,2.576,0
2020-11-13,2.531,2.531,2.531,2.531,0.0,2.531,0
2020-11-16,2.528,2.528,2.528,2.528,0.0,2.528,0
2020-11-17,2.545,2.545,2.545,2.545,0.0,2.545,0
2020-11-18,2.569,2.569,2.569,2.569,0.0,2.569,0
2020-11-19,2.569,2.569,2.569,2.569,0.0,2.569,0
2020-11-20,2.562,2.562,2.562,2.562,0.0,2.562,0
2020-11-23,2.556,2.556,2.556,2.556,0.0,2.556,0
2020-11-24,2.558,2.558,2.558,2.558,0.0,2.558,0
2020-11-25,2.541,2.541,2.541,2.541,0.0,2.541,0
2020-11-27,2.537,2.537,2.537,2.537,0.0,2.537,0
2020-11-30,2.523,2.523,2.523,2.523,0.0,2.523,0
2020-12-01,2.585,2.585,2.585,2.585,0.0,2.585,0
2020-12-02,2.61,2.61,2.61,2.61,0.0,2.61,0
2020-12-03,2.582,2.582,2.582,2.582,0.0,2.582,0
2020-12-04,2.602,2.602,2.602,2.602,0.0,2.602,0
2020-12-07,2.573,2.573,2.573,2.573,0.0,2.573,0
2020-12-08,2.561,2.561,2.561,2.561,0.0,2.561,0
2020-12-09,2.571,2.571,2.571,2.571,0.0,2.571,0
2020-12-10,2.576,2.576,2.576,2.576,0.0,2.576,0
2020-12-11,2.595,2.595,2.595,2.595,0.0,2.595,0
2020-12-14,2.589,2.589,2.589,2.589,0.0,2.589,0
2020-12-15,2.574,2.574,2.574,2.574,0.0,2.574,0
2020-12-16,2.586,2.586,2.586,2.586,0.0,2.586,0
2020-12-17,2.574,2.574,2.574,2.574,0.0,2.574,0
2020-12-18,2.588,2.588,2.588,2.588,0.0,2.588,0
2020-12-21,2.559,2.559,2.559,2.559,0.0,2.559,0
2020-12-22,2.604,2.604,2.604,2.604,0.0,2.604,0
2020-12-23,2.599,2.599,2.599,2.599,0.0,2.599,0
2020-12-24,2.611,2.611,2.611,2.611,0.0,2.611,0
2020-12-28,2.53,2.53,2.53,2.53,0.0,2.53,0
2020-12-29,2.599,2.599,2.599,2.599,0.0,2.599,0
2020-12-30,2.57,2.57,2.57,2.57,0.0,2.57,0
2020-12-31,2.597,2.597,2.597,2.597,0.0,2.597,0
2021-01-04,2.605,2.605,2.605,2.605,0.0,2.605,0
2021-01-05,2.62,2.62,2.62,2.62,0.0,2.62,0
2021-01-06,2.653,2.653,2.653,2.653,0.0,2.653,0
2021-01-07,2.621,2.621,2.621,2.621,0.0,2.621,0
2021-01-08,2.605,2.605,2.605,2.605,0.0,2.605,0
2021-01-11,2.608,2.608,2.608,2.608,0.0,2.608,0
2021-01-12,2.615,2.615,2.615,2.615,0.0,2.615,0
2021-01-13,2.646,2.646,2.646,2.646,0.0,2.646,0
2021-01-14,2.594,2.594,2.594,2.594,0.0,2.594,0
2021-01-15,2.63,2.63,2.63,2.63,0.0,2.63,0
2021-01-19,2.636,2.636,2.636,2.636,0.0,2.636,0
2021-01-20,2.65,2.65,2.65,2.65,0.0,2.65,0
2021-01-21,2.648,2.648,2.648,2.648,0.0,2.648,0
2021-01-22,2.659,2.659,2.659,2.659,0.0,2.659,0
2021-01-25,2.616,2.616,2.616,2.616,0.0,2.616,0
2021-01-26,2.645,2.645,2.645,2.645,0.0,2.645,0
2021-01-27,2.66,2.66,2.66,2.66,0.0,2.66,0
2021-01-28,2.659,2.659,2.659,2.659,0.0,2.659,0
2021-01-29,2.653,2.653,2.653,2.653,0.0,2.653,0
2021-02-01,2.657,2.657,2.657,2.657,0.0,2.657,0
2021-02-02,2.653,2.653,2.653,2.653,0.0,2.653,0
2021-02-03,2.634,2.634,2.634,2.634,0.0,2.634,0
2021-02-04,2.61,2.61,2.61,2.61,0.0,2.61,0
2021-02-05,2.619,2.619,2.619,2.619,0.0,2.619,0
2021-02-08,2.639,2.639,2.639,2.639,0.0,2.639,0
2021-02-09,2.639,2.639,2.639,2.639,0.0,2.639,0
2021-02-10,2.644,2.644,2.644,2.644,0.0,2.644,0
2021-02-11,2.631,2.631,2.631,2.631,0.0,2.631,0
2021-02-12,2.625,2.625,2.625,2.625,0.0,2.625,0
2021-02-16,2.642,2.642,2.642,2.642,0.0,2.642,0
2021-02-17,2.637,2.637,2.637,2.637,0.0,2.637,0
2021-02-18,2.627,2.627,2.627,2.627,0.0,2.627,0
2021-02-19,2.623,2.623,2.623,2.623,0.0,2.623,0
2021-02-22,2.625,2.625,2.625,2.625,0.0,2.625,0
2021-02-23,2.63,2.63,2.63,2.63,0.0,2.63,0
2021-02-24,2.624,2.624,2.624,2.624,0.0,2.624,0
2021-02-25,2.573,2.573,2.573,2.573,0.0,2.573,0
2021-02-26,2.593,2.593,2.593,2.593,0.0,2.593,0
2021-03-01,2.611,2.611,2.611,2.611,0.0,2.611,0
2021-03-02,2.62,2.62,2.62,2.62,0.0,2.62,0
2021-03-03,2.595,2.595,2.595,2.595,0.0,2.595,0
2021-03-04,2.563,2.563,2.563,2.563,0.0,2.563,0
2021-03-05,2.569,2.569,2.569,2.569,0.0,2.569,0
2021-03-08,2.587,2.587,2.587,2.587,0.0,2.587,0
2021-03-09,2.594,2.594,2.594,2.594,0.0,2.594,0
2021-03-10,2.592,2.592,2.592,2.592,0.0,2.592,0
2021-03-11,2.589,2.589,2.589,2.589,0.0,2.589,0
2021-03-12,2.606,2.606,2.606,2.606,0.0,2.606,0
2021-03-15,2.579,2.579,2.579,2.579,0.0,2.579,0
2021-03-16,2.611,2.611,2.611,2.611,0.0,2.611,0
2021-03-17,2.592,2.592,2.592,2.592,0.0,2.592,0
2021-03-18,2.606,2.606,2.606,2.606,0.0,2.606,0
2021-03-19,2.612,2.612,2.612,2.612,0.0,2.612,0
2021-03-22,2.608,2.608,2.608,2.608,0.0,2.608,0
2021-03-23,2.622,2.622,2.622,2.622,0.0,2.622,0
2021-03-24,2.625,2.625,2.625,2.625,0.0,2.625,0
2021-03-25,2.625,2.625,2.625,2.625,0.0,2.625,0
2021-03-26,2.627,2.627,2.627,2.627,0.0,2.627,0
2021-03-29,2.671,2.671,2.671,2.671,0.0,2.671,0
2021-03-30,2.682,2.682,2.682,2.682,0.0,2.682,0
2021-03-31,2.678,2.678,2.678,2.678,0.0,2.678,0
2021-04-01,2.707,2.707,2.707,2.707,0.0,2.707,0
2021-04-05,2.694,2.694,2.694,2.694,0.0,2.694,0
2021-04-06,2.677,2.677,2.677,2.677,0.0,2.677,0
2021-04-07,2.68,2.68,2.68,2.68,0.0,2.68,0
2021-04-08,2.68,2.68,2.68,2.68,0.0,2.68,0
2021-04-09,2.714,2.714,2.714,2.714,0.0,2.714,0
2021-04-12,2.723,2.723,2.723,2.723,0.0,2.723,0
2021-04-13,2.706,2.706,2.706,2.706,0.0,2.706,0
2021-04-14,2.715,2.715,2.715,2.715,0.0,2.715,0
2021-04-15,2.719,2.719,2.719,2.719,0.0,2.719,0
2021-04-16,2.732,2.732,2.732,2.732,0.0,2.732,0
2021-04-19,2.726,2.726,2.726,2.726,0.0,2.726,0
2021-04-20,2.671,2.671,2.671,2.671,0.0,2.671,0
2021-04-21,2.656,2.656,2.656,2.656,0.0,2.656,0
2021-04-22,2.637,2.637,2.637,2.637,0.0,2.637,0
2021-04-23,2.645,2.645,2.645,2.645,0.0,2.645,0
2021-04-26,2.658,2.658,2.631,2.631,5.0,2.658,1
2021-04-27,2.61,2.61,2.61,2.61,0.0,2.61,0
2021-04-28,2.622,2.622,2.622,2.622,0.0,2.622,0
2021-04-29,2.624,2.624,2.624,2.624,0.0,2.624,0
2021-04-30,2.649,2.649,2.649,2.649,0.0,2.649,0
2021-05-03,2.652,2.652,2.652,2.652,0.0,2.652,0
2021-05-04,2.661,2.661,2.661,2.661,0.0,2.661,0
2021-05-05,2.663,2.663,2.663,2.663,0.0,2.663,0
2021-05-06,2.653,2.653,2.653,2.653,0.0,2.653,0
2021-05-07,2.66,2.66,2.66,2.66,0.0,2.66,0
2021-05-10,2.663,2.663,2.663,2.663,0.0,2.663,0
2021-05-11,2.66,2.66,2.66,2.66,0.0,2.66,0
2021-05-12,2.659,2.659,2.659,2.659,0.0,2.659,0
2021-05-13,2.649,2.649,2.649,2.649,0.0,2.649,0
2021-05-14,2.655,2.655,2.655,2.655,0.0,2.655,0
2021-05-17,2.659,2.659,2.659,2.659,0.0,2.659,0
2021-05-18,2.628,2.628,2.628,2.628,0.0,2.628,0
2021-05-19,2.632,2.632,2.632,2.632,0.0,2.632,0
2021-05-20,2.637,2.637,2.637,2.637,0.0,2.637,0
2021-05-21,2.649,2.649,2.649,2.649,0.0,2.649,0
2021-05-24,2.643,2.643,2.643,2.643,0.0,2.643,0
2021-05-25,2.654,2.654,2.654,2.654,0.0,2.654,0
2021-05-26,2.623,2.623,2.623,2.623,0.0,2.623,0
2021-05-27,2.62,2.62,2.62,2.62,0.0,2.62,0
2021-05-28,2.643,2.643,2.643,2.643,0.0,2.643,0
2021-06-01,2.625,2.625,2.625,2.625,0.0,2.625,0
2021-06-02,2.635,2.635,2.635,2.635,0.0,2.635,0
2021-06-03,2.617,2.617,2.617,2.617,0.0,2.617,0
2021-06-04,2.668,2.668,2.668,2.668,0.0,2.668,0
2021-06-07,2.639,2.639,2.639,2.639,0.0,2.639,0
2021-06-08,2.645,2.645,2.645,2.645,0.0,2.645,0
2021-06-09,2.652,2.652,2.652,2.652,0.0,2.652,0
2021-06-10,2.641,2.641,2.641,2.641,0.0,2.641,0
2021-06-11,2.64,2.64,2.64,2.64,0.0,2.64,0
2021-06-14,2.649,2.649,2.649,2.649,0.0,2.649,0
2021-06-15,2.634,2.634,2.634,2.634,0.0,2.634,0
2021-06-16,2.687,2.687,2.687,2.687,0.0,2.687,0
2021-06-17,2.692,2.692,2.692,2.692,0.0,2.692,0
2021-06-18,2.701,2.701,2.701,2.701,0.0,2.701,0
2021-06-21,2.698,2.698,2.698,2.698,0.0,2.698,0
2021-06-22,2.698,2.698,2.698,2.698,0.0,2.698,0
2021-06-23,2.699,2.699,2.699,2.699,0.0,2.699,0
2021-06-24,2.687,2.687,2.687,2.687,0.0,2.687,0
2021-06-25,2.748,2.748,2.748,2.748,0.0,2.748,0
2021-06-28,2.758,2.758,2.758,2.758,0.0,2.758,0
2021-06-29,2.786,2.786,2.786,2.786,0.0,2.786,0
2021-06-30,2.782,2.782,2.782,2.782,0.0,2.782,0
2021-07-01,2.77,2.77,2.77,2.77,0.0,2.77,0
2021-07-02,2.762,2.762,2.762,2.762,0.0,2.762,0
2021-07-06,2.754,2.754,2.754,2.754,0.0,2.754,0
2021-07-07,2.766,2.766,2.766,2.766,0.0,2.766,0
2021-07-08,2.778,2.778,2.778,2.778,0.0,2.778,0
2021-07-09,2.784,2.784,2.784,2.784,0.0,2.784,0
2021-07-12,2.789,2.789,2.789,2.789,0.0,2.789,0
2021-07-13,2.788,2.788,2.788,2.788,0.0,2.788,0
2021-07-14,2.781,2.781,2.781,2.781,0.0,2.781,0
2021-07-15,2.789,2.789,2.789,2.789,0.0,2.789,0
2021-07-16,2.805,2.805,2.805,2.805,0.0,2.805,0
2021-07-19,2.815,2.815,2.815,2.815,0.0,2.815,0
2021-07-20,2.817,2.817,2.817,2.817,0.0,2.817,0
2021-07-21,2.822,2.822,2.822,2.822,0.0,2.822,0
2021-07-22,2.824,2.824,2.824,2.824,0.0,2.824,0
2021-07-23,2.83,2.83,2.83,2.83,0.0,2.83,0
2021-07-26,2.838,2.838,2.838,2.838,0.0,2.838,0
2021-07-27,2.808,2.808,2.808,2.808,0.0,2.808,0
2021-07-28,2.8,2.8,2.8,2.8,0.0,2.8,0
2021-07-29,2.775,2.775,2.775,2.775,0.0,2.775,0
2021-07-30,2.795,2.795,2.795,2.795,0.0,2.795,0
2021-08-02,2.809,2.809,2.809,2.809,0.0,2.809,0
2021-08-03,2.801,2.801,2.801,2.801,0.0,2.801,0
2021-08-04,2.811,2.811,2.811,2.811,0.0,2.811,0
2021-08-05,2.776,2.776,2.776,2.776,0.0,2.776,0
2021-08-06,2.785,2.785,2.785,2.785,0.0,2.785,0
2021-08-09,2.801,2.801,2.801,2.801,0.0,2.801,0
2021-08-10,2.798,2.798,2.798,2.798,0.0,2.798,0
2021-08-11,2.813,2.813,2.813,2.813,0.0,2.813,0
2021-08-12,2.894,2.894,2.894,2.894,0.0,2.894,0
2021-08-13,2.861,2.861,2.861,2.861,0.0,2.861,0
2021-08-16,2.873,2.873,2.873,2.873,0.0,2.873,0
2021-08-17,2.886,2.886,2.886,2.886,0.0,2.886,0
2021-08-18,2.884,2.884,2.884,2.884,0.0,2.884,0
2021-08-19,2.895,2.895,2.895,2.895,0.0,2.895,0
2021-08-20,2.894,2.894,2.894,2.894,0.0,2.894,0
2021-08-23,2.896,2.896,2.896,2.896,0.0,2.896,0
2021-08-24,2.892,2.892,2.892,2.892,0.0,2.892,0
2021-08-25,2.909,2.909,2.909,2.909,0.0,2.909,0
2021-08-26,2.96,2.96,2.96,2.96,0.0,2.96,0
2021-08-27,2.962,2.962,2.962,2.962,0.0,2.962,0
2021-08-30,2.965,2.965,2.965,2.965,0.0,2.965,0
2021-08-31,2.954,2.954,2.954,2.954,0.0,2.954,0
2021-09-01,2.963,2.963,2.963,2.963,0.0,2.963,0
2021-09-02,2.963,2.963,2.963,2.963,0.0,2.963,0
2021-09-03,2.987,2.987,2.987,2.987,0.0,2.987,0
2021-09-07,3.037,3.037,3.037,3.037,0.0,3.037,0
2021-09-08,3.089,3.089,3.089,3.089,0.0,3.089,0
2021-09-09,3.169,3.169,3.169,3.169,0.0,3.169,0
2021-09-10,3.151,3.151,3.151,3.151,0.0,3.151,0
2021-09-13,3.166,3.166,3.166,3.166,0.0,3.166,0
2021-09-14,3.139,3.139,3.139,3.139,0.0,3.139,0
2021-09-15,3.169,3.169,3.118,3.118,1.0,3.169,1
2021-09-16,3.121,3.121,3.121,3.121,0.0,3.121,0
2021-09-17,3.114,3.114,3.114,3.114,0.0,3.114,0
2021-09-20,3.15,3.15,3.15,3.15,0.0,3.15,0
2021-09-21,3.167,3.167,3.167,3.167,0.0,3.167,0
2021-09-22,3.184,3.184,3.184,3.184,0.0,3.184,0
2021-09-23,3.191,3.191,3.191,3.191,0.0,3.191,0
2021-09-24,3.132,3.132,3.132,3.132,0.0,3.132,0
2021-09-27,3.125,3.125,3.125,3.125,0.0,3.125,0
2021-09-28,3.048,3.048,3.048,3.048,0.0,3.048,0
2021-09-29,3.029,3.029,3.029,3.029,0.0,3.029,0
2021-09-30,3.036,3.036,3.036,3.036,0.0,3.036,0
2021-10-01,3.026,3.026,3.026,3.026,0.0,3.026,0
2021-10-04,3.035,3.035,3.035,3.035,0.0,3.035,0
2021-10-05,3.05,3.05,3.05,3.05,0.0,3.05,0
2021-10-06,3.088,3.088,3.088,3.088,0.0,3.088,0
2021-10-07,3.088,3.088,3.088,3.088,0.0,3.088,0
2021-10-08,3.129,3.129,3.129,3.129,0.0,3.129,0
2021-10-11,3.115,3.115,3.115,3.115,0.0,3.115,0
2021-10-12,3.117,3.117,3.117,3.117,0.0,3.117,0
2021-10-13,3.122,3.122,3.122,3.122,0.0,3.122,0
2021-10-14,3.157,3.157,3.157,3.157,0.0,3.157,0
2021-10-15,3.168,3.168,3.168,3.168,0.0,3.168,0
2021-10-18,3.174,3.174,3.174,3.174,0.0,3.174,0
2021-10-19,3.171,3.171,3.171,3.171,0.0,3.171,0
2021-10-20,3.174,3.174,3.174,3.174,0.0,3.174,0
2021-10-21,3.17,3.17,3.17,3.17,0.0,3.17,0
2021-10-22,3.175,3.175,3.175,3.175,0.0,3.175,0
2021-10-25,3.218,3.218,3.218,3.218,0.0,3.218,0
2021-10-26,3.196,3.196,3.196,3.196,0.0,3.196,0
2021-10-27,3.133,3.133,3.133,3.133,0.0,3.133,0
2021-10-28,3.134,3.134,3.134,3.134,0.0,3.134,0
2021-10-29,3.085,3.085,3.085,3.085,0.0,3.085,0
2021-11-01,2.98,2.98,2.98,2.98,0.0,2.98,0
2021-11-02,3.041,3.041,3.041,3.041,0.0,3.041,0
2021-11-03,3.035,3.035,3.035,3.035,0.0,3.035,0
2021-11-04,3.059,3.059,3.059,3.059,0.0,3.059,0
2021-11-05,3.069,3.069,3.069,3.069,0.0,3.069,0
2021-11-08,3.157,3.157,3.157,3.157,0.0,3.157,0
2021-11-09,3.153,3.153,3.153,3.153,0.0,3.153,0
2021-11-10,3.179,3.179,3.179,3.179,0.0,3.179,0
2021-11-11,3.196,3.196,3.196,3.196,0.0,3.196,0
2021-11-12,3.132,3.132,3.132,3.132,0.0,3.132,0
2021-11-15,3.145,3.145,3.145,3.145,0.0,3.145,0
2021-11-16,3.216,3.216,3.216,3.216,0.0,3.216,0
2021-11-17,3.147,3.147,3.147,3.147,0.0,3.147,0
2021-11-18,3.135,3.135,3.135,3.135,0.0,3.135,0
2021-11-19,3.099,3.099,3.099,3.099,0.0,3.099,0
2021-11-22,3.081,3.081,3.081,3.081,0.0,3.081,0
2021-11-23,3.128,3.128,3.128,3.128,0.0,3.128,0
2021-11-24,3.126,3.126,3.126,3.126,0.0,3.126,0
2021-11-26,3.165,3.165,3.165,3.165,0.0,3.165,0
2021-11-29,3.157,3.157,3.157,3.157,0.0,3.157,0
2021-11-30,3.13,3.13,3.13,3.13,0.0,3.13,0
2021-12-01,3.138,3.138,3.138,3.138,0.0,3.138,0
2021-12-02,3.142,3.142,3.142,3.142,0.0,3.142,0
2021-12-03,3.152,3.152,3.152,3.152,0.0,3.152,0
2021-12-06,3.124,3.124,3.124,3.124,0.0,3.124,0
2021-12-07,3.128,3.128,3.128,3.128,0.0,3.128,0
2021-12-08,3.052,3.052,3.052,3.052,0.0,3.052,0
2021-12-09,3.07,3.07,3.07,3.07,0.0,3.07,0
2021-12-10,3.1,3.1,3.1,3.1,0.0,3.1,0
2021-12-13,3.004,3.004,3.004,3.004,0.0,3.004,0
2021-12-14,3.042,3.042,3.042,3.042,0.0,3.042,0
2021-12-15,3.073,3.073,3.073,3.073,0.0,3.073,0
2021-12-16,3.066,3.066,3.066,3.066,0.0,3.066,0
2021-12-17,3.079,3.079,3.079,3.079,0.0,3.079,0
2021-12-20,3.094,3.094,3.094,3.094,0.0,3.094,0
2021-12-21,3.078,3.078,3.078,3.078,0.0,3.078,0
2021-12-22,3.079,3.079,3.079,3.079,0.0,3.079,0
2021-12-23,3.042,3.042,3.042,3.042,0.0,3.042,0
2021-12-27,3.028,3.028,3.028,3.028,0.0,3.028,0
2021-12-28,3.051,3.051,3.051,3.051,0.0,3.051,0
2021-12-29,3.063,3.063,3.063,3.063,0.0,3.063,0
2021-12-30,3.051,3.051,3.051,3.051,0.0,3.051,0
2021-12-31,3.094,3.094,3.094,3.094,0.0,3.094,0
2022-01-03,3.076,3.076,3.076,3.076,0.0,3.076,0
2022-01-04,3.075,3.075,3.075,3.075,0.0,3.075,0
2022-01-05,3.069,3.069,3.069,3.069,0.0,3.069,0
2022-01-06,3.083,3.083,3.083,3.083,0.0,3.083,0
2022-01-07,3.116,3.116,3.116,3.116,0.0,3.116,0
2022-01-10,3.121,3.121,3.121,3.121,0.0,3.121,0
2022-01-11,3.11,3.11,3.11,3.11,0.0,3.11,0
2022-01-12,3.085,3.085,3.085,3.085,0.0,3.085,0
2022-01-13,3.088,3.088,3.088,3.088,0.0,3.088,0
2022-01-14,3.064,3.064,3.064,3.064,0.0,3.064,0
2022-01-18,3.083,3.083,3.083,3.083,0.0,3.083,0
2022-01-19,3.13,3.13,3.13,3.13,0.0,3.13,0
2022-01-20,3.133,3.133,3.133,3.133,0.0,3.133,0
2022-01-21,3.121,3.121,3.121,3.121,0.0,3.121,0
2022-01-24,3.11,3.11,3.11,3.11,0.0,3.11,0
2022-01-25,3.13,3.13,3.13,3.13,0.0,3.13,0
2022-01-26,3.131,3.131,3.131,3.131,0.0,3.131,0
2022-01-27,3.116,3.116,3.116,3.116,0.0,3.116,0
2022-01-28,3.109,3.109,3.109,3.109,0.0,3.109,0
2022-01-31,3.108,3.108,3.108,3.108,0.0,3.108,0
2022-02-01,3.093,3.093,3.093,3.093,0.0,3.093,0
2022-02-02,3.112,3.112,3.112,3.112,0.0,3.112,0
2022-02-03,3.103,3.103,3.103,3.103,0.0,3.103,0
2022-02-04,3.133,3.133,3.133,3.133,0.0,3.133,0
2022-02-07,3.149,3.149,3.149,3.149,0.0,3.149,0
2022-02-08,3.141,3.141,3.141,3.141,0.0,3.141,0
2022-02-09,3.136,3.136,3.136,3.136,0.0,3.136,0
2022-02-10,3.143,3.143,3.143,3.143,0.0,3.143,0
2022-02-11,3.183,3.183,3.183,3.183,0.0,3.183,0
2022-02-14,3.224,3.224,3.224,3.224,0.0,3.224,0
2022-02-15,3.212,3.212,3.212,3.212,0.0,3.212,0
2022-02-16,3.241,3.241,3.241,3.241,0.0,3.241,0
2022-02-17,3.234,3.234,3.234,3.234,0.0,3.234,0
2022-02-18,3.234,3.234,3.234,3.234,0.0,3.234,0
2022-02-22,3.279,3.279,3.279,3.279,0.0,3.279,0
2022-02-23,3.365,3.365,3.365,3.365,0.0,3.365,0
2022-02-24,3.408,3.408,3.408,3.408,0.0,3.408,0
2022-02-25,3.325,3.325,3.325,3.325,0.0,3.325,0
2022-02-28,3.402,3.402,3.402,3.402,0.0,3.402,0
2022-03-01,3.473,3.473,3.473,3.473,0.0,3.473,0
2022-03-02,3.54,3.54,3.54,3.54,0.0,3.54,0
2022-03-03,3.483,3.483,3.483,3.483,0.0,3.483,0
2022-03-04,3.536,3.536,3.536,3.536,0.0,3.536,0
2022-03-07,3.607,3.607,3.607,3.607,0.0,3.607,0
2022-03-08,3.654,3.654,3.654,3.654,0.0,3.654,0
2022-03-09,3.633,3.633,3.633,3.633,0.0,3.633,0
2022-03-10,3.549,3.549,3.549,3.549,0.0,3.549,0
2022-03-11,3.53,3.53,3.53,3.53,0.0,3.53,0
2022-03-14,3.573,3.573,3.573,3.573,0.0,3.573,0
2022-03-15,3.555,3.555,3.555,3.555,0.0,3.555,0
2022-03-16,3.566,3.566,3.566,3.566,0.0,3.566,0
2022-03-17,3.583,3.583,3.583,3.583,0.0,3.583,0
2022-03-18,3.535,3.535,3.535,3.535,0.0,3.535,0
2022-03-21,3.521,3.521,3.521,3.521,0.0,3.521,0
2022-03-22,3.532,3.532,3.532,3.532,0.0,3.532,0
2022-03-23,3.543,3.543,3.543,3.543,0.0,3.543,0
2022-03-24,3.569,3.569,3.569,3.569,0.0,3.569,0
2022-03-25,3.615,3.615,3.615,3.615,0.0,3.615,0
2022-03-28,3.707,3.707,3.707,3.707,0.0,3.707,0
2022-03-29,3.721,3.721,3.721,3.721,0.0,3.721,0
2022-03-30,3.834,3.834,3.834,3.834,0.0,3.834,0
2022-03-31,3.927,3.927,3.927,3.927,0.0,3.927,0
2022-04-01,3.984,3.984,3.984,3.984,0.0,3.984,0
2022-04-04,4.051,4.051,4.051,4.051,0.0,4.051,0
2022-04-05,4.08,4.08,4.08,4.08,0.0,4.08,0
2022-04-06,4.132,4.132,4.132,4.132,0.0,4.132,0
2022-04-07,4.135,4.135,4.135,4.135,0.0,4.135,0
2022-04-08,4.108,4.108,4.108,4.108,0.0,4.108,0
2022-04-11,4.157,4.157,4.157,4.157,0.0,4.157,0
2022-04-12,4.179,4.179,4.179,4.179,0.0,4.179,0
2022-04-13,4.217,4.217,4.217,4.217,0.0,4.217,0
2022-04-14,4.219,4.219,4.219,4.219,0.0,4.219,0
2022-04-18,4.234,4.234,4.234,4.234,0.0,4.234,0
2022-04-19,4.212,4.212,4.212,4.212,0.0,4.212,0
2022-04-20,4.203,4.203,4.203,4.203,0.0,4.203,0
2022-04-21,4.126,4.126,4.126,4.126,0.0,4.126,0
2022-04-22,3.953,3.953,3.953,3.953,0.0,3.953,0
2022-04-25,3.968,3.968,3.968,3.968,0.0,3.968,0
2022-04-26,4.033,4.033,4.033,4.033,0.0,4.033,0
2022-04-27,4.023,4.023,4.023,4.023,0.0,4.023,0
2022-04-28,4.024,4.024,4.024,4.024,0.0,4.024,0
2022-04-29,4.017,4.017,4.017,4.017,0.0,4.017,0
2022-05-02,4.086,4.086,4.086,4.086,0.0,4.086,0
2022-05-03,4.142,4.142,4.142,4.142,0.0,4.142,0
2022-05-04,4.192,4.192,4.192,4.192,0.0,4.192,0
2022-05-05,4.225,4.225,4.225,4.225,0.0,4.225,0
2022-05-06,4.191,4.191,4.191,4.191,0.0,4.191,0
2022-05-09,4.114,4.114,4.114,4.114,0.0,4.114,0
2022-05-10,4.162,4.162,4.162,4.162,0.0,4.162,0
2022-05-11,4.221,4.221,4.221,4.221,0.0,4.221,0
2022-05-12,4.231,4.231,4.231,4.231,0.0,4.231,0
2022-05-13,4.285,4.285,4.285,4.285,0.0,4.285,0
2022-05-16,4.315,4.315,4.315,4.315,0.0,4.315,0
2022-05-17,4.302,4.302,4.302,4.302,0.0,4.302,0
2022-05-18,4.341,4.341,4.341,4.341,0.0,4.341,0
2022-05-19,4.28,4.28,4.28,4.28,0.0,4.28,0
2022-05-20,4.289,4.289,4.289,4.289,0.0,4.289,0
2022-05-23,4.33,4.33,4.33,4.33,0.0,4.33,0
2022-05-24,4.309,4.309,4.309,4.309,0.0,4.309,0
2022-05-25,4.34,4.34,4.34,4.34,0.0,4.34,0
2022-05-26,4.369,4.369,4.369,4.369,0.0,4.369,0
2022-05-27,4.393,4.393,4.393,4.393,0.0,4.393,0
2022-05-31,4.324,4.324,4.324,4.324,0.0,4.324,0
2022-06-01,4.488,4.488,4.488,4.488,0.0,4.488,0
2022-06-02,4.473,4.473,4.473,4.473,0.0,4.473,0
2022-06-03,4.52,4.52,4.52,4.52,0.0,4.52,0
2022-06-06,4.619,4.619,4.619,4.619,0.0,4.619,0
2022-06-07,4.624,4.624,4.624,4.624,0.0,4.624,0
2022-06-08,4.679,4.679,4.679,4.679,0.0,4.679,0
2022-06-09,4.765,4.765,4.765,4.765,0.0,4.765,0
2022-06-10,4.807,4.807,4.807,4.807,0.0,4.807,0
2022-06-13,4.75,4.75,4.75,4.75,0.0,4.75,0
2022-06-14,4.672,4.672,4.672,4.672,0.0,4.672,0
2022-06-15,4.733,4.733,4.733,4.733,0.0,4.733,0
2022-06-16,4.747,4.747,4.747,4.747,0.0,4.747,0
2022-06-17,4.628,4.628,4.628,4.628,0.0,4.628,0
2022-06-21,4.615,4.615,4.615,4.615,0.0,4.615,0
2022-06-22,4.67,4.67,4.67,4.67,0.0,4.67,0
2022-06-23,4.664,4.664,4.664,4.664,0.0,4.664,0
2022-06-24,4.44,4.44,4.44,4.44,0.0,4.44,0
2022-06-27,4.482,4.482,4.482,4.482,0.0,4.482,0
2022-06-28,4.452,4.452,4.452,4.452,0.0,4.452,0
2022-06-29,4.402,4.402,4.402,4.402,0.0,4.402,0
2022-06-30,4.147,4.147,4.147,4.147,0.0,4.147,0
2022-07-01,4.235,4.235,4.235,4.235,0.0,4.235,0
2022-07-04,4.235,4.235,4.235,4.235,0.0,4.235,0
2022-07-05,4.085,4.085,4.085,4.085,0.0,4.085,0
2022-07-06,4.177,4.177,4.177,4.177,0.0,4.177,0
2022-07-07,4.27,4.27,4.27,4.27,0.0,4.27,0
2022-07-08,4.269,4.269,4.269,4.269,0.0,4.269,0
2022-07-11,4.303,4.303,4.303,4.303,0.0,4.303,0
2022-07-12,4.205,4.205,4.205,4.205,0.0,4.205,0
2022-07-13,4.267,4.267,4.267,4.267,0.0,4.267,0
2022-07-14,4.189,4.189,4.189,4.189,0.0,4.189,0
2022-07-15,4.263,4.263,4.263,4.263,0.0,4.263,0
2022-07-18,4.209,4.209,4.209,4.209,0.0,4.209,0
2022-07-19,4.236,4.236,4.236,4.236,0.0,4.236,0
2022-07-20,4.379,4.379,4.379,4.379,0.0,4.379,0
2022-07-21,4.284,4.284,4.284,4.284,0.0,4.284,0
2022-07-22,4.288,4.288,4.288,4.288,0.0,4.288,0
2022-07-25,4.344,4.344,4.344,4.344,0.0,4.344,0
2022-07-26,4.371,4.371,4.371,4.371,0.0,4.371,0
2022-07-27,4.369,4.369,4.369,4.369,0.0,4.369,0
2022-07-28,4.345,4.345,4.345,4.345,0.0,4.345,0
2022-07-29,4.37,4.37,4.37,4.37,0.0,4.37,0
2022-08-01,4.353,4.353,4.353,4.353,0.0,4.353,0
2022-08-02,4.355,4.355,4.355,4.355,0.0,4.355,0
2022-08-03,4.387,4.387,4.387,4.387,0.0,4.387,0
2022-08-04,4.368,4.368,4.368,4.368,0.0,4.368,0
2022-08-05,4.371,4.371,4.371,4.371,0.0,4.371,0
2022-08-08,4.333,4.333,4.333,4.333,0.0,4.333,0
2022-08-09,4.37,4.37,4.37,4.37,0.0,4.37,0
2022-08-10,4.4,4.4,4.4,4.4,0.0,4.4,0
2022-08-11,4.497,4.497,4.497,4.497,0.0,4.497,0
2022-08-12,4.485,4.485,4.485,4.485,0.0,4.485,0
2022-08-15,4.578,4.578,4.578,4.578,0.0,4.578,0
2022-08-16,4.617,4.617,4.617,4.617,0.0,4.617,0
2022-08-17,4.6,4.6,4.6,4.6,0.0,4.6,0
2022-08-18,4.606,4.606,4.606,4.606,0.0,4.606,0
2022-08-19,4.622,4.622,4.622,4.622,0.0,4.622,0
2022-08-22,4.681,4.681,4.681,4.681,0.0,4.681,0
2022-08-23,4.688,4.688,4.688,4.688,0.0,4.688,0
2022-08-24,4.718,4.718,4.718,4.718,0.0,4.718,0
2022-08-25,4.78,4.78,4.78,4.78,0.0,4.78,0
2022-08-26,4.822,4.822,4.822,4.822,0.0,4.822,0
2022-08-29,4.863,4.863,4.863,4.863,0.0,4.863,0
2022-08-30,4.87,4.87,4.87,4.87,0.0,4.87,0
2022-08-31,4.907,4.907,4.907,4.907,0.0,4.907,0
2022-09-01,4.975,4.975,4.975,4.975,0.0,4.975,0
2022-09-02,5.063,5.063,5.063,5.063,0.0,5.063,0
2022-09-05,5.063,5.063,5.063,5.063,0.0,5.063,0
2022-09-06,5.055,5.055,5.055,5.055,0.0,5.055,0
2022-09-07,4.998,4.998,4.998,4.998,0.0,4.998,0
2022-09-08,4.951,4.951,4.951,4.951,0.0,4.951,0
2022-09-09,5.002,5.002,5.002,5.002,0.0,5.002,0
2022-09-12,4.947,4.947,4.947,4.947,0.0,4.947,0
2022-09-13,4.976,4.976,4.976,4.976,0.0,4.976,0
2022-09-14,5.035,5.035,5.035,5.035,0.0,5.035,0
2022-09-15,4.989,4.989,4.989,4.989,0.0,4.989,0
2022-09-16,4.884,4.884,4.884,4.884,0.0,4.884,0
2022-09-19,4.84,4.84,4.84,4.84,0.0,4.84,0
2022-09-20,4.817,4.817,4.817,4.817,0.0,4.817,0
2022-09-21,4.682,4.682,4.682,4.682,0.0,4.682,0
2022-09-22,4.53,4.53,4.53,4.53,0.0,4.53,0
2022-09-23,4.536,4.536,4.536,4.536,0.0,4.536,0
2022-09-26,4.475,4.475,4.475,4.475,0.0,4.475,0
2022-09-27,4.412,4.412,4.412,4.412,0.0,4.412,0
2022-09-28,4.348,4.348,4.348,4.348,0.0,4.348,0
2022-09-29,4.333,4.333,4.333,4.333,0.0,4.333,0
2022-09-30,4.339,4.339,4.339,4.339,0.0,4.339,0
2022-10-03,4.28,4.28,4.28,4.28,0.0,4.28,0
2022-10-04,4.33,4.33,4.33,4.33,0.0,4.33,0
2022-10-05,4.327,4.327,4.327,4.327,0.0,4.327,0
2022-10-06,4.354,4.354,4.354,4.354,0.0,4.354,0
2022-10-07,4.354,4.354,4.354,4.354,0.0,4.354,0
2022-10-10,4.376,4.376,4.376,4.376,0.0,4.376,0
2022-10-11,4.414,4.414,4.414,4.414,0.0,4.414,0
2022-10-12,4.393,4.393,4.393,4.393,0.0,4.393,0
2022-10-13,4.386,4.386,4.386,4.386,0.0,4.386,0
2022-10-14,4.409,4.409,4.409,4.409,0.0,4.409,0
2022-10-17,4.382,4.382,4.382,4.382,0.0,4.382,0
2022-10-18,4.347,4.347,4.347,4.347,0.0,4.347,0
2022-10-19,4.322,4.322,4.322,4.322,0.0,4.322,0
2022-10-20,4.423,4.423,4.423,4.423,0.0,4.423,0
2022-10-21,4.403,4.403,4.403,4.403,0.0,4.403,0
2022-10-24,4.444,4.444,4.444,4.444,0.0,4.444,0
2022-10-25,4.449,4.449,4.449,4.449,0.0,4.449,0
2022-10-26,4.466,4.466,4.466,4.466,0.0,4.466,0
2022-10-27,4.459,4.459,4.459,4.459,0.0,4.459,0
2022-10-28,4.47,4.47,4.47,4.47,0.0,4.47,0
2022-10-31,4.464,4.464,4.464,4.464,0.0,4.464,0
2022-11-01,4.429,4.429,4.429,4.429,0.0,4.429,0
2022-11-02,4.493,4.493,4.493,4.493,0.0,4.493,0
2022-11-03,4.558,4.558,4.558,4.558,0.0,4.558,0
2022-11-04,4.662,4.662,4.662,4.662,0.0,4.662,0
2022-11-07,4.686,4.686,4.686,4.686,0.0,4.686,0
2022-11-08,4.646,4.646,4.646,4.646,0.0,4.646,0
2022-11-09,4.66,4.66,4.66,4.66,0.0,4.66,0
2022-11-10,4.66,4.66,4.66,4.66,0.0,4.66,0
2022-11-11,4.633,4.633,4.633,4.633,0.0,4.633,0
2022-11-14,4.602,4.602,4.602,4.602,0.0,4.602,0
2022-11-15,4.658,4.658,4.658,4.658,0.0,4.658,0
2022-11-16,4.673,4.673,4.673,4.673,0.0,4.673,0
2022-11-17,4.67,4.67,4.67,4.67,0.0,4.67,0
2022-11-18,4.684,4.684,4.684,4.684,0.0,4.684,0
2022-11-21,4.639,4.639,4.639,4.639,0.0,4.639,0
2022-11-22,4.623,4.623,4.623,4.623,0.0,4.623,0
2022-11-23,4.632,4.632,4.632,4.632,0.0,4.632,0
2022-11-24,4.632,4.632,4.632,4.632,0.0,4.632,0
2022-11-25,4.626,4.626,4.626,4.626,0.0,4.626,0
2022-11-28,4.625,4.625,4.625,4.625,0.0,4.625,0
2022-11-29,4.657,4.657,4.657,4.657,0.0,4.657,0
2022-11-30,4.623,4.623,4.623,4.623,0.0,4.623,0
2022-12-01,4.603,4.603,4.603,4.603,0.0,4.603,0
2022-12-02,4.599,4.599,4.599,4.599,0.0,4.599,0
2022-12-05,4.607,4.607,4.607,4.607,0.0,4.607,0
2022-12-06,4.62,4.62,4.62,4.62,0.0,4.62,0
2022-12-07,4.625,4.625,4.625,4.625,0.0,4.625,0
2022-12-08,4.668,4.668,4.668,4.668,0.0,4.668,0
2022-12-09,4.672,4.672,4.672,4.672,0.0,4.672,0
2022-12-12,4.727,4.727,4.727,4.727,0.0,4.727,0
2022-12-13,4.715,4.715,4.715,4.715,0.0,4.715,0
2022-12-14,4.713,4.713,4.713,4.713,0.0,4.713,0
2022-12-15,4.743,4.743,4.743,4.743,0.0,4.743,0
2022-12-16,4.803,4.803,4.803,4.803,0.0,4.803,0
2022-12-19,4.827,4.827,4.827,4.827,0.0,4.827,0
2022-12-20,4.822,4.822,4.822,4.822,0.0,4.822,0
2022-12-21,4.734,4.734,4.734,4.734,0.0,4.734,0
2022-12-22,4.651,4.651,4.651,4.651,0.0,4.651,0
2022-12-23,4.649,4.649,4.649,4.649,0.0,4.649,0
2022-12-27,4.735,4.735,4.735,4.735,0.0,4.735,0
2022-12-28,4.657,4.657,4.657,4.657,0.0,4.657,0
2022-12-29,4.648,4.648,4.648,4.648,0.0,4.648,0
2022-12-30,4.657,4.657,4.657,4.657,0.0,4.657,0
2023-01-03,4.603,4.603,4.603,4.603,0.0,4.603,0
2023-01-04,4.606,4.606,4.606,4.606,0.0,4.606,0
2023-01-05,4.498,4.498,4.498,4.498,0.0,4.498,0
2023-01-06,4.442,4.442,4.442,4.442,0.0,4.442,0
2023-01-09,4.45,4.45,4.45,4.45,0.0,4.45,0
2023-01-10,4.474,4.474,4.474,4.474,0.0,4.474,0
2023-01-11,4.44,4.44,4.44,4.44,0.0,4.44,0
2023-01-12,4.439,4.439,4.439,4.439,0.0,4.439,0
2023-01-13,4.448,4.448,4.448,4.448,0.0,4.448,0
2023-01-16,4.448,4.448,4.448,4.448,0.0,4.448,0
2023-01-17,4.464,4.464,4.464,4.464,0.0,4.464,0
2023-01-18,4.487,4.487,4.487,4.487,0.0,4.487,0
2023-01-19,4.527,4.527,4.527,4.527,0.0,4.527,0
2023-01-20,4.541,4.541,4.541,4.541,0.0,4.541,0
2023-01-23,4.542,4.542,4.542,4.542,0.0,4.542,0
2023-01-24,4.511,4.511,4.511,4.511,0.0,4.511,0
2023-01-25,4.454,4.454,4.454,4.454,0.0,4.454,0
2023-01-26,4.461,4.461,4.461,4.461,0.0,4.461,0
2023-01-27,4.452,4.452,4.452,4.452,0.0,4.452,0
2023-01-30,4.373,4.373,4.373,4.373,0.0,4.373,0
2023-01-31,4.384,4.384,4.384,4.384,0.0,4.384,0
2023-02-01,4.249,4.249,4.249,4.249,0.0,4.249,0
2023-02-02,4.229,4.229,4.229,4.229,0.0,4.229,0
2023-02-03,4.132,4.132,4.132,4.132,0.0,4.132,0
2023-02-10,4.133,4.133,4.133,4.133,0.0,4.133,0
2023-02-13,4.076,4.076,4.076,4.076,0.0,4.076,0
2023-02-14,4.077,4.077,4.077,4.077,0.0,4.077,0
2023-02-15,4.072,4.072,4.072,4.072,0.0,4.072,0
2023-02-16,4.072,4.072,4.072,4.072,0.0,4.072,0
2023-02-17,4.058,4.058,4.058,4.058,0.0,4.058,0
2023-02-20,4.058,4.058,4.058,4.058,0.0,4.058,0
2023-02-21,4.058,4.058,4.058,4.058,0.0,4.058,0
2023-02-22,4.08,4.08,4.08,4.08,0.0,4.08,0
2023-02-23,4.114,4.114,4.114,4.114,0.0,4.114,0
2023-02-24,4.178,4.178,4.178,4.178,0.0,4.178,0
2023-02-27,4.22,4.22,4.22,4.22,0.0,4.22,0
2023-02-28,4.268,4.268,4.268,4.268,0.0,4.268,0
2023-03-01,4.349,4.349,4.349,4.349,0.0,4.349,0
2023-03-02,4.357,4.357,4.357,4.357,0.0,4.357,0
2023-03-03,4.397,4.397,4.397,4.397,0.0,4.397,0
2023-03-06,4.431,4.431,4.431,4.431,0.0,4.431,0
2023-03-07,4.465,4.465,4.465,4.465,0.0,4.465,0
2023-03-08,4.434,4.434,4.434,4.434,0.0,4.434,0
2023-03-09,4.278,4.278,4.278,4.278,0.0,4.278,0
2023-03-10,4.396,4.396,4.396,4.396,0.0,4.396,0
2023-03-13,4.407,4.407,4.407,4.407,0.0,4.407,0
2023-03-14,4.478,4.478,4.478,4.478,0.0,4.478,0
2023-03-15,4.457,4.457,4.457,4.457,0.0,4.457,0
2023-03-16,4.499,4.499,4.499,4.499,0.0,4.499,0
2023-03-17,4.492,4.492,4.492,4.492,0.0,4.492,0
2023-03-20,4.451,4.451,4.451,4.451,0.0,4.451,0
2023-03-21,4.5,4.5,4.5,4.5,0.0,4.5,0
2023-03-22,4.454,4.454,4.454,4.454,0.0,4.454,0
2023-03-23,4.489,4.489,4.489,4.489,0.0,4.489,0
2023-03-24,4.453,4.453,4.453,4.453,0.0,4.453,0
2023-03-27,4.432,4.432,4.432,4.432,0.0,4.432,0
2023-03-28,4.39,4.39,4.39,4.39,0.0,4.39,0
2023-03-29,4.387,4.387,4.387,4.387,0.0,4.387,0
2023-03-30,4.395,4.395,4.395,4.395,0.0,4.395,0
2023-03-31,4.388,4.388,4.388,4.388,0.0,4.388,0
2023-04-03,4.396,4.396,4.396,4.396,0.0,4.396,0
2023-04-04,4.408,4.408,4.408,4.408,0.0,4.408,0
2023-04-05,4.381,4.381,4.381,4.381,0.0,4.381,0
2023-04-06,4.337,4.337,4.337,4.337,0.0,4.337,0
2023-04-10,4.399,4.399,4.399,4.399,0.0,4.399,0
2023-04-11,4.409,4.409,4.409,4.409,0.0,4.409,0
2023-04-12,4.335,4.335,4.335,4.335,0.0,4.335,0
2023-04-13,4.303,4.303,4.303,4.303,0.0,4.303,0
2023-04-14,4.323,4.323,4.323,4.323,0.0,4.323,0
2023-04-17,4.389,4.389,4.389,4.389,0.0,4.389,0
2023-04-18,4.38,4.387,4.38,4.387,33.0,4.38,1
2023-04-19,4.409,4.409,4.409,4.409,0.0,4.409,0
2023-04-20,4.441,4.441,4.441,4.441,0.0,4.441,0
2023-04-21,4.448,4.448,4.448,4.448,0.0,4.448,0
2023-04-24,4.459,4.459,4.459,4.459,0.0,4.459,0
2023-04-25,4.457,4.457,4.457,4.457,0.0,4.457,0
2023-04-26,4.45,4.45,4.45,4.45,0.0,4.45,0
2023-04-27,4.454,4.454,4.454,4.454,0.0,4.454,0
2023-04-28,4.473,4.473,4.473,4.473,0.0,4.473,0
2023-05-01,4.43,4.43,4.43,4.43,0.0,4.43,0
2023-05-02,4.426,4.426,4.426,4.426,0.0,4.426,0
2023-05-03,4.424,4.424,4.424,4.424,0.0,4.424,0
2023-05-04,4.431,4.431,4.431,4.431,0.0,4.431,0
2023-05-05,4.428,4.428,4.428,4.428,0.0,4.428,0
2023-05-08,4.396,4.396,4.396,4.396,0.0,4.396,0
2023-05-09,4.379,4.379,4.379,4.379,0.0,4.379,0
2023-05-10,4.395,4.395,4.395,4.395,0.0,4.395,0
2023-05-11,4.385,4.385,4.385,4.385,0.0,4.385,0
2023-05-12,4.362,4.362,4.362,4.362,0.0,4.362,0
2023-05-15,4.366,4.366,4.366,4.366,0.0,4.366,0
2023-05-16,4.352,4.352,4.352,4.352,0.0,4.352,0
2023-05-17,4.276,4.276,4.276,4.276,0.0,4.276,0
2023-05-18,4.256,4.256,4.256,4.256,0.0,4.256,0
2023-05-19,4.207,4.207,4.207,4.207,0.0,4.207,0
2023-05-22,4.197,4.197,4.197,4.197,0.0,4.197,0
2023-05-23,4.185,4.185,4.185,4.185,0.0,4.185,0
2023-05-24,4.24,4.24,4.24,4.24,0.0,4.24,0
2023-05-25,4.208,4.208,4.208,4.208,0.0,4.208,0
2023-05-26,4.236,4.236,4.236,4.236,0.0,4.236,0
2023-05-29,4.236,4.236,4.236,4.236,0.0,4.236,0
2023-05-30,4.196,4.196,4.196,4.196,0.0,4.196,0
2023-05-31,4.056,4.161,4.056,4.161,28.0,4.056,1
2023-06-01,4.019,4.019,4.019,4.019,0.0,4.019,0
2023-06-02,4.059,4.059,4.059,4.059,0.0,4.059,0
2023-06-05,4.129,4.129,4.129,4.129,0.0,4.129,0
2023-06-06,4.126,4.126,4.126,4.126,0.0,4.126,0
2023-06-07,4.1,4.1,4.1,4.1,0.0,4.1,0
2023-06-08,4.071,4.071,4.071,4.071,0.0,4.071,0
2023-06-09,4.076,4.076,4.076,4.076,0.0,4.076,0
2023-06-12,4.073,4.073,4.073,4.073,0.0,4.073,0
2023-06-13,4.047,4.047,4.047,4.047,0.0,4.047,0
2023-06-14,4.06,4.06,4.06,4.06,0.0,4.06,0
2023-06-15,4.041,4.041,4.041,4.041,0.0,4.041,0
2023-06-16,3.991,3.991,3.991,3.991,0.0,3.991,0
2023-06-19,3.991,3.991,3.991,3.991,0.0,3.991,0
2023-06-20,4.038,4.038,4.038,4.038,0.0,4.038,0
2023-06-21,4.104,4.104,4.104,4.104,0.0,4.104,0
2023-06-22,4.122,4.122,4.122,4.122,0.0,4.122,0
2023-06-23,4.019,4.019,4.019,4.019,0.0,4.019,0
2023-06-26,3.993,3.993,3.993,3.993,0.0,3.993,0
2023-06-27,3.944,3.944,3.944,3.944,0.0,3.944,0
2023-06-28,3.871,3.871,3.871,3.871,0.0,3.871,0
2023-06-29,3.83,3.83,3.83,3.83,0.0,3.83,0
2023-06-30,3.844,3.844,3.844,3.844,0.0,3.844,0
2023-07-03,3.845,3.845,3.845,3.845,0.0,3.845,0
2023-07-04,3.845,3.845,3.845,3.845,0.0,3.845,0
2023-07-05,3.835,3.835,3.835,3.835,0.0,3.835,0
2023-07-06,3.837,3.837,3.837,3.837,0.0,3.837,0
2023-07-07,3.883,3.883,3.883,3.883,0.0,3.883,0
2023-07-10,3.898,3.898,3.898,3.898,0.0,3.898,0
2023-07-11,3.939,3.939,3.939,3.939,0.0,3.939,0
2023-07-12,4.005,4.005,4.005,4.005,0.0,4.005,0
2023-07-13,3.95,3.95,3.95,3.95,0.0,3.95,0
2023-07-14,3.998,3.998,3.998,3.998,0.0,3.998,0
2023-07-17,3.99,3.99,3.99,3.99,0.0,3.99,0
2023-07-18,4.044,4.044,4.044,4.044,0.0,4.044,0
2023-07-19,4.036,4.036,4.035,4.035,1.0,4.036,1
2023-07-20,4.048,4.048,4.048,4.048,0.0,4.048,0
2023-07-21,4.066,4.066,4.066,4.066,0.0,4.066,0
2023-07-24,4.107,4.107,4.107,4.107,0.0,4.107,0
2023-07-25,4.121,4.121,4.121,4.121,0.0,4.121,0
2023-07-26,4.144,4.144,4.144,4.144,0.0,4.144,0
2023-07-27,4.135,4.135,4.135,4.135,0.0,4.135,0
2023-07-28,4.144,4.144,4.144,4.144,0.0,4.144,0
2023-07-31,4.09,4.09,4.09,4.09,0.0,4.09,0
2023-08-01,4.04,4.04,4.04,4.04,0.0,4.04,0
2023-08-02,4.037,4.037,4.037,4.037,0.0,4.037,0
2023-08-03,4.017,4.017,4.017,4.017,0.0,4.017,0
2023-08-04,4.025,4.025,4.025,4.025,0.0,4.025,0
2023-08-07,4.086,4.086,4.086,4.086,0.0,4.086,0
2023-08-08,4.089,4.089,4.089,4.089,0.0,4.089,0
2023-08-09,4.051,4.051,4.051,4.051,0.0,4.051,0
2023-08-10,4.036,4.036,4.036,4.036,0.0,4.036,0
2023-08-11,4.064,4.064,4.064,4.064,0.0,4.064,0
2023-08-14,4.035,4.035,4.035,4.035,0.0,4.035,0
2023-08-15,4.085,4.085,4.085,4.085,0.0,4.085,0
2023-08-16,4.096,4.096,4.096,4.096,0.0,4.096,0
2023-08-17,4.058,4.058,4.058,4.058,0.0,4.058,0
2023-08-18,4.056,4.056,4.056,4.056,0.0,4.056,0
2023-08-21,4.103,4.103,4.103,4.103,0.0,4.103,0
2023-08-22,4.094,4.094,4.094,4.094,0.0,4.094,0
2023-08-23,4.157,4.157,4.157,4.157,0.0,4.157,0
2023-08-24,4.137,4.137,4.137,4.137,0.0,4.137,0
2023-08-25,4.112,4.112,4.112,4.112,0.0,4.112,0
2023-08-28,4.101,4.101,4.101,4.101,0.0,4.101,0
2023-08-29,4.074,4.074,4.074,4.074,0.0,4.074,0
2023-08-30,4.129,4.129,4.129,4.129,0.0,4.129,0
2023-08-31,4.144,4.144,4.144,4.144,0.0,4.144,0
2023-09-01,4.122,4.122,4.122,4.122,0.0,4.122,0
2023-09-04,4.122,4.122,4.122,4.122,0.0,4.122,0
2023-09-05,4.083,4.083,4.083,4.083,0.0,4.083,0
2023-09-06,4.095,4.095,4.095,4.095,0.0,4.095,0
2023-09-07,4.078,4.078,4.078,4.078,0.0,4.078,0
2023-09-08,4.084,4.084,4.084,4.084,0.0,4.084,0
2023-09-11,4.028,4.028,4.028,4.028,0.0,4.028,0
2023-09-12,4.091,4.091,4.091,4.091,0.0,4.091,0
2023-09-13,4.142,4.142,4.142,4.142,0.0,4.142,0
2023-09-14,4.096,4.096,4.096,4.096,0.0,4.096,0
2023-09-15,4.071,4.071,4.071,4.071,0.0,4.071,0
2023-09-18,4.113,4.113,4.113,4.113,0.0,4.113,0
2023-09-19,4.073,4.073,4.073,4.073,0.0,4.073,0
2023-09-20,4.098,4.098,4.097,4.097,1.0,4.098,1
2023-09-21,4.147,4.147,4.147,4.147,0.0,4.147,0
2023-09-22,4.141,4.141,4.141,4.141,0.0,4.141,0
2023-09-25,4.164,4.164,4.164,4.164,0.0,4.164,0
2023-09-26,4.16,4.16,4.16,4.16,0.0,4.16,0
2023-09-27,4.12,4.12,4.12,4.12,0.0,4.12,0
2023-09-28,4.127,4.127,4.127,4.127,0.0,4.127,0
2023-09-29,4.125,4.125,4.125,4.125,0.0,4.125,0
2023-10-02,4.126,4.141,4.126,4.141,1.0,4.126,1
2023-10-03,4.207,4.207,4.207,4.207,0.0,4.207,0
2023-10-04,4.137,4.137,4.137,4.137,0.0,4.137,0
2023-10-05,4.126,4.126,4.126,4.126,0.0,4.126,0
2023-10-06,4.139,4.139,4.139,4.139,0.0,4.139,0
2023-10-09,4.125,4.125,4.125,4.125,0.0,4.125,0
2023-10-10,4.131,4.131,4.131,4.131,0.0,4.131,0
2023-10-11,4.148,4.148,4.148,4.148,0.0,4.148,0
2023-10-12,4.174,4.174,4.174,4.174,0.0,4.174,0
2023-10-13,4.175,4.184,4.175,4.184,11.0,4.175,2
2023-10-16,4.169,4.169,4.169,4.169,0.0,4.169,0
2023-10-17,4.135,4.135,4.135,4.135,0.0,4.135,0
2023-10-18,4.146,4.146,4.146,4.146,0.0,4.146,0
2023-10-19,4.194,4.194,4.194,4.194,0.0,4.194,0
2023-10-20,4.2,4.2,4.2,4.2,0.0,4.2,0
2023-10-23,4.204,4.204,4.204,4.204,0.0,4.204,0
2023-10-24,4.189,4.189,4.189,4.189,0.0,4.189,0
2023-10-25,4.197,4.197,4.197,4.197,0.0,4.197,0
2023-10-26,4.182,4.182,4.182,4.182,0.0,4.182,0
2023-10-27,4.125,4.125,4.125,4.125,0.0,4.125,0
2023-10-30,4.124,4.124,4.124,4.124,0.0,4.124,0
2023-10-31,4.133,4.133,4.133,4.133,0.0,4.133,0
2023-11-01,4.231,4.231,4.231,4.231,0.0,4.231,0
2023-11-02,4.322,4.322,4.322,4.322,0.0,4.322,0
2023-11-03,4.25,4.25,4.25,4.25,0.0,4.25,0
2023-11-06,4.275,4.275,4.275,4.275,0.0,4.275,0
2023-11-07,4.292,4.292,4.292,4.292,0.0,4.292,0
2023-11-08,4.23,4.23,4.209,4.209,1.0,4.23,1
2023-11-09,4.224,4.224,4.224,4.224,0.0,4.224,0
2023-11-10,4.189,4.189,4.189,4.189,0.0,4.189,0
2023-11-13,4.237,4.237,4.237,4.237,0.0,4.237,0
2023-11-14,4.221,4.221,4.221,4.221,0.0,4.221,0
2023-11-15,4.243,4.243,4.243,4.243,0.0,4.243,0
2023-11-16,4.224,4.224,4.224,4.224,0.0,4.224,0
2023-11-17,4.239,4.239,4.239,4.239,0.0,4.239,0
2023-11-20,4.218,4.218,4.218,4.218,0.0,4.218,0
2023-11-21,4.181,4.181,4.181,4.181,0.0,4.181,0
2023-11-22,4.18,4.18,4.18,4.18,0.0,4.18,0
2023-11-23,4.18,4.18,4.18,4.18,0.0,4.18,0
2023-11-24,4.225,4.225,4.225,4.225,0.0,4.225,0
2023-11-27,4.221,4.221,4.221,4.221,0.0,4.221,0
2023-11-28,4.137,4.137,4.137,4.137,0.0,4.137,0
2023-11-29,4.065,4.065,4.065,4.065,0.0,4.065,0
2023-11-30,4.076,4.076,4.076,4.076,0.0,4.076,0
2023-12-01,4.087,4.087,4.087,4.087,0.0,4.087,0
2023-12-04,4.036,4.036,4.036,4.036,0.0,4.036,0
2023-12-05,4.005,4.005,4.005,4.005,0.0,4.005,0
2023-12-06,3.883,3.883,3.883,3.883,0.0,3.883,0
2023-12-07,3.871,3.871,3.871,3.871,0.0,3.871,0
2023-12-08,3.829,3.829,3.829,3.829,0.0,3.829,0
2023-12-11,3.804,3.804,3.804,3.804,0.0,3.804,0
2023-12-12,3.826,3.826,3.826,3.826,0.0,3.826,0
2023-12-13,3.879,3.879,3.879,3.879,0.0,3.879,0
2023-12-14,3.96,3.96,3.96,3.96,0.0,3.96,0
2023-12-15,4.026,4.026,4.026,4.026,0.0,4.026,0
2023-12-18,4.061,4.061,4.061,4.061,0.0,4.061,0
2023-12-19,4.05,4.05,4.05,4.05,0.0,4.05,0
2023-12-20,4.109,4.109,4.109,4.109,0.0,4.109,0
2023-12-21,4.06,4.06,4.06,4.06,0.0,4.06,0
2023-12-22,3.959,3.959,3.959,3.959,0.0,3.959,0
2023-12-26,3.904,3.904,3.904,3.904,0.0,3.904,0
2023-12-27,3.943,3.943,3.943,3.943,0.0,3.943,0
2023-12-28,3.941,3.941,3.941,3.941,0.0,3.941,0
2023-12-29,4.008,4.008,4.008,4.008,0.0,4.008,0
2024-01-02,4.005,4.005,4.005,4.005,0.0,4.005,0
2024-01-03,4.038,4.038,4.038,4.038,0.0,4.038,0
2024-01-04,4.0,4.015,4.0,4.015,30.0,4.0,1
2024-01-05,4.062,4.062,4.062,4.062,0.0,4.062,0
2024-01-08,4.072,4.072,4.072,4.072,0.0,4.072,0
2024-01-09,4.127,4.127,4.127,4.127,0.0,4.127,0
2024-01-10,4.075,4.075,4.075,4.075,0.0,4.075,0
2024-01-11,4.057,4.057,4.057,4.057,0.0,4.057,0
2024-01-12,4.081,4.081,4.081,4.081,0.0,4.081,0
2024-01-15,4.081,4.081,4.081,4.081,0.0,4.081,0
2024-01-16,4.053,4.053,4.053,4.053,0.0,4.053,0
2024-01-17,4.092,4.092,4.092,4.092,0.0,4.092,0
2024-01-18,4.088,4.088,4.088,4.088,0.0,4.088,0
2024-01-19,3.947,3.947,3.947,3.947,0.0,3.947,0
2024-01-22,3.946,3.946,3.946,3.946,0.0,3.946,0
2024-01-23,4.047,4.047,4.047,4.047,0.0,4.047,0
2024-01-24,4.03,4.03,4.03,4.03,0.0,4.03,0
2024-01-25,3.91,3.91,3.91,3.91,0.0,3.91,0
2024-01-26,3.91,3.916,3.91,3.916,1.0,3.91,1
2024-01-29,3.909,3.909,3.909,3.909,0.0,3.909,0
2024-01-30,3.91,3.91,3.91,3.91,0.0,3.91,0
2024-01-31,3.911,3.911,3.911,3.911,0.0,3.911,0
2024-02-01,3.916,3.916,3.916,3.916,0.0,3.916,0
2024-02-02,3.944,3.944,3.944,3.944,0.0,3.944,0
2024-02-05,3.952,3.952,3.952,3.952,0.0,3.952,0
2024-02-06,3.933,3.937,3.933,3.937,1.0,3.933,1
2024-02-07,3.94,3.94,3.926,3.926,1.0,3.94,1
2024-02-08,3.921,3.921,3.921,3.921,0.0,3.921,0
2024-02-09,3.92,3.92,3.92,3.92,0.0,3.92,0
2024-02-12,3.902,3.902,3.902,3.902,0.0,3.902,0
2024-02-13,3.954,3.954,3.954,3.954,0.0,3.954,0
2024-02-14,3.922,3.922,3.922,3.922,0.0,3.922,0
2024-02-15,3.93,3.93,3.93,3.93,0.0,3.93,0
2024-02-16,3.902,3.902,3.902,3.902,0.0,3.902,0
2024-02-19,3.902,3.902,3.902,3.902,0.0,3.902,0
2024-02-20,3.899,3.899,3.899,3.899,0.0,3.899,0
2024-02-21,3.931,3.931,3.931,3.931,0.0,3.931,0
2024-02-22,3.982,3.982,3.982,3.982,0.0,3.982,0
2024-02-23,3.934,3.934,3.934,3.934,0.0,3.934,0
2024-02-26,3.94,3.94,3.94,3.94,0.0,3.94,0
2024-02-27,3.944,3.944,3.944,3.944,0.0,3.944,0
2024-02-28,3.964,3.964,3.964,3.964,0.0,3.964,0
2024-02-29,3.973,3.973,3.973,3.973,0.0,3.973,0
2024-03-01,3.964,3.964,3.964,3.964,0.0,3.964,0
2024-03-04,3.95,3.95,3.95,3.95,0.0,3.95,0
2024-03-05,3.945,3.946,3.945,3.946,1.0,3.945,1
2024-03-06,3.949,3.949,3.949,3.949,0.0,3.949,0
2024-03-07,3.935,3.935,3.935,3.935,0.0,3.935,0
2024-03-08,3.931,3.931,3.931,3.931,0.0,3.931,0
2024-03-11,3.92,3.92,3.92,3.92,0.0,3.92,0
2024-03-12,3.933,3.933,3.933,3.933,0.0,3.933,0
2024-03-13,3.932,3.932,3.932,3.932,0.0,3.932,0
2024-03-14,3.932,3.943,3.932,3.943,30.0,3.932,1
2024-03-15,3.919,3.919,3.919,3.919,0.0,3.919,0
2024-03-18,3.965,3.965,3.965,3.965,0.0,3.965,0
2024-03-19,3.963,3.963,3.963,3.963,0.0,3.963,0
2024-03-20,3.942,3.942,3.942,3.942,0.0,3.942,0
2024-03-21,3.95,3.95,3.937,3.937,1.0,3.95,1
2024-03-22,3.947,3.947,3.947,3.947,0.0,3.947,0
2024-03-25,3.933,3.933,3.933,3.933,0.0,3.933,0
2024-03-26,3.972,3.972,3.972,3.972,0.0,3.972,0
2024-03-27,3.942,3.942,3.942,3.942,0.0,3.942,0
2024-03-28,3.975,3.975,3.975,3.975,0.0,3.975,0
2024-04-01,3.98,3.985,3.974,3.974,30.0,3.9833,3
2024-04-02,4.017,4.017,4.017,4.017,0.0,4.017,0
2024-04-03,4.021,4.021,4.021,4.021,0.0,4.021,0
2024-04-04,4.001,4.001,4.001,4.001,0.0,4.001,0
2024-04-05,4.011,4.011,4.011,4.011,0.0,4.011,0
2024-04-08,4.014,4.014,4.014,4.014,0.0,4.014,0
2024-04-09,4.011,4.011,4.011,4.011,0.0,4.011,0
2024-04-10,4.068,4.068,4.068,4.068,0.0,4.068,0
2024-04-11,4.154,4.154,4.154,4.154,0.0,4.154,0
2024-04-12,4.205,4.205,4.205,4.205,0.0,4.205,0
2024-04-15,4.234,4.234,4.234,4.234,0.0,4.234,0
2024-04-16,4.238,4.238,4.238,4.238,0.0,4.238,0
2024-04-17,4.204,4.204,4.204,4.204,0.0,4.204,0
2024-04-18,4.212,4.212,4.212,4.212,0.0,4.212,0
2024-04-19,4.207,4.207,4.207,4.207,0.0,4.207,0
2024-04-22,4.22,4.22,4.216,4.216,1.0,4.22,1
2024-04-23,4.229,4.229,4.229,4.229,0.0,4.229,0
2024-04-24,4.207,4.207,4.207,4.207,0.0,4.207,0
2024-04-25,4.228,4.228,4.228,4.228,0.0,4.228,0
2024-04-26,4.204,4.204,4.204,4.204,0.0,4.204,0
2024-04-29,4.224,4.224,4.224,4.224,0.0,4.224,0
2024-04-30,4.23,4.23,4.23,4.23,0.0,4.23,0
2024-05-01,4.221,4.221,4.221,4.221,0.0,4.221,0
2024-05-02,4.216,4.216,4.216,4.216,0.0,4.216,0
2024-05-03,4.215,4.215,4.176,4.176,3.0,4.215,1
2024-05-06,4.205,4.205,4.189,4.189,1.0,4.205,1
2024-05-07,4.21,4.21,4.143,4.143,1.0,4.21,1
2024-05-08,4.092,4.092,4.092,4.092,0.0,4.092,0
2024-05-09,4.056,4.056,4.056,4.056,0.0,4.056,0
2024-05-10,4.096,4.096,4.096,4.096,0.0,4.096,0
2024-05-13,4.098,4.098,4.098,4.098,0.0,4.098,0
2024-05-14,4.106,4.106,4.106,4.106,0.0,4.106,0
2024-05-15,4.125,4.125,4.125,4.125,0.0,4.125,0
2024-05-16,4.163,4.163,4.163,4.163,0.0,4.163,0
2024-05-17,4.196,4.196,4.196,4.196,0.0,4.196,0
2024-05-20,4.194,4.194,4.169,4.169,1.0,4.194,1
2024-05-21,4.185,4.194,4.185,4.194,5.0,4.185,1
2024-05-22,4.203,4.203,4.203,4.203,0.0,4.203,0
2024-05-23,4.168,4.168,4.142,4.142,1.0,4.168,1
2024-05-24,4.118,4.118,4.118,4.118,0.0,4.118,0
2024-05-27,4.118,4.118,4.118,4.118,0.0,4.118,0
2024-05-28,4.126,4.132,4.126,4.132,1.0,4.126,1
2024-05-29,4.133,4.133,4.133,4.133,0.0,4.133,0
2024-05-30,4.097,4.097,4.097,4.097,0.0,4.097,0
2024-05-31,4.085,4.085,4.085,4.085,0.0,4.085,0
2024-06-03,4.092,4.092,4.092,4.092,0.0,4.092,0
2024-06-04,4.055,4.055,4.055,4.055,0.0,4.055,0
2024-06-05,4.07,4.07,4.05,4.05,1.0,4.07,1
2024-06-06,4.096,4.096,4.096,4.096,0.0,4.096,0
2024-06-07,4.093,4.093,4.093,4.093,0.0,4.093,0
2024-06-10,4.098,4.098,4.098,4.098,0.0,4.098,0
2024-06-11,4.124,4.124,4.124,4.124,0.0,4.124,0
2024-06-12,4.113,4.113,4.113,4.113,0.0,4.113,0
2024-06-13,4.08,4.085,4.08,4.085,1.0,4.08,1
2024-06-14,4.094,4.094,4.094,4.094,0.0,4.094,0
2024-06-17,4.078,4.078,4.078,4.078,0.0,4.078,0
2024-06-18,4.106,4.106,4.106,4.106,0.0,4.106,0
2024-06-19,4.106,4.106,4.106,4.106,0.0,4.106,0
2024-06-20,4.069,4.069,4.069,4.069,0.0,4.069,0
2024-06-21,4.04,4.04,4.04,4.04,0.0,4.04,0
2024-06-24,4.047,4.047,4.047,4.047,0.0,4.047,0
2024-06-25,4.022,4.022,4.022,4.022,0.0,4.022,0
2024-06-26,4.023,4.023,4.023,4.023,0.0,4.023,0
2024-06-27,3.976,3.976,3.976,3.976,0.0,3.976,0
2024-06-28,3.982,3.982,3.982,3.982,0.0,3.982,0
2024-07-01,3.962,3.962,3.962,3.962,0.0,3.962,0
2024-07-02,3.951,3.951,3.951,3.951,0.0,3.951,0
2024-07-03,3.933,3.933,3.933,3.933,0.0,3.933,0
2024-07-04,3.933,3.933,3.933,3.933,0.0,3.933,0
2024-07-05,3.934,3.934,3.934,3.934,0.0,3.934,0
2024-07-08,3.927,3.927,3.927,3.927,0.0,3.927,0
2024-07-09,3.936,3.936,3.936,3.936,0.0,3.936,0
2024-07-10,3.912,3.912,3.912,3.912,0.0,3.912,0
2024-07-11,3.896,3.896,3.896,3.896,0.0,3.896,0
2024-07-12,3.919,3.919,3.919,3.919,0.0,3.919,0
2024-07-15,3.925,3.925,3.925,3.925,0.0,3.925,0
2024-07-16,3.911,3.911,3.911,3.911,0.0,3.911,0
2024-07-17,3.85,3.85,3.85,3.85,0.0,3.85,0
2024-07-18,3.843,3.843,3.843,3.843,0.0,3.843,0
2024-07-19,3.904,3.904,3.904,3.904,0.0,3.904,0
2024-07-22,3.913,3.913,3.913,3.913,0.0,3.913,0
2024-07-23,3.937,3.937,3.937,3.937,0.0,3.937,0
2024-07-24,3.876,3.876,3.876,3.876,0.0,3.876,0
2024-07-25,3.851,3.851,3.851,3.851,0.0,3.851,0
2024-07-26,3.88,3.88,3.88,3.88,0.0,3.88,0
2024-07-29,3.855,3.855,3.855,3.855,0.0,3.855,0
2024-07-30,3.836,3.848,3.836,3.848,1.0,3.836,1
2024-07-31,3.82,3.82,3.82,3.82,0.0,3.82,0
2024-08-01,3.778,3.778,3.778,3.778,0.0,3.778,0
2024-08-02,3.755,3.755,3.755,3.755,0.0,3.755,0
2024-08-05,3.701,3.701,3.701,3.701,0.0,3.701,0
2024-08-06,3.677,3.677,3.677,3.677,0.0,3.677,0
2024-08-07,3.696,3.696,3.696,3.696,0.0,3.696,0
2024-08-08,3.735,3.735,3.735,3.735,0.0,3.735,0
2024-08-09,3.749,3.749,3.749,3.749,0.0,3.749,0
2024-08-12,3.751,3.751,3.751,3.751,0.0,3.751,0
2024-08-13,3.751,3.751,3.719,3.719,1.0,3.751,1
2024-08-14,3.721,3.721,3.721,3.721,0.0,3.721,0
2024-08-15,3.718,3.718,3.718,3.718,0.0,3.718,0
2024-08-16,3.719,3.719,3.719,3.719,0.0,3.719,0
2024-08-19,3.741,3.741,3.741,3.741,0.0,3.741,0
2024-08-20,3.757,3.757,3.757,3.757,0.0,3.757,0
2024-08-21,3.764,3.764,3.764,3.764,0.0,3.764,0
2024-08-22,3.765,3.818,3.765,3.818,1.0,3.765,1
2024-08-23,3.844,3.844,3.844,3.844,0.0,3.844,0
2024-08-26,3.864,3.864,3.864,3.864,0.0,3.864,0
2024-08-27,3.842,3.842,3.833,3.833,1.0,3.842,1
2024-08-28,3.82,3.82,3.82,3.82,0.0,3.82,0
2024-08-29,3.81,3.81,3.81,3.81,0.0,3.81,0
2024-08-30,3.809,3.809,3.809,3.809,0.0,3.809,0
2024-09-02,3.809,3.809,3.809,3.809,0.0,3.809,0
2024-09-03,3.792,3.792,3.792,3.792,0.0,3.792,0
2024-09-04,3.782,3.782,3.782,3.782,0.0,3.782,0
2024-09-05,3.762,3.762,3.762,3.762,0.0,3.762,0
2024-09-06,3.714,3.714,3.714,3.714,0.0,3.714,0
2024-09-09,3.726,3.726,3.726,3.726,0.0,3.726,0
2024-09-10,3.691,3.691,3.691,3.691,0.0,3.691,0
2024-09-11,3.681,3.681,3.681,3.681,0.0,3.681,0
2024-09-12,3.695,3.695,3.695,3.695,0.0,3.695,0
2024-09-13,3.7,3.7,3.668,3.668,5.0,3.7,1
2024-09-16,3.71,3.71,3.71,3.71,0.0,3.71,0
2024-09-17,3.714,3.714,3.714,3.714,0.0,3.714,0
2024-09-18,3.722,3.722,3.722,3.722,0.0,3.722,0
2024-09-19,3.729,3.729,3.729,3.729,0.0,3.729,0
2024-09-20,3.745,3.745,3.745,3.745,0.0,3.745,0
2024-09-23,3.765,3.765,3.729,3.729,1.0,3.765,1
2024-09-24,3.761,3.761,3.761,3.761,0.0,3.761,0
2024-09-25,3.787,3.787,3.787,3.787,0.0,3.787,0
2024-09-26,3.825,3.825,3.825,3.825,0.0,3.825,0
2024-09-27,3.84,3.84,3.83,3.83,1.0,3.84,1
2024-09-30,3.845,3.845,3.828,3.828,1.0,3.845,1
2024-10-01,3.809,3.809,3.809,3.809,0.0,3.809,0
2024-10-02,3.815,3.815,3.797,3.797,1.0,3.815,1
2024-10-03,3.824,3.824,3.824,3.824,0.0,3.824,0
2024-10-04,3.863,3.863,3.863,3.863,0.0,3.863,0
2024-10-07,3.89,3.89,3.89,3.89,0.0,3.89,0
2024-10-08,3.845,3.845,3.845,3.845,0.0,3.845,0
2024-10-09,3.82,3.82,3.795,3.795,1.0,3.82,1
2024-10-10,3.794,3.794,3.794,3.794,0.0,3.794,0
2024-10-11,3.779,3.779,3.779,3.779,0.0,3.779,0
2024-10-14,3.778,3.778,3.778,3.778,0.0,3.778,0
2024-10-15,3.832,3.832,3.832,3.832,0.0,3.832,0
2024-10-16,3.795,3.795,3.795,3.795,0.0,3.795,0
2024-10-17,3.804,3.804,3.804,3.804,0.0,3.804,0
2024-10-18,3.78,3.78,3.773,3.773,5.0,3.78,5
2024-10-21,3.799,3.799,3.799,3.799,0.0,3.799,0
2024-10-22,3.836,3.836,3.836,3.836,0.0,3.836,0
2024-10-23,3.877,3.877,3.877,3.877,0.0,3.877,0
2024-10-24,3.889,3.889,3.889,3.889,0.0,3.889,0
2024-10-25,3.9,3.9,3.895,3.895,1.0,3.9,1
2024-10-28,3.872,3.872,3.872,3.872,0.0,3.872,0
2024-10-29,3.887,3.887,3.887,3.887,0.0,3.887,0
2024-10-30,3.927,3.927,3.927,3.927,0.0,3.927,0
2024-10-31,3.865,3.865,3.865,3.865,0.0,3.865,0
2024-11-01,3.873,3.873,3.873,3.873,0.0,3.873,0
2024-11-04,3.853,3.853,3.853,3.853,0.0,3.853,0
2024-11-05,3.833,3.833,3.833,3.833,0.0,3.833,0
2024-11-06,3.883,3.883,3.883,3.883,0.0,3.883,0
2024-11-07,3.877,3.877,3.877,3.877,0.0,3.877,0
2024-11-08,3.826,3.826,3.826,3.826,0.0,3.826,0
2024-11-11,3.839,3.839,3.839,3.839,0.0,3.839,0
2024-11-12,3.846,3.846,3.846,3.846,0.0,3.846,0
2024-11-13,3.848,3.848,3.848,3.848,0.0,3.848,0
2024-11-14,3.818,3.818,3.818,3.818,0.0,3.818,0
2024-11-15,3.829,3.829,3.829,3.829,0.0,3.829,0
2024-11-18,3.815,3.835,3.815,3.835,25.0,3.815,1
2024-11-19,3.855,3.881,3.855,3.881,10.0,3.855,1
2024-11-20,3.865,3.914,3.85,3.914,20.0,3.8613,7
2024-11-21,3.875,3.897,3.875,3.897,12.0,3.875,3
2024-11-22,3.876,3.876,3.876,3.876,0.0,3.876,0
2024-11-25,3.875,3.937,3.87,3.937,30.0,3.8767,3
2024-11-26,3.91,3.923,3.91,3.923,1.0,3.91,1
2024-11-27,3.885,3.885,3.885,3.885,0.0,3.885,0
2024-11-28,3.885,3.885,3.885,3.885,0.0,3.885,0
2024-11-29,3.936,3.936,3.936,3.936,0.0,3.936,0
2024-12-02,3.884,3.884,3.884,3.884,0.0,3.884,0
2024-12-03,3.876,3.876,3.876,3.876,0.0,3.876,0
2024-12-04,3.915,3.915,3.915,3.915,0.0,3.915,0
2024-12-05,3.915,3.915,3.915,3.915,0.0,3.915,0
2024-12-06,3.927,3.927,3.927,3.927,0.0,3.927,0
2024-12-09,3.9,3.9,3.9,3.9,0.0,3.9,0
2024-12-10,3.898,3.898,3.898,3.898,0.0,3.898,0
2024-12-11,3.875,3.875,3.875,3.875,0.0,3.875,0
2024-12-12,3.883,3.883,3.883,3.883,0.0,3.883,0
2024-12-13,3.895,3.895,3.892,3.892,20.0,3.895,1
2024-12-16,3.91,3.91,3.91,3.91,0.0,3.91,0
2024-12-17,3.932,3.932,3.932,3.932,0.0,3.932,0
2024-12-18,3.92,3.92,3.908,3.908,1.0,3.92,1
2024-12-19,3.92,3.92,3.92,3.92,0.0,3.92,0
2024-12-20,3.919,3.919,3.919,3.919,0.0,3.919,0
2024-12-23,3.925,3.925,3.925,3.925,0.0,3.925,0
2024-12-24,3.954,3.954,3.954,3.954,0.0,3.954,0
2024-12-26,3.958,3.958,3.958,3.958,0.0,3.958,0
2024-12-27,3.961,3.961,3.961,3.961,0.0,3.961,0
2024-12-30,3.968,3.968,3.968,3.968,0.0,3.968,0
2024-12-31,3.962,3.962,3.962,3.962,0.0,3.962,0
2025-01-02,3.963,3.963,3.963,3.963,0.0,3.963,0
2025-01-03,3.914,3.914,3.914,3.914,0.0,3.914,0
2025-01-06,3.904,3.904,3.904,3.904,0.0,3.904,0
2025-01-07,3.878,3.878,3.878,3.878,0.0,3.878,0
2025-01-08,3.886,3.886,3.886,3.886,0.0,3.886,0
2025-01-09,3.901,3.901,3.901,3.901,0.0,3.901,0
2025-01-10,3.94,3.94,3.921,3.921,1.0,3.94,1
2025-01-13,3.909,3.909,3.909,3.909,0.0,3.909,0
2025-01-14,3.915,3.915,3.88,3.886,20.0,3.908,8
2025-01-15,3.92,3.925,3.898,3.898,5.0,3.921,4
2025-01-16,3.905,3.919,3.905,3.919,3.0,3.905,1
2025-01-17,3.893,3.893,3.893,3.893,0.0,3.893,0
2025-01-20,3.893,3.893,3.893,3.893,0.0,3.893,0
2025-01-21,3.868,3.868,3.868,3.868,0.0,3.868,0
2025-01-22,3.92,3.92,3.92,3.92,0.0,3.92,0
2025-01-23,3.998,3.998,3.998,3.998,0.0,3.998,0
2025-01-24,4.015,4.015,4.015,4.015,0.0,4.015,0
2025-01-27,3.948,3.948,3.948,3.948,0.0,3.948,0
2025-01-28,3.882,3.882,3.882,3.882,0.0,3.882,0
2025-01-29,3.921,3.921,3.921,3.921,0.0,3.921,0
2025-01-30,3.93,3.93,3.885,3.885,1.0,3.93,1
2025-01-31,3.899,3.899,3.855,3.855,200.0,3.899,2
2025-02-03,3.884,3.884,3.884,3.884,0.0,3.884,0
2025-02-04,3.877,3.877,3.877,3.877,0.0,3.877,0
2025-02-05,3.89,3.89,3.89,3.89,0.0,3.89,0
2025-02-06,3.917,3.917,3.917,3.917,0.0,3.917,0
2025-02-07,3.89,3.89,3.89,3.89,0.0,3.89,0
2025-02-10,3.935,3.935,3.935,3.935,0.0,3.935,0
2025-02-11,3.957,3.957,3.957,3.957,0.0,3.957,0
2025-02-12,3.935,3.935,3.935,3.935,0.0,3.935,0
2025-02-13,3.935,3.94,3.935,3.94,1.0,3.935,1
2025-02-14,3.938,3.938,3.938,3.938,0.0,3.938,0
2025-02-17,3.938,3.938,3.938,3.938,0.0,3.938,0
2025-02-18,3.925,3.925,3.925,3.925,0.0,3.925,0
2025-02-19,3.916,3.916,3.916,3.916,0.0,3.916,0
2025-02-20,3.855,3.855,3.828,3.828,1.0,3.855,1
2025-02-21,3.829,3.829,3.829,3.829,0.0,3.829,0
2025-02-24,3.782,3.782,3.782,3.782,0.0,3.782,0
2025-02-25,3.797,3.797,3.759,3.759,5.0,3.7936,3
2025-02-26,3.694,3.694,3.694,3.694,0.0,3.694,0
2025-02-27,3.779,3.779,3.779,3.779,0.0,3.779,0
2025-02-28,3.846,3.846,3.846,3.846,0.0,3.846,0
2025-03-03,3.872,3.872,3.872,3.872,0.0,3.872,0
2025-03-04,3.876,3.876,3.876,3.876,0.0,3.876,0
2025-03-05,3.942,3.942,3.942,3.942,0.0,3.942,0
2025-03-06,3.894,3.894,3.894,3.894,0.0,3.894,0
2025-03-07,3.932,3.932,3.932,3.932,0.0,3.932,0
2025-03-10,3.905,3.905,3.892,3.892,1.0,3.905,1
2025-03-11,3.883,3.886,3.883,3.886,1.0,3.883,1
2025-03-12,3.877,3.877,3.877,3.877,0.0,3.877,0
2025-03-13,3.899,3.899,3.899,3.899,0.0,3.899,0
2025-03-14,3.902,3.902,3.902,3.902,0.0,3.902,0
2025-03-17,3.885,3.895,3.875,3.895,2.0,3.88,2
2025-03-18,3.887,3.887,3.887,3.887,0.0,3.887,0
2025-03-19,3.892,3.892,3.892,3.892,0.0,3.892,0
2025-03-20,3.895,3.895,3.84,3.84,1.0,3.895,1
2025-03-21,3.86,3.865,3.846,3.851,35.0,3.8531,35
2025-03-24,3.885,3.885,3.864,3.868,28.0,3.8741,28
2025-03-25,3.879,3.889,3.872,3.872,11.0,3.8784,11
2025-03-26,3.868,3.868,3.847,3.857,20.0,3.8556,20
2025-03-27,3.862,3.864,3.848,3.864,7.0,3.8553,7
2025-03-28,3.846,3.851,3.839,3.85,8.0,3.847,8
2025-03-31,3.845,3.856,3.834,3.845,14.0,3.8454,14
2025-04-01,3.837,3.852,3.832,3.832,8.0,3.8446,8
2025-04-02,3.85,3.864,3.85,3.854,4.0,3.8582,4
2025-04-03,3.869,3.875,3.868,3.868,3.0,3.871,3
2025-04-04,3.844,3.844,3.805,3.819,12.0,3.8383,3
2025-04-07,3.751,3.751,3.751,3.751,0.0,3.751,0
2025-04-08,3.748,3.748,3.748,3.748,0.0,3.748,0
2025-04-09,3.715,3.838,3.715,3.838,1.0,3.715,1
2025-04-10,3.789,3.789,3.789,3.789,0.0,3.789,0
2025-04-11,3.789,3.789,3.789,3.789,0.0,3.789,0
2025-04-14,3.835,3.835,3.82,3.82,1.0,3.835,1
2025-04-15,3.815,3.816,3.815,3.816,1.0,3.815,1
2025-04-16,3.82,3.824,3.81,3.813,33.0,3.8165,10
2025-04-17,3.845,3.848,3.845,3.848,1.0,3.845,1
2025-04-21,3.818,3.818,3.787,3.787,1.0,3.818,1
2025-04-22,3.81,3.821,3.81,3.821,9.0,3.8113,9
2025-04-23,3.848,3.848,3.837,3.837,1.0,3.848,1
2025-04-24,3.855,3.861,3.855,3.861,5.0,3.855,1
2025-04-25,3.852,3.868,3.832,3.836,9.0,3.8572,9
2025-04-28,3.828,3.861,3.826,3.849,68.0,3.8515,18
2025-04-29,3.855,3.859,3.806,3.859,26.0,3.8453,25
2025-04-30,3.865,3.865,3.819,3.846,32.0,3.8361,32
2025-05-01,3.875,3.875,3.819,3.856,26.0,3.8427,26
2025-05-02,3.875,3.914,3.87,3.889,44.0,3.8766,6
2025-05-05,3.9,3.917,3.883,3.917,47.0,3.8953,36
2025-05-06,3.916,3.928,3.904,3.917,15.0,3.9129,8
2025-05-07,3.927,3.942,3.919,3.925,64.0,3.9212,15
2025-05-08,3.926,3.94,3.924,3.931,8.0,3.9272,8
2025-05-09,3.941,3.945,3.927,3.942,13.0,3.9372,13
2025-05-12,3.935,3.957,3.935,3.948,9.0,3.9489,8
2025-05-13,3.985,3.985,3.969,3.983,12.0,3.9776,11
2025-05-14,3.98,4.004,3.978,3.999,20.0,3.9886,16
2025-05-15,4.0,4.019,3.999,4.0,7.0,4.0029,7
2025-05-16,3.995,4.014,3.995,4.014,56.0,3.9961,7
2025-05-19,3.99,3.99,3.916,3.923,8.0,3.9515,8
2025-05-20,3.965,3.965,3.947,3.964,2.0,3.956,2
2025-05-21,3.98,3.984,3.953,3.953,32.0,3.9636,21
2025-05-22,3.956,3.998,3.954,3.962,31.0,3.9626,15
2025-05-23,3.997,4.028,3.997,4.028,11.0,4.0049,11
2025-05-27,4.023,4.024,4.011,4.024,12.0,4.0171,12
2025-05-28,3.994,4.012,3.994,4.005,9.0,4.0036,9
2025-05-29,3.969,3.996,3.969,3.984,61.0,3.9864,13
2025-05-30,3.974,3.988,3.974,3.988,1.0,3.974,1
2025-06-02,4.02,4.021,3.998,4.016,115.0,4.0082,16
2025-06-03,4.011,4.02,4.011,4.02,1.0,4.011,1
2025-06-04,4.016,4.033,4.015,4.023,41.0,4.018,39
2025-06-05,4.041,4.041,4.007,4.024,11.0,4.0248,9
2025-06-06,4.024,4.044,4.022,4.043,15.0,4.0368,10
2025-06-09,4.02,4.035,4.016,4.035,37.0,4.0201,36
2025-06-10,4.019,4.019,4.01,4.014,18.0,4.0118,8
2025-06-11,3.989,4.026,3.984,4.018,30.0,4.0097,28
2025-06-12,4.038,4.038,4.002,4.002,21.0,4.018,21
2025-06-13,3.998,4.052,3.998,4.052,23.0,4.0315,23
2025-06-16,4.044,4.075,4.044,4.073,9.0,4.0679,9
2025-06-17,4.079,4.095,4.072,4.095,9.0,4.0787,9
2025-06-18,4.09,4.107,4.09,4.094,12.0,4.0984,12
2025-06-20,4.121,4.124,4.081,4.095,39.0,4.0965,33
2025-06-23,4.1,4.108,4.053,4.059,49.0,4.0778,49
2025-06-24,4.051,4.066,4.051,4.065,17.0,4.0579,17
2025-06-25,4.043,4.062,4.043,4.061,152.0,4.0579,62
2025-06-26,4.061,4.063,4.061,4.063,5.0,4.061,1
2025-06-27,4.101,4.101,4.058,4.079,12.0,4.0729,12
2025-06-30,4.023,4.038,4.014,4.037,14.0,4.0301,14
2025-07-01,4.015,4.044,4.0,4.044,81.0,4.0193,22
2025-07-02,4.058,4.087,4.058,4.087,3.0,4.0663,3
2025-07-03,4.11,4.111,4.063,4.063,19.0,4.0893,12
2025-07-07,4.039,4.099,4.036,4.092,13.0,4.0797,13
2025-07-08,4.079,4.079,4.053,4.062,17.0,4.0558,7
2025-07-09,4.039,4.058,4.032,4.058,77.0,4.0372,22
2025-07-10,4.07,4.07,4.07,4.07,0.0,4.07,0
2025-07-11,4.106,4.106,4.106,4.106,0.0,4.106,0
2025-07-14,4.131,4.133,4.115,4.115,21.0,4.1293,16
2025-07-15,4.121,4.123,4.113,4.123,7.0,4.1169,7
2025-07-16,4.137,4.144,4.114,4.121,22.0,4.1284,17
2025-07-17,4.125,4.134,4.111,4.126,12.0,4.1264,11
2025-07-18,4.134,4.135,4.082,4.125,18.0,4.1137,16
2025-07-21,4.055,4.097,4.053,4.097,17.0,4.0773,11
2025-07-22,4.079,4.103,4.079,4.103,3.0,4.0857,3
2025-07-23,4.068,4.07,4.064,4.064,8.0,4.0669,8
2025-07-24,4.065,4.074,4.056,4.063,61.0,4.0597,17
2025-07-25,4.063,4.063,4.045,4.048,45.0,4.0482,23
2025-07-28,4.057,4.058,3.968,3.983,46.0,3.9905,33
2025-07-29,3.997,3.997,3.981,3.997,4.0,3.9853,4
2025-07-30,3.974,3.979,3.97,3.97,11.0,3.9768,11
2025-07-31,3.982,4.013,3.982,4.0,21.0,3.9966,18
2025-08-01,3.991,3.999,3.97,3.999,32.0,3.9831,29
2025-08-04,3.96,3.978,3.96,3.978,8.0,3.9726,6
2025-08-05,3.996,4.002,3.966,3.967,33.0,3.9846,27
2025-08-06,3.983,3.984,3.983,3.984,1.0,3.983,1
2025-08-07,4.001,4.005,3.95,3.972,12.0,3.9824,12
2025-08-08,3.94,3.946,3.923,3.938,17.0,3.9356,17
2025-08-11,3.92,3.956,3.92,3.956,17.0,3.9486,13
2025-08-12,3.96,3.96,3.939,3.955,220.0,3.9419,59
2025-08-13,3.95,3.951,3.924,3.943,108.0,3.9448,31
2025-08-14,3.922,3.945,3.922,3.939,10.0,3.9342,8
2025-08-15,3.965,3.973,3.951,3.957,11.0,3.9645,11
2025-08-18,3.958,4.0,3.958,3.997,16.0,3.9706,14
2025-08-19,3.975,3.985,3.975,3.985,1.0,3.975,1
2025-08-20,3.976,3.999,3.97,3.986,16.0,3.982,13
2025-08-21,4.0,4.011,4.0,4.011,6.0,4.0073,6
2025-08-22,4.003,4.005,3.998,4.004,9.0,4.002,8
2025-08-25,3.992,3.995,3.976,3.989,14.0,3.9873,14
2025-08-26,4.0,4.003,3.992,3.997,11.0,3.9969,11
2025-08-27,4.022,4.022,3.997,4.003,21.0,4.0089,21
2025-08-28,3.994,4.029,3.991,4.016,25.0,4.0115,22
2025-08-29,4.025,4.029,4.01,4.029,105.0,4.0105,17
2025-09-02,4.03,4.03,4.015,4.015,10.0,4.0241,10
2025-09-03,4.007,4.027,4.007,4.027,19.0,4.0145,19
2025-09-04,4.018,4.02,4.004,4.016,10.0,4.0159,10
2025-09-05,4.004,4.004,3.966,3.966,14.0,3.9876,10
2025-09-08,4.003,4.008,3.979,3.979,11.0,3.9937,11
2025-09-09,3.976,3.989,3.952,3.975,31.0,3.9768,24
2025-09-10,3.983,3.983,3.963,3.966,36.0,3.9657,34
2025-09-11,3.983,3.988,3.983,3.988,16.0,3.9832,2
2025-09-12,3.988,3.993,3.971,3.978,16.0,3.9882,13
2025-09-15,3.98,4.008,3.979,4.003,13.0,3.9918,13
2025-09-16,4.028,4.028,4.007,4.024,6.0,4.0178,6
2025-09-17,4.021,4.032,4.001,4.018,14.0,4.0193,14
2025-09-18,4.03,4.03,4.012,4.023,26.0,4.0182,26
2025-09-19,4.016,4.028,4.016,4.028,6.0,4.022,6
2025-09-22,4.025,4.032,4.024,4.025,7.0,4.0257,6
2025-09-23,4.018,4.042,4.017,4.042,11.0,4.0228,11
2025-09-24,4.041,4.052,4.039,4.052,11.0,4.0426,11
2025-09-25,4.052,4.053,4.033,4.041,15.0,4.0431,15
2025-09-26,4.048,4.049,4.007,4.015,18.0,4.0186,18
2025-09-29,4.025,4.045,4.025,4.045,33.0,4.0323,26
2025-09-30,4.045,4.06,4.045,4.06,14.0,4.052,13
2025-10-01,4.094,4.094,4.047,4.091,40.0,4.08,26
2025-10-02,4.102,4.106,4.074,4.074,15.0,4.0958,13
2025-10-03,4.08,4.092,4.054,4.082,15.0,4.0829,15
2025-10-06,4.093,4.093,4.079,4.086,19.0,4.0823,13
2025-10-07,4.069,4.092,4.069,4.092,28.0,4.0774,23
2025-10-08,4.072,4.077,4.07,4.077,12.0,4.0713,10
2025-10-09,4.067,4.068,4.055,4.06,8.0,4.0611,8
2025-10-10,4.033,4.05,4.022,4.039,36.0,4.0298,33
2025-10-13,4.026,4.026,4.011,4.023,7.0,4.0191,7
2025-10-14,3.991,4.001,3.991,4.001,30.0,3.9995,13
2025-10-15,3.997,4.031,3.992,4.02,18.0,4.0039,15
2025-10-16,4.014,4.015,4.001,4.006,19.0,4.0085,15
2025-10-17,4.015,4.022,4.006,4.022,27.0,4.0149,3
2025-10-20,4.054,4.056,4.033,4.047,23.0,4.0418,21
2025-10-21,4.05,4.064,4.024,4.046,53.0,4.0408,33
2025-10-22,4.038,4.038,4.023,4.032,25.0,4.0277,20
2025-10-23,4.015,4.022,4.0,4.022,18.0,4.0088,16
2025-10-24,4.007,4.037,4.007,4.037,28.0,4.0224,26
2025-10-27,4.035,4.059,4.035,4.045,25.0,4.0524,21
2025-10-28,4.043,4.049,4.019,4.045,40.0,4.0358,37
2025-10-29,4.031,4.038,4.021,4.031,28.0,4.0282,24
2025-10-30,4.038,4.058,4.031,4.046,38.0,4.0413,38
2025-10-31,4.055,4.089,4.045,4.086,46.0,4.0615,44
2025-11-03,4.099,4.099,4.052,4.064,49.0,4.0661,39
2025-11-04,4.063,4.082,4.041,4.075,40.0,4.0678,35
2025-11-05,4.044,4.062,4.018,4.033,73.0,4.0396,56
2025-11-06,4.036,4.049,4.017,4.043,128.0,4.0341,78
2025-11-07,4.049,4.051,4.04,4.051,23.0,4.0443,13
2025-11-10,4.053,4.053,3.999,4.036,35.0,4.0316,21
2025-11-11,4.056,4.06,4.039,4.056,15.0,4.0551,10
2025-11-12,4.069,4.069,4.044,4.059,75.0,4.0557,33
2025-11-13,4.067,4.079,4.055,4.079,78.0,4.0687,45
2025-11-14,4.051,4.051,4.041,4.051,6.0,4.046,6
2025-11-17,4.06,4.06,4.048,4.048,17.0,4.0562,9
2025-11-18,4.054,4.065,4.04,4.062,21.0,4.0539,18
2025-11-19,4.037,4.072,4.037,4.06,31.0,4.0552,27
2025-11-20,4.039,4.08,4.039,4.047,77.0,4.0553,56
2025-11-21,4.045,4.057,4.041,4.055,43.0,4.049,33
2025-11-24,4.026,4.051,4.026,4.051,59.0,4.0393,42
2025-11-25,4.033,4.044,4.02,4.042,87.0,4.0314,59
2025-11-26,4.041,4.065,4.039,4.06,47.0,4.0474,37
2025-11-28,4.052,4.074,4.046,4.074,41.0,4.059,28
2025-12-01,4.054,4.081,4.048,4.058,79.0,4.0648,58
2025-12-02,4.045,4.068,4.045,4.066,53.0,4.0576,44
2025-12-03,4.068,4.072,4.054,4.062,35.0,4.0639,33
2025-12-04,4.063,4.069,4.045,4.059,103.0,4.0496,95
2025-12-05,4.05,4.087,4.05,4.072,191.0,4.0766,168
2025-12-08,4.058,4.059,4.012,4.026,33.0,4.0363,28
2025-12-09,3.999,4.03,3.983,4.005,116.0,4.0005,82
2025-12-10,4.001,4.012,3.979,4.0,106.0,3.9995,84
2025-12-11,3.978,3.998,3.962,3.979,69.0,3.9828,59
2025-12-12,3.963,3.99,3.949,3.953,132.0,3.9689,90
2025-12-15,3.96,3.96,3.937,3.943,7.0,3.9491,5
2025-12-16,3.937,3.968,3.935,3.937,97.0,3.9452,76
2025-12-17,3.956,3.978,3.956,3.964,19.0,3.9713,17
2025-12-18,3.976,3.977,3.925,3.953,85.0,3.9574,76
2025-12-19,3.895,3.961,3.88,3.952,92.0,3.9442,72
2025-12-22,3.961,3.97,3.925,3.932,13.0,3.9442,12
2025-12-23,3.948,3.994,3.945,3.981,34.0,3.9576,29
2025-12-24,3.978,3.998,3.96,3.96,14.0,3.987,14
2025-12-26,3.986,3.987,3.968,3.982,102.0,3.9786,64
2025-12-29,4.0,4.021,3.998,4.017,113.0,4.0059,94
2025-12-30,4.024,4.042,3.98,4.013,122.0,4.0208,101
2025-12-31,4.015,4.015,3.983,3.994,77.0,3.9909,63
2026-01-02,3.985,3.992,3.947,3.948,228.0,3.9658,177
2026-01-05,3.915,3.947,3.903,3.925,224.0,3.9149,172
2026-01-06,3.915,3.916,3.865,3.881,138.0,3.8902,112
2026-01-07,3.882,3.94,3.882,3.889,119.0,3.8994,87
2026-01-08,3.892,3.892,3.862,3.87,103.0,3.8765,97
2026-01-09,3.868,3.868,3.778,3.797,173.0,3.8121,147
2026-01-12,3.81,3.83,3.8,3.83,131.0,3.8179,113
2026-01-13,3.814,3.838,3.814,3.831,77.0,3.8279,71
2026-01-14,3.819,3.828,3.748,3.768,190.0,3.7708,126
2026-01-15,3.771,3.806,3.751,3.795,149.0,3.7798,120
2026-01-16,3.812,3.834,3.805,3.833,118.0,3.8244,92
2026-01-20,3.929,3.929,3.855,3.887,309.0,3.8786,284
2026-01-21,3.839,3.949,3.839,3.893,177.0,3.9027,171
2026-01-22,3.876,3.897,3.793,3.859,196.0,3.8654,168
2026-01-23,3.845,3.89,3.811,3.83,158.0,3.8529,148
2026-01-26,3.861,3.861,3.772,3.816,241.0,3.8125,221
2026-01-27,3.789,3.815,3.72,3.802,250.0,3.7764,223
2026-01-28,3.789,3.814,3.771,3.803,253.0,3.7898,208
2026-01-29,3.796,3.861,3.796,3.85,255.0,3.8369,138
2026-01-30,3.874,3.913,3.869,3.896,387.0,3.8892,232
2026-02-02,3.86,3.889,3.796,3.843,268.0,3.8566,227
2026-02-03,3.817,3.845,3.789,3.845,119.0,3.8156,96
2026-02-04,3.83,3.867,3.828,3.858,137.0,3.8462,107
2026-02-05,3.854,3.869,3.843,3.867,213.0,3.8583,158
2026-02-06,3.854,3.874,3.813,3.839,167.0,3.8391,125
2026-02-09,3.801,3.823,3.777,3.823,280.0,3.8024,202
2026-02-10,3.817,3.866,3.817,3.859,354.0,3.8565,235
2026-02-11,3.864,3.875,3.848,3.867,173.0,3.8643,128
2026-02-12,3.868,3.897,3.839,3.849,110.0,3.8775,95
2026-02-13,3.817,3.849,3.812,3.848,214.0,3.8397,168
2026-02-17,3.807,3.846,3.764,3.772,201.0,3.7957,154
2026-02-18,3.757,3.785,3.749,3.769,83.0,3.7651,77
2026-02-19,3.785,3.837,3.785,3.819,190.0,3.8172,126
2026-02-20,3.822,3.862,3.82,3.839,363.0,3.8528,295
2026-02-23,3.871,3.871,3.819,3.835,84.0,3.8466,72
2026-02-24,3.845,3.852,3.82,3.824,234.0,3.8415,150
2026-02-25,3.825,3.851,3.825,3.831,120.0,3.8447,72
2026-02-26,3.827,3.86,3.811,3.836,330.0,3.8332,231
2026-02-27,3.836,3.85,3.83,3.842,82.0,3.8393,61
2026-03-02,3.856,3.92,3.829,3.853,324.0,3.8705,256
2026-03-03,3.885,3.912,3.806,3.831,368.0,3.8533,309
2026-03-04,3.793,3.836,3.792,3.827,235.0,3.8219,207
2026-03-05,3.858,3.879,3.824,3.847,242.0,3.8424,207
2026-03-06,3.828,3.889,3.823,3.855,623.0,3.8594,463
2026-03-09,3.903,3.944,3.816,3.868,283.0,3.8717,250
2026-03-10,3.832,3.876,3.831,3.847,62.0,3.8541,52
2026-03-11,3.868,3.877,3.85,3.86,163.0,3.8651,92
2026-03-12,3.879,3.908,3.862,3.892,155.0,3.8927,91
2026-03-13,3.877,3.921,3.876,3.894,332.0,3.8979,224
2026-03-16,3.903,3.91,3.866,3.884,109.0,3.8842,61
2026-03-17,3.896,3.916,3.881,3.912,284.0,3.9028,237
2026-03-18,3.897,3.967,3.894,3.934,473.0,3.9413,347
2026-03-19,3.958,4.062,3.933,3.963,651.0,3.9881,538
2026-03-20,3.944,3.98,3.885,3.976,376.0,3.9577,206
2026-03-23,3.985,3.986,3.932,3.949,227.0,3.951,73
2026-03-24,3.958,3.958,3.915,3.949,517.0,3.9355,300
2026-03-25,3.917,3.941,3.913,3.937,205.0,3.9262,157
2026-03-26,3.95,3.957,3.936,3.945,148.0,3.9455,101
2026-03-27,3.951,3.983,3.951,3.976,285.0,3.9683,151
2026-03-30,3.965,3.995,3.94,3.957,219.0,3.9624,152
2026-03-31,3.949,3.986,3.877,3.89,169.0,3.924,102
2026-04-01,3.889,3.92,3.792,3.802,364.0,3.8394,269
2026-04-02,3.816,3.83,3.782,3.803,398.0,3.8091,157
2026-04-06,3.817,3.824,3.8,3.816,64.0,3.8115,43
2026-04-07,3.824,3.852,3.813,3.838,225.0,3.834,159
2026-04-08,3.817,3.818,3.754,3.764,329.0,3.7726,213
2026-04-09,3.769,3.797,3.741,3.754,114.0,3.7585,66
2026-04-10,3.742,3.744,3.716,3.727,318.0,3.7261,173
2026-04-13,3.76,3.78,3.682,3.692,339.0,3.7145,243
2026-04-14,3.693,3.693,3.643,3.659,344.0,3.6551,218
2026-04-15,3.665,3.681,3.648,3.678,425.0,3.6693,233
2026-04-16,3.678,3.748,3.674,3.721,329.0,3.7092,260
2026-04-17,3.752,3.767,3.73,3.755,477.0,3.7494,303
2026-04-20,3.752,3.775,3.736,3.755,324.0,3.7543,181
2026-04-21,3.744,3.768,3.732,3.762,204.0,3.7562,140
2026-04-22,3.762,3.79,3.755,3.778,134.0,3.7735,104
2026-04-23,3.765,3.778,3.737,3.76,268.0,3.7533,178
2026-04-24,3.725,3.746,3.711,3.716,174.0,3.7248,146
2026-04-27,3.735,3.742,3.696,3.699,112.0,3.7154,98
2026-04-28,3.692,3.732,3.687,3.707,130.0,3.7087,105
2026-04-29,3.715,3.73,3.703,3.715,520.0,3.7156,197
2026-04-30,3.705,3.731,3.689,3.729,177.0,3.708,119
2026-05-01,3.724,3.743,3.706,3.723,97.0,3.7191,71
2026-05-04,3.728,3.777,3.726,3.769,116.0,3.7529,77
2026-05-05,3.752,3.76,3.712,3.725,287.0,3.731,189
2026-05-06,3.72,3.72,3.669,3.678,130.0,3.6832,95
2026-05-07,3.663,3.67,3.643,3.662,88.0,3.6604,64
2026-05-08,3.679,3.698,3.639,3.673,133.0,3.6777,82
2026-05-11,3.693,3.701,3.681,3.694,103.0,3.6931,67
2026-05-12,3.71,3.71,3.642,3.663,122.0,3.6765,92
2026-05-13,3.662,3.673,3.635,3.642,167.0,3.651,123
2026-05-14,3.647,3.647,3.615,3.624,170.0,3.629,95
2026-05-15,3.635,3.645,3.608,3.623,112.0,3.6252,64
2026-05-18,3.633,3.667,3.633,3.644,84.0,3.649,65
2026-05-19,3.653,3.672,3.646,3.666,229.0,3.6611,148
2026-05-20,3.661,3.663,3.623,3.632,206.0,3.6373,146
2026-05-21,3.638,3.663,3.615,3.627,353.0,3.6362,212
2026-05-22,3.613,3.629,3.593,3.596,455.0,3.6074,316
2026-05-26,3.607,3.609,3.567,3.572,152.0,3.5859,112
2026-05-27,3.572,3.596,3.554,3.577,396.0,3.5731,300
2026-05-28,3.575,3.638,3.575,3.628,206.0,3.6168,150
2026-05-29,3.65,3.67,3.627,3.647,318.0,3.6412,210
2026-06-01,3.666,3.67,3.626,3.659,300.0,3.6546,217
2026-06-02,3.66,3.675,3.625,3.659,151.0,3.6562,104
2026-06-03,3.661,3.674,3.653,3.673,211.0,3.6677,134
2026-06-04,3.673,3.695,3.667,3.689,228.0,3.6789,131
2026-06-05,3.694,3.695,3.657,3.669,143.0,3.6706,85
2026-06-08,3.667,3.671,3.647,3.671,211.0,3.6614,159
2026-06-09,3.678,3.681,3.651,3.659,131.0,3.668,93
2026-06-10,3.654,3.673,3.642,3.663,152.0,3.6553,100
2026-06-11,3.658,3.658,3.626,3.653,207.0,3.6471,106
2026-06-12,3.645,3.659,3.64,3.648,156.0,3.6502,113
2026-06-15,3.638,3.638,3.621,3.636,159.0,3.629,104
2026-06-16,3.64,3.656,3.629,3.653,123.0,3.643,96
2026-06-17,3.652,3.673,3.641,3.661,264.0,3.6586,140
2026-06-18,3.662,3.677,3.657,3.668,145.0,3.6686,77
2026-06-22,3.671,3.686,3.66,3.661,95.0,3.6734,68
2026-06-23,3.664,3.671,3.629,3.636,212.0,3.644,122
2026-06-24,3.636,3.658,3.634,3.655,120.0,3.6481,81
2026-06-25,3.66,3.672,3.648,3.658,177.0,3.6551,107
2026-06-26,3.658,3.675,3.642,3.65,374.0,3.6628,251
2026-06-29,3.652,3.656,3.611,3.615,188.0,3.6251,112
2026-06-30,3.606,3.626,3.606,3.626,286.0,3.6168,201
2026-07-01,3.621,3.629,3.596,3.612,135.0,3.613,106
2026-07-02,3.598,3.614,3.579,3.592,316.0,3.5918,201
2026-07-06,3.596,3.604,3.548,3.563,669.0,3.5613,446
2026-07-07,3.57,3.59,3.552,3.566,405.0,3.5639,303
2026-07-08,3.577,3.59,3.562,3.567,389.0,3.5748,304
2026-07-09,3.559,3.564,3.501,3.504,683.0,3.5326,513
2026-07-10,3.501,3.501,3.468,3.493,836.0,3.4805,494
2026-07-13,3.487,3.513,3.475,3.508,450.0,3.4948,306
2026-07-14,3.501,3.511,3.488,3.501,570.0,3.4995,430
2026-07-15,3.504,3.519,3.501,3.509,410.0,3.5085,293
2026-07-16,3.501,3.509,3.47,3.472,420.0,3.4901,320
2026-07-17,3.479,3.507,3.465,3.506,356.0,3.4953,291
2026-07-20,3.502,3.505,3.475,3.495,390.0,3.4909,279
2026-07-21,3.5,3.52,3.495,3.52,443.0,3.5084,324
2026-07-22,3.521,3.565,3.515,3.555,342.0,3.5439,238
2026-07-23,3.566,3.584,3.565,3.571,487.0,3.5725,309
2026-07-24,3.564,3.602,3.543,3.56,452.0,3.5786,308
2026-07-27,3.527,3.55,3.502,3.55,894.0,3.5161,513
2026-07-28,3.527,3.534,3.512,3.534,666.0,3.5249,329
2026-07-29,3.536,3.565,3.523,3.558,386.0,3.5543,227
2026-07-30,3.559,3.56,3.526,3.539,434.0,3.5367,261
2026-07-31,3.537,3.564,3.516,3.528,416.0,3.5366,277
2026-08-03,3.544,3.567,3.544,3.561,400.0,3.5581,257
2026-08-04,3.556,3.557,3.526,3.539,320.0,3.5366,201
2026-08-05,3.534,3.534,3.518,3.525,409.0,3.5246,262
2026-08-06,3.512,3.513,3.493,3.504,642.0,3.5038,401
2026-08-07,3.509,3.54,3.499,3.529,536.0,3.5251,310
2026-08-10,3.555,3.561,3.538,3.546,390.0,3.5482,244
2026-08-11,3.547,3.55,3.526,3.541,530.0,3.5375,332
2026-08-12,3.546,3.56,3.545,3.551,329.0,3.5505,209
2026-08-13,3.548,3.551,3.515,3.545,482.0,3.5358,276
2026-08-14,3.546,3.577,3.532,3.541,677.0,3.5589,453
