date,open,high,low,close,volume,average,barCount
2017-11-29,3.561,3.561,3.561,3.561,0.0,3.561,0
2017-11-30,3.563,3.563,3.563,3.563,0.0,3.563,0
2017-12-01,3.512,3.512,3.512,3.512,0.0,3.512,0
2017-12-04,3.51,3.51,3.51,3.51,0.0,3.51,0
2017-12-05,3.505,3.505,3.505,3.505,0.0,3.505,0
2017-12-06,3.487,3.487,3.487,3.487,0.0,3.487,0
2017-12-07,3.493,3.493,3.493,3.493,0.0,3.493,0
2017-12-08,3.488,3.488,3.488,3.488,0.0,3.488,0
2017-12-11,3.481,3.481,3.481,3.481,0.0,3.481,0
2017-12-12,3.494,3.494,3.494,3.494,0.0,3.494,0
2017-12-13,3.51,3.51,3.51,3.51,0.0,3.51,0
2017-12-14,3.521,3.521,3.521,3.521,0.0,3.521,0
2017-12-15,3.529,3.529,3.529,3.529,0.0,3.529,0
2017-12-18,3.549,3.549,3.549,3.549,0.0,3.549,0
2017-12-19,3.551,3.551,3.551,3.551,0.0,3.551,0
2017-12-20,3.537,3.537,3.537,3.537,0.0,3.537,0
2017-12-21,3.554,3.554,3.554,3.554,0.0,3.554,0
2017-12-22,3.577,3.577,3.577,3.577,0.0,3.577,0
2017-12-26,3.578,3.578,3.578,3.578,0.0,3.578,0
2017-12-27,3.551,3.551,3.551,3.551,0.0,3.551,0
2017-12-28,3.452,3.452,3.452,3.452,0.0,3.452,0
2017-12-29,3.41,3.41,3.41,3.41,0.0,3.41,0
2018-01-02,3.403,3.403,3.403,3.403,0.0,3.403,0
2018-01-03,3.404,3.404,3.404,3.404,0.0,3.404,0
2018-01-04,3.436,3.436,3.436,3.436,0.0,3.436,0
2018-01-05,3.43,3.43,3.43,3.43,0.0,3.43,0
2018-01-08,3.425,3.425,3.425,3.425,0.0,3.425,0
2018-01-09,3.41,3.41,3.41,3.41,0.0,3.41,0
2018-01-10,3.403,3.403,3.403,3.403,0.0,3.403,0
2018-01-11,3.42,3.42,3.42,3.42,0.0,3.42,0
2018-01-12,3.407,3.407,3.407,3.407,0.0,3.407,0
2018-01-16,3.37,3.37,3.37,3.37,0.0,3.37,0
2018-01-17,3.364,3.364,3.364,3.364,0.0,3.364,0
2018-01-18,3.362,3.362,3.362,3.362,0.0,3.362,0
2018-01-19,3.372,3.372,3.372,3.372,0.0,3.372,0
2018-01-22,3.391,3.391,3.391,3.391,0.0,3.391,0
2018-01-23,3.403,3.403,3.403,3.403,0.0,3.403,0
2018-01-24,3.417,3.417,3.417,3.417,0.0,3.417,0
2018-01-25,3.441,3.441,3.441,3.441,0.0,3.441,0
2018-01-26,3.407,3.407,3.407,3.407,0.0,3.407,0
2018-01-29,3.409,3.409,3.409,3.409,0.0,3.409,0
2018-01-30,3.426,3.426,3.426,3.426,0.0,3.426,0
2018-01-31,3.385,3.385,3.385,3.385,0.0,3.385,0
2018-02-01,3.381,3.381,3.381,3.381,0.0,3.381,0
2018-02-02,3.406,3.406,3.406,3.406,0.0,3.406,0
2018-02-05,3.428,3.428,3.428,3.428,0.0,3.428,0
2018-02-06,3.412,3.412,3.412,3.412,0.0,3.412,0
2018-02-07,3.39,3.39,3.39,3.39,0.0,3.39,0
2018-02-08,3.403,3.403,3.403,3.403,0.0,3.403,0
2018-02-09,3.372,3.372,3.372,3.372,0.0,3.372,0
2018-02-12,3.362,3.362,3.362,3.362,0.0,3.362,0
2018-02-13,3.345,3.345,3.345,3.345,0.0,3.345,0
2018-02-14,3.35,3.35,3.35,3.35,0.0,3.35,0
2018-02-15,3.353,3.353,3.353,3.353,0.0,3.353,0
2018-02-16,3.366,3.366,3.366,3.366,0.0,3.366,0
2018-02-20,3.369,3.369,3.369,3.369,0.0,3.369,0
2018-02-21,3.387,3.387,3.387,3.387,0.0,3.387,0
2018-02-22,3.399,3.399,3.399,3.399,0.0,3.399,0
2018-02-23,3.391,3.391,3.391,3.391,0.0,3.391,0
2018-02-26,3.387,3.387,3.387,3.387,0.0,3.387,0
2018-02-27,3.39,3.39,3.39,3.39,0.0,3.39,0
2018-02-28,3.365,3.365,3.365,3.365,0.0,3.365,0
2018-03-01,3.404,3.404,3.404,3.404,0.0,3.404,0
2018-03-02,3.421,3.421,3.421,3.421,0.0,3.421,0
2018-03-05,3.439,3.439,3.439,3.439,0.0,3.439,0
2018-03-06,3.436,3.436,3.436,3.436,0.0,3.436,0
2018-03-07,3.429,3.429,3.429,3.429,0.0,3.429,0
2018-03-08,3.391,3.391,3.391,3.391,0.0,3.391,0
2018-03-09,3.352,3.352,3.352,3.352,0.0,3.352,0
2018-03-12,3.358,3.358,3.358,3.358,0.0,3.358,0
2018-03-13,3.365,3.365,3.365,3.365,0.0,3.365,0
2018-03-14,3.385,3.385,3.385,3.385,0.0,3.385,0
2018-03-15,3.443,3.443,3.443,3.443,0.0,3.443,0
2018-03-16,3.453,3.453,3.453,3.453,0.0,3.453,0
2018-03-19,3.443,3.443,3.443,3.443,0.0,3.443,0
2018-03-20,3.448,3.448,3.448,3.448,0.0,3.448,0
2018-03-21,3.456,3.456,3.456,3.456,0.0,3.456,0
2018-03-22,3.444,3.444,3.444,3.444,0.0,3.444,0
2018-03-23,3.366,3.366,3.366,3.366,0.0,3.366,0
2018-03-26,3.394,3.394,3.394,3.394,0.0,3.394,0
2018-03-27,3.398,3.398,3.398,3.398,0.0,3.398,0
2018-03-28,3.427,3.427,3.427,3.427,0.0,3.427,0
2018-03-29,3.465,3.465,3.465,3.465,0.0,3.465,0
2018-04-02,3.447,3.447,3.447,3.447,0.0,3.447,0
2018-04-03,3.425,3.425,3.425,3.425,0.0,3.425,0
2018-04-04,3.399,3.399,3.399,3.399,0.0,3.399,0
2018-04-05,3.415,3.415,3.415,3.415,0.0,3.415,0
2018-04-06,3.409,3.409,3.409,3.409,0.0,3.409,0
2018-04-09,3.393,3.393,3.393,3.393,0.0,3.393,0
2018-04-10,3.402,3.402,3.402,3.402,0.0,3.402,0
2018-04-11,3.41,3.41,3.41,3.41,0.0,3.41,0
2018-04-12,3.433,3.433,3.433,3.433,0.0,3.433,0
2018-04-13,3.426,3.426,3.426,3.426,0.0,3.426,0
2018-04-16,3.428,3.428,3.428,3.428,0.0,3.428,0
2018-04-17,3.39,3.39,3.39,3.39,0.0,3.39,0
2018-04-18,3.391,3.391,3.391,3.391,0.0,3.391,0
2018-04-19,3.393,3.393,3.393,3.393,0.0,3.393,0
2018-04-20,3.401,3.401,3.401,3.401,0.0,3.401,0
2018-04-23,3.402,3.402,3.402,3.402,0.0,3.402,0
2018-04-24,3.4,3.4,3.4,3.4,0.0,3.4,0
2018-04-25,3.389,3.389,3.389,3.389,0.0,3.389,0
2018-04-26,3.379,3.379,3.379,3.379,0.0,3.379,0
2018-04-27,3.381,3.381,3.381,3.381,0.0,3.381,0
2018-04-30,3.373,3.373,3.373,3.373,0.0,3.373,0
2018-05-01,3.353,3.353,3.353,3.353,0.0,3.353,0
2018-05-02,3.381,3.381,3.381,3.381,0.0,3.381,0
2018-05-03,3.391,3.391,3.391,3.391,0.0,3.391,0
2018-05-04,3.389,3.389,3.389,3.389,0.0,3.389,0
2018-05-07,3.387,3.387,3.387,3.387,0.0,3.387,0
2018-05-08,3.342,3.342,3.342,3.342,0.0,3.342,0
2018-05-09,3.328,3.328,3.328,3.328,0.0,3.328,0
2018-05-10,3.324,3.324,3.324,3.324,0.0,3.324,0
2018-05-11,3.327,3.327,3.327,3.327,0.0,3.327,0
2018-05-14,3.319,3.319,3.319,3.319,0.0,3.319,0
2018-05-15,3.357,3.357,3.357,3.357,0.0,3.357,0
2018-05-16,3.331,3.331,3.331,3.331,0.0,3.331,0
2018-05-17,3.338,3.338,3.338,3.338,0.0,3.338,0
2018-05-18,3.353,3.353,3.353,3.353,0.0,3.353,0
2018-05-21,3.348,3.348,3.348,3.348,0.0,3.348,0
2018-05-22,3.297,3.297,3.297,3.297,0.0,3.297,0
2018-05-23,3.274,3.274,3.274,3.274,0.0,3.274,0
2018-05-24,3.268,3.268,3.268,3.268,0.0,3.268,0
2018-05-25,3.24,3.24,3.24,3.24,0.0,3.24,0
2018-05-29,3.22,3.22,3.22,3.22,0.0,3.22,0
2018-05-30,3.231,3.231,3.231,3.231,0.0,3.231,0
2018-05-31,3.219,3.219,3.219,3.219,0.0,3.219,0
2018-06-01,3.209,3.209,3.209,3.209,0.0,3.209,0
2018-06-04,3.222,3.222,3.222,3.222,0.0,3.222,0
2018-06-05,3.237,3.237,3.237,3.237,0.0,3.237,0
2018-06-06,3.232,3.232,3.232,3.232,0.0,3.232,0
2018-06-07,3.23,3.23,3.23,3.23,0.0,3.23,0
2018-06-08,3.233,3.233,3.233,3.233,0.0,3.233,0
2018-06-11,3.232,3.232,3.232,3.232,0.0,3.232,0
2018-06-12,3.266,3.266,3.266,3.266,0.0,3.266,0
2018-06-13,3.277,3.277,3.277,3.277,0.0,3.277,0
2018-06-14,3.293,3.293,3.293,3.293,0.0,3.293,0
2018-06-15,3.298,3.298,3.298,3.298,0.0,3.298,0
2018-06-18,3.334,3.334,3.334,3.334,0.0,3.334,0
2018-06-19,3.336,3.336,3.336,3.336,0.0,3.336,0
2018-06-20,3.335,3.335,3.335,3.335,0.0,3.335,0
2018-06-21,3.319,3.319,3.319,3.319,0.0,3.319,0
2018-06-22,3.321,3.321,3.321,3.321,0.0,3.321,0
2018-06-25,3.317,3.317,3.317,3.317,0.0,3.317,0
2018-06-26,3.314,3.314,3.314,3.314,0.0,3.314,0
2018-06-27,3.317,3.317,3.317,3.317,0.0,3.317,0
2018-06-28,3.296,3.296,3.296,3.296,0.0,3.296,0
2018-06-29,3.293,3.293,3.293,3.293,0.0,3.293,0
2018-07-02,3.284,3.284,3.284,3.284,0.0,3.284,0
2018-07-03,3.281,3.281,3.281,3.281,0.0,3.281,0
2018-07-05,3.283,3.283,3.283,3.283,0.0,3.283,0
2018-07-06,3.282,3.282,3.282,3.282,0.0,3.282,0
2018-07-09,3.273,3.273,3.273,3.273,0.0,3.273,0
2018-07-10,3.277,3.277,3.277,3.277,0.0,3.277,0
2018-07-11,3.255,3.255,3.255,3.255,0.0,3.255,0
2018-07-12,3.255,3.255,3.255,3.255,0.0,3.255,0
2018-07-13,3.25,3.25,3.25,3.25,0.0,3.25,0
2018-07-16,3.223,3.223,3.223,3.223,0.0,3.223,0
2018-07-17,3.208,3.208,3.208,3.208,0.0,3.208,0
2018-07-18,3.219,3.219,3.219,3.219,0.0,3.219,0
2018-07-19,3.208,3.208,3.208,3.208,0.0,3.208,0
2018-07-20,3.214,3.214,3.214,3.214,0.0,3.214,0
2018-07-23,3.223,3.223,3.223,3.223,0.0,3.223,0
2018-07-24,3.221,3.221,3.221,3.221,0.0,3.221,0
2018-07-25,3.249,3.249,3.249,3.249,0.0,3.249,0
2018-07-26,3.245,3.245,3.245,3.245,0.0,3.245,0
2018-07-27,3.252,3.252,3.252,3.252,0.0,3.252,0
2018-07-30,3.256,3.256,3.256,3.256,0.0,3.256,0
2018-07-31,3.259,3.259,3.259,3.259,0.0,3.259,0
2018-08-01,3.229,3.229,3.229,3.229,0.0,3.229,0
2018-08-02,3.233,3.233,3.233,3.233,0.0,3.233,0
2018-08-03,3.233,3.233,3.233,3.233,0.0,3.233,0
2018-08-06,3.221,3.221,3.221,3.221,0.0,3.221,0
2018-08-07,3.294,3.294,3.294,3.294,0.0,3.294,0
2018-08-08,3.307,3.307,3.307,3.307,0.0,3.307,0
2018-08-09,3.307,3.307,3.307,3.307,0.0,3.307,0
2018-08-10,3.304,3.304,3.304,3.304,0.0,3.304,0
2018-08-13,3.305,3.305,3.305,3.305,0.0,3.305,0
2018-08-14,3.304,3.304,3.304,3.304,0.0,3.304,0
2018-08-15,3.305,3.305,3.305,3.305,0.0,3.305,0
2018-08-16,3.295,3.295,3.295,3.295,0.0,3.295,0
2018-08-17,3.297,3.297,3.297,3.297,0.0,3.297,0
2018-08-20,3.296,3.296,3.296,3.296,0.0,3.296,0
2018-08-21,3.314,3.314,3.314,3.314,0.0,3.314,0
2018-08-22,3.301,3.301,3.301,3.301,0.0,3.301,0
2018-08-23,3.3,3.3,3.3,3.3,0.0,3.3,0
2018-08-24,3.287,3.287,3.287,3.287,0.0,3.287,0
2018-08-27,3.257,3.257,3.257,3.257,0.0,3.257,0
2018-08-28,3.233,3.233,3.233,3.233,0.0,3.233,0
2018-08-29,3.237,3.237,3.237,3.237,0.0,3.237,0
2018-08-30,3.218,3.218,3.218,3.218,0.0,3.218,0
2018-08-31,3.232,3.232,3.232,3.232,0.0,3.232,0
2018-09-04,3.222,3.222,3.222,3.222,0.0,3.222,0
2018-09-05,3.227,3.227,3.227,3.227,0.0,3.227,0
2018-09-06,3.246,3.246,3.246,3.246,0.0,3.246,0
2018-09-07,3.245,3.245,3.245,3.245,0.0,3.245,0
2018-09-10,3.248,3.248,3.248,3.248,0.0,3.248,0
2018-09-11,3.245,3.245,3.245,3.245,0.0,3.245,0
2018-09-12,3.255,3.255,3.255,3.255,0.0,3.255,0
2018-09-13,3.271,3.271,3.271,3.271,0.0,3.271,0
2018-09-14,3.28,3.28,3.28,3.28,0.0,3.28,0
2018-09-17,3.284,3.284,3.284,3.284,0.0,3.284,0
2018-09-18,3.294,3.294,3.294,3.294,0.0,3.294,0
2018-09-19,3.296,3.296,3.296,3.296,0.0,3.296,0
2018-09-20,3.3,3.3,3.3,3.3,0.0,3.3,0
2018-09-21,3.298,3.298,3.298,3.298,0.0,3.298,0
2018-09-24,3.296,3.296,3.296,3.296,0.0,3.296,0
2018-09-25,3.299,3.299,3.299,3.299,0.0,3.299,0
2018-09-26,3.308,3.308,3.308,3.308,0.0,3.308,0
2018-09-27,3.309,3.309,3.309,3.309,0.0,3.309,0
2018-09-28,3.31,3.31,3.31,3.31,0.0,3.31,0
2018-10-01,3.315,3.315,3.315,3.315,0.0,3.315,0
2018-10-02,3.313,3.313,3.313,3.313,0.0,3.313,0
2018-10-03,3.312,3.312,3.312,3.312,0.0,3.312,0
2018-10-04,3.313,3.313,3.313,3.313,0.0,3.313,0
2018-10-05,3.316,3.316,3.316,3.316,0.0,3.316,0
2018-10-08,3.321,3.321,3.321,3.321,0.0,3.321,0
2018-10-09,3.316,3.316,3.316,3.316,0.0,3.316,0
2018-10-10,3.312,3.312,3.312,3.312,0.0,3.312,0
2018-10-11,3.337,3.337,3.337,3.337,0.0,3.337,0
2018-10-12,3.357,3.357,3.357,3.357,0.0,3.357,0
2018-10-15,3.356,3.356,3.356,3.356,0.0,3.356,0
2018-10-16,3.376,3.376,3.376,3.376,0.0,3.376,0
2018-10-17,3.371,3.371,3.371,3.371,0.0,3.371,0
2018-10-18,3.37,3.37,3.37,3.37,0.0,3.37,0
2018-10-19,3.367,3.367,3.367,3.367,0.0,3.367,0
2018-10-22,3.368,3.368,3.368,3.368,0.0,3.368,0
2018-10-23,3.367,3.367,3.367,3.367,0.0,3.367,0
2018-10-24,3.364,3.364,3.364,3.364,0.0,3.364,0
2018-10-25,3.354,3.354,3.354,3.354,0.0,3.354,0
2018-10-26,3.356,3.356,3.356,3.356,0.0,3.356,0
2018-10-29,3.357,3.357,3.357,3.357,0.0,3.357,0
2018-10-30,3.375,3.375,3.375,3.375,0.0,3.375,0
2018-10-31,3.374,3.374,3.374,3.374,0.0,3.374,0
2018-11-01,3.386,3.386,3.386,3.386,0.0,3.386,0
2018-11-02,3.393,3.393,3.393,3.393,0.0,3.393,0
2018-11-05,3.407,3.407,3.407,3.407,0.0,3.407,0
2018-11-06,3.423,3.423,3.423,3.423,0.0,3.423,0
2018-11-07,3.421,3.421,3.421,3.421,0.0,3.421,0
2018-11-08,3.422,3.422,3.422,3.422,0.0,3.422,0
2018-11-09,3.425,3.425,3.425,3.425,0.0,3.425,0
2018-11-12,3.448,3.448,3.448,3.448,0.0,3.448,0
2018-11-13,3.427,3.427,3.427,3.427,0.0,3.427,0
2018-11-14,3.411,3.411,3.411,3.411,0.0,3.411,0
2018-11-15,3.426,3.426,3.426,3.426,0.0,3.426,0
2018-11-16,3.397,3.397,3.397,3.397,0.0,3.397,0
2018-11-19,3.384,3.384,3.384,3.384,0.0,3.384,0
2018-11-20,3.382,3.382,3.382,3.382,0.0,3.382,0
2018-11-21,3.38,3.38,3.38,3.38,0.0,3.38,0
2018-11-23,3.405,3.405,3.405,3.405,0.0,3.405,0
2018-11-26,3.398,3.398,3.398,3.398,0.0,3.398,0
2018-11-27,3.394,3.394,3.394,3.394,0.0,3.394,0
2018-11-28,3.395,3.395,3.395,3.395,0.0,3.395,0
2018-11-29,3.425,3.425,3.425,3.425,0.0,3.425,0
2018-11-30,3.481,3.481,3.481,3.481,0.0,3.481,0
2018-12-03,3.453,3.453,3.453,3.453,0.0,3.453,0
2018-12-04,3.439,3.439,3.439,3.439,0.0,3.439,0
2018-12-05,3.43,3.43,3.43,3.43,0.0,3.43,0
2018-12-06,3.441,3.441,3.441,3.441,0.0,3.441,0
2018-12-07,3.448,3.448,3.448,3.448,0.0,3.448,0
2018-12-10,3.449,3.449,3.449,3.449,0.0,3.449,0
2018-12-11,3.424,3.424,3.424,3.424,0.0,3.424,0
2018-12-12,3.426,3.426,3.426,3.426,0.0,3.426,0
2018-12-13,3.394,3.394,3.394,3.394,0.0,3.394,0
2018-12-14,3.404,3.404,3.404,3.404,0.0,3.404,0
2018-12-17,3.403,3.403,3.403,3.403,0.0,3.403,0
2018-12-18,3.398,3.398,3.398,3.398,0.0,3.398,0
2018-12-19,3.421,3.421,3.421,3.421,0.0,3.421,0
2018-12-20,3.436,3.436,3.436,3.436,0.0,3.436,0
2018-12-21,3.439,3.439,3.439,3.439,0.0,3.439,0
2018-12-24,3.438,3.438,3.438,3.438,0.0,3.438,0
2018-12-26,3.435,3.435,3.435,3.435,0.0,3.435,0
2018-12-27,3.433,3.433,3.433,3.433,0.0,3.433,0
2018-12-28,3.433,3.433,3.433,3.433,0.0,3.433,0
2018-12-31,3.442,3.442,3.442,3.442,0.0,3.442,0
2019-01-02,3.442,3.442,3.442,3.442,0.0,3.442,0
2019-01-03,3.431,3.431,3.431,3.431,0.0,3.431,0
2019-01-04,3.431,3.431,3.431,3.431,0.0,3.431,0
2019-01-07,3.433,3.433,3.433,3.433,0.0,3.433,0
2019-01-08,3.428,3.428,3.428,3.428,0.0,3.428,0
2019-01-09,3.428,3.428,3.428,3.428,0.0,3.428,0
2019-01-10,3.427,3.427,3.427,3.427,0.0,3.427,0
2019-01-11,3.434,3.434,3.434,3.434,0.0,3.434,0
2019-01-14,3.433,3.433,3.433,3.433,0.0,3.433,0
2019-01-15,3.425,3.425,3.425,3.425,0.0,3.425,0
2019-01-16,3.394,3.394,3.394,3.394,0.0,3.394,0
2019-01-17,3.394,3.394,3.394,3.394,0.0,3.394,0
2019-01-18,3.407,3.407,3.407,3.407,0.0,3.407,0
2019-01-22,3.42,3.42,3.42,3.42,0.0,3.42,0
2019-01-23,3.421,3.421,3.421,3.421,0.0,3.421,0
2019-01-24,3.398,3.398,3.398,3.398,0.0,3.398,0
2019-01-25,3.443,3.443,3.443,3.443,0.0,3.443,0
2019-01-28,3.427,3.427,3.427,3.427,0.0,3.427,0
2019-01-29,3.43,3.43,3.43,3.43,0.0,3.43,0
2019-01-30,3.432,3.432,3.432,3.432,0.0,3.432,0
2019-01-31,3.433,3.433,3.433,3.433,0.0,3.433,0
2019-02-01,3.434,3.434,3.434,3.434,0.0,3.434,0
2019-02-04,3.421,3.421,3.421,3.421,0.0,3.421,0
2019-02-05,3.474,3.474,3.474,3.474,0.0,3.474,0
2019-02-06,3.471,3.471,3.471,3.471,0.0,3.471,0
2019-02-07,3.467,3.467,3.467,3.467,0.0,3.467,0
2019-02-08,3.469,3.469,3.469,3.469,0.0,3.469,0
2019-02-11,3.474,3.474,3.474,3.474,0.0,3.474,0
2019-02-12,3.482,3.482,3.482,3.482,0.0,3.482,0
2019-02-13,3.48,3.48,3.48,3.48,0.0,3.48,0
2019-02-14,3.487,3.487,3.487,3.487,0.0,3.487,0
2019-02-15,3.467,3.467,3.467,3.467,0.0,3.467,0
2019-02-19,3.458,3.458,3.458,3.458,0.0,3.458,0
2019-02-20,3.47,3.47,3.47,3.47,0.0,3.47,0
2019-02-21,3.457,3.457,3.457,3.457,0.0,3.457,0
2019-02-22,3.454,3.454,3.454,3.454,0.0,3.454,0
2019-02-25,3.446,3.446,3.446,3.446,0.0,3.446,0
2019-02-26,3.428,3.428,3.428,3.428,0.0,3.428,0
2019-02-27,3.464,3.464,3.464,3.464,0.0,3.464,0
2019-02-28,3.475,3.475,3.475,3.475,0.0,3.475,0
2019-03-01,3.474,3.474,3.474,3.474,0.0,3.474,0
2019-03-04,3.47,3.47,3.47,3.47,0.0,3.47,0
2019-03-05,3.468,3.468,3.468,3.468,0.0,3.468,0
2019-03-06,3.471,3.471,3.471,3.471,0.0,3.471,0
2019-03-07,3.476,3.476,3.476,3.476,0.0,3.476,0
2019-03-08,3.476,3.476,3.476,3.476,0.0,3.476,0
2019-03-11,3.503,3.503,3.503,3.503,0.0,3.503,0
2019-03-12,3.518,3.518,3.518,3.518,0.0,3.518,0
2019-03-13,3.527,3.527,3.527,3.527,0.0,3.527,0
2019-03-14,3.535,3.535,3.535,3.535,0.0,3.535,0
2019-03-15,3.536,3.536,3.536,3.536,0.0,3.536,0
2019-03-18,3.535,3.535,3.535,3.535,0.0,3.535,0
2019-03-19,3.536,3.536,3.536,3.536,0.0,3.536,0
2019-03-20,3.534,3.534,3.534,3.534,0.0,3.534,0
2019-03-21,3.544,3.544,3.544,3.544,0.0,3.544,0
2019-03-22,3.534,3.534,3.534,3.534,0.0,3.534,0
2019-03-25,3.533,3.533,3.533,3.533,0.0,3.533,0
2019-03-26,3.535,3.535,3.535,3.535,0.0,3.535,0
2019-03-27,3.526,3.526,3.526,3.526,0.0,3.526,0
2019-03-28,3.529,3.529,3.529,3.529,0.0,3.529,0
2019-03-29,3.528,3.528,3.528,3.528,0.0,3.528,0
2019-04-01,3.527,3.527,3.527,3.527,0.0,3.527,0
2019-04-02,3.534,3.534,3.534,3.534,0.0,3.534,0
2019-04-03,3.541,3.541,3.541,3.541,0.0,3.541,0
2019-04-04,3.572,3.572,3.572,3.572,0.0,3.572,0
2019-04-05,3.54,3.54,3.54,3.54,0.0,3.54,0
2019-04-08,3.543,3.543,3.543,3.543,0.0,3.543,0
2019-04-09,3.55,3.55,3.55,3.55,0.0,3.55,0
2019-04-10,3.528,3.528,3.528,3.528,0.0,3.528,0
2019-04-11,3.526,3.526,3.526,3.526,0.0,3.526,0
2019-04-12,3.526,3.526,3.526,3.526,0.0,3.526,0
2019-04-15,3.526,3.526,3.526,3.526,0.0,3.526,0
2019-04-16,3.527,3.527,3.527,3.527,0.0,3.527,0
2019-04-17,3.517,3.517,3.517,3.517,0.0,3.517,0
2019-04-18,3.502,3.502,3.502,3.502,0.0,3.502,0
2019-04-22,3.49,3.49,3.49,3.49,0.0,3.49,0
2019-04-23,3.485,3.485,3.485,3.485,0.0,3.485,0
2019-04-24,3.495,3.495,3.495,3.495,0.0,3.495,0
2019-04-25,3.505,3.505,3.505,3.505,0.0,3.505,0
2019-04-26,3.502,3.502,3.502,3.502,0.0,3.502,0
2019-04-29,3.509,3.509,3.509,3.509,0.0,3.509,0
2019-04-30,3.514,3.514,3.514,3.514,0.0,3.514,0
2019-05-01,3.516,3.516,3.516,3.516,0.0,3.516,0
2019-05-02,3.513,3.513,3.513,3.513,0.0,3.513,0
2019-05-03,3.526,3.526,3.526,3.526,0.0,3.526,0
2019-05-06,3.529,3.529,3.529,3.529,0.0,3.529,0
2019-05-07,3.529,3.529,3.529,3.529,0.0,3.529,0
2019-05-08,3.523,3.523,3.523,3.523,0.0,3.523,0
2019-05-09,3.53,3.53,3.53,3.53,0.0,3.53,0
2019-05-10,3.521,3.521,3.521,3.521,0.0,3.521,0
2019-05-13,3.524,3.524,3.524,3.524,0.0,3.524,0
2019-05-14,3.535,3.535,3.535,3.535,0.0,3.535,0
2019-05-15,3.553,3.553,3.553,3.553,0.0,3.553,0
2019-05-16,3.549,3.549,3.549,3.549,0.0,3.549,0
2019-05-17,3.553,3.553,3.553,3.553,0.0,3.553,0
2019-05-20,3.558,3.558,3.558,3.558,0.0,3.558,0
2019-05-21,3.561,3.561,3.561,3.561,0.0,3.561,0
2019-05-22,3.515,3.515,3.515,3.515,0.0,3.515,0
2019-05-23,3.527,3.527,3.527,3.527,0.0,3.527,0
2019-05-24,3.537,3.537,3.537,3.537,0.0,3.537,0
2019-05-28,3.578,3.578,3.578,3.578,0.0,3.578,0
2019-05-29,3.559,3.559,3.559,3.559,0.0,3.559,0
2019-05-30,3.557,3.557,3.557,3.557,0.0,3.557,0
2019-05-31,3.555,3.555,3.555,3.555,0.0,3.555,0
2019-06-03,3.543,3.543,3.543,3.543,0.0,3.543,0
2019-06-04,3.56,3.56,3.56,3.56,0.0,3.56,0
2019-06-05,3.564,3.564,3.564,3.564,0.0,3.564,0
2019-06-06,3.574,3.574,3.574,3.574,0.0,3.574,0
2019-06-07,3.575,3.575,3.575,3.575,0.0,3.575,0
2019-06-10,3.564,3.564,3.564,3.564,0.0,3.564,0
2019-06-11,3.564,3.564,3.564,3.564,0.0,3.564,0
2019-06-12,3.561,3.561,3.561,3.561,0.0,3.561,0
2019-06-13,3.562,3.562,3.562,3.562,0.0,3.562,0
2019-06-14,3.567,3.567,3.567,3.567,0.0,3.567,0
2019-06-17,3.57,3.57,3.57,3.57,0.0,3.57,0
2019-06-18,3.553,3.553,3.553,3.553,0.0,3.553,0
2019-06-19,3.554,3.554,3.554,3.554,0.0,3.554,0
2019-06-20,3.558,3.558,3.558,3.558,0.0,3.558,0
2019-06-21,3.573,3.573,3.573,3.573,0.0,3.573,0
2019-06-24,3.573,3.573,3.573,3.573,0.0,3.573,0
2019-06-25,3.572,3.572,3.572,3.572,0.0,3.572,0
2019-06-26,3.564,3.564,3.564,3.564,0.0,3.564,0
2019-06-27,3.56,3.56,3.56,3.56,0.0,3.56,0
2019-06-28,3.532,3.532,3.532,3.532,0.0,3.532,0
2019-07-01,3.525,3.525,3.525,3.525,0.0,3.525,0
2019-07-02,3.534,3.534,3.534,3.534,0.0,3.534,0
2019-07-03,3.533,3.533,3.533,3.533,0.0,3.533,0
2019-07-05,3.559,3.559,3.559,3.559,0.0,3.559,0
2019-07-08,3.555,3.555,3.555,3.555,0.0,3.555,0
2019-07-09,3.594,3.594,3.594,3.594,0.0,3.594,0
2019-07-10,3.586,3.586,3.586,3.586,0.0,3.586,0
2019-07-11,3.594,3.594,3.594,3.594,0.0,3.594,0
2019-07-12,3.602,3.602,3.602,3.602,0.0,3.602,0
2019-07-15,3.607,3.607,3.607,3.607,0.0,3.607,0
2019-07-16,3.583,3.583,3.583,3.583,0.0,3.583,0
2019-07-17,3.58,3.58,3.58,3.58,0.0,3.58,0
2019-07-18,3.599,3.599,3.599,3.599,0.0,3.599,0
2019-07-19,3.592,3.592,3.592,3.592,0.0,3.592,0
2019-07-22,3.519,3.519,3.519,3.519,0.0,3.519,0
2019-07-23,3.557,3.557,3.557,3.557,0.0,3.557,0
2019-07-24,3.55,3.55,3.55,3.55,0.0,3.55,0
2019-07-25,3.551,3.551,3.551,3.551,0.0,3.551,0
2019-07-26,3.545,3.545,3.545,3.545,0.0,3.545,0
2019-07-29,3.534,3.534,3.534,3.534,0.0,3.534,0
2019-07-30,3.537,3.537,3.537,3.537,0.0,3.537,0
2019-07-31,3.543,3.543,3.543,3.543,0.0,3.543,0
2019-08-01,3.546,3.546,3.546,3.546,0.0,3.546,0
2019-08-02,3.533,3.533,3.533,3.533,0.0,3.533,0
2019-08-05,3.531,3.531,3.531,3.531,0.0,3.531,0
2019-08-06,3.532,3.532,3.532,3.532,0.0,3.532,0
2019-08-07,3.537,3.537,3.537,3.537,0.0,3.537,0
2019-08-08,3.506,3.506,3.506,3.506,0.0,3.506,0
2019-08-09,3.495,3.495,3.495,3.495,0.0,3.495,0
2019-08-12,3.454,3.454,3.454,3.454,0.0,3.454,0
2019-08-13,3.436,3.436,3.436,3.436,0.0,3.436,0
2019-08-14,3.38,3.38,3.38,3.38,0.0,3.38,0
2019-08-15,3.38,3.38,3.38,3.38,0.0,3.38,0
2019-08-16,3.363,3.363,3.363,3.363,0.0,3.363,0
2019-08-19,3.368,3.368,3.368,3.368,0.0,3.368,0
2019-08-20,3.371,3.371,3.371,3.371,0.0,3.371,0
2019-08-21,3.376,3.376,3.376,3.376,0.0,3.376,0
2019-08-22,3.38,3.38,3.38,3.38,0.0,3.38,0
2019-08-23,3.41,3.41,3.41,3.41,0.0,3.41,0
2019-08-26,3.399,3.399,3.399,3.399,0.0,3.399,0
2019-08-27,3.419,3.419,3.419,3.419,0.0,3.419,0
2019-08-28,3.438,3.438,3.438,3.438,0.0,3.438,0
2019-08-29,3.426,3.426,3.426,3.426,0.0,3.426,0
2019-08-30,3.367,3.367,3.367,3.367,0.0,3.367,0
2019-09-03,3.381,3.381,3.381,3.381,0.0,3.381,0
2019-09-04,3.342,3.342,3.342,3.342,0.0,3.342,0
2019-09-05,3.354,3.354,3.354,3.354,0.0,3.354,0
2019-09-06,3.341,3.341,3.341,3.341,0.0,3.341,0
2019-09-09,3.312,3.312,3.312,3.312,0.0,3.312,0
2019-09-10,3.316,3.316,3.316,3.316,0.0,3.316,0
2019-09-11,3.311,3.311,3.311,3.311,0.0,3.311,0
2019-09-12,3.316,3.316,3.316,3.316,0.0,3.316,0
2019-09-13,3.281,3.281,3.281,3.281,0.0,3.281,0
2019-09-16,3.311,3.311,3.311,3.311,0.0,3.311,0
2019-09-17,3.275,3.275,3.275,3.275,0.0,3.275,0
2019-09-18,3.288,3.288,3.288,3.288,0.0,3.288,0
2019-09-19,3.282,3.282,3.282,3.282,0.0,3.282,0
2019-09-20,3.293,3.293,3.293,3.293,0.0,3.293,0
2019-09-23,3.29,3.29,3.29,3.29,0.0,3.29,0
2019-09-24,3.281,3.281,3.281,3.281,0.0,3.281,0
2019-09-25,3.28,3.28,3.28,3.28,0.0,3.28,0
2019-09-26,3.281,3.281,3.281,3.281,0.0,3.281,0
2019-09-27,3.212,3.212,3.212,3.212,0.0,3.212,0
2019-09-30,3.274,3.274,3.274,3.274,0.0,3.274,0
2019-10-01,3.223,3.223,3.223,3.223,0.0,3.223,0
2019-10-02,3.251,3.251,3.251,3.251,0.0,3.251,0
2019-10-03,3.236,3.236,3.236,3.236,0.0,3.236,0
2019-10-04,3.226,3.226,3.226,3.226,0.0,3.226,0
2019-10-07,3.23,3.23,3.23,3.23,0.0,3.23,0
2019-10-08,3.206,3.206,3.206,3.206,0.0,3.206,0
2019-10-09,3.217,3.217,3.217,3.217,0.0,3.217,0
2019-10-10,3.218,3.218,3.218,3.218,0.0,3.218,0
2019-10-11,3.229,3.229,3.229,3.229,0.0,3.229,0
2019-10-14,3.244,3.244,3.244,3.244,0.0,3.244,0
2019-10-15,3.26,3.26,3.26,3.26,0.0,3.26,0
2019-10-16,3.262,3.262,3.262,3.262,0.0,3.262,0
2019-10-17,3.259,3.259,3.259,3.259,0.0,3.259,0
2019-10-18,3.254,3.254,3.254,3.254,0.0,3.254,0
2019-10-21,3.249,3.249,3.249,3.249,0.0,3.249,0
2019-10-22,3.253,3.253,3.253,3.253,0.0,3.253,0
2019-10-23,3.247,3.247,3.247,3.247,0.0,3.247,0
2019-10-24,3.251,3.251,3.251,3.251,0.0,3.251,0
2019-10-25,3.249,3.249,3.249,3.249,0.0,3.249,0
2019-10-28,3.258,3.258,3.258,3.258,0.0,3.258,0
2019-10-29,3.274,3.274,3.274,3.274,0.0,3.274,0
2019-10-30,3.281,3.281,3.281,3.281,0.0,3.281,0
2019-10-31,3.279,3.279,3.279,3.279,0.0,3.279,0
2019-11-01,3.288,3.288,3.288,3.288,0.0,3.288,0
2019-11-04,3.224,3.224,3.224,3.224,0.0,3.224,0
2019-11-05,3.203,3.203,3.203,3.203,0.0,3.203,0
2019-11-06,3.214,3.214,3.214,3.214,0.0,3.214,0
2019-11-07,3.161,3.161,3.161,3.161,0.0,3.161,0
2019-11-08,3.168,3.168,3.168,3.168,0.0,3.168,0
2019-11-11,3.159,3.159,3.159,3.159,0.0,3.159,0
2019-11-12,3.099,3.099,3.099,3.099,0.0,3.099,0
2019-11-13,3.1,3.1,3.1,3.1,0.0,3.1,0
2019-11-14,3.087,3.087,3.087,3.087,0.0,3.087,0
2019-11-15,3.093,3.093,3.093,3.093,0.0,3.093,0
2019-11-18,3.097,3.097,3.097,3.097,0.0,3.097,0
2019-11-19,3.109,3.109,3.109,3.109,0.0,3.109,0
2019-11-20,3.121,3.121,3.121,3.121,0.0,3.121,0
2019-11-21,3.128,3.128,3.128,3.128,0.0,3.128,0
2019-11-22,3.128,3.128,3.128,3.128,0.0,3.128,0
2019-11-25,3.11,3.11,3.11,3.11,0.0,3.11,0
2019-11-26,3.104,3.104,3.104,3.104,0.0,3.104,0
2019-11-27,3.108,3.108,3.108,3.108,0.0,3.108,0
2019-11-29,3.066,3.066,3.066,3.066,0.0,3.066,0
2019-12-02,3.092,3.092,3.092,3.092,0.0,3.092,0
2019-12-03,3.061,3.061,3.061,3.061,0.0,3.061,0
2019-12-04,3.06,3.06,3.06,3.06,0.0,3.06,0
2019-12-05,3.052,3.052,3.052,3.052,0.0,3.052,0
2019-12-06,3.007,3.007,3.007,3.007,0.0,3.007,0
2019-12-09,2.979,2.979,2.979,2.979,0.0,2.979,0
2019-12-10,2.988,2.988,2.988,2.988,0.0,2.988,0
2019-12-11,2.985,2.985,2.985,2.985,0.0,2.985,0
2019-12-12,2.99,2.99,2.99,2.99,0.0,2.99,0
2019-12-13,2.973,2.973,2.973,2.973,0.0,2.973,0
2019-12-16,2.987,2.987,2.987,2.987,0.0,2.987,0
2019-12-17,2.989,2.989,2.989,2.989,0.0,2.989,0
2019-12-18,2.913,2.913,2.913,2.913,0.0,2.913,0
2019-12-19,2.812,2.812,2.812,2.812,0.0,2.812,0
2019-12-20,2.803,2.803,2.803,2.803,0.0,2.803,0
2019-12-23,2.81,2.81,2.81,2.81,0.0,2.81,0
2019-12-24,2.808,2.808,2.808,2.808,0.0,2.808,0
2019-12-26,2.796,2.796,2.796,2.796,0.0,2.796,0
2019-12-27,2.794,2.794,2.794,2.794,0.0,2.794,0
2019-12-30,2.791,2.791,2.791,2.791,0.0,2.791,0
2019-12-31,2.8,2.8,2.8,2.8,0.0,2.8,0
2020-01-02,2.795,2.795,2.795,2.795,0.0,2.795,0
2020-01-03,2.795,2.795,2.795,2.795,0.0,2.795,0
2020-01-06,2.799,2.799,2.799,2.799,0.0,2.799,0
2020-01-07,2.804,2.804,2.804,2.804,0.0,2.804,0
2020-01-08,2.807,2.807,2.807,2.807,0.0,2.807,0
2020-01-09,2.818,2.818,2.818,2.818,0.0,2.818,0
2020-01-10,2.82,2.82,2.82,2.82,0.0,2.82,0
2020-01-13,2.82,2.82,2.82,2.82,0.0,2.82,0
2020-01-14,2.819,2.819,2.819,2.819,0.0,2.819,0
2020-01-15,2.818,2.818,2.818,2.818,0.0,2.818,0
2020-01-16,2.825,2.825,2.825,2.825,0.0,2.825,0
2020-01-17,2.835,2.835,2.835,2.835,0.0,2.835,0
2020-01-21,2.825,2.825,2.825,2.825,0.0,2.825,0
2020-01-22,2.837,2.837,2.837,2.837,0.0,2.837,0
2020-01-23,2.829,2.829,2.829,2.829,0.0,2.829,0
2020-01-24,2.841,2.841,2.841,2.841,0.0,2.841,0
2020-01-27,2.8,2.8,2.8,2.8,0.0,2.8,0
2020-01-28,2.81,2.81,2.81,2.81,0.0,2.81,0
2020-01-29,2.795,2.795,2.795,2.795,0.0,2.795,0
2020-01-30,2.766,2.766,2.766,2.766,0.0,2.766,0
2020-01-31,2.767,2.767,2.767,2.767,0.0,2.767,0
2020-02-03,2.762,2.762,2.762,2.762,0.0,2.762,0
2020-02-04,2.758,2.758,2.758,2.758,0.0,2.758,0
2020-02-05,2.725,2.725,2.725,2.725,0.0,2.725,0
2020-02-06,2.729,2.729,2.729,2.729,0.0,2.729,0
2020-02-07,2.747,2.747,2.747,2.747,0.0,2.747,0
2020-02-10,2.739,2.739,2.739,2.739,0.0,2.739,0
2020-02-11,2.698,2.698,2.698,2.698,0.0,2.698,0
2020-02-12,2.705,2.705,2.705,2.705,0.0,2.705,0
2020-02-13,2.695,2.695,2.695,2.695,0.0,2.695,0
2020-02-14,2.721,2.721,2.721,2.721,0.0,2.721,0
2020-02-18,2.694,2.694,2.694,2.694,0.0,2.694,0
2020-02-19,2.74,2.74,2.74,2.74,0.0,2.74,0
2020-02-20,2.74,2.74,2.74,2.74,0.0,2.74,0
2020-02-21,2.73,2.73,2.73,2.73,0.0,2.73,0
2020-02-24,2.736,2.736,2.736,2.736,0.0,2.736,0
2020-02-25,2.739,2.739,2.739,2.739,0.0,2.739,0
2020-02-26,2.762,2.762,2.762,2.762,0.0,2.762,0
2020-02-27,2.752,2.752,2.752,2.752,0.0,2.752,0
2020-02-28,2.77,2.77,2.77,2.77,0.0,2.77,0
2020-03-02,2.825,2.825,2.825,2.825,0.0,2.825,0
2020-03-03,2.851,2.851,2.851,2.851,0.0,2.851,0
2020-03-04,2.84,2.84,2.84,2.84,0.0,2.84,0
2020-03-05,2.805,2.805,2.805,2.805,0.0,2.805,0
2020-03-06,2.818,2.818,2.818,2.818,0.0,2.818,0
2020-03-09,2.855,2.855,2.855,2.855,0.0,2.855,0
2020-03-10,2.855,2.855,2.855,2.855,0.0,2.855,0
2020-03-11,2.817,2.817,2.817,2.817,0.0,2.817,0
2020-03-12,2.767,2.767,2.767,2.767,0.0,2.767,0
2020-03-13,2.762,2.762,2.762,2.762,0.0,2.762,0
2020-03-16,2.751,2.751,2.751,2.751,0.0,2.751,0
2020-03-17,2.78,2.78,2.78,2.78,0.0,2.78,0
2020-03-18,2.786,2.786,2.786,2.786,0.0,2.786,0
2020-03-19,2.799,2.799,2.799,2.799,0.0,2.799,0
2020-03-20,2.793,2.793,2.793,2.793,0.0,2.793,0
2020-03-23,2.788,2.788,2.788,2.788,0.0,2.788,0
2020-03-24,2.745,2.745,2.745,2.745,0.0,2.745,0
2020-03-25,2.74,2.74,2.74,2.74,0.0,2.74,0
2020-03-26,2.706,2.706,2.706,2.706,0.0,2.706,0
2020-03-27,2.728,2.728,2.728,2.728,0.0,2.728,0
2020-03-30,2.736,2.736,2.736,2.736,0.0,2.736,0
2020-03-31,2.724,2.724,2.724,2.724,0.0,2.724,0
2020-04-01,2.694,2.694,2.694,2.694,0.0,2.694,0
2020-04-02,2.68,2.68,2.68,2.68,0.0,2.68,0
2020-04-03,2.664,2.664,2.664,2.664,0.0,2.664,0
2020-04-06,2.68,2.68,2.68,2.68,0.0,2.68,0
2020-04-07,2.674,2.674,2.674,2.674,0.0,2.674,0
2020-04-08,2.691,2.691,2.691,2.691,0.0,2.691,0
2020-04-09,2.657,2.657,2.657,2.657,0.0,2.657,0
2020-04-13,2.703,2.703,2.703,2.703,0.0,2.703,0
2020-04-14,2.685,2.685,2.685,2.685,0.0,2.685,0
2020-04-15,2.654,2.654,2.654,2.654,0.0,2.654,0
2020-04-16,2.659,2.659,2.659,2.659,0.0,2.659,0
2020-04-17,2.66,2.66,2.66,2.66,0.0,2.66,0
2020-04-20,2.696,2.696,2.696,2.696,0.0,2.696,0
2020-04-21,2.679,2.679,2.679,2.679,0.0,2.679,0
2020-04-22,2.707,2.707,2.707,2.707,0.0,2.707,0
2020-04-23,2.661,2.661,2.661,2.661,0.0,2.661,0
2020-04-24,2.659,2.659,2.659,2.659,0.0,2.659,0
2020-04-27,2.685,2.685,2.685,2.685,0.0,2.685,0
2020-04-28,2.677,2.677,2.677,2.677,0.0,2.677,0
2020-04-29,2.672,2.672,2.672,2.672,0.0,2.672,0
2020-04-30,2.647,2.647,2.647,2.647,0.0,2.647,0
2020-05-01,2.63,2.63,2.63,2.63,0.0,2.63,0
2020-05-04,2.601,2.601,2.601,2.601,0.0,2.601,0
2020-05-05,2.588,2.588,2.588,2.588,0.0,2.588,0
2020-05-06,2.627,2.627,2.627,2.627,0.0,2.627,0
2020-05-07,2.574,2.574,2.574,2.574,0.0,2.574,0
2020-05-08,2.563,2.563,2.563,2.563,0.0,2.563,0
2020-05-11,2.539,2.539,2.539,2.539,0.0,2.539,0
2020-05-12,2.543,2.543,2.543,2.543,0.0,2.543,0
2020-05-13,2.492,2.492,2.492,2.492,0.0,2.492,0
2020-05-14,2.466,2.466,2.466,2.466,0.0,2.466,0
2020-05-15,2.527,2.527,2.527,2.527,0.0,2.527,0
2020-05-18,2.545,2.545,2.545,2.545,0.0,2.545,0
2020-05-19,2.542,2.542,2.542,2.542,0.0,2.542,0
2020-05-20,2.489,2.489,2.489,2.489,0.0,2.489,0
2020-05-21,2.48,2.48,2.48,2.48,0.0,2.48,0
2020-05-22,2.523,2.523,2.523,2.523,0.0,2.523,0
2020-05-26,2.493,2.493,2.493,2.493,0.0,2.493,0
2020-05-27,2.621,2.621,2.621,2.621,0.0,2.621,0
2020-05-28,2.613,2.613,2.613,2.613,0.0,2.613,0
2020-05-29,2.607,2.607,2.607,2.607,0.0,2.607,0
2020-06-01,2.589,2.589,2.589,2.589,0.0,2.589,0
2020-06-02,2.594,2.594,2.594,2.594,0.0,2.594,0
2020-06-03,2.581,2.581,2.581,2.581,0.0,2.581,0
2020-06-04,2.59,2.59,2.59,2.59,0.0,2.59,0
2020-06-05,2.584,2.584,2.584,2.584,0.0,2.584,0
2020-06-08,2.598,2.598,2.598,2.598,0.0,2.598,0
2020-06-09,2.62,2.62,2.62,2.62,0.0,2.62,0
2020-06-10,2.625,2.625,2.625,2.625,0.0,2.625,0
2020-06-11,2.62,2.62,2.62,2.62,0.0,2.62,0
2020-06-12,2.609,2.609,2.609,2.609,0.0,2.609,0
2020-06-15,2.636,2.636,2.636,2.636,0.0,2.636,0
2020-06-16,2.643,2.643,2.643,2.643,0.0,2.643,0
2020-06-17,2.638,2.638,2.638,2.638,0.0,2.638,0
2020-06-18,2.637,2.637,2.637,2.637,0.0,2.637,0
2020-06-19,2.62,2.62,2.62,2.62,0.0,2.62,0
2020-06-22,2.608,2.608,2.608,2.608,0.0,2.608,0
2020-06-23,2.607,2.607,2.607,2.607,0.0,2.607,0
2020-06-24,2.654,2.654,2.654,2.654,0.0,2.654,0
2020-06-25,2.707,2.707,2.707,2.707,0.0,2.707,0
2020-06-26,2.734,2.734,2.734,2.734,0.0,2.734,0
2020-06-29,2.732,2.732,2.732,2.732,0.0,2.732,0
2020-06-30,2.732,2.732,2.732,2.732,0.0,2.732,0
2020-07-01,2.745,2.745,2.745,2.745,0.0,2.745,0
2020-07-02,2.789,2.789,2.789,2.789,0.0,2.789,0
2020-07-06,2.768,2.768,2.768,2.768,0.0,2.768,0
2020-07-07,2.741,2.741,2.741,2.741,0.0,2.741,0
2020-07-08,2.764,2.764,2.764,2.764,0.0,2.764,0
2020-07-09,2.749,2.749,2.749,2.749,0.0,2.749,0
2020-07-10,2.731,2.731,2.731,2.731,0.0,2.731,0
2020-07-13,2.727,2.727,2.727,2.727,0.0,2.727,0
2020-07-14,2.726,2.726,2.726,2.726,0.0,2.726,0
2020-07-15,2.736,2.736,2.736,2.736,0.0,2.736,0
2020-07-16,2.729,2.729,2.729,2.729,0.0,2.729,0
2020-07-17,2.726,2.726,2.726,2.726,0.0,2.726,0
2020-07-20,2.717,2.717,2.717,2.717,0.0,2.717,0
2020-07-21,2.738,2.738,2.738,2.738,0.0,2.738,0
2020-07-22,2.747,2.747,2.747,2.747,0.0,2.747,0
2020-07-23,2.831,2.831,2.831,2.831,0.0,2.831,0
2020-07-24,2.77,2.77,2.77,2.77,0.0,2.77,0
2020-07-27,2.846,2.846,2.846,2.846,0.0,2.846,0
2020-07-28,2.843,2.843,2.843,2.843,0.0,2.843,0
2020-07-29,2.848,2.848,2.848,2.848,0.0,2.848,0
2020-07-30,2.89,2.89,2.89,2.89,0.0,2.89,0
2020-07-31,2.99,2.99,2.99,2.99,0.0,2.99,0
2020-08-03,3.037,3.037,3.037,3.037,0.0,3.037,0
2020-08-04,3.031,3.031,3.031,3.031,0.0,3.031,0
2020-08-05,3.064,3.064,3.064,3.064,0.0,3.064,0
2020-08-06,3.089,3.089,3.089,3.089,0.0,3.089,0
2020-08-07,3.151,3.151,3.151,3.151,0.0,3.151,0
2020-08-10,3.119,3.119,3.119,3.119,0.0,3.119,0
2020-08-11,3.034,3.034,3.034,3.034,0.0,3.034,0
2020-08-12,3.011,3.011,3.011,3.011,0.0,3.011,0
2020-08-13,3.031,3.031,3.031,3.031,0.0,3.031,0
2020-08-14,3.017,3.017,3.017,3.017,0.0,3.017,0
2020-08-17,3.017,3.017,3.017,3.017,0.0,3.017,0
2020-08-18,3.012,3.012,3.012,3.012,0.0,3.012,0
2020-08-19,3.007,3.007,3.007,3.007,0.0,3.007,0
2020-08-20,3.005,3.005,3.005,3.005,0.0,3.005,0
2020-08-21,3.0,3.0,3.0,3.0,0.0,3.0,0
2020-08-24,2.995,2.995,2.995,2.995,0.0,2.995,0
2020-08-25,2.988,2.988,2.988,2.988,0.0,2.988,0
2020-08-26,3.016,3.016,3.016,3.016,0.0,3.016,0
2020-08-27,3.025,3.025,3.025,3.025,0.0,3.025,0
2020-08-28,3.013,3.013,3.013,3.013,0.0,3.013,0
2020-08-31,2.987,2.987,2.987,2.987,0.0,2.987,0
2020-09-01,2.985,2.985,2.985,2.985,0.0,2.985,0
2020-09-02,2.979,2.979,2.979,2.979,0.0,2.979,0
2020-09-03,2.976,2.976,2.976,2.976,0.0,2.976,0
2020-09-04,2.902,2.902,2.902,2.902,0.0,2.902,0
2020-09-08,2.903,2.903,2.903,2.903,0.0,2.903,0
2020-09-09,2.889,2.889,2.889,2.889,0.0,2.889,0
2020-09-10,2.871,2.871,2.871,2.871,0.0,2.871,0
2020-09-11,2.848,2.848,2.848,2.848,0.0,2.848,0
2020-09-14,2.821,2.821,2.821,2.821,0.0,2.821,0
2020-09-15,2.828,2.828,2.828,2.828,0.0,2.828,0
2020-09-16,2.683,2.683,2.683,2.683,0.0,2.683,0
2020-09-17,2.671,2.671,2.671,2.671,0.0,2.671,0
2020-09-18,2.692,2.692,2.692,2.692,0.0,2.692,0
2020-09-21,2.663,2.663,2.663,2.663,0.0,2.663,0
2020-09-22,2.702,2.702,2.702,2.702,0.0,2.702,0
2020-09-23,2.742,2.742,2.742,2.742,0.0,2.742,0
2020-09-24,2.768,2.768,2.768,2.768,0.0,2.768,0
2020-09-25,2.787,2.787,2.787,2.787,0.0,2.787,0
2020-09-28,2.795,2.795,2.795,2.795,0.0,2.795,0
2020-09-29,2.766,2.766,2.766,2.766,0.0,2.766,0
2020-09-30,2.747,2.747,2.747,2.747,0.0,2.747,0
2020-10-01,2.727,2.727,2.727,2.727,0.0,2.727,0
2020-10-02,2.724,2.724,2.724,2.724,0.0,2.724,0
2020-10-05,2.702,2.702,2.702,2.702,0.0,2.702,0
2020-10-06,2.709,2.709,2.709,2.709,0.0,2.709,0
2020-10-07,2.732,2.732,2.732,2.732,0.0,2.732,0
2020-10-08,2.707,2.707,2.707,2.707,0.0,2.707,0
2020-10-09,2.737,2.737,2.737,2.737,0.0,2.737,0
2020-10-12,2.723,2.723,2.723,2.723,0.0,2.723,0
2020-10-13,2.703,2.703,2.703,2.703,0.0,2.703,0
2020-10-14,2.73,2.73,2.73,2.73,0.0,2.73,0
2020-10-15,2.716,2.716,2.716,2.716,0.0,2.716,0
2020-10-16,2.719,2.719,2.719,2.719,0.0,2.719,0
2020-10-19,2.762,2.762,2.762,2.762,0.0,2.762,0
2020-10-20,2.703,2.703,2.703,2.703,0.0,2.703,0
2020-10-21,2.724,2.724,2.724,2.724,0.0,2.724,0
2020-10-22,2.726,2.726,2.726,2.726,0.0,2.726,0
2020-10-23,2.788,2.788,2.788,2.788,0.0,2.788,0
2020-10-26,2.701,2.701,2.701,2.701,0.0,2.701,0
2020-10-27,2.735,2.735,2.735,2.735,0.0,2.735,0
2020-10-28,2.785,2.785,2.785,2.785,0.0,2.785,0
2020-10-29,2.797,2.797,2.797,2.797,0.0,2.797,0
2020-10-30,2.814,2.814,2.814,2.814,0.0,2.814,0
2020-11-02,2.707,2.707,2.707,2.707,0.0,2.707,0
2020-11-03,2.796,2.796,2.796,2.796,0.0,2.796,0
2020-11-04,2.793,2.793,2.793,2.793,0.0,2.793,0
2020-11-05,2.788,2.788,2.788,2.788,0.0,2.788,0
2020-11-06,2.778,2.778,2.778,2.778,0.0,2.778,0
2020-11-09,2.774,2.774,2.774,2.774,0.0,2.774,0
2020-11-10,2.784,2.784,2.784,2.784,0.0,2.784,0
2020-11-11,2.799,2.799,2.799,2.799,0.0,2.799,0
2020-11-12,2.796,2.796,2.796,2.796,0.0,2.796,0
2020-11-13,2.67,2.67,2.67,2.67,0.0,2.67,0
2020-11-16,2.667,2.667,2.667,2.667,0.0,2.667,0
2020-11-17,2.684,2.684,2.684,2.684,0.0,2.684,0
2020-11-18,2.708,2.708,2.708,2.708,0.0,2.708,0
2020-11-19,2.708,2.708,2.708,2.708,0.0,2.708,0
2020-11-20,2.701,2.701,2.701,2.701,0.0,2.701,0
2020-11-23,2.695,2.695,2.695,2.695,0.0,2.695,0
2020-11-24,2.697,2.697,2.697,2.697,0.0,2.697,0
2020-11-25,2.68,2.68,2.68,2.68,0.0,2.68,0
2020-11-27,2.676,2.676,2.676,2.676,0.0,2.676,0
2020-11-30,2.662,2.662,2.662,2.662,0.0,2.662,0
2020-12-01,2.724,2.724,2.724,2.724,0.0,2.724,0
2020-12-02,2.769,2.769,2.769,2.769,0.0,2.769,0
2020-12-03,2.741,2.741,2.741,2.741,0.0,2.741,0
2020-12-04,2.781,2.781,2.781,2.781,0.0,2.781,0
2020-12-07,2.752,2.752,2.752,2.752,0.0,2.752,0
2020-12-08,2.74,2.74,2.74,2.74,0.0,2.74,0
2020-12-09,2.75,2.75,2.75,2.75,0.0,2.75,0
2020-12-10,2.755,2.755,2.755,2.755,0.0,2.755,0
2020-12-11,2.774,2.774,2.774,2.774,0.0,2.774,0
2020-12-14,2.768,2.768,2.768,2.768,0.0,2.768,0
2020-12-15,2.753,2.753,2.753,2.753,0.0,2.753,0
2020-12-16,2.765,2.765,2.765,2.765,0.0,2.765,0
2020-12-17,2.753,2.753,2.753,2.753,0.0,2.753,0
2020-12-18,2.767,2.767,2.767,2.767,0.0,2.767,0
2020-12-21,2.738,2.738,2.738,2.738,0.0,2.738,0
2020-12-22,2.783,2.783,2.783,2.783,0.0,2.783,0
2020-12-23,2.778,2.778,2.778,2.778,0.0,2.778,0
2020-12-24,2.79,2.79,2.79,2.79,0.0,2.79,0
2020-12-28,2.709,2.709,2.709,2.709,0.0,2.709,0
2020-12-29,2.778,2.778,2.778,2.778,0.0,2.778,0
2020-12-30,2.749,2.749,2.749,2.749,0.0,2.749,0
2020-12-31,2.751,2.751,2.751,2.751,0.0,2.751,0
2021-01-04,2.759,2.759,2.759,2.759,0.0,2.759,0
2021-01-05,2.774,2.774,2.774,2.774,0.0,2.774,0
2021-01-06,2.807,2.807,2.807,2.807,0.0,2.807,0
2021-01-07,2.775,2.775,2.775,2.775,0.0,2.775,0
2021-01-08,2.759,2.759,2.759,2.759,0.0,2.759,0
2021-01-11,2.762,2.762,2.762,2.762,0.0,2.762,0
2021-01-12,2.769,2.769,2.769,2.769,0.0,2.769,0
2021-01-13,2.8,2.8,2.8,2.8,0.0,2.8,0
2021-01-14,2.748,2.748,2.748,2.748,0.0,2.748,0
2021-01-15,2.784,2.784,2.784,2.784,0.0,2.784,0
2021-01-19,2.83,2.83,2.83,2.83,0.0,2.83,0
2021-01-20,2.844,2.844,2.844,2.844,0.0,2.844,0
2021-01-21,2.885,2.885,2.885,2.885,0.0,2.885,0
2021-01-22,2.885,2.885,2.885,2.885,0.0,2.885,0
2021-01-25,2.842,2.842,2.842,2.842,0.0,2.842,0
2021-01-26,2.871,2.871,2.871,2.871,0.0,2.871,0
2021-01-27,2.886,2.886,2.886,2.886,0.0,2.886,0
2021-01-28,2.885,2.885,2.885,2.885,0.0,2.885,0
2021-01-29,2.829,2.829,2.829,2.829,0.0,2.829,0
2021-02-01,2.833,2.833,2.833,2.833,0.0,2.833,0
2021-02-02,2.829,2.829,2.829,2.829,0.0,2.829,0
2021-02-03,2.81,2.81,2.81,2.81,0.0,2.81,0
2021-02-04,2.786,2.786,2.786,2.786,0.0,2.786,0
2021-02-05,2.795,2.795,2.795,2.795,0.0,2.795,0
2021-02-08,2.815,2.815,2.815,2.815,0.0,2.815,0
2021-02-09,2.815,2.815,2.815,2.815,0.0,2.815,0
2021-02-10,2.82,2.82,2.82,2.82,0.0,2.82,0
2021-02-11,2.807,2.807,2.807,2.807,0.0,2.807,0
2021-02-12,2.801,2.801,2.801,2.801,0.0,2.801,0
2021-02-16,2.818,2.818,2.818,2.818,0.0,2.818,0
2021-02-17,2.813,2.813,2.813,2.813,0.0,2.813,0
2021-02-18,2.803,2.803,2.803,2.803,0.0,2.803,0
2021-02-19,2.799,2.799,2.799,2.799,0.0,2.799,0
2021-02-22,2.801,2.801,2.801,2.801,0.0,2.801,0
2021-02-23,2.806,2.806,2.806,2.806,0.0,2.806,0
2021-02-24,2.8,2.8,2.8,2.8,0.0,2.8,0
2021-02-25,2.749,2.749,2.749,2.749,0.0,2.749,0
2021-02-26,2.769,2.769,2.769,2.769,0.0,2.769,0
2021-03-01,2.787,2.787,2.787,2.787,0.0,2.787,0
2021-03-02,2.786,2.786,2.786,2.786,0.0,2.786,0
2021-03-03,2.761,2.761,2.761,2.761,0.0,2.761,0
2021-03-04,2.719,2.719,2.719,2.719,0.0,2.719,0
2021-03-05,2.725,2.725,2.725,2.725,0.0,2.725,0
2021-03-08,2.743,2.743,2.743,2.743,0.0,2.743,0
2021-03-09,2.75,2.75,2.75,2.75,0.0,2.75,0
2021-03-10,2.748,2.748,2.748,2.748,0.0,2.748,0
2021-03-11,2.745,2.745,2.745,2.745,0.0,2.745,0
2021-03-12,2.762,2.762,2.762,2.762,0.0,2.762,0
2021-03-15,2.735,2.735,2.735,2.735,0.0,2.735,0
2021-03-16,2.767,2.767,2.767,2.767,0.0,2.767,0
2021-03-17,2.748,2.748,2.748,2.748,0.0,2.748,0
2021-03-18,2.762,2.762,2.762,2.762,0.0,2.762,0
2021-03-19,2.768,2.768,2.768,2.768,0.0,2.768,0
2021-03-22,2.764,2.764,2.764,2.764,0.0,2.764,0
2021-03-23,2.778,2.778,2.778,2.778,0.0,2.778,0
2021-03-24,2.781,2.781,2.781,2.781,0.0,2.781,0
2021-03-25,2.781,2.781,2.781,2.781,0.0,2.781,0
2021-03-26,2.783,2.783,2.783,2.783,0.0,2.783,0
2021-03-29,2.827,2.827,2.827,2.827,0.0,2.827,0
2021-03-30,2.838,2.838,2.838,2.838,0.0,2.838,0
2021-03-31,2.834,2.834,2.834,2.834,0.0,2.834,0
2021-04-01,2.863,2.863,2.863,2.863,0.0,2.863,0
2021-04-05,2.85,2.85,2.85,2.85,0.0,2.85,0
2021-04-06,2.827,2.827,2.827,2.827,0.0,2.827,0
2021-04-07,2.83,2.83,2.83,2.83,0.0,2.83,0
2021-04-08,2.83,2.83,2.83,2.83,0.0,2.83,0
2021-04-09,2.864,2.864,2.864,2.864,0.0,2.864,0
2021-04-12,2.873,2.873,2.873,2.873,0.0,2.873,0
2021-04-13,2.856,2.856,2.856,2.856,0.0,2.856,0
2021-04-14,2.865,2.865,2.865,2.865,0.0,2.865,0
2021-04-15,2.843,2.843,2.843,2.843,0.0,2.843,0
2021-04-16,2.856,2.856,2.856,2.856,0.0,2.856,0
2021-04-19,2.85,2.85,2.85,2.85,0.0,2.85,0
2021-04-20,2.795,2.795,2.795,2.795,0.0,2.795,0
2021-04-21,2.78,2.78,2.78,2.78,0.0,2.78,0
2021-04-22,2.761,2.761,2.761,2.761,0.0,2.761,0
2021-04-23,2.769,2.769,2.769,2.769,0.0,2.769,0
2021-04-26,2.755,2.755,2.755,2.755,0.0,2.755,0
2021-04-27,2.734,2.734,2.734,2.734,0.0,2.734,0
2021-04-28,2.746,2.746,2.746,2.746,0.0,2.746,0
2021-04-29,2.748,2.748,2.748,2.748,0.0,2.748,0
2021-04-30,2.803,2.803,2.803,2.803,0.0,2.803,0
2021-05-03,2.806,2.806,2.806,2.806,0.0,2.806,0
2021-05-04,2.815,2.815,2.815,2.815,0.0,2.815,0
2021-05-05,2.817,2.817,2.817,2.817,0.0,2.817,0
2021-05-06,2.807,2.807,2.807,2.807,0.0,2.807,0
2021-05-07,2.814,2.814,2.814,2.814,0.0,2.814,0
2021-05-10,2.817,2.817,2.817,2.817,0.0,2.817,0
2021-05-11,2.814,2.814,2.814,2.814,0.0,2.814,0
2021-05-12,2.813,2.813,2.813,2.813,0.0,2.813,0
2021-05-13,2.803,2.803,2.803,2.803,0.0,2.803,0
2021-05-14,2.799,2.799,2.799,2.799,0.0,2.799,0
2021-05-17,2.803,2.803,2.803,2.803,0.0,2.803,0
2021-05-18,2.772,2.772,2.772,2.772,0.0,2.772,0
2021-05-19,2.776,2.776,2.776,2.776,0.0,2.776,0
2021-05-20,2.781,2.781,2.781,2.781,0.0,2.781,0
2021-05-21,2.793,2.793,2.793,2.793,0.0,2.793,0
2021-05-24,2.787,2.787,2.787,2.787,0.0,2.787,0
2021-05-25,2.798,2.798,2.798,2.798,0.0,2.798,0
2021-05-26,2.767,2.767,2.767,2.767,0.0,2.767,0
2021-05-27,2.764,2.764,2.764,2.764,0.0,2.764,0
2021-05-28,2.782,2.782,2.782,2.782,0.0,2.782,0
2021-06-01,2.764,2.764,2.764,2.764,0.0,2.764,0
2021-06-02,2.774,2.774,2.774,2.774,0.0,2.774,0
2021-06-03,2.756,2.756,2.756,2.756,0.0,2.756,0
2021-06-04,2.807,2.807,2.807,2.807,0.0,2.807,0
2021-06-07,2.778,2.778,2.778,2.778,0.0,2.778,0
2021-06-08,2.784,2.784,2.784,2.784,0.0,2.784,0
2021-06-09,2.791,2.791,2.791,2.791,0.0,2.791,0
2021-06-10,2.78,2.78,2.78,2.78,0.0,2.78,0
2021-06-11,2.779,2.779,2.779,2.779,0.0,2.779,0
2021-06-14,2.788,2.788,2.788,2.788,0.0,2.788,0
2021-06-15,2.773,2.773,2.773,2.773,0.0,2.773,0
2021-06-16,2.826,2.826,2.826,2.826,0.0,2.826,0
2021-06-17,2.831,2.831,2.831,2.831,0.0,2.831,0
2021-06-18,2.84,2.84,2.84,2.84,0.0,2.84,0
2021-06-21,2.837,2.837,2.837,2.837,0.0,2.837,0
2021-06-22,2.837,2.837,2.837,2.837,0.0,2.837,0
2021-06-23,2.838,2.838,2.838,2.838,0.0,2.838,0
2021-06-24,2.826,2.826,2.826,2.826,0.0,2.826,0
2021-06-25,2.887,2.887,2.887,2.887,0.0,2.887,0
2021-06-28,2.897,2.897,2.897,2.897,0.0,2.897,0
2021-06-29,2.925,2.925,2.925,2.925,0.0,2.925,0
2021-06-30,2.926,2.926,2.926,2.926,0.0,2.926,0
2021-07-01,2.914,2.914,2.914,2.914,0.0,2.914,0
2021-07-02,2.906,2.906,2.906,2.906,0.0,2.906,0
2021-07-06,2.898,2.898,2.898,2.898,0.0,2.898,0
2021-07-07,2.91,2.91,2.91,2.91,0.0,2.91,0
2021-07-08,2.922,2.922,2.922,2.922,0.0,2.922,0
2021-07-09,2.928,2.928,2.928,2.928,0.0,2.928,0
2021-07-12,2.933,2.933,2.933,2.933,0.0,2.933,0
2021-07-13,2.932,2.932,2.932,2.932,0.0,2.932,0
2021-07-14,2.925,2.925,2.925,2.925,0.0,2.925,0
2021-07-15,2.933,2.933,2.933,2.933,0.0,2.933,0
2021-07-16,2.949,2.949,2.949,2.949,0.0,2.949,0
2021-07-19,2.959,2.959,2.959,2.959,0.0,2.959,0
2021-07-20,2.961,2.961,2.961,2.961,0.0,2.961,0
2021-07-21,3.016,3.016,3.016,3.016,0.0,3.016,0
2021-07-22,3.018,3.018,3.018,3.018,0.0,3.018,0
2021-07-23,3.034,3.034,3.034,3.034,0.0,3.034,0
2021-07-26,3.042,3.042,3.042,3.042,0.0,3.042,0
2021-07-27,3.012,3.012,3.012,3.012,0.0,3.012,0
2021-07-28,3.004,3.004,3.004,3.004,0.0,3.004,0
2021-07-29,2.979,2.979,2.979,2.979,0.0,2.979,0
2021-07-30,3.023,3.023,3.023,3.023,0.0,3.023,0
2021-08-02,3.037,3.037,3.037,3.037,0.0,3.037,0
2021-08-03,3.029,3.029,3.029,3.029,0.0,3.029,0
2021-08-04,3.039,3.039,3.039,3.039,0.0,3.039,0
2021-08-05,3.004,3.004,3.004,3.004,0.0,3.004,0
2021-08-06,3.013,3.013,3.013,3.013,0.0,3.013,0
2021-08-09,3.029,3.029,3.029,3.029,0.0,3.029,0
2021-08-10,3.026,3.026,3.026,3.026,0.0,3.026,0
2021-08-11,3.041,3.041,3.041,3.041,0.0,3.041,0
2021-08-12,3.122,3.122,3.122,3.122,0.0,3.122,0
2021-08-13,3.089,3.089,3.089,3.089,0.0,3.089,0
2021-08-16,3.101,3.101,3.101,3.101,0.0,3.101,0
2021-08-17,3.114,3.114,3.114,3.114,0.0,3.114,0
2021-08-18,3.112,3.112,3.112,3.112,0.0,3.112,0
2021-08-19,3.123,3.123,3.123,3.123,0.0,3.123,0
2021-08-20,3.122,3.122,3.122,3.122,0.0,3.122,0
2021-08-23,3.124,3.124,3.124,3.124,0.0,3.124,0
2021-08-24,3.12,3.12,3.12,3.12,0.0,3.12,0
2021-08-25,3.137,3.137,3.137,3.137,0.0,3.137,0
2021-08-26,3.188,3.188,3.188,3.188,0.0,3.188,0
2021-08-27,3.235,3.235,3.235,3.235,0.0,3.235,0
2021-08-30,3.238,3.238,3.238,3.238,0.0,3.238,0
2021-08-31,3.227,3.227,3.227,3.227,0.0,3.227,0
2021-09-01,3.236,3.236,3.236,3.236,0.0,3.236,0
2021-09-02,3.236,3.236,3.236,3.236,0.0,3.236,0
2021-09-03,3.297,3.297,3.297,3.297,0.0,3.297,0
2021-09-07,3.347,3.347,3.347,3.347,0.0,3.347,0
2021-09-08,3.399,3.399,3.399,3.399,0.0,3.399,0
2021-09-09,3.594,3.594,3.594,3.594,0.0,3.594,0
2021-09-10,3.576,3.576,3.576,3.576,0.0,3.576,0
2021-09-13,3.591,3.591,3.591,3.591,0.0,3.591,0
2021-09-14,3.564,3.564,3.564,3.564,0.0,3.564,0
2021-09-15,3.586,3.586,3.586,3.586,0.0,3.586,0
2021-09-16,3.589,3.589,3.589,3.589,0.0,3.589,0
2021-09-17,3.582,3.582,3.582,3.582,0.0,3.582,0
2021-09-20,3.618,3.618,3.618,3.618,0.0,3.618,0
2021-09-21,3.635,3.635,3.635,3.635,0.0,3.635,0
2021-09-22,3.652,3.652,3.652,3.652,0.0,3.652,0
2021-09-23,3.659,3.659,3.659,3.659,0.0,3.659,0
2021-09-24,3.53,3.53,3.53,3.53,0.0,3.53,0
2021-09-27,3.443,3.443,3.443,3.443,0.0,3.443,0
2021-09-28,3.336,3.336,3.336,3.336,0.0,3.336,0
2021-09-29,3.302,3.302,3.302,3.302,0.0,3.302,0
2021-09-30,3.299,3.299,3.299,3.299,0.0,3.299,0
2021-10-01,3.289,3.289,3.289,3.289,0.0,3.289,0
2021-10-04,3.286,3.286,3.286,3.286,0.0,3.286,0
2021-10-05,3.301,3.301,3.301,3.301,0.0,3.301,0
2021-10-06,3.316,3.316,3.316,3.316,0.0,3.316,0
2021-10-07,3.316,3.316,3.316,3.316,0.0,3.316,0
2021-10-08,3.357,3.357,3.357,3.357,0.0,3.357,0
2021-10-11,3.333,3.333,3.333,3.333,0.0,3.333,0
2021-10-12,3.335,3.335,3.335,3.335,0.0,3.335,0
2021-10-13,3.34,3.34,3.34,3.34,0.0,3.34,0
2021-10-14,3.375,3.375,3.375,3.375,0.0,3.375,0
2021-10-15,3.386,3.386,3.386,3.386,0.0,3.386,0
2021-10-18,3.392,3.392,3.392,3.392,0.0,3.392,0
2021-10-19,3.389,3.389,3.389,3.389,0.0,3.389,0
2021-10-20,3.392,3.392,3.392,3.392,0.0,3.392,0
2021-10-21,3.388,3.388,3.388,3.388,0.0,3.388,0
2021-10-22,3.393,3.393,3.393,3.393,0.0,3.393,0
2021-10-25,3.436,3.436,3.436,3.436,0.0,3.436,0
2021-10-26,3.414,3.414,3.414,3.414,0.0,3.414,0
2021-10-27,3.351,3.351,3.351,3.351,0.0,3.351,0
2021-10-28,3.357,3.357,3.357,3.357,0.0,3.357,0
2021-10-29,3.308,3.308,3.308,3.308,0.0,3.308,0
2021-11-01,3.203,3.203,3.203,3.203,0.0,3.203,0
2021-11-02,3.264,3.264,3.264,3.264,0.0,3.264,0
2021-11-03,3.258,3.258,3.258,3.258,0.0,3.258,0
2021-11-04,3.282,3.282,3.282,3.282,0.0,3.282,0
2021-11-05,3.322,3.322,3.322,3.322,0.0,3.322,0
2021-11-08,3.425,3.425,3.425,3.425,0.0,3.425,0
2021-11-09,3.421,3.421,3.421,3.421,0.0,3.421,0
2021-11-10,3.447,3.447,3.447,3.447,0.0,3.447,0
2021-11-11,3.464,3.464,3.464,3.464,0.0,3.464,0
2021-11-12,3.395,3.395,3.395,3.395,0.0,3.395,0
2021-11-15,3.408,3.408,3.408,3.408,0.0,3.408,0
2021-11-16,3.479,3.479,3.479,3.479,0.0,3.479,0
2021-11-17,3.41,3.41,3.41,3.41,0.0,3.41,0
2021-11-18,3.398,3.398,3.398,3.398,0.0,3.398,0
2021-11-19,3.362,3.362,3.362,3.362,0.0,3.362,0
2021-11-22,3.344,3.344,3.344,3.344,0.0,3.344,0
2021-11-23,3.391,3.391,3.391,3.391,0.0,3.391,0
2021-11-24,3.389,3.389,3.389,3.389,0.0,3.389,0
2021-11-26,3.428,3.428,3.428,3.428,0.0,3.428,0
2021-11-29,3.42,3.42,3.42,3.42,0.0,3.42,0
2021-11-30,3.393,3.393,3.393,3.393,0.0,3.393,0
2021-12-01,3.401,3.401,3.401,3.401,0.0,3.401,0
2021-12-02,3.405,3.405,3.405,3.405,0.0,3.405,0
2021-12-03,3.415,3.415,3.415,3.415,0.0,3.415,0
2021-12-06,3.387,3.387,3.387,3.387,0.0,3.387,0
2021-12-07,3.391,3.391,3.391,3.391,0.0,3.391,0
2021-12-08,3.285,3.285,3.285,3.285,0.0,3.285,0
2021-12-09,3.202,3.202,3.202,3.202,0.0,3.202,0
2021-12-10,3.203,3.203,3.203,3.203,0.0,3.203,0
2021-12-13,3.107,3.107,3.107,3.107,0.0,3.107,0
2021-12-14,3.226,3.226,3.226,3.226,0.0,3.226,0
2021-12-15,3.388,3.388,3.388,3.388,0.0,3.388,0
2021-12-16,3.353,3.353,3.353,3.353,0.0,3.353,0
2021-12-17,3.366,3.366,3.366,3.366,0.0,3.366,0
2021-12-20,3.381,3.381,3.381,3.381,0.0,3.381,0
2021-12-21,3.365,3.365,3.365,3.365,0.0,3.365,0
2021-12-22,3.366,3.366,3.366,3.366,0.0,3.366,0
2021-12-23,3.329,3.329,3.329,3.329,0.0,3.329,0
2021-12-27,3.315,3.315,3.315,3.315,0.0,3.315,0
2021-12-28,3.338,3.338,3.338,3.338,0.0,3.338,0
2021-12-29,3.36,3.36,3.36,3.36,0.0,3.36,0
2021-12-30,3.348,3.348,3.348,3.348,0.0,3.348,0
2021-12-31,3.42,3.42,3.42,3.42,0.0,3.42,0
2022-01-03,3.387,3.387,3.387,3.387,0.0,3.387,0
2022-01-04,3.386,3.386,3.386,3.386,0.0,3.386,0
2022-01-05,3.361,3.361,3.361,3.361,0.0,3.361,0
2022-01-06,3.375,3.375,3.375,3.375,0.0,3.375,0
2022-01-07,3.408,3.408,3.408,3.408,0.0,3.408,0
2022-01-10,3.413,3.413,3.413,3.413,0.0,3.413,0
2022-01-11,3.402,3.402,3.402,3.402,0.0,3.402,0
2022-01-12,3.377,3.377,3.377,3.377,0.0,3.377,0
2022-01-13,3.38,3.38,3.38,3.38,0.0,3.38,0
2022-01-14,3.356,3.356,3.356,3.356,0.0,3.356,0
2022-01-18,3.375,3.375,3.375,3.375,0.0,3.375,0
2022-01-19,3.422,3.422,3.422,3.422,0.0,3.422,0
2022-01-20,3.425,3.425,3.425,3.425,0.0,3.425,0
2022-01-21,3.413,3.413,3.413,3.413,0.0,3.413,0
2022-01-24,3.402,3.402,3.402,3.402,0.0,3.402,0
2022-01-25,3.422,3.422,3.422,3.422,0.0,3.422,0
2022-01-26,3.423,3.423,3.423,3.423,0.0,3.423,0
2022-01-27,3.408,3.408,3.408,3.408,0.0,3.408,0
2022-01-28,3.401,3.401,3.401,3.401,0.0,3.401,0
2022-01-31,3.366,3.366,3.366,3.366,0.0,3.366,0
2022-02-01,3.351,3.351,3.351,3.351,0.0,3.351,0
2022-02-02,3.37,3.37,3.37,3.37,0.0,3.37,0
2022-02-03,3.361,3.361,3.361,3.361,0.0,3.361,0
2022-02-04,3.391,3.391,3.391,3.391,0.0,3.391,0
2022-02-07,3.407,3.407,3.407,3.407,0.0,3.407,0
2022-02-08,3.399,3.399,3.399,3.399,0.0,3.399,0
2022-02-09,3.394,3.394,3.394,3.394,0.0,3.394,0
2022-02-10,3.401,3.401,3.401,3.401,0.0,3.401,0
2022-02-11,3.441,3.441,3.441,3.441,0.0,3.441,0
2022-02-14,3.482,3.482,3.482,3.482,0.0,3.482,0
2022-02-15,3.47,3.47,3.47,3.47,0.0,3.47,0
2022-02-16,3.499,3.499,3.499,3.499,0.0,3.499,0
2022-02-17,3.492,3.492,3.492,3.492,0.0,3.492,0
2022-02-18,3.492,3.492,3.492,3.492,0.0,3.492,0
2022-02-22,3.537,3.537,3.537,3.537,0.0,3.537,0
2022-02-23,3.623,3.623,3.623,3.623,0.0,3.623,0
2022-02-24,3.666,3.666,3.666,3.666,0.0,3.666,0
2022-02-25,3.583,3.583,3.583,3.583,0.0,3.583,0
2022-02-28,3.66,3.66,3.66,3.66,0.0,3.66,0
2022-03-01,3.731,3.731,3.731,3.731,0.0,3.731,0
2022-03-02,3.798,3.798,3.798,3.798,0.0,3.798,0
2022-03-03,3.741,3.741,3.741,3.741,0.0,3.741,0
2022-03-04,3.794,3.794,3.794,3.794,0.0,3.794,0
2022-03-07,4.022,4.022,4.022,4.022,0.0,4.022,0
2022-03-08,4.099,4.099,4.099,4.099,0.0,4.099,0
2022-03-09,4.078,4.078,4.078,4.078,0.0,4.078,0
2022-03-10,3.994,3.994,3.994,3.994,0.0,3.994,0
2022-03-11,3.975,3.975,3.975,3.975,0.0,3.975,0
2022-03-14,4.018,4.018,4.018,4.018,0.0,4.018,0
2022-03-15,4.0,4.0,4.0,4.0,0.0,4.0,0
2022-03-16,4.011,4.011,4.011,4.011,0.0,4.011,0
2022-03-17,4.028,4.028,4.028,4.028,0.0,4.028,0
2022-03-18,3.98,3.98,3.98,3.98,0.0,3.98,0
2022-03-21,3.966,3.966,3.966,3.966,0.0,3.966,0
2022-03-22,3.977,3.977,3.977,3.977,0.0,3.977,0
2022-03-23,3.988,3.988,3.988,3.988,0.0,3.988,0
2022-03-24,4.014,4.014,4.014,4.014,0.0,4.014,0
2022-03-25,4.06,4.06,4.06,4.06,0.0,4.06,0
2022-03-28,4.152,4.152,4.152,4.152,0.0,4.152,0
2022-03-29,4.166,4.166,4.166,4.166,0.0,4.166,0
2022-03-30,4.279,4.279,4.279,4.279,0.0,4.279,0
2022-03-31,4.372,4.372,4.372,4.372,0.0,4.372,0
2022-04-01,4.429,4.429,4.429,4.429,0.0,4.429,0
2022-04-04,4.496,4.496,4.496,4.496,0.0,4.496,0
2022-04-05,4.514,4.514,4.514,4.514,0.0,4.514,0
2022-04-06,4.541,4.541,4.541,4.541,0.0,4.541,0
2022-04-07,4.568,4.568,4.568,4.568,0.0,4.568,0
2022-04-08,4.541,4.541,4.541,4.541,0.0,4.541,0
2022-04-11,4.59,4.59,4.59,4.59,0.0,4.59,0
2022-04-12,4.612,4.612,4.612,4.612,0.0,4.612,0
2022-04-13,4.65,4.65,4.65,4.65,0.0,4.65,0
2022-04-14,4.652,4.652,4.652,4.652,0.0,4.652,0
2022-04-18,4.667,4.667,4.667,4.667,0.0,4.667,0
2022-04-19,4.645,4.645,4.645,4.645,0.0,4.645,0
2022-04-20,4.636,4.636,4.636,4.636,0.0,4.636,0
2022-04-21,4.559,4.559,4.559,4.559,0.0,4.559,0
2022-04-22,4.386,4.386,4.386,4.386,0.0,4.386,0
2022-04-25,4.401,4.401,4.401,4.401,0.0,4.401,0
2022-04-26,4.466,4.466,4.466,4.466,0.0,4.466,0
2022-04-27,4.525,4.525,4.525,4.525,0.0,4.525,0
2022-04-28,4.516,4.516,4.516,4.516,0.0,4.516,0
2022-04-29,4.509,4.509,4.509,4.509,0.0,4.509,0
2022-05-02,4.348,4.348,4.348,4.348,0.0,4.348,0
2022-05-03,4.376,4.376,4.376,4.376,0.0,4.376,0
2022-05-04,4.426,4.426,4.426,4.426,0.0,4.426,0
2022-05-05,4.459,4.459,4.459,4.459,0.0,4.459,0
2022-05-06,4.425,4.425,4.425,4.425,0.0,4.425,0
2022-05-09,4.348,4.348,4.348,4.348,0.0,4.348,0
2022-05-10,4.386,4.386,4.386,4.386,0.0,4.386,0
2022-05-11,4.445,4.445,4.445,4.445,0.0,4.445,0
2022-05-12,4.455,4.455,4.455,4.455,0.0,4.455,0
2022-05-13,4.529,4.529,4.529,4.529,0.0,4.529,0
2022-05-16,4.559,4.559,4.559,4.559,0.0,4.559,0
2022-05-17,4.698,4.698,4.698,4.698,0.0,4.698,0
2022-05-18,4.62,4.62,4.62,4.62,0.0,4.62,0
2022-05-19,4.559,4.559,4.559,4.559,0.0,4.559,0
2022-05-20,4.568,4.568,4.568,4.568,0.0,4.568,0
2022-05-23,4.609,4.609,4.609,4.609,0.0,4.609,0
2022-05-24,4.677,4.677,4.677,4.677,0.0,4.677,0
2022-05-25,4.708,4.708,4.708,4.708,0.0,4.708,0
2022-05-26,4.737,4.737,4.737,4.737,0.0,4.737,0
2022-05-27,4.761,4.761,4.761,4.761,0.0,4.761,0
2022-05-31,4.692,4.692,4.692,4.692,0.0,4.692,0
2022-06-01,4.744,4.744,4.744,4.744,0.0,4.744,0
2022-06-02,4.75,4.75,4.75,4.75,0.0,4.75,0
2022-06-03,4.797,4.797,4.797,4.797,0.0,4.797,0
2022-06-06,4.781,4.781,4.781,4.781,0.0,4.781,0
2022-06-07,4.861,4.861,4.861,4.861,0.0,4.861,0
2022-06-08,4.916,4.916,4.916,4.916,0.0,4.916,0
2022-06-09,5.002,5.002,5.002,5.002,0.0,5.002,0
2022-06-10,4.992,4.992,4.992,4.992,0.0,4.992,0
2022-06-13,4.935,4.935,4.935,4.935,0.0,4.935,0
2022-06-14,4.857,4.857,4.857,4.857,0.0,4.857,0
2022-06-15,4.918,4.918,4.918,4.918,0.0,4.918,0
2022-06-16,4.932,4.932,4.932,4.932,0.0,4.932,0
2022-06-17,4.829,4.829,4.829,4.829,0.0,4.829,0
2022-06-21,4.816,4.816,4.816,4.816,0.0,4.816,0
2022-06-22,4.871,4.871,4.871,4.871,0.0,4.871,0
2022-06-23,4.943,4.943,4.943,4.943,0.0,4.943,0
2022-06-24,4.719,4.719,4.719,4.719,0.0,4.719,0
2022-06-27,4.761,4.761,4.761,4.761,0.0,4.761,0
2022-06-28,4.731,4.731,4.731,4.731,0.0,4.731,0
2022-06-29,4.681,4.681,4.681,4.681,0.0,4.681,0
2022-06-30,4.426,4.426,4.426,4.426,0.0,4.426,0
2022-07-01,4.514,4.514,4.514,4.514,0.0,4.514,0
2022-07-04,4.514,4.514,4.514,4.514,0.0,4.514,0
2022-07-05,4.364,4.364,4.364,4.364,0.0,4.364,0
2022-07-06,4.456,4.456,4.456,4.456,0.0,4.456,0
2022-07-07,4.516,4.516,4.516,4.516,0.0,4.516,0
2022-07-08,4.515,4.515,4.515,4.515,0.0,4.515,0
2022-07-11,4.549,4.549,4.549,4.549,0.0,4.549,0
2022-07-12,4.451,4.451,4.451,4.451,0.0,4.451,0
2022-07-13,4.513,4.513,4.513,4.513,0.0,4.513,0
2022-07-14,4.469,4.469,4.469,4.469,0.0,4.469,0
2022-07-15,4.543,4.543,4.543,4.543,0.0,4.543,0
2022-07-18,4.443,4.443,4.443,4.443,0.0,4.443,0
2022-07-19,4.47,4.47,4.47,4.47,0.0,4.47,0
2022-07-20,4.613,4.613,4.613,4.613,0.0,4.613,0
2022-07-21,4.518,4.518,4.518,4.518,0.0,4.518,0
2022-07-22,4.522,4.522,4.522,4.522,0.0,4.522,0
2022-07-25,4.628,4.628,4.628,4.628,0.0,4.628,0
2022-07-26,4.655,4.655,4.655,4.655,0.0,4.655,0
2022-07-27,4.653,4.653,4.653,4.653,0.0,4.653,0
2022-07-28,4.629,4.629,4.629,4.629,0.0,4.629,0
2022-07-29,4.725,4.725,4.725,4.725,0.0,4.725,0
2022-08-01,4.708,4.708,4.708,4.708,0.0,4.708,0
2022-08-02,4.71,4.71,4.71,4.71,0.0,4.71,0
2022-08-03,4.742,4.742,4.742,4.742,0.0,4.742,0
2022-08-04,4.711,4.711,4.711,4.711,0.0,4.711,0
2022-08-05,4.667,4.667,4.667,4.667,0.0,4.667,0
2022-08-08,4.629,4.629,4.629,4.629,0.0,4.629,0
2022-08-09,4.666,4.666,4.666,4.666,0.0,4.666,0
2022-08-10,4.696,4.696,4.696,4.696,0.0,4.696,0
2022-08-11,4.779,4.779,4.779,4.779,0.0,4.779,0
2022-08-12,4.767,4.767,4.767,4.767,0.0,4.767,0
2022-08-15,4.851,4.851,4.851,4.851,0.0,4.851,0
2022-08-16,4.89,4.89,4.89,4.89,0.0,4.89,0
2022-08-17,4.873,4.873,4.873,4.873,0.0,4.873,0
2022-08-18,4.879,4.879,4.879,4.879,0.0,4.879,0
2022-08-19,4.895,4.895,4.895,4.895,0.0,4.895,0
2022-08-22,4.954,4.954,4.954,4.954,0.0,4.954,0
2022-08-23,4.961,4.961,4.961,4.961,0.0,4.961,0
2022-08-24,5.032,5.032,5.032,5.032,0.0,5.032,0
2022-08-25,5.094,5.094,5.094,5.094,0.0,5.094,0
2022-08-26,5.246,5.246,5.246,5.246,0.0,5.246,0
2022-08-29,5.35,5.35,5.35,5.35,0.0,5.35,0
2022-08-30,5.357,5.357,5.357,5.357,0.0,5.357,0
2022-08-31,5.483,5.483,5.483,5.483,0.0,5.483,0
2022-09-01,5.465,5.465,5.465,5.465,0.0,5.465,0
2022-09-02,5.646,5.646,5.646,5.646,0.0,5.646,0
2022-09-05,5.646,5.646,5.646,5.646,0.0,5.646,0
2022-09-06,5.702,5.702,5.702,5.702,0.0,5.702,0
2022-09-07,5.562,5.562,5.562,5.562,0.0,5.562,0
2022-09-08,5.534,5.534,5.534,5.534,0.0,5.534,0
2022-09-09,5.585,5.585,5.585,5.585,0.0,5.585,0
2022-09-12,5.53,5.53,5.53,5.53,0.0,5.53,0
2022-09-13,5.624,5.624,5.624,5.624,0.0,5.624,0
2022-09-14,5.683,5.683,5.683,5.683,0.0,5.683,0
2022-09-15,5.637,5.637,5.637,5.637,0.0,5.637,0
2022-09-16,5.532,5.532,5.532,5.532,0.0,5.532,0
2022-09-19,5.488,5.488,5.488,5.488,0.0,5.488,0
2022-09-20,5.419,5.419,5.419,5.419,0.0,5.419,0
2022-09-21,5.135,5.135,5.135,5.135,0.0,5.135,0
2022-09-22,4.943,4.943,4.943,4.943,0.0,4.943,0
2022-09-23,4.949,4.949,4.949,4.949,0.0,4.949,0
2022-09-26,4.868,4.868,4.868,4.868,0.0,4.868,0
2022-09-27,4.7,4.7,4.7,4.7,0.0,4.7,0
2022-09-28,4.636,4.636,4.636,4.636,0.0,4.636,0
2022-09-29,4.621,4.621,4.621,4.621,0.0,4.621,0
2022-09-30,4.627,4.627,4.627,4.627,0.0,4.627,0
2022-10-03,4.516,4.516,4.516,4.516,0.0,4.516,0
2022-10-04,4.566,4.566,4.566,4.566,0.0,4.566,0
2022-10-05,4.563,4.563,4.563,4.563,0.0,4.563,0
2022-10-06,4.59,4.59,4.59,4.59,0.0,4.59,0
2022-10-07,4.59,4.59,4.59,4.59,0.0,4.59,0
2022-10-10,4.612,4.612,4.612,4.612,0.0,4.612,0
2022-10-11,4.65,4.65,4.65,4.65,0.0,4.65,0
2022-10-12,4.629,4.629,4.629,4.629,0.0,4.629,0
2022-10-13,4.622,4.622,4.622,4.622,0.0,4.622,0
2022-10-14,4.645,4.645,4.645,4.645,0.0,4.645,0
2022-10-17,4.618,4.618,4.618,4.618,0.0,4.618,0
2022-10-18,4.583,4.583,4.583,4.583,0.0,4.583,0
2022-10-19,4.558,4.558,4.558,4.558,0.0,4.558,0
2022-10-20,4.756,4.756,4.756,4.756,0.0,4.756,0
2022-10-21,4.73,4.73,4.73,4.73,0.0,4.73,0
2022-10-24,4.711,4.711,4.711,4.711,0.0,4.711,0
2022-10-25,4.726,4.726,4.726,4.726,0.0,4.726,0
2022-10-26,4.743,4.743,4.743,4.743,0.0,4.743,0
2022-10-27,4.736,4.736,4.736,4.736,0.0,4.736,0
2022-10-28,4.876,4.876,4.876,4.876,0.0,4.876,0
2022-10-31,4.87,4.87,4.87,4.87,0.0,4.87,0
2022-11-01,4.835,4.835,4.835,4.835,0.0,4.835,0
2022-11-02,4.937,4.937,4.937,4.937,0.0,4.937,0
2022-11-03,4.962,4.962,4.962,4.962,0.0,4.962,0
2022-11-04,5.076,5.076,5.076,5.076,0.0,5.076,0
2022-11-07,5.12,5.12,5.12,5.12,0.0,5.12,0
2022-11-08,5.08,5.08,5.08,5.08,0.0,5.08,0
2022-11-09,5.094,5.094,5.094,5.094,0.0,5.094,0
2022-11-10,5.094,5.094,5.094,5.094,0.0,5.094,0
2022-11-11,5.067,5.067,5.067,5.067,0.0,5.067,0
2022-11-14,5.036,5.036,5.036,5.036,0.0,5.036,0
2022-11-15,5.032,5.032,5.032,5.032,0.0,5.032,0
2022-11-16,5.047,5.047,5.047,5.047,0.0,5.047,0
2022-11-17,5.032,5.032,5.032,5.032,0.0,5.032,0
2022-11-18,5.015,5.015,5.015,5.015,0.0,5.015,0
2022-11-21,4.97,4.97,4.97,4.97,0.0,4.97,0
2022-11-22,4.954,4.954,4.954,4.954,0.0,4.954,0
2022-11-23,5.09,5.09,5.09,5.09,0.0,5.09,0
2022-11-24,5.09,5.09,5.09,5.09,0.0,5.09,0
2022-11-25,5.084,5.084,5.084,5.084,0.0,5.084,0
2022-11-28,5.152,5.152,5.152,5.152,0.0,5.152,0
2022-11-29,5.126,5.126,5.126,5.126,0.0,5.126,0
2022-11-30,5.113,5.113,5.113,5.113,0.0,5.113,0
2022-12-01,5.093,5.093,5.093,5.093,0.0,5.093,0
2022-12-02,5.089,5.089,5.089,5.089,0.0,5.089,0
2022-12-05,5.097,5.097,5.097,5.097,0.0,5.097,0
2022-12-06,5.11,5.11,5.11,5.11,0.0,5.11,0
2022-12-07,5.115,5.115,5.115,5.115,0.0,5.115,0
2022-12-08,5.175,5.175,5.175,5.175,0.0,5.175,0
2022-12-09,5.179,5.179,5.179,5.179,0.0,5.179,0
2022-12-12,5.263,5.263,5.263,5.263,0.0,5.263,0
2022-12-13,5.251,5.251,5.251,5.251,0.0,5.251,0
2022-12-14,5.169,5.169,5.169,5.169,0.0,5.169,0
2022-12-15,5.21,5.21,5.21,5.21,0.0,5.21,0
2022-12-16,5.263,5.263,5.263,5.263,0.0,5.263,0
2022-12-19,5.239,5.239,5.239,5.239,0.0,5.239,0
2022-12-20,5.234,5.234,5.234,5.234,0.0,5.234,0
2022-12-21,5.146,5.146,5.146,5.146,0.0,5.146,0
2022-12-22,5.063,5.063,5.063,5.063,0.0,5.063,0
2022-12-23,5.076,5.076,5.076,5.076,0.0,5.076,0
2022-12-27,5.162,5.162,5.162,5.162,0.0,5.162,0
2022-12-28,5.084,5.084,5.084,5.084,0.0,5.084,0
2022-12-29,5.075,5.075,5.075,5.075,0.0,5.075,0
2022-12-30,5.084,5.084,5.084,5.084,0.0,5.084,0
2023-01-03,5.03,5.03,5.03,5.03,0.0,5.03,0
2023-01-04,5.033,5.033,5.033,5.033,0.0,5.033,0
2023-01-05,4.945,4.945,4.945,4.945,0.0,4.945,0
2023-01-06,4.889,4.889,4.889,4.889,0.0,4.889,0
2023-01-09,4.897,4.897,4.897,4.897,0.0,4.897,0
2023-01-10,4.921,4.921,4.921,4.921,0.0,4.921,0
2023-01-11,4.887,4.887,4.887,4.887,0.0,4.887,0
2023-01-12,4.886,4.886,4.886,4.886,0.0,4.886,0
2023-01-13,4.895,4.895,4.895,4.895,0.0,4.895,0
2023-01-16,4.895,4.895,4.895,4.895,0.0,4.895,0
2023-01-17,4.911,4.911,4.911,4.911,0.0,4.911,0
2023-01-18,4.956,4.956,4.956,4.956,0.0,4.956,0
2023-01-19,4.996,4.996,4.996,4.996,0.0,4.996,0
2023-01-20,4.96,4.96,4.96,4.96,0.0,4.96,0
2023-01-23,4.807,4.807,4.807,4.807,0.0,4.807,0
2023-01-24,4.776,4.776,4.776,4.776,0.0,4.776,0
2023-01-25,4.719,4.719,4.719,4.719,0.0,4.719,0
2023-01-26,4.726,4.726,4.726,4.726,0.0,4.726,0
2023-01-27,4.717,4.717,4.717,4.717,0.0,4.717,0
2023-01-30,4.638,4.638,4.638,4.638,0.0,4.638,0
2023-01-31,4.659,4.659,4.659,4.659,0.0,4.659,0
2023-02-01,4.33,4.33,4.33,4.33,0.0,4.33,0
2023-02-02,4.31,4.31,4.31,4.31,0.0,4.31,0
2023-02-03,4.261,4.261,4.261,4.261,0.0,4.261,0
2023-02-10,4.316,4.316,4.316,4.316,0.0,4.316,0
2023-02-13,4.259,4.259,4.259,4.259,0.0,4.259,0
2023-02-14,4.26,4.26,4.26,4.26,0.0,4.26,0
2023-02-15,4.255,4.255,4.255,4.255,0.0,4.255,0
2023-02-16,4.255,4.255,4.255,4.255,0.0,4.255,0
2023-02-17,4.241,4.241,4.241,4.241,0.0,4.241,0
2023-02-20,4.241,4.241,4.241,4.241,0.0,4.241,0
2023-02-21,4.241,4.241,4.241,4.241,0.0,4.241,0
2023-02-22,4.252,4.252,4.252,4.252,0.0,4.252,0
2023-02-23,4.286,4.286,4.286,4.286,0.0,4.286,0
2023-02-24,4.345,4.345,4.345,4.345,0.0,4.345,0
2023-02-27,4.387,4.387,4.387,4.387,0.0,4.387,0
2023-02-28,4.435,4.435,4.435,4.435,0.0,4.435,0
2023-03-01,4.516,4.516,4.516,4.516,0.0,4.516,0
2023-03-02,4.524,4.524,4.524,4.524,0.0,4.524,0
2023-03-03,4.564,4.564,4.564,4.564,0.0,4.564,0
2023-03-06,4.598,4.598,4.598,4.598,0.0,4.598,0
2023-03-07,4.599,4.599,4.599,4.599,0.0,4.599,0
2023-03-08,4.59,4.59,4.59,4.59,0.0,4.59,0
2023-03-09,4.258,4.258,4.258,4.258,0.0,4.258,0
2023-03-10,4.359,4.359,4.359,4.359,0.0,4.359,0
2023-03-13,4.37,4.37,4.37,4.37,0.0,4.37,0
2023-03-14,4.451,4.451,4.451,4.451,0.0,4.451,0
2023-03-15,4.503,4.503,4.503,4.503,0.0,4.503,0
2023-03-16,4.545,4.545,4.545,4.545,0.0,4.545,0
2023-03-17,4.538,4.538,4.538,4.538,0.0,4.538,0
2023-03-20,4.497,4.497,4.497,4.497,0.0,4.497,0
2023-03-21,4.546,4.546,4.546,4.546,0.0,4.546,0
2023-03-22,4.5,4.5,4.5,4.5,0.0,4.5,0
2023-03-23,4.535,4.535,4.535,4.535,0.0,4.535,0
2023-03-24,4.478,4.478,4.478,4.478,0.0,4.478,0
2023-03-27,4.457,4.457,4.457,4.457,0.0,4.457,0
2023-03-28,4.431,4.431,4.431,4.431,0.0,4.431,0
2023-03-29,4.458,4.458,4.458,4.458,0.0,4.458,0
2023-03-30,4.466,4.466,4.466,4.466,0.0,4.466,0
2023-03-31,4.459,4.459,4.459,4.459,0.0,4.459,0
2023-04-03,4.467,4.467,4.467,4.467,0.0,4.467,0
2023-04-04,4.479,4.479,4.479,4.479,0.0,4.479,0
2023-04-05,4.452,4.452,4.452,4.452,0.0,4.452,0
2023-04-06,4.408,4.408,4.408,4.408,0.0,4.408,0
2023-04-10,4.47,4.47,4.47,4.47,0.0,4.47,0
2023-04-11,4.48,4.48,4.48,4.48,0.0,4.48,0
2023-04-12,4.406,4.406,4.406,4.406,0.0,4.406,0
2023-04-13,4.374,4.374,4.374,4.374,0.0,4.374,0
2023-04-14,4.394,4.394,4.394,4.394,0.0,4.394,0
2023-04-17,4.46,4.46,4.46,4.46,0.0,4.46,0
2023-04-18,4.458,4.458,4.458,4.458,0.0,4.458,0
2023-04-19,4.48,4.48,4.48,4.48,0.0,4.48,0
2023-04-20,4.512,4.512,4.512,4.512,0.0,4.512,0
2023-04-21,4.519,4.519,4.519,4.519,0.0,4.519,0
2023-04-24,4.469,4.469,4.469,4.469,0.0,4.469,0
2023-04-25,4.467,4.467,4.467,4.467,0.0,4.467,0
2023-04-26,4.48,4.496,4.48,4.496,45.0,4.48,1
2023-04-27,4.5,4.5,4.5,4.5,0.0,4.5,0
2023-04-28,4.501,4.501,4.501,4.501,0.0,4.501,0
2023-05-01,4.458,4.458,4.458,4.458,0.0,4.458,0
2023-05-02,4.454,4.454,4.454,4.454,0.0,4.454,0
2023-05-03,4.531,4.531,4.531,4.531,0.0,4.531,0
2023-05-04,4.538,4.538,4.538,4.538,0.0,4.538,0
2023-05-05,4.47,4.47,4.47,4.47,0.0,4.47,0
2023-05-08,4.438,4.438,4.438,4.438,0.0,4.438,0
2023-05-09,4.421,4.421,4.421,4.421,0.0,4.421,0
2023-05-10,4.437,4.437,4.437,4.437,0.0,4.437,0
2023-05-11,4.326,4.326,4.326,4.326,0.0,4.326,0
2023-05-12,4.303,4.303,4.303,4.303,0.0,4.303,0
2023-05-15,4.307,4.307,4.307,4.307,0.0,4.307,0
2023-05-16,4.293,4.293,4.293,4.293,0.0,4.293,0
2023-05-17,4.217,4.217,4.217,4.217,0.0,4.217,0
2023-05-18,4.197,4.197,4.197,4.197,0.0,4.197,0
2023-05-19,4.128,4.128,4.128,4.128,0.0,4.128,0
2023-05-22,4.118,4.118,4.118,4.118,0.0,4.118,0
2023-05-23,4.106,4.106,4.106,4.106,0.0,4.106,0
2023-05-24,4.161,4.161,4.161,4.161,0.0,4.161,0
2023-05-25,4.094,4.094,4.094,4.094,0.0,4.094,0
2023-05-26,4.122,4.122,4.122,4.122,0.0,4.122,0
2023-05-29,4.122,4.122,4.122,4.122,0.0,4.122,0
2023-05-30,4.082,4.082,4.082,4.082,0.0,4.082,0
2023-05-31,4.047,4.047,4.047,4.047,0.0,4.047,0
2023-06-01,3.905,3.905,3.905,3.905,0.0,3.905,0
2023-06-02,3.945,3.945,3.945,3.945,0.0,3.945,0
2023-06-05,4.015,4.015,4.015,4.015,0.0,4.015,0
2023-06-06,4.012,4.012,4.012,4.012,0.0,4.012,0
2023-06-07,3.986,3.986,3.986,3.986,0.0,3.986,0
2023-06-08,3.957,3.957,3.957,3.957,0.0,3.957,0
2023-06-09,3.962,3.962,3.962,3.962,0.0,3.962,0
2023-06-12,3.959,3.959,3.959,3.959,0.0,3.959,0
2023-06-13,3.924,3.924,3.924,3.924,0.0,3.924,0
2023-06-14,3.962,3.962,3.962,3.962,0.0,3.962,0
2023-06-15,3.934,3.934,3.934,3.934,0.0,3.934,0
2023-06-16,3.953,3.953,3.953,3.953,0.0,3.953,0
2023-06-19,3.953,3.953,3.953,3.953,0.0,3.953,0
2023-06-20,4.0,4.0,4.0,4.0,0.0,4.0,0
2023-06-21,4.066,4.066,4.066,4.066,0.0,4.066,0
2023-06-22,4.084,4.084,4.084,4.084,0.0,4.084,0
2023-06-23,3.978,3.978,3.978,3.978,0.0,3.978,0
2023-06-26,3.952,3.952,3.952,3.952,0.0,3.952,0
2023-06-27,4.012,4.012,4.012,4.012,0.0,4.012,0
2023-06-28,3.787,3.787,3.787,3.787,0.0,3.787,0
2023-06-29,3.746,3.746,3.746,3.746,0.0,3.746,0
2023-06-30,3.778,3.778,3.778,3.778,0.0,3.778,0
2023-07-03,3.779,3.779,3.779,3.779,0.0,3.779,0
2023-07-04,3.779,3.779,3.779,3.779,0.0,3.779,0
2023-07-05,3.769,3.769,3.769,3.769,0.0,3.769,0
2023-07-06,3.771,3.771,3.771,3.771,0.0,3.771,0
2023-07-07,3.756,3.756,3.756,3.756,0.0,3.756,0
2023-07-10,3.8,3.8,3.8,3.8,0.0,3.8,0
2023-07-11,3.869,3.869,3.869,3.869,0.0,3.869,0
2023-07-12,4.055,4.055,4.055,4.055,0.0,4.055,0
2023-07-13,3.851,3.851,3.851,3.851,0.0,3.851,0
2023-07-14,3.95,3.95,3.95,3.95,0.0,3.95,0
2023-07-17,3.935,3.935,3.935,3.935,0.0,3.935,0
2023-07-18,3.994,3.994,3.994,3.994,0.0,3.994,0
2023-07-19,4.003,4.003,4.003,4.003,0.0,4.003,0
2023-07-20,3.99,3.99,3.99,3.99,0.0,3.99,0
2023-07-21,4.008,4.008,4.008,4.008,0.0,4.008,0
2023-07-24,4.109,4.109,4.109,4.109,0.0,4.109,0
2023-07-25,4.123,4.123,4.123,4.123,0.0,4.123,0
2023-07-26,4.141,4.141,4.141,4.141,0.0,4.141,0
2023-07-27,4.132,4.132,4.132,4.132,0.0,4.132,0
2023-07-28,4.141,4.141,4.141,4.141,0.0,4.141,0
2023-07-31,4.07,4.07,4.07,4.07,0.0,4.07,0
2023-08-01,3.98,3.98,3.98,3.98,0.0,3.98,0
2023-08-02,3.997,3.997,3.997,3.997,0.0,3.997,0
2023-08-03,3.977,3.977,3.977,3.977,0.0,3.977,0
2023-08-04,3.985,3.985,3.985,3.985,0.0,3.985,0
2023-08-07,4.046,4.046,4.046,4.046,0.0,4.046,0
2023-08-08,4.094,4.094,4.094,4.094,0.0,4.094,0
2023-08-09,4.056,4.056,4.056,4.056,0.0,4.056,0
2023-08-10,4.041,4.041,4.041,4.041,0.0,4.041,0
2023-08-11,4.069,4.069,4.069,4.069,0.0,4.069,0
2023-08-14,4.016,4.016,4.016,4.016,0.0,4.016,0
2023-08-15,4.177,4.177,4.177,4.177,0.0,4.177,0
2023-08-16,4.197,4.197,4.197,4.197,0.0,4.197,0
2023-08-17,4.155,4.155,4.155,4.155,0.0,4.155,0
2023-08-18,4.036,4.036,4.036,4.036,0.0,4.036,0
2023-08-21,4.094,4.094,4.094,4.094,0.0,4.094,0
2023-08-22,4.098,4.098,4.098,4.098,0.0,4.098,0
2023-08-23,4.203,4.203,4.203,4.203,0.0,4.203,0
2023-08-24,4.096,4.096,4.096,4.096,0.0,4.096,0
2023-08-25,4.077,4.077,4.077,4.077,0.0,4.077,0
2023-08-28,4.066,4.066,4.066,4.066,0.0,4.066,0
2023-08-29,4.043,4.043,4.043,4.043,0.0,4.043,0
2023-08-30,4.098,4.098,4.098,4.098,0.0,4.098,0
2023-08-31,4.105,4.105,4.105,4.105,0.0,4.105,0
2023-09-01,4.104,4.104,4.104,4.104,0.0,4.104,0
2023-09-04,4.104,4.104,4.104,4.104,0.0,4.104,0
2023-09-05,4.05,4.05,4.05,4.05,0.0,4.05,0
2023-09-06,4.064,4.064,4.064,4.064,0.0,4.064,0
2023-09-07,4.056,4.056,4.056,4.056,0.0,4.056,0
2023-09-08,4.003,4.003,4.003,4.003,0.0,4.003,0
2023-09-11,3.895,3.895,3.895,3.895,0.0,3.895,0
2023-09-12,3.907,3.907,3.907,3.907,0.0,3.907,0
2023-09-13,3.968,3.968,3.968,3.968,0.0,3.968,0
2023-09-14,3.932,3.932,3.932,3.932,0.0,3.932,0
2023-09-15,3.921,3.921,3.921,3.921,0.0,3.921,0
2023-09-18,3.913,3.913,3.913,3.913,0.0,3.913,0
2023-09-19,3.769,3.769,3.769,3.769,0.0,3.769,0
2023-09-20,3.917,3.917,3.917,3.917,0.0,3.917,0
2023-09-21,3.998,3.998,3.998,3.998,0.0,3.998,0
2023-09-22,4.006,4.006,4.006,4.006,0.0,4.006,0
2023-09-25,4.079,4.079,4.079,4.079,0.0,4.079,0
2023-09-26,4.034,4.034,4.034,4.034,0.0,4.034,0
2023-09-27,3.987,3.987,3.987,3.987,0.0,3.987,0
2023-09-28,3.994,3.994,3.994,3.994,0.0,3.994,0
2023-09-29,4.04,4.04,4.04,4.04,0.0,4.04,0
2023-10-02,4.031,4.031,4.031,4.031,0.0,4.031,0
2023-10-03,4.156,4.156,4.156,4.156,0.0,4.156,0
2023-10-04,4.078,4.078,4.078,4.078,0.0,4.078,0
2023-10-05,3.982,3.982,3.982,3.982,0.0,3.982,0
2023-10-06,3.893,3.893,3.893,3.893,0.0,3.893,0
2023-10-09,3.816,3.816,3.816,3.816,0.0,3.816,0
2023-10-10,3.936,3.936,3.936,3.936,0.0,3.936,0
2023-10-11,3.86,3.86,3.86,3.86,0.0,3.86,0
2023-10-12,3.97,3.97,3.97,3.97,0.0,3.97,0
2023-10-13,3.904,3.904,3.904,3.904,0.0,3.904,0
2023-10-16,3.884,3.884,3.884,3.884,0.0,3.884,0
2023-10-17,3.913,3.913,3.913,3.913,0.0,3.913,0
2023-10-18,3.908,3.908,3.908,3.908,0.0,3.908,0
2023-10-19,3.927,3.927,3.927,3.927,0.0,3.927,0
2023-10-20,3.933,3.933,3.933,3.933,0.0,3.933,0
2023-10-23,3.937,3.937,3.937,3.937,0.0,3.937,0
2023-10-24,3.942,3.942,3.942,3.942,0.0,3.942,0
2023-10-25,3.95,3.95,3.95,3.95,0.0,3.95,0
2023-10-26,3.935,3.935,3.935,3.935,0.0,3.935,0
2023-10-27,3.955,3.955,3.955,3.955,0.0,3.955,0
2023-10-30,3.946,3.946,3.946,3.946,0.0,3.946,0
2023-10-31,3.989,3.989,3.989,3.989,0.0,3.989,0
2023-11-01,4.087,4.087,4.087,4.087,0.0,4.087,0
2023-11-02,4.147,4.147,4.147,4.147,0.0,4.147,0
2023-11-03,3.998,3.998,3.998,3.998,0.0,3.998,0
2023-11-06,4.023,4.023,4.023,4.023,0.0,4.023,0
2023-11-07,4.054,4.054,4.054,4.054,0.0,4.054,0
2023-11-08,3.931,3.931,3.931,3.931,0.0,3.931,0
2023-11-09,3.887,3.887,3.887,3.887,0.0,3.887,0
2023-11-10,3.833,3.833,3.833,3.833,0.0,3.833,0
2023-11-13,3.881,3.881,3.881,3.881,0.0,3.881,0
2023-11-14,3.895,3.895,3.895,3.895,0.0,3.895,0
2023-11-15,3.956,3.956,3.956,3.956,0.0,3.956,0
2023-11-16,3.957,3.957,3.957,3.957,0.0,3.957,0
2023-11-17,3.96,3.96,3.96,3.96,0.0,3.96,0
2023-11-20,3.947,3.947,3.947,3.947,0.0,3.947,0
2023-11-21,3.922,3.922,3.922,3.922,0.0,3.922,0
2023-11-22,3.909,3.909,3.909,3.909,0.0,3.909,0
2023-11-23,3.909,3.909,3.909,3.909,0.0,3.909,0
2023-11-24,3.969,3.969,3.969,3.969,0.0,3.969,0
2023-11-27,4.01,4.01,4.01,4.01,0.0,4.01,0
2023-11-28,3.955,3.955,3.955,3.955,0.0,3.955,0
2023-11-29,3.93,3.93,3.93,3.93,0.0,3.93,0
2023-11-30,3.949,3.949,3.949,3.949,0.0,3.949,0
2023-12-01,3.965,3.965,3.965,3.965,0.0,3.965,0
2023-12-04,3.931,3.931,3.931,3.931,0.0,3.931,0
2023-12-05,3.896,3.896,3.896,3.896,0.0,3.896,0
2023-12-06,3.706,3.706,3.706,3.706,0.0,3.706,0
2023-12-07,3.741,3.741,3.741,3.741,0.0,3.741,0
2023-12-08,3.767,3.767,3.767,3.767,0.0,3.767,0
2023-12-11,3.799,3.799,3.799,3.799,0.0,3.799,0
2023-12-12,3.848,3.848,3.848,3.848,0.0,3.848,0
2023-12-13,3.927,3.927,3.927,3.927,0.0,3.927,0
2023-12-14,3.937,3.937,3.937,3.937,0.0,3.937,0
2023-12-15,4.016,4.016,4.016,4.016,0.0,4.016,0
2023-12-18,4.013,4.013,4.013,4.013,0.0,4.013,0
2023-12-19,3.896,3.896,3.896,3.896,0.0,3.896,0
2023-12-20,3.967,3.967,3.967,3.967,0.0,3.967,0
2023-12-21,3.871,3.871,3.871,3.871,0.0,3.871,0
2023-12-22,4.009,4.009,4.009,4.009,0.0,4.009,0
2023-12-26,3.924,3.924,3.924,3.924,0.0,3.924,0
2023-12-27,3.943,3.943,3.943,3.943,0.0,3.943,0
2023-12-28,3.838,3.838,3.838,3.838,0.0,3.838,0
2023-12-29,3.828,3.828,3.828,3.828,0.0,3.828,0
2024-01-02,3.853,3.853,3.853,3.853,0.0,3.853,0
2024-01-03,4.004,4.004,4.004,4.004,0.0,4.004,0
2024-01-04,4.035,4.035,4.035,4.035,0.0,4.035,0
2024-01-05,4.037,4.037,4.037,4.037,0.0,4.037,0
2024-01-08,4.047,4.047,4.047,4.047,0.0,4.047,0
2024-01-09,4.124,4.124,4.124,4.124,0.0,4.124,0
2024-01-10,4.098,4.098,4.098,4.098,0.0,4.098,0
2024-01-11,4.001,4.001,4.001,4.001,0.0,4.001,0
2024-01-12,3.997,3.997,3.997,3.997,0.0,3.997,0
2024-01-15,3.997,3.997,3.997,3.997,0.0,3.997,0
2024-01-16,3.979,3.979,3.979,3.979,0.0,3.979,0
2024-01-17,4.027,4.027,4.027,4.027,0.0,4.027,0
2024-01-18,3.964,3.964,3.964,3.964,0.0,3.964,0
2024-01-19,3.951,3.951,3.951,3.951,0.0,3.951,0
2024-01-22,3.935,3.935,3.935,3.935,0.0,3.935,0
2024-01-23,4.048,4.048,4.048,4.048,0.0,4.048,0
2024-01-24,3.841,3.841,3.841,3.841,0.0,3.841,0
2024-01-25,3.741,3.741,3.741,3.741,0.0,3.741,0
2024-01-26,3.671,3.671,3.671,3.671,0.0,3.671,0
2024-01-29,3.578,3.578,3.578,3.578,0.0,3.578,0
2024-01-30,3.712,3.712,3.712,3.712,0.0,3.712,0
2024-01-31,3.71,3.71,3.71,3.71,0.0,3.71,0
2024-02-01,3.808,3.808,3.808,3.808,0.0,3.808,0
2024-02-02,3.881,3.881,3.881,3.881,0.0,3.881,0
2024-02-05,3.849,3.849,3.849,3.849,0.0,3.849,0
2024-02-06,3.867,3.867,3.867,3.867,0.0,3.867,0
2024-02-07,3.82,3.82,3.82,3.82,0.0,3.82,0
2024-02-08,3.76,3.76,3.76,3.76,0.0,3.76,0
2024-02-09,3.759,3.759,3.759,3.759,0.0,3.759,0
2024-02-12,3.756,3.756,3.756,3.756,0.0,3.756,0
2024-02-13,3.797,3.797,3.797,3.797,0.0,3.797,0
2024-02-14,3.769,3.769,3.769,3.769,0.0,3.769,0
2024-02-15,3.701,3.701,3.701,3.701,0.0,3.701,0
2024-02-16,3.681,3.681,3.681,3.681,0.0,3.681,0
2024-02-19,3.681,3.681,3.681,3.681,0.0,3.681,0
2024-02-20,3.693,3.693,3.693,3.693,0.0,3.693,0
2024-02-21,3.701,3.701,3.701,3.701,0.0,3.701,0
2024-02-22,3.795,3.795,3.795,3.795,0.0,3.795,0
2024-02-23,3.748,3.748,3.748,3.748,0.0,3.748,0
2024-02-26,3.752,3.752,3.752,3.752,0.0,3.752,0
2024-02-27,3.756,3.756,3.756,3.756,0.0,3.756,0
2024-02-28,3.776,3.776,3.776,3.776,0.0,3.776,0
2024-02-29,3.777,3.777,3.777,3.777,0.0,3.777,0
2024-03-01,3.749,3.749,3.749,3.749,0.0,3.749,0
2024-03-04,3.731,3.731,3.731,3.731,0.0,3.731,0
2024-03-05,3.763,3.763,3.763,3.763,0.0,3.763,0
2024-03-06,3.785,3.785,3.785,3.785,0.0,3.785,0
2024-03-07,3.789,3.789,3.789,3.789,0.0,3.789,0
2024-03-08,3.831,3.831,3.831,3.831,0.0,3.831,0
2024-03-11,3.847,3.847,3.847,3.847,0.0,3.847,0
2024-03-12,3.828,3.828,3.828,3.828,0.0,3.828,0
2024-03-13,3.825,3.825,3.825,3.825,0.0,3.825,0
2024-03-14,3.83,3.83,3.83,3.83,0.0,3.83,0
2024-03-15,3.821,3.821,3.821,3.821,0.0,3.821,0
2024-03-18,3.875,3.875,3.875,3.875,0.0,3.875,0
2024-03-19,3.861,3.861,3.861,3.861,0.0,3.861,0
2024-03-20,3.846,3.846,3.846,3.846,0.0,3.846,0
2024-03-21,3.812,3.812,3.812,3.812,0.0,3.812,0
2024-03-22,3.854,3.854,3.854,3.854,0.0,3.854,0
2024-03-25,3.786,3.786,3.786,3.786,0.0,3.786,0
2024-03-26,3.788,3.788,3.788,3.788,0.0,3.788,0
2024-03-27,3.773,3.773,3.773,3.773,0.0,3.773,0
2024-03-28,3.866,3.866,3.866,3.866,0.0,3.866,0
2024-04-01,3.905,3.905,3.905,3.905,0.0,3.905,0
2024-04-02,3.989,3.989,3.989,3.989,0.0,3.989,0
2024-04-03,4.06,4.06,4.06,4.06,0.0,4.06,0
2024-04-04,4.058,4.058,4.058,4.058,0.0,4.058,0
2024-04-05,4.065,4.065,4.065,4.065,0.0,4.065,0
2024-04-08,4.059,4.059,4.059,4.059,0.0,4.059,0
2024-04-09,4.013,4.013,4.013,4.013,0.0,4.013,0
2024-04-10,4.024,4.024,4.024,4.024,0.0,4.024,0
2024-04-11,4.092,4.092,4.092,4.092,0.0,4.092,0
2024-04-12,4.159,4.159,4.159,4.159,0.0,4.159,0
2024-04-15,4.244,4.244,4.244,4.244,0.0,4.244,0
2024-04-16,4.299,4.299,4.299,4.299,0.0,4.299,0
2024-04-17,4.286,4.286,4.286,4.286,0.0,4.286,0
2024-04-18,4.273,4.273,4.273,4.273,0.0,4.273,0
2024-04-19,4.288,4.288,4.288,4.288,0.0,4.288,0
2024-04-22,4.286,4.286,4.286,4.286,0.0,4.286,0
2024-04-23,4.26,4.26,4.26,4.26,0.0,4.26,0
2024-04-24,4.238,4.238,4.238,4.238,0.0,4.238,0
2024-04-25,4.262,4.262,4.262,4.262,0.0,4.262,0
2024-04-26,4.243,4.243,4.243,4.243,0.0,4.243,0
2024-04-29,4.212,4.212,4.212,4.212,0.0,4.212,0
2024-04-30,4.221,4.221,4.221,4.221,0.0,4.221,0
2024-05-01,4.219,4.219,4.219,4.219,0.0,4.219,0
2024-05-02,4.195,4.195,4.195,4.195,0.0,4.195,0
2024-05-03,4.197,4.197,4.197,4.197,0.0,4.197,0
2024-05-06,4.189,4.189,4.189,4.189,0.0,4.189,0
2024-05-07,4.132,4.132,4.132,4.132,0.0,4.132,0
2024-05-08,4.058,4.058,4.058,4.058,0.0,4.058,0
2024-05-09,3.973,3.973,3.973,3.973,0.0,3.973,0
2024-05-10,4.016,4.016,4.016,4.016,0.0,4.016,0
2024-05-13,4.031,4.031,4.031,4.031,0.0,4.031,0
2024-05-14,4.054,4.054,4.054,4.054,0.0,4.054,0
2024-05-15,4.087,4.087,4.087,4.087,0.0,4.087,0
2024-05-16,4.117,4.117,4.117,4.117,0.0,4.117,0
2024-05-17,4.188,4.188,4.188,4.188,0.0,4.188,0
2024-05-20,4.257,4.257,4.257,4.257,0.0,4.257,0
2024-05-21,4.284,4.284,4.284,4.284,0.0,4.284,0
2024-05-22,4.274,4.274,4.274,4.274,0.0,4.274,0
2024-05-23,4.262,4.262,4.262,4.262,0.0,4.262,0
2024-05-24,4.285,4.285,4.285,4.285,0.0,4.285,0
2024-05-27,4.285,4.285,4.285,4.285,0.0,4.285,0
2024-05-28,4.271,4.271,4.271,4.271,0.0,4.271,0
2024-05-29,4.197,4.197,4.197,4.197,0.0,4.197,0
2024-05-30,4.203,4.203,4.203,4.203,0.0,4.203,0
2024-05-31,4.143,4.143,4.143,4.143,0.0,4.143,0
2024-06-03,4.105,4.105,4.105,4.105,0.0,4.105,0
2024-06-04,3.868,3.868,3.868,3.868,0.0,3.868,0
2024-06-05,3.907,3.907,3.907,3.907,0.0,3.907,0
2024-06-06,3.879,3.879,3.879,3.879,0.0,3.879,0
2024-06-07,3.875,3.875,3.875,3.875,0.0,3.875,0
2024-06-10,3.918,3.918,3.918,3.918,0.0,3.918,0
2024-06-11,3.863,3.863,3.863,3.863,0.0,3.863,0
2024-06-12,3.828,3.828,3.828,3.828,0.0,3.828,0
2024-06-13,3.872,3.872,3.872,3.872,0.0,3.872,0
2024-06-14,3.975,3.975,3.975,3.975,0.0,3.975,0
2024-06-17,3.989,3.989,3.989,3.989,0.0,3.989,0
2024-06-18,4.03,4.03,4.03,4.03,0.0,4.03,0
2024-06-19,4.03,4.03,4.03,4.03,0.0,4.03,0
2024-06-20,3.98,3.98,3.98,3.98,0.0,3.98,0
2024-06-21,3.786,3.786,3.786,3.786,0.0,3.786,0
2024-06-24,3.744,3.744,3.744,3.744,0.0,3.744,0
2024-06-25,3.702,3.702,3.702,3.702,0.0,3.702,0
2024-06-26,3.725,3.725,3.725,3.725,0.0,3.725,0
2024-06-27,3.655,3.655,3.655,3.655,0.0,3.655,0
2024-06-28,3.69,3.69,3.69,3.69,0.0,3.69,0
2024-07-01,3.69,3.69,3.69,3.69,0.0,3.69,0
2024-07-02,3.682,3.682,3.682,3.682,0.0,3.682,0
2024-07-03,3.675,3.675,3.675,3.675,0.0,3.675,0
2024-07-04,3.675,3.675,3.675,3.675,0.0,3.675,0
2024-07-05,3.673,3.673,3.673,3.673,0.0,3.673,0
2024-07-08,3.651,3.651,3.651,3.651,0.0,3.651,0
2024-07-09,3.671,3.671,3.671,3.671,0.0,3.671,0
2024-07-10,3.699,3.699,3.699,3.699,0.0,3.699,0
2024-07-11,3.732,3.732,3.732,3.732,0.0,3.732,0
2024-07-12,3.797,3.797,3.797,3.797,0.0,3.797,0
2024-07-15,3.767,3.767,3.767,3.767,0.0,3.767,0
2024-07-16,3.739,3.739,3.739,3.739,0.0,3.739,0
2024-07-17,3.744,3.744,3.744,3.744,0.0,3.744,0
2024-07-18,3.714,3.714,3.714,3.714,0.0,3.714,0
2024-07-19,3.786,3.786,3.786,3.786,0.0,3.786,0
2024-07-22,3.794,3.794,3.794,3.794,0.0,3.794,0
2024-07-23,3.821,3.821,3.821,3.821,0.0,3.821,0
2024-07-24,3.726,3.726,3.726,3.726,0.0,3.726,0
2024-07-25,3.673,3.673,3.673,3.673,0.0,3.673,0
2024-07-26,3.672,3.672,3.672,3.672,0.0,3.672,0
2024-07-29,3.653,3.653,3.653,3.653,0.0,3.653,0
2024-07-30,3.684,3.684,3.684,3.684,0.0,3.684,0
2024-07-31,3.691,3.691,3.691,3.691,0.0,3.691,0
2024-08-01,3.67,3.67,3.67,3.67,0.0,3.67,0
2024-08-02,3.667,3.667,3.667,3.667,0.0,3.667,0
2024-08-05,3.611,3.611,3.611,3.611,0.0,3.611,0
2024-08-06,3.58,3.58,3.58,3.58,0.0,3.58,0
2024-08-07,3.477,3.477,3.477,3.477,0.0,3.477,0
2024-08-08,3.451,3.481,3.451,3.481,15.0,3.451,1
2024-08-09,3.46,3.46,3.46,3.46,0.0,3.46,0
2024-08-12,3.469,3.469,3.469,3.469,0.0,3.469,0
2024-08-13,3.447,3.447,3.447,3.447,0.0,3.447,0
2024-08-14,3.466,3.466,3.466,3.466,0.0,3.466,0
2024-08-15,3.445,3.445,3.445,3.445,0.0,3.445,0
2024-08-16,3.48,3.48,3.48,3.48,0.0,3.48,0
2024-08-19,3.502,3.502,3.502,3.502,0.0,3.502,0
2024-08-20,3.514,3.514,3.514,3.514,0.0,3.514,0
2024-08-21,3.494,3.494,3.494,3.494,0.0,3.494,0
2024-08-22,3.505,3.505,3.505,3.505,0.0,3.505,0
2024-08-23,3.563,3.563,3.563,3.563,0.0,3.563,0
2024-08-26,3.584,3.584,3.584,3.584,0.0,3.584,0
2024-08-27,3.577,3.577,3.577,3.577,0.0,3.577,0
2024-08-28,3.635,3.635,3.635,3.635,0.0,3.635,0
2024-08-29,3.609,3.609,3.609,3.609,0.0,3.609,0
2024-08-30,3.625,3.625,3.625,3.625,0.0,3.625,0
2024-09-02,3.625,3.625,3.625,3.625,0.0,3.625,0
2024-09-03,3.617,3.617,3.617,3.617,0.0,3.617,0
2024-09-04,3.624,3.624,3.624,3.624,0.0,3.624,0
2024-09-05,3.589,3.589,3.589,3.589,0.0,3.589,0
2024-09-06,3.509,3.509,3.509,3.509,0.0,3.509,0
2024-09-09,3.539,3.539,3.539,3.539,0.0,3.539,0
2024-09-10,3.523,3.523,3.523,3.523,0.0,3.523,0
2024-09-11,3.535,3.535,3.535,3.535,0.0,3.535,0
2024-09-12,3.558,3.558,3.558,3.558,0.0,3.558,0
2024-09-13,3.542,3.542,3.542,3.542,0.0,3.542,0
2024-09-16,3.535,3.535,3.535,3.535,0.0,3.535,0
2024-09-17,3.526,3.526,3.526,3.526,0.0,3.526,0
2024-09-18,3.397,3.397,3.397,3.397,0.0,3.397,0
2024-09-19,3.388,3.388,3.388,3.388,0.0,3.388,0
2024-09-20,3.401,3.401,3.401,3.401,0.0,3.401,0
2024-09-23,3.376,3.376,3.376,3.376,0.0,3.376,0
2024-09-24,3.434,3.434,3.434,3.434,0.0,3.434,0
2024-09-25,3.466,3.466,3.466,3.466,0.0,3.466,0
2024-09-26,3.519,3.519,3.519,3.519,0.0,3.519,0
2024-09-27,3.536,3.536,3.536,3.536,0.0,3.536,0
2024-09-30,3.52,3.52,3.52,3.52,0.0,3.52,0
2024-10-01,3.502,3.502,3.502,3.502,0.0,3.502,0
2024-10-02,3.478,3.478,3.478,3.478,0.0,3.478,0
2024-10-03,3.52,3.52,3.52,3.52,0.0,3.52,0
2024-10-04,3.554,3.554,3.554,3.554,0.0,3.554,0
2024-10-07,3.522,3.522,3.522,3.522,0.0,3.522,0
2024-10-08,3.492,3.492,3.492,3.492,0.0,3.492,0
2024-10-09,3.472,3.472,3.472,3.472,0.0,3.472,0
2024-10-10,3.525,3.525,3.525,3.525,0.0,3.525,0
2024-10-11,3.513,3.513,3.513,3.513,0.0,3.513,0
2024-10-14,3.542,3.542,3.542,3.542,0.0,3.542,0
2024-10-15,3.599,3.599,3.599,3.599,0.0,3.599,0
2024-10-16,3.495,3.495,3.495,3.495,0.0,3.495,0
2024-10-17,3.56,3.56,3.56,3.56,0.0,3.56,0
2024-10-18,3.554,3.554,3.554,3.554,0.0,3.554,0
2024-10-21,3.535,3.535,3.535,3.535,0.0,3.535,0
2024-10-22,3.509,3.509,3.509,3.509,0.0,3.509,0
2024-10-23,3.529,3.529,3.529,3.529,0.0,3.529,0
2024-10-24,3.521,3.521,3.521,3.521,0.0,3.521,0
2024-10-25,3.552,3.552,3.552,3.552,0.0,3.552,0
2024-10-28,3.526,3.526,3.526,3.526,0.0,3.526,0
2024-10-29,3.565,3.565,3.565,3.565,0.0,3.565,0
2024-10-30,3.555,3.555,3.555,3.555,0.0,3.555,0
2024-10-31,3.502,3.502,3.502,3.502,0.0,3.502,0
2024-11-01,3.49,3.49,3.49,3.49,0.0,3.49,0
2024-11-04,3.542,3.542,3.542,3.542,0.0,3.542,0
2024-11-05,3.483,3.483,3.483,3.483,0.0,3.483,0
2024-11-06,3.521,3.521,3.521,3.521,0.0,3.521,0
2024-11-07,3.527,3.527,3.527,3.527,0.0,3.527,0
2024-11-08,3.459,3.459,3.459,3.459,0.0,3.459,0
2024-11-11,3.516,3.516,3.516,3.516,0.0,3.516,0
2024-11-12,3.519,3.519,3.519,3.519,0.0,3.519,0
2024-11-13,3.501,3.501,3.501,3.501,0.0,3.501,0
2024-11-14,3.508,3.508,3.508,3.508,0.0,3.508,0
2024-11-15,3.446,3.446,3.446,3.446,0.0,3.446,0
2024-11-18,3.388,3.388,3.388,3.388,0.0,3.388,0
2024-11-19,3.406,3.406,3.406,3.406,0.0,3.406,0
2024-11-20,3.529,3.529,3.529,3.529,0.0,3.529,0
2024-11-21,3.47,3.47,3.47,3.47,0.0,3.47,0
2024-11-22,3.478,3.478,3.478,3.478,0.0,3.478,0
2024-11-25,3.505,3.505,3.505,3.505,0.0,3.505,0
2024-11-26,3.454,3.454,3.454,3.454,0.0,3.454,0
2024-11-27,3.477,3.477,3.477,3.477,0.0,3.477,0
2024-11-28,3.477,3.477,3.477,3.477,0.0,3.477,0
2024-11-29,3.561,3.561,3.561,3.561,0.0,3.561,0
2024-12-02,3.482,3.482,3.482,3.482,0.0,3.482,0
2024-12-03,3.427,3.427,3.427,3.427,0.0,3.427,0
2024-12-04,3.503,3.503,3.503,3.503,0.0,3.503,0
2024-12-05,3.486,3.486,3.486,3.486,0.0,3.486,0
2024-12-06,3.509,3.509,3.509,3.509,0.0,3.509,0
2024-12-09,3.417,3.417,3.417,3.417,0.0,3.417,0
2024-12-10,3.425,3.425,3.425,3.425,0.0,3.425,0
2024-12-11,3.466,3.466,3.466,3.466,0.0,3.466,0
2024-12-12,3.537,3.537,3.537,3.537,0.0,3.537,0
2024-12-13,3.586,3.586,3.586,3.586,0.0,3.586,0
2024-12-16,3.589,3.589,3.589,3.589,0.0,3.589,0
2024-12-17,3.641,3.641,3.641,3.641,0.0,3.641,0
2024-12-18,3.608,3.608,3.608,3.608,0.0,3.608,0
2024-12-19,3.592,3.592,3.592,3.592,0.0,3.592,0
2024-12-20,3.532,3.532,3.532,3.532,0.0,3.532,0
2024-12-23,3.509,3.509,3.509,3.509,0.0,3.509,0
2024-12-24,3.599,3.599,3.599,3.599,0.0,3.599,0
2024-12-26,3.617,3.617,3.617,3.617,0.0,3.617,0
2024-12-27,3.628,3.628,3.628,3.628,0.0,3.628,0
2024-12-30,3.629,3.629,3.629,3.629,0.0,3.629,0
2024-12-31,3.506,3.506,3.506,3.506,0.0,3.506,0
2025-01-02,3.493,3.493,3.493,3.493,0.0,3.493,0
2025-01-03,3.481,3.481,3.481,3.481,0.0,3.481,0
2025-01-06,3.444,3.444,3.444,3.444,0.0,3.444,0
2025-01-07,3.489,3.489,3.489,3.489,0.0,3.489,0
2025-01-08,3.508,3.508,3.508,3.508,0.0,3.508,0
2025-01-09,3.526,3.526,3.526,3.526,0.0,3.526,0
2025-01-10,3.581,3.581,3.581,3.581,0.0,3.581,0
2025-01-13,3.559,3.559,3.559,3.559,0.0,3.559,0
2025-01-14,3.513,3.513,3.513,3.513,0.0,3.513,0
2025-01-15,3.543,3.543,3.543,3.543,0.0,3.543,0
2025-01-16,3.513,3.513,3.513,3.513,0.0,3.513,0
2025-01-17,3.485,3.485,3.485,3.485,0.0,3.485,0
2025-01-20,3.485,3.485,3.485,3.485,0.0,3.485,0
2025-01-21,3.429,3.429,3.429,3.429,0.0,3.429,0
2025-01-22,3.511,3.511,3.511,3.511,0.0,3.511,0
2025-01-23,3.586,3.586,3.586,3.586,0.0,3.586,0
2025-01-24,3.581,3.581,3.581,3.581,0.0,3.581,0
2025-01-27,3.55,3.55,3.55,3.55,0.0,3.55,0
2025-01-28,3.482,3.482,3.482,3.482,0.0,3.482,0
2025-01-29,3.555,3.555,3.555,3.555,0.0,3.555,0
2025-01-30,3.5,3.5,3.5,3.5,0.0,3.5,0
2025-01-31,3.453,3.453,3.453,3.453,0.0,3.453,0
2025-02-03,3.485,3.485,3.485,3.485,0.0,3.485,0
2025-02-04,3.43,3.43,3.43,3.43,0.0,3.43,0
2025-02-05,3.449,3.449,3.449,3.449,0.0,3.449,0
2025-02-06,3.437,3.437,3.437,3.437,0.0,3.437,0
2025-02-07,3.441,3.441,3.441,3.441,0.0,3.441,0
2025-02-10,3.455,3.455,3.455,3.455,0.0,3.455,0
2025-02-11,3.464,3.464,3.464,3.464,0.0,3.464,0
2025-02-12,3.488,3.488,3.488,3.488,0.0,3.488,0
2025-02-13,3.477,3.477,3.477,3.477,0.0,3.477,0
2025-02-14,3.47,3.47,3.47,3.47,0.0,3.47,0
2025-02-17,3.47,3.47,3.47,3.47,0.0,3.47,0
2025-02-18,3.445,3.445,3.445,3.445,0.0,3.445,0
2025-02-19,3.453,3.453,3.453,3.453,0.0,3.453,0
2025-02-20,3.371,3.371,3.371,3.371,0.0,3.371,0
2025-02-21,3.33,3.33,3.33,3.33,0.0,3.33,0
2025-02-24,3.324,3.324,3.324,3.324,0.0,3.324,0
2025-02-25,3.317,3.317,3.317,3.317,0.0,3.317,0
2025-02-26,3.323,3.323,3.323,3.323,0.0,3.323,0
2025-02-27,3.415,3.415,3.415,3.415,0.0,3.415,0
2025-02-28,3.452,3.452,3.452,3.452,0.0,3.452,0
2025-03-03,3.457,3.457,3.457,3.457,0.0,3.457,0
2025-03-04,3.477,3.477,3.477,3.477,0.0,3.477,0
2025-03-05,3.43,3.43,3.43,3.43,0.0,3.43,0
2025-03-06,3.438,3.438,3.438,3.438,0.0,3.438,0
2025-03-07,3.463,3.463,3.463,3.463,0.0,3.463,0
2025-03-10,3.424,3.424,3.424,3.424,0.0,3.424,0
2025-03-11,3.473,3.473,3.473,3.473,0.0,3.473,0
2025-03-12,3.467,3.467,3.467,3.467,0.0,3.467,0
2025-03-13,3.493,3.493,3.493,3.493,0.0,3.493,0
2025-03-14,3.482,3.482,3.482,3.482,0.0,3.482,0
2025-03-17,3.483,3.483,3.483,3.483,0.0,3.483,0
2025-03-18,3.489,3.489,3.489,3.489,0.0,3.489,0
2025-03-19,3.49,3.49,3.49,3.49,0.0,3.49,0
2025-03-20,3.498,3.498,3.498,3.498,0.0,3.498,0
2025-03-21,3.5,3.5,3.5,3.5,0.0,3.5,0
2025-03-24,3.511,3.511,3.511,3.511,0.0,3.511,0
2025-03-25,3.406,3.406,3.406,3.406,0.0,3.406,0
2025-03-26,3.42,3.42,3.42,3.42,0.0,3.42,0
2025-03-27,3.426,3.426,3.426,3.426,0.0,3.426,0
2025-03-28,3.414,3.414,3.414,3.414,0.0,3.414,0
2025-03-31,3.387,3.387,3.387,3.387,0.0,3.387,0
2025-04-01,3.388,3.388,3.388,3.388,0.0,3.388,0
2025-04-02,3.431,3.431,3.431,3.431,0.0,3.431,0
2025-04-03,3.422,3.422,3.422,3.422,0.0,3.422,0
2025-04-04,3.39,3.39,3.39,3.39,0.0,3.39,0
2025-04-07,3.391,3.391,3.391,3.391,0.0,3.391,0
2025-04-08,3.387,3.387,3.387,3.387,0.0,3.387,0
2025-04-09,3.463,3.463,3.463,3.463,0.0,3.463,0
2025-04-10,3.461,3.461,3.461,3.461,0.0,3.461,0
2025-04-11,3.503,3.503,3.503,3.503,0.0,3.503,0
2025-04-14,3.517,3.517,3.517,3.517,0.0,3.517,0
2025-04-15,3.52,3.52,3.52,3.52,0.0,3.52,0
2025-04-16,3.518,3.518,3.518,3.518,0.0,3.518,0
2025-04-17,3.511,3.511,3.511,3.511,0.0,3.511,0
2025-04-21,3.467,3.467,3.467,3.467,0.0,3.467,0
2025-04-22,3.486,3.486,3.486,3.486,0.0,3.486,0
2025-04-23,3.512,3.512,3.512,3.512,0.0,3.512,0
2025-04-24,3.507,3.507,3.507,3.507,0.0,3.507,0
2025-04-25,3.532,3.532,3.532,3.532,0.0,3.532,0
2025-04-28,3.525,3.525,3.525,3.525,0.0,3.525,0
2025-04-29,3.539,3.539,3.539,3.539,0.0,3.539,0
2025-04-30,3.538,3.538,3.538,3.538,0.0,3.538,0
2025-05-01,3.492,3.492,3.492,3.492,0.0,3.492,0
2025-05-02,3.482,3.482,3.482,3.482,0.0,3.482,0
2025-05-05,3.483,3.483,3.483,3.483,0.0,3.483,0
2025-05-06,3.522,3.522,3.522,3.522,0.0,3.522,0
2025-05-07,3.539,3.539,3.539,3.539,0.0,3.539,0
2025-05-08,3.547,3.547,3.547,3.547,0.0,3.547,0
2025-05-09,3.56,3.56,3.56,3.56,0.0,3.56,0
2025-05-12,3.578,3.578,3.578,3.578,0.0,3.578,0
2025-05-13,3.575,3.575,3.575,3.575,0.0,3.575,0
2025-05-14,3.584,3.584,3.584,3.584,0.0,3.584,0
2025-05-15,3.564,3.564,3.564,3.564,0.0,3.564,0
2025-05-16,3.585,3.585,3.585,3.585,0.0,3.585,0
2025-05-19,3.558,3.558,3.558,3.558,0.0,3.558,0
2025-05-20,3.531,3.531,3.531,3.531,0.0,3.531,0
2025-05-21,3.549,3.549,3.549,3.549,0.0,3.549,0
2025-05-22,3.542,3.542,3.542,3.542,0.0,3.542,0
2025-05-23,3.555,3.555,3.555,3.555,0.0,3.555,0
2025-05-27,3.533,3.533,3.533,3.533,0.0,3.533,0
2025-05-28,3.52,3.52,3.52,3.52,0.0,3.52,0
2025-05-29,3.52,3.52,3.52,3.52,0.0,3.52,0
2025-05-30,3.554,3.554,3.523,3.523,10.0,3.554,1
2025-06-02,3.554,3.554,3.517,3.517,12.0,3.554,1
2025-06-03,3.516,3.516,3.516,3.516,0.0,3.516,0
2025-06-04,3.504,3.504,3.504,3.504,0.0,3.504,0
2025-06-05,3.508,3.508,3.508,3.508,0.0,3.508,0
2025-06-06,3.519,3.519,3.519,3.519,0.0,3.519,0
2025-06-09,3.51,3.51,3.51,3.51,0.0,3.51,0
2025-06-10,3.528,3.528,3.528,3.528,0.0,3.528,0
2025-06-11,3.534,3.534,3.534,3.534,0.0,3.534,0
2025-06-12,3.532,3.532,3.532,3.532,0.0,3.532,0
2025-06-13,3.565,3.565,3.565,3.565,0.0,3.565,0
2025-06-16,3.62,3.62,3.62,3.62,0.0,3.62,0
2025-06-17,3.686,3.686,3.686,3.686,0.0,3.686,0
2025-06-18,3.661,3.661,3.661,3.661,0.0,3.661,0
2025-06-20,3.647,3.647,3.647,3.647,0.0,3.647,0
2025-06-23,3.645,3.645,3.645,3.645,0.0,3.645,0
2025-06-24,3.646,3.646,3.646,3.646,0.0,3.646,0
2025-06-25,3.648,3.648,3.648,3.648,0.0,3.648,0
2025-06-26,3.655,3.655,3.655,3.655,0.0,3.655,0
2025-06-27,3.67,3.67,3.67,3.67,0.0,3.67,0
2025-06-30,3.676,3.676,3.676,3.676,0.0,3.676,0
2025-07-01,3.681,3.681,3.681,3.681,0.0,3.681,0
2025-07-02,3.699,3.699,3.699,3.699,0.0,3.699,0
2025-07-03,3.691,3.691,3.691,3.691,0.0,3.691,0
2025-07-07,3.708,3.708,3.708,3.708,0.0,3.708,0
2025-07-08,3.653,3.653,3.653,3.653,0.0,3.653,0
2025-07-09,3.659,3.659,3.659,3.659,0.0,3.659,0
2025-07-10,3.67,3.67,3.67,3.67,0.0,3.67,0
2025-07-11,3.661,3.661,3.661,3.661,0.0,3.661,0
2025-07-14,3.654,3.654,3.654,3.654,0.0,3.654,0
2025-07-15,3.673,3.673,3.673,3.673,0.0,3.673,0
2025-07-16,3.687,3.687,3.687,3.687,0.0,3.687,0
2025-07-17,3.676,3.676,3.676,3.676,0.0,3.676,0
2025-07-18,3.671,3.671,3.671,3.671,0.0,3.671,0
2025-07-21,3.648,3.648,3.648,3.648,0.0,3.648,0
2025-07-22,3.666,3.666,3.666,3.666,0.0,3.666,0
2025-07-23,3.669,3.669,3.669,3.669,0.0,3.669,0
2025-07-24,3.681,3.681,3.681,3.681,0.0,3.681,0
2025-07-25,3.595,3.595,3.595,3.595,0.0,3.595,0
2025-07-28,3.557,3.557,3.557,3.557,0.0,3.557,0
2025-07-29,3.575,3.575,3.575,3.575,0.0,3.575,0
2025-07-30,3.54,3.54,3.54,3.54,0.0,3.54,0
2025-07-31,3.58,3.58,3.58,3.58,0.0,3.58,0
2025-08-01,3.622,3.622,3.622,3.622,0.0,3.622,0
2025-08-04,3.635,3.635,3.635,3.635,0.0,3.635,0
2025-08-05,3.633,3.633,3.633,3.633,0.0,3.633,0
2025-08-06,3.599,3.599,3.599,3.599,0.0,3.599,0
2025-08-07,3.601,3.601,3.601,3.601,0.0,3.601,0
2025-08-08,3.672,3.672,3.672,3.672,0.0,3.672,0
2025-08-11,3.57,3.57,3.57,3.57,0.0,3.57,0
2025-08-12,3.571,3.571,3.571,3.571,0.0,3.571,0
2025-08-13,3.527,3.527,3.527,3.527,0.0,3.527,0
2025-08-14,3.559,3.559,3.559,3.559,0.0,3.559,0
2025-08-15,3.583,3.583,3.583,3.583,0.0,3.583,0
2025-08-18,3.621,3.621,3.621,3.621,0.0,3.621,0
2025-08-19,3.639,3.639,3.639,3.639,0.0,3.639,0
2025-08-20,3.62,3.62,3.62,3.62,0.0,3.62,0
2025-08-21,3.632,3.632,3.632,3.632,0.0,3.632,0
2025-08-22,3.626,3.626,3.626,3.626,0.0,3.626,0
2025-08-25,3.591,3.591,3.591,3.591,0.0,3.591,0
2025-08-26,3.604,3.604,3.604,3.604,0.0,3.604,0
2025-08-27,3.604,3.604,3.604,3.604,0.0,3.604,0
2025-08-28,3.593,3.593,3.593,3.593,0.0,3.593,0
2025-08-29,3.597,3.597,3.597,3.597,0.0,3.597,0
2025-09-02,3.587,3.587,3.587,3.587,0.0,3.587,0
2025-09-03,3.6,3.6,3.6,3.6,0.0,3.6,0
2025-09-04,3.563,3.563,3.563,3.563,0.0,3.563,0
2025-09-05,3.559,3.559,3.559,3.559,0.0,3.559,0
2025-09-08,3.52,3.52,3.52,3.52,0.0,3.52,0
2025-09-09,3.55,3.55,3.55,3.55,0.0,3.55,0
2025-09-10,3.549,3.549,3.549,3.549,0.0,3.549,0
2025-09-11,3.55,3.55,3.55,3.55,0.0,3.55,0
2025-09-12,3.614,3.614,3.614,3.614,0.0,3.614,0
2025-09-15,3.628,3.628,3.628,3.628,0.0,3.628,0
2025-09-16,3.704,3.704,3.704,3.704,0.0,3.704,0
2025-09-17,3.698,3.698,3.698,3.698,0.0,3.698,0
2025-09-18,3.697,3.697,3.697,3.697,0.0,3.697,0
2025-09-19,3.697,3.697,3.697,3.697,0.0,3.697,0
2025-09-22,3.712,3.712,3.712,3.712,0.0,3.712,0
2025-09-23,3.671,3.671,3.671,3.671,0.0,3.671,0
2025-09-24,3.715,3.715,3.715,3.715,0.0,3.715,0
2025-09-25,3.644,3.644,3.644,3.644,0.0,3.644,0
2025-09-26,3.679,3.679,3.679,3.679,0.0,3.679,0
2025-09-29,3.658,3.658,3.658,3.658,0.0,3.658,0
2025-09-30,3.676,3.676,3.676,3.676,0.0,3.676,0
2025-10-01,3.653,3.653,3.653,3.653,0.0,3.653,0
2025-10-02,3.693,3.693,3.693,3.693,0.0,3.693,0
2025-10-03,3.652,3.652,3.652,3.652,0.0,3.652,0
2025-10-06,3.656,3.656,3.656,3.656,0.0,3.656,0
2025-10-07,3.668,3.668,3.668,3.668,0.0,3.668,0
2025-10-08,3.731,3.731,3.731,3.731,0.0,3.731,0
2025-10-09,3.725,3.725,3.725,3.725,0.0,3.725,0
2025-10-10,3.731,3.731,3.731,3.731,0.0,3.731,0
2025-10-13,3.752,3.752,3.752,3.752,0.0,3.752,0
2025-10-14,3.679,3.679,3.679,3.679,0.0,3.679,0
2025-10-15,3.676,3.676,3.676,3.676,0.0,3.676,0
2025-10-16,3.656,3.656,3.656,3.656,0.0,3.656,0
2025-10-17,3.654,3.654,3.654,3.654,0.0,3.654,0
2025-10-20,3.704,3.704,3.704,3.704,0.0,3.704,0
2025-10-21,3.674,3.674,3.674,3.674,0.0,3.674,0
2025-10-22,3.673,3.673,3.673,3.673,0.0,3.673,0
2025-10-23,3.677,3.677,3.677,3.677,0.0,3.677,0
2025-10-24,3.672,3.672,3.672,3.672,0.0,3.672,0
2025-10-27,3.676,3.676,3.676,3.676,0.0,3.676,0
2025-10-28,3.691,3.691,3.691,3.691,0.0,3.691,0
2025-10-29,3.702,3.702,3.702,3.702,0.0,3.702,0
2025-10-30,3.717,3.717,3.717,3.717,0.0,3.717,0
2025-10-31,3.701,3.701,3.701,3.701,0.0,3.701,0
2025-11-03,3.725,3.725,3.725,3.725,0.0,3.725,0
2025-11-04,3.769,3.769,3.769,3.769,0.0,3.769,0
2025-11-05,3.71,3.71,3.71,3.71,0.0,3.71,0
2025-11-06,3.753,3.753,3.753,3.753,0.0,3.753,0
2025-11-07,3.725,3.725,3.725,3.725,0.0,3.725,0
2025-11-10,3.714,3.714,3.714,3.714,0.0,3.714,0
2025-11-11,3.737,3.737,3.737,3.737,0.0,3.737,0
2025-11-12,3.76,3.76,3.76,3.76,0.0,3.76,0
2025-11-13,3.763,3.763,3.763,3.763,0.0,3.763,0
2025-11-14,3.767,3.767,3.767,3.767,0.0,3.767,0
2025-11-17,3.79,3.79,3.79,3.79,0.0,3.79,0
2025-11-18,3.79,3.79,3.79,3.79,0.0,3.79,0
2025-11-19,3.789,3.789,3.789,3.789,0.0,3.789,0
2025-11-20,3.805,3.805,3.805,3.805,0.0,3.805,0
2025-11-21,3.819,3.819,3.819,3.819,0.0,3.819,0
2025-11-24,3.76,3.76,3.76,3.76,0.0,3.76,0
2025-11-25,3.772,3.772,3.772,3.772,0.0,3.772,0
2025-11-26,3.753,3.753,3.753,3.753,0.0,3.753,0
2025-11-28,3.805,3.805,3.805,3.805,0.0,3.805,0
2025-12-01,3.747,3.747,3.747,3.747,0.0,3.747,0
2025-12-02,3.764,3.764,3.764,3.764,0.0,3.764,0
2025-12-03,3.782,3.782,3.782,3.782,0.0,3.782,0
2025-12-04,3.777,3.777,3.777,3.777,0.0,3.777,0
2025-12-05,3.797,3.797,3.797,3.797,0.0,3.797,0
2025-12-08,3.763,3.763,3.763,3.763,0.0,3.763,0
2025-12-09,3.739,3.739,3.739,3.739,0.0,3.739,0
2025-12-10,3.776,3.776,3.776,3.776,0.0,3.776,0
2025-12-11,3.775,3.775,3.775,3.775,0.0,3.775,0
2025-12-12,3.737,3.737,3.737,3.737,0.0,3.737,0
2025-12-15,3.756,3.756,3.756,3.756,0.0,3.756,0
2025-12-16,3.75,3.75,3.75,3.75,0.0,3.75,0
2025-12-17,3.752,3.752,3.752,3.752,0.0,3.752,0
2025-12-18,3.716,3.716,3.716,3.716,0.0,3.716,0
2025-12-19,3.706,3.706,3.706,3.706,0.0,3.706,0
2025-12-22,3.697,3.697,3.697,3.697,0.0,3.697,0
2025-12-23,3.726,3.726,3.726,3.726,0.0,3.726,0
2025-12-24,3.692,3.692,3.692,3.692,0.0,3.692,0
2025-12-26,3.695,3.695,3.695,3.695,0.0,3.695,0
2025-12-29,3.722,3.722,3.722,3.722,0.0,3.722,0
2025-12-30,3.715,3.715,3.715,3.715,0.0,3.715,0
2025-12-31,3.727,3.727,3.727,3.727,0.0,3.727,0
2026-01-02,3.684,3.684,3.684,3.684,0.0,3.684,0
2026-01-05,3.688,3.688,3.688,3.688,0.0,3.688,0
2026-01-06,3.702,3.702,3.702,3.702,0.0,3.702,0
2026-01-07,3.664,3.664,3.664,3.664,0.0,3.664,0
2026-01-08,3.703,3.703,3.703,3.703,0.0,3.703,0
2026-01-09,3.664,3.664,3.664,3.664,0.0,3.664,0
2026-01-12,3.728,3.728,3.728,3.728,0.0,3.728,0
2026-01-13,3.735,3.735,3.735,3.735,0.0,3.735,0
2026-01-14,3.678,3.678,3.678,3.678,0.0,3.678,0
2026-01-15,3.773,3.773,3.773,3.773,0.0,3.773,0
2026-01-16,3.801,3.801,3.801,3.801,0.0,3.801,0
2026-01-20,3.814,3.814,3.814,3.814,0.0,3.814,0
2026-01-21,3.812,3.812,3.812,3.812,0.0,3.812,0
2026-01-22,3.805,3.805,3.805,3.805,0.0,3.805,0
2026-01-23,3.78,3.78,3.78,3.78,0.0,3.78,0
2026-01-26,3.787,3.787,3.787,3.787,0.0,3.787,0
2026-01-27,3.783,3.783,3.783,3.783,0.0,3.783,0
2026-01-28,3.821,3.821,3.821,3.821,0.0,3.821,0
2026-01-29,3.758,3.758,3.758,3.758,0.0,3.758,0
2026-01-30,3.733,3.733,3.733,3.733,0.0,3.733,0
2026-02-02,3.734,3.734,3.734,3.734,0.0,3.734,0
2026-02-03,3.783,3.783,3.783,3.783,0.0,3.783,0
2026-02-04,3.73,3.795,3.73,3.795,1.0,3.73,1
2026-02-05,3.755,3.755,3.755,3.755,0.0,3.755,0
2026-02-06,3.759,3.759,3.759,3.759,0.0,3.759,0
2026-02-09,3.78,3.78,3.78,3.78,0.0,3.78,0
2026-02-10,3.75,3.75,3.75,3.75,0.0,3.75,0
2026-02-11,3.807,3.807,3.807,3.807,0.0,3.807,0
2026-02-12,3.749,3.749,3.749,3.749,0.0,3.749,0
2026-02-13,3.771,3.771,3.771,3.771,0.0,3.771,0
2026-02-17,3.729,3.729,3.729,3.729,0.0,3.729,0
2026-02-18,3.755,3.755,3.755,3.755,0.0,3.755,0
2026-02-19,3.743,3.743,3.743,3.743,0.0,3.743,0
2026-02-20,3.752,3.752,3.752,3.752,0.0,3.752,0
2026-02-23,3.72,3.72,3.72,3.72,0.0,3.72,0
2026-02-24,3.753,3.753,3.753,3.753,0.0,3.753,0
2026-02-25,3.723,3.723,3.723,3.723,0.0,3.723,0
2026-02-26,3.715,3.715,3.715,3.715,0.0,3.715,0
2026-02-27,3.718,3.718,3.718,3.718,0.0,3.718,0
2026-03-02,3.73,3.73,3.73,3.73,0.0,3.73,0
2026-03-03,3.719,3.719,3.719,3.719,0.0,3.719,0
2026-03-04,3.706,3.706,3.706,3.706,0.0,3.706,0
2026-03-05,3.707,3.707,3.707,3.707,0.0,3.707,0
2026-03-06,3.775,3.775,3.775,3.775,0.0,3.775,0
2026-03-09,3.776,3.776,3.776,3.776,0.0,3.776,0
2026-03-10,3.801,3.801,3.801,3.801,0.0,3.801,0
2026-03-11,3.821,3.821,3.821,3.821,0.0,3.821,0
2026-03-12,3.774,3.774,3.774,3.774,0.0,3.774,0
2026-03-13,3.772,3.772,3.772,3.772,0.0,3.772,0
2026-03-16,3.753,3.753,3.753,3.753,0.0,3.753,0
2026-03-17,3.746,3.746,3.746,3.746,0.0,3.746,0
2026-03-18,3.756,3.756,3.756,3.756,0.0,3.756,0
2026-03-19,3.751,3.751,3.751,3.751,0.0,3.751,0
2026-03-20,3.785,3.785,3.785,3.785,0.0,3.785,0
2026-03-23,3.775,3.775,3.775,3.775,0.0,3.775,0
2026-03-24,3.783,3.783,3.783,3.783,0.0,3.783,0
2026-03-25,3.784,3.784,3.784,3.784,0.0,3.784,0
2026-03-26,3.813,3.813,3.813,3.813,0.0,3.813,0
2026-03-27,3.76,3.76,3.76,3.76,0.0,3.76,0
2026-03-30,3.744,3.744,3.744,3.744,0.0,3.744,0
2026-03-31,3.736,3.736,3.736,3.736,0.0,3.736,0
2026-04-01,3.777,3.777,3.777,3.777,0.0,3.777,0
2026-04-02,3.757,3.785,3.757,3.785,1.0,3.757,1
2026-04-06,3.818,3.818,3.818,3.818,0.0,3.818,0
2026-04-07,3.853,3.853,3.853,3.853,0.0,3.853,0
2026-04-08,3.744,3.744,3.744,3.744,0.0,3.744,0
2026-04-09,3.752,3.752,3.752,3.752,0.0,3.752,0
2026-04-10,3.719,3.719,3.719,3.719,0.0,3.719,0
2026-04-13,3.717,3.717,3.717,3.717,0.0,3.717,0
2026-04-14,3.723,3.723,3.723,3.723,0.0,3.723,0
2026-04-15,3.725,3.725,3.725,3.725,0.0,3.725,0
2026-04-16,3.723,3.723,3.723,3.723,0.0,3.723,0
2026-04-17,3.708,3.708,3.708,3.708,0.0,3.708,0
2026-04-20,3.708,3.708,3.708,3.708,0.0,3.708,0
2026-04-21,3.745,3.745,3.745,3.745,0.0,3.745,0
2026-04-22,3.76,3.76,3.76,3.76,0.0,3.76,0
2026-04-23,3.762,3.762,3.762,3.762,0.0,3.762,0
2026-04-24,3.691,3.691,3.691,3.691,0.0,3.691,0
2026-04-27,3.753,3.753,3.753,3.753,0.0,3.753,0
2026-04-28,3.721,3.721,3.721,3.721,0.0,3.721,0
2026-04-29,3.728,3.728,3.728,3.728,0.0,3.728,0
2026-04-30,3.717,3.717,3.717,3.717,0.0,3.717,0
2026-05-01,3.728,3.728,3.728,3.728,0.0,3.728,0
2026-05-04,3.733,3.733,3.733,3.733,0.0,3.733,0
2026-05-05,3.726,3.726,3.726,3.726,0.0,3.726,0
2026-05-06,3.708,3.708,3.708,3.708,0.0,3.708,0
2026-05-07,3.712,3.712,3.712,3.712,0.0,3.712,0
2026-05-08,3.723,3.723,3.723,3.723,0.0,3.723,0
2026-05-11,3.722,3.722,3.722,3.722,0.0,3.722,0
2026-05-12,3.727,3.727,3.715,3.715,1.0,3.727,1
2026-05-13,3.721,3.721,3.721,3.721,0.0,3.721,0
2026-05-14,3.728,3.728,3.728,3.728,0.0,3.728,0
2026-05-15,3.717,3.717,3.717,3.717,0.0,3.717,0
2026-05-18,3.705,3.705,3.705,3.705,0.0,3.705,0
2026-05-19,3.724,3.724,3.724,3.724,0.0,3.724,0
2026-05-20,3.714,3.714,3.714,3.714,0.0,3.714,0
2026-05-21,3.721,3.721,3.721,3.721,0.0,3.721,0
2026-05-22,3.715,3.715,3.715,3.715,0.0,3.715,0
2026-05-26,3.682,3.682,3.682,3.682,0.0,3.682,0
2026-05-27,3.672,3.672,3.672,3.672,0.0,3.672,0
2026-05-28,3.684,3.684,3.684,3.684,0.0,3.684,0
2026-05-29,3.688,3.688,3.688,3.688,0.0,3.688,0
2026-06-01,3.678,3.678,3.678,3.678,0.0,3.678,0
2026-06-02,3.663,3.663,3.663,3.663,0.0,3.663,0
2026-06-03,3.661,3.661,3.661,3.661,0.0,3.661,0
2026-06-04,3.664,3.664,3.664,3.664,0.0,3.664,0
2026-06-05,3.668,3.668,3.668,3.668,0.0,3.668,0
2026-06-08,3.666,3.666,3.666,3.666,0.0,3.666,0
2026-06-09,3.657,3.657,3.657,3.657,0.0,3.657,0
2026-06-10,3.662,3.662,3.662,3.662,0.0,3.662,0
2026-06-11,3.655,3.655,3.655,3.655,0.0,3.655,0
2026-06-12,3.65,3.65,3.65,3.65,0.0,3.65,0
2026-06-15,3.645,3.645,3.645,3.645,0.0,3.645,0
2026-06-16,3.65,3.653,3.65,3.653,2.0,3.65,2
2026-06-17,3.663,3.663,3.663,3.663,0.0,3.663,0
2026-06-18,3.638,3.638,3.638,3.638,0.0,3.638,0
2026-06-22,3.65,3.65,3.65,3.65,0.0,3.65,0
2026-06-23,3.625,3.625,3.625,3.625,0.0,3.625,0
2026-06-24,3.643,3.643,3.643,3.643,0.0,3.643,0
2026-06-25,3.63,3.63,3.63,3.63,0.0,3.63,0
2026-06-26,3.63,3.63,3.625,3.625,2.0,3.63,2
2026-06-29,3.623,3.623,3.623,3.623,0.0,3.623,0
2026-06-30,3.602,3.602,3.602,3.602,0.0,3.602,0
2026-07-01,3.584,3.584,3.584,3.584,0.0,3.584,0
2026-07-02,3.588,3.588,3.588,3.588,0.0,3.588,0
2026-07-06,3.605,3.605,3.605,3.605,0.0,3.605,0
2026-07-07,3.624,3.624,3.624,3.624,0.0,3.624,0
2026-07-08,3.614,3.622,3.614,3.622,1.0,3.614,1
2026-07-09,3.621,3.621,3.621,3.621,0.0,3.621,0
2026-07-10,3.622,3.622,3.622,3.622,0.0,3.622,0
2026-07-13,3.622,3.622,3.622,3.622,0.0,3.622,0
2026-07-14,3.628,3.628,3.628,3.628,0.0,3.628,0
2026-07-15,3.626,3.626,3.626,3.626,0.0,3.626,0
2026-07-16,3.591,3.591,3.591,3.591,0.0,3.591,0
2026-07-17,3.614,3.614,3.614,3.614,0.0,3.614,0
2026-07-20,3.637,3.637,3.637,3.637,0.0,3.637,0
2026-07-21,3.628,3.628,3.628,3.628,0.0,3.628,0
2026-07-22,3.659,3.659,3.659,3.659,0.0,3.659,0
2026-07-23,3.693,3.693,3.693,3.693,0.0,3.693,0
2026-07-24,3.685,3.685,3.685,3.685,0.0,3.685,0
2026-07-27,3.676,3.676,3.676,3.676,0.0,3.676,0
2026-07-28,3.672,3.672,3.672,3.672,0.0,3.672,0
2026-07-29,3.691,3.691,3.691,3.691,0.0,3.691,0
2026-07-30,3.69,3.69,3.69,3.69,0.0,3.69,0
2026-07-31,3.697,3.697,3.697,3.697,0.0,3.697,0
2026-08-03,3.704,3.704,3.704,3.704,0.0,3.704,0
2026-08-04,3.702,3.702,3.702,3.702,0.0,3.702,0
2026-08-05,3.685,3.685,3.685,3.685,0.0,3.685,0
2026-08-06,3.68,3.68,3.68,3.68,0.0,3.68,0
2026-08-07,3.688,3.688,3.688,3.688,0.0,3.688,0
2026-08-10,3.689,3.689,3.689,3.689,0.0,3.689,0
2026-08-11,3.706,3.706,3.706,3.706,0.0,3.706,0
2026-08-12,3.704,3.704,3.704,3.704,0.0,3.704,0
2026-08-13,3.681,3.681,3.681,3.681,0.0,3.681,0
2026-08-14,3.666,3.666,3.666,3.666,0.0,3.666,0
