date,open,high,low,close,volume,average,barCount
2017-03-14,3.263,3.263,3.263,3.263,0.0,3.263,0
2017-03-15,3.283,3.283,3.283,3.283,0.0,3.283,0
2017-03-16,3.304,3.304,3.304,3.304,0.0,3.304,0
2017-03-17,3.309,3.309,3.309,3.309,0.0,3.309,0
2017-03-20,3.312,3.312,3.312,3.312,0.0,3.312,0
2017-03-21,3.325,3.325,3.325,3.325,0.0,3.325,0
2017-03-22,3.327,3.327,3.327,3.327,0.0,3.327,0
2017-03-23,3.322,3.322,3.322,3.322,0.0,3.322,0
2017-03-24,3.29,3.29,3.29,3.29,0.0,3.29,0
2017-03-27,3.28,3.28,3.28,3.28,0.0,3.28,0
2017-03-28,3.271,3.271,3.271,3.271,0.0,3.271,0
2017-03-29,3.279,3.279,3.279,3.279,0.0,3.279,0
2017-03-30,3.282,3.282,3.282,3.282,0.0,3.282,0
2017-03-31,3.288,3.288,3.288,3.288,0.0,3.288,0
2017-04-03,3.295,3.295,3.295,3.295,0.0,3.295,0
2017-04-04,3.308,3.308,3.308,3.308,0.0,3.308,0
2017-04-05,3.327,3.327,3.327,3.327,0.0,3.327,0
2017-04-06,3.312,3.312,3.312,3.312,0.0,3.312,0
2017-04-07,3.326,3.326,3.326,3.326,0.0,3.326,0
2017-04-10,3.335,3.335,3.335,3.335,0.0,3.335,0
2017-04-11,3.366,3.366,3.366,3.366,0.0,3.366,0
2017-04-12,3.367,3.367,3.367,3.367,0.0,3.367,0
2017-04-13,3.382,3.382,3.382,3.382,0.0,3.382,0
2017-04-17,3.369,3.369,3.369,3.369,0.0,3.369,0
2017-04-18,3.399,3.399,3.399,3.399,0.0,3.399,0
2017-04-19,3.41,3.41,3.41,3.41,0.0,3.41,0
2017-04-20,3.444,3.444,3.444,3.444,0.0,3.444,0
2017-04-21,3.445,3.445,3.445,3.445,0.0,3.445,0
2017-04-24,3.404,3.404,3.404,3.404,0.0,3.404,0
2017-04-25,3.404,3.404,3.404,3.404,0.0,3.404,0
2017-04-26,3.395,3.395,3.395,3.395,0.0,3.395,0
2017-04-27,3.386,3.386,3.386,3.386,0.0,3.386,0
2017-04-28,3.402,3.402,3.402,3.402,0.0,3.402,0
2017-05-01,3.377,3.377,3.377,3.377,0.0,3.377,0
2017-05-02,3.378,3.378,3.378,3.378,0.0,3.378,0
2017-05-03,3.397,3.397,3.397,3.397,0.0,3.397,0
2017-05-04,3.44,3.44,3.44,3.44,0.0,3.44,0
2017-05-05,3.44,3.44,3.44,3.44,0.0,3.44,0
2017-05-08,3.431,3.431,3.431,3.431,0.0,3.431,0
2017-05-09,3.434,3.434,3.434,3.434,0.0,3.434,0
2017-05-10,3.435,3.435,3.435,3.435,0.0,3.435,0
2017-05-11,3.469,3.469,3.469,3.469,0.0,3.469,0
2017-05-12,3.473,3.473,3.473,3.473,0.0,3.473,0
2017-05-15,3.468,3.468,3.468,3.468,0.0,3.468,0
2017-05-16,3.485,3.485,3.485,3.485,0.0,3.485,0
2017-05-17,3.481,3.481,3.481,3.481,0.0,3.481,0
2017-05-18,3.468,3.468,3.468,3.468,0.0,3.468,0
2017-05-19,3.458,3.458,3.458,3.458,0.0,3.458,0
2017-05-22,3.46,3.46,3.46,3.46,0.0,3.46,0
2017-05-23,3.529,3.529,3.529,3.529,0.0,3.529,0
2017-05-24,3.531,3.531,3.531,3.531,0.0,3.531,0
2017-05-25,3.514,3.514,3.514,3.514,0.0,3.514,0
2017-05-26,3.499,3.499,3.499,3.499,0.0,3.499,0
2017-05-30,3.467,3.467,3.467,3.467,0.0,3.467,0
2017-05-31,3.463,3.463,3.463,3.463,0.0,3.463,0
2017-06-01,3.465,3.465,3.465,3.465,0.0,3.465,0
2017-06-02,3.455,3.455,3.455,3.455,0.0,3.455,0
2017-06-05,3.425,3.425,3.425,3.425,0.0,3.425,0
2017-06-06,3.367,3.367,3.367,3.367,0.0,3.367,0
2017-06-07,3.378,3.378,3.378,3.378,0.0,3.378,0
2017-06-08,3.396,3.396,3.396,3.396,0.0,3.396,0
2017-06-09,3.393,3.393,3.393,3.393,0.0,3.393,0
2017-06-12,3.395,3.395,3.395,3.395,0.0,3.395,0
2017-06-13,3.395,3.395,3.395,3.395,0.0,3.395,0
2017-06-14,3.384,3.384,3.384,3.384,0.0,3.384,0
2017-06-15,3.412,3.412,3.412,3.412,0.0,3.412,0
2017-06-16,3.401,3.401,3.401,3.401,0.0,3.401,0
2017-06-19,3.424,3.424,3.424,3.424,0.0,3.424,0
2017-06-20,3.462,3.462,3.462,3.462,0.0,3.462,0
2017-06-21,3.478,3.478,3.478,3.478,0.0,3.478,0
2017-06-22,3.472,3.472,3.472,3.472,0.0,3.472,0
2017-06-23,3.467,3.467,3.467,3.467,0.0,3.467,0
2017-06-26,3.442,3.442,3.442,3.442,0.0,3.442,0
2017-06-27,3.442,3.442,3.442,3.442,0.0,3.442,0
2017-06-28,3.432,3.432,3.432,3.432,0.0,3.432,0
2017-06-29,3.432,3.432,3.432,3.432,0.0,3.432,0
2017-06-30,3.445,3.445,3.445,3.445,0.0,3.445,0
2017-07-03,3.446,3.446,3.446,3.446,0.0,3.446,0
2017-07-05,3.423,3.423,3.423,3.423,0.0,3.423,0
2017-07-06,3.38,3.38,3.38,3.38,0.0,3.38,0
2017-07-07,3.375,3.375,3.375,3.375,0.0,3.375,0
2017-07-10,3.362,3.362,3.362,3.362,0.0,3.362,0
2017-07-11,3.359,3.359,3.359,3.359,0.0,3.359,0
2017-07-12,3.345,3.345,3.345,3.345,0.0,3.345,0
2017-07-13,3.358,3.358,3.358,3.358,0.0,3.358,0
2017-07-14,3.361,3.361,3.361,3.361,0.0,3.361,0
2017-07-17,3.354,3.354,3.354,3.354,0.0,3.354,0
2017-07-18,3.359,3.359,3.359,3.359,0.0,3.359,0
2017-07-19,3.344,3.344,3.344,3.344,0.0,3.344,0
2017-07-20,3.325,3.325,3.325,3.325,0.0,3.325,0
2017-07-21,3.323,3.323,3.323,3.323,0.0,3.323,0
2017-07-24,3.297,3.297,3.297,3.297,0.0,3.297,0
2017-07-25,3.273,3.273,3.273,3.273,0.0,3.273,0
2017-07-26,3.263,3.263,3.263,3.263,0.0,3.263,0
2017-07-27,3.264,3.264,3.264,3.264,0.0,3.264,0
2017-07-28,3.279,3.279,3.279,3.279,0.0,3.279,0
2017-07-31,3.26,3.26,3.26,3.26,0.0,3.26,0
2017-08-01,3.282,3.282,3.282,3.282,0.0,3.282,0
2017-08-02,3.291,3.291,3.291,3.291,0.0,3.291,0
2017-08-03,3.314,3.314,3.314,3.314,0.0,3.314,0
2017-08-04,3.324,3.324,3.324,3.324,0.0,3.324,0
2017-08-07,3.323,3.323,3.323,3.323,0.0,3.323,0
2017-08-08,3.306,3.306,3.306,3.306,0.0,3.306,0
2017-08-09,3.3,3.3,3.3,3.3,0.0,3.3,0
2017-08-10,3.297,3.297,3.297,3.297,0.0,3.297,0
2017-08-11,3.301,3.301,3.301,3.301,0.0,3.301,0
2017-08-14,3.297,3.297,3.297,3.297,0.0,3.297,0
2017-08-15,3.295,3.295,3.295,3.295,0.0,3.295,0
2017-08-16,3.285,3.285,3.285,3.285,0.0,3.285,0
2017-08-17,3.284,3.284,3.284,3.284,0.0,3.284,0
2017-08-18,3.284,3.284,3.284,3.284,0.0,3.284,0
2017-08-21,3.274,3.274,3.274,3.274,0.0,3.274,0
2017-08-22,3.266,3.266,3.266,3.266,0.0,3.266,0
2017-08-23,3.264,3.264,3.264,3.264,0.0,3.264,0
2017-08-24,3.217,3.217,3.217,3.217,0.0,3.217,0
2017-08-25,3.204,3.204,3.204,3.204,0.0,3.204,0
2017-08-28,3.217,3.217,3.217,3.217,0.0,3.217,0
2017-08-29,3.219,3.219,3.219,3.219,0.0,3.219,0
2017-08-30,3.224,3.224,3.224,3.224,0.0,3.224,0
2017-08-31,3.232,3.232,3.232,3.232,0.0,3.232,0
2017-09-01,3.233,3.233,3.233,3.233,0.0,3.233,0
2017-09-05,3.229,3.229,3.229,3.229,0.0,3.229,0
2017-09-06,3.19,3.19,3.19,3.19,0.0,3.19,0
2017-09-07,3.224,3.224,3.224,3.224,0.0,3.224,0
2017-09-08,3.228,3.228,3.228,3.228,0.0,3.228,0
2017-09-11,3.239,3.239,3.239,3.239,0.0,3.239,0
2017-09-12,3.224,3.224,3.224,3.224,0.0,3.224,0
2017-09-13,3.21,3.21,3.21,3.21,0.0,3.21,0
2017-09-14,3.205,3.205,3.205,3.205,0.0,3.205,0
2017-09-15,3.21,3.21,3.21,3.21,0.0,3.21,0
2017-09-18,3.22,3.22,3.22,3.22,0.0,3.22,0
2017-09-19,3.208,3.208,3.208,3.208,0.0,3.208,0
2017-09-20,3.198,3.198,3.198,3.198,0.0,3.198,0
2017-09-21,3.189,3.189,3.189,3.189,0.0,3.189,0
2017-09-22,3.203,3.203,3.203,3.203,0.0,3.203,0
2017-09-25,3.186,3.186,3.186,3.186,0.0,3.186,0
2017-09-26,3.196,3.196,3.196,3.196,0.0,3.196,0
2017-09-27,3.207,3.207,3.207,3.207,0.0,3.207,0
2017-09-28,3.206,3.206,3.206,3.206,0.0,3.206,0
2017-09-29,3.203,3.203,3.203,3.203,0.0,3.203,0
2017-10-02,3.216,3.216,3.216,3.216,0.0,3.216,0
2017-10-03,3.225,3.225,3.225,3.225,0.0,3.225,0
2017-10-04,3.224,3.224,3.224,3.224,0.0,3.224,0
2017-10-05,3.233,3.233,3.233,3.233,0.0,3.233,0
2017-10-06,3.225,3.225,3.225,3.225,0.0,3.225,0
2017-10-09,3.235,3.235,3.235,3.235,0.0,3.235,0
2017-10-10,3.225,3.225,3.225,3.225,0.0,3.225,0
2017-10-11,3.214,3.214,3.214,3.214,0.0,3.214,0
2017-10-12,3.258,3.258,3.258,3.258,0.0,3.258,0
2017-10-13,3.259,3.259,3.259,3.259,0.0,3.259,0
2017-10-16,3.297,3.297,3.297,3.297,0.0,3.297,0
2017-10-17,3.344,3.344,3.344,3.344,0.0,3.344,0
2017-10-18,3.348,3.348,3.348,3.348,0.0,3.348,0
2017-10-19,3.37,3.37,3.37,3.37,0.0,3.37,0
2017-10-20,3.41,3.41,3.41,3.41,0.0,3.41,0
2017-10-23,3.39,3.39,3.39,3.39,0.0,3.39,0
2017-10-24,3.389,3.389,3.389,3.389,0.0,3.389,0
2017-10-25,3.39,3.39,3.39,3.39,0.0,3.39,0
2017-10-26,3.383,3.383,3.383,3.383,0.0,3.383,0
2017-10-27,3.363,3.363,3.363,3.363,0.0,3.363,0
2017-10-30,3.398,3.398,3.398,3.398,0.0,3.398,0
2017-10-31,3.394,3.394,3.394,3.394,0.0,3.394,0
2017-11-01,3.404,3.404,3.404,3.404,0.0,3.404,0
2017-11-02,3.386,3.386,3.386,3.386,0.0,3.386,0
2017-11-03,3.38,3.38,3.38,3.38,0.0,3.38,0
2017-11-06,3.375,3.375,3.375,3.375,0.0,3.375,0
2017-11-07,3.374,3.374,3.374,3.374,0.0,3.374,0
2017-11-08,3.372,3.372,3.372,3.372,0.0,3.372,0
2017-11-09,3.382,3.382,3.382,3.382,0.0,3.382,0
2017-11-10,3.362,3.362,3.362,3.362,0.0,3.362,0
2017-11-13,3.341,3.341,3.341,3.341,0.0,3.341,0
2017-11-14,3.321,3.321,3.321,3.321,0.0,3.321,0
2017-11-15,3.311,3.311,3.311,3.311,0.0,3.311,0
2017-11-16,3.315,3.315,3.315,3.315,0.0,3.315,0
2017-11-17,3.313,3.313,3.313,3.313,0.0,3.313,0
2017-11-20,3.306,3.306,3.306,3.306,0.0,3.306,0
2017-11-21,3.304,3.304,3.304,3.304,0.0,3.304,0
2017-11-22,3.291,3.291,3.291,3.291,0.0,3.291,0
2017-11-24,3.292,3.292,3.292,3.292,0.0,3.292,0
2017-11-27,3.294,3.294,3.294,3.294,0.0,3.294,0
2017-11-28,3.296,3.296,3.296,3.296,0.0,3.296,0
2017-11-29,3.3,3.3,3.3,3.3,0.0,3.3,0
2017-11-30,3.296,3.296,3.296,3.296,0.0,3.296,0
2017-12-01,3.262,3.262,3.262,3.262,0.0,3.262,0
2017-12-04,3.241,3.241,3.241,3.241,0.0,3.241,0
2017-12-05,3.23,3.23,3.23,3.23,0.0,3.23,0
2017-12-06,3.212,3.212,3.212,3.212,0.0,3.212,0
2017-12-07,3.218,3.218,3.218,3.218,0.0,3.218,0
2017-12-08,3.214,3.214,3.214,3.214,0.0,3.214,0
2017-12-11,3.207,3.207,3.207,3.207,0.0,3.207,0
2017-12-12,3.217,3.217,3.217,3.217,0.0,3.217,0
2017-12-13,3.24,3.24,3.24,3.24,0.0,3.24,0
2017-12-14,3.251,3.251,3.251,3.251,0.0,3.251,0
2017-12-15,3.259,3.259,3.259,3.259,0.0,3.259,0
2017-12-18,3.279,3.279,3.279,3.279,0.0,3.279,0
2017-12-19,3.281,3.281,3.281,3.281,0.0,3.281,0
2017-12-20,3.267,3.267,3.267,3.267,0.0,3.267,0
2017-12-21,3.284,3.284,3.284,3.284,0.0,3.284,0
2017-12-22,3.307,3.307,3.307,3.307,0.0,3.307,0
2017-12-26,3.308,3.308,3.308,3.308,0.0,3.308,0
2017-12-27,3.283,3.283,3.283,3.283,0.0,3.283,0
2017-12-28,3.251,3.251,3.251,3.251,0.0,3.251,0
2017-12-29,3.255,3.255,3.255,3.255,0.0,3.255,0
2018-01-02,3.248,3.248,3.248,3.248,0.0,3.248,0
2018-01-03,3.249,3.249,3.249,3.249,0.0,3.249,0
2018-01-04,3.281,3.281,3.281,3.281,0.0,3.281,0
2018-01-05,3.267,3.267,3.267,3.267,0.0,3.267,0
2018-01-08,3.262,3.262,3.262,3.262,0.0,3.262,0
2018-01-09,3.247,3.247,3.247,3.247,0.0,3.247,0
2018-01-10,3.24,3.24,3.24,3.24,0.0,3.24,0
2018-01-11,3.252,3.252,3.252,3.252,0.0,3.252,0
2018-01-12,3.239,3.239,3.239,3.239,0.0,3.239,0
2018-01-16,3.202,3.202,3.202,3.202,0.0,3.202,0
2018-01-17,3.196,3.196,3.196,3.196,0.0,3.196,0
2018-01-18,3.194,3.194,3.194,3.194,0.0,3.194,0
2018-01-19,3.204,3.204,3.204,3.204,0.0,3.204,0
2018-01-22,3.223,3.223,3.223,3.223,0.0,3.223,0
2018-01-23,3.235,3.235,3.235,3.235,0.0,3.235,0
2018-01-24,3.249,3.249,3.249,3.249,0.0,3.249,0
2018-01-25,3.284,3.284,3.284,3.284,0.0,3.284,0
2018-01-26,3.25,3.25,3.25,3.25,0.0,3.25,0
2018-01-29,3.252,3.252,3.252,3.252,0.0,3.252,0
2018-01-30,3.263,3.263,3.263,3.263,0.0,3.263,0
2018-01-31,3.232,3.232,3.232,3.232,0.0,3.232,0
2018-02-01,3.238,3.238,3.238,3.238,0.0,3.238,0
2018-02-02,3.26,3.26,3.26,3.26,0.0,3.26,0
2018-02-05,3.282,3.282,3.282,3.282,0.0,3.282,0
2018-02-06,3.266,3.266,3.266,3.266,0.0,3.266,0
2018-02-07,3.237,3.237,3.237,3.237,0.0,3.237,0
2018-02-08,3.25,3.25,3.25,3.25,0.0,3.25,0
2018-02-09,3.216,3.216,3.216,3.216,0.0,3.216,0
2018-02-12,3.211,3.211,3.211,3.211,0.0,3.211,0
2018-02-13,3.213,3.213,3.213,3.213,0.0,3.213,0
2018-02-14,3.211,3.211,3.211,3.211,0.0,3.211,0
2018-02-15,3.207,3.207,3.207,3.207,0.0,3.207,0
2018-02-16,3.226,3.226,3.226,3.226,0.0,3.226,0
2018-02-20,3.226,3.226,3.226,3.226,0.0,3.226,0
2018-02-21,3.244,3.244,3.244,3.244,0.0,3.244,0
2018-02-22,3.251,3.251,3.251,3.251,0.0,3.251,0
2018-02-23,3.243,3.243,3.243,3.243,0.0,3.243,0
2018-02-26,3.244,3.244,3.244,3.244,0.0,3.244,0
2018-02-27,3.247,3.247,3.247,3.247,0.0,3.247,0
2018-02-28,3.217,3.217,3.217,3.217,0.0,3.217,0
2018-03-01,3.242,3.242,3.242,3.242,0.0,3.242,0
2018-03-02,3.259,3.259,3.259,3.259,0.0,3.259,0
2018-03-05,3.277,3.277,3.277,3.277,0.0,3.277,0
2018-03-06,3.286,3.286,3.286,3.286,0.0,3.286,0
2018-03-07,3.277,3.277,3.277,3.277,0.0,3.277,0
2018-03-08,3.232,3.232,3.232,3.232,0.0,3.232,0
2018-03-09,3.199,3.199,3.199,3.199,0.0,3.199,0
2018-03-12,3.205,3.205,3.205,3.205,0.0,3.205,0
2018-03-13,3.212,3.212,3.212,3.212,0.0,3.212,0
2018-03-14,3.234,3.234,3.234,3.234,0.0,3.234,0
2018-03-15,3.292,3.292,3.292,3.292,0.0,3.292,0
2018-03-16,3.292,3.292,3.292,3.292,0.0,3.292,0
2018-03-19,3.282,3.282,3.282,3.282,0.0,3.282,0
2018-03-20,3.287,3.287,3.287,3.287,0.0,3.287,0
2018-03-21,3.295,3.295,3.295,3.295,0.0,3.295,0
2018-03-22,3.283,3.283,3.283,3.283,0.0,3.283,0
2018-03-23,3.208,3.208,3.208,3.208,0.0,3.208,0
2018-03-26,3.236,3.236,3.236,3.236,0.0,3.236,0
2018-03-27,3.246,3.246,3.246,3.246,0.0,3.246,0
2018-03-28,3.262,3.262,3.262,3.262,0.0,3.262,0
2018-03-29,3.3,3.3,3.3,3.3,0.0,3.3,0
2018-04-02,3.282,3.282,3.282,3.282,0.0,3.282,0
2018-04-03,3.26,3.26,3.26,3.26,0.0,3.26,0
2018-04-04,3.234,3.234,3.234,3.234,0.0,3.234,0
2018-04-05,3.25,3.25,3.25,3.25,0.0,3.25,0
2018-04-06,3.244,3.244,3.244,3.244,0.0,3.244,0
2018-04-09,3.233,3.233,3.233,3.233,0.0,3.233,0
2018-04-10,3.242,3.242,3.242,3.242,0.0,3.242,0
2018-04-11,3.245,3.245,3.245,3.245,0.0,3.245,0
2018-04-12,3.263,3.263,3.263,3.263,0.0,3.263,0
2018-04-13,3.256,3.256,3.256,3.256,0.0,3.256,0
2018-04-16,3.258,3.258,3.258,3.258,0.0,3.258,0
2018-04-17,3.237,3.237,3.237,3.237,0.0,3.237,0
2018-04-18,3.232,3.232,3.232,3.232,0.0,3.232,0
2018-04-19,3.229,3.229,3.229,3.229,0.0,3.229,0
2018-04-20,3.237,3.237,3.237,3.237,0.0,3.237,0
2018-04-23,3.238,3.238,3.238,3.238,0.0,3.238,0
2018-04-24,3.235,3.235,3.235,3.235,0.0,3.235,0
2018-04-25,3.223,3.223,3.223,3.223,0.0,3.223,0
2018-04-26,3.217,3.217,3.217,3.217,0.0,3.217,0
2018-04-27,3.219,3.219,3.219,3.219,0.0,3.219,0
2018-04-30,3.218,3.218,3.218,3.218,0.0,3.218,0
2018-05-01,3.198,3.198,3.198,3.198,0.0,3.198,0
2018-05-02,3.21,3.21,3.21,3.21,0.0,3.21,0
2018-05-03,3.215,3.215,3.215,3.215,0.0,3.215,0
2018-05-04,3.213,3.213,3.213,3.213,0.0,3.213,0
2018-05-07,3.211,3.211,3.211,3.211,0.0,3.211,0
2018-05-08,3.166,3.166,3.166,3.166,0.0,3.166,0
2018-05-09,3.152,3.152,3.152,3.152,0.0,3.152,0
2018-05-10,3.148,3.148,3.148,3.148,0.0,3.148,0
2018-05-11,3.151,3.151,3.151,3.151,0.0,3.151,0
2018-05-14,3.15,3.15,3.15,3.15,0.0,3.15,0
2018-05-15,3.175,3.175,3.175,3.175,0.0,3.175,0
2018-05-16,3.159,3.159,3.159,3.159,0.0,3.159,0
2018-05-17,3.166,3.166,3.166,3.166,0.0,3.166,0
2018-05-18,3.181,3.181,3.181,3.181,0.0,3.181,0
2018-05-21,3.176,3.176,3.176,3.176,0.0,3.176,0
2018-05-22,3.173,3.173,3.173,3.173,0.0,3.173,0
2018-05-23,3.15,3.15,3.15,3.15,0.0,3.15,0
2018-05-24,3.144,3.144,3.144,3.144,0.0,3.144,0
2018-05-25,3.116,3.116,3.116,3.116,0.0,3.116,0
2018-05-29,3.093,3.093,3.093,3.093,0.0,3.093,0
2018-05-30,3.104,3.104,3.104,3.104,0.0,3.104,0
2018-05-31,3.072,3.072,3.072,3.072,0.0,3.072,0
2018-06-01,3.058,3.058,3.058,3.058,0.0,3.058,0
2018-06-04,3.071,3.071,3.071,3.071,0.0,3.071,0
2018-06-05,3.086,3.086,3.086,3.086,0.0,3.086,0
2018-06-06,3.085,3.085,3.085,3.085,0.0,3.085,0
2018-06-07,3.083,3.083,3.083,3.083,0.0,3.083,0
2018-06-08,3.086,3.086,3.086,3.086,0.0,3.086,0
2018-06-11,3.079,3.079,3.079,3.079,0.0,3.079,0
2018-06-12,3.093,3.093,3.093,3.093,0.0,3.093,0
2018-06-13,3.111,3.111,3.111,3.111,0.0,3.111,0
2018-06-14,3.123,3.123,3.123,3.123,0.0,3.123,0
2018-06-15,3.128,3.128,3.128,3.128,0.0,3.128,0
2018-06-18,3.159,3.159,3.159,3.159,0.0,3.159,0
2018-06-19,3.162,3.162,3.162,3.162,0.0,3.162,0
2018-06-20,3.161,3.161,3.161,3.161,0.0,3.161,0
2018-06-21,3.138,3.138,3.138,3.138,0.0,3.138,0
2018-06-22,3.14,3.14,3.14,3.14,0.0,3.14,0
2018-06-25,3.136,3.136,3.136,3.136,0.0,3.136,0
2018-06-26,3.133,3.133,3.133,3.133,0.0,3.133,0
2018-06-27,3.136,3.136,3.136,3.136,0.0,3.136,0
2018-06-28,3.107,3.107,3.107,3.107,0.0,3.107,0
2018-06-29,3.104,3.104,3.104,3.104,0.0,3.104,0
2018-07-02,3.095,3.095,3.095,3.095,0.0,3.095,0
2018-07-03,3.092,3.092,3.092,3.092,0.0,3.092,0
2018-07-05,3.094,3.094,3.094,3.094,0.0,3.094,0
2018-07-06,3.093,3.093,3.093,3.093,0.0,3.093,0
2018-07-09,3.084,3.084,3.084,3.084,0.0,3.084,0
2018-07-10,3.088,3.088,3.088,3.088,0.0,3.088,0
2018-07-11,3.066,3.066,3.066,3.066,0.0,3.066,0
2018-07-12,3.063,3.063,3.063,3.063,0.0,3.063,0
2018-07-13,3.058,3.058,3.058,3.058,0.0,3.058,0
2018-07-16,3.028,3.028,3.028,3.028,0.0,3.028,0
2018-07-17,3.013,3.013,3.013,3.013,0.0,3.013,0
2018-07-18,3.006,3.006,3.006,3.006,0.0,3.006,0
2018-07-19,3.002,3.002,3.002,3.002,0.0,3.002,0
2018-07-20,3.008,3.008,3.008,3.008,0.0,3.008,0
2018-07-23,3.017,3.017,3.017,3.017,0.0,3.017,0
2018-07-24,3.031,3.031,3.031,3.031,0.0,3.031,0
2018-07-25,3.062,3.062,3.062,3.062,0.0,3.062,0
2018-07-26,3.058,3.058,3.058,3.058,0.0,3.058,0
2018-07-27,3.075,3.075,3.075,3.075,0.0,3.075,0
2018-07-30,3.079,3.079,3.079,3.079,0.0,3.079,0
2018-07-31,3.082,3.082,3.082,3.082,0.0,3.082,0
2018-08-01,3.052,3.052,3.052,3.052,0.0,3.052,0
2018-08-02,3.056,3.056,3.056,3.056,0.0,3.056,0
2018-08-03,3.056,3.056,3.056,3.056,0.0,3.056,0
2018-08-06,3.044,3.044,3.044,3.044,0.0,3.044,0
2018-08-07,3.072,3.072,3.072,3.072,0.0,3.072,0
2018-08-08,3.085,3.085,3.085,3.085,0.0,3.085,0
2018-08-09,3.082,3.082,3.082,3.082,0.0,3.082,0
2018-08-10,3.083,3.083,3.083,3.083,0.0,3.083,0
2018-08-13,3.084,3.084,3.084,3.084,0.0,3.084,0
2018-08-14,3.083,3.083,3.083,3.083,0.0,3.083,0
2018-08-15,3.084,3.084,3.084,3.084,0.0,3.084,0
2018-08-16,3.074,3.074,3.074,3.074,0.0,3.074,0
2018-08-17,3.076,3.076,3.076,3.076,0.0,3.076,0
2018-08-20,3.075,3.075,3.075,3.075,0.0,3.075,0
2018-08-21,3.095,3.095,3.095,3.095,0.0,3.095,0
2018-08-22,3.082,3.082,3.082,3.082,0.0,3.082,0
2018-08-23,3.079,3.079,3.079,3.079,0.0,3.079,0
2018-08-24,3.063,3.063,3.063,3.063,0.0,3.063,0
2018-08-27,3.032,3.032,3.032,3.032,0.0,3.032,0
2018-08-28,3.008,3.008,3.008,3.008,0.0,3.008,0
2018-08-29,3.012,3.012,3.012,3.012,0.0,3.012,0
2018-08-30,2.993,2.993,2.993,2.993,0.0,2.993,0
2018-08-31,3.007,3.007,3.007,3.007,0.0,3.007,0
2018-09-04,2.991,2.991,2.991,2.991,0.0,2.991,0
2018-09-05,2.996,2.996,2.996,2.996,0.0,2.996,0
2018-09-06,3.015,3.015,3.015,3.015,0.0,3.015,0
2018-09-07,3.014,3.014,3.014,3.014,0.0,3.014,0
2018-09-10,3.019,3.019,3.019,3.019,0.0,3.019,0
2018-09-11,3.016,3.016,3.016,3.016,0.0,3.016,0
2018-09-12,3.026,3.026,3.026,3.026,0.0,3.026,0
2018-09-13,3.042,3.042,3.042,3.042,0.0,3.042,0
2018-09-14,3.047,3.047,3.047,3.047,0.0,3.047,0
2018-09-17,3.051,3.051,3.051,3.051,0.0,3.051,0
2018-09-18,3.055,3.055,3.055,3.055,0.0,3.055,0
2018-09-19,3.052,3.052,3.052,3.052,0.0,3.052,0
2018-09-20,3.056,3.056,3.056,3.056,0.0,3.056,0
2018-09-21,3.054,3.054,3.054,3.054,0.0,3.054,0
2018-09-24,3.052,3.052,3.052,3.052,0.0,3.052,0
2018-09-25,3.054,3.054,3.054,3.054,0.0,3.054,0
2018-09-26,3.063,3.063,3.063,3.063,0.0,3.063,0
2018-09-27,3.064,3.064,3.064,3.064,0.0,3.064,0
2018-09-28,3.065,3.065,3.065,3.065,0.0,3.065,0
2018-10-01,3.07,3.07,3.07,3.07,0.0,3.07,0
2018-10-02,3.068,3.068,3.068,3.068,0.0,3.068,0
2018-10-03,3.067,3.067,3.067,3.067,0.0,3.067,0
2018-10-04,3.068,3.068,3.068,3.068,0.0,3.068,0
2018-10-05,3.071,3.071,3.071,3.071,0.0,3.071,0
2018-10-08,3.076,3.076,3.076,3.076,0.0,3.076,0
2018-10-09,3.071,3.071,3.071,3.071,0.0,3.071,0
2018-10-10,3.067,3.067,3.067,3.067,0.0,3.067,0
2018-10-11,3.092,3.092,3.092,3.092,0.0,3.092,0
2018-10-12,3.105,3.105,3.105,3.105,0.0,3.105,0
2018-10-15,3.104,3.104,3.104,3.104,0.0,3.104,0
2018-10-16,3.129,3.129,3.129,3.129,0.0,3.129,0
2018-10-17,3.124,3.124,3.124,3.124,0.0,3.124,0
2018-10-18,3.123,3.123,3.123,3.123,0.0,3.123,0
2018-10-19,3.12,3.12,3.12,3.12,0.0,3.12,0
2018-10-22,3.121,3.121,3.121,3.121,0.0,3.121,0
2018-10-23,3.12,3.12,3.12,3.12,0.0,3.12,0
2018-10-24,3.117,3.117,3.117,3.117,0.0,3.117,0
2018-10-25,3.107,3.107,3.107,3.107,0.0,3.107,0
2018-10-26,3.109,3.109,3.109,3.109,0.0,3.109,0
2018-10-29,3.11,3.11,3.11,3.11,0.0,3.11,0
2018-10-30,3.128,3.128,3.128,3.128,0.0,3.128,0
2018-10-31,3.127,3.127,3.127,3.127,0.0,3.127,0
2018-11-01,3.132,3.132,3.132,3.132,0.0,3.132,0
2018-11-02,3.139,3.139,3.139,3.139,0.0,3.139,0
2018-11-05,3.153,3.153,3.153,3.153,0.0,3.153,0
2018-11-06,3.169,3.169,3.169,3.169,0.0,3.169,0
2018-11-07,3.167,3.167,3.167,3.167,0.0,3.167,0
2018-11-08,3.168,3.168,3.168,3.168,0.0,3.168,0
2018-11-09,3.171,3.171,3.171,3.171,0.0,3.171,0
2018-11-12,3.194,3.194,3.194,3.194,0.0,3.194,0
2018-11-13,3.173,3.173,3.173,3.173,0.0,3.173,0
2018-11-14,3.157,3.157,3.157,3.157,0.0,3.157,0
2018-11-15,3.172,3.172,3.172,3.172,0.0,3.172,0
2018-11-16,3.143,3.143,3.143,3.143,0.0,3.143,0
2018-11-19,3.13,3.13,3.13,3.13,0.0,3.13,0
2018-11-20,3.128,3.128,3.128,3.128,0.0,3.128,0
2018-11-21,3.126,3.126,3.126,3.126,0.0,3.126,0
2018-11-23,3.151,3.151,3.151,3.151,0.0,3.151,0
2018-11-26,3.144,3.144,3.144,3.144,0.0,3.144,0
2018-11-27,3.14,3.14,3.14,3.14,0.0,3.14,0
2018-11-28,3.141,3.141,3.141,3.141,0.0,3.141,0
2018-11-29,3.176,3.176,3.176,3.176,0.0,3.176,0
2018-11-30,3.232,3.232,3.232,3.232,0.0,3.232,0
2018-12-03,3.204,3.204,3.204,3.204,0.0,3.204,0
2018-12-04,3.19,3.19,3.19,3.19,0.0,3.19,0
2018-12-05,3.181,3.181,3.181,3.181,0.0,3.181,0
2018-12-06,3.192,3.192,3.192,3.192,0.0,3.192,0
2018-12-07,3.199,3.199,3.199,3.199,0.0,3.199,0
2018-12-10,3.2,3.2,3.2,3.2,0.0,3.2,0
2018-12-11,3.175,3.175,3.175,3.175,0.0,3.175,0
2018-12-12,3.177,3.177,3.177,3.177,0.0,3.177,0
2018-12-13,3.145,3.145,3.145,3.145,0.0,3.145,0
2018-12-14,3.155,3.155,3.155,3.155,0.0,3.155,0
2018-12-17,3.154,3.154,3.154,3.154,0.0,3.154,0
2018-12-18,3.149,3.149,3.149,3.149,0.0,3.149,0
2018-12-19,3.172,3.172,3.172,3.172,0.0,3.172,0
2018-12-20,3.187,3.187,3.187,3.187,0.0,3.187,0
2018-12-21,3.19,3.19,3.19,3.19,0.0,3.19,0
2018-12-24,3.189,3.189,3.189,3.189,0.0,3.189,0
2018-12-26,3.186,3.186,3.186,3.186,0.0,3.186,0
2018-12-27,3.184,3.184,3.184,3.184,0.0,3.184,0
2018-12-28,3.181,3.181,3.181,3.181,0.0,3.181,0
2018-12-31,3.189,3.189,3.189,3.189,0.0,3.189,0
2019-01-02,3.189,3.189,3.189,3.189,0.0,3.189,0
2019-01-03,3.178,3.178,3.178,3.178,0.0,3.178,0
2019-01-04,3.182,3.182,3.182,3.182,0.0,3.182,0
2019-01-07,3.184,3.184,3.184,3.184,0.0,3.184,0
2019-01-08,3.175,3.175,3.175,3.175,0.0,3.175,0
2019-01-09,3.174,3.174,3.174,3.174,0.0,3.174,0
2019-01-10,3.173,3.173,3.173,3.173,0.0,3.173,0
2019-01-11,3.18,3.18,3.18,3.18,0.0,3.18,0
2019-01-14,3.179,3.179,3.179,3.179,0.0,3.179,0
2019-01-15,3.171,3.171,3.171,3.171,0.0,3.171,0
2019-01-16,3.14,3.14,3.14,3.14,0.0,3.14,0
2019-01-17,3.14,3.14,3.14,3.14,0.0,3.14,0
2019-01-18,3.153,3.153,3.153,3.153,0.0,3.153,0
2019-01-22,3.166,3.166,3.166,3.166,0.0,3.166,0
2019-01-23,3.146,3.146,3.146,3.146,0.0,3.146,0
2019-01-24,3.125,3.125,3.125,3.125,0.0,3.125,0
2019-01-25,3.17,3.17,3.17,3.17,0.0,3.17,0
2019-01-28,3.154,3.154,3.154,3.154,0.0,3.154,0
2019-01-29,3.157,3.157,3.157,3.157,0.0,3.157,0
2019-01-30,3.159,3.159,3.159,3.159,0.0,3.159,0
2019-01-31,3.16,3.16,3.16,3.16,0.0,3.16,0
2019-02-01,3.161,3.161,3.161,3.161,0.0,3.161,0
2019-02-04,3.148,3.148,3.148,3.148,0.0,3.148,0
2019-02-05,3.191,3.191,3.191,3.191,0.0,3.191,0
2019-02-06,3.188,3.188,3.188,3.188,0.0,3.188,0
2019-02-07,3.184,3.184,3.184,3.184,0.0,3.184,0
2019-02-08,3.186,3.186,3.186,3.186,0.0,3.186,0
2019-02-11,3.191,3.191,3.191,3.191,0.0,3.191,0
2019-02-12,3.199,3.199,3.199,3.199,0.0,3.199,0
2019-02-13,3.2,3.2,3.2,3.2,0.0,3.2,0
2019-02-14,3.204,3.204,3.204,3.204,0.0,3.204,0
2019-02-15,3.184,3.184,3.184,3.184,0.0,3.184,0
2019-02-19,3.175,3.175,3.175,3.175,0.0,3.175,0
2019-02-20,3.187,3.187,3.187,3.187,0.0,3.187,0
2019-02-21,3.174,3.174,3.174,3.174,0.0,3.174,0
2019-02-22,3.171,3.171,3.171,3.171,0.0,3.171,0
2019-02-25,3.163,3.163,3.163,3.163,0.0,3.163,0
2019-02-26,3.145,3.145,3.145,3.145,0.0,3.145,0
2019-02-27,3.181,3.181,3.181,3.181,0.0,3.181,0
2019-02-28,3.192,3.192,3.192,3.192,0.0,3.192,0
2019-03-01,3.191,3.191,3.191,3.191,0.0,3.191,0
2019-03-04,3.187,3.187,3.187,3.187,0.0,3.187,0
2019-03-05,3.185,3.185,3.185,3.185,0.0,3.185,0
2019-03-06,3.188,3.188,3.188,3.188,0.0,3.188,0
2019-03-07,3.193,3.193,3.193,3.193,0.0,3.193,0
2019-03-08,3.193,3.193,3.193,3.193,0.0,3.193,0
2019-03-11,3.22,3.22,3.22,3.22,0.0,3.22,0
2019-03-12,3.235,3.235,3.235,3.235,0.0,3.235,0
2019-03-13,3.244,3.244,3.244,3.244,0.0,3.244,0
2019-03-14,3.252,3.252,3.252,3.252,0.0,3.252,0
2019-03-15,3.253,3.253,3.253,3.253,0.0,3.253,0
2019-03-18,3.253,3.253,3.253,3.253,0.0,3.253,0
2019-03-19,3.254,3.254,3.254,3.254,0.0,3.254,0
2019-03-20,3.252,3.252,3.252,3.252,0.0,3.252,0
2019-03-21,3.262,3.262,3.262,3.262,0.0,3.262,0
2019-03-22,3.252,3.252,3.252,3.252,0.0,3.252,0
2019-03-25,3.251,3.251,3.251,3.251,0.0,3.251,0
2019-03-26,3.253,3.253,3.253,3.253,0.0,3.253,0
2019-03-27,3.244,3.244,3.244,3.244,0.0,3.244,0
2019-03-28,3.247,3.247,3.247,3.247,0.0,3.247,0
2019-03-29,3.246,3.246,3.246,3.246,0.0,3.246,0
2019-04-01,3.245,3.245,3.245,3.245,0.0,3.245,0
2019-04-02,3.252,3.252,3.252,3.252,0.0,3.252,0
2019-04-03,3.248,3.248,3.248,3.248,0.0,3.248,0
2019-04-04,3.279,3.279,3.279,3.279,0.0,3.279,0
2019-04-05,3.261,3.261,3.261,3.261,0.0,3.261,0
2019-04-08,3.264,3.264,3.264,3.264,0.0,3.264,0
2019-04-09,3.271,3.271,3.271,3.271,0.0,3.271,0
2019-04-10,3.249,3.249,3.249,3.249,0.0,3.249,0
2019-04-11,3.247,3.247,3.247,3.247,0.0,3.247,0
2019-04-12,3.247,3.247,3.247,3.247,0.0,3.247,0
2019-04-15,3.247,3.247,3.247,3.247,0.0,3.247,0
2019-04-16,3.248,3.248,3.248,3.248,0.0,3.248,0
2019-04-17,3.238,3.238,3.238,3.238,0.0,3.238,0
2019-04-18,3.223,3.223,3.223,3.223,0.0,3.223,0
2019-04-22,3.211,3.211,3.211,3.211,0.0,3.211,0
2019-04-23,3.206,3.206,3.206,3.206,0.0,3.206,0
2019-04-24,3.216,3.216,3.216,3.216,0.0,3.216,0
2019-04-25,3.226,3.226,3.226,3.226,0.0,3.226,0
2019-04-26,3.223,3.223,3.223,3.223,0.0,3.223,0
2019-04-29,3.23,3.23,3.23,3.23,0.0,3.23,0
2019-04-30,3.235,3.235,3.235,3.235,0.0,3.235,0
2019-05-01,3.237,3.237,3.237,3.237,0.0,3.237,0
2019-05-02,3.234,3.234,3.234,3.234,0.0,3.234,0
2019-05-03,3.247,3.247,3.247,3.247,0.0,3.247,0
2019-05-06,3.25,3.25,3.25,3.25,0.0,3.25,0
2019-05-07,3.25,3.25,3.25,3.25,0.0,3.25,0
2019-05-08,3.244,3.244,3.244,3.244,0.0,3.244,0
2019-05-09,3.251,3.251,3.251,3.251,0.0,3.251,0
2019-05-10,3.242,3.242,3.242,3.242,0.0,3.242,0
2019-05-13,3.245,3.245,3.245,3.245,0.0,3.245,0
2019-05-14,3.256,3.256,3.256,3.256,0.0,3.256,0
2019-05-15,3.253,3.253,3.253,3.253,0.0,3.253,0
2019-05-16,3.249,3.249,3.249,3.249,0.0,3.249,0
2019-05-17,3.253,3.253,3.253,3.253,0.0,3.253,0
2019-05-20,3.258,3.258,3.258,3.258,0.0,3.258,0
2019-05-21,3.261,3.261,3.261,3.261,0.0,3.261,0
2019-05-22,3.21,3.21,3.21,3.21,0.0,3.21,0
2019-05-23,3.222,3.222,3.222,3.222,0.0,3.222,0
2019-05-24,3.232,3.232,3.232,3.232,0.0,3.232,0
2019-05-28,3.25,3.25,3.25,3.25,0.0,3.25,0
2019-05-29,3.231,3.231,3.231,3.231,0.0,3.231,0
2019-05-30,3.229,3.229,3.229,3.229,0.0,3.229,0
2019-05-31,3.227,3.227,3.227,3.227,0.0,3.227,0
2019-06-03,3.215,3.215,3.215,3.215,0.0,3.215,0
2019-06-04,3.214,3.214,3.214,3.214,0.0,3.214,0
2019-06-05,3.209,3.209,3.209,3.209,0.0,3.209,0
2019-06-06,3.225,3.225,3.225,3.225,0.0,3.225,0
2019-06-07,3.226,3.226,3.226,3.226,0.0,3.226,0
2019-06-10,3.215,3.215,3.215,3.215,0.0,3.215,0
2019-06-11,3.215,3.215,3.215,3.215,0.0,3.215,0
2019-06-12,3.212,3.212,3.212,3.212,0.0,3.212,0
2019-06-13,3.213,3.213,3.213,3.213,0.0,3.213,0
2019-06-14,3.218,3.218,3.218,3.218,0.0,3.218,0
2019-06-17,3.221,3.221,3.221,3.221,0.0,3.221,0
2019-06-18,3.204,3.204,3.204,3.204,0.0,3.204,0
2019-06-19,3.205,3.205,3.205,3.205,0.0,3.205,0
2019-06-20,3.209,3.209,3.209,3.209,0.0,3.209,0
2019-06-21,3.224,3.224,3.224,3.224,0.0,3.224,0
2019-06-24,3.224,3.224,3.224,3.224,0.0,3.224,0
2019-06-25,3.223,3.223,3.223,3.223,0.0,3.223,0
2019-06-26,3.215,3.215,3.215,3.215,0.0,3.215,0
2019-06-27,3.211,3.211,3.211,3.211,0.0,3.211,0
2019-06-28,3.183,3.183,3.183,3.183,0.0,3.183,0
2019-07-01,3.176,3.176,3.176,3.176,0.0,3.176,0
2019-07-02,3.168,3.168,3.168,3.168,0.0,3.168,0
2019-07-03,3.167,3.167,3.167,3.167,0.0,3.167,0
2019-07-05,3.193,3.193,3.193,3.193,0.0,3.193,0
2019-07-08,3.189,3.189,3.189,3.189,0.0,3.189,0
2019-07-09,3.222,3.222,3.222,3.222,0.0,3.222,0
2019-07-10,3.214,3.214,3.214,3.214,0.0,3.214,0
2019-07-11,3.222,3.222,3.222,3.222,0.0,3.222,0
2019-07-12,3.23,3.23,3.23,3.23,0.0,3.23,0
2019-07-15,3.235,3.235,3.235,3.235,0.0,3.235,0
2019-07-16,3.211,3.211,3.211,3.211,0.0,3.211,0
2019-07-17,3.208,3.208,3.208,3.208,0.0,3.208,0
2019-07-18,3.227,3.227,3.227,3.227,0.0,3.227,0
2019-07-19,3.22,3.22,3.22,3.22,0.0,3.22,0
2019-07-22,3.173,3.173,3.173,3.173,0.0,3.173,0
2019-07-23,3.185,3.185,3.185,3.185,0.0,3.185,0
2019-07-24,3.178,3.178,3.178,3.178,0.0,3.178,0
2019-07-25,3.179,3.179,3.179,3.179,0.0,3.179,0
2019-07-26,3.173,3.173,3.173,3.173,0.0,3.173,0
2019-07-29,3.162,3.162,3.162,3.162,0.0,3.162,0
2019-07-30,3.165,3.165,3.165,3.165,0.0,3.165,0
2019-07-31,3.171,3.171,3.171,3.171,0.0,3.171,0
2019-08-01,3.174,3.174,3.174,3.174,0.0,3.174,0
2019-08-02,3.161,3.161,3.161,3.161,0.0,3.161,0
2019-08-05,3.159,3.159,3.159,3.159,0.0,3.159,0
2019-08-06,3.16,3.16,3.16,3.16,0.0,3.16,0
2019-08-07,3.165,3.165,3.165,3.165,0.0,3.165,0
2019-08-08,3.144,3.144,3.144,3.144,0.0,3.144,0
2019-08-09,3.12,3.12,3.12,3.12,0.0,3.12,0
2019-08-12,3.109,3.109,3.109,3.109,0.0,3.109,0
2019-08-13,3.085,3.085,3.085,3.085,0.0,3.085,0
2019-08-14,3.034,3.034,3.034,3.034,0.0,3.034,0
2019-08-15,3.034,3.034,3.034,3.034,0.0,3.034,0
2019-08-16,3.016,3.016,3.016,3.016,0.0,3.016,0
2019-08-19,3.015,3.015,3.015,3.015,0.0,3.015,0
2019-08-20,3.02,3.02,3.02,3.02,0.0,3.02,0
2019-08-21,3.021,3.021,3.021,3.021,0.0,3.021,0
2019-08-22,3.01,3.01,3.01,3.01,0.0,3.01,0
2019-08-23,3.04,3.04,3.04,3.04,0.0,3.04,0
2019-08-26,3.044,3.044,3.044,3.044,0.0,3.044,0
2019-08-27,3.059,3.059,3.059,3.059,0.0,3.059,0
2019-08-28,3.078,3.078,3.078,3.078,0.0,3.078,0
2019-08-29,3.073,3.073,3.073,3.073,0.0,3.073,0
2019-08-30,3.033,3.033,3.033,3.033,0.0,3.033,0
2019-09-03,3.039,3.039,3.039,3.039,0.0,3.039,0
2019-09-04,3.02,3.02,3.02,3.02,0.0,3.02,0
2019-09-05,3.022,3.022,3.022,3.022,0.0,3.022,0
2019-09-06,3.009,3.009,3.009,3.009,0.0,3.009,0
2019-09-09,2.973,2.973,2.973,2.973,0.0,2.973,0
2019-09-10,2.977,2.977,2.977,2.977,0.0,2.977,0
2019-09-11,2.972,2.972,2.972,2.972,0.0,2.972,0
2019-09-12,2.977,2.977,2.977,2.977,0.0,2.977,0
2019-09-13,2.942,2.942,2.942,2.942,0.0,2.942,0
2019-09-16,2.972,2.972,2.972,2.972,0.0,2.972,0
2019-09-17,2.936,2.936,2.936,2.936,0.0,2.936,0
2019-09-18,2.949,2.949,2.949,2.949,0.0,2.949,0
2019-09-19,2.943,2.943,2.943,2.943,0.0,2.943,0
2019-09-20,2.954,2.954,2.954,2.954,0.0,2.954,0
2019-09-23,2.951,2.951,2.951,2.951,0.0,2.951,0
2019-09-24,2.937,2.937,2.937,2.937,0.0,2.937,0
2019-09-25,2.936,2.936,2.936,2.936,0.0,2.936,0
2019-09-26,2.937,2.937,2.937,2.937,0.0,2.937,0
2019-09-27,2.926,2.926,2.926,2.926,0.0,2.926,0
2019-09-30,2.988,2.988,2.988,2.988,0.0,2.988,0
2019-10-01,2.937,2.937,2.937,2.937,0.0,2.937,0
2019-10-02,2.955,2.955,2.955,2.955,0.0,2.955,0
2019-10-03,2.94,2.94,2.94,2.94,0.0,2.94,0
2019-10-04,2.93,2.93,2.93,2.93,0.0,2.93,0
2019-10-07,2.934,2.934,2.934,2.934,0.0,2.934,0
2019-10-08,2.91,2.91,2.91,2.91,0.0,2.91,0
2019-10-09,2.921,2.921,2.921,2.921,0.0,2.921,0
2019-10-10,2.922,2.922,2.922,2.922,0.0,2.922,0
2019-10-11,2.933,2.933,2.933,2.933,0.0,2.933,0
2019-10-14,2.948,2.948,2.948,2.948,0.0,2.948,0
2019-10-15,2.964,2.964,2.964,2.964,0.0,2.964,0
2019-10-16,2.966,2.966,2.966,2.966,0.0,2.966,0
2019-10-17,2.963,2.963,2.963,2.963,0.0,2.963,0
2019-10-18,2.958,2.958,2.958,2.958,0.0,2.958,0
2019-10-21,2.953,2.953,2.953,2.953,0.0,2.953,0
2019-10-22,2.957,2.957,2.957,2.957,0.0,2.957,0
2019-10-23,2.951,2.951,2.951,2.951,0.0,2.951,0
2019-10-24,2.955,2.955,2.955,2.955,0.0,2.955,0
2019-10-25,2.953,2.953,2.953,2.953,0.0,2.953,0
2019-10-28,2.962,2.962,2.962,2.962,0.0,2.962,0
2019-10-29,2.978,2.978,2.978,2.978,0.0,2.978,0
2019-10-30,2.985,2.985,2.985,2.985,0.0,2.985,0
2019-10-31,2.983,2.983,2.983,2.983,0.0,2.983,0
2019-11-01,2.992,2.992,2.992,2.992,0.0,2.992,0
2019-11-04,2.933,2.933,2.933,2.933,0.0,2.933,0
2019-11-05,2.912,2.912,2.912,2.912,0.0,2.912,0
2019-11-06,2.923,2.923,2.923,2.923,0.0,2.923,0
2019-11-07,2.89,2.89,2.89,2.89,0.0,2.89,0
2019-11-08,2.897,2.897,2.897,2.897,0.0,2.897,0
2019-11-11,2.888,2.888,2.888,2.888,0.0,2.888,0
2019-11-12,2.848,2.848,2.848,2.848,0.0,2.848,0
2019-11-13,2.839,2.839,2.839,2.839,0.0,2.839,0
2019-11-14,2.834,2.834,2.834,2.834,0.0,2.834,0
2019-11-15,2.835,2.835,2.835,2.835,0.0,2.835,0
2019-11-18,2.839,2.839,2.839,2.839,0.0,2.839,0
2019-11-19,2.846,2.846,2.846,2.846,0.0,2.846,0
2019-11-20,2.858,2.858,2.858,2.858,0.0,2.858,0
2019-11-21,2.865,2.865,2.865,2.865,0.0,2.865,0
2019-11-22,2.865,2.865,2.865,2.865,0.0,2.865,0
2019-11-25,2.857,2.857,2.857,2.857,0.0,2.857,0
2019-11-26,2.851,2.851,2.851,2.851,0.0,2.851,0
2019-11-27,2.855,2.855,2.855,2.855,0.0,2.855,0
2019-11-29,2.813,2.813,2.813,2.813,0.0,2.813,0
2019-12-02,2.839,2.839,2.839,2.839,0.0,2.839,0
2019-12-03,2.848,2.848,2.848,2.848,0.0,2.848,0
2019-12-04,2.847,2.847,2.847,2.847,0.0,2.847,0
2019-12-05,2.839,2.839,2.839,2.839,0.0,2.839,0
2019-12-06,2.812,2.812,2.812,2.812,0.0,2.812,0
2019-12-09,2.791,2.791,2.791,2.791,0.0,2.791,0
2019-12-10,2.8,2.8,2.8,2.8,0.0,2.8,0
2019-12-11,2.797,2.797,2.797,2.797,0.0,2.797,0
2019-12-12,2.802,2.802,2.802,2.802,0.0,2.802,0
2019-12-13,2.785,2.785,2.785,2.785,0.0,2.785,0
2019-12-16,2.794,2.794,2.794,2.794,0.0,2.794,0
2019-12-17,2.796,2.796,2.796,2.796,0.0,2.796,0
2019-12-18,2.755,2.755,2.755,2.755,0.0,2.755,0
2019-12-19,2.729,2.729,2.729,2.729,0.0,2.729,0
2019-12-20,2.72,2.72,2.72,2.72,0.0,2.72,0
2019-12-23,2.727,2.727,2.727,2.727,0.0,2.727,0
2019-12-24,2.725,2.725,2.725,2.725,0.0,2.725,0
2019-12-26,2.713,2.713,2.713,2.713,0.0,2.713,0
2019-12-27,2.711,2.711,2.711,2.711,0.0,2.711,0
2019-12-30,2.708,2.708,2.708,2.708,0.0,2.708,0
2019-12-31,2.717,2.717,2.717,2.717,0.0,2.717,0
2020-01-02,2.712,2.712,2.712,2.712,0.0,2.712,0
2020-01-03,2.712,2.712,2.712,2.712,0.0,2.712,0
2020-01-06,2.716,2.716,2.716,2.716,0.0,2.716,0
2020-01-07,2.726,2.726,2.726,2.726,0.0,2.726,0
2020-01-08,2.729,2.729,2.729,2.729,0.0,2.729,0
2020-01-09,2.74,2.74,2.74,2.74,0.0,2.74,0
2020-01-10,2.742,2.742,2.742,2.742,0.0,2.742,0
2020-01-13,2.742,2.742,2.742,2.742,0.0,2.742,0
2020-01-14,2.741,2.741,2.741,2.741,0.0,2.741,0
2020-01-15,2.74,2.74,2.74,2.74,0.0,2.74,0
2020-01-16,2.747,2.747,2.747,2.747,0.0,2.747,0
2020-01-17,2.757,2.757,2.757,2.757,0.0,2.757,0
2020-01-21,2.747,2.747,2.747,2.747,0.0,2.747,0
2020-01-22,2.732,2.732,2.732,2.732,0.0,2.732,0
2020-01-23,2.724,2.724,2.724,2.724,0.0,2.724,0
2020-01-24,2.736,2.736,2.736,2.736,0.0,2.736,0
2020-01-27,2.695,2.695,2.695,2.695,0.0,2.695,0
2020-01-28,2.705,2.705,2.705,2.705,0.0,2.705,0
2020-01-29,2.695,2.695,2.695,2.695,0.0,2.695,0
2020-01-30,2.69,2.69,2.69,2.69,0.0,2.69,0
2020-01-31,2.691,2.691,2.691,2.691,0.0,2.691,0
2020-02-03,2.686,2.686,2.686,2.686,0.0,2.686,0
2020-02-04,2.682,2.682,2.682,2.682,0.0,2.682,0
2020-02-05,2.659,2.659,2.659,2.659,0.0,2.659,0
2020-02-06,2.663,2.663,2.663,2.663,0.0,2.663,0
2020-02-07,2.681,2.681,2.681,2.681,0.0,2.681,0
2020-02-10,2.673,2.673,2.673,2.673,0.0,2.673,0
2020-02-11,2.658,2.658,2.658,2.658,0.0,2.658,0
2020-02-12,2.665,2.665,2.665,2.665,0.0,2.665,0
2020-02-13,2.655,2.655,2.655,2.655,0.0,2.655,0
2020-02-14,2.666,2.666,2.666,2.666,0.0,2.666,0
2020-02-18,2.639,2.639,2.639,2.639,0.0,2.639,0
2020-02-19,2.66,2.66,2.66,2.66,0.0,2.66,0
2020-02-20,2.655,2.655,2.655,2.655,0.0,2.655,0
2020-02-21,2.685,2.685,2.685,2.685,0.0,2.685,0
2020-02-24,2.691,2.691,2.691,2.691,0.0,2.691,0
2020-02-25,2.694,2.694,2.694,2.694,0.0,2.694,0
2020-02-26,2.717,2.717,2.717,2.717,0.0,2.717,0
2020-02-27,2.707,2.707,2.707,2.707,0.0,2.707,0
2020-02-28,2.745,2.745,2.745,2.745,0.0,2.745,0
2020-03-02,2.785,2.785,2.785,2.785,0.0,2.785,0
2020-03-03,2.781,2.781,2.781,2.781,0.0,2.781,0
2020-03-04,2.77,2.77,2.77,2.77,0.0,2.77,0
2020-03-05,2.745,2.745,2.745,2.745,0.0,2.745,0
2020-03-06,2.758,2.758,2.758,2.758,0.0,2.758,0
2020-03-09,2.795,2.795,2.795,2.795,0.0,2.795,0
2020-03-10,2.795,2.795,2.795,2.795,0.0,2.795,0
2020-03-11,2.757,2.757,2.757,2.757,0.0,2.757,0
2020-03-12,2.707,2.707,2.707,2.707,0.0,2.707,0
2020-03-13,2.702,2.702,2.702,2.702,0.0,2.702,0
2020-03-16,2.691,2.691,2.691,2.691,0.0,2.691,0
2020-03-17,2.72,2.72,2.72,2.72,0.0,2.72,0
2020-03-18,2.726,2.726,2.726,2.726,0.0,2.726,0
2020-03-19,2.739,2.739,2.739,2.739,0.0,2.739,0
2020-03-20,2.733,2.733,2.733,2.733,0.0,2.733,0
2020-03-23,2.728,2.728,2.728,2.728,0.0,2.728,0
2020-03-24,2.695,2.695,2.695,2.695,0.0,2.695,0
2020-03-25,2.69,2.69,2.69,2.69,0.0,2.69,0
2020-03-26,2.656,2.656,2.656,2.656,0.0,2.656,0
2020-03-27,2.678,2.678,2.678,2.678,0.0,2.678,0
2020-03-30,2.686,2.686,2.686,2.686,0.0,2.686,0
2020-03-31,2.674,2.674,2.674,2.674,0.0,2.674,0
2020-04-01,2.644,2.644,2.644,2.644,0.0,2.644,0
2020-04-02,2.63,2.63,2.63,2.63,0.0,2.63,0
2020-04-03,2.614,2.614,2.614,2.614,0.0,2.614,0
2020-04-06,2.63,2.63,2.63,2.63,0.0,2.63,0
2020-04-07,2.624,2.624,2.624,2.624,0.0,2.624,0
2020-04-08,2.641,2.641,2.641,2.641,0.0,2.641,0
2020-04-09,2.658,2.658,2.658,2.658,0.0,2.658,0
2020-04-13,2.686,2.686,2.686,2.686,0.0,2.686,0
2020-04-14,2.668,2.668,2.668,2.668,0.0,2.668,0
2020-04-15,2.637,2.637,2.637,2.637,0.0,2.637,0
2020-04-16,2.642,2.642,2.642,2.642,0.0,2.642,0
2020-04-17,2.643,2.643,2.643,2.643,0.0,2.643,0
2020-04-20,2.661,2.661,2.661,2.661,0.0,2.661,0
2020-04-21,2.644,2.644,2.644,2.644,0.0,2.644,0
2020-04-22,2.672,2.672,2.672,2.672,0.0,2.672,0
2020-04-23,2.626,2.626,2.626,2.626,0.0,2.626,0
2020-04-24,2.624,2.624,2.624,2.624,0.0,2.624,0
2020-04-27,2.65,2.65,2.65,2.65,0.0,2.65,0
2020-04-28,2.642,2.642,2.642,2.642,0.0,2.642,0
2020-04-29,2.637,2.637,2.637,2.637,0.0,2.637,0
2020-04-30,2.612,2.612,2.612,2.612,0.0,2.612,0
2020-05-01,2.595,2.595,2.595,2.595,0.0,2.595,0
2020-05-04,2.572,2.572,2.572,2.572,0.0,2.572,0
2020-05-05,2.559,2.559,2.559,2.559,0.0,2.559,0
2020-05-06,2.598,2.598,2.598,2.598,0.0,2.598,0
2020-05-07,2.58,2.58,2.58,2.58,0.0,2.58,0
2020-05-08,2.579,2.579,2.579,2.579,0.0,2.579,0
2020-05-11,2.555,2.555,2.555,2.555,0.0,2.555,0
2020-05-12,2.559,2.559,2.559,2.559,0.0,2.559,0
2020-05-13,2.559,2.559,2.528,2.528,15.0,2.559,1
2020-05-14,2.502,2.502,2.502,2.502,0.0,2.502,0
2020-05-15,2.548,2.548,2.548,2.548,0.0,2.548,0
2020-05-18,2.566,2.566,2.566,2.566,0.0,2.566,0
2020-05-19,2.563,2.563,2.563,2.563,0.0,2.563,0
2020-05-20,2.52,2.52,2.52,2.52,0.0,2.52,0
2020-05-21,2.511,2.511,2.511,2.511,0.0,2.511,0
2020-05-22,2.554,2.554,2.554,2.554,0.0,2.554,0
2020-05-26,2.554,2.554,2.554,2.554,0.0,2.554,0
2020-05-27,2.593,2.593,2.593,2.593,0.0,2.593,0
2020-05-28,2.585,2.585,2.585,2.585,0.0,2.585,0
2020-05-29,2.579,2.579,2.579,2.579,0.0,2.579,0
2020-06-01,2.556,2.556,2.556,2.556,0.0,2.556,0
2020-06-02,2.561,2.561,2.561,2.561,0.0,2.561,0
2020-06-03,2.548,2.548,2.548,2.548,0.0,2.548,0
2020-06-04,2.557,2.557,2.557,2.557,0.0,2.557,0
2020-06-05,2.551,2.551,2.551,2.551,0.0,2.551,0
2020-06-08,2.565,2.565,2.565,2.565,0.0,2.565,0
2020-06-09,2.573,2.573,2.573,2.573,0.0,2.573,0
2020-06-10,2.564,2.564,2.564,2.564,0.0,2.564,0
2020-06-11,2.559,2.559,2.559,2.559,0.0,2.559,0
2020-06-12,2.548,2.548,2.548,2.548,0.0,2.548,0
2020-06-15,2.575,2.575,2.575,2.575,0.0,2.575,0
2020-06-16,2.57,2.57,2.57,2.57,0.0,2.57,0
2020-06-17,2.565,2.565,2.565,2.565,0.0,2.565,0
2020-06-18,2.569,2.569,2.569,2.569,0.0,2.569,0
2020-06-19,2.552,2.552,2.552,2.552,0.0,2.552,0
2020-06-22,2.54,2.54,2.54,2.54,0.0,2.54,0
2020-06-23,2.539,2.539,2.539,2.539,0.0,2.539,0
2020-06-24,2.547,2.547,2.547,2.547,0.0,2.547,0
2020-06-25,2.565,2.565,2.565,2.565,0.0,2.565,0
2020-06-26,2.587,2.587,2.587,2.587,0.0,2.587,0
2020-06-29,2.585,2.585,2.585,2.585,0.0,2.585,0
2020-06-30,2.585,2.585,2.585,2.585,0.0,2.585,0
2020-07-01,2.598,2.598,2.598,2.598,0.0,2.598,0
2020-07-02,2.64,2.64,2.64,2.64,0.0,2.64,0
2020-07-06,2.619,2.619,2.619,2.619,0.0,2.619,0
2020-07-07,2.612,2.612,2.612,2.612,0.0,2.612,0
2020-07-08,2.64,2.64,2.64,2.64,0.0,2.64,0
2020-07-09,2.625,2.625,2.625,2.625,0.0,2.625,0
2020-07-10,2.607,2.607,2.607,2.607,0.0,2.607,0
2020-07-13,2.603,2.603,2.603,2.603,0.0,2.603,0
2020-07-14,2.602,2.602,2.602,2.602,0.0,2.602,0
2020-07-15,2.612,2.612,2.612,2.612,0.0,2.612,0
2020-07-16,2.605,2.605,2.605,2.605,0.0,2.605,0
2020-07-17,2.602,2.602,2.602,2.602,0.0,2.602,0
2020-07-20,2.593,2.593,2.593,2.593,0.0,2.593,0
2020-07-21,2.607,2.607,2.607,2.607,0.0,2.607,0
2020-07-22,2.616,2.616,2.616,2.616,0.0,2.616,0
2020-07-23,2.7,2.7,2.7,2.7,0.0,2.7,0
2020-07-24,2.739,2.739,2.739,2.739,0.0,2.739,0
2020-07-27,2.799,2.799,2.799,2.799,0.0,2.799,0
2020-07-28,2.796,2.796,2.796,2.796,0.0,2.796,0
2020-07-29,2.801,2.801,2.801,2.801,0.0,2.801,0
2020-07-30,2.81,2.81,2.81,2.81,0.0,2.81,0
2020-07-31,2.828,2.828,2.828,2.828,0.0,2.828,0
2020-08-03,2.826,2.826,2.826,2.826,0.0,2.826,0
2020-08-04,2.82,2.82,2.82,2.82,0.0,2.82,0
2020-08-05,2.843,2.843,2.843,2.843,0.0,2.843,0
2020-08-06,2.868,2.868,2.868,2.868,0.0,2.868,0
2020-08-07,2.922,2.922,2.922,2.922,0.0,2.922,0
2020-08-10,2.89,2.89,2.89,2.89,0.0,2.89,0
2020-08-11,2.805,2.805,2.805,2.805,0.0,2.805,0
2020-08-12,2.782,2.782,2.782,2.782,0.0,2.782,0
2020-08-13,2.802,2.802,2.802,2.802,0.0,2.802,0
2020-08-14,2.793,2.793,2.793,2.793,0.0,2.793,0
2020-08-17,2.793,2.793,2.793,2.793,0.0,2.793,0
2020-08-18,2.788,2.788,2.788,2.788,0.0,2.788,0
2020-08-19,2.783,2.783,2.783,2.783,0.0,2.783,0
2020-08-20,2.781,2.781,2.781,2.781,0.0,2.781,0
2020-08-21,2.776,2.776,2.776,2.776,0.0,2.776,0
2020-08-24,2.771,2.771,2.771,2.771,0.0,2.771,0
2020-08-25,2.764,2.764,2.764,2.764,0.0,2.764,0
2020-08-26,2.792,2.792,2.792,2.792,0.0,2.792,0
2020-08-27,2.801,2.801,2.801,2.801,0.0,2.801,0
2020-08-28,2.789,2.789,2.789,2.789,0.0,2.789,0
2020-08-31,2.763,2.763,2.763,2.763,0.0,2.763,0
2020-09-01,2.761,2.761,2.761,2.761,0.0,2.761,0
2020-09-02,2.755,2.755,2.755,2.755,0.0,2.755,0
2020-09-03,2.752,2.752,2.752,2.752,0.0,2.752,0
2020-09-04,2.692,2.692,2.692,2.692,0.0,2.692,0
2020-09-08,2.693,2.693,2.693,2.693,0.0,2.693,0
2020-09-09,2.679,2.679,2.679,2.679,0.0,2.679,0
2020-09-10,2.661,2.661,2.661,2.661,0.0,2.661,0
2020-09-11,2.638,2.638,2.638,2.638,0.0,2.638,0
2020-09-14,2.626,2.626,2.626,2.626,0.0,2.626,0
2020-09-15,2.633,2.633,2.633,2.633,0.0,2.633,0
2020-09-16,2.631,2.631,2.631,2.631,0.0,2.631,0
2020-09-17,2.619,2.619,2.619,2.619,0.0,2.619,0
2020-09-18,2.64,2.64,2.64,2.64,0.0,2.64,0
2020-09-21,2.611,2.611,2.611,2.611,0.0,2.611,0
2020-09-22,2.65,2.65,2.65,2.65,0.0,2.65,0
2020-09-23,2.69,2.69,2.69,2.69,0.0,2.69,0
2020-09-24,2.716,2.716,2.716,2.716,0.0,2.716,0
2020-09-25,2.735,2.735,2.735,2.735,0.0,2.735,0
2020-09-28,2.743,2.743,2.743,2.743,0.0,2.743,0
2020-09-29,2.714,2.714,2.714,2.714,0.0,2.714,0
2020-09-30,2.695,2.695,2.695,2.695,0.0,2.695,0
2020-10-01,2.675,2.675,2.675,2.675,0.0,2.675,0
2020-10-02,2.672,2.672,2.672,2.672,0.0,2.672,0
2020-10-05,2.65,2.65,2.65,2.65,0.0,2.65,0
2020-10-06,2.657,2.657,2.657,2.657,0.0,2.657,0
2020-10-07,2.68,2.68,2.68,2.68,0.0,2.68,0
2020-10-08,2.655,2.655,2.655,2.655,0.0,2.655,0
2020-10-09,2.685,2.685,2.685,2.685,0.0,2.685,0
2020-10-12,2.671,2.671,2.671,2.671,0.0,2.671,0
2020-10-13,2.651,2.651,2.651,2.651,0.0,2.651,0
2020-10-14,2.678,2.678,2.678,2.678,0.0,2.678,0
2020-10-15,2.664,2.664,2.664,2.664,0.0,2.664,0
2020-10-16,2.667,2.667,2.667,2.667,0.0,2.667,0
2020-10-19,2.71,2.71,2.71,2.71,0.0,2.71,0
2020-10-20,2.651,2.651,2.651,2.651,0.0,2.651,0
2020-10-21,2.672,2.672,2.672,2.672,0.0,2.672,0
2020-10-22,2.674,2.674,2.674,2.674,0.0,2.674,0
2020-10-23,2.649,2.649,2.649,2.649,0.0,2.649,0
2020-10-26,2.587,2.587,2.587,2.587,0.0,2.587,0
2020-10-27,2.641,2.641,2.641,2.641,0.0,2.641,0
2020-10-28,2.691,2.691,2.691,2.691,0.0,2.691,0
2020-10-29,2.703,2.703,2.703,2.703,0.0,2.703,0
2020-10-30,2.72,2.72,2.72,2.72,0.0,2.72,0
2020-11-02,2.708,2.708,2.708,2.708,0.0,2.708,0
2020-11-03,2.762,2.762,2.762,2.762,0.0,2.762,0
2020-11-04,2.759,2.759,2.759,2.759,0.0,2.759,0
2020-11-05,2.754,2.754,2.754,2.754,0.0,2.754,0
2020-11-06,2.744,2.744,2.744,2.744,0.0,2.744,0
2020-11-09,2.74,2.74,2.74,2.74,0.0,2.74,0
2020-11-10,2.75,2.75,2.75,2.75,0.0,2.75,0
2020-11-11,2.765,2.765,2.765,2.765,0.0,2.765,0
2020-11-12,2.762,2.762,2.762,2.762,0.0,2.762,0
2020-11-13,2.717,2.717,2.717,2.717,0.0,2.717,0
2020-11-16,2.714,2.714,2.714,2.714,0.0,2.714,0
2020-11-17,2.731,2.731,2.731,2.731,0.0,2.731,0
2020-11-18,2.755,2.755,2.755,2.755,0.0,2.755,0
2020-11-19,2.755,2.755,2.755,2.755,0.0,2.755,0
2020-11-20,2.748,2.748,2.748,2.748,0.0,2.748,0
2020-11-23,2.742,2.742,2.742,2.742,0.0,2.742,0
2020-11-24,2.744,2.744,2.744,2.744,0.0,2.744,0
2020-11-25,2.727,2.727,2.727,2.727,0.0,2.727,0
2020-11-27,2.723,2.723,2.723,2.723,0.0,2.723,0
2020-11-30,2.709,2.709,2.709,2.709,0.0,2.709,0
2020-12-01,2.771,2.771,2.771,2.771,0.0,2.771,0
2020-12-02,2.796,2.796,2.796,2.796,0.0,2.796,0
2020-12-03,2.768,2.768,2.768,2.768,0.0,2.768,0
2020-12-04,2.788,2.788,2.788,2.788,0.0,2.788,0
2020-12-07,2.759,2.759,2.759,2.759,0.0,2.759,0
2020-12-08,2.747,2.747,2.747,2.747,0.0,2.747,0
2020-12-09,2.757,2.757,2.757,2.757,0.0,2.757,0
2020-12-10,2.762,2.762,2.762,2.762,0.0,2.762,0
2020-12-11,2.781,2.781,2.781,2.781,0.0,2.781,0
2020-12-14,2.775,2.775,2.775,2.775,0.0,2.775,0
2020-12-15,2.76,2.76,2.76,2.76,0.0,2.76,0
2020-12-16,2.772,2.772,2.772,2.772,0.0,2.772,0
2020-12-17,2.76,2.76,2.76,2.76,0.0,2.76,0
2020-12-18,2.774,2.774,2.774,2.774,0.0,2.774,0
2020-12-21,2.745,2.745,2.745,2.745,0.0,2.745,0
2020-12-22,2.78,2.78,2.78,2.78,0.0,2.78,0
2020-12-23,2.775,2.775,2.775,2.775,0.0,2.775,0
2020-12-24,2.787,2.787,2.787,2.787,0.0,2.787,0
2020-12-28,2.706,2.706,2.706,2.706,0.0,2.706,0
2020-12-29,2.775,2.775,2.775,2.775,0.0,2.775,0
2020-12-30,2.746,2.746,2.746,2.746,0.0,2.746,0
2020-12-31,2.773,2.773,2.773,2.773,0.0,2.773,0
2021-01-04,2.781,2.781,2.781,2.781,0.0,2.781,0
2021-01-05,2.796,2.796,2.796,2.796,0.0,2.796,0
2021-01-06,2.829,2.829,2.829,2.829,0.0,2.829,0
2021-01-07,2.797,2.797,2.797,2.797,0.0,2.797,0
2021-01-08,2.781,2.781,2.781,2.781,0.0,2.781,0
2021-01-11,2.784,2.784,2.784,2.784,0.0,2.784,0
2021-01-12,2.802,2.802,2.802,2.802,0.0,2.802,0
2021-01-13,2.833,2.833,2.833,2.833,0.0,2.833,0
2021-01-14,2.781,2.781,2.781,2.781,0.0,2.781,0
2021-01-15,2.817,2.817,2.817,2.817,0.0,2.817,0
2021-01-19,2.81,2.81,2.81,2.81,0.0,2.81,0
2021-01-20,2.824,2.824,2.824,2.824,0.0,2.824,0
2021-01-21,2.819,2.819,2.819,2.819,0.0,2.819,0
2021-01-22,2.834,2.834,2.834,2.834,0.0,2.834,0
2021-01-25,2.791,2.791,2.791,2.791,0.0,2.791,0
2021-01-26,2.82,2.82,2.82,2.82,0.0,2.82,0
2021-01-27,2.835,2.835,2.835,2.835,0.0,2.835,0
2021-01-28,2.834,2.834,2.834,2.834,0.0,2.834,0
2021-01-29,2.828,2.828,2.828,2.828,0.0,2.828,0
2021-02-01,2.832,2.832,2.832,2.832,0.0,2.832,0
2021-02-02,2.828,2.828,2.828,2.828,0.0,2.828,0
2021-02-03,2.809,2.809,2.809,2.809,0.0,2.809,0
2021-02-04,2.785,2.785,2.785,2.785,0.0,2.785,0
2021-02-05,2.794,2.794,2.794,2.794,0.0,2.794,0
2021-02-08,2.814,2.814,2.814,2.814,0.0,2.814,0
2021-02-09,2.814,2.814,2.814,2.814,0.0,2.814,0
2021-02-10,2.819,2.819,2.819,2.819,0.0,2.819,0
2021-02-11,2.806,2.806,2.806,2.806,0.0,2.806,0
2021-02-12,2.8,2.8,2.8,2.8,0.0,2.8,0
2021-02-16,2.817,2.817,2.817,2.817,0.0,2.817,0
2021-02-17,2.812,2.812,2.812,2.812,0.0,2.812,0
2021-02-18,2.802,2.802,2.802,2.802,0.0,2.802,0
2021-02-19,2.798,2.798,2.798,2.798,0.0,2.798,0
2021-02-22,2.8,2.8,2.8,2.8,0.0,2.8,0
2021-02-23,2.805,2.805,2.805,2.805,0.0,2.805,0
2021-02-24,2.799,2.799,2.799,2.799,0.0,2.799,0
2021-02-25,2.748,2.748,2.748,2.748,0.0,2.748,0
2021-02-26,2.771,2.771,2.771,2.771,0.0,2.771,0
2021-03-01,2.789,2.789,2.789,2.789,0.0,2.789,0
2021-03-02,2.798,2.798,2.798,2.798,0.0,2.798,0
2021-03-03,2.773,2.773,2.773,2.773,0.0,2.773,0
2021-03-04,2.748,2.748,2.748,2.748,0.0,2.748,0
2021-03-05,2.754,2.754,2.754,2.754,0.0,2.754,0
2021-03-08,2.772,2.772,2.772,2.772,0.0,2.772,0
2021-03-09,2.779,2.779,2.779,2.779,0.0,2.779,0
2021-03-10,2.777,2.777,2.777,2.777,0.0,2.777,0
2021-03-11,2.774,2.774,2.774,2.774,0.0,2.774,0
2021-03-12,2.791,2.791,2.791,2.791,0.0,2.791,0
2021-03-15,2.764,2.764,2.764,2.764,0.0,2.764,0
2021-03-16,2.796,2.796,2.796,2.796,0.0,2.796,0
2021-03-17,2.777,2.777,2.777,2.777,0.0,2.777,0
2021-03-18,2.791,2.791,2.791,2.791,0.0,2.791,0
2021-03-19,2.797,2.797,2.797,2.797,0.0,2.797,0
2021-03-22,2.793,2.793,2.793,2.793,0.0,2.793,0
2021-03-23,2.807,2.807,2.807,2.807,0.0,2.807,0
2021-03-24,2.81,2.81,2.81,2.81,0.0,2.81,0
2021-03-25,2.81,2.81,2.81,2.81,0.0,2.81,0
2021-03-26,2.812,2.812,2.812,2.812,0.0,2.812,0
2021-03-29,2.837,2.837,2.837,2.837,0.0,2.837,0
2021-03-30,2.848,2.848,2.848,2.848,0.0,2.848,0
2021-03-31,2.854,2.854,2.854,2.854,0.0,2.854,0
2021-04-01,2.876,2.876,2.876,2.876,0.0,2.876,0
2021-04-05,2.863,2.863,2.863,2.863,0.0,2.863,0
2021-04-06,2.858,2.858,2.858,2.858,0.0,2.858,0
2021-04-07,2.861,2.861,2.861,2.861,0.0,2.861,0
2021-04-08,2.861,2.861,2.861,2.861,0.0,2.861,0
2021-04-09,2.895,2.895,2.895,2.895,0.0,2.895,0
2021-04-12,2.904,2.904,2.904,2.904,0.0,2.904,0
2021-04-13,2.887,2.887,2.887,2.887,0.0,2.887,0
2021-04-14,2.896,2.896,2.896,2.896,0.0,2.896,0
2021-04-15,2.9,2.9,2.9,2.9,0.0,2.9,0
2021-04-16,2.913,2.913,2.913,2.913,0.0,2.913,0
2021-04-19,2.907,2.907,2.907,2.907,0.0,2.907,0
2021-04-20,2.864,2.864,2.864,2.864,0.0,2.864,0
2021-04-21,2.855,2.855,2.855,2.855,0.0,2.855,0
2021-04-22,2.836,2.836,2.836,2.836,0.0,2.836,0
2021-04-23,2.844,2.844,2.844,2.844,0.0,2.844,0
2021-04-26,2.84,2.84,2.83,2.83,5.0,2.84,1
2021-04-27,2.829,2.829,2.829,2.829,0.0,2.829,0
2021-04-28,2.841,2.841,2.841,2.841,0.0,2.841,0
2021-04-29,2.843,2.843,2.843,2.843,0.0,2.843,0
2021-04-30,2.858,2.858,2.858,2.858,0.0,2.858,0
2021-05-03,2.861,2.861,2.861,2.861,0.0,2.861,0
2021-05-04,2.87,2.87,2.87,2.87,0.0,2.87,0
2021-05-05,2.872,2.872,2.872,2.872,0.0,2.872,0
2021-05-06,2.862,2.862,2.862,2.862,0.0,2.862,0
2021-05-07,2.869,2.869,2.869,2.869,0.0,2.869,0
2021-05-10,2.872,2.872,2.872,2.872,0.0,2.872,0
2021-05-11,2.869,2.869,2.869,2.869,0.0,2.869,0
2021-05-12,2.868,2.868,2.868,2.868,0.0,2.868,0
2021-05-13,2.858,2.858,2.858,2.858,0.0,2.858,0
2021-05-14,2.864,2.864,2.864,2.864,0.0,2.864,0
2021-05-17,2.868,2.868,2.868,2.868,0.0,2.868,0
2021-05-18,2.837,2.837,2.837,2.837,0.0,2.837,0
2021-05-19,2.841,2.841,2.841,2.841,0.0,2.841,0
2021-05-20,2.846,2.846,2.846,2.846,0.0,2.846,0
2021-05-21,2.858,2.858,2.858,2.858,0.0,2.858,0
2021-05-24,2.852,2.852,2.852,2.852,0.0,2.852,0
2021-05-25,2.863,2.863,2.863,2.863,0.0,2.863,0
2021-05-26,2.842,2.842,2.842,2.842,0.0,2.842,0
2021-05-27,2.839,2.839,2.839,2.839,0.0,2.839,0
2021-05-28,2.849,2.849,2.849,2.849,0.0,2.849,0
2021-06-01,2.841,2.841,2.841,2.841,0.0,2.841,0
2021-06-02,2.851,2.851,2.851,2.851,0.0,2.851,0
2021-06-03,2.838,2.838,2.838,2.838,0.0,2.838,0
2021-06-04,2.889,2.889,2.889,2.889,0.0,2.889,0
2021-06-07,2.86,2.86,2.86,2.86,0.0,2.86,0
2021-06-08,2.841,2.841,2.841,2.841,0.0,2.841,0
2021-06-09,2.848,2.848,2.848,2.848,0.0,2.848,0
2021-06-10,2.837,2.837,2.837,2.837,0.0,2.837,0
2021-06-11,2.836,2.836,2.836,2.836,0.0,2.836,0
2021-06-14,2.845,2.845,2.845,2.845,0.0,2.845,0
2021-06-15,2.83,2.83,2.83,2.83,0.0,2.83,0
2021-06-16,2.883,2.883,2.883,2.883,0.0,2.883,0
2021-06-17,2.888,2.888,2.888,2.888,0.0,2.888,0
2021-06-18,2.897,2.897,2.897,2.897,0.0,2.897,0
2021-06-21,2.894,2.894,2.894,2.894,0.0,2.894,0
2021-06-22,2.894,2.894,2.894,2.894,0.0,2.894,0
2021-06-23,2.895,2.895,2.895,2.895,0.0,2.895,0
2021-06-24,2.883,2.883,2.883,2.883,0.0,2.883,0
2021-06-25,2.939,2.939,2.939,2.939,0.0,2.939,0
2021-06-28,2.949,2.949,2.949,2.949,0.0,2.949,0
2021-06-29,2.977,2.977,2.977,2.977,0.0,2.977,0
2021-06-30,2.973,2.973,2.973,2.973,0.0,2.973,0
2021-07-01,2.961,2.961,2.961,2.961,0.0,2.961,0
2021-07-02,2.953,2.953,2.953,2.953,0.0,2.953,0
2021-07-06,2.945,2.945,2.945,2.945,0.0,2.945,0
2021-07-07,2.957,2.957,2.957,2.957,0.0,2.957,0
2021-07-08,2.969,2.969,2.969,2.969,0.0,2.969,0
2021-07-09,2.975,2.975,2.975,2.975,0.0,2.975,0
2021-07-12,2.98,2.98,2.98,2.98,0.0,2.98,0
2021-07-13,2.979,2.979,2.979,2.979,0.0,2.979,0
2021-07-14,2.972,2.972,2.972,2.972,0.0,2.972,0
2021-07-15,2.98,2.98,2.98,2.98,0.0,2.98,0
2021-07-16,2.986,2.986,2.986,2.986,0.0,2.986,0
2021-07-19,2.996,2.996,2.996,2.996,0.0,2.996,0
2021-07-20,3.003,3.003,3.003,3.003,0.0,3.003,0
2021-07-21,2.998,2.998,2.998,2.998,0.0,2.998,0
2021-07-22,3.0,3.0,3.0,3.0,0.0,3.0,0
2021-07-23,3.006,3.006,3.006,3.006,0.0,3.006,0
2021-07-26,3.014,3.014,3.014,3.014,0.0,3.014,0
2021-07-27,2.984,2.984,2.984,2.984,0.0,2.984,0
2021-07-28,2.976,2.976,2.976,2.976,0.0,2.976,0
2021-07-29,2.951,2.951,2.951,2.951,0.0,2.951,0
2021-07-30,2.971,2.971,2.971,2.971,0.0,2.971,0
2021-08-02,2.985,2.985,2.985,2.985,0.0,2.985,0
2021-08-03,2.977,2.977,2.977,2.977,0.0,2.977,0
2021-08-04,2.987,2.987,2.987,2.987,0.0,2.987,0
2021-08-05,2.952,2.952,2.952,2.952,0.0,2.952,0
2021-08-06,2.961,2.961,2.961,2.961,0.0,2.961,0
2021-08-09,2.977,2.977,2.977,2.977,0.0,2.977,0
2021-08-10,2.974,2.974,2.974,2.974,0.0,2.974,0
2021-08-11,2.989,2.989,2.989,2.989,0.0,2.989,0
2021-08-12,3.07,3.07,3.07,3.07,0.0,3.07,0
2021-08-13,3.037,3.037,3.037,3.037,0.0,3.037,0
2021-08-16,3.049,3.049,3.049,3.049,0.0,3.049,0
2021-08-17,3.062,3.062,3.062,3.062,0.0,3.062,0
2021-08-18,3.06,3.06,3.06,3.06,0.0,3.06,0
2021-08-19,3.071,3.071,3.071,3.071,0.0,3.071,0
2021-08-20,3.07,3.07,3.07,3.07,0.0,3.07,0
2021-08-23,3.072,3.072,3.072,3.072,0.0,3.072,0
2021-08-24,3.068,3.068,3.068,3.068,0.0,3.068,0
2021-08-25,3.085,3.085,3.085,3.085,0.0,3.085,0
2021-08-26,3.116,3.116,3.116,3.116,0.0,3.116,0
2021-08-27,3.118,3.118,3.118,3.118,0.0,3.118,0
2021-08-30,3.121,3.121,3.121,3.121,0.0,3.121,0
2021-08-31,3.11,3.11,3.11,3.11,0.0,3.11,0
2021-09-01,3.119,3.119,3.119,3.119,0.0,3.119,0
2021-09-02,3.119,3.119,3.119,3.119,0.0,3.119,0
2021-09-03,3.123,3.123,3.123,3.123,0.0,3.123,0
2021-09-07,3.173,3.173,3.173,3.173,0.0,3.173,0
2021-09-08,3.225,3.225,3.225,3.225,0.0,3.225,0
2021-09-09,3.305,3.305,3.305,3.305,0.0,3.305,0
2021-09-10,3.287,3.287,3.287,3.287,0.0,3.287,0
2021-09-13,3.302,3.302,3.302,3.302,0.0,3.302,0
2021-09-14,3.296,3.296,3.296,3.296,0.0,3.296,0
2021-09-15,3.247,3.247,3.247,3.247,0.0,3.247,0
2021-09-16,3.25,3.25,3.25,3.25,0.0,3.25,0
2021-09-17,3.243,3.243,3.243,3.243,0.0,3.243,0
2021-09-20,3.279,3.279,3.279,3.279,0.0,3.279,0
2021-09-21,3.296,3.296,3.296,3.296,0.0,3.296,0
2021-09-22,3.313,3.313,3.313,3.313,0.0,3.313,0
2021-09-23,3.32,3.32,3.32,3.32,0.0,3.32,0
2021-09-24,3.285,3.285,3.285,3.285,0.0,3.285,0
2021-09-27,3.298,3.298,3.298,3.298,0.0,3.298,0
2021-09-28,3.221,3.221,3.221,3.221,0.0,3.221,0
2021-09-29,3.232,3.232,3.232,3.232,0.0,3.232,0
2021-09-30,3.239,3.239,3.239,3.239,0.0,3.239,0
2021-10-01,3.229,3.229,3.229,3.229,0.0,3.229,0
2021-10-04,3.238,3.238,3.238,3.238,0.0,3.238,0
2021-10-05,3.253,3.253,3.253,3.253,0.0,3.253,0
2021-10-06,3.291,3.291,3.291,3.291,0.0,3.291,0
2021-10-07,3.291,3.291,3.291,3.291,0.0,3.291,0
2021-10-08,3.332,3.332,3.332,3.332,0.0,3.332,0
2021-10-11,3.318,3.318,3.318,3.318,0.0,3.318,0
2021-10-12,3.303,3.303,3.303,3.303,0.0,3.303,0
2021-10-13,3.308,3.308,3.308,3.308,0.0,3.308,0
2021-10-14,3.343,3.343,3.343,3.343,0.0,3.343,0
2021-10-15,3.354,3.354,3.354,3.354,0.0,3.354,0
2021-10-18,3.36,3.36,3.36,3.36,0.0,3.36,0
2021-10-19,3.357,3.357,3.357,3.357,0.0,3.357,0
2021-10-20,3.36,3.36,3.36,3.36,0.0,3.36,0
2021-10-21,3.373,3.373,3.373,3.373,0.0,3.373,0
2021-10-22,3.378,3.378,3.378,3.378,0.0,3.378,0
2021-10-25,3.421,3.421,3.421,3.421,0.0,3.421,0
2021-10-26,3.399,3.399,3.399,3.399,0.0,3.399,0
2021-10-27,3.336,3.336,3.336,3.336,0.0,3.336,0
2021-10-28,3.337,3.337,3.337,3.337,0.0,3.337,0
2021-10-29,3.288,3.288,3.288,3.288,0.0,3.288,0
2021-11-01,3.183,3.183,3.183,3.183,0.0,3.183,0
2021-11-02,3.244,3.244,3.244,3.244,0.0,3.244,0
2021-11-03,3.238,3.238,3.238,3.238,0.0,3.238,0
2021-11-04,3.262,3.262,3.262,3.262,0.0,3.262,0
2021-11-05,3.252,3.252,3.252,3.252,0.0,3.252,0
2021-11-08,3.325,3.325,3.325,3.325,0.0,3.325,0
2021-11-09,3.321,3.321,3.321,3.321,0.0,3.321,0
2021-11-10,3.347,3.347,3.347,3.347,0.0,3.347,0
2021-11-11,3.364,3.364,3.364,3.364,0.0,3.364,0
2021-11-12,3.315,3.315,3.315,3.315,0.0,3.315,0
2021-11-15,3.328,3.328,3.328,3.328,0.0,3.328,0
2021-11-16,3.399,3.399,3.399,3.399,0.0,3.399,0
2021-11-17,3.33,3.33,3.33,3.33,0.0,3.33,0
2021-11-18,3.318,3.318,3.318,3.318,0.0,3.318,0
2021-11-19,3.292,3.292,3.292,3.292,0.0,3.292,0
2021-11-22,3.274,3.274,3.274,3.274,0.0,3.274,0
2021-11-23,3.321,3.321,3.321,3.321,0.0,3.321,0
2021-11-24,3.319,3.319,3.319,3.319,0.0,3.319,0
2021-11-26,3.358,3.358,3.358,3.358,0.0,3.358,0
2021-11-29,3.35,3.35,3.35,3.35,0.0,3.35,0
2021-11-30,3.323,3.323,3.323,3.323,0.0,3.323,0
2021-12-01,3.331,3.331,3.331,3.331,0.0,3.331,0
2021-12-02,3.335,3.335,3.335,3.335,0.0,3.335,0
2021-12-03,3.345,3.345,3.345,3.345,0.0,3.345,0
2021-12-06,3.317,3.317,3.317,3.317,0.0,3.317,0
2021-12-07,3.321,3.321,3.321,3.321,0.0,3.321,0
2021-12-08,3.28,3.28,3.28,3.28,0.0,3.28,0
2021-12-09,3.318,3.318,3.318,3.318,0.0,3.318,0
2021-12-10,3.351,3.351,3.351,3.351,0.0,3.351,0
2021-12-13,3.255,3.255,3.255,3.255,0.0,3.255,0
2021-12-14,3.293,3.293,3.293,3.293,0.0,3.293,0
2021-12-15,3.299,3.299,3.299,3.299,0.0,3.299,0
2021-12-16,3.316,3.316,3.316,3.316,0.0,3.316,0
2021-12-17,3.329,3.329,3.329,3.329,0.0,3.329,0
2021-12-20,3.344,3.344,3.344,3.344,0.0,3.344,0
2021-12-21,3.328,3.328,3.328,3.328,0.0,3.328,0
2021-12-22,3.329,3.329,3.329,3.329,0.0,3.329,0
2021-12-23,3.292,3.292,3.292,3.292,0.0,3.292,0
2021-12-27,3.278,3.278,3.278,3.278,0.0,3.278,0
2021-12-28,3.294,3.294,3.294,3.294,0.0,3.294,0
2021-12-29,3.316,3.316,3.316,3.316,0.0,3.316,0
2021-12-30,3.304,3.304,3.304,3.304,0.0,3.304,0
2021-12-31,3.301,3.301,3.301,3.301,0.0,3.301,0
2022-01-03,3.313,3.313,3.313,3.313,0.0,3.313,0
2022-01-04,3.312,3.312,3.312,3.312,0.0,3.312,0
2022-01-05,3.316,3.316,3.316,3.316,0.0,3.316,0
2022-01-06,3.33,3.33,3.33,3.33,0.0,3.33,0
2022-01-07,3.363,3.363,3.363,3.363,0.0,3.363,0
2022-01-10,3.368,3.368,3.368,3.368,0.0,3.368,0
2022-01-11,3.357,3.357,3.357,3.357,0.0,3.357,0
2022-01-12,3.332,3.332,3.332,3.332,0.0,3.332,0
2022-01-13,3.335,3.335,3.335,3.335,0.0,3.335,0
2022-01-14,3.311,3.311,3.311,3.311,0.0,3.311,0
2022-01-18,3.33,3.33,3.33,3.33,0.0,3.33,0
2022-01-19,3.377,3.377,3.377,3.377,0.0,3.377,0
2022-01-20,3.38,3.38,3.38,3.38,0.0,3.38,0
2022-01-21,3.368,3.368,3.368,3.368,0.0,3.368,0
2022-01-24,3.357,3.357,3.357,3.357,0.0,3.357,0
2022-01-25,3.377,3.377,3.377,3.377,0.0,3.377,0
2022-01-26,3.378,3.378,3.378,3.378,0.0,3.378,0
2022-01-27,3.363,3.363,3.363,3.363,0.0,3.363,0
2022-01-28,3.356,3.356,3.356,3.356,0.0,3.356,0
2022-01-31,3.355,3.355,3.355,3.355,0.0,3.355,0
2022-02-01,3.34,3.34,3.34,3.34,0.0,3.34,0
2022-02-02,3.359,3.359,3.359,3.359,0.0,3.359,0
2022-02-03,3.35,3.35,3.35,3.35,0.0,3.35,0
2022-02-04,3.395,3.395,3.395,3.395,0.0,3.395,0
2022-02-07,3.411,3.411,3.411,3.411,0.0,3.411,0
2022-02-08,3.403,3.403,3.403,3.403,0.0,3.403,0
2022-02-09,3.398,3.398,3.398,3.398,0.0,3.398,0
2022-02-10,3.403,3.403,3.403,3.403,0.0,3.403,0
2022-02-11,3.443,3.443,3.443,3.443,0.0,3.443,0
2022-02-14,3.484,3.484,3.484,3.484,0.0,3.484,0
2022-02-15,3.472,3.472,3.472,3.472,0.0,3.472,0
2022-02-16,3.501,3.501,3.501,3.501,0.0,3.501,0
2022-02-17,3.483,3.483,3.483,3.483,0.0,3.483,0
2022-02-18,3.483,3.483,3.483,3.483,0.0,3.483,0
2022-02-22,3.528,3.528,3.528,3.528,0.0,3.528,0
2022-02-23,3.614,3.614,3.614,3.614,0.0,3.614,0
2022-02-24,3.62,3.62,3.62,3.62,0.0,3.62,0
2022-02-25,3.512,3.512,3.512,3.512,0.0,3.512,0
2022-02-28,3.589,3.589,3.589,3.589,0.0,3.589,0
2022-03-01,3.66,3.66,3.66,3.66,0.0,3.66,0
2022-03-02,3.727,3.727,3.727,3.727,0.0,3.727,0
2022-03-03,3.715,3.715,3.715,3.715,0.0,3.715,0
2022-03-04,3.768,3.768,3.768,3.768,0.0,3.768,0
2022-03-07,3.825,3.825,3.825,3.825,0.0,3.825,0
2022-03-08,3.835,3.835,3.835,3.835,0.0,3.835,0
2022-03-09,3.804,3.804,3.804,3.804,0.0,3.804,0
2022-03-10,3.762,3.762,3.762,3.762,0.0,3.762,0
2022-03-11,3.786,3.786,3.786,3.786,0.0,3.786,0
2022-03-14,3.829,3.829,3.829,3.829,0.0,3.829,0
2022-03-15,3.823,3.823,3.823,3.823,0.0,3.823,0
2022-03-16,3.829,3.829,3.829,3.829,0.0,3.829,0
2022-03-17,3.846,3.846,3.846,3.846,0.0,3.846,0
2022-03-18,3.798,3.798,3.798,3.798,0.0,3.798,0
2022-03-21,3.779,3.779,3.779,3.779,0.0,3.779,0
2022-03-22,3.79,3.79,3.79,3.79,0.0,3.79,0
2022-03-23,3.801,3.801,3.801,3.801,0.0,3.801,0
2022-03-24,3.827,3.827,3.827,3.827,0.0,3.827,0
2022-03-25,3.896,3.896,3.896,3.896,0.0,3.896,0
2022-03-28,3.986,3.986,3.986,3.986,0.0,3.986,0
2022-03-29,4.0,4.0,4.0,4.0,0.0,4.0,0
2022-03-30,4.122,4.122,4.122,4.122,0.0,4.122,0
2022-03-31,4.21,4.21,4.21,4.21,0.0,4.21,0
2022-04-01,4.267,4.267,4.267,4.267,0.0,4.267,0
2022-04-04,4.334,4.334,4.334,4.334,0.0,4.334,0
2022-04-05,4.413,4.413,4.413,4.413,0.0,4.413,0
2022-04-06,4.465,4.465,4.465,4.465,0.0,4.465,0
2022-04-07,4.445,4.445,4.445,4.445,0.0,4.445,0
2022-04-08,4.433,4.433,4.433,4.433,0.0,4.433,0
2022-04-11,4.482,4.482,4.482,4.482,0.0,4.482,0
2022-04-12,4.504,4.504,4.504,4.504,0.0,4.504,0
2022-04-13,4.512,4.512,4.512,4.512,0.0,4.512,0
2022-04-14,4.544,4.544,4.544,4.544,0.0,4.544,0
2022-04-18,4.584,4.584,4.584,4.584,0.0,4.584,0
2022-04-19,4.572,4.572,4.572,4.572,0.0,4.572,0
2022-04-20,4.518,4.518,4.518,4.518,0.0,4.518,0
2022-04-21,4.486,4.486,4.486,4.486,0.0,4.486,0
2022-04-22,4.318,4.318,4.318,4.318,0.0,4.318,0
2022-04-25,4.313,4.313,4.313,4.313,0.0,4.313,0
2022-04-26,4.378,4.378,4.378,4.378,0.0,4.378,0
2022-04-27,4.353,4.353,4.353,4.353,0.0,4.353,0
2022-04-28,4.349,4.349,4.349,4.349,0.0,4.349,0
2022-04-29,4.342,4.342,4.342,4.342,0.0,4.342,0
2022-05-02,4.426,4.426,4.426,4.426,0.0,4.426,0
2022-05-03,4.486,4.486,4.486,4.486,0.0,4.486,0
2022-05-04,4.536,4.536,4.536,4.536,0.0,4.536,0
2022-05-05,4.569,4.569,4.569,4.569,0.0,4.569,0
2022-05-06,4.516,4.516,4.516,4.516,0.0,4.516,0
2022-05-09,4.428,4.428,4.428,4.428,0.0,4.428,0
2022-05-10,4.455,4.455,4.455,4.455,0.0,4.455,0
2022-05-11,4.514,4.514,4.514,4.514,0.0,4.514,0
2022-05-12,4.524,4.524,4.524,4.524,0.0,4.524,0
2022-05-13,4.525,4.573,4.525,4.573,17.0,4.525,1
2022-05-16,4.603,4.603,4.603,4.603,0.0,4.603,0
2022-05-17,4.59,4.59,4.59,4.59,0.0,4.59,0
2022-05-18,4.666,4.666,4.666,4.666,0.0,4.666,0
2022-05-19,4.605,4.605,4.605,4.605,0.0,4.605,0
2022-05-20,4.614,4.614,4.614,4.614,0.0,4.614,0
2022-05-23,4.655,4.655,4.655,4.655,0.0,4.655,0
2022-05-24,4.634,4.634,4.634,4.634,0.0,4.634,0
2022-05-25,4.674,4.674,4.674,4.674,0.0,4.674,0
2022-05-26,4.713,4.713,4.713,4.713,0.0,4.713,0
2022-05-27,4.737,4.737,4.737,4.737,0.0,4.737,0
2022-05-31,4.683,4.683,4.683,4.683,0.0,4.683,0
2022-06-01,4.857,4.857,4.857,4.857,0.0,4.857,0
2022-06-02,4.858,4.858,4.858,4.858,0.0,4.858,0
2022-06-03,4.925,4.925,4.925,4.925,0.0,4.925,0
2022-06-06,5.024,5.024,5.024,5.024,0.0,5.024,0
2022-06-07,5.059,5.059,5.059,5.059,0.0,5.059,0
2022-06-08,5.129,5.129,5.129,5.129,0.0,5.129,0
2022-06-09,5.22,5.22,5.22,5.22,0.0,5.22,0
2022-06-10,5.271,5.271,5.271,5.271,0.0,5.271,0
2022-06-13,5.214,5.214,5.214,5.214,0.0,5.214,0
2022-06-14,5.136,5.136,5.136,5.136,0.0,5.136,0
2022-06-15,5.176,5.176,5.176,5.176,0.0,5.176,0
2022-06-16,5.16,5.16,5.16,5.16,0.0,5.16,0
2022-06-17,5.041,5.041,5.041,5.041,0.0,5.041,0
2022-06-21,5.028,5.028,5.028,5.028,0.0,5.028,0
2022-06-22,5.057,5.057,5.057,5.057,0.0,5.057,0
2022-06-23,5.035,5.035,5.035,5.035,0.0,5.035,0
2022-06-24,4.851,4.851,4.851,4.851,0.0,4.851,0
2022-06-27,4.893,4.893,4.893,4.893,0.0,4.893,0
2022-06-28,4.863,4.863,4.863,4.863,0.0,4.863,0
2022-06-29,4.875,4.875,4.875,4.875,0.0,4.875,0
2022-06-30,4.62,4.62,4.62,4.62,0.0,4.62,0
2022-07-01,4.658,4.658,4.658,4.658,0.0,4.658,0
2022-07-04,4.658,4.658,4.658,4.658,0.0,4.658,0
2022-07-05,4.508,4.508,4.508,4.508,0.0,4.508,0
2022-07-06,4.6,4.6,4.6,4.6,0.0,4.6,0
2022-07-07,4.694,4.694,4.694,4.694,0.0,4.694,0
2022-07-08,4.693,4.693,4.693,4.693,0.0,4.693,0
2022-07-11,4.727,4.727,4.727,4.727,0.0,4.727,0
2022-07-12,4.638,4.638,4.638,4.638,0.0,4.638,0
2022-07-13,4.725,4.725,4.725,4.725,0.0,4.725,0
2022-07-14,4.647,4.647,4.647,4.647,0.0,4.647,0
2022-07-15,4.721,4.721,4.721,4.721,0.0,4.721,0
2022-07-18,4.75,4.75,4.675,4.675,25.0,4.75,1
2022-07-19,4.681,4.681,4.681,4.681,0.0,4.681,0
2022-07-20,4.824,4.824,4.824,4.824,0.0,4.824,0
2022-07-21,4.729,4.729,4.729,4.729,0.0,4.729,0
2022-07-22,4.733,4.733,4.733,4.733,0.0,4.733,0
2022-07-25,4.789,4.789,4.789,4.789,0.0,4.789,0
2022-07-26,4.816,4.816,4.816,4.816,0.0,4.816,0
2022-07-27,4.814,4.814,4.814,4.814,0.0,4.814,0
2022-07-28,4.79,4.79,4.79,4.79,0.0,4.79,0
2022-07-29,4.785,4.785,4.785,4.785,0.0,4.785,0
2022-08-01,4.768,4.768,4.768,4.768,0.0,4.768,0
2022-08-02,4.768,4.77,4.768,4.77,3.0,4.768,1
2022-08-03,4.791,4.791,4.791,4.791,0.0,4.791,0
2022-08-04,4.772,4.772,4.772,4.772,0.0,4.772,0
2022-08-05,4.77,4.77,4.77,4.77,0.0,4.77,0
2022-08-08,4.732,4.732,4.732,4.732,0.0,4.732,0
2022-08-09,4.78,4.78,4.78,4.78,0.0,4.78,0
2022-08-10,4.81,4.81,4.81,4.81,0.0,4.81,0
2022-08-11,4.909,4.909,4.909,4.909,0.0,4.909,0
2022-08-12,4.897,4.897,4.897,4.897,0.0,4.897,0
2022-08-15,4.988,4.988,4.988,4.988,0.0,4.988,0
2022-08-16,5.027,5.027,5.027,5.027,0.0,5.027,0
2022-08-17,4.996,4.996,4.996,4.996,0.0,4.996,0
2022-08-18,5.002,5.002,5.002,5.002,0.0,5.002,0
2022-08-19,5.018,5.018,5.018,5.018,0.0,5.018,0
2022-08-22,5.077,5.077,5.077,5.077,0.0,5.077,0
2022-08-23,5.084,5.084,5.084,5.084,0.0,5.084,0
2022-08-24,5.093,5.093,5.093,5.093,0.0,5.093,0
2022-08-25,5.155,5.155,5.155,5.155,0.0,5.155,0
2022-08-26,5.179,5.179,5.179,5.179,0.0,5.179,0
2022-08-29,5.192,5.192,5.192,5.192,0.0,5.192,0
2022-08-30,5.199,5.199,5.199,5.199,0.0,5.199,0
2022-08-31,5.254,5.254,5.254,5.254,0.0,5.254,0
2022-09-01,5.322,5.322,5.322,5.322,0.0,5.322,0
2022-09-02,5.393,5.393,5.393,5.393,0.0,5.393,0
2022-09-05,5.393,5.393,5.393,5.393,0.0,5.393,0
2022-09-06,5.376,5.376,5.376,5.376,0.0,5.376,0
2022-09-07,5.304,5.304,5.304,5.304,0.0,5.304,0
2022-09-08,5.253,5.253,5.253,5.253,0.0,5.253,0
2022-09-09,5.3,5.304,5.3,5.304,4.0,5.3,4
2022-09-12,5.296,5.296,5.296,5.296,0.0,5.296,0
2022-09-13,5.325,5.325,5.325,5.325,0.0,5.325,0
2022-09-14,5.372,5.372,5.372,5.372,0.0,5.372,0
2022-09-15,5.326,5.326,5.326,5.326,0.0,5.326,0
2022-09-16,5.249,5.249,5.249,5.249,0.0,5.249,0
2022-09-19,5.222,5.222,5.222,5.222,0.0,5.222,0
2022-09-20,5.199,5.199,5.199,5.199,0.0,5.199,0
2022-09-21,5.072,5.072,5.072,5.072,0.0,5.072,0
2022-09-22,4.958,4.958,4.958,4.958,0.0,4.958,0
2022-09-23,4.962,4.962,4.962,4.962,0.0,4.962,0
2022-09-26,4.901,4.901,4.901,4.901,0.0,4.901,0
2022-09-27,4.885,4.885,4.885,4.885,0.0,4.885,0
2022-09-28,4.879,4.879,4.879,4.879,0.0,4.879,0
2022-09-29,4.864,4.864,4.864,4.864,0.0,4.864,0
2022-09-30,4.87,4.87,4.87,4.87,0.0,4.87,0
2022-10-03,4.819,4.819,4.819,4.819,0.0,4.819,0
2022-10-04,4.863,4.863,4.863,4.863,0.0,4.863,0
2022-10-05,4.83,4.83,4.83,4.83,0.0,4.83,0
2022-10-06,4.857,4.857,4.857,4.857,0.0,4.857,0
2022-10-07,4.906,4.906,4.906,4.906,0.0,4.906,0
2022-10-10,4.913,4.913,4.913,4.913,0.0,4.913,0
2022-10-11,4.951,4.951,4.951,4.951,0.0,4.951,0
2022-10-12,4.903,4.903,4.903,4.903,0.0,4.903,0
2022-10-13,4.896,4.896,4.896,4.896,0.0,4.896,0
2022-10-14,4.918,4.918,4.918,4.918,0.0,4.918,0
2022-10-17,4.901,4.901,4.901,4.901,0.0,4.901,0
2022-10-18,4.866,4.866,4.866,4.866,0.0,4.866,0
2022-10-19,4.841,4.841,4.841,4.841,0.0,4.841,0
2022-10-20,4.855,4.855,4.83,4.83,3.0,4.8483,3
2022-10-21,4.79,4.79,4.79,4.79,1.0,4.79,1
2022-10-24,4.831,4.831,4.831,4.831,0.0,4.831,0
2022-10-25,4.836,4.836,4.836,4.836,0.0,4.836,0
2022-10-26,4.875,4.875,4.872,4.872,1.0,4.875,1
2022-10-27,4.865,4.865,4.865,4.865,0.0,4.865,0
2022-10-28,4.87,4.87,4.861,4.861,1.0,4.87,1
2022-10-31,4.88,4.88,4.87,4.87,7.0,4.8797,4
2022-11-01,4.835,4.835,4.835,4.835,0.0,4.835,0
2022-11-02,4.85,4.874,4.85,4.874,100.0,4.85,10
2022-11-03,4.903,4.903,4.903,4.903,0.0,4.903,0
2022-11-04,5.003,5.003,5.003,5.003,0.0,5.003,0
2022-11-07,5.04,5.04,5.04,5.04,0.0,5.04,0
2022-11-08,5.0,5.0,5.0,5.0,0.0,5.0,0
2022-11-09,5.014,5.014,5.014,5.014,0.0,5.014,0
2022-11-10,5.014,5.014,5.014,5.014,0.0,5.014,0
2022-11-11,5.013,5.013,5.013,5.013,0.0,5.013,0
2022-11-14,4.982,4.982,4.982,4.982,0.0,4.982,0
2022-11-15,5.05,5.05,5.017,5.017,1.0,5.05,1
2022-11-16,5.036,5.036,5.036,5.036,0.0,5.036,0
2022-11-17,5.056,5.056,5.056,5.056,0.0,5.056,0
2022-11-18,5.061,5.061,5.061,5.061,0.0,5.061,0
2022-11-21,5.016,5.016,5.016,5.016,0.0,5.016,0
2022-11-22,5.021,5.021,5.021,5.021,0.0,5.021,0
2022-11-23,5.03,5.03,5.03,5.03,0.0,5.03,0
2022-11-24,5.03,5.03,5.03,5.03,0.0,5.03,0
2022-11-25,5.024,5.024,5.024,5.024,0.0,5.024,0
2022-11-28,4.982,4.982,4.982,4.982,0.0,4.982,0
2022-11-29,5.034,5.034,5.034,5.034,0.0,5.034,0
2022-11-30,5.048,5.048,5.048,5.048,0.0,5.048,0
2022-12-01,5.038,5.038,5.038,5.038,0.0,5.038,0
2022-12-02,5.025,5.025,5.025,5.025,0.0,5.025,0
2022-12-05,5.021,5.021,5.021,5.021,0.0,5.021,0
2022-12-06,5.034,5.034,5.034,5.034,0.0,5.034,0
2022-12-07,5.039,5.039,5.039,5.039,0.0,5.039,0
2022-12-08,5.075,5.075,5.075,5.075,0.0,5.075,0
2022-12-09,5.085,5.085,5.079,5.079,1.0,5.085,1
2022-12-12,5.134,5.134,5.134,5.134,0.0,5.134,0
2022-12-13,5.122,5.122,5.122,5.122,0.0,5.122,0
2022-12-14,5.12,5.12,5.12,5.12,0.0,5.12,0
2022-12-15,5.144,5.144,5.144,5.144,0.0,5.144,0
2022-12-16,5.177,5.177,5.177,5.177,0.0,5.177,0
2022-12-19,5.217,5.217,5.217,5.217,0.0,5.217,0
2022-12-20,5.212,5.212,5.212,5.212,0.0,5.212,0
2022-12-21,5.124,5.124,5.124,5.124,0.0,5.124,0
2022-12-22,5.041,5.041,5.041,5.041,0.0,5.041,0
2022-12-23,5.039,5.039,5.039,5.039,0.0,5.039,0
2022-12-27,5.125,5.125,5.125,5.125,0.0,5.125,0
2022-12-28,5.047,5.047,5.047,5.047,0.0,5.047,0
2022-12-29,5.025,5.025,5.025,5.025,0.0,5.025,0
2022-12-30,5.04,5.04,5.04,5.04,0.0,5.04,0
2023-01-03,4.986,4.986,4.986,4.986,0.0,4.986,0
2023-01-04,4.989,4.989,4.989,4.989,0.0,4.989,0
2023-01-05,4.989,4.989,4.881,4.881,1.0,4.989,1
2023-01-06,4.825,4.825,4.825,4.825,0.0,4.825,0
2023-01-09,4.833,4.833,4.833,4.833,0.0,4.833,0
2023-01-10,4.857,4.857,4.857,4.857,0.0,4.857,0
2023-01-11,4.823,4.823,4.823,4.823,0.0,4.823,0
2023-01-12,4.822,4.822,4.822,4.822,0.0,4.822,0
2023-01-13,4.831,4.831,4.831,4.831,0.0,4.831,0
2023-01-16,4.831,4.831,4.831,4.831,0.0,4.831,0
2023-01-17,4.847,4.847,4.847,4.847,0.0,4.847,0
2023-01-18,4.845,4.845,4.845,4.845,0.0,4.845,0
2023-01-19,4.885,4.885,4.885,4.885,0.0,4.885,0
2023-01-20,4.899,4.899,4.899,4.899,0.0,4.899,0
2023-01-23,4.914,4.914,4.914,4.914,0.0,4.914,0
2023-01-24,4.883,4.883,4.883,4.883,0.0,4.883,0
2023-01-25,4.826,4.826,4.826,4.826,0.0,4.826,0
2023-01-26,4.833,4.833,4.833,4.833,0.0,4.833,0
2023-01-27,4.87,4.87,4.824,4.824,4.0,4.87,1
2023-01-30,4.745,4.745,4.745,4.745,0.0,4.745,0
2023-01-31,4.755,4.756,4.755,4.756,2.0,4.755,2
2023-02-01,4.648,4.648,4.648,4.648,0.0,4.648,0
2023-02-02,4.628,4.628,4.628,4.628,0.0,4.628,0
2023-02-03,4.595,4.595,4.595,4.595,0.0,4.595,0
2023-02-06,4.59,4.59,4.59,4.59,5.0,4.59,1
2023-02-10,4.565,4.565,4.565,4.565,0.0,4.565,0
2023-02-13,4.508,4.508,4.508,4.508,0.0,4.508,0
2023-02-14,4.517,4.517,4.517,4.517,0.0,4.517,0
2023-02-15,4.502,4.502,4.502,4.502,0.0,4.502,0
2023-02-16,4.502,4.502,4.502,4.502,0.0,4.502,0
2023-02-17,4.443,4.443,4.443,4.443,0.0,4.443,0
2023-02-20,4.443,4.443,4.443,4.443,0.0,4.443,0
2023-02-21,4.448,4.448,4.448,4.448,0.0,4.448,0
2023-02-22,4.476,4.476,4.476,4.476,0.0,4.476,0
2023-02-23,4.523,4.523,4.523,4.523,0.0,4.523,0
2023-02-24,4.568,4.568,4.568,4.568,0.0,4.568,0
2023-02-27,4.605,4.605,4.605,4.605,0.0,4.605,0
2023-02-28,4.653,4.653,4.653,4.653,0.0,4.653,0
2023-03-01,4.734,4.734,4.734,4.734,0.0,4.734,0
2023-03-02,4.742,4.742,4.742,4.742,0.0,4.742,0
2023-03-03,4.782,4.782,4.782,4.782,0.0,4.782,0
2023-03-06,4.8,4.8,4.8,4.8,0.0,4.8,0
2023-03-07,4.94,4.94,4.94,4.94,0.0,4.94,0
2023-03-08,4.9,4.9,4.9,4.9,0.0,4.9,0
2023-03-09,4.812,4.812,4.812,4.812,0.0,4.812,0
2023-03-10,4.891,4.891,4.891,4.891,0.0,4.891,0
2023-03-13,4.902,4.902,4.902,4.902,0.0,4.902,0
2023-03-14,4.953,4.953,4.953,4.953,0.0,4.953,0
2023-03-15,4.91,4.91,4.91,4.91,0.0,4.91,0
2023-03-16,4.952,4.952,4.952,4.952,0.0,4.952,0
2023-03-17,4.945,4.945,4.945,4.945,0.0,4.945,0
2023-03-20,4.871,4.871,4.871,4.871,0.0,4.871,0
2023-03-21,4.931,4.931,4.931,4.931,0.0,4.931,0
2023-03-22,4.87,4.87,4.87,4.87,0.0,4.87,0
2023-03-23,4.87,4.888,4.87,4.888,176.0,4.87,4
2023-03-24,4.855,4.855,4.855,4.855,0.0,4.855,0
2023-03-27,4.816,4.816,4.816,4.816,0.0,4.816,0
2023-03-28,4.787,4.787,4.787,4.787,0.0,4.787,0
2023-03-29,4.804,4.804,4.804,4.804,0.0,4.804,0
2023-03-30,4.773,4.773,4.773,4.773,0.0,4.773,0
2023-03-31,4.79,4.79,4.79,4.79,0.0,4.79,0
2023-04-03,4.779,4.779,4.779,4.779,0.0,4.779,0
2023-04-04,4.791,4.791,4.791,4.791,0.0,4.791,0
2023-04-05,4.747,4.747,4.747,4.747,0.0,4.747,0
2023-04-06,4.703,4.703,4.703,4.703,0.0,4.703,0
2023-04-10,4.777,4.777,4.777,4.777,0.0,4.777,0
2023-04-11,4.787,4.787,4.787,4.787,0.0,4.787,0
2023-04-12,4.713,4.713,4.713,4.713,0.0,4.713,0
2023-04-13,4.681,4.681,4.681,4.681,0.0,4.681,0
2023-04-14,4.701,4.701,4.701,4.701,0.0,4.701,0
2023-04-17,4.775,4.775,4.775,4.775,1.0,4.775,1
2023-04-18,4.773,4.773,4.773,4.773,0.0,4.773,0
2023-04-19,4.795,4.795,4.795,4.795,0.0,4.795,0
2023-04-20,4.827,4.827,4.827,4.827,0.0,4.827,0
2023-04-21,4.834,4.834,4.834,4.834,0.0,4.834,0
2023-04-24,4.845,4.866,4.845,4.866,1.0,4.845,1
2023-04-25,4.844,4.844,4.844,4.844,0.0,4.844,0
2023-04-26,4.822,4.822,4.822,4.822,0.0,4.822,0
2023-04-27,4.826,4.826,4.826,4.826,0.0,4.826,0
2023-04-28,4.837,4.845,4.837,4.845,1.0,4.837,1
2023-05-01,4.802,4.802,4.802,4.802,0.0,4.802,0
2023-05-02,4.798,4.798,4.798,4.798,0.0,4.798,0
2023-05-03,4.799,4.799,4.787,4.787,1.0,4.799,1
2023-05-04,4.76,4.802,4.76,4.802,4.0,4.76,1
2023-05-05,4.799,4.799,4.799,4.799,0.0,4.799,0
2023-05-08,4.767,4.767,4.767,4.767,0.0,4.767,0
2023-05-09,4.75,4.75,4.75,4.75,0.0,4.75,0
2023-05-10,4.732,4.732,4.732,4.732,0.0,4.732,0
2023-05-11,4.722,4.722,4.722,4.722,0.0,4.722,0
2023-05-12,4.72,4.72,4.712,4.712,6.0,4.72,1
2023-05-15,4.724,4.724,4.716,4.716,4.0,4.724,1
2023-05-16,4.689,4.689,4.689,4.689,0.0,4.689,0
2023-05-17,4.66,4.66,4.658,4.658,1.0,4.66,1
2023-05-18,4.69,4.69,4.662,4.662,3.0,4.69,1
2023-05-19,4.665,4.665,4.606,4.606,1.0,4.665,1
2023-05-22,4.571,4.571,4.571,4.571,0.0,4.571,0
2023-05-23,4.538,4.538,4.538,4.538,0.0,4.538,0
2023-05-24,4.563,4.593,4.563,4.593,2.0,4.563,2
2023-05-25,4.563,4.563,4.563,4.563,0.0,4.563,0
2023-05-26,4.591,4.591,4.591,4.591,0.0,4.591,0
2023-05-29,4.591,4.591,4.591,4.591,0.0,4.591,0
2023-05-30,4.551,4.551,4.551,4.551,0.0,4.551,0
2023-05-31,4.443,4.516,4.443,4.516,1.0,4.443,1
2023-06-01,4.374,4.374,4.374,4.374,0.0,4.374,0
2023-06-02,4.414,4.414,4.414,4.414,0.0,4.414,0
2023-06-05,4.434,4.434,4.434,4.434,0.0,4.434,0
2023-06-06,4.423,4.423,4.423,4.423,0.0,4.423,0
2023-06-07,4.409,4.409,4.409,4.409,0.0,4.409,0
2023-06-08,4.417,4.417,4.417,4.417,0.0,4.417,0
2023-06-09,4.398,4.398,4.398,4.398,0.0,4.398,0
2023-06-12,4.395,4.395,4.395,4.395,0.0,4.395,0
2023-06-13,4.389,4.389,4.389,4.389,0.0,4.389,0
2023-06-14,4.4,4.424,4.4,4.424,1.0,4.4,1
2023-06-15,4.435,4.435,4.435,4.435,0.0,4.435,0
2023-06-16,4.404,4.404,4.404,4.404,0.0,4.404,0
2023-06-19,4.404,4.404,4.404,4.404,0.0,4.404,0
2023-06-20,4.451,4.451,4.451,4.451,0.0,4.451,0
2023-06-21,4.506,4.506,4.506,4.506,0.0,4.506,0
2023-06-22,4.524,4.524,4.524,4.524,0.0,4.524,0
2023-06-23,4.467,4.467,4.467,4.467,0.0,4.467,0
2023-06-26,4.445,4.445,4.445,4.445,0.0,4.445,0
2023-06-27,4.444,4.444,4.444,4.444,0.0,4.444,0
2023-06-28,4.396,4.396,4.396,4.396,0.0,4.396,0
2023-06-29,4.38,4.38,4.359,4.359,15.0,4.38,1
2023-06-30,4.385,4.385,4.377,4.377,4.0,4.385,1
2023-07-03,4.378,4.378,4.378,4.378,0.0,4.378,0
2023-07-04,4.378,4.378,4.378,4.378,0.0,4.378,0
2023-07-05,4.351,4.351,4.351,4.351,0.0,4.351,0
2023-07-06,4.368,4.368,4.368,4.368,0.0,4.368,0
2023-07-07,4.377,4.377,4.377,4.377,0.0,4.377,0
2023-07-10,4.395,4.395,4.395,4.395,0.0,4.395,0
2023-07-11,4.408,4.408,4.408,4.408,0.0,4.408,0
2023-07-12,4.404,4.404,4.404,4.404,0.0,4.404,0
2023-07-13,4.355,4.355,4.355,4.355,0.0,4.355,0
2023-07-14,4.392,4.392,4.392,4.392,0.0,4.392,0
2023-07-17,4.381,4.381,4.381,4.381,0.0,4.381,0
2023-07-18,4.415,4.415,4.415,4.415,0.0,4.415,0
2023-07-19,4.402,4.402,4.402,4.402,0.0,4.402,0
2023-07-20,4.427,4.427,4.427,4.427,0.0,4.427,0
2023-07-21,4.445,4.445,4.445,4.445,0.0,4.445,0
2023-07-24,4.493,4.493,4.493,4.493,0.0,4.493,0
2023-07-25,4.493,4.507,4.493,4.507,4.0,4.493,1
2023-07-26,4.552,4.552,4.552,4.552,0.0,4.552,0
2023-07-27,4.542,4.542,4.542,4.542,0.0,4.542,0
2023-07-28,4.551,4.551,4.551,4.551,0.0,4.551,0
2023-07-31,4.536,4.536,4.536,4.536,0.0,4.536,0
2023-08-01,4.51,4.51,4.51,4.51,0.0,4.51,0
2023-08-02,4.532,4.532,4.532,4.532,0.0,4.532,0
2023-08-03,4.517,4.517,4.517,4.517,0.0,4.517,0
2023-08-04,4.505,4.505,4.505,4.505,0.0,4.505,0
2023-08-07,4.571,4.571,4.571,4.571,0.0,4.571,0
2023-08-08,4.566,4.566,4.566,4.566,0.0,4.566,0
2023-08-09,4.528,4.528,4.528,4.528,0.0,4.528,0
2023-08-10,4.513,4.513,4.513,4.513,0.0,4.513,0
2023-08-11,4.557,4.557,4.557,4.557,0.0,4.557,0
2023-08-14,4.547,4.547,4.547,4.547,0.0,4.547,0
2023-08-15,4.55,4.569,4.55,4.569,139.0,4.55,2
2023-08-16,4.577,4.577,4.577,4.577,0.0,4.577,0
2023-08-17,4.581,4.581,4.581,4.581,0.0,4.581,0
2023-08-18,4.569,4.569,4.569,4.569,0.0,4.569,0
2023-08-21,4.603,4.603,4.603,4.603,0.0,4.603,0
2023-08-22,4.585,4.585,4.585,4.585,0.0,4.585,0
2023-08-23,4.62,4.62,4.62,4.62,0.0,4.62,0
2023-08-24,4.6,4.6,4.591,4.591,3.0,4.5993,2
2023-08-25,4.591,4.592,4.591,4.592,1.0,4.591,1
2023-08-28,4.585,4.585,4.585,4.585,0.0,4.585,0
2023-08-29,4.552,4.552,4.552,4.552,0.0,4.552,0
2023-08-30,4.56,4.593,4.56,4.593,1.0,4.56,1
2023-08-31,4.606,4.606,4.606,4.606,0.0,4.606,0
2023-09-01,4.589,4.589,4.589,4.589,0.0,4.589,0
2023-09-04,4.589,4.589,4.589,4.589,0.0,4.589,0
2023-09-05,4.551,4.551,4.551,4.551,0.0,4.551,0
2023-09-06,4.563,4.563,4.563,4.563,0.0,4.563,0
2023-09-07,4.546,4.546,4.546,4.546,0.0,4.546,0
2023-09-08,4.552,4.552,4.552,4.552,0.0,4.552,0
2023-09-11,4.493,4.493,4.493,4.493,0.0,4.493,0
2023-09-12,4.52,4.543,4.52,4.543,1.0,4.52,1
2023-09-13,4.583,4.583,4.583,4.583,0.0,4.583,0
2023-09-14,4.576,4.576,4.576,4.576,0.0,4.576,0
2023-09-15,4.533,4.533,4.533,4.533,0.0,4.533,0
2023-09-18,4.576,4.576,4.576,4.576,0.0,4.576,0
2023-09-19,4.562,4.562,4.562,4.562,0.0,4.562,0
2023-09-20,4.583,4.583,4.583,4.583,0.0,4.583,0
2023-09-21,4.597,4.597,4.597,4.597,0.0,4.597,0
2023-09-22,4.62,4.62,4.62,4.62,0.0,4.62,0
2023-09-25,4.61,4.61,4.589,4.589,1.0,4.61,1
2023-09-26,4.61,4.61,4.61,4.61,0.0,4.61,0
2023-09-27,4.585,4.585,4.585,4.585,0.0,4.585,0
2023-09-28,4.606,4.606,4.606,4.606,0.0,4.606,0
2023-09-29,4.618,4.618,4.618,4.618,0.0,4.618,0
2023-10-02,4.631,4.631,4.631,4.631,0.0,4.631,0
2023-10-03,4.668,4.668,4.668,4.668,0.0,4.668,0
2023-10-04,4.63,4.63,4.63,4.63,0.0,4.63,0
2023-10-05,4.625,4.625,4.625,4.625,0.0,4.625,0
2023-10-06,4.619,4.619,4.619,4.619,10.0,4.619,1
2023-10-09,4.636,4.636,4.636,4.636,0.0,4.636,0
2023-10-10,4.572,4.572,4.572,4.572,0.0,4.572,0
2023-10-11,4.583,4.583,4.583,4.583,0.0,4.583,0
2023-10-12,4.59,4.59,4.59,4.59,0.0,4.59,0
2023-10-13,4.598,4.598,4.598,4.598,0.0,4.598,0
2023-10-16,4.585,4.587,4.585,4.587,1.0,4.585,1
2023-10-17,4.589,4.589,4.589,4.589,0.0,4.589,0
2023-10-18,4.583,4.583,4.583,4.583,0.0,4.583,0
2023-10-19,4.606,4.606,4.606,4.606,0.0,4.606,0
2023-10-20,4.612,4.612,4.612,4.612,0.0,4.612,0
2023-10-23,4.616,4.616,4.616,4.616,0.0,4.616,0
2023-10-24,4.601,4.601,4.601,4.601,0.0,4.601,0
2023-10-25,4.609,4.609,4.609,4.609,0.0,4.609,0
2023-10-26,4.594,4.594,4.594,4.594,0.0,4.594,0
2023-10-27,4.571,4.571,4.571,4.571,0.0,4.571,0
2023-10-30,4.59,4.59,4.59,4.59,0.0,4.59,0
2023-10-31,4.61,4.61,4.586,4.586,1.0,4.61,1
2023-11-01,4.638,4.638,4.638,4.638,0.0,4.638,0
2023-11-02,4.727,4.727,4.727,4.727,0.0,4.727,0
2023-11-03,4.753,4.753,4.753,4.753,0.0,4.753,0
2023-11-06,4.774,4.774,4.774,4.774,0.0,4.774,0
2023-11-07,4.771,4.771,4.771,4.771,0.0,4.771,0
2023-11-08,4.705,4.705,4.705,4.705,0.0,4.705,0
2023-11-09,4.693,4.693,4.693,4.693,0.0,4.693,0
2023-11-10,4.683,4.683,4.683,4.683,0.0,4.683,0
2023-11-13,4.7,4.7,4.7,4.7,0.0,4.7,0
2023-11-14,4.69,4.69,4.69,4.69,0.0,4.69,0
2023-11-15,4.724,4.724,4.724,4.724,0.0,4.724,0
2023-11-16,4.71,4.71,4.707,4.707,1.0,4.71,1
2023-11-17,4.686,4.686,4.686,4.686,0.0,4.686,0
2023-11-20,4.659,4.659,4.659,4.659,0.0,4.659,0
2023-11-21,4.617,4.617,4.617,4.617,0.0,4.617,0
2023-11-22,4.625,4.625,4.625,4.625,0.0,4.625,0
2023-11-23,4.625,4.625,4.625,4.625,0.0,4.625,0
2023-11-24,4.637,4.637,4.637,4.637,0.0,4.637,0
2023-11-27,4.612,4.612,4.612,4.612,0.0,4.612,0
2023-11-28,4.545,4.545,4.545,4.545,0.0,4.545,0
2023-11-29,4.555,4.555,4.555,4.555,0.0,4.555,0
2023-11-30,4.486,4.486,4.486,4.486,0.0,4.486,0
2023-12-01,4.512,4.512,4.512,4.512,0.0,4.512,0
2023-12-04,4.508,4.52,4.485,4.485,6.0,4.512,6
2023-12-05,4.489,4.489,4.489,4.489,0.0,4.489,0
2023-12-06,4.31,4.31,4.31,4.31,0.0,4.31,0
2023-12-07,4.32,4.32,4.3,4.3,1.0,4.32,1
2023-12-08,4.235,4.235,4.235,4.235,0.0,4.235,0
2023-12-11,4.188,4.188,4.188,4.188,0.0,4.188,0
2023-12-12,4.214,4.214,4.214,4.214,0.0,4.214,0
2023-12-13,4.248,4.248,4.248,4.248,0.0,4.248,0
2023-12-14,4.305,4.305,4.305,4.305,0.0,4.305,0
2023-12-15,4.402,4.402,4.402,4.402,0.0,4.402,0
2023-12-18,4.409,4.409,4.409,4.409,0.0,4.409,0
2023-12-19,4.373,4.373,4.373,4.373,0.0,4.373,0
2023-12-20,4.42,4.42,4.42,4.42,0.0,4.42,0
2023-12-21,4.46,4.46,4.427,4.427,1.0,4.46,1
2023-12-22,4.36,4.36,4.36,4.36,0.0,4.36,0
2023-12-26,4.332,4.332,4.332,4.332,0.0,4.332,0
2023-12-27,4.374,4.374,4.374,4.374,0.0,4.374,0
2023-12-28,4.407,4.407,4.407,4.407,0.0,4.407,0
2023-12-29,4.436,4.436,4.436,4.436,0.0,4.436,0
2024-01-02,4.45,4.45,4.438,4.438,1.0,4.45,1
2024-01-03,4.444,4.444,4.436,4.436,4.0,4.444,1
2024-01-04,4.431,4.431,4.431,4.431,0.0,4.431,0
2024-01-05,4.472,4.472,4.472,4.472,0.0,4.472,0
2024-01-08,4.497,4.497,4.497,4.497,0.0,4.497,0
2024-01-09,4.48,4.48,4.48,4.48,0.0,4.48,0
2024-01-10,4.453,4.453,4.453,4.453,0.0,4.453,0
2024-01-11,4.44,4.44,4.44,4.44,0.0,4.44,0
2024-01-12,4.45,4.45,4.45,4.45,0.0,4.45,0
2024-01-15,4.45,4.45,4.45,4.45,0.0,4.45,0
2024-01-16,4.448,4.448,4.448,4.448,0.0,4.448,0
2024-01-17,4.494,4.494,4.494,4.494,0.0,4.494,0
2024-01-18,4.515,4.515,4.515,4.515,0.0,4.515,0
2024-01-19,4.49,4.5,4.49,4.498,31.0,4.4903,2
2024-01-22,4.476,4.476,4.476,4.476,0.0,4.476,0
2024-01-23,4.54,4.54,4.54,4.54,0.0,4.54,0
2024-01-24,4.509,4.509,4.509,4.509,0.0,4.509,0
2024-01-25,4.42,4.42,4.42,4.42,0.0,4.42,0
2024-01-26,4.421,4.421,4.421,4.421,0.0,4.421,0
2024-01-29,4.402,4.402,4.402,4.402,0.0,4.402,0
2024-01-30,4.402,4.402,4.402,4.402,0.0,4.402,0
2024-01-31,4.42,4.42,4.42,4.42,0.0,4.42,0
2024-02-01,4.42,4.42,4.416,4.416,1.0,4.42,1
2024-02-02,4.453,4.453,4.453,4.453,0.0,4.453,0
2024-02-05,4.43,4.43,4.43,4.43,0.0,4.43,0
2024-02-06,4.44,4.44,4.44,4.44,0.0,4.44,0
2024-02-07,4.448,4.448,4.448,4.448,0.0,4.448,0
2024-02-08,4.425,4.44,4.42,4.44,2.0,4.4225,2
2024-02-09,4.441,4.441,4.441,4.441,0.0,4.441,0
2024-02-12,4.422,4.422,4.422,4.422,0.0,4.422,0
2024-02-13,4.434,4.434,4.434,4.434,0.0,4.434,0
2024-02-14,4.404,4.404,4.404,4.404,0.0,4.404,0
2024-02-15,4.356,4.356,4.356,4.356,0.0,4.356,0
2024-02-16,4.317,4.317,4.317,4.317,0.0,4.317,0
2024-02-19,4.317,4.317,4.317,4.317,0.0,4.317,0
2024-02-20,4.35,4.352,4.35,4.352,1.0,4.35,1
2024-02-21,4.41,4.412,4.41,4.412,1.0,4.41,1
2024-02-22,4.449,4.449,4.449,4.449,0.0,4.449,0
2024-02-23,4.423,4.423,4.423,4.423,0.0,4.423,0
2024-02-26,4.44,4.44,4.44,4.44,0.0,4.44,0
2024-02-27,4.442,4.442,4.442,4.442,0.0,4.442,0
2024-02-28,4.47,4.47,4.47,4.47,0.0,4.47,0
2024-02-29,4.438,4.438,4.438,4.438,0.0,4.438,0
2024-03-01,4.431,4.431,4.417,4.417,1.0,4.431,1
2024-03-04,4.454,4.454,4.454,4.454,0.0,4.454,0
2024-03-05,4.462,4.462,4.462,4.462,0.0,4.462,0
2024-03-06,4.46,4.461,4.43,4.461,23.0,4.4426,10
2024-03-07,4.448,4.448,4.448,4.448,0.0,4.448,0
2024-03-08,4.416,4.416,4.416,4.416,0.0,4.416,0
2024-03-11,4.428,4.428,4.428,4.428,0.0,4.428,0
2024-03-12,4.407,4.407,4.407,4.407,0.0,4.407,0
2024-03-13,4.407,4.407,4.407,4.407,0.0,4.407,0
2024-03-14,4.405,4.424,4.395,4.424,27.0,4.3973,6
2024-03-15,4.369,4.369,4.369,4.369,0.0,4.369,0
2024-03-18,4.381,4.408,4.381,4.408,4.0,4.3857,4
2024-03-19,4.405,4.405,4.399,4.399,10.0,4.405,1
2024-03-20,4.388,4.388,4.374,4.374,1.0,4.388,1
2024-03-21,4.364,4.364,4.364,4.364,0.0,4.364,0
2024-03-22,4.358,4.358,4.358,4.358,0.0,4.358,0
2024-03-25,4.358,4.358,4.345,4.356,7.0,4.3469,7
2024-03-26,4.355,4.38,4.355,4.37,9.0,4.3656,3
2024-03-27,4.37,4.37,4.36,4.364,6.0,4.3617,2
2024-03-28,4.365,4.408,4.365,4.408,2.0,4.365,1
2024-04-01,4.375,4.422,4.375,4.422,4.0,4.3775,2
2024-04-02,4.429,4.435,4.429,4.431,18.0,4.4295,3
2024-04-03,4.43,4.45,4.43,4.448,21.0,4.439,6
2024-04-04,4.417,4.425,4.417,4.425,8.0,4.417,2
2024-04-05,4.422,4.43,4.42,4.42,11.0,4.4271,2
2024-04-08,4.442,4.442,4.437,4.437,5.0,4.442,5
2024-04-09,4.46,4.468,4.45,4.468,30.0,4.4537,7
2024-04-10,4.476,4.48,4.476,4.48,5.0,4.476,3
2024-04-11,4.543,4.543,4.543,4.543,0.0,4.543,0
2024-04-12,4.595,4.609,4.587,4.609,26.0,4.5986,7
2024-04-15,4.626,4.662,4.619,4.662,22.0,4.6316,6
2024-04-16,4.658,4.702,4.658,4.662,13.0,4.6737,6
2024-04-17,4.63,4.646,4.63,4.646,5.0,4.6336,3
2024-04-18,4.64,4.64,4.631,4.635,56.0,4.6389,4
2024-04-19,4.645,4.645,4.642,4.644,24.0,4.6436,3
2024-04-22,4.66,4.669,4.66,4.669,10.0,4.66,2
2024-04-23,4.658,4.658,4.658,4.658,0.0,4.658,0
2024-04-24,4.699,4.7,4.682,4.691,13.0,4.6905,5
2024-04-25,4.674,4.676,4.674,4.676,3.0,4.674,2
2024-04-26,4.697,4.697,4.697,4.697,0.0,4.697,0
2024-04-29,4.726,4.726,4.726,4.726,0.0,4.726,0
2024-04-30,4.721,4.742,4.721,4.742,7.0,4.7221,6
2024-05-01,4.72,4.723,4.72,4.723,4.0,4.72,1
2024-05-02,4.701,4.701,4.701,4.701,0.0,4.701,0
2024-05-03,4.672,4.672,4.672,4.672,0.0,4.672,0
2024-05-06,4.674,4.674,4.674,4.674,0.0,4.674,0
2024-05-07,4.665,4.665,4.622,4.622,1.0,4.665,1
2024-05-08,4.58,4.58,4.58,4.58,0.0,4.58,0
2024-05-09,4.53,4.537,4.53,4.537,5.0,4.53,1
2024-05-10,4.544,4.552,4.544,4.552,7.0,4.544,1
2024-05-13,4.563,4.563,4.563,4.563,0.0,4.563,0
2024-05-14,4.575,4.575,4.575,4.575,0.0,4.575,0
2024-05-15,4.6,4.6,4.6,4.6,0.0,4.6,0
2024-05-16,4.631,4.644,4.631,4.644,1.0,4.631,1
2024-05-17,4.664,4.665,4.664,4.665,1.0,4.664,1
2024-05-20,4.68,4.68,4.671,4.671,3.0,4.68,3
2024-05-21,4.641,4.641,4.641,4.641,0.0,4.641,0
2024-05-22,4.615,4.634,4.615,4.634,31.0,4.615,1
2024-05-23,4.604,4.61,4.589,4.589,4.0,4.6055,2
2024-05-24,4.561,4.561,4.561,4.561,0.0,4.561,0
2024-05-27,4.561,4.561,4.561,4.561,0.0,4.561,0
2024-05-28,4.561,4.561,4.561,4.561,0.0,4.561,0
2024-05-29,4.526,4.526,4.526,4.526,0.0,4.526,0
2024-05-30,4.521,4.521,4.521,4.521,0.0,4.521,0
2024-05-31,4.53,4.53,4.515,4.515,2.0,4.53,2
2024-06-03,4.53,4.53,4.519,4.528,45.0,4.5224,2
2024-06-04,4.505,4.516,4.505,4.516,1.0,4.505,1
2024-06-05,4.535,4.543,4.535,4.543,20.0,4.535,1
2024-06-06,4.529,4.529,4.514,4.514,31.0,4.529,2
2024-06-07,4.488,4.49,4.488,4.49,31.0,4.488,1
2024-06-10,4.491,4.491,4.491,4.491,0.0,4.491,0
2024-06-11,4.5,4.522,4.5,4.522,26.0,4.5079,8
2024-06-12,4.5,4.5,4.487,4.495,8.0,4.4925,5
2024-06-13,4.465,4.48,4.444,4.48,5.0,4.4482,2
2024-06-14,4.465,4.489,4.465,4.489,4.0,4.465,1
2024-06-17,4.489,4.489,4.489,4.489,0.0,4.489,0
2024-06-18,4.51,4.51,4.51,4.51,0.0,4.51,0
2024-06-19,4.51,4.51,4.51,4.51,0.0,4.51,0
2024-06-20,4.474,4.482,4.474,4.482,5.0,4.4788,3
2024-06-21,4.477,4.477,4.473,4.473,1.0,4.477,1
2024-06-24,4.474,4.501,4.474,4.478,13.0,4.4779,3
2024-06-25,4.474,4.474,4.474,4.474,0.0,4.474,0
2024-06-26,4.478,4.478,4.478,4.478,0.0,4.478,0
2024-06-27,4.419,4.419,4.419,4.419,0.0,4.419,0
2024-06-28,4.438,4.438,4.438,4.438,0.0,4.438,0
2024-07-01,4.415,4.415,4.399,4.399,6.0,4.4147,2
2024-07-02,4.413,4.413,4.413,4.413,0.0,4.413,0
2024-07-03,4.42,4.42,4.404,4.404,1.0,4.42,1
2024-07-04,4.404,4.404,4.404,4.404,0.0,4.404,0
2024-07-05,4.415,4.415,4.41,4.41,2.0,4.415,1
2024-07-08,4.427,4.427,4.427,4.427,0.0,4.427,0
2024-07-09,4.431,4.431,4.431,4.431,0.0,4.431,0
2024-07-10,4.435,4.435,4.435,4.435,0.0,4.435,0
2024-07-11,4.385,4.408,4.385,4.408,1.0,4.385,1
2024-07-12,4.397,4.397,4.397,4.397,0.0,4.397,0
2024-07-15,4.388,4.388,4.388,4.388,0.0,4.388,0
2024-07-16,4.395,4.395,4.368,4.368,5.0,4.3926,2
2024-07-17,4.3,4.3,4.251,4.281,304.0,4.2929,7
2024-07-18,4.27,4.274,4.27,4.274,100.0,4.27,1
2024-07-19,4.26,4.326,4.26,4.326,2.0,4.28,2
2024-07-22,4.377,4.377,4.363,4.363,13.0,4.3659,13
2024-07-23,4.349,4.349,4.349,4.349,0.0,4.349,0
2024-07-24,4.326,4.326,4.326,4.326,0.0,4.326,0
2024-07-25,4.267,4.267,4.267,4.267,0.0,4.267,0
2024-07-26,4.275,4.275,4.275,4.275,0.0,4.275,0
2024-07-29,4.244,4.244,4.244,4.244,0.0,4.244,0
2024-07-30,4.218,4.218,4.218,4.218,0.0,4.218,0
2024-07-31,4.19,4.19,4.184,4.184,1.0,4.19,1
2024-08-01,4.19,4.19,4.165,4.173,23.0,4.1857,4
2024-08-02,4.173,4.175,4.157,4.175,18.0,4.1726,5
2024-08-05,4.115,4.115,4.115,4.115,0.0,4.115,0
2024-08-06,4.102,4.102,4.101,4.101,1.0,4.102,1
2024-08-07,4.122,4.122,4.122,4.122,0.0,4.122,0
2024-08-08,4.173,4.173,4.173,4.173,0.0,4.173,0
2024-08-09,4.171,4.191,4.171,4.191,7.0,4.171,1
2024-08-12,4.185,4.2,4.185,4.2,5.0,4.185,3
2024-08-13,4.15,4.158,4.15,4.158,3.0,4.15,1
2024-08-14,4.181,4.181,4.181,4.181,0.0,4.181,0
2024-08-15,4.18,4.18,4.177,4.177,4.0,4.18,3
2024-08-16,4.151,4.167,4.131,4.134,52.0,4.142,7
2024-08-19,4.135,4.147,4.135,4.147,8.0,4.135,3
2024-08-20,4.145,4.18,4.14,4.18,86.0,4.1511,28
2024-08-21,4.188,4.208,4.188,4.208,2.0,4.193,2
2024-08-22,4.159,4.211,4.159,4.211,6.0,4.1723,3
2024-08-23,4.245,4.248,4.23,4.23,28.0,4.2381,8
2024-08-26,4.221,4.221,4.221,4.221,0.0,4.221,0
2024-08-27,4.205,4.205,4.205,4.205,0.0,4.205,0
2024-08-28,4.187,4.187,4.187,4.187,0.0,4.187,0
2024-08-29,4.157,4.166,4.157,4.166,20.0,4.1638,3
2024-08-30,4.166,4.166,4.154,4.154,1.0,4.166,1
2024-09-02,4.154,4.154,4.154,4.154,0.0,4.154,0
2024-09-03,4.143,4.143,4.143,4.143,0.0,4.143,0
2024-09-04,4.155,4.155,4.131,4.131,1.0,4.155,1
2024-09-05,4.135,4.135,4.122,4.122,2.0,4.135,1
2024-09-06,4.111,4.111,4.11,4.11,25.0,4.111,15
2024-09-09,4.11,4.11,4.11,4.11,0.0,4.11,0
2024-09-10,4.09,4.092,4.09,4.092,23.0,4.09,3
2024-09-11,4.091,4.091,4.091,4.091,5.0,4.091,3
2024-09-12,4.103,4.103,4.081,4.091,31.0,4.0886,7
2024-09-13,4.1,4.1,4.096,4.096,2.0,4.1,2
2024-09-16,4.109,4.111,4.107,4.107,52.0,4.1091,7
2024-09-17,4.112,4.112,4.112,4.112,0.0,4.112,0
2024-09-18,4.121,4.122,4.112,4.112,16.0,4.1211,2
2024-09-19,4.126,4.126,4.126,4.126,0.0,4.126,0
2024-09-20,4.131,4.16,4.121,4.16,52.0,4.1302,12
2024-09-23,4.18,4.185,4.132,4.145,35.0,4.158,17
2024-09-24,4.145,4.155,4.145,4.155,16.0,4.145,4
2024-09-25,4.165,4.189,4.165,4.189,50.0,4.1695,7
2024-09-26,4.198,4.209,4.198,4.209,2.0,4.198,1
2024-09-27,4.194,4.23,4.194,4.21,2.0,4.212,2
2024-09-30,4.215,4.215,4.195,4.195,1.0,4.215,1
2024-10-01,4.179,4.179,4.179,4.179,0.0,4.179,0
2024-10-02,4.171,4.198,4.171,4.188,2.0,4.1845,2
2024-10-03,4.205,4.212,4.205,4.205,283.0,4.2068,6
2024-10-04,4.206,4.23,4.206,4.23,3.0,4.206,1
2024-10-07,4.258,4.258,4.258,4.258,0.0,4.258,0
2024-10-08,4.22,4.232,4.22,4.227,10.0,4.2229,3
2024-10-09,4.197,4.21,4.197,4.205,10.0,4.2074,2
2024-10-10,4.161,4.207,4.161,4.207,28.0,4.163,2
2024-10-11,4.194,4.213,4.194,4.202,7.0,4.2051,5
2024-10-14,4.188,4.188,4.188,4.188,0.0,4.188,0
2024-10-15,4.162,4.205,4.162,4.205,26.0,4.1635,5
2024-10-16,4.162,4.164,4.162,4.164,51.0,4.162,5
2024-10-17,4.179,4.179,4.173,4.173,4.0,4.179,2
2024-10-18,4.155,4.155,4.137,4.137,1.0,4.155,1
2024-10-21,4.166,4.172,4.152,4.153,42.0,4.168,24
2024-10-22,4.181,4.204,4.181,4.187,8.0,4.1975,4
2024-10-23,4.18,4.207,4.18,4.199,14.0,4.1999,3
2024-10-24,4.209,4.209,4.209,4.209,0.0,4.209,0
2024-10-25,4.205,4.218,4.205,4.216,139.0,4.2093,41
2024-10-28,4.149,4.185,4.149,4.185,1.0,4.149,1
2024-10-29,4.171,4.184,4.171,4.184,100.0,4.173,3
2024-10-30,4.194,4.223,4.194,4.223,20.0,4.1985,12
2024-10-31,4.224,4.224,4.224,4.224,200.0,4.224,13
2024-11-01,4.208,4.22,4.208,4.22,2.0,4.2095,2
2024-11-04,4.229,4.229,4.209,4.209,100.0,4.229,2
2024-11-05,4.211,4.215,4.189,4.189,344.0,4.2094,7
2024-11-06,4.179,4.221,4.171,4.221,9.0,4.1861,4
2024-11-07,4.203,4.205,4.203,4.205,100.0,4.203,1
2024-11-08,4.184,4.184,4.182,4.182,5.0,4.184,1
2024-11-11,4.199,4.205,4.191,4.204,16.0,4.2006,10
2024-11-12,4.21,4.21,4.203,4.203,54.0,4.2097,5
2024-11-13,4.199,4.217,4.199,4.212,229.0,4.2002,32
2024-11-14,4.202,4.207,4.202,4.202,7.0,4.2046,5
2024-11-15,4.209,4.224,4.209,4.224,283.0,4.2098,26
2024-11-18,4.212,4.232,4.207,4.232,2.0,4.2095,2
2024-11-19,4.238,4.238,4.237,4.237,2.0,4.238,1
2024-11-20,4.234,4.274,4.234,4.274,20.0,4.2469,13
2024-11-21,4.307,4.307,4.26,4.28,74.0,4.274,38
2024-11-22,4.263,4.27,4.25,4.269,256.0,4.2629,18
2024-11-25,4.3,4.311,4.281,4.3,150.0,4.2966,50
2024-11-26,4.305,4.315,4.302,4.302,5.0,4.3074,3
2024-11-27,4.25,4.27,4.25,4.266,16.0,4.2631,8
2024-11-28,4.266,4.266,4.266,4.266,0.0,4.266,0
2024-11-29,4.303,4.314,4.303,4.306,15.0,4.3099,11
2024-12-02,4.258,4.294,4.258,4.291,175.0,4.2882,13
2024-12-03,4.319,4.319,4.265,4.274,31.0,4.2907,7
2024-12-04,4.276,4.319,4.276,4.319,38.0,4.2914,34
2024-12-05,4.319,4.327,4.303,4.319,12.0,4.3152,10
2024-12-06,4.301,4.33,4.301,4.33,33.0,4.3118,22
2024-12-09,4.341,4.352,4.304,4.317,57.0,4.3264,29
2024-12-10,4.301,4.325,4.281,4.324,127.0,4.2913,20
2024-12-11,4.307,4.34,4.307,4.314,18.0,4.3189,11
2024-12-12,4.298,4.363,4.298,4.363,26.0,4.3183,18
2024-12-13,4.365,4.365,4.328,4.333,20.0,4.3466,12
2024-12-16,4.325,4.341,4.325,4.329,28.0,4.3297,18
2024-12-17,4.333,4.345,4.319,4.343,12.0,4.3318,6
2024-12-18,4.326,4.35,4.323,4.327,121.0,4.3332,17
2024-12-19,4.348,4.348,4.322,4.334,14.0,4.3314,6
2024-12-20,4.327,4.364,4.314,4.355,57.0,4.3511,19
2024-12-23,4.351,4.37,4.35,4.365,50.0,4.3516,10
2024-12-24,4.38,4.388,4.38,4.388,3.0,4.38,1
2024-12-26,4.398,4.398,4.365,4.385,18.0,4.3772,14
2024-12-27,4.396,4.439,4.396,4.439,51.0,4.4305,18
2024-12-30,4.482,4.482,4.418,4.462,96.0,4.4507,56
2024-12-31,4.455,4.465,4.435,4.458,82.0,4.4446,19
2025-01-02,4.475,4.485,4.457,4.457,7.0,4.4783,7
2025-01-03,4.428,4.429,4.406,4.406,2.0,4.4285,2
2025-01-06,4.418,4.445,4.418,4.435,151.0,4.4283,29
2025-01-07,4.435,4.435,4.411,4.417,69.0,4.4189,46
2025-01-08,4.419,4.419,4.419,4.419,0.0,4.419,0
2025-01-09,4.431,4.45,4.429,4.429,13.0,4.4452,13
2025-01-10,4.45,4.456,4.427,4.432,158.0,4.44,47
2025-01-13,4.454,4.454,4.423,4.433,82.0,4.4415,63
2025-01-14,4.455,4.455,4.415,4.437,98.0,4.4341,58
2025-01-15,4.457,4.485,4.438,4.482,30.0,4.456,23
2025-01-16,4.482,4.554,4.465,4.548,219.0,4.5213,88
2025-01-17,4.545,4.545,4.461,4.491,127.0,4.5,96
2025-01-20,4.476,4.491,4.476,4.491,1.0,4.476,1
2025-01-21,4.478,4.497,4.472,4.484,51.0,4.4875,34
2025-01-22,4.496,4.57,4.481,4.546,67.0,4.5336,45
2025-01-23,4.543,4.601,4.533,4.582,35.0,4.5726,24
2025-01-24,4.583,4.583,4.517,4.578,84.0,4.5507,48
2025-01-27,4.528,4.528,4.433,4.492,190.0,4.4572,91
2025-01-28,4.453,4.457,4.415,4.42,25.0,4.4269,18
2025-01-29,4.424,4.475,4.423,4.46,99.0,4.4369,40
2025-01-30,4.477,4.487,4.406,4.41,97.0,4.4242,69
2025-01-31,4.412,4.438,4.403,4.404,44.0,4.4169,43
2025-02-03,4.47,4.474,4.451,4.462,78.0,4.4623,33
2025-02-04,4.443,4.474,4.424,4.44,46.0,4.4398,42
2025-02-05,4.414,4.46,4.414,4.46,30.0,4.4394,30
2025-02-06,4.472,4.474,4.444,4.472,68.0,4.4597,58
2025-02-07,4.457,4.457,4.421,4.437,82.0,4.4317,54
2025-02-10,4.481,4.536,4.448,4.529,351.0,4.4958,203
2025-02-11,4.545,4.585,4.54,4.552,160.0,4.5578,144
2025-02-12,4.546,4.562,4.527,4.557,346.0,4.5423,153
2025-02-13,4.58,4.613,4.541,4.586,336.0,4.5808,254
2025-02-14,4.585,4.593,4.572,4.588,78.0,4.5817,69
2025-02-17,4.503,4.588,4.503,4.588,5.0,4.5322,5
2025-02-18,4.561,4.67,4.553,4.669,191.0,4.63,166
2025-02-19,4.67,4.7,4.624,4.672,341.0,4.6555,213
2025-02-20,4.68,4.687,4.561,4.581,174.0,4.6108,123
2025-02-21,4.624,4.624,4.569,4.603,160.0,4.5952,137
2025-02-24,4.547,4.583,4.547,4.557,115.0,4.5627,96
2025-02-25,4.524,4.587,4.524,4.55,135.0,4.5574,115
2025-02-26,4.545,4.56,4.426,4.443,240.0,4.4746,218
2025-02-27,4.448,4.483,4.429,4.457,239.0,4.4583,210
2025-02-28,4.47,4.493,4.452,4.493,142.0,4.4764,115
2025-03-03,4.492,4.542,4.492,4.535,139.0,4.5277,129
2025-03-04,4.489,4.581,4.478,4.536,313.0,4.5537,238
2025-03-05,4.51,4.594,4.51,4.583,493.0,4.5719,217
2025-03-06,4.579,4.586,4.536,4.555,198.0,4.559,164
2025-03-07,4.553,4.697,4.522,4.678,340.0,4.6225,203
2025-03-10,4.778,4.844,4.69,4.715,308.0,4.7205,190
2025-03-11,4.685,4.77,4.685,4.758,216.0,4.7529,170
2025-03-12,4.735,4.735,4.685,4.714,359.0,4.705,221
2025-03-13,4.722,4.772,4.68,4.755,165.0,4.7425,127
2025-03-14,4.743,4.798,4.721,4.772,494.0,4.7731,203
2025-03-17,4.796,4.796,4.723,4.748,131.0,4.7419,66
2025-03-18,4.732,4.775,4.709,4.74,328.0,4.7512,218
2025-03-19,4.774,4.789,4.737,4.789,239.0,4.7742,159
2025-03-20,4.769,4.785,4.732,4.732,97.0,4.754,64
2025-03-21,4.692,4.759,4.692,4.746,206.0,4.7448,114
2025-03-24,4.729,4.786,4.701,4.757,294.0,4.7299,162
2025-03-25,4.739,4.791,4.739,4.767,133.0,4.7703,96
2025-03-26,4.753,4.789,4.746,4.756,268.0,4.7709,151
2025-03-27,4.702,4.769,4.702,4.766,230.0,4.746,192
2025-03-28,4.734,4.762,4.714,4.751,224.0,4.7363,180
2025-03-31,4.764,4.783,4.748,4.77,201.0,4.762,146
2025-04-01,4.755,4.773,4.728,4.728,129.0,4.7529,103
2025-04-02,4.748,4.768,4.713,4.741,194.0,4.7498,126
2025-04-03,4.718,4.752,4.704,4.727,199.0,4.7282,140
2025-04-04,4.729,4.729,4.531,4.601,220.0,4.5988,141
2025-04-07,4.524,4.585,4.448,4.478,155.0,4.5079,123
2025-04-08,4.432,4.551,4.368,4.413,391.0,4.4547,270
2025-04-09,4.4,4.537,4.268,4.537,323.0,4.4053,264
2025-04-10,4.486,4.49,4.372,4.419,274.0,4.4343,186
2025-04-11,4.405,4.453,4.365,4.442,156.0,4.4077,113
2025-04-14,4.486,4.522,4.393,4.403,549.0,4.425,190
2025-04-15,4.421,4.464,4.396,4.456,199.0,4.4281,138
2025-04-16,4.43,4.509,4.423,4.501,399.0,4.4823,188
2025-04-17,4.506,4.544,4.494,4.52,153.0,4.5184,90
2025-04-21,4.511,4.511,4.426,4.429,112.0,4.4514,98
2025-04-22,4.448,4.465,4.424,4.438,102.0,4.4461,75
2025-04-23,4.452,4.507,4.44,4.478,171.0,4.4698,135
2025-04-24,4.462,4.51,4.448,4.502,237.0,4.4693,120
2025-04-25,4.506,4.533,4.486,4.491,116.0,4.5099,92
2025-04-28,4.499,4.566,4.479,4.55,283.0,4.528,210
2025-04-29,4.578,4.588,4.545,4.576,300.0,4.5651,213
2025-04-30,4.597,4.626,4.57,4.617,358.0,4.5975,285
2025-05-01,4.643,4.681,4.623,4.664,277.0,4.6536,194
2025-05-02,4.657,4.736,4.646,4.722,333.0,4.7032,281
2025-05-05,4.764,4.815,4.752,4.773,244.0,4.7793,181
2025-05-06,4.79,4.844,4.775,4.79,185.0,4.8032,139
2025-05-07,4.797,4.836,4.791,4.794,474.0,4.8127,259
2025-05-08,4.787,4.809,4.754,4.77,237.0,4.7849,122
2025-05-09,4.805,4.826,4.788,4.819,206.0,4.8057,144
2025-05-12,4.819,4.823,4.786,4.793,115.0,4.8001,95
2025-05-13,4.823,4.839,4.784,4.827,141.0,4.8175,87
2025-05-14,4.812,4.822,4.768,4.786,206.0,4.7851,132
2025-05-15,4.78,4.826,4.769,4.778,271.0,4.7859,169
2025-05-16,4.775,4.804,4.751,4.794,171.0,4.7884,132
2025-05-19,4.753,4.756,4.645,4.665,327.0,4.7088,235
2025-05-20,4.672,4.75,4.671,4.738,370.0,4.7175,240
2025-05-21,4.74,4.807,4.731,4.744,143.0,4.7728,108
2025-05-22,4.743,4.778,4.738,4.755,100.0,4.7545,79
2025-05-23,4.782,4.807,4.762,4.797,231.0,4.788,170
2025-05-27,4.809,4.838,4.779,4.797,138.0,4.8086,81
2025-05-28,4.793,4.804,4.757,4.757,158.0,4.7741,99
2025-05-29,4.756,4.756,4.682,4.724,294.0,4.7058,142
2025-05-30,4.727,4.765,4.704,4.72,445.0,4.7333,196
2025-06-02,4.741,4.797,4.741,4.783,129.0,4.7775,98
2025-06-03,4.802,4.816,4.779,4.808,93.0,4.7915,69
2025-06-04,4.811,4.863,4.807,4.851,305.0,4.8377,211
2025-06-05,4.856,4.87,4.823,4.848,117.0,4.8545,101
2025-06-06,4.861,4.889,4.859,4.889,193.0,4.8748,160
2025-06-09,4.852,4.88,4.835,4.88,107.0,4.8556,77
2025-06-10,4.886,4.897,4.848,4.866,151.0,4.8618,108
2025-06-11,4.869,4.874,4.821,4.846,211.0,4.8471,157
2025-06-12,4.87,4.877,4.824,4.824,73.0,4.8492,63
2025-06-13,4.846,4.87,4.807,4.836,132.0,4.833,99
2025-06-16,4.854,4.87,4.839,4.855,235.0,4.8534,125
2025-06-17,4.877,4.921,4.868,4.903,205.0,4.8926,166
2025-06-18,4.928,4.962,4.911,4.932,385.0,4.935,258
2025-06-20,4.935,4.977,4.919,4.931,272.0,4.954,198
2025-06-23,4.938,4.958,4.873,4.898,117.0,4.9067,79
2025-06-24,4.858,4.895,4.853,4.866,230.0,4.8752,174
2025-06-25,4.868,4.872,4.843,4.853,200.0,4.8575,131
2025-06-26,4.84,4.872,4.83,4.863,145.0,4.8496,105
2025-06-27,4.9,4.913,4.87,4.891,199.0,4.8875,118
2025-06-30,4.857,4.857,4.763,4.788,359.0,4.792,212
2025-07-01,4.775,4.785,4.665,4.78,295.0,4.7165,177
2025-07-02,4.734,4.805,4.733,4.797,115.0,4.7772,79
2025-07-03,4.808,4.846,4.732,4.746,221.0,4.7766,158
2025-07-07,4.755,4.792,4.675,4.777,133.0,4.7482,98
2025-07-08,4.766,4.792,4.745,4.76,69.0,4.7698,49
2025-07-09,4.729,4.762,4.699,4.759,314.0,4.7244,220
2025-07-10,4.741,4.795,4.731,4.789,226.0,4.7504,139
2025-07-11,4.79,4.832,4.788,4.825,137.0,4.8157,90
2025-07-14,4.852,4.866,4.835,4.844,90.0,4.8507,64
2025-07-15,4.839,4.871,4.839,4.863,237.0,4.8548,142
2025-07-16,4.855,4.872,4.847,4.867,163.0,4.858,115
2025-07-17,4.864,4.864,4.818,4.834,96.0,4.8339,62
2025-07-18,4.839,4.848,4.726,4.815,565.0,4.8029,377
2025-07-21,4.749,4.753,4.689,4.73,260.0,4.7178,162
2025-07-22,4.728,4.746,4.672,4.746,320.0,4.7134,181
2025-07-23,4.74,4.74,4.642,4.657,285.0,4.6747,180
2025-07-24,4.636,4.673,4.619,4.636,143.0,4.6407,97
2025-07-25,4.63,4.652,4.586,4.603,346.0,4.6153,147
2025-07-28,4.592,4.606,4.491,4.525,519.0,4.5191,308
2025-07-29,4.534,4.559,4.522,4.538,315.0,4.5373,219
2025-07-30,4.558,4.589,4.509,4.54,362.0,4.5413,277
2025-07-31,4.512,4.59,4.505,4.587,380.0,4.554,233
2025-08-01,4.564,4.596,4.564,4.596,127.0,4.5828,70
2025-08-04,4.555,4.575,4.498,4.522,798.0,4.5236,590
2025-08-05,4.519,4.56,4.509,4.527,589.0,4.5225,344
2025-08-06,4.537,4.564,4.5,4.557,250.0,4.5388,169
2025-08-07,4.553,4.587,4.529,4.569,449.0,4.5569,359
2025-08-08,4.565,4.573,4.516,4.535,556.0,4.532,332
2025-08-11,4.497,4.56,4.481,4.547,686.0,4.517,533
2025-08-12,4.547,4.558,4.495,4.513,1201.0,4.5214,624
2025-08-13,4.505,4.524,4.475,4.495,457.0,4.4898,272
2025-08-14,4.467,4.489,4.452,4.467,647.0,4.4666,359
2025-08-15,4.48,4.518,4.446,4.498,378.0,4.4952,268
2025-08-18,4.477,4.523,4.473,4.511,388.0,4.4993,287
2025-08-19,4.498,4.503,4.45,4.475,432.0,4.4683,268
2025-08-20,4.469,4.494,4.456,4.479,780.0,4.4772,524
2025-08-21,4.504,4.51,4.466,4.497,369.0,4.4875,260
2025-08-22,4.493,4.494,4.448,4.458,492.0,4.4655,275
2025-08-25,4.447,4.447,4.406,4.432,406.0,4.4269,264
2025-08-26,4.434,4.474,4.406,4.456,451.0,4.4459,223
2025-08-27,4.464,4.517,4.464,4.492,208.0,4.4943,110
2025-08-28,4.488,4.557,4.471,4.535,385.0,4.5269,245
2025-08-29,4.541,4.577,4.523,4.557,604.0,4.5525,330
2025-09-02,4.551,4.564,4.504,4.526,248.0,4.5274,167
2025-09-03,4.512,4.561,4.512,4.526,196.0,4.5318,110
2025-09-04,4.533,4.533,4.5,4.507,432.0,4.5153,256
2025-09-05,4.51,4.52,4.455,4.465,635.0,4.4976,417
2025-09-08,4.491,4.51,4.481,4.495,1541.0,4.4968,588
2025-09-09,4.508,4.513,4.46,4.493,396.0,4.4817,263
2025-09-10,4.496,4.509,4.47,4.479,299.0,4.4854,222
2025-09-11,4.486,4.507,4.478,4.497,270.0,4.4933,170
2025-09-12,4.486,4.508,4.475,4.484,565.0,4.4934,370
2025-09-15,4.48,4.523,4.451,4.521,599.0,4.4774,359
2025-09-16,4.481,4.555,4.48,4.552,611.0,4.5434,394
2025-09-17,4.52,4.574,4.52,4.563,540.0,4.5594,414
2025-09-18,4.555,4.57,4.518,4.534,605.0,4.5402,372
2025-09-19,4.519,4.571,4.518,4.533,400.0,4.5451,278
2025-09-22,4.549,4.55,4.51,4.519,793.0,4.5269,578
2025-09-23,4.515,4.523,4.492,4.503,624.0,4.5045,470
2025-09-24,4.49,4.505,4.48,4.495,535.0,4.4932,385
2025-09-25,4.498,4.539,4.49,4.507,447.0,4.5118,311
2025-09-26,4.525,4.536,4.494,4.508,820.0,4.5062,566
2025-09-29,4.496,4.552,4.494,4.545,456.0,4.5266,322
2025-09-30,4.551,4.565,4.533,4.539,568.0,4.5439,369
2025-10-01,4.555,4.627,4.543,4.617,1372.0,4.5855,1034
2025-10-02,4.609,4.691,4.593,4.659,1225.0,4.6521,882
2025-10-03,4.661,4.687,4.656,4.673,996.0,4.6702,764
2025-10-06,4.7,4.724,4.665,4.679,251.0,4.685,228
2025-10-07,4.677,4.738,4.654,4.734,760.0,4.7054,503
2025-10-08,4.718,4.738,4.691,4.708,908.0,4.7053,674
2025-10-09,4.683,4.712,4.656,4.669,640.0,4.6731,483
2025-10-10,4.658,4.658,4.607,4.625,892.0,4.628,596
2025-10-13,4.617,4.63,4.591,4.625,635.0,4.6114,539
2025-10-14,4.602,4.602,4.554,4.568,1087.0,4.5678,727
2025-10-15,4.556,4.594,4.533,4.575,863.0,4.558,669
2025-10-16,4.58,4.601,4.543,4.549,980.0,4.5672,596
2025-10-17,4.536,4.593,4.52,4.588,1311.0,4.5615,909
2025-10-20,4.63,4.69,4.623,4.689,1569.0,4.6601,1060
2025-10-21,4.655,4.731,4.65,4.705,1289.0,4.6852,942
2025-10-22,4.714,4.73,4.668,4.683,764.0,4.6917,560
2025-10-23,4.695,4.721,4.651,4.678,878.0,4.6796,665
2025-10-24,4.657,4.693,4.614,4.655,986.0,4.6536,692
2025-10-27,4.673,4.685,4.636,4.671,826.0,4.6522,634
2025-10-28,4.659,4.659,4.599,4.625,893.0,4.6206,652
2025-10-29,4.619,4.625,4.579,4.604,994.0,4.5996,623
2025-10-30,4.621,4.704,4.594,4.658,627.0,4.6444,373
2025-10-31,4.704,4.734,4.678,4.714,1340.0,4.7065,838
2025-11-03,4.722,4.75,4.682,4.75,1484.0,4.7224,1015
2025-11-04,4.722,4.792,4.708,4.764,1564.0,4.7489,1004
2025-11-05,4.749,4.762,4.712,4.725,1351.0,4.7329,876
2025-11-06,4.722,4.754,4.689,4.74,796.0,4.7322,585
2025-11-07,4.741,4.758,4.714,4.754,672.0,4.7396,457
2025-11-10,4.807,4.826,4.702,4.738,800.0,4.7406,509
2025-11-11,4.75,4.82,4.722,4.814,1583.0,4.7953,1018
2025-11-12,4.805,4.828,4.785,4.813,1265.0,4.804,879
2025-11-13,4.81,4.857,4.797,4.837,1437.0,4.8334,851
2025-11-14,4.823,4.823,4.745,4.794,1098.0,4.7748,752
2025-11-17,4.752,4.795,4.744,4.769,739.0,4.7724,522
2025-11-18,4.75,4.777,4.711,4.76,1165.0,4.7469,863
2025-11-19,4.758,4.82,4.754,4.813,952.0,4.7995,641
2025-11-20,4.816,4.856,4.794,4.808,1400.0,4.8211,851
2025-11-21,4.824,4.842,4.785,4.824,981.0,4.8106,719
2025-11-24,4.785,4.807,4.754,4.807,1034.0,4.7813,785
2025-11-25,4.819,4.819,4.708,4.728,2423.0,4.7239,1657
2025-11-26,4.676,4.748,4.676,4.728,1242.0,4.7182,908
2025-11-28,4.72,4.763,4.709,4.749,482.0,4.7441,402
2025-12-01,4.734,4.774,4.72,4.74,4105.0,4.7415,2976
2025-12-02,4.721,4.743,4.71,4.731,3777.0,4.7248,2773
2025-12-03,4.717,4.832,4.717,4.825,4266.0,4.7929,3095
2025-12-04,4.831,4.879,4.805,4.876,3344.0,4.8502,2452
2025-12-05,4.865,5.027,4.865,4.986,5313.0,4.9703,4044
2025-12-08,4.909,4.937,4.745,4.79,2710.0,4.8201,2054
2025-12-09,4.77,4.77,4.684,4.691,1846.0,4.7155,1368
2025-12-10,4.718,4.732,4.655,4.7,2353.0,4.7034,1735
2025-12-11,4.706,4.708,4.6,4.618,2715.0,4.6317,2097
2025-12-12,4.597,4.6,4.494,4.504,2938.0,4.533,2260
2025-12-15,4.534,4.538,4.423,4.471,2930.0,4.4647,2210
2025-12-16,4.496,4.496,4.409,4.45,2936.0,4.4465,2146
2025-12-17,4.483,4.529,4.465,4.508,1803.0,4.5073,1326
2025-12-18,4.528,4.567,4.415,4.45,2182.0,4.4944,1628
2025-12-19,4.444,4.462,4.392,4.437,1485.0,4.4272,1093
2025-12-22,4.475,4.489,4.337,4.375,2534.0,4.3733,1764
2025-12-23,4.376,4.495,4.371,4.476,1780.0,4.4468,1380
2025-12-24,4.491,4.518,4.43,4.445,640.0,4.461,506
2025-12-26,4.474,4.511,4.468,4.492,739.0,4.4908,581
2025-12-29,4.53,4.555,4.49,4.546,1055.0,4.5319,811
2025-12-30,4.534,4.613,4.534,4.546,1115.0,4.5687,810
2025-12-31,4.533,4.533,4.446,4.459,794.0,4.4653,611
2026-01-02,4.5,4.5,4.388,4.394,1411.0,4.4202,1036
2026-01-05,4.329,4.332,4.243,4.293,2349.0,4.2832,1804
2026-01-06,4.282,4.282,4.193,4.246,3276.0,4.2369,2219
2026-01-07,4.266,4.312,4.265,4.294,1726.0,4.2908,1220
2026-01-08,4.327,4.327,4.22,4.23,1505.0,4.2446,1130
2026-01-09,4.25,4.25,4.097,4.112,3053.0,4.1376,2177
2026-01-12,4.172,4.199,4.089,4.19,5009.0,4.1252,3917
2026-01-13,4.155,4.213,4.13,4.204,1874.0,4.1837,1350
2026-01-14,4.178,4.189,4.035,4.099,3221.0,4.0804,2312
2026-01-15,4.087,4.122,4.028,4.119,2547.0,4.0807,1751
2026-01-16,4.126,4.142,4.081,4.115,2168.0,4.1083,1588
2026-01-20,4.179,4.377,4.179,4.37,5428.0,4.3047,4051
2026-01-21,4.347,4.603,4.302,4.493,4330.0,4.4958,3419
2026-01-22,4.437,4.617,4.437,4.587,3863.0,4.5701,2995
2026-01-23,4.574,4.678,4.539,4.652,3035.0,4.6154,2451
2026-01-26,4.755,4.862,4.658,4.83,4466.0,4.7702,3325
2026-01-27,4.83,4.852,4.689,4.79,3407.0,4.7831,2704
2026-01-28,4.763,4.875,4.703,4.808,3350.0,4.7981,2412
2026-01-29,4.788,4.869,4.765,4.854,2553.0,4.8156,1726
2026-01-30,4.832,5.111,4.807,5.074,4262.0,4.9856,3091
2026-02-02,4.825,4.857,4.403,4.488,9258.0,4.6381,6394
2026-02-03,4.494,4.595,4.404,4.529,2562.0,4.52,1780
2026-02-04,4.578,4.656,4.538,4.619,3234.0,4.6142,2248
2026-02-05,4.61,4.688,4.567,4.639,2311.0,4.629,1605
2026-02-06,4.64,4.702,4.563,4.591,1707.0,4.6255,1246
2026-02-09,4.508,4.512,4.425,4.492,2612.0,4.4763,1841
2026-02-10,4.474,4.541,4.467,4.499,2312.0,4.5081,1648
2026-02-11,4.505,4.556,4.466,4.523,1334.0,4.5176,1047
2026-02-12,4.543,4.592,4.508,4.526,1615.0,4.5525,1281
2026-02-13,4.498,4.509,4.44,4.506,927.0,4.479,673
2026-02-17,4.407,4.474,4.377,4.393,2248.0,4.4079,1888
2026-02-18,4.403,4.403,4.329,4.374,2146.0,4.3704,1438
2026-02-19,4.381,4.443,4.378,4.407,1496.0,4.4095,1055
2026-02-20,4.398,4.502,4.381,4.428,1790.0,4.4387,1202
2026-02-23,4.536,4.536,4.378,4.385,1389.0,4.4247,1043
2026-02-24,4.397,4.397,4.313,4.326,1192.0,4.3452,898
2026-02-25,4.323,4.378,4.308,4.337,1356.0,4.3493,1026
2026-02-26,4.345,4.345,4.28,4.318,1935.0,4.3043,1310
2026-02-27,4.324,4.362,4.314,4.338,842.0,4.342,581
2026-03-02,4.388,4.534,4.37,4.474,4312.0,4.4733,2729
2026-03-03,4.537,4.763,4.529,4.596,4898.0,4.6765,3046
2026-03-04,4.561,4.624,4.493,4.513,2870.0,4.526,1952
2026-03-05,4.533,4.759,4.515,4.714,5253.0,4.6471,3118
2026-03-06,4.7,4.972,4.69,4.843,8868.0,4.89,4762
2026-03-09,4.87,5.117,4.564,4.703,6409.0,4.8327,4266
2026-03-10,4.511,4.68,4.511,4.608,3749.0,4.5977,2439
2026-03-11,4.668,4.785,4.637,4.777,2450.0,4.7374,1649
2026-03-12,4.815,4.88,4.765,4.822,2272.0,4.8231,1443
2026-03-13,4.825,4.876,4.744,4.78,2594.0,4.7842,1635
2026-03-16,4.79,4.794,4.653,4.665,2753.0,4.6958,1694
2026-03-17,4.686,4.749,4.666,4.695,1498.0,4.7016,941
2026-03-18,4.676,5.006,4.602,4.75,3667.0,4.8009,2132
2026-03-19,4.979,5.164,4.789,4.859,6894.0,4.9737,4446
2026-03-20,4.842,4.882,4.793,4.842,3104.0,4.8252,2205
2026-03-23,4.856,4.902,4.615,4.681,3898.0,4.705,2543
2026-03-24,4.74,4.756,4.523,4.644,3354.0,4.6244,2280
2026-03-25,4.53,4.665,4.503,4.643,2592.0,4.6121,1739
2026-03-26,4.651,4.713,4.6,4.654,2329.0,4.6691,1448
2026-03-27,4.646,4.744,4.646,4.716,1658.0,4.7097,1019
2026-03-30,4.731,4.731,4.587,4.628,1587.0,4.6279,905
2026-03-31,4.597,4.665,4.458,4.472,3834.0,4.5259,2269
2026-04-01,4.472,4.474,4.368,4.392,3065.0,4.3953,1970
2026-04-02,4.401,4.486,4.377,4.388,3051.0,4.4207,1667
2026-04-06,4.426,4.446,4.355,4.367,1356.0,4.3883,902
2026-04-07,4.371,4.457,4.343,4.447,1579.0,4.4277,971
2026-04-08,4.381,4.381,4.276,4.295,4074.0,4.3029,2304
2026-04-09,4.327,4.339,4.258,4.284,3715.0,4.2866,2272
2026-04-10,4.294,4.298,4.225,4.257,5543.0,4.2508,3027
2026-04-13,4.341,4.36,4.222,4.23,2881.0,4.2771,1697
2026-04-14,4.227,4.235,4.141,4.155,4591.0,4.1765,2255
2026-04-15,4.149,4.158,4.106,4.15,1944.0,4.1336,1182
2026-04-16,4.133,4.211,4.126,4.187,1847.0,4.1715,1139
2026-04-17,4.206,4.232,4.143,4.196,2886.0,4.1961,1408
2026-04-20,4.241,4.252,4.2,4.215,2484.0,4.2211,1211
2026-04-21,4.202,4.278,4.189,4.245,3129.0,4.2397,1624
2026-04-22,4.257,4.312,4.25,4.275,1755.0,4.2865,1119
2026-04-23,4.26,4.279,4.172,4.245,3067.0,4.2129,1605
2026-04-24,4.23,4.236,4.164,4.193,2300.0,4.1932,1342
2026-04-27,4.211,4.263,4.19,4.199,1268.0,4.2266,899
2026-04-28,4.199,4.223,4.16,4.181,1276.0,4.1926,871
2026-04-29,4.167,4.18,4.122,4.165,1924.0,4.1527,1076
2026-04-30,4.165,4.232,4.122,4.218,2948.0,4.185,1706
2026-05-01,4.212,4.261,4.205,4.243,2516.0,4.2317,1454
2026-05-04,4.253,4.37,4.236,4.362,4126.0,4.3299,2202
2026-05-05,4.349,4.361,4.265,4.289,2800.0,4.3052,1523
2026-05-06,4.276,4.276,4.151,4.19,3026.0,4.1857,1971
2026-05-07,4.163,4.198,4.119,4.173,3389.0,4.1699,1813
2026-05-08,4.2,4.224,4.137,4.161,1299.0,4.1789,820
2026-05-11,4.17,4.249,4.17,4.234,2764.0,4.2175,1511
2026-05-12,4.233,4.248,4.152,4.18,1881.0,4.1925,1124
2026-05-13,4.178,4.207,4.138,4.151,2257.0,4.1649,1163
2026-05-14,4.16,4.172,4.1,4.127,3007.0,4.1304,1838
2026-05-15,4.149,4.175,4.101,4.125,3266.0,4.1328,1812
2026-05-18,4.142,4.195,4.129,4.159,2298.0,4.1595,1262
2026-05-19,4.156,4.236,4.152,4.228,2924.0,4.2025,1428
2026-05-20,4.212,4.236,4.097,4.101,2724.0,4.1455,1575
2026-05-21,4.118,4.128,4.047,4.074,3711.0,4.0842,2246
2026-05-22,4.058,4.069,3.961,3.97,4326.0,4.0036,2233
2026-05-26,3.962,4.026,3.914,3.922,3100.0,3.9747,1804
2026-05-27,3.919,3.991,3.887,3.942,4614.0,3.9494,2542
2026-05-28,3.938,4.092,3.932,4.074,3997.0,4.0322,1999
2026-05-29,4.1,4.158,4.07,4.126,4245.0,4.1263,2391
2026-06-01,4.147,4.202,4.062,4.111,4413.0,4.1066,2459
2026-06-02,4.114,4.134,4.036,4.082,2998.0,4.0829,1624
2026-06-03,4.083,4.134,4.067,4.096,3094.0,4.1056,1775
2026-06-04,4.121,4.196,4.108,4.166,3181.0,4.1651,1942
2026-06-05,4.186,4.203,4.075,4.097,2266.0,4.1143,1376
2026-06-08,4.08,4.081,4.006,4.045,2131.0,4.0384,1284
2026-06-09,4.038,4.08,4.002,4.016,2538.0,4.0364,1555
2026-06-10,4.016,4.08,3.979,4.029,2718.0,4.0421,1574
2026-06-11,4.038,4.043,3.931,3.969,2538.0,3.9709,1550
2026-06-12,3.961,3.993,3.909,3.973,1698.0,3.9638,1063
2026-06-15,3.947,3.972,3.896,3.96,3148.0,3.9384,1668
2026-06-16,3.968,4.048,3.948,4.028,3475.0,4.0009,1941
2026-06-17,4.038,4.078,3.975,4.003,3290.0,4.0136,1835
2026-06-18,4.021,4.077,3.998,4.069,2507.0,4.0359,1443
2026-06-22,4.061,4.135,4.037,4.05,2835.0,4.0768,1715
2026-06-23,4.035,4.07,3.959,3.97,3976.0,3.9927,2201
2026-06-24,3.975,4.037,3.966,4.031,3593.0,4.0129,2087
2026-06-25,4.028,4.096,4.0,4.047,5758.0,4.0468,3068
2026-06-26,4.026,4.104,4.017,4.028,4974.0,4.0635,2790
2026-06-29,4.046,4.052,3.932,3.945,2941.0,3.9719,1735
2026-06-30,3.944,4.025,3.93,3.98,4267.0,3.9978,2132
2026-07-01,3.967,3.985,3.934,3.957,3444.0,3.9523,2105
2026-07-02,3.947,3.953,3.906,3.934,3756.0,3.9278,2086
2026-07-06,3.935,3.978,3.853,3.867,10215.0,3.8857,4873
2026-07-07,3.878,3.941,3.854,3.912,4986.0,3.8912,2824
2026-07-08,3.93,3.982,3.915,3.932,5237.0,3.9427,2691
2026-07-09,3.942,3.955,3.822,3.836,6143.0,3.8734,3375
2026-07-10,3.838,3.845,3.742,3.788,6183.0,3.7829,3716
2026-07-13,3.79,3.813,3.744,3.802,7328.0,3.7749,4714
2026-07-14,3.802,3.812,3.768,3.787,5948.0,3.7899,3644
2026-07-15,3.792,3.809,3.747,3.768,5244.0,3.7677,2938
2026-07-16,3.757,3.785,3.689,3.725,6207.0,3.7298,3422
2026-07-17,3.743,3.752,3.698,3.735,6927.0,3.7269,3841
2026-07-20,3.709,3.745,3.69,3.713,4762.0,3.7084,2581
2026-07-21,3.706,3.745,3.705,3.718,6909.0,3.7279,4004
2026-07-22,3.726,3.814,3.72,3.789,5537.0,3.7738,2757
2026-07-23,3.806,3.883,3.806,3.859,5501.0,3.8485,2584
2026-07-24,3.859,3.944,3.841,3.852,7061.0,3.8956,3731
2026-07-27,3.865,3.866,3.729,3.752,5551.0,3.7604,3214
2026-07-28,3.732,3.739,3.662,3.679,8036.0,3.6932,3691
2026-07-29,3.667,3.748,3.656,3.732,5235.0,3.7106,2881
2026-07-30,3.735,3.752,3.692,3.706,5159.0,3.7121,2805
2026-07-31,3.701,3.735,3.665,3.689,4021.0,3.692,2232
2026-08-03,3.721,3.729,3.665,3.723,5414.0,3.7124,2849
2026-08-04,3.727,3.73,3.61,3.627,6309.0,3.6367,3015
2026-08-05,3.627,3.645,3.599,3.615,5027.0,3.618,2680
2026-08-06,3.598,3.619,3.527,3.539,7883.0,3.5559,3732
2026-08-07,3.532,3.612,3.526,3.592,4198.0,3.5831,2259
2026-08-10,3.619,3.695,3.619,3.688,5430.0,3.6761,2665
2026-08-11,3.674,3.698,3.656,3.677,5553.0,3.6759,2811
2026-08-12,3.667,3.72,3.665,3.677,4119.0,3.6946,2146
2026-08-13,3.666,3.672,3.558,3.565,6830.0,3.6005,3835
2026-08-14,3.572,3.603,3.533,3.549,5309.0,3.5741,2648
