date,open,high,low,close,volume,average,barCount
2017-03-14,3.543,3.543,3.543,3.543,0.0,3.543,0
2017-03-15,3.563,3.563,3.563,3.563,0.0,3.563,0
2017-03-16,3.579,3.579,3.579,3.579,0.0,3.579,0
2017-03-17,3.584,3.584,3.584,3.584,0.0,3.584,0
2017-03-20,3.585,3.585,3.585,3.585,0.0,3.585,0
2017-03-21,3.595,3.595,3.595,3.595,0.0,3.595,0
2017-03-22,3.597,3.597,3.597,3.597,0.0,3.597,0
2017-03-23,3.592,3.592,3.592,3.592,0.0,3.592,0
2017-03-24,3.554,3.554,3.554,3.554,0.0,3.554,0
2017-03-27,3.544,3.544,3.544,3.544,0.0,3.544,0
2017-03-28,3.535,3.535,3.535,3.535,0.0,3.535,0
2017-03-29,3.543,3.543,3.543,3.543,0.0,3.543,0
2017-03-30,3.546,3.546,3.546,3.546,0.0,3.546,0
2017-03-31,3.565,3.565,3.565,3.565,0.0,3.565,0
2017-04-03,3.572,3.572,3.572,3.572,0.0,3.572,0
2017-04-04,3.585,3.585,3.585,3.585,0.0,3.585,0
2017-04-05,3.6,3.6,3.6,3.6,0.0,3.6,0
2017-04-06,3.58,3.58,3.58,3.58,0.0,3.58,0
2017-04-07,3.594,3.594,3.594,3.594,0.0,3.594,0
2017-04-10,3.603,3.603,3.603,3.603,0.0,3.603,0
2017-04-11,3.634,3.634,3.634,3.634,0.0,3.634,0
2017-04-12,3.635,3.635,3.635,3.635,0.0,3.635,0
2017-04-13,3.641,3.641,3.641,3.641,0.0,3.641,0
2017-04-17,3.619,3.619,3.619,3.619,0.0,3.619,0
2017-04-18,3.649,3.649,3.649,3.649,0.0,3.649,0
2017-04-19,3.66,3.66,3.66,3.66,0.0,3.66,0
2017-04-20,3.694,3.694,3.694,3.694,0.0,3.694,0
2017-04-21,3.695,3.695,3.695,3.695,0.0,3.695,0
2017-04-24,3.654,3.654,3.654,3.654,0.0,3.654,0
2017-04-25,3.654,3.654,3.654,3.654,0.0,3.654,0
2017-04-26,3.645,3.645,3.645,3.645,0.0,3.645,0
2017-04-27,3.636,3.636,3.636,3.636,0.0,3.636,0
2017-04-28,3.662,3.662,3.662,3.662,0.0,3.662,0
2017-05-01,3.637,3.637,3.637,3.637,0.0,3.637,0
2017-05-02,3.638,3.638,3.638,3.638,0.0,3.638,0
2017-05-03,3.657,3.657,3.657,3.657,0.0,3.657,0
2017-05-04,3.7,3.7,3.7,3.7,0.0,3.7,0
2017-05-05,3.7,3.7,3.7,3.7,0.0,3.7,0
2017-05-08,3.691,3.691,3.691,3.691,0.0,3.691,0
2017-05-09,3.694,3.694,3.694,3.694,0.0,3.694,0
2017-05-10,3.695,3.695,3.695,3.695,0.0,3.695,0
2017-05-11,3.729,3.729,3.729,3.729,0.0,3.729,0
2017-05-12,3.733,3.733,3.733,3.733,0.0,3.733,0
2017-05-15,3.738,3.738,3.738,3.738,0.0,3.738,0
2017-05-16,3.755,3.755,3.755,3.755,0.0,3.755,0
2017-05-17,3.751,3.751,3.751,3.751,0.0,3.751,0
2017-05-18,3.738,3.738,3.738,3.738,0.0,3.738,0
2017-05-19,3.728,3.728,3.728,3.728,0.0,3.728,0
2017-05-22,3.73,3.73,3.73,3.73,0.0,3.73,0
2017-05-23,3.797,3.797,3.797,3.797,0.0,3.797,0
2017-05-24,3.799,3.799,3.799,3.799,0.0,3.799,0
2017-05-25,3.789,3.789,3.789,3.789,0.0,3.789,0
2017-05-26,3.774,3.774,3.774,3.774,0.0,3.774,0
2017-05-30,3.741,3.741,3.741,3.741,0.0,3.741,0
2017-05-31,3.737,3.737,3.737,3.737,0.0,3.737,0
2017-06-01,3.739,3.739,3.739,3.739,0.0,3.739,0
2017-06-02,3.729,3.729,3.729,3.729,0.0,3.729,0
2017-06-05,3.699,3.699,3.699,3.699,0.0,3.699,0
2017-06-06,3.641,3.641,3.641,3.641,0.0,3.641,0
2017-06-07,3.652,3.652,3.652,3.652,0.0,3.652,0
2017-06-08,3.67,3.67,3.67,3.67,0.0,3.67,0
2017-06-09,3.667,3.667,3.667,3.667,0.0,3.667,0
2017-06-12,3.669,3.669,3.669,3.669,0.0,3.669,0
2017-06-13,3.666,3.666,3.666,3.666,0.0,3.666,0
2017-06-14,3.655,3.655,3.655,3.655,0.0,3.655,0
2017-06-15,3.683,3.683,3.683,3.683,0.0,3.683,0
2017-06-16,3.672,3.672,3.672,3.672,0.0,3.672,0
2017-06-19,3.695,3.695,3.695,3.695,0.0,3.695,0
2017-06-20,3.727,3.727,3.727,3.727,0.0,3.727,0
2017-06-21,3.745,3.745,3.745,3.745,0.0,3.745,0
2017-06-22,3.739,3.739,3.739,3.739,0.0,3.739,0
2017-06-23,3.726,3.726,3.726,3.726,0.0,3.726,0
2017-06-26,3.703,3.703,3.703,3.703,0.0,3.703,0
2017-06-27,3.706,3.706,3.706,3.706,0.0,3.706,0
2017-06-28,3.696,3.696,3.696,3.696,0.0,3.696,0
2017-06-29,3.698,3.698,3.698,3.698,0.0,3.698,0
2017-06-30,3.716,3.716,3.716,3.716,0.0,3.716,0
2017-07-03,3.723,3.723,3.723,3.723,0.0,3.723,0
2017-07-05,3.708,3.708,3.708,3.708,0.0,3.708,0
2017-07-06,3.658,3.658,3.658,3.658,0.0,3.658,0
2017-07-07,3.653,3.653,3.653,3.653,0.0,3.653,0
2017-07-10,3.64,3.64,3.64,3.64,0.0,3.64,0
2017-07-11,3.637,3.637,3.637,3.637,0.0,3.637,0
2017-07-12,3.623,3.623,3.623,3.623,0.0,3.623,0
2017-07-13,3.636,3.636,3.636,3.636,0.0,3.636,0
2017-07-14,3.639,3.639,3.639,3.639,0.0,3.639,0
2017-07-17,3.632,3.632,3.632,3.632,0.0,3.632,0
2017-07-18,3.627,3.627,3.627,3.627,0.0,3.627,0
2017-07-19,3.612,3.612,3.612,3.612,0.0,3.612,0
2017-07-20,3.593,3.593,3.593,3.593,0.0,3.593,0
2017-07-21,3.596,3.596,3.596,3.596,0.0,3.596,0
2017-07-24,3.574,3.574,3.574,3.574,0.0,3.574,0
2017-07-25,3.545,3.545,3.545,3.545,0.0,3.545,0
2017-07-26,3.54,3.54,3.54,3.54,0.0,3.54,0
2017-07-27,3.541,3.541,3.541,3.541,0.0,3.541,0
2017-07-28,3.556,3.556,3.556,3.556,0.0,3.556,0
2017-07-31,3.532,3.532,3.532,3.532,0.0,3.532,0
2017-08-01,3.554,3.554,3.554,3.554,0.0,3.554,0
2017-08-02,3.563,3.563,3.563,3.563,0.0,3.563,0
2017-08-03,3.586,3.586,3.586,3.586,0.0,3.586,0
2017-08-04,3.596,3.596,3.596,3.596,0.0,3.596,0
2017-08-07,3.595,3.595,3.595,3.595,0.0,3.595,0
2017-08-08,3.577,3.577,3.577,3.577,0.0,3.577,0
2017-08-09,3.571,3.571,3.571,3.571,0.0,3.571,0
2017-08-10,3.568,3.568,3.568,3.568,0.0,3.568,0
2017-08-11,3.572,3.572,3.572,3.572,0.0,3.572,0
2017-08-14,3.568,3.568,3.568,3.568,0.0,3.568,0
2017-08-15,3.566,3.566,3.566,3.566,0.0,3.566,0
2017-08-16,3.556,3.556,3.556,3.556,0.0,3.556,0
2017-08-17,3.554,3.554,3.554,3.554,0.0,3.554,0
2017-08-18,3.554,3.554,3.554,3.554,0.0,3.554,0
2017-08-21,3.544,3.544,3.544,3.544,0.0,3.544,0
2017-08-22,3.536,3.536,3.536,3.536,0.0,3.536,0
2017-08-23,3.533,3.533,3.533,3.533,0.0,3.533,0
2017-08-24,3.483,3.483,3.483,3.483,0.0,3.483,0
2017-08-25,3.47,3.47,3.47,3.47,0.0,3.47,0
2017-08-28,3.483,3.483,3.483,3.483,0.0,3.483,0
2017-08-29,3.485,3.485,3.485,3.485,0.0,3.485,0
2017-08-30,3.503,3.503,3.503,3.503,0.0,3.503,0
2017-08-31,3.511,3.511,3.511,3.511,0.0,3.511,0
2017-09-01,3.512,3.512,3.512,3.512,0.0,3.512,0
2017-09-05,3.508,3.508,3.508,3.508,0.0,3.508,0
2017-09-06,3.469,3.469,3.469,3.469,0.0,3.469,0
2017-09-07,3.503,3.503,3.503,3.503,0.0,3.503,0
2017-09-08,3.507,3.507,3.507,3.507,0.0,3.507,0
2017-09-11,3.518,3.518,3.518,3.518,0.0,3.518,0
2017-09-12,3.495,3.495,3.495,3.495,0.0,3.495,0
2017-09-13,3.481,3.481,3.481,3.481,0.0,3.481,0
2017-09-14,3.468,3.468,3.468,3.468,0.0,3.468,0
2017-09-15,3.473,3.473,3.473,3.473,0.0,3.473,0
2017-09-18,3.468,3.468,3.468,3.468,0.0,3.468,0
2017-09-19,3.458,3.458,3.458,3.458,0.0,3.458,0
2017-09-20,3.448,3.448,3.448,3.448,0.0,3.448,0
2017-09-21,3.439,3.439,3.439,3.439,0.0,3.439,0
2017-09-22,3.453,3.453,3.453,3.453,0.0,3.453,0
2017-09-25,3.436,3.436,3.436,3.436,0.0,3.436,0
2017-09-26,3.446,3.446,3.446,3.446,0.0,3.446,0
2017-09-27,3.457,3.457,3.457,3.457,0.0,3.457,0
2017-09-28,3.456,3.456,3.456,3.456,0.0,3.456,0
2017-09-29,3.453,3.453,3.453,3.453,0.0,3.453,0
2017-10-02,3.466,3.466,3.466,3.466,0.0,3.466,0
2017-10-03,3.475,3.475,3.475,3.475,0.0,3.475,0
2017-10-04,3.474,3.474,3.474,3.474,0.0,3.474,0
2017-10-05,3.483,3.483,3.483,3.483,0.0,3.483,0
2017-10-06,3.475,3.475,3.475,3.475,0.0,3.475,0
2017-10-09,3.485,3.485,3.485,3.485,0.0,3.485,0
2017-10-10,3.475,3.475,3.475,3.475,0.0,3.475,0
2017-10-11,3.486,3.486,3.486,3.486,0.0,3.486,0
2017-10-12,3.53,3.53,3.53,3.53,0.0,3.53,0
2017-10-13,3.528,3.528,3.528,3.528,0.0,3.528,0
2017-10-16,3.549,3.549,3.549,3.549,0.0,3.549,0
2017-10-17,3.596,3.596,3.596,3.596,0.0,3.596,0
2017-10-18,3.6,3.6,3.6,3.6,0.0,3.6,0
2017-10-19,3.622,3.622,3.622,3.622,0.0,3.622,0
2017-10-20,3.662,3.662,3.662,3.662,0.0,3.662,0
2017-10-23,3.642,3.642,3.642,3.642,0.0,3.642,0
2017-10-24,3.641,3.641,3.641,3.641,0.0,3.641,0
2017-10-25,3.642,3.642,3.642,3.642,0.0,3.642,0
2017-10-26,3.635,3.635,3.635,3.635,0.0,3.635,0
2017-10-27,3.615,3.615,3.615,3.615,0.0,3.615,0
2017-10-30,3.65,3.65,3.65,3.65,0.0,3.65,0
2017-10-31,3.661,3.661,3.661,3.661,0.0,3.661,0
2017-11-01,3.671,3.671,3.671,3.671,0.0,3.671,0
2017-11-02,3.653,3.653,3.653,3.653,0.0,3.653,0
2017-11-03,3.65,3.65,3.65,3.65,0.0,3.65,0
2017-11-06,3.645,3.645,3.645,3.645,0.0,3.645,0
2017-11-07,3.644,3.644,3.644,3.644,0.0,3.644,0
2017-11-08,3.642,3.642,3.642,3.642,0.0,3.642,0
2017-11-09,3.652,3.652,3.652,3.652,0.0,3.652,0
2017-11-10,3.647,3.647,3.647,3.647,0.0,3.647,0
2017-11-13,3.633,3.633,3.633,3.633,0.0,3.633,0
2017-11-14,3.628,3.628,3.628,3.628,0.0,3.628,0
2017-11-15,3.62,3.62,3.62,3.62,0.0,3.62,0
2017-11-16,3.624,3.624,3.624,3.624,0.0,3.624,0
2017-11-17,3.618,3.618,3.618,3.618,0.0,3.618,0
2017-11-20,3.611,3.611,3.611,3.611,0.0,3.611,0
2017-11-21,3.609,3.609,3.609,3.609,0.0,3.609,0
2017-11-22,3.596,3.596,3.596,3.596,0.0,3.596,0
2017-11-24,3.599,3.599,3.599,3.599,0.0,3.599,0
2017-11-27,3.602,3.602,3.602,3.602,0.0,3.602,0
2017-11-28,3.605,3.605,3.605,3.605,0.0,3.605,0
2017-11-29,3.606,3.606,3.606,3.606,0.0,3.606,0
2017-11-30,3.608,3.608,3.608,3.608,0.0,3.608,0
2017-12-01,3.564,3.564,3.564,3.564,0.0,3.564,0
2017-12-04,3.557,3.557,3.557,3.557,0.0,3.557,0
2017-12-05,3.546,3.546,3.546,3.546,0.0,3.546,0
2017-12-06,3.528,3.528,3.528,3.528,0.0,3.528,0
2017-12-07,3.534,3.534,3.534,3.534,0.0,3.534,0
2017-12-08,3.529,3.529,3.529,3.529,0.0,3.529,0
2017-12-11,3.522,3.522,3.522,3.522,0.0,3.522,0
2017-12-12,3.535,3.535,3.535,3.535,0.0,3.535,0
2017-12-13,3.551,3.551,3.551,3.551,0.0,3.551,0
2017-12-14,3.562,3.562,3.562,3.562,0.0,3.562,0
2017-12-15,3.57,3.57,3.57,3.57,0.0,3.57,0
2017-12-18,3.59,3.59,3.59,3.59,0.0,3.59,0
2017-12-19,3.592,3.592,3.592,3.592,0.0,3.592,0
2017-12-20,3.578,3.578,3.578,3.578,0.0,3.578,0
2017-12-21,3.595,3.595,3.595,3.595,0.0,3.595,0
2017-12-22,3.618,3.618,3.618,3.618,0.0,3.618,0
2017-12-26,3.619,3.619,3.619,3.619,0.0,3.619,0
2017-12-27,3.592,3.592,3.592,3.592,0.0,3.592,0
2017-12-28,3.498,3.498,3.498,3.498,0.0,3.498,0
2017-12-29,3.467,3.467,3.467,3.467,0.0,3.467,0
2018-01-02,3.46,3.46,3.46,3.46,0.0,3.46,0
2018-01-03,3.461,3.461,3.461,3.461,0.0,3.461,0
2018-01-04,3.493,3.493,3.493,3.493,0.0,3.493,0
2018-01-05,3.487,3.487,3.487,3.487,0.0,3.487,0
2018-01-08,3.482,3.482,3.482,3.482,0.0,3.482,0
2018-01-09,3.467,3.467,3.467,3.467,0.0,3.467,0
2018-01-10,3.46,3.46,3.46,3.46,0.0,3.46,0
2018-01-11,3.477,3.477,3.477,3.477,0.0,3.477,0
2018-01-12,3.464,3.464,3.464,3.464,0.0,3.464,0
2018-01-16,3.427,3.427,3.427,3.427,0.0,3.427,0
2018-01-17,3.421,3.421,3.421,3.421,0.0,3.421,0
2018-01-18,3.419,3.419,3.419,3.419,0.0,3.419,0
2018-01-19,3.429,3.429,3.429,3.429,0.0,3.429,0
2018-01-22,3.448,3.448,3.448,3.448,0.0,3.448,0
2018-01-23,3.46,3.46,3.46,3.46,0.0,3.46,0
2018-01-24,3.474,3.474,3.474,3.474,0.0,3.474,0
2018-01-25,3.498,3.498,3.498,3.498,0.0,3.498,0
2018-01-26,3.464,3.464,3.464,3.464,0.0,3.464,0
2018-01-29,3.466,3.466,3.466,3.466,0.0,3.466,0
2018-01-30,3.483,3.483,3.483,3.483,0.0,3.483,0
2018-01-31,3.445,3.445,3.445,3.445,0.0,3.445,0
2018-02-01,3.441,3.441,3.441,3.441,0.0,3.441,0
2018-02-02,3.466,3.466,3.466,3.466,0.0,3.466,0
2018-02-05,3.488,3.488,3.488,3.488,0.0,3.488,0
2018-02-06,3.472,3.472,3.472,3.472,0.0,3.472,0
2018-02-07,3.45,3.45,3.45,3.45,0.0,3.45,0
2018-02-08,3.463,3.463,3.463,3.463,0.0,3.463,0
2018-02-09,3.432,3.432,3.432,3.432,0.0,3.432,0
2018-02-12,3.422,3.422,3.422,3.422,0.0,3.422,0
2018-02-13,3.407,3.407,3.407,3.407,0.0,3.407,0
2018-02-14,3.412,3.412,3.412,3.412,0.0,3.412,0
2018-02-15,3.417,3.417,3.417,3.417,0.0,3.417,0
2018-02-16,3.43,3.43,3.43,3.43,0.0,3.43,0
2018-02-20,3.433,3.433,3.433,3.433,0.0,3.433,0
2018-02-21,3.451,3.451,3.451,3.451,0.0,3.451,0
2018-02-22,3.463,3.463,3.463,3.463,0.0,3.463,0
2018-02-23,3.455,3.455,3.455,3.455,0.0,3.455,0
2018-02-26,3.451,3.451,3.451,3.451,0.0,3.451,0
2018-02-27,3.454,3.454,3.454,3.454,0.0,3.454,0
2018-02-28,3.429,3.429,3.429,3.429,0.0,3.429,0
2018-03-01,3.468,3.468,3.468,3.468,0.0,3.468,0
2018-03-02,3.485,3.485,3.485,3.485,0.0,3.485,0
2018-03-05,3.503,3.503,3.503,3.503,0.0,3.503,0
2018-03-06,3.5,3.5,3.5,3.5,0.0,3.5,0
2018-03-07,3.493,3.493,3.493,3.493,0.0,3.493,0
2018-03-08,3.455,3.455,3.455,3.455,0.0,3.455,0
2018-03-09,3.416,3.416,3.416,3.416,0.0,3.416,0
2018-03-12,3.422,3.422,3.422,3.422,0.0,3.422,0
2018-03-13,3.429,3.429,3.429,3.429,0.0,3.429,0
2018-03-14,3.449,3.449,3.449,3.449,0.0,3.449,0
2018-03-15,3.507,3.507,3.507,3.507,0.0,3.507,0
2018-03-16,3.517,3.517,3.517,3.517,0.0,3.517,0
2018-03-19,3.507,3.507,3.507,3.507,0.0,3.507,0
2018-03-20,3.512,3.512,3.512,3.512,0.0,3.512,0
2018-03-21,3.52,3.52,3.52,3.52,0.0,3.52,0
2018-03-22,3.508,3.508,3.508,3.508,0.0,3.508,0
2018-03-23,3.43,3.43,3.43,3.43,0.0,3.43,0
2018-03-26,3.458,3.458,3.458,3.458,0.0,3.458,0
2018-03-27,3.462,3.462,3.462,3.462,0.0,3.462,0
2018-03-28,3.491,3.491,3.491,3.491,0.0,3.491,0
2018-03-29,3.529,3.529,3.529,3.529,0.0,3.529,0
2018-04-02,3.511,3.511,3.511,3.511,0.0,3.511,0
2018-04-03,3.489,3.489,3.489,3.489,0.0,3.489,0
2018-04-04,3.463,3.463,3.463,3.463,0.0,3.463,0
2018-04-05,3.479,3.479,3.479,3.479,0.0,3.479,0
2018-04-06,3.473,3.473,3.473,3.473,0.0,3.473,0
2018-04-09,3.457,3.457,3.457,3.457,0.0,3.457,0
2018-04-10,3.466,3.466,3.466,3.466,0.0,3.466,0
2018-04-11,3.474,3.474,3.474,3.474,0.0,3.474,0
2018-04-12,3.497,3.497,3.497,3.497,0.0,3.497,0
2018-04-13,3.49,3.49,3.49,3.49,0.0,3.49,0
2018-04-16,3.492,3.492,3.492,3.492,0.0,3.492,0
2018-04-17,3.454,3.454,3.454,3.454,0.0,3.454,0
2018-04-18,3.455,3.455,3.455,3.455,0.0,3.455,0
2018-04-19,3.457,3.457,3.457,3.457,0.0,3.457,0
2018-04-20,3.465,3.465,3.465,3.465,0.0,3.465,0
2018-04-23,3.466,3.466,3.466,3.466,0.0,3.466,0
2018-04-24,3.464,3.464,3.464,3.464,0.0,3.464,0
2018-04-25,3.453,3.453,3.453,3.453,0.0,3.453,0
2018-04-26,3.443,3.443,3.443,3.443,0.0,3.443,0
2018-04-27,3.445,3.445,3.445,3.445,0.0,3.445,0
2018-04-30,3.437,3.437,3.437,3.437,0.0,3.437,0
2018-05-01,3.417,3.417,3.417,3.417,0.0,3.417,0
2018-05-02,3.445,3.445,3.445,3.445,0.0,3.445,0
2018-05-03,3.455,3.455,3.455,3.455,0.0,3.455,0
2018-05-04,3.453,3.453,3.453,3.453,0.0,3.453,0
2018-05-07,3.451,3.451,3.451,3.451,0.0,3.451,0
2018-05-08,3.406,3.406,3.406,3.406,0.0,3.406,0
2018-05-09,3.392,3.392,3.392,3.392,0.0,3.392,0
2018-05-10,3.388,3.388,3.388,3.388,0.0,3.388,0
2018-05-11,3.391,3.391,3.391,3.391,0.0,3.391,0
2018-05-14,3.383,3.383,3.383,3.383,0.0,3.383,0
2018-05-15,3.421,3.421,3.421,3.421,0.0,3.421,0
2018-05-16,3.395,3.395,3.395,3.395,0.0,3.395,0
2018-05-17,3.402,3.402,3.402,3.402,0.0,3.402,0
2018-05-18,3.417,3.417,3.417,3.417,0.0,3.417,0
2018-05-21,3.412,3.412,3.412,3.412,0.0,3.412,0
2018-05-22,3.369,3.369,3.369,3.369,0.0,3.369,0
2018-05-23,3.346,3.346,3.346,3.346,0.0,3.346,0
2018-05-24,3.34,3.34,3.34,3.34,0.0,3.34,0
2018-05-25,3.312,3.312,3.312,3.312,0.0,3.312,0
2018-05-29,3.292,3.292,3.292,3.292,0.0,3.292,0
2018-05-30,3.303,3.303,3.303,3.303,0.0,3.303,0
2018-05-31,3.291,3.291,3.291,3.291,0.0,3.291,0
2018-06-01,3.281,3.281,3.281,3.281,0.0,3.281,0
2018-06-04,3.294,3.294,3.294,3.294,0.0,3.294,0
2018-06-05,3.309,3.309,3.309,3.309,0.0,3.309,0
2018-06-06,3.304,3.304,3.304,3.304,0.0,3.304,0
2018-06-07,3.302,3.302,3.302,3.302,0.0,3.302,0
2018-06-08,3.305,3.305,3.305,3.305,0.0,3.305,0
2018-06-11,3.304,3.304,3.304,3.304,0.0,3.304,0
2018-06-12,3.338,3.338,3.338,3.338,0.0,3.338,0
2018-06-13,3.349,3.349,3.349,3.349,0.0,3.349,0
2018-06-14,3.365,3.365,3.365,3.365,0.0,3.365,0
2018-06-15,3.37,3.37,3.37,3.37,0.0,3.37,0
2018-06-18,3.406,3.406,3.406,3.406,0.0,3.406,0
2018-06-19,3.408,3.408,3.408,3.408,0.0,3.408,0
2018-06-20,3.407,3.407,3.407,3.407,0.0,3.407,0
2018-06-21,3.388,3.388,3.388,3.388,0.0,3.388,0
2018-06-22,3.39,3.39,3.39,3.39,0.0,3.39,0
2018-06-25,3.386,3.386,3.386,3.386,0.0,3.386,0
2018-06-26,3.383,3.383,3.383,3.383,0.0,3.383,0
2018-06-27,3.386,3.386,3.386,3.386,0.0,3.386,0
2018-06-28,3.365,3.365,3.365,3.365,0.0,3.365,0
2018-06-29,3.362,3.362,3.362,3.362,0.0,3.362,0
2018-07-02,3.353,3.353,3.353,3.353,0.0,3.353,0
2018-07-03,3.35,3.35,3.35,3.35,0.0,3.35,0
2018-07-05,3.352,3.352,3.352,3.352,0.0,3.352,0
2018-07-06,3.351,3.351,3.351,3.351,0.0,3.351,0
2018-07-09,3.342,3.342,3.342,3.342,0.0,3.342,0
2018-07-10,3.346,3.346,3.346,3.346,0.0,3.346,0
2018-07-11,3.324,3.324,3.324,3.324,0.0,3.324,0
2018-07-12,3.322,3.322,3.322,3.322,0.0,3.322,0
2018-07-13,3.317,3.317,3.317,3.317,0.0,3.317,0
2018-07-16,3.29,3.29,3.29,3.29,0.0,3.29,0
2018-07-17,3.275,3.275,3.275,3.275,0.0,3.275,0
2018-07-18,3.281,3.281,3.281,3.281,0.0,3.281,0
2018-07-19,3.271,3.271,3.271,3.271,0.0,3.271,0
2018-07-20,3.277,3.277,3.277,3.277,0.0,3.277,0
2018-07-23,3.286,3.286,3.286,3.286,0.0,3.286,0
2018-07-24,3.287,3.287,3.287,3.287,0.0,3.287,0
2018-07-25,3.317,3.317,3.317,3.317,0.0,3.317,0
2018-07-26,3.313,3.313,3.313,3.313,0.0,3.313,0
2018-07-27,3.326,3.326,3.326,3.326,0.0,3.326,0
2018-07-30,3.33,3.33,3.33,3.33,0.0,3.33,0
2018-07-31,3.333,3.333,3.333,3.333,0.0,3.333,0
2018-08-01,3.303,3.303,3.303,3.303,0.0,3.303,0
2018-08-02,3.307,3.307,3.307,3.307,0.0,3.307,0
2018-08-03,3.307,3.307,3.307,3.307,0.0,3.307,0
2018-08-06,3.295,3.295,3.295,3.295,0.0,3.295,0
2018-08-07,3.355,3.355,3.355,3.355,0.0,3.355,0
2018-08-08,3.368,3.368,3.368,3.368,0.0,3.368,0
2018-08-09,3.368,3.368,3.368,3.368,0.0,3.368,0
2018-08-10,3.365,3.365,3.365,3.365,0.0,3.365,0
2018-08-13,3.366,3.366,3.366,3.366,0.0,3.366,0
2018-08-14,3.365,3.365,3.365,3.365,0.0,3.365,0
2018-08-15,3.366,3.366,3.366,3.366,0.0,3.366,0
2018-08-16,3.356,3.356,3.356,3.356,0.0,3.356,0
2018-08-17,3.358,3.358,3.358,3.358,0.0,3.358,0
2018-08-20,3.357,3.357,3.357,3.357,0.0,3.357,0
2018-08-21,3.373,3.373,3.373,3.373,0.0,3.373,0
2018-08-22,3.36,3.36,3.36,3.36,0.0,3.36,0
2018-08-23,3.359,3.359,3.359,3.359,0.0,3.359,0
2018-08-24,3.346,3.346,3.346,3.346,0.0,3.346,0
2018-08-27,3.316,3.316,3.316,3.316,0.0,3.316,0
2018-08-28,3.292,3.292,3.292,3.292,0.0,3.292,0
2018-08-29,3.296,3.296,3.296,3.296,0.0,3.296,0
2018-08-30,3.277,3.277,3.277,3.277,0.0,3.277,0
2018-08-31,3.291,3.291,3.291,3.291,0.0,3.291,0
2018-09-04,3.28,3.28,3.28,3.28,0.0,3.28,0
2018-09-05,3.285,3.285,3.285,3.285,0.0,3.285,0
2018-09-06,3.304,3.304,3.304,3.304,0.0,3.304,0
2018-09-07,3.303,3.303,3.303,3.303,0.0,3.303,0
2018-09-10,3.306,3.306,3.306,3.306,0.0,3.306,0
2018-09-11,3.303,3.303,3.303,3.303,0.0,3.303,0
2018-09-12,3.313,3.313,3.313,3.313,0.0,3.313,0
2018-09-13,3.329,3.329,3.329,3.329,0.0,3.329,0
2018-09-14,3.338,3.338,3.338,3.338,0.0,3.338,0
2018-09-17,3.342,3.342,3.342,3.342,0.0,3.342,0
2018-09-18,3.352,3.352,3.352,3.352,0.0,3.352,0
2018-09-19,3.354,3.354,3.354,3.354,0.0,3.354,0
2018-09-20,3.358,3.358,3.358,3.358,0.0,3.358,0
2018-09-21,3.356,3.356,3.356,3.356,0.0,3.356,0
2018-09-24,3.354,3.354,3.354,3.354,0.0,3.354,0
2018-09-25,3.357,3.357,3.357,3.357,0.0,3.357,0
2018-09-26,3.366,3.366,3.366,3.366,0.0,3.366,0
2018-09-27,3.367,3.367,3.367,3.367,0.0,3.367,0
2018-09-28,3.368,3.368,3.368,3.368,0.0,3.368,0
2018-10-01,3.373,3.373,3.373,3.373,0.0,3.373,0
2018-10-02,3.371,3.371,3.371,3.371,0.0,3.371,0
2018-10-03,3.37,3.37,3.37,3.37,0.0,3.37,0
2018-10-04,3.371,3.371,3.371,3.371,0.0,3.371,0
2018-10-05,3.374,3.374,3.374,3.374,0.0,3.374,0
2018-10-08,3.379,3.379,3.379,3.379,0.0,3.379,0
2018-10-09,3.374,3.374,3.374,3.374,0.0,3.374,0
2018-10-10,3.37,3.37,3.37,3.37,0.0,3.37,0
2018-10-11,3.395,3.395,3.395,3.395,0.0,3.395,0
2018-10-12,3.415,3.415,3.415,3.415,0.0,3.415,0
2018-10-15,3.414,3.414,3.414,3.414,0.0,3.414,0
2018-10-16,3.434,3.434,3.434,3.434,0.0,3.434,0
2018-10-17,3.429,3.429,3.429,3.429,0.0,3.429,0
2018-10-18,3.428,3.428,3.428,3.428,0.0,3.428,0
2018-10-19,3.425,3.425,3.425,3.425,0.0,3.425,0
2018-10-22,3.426,3.426,3.426,3.426,0.0,3.426,0
2018-10-23,3.425,3.425,3.425,3.425,0.0,3.425,0
2018-10-24,3.422,3.422,3.422,3.422,0.0,3.422,0
2018-10-25,3.412,3.412,3.412,3.412,0.0,3.412,0
2018-10-26,3.414,3.414,3.414,3.414,0.0,3.414,0
2018-10-29,3.415,3.415,3.415,3.415,0.0,3.415,0
2018-10-30,3.433,3.433,3.433,3.433,0.0,3.433,0
2018-10-31,3.432,3.432,3.432,3.432,0.0,3.432,0
2018-11-01,3.444,3.444,3.444,3.444,0.0,3.444,0
2018-11-02,3.451,3.451,3.451,3.451,0.0,3.451,0
2018-11-05,3.465,3.465,3.465,3.465,0.0,3.465,0
2018-11-06,3.481,3.481,3.481,3.481,0.0,3.481,0
2018-11-07,3.479,3.479,3.479,3.479,0.0,3.479,0
2018-11-08,3.48,3.48,3.48,3.48,0.0,3.48,0
2018-11-09,3.483,3.483,3.483,3.483,0.0,3.483,0
2018-11-12,3.506,3.506,3.506,3.506,0.0,3.506,0
2018-11-13,3.485,3.485,3.485,3.485,0.0,3.485,0
2018-11-14,3.469,3.469,3.469,3.469,0.0,3.469,0
2018-11-15,3.484,3.484,3.484,3.484,0.0,3.484,0
2018-11-16,3.455,3.455,3.455,3.455,0.0,3.455,0
2018-11-19,3.442,3.442,3.442,3.442,0.0,3.442,0
2018-11-20,3.44,3.44,3.44,3.44,0.0,3.44,0
2018-11-21,3.438,3.438,3.438,3.438,0.0,3.438,0
2018-11-23,3.463,3.463,3.463,3.463,0.0,3.463,0
2018-11-26,3.456,3.456,3.456,3.456,0.0,3.456,0
2018-11-27,3.452,3.452,3.452,3.452,0.0,3.452,0
2018-11-28,3.453,3.453,3.453,3.453,0.0,3.453,0
2018-11-29,3.483,3.483,3.483,3.483,0.0,3.483,0
2018-11-30,3.539,3.539,3.539,3.539,0.0,3.539,0
2018-12-03,3.511,3.511,3.511,3.511,0.0,3.511,0
2018-12-04,3.497,3.497,3.497,3.497,0.0,3.497,0
2018-12-05,3.488,3.488,3.488,3.488,0.0,3.488,0
2018-12-06,3.499,3.499,3.499,3.499,0.0,3.499,0
2018-12-07,3.506,3.506,3.506,3.506,0.0,3.506,0
2018-12-10,3.507,3.507,3.507,3.507,0.0,3.507,0
2018-12-11,3.482,3.482,3.482,3.482,0.0,3.482,0
2018-12-12,3.484,3.484,3.484,3.484,0.0,3.484,0
2018-12-13,3.452,3.452,3.452,3.452,0.0,3.452,0
2018-12-14,3.462,3.462,3.462,3.462,0.0,3.462,0
2018-12-17,3.461,3.461,3.461,3.461,0.0,3.461,0
2018-12-18,3.456,3.456,3.456,3.456,0.0,3.456,0
2018-12-19,3.479,3.479,3.479,3.479,0.0,3.479,0
2018-12-20,3.494,3.494,3.494,3.494,0.0,3.494,0
2018-12-21,3.497,3.497,3.497,3.497,0.0,3.497,0
2018-12-24,3.496,3.496,3.496,3.496,0.0,3.496,0
2018-12-26,3.493,3.493,3.493,3.493,0.0,3.493,0
2018-12-27,3.491,3.491,3.491,3.491,0.0,3.491,0
2018-12-28,3.491,3.491,3.491,3.491,0.0,3.491,0
2018-12-31,3.5,3.5,3.5,3.5,0.0,3.5,0
2019-01-02,3.5,3.5,3.5,3.5,0.0,3.5,0
2019-01-03,3.489,3.489,3.489,3.489,0.0,3.489,0
2019-01-04,3.489,3.489,3.489,3.489,0.0,3.489,0
2019-01-07,3.491,3.491,3.491,3.491,0.0,3.491,0
2019-01-08,3.486,3.486,3.486,3.486,0.0,3.486,0
2019-01-09,3.486,3.486,3.486,3.486,0.0,3.486,0
2019-01-10,3.486,3.486,3.486,3.486,0.0,3.486,0
2019-01-11,3.493,3.493,3.493,3.493,0.0,3.493,0
2019-01-14,3.492,3.492,3.492,3.492,0.0,3.492,0
2019-01-15,3.484,3.484,3.484,3.484,0.0,3.484,0
2019-01-16,3.453,3.453,3.453,3.453,0.0,3.453,0
2019-01-17,3.453,3.453,3.453,3.453,0.0,3.453,0
2019-01-18,3.466,3.466,3.466,3.466,0.0,3.466,0
2019-01-22,3.479,3.479,3.479,3.479,0.0,3.479,0
2019-01-23,3.475,3.475,3.475,3.475,0.0,3.475,0
2019-01-24,3.454,3.454,3.454,3.454,0.0,3.454,0
2019-01-25,3.499,3.499,3.499,3.499,0.0,3.499,0
2019-01-28,3.483,3.483,3.483,3.483,0.0,3.483,0
2019-01-29,3.486,3.486,3.486,3.486,0.0,3.486,0
2019-01-30,3.488,3.488,3.488,3.488,0.0,3.488,0
2019-01-31,3.489,3.489,3.489,3.489,0.0,3.489,0
2019-02-01,3.49,3.49,3.49,3.49,0.0,3.49,0
2019-02-04,3.477,3.477,3.477,3.477,0.0,3.477,0
2019-02-05,3.525,3.525,3.525,3.525,0.0,3.525,0
2019-02-06,3.522,3.522,3.522,3.522,0.0,3.522,0
2019-02-07,3.518,3.518,3.518,3.518,0.0,3.518,0
2019-02-08,3.52,3.52,3.52,3.52,0.0,3.52,0
2019-02-11,3.525,3.525,3.525,3.525,0.0,3.525,0
2019-02-12,3.533,3.533,3.533,3.533,0.0,3.533,0
2019-02-13,3.531,3.531,3.531,3.531,0.0,3.531,0
2019-02-14,3.538,3.538,3.538,3.538,0.0,3.538,0
2019-02-15,3.518,3.518,3.518,3.518,0.0,3.518,0
2019-02-19,3.509,3.509,3.509,3.509,0.0,3.509,0
2019-02-20,3.521,3.521,3.521,3.521,0.0,3.521,0
2019-02-21,3.508,3.508,3.508,3.508,0.0,3.508,0
2019-02-22,3.505,3.505,3.505,3.505,0.0,3.505,0
2019-02-25,3.497,3.497,3.497,3.497,0.0,3.497,0
2019-02-26,3.479,3.479,3.479,3.479,0.0,3.479,0
2019-02-27,3.515,3.515,3.515,3.515,0.0,3.515,0
2019-02-28,3.526,3.526,3.526,3.526,0.0,3.526,0
2019-03-01,3.525,3.525,3.525,3.525,0.0,3.525,0
2019-03-04,3.521,3.521,3.521,3.521,0.0,3.521,0
2019-03-05,3.519,3.519,3.519,3.519,0.0,3.519,0
2019-03-06,3.522,3.522,3.522,3.522,0.0,3.522,0
2019-03-07,3.527,3.527,3.527,3.527,0.0,3.527,0
2019-03-08,3.527,3.527,3.527,3.527,0.0,3.527,0
2019-03-11,3.554,3.554,3.554,3.554,0.0,3.554,0
2019-03-12,3.569,3.569,3.569,3.569,0.0,3.569,0
2019-03-13,3.578,3.578,3.578,3.578,0.0,3.578,0
2019-03-14,3.586,3.586,3.586,3.586,0.0,3.586,0
2019-03-15,3.587,3.587,3.587,3.587,0.0,3.587,0
2019-03-18,3.586,3.586,3.586,3.586,0.0,3.586,0
2019-03-19,3.587,3.587,3.587,3.587,0.0,3.587,0
2019-03-20,3.585,3.585,3.585,3.585,0.0,3.585,0
2019-03-21,3.595,3.595,3.595,3.595,0.0,3.595,0
2019-03-22,3.585,3.585,3.585,3.585,0.0,3.585,0
2019-03-25,3.584,3.584,3.584,3.584,0.0,3.584,0
2019-03-26,3.586,3.586,3.586,3.586,0.0,3.586,0
2019-03-27,3.577,3.577,3.577,3.577,0.0,3.577,0
2019-03-28,3.58,3.58,3.58,3.58,0.0,3.58,0
2019-03-29,3.579,3.579,3.579,3.579,0.0,3.579,0
2019-04-01,3.578,3.578,3.578,3.578,0.0,3.578,0
2019-04-02,3.585,3.585,3.585,3.585,0.0,3.585,0
2019-04-03,3.592,3.592,3.592,3.592,0.0,3.592,0
2019-04-04,3.623,3.623,3.623,3.623,0.0,3.623,0
2019-04-05,3.591,3.591,3.591,3.591,0.0,3.591,0
2019-04-08,3.594,3.594,3.594,3.594,0.0,3.594,0
2019-04-09,3.601,3.601,3.601,3.601,0.0,3.601,0
2019-04-10,3.579,3.579,3.579,3.579,0.0,3.579,0
2019-04-11,3.577,3.577,3.577,3.577,0.0,3.577,0
2019-04-12,3.577,3.577,3.577,3.577,0.0,3.577,0
2019-04-15,3.577,3.577,3.577,3.577,0.0,3.577,0
2019-04-16,3.578,3.578,3.578,3.578,0.0,3.578,0
2019-04-17,3.568,3.568,3.568,3.568,0.0,3.568,0
2019-04-18,3.553,3.553,3.553,3.553,0.0,3.553,0
2019-04-22,3.541,3.541,3.541,3.541,0.0,3.541,0
2019-04-23,3.536,3.536,3.536,3.536,0.0,3.536,0
2019-04-24,3.546,3.546,3.546,3.546,0.0,3.546,0
2019-04-25,3.556,3.556,3.556,3.556,0.0,3.556,0
2019-04-26,3.553,3.553,3.553,3.553,0.0,3.553,0
2019-04-29,3.56,3.56,3.56,3.56,0.0,3.56,0
2019-04-30,3.565,3.565,3.565,3.565,0.0,3.565,0
2019-05-01,3.567,3.567,3.567,3.567,0.0,3.567,0
2019-05-02,3.564,3.564,3.564,3.564,0.0,3.564,0
2019-05-03,3.577,3.577,3.577,3.577,0.0,3.577,0
2019-05-06,3.58,3.58,3.58,3.58,0.0,3.58,0
2019-05-07,3.58,3.58,3.58,3.58,0.0,3.58,0
2019-05-08,3.574,3.574,3.574,3.574,0.0,3.574,0
2019-05-09,3.581,3.581,3.581,3.581,0.0,3.581,0
2019-05-10,3.572,3.572,3.572,3.572,0.0,3.572,0
2019-05-13,3.575,3.575,3.575,3.575,0.0,3.575,0
2019-05-14,3.586,3.586,3.586,3.586,0.0,3.586,0
2019-05-15,3.604,3.604,3.604,3.604,0.0,3.604,0
2019-05-16,3.6,3.6,3.6,3.6,0.0,3.6,0
2019-05-17,3.604,3.604,3.604,3.604,0.0,3.604,0
2019-05-20,3.609,3.609,3.609,3.609,0.0,3.609,0
2019-05-21,3.612,3.612,3.612,3.612,0.0,3.612,0
2019-05-22,3.561,3.561,3.561,3.561,0.0,3.561,0
2019-05-23,3.573,3.573,3.573,3.573,0.0,3.573,0
2019-05-24,3.583,3.583,3.583,3.583,0.0,3.583,0
2019-05-28,3.624,3.624,3.624,3.624,0.0,3.624,0
2019-05-29,3.605,3.605,3.605,3.605,0.0,3.605,0
2019-05-30,3.603,3.603,3.603,3.603,0.0,3.603,0
2019-05-31,3.601,3.601,3.601,3.601,0.0,3.601,0
2019-06-03,3.589,3.589,3.589,3.589,0.0,3.589,0
2019-06-04,3.596,3.596,3.596,3.596,0.0,3.596,0
2019-06-05,3.6,3.6,3.6,3.6,0.0,3.6,0
2019-06-06,3.61,3.61,3.61,3.61,0.0,3.61,0
2019-06-07,3.611,3.611,3.611,3.611,0.0,3.611,0
2019-06-10,3.6,3.6,3.6,3.6,0.0,3.6,0
2019-06-11,3.6,3.6,3.6,3.6,0.0,3.6,0
2019-06-12,3.597,3.597,3.597,3.597,0.0,3.597,0
2019-06-13,3.598,3.598,3.598,3.598,0.0,3.598,0
2019-06-14,3.603,3.603,3.603,3.603,0.0,3.603,0
2019-06-17,3.606,3.606,3.606,3.606,0.0,3.606,0
2019-06-18,3.589,3.589,3.589,3.589,0.0,3.589,0
2019-06-19,3.59,3.59,3.59,3.59,0.0,3.59,0
2019-06-20,3.594,3.594,3.594,3.594,0.0,3.594,0
2019-06-21,3.609,3.609,3.609,3.609,0.0,3.609,0
2019-06-24,3.609,3.609,3.609,3.609,0.0,3.609,0
2019-06-25,3.608,3.608,3.608,3.608,0.0,3.608,0
2019-06-26,3.6,3.6,3.6,3.6,0.0,3.6,0
2019-06-27,3.596,3.596,3.596,3.596,0.0,3.596,0
2019-06-28,3.568,3.568,3.568,3.568,0.0,3.568,0
2019-07-01,3.561,3.561,3.561,3.561,0.0,3.561,0
2019-07-02,3.57,3.57,3.57,3.57,0.0,3.57,0
2019-07-03,3.569,3.569,3.569,3.569,0.0,3.569,0
2019-07-05,3.595,3.595,3.595,3.595,0.0,3.595,0
2019-07-08,3.591,3.591,3.591,3.591,0.0,3.591,0
2019-07-09,3.63,3.63,3.63,3.63,0.0,3.63,0
2019-07-10,3.622,3.622,3.622,3.622,0.0,3.622,0
2019-07-11,3.63,3.63,3.63,3.63,0.0,3.63,0
2019-07-12,3.638,3.638,3.638,3.638,0.0,3.638,0
2019-07-15,3.643,3.643,3.643,3.643,0.0,3.643,0
2019-07-16,3.619,3.619,3.619,3.619,0.0,3.619,0
2019-07-17,3.616,3.616,3.616,3.616,0.0,3.616,0
2019-07-18,3.635,3.635,3.635,3.635,0.0,3.635,0
2019-07-19,3.628,3.628,3.628,3.628,0.0,3.628,0
2019-07-22,3.555,3.555,3.555,3.555,0.0,3.555,0
2019-07-23,3.593,3.593,3.593,3.593,0.0,3.593,0
2019-07-24,3.586,3.586,3.586,3.586,0.0,3.586,0
2019-07-25,3.587,3.587,3.587,3.587,0.0,3.587,0
2019-07-26,3.581,3.581,3.581,3.581,0.0,3.581,0
2019-07-29,3.57,3.57,3.57,3.57,0.0,3.57,0
2019-07-30,3.573,3.573,3.573,3.573,0.0,3.573,0
2019-07-31,3.579,3.579,3.579,3.579,0.0,3.579,0
2019-08-01,3.582,3.582,3.582,3.582,0.0,3.582,0
2019-08-02,3.569,3.569,3.569,3.569,0.0,3.569,0
2019-08-05,3.567,3.567,3.567,3.567,0.0,3.567,0
2019-08-06,3.568,3.568,3.568,3.568,0.0,3.568,0
2019-08-07,3.573,3.573,3.573,3.573,0.0,3.573,0
2019-08-08,3.542,3.542,3.542,3.542,0.0,3.542,0
2019-08-09,3.531,3.531,3.531,3.531,0.0,3.531,0
2019-08-12,3.49,3.49,3.49,3.49,0.0,3.49,0
2019-08-13,3.472,3.472,3.472,3.472,0.0,3.472,0
2019-08-14,3.416,3.416,3.416,3.416,0.0,3.416,0
2019-08-15,3.416,3.416,3.416,3.416,0.0,3.416,0
2019-08-16,3.399,3.399,3.399,3.399,0.0,3.399,0
2019-08-19,3.404,3.404,3.404,3.404,0.0,3.404,0
2019-08-20,3.407,3.407,3.407,3.407,0.0,3.407,0
2019-08-21,3.412,3.412,3.412,3.412,0.0,3.412,0
2019-08-22,3.416,3.416,3.416,3.416,0.0,3.416,0
2019-08-23,3.446,3.446,3.446,3.446,0.0,3.446,0
2019-08-26,3.435,3.435,3.435,3.435,0.0,3.435,0
2019-08-27,3.455,3.455,3.455,3.455,0.0,3.455,0
2019-08-28,3.474,3.474,3.474,3.474,0.0,3.474,0
2019-08-29,3.462,3.462,3.462,3.462,0.0,3.462,0
2019-08-30,3.403,3.403,3.403,3.403,0.0,3.403,0
2019-09-03,3.417,3.417,3.417,3.417,0.0,3.417,0
2019-09-04,3.378,3.378,3.378,3.378,0.0,3.378,0
2019-09-05,3.39,3.39,3.39,3.39,0.0,3.39,0
2019-09-06,3.377,3.377,3.377,3.377,0.0,3.377,0
2019-09-09,3.348,3.348,3.348,3.348,0.0,3.348,0
2019-09-10,3.352,3.352,3.352,3.352,0.0,3.352,0
2019-09-11,3.347,3.347,3.347,3.347,0.0,3.347,0
2019-09-12,3.352,3.352,3.352,3.352,0.0,3.352,0
2019-09-13,3.317,3.317,3.317,3.317,0.0,3.317,0
2019-09-16,3.347,3.347,3.347,3.347,0.0,3.347,0
2019-09-17,3.311,3.311,3.311,3.311,0.0,3.311,0
2019-09-18,3.324,3.324,3.324,3.324,0.0,3.324,0
2019-09-19,3.318,3.318,3.318,3.318,0.0,3.318,0
2019-09-20,3.329,3.329,3.329,3.329,0.0,3.329,0
2019-09-23,3.326,3.326,3.326,3.326,0.0,3.326,0
2019-09-24,3.317,3.317,3.317,3.317,0.0,3.317,0
2019-09-25,3.316,3.316,3.316,3.316,0.0,3.316,0
2019-09-26,3.317,3.317,3.317,3.317,0.0,3.317,0
2019-09-27,3.261,3.261,3.261,3.261,0.0,3.261,0
2019-09-30,3.323,3.323,3.323,3.323,0.0,3.323,0
2019-10-01,3.272,3.272,3.272,3.272,0.0,3.272,0
2019-10-02,3.3,3.3,3.3,3.3,0.0,3.3,0
2019-10-03,3.285,3.285,3.285,3.285,0.0,3.285,0
2019-10-04,3.275,3.275,3.275,3.275,0.0,3.275,0
2019-10-07,3.279,3.279,3.279,3.279,0.0,3.279,0
2019-10-08,3.255,3.255,3.255,3.255,0.0,3.255,0
2019-10-09,3.266,3.266,3.266,3.266,0.0,3.266,0
2019-10-10,3.267,3.267,3.267,3.267,0.0,3.267,0
2019-10-11,3.278,3.278,3.278,3.278,0.0,3.278,0
2019-10-14,3.293,3.293,3.293,3.293,0.0,3.293,0
2019-10-15,3.309,3.309,3.309,3.309,0.0,3.309,0
2019-10-16,3.311,3.311,3.311,3.311,0.0,3.311,0
2019-10-17,3.308,3.308,3.308,3.308,0.0,3.308,0
2019-10-18,3.303,3.303,3.303,3.303,0.0,3.303,0
2019-10-21,3.298,3.298,3.298,3.298,0.0,3.298,0
2019-10-22,3.302,3.302,3.302,3.302,0.0,3.302,0
2019-10-23,3.296,3.296,3.296,3.296,0.0,3.296,0
2019-10-24,3.3,3.3,3.3,3.3,0.0,3.3,0
2019-10-25,3.298,3.298,3.298,3.298,0.0,3.298,0
2019-10-28,3.307,3.307,3.307,3.307,0.0,3.307,0
2019-10-29,3.323,3.323,3.323,3.323,0.0,3.323,0
2019-10-30,3.33,3.33,3.33,3.33,0.0,3.33,0
2019-10-31,3.328,3.328,3.328,3.328,0.0,3.328,0
2019-11-01,3.337,3.337,3.337,3.337,0.0,3.337,0
2019-11-04,3.273,3.273,3.273,3.273,0.0,3.273,0
2019-11-05,3.252,3.252,3.252,3.252,0.0,3.252,0
2019-11-06,3.263,3.263,3.263,3.263,0.0,3.263,0
2019-11-07,3.21,3.21,3.21,3.21,0.0,3.21,0
2019-11-08,3.217,3.217,3.217,3.217,0.0,3.217,0
2019-11-11,3.208,3.208,3.208,3.208,0.0,3.208,0
2019-11-12,3.148,3.148,3.148,3.148,0.0,3.148,0
2019-11-13,3.149,3.149,3.149,3.149,0.0,3.149,0
2019-11-14,3.136,3.136,3.136,3.136,0.0,3.136,0
2019-11-15,3.142,3.142,3.142,3.142,0.0,3.142,0
2019-11-18,3.146,3.146,3.146,3.146,0.0,3.146,0
2019-11-19,3.158,3.158,3.158,3.158,0.0,3.158,0
2019-11-20,3.17,3.17,3.17,3.17,0.0,3.17,0
2019-11-21,3.177,3.177,3.177,3.177,0.0,3.177,0
2019-11-22,3.177,3.177,3.177,3.177,0.0,3.177,0
2019-11-25,3.159,3.159,3.159,3.159,0.0,3.159,0
2019-11-26,3.153,3.153,3.153,3.153,0.0,3.153,0
2019-11-27,3.157,3.157,3.157,3.157,0.0,3.157,0
2019-11-29,3.115,3.115,3.115,3.115,0.0,3.115,0
2019-12-02,3.141,3.141,3.141,3.141,0.0,3.141,0
2019-12-03,3.13,3.13,3.13,3.13,0.0,3.13,0
2019-12-04,3.129,3.129,3.129,3.129,0.0,3.129,0
2019-12-05,3.121,3.121,3.121,3.121,0.0,3.121,0
2019-12-06,3.076,3.076,3.076,3.076,0.0,3.076,0
2019-12-09,3.048,3.048,3.048,3.048,0.0,3.048,0
2019-12-10,3.057,3.057,3.057,3.057,0.0,3.057,0
2019-12-11,3.054,3.054,3.054,3.054,0.0,3.054,0
2019-12-12,3.059,3.059,3.059,3.059,0.0,3.059,0
2019-12-13,3.042,3.042,3.042,3.042,0.0,3.042,0
2019-12-16,3.056,3.056,3.056,3.056,0.0,3.056,0
2019-12-17,3.058,3.058,3.058,3.058,0.0,3.058,0
2019-12-18,2.982,2.982,2.982,2.982,0.0,2.982,0
2019-12-19,2.881,2.881,2.881,2.881,0.0,2.881,0
2019-12-20,2.872,2.872,2.872,2.872,0.0,2.872,0
2019-12-23,2.879,2.879,2.879,2.879,0.0,2.879,0
2019-12-24,2.877,2.877,2.877,2.877,0.0,2.877,0
2019-12-26,2.865,2.865,2.865,2.865,0.0,2.865,0
2019-12-27,2.863,2.863,2.863,2.863,0.0,2.863,0
2019-12-30,2.86,2.86,2.86,2.86,0.0,2.86,0
2019-12-31,2.869,2.869,2.869,2.869,0.0,2.869,0
2020-01-02,2.864,2.864,2.864,2.864,0.0,2.864,0
2020-01-03,2.864,2.864,2.864,2.864,0.0,2.864,0
2020-01-06,2.868,2.868,2.868,2.868,0.0,2.868,0
2020-01-07,2.873,2.873,2.873,2.873,0.0,2.873,0
2020-01-08,2.876,2.876,2.876,2.876,0.0,2.876,0
2020-01-09,2.887,2.887,2.887,2.887,0.0,2.887,0
2020-01-10,2.889,2.889,2.889,2.889,0.0,2.889,0
2020-01-13,2.889,2.889,2.889,2.889,0.0,2.889,0
2020-01-14,2.888,2.888,2.888,2.888,0.0,2.888,0
2020-01-15,2.887,2.887,2.887,2.887,0.0,2.887,0
2020-01-16,2.894,2.894,2.894,2.894,0.0,2.894,0
2020-01-17,2.904,2.904,2.904,2.904,0.0,2.904,0
2020-01-21,2.894,2.894,2.894,2.894,0.0,2.894,0
2020-01-22,2.906,2.906,2.906,2.906,0.0,2.906,0
2020-01-23,2.898,2.898,2.898,2.898,0.0,2.898,0
2020-01-24,2.91,2.91,2.91,2.91,0.0,2.91,0
2020-01-27,2.869,2.869,2.869,2.869,0.0,2.869,0
2020-01-28,2.879,2.879,2.879,2.879,0.0,2.879,0
2020-01-29,2.864,2.864,2.864,2.864,0.0,2.864,0
2020-01-30,2.835,2.835,2.835,2.835,0.0,2.835,0
2020-01-31,2.836,2.836,2.836,2.836,0.0,2.836,0
2020-02-03,2.831,2.831,2.831,2.831,0.0,2.831,0
2020-02-04,2.827,2.827,2.827,2.827,0.0,2.827,0
2020-02-05,2.794,2.794,2.794,2.794,0.0,2.794,0
2020-02-06,2.798,2.798,2.798,2.798,0.0,2.798,0
2020-02-07,2.816,2.816,2.816,2.816,0.0,2.816,0
2020-02-10,2.808,2.808,2.808,2.808,0.0,2.808,0
2020-02-11,2.767,2.767,2.767,2.767,0.0,2.767,0
2020-02-12,2.774,2.774,2.774,2.774,0.0,2.774,0
2020-02-13,2.764,2.764,2.764,2.764,0.0,2.764,0
2020-02-14,2.79,2.79,2.79,2.79,0.0,2.79,0
2020-02-18,2.763,2.763,2.763,2.763,0.0,2.763,0
2020-02-19,2.809,2.809,2.809,2.809,0.0,2.809,0
2020-02-20,2.809,2.809,2.809,2.809,0.0,2.809,0
2020-02-21,2.799,2.799,2.799,2.799,0.0,2.799,0
2020-02-24,2.805,2.805,2.805,2.805,0.0,2.805,0
2020-02-25,2.808,2.808,2.808,2.808,0.0,2.808,0
2020-02-26,2.831,2.831,2.831,2.831,0.0,2.831,0
2020-02-27,2.821,2.821,2.821,2.821,0.0,2.821,0
2020-02-28,2.839,2.839,2.839,2.839,0.0,2.839,0
2020-03-02,2.894,2.894,2.894,2.894,0.0,2.894,0
2020-03-03,2.91,2.91,2.91,2.91,0.0,2.91,0
2020-03-04,2.899,2.899,2.899,2.899,0.0,2.899,0
2020-03-05,2.874,2.874,2.874,2.874,0.0,2.874,0
2020-03-06,2.887,2.887,2.887,2.887,0.0,2.887,0
2020-03-09,2.924,2.924,2.924,2.924,0.0,2.924,0
2020-03-10,2.924,2.924,2.924,2.924,0.0,2.924,0
2020-03-11,2.886,2.886,2.886,2.886,0.0,2.886,0
2020-03-12,2.836,2.836,2.836,2.836,0.0,2.836,0
2020-03-13,2.831,2.831,2.831,2.831,0.0,2.831,0
2020-03-16,2.82,2.82,2.82,2.82,0.0,2.82,0
2020-03-17,2.849,2.849,2.849,2.849,0.0,2.849,0
2020-03-18,2.855,2.855,2.855,2.855,0.0,2.855,0
2020-03-19,2.868,2.868,2.868,2.868,0.0,2.868,0
2020-03-20,2.862,2.862,2.862,2.862,0.0,2.862,0
2020-03-23,2.857,2.857,2.857,2.857,0.0,2.857,0
2020-03-24,2.814,2.814,2.814,2.814,0.0,2.814,0
2020-03-25,2.809,2.809,2.809,2.809,0.0,2.809,0
2020-03-26,2.775,2.775,2.775,2.775,0.0,2.775,0
2020-03-27,2.797,2.797,2.797,2.797,0.0,2.797,0
2020-03-30,2.805,2.805,2.805,2.805,0.0,2.805,0
2020-03-31,2.793,2.793,2.793,2.793,0.0,2.793,0
2020-04-01,2.763,2.763,2.763,2.763,0.0,2.763,0
2020-04-02,2.749,2.749,2.749,2.749,0.0,2.749,0
2020-04-03,2.733,2.733,2.733,2.733,0.0,2.733,0
2020-04-06,2.749,2.749,2.749,2.749,0.0,2.749,0
2020-04-07,2.743,2.743,2.743,2.743,0.0,2.743,0
2020-04-08,2.76,2.76,2.76,2.76,0.0,2.76,0
2020-04-09,2.726,2.726,2.726,2.726,0.0,2.726,0
2020-04-13,2.772,2.772,2.772,2.772,0.0,2.772,0
2020-04-14,2.754,2.754,2.754,2.754,0.0,2.754,0
2020-04-15,2.723,2.723,2.723,2.723,0.0,2.723,0
2020-04-16,2.728,2.728,2.728,2.728,0.0,2.728,0
2020-04-17,2.729,2.729,2.729,2.729,0.0,2.729,0
2020-04-20,2.765,2.765,2.765,2.765,0.0,2.765,0
2020-04-21,2.748,2.748,2.748,2.748,0.0,2.748,0
2020-04-22,2.776,2.776,2.776,2.776,0.0,2.776,0
2020-04-23,2.73,2.73,2.73,2.73,0.0,2.73,0
2020-04-24,2.728,2.728,2.728,2.728,0.0,2.728,0
2020-04-27,2.754,2.754,2.754,2.754,0.0,2.754,0
2020-04-28,2.746,2.746,2.746,2.746,0.0,2.746,0
2020-04-29,2.741,2.741,2.741,2.741,0.0,2.741,0
2020-04-30,2.716,2.716,2.716,2.716,0.0,2.716,0
2020-05-01,2.699,2.699,2.699,2.699,0.0,2.699,0
2020-05-04,2.67,2.67,2.67,2.67,0.0,2.67,0
2020-05-05,2.657,2.657,2.657,2.657,0.0,2.657,0
2020-05-06,2.696,2.696,2.696,2.696,0.0,2.696,0
2020-05-07,2.643,2.643,2.643,2.643,0.0,2.643,0
2020-05-08,2.632,2.632,2.632,2.632,0.0,2.632,0
2020-05-11,2.608,2.608,2.608,2.608,0.0,2.608,0
2020-05-12,2.612,2.612,2.612,2.612,0.0,2.612,0
2020-05-13,2.561,2.561,2.561,2.561,0.0,2.561,0
2020-05-14,2.535,2.535,2.535,2.535,0.0,2.535,0
2020-05-15,2.596,2.596,2.596,2.596,0.0,2.596,0
2020-05-18,2.614,2.614,2.614,2.614,0.0,2.614,0
2020-05-19,2.611,2.611,2.611,2.611,0.0,2.611,0
2020-05-20,2.558,2.558,2.558,2.558,0.0,2.558,0
2020-05-21,2.549,2.549,2.549,2.549,0.0,2.549,0
2020-05-22,2.592,2.592,2.592,2.592,0.0,2.592,0
2020-05-26,2.562,2.562,2.562,2.562,0.0,2.562,0
2020-05-27,2.69,2.69,2.69,2.69,0.0,2.69,0
2020-05-28,2.682,2.682,2.682,2.682,0.0,2.682,0
2020-05-29,2.676,2.676,2.676,2.676,0.0,2.676,0
2020-06-01,2.658,2.658,2.658,2.658,0.0,2.658,0
2020-06-02,2.663,2.663,2.663,2.663,0.0,2.663,0
2020-06-03,2.65,2.65,2.65,2.65,0.0,2.65,0
2020-06-04,2.659,2.659,2.659,2.659,0.0,2.659,0
2020-06-05,2.653,2.653,2.653,2.653,0.0,2.653,0
2020-06-08,2.667,2.667,2.667,2.667,0.0,2.667,0
2020-06-09,2.689,2.689,2.689,2.689,0.0,2.689,0
2020-06-10,2.694,2.694,2.694,2.694,0.0,2.694,0
2020-06-11,2.689,2.689,2.689,2.689,0.0,2.689,0
2020-06-12,2.678,2.678,2.678,2.678,0.0,2.678,0
2020-06-15,2.705,2.705,2.705,2.705,0.0,2.705,0
2020-06-16,2.712,2.712,2.712,2.712,0.0,2.712,0
2020-06-17,2.707,2.707,2.707,2.707,0.0,2.707,0
2020-06-18,2.706,2.706,2.706,2.706,0.0,2.706,0
2020-06-19,2.689,2.689,2.689,2.689,0.0,2.689,0
2020-06-22,2.677,2.677,2.677,2.677,0.0,2.677,0
2020-06-23,2.676,2.676,2.676,2.676,0.0,2.676,0
2020-06-24,2.723,2.723,2.723,2.723,0.0,2.723,0
2020-06-25,2.756,2.756,2.756,2.756,0.0,2.756,0
2020-06-26,2.783,2.783,2.783,2.783,0.0,2.783,0
2020-06-29,2.781,2.781,2.781,2.781,0.0,2.781,0
2020-06-30,2.781,2.781,2.781,2.781,0.0,2.781,0
2020-07-01,2.794,2.794,2.794,2.794,0.0,2.794,0
2020-07-02,2.838,2.838,2.838,2.838,0.0,2.838,0
2020-07-06,2.817,2.817,2.817,2.817,0.0,2.817,0
2020-07-07,2.79,2.79,2.79,2.79,0.0,2.79,0
2020-07-08,2.813,2.813,2.813,2.813,0.0,2.813,0
2020-07-09,2.798,2.798,2.798,2.798,0.0,2.798,0
2020-07-10,2.78,2.78,2.78,2.78,0.0,2.78,0
2020-07-13,2.776,2.776,2.776,2.776,0.0,2.776,0
2020-07-14,2.775,2.775,2.775,2.775,0.0,2.775,0
2020-07-15,2.785,2.785,2.785,2.785,0.0,2.785,0
2020-07-16,2.778,2.778,2.778,2.778,0.0,2.778,0
2020-07-17,2.775,2.775,2.775,2.775,0.0,2.775,0
2020-07-20,2.766,2.766,2.766,2.766,0.0,2.766,0
2020-07-21,2.787,2.787,2.787,2.787,0.0,2.787,0
2020-07-22,2.796,2.796,2.796,2.796,0.0,2.796,0
2020-07-23,2.88,2.88,2.88,2.88,0.0,2.88,0
2020-07-24,2.839,2.839,2.839,2.839,0.0,2.839,0
2020-07-27,2.915,2.915,2.915,2.915,0.0,2.915,0
2020-07-28,2.912,2.912,2.912,2.912,0.0,2.912,0
2020-07-29,2.917,2.917,2.917,2.917,0.0,2.917,0
2020-07-30,2.959,2.959,2.959,2.959,0.0,2.959,0
2020-07-31,3.059,3.059,3.059,3.059,0.0,3.059,0
2020-08-03,3.106,3.106,3.106,3.106,0.0,3.106,0
2020-08-04,3.1,3.1,3.1,3.1,0.0,3.1,0
2020-08-05,3.133,3.133,3.133,3.133,0.0,3.133,0
2020-08-06,3.158,3.158,3.158,3.158,0.0,3.158,0
2020-08-07,3.22,3.22,3.22,3.22,0.0,3.22,0
2020-08-10,3.188,3.188,3.188,3.188,0.0,3.188,0
2020-08-11,3.103,3.103,3.103,3.103,0.0,3.103,0
2020-08-12,3.08,3.08,3.08,3.08,0.0,3.08,0
2020-08-13,3.1,3.1,3.1,3.1,0.0,3.1,0
2020-08-14,3.086,3.086,3.086,3.086,0.0,3.086,0
2020-08-17,3.086,3.086,3.086,3.086,0.0,3.086,0
2020-08-18,3.081,3.081,3.081,3.081,0.0,3.081,0
2020-08-19,3.076,3.076,3.076,3.076,0.0,3.076,0
2020-08-20,3.074,3.074,3.074,3.074,0.0,3.074,0
2020-08-21,3.069,3.069,3.069,3.069,0.0,3.069,0
2020-08-24,3.064,3.064,3.064,3.064,0.0,3.064,0
2020-08-25,3.057,3.057,3.057,3.057,0.0,3.057,0
2020-08-26,3.085,3.085,3.085,3.085,0.0,3.085,0
2020-08-27,3.094,3.094,3.094,3.094,0.0,3.094,0
2020-08-28,3.082,3.082,3.082,3.082,0.0,3.082,0
2020-08-31,3.056,3.056,3.056,3.056,0.0,3.056,0
2020-09-01,3.054,3.054,3.054,3.054,0.0,3.054,0
2020-09-02,3.048,3.048,3.048,3.048,0.0,3.048,0
2020-09-03,3.045,3.045,3.045,3.045,0.0,3.045,0
2020-09-04,2.971,2.971,2.971,2.971,0.0,2.971,0
2020-09-08,2.972,2.972,2.972,2.972,0.0,2.972,0
2020-09-09,2.958,2.958,2.958,2.958,0.0,2.958,0
2020-09-10,2.94,2.94,2.94,2.94,0.0,2.94,0
2020-09-11,2.917,2.917,2.917,2.917,0.0,2.917,0
2020-09-14,2.89,2.89,2.89,2.89,0.0,2.89,0
2020-09-15,2.897,2.897,2.897,2.897,0.0,2.897,0
2020-09-16,2.782,2.782,2.782,2.782,0.0,2.782,0
2020-09-17,2.77,2.77,2.77,2.77,0.0,2.77,0
2020-09-18,2.791,2.791,2.791,2.791,0.0,2.791,0
2020-09-21,2.762,2.762,2.762,2.762,0.0,2.762,0
2020-09-22,2.801,2.801,2.801,2.801,0.0,2.801,0
2020-09-23,2.841,2.841,2.841,2.841,0.0,2.841,0
2020-09-24,2.867,2.867,2.867,2.867,0.0,2.867,0
2020-09-25,2.886,2.886,2.886,2.886,0.0,2.886,0
2020-09-28,2.894,2.894,2.894,2.894,0.0,2.894,0
2020-09-29,2.865,2.865,2.865,2.865,0.0,2.865,0
2020-09-30,2.846,2.846,2.846,2.846,0.0,2.846,0
2020-10-01,2.826,2.826,2.826,2.826,0.0,2.826,0
2020-10-02,2.823,2.823,2.823,2.823,0.0,2.823,0
2020-10-05,2.801,2.801,2.801,2.801,0.0,2.801,0
2020-10-06,2.808,2.808,2.808,2.808,0.0,2.808,0
2020-10-07,2.831,2.831,2.831,2.831,0.0,2.831,0
2020-10-08,2.806,2.806,2.806,2.806,0.0,2.806,0
2020-10-09,2.836,2.836,2.836,2.836,0.0,2.836,0
2020-10-12,2.822,2.822,2.822,2.822,0.0,2.822,0
2020-10-13,2.802,2.802,2.802,2.802,0.0,2.802,0
2020-10-14,2.829,2.829,2.829,2.829,0.0,2.829,0
2020-10-15,2.815,2.815,2.815,2.815,0.0,2.815,0
2020-10-16,2.818,2.818,2.818,2.818,0.0,2.818,0
2020-10-19,2.861,2.861,2.861,2.861,0.0,2.861,0
2020-10-20,2.802,2.802,2.802,2.802,0.0,2.802,0
2020-10-21,2.823,2.823,2.823,2.823,0.0,2.823,0
2020-10-22,2.825,2.825,2.825,2.825,0.0,2.825,0
2020-10-23,2.887,2.887,2.887,2.887,0.0,2.887,0
2020-10-26,2.8,2.8,2.8,2.8,0.0,2.8,0
2020-10-27,2.834,2.834,2.834,2.834,0.0,2.834,0
2020-10-28,2.884,2.884,2.884,2.884,0.0,2.884,0
2020-10-29,2.896,2.896,2.896,2.896,0.0,2.896,0
2020-10-30,2.913,2.913,2.913,2.913,0.0,2.913,0
2020-11-02,2.806,2.806,2.806,2.806,0.0,2.806,0
2020-11-03,2.895,2.895,2.895,2.895,0.0,2.895,0
2020-11-04,2.892,2.892,2.892,2.892,0.0,2.892,0
2020-11-05,2.887,2.887,2.887,2.887,0.0,2.887,0
2020-11-06,2.877,2.877,2.877,2.877,0.0,2.877,0
2020-11-09,2.873,2.873,2.873,2.873,0.0,2.873,0
2020-11-10,2.883,2.883,2.883,2.883,0.0,2.883,0
2020-11-11,2.898,2.898,2.898,2.898,0.0,2.898,0
2020-11-12,2.895,2.895,2.895,2.895,0.0,2.895,0
2020-11-13,2.809,2.809,2.809,2.809,0.0,2.809,0
2020-11-16,2.806,2.806,2.806,2.806,0.0,2.806,0
2020-11-17,2.823,2.823,2.823,2.823,0.0,2.823,0
2020-11-18,2.847,2.847,2.847,2.847,0.0,2.847,0
2020-11-19,2.847,2.847,2.847,2.847,0.0,2.847,0
2020-11-20,2.84,2.84,2.84,2.84,0.0,2.84,0
2020-11-23,2.834,2.834,2.834,2.834,0.0,2.834,0
2020-11-24,2.836,2.836,2.836,2.836,0.0,2.836,0
2020-11-25,2.819,2.819,2.819,2.819,0.0,2.819,0
2020-11-27,2.815,2.815,2.815,2.815,0.0,2.815,0
2020-11-30,2.801,2.801,2.801,2.801,0.0,2.801,0
2020-12-01,2.863,2.863,2.863,2.863,0.0,2.863,0
2020-12-02,2.908,2.908,2.908,2.908,0.0,2.908,0
2020-12-03,2.88,2.88,2.88,2.88,0.0,2.88,0
2020-12-04,2.92,2.92,2.92,2.92,0.0,2.92,0
2020-12-07,2.891,2.891,2.891,2.891,0.0,2.891,0
2020-12-08,2.879,2.879,2.879,2.879,0.0,2.879,0
2020-12-09,2.889,2.889,2.889,2.889,0.0,2.889,0
2020-12-10,2.894,2.894,2.894,2.894,0.0,2.894,0
2020-12-11,2.913,2.913,2.913,2.913,0.0,2.913,0
2020-12-14,2.907,2.907,2.907,2.907,0.0,2.907,0
2020-12-15,2.892,2.892,2.892,2.892,0.0,2.892,0
2020-12-16,2.904,2.904,2.904,2.904,0.0,2.904,0
2020-12-17,2.892,2.892,2.892,2.892,0.0,2.892,0
2020-12-18,2.906,2.906,2.906,2.906,0.0,2.906,0
2020-12-21,2.877,2.877,2.877,2.877,0.0,2.877,0
2020-12-22,2.922,2.922,2.922,2.922,0.0,2.922,0
2020-12-23,2.917,2.917,2.917,2.917,0.0,2.917,0
2020-12-24,2.929,2.929,2.929,2.929,0.0,2.929,0
2020-12-28,2.848,2.848,2.848,2.848,0.0,2.848,0
2020-12-29,2.917,2.917,2.917,2.917,0.0,2.917,0
2020-12-30,2.888,2.888,2.888,2.888,0.0,2.888,0
2020-12-31,2.9,2.9,2.9,2.9,0.0,2.9,0
2021-01-04,2.908,2.908,2.908,2.908,0.0,2.908,0
2021-01-05,2.923,2.923,2.923,2.923,0.0,2.923,0
2021-01-06,2.956,2.956,2.956,2.956,0.0,2.956,0
2021-01-07,2.924,2.924,2.924,2.924,0.0,2.924,0
2021-01-08,2.908,2.908,2.908,2.908,0.0,2.908,0
2021-01-11,2.911,2.911,2.911,2.911,0.0,2.911,0
2021-01-12,2.918,2.918,2.918,2.918,0.0,2.918,0
2021-01-13,2.949,2.949,2.949,2.949,0.0,2.949,0
2021-01-14,2.897,2.897,2.897,2.897,0.0,2.897,0
2021-01-15,2.933,2.933,2.933,2.933,0.0,2.933,0
2021-01-19,2.979,2.979,2.979,2.979,0.0,2.979,0
2021-01-20,2.993,2.993,2.993,2.993,0.0,2.993,0
2021-01-21,3.019,3.019,3.019,3.019,0.0,3.019,0
2021-01-22,3.019,3.019,3.019,3.019,0.0,3.019,0
2021-01-25,2.976,2.976,2.976,2.976,0.0,2.976,0
2021-01-26,3.005,3.005,3.005,3.005,0.0,3.005,0
2021-01-27,3.02,3.02,3.02,3.02,0.0,3.02,0
2021-01-28,3.019,3.019,3.019,3.019,0.0,3.019,0
2021-01-29,2.973,2.973,2.973,2.973,0.0,2.973,0
2021-02-01,2.977,2.977,2.977,2.977,0.0,2.977,0
2021-02-02,2.973,2.973,2.973,2.973,0.0,2.973,0
2021-02-03,2.954,2.954,2.954,2.954,0.0,2.954,0
2021-02-04,2.93,2.93,2.93,2.93,0.0,2.93,0
2021-02-05,2.939,2.939,2.939,2.939,0.0,2.939,0
2021-02-08,2.959,2.959,2.959,2.959,0.0,2.959,0
2021-02-09,2.959,2.959,2.959,2.959,0.0,2.959,0
2021-02-10,2.964,2.964,2.964,2.964,0.0,2.964,0
2021-02-11,2.951,2.951,2.951,2.951,0.0,2.951,0
2021-02-12,2.945,2.945,2.945,2.945,0.0,2.945,0
2021-02-16,2.962,2.962,2.962,2.962,0.0,2.962,0
2021-02-17,2.957,2.957,2.957,2.957,0.0,2.957,0
2021-02-18,2.947,2.947,2.947,2.947,0.0,2.947,0
2021-02-19,2.943,2.943,2.943,2.943,0.0,2.943,0
2021-02-22,2.945,2.945,2.945,2.945,0.0,2.945,0
2021-02-23,2.95,2.95,2.95,2.95,0.0,2.95,0
2021-02-24,2.944,2.944,2.944,2.944,0.0,2.944,0
2021-02-25,2.893,2.893,2.893,2.893,0.0,2.893,0
2021-02-26,2.913,2.913,2.913,2.913,0.0,2.913,0
2021-03-01,2.931,2.931,2.931,2.931,0.0,2.931,0
2021-03-02,2.93,2.93,2.93,2.93,0.0,2.93,0
2021-03-03,2.905,2.905,2.905,2.905,0.0,2.905,0
2021-03-04,2.863,2.863,2.863,2.863,0.0,2.863,0
2021-03-05,2.869,2.869,2.869,2.869,0.0,2.869,0
2021-03-08,2.887,2.887,2.887,2.887,0.0,2.887,0
2021-03-09,2.894,2.894,2.894,2.894,0.0,2.894,0
2021-03-10,2.892,2.892,2.892,2.892,0.0,2.892,0
2021-03-11,2.889,2.889,2.889,2.889,0.0,2.889,0
2021-03-12,2.906,2.906,2.906,2.906,0.0,2.906,0
2021-03-15,2.879,2.879,2.879,2.879,0.0,2.879,0
2021-03-16,2.911,2.911,2.911,2.911,0.0,2.911,0
2021-03-17,2.892,2.892,2.892,2.892,0.0,2.892,0
2021-03-18,2.906,2.906,2.906,2.906,0.0,2.906,0
2021-03-19,2.912,2.912,2.912,2.912,0.0,2.912,0
2021-03-22,2.908,2.908,2.908,2.908,0.0,2.908,0
2021-03-23,2.922,2.922,2.922,2.922,0.0,2.922,0
2021-03-24,2.925,2.925,2.925,2.925,0.0,2.925,0
2021-03-25,2.925,2.925,2.925,2.925,0.0,2.925,0
2021-03-26,2.927,2.927,2.927,2.927,0.0,2.927,0
2021-03-29,2.971,2.971,2.971,2.971,0.0,2.971,0
2021-03-30,2.982,2.982,2.982,2.982,0.0,2.982,0
2021-03-31,2.978,2.978,2.978,2.978,0.0,2.978,0
2021-04-01,3.007,3.007,3.007,3.007,0.0,3.007,0
2021-04-05,2.994,2.994,2.994,2.994,0.0,2.994,0
2021-04-06,2.971,2.971,2.971,2.971,0.0,2.971,0
2021-04-07,2.974,2.974,2.974,2.974,0.0,2.974,0
2021-04-08,2.974,2.974,2.974,2.974,0.0,2.974,0
2021-04-09,3.008,3.008,3.008,3.008,0.0,3.008,0
2021-04-12,3.017,3.017,3.017,3.017,0.0,3.017,0
2021-04-13,3.0,3.0,3.0,3.0,0.0,3.0,0
2021-04-14,3.009,3.009,3.009,3.009,0.0,3.009,0
2021-04-15,2.987,2.987,2.987,2.987,0.0,2.987,0
2021-04-16,3.0,3.0,3.0,3.0,0.0,3.0,0
2021-04-19,2.994,2.994,2.994,2.994,0.0,2.994,0
2021-04-20,2.939,2.939,2.939,2.939,0.0,2.939,0
2021-04-21,2.924,2.924,2.924,2.924,0.0,2.924,0
2021-04-22,2.905,2.905,2.905,2.905,0.0,2.905,0
2021-04-23,2.913,2.913,2.913,2.913,0.0,2.913,0
2021-04-26,2.899,2.899,2.899,2.899,0.0,2.899,0
2021-04-27,2.878,2.878,2.878,2.878,0.0,2.878,0
2021-04-28,2.89,2.89,2.89,2.89,0.0,2.89,0
2021-04-29,2.892,2.892,2.892,2.892,0.0,2.892,0
2021-04-30,2.947,2.947,2.947,2.947,0.0,2.947,0
2021-05-03,2.95,2.95,2.95,2.95,0.0,2.95,0
2021-05-04,2.959,2.959,2.959,2.959,0.0,2.959,0
2021-05-05,2.961,2.961,2.961,2.961,0.0,2.961,0
2021-05-06,2.951,2.951,2.951,2.951,0.0,2.951,0
2021-05-07,2.958,2.958,2.958,2.958,0.0,2.958,0
2021-05-10,2.961,2.961,2.961,2.961,0.0,2.961,0
2021-05-11,2.958,2.958,2.958,2.958,0.0,2.958,0
2021-05-12,2.957,2.957,2.957,2.957,0.0,2.957,0
2021-05-13,2.947,2.947,2.947,2.947,0.0,2.947,0
2021-05-14,2.943,2.943,2.943,2.943,0.0,2.943,0
2021-05-17,2.947,2.947,2.947,2.947,0.0,2.947,0
2021-05-18,2.916,2.916,2.916,2.916,0.0,2.916,0
2021-05-19,2.92,2.92,2.92,2.92,0.0,2.92,0
2021-05-20,2.925,2.925,2.925,2.925,0.0,2.925,0
2021-05-21,2.937,2.937,2.937,2.937,0.0,2.937,0
2021-05-24,2.931,2.931,2.931,2.931,0.0,2.931,0
2021-05-25,2.942,2.942,2.942,2.942,0.0,2.942,0
2021-05-26,2.911,2.911,2.911,2.911,0.0,2.911,0
2021-05-27,2.908,2.908,2.908,2.908,0.0,2.908,0
2021-05-28,2.931,2.931,2.931,2.931,0.0,2.931,0
2021-06-01,2.913,2.913,2.913,2.913,0.0,2.913,0
2021-06-02,2.923,2.923,2.923,2.923,0.0,2.923,0
2021-06-03,2.905,2.905,2.905,2.905,0.0,2.905,0
2021-06-04,2.956,2.956,2.956,2.956,0.0,2.956,0
2021-06-07,2.927,2.927,2.927,2.927,0.0,2.927,0
2021-06-08,2.933,2.933,2.933,2.933,0.0,2.933,0
2021-06-09,2.94,2.94,2.94,2.94,0.0,2.94,0
2021-06-10,2.929,2.929,2.929,2.929,0.0,2.929,0
2021-06-11,2.928,2.928,2.928,2.928,0.0,2.928,0
2021-06-14,2.937,2.937,2.937,2.937,0.0,2.937,0
2021-06-15,2.922,2.922,2.922,2.922,0.0,2.922,0
2021-06-16,2.975,2.975,2.975,2.975,0.0,2.975,0
2021-06-17,2.98,2.98,2.98,2.98,0.0,2.98,0
2021-06-18,2.989,2.989,2.989,2.989,0.0,2.989,0
2021-06-21,2.986,2.986,2.986,2.986,0.0,2.986,0
2021-06-22,2.986,2.986,2.986,2.986,0.0,2.986,0
2021-06-23,2.987,2.987,2.987,2.987,0.0,2.987,0
2021-06-24,2.975,2.975,2.975,2.975,0.0,2.975,0
2021-06-25,3.036,3.036,3.036,3.036,0.0,3.036,0
2021-06-28,3.046,3.046,3.046,3.046,0.0,3.046,0
2021-06-29,3.074,3.074,3.074,3.074,0.0,3.074,0
2021-06-30,3.075,3.075,3.075,3.075,0.0,3.075,0
2021-07-01,3.063,3.063,3.063,3.063,0.0,3.063,0
2021-07-02,3.055,3.055,3.055,3.055,0.0,3.055,0
2021-07-06,3.047,3.047,3.047,3.047,0.0,3.047,0
2021-07-07,3.059,3.059,3.059,3.059,0.0,3.059,0
2021-07-08,3.071,3.071,3.071,3.071,0.0,3.071,0
2021-07-09,3.077,3.077,3.077,3.077,0.0,3.077,0
2021-07-12,3.082,3.082,3.082,3.082,0.0,3.082,0
2021-07-13,3.081,3.081,3.081,3.081,0.0,3.081,0
2021-07-14,3.074,3.074,3.074,3.074,0.0,3.074,0
2021-07-15,3.082,3.082,3.082,3.082,0.0,3.082,0
2021-07-16,3.098,3.098,3.098,3.098,0.0,3.098,0
2021-07-19,3.108,3.108,3.108,3.108,0.0,3.108,0
2021-07-20,3.11,3.11,3.11,3.11,0.0,3.11,0
2021-07-21,3.165,3.165,3.165,3.165,0.0,3.165,0
2021-07-22,3.167,3.167,3.167,3.167,0.0,3.167,0
2021-07-23,3.173,3.173,3.173,3.173,0.0,3.173,0
2021-07-26,3.181,3.181,3.181,3.181,0.0,3.181,0
2021-07-27,3.151,3.151,3.151,3.151,0.0,3.151,0
2021-07-28,3.143,3.143,3.143,3.143,0.0,3.143,0
2021-07-29,3.118,3.118,3.118,3.118,0.0,3.118,0
2021-07-30,3.152,3.152,3.152,3.152,0.0,3.152,0
2021-08-02,3.166,3.166,3.166,3.166,0.0,3.166,0
2021-08-03,3.158,3.158,3.158,3.158,0.0,3.158,0
2021-08-04,3.168,3.168,3.168,3.168,0.0,3.168,0
2021-08-05,3.133,3.133,3.133,3.133,0.0,3.133,0
2021-08-06,3.142,3.142,3.142,3.142,0.0,3.142,0
2021-08-09,3.158,3.158,3.158,3.158,0.0,3.158,0
2021-08-10,3.155,3.155,3.155,3.155,0.0,3.155,0
2021-08-11,3.17,3.17,3.17,3.17,0.0,3.17,0
2021-08-12,3.251,3.251,3.251,3.251,0.0,3.251,0
2021-08-13,3.218,3.218,3.218,3.218,0.0,3.218,0
2021-08-16,3.23,3.23,3.23,3.23,0.0,3.23,0
2021-08-17,3.243,3.243,3.243,3.243,0.0,3.243,0
2021-08-18,3.241,3.241,3.241,3.241,0.0,3.241,0
2021-08-19,3.252,3.252,3.252,3.252,0.0,3.252,0
2021-08-20,3.251,3.251,3.251,3.251,0.0,3.251,0
2021-08-23,3.253,3.253,3.253,3.253,0.0,3.253,0
2021-08-24,3.249,3.249,3.249,3.249,0.0,3.249,0
2021-08-25,3.266,3.266,3.266,3.266,0.0,3.266,0
2021-08-26,3.317,3.317,3.317,3.317,0.0,3.317,0
2021-08-27,3.344,3.344,3.344,3.344,0.0,3.344,0
2021-08-30,3.347,3.347,3.347,3.347,0.0,3.347,0
2021-08-31,3.336,3.336,3.336,3.336,0.0,3.336,0
2021-09-01,3.345,3.345,3.345,3.345,0.0,3.345,0
2021-09-02,3.345,3.345,3.345,3.345,0.0,3.345,0
2021-09-03,3.406,3.406,3.406,3.406,0.0,3.406,0
2021-09-07,3.456,3.456,3.456,3.456,0.0,3.456,0
2021-09-08,3.508,3.508,3.508,3.508,0.0,3.508,0
2021-09-09,3.678,3.678,3.678,3.678,0.0,3.678,0
2021-09-10,3.66,3.66,3.66,3.66,0.0,3.66,0
2021-09-13,3.675,3.675,3.675,3.675,0.0,3.675,0
2021-09-14,3.648,3.648,3.648,3.648,0.0,3.648,0
2021-09-15,3.67,3.67,3.67,3.67,0.0,3.67,0
2021-09-16,3.673,3.673,3.673,3.673,0.0,3.673,0
2021-09-17,3.666,3.666,3.666,3.666,0.0,3.666,0
2021-09-20,3.702,3.702,3.702,3.702,0.0,3.702,0
2021-09-21,3.719,3.719,3.719,3.719,0.0,3.719,0
2021-09-22,3.736,3.736,3.736,3.736,0.0,3.736,0
2021-09-23,3.743,3.743,3.743,3.743,0.0,3.743,0
2021-09-24,3.614,3.614,3.614,3.614,0.0,3.614,0
2021-09-27,3.527,3.527,3.527,3.527,0.0,3.527,0
2021-09-28,3.45,3.45,3.45,3.45,0.0,3.45,0
2021-09-29,3.416,3.416,3.416,3.416,0.0,3.416,0
2021-09-30,3.413,3.413,3.413,3.413,0.0,3.413,0
2021-10-01,3.403,3.403,3.403,3.403,0.0,3.403,0
2021-10-04,3.4,3.4,3.4,3.4,0.0,3.4,0
2021-10-05,3.415,3.415,3.415,3.415,0.0,3.415,0
2021-10-06,3.43,3.43,3.43,3.43,0.0,3.43,0
2021-10-07,3.43,3.43,3.43,3.43,0.0,3.43,0
2021-10-08,3.471,3.471,3.471,3.471,0.0,3.471,0
2021-10-11,3.447,3.447,3.447,3.447,0.0,3.447,0
2021-10-12,3.449,3.449,3.449,3.449,0.0,3.449,0
2021-10-13,3.454,3.454,3.454,3.454,0.0,3.454,0
2021-10-14,3.489,3.489,3.489,3.489,0.0,3.489,0
2021-10-15,3.5,3.5,3.5,3.5,0.0,3.5,0
2021-10-18,3.506,3.506,3.506,3.506,0.0,3.506,0
2021-10-19,3.503,3.503,3.503,3.503,0.0,3.503,0
2021-10-20,3.506,3.506,3.506,3.506,0.0,3.506,0
2021-10-21,3.502,3.502,3.502,3.502,0.0,3.502,0
2021-10-22,3.507,3.507,3.507,3.507,0.0,3.507,0
2021-10-25,3.55,3.55,3.55,3.55,0.0,3.55,0
2021-10-26,3.528,3.528,3.528,3.528,0.0,3.528,0
2021-10-27,3.465,3.465,3.465,3.465,0.0,3.465,0
2021-10-28,3.471,3.471,3.471,3.471,0.0,3.471,0
2021-10-29,3.422,3.422,3.422,3.422,0.0,3.422,0
2021-11-01,3.317,3.317,3.317,3.317,0.0,3.317,0
2021-11-02,3.378,3.378,3.378,3.378,0.0,3.378,0
2021-11-03,3.372,3.372,3.372,3.372,0.0,3.372,0
2021-11-04,3.396,3.396,3.396,3.396,0.0,3.396,0
2021-11-05,3.436,3.436,3.436,3.436,0.0,3.436,0
2021-11-08,3.539,3.539,3.539,3.539,0.0,3.539,0
2021-11-09,3.535,3.535,3.535,3.535,0.0,3.535,0
2021-11-10,3.561,3.561,3.561,3.561,0.0,3.561,0
2021-11-11,3.578,3.578,3.578,3.578,0.0,3.578,0
2021-11-12,3.509,3.509,3.509,3.509,0.0,3.509,0
2021-11-15,3.522,3.522,3.522,3.522,0.0,3.522,0
2021-11-16,3.593,3.593,3.593,3.593,0.0,3.593,0
2021-11-17,3.524,3.524,3.524,3.524,0.0,3.524,0
2021-11-18,3.512,3.512,3.512,3.512,0.0,3.512,0
2021-11-19,3.476,3.476,3.476,3.476,0.0,3.476,0
2021-11-22,3.458,3.458,3.458,3.458,0.0,3.458,0
2021-11-23,3.505,3.505,3.505,3.505,0.0,3.505,0
2021-11-24,3.503,3.503,3.503,3.503,0.0,3.503,0
2021-11-26,3.542,3.542,3.542,3.542,0.0,3.542,0
2021-11-29,3.534,3.534,3.534,3.534,0.0,3.534,0
2021-11-30,3.507,3.507,3.507,3.507,0.0,3.507,0
2021-12-01,3.515,3.515,3.515,3.515,0.0,3.515,0
2021-12-02,3.519,3.519,3.519,3.519,0.0,3.519,0
2021-12-03,3.529,3.529,3.529,3.529,0.0,3.529,0
2021-12-06,3.501,3.501,3.501,3.501,0.0,3.501,0
2021-12-07,3.505,3.505,3.505,3.505,0.0,3.505,0
2021-12-08,3.399,3.399,3.399,3.399,0.0,3.399,0
2021-12-09,3.336,3.336,3.336,3.336,0.0,3.336,0
2021-12-10,3.358,3.358,3.358,3.358,0.0,3.358,0
2021-12-13,3.262,3.262,3.262,3.262,0.0,3.262,0
2021-12-14,3.381,3.381,3.381,3.381,0.0,3.381,0
2021-12-15,3.48,3.48,3.48,3.48,0.0,3.48,0
2021-12-16,3.445,3.445,3.445,3.445,0.0,3.445,0
2021-12-17,3.458,3.458,3.458,3.458,0.0,3.458,0
2021-12-20,3.473,3.473,3.473,3.473,0.0,3.473,0
2021-12-21,3.457,3.457,3.457,3.457,0.0,3.457,0
2021-12-22,3.458,3.458,3.458,3.458,0.0,3.458,0
2021-12-23,3.421,3.421,3.421,3.421,0.0,3.421,0
2021-12-27,3.407,3.407,3.407,3.407,0.0,3.407,0
2021-12-28,3.43,3.43,3.43,3.43,0.0,3.43,0
2021-12-29,3.452,3.452,3.452,3.452,0.0,3.452,0
2021-12-30,3.44,3.44,3.44,3.44,0.0,3.44,0
2021-12-31,3.512,3.512,3.512,3.512,0.0,3.512,0
2022-01-03,3.479,3.479,3.479,3.479,0.0,3.479,0
2022-01-04,3.478,3.478,3.478,3.478,0.0,3.478,0
2022-01-05,3.453,3.453,3.453,3.453,0.0,3.453,0
2022-01-06,3.467,3.467,3.467,3.467,0.0,3.467,0
2022-01-07,3.5,3.5,3.5,3.5,0.0,3.5,0
2022-01-10,3.505,3.505,3.505,3.505,0.0,3.505,0
2022-01-11,3.494,3.494,3.494,3.494,0.0,3.494,0
2022-01-12,3.469,3.469,3.469,3.469,0.0,3.469,0
2022-01-13,3.472,3.472,3.472,3.472,0.0,3.472,0
2022-01-14,3.448,3.448,3.448,3.448,0.0,3.448,0
2022-01-18,3.467,3.467,3.467,3.467,0.0,3.467,0
2022-01-19,3.514,3.514,3.514,3.514,0.0,3.514,0
2022-01-20,3.517,3.517,3.517,3.517,0.0,3.517,0
2022-01-21,3.505,3.505,3.505,3.505,0.0,3.505,0
2022-01-24,3.494,3.494,3.494,3.494,0.0,3.494,0
2022-01-25,3.514,3.514,3.514,3.514,0.0,3.514,0
2022-01-26,3.515,3.515,3.515,3.515,0.0,3.515,0
2022-01-27,3.5,3.5,3.5,3.5,0.0,3.5,0
2022-01-28,3.493,3.493,3.493,3.493,0.0,3.493,0
2022-01-31,3.492,3.492,3.492,3.492,0.0,3.492,0
2022-02-01,3.477,3.477,3.477,3.477,0.0,3.477,0
2022-02-02,3.496,3.496,3.496,3.496,0.0,3.496,0
2022-02-03,3.487,3.487,3.487,3.487,0.0,3.487,0
2022-02-04,3.517,3.517,3.517,3.517,0.0,3.517,0
2022-02-07,3.533,3.533,3.533,3.533,0.0,3.533,0
2022-02-08,3.525,3.525,3.525,3.525,0.0,3.525,0
2022-02-09,3.52,3.52,3.52,3.52,0.0,3.52,0
2022-02-10,3.527,3.527,3.527,3.527,0.0,3.527,0
2022-02-11,3.567,3.567,3.567,3.567,0.0,3.567,0
2022-02-14,3.608,3.608,3.608,3.608,0.0,3.608,0
2022-02-15,3.596,3.596,3.596,3.596,0.0,3.596,0
2022-02-16,3.625,3.625,3.625,3.625,0.0,3.625,0
2022-02-17,3.618,3.618,3.618,3.618,0.0,3.618,0
2022-02-18,3.618,3.618,3.618,3.618,0.0,3.618,0
2022-02-22,3.663,3.663,3.663,3.663,0.0,3.663,0
2022-02-23,3.749,3.749,3.749,3.749,0.0,3.749,0
2022-02-24,3.792,3.792,3.792,3.792,0.0,3.792,0
2022-02-25,3.709,3.709,3.709,3.709,0.0,3.709,0
2022-02-28,3.786,3.786,3.786,3.786,0.0,3.786,0
2022-03-01,3.857,3.857,3.857,3.857,0.0,3.857,0
2022-03-02,3.924,3.924,3.924,3.924,0.0,3.924,0
2022-03-03,3.867,3.867,3.867,3.867,0.0,3.867,0
2022-03-04,3.92,3.92,3.92,3.92,0.0,3.92,0
2022-03-07,4.08,4.08,4.08,4.08,0.0,4.08,0
2022-03-08,4.157,4.157,4.157,4.157,0.0,4.157,0
2022-03-09,4.136,4.136,4.136,4.136,0.0,4.136,0
2022-03-10,4.052,4.052,4.052,4.052,0.0,4.052,0
2022-03-11,4.033,4.033,4.033,4.033,0.0,4.033,0
2022-03-14,4.076,4.076,4.076,4.076,0.0,4.076,0
2022-03-15,4.058,4.058,4.058,4.058,0.0,4.058,0
2022-03-16,4.069,4.069,4.069,4.069,0.0,4.069,0
2022-03-17,4.086,4.086,4.086,4.086,0.0,4.086,0
2022-03-18,4.038,4.038,4.038,4.038,0.0,4.038,0
2022-03-21,4.024,4.024,4.024,4.024,0.0,4.024,0
2022-03-22,4.035,4.035,4.035,4.035,0.0,4.035,0
2022-03-23,4.046,4.046,4.046,4.046,0.0,4.046,0
2022-03-24,4.072,4.072,4.072,4.072,0.0,4.072,0
2022-03-25,4.118,4.118,4.118,4.118,0.0,4.118,0
2022-03-28,4.21,4.21,4.21,4.21,0.0,4.21,0
2022-03-29,4.224,4.224,4.224,4.224,0.0,4.224,0
2022-03-30,4.337,4.337,4.337,4.337,0.0,4.337,0
2022-03-31,4.43,4.43,4.43,4.43,0.0,4.43,0
2022-04-01,4.487,4.487,4.487,4.487,0.0,4.487,0
2022-04-04,4.554,4.554,4.554,4.554,0.0,4.554,0
2022-04-05,4.572,4.572,4.572,4.572,0.0,4.572,0
2022-04-06,4.599,4.599,4.599,4.599,0.0,4.599,0
2022-04-07,4.626,4.626,4.626,4.626,0.0,4.626,0
2022-04-08,4.599,4.599,4.599,4.599,0.0,4.599,0
2022-04-11,4.648,4.648,4.648,4.648,0.0,4.648,0
2022-04-12,4.67,4.67,4.67,4.67,0.0,4.67,0
2022-04-13,4.708,4.708,4.708,4.708,0.0,4.708,0
2022-04-14,4.71,4.71,4.71,4.71,0.0,4.71,0
2022-04-18,4.725,4.725,4.725,4.725,0.0,4.725,0
2022-04-19,4.703,4.703,4.703,4.703,0.0,4.703,0
2022-04-20,4.694,4.694,4.694,4.694,0.0,4.694,0
2022-04-21,4.617,4.617,4.617,4.617,0.0,4.617,0
2022-04-22,4.444,4.444,4.444,4.444,0.0,4.444,0
2022-04-25,4.459,4.459,4.459,4.459,0.0,4.459,0
2022-04-26,4.524,4.524,4.524,4.524,0.0,4.524,0
2022-04-27,4.583,4.583,4.583,4.583,0.0,4.583,0
2022-04-28,4.594,4.594,4.594,4.594,0.0,4.594,0
2022-04-29,4.587,4.587,4.587,4.587,0.0,4.587,0
2022-05-02,4.426,4.426,4.426,4.426,0.0,4.426,0
2022-05-03,4.454,4.454,4.454,4.454,0.0,4.454,0
2022-05-04,4.504,4.504,4.504,4.504,0.0,4.504,0
2022-05-05,4.537,4.537,4.537,4.537,0.0,4.537,0
2022-05-06,4.503,4.503,4.503,4.503,0.0,4.503,0
2022-05-09,4.426,4.426,4.426,4.426,0.0,4.426,0
2022-05-10,4.464,4.464,4.464,4.464,0.0,4.464,0
2022-05-11,4.523,4.523,4.523,4.523,0.0,4.523,0
2022-05-12,4.533,4.533,4.533,4.533,0.0,4.533,0
2022-05-13,4.607,4.607,4.607,4.607,0.0,4.607,0
2022-05-16,4.637,4.637,4.637,4.637,0.0,4.637,0
2022-05-17,4.776,4.776,4.776,4.776,0.0,4.776,0
2022-05-18,4.698,4.698,4.698,4.698,0.0,4.698,0
2022-05-19,4.637,4.637,4.637,4.637,0.0,4.637,0
2022-05-20,4.646,4.646,4.646,4.646,0.0,4.646,0
2022-05-23,4.687,4.687,4.687,4.687,0.0,4.687,0
2022-05-24,4.755,4.755,4.755,4.755,0.0,4.755,0
2022-05-25,4.786,4.786,4.786,4.786,0.0,4.786,0
2022-05-26,4.815,4.815,4.815,4.815,0.0,4.815,0
2022-05-27,4.839,4.839,4.839,4.839,0.0,4.839,0
2022-05-31,4.77,4.77,4.77,4.77,0.0,4.77,0
2022-06-01,4.842,4.842,4.842,4.842,0.0,4.842,0
2022-06-02,4.848,4.848,4.848,4.848,0.0,4.848,0
2022-06-03,4.895,4.895,4.895,4.895,0.0,4.895,0
2022-06-06,4.879,4.879,4.879,4.879,0.0,4.879,0
2022-06-07,4.959,4.959,4.959,4.959,0.0,4.959,0
2022-06-08,5.014,5.014,5.014,5.014,0.0,5.014,0
2022-06-09,5.1,5.1,5.1,5.1,0.0,5.1,0
2022-06-10,5.09,5.09,5.09,5.09,0.0,5.09,0
2022-06-13,5.033,5.033,5.033,5.033,0.0,5.033,0
2022-06-14,4.955,4.955,4.955,4.955,0.0,4.955,0
2022-06-15,5.016,5.016,5.016,5.016,0.0,5.016,0
2022-06-16,5.03,5.03,5.03,5.03,0.0,5.03,0
2022-06-17,4.927,4.927,4.927,4.927,0.0,4.927,0
2022-06-21,4.914,4.914,4.914,4.914,0.0,4.914,0
2022-06-22,4.969,4.969,4.969,4.969,0.0,4.969,0
2022-06-23,5.041,5.041,5.041,5.041,0.0,5.041,0
2022-06-24,4.817,4.817,4.817,4.817,0.0,4.817,0
2022-06-27,4.859,4.859,4.859,4.859,0.0,4.859,0
2022-06-28,4.829,4.829,4.829,4.829,0.0,4.829,0
2022-06-29,4.779,4.779,4.779,4.779,0.0,4.779,0
2022-06-30,4.524,4.524,4.524,4.524,0.0,4.524,0
2022-07-01,4.612,4.612,4.612,4.612,0.0,4.612,0
2022-07-04,4.612,4.612,4.612,4.612,0.0,4.612,0
2022-07-05,4.462,4.462,4.462,4.462,0.0,4.462,0
2022-07-06,4.554,4.554,4.554,4.554,0.0,4.554,0
2022-07-07,4.614,4.614,4.614,4.614,0.0,4.614,0
2022-07-08,4.613,4.613,4.613,4.613,0.0,4.613,0
2022-07-11,4.647,4.647,4.647,4.647,0.0,4.647,0
2022-07-12,4.549,4.549,4.549,4.549,0.0,4.549,0
2022-07-13,4.611,4.611,4.611,4.611,0.0,4.611,0
2022-07-14,4.567,4.567,4.567,4.567,0.0,4.567,0
2022-07-15,4.641,4.641,4.641,4.641,0.0,4.641,0
2022-07-18,4.541,4.541,4.541,4.541,0.0,4.541,0
2022-07-19,4.568,4.568,4.568,4.568,0.0,4.568,0
2022-07-20,4.711,4.711,4.711,4.711,0.0,4.711,0
2022-07-21,4.616,4.616,4.616,4.616,0.0,4.616,0
2022-07-22,4.62,4.62,4.62,4.62,0.0,4.62,0
2022-07-25,4.726,4.726,4.726,4.726,0.0,4.726,0
2022-07-26,4.753,4.753,4.753,4.753,0.0,4.753,0
2022-07-27,4.751,4.751,4.751,4.751,0.0,4.751,0
2022-07-28,4.727,4.727,4.727,4.727,0.0,4.727,0
2022-07-29,4.823,4.823,4.823,4.823,0.0,4.823,0
2022-08-01,4.806,4.806,4.806,4.806,0.0,4.806,0
2022-08-02,4.808,4.808,4.808,4.808,0.0,4.808,0
2022-08-03,4.84,4.84,4.84,4.84,0.0,4.84,0
2022-08-04,4.809,4.809,4.809,4.809,0.0,4.809,0
2022-08-05,4.765,4.765,4.765,4.765,0.0,4.765,0
2022-08-08,4.727,4.727,4.727,4.727,0.0,4.727,0
2022-08-09,4.764,4.764,4.764,4.764,0.0,4.764,0
2022-08-10,4.794,4.794,4.794,4.794,0.0,4.794,0
2022-08-11,4.877,4.877,4.877,4.877,0.0,4.877,0
2022-08-12,4.865,4.865,4.865,4.865,0.0,4.865,0
2022-08-15,4.949,4.949,4.949,4.949,0.0,4.949,0
2022-08-16,4.988,4.988,4.988,4.988,0.0,4.988,0
2022-08-17,4.971,4.971,4.971,4.971,0.0,4.971,0
2022-08-18,4.977,4.977,4.977,4.977,0.0,4.977,0
2022-08-19,4.993,4.993,4.993,4.993,0.0,4.993,0
2022-08-22,5.052,5.052,5.052,5.052,0.0,5.052,0
2022-08-23,5.059,5.059,5.059,5.059,0.0,5.059,0
2022-08-24,5.13,5.13,5.13,5.13,0.0,5.13,0
2022-08-25,5.192,5.192,5.192,5.192,0.0,5.192,0
2022-08-26,5.294,5.294,5.294,5.294,0.0,5.294,0
2022-08-29,5.398,5.398,5.398,5.398,0.0,5.398,0
2022-08-30,5.405,5.405,5.405,5.405,0.0,5.405,0
2022-08-31,5.434,5.434,5.434,5.434,0.0,5.434,0
2022-09-01,5.536,5.536,5.536,5.536,0.0,5.536,0
2022-09-02,5.654,5.654,5.654,5.654,0.0,5.654,0
2022-09-05,5.654,5.654,5.654,5.654,0.0,5.654,0
2022-09-06,5.685,5.685,5.685,5.685,0.0,5.685,0
2022-09-07,5.643,5.643,5.643,5.643,0.0,5.643,0
2022-09-08,5.615,5.615,5.615,5.615,0.0,5.615,0
2022-09-09,5.666,5.666,5.666,5.666,0.0,5.666,0
2022-09-12,5.611,5.611,5.611,5.611,0.0,5.611,0
2022-09-13,5.685,5.685,5.685,5.685,0.0,5.685,0
2022-09-14,5.744,5.744,5.744,5.744,0.0,5.744,0
2022-09-15,5.698,5.698,5.698,5.698,0.0,5.698,0
2022-09-16,5.593,5.593,5.593,5.593,0.0,5.593,0
2022-09-19,5.549,5.549,5.549,5.549,0.0,5.549,0
2022-09-20,5.48,5.48,5.48,5.48,0.0,5.48,0
2022-09-21,5.246,5.246,5.246,5.246,0.0,5.246,0
2022-09-22,5.094,5.094,5.094,5.094,0.0,5.094,0
2022-09-23,5.1,5.1,5.1,5.1,0.0,5.1,0
2022-09-26,5.019,5.019,5.019,5.019,0.0,5.019,0
2022-09-27,4.901,4.901,4.901,4.901,0.0,4.901,0
2022-09-28,4.837,4.837,4.837,4.837,0.0,4.837,0
2022-09-29,4.822,4.822,4.822,4.822,0.0,4.822,0
2022-09-30,4.828,4.828,4.828,4.828,0.0,4.828,0
2022-10-03,4.717,4.717,4.717,4.717,0.0,4.717,0
2022-10-04,4.767,4.767,4.767,4.767,0.0,4.767,0
2022-10-05,4.764,4.764,4.764,4.764,0.0,4.764,0
2022-10-06,4.791,4.791,4.791,4.791,0.0,4.791,0
2022-10-07,4.791,4.791,4.791,4.791,0.0,4.791,0
2022-10-10,4.813,4.813,4.813,4.813,0.0,4.813,0
2022-10-11,4.851,4.851,4.851,4.851,0.0,4.851,0
2022-10-12,4.83,4.83,4.83,4.83,0.0,4.83,0
2022-10-13,4.823,4.823,4.823,4.823,0.0,4.823,0
2022-10-14,4.846,4.846,4.846,4.846,0.0,4.846,0
2022-10-17,4.819,4.819,4.819,4.819,0.0,4.819,0
2022-10-18,4.784,4.784,4.784,4.784,0.0,4.784,0
2022-10-19,4.759,4.759,4.759,4.759,0.0,4.759,0
2022-10-20,5.067,5.067,5.067,5.067,0.0,5.067,0
2022-10-21,5.031,5.031,5.031,5.031,0.0,5.031,0
2022-10-24,4.992,4.992,4.992,4.992,0.0,4.992,0
2022-10-25,5.007,5.007,5.007,5.007,0.0,5.007,0
2022-10-26,5.024,5.024,5.024,5.024,0.0,5.024,0
2022-10-27,5.017,5.017,5.017,5.017,0.0,5.017,0
2022-10-28,5.022,5.022,5.022,5.022,0.0,5.022,0
2022-10-31,5.016,5.016,5.016,5.016,0.0,5.016,0
2022-11-01,4.981,4.981,4.981,4.981,0.0,4.981,0
2022-11-02,5.083,5.083,5.083,5.083,0.0,5.083,0
2022-11-03,5.108,5.108,5.108,5.108,0.0,5.108,0
2022-11-04,5.222,5.222,5.222,5.222,0.0,5.222,0
2022-11-07,5.266,5.266,5.266,5.266,0.0,5.266,0
2022-11-08,5.226,5.226,5.226,5.226,0.0,5.226,0
2022-11-09,5.24,5.24,5.24,5.24,0.0,5.24,0
2022-11-10,5.24,5.24,5.24,5.24,0.0,5.24,0
2022-11-11,5.213,5.213,5.213,5.213,0.0,5.213,0
2022-11-14,5.182,5.182,5.182,5.182,0.0,5.182,0
2022-11-15,5.178,5.178,5.178,5.178,0.0,5.178,0
2022-11-16,5.193,5.193,5.193,5.193,0.0,5.193,0
2022-11-17,5.161,5.161,5.161,5.161,0.0,5.161,0
2022-11-18,5.144,5.144,5.144,5.144,0.0,5.144,0
2022-11-21,5.099,5.099,5.099,5.099,0.0,5.099,0
2022-11-22,5.083,5.083,5.083,5.083,0.0,5.083,0
2022-11-23,5.219,5.219,5.219,5.219,0.0,5.219,0
2022-11-24,5.219,5.219,5.219,5.219,0.0,5.219,0
2022-11-25,5.213,5.213,5.213,5.213,0.0,5.213,0
2022-11-28,5.329,5.329,5.329,5.329,0.0,5.329,0
2022-11-29,5.303,5.303,5.303,5.303,0.0,5.303,0
2022-11-30,5.29,5.29,5.29,5.29,0.0,5.29,0
2022-12-01,5.27,5.27,5.27,5.27,0.0,5.27,0
2022-12-02,5.266,5.266,5.266,5.266,0.0,5.266,0
2022-12-05,5.274,5.274,5.274,5.274,0.0,5.274,0
2022-12-06,5.287,5.287,5.287,5.287,0.0,5.287,0
2022-12-07,5.292,5.292,5.292,5.292,0.0,5.292,0
2022-12-08,5.352,5.352,5.352,5.352,0.0,5.352,0
2022-12-09,5.356,5.356,5.356,5.356,0.0,5.356,0
2022-12-12,5.44,5.44,5.44,5.44,0.0,5.44,0
2022-12-13,5.428,5.428,5.428,5.428,0.0,5.428,0
2022-12-14,5.371,5.371,5.371,5.371,0.0,5.371,0
2022-12-15,5.412,5.412,5.412,5.412,0.0,5.412,0
2022-12-16,5.491,5.491,5.491,5.491,0.0,5.491,0
2022-12-19,5.467,5.467,5.467,5.467,0.0,5.467,0
2022-12-20,5.462,5.462,5.462,5.462,0.0,5.462,0
2022-12-21,5.374,5.374,5.374,5.374,0.0,5.374,0
2022-12-22,5.291,5.291,5.291,5.291,0.0,5.291,0
2022-12-23,5.304,5.304,5.304,5.304,0.0,5.304,0
2022-12-27,5.39,5.39,5.39,5.39,0.0,5.39,0
2022-12-28,5.312,5.312,5.312,5.312,0.0,5.312,0
2022-12-29,5.303,5.303,5.303,5.303,0.0,5.303,0
2022-12-30,5.312,5.312,5.312,5.312,0.0,5.312,0
2023-01-03,5.258,5.258,5.258,5.258,0.0,5.258,0
2023-01-04,5.261,5.261,5.261,5.261,0.0,5.261,0
2023-01-05,5.183,5.183,5.183,5.183,0.0,5.183,0
2023-01-06,5.127,5.127,5.127,5.127,0.0,5.127,0
2023-01-09,5.135,5.135,5.135,5.135,0.0,5.135,0
2023-01-10,5.159,5.159,5.159,5.159,0.0,5.159,0
2023-01-11,5.125,5.125,5.125,5.125,0.0,5.125,0
2023-01-12,5.124,5.124,5.124,5.124,0.0,5.124,0
2023-01-13,5.133,5.133,5.133,5.133,0.0,5.133,0
2023-01-16,5.133,5.133,5.133,5.133,0.0,5.133,0
2023-01-17,5.149,5.149,5.149,5.149,0.0,5.149,0
2023-01-18,5.194,5.194,5.194,5.194,0.0,5.194,0
2023-01-19,5.234,5.234,5.234,5.234,0.0,5.234,0
2023-01-20,5.198,5.198,5.198,5.198,0.0,5.198,0
2023-01-23,5.103,5.103,5.103,5.103,0.0,5.103,0
2023-01-24,5.072,5.072,5.072,5.072,0.0,5.072,0
2023-01-25,5.015,5.015,5.015,5.015,0.0,5.015,0
2023-01-26,5.022,5.022,5.022,5.022,0.0,5.022,0
2023-01-27,5.013,5.013,5.013,5.013,0.0,5.013,0
2023-01-30,4.934,4.934,4.934,4.934,0.0,4.934,0
2023-01-31,4.955,4.955,4.955,4.955,0.0,4.955,0
2023-02-01,4.758,4.758,4.758,4.758,0.0,4.758,0
2023-02-02,4.738,4.738,4.738,4.738,0.0,4.738,0
2023-02-03,4.689,4.689,4.689,4.689,0.0,4.689,0
2023-02-10,4.708,4.708,4.708,4.708,0.0,4.708,0
2023-02-13,4.651,4.651,4.651,4.651,0.0,4.651,0
2023-02-14,4.652,4.652,4.652,4.652,0.0,4.652,0
2023-02-15,4.647,4.647,4.647,4.647,0.0,4.647,0
2023-02-16,4.647,4.647,4.647,4.647,0.0,4.647,0
2023-02-17,4.633,4.633,4.633,4.633,0.0,4.633,0
2023-02-20,4.633,4.633,4.633,4.633,0.0,4.633,0
2023-02-21,4.633,4.633,4.633,4.633,0.0,4.633,0
2023-02-22,4.644,4.644,4.644,4.644,0.0,4.644,0
2023-02-23,4.678,4.678,4.678,4.678,0.0,4.678,0
2023-02-24,4.737,4.737,4.737,4.737,0.0,4.737,0
2023-02-27,4.779,4.779,4.779,4.779,0.0,4.779,0
2023-02-28,4.827,4.827,4.827,4.827,0.0,4.827,0
2023-03-01,4.908,4.908,4.908,4.908,0.0,4.908,0
2023-03-02,4.916,4.916,4.916,4.916,0.0,4.916,0
2023-03-03,4.956,4.956,4.956,4.956,0.0,4.956,0
2023-03-06,4.99,4.99,4.99,4.99,0.0,4.99,0
2023-03-07,5.01,5.01,5.01,5.01,0.0,5.01,0
2023-03-08,5.043,5.043,5.043,5.043,0.0,5.043,0
2023-03-09,4.745,4.745,4.745,4.745,0.0,4.745,0
2023-03-10,4.846,4.846,4.846,4.846,0.0,4.846,0
2023-03-13,4.857,4.857,4.857,4.857,0.0,4.857,0
2023-03-14,4.938,4.938,4.938,4.938,0.0,4.938,0
2023-03-15,4.99,4.99,4.99,4.99,0.0,4.99,0
2023-03-16,5.032,5.032,5.032,5.032,0.0,5.032,0
2023-03-17,5.025,5.025,5.025,5.025,0.0,5.025,0
2023-03-20,4.984,4.984,4.984,4.984,0.0,4.984,0
2023-03-21,5.033,5.033,5.033,5.033,0.0,5.033,0
2023-03-22,4.987,4.987,4.987,4.987,0.0,4.987,0
2023-03-23,5.022,5.022,5.022,5.022,0.0,5.022,0
2023-03-24,4.977,4.977,4.977,4.977,0.0,4.977,0
2023-03-27,4.956,4.956,4.956,4.956,0.0,4.956,0
2023-03-28,4.914,4.914,4.914,4.914,0.0,4.914,0
2023-03-29,4.941,4.941,4.941,4.941,0.0,4.941,0
2023-03-30,4.949,4.949,4.949,4.949,0.0,4.949,0
2023-03-31,4.942,4.942,4.942,4.942,0.0,4.942,0
2023-04-03,4.95,4.95,4.95,4.95,0.0,4.95,0
2023-04-04,4.962,4.962,4.962,4.962,0.0,4.962,0
2023-04-05,4.935,4.935,4.935,4.935,0.0,4.935,0
2023-04-06,4.891,4.891,4.891,4.891,0.0,4.891,0
2023-04-10,4.953,4.953,4.953,4.953,0.0,4.953,0
2023-04-11,4.963,4.963,4.963,4.963,0.0,4.963,0
2023-04-12,4.889,4.889,4.889,4.889,0.0,4.889,0
2023-04-13,4.857,4.857,4.857,4.857,0.0,4.857,0
2023-04-14,4.877,4.877,4.877,4.877,0.0,4.877,0
2023-04-17,4.943,4.943,4.943,4.943,0.0,4.943,0
2023-04-18,4.941,4.941,4.941,4.941,0.0,4.941,0
2023-04-19,4.963,4.963,4.963,4.963,0.0,4.963,0
2023-04-20,4.995,4.995,4.995,4.995,0.0,4.995,0
2023-04-21,5.002,5.002,5.002,5.002,0.0,5.002,0
2023-04-24,4.993,4.993,4.993,4.993,0.0,4.993,0
2023-04-25,4.991,4.991,4.991,4.991,0.0,4.991,0
2023-04-26,5.012,5.012,5.012,5.012,0.0,5.012,0
2023-04-27,5.016,5.016,5.016,5.016,0.0,5.016,0
2023-04-28,4.977,4.977,4.977,4.977,0.0,4.977,0
2023-05-01,4.934,4.934,4.934,4.934,0.0,4.934,0
2023-05-02,4.93,4.93,4.93,4.93,0.0,4.93,0
2023-05-03,4.982,4.982,4.982,4.982,0.0,4.982,0
2023-05-04,4.989,4.989,4.989,4.989,0.0,4.989,0
2023-05-05,4.921,4.921,4.921,4.921,0.0,4.921,0
2023-05-08,4.889,4.889,4.889,4.889,0.0,4.889,0
2023-05-09,4.872,4.872,4.872,4.872,0.0,4.872,0
2023-05-10,4.888,4.888,4.888,4.888,0.0,4.888,0
2023-05-11,4.777,4.777,4.777,4.777,0.0,4.777,0
2023-05-12,4.754,4.754,4.754,4.754,0.0,4.754,0
2023-05-15,4.758,4.758,4.758,4.758,0.0,4.758,0
2023-05-16,4.744,4.744,4.744,4.744,0.0,4.744,0
2023-05-17,4.668,4.668,4.668,4.668,0.0,4.668,0
2023-05-18,4.648,4.648,4.648,4.648,0.0,4.648,0
2023-05-19,4.579,4.579,4.579,4.579,0.0,4.579,0
2023-05-22,4.569,4.569,4.569,4.569,0.0,4.569,0
2023-05-23,4.557,4.557,4.557,4.557,0.0,4.557,0
2023-05-24,4.612,4.612,4.612,4.612,0.0,4.612,0
2023-05-25,4.545,4.545,4.545,4.545,0.0,4.545,0
2023-05-26,4.573,4.573,4.573,4.573,0.0,4.573,0
2023-05-29,4.573,4.573,4.573,4.573,0.0,4.573,0
2023-05-30,4.533,4.533,4.533,4.533,0.0,4.533,0
2023-05-31,4.498,4.498,4.498,4.498,0.0,4.498,0
2023-06-01,4.356,4.356,4.356,4.356,0.0,4.356,0
2023-06-02,4.396,4.396,4.396,4.396,0.0,4.396,0
2023-06-05,4.466,4.466,4.466,4.466,0.0,4.466,0
2023-06-06,4.463,4.463,4.463,4.463,0.0,4.463,0
2023-06-07,4.437,4.437,4.437,4.437,0.0,4.437,0
2023-06-08,4.408,4.408,4.408,4.408,0.0,4.408,0
2023-06-09,4.413,4.413,4.413,4.413,0.0,4.413,0
2023-06-12,4.41,4.41,4.41,4.41,0.0,4.41,0
2023-06-13,4.375,4.375,4.375,4.375,0.0,4.375,0
2023-06-14,4.413,4.413,4.413,4.413,0.0,4.413,0
2023-06-15,4.385,4.385,4.385,4.385,0.0,4.385,0
2023-06-16,4.404,4.404,4.404,4.404,0.0,4.404,0
2023-06-19,4.404,4.404,4.404,4.404,0.0,4.404,0
2023-06-20,4.451,4.451,4.451,4.451,0.0,4.451,0
2023-06-21,4.517,4.517,4.517,4.517,0.0,4.517,0
2023-06-22,4.535,4.535,4.535,4.535,0.0,4.535,0
2023-06-23,4.429,4.429,4.429,4.429,0.0,4.429,0
2023-06-26,4.403,4.403,4.403,4.403,0.0,4.403,0
2023-06-27,4.463,4.463,4.463,4.463,0.0,4.463,0
2023-06-28,4.258,4.258,4.258,4.258,0.0,4.258,0
2023-06-29,4.217,4.217,4.217,4.217,0.0,4.217,0
2023-06-30,4.249,4.249,4.249,4.249,0.0,4.249,0
2023-07-03,4.25,4.25,4.25,4.25,0.0,4.25,0
2023-07-04,4.25,4.25,4.25,4.25,0.0,4.25,0
2023-07-05,4.24,4.24,4.24,4.24,0.0,4.24,0
2023-07-06,4.242,4.242,4.242,4.242,0.0,4.242,0
2023-07-07,4.227,4.227,4.227,4.227,0.0,4.227,0
2023-07-10,4.271,4.271,4.271,4.271,0.0,4.271,0
2023-07-11,4.34,4.34,4.34,4.34,0.0,4.34,0
2023-07-12,4.406,4.406,4.406,4.406,0.0,4.406,0
2023-07-13,4.202,4.202,4.202,4.202,0.0,4.202,0
2023-07-14,4.301,4.301,4.301,4.301,0.0,4.301,0
2023-07-17,4.286,4.286,4.286,4.286,0.0,4.286,0
2023-07-18,4.345,4.345,4.345,4.345,0.0,4.345,0
2023-07-19,4.354,4.354,4.354,4.354,0.0,4.354,0
2023-07-20,4.341,4.341,4.341,4.341,0.0,4.341,0
2023-07-21,4.359,4.359,4.359,4.359,0.0,4.359,0
2023-07-24,4.43,4.43,4.43,4.43,0.0,4.43,0
2023-07-25,4.444,4.444,4.444,4.444,0.0,4.444,0
2023-07-26,4.462,4.462,4.462,4.462,0.0,4.462,0
2023-07-27,4.453,4.453,4.453,4.453,0.0,4.453,0
2023-07-28,4.462,4.462,4.462,4.462,0.0,4.462,0
2023-07-31,4.391,4.391,4.391,4.391,0.0,4.391,0
2023-08-01,4.301,4.301,4.301,4.301,0.0,4.301,0
2023-08-02,4.318,4.318,4.318,4.318,0.0,4.318,0
2023-08-03,4.298,4.298,4.298,4.298,0.0,4.298,0
2023-08-04,4.306,4.306,4.306,4.306,0.0,4.306,0
2023-08-07,4.367,4.367,4.367,4.367,0.0,4.367,0
2023-08-08,4.415,4.415,4.415,4.415,0.0,4.415,0
2023-08-09,4.377,4.377,4.377,4.377,0.0,4.377,0
2023-08-10,4.362,4.362,4.362,4.362,0.0,4.362,0
2023-08-11,4.39,4.39,4.39,4.39,0.0,4.39,0
2023-08-14,4.337,4.337,4.337,4.337,0.0,4.337,0
2023-08-15,4.485,4.485,4.485,4.485,0.0,4.485,0
2023-08-16,4.5,4.5,4.5,4.5,0.0,4.5,0
2023-08-17,4.485,4.485,4.485,4.485,0.0,4.485,0
2023-08-18,4.44,4.44,4.44,4.44,0.0,4.44,0
2023-08-21,4.529,4.529,4.529,4.529,0.0,4.529,0
2023-08-22,4.491,4.491,4.491,4.491,0.0,4.491,0
2023-08-23,4.705,4.705,4.705,4.705,0.0,4.705,0
2023-08-24,4.586,4.586,4.586,4.586,0.0,4.586,0
2023-08-25,4.567,4.567,4.567,4.567,0.0,4.567,0
2023-08-28,4.556,4.556,4.556,4.556,0.0,4.556,0
2023-08-29,4.533,4.533,4.533,4.533,0.0,4.533,0
2023-08-30,4.588,4.588,4.588,4.588,0.0,4.588,0
2023-08-31,4.595,4.595,4.595,4.595,0.0,4.595,0
2023-09-01,4.594,4.594,4.594,4.594,0.0,4.594,0
2023-09-04,4.594,4.594,4.594,4.594,0.0,4.594,0
2023-09-05,4.54,4.54,4.54,4.54,0.0,4.54,0
2023-09-06,4.554,4.554,4.554,4.554,0.0,4.554,0
2023-09-07,4.546,4.546,4.546,4.546,0.0,4.546,0
2023-09-08,4.527,4.527,4.527,4.527,0.0,4.527,0
2023-09-11,4.419,4.419,4.419,4.419,0.0,4.419,0
2023-09-12,4.431,4.431,4.431,4.431,0.0,4.431,0
2023-09-13,4.492,4.492,4.492,4.492,0.0,4.492,0
2023-09-14,4.456,4.456,4.456,4.456,0.0,4.456,0
2023-09-15,4.445,4.445,4.445,4.445,0.0,4.445,0
2023-09-18,4.437,4.437,4.437,4.437,0.0,4.437,0
2023-09-19,4.326,4.326,4.326,4.326,0.0,4.326,0
2023-09-20,4.409,4.409,4.409,4.409,0.0,4.409,0
2023-09-21,4.49,4.49,4.49,4.49,0.0,4.49,0
2023-09-22,4.498,4.498,4.498,4.498,0.0,4.498,0
2023-09-25,4.571,4.571,4.571,4.571,0.0,4.571,0
2023-09-26,4.526,4.526,4.526,4.526,0.0,4.526,0
2023-09-27,4.479,4.479,4.479,4.479,0.0,4.479,0
2023-09-28,4.486,4.486,4.486,4.486,0.0,4.486,0
2023-09-29,4.532,4.532,4.532,4.532,0.0,4.532,0
2023-10-02,4.509,4.509,4.509,4.509,0.0,4.509,0
2023-10-03,4.634,4.634,4.634,4.634,0.0,4.634,0
2023-10-04,4.556,4.556,4.556,4.556,0.0,4.556,0
2023-10-05,4.472,4.472,4.472,4.472,0.0,4.472,0
2023-10-06,4.412,4.412,4.412,4.412,0.0,4.412,0
2023-10-09,4.39,4.39,4.39,4.39,0.0,4.39,0
2023-10-10,4.392,4.392,4.392,4.392,0.0,4.392,0
2023-10-11,4.411,4.411,4.411,4.411,0.0,4.411,0
2023-10-12,4.541,4.541,4.541,4.541,0.0,4.541,0
2023-10-13,4.475,4.475,4.475,4.475,0.0,4.475,0
2023-10-16,4.455,4.455,4.455,4.455,0.0,4.455,0
2023-10-17,4.484,4.484,4.484,4.484,0.0,4.484,0
2023-10-18,4.479,4.479,4.479,4.479,0.0,4.479,0
2023-10-19,4.498,4.498,4.498,4.498,0.0,4.498,0
2023-10-20,4.504,4.504,4.504,4.504,0.0,4.504,0
2023-10-23,4.508,4.508,4.508,4.508,0.0,4.508,0
2023-10-24,4.513,4.513,4.513,4.513,0.0,4.513,0
2023-10-25,4.521,4.521,4.521,4.521,0.0,4.521,0
2023-10-26,4.506,4.506,4.506,4.506,0.0,4.506,0
2023-10-27,4.515,4.515,4.515,4.515,0.0,4.515,0
2023-10-30,4.506,4.506,4.506,4.506,0.0,4.506,0
2023-10-31,4.524,4.524,4.524,4.524,0.0,4.524,0
2023-11-01,4.622,4.622,4.622,4.622,0.0,4.622,0
2023-11-02,4.682,4.682,4.682,4.682,0.0,4.682,0
2023-11-03,4.533,4.533,4.533,4.533,0.0,4.533,0
2023-11-06,4.558,4.558,4.558,4.558,0.0,4.558,0
2023-11-07,4.589,4.589,4.589,4.589,0.0,4.589,0
2023-11-08,4.506,4.506,4.506,4.506,0.0,4.506,0
2023-11-09,4.502,4.502,4.502,4.502,0.0,4.502,0
2023-11-10,4.463,4.463,4.463,4.463,0.0,4.463,0
2023-11-13,4.511,4.511,4.511,4.511,0.0,4.511,0
2023-11-14,4.491,4.491,4.491,4.491,0.0,4.491,0
2023-11-15,4.54,4.54,4.54,4.54,0.0,4.54,0
2023-11-16,4.521,4.521,4.521,4.521,0.0,4.521,0
2023-11-17,4.524,4.524,4.524,4.524,0.0,4.524,0
2023-11-20,4.511,4.511,4.511,4.511,0.0,4.511,0
2023-11-21,4.486,4.486,4.486,4.486,0.0,4.486,0
2023-11-22,4.473,4.473,4.473,4.473,0.0,4.473,0
2023-11-23,4.473,4.473,4.473,4.473,0.0,4.473,0
2023-11-24,4.533,4.533,4.533,4.533,0.0,4.533,0
2023-11-27,4.548,4.548,4.548,4.548,0.0,4.548,0
2023-11-28,4.493,4.493,4.493,4.493,0.0,4.493,0
2023-11-29,4.468,4.468,4.468,4.468,0.0,4.468,0
2023-11-30,4.487,4.487,4.487,4.487,0.0,4.487,0
2023-12-01,4.503,4.503,4.503,4.503,0.0,4.503,0
2023-12-04,4.469,4.469,4.469,4.469,0.0,4.469,0
2023-12-05,4.434,4.434,4.434,4.434,0.0,4.434,0
2023-12-06,4.244,4.244,4.244,4.244,0.0,4.244,0
2023-12-07,4.267,4.267,4.267,4.267,0.0,4.267,0
2023-12-08,4.293,4.293,4.293,4.293,0.0,4.293,0
2023-12-11,4.325,4.325,4.325,4.325,0.0,4.325,0
2023-12-12,4.374,4.374,4.374,4.374,0.0,4.374,0
2023-12-13,4.415,4.415,4.415,4.415,0.0,4.415,0
2023-12-14,4.425,4.425,4.425,4.425,0.0,4.425,0
2023-12-15,4.504,4.504,4.504,4.504,0.0,4.504,0
2023-12-18,4.501,4.501,4.501,4.501,0.0,4.501,0
2023-12-19,4.384,4.384,4.384,4.384,0.0,4.384,0
2023-12-20,4.455,4.455,4.455,4.455,0.0,4.455,0
2023-12-21,4.344,4.344,4.344,4.344,0.0,4.344,0
2023-12-22,4.348,4.348,4.348,4.348,0.0,4.348,0
2023-12-26,4.291,4.291,4.291,4.291,0.0,4.291,0
2023-12-27,4.31,4.31,4.31,4.31,0.0,4.31,0
2023-12-28,4.296,4.296,4.296,4.296,0.0,4.296,0
2023-12-29,4.248,4.248,4.248,4.248,0.0,4.248,0
2024-01-02,4.244,4.244,4.244,4.244,0.0,4.244,0
2024-01-03,4.376,4.376,4.376,4.376,0.0,4.376,0
2024-01-04,4.388,4.388,4.388,4.388,0.0,4.388,0
2024-01-05,4.372,4.372,4.372,4.372,0.0,4.372,0
2024-01-08,4.382,4.382,4.382,4.382,0.0,4.382,0
2024-01-09,4.459,4.459,4.459,4.459,0.0,4.459,0
2024-01-10,4.428,4.428,4.428,4.428,0.0,4.428,0
2024-01-11,4.331,4.331,4.331,4.331,0.0,4.331,0
2024-01-12,4.327,4.327,4.327,4.327,0.0,4.327,0
2024-01-15,4.327,4.327,4.327,4.327,0.0,4.327,0
2024-01-16,4.309,4.309,4.309,4.309,0.0,4.309,0
2024-01-17,4.353,4.353,4.353,4.353,0.0,4.353,0
2024-01-18,4.362,4.362,4.362,4.362,0.0,4.362,0
2024-01-19,4.349,4.349,4.349,4.349,0.0,4.349,0
2024-01-22,4.313,4.313,4.313,4.313,0.0,4.313,0
2024-01-23,4.426,4.426,4.426,4.426,0.0,4.426,0
2024-01-24,4.317,4.317,4.317,4.317,0.0,4.317,0
2024-01-25,4.217,4.217,4.217,4.217,0.0,4.217,0
2024-01-26,4.147,4.147,4.147,4.147,0.0,4.147,0
2024-01-29,4.079,4.079,4.079,4.079,0.0,4.079,0
2024-01-30,4.213,4.213,4.213,4.213,0.0,4.213,0
2024-01-31,4.223,4.223,4.223,4.223,0.0,4.223,0
2024-02-01,4.312,4.312,4.312,4.312,0.0,4.312,0
2024-02-02,4.395,4.395,4.395,4.395,0.0,4.395,0
2024-02-05,4.368,4.368,4.368,4.368,0.0,4.368,0
2024-02-06,4.361,4.361,4.361,4.361,0.0,4.361,0
2024-02-07,4.314,4.314,4.314,4.314,0.0,4.314,0
2024-02-08,4.294,4.294,4.294,4.294,0.0,4.294,0
2024-02-09,4.293,4.293,4.293,4.293,0.0,4.293,0
2024-02-12,4.29,4.29,4.29,4.29,0.0,4.29,0
2024-02-13,4.331,4.331,4.331,4.331,0.0,4.331,0
2024-02-14,4.303,4.303,4.303,4.303,0.0,4.303,0
2024-02-15,4.235,4.235,4.235,4.235,0.0,4.235,0
2024-02-16,4.215,4.215,4.215,4.215,0.0,4.215,0
2024-02-19,4.215,4.215,4.215,4.215,0.0,4.215,0
2024-02-20,4.227,4.227,4.227,4.227,0.0,4.227,0
2024-02-21,4.235,4.235,4.235,4.235,0.0,4.235,0
2024-02-22,4.329,4.329,4.329,4.329,0.0,4.329,0
2024-02-23,4.282,4.282,4.282,4.282,0.0,4.282,0
2024-02-26,4.286,4.286,4.286,4.286,0.0,4.286,0
2024-02-27,4.29,4.29,4.29,4.29,0.0,4.29,0
2024-02-28,4.31,4.31,4.31,4.31,0.0,4.31,0
2024-02-29,4.311,4.311,4.311,4.311,0.0,4.311,0
2024-03-01,4.283,4.283,4.283,4.283,0.0,4.283,0
2024-03-04,4.265,4.265,4.265,4.265,0.0,4.265,0
2024-03-05,4.297,4.297,4.297,4.297,0.0,4.297,0
2024-03-06,4.319,4.319,4.319,4.319,0.0,4.319,0
2024-03-07,4.323,4.323,4.323,4.323,0.0,4.323,0
2024-03-08,4.365,4.365,4.365,4.365,0.0,4.365,0
2024-03-11,4.381,4.381,4.381,4.381,0.0,4.381,0
2024-03-12,4.362,4.362,4.362,4.362,0.0,4.362,0
2024-03-13,4.359,4.359,4.359,4.359,0.0,4.359,0
2024-03-14,4.364,4.364,4.364,4.364,0.0,4.364,0
2024-03-15,4.355,4.355,4.355,4.355,0.0,4.355,0
2024-03-18,4.353,4.353,4.353,4.353,0.0,4.353,0
2024-03-19,4.352,4.352,4.352,4.352,0.0,4.352,0
2024-03-20,4.331,4.331,4.331,4.331,0.0,4.331,0
2024-03-21,4.297,4.297,4.297,4.297,0.0,4.297,0
2024-03-22,4.339,4.339,4.339,4.339,0.0,4.339,0
2024-03-25,4.271,4.271,4.271,4.271,0.0,4.271,0
2024-03-26,4.273,4.273,4.273,4.273,0.0,4.273,0
2024-03-27,4.258,4.258,4.258,4.258,0.0,4.258,0
2024-03-28,4.287,4.287,4.287,4.287,0.0,4.287,0
2024-04-01,4.326,4.326,4.326,4.326,0.0,4.326,0
2024-04-02,4.41,4.41,4.41,4.41,0.0,4.41,0
2024-04-03,4.399,4.399,4.399,4.399,0.0,4.399,0
2024-04-04,4.397,4.397,4.397,4.397,0.0,4.397,0
2024-04-05,4.404,4.404,4.404,4.404,0.0,4.404,0
2024-04-08,4.398,4.398,4.398,4.398,0.0,4.398,0
2024-04-09,4.364,4.364,4.364,4.364,0.0,4.364,0
2024-04-10,4.391,4.391,4.391,4.391,0.0,4.391,0
2024-04-11,4.431,4.431,4.431,4.431,0.0,4.431,0
2024-04-12,4.507,4.507,4.507,4.507,0.0,4.507,0
2024-04-15,4.565,4.565,4.565,4.565,0.0,4.565,0
2024-04-16,4.62,4.62,4.62,4.62,0.0,4.62,0
2024-04-17,4.607,4.607,4.607,4.607,0.0,4.607,0
2024-04-18,4.594,4.594,4.594,4.594,0.0,4.594,0
2024-04-19,4.598,4.598,4.598,4.598,0.0,4.598,0
2024-04-22,4.596,4.596,4.596,4.596,0.0,4.596,0
2024-04-23,4.57,4.57,4.57,4.57,0.0,4.57,0
2024-04-24,4.577,4.577,4.577,4.577,0.0,4.577,0
2024-04-25,4.601,4.601,4.601,4.601,0.0,4.601,0
2024-04-26,4.582,4.582,4.582,4.582,0.0,4.582,0
2024-04-29,4.595,4.595,4.595,4.595,0.0,4.595,0
2024-04-30,4.611,4.611,4.611,4.611,0.0,4.611,0
2024-05-01,4.609,4.609,4.609,4.609,0.0,4.609,0
2024-05-02,4.606,4.606,4.606,4.606,0.0,4.606,0
2024-05-03,4.608,4.608,4.608,4.608,0.0,4.608,0
2024-05-06,4.6,4.6,4.6,4.6,0.0,4.6,0
2024-05-07,4.543,4.543,4.543,4.543,0.0,4.543,0
2024-05-08,4.469,4.469,4.469,4.469,0.0,4.469,0
2024-05-09,4.384,4.384,4.384,4.384,0.0,4.384,0
2024-05-10,4.429,4.429,4.429,4.429,0.0,4.429,0
2024-05-13,4.444,4.444,4.444,4.444,0.0,4.444,0
2024-05-14,4.467,4.467,4.467,4.467,0.0,4.467,0
2024-05-15,4.5,4.5,4.5,4.5,0.0,4.5,0
2024-05-16,4.53,4.53,4.53,4.53,0.0,4.53,0
2024-05-17,4.589,4.589,4.589,4.589,0.0,4.589,0
2024-05-20,4.578,4.578,4.578,4.578,0.0,4.578,0
2024-05-21,4.606,4.606,4.606,4.606,0.0,4.606,0
2024-05-22,4.596,4.596,4.596,4.596,0.0,4.596,0
2024-05-23,4.598,4.598,4.598,4.598,0.0,4.598,0
2024-05-24,4.608,4.608,4.608,4.608,0.0,4.608,0
2024-05-27,4.608,4.608,4.608,4.608,0.0,4.608,0
2024-05-28,4.594,4.594,4.594,4.594,0.0,4.594,0
2024-05-29,4.529,4.529,4.529,4.529,0.0,4.529,0
2024-05-30,4.535,4.535,4.535,4.535,0.0,4.535,0
2024-05-31,4.502,4.502,4.502,4.502,0.0,4.502,0
2024-06-03,4.516,4.516,4.516,4.516,0.0,4.516,0
2024-06-04,4.443,4.443,4.443,4.443,0.0,4.443,0
2024-06-05,4.414,4.414,4.414,4.414,0.0,4.414,0
2024-06-06,4.407,4.407,4.407,4.407,0.0,4.407,0
2024-06-07,4.431,4.431,4.431,4.431,0.0,4.431,0
2024-06-10,4.42,4.42,4.42,4.42,0.0,4.42,0
2024-06-11,4.385,4.385,4.385,4.385,0.0,4.385,0
2024-06-12,4.334,4.334,4.334,4.334,0.0,4.334,0
2024-06-13,4.34,4.34,4.34,4.34,0.0,4.34,0
2024-06-14,4.421,4.421,4.421,4.421,0.0,4.421,0
2024-06-17,4.435,4.435,4.435,4.435,0.0,4.435,0
2024-06-18,4.476,4.476,4.476,4.476,0.0,4.476,0
2024-06-19,4.476,4.476,4.476,4.476,0.0,4.476,0
2024-06-20,4.409,4.409,4.409,4.409,0.0,4.409,0
2024-06-21,4.336,4.336,4.336,4.336,0.0,4.336,0
2024-06-24,4.306,4.306,4.306,4.306,0.0,4.306,0
2024-06-25,4.294,4.294,4.294,4.294,0.0,4.294,0
2024-06-26,4.302,4.302,4.302,4.302,0.0,4.302,0
2024-06-27,4.209,4.209,4.209,4.209,0.0,4.209,0
2024-06-28,4.267,4.267,4.267,4.267,0.0,4.267,0
2024-07-01,4.258,4.258,4.258,4.258,0.0,4.258,0
2024-07-02,4.261,4.261,4.261,4.261,0.0,4.261,0
2024-07-03,4.272,4.272,4.272,4.272,0.0,4.272,0
2024-07-04,4.272,4.272,4.272,4.272,0.0,4.272,0
2024-07-05,4.275,4.275,4.275,4.275,0.0,4.275,0
2024-07-08,4.243,4.243,4.243,4.243,0.0,4.243,0
2024-07-09,4.223,4.223,4.223,4.223,0.0,4.223,0
2024-07-10,4.236,4.236,4.236,4.236,0.0,4.236,0
2024-07-11,4.243,4.243,4.243,4.243,0.0,4.243,0
2024-07-12,4.241,4.308,4.241,4.308,55.0,4.2432,2
2024-07-15,4.295,4.295,4.295,4.295,0.0,4.295,0
2024-07-16,4.27,4.27,4.27,4.27,0.0,4.27,0
2024-07-17,4.215,4.215,4.215,4.215,0.0,4.215,0
2024-07-18,4.228,4.228,4.228,4.228,0.0,4.228,0
2024-07-19,4.25,4.25,4.25,4.25,0.0,4.25,0
2024-07-22,4.27,4.27,4.27,4.27,0.0,4.27,0
2024-07-23,4.281,4.281,4.281,4.281,0.0,4.281,0
2024-07-24,4.224,4.224,4.224,4.224,0.0,4.224,0
2024-07-25,4.161,4.161,4.161,4.161,0.0,4.161,0
2024-07-26,4.182,4.182,4.182,4.182,0.0,4.182,0
2024-07-29,4.163,4.163,4.163,4.163,0.0,4.163,0
2024-07-30,4.179,4.179,4.179,4.179,0.0,4.179,0
2024-07-31,4.17,4.17,4.17,4.17,0.0,4.17,0
2024-08-01,4.128,4.128,4.128,4.128,0.0,4.128,0
2024-08-02,4.125,4.125,4.125,4.125,0.0,4.125,0
2024-08-05,4.068,4.068,4.068,4.068,0.0,4.068,0
2024-08-06,4.051,4.051,4.051,4.051,0.0,4.051,0
2024-08-07,4.02,4.02,4.02,4.02,0.0,4.02,0
2024-08-08,4.007,4.007,4.007,4.007,0.0,4.007,0
2024-08-09,4.024,4.024,4.024,4.024,0.0,4.024,0
2024-08-12,4.025,4.025,4.025,4.025,0.0,4.025,0
2024-08-13,3.999,3.999,3.999,3.999,0.0,3.999,0
2024-08-14,4.023,4.023,4.023,4.023,0.0,4.023,0
2024-08-15,4.026,4.026,4.026,4.026,0.0,4.026,0
2024-08-16,4.051,4.051,4.051,4.051,0.0,4.051,0
2024-08-19,4.073,4.073,4.073,4.073,0.0,4.073,0
2024-08-20,4.085,4.085,4.085,4.085,0.0,4.085,0
2024-08-21,4.086,4.086,4.086,4.086,0.0,4.086,0
2024-08-22,4.097,4.097,4.097,4.097,0.0,4.097,0
2024-08-23,4.11,4.153,4.11,4.153,20.0,4.11,1
2024-08-26,4.174,4.174,4.174,4.174,0.0,4.174,0
2024-08-27,4.167,4.167,4.167,4.167,0.0,4.167,0
2024-08-28,4.133,4.133,4.133,4.133,0.0,4.133,0
2024-08-29,4.122,4.122,4.122,4.122,0.0,4.122,0
2024-08-30,4.147,4.147,4.147,4.147,0.0,4.147,0
2024-09-02,4.147,4.147,4.147,4.147,0.0,4.147,0
2024-09-03,4.12,4.12,4.12,4.12,0.0,4.12,0
2024-09-04,4.091,4.091,4.091,4.091,0.0,4.091,0
2024-09-05,4.065,4.065,4.065,4.065,0.0,4.065,0
2024-09-06,3.985,3.985,3.985,3.985,0.0,3.985,0
2024-09-09,4.015,4.015,4.015,4.015,0.0,4.015,0
2024-09-10,3.999,3.999,3.999,3.999,0.0,3.999,0
2024-09-11,3.994,3.994,3.994,3.994,0.0,3.994,0
2024-09-12,3.978,3.978,3.978,3.978,0.0,3.978,0
2024-09-13,3.946,3.946,3.946,3.946,0.0,3.946,0
2024-09-16,3.962,3.962,3.962,3.962,0.0,3.962,0
2024-09-17,3.936,3.936,3.936,3.936,0.0,3.936,0
2024-09-18,3.927,3.927,3.927,3.927,0.0,3.927,0
2024-09-19,3.922,3.922,3.922,3.922,0.0,3.922,0
2024-09-20,3.942,3.942,3.942,3.942,0.0,3.942,0
2024-09-23,3.927,3.927,3.927,3.927,0.0,3.927,0
2024-09-24,3.985,3.985,3.985,3.985,0.0,3.985,0
2024-09-25,4.017,4.017,4.017,4.017,0.0,4.017,0
2024-09-26,4.036,4.036,4.036,4.036,0.0,4.036,0
2024-09-27,4.053,4.053,4.053,4.053,0.0,4.053,0
2024-09-30,4.037,4.037,4.037,4.037,0.0,4.037,0
2024-10-01,4.019,4.019,4.019,4.019,0.0,4.019,0
2024-10-02,3.995,3.995,3.995,3.995,0.0,3.995,0
2024-10-03,4.037,4.037,4.037,4.037,0.0,4.037,0
2024-10-04,4.071,4.071,4.071,4.071,0.0,4.071,0
2024-10-07,4.059,4.059,4.059,4.059,0.0,4.059,0
2024-10-08,4.029,4.029,4.029,4.029,0.0,4.029,0
2024-10-09,4.009,4.009,4.009,4.009,0.0,4.009,0
2024-10-10,4.029,4.029,4.029,4.029,0.0,4.029,0
2024-10-11,4.022,4.022,4.022,4.022,0.0,4.022,0
2024-10-14,4.054,4.054,4.054,4.054,0.0,4.054,0
2024-10-15,4.11,4.11,4.11,4.11,0.0,4.11,0
2024-10-16,4.04,4.04,4.006,4.006,1.0,4.04,1
2024-10-17,4.055,4.055,4.055,4.055,0.0,4.055,0
2024-10-18,4.049,4.049,4.049,4.049,0.0,4.049,0
2024-10-21,4.056,4.056,4.056,4.056,0.0,4.056,0
2024-10-22,4.049,4.049,4.049,4.049,0.0,4.049,0
2024-10-23,4.044,4.044,4.044,4.044,0.0,4.044,0
2024-10-24,4.036,4.036,4.036,4.036,0.0,4.036,0
2024-10-25,4.067,4.067,4.067,4.067,0.0,4.067,0
2024-10-28,4.041,4.041,4.041,4.041,0.0,4.041,0
2024-10-29,4.08,4.08,4.08,4.08,0.0,4.08,0
2024-10-30,4.07,4.114,4.07,4.114,1.0,4.07,1
2024-10-31,4.061,4.061,4.061,4.061,0.0,4.061,0
2024-11-01,4.049,4.049,4.049,4.049,0.0,4.049,0
2024-11-04,4.085,4.085,4.085,4.085,0.0,4.085,0
2024-11-05,4.026,4.026,4.026,4.026,0.0,4.026,0
2024-11-06,4.117,4.117,4.117,4.117,0.0,4.117,0
2024-11-07,4.122,4.122,4.122,4.122,0.0,4.122,0
2024-11-08,4.065,4.065,4.065,4.065,0.0,4.065,0
2024-11-11,4.056,4.056,4.056,4.056,0.0,4.056,0
2024-11-12,4.063,4.063,4.063,4.063,0.0,4.063,0
2024-11-13,4.064,4.064,4.064,4.064,0.0,4.064,0
2024-11-14,4.061,4.061,4.061,4.061,0.0,4.061,0
2024-11-15,4.028,4.028,4.028,4.028,0.0,4.028,0
2024-11-18,3.972,3.972,3.972,3.972,0.0,3.972,0
2024-11-19,4.009,4.009,4.009,4.009,0.0,4.009,0
2024-11-20,4.117,4.117,4.117,4.117,0.0,4.117,0
2024-11-21,4.058,4.058,4.058,4.058,0.0,4.058,0
2024-11-22,4.043,4.043,4.043,4.043,0.0,4.043,0
2024-11-25,4.091,4.091,4.091,4.091,0.0,4.091,0
2024-11-26,4.04,4.04,4.04,4.04,0.0,4.04,0
2024-11-27,4.058,4.058,4.058,4.058,0.0,4.058,0
2024-11-28,4.058,4.058,4.058,4.058,0.0,4.058,0
2024-11-29,4.159,4.159,4.159,4.159,0.0,4.159,0
2024-12-02,4.044,4.044,4.044,4.044,0.0,4.044,0
2024-12-03,4.03,4.03,4.03,4.03,0.0,4.03,0
2024-12-04,4.068,4.068,4.068,4.068,0.0,4.068,0
2024-12-05,4.076,4.076,4.076,4.076,0.0,4.076,0
2024-12-06,4.084,4.084,4.084,4.084,0.0,4.084,0
2024-12-09,4.015,4.015,4.015,4.015,0.0,4.015,0
2024-12-10,4.03,4.03,4.03,4.03,0.0,4.03,0
2024-12-11,4.038,4.038,4.038,4.038,0.0,4.038,0
2024-12-12,4.113,4.113,4.113,4.113,0.0,4.113,0
2024-12-13,4.142,4.142,4.142,4.142,0.0,4.142,0
2024-12-16,4.128,4.128,4.128,4.128,0.0,4.128,0
2024-12-17,4.15,4.15,4.15,4.15,0.0,4.15,0
2024-12-18,4.117,4.117,4.117,4.117,0.0,4.117,0
2024-12-19,4.101,4.101,4.101,4.101,0.0,4.101,0
2024-12-20,4.041,4.041,4.041,4.041,0.0,4.041,0
2024-12-23,4.048,4.048,4.048,4.048,0.0,4.048,0
2024-12-24,4.138,4.138,4.138,4.138,0.0,4.138,0
2024-12-26,4.156,4.156,4.156,4.156,0.0,4.156,0
2024-12-27,4.148,4.148,4.148,4.148,0.0,4.148,0
2024-12-30,4.119,4.119,4.119,4.119,0.0,4.119,0
2024-12-31,4.143,4.143,4.143,4.143,0.0,4.143,0
2025-01-02,4.129,4.129,4.129,4.129,0.0,4.129,0
2025-01-03,4.084,4.084,4.084,4.084,0.0,4.084,0
2025-01-06,4.055,4.055,4.055,4.055,0.0,4.055,0
2025-01-07,4.067,4.067,4.067,4.067,0.0,4.067,0
2025-01-08,4.085,4.085,4.085,4.085,0.0,4.085,0
2025-01-09,4.103,4.103,4.103,4.103,0.0,4.103,0
2025-01-10,4.134,4.134,4.134,4.134,0.0,4.134,0
2025-01-13,4.112,4.112,4.112,4.112,0.0,4.112,0
2025-01-14,4.066,4.066,4.066,4.066,0.0,4.066,0
2025-01-15,4.096,4.096,4.096,4.096,0.0,4.096,0
2025-01-16,4.066,4.066,4.066,4.066,0.0,4.066,0
2025-01-17,4.038,4.038,4.038,4.038,0.0,4.038,0
2025-01-20,4.038,4.038,4.038,4.038,0.0,4.038,0
2025-01-21,3.982,3.982,3.982,3.982,0.0,3.982,0
2025-01-22,4.076,4.076,4.076,4.076,0.0,4.076,0
2025-01-23,4.146,4.146,4.146,4.146,0.0,4.146,0
2025-01-24,4.157,4.157,4.157,4.157,0.0,4.157,0
2025-01-27,4.122,4.122,4.122,4.122,0.0,4.122,0
2025-01-28,4.057,4.057,4.057,4.057,0.0,4.057,0
2025-01-29,4.124,4.124,4.124,4.124,0.0,4.124,0
2025-01-30,4.124,4.124,4.071,4.071,1.0,4.124,1
2025-01-31,4.062,4.062,4.062,4.062,0.0,4.062,0
2025-02-03,4.102,4.102,4.102,4.102,0.0,4.102,0
2025-02-04,4.1,4.1,4.1,4.1,0.0,4.1,0
2025-02-05,4.114,4.114,4.114,4.114,0.0,4.114,0
2025-02-06,4.102,4.102,4.102,4.102,0.0,4.102,0
2025-02-07,4.088,4.088,4.088,4.088,0.0,4.088,0
2025-02-10,4.106,4.106,4.106,4.106,0.0,4.106,0
2025-02-11,4.131,4.131,4.131,4.131,0.0,4.131,0
2025-02-12,4.155,4.155,4.155,4.155,0.0,4.155,0
2025-02-13,4.153,4.153,4.153,4.153,0.0,4.153,0
2025-02-14,4.149,4.149,4.149,4.149,0.0,4.149,0
2025-02-17,4.149,4.149,4.149,4.149,0.0,4.149,0
2025-02-18,4.124,4.124,4.124,4.124,0.0,4.124,0
2025-02-19,4.134,4.134,4.134,4.134,0.0,4.134,0
2025-02-20,4.053,4.053,4.053,4.053,0.0,4.053,0
2025-02-21,4.045,4.045,4.045,4.045,0.0,4.045,0
2025-02-24,4.029,4.029,4.029,4.029,0.0,4.029,0
2025-02-25,4.0,4.022,4.0,4.022,1.0,4.0,1
2025-02-26,3.991,3.991,3.991,3.991,0.0,3.991,0
2025-02-27,4.083,4.083,4.083,4.083,0.0,4.083,0
2025-02-28,4.12,4.12,4.12,4.12,0.0,4.12,0
2025-03-03,4.125,4.125,4.125,4.125,0.0,4.125,0
2025-03-04,4.085,4.085,4.085,4.085,0.0,4.085,0
2025-03-05,4.096,4.096,4.096,4.096,0.0,4.096,0
2025-03-06,4.064,4.064,4.064,4.064,0.0,4.064,0
2025-03-07,4.072,4.072,4.072,4.072,0.0,4.072,0
2025-03-10,4.031,4.031,4.031,4.031,0.0,4.031,0
2025-03-11,4.017,4.017,4.017,4.017,0.0,4.017,0
2025-03-12,4.024,4.024,4.024,4.024,0.0,4.024,0
2025-03-13,4.041,4.041,4.041,4.041,0.0,4.041,0
2025-03-14,4.023,4.023,4.023,4.023,0.0,4.023,0
2025-03-17,4.024,4.024,4.024,4.024,0.0,4.024,0
2025-03-18,4.03,4.03,4.03,4.03,0.0,4.03,0
2025-03-19,4.03,4.031,4.03,4.031,1.0,4.03,1
2025-03-20,4.039,4.039,4.039,4.039,0.0,4.039,0
2025-03-21,4.041,4.041,4.041,4.041,0.0,4.041,0
2025-03-24,4.054,4.054,4.054,4.054,0.0,4.054,0
2025-03-25,4.003,4.003,4.003,4.003,0.0,4.003,0
2025-03-26,3.989,3.989,3.989,3.989,0.0,3.989,0
2025-03-27,3.997,3.997,3.997,3.997,0.0,3.997,0
2025-03-28,3.985,3.985,3.985,3.985,0.0,3.985,0
2025-03-31,3.991,3.991,3.991,3.991,0.0,3.991,0
2025-04-01,3.992,3.992,3.992,3.992,0.0,3.992,0
2025-04-02,4.0,4.014,4.0,4.014,1.0,4.0,1
2025-04-03,4.012,4.012,4.012,4.012,0.0,4.012,0
2025-04-04,3.982,3.982,3.982,3.982,0.0,3.982,0
2025-04-07,3.98,3.98,3.972,3.972,1.0,3.98,1
2025-04-08,3.968,3.968,3.968,3.968,0.0,3.968,0
2025-04-09,3.965,4.036,3.965,4.036,1.0,3.965,1
2025-04-10,4.017,4.017,4.017,4.017,0.0,4.017,0
2025-04-11,4.059,4.059,4.059,4.059,0.0,4.059,0
2025-04-14,4.082,4.082,4.082,4.082,0.0,4.082,0
2025-04-15,4.072,4.072,4.072,4.072,0.0,4.072,0
2025-04-16,4.07,4.07,4.07,4.07,0.0,4.07,0
2025-04-17,4.063,4.063,4.063,4.063,0.0,4.063,0
2025-04-21,4.019,4.019,4.019,4.019,0.0,4.019,0
2025-04-22,4.038,4.038,4.038,4.038,0.0,4.038,0
2025-04-23,4.064,4.064,4.064,4.064,0.0,4.064,0
2025-04-24,4.067,4.067,4.067,4.067,0.0,4.067,0
2025-04-25,4.032,4.032,4.032,4.032,0.0,4.032,0
2025-04-28,4.051,4.051,4.051,4.051,0.0,4.051,0
2025-04-29,4.102,4.102,4.102,4.102,0.0,4.102,0
2025-04-30,4.113,4.113,4.113,4.113,0.0,4.113,0
2025-05-01,4.095,4.095,4.095,4.095,0.0,4.095,0
2025-05-02,4.1,4.1,4.1,4.1,0.0,4.1,0
2025-05-05,4.11,4.11,4.106,4.106,1.0,4.11,1
2025-05-06,4.121,4.121,4.121,4.121,0.0,4.121,0
2025-05-07,4.14,4.14,4.14,4.14,0.0,4.14,0
2025-05-08,4.156,4.156,4.156,4.156,0.0,4.156,0
2025-05-09,4.201,4.201,4.201,4.201,0.0,4.201,0
2025-05-12,4.166,4.219,4.165,4.219,2.0,4.1655,2
2025-05-13,4.203,4.203,4.203,4.203,0.0,4.203,0
2025-05-14,4.203,4.257,4.203,4.257,1.0,4.203,1
2025-05-15,4.245,4.245,4.245,4.245,0.0,4.245,0
2025-05-16,4.252,4.252,4.252,4.252,0.0,4.252,0
2025-05-19,4.225,4.225,4.225,4.225,0.0,4.225,0
2025-05-20,4.23,4.23,4.23,4.23,0.0,4.23,0
2025-05-21,4.233,4.233,4.233,4.233,0.0,4.233,0
2025-05-22,4.226,4.226,4.226,4.226,0.0,4.226,0
2025-05-23,4.248,4.248,4.248,4.248,0.0,4.248,0
2025-05-27,4.234,4.234,4.234,4.234,0.0,4.234,0
2025-05-28,4.221,4.221,4.221,4.221,0.0,4.221,0
2025-05-29,4.213,4.213,4.213,4.213,0.0,4.213,0
2025-05-30,4.216,4.216,4.216,4.216,0.0,4.216,0
2025-06-02,4.21,4.21,4.21,4.21,0.0,4.21,0
2025-06-03,4.221,4.221,4.221,4.221,0.0,4.221,0
2025-06-04,4.224,4.224,4.224,4.224,0.0,4.224,0
2025-06-05,4.2,4.2,4.2,4.2,0.0,4.2,0
2025-06-06,4.21,4.21,4.21,4.21,0.0,4.21,0
2025-06-09,4.216,4.216,4.216,4.216,0.0,4.216,0
2025-06-10,4.196,4.196,4.196,4.196,0.0,4.196,0
2025-06-11,4.2,4.217,4.2,4.217,1.0,4.2,1
2025-06-12,4.212,4.212,4.212,4.212,0.0,4.212,0
2025-06-13,4.217,4.217,4.217,4.217,0.0,4.217,0
2025-06-16,4.261,4.261,4.261,4.261,0.0,4.261,0
2025-06-17,4.321,4.321,4.321,4.321,0.0,4.321,0
2025-06-18,4.326,4.326,4.326,4.326,0.0,4.326,0
2025-06-20,4.334,4.334,4.334,4.334,0.0,4.334,0
2025-06-23,4.307,4.307,4.307,4.307,0.0,4.307,0
2025-06-24,4.291,4.291,4.291,4.291,0.0,4.291,0
2025-06-25,4.275,4.275,4.275,4.275,0.0,4.275,0
2025-06-26,4.28,4.28,4.28,4.28,0.0,4.28,0
2025-06-27,4.318,4.318,4.318,4.318,0.0,4.318,0
2025-06-30,4.314,4.314,4.314,4.314,0.0,4.314,0
2025-07-01,4.319,4.319,4.319,4.319,0.0,4.319,0
2025-07-02,4.338,4.338,4.338,4.338,0.0,4.338,0
2025-07-03,4.352,4.352,4.352,4.352,0.0,4.352,0
2025-07-07,4.3,4.343,4.3,4.343,1.0,4.3,1
2025-07-08,4.274,4.274,4.274,4.274,0.0,4.274,0
2025-07-09,4.298,4.298,4.298,4.298,0.0,4.298,0
2025-07-10,4.32,4.32,4.32,4.32,0.0,4.32,0
2025-07-11,4.303,4.303,4.303,4.303,0.0,4.303,0
2025-07-14,4.296,4.296,4.296,4.296,0.0,4.296,0
2025-07-15,4.316,4.316,4.316,4.316,0.0,4.316,0
2025-07-16,4.316,4.316,4.316,4.316,0.0,4.316,0
2025-07-17,4.311,4.311,4.311,4.311,0.0,4.311,0
2025-07-18,4.306,4.306,4.306,4.306,0.0,4.306,0
2025-07-21,4.278,4.278,4.278,4.278,0.0,4.278,0
2025-07-22,4.334,4.334,4.334,4.334,0.0,4.334,0
2025-07-23,4.33,4.33,4.33,4.33,0.0,4.33,0
2025-07-24,4.342,4.342,4.342,4.342,0.0,4.342,0
2025-07-25,4.238,4.238,4.238,4.238,0.0,4.238,0
2025-07-28,4.192,4.192,4.192,4.192,0.0,4.192,0
2025-07-29,4.21,4.21,4.21,4.21,0.0,4.21,0
2025-07-30,4.175,4.175,4.175,4.175,0.0,4.175,0
2025-07-31,4.185,4.185,4.185,4.185,0.0,4.185,0
2025-08-01,4.192,4.192,4.192,4.192,0.0,4.192,0
2025-08-04,4.209,4.209,4.209,4.209,0.0,4.209,0
2025-08-05,4.207,4.207,4.207,4.207,0.0,4.207,0
2025-08-06,4.196,4.196,4.196,4.196,0.0,4.196,0
2025-08-07,4.196,4.239,4.196,4.239,1.0,4.196,1
2025-08-08,4.263,4.263,4.263,4.263,0.0,4.263,0
2025-08-11,4.237,4.237,4.237,4.237,0.0,4.237,0
2025-08-12,4.211,4.211,4.211,4.211,0.0,4.211,0
2025-08-13,4.146,4.146,4.146,4.146,0.0,4.146,0
2025-08-14,4.146,4.146,4.146,4.146,0.0,4.146,0
2025-08-15,4.161,4.161,4.161,4.161,0.0,4.161,0
2025-08-18,4.222,4.222,4.222,4.222,0.0,4.222,0
2025-08-19,4.224,4.224,4.224,4.224,0.0,4.224,0
2025-08-20,4.233,4.233,4.233,4.233,0.0,4.233,0
2025-08-21,4.237,4.239,4.237,4.239,50.0,4.237,4
2025-08-22,4.248,4.248,4.248,4.248,0.0,4.248,0
2025-08-25,4.206,4.206,4.206,4.206,0.0,4.206,0
2025-08-26,4.255,4.255,4.255,4.255,0.0,4.255,0
2025-08-27,4.23,4.23,4.23,4.23,0.0,4.23,0
2025-08-28,4.23,4.23,4.23,4.23,0.0,4.23,0
2025-08-29,4.23,4.238,4.23,4.238,1.0,4.23,1
2025-09-02,4.224,4.224,4.224,4.224,0.0,4.224,0
2025-09-03,4.237,4.237,4.237,4.237,0.0,4.237,0
2025-09-04,4.202,4.202,4.202,4.202,0.0,4.202,0
2025-09-05,4.2,4.2,4.198,4.198,1.0,4.2,1
2025-09-08,4.169,4.169,4.169,4.169,0.0,4.169,0
2025-09-09,4.192,4.192,4.192,4.192,0.0,4.192,0
2025-09-10,4.15,4.191,4.15,4.191,1.0,4.15,1
2025-09-11,4.176,4.176,4.176,4.176,0.0,4.176,0
2025-09-12,4.186,4.186,4.186,4.186,0.0,4.186,0
2025-09-15,4.205,4.205,4.205,4.205,0.0,4.205,0
2025-09-16,4.241,4.241,4.241,4.241,0.0,4.241,0
2025-09-17,4.235,4.235,4.235,4.235,0.0,4.235,0
2025-09-18,4.23,4.234,4.23,4.234,1.0,4.23,1
2025-09-19,4.247,4.247,4.247,4.247,0.0,4.247,0
2025-09-22,4.263,4.263,4.263,4.263,0.0,4.263,0
2025-09-23,4.284,4.284,4.284,4.284,0.0,4.284,0
2025-09-24,4.301,4.301,4.301,4.301,0.0,4.301,0
2025-09-25,4.301,4.301,4.301,4.301,0.0,4.301,0
2025-09-26,4.271,4.271,4.271,4.271,0.0,4.271,0
2025-09-29,4.256,4.256,4.256,4.256,0.0,4.256,0
2025-09-30,4.231,4.231,4.231,4.231,0.0,4.231,0
2025-10-01,4.29,4.29,4.29,4.29,0.0,4.29,0
2025-10-02,4.269,4.269,4.269,4.269,0.0,4.269,0
2025-10-03,4.256,4.256,4.256,4.256,0.0,4.256,0
2025-10-06,4.243,4.243,4.243,4.243,0.0,4.243,0
2025-10-07,4.246,4.246,4.246,4.246,0.0,4.246,0
2025-10-08,4.266,4.266,4.266,4.266,0.0,4.266,0
2025-10-09,4.26,4.26,4.26,4.26,0.0,4.26,0
2025-10-10,4.266,4.266,4.266,4.266,0.0,4.266,0
2025-10-13,4.269,4.269,4.269,4.269,0.0,4.269,0
2025-10-14,4.216,4.216,4.216,4.216,0.0,4.216,0
2025-10-15,4.237,4.237,4.237,4.237,0.0,4.237,0
2025-10-16,4.234,4.234,4.234,4.234,0.0,4.234,0
2025-10-17,4.237,4.237,4.237,4.237,0.0,4.237,0
2025-10-20,4.255,4.255,4.255,4.255,0.0,4.255,0
2025-10-21,4.225,4.225,4.225,4.225,0.0,4.225,0
2025-10-22,4.228,4.228,4.228,4.228,0.0,4.228,0
2025-10-23,4.222,4.222,4.222,4.222,0.0,4.222,0
2025-10-24,4.239,4.239,4.239,4.239,0.0,4.239,0
2025-10-27,4.239,4.246,4.239,4.246,1.0,4.239,1
2025-10-28,4.228,4.228,4.228,4.228,0.0,4.228,0
2025-10-29,4.235,4.235,4.235,4.235,0.0,4.235,0
2025-10-30,4.25,4.25,4.25,4.25,0.0,4.25,0
2025-10-31,4.285,4.285,4.285,4.285,0.0,4.285,0
2025-11-03,4.283,4.283,4.283,4.283,0.0,4.283,0
2025-11-04,4.298,4.298,4.298,4.298,0.0,4.298,0
2025-11-05,4.264,4.264,4.264,4.264,0.0,4.264,0
2025-11-06,4.278,4.278,4.278,4.278,0.0,4.278,0
2025-11-07,4.29,4.29,4.29,4.29,0.0,4.29,0
2025-11-10,4.282,4.282,4.282,4.282,0.0,4.282,0
2025-11-11,4.269,4.269,4.269,4.269,0.0,4.269,0
2025-11-12,4.292,4.292,4.292,4.292,0.0,4.292,0
2025-11-13,4.29,4.313,4.29,4.313,1.0,4.29,1
2025-11-14,4.29,4.301,4.29,4.301,1.0,4.29,1
2025-11-17,4.318,4.318,4.318,4.318,0.0,4.318,0
2025-11-18,4.33,4.33,4.33,4.33,0.0,4.33,0
2025-11-19,4.333,4.333,4.333,4.333,0.0,4.333,0
2025-11-20,4.319,4.319,4.319,4.319,0.0,4.319,0
2025-11-21,4.306,4.306,4.306,4.306,0.0,4.306,0
2025-11-24,4.26,4.26,4.26,4.26,0.0,4.26,0
2025-11-25,4.266,4.266,4.266,4.266,0.0,4.266,0
2025-11-26,4.251,4.251,4.251,4.251,0.0,4.251,0
2025-11-28,4.283,4.283,4.283,4.283,0.0,4.283,0
2025-12-01,4.263,4.263,4.263,4.263,0.0,4.263,0
2025-12-02,4.272,4.272,4.272,4.272,0.0,4.272,0
2025-12-03,4.284,4.284,4.284,4.284,0.0,4.284,0
2025-12-04,4.289,4.289,4.289,4.289,0.0,4.289,0
2025-12-05,4.27,4.27,4.27,4.27,0.0,4.27,0
2025-12-08,4.259,4.259,4.259,4.259,0.0,4.259,0
2025-12-09,4.235,4.235,4.235,4.235,0.0,4.235,0
2025-12-10,4.223,4.223,4.223,4.223,0.0,4.223,0
2025-12-11,4.223,4.223,4.223,4.223,0.0,4.223,0
2025-12-12,4.178,4.178,4.178,4.178,0.0,4.178,0
2025-12-15,4.194,4.194,4.194,4.194,0.0,4.194,0
2025-12-16,4.188,4.188,4.188,4.188,0.0,4.188,0
2025-12-17,4.213,4.213,4.213,4.213,0.0,4.213,0
2025-12-18,4.213,4.213,4.164,4.164,1.0,4.213,1
2025-12-19,4.152,4.152,4.152,4.152,0.0,4.152,0
2025-12-22,4.134,4.134,4.134,4.134,0.0,4.134,0
2025-12-23,4.15,4.15,4.15,4.15,0.0,4.15,0
2025-12-24,4.126,4.126,4.126,4.126,0.0,4.126,0
2025-12-26,4.129,4.129,4.129,4.129,0.0,4.129,0
2025-12-29,4.156,4.156,4.156,4.156,0.0,4.156,0
2025-12-30,4.17,4.17,4.149,4.149,1.0,4.17,1
2025-12-31,4.158,4.158,4.158,4.158,0.0,4.158,0
2026-01-02,4.122,4.122,4.122,4.122,0.0,4.122,0
2026-01-05,4.125,4.125,4.125,4.125,0.0,4.125,0
2026-01-06,4.14,4.14,4.14,4.14,0.0,4.14,0
2026-01-07,4.136,4.136,4.136,4.136,0.0,4.136,0
2026-01-08,4.122,4.143,4.122,4.143,30.0,4.122,2
2026-01-09,4.1,4.104,4.1,4.104,1.0,4.1,1
2026-01-12,4.147,4.147,4.147,4.147,0.0,4.147,0
2026-01-13,4.155,4.155,4.155,4.155,0.0,4.155,0
2026-01-14,4.105,4.115,4.105,4.115,1.0,4.105,1
2026-01-15,4.16,4.16,4.16,4.16,0.0,4.16,0
2026-01-16,4.192,4.192,4.192,4.192,0.0,4.192,0
2026-01-20,4.207,4.207,4.207,4.207,0.0,4.207,0
2026-01-21,4.216,4.216,4.216,4.216,0.0,4.216,0
2026-01-22,4.21,4.21,4.21,4.21,0.0,4.21,0
2026-01-23,4.16,4.18,4.16,4.18,1.0,4.16,1
2026-01-26,4.18,4.18,4.18,4.18,0.0,4.18,0
2026-01-27,4.167,4.167,4.167,4.167,0.0,4.167,0
2026-01-28,4.205,4.205,4.205,4.205,0.0,4.205,0
2026-01-29,4.201,4.201,4.201,4.201,0.0,4.201,0
2026-01-30,4.201,4.201,4.197,4.197,1.0,4.201,1
2026-02-02,4.16,4.18,4.16,4.18,1.0,4.16,1
2026-02-03,4.197,4.197,4.197,4.197,0.0,4.197,0
2026-02-04,4.214,4.214,4.214,4.214,0.0,4.214,0
2026-02-05,4.252,4.252,4.252,4.252,0.0,4.252,0
2026-02-06,4.232,4.232,4.232,4.232,0.0,4.232,0
2026-02-09,4.252,4.252,4.252,4.252,0.0,4.252,0
2026-02-10,4.206,4.206,4.206,4.206,0.0,4.206,0
2026-02-11,4.253,4.253,4.253,4.253,0.0,4.253,0
2026-02-12,4.263,4.263,4.263,4.263,0.0,4.263,0
2026-02-13,4.286,4.286,4.286,4.286,0.0,4.286,0
2026-02-17,4.259,4.259,4.259,4.259,0.0,4.259,0
2026-02-18,4.247,4.247,4.247,4.247,0.0,4.247,0
2026-02-19,4.26,4.26,4.26,4.26,0.0,4.26,0
2026-02-20,4.25,4.281,4.25,4.281,75.0,4.2567,3
2026-02-23,4.251,4.251,4.251,4.251,0.0,4.251,0
2026-02-24,4.25,4.274,4.25,4.274,50.0,4.25,1
2026-02-25,4.266,4.266,4.266,4.266,0.0,4.266,0
2026-02-26,4.26,4.264,4.26,4.264,51.0,4.26,2
2026-02-27,4.253,4.253,4.253,4.253,0.0,4.253,0
2026-03-02,4.256,4.256,4.256,4.256,0.0,4.256,0
2026-03-03,4.25,4.25,4.25,4.25,0.0,4.25,0
2026-03-04,4.272,4.272,4.272,4.272,0.0,4.272,0
2026-03-05,4.292,4.292,4.292,4.292,0.0,4.292,0
2026-03-06,4.304,4.304,4.304,4.304,0.0,4.304,0
2026-03-09,4.29,4.29,4.29,4.29,0.0,4.29,0
2026-03-10,4.297,4.297,4.297,4.297,0.0,4.297,0
2026-03-11,4.31,4.31,4.303,4.303,1.0,4.31,1
2026-03-12,4.296,4.296,4.296,4.296,0.0,4.296,0
2026-03-13,4.323,4.323,4.323,4.323,0.0,4.323,0
2026-03-16,4.304,4.304,4.304,4.304,0.0,4.304,0
2026-03-17,4.284,4.284,4.284,4.284,0.0,4.284,0
2026-03-18,4.284,4.288,4.284,4.288,1.0,4.284,1
2026-03-19,4.283,4.283,4.283,4.283,0.0,4.283,0
2026-03-20,4.319,4.319,4.319,4.319,0.0,4.319,0
2026-03-23,4.309,4.309,4.309,4.309,0.0,4.309,0
2026-03-24,4.315,4.315,4.315,4.315,0.0,4.315,0
2026-03-25,4.316,4.316,4.316,4.316,0.0,4.316,0
2026-03-26,4.331,4.331,4.331,4.331,0.0,4.331,0
2026-03-27,4.344,4.344,4.344,4.344,0.0,4.344,0
2026-03-30,4.326,4.326,4.326,4.326,0.0,4.326,0
2026-03-31,4.294,4.294,4.294,4.294,0.0,4.294,0
2026-04-01,4.317,4.317,4.317,4.317,0.0,4.317,0
2026-04-02,4.339,4.339,4.339,4.339,0.0,4.339,0
2026-04-06,4.369,4.369,4.369,4.369,0.0,4.369,0
2026-04-07,4.399,4.399,4.399,4.399,0.0,4.399,0
2026-04-08,4.325,4.325,4.325,4.325,0.0,4.325,0
2026-04-09,4.34,4.34,4.322,4.322,1.0,4.34,1
2026-04-10,4.308,4.308,4.308,4.308,0.0,4.308,0
2026-04-13,4.308,4.315,4.308,4.315,1.0,4.308,1
2026-04-14,4.309,4.309,4.309,4.309,0.0,4.309,0
2026-04-15,4.329,4.329,4.329,4.329,0.0,4.329,0
2026-04-16,4.328,4.328,4.328,4.328,0.0,4.328,0
2026-04-17,4.368,4.368,4.368,4.368,0.0,4.368,0
2026-04-20,4.36,4.36,4.36,4.36,0.0,4.36,0
2026-04-21,4.358,4.358,4.358,4.358,0.0,4.358,0
2026-04-22,4.369,4.369,4.369,4.369,0.0,4.369,0
2026-04-23,4.386,4.386,4.386,4.386,0.0,4.386,0
2026-04-24,4.37,4.37,4.37,4.37,0.0,4.37,0
2026-04-27,4.388,4.388,4.388,4.388,0.0,4.388,0
2026-04-28,4.368,4.368,4.368,4.368,0.0,4.368,0
2026-04-29,4.365,4.393,4.365,4.393,1.0,4.365,1
2026-04-30,4.389,4.389,4.389,4.389,0.0,4.389,0
2026-05-01,4.387,4.387,4.387,4.387,0.0,4.387,0
2026-05-04,4.408,4.408,4.408,4.408,0.0,4.408,0
2026-05-05,4.405,4.405,4.405,4.405,0.0,4.405,0
2026-05-06,4.385,4.385,4.385,4.385,0.0,4.385,0
2026-05-07,4.387,4.387,4.387,4.387,0.0,4.387,0
2026-05-08,4.387,4.387,4.387,4.387,0.0,4.387,0
2026-05-11,4.387,4.387,4.38,4.38,1.0,4.387,1
2026-05-12,4.375,4.375,4.375,4.375,0.0,4.375,0
2026-05-13,4.38,4.384,4.38,4.384,1.0,4.38,1
2026-05-14,4.395,4.395,4.395,4.395,0.0,4.395,0
2026-05-15,4.39,4.39,4.39,4.39,0.0,4.39,0
2026-05-18,4.401,4.401,4.401,4.401,0.0,4.401,0
2026-05-19,4.401,4.401,4.398,4.398,1.0,4.401,1
2026-05-20,4.397,4.397,4.397,4.397,0.0,4.397,0
2026-05-21,4.39,4.39,4.39,4.39,0.0,4.39,0
2026-05-22,4.386,4.386,4.386,4.386,0.0,4.386,0
2026-05-26,4.368,4.368,4.368,4.368,0.0,4.368,0
2026-05-27,4.373,4.373,4.373,4.373,0.0,4.373,0
2026-05-28,4.377,4.377,4.377,4.377,0.0,4.377,0
2026-05-29,4.373,4.373,4.373,4.373,0.0,4.373,0
2026-06-01,4.376,4.376,4.376,4.376,0.0,4.376,0
2026-06-02,4.376,4.376,4.358,4.358,1.0,4.376,1
2026-06-03,4.36,4.36,4.36,4.36,0.0,4.36,0
2026-06-04,4.352,4.352,4.352,4.352,0.0,4.352,0
2026-06-05,4.35,4.35,4.343,4.343,8.0,4.35,2
2026-06-08,4.344,4.344,4.344,4.344,0.0,4.344,0
2026-06-09,4.339,4.339,4.339,4.339,0.0,4.339,0
2026-06-10,4.341,4.341,4.341,4.341,0.0,4.341,0
2026-06-11,4.335,4.335,4.335,4.335,0.0,4.335,0
2026-06-12,4.328,4.328,4.328,4.328,0.0,4.328,0
2026-06-15,4.325,4.325,4.325,4.325,0.0,4.325,0
2026-06-16,4.319,4.319,4.319,4.319,0.0,4.319,0
2026-06-17,4.333,4.333,4.333,4.333,0.0,4.333,0
2026-06-18,4.325,4.325,4.306,4.306,1.0,4.325,1
2026-06-22,4.317,4.317,4.317,4.317,0.0,4.317,0
2026-06-23,4.296,4.296,4.296,4.296,0.0,4.296,0
2026-06-24,4.304,4.304,4.304,4.304,0.0,4.304,0
2026-06-25,4.295,4.295,4.292,4.292,1.0,4.295,1
2026-06-26,4.283,4.283,4.283,4.283,0.0,4.283,0
2026-06-29,4.285,4.285,4.285,4.285,0.0,4.285,0
2026-06-30,4.26,4.26,4.26,4.26,0.0,4.26,0
2026-07-01,4.234,4.234,4.234,4.234,0.0,4.234,0
2026-07-02,4.238,4.238,4.238,4.238,0.0,4.238,0
2026-07-06,4.249,4.249,4.249,4.249,0.0,4.249,0
2026-07-07,4.266,4.266,4.266,4.266,0.0,4.266,0
2026-07-08,4.26,4.26,4.26,4.26,1.0,4.26,1
2026-07-09,4.249,4.249,4.244,4.244,1.0,4.249,1
2026-07-10,4.244,4.244,4.244,4.244,0.0,4.244,0
2026-07-13,4.251,4.251,4.251,4.251,0.0,4.251,0
2026-07-14,4.258,4.258,4.258,4.258,0.0,4.258,0
2026-07-15,4.261,4.261,4.261,4.261,0.0,4.261,0
2026-07-16,4.24,4.24,4.24,4.24,0.0,4.24,0
2026-07-17,4.264,4.264,4.264,4.264,0.0,4.264,0
2026-07-20,4.257,4.257,4.257,4.257,0.0,4.257,0
2026-07-21,4.269,4.269,4.269,4.269,0.0,4.269,0
2026-07-22,4.295,4.295,4.295,4.295,0.0,4.295,0
2026-07-23,4.327,4.327,4.327,4.327,0.0,4.327,0
2026-07-24,4.328,4.328,4.328,4.328,0.0,4.328,0
2026-07-27,4.334,4.334,4.334,4.334,0.0,4.334,0
2026-07-28,4.326,4.326,4.326,4.326,0.0,4.326,0
2026-07-29,4.331,4.334,4.331,4.334,1.0,4.331,1
2026-07-30,4.325,4.33,4.323,4.33,15.0,4.3231,2
2026-07-31,4.346,4.346,4.346,4.346,0.0,4.346,0
2026-08-03,4.353,4.353,4.353,4.353,0.0,4.353,0
2026-08-04,4.348,4.348,4.348,4.348,0.0,4.348,0
2026-08-05,4.334,4.334,4.334,4.334,0.0,4.334,0
2026-08-06,4.319,4.319,4.319,4.319,0.0,4.319,0
2026-08-07,4.317,4.317,4.317,4.317,0.0,4.317,0
2026-08-10,4.322,4.322,4.322,4.322,0.0,4.322,0
2026-08-11,4.334,4.334,4.334,4.334,0.0,4.334,0
2026-08-12,4.334,4.334,4.334,4.334,0.0,4.334,0
2026-08-13,4.335,4.335,4.335,4.335,0.0,4.335,0
2026-08-14,4.318,4.318,4.318,4.318,0.0,4.318,0
