date,open,high,low,close,volume,average,barCount
2017-03-14,3.44,3.44,3.44,3.44,0.0,3.44,0
2017-03-15,3.46,3.46,3.46,3.46,0.0,3.46,0
2017-03-16,3.476,3.476,3.476,3.476,0.0,3.476,0
2017-03-17,3.481,3.481,3.481,3.481,0.0,3.481,0
2017-03-20,3.483,3.483,3.483,3.483,0.0,3.483,0
2017-03-21,3.493,3.493,3.493,3.493,0.0,3.493,0
2017-03-22,3.495,3.495,3.495,3.495,0.0,3.495,0
2017-03-23,3.49,3.49,3.49,3.49,0.0,3.49,0
2017-03-24,3.454,3.454,3.454,3.454,0.0,3.454,0
2017-03-27,3.444,3.444,3.444,3.444,0.0,3.444,0
2017-03-28,3.435,3.435,3.435,3.435,0.0,3.435,0
2017-03-29,3.443,3.443,3.443,3.443,0.0,3.443,0
2017-03-30,3.446,3.446,3.446,3.446,0.0,3.446,0
2017-03-31,3.463,3.463,3.463,3.463,0.0,3.463,0
2017-04-03,3.47,3.47,3.47,3.47,0.0,3.47,0
2017-04-04,3.483,3.483,3.483,3.483,0.0,3.483,0
2017-04-05,3.5,3.5,3.5,3.5,0.0,3.5,0
2017-04-06,3.48,3.48,3.48,3.48,0.0,3.48,0
2017-04-07,3.494,3.494,3.494,3.494,0.0,3.494,0
2017-04-10,3.503,3.503,3.503,3.503,0.0,3.503,0
2017-04-11,3.534,3.534,3.534,3.534,0.0,3.534,0
2017-04-12,3.535,3.535,3.535,3.535,0.0,3.535,0
2017-04-13,3.546,3.546,3.546,3.546,0.0,3.546,0
2017-04-17,3.529,3.529,3.529,3.529,0.0,3.529,0
2017-04-18,3.559,3.559,3.559,3.559,0.0,3.559,0
2017-04-19,3.57,3.57,3.57,3.57,0.0,3.57,0
2017-04-20,3.604,3.604,3.604,3.604,0.0,3.604,0
2017-04-21,3.605,3.605,3.605,3.605,0.0,3.605,0
2017-04-24,3.564,3.564,3.564,3.564,0.0,3.564,0
2017-04-25,3.564,3.564,3.564,3.564,0.0,3.564,0
2017-04-26,3.555,3.555,3.555,3.555,0.0,3.555,0
2017-04-27,3.546,3.546,3.546,3.546,0.0,3.546,0
2017-04-28,3.572,3.572,3.572,3.572,0.0,3.572,0
2017-05-01,3.547,3.547,3.547,3.547,0.0,3.547,0
2017-05-02,3.548,3.548,3.548,3.548,0.0,3.548,0
2017-05-03,3.567,3.567,3.567,3.567,0.0,3.567,0
2017-05-04,3.61,3.61,3.61,3.61,0.0,3.61,0
2017-05-05,3.61,3.61,3.61,3.61,0.0,3.61,0
2017-05-08,3.601,3.601,3.601,3.601,0.0,3.601,0
2017-05-09,3.604,3.604,3.604,3.604,0.0,3.604,0
2017-05-10,3.605,3.605,3.605,3.605,0.0,3.605,0
2017-05-11,3.639,3.639,3.639,3.639,0.0,3.639,0
2017-05-12,3.643,3.643,3.643,3.643,0.0,3.643,0
2017-05-15,3.648,3.648,3.648,3.648,0.0,3.648,0
2017-05-16,3.665,3.665,3.665,3.665,0.0,3.665,0
2017-05-17,3.661,3.661,3.661,3.661,0.0,3.661,0
2017-05-18,3.648,3.648,3.648,3.648,0.0,3.648,0
2017-05-19,3.638,3.638,3.638,3.638,0.0,3.638,0
2017-05-22,3.64,3.64,3.64,3.64,0.0,3.64,0
2017-05-23,3.707,3.707,3.707,3.707,0.0,3.707,0
2017-05-24,3.709,3.709,3.709,3.709,0.0,3.709,0
2017-05-25,3.699,3.699,3.699,3.699,0.0,3.699,0
2017-05-26,3.684,3.684,3.684,3.684,0.0,3.684,0
2017-05-30,3.651,3.651,3.651,3.651,0.0,3.651,0
2017-05-31,3.647,3.647,3.647,3.647,0.0,3.647,0
2017-06-01,3.649,3.649,3.649,3.649,0.0,3.649,0
2017-06-02,3.639,3.639,3.639,3.639,0.0,3.639,0
2017-06-05,3.609,3.609,3.609,3.609,0.0,3.609,0
2017-06-06,3.551,3.551,3.551,3.551,0.0,3.551,0
2017-06-07,3.562,3.562,3.562,3.562,0.0,3.562,0
2017-06-08,3.58,3.58,3.58,3.58,0.0,3.58,0
2017-06-09,3.577,3.577,3.577,3.577,0.0,3.577,0
2017-06-12,3.579,3.579,3.579,3.579,0.0,3.579,0
2017-06-13,3.576,3.576,3.576,3.576,0.0,3.576,0
2017-06-14,3.565,3.565,3.565,3.565,0.0,3.565,0
2017-06-15,3.593,3.593,3.593,3.593,0.0,3.593,0
2017-06-16,3.582,3.582,3.582,3.582,0.0,3.582,0
2017-06-19,3.605,3.605,3.605,3.605,0.0,3.605,0
2017-06-20,3.644,3.644,3.644,3.644,0.0,3.644,0
2017-06-21,3.659,3.659,3.659,3.659,0.0,3.659,0
2017-06-22,3.653,3.653,3.653,3.653,0.0,3.653,0
2017-06-23,3.64,3.64,3.64,3.64,0.0,3.64,0
2017-06-26,3.617,3.617,3.617,3.617,0.0,3.617,0
2017-06-27,3.62,3.62,3.62,3.62,0.0,3.62,0
2017-06-28,3.61,3.61,3.61,3.61,0.0,3.61,0
2017-06-29,3.611,3.611,3.611,3.611,0.0,3.611,0
2017-06-30,3.629,3.629,3.629,3.629,0.0,3.629,0
2017-07-03,3.634,3.634,3.634,3.634,0.0,3.634,0
2017-07-05,3.619,3.619,3.619,3.619,0.0,3.619,0
2017-07-06,3.567,3.567,3.567,3.567,0.0,3.567,0
2017-07-07,3.562,3.562,3.562,3.562,0.0,3.562,0
2017-07-10,3.549,3.549,3.549,3.549,0.0,3.549,0
2017-07-11,3.546,3.546,3.546,3.546,0.0,3.546,0
2017-07-12,3.532,3.532,3.532,3.532,0.0,3.532,0
2017-07-13,3.545,3.545,3.545,3.545,0.0,3.545,0
2017-07-14,3.548,3.548,3.548,3.548,0.0,3.548,0
2017-07-17,3.541,3.541,3.541,3.541,0.0,3.541,0
2017-07-18,3.538,3.538,3.538,3.538,0.0,3.538,0
2017-07-19,3.523,3.523,3.523,3.523,0.0,3.523,0
2017-07-20,3.504,3.504,3.504,3.504,0.0,3.504,0
2017-07-21,3.505,3.505,3.505,3.505,0.0,3.505,0
2017-07-24,3.482,3.482,3.482,3.482,0.0,3.482,0
2017-07-25,3.457,3.457,3.457,3.457,0.0,3.457,0
2017-07-26,3.45,3.45,3.45,3.45,0.0,3.45,0
2017-07-27,3.451,3.451,3.451,3.451,0.0,3.451,0
2017-07-28,3.466,3.466,3.466,3.466,0.0,3.466,0
2017-07-31,3.442,3.442,3.442,3.442,0.0,3.442,0
2017-08-01,3.464,3.464,3.464,3.464,0.0,3.464,0
2017-08-02,3.473,3.473,3.473,3.473,0.0,3.473,0
2017-08-03,3.496,3.496,3.496,3.496,0.0,3.496,0
2017-08-04,3.506,3.506,3.506,3.506,0.0,3.506,0
2017-08-07,3.505,3.505,3.505,3.505,0.0,3.505,0
2017-08-08,3.487,3.487,3.487,3.487,0.0,3.487,0
2017-08-09,3.481,3.481,3.481,3.481,0.0,3.481,0
2017-08-10,3.478,3.478,3.478,3.478,0.0,3.478,0
2017-08-11,3.482,3.482,3.482,3.482,0.0,3.482,0
2017-08-14,3.478,3.478,3.478,3.478,0.0,3.478,0
2017-08-15,3.476,3.476,3.476,3.476,0.0,3.476,0
2017-08-16,3.466,3.466,3.466,3.466,0.0,3.466,0
2017-08-17,3.465,3.465,3.465,3.465,0.0,3.465,0
2017-08-18,3.465,3.465,3.465,3.465,0.0,3.465,0
2017-08-21,3.455,3.455,3.455,3.455,0.0,3.455,0
2017-08-22,3.447,3.447,3.447,3.447,0.0,3.447,0
2017-08-23,3.444,3.444,3.444,3.444,0.0,3.444,0
2017-08-24,3.394,3.394,3.394,3.394,0.0,3.394,0
2017-08-25,3.381,3.381,3.381,3.381,0.0,3.381,0
2017-08-28,3.394,3.394,3.394,3.394,0.0,3.394,0
2017-08-29,3.396,3.396,3.396,3.396,0.0,3.396,0
2017-08-30,3.397,3.397,3.397,3.397,0.0,3.397,0
2017-08-31,3.405,3.405,3.405,3.405,0.0,3.405,0
2017-09-01,3.406,3.406,3.406,3.406,0.0,3.406,0
2017-09-05,3.402,3.402,3.402,3.402,0.0,3.402,0
2017-09-06,3.363,3.363,3.363,3.363,0.0,3.363,0
2017-09-07,3.397,3.397,3.397,3.397,0.0,3.397,0
2017-09-08,3.401,3.401,3.401,3.401,0.0,3.401,0
2017-09-11,3.412,3.412,3.412,3.412,0.0,3.412,0
2017-09-12,3.389,3.389,3.389,3.389,0.0,3.389,0
2017-09-13,3.375,3.375,3.375,3.375,0.0,3.375,0
2017-09-14,3.363,3.363,3.363,3.363,0.0,3.363,0
2017-09-15,3.368,3.368,3.368,3.368,0.0,3.368,0
2017-09-18,3.363,3.363,3.363,3.363,0.0,3.363,0
2017-09-19,3.353,3.353,3.353,3.353,0.0,3.353,0
2017-09-20,3.343,3.343,3.343,3.343,0.0,3.343,0
2017-09-21,3.334,3.334,3.334,3.334,0.0,3.334,0
2017-09-22,3.348,3.348,3.348,3.348,0.0,3.348,0
2017-09-25,3.331,3.331,3.331,3.331,0.0,3.331,0
2017-09-26,3.341,3.341,3.341,3.341,0.0,3.341,0
2017-09-27,3.352,3.352,3.352,3.352,0.0,3.352,0
2017-09-28,3.351,3.351,3.351,3.351,0.0,3.351,0
2017-09-29,3.348,3.348,3.348,3.348,0.0,3.348,0
2017-10-02,3.361,3.361,3.361,3.361,0.0,3.361,0
2017-10-03,3.37,3.37,3.37,3.37,0.0,3.37,0
2017-10-04,3.369,3.369,3.369,3.369,0.0,3.369,0
2017-10-05,3.378,3.378,3.378,3.378,0.0,3.378,0
2017-10-06,3.37,3.37,3.37,3.37,0.0,3.37,0
2017-10-09,3.38,3.38,3.38,3.38,0.0,3.38,0
2017-10-10,3.37,3.37,3.37,3.37,0.0,3.37,0
2017-10-11,3.386,3.386,3.386,3.386,0.0,3.386,0
2017-10-12,3.43,3.43,3.43,3.43,0.0,3.43,0
2017-10-13,3.43,3.43,3.43,3.43,0.0,3.43,0
2017-10-16,3.458,3.458,3.458,3.458,0.0,3.458,0
2017-10-17,3.505,3.505,3.505,3.505,0.0,3.505,0
2017-10-18,3.509,3.509,3.509,3.509,0.0,3.509,0
2017-10-19,3.531,3.531,3.531,3.531,0.0,3.531,0
2017-10-20,3.571,3.571,3.571,3.571,0.0,3.571,0
2017-10-23,3.551,3.551,3.551,3.551,0.0,3.551,0
2017-10-24,3.55,3.55,3.55,3.55,0.0,3.55,0
2017-10-25,3.551,3.551,3.551,3.551,0.0,3.551,0
2017-10-26,3.544,3.544,3.544,3.544,0.0,3.544,0
2017-10-27,3.524,3.524,3.524,3.524,0.0,3.524,0
2017-10-30,3.559,3.559,3.559,3.559,0.0,3.559,0
2017-10-31,3.57,3.57,3.57,3.57,0.0,3.57,0
2017-11-01,3.58,3.58,3.58,3.58,0.0,3.58,0
2017-11-02,3.562,3.562,3.562,3.562,0.0,3.562,0
2017-11-03,3.559,3.559,3.559,3.559,0.0,3.559,0
2017-11-06,3.554,3.554,3.554,3.554,0.0,3.554,0
2017-11-07,3.553,3.553,3.553,3.553,0.0,3.553,0
2017-11-08,3.551,3.551,3.551,3.551,0.0,3.551,0
2017-11-09,3.561,3.561,3.561,3.561,0.0,3.561,0
2017-11-10,3.541,3.541,3.541,3.541,0.0,3.541,0
2017-11-13,3.527,3.527,3.527,3.527,0.0,3.527,0
2017-11-14,3.517,3.517,3.517,3.517,0.0,3.517,0
2017-11-15,3.509,3.509,3.509,3.509,0.0,3.509,0
2017-11-16,3.513,3.513,3.513,3.513,0.0,3.513,0
2017-11-17,3.507,3.507,3.507,3.507,0.0,3.507,0
2017-11-20,3.5,3.5,3.5,3.5,0.0,3.5,0
2017-11-21,3.498,3.498,3.498,3.498,0.0,3.498,0
2017-11-22,3.485,3.485,3.485,3.485,0.0,3.485,0
2017-11-24,3.488,3.488,3.488,3.488,0.0,3.488,0
2017-11-27,3.491,3.491,3.491,3.491,0.0,3.491,0
2017-11-28,3.491,3.491,3.491,3.491,0.0,3.491,0
2017-11-29,3.497,3.497,3.497,3.497,0.0,3.497,0
2017-11-30,3.497,3.497,3.497,3.497,0.0,3.497,0
2017-12-01,3.453,3.453,3.453,3.453,0.0,3.453,0
2017-12-04,3.439,3.439,3.439,3.439,0.0,3.439,0
2017-12-05,3.427,3.427,3.427,3.427,0.0,3.427,0
2017-12-06,3.409,3.409,3.409,3.409,0.0,3.409,0
2017-12-07,3.415,3.415,3.415,3.415,0.0,3.415,0
2017-12-08,3.41,3.41,3.41,3.41,0.0,3.41,0
2017-12-11,3.403,3.403,3.403,3.403,0.0,3.403,0
2017-12-12,3.413,3.413,3.413,3.413,0.0,3.413,0
2017-12-13,3.429,3.429,3.429,3.429,0.0,3.429,0
2017-12-14,3.44,3.44,3.44,3.44,0.0,3.44,0
2017-12-15,3.448,3.448,3.448,3.448,0.0,3.448,0
2017-12-18,3.468,3.468,3.468,3.468,0.0,3.468,0
2017-12-19,3.47,3.47,3.47,3.47,0.0,3.47,0
2017-12-20,3.456,3.456,3.456,3.456,0.0,3.456,0
2017-12-21,3.473,3.473,3.473,3.473,0.0,3.473,0
2017-12-22,3.496,3.496,3.496,3.496,0.0,3.496,0
2017-12-26,3.497,3.497,3.497,3.497,0.0,3.497,0
2017-12-27,3.47,3.47,3.47,3.47,0.0,3.47,0
2017-12-28,3.408,3.408,3.408,3.408,0.0,3.408,0
2017-12-29,3.392,3.392,3.392,3.392,0.0,3.392,0
2018-01-02,3.385,3.385,3.385,3.385,0.0,3.385,0
2018-01-03,3.386,3.386,3.386,3.386,0.0,3.386,0
2018-01-04,3.418,3.418,3.418,3.418,0.0,3.418,0
2018-01-05,3.412,3.412,3.412,3.412,0.0,3.412,0
2018-01-08,3.407,3.407,3.407,3.407,0.0,3.407,0
2018-01-09,3.392,3.392,3.392,3.392,0.0,3.392,0
2018-01-10,3.385,3.385,3.385,3.385,0.0,3.385,0
2018-01-11,3.402,3.402,3.402,3.402,0.0,3.402,0
2018-01-12,3.389,3.389,3.389,3.389,0.0,3.389,0
2018-01-16,3.352,3.352,3.352,3.352,0.0,3.352,0
2018-01-17,3.346,3.346,3.346,3.346,0.0,3.346,0
2018-01-18,3.344,3.344,3.344,3.344,0.0,3.344,0
2018-01-19,3.354,3.354,3.354,3.354,0.0,3.354,0
2018-01-22,3.373,3.373,3.373,3.373,0.0,3.373,0
2018-01-23,3.385,3.385,3.385,3.385,0.0,3.385,0
2018-01-24,3.399,3.399,3.399,3.399,0.0,3.399,0
2018-01-25,3.423,3.423,3.423,3.423,0.0,3.423,0
2018-01-26,3.389,3.389,3.389,3.389,0.0,3.389,0
2018-01-29,3.391,3.391,3.391,3.391,0.0,3.391,0
2018-01-30,3.408,3.408,3.408,3.408,0.0,3.408,0
2018-01-31,3.377,3.377,3.377,3.377,0.0,3.377,0
2018-02-01,3.37,3.37,3.37,3.37,0.0,3.37,0
2018-02-02,3.395,3.395,3.395,3.395,0.0,3.395,0
2018-02-05,3.417,3.417,3.417,3.417,0.0,3.417,0
2018-02-06,3.401,3.401,3.401,3.401,0.0,3.401,0
2018-02-07,3.379,3.379,3.379,3.379,0.0,3.379,0
2018-02-08,3.392,3.392,3.392,3.392,0.0,3.392,0
2018-02-09,3.359,3.359,3.359,3.359,0.0,3.359,0
2018-02-12,3.349,3.349,3.349,3.349,0.0,3.349,0
2018-02-13,3.336,3.336,3.336,3.336,0.0,3.336,0
2018-02-14,3.344,3.344,3.344,3.344,0.0,3.344,0
2018-02-15,3.349,3.349,3.349,3.349,0.0,3.349,0
2018-02-16,3.362,3.362,3.362,3.362,0.0,3.362,0
2018-02-20,3.365,3.365,3.365,3.365,0.0,3.365,0
2018-02-21,3.383,3.383,3.383,3.383,0.0,3.383,0
2018-02-22,3.395,3.395,3.395,3.395,0.0,3.395,0
2018-02-23,3.387,3.387,3.387,3.387,0.0,3.387,0
2018-02-26,3.383,3.383,3.383,3.383,0.0,3.383,0
2018-02-27,3.386,3.386,3.386,3.386,0.0,3.386,0
2018-02-28,3.361,3.361,3.361,3.361,0.0,3.361,0
2018-03-01,3.4,3.4,3.4,3.4,0.0,3.4,0
2018-03-02,3.417,3.417,3.417,3.417,0.0,3.417,0
2018-03-05,3.435,3.435,3.435,3.435,0.0,3.435,0
2018-03-06,3.432,3.432,3.432,3.432,0.0,3.432,0
2018-03-07,3.425,3.425,3.425,3.425,0.0,3.425,0
2018-03-08,3.387,3.387,3.387,3.387,0.0,3.387,0
2018-03-09,3.348,3.348,3.348,3.348,0.0,3.348,0
2018-03-12,3.354,3.354,3.354,3.354,0.0,3.354,0
2018-03-13,3.361,3.361,3.361,3.361,0.0,3.361,0
2018-03-14,3.381,3.381,3.381,3.381,0.0,3.381,0
2018-03-15,3.439,3.439,3.439,3.439,0.0,3.439,0
2018-03-16,3.449,3.449,3.449,3.449,0.0,3.449,0
2018-03-19,3.439,3.439,3.439,3.439,0.0,3.439,0
2018-03-20,3.444,3.444,3.444,3.444,0.0,3.444,0
2018-03-21,3.452,3.452,3.452,3.452,0.0,3.452,0
2018-03-22,3.44,3.44,3.44,3.44,0.0,3.44,0
2018-03-23,3.362,3.362,3.362,3.362,0.0,3.362,0
2018-03-26,3.39,3.39,3.39,3.39,0.0,3.39,0
2018-03-27,3.394,3.394,3.394,3.394,0.0,3.394,0
2018-03-28,3.423,3.423,3.423,3.423,0.0,3.423,0
2018-03-29,3.461,3.461,3.461,3.461,0.0,3.461,0
2018-04-02,3.443,3.443,3.443,3.443,0.0,3.443,0
2018-04-03,3.421,3.421,3.421,3.421,0.0,3.421,0
2018-04-04,3.395,3.395,3.395,3.395,0.0,3.395,0
2018-04-05,3.411,3.411,3.411,3.411,0.0,3.411,0
2018-04-06,3.405,3.405,3.405,3.405,0.0,3.405,0
2018-04-09,3.389,3.389,3.389,3.389,0.0,3.389,0
2018-04-10,3.398,3.398,3.398,3.398,0.0,3.398,0
2018-04-11,3.406,3.406,3.406,3.406,0.0,3.406,0
2018-04-12,3.429,3.429,3.429,3.429,0.0,3.429,0
2018-04-13,3.422,3.422,3.422,3.422,0.0,3.422,0
2018-04-16,3.424,3.424,3.424,3.424,0.0,3.424,0
2018-04-17,3.386,3.386,3.386,3.386,0.0,3.386,0
2018-04-18,3.387,3.387,3.387,3.387,0.0,3.387,0
2018-04-19,3.389,3.389,3.389,3.389,0.0,3.389,0
2018-04-20,3.397,3.397,3.397,3.397,0.0,3.397,0
2018-04-23,3.398,3.398,3.398,3.398,0.0,3.398,0
2018-04-24,3.396,3.396,3.396,3.396,0.0,3.396,0
2018-04-25,3.385,3.385,3.385,3.385,0.0,3.385,0
2018-04-26,3.375,3.375,3.375,3.375,0.0,3.375,0
2018-04-27,3.377,3.377,3.377,3.377,0.0,3.377,0
2018-04-30,3.371,3.371,3.371,3.371,0.0,3.371,0
2018-05-01,3.351,3.351,3.351,3.351,0.0,3.351,0
2018-05-02,3.376,3.376,3.376,3.376,0.0,3.376,0
2018-05-03,3.386,3.386,3.386,3.386,0.0,3.386,0
2018-05-04,3.384,3.384,3.384,3.384,0.0,3.384,0
2018-05-07,3.382,3.382,3.382,3.382,0.0,3.382,0
2018-05-08,3.337,3.337,3.337,3.337,0.0,3.337,0
2018-05-09,3.323,3.323,3.323,3.323,0.0,3.323,0
2018-05-10,3.319,3.319,3.319,3.319,0.0,3.319,0
2018-05-11,3.322,3.322,3.322,3.322,0.0,3.322,0
2018-05-14,3.314,3.314,3.314,3.314,0.0,3.314,0
2018-05-15,3.352,3.352,3.352,3.352,0.0,3.352,0
2018-05-16,3.326,3.326,3.326,3.326,0.0,3.326,0
2018-05-17,3.333,3.333,3.333,3.333,0.0,3.333,0
2018-05-18,3.348,3.348,3.348,3.348,0.0,3.348,0
2018-05-21,3.343,3.343,3.343,3.343,0.0,3.343,0
2018-05-22,3.31,3.31,3.31,3.31,0.0,3.31,0
2018-05-23,3.287,3.287,3.287,3.287,0.0,3.287,0
2018-05-24,3.281,3.281,3.281,3.281,0.0,3.281,0
2018-05-25,3.253,3.253,3.253,3.253,0.0,3.253,0
2018-05-29,3.232,3.232,3.232,3.232,0.0,3.232,0
2018-05-30,3.243,3.243,3.243,3.243,0.0,3.243,0
2018-05-31,3.226,3.226,3.226,3.226,0.0,3.226,0
2018-06-01,3.216,3.216,3.216,3.216,0.0,3.216,0
2018-06-04,3.229,3.229,3.229,3.229,0.0,3.229,0
2018-06-05,3.244,3.244,3.244,3.244,0.0,3.244,0
2018-06-06,3.239,3.239,3.239,3.239,0.0,3.239,0
2018-06-07,3.237,3.237,3.237,3.237,0.0,3.237,0
2018-06-08,3.238,3.238,3.238,3.238,0.0,3.238,0
2018-06-11,3.237,3.237,3.237,3.237,0.0,3.237,0
2018-06-12,3.269,3.269,3.269,3.269,0.0,3.269,0
2018-06-13,3.28,3.28,3.28,3.28,0.0,3.28,0
2018-06-14,3.296,3.296,3.296,3.296,0.0,3.296,0
2018-06-15,3.301,3.301,3.301,3.301,0.0,3.301,0
2018-06-18,3.337,3.337,3.337,3.337,0.0,3.337,0
2018-06-19,3.339,3.339,3.339,3.339,0.0,3.339,0
2018-06-20,3.338,3.338,3.338,3.338,0.0,3.338,0
2018-06-21,3.316,3.316,3.316,3.316,0.0,3.316,0
2018-06-22,3.318,3.318,3.318,3.318,0.0,3.318,0
2018-06-25,3.314,3.314,3.314,3.314,0.0,3.314,0
2018-06-26,3.311,3.311,3.311,3.311,0.0,3.311,0
2018-06-27,3.314,3.314,3.314,3.314,0.0,3.314,0
2018-06-28,3.293,3.293,3.293,3.293,0.0,3.293,0
2018-06-29,3.29,3.29,3.29,3.29,0.0,3.29,0
2018-07-02,3.281,3.281,3.281,3.281,0.0,3.281,0
2018-07-03,3.278,3.278,3.278,3.278,0.0,3.278,0
2018-07-05,3.28,3.28,3.28,3.28,0.0,3.28,0
2018-07-06,3.279,3.279,3.279,3.279,0.0,3.279,0
2018-07-09,3.27,3.27,3.27,3.27,0.0,3.27,0
2018-07-10,3.274,3.274,3.274,3.274,0.0,3.274,0
2018-07-11,3.252,3.252,3.252,3.252,0.0,3.252,0
2018-07-12,3.249,3.249,3.249,3.249,0.0,3.249,0
2018-07-13,3.244,3.244,3.244,3.244,0.0,3.244,0
2018-07-16,3.217,3.217,3.217,3.217,0.0,3.217,0
2018-07-17,3.202,3.202,3.202,3.202,0.0,3.202,0
2018-07-18,3.203,3.203,3.203,3.203,0.0,3.203,0
2018-07-19,3.195,3.195,3.195,3.195,0.0,3.195,0
2018-07-20,3.201,3.201,3.201,3.201,0.0,3.201,0
2018-07-23,3.21,3.21,3.21,3.21,0.0,3.21,0
2018-07-24,3.214,3.214,3.214,3.214,0.0,3.214,0
2018-07-25,3.246,3.246,3.246,3.246,0.0,3.246,0
2018-07-26,3.242,3.242,3.242,3.242,0.0,3.242,0
2018-07-27,3.26,3.26,3.26,3.26,0.0,3.26,0
2018-07-30,3.264,3.264,3.264,3.264,0.0,3.264,0
2018-07-31,3.267,3.267,3.267,3.267,0.0,3.267,0
2018-08-01,3.237,3.237,3.237,3.237,0.0,3.237,0
2018-08-02,3.241,3.241,3.241,3.241,0.0,3.241,0
2018-08-03,3.241,3.241,3.241,3.241,0.0,3.241,0
2018-08-06,3.231,3.231,3.231,3.231,0.0,3.231,0
2018-08-07,3.276,3.276,3.276,3.276,0.0,3.276,0
2018-08-08,3.289,3.289,3.289,3.289,0.0,3.289,0
2018-08-09,3.289,3.289,3.289,3.289,0.0,3.289,0
2018-08-10,3.286,3.286,3.286,3.286,0.0,3.286,0
2018-08-13,3.287,3.287,3.287,3.287,0.0,3.287,0
2018-08-14,3.286,3.286,3.286,3.286,0.0,3.286,0
2018-08-15,3.287,3.287,3.287,3.287,0.0,3.287,0
2018-08-16,3.277,3.277,3.277,3.277,0.0,3.277,0
2018-08-17,3.279,3.279,3.279,3.279,0.0,3.279,0
2018-08-20,3.278,3.278,3.278,3.278,0.0,3.278,0
2018-08-21,3.294,3.294,3.294,3.294,0.0,3.294,0
2018-08-22,3.281,3.281,3.281,3.281,0.0,3.281,0
2018-08-23,3.278,3.278,3.278,3.278,0.0,3.278,0
2018-08-24,3.265,3.265,3.265,3.265,0.0,3.265,0
2018-08-27,3.235,3.235,3.235,3.235,0.0,3.235,0
2018-08-28,3.211,3.211,3.211,3.211,0.0,3.211,0
2018-08-29,3.215,3.215,3.215,3.215,0.0,3.215,0
2018-08-30,3.196,3.196,3.196,3.196,0.0,3.196,0
2018-08-31,3.21,3.21,3.21,3.21,0.0,3.21,0
2018-09-04,3.197,3.197,3.197,3.197,0.0,3.197,0
2018-09-05,3.202,3.202,3.202,3.202,0.0,3.202,0
2018-09-06,3.221,3.221,3.221,3.221,0.0,3.221,0
2018-09-07,3.22,3.22,3.22,3.22,0.0,3.22,0
2018-09-10,3.223,3.223,3.223,3.223,0.0,3.223,0
2018-09-11,3.22,3.22,3.22,3.22,0.0,3.22,0
2018-09-12,3.23,3.23,3.23,3.23,0.0,3.23,0
2018-09-13,3.246,3.246,3.246,3.246,0.0,3.246,0
2018-09-14,3.252,3.252,3.252,3.252,0.0,3.252,0
2018-09-17,3.256,3.256,3.256,3.256,0.0,3.256,0
2018-09-18,3.266,3.266,3.266,3.266,0.0,3.266,0
2018-09-19,3.263,3.263,3.263,3.263,0.0,3.263,0
2018-09-20,3.267,3.267,3.267,3.267,0.0,3.267,0
2018-09-21,3.265,3.265,3.265,3.265,0.0,3.265,0
2018-09-24,3.263,3.263,3.263,3.263,0.0,3.263,0
2018-09-25,3.266,3.266,3.266,3.266,0.0,3.266,0
2018-09-26,3.275,3.275,3.275,3.275,0.0,3.275,0
2018-09-27,3.276,3.276,3.276,3.276,0.0,3.276,0
2018-09-28,3.277,3.277,3.277,3.277,0.0,3.277,0
2018-10-01,3.282,3.282,3.282,3.282,0.0,3.282,0
2018-10-02,3.28,3.28,3.28,3.28,0.0,3.28,0
2018-10-03,3.279,3.279,3.279,3.279,0.0,3.279,0
2018-10-04,3.28,3.28,3.28,3.28,0.0,3.28,0
2018-10-05,3.283,3.283,3.283,3.283,0.0,3.283,0
2018-10-08,3.288,3.288,3.288,3.288,0.0,3.288,0
2018-10-09,3.283,3.283,3.283,3.283,0.0,3.283,0
2018-10-10,3.279,3.279,3.279,3.279,0.0,3.279,0
2018-10-11,3.304,3.304,3.304,3.304,0.0,3.304,0
2018-10-12,3.324,3.324,3.324,3.324,0.0,3.324,0
2018-10-15,3.323,3.323,3.323,3.323,0.0,3.323,0
2018-10-16,3.343,3.343,3.343,3.343,0.0,3.343,0
2018-10-17,3.338,3.338,3.338,3.338,0.0,3.338,0
2018-10-18,3.337,3.337,3.337,3.337,0.0,3.337,0
2018-10-19,3.334,3.334,3.334,3.334,0.0,3.334,0
2018-10-22,3.335,3.335,3.335,3.335,0.0,3.335,0
2018-10-23,3.334,3.334,3.334,3.334,0.0,3.334,0
2018-10-24,3.331,3.331,3.331,3.331,0.0,3.331,0
2018-10-25,3.321,3.321,3.321,3.321,0.0,3.321,0
2018-10-26,3.323,3.323,3.323,3.323,0.0,3.323,0
2018-10-29,3.324,3.324,3.324,3.324,0.0,3.324,0
2018-10-30,3.342,3.342,3.342,3.342,0.0,3.342,0
2018-10-31,3.341,3.341,3.341,3.341,0.0,3.341,0
2018-11-01,3.348,3.348,3.348,3.348,0.0,3.348,0
2018-11-02,3.355,3.355,3.355,3.355,0.0,3.355,0
2018-11-05,3.369,3.369,3.369,3.369,0.0,3.369,0
2018-11-06,3.385,3.385,3.385,3.385,0.0,3.385,0
2018-11-07,3.383,3.383,3.383,3.383,0.0,3.383,0
2018-11-08,3.384,3.384,3.384,3.384,0.0,3.384,0
2018-11-09,3.387,3.387,3.387,3.387,0.0,3.387,0
2018-11-12,3.41,3.41,3.41,3.41,0.0,3.41,0
2018-11-13,3.389,3.389,3.389,3.389,0.0,3.389,0
2018-11-14,3.373,3.373,3.373,3.373,0.0,3.373,0
2018-11-15,3.388,3.388,3.388,3.388,0.0,3.388,0
2018-11-16,3.359,3.359,3.359,3.359,0.0,3.359,0
2018-11-19,3.346,3.346,3.346,3.346,0.0,3.346,0
2018-11-20,3.344,3.344,3.344,3.344,0.0,3.344,0
2018-11-21,3.342,3.342,3.342,3.342,0.0,3.342,0
2018-11-23,3.367,3.367,3.367,3.367,0.0,3.367,0
2018-11-26,3.36,3.36,3.36,3.36,0.0,3.36,0
2018-11-27,3.356,3.356,3.356,3.356,0.0,3.356,0
2018-11-28,3.357,3.357,3.357,3.357,0.0,3.357,0
2018-11-29,3.387,3.387,3.387,3.387,0.0,3.387,0
2018-11-30,3.443,3.443,3.443,3.443,0.0,3.443,0
2018-12-03,3.415,3.415,3.415,3.415,0.0,3.415,0
2018-12-04,3.401,3.401,3.401,3.401,0.0,3.401,0
2018-12-05,3.392,3.392,3.392,3.392,0.0,3.392,0
2018-12-06,3.403,3.403,3.403,3.403,0.0,3.403,0
2018-12-07,3.41,3.41,3.41,3.41,0.0,3.41,0
2018-12-10,3.411,3.411,3.411,3.411,0.0,3.411,0
2018-12-11,3.386,3.386,3.386,3.386,0.0,3.386,0
2018-12-12,3.388,3.388,3.388,3.388,0.0,3.388,0
2018-12-13,3.356,3.356,3.356,3.356,0.0,3.356,0
2018-12-14,3.366,3.366,3.366,3.366,0.0,3.366,0
2018-12-17,3.365,3.365,3.365,3.365,0.0,3.365,0
2018-12-18,3.36,3.36,3.36,3.36,0.0,3.36,0
2018-12-19,3.383,3.383,3.383,3.383,0.0,3.383,0
2018-12-20,3.398,3.398,3.398,3.398,0.0,3.398,0
2018-12-21,3.401,3.401,3.401,3.401,0.0,3.401,0
2018-12-24,3.4,3.4,3.4,3.4,0.0,3.4,0
2018-12-26,3.397,3.397,3.397,3.397,0.0,3.397,0
2018-12-27,3.395,3.395,3.395,3.395,0.0,3.395,0
2018-12-28,3.395,3.395,3.395,3.395,0.0,3.395,0
2018-12-31,3.404,3.404,3.404,3.404,0.0,3.404,0
2019-01-02,3.404,3.404,3.404,3.404,0.0,3.404,0
2019-01-03,3.393,3.393,3.393,3.393,0.0,3.393,0
2019-01-04,3.393,3.393,3.393,3.393,0.0,3.393,0
2019-01-07,3.395,3.395,3.395,3.395,0.0,3.395,0
2019-01-08,3.39,3.39,3.39,3.39,0.0,3.39,0
2019-01-09,3.391,3.391,3.391,3.391,0.0,3.391,0
2019-01-10,3.391,3.391,3.391,3.391,0.0,3.391,0
2019-01-11,3.398,3.398,3.398,3.398,0.0,3.398,0
2019-01-14,3.397,3.397,3.397,3.397,0.0,3.397,0
2019-01-15,3.389,3.389,3.389,3.389,0.0,3.389,0
2019-01-16,3.358,3.358,3.358,3.358,0.0,3.358,0
2019-01-17,3.358,3.358,3.358,3.358,0.0,3.358,0
2019-01-18,3.371,3.371,3.371,3.371,0.0,3.371,0
2019-01-22,3.384,3.384,3.384,3.384,0.0,3.384,0
2019-01-23,3.373,3.373,3.373,3.373,0.0,3.373,0
2019-01-24,3.352,3.352,3.352,3.352,0.0,3.352,0
2019-01-25,3.397,3.397,3.397,3.397,0.0,3.397,0
2019-01-28,3.381,3.381,3.381,3.381,0.0,3.381,0
2019-01-29,3.384,3.384,3.384,3.384,0.0,3.384,0
2019-01-30,3.386,3.386,3.386,3.386,0.0,3.386,0
2019-01-31,3.387,3.387,3.387,3.387,0.0,3.387,0
2019-02-01,3.388,3.388,3.388,3.388,0.0,3.388,0
2019-02-04,3.375,3.375,3.375,3.375,0.0,3.375,0
2019-02-05,3.426,3.426,3.426,3.426,0.0,3.426,0
2019-02-06,3.423,3.423,3.423,3.423,0.0,3.423,0
2019-02-07,3.419,3.419,3.419,3.419,0.0,3.419,0
2019-02-08,3.421,3.421,3.421,3.421,0.0,3.421,0
2019-02-11,3.426,3.426,3.426,3.426,0.0,3.426,0
2019-02-12,3.434,3.434,3.434,3.434,0.0,3.434,0
2019-02-13,3.432,3.432,3.432,3.432,0.0,3.432,0
2019-02-14,3.439,3.439,3.439,3.439,0.0,3.439,0
2019-02-15,3.419,3.419,3.419,3.419,0.0,3.419,0
2019-02-19,3.41,3.41,3.41,3.41,0.0,3.41,0
2019-02-20,3.422,3.422,3.422,3.422,0.0,3.422,0
2019-02-21,3.409,3.409,3.409,3.409,0.0,3.409,0
2019-02-22,3.406,3.406,3.406,3.406,0.0,3.406,0
2019-02-25,3.398,3.398,3.398,3.398,0.0,3.398,0
2019-02-26,3.38,3.38,3.38,3.38,0.0,3.38,0
2019-02-27,3.416,3.416,3.416,3.416,0.0,3.416,0
2019-02-28,3.427,3.427,3.427,3.427,0.0,3.427,0
2019-03-01,3.426,3.426,3.426,3.426,0.0,3.426,0
2019-03-04,3.422,3.422,3.422,3.422,0.0,3.422,0
2019-03-05,3.42,3.42,3.42,3.42,0.0,3.42,0
2019-03-06,3.423,3.423,3.423,3.423,0.0,3.423,0
2019-03-07,3.428,3.428,3.428,3.428,0.0,3.428,0
2019-03-08,3.428,3.428,3.428,3.428,0.0,3.428,0
2019-03-11,3.455,3.455,3.455,3.455,0.0,3.455,0
2019-03-12,3.47,3.47,3.47,3.47,0.0,3.47,0
2019-03-13,3.479,3.479,3.479,3.479,0.0,3.479,0
2019-03-14,3.487,3.487,3.487,3.487,0.0,3.487,0
2019-03-15,3.488,3.488,3.488,3.488,0.0,3.488,0
2019-03-18,3.487,3.487,3.487,3.487,0.0,3.487,0
2019-03-19,3.488,3.488,3.488,3.488,0.0,3.488,0
2019-03-20,3.486,3.486,3.486,3.486,0.0,3.486,0
2019-03-21,3.496,3.496,3.496,3.496,0.0,3.496,0
2019-03-22,3.486,3.486,3.486,3.486,0.0,3.486,0
2019-03-25,3.485,3.485,3.485,3.485,0.0,3.485,0
2019-03-26,3.487,3.487,3.487,3.487,0.0,3.487,0
2019-03-27,3.478,3.478,3.478,3.478,0.0,3.478,0
2019-03-28,3.481,3.481,3.481,3.481,0.0,3.481,0
2019-03-29,3.48,3.48,3.48,3.48,0.0,3.48,0
2019-04-01,3.479,3.479,3.479,3.479,0.0,3.479,0
2019-04-02,3.486,3.486,3.486,3.486,0.0,3.486,0
2019-04-03,3.493,3.493,3.493,3.493,0.0,3.493,0
2019-04-04,3.524,3.524,3.524,3.524,0.0,3.524,0
2019-04-05,3.492,3.492,3.492,3.492,0.0,3.492,0
2019-04-08,3.495,3.495,3.495,3.495,0.0,3.495,0
2019-04-09,3.502,3.502,3.502,3.502,0.0,3.502,0
2019-04-10,3.48,3.48,3.48,3.48,0.0,3.48,0
2019-04-11,3.478,3.478,3.478,3.478,0.0,3.478,0
2019-04-12,3.478,3.478,3.478,3.478,0.0,3.478,0
2019-04-15,3.478,3.478,3.478,3.478,0.0,3.478,0
2019-04-16,3.479,3.479,3.479,3.479,0.0,3.479,0
2019-04-17,3.469,3.469,3.469,3.469,0.0,3.469,0
2019-04-18,3.454,3.454,3.454,3.454,0.0,3.454,0
2019-04-22,3.442,3.442,3.442,3.442,0.0,3.442,0
2019-04-23,3.437,3.437,3.437,3.437,0.0,3.437,0
2019-04-24,3.447,3.447,3.447,3.447,0.0,3.447,0
2019-04-25,3.457,3.457,3.457,3.457,0.0,3.457,0
2019-04-26,3.454,3.454,3.454,3.454,0.0,3.454,0
2019-04-29,3.461,3.461,3.461,3.461,0.0,3.461,0
2019-04-30,3.466,3.466,3.466,3.466,0.0,3.466,0
2019-05-01,3.468,3.468,3.468,3.468,0.0,3.468,0
2019-05-02,3.465,3.465,3.465,3.465,0.0,3.465,0
2019-05-03,3.478,3.478,3.478,3.478,0.0,3.478,0
2019-05-06,3.481,3.481,3.481,3.481,0.0,3.481,0
2019-05-07,3.481,3.481,3.481,3.481,0.0,3.481,0
2019-05-08,3.475,3.475,3.475,3.475,0.0,3.475,0
2019-05-09,3.482,3.482,3.482,3.482,0.0,3.482,0
2019-05-10,3.473,3.473,3.473,3.473,0.0,3.473,0
2019-05-13,3.476,3.476,3.476,3.476,0.0,3.476,0
2019-05-14,3.487,3.487,3.487,3.487,0.0,3.487,0
2019-05-15,3.505,3.505,3.505,3.505,0.0,3.505,0
2019-05-16,3.501,3.501,3.501,3.501,0.0,3.501,0
2019-05-17,3.505,3.505,3.505,3.505,0.0,3.505,0
2019-05-20,3.51,3.51,3.51,3.51,0.0,3.51,0
2019-05-21,3.513,3.513,3.513,3.513,0.0,3.513,0
2019-05-22,3.451,3.451,3.451,3.451,0.0,3.451,0
2019-05-23,3.463,3.463,3.463,3.463,0.0,3.463,0
2019-05-24,3.473,3.473,3.473,3.473,0.0,3.473,0
2019-05-28,3.514,3.514,3.514,3.514,0.0,3.514,0
2019-05-29,3.495,3.495,3.495,3.495,0.0,3.495,0
2019-05-30,3.493,3.493,3.493,3.493,0.0,3.493,0
2019-05-31,3.491,3.491,3.491,3.491,0.0,3.491,0
2019-06-03,3.479,3.479,3.479,3.479,0.0,3.479,0
2019-06-04,3.472,3.472,3.472,3.472,0.0,3.472,0
2019-06-05,3.476,3.476,3.476,3.476,0.0,3.476,0
2019-06-06,3.486,3.486,3.486,3.486,0.0,3.486,0
2019-06-07,3.487,3.487,3.487,3.487,0.0,3.487,0
2019-06-10,3.476,3.476,3.476,3.476,0.0,3.476,0
2019-06-11,3.476,3.476,3.476,3.476,0.0,3.476,0
2019-06-12,3.473,3.473,3.473,3.473,0.0,3.473,0
2019-06-13,3.474,3.474,3.474,3.474,0.0,3.474,0
2019-06-14,3.479,3.479,3.479,3.479,0.0,3.479,0
2019-06-17,3.482,3.482,3.482,3.482,0.0,3.482,0
2019-06-18,3.465,3.465,3.465,3.465,0.0,3.465,0
2019-06-19,3.466,3.466,3.466,3.466,0.0,3.466,0
2019-06-20,3.47,3.47,3.47,3.47,0.0,3.47,0
2019-06-21,3.485,3.485,3.485,3.485,0.0,3.485,0
2019-06-24,3.485,3.485,3.485,3.485,0.0,3.485,0
2019-06-25,3.484,3.484,3.484,3.484,0.0,3.484,0
2019-06-26,3.476,3.476,3.476,3.476,0.0,3.476,0
2019-06-27,3.472,3.472,3.472,3.472,0.0,3.472,0
2019-06-28,3.444,3.444,3.444,3.444,0.0,3.444,0
2019-07-01,3.437,3.437,3.437,3.437,0.0,3.437,0
2019-07-02,3.446,3.446,3.446,3.446,0.0,3.446,0
2019-07-03,3.445,3.445,3.445,3.445,0.0,3.445,0
2019-07-05,3.471,3.471,3.471,3.471,0.0,3.471,0
2019-07-08,3.467,3.467,3.467,3.467,0.0,3.467,0
2019-07-09,3.506,3.506,3.506,3.506,0.0,3.506,0
2019-07-10,3.498,3.498,3.498,3.498,0.0,3.498,0
2019-07-11,3.506,3.506,3.506,3.506,0.0,3.506,0
2019-07-12,3.514,3.514,3.514,3.514,0.0,3.514,0
2019-07-15,3.519,3.519,3.519,3.519,0.0,3.519,0
2019-07-16,3.495,3.495,3.495,3.495,0.0,3.495,0
2019-07-17,3.492,3.492,3.492,3.492,0.0,3.492,0
2019-07-18,3.511,3.511,3.511,3.511,0.0,3.511,0
2019-07-19,3.504,3.504,3.504,3.504,0.0,3.504,0
2019-07-22,3.431,3.431,3.431,3.431,0.0,3.431,0
2019-07-23,3.469,3.469,3.469,3.469,0.0,3.469,0
2019-07-24,3.462,3.462,3.462,3.462,0.0,3.462,0
2019-07-25,3.463,3.463,3.463,3.463,0.0,3.463,0
2019-07-26,3.457,3.457,3.457,3.457,0.0,3.457,0
2019-07-29,3.446,3.446,3.446,3.446,0.0,3.446,0
2019-07-30,3.449,3.449,3.449,3.449,0.0,3.449,0
2019-07-31,3.455,3.455,3.455,3.455,0.0,3.455,0
2019-08-01,3.458,3.458,3.458,3.458,0.0,3.458,0
2019-08-02,3.445,3.445,3.445,3.445,0.0,3.445,0
2019-08-05,3.443,3.443,3.443,3.443,0.0,3.443,0
2019-08-06,3.444,3.444,3.444,3.444,0.0,3.444,0
2019-08-07,3.449,3.449,3.449,3.449,0.0,3.449,0
2019-08-08,3.418,3.418,3.418,3.418,0.0,3.418,0
2019-08-09,3.407,3.407,3.407,3.407,0.0,3.407,0
2019-08-12,3.366,3.366,3.366,3.366,0.0,3.366,0
2019-08-13,3.348,3.348,3.348,3.348,0.0,3.348,0
2019-08-14,3.292,3.292,3.292,3.292,0.0,3.292,0
2019-08-15,3.292,3.292,3.292,3.292,0.0,3.292,0
2019-08-16,3.275,3.275,3.275,3.275,0.0,3.275,0
2019-08-19,3.28,3.28,3.28,3.28,0.0,3.28,0
2019-08-20,3.283,3.283,3.283,3.283,0.0,3.283,0
2019-08-21,3.288,3.288,3.288,3.288,0.0,3.288,0
2019-08-22,3.292,3.292,3.292,3.292,0.0,3.292,0
2019-08-23,3.322,3.322,3.322,3.322,0.0,3.322,0
2019-08-26,3.311,3.311,3.311,3.311,0.0,3.311,0
2019-08-27,3.331,3.331,3.331,3.331,0.0,3.331,0
2019-08-28,3.35,3.35,3.35,3.35,0.0,3.35,0
2019-08-29,3.338,3.338,3.338,3.338,0.0,3.338,0
2019-08-30,3.279,3.279,3.279,3.279,0.0,3.279,0
2019-09-03,3.293,3.293,3.293,3.293,0.0,3.293,0
2019-09-04,3.254,3.254,3.254,3.254,0.0,3.254,0
2019-09-05,3.266,3.266,3.266,3.266,0.0,3.266,0
2019-09-06,3.253,3.253,3.253,3.253,0.0,3.253,0
2019-09-09,3.224,3.224,3.224,3.224,0.0,3.224,0
2019-09-10,3.228,3.228,3.228,3.228,0.0,3.228,0
2019-09-11,3.223,3.223,3.223,3.223,0.0,3.223,0
2019-09-12,3.228,3.228,3.228,3.228,0.0,3.228,0
2019-09-13,3.193,3.193,3.193,3.193,0.0,3.193,0
2019-09-16,3.223,3.223,3.223,3.223,0.0,3.223,0
2019-09-17,3.187,3.187,3.187,3.187,0.0,3.187,0
2019-09-18,3.2,3.2,3.2,3.2,0.0,3.2,0
2019-09-19,3.194,3.194,3.194,3.194,0.0,3.194,0
2019-09-20,3.205,3.205,3.205,3.205,0.0,3.205,0
2019-09-23,3.202,3.202,3.202,3.202,0.0,3.202,0
2019-09-24,3.193,3.193,3.193,3.193,0.0,3.193,0
2019-09-25,3.192,3.192,3.192,3.192,0.0,3.192,0
2019-09-26,3.193,3.193,3.193,3.193,0.0,3.193,0
2019-09-27,3.152,3.152,3.152,3.152,0.0,3.152,0
2019-09-30,3.214,3.214,3.214,3.214,0.0,3.214,0
2019-10-01,3.163,3.163,3.163,3.163,0.0,3.163,0
2019-10-02,3.191,3.191,3.191,3.191,0.0,3.191,0
2019-10-03,3.176,3.176,3.176,3.176,0.0,3.176,0
2019-10-04,3.166,3.166,3.166,3.166,0.0,3.166,0
2019-10-07,3.17,3.17,3.17,3.17,0.0,3.17,0
2019-10-08,3.146,3.146,3.146,3.146,0.0,3.146,0
2019-10-09,3.157,3.157,3.157,3.157,0.0,3.157,0
2019-10-10,3.158,3.158,3.158,3.158,0.0,3.158,0
2019-10-11,3.169,3.169,3.169,3.169,0.0,3.169,0
2019-10-14,3.184,3.184,3.184,3.184,0.0,3.184,0
2019-10-15,3.2,3.2,3.2,3.2,0.0,3.2,0
2019-10-16,3.202,3.202,3.202,3.202,0.0,3.202,0
2019-10-17,3.199,3.199,3.199,3.199,0.0,3.199,0
2019-10-18,3.194,3.194,3.194,3.194,0.0,3.194,0
2019-10-21,3.189,3.189,3.189,3.189,0.0,3.189,0
2019-10-22,3.193,3.193,3.193,3.193,0.0,3.193,0
2019-10-23,3.187,3.187,3.187,3.187,0.0,3.187,0
2019-10-24,3.191,3.191,3.191,3.191,0.0,3.191,0
2019-10-25,3.189,3.189,3.189,3.189,0.0,3.189,0
2019-10-28,3.198,3.198,3.198,3.198,0.0,3.198,0
2019-10-29,3.214,3.214,3.214,3.214,0.0,3.214,0
2019-10-30,3.221,3.221,3.221,3.221,0.0,3.221,0
2019-10-31,3.219,3.219,3.219,3.219,0.0,3.219,0
2019-11-01,3.228,3.228,3.228,3.228,0.0,3.228,0
2019-11-04,3.164,3.164,3.164,3.164,0.0,3.164,0
2019-11-05,3.143,3.143,3.143,3.143,0.0,3.143,0
2019-11-06,3.154,3.154,3.154,3.154,0.0,3.154,0
2019-11-07,3.101,3.101,3.101,3.101,0.0,3.101,0
2019-11-08,3.108,3.108,3.108,3.108,0.0,3.108,0
2019-11-11,3.099,3.099,3.099,3.099,0.0,3.099,0
2019-11-12,3.039,3.039,3.039,3.039,0.0,3.039,0
2019-11-13,3.04,3.04,3.04,3.04,0.0,3.04,0
2019-11-14,3.027,3.027,3.027,3.027,0.0,3.027,0
2019-11-15,3.033,3.033,3.033,3.033,0.0,3.033,0
2019-11-18,3.037,3.037,3.037,3.037,0.0,3.037,0
2019-11-19,3.049,3.049,3.049,3.049,0.0,3.049,0
2019-11-20,3.061,3.061,3.061,3.061,0.0,3.061,0
2019-11-21,3.068,3.068,3.068,3.068,0.0,3.068,0
2019-11-22,3.068,3.068,3.068,3.068,0.0,3.068,0
2019-11-25,3.05,3.05,3.05,3.05,0.0,3.05,0
2019-11-26,3.044,3.044,3.044,3.044,0.0,3.044,0
2019-11-27,3.048,3.048,3.048,3.048,0.0,3.048,0
2019-11-29,3.006,3.006,3.006,3.006,0.0,3.006,0
2019-12-02,3.032,3.032,3.032,3.032,0.0,3.032,0
2019-12-03,3.041,3.041,3.041,3.041,0.0,3.041,0
2019-12-04,3.04,3.04,3.04,3.04,0.0,3.04,0
2019-12-05,3.032,3.032,3.032,3.032,0.0,3.032,0
2019-12-06,2.987,2.987,2.987,2.987,0.0,2.987,0
2019-12-09,2.959,2.959,2.959,2.959,0.0,2.959,0
2019-12-10,2.968,2.968,2.968,2.968,0.0,2.968,0
2019-12-11,2.965,2.965,2.965,2.965,0.0,2.965,0
2019-12-12,2.97,2.97,2.97,2.97,0.0,2.97,0
2019-12-13,2.953,2.953,2.953,2.953,0.0,2.953,0
2019-12-16,2.967,2.967,2.967,2.967,0.0,2.967,0
2019-12-17,2.969,2.969,2.969,2.969,0.0,2.969,0
2019-12-18,2.893,2.893,2.893,2.893,0.0,2.893,0
2019-12-19,2.833,2.833,2.833,2.833,0.0,2.833,0
2019-12-20,2.824,2.824,2.824,2.824,0.0,2.824,0
2019-12-23,2.831,2.831,2.831,2.831,0.0,2.831,0
2019-12-24,2.829,2.829,2.829,2.829,0.0,2.829,0
2019-12-26,2.817,2.817,2.817,2.817,0.0,2.817,0
2019-12-27,2.815,2.815,2.815,2.815,0.0,2.815,0
2019-12-30,2.812,2.812,2.812,2.812,0.0,2.812,0
2019-12-31,2.821,2.821,2.821,2.821,0.0,2.821,0
2020-01-02,2.816,2.816,2.816,2.816,0.0,2.816,0
2020-01-03,2.816,2.816,2.816,2.816,0.0,2.816,0
2020-01-06,2.82,2.82,2.82,2.82,0.0,2.82,0
2020-01-07,2.835,2.835,2.835,2.835,0.0,2.835,0
2020-01-08,2.838,2.838,2.838,2.838,0.0,2.838,0
2020-01-09,2.849,2.849,2.849,2.849,0.0,2.849,0
2020-01-10,2.851,2.851,2.851,2.851,0.0,2.851,0
2020-01-13,2.851,2.851,2.851,2.851,0.0,2.851,0
2020-01-14,2.85,2.85,2.85,2.85,0.0,2.85,0
2020-01-15,2.849,2.849,2.849,2.849,0.0,2.849,0
2020-01-16,2.856,2.856,2.856,2.856,0.0,2.856,0
2020-01-17,2.866,2.866,2.866,2.866,0.0,2.866,0
2020-01-21,2.856,2.856,2.856,2.856,0.0,2.856,0
2020-01-22,2.868,2.868,2.868,2.868,0.0,2.868,0
2020-01-23,2.86,2.86,2.86,2.86,0.0,2.86,0
2020-01-24,2.872,2.872,2.872,2.872,0.0,2.872,0
2020-01-27,2.831,2.831,2.831,2.831,0.0,2.831,0
2020-01-28,2.841,2.841,2.841,2.841,0.0,2.841,0
2020-01-29,2.826,2.826,2.826,2.826,0.0,2.826,0
2020-01-30,2.797,2.797,2.797,2.797,0.0,2.797,0
2020-01-31,2.798,2.798,2.798,2.798,0.0,2.798,0
2020-02-03,2.793,2.793,2.793,2.793,0.0,2.793,0
2020-02-04,2.789,2.789,2.789,2.789,0.0,2.789,0
2020-02-05,2.756,2.756,2.756,2.756,0.0,2.756,0
2020-02-06,2.76,2.76,2.76,2.76,0.0,2.76,0
2020-02-07,2.778,2.778,2.778,2.778,0.0,2.778,0
2020-02-10,2.77,2.77,2.77,2.77,0.0,2.77,0
2020-02-11,2.729,2.729,2.729,2.729,0.0,2.729,0
2020-02-12,2.736,2.736,2.736,2.736,0.0,2.736,0
2020-02-13,2.726,2.726,2.726,2.726,0.0,2.726,0
2020-02-14,2.742,2.742,2.742,2.742,0.0,2.742,0
2020-02-18,2.715,2.715,2.715,2.715,0.0,2.715,0
2020-02-19,2.761,2.761,2.761,2.761,0.0,2.761,0
2020-02-20,2.761,2.761,2.761,2.761,0.0,2.761,0
2020-02-21,2.791,2.791,2.791,2.791,0.0,2.791,0
2020-02-24,2.797,2.797,2.797,2.797,0.0,2.797,0
2020-02-25,2.8,2.8,2.8,2.8,0.0,2.8,0
2020-02-26,2.823,2.823,2.823,2.823,0.0,2.823,0
2020-02-27,2.813,2.813,2.813,2.813,0.0,2.813,0
2020-02-28,2.831,2.831,2.831,2.831,0.0,2.831,0
2020-03-02,2.886,2.886,2.886,2.886,0.0,2.886,0
2020-03-03,2.882,2.882,2.882,2.882,0.0,2.882,0
2020-03-04,2.871,2.871,2.871,2.871,0.0,2.871,0
2020-03-05,2.846,2.846,2.846,2.846,0.0,2.846,0
2020-03-06,2.859,2.859,2.859,2.859,0.0,2.859,0
2020-03-09,2.896,2.896,2.896,2.896,0.0,2.896,0
2020-03-10,2.896,2.896,2.896,2.896,0.0,2.896,0
2020-03-11,2.858,2.858,2.858,2.858,0.0,2.858,0
2020-03-12,2.808,2.808,2.808,2.808,0.0,2.808,0
2020-03-13,2.803,2.803,2.803,2.803,0.0,2.803,0
2020-03-16,2.792,2.792,2.792,2.792,0.0,2.792,0
2020-03-17,2.821,2.821,2.821,2.821,0.0,2.821,0
2020-03-18,2.827,2.827,2.827,2.827,0.0,2.827,0
2020-03-19,2.84,2.84,2.84,2.84,0.0,2.84,0
2020-03-20,2.834,2.834,2.834,2.834,0.0,2.834,0
2020-03-23,2.829,2.829,2.829,2.829,0.0,2.829,0
2020-03-24,2.786,2.786,2.786,2.786,0.0,2.786,0
2020-03-25,2.781,2.781,2.781,2.781,0.0,2.781,0
2020-03-26,2.747,2.747,2.747,2.747,0.0,2.747,0
2020-03-27,2.769,2.769,2.769,2.769,0.0,2.769,0
2020-03-30,2.777,2.777,2.777,2.777,0.0,2.777,0
2020-03-31,2.765,2.765,2.765,2.765,0.0,2.765,0
2020-04-01,2.735,2.735,2.735,2.735,0.0,2.735,0
2020-04-02,2.721,2.721,2.721,2.721,0.0,2.721,0
2020-04-03,2.705,2.705,2.705,2.705,0.0,2.705,0
2020-04-06,2.721,2.721,2.721,2.721,0.0,2.721,0
2020-04-07,2.715,2.715,2.715,2.715,0.0,2.715,0
2020-04-08,2.732,2.732,2.732,2.732,0.0,2.732,0
2020-04-09,2.698,2.698,2.698,2.698,0.0,2.698,0
2020-04-13,2.744,2.744,2.744,2.744,0.0,2.744,0
2020-04-14,2.726,2.726,2.726,2.726,0.0,2.726,0
2020-04-15,2.695,2.695,2.695,2.695,0.0,2.695,0
2020-04-16,2.7,2.7,2.7,2.7,0.0,2.7,0
2020-04-17,2.701,2.701,2.701,2.701,0.0,2.701,0
2020-04-20,2.737,2.737,2.737,2.737,0.0,2.737,0
2020-04-21,2.72,2.72,2.72,2.72,0.0,2.72,0
2020-04-22,2.748,2.748,2.748,2.748,0.0,2.748,0
2020-04-23,2.702,2.702,2.702,2.702,0.0,2.702,0
2020-04-24,2.7,2.7,2.7,2.7,0.0,2.7,0
2020-04-27,2.726,2.726,2.726,2.726,0.0,2.726,0
2020-04-28,2.718,2.718,2.718,2.718,0.0,2.718,0
2020-04-29,2.713,2.713,2.713,2.713,0.0,2.713,0
2020-04-30,2.688,2.688,2.688,2.688,0.0,2.688,0
2020-05-01,2.671,2.671,2.671,2.671,0.0,2.671,0
2020-05-04,2.642,2.642,2.642,2.642,0.0,2.642,0
2020-05-05,2.629,2.629,2.629,2.629,0.0,2.629,0
2020-05-06,2.668,2.668,2.668,2.668,0.0,2.668,0
2020-05-07,2.615,2.615,2.615,2.615,0.0,2.615,0
2020-05-08,2.604,2.604,2.604,2.604,0.0,2.604,0
2020-05-11,2.58,2.58,2.58,2.58,0.0,2.58,0
2020-05-12,2.584,2.584,2.584,2.584,0.0,2.584,0
2020-05-13,2.533,2.533,2.533,2.533,0.0,2.533,0
2020-05-14,2.507,2.507,2.507,2.507,0.0,2.507,0
2020-05-15,2.568,2.568,2.568,2.568,0.0,2.568,0
2020-05-18,2.586,2.586,2.586,2.586,0.0,2.586,0
2020-05-19,2.583,2.583,2.583,2.583,0.0,2.583,0
2020-05-20,2.53,2.53,2.53,2.53,0.0,2.53,0
2020-05-21,2.521,2.521,2.521,2.521,0.0,2.521,0
2020-05-22,2.564,2.564,2.564,2.564,0.0,2.564,0
2020-05-26,2.544,2.544,2.544,2.544,0.0,2.544,0
2020-05-27,2.638,2.638,2.638,2.638,0.0,2.638,0
2020-05-28,2.63,2.63,2.63,2.63,0.0,2.63,0
2020-05-29,2.624,2.624,2.624,2.624,0.0,2.624,0
2020-06-01,2.606,2.606,2.606,2.606,0.0,2.606,0
2020-06-02,2.611,2.611,2.611,2.611,0.0,2.611,0
2020-06-03,2.598,2.598,2.598,2.598,0.0,2.598,0
2020-06-04,2.607,2.607,2.607,2.607,0.0,2.607,0
2020-06-05,2.601,2.601,2.601,2.601,0.0,2.601,0
2020-06-08,2.615,2.615,2.615,2.615,0.0,2.615,0
2020-06-09,2.637,2.637,2.637,2.637,0.0,2.637,0
2020-06-10,2.642,2.642,2.642,2.642,0.0,2.642,0
2020-06-11,2.637,2.637,2.637,2.637,0.0,2.637,0
2020-06-12,2.626,2.626,2.626,2.626,0.0,2.626,0
2020-06-15,2.653,2.653,2.653,2.653,0.0,2.653,0
2020-06-16,2.655,2.655,2.655,2.655,0.0,2.655,0
2020-06-17,2.65,2.65,2.65,2.65,0.0,2.65,0
2020-06-18,2.649,2.649,2.649,2.649,0.0,2.649,0
2020-06-19,2.632,2.632,2.632,2.632,0.0,2.632,0
2020-06-22,2.62,2.62,2.62,2.62,0.0,2.62,0
2020-06-23,2.619,2.619,2.619,2.619,0.0,2.619,0
2020-06-24,2.645,2.645,2.645,2.645,0.0,2.645,0
2020-06-25,2.678,2.678,2.678,2.678,0.0,2.678,0
2020-06-26,2.705,2.705,2.705,2.705,0.0,2.705,0
2020-06-29,2.703,2.703,2.703,2.703,0.0,2.703,0
2020-06-30,2.703,2.703,2.703,2.703,0.0,2.703,0
2020-07-01,2.716,2.716,2.716,2.716,0.0,2.716,0
2020-07-02,2.76,2.76,2.76,2.76,0.0,2.76,0
2020-07-06,2.739,2.739,2.739,2.739,0.0,2.739,0
2020-07-07,2.722,2.722,2.722,2.722,0.0,2.722,0
2020-07-08,2.75,2.75,2.75,2.75,0.0,2.75,0
2020-07-09,2.735,2.735,2.735,2.735,0.0,2.735,0
2020-07-10,2.717,2.717,2.717,2.717,0.0,2.717,0
2020-07-13,2.713,2.713,2.713,2.713,0.0,2.713,0
2020-07-14,2.712,2.712,2.712,2.712,0.0,2.712,0
2020-07-15,2.722,2.722,2.722,2.722,0.0,2.722,0
2020-07-16,2.715,2.715,2.715,2.715,0.0,2.715,0
2020-07-17,2.712,2.712,2.712,2.712,0.0,2.712,0
2020-07-20,2.703,2.703,2.703,2.703,0.0,2.703,0
2020-07-21,2.719,2.719,2.719,2.719,0.0,2.719,0
2020-07-22,2.728,2.728,2.728,2.728,0.0,2.728,0
2020-07-23,2.812,2.812,2.812,2.812,0.0,2.812,0
2020-07-24,2.806,2.806,2.806,2.806,0.0,2.806,0
2020-07-27,2.879,2.879,2.879,2.879,0.0,2.879,0
2020-07-28,2.876,2.876,2.876,2.876,0.0,2.876,0
2020-07-29,2.881,2.881,2.881,2.881,0.0,2.881,0
2020-07-30,2.907,2.907,2.907,2.907,0.0,2.907,0
2020-07-31,3.007,3.007,3.007,3.007,0.0,3.007,0
2020-08-03,3.011,3.011,3.011,3.011,0.0,3.011,0
2020-08-04,3.005,3.005,3.005,3.005,0.0,3.005,0
2020-08-05,3.023,3.023,3.023,3.023,0.0,3.023,0
2020-08-06,3.048,3.048,3.048,3.048,0.0,3.048,0
2020-08-07,3.11,3.11,3.11,3.11,0.0,3.11,0
2020-08-10,3.078,3.078,3.078,3.078,0.0,3.078,0
2020-08-11,2.993,2.993,2.993,2.993,0.0,2.993,0
2020-08-12,2.97,2.97,2.97,2.97,0.0,2.97,0
2020-08-13,2.99,2.99,2.99,2.99,0.0,2.99,0
2020-08-14,2.976,2.976,2.976,2.976,0.0,2.976,0
2020-08-17,2.976,2.976,2.976,2.976,0.0,2.976,0
2020-08-18,2.971,2.971,2.971,2.971,0.0,2.971,0
2020-08-19,2.966,2.966,2.966,2.966,0.0,2.966,0
2020-08-20,2.964,2.964,2.964,2.964,0.0,2.964,0
2020-08-21,2.959,2.959,2.959,2.959,0.0,2.959,0
2020-08-24,2.954,2.954,2.954,2.954,0.0,2.954,0
2020-08-25,2.947,2.947,2.947,2.947,0.0,2.947,0
2020-08-26,2.975,2.975,2.975,2.975,0.0,2.975,0
2020-08-27,2.984,2.984,2.984,2.984,0.0,2.984,0
2020-08-28,2.972,2.972,2.972,2.972,0.0,2.972,0
2020-08-31,2.946,2.946,2.946,2.946,0.0,2.946,0
2020-09-01,2.944,2.944,2.944,2.944,0.0,2.944,0
2020-09-02,2.938,2.938,2.938,2.938,0.0,2.938,0
2020-09-03,2.935,2.935,2.935,2.935,0.0,2.935,0
2020-09-04,2.861,2.861,2.861,2.861,0.0,2.861,0
2020-09-08,2.862,2.862,2.862,2.862,0.0,2.862,0
2020-09-09,2.848,2.848,2.848,2.848,0.0,2.848,0
2020-09-10,2.83,2.83,2.83,2.83,0.0,2.83,0
2020-09-11,2.807,2.807,2.807,2.807,0.0,2.807,0
2020-09-14,2.78,2.78,2.78,2.78,0.0,2.78,0
2020-09-15,2.787,2.787,2.787,2.787,0.0,2.787,0
2020-09-16,2.73,2.73,2.73,2.73,0.0,2.73,0
2020-09-17,2.718,2.718,2.718,2.718,0.0,2.718,0
2020-09-18,2.739,2.739,2.739,2.739,0.0,2.739,0
2020-09-21,2.71,2.71,2.71,2.71,0.0,2.71,0
2020-09-22,2.749,2.749,2.749,2.749,0.0,2.749,0
2020-09-23,2.789,2.789,2.789,2.789,0.0,2.789,0
2020-09-24,2.815,2.815,2.815,2.815,0.0,2.815,0
2020-09-25,2.834,2.834,2.834,2.834,0.0,2.834,0
2020-09-28,2.842,2.842,2.842,2.842,0.0,2.842,0
2020-09-29,2.813,2.813,2.813,2.813,0.0,2.813,0
2020-09-30,2.794,2.794,2.794,2.794,0.0,2.794,0
2020-10-01,2.774,2.774,2.774,2.774,0.0,2.774,0
2020-10-02,2.771,2.771,2.771,2.771,0.0,2.771,0
2020-10-05,2.749,2.749,2.749,2.749,0.0,2.749,0
2020-10-06,2.756,2.756,2.756,2.756,0.0,2.756,0
2020-10-07,2.779,2.779,2.779,2.779,0.0,2.779,0
2020-10-08,2.754,2.754,2.754,2.754,0.0,2.754,0
2020-10-09,2.784,2.784,2.784,2.784,0.0,2.784,0
2020-10-12,2.77,2.77,2.77,2.77,0.0,2.77,0
2020-10-13,2.75,2.75,2.75,2.75,0.0,2.75,0
2020-10-14,2.777,2.777,2.777,2.777,0.0,2.777,0
2020-10-15,2.763,2.763,2.763,2.763,0.0,2.763,0
2020-10-16,2.766,2.766,2.766,2.766,0.0,2.766,0
2020-10-19,2.809,2.809,2.809,2.809,0.0,2.809,0
2020-10-20,2.75,2.75,2.75,2.75,0.0,2.75,0
2020-10-21,2.771,2.771,2.771,2.771,0.0,2.771,0
2020-10-22,2.773,2.773,2.773,2.773,0.0,2.773,0
2020-10-23,2.835,2.835,2.835,2.835,0.0,2.835,0
2020-10-26,2.748,2.748,2.748,2.748,0.0,2.748,0
2020-10-27,2.782,2.782,2.782,2.782,0.0,2.782,0
2020-10-28,2.832,2.832,2.832,2.832,0.0,2.832,0
2020-10-29,2.844,2.844,2.844,2.844,0.0,2.844,0
2020-10-30,2.861,2.861,2.861,2.861,0.0,2.861,0
2020-11-02,2.796,2.796,2.796,2.796,0.0,2.796,0
2020-11-03,2.84,2.84,2.84,2.84,0.0,2.84,0
2020-11-04,2.837,2.837,2.837,2.837,0.0,2.837,0
2020-11-05,2.832,2.832,2.832,2.832,0.0,2.832,0
2020-11-06,2.822,2.822,2.822,2.822,0.0,2.822,0
2020-11-09,2.818,2.818,2.818,2.818,0.0,2.818,0
2020-11-10,2.828,2.828,2.828,2.828,0.0,2.828,0
2020-11-11,2.843,2.843,2.843,2.843,0.0,2.843,0
2020-11-12,2.84,2.84,2.84,2.84,0.0,2.84,0
2020-11-13,2.794,2.794,2.794,2.794,0.0,2.794,0
2020-11-16,2.791,2.791,2.791,2.791,0.0,2.791,0
2020-11-17,2.808,2.808,2.808,2.808,0.0,2.808,0
2020-11-18,2.832,2.832,2.832,2.832,0.0,2.832,0
2020-11-19,2.832,2.832,2.832,2.832,0.0,2.832,0
2020-11-20,2.825,2.825,2.825,2.825,0.0,2.825,0
2020-11-23,2.819,2.819,2.819,2.819,0.0,2.819,0
2020-11-24,2.821,2.821,2.821,2.821,0.0,2.821,0
2020-11-25,2.804,2.804,2.804,2.804,0.0,2.804,0
2020-11-27,2.8,2.8,2.8,2.8,0.0,2.8,0
2020-11-30,2.786,2.786,2.786,2.786,0.0,2.786,0
2020-12-01,2.848,2.848,2.848,2.848,0.0,2.848,0
2020-12-02,2.873,2.873,2.873,2.873,0.0,2.873,0
2020-12-03,2.845,2.845,2.845,2.845,0.0,2.845,0
2020-12-04,2.865,2.865,2.865,2.865,0.0,2.865,0
2020-12-07,2.836,2.836,2.836,2.836,0.0,2.836,0
2020-12-08,2.824,2.824,2.824,2.824,0.0,2.824,0
2020-12-09,2.834,2.834,2.834,2.834,0.0,2.834,0
2020-12-10,2.839,2.839,2.839,2.839,0.0,2.839,0
2020-12-11,2.858,2.858,2.858,2.858,0.0,2.858,0
2020-12-14,2.852,2.852,2.852,2.852,0.0,2.852,0
2020-12-15,2.837,2.837,2.837,2.837,0.0,2.837,0
2020-12-16,2.849,2.849,2.849,2.849,0.0,2.849,0
2020-12-17,2.837,2.837,2.837,2.837,0.0,2.837,0
2020-12-18,2.851,2.851,2.851,2.851,0.0,2.851,0
2020-12-21,2.822,2.822,2.822,2.822,0.0,2.822,0
2020-12-22,2.867,2.867,2.867,2.867,0.0,2.867,0
2020-12-23,2.862,2.862,2.862,2.862,0.0,2.862,0
2020-12-24,2.874,2.874,2.874,2.874,0.0,2.874,0
2020-12-28,2.793,2.793,2.793,2.793,0.0,2.793,0
2020-12-29,2.862,2.862,2.862,2.862,0.0,2.862,0
2020-12-30,2.833,2.833,2.833,2.833,0.0,2.833,0
2020-12-31,2.86,2.86,2.86,2.86,0.0,2.86,0
2021-01-04,2.868,2.868,2.868,2.868,0.0,2.868,0
2021-01-05,2.883,2.883,2.883,2.883,0.0,2.883,0
2021-01-06,2.916,2.916,2.916,2.916,0.0,2.916,0
2021-01-07,2.884,2.884,2.884,2.884,0.0,2.884,0
2021-01-08,2.868,2.868,2.868,2.868,0.0,2.868,0
2021-01-11,2.871,2.871,2.871,2.871,0.0,2.871,0
2021-01-12,2.878,2.878,2.878,2.878,0.0,2.878,0
2021-01-13,2.909,2.909,2.909,2.909,0.0,2.909,0
2021-01-14,2.857,2.857,2.857,2.857,0.0,2.857,0
2021-01-15,2.893,2.893,2.893,2.893,0.0,2.893,0
2021-01-19,2.92,2.92,2.92,2.92,0.0,2.92,0
2021-01-20,2.934,2.934,2.934,2.934,0.0,2.934,0
2021-01-21,2.947,2.947,2.947,2.947,0.0,2.947,0
2021-01-22,2.947,2.947,2.947,2.947,0.0,2.947,0
2021-01-25,2.904,2.904,2.904,2.904,0.0,2.904,0
2021-01-26,2.933,2.933,2.933,2.933,0.0,2.933,0
2021-01-27,2.948,2.948,2.948,2.948,0.0,2.948,0
2021-01-28,2.947,2.947,2.947,2.947,0.0,2.947,0
2021-01-29,2.931,2.931,2.931,2.931,0.0,2.931,0
2021-02-01,2.935,2.935,2.935,2.935,0.0,2.935,0
2021-02-02,2.931,2.931,2.931,2.931,0.0,2.931,0
2021-02-03,2.912,2.912,2.912,2.912,0.0,2.912,0
2021-02-04,2.888,2.888,2.888,2.888,0.0,2.888,0
2021-02-05,2.897,2.897,2.897,2.897,0.0,2.897,0
2021-02-08,2.917,2.917,2.917,2.917,0.0,2.917,0
2021-02-09,2.917,2.917,2.917,2.917,0.0,2.917,0
2021-02-10,2.922,2.922,2.922,2.922,0.0,2.922,0
2021-02-11,2.909,2.909,2.909,2.909,0.0,2.909,0
2021-02-12,2.903,2.903,2.903,2.903,0.0,2.903,0
2021-02-16,2.92,2.92,2.92,2.92,0.0,2.92,0
2021-02-17,2.915,2.915,2.915,2.915,0.0,2.915,0
2021-02-18,2.905,2.905,2.905,2.905,0.0,2.905,0
2021-02-19,2.901,2.901,2.901,2.901,0.0,2.901,0
2021-02-22,2.903,2.903,2.903,2.903,0.0,2.903,0
2021-02-23,2.908,2.908,2.908,2.908,0.0,2.908,0
2021-02-24,2.902,2.902,2.902,2.902,0.0,2.902,0
2021-02-25,2.851,2.851,2.851,2.851,0.0,2.851,0
2021-02-26,2.871,2.871,2.871,2.871,0.0,2.871,0
2021-03-01,2.889,2.889,2.889,2.889,0.0,2.889,0
2021-03-02,2.888,2.888,2.888,2.888,0.0,2.888,0
2021-03-03,2.863,2.863,2.863,2.863,0.0,2.863,0
2021-03-04,2.821,2.821,2.821,2.821,0.0,2.821,0
2021-03-05,2.827,2.827,2.827,2.827,0.0,2.827,0
2021-03-08,2.845,2.845,2.845,2.845,0.0,2.845,0
2021-03-09,2.852,2.852,2.852,2.852,0.0,2.852,0
2021-03-10,2.85,2.85,2.85,2.85,0.0,2.85,0
2021-03-11,2.847,2.847,2.847,2.847,0.0,2.847,0
2021-03-12,2.864,2.864,2.864,2.864,0.0,2.864,0
2021-03-15,2.837,2.837,2.837,2.837,0.0,2.837,0
2021-03-16,2.869,2.869,2.869,2.869,0.0,2.869,0
2021-03-17,2.85,2.85,2.85,2.85,0.0,2.85,0
2021-03-18,2.864,2.864,2.864,2.864,0.0,2.864,0
2021-03-19,2.87,2.87,2.87,2.87,0.0,2.87,0
2021-03-22,2.866,2.866,2.866,2.866,0.0,2.866,0
2021-03-23,2.88,2.88,2.88,2.88,0.0,2.88,0
2021-03-24,2.883,2.883,2.883,2.883,0.0,2.883,0
2021-03-25,2.883,2.883,2.883,2.883,0.0,2.883,0
2021-03-26,2.885,2.885,2.885,2.885,0.0,2.885,0
2021-03-29,2.929,2.929,2.929,2.929,0.0,2.929,0
2021-03-30,2.94,2.94,2.94,2.94,0.0,2.94,0
2021-03-31,2.936,2.936,2.936,2.936,0.0,2.936,0
2021-04-01,2.965,2.965,2.965,2.965,0.0,2.965,0
2021-04-05,2.952,2.952,2.952,2.952,0.0,2.952,0
2021-04-06,2.935,2.935,2.935,2.935,0.0,2.935,0
2021-04-07,2.938,2.938,2.938,2.938,0.0,2.938,0
2021-04-08,2.938,2.938,2.938,2.938,0.0,2.938,0
2021-04-09,2.972,2.972,2.972,2.972,0.0,2.972,0
2021-04-12,2.981,2.981,2.981,2.981,0.0,2.981,0
2021-04-13,2.964,2.964,2.964,2.964,0.0,2.964,0
2021-04-14,2.973,2.973,2.973,2.973,0.0,2.973,0
2021-04-15,2.951,2.951,2.951,2.951,0.0,2.951,0
2021-04-16,2.964,2.964,2.964,2.964,0.0,2.964,0
2021-04-19,2.958,2.958,2.958,2.958,0.0,2.958,0
2021-04-20,2.903,2.903,2.903,2.903,0.0,2.903,0
2021-04-21,2.888,2.888,2.888,2.888,0.0,2.888,0
2021-04-22,2.869,2.869,2.869,2.869,0.0,2.869,0
2021-04-23,2.877,2.877,2.877,2.877,0.0,2.877,0
2021-04-26,2.863,2.863,2.863,2.863,0.0,2.863,0
2021-04-27,2.842,2.842,2.842,2.842,0.0,2.842,0
2021-04-28,2.854,2.854,2.854,2.854,0.0,2.854,0
2021-04-29,2.856,2.856,2.856,2.856,0.0,2.856,0
2021-04-30,2.906,2.906,2.906,2.906,0.0,2.906,0
2021-05-03,2.909,2.909,2.909,2.909,0.0,2.909,0
2021-05-04,2.918,2.918,2.918,2.918,0.0,2.918,0
2021-05-05,2.92,2.92,2.92,2.92,0.0,2.92,0
2021-05-06,2.91,2.91,2.91,2.91,0.0,2.91,0
2021-05-07,2.917,2.917,2.917,2.917,0.0,2.917,0
2021-05-10,2.92,2.92,2.92,2.92,0.0,2.92,0
2021-05-11,2.917,2.917,2.917,2.917,0.0,2.917,0
2021-05-12,2.916,2.916,2.916,2.916,0.0,2.916,0
2021-05-13,2.906,2.906,2.906,2.906,0.0,2.906,0
2021-05-14,2.902,2.902,2.902,2.902,0.0,2.902,0
2021-05-17,2.906,2.906,2.906,2.906,0.0,2.906,0
2021-05-18,2.875,2.875,2.875,2.875,0.0,2.875,0
2021-05-19,2.879,2.879,2.879,2.879,0.0,2.879,0
2021-05-20,2.884,2.884,2.884,2.884,0.0,2.884,0
2021-05-21,2.896,2.896,2.896,2.896,0.0,2.896,0
2021-05-24,2.89,2.89,2.89,2.89,0.0,2.89,0
2021-05-25,2.901,2.901,2.901,2.901,0.0,2.901,0
2021-05-26,2.87,2.87,2.87,2.87,0.0,2.87,0
2021-05-27,2.867,2.867,2.867,2.867,0.0,2.867,0
2021-05-28,2.89,2.89,2.89,2.89,0.0,2.89,0
2021-06-01,2.872,2.872,2.872,2.872,0.0,2.872,0
2021-06-02,2.882,2.882,2.882,2.882,0.0,2.882,0
2021-06-03,2.864,2.864,2.864,2.864,0.0,2.864,0
2021-06-04,2.915,2.915,2.915,2.915,0.0,2.915,0
2021-06-07,2.886,2.886,2.886,2.886,0.0,2.886,0
2021-06-08,2.892,2.892,2.892,2.892,0.0,2.892,0
2021-06-09,2.899,2.899,2.899,2.899,0.0,2.899,0
2021-06-10,2.888,2.888,2.888,2.888,0.0,2.888,0
2021-06-11,2.887,2.887,2.887,2.887,0.0,2.887,0
2021-06-14,2.896,2.896,2.896,2.896,0.0,2.896,0
2021-06-15,2.881,2.881,2.881,2.881,0.0,2.881,0
2021-06-16,2.934,2.934,2.934,2.934,0.0,2.934,0
2021-06-17,2.939,2.939,2.939,2.939,0.0,2.939,0
2021-06-18,2.948,2.948,2.948,2.948,0.0,2.948,0
2021-06-21,2.945,2.945,2.945,2.945,0.0,2.945,0
2021-06-22,2.945,2.945,2.945,2.945,0.0,2.945,0
2021-06-23,2.946,2.946,2.946,2.946,0.0,2.946,0
2021-06-24,2.934,2.934,2.934,2.934,0.0,2.934,0
2021-06-25,2.995,2.995,2.995,2.995,0.0,2.995,0
2021-06-28,3.005,3.005,3.005,3.005,0.0,3.005,0
2021-06-29,3.033,3.033,3.033,3.033,0.0,3.033,0
2021-06-30,3.034,3.034,3.034,3.034,0.0,3.034,0
2021-07-01,3.022,3.022,3.022,3.022,0.0,3.022,0
2021-07-02,3.014,3.014,3.014,3.014,0.0,3.014,0
2021-07-06,3.006,3.006,3.006,3.006,0.0,3.006,0
2021-07-07,3.018,3.018,3.018,3.018,0.0,3.018,0
2021-07-08,3.03,3.03,3.03,3.03,0.0,3.03,0
2021-07-09,3.036,3.036,3.036,3.036,0.0,3.036,0
2021-07-12,3.041,3.041,3.041,3.041,0.0,3.041,0
2021-07-13,3.04,3.04,3.04,3.04,0.0,3.04,0
2021-07-14,3.033,3.033,3.033,3.033,0.0,3.033,0
2021-07-15,3.041,3.041,3.041,3.041,0.0,3.041,0
2021-07-16,3.057,3.057,3.057,3.057,0.0,3.057,0
2021-07-19,3.067,3.067,3.067,3.067,0.0,3.067,0
2021-07-20,3.069,3.069,3.069,3.069,0.0,3.069,0
2021-07-21,3.104,3.104,3.104,3.104,0.0,3.104,0
2021-07-22,3.106,3.106,3.106,3.106,0.0,3.106,0
2021-07-23,3.112,3.112,3.112,3.112,0.0,3.112,0
2021-07-26,3.12,3.12,3.12,3.12,0.0,3.12,0
2021-07-27,3.09,3.09,3.09,3.09,0.0,3.09,0
2021-07-28,3.082,3.082,3.082,3.082,0.0,3.082,0
2021-07-29,3.057,3.057,3.057,3.057,0.0,3.057,0
2021-07-30,3.082,3.082,3.082,3.082,0.0,3.082,0
2021-08-02,3.096,3.096,3.096,3.096,0.0,3.096,0
2021-08-03,3.088,3.088,3.088,3.088,0.0,3.088,0
2021-08-04,3.098,3.098,3.098,3.098,0.0,3.098,0
2021-08-05,3.063,3.063,3.063,3.063,0.0,3.063,0
2021-08-06,3.072,3.072,3.072,3.072,0.0,3.072,0
2021-08-09,3.088,3.088,3.088,3.088,0.0,3.088,0
2021-08-10,3.085,3.085,3.085,3.085,0.0,3.085,0
2021-08-11,3.1,3.1,3.1,3.1,0.0,3.1,0
2021-08-12,3.181,3.181,3.181,3.181,0.0,3.181,0
2021-08-13,3.148,3.148,3.148,3.148,0.0,3.148,0
2021-08-16,3.16,3.16,3.16,3.16,0.0,3.16,0
2021-08-17,3.173,3.173,3.173,3.173,0.0,3.173,0
2021-08-18,3.171,3.171,3.171,3.171,0.0,3.171,0
2021-08-19,3.182,3.182,3.182,3.182,0.0,3.182,0
2021-08-20,3.181,3.181,3.181,3.181,0.0,3.181,0
2021-08-23,3.183,3.183,3.183,3.183,0.0,3.183,0
2021-08-24,3.179,3.179,3.179,3.179,0.0,3.179,0
2021-08-25,3.196,3.196,3.196,3.196,0.0,3.196,0
2021-08-26,3.247,3.247,3.247,3.247,0.0,3.247,0
2021-08-27,3.249,3.249,3.249,3.249,0.0,3.249,0
2021-08-30,3.252,3.252,3.252,3.252,0.0,3.252,0
2021-08-31,3.241,3.241,3.241,3.241,0.0,3.241,0
2021-09-01,3.25,3.25,3.25,3.25,0.0,3.25,0
2021-09-02,3.25,3.25,3.25,3.25,0.0,3.25,0
2021-09-03,3.311,3.311,3.311,3.311,0.0,3.311,0
2021-09-07,3.361,3.361,3.361,3.361,0.0,3.361,0
2021-09-08,3.413,3.413,3.413,3.413,0.0,3.413,0
2021-09-09,3.548,3.548,3.548,3.548,0.0,3.548,0
2021-09-10,3.53,3.53,3.53,3.53,0.0,3.53,0
2021-09-13,3.545,3.545,3.545,3.545,0.0,3.545,0
2021-09-14,3.518,3.518,3.518,3.518,0.0,3.518,0
2021-09-15,3.54,3.54,3.54,3.54,0.0,3.54,0
2021-09-16,3.543,3.543,3.543,3.543,0.0,3.543,0
2021-09-17,3.536,3.536,3.536,3.536,0.0,3.536,0
2021-09-20,3.572,3.572,3.572,3.572,0.0,3.572,0
2021-09-21,3.589,3.589,3.589,3.589,0.0,3.589,0
2021-09-22,3.606,3.606,3.606,3.606,0.0,3.606,0
2021-09-23,3.613,3.613,3.613,3.613,0.0,3.613,0
2021-09-24,3.504,3.504,3.504,3.504,0.0,3.504,0
2021-09-27,3.457,3.457,3.457,3.457,0.0,3.457,0
2021-09-28,3.38,3.38,3.38,3.38,0.0,3.38,0
2021-09-29,3.346,3.346,3.346,3.346,0.0,3.346,0
2021-09-30,3.353,3.353,3.353,3.353,0.0,3.353,0
2021-10-01,3.343,3.343,3.343,3.343,0.0,3.343,0
2021-10-04,3.352,3.352,3.352,3.352,0.0,3.352,0
2021-10-05,3.367,3.367,3.367,3.367,0.0,3.367,0
2021-10-06,3.385,3.385,3.385,3.385,0.0,3.385,0
2021-10-07,3.385,3.385,3.385,3.385,0.0,3.385,0
2021-10-08,3.426,3.426,3.426,3.426,0.0,3.426,0
2021-10-11,3.412,3.412,3.412,3.412,0.0,3.412,0
2021-10-12,3.414,3.414,3.414,3.414,0.0,3.414,0
2021-10-13,3.419,3.419,3.419,3.419,0.0,3.419,0
2021-10-14,3.454,3.454,3.454,3.454,0.0,3.454,0
2021-10-15,3.465,3.465,3.465,3.465,0.0,3.465,0
2021-10-18,3.471,3.471,3.471,3.471,0.0,3.471,0
2021-10-19,3.468,3.468,3.468,3.468,0.0,3.468,0
2021-10-20,3.471,3.471,3.471,3.471,0.0,3.471,0
2021-10-21,3.467,3.467,3.467,3.467,0.0,3.467,0
2021-10-22,3.472,3.472,3.472,3.472,0.0,3.472,0
2021-10-25,3.515,3.515,3.515,3.515,0.0,3.515,0
2021-10-26,3.493,3.493,3.493,3.493,0.0,3.493,0
2021-10-27,3.43,3.43,3.43,3.43,0.0,3.43,0
2021-10-28,3.436,3.436,3.436,3.436,0.0,3.436,0
2021-10-29,3.387,3.387,3.387,3.387,0.0,3.387,0
2021-11-01,3.282,3.282,3.282,3.282,0.0,3.282,0
2021-11-02,3.343,3.343,3.343,3.343,0.0,3.343,0
2021-11-03,3.337,3.337,3.337,3.337,0.0,3.337,0
2021-11-04,3.361,3.361,3.361,3.361,0.0,3.361,0
2021-11-05,3.401,3.401,3.401,3.401,0.0,3.401,0
2021-11-08,3.504,3.504,3.504,3.504,0.0,3.504,0
2021-11-09,3.5,3.5,3.5,3.5,0.0,3.5,0
2021-11-10,3.526,3.526,3.526,3.526,0.0,3.526,0
2021-11-11,3.543,3.543,3.543,3.543,0.0,3.543,0
2021-11-12,3.464,3.464,3.464,3.464,0.0,3.464,0
2021-11-15,3.477,3.477,3.477,3.477,0.0,3.477,0
2021-11-16,3.548,3.548,3.548,3.548,0.0,3.548,0
2021-11-17,3.479,3.479,3.479,3.479,0.0,3.479,0
2021-11-18,3.467,3.467,3.467,3.467,0.0,3.467,0
2021-11-19,3.431,3.431,3.431,3.431,0.0,3.431,0
2021-11-22,3.413,3.413,3.413,3.413,0.0,3.413,0
2021-11-23,3.46,3.46,3.46,3.46,0.0,3.46,0
2021-11-24,3.458,3.458,3.458,3.458,0.0,3.458,0
2021-11-26,3.497,3.497,3.497,3.497,0.0,3.497,0
2021-11-29,3.489,3.489,3.489,3.489,0.0,3.489,0
2021-11-30,3.462,3.462,3.462,3.462,0.0,3.462,0
2021-12-01,3.47,3.47,3.47,3.47,0.0,3.47,0
2021-12-02,3.474,3.474,3.474,3.474,0.0,3.474,0
2021-12-03,3.484,3.484,3.484,3.484,0.0,3.484,0
2021-12-06,3.456,3.456,3.456,3.456,0.0,3.456,0
2021-12-07,3.46,3.46,3.46,3.46,0.0,3.46,0
2021-12-08,3.354,3.354,3.354,3.354,0.0,3.354,0
2021-12-09,3.344,3.344,3.344,3.344,0.0,3.344,0
2021-12-10,3.37,3.37,3.37,3.37,0.0,3.37,0
2021-12-13,3.274,3.274,3.274,3.274,0.0,3.274,0
2021-12-14,3.349,3.349,3.349,3.349,0.0,3.349,0
2021-12-15,3.408,3.408,3.408,3.408,0.0,3.408,0
2021-12-16,3.388,3.388,3.388,3.388,0.0,3.388,0
2021-12-17,3.401,3.401,3.401,3.401,0.0,3.401,0
2021-12-20,3.416,3.416,3.416,3.416,0.0,3.416,0
2021-12-21,3.4,3.4,3.4,3.4,0.0,3.4,0
2021-12-22,3.401,3.401,3.401,3.401,0.0,3.401,0
2021-12-23,3.364,3.364,3.364,3.364,0.0,3.364,0
2021-12-27,3.35,3.35,3.35,3.35,0.0,3.35,0
2021-12-28,3.373,3.373,3.373,3.373,0.0,3.373,0
2021-12-29,3.385,3.385,3.385,3.385,0.0,3.385,0
2021-12-30,3.373,3.373,3.373,3.373,0.0,3.373,0
2021-12-31,3.44,3.44,3.44,3.44,0.0,3.44,0
2022-01-03,3.422,3.422,3.422,3.422,0.0,3.422,0
2022-01-04,3.421,3.421,3.421,3.421,0.0,3.421,0
2022-01-05,3.415,3.415,3.415,3.415,0.0,3.415,0
2022-01-06,3.429,3.429,3.429,3.429,0.0,3.429,0
2022-01-07,3.462,3.462,3.462,3.462,0.0,3.462,0
2022-01-10,3.467,3.467,3.467,3.467,0.0,3.467,0
2022-01-11,3.456,3.456,3.456,3.456,0.0,3.456,0
2022-01-12,3.431,3.431,3.431,3.431,0.0,3.431,0
2022-01-13,3.434,3.434,3.434,3.434,0.0,3.434,0
2022-01-14,3.41,3.41,3.41,3.41,0.0,3.41,0
2022-01-18,3.429,3.429,3.429,3.429,0.0,3.429,0
2022-01-19,3.476,3.476,3.476,3.476,0.0,3.476,0
2022-01-20,3.479,3.479,3.479,3.479,0.0,3.479,0
2022-01-21,3.467,3.467,3.467,3.467,0.0,3.467,0
2022-01-24,3.456,3.456,3.456,3.456,0.0,3.456,0
2022-01-25,3.476,3.476,3.476,3.476,0.0,3.476,0
2022-01-26,3.477,3.477,3.477,3.477,0.0,3.477,0
2022-01-27,3.462,3.462,3.462,3.462,0.0,3.462,0
2022-01-28,3.455,3.455,3.455,3.455,0.0,3.455,0
2022-01-31,3.454,3.454,3.454,3.454,0.0,3.454,0
2022-02-01,3.439,3.439,3.439,3.439,0.0,3.439,0
2022-02-02,3.458,3.458,3.458,3.458,0.0,3.458,0
2022-02-03,3.449,3.449,3.449,3.449,0.0,3.449,0
2022-02-04,3.479,3.479,3.479,3.479,0.0,3.479,0
2022-02-07,3.495,3.495,3.495,3.495,0.0,3.495,0
2022-02-08,3.487,3.487,3.487,3.487,0.0,3.487,0
2022-02-09,3.482,3.482,3.482,3.482,0.0,3.482,0
2022-02-10,3.489,3.489,3.489,3.489,0.0,3.489,0
2022-02-11,3.529,3.529,3.529,3.529,0.0,3.529,0
2022-02-14,3.57,3.57,3.57,3.57,0.0,3.57,0
2022-02-15,3.558,3.558,3.558,3.558,0.0,3.558,0
2022-02-16,3.587,3.587,3.587,3.587,0.0,3.587,0
2022-02-17,3.58,3.58,3.58,3.58,0.0,3.58,0
2022-02-18,3.58,3.58,3.58,3.58,0.0,3.58,0
2022-02-22,3.625,3.625,3.625,3.625,0.0,3.625,0
2022-02-23,3.711,3.711,3.711,3.711,0.0,3.711,0
2022-02-24,3.754,3.754,3.754,3.754,0.0,3.754,0
2022-02-25,3.671,3.671,3.671,3.671,0.0,3.671,0
2022-02-28,3.748,3.748,3.748,3.748,0.0,3.748,0
2022-03-01,3.819,3.819,3.819,3.819,0.0,3.819,0
2022-03-02,3.886,3.886,3.886,3.886,0.0,3.886,0
2022-03-03,3.829,3.829,3.829,3.829,0.0,3.829,0
2022-03-04,3.882,3.882,3.882,3.882,0.0,3.882,0
2022-03-07,3.967,3.967,3.967,3.967,0.0,3.967,0
2022-03-08,4.024,4.024,4.024,4.024,0.0,4.024,0
2022-03-09,4.003,4.003,4.003,4.003,0.0,4.003,0
2022-03-10,3.919,3.919,3.919,3.919,0.0,3.919,0
2022-03-11,3.9,3.9,3.9,3.9,0.0,3.9,0
2022-03-14,3.943,3.943,3.943,3.943,0.0,3.943,0
2022-03-15,3.925,3.925,3.925,3.925,0.0,3.925,0
2022-03-16,3.936,3.936,3.936,3.936,0.0,3.936,0
2022-03-17,3.953,3.953,3.953,3.953,0.0,3.953,0
2022-03-18,3.905,3.905,3.905,3.905,0.0,3.905,0
2022-03-21,3.891,3.891,3.891,3.891,0.0,3.891,0
2022-03-22,3.902,3.902,3.902,3.902,0.0,3.902,0
2022-03-23,3.913,3.913,3.913,3.913,0.0,3.913,0
2022-03-24,3.939,3.939,3.939,3.939,0.0,3.939,0
2022-03-25,3.985,3.985,3.985,3.985,0.0,3.985,0
2022-03-28,4.077,4.077,4.077,4.077,0.0,4.077,0
2022-03-29,4.091,4.091,4.091,4.091,0.0,4.091,0
2022-03-30,4.204,4.204,4.204,4.204,0.0,4.204,0
2022-03-31,4.297,4.297,4.297,4.297,0.0,4.297,0
2022-04-01,4.354,4.354,4.354,4.354,0.0,4.354,0
2022-04-04,4.421,4.421,4.421,4.421,0.0,4.421,0
2022-04-05,4.439,4.439,4.439,4.439,0.0,4.439,0
2022-04-06,4.466,4.466,4.466,4.466,0.0,4.466,0
2022-04-07,4.493,4.493,4.493,4.493,0.0,4.493,0
2022-04-08,4.466,4.466,4.466,4.466,0.0,4.466,0
2022-04-11,4.515,4.515,4.515,4.515,0.0,4.515,0
2022-04-12,4.537,4.537,4.537,4.537,0.0,4.537,0
2022-04-13,4.575,4.575,4.575,4.575,0.0,4.575,0
2022-04-14,4.577,4.577,4.577,4.577,0.0,4.577,0
2022-04-18,4.592,4.592,4.592,4.592,0.0,4.592,0
2022-04-19,4.57,4.57,4.57,4.57,0.0,4.57,0
2022-04-20,4.561,4.561,4.561,4.561,0.0,4.561,0
2022-04-21,4.484,4.484,4.484,4.484,0.0,4.484,0
2022-04-22,4.311,4.311,4.311,4.311,0.0,4.311,0
2022-04-25,4.326,4.326,4.326,4.326,0.0,4.326,0
2022-04-26,4.391,4.391,4.391,4.391,0.0,4.391,0
2022-04-27,4.45,4.45,4.45,4.45,0.0,4.45,0
2022-04-28,4.461,4.461,4.461,4.461,0.0,4.461,0
2022-04-29,4.454,4.454,4.454,4.454,0.0,4.454,0
2022-05-02,4.436,4.436,4.436,4.436,0.0,4.436,0
2022-05-03,4.487,4.487,4.487,4.487,0.0,4.487,0
2022-05-04,4.537,4.537,4.537,4.537,0.0,4.537,0
2022-05-05,4.57,4.57,4.57,4.57,0.0,4.57,0
2022-05-06,4.536,4.536,4.536,4.536,0.0,4.536,0
2022-05-09,4.459,4.459,4.459,4.459,0.0,4.459,0
2022-05-10,4.497,4.497,4.497,4.497,0.0,4.497,0
2022-05-11,4.556,4.556,4.556,4.556,0.0,4.556,0
2022-05-12,4.566,4.566,4.566,4.566,0.0,4.566,0
2022-05-13,4.64,4.64,4.64,4.64,0.0,4.64,0
2022-05-16,4.67,4.67,4.67,4.67,0.0,4.67,0
2022-05-17,4.707,4.707,4.707,4.707,0.0,4.707,0
2022-05-18,4.717,4.717,4.717,4.717,0.0,4.717,0
2022-05-19,4.656,4.656,4.656,4.656,0.0,4.656,0
2022-05-20,4.665,4.665,4.665,4.665,0.0,4.665,0
2022-05-23,4.706,4.706,4.706,4.706,0.0,4.706,0
2022-05-24,4.774,4.774,4.774,4.774,0.0,4.774,0
2022-05-25,4.805,4.805,4.805,4.805,0.0,4.805,0
2022-05-26,4.834,4.834,4.834,4.834,0.0,4.834,0
2022-05-27,4.858,4.858,4.858,4.858,0.0,4.858,0
2022-05-31,4.789,4.789,4.789,4.789,0.0,4.789,0
2022-06-01,4.896,4.896,4.896,4.896,0.0,4.896,0
2022-06-02,4.881,4.881,4.881,4.881,0.0,4.881,0
2022-06-03,4.928,4.928,4.928,4.928,0.0,4.928,0
2022-06-06,4.912,4.912,4.912,4.912,0.0,4.912,0
2022-06-07,5.03,5.03,5.03,5.03,0.0,5.03,0
2022-06-08,5.085,5.085,5.085,5.085,0.0,5.085,0
2022-06-09,5.171,5.171,5.171,5.171,0.0,5.171,0
2022-06-10,5.203,5.203,5.203,5.203,0.0,5.203,0
2022-06-13,5.146,5.146,5.146,5.146,0.0,5.146,0
2022-06-14,5.068,5.068,5.068,5.068,0.0,5.068,0
2022-06-15,5.129,5.129,5.129,5.129,0.0,5.129,0
2022-06-16,5.143,5.143,5.143,5.143,0.0,5.143,0
2022-06-17,5.04,5.04,5.04,5.04,0.0,5.04,0
2022-06-21,5.027,5.027,5.027,5.027,0.0,5.027,0
2022-06-22,5.082,5.082,5.082,5.082,0.0,5.082,0
2022-06-23,5.076,5.076,5.076,5.076,0.0,5.076,0
2022-06-24,4.852,4.852,4.852,4.852,0.0,4.852,0
2022-06-27,4.894,4.894,4.894,4.894,0.0,4.894,0
2022-06-28,4.864,4.864,4.864,4.864,0.0,4.864,0
2022-06-29,4.814,4.814,4.814,4.814,0.0,4.814,0
2022-06-30,4.559,4.559,4.559,4.559,0.0,4.559,0
2022-07-01,4.647,4.647,4.647,4.647,0.0,4.647,0
2022-07-04,4.647,4.647,4.647,4.647,0.0,4.647,0
2022-07-05,4.497,4.497,4.497,4.497,0.0,4.497,0
2022-07-06,4.589,4.589,4.589,4.589,0.0,4.589,0
2022-07-07,4.675,4.675,4.675,4.675,0.0,4.675,0
2022-07-08,4.674,4.674,4.674,4.674,0.0,4.674,0
2022-07-11,4.708,4.708,4.708,4.708,0.0,4.708,0
2022-07-12,4.61,4.61,4.61,4.61,0.0,4.61,0
2022-07-13,4.672,4.672,4.672,4.672,0.0,4.672,0
2022-07-14,4.598,4.598,4.598,4.598,0.0,4.598,0
2022-07-15,4.672,4.672,4.672,4.672,0.0,4.672,0
2022-07-18,4.609,4.609,4.609,4.609,0.0,4.609,0
2022-07-19,4.636,4.636,4.636,4.636,0.0,4.636,0
2022-07-20,4.779,4.779,4.779,4.779,0.0,4.779,0
2022-07-21,4.684,4.684,4.684,4.684,0.0,4.684,0
2022-07-22,4.688,4.688,4.688,4.688,0.0,4.688,0
2022-07-25,4.744,4.744,4.744,4.744,0.0,4.744,0
2022-07-26,4.771,4.771,4.771,4.771,0.0,4.771,0
2022-07-27,4.769,4.769,4.769,4.769,0.0,4.769,0
2022-07-28,4.745,4.745,4.745,4.745,0.0,4.745,0
2022-07-29,4.841,4.841,4.841,4.841,0.0,4.841,0
2022-08-01,4.824,4.824,4.824,4.824,0.0,4.824,0
2022-08-02,4.826,4.826,4.826,4.826,0.0,4.826,0
2022-08-03,4.858,4.858,4.858,4.858,0.0,4.858,0
2022-08-04,4.827,4.827,4.827,4.827,0.0,4.827,0
2022-08-05,4.82,4.82,4.82,4.82,0.0,4.82,0
2022-08-08,4.782,4.782,4.782,4.782,0.0,4.782,0
2022-08-09,4.819,4.819,4.819,4.819,0.0,4.819,0
2022-08-10,4.849,4.849,4.849,4.849,0.0,4.849,0
2022-08-11,4.943,4.943,4.943,4.943,0.0,4.943,0
2022-08-12,4.931,4.931,4.931,4.931,0.0,4.931,0
2022-08-15,5.024,5.024,5.024,5.024,0.0,5.024,0
2022-08-16,5.063,5.063,5.063,5.063,0.0,5.063,0
2022-08-17,5.046,5.046,5.046,5.046,0.0,5.046,0
2022-08-18,5.052,5.052,5.052,5.052,0.0,5.052,0
2022-08-19,5.068,5.068,5.068,5.068,0.0,5.068,0
2022-08-22,5.127,5.127,5.127,5.127,0.0,5.127,0
2022-08-23,5.134,5.134,5.134,5.134,0.0,5.134,0
2022-08-24,5.18,5.18,5.18,5.18,0.0,5.18,0
2022-08-25,5.242,5.242,5.242,5.242,0.0,5.242,0
2022-08-26,5.284,5.284,5.284,5.284,0.0,5.284,0
2022-08-29,5.353,5.353,5.353,5.353,0.0,5.353,0
2022-08-30,5.36,5.36,5.36,5.36,0.0,5.36,0
2022-08-31,5.381,5.381,5.381,5.381,0.0,5.381,0
2022-09-01,5.449,5.449,5.449,5.449,0.0,5.449,0
2022-09-02,5.553,5.553,5.553,5.553,0.0,5.553,0
2022-09-05,5.553,5.553,5.553,5.553,0.0,5.553,0
2022-09-06,5.555,5.555,5.555,5.555,0.0,5.555,0
2022-09-07,5.513,5.513,5.513,5.513,0.0,5.513,0
2022-09-08,5.466,5.466,5.466,5.466,0.0,5.466,0
2022-09-09,5.517,5.517,5.517,5.517,0.0,5.517,0
2022-09-12,5.462,5.462,5.462,5.462,0.0,5.462,0
2022-09-13,5.491,5.491,5.491,5.491,0.0,5.491,0
2022-09-14,5.55,5.55,5.55,5.55,0.0,5.55,0
2022-09-15,5.504,5.504,5.504,5.504,0.0,5.504,0
2022-09-16,5.399,5.399,5.399,5.399,0.0,5.399,0
2022-09-19,5.355,5.355,5.355,5.355,0.0,5.355,0
2022-09-20,5.286,5.286,5.286,5.286,0.0,5.286,0
2022-09-21,5.118,5.118,5.118,5.118,0.0,5.118,0
2022-09-22,4.966,4.966,4.966,4.966,0.0,4.966,0
2022-09-23,4.972,4.972,4.972,4.972,0.0,4.972,0
2022-09-26,4.891,4.891,4.891,4.891,0.0,4.891,0
2022-09-27,4.828,4.828,4.828,4.828,0.0,4.828,0
2022-09-28,4.764,4.764,4.764,4.764,0.0,4.764,0
2022-09-29,4.749,4.749,4.749,4.749,0.0,4.749,0
2022-09-30,4.755,4.755,4.755,4.755,0.0,4.755,0
2022-10-03,4.644,4.644,4.644,4.644,0.0,4.644,0
2022-10-04,4.694,4.694,4.694,4.694,0.0,4.694,0
2022-10-05,4.691,4.691,4.691,4.691,0.0,4.691,0
2022-10-06,4.718,4.718,4.718,4.718,0.0,4.718,0
2022-10-07,4.718,4.718,4.718,4.718,0.0,4.718,0
2022-10-10,4.74,4.74,4.74,4.74,0.0,4.74,0
2022-10-11,4.778,4.778,4.778,4.778,0.0,4.778,0
2022-10-12,4.757,4.757,4.757,4.757,0.0,4.757,0
2022-10-13,4.75,4.75,4.75,4.75,0.0,4.75,0
2022-10-14,4.773,4.773,4.773,4.773,0.0,4.773,0
2022-10-17,4.746,4.746,4.746,4.746,0.0,4.746,0
2022-10-18,4.711,4.711,4.711,4.711,0.0,4.711,0
2022-10-19,4.686,4.686,4.686,4.686,0.0,4.686,0
2022-10-20,4.924,4.924,4.924,4.924,0.0,4.924,0
2022-10-21,4.878,4.878,4.878,4.878,0.0,4.878,0
2022-10-24,4.879,4.879,4.879,4.879,0.0,4.879,0
2022-10-25,4.894,4.894,4.894,4.894,0.0,4.894,0
2022-10-26,4.911,4.911,4.911,4.911,0.0,4.911,0
2022-10-27,4.904,4.904,4.904,4.904,0.0,4.904,0
2022-10-28,4.922,4.922,4.922,4.922,0.0,4.922,0
2022-10-31,4.916,4.916,4.916,4.916,0.0,4.916,0
2022-11-01,4.881,4.881,4.881,4.881,0.0,4.881,0
2022-11-02,4.945,4.945,4.945,4.945,0.0,4.945,0
2022-11-03,4.99,4.99,4.99,4.99,0.0,4.99,0
2022-11-04,5.104,5.104,5.104,5.104,0.0,5.104,0
2022-11-07,5.148,5.148,5.148,5.148,0.0,5.148,0
2022-11-08,5.108,5.108,5.108,5.108,0.0,5.108,0
2022-11-09,5.122,5.122,5.122,5.122,0.0,5.122,0
2022-11-10,5.122,5.122,5.122,5.122,0.0,5.122,0
2022-11-11,5.095,5.095,5.095,5.095,0.0,5.095,0
2022-11-14,5.064,5.064,5.064,5.064,0.0,5.064,0
2022-11-15,5.1,5.1,5.1,5.1,0.0,5.1,0
2022-11-16,5.085,5.085,5.085,5.085,0.0,5.085,0
2022-11-17,5.087,5.087,5.087,5.087,0.0,5.087,0
2022-11-18,5.069,5.069,5.069,5.069,0.0,5.069,0
2022-11-21,5.024,5.024,5.024,5.024,0.0,5.024,0
2022-11-22,5.008,5.008,5.008,5.008,0.0,5.008,0
2022-11-23,5.058,5.058,5.058,5.058,0.0,5.058,0
2022-11-24,5.058,5.058,5.058,5.058,0.0,5.058,0
2022-11-25,5.052,5.052,5.052,5.052,0.0,5.052,0
2022-11-28,5.137,5.137,5.137,5.137,0.0,5.137,0
2022-11-29,5.135,5.135,5.135,5.135,0.0,5.135,0
2022-11-30,5.122,5.122,5.122,5.122,0.0,5.122,0
2022-12-01,5.102,5.102,5.102,5.102,0.0,5.102,0
2022-12-02,5.098,5.098,5.098,5.098,0.0,5.098,0
2022-12-05,5.106,5.106,5.106,5.106,0.0,5.106,0
2022-12-06,5.119,5.119,5.119,5.119,0.0,5.119,0
2022-12-07,5.124,5.124,5.124,5.124,0.0,5.124,0
2022-12-08,5.184,5.184,5.184,5.184,0.0,5.184,0
2022-12-09,5.188,5.188,5.188,5.188,0.0,5.188,0
2022-12-12,5.262,5.262,5.262,5.262,0.0,5.262,0
2022-12-13,5.25,5.25,5.25,5.25,0.0,5.25,0
2022-12-14,5.223,5.223,5.223,5.223,0.0,5.223,0
2022-12-15,5.264,5.264,5.264,5.264,0.0,5.264,0
2022-12-16,5.349,5.349,5.349,5.349,0.0,5.349,0
2022-12-19,5.325,5.325,5.325,5.325,0.0,5.325,0
2022-12-20,5.32,5.32,5.32,5.32,0.0,5.32,0
2022-12-21,5.232,5.232,5.232,5.232,0.0,5.232,0
2022-12-22,5.149,5.149,5.149,5.149,0.0,5.149,0
2022-12-23,5.162,5.162,5.162,5.162,0.0,5.162,0
2022-12-27,5.248,5.248,5.248,5.248,0.0,5.248,0
2022-12-28,5.17,5.17,5.17,5.17,0.0,5.17,0
2022-12-29,5.161,5.161,5.161,5.161,0.0,5.161,0
2022-12-30,5.17,5.17,5.17,5.17,0.0,5.17,0
2023-01-03,5.116,5.116,5.116,5.116,0.0,5.116,0
2023-01-04,5.119,5.119,5.119,5.119,0.0,5.119,0
2023-01-05,5.041,5.041,5.041,5.041,0.0,5.041,0
2023-01-06,4.985,4.985,4.985,4.985,0.0,4.985,0
2023-01-09,4.993,4.993,4.993,4.993,0.0,4.993,0
2023-01-10,5.017,5.017,5.017,5.017,0.0,5.017,0
2023-01-11,4.983,4.983,4.983,4.983,0.0,4.983,0
2023-01-12,4.982,4.982,4.982,4.982,0.0,4.982,0
2023-01-13,4.991,4.991,4.991,4.991,0.0,4.991,0
2023-01-16,4.991,4.991,4.991,4.991,0.0,4.991,0
2023-01-17,5.007,5.007,5.007,5.007,0.0,5.007,0
2023-01-18,5.041,5.041,5.041,5.041,0.0,5.041,0
2023-01-19,5.081,5.081,5.081,5.081,0.0,5.081,0
2023-01-20,5.045,5.045,5.045,5.045,0.0,5.045,0
2023-01-23,5.037,5.037,5.037,5.037,0.0,5.037,0
2023-01-24,5.006,5.006,5.006,5.006,0.0,5.006,0
2023-01-25,4.949,4.949,4.949,4.949,0.0,4.949,0
2023-01-26,4.956,4.956,4.956,4.956,0.0,4.956,0
2023-01-27,4.947,4.947,4.947,4.947,0.0,4.947,0
2023-01-30,4.868,4.868,4.868,4.868,0.0,4.868,0
2023-01-31,4.879,4.879,4.879,4.879,0.0,4.879,0
2023-02-01,4.712,4.712,4.712,4.712,0.0,4.712,0
2023-02-02,4.692,4.692,4.692,4.692,0.0,4.692,0
2023-02-03,4.608,4.608,4.608,4.608,0.0,4.608,0
2023-02-10,4.619,4.619,4.619,4.619,0.0,4.619,0
2023-02-13,4.562,4.562,4.562,4.562,0.0,4.562,0
2023-02-14,4.563,4.563,4.563,4.563,0.0,4.563,0
2023-02-15,4.558,4.558,4.558,4.558,0.0,4.558,0
2023-02-16,4.558,4.558,4.558,4.558,0.0,4.558,0
2023-02-17,4.544,4.544,4.544,4.544,0.0,4.544,0
2023-02-20,4.544,4.544,4.544,4.544,0.0,4.544,0
2023-02-21,4.544,4.544,4.544,4.544,0.0,4.544,0
2023-02-22,4.555,4.555,4.555,4.555,0.0,4.555,0
2023-02-23,4.589,4.589,4.589,4.589,0.0,4.589,0
2023-02-24,4.648,4.648,4.648,4.648,0.0,4.648,0
2023-02-27,4.69,4.69,4.69,4.69,0.0,4.69,0
2023-02-28,4.738,4.738,4.738,4.738,0.0,4.738,0
2023-03-01,4.819,4.819,4.819,4.819,0.0,4.819,0
2023-03-02,4.827,4.827,4.827,4.827,0.0,4.827,0
2023-03-03,4.867,4.867,4.867,4.867,0.0,4.867,0
2023-03-06,4.901,4.901,4.901,4.901,0.0,4.901,0
2023-03-07,4.928,4.928,4.928,4.928,0.0,4.928,0
2023-03-08,4.928,4.928,4.928,4.928,0.0,4.928,0
2023-03-09,4.722,4.722,4.722,4.722,0.0,4.722,0
2023-03-10,4.823,4.823,4.823,4.823,0.0,4.823,0
2023-03-13,4.834,4.834,4.834,4.834,0.0,4.834,0
2023-03-14,4.915,4.915,4.915,4.915,0.0,4.915,0
2023-03-15,4.918,4.918,4.918,4.918,0.0,4.918,0
2023-03-16,4.96,4.96,4.96,4.96,0.0,4.96,0
2023-03-17,4.953,4.953,4.953,4.953,0.0,4.953,0
2023-03-20,4.912,4.912,4.912,4.912,0.0,4.912,0
2023-03-21,4.961,4.961,4.961,4.961,0.0,4.961,0
2023-03-22,4.915,4.915,4.915,4.915,0.0,4.915,0
2023-03-23,4.95,4.95,4.95,4.95,0.0,4.95,0
2023-03-24,4.909,4.909,4.909,4.909,0.0,4.909,0
2023-03-27,4.888,4.888,4.888,4.888,0.0,4.888,0
2023-03-28,4.846,4.846,4.846,4.846,0.0,4.846,0
2023-03-29,4.843,4.843,4.843,4.843,0.0,4.843,0
2023-03-30,4.851,4.851,4.851,4.851,0.0,4.851,0
2023-03-31,4.844,4.844,4.844,4.844,0.0,4.844,0
2023-04-03,4.852,4.852,4.852,4.852,0.0,4.852,0
2023-04-04,4.864,4.864,4.864,4.864,0.0,4.864,0
2023-04-05,4.837,4.837,4.837,4.837,0.0,4.837,0
2023-04-06,4.793,4.793,4.793,4.793,0.0,4.793,0
2023-04-10,4.855,4.855,4.855,4.855,0.0,4.855,0
2023-04-11,4.865,4.865,4.865,4.865,0.0,4.865,0
2023-04-12,4.791,4.791,4.791,4.791,0.0,4.791,0
2023-04-13,4.759,4.759,4.759,4.759,0.0,4.759,0
2023-04-14,4.779,4.779,4.779,4.779,0.0,4.779,0
2023-04-17,4.845,4.845,4.845,4.845,0.0,4.845,0
2023-04-18,4.843,4.843,4.843,4.843,0.0,4.843,0
2023-04-19,4.865,4.865,4.865,4.865,0.0,4.865,0
2023-04-20,4.897,4.897,4.897,4.897,0.0,4.897,0
2023-04-21,4.904,4.904,4.904,4.904,0.0,4.904,0
2023-04-24,4.915,4.915,4.915,4.915,0.0,4.915,0
2023-04-25,4.913,4.913,4.913,4.913,0.0,4.913,0
2023-04-26,4.906,4.906,4.906,4.906,0.0,4.906,0
2023-04-27,4.88,4.91,4.88,4.91,7.0,4.88,1
2023-04-28,4.929,4.929,4.929,4.929,0.0,4.929,0
2023-05-01,4.886,4.886,4.886,4.886,0.0,4.886,0
2023-05-02,4.882,4.882,4.882,4.882,0.0,4.882,0
2023-05-03,4.904,4.904,4.904,4.904,0.0,4.904,0
2023-05-04,4.911,4.911,4.911,4.911,0.0,4.911,0
2023-05-05,4.843,4.843,4.843,4.843,0.0,4.843,0
2023-05-08,4.811,4.811,4.811,4.811,0.0,4.811,0
2023-05-09,4.794,4.794,4.794,4.794,0.0,4.794,0
2023-05-10,4.81,4.81,4.81,4.81,0.0,4.81,0
2023-05-11,4.741,4.741,4.741,4.741,0.0,4.741,0
2023-05-12,4.718,4.718,4.718,4.718,0.0,4.718,0
2023-05-15,4.722,4.722,4.722,4.722,0.0,4.722,0
2023-05-16,4.708,4.708,4.708,4.708,0.0,4.708,0
2023-05-17,4.632,4.632,4.632,4.632,0.0,4.632,0
2023-05-18,4.612,4.612,4.612,4.612,0.0,4.612,0
2023-05-19,4.557,4.557,4.557,4.557,0.0,4.557,0
2023-05-22,4.547,4.547,4.547,4.547,0.0,4.547,0
2023-05-23,4.535,4.535,4.535,4.535,0.0,4.535,0
2023-05-24,4.59,4.59,4.59,4.59,0.0,4.59,0
2023-05-25,4.54,4.54,4.54,4.54,0.0,4.54,0
2023-05-26,4.568,4.568,4.568,4.568,0.0,4.568,0
2023-05-29,4.568,4.568,4.568,4.568,0.0,4.568,0
2023-05-30,4.528,4.528,4.528,4.528,0.0,4.528,0
2023-05-31,4.493,4.493,4.493,4.493,0.0,4.493,0
2023-06-01,4.351,4.351,4.351,4.351,0.0,4.351,0
2023-06-02,4.391,4.391,4.391,4.391,0.0,4.391,0
2023-06-05,4.461,4.461,4.461,4.461,0.0,4.461,0
2023-06-06,4.458,4.458,4.458,4.458,0.0,4.458,0
2023-06-07,4.432,4.432,4.432,4.432,0.0,4.432,0
2023-06-08,4.403,4.403,4.403,4.403,0.0,4.403,0
2023-06-09,4.408,4.408,4.408,4.408,0.0,4.408,0
2023-06-12,4.405,4.405,4.405,4.405,0.0,4.405,0
2023-06-13,4.37,4.37,4.37,4.37,0.0,4.37,0
2023-06-14,4.383,4.383,4.383,4.383,0.0,4.383,0
2023-06-15,4.355,4.355,4.355,4.355,0.0,4.355,0
2023-06-16,4.374,4.374,4.374,4.374,0.0,4.374,0
2023-06-19,4.374,4.374,4.374,4.374,0.0,4.374,0
2023-06-20,4.421,4.421,4.421,4.421,0.0,4.421,0
2023-06-21,4.487,4.487,4.487,4.487,0.0,4.487,0
2023-06-22,4.505,4.505,4.505,4.505,0.0,4.505,0
2023-06-23,4.399,4.399,4.399,4.399,0.0,4.399,0
2023-06-26,4.373,4.373,4.373,4.373,0.0,4.373,0
2023-06-27,4.433,4.433,4.433,4.433,0.0,4.433,0
2023-06-28,4.265,4.265,4.265,4.265,0.0,4.265,0
2023-06-29,4.224,4.224,4.224,4.224,0.0,4.224,0
2023-06-30,4.225,4.225,4.225,4.225,0.0,4.225,0
2023-07-03,4.226,4.226,4.226,4.226,0.0,4.226,0
2023-07-04,4.226,4.226,4.226,4.226,0.0,4.226,0
2023-07-05,4.216,4.216,4.216,4.216,0.0,4.216,0
2023-07-06,4.218,4.218,4.218,4.218,0.0,4.218,0
2023-07-07,4.264,4.264,4.264,4.264,0.0,4.264,0
2023-07-10,4.308,4.308,4.308,4.308,0.0,4.308,0
2023-07-11,4.377,4.377,4.377,4.377,0.0,4.377,0
2023-07-12,4.443,4.443,4.443,4.443,0.0,4.443,0
2023-07-13,4.239,4.239,4.239,4.239,0.0,4.239,0
2023-07-14,4.319,4.319,4.319,4.319,0.0,4.319,0
2023-07-17,4.314,4.314,4.314,4.314,0.0,4.314,0
2023-07-18,4.373,4.373,4.373,4.373,0.0,4.373,0
2023-07-19,4.374,4.374,4.374,4.374,0.0,4.374,0
2023-07-20,4.361,4.361,4.361,4.361,0.0,4.361,0
2023-07-21,4.361,4.379,4.361,4.379,1.0,4.361,1
2023-07-24,4.42,4.42,4.42,4.42,0.0,4.42,0
2023-07-25,4.434,4.434,4.434,4.434,0.0,4.434,0
2023-07-26,4.452,4.452,4.452,4.452,0.0,4.452,0
2023-07-27,4.443,4.443,4.443,4.443,0.0,4.443,0
2023-07-28,4.452,4.452,4.452,4.452,0.0,4.452,0
2023-07-31,4.381,4.381,4.381,4.381,0.0,4.381,0
2023-08-01,4.291,4.291,4.291,4.291,0.0,4.291,0
2023-08-02,4.308,4.308,4.308,4.308,0.0,4.308,0
2023-08-03,4.288,4.288,4.288,4.288,0.0,4.288,0
2023-08-04,4.296,4.296,4.296,4.296,0.0,4.296,0
2023-08-07,4.357,4.357,4.357,4.357,0.0,4.357,0
2023-08-08,4.405,4.405,4.405,4.405,0.0,4.405,0
2023-08-09,4.367,4.367,4.367,4.367,0.0,4.367,0
2023-08-10,4.352,4.352,4.352,4.352,0.0,4.352,0
2023-08-11,4.38,4.38,4.38,4.38,0.0,4.38,0
2023-08-14,4.327,4.327,4.327,4.327,0.0,4.327,0
2023-08-15,4.459,4.459,4.459,4.459,0.0,4.459,0
2023-08-16,4.472,4.472,4.472,4.472,0.0,4.472,0
2023-08-17,4.446,4.446,4.446,4.446,0.0,4.446,0
2023-08-18,4.424,4.424,4.424,4.424,0.0,4.424,0
2023-08-21,4.493,4.493,4.493,4.493,0.0,4.493,0
2023-08-22,4.449,4.449,4.449,4.449,0.0,4.449,0
2023-08-23,4.534,4.534,4.534,4.534,0.0,4.534,0
2023-08-24,4.4,4.4,4.4,4.4,0.0,4.4,0
2023-08-25,4.381,4.381,4.381,4.381,0.0,4.381,0
2023-08-28,4.37,4.37,4.37,4.37,0.0,4.37,0
2023-08-29,4.347,4.347,4.347,4.347,0.0,4.347,0
2023-08-30,4.402,4.402,4.402,4.402,0.0,4.402,0
2023-08-31,4.413,4.413,4.413,4.413,0.0,4.413,0
2023-09-01,4.412,4.412,4.412,4.412,0.0,4.412,0
2023-09-04,4.412,4.412,4.412,4.412,0.0,4.412,0
2023-09-05,4.358,4.358,4.358,4.358,0.0,4.358,0
2023-09-06,4.372,4.372,4.372,4.372,0.0,4.372,0
2023-09-07,4.405,4.405,4.405,4.405,0.0,4.405,0
2023-09-08,4.411,4.411,4.411,4.411,0.0,4.411,0
2023-09-11,4.303,4.303,4.303,4.303,0.0,4.303,0
2023-09-12,4.315,4.315,4.315,4.315,0.0,4.315,0
2023-09-13,4.376,4.376,4.376,4.376,0.0,4.376,0
2023-09-14,4.34,4.34,4.34,4.34,0.0,4.34,0
2023-09-15,4.351,4.351,4.351,4.351,0.0,4.351,0
2023-09-18,4.393,4.393,4.393,4.393,0.0,4.393,0
2023-09-19,4.321,4.321,4.321,4.321,0.0,4.321,0
2023-09-20,4.377,4.377,4.377,4.377,0.0,4.377,0
2023-09-21,4.441,4.441,4.441,4.441,0.0,4.441,0
2023-09-22,4.445,4.445,4.445,4.445,0.0,4.445,0
2023-09-25,4.518,4.518,4.518,4.518,0.0,4.518,0
2023-09-26,4.473,4.473,4.473,4.473,0.0,4.473,0
2023-09-27,4.426,4.426,4.426,4.426,0.0,4.426,0
2023-09-28,4.433,4.433,4.433,4.433,0.0,4.433,0
2023-09-29,4.458,4.458,4.458,4.458,0.0,4.458,0
2023-10-02,4.464,4.464,4.464,4.464,0.0,4.464,0
2023-10-03,4.589,4.589,4.589,4.589,0.0,4.589,0
2023-10-04,4.511,4.511,4.511,4.511,0.0,4.511,0
2023-10-05,4.445,4.445,4.445,4.445,0.0,4.445,0
2023-10-06,4.419,4.419,4.419,4.419,0.0,4.419,0
2023-10-09,4.42,4.42,4.42,4.42,0.0,4.42,0
2023-10-10,4.422,4.422,4.422,4.422,0.0,4.422,0
2023-10-11,4.422,4.473,4.422,4.473,1.0,4.422,1
2023-10-12,4.534,4.534,4.534,4.534,0.0,4.534,0
2023-10-13,4.476,4.476,4.476,4.476,0.0,4.476,0
2023-10-16,4.456,4.456,4.456,4.456,0.0,4.456,0
2023-10-17,4.439,4.439,4.439,4.439,0.0,4.439,0
2023-10-18,4.434,4.434,4.434,4.434,0.0,4.434,0
2023-10-19,4.453,4.453,4.453,4.453,0.0,4.453,0
2023-10-20,4.459,4.459,4.459,4.459,0.0,4.459,0
2023-10-23,4.463,4.463,4.463,4.463,0.0,4.463,0
2023-10-24,4.468,4.468,4.468,4.468,0.0,4.468,0
2023-10-25,4.476,4.476,4.476,4.476,0.0,4.476,0
2023-10-26,4.461,4.461,4.461,4.461,0.0,4.461,0
2023-10-27,4.451,4.451,4.451,4.451,0.0,4.451,0
2023-10-30,4.442,4.442,4.442,4.442,0.0,4.442,0
2023-10-31,4.46,4.46,4.46,4.46,0.0,4.46,0
2023-11-01,4.558,4.558,4.558,4.558,0.0,4.558,0
2023-11-02,4.618,4.618,4.618,4.618,0.0,4.618,0
2023-11-03,4.548,4.548,4.548,4.548,0.0,4.548,0
2023-11-06,4.573,4.573,4.573,4.573,0.0,4.573,0
2023-11-07,4.604,4.604,4.604,4.604,0.0,4.604,0
2023-11-08,4.521,4.521,4.521,4.521,0.0,4.521,0
2023-11-09,4.526,4.526,4.526,4.526,0.0,4.526,0
2023-11-10,4.489,4.489,4.489,4.489,0.0,4.489,0
2023-11-13,4.537,4.537,4.537,4.537,0.0,4.537,0
2023-11-14,4.517,4.517,4.517,4.517,0.0,4.517,0
2023-11-15,4.56,4.56,4.56,4.56,0.0,4.56,0
2023-11-16,4.541,4.541,4.541,4.541,0.0,4.541,0
2023-11-17,4.544,4.544,4.544,4.544,0.0,4.544,0
2023-11-20,4.531,4.531,4.531,4.531,0.0,4.531,0
2023-11-21,4.506,4.506,4.506,4.506,0.0,4.506,0
2023-11-22,4.493,4.493,4.493,4.493,0.0,4.493,0
2023-11-23,4.493,4.493,4.493,4.493,0.0,4.493,0
2023-11-24,4.553,4.553,4.553,4.553,0.0,4.553,0
2023-11-27,4.568,4.568,4.568,4.568,0.0,4.568,0
2023-11-28,4.487,4.487,4.487,4.487,0.0,4.487,0
2023-11-29,4.462,4.462,4.462,4.462,0.0,4.462,0
2023-11-30,4.469,4.469,4.469,4.469,0.0,4.469,0
2023-12-01,4.485,4.485,4.485,4.485,0.0,4.485,0
2023-12-04,4.451,4.451,4.451,4.451,0.0,4.451,0
2023-12-05,4.416,4.416,4.416,4.416,0.0,4.416,0
2023-12-06,4.226,4.226,4.226,4.226,0.0,4.226,0
2023-12-07,4.225,4.225,4.225,4.225,0.0,4.225,0
2023-12-08,4.203,4.203,4.203,4.203,0.0,4.203,0
2023-12-11,4.198,4.198,4.198,4.198,0.0,4.198,0
2023-12-12,4.237,4.237,4.237,4.237,0.0,4.237,0
2023-12-13,4.278,4.278,4.278,4.278,0.0,4.278,0
2023-12-14,4.348,4.348,4.348,4.348,0.0,4.348,0
2023-12-15,4.403,4.403,4.403,4.403,0.0,4.403,0
2023-12-18,4.4,4.4,4.4,4.4,0.0,4.4,0
2023-12-19,4.376,4.376,4.376,4.376,0.0,4.376,0
2023-12-20,4.371,4.435,4.371,4.435,100.0,4.371,1
2023-12-21,4.362,4.362,4.362,4.362,0.0,4.362,0
2023-12-22,4.327,4.327,4.327,4.327,0.0,4.327,0
2023-12-26,4.281,4.281,4.281,4.281,0.0,4.281,0
2023-12-27,4.3,4.3,4.3,4.3,0.0,4.3,0
2023-12-28,4.318,4.318,4.318,4.318,0.0,4.318,0
2023-12-29,4.326,4.326,4.326,4.326,0.0,4.326,0
2024-01-02,4.322,4.322,4.322,4.322,0.0,4.322,0
2024-01-03,4.358,4.358,4.358,4.358,0.0,4.358,0
2024-01-04,4.349,4.349,4.349,4.349,0.0,4.349,0
2024-01-05,4.386,4.386,4.386,4.386,0.0,4.386,0
2024-01-08,4.386,4.396,4.386,4.396,1.0,4.386,1
2024-01-09,4.451,4.451,4.451,4.451,0.0,4.451,0
2024-01-10,4.402,4.402,4.402,4.402,0.0,4.402,0
2024-01-11,4.355,4.355,4.355,4.355,0.0,4.355,0
2024-01-12,4.351,4.351,4.351,4.351,0.0,4.351,0
2024-01-15,4.351,4.351,4.351,4.351,0.0,4.351,0
2024-01-16,4.333,4.333,4.333,4.333,0.0,4.333,0
2024-01-17,4.375,4.375,4.375,4.375,0.0,4.375,0
2024-01-18,4.378,4.378,4.378,4.378,0.0,4.378,0
2024-01-19,4.321,4.321,4.321,4.321,0.0,4.321,0
2024-01-22,4.25,4.25,4.25,4.25,0.0,4.25,0
2024-01-23,4.363,4.363,4.363,4.363,0.0,4.363,0
2024-01-24,4.334,4.334,4.334,4.334,0.0,4.334,0
2024-01-25,4.234,4.234,4.234,4.234,0.0,4.234,0
2024-01-26,4.262,4.262,4.262,4.262,0.0,4.262,0
2024-01-29,4.229,4.229,4.229,4.229,0.0,4.229,0
2024-01-30,4.278,4.278,4.278,4.278,0.0,4.278,0
2024-01-31,4.3,4.3,4.3,4.3,0.0,4.3,0
2024-02-01,4.304,4.304,4.304,4.304,0.0,4.304,0
2024-02-02,4.387,4.387,4.387,4.387,0.0,4.387,0
2024-02-05,4.366,4.366,4.366,4.366,0.0,4.366,0
2024-02-06,4.352,4.352,4.352,4.352,0.0,4.352,0
2024-02-07,4.352,4.352,4.352,4.352,0.0,4.352,0
2024-02-08,4.333,4.333,4.333,4.333,0.0,4.333,0
2024-02-09,4.332,4.332,4.332,4.332,0.0,4.332,0
2024-02-12,4.313,4.313,4.313,4.313,0.0,4.313,0
2024-02-13,4.354,4.354,4.354,4.354,0.0,4.354,0
2024-02-14,4.326,4.326,4.326,4.326,0.0,4.326,0
2024-02-15,4.299,4.299,4.299,4.299,0.0,4.299,0
2024-02-16,4.279,4.279,4.279,4.279,0.0,4.279,0
2024-02-19,4.279,4.279,4.279,4.279,0.0,4.279,0
2024-02-20,4.269,4.269,4.269,4.269,0.0,4.269,0
2024-02-21,4.298,4.298,4.298,4.298,0.0,4.298,0
2024-02-22,4.348,4.348,4.348,4.348,0.0,4.348,0
2024-02-23,4.302,4.302,4.302,4.302,0.0,4.302,0
2024-02-26,4.306,4.306,4.306,4.306,0.0,4.306,0
2024-02-27,4.31,4.31,4.31,4.31,0.0,4.31,0
2024-02-28,4.33,4.33,4.33,4.33,0.0,4.33,0
2024-02-29,4.333,4.333,4.333,4.333,0.0,4.333,0
2024-03-01,4.305,4.305,4.305,4.305,0.0,4.305,0
2024-03-04,4.302,4.302,4.302,4.302,0.0,4.302,0
2024-03-05,4.318,4.318,4.318,4.318,0.0,4.318,0
2024-03-06,4.323,4.323,4.323,4.323,0.0,4.323,0
2024-03-07,4.327,4.327,4.327,4.327,0.0,4.327,0
2024-03-08,4.369,4.369,4.369,4.369,0.0,4.369,0
2024-03-11,4.385,4.385,4.385,4.385,0.0,4.385,0
2024-03-12,4.366,4.366,4.366,4.366,0.0,4.366,0
2024-03-13,4.363,4.363,4.363,4.363,0.0,4.363,0
2024-03-14,4.368,4.368,4.368,4.368,0.0,4.368,0
2024-03-15,4.359,4.359,4.359,4.359,0.0,4.359,0
2024-03-18,4.357,4.357,4.357,4.357,0.0,4.357,0
2024-03-19,4.37,4.37,4.37,4.37,0.0,4.37,0
2024-03-20,4.349,4.349,4.349,4.349,0.0,4.349,0
2024-03-21,4.326,4.326,4.326,4.326,0.0,4.326,0
2024-03-22,4.368,4.368,4.368,4.368,0.0,4.368,0
2024-03-25,4.3,4.3,4.3,4.3,0.0,4.3,0
2024-03-26,4.315,4.315,4.315,4.315,0.0,4.315,0
2024-03-27,4.3,4.3,4.3,4.3,0.0,4.3,0
2024-03-28,4.326,4.326,4.326,4.326,0.0,4.326,0
2024-04-01,4.31,4.365,4.31,4.365,1.0,4.31,1
2024-04-02,4.414,4.414,4.414,4.414,0.0,4.414,0
2024-04-03,4.38,4.38,4.38,4.38,0.0,4.38,0
2024-04-04,4.378,4.378,4.378,4.378,0.0,4.378,0
2024-04-05,4.385,4.385,4.385,4.385,0.0,4.385,0
2024-04-08,4.379,4.379,4.379,4.379,0.0,4.379,0
2024-04-09,4.359,4.359,4.359,4.359,0.0,4.359,0
2024-04-10,4.378,4.378,4.378,4.378,0.0,4.378,0
2024-04-11,4.461,4.461,4.461,4.461,0.0,4.461,0
2024-04-12,4.498,4.501,4.498,4.501,1.0,4.498,1
2024-04-15,4.545,4.545,4.545,4.545,0.0,4.545,0
2024-04-16,4.595,4.595,4.595,4.595,0.0,4.595,0
2024-04-17,4.568,4.568,4.568,4.568,0.0,4.568,0
2024-04-18,4.555,4.555,4.555,4.555,0.0,4.555,0
2024-04-19,4.559,4.559,4.559,4.559,0.0,4.559,0
2024-04-22,4.557,4.557,4.557,4.557,0.0,4.557,0
2024-04-23,4.563,4.563,4.563,4.563,0.0,4.563,0
2024-04-24,4.573,4.573,4.573,4.573,0.0,4.573,0
2024-04-25,4.58,4.58,4.58,4.58,0.0,4.58,0
2024-04-26,4.587,4.587,4.587,4.587,0.0,4.587,0
2024-04-29,4.6,4.6,4.6,4.6,0.0,4.6,0
2024-04-30,4.623,4.623,4.623,4.623,0.0,4.623,0
2024-05-01,4.621,4.621,4.621,4.621,0.0,4.621,0
2024-05-02,4.629,4.629,4.629,4.629,0.0,4.629,0
2024-05-03,4.597,4.597,4.597,4.597,0.0,4.597,0
2024-05-06,4.61,4.61,4.61,4.61,0.0,4.61,0
2024-05-07,4.553,4.553,4.553,4.553,0.0,4.553,0
2024-05-08,4.486,4.486,4.486,4.486,0.0,4.486,0
2024-05-09,4.408,4.408,4.408,4.408,0.0,4.408,0
2024-05-10,4.473,4.473,4.473,4.473,0.0,4.473,0
2024-05-13,4.488,4.488,4.488,4.488,0.0,4.488,0
2024-05-14,4.501,4.501,4.501,4.501,0.0,4.501,0
2024-05-15,4.519,4.519,4.519,4.519,0.0,4.519,0
2024-05-16,4.549,4.549,4.549,4.549,0.0,4.549,0
2024-05-17,4.608,4.608,4.608,4.608,0.0,4.608,0
2024-05-20,4.628,4.628,4.597,4.597,1.0,4.628,1
2024-05-21,4.626,4.626,4.626,4.626,0.0,4.626,0
2024-05-22,4.602,4.602,4.602,4.602,0.0,4.602,0
2024-05-23,4.569,4.569,4.569,4.569,0.0,4.569,0
2024-05-24,4.57,4.57,4.57,4.57,0.0,4.57,0
2024-05-27,4.57,4.57,4.57,4.57,0.0,4.57,0
2024-05-28,4.574,4.574,4.574,4.574,0.0,4.574,0
2024-05-29,4.515,4.515,4.515,4.515,0.0,4.515,0
2024-05-30,4.509,4.509,4.509,4.509,0.0,4.509,0
2024-05-31,4.488,4.488,4.488,4.488,0.0,4.488,0
2024-06-03,4.502,4.502,4.502,4.502,0.0,4.502,0
2024-06-04,4.473,4.473,4.473,4.473,0.0,4.473,0
2024-06-05,4.444,4.444,4.444,4.444,0.0,4.444,0
2024-06-06,4.467,4.467,4.467,4.467,0.0,4.467,0
2024-06-07,4.462,4.462,4.462,4.462,0.0,4.462,0
2024-06-10,4.447,4.447,4.447,4.447,0.0,4.447,0
2024-06-11,4.44,4.44,4.44,4.44,0.0,4.44,0
2024-06-12,4.42,4.42,4.42,4.42,0.0,4.42,0
2024-06-13,4.384,4.384,4.384,4.384,0.0,4.384,0
2024-06-14,4.397,4.397,4.397,4.397,0.0,4.397,0
2024-06-17,4.399,4.399,4.399,4.399,0.0,4.399,0
2024-06-18,4.44,4.44,4.44,4.44,0.0,4.44,0
2024-06-19,4.44,4.44,4.44,4.44,0.0,4.44,0
2024-06-20,4.398,4.398,4.398,4.398,0.0,4.398,0
2024-06-21,4.369,4.369,4.369,4.369,0.0,4.369,0
2024-06-24,4.393,4.393,4.393,4.393,0.0,4.393,0
2024-06-25,4.382,4.382,4.382,4.382,0.0,4.382,0
2024-06-26,4.384,4.384,4.384,4.384,0.0,4.384,0
2024-06-27,4.315,4.315,4.315,4.315,0.0,4.315,0
2024-06-28,4.381,4.381,4.381,4.381,0.0,4.381,0
2024-07-01,4.364,4.364,4.364,4.364,0.0,4.364,0
2024-07-02,4.35,4.35,4.35,4.35,0.0,4.35,0
2024-07-03,4.335,4.335,4.335,4.335,0.0,4.335,0
2024-07-04,4.335,4.335,4.335,4.335,0.0,4.335,0
2024-07-05,4.319,4.319,4.319,4.319,0.0,4.319,0
2024-07-08,4.36,4.36,4.36,4.36,0.0,4.36,0
2024-07-09,4.364,4.364,4.364,4.364,0.0,4.364,0
2024-07-10,4.364,4.364,4.364,4.364,0.0,4.364,0
2024-07-11,4.34,4.34,4.334,4.334,1.0,4.34,1
2024-07-12,4.34,4.34,4.34,4.34,0.0,4.34,0
2024-07-15,4.314,4.314,4.314,4.314,0.0,4.314,0
2024-07-16,4.306,4.306,4.306,4.306,0.0,4.306,0
2024-07-17,4.254,4.254,4.254,4.254,0.0,4.254,0
2024-07-18,4.229,4.229,4.229,4.229,0.0,4.229,0
2024-07-19,4.272,4.272,4.272,4.272,0.0,4.272,0
2024-07-22,4.291,4.291,4.291,4.291,0.0,4.291,0
2024-07-23,4.299,4.299,4.299,4.299,0.0,4.299,0
2024-07-24,4.285,4.285,4.23,4.23,101.0,4.2503,2
2024-07-25,4.187,4.187,4.187,4.187,0.0,4.187,0
2024-07-26,4.202,4.202,4.202,4.202,0.0,4.202,0
2024-07-29,4.199,4.199,4.199,4.199,0.0,4.199,0
2024-07-30,4.186,4.186,4.186,4.186,0.0,4.186,0
2024-07-31,4.153,4.153,4.153,4.153,0.0,4.153,0
2024-08-01,4.132,4.132,4.132,4.132,0.0,4.132,0
2024-08-02,4.088,4.088,4.088,4.088,0.0,4.088,0
2024-08-05,4.058,4.058,4.058,4.058,0.0,4.058,0
2024-08-06,4.054,4.054,4.054,4.054,0.0,4.054,0
2024-08-07,4.024,4.024,4.024,4.024,0.0,4.024,0
2024-08-08,4.075,4.075,4.075,4.075,0.0,4.075,0
2024-08-09,4.124,4.124,4.124,4.124,0.0,4.124,0
2024-08-12,4.093,4.093,4.093,4.093,0.0,4.093,0
2024-08-13,4.114,4.114,4.114,4.114,0.0,4.114,0
2024-08-14,4.08,4.08,4.08,4.08,0.0,4.08,0
2024-08-15,4.079,4.081,4.079,4.081,1.0,4.079,1
2024-08-16,4.076,4.076,4.076,4.076,0.0,4.076,0
2024-08-19,4.098,4.098,4.098,4.098,0.0,4.098,0
2024-08-20,4.117,4.117,4.117,4.117,0.0,4.117,0
2024-08-21,4.095,4.095,4.095,4.095,0.0,4.095,0
2024-08-22,4.139,4.139,4.139,4.139,0.0,4.139,0
2024-08-23,4.167,4.167,4.167,4.167,0.0,4.167,0
2024-08-26,4.158,4.158,4.158,4.158,0.0,4.158,0
2024-08-27,4.146,4.146,4.146,4.146,0.0,4.146,0
2024-08-28,4.139,4.139,4.139,4.139,0.0,4.139,0
2024-08-29,4.138,4.138,4.12,4.12,1.0,4.138,1
2024-08-30,4.111,4.111,4.111,4.111,0.0,4.111,0
2024-09-02,4.111,4.111,4.111,4.111,0.0,4.111,0
2024-09-03,4.127,4.127,4.127,4.127,0.0,4.127,0
2024-09-04,4.125,4.125,4.125,4.125,0.0,4.125,0
2024-09-05,4.089,4.089,4.089,4.089,0.0,4.089,0
2024-09-06,4.023,4.023,4.023,4.023,0.0,4.023,0
2024-09-09,4.041,4.041,4.041,4.041,0.0,4.041,0
2024-09-10,3.997,3.997,3.997,3.997,0.0,3.997,0
2024-09-11,3.997,3.997,3.997,3.997,0.0,3.997,0
2024-09-12,4.003,4.003,4.003,4.003,0.0,4.003,0
2024-09-13,3.972,3.972,3.972,3.972,0.0,3.972,0
2024-09-16,3.972,3.998,3.972,3.998,1.0,3.972,1
2024-09-17,3.964,3.964,3.964,3.964,0.0,3.964,0
2024-09-18,3.976,3.976,3.976,3.976,0.0,3.976,0
2024-09-19,3.969,3.969,3.969,3.969,0.0,3.969,0
2024-09-20,3.994,3.994,3.994,3.994,0.0,3.994,0
2024-09-23,3.985,3.985,3.985,3.985,0.0,3.985,0
2024-09-24,4.035,4.035,4.035,4.035,0.0,4.035,0
2024-09-25,4.057,4.057,4.057,4.057,0.0,4.057,0
2024-09-26,4.074,4.074,4.074,4.074,0.0,4.074,0
2024-09-27,4.091,4.091,4.091,4.091,0.0,4.091,0
2024-09-30,4.075,4.075,4.075,4.075,0.0,4.075,0
2024-10-01,4.07,4.07,4.07,4.07,0.0,4.07,0
2024-10-02,4.046,4.046,4.046,4.046,0.0,4.046,0
2024-10-03,4.087,4.087,4.087,4.087,0.0,4.087,0
2024-10-04,4.121,4.121,4.121,4.121,0.0,4.121,0
2024-10-07,4.131,4.131,4.131,4.131,0.0,4.131,0
2024-10-08,4.101,4.101,4.101,4.101,0.0,4.101,0
2024-10-09,4.085,4.085,4.081,4.081,1.0,4.085,1
2024-10-10,4.096,4.096,4.096,4.096,0.0,4.096,0
2024-10-11,4.09,4.09,4.09,4.09,0.0,4.09,0
2024-10-14,4.093,4.093,4.093,4.093,0.0,4.093,0
2024-10-15,4.149,4.149,4.149,4.149,0.0,4.149,0
2024-10-16,4.086,4.086,4.086,4.086,0.0,4.086,0
2024-10-17,4.124,4.124,4.124,4.124,0.0,4.124,0
2024-10-18,4.084,4.084,4.084,4.084,0.0,4.084,0
2024-10-21,4.104,4.104,4.104,4.104,0.0,4.104,0
2024-10-22,4.087,4.087,4.087,4.087,0.0,4.087,0
2024-10-23,4.092,4.092,4.092,4.092,0.0,4.092,0
2024-10-24,4.082,4.082,4.082,4.082,0.0,4.082,0
2024-10-25,4.097,4.097,4.097,4.097,0.0,4.097,0
2024-10-28,4.085,4.085,4.085,4.085,0.0,4.085,0
2024-10-29,4.124,4.124,4.124,4.124,0.0,4.124,0
2024-10-30,4.153,4.153,4.153,4.153,0.0,4.153,0
2024-10-31,4.1,4.1,4.1,4.1,0.0,4.1,0
2024-11-01,4.128,4.128,4.128,4.128,0.0,4.128,0
2024-11-04,4.156,4.156,4.156,4.156,0.0,4.156,0
2024-11-05,4.13,4.13,4.097,4.097,1.0,4.13,1
2024-11-06,4.105,4.128,4.105,4.128,6.0,4.105,1
2024-11-07,4.141,4.141,4.141,4.141,0.0,4.141,0
2024-11-08,4.099,4.099,4.099,4.099,0.0,4.099,0
2024-11-11,4.096,4.096,4.096,4.096,0.0,4.096,0
2024-11-12,4.116,4.116,4.116,4.116,0.0,4.116,0
2024-11-13,4.131,4.131,4.131,4.131,0.0,4.131,0
2024-11-14,4.1,4.1,4.1,4.1,0.0,4.1,0
2024-11-15,4.069,4.069,4.069,4.069,0.0,4.069,0
2024-11-18,4.018,4.018,4.018,4.018,0.0,4.018,0
2024-11-19,4.077,4.077,4.077,4.077,0.0,4.077,0
2024-11-20,4.163,4.163,4.163,4.163,0.0,4.163,0
2024-11-21,4.103,4.103,4.103,4.103,0.0,4.103,0
2024-11-22,4.108,4.108,4.108,4.108,0.0,4.108,0
2024-11-25,4.144,4.166,4.144,4.166,4.0,4.144,1
2024-11-26,4.127,4.127,4.127,4.127,0.0,4.127,0
2024-11-27,4.126,4.126,4.126,4.126,0.0,4.126,0
2024-11-28,4.126,4.126,4.126,4.126,0.0,4.126,0
2024-11-29,4.231,4.231,4.231,4.231,0.0,4.231,0
2024-12-02,4.148,4.148,4.148,4.148,0.0,4.148,0
2024-12-03,4.143,4.143,4.143,4.143,0.0,4.143,0
2024-12-04,4.182,4.182,4.182,4.182,0.0,4.182,0
2024-12-05,4.19,4.19,4.19,4.19,0.0,4.19,0
2024-12-06,4.19,4.198,4.19,4.198,1.0,4.19,1
2024-12-09,4.164,4.164,4.164,4.164,0.0,4.164,0
2024-12-10,4.16,4.16,4.16,4.16,0.0,4.16,0
2024-12-11,4.118,4.118,4.118,4.118,0.0,4.118,0
2024-12-12,4.125,4.125,4.125,4.125,0.0,4.125,0
2024-12-13,4.132,4.132,4.132,4.132,0.0,4.132,0
2024-12-16,4.156,4.156,4.156,4.156,0.0,4.156,0
2024-12-17,4.187,4.187,4.187,4.187,0.0,4.187,0
2024-12-18,4.158,4.158,4.158,4.158,0.0,4.158,0
2024-12-19,4.175,4.175,4.175,4.175,0.0,4.175,0
2024-12-20,4.157,4.157,4.157,4.157,0.0,4.157,0
2024-12-23,4.182,4.182,4.182,4.182,0.0,4.182,0
2024-12-24,4.234,4.234,4.234,4.234,0.0,4.234,0
2024-12-26,4.273,4.273,4.273,4.273,0.0,4.273,0
2024-12-27,4.213,4.213,4.213,4.213,0.0,4.213,0
2024-12-30,4.259,4.259,4.259,4.259,0.0,4.259,0
2024-12-31,4.246,4.246,4.246,4.246,0.0,4.246,0
2025-01-02,4.248,4.248,4.248,4.248,0.0,4.248,0
2025-01-03,4.203,4.203,4.203,4.203,0.0,4.203,0
2025-01-06,4.214,4.214,4.214,4.214,0.0,4.214,0
2025-01-07,4.151,4.151,4.151,4.151,0.0,4.151,0
2025-01-08,4.185,4.185,4.185,4.185,0.0,4.185,0
2025-01-09,4.198,4.198,4.198,4.198,0.0,4.198,0
2025-01-10,4.211,4.211,4.211,4.211,0.0,4.211,0
2025-01-13,4.205,4.205,4.205,4.205,0.0,4.205,0
2025-01-14,4.175,4.175,4.175,4.175,0.0,4.175,0
2025-01-15,4.192,4.192,4.192,4.192,0.0,4.192,0
2025-01-16,4.185,4.185,4.185,4.185,0.0,4.185,0
2025-01-17,4.157,4.157,4.157,4.157,0.0,4.157,0
2025-01-20,4.157,4.157,4.157,4.157,1.0,4.157,1
2025-01-21,4.135,4.135,4.135,4.135,0.0,4.135,0
2025-01-22,4.174,4.174,4.174,4.174,0.0,4.174,0
2025-01-23,4.27,4.27,4.27,4.27,0.0,4.27,0
2025-01-24,4.278,4.278,4.278,4.278,0.0,4.278,0
2025-01-27,4.22,4.22,4.22,4.22,0.0,4.22,0
2025-01-28,4.156,4.156,4.156,4.156,0.0,4.156,0
2025-01-29,4.204,4.204,4.204,4.204,0.0,4.204,0
2025-01-30,4.158,4.158,4.158,4.158,0.0,4.158,0
2025-01-31,4.134,4.134,4.134,4.134,0.0,4.134,0
2025-02-03,4.16,4.16,4.16,4.16,0.0,4.16,0
2025-02-04,4.163,4.163,4.163,4.163,0.0,4.163,0
2025-02-05,4.164,4.164,4.164,4.164,0.0,4.164,0
2025-02-06,4.158,4.158,4.158,4.158,0.0,4.158,0
2025-02-07,4.136,4.136,4.136,4.136,0.0,4.136,0
2025-02-10,4.155,4.155,4.155,4.155,0.0,4.155,0
2025-02-11,4.18,4.18,4.18,4.18,0.0,4.18,0
2025-02-12,4.2,4.204,4.2,4.204,5.0,4.2,1
2025-02-13,4.2,4.211,4.2,4.211,1.0,4.2,1
2025-02-14,4.209,4.209,4.209,4.209,0.0,4.209,0
2025-02-17,4.209,4.209,4.209,4.209,0.0,4.209,0
2025-02-18,4.186,4.186,4.186,4.186,0.0,4.186,0
2025-02-19,4.184,4.184,4.184,4.184,0.0,4.184,0
2025-02-20,4.093,4.093,4.093,4.093,0.0,4.093,0
2025-02-21,4.092,4.092,4.092,4.092,0.0,4.092,0
2025-02-24,4.084,4.084,4.084,4.084,0.0,4.084,0
2025-02-25,4.057,4.057,4.057,4.057,0.0,4.057,0
2025-02-26,4.032,4.032,4.032,4.032,0.0,4.032,0
2025-02-27,4.124,4.124,4.124,4.124,0.0,4.124,0
2025-02-28,4.161,4.161,4.161,4.161,0.0,4.161,0
2025-03-03,4.172,4.172,4.172,4.172,0.0,4.172,0
2025-03-04,4.173,4.173,4.173,4.173,0.0,4.173,0
2025-03-05,4.19,4.19,4.19,4.19,0.0,4.19,0
2025-03-06,4.148,4.148,4.148,4.148,0.0,4.148,0
2025-03-07,4.163,4.163,4.163,4.163,0.0,4.163,0
2025-03-10,4.155,4.155,4.13,4.13,1.0,4.155,1
2025-03-11,4.116,4.116,4.116,4.116,0.0,4.116,0
2025-03-12,4.11,4.11,4.103,4.103,1.0,4.11,1
2025-03-13,4.124,4.124,4.124,4.124,0.0,4.124,0
2025-03-14,4.11,4.11,4.11,4.11,0.0,4.11,0
2025-03-17,4.106,4.106,4.106,4.106,0.0,4.106,0
2025-03-18,4.109,4.109,4.109,4.109,0.0,4.109,0
2025-03-19,4.099,4.106,4.099,4.106,1.0,4.099,1
2025-03-20,4.114,4.114,4.114,4.114,0.0,4.114,0
2025-03-21,4.116,4.116,4.116,4.116,0.0,4.116,0
2025-03-24,4.13,4.13,4.13,4.13,0.0,4.13,0
2025-03-25,4.103,4.103,4.103,4.103,0.0,4.103,0
2025-03-26,4.079,4.079,4.079,4.079,0.0,4.079,0
2025-03-27,4.077,4.077,4.077,4.077,0.0,4.077,0
2025-03-28,4.065,4.065,4.065,4.065,0.0,4.065,0
2025-03-31,4.074,4.074,4.074,4.074,0.0,4.074,0
2025-04-01,4.067,4.067,4.067,4.067,0.0,4.067,0
2025-04-02,4.089,4.089,4.089,4.089,0.0,4.089,0
2025-04-03,4.125,4.125,4.125,4.125,0.0,4.125,0
2025-04-04,4.1,4.121,4.1,4.121,1.0,4.1,1
2025-04-07,4.064,4.064,4.064,4.064,0.0,4.064,0
2025-04-08,4.037,4.037,4.037,4.037,0.0,4.037,0
2025-04-09,4.096,4.096,4.096,4.096,0.0,4.096,0
2025-04-10,4.045,4.061,4.045,4.061,1.0,4.045,1
2025-04-11,4.106,4.106,4.106,4.106,0.0,4.106,0
2025-04-14,4.135,4.149,4.135,4.149,1.0,4.135,1
2025-04-15,4.139,4.139,4.139,4.139,0.0,4.139,0
2025-04-16,4.137,4.137,4.137,4.137,0.0,4.137,0
2025-04-17,4.16,4.16,4.138,4.138,2.0,4.16,1
2025-04-21,4.094,4.094,4.094,4.094,0.0,4.094,0
2025-04-22,4.092,4.092,4.092,4.092,0.0,4.092,0
2025-04-23,4.12,4.12,4.099,4.099,1.0,4.12,1
2025-04-24,4.11,4.11,4.11,4.11,0.0,4.11,0
2025-04-25,4.079,4.079,4.079,4.079,0.0,4.079,0
2025-04-28,4.11,4.11,4.11,4.11,0.0,4.11,0
2025-04-29,4.121,4.121,4.121,4.121,0.0,4.121,0
2025-04-30,4.126,4.126,4.126,4.126,0.0,4.126,0
2025-05-01,4.115,4.115,4.115,4.115,0.0,4.115,0
2025-05-02,4.126,4.126,4.126,4.126,0.0,4.126,0
2025-05-05,4.135,4.135,4.135,4.135,0.0,4.135,0
2025-05-06,4.157,4.157,4.157,4.157,0.0,4.157,0
2025-05-07,4.177,4.187,4.177,4.187,1.0,4.177,1
2025-05-08,4.222,4.222,4.222,4.222,0.0,4.222,0
2025-05-09,4.253,4.253,4.253,4.253,0.0,4.253,0
2025-05-12,4.251,4.251,4.251,4.251,0.0,4.251,0
2025-05-13,4.26,4.277,4.26,4.277,1.0,4.26,1
2025-05-14,4.312,4.312,4.312,4.312,0.0,4.312,0
2025-05-15,4.313,4.313,4.292,4.292,1.0,4.313,1
2025-05-16,4.311,4.311,4.311,4.311,0.0,4.311,0
2025-05-19,4.253,4.253,4.253,4.253,0.0,4.253,0
2025-05-20,4.288,4.288,4.288,4.288,0.0,4.288,0
2025-05-21,4.274,4.274,4.274,4.274,0.0,4.274,0
2025-05-22,4.284,4.284,4.284,4.284,0.0,4.284,0
2025-05-23,4.311,4.311,4.311,4.311,0.0,4.311,0
2025-05-27,4.342,4.342,4.342,4.342,0.0,4.342,0
2025-05-28,4.321,4.321,4.321,4.321,0.0,4.321,0
2025-05-29,4.321,4.321,4.313,4.313,1.0,4.321,1
2025-05-30,4.299,4.317,4.299,4.317,1.0,4.299,1
2025-06-02,4.311,4.311,4.311,4.311,0.0,4.311,0
2025-06-03,4.312,4.312,4.312,4.312,0.0,4.312,0
2025-06-04,4.31,4.319,4.31,4.319,1.0,4.31,1
2025-06-05,4.299,4.299,4.299,4.299,0.0,4.299,0
2025-06-06,4.314,4.314,4.314,4.314,0.0,4.314,0
2025-06-09,4.301,4.301,4.301,4.301,0.0,4.301,0
2025-06-10,4.279,4.279,4.279,4.279,0.0,4.279,0
2025-06-11,4.289,4.289,4.289,4.289,0.0,4.289,0
2025-06-12,4.274,4.274,4.274,4.274,0.0,4.274,0
2025-06-13,4.334,4.334,4.334,4.334,0.0,4.334,0
2025-06-16,4.365,4.365,4.365,4.365,0.0,4.365,0
2025-06-17,4.379,4.379,4.379,4.379,0.0,4.379,0
2025-06-18,4.385,4.385,4.385,4.385,0.0,4.385,0
2025-06-20,4.387,4.387,4.387,4.387,0.0,4.387,0
2025-06-23,4.355,4.361,4.355,4.361,2.0,4.355,1
2025-06-24,4.348,4.348,4.348,4.348,0.0,4.348,0
2025-06-25,4.339,4.339,4.339,4.339,0.0,4.339,0
2025-06-26,4.343,4.343,4.343,4.343,0.0,4.343,0
2025-06-27,4.367,4.367,4.367,4.367,0.0,4.367,0
2025-06-30,4.292,4.351,4.282,4.351,21.0,4.3215,21
2025-07-01,4.36,4.36,4.36,4.36,0.0,4.36,0
2025-07-02,4.391,4.391,4.391,4.391,0.0,4.391,0
2025-07-03,4.39,4.39,4.39,4.39,0.0,4.39,0
2025-07-07,4.425,4.425,4.425,4.425,0.0,4.425,0
2025-07-08,4.399,4.399,4.399,4.399,0.0,4.399,0
2025-07-09,4.365,4.365,4.361,4.361,1.0,4.365,1
2025-07-10,4.405,4.405,4.405,4.405,0.0,4.405,0
2025-07-11,4.425,4.425,4.425,4.425,0.0,4.425,0
2025-07-14,4.438,4.438,4.438,4.438,0.0,4.438,0
2025-07-15,4.453,4.453,4.453,4.453,0.0,4.453,0
2025-07-16,4.44,4.446,4.44,4.446,1.0,4.44,1
2025-07-17,4.455,4.455,4.455,4.455,0.0,4.455,0
2025-07-18,4.45,4.45,4.45,4.45,0.0,4.45,0
2025-07-21,4.389,4.431,4.389,4.421,4.0,4.4198,4
2025-07-22,4.405,4.424,4.389,4.424,11.0,4.3976,11
2025-07-23,4.373,4.436,4.373,4.436,1.0,4.373,1
2025-07-24,4.41,4.439,4.41,4.439,4.0,4.4115,4
2025-07-25,4.369,4.383,4.367,4.383,4.0,4.3688,4
2025-07-28,4.289,4.333,4.266,4.333,12.0,4.2906,12
2025-07-29,4.332,4.355,4.332,4.355,2.0,4.332,2
2025-07-30,4.301,4.33,4.301,4.33,11.0,4.3045,11
2025-07-31,4.33,4.361,4.307,4.361,7.0,4.3257,7
2025-08-01,4.355,4.355,4.355,4.355,0.0,4.355,0
2025-08-04,4.338,4.338,4.338,4.338,0.0,4.338,0
2025-08-05,4.28,4.339,4.28,4.339,5.0,4.2806,5
2025-08-06,4.352,4.352,4.352,4.352,0.0,4.352,0
2025-08-07,4.325,4.369,4.325,4.369,1.0,4.325,1
2025-08-08,4.336,4.336,4.281,4.336,4.0,4.3065,4
2025-08-11,4.314,4.358,4.305,4.358,8.0,4.3225,8
2025-08-12,4.303,4.312,4.303,4.312,1.0,4.303,1
2025-08-13,4.271,4.325,4.262,4.325,5.0,4.2776,5
2025-08-14,4.303,4.315,4.303,4.314,7.0,4.3087,7
2025-08-15,4.28,4.318,4.275,4.318,11.0,4.2794,11
2025-08-18,4.31,4.375,4.31,4.375,3.0,4.312,3
2025-08-19,4.33,4.373,4.33,4.373,6.0,4.33,4
2025-08-20,4.33,4.381,4.33,4.381,4.0,4.33,1
2025-08-21,4.41,4.41,4.41,4.41,0.0,4.41,0
2025-08-22,4.384,4.411,4.384,4.411,1.0,4.384,1
2025-08-25,4.364,4.398,4.364,4.398,1.0,4.364,1
2025-08-26,4.382,4.402,4.382,4.402,1.0,4.382,1
2025-08-27,4.388,4.388,4.388,4.388,0.0,4.388,0
2025-08-28,4.365,4.387,4.365,4.387,3.0,4.3653,3
2025-08-29,4.368,4.391,4.368,4.391,1.0,4.368,1
2025-09-02,4.363,4.381,4.332,4.381,6.0,4.3403,6
2025-09-03,4.381,4.381,4.32,4.367,6.0,4.331,6
2025-09-04,4.308,4.35,4.308,4.35,2.0,4.3225,2
2025-09-05,4.285,4.328,4.277,4.328,9.0,4.2839,9
2025-09-08,4.314,4.314,4.314,4.314,0.0,4.314,0
2025-09-09,4.297,4.325,4.281,4.325,2.0,4.289,2
2025-09-10,4.283,4.314,4.281,4.314,4.0,4.2832,4
2025-09-11,4.284,4.284,4.284,4.284,0.0,4.284,0
2025-09-12,4.28,4.295,4.28,4.291,17.0,4.2941,17
2025-09-15,4.29,4.31,4.29,4.31,17.0,4.29,17
2025-09-16,4.342,4.342,4.342,4.342,0.0,4.342,0
2025-09-17,4.346,4.346,4.292,4.336,5.0,4.3084,5
2025-09-18,4.338,4.338,4.338,4.338,0.0,4.338,0
2025-09-19,4.339,4.358,4.304,4.358,9.0,4.3338,9
2025-09-22,4.33,4.356,4.33,4.356,1.0,4.33,1
2025-09-23,4.31,4.37,4.309,4.37,4.0,4.311,4
2025-09-24,4.363,4.378,4.325,4.378,2.0,4.344,2
2025-09-25,4.345,4.361,4.336,4.361,12.0,4.3447,12
2025-09-26,4.33,4.338,4.32,4.338,3.0,4.3243,3
2025-09-29,4.318,4.372,4.316,4.372,2.0,4.317,2
2025-09-30,4.303,4.344,4.3,4.344,7.0,4.3064,7
2025-10-01,4.32,4.366,4.313,4.366,8.0,4.3164,8
2025-10-02,4.344,4.347,4.294,4.331,19.0,4.3244,19
2025-10-03,4.308,4.311,4.297,4.311,3.0,4.3023,3
2025-10-06,4.317,4.317,4.317,4.317,0.0,4.317,0
2025-10-07,4.327,4.34,4.327,4.34,3.0,4.3283,3
2025-10-08,4.32,4.334,4.32,4.334,5.0,4.3228,5
2025-10-09,4.328,4.328,4.328,4.328,0.0,4.328,0
2025-10-10,4.321,4.325,4.298,4.321,3.0,4.3147,3
2025-10-13,4.313,4.313,4.313,4.313,0.0,4.313,0
2025-10-14,4.291,4.294,4.291,4.294,1.0,4.291,1
2025-10-15,4.295,4.309,4.295,4.309,1.0,4.295,1
2025-10-16,4.311,4.311,4.291,4.291,2.0,4.3025,2
2025-10-17,4.292,4.292,4.292,4.292,0.0,4.292,0
2025-10-20,4.302,4.309,4.277,4.309,5.0,4.2892,5
2025-10-21,4.308,4.308,4.308,4.308,0.0,4.308,0
2025-10-22,4.316,4.317,4.294,4.302,5.0,4.3112,5
2025-10-23,4.271,4.288,4.27,4.288,4.0,4.2702,4
2025-10-24,4.288,4.305,4.286,4.305,4.0,4.2908,4
2025-10-27,4.31,4.31,4.31,4.31,0.0,4.31,0
2025-10-28,4.311,4.311,4.311,4.311,0.0,4.311,0
2025-10-29,4.294,4.316,4.293,4.316,2.0,4.2935,2
2025-10-30,4.331,4.331,4.331,4.331,0.0,4.331,0
2025-10-31,4.363,4.363,4.363,4.363,0.0,4.363,0
2025-11-03,4.338,4.355,4.338,4.355,2.0,4.338,2
2025-11-04,4.335,4.341,4.329,4.341,3.0,4.3313,3
2025-11-05,4.272,4.313,4.272,4.313,1.0,4.272,1
2025-11-06,4.3,4.317,4.3,4.317,5.0,4.3,5
2025-11-07,4.315,4.322,4.315,4.322,1.0,4.315,1
2025-11-10,4.303,4.303,4.298,4.298,1.0,4.303,1
2025-11-11,4.326,4.326,4.326,4.326,0.0,4.326,0
2025-11-12,4.329,4.329,4.329,4.329,0.0,4.329,0
2025-11-13,4.34,4.357,4.34,4.357,1.0,4.34,1
2025-11-14,4.329,4.329,4.329,4.329,0.0,4.329,0
2025-11-17,4.339,4.339,4.339,4.339,1.0,4.339,1
2025-11-18,4.315,4.345,4.315,4.345,1.0,4.315,1
2025-11-19,4.316,4.331,4.31,4.331,2.0,4.313,2
2025-11-20,4.331,4.331,4.319,4.319,2.0,4.3255,2
2025-11-21,4.312,4.312,4.3,4.309,16.0,4.3113,2
2025-11-24,4.277,4.293,4.277,4.293,9.0,4.2886,9
2025-11-25,4.289,4.289,4.289,4.289,0.0,4.289,0
2025-11-26,4.284,4.284,4.284,4.284,0.0,4.284,0
2025-11-28,4.323,4.323,4.323,4.323,0.0,4.323,0
2025-12-01,4.307,4.307,4.307,4.307,0.0,4.307,0
2025-12-02,4.285,4.311,4.285,4.311,1.0,4.285,1
2025-12-03,4.315,4.317,4.315,4.317,1.0,4.315,1
2025-12-04,4.297,4.32,4.297,4.32,1.0,4.297,1
2025-12-05,4.309,4.309,4.309,4.309,0.0,4.309,0
2025-12-08,4.307,4.307,4.301,4.302,2.0,4.304,2
2025-12-09,4.275,4.299,4.275,4.299,1.0,4.275,1
2025-12-10,4.269,4.315,4.266,4.286,10.0,4.2795,10
2025-12-11,4.234,4.271,4.229,4.264,9.0,4.2446,9
2025-12-12,4.24,4.246,4.24,4.246,1.0,4.24,1
2025-12-15,4.231,4.231,4.231,4.231,0.0,4.231,0
2025-12-16,4.216,4.228,4.209,4.223,11.0,4.218,11
2025-12-17,4.257,4.258,4.221,4.232,9.0,4.2311,9
2025-12-18,4.24,4.24,4.198,4.198,1.0,4.24,1
2025-12-19,4.177,4.187,4.177,4.187,3.0,4.1777,3
2025-12-22,4.177,4.186,4.131,4.155,10.0,4.1502,10
2025-12-23,4.178,4.178,4.178,4.178,0.0,4.178,0
2025-12-24,4.178,4.178,4.168,4.168,1.0,4.178,1
2025-12-26,4.175,4.175,4.175,4.175,0.0,4.175,0
2025-12-29,4.197,4.197,4.197,4.197,0.0,4.197,0
2025-12-30,4.22,4.22,4.193,4.193,2.0,4.2195,2
2025-12-31,4.208,4.208,4.208,4.208,0.0,4.208,0
2026-01-02,4.184,4.184,4.184,4.184,0.0,4.184,0
2026-01-05,4.155,4.179,4.155,4.179,2.0,4.1625,2
2026-01-06,4.175,4.177,4.169,4.177,51.0,4.1749,10
2026-01-07,4.175,4.185,4.166,4.185,5.0,4.1762,5
2026-01-08,4.18,4.181,4.18,4.181,1.0,4.18,1
2026-01-09,4.142,4.16,4.083,4.122,14.0,4.1251,10
2026-01-12,4.144,4.157,4.143,4.157,3.0,4.1453,3
2026-01-13,4.154,4.154,4.148,4.148,1.0,4.154,1
2026-01-14,4.119,4.12,4.09,4.105,3.0,4.1097,3
2026-01-15,4.142,4.146,4.097,4.142,5.0,4.1278,5
2026-01-16,4.164,4.164,4.164,4.164,0.0,4.164,0
2026-01-20,4.222,4.223,4.172,4.221,13.0,4.1918,13
2026-01-21,4.241,4.242,4.225,4.234,4.0,4.2348,4
2026-01-22,4.192,4.229,4.192,4.229,1.0,4.192,1
2026-01-23,4.19,4.19,4.19,4.19,0.0,4.19,0
2026-01-26,4.185,4.185,4.125,4.164,4.0,4.1698,4
2026-01-27,4.17,4.17,4.149,4.149,1.0,4.17,1
2026-01-28,4.164,4.178,4.164,4.178,1.0,4.164,1
2026-01-29,4.241,4.241,4.241,4.241,0.0,4.241,0
2026-01-30,4.25,4.25,4.25,4.25,0.0,4.25,0
2026-02-02,4.24,4.24,4.21,4.21,2.0,4.235,2
2026-02-03,4.216,4.216,4.216,4.216,0.0,4.216,0
2026-02-04,4.238,4.238,4.238,4.238,0.0,4.238,0
2026-02-05,4.245,4.245,4.239,4.239,1.0,4.245,1
2026-02-06,4.241,4.264,4.228,4.235,16.0,4.2462,16
2026-02-09,4.22,4.245,4.22,4.245,2.0,4.2255,2
2026-02-10,4.25,4.27,4.246,4.257,19.0,4.2558,19
2026-02-11,4.266,4.287,4.265,4.287,25.0,4.2733,25
2026-02-12,4.295,4.295,4.295,4.295,0.0,4.295,0
2026-02-13,4.304,4.336,4.304,4.336,17.0,4.3188,17
2026-02-17,4.307,4.308,4.295,4.295,3.0,4.307,3
2026-02-18,4.293,4.317,4.293,4.305,7.0,4.3037,7
2026-02-19,4.324,4.324,4.324,4.324,0.0,4.324,0
2026-02-20,4.331,4.349,4.329,4.349,4.0,4.3335,4
2026-02-23,4.337,4.337,4.337,4.337,0.0,4.337,0
2026-02-24,4.337,4.337,4.335,4.335,2.0,4.337,2
2026-02-25,4.349,4.349,4.349,4.349,0.0,4.349,0
2026-02-26,4.351,4.351,4.351,4.351,0.0,4.351,0
2026-02-27,4.365,4.365,4.34,4.34,1.0,4.365,1
2026-03-02,4.349,4.349,4.349,4.349,0.0,4.349,0
2026-03-03,4.365,4.365,4.365,4.365,0.0,4.365,0
2026-03-04,4.361,4.361,4.361,4.361,0.0,4.361,0
2026-03-05,4.39,4.4,4.39,4.4,1.0,4.39,1
2026-03-06,4.43,4.43,4.422,4.422,1.0,4.43,1
2026-03-09,4.432,4.432,4.432,4.432,0.0,4.432,0
2026-03-10,4.412,4.421,4.412,4.421,1.0,4.412,1
2026-03-11,4.44,4.44,4.434,4.434,1.0,4.44,1
2026-03-12,4.444,4.452,4.444,4.452,2.0,4.444,1
2026-03-13,4.449,4.481,4.449,4.481,3.0,4.449,3
2026-03-16,4.461,4.461,4.461,4.461,0.0,4.461,0
2026-03-17,4.46,4.483,4.46,4.483,1.0,4.46,1
2026-03-18,4.508,4.508,4.49,4.497,10.0,4.4962,9
2026-03-19,4.552,4.552,4.525,4.525,2.0,4.552,2
2026-03-20,4.578,4.616,4.538,4.564,10.0,4.5679,10
2026-03-23,4.534,4.554,4.53,4.554,4.0,4.5385,3
2026-03-24,4.545,4.556,4.544,4.556,26.0,4.545,2
2026-03-25,4.552,4.552,4.552,4.552,0.0,4.552,0
2026-03-26,4.56,4.572,4.538,4.57,6.0,4.5515,5
2026-03-27,4.569,4.582,4.541,4.582,9.0,4.5629,7
2026-03-30,4.57,4.57,4.536,4.536,7.0,4.5474,7
2026-03-31,4.487,4.487,4.487,4.487,0.0,4.487,0
2026-04-01,4.45,4.45,4.45,4.45,0.0,4.45,0
2026-04-02,4.452,4.452,4.452,4.452,0.0,4.452,0
2026-04-06,4.45,4.477,4.45,4.477,22.0,4.457,14
2026-04-07,4.519,4.532,4.501,4.532,6.0,4.508,6
2026-04-08,4.443,4.446,4.433,4.446,4.0,4.4378,4
2026-04-09,4.46,4.46,4.424,4.44,26.0,4.4354,26
2026-04-10,4.42,4.456,4.42,4.433,92.0,4.4277,91
2026-04-13,4.462,4.473,4.408,4.427,26.0,4.4474,25
2026-04-14,4.402,4.415,4.383,4.414,17.0,4.4039,17
2026-04-15,4.413,4.413,4.34,4.408,59.0,4.3626,45
2026-04-16,4.38,4.403,4.355,4.403,34.0,4.3788,25
2026-04-17,4.387,4.403,4.385,4.403,4.0,4.3865,4
2026-04-20,4.399,4.399,4.399,4.399,0.0,4.399,0
2026-04-21,4.387,4.397,4.382,4.397,43.0,4.3871,4
2026-04-22,4.393,4.407,4.393,4.407,1.0,4.393,1
2026-04-23,4.4,4.422,4.399,4.422,57.0,4.4011,14
2026-04-24,4.404,4.435,4.402,4.402,20.0,4.4153,18
2026-04-27,4.414,4.414,4.399,4.41,19.0,4.4076,14
2026-04-28,4.421,4.421,4.398,4.398,9.0,4.4127,8
2026-04-29,4.42,4.425,4.42,4.425,27.0,4.4202,10
2026-04-30,4.41,4.43,4.41,4.43,3.0,4.41,3
2026-05-01,4.425,4.435,4.421,4.423,16.0,4.4253,12
2026-05-04,4.421,4.438,4.41,4.438,14.0,4.4171,14
2026-05-05,4.436,4.437,4.421,4.425,8.0,4.4311,8
2026-05-06,4.406,4.417,4.391,4.403,19.0,4.4089,16
2026-05-07,4.39,4.418,4.39,4.412,14.0,4.4086,14
2026-05-08,4.417,4.418,4.403,4.418,6.0,4.4085,6
2026-05-11,4.438,4.438,4.428,4.433,9.0,4.4369,3
2026-05-12,4.422,4.422,4.413,4.422,7.0,4.4153,3
2026-05-13,4.433,4.435,4.415,4.422,9.0,4.4258,9
2026-05-14,4.421,4.43,4.411,4.42,7.0,4.4166,7
2026-05-15,4.405,4.421,4.405,4.421,3.0,4.405,3
2026-05-18,4.43,4.437,4.415,4.437,2.0,4.4225,2
2026-05-19,4.44,4.44,4.425,4.434,16.0,4.4309,16
2026-05-20,4.427,4.427,4.41,4.423,11.0,4.4148,11
2026-05-21,4.415,4.425,4.413,4.422,80.0,4.4223,28
2026-05-22,4.417,4.417,4.417,4.417,0.0,4.417,0
2026-05-26,4.421,4.422,4.396,4.4,20.0,4.4156,12
2026-05-27,4.402,4.421,4.402,4.412,12.0,4.4106,9
2026-05-28,4.423,4.425,4.402,4.424,9.0,4.4183,9
2026-05-29,4.422,4.422,4.397,4.397,1.0,4.422,1
2026-06-01,4.405,4.42,4.405,4.42,3.0,4.4063,3
2026-06-02,4.421,4.421,4.406,4.406,1.0,4.421,1
2026-06-03,4.418,4.418,4.413,4.413,1.0,4.418,1
2026-06-04,4.411,4.415,4.376,4.415,13.0,4.3972,13
2026-06-05,4.411,4.414,4.398,4.41,17.0,4.4084,17
2026-06-08,4.428,4.449,4.427,4.438,14.0,4.4362,14
2026-06-09,4.426,4.431,4.426,4.428,4.0,4.4283,4
2026-06-10,4.424,4.427,4.406,4.427,10.0,4.4179,10
2026-06-11,4.412,4.439,4.409,4.426,13.0,4.418,13
2026-06-12,4.424,4.424,4.418,4.418,5.0,4.4214,5
2026-06-15,4.398,4.407,4.393,4.407,8.0,4.4028,4
2026-06-16,4.414,4.414,4.405,4.405,8.0,4.4139,8
2026-06-17,4.42,4.42,4.42,4.42,0.0,4.42,0
2026-06-18,4.413,4.415,4.394,4.394,9.0,4.4116,5
2026-06-22,4.417,4.417,4.404,4.404,111.0,4.4168,31
2026-06-23,4.395,4.411,4.395,4.399,12.0,4.3963,4
2026-06-24,4.408,4.415,4.408,4.415,1.0,4.408,1
2026-06-25,4.405,4.41,4.39,4.399,10.0,4.3991,9
2026-06-26,4.41,4.41,4.389,4.389,2.0,4.41,2
2026-06-29,4.383,4.39,4.379,4.386,14.0,4.388,13
2026-06-30,4.384,4.384,4.365,4.372,7.0,4.3716,7
2026-07-01,4.35,4.35,4.345,4.345,1.0,4.35,1
2026-07-02,4.335,4.337,4.333,4.337,4.0,4.3335,2
2026-07-06,4.326,4.337,4.326,4.334,15.0,4.3297,15
2026-07-07,4.34,4.35,4.334,4.349,30.0,4.3373,17
2026-07-08,4.37,4.37,4.35,4.35,5.0,4.3626,5
2026-07-09,4.348,4.348,4.314,4.322,14.0,4.3252,14
2026-07-10,4.32,4.32,4.3,4.308,27.0,4.3122,19
2026-07-13,4.306,4.307,4.282,4.292,24.0,4.298,24
2026-07-14,4.288,4.304,4.288,4.291,14.0,4.2958,11
2026-07-15,4.297,4.307,4.285,4.305,26.0,4.3,25
2026-07-16,4.304,4.304,4.24,4.264,11.0,4.2675,11
2026-07-17,4.265,4.286,4.253,4.286,8.0,4.2704,8
2026-07-20,4.275,4.282,4.275,4.282,1.0,4.275,1
2026-07-21,4.294,4.307,4.29,4.3,11.0,4.2959,11
2026-07-22,4.329,4.354,4.32,4.34,34.0,4.3359,32
2026-07-23,4.349,4.378,4.349,4.37,17.0,4.3676,16
2026-07-24,4.376,4.388,4.374,4.379,21.0,4.3803,17
2026-07-27,4.379,4.386,4.374,4.386,4.0,4.3777,4
2026-07-28,4.375,4.375,4.359,4.37,6.0,4.3638,6
2026-07-29,4.389,4.4,4.388,4.39,31.0,4.393,28
2026-07-30,4.389,4.39,4.387,4.387,5.0,4.3884,5
2026-07-31,4.384,4.395,4.384,4.395,13.0,4.3865,12
2026-08-03,4.405,4.419,4.405,4.419,6.0,4.4095,6
2026-08-04,4.4,4.41,4.361,4.41,95.0,4.3779,89
2026-08-05,4.375,4.38,4.318,4.38,42.0,4.3446,36
2026-08-06,4.362,4.366,4.348,4.354,10.0,4.3573,10
2026-08-07,4.35,4.371,4.35,4.371,8.0,4.3613,3
2026-08-10,4.366,4.382,4.366,4.374,13.0,4.3748,13
2026-08-11,4.38,4.38,4.34,4.37,143.0,4.3585,86
2026-08-12,4.384,4.384,4.36,4.366,2.0,4.372,2
2026-08-13,4.352,4.376,4.347,4.376,26.0,4.3564,18
2026-08-14,4.387,4.387,4.335,4.358,46.0,4.3598,41
