date,open,high,low,close,volume,average,barCount
2017-03-14,3.18,3.18,3.18,3.18,0.0,3.18,0
2017-03-15,3.2,3.2,3.2,3.2,0.0,3.2,0
2017-03-16,3.221,3.221,3.221,3.221,0.0,3.221,0
2017-03-17,3.234,3.234,3.234,3.234,0.0,3.234,0
2017-03-20,3.237,3.237,3.237,3.237,0.0,3.237,0
2017-03-21,3.25,3.25,3.25,3.25,0.0,3.25,0
2017-03-22,3.252,3.252,3.252,3.252,0.0,3.252,0
2017-03-23,3.247,3.247,3.247,3.247,0.0,3.247,0
2017-03-24,3.215,3.215,3.215,3.215,0.0,3.215,0
2017-03-27,3.205,3.205,3.205,3.205,0.0,3.205,0
2017-03-28,3.196,3.196,3.196,3.196,0.0,3.196,0
2017-03-29,3.204,3.204,3.204,3.204,0.0,3.204,0
2017-03-30,3.208,3.208,3.208,3.208,0.0,3.208,0
2017-03-31,3.205,3.205,3.205,3.205,0.0,3.205,0
2017-04-03,3.212,3.212,3.212,3.212,0.0,3.212,0
2017-04-04,3.225,3.225,3.225,3.225,0.0,3.225,0
2017-04-05,3.244,3.244,3.244,3.244,0.0,3.244,0
2017-04-06,3.229,3.229,3.229,3.229,0.0,3.229,0
2017-04-07,3.243,3.243,3.243,3.243,0.0,3.243,0
2017-04-10,3.252,3.252,3.252,3.252,0.0,3.252,0
2017-04-11,3.283,3.283,3.283,3.283,0.0,3.283,0
2017-04-12,3.284,3.284,3.284,3.284,0.0,3.284,0
2017-04-13,3.305,3.305,3.305,3.305,0.0,3.305,0
2017-04-17,3.294,3.294,3.294,3.294,0.0,3.294,0
2017-04-18,3.324,3.324,3.324,3.324,0.0,3.324,0
2017-04-19,3.334,3.334,3.334,3.334,0.0,3.334,0
2017-04-20,3.368,3.368,3.368,3.368,0.0,3.368,0
2017-04-21,3.369,3.369,3.369,3.369,0.0,3.369,0
2017-04-24,3.334,3.334,3.334,3.334,0.0,3.334,0
2017-04-25,3.329,3.329,3.329,3.329,0.0,3.329,0
2017-04-26,3.32,3.32,3.32,3.32,0.0,3.32,0
2017-04-27,3.306,3.306,3.306,3.306,0.0,3.306,0
2017-04-28,3.322,3.322,3.322,3.322,0.0,3.322,0
2017-05-01,3.297,3.297,3.297,3.297,0.0,3.297,0
2017-05-02,3.298,3.298,3.298,3.298,0.0,3.298,0
2017-05-03,3.317,3.317,3.317,3.317,0.0,3.317,0
2017-05-04,3.36,3.36,3.36,3.36,0.0,3.36,0
2017-05-05,3.36,3.36,3.36,3.36,0.0,3.36,0
2017-05-08,3.351,3.351,3.351,3.351,0.0,3.351,0
2017-05-09,3.354,3.354,3.354,3.354,0.0,3.354,0
2017-05-10,3.355,3.355,3.355,3.355,0.0,3.355,0
2017-05-11,3.389,3.389,3.389,3.389,0.0,3.389,0
2017-05-12,3.393,3.393,3.393,3.393,0.0,3.393,0
2017-05-15,3.382,3.382,3.382,3.382,0.0,3.382,0
2017-05-16,3.399,3.399,3.399,3.399,0.0,3.399,0
2017-05-17,3.395,3.395,3.395,3.395,0.0,3.395,0
2017-05-18,3.382,3.382,3.382,3.382,0.0,3.382,0
2017-05-19,3.372,3.372,3.372,3.372,0.0,3.372,0
2017-05-22,3.374,3.374,3.374,3.374,0.0,3.374,0
2017-05-23,3.441,3.441,3.441,3.441,0.0,3.441,0
2017-05-24,3.423,3.423,3.423,3.423,0.0,3.423,0
2017-05-25,3.402,3.402,3.402,3.402,0.0,3.402,0
2017-05-26,3.387,3.387,3.387,3.387,0.0,3.387,0
2017-05-30,3.364,3.364,3.364,3.364,0.0,3.364,0
2017-05-31,3.36,3.36,3.36,3.36,0.0,3.36,0
2017-06-01,3.362,3.362,3.362,3.362,0.0,3.362,0
2017-06-02,3.353,3.353,3.353,3.353,0.0,3.353,0
2017-06-05,3.323,3.323,3.323,3.323,0.0,3.323,0
2017-06-06,3.27,3.27,3.27,3.27,0.0,3.27,0
2017-06-07,3.281,3.281,3.281,3.281,0.0,3.281,0
2017-06-08,3.299,3.299,3.299,3.299,0.0,3.299,0
2017-06-09,3.296,3.296,3.296,3.296,0.0,3.296,0
2017-06-12,3.298,3.298,3.298,3.298,0.0,3.298,0
2017-06-13,3.3,3.3,3.3,3.3,0.0,3.3,0
2017-06-14,3.289,3.289,3.289,3.289,0.0,3.289,0
2017-06-15,3.317,3.317,3.317,3.317,0.0,3.317,0
2017-06-16,3.306,3.306,3.306,3.306,0.0,3.306,0
2017-06-19,3.329,3.329,3.329,3.329,0.0,3.329,0
2017-06-20,3.367,3.367,3.367,3.367,0.0,3.367,0
2017-06-21,3.378,3.378,3.378,3.378,0.0,3.378,0
2017-06-22,3.372,3.372,3.372,3.372,0.0,3.372,0
2017-06-23,3.366,3.366,3.366,3.366,0.0,3.366,0
2017-06-26,3.341,3.341,3.341,3.341,0.0,3.341,0
2017-06-27,3.341,3.341,3.341,3.341,0.0,3.341,0
2017-06-28,3.331,3.331,3.331,3.331,0.0,3.331,0
2017-06-29,3.331,3.331,3.331,3.331,0.0,3.331,0
2017-06-30,3.344,3.344,3.344,3.344,0.0,3.344,0
2017-07-03,3.343,3.343,3.343,3.343,0.0,3.343,0
2017-07-05,3.318,3.318,3.318,3.318,0.0,3.318,0
2017-07-06,3.285,3.285,3.285,3.285,0.0,3.285,0
2017-07-07,3.28,3.28,3.28,3.28,0.0,3.28,0
2017-07-10,3.267,3.267,3.267,3.267,0.0,3.267,0
2017-07-11,3.265,3.265,3.265,3.265,0.0,3.265,0
2017-07-12,3.251,3.251,3.251,3.251,0.0,3.251,0
2017-07-13,3.264,3.264,3.264,3.264,0.0,3.264,0
2017-07-14,3.267,3.267,3.267,3.267,0.0,3.267,0
2017-07-17,3.265,3.265,3.265,3.265,0.0,3.265,0
2017-07-18,3.27,3.27,3.27,3.27,0.0,3.27,0
2017-07-19,3.255,3.255,3.255,3.255,0.0,3.255,0
2017-07-20,3.236,3.236,3.236,3.236,0.0,3.236,0
2017-07-21,3.231,3.231,3.231,3.231,0.0,3.231,0
2017-07-24,3.202,3.202,3.202,3.202,0.0,3.202,0
2017-07-25,3.185,3.185,3.185,3.185,0.0,3.185,0
2017-07-26,3.173,3.173,3.173,3.173,0.0,3.173,0
2017-07-27,3.174,3.174,3.174,3.174,0.0,3.174,0
2017-07-28,3.188,3.188,3.188,3.188,0.0,3.188,0
2017-07-31,3.169,3.169,3.169,3.169,0.0,3.169,0
2017-08-01,3.191,3.191,3.191,3.191,0.0,3.191,0
2017-08-02,3.2,3.2,3.2,3.2,0.0,3.2,0
2017-08-03,3.223,3.223,3.223,3.223,0.0,3.223,0
2017-08-04,3.233,3.233,3.233,3.233,0.0,3.233,0
2017-08-07,3.232,3.232,3.232,3.232,0.0,3.232,0
2017-08-08,3.219,3.219,3.219,3.219,0.0,3.219,0
2017-08-09,3.213,3.213,3.213,3.213,0.0,3.213,0
2017-08-10,3.21,3.21,3.21,3.21,0.0,3.21,0
2017-08-11,3.214,3.214,3.214,3.214,0.0,3.214,0
2017-08-14,3.21,3.21,3.21,3.21,0.0,3.21,0
2017-08-15,3.208,3.208,3.208,3.208,0.0,3.208,0
2017-08-16,3.198,3.198,3.198,3.198,0.0,3.198,0
2017-08-17,3.199,3.199,3.199,3.199,0.0,3.199,0
2017-08-18,3.199,3.199,3.199,3.199,0.0,3.199,0
2017-08-21,3.189,3.189,3.189,3.189,0.0,3.189,0
2017-08-22,3.181,3.181,3.181,3.181,0.0,3.181,0
2017-08-23,3.184,3.184,3.184,3.184,0.0,3.184,0
2017-08-24,3.137,3.137,3.137,3.137,0.0,3.137,0
2017-08-25,3.124,3.124,3.124,3.124,0.0,3.124,0
2017-08-28,3.137,3.137,3.137,3.137,0.0,3.137,0
2017-08-29,3.137,3.137,3.137,3.137,0.0,3.137,0
2017-08-30,3.12,3.12,3.12,3.12,0.0,3.12,0
2017-08-31,3.12,3.12,3.12,3.12,0.0,3.12,0
2017-09-01,3.121,3.121,3.121,3.121,0.0,3.121,0
2017-09-05,3.117,3.117,3.117,3.117,0.0,3.117,0
2017-09-06,3.078,3.078,3.078,3.078,0.0,3.078,0
2017-09-07,3.115,3.115,3.115,3.115,0.0,3.115,0
2017-09-08,3.119,3.119,3.119,3.119,0.0,3.119,0
2017-09-11,3.13,3.13,3.13,3.13,0.0,3.13,0
2017-09-12,3.125,3.125,3.125,3.125,0.0,3.125,0
2017-09-13,3.111,3.111,3.111,3.111,0.0,3.111,0
2017-09-14,3.113,3.113,3.113,3.113,0.0,3.113,0
2017-09-15,3.118,3.118,3.118,3.118,0.0,3.118,0
2017-09-18,3.133,3.133,3.133,3.133,0.0,3.133,0
2017-09-19,3.119,3.119,3.119,3.119,0.0,3.119,0
2017-09-20,3.109,3.109,3.109,3.109,0.0,3.109,0
2017-09-21,3.1,3.1,3.1,3.1,0.0,3.1,0
2017-09-22,3.114,3.114,3.114,3.114,0.0,3.114,0
2017-09-25,3.097,3.097,3.097,3.097,0.0,3.097,0
2017-09-26,3.107,3.107,3.107,3.107,0.0,3.107,0
2017-09-27,3.118,3.118,3.118,3.118,0.0,3.118,0
2017-09-28,3.117,3.117,3.117,3.117,0.0,3.117,0
2017-09-29,3.114,3.114,3.114,3.114,0.0,3.114,0
2017-10-02,3.127,3.127,3.127,3.127,0.0,3.127,0
2017-10-03,3.142,3.142,3.142,3.142,0.0,3.142,0
2017-10-04,3.14,3.14,3.14,3.14,0.0,3.14,0
2017-10-05,3.149,3.149,3.149,3.149,0.0,3.149,0
2017-10-06,3.141,3.141,3.141,3.141,0.0,3.141,0
2017-10-09,3.151,3.151,3.151,3.151,0.0,3.151,0
2017-10-10,3.141,3.141,3.141,3.141,0.0,3.141,0
2017-10-11,3.147,3.147,3.147,3.147,0.0,3.147,0
2017-10-12,3.191,3.191,3.191,3.191,0.0,3.191,0
2017-10-13,3.178,3.178,3.178,3.178,0.0,3.178,0
2017-10-16,3.208,3.208,3.208,3.208,0.0,3.208,0
2017-10-17,3.247,3.247,3.247,3.247,0.0,3.247,0
2017-10-18,3.252,3.252,3.252,3.252,0.0,3.252,0
2017-10-19,3.274,3.274,3.274,3.274,0.0,3.274,0
2017-10-20,3.314,3.314,3.314,3.314,0.0,3.314,0
2017-10-23,3.294,3.294,3.294,3.294,0.0,3.294,0
2017-10-24,3.293,3.293,3.293,3.293,0.0,3.293,0
2017-10-25,3.294,3.294,3.294,3.294,0.0,3.294,0
2017-10-26,3.287,3.287,3.287,3.287,0.0,3.287,0
2017-10-27,3.267,3.267,3.267,3.267,0.0,3.267,0
2017-10-30,3.295,3.295,3.295,3.295,0.0,3.295,0
2017-10-31,3.293,3.293,3.293,3.293,0.0,3.293,0
2017-11-01,3.303,3.303,3.303,3.303,0.0,3.303,0
2017-11-02,3.285,3.285,3.285,3.285,0.0,3.285,0
2017-11-03,3.28,3.28,3.28,3.28,0.0,3.28,0
2017-11-06,3.275,3.275,3.275,3.275,0.0,3.275,0
2017-11-07,3.274,3.274,3.274,3.274,0.0,3.274,0
2017-11-08,3.272,3.272,3.272,3.272,0.0,3.272,0
2017-11-09,3.273,3.273,3.273,3.273,0.0,3.273,0
2017-11-10,3.255,3.255,3.255,3.255,0.0,3.255,0
2017-11-13,3.237,3.237,3.237,3.237,0.0,3.237,0
2017-11-14,3.239,3.239,3.239,3.239,0.0,3.239,0
2017-11-15,3.229,3.229,3.229,3.229,0.0,3.229,0
2017-11-16,3.233,3.233,3.233,3.233,0.0,3.233,0
2017-11-17,3.231,3.231,3.231,3.231,0.0,3.231,0
2017-11-20,3.224,3.224,3.224,3.224,0.0,3.224,0
2017-11-21,3.222,3.222,3.222,3.222,0.0,3.222,0
2017-11-22,3.209,3.209,3.209,3.209,0.0,3.209,0
2017-11-24,3.21,3.21,3.21,3.21,0.0,3.21,0
2017-11-27,3.212,3.212,3.212,3.212,0.0,3.212,0
2017-11-28,3.217,3.217,3.217,3.217,0.0,3.217,0
2017-11-29,3.218,3.218,3.218,3.218,0.0,3.218,0
2017-11-30,3.214,3.214,3.214,3.214,0.0,3.214,0
2017-12-01,3.193,3.193,3.193,3.193,0.0,3.193,0
2017-12-04,3.169,3.169,3.169,3.169,0.0,3.169,0
2017-12-05,3.161,3.161,3.161,3.161,0.0,3.161,0
2017-12-06,3.143,3.143,3.143,3.143,0.0,3.143,0
2017-12-07,3.149,3.149,3.149,3.149,0.0,3.149,0
2017-12-08,3.146,3.146,3.146,3.146,0.0,3.146,0
2017-12-11,3.139,3.139,3.139,3.139,0.0,3.139,0
2017-12-12,3.149,3.149,3.149,3.149,0.0,3.149,0
2017-12-13,3.165,3.165,3.165,3.165,0.0,3.165,0
2017-12-14,3.169,3.169,3.169,3.169,0.0,3.169,0
2017-12-15,3.177,3.177,3.177,3.177,0.0,3.177,0
2017-12-18,3.198,3.198,3.198,3.198,0.0,3.198,0
2017-12-19,3.2,3.2,3.2,3.2,0.0,3.2,0
2017-12-20,3.186,3.186,3.186,3.186,0.0,3.186,0
2017-12-21,3.203,3.203,3.203,3.203,0.0,3.203,0
2017-12-22,3.226,3.226,3.226,3.226,0.0,3.226,0
2017-12-26,3.227,3.227,3.227,3.227,0.0,3.227,0
2017-12-27,3.208,3.208,3.208,3.208,0.0,3.208,0
2017-12-28,3.184,3.184,3.184,3.184,0.0,3.184,0
2017-12-29,3.186,3.186,3.186,3.186,0.0,3.186,0
2018-01-02,3.179,3.179,3.179,3.179,0.0,3.179,0
2018-01-03,3.18,3.18,3.18,3.18,0.0,3.18,0
2018-01-04,3.212,3.212,3.212,3.212,0.0,3.212,0
2018-01-05,3.198,3.198,3.198,3.198,0.0,3.198,0
2018-01-08,3.193,3.193,3.193,3.193,0.0,3.193,0
2018-01-09,3.178,3.178,3.178,3.178,0.0,3.178,0
2018-01-10,3.179,3.179,3.179,3.179,0.0,3.179,0
2018-01-11,3.187,3.187,3.187,3.187,0.0,3.187,0
2018-01-12,3.174,3.174,3.174,3.174,0.0,3.174,0
2018-01-16,3.137,3.137,3.137,3.137,0.0,3.137,0
2018-01-17,3.131,3.131,3.131,3.131,0.0,3.131,0
2018-01-18,3.129,3.129,3.129,3.129,0.0,3.129,0
2018-01-19,3.139,3.139,3.139,3.139,0.0,3.139,0
2018-01-22,3.158,3.158,3.158,3.158,0.0,3.158,0
2018-01-23,3.17,3.17,3.17,3.17,0.0,3.17,0
2018-01-24,3.181,3.181,3.181,3.181,0.0,3.181,0
2018-01-25,3.217,3.217,3.217,3.217,0.0,3.217,0
2018-01-26,3.188,3.188,3.188,3.188,0.0,3.188,0
2018-01-29,3.19,3.19,3.19,3.19,0.0,3.19,0
2018-01-30,3.196,3.196,3.196,3.196,0.0,3.196,0
2018-01-31,3.17,3.17,3.17,3.17,0.0,3.17,0
2018-02-01,3.179,3.179,3.179,3.179,0.0,3.179,0
2018-02-02,3.192,3.192,3.192,3.192,0.0,3.192,0
2018-02-05,3.214,3.214,3.214,3.214,0.0,3.214,0
2018-02-06,3.207,3.207,3.207,3.207,0.0,3.207,0
2018-02-07,3.173,3.173,3.173,3.173,0.0,3.173,0
2018-02-08,3.181,3.181,3.181,3.181,0.0,3.181,0
2018-02-09,3.155,3.155,3.155,3.155,0.0,3.155,0
2018-02-12,3.14,3.14,3.14,3.14,0.0,3.14,0
2018-02-13,3.149,3.149,3.149,3.149,0.0,3.149,0
2018-02-14,3.152,3.152,3.152,3.152,0.0,3.152,0
2018-02-15,3.142,3.142,3.142,3.142,0.0,3.142,0
2018-02-16,3.158,3.158,3.158,3.158,0.0,3.158,0
2018-02-20,3.158,3.158,3.158,3.158,0.0,3.158,0
2018-02-21,3.176,3.176,3.176,3.176,0.0,3.176,0
2018-02-22,3.183,3.183,3.183,3.183,0.0,3.183,0
2018-02-23,3.175,3.175,3.175,3.175,0.0,3.175,0
2018-02-26,3.17,3.17,3.17,3.17,0.0,3.17,0
2018-02-27,3.175,3.175,3.175,3.175,0.0,3.175,0
2018-02-28,3.15,3.15,3.15,3.15,0.0,3.15,0
2018-03-01,3.165,3.165,3.165,3.165,0.0,3.165,0
2018-03-02,3.182,3.182,3.182,3.182,0.0,3.182,0
2018-03-05,3.2,3.2,3.2,3.2,0.0,3.2,0
2018-03-06,3.213,3.213,3.213,3.213,0.0,3.213,0
2018-03-07,3.205,3.205,3.205,3.205,0.0,3.205,0
2018-03-08,3.162,3.162,3.162,3.162,0.0,3.162,0
2018-03-09,3.128,3.128,3.128,3.128,0.0,3.128,0
2018-03-12,3.129,3.129,3.129,3.129,0.0,3.129,0
2018-03-13,3.141,3.141,3.141,3.141,0.0,3.141,0
2018-03-14,3.161,3.161,3.161,3.161,0.0,3.161,0
2018-03-15,3.195,3.195,3.195,3.195,0.0,3.195,0
2018-03-16,3.206,3.206,3.206,3.206,0.0,3.206,0
2018-03-19,3.196,3.196,3.196,3.196,0.0,3.196,0
2018-03-20,3.201,3.201,3.201,3.201,0.0,3.201,0
2018-03-21,3.209,3.209,3.209,3.209,0.0,3.209,0
2018-03-22,3.197,3.197,3.197,3.197,0.0,3.197,0
2018-03-23,3.147,3.147,3.147,3.147,0.0,3.147,0
2018-03-26,3.175,3.175,3.175,3.175,0.0,3.175,0
2018-03-27,3.187,3.187,3.187,3.187,0.0,3.187,0
2018-03-28,3.195,3.195,3.195,3.195,0.0,3.195,0
2018-03-29,3.232,3.232,3.232,3.232,0.0,3.232,0
2018-04-02,3.214,3.214,3.214,3.214,0.0,3.214,0
2018-04-03,3.197,3.197,3.197,3.197,0.0,3.197,0
2018-04-04,3.171,3.171,3.171,3.171,0.0,3.171,0
2018-04-05,3.187,3.187,3.187,3.187,0.0,3.187,0
2018-04-06,3.181,3.181,3.181,3.181,0.0,3.181,0
2018-04-09,3.173,3.173,3.173,3.173,0.0,3.173,0
2018-04-10,3.182,3.182,3.182,3.182,0.0,3.182,0
2018-04-11,3.203,3.203,3.203,3.203,0.0,3.203,0
2018-04-12,3.213,3.213,3.213,3.213,0.0,3.213,0
2018-04-13,3.206,3.206,3.206,3.206,0.0,3.206,0
2018-04-16,3.208,3.208,3.208,3.208,0.0,3.208,0
2018-04-17,3.196,3.196,3.196,3.196,0.0,3.196,0
2018-04-18,3.187,3.187,3.187,3.187,0.0,3.187,0
2018-04-19,3.18,3.18,3.18,3.18,0.0,3.18,0
2018-04-20,3.188,3.188,3.188,3.188,0.0,3.188,0
2018-04-23,3.189,3.189,3.189,3.189,0.0,3.189,0
2018-04-24,3.182,3.182,3.182,3.182,0.0,3.182,0
2018-04-25,3.175,3.175,3.175,3.175,0.0,3.175,0
2018-04-26,3.17,3.17,3.17,3.17,0.0,3.17,0
2018-04-27,3.172,3.172,3.172,3.172,0.0,3.172,0
2018-04-30,3.164,3.164,3.164,3.164,0.0,3.164,0
2018-05-01,3.144,3.144,3.144,3.144,0.0,3.144,0
2018-05-02,3.152,3.152,3.152,3.152,0.0,3.152,0
2018-05-03,3.154,3.154,3.154,3.154,0.0,3.154,0
2018-05-04,3.152,3.152,3.152,3.152,0.0,3.152,0
2018-05-07,3.15,3.15,3.15,3.15,0.0,3.15,0
2018-05-08,3.105,3.105,3.105,3.105,0.0,3.105,0
2018-05-09,3.091,3.091,3.091,3.091,0.0,3.091,0
2018-05-10,3.087,3.087,3.087,3.087,0.0,3.087,0
2018-05-11,3.09,3.09,3.09,3.09,0.0,3.09,0
2018-05-14,3.089,3.089,3.089,3.089,0.0,3.089,0
2018-05-15,3.107,3.107,3.107,3.107,0.0,3.107,0
2018-05-16,3.097,3.097,3.097,3.097,0.0,3.097,0
2018-05-17,3.104,3.104,3.104,3.104,0.0,3.104,0
2018-05-18,3.119,3.119,3.119,3.119,0.0,3.119,0
2018-05-21,3.114,3.114,3.114,3.114,0.0,3.114,0
2018-05-22,3.111,3.111,3.111,3.111,0.0,3.111,0
2018-05-23,3.088,3.088,3.088,3.088,0.0,3.088,0
2018-05-24,3.082,3.082,3.082,3.082,0.0,3.082,0
2018-05-25,3.054,3.054,3.054,3.054,0.0,3.054,0
2018-05-29,3.031,3.031,3.031,3.031,0.0,3.031,0
2018-05-30,3.042,3.042,3.042,3.042,0.0,3.042,0
2018-05-31,3.0,3.0,3.0,3.0,0.0,3.0,0
2018-06-01,2.99,2.99,2.99,2.99,0.0,2.99,0
2018-06-04,3.004,3.004,3.004,3.004,0.0,3.004,0
2018-06-05,3.014,3.014,3.014,3.014,0.0,3.014,0
2018-06-06,3.022,3.022,3.022,3.022,0.0,3.022,0
2018-06-07,3.017,3.017,3.017,3.017,0.0,3.017,0
2018-06-08,3.019,3.019,3.019,3.019,0.0,3.019,0
2018-06-11,3.006,3.006,3.006,3.006,0.0,3.006,0
2018-06-12,3.02,3.02,3.02,3.02,0.0,3.02,0
2018-06-13,3.043,3.043,3.043,3.043,0.0,3.043,0
2018-06-14,3.052,3.052,3.052,3.052,0.0,3.052,0
2018-06-15,3.057,3.057,3.057,3.057,0.0,3.057,0
2018-06-18,3.081,3.081,3.081,3.081,0.0,3.081,0
2018-06-19,3.079,3.079,3.079,3.079,0.0,3.079,0
2018-06-20,3.078,3.078,3.078,3.078,0.0,3.078,0
2018-06-21,3.056,3.056,3.056,3.056,0.0,3.056,0
2018-06-22,3.058,3.058,3.058,3.058,0.0,3.058,0
2018-06-25,3.054,3.054,3.054,3.054,0.0,3.054,0
2018-06-26,3.051,3.051,3.051,3.051,0.0,3.051,0
2018-06-27,3.054,3.054,3.054,3.054,0.0,3.054,0
2018-06-28,3.042,3.042,3.042,3.042,0.0,3.042,0
2018-06-29,3.039,3.039,3.039,3.039,0.0,3.039,0
2018-07-02,3.03,3.03,3.03,3.03,0.0,3.03,0
2018-07-03,3.024,3.024,3.024,3.024,0.0,3.024,0
2018-07-05,3.026,3.026,3.026,3.026,0.0,3.026,0
2018-07-06,3.025,3.025,3.025,3.025,0.0,3.025,0
2018-07-09,3.016,3.016,3.016,3.016,0.0,3.016,0
2018-07-10,3.016,3.016,3.016,3.016,0.0,3.016,0
2018-07-11,2.994,2.994,2.994,2.994,0.0,2.994,0
2018-07-12,2.991,2.991,2.991,2.991,0.0,2.991,0
2018-07-13,2.986,2.986,2.986,2.986,0.0,2.986,0
2018-07-16,2.953,2.953,2.953,2.953,0.0,2.953,0
2018-07-17,2.943,2.943,2.943,2.943,0.0,2.943,0
2018-07-18,2.934,2.934,2.934,2.934,0.0,2.934,0
2018-07-19,2.932,2.932,2.932,2.932,0.0,2.932,0
2018-07-20,2.938,2.938,2.938,2.938,0.0,2.938,0
2018-07-23,2.947,2.947,2.947,2.947,0.0,2.947,0
2018-07-24,2.957,2.957,2.957,2.957,0.0,2.957,0
2018-07-25,2.982,2.982,2.982,2.982,0.0,2.982,0
2018-07-26,2.978,2.978,2.978,2.978,0.0,2.978,0
2018-07-27,2.998,2.998,2.998,2.998,0.0,2.998,0
2018-07-30,3.002,3.002,3.002,3.002,0.0,3.002,0
2018-07-31,3.005,3.005,3.005,3.005,0.0,3.005,0
2018-08-01,2.975,2.975,2.975,2.975,0.0,2.975,0
2018-08-02,2.979,2.979,2.979,2.979,0.0,2.979,0
2018-08-03,2.979,2.979,2.979,2.979,0.0,2.979,0
2018-08-06,2.969,2.969,2.969,2.969,0.0,2.969,0
2018-08-07,2.991,2.991,2.991,2.991,0.0,2.991,0
2018-08-08,3.004,3.004,3.004,3.004,0.0,3.004,0
2018-08-09,3.001,3.001,3.001,3.001,0.0,3.001,0
2018-08-10,3.007,3.007,3.007,3.007,0.0,3.007,0
2018-08-13,3.008,3.008,3.008,3.008,0.0,3.008,0
2018-08-14,3.007,3.007,3.007,3.007,0.0,3.007,0
2018-08-15,3.008,3.008,3.008,3.008,0.0,3.008,0
2018-08-16,2.998,2.998,2.998,2.998,0.0,2.998,0
2018-08-17,3.0,3.0,3.0,3.0,0.0,3.0,0
2018-08-20,2.999,2.999,2.999,2.999,0.0,2.999,0
2018-08-21,3.012,3.012,3.012,3.012,0.0,3.012,0
2018-08-22,2.999,2.999,2.999,2.999,0.0,2.999,0
2018-08-23,2.996,2.996,2.996,2.996,0.0,2.996,0
2018-08-24,2.986,2.986,2.986,2.986,0.0,2.986,0
2018-08-27,2.955,2.955,2.955,2.955,0.0,2.955,0
2018-08-28,2.931,2.931,2.931,2.931,0.0,2.931,0
2018-08-29,2.935,2.935,2.935,2.935,0.0,2.935,0
2018-08-30,2.916,2.916,2.916,2.916,0.0,2.916,0
2018-08-31,2.93,2.93,2.93,2.93,0.0,2.93,0
2018-09-04,2.912,2.912,2.912,2.912,0.0,2.912,0
2018-09-05,2.917,2.917,2.917,2.917,0.0,2.917,0
2018-09-06,2.936,2.936,2.936,2.936,0.0,2.936,0
2018-09-07,2.935,2.935,2.935,2.935,0.0,2.935,0
2018-09-10,2.943,2.943,2.943,2.943,0.0,2.943,0
2018-09-11,2.94,2.94,2.94,2.94,0.0,2.94,0
2018-09-12,2.95,2.95,2.95,2.95,0.0,2.95,0
2018-09-13,2.966,2.966,2.966,2.966,0.0,2.966,0
2018-09-14,2.97,2.97,2.97,2.97,0.0,2.97,0
2018-09-17,2.974,2.974,2.974,2.974,0.0,2.974,0
2018-09-18,2.975,2.975,2.975,2.975,0.0,2.975,0
2018-09-19,2.971,2.971,2.971,2.971,0.0,2.971,0
2018-09-20,2.975,2.975,2.975,2.975,0.0,2.975,0
2018-09-21,2.973,2.973,2.973,2.973,0.0,2.973,0
2018-09-24,2.971,2.971,2.971,2.971,0.0,2.971,0
2018-09-25,2.973,2.973,2.973,2.973,0.0,2.973,0
2018-09-26,2.982,2.982,2.982,2.982,0.0,2.982,0
2018-09-27,2.983,2.983,2.983,2.983,0.0,2.983,0
2018-09-28,2.984,2.984,2.984,2.984,0.0,2.984,0
2018-10-01,2.989,2.989,2.989,2.989,0.0,2.989,0
2018-10-02,2.987,2.987,2.987,2.987,0.0,2.987,0
2018-10-03,2.986,2.986,2.986,2.986,0.0,2.986,0
2018-10-04,2.987,2.987,2.987,2.987,0.0,2.987,0
2018-10-05,2.99,2.99,2.99,2.99,0.0,2.99,0
2018-10-08,2.995,2.995,2.995,2.995,0.0,2.995,0
2018-10-09,2.99,2.99,2.99,2.99,0.0,2.99,0
2018-10-10,2.986,2.986,2.986,2.986,0.0,2.986,0
2018-10-11,3.011,3.011,3.011,3.011,0.0,3.011,0
2018-10-12,3.023,3.023,3.023,3.023,0.0,3.023,0
2018-10-15,3.022,3.022,3.022,3.022,0.0,3.022,0
2018-10-16,3.04,3.04,3.04,3.04,0.0,3.04,0
2018-10-17,3.035,3.035,3.035,3.035,0.0,3.035,0
2018-10-18,3.034,3.034,3.034,3.034,0.0,3.034,0
2018-10-19,3.031,3.031,3.031,3.031,0.0,3.031,0
2018-10-22,3.032,3.032,3.032,3.032,0.0,3.032,0
2018-10-23,3.031,3.031,3.031,3.031,0.0,3.031,0
2018-10-24,3.028,3.028,3.028,3.028,0.0,3.028,0
2018-10-25,3.018,3.018,3.018,3.018,0.0,3.018,0
2018-10-26,3.02,3.02,3.02,3.02,0.0,3.02,0
2018-10-29,3.021,3.021,3.021,3.021,0.0,3.021,0
2018-10-30,3.039,3.039,3.039,3.039,0.0,3.039,0
2018-10-31,3.038,3.038,3.038,3.038,0.0,3.038,0
2018-11-01,3.043,3.043,3.043,3.043,0.0,3.043,0
2018-11-02,3.05,3.05,3.05,3.05,0.0,3.05,0
2018-11-05,3.064,3.064,3.064,3.064,0.0,3.064,0
2018-11-06,3.08,3.08,3.08,3.08,0.0,3.08,0
2018-11-07,3.078,3.078,3.078,3.078,0.0,3.078,0
2018-11-08,3.079,3.079,3.079,3.079,0.0,3.079,0
2018-11-09,3.082,3.082,3.082,3.082,0.0,3.082,0
2018-11-12,3.105,3.105,3.105,3.105,0.0,3.105,0
2018-11-13,3.084,3.084,3.084,3.084,0.0,3.084,0
2018-11-14,3.068,3.068,3.068,3.068,0.0,3.068,0
2018-11-15,3.083,3.083,3.083,3.083,0.0,3.083,0
2018-11-16,3.054,3.054,3.054,3.054,0.0,3.054,0
2018-11-19,3.041,3.041,3.041,3.041,0.0,3.041,0
2018-11-20,3.039,3.039,3.039,3.039,0.0,3.039,0
2018-11-21,3.037,3.037,3.037,3.037,0.0,3.037,0
2018-11-23,3.062,3.062,3.062,3.062,0.0,3.062,0
2018-11-26,3.055,3.055,3.055,3.055,0.0,3.055,0
2018-11-27,3.051,3.051,3.051,3.051,0.0,3.051,0
2018-11-28,3.052,3.052,3.052,3.052,0.0,3.052,0
2018-11-29,3.091,3.091,3.091,3.091,0.0,3.091,0
2018-11-30,3.121,3.121,3.121,3.121,0.0,3.121,0
2018-12-03,3.093,3.093,3.093,3.093,0.0,3.093,0
2018-12-04,3.079,3.079,3.079,3.079,0.0,3.079,0
2018-12-05,3.07,3.07,3.07,3.07,0.0,3.07,0
2018-12-06,3.081,3.081,3.081,3.081,0.0,3.081,0
2018-12-07,3.088,3.088,3.088,3.088,0.0,3.088,0
2018-12-10,3.089,3.089,3.089,3.089,0.0,3.089,0
2018-12-11,3.064,3.064,3.064,3.064,0.0,3.064,0
2018-12-12,3.066,3.066,3.066,3.066,0.0,3.066,0
2018-12-13,3.034,3.034,3.034,3.034,0.0,3.034,0
2018-12-14,3.044,3.044,3.044,3.044,0.0,3.044,0
2018-12-17,3.043,3.043,3.043,3.043,0.0,3.043,0
2018-12-18,3.042,3.042,3.042,3.042,0.0,3.042,0
2018-12-19,3.065,3.065,3.065,3.065,0.0,3.065,0
2018-12-20,3.08,3.08,3.08,3.08,0.0,3.08,0
2018-12-21,3.083,3.083,3.083,3.083,0.0,3.083,0
2018-12-24,3.082,3.082,3.082,3.082,0.0,3.082,0
2018-12-26,3.079,3.079,3.079,3.079,0.0,3.079,0
2018-12-27,3.077,3.077,3.077,3.077,0.0,3.077,0
2018-12-28,3.074,3.074,3.074,3.074,0.0,3.074,0
2018-12-31,3.081,3.081,3.081,3.081,0.0,3.081,0
2019-01-02,3.081,3.081,3.081,3.081,0.0,3.081,0
2019-01-03,3.07,3.07,3.07,3.07,0.0,3.07,0
2019-01-04,3.078,3.078,3.078,3.078,0.0,3.078,0
2019-01-07,3.08,3.08,3.08,3.08,0.0,3.08,0
2019-01-08,3.079,3.079,3.079,3.079,0.0,3.079,0
2019-01-09,3.079,3.079,3.079,3.079,0.0,3.079,0
2019-01-10,3.076,3.076,3.076,3.076,0.0,3.076,0
2019-01-11,3.085,3.085,3.085,3.085,0.0,3.085,0
2019-01-14,3.084,3.084,3.084,3.084,0.0,3.084,0
2019-01-15,3.076,3.076,3.076,3.076,0.0,3.076,0
2019-01-16,3.045,3.045,3.045,3.045,0.0,3.045,0
2019-01-17,3.043,3.043,3.043,3.043,0.0,3.043,0
2019-01-18,3.056,3.056,3.056,3.056,0.0,3.056,0
2019-01-22,3.069,3.069,3.069,3.069,0.0,3.069,0
2019-01-23,3.047,3.047,3.047,3.047,0.0,3.047,0
2019-01-24,3.026,3.026,3.026,3.026,0.0,3.026,0
2019-01-25,3.071,3.071,3.071,3.071,0.0,3.071,0
2019-01-28,3.055,3.055,3.055,3.055,0.0,3.055,0
2019-01-29,3.058,3.058,3.058,3.058,0.0,3.058,0
2019-01-30,3.06,3.06,3.06,3.06,0.0,3.06,0
2019-01-31,3.061,3.061,3.061,3.061,0.0,3.061,0
2019-02-01,3.062,3.062,3.062,3.062,0.0,3.062,0
2019-02-04,3.049,3.049,3.049,3.049,0.0,3.049,0
2019-02-05,3.094,3.094,3.094,3.094,0.0,3.094,0
2019-02-06,3.091,3.091,3.091,3.091,0.0,3.091,0
2019-02-07,3.087,3.087,3.087,3.087,0.0,3.087,0
2019-02-08,3.089,3.089,3.089,3.089,0.0,3.089,0
2019-02-11,3.094,3.094,3.094,3.094,0.0,3.094,0
2019-02-12,3.102,3.102,3.102,3.102,0.0,3.102,0
2019-02-13,3.103,3.103,3.103,3.103,0.0,3.103,0
2019-02-14,3.107,3.107,3.107,3.107,0.0,3.107,0
2019-02-15,3.087,3.087,3.087,3.087,0.0,3.087,0
2019-02-19,3.078,3.078,3.078,3.078,0.0,3.078,0
2019-02-20,3.09,3.09,3.09,3.09,0.0,3.09,0
2019-02-21,3.077,3.077,3.077,3.077,0.0,3.077,0
2019-02-22,3.074,3.074,3.074,3.074,0.0,3.074,0
2019-02-25,3.066,3.066,3.066,3.066,0.0,3.066,0
2019-02-26,3.048,3.048,3.048,3.048,0.0,3.048,0
2019-02-27,3.084,3.084,3.084,3.084,0.0,3.084,0
2019-02-28,3.095,3.095,3.095,3.095,0.0,3.095,0
2019-03-01,3.094,3.094,3.094,3.094,0.0,3.094,0
2019-03-04,3.09,3.09,3.09,3.09,0.0,3.09,0
2019-03-05,3.088,3.088,3.088,3.088,0.0,3.088,0
2019-03-06,3.091,3.091,3.091,3.091,0.0,3.091,0
2019-03-07,3.096,3.096,3.096,3.096,0.0,3.096,0
2019-03-08,3.096,3.096,3.096,3.096,0.0,3.096,0
2019-03-11,3.123,3.123,3.123,3.123,0.0,3.123,0
2019-03-12,3.138,3.138,3.138,3.138,0.0,3.138,0
2019-03-13,3.147,3.147,3.147,3.147,0.0,3.147,0
2019-03-14,3.155,3.155,3.155,3.155,0.0,3.155,0
2019-03-15,3.156,3.156,3.156,3.156,0.0,3.156,0
2019-03-18,3.156,3.156,3.156,3.156,0.0,3.156,0
2019-03-19,3.157,3.157,3.157,3.157,0.0,3.157,0
2019-03-20,3.155,3.155,3.155,3.155,0.0,3.155,0
2019-03-21,3.165,3.165,3.165,3.165,0.0,3.165,0
2019-03-22,3.155,3.155,3.155,3.155,0.0,3.155,0
2019-03-25,3.154,3.154,3.154,3.154,0.0,3.154,0
2019-03-26,3.156,3.156,3.156,3.156,0.0,3.156,0
2019-03-27,3.147,3.147,3.147,3.147,0.0,3.147,0
2019-03-28,3.15,3.15,3.15,3.15,0.0,3.15,0
2019-03-29,3.149,3.149,3.149,3.149,0.0,3.149,0
2019-04-01,3.148,3.148,3.148,3.148,0.0,3.148,0
2019-04-02,3.155,3.155,3.155,3.155,0.0,3.155,0
2019-04-03,3.151,3.151,3.151,3.151,0.0,3.151,0
2019-04-04,3.159,3.159,3.159,3.159,0.0,3.159,0
2019-04-05,3.155,3.155,3.155,3.155,0.0,3.155,0
2019-04-08,3.158,3.158,3.158,3.158,0.0,3.158,0
2019-04-09,3.165,3.165,3.165,3.165,0.0,3.165,0
2019-04-10,3.143,3.143,3.143,3.143,0.0,3.143,0
2019-04-11,3.141,3.141,3.141,3.141,0.0,3.141,0
2019-04-12,3.141,3.141,3.141,3.141,0.0,3.141,0
2019-04-15,3.141,3.141,3.141,3.141,0.0,3.141,0
2019-04-16,3.142,3.142,3.142,3.142,0.0,3.142,0
2019-04-17,3.132,3.132,3.132,3.132,0.0,3.132,0
2019-04-18,3.117,3.117,3.117,3.117,0.0,3.117,0
2019-04-22,3.105,3.105,3.105,3.105,0.0,3.105,0
2019-04-23,3.1,3.1,3.1,3.1,0.0,3.1,0
2019-04-24,3.11,3.11,3.11,3.11,0.0,3.11,0
2019-04-25,3.12,3.12,3.12,3.12,0.0,3.12,0
2019-04-26,3.117,3.117,3.117,3.117,0.0,3.117,0
2019-04-29,3.124,3.124,3.124,3.124,0.0,3.124,0
2019-04-30,3.129,3.129,3.129,3.129,0.0,3.129,0
2019-05-01,3.131,3.131,3.131,3.131,0.0,3.131,0
2019-05-02,3.128,3.128,3.128,3.128,0.0,3.128,0
2019-05-03,3.128,3.128,3.128,3.128,0.0,3.128,0
2019-05-06,3.131,3.131,3.131,3.131,0.0,3.131,0
2019-05-07,3.131,3.131,3.131,3.131,0.0,3.131,0
2019-05-08,3.125,3.125,3.125,3.125,0.0,3.125,0
2019-05-09,3.132,3.132,3.132,3.132,0.0,3.132,0
2019-05-10,3.123,3.123,3.123,3.123,0.0,3.123,0
2019-05-13,3.126,3.126,3.126,3.126,0.0,3.126,0
2019-05-14,3.137,3.137,3.137,3.137,0.0,3.137,0
2019-05-15,3.138,3.138,3.138,3.138,0.0,3.138,0
2019-05-16,3.134,3.134,3.134,3.134,0.0,3.134,0
2019-05-17,3.138,3.138,3.138,3.138,0.0,3.138,0
2019-05-20,3.143,3.143,3.143,3.143,0.0,3.143,0
2019-05-21,3.146,3.146,3.146,3.146,0.0,3.146,0
2019-05-22,3.107,3.107,3.107,3.107,0.0,3.107,0
2019-05-23,3.119,3.119,3.119,3.119,0.0,3.119,0
2019-05-24,3.129,3.129,3.129,3.129,0.0,3.129,0
2019-05-28,3.137,3.137,3.137,3.137,0.0,3.137,0
2019-05-29,3.118,3.118,3.118,3.118,0.0,3.118,0
2019-05-30,3.116,3.116,3.116,3.116,0.0,3.116,0
2019-05-31,3.114,3.114,3.114,3.114,0.0,3.114,0
2019-06-03,3.102,3.102,3.102,3.102,0.0,3.102,0
2019-06-04,3.107,3.107,3.107,3.107,0.0,3.107,0
2019-06-05,3.095,3.095,3.095,3.095,0.0,3.095,0
2019-06-06,3.111,3.111,3.111,3.111,0.0,3.111,0
2019-06-07,3.112,3.112,3.112,3.112,0.0,3.112,0
2019-06-10,3.101,3.101,3.101,3.101,0.0,3.101,0
2019-06-11,3.101,3.101,3.101,3.101,0.0,3.101,0
2019-06-12,3.098,3.098,3.098,3.098,0.0,3.098,0
2019-06-13,3.099,3.099,3.099,3.099,0.0,3.099,0
2019-06-14,3.104,3.104,3.104,3.104,0.0,3.104,0
2019-06-17,3.107,3.107,3.107,3.107,0.0,3.107,0
2019-06-18,3.09,3.09,3.09,3.09,0.0,3.09,0
2019-06-19,3.091,3.091,3.091,3.091,0.0,3.091,0
2019-06-20,3.095,3.095,3.095,3.095,0.0,3.095,0
2019-06-21,3.11,3.11,3.11,3.11,0.0,3.11,0
2019-06-24,3.11,3.11,3.11,3.11,0.0,3.11,0
2019-06-25,3.109,3.109,3.109,3.109,0.0,3.109,0
2019-06-26,3.101,3.101,3.101,3.101,0.0,3.101,0
2019-06-27,3.097,3.097,3.097,3.097,0.0,3.097,0
2019-06-28,3.069,3.069,3.069,3.069,0.0,3.069,0
2019-07-01,3.062,3.062,3.062,3.062,0.0,3.062,0
2019-07-02,3.058,3.058,3.058,3.058,0.0,3.058,0
2019-07-03,3.05,3.05,3.05,3.05,0.0,3.05,0
2019-07-05,3.076,3.076,3.076,3.076,0.0,3.076,0
2019-07-08,3.072,3.072,3.072,3.072,0.0,3.072,0
2019-07-09,3.085,3.085,3.085,3.085,0.0,3.085,0
2019-07-10,3.077,3.077,3.077,3.077,0.0,3.077,0
2019-07-11,3.085,3.085,3.085,3.085,0.0,3.085,0
2019-07-12,3.093,3.093,3.093,3.093,0.0,3.093,0
2019-07-15,3.098,3.098,3.098,3.098,0.0,3.098,0
2019-07-16,3.074,3.074,3.074,3.074,0.0,3.074,0
2019-07-17,3.071,3.071,3.071,3.071,0.0,3.071,0
2019-07-18,3.09,3.09,3.09,3.09,0.0,3.09,0
2019-07-19,3.083,3.083,3.083,3.083,0.0,3.083,0
2019-07-22,3.048,3.048,3.048,3.048,0.0,3.048,0
2019-07-23,3.055,3.055,3.055,3.055,0.0,3.055,0
2019-07-24,3.048,3.048,3.048,3.048,0.0,3.048,0
2019-07-25,3.049,3.049,3.049,3.049,0.0,3.049,0
2019-07-26,3.035,3.035,3.035,3.035,0.0,3.035,0
2019-07-29,3.024,3.024,3.024,3.024,0.0,3.024,0
2019-07-30,3.027,3.027,3.027,3.027,0.0,3.027,0
2019-07-31,3.033,3.033,3.033,3.033,0.0,3.033,0
2019-08-01,3.036,3.036,3.036,3.036,0.0,3.036,0
2019-08-02,3.023,3.023,3.023,3.023,0.0,3.023,0
2019-08-05,3.021,3.021,3.021,3.021,0.0,3.021,0
2019-08-06,3.022,3.022,3.022,3.022,0.0,3.022,0
2019-08-07,3.027,3.027,3.027,3.027,0.0,3.027,0
2019-08-08,3.011,3.011,3.011,3.011,0.0,3.011,0
2019-08-09,2.987,2.987,2.987,2.987,0.0,2.987,0
2019-08-12,2.976,2.976,2.976,2.976,0.0,2.976,0
2019-08-13,2.957,2.957,2.957,2.957,0.0,2.957,0
2019-08-14,2.935,2.935,2.935,2.935,0.0,2.935,0
2019-08-15,2.935,2.935,2.935,2.935,0.0,2.935,0
2019-08-16,2.907,2.907,2.907,2.907,0.0,2.907,0
2019-08-19,2.909,2.909,2.909,2.909,0.0,2.909,0
2019-08-20,2.903,2.903,2.903,2.903,0.0,2.903,0
2019-08-21,2.904,2.904,2.904,2.904,0.0,2.904,0
2019-08-22,2.893,2.893,2.893,2.893,0.0,2.893,0
2019-08-23,2.923,2.923,2.923,2.923,0.0,2.923,0
2019-08-26,2.93,2.93,2.93,2.93,0.0,2.93,0
2019-08-27,2.945,2.945,2.945,2.945,0.0,2.945,0
2019-08-28,2.964,2.964,2.964,2.964,0.0,2.964,0
2019-08-29,2.966,2.966,2.966,2.966,0.0,2.966,0
2019-08-30,2.928,2.928,2.928,2.928,0.0,2.928,0
2019-09-03,2.938,2.938,2.938,2.938,0.0,2.938,0
2019-09-04,2.909,2.909,2.909,2.909,0.0,2.909,0
2019-09-05,2.916,2.916,2.916,2.916,0.0,2.916,0
2019-09-06,2.903,2.903,2.903,2.903,0.0,2.903,0
2019-09-09,2.867,2.867,2.867,2.867,0.0,2.867,0
2019-09-10,2.871,2.871,2.871,2.871,0.0,2.871,0
2019-09-11,2.885,2.885,2.885,2.885,0.0,2.885,0
2019-09-12,2.89,2.89,2.89,2.89,0.0,2.89,0
2019-09-13,2.87,2.87,2.87,2.87,0.0,2.87,0
2019-09-16,2.9,2.9,2.9,2.9,0.0,2.9,0
2019-09-17,2.868,2.868,2.868,2.868,0.0,2.868,0
2019-09-18,2.881,2.881,2.881,2.881,0.0,2.881,0
2019-09-19,2.875,2.875,2.875,2.875,0.0,2.875,0
2019-09-20,2.886,2.886,2.886,2.886,0.0,2.886,0
2019-09-23,2.883,2.883,2.883,2.883,0.0,2.883,0
2019-09-24,2.867,2.867,2.867,2.867,0.0,2.867,0
2019-09-25,2.866,2.866,2.866,2.866,0.0,2.866,0
2019-09-26,2.867,2.867,2.867,2.867,0.0,2.867,0
2019-09-27,2.856,2.856,2.856,2.856,0.0,2.856,0
2019-09-30,2.903,2.903,2.903,2.903,0.0,2.903,0
2019-10-01,2.852,2.852,2.852,2.852,0.0,2.852,0
2019-10-02,2.87,2.87,2.87,2.87,0.0,2.87,0
2019-10-03,2.855,2.855,2.855,2.855,0.0,2.855,0
2019-10-04,2.845,2.845,2.845,2.845,0.0,2.845,0
2019-10-07,2.849,2.849,2.849,2.849,0.0,2.849,0
2019-10-08,2.825,2.825,2.825,2.825,0.0,2.825,0
2019-10-09,2.836,2.836,2.836,2.836,0.0,2.836,0
2019-10-10,2.837,2.837,2.837,2.837,0.0,2.837,0
2019-10-11,2.848,2.848,2.848,2.848,0.0,2.848,0
2019-10-14,2.863,2.863,2.863,2.863,0.0,2.863,0
2019-10-15,2.869,2.869,2.869,2.869,0.0,2.869,0
2019-10-16,2.871,2.871,2.871,2.871,0.0,2.871,0
2019-10-17,2.868,2.868,2.868,2.868,0.0,2.868,0
2019-10-18,2.863,2.863,2.863,2.863,0.0,2.863,0
2019-10-21,2.858,2.858,2.858,2.858,0.0,2.858,0
2019-10-22,2.862,2.862,2.862,2.862,0.0,2.862,0
2019-10-23,2.856,2.856,2.856,2.856,0.0,2.856,0
2019-10-24,2.86,2.86,2.86,2.86,0.0,2.86,0
2019-10-25,2.858,2.858,2.858,2.858,0.0,2.858,0
2019-10-28,2.867,2.867,2.867,2.867,0.0,2.867,0
2019-10-29,2.883,2.883,2.883,2.883,0.0,2.883,0
2019-10-30,2.89,2.89,2.89,2.89,0.0,2.89,0
2019-10-31,2.888,2.888,2.888,2.888,0.0,2.888,0
2019-11-01,2.897,2.897,2.897,2.897,0.0,2.897,0
2019-11-04,2.858,2.858,2.858,2.858,0.0,2.858,0
2019-11-05,2.847,2.847,2.847,2.847,0.0,2.847,0
2019-11-06,2.844,2.844,2.844,2.844,0.0,2.844,0
2019-11-07,2.821,2.821,2.821,2.821,0.0,2.821,0
2019-11-08,2.828,2.828,2.828,2.828,0.0,2.828,0
2019-11-11,2.819,2.819,2.819,2.819,0.0,2.819,0
2019-11-12,2.799,2.799,2.799,2.799,0.0,2.799,0
2019-11-13,2.78,2.78,2.78,2.78,0.0,2.78,0
2019-11-14,2.782,2.782,2.782,2.782,0.0,2.782,0
2019-11-15,2.78,2.78,2.78,2.78,0.0,2.78,0
2019-11-18,2.784,2.784,2.784,2.784,0.0,2.784,0
2019-11-19,2.786,2.786,2.786,2.786,0.0,2.786,0
2019-11-20,2.795,2.795,2.795,2.795,0.0,2.795,0
2019-11-21,2.802,2.802,2.802,2.802,0.0,2.802,0
2019-11-22,2.802,2.802,2.802,2.802,0.0,2.802,0
2019-11-25,2.789,2.789,2.789,2.789,0.0,2.789,0
2019-11-26,2.783,2.783,2.783,2.783,0.0,2.783,0
2019-11-27,2.787,2.787,2.787,2.787,0.0,2.787,0
2019-11-29,2.745,2.745,2.745,2.745,0.0,2.745,0
2019-12-02,2.771,2.771,2.771,2.771,0.0,2.771,0
2019-12-03,2.78,2.78,2.78,2.78,0.0,2.78,0
2019-12-04,2.779,2.779,2.779,2.779,0.0,2.779,0
2019-12-05,2.771,2.771,2.771,2.771,0.0,2.771,0
2019-12-06,2.744,2.744,2.744,2.744,0.0,2.744,0
2019-12-09,2.733,2.733,2.733,2.733,0.0,2.733,0
2019-12-10,2.742,2.742,2.742,2.742,0.0,2.742,0
2019-12-11,2.739,2.739,2.739,2.739,0.0,2.739,0
2019-12-12,2.744,2.744,2.744,2.744,0.0,2.744,0
2019-12-13,2.727,2.727,2.727,2.727,0.0,2.727,0
2019-12-16,2.736,2.736,2.736,2.736,0.0,2.736,0
2019-12-17,2.738,2.738,2.738,2.738,0.0,2.738,0
2019-12-18,2.709,2.709,2.709,2.709,0.0,2.709,0
2019-12-19,2.699,2.699,2.699,2.699,0.0,2.699,0
2019-12-20,2.69,2.69,2.69,2.69,0.0,2.69,0
2019-12-23,2.697,2.697,2.697,2.697,0.0,2.697,0
2019-12-24,2.695,2.695,2.695,2.695,0.0,2.695,0
2019-12-26,2.683,2.683,2.683,2.683,0.0,2.683,0
2019-12-27,2.681,2.681,2.681,2.681,0.0,2.681,0
2019-12-30,2.678,2.678,2.678,2.678,0.0,2.678,0
2019-12-31,2.687,2.687,2.687,2.687,0.0,2.687,0
2020-01-02,2.682,2.682,2.682,2.682,0.0,2.682,0
2020-01-03,2.682,2.682,2.682,2.682,0.0,2.682,0
2020-01-06,2.686,2.686,2.686,2.686,0.0,2.686,0
2020-01-07,2.693,2.693,2.693,2.693,0.0,2.693,0
2020-01-08,2.696,2.696,2.696,2.696,0.0,2.696,0
2020-01-09,2.707,2.707,2.707,2.707,0.0,2.707,0
2020-01-10,2.709,2.709,2.709,2.709,0.0,2.709,0
2020-01-13,2.709,2.709,2.709,2.709,0.0,2.709,0
2020-01-14,2.708,2.708,2.708,2.708,0.0,2.708,0
2020-01-15,2.707,2.707,2.707,2.707,0.0,2.707,0
2020-01-16,2.714,2.714,2.714,2.714,0.0,2.714,0
2020-01-17,2.724,2.724,2.724,2.724,0.0,2.724,0
2020-01-21,2.714,2.714,2.714,2.714,0.0,2.714,0
2020-01-22,2.703,2.703,2.703,2.703,0.0,2.703,0
2020-01-23,2.695,2.695,2.695,2.695,0.0,2.695,0
2020-01-24,2.685,2.685,2.685,2.685,0.0,2.685,0
2020-01-27,2.657,2.657,2.657,2.657,0.0,2.657,0
2020-01-28,2.667,2.667,2.667,2.667,0.0,2.667,0
2020-01-29,2.657,2.657,2.657,2.657,0.0,2.657,0
2020-01-30,2.657,2.657,2.657,2.657,0.0,2.657,0
2020-01-31,2.658,2.658,2.658,2.658,0.0,2.658,0
2020-02-03,2.653,2.653,2.653,2.653,0.0,2.653,0
2020-02-04,2.649,2.649,2.649,2.649,0.0,2.649,0
2020-02-05,2.626,2.626,2.626,2.626,0.0,2.626,0
2020-02-06,2.63,2.63,2.63,2.63,0.0,2.63,0
2020-02-07,2.648,2.648,2.648,2.648,0.0,2.648,0
2020-02-10,2.64,2.64,2.64,2.64,0.0,2.64,0
2020-02-11,2.64,2.64,2.64,2.64,0.0,2.64,0
2020-02-12,2.647,2.647,2.647,2.647,0.0,2.647,0
2020-02-13,2.637,2.637,2.637,2.637,0.0,2.637,0
2020-02-14,2.63,2.63,2.63,2.63,0.0,2.63,0
2020-02-18,2.616,2.616,2.616,2.616,0.0,2.616,0
2020-02-19,2.632,2.632,2.632,2.632,0.0,2.632,0
2020-02-20,2.627,2.627,2.627,2.627,0.0,2.627,0
2020-02-21,2.657,2.657,2.657,2.657,0.0,2.657,0
2020-02-24,2.663,2.663,2.663,2.663,0.0,2.663,0
2020-02-25,2.666,2.666,2.666,2.666,0.0,2.666,0
2020-02-26,2.689,2.689,2.689,2.689,0.0,2.689,0
2020-02-27,2.679,2.679,2.679,2.679,0.0,2.679,0
2020-02-28,2.699,2.699,2.699,2.699,0.0,2.699,0
2020-03-02,2.727,2.727,2.727,2.727,0.0,2.727,0
2020-03-03,2.723,2.723,2.723,2.723,0.0,2.723,0
2020-03-04,2.712,2.712,2.712,2.712,0.0,2.712,0
2020-03-05,2.687,2.687,2.687,2.687,0.0,2.687,0
2020-03-06,2.7,2.7,2.7,2.7,0.0,2.7,0
2020-03-09,2.737,2.737,2.737,2.737,0.0,2.737,0
2020-03-10,2.737,2.737,2.737,2.737,0.0,2.737,0
2020-03-11,2.699,2.699,2.699,2.699,0.0,2.699,0
2020-03-12,2.649,2.649,2.649,2.649,0.0,2.649,0
2020-03-13,2.64,2.64,2.64,2.64,0.0,2.64,0
2020-03-16,2.629,2.629,2.629,2.629,0.0,2.629,0
2020-03-17,2.658,2.658,2.658,2.658,0.0,2.658,0
2020-03-18,2.664,2.664,2.664,2.664,0.0,2.664,0
2020-03-19,2.677,2.677,2.677,2.677,0.0,2.677,0
2020-03-20,2.671,2.671,2.671,2.671,0.0,2.671,0
2020-03-23,2.666,2.666,2.666,2.666,0.0,2.666,0
2020-03-24,2.647,2.647,2.647,2.647,0.0,2.647,0
2020-03-25,2.642,2.642,2.642,2.642,0.0,2.642,0
2020-03-26,2.608,2.608,2.608,2.608,0.0,2.608,0
2020-03-27,2.63,2.63,2.63,2.63,0.0,2.63,0
2020-03-30,2.638,2.638,2.638,2.638,0.0,2.638,0
2020-03-31,2.64,2.64,2.64,2.64,0.0,2.64,0
2020-04-01,2.61,2.61,2.61,2.61,0.0,2.61,0
2020-04-02,2.596,2.596,2.596,2.596,0.0,2.596,0
2020-04-03,2.58,2.58,2.58,2.58,0.0,2.58,0
2020-04-06,2.596,2.596,2.596,2.596,0.0,2.596,0
2020-04-07,2.59,2.59,2.59,2.59,0.0,2.59,0
2020-04-08,2.607,2.607,2.607,2.607,0.0,2.607,0
2020-04-09,2.624,2.624,2.624,2.624,0.0,2.624,0
2020-04-13,2.652,2.652,2.652,2.652,0.0,2.652,0
2020-04-14,2.634,2.634,2.634,2.634,0.0,2.634,0
2020-04-15,2.603,2.603,2.603,2.603,0.0,2.603,0
2020-04-16,2.608,2.608,2.608,2.608,0.0,2.608,0
2020-04-17,2.614,2.614,2.614,2.614,0.0,2.614,0
2020-04-20,2.632,2.632,2.632,2.632,0.0,2.632,0
2020-04-21,2.615,2.615,2.615,2.615,0.0,2.615,0
2020-04-22,2.643,2.643,2.643,2.643,0.0,2.643,0
2020-04-23,2.597,2.597,2.597,2.597,0.0,2.597,0
2020-04-24,2.595,2.595,2.595,2.595,0.0,2.595,0
2020-04-27,2.621,2.621,2.621,2.621,0.0,2.621,0
2020-04-28,2.613,2.613,2.613,2.613,0.0,2.613,0
2020-04-29,2.608,2.608,2.608,2.608,0.0,2.608,0
2020-04-30,2.583,2.583,2.583,2.583,0.0,2.583,0
2020-05-01,2.566,2.566,2.566,2.566,0.0,2.566,0
2020-05-04,2.568,2.568,2.568,2.568,0.0,2.568,0
2020-05-05,2.555,2.555,2.555,2.555,0.0,2.555,0
2020-05-06,2.594,2.594,2.594,2.594,0.0,2.594,0
2020-05-07,2.576,2.576,2.576,2.576,0.0,2.576,0
2020-05-08,2.585,2.585,2.585,2.585,0.0,2.585,0
2020-05-11,2.572,2.572,2.572,2.572,0.0,2.572,0
2020-05-12,2.576,2.576,2.576,2.576,0.0,2.576,0
2020-05-13,2.572,2.572,2.551,2.551,25.0,2.572,1
2020-05-14,2.533,2.533,2.533,2.533,0.0,2.533,0
2020-05-15,2.564,2.564,2.564,2.564,0.0,2.564,0
2020-05-18,2.582,2.582,2.582,2.582,0.0,2.582,0
2020-05-19,2.579,2.579,2.579,2.579,0.0,2.579,0
2020-05-20,2.546,2.546,2.546,2.546,0.0,2.546,0
2020-05-21,2.537,2.537,2.537,2.537,0.0,2.537,0
2020-05-22,2.575,2.575,2.575,2.575,0.0,2.575,0
2020-05-26,2.57,2.57,2.57,2.57,0.0,2.57,0
2020-05-27,2.604,2.604,2.604,2.604,0.0,2.604,0
2020-05-28,2.596,2.596,2.596,2.596,0.0,2.596,0
2020-05-29,2.59,2.59,2.59,2.59,0.0,2.59,0
2020-06-01,2.567,2.567,2.567,2.567,0.0,2.567,0
2020-06-02,2.572,2.572,2.572,2.572,0.0,2.572,0
2020-06-03,2.559,2.559,2.559,2.559,0.0,2.559,0
2020-06-04,2.568,2.568,2.568,2.568,0.0,2.568,0
2020-06-05,2.562,2.562,2.562,2.562,0.0,2.562,0
2020-06-08,2.576,2.576,2.576,2.576,0.0,2.576,0
2020-06-09,2.584,2.584,2.584,2.584,0.0,2.584,0
2020-06-10,2.57,2.57,2.57,2.57,0.0,2.57,0
2020-06-11,2.565,2.565,2.565,2.565,0.0,2.565,0
2020-06-12,2.554,2.554,2.554,2.554,0.0,2.554,0
2020-06-15,2.581,2.581,2.581,2.581,0.0,2.581,0
2020-06-16,2.575,2.575,2.575,2.575,0.0,2.575,0
2020-06-17,2.562,2.562,2.562,2.562,0.0,2.562,0
2020-06-18,2.573,2.573,2.573,2.573,0.0,2.573,0
2020-06-19,2.556,2.556,2.556,2.556,0.0,2.556,0
2020-06-22,2.544,2.544,2.544,2.544,0.0,2.544,0
2020-06-23,2.543,2.543,2.543,2.543,0.0,2.543,0
2020-06-24,2.539,2.539,2.539,2.539,0.0,2.539,0
2020-06-25,2.555,2.555,2.555,2.555,0.0,2.555,0
2020-06-26,2.577,2.577,2.577,2.577,0.0,2.577,0
2020-06-29,2.575,2.575,2.575,2.575,0.0,2.575,0
2020-06-30,2.575,2.575,2.575,2.575,0.0,2.575,0
2020-07-01,2.588,2.588,2.588,2.588,0.0,2.588,0
2020-07-02,2.62,2.62,2.62,2.62,0.0,2.62,0
2020-07-06,2.599,2.599,2.599,2.599,0.0,2.599,0
2020-07-07,2.592,2.592,2.592,2.592,0.0,2.592,0
2020-07-08,2.62,2.62,2.62,2.62,0.0,2.62,0
2020-07-09,2.62,2.62,2.62,2.62,0.0,2.62,0
2020-07-10,2.616,2.616,2.616,2.616,0.0,2.616,0
2020-07-13,2.612,2.612,2.612,2.612,0.0,2.612,0
2020-07-14,2.611,2.611,2.611,2.611,0.0,2.611,0
2020-07-15,2.621,2.621,2.621,2.621,0.0,2.621,0
2020-07-16,2.614,2.614,2.614,2.614,0.0,2.614,0
2020-07-17,2.611,2.611,2.611,2.611,0.0,2.611,0
2020-07-20,2.602,2.602,2.602,2.602,0.0,2.602,0
2020-07-21,2.615,2.615,2.615,2.615,0.0,2.615,0
2020-07-22,2.624,2.624,2.624,2.624,0.0,2.624,0
2020-07-23,2.686,2.686,2.686,2.686,0.0,2.686,0
2020-07-24,2.725,2.725,2.725,2.725,0.0,2.725,0
2020-07-27,2.781,2.781,2.781,2.781,0.0,2.781,0
2020-07-28,2.778,2.778,2.778,2.778,0.0,2.778,0
2020-07-29,2.783,2.783,2.783,2.783,0.0,2.783,0
2020-07-30,2.785,2.785,2.785,2.785,0.0,2.785,0
2020-07-31,2.803,2.803,2.803,2.803,0.0,2.803,0
2020-08-03,2.801,2.801,2.801,2.801,0.0,2.801,0
2020-08-04,2.795,2.795,2.795,2.795,0.0,2.795,0
2020-08-05,2.829,2.829,2.829,2.829,0.0,2.829,0
2020-08-06,2.854,2.854,2.854,2.854,0.0,2.854,0
2020-08-07,2.886,2.886,2.886,2.886,0.0,2.886,0
2020-08-10,2.854,2.854,2.854,2.854,0.0,2.854,0
2020-08-11,2.769,2.769,2.769,2.769,0.0,2.769,0
2020-08-12,2.746,2.746,2.746,2.746,0.0,2.746,0
2020-08-13,2.766,2.766,2.766,2.766,0.0,2.766,0
2020-08-14,2.757,2.757,2.757,2.757,0.0,2.757,0
2020-08-17,2.757,2.757,2.757,2.757,0.0,2.757,0
2020-08-18,2.752,2.752,2.752,2.752,0.0,2.752,0
2020-08-19,2.747,2.747,2.747,2.747,0.0,2.747,0
2020-08-20,2.745,2.745,2.745,2.745,0.0,2.745,0
2020-08-21,2.74,2.74,2.74,2.74,0.0,2.74,0
2020-08-24,2.735,2.735,2.735,2.735,0.0,2.735,0
2020-08-25,2.728,2.728,2.728,2.728,0.0,2.728,0
2020-08-26,2.756,2.756,2.756,2.756,0.0,2.756,0
2020-08-27,2.765,2.765,2.765,2.765,0.0,2.765,0
2020-08-28,2.753,2.753,2.753,2.753,0.0,2.753,0
2020-08-31,2.727,2.727,2.727,2.727,0.0,2.727,0
2020-09-01,2.725,2.725,2.725,2.725,0.0,2.725,0
2020-09-02,2.725,2.725,2.719,2.719,100.0,2.725,10
2020-09-03,2.716,2.716,2.716,2.716,0.0,2.716,0
2020-09-04,2.722,2.722,2.722,2.722,0.0,2.722,0
2020-09-08,2.723,2.723,2.723,2.723,0.0,2.723,0
2020-09-09,2.709,2.709,2.709,2.709,0.0,2.709,0
2020-09-10,2.691,2.691,2.691,2.691,0.0,2.691,0
2020-09-11,2.668,2.668,2.668,2.668,0.0,2.668,0
2020-09-14,2.656,2.656,2.656,2.656,0.0,2.656,0
2020-09-15,2.663,2.663,2.663,2.663,0.0,2.663,0
2020-09-16,2.661,2.661,2.661,2.661,0.0,2.661,0
2020-09-17,2.649,2.649,2.649,2.649,0.0,2.649,0
2020-09-18,2.67,2.67,2.67,2.67,0.0,2.67,0
2020-09-21,2.645,2.645,2.645,2.645,0.0,2.645,0
2020-09-22,2.66,2.66,2.66,2.66,0.0,2.66,0
2020-09-23,2.7,2.7,2.7,2.7,0.0,2.7,0
2020-09-24,2.71,2.71,2.71,2.71,0.0,2.71,0
2020-09-25,2.722,2.722,2.722,2.722,0.0,2.722,0
2020-09-28,2.73,2.73,2.73,2.73,0.0,2.73,0
2020-09-29,2.701,2.701,2.701,2.701,0.0,2.701,0
2020-09-30,2.682,2.682,2.682,2.682,0.0,2.682,0
2020-10-01,2.662,2.662,2.662,2.662,0.0,2.662,0
2020-10-02,2.646,2.646,2.646,2.646,0.0,2.646,0
2020-10-05,2.624,2.624,2.624,2.624,0.0,2.624,0
2020-10-06,2.631,2.631,2.631,2.631,0.0,2.631,0
2020-10-07,2.654,2.654,2.654,2.654,0.0,2.654,0
2020-10-08,2.629,2.629,2.629,2.629,0.0,2.629,0
2020-10-09,2.659,2.659,2.659,2.659,0.0,2.659,0
2020-10-12,2.645,2.645,2.645,2.645,0.0,2.645,0
2020-10-13,2.625,2.625,2.625,2.625,0.0,2.625,0
2020-10-14,2.652,2.652,2.652,2.652,0.0,2.652,0
2020-10-15,2.663,2.663,2.663,2.663,0.0,2.663,0
2020-10-16,2.666,2.666,2.666,2.666,0.0,2.666,0
2020-10-19,2.709,2.709,2.709,2.709,0.0,2.709,0
2020-10-20,2.65,2.65,2.65,2.65,0.0,2.65,0
2020-10-21,2.671,2.671,2.671,2.671,0.0,2.671,0
2020-10-22,2.673,2.673,2.673,2.673,0.0,2.673,0
2020-10-23,2.636,2.636,2.636,2.636,0.0,2.636,0
2020-10-26,2.604,2.604,2.604,2.604,0.0,2.604,0
2020-10-27,2.643,2.643,2.643,2.643,0.0,2.643,0
2020-10-28,2.67,2.67,2.67,2.67,0.0,2.67,0
2020-10-29,2.682,2.682,2.682,2.682,0.0,2.682,0
2020-10-30,2.699,2.699,2.699,2.699,0.0,2.699,0
2020-11-02,2.687,2.687,2.687,2.687,0.0,2.687,0
2020-11-03,2.737,2.737,2.737,2.737,0.0,2.737,0
2020-11-04,2.734,2.734,2.734,2.734,0.0,2.734,0
2020-11-05,2.729,2.729,2.729,2.729,0.0,2.729,0
2020-11-06,2.719,2.719,2.719,2.719,0.0,2.719,0
2020-11-09,2.715,2.715,2.715,2.715,0.0,2.715,0
2020-11-10,2.725,2.725,2.725,2.725,0.0,2.725,0
2020-11-11,2.74,2.74,2.74,2.74,0.0,2.74,0
2020-11-12,2.737,2.737,2.737,2.737,0.0,2.737,0
2020-11-13,2.717,2.717,2.717,2.717,0.0,2.717,0
2020-11-16,2.721,2.721,2.721,2.721,0.0,2.721,0
2020-11-17,2.738,2.738,2.738,2.738,0.0,2.738,0
2020-11-18,2.762,2.762,2.762,2.762,0.0,2.762,0
2020-11-19,2.762,2.762,2.762,2.762,0.0,2.762,0
2020-11-20,2.755,2.755,2.755,2.755,0.0,2.755,0
2020-11-23,2.749,2.749,2.749,2.749,0.0,2.749,0
2020-11-24,2.751,2.751,2.751,2.751,0.0,2.751,0
2020-11-25,2.734,2.734,2.734,2.734,0.0,2.734,0
2020-11-27,2.73,2.73,2.73,2.73,0.0,2.73,0
2020-11-30,2.716,2.716,2.716,2.716,0.0,2.716,0
2020-12-01,2.774,2.774,2.774,2.774,0.0,2.774,0
2020-12-02,2.799,2.799,2.799,2.799,0.0,2.799,0
2020-12-03,2.763,2.763,2.763,2.763,0.0,2.763,0
2020-12-04,2.786,2.786,2.786,2.786,0.0,2.786,0
2020-12-07,2.757,2.757,2.757,2.757,0.0,2.757,0
2020-12-08,2.745,2.745,2.745,2.745,0.0,2.745,0
2020-12-09,2.762,2.762,2.762,2.762,0.0,2.762,0
2020-12-10,2.767,2.767,2.767,2.767,0.0,2.767,0
2020-12-11,2.781,2.781,2.781,2.781,0.0,2.781,0
2020-12-14,2.78,2.78,2.78,2.78,0.0,2.78,0
2020-12-15,2.765,2.765,2.765,2.765,0.0,2.765,0
2020-12-16,2.777,2.777,2.777,2.777,0.0,2.777,0
2020-12-17,2.765,2.765,2.765,2.765,0.0,2.765,0
2020-12-18,2.779,2.779,2.779,2.779,0.0,2.779,0
2020-12-21,2.75,2.75,2.75,2.75,0.0,2.75,0
2020-12-22,2.759,2.759,2.759,2.759,0.0,2.759,0
2020-12-23,2.749,2.749,2.749,2.749,0.0,2.749,0
2020-12-24,2.761,2.761,2.761,2.761,0.0,2.761,0
2020-12-28,2.69,2.69,2.69,2.69,0.0,2.69,0
2020-12-29,2.744,2.744,2.744,2.744,0.0,2.744,0
2020-12-30,2.728,2.728,2.728,2.728,0.0,2.728,0
2020-12-31,2.752,2.752,2.752,2.752,0.0,2.752,0
2021-01-04,2.76,2.76,2.76,2.76,0.0,2.76,0
2021-01-05,2.778,2.778,2.778,2.778,0.0,2.778,0
2021-01-06,2.811,2.811,2.811,2.811,0.0,2.811,0
2021-01-07,2.779,2.779,2.779,2.779,0.0,2.779,0
2021-01-08,2.763,2.763,2.763,2.763,0.0,2.763,0
2021-01-11,2.758,2.758,2.758,2.758,0.0,2.758,0
2021-01-12,2.78,2.78,2.78,2.78,0.0,2.78,0
2021-01-13,2.801,2.801,2.801,2.801,0.0,2.801,0
2021-01-14,2.749,2.749,2.749,2.749,0.0,2.749,0
2021-01-15,2.785,2.785,2.785,2.785,0.0,2.785,0
2021-01-19,2.775,2.775,2.775,2.775,0.0,2.775,0
2021-01-20,2.789,2.789,2.789,2.789,0.0,2.789,0
2021-01-21,2.792,2.792,2.792,2.792,0.0,2.792,0
2021-01-22,2.807,2.807,2.807,2.807,0.0,2.807,0
2021-01-25,2.764,2.764,2.764,2.764,0.0,2.764,0
2021-01-26,2.793,2.793,2.793,2.793,0.0,2.793,0
2021-01-27,2.808,2.808,2.808,2.808,0.0,2.808,0
2021-01-28,2.807,2.807,2.807,2.807,0.0,2.807,0
2021-01-29,2.813,2.813,2.813,2.813,0.0,2.813,0
2021-02-01,2.817,2.817,2.817,2.817,0.0,2.817,0
2021-02-02,2.813,2.813,2.813,2.813,0.0,2.813,0
2021-02-03,2.794,2.794,2.794,2.794,0.0,2.794,0
2021-02-04,2.77,2.77,2.77,2.77,0.0,2.77,0
2021-02-05,2.779,2.779,2.779,2.779,0.0,2.779,0
2021-02-08,2.799,2.799,2.799,2.799,0.0,2.799,0
2021-02-09,2.799,2.799,2.799,2.799,0.0,2.799,0
2021-02-10,2.804,2.804,2.804,2.804,0.0,2.804,0
2021-02-11,2.791,2.791,2.791,2.791,0.0,2.791,0
2021-02-12,2.785,2.785,2.785,2.785,0.0,2.785,0
2021-02-16,2.802,2.802,2.802,2.802,0.0,2.802,0
2021-02-17,2.797,2.797,2.797,2.797,0.0,2.797,0
2021-02-18,2.787,2.787,2.787,2.787,0.0,2.787,0
2021-02-19,2.783,2.783,2.783,2.783,0.0,2.783,0
2021-02-22,2.785,2.785,2.785,2.785,0.0,2.785,0
2021-02-23,2.79,2.79,2.79,2.79,0.0,2.79,0
2021-02-24,2.784,2.784,2.784,2.784,0.0,2.784,0
2021-02-25,2.743,2.743,2.743,2.743,0.0,2.743,0
2021-02-26,2.758,2.758,2.758,2.758,0.0,2.758,0
2021-03-01,2.776,2.776,2.776,2.776,0.0,2.776,0
2021-03-02,2.785,2.785,2.785,2.785,0.0,2.785,0
2021-03-03,2.76,2.76,2.76,2.76,0.0,2.76,0
2021-03-04,2.735,2.735,2.735,2.735,0.0,2.735,0
2021-03-05,2.741,2.741,2.741,2.741,0.0,2.741,0
2021-03-08,2.759,2.759,2.759,2.759,0.0,2.759,0
2021-03-09,2.766,2.766,2.766,2.766,0.0,2.766,0
2021-03-10,2.778,2.778,2.778,2.778,0.0,2.778,0
2021-03-11,2.767,2.767,2.767,2.767,0.0,2.767,0
2021-03-12,2.779,2.779,2.779,2.779,0.0,2.779,0
2021-03-15,2.752,2.752,2.752,2.752,0.0,2.752,0
2021-03-16,2.781,2.781,2.781,2.781,0.0,2.781,0
2021-03-17,2.762,2.762,2.762,2.762,0.0,2.762,0
2021-03-18,2.769,2.769,2.769,2.769,0.0,2.769,0
2021-03-19,2.775,2.775,2.775,2.775,0.0,2.775,0
2021-03-22,2.771,2.771,2.771,2.771,0.0,2.771,0
2021-03-23,2.785,2.785,2.785,2.785,0.0,2.785,0
2021-03-24,2.788,2.788,2.788,2.788,0.0,2.788,0
2021-03-25,2.788,2.788,2.788,2.788,0.0,2.788,0
2021-03-26,2.776,2.776,2.776,2.776,0.0,2.776,0
2021-03-29,2.786,2.786,2.786,2.786,0.0,2.786,0
2021-03-30,2.793,2.793,2.793,2.793,0.0,2.793,0
2021-03-31,2.814,2.814,2.814,2.814,0.0,2.814,0
2021-04-01,2.829,2.829,2.829,2.829,0.0,2.829,0
2021-04-05,2.816,2.816,2.816,2.816,0.0,2.816,0
2021-04-06,2.808,2.808,2.808,2.808,0.0,2.808,0
2021-04-07,2.811,2.811,2.811,2.811,0.0,2.811,0
2021-04-08,2.801,2.811,2.801,2.811,8.0,2.801,1
2021-04-09,2.845,2.845,2.845,2.845,0.0,2.845,0
2021-04-12,2.854,2.854,2.854,2.854,0.0,2.854,0
2021-04-13,2.837,2.837,2.837,2.837,0.0,2.837,0
2021-04-14,2.846,2.846,2.846,2.846,0.0,2.846,0
2021-04-15,2.852,2.852,2.852,2.852,0.0,2.852,0
2021-04-16,2.865,2.865,2.865,2.865,0.0,2.865,0
2021-04-19,2.859,2.859,2.859,2.859,0.0,2.859,0
2021-04-20,2.834,2.834,2.834,2.834,0.0,2.834,0
2021-04-21,2.821,2.821,2.821,2.821,0.0,2.821,0
2021-04-22,2.802,2.802,2.802,2.802,0.0,2.802,0
2021-04-23,2.81,2.81,2.81,2.81,0.0,2.81,0
2021-04-26,2.796,2.796,2.796,2.796,0.0,2.796,0
2021-04-27,2.807,2.807,2.807,2.807,0.0,2.807,0
2021-04-28,2.809,2.809,2.809,2.809,0.0,2.809,0
2021-04-29,2.811,2.811,2.811,2.811,0.0,2.811,0
2021-04-30,2.826,2.826,2.826,2.826,0.0,2.826,0
2021-05-03,2.829,2.829,2.829,2.829,0.0,2.829,0
2021-05-04,2.838,2.838,2.838,2.838,0.0,2.838,0
2021-05-05,2.84,2.84,2.84,2.84,0.0,2.84,0
2021-05-06,2.83,2.83,2.83,2.83,0.0,2.83,0
2021-05-07,2.837,2.837,2.837,2.837,0.0,2.837,0
2021-05-10,2.84,2.84,2.84,2.84,0.0,2.84,0
2021-05-11,2.837,2.837,2.837,2.837,0.0,2.837,0
2021-05-12,2.836,2.836,2.836,2.836,0.0,2.836,0
2021-05-13,2.826,2.826,2.826,2.826,0.0,2.826,0
2021-05-14,2.832,2.832,2.832,2.832,0.0,2.832,0
2021-05-17,2.836,2.836,2.836,2.836,0.0,2.836,0
2021-05-18,2.815,2.815,2.815,2.815,0.0,2.815,0
2021-05-19,2.819,2.819,2.819,2.819,0.0,2.819,0
2021-05-20,2.824,2.824,2.824,2.824,0.0,2.824,0
2021-05-21,2.836,2.836,2.836,2.836,0.0,2.836,0
2021-05-24,2.83,2.83,2.83,2.83,0.0,2.83,0
2021-05-25,2.841,2.841,2.841,2.841,0.0,2.841,0
2021-05-26,2.83,2.83,2.83,2.83,0.0,2.83,0
2021-05-27,2.827,2.827,2.827,2.827,0.0,2.827,0
2021-05-28,2.837,2.837,2.837,2.837,0.0,2.837,0
2021-06-01,2.839,2.839,2.839,2.839,0.0,2.839,0
2021-06-02,2.849,2.849,2.849,2.849,0.0,2.849,0
2021-06-03,2.846,2.846,2.846,2.846,0.0,2.846,0
2021-06-04,2.897,2.897,2.897,2.897,0.0,2.897,0
2021-06-07,2.868,2.868,2.868,2.868,0.0,2.868,0
2021-06-08,2.849,2.849,2.849,2.849,0.0,2.849,0
2021-06-09,2.856,2.856,2.856,2.856,0.0,2.856,0
2021-06-10,2.845,2.845,2.845,2.845,0.0,2.845,0
2021-06-11,2.844,2.844,2.844,2.844,0.0,2.844,0
2021-06-14,2.853,2.853,2.853,2.853,0.0,2.853,0
2021-06-15,2.838,2.838,2.838,2.838,0.0,2.838,0
2021-06-16,2.871,2.871,2.871,2.871,0.0,2.871,0
2021-06-17,2.876,2.876,2.876,2.876,0.0,2.876,0
2021-06-18,2.87,2.87,2.87,2.87,0.0,2.87,0
2021-06-21,2.867,2.867,2.867,2.867,0.0,2.867,0
2021-06-22,2.867,2.867,2.867,2.867,0.0,2.867,0
2021-06-23,2.868,2.868,2.868,2.868,0.0,2.868,0
2021-06-24,2.856,2.856,2.856,2.856,0.0,2.856,0
2021-06-25,2.904,2.904,2.904,2.904,0.0,2.904,0
2021-06-28,2.914,2.914,2.914,2.914,0.0,2.914,0
2021-06-29,2.942,2.942,2.942,2.942,0.0,2.942,0
2021-06-30,2.938,2.938,2.938,2.938,0.0,2.938,0
2021-07-01,2.926,2.926,2.926,2.926,0.0,2.926,0
2021-07-02,2.918,2.918,2.918,2.918,0.0,2.918,0
2021-07-06,2.91,2.91,2.91,2.91,0.0,2.91,0
2021-07-07,2.922,2.922,2.922,2.922,0.0,2.922,0
2021-07-08,2.935,2.935,2.934,2.934,50.0,2.935,3
2021-07-09,2.953,2.953,2.953,2.953,0.0,2.953,0
2021-07-12,2.958,2.958,2.958,2.958,0.0,2.958,0
2021-07-13,2.957,2.957,2.957,2.957,0.0,2.957,0
2021-07-14,2.95,2.95,2.95,2.95,0.0,2.95,0
2021-07-15,2.953,2.953,2.953,2.953,0.0,2.953,0
2021-07-16,2.959,2.959,2.959,2.959,0.0,2.959,0
2021-07-19,2.969,2.969,2.969,2.969,0.0,2.969,0
2021-07-20,2.981,2.981,2.981,2.981,0.0,2.981,0
2021-07-21,2.964,2.964,2.964,2.964,0.0,2.964,0
2021-07-22,2.966,2.966,2.966,2.966,0.0,2.966,0
2021-07-23,2.972,2.972,2.972,2.972,0.0,2.972,0
2021-07-26,2.98,2.98,2.98,2.98,0.0,2.98,0
2021-07-27,2.957,2.957,2.957,2.957,0.0,2.957,0
2021-07-28,2.949,2.949,2.949,2.949,0.0,2.949,0
2021-07-29,2.924,2.924,2.924,2.924,0.0,2.924,0
2021-07-30,2.944,2.944,2.944,2.944,0.0,2.944,0
2021-08-02,2.963,2.963,2.963,2.963,0.0,2.963,0
2021-08-03,2.955,2.955,2.955,2.955,0.0,2.955,0
2021-08-04,2.965,2.965,2.965,2.965,0.0,2.965,0
2021-08-05,2.944,2.944,2.944,2.944,0.0,2.944,0
2021-08-06,2.953,2.953,2.953,2.953,0.0,2.953,0
2021-08-09,2.969,2.969,2.969,2.969,0.0,2.969,0
2021-08-10,2.966,2.966,2.966,2.966,0.0,2.966,0
2021-08-11,2.981,2.981,2.981,2.981,0.0,2.981,0
2021-08-12,3.039,3.039,3.039,3.039,0.0,3.039,0
2021-08-13,3.006,3.006,3.006,3.006,0.0,3.006,0
2021-08-16,3.009,3.009,3.009,3.009,0.0,3.009,0
2021-08-17,3.022,3.022,3.022,3.022,0.0,3.022,0
2021-08-18,3.02,3.02,3.02,3.02,0.0,3.02,0
2021-08-19,3.031,3.031,3.031,3.031,0.0,3.031,0
2021-08-20,3.025,3.025,3.025,3.025,0.0,3.025,0
2021-08-23,3.022,3.022,3.022,3.022,0.0,3.022,0
2021-08-24,3.021,3.021,3.021,3.021,0.0,3.021,0
2021-08-25,3.03,3.03,3.03,3.03,0.0,3.03,0
2021-08-26,3.056,3.056,3.056,3.056,0.0,3.056,0
2021-08-27,3.053,3.053,3.053,3.053,0.0,3.053,0
2021-08-30,3.056,3.056,3.056,3.056,0.0,3.056,0
2021-08-31,3.045,3.045,3.045,3.045,0.0,3.045,0
2021-09-01,3.045,3.045,3.045,3.045,0.0,3.045,0
2021-09-02,3.05,3.05,3.05,3.05,0.0,3.05,0
2021-09-03,3.054,3.054,3.054,3.054,0.0,3.054,0
2021-09-07,3.078,3.078,3.078,3.078,0.0,3.078,0
2021-09-08,3.125,3.125,3.125,3.125,0.0,3.125,0
2021-09-09,3.175,3.175,3.175,3.175,0.0,3.175,0
2021-09-10,3.177,3.177,3.177,3.177,0.0,3.177,0
2021-09-13,3.202,3.202,3.202,3.202,0.0,3.202,0
2021-09-14,3.196,3.196,3.196,3.196,0.0,3.196,0
2021-09-15,3.147,3.147,3.147,3.147,0.0,3.147,0
2021-09-16,3.15,3.15,3.15,3.15,0.0,3.15,0
2021-09-17,3.143,3.143,3.143,3.143,0.0,3.143,0
2021-09-20,3.179,3.179,3.179,3.179,0.0,3.179,0
2021-09-21,3.196,3.196,3.196,3.196,0.0,3.196,0
2021-09-22,3.213,3.213,3.213,3.213,0.0,3.213,0
2021-09-23,3.22,3.22,3.22,3.22,0.0,3.22,0
2021-09-24,3.19,3.19,3.19,3.19,0.0,3.19,0
2021-09-27,3.228,3.228,3.228,3.228,0.0,3.228,0
2021-09-28,3.161,3.161,3.161,3.161,0.0,3.161,0
2021-09-29,3.222,3.222,3.222,3.222,0.0,3.222,0
2021-09-30,3.272,3.272,3.234,3.234,1.0,3.272,1
2021-10-01,3.239,3.239,3.239,3.239,0.0,3.239,0
2021-10-04,3.248,3.248,3.248,3.248,0.0,3.248,0
2021-10-05,3.288,3.288,3.288,3.288,0.0,3.288,0
2021-10-06,3.311,3.311,3.311,3.311,0.0,3.311,0
2021-10-07,3.306,3.306,3.306,3.306,0.0,3.306,0
2021-10-08,3.342,3.342,3.342,3.342,0.0,3.342,0
2021-10-11,3.328,3.328,3.328,3.328,0.0,3.328,0
2021-10-12,3.313,3.313,3.313,3.313,0.0,3.313,0
2021-10-13,3.318,3.318,3.318,3.318,0.0,3.318,0
2021-10-14,3.353,3.353,3.353,3.353,0.0,3.353,0
2021-10-15,3.362,3.362,3.362,3.362,0.0,3.362,0
2021-10-18,3.368,3.368,3.368,3.368,0.0,3.368,0
2021-10-19,3.352,3.352,3.352,3.352,0.0,3.352,0
2021-10-20,3.355,3.355,3.355,3.355,0.0,3.355,0
2021-10-21,3.368,3.368,3.368,3.368,0.0,3.368,0
2021-10-22,3.373,3.373,3.373,3.373,0.0,3.373,0
2021-10-25,3.426,3.426,3.426,3.426,0.0,3.426,0
2021-10-26,3.404,3.404,3.404,3.404,0.0,3.404,0
2021-10-27,3.341,3.341,3.341,3.341,0.0,3.341,0
2021-10-28,3.342,3.342,3.342,3.342,0.0,3.342,0
2021-10-29,3.293,3.293,3.293,3.293,0.0,3.293,0
2021-11-01,3.188,3.188,3.188,3.188,0.0,3.188,0
2021-11-02,3.244,3.244,3.244,3.244,0.0,3.244,0
2021-11-03,3.233,3.233,3.233,3.233,0.0,3.233,0
2021-11-04,3.257,3.257,3.257,3.257,0.0,3.257,0
2021-11-05,3.32,3.32,3.2,3.2,2.0,3.32,1
2021-11-08,3.253,3.253,3.253,3.253,0.0,3.253,0
2021-11-09,3.249,3.249,3.249,3.249,0.0,3.249,0
2021-11-10,3.275,3.275,3.275,3.275,0.0,3.275,0
2021-11-11,3.292,3.292,3.292,3.292,0.0,3.292,0
2021-11-12,3.263,3.263,3.263,3.263,0.0,3.263,0
2021-11-15,3.276,3.276,3.276,3.276,0.0,3.276,0
2021-11-16,3.347,3.347,3.347,3.347,0.0,3.347,0
2021-11-17,3.308,3.308,3.308,3.308,0.0,3.308,0
2021-11-18,3.311,3.311,3.311,3.311,0.0,3.311,0
2021-11-19,3.3,3.3,3.3,3.3,0.0,3.3,0
2021-11-22,3.331,3.331,3.262,3.262,6.0,3.329,3
2021-11-23,3.309,3.309,3.309,3.309,0.0,3.309,0
2021-11-24,3.333,3.333,3.333,3.333,0.0,3.333,0
2021-11-26,3.372,3.372,3.372,3.372,0.0,3.372,0
2021-11-29,3.361,3.361,3.361,3.361,0.0,3.361,0
2021-11-30,3.334,3.334,3.334,3.334,0.0,3.334,0
2021-12-01,3.332,3.332,3.332,3.332,0.0,3.332,0
2021-12-02,3.352,3.352,3.336,3.336,7.0,3.3449,4
2021-12-03,3.346,3.346,3.346,3.346,0.0,3.346,0
2021-12-06,3.346,3.346,3.318,3.318,2.0,3.346,1
2021-12-07,3.322,3.322,3.322,3.322,0.0,3.322,0
2021-12-08,3.363,3.363,3.281,3.281,4.0,3.3605,2
2021-12-09,3.332,3.332,3.332,3.332,0.0,3.332,0
2021-12-10,3.353,3.369,3.353,3.369,6.0,3.353,3
2021-12-13,3.273,3.273,3.273,3.273,0.0,3.273,0
2021-12-14,3.324,3.324,3.324,3.324,0.0,3.324,0
2021-12-15,3.323,3.323,3.323,3.323,0.0,3.323,0
2021-12-16,3.34,3.34,3.34,3.34,0.0,3.34,0
2021-12-17,3.36,3.36,3.36,3.36,0.0,3.36,0
2021-12-20,3.378,3.378,3.375,3.375,1.0,3.378,1
2021-12-21,3.359,3.359,3.359,3.359,0.0,3.359,0
2021-12-22,3.36,3.36,3.36,3.36,0.0,3.36,0
2021-12-23,3.323,3.323,3.323,3.323,0.0,3.323,0
2021-12-27,3.309,3.309,3.309,3.309,0.0,3.309,0
2021-12-28,3.325,3.325,3.325,3.325,0.0,3.325,0
2021-12-29,3.341,3.341,3.341,3.341,0.0,3.341,0
2021-12-30,3.329,3.329,3.329,3.329,0.0,3.329,0
2021-12-31,3.332,3.332,3.332,3.332,0.0,3.332,0
2022-01-03,3.344,3.344,3.344,3.344,0.0,3.344,0
2022-01-04,3.339,3.339,3.339,3.339,0.0,3.339,0
2022-01-05,3.343,3.343,3.343,3.343,0.0,3.343,0
2022-01-06,3.357,3.357,3.357,3.357,0.0,3.357,0
2022-01-07,3.39,3.39,3.39,3.39,0.0,3.39,0
2022-01-10,3.395,3.395,3.395,3.395,0.0,3.395,0
2022-01-11,3.384,3.384,3.384,3.384,0.0,3.384,0
2022-01-12,3.359,3.359,3.359,3.359,0.0,3.359,0
2022-01-13,3.374,3.374,3.362,3.362,4.0,3.374,2
2022-01-14,3.338,3.338,3.338,3.338,0.0,3.338,0
2022-01-18,3.357,3.357,3.357,3.357,0.0,3.357,0
2022-01-19,3.384,3.384,3.384,3.384,0.0,3.384,0
2022-01-20,3.387,3.387,3.387,3.387,0.0,3.387,0
2022-01-21,3.388,3.388,3.375,3.375,2.0,3.388,1
2022-01-24,3.364,3.364,3.364,3.364,0.0,3.364,0
2022-01-25,3.437,3.437,3.384,3.384,2.0,3.437,2
2022-01-26,3.399,3.399,3.385,3.385,2.0,3.399,1
2022-01-27,3.42,3.42,3.37,3.37,2.0,3.405,2
2022-01-28,3.39,3.39,3.378,3.378,4.0,3.39,1
2022-01-31,3.387,3.387,3.387,3.387,0.0,3.387,0
2022-02-01,3.372,3.372,3.372,3.372,0.0,3.372,0
2022-02-02,3.391,3.391,3.391,3.391,0.0,3.391,0
2022-02-03,3.39,3.39,3.382,3.382,2.0,3.39,2
2022-02-04,3.428,3.428,3.428,3.428,0.0,3.428,0
2022-02-07,3.428,3.428,3.428,3.428,0.0,3.428,0
2022-02-08,3.445,3.445,3.445,3.445,0.0,3.445,0
2022-02-09,3.45,3.45,3.432,3.432,2.0,3.45,2
2022-02-10,3.437,3.437,3.437,3.437,0.0,3.437,0
2022-02-11,3.47,3.477,3.47,3.477,1.0,3.47,1
2022-02-14,3.518,3.518,3.518,3.518,0.0,3.518,0
2022-02-15,3.528,3.53,3.506,3.506,7.0,3.5294,2
2022-02-16,3.535,3.535,3.535,3.535,0.0,3.535,0
2022-02-17,3.555,3.555,3.512,3.512,1.0,3.555,1
2022-02-18,3.512,3.512,3.512,3.512,0.0,3.512,0
2022-02-22,3.55,3.55,3.55,3.55,0.0,3.55,0
2022-02-23,3.612,3.612,3.612,3.612,0.0,3.612,0
2022-02-24,3.605,3.605,3.605,3.605,0.0,3.605,0
2022-02-25,3.497,3.497,3.497,3.497,0.0,3.497,0
2022-02-28,3.574,3.574,3.574,3.574,0.0,3.574,0
2022-03-01,3.645,3.645,3.645,3.645,0.0,3.645,0
2022-03-02,3.692,3.692,3.692,3.692,0.0,3.692,0
2022-03-03,3.7,3.7,3.7,3.7,0.0,3.7,0
2022-03-04,3.753,3.753,3.753,3.753,0.0,3.753,0
2022-03-07,3.779,3.779,3.779,3.779,0.0,3.779,0
2022-03-08,3.789,3.789,3.789,3.789,0.0,3.789,0
2022-03-09,3.744,3.744,3.744,3.744,0.0,3.744,0
2022-03-10,3.74,3.74,3.74,3.74,0.0,3.74,0
2022-03-11,3.755,3.755,3.755,3.755,0.0,3.755,0
2022-03-14,3.788,3.788,3.788,3.788,0.0,3.788,0
2022-03-15,3.807,3.807,3.807,3.807,0.0,3.807,0
2022-03-16,3.796,3.796,3.796,3.796,0.0,3.796,0
2022-03-17,3.813,3.813,3.813,3.813,0.0,3.813,0
2022-03-18,3.791,3.791,3.791,3.791,0.0,3.791,0
2022-03-21,3.772,3.772,3.772,3.772,0.0,3.772,0
2022-03-22,3.777,3.783,3.777,3.783,3.0,3.777,1
2022-03-23,3.794,3.794,3.794,3.794,0.0,3.794,0
2022-03-24,3.82,3.83,3.82,3.82,20.0,3.825,2
2022-03-25,3.95,3.95,3.889,3.889,5.0,3.944,2
2022-03-28,3.953,3.953,3.953,3.953,0.0,3.953,0
2022-03-29,3.96,3.96,3.96,3.96,0.0,3.96,0
2022-03-30,4.053,4.053,4.053,4.053,0.0,4.053,0
2022-03-31,4.131,4.131,4.131,4.131,0.0,4.131,0
2022-04-01,4.22,4.22,4.183,4.183,1.0,4.22,1
2022-04-04,4.23,4.25,4.23,4.25,1.0,4.23,1
2022-04-05,4.329,4.329,4.329,4.329,0.0,4.329,0
2022-04-06,4.381,4.381,4.381,4.381,0.0,4.381,0
2022-04-07,4.366,4.366,4.366,4.366,0.0,4.366,0
2022-04-08,4.388,4.388,4.388,4.388,0.0,4.388,0
2022-04-11,4.437,4.437,4.437,4.437,0.0,4.437,0
2022-04-12,4.475,4.475,4.459,4.459,2.0,4.475,1
2022-04-13,4.519,4.519,4.467,4.467,2.0,4.519,1
2022-04-14,4.469,4.469,4.469,4.469,0.0,4.469,0
2022-04-18,4.55,4.55,4.504,4.504,3.0,4.55,1
2022-04-19,4.492,4.492,4.492,4.492,0.0,4.492,0
2022-04-20,4.5,4.5,4.468,4.468,5.0,4.5,1
2022-04-21,4.405,4.405,4.405,4.405,0.0,4.405,0
2022-04-22,4.232,4.232,4.232,4.232,0.0,4.232,0
2022-04-25,4.212,4.212,4.212,4.212,0.0,4.212,0
2022-04-26,4.277,4.277,4.277,4.277,0.0,4.277,0
2022-04-27,4.252,4.252,4.252,4.252,0.0,4.252,0
2022-04-28,4.248,4.248,4.248,4.248,0.0,4.248,0
2022-04-29,4.291,4.291,4.291,4.291,0.0,4.291,0
2022-05-02,4.391,4.391,4.391,4.391,0.0,4.391,0
2022-05-03,4.408,4.408,4.408,4.408,0.0,4.408,0
2022-05-04,4.483,4.483,4.483,4.483,0.0,4.483,0
2022-05-05,4.516,4.516,4.516,4.516,0.0,4.516,0
2022-05-06,4.463,4.463,4.463,4.463,0.0,4.463,0
2022-05-09,4.329,4.329,4.329,4.329,0.0,4.329,0
2022-05-10,4.356,4.356,4.356,4.356,0.0,4.356,0
2022-05-11,4.415,4.415,4.415,4.415,0.0,4.415,0
2022-05-12,4.42,4.44,4.42,4.425,19.0,4.4279,4
2022-05-13,4.474,4.474,4.474,4.474,0.0,4.474,0
2022-05-16,4.524,4.524,4.524,4.524,0.0,4.524,0
2022-05-17,4.563,4.563,4.563,4.563,0.0,4.563,0
2022-05-18,4.603,4.603,4.603,4.603,0.0,4.603,0
2022-05-19,4.532,4.532,4.532,4.532,0.0,4.532,0
2022-05-20,4.527,4.527,4.527,4.527,0.0,4.527,0
2022-05-23,4.568,4.568,4.568,4.568,0.0,4.568,0
2022-05-24,4.547,4.547,4.547,4.547,0.0,4.547,0
2022-05-25,4.587,4.587,4.587,4.587,0.0,4.587,0
2022-05-26,4.641,4.641,4.641,4.641,0.0,4.641,0
2022-05-27,4.665,4.665,4.665,4.665,0.0,4.665,0
2022-05-31,4.606,4.606,4.606,4.606,0.0,4.606,0
2022-06-01,4.7,4.78,4.7,4.78,1.0,4.7,1
2022-06-02,4.817,4.817,4.817,4.817,0.0,4.817,0
2022-06-03,4.884,4.884,4.884,4.884,0.0,4.884,0
2022-06-06,5.022,5.022,5.022,5.022,0.0,5.022,0
2022-06-07,5.032,5.088,5.032,5.088,1.0,5.032,1
2022-06-08,5.168,5.168,5.168,5.168,0.0,5.168,0
2022-06-09,5.265,5.265,5.265,5.265,0.0,5.265,0
2022-06-10,5.325,5.325,5.325,5.325,0.0,5.325,0
2022-06-13,5.268,5.268,5.268,5.268,0.0,5.268,0
2022-06-14,5.186,5.186,5.186,5.186,0.0,5.186,0
2022-06-15,5.226,5.226,5.226,5.226,0.0,5.226,0
2022-06-16,5.222,5.222,5.222,5.222,0.0,5.222,0
2022-06-17,5.025,5.025,5.025,5.025,0.0,5.025,0
2022-06-21,5.012,5.012,5.012,5.012,0.0,5.012,0
2022-06-22,5.05,5.061,5.05,5.061,5.0,5.05,3
2022-06-23,5.015,5.015,5.015,5.015,0.0,5.015,0
2022-06-24,4.914,4.914,4.914,4.914,0.0,4.914,0
2022-06-27,4.956,4.956,4.956,4.956,0.0,4.956,0
2022-06-28,4.926,4.926,4.926,4.926,0.0,4.926,0
2022-06-29,4.948,4.948,4.948,4.948,0.0,4.948,0
2022-06-30,4.693,4.693,4.693,4.693,0.0,4.693,0
2022-07-01,4.701,4.701,4.701,4.701,0.0,4.701,0
2022-07-04,4.701,4.701,4.701,4.701,0.0,4.701,0
2022-07-05,4.703,4.703,4.568,4.568,4.0,4.703,1
2022-07-06,4.66,4.66,4.66,4.66,0.0,4.66,0
2022-07-07,4.755,4.755,4.755,4.755,0.0,4.755,0
2022-07-08,4.744,4.744,4.744,4.744,0.0,4.744,0
2022-07-11,4.816,4.816,4.816,4.816,0.0,4.816,0
2022-07-12,4.737,4.737,4.737,4.737,0.0,4.737,0
2022-07-13,4.824,4.824,4.824,4.824,0.0,4.824,0
2022-07-14,4.746,4.746,4.746,4.746,0.0,4.746,0
2022-07-15,4.82,4.82,4.82,4.82,0.0,4.82,0
2022-07-18,4.801,4.801,4.801,4.801,0.0,4.801,0
2022-07-19,4.792,4.792,4.792,4.792,0.0,4.792,0
2022-07-20,4.935,4.935,4.935,4.935,0.0,4.935,0
2022-07-21,4.84,4.84,4.84,4.84,0.0,4.84,0
2022-07-22,4.853,4.853,4.853,4.853,0.0,4.853,0
2022-07-25,4.909,4.909,4.909,4.909,0.0,4.909,0
2022-07-26,4.911,4.911,4.911,4.911,0.0,4.911,0
2022-07-27,4.909,4.909,4.909,4.909,0.0,4.909,0
2022-07-28,4.88,4.88,4.88,4.88,0.0,4.88,0
2022-07-29,4.875,4.875,4.875,4.875,0.0,4.875,0
2022-08-01,4.853,4.853,4.853,4.853,0.0,4.853,0
2022-08-02,4.84,4.84,4.84,4.84,0.0,4.84,0
2022-08-03,4.861,4.861,4.861,4.861,0.0,4.861,0
2022-08-04,4.842,4.842,4.842,4.842,0.0,4.842,0
2022-08-05,4.869,4.869,4.869,4.869,0.0,4.869,0
2022-08-08,4.831,4.831,4.831,4.831,0.0,4.831,0
2022-08-09,4.873,4.873,4.873,4.873,0.0,4.873,0
2022-08-10,4.903,4.903,4.903,4.903,0.0,4.903,0
2022-08-11,5.014,5.014,5.014,5.014,0.0,5.014,0
2022-08-12,4.995,4.995,4.995,4.995,0.0,4.995,0
2022-08-15,5.086,5.086,5.086,5.086,0.0,5.086,0
2022-08-16,5.125,5.125,5.125,5.125,0.0,5.125,0
2022-08-17,5.15,5.165,5.098,5.098,7.0,5.1586,2
2022-08-18,5.104,5.104,5.104,5.104,0.0,5.104,0
2022-08-19,5.143,5.143,5.12,5.12,3.0,5.143,1
2022-08-22,5.232,5.232,5.179,5.179,40.0,5.2072,9
2022-08-23,5.206,5.206,5.171,5.171,3.0,5.206,1
2022-08-24,5.18,5.18,5.18,5.18,0.0,5.18,0
2022-08-25,5.242,5.242,5.242,5.242,0.0,5.242,0
2022-08-26,5.288,5.288,5.266,5.266,14.0,5.288,4
2022-08-29,5.288,5.288,5.279,5.279,9.0,5.288,3
2022-08-30,5.286,5.286,5.286,5.286,0.0,5.286,0
2022-08-31,5.348,5.348,5.348,5.348,0.0,5.348,0
2022-09-01,5.416,5.416,5.416,5.416,0.0,5.416,0
2022-09-02,5.466,5.466,5.466,5.466,0.0,5.466,0
2022-09-05,5.466,5.466,5.466,5.466,0.0,5.466,0
2022-09-06,5.431,5.431,5.431,5.431,0.0,5.431,0
2022-09-07,5.4,5.4,5.321,5.321,2.0,5.4,1
2022-09-08,5.237,5.237,5.237,5.237,0.0,5.237,0
2022-09-09,5.35,5.35,5.288,5.288,2.0,5.35,1
2022-09-12,5.32,5.32,5.32,5.32,0.0,5.32,0
2022-09-13,5.349,5.349,5.349,5.349,0.0,5.349,0
2022-09-14,5.397,5.397,5.397,5.397,0.0,5.397,0
2022-09-15,5.351,5.351,5.351,5.351,0.0,5.351,0
2022-09-16,5.293,5.293,5.293,5.293,0.0,5.293,0
2022-09-19,5.264,5.264,5.264,5.264,0.0,5.264,0
2022-09-20,5.3,5.3,5.214,5.214,2.0,5.3,1
2022-09-21,5.11,5.11,5.11,5.11,0.0,5.11,0
2022-09-22,5.007,5.007,5.007,5.007,0.0,5.007,0
2022-09-23,5.004,5.004,5.004,5.004,0.0,5.004,0
2022-09-26,4.938,4.938,4.938,4.938,0.0,4.938,0
2022-09-27,4.94,4.94,4.94,4.94,0.0,4.94,0
2022-09-28,4.953,4.953,4.953,4.953,0.0,4.953,0
2022-09-29,4.991,4.991,4.991,4.991,0.0,4.991,0
2022-09-30,4.972,4.972,4.972,4.972,0.0,4.972,0
2022-10-03,4.938,4.938,4.938,4.938,0.0,4.938,0
2022-10-04,4.991,4.991,4.991,4.991,0.0,4.991,0
2022-10-05,4.958,4.958,4.958,4.958,0.0,4.958,0
2022-10-06,4.955,4.955,4.955,4.955,1.0,4.955,1
2022-10-07,4.973,4.973,4.973,4.973,0.0,4.973,0
2022-10-10,4.98,4.98,4.98,4.98,0.0,4.98,0
2022-10-11,5.018,5.018,5.018,5.018,0.0,5.018,0
2022-10-12,5.015,5.015,5.015,5.015,0.0,5.015,0
2022-10-13,4.984,4.984,4.984,4.984,0.0,4.984,0
2022-10-14,5.031,5.031,5.031,5.031,0.0,5.031,0
2022-10-17,4.982,4.982,4.982,4.982,0.0,4.982,0
2022-10-18,4.916,4.916,4.916,4.916,0.0,4.916,0
2022-10-19,4.891,4.891,4.891,4.891,0.0,4.891,0
2022-10-20,4.893,4.893,4.893,4.893,0.0,4.893,0
2022-10-21,4.833,4.833,4.833,4.833,0.0,4.833,0
2022-10-24,4.874,4.874,4.874,4.874,0.0,4.874,0
2022-10-25,4.879,4.879,4.879,4.879,0.0,4.879,0
2022-10-26,4.928,4.928,4.928,4.928,0.0,4.928,0
2022-10-27,4.921,4.921,4.921,4.921,0.0,4.921,0
2022-10-28,4.917,4.917,4.917,4.917,0.0,4.917,0
2022-10-31,4.941,4.941,4.941,4.941,0.0,4.941,0
2022-11-01,4.906,4.906,4.906,4.906,0.0,4.906,0
2022-11-02,4.945,4.945,4.945,4.945,0.0,4.945,0
2022-11-03,4.964,4.964,4.964,4.964,0.0,4.964,0
2022-11-04,5.043,5.043,5.043,5.043,0.0,5.043,0
2022-11-07,5.071,5.071,5.071,5.071,0.0,5.071,0
2022-11-08,5.022,5.022,5.022,5.022,0.0,5.022,0
2022-11-09,5.036,5.036,5.036,5.036,0.0,5.036,0
2022-11-10,5.036,5.036,5.036,5.036,0.0,5.036,0
2022-11-11,5.057,5.057,5.057,5.057,0.0,5.057,0
2022-11-14,5.021,5.021,5.021,5.021,0.0,5.021,0
2022-11-15,5.048,5.048,5.048,5.048,0.0,5.048,0
2022-11-16,5.098,5.098,5.098,5.098,0.0,5.098,0
2022-11-17,5.11,5.11,5.11,5.11,0.0,5.11,0
2022-11-18,5.12,5.12,5.12,5.12,0.0,5.12,0
2022-11-21,5.086,5.086,5.086,5.086,0.0,5.086,0
2022-11-22,5.111,5.111,5.111,5.111,0.0,5.111,0
2022-11-23,5.093,5.093,5.093,5.093,0.0,5.093,0
2022-11-24,5.093,5.093,5.093,5.093,0.0,5.093,0
2022-11-25,5.087,5.087,5.087,5.087,0.0,5.087,0
2022-11-28,5.029,5.029,5.029,5.029,0.0,5.029,0
2022-11-29,5.066,5.066,5.066,5.066,0.0,5.066,0
2022-11-30,5.089,5.089,5.089,5.089,0.0,5.089,0
2022-12-01,5.094,5.094,5.094,5.094,0.0,5.094,0
2022-12-02,5.059,5.059,5.059,5.059,0.0,5.059,0
2022-12-05,5.032,5.032,5.032,5.032,0.0,5.032,0
2022-12-06,5.086,5.086,5.086,5.086,0.0,5.086,0
2022-12-07,5.091,5.091,5.091,5.091,0.0,5.091,0
2022-12-08,5.105,5.105,5.105,5.105,0.0,5.105,0
2022-12-09,5.109,5.109,5.109,5.109,0.0,5.109,0
2022-12-12,5.126,5.126,5.126,5.126,0.0,5.126,0
2022-12-13,5.118,5.118,5.118,5.118,0.0,5.118,0
2022-12-14,5.107,5.107,5.107,5.107,0.0,5.107,0
2022-12-15,5.147,5.147,5.147,5.147,0.0,5.147,0
2022-12-16,5.185,5.185,5.185,5.185,0.0,5.185,0
2022-12-19,5.215,5.215,5.215,5.215,0.0,5.215,0
2022-12-20,5.21,5.21,5.195,5.195,5.0,5.21,1
2022-12-21,5.103,5.103,5.103,5.103,0.0,5.103,0
2022-12-22,5.049,5.049,5.049,5.049,0.0,5.049,0
2022-12-23,5.032,5.032,5.032,5.032,0.0,5.032,0
2022-12-27,5.104,5.104,5.104,5.104,0.0,5.104,0
2022-12-28,5.033,5.033,5.033,5.033,0.0,5.033,0
2022-12-29,4.983,4.983,4.983,4.983,0.0,4.983,0
2022-12-30,4.987,4.987,4.987,4.987,0.0,4.987,0
2023-01-03,4.909,4.909,4.909,4.909,0.0,4.909,0
2023-01-04,4.912,4.912,4.912,4.912,0.0,4.912,0
2023-01-05,4.799,4.799,4.799,4.799,0.0,4.799,0
2023-01-06,4.743,4.743,4.743,4.743,0.0,4.743,0
2023-01-09,4.8,4.8,4.8,4.8,0.0,4.8,0
2023-01-10,4.768,4.768,4.768,4.768,0.0,4.768,0
2023-01-11,4.797,4.797,4.797,4.797,0.0,4.797,0
2023-01-12,4.835,4.835,4.796,4.796,3.0,4.8237,3
2023-01-13,4.802,4.802,4.802,4.802,0.0,4.802,0
2023-01-16,4.802,4.802,4.802,4.802,0.0,4.802,0
2023-01-17,4.818,4.818,4.818,4.818,0.0,4.818,0
2023-01-18,4.801,4.801,4.801,4.801,0.0,4.801,0
2023-01-19,4.824,4.824,4.824,4.824,0.0,4.824,0
2023-01-20,4.847,4.847,4.847,4.847,0.0,4.847,0
2023-01-23,4.844,4.844,4.844,4.844,0.0,4.844,0
2023-01-24,4.804,4.804,4.804,4.804,0.0,4.804,0
2023-01-25,4.776,4.776,4.776,4.776,0.0,4.776,0
2023-01-26,4.773,4.773,4.773,4.773,0.0,4.773,0
2023-01-27,4.8,4.8,4.775,4.775,4.0,4.8,1
2023-01-30,4.696,4.696,4.696,4.696,0.0,4.696,0
2023-01-31,4.685,4.685,4.685,4.685,0.0,4.685,0
2023-02-01,4.584,4.584,4.584,4.584,0.0,4.584,0
2023-02-02,4.529,4.529,4.529,4.529,0.0,4.529,0
2023-02-03,4.514,4.514,4.514,4.514,0.0,4.514,0
2023-02-08,4.53,4.53,4.53,4.53,2.0,4.53,2
2023-02-09,4.507,4.507,4.507,4.507,1.0,4.507,1
2023-02-10,4.52,4.52,4.52,4.52,0.0,4.52,0
2023-02-13,4.501,4.501,4.478,4.478,1.0,4.501,1
2023-02-14,4.465,4.507,4.465,4.507,1.0,4.465,1
2023-02-15,4.504,4.504,4.504,4.504,0.0,4.504,0
2023-02-16,4.504,4.504,4.504,4.504,0.0,4.504,0
2023-02-17,4.456,4.456,4.456,4.456,0.0,4.456,0
2023-02-20,4.456,4.456,4.456,4.456,0.0,4.456,0
2023-02-21,4.4,4.4,4.372,4.372,5.0,4.4,1
2023-02-22,4.386,4.386,4.386,4.386,0.0,4.386,0
2023-02-23,4.389,4.389,4.389,4.389,0.0,4.389,0
2023-02-24,4.449,4.449,4.449,4.449,0.0,4.449,0
2023-02-27,4.478,4.478,4.478,4.478,0.0,4.478,0
2023-02-28,4.493,4.493,4.493,4.493,0.0,4.493,0
2023-03-01,4.594,4.594,4.594,4.594,0.0,4.594,0
2023-03-02,4.637,4.637,4.637,4.637,0.0,4.637,0
2023-03-03,4.677,4.677,4.677,4.677,0.0,4.677,0
2023-03-06,4.645,4.718,4.645,4.718,5.0,4.645,2
2023-03-07,4.904,4.904,4.904,4.904,0.0,4.904,0
2023-03-08,4.861,4.861,4.861,4.861,0.0,4.861,0
2023-03-09,4.774,4.774,4.774,4.774,0.0,4.774,0
2023-03-10,4.848,4.848,4.848,4.848,0.0,4.848,0
2023-03-13,4.853,4.853,4.853,4.853,0.0,4.853,0
2023-03-14,4.891,4.891,4.891,4.891,0.0,4.891,0
2023-03-15,4.85,4.85,4.85,4.85,0.0,4.85,0
2023-03-16,4.899,4.899,4.899,4.899,0.0,4.899,0
2023-03-17,4.831,4.831,4.831,4.831,0.0,4.831,0
2023-03-20,4.766,4.766,4.766,4.766,0.0,4.766,0
2023-03-21,4.868,4.868,4.868,4.868,0.0,4.868,0
2023-03-22,4.844,4.844,4.844,4.844,0.0,4.844,0
2023-03-23,4.87,4.89,4.87,4.878,342.0,4.8771,47
2023-03-24,4.863,4.863,4.863,4.863,0.0,4.863,0
2023-03-27,4.845,4.845,4.845,4.845,0.0,4.845,0
2023-03-28,4.739,4.739,4.739,4.739,0.0,4.739,0
2023-03-29,4.803,4.803,4.803,4.803,0.0,4.803,0
2023-03-30,4.786,4.786,4.786,4.786,0.0,4.786,0
2023-03-31,4.85,4.85,4.85,4.85,0.0,4.85,0
2023-04-03,4.806,4.806,4.806,4.806,0.0,4.806,0
2023-04-04,4.831,4.831,4.831,4.831,0.0,4.831,0
2023-04-05,4.765,4.765,4.765,4.765,0.0,4.765,0
2023-04-06,4.709,4.709,4.709,4.709,0.0,4.709,0
2023-04-10,4.791,4.791,4.791,4.791,0.0,4.791,0
2023-04-11,4.801,4.801,4.801,4.801,0.0,4.801,0
2023-04-12,4.726,4.726,4.726,4.726,0.0,4.726,0
2023-04-13,4.671,4.671,4.671,4.671,0.0,4.671,0
2023-04-14,4.67,4.691,4.67,4.691,7.0,4.67,1
2023-04-17,4.76,4.776,4.755,4.776,30.0,4.7583,2
2023-04-18,4.786,4.788,4.786,4.788,1.0,4.786,1
2023-04-19,4.775,4.789,4.765,4.789,26.0,4.7654,2
2023-04-20,4.778,4.806,4.778,4.806,1.0,4.778,1
2023-04-21,4.813,4.813,4.813,4.813,0.0,4.813,0
2023-04-24,4.82,4.9,4.82,4.866,8.0,4.83,3
2023-04-25,4.848,4.848,4.848,4.848,0.0,4.848,0
2023-04-26,4.856,4.856,4.821,4.821,2.0,4.844,2
2023-04-27,4.825,4.825,4.825,4.825,0.0,4.825,0
2023-04-28,4.844,4.844,4.844,4.844,0.0,4.844,0
2023-05-01,4.806,4.81,4.799,4.799,7.0,4.8087,3
2023-05-02,4.769,4.769,4.769,4.769,0.0,4.769,0
2023-05-03,4.742,4.742,4.742,4.742,0.0,4.742,0
2023-05-04,4.742,4.742,4.742,4.742,0.0,4.742,0
2023-05-05,4.768,4.768,4.768,4.768,0.0,4.768,0
2023-05-08,4.756,4.756,4.756,4.756,0.0,4.756,0
2023-05-09,4.79,4.79,4.76,4.76,1.0,4.79,1
2023-05-10,4.705,4.737,4.705,4.737,10.0,4.705,10
2023-05-11,4.719,4.719,4.719,4.719,0.0,4.719,0
2023-05-12,4.711,4.711,4.711,4.711,0.0,4.711,0
2023-05-15,4.71,4.71,4.71,4.71,0.0,4.71,0
2023-05-16,4.74,4.74,4.68,4.68,1.0,4.74,1
2023-05-17,4.651,4.651,4.651,4.651,0.0,4.651,0
2023-05-18,4.695,4.697,4.689,4.689,4.0,4.6965,2
2023-05-19,4.641,4.641,4.641,4.641,0.0,4.641,0
2023-05-22,4.594,4.594,4.594,4.594,0.0,4.594,0
2023-05-23,4.564,4.564,4.539,4.539,1.0,4.564,1
2023-05-24,4.601,4.601,4.601,4.601,0.0,4.601,0
2023-05-25,4.579,4.579,4.579,4.579,0.0,4.579,0
2023-05-26,4.55,4.593,4.55,4.593,1.0,4.55,1
2023-05-29,4.593,4.593,4.593,4.593,0.0,4.593,0
2023-05-30,4.55,4.55,4.55,4.55,0.0,4.55,0
2023-05-31,4.492,4.492,4.492,4.492,0.0,4.492,0
2023-06-01,4.443,4.443,4.443,4.443,0.0,4.443,0
2023-06-02,4.478,4.478,4.478,4.478,0.0,4.478,0
2023-06-05,4.492,4.492,4.492,4.492,0.0,4.492,0
2023-06-06,4.472,4.472,4.472,4.472,0.0,4.472,0
2023-06-07,4.474,4.474,4.474,4.474,0.0,4.474,0
2023-06-08,4.49,4.49,4.461,4.461,7.0,4.49,1
2023-06-09,4.428,4.436,4.419,4.436,4.0,4.4253,3
2023-06-12,4.436,4.436,4.423,4.423,50.0,4.436,1
2023-06-13,4.48,4.48,4.44,4.44,10.0,4.48,2
2023-06-14,4.45,4.494,4.45,4.494,20.0,4.45,1
2023-06-15,4.552,4.552,4.515,4.522,27.0,4.5164,3
2023-06-16,4.522,4.522,4.498,4.503,3.0,4.506,3
2023-06-19,4.503,4.503,4.503,4.503,0.0,4.503,0
2023-06-20,4.516,4.516,4.489,4.489,4.0,4.516,1
2023-06-21,4.53,4.55,4.5,4.544,136.0,4.5396,7
2023-06-22,4.556,4.562,4.556,4.562,1.0,4.556,1
2023-06-23,4.546,4.585,4.546,4.557,4.0,4.5753,2
2023-06-26,4.544,4.544,4.544,4.544,0.0,4.544,0
2023-06-27,4.542,4.542,4.542,4.542,0.0,4.542,0
2023-06-28,4.53,4.53,4.511,4.511,1.0,4.53,1
2023-06-29,4.476,4.476,4.476,4.476,0.0,4.476,0
2023-06-30,4.501,4.501,4.501,4.501,0.0,4.501,0
2023-07-03,4.502,4.502,4.502,4.502,0.0,4.502,0
2023-07-04,4.502,4.502,4.502,4.502,0.0,4.502,0
2023-07-05,4.475,4.475,4.475,4.475,0.0,4.475,0
2023-07-06,4.503,4.503,4.503,4.503,0.0,4.503,0
2023-07-07,4.502,4.502,4.502,4.502,0.0,4.502,0
2023-07-10,4.507,4.507,4.507,4.507,0.0,4.507,0
2023-07-11,4.51,4.52,4.51,4.512,4.0,4.517,3
2023-07-12,4.514,4.514,4.49,4.495,103.0,4.4934,20
2023-07-13,4.474,4.474,4.474,4.474,0.0,4.474,0
2023-07-14,4.485,4.505,4.47,4.505,2.0,4.4775,2
2023-07-17,4.491,4.491,4.491,4.491,0.0,4.491,0
2023-07-18,4.52,4.523,4.52,4.523,24.0,4.52,2
2023-07-19,4.53,4.53,4.497,4.497,1.0,4.53,1
2023-07-20,4.531,4.531,4.531,4.531,0.0,4.531,0
2023-07-21,4.554,4.554,4.554,4.554,0.0,4.554,0
2023-07-24,4.59,4.59,4.59,4.59,0.0,4.59,0
2023-07-25,4.61,4.61,4.575,4.604,8.0,4.5794,2
2023-07-26,4.599,4.599,4.599,4.599,0.0,4.599,0
2023-07-27,4.583,4.594,4.583,4.594,7.0,4.583,1
2023-07-28,4.6,4.6,4.59,4.59,13.0,4.599,11
2023-07-31,4.576,4.576,4.576,4.576,0.0,4.576,0
2023-08-01,4.561,4.561,4.561,4.561,0.0,4.561,0
2023-08-02,4.561,4.561,4.561,4.561,0.0,4.561,0
2023-08-03,4.553,4.553,4.553,4.553,0.0,4.553,0
2023-08-04,4.541,4.541,4.541,4.541,0.0,4.541,0
2023-08-07,4.585,4.585,4.585,4.585,0.0,4.585,0
2023-08-08,4.584,4.588,4.584,4.588,1.0,4.584,1
2023-08-09,4.574,4.574,4.574,4.574,0.0,4.574,0
2023-08-10,4.57,4.57,4.57,4.57,0.0,4.57,0
2023-08-11,4.55,4.602,4.55,4.602,20.0,4.575,2
2023-08-14,4.606,4.606,4.606,4.606,1.0,4.606,1
2023-08-15,4.639,4.639,4.639,4.639,0.0,4.639,0
2023-08-16,4.622,4.622,4.622,4.622,0.0,4.622,0
2023-08-17,4.635,4.635,4.635,4.635,0.0,4.635,0
2023-08-18,4.645,4.645,4.645,4.645,0.0,4.645,0
2023-08-21,4.672,4.672,4.672,4.672,0.0,4.672,0
2023-08-22,4.676,4.676,4.676,4.676,0.0,4.676,0
2023-08-23,4.665,4.673,4.665,4.673,2.0,4.6675,2
2023-08-24,4.672,4.672,4.672,4.672,0.0,4.672,0
2023-08-25,4.681,4.681,4.681,4.681,0.0,4.681,0
2023-08-28,4.664,4.664,4.664,4.664,0.0,4.664,0
2023-08-29,4.63,4.63,4.623,4.623,7.0,4.63,1
2023-08-30,4.625,4.65,4.625,4.65,4.0,4.625,1
2023-08-31,4.635,4.635,4.635,4.635,0.0,4.635,0
2023-09-01,4.631,4.631,4.631,4.631,0.0,4.631,0
2023-09-04,4.631,4.631,4.631,4.631,0.0,4.631,0
2023-09-05,4.617,4.617,4.617,4.617,0.0,4.617,0
2023-09-06,4.63,4.63,4.627,4.627,13.0,4.63,13
2023-09-07,4.622,4.622,4.622,4.622,0.0,4.622,0
2023-09-08,4.618,4.618,4.609,4.609,1.0,4.618,1
2023-09-11,4.543,4.588,4.543,4.588,9.0,4.543,9
2023-09-12,4.606,4.614,4.606,4.614,9.0,4.606,9
2023-09-13,4.612,4.612,4.612,4.612,0.0,4.612,0
2023-09-14,4.582,4.582,4.574,4.574,9.0,4.5766,2
2023-09-15,4.57,4.57,4.55,4.557,4.0,4.56,2
2023-09-18,4.54,4.588,4.54,4.588,1.0,4.54,1
2023-09-19,4.61,4.61,4.58,4.587,5.0,4.604,3
2023-09-20,4.58,4.583,4.58,4.583,2.0,4.58,2
2023-09-21,4.606,4.606,4.593,4.593,1.0,4.606,1
2023-09-22,4.608,4.638,4.608,4.638,13.0,4.6164,6
2023-09-25,4.63,4.63,4.605,4.617,8.0,4.6196,8
2023-09-26,4.623,4.623,4.61,4.619,8.0,4.6139,8
2023-09-27,4.62,4.626,4.605,4.626,21.0,4.6189,11
2023-09-28,4.635,4.642,4.63,4.642,4.0,4.6325,4
2023-09-29,4.63,4.633,4.625,4.631,22.0,4.6286,16
2023-10-02,4.615,4.62,4.615,4.62,1.0,4.615,1
2023-10-03,4.645,4.651,4.638,4.651,2.0,4.6415,2
2023-10-04,4.655,4.655,4.643,4.649,2.0,4.649,2
2023-10-05,4.639,4.642,4.639,4.642,1.0,4.639,1
2023-10-06,4.64,4.67,4.635,4.643,16.0,4.64,9
2023-10-09,4.623,4.63,4.623,4.63,3.0,4.623,1
2023-10-10,4.615,4.616,4.6,4.616,4.0,4.6055,4
2023-10-11,4.603,4.603,4.603,4.603,0.0,4.603,0
2023-10-12,4.585,4.608,4.585,4.602,25.0,4.5918,25
2023-10-13,4.599,4.599,4.599,4.599,0.0,4.599,0
2023-10-16,4.572,4.584,4.572,4.584,8.0,4.5776,2
2023-10-17,4.585,4.588,4.55,4.588,5.0,4.5706,5
2023-10-18,4.57,4.584,4.57,4.584,41.0,4.5778,3
2023-10-19,4.59,4.597,4.59,4.597,5.0,4.59,2
2023-10-20,4.621,4.621,4.612,4.616,13.0,4.6177,8
2023-10-23,4.628,4.628,4.621,4.621,8.0,4.6258,3
2023-10-24,4.62,4.625,4.62,4.623,7.0,4.6243,7
2023-10-25,4.633,4.633,4.633,4.633,0.0,4.633,0
2023-10-26,4.63,4.637,4.63,4.637,1.0,4.63,1
2023-10-27,4.651,4.654,4.65,4.652,7.0,4.6523,5
2023-10-30,4.665,4.665,4.665,4.665,0.0,4.665,0
2023-10-31,4.684,4.699,4.682,4.699,2.0,4.683,2
2023-11-01,4.688,4.731,4.688,4.731,16.0,4.7137,7
2023-11-02,4.758,4.804,4.755,4.804,16.0,4.7693,9
2023-11-03,4.87,4.87,4.832,4.832,107.0,4.8481,26
2023-11-06,4.836,4.836,4.836,4.836,1.0,4.836,1
2023-11-07,4.822,4.842,4.822,4.83,26.0,4.8382,7
2023-11-08,4.8,4.813,4.792,4.803,19.0,4.8038,7
2023-11-09,4.78,4.814,4.78,4.814,1.0,4.78,1
2023-11-10,4.797,4.797,4.797,4.797,0.0,4.797,0
2023-11-13,4.806,4.813,4.806,4.813,1.0,4.806,1
2023-11-14,4.779,4.779,4.779,4.779,0.0,4.779,0
2023-11-15,4.815,4.815,4.815,4.815,0.0,4.815,0
2023-11-16,4.762,4.773,4.762,4.773,4.0,4.762,2
2023-11-17,4.763,4.763,4.753,4.753,2.0,4.7625,2
2023-11-20,4.714,4.714,4.714,4.714,0.0,4.714,0
2023-11-21,4.671,4.672,4.671,4.672,6.0,4.671,2
2023-11-22,4.63,4.63,4.602,4.616,23.0,4.6098,21
2023-11-23,4.616,4.616,4.616,4.616,0.0,4.616,0
2023-11-24,4.611,4.622,4.603,4.622,2.0,4.607,2
2023-11-27,4.61,4.625,4.61,4.611,8.0,4.6141,4
2023-11-28,4.6,4.6,4.515,4.571,13.0,4.555,12
2023-11-29,4.547,4.547,4.544,4.544,11.0,4.547,1
2023-11-30,4.505,4.505,4.474,4.495,54.0,4.4869,52
2023-12-01,4.494,4.515,4.494,4.508,5.0,4.5048,4
2023-12-04,4.456,4.456,4.419,4.425,4.0,4.4467,2
2023-12-05,4.405,4.405,4.372,4.396,3.0,4.394,2
2023-12-06,4.327,4.327,4.185,4.206,49.0,4.2341,32
2023-12-07,4.135,4.167,4.113,4.165,115.0,4.1459,50
2023-12-08,4.103,4.11,4.046,4.084,204.0,4.0839,43
2023-12-11,4.007,4.026,3.95,3.983,80.0,3.9923,29
2023-12-12,3.957,3.98,3.942,3.972,47.0,3.9615,29
2023-12-13,3.965,4.081,3.957,4.033,172.0,4.0379,66
2023-12-14,4.063,4.108,4.063,4.108,17.0,4.0905,12
2023-12-15,4.154,4.177,4.15,4.165,39.0,4.1646,13
2023-12-18,4.182,4.2,4.152,4.152,9.0,4.1847,5
2023-12-19,4.097,4.11,4.097,4.11,4.0,4.097,4
2023-12-20,4.097,4.131,4.091,4.131,21.0,4.1056,16
2023-12-21,4.12,4.205,4.12,4.17,122.0,4.1648,54
2023-12-22,4.136,4.142,4.108,4.11,60.0,4.1196,10
2023-12-26,4.113,4.113,4.07,4.084,62.0,4.0909,21
2023-12-27,4.132,4.142,4.095,4.123,30.0,4.1069,15
2023-12-28,4.107,4.168,4.107,4.168,22.0,4.1361,8
2023-12-29,4.16,4.182,4.16,4.165,40.0,4.1633,16
2024-01-02,4.208,4.208,4.186,4.197,13.0,4.1936,10
2024-01-03,4.21,4.225,4.187,4.222,89.0,4.2046,17
2024-01-04,4.229,4.256,4.229,4.245,25.0,4.2472,7
2024-01-05,4.212,4.284,4.212,4.284,114.0,4.2792,14
2024-01-08,4.254,4.292,4.254,4.292,4.0,4.2625,4
2024-01-09,4.291,4.384,4.291,4.368,27.0,4.3299,16
2024-01-10,4.335,4.361,4.306,4.32,151.0,4.3344,29
2024-01-11,4.308,4.409,4.308,4.347,222.0,4.4025,15
2024-01-12,4.348,4.353,4.347,4.353,10.0,4.3483,5
2024-01-15,4.353,4.353,4.353,4.353,0.0,4.353,0
2024-01-16,4.311,4.343,4.285,4.301,15.0,4.3048,8
2024-01-17,4.274,4.35,4.274,4.35,70.0,4.3087,15
2024-01-18,4.314,4.345,4.314,4.327,43.0,4.338,9
2024-01-19,4.296,4.296,4.25,4.255,27.0,4.259,9
2024-01-22,4.21,4.213,4.204,4.208,23.0,4.2107,8
2024-01-23,4.215,4.274,4.214,4.273,55.0,4.2385,29
2024-01-24,4.273,4.31,4.273,4.294,28.0,4.2902,18
2024-01-25,4.296,4.296,4.205,4.236,39.0,4.2405,21
2024-01-26,4.255,4.277,4.215,4.277,61.0,4.2428,20
2024-01-29,4.243,4.243,4.19,4.197,52.0,4.2061,26
2024-01-30,4.175,4.224,4.17,4.216,239.0,4.2011,92
2024-01-31,4.23,4.235,4.188,4.209,139.0,4.2169,68
2024-02-01,4.215,4.231,4.183,4.203,92.0,4.2008,53
2024-02-02,4.2,4.221,4.196,4.204,209.0,4.207,74
2024-02-05,4.2,4.204,4.182,4.204,45.0,4.1906,17
2024-02-06,4.183,4.204,4.18,4.196,26.0,4.1854,8
2024-02-07,4.207,4.207,4.185,4.199,22.0,4.1887,10
2024-02-08,4.195,4.203,4.171,4.2,240.0,4.1878,125
2024-02-09,4.19,4.209,4.179,4.209,221.0,4.1861,134
2024-02-12,4.208,4.216,4.201,4.216,71.0,4.2098,11
2024-02-13,4.235,4.239,4.213,4.222,93.0,4.2256,49
2024-02-14,4.205,4.205,4.119,4.141,76.0,4.1735,21
2024-02-15,4.139,4.139,4.075,4.094,38.0,4.0919,7
2024-02-16,4.06,4.08,4.06,4.071,29.0,4.0711,12
2024-02-19,4.053,4.071,4.053,4.071,1.0,4.053,1
2024-02-20,4.043,4.111,4.039,4.099,178.0,4.0849,59
2024-02-21,4.186,4.194,4.137,4.161,100.0,4.1606,39
2024-02-22,4.173,4.194,4.155,4.194,14.0,4.1641,9
2024-02-23,4.182,4.182,4.138,4.145,26.0,4.1547,22
2024-02-26,4.17,4.17,4.149,4.159,105.0,4.1523,32
2024-02-27,4.16,4.211,4.13,4.176,295.0,4.1703,179
2024-02-28,4.163,4.199,4.163,4.198,130.0,4.1845,20
2024-02-29,4.186,4.191,4.174,4.188,242.0,4.1806,218
2024-03-01,4.184,4.191,4.178,4.191,43.0,4.1842,13
2024-03-04,4.201,4.223,4.201,4.223,36.0,4.2075,26
2024-03-05,4.22,4.231,4.202,4.231,31.0,4.2153,23
2024-03-06,4.237,4.24,4.211,4.216,25.0,4.2155,24
2024-03-07,4.215,4.215,4.191,4.204,27.0,4.2039,15
2024-03-08,4.186,4.204,4.186,4.194,16.0,4.1973,11
2024-03-11,4.17,4.18,4.168,4.174,18.0,4.1741,8
2024-03-12,4.173,4.173,4.145,4.159,20.0,4.1552,17
2024-03-13,4.15,4.178,4.15,4.17,55.0,4.165,46
2024-03-14,4.184,4.193,4.184,4.193,27.0,4.1893,6
2024-03-15,4.177,4.198,4.156,4.156,50.0,4.1761,42
2024-03-18,4.202,4.21,4.163,4.21,47.0,4.1821,32
2024-03-19,4.23,4.232,4.17,4.206,118.0,4.2053,34
2024-03-20,4.196,4.196,4.139,4.163,100.0,4.175,66
2024-03-21,4.133,4.151,4.13,4.151,76.0,4.1348,33
2024-03-22,4.143,4.148,4.128,4.136,145.0,4.136,71
2024-03-25,4.115,4.14,4.115,4.138,79.0,4.128,17
2024-03-26,4.149,4.186,4.149,4.174,153.0,4.1699,56
2024-03-27,4.172,4.176,4.158,4.168,156.0,4.1649,52
2024-03-28,4.168,4.202,4.168,4.202,85.0,4.1907,46
2024-04-01,4.208,4.228,4.208,4.228,41.0,4.2145,31
2024-04-02,4.215,4.243,4.214,4.236,540.0,4.2343,33
2024-04-03,4.217,4.237,4.21,4.216,14.0,4.2193,8
2024-04-04,4.219,4.235,4.187,4.195,67.0,4.2017,29
2024-04-05,4.184,4.215,4.184,4.203,48.0,4.1988,30
2024-04-08,4.209,4.227,4.209,4.227,22.0,4.213,6
2024-04-09,4.247,4.247,4.22,4.238,595.0,4.222,75
2024-04-10,4.241,4.266,4.234,4.25,59.0,4.2428,16
2024-04-11,4.255,4.282,4.255,4.278,66.0,4.2697,30
2024-04-12,4.291,4.319,4.281,4.314,109.0,4.3016,50
2024-04-15,4.288,4.31,4.283,4.31,18.0,4.2921,15
2024-04-16,4.318,4.329,4.278,4.318,188.0,4.3091,60
2024-04-17,4.282,4.298,4.276,4.291,53.0,4.2848,28
2024-04-18,4.284,4.314,4.284,4.304,40.0,4.3029,29
2024-04-19,4.309,4.314,4.3,4.304,109.0,4.3052,18
2024-04-22,4.303,4.32,4.303,4.32,120.0,4.3145,33
2024-04-23,4.316,4.328,4.308,4.32,167.0,4.3169,43
2024-04-24,4.345,4.345,4.321,4.328,60.0,4.3282,23
2024-04-25,4.327,4.327,4.314,4.325,85.0,4.32,17
2024-04-26,4.341,4.353,4.322,4.349,120.0,4.3376,32
2024-04-29,4.346,4.406,4.346,4.365,20.0,4.3842,14
2024-04-30,4.347,4.35,4.336,4.35,24.0,4.343,11
2024-05-01,4.324,4.34,4.312,4.333,34.0,4.3226,22
2024-05-02,4.325,4.334,4.298,4.316,46.0,4.311,32
2024-05-03,4.315,4.322,4.281,4.311,162.0,4.2993,119
2024-05-06,4.33,4.33,4.303,4.309,32.0,4.3133,9
2024-05-07,4.302,4.31,4.27,4.286,267.0,4.2776,52
2024-05-08,4.295,4.295,4.216,4.223,101.0,4.2523,45
2024-05-09,4.212,4.212,4.142,4.157,240.0,4.1605,154
2024-05-10,4.176,4.177,4.155,4.177,147.0,4.1662,38
2024-05-13,4.164,4.188,4.145,4.176,17.0,4.1605,15
2024-05-14,4.163,4.214,4.163,4.196,96.0,4.1965,44
2024-05-15,4.21,4.246,4.21,4.24,63.0,4.228,25
2024-05-16,4.251,4.279,4.244,4.268,85.0,4.2637,55
2024-05-17,4.268,4.292,4.254,4.276,65.0,4.2696,37
2024-05-20,4.285,4.294,4.268,4.271,69.0,4.2797,50
2024-05-21,4.262,4.267,4.213,4.232,39.0,4.2341,24
2024-05-22,4.229,4.268,4.221,4.268,72.0,4.2434,31
2024-05-23,4.296,4.307,4.236,4.257,254.0,4.2639,163
2024-05-24,4.251,4.251,4.169,4.225,178.0,4.222,113
2024-05-27,4.24,4.24,4.225,4.225,1.0,4.24,1
2024-05-28,4.197,4.234,4.197,4.218,35.0,4.2093,26
2024-05-29,4.196,4.202,4.17,4.186,159.0,4.1927,35
2024-05-30,4.19,4.191,4.167,4.187,172.0,4.1808,63
2024-05-31,4.167,4.205,4.159,4.205,358.0,4.1858,278
2024-06-03,4.251,4.259,4.203,4.236,339.0,4.2124,50
2024-06-04,4.254,4.254,4.181,4.195,56.0,4.1989,31
2024-06-05,4.196,4.258,4.181,4.249,404.0,4.2364,66
2024-06-06,4.241,4.262,4.224,4.25,213.0,4.25,76
2024-06-07,4.266,4.266,4.226,4.257,441.0,4.2494,83
2024-06-10,4.269,4.305,4.239,4.281,165.0,4.2765,79
2024-06-11,4.317,4.357,4.287,4.351,177.0,4.3244,106
2024-06-12,4.331,4.354,4.277,4.317,169.0,4.3169,57
2024-06-13,4.334,4.341,4.24,4.28,47.0,4.2834,28
2024-06-14,4.274,4.274,4.243,4.254,118.0,4.2479,19
2024-06-17,4.225,4.269,4.214,4.26,76.0,4.241,38
2024-06-18,4.261,4.303,4.247,4.302,170.0,4.2722,72
2024-06-19,4.295,4.302,4.295,4.302,1.0,4.295,1
2024-06-20,4.275,4.306,4.272,4.296,118.0,4.2913,66
2024-06-21,4.278,4.308,4.271,4.296,110.0,4.2895,52
2024-06-24,4.274,4.293,4.263,4.293,207.0,4.2776,95
2024-06-25,4.274,4.281,4.261,4.275,208.0,4.2684,54
2024-06-26,4.256,4.277,4.244,4.271,132.0,4.26,63
2024-06-27,4.261,4.273,4.212,4.223,137.0,4.2421,80
2024-06-28,4.208,4.236,4.203,4.228,132.0,4.2168,69
2024-07-01,4.2,4.227,4.191,4.219,77.0,4.2108,48
2024-07-02,4.217,4.237,4.207,4.216,117.0,4.22,61
2024-07-03,4.213,4.225,4.203,4.225,51.0,4.2133,28
2024-07-04,4.187,4.225,4.186,4.225,8.0,4.1867,2
2024-07-05,4.181,4.227,4.172,4.189,52.0,4.182,9
2024-07-08,4.179,4.212,4.179,4.201,85.0,4.1931,39
2024-07-09,4.185,4.208,4.175,4.189,50.0,4.1926,30
2024-07-10,4.18,4.183,4.15,4.175,138.0,4.1699,42
2024-07-11,4.145,4.145,4.118,4.132,46.0,4.138,31
2024-07-12,4.126,4.147,4.118,4.137,136.0,4.1341,92
2024-07-15,4.101,4.123,4.052,4.087,690.0,4.0898,376
2024-07-16,4.063,4.092,4.053,4.072,398.0,4.0771,181
2024-07-17,4.064,4.064,3.975,3.981,893.0,3.9935,332
2024-07-18,3.968,4.004,3.953,3.996,383.0,3.9901,213
2024-07-19,3.989,4.07,3.988,4.068,548.0,4.0381,264
2024-07-22,4.097,4.123,4.097,4.118,194.0,4.1156,115
2024-07-23,4.122,4.122,4.08,4.101,317.0,4.0999,142
2024-07-24,4.067,4.081,4.044,4.06,185.0,4.0653,124
2024-07-25,4.044,4.046,3.989,3.991,545.0,4.0044,387
2024-07-26,3.976,4.006,3.973,3.986,184.0,3.9903,109
2024-07-29,3.981,3.982,3.945,3.949,351.0,3.965,173
2024-07-30,3.938,3.948,3.908,3.948,662.0,3.9271,326
2024-07-31,3.913,3.947,3.908,3.939,119.0,3.9326,90
2024-08-01,3.935,3.964,3.902,3.907,278.0,3.9258,160
2024-08-02,3.906,3.932,3.905,3.925,377.0,3.9197,138
2024-08-05,3.901,3.913,3.868,3.878,697.0,3.8864,443
2024-08-06,3.872,3.887,3.852,3.866,263.0,3.8699,162
2024-08-07,3.863,3.938,3.863,3.932,293.0,3.9105,192
2024-08-08,3.931,4.027,3.931,4.0,395.0,3.9796,227
2024-08-09,3.997,4.036,3.997,4.034,242.0,4.0238,147
2024-08-12,3.993,4.061,3.993,4.049,185.0,4.0314,93
2024-08-13,4.034,4.06,3.978,3.997,355.0,4.0056,104
2024-08-14,3.992,4.033,3.982,4.008,117.0,4.0207,83
2024-08-15,4.0,4.019,3.993,4.005,305.0,4.0085,156
2024-08-16,3.969,3.994,3.931,3.935,255.0,3.9506,151
2024-08-19,3.923,3.962,3.922,3.95,324.0,3.943,192
2024-08-20,3.951,3.991,3.929,3.989,413.0,3.9716,138
2024-08-21,3.998,4.015,3.98,4.008,133.0,3.9975,89
2024-08-22,4.0,4.007,3.962,3.992,634.0,3.9798,439
2024-08-23,3.977,3.981,3.958,3.974,436.0,3.9653,288
2024-08-26,3.958,3.976,3.948,3.959,633.0,3.9635,330
2024-08-27,3.948,3.969,3.936,3.962,226.0,3.9491,156
2024-08-28,3.932,3.964,3.921,3.945,495.0,3.9456,251
2024-08-29,3.928,3.929,3.88,3.913,499.0,3.9046,333
2024-08-30,3.898,3.898,3.875,3.892,887.0,3.8879,252
2024-09-02,3.906,3.912,3.892,3.892,2.0,3.909,2
2024-09-03,3.887,3.903,3.847,3.885,517.0,3.8654,329
2024-09-04,3.867,3.89,3.849,3.876,452.0,3.8691,262
2024-09-05,3.865,3.918,3.854,3.867,707.0,3.8882,406
2024-09-06,3.863,3.88,3.85,3.872,316.0,3.8656,201
2024-09-09,3.858,3.876,3.835,3.855,455.0,3.8521,224
2024-09-10,3.85,3.884,3.835,3.836,514.0,3.8556,309
2024-09-11,3.831,3.843,3.811,3.84,322.0,3.8315,216
2024-09-12,3.853,3.882,3.829,3.877,525.0,3.8647,338
2024-09-13,3.872,3.882,3.844,3.863,590.0,3.8569,399
2024-09-16,3.858,3.885,3.828,3.881,347.0,3.855,232
2024-09-17,3.866,3.901,3.864,3.883,403.0,3.8819,285
2024-09-18,3.91,3.91,3.868,3.876,359.0,3.8809,256
2024-09-19,3.875,3.897,3.852,3.897,224.0,3.8722,158
2024-09-20,3.889,3.949,3.882,3.939,618.0,3.9119,363
2024-09-23,3.934,4.001,3.925,3.957,856.0,3.9757,336
2024-09-24,3.981,3.982,3.905,3.929,382.0,3.9394,206
2024-09-25,3.949,3.971,3.931,3.955,380.0,3.9484,221
2024-09-26,3.953,3.964,3.927,3.942,363.0,3.9446,196
2024-09-27,3.93,4.01,3.93,4.001,363.0,3.9917,203
2024-09-30,4.018,4.029,3.993,4.004,252.0,4.007,125
2024-10-01,3.997,4.012,3.972,3.998,216.0,3.9936,124
2024-10-02,4.006,4.026,3.973,4.01,197.0,4.0055,115
2024-10-03,4.017,4.048,4.014,4.047,363.0,4.0352,240
2024-10-04,4.05,4.059,4.035,4.048,303.0,4.0504,184
2024-10-07,4.032,4.07,4.03,4.035,300.0,4.038,177
2024-10-08,4.036,4.036,4.0,4.028,323.0,4.014,163
2024-10-09,3.997,3.997,3.958,3.984,738.0,3.9719,373
2024-10-10,3.962,3.983,3.925,3.983,262.0,3.9625,180
2024-10-11,3.983,3.983,3.921,3.942,373.0,3.9464,233
2024-10-14,3.921,3.921,3.875,3.886,223.0,3.8971,131
2024-10-15,3.873,3.928,3.855,3.902,502.0,3.8972,336
2024-10-16,3.887,3.9,3.858,3.864,381.0,3.8812,278
2024-10-17,3.85,3.882,3.841,3.855,288.0,3.863,170
2024-10-18,3.844,3.844,3.8,3.803,280.0,3.8108,169
2024-10-21,3.8,3.858,3.797,3.826,193.0,3.8189,82
2024-10-22,3.845,3.887,3.821,3.877,748.0,3.8699,306
2024-10-23,3.867,3.915,3.852,3.889,428.0,3.8746,285
2024-10-24,3.903,3.945,3.888,3.931,1323.0,3.9237,599
2024-10-25,3.93,3.956,3.921,3.95,809.0,3.9385,444
2024-10-28,3.905,3.911,3.821,3.856,985.0,3.8537,685
2024-10-29,3.842,3.904,3.807,3.837,1506.0,3.8295,822
2024-10-30,3.889,3.907,3.83,3.895,604.0,3.8788,460
2024-10-31,3.896,3.897,3.821,3.839,752.0,3.8498,515
2024-11-01,3.852,3.852,3.798,3.822,1175.0,3.817,715
2024-11-04,3.787,3.872,3.761,3.86,557.0,3.8256,348
2024-11-05,3.845,3.877,3.815,3.828,623.0,3.8417,379
2024-11-06,3.852,3.892,3.803,3.875,575.0,3.8542,439
2024-11-07,3.866,3.869,3.825,3.842,754.0,3.8407,569
2024-11-08,3.875,3.875,3.807,3.825,550.0,3.8351,375
2024-11-11,3.864,3.945,3.864,3.919,1335.0,3.9205,744
2024-11-12,3.923,3.942,3.88,3.925,624.0,3.9198,363
2024-11-13,3.915,3.963,3.896,3.951,823.0,3.9408,563
2024-11-14,3.929,3.955,3.891,3.897,689.0,3.9299,381
2024-11-15,3.895,3.915,3.87,3.902,917.0,3.8977,589
2024-11-18,3.947,3.953,3.894,3.943,831.0,3.9308,565
2024-11-19,3.95,3.987,3.924,3.972,1168.0,3.967,818
2024-11-20,3.96,4.058,3.952,4.037,1094.0,4.0305,676
2024-11-21,4.045,4.141,4.045,4.097,2182.0,4.0974,1338
2024-11-22,4.118,4.156,3.992,4.063,1154.0,4.0403,752
2024-11-25,4.139,4.175,4.093,4.158,1468.0,4.1386,1038
2024-11-26,4.141,4.204,4.131,4.197,1252.0,4.1719,867
2024-11-27,4.154,4.167,4.086,4.089,1031.0,4.1005,604
2024-11-28,4.074,4.117,4.074,4.089,8.0,4.1,8
2024-11-29,4.115,4.171,4.109,4.144,761.0,4.139,569
2024-12-02,4.088,4.121,4.063,4.116,2558.0,4.0981,1553
2024-12-03,4.103,4.122,4.026,4.036,740.0,4.0579,487
2024-12-04,4.034,4.087,3.999,4.076,803.0,4.0447,583
2024-12-05,4.08,4.11,4.07,4.1,821.0,4.0939,545
2024-12-06,4.068,4.113,4.049,4.104,588.0,4.0903,392
2024-12-09,4.189,4.192,4.102,4.113,901.0,4.1263,659
2024-12-10,4.107,4.118,4.051,4.096,963.0,4.0848,668
2024-12-11,4.106,4.18,4.093,4.169,2100.0,4.1568,1497
2024-12-12,4.157,4.212,4.112,4.187,1420.0,4.1798,1002
2024-12-13,4.188,4.197,4.125,4.139,1325.0,4.1544,914
2024-12-16,4.1,4.125,4.088,4.091,951.0,4.1001,605
2024-12-17,4.092,4.127,4.071,4.113,1249.0,4.0937,680
2024-12-18,4.1,4.147,4.091,4.109,1116.0,4.1214,603
2024-12-19,4.124,4.183,4.123,4.171,1104.0,4.1589,662
2024-12-20,4.179,4.248,4.143,4.224,1987.0,4.2031,1259
2024-12-23,4.202,4.258,4.202,4.256,809.0,4.2337,514
2024-12-24,4.239,4.304,4.238,4.3,505.0,4.2838,375
2024-12-26,4.282,4.302,4.213,4.23,342.0,4.231,264
2024-12-27,4.234,4.283,4.234,4.281,759.0,4.2674,481
2024-12-30,4.369,4.5,4.337,4.417,1914.0,4.4204,1434
2024-12-31,4.394,4.398,4.315,4.364,711.0,4.3512,571
2025-01-02,4.361,4.45,4.335,4.375,1157.0,4.4024,766
2025-01-03,4.381,4.391,4.252,4.265,832.0,4.2873,629
2025-01-06,4.319,4.372,4.314,4.342,842.0,4.3397,608
2025-01-07,4.341,4.374,4.273,4.31,725.0,4.3359,509
2025-01-08,4.344,4.4,4.344,4.386,750.0,4.3801,550
2025-01-09,4.351,4.461,4.339,4.405,973.0,4.4162,735
2025-01-10,4.411,4.489,4.4,4.452,1137.0,4.4498,785
2025-01-13,4.502,4.52,4.442,4.472,768.0,4.4788,602
2025-01-14,4.474,4.512,4.389,4.489,965.0,4.4569,685
2025-01-15,4.452,4.579,4.451,4.55,1397.0,4.534,818
2025-01-16,4.534,4.741,4.497,4.711,2390.0,4.6599,1601
2025-01-17,4.654,4.675,4.555,4.575,2252.0,4.5905,1579
2025-01-20,4.54,4.575,4.524,4.575,122.0,4.5408,71
2025-01-21,4.528,4.575,4.515,4.522,1224.0,4.5393,762
2025-01-22,4.521,4.679,4.52,4.667,1618.0,4.6163,1137
2025-01-23,4.674,4.718,4.602,4.669,1042.0,4.6604,767
2025-01-24,4.662,4.677,4.583,4.66,1573.0,4.6188,1017
2025-01-27,4.555,4.58,4.443,4.511,1791.0,4.505,1172
2025-01-28,4.488,4.503,4.394,4.412,1660.0,4.4304,1228
2025-01-29,4.398,4.483,4.376,4.467,1391.0,4.4532,956
2025-01-30,4.461,4.507,4.302,4.31,6137.0,4.3694,3367
2025-01-31,4.341,4.37,4.259,4.333,1366.0,4.323,895
2025-02-03,4.465,4.526,4.46,4.498,3083.0,4.4987,2064
2025-02-04,4.49,4.494,4.4,4.462,1236.0,4.4438,968
2025-02-05,4.442,4.529,4.396,4.525,1205.0,4.4719,764
2025-02-06,4.506,4.558,4.483,4.546,874.0,4.5289,684
2025-02-07,4.525,4.563,4.482,4.49,973.0,4.5125,746
2025-02-10,4.567,4.599,4.508,4.583,1174.0,4.5739,806
2025-02-11,4.574,4.657,4.571,4.631,1489.0,4.6247,1124
2025-02-12,4.623,4.672,4.594,4.65,1028.0,4.6376,797
2025-02-13,4.671,4.755,4.638,4.667,2251.0,4.705,1692
2025-02-14,4.672,4.75,4.66,4.696,1619.0,4.7132,1028
2025-02-17,4.635,4.696,4.581,4.696,253.0,4.6109,166
2025-02-18,4.589,4.874,4.57,4.87,3281.0,4.7367,2079
2025-02-19,4.825,5.042,4.807,4.99,3577.0,4.9655,2607
2025-02-20,5.024,5.087,4.84,4.907,2314.0,4.903,1668
2025-02-21,4.944,5.088,4.915,4.927,2061.0,5.0033,1477
2025-02-24,4.85,4.901,4.79,4.873,1377.0,4.8545,948
2025-02-25,4.874,5.004,4.848,4.985,2857.0,4.9389,1841
2025-02-26,4.999,5.019,4.889,4.906,3286.0,4.9218,2516
2025-02-27,4.908,4.97,4.858,4.87,1489.0,4.9171,1051
2025-02-28,4.858,4.9,4.826,4.838,1093.0,4.8614,868
2025-03-03,4.791,5.105,4.791,5.059,4586.0,5.01,3046
2025-03-04,5.089,5.331,4.996,5.208,4967.0,5.2442,3419
2025-03-05,5.168,5.357,5.139,5.311,3353.0,5.2673,2298
2025-03-06,5.317,5.317,5.173,5.207,3214.0,5.2297,2294
2025-03-07,5.175,5.363,5.108,5.343,2247.0,5.2514,1579
2025-03-10,5.42,5.757,5.395,5.433,2074.0,5.4753,1591
2025-03-11,5.385,5.516,5.366,5.462,1780.0,5.4475,1250
2025-03-12,5.375,5.397,5.148,5.185,2800.0,5.2244,1845
2025-03-13,5.134,5.346,5.099,5.291,2985.0,5.2389,1956
2025-03-14,5.217,5.306,5.143,5.274,1969.0,5.2207,1382
2025-03-17,5.274,5.327,5.194,5.224,1123.0,5.2258,756
2025-03-18,5.22,5.305,5.176,5.239,1041.0,5.2629,679
2025-03-19,5.237,5.401,5.237,5.392,1412.0,5.3527,915
2025-03-20,5.367,5.396,5.198,5.207,1788.0,5.2508,1039
2025-03-21,5.2,5.235,5.135,5.222,688.0,5.202,457
2025-03-24,5.151,5.24,5.142,5.184,1164.0,5.1881,852
2025-03-25,5.184,5.241,5.09,5.124,1442.0,5.1568,1084
2025-03-26,5.155,5.175,5.057,5.078,888.0,5.1184,571
2025-03-27,5.066,5.1,4.99,5.079,2167.0,5.0616,1495
2025-03-28,5.068,5.157,5.014,5.119,1441.0,5.085,1074
2025-03-31,5.182,5.261,5.157,5.193,1346.0,5.1973,957
2025-04-01,5.178,5.196,5.067,5.075,2650.0,5.104,1632
2025-04-02,5.087,5.16,5.073,5.15,1542.0,5.1367,1028
2025-04-03,5.102,5.237,5.086,5.188,1491.0,5.181,1056
2025-04-04,5.168,5.171,4.888,4.912,2937.0,4.9585,1689
2025-04-07,4.86,4.939,4.648,4.691,3151.0,4.7831,2182
2025-04-08,4.71,4.808,4.529,4.533,3808.0,4.6449,2452
2025-04-09,4.527,4.838,4.374,4.827,5940.0,4.5818,3972
2025-04-10,4.763,4.787,4.513,4.579,3600.0,4.6363,2050
2025-04-11,4.542,4.661,4.461,4.623,2463.0,4.5846,1673
2025-04-14,4.614,4.756,4.505,4.513,2536.0,4.5997,1415
2025-04-15,4.53,4.561,4.437,4.547,2025.0,4.5116,1250
2025-04-16,4.52,4.595,4.483,4.561,2299.0,4.5445,1369
2025-04-17,4.576,4.651,4.53,4.567,2880.0,4.5834,1977
2025-04-21,4.516,4.575,4.39,4.407,2461.0,4.4326,1508
2025-04-22,4.445,4.46,4.344,4.381,2157.0,4.3944,1478
2025-04-23,4.415,4.459,4.345,4.397,1652.0,4.4005,1156
2025-04-24,4.382,4.391,4.302,4.379,2492.0,4.341,1549
2025-04-25,4.39,4.426,4.328,4.375,1612.0,4.3841,975
2025-04-28,4.402,4.548,4.325,4.531,3261.0,4.4916,2095
2025-04-29,4.526,4.633,4.517,4.608,1482.0,4.5813,987
2025-04-30,4.592,4.667,4.555,4.638,3265.0,4.6092,1747
2025-05-01,4.651,4.798,4.651,4.764,2901.0,4.7262,1754
2025-05-02,4.726,4.916,4.726,4.881,3170.0,4.8439,1991
2025-05-05,4.927,5.001,4.84,4.854,3019.0,4.9179,1951
2025-05-06,4.879,4.942,4.789,4.826,2100.0,4.8606,1234
2025-05-07,4.876,4.955,4.855,4.87,1887.0,4.9072,1012
2025-05-08,4.874,4.928,4.808,4.852,1995.0,4.8541,1070
2025-05-09,4.884,4.956,4.857,4.946,2498.0,4.933,1305
2025-05-12,4.922,4.955,4.817,4.842,1403.0,4.8586,947
2025-05-13,4.87,4.92,4.816,4.882,2032.0,4.8677,1208
2025-05-14,4.851,4.867,4.76,4.794,1794.0,4.7998,949
2025-05-15,4.782,4.821,4.715,4.726,1690.0,4.76,908
2025-05-16,4.738,4.774,4.69,4.717,1186.0,4.7284,678
2025-05-19,4.675,4.675,4.439,4.449,2893.0,4.5342,1641
2025-05-20,4.458,4.72,4.458,4.696,3861.0,4.6197,1954
2025-05-21,4.662,4.777,4.653,4.699,1791.0,4.713,1254
2025-05-22,4.686,4.697,4.608,4.637,1933.0,4.636,1264
2025-05-23,4.677,4.72,4.604,4.718,2054.0,4.6857,1212
2025-05-27,4.764,4.774,4.625,4.716,1992.0,4.6976,1473
2025-05-28,4.72,4.782,4.552,4.574,2418.0,4.622,1504
2025-05-29,4.569,4.585,4.477,4.553,2635.0,4.5264,1570
2025-05-30,4.567,4.587,4.494,4.505,2292.0,4.5213,1528
2025-06-02,4.528,4.725,4.528,4.696,3213.0,4.6863,2153
2025-06-03,4.715,4.751,4.654,4.726,3093.0,4.7054,1895
2025-06-04,4.719,4.763,4.68,4.744,1493.0,4.7264,964
2025-06-05,4.735,4.8,4.68,4.743,2354.0,4.7487,1473
2025-06-06,4.725,4.851,4.725,4.821,1680.0,4.7918,1186
2025-06-09,4.76,4.798,4.661,4.715,2784.0,4.7136,1873
2025-06-10,4.699,4.739,4.631,4.654,2024.0,4.6655,1193
2025-06-11,4.642,4.71,4.585,4.629,2197.0,4.6474,1441
2025-06-12,4.643,4.718,4.595,4.604,1789.0,4.6521,1169
2025-06-13,4.643,4.71,4.6,4.672,2330.0,4.651,1615
2025-06-16,4.713,4.792,4.706,4.784,1539.0,4.7546,1048
2025-06-17,4.771,4.893,4.771,4.878,2188.0,4.8609,1456
2025-06-18,4.891,4.97,4.85,4.959,3428.0,4.9429,2165
2025-06-20,4.945,5.076,4.855,4.889,3643.0,4.9608,2080
2025-06-23,4.937,4.951,4.758,4.798,2421.0,4.8257,1555
2025-06-24,4.759,4.777,4.69,4.702,2466.0,4.7243,1489
2025-06-25,4.725,4.753,4.651,4.666,1838.0,4.6861,1185
2025-06-26,4.668,4.682,4.563,4.651,3366.0,4.619,2196
2025-06-27,4.653,4.813,4.653,4.804,2699.0,4.7621,1536
2025-06-30,4.815,4.815,4.514,4.56,4842.0,4.5985,2736
2025-07-01,4.557,4.56,4.371,4.517,6043.0,4.4655,3681
2025-07-02,4.502,4.604,4.456,4.574,3006.0,4.563,1888
2025-07-03,4.583,4.653,4.463,4.476,3038.0,4.5446,1843
2025-07-07,4.478,4.556,4.363,4.499,3697.0,4.4671,2335
2025-07-08,4.5,4.55,4.46,4.473,2407.0,4.4829,1578
2025-07-09,4.478,4.482,4.316,4.394,5726.0,4.3809,3474
2025-07-10,4.377,4.546,4.369,4.508,5119.0,4.4573,2997
2025-07-11,4.527,4.574,4.49,4.527,2256.0,4.5355,1399
2025-07-14,4.584,4.66,4.581,4.647,2261.0,4.6255,1553
2025-07-15,4.648,4.698,4.6,4.685,2317.0,4.6659,1516
2025-07-16,4.693,4.717,4.638,4.677,2373.0,4.6789,1569
2025-07-17,4.668,4.698,4.587,4.621,2486.0,4.6438,1625
2025-07-18,4.594,4.653,4.517,4.597,2800.0,4.585,1756
2025-07-21,4.502,4.502,4.355,4.379,4854.0,4.3978,2820
2025-07-22,4.366,4.37,4.297,4.348,6049.0,4.326,3398
2025-07-23,4.346,4.355,4.22,4.232,6478.0,4.2606,3855
2025-07-24,4.228,4.284,4.224,4.249,4020.0,4.2548,2506
2025-07-25,4.259,4.277,4.185,4.207,3547.0,4.2282,2134
2025-07-28,4.188,4.216,4.103,4.126,4465.0,4.1473,2831
2025-07-29,4.15,4.227,4.15,4.205,4560.0,4.1974,2316
2025-07-30,4.228,4.249,4.109,4.15,4097.0,4.1544,2602
2025-07-31,4.136,4.188,4.086,4.173,4915.0,4.1383,2887
2025-08-01,4.165,4.199,4.134,4.179,4383.0,4.169,2539
2025-08-04,4.154,4.175,4.023,4.052,5052.0,4.068,2566
2025-08-05,4.07,4.118,4.046,4.087,4485.0,4.0855,2198
2025-08-06,4.073,4.168,4.039,4.15,4039.0,4.1176,2126
2025-08-07,4.16,4.196,4.109,4.149,4098.0,4.1492,2105
2025-08-08,4.161,4.18,4.045,4.071,4088.0,4.0939,2166
2025-08-11,4.0,4.074,3.984,4.049,3395.0,4.035,1981
2025-08-12,4.067,4.073,3.89,3.925,7162.0,3.941,3545
2025-08-13,3.903,3.945,3.882,3.904,4369.0,3.9102,2553
2025-08-14,3.898,3.92,3.824,3.864,6244.0,3.8596,3314
2025-08-15,3.854,3.95,3.839,3.919,4848.0,3.9189,3030
2025-08-18,3.898,3.921,3.848,3.892,4375.0,3.8827,2594
2025-08-19,3.895,3.895,3.78,3.803,8248.0,3.805,3883
2025-08-20,3.795,3.804,3.75,3.765,6913.0,3.7749,3696
2025-08-21,3.778,3.845,3.765,3.822,6502.0,3.813,3941
2025-08-22,3.819,3.829,3.737,3.751,5989.0,3.7615,2992
2025-08-25,3.703,3.735,3.674,3.709,6356.0,3.7032,3349
2025-08-26,3.709,3.733,3.655,3.703,5576.0,3.6929,3044
2025-08-27,3.733,3.804,3.691,3.781,6786.0,3.7746,3537
2025-08-28,3.767,3.858,3.744,3.816,8447.0,3.8134,4070
2025-08-29,3.844,3.935,3.797,3.914,7211.0,3.864,3522
2025-09-02,3.894,3.975,3.808,3.9,10617.0,3.8661,5786
2025-09-03,3.881,3.985,3.867,3.926,6210.0,3.9407,3717
2025-09-04,3.937,3.97,3.868,3.927,6330.0,3.9281,3276
2025-09-05,3.92,3.949,3.846,3.871,5532.0,3.8885,2852
2025-09-08,3.882,3.969,3.869,3.898,7147.0,3.9167,3949
2025-09-09,3.899,3.947,3.85,3.914,6545.0,3.8993,3820
2025-09-10,3.897,3.905,3.83,3.877,6694.0,3.8747,3598
2025-09-11,3.873,3.894,3.827,3.842,6629.0,3.8579,3757
2025-09-12,3.835,3.868,3.798,3.811,6458.0,3.8289,3526
2025-09-15,3.806,3.883,3.783,3.877,7535.0,3.838,4198
2025-09-16,3.875,3.957,3.769,3.942,6722.0,3.9178,3882
2025-09-17,3.947,4.012,3.933,3.964,7881.0,3.9738,4187
2025-09-18,3.944,3.965,3.848,3.861,9393.0,3.8864,4689
2025-09-19,3.86,3.894,3.814,3.834,8274.0,3.8487,4501
2025-09-22,3.855,3.874,3.738,3.741,10648.0,3.7825,5536
2025-09-23,3.737,3.76,3.702,3.744,12232.0,3.7338,6412
2025-09-24,3.754,3.781,3.704,3.745,13890.0,3.7432,7258
2025-09-25,3.767,3.864,3.749,3.81,16453.0,3.8208,8129
2025-09-26,3.834,3.867,3.765,3.84,21955.0,3.817,10924
2025-09-29,3.787,3.914,3.782,3.884,18899.0,3.8503,10396
2025-09-30,3.891,3.947,3.864,3.88,20801.0,3.8993,10054
2025-10-01,3.919,4.067,3.896,4.058,34702.0,3.9947,16471
2025-10-02,4.044,4.211,4.006,4.092,36313.0,4.1157,18680
2025-10-03,4.061,4.116,4.006,4.032,29540.0,4.0473,15243
2025-10-06,4.028,4.176,3.993,4.012,25574.0,4.0525,13682
2025-10-07,4.044,4.16,3.991,4.123,29411.0,4.0806,15151
2025-10-08,4.17,4.173,3.99,3.999,35814.0,4.0398,18415
2025-10-09,3.985,4.022,3.885,3.914,30772.0,3.9415,16267
2025-10-10,3.892,3.9,3.777,3.793,36847.0,3.8207,18482
2025-10-13,3.785,3.822,3.7,3.775,28433.0,3.754,14907
2025-10-14,3.762,3.762,3.676,3.69,36934.0,3.7031,18579
2025-10-15,3.691,3.691,3.617,3.67,33400.0,3.6533,17041
2025-10-16,3.678,3.728,3.617,3.635,34884.0,3.6636,17261
2025-10-17,3.627,3.748,3.595,3.741,33620.0,3.6891,15931
2025-10-20,3.837,4.051,3.829,4.035,71756.0,3.9603,34565
2025-10-21,4.045,4.098,3.954,4.088,68416.0,4.0332,34640
2025-10-22,4.09,4.139,4.015,4.06,72070.0,4.0686,35422
2025-10-23,4.055,4.124,4.001,4.032,75440.0,4.0485,37326
2025-10-24,4.001,4.061,3.911,3.995,88571.0,3.9865,45043
2025-10-27,4.09,4.1,3.91,3.997,105284.0,3.994,56437
2025-10-28,3.956,3.982,3.818,3.867,132438.0,3.8717,64343
2025-10-29,3.828,3.864,3.752,3.815,110652.0,3.8154,49404
2025-10-30,3.798,4.071,3.786,3.956,138419.0,3.9057,58618
2025-10-31,4.061,4.157,4.015,4.124,170016.0,4.0863,72095
2025-11-03,4.16,4.298,4.087,4.266,168267.0,4.2127,77850
2025-11-04,4.256,4.396,4.183,4.343,167905.0,4.2821,72661
2025-11-05,4.32,4.351,4.206,4.232,122474.0,4.2695,58696
2025-11-06,4.239,4.42,4.192,4.357,148062.0,4.3076,68474
2025-11-07,4.413,4.419,4.268,4.315,131597.0,4.3361,59474
2025-11-10,4.48,4.509,4.262,4.338,131245.0,4.3557,63117
2025-11-11,4.375,4.581,4.276,4.565,154765.0,4.472,68431
2025-11-12,4.526,4.582,4.461,4.533,108025.0,4.5223,53178
2025-11-13,4.535,4.688,4.454,4.646,130245.0,4.5922,58372
2025-11-14,4.597,4.635,4.376,4.566,163338.0,4.4933,75150
2025-11-17,4.531,4.541,4.323,4.361,135530.0,4.4369,63647
2025-11-18,4.342,4.401,4.235,4.371,130947.0,4.3158,59663
2025-11-19,4.374,4.602,4.35,4.55,89528.0,4.5183,43313
2025-11-20,4.566,4.612,4.458,4.474,63749.0,4.5308,30364
2025-11-21,4.489,4.675,4.461,4.58,46734.0,4.5796,20530
2025-11-24,4.465,4.576,4.444,4.549,34897.0,4.5142,15305
2025-11-25,4.501,4.547,4.267,4.424,3051.0,4.3997,1471
2025-11-26,4.424,4.424,4.424,4.424,0.0,4.424,0
