date,open,high,low,close,volume,average,barCount
2017-11-29,3.721,3.721,3.721,3.721,0.0,3.721,0
2017-11-30,3.723,3.723,3.723,3.723,0.0,3.723,0
2017-12-01,3.672,3.672,3.672,3.672,0.0,3.672,0
2017-12-04,3.67,3.67,3.67,3.67,0.0,3.67,0
2017-12-05,3.665,3.665,3.665,3.665,0.0,3.665,0
2017-12-06,3.647,3.647,3.647,3.647,0.0,3.647,0
2017-12-07,3.653,3.653,3.653,3.653,0.0,3.653,0
2017-12-08,3.648,3.648,3.648,3.648,0.0,3.648,0
2017-12-11,3.641,3.641,3.641,3.641,0.0,3.641,0
2017-12-12,3.654,3.654,3.654,3.654,0.0,3.654,0
2017-12-13,3.67,3.67,3.67,3.67,0.0,3.67,0
2017-12-14,3.681,3.681,3.681,3.681,0.0,3.681,0
2017-12-15,3.689,3.689,3.689,3.689,0.0,3.689,0
2017-12-18,3.709,3.709,3.709,3.709,0.0,3.709,0
2017-12-19,3.711,3.711,3.711,3.711,0.0,3.711,0
2017-12-20,3.697,3.697,3.697,3.697,0.0,3.697,0
2017-12-21,3.714,3.714,3.714,3.714,0.0,3.714,0
2017-12-22,3.737,3.737,3.737,3.737,0.0,3.737,0
2017-12-26,3.738,3.738,3.738,3.738,0.0,3.738,0
2017-12-27,3.711,3.711,3.711,3.711,0.0,3.711,0
2017-12-28,3.612,3.612,3.612,3.612,0.0,3.612,0
2017-12-29,3.57,3.57,3.57,3.57,0.0,3.57,0
2018-01-02,3.563,3.563,3.563,3.563,0.0,3.563,0
2018-01-03,3.564,3.564,3.564,3.564,0.0,3.564,0
2018-01-04,3.596,3.596,3.596,3.596,0.0,3.596,0
2018-01-05,3.59,3.59,3.59,3.59,0.0,3.59,0
2018-01-08,3.585,3.585,3.585,3.585,0.0,3.585,0
2018-01-09,3.57,3.57,3.57,3.57,0.0,3.57,0
2018-01-10,3.563,3.563,3.563,3.563,0.0,3.563,0
2018-01-11,3.58,3.58,3.58,3.58,0.0,3.58,0
2018-01-12,3.567,3.567,3.567,3.567,0.0,3.567,0
2018-01-16,3.53,3.53,3.53,3.53,0.0,3.53,0
2018-01-17,3.524,3.524,3.524,3.524,0.0,3.524,0
2018-01-18,3.522,3.522,3.522,3.522,0.0,3.522,0
2018-01-19,3.532,3.532,3.532,3.532,0.0,3.532,0
2018-01-22,3.551,3.551,3.551,3.551,0.0,3.551,0
2018-01-23,3.563,3.563,3.563,3.563,0.0,3.563,0
2018-01-24,3.577,3.577,3.577,3.577,0.0,3.577,0
2018-01-25,3.601,3.601,3.601,3.601,0.0,3.601,0
2018-01-26,3.567,3.567,3.567,3.567,0.0,3.567,0
2018-01-29,3.569,3.569,3.569,3.569,0.0,3.569,0
2018-01-30,3.586,3.586,3.586,3.586,0.0,3.586,0
2018-01-31,3.545,3.545,3.545,3.545,0.0,3.545,0
2018-02-01,3.541,3.541,3.541,3.541,0.0,3.541,0
2018-02-02,3.566,3.566,3.566,3.566,0.0,3.566,0
2018-02-05,3.588,3.588,3.588,3.588,0.0,3.588,0
2018-02-06,3.572,3.572,3.572,3.572,0.0,3.572,0
2018-02-07,3.55,3.55,3.55,3.55,0.0,3.55,0
2018-02-08,3.563,3.563,3.563,3.563,0.0,3.563,0
2018-02-09,3.532,3.532,3.532,3.532,0.0,3.532,0
2018-02-12,3.522,3.522,3.522,3.522,0.0,3.522,0
2018-02-13,3.505,3.505,3.505,3.505,0.0,3.505,0
2018-02-14,3.51,3.51,3.51,3.51,0.0,3.51,0
2018-02-15,3.513,3.513,3.513,3.513,0.0,3.513,0
2018-02-16,3.526,3.526,3.526,3.526,0.0,3.526,0
2018-02-20,3.529,3.529,3.529,3.529,0.0,3.529,0
2018-02-21,3.547,3.547,3.547,3.547,0.0,3.547,0
2018-02-22,3.559,3.559,3.559,3.559,0.0,3.559,0
2018-02-23,3.551,3.551,3.551,3.551,0.0,3.551,0
2018-02-26,3.547,3.547,3.547,3.547,0.0,3.547,0
2018-02-27,3.55,3.55,3.55,3.55,0.0,3.55,0
2018-02-28,3.525,3.525,3.525,3.525,0.0,3.525,0
2018-03-01,3.564,3.564,3.564,3.564,0.0,3.564,0
2018-03-02,3.581,3.581,3.581,3.581,0.0,3.581,0
2018-03-05,3.599,3.599,3.599,3.599,0.0,3.599,0
2018-03-06,3.596,3.596,3.596,3.596,0.0,3.596,0
2018-03-07,3.589,3.589,3.589,3.589,0.0,3.589,0
2018-03-08,3.551,3.551,3.551,3.551,0.0,3.551,0
2018-03-09,3.512,3.512,3.512,3.512,0.0,3.512,0
2018-03-12,3.518,3.518,3.518,3.518,0.0,3.518,0
2018-03-13,3.525,3.525,3.525,3.525,0.0,3.525,0
2018-03-14,3.545,3.545,3.545,3.545,0.0,3.545,0
2018-03-15,3.603,3.603,3.603,3.603,0.0,3.603,0
2018-03-16,3.613,3.613,3.613,3.613,0.0,3.613,0
2018-03-19,3.603,3.603,3.603,3.603,0.0,3.603,0
2018-03-20,3.608,3.608,3.608,3.608,0.0,3.608,0
2018-03-21,3.616,3.616,3.616,3.616,0.0,3.616,0
2018-03-22,3.604,3.604,3.604,3.604,0.0,3.604,0
2018-03-23,3.526,3.526,3.526,3.526,0.0,3.526,0
2018-03-26,3.554,3.554,3.554,3.554,0.0,3.554,0
2018-03-27,3.558,3.558,3.558,3.558,0.0,3.558,0
2018-03-28,3.587,3.587,3.587,3.587,0.0,3.587,0
2018-03-29,3.625,3.625,3.625,3.625,0.0,3.625,0
2018-04-02,3.607,3.607,3.607,3.607,0.0,3.607,0
2018-04-03,3.585,3.585,3.585,3.585,0.0,3.585,0
2018-04-04,3.559,3.559,3.559,3.559,0.0,3.559,0
2018-04-05,3.575,3.575,3.575,3.575,0.0,3.575,0
2018-04-06,3.569,3.569,3.569,3.569,0.0,3.569,0
2018-04-09,3.553,3.553,3.553,3.553,0.0,3.553,0
2018-04-10,3.562,3.562,3.562,3.562,0.0,3.562,0
2018-04-11,3.57,3.57,3.57,3.57,0.0,3.57,0
2018-04-12,3.593,3.593,3.593,3.593,0.0,3.593,0
2018-04-13,3.586,3.586,3.586,3.586,0.0,3.586,0
2018-04-16,3.588,3.588,3.588,3.588,0.0,3.588,0
2018-04-17,3.55,3.55,3.55,3.55,0.0,3.55,0
2018-04-18,3.551,3.551,3.551,3.551,0.0,3.551,0
2018-04-19,3.553,3.553,3.553,3.553,0.0,3.553,0
2018-04-20,3.561,3.561,3.561,3.561,0.0,3.561,0
2018-04-23,3.562,3.562,3.562,3.562,0.0,3.562,0
2018-04-24,3.56,3.56,3.56,3.56,0.0,3.56,0
2018-04-25,3.549,3.549,3.549,3.549,0.0,3.549,0
2018-04-26,3.539,3.539,3.539,3.539,0.0,3.539,0
2018-04-27,3.541,3.541,3.541,3.541,0.0,3.541,0
2018-04-30,3.533,3.533,3.533,3.533,0.0,3.533,0
2018-05-01,3.513,3.513,3.513,3.513,0.0,3.513,0
2018-05-02,3.541,3.541,3.541,3.541,0.0,3.541,0
2018-05-03,3.551,3.551,3.551,3.551,0.0,3.551,0
2018-05-04,3.549,3.549,3.549,3.549,0.0,3.549,0
2018-05-07,3.547,3.547,3.547,3.547,0.0,3.547,0
2018-05-08,3.502,3.502,3.502,3.502,0.0,3.502,0
2018-05-09,3.488,3.488,3.488,3.488,0.0,3.488,0
2018-05-10,3.484,3.484,3.484,3.484,0.0,3.484,0
2018-05-11,3.487,3.487,3.487,3.487,0.0,3.487,0
2018-05-14,3.479,3.479,3.479,3.479,0.0,3.479,0
2018-05-15,3.517,3.517,3.517,3.517,0.0,3.517,0
2018-05-16,3.491,3.491,3.491,3.491,0.0,3.491,0
2018-05-17,3.498,3.498,3.498,3.498,0.0,3.498,0
2018-05-18,3.513,3.513,3.513,3.513,0.0,3.513,0
2018-05-21,3.508,3.508,3.508,3.508,0.0,3.508,0
2018-05-22,3.457,3.457,3.457,3.457,0.0,3.457,0
2018-05-23,3.434,3.434,3.434,3.434,0.0,3.434,0
2018-05-24,3.428,3.428,3.428,3.428,0.0,3.428,0
2018-05-25,3.4,3.4,3.4,3.4,0.0,3.4,0
2018-05-29,3.38,3.38,3.38,3.38,0.0,3.38,0
2018-05-30,3.391,3.391,3.391,3.391,0.0,3.391,0
2018-05-31,3.379,3.379,3.379,3.379,0.0,3.379,0
2018-06-01,3.369,3.369,3.369,3.369,0.0,3.369,0
2018-06-04,3.382,3.382,3.382,3.382,0.0,3.382,0
2018-06-05,3.397,3.397,3.397,3.397,0.0,3.397,0
2018-06-06,3.392,3.392,3.392,3.392,0.0,3.392,0
2018-06-07,3.39,3.39,3.39,3.39,0.0,3.39,0
2018-06-08,3.393,3.393,3.393,3.393,0.0,3.393,0
2018-06-11,3.392,3.392,3.392,3.392,0.0,3.392,0
2018-06-12,3.426,3.426,3.426,3.426,0.0,3.426,0
2018-06-13,3.437,3.437,3.437,3.437,0.0,3.437,0
2018-06-14,3.453,3.453,3.453,3.453,0.0,3.453,0
2018-06-15,3.458,3.458,3.458,3.458,0.0,3.458,0
2018-06-18,3.494,3.494,3.494,3.494,0.0,3.494,0
2018-06-19,3.496,3.496,3.496,3.496,0.0,3.496,0
2018-06-20,3.495,3.495,3.495,3.495,0.0,3.495,0
2018-06-21,3.479,3.479,3.479,3.479,0.0,3.479,0
2018-06-22,3.481,3.481,3.481,3.481,0.0,3.481,0
2018-06-25,3.477,3.477,3.477,3.477,0.0,3.477,0
2018-06-26,3.474,3.474,3.474,3.474,0.0,3.474,0
2018-06-27,3.477,3.477,3.477,3.477,0.0,3.477,0
2018-06-28,3.456,3.456,3.456,3.456,0.0,3.456,0
2018-06-29,3.453,3.453,3.453,3.453,0.0,3.453,0
2018-07-02,3.444,3.444,3.444,3.444,0.0,3.444,0
2018-07-03,3.441,3.441,3.441,3.441,0.0,3.441,0
2018-07-05,3.443,3.443,3.443,3.443,0.0,3.443,0
2018-07-06,3.442,3.442,3.442,3.442,0.0,3.442,0
2018-07-09,3.433,3.433,3.433,3.433,0.0,3.433,0
2018-07-10,3.437,3.437,3.437,3.437,0.0,3.437,0
2018-07-11,3.415,3.415,3.415,3.415,0.0,3.415,0
2018-07-12,3.415,3.415,3.415,3.415,0.0,3.415,0
2018-07-13,3.41,3.41,3.41,3.41,0.0,3.41,0
2018-07-16,3.383,3.383,3.383,3.383,0.0,3.383,0
2018-07-17,3.368,3.368,3.368,3.368,0.0,3.368,0
2018-07-18,3.379,3.379,3.379,3.379,0.0,3.379,0
2018-07-19,3.368,3.368,3.368,3.368,0.0,3.368,0
2018-07-20,3.374,3.374,3.374,3.374,0.0,3.374,0
2018-07-23,3.383,3.383,3.383,3.383,0.0,3.383,0
2018-07-24,3.381,3.381,3.381,3.381,0.0,3.381,0
2018-07-25,3.409,3.409,3.409,3.409,0.0,3.409,0
2018-07-26,3.405,3.405,3.405,3.405,0.0,3.405,0
2018-07-27,3.407,3.407,3.407,3.407,0.0,3.407,0
2018-07-30,3.411,3.411,3.411,3.411,0.0,3.411,0
2018-07-31,3.414,3.414,3.414,3.414,0.0,3.414,0
2018-08-01,3.384,3.384,3.384,3.384,0.0,3.384,0
2018-08-02,3.388,3.388,3.388,3.388,0.0,3.388,0
2018-08-03,3.388,3.388,3.388,3.388,0.0,3.388,0
2018-08-06,3.376,3.376,3.376,3.376,0.0,3.376,0
2018-08-07,3.449,3.449,3.449,3.449,0.0,3.449,0
2018-08-08,3.462,3.462,3.462,3.462,0.0,3.462,0
2018-08-09,3.462,3.462,3.462,3.462,0.0,3.462,0
2018-08-10,3.459,3.459,3.459,3.459,0.0,3.459,0
2018-08-13,3.46,3.46,3.46,3.46,0.0,3.46,0
2018-08-14,3.459,3.459,3.459,3.459,0.0,3.459,0
2018-08-15,3.46,3.46,3.46,3.46,0.0,3.46,0
2018-08-16,3.45,3.45,3.45,3.45,0.0,3.45,0
2018-08-17,3.452,3.452,3.452,3.452,0.0,3.452,0
2018-08-20,3.451,3.451,3.451,3.451,0.0,3.451,0
2018-08-21,3.469,3.469,3.469,3.469,0.0,3.469,0
2018-08-22,3.456,3.456,3.456,3.456,0.0,3.456,0
2018-08-23,3.455,3.455,3.455,3.455,0.0,3.455,0
2018-08-24,3.442,3.442,3.442,3.442,0.0,3.442,0
2018-08-27,3.412,3.412,3.412,3.412,0.0,3.412,0
2018-08-28,3.388,3.388,3.388,3.388,0.0,3.388,0
2018-08-29,3.392,3.392,3.392,3.392,0.0,3.392,0
2018-08-30,3.373,3.373,3.373,3.373,0.0,3.373,0
2018-08-31,3.387,3.387,3.387,3.387,0.0,3.387,0
2018-09-04,3.377,3.377,3.377,3.377,0.0,3.377,0
2018-09-05,3.382,3.382,3.382,3.382,0.0,3.382,0
2018-09-06,3.401,3.401,3.401,3.401,0.0,3.401,0
2018-09-07,3.4,3.4,3.4,3.4,0.0,3.4,0
2018-09-10,3.403,3.403,3.403,3.403,0.0,3.403,0
2018-09-11,3.4,3.4,3.4,3.4,0.0,3.4,0
2018-09-12,3.41,3.41,3.41,3.41,0.0,3.41,0
2018-09-13,3.426,3.426,3.426,3.426,0.0,3.426,0
2018-09-14,3.435,3.435,3.435,3.435,0.0,3.435,0
2018-09-17,3.439,3.439,3.439,3.439,0.0,3.439,0
2018-09-18,3.449,3.449,3.449,3.449,0.0,3.449,0
2018-09-19,3.451,3.451,3.451,3.451,0.0,3.451,0
2018-09-20,3.455,3.455,3.455,3.455,0.0,3.455,0
2018-09-21,3.453,3.453,3.453,3.453,0.0,3.453,0
2018-09-24,3.451,3.451,3.451,3.451,0.0,3.451,0
2018-09-25,3.454,3.454,3.454,3.454,0.0,3.454,0
2018-09-26,3.463,3.463,3.463,3.463,0.0,3.463,0
2018-09-27,3.464,3.464,3.464,3.464,0.0,3.464,0
2018-09-28,3.465,3.465,3.465,3.465,0.0,3.465,0
2018-10-01,3.47,3.47,3.47,3.47,0.0,3.47,0
2018-10-02,3.468,3.468,3.468,3.468,0.0,3.468,0
2018-10-03,3.467,3.467,3.467,3.467,0.0,3.467,0
2018-10-04,3.468,3.468,3.468,3.468,0.0,3.468,0
2018-10-05,3.471,3.471,3.471,3.471,0.0,3.471,0
2018-10-08,3.476,3.476,3.476,3.476,0.0,3.476,0
2018-10-09,3.471,3.471,3.471,3.471,0.0,3.471,0
2018-10-10,3.467,3.467,3.467,3.467,0.0,3.467,0
2018-10-11,3.492,3.492,3.492,3.492,0.0,3.492,0
2018-10-12,3.512,3.512,3.512,3.512,0.0,3.512,0
2018-10-15,3.511,3.511,3.511,3.511,0.0,3.511,0
2018-10-16,3.531,3.531,3.531,3.531,0.0,3.531,0
2018-10-17,3.526,3.526,3.526,3.526,0.0,3.526,0
2018-10-18,3.525,3.525,3.525,3.525,0.0,3.525,0
2018-10-19,3.522,3.522,3.522,3.522,0.0,3.522,0
2018-10-22,3.523,3.523,3.523,3.523,0.0,3.523,0
2018-10-23,3.522,3.522,3.522,3.522,0.0,3.522,0
2018-10-24,3.519,3.519,3.519,3.519,0.0,3.519,0
2018-10-25,3.509,3.509,3.509,3.509,0.0,3.509,0
2018-10-26,3.511,3.511,3.511,3.511,0.0,3.511,0
2018-10-29,3.512,3.512,3.512,3.512,0.0,3.512,0
2018-10-30,3.53,3.53,3.53,3.53,0.0,3.53,0
2018-10-31,3.529,3.529,3.529,3.529,0.0,3.529,0
2018-11-01,3.541,3.541,3.541,3.541,0.0,3.541,0
2018-11-02,3.548,3.548,3.548,3.548,0.0,3.548,0
2018-11-05,3.562,3.562,3.562,3.562,0.0,3.562,0
2018-11-06,3.578,3.578,3.578,3.578,0.0,3.578,0
2018-11-07,3.576,3.576,3.576,3.576,0.0,3.576,0
2018-11-08,3.577,3.577,3.577,3.577,0.0,3.577,0
2018-11-09,3.58,3.58,3.58,3.58,0.0,3.58,0
2018-11-12,3.603,3.603,3.603,3.603,0.0,3.603,0
2018-11-13,3.582,3.582,3.582,3.582,0.0,3.582,0
2018-11-14,3.566,3.566,3.566,3.566,0.0,3.566,0
2018-11-15,3.581,3.581,3.581,3.581,0.0,3.581,0
2018-11-16,3.552,3.552,3.552,3.552,0.0,3.552,0
2018-11-19,3.539,3.539,3.539,3.539,0.0,3.539,0
2018-11-20,3.537,3.537,3.537,3.537,0.0,3.537,0
2018-11-21,3.535,3.535,3.535,3.535,0.0,3.535,0
2018-11-23,3.56,3.56,3.56,3.56,0.0,3.56,0
2018-11-26,3.553,3.553,3.553,3.553,0.0,3.553,0
2018-11-27,3.549,3.549,3.549,3.549,0.0,3.549,0
2018-11-28,3.55,3.55,3.55,3.55,0.0,3.55,0
2018-11-29,3.58,3.58,3.58,3.58,0.0,3.58,0
2018-11-30,3.636,3.636,3.636,3.636,0.0,3.636,0
2018-12-03,3.608,3.608,3.608,3.608,0.0,3.608,0
2018-12-04,3.594,3.594,3.594,3.594,0.0,3.594,0
2018-12-05,3.585,3.585,3.585,3.585,0.0,3.585,0
2018-12-06,3.596,3.596,3.596,3.596,0.0,3.596,0
2018-12-07,3.603,3.603,3.603,3.603,0.0,3.603,0
2018-12-10,3.604,3.604,3.604,3.604,0.0,3.604,0
2018-12-11,3.579,3.579,3.579,3.579,0.0,3.579,0
2018-12-12,3.581,3.581,3.581,3.581,0.0,3.581,0
2018-12-13,3.549,3.549,3.549,3.549,0.0,3.549,0
2018-12-14,3.559,3.559,3.559,3.559,0.0,3.559,0
2018-12-17,3.558,3.558,3.558,3.558,0.0,3.558,0
2018-12-18,3.553,3.553,3.553,3.553,0.0,3.553,0
2018-12-19,3.576,3.576,3.576,3.576,0.0,3.576,0
2018-12-20,3.591,3.591,3.591,3.591,0.0,3.591,0
2018-12-21,3.594,3.594,3.594,3.594,0.0,3.594,0
2018-12-24,3.593,3.593,3.593,3.593,0.0,3.593,0
2018-12-26,3.59,3.59,3.59,3.59,0.0,3.59,0
2018-12-27,3.588,3.588,3.588,3.588,0.0,3.588,0
2018-12-28,3.588,3.588,3.588,3.588,0.0,3.588,0
2018-12-31,3.597,3.597,3.597,3.597,0.0,3.597,0
2019-01-02,3.597,3.597,3.597,3.597,0.0,3.597,0
2019-01-03,3.586,3.586,3.586,3.586,0.0,3.586,0
2019-01-04,3.586,3.586,3.586,3.586,0.0,3.586,0
2019-01-07,3.588,3.588,3.588,3.588,0.0,3.588,0
2019-01-08,3.583,3.583,3.583,3.583,0.0,3.583,0
2019-01-09,3.583,3.583,3.583,3.583,0.0,3.583,0
2019-01-10,3.582,3.582,3.582,3.582,0.0,3.582,0
2019-01-11,3.589,3.589,3.589,3.589,0.0,3.589,0
2019-01-14,3.588,3.588,3.588,3.588,0.0,3.588,0
2019-01-15,3.58,3.58,3.58,3.58,0.0,3.58,0
2019-01-16,3.549,3.549,3.549,3.549,0.0,3.549,0
2019-01-17,3.549,3.549,3.549,3.549,0.0,3.549,0
2019-01-18,3.562,3.562,3.562,3.562,0.0,3.562,0
2019-01-22,3.575,3.575,3.575,3.575,0.0,3.575,0
2019-01-23,3.576,3.576,3.576,3.576,0.0,3.576,0
2019-01-24,3.553,3.553,3.553,3.553,0.0,3.553,0
2019-01-25,3.598,3.598,3.598,3.598,0.0,3.598,0
2019-01-28,3.582,3.582,3.582,3.582,0.0,3.582,0
2019-01-29,3.585,3.585,3.585,3.585,0.0,3.585,0
2019-01-30,3.587,3.587,3.587,3.587,0.0,3.587,0
2019-01-31,3.588,3.588,3.588,3.588,0.0,3.588,0
2019-02-01,3.589,3.589,3.589,3.589,0.0,3.589,0
2019-02-04,3.576,3.576,3.576,3.576,0.0,3.576,0
2019-02-05,3.629,3.629,3.629,3.629,0.0,3.629,0
2019-02-06,3.626,3.626,3.626,3.626,0.0,3.626,0
2019-02-07,3.622,3.622,3.622,3.622,0.0,3.622,0
2019-02-08,3.624,3.624,3.624,3.624,0.0,3.624,0
2019-02-11,3.629,3.629,3.629,3.629,0.0,3.629,0
2019-02-12,3.637,3.637,3.637,3.637,0.0,3.637,0
2019-02-13,3.635,3.635,3.635,3.635,0.0,3.635,0
2019-02-14,3.642,3.642,3.642,3.642,0.0,3.642,0
2019-02-15,3.622,3.622,3.622,3.622,0.0,3.622,0
2019-02-19,3.613,3.613,3.613,3.613,0.0,3.613,0
2019-02-20,3.625,3.625,3.625,3.625,0.0,3.625,0
2019-02-21,3.612,3.612,3.612,3.612,0.0,3.612,0
2019-02-22,3.609,3.609,3.609,3.609,0.0,3.609,0
2019-02-25,3.601,3.601,3.601,3.601,0.0,3.601,0
2019-02-26,3.583,3.583,3.583,3.583,0.0,3.583,0
2019-02-27,3.619,3.619,3.619,3.619,0.0,3.619,0
2019-02-28,3.63,3.63,3.63,3.63,0.0,3.63,0
2019-03-01,3.629,3.629,3.629,3.629,0.0,3.629,0
2019-03-04,3.625,3.625,3.625,3.625,0.0,3.625,0
2019-03-05,3.623,3.623,3.623,3.623,0.0,3.623,0
2019-03-06,3.626,3.626,3.626,3.626,0.0,3.626,0
2019-03-07,3.631,3.631,3.631,3.631,0.0,3.631,0
2019-03-08,3.631,3.631,3.631,3.631,0.0,3.631,0
2019-03-11,3.658,3.658,3.658,3.658,0.0,3.658,0
2019-03-12,3.673,3.673,3.673,3.673,0.0,3.673,0
2019-03-13,3.682,3.682,3.682,3.682,0.0,3.682,0
2019-03-14,3.69,3.69,3.69,3.69,0.0,3.69,0
2019-03-15,3.691,3.691,3.691,3.691,0.0,3.691,0
2019-03-18,3.69,3.69,3.69,3.69,0.0,3.69,0
2019-03-19,3.691,3.691,3.691,3.691,0.0,3.691,0
2019-03-20,3.689,3.689,3.689,3.689,0.0,3.689,0
2019-03-21,3.699,3.699,3.699,3.699,0.0,3.699,0
2019-03-22,3.689,3.689,3.689,3.689,0.0,3.689,0
2019-03-25,3.688,3.688,3.688,3.688,0.0,3.688,0
2019-03-26,3.69,3.69,3.69,3.69,0.0,3.69,0
2019-03-27,3.681,3.681,3.681,3.681,0.0,3.681,0
2019-03-28,3.684,3.684,3.684,3.684,0.0,3.684,0
2019-03-29,3.683,3.683,3.683,3.683,0.0,3.683,0
2019-04-01,3.682,3.682,3.682,3.682,0.0,3.682,0
2019-04-02,3.689,3.689,3.689,3.689,0.0,3.689,0
2019-04-03,3.696,3.696,3.696,3.696,0.0,3.696,0
2019-04-04,3.727,3.727,3.727,3.727,0.0,3.727,0
2019-04-05,3.695,3.695,3.695,3.695,0.0,3.695,0
2019-04-08,3.698,3.698,3.698,3.698,0.0,3.698,0
2019-04-09,3.705,3.705,3.705,3.705,0.0,3.705,0
2019-04-10,3.683,3.683,3.683,3.683,0.0,3.683,0
2019-04-11,3.681,3.681,3.681,3.681,0.0,3.681,0
2019-04-12,3.681,3.681,3.681,3.681,0.0,3.681,0
2019-04-15,3.681,3.681,3.681,3.681,0.0,3.681,0
2019-04-16,3.682,3.682,3.682,3.682,0.0,3.682,0
2019-04-17,3.672,3.672,3.672,3.672,0.0,3.672,0
2019-04-18,3.657,3.657,3.657,3.657,0.0,3.657,0
2019-04-22,3.645,3.645,3.645,3.645,0.0,3.645,0
2019-04-23,3.64,3.64,3.64,3.64,0.0,3.64,0
2019-04-24,3.65,3.65,3.65,3.65,0.0,3.65,0
2019-04-25,3.66,3.66,3.66,3.66,0.0,3.66,0
2019-04-26,3.657,3.657,3.657,3.657,0.0,3.657,0
2019-04-29,3.664,3.664,3.664,3.664,0.0,3.664,0
2019-04-30,3.669,3.669,3.669,3.669,0.0,3.669,0
2019-05-01,3.671,3.671,3.671,3.671,0.0,3.671,0
2019-05-02,3.668,3.668,3.668,3.668,0.0,3.668,0
2019-05-03,3.681,3.681,3.681,3.681,0.0,3.681,0
2019-05-06,3.684,3.684,3.684,3.684,0.0,3.684,0
2019-05-07,3.684,3.684,3.684,3.684,0.0,3.684,0
2019-05-08,3.678,3.678,3.678,3.678,0.0,3.678,0
2019-05-09,3.685,3.685,3.685,3.685,0.0,3.685,0
2019-05-10,3.676,3.676,3.676,3.676,0.0,3.676,0
2019-05-13,3.679,3.679,3.679,3.679,0.0,3.679,0
2019-05-14,3.69,3.69,3.69,3.69,0.0,3.69,0
2019-05-15,3.708,3.708,3.708,3.708,0.0,3.708,0
2019-05-16,3.704,3.704,3.704,3.704,0.0,3.704,0
2019-05-17,3.708,3.708,3.708,3.708,0.0,3.708,0
2019-05-20,3.713,3.713,3.713,3.713,0.0,3.713,0
2019-05-21,3.716,3.716,3.716,3.716,0.0,3.716,0
2019-05-22,3.67,3.67,3.67,3.67,0.0,3.67,0
2019-05-23,3.682,3.682,3.682,3.682,0.0,3.682,0
2019-05-24,3.692,3.692,3.692,3.692,0.0,3.692,0
2019-05-28,3.733,3.733,3.733,3.733,0.0,3.733,0
2019-05-29,3.714,3.714,3.714,3.714,0.0,3.714,0
2019-05-30,3.712,3.712,3.712,3.712,0.0,3.712,0
2019-05-31,3.71,3.71,3.71,3.71,0.0,3.71,0
2019-06-03,3.698,3.698,3.698,3.698,0.0,3.698,0
2019-06-04,3.715,3.715,3.715,3.715,0.0,3.715,0
2019-06-05,3.719,3.719,3.719,3.719,0.0,3.719,0
2019-06-06,3.729,3.729,3.729,3.729,0.0,3.729,0
2019-06-07,3.73,3.73,3.73,3.73,0.0,3.73,0
2019-06-10,3.719,3.719,3.719,3.719,0.0,3.719,0
2019-06-11,3.719,3.719,3.719,3.719,0.0,3.719,0
2019-06-12,3.716,3.716,3.716,3.716,0.0,3.716,0
2019-06-13,3.717,3.717,3.717,3.717,0.0,3.717,0
2019-06-14,3.722,3.722,3.722,3.722,0.0,3.722,0
2019-06-17,3.725,3.725,3.725,3.725,0.0,3.725,0
2019-06-18,3.708,3.708,3.708,3.708,0.0,3.708,0
2019-06-19,3.709,3.709,3.709,3.709,0.0,3.709,0
2019-06-20,3.713,3.713,3.713,3.713,0.0,3.713,0
2019-06-21,3.728,3.728,3.728,3.728,0.0,3.728,0
2019-06-24,3.728,3.728,3.728,3.728,0.0,3.728,0
2019-06-25,3.727,3.727,3.727,3.727,0.0,3.727,0
2019-06-26,3.719,3.719,3.719,3.719,0.0,3.719,0
2019-06-27,3.715,3.715,3.715,3.715,0.0,3.715,0
2019-06-28,3.687,3.687,3.687,3.687,0.0,3.687,0
2019-07-01,3.68,3.68,3.68,3.68,0.0,3.68,0
2019-07-02,3.689,3.689,3.689,3.689,0.0,3.689,0
2019-07-03,3.688,3.688,3.688,3.688,0.0,3.688,0
2019-07-05,3.714,3.714,3.714,3.714,0.0,3.714,0
2019-07-08,3.71,3.71,3.71,3.71,0.0,3.71,0
2019-07-09,3.749,3.749,3.749,3.749,0.0,3.749,0
2019-07-10,3.741,3.741,3.741,3.741,0.0,3.741,0
2019-07-11,3.749,3.749,3.749,3.749,0.0,3.749,0
2019-07-12,3.757,3.757,3.757,3.757,0.0,3.757,0
2019-07-15,3.762,3.762,3.762,3.762,0.0,3.762,0
2019-07-16,3.738,3.738,3.738,3.738,0.0,3.738,0
2019-07-17,3.735,3.735,3.735,3.735,0.0,3.735,0
2019-07-18,3.754,3.754,3.754,3.754,0.0,3.754,0
2019-07-19,3.747,3.747,3.747,3.747,0.0,3.747,0
2019-07-22,3.674,3.674,3.674,3.674,0.0,3.674,0
2019-07-23,3.712,3.712,3.712,3.712,0.0,3.712,0
2019-07-24,3.705,3.705,3.705,3.705,0.0,3.705,0
2019-07-25,3.706,3.706,3.706,3.706,0.0,3.706,0
2019-07-26,3.7,3.7,3.7,3.7,0.0,3.7,0
2019-07-29,3.689,3.689,3.689,3.689,0.0,3.689,0
2019-07-30,3.692,3.692,3.692,3.692,0.0,3.692,0
2019-07-31,3.698,3.698,3.698,3.698,0.0,3.698,0
2019-08-01,3.701,3.701,3.701,3.701,0.0,3.701,0
2019-08-02,3.688,3.688,3.688,3.688,0.0,3.688,0
2019-08-05,3.686,3.686,3.686,3.686,0.0,3.686,0
2019-08-06,3.687,3.687,3.687,3.687,0.0,3.687,0
2019-08-07,3.692,3.692,3.692,3.692,0.0,3.692,0
2019-08-08,3.661,3.661,3.661,3.661,0.0,3.661,0
2019-08-09,3.65,3.65,3.65,3.65,0.0,3.65,0
2019-08-12,3.609,3.609,3.609,3.609,0.0,3.609,0
2019-08-13,3.591,3.591,3.591,3.591,0.0,3.591,0
2019-08-14,3.535,3.535,3.535,3.535,0.0,3.535,0
2019-08-15,3.535,3.535,3.535,3.535,0.0,3.535,0
2019-08-16,3.518,3.518,3.518,3.518,0.0,3.518,0
2019-08-19,3.523,3.523,3.523,3.523,0.0,3.523,0
2019-08-20,3.526,3.526,3.526,3.526,0.0,3.526,0
2019-08-21,3.531,3.531,3.531,3.531,0.0,3.531,0
2019-08-22,3.535,3.535,3.535,3.535,0.0,3.535,0
2019-08-23,3.565,3.565,3.565,3.565,0.0,3.565,0
2019-08-26,3.554,3.554,3.554,3.554,0.0,3.554,0
2019-08-27,3.574,3.574,3.574,3.574,0.0,3.574,0
2019-08-28,3.593,3.593,3.593,3.593,0.0,3.593,0
2019-08-29,3.581,3.581,3.581,3.581,0.0,3.581,0
2019-08-30,3.522,3.522,3.522,3.522,0.0,3.522,0
2019-09-03,3.536,3.536,3.536,3.536,0.0,3.536,0
2019-09-04,3.497,3.497,3.497,3.497,0.0,3.497,0
2019-09-05,3.509,3.509,3.509,3.509,0.0,3.509,0
2019-09-06,3.496,3.496,3.496,3.496,0.0,3.496,0
2019-09-09,3.467,3.467,3.467,3.467,0.0,3.467,0
2019-09-10,3.471,3.471,3.471,3.471,0.0,3.471,0
2019-09-11,3.466,3.466,3.466,3.466,0.0,3.466,0
2019-09-12,3.471,3.471,3.471,3.471,0.0,3.471,0
2019-09-13,3.436,3.436,3.436,3.436,0.0,3.436,0
2019-09-16,3.466,3.466,3.466,3.466,0.0,3.466,0
2019-09-17,3.43,3.43,3.43,3.43,0.0,3.43,0
2019-09-18,3.443,3.443,3.443,3.443,0.0,3.443,0
2019-09-19,3.437,3.437,3.437,3.437,0.0,3.437,0
2019-09-20,3.448,3.448,3.448,3.448,0.0,3.448,0
2019-09-23,3.445,3.445,3.445,3.445,0.0,3.445,0
2019-09-24,3.436,3.436,3.436,3.436,0.0,3.436,0
2019-09-25,3.435,3.435,3.435,3.435,0.0,3.435,0
2019-09-26,3.436,3.436,3.436,3.436,0.0,3.436,0
2019-09-27,3.367,3.367,3.367,3.367,0.0,3.367,0
2019-09-30,3.429,3.429,3.429,3.429,0.0,3.429,0
2019-10-01,3.378,3.378,3.378,3.378,0.0,3.378,0
2019-10-02,3.406,3.406,3.406,3.406,0.0,3.406,0
2019-10-03,3.391,3.391,3.391,3.391,0.0,3.391,0
2019-10-04,3.381,3.381,3.381,3.381,0.0,3.381,0
2019-10-07,3.385,3.385,3.385,3.385,0.0,3.385,0
2019-10-08,3.361,3.361,3.361,3.361,0.0,3.361,0
2019-10-09,3.372,3.372,3.372,3.372,0.0,3.372,0
2019-10-10,3.373,3.373,3.373,3.373,0.0,3.373,0
2019-10-11,3.384,3.384,3.384,3.384,0.0,3.384,0
2019-10-14,3.399,3.399,3.399,3.399,0.0,3.399,0
2019-10-15,3.415,3.415,3.415,3.415,0.0,3.415,0
2019-10-16,3.417,3.417,3.417,3.417,0.0,3.417,0
2019-10-17,3.414,3.414,3.414,3.414,0.0,3.414,0
2019-10-18,3.409,3.409,3.409,3.409,0.0,3.409,0
2019-10-21,3.404,3.404,3.404,3.404,0.0,3.404,0
2019-10-22,3.408,3.408,3.408,3.408,0.0,3.408,0
2019-10-23,3.402,3.402,3.402,3.402,0.0,3.402,0
2019-10-24,3.406,3.406,3.406,3.406,0.0,3.406,0
2019-10-25,3.404,3.404,3.404,3.404,0.0,3.404,0
2019-10-28,3.413,3.413,3.413,3.413,0.0,3.413,0
2019-10-29,3.429,3.429,3.429,3.429,0.0,3.429,0
2019-10-30,3.436,3.436,3.436,3.436,0.0,3.436,0
2019-10-31,3.434,3.434,3.434,3.434,0.0,3.434,0
2019-11-01,3.443,3.443,3.443,3.443,0.0,3.443,0
2019-11-04,3.379,3.379,3.379,3.379,0.0,3.379,0
2019-11-05,3.358,3.358,3.358,3.358,0.0,3.358,0
2019-11-06,3.369,3.369,3.369,3.369,0.0,3.369,0
2019-11-07,3.316,3.316,3.316,3.316,0.0,3.316,0
2019-11-08,3.323,3.323,3.323,3.323,0.0,3.323,0
2019-11-11,3.314,3.314,3.314,3.314,0.0,3.314,0
2019-11-12,3.254,3.254,3.254,3.254,0.0,3.254,0
2019-11-13,3.255,3.255,3.255,3.255,0.0,3.255,0
2019-11-14,3.242,3.242,3.242,3.242,0.0,3.242,0
2019-11-15,3.248,3.248,3.248,3.248,0.0,3.248,0
2019-11-18,3.252,3.252,3.252,3.252,0.0,3.252,0
2019-11-19,3.264,3.264,3.264,3.264,0.0,3.264,0
2019-11-20,3.276,3.276,3.276,3.276,0.0,3.276,0
2019-11-21,3.283,3.283,3.283,3.283,0.0,3.283,0
2019-11-22,3.283,3.283,3.283,3.283,0.0,3.283,0
2019-11-25,3.265,3.265,3.265,3.265,0.0,3.265,0
2019-11-26,3.259,3.259,3.259,3.259,0.0,3.259,0
2019-11-27,3.263,3.263,3.263,3.263,0.0,3.263,0
2019-11-29,3.221,3.221,3.221,3.221,0.0,3.221,0
2019-12-02,3.247,3.247,3.247,3.247,0.0,3.247,0
2019-12-03,3.216,3.216,3.216,3.216,0.0,3.216,0
2019-12-04,3.215,3.215,3.215,3.215,0.0,3.215,0
2019-12-05,3.207,3.207,3.207,3.207,0.0,3.207,0
2019-12-06,3.162,3.162,3.162,3.162,0.0,3.162,0
2019-12-09,3.134,3.134,3.134,3.134,0.0,3.134,0
2019-12-10,3.143,3.143,3.143,3.143,0.0,3.143,0
2019-12-11,3.14,3.14,3.14,3.14,0.0,3.14,0
2019-12-12,3.145,3.145,3.145,3.145,0.0,3.145,0
2019-12-13,3.128,3.128,3.128,3.128,0.0,3.128,0
2019-12-16,3.142,3.142,3.142,3.142,0.0,3.142,0
2019-12-17,3.144,3.144,3.144,3.144,0.0,3.144,0
2019-12-18,3.068,3.068,3.068,3.068,0.0,3.068,0
2019-12-19,2.967,2.967,2.967,2.967,0.0,2.967,0
2019-12-20,2.958,2.958,2.958,2.958,0.0,2.958,0
2019-12-23,2.965,2.965,2.965,2.965,0.0,2.965,0
2019-12-24,2.963,2.963,2.963,2.963,0.0,2.963,0
2019-12-26,2.951,2.951,2.951,2.951,0.0,2.951,0
2019-12-27,2.949,2.949,2.949,2.949,0.0,2.949,0
2019-12-30,2.946,2.946,2.946,2.946,0.0,2.946,0
2019-12-31,2.955,2.955,2.955,2.955,0.0,2.955,0
2020-01-02,2.95,2.95,2.95,2.95,0.0,2.95,0
2020-01-03,2.95,2.95,2.95,2.95,0.0,2.95,0
2020-01-06,2.954,2.954,2.954,2.954,0.0,2.954,0
2020-01-07,2.959,2.959,2.959,2.959,0.0,2.959,0
2020-01-08,2.962,2.962,2.962,2.962,0.0,2.962,0
2020-01-09,2.973,2.973,2.973,2.973,0.0,2.973,0
2020-01-10,2.975,2.975,2.975,2.975,0.0,2.975,0
2020-01-13,2.975,2.975,2.975,2.975,0.0,2.975,0
2020-01-14,2.974,2.974,2.974,2.974,0.0,2.974,0
2020-01-15,2.973,2.973,2.973,2.973,0.0,2.973,0
2020-01-16,2.98,2.98,2.98,2.98,0.0,2.98,0
2020-01-17,2.99,2.99,2.99,2.99,0.0,2.99,0
2020-01-21,2.98,2.98,2.98,2.98,0.0,2.98,0
2020-01-22,2.992,2.992,2.992,2.992,0.0,2.992,0
2020-01-23,2.984,2.984,2.984,2.984,0.0,2.984,0
2020-01-24,2.996,2.996,2.996,2.996,0.0,2.996,0
2020-01-27,2.955,2.955,2.955,2.955,0.0,2.955,0
2020-01-28,2.965,2.965,2.965,2.965,0.0,2.965,0
2020-01-29,2.95,2.95,2.95,2.95,0.0,2.95,0
2020-01-30,2.921,2.921,2.921,2.921,0.0,2.921,0
2020-01-31,2.922,2.922,2.922,2.922,0.0,2.922,0
2020-02-03,2.917,2.917,2.917,2.917,0.0,2.917,0
2020-02-04,2.913,2.913,2.913,2.913,0.0,2.913,0
2020-02-05,2.88,2.88,2.88,2.88,0.0,2.88,0
2020-02-06,2.884,2.884,2.884,2.884,0.0,2.884,0
2020-02-07,2.902,2.902,2.902,2.902,0.0,2.902,0
2020-02-10,2.894,2.894,2.894,2.894,0.0,2.894,0
2020-02-11,2.853,2.853,2.853,2.853,0.0,2.853,0
2020-02-12,2.86,2.86,2.86,2.86,0.0,2.86,0
2020-02-13,2.85,2.85,2.85,2.85,0.0,2.85,0
2020-02-14,2.876,2.876,2.876,2.876,0.0,2.876,0
2020-02-18,2.849,2.849,2.849,2.849,0.0,2.849,0
2020-02-19,2.895,2.895,2.895,2.895,0.0,2.895,0
2020-02-20,2.895,2.895,2.895,2.895,0.0,2.895,0
2020-02-21,2.885,2.885,2.885,2.885,0.0,2.885,0
2020-02-24,2.891,2.891,2.891,2.891,0.0,2.891,0
2020-02-25,2.894,2.894,2.894,2.894,0.0,2.894,0
2020-02-26,2.917,2.917,2.917,2.917,0.0,2.917,0
2020-02-27,2.907,2.907,2.907,2.907,0.0,2.907,0
2020-02-28,2.925,2.925,2.925,2.925,0.0,2.925,0
2020-03-02,2.98,2.98,2.98,2.98,0.0,2.98,0
2020-03-03,3.006,3.006,3.006,3.006,0.0,3.006,0
2020-03-04,2.995,2.995,2.995,2.995,0.0,2.995,0
2020-03-05,2.96,2.96,2.96,2.96,0.0,2.96,0
2020-03-06,2.973,2.973,2.973,2.973,0.0,2.973,0
2020-03-09,3.01,3.01,3.01,3.01,0.0,3.01,0
2020-03-10,3.01,3.01,3.01,3.01,0.0,3.01,0
2020-03-11,2.972,2.972,2.972,2.972,0.0,2.972,0
2020-03-12,2.922,2.922,2.922,2.922,0.0,2.922,0
2020-03-13,2.917,2.917,2.917,2.917,0.0,2.917,0
2020-03-16,2.906,2.906,2.906,2.906,0.0,2.906,0
2020-03-17,2.935,2.935,2.935,2.935,0.0,2.935,0
2020-03-18,2.941,2.941,2.941,2.941,0.0,2.941,0
2020-03-19,2.954,2.954,2.954,2.954,0.0,2.954,0
2020-03-20,2.948,2.948,2.948,2.948,0.0,2.948,0
2020-03-23,2.943,2.943,2.943,2.943,0.0,2.943,0
2020-03-24,2.9,2.9,2.9,2.9,0.0,2.9,0
2020-03-25,2.895,2.895,2.895,2.895,0.0,2.895,0
2020-03-26,2.861,2.861,2.861,2.861,0.0,2.861,0
2020-03-27,2.883,2.883,2.883,2.883,0.0,2.883,0
2020-03-30,2.891,2.891,2.891,2.891,0.0,2.891,0
2020-03-31,2.879,2.879,2.879,2.879,0.0,2.879,0
2020-04-01,2.849,2.849,2.849,2.849,0.0,2.849,0
2020-04-02,2.835,2.835,2.835,2.835,0.0,2.835,0
2020-04-03,2.819,2.819,2.819,2.819,0.0,2.819,0
2020-04-06,2.835,2.835,2.835,2.835,0.0,2.835,0
2020-04-07,2.829,2.829,2.829,2.829,0.0,2.829,0
2020-04-08,2.846,2.846,2.846,2.846,0.0,2.846,0
2020-04-09,2.812,2.812,2.812,2.812,0.0,2.812,0
2020-04-13,2.858,2.858,2.858,2.858,0.0,2.858,0
2020-04-14,2.84,2.84,2.84,2.84,0.0,2.84,0
2020-04-15,2.809,2.809,2.809,2.809,0.0,2.809,0
2020-04-16,2.814,2.814,2.814,2.814,0.0,2.814,0
2020-04-17,2.815,2.815,2.815,2.815,0.0,2.815,0
2020-04-20,2.851,2.851,2.851,2.851,0.0,2.851,0
2020-04-21,2.834,2.834,2.834,2.834,0.0,2.834,0
2020-04-22,2.862,2.862,2.862,2.862,0.0,2.862,0
2020-04-23,2.816,2.816,2.816,2.816,0.0,2.816,0
2020-04-24,2.814,2.814,2.814,2.814,0.0,2.814,0
2020-04-27,2.84,2.84,2.84,2.84,0.0,2.84,0
2020-04-28,2.832,2.832,2.832,2.832,0.0,2.832,0
2020-04-29,2.827,2.827,2.827,2.827,0.0,2.827,0
2020-04-30,2.802,2.802,2.802,2.802,0.0,2.802,0
2020-05-01,2.785,2.785,2.785,2.785,0.0,2.785,0
2020-05-04,2.756,2.756,2.756,2.756,0.0,2.756,0
2020-05-05,2.743,2.743,2.743,2.743,0.0,2.743,0
2020-05-06,2.782,2.782,2.782,2.782,0.0,2.782,0
2020-05-07,2.729,2.729,2.729,2.729,0.0,2.729,0
2020-05-08,2.718,2.718,2.718,2.718,0.0,2.718,0
2020-05-11,2.694,2.694,2.694,2.694,0.0,2.694,0
2020-05-12,2.698,2.698,2.698,2.698,0.0,2.698,0
2020-05-13,2.647,2.647,2.647,2.647,0.0,2.647,0
2020-05-14,2.621,2.621,2.621,2.621,0.0,2.621,0
2020-05-15,2.682,2.682,2.682,2.682,0.0,2.682,0
2020-05-18,2.7,2.7,2.7,2.7,0.0,2.7,0
2020-05-19,2.697,2.697,2.697,2.697,0.0,2.697,0
2020-05-20,2.644,2.644,2.644,2.644,0.0,2.644,0
2020-05-21,2.635,2.635,2.635,2.635,0.0,2.635,0
2020-05-22,2.678,2.678,2.678,2.678,0.0,2.678,0
2020-05-26,2.648,2.648,2.648,2.648,0.0,2.648,0
2020-05-27,2.776,2.776,2.776,2.776,0.0,2.776,0
2020-05-28,2.768,2.768,2.768,2.768,0.0,2.768,0
2020-05-29,2.762,2.762,2.762,2.762,0.0,2.762,0
2020-06-01,2.744,2.744,2.744,2.744,0.0,2.744,0
2020-06-02,2.749,2.749,2.749,2.749,0.0,2.749,0
2020-06-03,2.736,2.736,2.736,2.736,0.0,2.736,0
2020-06-04,2.745,2.745,2.745,2.745,0.0,2.745,0
2020-06-05,2.739,2.739,2.739,2.739,0.0,2.739,0
2020-06-08,2.753,2.753,2.753,2.753,0.0,2.753,0
2020-06-09,2.775,2.775,2.775,2.775,0.0,2.775,0
2020-06-10,2.78,2.78,2.78,2.78,0.0,2.78,0
2020-06-11,2.775,2.775,2.775,2.775,0.0,2.775,0
2020-06-12,2.764,2.764,2.764,2.764,0.0,2.764,0
2020-06-15,2.791,2.791,2.791,2.791,0.0,2.791,0
2020-06-16,2.798,2.798,2.798,2.798,0.0,2.798,0
2020-06-17,2.793,2.793,2.793,2.793,0.0,2.793,0
2020-06-18,2.792,2.792,2.792,2.792,0.0,2.792,0
2020-06-19,2.775,2.775,2.775,2.775,0.0,2.775,0
2020-06-22,2.763,2.763,2.763,2.763,0.0,2.763,0
2020-06-23,2.762,2.762,2.762,2.762,0.0,2.762,0
2020-06-24,2.809,2.809,2.809,2.809,0.0,2.809,0
2020-06-25,2.862,2.862,2.862,2.862,0.0,2.862,0
2020-06-26,2.889,2.889,2.889,2.889,0.0,2.889,0
2020-06-29,2.887,2.887,2.887,2.887,0.0,2.887,0
2020-06-30,2.887,2.887,2.887,2.887,0.0,2.887,0
2020-07-01,2.9,2.9,2.9,2.9,0.0,2.9,0
2020-07-02,2.944,2.944,2.944,2.944,0.0,2.944,0
2020-07-06,2.923,2.923,2.923,2.923,0.0,2.923,0
2020-07-07,2.896,2.896,2.896,2.896,0.0,2.896,0
2020-07-08,2.919,2.919,2.919,2.919,0.0,2.919,0
2020-07-09,2.904,2.904,2.904,2.904,0.0,2.904,0
2020-07-10,2.886,2.886,2.886,2.886,0.0,2.886,0
2020-07-13,2.882,2.882,2.882,2.882,0.0,2.882,0
2020-07-14,2.881,2.881,2.881,2.881,0.0,2.881,0
2020-07-15,2.891,2.891,2.891,2.891,0.0,2.891,0
2020-07-16,2.884,2.884,2.884,2.884,0.0,2.884,0
2020-07-17,2.881,2.881,2.881,2.881,0.0,2.881,0
2020-07-20,2.872,2.872,2.872,2.872,0.0,2.872,0
2020-07-21,2.893,2.893,2.893,2.893,0.0,2.893,0
2020-07-22,2.902,2.902,2.902,2.902,0.0,2.902,0
2020-07-23,2.986,2.986,2.986,2.986,0.0,2.986,0
2020-07-24,2.925,2.925,2.925,2.925,0.0,2.925,0
2020-07-27,3.001,3.001,3.001,3.001,0.0,3.001,0
2020-07-28,2.998,2.998,2.998,2.998,0.0,2.998,0
2020-07-29,3.003,3.003,3.003,3.003,0.0,3.003,0
2020-07-30,3.045,3.045,3.045,3.045,0.0,3.045,0
2020-07-31,3.145,3.145,3.145,3.145,0.0,3.145,0
2020-08-03,3.192,3.192,3.192,3.192,0.0,3.192,0
2020-08-04,3.186,3.186,3.186,3.186,0.0,3.186,0
2020-08-05,3.219,3.219,3.219,3.219,0.0,3.219,0
2020-08-06,3.244,3.244,3.244,3.244,0.0,3.244,0
2020-08-07,3.306,3.306,3.306,3.306,0.0,3.306,0
2020-08-10,3.274,3.274,3.274,3.274,0.0,3.274,0
2020-08-11,3.189,3.189,3.189,3.189,0.0,3.189,0
2020-08-12,3.166,3.166,3.166,3.166,0.0,3.166,0
2020-08-13,3.186,3.186,3.186,3.186,0.0,3.186,0
2020-08-14,3.172,3.172,3.172,3.172,0.0,3.172,0
2020-08-17,3.172,3.172,3.172,3.172,0.0,3.172,0
2020-08-18,3.167,3.167,3.167,3.167,0.0,3.167,0
2020-08-19,3.162,3.162,3.162,3.162,0.0,3.162,0
2020-08-20,3.16,3.16,3.16,3.16,0.0,3.16,0
2020-08-21,3.155,3.155,3.155,3.155,0.0,3.155,0
2020-08-24,3.15,3.15,3.15,3.15,0.0,3.15,0
2020-08-25,3.143,3.143,3.143,3.143,0.0,3.143,0
2020-08-26,3.171,3.171,3.171,3.171,0.0,3.171,0
2020-08-27,3.18,3.18,3.18,3.18,0.0,3.18,0
2020-08-28,3.168,3.168,3.168,3.168,0.0,3.168,0
2020-08-31,3.142,3.142,3.142,3.142,0.0,3.142,0
2020-09-01,3.14,3.14,3.14,3.14,0.0,3.14,0
2020-09-02,3.134,3.134,3.134,3.134,0.0,3.134,0
2020-09-03,3.131,3.131,3.131,3.131,0.0,3.131,0
2020-09-04,3.057,3.057,3.057,3.057,0.0,3.057,0
2020-09-08,3.058,3.058,3.058,3.058,0.0,3.058,0
2020-09-09,3.044,3.044,3.044,3.044,0.0,3.044,0
2020-09-10,3.026,3.026,3.026,3.026,0.0,3.026,0
2020-09-11,3.003,3.003,3.003,3.003,0.0,3.003,0
2020-09-14,2.976,2.976,2.976,2.976,0.0,2.976,0
2020-09-15,2.983,2.983,2.983,2.983,0.0,2.983,0
2020-09-16,2.838,2.838,2.838,2.838,0.0,2.838,0
2020-09-17,2.826,2.826,2.826,2.826,0.0,2.826,0
2020-09-18,2.847,2.847,2.847,2.847,0.0,2.847,0
2020-09-21,2.818,2.818,2.818,2.818,0.0,2.818,0
2020-09-22,2.857,2.857,2.857,2.857,0.0,2.857,0
2020-09-23,2.897,2.897,2.897,2.897,0.0,2.897,0
2020-09-24,2.923,2.923,2.923,2.923,0.0,2.923,0
2020-09-25,2.942,2.942,2.942,2.942,0.0,2.942,0
2020-09-28,2.95,2.95,2.95,2.95,0.0,2.95,0
2020-09-29,2.921,2.921,2.921,2.921,0.0,2.921,0
2020-09-30,2.902,2.902,2.902,2.902,0.0,2.902,0
2020-10-01,2.882,2.882,2.882,2.882,0.0,2.882,0
2020-10-02,2.879,2.879,2.879,2.879,0.0,2.879,0
2020-10-05,2.857,2.857,2.857,2.857,0.0,2.857,0
2020-10-06,2.864,2.864,2.864,2.864,0.0,2.864,0
2020-10-07,2.887,2.887,2.887,2.887,0.0,2.887,0
2020-10-08,2.862,2.862,2.862,2.862,0.0,2.862,0
2020-10-09,2.892,2.892,2.892,2.892,0.0,2.892,0
2020-10-12,2.878,2.878,2.878,2.878,0.0,2.878,0
2020-10-13,2.858,2.858,2.858,2.858,0.0,2.858,0
2020-10-14,2.885,2.885,2.885,2.885,0.0,2.885,0
2020-10-15,2.871,2.871,2.871,2.871,0.0,2.871,0
2020-10-16,2.874,2.874,2.874,2.874,0.0,2.874,0
2020-10-19,2.917,2.917,2.917,2.917,0.0,2.917,0
2020-10-20,2.858,2.858,2.858,2.858,0.0,2.858,0
2020-10-21,2.879,2.879,2.879,2.879,0.0,2.879,0
2020-10-22,2.881,2.881,2.881,2.881,0.0,2.881,0
2020-10-23,2.943,2.943,2.943,2.943,0.0,2.943,0
2020-10-26,2.856,2.856,2.856,2.856,0.0,2.856,0
2020-10-27,2.89,2.89,2.89,2.89,0.0,2.89,0
2020-10-28,2.94,2.94,2.94,2.94,0.0,2.94,0
2020-10-29,2.952,2.952,2.952,2.952,0.0,2.952,0
2020-10-30,2.969,2.969,2.969,2.969,0.0,2.969,0
2020-11-02,2.862,2.862,2.862,2.862,0.0,2.862,0
2020-11-03,2.951,2.951,2.951,2.951,0.0,2.951,0
2020-11-04,2.948,2.948,2.948,2.948,0.0,2.948,0
2020-11-05,2.943,2.943,2.943,2.943,0.0,2.943,0
2020-11-06,2.933,2.933,2.933,2.933,0.0,2.933,0
2020-11-09,2.929,2.929,2.929,2.929,0.0,2.929,0
2020-11-10,2.939,2.939,2.939,2.939,0.0,2.939,0
2020-11-11,2.954,2.954,2.954,2.954,0.0,2.954,0
2020-11-12,2.951,2.951,2.951,2.951,0.0,2.951,0
2020-11-13,2.825,2.825,2.825,2.825,0.0,2.825,0
2020-11-16,2.822,2.822,2.822,2.822,0.0,2.822,0
2020-11-17,2.839,2.839,2.839,2.839,0.0,2.839,0
2020-11-18,2.863,2.863,2.863,2.863,0.0,2.863,0
2020-11-19,2.863,2.863,2.863,2.863,0.0,2.863,0
2020-11-20,2.856,2.856,2.856,2.856,0.0,2.856,0
2020-11-23,2.85,2.85,2.85,2.85,0.0,2.85,0
2020-11-24,2.852,2.852,2.852,2.852,0.0,2.852,0
2020-11-25,2.835,2.835,2.835,2.835,0.0,2.835,0
2020-11-27,2.831,2.831,2.831,2.831,0.0,2.831,0
2020-11-30,2.817,2.817,2.817,2.817,0.0,2.817,0
2020-12-01,2.879,2.879,2.879,2.879,0.0,2.879,0
2020-12-02,2.924,2.924,2.924,2.924,0.0,2.924,0
2020-12-03,2.896,2.896,2.896,2.896,0.0,2.896,0
2020-12-04,2.936,2.936,2.936,2.936,0.0,2.936,0
2020-12-07,2.907,2.907,2.907,2.907,0.0,2.907,0
2020-12-08,2.895,2.895,2.895,2.895,0.0,2.895,0
2020-12-09,2.905,2.905,2.905,2.905,0.0,2.905,0
2020-12-10,2.91,2.91,2.91,2.91,0.0,2.91,0
2020-12-11,2.929,2.929,2.929,2.929,0.0,2.929,0
2020-12-14,2.923,2.923,2.923,2.923,0.0,2.923,0
2020-12-15,2.908,2.908,2.908,2.908,0.0,2.908,0
2020-12-16,2.92,2.92,2.92,2.92,0.0,2.92,0
2020-12-17,2.908,2.908,2.908,2.908,0.0,2.908,0
2020-12-18,2.922,2.922,2.922,2.922,0.0,2.922,0
2020-12-21,2.893,2.893,2.893,2.893,0.0,2.893,0
2020-12-22,2.938,2.938,2.938,2.938,0.0,2.938,0
2020-12-23,2.933,2.933,2.933,2.933,0.0,2.933,0
2020-12-24,2.945,2.945,2.945,2.945,0.0,2.945,0
2020-12-28,2.864,2.864,2.864,2.864,0.0,2.864,0
2020-12-29,2.933,2.933,2.933,2.933,0.0,2.933,0
2020-12-30,2.904,2.904,2.904,2.904,0.0,2.904,0
2020-12-31,2.906,2.906,2.906,2.906,0.0,2.906,0
2021-01-04,2.914,2.914,2.914,2.914,0.0,2.914,0
2021-01-05,2.929,2.929,2.929,2.929,0.0,2.929,0
2021-01-06,2.962,2.962,2.962,2.962,0.0,2.962,0
2021-01-07,2.93,2.93,2.93,2.93,0.0,2.93,0
2021-01-08,2.914,2.914,2.914,2.914,0.0,2.914,0
2021-01-11,2.917,2.917,2.917,2.917,0.0,2.917,0
2021-01-12,2.924,2.924,2.924,2.924,0.0,2.924,0
2021-01-13,2.955,2.955,2.955,2.955,0.0,2.955,0
2021-01-14,2.903,2.903,2.903,2.903,0.0,2.903,0
2021-01-15,2.939,2.939,2.939,2.939,0.0,2.939,0
2021-01-19,2.985,2.985,2.985,2.985,0.0,2.985,0
2021-01-20,2.999,2.999,2.999,2.999,0.0,2.999,0
2021-01-21,3.04,3.04,3.04,3.04,0.0,3.04,0
2021-01-22,3.04,3.04,3.04,3.04,0.0,3.04,0
2021-01-25,2.997,2.997,2.997,2.997,0.0,2.997,0
2021-01-26,3.026,3.026,3.026,3.026,0.0,3.026,0
2021-01-27,3.041,3.041,3.041,3.041,0.0,3.041,0
2021-01-28,3.04,3.04,3.04,3.04,0.0,3.04,0
2021-01-29,2.984,2.984,2.984,2.984,0.0,2.984,0
2021-02-01,2.988,2.988,2.988,2.988,0.0,2.988,0
2021-02-02,2.984,2.984,2.984,2.984,0.0,2.984,0
2021-02-03,2.965,2.965,2.965,2.965,0.0,2.965,0
2021-02-04,2.941,2.941,2.941,2.941,0.0,2.941,0
2021-02-05,2.95,2.95,2.95,2.95,0.0,2.95,0
2021-02-08,2.97,2.97,2.97,2.97,0.0,2.97,0
2021-02-09,2.97,2.97,2.97,2.97,0.0,2.97,0
2021-02-10,2.975,2.975,2.975,2.975,0.0,2.975,0
2021-02-11,2.962,2.962,2.962,2.962,0.0,2.962,0
2021-02-12,2.956,2.956,2.956,2.956,0.0,2.956,0
2021-02-16,2.973,2.973,2.973,2.973,0.0,2.973,0
2021-02-17,2.968,2.968,2.968,2.968,0.0,2.968,0
2021-02-18,2.958,2.958,2.958,2.958,0.0,2.958,0
2021-02-19,2.954,2.954,2.954,2.954,0.0,2.954,0
2021-02-22,2.956,2.956,2.956,2.956,0.0,2.956,0
2021-02-23,2.961,2.961,2.961,2.961,0.0,2.961,0
2021-02-24,2.955,2.955,2.955,2.955,0.0,2.955,0
2021-02-25,2.904,2.904,2.904,2.904,0.0,2.904,0
2021-02-26,2.924,2.924,2.924,2.924,0.0,2.924,0
2021-03-01,2.942,2.942,2.942,2.942,0.0,2.942,0
2021-03-02,2.941,2.941,2.941,2.941,0.0,2.941,0
2021-03-03,2.916,2.916,2.916,2.916,0.0,2.916,0
2021-03-04,2.874,2.874,2.874,2.874,0.0,2.874,0
2021-03-05,2.88,2.88,2.88,2.88,0.0,2.88,0
2021-03-08,2.898,2.898,2.898,2.898,0.0,2.898,0
2021-03-09,2.905,2.905,2.905,2.905,0.0,2.905,0
2021-03-10,2.903,2.903,2.903,2.903,0.0,2.903,0
2021-03-11,2.9,2.9,2.9,2.9,0.0,2.9,0
2021-03-12,2.917,2.917,2.917,2.917,0.0,2.917,0
2021-03-15,2.89,2.89,2.89,2.89,0.0,2.89,0
2021-03-16,2.922,2.922,2.922,2.922,0.0,2.922,0
2021-03-17,2.903,2.903,2.903,2.903,0.0,2.903,0
2021-03-18,2.917,2.917,2.917,2.917,0.0,2.917,0
2021-03-19,2.923,2.923,2.923,2.923,0.0,2.923,0
2021-03-22,2.919,2.919,2.919,2.919,0.0,2.919,0
2021-03-23,2.933,2.933,2.933,2.933,0.0,2.933,0
2021-03-24,2.936,2.936,2.936,2.936,0.0,2.936,0
2021-03-25,2.936,2.936,2.936,2.936,0.0,2.936,0
2021-03-26,2.938,2.938,2.938,2.938,0.0,2.938,0
2021-03-29,2.982,2.982,2.982,2.982,0.0,2.982,0
2021-03-30,2.993,2.993,2.993,2.993,0.0,2.993,0
2021-03-31,2.989,2.989,2.989,2.989,0.0,2.989,0
2021-04-01,3.018,3.018,3.018,3.018,0.0,3.018,0
2021-04-05,3.005,3.005,3.005,3.005,0.0,3.005,0
2021-04-06,2.982,2.982,2.982,2.982,0.0,2.982,0
2021-04-07,2.985,2.985,2.985,2.985,0.0,2.985,0
2021-04-08,2.985,2.985,2.985,2.985,0.0,2.985,0
2021-04-09,3.019,3.019,3.019,3.019,0.0,3.019,0
2021-04-12,3.028,3.028,3.028,3.028,0.0,3.028,0
2021-04-13,3.011,3.011,3.011,3.011,0.0,3.011,0
2021-04-14,3.02,3.02,3.02,3.02,0.0,3.02,0
2021-04-15,2.998,2.998,2.998,2.998,0.0,2.998,0
2021-04-16,3.011,3.011,3.011,3.011,0.0,3.011,0
2021-04-19,3.005,3.005,3.005,3.005,0.0,3.005,0
2021-04-20,2.95,2.95,2.95,2.95,0.0,2.95,0
2021-04-21,2.935,2.935,2.935,2.935,0.0,2.935,0
2021-04-22,2.916,2.916,2.916,2.916,0.0,2.916,0
2021-04-23,2.924,2.924,2.924,2.924,0.0,2.924,0
2021-04-26,2.91,2.91,2.91,2.91,0.0,2.91,0
2021-04-27,2.889,2.889,2.889,2.889,0.0,2.889,0
2021-04-28,2.901,2.901,2.901,2.901,0.0,2.901,0
2021-04-29,2.903,2.903,2.903,2.903,0.0,2.903,0
2021-04-30,2.958,2.958,2.958,2.958,0.0,2.958,0
2021-05-03,2.961,2.961,2.961,2.961,0.0,2.961,0
2021-05-04,2.97,2.97,2.97,2.97,0.0,2.97,0
2021-05-05,2.972,2.972,2.972,2.972,0.0,2.972,0
2021-05-06,2.962,2.962,2.962,2.962,0.0,2.962,0
2021-05-07,2.969,2.969,2.969,2.969,0.0,2.969,0
2021-05-10,2.972,2.972,2.972,2.972,0.0,2.972,0
2021-05-11,2.969,2.969,2.969,2.969,0.0,2.969,0
2021-05-12,2.968,2.968,2.968,2.968,0.0,2.968,0
2021-05-13,2.958,2.958,2.958,2.958,0.0,2.958,0
2021-05-14,2.954,2.954,2.954,2.954,0.0,2.954,0
2021-05-17,2.958,2.958,2.958,2.958,0.0,2.958,0
2021-05-18,2.927,2.927,2.927,2.927,0.0,2.927,0
2021-05-19,2.931,2.931,2.931,2.931,0.0,2.931,0
2021-05-20,2.936,2.936,2.936,2.936,0.0,2.936,0
2021-05-21,2.948,2.948,2.948,2.948,0.0,2.948,0
2021-05-24,2.942,2.942,2.942,2.942,0.0,2.942,0
2021-05-25,2.953,2.953,2.953,2.953,0.0,2.953,0
2021-05-26,2.922,2.922,2.922,2.922,0.0,2.922,0
2021-05-27,2.919,2.919,2.919,2.919,0.0,2.919,0
2021-05-28,2.937,2.937,2.937,2.937,0.0,2.937,0
2021-06-01,2.919,2.919,2.919,2.919,0.0,2.919,0
2021-06-02,2.929,2.929,2.929,2.929,0.0,2.929,0
2021-06-03,2.911,2.911,2.911,2.911,0.0,2.911,0
2021-06-04,2.962,2.962,2.962,2.962,0.0,2.962,0
2021-06-07,2.933,2.933,2.933,2.933,0.0,2.933,0
2021-06-08,2.939,2.939,2.939,2.939,0.0,2.939,0
2021-06-09,2.946,2.946,2.946,2.946,0.0,2.946,0
2021-06-10,2.935,2.935,2.935,2.935,0.0,2.935,0
2021-06-11,2.934,2.934,2.934,2.934,0.0,2.934,0
2021-06-14,2.943,2.943,2.943,2.943,0.0,2.943,0
2021-06-15,2.928,2.928,2.928,2.928,0.0,2.928,0
2021-06-16,2.981,2.981,2.981,2.981,0.0,2.981,0
2021-06-17,2.986,2.986,2.986,2.986,0.0,2.986,0
2021-06-18,2.995,2.995,2.995,2.995,0.0,2.995,0
2021-06-21,2.992,2.992,2.992,2.992,0.0,2.992,0
2021-06-22,2.992,2.992,2.992,2.992,0.0,2.992,0
2021-06-23,2.993,2.993,2.993,2.993,0.0,2.993,0
2021-06-24,2.981,2.981,2.981,2.981,0.0,2.981,0
2021-06-25,3.042,3.042,3.042,3.042,0.0,3.042,0
2021-06-28,3.052,3.052,3.052,3.052,0.0,3.052,0
2021-06-29,3.08,3.08,3.08,3.08,0.0,3.08,0
2021-06-30,3.091,3.091,3.091,3.091,0.0,3.091,0
2021-07-01,3.079,3.079,3.079,3.079,0.0,3.079,0
2021-07-02,3.071,3.071,3.071,3.071,0.0,3.071,0
2021-07-06,3.063,3.063,3.063,3.063,0.0,3.063,0
2021-07-07,3.075,3.075,3.075,3.075,0.0,3.075,0
2021-07-08,3.087,3.087,3.087,3.087,0.0,3.087,0
2021-07-09,3.093,3.093,3.093,3.093,0.0,3.093,0
2021-07-12,3.098,3.098,3.098,3.098,0.0,3.098,0
2021-07-13,3.097,3.097,3.097,3.097,0.0,3.097,0
2021-07-14,3.09,3.09,3.09,3.09,0.0,3.09,0
2021-07-15,3.098,3.098,3.098,3.098,0.0,3.098,0
2021-07-16,3.114,3.114,3.114,3.114,0.0,3.114,0
2021-07-19,3.124,3.124,3.124,3.124,0.0,3.124,0
2021-07-20,3.126,3.126,3.126,3.126,0.0,3.126,0
2021-07-21,3.181,3.181,3.181,3.181,0.0,3.181,0
2021-07-22,3.183,3.183,3.183,3.183,0.0,3.183,0
2021-07-23,3.199,3.199,3.199,3.199,0.0,3.199,0
2021-07-26,3.207,3.207,3.207,3.207,0.0,3.207,0
2021-07-27,3.177,3.177,3.177,3.177,0.0,3.177,0
2021-07-28,3.169,3.169,3.169,3.169,0.0,3.169,0
2021-07-29,3.144,3.144,3.144,3.144,0.0,3.144,0
2021-07-30,3.188,3.188,3.188,3.188,0.0,3.188,0
2021-08-02,3.202,3.202,3.202,3.202,0.0,3.202,0
2021-08-03,3.194,3.194,3.194,3.194,0.0,3.194,0
2021-08-04,3.204,3.204,3.204,3.204,0.0,3.204,0
2021-08-05,3.169,3.169,3.169,3.169,0.0,3.169,0
2021-08-06,3.178,3.178,3.178,3.178,0.0,3.178,0
2021-08-09,3.194,3.194,3.194,3.194,0.0,3.194,0
2021-08-10,3.191,3.191,3.191,3.191,0.0,3.191,0
2021-08-11,3.206,3.206,3.206,3.206,0.0,3.206,0
2021-08-12,3.287,3.287,3.287,3.287,0.0,3.287,0
2021-08-13,3.254,3.254,3.254,3.254,0.0,3.254,0
2021-08-16,3.266,3.266,3.266,3.266,0.0,3.266,0
2021-08-17,3.279,3.279,3.279,3.279,0.0,3.279,0
2021-08-18,3.277,3.277,3.277,3.277,0.0,3.277,0
2021-08-19,3.288,3.288,3.288,3.288,0.0,3.288,0
2021-08-20,3.287,3.287,3.287,3.287,0.0,3.287,0
2021-08-23,3.289,3.289,3.289,3.289,0.0,3.289,0
2021-08-24,3.285,3.285,3.285,3.285,0.0,3.285,0
2021-08-25,3.302,3.302,3.302,3.302,0.0,3.302,0
2021-08-26,3.353,3.353,3.353,3.353,0.0,3.353,0
2021-08-27,3.4,3.4,3.4,3.4,0.0,3.4,0
2021-08-30,3.403,3.403,3.403,3.403,0.0,3.403,0
2021-08-31,3.392,3.392,3.392,3.392,0.0,3.392,0
2021-09-01,3.401,3.401,3.401,3.401,0.0,3.401,0
2021-09-02,3.401,3.401,3.401,3.401,0.0,3.401,0
2021-09-03,3.462,3.462,3.462,3.462,0.0,3.462,0
2021-09-07,3.512,3.512,3.512,3.512,0.0,3.512,0
2021-09-08,3.564,3.564,3.564,3.564,0.0,3.564,0
2021-09-09,3.759,3.759,3.759,3.759,0.0,3.759,0
2021-09-10,3.741,3.741,3.741,3.741,0.0,3.741,0
2021-09-13,3.756,3.756,3.756,3.756,0.0,3.756,0
2021-09-14,3.729,3.729,3.729,3.729,0.0,3.729,0
2021-09-15,3.751,3.751,3.751,3.751,0.0,3.751,0
2021-09-16,3.754,3.754,3.754,3.754,0.0,3.754,0
2021-09-17,3.747,3.747,3.747,3.747,0.0,3.747,0
2021-09-20,3.783,3.783,3.783,3.783,0.0,3.783,0
2021-09-21,3.8,3.8,3.8,3.8,0.0,3.8,0
2021-09-22,3.817,3.817,3.817,3.817,0.0,3.817,0
2021-09-23,3.824,3.824,3.824,3.824,0.0,3.824,0
2021-09-24,3.695,3.695,3.695,3.695,0.0,3.695,0
2021-09-27,3.608,3.608,3.608,3.608,0.0,3.608,0
2021-09-28,3.501,3.501,3.501,3.501,0.0,3.501,0
2021-09-29,3.467,3.467,3.467,3.467,0.0,3.467,0
2021-09-30,3.464,3.464,3.464,3.464,0.0,3.464,0
2021-10-01,3.454,3.454,3.454,3.454,0.0,3.454,0
2021-10-04,3.451,3.451,3.451,3.451,0.0,3.451,0
2021-10-05,3.466,3.466,3.466,3.466,0.0,3.466,0
2021-10-06,3.481,3.481,3.481,3.481,0.0,3.481,0
2021-10-07,3.481,3.481,3.481,3.481,0.0,3.481,0
2021-10-08,3.522,3.522,3.522,3.522,0.0,3.522,0
2021-10-11,3.498,3.498,3.498,3.498,0.0,3.498,0
2021-10-12,3.5,3.5,3.5,3.5,0.0,3.5,0
2021-10-13,3.505,3.505,3.505,3.505,0.0,3.505,0
2021-10-14,3.54,3.54,3.54,3.54,0.0,3.54,0
2021-10-15,3.551,3.551,3.551,3.551,0.0,3.551,0
2021-10-18,3.557,3.557,3.557,3.557,0.0,3.557,0
2021-10-19,3.554,3.554,3.554,3.554,0.0,3.554,0
2021-10-20,3.557,3.557,3.557,3.557,0.0,3.557,0
2021-10-21,3.553,3.553,3.553,3.553,0.0,3.553,0
2021-10-22,3.558,3.558,3.558,3.558,0.0,3.558,0
2021-10-25,3.601,3.601,3.601,3.601,0.0,3.601,0
2021-10-26,3.579,3.579,3.579,3.579,0.0,3.579,0
2021-10-27,3.516,3.516,3.516,3.516,0.0,3.516,0
2021-10-28,3.522,3.522,3.522,3.522,0.0,3.522,0
2021-10-29,3.473,3.473,3.473,3.473,0.0,3.473,0
2021-11-01,3.368,3.368,3.368,3.368,0.0,3.368,0
2021-11-02,3.429,3.429,3.429,3.429,0.0,3.429,0
2021-11-03,3.423,3.423,3.423,3.423,0.0,3.423,0
2021-11-04,3.447,3.447,3.447,3.447,0.0,3.447,0
2021-11-05,3.487,3.487,3.487,3.487,0.0,3.487,0
2021-11-08,3.59,3.59,3.59,3.59,0.0,3.59,0
2021-11-09,3.586,3.586,3.586,3.586,0.0,3.586,0
2021-11-10,3.612,3.612,3.612,3.612,0.0,3.612,0
2021-11-11,3.629,3.629,3.629,3.629,0.0,3.629,0
2021-11-12,3.56,3.56,3.56,3.56,0.0,3.56,0
2021-11-15,3.573,3.573,3.573,3.573,0.0,3.573,0
2021-11-16,3.644,3.644,3.644,3.644,0.0,3.644,0
2021-11-17,3.575,3.575,3.575,3.575,0.0,3.575,0
2021-11-18,3.563,3.563,3.563,3.563,0.0,3.563,0
2021-11-19,3.527,3.527,3.527,3.527,0.0,3.527,0
2021-11-22,3.509,3.509,3.509,3.509,0.0,3.509,0
2021-11-23,3.556,3.556,3.556,3.556,0.0,3.556,0
2021-11-24,3.554,3.554,3.554,3.554,0.0,3.554,0
2021-11-26,3.593,3.593,3.593,3.593,0.0,3.593,0
2021-11-29,3.585,3.585,3.585,3.585,0.0,3.585,0
2021-11-30,3.558,3.558,3.558,3.558,0.0,3.558,0
2021-12-01,3.566,3.566,3.566,3.566,0.0,3.566,0
2021-12-02,3.57,3.57,3.57,3.57,0.0,3.57,0
2021-12-03,3.58,3.58,3.58,3.58,0.0,3.58,0
2021-12-06,3.552,3.552,3.552,3.552,0.0,3.552,0
2021-12-07,3.556,3.556,3.556,3.556,0.0,3.556,0
2021-12-08,3.45,3.45,3.45,3.45,0.0,3.45,0
2021-12-09,3.367,3.367,3.367,3.367,0.0,3.367,0
2021-12-10,3.368,3.368,3.368,3.368,0.0,3.368,0
2021-12-13,3.272,3.272,3.272,3.272,0.0,3.272,0
2021-12-14,3.391,3.391,3.391,3.391,0.0,3.391,0
2021-12-15,3.588,3.588,3.588,3.588,0.0,3.588,0
2021-12-16,3.553,3.553,3.553,3.553,0.0,3.553,0
2021-12-17,3.566,3.566,3.566,3.566,0.0,3.566,0
2021-12-20,3.581,3.581,3.581,3.581,0.0,3.581,0
2021-12-21,3.565,3.565,3.565,3.565,0.0,3.565,0
2021-12-22,3.566,3.566,3.566,3.566,0.0,3.566,0
2021-12-23,3.529,3.529,3.529,3.529,0.0,3.529,0
2021-12-27,3.515,3.515,3.515,3.515,0.0,3.515,0
2021-12-28,3.538,3.538,3.538,3.538,0.0,3.538,0
2021-12-29,3.56,3.56,3.56,3.56,0.0,3.56,0
2021-12-30,3.548,3.548,3.548,3.548,0.0,3.548,0
2021-12-31,3.62,3.62,3.62,3.62,0.0,3.62,0
2022-01-03,3.587,3.587,3.587,3.587,0.0,3.587,0
2022-01-04,3.586,3.586,3.586,3.586,0.0,3.586,0
2022-01-05,3.561,3.561,3.561,3.561,0.0,3.561,0
2022-01-06,3.575,3.575,3.575,3.575,0.0,3.575,0
2022-01-07,3.608,3.608,3.608,3.608,0.0,3.608,0
2022-01-10,3.613,3.613,3.613,3.613,0.0,3.613,0
2022-01-11,3.602,3.602,3.602,3.602,0.0,3.602,0
2022-01-12,3.577,3.577,3.577,3.577,0.0,3.577,0
2022-01-13,3.58,3.58,3.58,3.58,0.0,3.58,0
2022-01-14,3.556,3.556,3.556,3.556,0.0,3.556,0
2022-01-18,3.575,3.575,3.575,3.575,0.0,3.575,0
2022-01-19,3.622,3.622,3.622,3.622,0.0,3.622,0
2022-01-20,3.625,3.625,3.625,3.625,0.0,3.625,0
2022-01-21,3.613,3.613,3.613,3.613,0.0,3.613,0
2022-01-24,3.602,3.602,3.602,3.602,0.0,3.602,0
2022-01-25,3.622,3.622,3.622,3.622,0.0,3.622,0
2022-01-26,3.623,3.623,3.623,3.623,0.0,3.623,0
2022-01-27,3.608,3.608,3.608,3.608,0.0,3.608,0
2022-01-28,3.601,3.601,3.601,3.601,0.0,3.601,0
2022-01-31,3.566,3.566,3.566,3.566,0.0,3.566,0
2022-02-01,3.551,3.551,3.551,3.551,0.0,3.551,0
2022-02-02,3.57,3.57,3.57,3.57,0.0,3.57,0
2022-02-03,3.561,3.561,3.561,3.561,0.0,3.561,0
2022-02-04,3.591,3.591,3.591,3.591,0.0,3.591,0
2022-02-07,3.607,3.607,3.607,3.607,0.0,3.607,0
2022-02-08,3.599,3.599,3.599,3.599,0.0,3.599,0
2022-02-09,3.594,3.594,3.594,3.594,0.0,3.594,0
2022-02-10,3.601,3.601,3.601,3.601,0.0,3.601,0
2022-02-11,3.641,3.641,3.641,3.641,0.0,3.641,0
2022-02-14,3.682,3.682,3.682,3.682,0.0,3.682,0
2022-02-15,3.67,3.67,3.67,3.67,0.0,3.67,0
2022-02-16,3.699,3.699,3.699,3.699,0.0,3.699,0
2022-02-17,3.692,3.692,3.692,3.692,0.0,3.692,0
2022-02-18,3.692,3.692,3.692,3.692,0.0,3.692,0
2022-02-22,3.737,3.737,3.737,3.737,0.0,3.737,0
2022-02-23,3.823,3.823,3.823,3.823,0.0,3.823,0
2022-02-24,3.866,3.866,3.866,3.866,0.0,3.866,0
2022-02-25,3.783,3.783,3.783,3.783,0.0,3.783,0
2022-02-28,3.86,3.86,3.86,3.86,0.0,3.86,0
2022-03-01,3.931,3.931,3.931,3.931,0.0,3.931,0
2022-03-02,3.998,3.998,3.998,3.998,0.0,3.998,0
2022-03-03,3.941,3.941,3.941,3.941,0.0,3.941,0
2022-03-04,3.994,3.994,3.994,3.994,0.0,3.994,0
2022-03-07,4.222,4.222,4.222,4.222,0.0,4.222,0
2022-03-08,4.299,4.299,4.299,4.299,0.0,4.299,0
2022-03-09,4.278,4.278,4.278,4.278,0.0,4.278,0
2022-03-10,4.194,4.194,4.194,4.194,0.0,4.194,0
2022-03-11,4.175,4.175,4.175,4.175,0.0,4.175,0
2022-03-14,4.218,4.218,4.218,4.218,0.0,4.218,0
2022-03-15,4.2,4.2,4.2,4.2,0.0,4.2,0
2022-03-16,4.211,4.211,4.211,4.211,0.0,4.211,0
2022-03-17,4.228,4.228,4.228,4.228,0.0,4.228,0
2022-03-18,4.18,4.18,4.18,4.18,0.0,4.18,0
2022-03-21,4.166,4.166,4.166,4.166,0.0,4.166,0
2022-03-22,4.177,4.177,4.177,4.177,0.0,4.177,0
2022-03-23,4.188,4.188,4.188,4.188,0.0,4.188,0
2022-03-24,4.214,4.214,4.214,4.214,0.0,4.214,0
2022-03-25,4.26,4.26,4.26,4.26,0.0,4.26,0
2022-03-28,4.352,4.352,4.352,4.352,0.0,4.352,0
2022-03-29,4.366,4.366,4.366,4.366,0.0,4.366,0
2022-03-30,4.479,4.479,4.479,4.479,0.0,4.479,0
2022-03-31,4.572,4.572,4.572,4.572,0.0,4.572,0
2022-04-01,4.629,4.629,4.629,4.629,0.0,4.629,0
2022-04-04,4.696,4.696,4.696,4.696,0.0,4.696,0
2022-04-05,4.714,4.714,4.714,4.714,0.0,4.714,0
2022-04-06,4.741,4.741,4.741,4.741,0.0,4.741,0
2022-04-07,4.768,4.768,4.768,4.768,0.0,4.768,0
2022-04-08,4.741,4.741,4.741,4.741,0.0,4.741,0
2022-04-11,4.79,4.79,4.79,4.79,0.0,4.79,0
2022-04-12,4.812,4.812,4.812,4.812,0.0,4.812,0
2022-04-13,4.85,4.85,4.85,4.85,0.0,4.85,0
2022-04-14,4.852,4.852,4.852,4.852,0.0,4.852,0
2022-04-18,4.867,4.867,4.867,4.867,0.0,4.867,0
2022-04-19,4.845,4.845,4.845,4.845,0.0,4.845,0
2022-04-20,4.836,4.836,4.836,4.836,0.0,4.836,0
2022-04-21,4.759,4.759,4.759,4.759,0.0,4.759,0
2022-04-22,4.586,4.586,4.586,4.586,0.0,4.586,0
2022-04-25,4.601,4.601,4.601,4.601,0.0,4.601,0
2022-04-26,4.666,4.666,4.666,4.666,0.0,4.666,0
2022-04-27,4.725,4.725,4.725,4.725,0.0,4.725,0
2022-04-28,4.716,4.716,4.716,4.716,0.0,4.716,0
2022-04-29,4.709,4.709,4.709,4.709,0.0,4.709,0
2022-05-02,4.548,4.548,4.548,4.548,0.0,4.548,0
2022-05-03,4.576,4.576,4.576,4.576,0.0,4.576,0
2022-05-04,4.626,4.626,4.626,4.626,0.0,4.626,0
2022-05-05,4.659,4.659,4.659,4.659,0.0,4.659,0
2022-05-06,4.625,4.625,4.625,4.625,0.0,4.625,0
2022-05-09,4.548,4.548,4.548,4.548,0.0,4.548,0
2022-05-10,4.586,4.586,4.586,4.586,0.0,4.586,0
2022-05-11,4.645,4.645,4.645,4.645,0.0,4.645,0
2022-05-12,4.655,4.655,4.655,4.655,0.0,4.655,0
2022-05-13,4.729,4.729,4.729,4.729,0.0,4.729,0
2022-05-16,4.759,4.759,4.759,4.759,0.0,4.759,0
2022-05-17,4.898,4.898,4.898,4.898,0.0,4.898,0
2022-05-18,4.82,4.82,4.82,4.82,0.0,4.82,0
2022-05-19,4.759,4.759,4.759,4.759,0.0,4.759,0
2022-05-20,4.768,4.768,4.768,4.768,0.0,4.768,0
2022-05-23,4.809,4.809,4.809,4.809,0.0,4.809,0
2022-05-24,4.877,4.877,4.877,4.877,0.0,4.877,0
2022-05-25,4.908,4.908,4.908,4.908,0.0,4.908,0
2022-05-26,4.937,4.937,4.937,4.937,0.0,4.937,0
2022-05-27,4.961,4.961,4.961,4.961,0.0,4.961,0
2022-05-31,4.892,4.892,4.892,4.892,0.0,4.892,0
2022-06-01,4.944,4.944,4.944,4.944,0.0,4.944,0
2022-06-02,4.95,4.95,4.95,4.95,0.0,4.95,0
2022-06-03,4.997,4.997,4.997,4.997,0.0,4.997,0
2022-06-06,4.981,4.981,4.981,4.981,0.0,4.981,0
2022-06-07,5.061,5.061,5.061,5.061,0.0,5.061,0
2022-06-08,5.116,5.116,5.116,5.116,0.0,5.116,0
2022-06-09,5.202,5.202,5.202,5.202,0.0,5.202,0
2022-06-10,5.192,5.192,5.192,5.192,0.0,5.192,0
2022-06-13,5.135,5.135,5.135,5.135,0.0,5.135,0
2022-06-14,5.057,5.057,5.057,5.057,0.0,5.057,0
2022-06-15,5.118,5.118,5.118,5.118,0.0,5.118,0
2022-06-16,5.132,5.132,5.132,5.132,0.0,5.132,0
2022-06-17,5.029,5.029,5.029,5.029,0.0,5.029,0
2022-06-21,5.016,5.016,5.016,5.016,0.0,5.016,0
2022-06-22,5.071,5.071,5.071,5.071,0.0,5.071,0
2022-06-23,5.143,5.143,5.143,5.143,0.0,5.143,0
2022-06-24,4.919,4.919,4.919,4.919,0.0,4.919,0
2022-06-27,4.961,4.961,4.961,4.961,0.0,4.961,0
2022-06-28,4.931,4.931,4.931,4.931,0.0,4.931,0
2022-06-29,4.881,4.881,4.881,4.881,0.0,4.881,0
2022-06-30,4.626,4.626,4.626,4.626,0.0,4.626,0
2022-07-01,4.714,4.714,4.714,4.714,0.0,4.714,0
2022-07-04,4.714,4.714,4.714,4.714,0.0,4.714,0
2022-07-05,4.564,4.564,4.564,4.564,0.0,4.564,0
2022-07-06,4.656,4.656,4.656,4.656,0.0,4.656,0
2022-07-07,4.716,4.716,4.716,4.716,0.0,4.716,0
2022-07-08,4.715,4.715,4.715,4.715,0.0,4.715,0
2022-07-11,4.749,4.749,4.749,4.749,0.0,4.749,0
2022-07-12,4.651,4.651,4.651,4.651,0.0,4.651,0
2022-07-13,4.713,4.713,4.713,4.713,0.0,4.713,0
2022-07-14,4.669,4.669,4.669,4.669,0.0,4.669,0
2022-07-15,4.743,4.743,4.743,4.743,0.0,4.743,0
2022-07-18,4.643,4.643,4.643,4.643,0.0,4.643,0
2022-07-19,4.67,4.67,4.67,4.67,0.0,4.67,0
2022-07-20,4.813,4.813,4.813,4.813,0.0,4.813,0
2022-07-21,4.718,4.718,4.718,4.718,0.0,4.718,0
2022-07-22,4.722,4.722,4.722,4.722,0.0,4.722,0
2022-07-25,4.828,4.828,4.828,4.828,0.0,4.828,0
2022-07-26,4.855,4.855,4.855,4.855,0.0,4.855,0
2022-07-27,4.853,4.853,4.853,4.853,0.0,4.853,0
2022-07-28,4.829,4.829,4.829,4.829,0.0,4.829,0
2022-07-29,4.925,4.925,4.925,4.925,0.0,4.925,0
2022-08-01,4.908,4.908,4.908,4.908,0.0,4.908,0
2022-08-02,4.91,4.91,4.91,4.91,0.0,4.91,0
2022-08-03,4.942,4.942,4.942,4.942,0.0,4.942,0
2022-08-04,4.911,4.911,4.911,4.911,0.0,4.911,0
2022-08-05,4.867,4.867,4.867,4.867,0.0,4.867,0
2022-08-08,4.829,4.829,4.829,4.829,0.0,4.829,0
2022-08-09,4.866,4.866,4.866,4.866,0.0,4.866,0
2022-08-10,4.896,4.896,4.896,4.896,0.0,4.896,0
2022-08-11,4.979,4.979,4.979,4.979,0.0,4.979,0
2022-08-12,4.967,4.967,4.967,4.967,0.0,4.967,0
2022-08-15,5.051,5.051,5.051,5.051,0.0,5.051,0
2022-08-16,5.09,5.09,5.09,5.09,0.0,5.09,0
2022-08-17,5.073,5.073,5.073,5.073,0.0,5.073,0
2022-08-18,5.079,5.079,5.079,5.079,0.0,5.079,0
2022-08-19,5.095,5.095,5.095,5.095,0.0,5.095,0
2022-08-22,5.154,5.154,5.154,5.154,0.0,5.154,0
2022-08-23,5.161,5.161,5.161,5.161,0.0,5.161,0
2022-08-24,5.232,5.232,5.232,5.232,0.0,5.232,0
2022-08-25,5.294,5.294,5.294,5.294,0.0,5.294,0
2022-08-26,5.476,5.476,5.476,5.476,0.0,5.476,0
2022-08-29,5.6,5.6,5.6,5.6,0.0,5.6,0
2022-08-30,5.607,5.607,5.607,5.607,0.0,5.607,0
2022-08-31,5.733,5.733,5.733,5.733,0.0,5.733,0
2022-09-01,5.715,5.715,5.715,5.715,0.0,5.715,0
2022-09-02,5.896,5.896,5.896,5.896,0.0,5.896,0
2022-09-05,5.896,5.896,5.896,5.896,0.0,5.896,0
2022-09-06,5.952,5.952,5.952,5.952,0.0,5.952,0
2022-09-07,5.812,5.812,5.812,5.812,0.0,5.812,0
2022-09-08,5.784,5.784,5.784,5.784,0.0,5.784,0
2022-09-09,5.835,5.835,5.835,5.835,0.0,5.835,0
2022-09-12,5.78,5.78,5.78,5.78,0.0,5.78,0
2022-09-13,5.949,5.949,5.949,5.949,0.0,5.949,0
2022-09-14,6.008,6.008,6.008,6.008,0.0,6.008,0
2022-09-15,5.962,5.962,5.962,5.962,0.0,5.962,0
2022-09-16,5.857,5.857,5.857,5.857,0.0,5.857,0
2022-09-19,5.813,5.813,5.813,5.813,0.0,5.813,0
2022-09-20,5.744,5.744,5.744,5.744,0.0,5.744,0
2022-09-21,5.46,5.46,5.46,5.46,0.0,5.46,0
2022-09-22,5.268,5.268,5.268,5.268,0.0,5.268,0
2022-09-23,5.274,5.274,5.274,5.274,0.0,5.274,0
2022-09-26,5.193,5.193,5.193,5.193,0.0,5.193,0
2022-09-27,5.025,5.025,5.025,5.025,0.0,5.025,0
2022-09-28,4.961,4.961,4.961,4.961,0.0,4.961,0
2022-09-29,4.946,4.946,4.946,4.946,0.0,4.946,0
2022-09-30,4.952,4.952,4.952,4.952,0.0,4.952,0
2022-10-03,4.841,4.841,4.841,4.841,0.0,4.841,0
2022-10-04,4.891,4.891,4.891,4.891,0.0,4.891,0
2022-10-05,4.888,4.888,4.888,4.888,0.0,4.888,0
2022-10-06,4.915,4.915,4.915,4.915,0.0,4.915,0
2022-10-07,4.915,4.915,4.915,4.915,0.0,4.915,0
2022-10-10,4.937,4.937,4.937,4.937,0.0,4.937,0
2022-10-11,4.975,4.975,4.975,4.975,0.0,4.975,0
2022-10-12,4.954,4.954,4.954,4.954,0.0,4.954,0
2022-10-13,4.947,4.947,4.947,4.947,0.0,4.947,0
2022-10-14,4.97,4.97,4.97,4.97,0.0,4.97,0
2022-10-17,4.943,4.943,4.943,4.943,0.0,4.943,0
2022-10-18,4.908,4.908,4.908,4.908,0.0,4.908,0
2022-10-19,4.883,4.883,4.883,4.883,0.0,4.883,0
2022-10-20,5.081,5.081,5.081,5.081,0.0,5.081,0
2022-10-21,5.055,5.055,5.055,5.055,0.0,5.055,0
2022-10-24,5.036,5.036,5.036,5.036,0.0,5.036,0
2022-10-25,5.051,5.051,5.051,5.051,0.0,5.051,0
2022-10-26,5.068,5.068,5.068,5.068,0.0,5.068,0
2022-10-27,5.061,5.061,5.061,5.061,0.0,5.061,0
2022-10-28,5.201,5.201,5.201,5.201,0.0,5.201,0
2022-10-31,5.195,5.195,5.195,5.195,0.0,5.195,0
2022-11-01,5.16,5.16,5.16,5.16,0.0,5.16,0
2022-11-02,5.262,5.262,5.262,5.262,0.0,5.262,0
2022-11-03,5.287,5.287,5.287,5.287,0.0,5.287,0
2022-11-04,5.401,5.401,5.401,5.401,0.0,5.401,0
2022-11-07,5.445,5.445,5.445,5.445,0.0,5.445,0
2022-11-08,5.405,5.405,5.405,5.405,0.0,5.405,0
2022-11-09,5.419,5.419,5.419,5.419,0.0,5.419,0
2022-11-10,5.419,5.419,5.419,5.419,0.0,5.419,0
2022-11-11,5.392,5.392,5.392,5.392,0.0,5.392,0
2022-11-14,5.361,5.361,5.361,5.361,0.0,5.361,0
2022-11-15,5.357,5.357,5.357,5.357,0.0,5.357,0
2022-11-16,5.372,5.372,5.372,5.372,0.0,5.372,0
2022-11-17,5.357,5.357,5.357,5.357,0.0,5.357,0
2022-11-18,5.34,5.34,5.34,5.34,0.0,5.34,0
2022-11-21,5.295,5.295,5.295,5.295,0.0,5.295,0
2022-11-22,5.279,5.279,5.279,5.279,0.0,5.279,0
2022-11-23,5.415,5.415,5.415,5.415,0.0,5.415,0
2022-11-24,5.415,5.415,5.415,5.415,0.0,5.415,0
2022-11-25,5.409,5.409,5.409,5.409,0.0,5.409,0
2022-11-28,5.477,5.477,5.477,5.477,0.0,5.477,0
2022-11-29,5.451,5.451,5.451,5.451,0.0,5.451,0
2022-11-30,5.438,5.438,5.438,5.438,0.0,5.438,0
2022-12-01,5.418,5.418,5.418,5.418,0.0,5.418,0
2022-12-02,5.414,5.414,5.414,5.414,0.0,5.414,0
2022-12-05,5.422,5.422,5.422,5.422,0.0,5.422,0
2022-12-06,5.435,5.435,5.435,5.435,0.0,5.435,0
2022-12-07,5.44,5.44,5.44,5.44,0.0,5.44,0
2022-12-08,5.5,5.5,5.5,5.5,0.0,5.5,0
2022-12-09,5.504,5.504,5.504,5.504,0.0,5.504,0
2022-12-12,5.588,5.588,5.588,5.588,0.0,5.588,0
2022-12-13,5.576,5.576,5.576,5.576,0.0,5.576,0
2022-12-14,5.494,5.494,5.494,5.494,0.0,5.494,0
2022-12-15,5.535,5.535,5.535,5.535,0.0,5.535,0
2022-12-16,5.588,5.588,5.588,5.588,0.0,5.588,0
2022-12-19,5.564,5.564,5.564,5.564,0.0,5.564,0
2022-12-20,5.559,5.559,5.559,5.559,0.0,5.559,0
2022-12-21,5.471,5.471,5.471,5.471,0.0,5.471,0
2022-12-22,5.388,5.388,5.388,5.388,0.0,5.388,0
2022-12-23,5.401,5.401,5.401,5.401,0.0,5.401,0
2022-12-27,5.487,5.487,5.487,5.487,0.0,5.487,0
2022-12-28,5.409,5.409,5.409,5.409,0.0,5.409,0
2022-12-29,5.4,5.4,5.4,5.4,0.0,5.4,0
2022-12-30,5.409,5.409,5.409,5.409,0.0,5.409,0
2023-01-03,5.355,5.355,5.355,5.355,0.0,5.355,0
2023-01-04,5.358,5.358,5.358,5.358,0.0,5.358,0
2023-01-05,5.27,5.27,5.27,5.27,0.0,5.27,0
2023-01-06,5.214,5.214,5.214,5.214,0.0,5.214,0
2023-01-09,5.222,5.222,5.222,5.222,0.0,5.222,0
2023-01-10,5.246,5.246,5.246,5.246,0.0,5.246,0
2023-01-11,5.212,5.212,5.212,5.212,0.0,5.212,0
2023-01-12,5.211,5.211,5.211,5.211,0.0,5.211,0
2023-01-13,5.22,5.22,5.22,5.22,0.0,5.22,0
2023-01-16,5.22,5.22,5.22,5.22,0.0,5.22,0
2023-01-17,5.236,5.236,5.236,5.236,0.0,5.236,0
2023-01-18,5.281,5.281,5.281,5.281,0.0,5.281,0
2023-01-19,5.321,5.321,5.321,5.321,0.0,5.321,0
2023-01-20,5.285,5.285,5.285,5.285,0.0,5.285,0
2023-01-23,5.132,5.132,5.132,5.132,0.0,5.132,0
2023-01-24,5.101,5.101,5.101,5.101,0.0,5.101,0
2023-01-25,5.044,5.044,5.044,5.044,0.0,5.044,0
2023-01-26,5.051,5.051,5.051,5.051,0.0,5.051,0
2023-01-27,5.042,5.042,5.042,5.042,0.0,5.042,0
2023-01-30,4.963,4.963,4.963,4.963,0.0,4.963,0
2023-01-31,4.984,4.984,4.984,4.984,0.0,4.984,0
2023-02-01,4.655,4.655,4.655,4.655,0.0,4.655,0
2023-02-02,4.635,4.635,4.635,4.635,0.0,4.635,0
2023-02-03,4.586,4.586,4.586,4.586,0.0,4.586,0
2023-02-10,4.641,4.641,4.641,4.641,0.0,4.641,0
2023-02-13,4.584,4.584,4.584,4.584,0.0,4.584,0
2023-02-14,4.635,4.635,4.635,4.635,0.0,4.635,0
2023-02-15,4.63,4.63,4.63,4.63,0.0,4.63,0
2023-02-16,4.63,4.63,4.63,4.63,0.0,4.63,0
2023-02-17,4.616,4.616,4.616,4.616,0.0,4.616,0
2023-02-20,4.616,4.616,4.616,4.616,0.0,4.616,0
2023-02-21,4.616,4.616,4.616,4.616,0.0,4.616,0
2023-02-22,4.627,4.627,4.627,4.627,0.0,4.627,0
2023-02-23,4.661,4.661,4.661,4.661,0.0,4.661,0
2023-02-24,4.72,4.72,4.72,4.72,0.0,4.72,0
2023-02-27,4.762,4.762,4.762,4.762,0.0,4.762,0
2023-02-28,4.821,4.821,4.821,4.821,0.0,4.821,0
2023-03-01,4.902,4.902,4.902,4.902,0.0,4.902,0
2023-03-02,4.91,4.91,4.91,4.91,0.0,4.91,0
2023-03-03,4.95,4.95,4.95,4.95,0.0,4.95,0
2023-03-06,4.984,4.984,4.984,4.984,0.0,4.984,0
2023-03-07,4.985,4.985,4.985,4.985,0.0,4.985,0
2023-03-08,4.976,4.976,4.976,4.976,0.0,4.976,0
2023-03-09,4.644,4.644,4.644,4.644,0.0,4.644,0
2023-03-10,4.745,4.745,4.745,4.745,0.0,4.745,0
2023-03-13,4.756,4.756,4.756,4.756,0.0,4.756,0
2023-03-14,4.837,4.837,4.837,4.837,0.0,4.837,0
2023-03-15,4.889,4.889,4.889,4.889,0.0,4.889,0
2023-03-16,4.931,4.931,4.931,4.931,0.0,4.931,0
2023-03-17,4.924,4.924,4.924,4.924,0.0,4.924,0
2023-03-20,4.883,4.883,4.883,4.883,0.0,4.883,0
2023-03-21,4.932,4.932,4.932,4.932,0.0,4.932,0
2023-03-22,4.886,4.886,4.886,4.886,0.0,4.886,0
2023-03-23,4.921,4.921,4.921,4.921,0.0,4.921,0
2023-03-24,4.864,4.864,4.864,4.864,0.0,4.864,0
2023-03-27,4.843,4.843,4.843,4.843,0.0,4.843,0
2023-03-28,4.817,4.817,4.817,4.817,0.0,4.817,0
2023-03-29,4.844,4.844,4.844,4.844,0.0,4.844,0
2023-03-30,4.852,4.852,4.852,4.852,0.0,4.852,0
2023-03-31,4.845,4.845,4.845,4.845,0.0,4.845,0
2023-04-03,4.853,4.853,4.853,4.853,0.0,4.853,0
2023-04-04,4.865,4.865,4.865,4.865,0.0,4.865,0
2023-04-05,4.838,4.838,4.838,4.838,0.0,4.838,0
2023-04-06,4.794,4.794,4.794,4.794,0.0,4.794,0
2023-04-10,4.856,4.856,4.856,4.856,0.0,4.856,0
2023-04-11,4.866,4.866,4.866,4.866,0.0,4.866,0
2023-04-12,4.792,4.792,4.792,4.792,0.0,4.792,0
2023-04-13,4.76,4.76,4.76,4.76,0.0,4.76,0
2023-04-14,4.78,4.78,4.78,4.78,0.0,4.78,0
2023-04-17,4.846,4.846,4.846,4.846,0.0,4.846,0
2023-04-18,4.844,4.844,4.844,4.844,0.0,4.844,0
2023-04-19,4.866,4.866,4.866,4.866,0.0,4.866,0
2023-04-20,4.898,4.898,4.898,4.898,0.0,4.898,0
2023-04-21,4.905,4.905,4.905,4.905,0.0,4.905,0
2023-04-24,4.855,4.855,4.855,4.855,0.0,4.855,0
2023-04-25,4.853,4.853,4.853,4.853,0.0,4.853,0
2023-04-26,4.87,4.882,4.87,4.882,32.0,4.87,1
2023-04-27,4.886,4.886,4.886,4.886,0.0,4.886,0
2023-04-28,4.911,4.911,4.911,4.911,0.0,4.911,0
2023-05-01,4.868,4.868,4.868,4.868,0.0,4.868,0
2023-05-02,4.864,4.864,4.864,4.864,0.0,4.864,0
2023-05-03,4.941,4.941,4.941,4.941,0.0,4.941,0
2023-05-04,4.948,4.948,4.948,4.948,0.0,4.948,0
2023-05-05,4.88,4.88,4.88,4.88,0.0,4.88,0
2023-05-08,4.848,4.848,4.848,4.848,0.0,4.848,0
2023-05-09,4.831,4.831,4.831,4.831,0.0,4.831,0
2023-05-10,4.847,4.847,4.847,4.847,0.0,4.847,0
2023-05-11,4.736,4.736,4.736,4.736,0.0,4.736,0
2023-05-12,4.713,4.713,4.713,4.713,0.0,4.713,0
2023-05-15,4.717,4.717,4.717,4.717,0.0,4.717,0
2023-05-16,4.703,4.703,4.703,4.703,0.0,4.703,0
2023-05-17,4.627,4.627,4.627,4.627,0.0,4.627,0
2023-05-18,4.607,4.607,4.607,4.607,0.0,4.607,0
2023-05-19,4.538,4.538,4.538,4.538,0.0,4.538,0
2023-05-22,4.528,4.528,4.528,4.528,0.0,4.528,0
2023-05-23,4.516,4.516,4.516,4.516,0.0,4.516,0
2023-05-24,4.571,4.571,4.571,4.571,0.0,4.571,0
2023-05-25,4.504,4.504,4.504,4.504,0.0,4.504,0
2023-05-26,4.532,4.532,4.532,4.532,0.0,4.532,0
2023-05-29,4.532,4.532,4.532,4.532,0.0,4.532,0
2023-05-30,4.492,4.492,4.492,4.492,0.0,4.492,0
2023-05-31,4.457,4.457,4.457,4.457,0.0,4.457,0
2023-06-01,4.315,4.315,4.315,4.315,0.0,4.315,0
2023-06-02,4.355,4.355,4.355,4.355,0.0,4.355,0
2023-06-05,4.425,4.425,4.425,4.425,0.0,4.425,0
2023-06-06,4.422,4.422,4.422,4.422,0.0,4.422,0
2023-06-07,4.396,4.396,4.396,4.396,0.0,4.396,0
2023-06-08,4.367,4.367,4.367,4.367,0.0,4.367,0
2023-06-09,4.372,4.372,4.372,4.372,0.0,4.372,0
2023-06-12,4.369,4.369,4.369,4.369,0.0,4.369,0
2023-06-13,4.334,4.334,4.334,4.334,0.0,4.334,0
2023-06-14,4.372,4.372,4.372,4.372,0.0,4.372,0
2023-06-15,4.344,4.344,4.344,4.344,0.0,4.344,0
2023-06-16,4.363,4.363,4.363,4.363,0.0,4.363,0
2023-06-19,4.363,4.363,4.363,4.363,0.0,4.363,0
2023-06-20,4.41,4.41,4.41,4.41,0.0,4.41,0
2023-06-21,4.476,4.476,4.476,4.476,0.0,4.476,0
2023-06-22,4.494,4.494,4.494,4.494,0.0,4.494,0
2023-06-23,4.388,4.388,4.388,4.388,0.0,4.388,0
2023-06-26,4.362,4.362,4.362,4.362,0.0,4.362,0
2023-06-27,4.422,4.422,4.422,4.422,0.0,4.422,0
2023-06-28,4.197,4.197,4.197,4.197,0.0,4.197,0
2023-06-29,4.156,4.156,4.156,4.156,0.0,4.156,0
2023-06-30,4.188,4.188,4.188,4.188,0.0,4.188,0
2023-07-03,4.189,4.189,4.189,4.189,0.0,4.189,0
2023-07-04,4.189,4.189,4.189,4.189,0.0,4.189,0
2023-07-05,4.179,4.179,4.179,4.179,0.0,4.179,0
2023-07-06,4.181,4.181,4.181,4.181,0.0,4.181,0
2023-07-07,4.166,4.166,4.166,4.166,0.0,4.166,0
2023-07-10,4.21,4.21,4.21,4.21,0.0,4.21,0
2023-07-11,4.279,4.279,4.279,4.279,0.0,4.279,0
2023-07-12,4.465,4.465,4.465,4.465,0.0,4.465,0
2023-07-13,4.261,4.261,4.261,4.261,0.0,4.261,0
2023-07-14,4.36,4.36,4.36,4.36,0.0,4.36,0
2023-07-17,4.345,4.345,4.345,4.345,0.0,4.345,0
2023-07-18,4.404,4.404,4.404,4.404,0.0,4.404,0
2023-07-19,4.413,4.413,4.413,4.413,0.0,4.413,0
2023-07-20,4.4,4.4,4.4,4.4,0.0,4.4,0
2023-07-21,4.418,4.418,4.418,4.418,0.0,4.418,0
2023-07-24,4.519,4.519,4.519,4.519,0.0,4.519,0
2023-07-25,4.533,4.533,4.533,4.533,0.0,4.533,0
2023-07-26,4.551,4.551,4.551,4.551,0.0,4.551,0
2023-07-27,4.542,4.542,4.542,4.542,0.0,4.542,0
2023-07-28,4.551,4.551,4.551,4.551,0.0,4.551,0
2023-07-31,4.48,4.48,4.48,4.48,0.0,4.48,0
2023-08-01,4.39,4.39,4.39,4.39,0.0,4.39,0
2023-08-02,4.407,4.407,4.407,4.407,0.0,4.407,0
2023-08-03,4.387,4.387,4.387,4.387,0.0,4.387,0
2023-08-04,4.395,4.395,4.395,4.395,0.0,4.395,0
2023-08-07,4.456,4.456,4.456,4.456,0.0,4.456,0
2023-08-08,4.504,4.504,4.504,4.504,0.0,4.504,0
2023-08-09,4.466,4.466,4.466,4.466,0.0,4.466,0
2023-08-10,4.451,4.451,4.451,4.451,0.0,4.451,0
2023-08-11,4.479,4.479,4.479,4.479,0.0,4.479,0
2023-08-14,4.426,4.426,4.426,4.426,0.0,4.426,0
2023-08-15,4.587,4.587,4.587,4.587,0.0,4.587,0
2023-08-16,4.607,4.607,4.607,4.607,0.0,4.607,0
2023-08-17,4.565,4.565,4.565,4.565,0.0,4.565,0
2023-08-18,4.446,4.446,4.446,4.446,0.0,4.446,0
2023-08-21,4.504,4.504,4.504,4.504,0.0,4.504,0
2023-08-22,4.508,4.508,4.508,4.508,0.0,4.508,0
2023-08-23,4.613,4.613,4.613,4.613,0.0,4.613,0
2023-08-24,4.506,4.506,4.506,4.506,0.0,4.506,0
2023-08-25,4.487,4.487,4.487,4.487,0.0,4.487,0
2023-08-28,4.476,4.476,4.476,4.476,0.0,4.476,0
2023-08-29,4.453,4.453,4.453,4.453,0.0,4.453,0
2023-08-30,4.508,4.508,4.508,4.508,0.0,4.508,0
2023-08-31,4.515,4.515,4.515,4.515,0.0,4.515,0
2023-09-01,4.514,4.514,4.514,4.514,0.0,4.514,0
2023-09-04,4.514,4.514,4.514,4.514,0.0,4.514,0
2023-09-05,4.46,4.46,4.46,4.46,0.0,4.46,0
2023-09-06,4.474,4.474,4.474,4.474,0.0,4.474,0
2023-09-07,4.466,4.466,4.466,4.466,0.0,4.466,0
2023-09-08,4.413,4.413,4.413,4.413,0.0,4.413,0
2023-09-11,4.305,4.305,4.305,4.305,0.0,4.305,0
2023-09-12,4.317,4.317,4.317,4.317,0.0,4.317,0
2023-09-13,4.378,4.378,4.378,4.378,0.0,4.378,0
2023-09-14,4.342,4.342,4.342,4.342,0.0,4.342,0
2023-09-15,4.331,4.331,4.331,4.331,0.0,4.331,0
2023-09-18,4.323,4.323,4.323,4.323,0.0,4.323,0
2023-09-19,4.179,4.179,4.179,4.179,0.0,4.179,0
2023-09-20,4.327,4.327,4.327,4.327,0.0,4.327,0
2023-09-21,4.408,4.408,4.408,4.408,0.0,4.408,0
2023-09-22,4.416,4.416,4.416,4.416,0.0,4.416,0
2023-09-25,4.489,4.489,4.489,4.489,0.0,4.489,0
2023-09-26,4.444,4.444,4.444,4.444,0.0,4.444,0
2023-09-27,4.397,4.397,4.397,4.397,0.0,4.397,0
2023-09-28,4.404,4.404,4.404,4.404,0.0,4.404,0
2023-09-29,4.45,4.45,4.45,4.45,0.0,4.45,0
2023-10-02,4.441,4.441,4.441,4.441,0.0,4.441,0
2023-10-03,4.566,4.566,4.566,4.566,0.0,4.566,0
2023-10-04,4.488,4.488,4.488,4.488,0.0,4.488,0
2023-10-05,4.392,4.392,4.392,4.392,0.0,4.392,0
2023-10-06,4.303,4.303,4.303,4.303,0.0,4.303,0
2023-10-09,4.226,4.226,4.226,4.226,0.0,4.226,0
2023-10-10,4.346,4.346,4.346,4.346,0.0,4.346,0
2023-10-11,4.27,4.27,4.27,4.27,0.0,4.27,0
2023-10-12,4.38,4.38,4.38,4.38,0.0,4.38,0
2023-10-13,4.314,4.314,4.314,4.314,0.0,4.314,0
2023-10-16,4.294,4.294,4.294,4.294,0.0,4.294,0
2023-10-17,4.323,4.323,4.323,4.323,0.0,4.323,0
2023-10-18,4.318,4.318,4.318,4.318,0.0,4.318,0
2023-10-19,4.337,4.337,4.337,4.337,0.0,4.337,0
2023-10-20,4.343,4.343,4.343,4.343,0.0,4.343,0
2023-10-23,4.347,4.347,4.347,4.347,0.0,4.347,0
2023-10-24,4.352,4.352,4.352,4.352,0.0,4.352,0
2023-10-25,4.36,4.36,4.36,4.36,0.0,4.36,0
2023-10-26,4.345,4.345,4.345,4.345,0.0,4.345,0
2023-10-27,4.365,4.365,4.365,4.365,0.0,4.365,0
2023-10-30,4.356,4.356,4.356,4.356,0.0,4.356,0
2023-10-31,4.399,4.399,4.399,4.399,0.0,4.399,0
2023-11-01,4.497,4.497,4.497,4.497,0.0,4.497,0
2023-11-02,4.557,4.557,4.557,4.557,0.0,4.557,0
2023-11-03,4.408,4.408,4.408,4.408,0.0,4.408,0
2023-11-06,4.433,4.433,4.433,4.433,0.0,4.433,0
2023-11-07,4.464,4.464,4.464,4.464,0.0,4.464,0
2023-11-08,4.341,4.341,4.341,4.341,0.0,4.341,0
2023-11-09,4.297,4.297,4.297,4.297,0.0,4.297,0
2023-11-10,4.243,4.243,4.243,4.243,0.0,4.243,0
2023-11-13,4.291,4.291,4.291,4.291,0.0,4.291,0
2023-11-14,4.305,4.305,4.305,4.305,0.0,4.305,0
2023-11-15,4.366,4.366,4.366,4.366,0.0,4.366,0
2023-11-16,4.367,4.367,4.367,4.367,0.0,4.367,0
2023-11-17,4.37,4.37,4.37,4.37,0.0,4.37,0
2023-11-20,4.357,4.357,4.357,4.357,0.0,4.357,0
2023-11-21,4.332,4.332,4.332,4.332,0.0,4.332,0
2023-11-22,4.319,4.319,4.319,4.319,0.0,4.319,0
2023-11-23,4.319,4.319,4.319,4.319,0.0,4.319,0
2023-11-24,4.379,4.379,4.379,4.379,0.0,4.379,0
2023-11-27,4.42,4.42,4.42,4.42,0.0,4.42,0
2023-11-28,4.365,4.365,4.365,4.365,0.0,4.365,0
2023-11-29,4.34,4.34,4.34,4.34,0.0,4.34,0
2023-11-30,4.359,4.359,4.359,4.359,0.0,4.359,0
2023-12-01,4.375,4.375,4.375,4.375,0.0,4.375,0
2023-12-04,4.341,4.341,4.341,4.341,0.0,4.341,0
2023-12-05,4.306,4.306,4.306,4.306,0.0,4.306,0
2023-12-06,4.116,4.116,4.116,4.116,0.0,4.116,0
2023-12-07,4.151,4.151,4.151,4.151,0.0,4.151,0
2023-12-08,4.177,4.177,4.177,4.177,0.0,4.177,0
2023-12-11,4.209,4.209,4.209,4.209,0.0,4.209,0
2023-12-12,4.258,4.258,4.258,4.258,0.0,4.258,0
2023-12-13,4.337,4.337,4.337,4.337,0.0,4.337,0
2023-12-14,4.347,4.347,4.347,4.347,0.0,4.347,0
2023-12-15,4.426,4.426,4.426,4.426,0.0,4.426,0
2023-12-18,4.423,4.423,4.423,4.423,0.0,4.423,0
2023-12-19,4.306,4.306,4.306,4.306,0.0,4.306,0
2023-12-20,4.377,4.377,4.377,4.377,0.0,4.377,0
2023-12-21,4.281,4.281,4.281,4.281,0.0,4.281,0
2023-12-22,4.419,4.419,4.419,4.419,0.0,4.419,0
2023-12-26,4.334,4.334,4.334,4.334,0.0,4.334,0
2023-12-27,4.353,4.353,4.353,4.353,0.0,4.353,0
2023-12-28,4.248,4.248,4.248,4.248,0.0,4.248,0
2023-12-29,4.218,4.218,4.218,4.218,0.0,4.218,0
2024-01-02,4.243,4.243,4.243,4.243,0.0,4.243,0
2024-01-03,4.394,4.394,4.394,4.394,0.0,4.394,0
2024-01-04,4.425,4.425,4.425,4.425,0.0,4.425,0
2024-01-05,4.427,4.427,4.427,4.427,0.0,4.427,0
2024-01-08,4.437,4.437,4.437,4.437,0.0,4.437,0
2024-01-09,4.514,4.514,4.514,4.514,0.0,4.514,0
2024-01-10,4.488,4.488,4.488,4.488,0.0,4.488,0
2024-01-11,4.391,4.391,4.391,4.391,0.0,4.391,0
2024-01-12,4.387,4.387,4.387,4.387,0.0,4.387,0
2024-01-15,4.387,4.387,4.387,4.387,0.0,4.387,0
2024-01-16,4.369,4.369,4.369,4.369,0.0,4.369,0
2024-01-17,4.417,4.417,4.417,4.417,0.0,4.417,0
2024-01-18,4.369,4.369,4.369,4.369,0.0,4.369,0
2024-01-19,4.356,4.356,4.356,4.356,0.0,4.356,0
2024-01-22,4.34,4.34,4.34,4.34,0.0,4.34,0
2024-01-23,4.453,4.453,4.453,4.453,0.0,4.453,0
2024-01-24,4.246,4.246,4.246,4.246,0.0,4.246,0
2024-01-25,4.146,4.146,4.146,4.146,0.0,4.146,0
2024-01-26,4.101,4.101,4.101,4.101,0.0,4.101,0
2024-01-29,4.008,4.008,4.008,4.008,0.0,4.008,0
2024-01-30,4.142,4.142,4.142,4.142,0.0,4.142,0
2024-01-31,4.139,4.139,4.139,4.139,0.0,4.139,0
2024-02-01,4.238,4.238,4.238,4.238,0.0,4.238,0
2024-02-02,4.311,4.311,4.311,4.311,0.0,4.311,0
2024-02-05,4.278,4.278,4.278,4.278,0.0,4.278,0
2024-02-06,4.317,4.317,4.317,4.317,0.0,4.317,0
2024-02-07,4.27,4.27,4.27,4.27,0.0,4.27,0
2024-02-08,4.21,4.21,4.21,4.21,0.0,4.21,0
2024-02-09,4.209,4.209,4.209,4.209,0.0,4.209,0
2024-02-12,4.206,4.206,4.206,4.206,0.0,4.206,0
2024-02-13,4.247,4.247,4.247,4.247,0.0,4.247,0
2024-02-14,4.219,4.219,4.219,4.219,0.0,4.219,0
2024-02-15,4.151,4.151,4.151,4.151,0.0,4.151,0
2024-02-16,4.131,4.131,4.131,4.131,0.0,4.131,0
2024-02-19,4.131,4.131,4.131,4.131,0.0,4.131,0
2024-02-20,4.143,4.143,4.143,4.143,0.0,4.143,0
2024-02-21,4.151,4.151,4.151,4.151,0.0,4.151,0
2024-02-22,4.245,4.245,4.245,4.245,0.0,4.245,0
2024-02-23,4.198,4.198,4.198,4.198,0.0,4.198,0
2024-02-26,4.202,4.202,4.202,4.202,0.0,4.202,0
2024-02-27,4.206,4.206,4.206,4.206,0.0,4.206,0
2024-02-28,4.226,4.226,4.226,4.226,0.0,4.226,0
2024-02-29,4.227,4.227,4.227,4.227,0.0,4.227,0
2024-03-01,4.199,4.199,4.199,4.199,0.0,4.199,0
2024-03-04,4.181,4.181,4.181,4.181,0.0,4.181,0
2024-03-05,4.213,4.213,4.213,4.213,0.0,4.213,0
2024-03-06,4.235,4.235,4.235,4.235,0.0,4.235,0
2024-03-07,4.239,4.239,4.239,4.239,0.0,4.239,0
2024-03-08,4.281,4.281,4.281,4.281,0.0,4.281,0
2024-03-11,4.297,4.297,4.297,4.297,0.0,4.297,0
2024-03-12,4.278,4.278,4.278,4.278,0.0,4.278,0
2024-03-13,4.275,4.275,4.275,4.275,0.0,4.275,0
2024-03-14,4.28,4.28,4.28,4.28,0.0,4.28,0
2024-03-15,4.271,4.271,4.271,4.271,0.0,4.271,0
2024-03-18,4.325,4.325,4.325,4.325,0.0,4.325,0
2024-03-19,4.31,4.31,4.31,4.31,0.0,4.31,0
2024-03-20,4.295,4.295,4.295,4.295,0.0,4.295,0
2024-03-21,4.261,4.261,4.261,4.261,0.0,4.261,0
2024-03-22,4.303,4.303,4.303,4.303,0.0,4.303,0
2024-03-25,4.235,4.235,4.235,4.235,0.0,4.235,0
2024-03-26,4.237,4.237,4.237,4.237,0.0,4.237,0
2024-03-27,4.222,4.222,4.222,4.222,0.0,4.222,0
2024-03-28,4.315,4.315,4.315,4.315,0.0,4.315,0
2024-04-01,4.354,4.354,4.354,4.354,0.0,4.354,0
2024-04-02,4.438,4.438,4.438,4.438,0.0,4.438,0
2024-04-03,4.509,4.509,4.509,4.509,0.0,4.509,0
2024-04-04,4.507,4.507,4.507,4.507,0.0,4.507,0
2024-04-05,4.514,4.514,4.514,4.514,0.0,4.514,0
2024-04-08,4.508,4.508,4.508,4.508,0.0,4.508,0
2024-04-09,4.462,4.462,4.462,4.462,0.0,4.462,0
2024-04-10,4.473,4.473,4.473,4.473,0.0,4.473,0
2024-04-11,4.541,4.541,4.541,4.541,0.0,4.541,0
2024-04-12,4.607,4.607,4.607,4.607,0.0,4.607,0
2024-04-15,4.692,4.692,4.692,4.692,0.0,4.692,0
2024-04-16,4.747,4.747,4.747,4.747,0.0,4.747,0
2024-04-17,4.734,4.734,4.734,4.734,0.0,4.734,0
2024-04-18,4.721,4.721,4.721,4.721,0.0,4.721,0
2024-04-19,4.736,4.736,4.736,4.736,0.0,4.736,0
2024-04-22,4.734,4.734,4.734,4.734,0.0,4.734,0
2024-04-23,4.708,4.708,4.708,4.708,0.0,4.708,0
2024-04-24,4.686,4.686,4.686,4.686,0.0,4.686,0
2024-04-25,4.71,4.71,4.71,4.71,0.0,4.71,0
2024-04-26,4.691,4.691,4.691,4.691,0.0,4.691,0
2024-04-29,4.66,4.66,4.66,4.66,0.0,4.66,0
2024-04-30,4.669,4.669,4.669,4.669,0.0,4.669,0
2024-05-01,4.667,4.667,4.667,4.667,0.0,4.667,0
2024-05-02,4.641,4.641,4.641,4.641,0.0,4.641,0
2024-05-03,4.643,4.643,4.643,4.643,0.0,4.643,0
2024-05-06,4.635,4.635,4.635,4.635,0.0,4.635,0
2024-05-07,4.578,4.578,4.578,4.578,0.0,4.578,0
2024-05-08,4.504,4.504,4.504,4.504,0.0,4.504,0
2024-05-09,4.419,4.419,4.419,4.419,0.0,4.419,0
2024-05-10,4.462,4.462,4.462,4.462,0.0,4.462,0
2024-05-13,4.477,4.477,4.477,4.477,0.0,4.477,0
2024-05-14,4.5,4.5,4.5,4.5,0.0,4.5,0
2024-05-15,4.533,4.533,4.533,4.533,0.0,4.533,0
2024-05-16,4.563,4.563,4.563,4.563,0.0,4.563,0
2024-05-17,4.634,4.634,4.634,4.634,0.0,4.634,0
2024-05-20,4.703,4.703,4.703,4.703,0.0,4.703,0
2024-05-21,4.73,4.73,4.73,4.73,0.0,4.73,0
2024-05-22,4.72,4.72,4.72,4.72,0.0,4.72,0
2024-05-23,4.708,4.708,4.708,4.708,0.0,4.708,0
2024-05-24,4.741,4.741,4.741,4.741,0.0,4.741,0
2024-05-27,4.741,4.741,4.741,4.741,0.0,4.741,0
2024-05-28,4.727,4.727,4.727,4.727,0.0,4.727,0
2024-05-29,4.653,4.653,4.653,4.653,0.0,4.653,0
2024-05-30,4.659,4.659,4.659,4.659,0.0,4.659,0
2024-05-31,4.599,4.599,4.599,4.599,0.0,4.599,0
2024-06-03,4.561,4.561,4.561,4.561,0.0,4.561,0
2024-06-04,4.296,4.296,4.296,4.296,0.0,4.296,0
2024-06-05,4.335,4.335,4.335,4.335,0.0,4.335,0
2024-06-06,4.307,4.307,4.307,4.307,0.0,4.307,0
2024-06-07,4.303,4.303,4.303,4.303,0.0,4.303,0
2024-06-10,4.345,4.345,4.345,4.345,0.0,4.345,0
2024-06-11,4.29,4.29,4.29,4.29,0.0,4.29,0
2024-06-12,4.255,4.255,4.255,4.255,0.0,4.255,0
2024-06-13,4.299,4.299,4.299,4.299,0.0,4.299,0
2024-06-14,4.402,4.402,4.402,4.402,0.0,4.402,0
2024-06-17,4.416,4.416,4.416,4.416,0.0,4.416,0
2024-06-18,4.457,4.457,4.457,4.457,0.0,4.457,0
2024-06-19,4.457,4.457,4.457,4.457,0.0,4.457,0
2024-06-20,4.407,4.407,4.407,4.407,0.0,4.407,0
2024-06-21,4.213,4.213,4.213,4.213,0.0,4.213,0
2024-06-24,4.171,4.171,4.171,4.171,0.0,4.171,0
2024-06-25,4.117,4.117,4.117,4.117,0.0,4.117,0
2024-06-26,4.16,4.16,4.16,4.16,0.0,4.16,0
2024-06-27,4.09,4.09,4.09,4.09,0.0,4.09,0
2024-06-28,4.125,4.125,4.125,4.125,0.0,4.125,0
2024-07-01,4.126,4.126,4.126,4.126,0.0,4.126,0
2024-07-02,4.118,4.118,4.118,4.118,0.0,4.118,0
2024-07-03,4.111,4.111,4.111,4.111,0.0,4.111,0
2024-07-04,4.111,4.111,4.111,4.111,0.0,4.111,0
2024-07-05,4.109,4.109,4.109,4.109,0.0,4.109,0
2024-07-08,4.087,4.087,4.087,4.087,0.0,4.087,0
2024-07-09,4.107,4.107,4.107,4.107,0.0,4.107,0
2024-07-10,4.135,4.135,4.135,4.135,0.0,4.135,0
2024-07-11,4.169,4.169,4.169,4.169,0.0,4.169,0
2024-07-12,4.234,4.234,4.234,4.234,0.0,4.234,0
2024-07-15,4.212,4.212,4.212,4.212,0.0,4.212,0
2024-07-16,4.184,4.184,4.184,4.184,0.0,4.184,0
2024-07-17,4.189,4.189,4.189,4.189,0.0,4.189,0
2024-07-18,4.159,4.159,4.159,4.159,0.0,4.159,0
2024-07-19,4.231,4.231,4.231,4.231,0.0,4.231,0
2024-07-22,4.239,4.239,4.239,4.239,0.0,4.239,0
2024-07-23,4.266,4.266,4.266,4.266,0.0,4.266,0
2024-07-24,4.171,4.171,4.171,4.171,0.0,4.171,0
2024-07-25,4.118,4.118,4.118,4.118,0.0,4.118,0
2024-07-26,4.117,4.117,4.117,4.117,0.0,4.117,0
2024-07-29,4.098,4.098,4.098,4.098,0.0,4.098,0
2024-07-30,4.129,4.129,4.129,4.129,0.0,4.129,0
2024-07-31,4.136,4.136,4.136,4.136,0.0,4.136,0
2024-08-01,4.115,4.115,4.115,4.115,0.0,4.115,0
2024-08-02,4.112,4.112,4.112,4.112,0.0,4.112,0
2024-08-05,4.057,4.057,4.057,4.057,0.0,4.057,0
2024-08-06,4.005,4.005,4.005,4.005,0.0,4.005,0
2024-08-07,3.902,3.902,3.902,3.902,0.0,3.902,0
2024-08-08,3.885,3.885,3.885,3.885,0.0,3.885,0
2024-08-09,3.885,3.885,3.885,3.885,0.0,3.885,0
2024-08-12,3.894,3.894,3.894,3.894,0.0,3.894,0
2024-08-13,3.869,3.869,3.869,3.869,0.0,3.869,0
2024-08-14,3.866,3.866,3.866,3.866,0.0,3.866,0
2024-08-15,3.845,3.845,3.845,3.845,0.0,3.845,0
2024-08-16,3.88,3.88,3.88,3.88,0.0,3.88,0
2024-08-19,3.902,3.902,3.902,3.902,0.0,3.902,0
2024-08-20,3.914,3.914,3.914,3.914,0.0,3.914,0
2024-08-21,3.892,3.892,3.892,3.892,0.0,3.892,0
2024-08-22,3.903,3.903,3.903,3.903,0.0,3.903,0
2024-08-23,3.961,3.961,3.961,3.961,0.0,3.961,0
2024-08-26,3.982,3.982,3.982,3.982,0.0,3.982,0
2024-08-27,3.975,3.975,3.975,3.975,0.0,3.975,0
2024-08-28,4.033,4.033,4.033,4.033,0.0,4.033,0
2024-08-29,4.007,4.007,4.007,4.007,0.0,4.007,0
2024-08-30,4.04,4.04,4.04,4.04,0.0,4.04,0
2024-09-02,4.04,4.04,4.04,4.04,0.0,4.04,0
2024-09-03,4.032,4.032,4.032,4.032,0.0,4.032,0
2024-09-04,4.039,4.039,4.039,4.039,0.0,4.039,0
2024-09-05,4.003,4.003,4.003,4.003,0.0,4.003,0
2024-09-06,3.909,3.909,3.909,3.909,0.0,3.909,0
2024-09-09,3.939,3.939,3.939,3.939,0.0,3.939,0
2024-09-10,3.923,3.923,3.923,3.923,0.0,3.923,0
2024-09-11,3.935,3.935,3.935,3.935,0.0,3.935,0
2024-09-12,3.957,3.957,3.957,3.957,0.0,3.957,0
2024-09-13,3.927,3.927,3.927,3.927,0.0,3.927,0
2024-09-16,3.925,3.925,3.925,3.925,0.0,3.925,0
2024-09-17,3.916,3.916,3.916,3.916,0.0,3.916,0
2024-09-18,3.787,3.787,3.787,3.787,0.0,3.787,0
2024-09-19,3.778,3.778,3.778,3.778,0.0,3.778,0
2024-09-20,3.791,3.791,3.791,3.791,0.0,3.791,0
2024-09-23,3.766,3.766,3.766,3.766,0.0,3.766,0
2024-09-24,3.824,3.824,3.824,3.824,0.0,3.824,0
2024-09-25,3.856,3.856,3.856,3.856,0.0,3.856,0
2024-09-26,3.909,3.909,3.909,3.909,0.0,3.909,0
2024-09-27,3.926,3.926,3.926,3.926,0.0,3.926,0
2024-09-30,3.91,3.91,3.91,3.91,0.0,3.91,0
2024-10-01,3.892,3.892,3.892,3.892,0.0,3.892,0
2024-10-02,3.868,3.868,3.868,3.868,0.0,3.868,0
2024-10-03,3.91,3.91,3.91,3.91,0.0,3.91,0
2024-10-04,3.944,3.944,3.944,3.944,0.0,3.944,0
2024-10-07,3.911,3.911,3.911,3.911,0.0,3.911,0
2024-10-08,3.881,3.881,3.881,3.881,0.0,3.881,0
2024-10-09,3.861,3.861,3.861,3.861,0.0,3.861,0
2024-10-10,3.913,3.913,3.913,3.913,0.0,3.913,0
2024-10-11,3.901,3.901,3.901,3.901,0.0,3.901,0
2024-10-14,3.93,3.93,3.93,3.93,0.0,3.93,0
2024-10-15,3.987,3.987,3.987,3.987,0.0,3.987,0
2024-10-16,3.883,3.883,3.883,3.883,0.0,3.883,0
2024-10-17,3.948,3.948,3.948,3.948,0.0,3.948,0
2024-10-18,3.942,3.942,3.942,3.942,0.0,3.942,0
2024-10-21,3.923,3.923,3.923,3.923,0.0,3.923,0
2024-10-22,3.897,3.897,3.897,3.897,0.0,3.897,0
2024-10-23,3.917,3.917,3.917,3.917,0.0,3.917,0
2024-10-24,3.909,3.909,3.909,3.909,0.0,3.909,0
2024-10-25,3.94,3.94,3.94,3.94,0.0,3.94,0
2024-10-28,3.914,3.914,3.914,3.914,0.0,3.914,0
2024-10-29,3.953,3.953,3.953,3.953,0.0,3.953,0
2024-10-30,3.943,3.943,3.943,3.943,0.0,3.943,0
2024-10-31,3.89,3.89,3.89,3.89,0.0,3.89,0
2024-11-01,3.878,3.878,3.878,3.878,0.0,3.878,0
2024-11-04,3.93,3.93,3.93,3.93,0.0,3.93,0
2024-11-05,3.871,3.871,3.871,3.871,0.0,3.871,0
2024-11-06,3.931,3.931,3.931,3.931,0.0,3.931,0
2024-11-07,3.938,3.938,3.938,3.938,0.0,3.938,0
2024-11-08,3.87,3.87,3.87,3.87,0.0,3.87,0
2024-11-11,3.927,3.927,3.927,3.927,0.0,3.927,0
2024-11-12,3.93,3.93,3.93,3.93,0.0,3.93,0
2024-11-13,3.91,3.91,3.91,3.91,0.0,3.91,0
2024-11-14,3.917,3.917,3.917,3.917,0.0,3.917,0
2024-11-15,3.855,3.855,3.855,3.855,0.0,3.855,0
2024-11-18,3.797,3.797,3.797,3.797,0.0,3.797,0
2024-11-19,3.813,3.813,3.813,3.813,0.0,3.813,0
2024-11-20,3.931,3.931,3.931,3.931,0.0,3.931,0
2024-11-21,3.872,3.872,3.872,3.872,0.0,3.872,0
2024-11-22,3.898,3.898,3.898,3.898,0.0,3.898,0
2024-11-25,3.905,3.905,3.905,3.905,0.0,3.905,0
2024-11-26,3.879,3.879,3.879,3.879,0.0,3.879,0
2024-11-27,3.879,3.879,3.879,3.879,0.0,3.879,0
2024-11-28,3.879,3.879,3.879,3.879,0.0,3.879,0
2024-11-29,3.963,3.963,3.963,3.963,0.0,3.963,0
2024-12-02,3.882,3.882,3.882,3.882,0.0,3.882,0
2024-12-03,3.842,3.842,3.842,3.842,0.0,3.842,0
2024-12-04,3.905,3.905,3.905,3.905,0.0,3.905,0
2024-12-05,3.888,3.888,3.888,3.888,0.0,3.888,0
2024-12-06,3.924,3.924,3.924,3.924,0.0,3.924,0
2024-12-09,3.831,3.831,3.831,3.831,0.0,3.831,0
2024-12-10,3.838,3.838,3.838,3.838,0.0,3.838,0
2024-12-11,3.868,3.868,3.868,3.868,0.0,3.868,0
2024-12-12,3.939,3.939,3.939,3.939,0.0,3.939,0
2024-12-13,3.988,3.988,3.988,3.988,0.0,3.988,0
2024-12-16,3.991,3.991,3.991,3.991,0.0,3.991,0
2024-12-17,4.043,4.043,4.043,4.043,0.0,4.043,0
2024-12-18,4.01,4.01,4.01,4.01,0.0,4.01,0
2024-12-19,3.994,3.994,3.994,3.994,0.0,3.994,0
2024-12-20,3.952,3.952,3.952,3.952,0.0,3.952,0
2024-12-23,3.928,3.928,3.928,3.928,0.0,3.928,0
2024-12-24,4.018,4.018,4.018,4.018,0.0,4.018,0
2024-12-26,4.022,4.022,4.022,4.022,0.0,4.022,0
2024-12-27,4.048,4.048,4.048,4.048,0.0,4.048,0
2024-12-30,4.048,4.048,4.048,4.048,0.0,4.048,0
2024-12-31,3.951,3.951,3.951,3.951,0.0,3.951,0
2025-01-02,3.937,3.937,3.937,3.937,0.0,3.937,0
2025-01-03,3.891,3.891,3.891,3.891,0.0,3.891,0
2025-01-06,3.853,3.853,3.853,3.853,0.0,3.853,0
2025-01-07,3.898,3.898,3.898,3.898,0.0,3.898,0
2025-01-08,3.916,3.916,3.916,3.916,0.0,3.916,0
2025-01-09,3.934,3.934,3.934,3.934,0.0,3.934,0
2025-01-10,3.988,3.988,3.988,3.988,0.0,3.988,0
2025-01-13,3.966,3.966,3.966,3.966,0.0,3.966,0
2025-01-14,3.92,3.92,3.92,3.92,0.0,3.92,0
2025-01-15,3.95,3.95,3.95,3.95,0.0,3.95,0
2025-01-16,3.938,3.938,3.938,3.938,0.0,3.938,0
2025-01-17,3.91,3.91,3.91,3.91,0.0,3.91,0
2025-01-20,3.91,3.91,3.91,3.91,0.0,3.91,0
2025-01-21,3.839,3.839,3.839,3.839,0.0,3.839,0
2025-01-22,3.936,3.936,3.936,3.936,0.0,3.936,0
2025-01-23,4.011,4.011,4.011,4.011,0.0,4.011,0
2025-01-24,4.006,4.006,4.006,4.006,0.0,4.006,0
2025-01-27,3.975,3.975,3.975,3.975,0.0,3.975,0
2025-01-28,3.907,3.907,3.907,3.907,0.0,3.907,0
2025-01-29,3.98,3.98,3.98,3.98,0.0,3.98,0
2025-01-30,3.925,3.925,3.925,3.925,0.0,3.925,0
2025-01-31,3.878,3.878,3.878,3.878,0.0,3.878,0
2025-02-03,3.909,3.909,3.909,3.909,0.0,3.909,0
2025-02-04,3.853,3.853,3.853,3.853,0.0,3.853,0
2025-02-05,3.867,3.867,3.867,3.867,0.0,3.867,0
2025-02-06,3.862,3.862,3.862,3.862,0.0,3.862,0
2025-02-07,3.866,3.866,3.866,3.866,0.0,3.866,0
2025-02-10,3.88,3.88,3.88,3.88,0.0,3.88,0
2025-02-11,3.889,3.889,3.889,3.889,0.0,3.889,0
2025-02-12,3.913,3.913,3.913,3.913,0.0,3.913,0
2025-02-13,3.902,3.902,3.902,3.902,0.0,3.902,0
2025-02-14,3.895,3.895,3.895,3.895,0.0,3.895,0
2025-02-17,3.895,3.895,3.895,3.895,0.0,3.895,0
2025-02-18,3.87,3.87,3.87,3.87,0.0,3.87,0
2025-02-19,3.878,3.878,3.878,3.878,0.0,3.878,0
2025-02-20,3.925,3.925,3.796,3.796,2.0,3.8825,2
2025-02-21,3.755,3.755,3.755,3.755,0.0,3.755,0
2025-02-24,3.749,3.749,3.749,3.749,0.0,3.749,0
2025-02-25,3.742,3.742,3.742,3.742,0.0,3.742,0
2025-02-26,3.748,3.748,3.748,3.748,0.0,3.748,0
2025-02-27,3.84,3.84,3.84,3.84,0.0,3.84,0
2025-02-28,3.877,3.877,3.877,3.877,0.0,3.877,0
2025-03-03,3.882,3.882,3.882,3.882,0.0,3.882,0
2025-03-04,3.902,3.902,3.902,3.902,0.0,3.902,0
2025-03-05,3.855,3.855,3.855,3.855,0.0,3.855,0
2025-03-06,3.864,3.864,3.864,3.864,0.0,3.864,0
2025-03-07,3.889,3.889,3.889,3.889,0.0,3.889,0
2025-03-10,3.851,3.851,3.851,3.851,0.0,3.851,0
2025-03-11,3.9,3.9,3.9,3.9,0.0,3.9,0
2025-03-12,3.894,3.894,3.894,3.894,0.0,3.894,0
2025-03-13,3.92,3.92,3.92,3.92,0.0,3.92,0
2025-03-14,3.909,3.909,3.909,3.909,0.0,3.909,0
2025-03-17,3.91,3.91,3.91,3.91,0.0,3.91,0
2025-03-18,3.916,3.916,3.916,3.916,0.0,3.916,0
2025-03-19,3.917,3.917,3.917,3.917,0.0,3.917,0
2025-03-20,3.925,3.925,3.925,3.925,0.0,3.925,0
2025-03-21,3.927,3.927,3.927,3.927,0.0,3.927,0
2025-03-24,3.938,3.938,3.938,3.938,0.0,3.938,0
2025-03-25,3.833,3.833,3.833,3.833,0.0,3.833,0
2025-03-26,3.847,3.847,3.847,3.847,0.0,3.847,0
2025-03-27,3.853,3.853,3.853,3.853,0.0,3.853,0
2025-03-28,3.841,3.841,3.841,3.841,0.0,3.841,0
2025-03-31,3.814,3.814,3.814,3.814,0.0,3.814,0
2025-04-01,3.815,3.815,3.815,3.815,0.0,3.815,0
2025-04-02,3.858,3.858,3.858,3.858,0.0,3.858,0
2025-04-03,3.849,3.849,3.849,3.849,0.0,3.849,0
2025-04-04,3.817,3.817,3.817,3.817,0.0,3.817,0
2025-04-07,3.819,3.819,3.819,3.819,0.0,3.819,0
2025-04-08,3.815,3.815,3.815,3.815,0.0,3.815,0
2025-04-09,3.892,3.892,3.892,3.892,0.0,3.892,0
2025-04-10,3.892,3.892,3.892,3.892,0.0,3.892,0
2025-04-11,3.934,3.934,3.934,3.934,0.0,3.934,0
2025-04-14,3.948,3.948,3.948,3.948,0.0,3.948,0
2025-04-15,3.951,3.951,3.951,3.951,0.0,3.951,0
2025-04-16,3.949,3.949,3.949,3.949,0.0,3.949,0
2025-04-17,3.942,3.942,3.942,3.942,0.0,3.942,0
2025-04-21,3.898,3.898,3.898,3.898,0.0,3.898,0
2025-04-22,3.917,3.917,3.917,3.917,0.0,3.917,0
2025-04-23,3.943,3.943,3.943,3.943,0.0,3.943,0
2025-04-24,3.937,3.937,3.937,3.937,0.0,3.937,0
2025-04-25,3.962,3.962,3.962,3.962,0.0,3.962,0
2025-04-28,3.955,3.955,3.955,3.955,0.0,3.955,0
2025-04-29,3.969,3.969,3.969,3.969,0.0,3.969,0
2025-04-30,3.968,3.968,3.968,3.968,0.0,3.968,0
2025-05-01,3.922,3.922,3.922,3.922,0.0,3.922,0
2025-05-02,3.912,3.912,3.912,3.912,0.0,3.912,0
2025-05-05,3.913,3.913,3.913,3.913,0.0,3.913,0
2025-05-06,3.952,3.952,3.952,3.952,0.0,3.952,0
2025-05-07,3.969,3.969,3.969,3.969,0.0,3.969,0
2025-05-08,3.977,3.977,3.977,3.977,0.0,3.977,0
2025-05-09,3.989,3.989,3.989,3.989,0.0,3.989,0
2025-05-12,4.007,4.007,4.007,4.007,0.0,4.007,0
2025-05-13,4.005,4.005,4.005,4.005,0.0,4.005,0
2025-05-14,4.014,4.014,4.014,4.014,0.0,4.014,0
2025-05-15,3.994,3.994,3.994,3.994,0.0,3.994,0
2025-05-16,4.015,4.015,4.015,4.015,0.0,4.015,0
2025-05-19,3.988,3.988,3.988,3.988,0.0,3.988,0
2025-05-20,3.961,3.961,3.961,3.961,0.0,3.961,0
2025-05-21,3.979,3.979,3.979,3.979,0.0,3.979,0
2025-05-22,3.972,3.972,3.972,3.972,0.0,3.972,0
2025-05-23,3.985,3.985,3.985,3.985,0.0,3.985,0
2025-05-27,3.963,3.963,3.963,3.963,0.0,3.963,0
2025-05-28,3.95,3.95,3.95,3.95,0.0,3.95,0
2025-05-29,3.95,3.95,3.95,3.95,0.0,3.95,0
2025-05-30,3.953,3.953,3.953,3.953,0.0,3.953,0
2025-06-02,3.947,3.947,3.947,3.947,0.0,3.947,0
2025-06-03,3.946,3.946,3.946,3.946,0.0,3.946,0
2025-06-04,3.934,3.934,3.934,3.934,0.0,3.934,0
2025-06-05,3.938,3.938,3.938,3.938,0.0,3.938,0
2025-06-06,3.949,3.949,3.949,3.949,0.0,3.949,0
2025-06-09,3.943,3.943,3.943,3.943,0.0,3.943,0
2025-06-10,3.967,3.967,3.967,3.967,0.0,3.967,0
2025-06-11,3.977,3.977,3.977,3.977,0.0,3.977,0
2025-06-12,3.979,3.979,3.979,3.979,0.0,3.979,0
2025-06-13,4.015,4.015,4.015,4.015,0.0,4.015,0
2025-06-16,4.073,4.073,4.073,4.073,0.0,4.073,0
2025-06-17,4.14,4.14,4.14,4.14,0.0,4.14,0
2025-06-18,4.115,4.115,4.115,4.115,0.0,4.115,0
2025-06-20,4.101,4.101,4.101,4.101,0.0,4.101,0
2025-06-23,4.099,4.099,4.099,4.099,0.0,4.099,0
2025-06-24,4.1,4.1,4.1,4.1,0.0,4.1,0
2025-06-25,4.106,4.106,4.106,4.106,0.0,4.106,0
2025-06-26,4.116,4.116,4.116,4.116,0.0,4.116,0
2025-06-27,4.139,4.139,4.139,4.139,0.0,4.139,0
2025-06-30,4.136,4.136,4.136,4.136,0.0,4.136,0
2025-07-01,4.141,4.141,4.141,4.141,0.0,4.141,0
2025-07-02,4.159,4.159,4.159,4.159,0.0,4.159,0
2025-07-03,4.151,4.151,4.151,4.151,0.0,4.151,0
2025-07-07,4.168,4.168,4.168,4.168,0.0,4.168,0
2025-07-08,4.114,4.114,4.114,4.114,0.0,4.114,0
2025-07-09,4.123,4.123,4.123,4.123,0.0,4.123,0
2025-07-10,4.134,4.134,4.134,4.134,0.0,4.134,0
2025-07-11,4.129,4.129,4.129,4.129,0.0,4.129,0
2025-07-14,4.122,4.122,4.122,4.122,0.0,4.122,0
2025-07-15,4.141,4.141,4.141,4.141,0.0,4.141,0
2025-07-16,4.156,4.156,4.156,4.156,0.0,4.156,0
2025-07-17,4.145,4.145,4.145,4.145,0.0,4.145,0
2025-07-18,4.14,4.14,4.14,4.14,0.0,4.14,0
2025-07-21,4.117,4.117,4.117,4.117,0.0,4.117,0
2025-07-22,4.137,4.137,4.137,4.137,0.0,4.137,0
2025-07-23,4.139,4.139,4.139,4.139,0.0,4.139,0
2025-07-24,4.151,4.151,4.151,4.151,0.0,4.151,0
2025-07-25,4.065,4.065,4.065,4.065,0.0,4.065,0
2025-07-28,4.028,4.028,4.028,4.028,0.0,4.028,0
2025-07-29,4.046,4.046,4.046,4.046,0.0,4.046,0
2025-07-30,4.011,4.011,4.011,4.011,0.0,4.011,0
2025-07-31,4.02,4.02,4.02,4.02,0.0,4.02,0
2025-08-01,4.065,4.065,4.065,4.065,0.0,4.065,0
2025-08-04,4.079,4.079,4.079,4.079,0.0,4.079,0
2025-08-05,4.077,4.077,4.077,4.077,0.0,4.077,0
2025-08-06,4.043,4.043,4.043,4.043,0.0,4.043,0
2025-08-07,4.047,4.047,4.047,4.047,0.0,4.047,0
2025-08-08,4.121,4.121,4.121,4.121,0.0,4.121,0
2025-08-11,4.019,4.019,4.019,4.019,0.0,4.019,0
2025-08-12,4.021,4.021,4.021,4.021,0.0,4.021,0
2025-08-13,3.977,3.977,3.977,3.977,0.0,3.977,0
2025-08-14,4.011,4.011,4.011,4.011,0.0,4.011,0
2025-08-15,4.015,4.015,4.015,4.015,0.0,4.015,0
2025-08-18,4.053,4.053,4.053,4.053,0.0,4.053,0
2025-08-19,4.071,4.071,4.071,4.071,0.0,4.071,0
2025-08-20,4.052,4.052,4.052,4.052,0.0,4.052,0
2025-08-21,4.064,4.064,4.064,4.064,0.0,4.064,0
2025-08-22,4.058,4.058,4.058,4.058,0.0,4.058,0
2025-08-25,4.023,4.023,4.023,4.023,0.0,4.023,0
2025-08-26,4.034,4.034,4.034,4.034,0.0,4.034,0
2025-08-27,4.034,4.034,4.034,4.034,0.0,4.034,0
2025-08-28,4.023,4.023,4.023,4.023,0.0,4.023,0
2025-08-29,4.027,4.027,4.027,4.027,0.0,4.027,0
2025-09-02,4.017,4.017,4.017,4.017,0.0,4.017,0
2025-09-03,4.03,4.03,4.03,4.03,0.0,4.03,0
2025-09-04,3.993,3.993,3.993,3.993,0.0,3.993,0
2025-09-05,3.989,3.989,3.989,3.989,0.0,3.989,0
2025-09-08,3.95,3.95,3.95,3.95,0.0,3.95,0
2025-09-09,3.98,3.98,3.98,3.98,0.0,3.98,0
2025-09-10,3.979,3.979,3.979,3.979,0.0,3.979,0
2025-09-11,3.977,3.977,3.977,3.977,0.0,3.977,0
2025-09-12,4.041,4.041,4.041,4.041,0.0,4.041,0
2025-09-15,4.054,4.054,4.054,4.054,0.0,4.054,0
2025-09-16,4.13,4.13,4.13,4.13,0.0,4.13,0
2025-09-17,4.124,4.124,4.124,4.124,0.0,4.124,0
2025-09-18,4.123,4.123,4.123,4.123,0.0,4.123,0
2025-09-19,4.123,4.123,4.123,4.123,0.0,4.123,0
2025-09-22,4.138,4.138,4.138,4.138,0.0,4.138,0
2025-09-23,4.097,4.097,4.097,4.097,0.0,4.097,0
2025-09-24,4.139,4.139,4.139,4.139,0.0,4.139,0
2025-09-25,4.07,4.07,4.07,4.07,0.0,4.07,0
2025-09-26,4.104,4.104,4.104,4.104,0.0,4.104,0
2025-09-29,4.082,4.082,4.082,4.082,0.0,4.082,0
2025-09-30,4.1,4.1,4.1,4.1,0.0,4.1,0
2025-10-01,4.074,4.074,4.074,4.074,0.0,4.074,0
2025-10-02,4.112,4.112,4.112,4.112,0.0,4.112,0
2025-10-03,4.071,4.071,4.071,4.071,0.0,4.071,0
2025-10-06,4.077,4.077,4.077,4.077,0.0,4.077,0
2025-10-07,4.089,4.089,4.089,4.089,0.0,4.089,0
2025-10-08,4.152,4.152,4.152,4.152,0.0,4.152,0
2025-10-09,4.145,4.145,4.145,4.145,0.0,4.145,0
2025-10-10,4.151,4.151,4.151,4.151,0.0,4.151,0
2025-10-13,4.172,4.172,4.172,4.172,0.0,4.172,0
2025-10-14,4.099,4.099,4.099,4.099,0.0,4.099,0
2025-10-15,4.096,4.096,4.096,4.096,0.0,4.096,0
2025-10-16,4.075,4.075,4.075,4.075,0.0,4.075,0
2025-10-17,4.073,4.073,4.073,4.073,0.0,4.073,0
2025-10-20,4.123,4.123,4.123,4.123,0.0,4.123,0
2025-10-21,4.093,4.093,4.093,4.093,0.0,4.093,0
2025-10-22,4.091,4.091,4.091,4.091,0.0,4.091,0
2025-10-23,4.095,4.095,4.095,4.095,0.0,4.095,0
2025-10-24,4.09,4.09,4.09,4.09,0.0,4.09,0
2025-10-27,4.093,4.093,4.093,4.093,0.0,4.093,0
2025-10-28,4.108,4.108,4.108,4.108,0.0,4.108,0
2025-10-29,4.119,4.119,4.119,4.119,0.0,4.119,0
2025-10-30,4.134,4.134,4.134,4.134,0.0,4.134,0
2025-10-31,4.134,4.134,4.134,4.134,0.0,4.134,0
2025-11-03,4.157,4.157,4.157,4.157,0.0,4.157,0
2025-11-04,4.202,4.202,4.202,4.202,0.0,4.202,0
2025-11-05,4.144,4.144,4.144,4.144,0.0,4.144,0
2025-11-06,4.187,4.187,4.187,4.187,0.0,4.187,0
2025-11-07,4.159,4.159,4.159,4.159,0.0,4.159,0
2025-11-10,4.148,4.148,4.148,4.148,0.0,4.148,0
2025-11-11,4.171,4.171,4.171,4.171,0.0,4.171,0
2025-11-12,4.194,4.194,4.194,4.194,0.0,4.194,0
2025-11-13,4.198,4.198,4.198,4.198,0.0,4.198,0
2025-11-14,4.204,4.204,4.204,4.204,0.0,4.204,0
2025-11-17,4.226,4.226,4.226,4.226,0.0,4.226,0
2025-11-18,4.226,4.226,4.226,4.226,0.0,4.226,0
2025-11-19,4.225,4.225,4.225,4.225,0.0,4.225,0
2025-11-20,4.241,4.241,4.241,4.241,0.0,4.241,0
2025-11-21,4.255,4.255,4.255,4.255,0.0,4.255,0
2025-11-24,4.18,4.18,4.18,4.18,0.0,4.18,0
2025-11-25,4.213,4.213,4.213,4.213,0.0,4.213,0
2025-11-26,4.188,4.188,4.188,4.188,0.0,4.188,0
2025-11-28,4.239,4.239,4.239,4.239,0.0,4.239,0
2025-12-01,4.182,4.182,4.182,4.182,0.0,4.182,0
2025-12-02,4.2,4.2,4.2,4.2,0.0,4.2,0
2025-12-03,4.202,4.202,4.202,4.202,0.0,4.202,0
2025-12-04,4.2,4.2,4.2,4.2,0.0,4.2,0
2025-12-05,4.22,4.22,4.22,4.22,0.0,4.22,0
2025-12-08,4.183,4.183,4.183,4.183,0.0,4.183,0
2025-12-09,4.169,4.169,4.169,4.169,0.0,4.169,0
2025-12-10,4.207,4.207,4.207,4.207,0.0,4.207,0
2025-12-11,4.206,4.206,4.206,4.206,0.0,4.206,0
2025-12-12,4.17,4.17,4.17,4.17,0.0,4.17,0
2025-12-15,4.19,4.19,4.19,4.19,0.0,4.19,0
2025-12-16,4.184,4.184,4.184,4.184,0.0,4.184,0
2025-12-17,4.186,4.186,4.186,4.186,0.0,4.186,0
2025-12-18,4.149,4.149,4.149,4.149,0.0,4.149,0
2025-12-19,4.139,4.139,4.139,4.139,0.0,4.139,0
2025-12-22,4.131,4.131,4.131,4.131,0.0,4.131,0
2025-12-23,4.16,4.16,4.16,4.16,0.0,4.16,0
2025-12-24,4.126,4.126,4.126,4.126,0.0,4.126,0
2025-12-26,4.129,4.129,4.129,4.129,0.0,4.129,0
2025-12-29,4.157,4.157,4.157,4.157,0.0,4.157,0
2025-12-30,4.15,4.15,4.15,4.15,0.0,4.15,0
2025-12-31,4.162,4.162,4.162,4.162,0.0,4.162,0
2026-01-02,4.114,4.114,4.114,4.114,0.0,4.114,0
2026-01-05,4.117,4.117,4.117,4.117,0.0,4.117,0
2026-01-06,4.13,4.13,4.13,4.13,0.0,4.13,0
2026-01-07,4.093,4.093,4.093,4.093,0.0,4.093,0
2026-01-08,4.138,4.138,4.138,4.138,0.0,4.138,0
2026-01-09,4.099,4.099,4.099,4.099,0.0,4.099,0
2026-01-12,4.152,4.152,4.152,4.152,0.0,4.152,0
2026-01-13,4.175,4.175,4.175,4.175,0.0,4.175,0
2026-01-14,4.125,4.125,4.113,4.113,1.0,4.125,1
2026-01-15,4.213,4.213,4.213,4.213,0.0,4.213,0
2026-01-16,4.241,4.241,4.241,4.241,0.0,4.241,0
2026-01-20,4.253,4.253,4.253,4.253,0.0,4.253,0
2026-01-21,4.252,4.252,4.252,4.252,0.0,4.252,0
2026-01-22,4.245,4.245,4.245,4.245,0.0,4.245,0
2026-01-23,4.22,4.22,4.22,4.22,0.0,4.22,0
2026-01-26,4.232,4.232,4.232,4.232,0.0,4.232,0
2026-01-27,4.233,4.233,4.233,4.233,0.0,4.233,0
2026-01-28,4.271,4.271,4.271,4.271,0.0,4.271,0
2026-01-29,4.208,4.208,4.208,4.208,0.0,4.208,0
2026-01-30,4.186,4.186,4.186,4.186,0.0,4.186,0
2026-02-02,4.189,4.189,4.189,4.189,0.0,4.189,0
2026-02-03,4.241,4.241,4.241,4.241,0.0,4.241,0
2026-02-04,4.255,4.255,4.255,4.255,0.0,4.255,0
2026-02-05,4.226,4.226,4.226,4.226,0.0,4.226,0
2026-02-06,4.248,4.248,4.248,4.248,0.0,4.248,0
2026-02-09,4.27,4.27,4.27,4.27,0.0,4.27,0
2026-02-10,4.245,4.245,4.245,4.245,0.0,4.245,0
2026-02-11,4.303,4.303,4.303,4.303,0.0,4.303,0
2026-02-12,4.245,4.245,4.245,4.245,0.0,4.245,0
2026-02-13,4.267,4.267,4.267,4.267,0.0,4.267,0
2026-02-17,4.225,4.225,4.225,4.225,0.0,4.225,0
2026-02-18,4.251,4.251,4.251,4.251,0.0,4.251,0
2026-02-19,4.224,4.224,4.224,4.224,0.0,4.224,0
2026-02-20,4.247,4.247,4.247,4.247,0.0,4.247,0
2026-02-23,4.23,4.23,4.23,4.23,0.0,4.23,0
2026-02-24,4.264,4.264,4.264,4.264,0.0,4.264,0
2026-02-25,4.234,4.234,4.234,4.234,0.0,4.234,0
2026-02-26,4.226,4.226,4.226,4.226,0.0,4.226,0
2026-02-27,4.235,4.235,4.235,4.235,0.0,4.235,0
2026-03-02,4.247,4.247,4.247,4.247,0.0,4.247,0
2026-03-03,4.236,4.236,4.236,4.236,0.0,4.236,0
2026-03-04,4.223,4.223,4.223,4.223,0.0,4.223,0
2026-03-05,4.224,4.224,4.224,4.224,0.0,4.224,0
2026-03-06,4.271,4.271,4.271,4.271,0.0,4.271,0
2026-03-09,4.251,4.274,4.251,4.274,1.0,4.251,1
2026-03-10,4.265,4.299,4.265,4.299,1.0,4.265,1
2026-03-11,4.319,4.319,4.319,4.319,0.0,4.319,0
2026-03-12,4.273,4.273,4.273,4.273,0.0,4.273,0
2026-03-13,4.271,4.271,4.271,4.271,0.0,4.271,0
2026-03-16,4.252,4.252,4.252,4.252,0.0,4.252,0
2026-03-17,4.239,4.239,4.239,4.239,0.0,4.239,0
2026-03-18,4.249,4.249,4.249,4.249,0.0,4.249,0
2026-03-19,4.249,4.249,4.249,4.249,0.0,4.249,0
2026-03-20,4.283,4.283,4.283,4.283,0.0,4.283,0
2026-03-23,4.273,4.273,4.273,4.273,0.0,4.273,0
2026-03-24,4.282,4.282,4.282,4.282,0.0,4.282,0
2026-03-25,4.283,4.283,4.283,4.283,0.0,4.283,0
2026-03-26,4.333,4.333,4.333,4.333,0.0,4.333,0
2026-03-27,4.281,4.281,4.281,4.281,0.0,4.281,0
2026-03-30,4.266,4.266,4.266,4.266,0.0,4.266,0
2026-03-31,4.258,4.258,4.258,4.258,0.0,4.258,0
2026-04-01,4.299,4.299,4.299,4.299,0.0,4.299,0
2026-04-02,4.279,4.307,4.279,4.307,2.0,4.279,2
2026-04-06,4.341,4.341,4.341,4.341,0.0,4.341,0
2026-04-07,4.377,4.377,4.377,4.377,0.0,4.377,0
2026-04-08,4.269,4.269,4.269,4.269,0.0,4.269,0
2026-04-09,4.269,4.277,4.269,4.277,1.0,4.269,1
2026-04-10,4.244,4.244,4.244,4.244,0.0,4.244,0
2026-04-13,4.242,4.242,4.242,4.242,0.0,4.242,0
2026-04-14,4.248,4.248,4.248,4.248,0.0,4.248,0
2026-04-15,4.251,4.251,4.251,4.251,0.0,4.251,0
2026-04-16,4.243,4.243,4.243,4.243,0.0,4.243,0
2026-04-17,4.229,4.229,4.229,4.229,0.0,4.229,0
2026-04-20,4.227,4.227,4.227,4.227,0.0,4.227,0
2026-04-21,4.265,4.265,4.265,4.265,0.0,4.265,0
2026-04-22,4.281,4.281,4.281,4.281,0.0,4.281,0
2026-04-23,4.283,4.283,4.283,4.283,0.0,4.283,0
2026-04-24,4.213,4.213,4.213,4.213,0.0,4.213,0
2026-04-27,4.275,4.275,4.275,4.275,0.0,4.275,0
2026-04-28,4.243,4.243,4.243,4.243,0.0,4.243,0
2026-04-29,4.25,4.25,4.25,4.25,0.0,4.25,0
2026-04-30,4.239,4.239,4.239,4.239,0.0,4.239,0
2026-05-01,4.249,4.249,4.249,4.249,0.0,4.249,0
2026-05-04,4.254,4.254,4.254,4.254,0.0,4.254,0
2026-05-05,4.248,4.248,4.248,4.248,0.0,4.248,0
2026-05-06,4.23,4.23,4.23,4.23,0.0,4.23,0
2026-05-07,4.234,4.234,4.234,4.234,0.0,4.234,0
2026-05-08,4.245,4.245,4.245,4.245,0.0,4.245,0
2026-05-11,4.244,4.244,4.244,4.244,0.0,4.244,0
2026-05-12,4.24,4.24,4.24,4.24,0.0,4.24,0
2026-05-13,4.254,4.254,4.254,4.254,0.0,4.254,0
2026-05-14,4.254,4.254,4.254,4.254,1.0,4.254,1
2026-05-15,4.247,4.247,4.247,4.247,0.0,4.247,0
2026-05-18,4.235,4.235,4.235,4.235,0.0,4.235,0
2026-05-19,4.25,4.25,4.25,4.25,0.0,4.25,0
2026-05-20,4.24,4.24,4.24,4.24,0.0,4.24,0
2026-05-21,4.249,4.249,4.249,4.249,0.0,4.249,0
2026-05-22,4.242,4.242,4.242,4.242,0.0,4.242,0
2026-05-26,4.218,4.218,4.218,4.218,0.0,4.218,0
2026-05-27,4.208,4.208,4.208,4.208,0.0,4.208,0
2026-05-28,4.22,4.22,4.22,4.22,0.0,4.22,0
2026-05-29,4.224,4.224,4.224,4.224,0.0,4.224,0
2026-06-01,4.214,4.214,4.214,4.214,0.0,4.214,0
2026-06-02,4.199,4.199,4.199,4.199,0.0,4.199,0
2026-06-03,4.189,4.189,4.189,4.189,0.0,4.189,0
2026-06-04,4.193,4.193,4.193,4.193,0.0,4.193,0
2026-06-05,4.199,4.199,4.199,4.199,0.0,4.199,0
2026-06-08,4.197,4.197,4.197,4.197,0.0,4.197,0
2026-06-09,4.188,4.188,4.188,4.188,0.0,4.188,0
2026-06-10,4.194,4.194,4.194,4.194,0.0,4.194,0
2026-06-11,4.187,4.187,4.187,4.187,0.0,4.187,0
2026-06-12,4.18,4.18,4.18,4.18,0.0,4.18,0
2026-06-15,4.171,4.171,4.171,4.171,0.0,4.171,0
2026-06-16,4.18,4.18,4.18,4.18,0.0,4.18,0
2026-06-17,4.191,4.191,4.191,4.191,0.0,4.191,0
2026-06-18,4.181,4.181,4.167,4.167,1.0,4.181,1
2026-06-22,4.167,4.179,4.167,4.179,1.0,4.167,1
2026-06-23,4.155,4.155,4.155,4.155,0.0,4.155,0
2026-06-24,4.172,4.172,4.172,4.172,0.0,4.172,0
2026-06-25,4.156,4.156,4.156,4.156,0.0,4.156,0
2026-06-26,4.156,4.156,4.153,4.153,2.0,4.156,2
2026-06-29,4.152,4.152,4.152,4.152,0.0,4.152,0
2026-06-30,4.132,4.132,4.132,4.132,0.0,4.132,0
2026-07-01,4.114,4.114,4.114,4.114,0.0,4.114,0
2026-07-02,4.119,4.119,4.119,4.119,0.0,4.119,0
2026-07-06,4.137,4.137,4.137,4.137,0.0,4.137,0
2026-07-07,4.154,4.154,4.154,4.154,0.0,4.154,0
2026-07-08,4.144,4.152,4.144,4.152,1.0,4.144,1
2026-07-09,4.151,4.151,4.151,4.151,0.0,4.151,0
2026-07-10,4.15,4.15,4.15,4.15,0.0,4.15,0
2026-07-13,4.144,4.144,4.144,4.144,0.0,4.144,0
2026-07-14,4.151,4.151,4.151,4.151,0.0,4.151,0
2026-07-15,4.154,4.154,4.154,4.154,0.0,4.154,0
2026-07-16,4.121,4.121,4.121,4.121,0.0,4.121,0
2026-07-17,4.147,4.147,4.147,4.147,0.0,4.147,0
2026-07-20,4.162,4.162,4.162,4.162,0.0,4.162,0
2026-07-21,4.162,4.162,4.162,4.162,0.0,4.162,0
2026-07-22,4.192,4.192,4.192,4.192,0.0,4.192,0
2026-07-23,4.226,4.226,4.226,4.226,0.0,4.226,0
2026-07-24,4.215,4.215,4.215,4.215,0.0,4.215,0
2026-07-27,4.207,4.207,4.207,4.207,0.0,4.207,0
2026-07-28,4.204,4.204,4.204,4.204,0.0,4.204,0
2026-07-29,4.226,4.226,4.226,4.226,0.0,4.226,0
2026-07-30,4.225,4.225,4.225,4.225,0.0,4.225,0
2026-07-31,4.234,4.234,4.234,4.234,0.0,4.234,0
2026-08-03,4.244,4.244,4.244,4.244,0.0,4.244,0
2026-08-04,4.243,4.243,4.243,4.243,0.0,4.243,0
2026-08-05,4.225,4.225,4.225,4.225,0.0,4.225,0
2026-08-06,4.22,4.22,4.22,4.22,0.0,4.22,0
2026-08-07,4.228,4.228,4.228,4.228,0.0,4.228,0
2026-08-10,4.23,4.23,4.23,4.23,0.0,4.23,0
2026-08-11,4.249,4.249,4.249,4.249,0.0,4.249,0
2026-08-12,4.247,4.247,4.247,4.247,0.0,4.247,0
2026-08-13,4.226,4.226,4.226,4.226,0.0,4.226,0
2026-08-14,4.211,4.211,4.211,4.211,0.0,4.211,0
