date,open,high,low,close,volume,average,barCount
2017-11-22,50.63,50.63,50.63,50.63,0.0,50.63,0
2017-11-24,50.85,50.85,50.85,50.85,0.0,50.85,0
2017-11-27,51.4,51.4,51.4,51.4,0.0,51.4,0
2017-11-28,51.55,51.55,51.55,51.55,0.0,51.55,0
2017-11-29,51.79,51.79,51.79,51.79,0.0,51.79,0
2017-11-30,51.78,51.78,51.78,51.78,0.0,51.78,0
2017-12-01,51.63,51.63,51.63,51.63,0.0,51.63,0
2017-12-04,51.78,51.78,51.78,51.78,0.0,51.78,0
2017-12-05,51.88,51.88,51.88,51.88,0.0,51.88,0
2017-12-06,51.54,51.54,51.54,51.54,0.0,51.54,0
2017-12-07,52.01,52.01,52.01,52.01,0.0,52.01,0
2017-12-08,52.01,52.01,52.01,52.01,0.0,52.01,0
2017-12-11,52.1,52.1,52.1,52.1,0.0,52.1,0
2017-12-12,51.75,51.75,51.75,51.75,0.0,51.75,0
2017-12-13,50.72,50.72,50.72,50.72,0.0,50.72,0
2017-12-14,50.82,50.82,50.82,50.82,0.0,50.82,0
2017-12-15,50.47,50.47,50.47,50.47,0.0,50.47,0
2017-12-18,51.12,51.12,51.12,51.12,0.0,51.12,0
2017-12-19,51.61,51.61,51.61,51.61,0.0,51.61,0
2017-12-20,51.48,51.48,51.48,51.48,0.0,51.48,0
2017-12-21,51.56,51.56,51.56,51.56,0.0,51.56,0
2017-12-22,51.92,51.92,51.92,51.92,0.0,51.92,0
2017-12-26,52.3,52.3,52.3,52.3,0.0,52.3,0
2017-12-27,52.64,52.64,52.64,52.64,0.0,52.64,0
2017-12-28,52.77,52.77,52.77,52.77,0.0,52.77,0
2017-12-29,52.54,52.54,52.54,52.54,0.0,52.54,0
2018-01-02,52.36,52.36,52.36,52.36,0.0,52.36,0
2018-01-03,52.45,52.45,52.45,52.45,0.0,52.45,0
2018-01-04,52.5,52.5,52.5,52.5,0.0,52.5,0
2018-01-05,52.81,52.81,52.81,52.81,0.0,52.81,0
2018-01-08,53.27,53.27,53.27,53.27,0.0,53.27,0
2018-01-09,53.64,53.64,53.64,53.64,0.0,53.64,0
2018-01-10,53.4,53.4,53.4,53.4,0.0,53.4,0
2018-01-11,53.5,53.5,53.5,53.5,0.0,53.5,0
2018-01-12,53.59,53.59,53.59,53.59,0.0,53.59,0
2018-01-16,53.65,53.65,53.65,53.65,0.0,53.65,0
2018-01-17,53.93,53.93,53.93,53.93,0.0,53.93,0
2018-01-18,54.18,54.18,54.18,54.18,0.0,54.18,0
2018-01-19,54.48,54.48,54.48,54.48,0.0,54.48,0
2018-01-22,54.59,54.59,54.59,54.59,0.0,54.59,0
2018-01-23,54.81,54.81,54.81,54.81,0.0,54.81,0
2018-01-24,54.27,54.27,54.27,54.27,0.0,54.27,0
2018-01-25,54.45,54.45,54.45,54.45,0.0,54.45,0
2018-01-26,54.34,54.34,54.34,54.34,0.0,54.34,0
2018-01-29,53.97,53.97,53.97,53.97,0.0,53.97,0
2018-01-30,53.35,53.35,53.35,53.35,0.0,53.35,0
2018-01-31,53.16,53.16,53.16,53.16,0.0,53.16,0
2018-02-01,53.15,53.15,53.15,53.15,0.0,53.15,0
2018-02-02,52.19,52.19,52.19,52.19,0.0,52.19,0
2018-02-05,51.85,51.85,51.85,51.85,0.0,51.85,0
2018-02-06,51.6,51.6,51.6,51.6,0.0,51.6,0
2018-02-07,50.97,50.97,50.97,50.97,0.0,50.97,0
2018-02-08,51.0,51.0,51.0,51.0,0.0,51.0,0
2018-02-09,50.46,50.46,50.46,50.46,0.0,50.46,0
2018-02-12,50.69,50.69,50.69,50.69,0.0,50.69,0
2018-02-13,51.38,51.38,51.38,51.38,0.0,51.38,0
2018-02-14,51.35,51.35,51.35,51.35,0.0,51.35,0
2018-02-15,51.31,51.31,51.31,51.31,0.0,51.31,0
2018-02-16,51.6,51.6,51.6,51.6,0.0,51.6,0
2018-02-20,52.2,52.2,52.2,52.2,0.0,52.2,0
2018-02-21,52.24,52.24,52.24,52.24,0.0,52.24,0
2018-02-22,52.38,52.38,52.38,52.38,0.0,52.38,0
2018-02-23,53.17,53.17,53.17,53.17,0.0,53.17,0
2018-02-26,53.78,53.78,53.78,53.78,0.0,53.78,0
2018-02-27,53.38,53.38,53.38,53.38,0.0,53.38,0
2018-02-28,51.84,51.84,51.84,51.84,0.0,51.84,0
2018-03-01,51.53,51.53,51.53,51.53,0.0,51.53,0
2018-03-02,51.56,51.56,51.56,51.56,0.0,51.56,0
2018-03-05,52.25,52.25,52.25,52.25,0.0,52.25,0
2018-03-06,52.32,52.32,52.32,52.32,0.0,52.32,0
2018-03-07,51.72,51.72,51.72,51.72,0.0,51.72,0
2018-03-08,51.73,51.73,51.73,51.73,0.0,51.73,0
2018-03-09,52.7,52.7,52.7,52.7,0.0,52.7,0
2018-03-12,52.6,52.6,52.6,52.6,0.0,52.6,0
2018-03-13,52.49,52.49,52.49,52.49,0.0,52.49,0
2018-03-14,52.63,52.63,52.63,52.63,0.0,52.63,0
2018-03-15,52.42,52.42,52.42,52.42,0.0,52.42,0
2018-03-16,52.4,52.4,52.4,52.4,0.0,52.4,0
2018-03-19,51.99,51.99,51.99,51.99,0.0,51.99,0
2018-03-20,52.15,52.15,52.15,52.15,0.0,52.15,0
2018-03-21,52.86,52.86,52.86,52.86,0.0,52.86,0
2018-03-22,52.41,52.41,52.41,52.41,0.0,52.41,0
2018-03-23,52.82,52.82,52.82,52.82,0.0,52.82,0
2018-03-26,52.63,52.63,52.63,52.63,0.0,52.63,0
2018-03-27,52.63,52.63,52.63,52.63,0.0,52.63,0
2018-03-28,52.61,52.61,52.61,52.61,0.0,52.61,0
2018-03-29,52.39,52.39,52.39,52.39,0.0,52.39,0
2018-04-02,51.45,51.45,51.45,51.45,0.0,51.45,0
2018-04-03,51.83,51.83,51.83,51.83,0.0,51.83,0
2018-04-04,51.79,51.79,51.79,51.79,0.0,51.79,0
2018-04-05,52.0,52.0,52.0,52.0,0.0,52.0,0
2018-04-06,51.3,51.3,51.3,51.3,0.0,51.3,0
2018-04-09,51.45,51.45,51.45,51.45,0.0,51.45,0
2018-04-10,51.74,51.74,51.74,51.74,0.0,51.74,0
2018-04-11,52.04,52.04,52.04,52.04,0.0,52.04,0
2018-04-12,51.71,51.71,51.71,51.71,0.0,51.71,0
2018-04-13,51.64,51.64,51.64,51.64,0.0,51.64,0
2018-04-16,51.61,51.61,51.61,51.61,0.0,51.61,0
2018-04-17,51.56,51.56,51.56,51.56,0.0,51.56,0
2018-04-18,51.47,51.47,51.47,51.47,0.0,51.47,0
2018-04-19,51.65,51.65,51.65,51.65,0.0,51.65,0
2018-04-20,51.59,51.59,51.59,51.59,0.0,51.59,0
2018-04-23,51.92,51.92,51.92,51.92,0.0,51.92,0
2018-04-24,51.48,51.48,51.48,51.48,0.0,51.48,0
2018-04-25,51.37,51.37,51.37,51.37,0.0,51.37,0
2018-04-26,51.4,51.4,51.4,51.4,0.0,51.4,0
2018-04-27,51.06,51.06,51.06,51.06,0.0,51.06,0
2018-04-30,51.22,51.22,51.22,51.22,0.0,51.22,0
2018-05-01,50.93,50.93,50.93,50.93,0.0,50.93,0
2018-05-02,50.88,50.88,50.88,50.88,0.0,50.88,0
2018-05-03,51.33,51.33,51.33,51.33,0.0,51.33,0
2018-05-04,52.0,52.0,52.0,52.0,0.0,52.0,0
2018-05-07,52.33,52.33,52.33,52.33,0.0,52.33,0
2018-05-08,51.87,51.87,51.87,51.87,0.0,51.87,0
2018-05-09,52.68,52.68,52.68,52.68,0.0,52.68,0
2018-05-10,53.03,53.03,53.03,53.03,0.0,53.03,0
2018-05-11,53.22,53.22,53.22,53.22,0.0,53.22,0
2018-05-14,53.55,53.55,53.55,53.55,0.0,53.55,0
2018-05-15,53.98,53.98,53.98,53.98,0.0,53.98,0
2018-05-16,53.86,53.86,53.86,53.86,0.0,53.86,0
2018-05-17,54.48,54.48,54.48,54.48,0.0,54.48,0
2018-05-18,54.45,54.45,54.45,54.45,0.0,54.45,0
2018-05-21,54.83,54.83,54.83,54.83,0.0,54.83,0
2018-05-22,54.56,54.56,54.56,54.56,0.0,54.56,0
2018-05-23,53.7,53.7,53.7,53.7,0.0,53.7,0
2018-05-24,53.52,53.52,53.52,53.52,0.0,53.52,0
2018-05-25,52.56,52.56,52.56,52.56,0.0,52.56,0
2018-05-29,52.58,52.58,52.58,52.58,0.0,52.58,0
2018-05-30,52.88,52.88,52.88,52.88,0.0,52.88,0
2018-05-31,52.96,52.96,52.96,52.96,0.0,52.96,0
2018-06-01,54.16,54.16,54.16,54.16,0.0,54.16,0
2018-06-04,53.7,53.7,53.7,53.7,0.0,53.7,0
2018-06-05,53.78,53.78,53.78,53.78,0.0,53.78,0
2018-06-06,53.37,53.37,53.37,53.37,0.0,53.37,0
2018-06-07,53.8,53.8,53.8,53.8,0.0,53.8,0
2018-06-08,54.04,54.04,54.04,54.04,0.0,54.04,0
2018-06-11,54.29,54.29,54.29,54.29,0.0,54.29,0
2018-06-12,54.09,54.09,54.09,54.09,0.0,54.09,0
2018-06-13,55.15,55.15,55.15,55.15,0.0,55.15,0
2018-06-14,53.46,53.46,53.46,53.46,0.0,53.46,0
2018-06-15,52.11,52.11,52.11,52.11,0.0,52.11,0
2018-06-18,52.9,52.9,52.9,52.9,0.0,52.9,0
2018-06-19,52.6,52.6,52.6,52.6,0.0,52.6,0
2018-06-20,52.56,52.56,52.56,52.56,0.0,52.56,0
2018-06-21,52.37,52.37,52.37,52.37,0.0,52.37,0
2018-06-22,53.48,53.48,53.48,53.48,0.0,53.48,0
2018-06-25,53.57,53.57,53.57,53.57,0.0,53.57,0
2018-06-26,54.45,54.45,54.45,54.45,0.0,54.45,0
2018-06-27,54.46,54.46,54.46,54.46,0.0,54.46,0
2018-06-28,53.91,53.91,53.91,53.91,0.0,53.91,0
2018-06-29,53.45,53.45,53.45,53.45,0.0,53.45,0
2018-07-02,53.32,53.32,53.32,53.32,0.0,53.32,0
2018-07-03,53.14,53.14,53.14,53.14,0.0,53.14,0
2018-07-05,53.68,53.68,53.68,53.68,0.0,53.68,0
2018-07-06,53.97,53.97,53.97,53.97,0.0,53.97,0
2018-07-09,54.03,54.03,54.03,54.03,0.0,54.03,0
2018-07-10,53.9,53.9,53.9,53.9,0.0,53.9,0
2018-07-11,53.08,53.08,53.08,53.08,0.0,53.08,0
2018-07-12,53.83,53.83,53.83,53.83,0.0,53.83,0
2018-07-13,53.41,53.41,53.41,53.41,0.0,53.41,0
2018-07-16,51.95,51.95,51.95,51.95,0.0,51.95,0
2018-07-17,52.31,52.31,52.31,52.31,0.0,52.31,0
2018-07-18,52.97,52.97,52.97,52.97,0.0,52.97,0
2018-07-19,53.06,53.06,53.06,53.06,0.0,53.06,0
2018-07-20,53.16,53.16,53.16,53.16,0.0,53.16,0
2018-07-23,54.14,54.14,54.14,54.14,0.0,54.14,0
2018-07-24,54.76,54.76,54.76,54.76,0.0,54.76,0
2018-07-25,55.06,55.06,55.06,55.06,0.0,55.06,0
2018-07-26,55.33,55.33,55.33,55.33,0.0,55.33,0
2018-07-27,54.85,54.85,54.85,54.85,0.0,54.85,0
2018-07-30,54.71,54.71,54.71,54.71,0.0,54.71,0
2018-07-31,54.42,54.42,54.42,54.42,0.0,54.42,0
2018-08-01,53.74,53.74,53.74,53.74,0.0,53.74,0
2018-08-02,54.13,54.13,54.13,54.13,0.0,54.13,0
2018-08-03,54.33,54.33,54.33,54.33,0.0,54.33,0
2018-08-06,54.69,54.69,54.69,54.69,0.0,54.69,0
2018-08-07,55.27,55.27,55.27,55.27,0.0,55.27,0
2018-08-08,54.16,54.16,54.16,54.16,0.0,54.16,0
2018-08-09,54.47,54.47,54.47,54.47,0.0,54.47,0
2018-08-10,54.35,54.35,54.35,54.35,0.0,54.35,0
2018-08-13,54.27,54.27,54.27,54.27,0.0,54.27,0
2018-08-14,54.82,54.82,54.82,54.82,0.0,54.82,0
2018-08-15,54.41,54.41,54.41,54.41,0.0,54.41,0
2018-08-16,54.71,54.71,54.71,54.71,0.0,54.71,0
2018-08-17,54.99,54.99,54.99,54.99,0.0,54.99,0
2018-08-20,54.85,54.85,54.85,54.85,0.0,54.85,0
2018-08-21,54.68,54.68,54.68,54.68,0.0,54.68,0
2018-08-22,55.57,55.57,55.57,55.57,0.0,55.57,0
2018-08-23,55.66,55.66,55.66,55.66,0.0,55.66,0
2018-08-24,55.99,55.99,55.99,55.99,0.0,55.99,0
2018-08-27,56.13,56.13,56.13,56.13,0.0,56.13,0
2018-08-28,56.04,56.04,56.04,56.04,0.0,56.04,0
2018-08-29,56.12,56.12,56.12,56.12,0.0,56.12,0
2018-08-30,55.96,55.96,55.96,55.96,0.0,55.96,0
2018-08-31,55.52,55.52,55.52,55.52,0.0,55.52,0
2018-09-04,55.64,55.64,55.64,55.64,0.0,55.64,0
2018-09-05,55.19,55.19,55.19,55.19,0.0,55.19,0
2018-09-06,54.77,54.77,54.77,54.77,0.0,54.77,0
2018-09-07,54.77,54.77,54.77,54.77,0.0,54.77,0
2018-09-10,54.83,54.83,54.83,54.83,0.0,54.83,0
2018-09-11,55.46,55.46,55.46,55.46,0.0,55.46,0
2018-09-12,56.11,56.11,56.11,56.11,0.0,56.11,0
2018-09-13,55.44,55.44,55.44,55.44,0.0,55.44,0
2018-09-14,55.87,55.87,55.87,55.87,0.0,55.87,0
2018-09-17,56.18,56.18,56.18,56.18,0.0,56.18,0
2018-09-18,56.09,56.09,56.09,56.09,0.0,56.09,0
2018-09-19,56.18,56.18,56.18,56.18,0.0,56.18,0
2018-09-20,55.98,55.98,55.98,55.98,0.0,55.98,0
2018-09-21,55.96,55.96,55.96,55.96,0.0,55.96,0
2018-09-24,56.42,56.42,56.42,56.42,0.0,56.42,0
2018-09-25,56.89,56.89,56.89,56.89,0.0,56.89,0
2018-09-26,56.6,56.6,56.6,56.6,0.0,56.6,0
2018-09-27,56.92,56.92,56.92,56.92,0.0,56.92,0
2018-09-28,57.22,57.22,57.22,57.22,0.0,57.22,0
2018-10-01,58.19,58.19,58.19,58.19,0.0,58.19,0
2018-10-02,58.22,58.22,58.22,58.22,0.0,58.22,0
2018-10-03,59.46,59.46,59.46,59.46,0.0,59.46,0
2018-10-04,58.16,58.16,58.16,58.16,0.0,58.16,0
2018-10-05,58.49,58.49,58.49,58.49,0.0,58.49,0
2018-10-08,58.45,58.45,58.45,58.45,0.0,58.45,0
2018-10-09,58.98,58.98,58.98,58.98,0.0,58.98,0
2018-10-10,57.47,57.47,57.47,57.47,0.0,57.47,0
2018-10-11,56.18,56.18,56.18,56.18,0.0,56.18,0
2018-10-12,56.32,56.32,56.32,56.32,0.0,56.32,0
2018-10-15,55.42,55.42,55.42,55.42,0.0,55.42,0
2018-10-16,55.29,55.29,55.29,55.29,0.0,55.29,0
2018-10-17,54.73,54.73,54.73,54.73,0.0,54.73,0
2018-10-18,54.57,54.57,54.57,54.57,0.0,54.57,0
2018-10-19,54.86,54.86,54.86,54.86,0.0,54.86,0
2018-10-22,56.12,56.12,56.12,56.12,0.0,56.12,0
2018-10-23,55.59,55.59,55.59,55.59,0.0,55.59,0
2018-10-24,55.18,55.18,55.18,55.18,0.0,55.18,0
2018-10-25,55.05,55.05,55.05,55.05,0.0,55.05,0
2018-10-26,55.58,55.58,55.58,55.58,0.0,55.58,0
2018-10-29,55.86,55.86,55.86,55.86,0.0,55.86,0
2018-10-30,54.8,54.8,54.8,54.8,0.0,54.8,0
2018-10-31,54.42,54.42,54.42,54.42,0.0,54.42,0
2018-11-01,53.14,53.14,53.14,53.14,0.0,53.14,0
2018-11-02,53.47,53.47,53.47,53.47,0.0,53.47,0
2018-11-05,54.05,54.05,54.05,54.05,0.0,54.05,0
2018-11-06,54.74,54.74,54.74,54.74,0.0,54.74,0
2018-11-07,57.65,57.65,57.65,57.65,0.0,57.65,0
2018-11-08,57.42,57.42,57.42,57.42,0.0,57.42,0
2018-11-09,57.24,57.24,57.24,57.24,0.0,57.24,0
2018-11-12,57.11,57.11,57.11,57.11,0.0,57.11,0
2018-11-13,55.85,55.85,55.85,55.85,0.0,55.85,0
2018-11-14,56.31,56.31,56.31,56.31,0.0,56.31,0
2018-11-15,54.94,54.94,54.94,54.94,0.0,54.94,0
2018-11-16,54.63,54.63,54.63,54.63,0.0,54.63,0
2018-11-19,55.12,55.12,55.12,55.12,0.0,55.12,0
2018-11-20,52.68,52.68,52.68,52.68,0.0,52.68,0
2018-11-21,53.2,53.2,53.2,53.2,0.0,53.2,0
2018-11-23,51.88,51.88,51.88,51.88,0.0,51.88,0
2018-11-26,52.52,52.52,52.52,52.52,0.0,52.52,0
2018-11-27,53.31,53.31,53.31,53.31,0.0,53.31,0
2018-11-28,53.62,53.62,53.62,53.62,0.0,53.62,0
2018-11-29,53.84,53.84,53.84,53.84,0.0,53.84,0
2018-11-30,52.29,52.29,52.29,52.29,0.0,52.29,0
2018-12-03,53.55,53.55,53.55,53.55,0.0,53.55,0
2018-12-04,53.71,53.71,53.71,53.71,0.0,53.71,0
2018-12-05,53.4,53.4,53.4,53.4,0.0,53.4,0
2018-12-06,52.81,52.81,52.81,52.81,0.0,52.81,0
2018-12-07,52.31,52.31,52.31,52.31,0.0,52.31,0
2018-12-10,51.32,51.32,51.32,51.32,0.0,51.32,0
2018-12-11,51.4,51.4,51.4,51.4,0.0,51.4,0
2018-12-12,51.55,51.55,51.55,51.55,0.0,51.55,0
2018-12-13,52.23,52.23,52.23,52.23,0.0,52.23,0
2018-12-14,51.77,51.77,51.77,51.77,0.0,51.77,0
2018-12-17,51.94,51.94,51.94,51.94,0.0,51.94,0
2018-12-18,50.53,50.53,50.53,50.53,0.0,50.53,0
2018-12-19,51.49,51.49,51.49,51.49,0.0,51.49,0
2018-12-20,51.06,51.06,51.06,51.06,0.0,51.06,0
2018-12-21,51.38,51.38,51.38,51.38,0.0,51.38,0
2018-12-24,50.82,50.82,50.82,50.82,0.0,50.82,0
2018-12-26,53.7,53.7,53.7,53.7,0.0,53.7,0
2018-12-27,52.14,52.14,52.14,52.14,0.0,52.14,0
2018-12-28,52.08,52.08,52.08,52.08,0.0,52.08,0
2018-12-31,53.11,53.11,53.11,53.11,0.0,53.11,0
2019-01-02,53.93,53.93,53.93,53.93,0.0,53.93,0
2019-01-03,54.17,54.17,54.17,54.17,0.0,54.17,0
2019-01-04,54.34,54.34,54.34,54.34,0.0,54.34,0
2019-01-07,54.07,54.07,54.07,54.07,0.0,54.07,0
2019-01-08,54.98,54.98,54.98,54.98,0.0,54.98,0
2019-01-09,55.88,55.88,55.88,55.88,0.0,55.88,0
2019-01-10,55.37,55.37,55.37,55.37,0.0,55.37,0
2019-01-11,54.48,54.48,54.48,54.48,0.0,54.48,0
2019-01-14,53.99,53.99,53.99,53.99,0.0,53.99,0
2019-01-15,54.51,54.51,54.51,54.51,0.0,54.51,0
2019-01-16,54.84,54.84,54.84,54.84,0.0,54.84,0
2019-01-17,54.05,54.05,54.05,54.05,0.0,54.05,0
2019-01-18,53.24,53.24,53.24,53.24,0.0,53.24,0
2019-01-22,53.74,53.74,53.74,53.74,0.0,53.74,0
2019-01-23,53.72,53.72,53.72,53.72,0.0,53.72,0
2019-01-24,53.85,53.85,53.85,53.85,0.0,53.85,0
2019-01-25,53.93,53.93,53.93,53.93,0.0,53.93,0
2019-01-28,53.79,53.79,53.79,53.79,0.0,53.79,0
2019-01-29,54.13,54.13,54.13,54.13,0.0,54.13,0
2019-01-30,53.77,53.77,53.77,53.77,0.0,53.77,0
2019-01-31,53.2,53.2,53.2,53.2,0.0,53.2,0
2019-02-01,54.41,54.41,54.41,54.41,0.0,54.41,0
2019-02-04,54.21,54.21,54.21,54.21,0.0,54.21,0
2019-02-05,53.82,53.82,53.82,53.82,0.0,53.82,0
2019-02-06,53.5,53.5,53.5,53.5,0.0,53.5,0
2019-02-07,53.02,53.02,53.02,53.02,0.0,53.02,0
2019-02-08,52.97,52.97,52.97,52.97,0.0,52.97,0
2019-02-11,53.14,53.14,53.14,53.14,0.0,53.14,0
2019-02-12,53.28,53.28,53.28,53.28,0.0,53.28,0
2019-02-13,53.82,53.82,53.82,53.82,0.0,53.82,0
2019-02-14,53.82,53.82,53.82,53.82,0.0,53.82,0
2019-02-15,54.11,54.11,54.11,54.11,0.0,54.11,0
2019-02-19,54.58,54.58,54.58,54.58,0.0,54.58,0
2019-02-20,54.49,54.49,54.49,54.49,0.0,54.49,0
2019-02-21,54.47,54.47,54.47,54.47,0.0,54.47,0
2019-02-22,54.19,54.19,54.19,54.19,0.0,54.19,0
2019-02-25,53.63,53.63,53.63,53.63,0.0,53.63,0
2019-02-26,53.81,53.81,53.81,53.81,0.0,53.81,0
2019-02-27,54.15,54.15,54.15,54.15,0.0,54.15,0
2019-02-28,54.18,54.18,54.18,54.18,0.0,54.18,0
2019-03-01,53.5,53.5,53.5,53.5,0.0,53.5,0
2019-03-04,54.34,54.34,54.34,54.34,0.0,54.34,0
2019-03-05,54.29,54.29,54.29,54.29,0.0,54.29,0
2019-03-06,54.3,54.3,54.3,54.3,0.0,54.3,0
2019-03-07,54.28,54.28,54.28,54.28,0.0,54.28,0
2019-03-08,54.0,54.0,54.0,54.0,0.0,54.0,0
2019-03-11,54.04,54.04,54.04,54.04,0.0,54.04,0
2019-03-12,54.16,54.16,54.16,54.16,0.0,54.16,0
2019-03-13,54.49,54.49,54.49,54.49,0.0,54.49,0
2019-03-14,54.3,54.3,54.3,54.3,0.0,54.3,0
2019-03-15,54.48,54.48,54.48,54.48,0.0,54.48,0
2019-03-18,54.65,54.65,54.65,54.65,0.0,54.65,0
2019-03-19,54.59,54.59,54.59,54.59,0.0,54.59,0
2019-03-20,54.43,54.43,54.43,54.43,0.0,54.43,0
2019-03-21,54.14,54.14,54.14,54.14,0.0,54.14,0
2019-03-22,53.79,53.79,53.79,53.79,0.0,53.79,0
2019-03-25,53.86,53.86,53.86,53.86,0.0,53.86,0
2019-03-26,53.64,53.64,53.64,53.64,0.0,53.64,0
2019-03-27,53.43,53.43,53.43,53.43,0.0,53.43,0
2019-03-28,53.68,53.68,53.68,53.68,0.0,53.68,0
2019-03-29,53.56,53.56,53.56,53.56,0.0,53.56,0
2019-04-01,53.32,53.32,53.32,53.32,0.0,53.32,0
2019-04-02,53.06,53.06,53.06,53.06,0.0,53.06,0
2019-04-03,53.35,53.35,53.35,53.35,0.0,53.35,0
2019-04-04,53.36,53.36,53.36,53.36,0.0,53.36,0
2019-04-05,53.52,53.52,53.52,53.52,0.0,53.52,0
2019-04-08,53.44,53.44,53.44,53.44,0.0,53.44,0
2019-04-09,53.8,53.8,53.8,53.8,0.0,53.8,0
2019-04-10,53.73,53.73,53.73,53.73,0.0,53.73,0
2019-04-11,53.74,53.74,53.74,53.74,0.0,53.74,0
2019-04-12,54.26,54.26,54.26,54.26,0.0,54.26,0
2019-04-15,54.76,54.76,54.76,54.76,0.0,54.76,0
2019-04-16,54.7,54.7,54.7,54.7,0.0,54.7,0
2019-04-17,54.41,54.41,54.41,54.41,0.0,54.41,0
2019-04-18,54.23,54.23,54.23,54.23,0.0,54.23,0
2019-04-22,54.3,54.3,54.3,54.3,0.0,54.3,0
2019-04-23,54.43,54.43,54.43,54.43,0.0,54.43,0
2019-04-24,54.45,54.45,54.45,54.45,0.0,54.45,0
2019-04-25,54.18,54.18,54.18,54.18,0.0,54.18,0
2019-04-26,54.03,54.03,54.03,54.03,0.0,54.03,0
2019-04-29,53.97,53.97,53.97,53.97,0.0,53.97,0
2019-04-30,54.05,54.05,54.05,54.05,0.0,54.05,0
2019-05-01,54.33,54.33,54.33,54.33,0.0,54.33,0
2019-05-02,53.45,53.45,53.45,53.45,0.0,53.45,0
2019-05-03,53.38,53.38,53.38,53.38,0.0,53.38,0
2019-05-06,53.8,53.8,53.8,53.8,0.0,53.8,0
2019-05-07,53.02,53.02,53.02,53.02,0.0,53.02,0
2019-05-08,53.65,53.65,53.65,53.65,0.0,53.65,0
2019-05-09,53.42,53.42,53.42,53.42,0.0,53.42,0
2019-05-10,53.29,53.29,53.29,53.29,0.0,53.29,0
2019-05-13,52.96,52.96,52.96,52.96,0.0,52.96,0
2019-05-14,53.24,53.24,53.24,53.24,0.0,53.24,0
2019-05-15,53.4,53.4,53.4,53.4,0.0,53.4,0
2019-05-16,53.3,53.3,53.3,53.3,0.0,53.3,0
2019-05-17,52.97,52.97,52.97,52.97,0.0,52.97,0
2019-05-20,53.56,53.56,53.56,53.56,0.0,53.56,0
2019-05-21,53.68,53.68,53.68,53.68,0.0,53.68,0
2019-05-22,53.22,53.22,53.22,53.22,0.0,53.22,0
2019-05-23,52.35,52.35,52.35,52.35,0.0,52.35,0
2019-05-24,53.42,53.42,53.42,53.42,0.0,53.42,0
2019-05-28,53.88,53.88,53.88,53.88,0.0,53.88,0
2019-05-29,53.76,53.76,53.76,53.76,0.0,53.76,0
2019-05-30,52.77,52.77,52.77,52.77,0.0,52.77,0
2019-05-31,51.74,51.74,51.74,51.74,0.0,51.74,0
2019-06-03,52.19,52.19,52.19,52.19,0.0,52.19,0
2019-06-04,52.13,52.13,52.13,52.13,0.0,52.13,0
2019-06-05,51.34,51.34,51.34,51.34,0.0,51.34,0
2019-06-06,52.09,52.09,52.09,52.09,0.0,52.09,0
2019-06-07,52.81,52.81,52.81,52.81,0.0,52.81,0
2019-06-10,53.22,53.22,53.22,53.22,0.0,53.22,0
2019-06-11,53.76,53.76,53.76,53.76,0.0,53.76,0
2019-06-12,52.65,52.65,52.65,52.65,0.0,52.65,0
2019-06-13,53.2,53.2,53.2,53.2,0.0,53.2,0
2019-06-14,53.3,53.3,53.3,53.3,0.0,53.3,0
2019-06-17,53.16,53.16,53.16,53.16,0.0,53.16,0
2019-06-18,54.11,54.11,54.11,54.11,0.0,54.11,0
2019-06-19,53.78,53.78,53.78,53.78,0.0,53.78,0
2019-06-20,54.63,54.63,54.63,54.63,0.0,54.63,0
2019-06-21,54.34,54.34,54.34,54.34,0.0,54.34,0
2019-06-24,54.8,54.8,54.8,54.8,0.0,54.8,0
2019-06-25,55.09,55.09,55.09,55.09,0.0,55.09,0
2019-06-26,55.15,55.15,55.15,55.15,0.0,55.15,0
2019-06-27,54.98,54.98,54.98,54.98,0.0,54.98,0
2019-06-28,54.46,54.46,54.46,54.46,0.0,54.46,0
2019-07-01,54.39,54.39,54.39,54.39,0.0,54.39,0
2019-07-02,53.71,53.71,53.71,53.71,0.0,53.71,0
2019-07-03,54.5,54.5,54.5,54.5,0.0,54.5,0
2019-07-05,54.18,54.18,54.18,54.18,0.0,54.18,0
2019-07-08,54.56,54.56,54.56,54.56,0.0,54.56,0
2019-07-09,55.06,55.06,55.06,55.06,0.0,55.06,0
2019-07-10,55.38,55.38,55.38,55.38,0.0,55.38,0
2019-07-11,54.68,54.68,54.68,54.68,0.0,54.68,0
2019-07-12,54.12,54.12,54.12,54.12,0.0,54.12,0
2019-07-15,53.81,53.81,53.81,53.81,0.0,53.81,0
2019-07-16,53.01,53.01,53.01,53.01,0.0,53.01,0
2019-07-17,53.49,53.49,53.49,53.49,0.0,53.49,0
2019-07-18,52.66,52.66,52.66,52.66,0.0,52.66,0
2019-07-19,53.55,53.55,53.55,53.55,0.0,53.55,0
2019-07-22,53.93,53.93,53.93,53.93,0.0,53.93,0
2019-07-23,53.42,53.42,53.42,53.42,0.0,53.42,0
2019-07-24,52.92,52.92,52.92,52.92,0.0,52.92,0
2019-07-25,53.21,53.21,53.21,53.21,0.0,53.21,0
2019-07-26,53.72,53.72,53.72,53.72,0.0,53.72,0
2019-07-29,53.2,53.2,53.2,53.2,0.0,53.2,0
2019-07-30,53.45,53.45,53.45,53.45,0.0,53.45,0
2019-07-31,53.63,53.63,53.63,53.63,0.0,53.63,0
2019-08-01,52.06,52.06,52.06,52.06,0.0,52.06,0
2019-08-02,53.76,53.76,53.76,53.76,0.0,53.76,0
2019-08-05,53.9,53.9,53.9,53.9,0.0,53.9,0
2019-08-06,53.45,53.45,53.45,53.45,0.0,53.45,0
2019-08-07,53.68,53.68,53.68,53.68,0.0,53.68,0
2019-08-08,53.64,53.64,53.64,53.64,0.0,53.64,0
2019-08-09,54.37,54.37,54.37,54.37,0.0,54.37,0
2019-08-12,54.41,54.41,54.41,54.41,0.0,54.41,0
2019-08-13,55.89,55.89,55.89,55.89,0.0,55.89,0
2019-08-14,54.56,54.56,54.56,54.56,0.0,54.56,0
2019-08-15,54.09,54.09,54.09,54.09,0.0,54.09,0
2019-08-16,53.98,53.98,53.98,53.98,0.0,53.98,0
2019-08-19,53.96,53.96,53.96,53.96,0.0,53.96,0
2019-08-20,53.43,53.43,53.43,53.43,0.0,53.43,0
2019-08-21,53.63,53.63,53.63,53.63,0.0,53.63,0
2019-08-22,53.5,53.5,53.5,53.5,0.0,53.5,0
2019-08-23,53.51,53.51,53.51,53.51,0.0,53.51,0
2019-08-26,53.42,53.42,53.42,53.42,0.0,53.42,0
2019-08-27,54.14,54.14,54.14,54.14,0.0,54.14,0
2019-08-28,54.08,54.08,54.08,54.08,0.0,54.08,0
2019-08-29,53.89,53.89,53.89,53.89,0.0,53.89,0
2019-08-30,52.78,52.78,52.78,52.78,0.0,52.78,0
2019-09-03,53.04,53.04,53.04,53.04,0.0,53.04,0
2019-09-04,53.82,53.82,53.82,53.82,0.0,53.82,0
2019-09-05,53.83,53.83,53.83,53.83,0.0,53.83,0
2019-09-06,53.81,53.81,53.81,53.81,0.0,53.81,0
2019-09-09,53.89,53.89,53.89,53.89,0.0,53.89,0
2019-09-10,53.87,53.87,53.87,53.87,0.0,53.87,0
2019-09-11,53.35,53.35,53.35,53.35,0.0,53.35,0
2019-09-12,53.14,53.14,53.14,53.14,0.0,53.14,0
2019-09-13,52.58,52.58,52.58,52.58,0.0,52.58,0
2019-09-16,53.8,53.8,53.8,53.8,0.0,53.8,0
2019-09-17,53.33,53.33,53.33,53.33,0.0,53.33,0
2019-09-18,52.65,52.65,52.65,52.65,0.0,52.65,0
2019-09-19,52.39,52.39,52.39,52.39,0.0,52.39,0
2019-09-20,52.62,52.62,52.62,52.62,0.0,52.62,0
2019-09-23,53.36,53.36,53.36,53.36,0.0,53.36,0
2019-09-24,52.72,52.72,52.72,52.72,0.0,52.72,0
2019-09-25,52.76,52.76,52.76,52.76,0.0,52.76,0
2019-09-26,52.87,52.87,52.87,52.87,0.0,52.87,0
2019-09-27,52.76,52.76,52.76,52.76,0.0,52.76,0
2019-09-30,52.36,52.36,52.36,52.36,0.0,52.36,0
2019-10-01,52.52,52.52,52.52,52.52,0.0,52.52,0
2019-10-02,52.57,52.57,52.57,52.57,0.0,52.57,0
2019-10-03,52.05,52.05,52.05,52.05,0.0,52.05,0
2019-10-04,52.97,52.97,52.97,52.97,0.0,52.97,0
2019-10-07,52.77,52.77,52.77,52.77,0.0,52.77,0
2019-10-08,52.74,52.74,52.74,52.74,0.0,52.74,0
2019-10-09,52.58,52.58,52.58,52.58,0.0,52.58,0
2019-10-10,52.1,52.1,52.1,52.1,0.0,52.1,0
2019-10-11,51.75,51.75,51.75,51.75,0.0,51.75,0
2019-10-14,51.86,51.86,51.86,51.86,0.0,51.86,0
2019-10-15,51.48,51.48,51.48,51.48,0.0,51.48,0
2019-10-16,51.65,51.65,51.65,51.65,0.0,51.65,0
2019-10-17,51.7,51.7,51.7,51.7,0.0,51.7,0
2019-10-18,51.49,51.49,51.49,51.49,0.0,51.49,0
2019-10-21,51.85,51.85,51.85,51.85,0.0,51.85,0
2019-10-22,51.86,51.86,51.86,51.86,0.0,51.86,0
2019-10-23,52.17,52.17,52.17,52.17,0.0,52.17,0
2019-10-24,52.3,52.3,52.3,52.3,0.0,52.3,0
2019-10-25,52.66,52.66,52.66,52.66,0.0,52.66,0
2019-10-28,52.22,52.22,52.22,52.22,0.0,52.22,0
2019-10-29,52.36,52.36,52.36,52.36,0.0,52.36,0
2019-10-30,51.72,51.72,51.72,51.72,0.0,51.72,0
2019-10-31,51.85,51.85,51.85,51.85,0.0,51.85,0
2019-11-01,53.16,53.16,53.16,53.16,0.0,53.16,0
2019-11-04,52.66,52.66,52.66,52.66,0.0,52.66,0
2019-11-05,53.02,53.02,53.02,53.02,0.0,53.02,0
2019-11-06,52.17,52.17,52.17,52.17,0.0,52.17,0
2019-11-07,52.28,52.28,52.28,52.28,0.0,52.28,0
2019-11-08,52.56,52.56,52.56,52.56,0.0,52.56,0
2019-11-11,52.51,52.51,52.51,52.51,0.0,52.51,0
2019-11-12,52.55,52.55,52.55,52.55,0.0,52.55,0
2019-11-13,52.63,52.63,52.63,52.63,0.0,52.63,0
2019-11-14,52.06,52.06,52.06,52.06,0.0,52.06,0
2019-11-15,52.5,52.5,52.5,52.5,0.0,52.5,0
2019-11-18,52.08,52.08,52.08,52.08,0.0,52.08,0
2019-11-19,51.74,51.74,51.74,51.74,0.0,51.74,0
2019-11-20,52.37,52.37,52.37,52.37,0.0,52.37,0
2019-11-21,52.75,52.75,52.75,52.75,0.0,52.75,0
2019-11-22,52.33,52.33,52.33,52.33,0.0,52.33,0
2019-11-25,52.43,52.43,52.43,52.43,0.0,52.43,0
2019-11-26,52.46,52.46,52.46,52.46,0.0,52.46,0
2019-11-27,51.99,51.99,51.99,51.99,0.0,51.99,0
2019-11-29,51.09,51.09,51.09,51.09,0.0,51.09,0
2019-12-02,51.93,51.93,51.93,51.93,0.0,51.93,0
2019-12-03,51.95,51.95,51.95,51.95,0.0,51.95,0
2019-12-04,52.45,52.45,52.45,52.45,0.0,52.45,0
2019-12-05,51.93,51.93,51.93,51.93,0.0,51.93,0
2019-12-06,51.59,51.59,51.59,51.59,0.0,51.59,0
2019-12-09,51.54,51.54,51.54,51.54,0.0,51.54,0
2019-12-10,51.7,51.7,51.7,51.7,0.0,51.7,0
2019-12-11,51.63,51.63,51.63,51.63,0.0,51.63,0
2019-12-12,51.8,51.8,51.8,51.8,0.0,51.8,0
2019-12-13,51.53,51.53,51.53,51.53,0.0,51.53,0
2019-12-16,51.98,51.98,51.98,51.98,0.0,51.98,0
2019-12-17,51.7,51.7,51.7,51.7,0.0,51.7,0
2019-12-18,51.84,51.84,51.84,51.84,0.0,51.84,0
2019-12-19,52.02,52.02,52.02,52.02,0.0,52.02,0
2019-12-20,52.03,52.03,52.03,52.03,0.0,52.03,0
2019-12-23,52.23,52.23,52.23,52.23,0.0,52.23,0
2019-12-24,52.3,52.3,52.3,52.3,0.0,52.3,0
2019-12-26,52.15,52.15,52.15,52.15,0.0,52.15,0
2019-12-27,52.62,52.62,52.62,52.62,0.0,52.62,0
2019-12-30,52.92,52.92,52.92,52.92,0.0,52.92,0
2019-12-31,52.57,52.57,52.57,52.57,0.0,52.57,0
2020-01-02,52.91,52.91,52.91,52.91,0.0,52.91,0
2020-01-03,52.63,52.63,52.63,52.63,0.0,52.63,0
2020-01-06,52.56,52.56,52.56,52.56,0.0,52.56,0
2020-01-07,52.89,52.89,52.89,52.89,0.0,52.89,0
2020-01-08,52.49,52.49,52.49,52.49,0.0,52.49,0
2020-01-09,52.89,52.89,52.89,52.89,0.0,52.89,0
2020-01-10,52.55,52.55,52.55,52.55,0.0,52.55,0
2020-01-13,52.59,52.59,52.59,52.59,0.0,52.59,0
2020-01-14,52.61,52.61,52.61,52.61,0.0,52.61,0
2020-01-15,52.09,52.09,52.09,52.09,0.0,52.09,0
2020-01-16,52.32,52.32,52.32,52.32,0.0,52.32,0
2020-01-17,52.33,52.33,52.33,52.33,0.0,52.33,0
2020-01-21,52.67,52.67,52.67,52.67,0.0,52.67,0
2020-01-22,52.27,52.27,52.27,52.27,0.0,52.27,0
2020-01-23,51.35,51.35,51.35,51.35,0.0,51.35,0
2020-01-24,50.84,50.84,50.84,50.84,0.0,50.84,0
2020-01-27,51.33,51.33,51.33,51.33,0.0,51.33,0
2020-01-28,51.38,51.38,51.38,51.38,0.0,51.38,0
2020-01-29,51.27,51.27,51.27,51.27,0.0,51.27,0
2020-01-30,51.58,51.58,51.58,51.58,0.0,51.58,0
2020-01-31,51.68,51.68,51.68,51.68,0.0,51.68,0
2020-02-03,51.86,51.86,51.86,51.86,0.0,51.86,0
2020-02-04,51.7,51.7,51.7,51.7,0.0,51.7,0
2020-02-05,51.72,51.72,51.72,51.72,0.0,51.72,0
2020-02-06,52.32,52.32,52.32,52.32,0.0,52.32,0
2020-02-07,52.51,52.51,52.51,52.51,0.0,52.51,0
2020-02-10,52.63,52.63,52.63,52.63,0.0,52.63,0
2020-02-11,52.23,52.23,52.23,52.23,0.0,52.23,0
2020-02-12,51.82,51.82,51.82,51.82,0.0,51.82,0
2020-02-13,51.33,51.33,51.33,51.33,0.0,51.33,0
2020-02-14,51.39,51.39,51.39,51.39,0.0,51.39,0
2020-02-18,52.05,52.05,52.05,52.05,0.0,52.05,0
2020-02-19,52.16,52.16,52.16,52.16,0.0,52.16,0
2020-02-20,52.31,52.31,52.31,52.31,0.0,52.31,0
2020-02-21,52.26,52.26,52.26,52.26,0.0,52.26,0
2020-02-24,52.15,52.15,52.15,52.15,0.0,52.15,0
2020-02-25,50.86,50.86,50.86,50.86,0.0,50.86,0
2020-02-26,50.53,50.53,50.53,50.53,0.0,50.53,0
2020-02-27,50.59,50.59,50.59,50.59,0.0,50.59,0
2020-02-28,49.3,49.3,49.3,49.3,0.0,49.3,0
2020-03-02,50.05,50.05,50.05,50.05,0.0,50.05,0
2020-03-03,50.23,50.23,50.23,50.23,0.0,50.23,0
2020-03-04,50.34,50.34,50.34,50.34,0.0,50.34,0
2020-03-05,50.44,50.44,50.44,50.44,0.0,50.44,0
2020-03-06,50.06,50.06,50.06,50.06,0.0,50.06,0
2020-03-09,47.2,47.2,47.2,47.2,0.0,47.2,0
2020-03-10,48.12,48.12,48.12,48.12,0.0,48.12,0
2020-03-11,48.44,48.44,48.44,48.44,0.0,48.44,0
2020-03-12,49.23,49.23,49.23,49.23,0.0,49.23,0
2020-03-13,48.33,48.33,48.33,48.33,0.0,48.33,0
2020-03-16,45.94,45.94,45.94,45.94,0.0,45.94,0
2020-03-17,45.91,45.91,45.91,45.91,0.0,45.91,0
2020-03-18,43.0,43.0,43.0,43.0,0.0,43.0,0
2020-03-19,42.74,42.74,42.74,42.74,0.0,42.74,0
2020-03-20,41.34,41.34,41.34,41.34,0.0,41.34,0
2020-03-23,42.35,42.35,42.35,42.35,0.0,42.35,0
2020-03-24,43.18,43.18,43.18,43.18,0.0,43.18,0
2020-03-25,44.32,44.32,44.32,44.32,0.0,44.32,0
2020-03-26,44.06,44.06,44.06,44.06,0.0,44.06,0
2020-03-27,44.82,44.82,44.82,44.82,0.0,44.82,0
2020-03-30,45.69,45.69,45.69,45.69,0.0,45.69,0
2020-03-31,45.96,45.96,45.96,45.96,0.0,45.96,0
2020-04-01,45.38,45.38,45.38,45.38,0.0,45.38,0
2020-04-02,45.32,45.32,45.32,45.32,0.0,45.32,0
2020-04-03,44.78,44.78,44.78,44.78,0.0,44.78,0
2020-04-06,45.73,45.73,45.73,45.73,0.0,45.73,0
2020-04-07,46.6,46.6,46.6,46.6,0.0,46.6,0
2020-04-08,46.09,46.09,46.09,46.09,0.0,46.09,0
2020-04-09,46.2,46.2,46.2,46.2,0.0,46.2,0
2020-04-13,46.73,46.73,46.73,46.73,0.0,46.73,0
2020-04-14,47.72,47.72,47.72,47.72,0.0,47.72,0
2020-04-15,46.23,46.23,46.23,46.23,0.0,46.23,0
2020-04-16,45.89,45.89,45.89,45.89,0.0,45.89,0
2020-04-17,46.0,46.0,46.0,46.0,0.0,46.0,0
2020-04-20,45.83,45.83,45.83,45.83,0.0,45.83,0
2020-04-21,43.85,43.85,43.85,43.85,0.0,43.85,0
2020-04-22,45.93,45.93,45.93,45.93,0.0,45.93,0
2020-04-23,45.17,45.17,45.17,45.17,0.0,45.17,0
2020-04-24,44.87,44.87,44.87,44.87,0.0,44.87,0
2020-04-27,44.66,44.66,44.66,44.66,0.0,44.66,0
2020-04-28,44.94,44.94,44.94,44.94,0.0,44.94,0
2020-04-29,44.74,44.74,44.74,44.74,0.0,44.74,0
2020-04-30,45.67,45.67,45.67,45.67,0.0,45.67,0
2020-05-01,44.65,44.65,44.65,44.65,0.0,44.65,0
2020-05-04,44.39,44.39,44.39,44.39,0.0,44.39,0
2020-05-05,44.59,44.59,44.59,44.59,0.0,44.59,0
2020-05-06,44.38,44.38,44.38,44.38,0.0,44.38,0
2020-05-07,45.03,45.03,45.03,45.03,0.0,45.03,0
2020-05-08,46.89,46.89,46.89,46.89,0.0,46.89,0
2020-05-11,45.86,45.86,45.86,45.86,0.0,45.86,0
2020-05-12,45.96,45.96,45.96,45.96,0.0,45.96,0
2020-05-13,46.43,46.43,46.43,46.43,0.0,46.43,0
2020-05-14,46.5,46.5,46.5,46.5,0.0,46.5,0
2020-05-15,46.22,46.22,46.22,46.22,0.0,46.22,0
2020-05-18,47.22,47.22,47.22,47.22,0.0,47.22,0
2020-05-19,46.67,46.67,46.67,46.67,0.0,46.67,0
2020-05-20,47.67,47.67,47.67,47.67,0.0,47.67,0
2020-05-21,47.43,47.43,47.43,47.43,0.0,47.43,0
2020-05-22,47.07,47.07,47.07,47.07,0.0,47.07,0
2020-05-26,48.3,48.3,48.3,48.3,0.0,48.3,0
2020-05-27,48.18,48.18,48.18,48.18,0.0,48.18,0
2020-05-28,49.13,49.13,49.13,49.13,0.0,49.13,0
2020-05-29,48.9,48.9,48.9,48.9,0.0,48.9,0
2020-06-01,49.13,49.13,49.13,49.13,0.0,49.13,0
2020-06-02,49.34,49.34,49.34,49.34,0.0,49.34,0
2020-06-03,49.45,49.45,49.45,49.45,0.0,49.45,0
2020-06-04,49.93,49.93,49.93,49.93,0.0,49.93,0
2020-06-05,49.75,49.75,49.75,49.75,0.0,49.75,0
2020-06-08,48.35,48.35,48.35,48.35,0.0,48.35,0
2020-06-09,48.91,48.91,48.91,48.91,0.0,48.91,0
2020-06-10,49.07,49.07,49.07,49.07,0.0,49.07,0
2020-06-11,47.2,47.2,47.2,47.2,0.0,47.2,0
2020-06-12,46.78,46.78,46.78,46.78,0.0,46.78,0
2020-06-15,47.8,47.8,47.8,47.8,0.0,47.8,0
2020-06-16,47.75,47.75,47.75,47.75,0.0,47.75,0
2020-06-17,46.8,46.8,46.8,46.8,0.0,46.8,0
2020-06-18,46.61,46.61,46.61,46.61,0.0,46.61,0
2020-06-19,46.43,46.43,46.43,46.43,0.0,46.43,0
2020-06-22,46.96,46.96,46.96,46.96,0.0,46.96,0
2020-06-23,46.47,46.47,46.47,46.47,0.0,46.47,0
2020-06-24,45.81,45.81,45.81,45.81,0.0,45.81,0
2020-06-25,45.94,45.94,45.94,45.94,0.0,45.94,0
2020-06-26,46.01,46.01,46.01,46.01,0.0,46.01,0
2020-06-29,46.79,46.79,46.79,46.79,0.0,46.79,0
2020-06-30,46.02,46.02,46.02,46.02,0.0,46.02,0
2020-07-01,46.26,46.26,46.26,46.26,0.0,46.26,0
2020-07-02,46.74,46.74,46.74,46.74,0.0,46.74,0
2020-07-06,46.89,46.89,46.89,46.89,0.0,46.89,0
2020-07-07,46.86,46.86,46.86,46.86,0.0,46.86,0
2020-07-08,47.48,47.48,47.48,47.48,0.0,47.48,0
2020-07-09,47.49,47.49,47.49,47.49,0.0,47.49,0
2020-07-10,47.64,47.64,47.64,47.64,0.0,47.64,0
2020-07-13,47.29,47.29,47.29,47.29,0.0,47.29,0
2020-07-14,47.55,47.55,47.55,47.55,0.0,47.55,0
2020-07-15,47.78,47.78,47.78,47.78,0.0,47.78,0
2020-07-16,47.59,47.59,47.59,47.59,0.0,47.59,0
2020-07-17,47.56,47.56,47.56,47.56,0.0,47.56,0
2020-07-20,47.63,47.63,47.63,47.63,0.0,47.63,0
2020-07-21,47.85,47.85,47.85,47.85,0.0,47.85,0
2020-07-22,47.75,47.75,47.75,47.75,0.0,47.75,0
2020-07-23,47.67,47.67,47.67,47.67,0.0,47.67,0
2020-07-24,48.36,48.36,48.36,48.36,0.0,48.36,0
2020-07-27,48.57,48.57,48.57,48.57,0.0,48.57,0
2020-07-28,48.46,48.46,48.46,48.46,0.0,48.46,0
2020-07-29,48.63,48.63,48.63,48.63,0.0,48.63,0
2020-07-30,47.77,47.77,47.77,47.77,0.0,47.77,0
2020-07-31,48.2,48.2,48.2,48.2,0.0,48.2,0
2020-08-03,49.02,49.02,49.02,49.02,0.0,49.02,0
2020-08-04,48.99,48.99,48.99,48.99,0.0,48.99,0
2020-08-05,48.83,48.83,48.83,48.83,0.0,48.83,0
2020-08-06,48.85,48.85,48.85,48.85,0.0,48.85,0
2020-08-07,48.57,48.57,48.57,48.57,0.0,48.57,0
2020-08-10,48.66,48.66,48.66,48.66,0.0,48.66,0
2020-08-11,48.41,48.41,48.41,48.41,0.0,48.41,0
2020-08-12,48.86,48.86,48.86,48.86,0.0,48.86,0
2020-08-13,48.8,48.8,48.8,48.8,0.0,48.8,0
2020-08-14,48.55,48.55,48.55,48.55,0.0,48.55,0
2020-08-17,49.16,49.16,49.16,49.16,0.0,49.16,0
2020-08-18,48.85,48.85,48.85,48.85,0.0,48.85,0
2020-08-19,49.08,49.08,49.08,49.08,0.0,49.08,0
2020-08-20,49.01,49.01,49.01,49.01,0.0,49.01,0
2020-08-21,48.86,48.86,48.86,48.86,0.0,48.86,0
2020-08-24,49.39,49.39,49.39,49.39,0.0,49.39,0
2020-08-25,49.8,49.8,49.8,49.8,0.0,49.8,0
2020-08-26,49.84,49.84,49.84,49.84,0.0,49.84,0
2020-08-27,49.36,49.36,49.36,49.36,0.0,49.36,0
2020-08-28,50.1,50.1,50.1,50.1,0.0,50.1,0
2020-08-31,49.69,49.69,49.69,49.69,0.0,49.69,0
2020-09-01,49.95,49.95,49.95,49.95,0.0,49.95,0
2020-09-02,49.37,49.37,49.37,49.37,0.0,49.37,0
2020-09-03,49.79,49.79,49.79,49.79,0.0,49.79,0
2020-09-04,49.62,49.62,49.62,49.62,0.0,49.62,0
2020-09-08,48.26,48.26,48.26,48.26,0.0,48.26,0
2020-09-09,48.72,48.72,48.72,48.72,0.0,48.72,0
2020-09-10,48.6,48.6,48.6,48.6,0.0,48.6,0
2020-09-11,48.38,48.38,48.38,48.38,0.0,48.38,0
2020-09-14,48.68,48.68,48.68,48.68,0.0,48.68,0
2020-09-15,49.44,49.44,49.44,49.44,0.0,49.44,0
2020-09-16,49.2,49.2,49.2,49.2,0.0,49.2,0
2020-09-17,49.25,49.25,49.25,49.25,0.0,49.25,0
2020-09-18,48.85,48.85,48.85,48.85,0.0,48.85,0
2020-09-21,47.88,47.88,47.88,47.88,0.0,47.88,0
2020-09-22,47.96,47.96,47.96,47.96,0.0,47.96,0
2020-09-23,47.93,47.93,47.93,47.93,0.0,47.93,0
2020-09-24,48.14,48.14,48.14,48.14,0.0,48.14,0
2020-09-25,47.88,47.88,47.88,47.88,0.0,47.88,0
2020-09-28,47.79,47.79,47.79,47.79,0.0,47.79,0
2020-09-29,46.68,46.68,46.68,46.68,0.0,46.68,0
2020-09-30,47.06,47.06,47.06,47.06,0.0,47.06,0
2020-10-01,46.58,46.58,46.58,46.58,0.0,46.58,0
2020-10-02,45.63,45.63,45.63,45.63,0.0,45.63,0
2020-10-05,46.77,46.77,46.77,46.77,0.0,46.77,0
2020-10-06,47.19,47.19,47.19,47.19,0.0,47.19,0
2020-10-07,46.44,46.44,46.44,46.44,0.0,46.44,0
2020-10-08,46.66,46.66,46.66,46.66,0.0,46.66,0
2020-10-09,45.88,45.88,45.88,45.88,0.0,45.88,0
2020-10-12,45.58,45.58,45.58,45.58,0.0,45.58,0
2020-10-13,45.7,45.7,45.7,45.7,0.0,45.7,0
2020-10-14,46.03,46.03,46.03,46.03,0.0,46.03,0
2020-10-15,46.44,46.44,46.44,46.44,0.0,46.44,0
2020-10-16,46.36,46.36,46.36,46.36,0.0,46.36,0
2020-10-19,46.23,46.23,46.23,46.23,0.0,46.23,0
2020-10-20,46.63,46.63,46.63,46.63,0.0,46.63,0
2020-10-21,45.72,45.72,45.72,45.72,0.0,45.72,0
2020-10-22,46.04,46.04,46.04,46.04,0.0,46.04,0
2020-10-23,45.49,45.49,45.49,45.49,0.0,45.49,0
2020-10-26,44.84,44.84,44.84,44.84,0.0,44.84,0
2020-10-27,45.31,45.31,45.31,45.31,0.0,45.31,0
2020-10-28,44.41,44.41,44.41,44.41,0.0,44.41,0
2020-10-29,43.71,43.71,43.71,43.71,0.0,43.71,0
2020-10-30,44.21,44.21,44.21,44.21,0.0,44.21,0
2020-11-02,45.17,45.17,45.17,45.17,0.0,45.17,0
2020-11-03,44.96,44.96,44.96,44.96,0.0,44.96,0
2020-11-04,45.55,45.55,45.55,45.55,0.0,45.55,0
2020-11-05,45.26,45.26,45.26,45.26,0.0,45.26,0
2020-11-06,44.59,44.59,44.59,44.59,0.0,44.59,0
2020-11-09,45.83,45.83,45.83,45.83,0.0,45.83,0
2020-11-10,45.61,45.61,45.61,45.61,0.0,45.61,0
2020-11-11,46.1,46.1,46.1,46.1,0.0,46.1,0
2020-11-12,45.66,45.66,45.66,45.66,0.0,45.66,0
2020-11-13,45.09,45.09,45.09,45.09,0.0,45.09,0
2020-11-16,45.28,45.28,45.28,45.28,0.0,45.28,0
2020-11-17,45.19,45.19,45.19,45.19,0.0,45.19,0
2020-11-18,45.39,45.39,45.39,45.39,0.0,45.39,0
2020-11-19,45.03,45.03,45.03,45.03,0.0,45.03,0
2020-11-20,44.98,44.98,44.98,44.98,0.0,44.98,0
2020-11-23,45.07,45.07,45.07,45.07,0.0,45.07,0
2020-11-24,44.95,44.95,44.95,44.95,0.0,44.95,0
2020-11-25,45.84,45.84,45.84,45.84,0.0,45.84,0
2020-11-27,45.7,45.7,45.7,45.7,0.0,45.7,0
2020-11-30,45.47,45.47,45.47,45.47,0.0,45.47,0
2020-12-01,44.25,44.25,44.25,44.25,0.0,44.25,0
2020-12-02,43.72,43.72,43.72,43.72,0.0,43.72,0
2020-12-03,42.74,42.74,42.74,42.74,0.0,42.74,0
2020-12-04,43.39,43.39,43.39,43.39,0.0,43.39,0
2020-12-07,43.53,43.53,43.53,43.53,0.0,43.53,0
2020-12-08,43.73,43.73,43.73,43.73,0.0,43.73,0
2020-12-09,43.79,43.79,43.79,43.79,0.0,43.79,0
2020-12-10,43.89,43.89,43.89,43.89,0.0,43.89,0
2020-12-11,43.67,43.67,43.67,43.67,0.0,43.67,0
2020-12-14,44.05,44.05,44.05,44.05,0.0,44.05,0
2020-12-15,44.49,44.49,44.49,44.49,0.0,44.49,0
2020-12-16,44.54,44.54,44.54,44.54,0.0,44.54,0
2020-12-17,45.12,45.12,45.12,45.12,0.0,45.12,0
2020-12-18,45.17,45.17,45.17,45.17,0.0,45.17,0
2020-12-21,44.67,44.67,44.67,44.67,0.0,44.67,0
2020-12-22,44.19,44.19,44.19,44.19,0.0,44.19,0
2020-12-23,44.95,44.95,44.95,44.95,0.0,44.95,0
2020-12-24,45.14,45.14,45.14,45.14,0.0,45.14,0
2020-12-28,44.65,44.65,44.65,44.65,0.0,44.65,0
2020-12-29,44.84,44.84,44.84,44.84,0.0,44.84,0
2020-12-30,44.86,44.86,44.86,44.86,0.0,44.86,0
2020-12-31,44.78,44.78,44.78,44.78,0.0,44.78,0
2021-01-04,44.53,44.53,44.53,44.53,0.0,44.53,0
2021-01-05,44.47,44.47,44.47,44.47,0.0,44.47,0
2021-01-06,44.11,44.11,44.11,44.11,0.0,44.11,0
2021-01-07,44.54,44.54,44.54,44.54,0.0,44.54,0
2021-01-08,44.95,44.95,44.95,44.95,0.0,44.95,0
2021-01-11,45.3,45.3,45.3,45.3,0.0,45.3,0
2021-01-12,45.52,45.52,45.52,45.52,0.0,45.52,0
2021-01-13,46.13,46.13,46.13,46.13,0.0,46.13,0
2021-01-14,46.23,46.23,46.23,46.23,0.0,46.23,0
2021-01-15,46.2,46.2,46.2,46.2,0.0,46.2,0
2021-01-19,46.11,46.11,46.11,46.11,0.0,46.11,0
2021-01-20,45.99,45.99,45.99,45.99,0.0,45.99,0
2021-01-21,45.9,45.9,45.9,45.9,0.0,45.9,0
2021-01-22,45.52,45.52,45.52,45.52,0.0,45.52,0
2021-01-25,45.84,45.84,45.84,45.84,0.0,45.84,0
2021-01-26,45.82,45.82,45.82,45.82,0.0,45.82,0
2021-01-27,46.25,46.25,46.25,46.25,0.0,46.25,0
2021-01-28,46.0,46.0,46.0,46.0,0.0,46.0,0
2021-01-29,45.93,45.93,45.93,45.93,0.0,45.93,0
2021-02-01,46.35,46.35,46.35,46.35,0.0,46.35,0
2021-02-02,46.63,46.63,46.63,46.63,0.0,46.63,0
2021-02-03,46.46,46.46,46.46,46.46,0.0,46.46,0
2021-02-04,46.58,46.58,46.58,46.58,0.0,46.58,0
2021-02-05,46.74,46.74,46.74,46.74,0.0,46.74,0
2021-02-08,47.32,47.32,47.32,47.32,0.0,47.32,0
2021-02-09,47.54,47.54,47.54,47.54,0.0,47.54,0
2021-02-10,47.74,47.74,47.74,47.74,0.0,47.74,0
2021-02-11,47.66,47.66,47.66,47.66,0.0,47.66,0
2021-02-12,47.94,47.94,47.94,47.94,0.0,47.94,0
2021-02-16,48.25,48.25,48.25,48.25,0.0,48.25,0
2021-02-17,48.49,48.49,48.49,48.49,0.0,48.49,0
2021-02-18,48.65,48.65,48.65,48.65,0.0,48.65,0
2021-02-19,48.92,48.92,48.92,48.92,0.0,48.92,0
2021-02-22,49.73,49.73,49.73,49.73,0.0,49.73,0
2021-02-23,49.72,49.72,49.72,49.72,0.0,49.72,0
2021-02-24,50.59,50.59,50.59,50.59,0.0,50.59,0
2021-02-25,50.44,50.44,50.44,50.44,0.0,50.44,0
2021-02-26,49.44,49.44,49.44,49.44,0.0,49.44,0
2021-03-01,49.09,49.09,49.09,49.09,0.0,49.09,0
2021-03-02,49.41,49.41,49.41,49.41,0.0,49.41,0
2021-03-03,50.02,50.02,50.02,50.02,0.0,50.02,0
2021-03-04,50.39,50.39,50.39,50.39,0.0,50.39,0
2021-03-05,51.5,51.5,51.5,51.5,0.0,51.5,0
2021-03-08,50.83,50.83,50.83,50.83,0.0,50.83,0
2021-03-09,50.55,50.55,50.55,50.55,0.0,50.55,0
2021-03-10,50.31,50.31,50.31,50.31,0.0,50.31,0
2021-03-11,50.53,50.53,50.53,50.53,0.0,50.53,0
2021-03-12,50.46,50.46,50.46,50.46,0.0,50.46,0
2021-03-15,50.39,50.39,50.39,50.39,0.0,50.39,0
2021-03-16,50.22,50.22,50.22,50.22,0.0,50.22,0
2021-03-17,50.55,50.55,50.55,50.55,0.0,50.55,0
2021-03-18,49.66,49.66,49.66,49.66,0.0,49.66,0
2021-03-19,49.65,49.65,49.65,49.65,0.0,49.65,0
2021-03-22,49.74,49.74,49.74,49.74,0.0,49.74,0
2021-03-23,48.96,48.96,48.96,48.96,0.0,48.96,0
2021-03-24,49.32,49.32,49.32,49.32,0.0,49.32,0
2021-03-25,47.99,47.99,47.99,47.99,0.0,47.99,0
2021-03-26,49.1,49.1,49.1,49.1,0.0,49.1,0
2021-03-29,48.94,48.94,48.94,48.94,0.0,48.94,0
2021-03-30,48.69,48.69,48.69,48.69,0.0,48.69,0
2021-03-31,48.2,48.2,48.2,48.2,0.0,48.2,0
2021-04-01,50.63,50.63,50.63,50.63,0.0,50.63,0
2021-04-05,50.3,50.3,50.3,50.3,0.0,50.3,0
2021-04-06,51.06,51.06,51.06,51.06,0.0,51.06,0
2021-04-07,51.22,51.22,51.22,51.22,0.0,51.22,0
2021-04-08,50.37,50.37,50.37,50.37,0.0,50.37,0
2021-04-09,50.69,50.69,50.69,50.69,0.0,50.69,0
2021-04-12,51.37,51.37,51.37,51.37,0.0,51.37,0
2021-04-13,51.65,51.65,51.65,51.65,0.0,51.65,0
2021-04-14,52.31,52.31,52.31,52.31,0.0,52.31,0
2021-04-15,51.91,51.91,51.91,51.91,0.0,51.91,0
2021-04-16,51.48,51.48,51.48,51.48,0.0,51.48,0
2021-04-19,51.53,51.53,51.53,51.53,0.0,51.53,0
2021-04-20,51.03,51.03,51.03,51.03,0.0,51.03,0
2021-04-21,50.72,50.72,50.72,50.72,0.0,50.72,0
2021-04-22,51.29,51.29,51.29,51.29,0.0,51.29,0
2021-04-23,51.75,51.75,51.75,51.75,0.0,51.75,0
2021-04-26,51.85,51.85,51.85,51.85,0.0,51.85,0
2021-04-27,52.4,52.4,52.4,52.4,0.0,52.4,0
2021-04-28,52.48,52.48,52.48,52.48,0.0,52.48,0
2021-04-29,52.88,52.88,52.88,52.88,0.0,52.88,0
2021-04-30,52.17,52.17,52.17,52.17,0.0,52.17,0
2021-05-03,52.49,52.49,52.49,52.49,0.0,52.49,0
2021-05-04,53.15,53.15,53.15,53.15,0.0,53.15,0
2021-05-05,53.36,53.36,53.36,53.36,0.0,53.36,0
2021-05-06,53.48,53.48,53.48,53.48,0.0,53.48,0
2021-05-07,53.69,53.69,53.69,53.69,0.0,53.69,0
2021-05-10,53.77,53.77,53.77,53.77,0.0,53.77,0
2021-05-11,54.05,54.05,54.05,54.05,0.0,54.05,0
2021-05-12,54.47,54.47,54.47,54.47,0.0,54.47,0
2021-05-13,52.55,52.55,52.55,52.55,0.0,52.55,0
2021-05-14,52.79,52.79,52.79,52.79,0.0,52.79,0
2021-05-17,52.99,52.99,52.99,52.99,0.0,52.99,0
2021-05-18,52.99,52.99,52.99,52.99,0.0,52.99,0
2021-05-19,51.94,51.94,51.94,51.94,0.0,51.94,0
2021-05-20,51.59,51.59,51.59,51.59,0.0,51.59,0
2021-05-21,52.02,52.02,52.02,52.02,0.0,52.02,0
2021-05-24,53.03,53.03,53.03,53.03,0.0,53.03,0
2021-05-25,52.96,52.96,52.96,52.96,0.0,52.96,0
2021-05-26,53.06,53.06,53.06,53.06,0.0,53.06,0
2021-05-27,53.02,53.02,53.02,53.02,0.0,53.02,0
2021-05-28,52.57,52.57,52.57,52.57,0.0,52.57,0
2021-06-01,52.99,52.99,52.99,52.99,0.0,52.99,0
2021-06-02,53.26,53.26,53.26,53.26,0.0,53.26,0
2021-06-03,53.6,53.6,53.2,53.2,3.0,53.6,2
2021-06-04,53.48,53.48,53.48,53.48,0.0,53.48,0
2021-06-07,53.73,53.73,53.73,53.73,0.0,53.73,0
2021-06-08,54.22,54.22,54.22,54.22,0.0,54.22,0
2021-06-09,54.33,54.33,54.33,54.33,0.0,54.33,0
2021-06-10,54.24,54.24,54.24,54.24,0.0,54.24,0
2021-06-11,54.32,54.32,54.32,54.32,0.0,54.32,0
2021-06-14,54.3,54.3,54.3,54.3,0.0,54.3,0
2021-06-15,54.66,54.66,54.66,54.66,0.0,54.66,0
2021-06-16,54.95,54.95,54.95,54.95,0.0,54.95,0
2021-06-17,53.88,53.88,53.88,53.88,0.0,53.88,0
2021-06-18,54.4,54.4,54.4,54.4,0.0,54.4,0
2021-06-21,55.02,55.02,55.02,55.02,0.0,55.02,0
2021-06-22,55.16,55.16,55.16,55.16,0.0,55.16,0
2021-06-23,55.05,55.05,55.05,55.05,0.0,55.05,0
2021-06-24,55.04,55.04,55.04,55.04,0.0,55.04,0
2021-06-25,54.59,54.59,54.59,54.59,0.0,54.59,0
2021-06-28,54.09,54.09,54.09,54.09,0.0,54.09,0
2021-06-29,54.08,54.08,54.08,54.08,0.0,54.08,0
2021-06-30,54.14,54.14,54.14,54.14,0.0,54.14,0
2021-07-01,54.33,54.33,54.33,54.33,0.0,54.33,0
2021-07-02,54.43,54.43,54.43,54.43,0.0,54.43,0
2021-07-06,53.13,53.13,53.13,53.13,0.0,53.13,0
2021-07-07,52.54,52.54,52.54,52.54,0.0,52.54,0
2021-07-08,52.31,52.31,52.31,52.31,0.0,52.31,0
2021-07-09,52.99,52.99,52.99,52.99,0.0,52.99,0
2021-07-12,53.21,53.21,53.21,53.21,0.0,53.21,0
2021-07-13,54.29,54.29,54.29,54.29,0.0,54.29,0
2021-07-14,53.65,53.65,53.65,53.65,0.0,53.65,0
2021-07-15,53.55,53.55,53.55,53.55,0.0,53.55,0
2021-07-16,54.46,54.46,54.46,54.46,0.0,54.46,0
2021-07-19,51.96,51.96,51.96,51.96,0.0,51.96,0
2021-07-20,52.06,52.06,52.06,52.06,0.0,52.06,0
2021-07-21,53.43,53.43,53.43,53.43,0.0,53.43,0
2021-07-22,53.47,53.47,53.47,53.47,0.0,53.47,0
2021-07-23,53.4,53.4,53.4,53.4,0.0,53.4,0
2021-07-26,52.78,52.78,52.78,52.78,0.0,52.78,0
2021-07-27,52.89,52.89,52.89,52.89,0.0,52.89,0
2021-07-28,53.48,53.48,53.48,53.48,0.0,53.48,0
2021-07-29,54.1,54.1,54.1,54.1,0.0,54.1,0
2021-07-30,53.73,53.73,53.73,53.73,0.0,53.73,0
2021-08-02,52.85,52.85,52.85,52.85,0.0,52.85,0
2021-08-03,52.92,52.92,52.92,52.92,0.0,52.92,0
2021-08-04,52.41,52.41,52.41,52.41,0.0,52.41,0
2021-08-05,53.13,53.13,53.13,53.13,0.0,53.13,0
2021-08-06,53.55,53.55,53.55,53.55,0.0,53.55,0
2021-08-09,53.31,53.31,53.31,53.31,0.0,53.31,0
2021-08-10,53.81,53.81,53.81,53.81,0.0,53.81,0
2021-08-11,54.2,54.2,54.2,54.2,0.0,54.2,0
2021-08-12,54.23,54.23,54.23,54.23,0.0,54.23,0
2021-08-13,54.05,54.05,54.05,54.05,0.0,54.05,0
2021-08-16,53.92,53.92,53.92,53.92,0.0,53.92,0
2021-08-17,53.3,53.3,53.3,53.3,0.0,53.3,0
2021-08-18,53.22,53.22,53.22,53.22,0.0,53.22,0
2021-08-19,52.74,52.74,52.74,52.74,0.0,52.74,0
2021-08-20,51.98,51.98,51.98,51.98,0.0,51.98,0
2021-08-23,53.52,53.52,53.52,53.52,0.0,53.52,0
2021-08-24,53.83,53.83,53.83,53.83,0.0,53.83,0
2021-08-25,53.77,53.77,53.77,53.77,0.0,53.77,0
2021-08-26,53.29,53.29,53.29,53.29,0.0,53.29,0
2021-08-27,53.83,53.83,53.83,53.83,0.0,53.83,0
2021-08-30,53.32,53.32,53.32,53.32,0.0,53.32,0
2021-08-31,53.1,53.1,53.1,53.1,0.0,53.1,0
2021-09-01,53.3,53.3,53.3,53.3,0.0,53.3,0
2021-09-02,53.22,53.22,53.22,53.22,0.0,53.22,0
2021-09-03,53.28,53.28,53.28,53.28,0.0,53.28,0
2021-09-07,53.58,53.58,53.58,53.58,0.0,53.58,0
2021-09-08,53.3,53.3,53.3,53.3,0.0,53.3,0
2021-09-09,53.04,53.04,53.04,53.04,0.0,53.04,0
2021-09-10,53.87,53.87,53.87,53.87,0.0,53.87,0
2021-09-13,53.84,53.84,53.84,53.84,0.0,53.84,0
2021-09-14,53.85,53.85,53.85,53.85,0.0,53.85,0
2021-09-15,53.83,53.83,53.83,53.83,0.0,53.83,0
2021-09-16,53.78,53.78,53.78,53.78,0.0,53.78,0
2021-09-17,53.07,53.07,53.07,53.07,0.0,53.07,0
2021-09-20,52.46,52.46,52.46,52.46,0.0,52.46,0
2021-09-21,53.2,53.2,53.2,53.2,0.0,53.2,0
2021-09-22,53.51,53.51,53.51,53.51,0.0,53.51,0
2021-09-23,53.94,53.94,53.94,53.94,0.0,53.94,0
2021-09-24,53.91,53.91,53.91,53.91,0.0,53.91,0
2021-09-27,54.98,54.98,54.98,54.98,0.0,54.98,0
2021-09-28,55.08,55.08,55.08,55.08,0.0,55.08,0
2021-09-29,55.46,55.46,55.46,55.46,0.0,55.46,0
2021-09-30,54.91,54.91,54.91,54.91,0.0,54.91,0
2021-10-01,55.78,55.78,55.78,55.78,0.0,55.78,0
2021-10-04,56.15,56.15,56.15,56.15,0.0,56.15,0
2021-10-05,56.4,56.4,56.4,56.4,0.0,56.4,0
2021-10-06,54.3,55.08,54.3,55.08,2.0,54.3,2
2021-10-07,55.51,55.51,55.51,55.51,0.0,55.51,0
2021-10-08,56.04,56.04,56.04,56.04,0.0,56.04,0
2021-10-11,56.94,56.94,56.94,56.94,0.0,56.94,0
2021-10-12,57.57,57.57,57.57,57.57,0.0,57.57,0
2021-10-13,57.93,57.93,57.93,57.93,0.0,57.93,0
2021-10-14,58.09,58.09,58.09,58.09,0.0,58.09,0
2021-10-15,57.62,57.62,57.62,57.62,0.0,57.62,0
2021-10-18,57.59,57.59,57.59,57.59,0.0,57.59,0
2021-10-19,57.25,57.25,57.25,57.25,0.0,57.25,0
2021-10-20,58.26,58.26,58.26,58.26,0.0,58.26,0
2021-10-21,58.14,58.14,58.14,58.14,0.0,58.14,0
2021-10-22,58.61,58.61,58.61,58.61,0.0,58.61,0
2021-10-25,59.6,59.6,59.6,59.6,0.0,59.6,0
2021-10-26,59.8,59.8,59.8,59.8,0.0,59.8,0
2021-10-27,59.21,59.21,59.21,59.21,0.0,59.21,0
2021-10-28,58.89,58.89,58.89,58.89,0.0,58.89,0
2021-10-29,57.65,57.65,57.65,57.65,0.0,57.65,0
2021-11-01,58.06,58.06,58.06,58.06,0.0,58.06,0
2021-11-02,58.11,58.11,58.11,58.11,0.0,58.11,0
2021-11-03,58.26,58.26,58.26,58.26,0.0,58.26,0
2021-11-04,59.88,59.88,59.88,59.88,0.0,59.88,0
2021-11-05,60.5,61.0,60.5,61.0,1.0,60.5,1
2021-11-08,61.44,61.44,61.44,61.44,0.0,61.44,0
2021-11-09,61.59,61.59,61.59,61.59,0.0,61.59,0
2021-11-10,60.72,60.72,60.72,60.72,0.0,60.72,0
2021-11-11,61.04,61.04,61.04,61.04,0.0,61.04,0
2021-11-12,60.47,60.47,60.47,60.47,0.0,60.47,0
2021-11-15,60.87,60.87,60.87,60.87,0.0,60.87,0
2021-11-16,61.07,61.07,61.07,61.07,0.0,61.07,0
2021-11-17,61.02,61.02,61.02,61.02,0.0,61.02,0
2021-11-18,60.95,60.95,60.95,60.95,0.0,60.95,0
2021-11-19,59.72,59.72,59.72,59.72,0.0,59.72,0
2021-11-22,59.95,59.95,59.95,59.95,0.0,59.95,0
2021-11-23,60.65,60.65,60.65,60.65,0.0,60.65,0
2021-11-24,60.81,60.81,60.81,60.81,0.0,60.81,0
2021-11-26,58.43,58.43,58.43,58.43,0.0,58.43,0
2021-11-29,59.43,59.43,59.43,59.43,0.0,59.43,0
2021-11-30,56.74,56.74,56.74,56.74,0.0,56.74,0
2021-12-01,57.15,57.15,57.15,57.15,0.0,57.15,0
2021-12-02,57.41,57.41,57.41,57.41,0.0,57.41,0
2021-12-03,58.77,58.77,58.77,58.77,0.0,58.77,0
2021-12-06,59.87,59.87,59.87,59.87,0.0,59.87,0
2021-12-07,61.56,61.56,61.56,61.56,0.0,61.56,0
2021-12-08,61.8,61.8,61.8,61.8,0.0,61.8,0
2021-12-09,61.02,61.02,61.02,61.02,0.0,61.02,0
2021-12-10,60.82,60.82,60.82,60.82,0.0,60.82,0
2021-12-13,60.85,60.85,60.85,60.85,0.0,60.85,0
2021-12-14,60.82,60.82,60.82,60.82,0.0,60.82,0
2021-12-15,60.13,60.13,60.13,60.13,0.0,60.13,0
2021-12-16,59.55,59.55,59.55,59.55,0.0,59.55,0
2021-12-17,58.3,58.3,58.3,58.3,0.0,58.3,0
2021-12-20,57.66,57.66,57.66,57.66,0.0,57.66,0
2021-12-21,58.78,58.78,58.78,58.78,0.0,58.78,0
2021-12-22,58.26,58.26,58.26,58.26,0.0,58.26,0
2021-12-23,58.76,58.76,58.76,58.76,0.0,58.76,0
2021-12-27,59.77,59.77,59.77,59.77,0.0,59.77,0
2021-12-28,59.48,59.48,59.48,59.48,0.0,59.48,0
2021-12-29,60.02,60.02,60.02,60.02,0.0,60.02,0
2021-12-30,59.96,59.96,59.96,59.96,0.0,59.96,0
2021-12-31,58.64,58.64,58.64,58.64,0.0,58.64,0
2022-01-03,59.71,59.71,59.71,59.71,0.0,59.71,0
2022-01-04,60.38,60.38,60.38,60.38,0.0,60.38,0
2022-01-05,60.03,60.03,60.03,60.03,0.0,60.03,0
2022-01-06,60.24,60.24,60.24,60.24,0.0,60.24,0
2022-01-07,60.05,60.05,60.05,60.05,0.0,60.05,0
2022-01-10,59.76,59.76,59.76,59.76,0.0,59.76,0
2022-01-11,60.73,60.73,60.73,60.73,0.0,60.73,0
2022-01-12,60.58,60.58,60.58,60.58,0.0,60.58,0
2022-01-13,60.82,60.82,60.82,60.82,0.0,60.82,0
2022-01-14,61.18,61.18,61.18,61.18,0.0,61.18,0
2022-01-18,61.87,61.87,61.87,61.87,0.0,61.87,0
2022-01-19,62.04,62.04,62.04,62.04,0.0,62.04,0
2022-01-20,63.04,63.04,63.04,63.04,0.0,63.04,0
2022-01-21,63.63,63.63,63.63,63.63,0.0,63.63,0
2022-01-24,63.43,63.43,63.43,63.43,0.0,63.43,0
2022-01-25,64.37,64.37,64.37,64.37,0.0,64.37,0
2022-01-26,64.7,64.7,64.7,64.7,0.0,64.7,0
2022-01-27,64.34,64.34,64.34,64.34,0.0,64.34,0
2022-01-28,64.07,64.07,64.07,64.07,0.0,64.07,0
2022-01-31,64.57,64.57,64.57,64.57,0.0,64.57,0
2022-02-01,64.74,64.74,64.74,64.74,0.0,64.74,0
2022-02-02,64.9,64.9,64.9,64.9,0.0,64.9,0
2022-02-03,65.7,65.7,65.7,65.7,0.0,65.7,0
2022-02-04,66.02,66.02,66.02,66.02,0.0,66.02,0
2022-02-07,66.45,66.45,66.45,66.45,0.0,66.45,0
2022-02-08,66.12,66.12,66.12,66.12,0.0,66.12,0
2022-02-09,67.56,67.56,67.56,67.56,0.0,67.56,0
2022-02-10,68.13,68.13,68.13,68.13,0.0,68.13,0
2022-02-11,68.66,68.66,68.66,68.66,0.0,68.66,0
2022-02-14,68.78,68.78,68.78,68.78,0.0,68.78,0
2022-02-15,67.24,67.24,67.24,67.24,0.0,67.24,0
2022-02-16,67.74,67.74,67.74,67.74,0.0,67.74,0
2022-02-17,67.83,67.83,67.83,67.83,0.0,67.83,0
2022-02-18,68.13,68.13,68.13,68.13,0.0,68.13,0
2022-02-22,69.24,69.24,69.24,69.24,0.0,69.24,0
2022-02-23,70.17,70.17,70.17,70.17,0.0,70.17,0
2022-02-24,68.63,68.63,68.63,68.63,0.0,68.63,0
2022-02-25,67.19,67.19,67.19,67.19,0.0,67.19,0
2022-02-28,66.3,66.3,66.3,66.3,0.0,66.3,0
2022-03-01,67.85,67.85,67.85,67.85,0.0,67.85,0
2022-03-02,70.51,70.51,70.51,70.51,0.0,70.51,0
2022-03-03,70.74,70.74,70.74,70.74,0.0,70.74,0
2022-03-04,71.58,71.58,71.58,71.58,0.0,71.58,0
2022-03-07,70.67,70.67,70.67,70.67,0.0,70.67,0
2022-03-08,67.79,67.79,67.79,67.79,0.0,67.79,0
2022-03-09,66.89,66.89,66.89,66.89,0.0,66.89,0
2022-03-10,67.15,67.15,67.15,67.15,0.0,67.15,0
2022-03-11,68.92,68.92,68.92,68.92,0.0,68.92,0
2022-03-14,67.52,67.52,67.52,67.52,0.0,67.52,0
2022-03-15,68.87,68.87,68.87,68.87,0.0,68.87,0
2022-03-16,67.5,67.5,67.5,67.5,0.0,67.5,0
2022-03-17,69.37,69.37,69.37,69.37,0.0,69.37,0
2022-03-18,69.26,69.26,69.26,69.26,0.0,69.26,0
2022-03-21,70.6,70.6,70.6,70.6,0.0,70.6,0
2022-03-22,70.48,70.48,70.48,70.48,0.0,70.48,0
2022-03-23,70.87,70.87,70.87,70.87,0.0,70.87,0
2022-03-24,69.32,69.32,69.32,69.32,0.0,69.32,0
2022-03-25,70.37,70.37,70.37,70.37,0.0,70.37,0
2022-03-28,69.73,69.73,69.73,69.73,0.0,69.73,0
2022-03-29,69.55,69.55,69.55,69.55,0.0,69.55,0
2022-03-30,69.88,69.88,69.88,69.88,0.0,69.88,0
2022-03-31,70.06,70.06,70.06,70.06,0.0,70.06,0
2022-04-01,73.17,73.17,73.17,73.17,0.0,73.17,0
2022-04-04,73.39,73.39,73.39,73.39,0.0,73.39,0
2022-04-05,72.34,72.34,72.34,72.34,0.0,72.34,0
2022-04-06,71.25,71.25,71.25,71.25,0.0,71.25,0
2022-04-07,72.47,72.47,72.47,72.47,0.0,72.47,0
2022-04-08,72.44,72.44,72.44,72.44,0.0,72.44,0
2022-04-11,71.78,71.78,71.78,71.78,0.0,71.78,0
2022-04-12,71.99,71.99,71.99,71.99,0.0,71.99,0
2022-04-13,72.15,72.15,72.15,72.15,0.0,72.15,0
2022-04-14,71.18,71.18,71.18,71.18,0.0,71.18,0
2022-04-18,70.61,70.61,70.61,70.61,0.0,70.61,0
2022-04-19,69.47,69.47,69.47,69.47,0.0,69.47,0
2022-04-20,69.29,69.29,69.29,69.29,0.0,69.29,0
2022-04-21,70.52,70.52,70.52,70.52,0.0,70.52,0
2022-04-22,68.78,68.78,68.78,68.78,0.0,68.78,0
2022-04-25,68.23,68.23,68.23,68.23,0.0,68.23,0
2022-04-26,68.15,68.15,68.15,68.15,0.0,68.15,0
2022-04-27,67.53,67.53,67.53,67.53,0.0,67.53,0
2022-04-28,67.61,67.61,67.61,67.61,0.0,67.61,0
2022-04-29,66.93,66.93,66.93,66.93,0.0,66.93,0
2022-05-02,67.14,67.14,67.14,67.14,0.0,67.14,0
2022-05-03,67.5,67.5,67.5,67.5,0.0,67.5,0
2022-05-04,68.98,68.98,68.98,68.98,0.0,68.98,0
2022-05-05,69.34,69.34,69.34,69.34,0.0,69.34,0
2022-05-06,69.22,69.22,69.22,69.22,0.0,69.22,0
2022-05-09,67.3,67.3,67.3,67.3,0.0,67.3,0
2022-05-10,67.31,67.31,67.31,67.31,0.0,67.31,0
2022-05-11,70.29,70.29,70.29,70.29,0.0,70.29,0
2022-05-12,69.85,69.85,69.85,69.85,0.0,69.85,0
2022-05-13,69.2,69.2,69.2,69.2,0.0,69.2,0
2022-05-16,69.15,69.15,69.15,69.15,0.0,69.15,0
2022-05-17,70.33,70.33,70.33,70.33,0.0,70.33,0
2022-05-18,69.77,69.77,69.77,69.77,0.0,69.77,0
2022-05-19,70.34,70.34,70.34,70.34,0.0,70.34,0
2022-05-20,69.82,69.82,69.82,69.82,0.0,69.82,0
2022-05-23,70.84,70.84,70.84,70.84,0.0,70.84,0
2022-05-24,71.19,71.19,71.19,71.19,0.0,71.19,0
2022-05-25,71.47,71.47,71.47,71.47,0.0,71.47,0
2022-05-26,71.34,71.34,71.34,71.34,0.0,71.34,0
2022-05-27,71.14,71.14,71.14,71.14,0.0,71.14,0
2022-05-31,70.6,70.6,70.6,70.6,0.0,70.6,0
2022-06-01,70.25,70.25,70.25,70.25,0.0,70.25,0
2022-06-02,70.75,70.75,70.75,70.75,0.0,70.75,0
2022-06-03,70.34,70.34,70.34,70.34,0.0,70.34,0
2022-06-06,69.96,69.96,69.96,69.96,0.0,69.96,0
2022-06-07,71.59,71.59,71.59,71.59,0.0,71.59,0
2022-06-08,71.99,71.99,71.99,71.99,0.0,71.99,0
2022-06-09,72.86,72.86,72.86,72.86,0.0,72.86,0
2022-06-10,72.38,72.38,72.38,72.38,0.0,72.38,0
2022-06-13,73.07,73.07,73.07,73.07,0.0,73.07,0
2022-06-14,72.25,72.25,72.25,72.25,0.0,72.25,0
2022-06-15,72.02,72.02,72.02,72.02,0.0,72.02,0
2022-06-16,73.6,73.6,73.6,73.6,0.0,73.6,0
2022-06-17,72.11,72.11,72.11,72.11,0.0,72.11,0
2022-06-21,71.76,71.76,71.76,71.76,0.0,71.76,0
2022-06-22,70.54,70.54,70.54,70.54,0.0,70.54,0
2022-06-23,68.23,68.23,68.23,68.23,0.0,68.23,0
2022-06-24,70.18,70.18,70.18,70.18,0.0,70.18,0
2022-06-27,71.33,71.33,71.33,71.33,0.0,71.33,0
2022-06-28,72.97,72.97,72.97,72.97,0.0,72.97,0
2022-06-29,72.57,72.57,72.57,72.57,0.0,72.57,0
2022-06-30,70.08,70.08,70.08,70.08,0.0,70.08,0
2022-07-01,69.8,69.8,69.8,69.8,0.0,69.8,0
2022-07-04,69.8,69.8,69.8,69.8,0.0,69.8,0
2022-07-05,66.62,66.62,66.62,66.62,0.0,66.62,0
2022-07-06,67.01,67.01,67.01,67.01,0.0,67.01,0
2022-07-07,68.11,68.11,68.11,68.11,0.0,68.11,0
2022-07-08,68.62,68.62,68.62,68.62,0.0,68.62,0
2022-07-11,70.32,70.32,70.32,70.32,0.0,70.32,0
2022-07-12,68.23,68.23,68.23,68.23,0.0,68.23,0
2022-07-13,69.08,69.08,69.08,69.08,0.0,69.08,0
2022-07-14,67.99,67.99,67.99,67.99,0.0,67.99,0
2022-07-15,68.94,68.94,68.94,68.94,0.0,68.94,0
2022-07-18,71.18,71.18,71.18,71.18,0.0,71.18,0
2022-07-19,71.14,71.14,71.14,71.14,0.0,71.14,0
2022-07-20,70.58,70.58,70.58,70.58,0.0,70.58,0
2022-07-21,69.57,69.57,69.57,69.57,0.0,69.57,0
2022-07-22,69.34,69.34,69.34,69.34,0.0,69.34,0
2022-07-25,70.25,70.25,70.25,70.25,0.0,70.25,0
2022-07-26,70.33,70.33,70.33,70.33,0.0,70.33,0
2022-07-27,71.78,71.78,71.78,71.78,0.0,71.78,0
2022-07-28,70.52,70.52,70.52,70.52,0.0,70.52,0
2022-07-29,71.39,71.39,71.39,71.39,0.0,71.39,0
2022-08-01,70.09,70.09,70.09,70.09,0.0,70.09,0
2022-08-02,71.65,71.65,71.65,71.65,0.0,71.65,0
2022-08-03,71.34,71.34,71.34,71.34,0.0,71.34,0
2022-08-04,69.41,69.41,69.41,69.41,0.0,69.41,0
2022-08-05,69.21,69.21,69.21,69.21,0.0,69.21,0
2022-08-08,70.71,70.71,70.71,70.71,0.0,70.71,0
2022-08-09,70.19,70.19,70.19,70.19,0.0,70.19,0
2022-08-10,71.45,71.45,71.45,71.45,0.0,71.45,0
2022-08-11,71.5,71.5,71.5,71.5,0.0,71.5,0
2022-08-12,71.33,71.33,71.33,71.33,0.0,71.33,0
2022-08-15,70.96,70.96,70.96,70.96,0.0,70.96,0
2022-08-16,70.18,70.18,70.18,70.18,0.0,70.18,0
2022-08-17,70.25,70.25,70.25,70.25,0.0,70.25,0
2022-08-18,69.39,69.39,69.39,69.39,0.0,69.39,0
2022-08-19,68.5,68.5,68.5,68.5,0.0,68.5,0
2022-08-22,68.42,68.42,68.42,68.42,0.0,68.42,0
2022-08-23,68.57,68.57,68.57,68.57,0.0,68.57,0
2022-08-24,68.12,68.12,68.12,68.12,0.0,68.12,0
2022-08-25,67.67,67.67,67.67,67.67,0.0,67.67,0
2022-08-26,67.62,67.62,67.62,67.62,0.0,67.62,0
2022-08-29,68.06,68.06,68.06,68.06,0.0,68.06,0
2022-08-30,66.81,66.81,66.81,66.81,0.0,66.81,0
2022-08-31,67.02,67.02,67.02,67.02,0.0,67.02,0
2022-09-01,65.78,65.78,65.78,65.78,0.0,65.78,0
2022-09-02,65.91,65.91,65.91,65.91,0.0,65.91,0
2022-09-05,65.91,65.91,65.91,65.91,0.0,65.91,0
2022-09-06,65.94,65.94,65.94,65.94,0.0,65.94,0
2022-09-07,64.16,64.16,64.16,64.16,0.0,64.16,0
2022-09-08,64.14,64.14,64.14,64.14,0.0,64.14,0
2022-09-09,66.12,66.12,66.12,66.12,0.0,66.12,0
2022-09-12,67.03,67.03,67.03,67.03,0.0,67.03,0
2022-09-13,66.96,66.96,66.96,66.96,0.0,66.96,0
2022-09-14,66.85,67.12,66.85,67.12,1.0,66.85,1
2022-09-15,65.16,65.16,65.16,65.16,0.0,65.16,0
2022-09-16,65.01,65.01,65.01,65.01,0.0,65.01,0
2022-09-19,64.82,64.82,64.82,64.82,0.0,64.82,0
2022-09-20,62.95,62.95,62.95,62.95,0.0,62.95,0
2022-09-21,62.58,62.58,62.58,62.58,0.0,62.58,0
2022-09-22,63.03,63.03,63.03,63.03,0.0,63.03,0
2022-09-23,61.25,61.25,61.2,61.2,5.0,61.25,4
2022-09-26,60.91,60.91,60.91,60.91,0.0,60.91,0
2022-09-27,61.46,61.46,61.46,61.46,0.0,61.46,0
2022-09-28,62.7,62.7,62.7,62.7,0.0,62.7,0
2022-09-29,61.99,61.99,61.99,61.99,0.0,61.99,0
2022-09-30,61.02,61.02,61.02,61.02,0.0,61.02,0
2022-10-03,62.3,62.3,62.3,62.3,0.0,62.3,0
2022-10-04,63.31,63.31,63.31,63.31,0.0,63.31,0
2022-10-05,64.51,64.51,64.51,64.51,0.0,64.51,0
2022-10-06,65.26,65.26,65.26,65.26,0.0,65.26,0
2022-10-07,66.12,66.12,66.12,66.12,0.0,66.12,0
2022-10-10,65.6,65.6,65.6,65.6,0.0,65.6,0
2022-10-11,65.13,65.13,65.13,65.13,0.0,65.13,0
2022-10-12,64.06,64.06,64.06,64.06,0.0,64.06,0
2022-10-13,64.4,64.4,64.4,64.4,0.0,64.4,0
2022-10-14,63.39,63.39,63.39,63.39,0.0,63.39,0
2022-10-17,64.03,64.03,64.03,64.03,0.0,64.03,0
2022-10-18,64.92,64.92,64.92,64.92,0.0,64.92,0
2022-10-19,66.42,66.42,66.42,66.42,0.0,66.42,0
2022-10-20,66.24,66.24,66.24,66.24,0.0,66.24,0
2022-10-21,65.8,65.8,65.8,65.8,0.0,65.8,0
2022-10-24,65.3,65.3,65.3,65.3,0.0,65.3,0
2022-10-25,66.28,66.28,66.28,66.28,0.0,66.28,0
2022-10-26,66.76,66.76,66.76,66.76,0.0,66.76,0
2022-10-27,67.14,67.14,67.14,67.14,0.0,67.14,0
2022-10-28,66.42,66.42,66.42,66.42,0.0,66.42,0
2022-10-31,67.05,67.05,67.05,67.05,0.0,67.05,0
2022-11-01,67.16,67.16,67.16,67.16,0.0,67.16,0
2022-11-02,67.99,67.99,67.99,67.99,0.0,67.99,0
2022-11-03,67.44,67.44,67.44,67.44,0.0,67.44,0
2022-11-04,68.14,68.14,68.14,68.14,0.0,68.14,0
2022-11-07,68.26,68.26,68.26,68.26,0.0,68.26,0
2022-11-08,67.44,67.44,67.44,67.44,0.0,67.44,0
2022-11-09,66.4,66.4,66.4,66.4,0.0,66.4,0
2022-11-10,66.2,66.2,66.2,66.2,0.0,66.2,0
2022-11-11,67.53,67.53,67.53,67.53,0.0,67.53,0
2022-11-14,67.37,67.37,67.37,67.37,0.0,67.37,0
2022-11-15,68.59,68.59,68.59,68.59,0.0,68.59,0
2022-11-16,67.18,67.18,67.18,67.18,0.0,67.18,0
2022-11-17,67.15,67.15,67.15,67.15,0.0,67.15,0
2022-11-18,66.67,66.67,66.67,66.67,0.0,66.67,0
2022-11-21,67.45,67.45,67.45,67.45,0.0,67.45,0
2022-11-22,67.32,67.32,67.32,67.32,0.0,67.32,0
2022-11-23,67.07,67.07,67.07,67.07,0.0,67.07,0
2022-11-24,67.07,67.07,67.07,67.07,0.0,67.07,0
2022-11-25,66.76,66.76,66.76,66.76,0.0,66.76,0
2022-11-28,67.37,67.37,67.37,67.37,0.0,67.37,0
2022-11-29,67.55,67.55,67.55,67.55,0.0,67.55,0
2022-11-30,68.44,68.44,68.44,68.44,0.0,68.44,0
2022-12-01,68.45,68.45,68.45,68.45,0.0,68.45,0
2022-12-02,69.02,69.02,69.02,69.02,0.0,69.02,0
2022-12-05,68.06,68.06,68.06,68.06,0.0,68.06,0
2022-12-06,66.61,66.61,66.61,66.61,0.0,66.61,0
2022-12-07,65.46,65.46,65.46,65.46,0.0,65.46,0
2022-12-08,64.98,64.98,64.98,64.98,0.0,64.98,0
2022-12-09,65.61,65.61,65.61,65.61,0.0,65.61,0
2022-12-12,66.53,66.53,66.53,66.53,0.0,66.53,0
2022-12-13,66.07,66.07,66.07,66.07,0.0,66.07,0
2022-12-14,66.08,66.08,66.08,66.08,0.0,66.08,0
2022-12-15,64.87,64.87,64.87,64.87,0.0,64.87,0
2022-12-16,64.65,64.65,64.65,64.65,0.0,64.65,0
2022-12-19,65.06,65.06,65.06,65.06,0.0,65.06,0
2022-12-20,65.58,65.58,65.58,65.58,0.0,65.58,0
2022-12-21,65.5,65.5,65.5,65.5,0.0,65.5,0
2022-12-22,64.92,64.92,64.92,64.92,0.0,64.92,0
2022-12-23,66.08,66.08,66.08,66.08,0.0,66.08,0
2022-12-27,66.13,66.13,66.13,66.13,0.0,66.13,0
2022-12-28,66.68,66.68,66.68,66.68,0.0,66.68,0
2022-12-29,65.92,65.92,65.92,65.92,0.0,65.92,0
2022-12-30,66.1,66.98,66.0,66.98,30.0,66.02,6
2023-01-03,65.67,65.67,65.67,65.67,0.0,65.67,0
2023-01-04,65.23,65.23,65.23,65.23,0.0,65.23,0
2023-01-05,65.29,65.29,65.29,65.29,0.0,65.29,0
2023-01-06,65.46,65.46,65.46,65.46,0.0,65.46,0
2023-01-09,66.39,66.39,66.39,66.39,0.0,66.39,0
2023-01-10,66.2,66.2,66.2,66.2,0.0,66.2,0
2023-01-11,67.18,67.18,67.18,67.18,0.0,67.18,0
2023-01-12,67.15,67.15,67.15,67.15,0.0,67.15,0
2023-01-13,67.47,67.47,67.47,67.47,0.0,67.47,0
2023-01-16,67.47,67.47,67.47,67.47,0.0,67.47,0
2023-01-17,66.0,66.0,66.0,66.0,0.0,66.0,0
2023-01-18,65.82,65.82,65.82,65.82,0.0,65.82,0
2023-01-19,66.42,66.42,66.42,66.42,0.0,66.42,0
2023-01-20,66.71,66.71,66.71,66.71,0.0,66.71,0
2023-01-23,67.36,67.36,67.36,67.36,0.0,67.36,0
2023-01-24,66.47,66.47,66.47,66.47,0.0,66.47,0
2023-01-25,66.1,66.1,66.1,66.1,0.0,66.1,0
2023-01-26,65.94,65.94,65.94,65.94,0.0,65.94,0
2023-01-27,65.39,65.39,65.39,65.39,0.0,65.39,0
2023-01-30,65.22,65.22,65.22,65.22,0.0,65.22,0
2023-01-31,66.12,66.12,66.12,66.12,0.0,66.12,0
2023-02-01,65.04,65.04,65.04,65.04,0.0,65.04,0
2023-02-02,64.99,64.99,64.99,64.99,0.0,64.99,0
2023-02-03,63.67,63.67,63.67,63.67,0.0,63.67,0
2023-02-10,65.81,65.81,65.81,65.81,0.0,65.81,0
2023-02-13,66.52,66.52,66.52,66.52,0.0,66.52,0
2023-02-14,66.46,66.46,66.46,66.46,0.0,66.46,0
2023-02-15,66.7,66.7,66.7,66.7,0.0,66.7,0
2023-02-16,66.79,66.79,66.79,66.79,0.0,66.79,0
2023-02-17,65.77,65.77,65.77,65.77,0.0,65.77,0
2023-02-20,65.77,65.77,65.77,65.77,0.0,65.77,0
2023-02-21,65.98,65.98,65.98,65.98,0.0,65.98,0
2023-02-22,65.53,65.53,65.53,65.53,0.0,65.53,0
2023-02-23,65.67,65.67,65.67,65.67,0.0,65.67,0
2023-02-24,65.45,65.45,65.45,65.45,0.0,65.45,0
2023-02-27,64.67,64.67,64.67,64.67,0.0,64.67,0
2023-02-28,64.37,64.37,64.37,64.37,0.0,64.37,0
2023-03-01,64.73,64.73,64.73,64.73,0.0,64.73,0
2023-03-02,65.11,65.11,65.11,65.11,0.0,65.11,0
2023-03-03,66.09,66.09,66.09,66.09,0.0,66.09,0
2023-03-06,66.27,66.27,66.27,66.27,0.0,66.27,0
2023-03-07,64.87,64.87,64.87,64.87,0.0,64.87,0
2023-03-08,64.64,64.64,64.64,64.64,0.0,64.64,0
2023-03-09,64.33,64.33,64.33,64.33,0.0,64.33,0
2023-03-10,64.54,64.54,64.54,64.54,0.0,64.54,0
2023-03-13,63.9,63.9,63.9,63.9,0.0,63.9,0
2023-03-14,62.9,62.9,62.9,62.9,0.0,62.9,0
2023-03-15,61.56,61.56,61.56,61.56,0.0,61.56,0
2023-03-16,62.25,62.25,62.25,62.25,0.0,62.25,0
2023-03-17,62.13,62.13,62.13,62.13,0.0,62.13,0
2023-03-20,62.5,62.5,62.5,62.5,0.0,62.5,0
2023-03-21,62.9,62.9,62.75,62.75,1.0,62.9,1
2023-03-22,62.92,62.92,62.92,62.92,0.0,62.92,0
2023-03-23,62.88,62.88,62.88,62.88,0.0,62.88,0
2023-03-24,62.84,62.84,62.84,62.84,0.0,62.84,0
2023-03-27,64.14,64.14,64.14,64.14,0.0,64.14,0
2023-03-28,64.27,64.27,64.27,64.27,0.0,64.27,0
2023-03-29,64.24,64.24,64.24,64.24,0.0,64.24,0
2023-03-30,64.24,64.24,64.24,64.24,0.0,64.24,0
2023-03-31,64.46,64.46,64.46,64.46,0.0,64.46,0
2023-04-03,64.85,64.85,64.85,64.85,0.0,64.85,0
2023-04-04,64.86,64.94,64.86,64.92,50.0,64.895,25
2023-04-05,64.94,65.07,64.88,65.07,80.0,64.894,47
2023-04-06,64.87,65.22,64.87,64.93,44.0,64.961,19
2023-04-10,64.7,64.7,64.7,64.7,0.0,64.7,0
2023-04-11,65.35,65.35,65.35,65.35,0.0,65.35,0
2023-04-12,65.52,66.09,65.52,66.09,25.0,65.52,15
2023-04-13,66.24,66.24,66.09,66.09,32.0,66.24,2
2023-04-14,66.28,66.32,66.28,66.32,5.0,66.28,1
2023-04-17,66.1,66.1,66.1,66.1,0.0,66.1,0
2023-04-18,66.45,66.45,66.45,66.45,0.0,66.45,0
2023-04-19,65.82,65.82,65.82,65.82,0.0,65.82,0
2023-04-20,64.95,64.95,64.95,64.95,0.0,64.95,0
2023-04-21,66.25,66.25,66.25,66.25,0.0,66.25,0
2023-04-24,66.69,66.69,66.66,66.66,20.0,66.674,9
2023-04-25,65.3,65.3,65.3,65.3,0.0,65.3,0
2023-04-26,65.2,65.2,64.76,64.76,32.0,65.2,15
2023-04-27,64.46,64.46,64.46,64.46,0.0,64.46,0
2023-04-28,65.8,65.8,65.8,65.8,0.0,65.8,0
2023-05-01,65.01,65.01,65.01,65.01,0.0,65.01,0
2023-05-02,63.67,63.67,63.67,63.67,0.0,63.67,0
2023-05-03,62.48,62.48,62.34,62.34,44.0,62.48,18
2023-05-04,61.43,61.43,61.43,61.43,0.0,61.43,0
2023-05-05,62.82,62.82,62.82,62.82,0.0,62.82,0
2023-05-08,63.83,63.83,63.83,63.83,0.0,63.83,0
2023-05-09,64.52,64.52,64.52,64.52,0.0,64.52,0
2023-05-10,63.84,64.11,63.84,64.11,40.0,63.84,7
2023-05-11,62.98,62.98,62.98,62.98,0.0,62.98,0
2023-05-12,62.5,62.5,62.5,62.5,0.0,62.5,0
2023-05-15,63.07,63.07,63.07,63.07,0.0,63.07,0
2023-05-16,63.04,63.04,63.04,63.04,0.0,63.04,0
2023-05-17,64.31,64.31,64.31,64.31,0.0,64.31,0
2023-05-18,64.21,64.21,64.21,64.21,0.0,64.21,0
2023-05-19,64.2,64.2,63.03,63.03,20.0,64.2,11
2023-05-22,63.04,63.04,63.04,63.04,0.0,63.04,0
2023-05-23,63.56,63.56,63.56,63.56,0.0,63.56,0
2023-05-24,64.38,64.38,64.38,64.38,0.0,64.38,0
2023-05-25,63.08,63.08,63.08,63.08,0.0,63.08,0
2023-05-26,63.71,63.71,63.71,63.71,0.0,63.71,0
2023-05-29,63.71,63.71,63.71,63.71,0.0,63.71,0
2023-05-30,62.55,62.55,62.24,62.24,2.0,62.55,2
2023-05-31,61.0,61.42,61.0,61.42,1.0,61.0,1
2023-06-01,61.16,62.58,61.16,62.33,68.0,61.369,52
2023-06-02,62.97,63.28,62.97,63.14,2.0,63.125,2
2023-06-05,62.71,62.71,62.71,62.71,0.0,62.71,0
2023-06-06,62.48,62.52,62.48,62.52,1.0,62.48,1
2023-06-07,63.0,63.0,62.91,62.91,1.0,63.0,1
2023-06-08,62.08,62.08,62.08,62.08,0.0,62.08,0
2023-06-09,61.94,61.94,61.94,61.94,0.0,61.94,0
2023-06-12,60.75,60.81,60.5,60.81,2.0,60.625,2
2023-06-13,61.55,62.41,61.55,62.41,2.0,61.7,2
2023-06-14,62.9,62.9,61.8,61.8,1.0,62.9,1
2023-06-15,63.31,63.31,63.31,63.31,0.0,63.31,0
2023-06-16,63.83,63.83,63.83,63.83,0.0,63.83,0
2023-06-19,63.83,63.83,63.83,63.83,0.0,63.83,0
2023-06-20,63.48,63.48,63.48,63.48,0.0,63.48,0
2023-06-21,64.07,64.07,64.07,64.07,0.0,64.07,0
2023-06-22,63.4,63.4,62.6,62.79,3.0,62.867,3
2023-06-23,61.85,62.49,61.82,62.49,4.0,61.835,3
2023-06-26,62.73,62.73,62.73,62.73,0.0,62.73,0
2023-06-27,63.2,63.2,62.72,62.72,1.0,63.2,1
2023-06-28,63.1,63.35,63.1,63.13,3.0,63.25,3
2023-06-29,63.12,63.12,63.12,63.12,0.0,63.12,0
2023-06-30,63.51,63.51,63.41,63.41,5.0,63.51,3
2023-07-03,63.7,63.9,62.34,62.34,5.0,63.52,5
2023-07-04,62.34,62.34,62.34,62.34,0.0,62.34,0
2023-07-05,63.6,63.7,63.6,63.7,32.0,63.697,9
2023-07-06,63.35,63.35,63.35,63.35,0.0,63.35,0
2023-07-07,63.96,63.96,63.66,63.66,2.0,63.96,1
2023-07-10,63.75,64.05,63.74,64.05,110.0,63.977,26
2023-07-11,64.9,64.92,64.9,64.92,32.0,64.9,27
2023-07-12,65.16,65.16,65.16,65.16,0.0,65.16,0
2023-07-13,65.18,65.84,65.18,65.77,215.0,65.691,106
2023-07-14,65.02,65.02,65.02,65.02,0.0,65.02,0
2023-07-17,64.97,64.97,64.97,64.97,0.0,64.97,0
2023-07-18,65.85,65.85,65.85,65.85,0.0,65.85,0
2023-07-19,66.23,66.24,66.23,66.24,1.0,66.23,1
2023-07-20,66.33,66.5,66.22,66.22,3.0,66.443,3
2023-07-21,66.63,66.63,66.63,66.63,0.0,66.63,0
2023-07-24,67.28,67.5,67.28,67.39,35.0,67.485,20
2023-07-25,67.46,67.49,67.46,67.49,1.0,67.46,1
2023-07-26,67.34,67.34,67.34,67.34,0.0,67.34,0
2023-07-27,67.65,67.9,67.34,67.89,9.0,67.638,6
2023-07-28,68.35,68.35,68.3,68.35,25.0,68.332,9
2023-07-31,68.71,68.71,68.71,68.71,0.0,68.71,0
2023-08-01,68.46,68.46,68.46,68.46,0.0,68.46,0
2023-08-02,67.7,67.7,67.22,67.35,3.0,67.473,3
2023-08-03,67.15,68.48,67.15,68.31,78.0,68.401,41
2023-08-04,69.05,69.05,69.05,69.05,0.0,69.05,0
2023-08-07,69.14,69.14,69.14,69.14,0.0,69.14,0
2023-08-08,69.5,69.89,69.5,69.69,33.0,69.575,17
2023-08-09,70.09,70.09,70.09,70.09,0.0,70.09,0
2023-08-10,69.51,69.51,69.51,69.51,0.0,69.51,0
2023-08-11,69.39,69.39,69.39,69.39,0.0,69.39,0
2023-08-14,69.28,69.28,69.28,69.28,0.0,69.28,0
2023-08-15,68.65,68.65,68.65,68.65,0.0,68.65,0
2023-08-16,68.75,68.78,68.74,68.78,15.0,68.743,9
2023-08-17,69.06,69.06,69.06,69.06,0.0,69.06,0
2023-08-18,69.07,69.54,69.07,69.54,71.0,69.07,37
2023-08-21,69.57,69.57,69.57,69.57,0.0,69.57,0
2023-08-22,69.4,69.47,69.4,69.46,84.0,69.408,37
2023-08-23,68.1,69.1,68.1,69.1,2.0,68.4,2
2023-08-24,68.56,68.56,68.41,68.5,43.0,68.476,24
2023-08-25,68.52,69.01,68.5,68.93,495.0,68.605,238
2023-08-28,68.68,68.77,68.68,68.72,4.0,68.707,4
2023-08-29,69.31,69.31,69.31,69.31,0.0,69.31,0
2023-08-30,69.64,69.64,69.21,69.3,94.0,69.227,79
2023-08-31,69.36,69.75,69.36,69.75,112.0,69.584,82
2023-09-01,70.02,70.54,70.02,70.48,93.0,70.361,64
2023-09-04,71.1,71.1,70.48,70.48,302.0,71.1,214
2023-09-05,71.1,71.5,70.83,70.94,46.0,71.47,24
2023-09-06,71.03,71.03,70.92,70.92,1.0,71.03,1
2023-09-07,71.17,71.17,71.17,71.17,0.0,71.17,0
2023-09-08,71.35,71.35,70.82,71.01,3.0,71.053,3
2023-09-11,70.88,71.22,70.88,71.2,2.0,71.05,2
2023-09-12,71.35,71.54,71.35,71.39,131.0,71.495,67
2023-09-13,71.2,71.22,71.2,71.22,1.0,71.2,1
2023-09-14,71.6,71.65,71.52,71.65,5.0,71.548,5
2023-09-15,71.4,71.42,71.17,71.17,3.0,71.4,3
2023-09-18,71.73,71.73,71.57,71.57,1.0,71.73,1
2023-09-19,71.83,71.83,71.67,71.67,2.0,71.83,2
2023-09-20,71.5,71.76,71.5,71.76,26.0,71.672,26
2023-09-21,71.91,72.09,71.91,71.95,2.0,72.0,2
2023-09-22,71.9,72.08,71.14,71.16,9.0,71.562,9
2023-09-25,71.31,71.46,71.3,71.46,8.0,71.355,6
2023-09-26,71.26,71.61,71.21,71.61,31.0,71.239,10
2023-09-27,71.76,72.16,71.76,72.02,32.0,72.071,16
2023-09-28,71.85,72.26,71.57,71.89,112.0,72.076,65
2023-09-29,72.3,72.43,71.45,71.54,31.0,71.544,19
2023-10-02,72.15,72.15,71.39,71.39,2.0,71.84,2
2023-10-03,71.23,71.28,71.0,71.28,21.0,71.011,9
2023-10-04,69.73,69.73,68.35,68.35,3.0,69.33,2
2023-10-05,67.99,67.99,67.46,67.46,2.0,67.99,2
2023-10-06,67.43,67.59,67.32,67.59,72.0,67.428,44
2023-10-09,69.21,69.21,68.75,68.79,113.0,68.837,96
2023-10-10,69.03,69.56,68.81,69.56,14.0,69.036,11
2023-10-11,69.83,69.83,69.83,69.83,0.0,69.83,0
2023-10-12,69.88,69.88,69.88,69.88,0.0,69.88,0
2023-10-13,70.13,71.42,70.13,71.42,41.0,71.132,8
2023-10-16,71.3,71.54,71.3,71.54,1.0,71.3,1
2023-10-17,71.53,71.73,71.53,71.73,10.0,71.53,6
2023-10-18,72.31,72.31,72.07,72.23,6.0,72.11,6
2023-10-19,71.45,72.17,71.45,71.9,4.0,71.743,4
2023-10-20,71.91,71.91,71.45,71.45,17.0,71.846,9
2023-10-23,71.25,71.82,70.99,70.99,11.0,71.71,7
2023-10-24,70.63,70.63,70.63,70.63,0.0,70.63,0
2023-10-25,70.8,71.54,70.8,71.54,28.0,70.876,16
2023-10-26,70.87,70.87,70.87,70.87,0.0,70.87,0
2023-10-27,71.68,71.68,70.85,71.67,15.0,71.5,10
2023-10-30,71.0,71.08,70.45,70.62,6.0,70.857,6
2023-10-31,71.1,71.1,70.29,70.29,5.0,70.804,5
2023-11-01,71.06,71.06,69.97,69.97,61.0,70.167,6
2023-11-02,70.46,70.86,70.25,70.86,10.0,70.557,7
2023-11-03,70.95,70.95,70.03,70.03,8.0,70.475,6
2023-11-06,70.9,70.9,70.75,70.75,1.0,70.9,1
2023-11-07,68.85,68.89,68.36,68.46,10.0,68.679,6
2023-11-08,68.25,68.25,67.39,67.39,22.0,68.117,6
2023-11-09,67.68,67.97,67.68,67.85,21.0,67.759,8
2023-11-10,68.87,68.87,68.73,68.73,1.0,68.87,1
2023-11-13,69.3,69.3,69.3,69.3,0.0,69.3,0
2023-11-14,69.36,69.36,68.83,68.83,28.0,69.344,16
2023-11-15,69.0,69.0,68.53,68.53,105.0,68.993,88
2023-11-16,66.86,66.86,66.52,66.52,2.0,66.86,2
2023-11-17,68.35,68.35,68.35,68.35,0.0,68.35,0
2023-11-20,69.56,69.59,69.21,69.21,163.0,69.561,87
2023-11-21,69.16,69.16,68.84,69.05,55.0,69.106,21
2023-11-22,67.2,68.52,67.2,68.52,23.0,67.258,14
2023-11-23,67.98,68.52,67.98,68.52,1.0,67.98,1
2023-11-24,68.5,68.78,67.79,67.79,54.0,68.761,37
2023-11-27,67.3,67.8,67.2,67.45,6.0,67.467,6
2023-11-28,67.4,68.53,67.4,68.1,35.0,68.166,25
2023-11-29,68.01,68.88,68.01,68.87,111.0,68.685,95
2023-11-30,69.2,69.2,67.36,67.67,21.0,68.584,18
2023-12-01,68.04,68.04,66.89,66.89,15.0,67.573,14
2023-12-04,67.9,67.9,67.18,67.18,34.0,67.9,17
2023-12-05,66.9,66.9,66.67,66.67,1.0,66.9,1
2023-12-06,66.6,66.6,65.3,65.48,122.0,65.443,87
2023-12-07,65.63,65.65,65.47,65.47,12.0,65.594,7
2023-12-08,66.21,66.44,66.13,66.33,9.0,66.32,4
2023-12-11,66.58,66.71,66.58,66.7,15.0,66.655,8
2023-12-12,66.82,66.94,65.26,65.32,95.0,65.347,47
2023-12-13,65.52,66.14,65.52,66.09,71.0,65.933,65
2023-12-14,66.13,67.45,66.13,67.35,18.0,66.313,13
2023-12-15,67.33,67.33,67.18,67.24,17.0,67.304,10
2023-12-18,68.2,68.87,67.62,67.62,54.0,68.781,14
2023-12-19,68.3,68.3,68.16,68.16,2.0,68.3,1
2023-12-20,68.5,68.5,67.94,67.94,2.0,68.3,2
2023-12-21,67.36,67.64,67.35,67.35,9.0,67.51,6
2023-12-22,67.44,67.44,66.62,66.62,10.0,67.44,2
2023-12-26,66.5,67.24,66.5,67.24,6.0,66.668,6
2023-12-27,67.62,67.63,66.6,66.97,8.0,67.267,6
2023-12-28,66.82,66.82,65.66,65.66,4.0,66.425,4
2023-12-29,65.44,65.44,65.44,65.44,0.0,65.44,0
2024-01-02,66.32,66.32,65.01,65.13,12.0,65.798,12
2024-01-03,65.0,66.34,64.98,66.34,13.0,65.157,8
2024-01-04,65.86,65.86,65.86,65.86,0.0,65.86,0
2024-01-05,66.42,66.42,66.42,66.42,9.0,66.42,5
2024-01-08,65.33,65.33,65.05,65.12,10.0,65.228,8
2024-01-09,65.74,65.74,65.52,65.52,3.0,65.713,2
2024-01-10,65.61,65.98,65.25,65.33,18.0,65.432,10
2024-01-11,65.95,65.95,65.73,65.73,17.0,65.818,13
2024-01-12,66.7,67.54,66.41,66.51,55.0,67.241,42
2024-01-15,66.51,66.51,66.51,66.51,0.0,66.51,0
2024-01-16,66.18,66.18,65.81,66.08,22.0,66.02,17
2024-01-17,65.16,65.92,64.99,65.92,18.0,65.116,14
2024-01-18,66.36,66.52,66.24,66.52,166.0,66.339,84
2024-01-19,66.66,66.66,65.97,65.97,9.0,66.521,6
2024-01-22,66.45,67.07,66.45,67.07,3.0,66.45,3
2024-01-23,66.92,66.92,66.9,66.9,1.0,66.92,1
2024-01-24,66.94,67.61,66.94,67.2,101.0,67.324,64
2024-01-25,67.64,68.12,67.64,68.12,20.0,67.937,19
2024-01-26,68.12,68.6,67.74,68.6,41.0,68.203,29
2024-01-29,68.12,68.12,67.91,67.91,1.0,68.12,1
2024-01-30,68.15,68.63,68.15,68.55,15.0,68.425,12
2024-01-31,68.19,68.19,67.31,67.51,27.0,67.611,17
2024-02-01,67.92,67.92,66.17,66.17,153.0,67.651,104
2024-02-02,65.88,65.88,65.45,65.45,22.0,65.739,17
2024-02-05,65.73,65.97,65.73,65.97,197.0,65.825,106
2024-02-06,66.05,66.2,65.88,66.01,69.0,66.033,29
2024-02-07,66.3,66.38,66.12,66.36,25.0,66.162,10
2024-02-08,67.23,67.39,67.11,67.35,353.0,67.242,173
2024-02-09,67.65,67.8,67.65,67.8,60.0,67.65,51
2024-02-12,67.94,67.94,67.94,67.94,0.0,67.94,0
2024-02-13,68.27,68.27,68.03,68.17,13.0,68.083,9
2024-02-14,68.61,68.61,67.44,67.53,63.0,68.473,41
2024-02-15,68.18,68.37,67.88,67.9,17.0,67.989,17
2024-02-16,67.55,68.14,67.55,68.14,9.0,67.763,8
2024-02-19,68.14,68.14,68.14,68.14,0.0,68.14,0
2024-02-20,67.68,67.93,67.24,67.26,20.0,67.748,17
2024-02-21,67.21,67.57,67.21,67.45,21.0,67.342,14
2024-02-22,67.59,67.79,67.13,67.73,15.0,67.533,14
2024-02-23,67.3,67.3,66.79,67.05,16.0,66.989,13
2024-02-26,67.1,67.38,67.1,67.37,19.0,67.265,18
2024-02-27,67.37,67.73,67.37,67.73,8.0,67.472,7
2024-02-28,67.39,67.8,67.2,67.53,16.0,67.5,14
2024-02-29,67.15,67.4,67.15,67.31,8.0,67.259,5
2024-03-01,67.68,67.85,67.59,67.59,32.0,67.831,22
2024-03-04,67.42,68.05,67.42,68.05,7.0,67.666,6
2024-03-05,67.59,67.68,67.33,67.48,171.0,67.607,127
2024-03-06,67.53,67.96,67.53,67.62,15.0,67.673,11
2024-03-07,67.62,67.81,67.62,67.81,140.0,67.717,108
2024-03-08,67.91,67.95,67.28,67.39,38.0,67.496,24
2024-03-11,67.45,68.0,67.15,67.92,6.0,67.528,6
2024-03-12,67.9,68.04,67.66,67.8,12.0,67.825,10
2024-03-13,68.67,68.86,68.48,68.69,443.0,68.671,282
2024-03-14,68.84,69.16,68.79,69.16,216.0,68.84,133
2024-03-15,69.09,69.44,69.09,69.43,478.0,69.294,220
2024-03-18,69.6,69.85,69.54,69.8,93.0,69.667,64
2024-03-19,69.88,70.16,69.86,70.01,159.0,69.933,79
2024-03-20,70.05,70.07,69.2,69.53,156.0,69.39,134
2024-03-21,69.44,69.65,69.29,69.58,125.0,69.44,68
2024-03-22,69.31,69.8,69.1,69.19,81.0,69.366,67
2024-03-25,69.42,70.06,69.33,69.83,155.0,69.782,154
2024-03-26,69.86,70.0,69.6,69.78,216.0,69.671,101
2024-03-27,69.32,69.81,69.32,69.76,25.0,69.602,19
2024-03-28,70.17,70.34,70.0,70.32,331.0,70.192,172
2024-04-01,70.5,70.5,70.09,70.29,27.0,70.313,25
2024-04-02,70.54,70.81,70.3,70.54,314.0,70.466,294
2024-04-03,70.75,71.04,70.75,71.0,172.0,70.957,103
2024-04-04,71.04,71.39,70.88,71.39,654.0,71.074,540
2024-04-05,71.25,71.53,71.06,71.22,405.0,71.347,309
2024-04-08,70.55,71.62,70.55,71.08,147.0,71.192,83
2024-04-09,71.15,71.31,70.49,70.61,107.0,70.838,95
2024-04-10,70.69,71.28,70.64,71.06,216.0,70.975,122
2024-04-11,71.17,71.42,70.95,71.09,126.0,71.242,120
2024-04-12,71.72,72.42,71.5,71.55,756.0,72.109,678
2024-04-15,71.59,71.91,71.17,71.81,43.0,71.472,38
2024-04-16,71.93,72.25,71.8,72.05,148.0,72.108,145
2024-04-17,72.01,72.14,70.78,70.87,149.0,71.194,116
2024-04-18,71.13,71.15,70.63,70.69,88.0,70.969,79
2024-04-19,71.32,71.61,70.18,70.45,666.0,70.493,564
2024-04-22,69.91,70.39,69.64,70.29,93.0,70.071,93
2024-04-23,70.45,70.88,69.87,70.77,150.0,70.54,116
2024-04-24,70.97,71.04,70.58,70.97,126.0,70.762,123
2024-04-25,71.23,71.35,70.6,71.22,128.0,71.068,93
2024-04-26,71.42,71.83,71.02,71.5,1021.0,71.249,624
2024-04-29,71.28,71.62,70.82,71.05,568.0,71.217,480
2024-04-30,71.08,71.5,69.96,70.71,355.0,70.538,300
2024-05-01,70.21,70.27,68.86,68.92,259.0,69.896,208
2024-05-02,69.17,69.58,69.03,69.36,160.0,69.296,106
2024-05-03,69.51,69.89,69.34,69.46,294.0,69.666,212
2024-05-06,69.59,69.93,69.44,69.77,365.0,69.729,286
2024-05-07,69.72,69.81,69.2,69.61,481.0,69.584,315
2024-05-08,69.33,69.65,68.74,69.43,79.0,69.212,71
2024-05-09,69.41,69.65,69.32,69.59,34.0,69.433,31
2024-05-10,69.73,69.86,69.04,69.12,24.0,69.464,16
2024-05-13,68.96,69.69,68.96,69.43,135.0,69.313,77
2024-05-14,69.52,69.52,68.8,69.3,75.0,69.116,47
2024-05-15,69.51,69.61,68.85,69.52,77.0,69.468,41
2024-05-16,69.6,70.08,69.3,69.92,66.0,69.821,54
2024-05-17,70.21,70.41,69.92,70.41,21.0,70.036,12
2024-05-20,70.55,70.64,70.2,70.57,210.0,70.474,94
2024-05-21,70.31,70.71,70.06,70.36,90.0,70.333,67
2024-05-22,69.74,69.89,69.35,69.4,239.0,69.728,170
2024-05-23,69.28,70.1,68.87,69.06,81.0,69.353,60
2024-05-24,68.99,69.46,68.73,69.25,406.0,69.291,367
2024-05-27,69.7,69.98,69.25,69.25,2.0,69.84,2
2024-05-28,70.15,70.76,70.05,70.56,903.0,70.569,702
2024-05-29,70.79,70.92,70.13,70.31,360.0,70.44,299
2024-05-30,70.24,70.45,69.59,69.69,322.0,70.125,294
2024-05-31,69.43,70.19,69.34,69.93,223.0,69.633,128
2024-06-03,69.89,70.28,68.4,68.42,128.0,69.09,71
2024-06-04,68.2,68.2,67.06,67.1,520.0,67.367,459
2024-06-05,67.26,67.29,66.98,67.12,441.0,67.165,384
2024-06-06,67.34,68.16,67.22,67.9,74.0,67.764,69
2024-06-07,67.91,68.46,67.84,68.4,229.0,68.245,201
2024-06-10,68.67,69.55,68.57,69.48,233.0,69.399,163
2024-06-11,69.57,70.14,69.49,69.88,481.0,69.943,298
2024-06-12,70.05,70.64,69.86,70.11,169.0,70.288,119
2024-06-13,70.01,70.51,69.93,70.17,175.0,70.275,138
2024-06-14,70.07,70.56,69.7,69.8,551.0,69.991,244
2024-06-17,69.64,70.25,69.58,69.81,291.0,69.897,157
2024-06-18,69.89,70.84,69.82,70.73,621.0,70.449,467
2024-06-19,70.86,70.94,70.73,70.73,66.0,70.939,56
2024-06-20,70.92,71.35,70.86,70.99,393.0,70.932,285
2024-06-21,70.85,71.12,70.51,70.59,371.0,70.921,250
2024-06-24,70.67,71.25,70.67,71.2,412.0,71.106,330
2024-06-25,71.2,71.46,70.95,70.98,238.0,71.294,150
2024-06-26,71.25,71.57,70.96,71.32,202.0,71.287,114
2024-06-27,71.26,71.61,71.08,71.27,250.0,71.455,232
2024-06-28,71.45,71.52,70.8,71.05,176.0,71.179,148
2024-07-01,71.38,72.1,71.27,72.03,1365.0,71.764,1170
2024-07-02,71.95,72.36,71.94,72.02,1008.0,72.106,794
2024-07-03,72.19,72.6,71.96,72.6,425.0,72.259,345
2024-07-04,72.27,72.6,72.27,72.6,27.0,72.359,27
2024-07-05,72.42,72.56,72.11,72.11,276.0,72.402,172
2024-07-08,72.06,72.07,71.74,71.99,101.0,71.949,77
2024-07-09,71.9,71.93,71.22,71.22,51.0,71.501,31
2024-07-10,71.16,71.51,70.86,71.22,66.0,71.241,56
2024-07-11,71.62,71.62,70.88,71.16,271.0,71.299,153
2024-07-12,71.22,71.39,71.01,71.12,380.0,71.099,161
2024-07-15,71.06,71.13,70.82,70.91,53.0,70.994,34
2024-07-16,70.82,70.82,70.04,70.26,63.0,70.474,44
2024-07-17,70.25,70.88,70.25,70.74,594.0,70.656,341
2024-07-18,70.92,71.11,70.57,70.78,575.0,70.786,386
2024-07-19,70.66,70.82,69.24,69.3,121.0,69.915,109
2024-07-22,69.6,69.63,68.99,69.55,199.0,69.494,92
2024-07-23,69.6,69.69,68.45,68.45,407.0,69.008,272
2024-07-24,68.56,69.28,68.56,69.05,482.0,69.022,352
2024-07-25,68.77,69.41,68.18,69.35,364.0,68.818,321
2024-07-26,69.54,69.54,68.09,68.87,109.0,68.633,86
2024-07-29,69.1,69.14,68.1,68.47,126.0,68.701,75
2024-07-30,68.3,68.43,67.98,68.07,58.0,68.155,50
2024-07-31,68.75,69.68,68.75,69.42,317.0,69.256,232
2024-08-01,69.54,69.91,68.75,68.75,232.0,69.286,154
2024-08-02,69.07,69.26,66.61,66.79,198.0,67.799,127
2024-08-05,66.71,67.52,66.24,66.9,233.0,66.982,219
2024-08-06,67.49,67.82,66.42,66.6,213.0,66.934,178
2024-08-07,66.82,67.85,66.55,67.52,122.0,67.458,118
2024-08-08,67.62,68.3,67.41,68.25,136.0,67.939,119
2024-08-09,68.41,68.7,68.18,68.61,121.0,68.469,59
2024-08-12,68.74,70.07,68.74,70.07,268.0,69.328,170
2024-08-13,69.63,69.98,69.01,69.1,433.0,69.394,313
2024-08-14,69.43,69.54,68.69,68.81,242.0,68.971,145
2024-08-15,68.86,69.63,68.81,69.38,512.0,69.359,391
2024-08-16,69.18,69.34,68.14,68.57,78.0,68.806,67
2024-08-19,68.66,68.71,67.63,67.73,32.0,68.332,31
2024-08-20,67.37,67.84,67.12,67.13,281.0,67.262,182
2024-08-21,67.06,67.54,66.32,66.5,178.0,66.862,126
2024-08-22,66.46,67.2,66.34,67.01,253.0,66.782,176
2024-08-23,67.07,68.2,67.03,68.09,144.0,67.515,86
2024-08-26,68.37,69.36,68.35,69.1,498.0,69.034,333
2024-08-27,68.91,69.09,68.27,68.3,546.0,68.465,377
2024-08-28,68.49,68.52,67.46,67.6,54.0,68.013,38
2024-08-29,67.66,68.53,67.3,68.38,310.0,68.199,249
2024-08-30,68.56,68.68,67.16,67.27,217.0,67.549,184
2024-09-02,66.92,67.52,66.92,67.27,2.0,67.22,2
2024-09-03,67.42,67.56,65.44,65.55,368.0,65.931,294
2024-09-04,65.34,66.15,65.14,65.31,220.0,65.437,173
2024-09-05,65.54,66.3,65.48,65.78,343.0,65.911,247
2024-09-06,65.96,66.14,64.8,64.89,541.0,65.056,465
2024-09-09,65.48,65.55,64.71,65.01,187.0,65.039,145
2024-09-10,65.04,65.04,63.18,63.25,938.0,64.134,635
2024-09-11,63.53,64.38,63.25,64.21,86.0,63.939,73
2024-09-12,64.49,65.63,64.49,65.23,79.0,64.982,62
2024-09-13,65.35,65.71,64.74,64.75,66.0,65.189,51
2024-09-16,64.94,65.64,64.85,65.56,186.0,65.425,117
2024-09-17,65.61,66.54,65.61,66.16,198.0,66.153,148
2024-09-18,66.0,66.19,65.49,66.08,110.0,65.918,80
2024-09-19,65.74,66.94,65.73,66.56,512.0,66.61,333
2024-09-20,66.45,66.79,66.23,66.53,1202.0,66.512,1079
2024-09-23,66.94,67.13,65.72,66.42,337.0,66.784,224
2024-09-24,66.55,67.66,66.55,67.3,246.0,67.191,131
2024-09-25,67.29,67.3,66.16,66.44,276.0,66.729,177
2024-09-26,66.75,66.75,65.12,65.6,1111.0,65.665,964
2024-09-27,65.45,66.09,65.23,65.75,440.0,65.676,299
2024-09-30,65.88,66.39,65.73,66.02,676.0,66.222,523
2024-10-01,66.11,68.01,64.8,66.96,2790.0,67.354,2027
2024-10-02,67.62,68.41,66.8,66.97,751.0,67.725,571
2024-10-03,67.35,69.36,67.35,69.09,2801.0,68.808,2103
2024-10-04,68.92,69.53,68.65,68.74,1301.0,69.072,1159
2024-10-07,68.66,70.57,68.65,70.49,2266.0,70.051,2023
2024-10-08,70.75,70.75,68.31,68.92,350.0,69.133,258
2024-10-09,69.25,69.29,67.8,68.33,350.0,68.474,250
2024-10-10,68.58,69.6,68.47,69.46,550.0,69.225,446
2024-10-11,69.34,69.66,68.89,69.5,512.0,69.41,385
2024-10-14,69.05,69.05,67.75,68.9,63.0,68.707,53
2024-10-15,67.5,67.93,66.26,66.72,184.0,66.712,164
2024-10-16,66.82,67.01,65.97,66.3,405.0,66.465,299
2024-10-17,66.54,66.7,65.84,66.57,131.0,66.352,106
2024-10-18,66.73,66.88,65.45,65.81,225.0,65.9,150
2024-10-21,65.85,66.8,65.85,66.61,151.0,66.539,134
2024-10-22,66.51,67.99,66.35,67.74,552.0,67.354,484
2024-10-23,67.44,67.5,66.71,66.96,216.0,66.951,204
2024-10-24,67.54,67.93,66.45,66.79,440.0,67.034,401
2024-10-25,66.92,67.85,66.83,67.78,312.0,67.41,290
2024-10-28,67.0,67.0,64.66,64.75,811.0,65.005,636
2024-10-29,65.06,65.45,64.42,64.68,345.0,64.761,291
2024-10-30,64.81,65.99,64.81,65.67,1019.0,65.585,823
2024-10-31,65.82,66.66,65.59,65.85,769.0,66.03,604
2024-11-01,66.57,67.38,65.97,66.16,827.0,66.29,574
2024-11-04,66.75,67.58,66.6,67.02,3714.0,67.051,3328
2024-11-05,67.07,67.63,66.96,67.2,1247.0,67.326,1060
2024-11-06,66.8,67.7,65.87,67.2,727.0,66.971,679
2024-11-07,67.75,68.05,66.73,67.82,590.0,67.436,501
2024-11-08,67.64,67.64,66.51,66.94,364.0,66.972,338
2024-11-11,66.81,67.15,65.49,65.61,157.0,65.894,141
2024-11-12,65.63,66.23,65.4,65.51,172.0,65.745,155
2024-11-13,65.43,65.98,64.68,65.49,414.0,65.257,321
2024-11-14,65.42,66.07,65.08,65.46,2160.0,65.561,1585
2024-11-15,65.16,65.42,64.35,64.4,172.0,64.903,127
2024-11-18,64.24,66.25,64.22,66.17,551.0,65.827,413
2024-11-19,66.25,66.82,65.87,66.42,153.0,66.419,123
2024-11-20,66.37,66.79,66.0,66.05,371.0,66.677,284
2024-11-21,66.2,66.95,66.2,66.5,594.0,66.574,479
2024-11-22,66.74,67.22,65.96,67.12,1274.0,66.902,949
2024-11-25,66.62,66.96,65.37,65.59,1240.0,65.856,902
2024-11-26,65.54,66.66,65.25,65.73,913.0,66.052,791
2024-11-27,65.74,66.05,65.05,65.51,258.0,65.53,224
2024-11-28,65.44,65.83,65.44,65.51,54.0,65.485,40
2024-11-29,65.78,66.1,64.93,65.02,549.0,65.81,445
2024-12-02,65.1,65.91,64.92,65.12,1000.0,65.367,739
2024-12-03,65.08,66.49,65.08,66.29,954.0,66.241,661
2024-12-04,66.39,66.68,65.17,65.19,994.0,65.907,729
2024-12-05,65.36,65.67,64.98,65.05,293.0,65.307,239
2024-12-06,64.94,65.08,64.38,64.68,318.0,64.742,255
2024-12-09,65.08,65.89,65.07,65.6,615.0,65.623,519
2024-12-10,65.38,65.83,65.2,65.62,303.0,65.724,189
2024-12-11,65.53,66.44,65.53,66.3,1413.0,66.173,1027
2024-12-12,66.43,66.6,65.58,66.38,638.0,66.065,604
2024-12-13,66.46,67.0,66.45,66.94,976.0,66.831,705
2024-12-16,66.76,66.82,66.38,66.59,493.0,66.582,404
2024-12-17,66.67,66.67,65.63,66.03,380.0,66.001,265
2024-12-18,66.3,66.73,65.51,65.94,1030.0,66.296,671
2024-12-19,65.73,66.21,65.13,65.28,630.0,65.316,425
2024-12-20,65.1,65.55,64.69,65.38,647.0,65.087,489
2024-12-23,65.75,65.75,65.03,65.34,143.0,65.29,106
2024-12-24,65.6,66.08,65.5,65.88,466.0,65.832,330
2024-12-26,65.98,66.2,65.37,65.57,78.0,65.938,68
2024-12-27,65.47,66.12,65.46,65.96,220.0,65.905,189
2024-12-30,66.01,66.64,65.81,66.27,203.0,66.189,132
2024-12-31,66.58,66.94,66.27,66.77,319.0,66.724,233
2025-01-02,67.08,67.9,66.82,67.38,972.0,67.57,665
2025-01-03,67.5,67.77,67.11,67.67,536.0,67.499,380
2025-01-06,67.75,68.3,67.49,67.81,639.0,67.795,459
2025-01-07,67.82,68.24,67.59,68.04,938.0,68.069,756
2025-01-08,68.11,68.38,67.35,67.51,707.0,67.593,542
2025-01-09,67.25,68.02,67.25,67.68,933.0,67.789,642
2025-01-10,67.91,69.25,67.8,68.34,2890.0,68.523,2179
2025-01-13,68.35,68.52,67.66,67.92,2421.0,67.894,1798
2025-01-14,67.87,68.43,67.6,68.32,1823.0,68.13,1240
2025-01-15,68.2,69.09,68.16,68.86,1601.0,68.747,1270
2025-01-16,68.8,68.8,67.91,68.25,993.0,68.19,846
2025-01-17,68.38,68.52,68.0,68.11,520.0,68.296,476
2025-01-20,68.12,68.41,67.86,68.11,565.0,68.12,488
2025-01-21,68.15,68.37,67.78,68.05,1385.0,68.121,1166
2025-01-22,68.22,68.4,67.89,68.12,776.0,68.145,615
2025-01-23,67.98,68.57,67.64,68.0,1389.0,68.127,1117
2025-01-24,67.89,68.14,67.53,67.74,1084.0,67.803,837
2025-01-27,67.55,67.71,66.38,66.79,1113.0,66.879,892
2025-01-28,66.81,67.11,66.43,66.6,1473.0,66.807,1255
2025-01-29,66.47,66.71,66.02,66.15,1049.0,66.347,856
2025-01-30,66.3,66.64,65.89,66.31,980.0,66.355,709
2025-01-31,66.61,66.71,65.97,66.15,912.0,66.368,702
2025-02-03,66.3,66.84,65.75,66.1,2510.0,66.243,1880
2025-02-04,66.16,66.82,65.34,66.65,2456.0,66.331,1683
2025-02-05,66.5,66.71,65.74,65.79,608.0,66.065,493
2025-02-06,65.84,66.32,65.64,65.96,599.0,66.004,492
2025-02-07,66.06,66.45,65.96,66.25,487.0,66.254,374
2025-02-10,66.46,67.08,66.46,66.97,656.0,66.927,561
2025-02-11,67.06,67.98,66.96,67.97,783.0,67.72,517
2025-02-12,67.79,67.86,66.74,66.85,645.0,67.183,503
2025-02-13,66.87,66.87,66.12,66.69,657.0,66.506,425
2025-02-14,66.87,67.12,66.44,66.72,807.0,66.689,492
2025-02-17,66.45,67.14,66.26,66.72,178.0,66.8,132
2025-02-18,67.07,67.37,66.76,67.13,1039.0,67.127,817
2025-02-19,67.23,67.76,67.2,67.35,1579.0,67.489,1149
2025-02-20,67.37,68.13,67.17,67.73,1080.0,67.795,823
2025-02-21,67.87,67.87,66.15,66.27,782.0,66.71,525
2025-02-24,66.18,66.59,66.16,66.33,860.0,66.363,732
2025-02-25,66.38,66.67,64.67,64.97,1083.0,65.221,755
2025-02-26,65.13,65.28,64.44,64.46,2131.0,64.723,1688
2025-02-27,64.74,65.62,64.62,65.33,838.0,65.229,638
2025-02-28,65.17,65.24,64.56,64.73,1000.0,64.865,742
2025-03-03,65.17,65.44,63.94,64.17,1612.0,64.663,1241
2025-03-04,64.07,64.2,63.11,63.99,1580.0,63.731,1182
2025-03-05,64.26,64.26,61.85,62.76,1855.0,62.603,1430
2025-03-06,62.97,63.22,62.18,62.64,1791.0,62.584,1311
2025-03-07,62.67,64.06,62.66,63.32,2324.0,63.454,1832
2025-03-10,63.4,63.64,62.02,62.24,912.0,62.67,705
2025-03-11,62.08,62.95,61.8,62.36,3830.0,62.667,2336
2025-03-12,62.62,63.59,62.35,63.53,783.0,63.315,606
2025-03-13,63.6,63.78,62.59,62.8,1536.0,63.071,1318
2025-03-14,63.04,63.44,62.79,63.28,446.0,63.114,333
2025-03-17,63.52,64.04,63.37,63.73,850.0,63.708,672
2025-03-18,63.64,64.58,63.24,63.51,2019.0,63.762,1611
2025-03-19,63.46,63.96,63.04,63.54,1641.0,63.659,1292
2025-03-20,63.66,64.5,63.37,64.28,1826.0,64.068,1331
2025-03-21,64.63,64.64,63.98,64.24,1475.0,64.226,1225
2025-03-24,64.34,64.9,63.98,64.69,1735.0,64.642,1278
2025-03-25,64.8,65.02,64.32,64.71,956.0,64.737,727
2025-03-26,64.86,65.46,64.75,65.09,2096.0,65.226,1589
2025-03-27,65.18,65.43,64.81,65.4,932.0,65.271,745
2025-03-28,65.46,65.46,64.34,64.66,1164.0,64.706,760
2025-03-31,64.85,66.12,64.25,65.81,4779.0,65.759,3465
2025-04-01,65.73,66.17,65.67,65.97,3126.0,65.882,1989
2025-04-02,65.91,66.5,65.35,66.15,2459.0,65.947,1853
2025-04-03,65.0,65.18,62.17,62.77,3503.0,62.971,2544
2025-04-04,62.5,62.6,58.22,59.46,9246.0,59.522,7067
2025-04-07,58.39,61.34,57.36,59.28,9130.0,59.262,7543
2025-04-08,59.59,59.87,56.93,57.76,5569.0,58.41,4106
2025-04-09,57.06,60.21,55.02,59.61,10383.0,57.304,8829
2025-04-10,60.14,60.25,57.3,58.41,3376.0,58.317,2846
2025-04-11,58.38,59.18,57.96,58.88,2409.0,58.513,1869
2025-04-14,59.09,59.95,58.79,59.42,1659.0,59.313,1336
2025-04-15,59.48,59.75,58.87,58.94,1887.0,59.148,1575
2025-04-16,59.04,59.81,58.23,59.47,2676.0,59.366,2013
2025-04-17,59.71,61.26,59.6,61.1,3643.0,60.78,2504
2025-04-21,60.7,60.7,59.47,59.66,1154.0,59.872,916
2025-04-22,60.01,61.1,60.0,60.71,2045.0,60.664,1441
2025-04-23,60.82,61.57,59.4,60.0,2719.0,60.271,2000
2025-04-24,59.97,60.83,59.91,60.56,1916.0,60.416,1319
2025-04-25,60.56,61.02,60.01,60.77,2298.0,60.533,1609
2025-04-28,61.27,61.4,59.84,60.22,1649.0,60.375,1302
2025-04-29,60.12,60.28,59.1,59.35,1841.0,59.534,1443
2025-04-30,59.22,59.36,57.18,57.28,3367.0,57.973,2529
2025-05-01,57.46,58.3,56.09,58.11,2925.0,57.46,2247
2025-05-02,57.84,58.49,57.12,57.83,1628.0,57.757,1078
2025-05-05,56.82,57.56,56.01,57.22,2095.0,57.029,1568
2025-05-06,57.35,59.22,57.34,58.81,2338.0,58.626,1678
2025-05-07,58.71,59.39,57.69,57.89,969.0,58.347,730
2025-05-08,57.69,59.38,57.69,59.11,2685.0,59.006,2136
2025-05-09,59.07,60.12,59.07,59.65,1285.0,59.59,995
2025-05-12,59.94,61.55,59.65,60.72,2948.0,61.091,2047
2025-05-13,60.5,61.98,60.43,61.8,4243.0,61.521,2534
2025-05-14,61.73,61.74,61.03,61.29,2027.0,61.383,1508
2025-05-15,61.06,61.06,59.82,60.3,1311.0,60.264,1063
2025-05-16,60.38,60.75,59.94,60.55,640.0,60.458,503
2025-05-19,60.37,60.74,59.88,60.35,1768.0,60.427,1187
2025-05-20,60.38,60.83,60.08,60.59,1160.0,60.522,857
2025-05-21,60.61,62.04,60.09,60.34,1576.0,60.825,1143
2025-05-22,60.12,60.45,59.41,59.98,1218.0,59.799,890
2025-05-23,59.77,60.35,59.06,60.19,1637.0,59.707,1212
2025-05-27,60.36,60.66,59.2,59.73,1938.0,59.7,1311
2025-05-28,59.91,60.85,59.78,60.24,1421.0,60.313,1066
2025-05-29,60.12,61.07,59.08,59.23,1354.0,59.672,1024
2025-05-30,59.12,59.72,58.17,58.76,2700.0,58.872,2058
2025-06-02,59.55,60.72,59.49,59.96,4025.0,60.22,2545
2025-06-03,60.48,61.1,60.09,60.92,2596.0,60.878,1663
2025-06-04,60.84,61.14,59.89,60.31,2474.0,60.514,1975
2025-06-05,60.27,61.13,60.18,60.73,4679.0,60.82,3248
2025-06-06,60.55,61.49,60.37,61.37,4494.0,61.145,2954
2025-06-09,61.43,61.77,61.12,61.7,2810.0,61.559,2036
2025-06-10,61.65,62.13,61.19,61.51,4680.0,61.827,3211
2025-06-11,61.27,63.35,61.21,63.2,6996.0,62.405,4677
2025-06-12,63.5,63.85,62.38,62.89,7216.0,62.882,4488
2025-06-13,63.21,66.37,63.21,64.71,32413.0,65.061,23092
2025-06-16,65.56,66.25,63.25,65.09,7740.0,64.721,6149
2025-06-17,64.65,66.74,64.51,66.64,15529.0,65.863,11078
2025-06-18,65.86,66.73,65.11,66.51,12690.0,66.042,9507
2025-06-20,66.06,67.42,65.56,66.69,9801.0,66.644,7155
2025-06-23,68.28,68.67,63.3,64.36,11346.0,66.211,8632
2025-06-24,63.89,63.89,61.41,61.5,7668.0,62.483,5663
2025-06-25,62.05,62.44,60.98,61.09,3625.0,61.534,2534
2025-06-26,61.11,62.06,60.98,61.49,1569.0,61.552,1240
2025-06-27,61.56,61.83,60.89,61.41,2370.0,61.331,1844
2025-06-30,60.96,61.65,60.82,61.34,1090.0,61.256,901
2025-07-01,61.21,61.75,61.03,61.52,1467.0,61.459,1227
2025-07-02,61.59,62.38,61.3,62.32,2080.0,61.934,1582
2025-07-03,62.19,62.25,61.63,62.18,1005.0,61.948,803
2025-07-07,62.15,62.94,61.17,62.74,3889.0,62.366,2978
2025-07-08,62.69,63.59,62.44,63.31,3113.0,63.096,2669
2025-07-09,63.22,63.59,62.76,63.11,3556.0,63.178,2930
2025-07-10,63.07,63.49,62.15,62.31,1969.0,62.679,1469
2025-07-11,62.35,63.67,62.25,63.42,1829.0,63.186,1363
2025-07-14,63.67,64.1,62.7,63.03,2768.0,63.251,2123
2025-07-15,63.01,63.25,62.6,62.66,1898.0,62.864,1506
2025-07-16,62.82,62.91,62.14,62.48,1681.0,62.434,1253
2025-07-17,62.49,63.2,62.36,63.12,1984.0,62.841,1384
2025-07-18,63.15,63.76,63.09,63.17,2577.0,63.307,1922
2025-07-21,63.29,63.45,62.86,63.21,1219.0,63.141,908
2025-07-22,63.11,63.17,62.52,62.85,2056.0,62.744,1348
2025-07-23,63.01,63.16,62.55,62.96,1946.0,62.807,1303
2025-07-24,63.01,63.57,62.79,63.32,2286.0,63.285,1462
2025-07-25,63.37,63.75,62.54,62.72,1376.0,63.127,1061
2025-07-28,62.8,64.19,62.76,63.96,2411.0,63.763,1678
2025-07-29,64.08,65.81,63.9,65.45,5701.0,65.015,3639
2025-07-30,65.47,65.87,64.89,65.61,5021.0,65.622,3285
2025-07-31,65.76,65.79,64.59,64.95,1814.0,65.063,1371
2025-08-01,64.99,65.1,62.81,63.13,2724.0,63.562,2011
2025-08-04,62.68,63.36,62.23,62.88,1567.0,62.728,1101
2025-08-05,62.82,62.93,62.08,62.14,1307.0,62.348,988
2025-08-06,62.17,63.33,61.1,61.61,2304.0,62.338,1619
2025-08-07,61.56,62.3,61.47,61.56,1093.0,61.783,837
2025-08-08,62.83,62.83,60.7,61.42,1724.0,61.451,1431
2025-08-11,61.24,61.84,60.96,61.68,738.0,61.533,602
2025-08-12,61.85,61.96,61.2,61.38,1366.0,61.442,1081
2025-08-13,61.27,61.46,60.46,61.03,1526.0,60.972,1180
2025-08-14,61.1,61.67,60.86,61.57,1528.0,61.427,1224
2025-08-15,61.75,61.76,60.85,60.98,1638.0,61.205,1316
2025-08-18,61.02,61.68,60.66,61.48,1495.0,61.245,1190
2025-08-19,61.22,61.47,60.78,60.89,2322.0,60.99,1823
2025-08-20,61.1,61.98,60.93,61.74,1982.0,61.587,1597
2025-08-21,61.89,62.45,61.72,62.36,2443.0,62.203,1753
2025-08-22,62.33,62.63,62.16,62.44,2001.0,62.425,1501
2025-08-25,62.55,63.46,62.38,63.25,2195.0,63.185,1511
2025-08-26,63.22,63.22,61.91,61.97,1047.0,62.189,791
2025-08-27,62.09,62.42,61.7,62.35,1296.0,62.188,930
2025-08-28,62.15,62.84,61.83,62.81,1810.0,62.314,1276
2025-08-29,62.54,62.69,62.12,62.23,1620.0,62.33,1124
2025-09-02,62.29,63.88,62.02,63.78,6482.0,63.394,4444
2025-09-03,63.71,63.81,62.52,62.72,3176.0,62.857,2470
2025-09-04,62.56,62.56,61.55,62.09,1911.0,62.035,1492
2025-09-05,61.97,62.09,60.56,60.92,3133.0,61.079,2151
2025-09-08,60.95,62.12,60.95,61.44,3478.0,61.541,2280
2025-09-09,61.6,62.55,61.55,61.79,2216.0,62.108,1639
2025-09-10,61.91,62.82,61.91,62.59,2895.0,62.5,2136
2025-09-11,62.75,62.75,61.4,61.55,3263.0,61.675,2416
2025-09-12,61.52,62.86,61.02,61.89,4214.0,62.193,2914
2025-09-15,62.15,62.65,61.8,62.33,2445.0,62.329,1846
2025-09-16,62.35,63.34,62.07,63.17,3690.0,63.03,2593
2025-09-17,63.25,63.28,62.3,62.55,2353.0,62.802,1758
2025-09-18,62.59,62.94,61.99,62.1,2128.0,62.386,1539
2025-09-19,62.15,62.26,61.14,61.34,2218.0,61.593,1563
2025-09-22,61.31,61.81,60.85,61.38,1907.0,61.289,1494
2025-09-23,61.38,62.6,61.0,62.13,3011.0,62.174,2249
2025-09-24,62.41,63.12,62.01,63.06,4596.0,62.869,2896
2025-09-25,62.92,63.39,62.54,63.16,3230.0,63.052,2206
2025-09-26,63.33,64.29,63.03,63.79,7132.0,63.822,4249
2025-09-29,63.24,63.63,61.84,62.14,3450.0,62.389,2486
2025-09-30,61.87,61.95,61.02,61.22,2595.0,61.449,1913
2025-10-01,61.33,61.59,60.5,60.82,3122.0,60.908,2283
2025-10-02,60.78,61.47,59.87,59.94,3851.0,60.451,2687
2025-10-03,60.13,60.56,60.01,60.2,3466.0,60.258,2630
2025-10-06,60.51,61.11,60.33,60.94,3444.0,60.858,2431
2025-10-07,61.05,61.25,60.16,60.79,2634.0,60.722,2026
2025-10-08,61.06,61.55,60.98,61.29,2703.0,61.27,1962
2025-10-09,61.05,61.48,60.27,60.59,2997.0,60.859,2191
2025-10-10,60.6,60.69,57.88,58.41,7951.0,59.051,5777
2025-10-13,58.37,59.44,58.37,59.11,4865.0,59.108,3866
2025-10-14,59.24,59.36,57.63,58.44,5256.0,58.299,4200
2025-10-15,58.32,58.92,58.07,58.16,3279.0,58.351,2448
2025-10-16,58.55,58.69,57.2,57.37,6459.0,57.928,4736
2025-10-17,57.36,57.91,56.77,57.8,5115.0,57.496,3926
2025-10-20,57.81,58.0,56.92,57.74,4777.0,57.5,3431
2025-10-21,57.56,58.42,57.11,57.75,6202.0,57.778,4697
2025-10-22,58.05,59.68,57.82,58.7,7461.0,58.896,5579
2025-10-23,59.69,60.6,59.33,60.06,20058.0,60.096,13660
2025-10-24,59.98,60.47,59.67,60.03,8399.0,60.169,5525
2025-10-27,60.31,60.49,59.49,60.04,5005.0,60.161,3678
2025-10-28,60.18,60.18,59.15,59.59,6202.0,59.51,4584
2025-10-29,59.66,60.14,59.33,59.97,6438.0,59.859,4588
2025-10-30,59.85,60.1,59.08,59.92,6160.0,59.668,4156
2025-10-31,59.64,60.34,59.3,60.04,6924.0,59.935,4808
2025-11-03,60.33,60.61,59.8,60.36,4717.0,60.282,3424
2025-11-04,60.29,60.35,59.5,60.13,5530.0,59.983,4163
2025-11-05,59.9,60.46,59.4,59.46,3942.0,59.851,2923
2025-11-06,59.55,60.18,59.0,59.37,5208.0,59.444,4116
2025-11-07,59.51,60.05,59.3,59.69,6630.0,59.624,4790
2025-11-10,59.76,60.22,59.4,60.06,4295.0,59.812,2782
2025-11-11,59.97,60.99,59.68,60.94,5765.0,60.673,4016
2025-11-12,60.91,60.91,58.52,58.69,6796.0,59.237,4751
2025-11-13,58.51,59.1,58.29,58.65,4612.0,58.792,3436
2025-11-14,58.6,59.95,58.6,59.63,6889.0,59.56,5201
2025-11-17,59.38,59.87,59.1,59.54,3212.0,59.562,2542
2025-11-18,59.36,60.25,59.03,60.07,10271.0,59.609,7838
2025-11-19,59.93,60.1,58.33,58.63,6191.0,58.842,4305
2025-11-20,58.72,59.35,58.08,58.37,4491.0,58.636,3150
2025-11-21,58.15,58.15,57.08,57.67,7878.0,57.509,5535
2025-11-24,57.65,58.53,57.16,58.38,4719.0,57.889,3069
2025-11-25,58.36,58.39,56.92,57.72,6794.0,57.495,3930
2025-11-26,57.76,58.37,57.5,58.3,4969.0,57.911,2815
2025-11-28,58.18,59.05,57.81,58.06,2882.0,58.531,1908
2025-12-01,58.39,59.26,58.33,58.84,3127.0,58.834,2127
2025-12-02,58.97,59.09,57.91,58.14,4121.0,58.432,2753
2025-12-03,58.18,58.98,57.88,58.34,7041.0,58.601,4658
2025-12-04,58.38,59.25,58.27,58.86,5125.0,58.856,3347
2025-12-05,58.83,59.58,58.67,59.34,4847.0,59.209,3089
2025-12-08,59.41,59.56,58.14,58.26,4917.0,58.561,3194
2025-12-09,58.29,58.55,57.78,57.9,3807.0,58.04,2705
2025-12-10,58.08,58.52,57.35,58.07,5216.0,57.904,3529
2025-12-11,58.43,58.43,56.78,57.32,7088.0,57.194,4132
2025-12-12,57.58,57.76,56.78,57.0,4938.0,57.122,3417
2025-12-15,57.0,57.34,56.2,56.68,5070.0,56.629,3298
2025-12-16,56.5,56.55,55.12,55.26,6460.0,55.552,4092
2025-12-17,55.26,56.63,55.26,55.85,8495.0,56.004,5109
2025-12-18,56.62,56.68,55.76,55.94,5318.0,56.102,3299
2025-12-19,55.88,56.5,55.65,56.34,3896.0,56.199,2643
2025-12-22,56.52,57.75,56.47,57.68,4267.0,57.443,2743
2025-12-23,57.56,58.03,57.43,57.9,4743.0,57.748,3142
2025-12-24,57.93,58.21,57.7,57.93,3243.0,57.978,2370
2025-12-26,58.0,58.38,56.39,56.47,3505.0,57.179,2339
2025-12-29,56.85,57.83,56.79,57.62,7691.0,57.582,6243
2025-12-30,57.35,58.0,57.19,57.53,3006.0,57.717,2092
2025-12-31,57.54,58.06,56.82,57.01,4561.0,57.491,3164
2026-01-02,57.05,57.5,56.29,56.98,4329.0,56.777,2768
2026-01-05,57.01,57.91,56.02,57.82,9254.0,57.31,5418
2026-01-06,57.79,58.15,56.41,56.69,11157.0,57.28,7001
2026-01-07,56.61,56.77,55.6,55.82,15201.0,56.121,9262
2026-01-08,56.19,58.28,55.75,57.48,10941.0,57.107,6830
2026-01-09,57.89,59.14,57.33,58.59,18906.0,58.556,10492
2026-01-12,58.44,59.2,58.01,58.92,9395.0,58.54,6153
2026-01-13,59.13,60.36,58.83,60.23,23413.0,59.964,12571
2026-01-14,60.32,61.42,58.77,61.19,28402.0,60.471,16401
2026-01-15,60.37,60.39,58.4,58.67,18422.0,58.869,10976
2026-01-16,58.72,59.53,58.46,58.94,8076.0,59.139,5263
2026-01-20,58.69,59.75,58.17,59.7,10365.0,59.263,5952
2026-01-21,59.12,60.24,58.75,60.08,11919.0,59.871,7668
2026-01-22,59.98,60.2,58.64,58.96,8286.0,59.188,5086
2026-01-23,59.23,60.65,59.13,60.38,9566.0,60.277,5007
2026-01-26,60.62,61.0,59.89,60.16,9240.0,60.313,5648
2026-01-27,60.23,61.75,59.7,61.6,13144.0,61.051,7159
2026-01-28,61.69,62.52,61.31,62.29,13532.0,62.068,7519
2026-01-29,62.38,64.97,62.22,64.18,26037.0,63.971,13862
2026-01-30,64.21,64.67,62.46,63.93,18773.0,63.926,10640
2026-02-02,63.34,63.34,60.39,61.0,17177.0,61.055,11119
2026-02-03,61.09,62.98,60.08,62.15,12908.0,61.727,8265
2026-02-04,62.61,64.3,61.86,63.97,16245.0,63.185,10479
2026-02-05,63.2,63.59,61.78,62.44,12171.0,62.478,8172
2026-02-06,62.26,63.63,61.52,62.91,16459.0,62.805,10776
2026-02-09,62.39,64.13,62.03,63.8,9114.0,63.481,5650
2026-02-10,63.84,64.05,63.15,63.42,7352.0,63.645,4540
2026-02-11,63.7,65.03,63.64,64.04,9821.0,64.405,5606
2026-02-12,64.19,64.45,61.87,62.27,8648.0,62.889,5087
2026-02-13,62.48,62.67,61.67,62.37,8694.0,62.243,5365
2026-02-17,62.66,63.52,61.43,61.95,15662.0,62.266,10201
2026-02-18,61.89,64.84,61.82,64.53,24436.0,63.788,14379
2026-02-19,64.35,66.29,64.35,65.87,23630.0,65.629,13675
2026-02-20,66.01,66.42,65.31,65.88,21848.0,65.715,14654
2026-02-23,65.4,66.67,64.94,65.83,14908.0,65.98,10042
2026-02-24,65.81,66.68,65.28,65.36,19655.0,65.898,12690
2026-02-25,65.78,66.25,64.89,65.17,16384.0,65.394,10616
2026-02-26,65.34,66.27,63.47,64.89,34908.0,65.099,22049
2026-02-27,64.96,67.27,64.53,66.56,30390.0,66.398,17718
2026-03-02,71.78,73.0,68.38,69.81,57043.0,70.263,37092
2026-03-03,69.78,74.8,69.07,71.88,75261.0,72.737,52619
2026-03-04,71.98,73.95,70.5,71.76,29423.0,72.054,21507
2026-03-05,72.79,76.14,71.95,75.52,63006.0,74.267,44979
2026-03-06,74.55,82.95,73.56,82.19,115111.0,79.666,86616
2026-03-09,85.0,104.34,75.6,86.67,150849.0,89.759,121412
2026-03-10,80.0,83.95,73.56,79.44,101004.0,79.535,81220
2026-03-11,82.4,84.55,78.26,83.48,93194.0,82.097,74695
2026-03-12,84.8,91.81,84.49,90.48,89467.0,88.998,73994
2026-03-13,91.67,92.66,87.76,92.48,56990.0,90.659,46268
2026-03-16,94.0,94.98,88.06,88.54,67113.0,90.87,52735
2026-03-17,89.41,93.27,89.02,91.64,65351.0,91.187,51529
2026-03-18,91.5,96.2,88.2,92.43,105589.0,92.59,82281
2026-03-19,94.93,97.27,89.41,92.96,103261.0,93.51,83084
2026-03-20,91.86,95.4,89.68,94.74,77970.0,92.844,60904
2026-03-23,96.91,98.17,81.64,85.37,114485.0,89.192,85891
2026-03-24,86.2,90.53,84.16,89.75,67853.0,88.432,52600
2026-03-25,85.92,88.88,84.23,87.78,62647.0,86.396,48879
2026-03-26,88.47,91.93,86.44,91.15,58174.0,90.531,43219
2026-03-27,90.15,95.6,88.91,94.19,59064.0,93.245,45550
2026-03-30,96.48,98.26,93.7,96.02,63583.0,95.992,49409
2026-03-31,97.95,99.65,92.3,93.16,82502.0,95.418,64789
2026-04-01,93.4,94.81,88.7,90.88,70066.0,91.061,53708
2026-04-02,90.15,98.49,88.7,98.04,104959.0,96.256,80669
2026-04-06,98.51,100.91,95.57,98.47,52435.0,97.91,41208
2026-04-07,98.35,101.17,95.69,99.38,96664.0,99.355,75930
2026-04-08,94.75,95.58,83.8,87.75,128550.0,87.188,95777
2026-04-09,89.43,92.89,88.16,89.93,110122.0,90.668,85028
2026-04-10,90.3,91.8,88.76,89.58,76505.0,90.25,57449
2026-04-13,93.9,96.93,91.07,92.95,101108.0,94.343,73448
2026-04-14,91.94,92.66,88.01,88.19,100674.0,89.95,72716
2026-04-15,88.8,90.45,84.7,88.13,106370.0,88.609,76152
2026-04-16,88.31,91.82,87.32,91.17,116124.0,89.992,77815
2026-04-17,89.72,90.34,78.97,82.59,305320.0,83.124,185458
2026-04-20,88.15,89.6,85.45,87.42,221789.0,87.247,136426
2026-04-21,85.82,92.23,85.5,89.67,267113.0,88.791,156828
2026-04-22,90.0,93.73,87.64,92.96,215195.0,91.362,128374
2026-04-23,92.9,98.39,92.3,95.85,272831.0,94.928,170585
2026-04-24,96.62,97.85,92.68,94.4,228965.0,95.081,141711
2026-04-27,95.6,97.67,94.59,96.37,151624.0,96.262,97740
2026-04-28,96.67,101.85,96.24,99.93,197758.0,99.561,125400
2026-04-29,99.71,108.6,98.42,106.88,221416.0,104.509,138445
2026-04-30,109.07,110.93,103.34,105.07,244933.0,105.891,163017
2026-05-01,105.14,106.65,99.3,101.94,181892.0,102.574,117196
2026-05-04,99.73,107.46,99.11,106.42,245217.0,104.09,156787
2026-05-05,104.93,105.48,101.08,102.27,150392.0,102.836,98572
2026-05-06,102.7,102.7,88.66,95.08,311900.0,95.21,210316
2026-05-07,96.3,97.99,89.85,94.81,263337.0,93.828,168796
2026-05-08,98.25,98.64,93.82,95.42,154299.0,95.351,98586
2026-05-11,98.19,100.37,96.13,98.07,165094.0,98.159,103658
2026-05-12,98.39,102.72,98.0,102.18,121752.0,101.267,78691
2026-05-13,102.16,103.67,100.56,101.02,112089.0,101.901,72707
2026-05-14,101.02,102.35,99.39,101.17,104983.0,101.031,68239
2026-05-15,102.06,106.0,101.48,105.42,34568.0,104.362,23375
2026-05-18,106.0,109.47,102.65,108.66,17753.0,106.077,12171
2026-05-19,107.11,109.24,106.76,107.77,9236.0,107.902,5556
2026-05-20,107.77,107.77,107.77,107.77,0.0,107.77,0
