date,open,high,low,close,volume,average,barCount
2018-01-24,54.3,54.3,54.3,54.3,0.0,54.3,0
2018-01-25,54.48,54.48,54.48,54.48,0.0,54.48,0
2018-01-26,54.37,54.37,54.37,54.37,0.0,54.37,0
2018-01-29,54.0,54.0,54.0,54.0,0.0,54.0,0
2018-01-30,53.38,53.38,53.38,53.38,0.0,53.38,0
2018-01-31,53.19,53.19,53.19,53.19,0.0,53.19,0
2018-02-01,53.18,53.18,53.18,53.18,0.0,53.18,0
2018-02-02,52.22,52.22,52.22,52.22,0.0,52.22,0
2018-02-05,51.88,51.88,51.88,51.88,0.0,51.88,0
2018-02-06,51.63,51.63,51.63,51.63,0.0,51.63,0
2018-02-07,51.0,51.0,51.0,51.0,0.0,51.0,0
2018-02-08,51.03,51.03,51.03,51.03,0.0,51.03,0
2018-02-09,50.49,50.49,50.49,50.49,0.0,50.49,0
2018-02-12,50.72,50.72,50.72,50.72,0.0,50.72,0
2018-02-13,51.41,51.41,51.41,51.41,0.0,51.41,0
2018-02-14,51.38,51.38,51.38,51.38,0.0,51.38,0
2018-02-15,51.34,51.34,51.34,51.34,0.0,51.34,0
2018-02-16,51.63,51.63,51.63,51.63,0.0,51.63,0
2018-02-20,52.23,52.23,52.23,52.23,0.0,52.23,0
2018-02-21,52.27,52.27,52.27,52.27,0.0,52.27,0
2018-02-22,52.41,52.41,52.41,52.41,0.0,52.41,0
2018-02-23,53.2,53.2,53.2,53.2,0.0,53.2,0
2018-02-26,53.81,53.81,53.81,53.81,0.0,53.81,0
2018-02-27,53.41,53.41,53.41,53.41,0.0,53.41,0
2018-02-28,51.87,51.87,51.87,51.87,0.0,51.87,0
2018-03-01,51.56,51.56,51.56,51.56,0.0,51.56,0
2018-03-02,51.59,51.59,51.59,51.59,0.0,51.59,0
2018-03-05,52.28,52.28,52.28,52.28,0.0,52.28,0
2018-03-06,52.35,52.35,52.35,52.35,0.0,52.35,0
2018-03-07,51.75,51.75,51.75,51.75,0.0,51.75,0
2018-03-08,51.76,51.76,51.76,51.76,0.0,51.76,0
2018-03-09,52.73,52.73,52.73,52.73,0.0,52.73,0
2018-03-12,52.63,52.63,52.63,52.63,0.0,52.63,0
2018-03-13,52.52,52.52,52.52,52.52,0.0,52.52,0
2018-03-14,52.66,52.66,52.66,52.66,0.0,52.66,0
2018-03-15,52.45,52.45,52.45,52.45,0.0,52.45,0
2018-03-16,52.43,52.43,52.43,52.43,0.0,52.43,0
2018-03-19,52.02,52.02,52.02,52.02,0.0,52.02,0
2018-03-20,52.18,52.18,52.18,52.18,0.0,52.18,0
2018-03-21,52.89,52.89,52.89,52.89,0.0,52.89,0
2018-03-22,52.44,52.44,52.44,52.44,0.0,52.44,0
2018-03-23,52.85,52.85,52.85,52.85,0.0,52.85,0
2018-03-26,52.66,52.66,52.66,52.66,0.0,52.66,0
2018-03-27,52.66,52.66,52.66,52.66,0.0,52.66,0
2018-03-28,52.64,52.64,52.64,52.64,0.0,52.64,0
2018-03-29,52.42,52.42,52.42,52.42,0.0,52.42,0
2018-04-02,51.48,51.48,51.48,51.48,0.0,51.48,0
2018-04-03,51.86,51.86,51.86,51.86,0.0,51.86,0
2018-04-04,51.82,51.82,51.82,51.82,0.0,51.82,0
2018-04-05,52.03,52.03,52.03,52.03,0.0,52.03,0
2018-04-06,51.33,51.33,51.33,51.33,0.0,51.33,0
2018-04-09,51.48,51.48,51.48,51.48,0.0,51.48,0
2018-04-10,51.77,51.77,51.77,51.77,0.0,51.77,0
2018-04-11,52.07,52.07,52.07,52.07,0.0,52.07,0
2018-04-12,51.74,51.74,51.74,51.74,0.0,51.74,0
2018-04-13,51.67,51.67,51.67,51.67,0.0,51.67,0
2018-04-16,51.64,51.64,51.64,51.64,0.0,51.64,0
2018-04-17,51.59,51.59,51.59,51.59,0.0,51.59,0
2018-04-18,51.5,51.5,51.5,51.5,0.0,51.5,0
2018-04-19,51.68,51.68,51.68,51.68,0.0,51.68,0
2018-04-20,51.62,51.62,51.62,51.62,0.0,51.62,0
2018-04-23,51.95,51.95,51.95,51.95,0.0,51.95,0
2018-04-24,51.51,51.51,51.51,51.51,0.0,51.51,0
2018-04-25,51.4,51.4,51.4,51.4,0.0,51.4,0
2018-04-26,51.43,51.43,51.43,51.43,0.0,51.43,0
2018-04-27,51.09,51.09,51.09,51.09,0.0,51.09,0
2018-04-30,51.25,51.25,51.25,51.25,0.0,51.25,0
2018-05-01,50.96,50.96,50.96,50.96,0.0,50.96,0
2018-05-02,50.91,50.91,50.91,50.91,0.0,50.91,0
2018-05-03,51.36,51.36,51.36,51.36,0.0,51.36,0
2018-05-04,52.03,52.03,52.03,52.03,0.0,52.03,0
2018-05-07,52.36,52.36,52.36,52.36,0.0,52.36,0
2018-05-08,51.9,51.9,51.9,51.9,0.0,51.9,0
2018-05-09,52.71,52.71,52.71,52.71,0.0,52.71,0
2018-05-10,53.06,53.06,53.06,53.06,0.0,53.06,0
2018-05-11,53.25,53.25,53.25,53.25,0.0,53.25,0
2018-05-14,53.58,53.58,53.58,53.58,0.0,53.58,0
2018-05-15,54.01,54.01,54.01,54.01,0.0,54.01,0
2018-05-16,53.89,53.89,53.89,53.89,0.0,53.89,0
2018-05-17,54.51,54.51,54.51,54.51,0.0,54.51,0
2018-05-18,54.48,54.48,54.48,54.48,0.0,54.48,0
2018-05-21,54.86,54.86,54.86,54.86,0.0,54.86,0
2018-05-22,54.59,54.59,54.59,54.59,0.0,54.59,0
2018-05-23,53.73,53.73,53.73,53.73,0.0,53.73,0
2018-05-24,53.55,53.55,53.55,53.55,0.0,53.55,0
2018-05-25,52.59,52.59,52.59,52.59,0.0,52.59,0
2018-05-29,52.61,52.61,52.61,52.61,0.0,52.61,0
2018-05-30,52.91,52.91,52.91,52.91,0.0,52.91,0
2018-05-31,52.99,52.99,52.99,52.99,0.0,52.99,0
2018-06-01,54.19,54.19,54.19,54.19,0.0,54.19,0
2018-06-04,53.73,53.73,53.73,53.73,0.0,53.73,0
2018-06-05,53.81,53.81,53.81,53.81,0.0,53.81,0
2018-06-06,53.4,53.4,53.4,53.4,0.0,53.4,0
2018-06-07,53.83,53.83,53.83,53.83,0.0,53.83,0
2018-06-08,54.09,54.09,54.09,54.09,0.0,54.09,0
2018-06-11,54.34,54.34,54.34,54.34,0.0,54.34,0
2018-06-12,54.14,54.14,54.14,54.14,0.0,54.14,0
2018-06-13,55.2,55.2,55.2,55.2,0.0,55.2,0
2018-06-14,53.49,53.49,53.49,53.49,0.0,53.49,0
2018-06-15,52.14,52.14,52.14,52.14,0.0,52.14,0
2018-06-18,52.93,52.93,52.93,52.93,0.0,52.93,0
2018-06-19,52.63,52.63,52.63,52.63,0.0,52.63,0
2018-06-20,52.59,52.59,52.59,52.59,0.0,52.59,0
2018-06-21,52.4,52.4,52.4,52.4,0.0,52.4,0
2018-06-22,53.51,53.51,53.51,53.51,0.0,53.51,0
2018-06-25,53.6,53.6,53.6,53.6,0.0,53.6,0
2018-06-26,54.48,54.48,54.48,54.48,0.0,54.48,0
2018-06-27,54.49,54.49,54.49,54.49,0.0,54.49,0
2018-06-28,53.94,53.94,53.94,53.94,0.0,53.94,0
2018-06-29,53.48,53.48,53.48,53.48,0.0,53.48,0
2018-07-02,53.35,53.35,53.35,53.35,0.0,53.35,0
2018-07-03,53.17,53.17,53.17,53.17,0.0,53.17,0
2018-07-05,53.71,53.71,53.71,53.71,0.0,53.71,0
2018-07-06,54.0,54.0,54.0,54.0,0.0,54.0,0
2018-07-09,54.06,54.06,54.06,54.06,0.0,54.06,0
2018-07-10,53.93,53.93,53.93,53.93,0.0,53.93,0
2018-07-11,53.11,53.11,53.11,53.11,0.0,53.11,0
2018-07-12,53.86,53.86,53.86,53.86,0.0,53.86,0
2018-07-13,53.44,53.44,53.44,53.44,0.0,53.44,0
2018-07-16,51.98,51.98,51.98,51.98,0.0,51.98,0
2018-07-17,52.34,52.34,52.34,52.34,0.0,52.34,0
2018-07-18,53.0,53.0,53.0,53.0,0.0,53.0,0
2018-07-19,53.09,53.09,53.09,53.09,0.0,53.09,0
2018-07-20,53.19,53.19,53.19,53.19,0.0,53.19,0
2018-07-23,54.17,54.17,54.17,54.17,0.0,54.17,0
2018-07-24,54.79,54.79,54.79,54.79,0.0,54.79,0
2018-07-25,55.09,55.09,55.09,55.09,0.0,55.09,0
2018-07-26,55.36,55.36,55.36,55.36,0.0,55.36,0
2018-07-27,54.88,54.88,54.88,54.88,0.0,54.88,0
2018-07-30,54.74,54.74,54.74,54.74,0.0,54.74,0
2018-07-31,54.45,54.45,54.45,54.45,0.0,54.45,0
2018-08-01,53.77,53.77,53.77,53.77,0.0,53.77,0
2018-08-02,54.16,54.16,54.16,54.16,0.0,54.16,0
2018-08-03,54.36,54.36,54.36,54.36,0.0,54.36,0
2018-08-06,54.72,54.72,54.72,54.72,0.0,54.72,0
2018-08-07,55.3,55.3,55.3,55.3,0.0,55.3,0
2018-08-08,54.19,54.19,54.19,54.19,0.0,54.19,0
2018-08-09,54.5,54.5,54.5,54.5,0.0,54.5,0
2018-08-10,54.38,54.38,54.38,54.38,0.0,54.38,0
2018-08-13,54.3,54.3,54.3,54.3,0.0,54.3,0
2018-08-14,54.85,54.85,54.85,54.85,0.0,54.85,0
2018-08-15,54.41,54.41,54.41,54.41,0.0,54.41,0
2018-08-16,54.71,54.71,54.71,54.71,0.0,54.71,0
2018-08-17,54.99,54.99,54.99,54.99,0.0,54.99,0
2018-08-20,54.85,54.85,54.85,54.85,0.0,54.85,0
2018-08-21,54.68,54.68,54.68,54.68,0.0,54.68,0
2018-08-22,55.57,55.57,55.57,55.57,0.0,55.57,0
2018-08-23,55.66,55.66,55.66,55.66,0.0,55.66,0
2018-08-24,55.99,55.99,55.99,55.99,0.0,55.99,0
2018-08-27,56.13,56.13,56.13,56.13,0.0,56.13,0
2018-08-28,56.04,56.04,56.04,56.04,0.0,56.04,0
2018-08-29,56.12,56.12,56.12,56.12,0.0,56.12,0
2018-08-30,55.96,55.96,55.96,55.96,0.0,55.96,0
2018-08-31,55.52,55.52,55.52,55.52,0.0,55.52,0
2018-09-04,55.64,55.64,55.64,55.64,0.0,55.64,0
2018-09-05,55.19,55.19,55.19,55.19,0.0,55.19,0
2018-09-06,54.77,54.77,54.77,54.77,0.0,54.77,0
2018-09-07,54.77,54.77,54.77,54.77,0.0,54.77,0
2018-09-10,54.83,54.83,54.83,54.83,0.0,54.83,0
2018-09-11,55.46,55.46,55.46,55.46,0.0,55.46,0
2018-09-12,56.11,56.11,56.11,56.11,0.0,56.11,0
2018-09-13,55.44,55.44,55.44,55.44,0.0,55.44,0
2018-09-14,55.87,55.87,55.87,55.87,0.0,55.87,0
2018-09-17,56.18,56.18,56.18,56.18,0.0,56.18,0
2018-09-18,56.09,56.09,56.09,56.09,0.0,56.09,0
2018-09-19,56.18,56.18,56.18,56.18,0.0,56.18,0
2018-09-20,55.98,55.98,55.98,55.98,0.0,55.98,0
2018-09-21,55.96,55.96,55.96,55.96,0.0,55.96,0
2018-09-24,56.42,56.42,56.42,56.42,0.0,56.42,0
2018-09-25,56.89,56.89,56.89,56.89,0.0,56.89,0
2018-09-26,56.6,56.6,56.6,56.6,0.0,56.6,0
2018-09-27,56.92,56.92,56.92,56.92,0.0,56.92,0
2018-09-28,57.22,57.22,57.22,57.22,0.0,57.22,0
2018-10-01,58.19,58.19,58.19,58.19,0.0,58.19,0
2018-10-02,58.22,58.22,58.22,58.22,0.0,58.22,0
2018-10-03,59.46,59.46,59.46,59.46,0.0,59.46,0
2018-10-04,58.16,58.16,58.16,58.16,0.0,58.16,0
2018-10-05,58.49,58.49,58.49,58.49,0.0,58.49,0
2018-10-08,58.45,58.45,58.45,58.45,0.0,58.45,0
2018-10-09,58.98,58.98,58.98,58.98,0.0,58.98,0
2018-10-10,57.47,57.47,57.47,57.47,0.0,57.47,0
2018-10-11,56.18,56.18,56.18,56.18,0.0,56.18,0
2018-10-12,56.35,56.35,56.35,56.35,0.0,56.35,0
2018-10-15,55.45,55.45,55.45,55.45,0.0,55.45,0
2018-10-16,55.35,55.35,55.35,55.35,0.0,55.35,0
2018-10-17,54.79,54.79,54.79,54.79,0.0,54.79,0
2018-10-18,54.63,54.63,54.63,54.63,0.0,54.63,0
2018-10-19,54.92,54.92,54.92,54.92,0.0,54.92,0
2018-10-22,56.18,56.18,56.18,56.18,0.0,56.18,0
2018-10-23,55.65,55.65,55.65,55.65,0.0,55.65,0
2018-10-24,55.34,55.34,55.34,55.34,0.0,55.34,0
2018-10-25,55.21,55.21,55.21,55.21,0.0,55.21,0
2018-10-26,55.72,55.72,55.72,55.72,0.0,55.72,0
2018-10-29,55.99,55.99,55.99,55.99,0.0,55.99,0
2018-10-30,54.93,54.93,54.93,54.93,0.0,54.93,0
2018-10-31,54.55,54.55,54.55,54.55,0.0,54.55,0
2018-11-01,53.27,53.27,53.27,53.27,0.0,53.27,0
2018-11-02,53.57,53.57,53.57,53.57,0.0,53.57,0
2018-11-05,54.15,54.15,54.15,54.15,0.0,54.15,0
2018-11-06,54.84,54.84,54.84,54.84,0.0,54.84,0
2018-11-07,57.75,57.75,57.75,57.75,0.0,57.75,0
2018-11-08,57.52,57.52,57.52,57.52,0.0,57.52,0
2018-11-09,57.33,57.33,57.33,57.33,0.0,57.33,0
2018-11-12,57.2,57.2,57.2,57.2,0.0,57.2,0
2018-11-13,55.94,55.94,55.94,55.94,0.0,55.94,0
2018-11-14,56.4,56.4,56.4,56.4,0.0,56.4,0
2018-11-15,55.03,55.03,55.03,55.03,0.0,55.03,0
2018-11-16,54.72,54.72,54.72,54.72,0.0,54.72,0
2018-11-19,55.21,55.21,55.21,55.21,0.0,55.21,0
2018-11-20,52.77,52.77,52.77,52.77,0.0,52.77,0
2018-11-21,53.28,53.28,53.28,53.28,0.0,53.28,0
2018-11-23,51.96,51.96,51.96,51.96,0.0,51.96,0
2018-11-26,52.6,52.6,52.6,52.6,0.0,52.6,0
2018-11-27,53.39,53.39,53.39,53.39,0.0,53.39,0
2018-11-28,53.65,53.65,53.65,53.65,0.0,53.65,0
2018-11-29,53.87,53.87,53.87,53.87,0.0,53.87,0
2018-11-30,52.32,52.32,52.32,52.32,0.0,52.32,0
2018-12-03,53.58,53.58,53.58,53.58,0.0,53.58,0
2018-12-04,53.73,53.73,53.73,53.73,0.0,53.73,0
2018-12-05,53.42,53.42,53.42,53.42,0.0,53.42,0
2018-12-06,52.83,52.83,52.83,52.83,0.0,52.83,0
2018-12-07,52.33,52.33,52.33,52.33,0.0,52.33,0
2018-12-10,51.34,51.34,51.34,51.34,0.0,51.34,0
2018-12-11,51.42,51.42,51.42,51.42,0.0,51.42,0
2018-12-12,51.57,51.57,51.57,51.57,0.0,51.57,0
2018-12-13,52.25,52.25,52.25,52.25,0.0,52.25,0
2018-12-14,51.79,51.79,51.79,51.79,0.0,51.79,0
2018-12-17,51.96,51.96,51.96,51.96,0.0,51.96,0
2018-12-18,50.56,50.56,50.56,50.56,0.0,50.56,0
2018-12-19,51.52,51.52,51.52,51.52,0.0,51.52,0
2018-12-20,51.09,51.09,51.09,51.09,0.0,51.09,0
2018-12-21,51.41,51.41,51.41,51.41,0.0,51.41,0
2018-12-24,50.86,50.86,50.86,50.86,0.0,50.86,0
2018-12-26,53.74,53.74,53.74,53.74,0.0,53.74,0
2018-12-27,52.18,52.18,52.18,52.18,0.0,52.18,0
2018-12-28,52.12,52.12,52.12,52.12,0.0,52.12,0
2018-12-31,53.15,53.15,53.15,53.15,0.0,53.15,0
2019-01-02,53.97,53.97,53.97,53.97,0.0,53.97,0
2019-01-03,54.21,54.21,54.21,54.21,0.0,54.21,0
2019-01-04,54.38,54.38,54.38,54.38,0.0,54.38,0
2019-01-07,54.11,54.11,54.11,54.11,0.0,54.11,0
2019-01-08,55.02,55.02,55.02,55.02,0.0,55.02,0
2019-01-09,55.92,55.92,55.92,55.92,0.0,55.92,0
2019-01-10,55.43,55.43,55.43,55.43,0.0,55.43,0
2019-01-11,54.54,54.54,54.54,54.54,0.0,54.54,0
2019-01-14,54.05,54.05,54.05,54.05,0.0,54.05,0
2019-01-15,54.57,54.57,54.57,54.57,0.0,54.57,0
2019-01-16,54.9,54.9,54.9,54.9,0.0,54.9,0
2019-01-17,54.11,54.11,54.11,54.11,0.0,54.11,0
2019-01-18,53.3,53.3,53.3,53.3,0.0,53.3,0
2019-01-22,53.8,53.8,53.8,53.8,0.0,53.8,0
2019-01-23,53.78,53.78,53.78,53.78,0.0,53.78,0
2019-01-24,53.91,53.91,53.91,53.91,0.0,53.91,0
2019-01-25,53.99,53.99,53.99,53.99,0.0,53.99,0
2019-01-28,53.85,53.85,53.85,53.85,0.0,53.85,0
2019-01-29,54.19,54.19,54.19,54.19,0.0,54.19,0
2019-01-30,53.83,53.83,53.83,53.83,0.0,53.83,0
2019-01-31,53.26,53.26,53.26,53.26,0.0,53.26,0
2019-02-01,54.47,54.47,54.47,54.47,0.0,54.47,0
2019-02-04,54.27,54.27,54.27,54.27,0.0,54.27,0
2019-02-05,53.88,53.88,53.88,53.88,0.0,53.88,0
2019-02-06,53.56,53.56,53.56,53.56,0.0,53.56,0
2019-02-07,53.08,53.08,53.08,53.08,0.0,53.08,0
2019-02-08,53.03,53.03,53.03,53.03,0.0,53.03,0
2019-02-11,53.2,53.2,53.2,53.2,0.0,53.2,0
2019-02-12,53.34,53.34,53.34,53.34,0.0,53.34,0
2019-02-13,53.88,53.88,53.88,53.88,0.0,53.88,0
2019-02-14,53.88,53.88,53.88,53.88,0.0,53.88,0
2019-02-15,54.17,54.17,54.17,54.17,0.0,54.17,0
2019-02-19,54.64,54.64,54.64,54.64,0.0,54.64,0
2019-02-20,54.55,54.55,54.55,54.55,0.0,54.55,0
2019-02-21,54.53,54.53,54.53,54.53,0.0,54.53,0
2019-02-22,54.25,54.25,54.25,54.25,0.0,54.25,0
2019-02-25,53.69,53.69,53.69,53.69,0.0,53.69,0
2019-02-26,53.85,53.85,53.85,53.85,0.0,53.85,0
2019-02-27,54.19,54.19,54.19,54.19,0.0,54.19,0
2019-02-28,54.22,54.22,54.22,54.22,0.0,54.22,0
2019-03-01,53.54,53.54,53.54,53.54,0.0,53.54,0
2019-03-04,54.38,54.38,54.38,54.38,0.0,54.38,0
2019-03-05,54.33,54.33,54.33,54.33,0.0,54.33,0
2019-03-06,54.34,54.34,54.34,54.34,0.0,54.34,0
2019-03-07,54.32,54.32,54.32,54.32,0.0,54.32,0
2019-03-08,54.04,54.04,54.04,54.04,0.0,54.04,0
2019-03-11,54.08,54.08,54.08,54.08,0.0,54.08,0
2019-03-12,54.2,54.2,54.2,54.2,0.0,54.2,0
2019-03-13,54.53,54.53,54.53,54.53,0.0,54.53,0
2019-03-14,54.34,54.34,54.34,54.34,0.0,54.34,0
2019-03-15,54.52,54.52,54.52,54.52,0.0,54.52,0
2019-03-18,54.69,54.69,54.69,54.69,0.0,54.69,0
2019-03-19,54.63,54.63,54.63,54.63,0.0,54.63,0
2019-03-20,54.48,54.48,54.48,54.48,0.0,54.48,0
2019-03-21,54.19,54.19,54.19,54.19,0.0,54.19,0
2019-03-22,53.84,53.84,53.84,53.84,0.0,53.84,0
2019-03-25,53.91,53.91,53.91,53.91,0.0,53.91,0
2019-03-26,53.69,53.69,53.69,53.69,0.0,53.69,0
2019-03-27,53.48,53.48,53.48,53.48,0.0,53.48,0
2019-03-28,53.73,53.73,53.73,53.73,0.0,53.73,0
2019-03-29,53.61,53.61,53.61,53.61,0.0,53.61,0
2019-04-01,53.38,53.38,53.38,53.38,0.0,53.38,0
2019-04-02,53.12,53.12,53.12,53.12,0.0,53.12,0
2019-04-03,53.41,53.41,53.41,53.41,0.0,53.41,0
2019-04-04,53.42,53.42,53.42,53.42,0.0,53.42,0
2019-04-05,53.58,53.58,53.58,53.58,0.0,53.58,0
2019-04-08,53.5,53.5,53.5,53.5,0.0,53.5,0
2019-04-09,53.86,53.86,53.86,53.86,0.0,53.86,0
2019-04-10,53.79,53.79,53.79,53.79,0.0,53.79,0
2019-04-11,53.8,53.8,53.8,53.8,0.0,53.8,0
2019-04-12,54.32,54.32,54.32,54.32,0.0,54.32,0
2019-04-15,54.82,54.82,54.82,54.82,0.0,54.82,0
2019-04-16,54.76,54.76,54.76,54.76,0.0,54.76,0
2019-04-17,54.47,54.47,54.47,54.47,0.0,54.47,0
2019-04-18,54.29,54.29,54.29,54.29,0.0,54.29,0
2019-04-22,54.36,54.36,54.36,54.36,0.0,54.36,0
2019-04-23,54.49,54.49,54.49,54.49,0.0,54.49,0
2019-04-24,54.51,54.51,54.51,54.51,0.0,54.51,0
2019-04-25,54.24,54.24,54.24,54.24,0.0,54.24,0
2019-04-26,54.09,54.09,54.09,54.09,0.0,54.09,0
2019-04-29,54.03,54.03,54.03,54.03,0.0,54.03,0
2019-04-30,54.11,54.11,54.11,54.11,0.0,54.11,0
2019-05-01,54.39,54.39,54.39,54.39,0.0,54.39,0
2019-05-02,53.51,53.51,53.51,53.51,0.0,53.51,0
2019-05-03,53.44,53.44,53.44,53.44,0.0,53.44,0
2019-05-06,53.86,53.86,53.86,53.86,0.0,53.86,0
2019-05-07,53.08,53.08,53.08,53.08,0.0,53.08,0
2019-05-08,53.71,53.71,53.71,53.71,0.0,53.71,0
2019-05-09,53.48,53.48,53.48,53.48,0.0,53.48,0
2019-05-10,53.35,53.35,53.35,53.35,0.0,53.35,0
2019-05-13,53.02,53.02,53.02,53.02,0.0,53.02,0
2019-05-14,53.3,53.3,53.3,53.3,0.0,53.3,0
2019-05-15,53.46,53.46,53.46,53.46,0.0,53.46,0
2019-05-16,53.36,53.36,53.36,53.36,0.0,53.36,0
2019-05-17,53.03,53.03,53.03,53.03,0.0,53.03,0
2019-05-20,53.62,53.62,53.62,53.62,0.0,53.62,0
2019-05-21,53.74,53.74,53.74,53.74,0.0,53.74,0
2019-05-22,53.28,53.28,53.28,53.28,0.0,53.28,0
2019-05-23,52.42,52.42,52.42,52.42,0.0,52.42,0
2019-05-24,53.42,53.42,53.42,53.42,0.0,53.42,0
2019-05-28,53.88,53.88,53.88,53.88,0.0,53.88,0
2019-05-29,53.76,53.76,53.76,53.76,0.0,53.76,0
2019-05-30,52.77,52.77,52.77,52.77,0.0,52.77,0
2019-05-31,51.74,51.74,51.74,51.74,0.0,51.74,0
2019-06-03,52.19,52.19,52.19,52.19,0.0,52.19,0
2019-06-04,52.13,52.13,52.13,52.13,0.0,52.13,0
2019-06-05,51.34,51.34,51.34,51.34,0.0,51.34,0
2019-06-06,52.09,52.09,52.09,52.09,0.0,52.09,0
2019-06-07,52.81,52.81,52.81,52.81,0.0,52.81,0
2019-06-10,53.22,53.22,53.22,53.22,0.0,53.22,0
2019-06-11,53.76,53.76,53.76,53.76,0.0,53.76,0
2019-06-12,52.65,52.65,52.65,52.65,0.0,52.65,0
2019-06-13,53.2,53.2,53.2,53.2,0.0,53.2,0
2019-06-14,53.3,53.3,53.3,53.3,0.0,53.3,0
2019-06-17,53.16,53.16,53.16,53.16,0.0,53.16,0
2019-06-18,54.11,54.11,54.11,54.11,0.0,54.11,0
2019-06-19,53.78,53.78,53.78,53.78,0.0,53.78,0
2019-06-20,54.63,54.63,54.63,54.63,0.0,54.63,0
2019-06-21,54.34,54.34,54.34,54.34,0.0,54.34,0
2019-06-24,54.8,54.8,54.8,54.8,0.0,54.8,0
2019-06-25,55.09,55.09,55.09,55.09,0.0,55.09,0
2019-06-26,55.15,55.15,55.15,55.15,0.0,55.15,0
2019-06-27,54.98,54.98,54.98,54.98,0.0,54.98,0
2019-06-28,54.46,54.46,54.46,54.46,0.0,54.46,0
2019-07-01,54.39,54.39,54.39,54.39,0.0,54.39,0
2019-07-02,53.71,53.71,53.71,53.71,0.0,53.71,0
2019-07-03,54.5,54.5,54.5,54.5,0.0,54.5,0
2019-07-05,54.18,54.18,54.18,54.18,0.0,54.18,0
2019-07-08,54.56,54.56,54.56,54.56,0.0,54.56,0
2019-07-09,55.06,55.06,55.06,55.06,0.0,55.06,0
2019-07-10,55.38,55.38,55.38,55.38,0.0,55.38,0
2019-07-11,54.68,54.68,54.68,54.68,0.0,54.68,0
2019-07-12,54.12,54.12,54.12,54.12,0.0,54.12,0
2019-07-15,53.81,53.81,53.81,53.81,0.0,53.81,0
2019-07-16,53.01,53.01,53.01,53.01,0.0,53.01,0
2019-07-17,53.49,53.49,53.49,53.49,0.0,53.49,0
2019-07-18,52.66,52.66,52.66,52.66,0.0,52.66,0
2019-07-19,53.55,53.55,53.55,53.55,0.0,53.55,0
2019-07-22,53.93,53.93,53.93,53.93,0.0,53.93,0
2019-07-23,53.42,53.42,53.42,53.42,0.0,53.42,0
2019-07-24,52.92,52.92,52.92,52.92,0.0,52.92,0
2019-07-25,53.21,53.21,53.21,53.21,0.0,53.21,0
2019-07-26,53.72,53.72,53.72,53.72,0.0,53.72,0
2019-07-29,53.2,53.2,53.2,53.2,0.0,53.2,0
2019-07-30,53.45,53.45,53.45,53.45,0.0,53.45,0
2019-07-31,53.63,53.63,53.63,53.63,0.0,53.63,0
2019-08-01,52.07,52.07,52.07,52.07,0.0,52.07,0
2019-08-02,53.77,53.77,53.77,53.77,0.0,53.77,0
2019-08-05,53.92,53.92,53.92,53.92,0.0,53.92,0
2019-08-06,53.47,53.47,53.47,53.47,0.0,53.47,0
2019-08-07,53.7,53.7,53.7,53.7,0.0,53.7,0
2019-08-08,53.66,53.66,53.66,53.66,0.0,53.66,0
2019-08-09,54.39,54.39,54.39,54.39,0.0,54.39,0
2019-08-12,54.43,54.43,54.43,54.43,0.0,54.43,0
2019-08-13,55.91,55.91,55.91,55.91,0.0,55.91,0
2019-08-14,54.58,54.58,54.58,54.58,0.0,54.58,0
2019-08-15,54.11,54.11,54.11,54.11,0.0,54.11,0
2019-08-16,54.0,54.0,54.0,54.0,0.0,54.0,0
2019-08-19,53.98,53.98,53.98,53.98,0.0,53.98,0
2019-08-20,53.46,53.46,53.46,53.46,0.0,53.46,0
2019-08-21,53.66,53.66,53.66,53.66,0.0,53.66,0
2019-08-22,53.53,53.53,53.53,53.53,0.0,53.53,0
2019-08-23,53.54,53.54,53.54,53.54,0.0,53.54,0
2019-08-26,53.45,53.45,53.45,53.45,0.0,53.45,0
2019-08-27,54.17,54.17,54.17,54.17,0.0,54.17,0
2019-08-28,54.11,54.11,54.11,54.11,0.0,54.11,0
2019-08-29,53.92,53.92,53.92,53.92,0.0,53.92,0
2019-08-30,52.81,52.81,52.81,52.81,0.0,52.81,0
2019-09-03,53.07,53.07,53.07,53.07,0.0,53.07,0
2019-09-04,53.86,53.86,53.86,53.86,0.0,53.86,0
2019-09-05,53.87,53.87,53.87,53.87,0.0,53.87,0
2019-09-06,53.85,53.85,53.85,53.85,0.0,53.85,0
2019-09-09,53.93,53.93,53.93,53.93,0.0,53.93,0
2019-09-10,53.91,53.91,53.91,53.91,0.0,53.91,0
2019-09-11,53.39,53.39,53.39,53.39,0.0,53.39,0
2019-09-12,53.19,53.19,53.19,53.19,0.0,53.19,0
2019-09-13,52.61,52.61,52.61,52.61,0.0,52.61,0
2019-09-16,53.83,53.83,53.83,53.83,0.0,53.83,0
2019-09-17,53.36,53.36,53.36,53.36,0.0,53.36,0
2019-09-18,52.68,52.68,52.68,52.68,0.0,52.68,0
2019-09-19,52.42,52.42,52.42,52.42,0.0,52.42,0
2019-09-20,52.64,52.64,52.64,52.64,0.0,52.64,0
2019-09-23,53.38,53.38,53.38,53.38,0.0,53.38,0
2019-09-24,52.74,52.74,52.74,52.74,0.0,52.74,0
2019-09-25,52.78,52.78,52.78,52.78,0.0,52.78,0
2019-09-26,52.89,52.89,52.89,52.89,0.0,52.89,0
2019-09-27,52.78,52.78,52.78,52.78,0.0,52.78,0
2019-09-30,52.38,52.38,52.38,52.38,0.0,52.38,0
2019-10-01,52.54,52.54,52.54,52.54,0.0,52.54,0
2019-10-02,52.59,52.59,52.59,52.59,0.0,52.59,0
2019-10-03,52.07,52.07,52.07,52.07,0.0,52.07,0
2019-10-04,52.99,52.99,52.99,52.99,0.0,52.99,0
2019-10-07,52.79,52.79,52.79,52.79,0.0,52.79,0
2019-10-08,52.75,52.75,52.75,52.75,0.0,52.75,0
2019-10-09,52.59,52.59,52.59,52.59,0.0,52.59,0
2019-10-10,52.11,52.11,52.11,52.11,0.0,52.11,0
2019-10-11,51.75,51.75,51.75,51.75,0.0,51.75,0
2019-10-14,51.86,51.86,51.86,51.86,0.0,51.86,0
2019-10-15,51.48,51.48,51.48,51.48,0.0,51.48,0
2019-10-16,51.65,51.65,51.65,51.65,0.0,51.65,0
2019-10-17,51.7,51.7,51.7,51.7,0.0,51.7,0
2019-10-18,51.49,51.49,51.49,51.49,0.0,51.49,0
2019-10-21,51.85,51.85,51.85,51.85,0.0,51.85,0
2019-10-22,51.86,51.86,51.86,51.86,0.0,51.86,0
2019-10-23,52.16,52.16,52.16,52.16,0.0,52.16,0
2019-10-24,52.29,52.29,52.29,52.29,0.0,52.29,0
2019-10-25,52.65,52.65,52.65,52.65,0.0,52.65,0
2019-10-28,52.21,52.21,52.21,52.21,0.0,52.21,0
2019-10-29,52.35,52.35,52.35,52.35,0.0,52.35,0
2019-10-30,51.71,51.71,51.71,51.71,0.0,51.71,0
2019-10-31,51.84,51.84,51.84,51.84,0.0,51.84,0
2019-11-01,53.15,53.15,53.15,53.15,0.0,53.15,0
2019-11-04,52.65,52.65,52.65,52.65,0.0,52.65,0
2019-11-05,53.01,53.01,53.01,53.01,0.0,53.01,0
2019-11-06,52.16,52.16,52.16,52.16,0.0,52.16,0
2019-11-07,52.27,52.27,52.27,52.27,0.0,52.27,0
2019-11-08,52.55,52.55,52.55,52.55,0.0,52.55,0
2019-11-11,52.5,52.5,52.5,52.5,0.0,52.5,0
2019-11-12,52.54,52.54,52.54,52.54,0.0,52.54,0
2019-11-13,52.62,52.62,52.62,52.62,0.0,52.62,0
2019-11-14,52.05,52.05,52.05,52.05,0.0,52.05,0
2019-11-15,52.49,52.49,52.49,52.49,0.0,52.49,0
2019-11-18,52.07,52.07,52.07,52.07,0.0,52.07,0
2019-11-19,51.73,51.73,51.73,51.73,0.0,51.73,0
2019-11-20,52.36,52.36,52.36,52.36,0.0,52.36,0
2019-11-21,52.74,52.74,52.74,52.74,0.0,52.74,0
2019-11-22,52.32,52.32,52.32,52.32,0.0,52.32,0
2019-11-25,52.42,52.42,52.42,52.42,0.0,52.42,0
2019-11-26,52.44,52.44,52.44,52.44,0.0,52.44,0
2019-11-27,51.97,51.97,51.97,51.97,0.0,51.97,0
2019-11-29,51.07,51.07,51.07,51.07,0.0,51.07,0
2019-12-02,51.91,51.91,51.91,51.91,0.0,51.91,0
2019-12-03,51.93,51.93,51.93,51.93,0.0,51.93,0
2019-12-04,52.43,52.43,52.43,52.43,0.0,52.43,0
2019-12-05,51.91,51.91,51.91,51.91,0.0,51.91,0
2019-12-06,51.57,51.57,51.57,51.57,0.0,51.57,0
2019-12-09,51.52,51.52,51.52,51.52,0.0,51.52,0
2019-12-10,51.67,51.67,51.67,51.67,0.0,51.67,0
2019-12-11,51.6,51.6,51.6,51.6,0.0,51.6,0
2019-12-12,51.77,51.77,51.77,51.77,0.0,51.77,0
2019-12-13,51.5,51.5,51.5,51.5,0.0,51.5,0
2019-12-16,51.95,51.95,51.95,51.95,0.0,51.95,0
2019-12-17,51.68,51.68,51.68,51.68,0.0,51.68,0
2019-12-18,51.82,51.82,51.82,51.82,0.0,51.82,0
2019-12-19,52.0,52.0,52.0,52.0,0.0,52.0,0
2019-12-20,52.01,52.01,52.01,52.01,0.0,52.01,0
2019-12-23,52.21,52.21,52.21,52.21,0.0,52.21,0
2019-12-24,52.28,52.28,52.28,52.28,0.0,52.28,0
2019-12-26,52.14,52.14,52.14,52.14,0.0,52.14,0
2019-12-27,52.61,52.61,52.61,52.61,0.0,52.61,0
2019-12-30,52.91,52.91,52.91,52.91,0.0,52.91,0
2019-12-31,52.57,52.57,52.57,52.57,0.0,52.57,0
2020-01-02,52.91,52.91,52.91,52.91,0.0,52.91,0
2020-01-03,52.64,52.64,52.64,52.64,0.0,52.64,0
2020-01-06,52.57,52.57,52.57,52.57,0.0,52.57,0
2020-01-07,52.9,52.9,52.9,52.9,0.0,52.9,0
2020-01-08,52.5,52.5,52.5,52.5,0.0,52.5,0
2020-01-09,52.9,52.9,52.9,52.9,0.0,52.9,0
2020-01-10,52.56,52.56,52.56,52.56,0.0,52.56,0
2020-01-13,52.6,52.6,52.6,52.6,0.0,52.6,0
2020-01-14,52.62,52.62,52.62,52.62,0.0,52.62,0
2020-01-15,52.1,52.1,52.1,52.1,0.0,52.1,0
2020-01-16,52.33,52.33,52.33,52.33,0.0,52.33,0
2020-01-17,52.34,52.34,52.34,52.34,0.0,52.34,0
2020-01-21,52.68,52.68,52.68,52.68,0.0,52.68,0
2020-01-22,52.28,52.28,52.28,52.28,0.0,52.28,0
2020-01-23,51.36,51.36,51.36,51.36,0.0,51.36,0
2020-01-24,50.85,50.85,50.85,50.85,0.0,50.85,0
2020-01-27,51.34,51.34,51.34,51.34,0.0,51.34,0
2020-01-28,51.39,51.39,51.39,51.39,0.0,51.39,0
2020-01-29,51.28,51.28,51.28,51.28,0.0,51.28,0
2020-01-30,51.59,51.59,51.59,51.59,0.0,51.59,0
2020-01-31,51.69,51.69,51.69,51.69,0.0,51.69,0
2020-02-03,51.87,51.87,51.87,51.87,0.0,51.87,0
2020-02-04,51.71,51.71,51.71,51.71,0.0,51.71,0
2020-02-05,51.72,51.72,51.72,51.72,0.0,51.72,0
2020-02-06,52.32,52.32,52.32,52.32,0.0,52.32,0
2020-02-07,52.5,52.5,52.5,52.5,0.0,52.5,0
2020-02-10,52.62,52.62,52.62,52.62,0.0,52.62,0
2020-02-11,52.22,52.22,52.22,52.22,0.0,52.22,0
2020-02-12,51.8,51.8,51.8,51.8,0.0,51.8,0
2020-02-13,51.31,51.31,51.31,51.31,0.0,51.31,0
2020-02-14,51.37,51.37,51.37,51.37,0.0,51.37,0
2020-02-18,52.03,52.03,52.03,52.03,0.0,52.03,0
2020-02-19,52.14,52.14,52.14,52.14,0.0,52.14,0
2020-02-20,52.29,52.29,52.29,52.29,0.0,52.29,0
2020-02-21,52.24,52.24,52.24,52.24,0.0,52.24,0
2020-02-24,52.13,52.13,52.13,52.13,0.0,52.13,0
2020-02-25,50.84,50.84,50.84,50.84,0.0,50.84,0
2020-02-26,50.51,50.51,50.51,50.51,0.0,50.51,0
2020-02-27,50.57,50.57,50.57,50.57,0.0,50.57,0
2020-02-28,49.28,49.28,49.28,49.28,0.0,49.28,0
2020-03-02,50.03,50.03,50.03,50.03,0.0,50.03,0
2020-03-03,50.21,50.21,50.21,50.21,0.0,50.21,0
2020-03-04,50.32,50.32,50.32,50.32,0.0,50.32,0
2020-03-05,50.42,50.42,50.42,50.42,0.0,50.42,0
2020-03-06,50.04,50.04,50.04,50.04,0.0,50.04,0
2020-03-09,47.18,47.18,47.18,47.18,0.0,47.18,0
2020-03-10,48.1,48.1,48.1,48.1,0.0,48.1,0
2020-03-11,48.42,48.42,48.42,48.42,0.0,48.42,0
2020-03-12,49.21,49.21,49.21,49.21,0.0,49.21,0
2020-03-13,48.31,48.31,48.31,48.31,0.0,48.31,0
2020-03-16,45.92,45.92,45.92,45.92,0.0,45.92,0
2020-03-17,45.9,45.9,45.9,45.9,0.0,45.9,0
2020-03-18,43.03,43.03,43.03,43.03,0.0,43.03,0
2020-03-19,42.78,42.78,42.78,42.78,0.0,42.78,0
2020-03-20,41.38,41.38,41.38,41.38,0.0,41.38,0
2020-03-23,42.39,42.39,42.39,42.39,0.0,42.39,0
2020-03-24,43.22,43.22,43.22,43.22,0.0,43.22,0
2020-03-25,44.36,44.36,44.36,44.36,0.0,44.36,0
2020-03-26,44.11,44.11,44.11,44.11,0.0,44.11,0
2020-03-27,44.87,44.87,44.87,44.87,0.0,44.87,0
2020-03-30,45.75,45.75,45.75,45.75,0.0,45.75,0
2020-03-31,46.04,46.04,46.04,46.04,0.0,46.04,0
2020-04-01,45.48,45.48,45.48,45.48,0.0,45.48,0
2020-04-02,45.43,45.43,45.43,45.43,0.0,45.43,0
2020-04-03,44.93,44.93,44.93,44.93,0.0,44.93,0
2020-04-06,45.88,45.88,45.88,45.88,0.0,45.88,0
2020-04-07,46.75,46.75,46.75,46.75,0.0,46.75,0
2020-04-08,46.25,46.25,46.25,46.25,0.0,46.25,0
2020-04-09,46.36,46.36,46.36,46.36,0.0,46.36,0
2020-04-13,46.89,46.89,46.89,46.89,0.0,46.89,0
2020-04-14,47.88,47.88,47.88,47.88,0.0,47.88,0
2020-04-15,46.38,46.38,46.38,46.38,0.0,46.38,0
2020-04-16,46.03,46.03,46.03,46.03,0.0,46.03,0
2020-04-17,46.14,46.14,46.14,46.14,0.0,46.14,0
2020-04-20,45.97,45.97,45.97,45.97,0.0,45.97,0
2020-04-21,44.01,44.01,44.01,44.01,0.0,44.01,0
2020-04-22,46.09,46.09,46.09,46.09,0.0,46.09,0
2020-04-23,45.33,45.33,45.33,45.33,0.0,45.33,0
2020-04-24,45.04,45.04,45.04,45.04,0.0,45.04,0
2020-04-27,44.83,44.83,44.83,44.83,0.0,44.83,0
2020-04-28,45.11,45.11,45.11,45.11,0.0,45.11,0
2020-04-29,44.91,44.91,44.91,44.91,0.0,44.91,0
2020-04-30,45.84,45.84,45.84,45.84,0.0,45.84,0
2020-05-01,44.82,44.82,44.82,44.82,0.0,44.82,0
2020-05-04,44.56,44.56,44.56,44.56,0.0,44.56,0
2020-05-05,44.74,44.74,44.74,44.74,0.0,44.74,0
2020-05-06,44.54,44.54,44.54,44.54,0.0,44.54,0
2020-05-07,45.19,45.19,45.19,45.19,0.0,45.19,0
2020-05-08,47.06,47.06,47.06,47.06,0.0,47.06,0
2020-05-11,46.04,46.04,46.04,46.04,0.0,46.04,0
2020-05-12,46.15,46.15,46.15,46.15,0.0,46.15,0
2020-05-13,46.62,46.62,46.62,46.62,0.0,46.62,0
2020-05-14,46.68,46.68,46.68,46.68,0.0,46.68,0
2020-05-15,46.4,46.4,46.4,46.4,0.0,46.4,0
2020-05-18,47.39,47.39,47.39,47.39,0.0,47.39,0
2020-05-19,46.84,46.84,46.84,46.84,0.0,46.84,0
2020-05-20,47.83,47.83,47.83,47.83,0.0,47.83,0
2020-05-21,47.59,47.59,47.59,47.59,0.0,47.59,0
2020-05-22,47.24,47.24,47.24,47.24,0.0,47.24,0
2020-05-26,48.47,48.47,48.47,48.47,0.0,48.47,0
2020-05-27,48.35,48.35,48.35,48.35,0.0,48.35,0
2020-05-28,49.31,49.31,49.31,49.31,0.0,49.31,0
2020-05-29,49.08,49.08,49.08,49.08,0.0,49.08,0
2020-06-01,49.3,49.3,49.3,49.3,0.0,49.3,0
2020-06-02,49.51,49.51,49.51,49.51,0.0,49.51,0
2020-06-03,49.62,49.62,49.62,49.62,0.0,49.62,0
2020-06-04,50.1,50.1,50.1,50.1,0.0,50.1,0
2020-06-05,49.91,49.91,49.91,49.91,0.0,49.91,0
2020-06-08,48.5,48.5,48.5,48.5,0.0,48.5,0
2020-06-09,49.06,49.06,49.06,49.06,0.0,49.06,0
2020-06-10,49.22,49.22,49.22,49.22,0.0,49.22,0
2020-06-11,47.35,47.35,47.35,47.35,0.0,47.35,0
2020-06-12,46.93,46.93,46.93,46.93,0.0,46.93,0
2020-06-15,47.95,47.95,47.95,47.95,0.0,47.95,0
2020-06-16,47.92,47.92,47.92,47.92,0.0,47.92,0
2020-06-17,46.96,46.96,46.96,46.96,0.0,46.96,0
2020-06-18,46.77,46.77,46.77,46.77,0.0,46.77,0
2020-06-19,46.59,46.59,46.59,46.59,0.0,46.59,0
2020-06-22,47.12,47.12,47.12,47.12,0.0,47.12,0
2020-06-23,46.63,46.63,46.63,46.63,0.0,46.63,0
2020-06-24,45.97,45.97,45.97,45.97,0.0,45.97,0
2020-06-25,46.1,46.1,46.1,46.1,0.0,46.1,0
2020-06-26,46.17,46.17,46.17,46.17,0.0,46.17,0
2020-06-29,46.95,46.95,46.95,46.95,0.0,46.95,0
2020-06-30,46.18,46.18,46.18,46.18,0.0,46.18,0
2020-07-01,46.41,46.41,46.41,46.41,0.0,46.41,0
2020-07-02,46.88,46.88,46.88,46.88,0.0,46.88,0
2020-07-06,47.03,47.03,47.03,47.03,0.0,47.03,0
2020-07-07,47.0,47.0,47.0,47.0,0.0,47.0,0
2020-07-08,47.62,47.62,47.62,47.62,0.0,47.62,0
2020-07-09,47.63,47.63,47.63,47.63,0.0,47.63,0
2020-07-10,47.78,47.78,47.78,47.78,0.0,47.78,0
2020-07-13,47.43,47.43,47.43,47.43,0.0,47.43,0
2020-07-14,47.69,47.69,47.69,47.69,0.0,47.69,0
2020-07-15,47.92,47.92,47.92,47.92,0.0,47.92,0
2020-07-16,47.73,47.73,47.73,47.73,0.0,47.73,0
2020-07-17,47.7,47.7,47.7,47.7,0.0,47.7,0
2020-07-20,47.76,47.76,47.76,47.76,0.0,47.76,0
2020-07-21,47.98,47.98,47.98,47.98,0.0,47.98,0
2020-07-22,47.88,47.88,47.88,47.88,0.0,47.88,0
2020-07-23,47.8,47.8,47.8,47.8,0.0,47.8,0
2020-07-24,48.49,48.49,48.49,48.49,0.0,48.49,0
2020-07-27,48.7,48.7,48.7,48.7,0.0,48.7,0
2020-07-28,48.59,48.59,48.59,48.59,0.0,48.59,0
2020-07-29,48.76,48.76,48.76,48.76,0.0,48.76,0
2020-07-30,47.9,47.9,47.9,47.9,0.0,47.9,0
2020-07-31,48.32,48.32,48.32,48.32,0.0,48.32,0
2020-08-03,49.14,49.14,49.14,49.14,0.0,49.14,0
2020-08-04,49.11,49.11,49.11,49.11,0.0,49.11,0
2020-08-05,48.95,48.95,48.95,48.95,0.0,48.95,0
2020-08-06,48.96,48.96,48.96,48.96,0.0,48.96,0
2020-08-07,48.68,48.68,48.68,48.68,0.0,48.68,0
2020-08-10,48.77,48.77,48.77,48.77,0.0,48.77,0
2020-08-11,48.52,48.52,48.52,48.52,0.0,48.52,0
2020-08-12,48.97,48.97,48.97,48.97,0.0,48.97,0
2020-08-13,48.91,48.91,48.91,48.91,0.0,48.91,0
2020-08-14,48.66,48.66,48.66,48.66,0.0,48.66,0
2020-08-17,49.27,49.27,49.27,49.27,0.0,49.27,0
2020-08-18,48.96,48.96,48.96,48.96,0.0,48.96,0
2020-08-19,49.19,49.19,49.19,49.19,0.0,49.19,0
2020-08-20,49.12,49.12,49.12,49.12,0.0,49.12,0
2020-08-21,48.97,48.97,48.97,48.97,0.0,48.97,0
2020-08-24,49.5,49.5,49.5,49.5,0.0,49.5,0
2020-08-25,49.91,49.91,49.91,49.91,0.0,49.91,0
2020-08-26,49.96,49.96,49.96,49.96,0.0,49.96,0
2020-08-27,49.48,49.48,49.48,49.48,0.0,49.48,0
2020-08-28,50.23,50.23,50.23,50.23,0.0,50.23,0
2020-08-31,49.83,49.83,49.83,49.83,0.0,49.83,0
2020-09-01,50.09,50.09,50.09,50.09,0.0,50.09,0
2020-09-02,49.51,49.51,49.51,49.51,0.0,49.51,0
2020-09-03,49.93,49.93,49.93,49.93,0.0,49.93,0
2020-09-04,49.77,49.77,49.77,49.77,0.0,49.77,0
2020-09-08,48.41,48.41,48.41,48.41,0.0,48.41,0
2020-09-09,48.88,48.88,48.88,48.88,0.0,48.88,0
2020-09-10,48.76,48.76,48.76,48.76,0.0,48.76,0
2020-09-11,48.55,48.55,48.55,48.55,0.0,48.55,0
2020-09-14,48.85,48.85,48.85,48.85,0.0,48.85,0
2020-09-15,49.62,49.62,49.62,49.62,0.0,49.62,0
2020-09-16,49.38,49.38,49.38,49.38,0.0,49.38,0
2020-09-17,49.42,49.42,49.42,49.42,0.0,49.42,0
2020-09-18,49.01,49.01,49.01,49.01,0.0,49.01,0
2020-09-21,48.04,48.04,48.04,48.04,0.0,48.04,0
2020-09-22,48.14,48.14,48.14,48.14,0.0,48.14,0
2020-09-23,48.11,48.11,48.11,48.11,0.0,48.11,0
2020-09-24,48.32,48.32,48.32,48.32,0.0,48.32,0
2020-09-25,48.06,48.06,48.06,48.06,0.0,48.06,0
2020-09-28,47.97,47.97,47.97,47.97,0.0,47.97,0
2020-09-29,46.86,46.86,46.86,46.86,0.0,46.86,0
2020-09-30,47.24,47.24,47.24,47.24,0.0,47.24,0
2020-10-01,46.76,46.76,46.76,46.76,0.0,46.76,0
2020-10-02,45.81,45.81,45.81,45.81,0.0,45.81,0
2020-10-05,46.95,46.95,46.95,46.95,0.0,46.95,0
2020-10-06,47.37,47.37,47.37,47.37,0.0,47.37,0
2020-10-07,46.61,46.61,46.61,46.61,0.0,46.61,0
2020-10-08,46.83,46.83,46.83,46.83,0.0,46.83,0
2020-10-09,46.05,46.05,46.05,46.05,0.0,46.05,0
2020-10-12,45.74,45.74,45.74,45.74,0.0,45.74,0
2020-10-13,45.85,45.85,45.85,45.85,0.0,45.85,0
2020-10-14,46.18,46.18,46.18,46.18,0.0,46.18,0
2020-10-15,46.59,46.59,46.59,46.59,0.0,46.59,0
2020-10-16,46.51,46.51,46.51,46.51,0.0,46.51,0
2020-10-19,46.38,46.38,46.38,46.38,0.0,46.38,0
2020-10-20,46.78,46.78,46.78,46.78,0.0,46.78,0
2020-10-21,45.87,45.87,45.87,45.87,0.0,45.87,0
2020-10-22,46.19,46.19,46.19,46.19,0.0,46.19,0
2020-10-23,45.64,45.64,45.64,45.64,0.0,45.64,0
2020-10-26,45.0,45.0,45.0,45.0,0.0,45.0,0
2020-10-27,45.47,45.47,45.47,45.47,0.0,45.47,0
2020-10-28,44.58,44.58,44.58,44.58,0.0,44.58,0
2020-10-29,43.89,43.89,43.89,43.89,0.0,43.89,0
2020-10-30,44.39,44.39,44.39,44.39,0.0,44.39,0
2020-11-02,45.34,45.34,45.34,45.34,0.0,45.34,0
2020-11-03,45.13,45.13,45.13,45.13,0.0,45.13,0
2020-11-04,45.72,45.72,45.72,45.72,0.0,45.72,0
2020-11-05,45.43,45.43,45.43,45.43,0.0,45.43,0
2020-11-06,44.76,44.76,44.76,44.76,0.0,44.76,0
2020-11-09,46.0,46.0,46.0,46.0,0.0,46.0,0
2020-11-10,45.78,45.78,45.78,45.78,0.0,45.78,0
2020-11-11,46.27,46.27,46.27,46.27,0.0,46.27,0
2020-11-12,45.81,45.81,45.81,45.81,0.0,45.81,0
2020-11-13,45.25,45.25,45.25,45.25,0.0,45.25,0
2020-11-16,45.43,45.43,45.43,45.43,0.0,45.43,0
2020-11-17,45.34,45.34,45.34,45.34,0.0,45.34,0
2020-11-18,45.54,45.54,45.54,45.54,0.0,45.54,0
2020-11-19,45.18,45.18,45.18,45.18,0.0,45.18,0
2020-11-20,45.13,45.13,45.13,45.13,0.0,45.13,0
2020-11-23,45.22,45.22,45.22,45.22,0.0,45.22,0
2020-11-24,45.1,45.1,45.1,45.1,0.0,45.1,0
2020-11-25,45.98,45.98,45.98,45.98,0.0,45.98,0
2020-11-27,45.84,45.84,45.84,45.84,0.0,45.84,0
2020-11-30,45.51,45.51,45.51,45.51,0.0,45.51,0
2020-12-01,44.28,44.28,44.28,44.28,0.0,44.28,0
2020-12-02,43.74,43.74,43.74,43.74,0.0,43.74,0
2020-12-03,42.75,42.75,42.75,42.75,0.0,42.75,0
2020-12-04,43.39,43.39,43.39,43.39,0.0,43.39,0
2020-12-07,43.53,43.53,43.53,43.53,0.0,43.53,0
2020-12-08,43.73,43.73,43.73,43.73,0.0,43.73,0
2020-12-09,43.79,43.79,43.79,43.79,0.0,43.79,0
2020-12-10,43.89,43.89,43.89,43.89,0.0,43.89,0
2020-12-11,43.67,43.67,43.67,43.67,0.0,43.67,0
2020-12-14,44.05,44.05,44.05,44.05,0.0,44.05,0
2020-12-15,44.49,44.49,44.49,44.49,0.0,44.49,0
2020-12-16,44.54,44.54,44.54,44.54,0.0,44.54,0
2020-12-17,45.12,45.12,45.12,45.12,0.0,45.12,0
2020-12-18,45.16,45.16,45.16,45.16,0.0,45.16,0
2020-12-21,44.67,44.67,44.67,44.67,0.0,44.67,0
2020-12-22,44.19,44.19,44.19,44.19,0.0,44.19,0
2020-12-23,44.95,44.95,44.95,44.95,0.0,44.95,0
2020-12-24,45.15,45.15,45.15,45.15,0.0,45.15,0
2020-12-28,44.66,44.66,44.66,44.66,0.0,44.66,0
2020-12-29,44.84,44.84,44.84,44.84,0.0,44.84,0
2020-12-30,44.86,44.86,44.86,44.86,0.0,44.86,0
2020-12-31,44.78,44.78,44.78,44.78,0.0,44.78,0
2021-01-04,44.53,44.53,44.53,44.53,0.0,44.53,0
2021-01-05,44.46,44.46,44.46,44.46,0.0,44.46,0
2021-01-06,44.1,44.1,44.1,44.1,0.0,44.1,0
2021-01-07,44.51,44.51,44.51,44.51,0.0,44.51,0
2021-01-08,44.92,44.92,44.92,44.92,0.0,44.92,0
2021-01-11,45.27,45.27,45.27,45.27,0.0,45.27,0
2021-01-12,45.49,45.49,45.49,45.49,0.0,45.49,0
2021-01-13,46.1,46.1,46.1,46.1,0.0,46.1,0
2021-01-14,46.2,46.2,46.2,46.2,0.0,46.2,0
2021-01-15,46.18,46.18,46.18,46.18,0.0,46.18,0
2021-01-19,46.09,46.09,46.09,46.09,0.0,46.09,0
2021-01-20,45.98,45.98,45.98,45.98,0.0,45.98,0
2021-01-21,45.89,45.89,45.89,45.89,0.0,45.89,0
2021-01-22,45.51,45.51,45.51,45.51,0.0,45.51,0
2021-01-25,45.82,45.82,45.82,45.82,0.0,45.82,0
2021-01-26,45.81,45.81,45.81,45.81,0.0,45.81,0
2021-01-27,46.24,46.24,46.24,46.24,0.0,46.24,0
2021-01-28,45.99,45.99,45.99,45.99,0.0,45.99,0
2021-01-29,45.92,45.92,45.92,45.92,0.0,45.92,0
2021-02-01,46.34,46.34,46.34,46.34,0.0,46.34,0
2021-02-02,46.61,46.61,46.61,46.61,0.0,46.61,0
2021-02-03,46.44,46.44,46.44,46.44,0.0,46.44,0
2021-02-04,46.56,46.56,46.56,46.56,0.0,46.56,0
2021-02-05,46.71,46.71,46.71,46.71,0.0,46.71,0
2021-02-08,47.29,47.29,47.29,47.29,0.0,47.29,0
2021-02-09,47.51,47.51,47.51,47.51,0.0,47.51,0
2021-02-10,47.71,47.71,47.71,47.71,0.0,47.71,0
2021-02-11,47.63,47.63,47.63,47.63,0.0,47.63,0
2021-02-12,47.91,47.91,47.91,47.91,0.0,47.91,0
2021-02-16,48.22,48.22,48.22,48.22,0.0,48.22,0
2021-02-17,48.46,48.46,48.46,48.46,0.0,48.46,0
2021-02-18,48.62,48.62,48.62,48.62,0.0,48.62,0
2021-02-19,48.89,48.89,48.89,48.89,0.0,48.89,0
2021-02-22,49.7,49.7,49.7,49.7,0.0,49.7,0
2021-02-23,49.69,49.69,49.69,49.69,0.0,49.69,0
2021-02-24,50.55,50.55,50.55,50.55,0.0,50.55,0
2021-02-25,50.4,50.4,50.4,50.4,0.0,50.4,0
2021-02-26,49.4,49.4,49.4,49.4,0.0,49.4,0
2021-03-01,49.05,49.05,49.05,49.05,0.0,49.05,0
2021-03-02,49.37,49.37,49.37,49.37,0.0,49.37,0
2021-03-03,49.98,49.98,49.98,49.98,0.0,49.98,0
2021-03-04,50.35,50.35,50.35,50.35,0.0,50.35,0
2021-03-05,51.45,51.45,51.45,51.45,0.0,51.45,0
2021-03-08,50.78,50.78,50.78,50.78,0.0,50.78,0
2021-03-09,50.5,50.5,50.5,50.5,0.0,50.5,0
2021-03-10,50.26,50.26,50.26,50.26,0.0,50.26,0
2021-03-11,50.47,50.47,50.47,50.47,0.0,50.47,0
2021-03-12,50.4,50.4,50.4,50.4,0.0,50.4,0
2021-03-15,50.33,50.33,50.33,50.33,0.0,50.33,0
2021-03-16,50.16,50.16,50.16,50.16,0.0,50.16,0
2021-03-17,50.49,50.49,50.49,50.49,0.0,50.49,0
2021-03-18,49.59,49.59,49.59,49.59,0.0,49.59,0
2021-03-19,49.58,49.58,49.58,49.58,0.0,49.58,0
2021-03-22,49.67,49.67,49.67,49.67,0.0,49.67,0
2021-03-23,48.89,48.89,48.89,48.89,0.0,48.89,0
2021-03-24,49.24,49.24,49.24,49.24,0.0,49.24,0
2021-03-25,47.91,47.91,47.91,47.91,0.0,47.91,0
2021-03-26,49.02,49.02,49.02,49.02,0.0,49.02,0
2021-03-29,48.86,48.86,48.86,48.86,0.0,48.86,0
2021-03-30,48.62,48.62,48.62,48.62,0.0,48.62,0
2021-03-31,48.13,48.13,48.13,48.13,0.0,48.13,0
2021-04-01,50.56,50.56,50.56,50.56,0.0,50.56,0
2021-04-05,50.24,50.24,50.24,50.24,0.0,50.24,0
2021-04-06,50.99,50.99,50.99,50.99,0.0,50.99,0
2021-04-07,51.15,51.15,51.15,51.15,0.0,51.15,0
2021-04-08,50.3,50.3,50.3,50.3,0.0,50.3,0
2021-04-09,50.62,50.62,50.62,50.62,0.0,50.62,0
2021-04-12,51.3,51.3,51.3,51.3,0.0,51.3,0
2021-04-13,51.58,51.58,51.58,51.58,0.0,51.58,0
2021-04-14,52.24,52.24,52.24,52.24,0.0,52.24,0
2021-04-15,51.85,51.85,51.85,51.85,0.0,51.85,0
2021-04-16,51.42,51.42,51.42,51.42,0.0,51.42,0
2021-04-19,51.47,51.47,51.47,51.47,0.0,51.47,0
2021-04-20,50.97,50.97,50.97,50.97,0.0,50.97,0
2021-04-21,50.66,50.66,50.66,50.66,0.0,50.66,0
2021-04-22,51.23,51.23,51.23,51.23,0.0,51.23,0
2021-04-23,51.69,51.69,51.69,51.69,0.0,51.69,0
2021-04-26,51.79,51.79,51.79,51.79,0.0,51.79,0
2021-04-27,52.34,52.34,52.34,52.34,0.0,52.34,0
2021-04-28,52.42,52.42,52.42,52.42,0.0,52.42,0
2021-04-29,52.81,52.81,52.81,52.81,0.0,52.81,0
2021-04-30,52.1,52.1,52.1,52.1,0.0,52.1,0
2021-05-03,52.42,52.42,52.42,52.42,0.0,52.42,0
2021-05-04,53.08,53.08,53.08,53.08,0.0,53.08,0
2021-05-05,53.29,53.29,53.29,53.29,0.0,53.29,0
2021-05-06,53.41,53.41,53.41,53.41,0.0,53.41,0
2021-05-07,53.62,53.62,53.62,53.62,0.0,53.62,0
2021-05-10,53.7,53.7,53.7,53.7,0.0,53.7,0
2021-05-11,53.98,53.98,53.98,53.98,0.0,53.98,0
2021-05-12,54.39,54.39,54.39,54.39,0.0,54.39,0
2021-05-13,52.47,52.47,52.47,52.47,0.0,52.47,0
2021-05-14,52.7,52.7,52.7,52.7,0.0,52.7,0
2021-05-17,52.9,52.9,52.9,52.9,0.0,52.9,0
2021-05-18,52.9,52.9,52.9,52.9,0.0,52.9,0
2021-05-19,51.85,51.85,51.85,51.85,0.0,51.85,0
2021-05-20,51.5,51.5,51.5,51.5,0.0,51.5,0
2021-05-21,51.93,51.93,51.93,51.93,0.0,51.93,0
2021-05-24,52.94,52.94,52.94,52.94,0.0,52.94,0
2021-05-25,52.87,52.87,52.87,52.87,0.0,52.87,0
2021-05-26,52.97,52.97,52.97,52.97,0.0,52.97,0
2021-05-27,52.93,52.93,52.93,52.93,0.0,52.93,0
2021-05-28,52.48,52.48,52.48,52.48,0.0,52.48,0
2021-06-01,52.89,52.89,52.89,52.89,0.0,52.89,0
2021-06-02,53.16,53.16,53.16,53.16,0.0,53.16,0
2021-06-03,53.1,53.1,53.1,53.1,0.0,53.1,0
2021-06-04,53.38,53.38,53.38,53.38,0.0,53.38,0
2021-06-07,53.63,53.63,53.63,53.63,0.0,53.63,0
2021-06-08,54.12,54.12,54.12,54.12,0.0,54.12,0
2021-06-09,54.23,54.23,54.23,54.23,0.0,54.23,0
2021-06-10,54.14,54.14,54.14,54.14,0.0,54.14,0
2021-06-11,54.22,54.22,54.22,54.22,0.0,54.22,0
2021-06-14,54.2,54.2,54.2,54.2,0.0,54.2,0
2021-06-15,54.56,54.56,54.56,54.56,0.0,54.56,0
2021-06-16,54.85,54.85,54.85,54.85,0.0,54.85,0
2021-06-17,53.78,53.78,53.78,53.78,0.0,53.78,0
2021-06-18,54.3,54.3,54.3,54.3,0.0,54.3,0
2021-06-21,54.92,54.92,54.92,54.92,0.0,54.92,0
2021-06-22,55.06,55.06,55.06,55.06,0.0,55.06,0
2021-06-23,54.95,54.95,54.95,54.95,0.0,54.95,0
2021-06-24,54.94,54.94,54.94,54.94,0.0,54.94,0
2021-06-25,54.48,54.48,54.48,54.48,0.0,54.48,0
2021-06-28,53.98,53.98,53.98,53.98,0.0,53.98,0
2021-06-29,53.97,53.97,53.97,53.97,0.0,53.97,0
2021-06-30,54.03,54.03,54.03,54.03,0.0,54.03,0
2021-07-01,54.21,54.21,54.21,54.21,0.0,54.21,0
2021-07-02,54.31,54.31,54.31,54.31,0.0,54.31,0
2021-07-06,53.01,53.01,53.01,53.01,0.0,53.01,0
2021-07-07,52.42,52.42,52.42,52.42,0.0,52.42,0
2021-07-08,52.18,52.18,52.18,52.18,0.0,52.18,0
2021-07-09,52.85,52.85,52.85,52.85,0.0,52.85,0
2021-07-12,53.06,53.06,53.06,53.06,0.0,53.06,0
2021-07-13,54.14,54.14,54.14,54.14,0.0,54.14,0
2021-07-14,53.5,53.5,53.5,53.5,0.0,53.5,0
2021-07-15,53.4,53.4,53.4,53.4,0.0,53.4,0
2021-07-16,54.31,54.31,54.31,54.31,0.0,54.31,0
2021-07-19,51.83,51.83,51.83,51.83,0.0,51.83,0
2021-07-20,51.93,51.93,51.93,51.93,0.0,51.93,0
2021-07-21,53.3,53.3,53.3,53.3,0.0,53.3,0
2021-07-22,53.33,53.33,53.33,53.33,0.0,53.33,0
2021-07-23,53.26,53.26,53.26,53.26,0.0,53.26,0
2021-07-26,52.64,52.64,52.64,52.64,0.0,52.64,0
2021-07-27,52.74,52.74,52.74,52.74,0.0,52.74,0
2021-07-28,53.33,53.33,53.33,53.33,0.0,53.33,0
2021-07-29,53.95,53.95,53.95,53.95,0.0,53.95,0
2021-07-30,53.58,53.58,53.58,53.58,0.0,53.58,0
2021-08-02,52.7,52.7,52.7,52.7,0.0,52.7,0
2021-08-03,52.76,52.76,52.76,52.76,0.0,52.76,0
2021-08-04,52.26,52.26,52.26,52.26,0.0,52.26,0
2021-08-05,52.98,52.98,52.98,52.98,0.0,52.98,0
2021-08-06,53.4,53.4,53.4,53.4,0.0,53.4,0
2021-08-09,53.17,53.17,53.17,53.17,0.0,53.17,0
2021-08-10,53.67,53.67,53.67,53.67,0.0,53.67,0
2021-08-11,54.06,54.06,54.06,54.06,0.0,54.06,0
2021-08-12,54.09,54.09,54.09,54.09,0.0,54.09,0
2021-08-13,53.91,53.91,53.91,53.91,0.0,53.91,0
2021-08-16,53.78,53.78,53.78,53.78,0.0,53.78,0
2021-08-17,53.16,53.16,53.16,53.16,0.0,53.16,0
2021-08-18,53.09,53.09,53.09,53.09,0.0,53.09,0
2021-08-19,52.61,52.61,52.61,52.61,0.0,52.61,0
2021-08-20,51.86,51.86,51.86,51.86,0.0,51.86,0
2021-08-23,53.4,53.4,53.4,53.4,0.0,53.4,0
2021-08-24,53.69,53.69,53.69,53.69,0.0,53.69,0
2021-08-25,53.62,53.62,53.62,53.62,0.0,53.62,0
2021-08-26,53.14,53.14,53.14,53.14,0.0,53.14,0
2021-08-27,53.68,53.68,53.68,53.68,0.0,53.68,0
2021-08-30,53.17,53.17,53.17,53.17,0.0,53.17,0
2021-08-31,52.95,52.95,52.95,52.95,0.0,52.95,0
2021-09-01,53.15,53.15,53.15,53.15,0.0,53.15,0
2021-09-02,53.04,53.04,53.04,53.04,0.0,53.04,0
2021-09-03,53.09,53.09,53.09,53.09,0.0,53.09,0
2021-09-07,53.4,53.4,53.4,53.4,0.0,53.4,0
2021-09-08,53.11,53.11,53.11,53.11,0.0,53.11,0
2021-09-09,52.85,52.85,52.85,52.85,0.0,52.85,0
2021-09-10,53.67,53.67,53.67,53.67,0.0,53.67,0
2021-09-13,53.65,53.65,53.65,53.65,0.0,53.65,0
2021-09-14,53.66,53.66,53.66,53.66,0.0,53.66,0
2021-09-15,53.64,53.64,53.64,53.64,0.0,53.64,0
2021-09-16,53.59,53.59,53.59,53.59,0.0,53.59,0
2021-09-17,52.88,52.88,52.88,52.88,0.0,52.88,0
2021-09-20,52.27,52.27,52.27,52.27,0.0,52.27,0
2021-09-21,53.01,53.01,53.01,53.01,0.0,53.01,0
2021-09-22,53.32,53.32,53.32,53.32,0.0,53.32,0
2021-09-23,53.75,53.75,53.75,53.75,0.0,53.75,0
2021-09-24,53.72,53.72,53.72,53.72,0.0,53.72,0
2021-09-27,54.79,54.79,54.79,54.79,0.0,54.79,0
2021-09-28,54.89,54.89,54.89,54.89,0.0,54.89,0
2021-09-29,55.27,55.27,55.27,55.27,0.0,55.27,0
2021-09-30,54.72,54.72,54.72,54.72,0.0,54.72,0
2021-10-01,55.59,55.59,55.59,55.59,0.0,55.59,0
2021-10-04,55.95,55.95,55.95,55.95,0.0,55.95,0
2021-10-05,56.19,56.19,56.19,56.19,0.0,56.19,0
2021-10-06,54.87,54.87,54.87,54.87,0.0,54.87,0
2021-10-07,55.29,55.29,55.29,55.29,0.0,55.29,0
2021-10-08,55.82,55.82,55.82,55.82,0.0,55.82,0
2021-10-11,56.73,56.73,56.73,56.73,0.0,56.73,0
2021-10-12,57.36,57.36,57.36,57.36,0.0,57.36,0
2021-10-13,57.72,57.72,57.72,57.72,0.0,57.72,0
2021-10-14,57.88,57.88,57.88,57.88,0.0,57.88,0
2021-10-15,57.42,57.42,57.42,57.42,0.0,57.42,0
2021-10-18,57.39,57.39,57.39,57.39,0.0,57.39,0
2021-10-19,57.05,57.05,57.05,57.05,0.0,57.05,0
2021-10-20,58.05,58.05,58.05,58.05,0.0,58.05,0
2021-10-21,57.95,57.95,57.95,57.95,0.0,57.95,0
2021-10-22,58.43,58.43,58.43,58.43,0.0,58.43,0
2021-10-25,59.42,59.42,59.42,59.42,0.0,59.42,0
2021-10-26,59.66,59.66,59.66,59.66,0.0,59.66,0
2021-10-27,59.08,59.08,59.08,59.08,0.0,59.08,0
2021-10-28,58.76,58.76,58.76,58.76,0.0,58.76,0
2021-10-29,57.51,57.51,57.51,57.51,0.0,57.51,0
2021-11-01,57.91,57.91,57.91,57.91,0.0,57.91,0
2021-11-02,57.96,57.96,57.96,57.96,0.0,57.96,0
2021-11-03,58.12,58.12,58.12,58.12,0.0,58.12,0
2021-11-04,59.74,59.74,59.74,59.74,0.0,59.74,0
2021-11-05,60.86,60.86,60.86,60.86,0.0,60.86,0
2021-11-08,61.3,61.3,61.3,61.3,0.0,61.3,0
2021-11-09,61.43,61.43,61.43,61.43,0.0,61.43,0
2021-11-10,60.57,60.57,60.57,60.57,0.0,60.57,0
2021-11-11,60.89,60.89,60.89,60.89,0.0,60.89,0
2021-11-12,60.32,60.32,60.32,60.32,0.0,60.32,0
2021-11-15,60.72,60.72,60.72,60.72,0.0,60.72,0
2021-11-16,60.92,60.92,60.92,60.92,0.0,60.92,0
2021-11-17,60.88,60.88,60.88,60.88,0.0,60.88,0
2021-11-18,60.81,60.81,60.81,60.81,0.0,60.81,0
2021-11-19,59.59,59.59,59.59,59.59,0.0,59.59,0
2021-11-22,59.82,59.82,59.82,59.82,0.0,59.82,0
2021-11-23,60.5,60.5,60.5,60.5,0.0,60.5,0
2021-11-24,60.66,60.66,60.66,60.66,0.0,60.66,0
2021-11-26,58.38,58.38,58.38,58.38,0.0,58.38,0
2021-11-29,59.36,59.36,59.36,59.36,0.0,59.36,0
2021-11-30,56.67,56.67,56.67,56.67,0.0,56.67,0
2021-12-01,57.09,57.09,57.09,57.09,0.0,57.09,0
2021-12-02,57.35,57.35,57.35,57.35,0.0,57.35,0
2021-12-03,58.71,58.71,58.71,58.71,0.0,58.71,0
2021-12-06,59.8,59.8,59.8,59.8,0.0,59.8,0
2021-12-07,61.48,61.48,61.48,61.48,0.0,61.48,0
2021-12-08,61.73,61.73,61.73,61.73,0.0,61.73,0
2021-12-09,60.95,60.95,60.95,60.95,0.0,60.95,0
2021-12-10,60.74,60.74,60.74,60.74,0.0,60.74,0
2021-12-13,60.78,60.78,60.78,60.78,0.0,60.78,0
2021-12-14,60.75,60.75,60.75,60.75,0.0,60.75,0
2021-12-15,60.05,60.05,60.05,60.05,0.0,60.05,0
2021-12-16,59.46,59.46,59.46,59.46,0.0,59.46,0
2021-12-17,58.21,58.21,58.21,58.21,0.0,58.21,0
2021-12-20,57.57,57.57,57.57,57.57,0.0,57.57,0
2021-12-21,58.68,58.68,58.68,58.68,0.0,58.68,0
2021-12-22,58.16,58.16,58.16,58.16,0.0,58.16,0
2021-12-23,58.65,58.65,58.65,58.65,0.0,58.65,0
2021-12-27,59.65,59.65,59.65,59.65,0.0,59.65,0
2021-12-28,59.36,59.36,59.36,59.36,0.0,59.36,0
2021-12-29,59.89,59.89,59.89,59.89,0.0,59.89,0
2021-12-30,59.83,59.83,59.83,59.83,0.0,59.83,0
2021-12-31,58.51,58.51,58.51,58.51,0.0,58.51,0
2022-01-03,59.57,59.57,59.57,59.57,0.0,59.57,0
2022-01-04,60.24,60.24,60.24,60.24,0.0,60.24,0
2022-01-05,59.89,59.89,59.89,59.89,0.0,59.89,0
2022-01-06,60.11,60.11,60.11,60.11,0.0,60.11,0
2022-01-07,59.92,59.92,59.92,59.92,0.0,59.92,0
2022-01-10,59.63,59.63,59.63,59.63,0.0,59.63,0
2022-01-11,60.59,60.59,60.59,60.59,0.0,60.59,0
2022-01-12,60.44,60.44,60.44,60.44,0.0,60.44,0
2022-01-13,60.68,60.68,60.68,60.68,0.0,60.68,0
2022-01-14,61.03,61.03,61.03,61.03,0.0,61.03,0
2022-01-18,61.72,61.72,61.72,61.72,0.0,61.72,0
2022-01-19,61.89,61.89,61.89,61.89,0.0,61.89,0
2022-01-20,62.89,62.89,62.89,62.89,0.0,62.89,0
2022-01-21,63.47,63.47,63.47,63.47,0.0,63.47,0
2022-01-24,63.29,63.29,63.29,63.29,0.0,63.29,0
2022-01-25,64.24,64.24,64.24,64.24,0.0,64.24,0
2022-01-26,64.57,64.57,64.57,64.57,0.0,64.57,0
2022-01-27,64.21,64.21,64.21,64.21,0.0,64.21,0
2022-01-28,63.94,63.94,63.94,63.94,0.0,63.94,0
2022-01-31,64.44,64.44,64.44,64.44,0.0,64.44,0
2022-02-01,64.61,64.61,64.61,64.61,0.0,64.61,0
2022-02-02,64.77,64.77,64.77,64.77,0.0,64.77,0
2022-02-03,65.56,65.56,65.56,65.56,0.0,65.56,0
2022-02-04,65.88,65.88,65.88,65.88,0.0,65.88,0
2022-02-07,66.3,66.3,66.3,66.3,0.0,66.3,0
2022-02-08,65.97,65.97,65.97,65.97,0.0,65.97,0
2022-02-09,67.41,67.41,67.41,67.41,0.0,67.41,0
2022-02-10,67.99,67.99,67.99,67.99,0.0,67.99,0
2022-02-11,68.52,68.52,68.52,68.52,0.0,68.52,0
2022-02-14,68.65,68.65,68.65,68.65,0.0,68.65,0
2022-02-15,67.12,67.12,67.12,67.12,0.0,67.12,0
2022-02-16,67.62,67.62,67.62,67.62,0.0,67.62,0
2022-02-17,67.71,67.71,67.71,67.71,0.0,67.71,0
2022-02-18,68.01,68.01,68.01,68.01,0.0,68.01,0
2022-02-22,69.12,69.12,69.12,69.12,0.0,69.12,0
2022-02-23,70.05,70.05,70.05,70.05,0.0,70.05,0
2022-02-24,68.51,68.51,68.51,68.51,0.0,68.51,0
2022-02-25,67.06,67.06,67.06,67.06,0.0,67.06,0
2022-02-28,66.14,66.14,66.14,66.14,0.0,66.14,0
2022-03-01,67.68,67.68,67.68,67.68,0.0,67.68,0
2022-03-02,70.32,70.32,70.32,70.32,0.0,70.32,0
2022-03-03,70.53,70.53,70.53,70.53,0.0,70.53,0
2022-03-04,71.27,71.27,71.27,71.27,0.0,71.27,0
2022-03-07,70.35,70.35,70.35,70.35,0.0,70.35,0
2022-03-08,67.46,67.46,67.46,67.46,0.0,67.46,0
2022-03-09,66.65,66.65,66.65,66.65,0.0,66.65,0
2022-03-10,66.9,66.9,66.9,66.9,0.0,66.9,0
2022-03-11,68.67,68.67,68.67,68.67,0.0,68.67,0
2022-03-14,67.29,67.29,67.29,67.29,0.0,67.29,0
2022-03-15,68.68,68.68,68.68,68.68,0.0,68.68,0
2022-03-16,67.31,67.31,67.31,67.31,0.0,67.31,0
2022-03-17,69.17,69.17,69.17,69.17,0.0,69.17,0
2022-03-18,69.06,69.06,69.06,69.06,0.0,69.06,0
2022-03-21,70.37,70.37,70.37,70.37,0.0,70.37,0
2022-03-22,70.25,70.25,70.25,70.25,0.0,70.25,0
2022-03-23,70.62,70.62,70.62,70.62,0.0,70.62,0
2022-03-24,69.07,69.07,69.07,69.07,0.0,69.07,0
2022-03-25,70.12,70.12,70.12,70.12,0.0,70.12,0
2022-03-28,69.52,69.52,69.52,69.52,0.0,69.52,0
2022-03-29,69.34,69.34,69.34,69.34,0.0,69.34,0
2022-03-30,69.66,69.66,69.66,69.66,0.0,69.66,0
2022-03-31,69.8,69.8,69.8,69.8,0.0,69.8,0
2022-04-01,72.9,72.9,72.9,72.9,0.0,72.9,0
2022-04-04,73.08,73.08,73.08,73.08,0.0,73.08,0
2022-04-05,72.03,72.03,72.03,72.03,0.0,72.03,0
2022-04-06,70.93,70.93,70.93,70.93,0.0,70.93,0
2022-04-07,72.16,72.16,72.16,72.16,0.0,72.16,0
2022-04-08,72.14,72.14,72.14,72.14,0.0,72.14,0
2022-04-11,71.49,71.49,71.49,71.49,0.0,71.49,0
2022-04-12,71.69,71.69,71.69,71.69,0.0,71.69,0
2022-04-13,71.83,71.83,71.83,71.83,0.0,71.83,0
2022-04-14,70.84,70.84,70.84,70.84,0.0,70.84,0
2022-04-18,70.27,70.27,70.27,70.27,0.0,70.27,0
2022-04-19,69.18,69.18,69.18,69.18,0.0,69.18,0
2022-04-20,68.99,68.99,68.99,68.99,0.0,68.99,0
2022-04-21,70.22,70.22,70.22,70.22,0.0,70.22,0
2022-04-22,68.48,68.48,68.48,68.48,0.0,68.48,0
2022-04-25,67.94,67.94,67.94,67.94,0.0,67.94,0
2022-04-26,67.86,67.86,67.86,67.86,0.0,67.86,0
2022-04-27,67.23,67.23,67.23,67.23,0.0,67.23,0
2022-04-28,67.31,67.31,67.31,67.31,0.0,67.31,0
2022-04-29,66.63,66.63,66.63,66.63,0.0,66.63,0
2022-05-02,66.84,66.84,66.84,66.84,0.0,66.84,0
2022-05-03,67.21,67.21,67.21,67.21,0.0,67.21,0
2022-05-04,68.68,68.68,68.68,68.68,0.0,68.68,0
2022-05-05,69.04,69.04,69.04,69.04,0.0,69.04,0
2022-05-06,68.92,68.92,68.92,68.92,0.0,68.92,0
2022-05-09,67.0,67.0,67.0,67.0,0.0,67.0,0
2022-05-10,67.03,67.03,67.03,67.03,0.0,67.03,0
2022-05-11,70.0,70.0,70.0,70.0,0.0,70.0,0
2022-05-12,69.54,69.54,69.54,69.54,0.0,69.54,0
2022-05-13,68.83,68.83,68.83,68.83,0.0,68.83,0
2022-05-16,68.79,68.79,68.79,68.79,0.0,68.79,0
2022-05-17,70.01,70.01,70.01,70.01,0.0,70.01,0
2022-05-18,69.47,69.47,69.47,69.47,0.0,69.47,0
2022-05-19,70.05,70.05,70.05,70.05,0.0,70.05,0
2022-05-20,69.53,69.53,69.53,69.53,0.0,69.53,0
2022-05-23,70.55,70.55,70.55,70.55,0.0,70.55,0
2022-05-24,70.9,70.9,70.9,70.9,0.0,70.9,0
2022-05-25,71.18,71.18,71.18,71.18,0.0,71.18,0
2022-05-26,71.04,71.04,71.04,71.04,0.0,71.04,0
2022-05-27,70.83,70.83,70.83,70.83,0.0,70.83,0
2022-05-31,70.29,70.29,70.29,70.29,0.0,70.29,0
2022-06-01,69.9,69.9,69.9,69.9,0.0,69.9,0
2022-06-02,70.39,70.39,70.39,70.39,0.0,70.39,0
2022-06-03,69.97,69.97,69.97,69.97,0.0,69.97,0
2022-06-06,69.59,69.59,69.59,69.59,0.0,69.59,0
2022-06-07,71.21,71.21,71.21,71.21,0.0,71.21,0
2022-06-08,71.57,71.57,71.57,71.57,0.0,71.57,0
2022-06-09,72.44,72.44,72.44,72.44,0.0,72.44,0
2022-06-10,71.96,71.96,71.96,71.96,0.0,71.96,0
2022-06-13,72.66,72.66,72.66,72.66,0.0,72.66,0
2022-06-14,71.85,71.85,71.85,71.85,0.0,71.85,0
2022-06-15,71.61,71.61,71.61,71.61,0.0,71.61,0
2022-06-16,73.2,73.2,73.2,73.2,0.0,73.2,0
2022-06-17,71.78,71.78,71.78,71.78,0.0,71.78,0
2022-06-21,71.43,71.43,71.43,71.43,0.0,71.43,0
2022-06-22,70.22,70.22,70.22,70.22,0.0,70.22,0
2022-06-23,67.93,67.93,67.93,67.93,0.0,67.93,0
2022-06-24,69.88,69.88,69.88,69.88,0.0,69.88,0
2022-06-27,71.03,71.03,71.03,71.03,0.0,71.03,0
2022-06-28,72.66,72.66,72.66,72.66,0.0,72.66,0
2022-06-29,72.28,72.28,72.28,72.28,0.0,72.28,0
2022-06-30,69.8,69.8,69.8,69.8,0.0,69.8,0
2022-07-01,69.51,69.51,69.51,69.51,0.0,69.51,0
2022-07-04,69.51,69.51,69.51,69.51,0.0,69.51,0
2022-07-05,66.37,66.37,66.37,66.37,0.0,66.37,0
2022-07-06,66.77,66.77,66.77,66.77,0.0,66.77,0
2022-07-07,67.85,67.85,67.85,67.85,0.0,67.85,0
2022-07-08,68.34,68.34,68.34,68.34,0.0,68.34,0
2022-07-11,70.04,70.04,70.04,70.04,0.0,70.04,0
2022-07-12,68.0,68.0,68.0,68.0,0.0,68.0,0
2022-07-13,68.85,68.85,68.85,68.85,0.0,68.85,0
2022-07-14,67.79,67.79,67.79,67.79,0.0,67.79,0
2022-07-15,68.76,68.76,68.76,68.76,0.0,68.76,0
2022-07-18,71.0,71.0,71.0,71.0,0.0,71.0,0
2022-07-19,70.95,70.95,70.95,70.95,0.0,70.95,0
2022-07-20,70.37,70.37,70.37,70.37,0.0,70.37,0
2022-07-21,69.36,69.36,69.36,69.36,0.0,69.36,0
2022-07-22,69.13,69.13,69.13,69.13,0.0,69.13,0
2022-07-25,70.03,70.03,70.03,70.03,0.0,70.03,0
2022-07-26,70.11,70.11,70.11,70.11,0.0,70.11,0
2022-07-27,71.54,71.54,71.54,71.54,0.0,71.54,0
2022-07-28,70.28,70.28,70.28,70.28,0.0,70.28,0
2022-07-29,71.15,71.15,71.15,71.15,0.0,71.15,0
2022-08-01,69.84,69.84,69.84,69.84,0.0,69.84,0
2022-08-02,71.4,71.4,71.4,71.4,0.0,71.4,0
2022-08-03,71.11,71.11,71.11,71.11,0.0,71.11,0
2022-08-04,69.2,69.2,69.2,69.2,0.0,69.2,0
2022-08-05,68.99,68.99,68.99,68.99,0.0,68.99,0
2022-08-08,70.47,70.47,70.47,70.47,0.0,70.47,0
2022-08-09,69.94,69.94,69.94,69.94,0.0,69.94,0
2022-08-10,71.19,71.19,71.19,71.19,0.0,71.19,0
2022-08-11,71.23,71.23,71.23,71.23,0.0,71.23,0
2022-08-12,71.07,71.07,71.07,71.07,0.0,71.07,0
2022-08-15,70.72,70.72,70.72,70.72,0.0,70.72,0
2022-08-16,69.95,69.95,69.95,69.95,0.0,69.95,0
2022-08-17,70.02,70.02,70.02,70.02,0.0,70.02,0
2022-08-18,69.14,69.14,69.14,69.14,0.0,69.14,0
2022-08-19,68.22,68.22,68.22,68.22,0.0,68.22,0
2022-08-22,68.13,68.13,68.13,68.13,0.0,68.13,0
2022-08-23,68.24,68.24,68.24,68.24,0.0,68.24,0
2022-08-24,67.78,67.78,67.78,67.78,0.0,67.78,0
2022-08-25,67.34,67.34,67.34,67.34,0.0,67.34,0
2022-08-26,67.28,67.28,67.28,67.28,0.0,67.28,0
2022-08-29,67.71,67.71,67.71,67.71,0.0,67.71,0
2022-08-30,66.47,66.47,66.47,66.47,0.0,66.47,0
2022-08-31,66.71,66.71,66.71,66.71,0.0,66.71,0
2022-09-01,65.52,65.52,65.52,65.52,0.0,65.52,0
2022-09-02,65.67,65.67,65.67,65.67,0.0,65.67,0
2022-09-05,65.67,65.67,65.67,65.67,0.0,65.67,0
2022-09-06,65.71,65.71,65.71,65.71,0.0,65.71,0
2022-09-07,63.98,63.98,63.98,63.98,0.0,63.98,0
2022-09-08,63.96,63.96,63.96,63.96,0.0,63.96,0
2022-09-09,65.92,65.92,65.92,65.92,0.0,65.92,0
2022-09-12,66.8,66.8,66.8,66.8,0.0,66.8,0
2022-09-13,66.71,66.71,66.71,66.71,0.0,66.71,0
2022-09-14,66.87,66.87,66.87,66.87,0.0,66.87,0
2022-09-15,64.94,64.94,64.94,64.94,0.0,64.94,0
2022-09-16,64.8,64.8,64.8,64.8,0.0,64.8,0
2022-09-19,64.6,64.6,64.6,64.6,0.0,64.6,0
2022-09-20,62.73,62.73,62.73,62.73,0.0,62.73,0
2022-09-21,62.37,62.37,62.37,62.37,0.0,62.37,0
2022-09-22,62.83,62.83,62.83,62.83,0.0,62.83,0
2022-09-23,61.02,61.02,61.02,61.02,0.0,61.02,0
2022-09-26,60.75,60.75,60.75,60.75,0.0,60.75,0
2022-09-27,61.29,61.29,61.29,61.29,0.0,61.29,0
2022-09-28,62.51,62.51,62.51,62.51,0.0,62.51,0
2022-09-29,61.8,61.8,61.8,61.8,0.0,61.8,0
2022-09-30,60.84,60.84,60.84,60.84,0.0,60.84,0
2022-10-03,62.1,62.1,62.1,62.1,0.0,62.1,0
2022-10-04,63.08,63.08,63.08,63.08,0.0,63.08,0
2022-10-05,64.24,64.24,64.24,64.24,0.0,64.24,0
2022-10-06,64.98,64.98,64.98,64.98,0.0,64.98,0
2022-10-07,65.83,65.83,65.83,65.83,0.0,65.83,0
2022-10-10,65.32,65.32,65.32,65.32,0.0,65.32,0
2022-10-11,64.89,64.89,64.89,64.89,0.0,64.89,0
2022-10-12,63.84,63.84,63.84,63.84,0.0,63.84,0
2022-10-13,64.15,64.15,64.15,64.15,0.0,64.15,0
2022-10-14,63.15,63.15,63.15,63.15,0.0,63.15,0
2022-10-17,63.79,63.79,63.79,63.79,0.0,63.79,0
2022-10-18,64.71,64.71,64.71,64.71,0.0,64.71,0
2022-10-19,66.21,66.21,66.21,66.21,0.0,66.21,0
2022-10-20,66.04,66.04,66.04,66.04,0.0,66.04,0
2022-10-21,65.59,65.59,65.59,65.59,0.0,65.59,0
2022-10-24,65.07,65.07,65.07,65.07,0.0,65.07,0
2022-10-25,66.04,66.04,66.04,66.04,0.0,66.04,0
2022-10-26,66.5,66.5,66.5,66.5,0.0,66.5,0
2022-10-27,66.87,66.87,66.87,66.87,0.0,66.87,0
2022-10-28,66.15,66.15,66.15,66.15,0.0,66.15,0
2022-10-31,66.8,66.8,66.8,66.8,0.0,66.8,0
2022-11-01,66.89,66.89,66.89,66.89,0.0,66.89,0
2022-11-02,67.7,67.7,67.7,67.7,0.0,67.7,0
2022-11-03,67.16,67.16,67.16,67.16,0.0,67.16,0
2022-11-04,67.81,67.81,67.81,67.81,0.0,67.81,0
2022-11-07,67.94,67.94,67.94,67.94,0.0,67.94,0
2022-11-08,67.14,67.14,67.14,67.14,0.0,67.14,0
2022-11-09,66.13,66.13,66.13,66.13,0.0,66.13,0
2022-11-10,65.92,65.92,65.92,65.92,0.0,65.92,0
2022-11-11,67.25,67.25,67.25,67.25,0.0,67.25,0
2022-11-14,67.11,67.11,67.11,67.11,0.0,67.11,0
2022-11-15,68.32,68.32,68.32,68.32,0.0,68.32,0
2022-11-16,66.91,66.91,66.91,66.91,0.0,66.91,0
2022-11-17,66.91,66.91,66.91,66.91,0.0,66.91,0
2022-11-18,66.43,66.43,66.43,66.43,0.0,66.43,0
2022-11-21,67.21,67.21,67.21,67.21,0.0,67.21,0
2022-11-22,67.08,67.08,67.08,67.08,0.0,67.08,0
2022-11-23,66.83,66.83,66.83,66.83,0.0,66.83,0
2022-11-24,66.83,66.83,66.83,66.83,0.0,66.83,0
2022-11-25,66.53,66.53,66.53,66.53,0.0,66.53,0
2022-11-28,67.14,67.14,67.14,67.14,0.0,67.14,0
2022-11-29,67.29,67.29,67.29,67.29,0.0,67.29,0
2022-11-30,68.14,68.14,68.14,68.14,0.0,68.14,0
2022-12-01,68.17,68.17,68.17,68.17,0.0,68.17,0
2022-12-02,68.76,68.76,68.76,68.76,0.0,68.76,0
2022-12-05,67.82,67.82,67.82,67.82,0.0,67.82,0
2022-12-06,66.38,66.38,66.38,66.38,0.0,66.38,0
2022-12-07,65.25,65.25,65.25,65.25,0.0,65.25,0
2022-12-08,64.77,64.77,64.77,64.77,0.0,64.77,0
2022-12-09,65.42,65.42,65.42,65.42,0.0,65.42,0
2022-12-12,66.33,66.33,66.33,66.33,0.0,66.33,0
2022-12-13,65.84,65.84,65.84,65.84,0.0,65.84,0
2022-12-14,65.84,65.84,65.84,65.84,0.0,65.84,0
2022-12-15,64.62,64.62,64.62,64.62,0.0,64.62,0
2022-12-16,64.41,64.41,64.41,64.41,0.0,64.41,0
2022-12-19,64.82,64.82,64.82,64.82,0.0,64.82,0
2022-12-20,65.34,65.34,65.34,65.34,0.0,65.34,0
2022-12-21,65.25,65.25,65.25,65.25,0.0,65.25,0
2022-12-22,64.67,64.67,64.67,64.67,0.0,64.67,0
2022-12-23,65.8,65.8,65.8,65.8,0.0,65.8,0
2022-12-27,65.85,65.85,65.85,65.85,0.0,65.85,0
2022-12-28,66.41,66.41,66.41,66.41,0.0,66.41,0
2022-12-29,65.65,65.65,65.65,65.65,0.0,65.65,0
2022-12-30,66.7,66.7,66.7,66.7,0.0,66.7,0
2023-01-03,65.4,65.4,65.4,65.4,0.0,65.4,0
2023-01-04,65.0,65.0,65.0,65.0,0.0,65.0,0
2023-01-05,65.05,65.05,65.05,65.05,0.0,65.05,0
2023-01-06,65.22,65.22,65.22,65.22,0.0,65.22,0
2023-01-09,66.15,66.15,66.15,66.15,0.0,66.15,0
2023-01-10,65.96,65.96,65.96,65.96,0.0,65.96,0
2023-01-11,66.92,66.92,66.92,66.92,0.0,66.92,0
2023-01-12,66.88,66.88,66.88,66.88,0.0,66.88,0
2023-01-13,67.19,67.19,67.19,67.19,0.0,67.19,0
2023-01-16,67.19,67.19,67.19,67.19,0.0,67.19,0
2023-01-17,65.68,65.68,65.68,65.68,0.0,65.68,0
2023-01-18,65.5,65.5,65.5,65.5,0.0,65.5,0
2023-01-19,66.09,66.09,66.09,66.09,0.0,66.09,0
2023-01-20,66.36,66.36,66.36,66.36,0.0,66.36,0
2023-01-23,66.99,66.99,66.99,66.99,0.0,66.99,0
2023-01-24,66.12,66.12,66.12,66.12,0.0,66.12,0
2023-01-25,65.76,65.76,65.76,65.76,0.0,65.76,0
2023-01-26,65.59,65.59,65.59,65.59,0.0,65.59,0
2023-01-27,65.06,65.06,65.06,65.06,0.0,65.06,0
2023-01-30,64.92,64.92,64.92,64.92,0.0,64.92,0
2023-01-31,65.81,65.81,65.81,65.81,0.0,65.81,0
2023-02-01,64.75,64.75,64.75,64.75,0.0,64.75,0
2023-02-02,64.7,64.7,64.7,64.7,0.0,64.7,0
2023-02-03,63.42,63.42,63.42,63.42,0.0,63.42,0
2023-02-10,65.46,65.46,65.46,65.46,0.0,65.46,0
2023-02-13,66.2,66.2,66.2,66.2,0.0,66.2,0
2023-02-14,66.16,66.16,66.16,66.16,0.0,66.16,0
2023-02-15,66.42,66.42,66.42,66.42,0.0,66.42,0
2023-02-16,66.52,66.52,66.52,66.52,0.0,66.52,0
2023-02-17,65.52,65.52,65.52,65.52,0.0,65.52,0
2023-02-20,65.52,65.52,65.52,65.52,0.0,65.52,0
2023-02-21,65.74,65.74,65.74,65.74,0.0,65.74,0
2023-02-22,65.32,65.32,65.32,65.32,0.0,65.32,0
2023-02-23,65.43,65.43,65.43,65.43,0.0,65.43,0
2023-02-24,65.19,65.19,65.19,65.19,0.0,65.19,0
2023-02-27,64.41,64.41,64.41,64.41,0.0,64.41,0
2023-02-28,64.09,64.09,64.09,64.09,0.0,64.09,0
2023-03-01,64.44,64.44,64.44,64.44,0.0,64.44,0
2023-03-02,64.8,64.8,64.8,64.8,0.0,64.8,0
2023-03-03,65.77,65.77,65.77,65.77,0.0,65.77,0
2023-03-06,65.9,65.9,65.9,65.9,0.0,65.9,0
2023-03-07,64.53,64.53,64.53,64.53,0.0,64.53,0
2023-03-08,64.32,64.32,64.32,64.32,0.0,64.32,0
2023-03-09,64.03,64.03,64.03,64.03,0.0,64.03,0
2023-03-10,64.22,64.22,64.22,64.22,0.0,64.22,0
2023-03-13,63.6,63.6,63.6,63.6,0.0,63.6,0
2023-03-14,62.66,62.66,62.66,62.66,0.0,62.66,0
2023-03-15,61.38,61.38,61.38,61.38,0.0,61.38,0
2023-03-16,62.09,62.09,62.09,62.09,0.0,62.09,0
2023-03-17,61.99,61.99,61.99,61.99,0.0,61.99,0
2023-03-20,62.33,62.33,62.33,62.33,0.0,62.33,0
2023-03-21,62.58,62.58,62.58,62.58,0.0,62.58,0
2023-03-22,62.74,62.74,62.74,62.74,0.0,62.74,0
2023-03-23,62.71,62.71,62.71,62.71,0.0,62.71,0
2023-03-24,62.67,62.67,62.67,62.67,0.0,62.67,0
2023-03-27,63.95,63.95,63.95,63.95,0.0,63.95,0
2023-03-28,64.08,64.08,64.08,64.08,0.0,64.08,0
2023-03-29,64.05,64.05,64.05,64.05,0.0,64.05,0
2023-03-30,64.05,64.05,64.05,64.05,0.0,64.05,0
2023-03-31,64.26,64.26,64.26,64.26,0.0,64.26,0
2023-04-03,64.55,64.55,64.55,64.55,0.0,64.55,0
2023-04-04,64.62,64.62,64.62,64.62,0.0,64.62,0
2023-04-05,64.78,64.78,64.78,64.78,0.0,64.78,0
2023-04-06,64.64,64.64,64.64,64.64,0.0,64.64,0
2023-04-10,64.41,64.41,64.41,64.41,0.0,64.41,0
2023-04-11,65.04,65.04,65.04,65.04,0.0,65.04,0
2023-04-12,65.77,65.77,65.77,65.77,0.0,65.77,0
2023-04-13,65.77,65.77,65.77,65.77,0.0,65.77,0
2023-04-14,66.0,66.0,66.0,66.0,0.0,66.0,0
2023-04-17,65.8,65.8,65.8,65.8,0.0,65.8,0
2023-04-18,66.16,66.16,66.16,66.16,0.0,66.16,0
2023-04-19,65.55,65.55,65.55,65.55,0.0,65.55,0
2023-04-20,64.7,64.7,64.7,64.7,0.0,64.7,0
2023-04-21,66.01,66.01,66.01,66.01,0.0,66.01,0
2023-04-24,66.4,66.4,66.4,66.4,0.0,66.4,0
2023-04-25,65.06,65.06,65.06,65.06,0.0,65.06,0
2023-04-26,64.55,64.55,64.55,64.55,0.0,64.55,0
2023-04-27,64.26,64.26,64.26,64.26,0.0,64.26,0
2023-04-28,65.6,65.6,65.6,65.6,0.0,65.6,0
2023-05-01,64.81,64.81,64.81,64.81,0.0,64.81,0
2023-05-02,63.5,63.5,63.5,63.5,0.0,63.5,0
2023-05-03,62.19,62.19,62.19,62.19,0.0,62.19,0
2023-05-04,61.29,61.29,61.29,61.29,0.0,61.29,0
2023-05-05,62.67,62.67,62.67,62.67,0.0,62.67,0
2023-05-08,63.67,63.67,63.67,63.67,0.0,63.67,0
2023-05-09,64.35,64.35,64.35,64.35,0.0,64.35,0
2023-05-10,63.94,63.94,63.94,63.94,0.0,63.94,0
2023-05-11,62.81,62.81,62.81,62.81,0.0,62.81,0
2023-05-12,62.34,62.34,62.34,62.34,0.0,62.34,0
2023-05-15,62.91,62.91,62.91,62.91,0.0,62.91,0
2023-05-16,62.88,62.88,62.88,62.88,0.0,62.88,0
2023-05-17,64.13,64.13,64.13,64.13,0.0,64.13,0
2023-05-18,64.04,64.04,64.04,64.04,0.0,64.04,0
2023-05-19,62.83,62.83,62.83,62.83,0.0,62.83,0
2023-05-22,62.84,62.84,62.84,62.84,0.0,62.84,0
2023-05-23,63.35,63.35,63.35,63.35,0.0,63.35,0
2023-05-24,64.16,64.16,64.16,64.16,0.0,64.16,0
2023-05-25,62.88,62.88,62.88,62.88,0.0,62.88,0
2023-05-26,63.5,63.5,63.5,63.5,0.0,63.5,0
2023-05-29,63.5,63.5,63.5,63.5,0.0,63.5,0
2023-05-30,62.05,62.05,62.05,62.05,0.0,62.05,0
2023-05-31,61.22,61.22,61.22,61.22,0.0,61.22,0
2023-06-01,62.11,62.11,62.11,62.11,0.0,62.11,0
2023-06-02,62.91,62.91,62.91,62.91,0.0,62.91,0
2023-06-05,62.47,62.47,62.47,62.47,0.0,62.47,0
2023-06-06,62.3,62.3,62.3,62.3,0.0,62.3,0
2023-06-07,62.69,62.69,62.69,62.69,0.0,62.69,0
2023-06-08,61.85,61.85,61.85,61.85,0.0,61.85,0
2023-06-09,61.72,61.72,61.72,61.72,0.0,61.72,0
2023-06-12,60.6,60.6,60.6,60.6,0.0,60.6,0
2023-06-13,62.21,62.21,62.21,62.21,0.0,62.21,0
2023-06-14,61.61,61.61,61.61,61.61,0.0,61.61,0
2023-06-15,63.14,63.14,63.14,63.14,0.0,63.14,0
2023-06-16,63.63,63.63,63.63,63.63,0.0,63.63,0
2023-06-19,63.63,63.63,63.63,63.63,0.0,63.63,0
2023-06-20,63.28,63.28,63.28,63.28,0.0,63.28,0
2023-06-21,63.86,63.86,63.86,63.86,0.0,63.86,0
2023-06-22,62.58,62.58,62.58,62.58,0.0,62.58,0
2023-06-23,62.27,62.27,62.27,62.27,0.0,62.27,0
2023-06-26,62.52,62.52,62.52,62.52,0.0,62.52,0
2023-06-27,62.53,62.53,62.53,62.53,0.0,62.53,0
2023-06-28,62.89,62.89,62.89,62.89,0.0,62.89,0
2023-06-29,62.9,62.9,62.9,62.9,0.0,62.9,0
2023-06-30,63.18,63.18,63.18,63.18,0.0,63.18,0
2023-07-03,62.13,62.13,62.13,62.13,0.0,62.13,0
2023-07-04,62.13,62.13,62.13,62.13,0.0,62.13,0
2023-07-05,63.46,63.46,63.46,63.46,0.0,63.46,0
2023-07-06,63.13,63.13,63.13,63.13,0.0,63.13,0
2023-07-07,63.41,63.41,63.41,63.41,0.0,63.41,0
2023-07-10,63.82,63.82,63.82,63.82,0.0,63.82,0
2023-07-11,64.67,64.67,64.67,64.67,0.0,64.67,0
2023-07-12,64.91,64.91,64.91,64.91,0.0,64.91,0
2023-07-13,65.5,65.5,65.5,65.5,0.0,65.5,0
2023-07-14,64.76,64.76,64.76,64.76,0.0,64.76,0
2023-07-17,64.73,64.73,64.73,64.73,0.0,64.73,0
2023-07-18,65.6,65.6,65.6,65.6,0.0,65.6,0
2023-07-19,66.0,66.0,66.0,66.0,0.0,66.0,0
2023-07-20,65.98,65.98,65.98,65.98,0.0,65.98,0
2023-07-21,66.37,66.37,66.37,66.37,0.0,66.37,0
2023-07-24,67.11,67.11,67.11,67.11,0.0,67.11,0
2023-07-25,67.2,67.2,67.2,67.2,0.0,67.2,0
2023-07-26,67.06,67.06,67.06,67.06,0.0,67.06,0
2023-07-27,67.6,67.6,67.6,67.6,0.0,67.6,0
2023-07-28,68.05,68.05,68.05,68.05,0.0,68.05,0
2023-07-31,68.4,68.4,68.4,68.4,0.0,68.4,0
2023-08-01,68.15,68.15,68.15,68.15,0.0,68.15,0
2023-08-02,67.05,67.05,67.05,67.05,0.0,67.05,0
2023-08-03,67.99,67.99,67.99,67.99,0.0,67.99,0
2023-08-04,68.73,68.73,68.73,68.73,0.0,68.73,0
2023-08-07,68.83,68.83,68.83,68.83,0.0,68.83,0
2023-08-08,69.38,69.38,69.38,69.38,0.0,69.38,0
2023-08-09,69.77,69.77,69.77,69.77,0.0,69.77,0
2023-08-10,69.2,69.2,69.2,69.2,0.0,69.2,0
2023-08-11,69.07,69.07,69.07,69.07,0.0,69.07,0
2023-08-14,68.97,68.97,68.97,68.97,0.0,68.97,0
2023-08-15,68.35,68.35,68.35,68.35,0.0,68.35,0
2023-08-16,68.5,68.5,68.5,68.5,0.0,68.5,0
2023-08-17,68.78,68.78,68.78,68.78,0.0,68.78,0
2023-08-18,69.24,69.24,69.24,69.24,0.0,69.24,0
2023-08-21,69.28,69.28,69.28,69.28,0.0,69.28,0
2023-08-22,69.17,69.17,69.17,69.17,0.0,69.17,0
2023-08-23,68.82,68.82,68.82,68.82,0.0,68.82,0
2023-08-24,68.21,68.21,68.21,68.21,0.0,68.21,0
2023-08-25,68.64,68.64,68.64,68.64,0.0,68.64,0
2023-08-28,68.43,68.43,68.43,68.43,0.0,68.43,0
2023-08-29,69.01,69.01,69.01,69.01,0.0,69.01,0
2023-08-30,68.99,68.99,68.99,68.99,0.0,68.99,0
2023-08-31,69.43,69.43,69.43,69.43,0.0,69.43,0
2023-09-01,70.17,70.17,70.17,70.17,0.0,70.17,0
2023-09-04,70.17,70.17,70.17,70.17,0.0,70.17,0
2023-09-05,70.6,70.6,70.6,70.6,0.0,70.6,0
2023-09-06,70.59,70.59,70.59,70.59,0.0,70.59,0
2023-09-07,70.85,70.85,70.85,70.85,0.0,70.85,0
2023-09-08,70.67,70.67,70.67,70.67,0.0,70.67,0
2023-09-11,70.86,70.86,70.86,70.86,0.0,70.86,0
2023-09-12,71.04,71.04,71.04,71.04,0.0,71.04,0
2023-09-13,70.86,70.86,70.86,70.86,0.0,70.86,0
2023-09-14,71.28,71.28,71.28,71.28,0.0,71.28,0
2023-09-15,70.79,70.79,70.79,70.79,0.0,70.79,0
2023-09-18,71.21,71.21,71.21,71.21,0.0,71.21,0
2023-09-19,71.32,71.32,71.32,71.32,0.0,71.32,0
2023-09-20,71.42,71.42,71.42,71.42,0.0,71.42,0
2023-09-21,71.62,71.62,71.62,71.62,0.0,71.62,0
2023-09-22,70.84,70.84,70.84,70.84,0.0,70.84,0
2023-09-25,71.14,71.14,71.14,71.14,0.0,71.14,0
2023-09-26,71.29,71.29,71.29,71.29,0.0,71.29,0
2023-09-27,71.69,71.69,71.69,71.69,0.0,71.69,0
2023-09-28,71.59,71.59,71.59,71.59,0.0,71.59,0
2023-09-29,71.25,71.25,71.25,71.25,0.0,71.25,0
2023-10-02,71.1,71.1,71.1,71.1,0.0,71.1,0
2023-10-03,70.98,70.98,70.98,70.98,0.0,70.98,0
2023-10-04,68.09,68.09,68.09,68.09,0.0,68.09,0
2023-10-05,67.2,67.2,67.2,67.2,0.0,67.2,0
2023-10-06,67.34,67.34,67.34,67.34,0.0,67.34,0
2023-10-09,68.52,68.52,68.52,68.52,0.0,68.52,0
2023-10-10,69.27,69.27,69.27,69.27,0.0,69.27,0
2023-10-11,69.55,69.55,69.55,69.55,0.0,69.55,0
2023-10-12,69.62,69.62,69.62,69.62,0.0,69.62,0
2023-10-13,71.13,71.13,71.13,71.13,0.0,71.13,0
2023-10-16,71.25,71.25,71.25,71.25,0.0,71.25,0
2023-10-17,71.44,71.44,71.44,71.44,0.0,71.44,0
2023-10-18,71.95,71.95,71.95,71.95,0.0,71.95,0
2023-10-19,71.58,71.58,71.58,71.58,0.0,71.58,0
2023-10-20,71.13,71.13,71.13,71.13,0.0,71.13,0
2023-10-23,70.68,70.68,70.68,70.68,0.0,70.68,0
2023-10-24,70.33,70.33,70.33,70.33,0.0,70.33,0
2023-10-25,71.22,71.22,71.22,71.22,0.0,71.22,0
2023-10-26,70.58,70.58,70.58,70.58,0.0,70.58,0
2023-10-27,71.36,71.36,71.36,71.36,0.0,71.36,0
2023-10-30,70.34,70.34,70.34,70.34,0.0,70.34,0
2023-10-31,70.04,70.04,70.04,70.04,0.0,70.04,0
2023-11-01,69.71,69.71,69.71,69.71,0.0,69.71,0
2023-11-02,70.57,70.57,70.57,70.57,0.0,70.57,0
2023-11-03,69.76,69.76,69.76,69.76,0.0,69.76,0
2023-11-06,70.47,70.47,70.47,70.47,0.0,70.47,0
2023-11-07,68.2,68.2,68.2,68.2,0.0,68.2,0
2023-11-08,67.15,67.15,67.15,67.15,0.0,67.15,0
2023-11-09,67.6,67.6,67.6,67.6,0.0,67.6,0
2023-11-10,68.48,68.48,68.48,68.48,0.0,68.48,0
2023-11-13,69.03,69.03,69.03,69.03,0.0,69.03,0
2023-11-14,68.56,68.56,68.56,68.56,0.0,68.56,0
2023-11-15,68.27,68.27,68.27,68.27,0.0,68.27,0
2023-11-16,66.28,66.28,66.28,66.28,0.0,66.28,0
2023-11-17,68.1,68.1,68.1,68.1,0.0,68.1,0
2023-11-20,68.93,68.93,68.93,68.93,0.0,68.93,0
2023-11-21,68.77,68.77,68.77,68.77,0.0,68.77,0
2023-11-22,68.25,68.25,68.25,68.25,0.0,68.25,0
2023-11-23,68.25,68.25,68.25,68.25,0.0,68.25,0
2023-11-24,67.53,67.53,67.53,67.53,0.0,67.53,0
2023-11-27,67.19,67.19,67.19,67.19,0.0,67.19,0
2023-11-28,67.82,67.82,67.82,67.82,0.0,67.82,0
2023-11-29,68.58,68.58,68.58,68.58,0.0,68.58,0
2023-11-30,67.41,67.41,67.41,67.41,0.0,67.41,0
2023-12-01,66.65,66.65,66.65,66.65,0.0,66.65,0
2023-12-04,66.94,66.94,66.94,66.94,0.0,66.94,0
2023-12-05,66.45,66.45,66.45,66.45,0.0,66.45,0
2023-12-06,65.3,65.3,65.3,65.3,0.0,65.3,0
2023-12-07,65.3,65.3,65.3,65.3,0.0,65.3,0
2023-12-08,66.14,66.14,66.14,66.14,0.0,66.14,0
2023-12-11,66.49,66.49,66.49,66.49,0.0,66.49,0
2023-12-12,65.15,65.15,65.15,65.15,0.0,65.15,0
2023-12-13,65.91,65.91,65.91,65.91,0.0,65.91,0
2023-12-14,67.14,67.14,67.14,67.14,0.0,67.14,0
2023-12-15,67.04,67.04,67.04,67.04,0.0,67.04,0
2023-12-18,67.4,67.4,67.4,67.4,0.0,67.4,0
2023-12-19,67.92,67.92,67.92,67.92,0.0,67.92,0
2023-12-20,67.7,67.7,67.7,67.7,0.0,67.7,0
2023-12-21,67.1,67.1,67.1,67.1,0.0,67.1,0
2023-12-22,66.38,66.38,66.38,66.38,0.0,66.38,0
2023-12-26,66.97,66.97,66.97,66.97,0.0,66.97,0
2023-12-27,66.7,66.7,66.7,66.7,0.0,66.7,0
2023-12-28,65.43,65.43,65.43,65.43,0.0,65.43,0
2023-12-29,65.21,65.21,65.21,65.21,0.0,65.21,0
2024-01-02,64.92,64.92,64.92,64.92,0.0,64.92,0
2024-01-03,66.1,66.1,66.1,66.1,0.0,66.1,0
2024-01-04,65.64,65.64,65.64,65.64,0.0,65.64,0
2024-01-05,66.18,66.18,66.18,66.18,0.0,66.18,0
2024-01-08,64.92,64.92,64.92,64.92,0.0,64.92,0
2024-01-09,65.31,65.31,65.31,65.31,0.0,65.31,0
2024-01-10,65.13,65.13,65.13,65.13,0.0,65.13,0
2024-01-11,65.52,65.52,65.52,65.52,0.0,65.52,0
2024-01-12,66.31,66.31,66.31,66.31,0.0,66.31,0
2024-01-15,66.31,66.31,66.31,66.31,0.0,66.31,0
2024-01-16,65.88,65.88,65.88,65.88,0.0,65.88,0
2024-01-17,65.0,65.71,65.0,65.71,1.0,65.0,1
2024-01-18,66.3,66.3,66.3,66.3,0.0,66.3,0
2024-01-19,65.76,65.76,65.76,65.76,0.0,65.76,0
2024-01-22,66.83,66.83,66.83,66.83,0.0,66.83,0
2024-01-23,66.68,66.68,66.68,66.68,0.0,66.68,0
2024-01-24,66.97,66.97,66.97,66.97,0.0,66.97,0
2024-01-25,67.86,67.86,67.86,67.86,0.0,67.86,0
2024-01-26,68.34,68.34,68.34,68.34,0.0,68.34,0
2024-01-29,67.67,67.67,67.67,67.67,0.0,67.67,0
2024-01-30,68.3,68.3,68.3,68.3,0.0,68.3,0
2024-01-31,67.28,67.28,67.28,67.28,0.0,67.28,0
2024-02-01,65.95,65.95,65.95,65.95,0.0,65.95,0
2024-02-02,65.25,65.25,65.25,65.25,0.0,65.25,0
2024-02-05,65.76,65.76,65.76,65.76,0.0,65.76,0
2024-02-06,65.78,65.78,65.78,65.78,0.0,65.78,0
2024-02-07,66.13,66.13,66.13,66.13,0.0,66.13,0
2024-02-08,67.1,67.1,67.1,67.1,0.0,67.1,0
2024-02-09,67.55,67.55,67.55,67.55,0.0,67.55,0
2024-02-12,67.7,67.7,67.7,67.7,0.0,67.7,0
2024-02-13,67.93,67.93,67.93,67.93,0.0,67.93,0
2024-02-14,67.3,67.3,67.3,67.3,0.0,67.3,0
2024-02-15,67.65,67.65,67.65,67.65,0.0,67.65,0
2024-02-16,67.89,67.89,67.89,67.89,0.0,67.89,0
2024-02-19,67.89,67.89,67.89,67.89,0.0,67.89,0
2024-02-20,67.01,67.01,67.01,67.01,0.0,67.01,0
2024-02-21,67.19,67.19,67.19,67.19,0.0,67.19,0
2024-02-22,67.46,67.46,67.46,67.46,0.0,67.46,0
2024-02-23,66.83,66.83,66.83,66.83,0.0,66.83,0
2024-02-26,67.13,67.13,67.13,67.13,0.0,67.13,0
2024-02-27,67.47,67.47,67.47,67.47,0.0,67.47,0
2024-02-28,67.28,67.28,67.28,67.28,0.0,67.28,0
2024-02-29,67.07,67.07,67.07,67.07,0.0,67.07,0
2024-03-01,67.33,67.33,67.33,67.33,0.0,67.33,0
2024-03-04,67.82,67.82,67.82,67.82,0.0,67.82,0
2024-03-05,67.24,67.24,67.24,67.24,0.0,67.24,0
2024-03-06,67.35,67.35,67.35,67.35,0.0,67.35,0
2024-03-07,67.56,67.56,67.56,67.56,0.0,67.56,0
2024-03-08,67.15,67.15,67.15,67.15,0.0,67.15,0
2024-03-11,67.68,67.68,67.68,67.68,0.0,67.68,0
2024-03-12,67.57,67.57,67.57,67.57,0.0,67.57,0
2024-03-13,68.43,68.43,68.43,68.43,0.0,68.43,0
2024-03-14,68.88,68.88,68.88,68.88,0.0,68.88,0
2024-03-15,69.15,69.15,69.15,69.15,0.0,69.15,0
2024-03-18,69.5,69.5,69.5,69.5,0.0,69.5,0
2024-03-19,69.7,69.7,69.7,69.7,0.0,69.7,0
2024-03-20,69.24,69.24,69.24,69.24,0.0,69.24,0
2024-03-21,69.27,69.27,69.27,69.27,0.0,69.27,0
2024-03-22,68.9,68.9,68.9,68.9,0.0,68.9,0
2024-03-25,69.52,69.52,69.52,69.52,0.0,69.52,0
2024-03-26,69.48,69.48,69.48,69.48,0.0,69.48,0
2024-03-27,69.46,69.46,69.46,69.46,0.0,69.46,0
2024-03-28,70.0,70.0,70.0,70.0,0.0,70.0,0
2024-04-01,69.97,69.97,69.97,69.97,0.0,69.97,0
2024-04-02,70.19,70.19,70.19,70.19,0.0,70.19,0
2024-04-03,70.65,70.65,70.65,70.65,0.0,70.65,0
2024-04-04,71.02,71.02,71.02,71.02,0.0,71.02,0
2024-04-05,70.84,70.84,70.84,70.84,0.0,70.84,0
2024-04-08,71.0,71.0,70.71,70.71,2.0,71.0,1
2024-04-09,70.25,70.25,70.25,70.25,0.0,70.25,0
2024-04-10,70.69,70.69,70.69,70.69,0.0,70.69,0
2024-04-11,70.73,70.73,70.73,70.73,0.0,70.73,0
2024-04-12,71.2,71.2,71.2,71.2,0.0,71.2,0
2024-04-15,71.46,71.46,71.46,71.46,0.0,71.46,0
2024-04-16,71.71,71.71,71.71,71.71,0.0,71.71,0
2024-04-17,70.55,70.55,70.55,70.55,0.0,70.55,0
2024-04-18,70.38,70.38,70.38,70.38,0.0,70.38,0
2024-04-19,70.13,70.13,70.13,70.13,0.0,70.13,0
2024-04-22,69.99,69.99,69.99,69.99,0.0,69.99,0
2024-04-23,70.44,70.44,70.44,70.44,0.0,70.44,0
2024-04-24,70.66,70.66,70.66,70.66,0.0,70.66,0
2024-04-25,70.9,70.9,70.9,70.9,0.0,70.9,0
2024-04-26,71.17,71.17,71.17,71.17,0.0,71.17,0
2024-04-29,70.72,70.72,70.72,70.72,0.0,70.72,0
2024-04-30,70.39,70.39,70.39,70.39,0.0,70.39,0
2024-05-01,68.63,68.63,68.63,68.63,0.0,68.63,0
2024-05-02,69.08,69.08,69.08,69.08,0.0,69.08,0
2024-05-03,69.18,69.18,69.18,69.18,0.0,69.18,0
2024-05-06,69.49,69.49,69.49,69.49,0.0,69.49,0
2024-05-07,69.32,69.32,69.32,69.32,0.0,69.32,0
2024-05-08,69.12,69.12,69.12,69.12,0.0,69.12,0
2024-05-09,69.29,69.29,69.29,69.29,0.0,69.29,0
2024-05-10,68.83,68.83,68.83,68.83,0.0,68.83,0
2024-05-13,69.14,69.14,69.14,69.14,0.0,69.14,0
2024-05-14,69.03,69.03,69.03,69.03,0.0,69.03,0
2024-05-15,69.24,69.24,69.24,69.24,0.0,69.24,0
2024-05-16,69.64,69.64,69.64,69.64,0.0,69.64,0
2024-05-17,70.11,70.11,70.11,70.11,0.0,70.11,0
2024-05-20,70.29,70.29,70.29,70.29,0.0,70.29,0
2024-05-21,70.09,70.09,70.09,70.09,0.0,70.09,0
2024-05-22,69.14,69.14,69.14,69.14,0.0,69.14,0
2024-05-23,68.79,68.79,68.79,68.79,0.0,68.79,0
2024-05-24,68.98,68.98,68.98,68.98,0.0,68.98,0
2024-05-27,68.98,68.98,68.98,68.98,0.0,68.98,0
2024-05-28,70.25,70.25,70.25,70.25,0.0,70.25,0
2024-05-29,70.02,70.02,70.02,70.02,0.0,70.02,0
2024-05-30,69.45,69.45,69.41,69.41,2.0,69.45,1
2024-05-31,69.67,69.67,69.67,69.67,0.0,69.67,0
2024-06-03,68.2,68.2,68.2,68.2,0.0,68.2,0
2024-06-04,66.88,66.88,66.88,66.88,0.0,66.88,0
2024-06-05,67.0,67.0,66.9,66.9,1.0,67.0,1
2024-06-06,67.66,67.66,67.66,67.66,0.0,67.66,0
2024-06-07,68.17,68.17,68.17,68.17,0.0,68.17,0
2024-06-10,69.22,69.22,69.22,69.22,0.0,69.22,0
2024-06-11,69.63,69.63,69.63,69.63,0.0,69.63,0
2024-06-12,69.85,69.85,69.85,69.85,0.0,69.85,0
2024-06-13,69.85,69.9,69.85,69.9,9.0,69.85,7
2024-06-14,69.54,69.54,69.54,69.54,0.0,69.54,0
2024-06-17,69.52,69.52,69.52,69.52,0.0,69.52,0
2024-06-18,70.44,70.44,70.44,70.44,0.0,70.44,0
2024-06-19,70.44,70.44,70.44,70.44,0.0,70.44,0
2024-06-20,70.69,70.69,70.69,70.69,0.0,70.69,0
2024-06-21,70.3,70.3,70.3,70.3,0.0,70.3,0
2024-06-24,70.91,70.91,70.91,70.91,0.0,70.91,0
2024-06-25,70.68,70.68,70.68,70.68,0.0,70.68,0
2024-06-26,71.02,71.02,71.02,71.02,0.0,71.02,0
2024-06-27,70.97,70.97,70.97,70.97,0.0,70.97,0
2024-06-28,70.74,70.74,70.74,70.74,0.0,70.74,0
2024-07-01,71.72,71.72,71.72,71.72,0.0,71.72,0
2024-07-02,71.71,71.71,71.71,71.71,0.0,71.71,0
2024-07-03,72.27,72.27,72.27,72.27,0.0,72.27,0
2024-07-04,72.27,72.27,72.27,72.27,0.0,72.27,0
2024-07-05,71.8,71.8,71.8,71.8,0.0,71.8,0
2024-07-08,71.69,71.69,71.69,71.69,0.0,71.69,0
2024-07-09,70.92,70.92,70.92,70.92,0.0,70.92,0
2024-07-10,70.93,70.93,70.93,70.93,0.0,70.93,0
2024-07-11,70.85,70.85,70.85,70.85,0.0,70.85,0
2024-07-12,70.82,70.82,70.82,70.82,0.0,70.82,0
2024-07-15,70.62,70.62,70.62,70.62,0.0,70.62,0
2024-07-16,69.3,69.99,69.3,69.99,3.0,69.3,3
2024-07-17,70.45,70.45,70.45,70.45,0.0,70.45,0
2024-07-18,70.49,70.49,70.49,70.49,0.0,70.49,0
2024-07-19,69.03,69.03,69.03,69.03,0.0,69.03,0
2024-07-22,69.28,69.28,69.28,69.28,0.0,69.28,0
2024-07-23,68.2,68.2,68.2,68.2,0.0,68.2,0
2024-07-24,68.79,68.79,68.79,68.79,0.0,68.79,0
2024-07-25,69.09,69.09,69.09,69.09,0.0,69.09,0
2024-07-26,68.62,68.62,68.62,68.62,0.0,68.62,0
2024-07-29,68.23,68.23,68.23,68.23,0.0,68.23,0
2024-07-30,67.91,67.91,67.84,67.84,5.0,67.91,2
2024-07-31,69.15,69.15,69.15,69.15,0.0,69.15,0
2024-08-01,68.49,68.49,68.49,68.49,0.0,68.49,0
2024-08-02,66.57,66.57,66.57,66.57,0.0,66.57,0
2024-08-05,66.69,66.69,66.69,66.69,0.0,66.69,0
2024-08-06,66.38,66.38,66.38,66.38,0.0,66.38,0
2024-08-07,67.28,67.28,67.28,67.28,0.0,67.28,0
2024-08-08,68.0,68.0,68.0,68.0,0.0,68.0,0
2024-08-09,68.35,68.35,68.35,68.35,0.0,68.35,0
2024-08-12,69.79,69.79,69.79,69.79,0.0,69.79,0
2024-08-13,68.82,68.82,68.82,68.82,0.0,68.82,0
2024-08-14,68.56,68.56,68.56,68.56,0.0,68.56,0
2024-08-15,69.1,69.1,69.1,69.1,0.0,69.1,0
2024-08-16,68.32,68.32,68.32,68.32,0.0,68.32,0
2024-08-19,67.5,67.5,67.5,67.5,0.0,67.5,0
2024-08-20,66.91,66.91,66.89,66.91,12.0,66.902,3
2024-08-21,66.3,66.3,66.3,66.3,0.0,66.3,0
2024-08-22,66.51,66.8,66.51,66.8,1.0,66.51,1
2024-08-23,67.5,67.85,67.5,67.85,1.0,67.5,1
2024-08-26,68.83,68.83,68.83,68.83,0.0,68.83,0
2024-08-27,68.06,68.06,68.06,68.06,0.0,68.06,0
2024-08-28,67.38,67.38,67.38,67.38,0.0,67.38,0
2024-08-29,68.14,68.14,68.14,68.14,0.0,68.14,0
2024-08-30,66.73,67.06,66.73,67.06,2.0,66.73,2
2024-09-02,67.06,67.06,67.06,67.06,0.0,67.06,0
2024-09-03,65.4,65.4,65.4,65.4,0.0,65.4,0
2024-09-04,65.18,65.18,65.18,65.18,0.0,65.18,0
2024-09-05,65.65,65.65,65.65,65.65,0.0,65.65,0
2024-09-06,64.8,64.8,64.8,64.8,0.0,64.8,0
2024-09-09,64.91,64.91,64.91,64.91,0.0,64.91,0
2024-09-10,63.18,63.18,63.18,63.18,0.0,63.18,0
2024-09-11,64.12,64.12,64.12,64.12,0.0,64.12,0
2024-09-12,65.12,65.12,65.12,65.12,0.0,65.12,0
2024-09-13,64.64,64.64,64.64,64.64,0.0,64.64,0
2024-09-16,65.43,65.43,65.43,65.43,0.0,65.43,0
2024-09-17,66.03,66.03,66.03,66.03,0.0,66.03,0
2024-09-18,65.95,65.95,65.95,65.95,0.0,65.95,0
2024-09-19,66.41,66.41,66.41,66.41,0.0,66.41,0
2024-09-20,66.39,66.39,66.39,66.39,0.0,66.39,0
2024-09-23,66.29,66.29,66.29,66.29,0.0,66.29,0
2024-09-24,67.16,67.16,67.16,67.16,0.0,67.16,0
2024-09-25,66.92,66.94,66.32,66.32,74.0,66.923,47
2024-09-26,65.53,65.53,65.53,65.53,0.0,65.53,0
2024-09-27,65.67,65.67,65.67,65.67,0.0,65.67,0
2024-09-30,65.94,65.94,65.94,65.94,0.0,65.94,0
2024-10-01,66.86,66.86,66.86,66.86,0.0,66.86,0
2024-10-02,66.87,66.87,66.87,66.87,0.0,66.87,0
2024-10-03,68.94,68.94,68.94,68.94,0.0,68.94,0
2024-10-04,68.59,68.59,68.59,68.59,0.0,68.59,0
2024-10-07,70.29,70.29,70.29,70.29,0.0,70.29,0
2024-10-08,68.76,68.76,68.76,68.76,0.0,68.76,0
2024-10-09,68.19,68.19,68.19,68.19,0.0,68.19,0
2024-10-10,69.27,69.27,69.27,69.27,0.0,69.27,0
2024-10-11,69.31,69.31,69.31,69.31,0.0,69.31,0
2024-10-14,68.74,68.74,68.74,68.74,0.0,68.74,0
2024-10-15,66.6,66.6,66.6,66.6,0.0,66.6,0
2024-10-16,66.18,66.18,66.18,66.18,0.0,66.18,0
2024-10-17,66.44,66.44,66.44,66.44,0.0,66.44,0
2024-10-18,65.7,65.7,65.7,65.7,0.0,65.7,0
2024-10-21,66.48,66.48,66.48,66.48,0.0,66.48,0
2024-10-22,67.58,67.58,67.58,67.58,0.0,67.58,0
2024-10-23,66.8,66.8,66.8,66.8,0.0,66.8,0
2024-10-24,66.81,66.81,66.65,66.65,1.0,66.81,1
2024-10-25,66.76,67.61,66.76,67.61,4.0,66.76,3
2024-10-28,64.65,64.65,64.65,64.65,0.0,64.65,0
2024-10-29,64.59,64.59,64.59,64.59,0.0,64.59,0
2024-10-30,65.56,65.56,65.56,65.56,0.0,65.56,0
2024-10-31,65.72,65.72,65.72,65.72,0.0,65.72,0
2024-11-01,66.93,66.93,66.03,66.03,3.0,66.93,1
2024-11-04,66.83,66.83,66.83,66.83,0.0,66.83,0
2024-11-05,67.0,67.0,67.0,67.0,0.0,67.0,0
2024-11-06,66.69,67.01,66.69,67.01,4.0,66.69,1
2024-11-07,67.62,67.62,67.62,67.62,0.0,67.62,0
2024-11-08,67.05,67.05,66.77,66.77,1.0,67.05,1
2024-11-11,65.47,65.47,65.47,65.47,0.0,65.47,0
2024-11-12,65.37,65.37,65.37,65.37,0.0,65.37,0
2024-11-13,65.34,65.34,65.34,65.34,0.0,65.34,0
2024-11-14,65.3,65.3,65.3,65.3,0.0,65.3,0
2024-11-15,64.26,64.26,64.26,64.26,0.0,64.26,0
2024-11-18,66.01,66.01,66.01,66.01,0.0,66.01,0
2024-11-19,66.27,66.27,66.27,66.27,0.0,66.27,0
2024-11-20,65.91,65.91,65.91,65.91,0.0,65.91,0
2024-11-21,66.32,66.32,66.32,66.32,0.0,66.32,0
2024-11-22,66.93,66.93,66.93,66.93,0.0,66.93,0
2024-11-25,65.43,65.43,65.43,65.43,0.0,65.43,0
2024-11-26,65.58,65.58,65.58,65.58,0.0,65.58,0
2024-11-27,65.36,65.36,65.36,65.36,0.0,65.36,0
2024-11-28,65.36,65.36,65.36,65.36,0.0,65.36,0
2024-11-29,64.87,64.87,64.87,64.87,0.0,64.87,0
2024-12-02,64.97,64.97,64.97,64.97,0.0,64.97,0
2024-12-03,66.11,66.11,66.11,66.11,0.0,66.11,0
2024-12-04,65.03,65.03,65.03,65.03,0.0,65.03,0
2024-12-05,65.0,65.0,64.9,64.9,3.0,65.0,1
2024-12-06,64.53,64.53,64.53,64.53,0.0,64.53,0
2024-12-09,65.45,65.45,65.45,65.45,0.0,65.45,0
2024-12-10,65.46,65.46,65.46,65.46,0.0,65.46,0
2024-12-11,66.12,66.12,66.12,66.12,0.0,66.12,0
2024-12-12,66.2,66.2,66.2,66.2,0.0,66.2,0
2024-12-13,66.75,66.75,66.75,66.75,0.0,66.75,0
2024-12-16,66.41,66.41,66.41,66.41,0.0,66.41,0
2024-12-17,65.85,65.85,65.85,65.85,0.0,65.85,0
2024-12-18,65.76,65.76,65.76,65.76,0.0,65.76,0
2024-12-19,65.12,65.12,65.12,65.12,0.0,65.12,0
2024-12-20,65.21,65.21,65.21,65.21,0.0,65.21,0
2024-12-23,65.18,65.18,65.18,65.18,0.0,65.18,0
2024-12-24,65.71,65.71,65.71,65.71,0.0,65.71,0
2024-12-26,65.65,65.65,65.39,65.39,3.0,65.65,2
2024-12-27,65.77,65.77,65.77,65.77,0.0,65.77,0
2024-12-30,66.07,66.07,66.07,66.07,0.0,66.07,0
2024-12-31,66.56,66.56,66.56,66.56,0.0,66.56,0
2025-01-02,67.15,67.15,67.14,67.14,40.0,67.15,37
2025-01-03,67.42,67.42,67.42,67.42,0.0,67.42,0
2025-01-06,67.57,67.57,67.57,67.57,0.0,67.57,0
2025-01-07,67.79,67.79,67.79,67.79,0.0,67.79,0
2025-01-08,67.27,67.27,67.27,67.27,0.0,67.27,0
2025-01-09,67.42,67.42,67.42,67.42,0.0,67.42,0
2025-01-10,68.04,68.04,68.04,68.04,0.0,68.04,0
2025-01-13,67.64,67.64,67.64,67.64,0.0,67.64,0
2025-01-14,67.7,68.06,67.7,68.06,47.0,67.782,13
2025-01-15,68.57,68.57,68.57,68.57,0.0,68.57,0
2025-01-16,67.98,67.98,67.98,67.98,0.0,67.98,0
2025-01-17,67.85,67.85,67.85,67.85,0.0,67.85,0
2025-01-20,67.85,67.85,67.85,67.85,0.0,67.85,0
2025-01-21,67.79,67.79,67.79,67.79,0.0,67.79,0
2025-01-22,67.86,67.86,67.86,67.86,0.0,67.86,0
2025-01-23,67.75,67.75,67.75,67.75,0.0,67.75,0
2025-01-24,67.49,67.49,67.49,67.49,0.0,67.49,0
2025-01-27,66.57,66.57,66.57,66.57,0.0,66.57,0
2025-01-28,66.37,66.37,66.37,66.37,0.0,66.37,0
2025-01-29,65.94,65.94,65.94,65.94,0.0,65.94,0
2025-01-30,66.08,66.08,66.08,66.08,0.0,66.08,0
2025-01-31,65.93,65.93,65.93,65.93,0.0,65.93,0
2025-02-03,65.88,65.88,65.88,65.88,0.0,65.88,0
2025-02-04,66.43,66.43,66.43,66.43,0.0,66.43,0
2025-02-05,65.6,65.6,65.6,65.6,0.0,65.6,0
2025-02-06,65.77,65.77,65.77,65.77,0.0,65.77,0
2025-02-07,66.05,66.05,66.05,66.05,0.0,66.05,0
2025-02-10,66.74,66.74,66.74,66.74,0.0,66.74,0
2025-02-11,67.73,67.73,67.73,67.73,0.0,67.73,0
2025-02-12,66.64,66.64,66.64,66.64,0.0,66.64,0
2025-02-13,66.48,66.48,66.48,66.48,0.0,66.48,0
2025-02-14,66.52,66.52,66.52,66.52,0.0,66.52,0
2025-02-17,66.52,66.52,66.52,66.52,0.0,66.52,0
2025-02-18,66.91,66.91,66.91,66.91,0.0,66.91,0
2025-02-19,67.12,67.12,67.12,67.12,0.0,67.12,0
2025-02-20,67.49,67.49,67.49,67.49,0.0,67.49,0
2025-02-21,66.07,66.07,66.07,66.07,0.0,66.07,0
2025-02-24,66.14,66.14,66.13,66.13,3.0,66.14,1
2025-02-25,64.8,64.8,64.8,64.8,0.0,64.8,0
2025-02-26,64.66,64.66,64.3,64.3,13.0,64.618,12
2025-02-27,65.14,65.14,65.14,65.14,0.0,65.14,0
2025-02-28,64.55,64.55,64.55,64.55,0.0,64.55,0
2025-03-03,64.01,64.01,64.01,64.01,0.0,64.01,0
2025-03-04,63.85,63.85,63.85,63.85,0.0,63.85,0
2025-03-05,62.61,62.65,62.61,62.65,1.0,62.61,1
2025-03-06,62.53,62.53,62.53,62.53,0.0,62.53,0
2025-03-07,63.2,63.2,63.2,63.2,0.0,63.2,0
2025-03-10,63.03,63.03,62.12,62.13,7.0,62.9,7
2025-03-11,62.24,62.24,62.24,62.24,0.0,62.24,0
2025-03-12,63.27,63.4,63.27,63.4,4.0,63.305,3
2025-03-13,63.5,63.5,62.69,62.69,1.0,63.5,1
2025-03-14,63.17,63.17,63.17,63.17,0.0,63.17,0
2025-03-17,63.61,63.61,63.61,63.61,0.0,63.61,0
2025-03-18,63.41,63.41,63.41,63.41,0.0,63.41,0
2025-03-19,63.43,63.43,63.43,63.43,0.0,63.43,0
2025-03-20,64.15,64.15,64.15,64.15,0.0,64.15,0
2025-03-21,64.1,64.1,64.1,64.1,0.0,64.1,0
2025-03-24,64.54,64.54,64.54,64.54,0.0,64.54,0
2025-03-25,64.55,64.55,64.55,64.55,0.0,64.55,0
2025-03-26,64.93,64.93,64.93,64.93,0.0,64.93,0
2025-03-27,65.24,65.24,65.24,65.24,0.0,65.24,0
2025-03-28,64.5,64.5,64.5,64.5,0.0,64.5,0
2025-03-31,65.61,65.61,65.61,65.61,0.0,65.61,0
2025-04-01,65.78,65.78,65.78,65.78,0.0,65.78,0
2025-04-02,65.95,65.95,65.95,65.95,0.0,65.95,0
2025-04-03,62.66,62.66,62.66,62.66,0.0,62.66,0
2025-04-04,59.47,59.47,59.41,59.42,16.0,59.447,7
2025-04-07,59.26,59.26,59.26,59.26,0.0,59.26,0
2025-04-08,57.87,57.87,57.76,57.76,4.0,57.87,2
2025-04-09,56.8,59.78,56.8,59.62,29.0,58.984,15
2025-04-10,58.32,58.44,58.32,58.44,3.0,58.32,3
2025-04-11,58.23,58.9,58.23,58.9,1.0,58.23,1
2025-04-14,59.38,59.45,59.38,59.45,1.0,59.38,1
2025-04-15,58.97,58.97,58.97,58.97,0.0,58.97,0
2025-04-16,59.49,59.49,59.49,59.49,0.0,59.49,0
2025-04-17,61.09,61.09,61.09,61.09,0.0,61.09,0
2025-04-21,59.68,59.68,59.68,59.68,0.0,59.68,0
2025-04-22,60.72,60.72,60.72,60.72,0.0,60.72,0
2025-04-23,60.44,60.54,59.99,60.05,23.0,60.338,19
2025-04-24,60.61,60.61,60.61,60.61,0.0,60.61,0
2025-04-25,60.82,60.82,60.82,60.82,0.0,60.82,0
2025-04-28,60.28,60.28,60.28,60.28,0.0,60.28,0
2025-04-29,59.63,59.63,59.42,59.42,6.0,59.52,5
2025-04-30,57.39,57.39,57.39,57.39,0.0,57.39,0
2025-05-01,56.68,58.28,56.68,58.21,42.0,57.025,26
2025-05-02,57.94,57.94,57.94,57.94,0.0,57.94,0
2025-05-05,57.35,57.35,57.35,57.35,0.0,57.35,0
2025-05-06,58.92,58.92,58.92,58.92,0.0,58.92,0
2025-05-07,58.01,58.01,58.01,58.01,0.0,58.01,0
2025-05-08,59.19,59.22,59.19,59.22,1.0,59.19,1
2025-05-09,59.74,59.74,59.74,59.74,0.0,59.74,0
2025-05-12,60.79,60.79,60.79,60.79,0.0,60.79,0
2025-05-13,61.58,61.84,61.58,61.84,40.0,61.6,33
2025-05-14,61.33,61.33,61.33,61.33,1.0,61.33,1
2025-05-15,60.36,60.36,60.36,60.36,0.0,60.36,0
2025-05-16,60.3,60.74,60.3,60.59,4.0,60.608,4
2025-05-19,60.88,60.88,60.36,60.37,9.0,60.524,9
2025-05-20,60.63,60.63,60.63,60.63,0.0,60.63,0
2025-05-21,62.03,62.03,60.38,60.38,21.0,60.667,17
2025-05-22,60.03,60.03,60.03,60.03,0.0,60.03,0
2025-05-23,60.21,60.23,60.21,60.23,4.0,60.21,4
2025-05-27,59.78,59.78,59.78,59.78,0.0,59.78,0
2025-05-28,60.5,61.27,60.1,60.28,20.0,60.522,16
2025-05-29,59.12,59.28,59.12,59.28,2.0,59.195,2
2025-05-30,59.52,59.52,58.83,58.83,18.0,59.183,14
2025-06-02,60.15,60.15,59.95,60.01,60.0,60.135,31
2025-06-03,61.03,61.03,60.91,60.95,7.0,60.959,5
2025-06-04,60.62,60.62,60.34,60.34,10.0,60.431,7
2025-06-05,60.84,60.84,60.72,60.76,5.0,60.774,5
2025-06-06,61.32,61.38,61.32,61.38,12.0,61.345,5
2025-06-09,61.88,62.07,61.49,61.7,14.0,61.784,14
2025-06-10,61.94,61.94,61.2,61.52,18.0,61.798,8
2025-06-11,61.54,63.14,61.54,63.14,9.0,62.072,9
2025-06-12,62.82,62.82,62.82,62.82,0.0,62.82,0
2025-06-13,65.13,65.13,63.81,64.53,2.0,64.47,2
2025-06-16,64.8,65.11,64.4,64.94,38.0,64.73,29
2025-06-17,64.57,66.8,64.57,66.43,26.0,66.098,20
2025-06-18,64.95,66.3,64.95,66.27,44.0,65.257,41
2025-06-20,66.28,66.6,65.82,66.48,29.0,66.288,27
2025-06-23,67.08,67.32,63.74,64.22,61.0,65.839,42
2025-06-24,62.25,62.25,61.52,61.52,25.0,62.118,13
2025-06-25,61.88,62.0,61.05,61.11,39.0,61.608,36
2025-06-26,61.09,62.0,61.07,61.5,25.0,61.286,20
2025-06-27,61.79,61.81,61.22,61.4,35.0,61.648,27
2025-06-30,60.97,61.33,60.96,61.31,36.0,61.12,18
2025-07-01,61.36,61.67,61.13,61.5,30.0,61.375,25
2025-07-02,61.35,62.25,61.35,62.25,63.0,62.027,40
2025-07-03,61.82,62.11,61.67,62.11,14.0,61.817,10
2025-07-07,61.87,62.79,61.84,62.69,18.0,62.376,17
2025-07-08,62.54,63.4,62.54,63.26,21.0,62.93,19
2025-07-09,63.18,63.34,62.79,63.06,44.0,63.075,41
2025-07-10,63.32,63.32,62.27,62.28,14.0,62.58,14
2025-07-11,62.32,63.54,62.31,63.37,25.0,62.769,23
2025-07-14,63.73,63.73,62.77,62.98,27.0,63.029,20
2025-07-15,63.1,63.14,62.61,62.62,101.0,62.876,60
2025-07-16,62.77,62.77,62.17,62.44,133.0,62.381,118
2025-07-17,62.56,63.07,62.42,63.06,13.0,62.639,13
2025-07-18,63.22,63.65,63.09,63.12,31.0,63.297,30
2025-07-21,63.19,63.22,62.94,63.13,21.0,63.08,17
2025-07-22,62.71,62.86,62.52,62.79,38.0,62.75,31
2025-07-23,62.93,62.95,62.55,62.9,80.0,62.808,61
2025-07-24,63.32,63.35,62.8,63.24,95.0,63.278,31
2025-07-25,63.47,63.54,62.63,62.66,49.0,63.217,31
2025-07-28,63.0,64.05,62.81,63.87,122.0,63.852,81
2025-07-29,63.9,65.49,63.86,65.27,114.0,64.835,93
2025-07-30,65.27,65.66,64.76,65.4,99.0,65.342,72
2025-07-31,65.31,65.46,64.48,64.76,103.0,64.95,67
2025-08-01,64.86,64.86,62.78,62.98,103.0,63.542,62
2025-08-04,62.91,63.24,62.15,62.75,71.0,62.565,48
2025-08-05,62.71,62.75,62.02,62.04,51.0,62.348,38
2025-08-06,62.35,62.99,61.3,61.52,68.0,62.294,56
2025-08-07,61.86,62.02,61.45,61.49,57.0,61.818,46
2025-08-08,61.39,61.89,61.09,61.33,52.0,61.521,39
2025-08-11,61.03,61.76,60.88,61.61,125.0,61.469,91
2025-08-12,61.57,61.74,61.21,61.35,81.0,61.456,56
2025-08-13,61.24,61.41,60.43,61.01,104.0,61.027,74
2025-08-14,61.2,61.53,61.01,61.53,57.0,61.228,36
2025-08-15,61.61,61.61,60.93,60.97,51.0,61.177,45
2025-08-18,60.94,61.51,60.75,61.47,56.0,61.137,46
2025-08-19,61.41,61.41,60.8,60.88,65.0,61.05,50
2025-08-20,61.09,61.84,61.01,61.71,48.0,61.394,40
2025-08-21,61.82,62.31,61.73,62.31,26.0,61.925,21
2025-08-22,62.39,62.52,62.21,62.38,39.0,62.35,27
2025-08-25,62.52,63.32,62.49,63.16,17.0,62.901,17
2025-08-26,62.98,62.98,61.92,61.92,14.0,62.371,11
2025-08-27,61.77,62.3,61.68,62.27,25.0,61.944,15
2025-08-28,62.0,62.74,61.87,62.73,54.0,62.184,41
2025-08-29,62.42,62.49,62.11,62.15,58.0,62.294,44
2025-09-02,62.21,63.71,62.0,63.7,251.0,63.486,189
2025-09-03,63.66,63.74,62.52,62.66,44.0,63.118,41
2025-09-04,62.24,62.25,61.8,62.04,21.0,61.994,19
2025-09-05,61.82,61.82,60.58,60.9,33.0,61.0,31
2025-09-08,61.5,61.86,61.36,61.42,17.0,61.671,13
2025-09-09,61.88,62.41,61.75,61.75,47.0,61.944,32
2025-09-10,62.1,62.72,62.05,62.53,36.0,62.368,29
2025-09-11,62.41,62.52,61.42,61.5,49.0,61.614,38
2025-09-12,61.48,62.34,61.09,61.85,146.0,62.215,127
2025-09-15,61.8,62.44,61.71,62.27,124.0,62.231,92
2025-09-16,62.38,63.19,62.1,63.1,24.0,62.842,20
2025-09-17,62.96,63.04,62.4,62.47,72.0,62.657,70
2025-09-18,62.2,62.79,61.94,62.04,32.0,62.416,28
2025-09-19,62.1,62.1,61.21,61.29,65.0,61.631,59
2025-09-22,61.63,61.69,60.85,61.33,83.0,61.384,64
2025-09-23,61.32,62.51,61.32,62.06,128.0,62.115,116
2025-09-24,62.09,62.94,62.07,62.92,97.0,62.604,63
2025-09-25,62.91,63.18,62.44,63.02,110.0,62.864,81
2025-09-26,63.22,64.08,63.1,63.65,117.0,63.467,76
2025-09-29,63.43,63.43,61.77,62.05,86.0,62.386,67
2025-09-30,61.74,61.78,61.0,61.16,85.0,61.39,70
2025-10-01,61.38,61.45,60.47,60.79,526.0,60.862,483
2025-10-02,61.21,61.21,59.88,59.95,121.0,60.389,112
2025-10-03,60.16,60.54,60.05,60.2,244.0,60.168,143
2025-10-06,60.73,61.07,60.54,60.93,99.0,60.831,67
2025-10-07,61.08,61.2,60.36,60.77,130.0,60.65,75
2025-10-08,61.08,61.49,61.04,61.25,150.0,61.177,98
2025-10-09,60.79,61.38,60.29,60.59,410.0,60.633,374
2025-10-10,60.65,60.65,58.02,58.47,377.0,59.011,287
2025-10-13,58.73,59.48,58.73,59.17,368.0,59.155,306
2025-10-14,59.42,59.42,57.99,58.53,279.0,58.365,220
2025-10-15,58.49,58.91,58.17,58.27,98.0,58.484,63
2025-10-16,58.58,58.72,57.32,57.49,240.0,58.02,168
2025-10-17,57.31,58.01,57.04,57.92,100.0,57.515,79
2025-10-20,57.84,57.88,57.1,57.87,123.0,57.64,93
2025-10-21,57.72,58.5,57.26,57.87,882.0,57.762,809
2025-10-22,58.2,59.6,57.98,58.78,322.0,58.933,262
2025-10-23,59.57,60.51,59.36,60.0,839.0,60.058,697
2025-10-24,59.77,60.36,59.69,59.99,400.0,60.098,335
2025-10-27,60.33,60.36,59.62,60.01,155.0,60.082,131
2025-10-28,60.02,60.02,59.18,59.64,100.0,59.698,84
2025-10-29,59.79,60.17,59.55,60.0,305.0,59.945,266
2025-10-30,59.82,60.15,59.15,59.97,92.0,59.666,76
2025-10-31,59.71,60.34,59.66,60.06,309.0,60.018,252
2025-11-03,60.34,60.54,59.99,60.37,309.0,60.421,196
2025-11-04,60.26,60.33,59.66,60.18,264.0,60.202,193
2025-11-05,59.99,60.37,59.49,59.53,94.0,59.876,75
2025-11-06,59.59,60.17,59.12,59.45,295.0,59.59,278
2025-11-07,59.6,59.98,59.45,59.77,303.0,59.667,250
2025-11-10,60.18,60.18,59.6,60.11,266.0,60.044,175
2025-11-11,60.0,60.97,60.0,60.96,315.0,60.773,197
2025-11-12,60.75,60.76,58.58,58.76,231.0,59.449,188
2025-11-13,58.47,59.1,58.47,58.71,199.0,58.711,130
2025-11-14,59.01,59.88,59.01,59.65,447.0,59.51,338
2025-11-17,59.29,59.83,59.25,59.55,255.0,59.561,186
2025-11-18,59.49,60.22,59.1,60.06,811.0,59.747,702
2025-11-19,60.06,60.09,58.44,58.64,272.0,58.985,208
2025-11-20,58.89,59.32,58.11,58.38,273.0,58.624,232
2025-11-21,58.12,58.13,57.17,57.72,432.0,57.633,405
2025-11-24,57.58,58.54,57.24,58.42,592.0,57.855,542
2025-11-25,58.17,58.32,57.03,57.79,321.0,57.618,237
2025-11-26,57.8,58.41,57.58,58.36,247.0,57.968,203
2025-11-28,58.31,59.01,57.98,58.11,67.0,58.639,62
2025-12-01,58.51,59.25,58.47,58.87,363.0,58.94,257
2025-12-02,58.94,58.99,57.99,58.18,476.0,58.393,330
2025-12-03,58.18,58.98,57.96,58.35,409.0,58.563,310
2025-12-04,58.4,59.21,58.34,58.85,443.0,58.772,366
2025-12-05,58.88,59.53,58.65,59.31,645.0,59.206,469
2025-12-08,59.43,59.49,58.15,58.25,619.0,58.51,421
2025-12-09,58.25,58.54,57.84,57.93,492.0,58.012,420
2025-12-10,57.99,58.54,57.42,58.1,398.0,57.991,317
2025-12-11,57.97,57.97,56.87,57.38,624.0,57.315,354
2025-12-12,57.69,57.8,56.89,57.07,351.0,57.192,247
2025-12-15,57.13,57.4,56.29,56.8,603.0,56.843,389
2025-12-16,56.59,56.59,55.27,55.4,710.0,55.66,498
2025-12-17,55.45,56.69,55.45,55.96,1582.0,56.066,883
2025-12-18,56.67,56.74,55.9,56.03,424.0,56.113,329
2025-12-19,55.97,56.52,55.77,56.4,246.0,56.223,219
2025-12-22,56.8,57.76,56.72,57.68,1376.0,57.273,721
2025-12-23,57.59,57.99,57.47,57.9,635.0,57.768,481
2025-12-24,57.96,58.2,57.77,57.94,386.0,58.003,329
2025-12-26,58.0,58.23,56.46,56.53,547.0,57.181,415
2025-12-29,56.86,57.85,56.86,57.63,562.0,57.554,426
2025-12-30,57.4,58.0,57.31,57.55,462.0,57.693,368
2025-12-31,57.57,58.05,56.88,57.04,406.0,57.352,327
2026-01-02,57.09,57.46,56.39,57.03,914.0,56.937,742
2026-01-05,57.05,57.88,56.1,57.8,944.0,57.358,705
2026-01-06,57.64,58.09,56.47,56.7,999.0,57.2,690
2026-01-07,56.64,56.79,55.7,55.87,1303.0,56.093,817
2026-01-08,56.06,58.24,55.81,57.49,1760.0,57.071,1063
2026-01-09,57.95,59.08,57.39,58.55,3634.0,58.587,2159
2026-01-12,58.67,59.13,58.0,58.87,3466.0,58.452,2523
2026-01-13,59.02,60.22,58.8,60.11,2403.0,59.805,1487
2026-01-14,59.99,61.25,58.73,61.02,3213.0,60.392,1961
2026-01-15,60.1,60.22,58.34,58.6,2061.0,58.753,1425
2026-01-16,58.57,59.42,58.39,58.85,954.0,59.101,624
2026-01-20,58.61,59.62,58.1,59.57,1954.0,59.21,1213
2026-01-21,59.07,60.12,58.69,59.98,1574.0,59.725,1215
2026-01-22,59.8,60.07,58.6,58.9,1132.0,59.11,840
2026-01-23,59.1,60.53,59.06,60.26,1303.0,60.188,907
2026-01-26,59.97,60.85,59.83,60.08,1289.0,60.151,949
2026-01-27,60.16,61.55,59.67,61.4,1546.0,60.887,1085
2026-01-28,61.51,62.22,61.12,62.02,2180.0,61.815,1415
2026-01-29,62.08,64.54,61.94,63.78,4078.0,63.585,2805
2026-01-30,63.7,64.21,62.25,63.55,2573.0,63.463,1992
2026-02-02,62.73,62.74,60.13,60.68,2302.0,60.779,1684
2026-02-03,60.61,62.61,59.84,61.84,1322.0,61.404,1057
2026-02-04,62.26,63.93,61.57,63.59,2314.0,62.838,1775
2026-02-05,62.72,63.18,61.52,62.14,1988.0,62.169,1550
2026-02-06,61.97,63.2,61.28,62.64,2442.0,62.469,1867
2026-02-09,62.12,63.83,61.85,63.54,2045.0,63.093,1614
2026-02-10,63.68,63.77,62.97,63.2,1242.0,63.366,899
2026-02-11,63.43,64.73,63.43,63.78,2760.0,64.164,1871
2026-02-12,64.12,64.15,61.64,62.04,2625.0,62.377,1927
2026-02-13,62.11,62.41,61.5,62.1,2201.0,62.036,1592
2026-02-17,62.33,63.24,61.22,61.72,2715.0,62.014,2191
2026-02-18,61.69,64.45,61.59,64.18,5079.0,63.578,3748
2026-02-19,64.25,65.8,64.08,65.45,4875.0,65.228,3681
2026-02-20,65.56,65.96,64.93,65.44,3314.0,65.343,2332
2026-02-23,64.77,66.22,64.63,65.45,4296.0,65.576,3266
2026-02-24,65.44,66.27,64.98,65.07,3304.0,65.507,1990
2026-02-25,65.41,65.9,64.63,64.92,3289.0,65.157,2248
2026-02-26,65.11,65.88,63.26,64.59,7746.0,64.705,5346
2026-02-27,64.81,66.84,64.22,66.18,6440.0,65.908,4183
2026-03-02,71.46,73.25,67.76,68.93,16624.0,69.453,12778
2026-03-03,68.95,73.24,68.28,70.49,17490.0,71.351,12612
2026-03-04,70.64,72.22,69.14,70.41,11078.0,70.519,8844
2026-03-05,71.22,73.68,70.56,73.18,14819.0,72.388,10635
2026-03-06,72.4,78.64,71.5,77.94,29401.0,75.96,21835
2026-03-09,80.0,96.05,72.58,82.25,28905.0,85.397,24352
2026-03-10,77.0,80.25,71.64,76.93,17224.0,76.807,14450
2026-03-11,79.49,81.95,75.95,81.04,10041.0,79.158,8250
2026-03-12,82.03,88.25,82.0,86.97,12429.0,85.63,10126
2026-03-13,88.18,88.94,84.65,88.55,8378.0,87.069,6840
2026-03-16,90.0,90.45,84.54,84.99,9590.0,86.825,7330
2026-03-17,85.8,89.22,85.46,87.8,7775.0,87.434,6162
2026-03-18,87.61,92.32,84.83,89.08,16640.0,88.922,13537
2026-03-19,90.81,93.34,86.76,89.97,19773.0,90.188,16846
2026-03-20,88.67,91.5,86.57,90.8,30995.0,89.698,25675
2026-03-23,92.07,93.91,78.88,82.49,39322.0,85.873,33433
2026-03-24,83.51,87.35,81.75,86.78,19626.0,85.696,16426
2026-03-25,83.35,86.02,81.57,85.06,17054.0,83.691,14261
2026-03-26,85.35,88.5,83.61,88.0,11900.0,87.256,9991
2026-03-27,87.56,90.83,85.88,89.53,16513.0,89.385,13691
2026-03-30,91.66,92.36,89.0,90.51,13786.0,90.82,11143
2026-03-31,92.24,93.62,85.75,86.53,23860.0,89.175,19533
2026-04-01,87.06,88.11,82.63,84.21,15215.0,84.511,11880
2026-04-02,83.5,89.88,82.55,89.39,25355.0,88.166,21177
2026-04-06,89.72,91.55,87.28,90.24,14354.0,89.388,11957
2026-04-07,90.4,92.07,87.7,90.85,22821.0,90.8,18935
2026-04-08,86.28,87.89,79.59,83.89,32469.0,82.386,27231
2026-04-09,85.21,87.12,83.63,84.79,29318.0,85.449,24994
2026-04-10,85.37,86.48,84.06,84.93,24006.0,85.265,19694
2026-04-13,88.0,90.5,86.58,88.16,32387.0,88.721,26221
2026-04-14,87.17,88.03,84.55,84.91,32216.0,85.969,26209
2026-04-15,85.54,86.88,82.23,85.21,23741.0,85.495,19920
2026-04-16,84.94,87.52,84.44,86.98,22621.0,86.416,18105
2026-04-17,86.75,86.75,77.22,80.22,64153.0,80.32,50205
2026-04-20,84.86,85.83,82.46,83.94,37124.0,83.907,28933
2026-04-21,82.56,88.31,82.52,85.99,49140.0,85.281,36444
2026-04-22,86.03,89.0,84.28,88.38,34143.0,87.215,25740
2026-04-23,88.19,92.94,87.59,90.82,46608.0,90.051,35527
2026-04-24,90.95,92.47,88.05,89.58,37910.0,90.051,28816
2026-04-27,90.65,92.56,89.69,91.45,34279.0,91.326,25131
2026-04-28,91.75,95.96,91.38,94.55,41142.0,94.217,30757
2026-04-29,94.4,101.71,93.3,100.11,48949.0,98.661,35999
2026-04-30,102.0,103.78,97.14,99.14,54875.0,99.501,42383
2026-05-01,99.14,100.81,94.28,96.54,41741.0,97.208,31681
2026-05-04,94.78,101.8,94.34,101.51,68085.0,99.125,50556
2026-05-05,100.52,100.92,97.33,98.07,42747.0,98.66,32052
2026-05-06,98.24,98.38,86.13,91.23,76552.0,91.732,57251
2026-05-07,91.85,93.87,86.76,91.07,92657.0,90.253,67609
2026-05-08,94.0,94.52,90.25,91.79,48025.0,91.614,36578
2026-05-11,94.53,96.31,92.84,94.74,69444.0,94.582,47162
2026-05-12,95.13,98.97,94.68,98.51,61571.0,97.795,43314
2026-05-13,98.38,99.09,96.49,96.81,69551.0,97.833,47351
2026-05-14,97.04,98.13,95.12,96.92,69839.0,96.783,50615
2026-05-15,97.71,101.57,97.23,101.02,120849.0,100.019,77279
2026-05-18,101.74,105.21,98.6,104.38,221261.0,102.075,135107
2026-05-19,102.58,104.86,102.12,104.15,139569.0,103.583,88507
2026-05-20,104.12,104.45,96.94,98.26,230916.0,100.204,143072
2026-05-21,98.95,102.66,95.76,96.35,260506.0,99.321,159898
2026-05-22,98.0,99.43,94.73,96.6,183393.0,97.061,117207
2026-05-26,93.88,94.7,89.41,93.89,258127.0,92.44,166273
2026-05-27,93.39,93.69,87.77,88.68,201001.0,90.042,121735
2026-05-28,89.11,92.52,87.11,88.9,161331.0,90.021,104811
2026-05-29,88.55,89.02,86.35,87.36,177675.0,87.562,110601
2026-06-01,88.5,94.78,88.45,92.16,220289.0,92.164,133507
2026-06-02,92.45,94.0,90.12,93.76,144318.0,92.205,91945
2026-06-03,93.45,97.0,93.45,96.02,166274.0,95.635,104198
2026-06-04,95.75,95.91,91.91,93.04,139435.0,93.447,90680
2026-06-05,92.82,93.63,89.68,90.54,142549.0,91.455,91465
2026-06-08,93.0,95.47,90.39,91.3,163994.0,92.674,104861
2026-06-09,91.28,91.55,85.95,88.2,191206.0,88.398,118470
2026-06-10,89.4,91.87,87.39,90.03,173615.0,89.822,108203
2026-06-11,92.25,93.64,85.74,87.71,217473.0,89.454,136919
2026-06-12,86.64,87.23,83.2,84.88,158553.0,85.176,101824
2026-06-15,81.4,82.42,79.7,80.75,128065.0,80.536,80172
2026-06-16,81.1,81.58,75.52,76.05,120003.0,77.489,73473
2026-06-17,76.59,80.03,74.59,76.79,40265.0,76.677,27894
2026-06-18,75.53,76.99,73.58,76.6,18019.0,75.177,11593
2026-06-22,76.49,78.96,74.45,74.82,8189.0,75.214,4415
2026-06-23,74.82,74.82,74.82,74.82,0.0,74.82,0
