date,open,high,low,close,volume,average,barCount
2018-01-24,54.44,54.44,54.44,54.44,0.0,54.44,0
2018-01-25,54.62,54.62,54.62,54.62,0.0,54.62,0
2018-01-26,54.51,54.51,54.51,54.51,0.0,54.51,0
2018-01-29,54.14,54.14,54.14,54.14,0.0,54.14,0
2018-01-30,53.52,53.52,53.52,53.52,0.0,53.52,0
2018-01-31,53.33,53.33,53.33,53.33,0.0,53.33,0
2018-02-01,53.32,53.32,53.32,53.32,0.0,53.32,0
2018-02-02,52.36,52.36,52.36,52.36,0.0,52.36,0
2018-02-05,52.02,52.02,52.02,52.02,0.0,52.02,0
2018-02-06,51.77,51.77,51.77,51.77,0.0,51.77,0
2018-02-07,51.14,51.14,51.14,51.14,0.0,51.14,0
2018-02-08,51.17,51.17,51.17,51.17,0.0,51.17,0
2018-02-09,50.63,50.63,50.63,50.63,0.0,50.63,0
2018-02-12,50.86,50.86,50.86,50.86,0.0,50.86,0
2018-02-13,51.55,51.55,51.55,51.55,0.0,51.55,0
2018-02-14,51.52,51.52,51.52,51.52,0.0,51.52,0
2018-02-15,51.48,51.48,51.48,51.48,0.0,51.48,0
2018-02-16,51.77,51.77,51.77,51.77,0.0,51.77,0
2018-02-20,52.37,52.37,52.37,52.37,0.0,52.37,0
2018-02-21,52.41,52.41,52.41,52.41,0.0,52.41,0
2018-02-22,52.55,52.55,52.55,52.55,0.0,52.55,0
2018-02-23,53.34,53.34,53.34,53.34,0.0,53.34,0
2018-02-26,53.95,53.95,53.95,53.95,0.0,53.95,0
2018-02-27,53.55,53.55,53.55,53.55,0.0,53.55,0
2018-02-28,52.01,52.01,52.01,52.01,0.0,52.01,0
2018-03-01,51.7,51.7,51.7,51.7,0.0,51.7,0
2018-03-02,51.73,51.73,51.73,51.73,0.0,51.73,0
2018-03-05,52.42,52.42,52.42,52.42,0.0,52.42,0
2018-03-06,52.49,52.49,52.49,52.49,0.0,52.49,0
2018-03-07,51.89,51.89,51.89,51.89,0.0,51.89,0
2018-03-08,51.9,51.9,51.9,51.9,0.0,51.9,0
2018-03-09,52.87,52.87,52.87,52.87,0.0,52.87,0
2018-03-12,52.77,52.77,52.77,52.77,0.0,52.77,0
2018-03-13,52.66,52.66,52.66,52.66,0.0,52.66,0
2018-03-14,52.8,52.8,52.8,52.8,0.0,52.8,0
2018-03-15,52.59,52.59,52.59,52.59,0.0,52.59,0
2018-03-16,52.57,52.57,52.57,52.57,0.0,52.57,0
2018-03-19,52.16,52.16,52.16,52.16,0.0,52.16,0
2018-03-20,52.32,52.32,52.32,52.32,0.0,52.32,0
2018-03-21,53.03,53.03,53.03,53.03,0.0,53.03,0
2018-03-22,52.58,52.58,52.58,52.58,0.0,52.58,0
2018-03-23,52.99,52.99,52.99,52.99,0.0,52.99,0
2018-03-26,52.8,52.8,52.8,52.8,0.0,52.8,0
2018-03-27,52.8,52.8,52.8,52.8,0.0,52.8,0
2018-03-28,52.78,52.78,52.78,52.78,0.0,52.78,0
2018-03-29,52.56,52.56,52.56,52.56,0.0,52.56,0
2018-04-02,51.62,51.62,51.62,51.62,0.0,51.62,0
2018-04-03,52.0,52.0,52.0,52.0,0.0,52.0,0
2018-04-04,51.96,51.96,51.96,51.96,0.0,51.96,0
2018-04-05,52.17,52.17,52.17,52.17,0.0,52.17,0
2018-04-06,51.47,51.47,51.47,51.47,0.0,51.47,0
2018-04-09,51.62,51.62,51.62,51.62,0.0,51.62,0
2018-04-10,51.91,51.91,51.91,51.91,0.0,51.91,0
2018-04-11,52.21,52.21,52.21,52.21,0.0,52.21,0
2018-04-12,51.88,51.88,51.88,51.88,0.0,51.88,0
2018-04-13,51.81,51.81,51.81,51.81,0.0,51.81,0
2018-04-16,51.78,51.78,51.78,51.78,0.0,51.78,0
2018-04-17,51.73,51.73,51.73,51.73,0.0,51.73,0
2018-04-18,51.64,51.64,51.64,51.64,0.0,51.64,0
2018-04-19,51.82,51.82,51.82,51.82,0.0,51.82,0
2018-04-20,51.76,51.76,51.76,51.76,0.0,51.76,0
2018-04-23,52.09,52.09,52.09,52.09,0.0,52.09,0
2018-04-24,51.65,51.65,51.65,51.65,0.0,51.65,0
2018-04-25,51.54,51.54,51.54,51.54,0.0,51.54,0
2018-04-26,51.57,51.57,51.57,51.57,0.0,51.57,0
2018-04-27,51.23,51.23,51.23,51.23,0.0,51.23,0
2018-04-30,51.39,51.39,51.39,51.39,0.0,51.39,0
2018-05-01,51.1,51.1,51.1,51.1,0.0,51.1,0
2018-05-02,51.05,51.05,51.05,51.05,0.0,51.05,0
2018-05-03,51.5,51.5,51.5,51.5,0.0,51.5,0
2018-05-04,52.17,52.17,52.17,52.17,0.0,52.17,0
2018-05-07,52.5,52.5,52.5,52.5,0.0,52.5,0
2018-05-08,52.04,52.04,52.04,52.04,0.0,52.04,0
2018-05-09,52.85,52.85,52.85,52.85,0.0,52.85,0
2018-05-10,53.2,53.2,53.2,53.2,0.0,53.2,0
2018-05-11,53.39,53.39,53.39,53.39,0.0,53.39,0
2018-05-14,53.72,53.72,53.72,53.72,0.0,53.72,0
2018-05-15,54.15,54.15,54.15,54.15,0.0,54.15,0
2018-05-16,54.03,54.03,54.03,54.03,0.0,54.03,0
2018-05-17,54.65,54.65,54.65,54.65,0.0,54.65,0
2018-05-18,54.62,54.62,54.62,54.62,0.0,54.62,0
2018-05-21,55.0,55.0,55.0,55.0,0.0,55.0,0
2018-05-22,54.73,54.73,54.73,54.73,0.0,54.73,0
2018-05-23,53.87,53.87,53.87,53.87,0.0,53.87,0
2018-05-24,53.69,53.69,53.69,53.69,0.0,53.69,0
2018-05-25,52.73,52.73,52.73,52.73,0.0,52.73,0
2018-05-29,52.75,52.75,52.75,52.75,0.0,52.75,0
2018-05-30,53.05,53.05,53.05,53.05,0.0,53.05,0
2018-05-31,53.13,53.13,53.13,53.13,0.0,53.13,0
2018-06-01,54.33,54.33,54.33,54.33,0.0,54.33,0
2018-06-04,53.87,53.87,53.87,53.87,0.0,53.87,0
2018-06-05,53.95,53.95,53.95,53.95,0.0,53.95,0
2018-06-06,53.54,53.54,53.54,53.54,0.0,53.54,0
2018-06-07,53.97,53.97,53.97,53.97,0.0,53.97,0
2018-06-08,54.3,54.3,54.3,54.3,0.0,54.3,0
2018-06-11,54.55,54.55,54.55,54.55,0.0,54.55,0
2018-06-12,54.35,54.35,54.35,54.35,0.0,54.35,0
2018-06-13,55.41,55.41,55.41,55.41,0.0,55.41,0
2018-06-14,53.62,53.62,53.62,53.62,0.0,53.62,0
2018-06-15,52.27,52.27,52.27,52.27,0.0,52.27,0
2018-06-18,53.06,53.06,53.06,53.06,0.0,53.06,0
2018-06-19,52.76,52.76,52.76,52.76,0.0,52.76,0
2018-06-20,52.72,52.72,52.72,52.72,0.0,52.72,0
2018-06-21,52.53,52.53,52.53,52.53,0.0,52.53,0
2018-06-22,53.64,53.64,53.64,53.64,0.0,53.64,0
2018-06-25,53.73,53.73,53.73,53.73,0.0,53.73,0
2018-06-26,54.61,54.61,54.61,54.61,0.0,54.61,0
2018-06-27,54.62,54.62,54.62,54.62,0.0,54.62,0
2018-06-28,54.07,54.07,54.07,54.07,0.0,54.07,0
2018-06-29,53.61,53.61,53.61,53.61,0.0,53.61,0
2018-07-02,53.48,53.48,53.48,53.48,0.0,53.48,0
2018-07-03,53.3,53.3,53.3,53.3,0.0,53.3,0
2018-07-05,53.84,53.84,53.84,53.84,0.0,53.84,0
2018-07-06,54.13,54.13,54.13,54.13,0.0,54.13,0
2018-07-09,54.19,54.19,54.19,54.19,0.0,54.19,0
2018-07-10,54.06,54.06,54.06,54.06,0.0,54.06,0
2018-07-11,53.24,53.24,53.24,53.24,0.0,53.24,0
2018-07-12,53.99,53.99,53.99,53.99,0.0,53.99,0
2018-07-13,53.57,53.57,53.57,53.57,0.0,53.57,0
2018-07-16,52.11,52.11,52.11,52.11,0.0,52.11,0
2018-07-17,52.47,52.47,52.47,52.47,0.0,52.47,0
2018-07-18,53.13,53.13,53.13,53.13,0.0,53.13,0
2018-07-19,53.22,53.22,53.22,53.22,0.0,53.22,0
2018-07-20,53.32,53.32,53.32,53.32,0.0,53.32,0
2018-07-23,54.3,54.3,54.3,54.3,0.0,54.3,0
2018-07-24,54.92,54.92,54.92,54.92,0.0,54.92,0
2018-07-25,55.22,55.22,55.22,55.22,0.0,55.22,0
2018-07-26,55.49,55.49,55.49,55.49,0.0,55.49,0
2018-07-27,55.01,55.01,55.01,55.01,0.0,55.01,0
2018-07-30,54.87,54.87,54.87,54.87,0.0,54.87,0
2018-07-31,54.58,54.58,54.58,54.58,0.0,54.58,0
2018-08-01,53.9,53.9,53.9,53.9,0.0,53.9,0
2018-08-02,54.29,54.29,54.29,54.29,0.0,54.29,0
2018-08-03,54.49,54.49,54.49,54.49,0.0,54.49,0
2018-08-06,54.85,54.85,54.85,54.85,0.0,54.85,0
2018-08-07,55.43,55.43,55.43,55.43,0.0,55.43,0
2018-08-08,54.32,54.32,54.32,54.32,0.0,54.32,0
2018-08-09,54.63,54.63,54.63,54.63,0.0,54.63,0
2018-08-10,54.51,54.51,54.51,54.51,0.0,54.51,0
2018-08-13,54.43,54.43,54.43,54.43,0.0,54.43,0
2018-08-14,54.98,54.98,54.98,54.98,0.0,54.98,0
2018-08-15,54.58,54.58,54.58,54.58,0.0,54.58,0
2018-08-16,54.88,54.88,54.88,54.88,0.0,54.88,0
2018-08-17,55.16,55.16,55.16,55.16,0.0,55.16,0
2018-08-20,55.02,55.02,55.02,55.02,0.0,55.02,0
2018-08-21,54.85,54.85,54.85,54.85,0.0,54.85,0
2018-08-22,55.74,55.74,55.74,55.74,0.0,55.74,0
2018-08-23,55.83,55.83,55.83,55.83,0.0,55.83,0
2018-08-24,56.16,56.16,56.16,56.16,0.0,56.16,0
2018-08-27,56.3,56.3,56.3,56.3,0.0,56.3,0
2018-08-28,56.21,56.21,56.21,56.21,0.0,56.21,0
2018-08-29,56.29,56.29,56.29,56.29,0.0,56.29,0
2018-08-30,56.13,56.13,56.13,56.13,0.0,56.13,0
2018-08-31,55.69,55.69,55.69,55.69,0.0,55.69,0
2018-09-04,55.81,55.81,55.81,55.81,0.0,55.81,0
2018-09-05,55.36,55.36,55.36,55.36,0.0,55.36,0
2018-09-06,54.94,54.94,54.94,54.94,0.0,54.94,0
2018-09-07,54.94,54.94,54.94,54.94,0.0,54.94,0
2018-09-10,55.0,55.0,55.0,55.0,0.0,55.0,0
2018-09-11,55.63,55.63,55.63,55.63,0.0,55.63,0
2018-09-12,56.28,56.28,56.28,56.28,0.0,56.28,0
2018-09-13,55.61,55.61,55.61,55.61,0.0,55.61,0
2018-09-14,56.04,56.04,56.04,56.04,0.0,56.04,0
2018-09-17,56.35,56.35,56.35,56.35,0.0,56.35,0
2018-09-18,56.26,56.26,56.26,56.26,0.0,56.26,0
2018-09-19,56.35,56.35,56.35,56.35,0.0,56.35,0
2018-09-20,56.15,56.15,56.15,56.15,0.0,56.15,0
2018-09-21,56.13,56.13,56.13,56.13,0.0,56.13,0
2018-09-24,56.59,56.59,56.59,56.59,0.0,56.59,0
2018-09-25,57.06,57.06,57.06,57.06,0.0,57.06,0
2018-09-26,56.77,56.77,56.77,56.77,0.0,56.77,0
2018-09-27,57.09,57.09,57.09,57.09,0.0,57.09,0
2018-09-28,57.39,57.39,57.39,57.39,0.0,57.39,0
2018-10-01,58.36,58.36,58.36,58.36,0.0,58.36,0
2018-10-02,58.39,58.39,58.39,58.39,0.0,58.39,0
2018-10-03,59.63,59.63,59.63,59.63,0.0,59.63,0
2018-10-04,58.33,58.33,58.33,58.33,0.0,58.33,0
2018-10-05,58.66,58.66,58.66,58.66,0.0,58.66,0
2018-10-08,58.62,58.62,58.62,58.62,0.0,58.62,0
2018-10-09,59.15,59.15,59.15,59.15,0.0,59.15,0
2018-10-10,57.64,57.64,57.64,57.64,0.0,57.64,0
2018-10-11,56.35,56.35,56.35,56.35,0.0,56.35,0
2018-10-12,56.64,56.64,56.64,56.64,0.0,56.64,0
2018-10-15,55.74,55.74,55.74,55.74,0.0,55.74,0
2018-10-16,55.76,55.76,55.76,55.76,0.0,55.76,0
2018-10-17,55.2,55.2,55.2,55.2,0.0,55.2,0
2018-10-18,55.04,55.04,55.04,55.04,0.0,55.04,0
2018-10-19,55.33,55.33,55.33,55.33,0.0,55.33,0
2018-10-22,56.59,56.59,56.59,56.59,0.0,56.59,0
2018-10-23,56.06,56.06,56.06,56.06,0.0,56.06,0
2018-10-24,55.73,55.73,55.73,55.73,0.0,55.73,0
2018-10-25,55.6,55.6,55.6,55.6,0.0,55.6,0
2018-10-26,56.02,56.02,56.02,56.02,0.0,56.02,0
2018-10-29,56.26,56.26,56.26,56.26,0.0,56.26,0
2018-10-30,55.2,55.2,55.2,55.2,0.0,55.2,0
2018-10-31,54.82,54.82,54.82,54.82,0.0,54.82,0
2018-11-01,53.54,53.54,53.54,53.54,0.0,53.54,0
2018-11-02,53.72,53.72,53.72,53.72,0.0,53.72,0
2018-11-05,54.3,54.3,54.3,54.3,0.0,54.3,0
2018-11-06,54.99,54.99,54.99,54.99,0.0,54.99,0
2018-11-07,57.9,57.9,57.9,57.9,0.0,57.9,0
2018-11-08,57.67,57.67,57.67,57.67,0.0,57.67,0
2018-11-09,57.45,57.45,57.45,57.45,0.0,57.45,0
2018-11-12,57.32,57.32,57.32,57.32,0.0,57.32,0
2018-11-13,56.06,56.06,56.06,56.06,0.0,56.06,0
2018-11-14,56.52,56.52,56.52,56.52,0.0,56.52,0
2018-11-15,55.15,55.15,55.15,55.15,0.0,55.15,0
2018-11-16,54.83,54.83,54.83,54.83,0.0,54.83,0
2018-11-19,55.32,55.32,55.32,55.32,0.0,55.32,0
2018-11-20,52.88,52.88,52.88,52.88,0.0,52.88,0
2018-11-21,53.37,53.37,53.37,53.37,0.0,53.37,0
2018-11-23,52.05,52.05,52.05,52.05,0.0,52.05,0
2018-11-26,52.69,52.69,52.69,52.69,0.0,52.69,0
2018-11-27,53.48,53.48,53.48,53.48,0.0,53.48,0
2018-11-28,53.65,53.65,53.65,53.65,0.0,53.65,0
2018-11-29,53.87,53.87,53.87,53.87,0.0,53.87,0
2018-11-30,52.31,52.31,52.31,52.31,0.0,52.31,0
2018-12-03,53.57,53.57,53.57,53.57,0.0,53.57,0
2018-12-04,53.71,53.71,53.71,53.71,0.0,53.71,0
2018-12-05,53.4,53.4,53.4,53.4,0.0,53.4,0
2018-12-06,52.81,52.81,52.81,52.81,0.0,52.81,0
2018-12-07,52.31,52.31,52.31,52.31,0.0,52.31,0
2018-12-10,51.32,51.32,51.32,51.32,0.0,51.32,0
2018-12-11,51.4,51.4,51.4,51.4,0.0,51.4,0
2018-12-12,51.55,51.55,51.55,51.55,0.0,51.55,0
2018-12-13,52.23,52.23,52.23,52.23,0.0,52.23,0
2018-12-14,51.77,51.77,51.77,51.77,0.0,51.77,0
2018-12-17,51.94,51.94,51.94,51.94,0.0,51.94,0
2018-12-18,50.57,50.57,50.57,50.57,0.0,50.57,0
2018-12-19,51.53,51.53,51.53,51.53,0.0,51.53,0
2018-12-20,51.1,51.1,51.1,51.1,0.0,51.1,0
2018-12-21,51.42,51.42,51.42,51.42,0.0,51.42,0
2018-12-24,50.89,50.89,50.89,50.89,0.0,50.89,0
2018-12-26,53.77,53.77,53.77,53.77,0.0,53.77,0
2018-12-27,52.21,52.21,52.21,52.21,0.0,52.21,0
2018-12-28,52.15,52.15,52.15,52.15,0.0,52.15,0
2018-12-31,53.18,53.18,53.18,53.18,0.0,53.18,0
2019-01-02,54.0,54.0,54.0,54.0,0.0,54.0,0
2019-01-03,54.24,54.24,54.24,54.24,0.0,54.24,0
2019-01-04,54.41,54.41,54.41,54.41,0.0,54.41,0
2019-01-07,54.14,54.14,54.14,54.14,0.0,54.14,0
2019-01-08,55.05,55.05,55.05,55.05,0.0,55.05,0
2019-01-09,55.95,55.95,55.95,55.95,0.0,55.95,0
2019-01-10,55.52,55.52,55.52,55.52,0.0,55.52,0
2019-01-11,54.63,54.63,54.63,54.63,0.0,54.63,0
2019-01-14,54.14,54.14,54.14,54.14,0.0,54.14,0
2019-01-15,54.66,54.66,54.66,54.66,0.0,54.66,0
2019-01-16,54.99,54.99,54.99,54.99,0.0,54.99,0
2019-01-17,54.2,54.2,54.2,54.2,0.0,54.2,0
2019-01-18,53.39,53.39,53.39,53.39,0.0,53.39,0
2019-01-22,53.89,53.89,53.89,53.89,0.0,53.89,0
2019-01-23,53.87,53.87,53.87,53.87,0.0,53.87,0
2019-01-24,54.0,54.0,54.0,54.0,0.0,54.0,0
2019-01-25,54.08,54.08,54.08,54.08,0.0,54.08,0
2019-01-28,53.94,53.94,53.94,53.94,0.0,53.94,0
2019-01-29,54.28,54.28,54.28,54.28,0.0,54.28,0
2019-01-30,53.92,53.92,53.92,53.92,0.0,53.92,0
2019-01-31,53.35,53.35,53.35,53.35,0.0,53.35,0
2019-02-01,54.56,54.56,54.56,54.56,0.0,54.56,0
2019-02-04,54.36,54.36,54.36,54.36,0.0,54.36,0
2019-02-05,53.97,53.97,53.97,53.97,0.0,53.97,0
2019-02-06,53.65,53.65,53.65,53.65,0.0,53.65,0
2019-02-07,53.17,53.17,53.17,53.17,0.0,53.17,0
2019-02-08,53.12,53.12,53.12,53.12,0.0,53.12,0
2019-02-11,53.29,53.29,53.29,53.29,0.0,53.29,0
2019-02-12,53.43,53.43,53.43,53.43,0.0,53.43,0
2019-02-13,53.97,53.97,53.97,53.97,0.0,53.97,0
2019-02-14,53.97,53.97,53.97,53.97,0.0,53.97,0
2019-02-15,54.26,54.26,54.26,54.26,0.0,54.26,0
2019-02-19,54.73,54.73,54.73,54.73,0.0,54.73,0
2019-02-20,54.64,54.64,54.64,54.64,0.0,54.64,0
2019-02-21,54.62,54.62,54.62,54.62,0.0,54.62,0
2019-02-22,54.34,54.34,54.34,54.34,0.0,54.34,0
2019-02-25,53.78,53.78,53.78,53.78,0.0,53.78,0
2019-02-26,53.9,53.9,53.9,53.9,0.0,53.9,0
2019-02-27,54.24,54.24,54.24,54.24,0.0,54.24,0
2019-02-28,54.27,54.27,54.27,54.27,0.0,54.27,0
2019-03-01,53.59,53.59,53.59,53.59,0.0,53.59,0
2019-03-04,54.43,54.43,54.43,54.43,0.0,54.43,0
2019-03-05,54.38,54.38,54.38,54.38,0.0,54.38,0
2019-03-06,54.39,54.39,54.39,54.39,0.0,54.39,0
2019-03-07,54.37,54.37,54.37,54.37,0.0,54.37,0
2019-03-08,54.09,54.09,54.09,54.09,0.0,54.09,0
2019-03-11,54.13,54.13,54.13,54.13,0.0,54.13,0
2019-03-12,54.25,54.25,54.25,54.25,0.0,54.25,0
2019-03-13,54.58,54.58,54.58,54.58,0.0,54.58,0
2019-03-14,54.39,54.39,54.39,54.39,0.0,54.39,0
2019-03-15,54.57,54.57,54.57,54.57,0.0,54.57,0
2019-03-18,54.74,54.74,54.74,54.74,0.0,54.74,0
2019-03-19,54.68,54.68,54.68,54.68,0.0,54.68,0
2019-03-20,54.55,54.55,54.55,54.55,0.0,54.55,0
2019-03-21,54.26,54.26,54.26,54.26,0.0,54.26,0
2019-03-22,53.91,53.91,53.91,53.91,0.0,53.91,0
2019-03-25,53.98,53.98,53.98,53.98,0.0,53.98,0
2019-03-26,53.76,53.76,53.76,53.76,0.0,53.76,0
2019-03-27,53.55,53.55,53.55,53.55,0.0,53.55,0
2019-03-28,53.8,53.8,53.8,53.8,0.0,53.8,0
2019-03-29,53.68,53.68,53.68,53.68,0.0,53.68,0
2019-04-01,53.45,53.45,53.45,53.45,0.0,53.45,0
2019-04-02,53.19,53.19,53.19,53.19,0.0,53.19,0
2019-04-03,53.48,53.48,53.48,53.48,0.0,53.48,0
2019-04-04,53.49,53.49,53.49,53.49,0.0,53.49,0
2019-04-05,53.65,53.65,53.65,53.65,0.0,53.65,0
2019-04-08,53.57,53.57,53.57,53.57,0.0,53.57,0
2019-04-09,53.93,53.93,53.93,53.93,0.0,53.93,0
2019-04-10,53.86,53.86,53.86,53.86,0.0,53.86,0
2019-04-11,53.87,53.87,53.87,53.87,0.0,53.87,0
2019-04-12,54.39,54.39,54.39,54.39,0.0,54.39,0
2019-04-15,54.89,54.89,54.89,54.89,0.0,54.89,0
2019-04-16,54.83,54.83,54.83,54.83,0.0,54.83,0
2019-04-17,54.54,54.54,54.54,54.54,0.0,54.54,0
2019-04-18,54.36,54.36,54.36,54.36,0.0,54.36,0
2019-04-22,54.43,54.43,54.43,54.43,0.0,54.43,0
2019-04-23,54.56,54.56,54.56,54.56,0.0,54.56,0
2019-04-24,54.58,54.58,54.58,54.58,0.0,54.58,0
2019-04-25,54.31,54.31,54.31,54.31,0.0,54.31,0
2019-04-26,54.16,54.16,54.16,54.16,0.0,54.16,0
2019-04-29,54.1,54.1,54.1,54.1,0.0,54.1,0
2019-04-30,54.18,54.18,54.18,54.18,0.0,54.18,0
2019-05-01,54.46,54.46,54.46,54.46,0.0,54.46,0
2019-05-02,53.58,53.58,53.58,53.58,0.0,53.58,0
2019-05-03,53.51,53.51,53.51,53.51,0.0,53.51,0
2019-05-06,53.93,53.93,53.93,53.93,0.0,53.93,0
2019-05-07,53.15,53.15,53.15,53.15,0.0,53.15,0
2019-05-08,53.78,53.78,53.78,53.78,0.0,53.78,0
2019-05-09,53.55,53.55,53.55,53.55,0.0,53.55,0
2019-05-10,53.42,53.42,53.42,53.42,0.0,53.42,0
2019-05-13,53.09,53.09,53.09,53.09,0.0,53.09,0
2019-05-14,53.37,53.37,53.37,53.37,0.0,53.37,0
2019-05-15,53.53,53.53,53.53,53.53,0.0,53.53,0
2019-05-16,53.43,53.43,53.43,53.43,0.0,53.43,0
2019-05-17,53.1,53.1,53.1,53.1,0.0,53.1,0
2019-05-20,53.69,53.69,53.69,53.69,0.0,53.69,0
2019-05-21,53.81,53.81,53.81,53.81,0.0,53.81,0
2019-05-22,53.35,53.35,53.35,53.35,0.0,53.35,0
2019-05-23,52.5,52.5,52.5,52.5,0.0,52.5,0
2019-05-24,53.51,53.51,53.51,53.51,0.0,53.51,0
2019-05-28,53.97,53.97,53.97,53.97,0.0,53.97,0
2019-05-29,53.85,53.85,53.85,53.85,0.0,53.85,0
2019-05-30,52.86,52.86,52.86,52.86,0.0,52.86,0
2019-05-31,51.83,51.83,51.83,51.83,0.0,51.83,0
2019-06-03,52.28,52.28,52.28,52.28,0.0,52.28,0
2019-06-04,52.22,52.22,52.22,52.22,0.0,52.22,0
2019-06-05,51.43,51.43,51.43,51.43,0.0,51.43,0
2019-06-06,52.18,52.18,52.18,52.18,0.0,52.18,0
2019-06-07,52.9,52.9,52.9,52.9,0.0,52.9,0
2019-06-10,53.31,53.31,53.31,53.31,0.0,53.31,0
2019-06-11,53.86,53.86,53.86,53.86,0.0,53.86,0
2019-06-12,52.75,52.75,52.75,52.75,0.0,52.75,0
2019-06-13,53.3,53.3,53.3,53.3,0.0,53.3,0
2019-06-14,53.4,53.4,53.4,53.4,0.0,53.4,0
2019-06-17,53.26,53.26,53.26,53.26,0.0,53.26,0
2019-06-18,54.21,54.21,54.21,54.21,0.0,54.21,0
2019-06-19,53.88,53.88,53.88,53.88,0.0,53.88,0
2019-06-20,54.73,54.73,54.73,54.73,0.0,54.73,0
2019-06-21,54.44,54.44,54.44,54.44,0.0,54.44,0
2019-06-24,54.9,54.9,54.9,54.9,0.0,54.9,0
2019-06-25,55.19,55.19,55.19,55.19,0.0,55.19,0
2019-06-26,55.25,55.25,55.25,55.25,0.0,55.25,0
2019-06-27,55.08,55.08,55.08,55.08,0.0,55.08,0
2019-06-28,54.56,54.56,54.56,54.56,0.0,54.56,0
2019-07-01,54.49,54.49,54.49,54.49,0.0,54.49,0
2019-07-02,53.81,53.81,53.81,53.81,0.0,53.81,0
2019-07-03,54.6,54.6,54.6,54.6,0.0,54.6,0
2019-07-05,54.28,54.28,54.28,54.28,0.0,54.28,0
2019-07-08,54.66,54.66,54.66,54.66,0.0,54.66,0
2019-07-09,55.16,55.16,55.16,55.16,0.0,55.16,0
2019-07-10,55.48,55.48,55.48,55.48,0.0,55.48,0
2019-07-11,54.78,54.78,54.78,54.78,0.0,54.78,0
2019-07-12,54.22,54.22,54.22,54.22,0.0,54.22,0
2019-07-15,53.91,53.91,53.91,53.91,0.0,53.91,0
2019-07-16,53.11,53.11,53.11,53.11,0.0,53.11,0
2019-07-17,53.59,53.59,53.59,53.59,0.0,53.59,0
2019-07-18,52.76,52.76,52.76,52.76,0.0,52.76,0
2019-07-19,53.65,53.65,53.65,53.65,0.0,53.65,0
2019-07-22,54.03,54.03,54.03,54.03,0.0,54.03,0
2019-07-23,53.52,53.52,53.52,53.52,0.0,53.52,0
2019-07-24,53.02,53.02,53.02,53.02,0.0,53.02,0
2019-07-25,53.31,53.31,53.31,53.31,0.0,53.31,0
2019-07-26,53.82,53.82,53.82,53.82,0.0,53.82,0
2019-07-29,53.3,53.3,53.3,53.3,0.0,53.3,0
2019-07-30,53.55,53.55,53.55,53.55,0.0,53.55,0
2019-07-31,53.73,53.73,53.73,53.73,0.0,53.73,0
2019-08-01,52.2,52.2,52.2,52.2,0.0,52.2,0
2019-08-02,53.9,53.9,53.9,53.9,0.0,53.9,0
2019-08-05,54.1,54.1,54.1,54.1,0.0,54.1,0
2019-08-06,53.65,53.65,53.65,53.65,0.0,53.65,0
2019-08-07,53.88,53.88,53.88,53.88,0.0,53.88,0
2019-08-08,53.84,53.84,53.84,53.84,0.0,53.84,0
2019-08-09,54.57,54.57,54.57,54.57,0.0,54.57,0
2019-08-12,54.61,54.61,54.61,54.61,0.0,54.61,0
2019-08-13,56.09,56.09,56.09,56.09,0.0,56.09,0
2019-08-14,54.76,54.76,54.76,54.76,0.0,54.76,0
2019-08-15,54.29,54.29,54.29,54.29,0.0,54.29,0
2019-08-16,54.18,54.18,54.18,54.18,0.0,54.18,0
2019-08-19,54.16,54.16,54.16,54.16,0.0,54.16,0
2019-08-20,53.67,53.67,53.67,53.67,0.0,53.67,0
2019-08-21,53.87,53.87,53.87,53.87,0.0,53.87,0
2019-08-22,53.74,53.74,53.74,53.74,0.0,53.74,0
2019-08-23,53.75,53.75,53.75,53.75,0.0,53.75,0
2019-08-26,53.66,53.66,53.66,53.66,0.0,53.66,0
2019-08-27,54.38,54.38,54.38,54.38,0.0,54.38,0
2019-08-28,54.32,54.32,54.32,54.32,0.0,54.32,0
2019-08-29,54.13,54.13,54.13,54.13,0.0,54.13,0
2019-08-30,53.02,53.02,53.02,53.02,0.0,53.02,0
2019-09-03,53.28,53.28,53.28,53.28,0.0,53.28,0
2019-09-04,54.09,54.09,54.09,54.09,0.0,54.09,0
2019-09-05,54.1,54.1,54.1,54.1,0.0,54.1,0
2019-09-06,54.08,54.08,54.08,54.08,0.0,54.08,0
2019-09-09,54.16,54.16,54.16,54.16,0.0,54.16,0
2019-09-10,54.14,54.14,54.14,54.14,0.0,54.14,0
2019-09-11,53.63,53.63,53.63,53.63,0.0,53.63,0
2019-09-12,53.44,53.44,53.44,53.44,0.0,53.44,0
2019-09-13,52.85,52.85,52.85,52.85,0.0,52.85,0
2019-09-16,54.06,54.06,54.06,54.06,0.0,54.06,0
2019-09-17,53.56,53.56,53.56,53.56,0.0,53.56,0
2019-09-18,52.86,52.86,52.86,52.86,0.0,52.86,0
2019-09-19,52.58,52.58,52.58,52.58,0.0,52.58,0
2019-09-20,52.78,52.78,52.78,52.78,0.0,52.78,0
2019-09-23,53.52,53.52,53.52,53.52,0.0,53.52,0
2019-09-24,52.88,52.88,52.88,52.88,0.0,52.88,0
2019-09-25,52.92,52.92,52.92,52.92,0.0,52.92,0
2019-09-26,53.03,53.03,53.03,53.03,0.0,53.03,0
2019-09-27,52.94,52.94,52.94,52.94,0.0,52.94,0
2019-09-30,52.54,52.54,52.54,52.54,0.0,52.54,0
2019-10-01,52.7,52.7,52.7,52.7,0.0,52.7,0
2019-10-02,52.75,52.75,52.75,52.75,0.0,52.75,0
2019-10-03,52.23,52.23,52.23,52.23,0.0,52.23,0
2019-10-04,53.15,53.15,53.15,53.15,0.0,53.15,0
2019-10-07,52.95,52.95,52.95,52.95,0.0,52.95,0
2019-10-08,52.89,52.89,52.89,52.89,0.0,52.89,0
2019-10-09,52.73,52.73,52.73,52.73,0.0,52.73,0
2019-10-10,52.25,52.25,52.25,52.25,0.0,52.25,0
2019-10-11,51.86,51.86,51.86,51.86,0.0,51.86,0
2019-10-14,51.97,51.97,51.97,51.97,0.0,51.97,0
2019-10-15,51.59,51.59,51.59,51.59,0.0,51.59,0
2019-10-16,51.74,51.74,51.74,51.74,0.0,51.74,0
2019-10-17,51.77,51.77,51.77,51.77,0.0,51.77,0
2019-10-18,51.56,51.56,51.56,51.56,0.0,51.56,0
2019-10-21,51.92,51.92,51.92,51.92,0.0,51.92,0
2019-10-22,51.93,51.93,51.93,51.93,0.0,51.93,0
2019-10-23,52.23,52.23,52.23,52.23,0.0,52.23,0
2019-10-24,52.35,52.35,52.35,52.35,0.0,52.35,0
2019-10-25,52.71,52.71,52.71,52.71,0.0,52.71,0
2019-10-28,52.27,52.27,52.27,52.27,0.0,52.27,0
2019-10-29,52.41,52.41,52.41,52.41,0.0,52.41,0
2019-10-30,51.77,51.77,51.77,51.77,0.0,51.77,0
2019-10-31,51.92,51.92,51.92,51.92,0.0,51.92,0
2019-11-01,53.23,53.23,53.23,53.23,0.0,53.23,0
2019-11-04,52.73,52.73,52.73,52.73,0.0,52.73,0
2019-11-05,53.09,53.09,53.09,53.09,0.0,53.09,0
2019-11-06,52.24,52.24,52.24,52.24,0.0,52.24,0
2019-11-07,52.35,52.35,52.35,52.35,0.0,52.35,0
2019-11-08,52.63,52.63,52.63,52.63,0.0,52.63,0
2019-11-11,52.58,52.58,52.58,52.58,0.0,52.58,0
2019-11-12,52.62,52.62,52.62,52.62,0.0,52.62,0
2019-11-13,52.7,52.7,52.7,52.7,0.0,52.7,0
2019-11-14,52.13,52.13,52.13,52.13,0.0,52.13,0
2019-11-15,52.57,52.57,52.57,52.57,0.0,52.57,0
2019-11-18,52.15,52.15,52.15,52.15,0.0,52.15,0
2019-11-19,51.81,51.81,51.81,51.81,0.0,51.81,0
2019-11-20,52.44,52.44,52.44,52.44,0.0,52.44,0
2019-11-21,52.84,52.84,52.84,52.84,0.0,52.84,0
2019-11-22,52.43,52.43,52.43,52.43,0.0,52.43,0
2019-11-25,52.54,52.54,52.54,52.54,0.0,52.54,0
2019-11-26,52.56,52.56,52.56,52.56,0.0,52.56,0
2019-11-27,52.09,52.09,52.09,52.09,0.0,52.09,0
2019-11-29,51.19,51.19,51.19,51.19,0.0,51.19,0
2019-12-02,52.03,52.03,52.03,52.03,0.0,52.03,0
2019-12-03,52.06,52.06,52.06,52.06,0.0,52.06,0
2019-12-04,52.56,52.56,52.56,52.56,0.0,52.56,0
2019-12-05,52.04,52.04,52.04,52.04,0.0,52.04,0
2019-12-06,51.7,51.7,51.7,51.7,0.0,51.7,0
2019-12-09,51.65,51.65,51.65,51.65,0.0,51.65,0
2019-12-10,51.8,51.8,51.8,51.8,0.0,51.8,0
2019-12-11,51.73,51.73,51.73,51.73,0.0,51.73,0
2019-12-12,51.9,51.9,51.9,51.9,0.0,51.9,0
2019-12-13,51.61,51.61,51.61,51.61,0.0,51.61,0
2019-12-16,52.06,52.06,52.06,52.06,0.0,52.06,0
2019-12-17,51.79,51.79,51.79,51.79,0.0,51.79,0
2019-12-18,51.94,51.94,51.94,51.94,0.0,51.94,0
2019-12-19,52.12,52.12,52.12,52.12,0.0,52.12,0
2019-12-20,52.13,52.13,52.13,52.13,0.0,52.13,0
2019-12-23,52.35,52.35,52.35,52.35,0.0,52.35,0
2019-12-24,52.42,52.42,52.42,52.42,0.0,52.42,0
2019-12-26,52.28,52.28,52.28,52.28,0.0,52.28,0
2019-12-27,52.77,52.77,52.77,52.77,0.0,52.77,0
2019-12-30,53.09,53.09,53.09,53.09,0.0,53.09,0
2019-12-31,52.76,52.76,52.76,52.76,0.0,52.76,0
2020-01-02,53.1,53.1,53.1,53.1,0.0,53.1,0
2020-01-03,52.87,52.87,52.87,52.87,0.0,52.87,0
2020-01-06,52.8,52.8,52.8,52.8,0.0,52.8,0
2020-01-07,53.13,53.13,53.13,53.13,0.0,53.13,0
2020-01-08,52.73,52.73,52.73,52.73,0.0,52.73,0
2020-01-09,53.13,53.13,53.13,53.13,0.0,53.13,0
2020-01-10,52.77,52.77,52.77,52.77,0.0,52.77,0
2020-01-13,52.81,52.81,52.81,52.81,0.0,52.81,0
2020-01-14,52.81,52.81,52.81,52.81,0.0,52.81,0
2020-01-15,52.26,52.26,52.26,52.26,0.0,52.26,0
2020-01-16,52.48,52.48,52.48,52.48,0.0,52.48,0
2020-01-17,52.51,52.51,52.51,52.51,0.0,52.51,0
2020-01-21,52.85,52.85,52.85,52.85,0.0,52.85,0
2020-01-22,52.45,52.45,52.45,52.45,0.0,52.45,0
2020-01-23,51.53,51.53,51.53,51.53,0.0,51.53,0
2020-01-24,51.02,51.02,51.02,51.02,0.0,51.02,0
2020-01-27,51.51,51.51,51.51,51.51,0.0,51.51,0
2020-01-28,51.56,51.56,51.56,51.56,0.0,51.56,0
2020-01-29,51.45,51.45,51.45,51.45,0.0,51.45,0
2020-01-30,51.76,51.76,51.76,51.76,0.0,51.76,0
2020-01-31,51.86,51.86,51.86,51.86,0.0,51.86,0
2020-02-03,52.04,52.04,52.04,52.04,0.0,52.04,0
2020-02-04,51.85,51.85,51.85,51.85,0.0,51.85,0
2020-02-05,51.85,51.85,51.85,51.85,0.0,51.85,0
2020-02-06,52.45,52.45,52.45,52.45,0.0,52.45,0
2020-02-07,52.6,52.6,52.6,52.6,0.0,52.6,0
2020-02-10,52.72,52.72,52.72,52.72,0.0,52.72,0
2020-02-11,52.32,52.32,52.32,52.32,0.0,52.32,0
2020-02-12,51.89,51.89,51.89,51.89,0.0,51.89,0
2020-02-13,51.4,51.4,51.4,51.4,0.0,51.4,0
2020-02-14,51.46,51.46,51.46,51.46,0.0,51.46,0
2020-02-18,52.12,52.12,52.12,52.12,0.0,52.12,0
2020-02-19,52.23,52.23,52.23,52.23,0.0,52.23,0
2020-02-20,52.4,52.4,52.4,52.4,0.0,52.4,0
2020-02-21,52.35,52.35,52.35,52.35,0.0,52.35,0
2020-02-24,52.24,52.24,52.24,52.24,0.0,52.24,0
2020-02-25,50.95,50.95,50.95,50.95,0.0,50.95,0
2020-02-26,50.62,50.62,50.62,50.62,0.0,50.62,0
2020-02-27,50.68,50.68,50.68,50.68,0.0,50.68,0
2020-02-28,49.39,49.39,49.39,49.39,0.0,49.39,0
2020-03-02,50.14,50.14,50.14,50.14,0.0,50.14,0
2020-03-03,50.32,50.32,50.32,50.32,0.0,50.32,0
2020-03-04,50.43,50.43,50.43,50.43,0.0,50.43,0
2020-03-05,50.53,50.53,50.53,50.53,0.0,50.53,0
2020-03-06,50.17,50.17,50.17,50.17,0.0,50.17,0
2020-03-09,47.33,47.33,47.33,47.33,0.0,47.33,0
2020-03-10,48.25,48.25,48.25,48.25,0.0,48.25,0
2020-03-11,48.57,48.57,48.57,48.57,0.0,48.57,0
2020-03-12,49.37,49.37,49.37,49.37,0.0,49.37,0
2020-03-13,48.47,48.47,48.47,48.47,0.0,48.47,0
2020-03-16,46.1,46.1,46.1,46.1,0.0,46.1,0
2020-03-17,46.1,46.1,46.1,46.1,0.0,46.1,0
2020-03-18,43.38,43.38,43.38,43.38,0.0,43.38,0
2020-03-19,43.13,43.13,43.13,43.13,0.0,43.13,0
2020-03-20,41.73,41.73,41.73,41.73,0.0,41.73,0
2020-03-23,42.74,42.74,42.74,42.74,0.0,42.74,0
2020-03-24,43.57,43.57,43.57,43.57,0.0,43.57,0
2020-03-25,44.71,44.71,44.71,44.71,0.0,44.71,0
2020-03-26,44.46,44.46,44.46,44.46,0.0,44.46,0
2020-03-27,45.22,45.22,45.22,45.22,0.0,45.22,0
2020-03-30,46.16,46.16,46.16,46.16,0.0,46.16,0
2020-03-31,46.52,46.52,46.52,46.52,0.0,46.52,0
2020-04-01,46.0,46.0,46.0,46.0,0.0,46.0,0
2020-04-02,45.99,45.99,45.99,45.99,0.0,45.99,0
2020-04-03,45.64,45.64,45.64,45.64,0.0,45.64,0
2020-04-06,46.6,46.6,46.6,46.6,0.0,46.6,0
2020-04-07,47.51,47.51,47.51,47.51,0.0,47.51,0
2020-04-08,47.04,47.04,47.04,47.04,0.0,47.04,0
2020-04-09,47.13,47.13,47.13,47.13,0.0,47.13,0
2020-04-13,47.64,47.64,47.64,47.64,0.0,47.64,0
2020-04-14,48.65,48.65,48.65,48.65,0.0,48.65,0
2020-04-15,47.12,47.12,47.12,47.12,0.0,47.12,0
2020-04-16,46.72,46.72,46.72,46.72,0.0,46.72,0
2020-04-17,46.85,46.85,46.85,46.85,0.0,46.85,0
2020-04-20,46.68,46.68,46.68,46.68,0.0,46.68,0
2020-04-21,44.78,44.78,44.78,44.78,0.0,44.78,0
2020-04-22,46.86,46.86,46.86,46.86,0.0,46.86,0
2020-04-23,46.1,46.1,46.1,46.1,0.0,46.1,0
2020-04-24,45.83,45.83,45.83,45.83,0.0,45.83,0
2020-04-27,45.62,45.62,45.62,45.62,0.0,45.62,0
2020-04-28,45.9,45.9,45.9,45.9,0.0,45.9,0
2020-04-29,45.7,45.7,45.7,45.7,0.0,45.7,0
2020-04-30,46.63,46.63,46.63,46.63,0.0,46.63,0
2020-05-01,45.59,45.59,45.59,45.59,0.0,45.59,0
2020-05-04,45.33,45.33,45.33,45.33,0.0,45.33,0
2020-05-05,45.43,45.43,45.43,45.43,0.0,45.43,0
2020-05-06,45.27,45.27,45.27,45.27,0.0,45.27,0
2020-05-07,45.94,45.94,45.94,45.94,0.0,45.94,0
2020-05-08,47.85,47.85,47.85,47.85,0.0,47.85,0
2020-05-11,46.84,46.84,46.84,46.84,0.0,46.84,0
2020-05-12,46.97,46.97,46.97,46.97,0.0,46.97,0
2020-05-13,47.48,47.48,47.48,47.48,0.0,47.48,0
2020-05-14,47.51,47.51,47.51,47.51,0.0,47.51,0
2020-05-15,47.21,47.21,47.21,47.21,0.0,47.21,0
2020-05-18,48.16,48.16,48.16,48.16,0.0,48.16,0
2020-05-19,47.61,47.61,47.61,47.61,0.0,47.61,0
2020-05-20,48.56,48.56,48.56,48.56,0.0,48.56,0
2020-05-21,48.31,48.31,48.31,48.31,0.0,48.31,0
2020-05-22,47.94,47.94,47.94,47.94,0.0,47.94,0
2020-05-26,49.17,49.17,49.17,49.17,0.0,49.17,0
2020-05-27,49.05,49.05,49.05,49.05,0.0,49.05,0
2020-05-28,50.06,50.06,50.06,50.06,0.0,50.06,0
2020-05-29,49.82,49.82,49.82,49.82,0.0,49.82,0
2020-06-01,50.03,50.03,50.03,50.03,0.0,50.03,0
2020-06-02,50.24,50.24,50.24,50.24,0.0,50.24,0
2020-06-03,50.33,50.33,50.33,50.33,0.0,50.33,0
2020-06-04,50.81,50.81,50.81,50.81,0.0,50.81,0
2020-06-05,50.58,50.58,50.58,50.58,0.0,50.58,0
2020-06-08,49.15,49.15,49.15,49.15,0.0,49.15,0
2020-06-09,49.7,49.7,49.7,49.7,0.0,49.7,0
2020-06-10,49.85,49.85,49.85,49.85,0.0,49.85,0
2020-06-11,47.97,47.97,47.97,47.97,0.0,47.97,0
2020-06-12,47.52,47.52,47.52,47.52,0.0,47.52,0
2020-06-15,48.54,48.54,48.54,48.54,0.0,48.54,0
2020-06-16,48.45,48.45,48.45,48.45,0.0,48.45,0
2020-06-17,47.47,47.47,47.47,47.47,0.0,47.47,0
2020-06-18,47.28,47.28,47.28,47.28,0.0,47.28,0
2020-06-19,47.09,47.09,47.09,47.09,0.0,47.09,0
2020-06-22,47.61,47.61,47.61,47.61,0.0,47.61,0
2020-06-23,47.1,47.1,47.1,47.1,0.0,47.1,0
2020-06-24,46.44,46.44,46.44,46.44,0.0,46.44,0
2020-06-25,46.57,46.57,46.57,46.57,0.0,46.57,0
2020-06-26,46.64,46.64,46.64,46.64,0.0,46.64,0
2020-06-29,47.41,47.41,47.41,47.41,0.0,47.41,0
2020-06-30,46.64,46.64,46.64,46.64,0.0,46.64,0
2020-07-01,46.86,46.86,46.86,46.86,0.0,46.86,0
2020-07-02,47.29,47.29,47.29,47.29,0.0,47.29,0
2020-07-06,47.44,47.44,47.44,47.44,0.0,47.44,0
2020-07-07,47.41,47.41,47.41,47.41,0.0,47.41,0
2020-07-08,48.02,48.02,48.02,48.02,0.0,48.02,0
2020-07-09,48.03,48.03,48.03,48.03,0.0,48.03,0
2020-07-10,48.18,48.18,48.18,48.18,0.0,48.18,0
2020-07-13,47.81,47.81,47.81,47.81,0.0,47.81,0
2020-07-14,48.06,48.06,48.06,48.06,0.0,48.06,0
2020-07-15,48.31,48.31,48.31,48.31,0.0,48.31,0
2020-07-16,48.12,48.12,48.12,48.12,0.0,48.12,0
2020-07-17,48.09,48.09,48.09,48.09,0.0,48.09,0
2020-07-20,48.14,48.14,48.14,48.14,0.0,48.14,0
2020-07-21,48.35,48.35,48.35,48.35,0.0,48.35,0
2020-07-22,48.25,48.25,48.25,48.25,0.0,48.25,0
2020-07-23,48.17,48.17,48.17,48.17,0.0,48.17,0
2020-07-24,48.86,48.86,48.86,48.86,0.0,48.86,0
2020-07-27,49.05,49.05,49.05,49.05,0.0,49.05,0
2020-07-28,48.94,48.94,48.94,48.94,0.0,48.94,0
2020-07-29,49.11,49.11,49.11,49.11,0.0,49.11,0
2020-07-30,48.24,48.24,48.24,48.24,0.0,48.24,0
2020-07-31,48.68,48.68,48.68,48.68,0.0,48.68,0
2020-08-03,49.5,49.5,49.5,49.5,0.0,49.5,0
2020-08-04,49.47,49.47,49.47,49.47,0.0,49.47,0
2020-08-05,49.31,49.31,49.31,49.31,0.0,49.31,0
2020-08-06,49.29,49.29,49.29,49.29,0.0,49.29,0
2020-08-07,49.01,49.01,49.01,49.01,0.0,49.01,0
2020-08-10,49.09,49.09,49.09,49.09,0.0,49.09,0
2020-08-11,48.84,48.84,48.84,48.84,0.0,48.84,0
2020-08-12,49.29,49.29,49.29,49.29,0.0,49.29,0
2020-08-13,49.23,49.23,49.23,49.23,0.0,49.23,0
2020-08-14,48.96,48.96,48.96,48.96,0.0,48.96,0
2020-08-17,49.57,49.57,49.57,49.57,0.0,49.57,0
2020-08-18,49.26,49.26,49.26,49.26,0.0,49.26,0
2020-08-19,49.49,49.49,49.49,49.49,0.0,49.49,0
2020-08-20,49.42,49.42,49.42,49.42,0.0,49.42,0
2020-08-21,49.27,49.27,49.27,49.27,0.0,49.27,0
2020-08-24,49.8,49.8,49.8,49.8,0.0,49.8,0
2020-08-25,50.21,50.21,50.21,50.21,0.0,50.21,0
2020-08-26,50.28,50.28,50.28,50.28,0.0,50.28,0
2020-08-27,49.8,49.8,49.8,49.8,0.0,49.8,0
2020-08-28,50.57,50.57,50.57,50.57,0.0,50.57,0
2020-08-31,50.21,50.21,50.21,50.21,0.0,50.21,0
2020-09-01,50.47,50.47,50.47,50.47,0.0,50.47,0
2020-09-02,49.89,49.89,49.89,49.89,0.0,49.89,0
2020-09-03,50.31,50.31,50.31,50.31,0.0,50.31,0
2020-09-04,50.17,50.17,50.17,50.17,0.0,50.17,0
2020-09-08,48.81,48.81,48.81,48.81,0.0,48.81,0
2020-09-09,49.33,49.33,49.33,49.33,0.0,49.33,0
2020-09-10,49.23,49.23,49.23,49.23,0.0,49.23,0
2020-09-11,49.03,49.03,49.03,49.03,0.0,49.03,0
2020-09-14,49.33,49.33,49.33,49.33,0.0,49.33,0
2020-09-15,50.12,50.12,50.12,50.12,0.0,50.12,0
2020-09-16,49.88,49.88,49.88,49.88,0.0,49.88,0
2020-09-17,49.91,49.91,49.91,49.91,0.0,49.91,0
2020-09-18,49.45,49.45,49.45,49.45,0.0,49.45,0
2020-09-21,48.48,48.48,48.48,48.48,0.0,48.48,0
2020-09-22,48.56,48.56,48.56,48.56,0.0,48.56,0
2020-09-23,48.53,48.53,48.53,48.53,0.0,48.53,0
2020-09-24,48.74,48.74,48.74,48.74,0.0,48.74,0
2020-09-25,48.48,48.48,48.48,48.48,0.0,48.48,0
2020-09-28,48.37,48.37,48.37,48.37,0.0,48.37,0
2020-09-29,47.26,47.26,47.26,47.26,0.0,47.26,0
2020-09-30,47.64,47.64,47.64,47.64,0.0,47.64,0
2020-10-01,47.14,47.14,47.14,47.14,0.0,47.14,0
2020-10-02,46.19,46.19,46.19,46.19,0.0,46.19,0
2020-10-05,47.33,47.33,47.33,47.33,0.0,47.33,0
2020-10-06,47.75,47.75,47.75,47.75,0.0,47.75,0
2020-10-07,46.95,46.95,46.95,46.95,0.0,46.95,0
2020-10-08,47.16,47.16,47.16,47.16,0.0,47.16,0
2020-10-09,46.38,46.38,46.38,46.38,0.0,46.38,0
2020-10-12,46.05,46.05,46.05,46.05,0.0,46.05,0
2020-10-13,46.14,46.14,46.14,46.14,0.0,46.14,0
2020-10-14,46.47,46.47,46.47,46.47,0.0,46.47,0
2020-10-15,46.89,46.89,46.89,46.89,0.0,46.89,0
2020-10-16,46.81,46.81,46.81,46.81,0.0,46.81,0
2020-10-19,46.67,46.67,46.67,46.67,0.0,46.67,0
2020-10-20,47.07,47.07,47.07,47.07,0.0,47.07,0
2020-10-21,46.15,46.15,46.15,46.15,0.0,46.15,0
2020-10-22,46.47,46.47,46.47,46.47,0.0,46.47,0
2020-10-23,45.92,45.92,45.92,45.92,0.0,45.92,0
2020-10-26,45.29,45.29,45.29,45.29,0.0,45.29,0
2020-10-27,45.74,45.74,45.74,45.74,0.0,45.74,0
2020-10-28,44.89,44.89,44.89,44.89,0.0,44.89,0
2020-10-29,44.22,44.22,44.22,44.22,0.0,44.22,0
2020-10-30,44.73,44.73,44.73,44.73,0.0,44.73,0
2020-11-02,45.66,45.66,45.66,45.66,0.0,45.66,0
2020-11-03,45.45,45.45,45.45,45.45,0.0,45.45,0
2020-11-04,46.02,46.02,46.02,46.02,0.0,46.02,0
2020-11-05,45.72,45.72,45.72,45.72,0.0,45.72,0
2020-11-06,45.04,45.04,45.04,45.04,0.0,45.04,0
2020-11-09,46.28,46.28,46.28,46.28,0.0,46.28,0
2020-11-10,46.04,46.04,46.04,46.04,0.0,46.04,0
2020-11-11,46.51,46.51,46.51,46.51,0.0,46.51,0
2020-11-12,45.98,45.98,45.98,45.98,0.0,45.98,0
2020-11-13,45.44,45.44,45.44,45.44,0.0,45.44,0
2020-11-16,45.6,45.6,45.6,45.6,0.0,45.6,0
2020-11-17,45.51,45.51,45.51,45.51,0.0,45.51,0
2020-11-18,45.71,45.71,45.71,45.71,0.0,45.71,0
2020-11-19,45.34,45.34,45.34,45.34,0.0,45.34,0
2020-11-20,45.27,45.27,45.27,45.27,0.0,45.27,0
2020-11-23,45.36,45.36,45.36,45.36,0.0,45.36,0
2020-11-24,45.22,45.22,45.22,45.22,0.0,45.22,0
2020-11-25,46.1,46.1,46.1,46.1,0.0,46.1,0
2020-11-27,45.96,45.96,45.96,45.96,0.0,45.96,0
2020-11-30,45.65,45.65,45.65,45.65,0.0,45.65,0
2020-12-01,44.4,44.4,44.4,44.4,0.0,44.4,0
2020-12-02,43.82,43.82,43.82,43.82,0.0,43.82,0
2020-12-03,42.81,42.81,42.81,42.81,0.0,42.81,0
2020-12-04,43.44,43.44,43.44,43.44,0.0,43.44,0
2020-12-07,43.58,43.58,43.58,43.58,0.0,43.58,0
2020-12-08,43.78,43.78,43.78,43.78,0.0,43.78,0
2020-12-09,43.84,43.84,43.84,43.84,0.0,43.84,0
2020-12-10,43.93,43.93,43.93,43.93,0.0,43.93,0
2020-12-11,43.71,43.71,43.71,43.71,0.0,43.71,0
2020-12-14,44.09,44.09,44.09,44.09,0.0,44.09,0
2020-12-15,44.53,44.53,44.53,44.53,0.0,44.53,0
2020-12-16,44.58,44.58,44.58,44.58,0.0,44.58,0
2020-12-17,45.16,45.16,45.16,45.16,0.0,45.16,0
2020-12-18,45.18,45.18,45.18,45.18,0.0,45.18,0
2020-12-21,44.71,44.71,44.71,44.71,0.0,44.71,0
2020-12-22,44.22,44.22,44.22,44.22,0.0,44.22,0
2020-12-23,44.99,44.99,44.99,44.99,0.0,44.99,0
2020-12-24,45.2,45.2,45.2,45.2,0.0,45.2,0
2020-12-28,44.71,44.71,44.71,44.71,0.0,44.71,0
2020-12-29,44.88,44.88,44.88,44.88,0.0,44.88,0
2020-12-30,44.92,44.92,44.92,44.92,0.0,44.92,0
2020-12-31,44.85,44.85,44.85,44.85,0.0,44.85,0
2021-01-04,44.6,44.6,44.6,44.6,0.0,44.6,0
2021-01-05,44.51,44.51,44.51,44.51,0.0,44.51,0
2021-01-06,44.14,44.14,44.14,44.14,0.0,44.14,0
2021-01-07,44.5,44.5,44.5,44.5,0.0,44.5,0
2021-01-08,44.93,44.93,44.93,44.93,0.0,44.93,0
2021-01-11,45.28,45.28,45.28,45.28,0.0,45.28,0
2021-01-12,45.48,45.48,45.48,45.48,0.0,45.48,0
2021-01-13,46.11,46.11,46.11,46.11,0.0,46.11,0
2021-01-14,46.22,46.22,46.22,46.22,0.0,46.22,0
2021-01-15,46.21,46.21,46.21,46.21,0.0,46.21,0
2021-01-19,46.12,46.12,46.12,46.12,0.0,46.12,0
2021-01-20,46.02,46.02,46.02,46.02,0.0,46.02,0
2021-01-21,45.93,45.93,45.93,45.93,0.0,45.93,0
2021-01-22,45.55,45.55,45.55,45.55,0.0,45.55,0
2021-01-25,45.86,45.86,45.86,45.86,0.0,45.86,0
2021-01-26,45.86,45.86,45.86,45.86,0.0,45.86,0
2021-01-27,46.29,46.29,46.29,46.29,0.0,46.29,0
2021-01-28,46.06,46.06,46.06,46.06,0.0,46.06,0
2021-01-29,45.98,45.98,45.98,45.98,0.0,45.98,0
2021-02-01,46.4,46.4,46.4,46.4,0.0,46.4,0
2021-02-02,46.67,46.67,46.67,46.67,0.0,46.67,0
2021-02-03,46.5,46.5,46.5,46.5,0.0,46.5,0
2021-02-04,46.62,46.62,46.62,46.62,0.0,46.62,0
2021-02-05,46.77,46.77,46.77,46.77,0.0,46.77,0
2021-02-08,47.35,47.35,47.35,47.35,0.0,47.35,0
2021-02-09,47.57,47.57,47.57,47.57,0.0,47.57,0
2021-02-10,47.77,47.77,47.77,47.77,0.0,47.77,0
2021-02-11,47.69,47.69,47.69,47.69,0.0,47.69,0
2021-02-12,47.95,47.95,47.95,47.95,0.0,47.95,0
2021-02-16,48.26,48.26,48.26,48.26,0.0,48.26,0
2021-02-17,48.5,48.5,48.5,48.5,0.0,48.5,0
2021-02-18,48.66,48.66,48.66,48.66,0.0,48.66,0
2021-02-19,48.93,48.93,48.93,48.93,0.0,48.93,0
2021-02-22,49.75,49.75,49.75,49.75,0.0,49.75,0
2021-02-23,49.72,49.72,49.72,49.72,0.0,49.72,0
2021-02-24,50.57,50.57,50.57,50.57,0.0,50.57,0
2021-02-25,50.4,50.4,50.4,50.4,0.0,50.4,0
2021-02-26,49.4,49.4,49.4,49.4,0.0,49.4,0
2021-03-01,49.05,49.05,49.05,49.05,0.0,49.05,0
2021-03-02,49.37,49.37,49.37,49.37,0.0,49.37,0
2021-03-03,49.98,49.98,49.98,49.98,0.0,49.98,0
2021-03-04,50.35,50.35,50.35,50.35,0.0,50.35,0
2021-03-05,51.45,51.45,51.45,51.45,0.0,51.45,0
2021-03-08,50.8,50.8,50.8,50.8,0.0,50.8,0
2021-03-09,50.52,50.52,50.52,50.52,0.0,50.52,0
2021-03-10,50.28,50.28,50.28,50.28,0.0,50.28,0
2021-03-11,50.45,50.45,50.45,50.45,0.0,50.45,0
2021-03-12,50.38,50.38,50.38,50.38,0.0,50.38,0
2021-03-15,50.31,50.31,50.31,50.31,0.0,50.31,0
2021-03-16,50.14,50.14,50.14,50.14,0.0,50.14,0
2021-03-17,50.47,50.47,50.47,50.47,0.0,50.47,0
2021-03-18,49.55,49.55,49.55,49.55,0.0,49.55,0
2021-03-19,49.54,49.54,49.54,49.54,0.0,49.54,0
2021-03-22,49.62,49.62,49.62,49.62,0.0,49.62,0
2021-03-23,48.84,48.84,48.84,48.84,0.0,48.84,0
2021-03-24,49.17,49.17,49.17,49.17,0.0,49.17,0
2021-03-25,47.84,47.84,47.84,47.84,0.0,47.84,0
2021-03-26,48.94,48.94,48.94,48.94,0.0,48.94,0
2021-03-29,48.78,48.78,48.78,48.78,0.0,48.78,0
2021-03-30,48.56,48.56,48.56,48.56,0.0,48.56,0
2021-03-31,48.07,48.07,48.07,48.07,0.0,48.07,0
2021-04-01,50.5,50.5,50.5,50.5,0.0,50.5,0
2021-04-05,50.18,50.18,50.18,50.18,0.0,50.18,0
2021-04-06,50.93,50.93,50.93,50.93,0.0,50.93,0
2021-04-07,51.09,51.09,51.09,51.09,0.0,51.09,0
2021-04-08,50.24,50.24,50.24,50.24,0.0,50.24,0
2021-04-09,50.57,50.57,50.57,50.57,0.0,50.57,0
2021-04-12,51.25,51.25,51.25,51.25,0.0,51.25,0
2021-04-13,51.55,51.55,51.55,51.55,0.0,51.55,0
2021-04-14,52.21,52.21,52.21,52.21,0.0,52.21,0
2021-04-15,51.84,51.84,51.84,51.84,0.0,51.84,0
2021-04-16,51.41,51.41,51.41,51.41,0.0,51.41,0
2021-04-19,51.46,51.46,51.46,51.46,0.0,51.46,0
2021-04-20,50.96,50.96,50.96,50.96,0.0,50.96,0
2021-04-21,50.65,50.65,50.65,50.65,0.0,50.65,0
2021-04-22,51.22,51.22,51.22,51.22,0.0,51.22,0
2021-04-23,51.68,51.68,51.68,51.68,0.0,51.68,0
2021-04-26,51.78,51.78,51.78,51.78,0.0,51.78,0
2021-04-27,52.35,52.35,52.35,52.35,0.0,52.35,0
2021-04-28,52.43,52.43,52.43,52.43,0.0,52.43,0
2021-04-29,52.82,52.82,52.82,52.82,0.0,52.82,0
2021-04-30,52.11,52.11,52.11,52.11,0.0,52.11,0
2021-05-03,52.43,52.43,52.43,52.43,0.0,52.43,0
2021-05-04,53.09,53.09,53.09,53.09,0.0,53.09,0
2021-05-05,53.3,53.3,53.3,53.3,0.0,53.3,0
2021-05-06,53.42,53.42,53.42,53.42,0.0,53.42,0
2021-05-07,53.63,53.63,53.63,53.63,0.0,53.63,0
2021-05-10,53.71,53.71,53.71,53.71,0.0,53.71,0
2021-05-11,53.99,53.99,53.99,53.99,0.0,53.99,0
2021-05-12,54.37,54.37,54.37,54.37,0.0,54.37,0
2021-05-13,52.45,52.45,52.45,52.45,0.0,52.45,0
2021-05-14,52.67,52.67,52.67,52.67,0.0,52.67,0
2021-05-17,52.85,52.85,52.85,52.85,0.0,52.85,0
2021-05-18,52.85,52.85,52.85,52.85,0.0,52.85,0
2021-05-19,51.8,51.8,51.8,51.8,0.0,51.8,0
2021-05-20,51.45,51.45,51.45,51.45,0.0,51.45,0
2021-05-21,51.88,51.88,51.88,51.88,0.0,51.88,0
2021-05-24,52.89,52.89,52.89,52.89,0.0,52.89,0
2021-05-25,52.81,52.81,52.81,52.81,0.0,52.81,0
2021-05-26,52.91,52.91,52.91,52.91,0.0,52.91,0
2021-05-27,52.87,52.87,52.87,52.87,0.0,52.87,0
2021-05-28,52.42,52.42,52.42,52.42,0.0,52.42,0
2021-06-01,52.83,52.83,52.83,52.83,0.0,52.83,0
2021-06-02,53.1,53.1,53.1,53.1,0.0,53.1,0
2021-06-03,53.04,53.04,53.04,53.04,0.0,53.04,0
2021-06-04,53.32,53.32,53.32,53.32,0.0,53.32,0
2021-06-07,53.58,53.58,53.58,53.58,0.0,53.58,0
2021-06-08,54.07,54.07,54.07,54.07,0.0,54.07,0
2021-06-09,54.18,54.18,54.18,54.18,0.0,54.18,0
2021-06-10,54.08,54.08,54.08,54.08,0.0,54.08,0
2021-06-11,54.16,54.16,54.16,54.16,0.0,54.16,0
2021-06-14,54.14,54.14,54.14,54.14,0.0,54.14,0
2021-06-15,54.5,54.5,54.5,54.5,0.0,54.5,0
2021-06-16,54.81,54.81,54.81,54.81,0.0,54.81,0
2021-06-17,53.74,53.74,53.74,53.74,0.0,53.74,0
2021-06-18,54.28,54.28,54.28,54.28,0.0,54.28,0
2021-06-21,54.9,54.9,54.9,54.9,0.0,54.9,0
2021-06-22,55.04,55.04,55.04,55.04,0.0,55.04,0
2021-06-23,54.92,54.92,54.92,54.92,0.0,54.92,0
2021-06-24,54.89,54.89,54.89,54.89,0.0,54.89,0
2021-06-25,54.38,54.38,54.38,54.38,0.0,54.38,0
2021-06-28,53.9,53.9,53.9,53.9,0.0,53.9,0
2021-06-29,53.87,53.87,53.87,53.87,0.0,53.87,0
2021-06-30,53.93,53.93,53.93,53.93,0.0,53.93,0
2021-07-01,54.09,54.09,54.09,54.09,0.0,54.09,0
2021-07-02,54.19,54.19,54.19,54.19,0.0,54.19,0
2021-07-06,52.89,52.89,52.89,52.89,0.0,52.89,0
2021-07-07,52.3,52.3,52.3,52.3,0.0,52.3,0
2021-07-08,52.03,52.03,52.03,52.03,0.0,52.03,0
2021-07-09,52.68,52.68,52.68,52.68,0.0,52.68,0
2021-07-12,52.85,52.85,52.85,52.85,0.0,52.85,0
2021-07-13,53.93,53.93,53.93,53.93,0.0,53.93,0
2021-07-14,53.29,53.29,53.29,53.29,0.0,53.29,0
2021-07-15,53.19,53.19,53.19,53.19,0.0,53.19,0
2021-07-16,54.1,54.1,54.1,54.1,0.0,54.1,0
2021-07-19,51.66,51.66,51.66,51.66,0.0,51.66,0
2021-07-20,51.76,51.76,51.76,51.76,0.0,51.76,0
2021-07-21,53.11,53.11,53.11,53.11,0.0,53.11,0
2021-07-22,53.1,53.1,53.1,53.1,0.0,53.1,0
2021-07-23,53.05,53.05,53.05,53.05,0.0,53.05,0
2021-07-26,52.41,52.41,52.41,52.41,0.0,52.41,0
2021-07-27,52.5,52.5,52.5,52.5,0.0,52.5,0
2021-07-28,53.09,53.09,53.09,53.09,0.0,53.09,0
2021-07-29,53.71,53.71,53.71,53.71,0.0,53.71,0
2021-07-30,53.35,53.35,53.35,53.35,0.0,53.35,0
2021-08-02,52.48,52.48,52.48,52.48,0.0,52.48,0
2021-08-03,52.52,52.52,52.52,52.52,0.0,52.52,0
2021-08-04,52.04,52.04,52.04,52.04,0.0,52.04,0
2021-08-05,52.76,52.76,52.76,52.76,0.0,52.76,0
2021-08-06,53.18,53.18,53.18,53.18,0.0,53.18,0
2021-08-09,52.98,52.98,52.98,52.98,0.0,52.98,0
2021-08-10,53.48,53.48,53.48,53.48,0.0,53.48,0
2021-08-11,53.87,53.87,53.87,53.87,0.0,53.87,0
2021-08-12,53.9,53.9,53.9,53.9,0.0,53.9,0
2021-08-13,53.72,53.72,53.72,53.72,0.0,53.72,0
2021-08-16,53.59,53.59,53.59,53.59,0.0,53.59,0
2021-08-17,52.97,52.97,52.97,52.97,0.0,52.97,0
2021-08-18,52.92,52.92,52.92,52.92,0.0,52.92,0
2021-08-19,52.44,52.44,52.44,52.44,0.0,52.44,0
2021-08-20,51.72,51.72,51.72,51.72,0.0,51.72,0
2021-08-23,53.26,53.26,53.26,53.26,0.0,53.26,0
2021-08-24,53.49,53.49,53.49,53.49,0.0,53.49,0
2021-08-25,53.36,53.36,53.36,53.36,0.0,53.36,0
2021-08-26,52.9,52.9,52.9,52.9,0.0,52.9,0
2021-08-27,53.44,53.44,53.44,53.44,0.0,53.44,0
2021-08-30,52.9,52.9,52.9,52.9,0.0,52.9,0
2021-08-31,52.68,52.68,52.68,52.68,0.0,52.68,0
2021-09-01,52.89,52.89,52.89,52.89,0.0,52.89,0
2021-09-02,52.68,52.68,52.68,52.68,0.0,52.68,0
2021-09-03,52.71,52.71,52.71,52.71,0.0,52.71,0
2021-09-07,53.04,53.04,53.04,53.04,0.0,53.04,0
2021-09-08,52.73,52.73,52.73,52.73,0.0,52.73,0
2021-09-09,52.47,52.47,52.47,52.47,0.0,52.47,0
2021-09-10,53.23,53.23,53.23,53.23,0.0,53.23,0
2021-09-13,53.21,53.21,53.21,53.21,0.0,53.21,0
2021-09-14,53.22,53.22,53.22,53.22,0.0,53.22,0
2021-09-15,53.2,53.2,53.2,53.2,0.0,53.2,0
2021-09-16,53.15,53.15,53.15,53.15,0.0,53.15,0
2021-09-17,52.44,52.44,52.44,52.44,0.0,52.44,0
2021-09-20,51.83,51.83,51.83,51.83,0.0,51.83,0
2021-09-21,52.59,52.59,52.59,52.59,0.0,52.59,0
2021-09-22,52.9,52.9,52.9,52.9,0.0,52.9,0
2021-09-23,53.33,53.33,53.33,53.33,0.0,53.33,0
2021-09-24,53.3,53.3,53.3,53.3,0.0,53.3,0
2021-09-27,54.37,54.37,54.37,54.37,0.0,54.37,0
2021-09-28,54.47,54.47,54.47,54.47,0.0,54.47,0
2021-09-29,54.85,54.85,54.85,54.85,0.0,54.85,0
2021-09-30,54.3,54.3,54.3,54.3,0.0,54.3,0
2021-10-01,55.17,55.17,55.17,55.17,0.0,55.17,0
2021-10-04,55.5,55.5,55.5,55.5,0.0,55.5,0
2021-10-05,55.72,55.72,55.72,55.72,0.0,55.72,0
2021-10-06,54.4,54.4,54.4,54.4,0.0,54.4,0
2021-10-07,54.79,54.79,54.79,54.79,0.0,54.79,0
2021-10-08,55.32,55.32,55.32,55.32,0.0,55.32,0
2021-10-11,56.26,56.26,56.26,56.26,0.0,56.26,0
2021-10-12,56.91,56.91,56.91,56.91,0.0,56.91,0
2021-10-13,57.27,57.27,57.27,57.27,0.0,57.27,0
2021-10-14,57.45,57.45,57.45,57.45,0.0,57.45,0
2021-10-15,57.01,57.01,57.01,57.01,0.0,57.01,0
2021-10-18,56.99,56.99,56.99,56.99,0.0,56.99,0
2021-10-19,56.67,56.67,56.67,56.67,0.0,56.67,0
2021-10-20,57.65,57.65,57.65,57.65,0.0,57.65,0
2021-10-21,57.61,57.61,57.61,57.61,0.0,57.61,0
2021-10-22,58.11,58.11,58.11,58.11,0.0,58.11,0
2021-10-25,59.12,59.12,59.12,59.12,0.0,59.12,0
2021-10-26,59.3,59.3,59.3,59.3,0.0,59.3,0
2021-10-27,58.75,58.75,58.75,58.75,0.0,58.75,0
2021-10-28,58.43,58.43,58.43,58.43,0.0,58.43,0
2021-10-29,57.12,57.12,57.12,57.12,0.0,57.12,0
2021-11-01,57.49,57.49,57.49,57.49,0.0,57.49,0
2021-11-02,57.52,57.52,57.52,57.52,0.0,57.52,0
2021-11-03,57.73,57.73,57.73,57.73,0.0,57.73,0
2021-11-04,59.37,59.37,59.37,59.37,0.0,59.37,0
2021-11-05,60.49,60.49,60.49,60.49,0.0,60.49,0
2021-11-08,60.93,60.93,60.93,60.93,0.0,60.93,0
2021-11-09,60.99,60.99,60.99,60.99,0.0,60.99,0
2021-11-10,60.18,60.18,60.18,60.18,0.0,60.18,0
2021-11-11,60.5,60.5,60.5,60.5,0.0,60.5,0
2021-11-12,59.93,59.93,59.93,59.93,0.0,59.93,0
2021-11-15,60.33,60.33,60.33,60.33,0.0,60.33,0
2021-11-16,60.51,60.51,60.51,60.51,0.0,60.51,0
2021-11-17,60.49,60.49,60.49,60.49,0.0,60.49,0
2021-11-18,60.43,60.43,60.43,60.43,0.0,60.43,0
2021-11-19,59.24,59.24,59.24,59.24,0.0,59.24,0
2021-11-22,59.45,59.45,59.45,59.45,0.0,59.45,0
2021-11-23,60.05,60.05,60.05,60.05,0.0,60.05,0
2021-11-24,60.21,60.21,60.21,60.21,0.0,60.21,0
2021-11-26,58.36,58.36,58.36,58.36,0.0,58.36,0
2021-11-29,59.26,59.26,59.26,59.26,0.0,59.26,0
2021-11-30,56.58,56.58,56.58,56.58,0.0,56.58,0
2021-12-01,56.99,56.99,56.99,56.99,0.0,56.99,0
2021-12-02,57.23,57.23,57.23,57.23,0.0,57.23,0
2021-12-03,58.6,58.6,58.6,58.6,0.0,58.6,0
2021-12-06,59.59,59.59,59.59,59.59,0.0,59.59,0
2021-12-07,61.24,61.24,61.24,61.24,0.0,61.24,0
2021-12-08,61.51,61.51,61.51,61.51,0.0,61.51,0
2021-12-09,60.72,60.72,60.72,60.72,0.0,60.72,0
2021-12-10,60.49,60.49,60.49,60.49,0.0,60.49,0
2021-12-13,60.57,60.57,60.57,60.57,0.0,60.57,0
2021-12-14,60.54,60.54,60.54,60.54,0.0,60.54,0
2021-12-15,59.82,59.82,59.82,59.82,0.0,59.82,0
2021-12-16,59.18,59.18,59.18,59.18,0.0,59.18,0
2021-12-17,57.93,57.93,57.93,57.93,0.0,57.93,0
2021-12-20,57.3,57.3,57.3,57.3,0.0,57.3,0
2021-12-21,58.38,58.38,58.38,58.38,0.0,58.38,0
2021-12-22,57.86,57.86,57.86,57.86,0.0,57.86,0
2021-12-23,58.33,58.33,58.33,58.33,0.0,58.33,0
2021-12-27,59.29,59.29,59.29,59.29,0.0,59.29,0
2021-12-28,58.99,58.99,58.99,58.99,0.0,58.99,0
2021-12-29,59.5,59.5,59.5,59.5,0.0,59.5,0
2021-12-30,59.41,59.41,59.41,59.41,0.0,59.41,0
2021-12-31,58.09,58.09,58.09,58.09,0.0,58.09,0
2022-01-03,59.13,59.13,59.13,59.13,0.0,59.13,0
2022-01-04,59.77,59.77,59.77,59.77,0.0,59.77,0
2022-01-05,59.42,59.42,59.42,59.42,0.0,59.42,0
2022-01-06,59.66,59.66,59.66,59.66,0.0,59.66,0
2022-01-07,59.47,59.47,59.47,59.47,0.0,59.47,0
2022-01-10,59.16,59.16,59.16,59.16,0.0,59.16,0
2022-01-11,60.1,60.1,60.1,60.1,0.0,60.1,0
2022-01-12,59.93,59.93,59.93,59.93,0.0,59.93,0
2022-01-13,60.2,60.2,60.2,60.2,0.0,60.2,0
2022-01-14,60.54,60.54,60.54,60.54,0.0,60.54,0
2022-01-18,61.23,61.23,61.23,61.23,0.0,61.23,0
2022-01-19,61.42,61.42,61.42,61.42,0.0,61.42,0
2022-01-20,62.42,62.42,62.42,62.42,0.0,62.42,0
2022-01-21,62.99,62.99,62.99,62.99,0.0,62.99,0
2022-01-24,62.85,62.85,62.85,62.85,0.0,62.85,0
2022-01-25,63.82,63.82,63.82,63.82,0.0,63.82,0
2022-01-26,64.13,64.13,64.13,64.13,0.0,64.13,0
2022-01-27,63.77,63.77,63.77,63.77,0.0,63.77,0
2022-01-28,63.49,63.49,63.49,63.49,0.0,63.49,0
2022-01-31,64.01,64.01,64.01,64.01,0.0,64.01,0
2022-02-01,64.18,64.18,64.18,64.18,0.0,64.18,0
2022-02-02,64.36,64.36,64.36,64.36,0.0,64.36,0
2022-02-03,65.13,65.13,65.13,65.13,0.0,65.13,0
2022-02-04,65.46,65.46,65.46,65.46,0.0,65.46,0
2022-02-07,65.87,65.87,65.87,65.87,0.0,65.87,0
2022-02-08,65.54,65.54,65.54,65.54,0.0,65.54,0
2022-02-09,66.98,66.98,66.98,66.98,0.0,66.98,0
2022-02-10,67.59,67.59,67.59,67.59,0.0,67.59,0
2022-02-11,68.1,68.1,68.1,68.1,0.0,68.1,0
2022-02-14,68.25,68.25,68.25,68.25,0.0,68.25,0
2022-02-15,66.77,66.77,66.77,66.77,0.0,66.77,0
2022-02-16,67.25,67.25,67.25,67.25,0.0,67.25,0
2022-02-17,67.35,67.35,67.35,67.35,0.0,67.35,0
2022-02-18,67.64,67.64,67.64,67.64,0.0,67.64,0
2022-02-22,68.77,68.77,68.77,68.77,0.0,68.77,0
2022-02-23,69.71,69.71,69.71,69.71,0.0,69.71,0
2022-02-24,68.19,68.19,68.19,68.19,0.0,68.19,0
2022-02-25,66.7,66.7,66.7,66.7,0.0,66.7,0
2022-02-28,65.68,65.68,65.68,65.68,0.0,65.68,0
2022-03-01,67.2,67.2,67.2,67.2,0.0,67.2,0
2022-03-02,69.77,69.77,69.77,69.77,0.0,69.77,0
2022-03-03,69.9,69.9,69.9,69.9,0.0,69.9,0
2022-03-04,70.26,70.26,70.26,70.26,0.0,70.26,0
2022-03-07,69.22,69.22,69.22,69.22,0.0,69.22,0
2022-03-08,66.31,66.31,66.31,66.31,0.0,66.31,0
2022-03-09,65.93,65.93,65.93,65.93,0.0,65.93,0
2022-03-10,66.17,66.17,66.17,66.17,0.0,66.17,0
2022-03-11,67.84,67.84,67.84,67.84,0.0,67.84,0
2022-03-14,66.55,66.55,66.55,66.55,0.0,66.55,0
2022-03-15,68.11,68.11,68.11,68.11,0.0,68.11,0
2022-03-16,66.74,66.74,66.74,66.74,0.0,66.74,0
2022-03-17,68.59,68.59,68.59,68.59,0.0,68.59,0
2022-03-18,68.48,68.48,68.48,68.48,0.0,68.48,0
2022-03-21,69.72,69.72,69.72,69.72,0.0,69.72,0
2022-03-22,69.6,69.6,69.6,69.6,0.0,69.6,0
2022-03-23,69.87,69.87,69.87,69.87,0.0,69.87,0
2022-03-24,68.36,68.36,68.36,68.36,0.0,68.36,0
2022-03-25,69.41,69.41,69.41,69.41,0.0,69.41,0
2022-03-28,69.01,69.01,69.01,69.01,0.0,69.01,0
2022-03-29,68.83,68.83,68.83,68.83,0.0,68.83,0
2022-03-30,69.1,69.1,69.1,69.1,0.0,69.1,0
2022-03-31,69.08,69.08,69.08,69.08,0.0,69.08,0
2022-04-01,72.04,72.04,72.04,72.04,0.0,72.04,0
2022-04-04,72.07,72.07,72.07,72.07,0.0,72.07,0
2022-04-05,71.02,71.02,71.02,71.02,0.0,71.02,0
2022-04-06,69.9,69.9,69.9,69.9,0.0,69.9,0
2022-04-07,71.13,71.13,71.13,71.13,0.0,71.13,0
2022-04-08,71.13,71.13,71.13,71.13,0.0,71.13,0
2022-04-11,70.52,70.52,70.52,70.52,0.0,70.52,0
2022-04-12,70.68,70.68,70.68,70.68,0.0,70.68,0
2022-04-13,70.75,70.75,70.75,70.75,0.0,70.75,0
2022-04-14,69.7,69.7,69.7,69.7,0.0,69.7,0
2022-04-18,69.13,69.13,69.13,69.13,0.0,69.13,0
2022-04-19,68.31,68.31,68.31,68.31,0.0,68.31,0
2022-04-20,68.1,68.1,68.1,68.1,0.0,68.1,0
2022-04-21,69.32,69.32,69.32,69.32,0.0,69.32,0
2022-04-22,67.6,67.6,67.6,67.6,0.0,67.6,0
2022-04-25,67.12,67.12,67.12,67.12,0.0,67.12,0
2022-04-26,67.02,67.02,67.02,67.02,0.0,67.02,0
2022-04-27,66.37,66.37,66.37,66.37,0.0,66.37,0
2022-04-28,66.46,66.46,66.46,66.46,0.0,66.46,0
2022-04-29,65.76,65.76,65.76,65.76,0.0,65.76,0
2022-05-02,65.96,65.96,65.96,65.96,0.0,65.96,0
2022-05-03,66.37,66.37,66.37,66.37,0.0,66.37,0
2022-05-04,67.86,67.86,67.86,67.86,0.0,67.86,0
2022-05-05,68.2,68.2,68.2,68.2,0.0,68.2,0
2022-05-06,68.08,68.08,68.08,68.08,0.0,68.08,0
2022-05-09,66.16,66.16,66.16,66.16,0.0,66.16,0
2022-05-10,66.3,66.3,66.3,66.3,0.0,66.3,0
2022-05-11,69.25,69.25,69.25,69.25,0.0,69.25,0
2022-05-12,68.69,68.69,68.69,68.69,0.0,68.69,0
2022-05-13,67.67,67.67,67.67,67.67,0.0,67.67,0
2022-05-16,67.66,67.66,67.66,67.66,0.0,67.66,0
2022-05-17,69.06,69.06,69.06,69.06,0.0,69.06,0
2022-05-18,68.58,68.58,68.58,68.58,0.0,68.58,0
2022-05-19,69.19,69.19,69.19,69.19,0.0,69.19,0
2022-05-20,68.68,68.68,68.68,68.68,0.0,68.68,0
2022-05-23,69.7,69.7,69.7,69.7,0.0,69.7,0
2022-05-24,70.06,70.06,70.06,70.06,0.0,70.06,0
2022-05-25,70.33,70.33,70.33,70.33,0.0,70.33,0
2022-05-26,70.17,70.17,70.17,70.17,0.0,70.17,0
2022-05-27,69.93,69.93,69.93,69.93,0.0,69.93,0
2022-05-31,69.39,69.39,69.39,69.39,0.0,69.39,0
2022-06-01,68.87,68.87,68.87,68.87,0.0,68.87,0
2022-06-02,69.3,69.3,69.3,69.3,0.0,69.3,0
2022-06-03,68.86,68.86,68.86,68.86,0.0,68.86,0
2022-06-06,68.47,68.47,68.47,68.47,0.0,68.47,0
2022-06-07,70.04,70.04,70.04,70.04,0.0,70.04,0
2022-06-08,70.31,70.31,70.31,70.31,0.0,70.31,0
2022-06-09,71.16,71.16,71.16,71.16,0.0,71.16,0
2022-06-10,70.66,70.66,70.66,70.66,0.0,70.66,0
2022-06-13,71.35,71.35,71.35,71.35,0.0,71.35,0
2022-06-14,70.55,70.55,70.55,70.55,0.0,70.55,0
2022-06-15,70.29,70.29,70.29,70.29,0.0,70.29,0
2022-06-16,71.9,71.9,71.9,71.9,0.0,71.9,0
2022-06-17,70.76,70.76,70.76,70.76,0.0,70.76,0
2022-06-21,70.34,70.34,70.34,70.34,0.0,70.34,0
2022-06-22,69.15,69.15,69.15,69.15,0.0,69.15,0
2022-06-23,66.94,66.94,66.94,66.94,0.0,66.94,0
2022-06-24,68.89,68.89,68.89,68.89,0.0,68.89,0
2022-06-27,70.04,70.04,70.04,70.04,0.0,70.04,0
2022-06-28,71.63,71.63,71.63,71.63,0.0,71.63,0
2022-06-29,71.34,71.34,71.34,71.34,0.0,71.34,0
2022-06-30,68.86,68.86,68.86,68.86,0.0,68.86,0
2022-07-01,68.55,68.55,68.55,68.55,0.0,68.55,0
2022-07-04,68.55,68.55,68.55,68.55,0.0,68.55,0
2022-07-05,65.59,65.59,65.59,65.59,0.0,65.59,0
2022-07-06,66.01,66.01,66.01,66.01,0.0,66.01,0
2022-07-07,67.01,67.01,67.01,67.01,0.0,67.01,0
2022-07-08,67.41,67.41,67.41,67.41,0.0,67.41,0
2022-07-11,69.12,69.12,69.12,69.12,0.0,69.12,0
2022-07-12,67.29,67.29,67.29,67.29,0.0,67.29,0
2022-07-13,68.13,68.13,68.13,68.13,0.0,68.13,0
2022-07-14,67.17,67.17,67.17,67.17,0.0,67.17,0
2022-07-15,68.2,68.2,68.2,68.2,0.0,68.2,0
2022-07-18,70.43,70.43,70.43,70.43,0.0,70.43,0
2022-07-19,70.33,70.33,70.33,70.33,0.0,70.33,0
2022-07-20,69.67,69.67,69.67,69.67,0.0,69.67,0
2022-07-21,68.68,68.68,68.68,68.68,0.0,68.68,0
2022-07-22,68.46,68.46,68.46,68.46,0.0,68.46,0
2022-07-25,69.32,69.32,69.32,69.32,0.0,69.32,0
2022-07-26,69.4,69.4,69.4,69.4,0.0,69.4,0
2022-07-27,70.77,70.77,70.77,70.77,0.0,70.77,0
2022-07-28,69.49,69.49,69.49,69.49,0.0,69.49,0
2022-07-29,70.34,70.34,70.34,70.34,0.0,70.34,0
2022-08-01,69.01,69.01,69.01,69.01,0.0,69.01,0
2022-08-02,70.58,70.58,70.58,70.58,0.0,70.58,0
2022-08-03,70.37,70.37,70.37,70.37,0.0,70.37,0
2022-08-04,68.52,68.52,68.52,68.52,0.0,68.52,0
2022-08-05,68.29,68.29,68.29,68.29,0.0,68.29,0
2022-08-08,69.71,69.71,69.71,69.71,0.0,69.71,0
2022-08-09,69.14,69.14,69.14,69.14,0.0,69.14,0
2022-08-10,70.33,70.33,70.33,70.33,0.0,70.33,0
2022-08-11,70.29,70.29,70.29,70.29,0.0,70.29,0
2022-08-12,70.13,70.13,70.13,70.13,0.0,70.13,0
2022-08-15,69.87,69.87,69.87,69.87,0.0,69.87,0
2022-08-16,69.12,69.12,69.12,69.12,0.0,69.12,0
2022-08-17,69.17,69.17,69.17,69.17,0.0,69.17,0
2022-08-18,68.2,68.2,68.2,68.2,0.0,68.2,0
2022-08-19,67.16,67.16,67.16,67.16,0.0,67.16,0
2022-08-22,67.01,67.01,67.01,67.01,0.0,67.01,0
2022-08-23,67.04,67.04,67.04,67.04,0.0,67.04,0
2022-08-24,66.56,66.56,66.56,66.56,0.0,66.56,0
2022-08-25,66.18,66.18,66.18,66.18,0.0,66.18,0
2022-08-26,66.1,66.1,66.1,66.1,0.0,66.1,0
2022-08-29,66.49,66.49,66.49,66.49,0.0,66.49,0
2022-08-30,65.31,65.31,65.31,65.31,0.0,65.31,0
2022-08-31,65.67,65.67,65.67,65.67,0.0,65.67,0
2022-09-01,64.59,64.59,64.59,64.59,0.0,64.59,0
2022-09-02,64.78,64.78,64.78,64.78,0.0,64.78,0
2022-09-05,64.78,64.78,64.78,64.78,0.0,64.78,0
2022-09-06,64.87,64.87,64.87,64.87,0.0,64.87,0
2022-09-07,63.28,63.28,63.28,63.28,0.0,63.28,0
2022-09-08,63.25,63.25,63.25,63.25,0.0,63.25,0
2022-09-09,65.13,65.13,65.13,65.13,0.0,65.13,0
2022-09-12,65.95,65.95,65.95,65.95,0.0,65.95,0
2022-09-13,65.79,65.79,65.79,65.79,0.0,65.79,0
2022-09-14,65.97,65.97,65.97,65.97,0.0,65.97,0
2022-09-15,64.16,64.16,64.16,64.16,0.0,64.16,0
2022-09-16,64.02,64.02,64.02,64.02,0.0,64.02,0
2022-09-19,63.8,63.8,63.8,63.8,0.0,63.8,0
2022-09-20,61.9,61.9,61.9,61.9,0.0,61.9,0
2022-09-21,61.54,61.54,61.54,61.54,0.0,61.54,0
2022-09-22,62.02,62.02,62.02,62.02,0.0,62.02,0
2022-09-23,60.32,60.32,60.32,60.32,0.0,60.32,0
2022-09-26,60.15,60.15,60.15,60.15,0.0,60.15,0
2022-09-27,60.66,60.66,60.66,60.66,0.0,60.66,0
2022-09-28,61.85,61.85,61.85,61.85,0.0,61.85,0
2022-09-29,61.15,61.15,61.15,61.15,0.0,61.15,0
2022-09-30,60.24,60.24,60.24,60.24,0.0,60.24,0
2022-10-03,61.45,61.45,61.45,61.45,0.0,61.45,0
2022-10-04,62.37,62.37,62.37,62.37,0.0,62.37,0
2022-10-05,63.48,63.48,63.48,63.48,0.0,63.48,0
2022-10-06,64.2,64.2,64.2,64.2,0.0,64.2,0
2022-10-07,64.99,64.99,64.99,64.99,0.0,64.99,0
2022-10-10,64.51,64.51,64.51,64.51,0.0,64.51,0
2022-10-11,64.18,64.18,64.18,64.18,0.0,64.18,0
2022-10-12,63.14,63.14,63.14,63.14,0.0,63.14,0
2022-10-13,63.31,63.31,63.31,63.31,0.0,63.31,0
2022-10-14,62.37,62.37,62.37,62.37,0.0,62.37,0
2022-10-17,63.02,63.02,63.02,63.02,0.0,63.02,0
2022-10-18,64.0,64.0,64.0,64.0,0.0,64.0,0
2022-10-19,65.53,65.53,65.53,65.53,0.0,65.53,0
2022-10-20,65.38,65.38,65.38,65.38,0.0,65.38,0
2022-10-21,64.91,64.91,64.91,64.91,0.0,64.91,0
2022-10-24,64.36,64.36,64.36,64.36,0.0,64.36,0
2022-10-25,65.31,65.31,65.31,65.31,0.0,65.31,0
2022-10-26,65.72,65.72,65.72,65.72,0.0,65.72,0
2022-10-27,66.08,66.08,66.08,66.08,0.0,66.08,0
2022-10-28,65.38,65.38,65.38,65.38,0.0,65.38,0
2022-10-31,66.11,66.11,66.11,66.11,0.0,66.11,0
2022-11-01,66.13,66.13,66.13,66.13,0.0,66.13,0
2022-11-02,66.83,66.83,66.83,66.83,0.0,66.83,0
2022-11-03,66.32,66.32,66.32,66.32,0.0,66.32,0
2022-11-04,66.76,66.76,66.76,66.76,0.0,66.76,0
2022-11-07,66.92,66.92,66.92,66.92,0.0,66.92,0
2022-11-08,66.19,66.19,66.19,66.19,0.0,66.19,0
2022-11-09,65.28,65.28,65.28,65.28,0.0,65.28,0
2022-11-10,65.05,65.05,65.05,65.05,0.0,65.05,0
2022-11-11,66.38,66.38,66.38,66.38,0.0,66.38,0
2022-11-14,66.32,66.32,66.32,66.32,0.0,66.32,0
2022-11-15,67.53,67.53,67.53,67.53,0.0,67.53,0
2022-11-16,66.11,66.11,66.11,66.11,0.0,66.11,0
2022-11-17,66.22,66.22,66.22,66.22,0.0,66.22,0
2022-11-18,65.7,65.7,65.7,65.7,0.0,65.7,0
2022-11-21,66.45,66.45,66.45,66.45,0.0,66.45,0
2022-11-22,66.31,66.31,66.31,66.31,0.0,66.31,0
2022-11-23,66.08,66.08,66.08,66.08,0.0,66.08,0
2022-11-24,66.08,66.08,66.08,66.08,0.0,66.08,0
2022-11-25,65.84,65.84,65.84,65.84,0.0,65.84,0
2022-11-28,66.46,66.46,66.46,66.46,0.0,66.46,0
2022-11-29,66.6,66.6,66.6,66.6,0.0,66.6,0
2022-11-30,67.35,67.35,67.35,67.35,0.0,67.35,0
2022-12-01,67.37,67.37,67.37,67.37,0.0,67.37,0
2022-12-02,68.0,68.0,68.0,68.0,0.0,68.0,0
2022-12-05,67.13,67.13,67.13,67.13,0.0,67.13,0
2022-12-06,65.71,65.71,65.71,65.71,0.0,65.71,0
2022-12-07,64.58,64.58,64.58,64.58,0.0,64.58,0
2022-12-08,64.07,64.07,64.07,64.07,0.0,64.07,0
2022-12-09,64.78,64.78,64.78,64.78,0.0,64.78,0
2022-12-12,65.67,65.67,65.67,65.67,0.0,65.67,0
2022-12-13,65.06,65.06,65.06,65.06,0.0,65.06,0
2022-12-14,65.02,65.02,65.02,65.02,0.0,65.02,0
2022-12-15,63.8,63.8,63.8,63.8,0.0,63.8,0
2022-12-16,63.65,63.65,63.65,63.65,0.0,63.65,0
2022-12-19,64.05,64.05,64.05,64.05,0.0,64.05,0
2022-12-20,64.55,64.55,64.55,64.55,0.0,64.55,0
2022-12-21,64.4,64.4,64.4,64.4,0.0,64.4,0
2022-12-22,63.84,63.84,63.84,63.84,0.0,63.84,0
2022-12-23,64.86,64.86,64.86,64.86,0.0,64.86,0
2022-12-27,64.92,64.92,64.92,64.92,0.0,64.92,0
2022-12-28,65.52,65.52,65.52,65.52,0.0,65.52,0
2022-12-29,64.78,64.78,64.78,64.78,0.0,64.78,0
2022-12-30,65.79,65.79,65.79,65.79,0.0,65.79,0
2023-01-03,64.55,64.55,64.55,64.55,0.0,64.55,0
2023-01-04,64.3,64.3,64.3,64.3,0.0,64.3,0
2023-01-05,64.29,64.29,64.29,64.29,0.0,64.29,0
2023-01-06,64.44,64.44,64.44,64.44,0.0,64.44,0
2023-01-09,65.35,65.35,65.35,65.35,0.0,65.35,0
2023-01-10,65.15,65.15,65.15,65.15,0.0,65.15,0
2023-01-11,66.04,66.04,66.04,66.04,0.0,66.04,0
2023-01-12,65.97,65.97,65.97,65.97,0.0,65.97,0
2023-01-13,66.22,66.22,66.22,66.22,0.0,66.22,0
2023-01-16,66.22,66.22,66.22,66.22,0.0,66.22,0
2023-01-17,64.57,64.57,64.57,64.57,0.0,64.57,0
2023-01-18,64.37,64.37,64.37,64.37,0.0,64.37,0
2023-01-19,65.01,65.01,65.01,65.01,0.0,65.01,0
2023-01-20,65.25,65.25,65.25,65.25,0.0,65.25,0
2023-01-23,65.81,65.81,65.81,65.81,0.0,65.81,0
2023-01-24,64.98,64.98,64.98,64.98,0.0,64.98,0
2023-01-25,64.65,64.65,64.65,64.65,0.0,64.65,0
2023-01-26,64.44,64.44,64.44,64.44,0.0,64.44,0
2023-01-27,63.99,63.99,63.99,63.99,0.0,63.99,0
2023-01-30,63.94,63.94,63.94,63.94,0.0,63.94,0
2023-01-31,64.81,64.81,64.81,64.81,0.0,64.81,0
2023-02-01,63.84,63.84,63.84,63.84,0.0,63.84,0
2023-02-02,63.79,63.79,63.79,63.79,0.0,63.79,0
2023-02-03,62.57,62.57,62.57,62.57,0.0,62.57,0
2023-02-10,64.41,64.41,64.41,64.41,0.0,64.41,0
2023-02-13,65.15,65.15,65.15,65.15,0.0,65.15,0
2023-02-14,65.12,65.12,65.12,65.12,0.0,65.12,0
2023-02-15,65.4,65.4,65.4,65.4,0.0,65.4,0
2023-02-16,65.51,65.51,65.51,65.51,0.0,65.51,0
2023-02-17,64.57,64.57,64.57,64.57,0.0,64.57,0
2023-02-20,64.57,64.57,64.57,64.57,0.0,64.57,0
2023-02-21,64.81,64.81,64.81,64.81,0.0,64.81,0
2023-02-22,64.49,64.49,64.49,64.49,0.0,64.49,0
2023-02-23,64.53,64.53,64.53,64.53,0.0,64.53,0
2023-02-24,64.23,64.23,64.23,64.23,0.0,64.23,0
2023-02-27,63.46,63.46,63.46,63.46,0.0,63.46,0
2023-02-28,63.04,63.04,63.04,63.04,0.0,63.04,0
2023-03-01,63.36,63.36,63.36,63.36,0.0,63.36,0
2023-03-02,63.65,63.65,63.65,63.65,0.0,63.65,0
2023-03-03,64.57,64.57,64.57,64.57,0.0,64.57,0
2023-03-06,64.78,64.78,64.78,64.78,0.0,64.78,0
2023-03-07,63.52,63.52,63.52,63.52,0.0,63.52,0
2023-03-08,63.4,63.4,63.4,63.4,0.0,63.4,0
2023-03-09,63.18,63.18,63.18,63.18,0.0,63.18,0
2023-03-10,63.3,63.3,63.3,63.3,0.0,63.3,0
2023-03-13,62.75,62.75,62.75,62.75,0.0,62.75,0
2023-03-14,62.09,62.09,62.09,62.09,0.0,62.09,0
2023-03-15,60.92,60.92,60.92,60.92,0.0,60.92,0
2023-03-16,61.62,61.62,61.62,61.62,0.0,61.62,0
2023-03-17,61.61,61.61,61.61,61.61,0.0,61.61,0
2023-03-20,61.89,61.89,61.89,61.89,0.0,61.89,0
2023-03-21,62.06,62.06,62.06,62.06,0.0,62.06,0
2023-03-22,62.18,62.18,62.18,62.18,0.0,62.18,0
2023-03-23,62.19,62.19,62.19,62.19,0.0,62.19,0
2023-03-24,62.17,62.17,62.17,62.17,0.0,62.17,0
2023-03-27,63.29,63.29,63.29,63.29,0.0,63.29,0
2023-03-28,63.42,63.42,63.42,63.42,0.0,63.42,0
2023-03-29,63.4,63.4,63.4,63.4,0.0,63.4,0
2023-03-30,63.24,63.24,63.24,63.24,0.0,63.24,0
2023-03-31,63.39,63.39,63.39,63.39,0.0,63.39,0
2023-04-03,63.54,63.54,63.54,63.54,0.0,63.54,0
2023-04-04,63.6,63.6,63.6,63.6,0.0,63.6,0
2023-04-05,63.78,63.78,63.78,63.78,0.0,63.78,0
2023-04-06,63.65,63.65,63.65,63.65,0.0,63.65,0
2023-04-10,63.41,63.41,63.41,63.41,0.0,63.41,0
2023-04-11,63.96,63.96,63.96,63.96,0.0,63.96,0
2023-04-12,64.63,64.63,64.63,64.63,0.0,64.63,0
2023-04-13,64.68,64.68,64.68,64.68,0.0,64.68,0
2023-04-14,64.89,64.89,64.89,64.89,0.0,64.89,0
2023-04-17,64.79,64.79,64.79,64.79,0.0,64.79,0
2023-04-18,65.17,65.17,65.17,65.17,0.0,65.17,0
2023-04-19,64.66,64.66,64.66,64.66,0.0,64.66,0
2023-04-20,63.88,63.88,63.88,63.88,0.0,63.88,0
2023-04-21,65.25,65.25,65.25,65.25,0.0,65.25,0
2023-04-24,65.58,65.58,65.58,65.58,0.0,65.58,0
2023-04-25,64.32,64.32,64.32,64.32,0.0,64.32,0
2023-04-26,63.95,63.95,63.95,63.95,0.0,63.95,0
2023-04-27,63.62,63.62,63.62,63.62,0.0,63.62,0
2023-04-28,64.9,64.9,64.9,64.9,0.0,64.9,0
2023-05-01,64.16,64.16,64.16,64.16,0.0,64.16,0
2023-05-02,63.03,63.03,63.03,63.03,0.0,63.03,0
2023-05-03,61.8,61.8,61.8,61.8,0.0,61.8,0
2023-05-04,60.88,60.88,60.88,60.88,0.0,60.88,0
2023-05-05,62.18,62.18,62.18,62.18,0.0,62.18,0
2023-05-08,63.14,63.14,63.14,63.14,0.0,63.14,0
2023-05-09,63.82,63.82,63.82,63.82,0.0,63.82,0
2023-05-10,63.43,63.43,63.43,63.43,0.0,63.43,0
2023-05-11,62.33,62.33,62.33,62.33,0.0,62.33,0
2023-05-12,61.9,61.9,61.9,61.9,0.0,61.9,0
2023-05-15,62.41,62.41,62.41,62.41,0.0,62.41,0
2023-05-16,62.38,62.38,62.38,62.38,0.0,62.38,0
2023-05-17,63.53,63.53,63.53,63.53,0.0,63.53,0
2023-05-18,63.48,63.48,63.48,63.48,0.0,63.48,0
2023-05-19,62.27,62.27,62.27,62.27,0.0,62.27,0
2023-05-22,62.26,62.26,62.26,62.26,0.0,62.26,0
2023-05-23,62.75,62.75,62.75,62.75,0.0,62.75,0
2023-05-24,63.51,63.51,63.51,63.51,0.0,63.51,0
2023-05-25,62.26,62.26,62.26,62.26,0.0,62.26,0
2023-05-26,62.84,62.84,62.84,62.84,0.0,62.84,0
2023-05-29,62.84,62.84,62.84,62.84,0.0,62.84,0
2023-05-30,61.49,61.49,61.49,61.49,0.0,61.49,0
2023-05-31,60.73,60.73,60.73,60.73,0.0,60.73,0
2023-06-01,61.51,61.51,61.51,61.51,0.0,61.51,0
2023-06-02,62.25,62.25,62.25,62.25,0.0,62.25,0
2023-06-05,61.77,61.77,61.77,61.77,0.0,61.77,0
2023-06-06,61.58,61.58,61.58,61.58,0.0,61.58,0
2023-06-07,61.92,61.92,61.92,61.92,0.0,61.92,0
2023-06-08,61.09,61.09,61.09,61.09,0.0,61.09,0
2023-06-09,61.0,61.0,61.0,61.0,0.0,61.0,0
2023-06-12,59.99,59.99,59.99,59.99,0.0,59.99,0
2023-06-13,61.59,61.59,61.59,61.59,0.0,61.59,0
2023-06-14,61.02,61.02,61.02,61.02,0.0,61.02,0
2023-06-15,62.46,62.46,62.46,62.46,0.0,62.46,0
2023-06-16,62.94,62.94,62.94,62.94,0.0,62.94,0
2023-06-19,62.94,62.94,62.94,62.94,0.0,62.94,0
2023-06-20,62.63,62.63,62.63,62.63,0.0,62.63,0
2023-06-21,63.14,63.14,63.14,63.14,0.0,63.14,0
2023-06-22,61.91,61.91,61.91,61.91,0.0,61.91,0
2023-06-23,61.6,61.6,61.6,61.6,0.0,61.6,0
2023-06-26,61.84,61.84,61.84,61.84,0.0,61.84,0
2023-06-27,61.9,61.9,61.9,61.9,0.0,61.9,0
2023-06-28,62.17,62.17,62.17,62.17,0.0,62.17,0
2023-06-29,62.18,62.18,62.18,62.18,0.0,62.18,0
2023-06-30,62.45,62.45,62.45,62.45,0.0,62.45,0
2023-07-03,61.42,61.42,61.42,61.42,0.0,61.42,0
2023-07-04,61.42,61.42,61.42,61.42,0.0,61.42,0
2023-07-05,62.71,62.71,62.71,62.71,0.0,62.71,0
2023-07-06,62.38,62.38,62.38,62.38,0.0,62.38,0
2023-07-07,62.55,62.55,62.55,62.55,0.0,62.55,0
2023-07-10,63.04,63.04,63.04,63.04,0.0,63.04,0
2023-07-11,63.84,63.84,63.84,63.84,0.0,63.84,0
2023-07-12,64.04,64.04,64.04,64.04,0.0,64.04,0
2023-07-13,64.58,64.58,64.58,64.58,0.0,64.58,0
2023-07-14,63.89,63.89,63.89,63.89,0.0,63.89,0
2023-07-17,63.92,63.92,63.92,63.92,0.0,63.92,0
2023-07-18,64.76,64.76,64.76,64.76,0.0,64.76,0
2023-07-19,65.21,65.21,65.21,65.21,0.0,65.21,0
2023-07-20,65.16,65.16,65.16,65.16,0.0,65.16,0
2023-07-21,65.51,65.51,65.51,65.51,0.0,65.51,0
2023-07-24,66.17,66.17,66.17,66.17,0.0,66.17,0
2023-07-25,66.22,66.22,66.22,66.22,0.0,66.22,0
2023-07-26,66.11,66.11,66.11,66.11,0.0,66.11,0
2023-07-27,66.61,66.61,66.61,66.61,0.0,66.61,0
2023-07-28,67.08,67.08,67.08,67.08,0.0,67.08,0
2023-07-31,67.35,67.35,67.35,67.35,0.0,67.35,0
2023-08-01,67.12,67.12,67.12,67.12,0.0,67.12,0
2023-08-02,66.03,66.03,66.03,66.03,0.0,66.03,0
2023-08-03,66.89,66.89,66.89,66.89,0.0,66.89,0
2023-08-04,67.63,67.63,67.63,67.63,0.0,67.63,0
2023-08-07,67.76,67.76,67.76,67.76,0.0,67.76,0
2023-08-08,68.31,68.31,68.31,68.31,0.0,68.31,0
2023-08-09,68.67,68.67,68.67,68.67,0.0,68.67,0
2023-08-10,68.1,68.1,68.1,68.1,0.0,68.1,0
2023-08-11,67.97,67.97,67.97,67.97,0.0,67.97,0
2023-08-14,67.91,67.91,67.91,67.91,0.0,67.91,0
2023-08-15,67.33,67.33,67.33,67.33,0.0,67.33,0
2023-08-16,67.51,67.51,67.51,67.51,0.0,67.51,0
2023-08-17,67.8,67.8,67.8,67.8,0.0,67.8,0
2023-08-18,68.24,68.24,68.24,68.24,0.0,68.24,0
2023-08-21,68.28,68.28,68.28,68.28,0.0,68.28,0
2023-08-22,68.19,68.19,68.19,68.19,0.0,68.19,0
2023-08-23,67.87,67.87,67.87,67.87,0.0,67.87,0
2023-08-24,67.23,67.23,67.23,67.23,0.0,67.23,0
2023-08-25,67.64,67.64,67.64,67.64,0.0,67.64,0
2023-08-28,67.43,67.43,67.43,67.43,0.0,67.43,0
2023-08-29,68.0,68.0,68.0,68.0,0.0,68.0,0
2023-08-30,67.96,67.96,67.96,67.96,0.0,67.96,0
2023-08-31,68.37,68.37,68.37,68.37,0.0,68.37,0
2023-09-01,69.02,69.02,69.02,69.02,0.0,69.02,0
2023-09-04,69.02,69.02,69.02,69.02,0.0,69.02,0
2023-09-05,69.43,69.43,69.43,69.43,0.0,69.43,0
2023-09-06,69.41,69.41,69.41,69.41,0.0,69.41,0
2023-09-07,69.74,69.74,69.74,69.74,0.0,69.74,0
2023-09-08,69.49,69.49,69.49,69.49,0.0,69.49,0
2023-09-11,69.71,69.71,69.71,69.71,0.0,69.71,0
2023-09-12,69.81,69.81,69.81,69.81,0.0,69.81,0
2023-09-13,69.66,69.66,69.66,69.66,0.0,69.66,0
2023-09-14,70.0,70.0,70.0,70.0,0.0,70.0,0
2023-09-15,69.51,69.51,69.51,69.51,0.0,69.51,0
2023-09-18,69.96,69.96,69.96,69.96,0.0,69.96,0
2023-09-19,70.1,70.1,70.1,70.1,0.0,70.1,0
2023-09-20,70.29,70.29,70.29,70.29,0.0,70.29,0
2023-09-21,70.47,70.47,70.47,70.47,0.0,70.47,0
2023-09-22,69.75,69.75,69.75,69.75,0.0,69.75,0
2023-09-25,70.07,70.07,70.07,70.07,0.0,70.07,0
2023-09-26,70.19,70.19,70.19,70.19,0.0,70.19,0
2023-09-27,70.57,70.57,70.57,70.57,0.0,70.57,0
2023-09-28,70.57,70.57,70.57,70.57,0.0,70.57,0
2023-09-29,70.27,70.27,70.27,70.27,0.0,70.27,0
2023-10-02,70.16,70.16,70.16,70.16,0.0,70.16,0
2023-10-03,70.0,70.0,70.0,70.0,0.0,70.0,0
2023-10-04,67.21,67.21,67.21,67.21,0.0,67.21,0
2023-10-05,66.38,66.38,66.38,66.38,0.0,66.38,0
2023-10-06,66.48,66.48,66.48,66.48,0.0,66.48,0
2023-10-09,67.5,67.5,67.5,67.5,0.0,67.5,0
2023-10-10,68.29,68.29,68.29,68.29,0.0,68.29,0
2023-10-11,68.65,68.65,68.65,68.65,0.0,68.65,0
2023-10-12,68.73,68.73,68.73,68.73,0.0,68.73,0
2023-10-13,70.04,70.04,70.04,70.04,0.0,70.04,0
2023-10-16,70.31,70.31,70.31,70.31,0.0,70.31,0
2023-10-17,70.48,70.48,70.48,70.48,0.0,70.48,0
2023-10-18,70.92,70.92,70.92,70.92,0.0,70.92,0
2023-10-19,70.5,70.5,70.5,70.5,0.0,70.5,0
2023-10-20,70.07,70.07,70.07,70.07,0.0,70.07,0
2023-10-23,69.67,69.67,69.67,69.67,0.0,69.67,0
2023-10-24,69.34,69.34,69.34,69.34,0.0,69.34,0
2023-10-25,70.16,70.16,70.16,70.16,0.0,70.16,0
2023-10-26,69.59,69.59,69.59,69.59,0.0,69.59,0
2023-10-27,70.34,70.34,70.34,70.34,0.0,70.34,0
2023-10-30,69.44,69.44,69.44,69.44,0.0,69.44,0
2023-10-31,69.18,69.18,69.18,69.18,0.0,69.18,0
2023-11-01,68.86,68.86,68.86,68.86,0.0,68.86,0
2023-11-02,69.57,69.57,69.57,69.57,0.0,69.57,0
2023-11-03,68.86,68.86,68.86,68.86,0.0,68.86,0
2023-11-06,69.54,69.54,69.54,69.54,0.0,69.54,0
2023-11-07,67.39,67.39,67.39,67.39,0.0,67.39,0
2023-11-08,66.37,66.37,66.37,66.37,0.0,66.37,0
2023-11-09,66.82,66.82,66.82,66.82,0.0,66.82,0
2023-11-10,67.65,67.65,67.65,67.65,0.0,67.65,0
2023-11-13,68.15,68.15,68.15,68.15,0.0,68.15,0
2023-11-14,67.65,67.65,67.65,67.65,0.0,67.65,0
2023-11-15,67.37,67.37,67.37,67.37,0.0,67.37,0
2023-11-16,65.5,65.5,65.5,65.5,0.0,65.5,0
2023-11-17,67.23,67.23,67.23,67.23,0.0,67.23,0
2023-11-20,68.01,68.01,68.01,68.01,0.0,68.01,0
2023-11-21,67.8,67.8,67.8,67.8,0.0,67.8,0
2023-11-22,67.29,67.29,67.29,67.29,0.0,67.29,0
2023-11-23,67.29,67.29,67.29,67.29,0.0,67.29,0
2023-11-24,66.6,66.6,66.6,66.6,0.0,66.6,0
2023-11-27,66.29,66.29,66.29,66.29,0.0,66.29,0
2023-11-28,66.88,66.88,66.88,66.88,0.0,66.88,0
2023-11-29,67.6,67.6,67.6,67.6,0.0,67.6,0
2023-11-30,66.55,66.55,66.55,66.55,0.0,66.55,0
2023-12-01,65.82,65.82,65.82,65.82,0.0,65.82,0
2023-12-04,66.12,66.12,66.12,66.12,0.0,66.12,0
2023-12-05,65.69,65.69,65.69,65.69,0.0,65.69,0
2023-12-06,64.73,64.73,64.73,64.73,0.0,64.73,0
2023-12-07,64.75,64.75,64.75,64.75,0.0,64.75,0
2023-12-08,65.53,65.53,65.53,65.53,0.0,65.53,0
2023-12-11,65.87,65.87,65.87,65.87,0.0,65.87,0
2023-12-12,64.64,64.64,64.64,64.64,0.0,64.64,0
2023-12-13,65.34,65.34,65.34,65.34,0.0,65.34,0
2023-12-14,66.47,66.47,66.47,66.47,0.0,66.47,0
2023-12-15,66.39,66.39,66.39,66.39,0.0,66.39,0
2023-12-18,66.66,66.66,66.66,66.66,0.0,66.66,0
2023-12-19,67.13,67.13,67.13,67.13,0.0,67.13,0
2023-12-20,66.92,66.92,66.92,66.92,0.0,66.92,0
2023-12-21,66.32,66.32,66.32,66.32,0.0,66.32,0
2023-12-22,65.6,65.6,65.6,65.6,0.0,65.6,0
2023-12-26,66.07,66.07,66.07,66.07,0.0,66.07,0
2023-12-27,65.86,65.86,65.86,65.86,0.0,65.86,0
2023-12-28,64.74,64.74,64.74,64.74,0.0,64.74,0
2023-12-29,64.5,64.5,64.5,64.5,0.0,64.5,0
2024-01-02,64.3,64.3,64.3,64.3,0.0,64.3,0
2024-01-03,65.38,65.38,65.38,65.38,0.0,65.38,0
2024-01-04,64.95,64.95,64.95,64.95,0.0,64.95,0
2024-01-05,65.4,65.4,65.4,65.4,0.0,65.4,0
2024-01-08,64.33,64.33,64.33,64.33,0.0,64.33,0
2024-01-09,64.64,64.64,64.64,64.64,0.0,64.64,0
2024-01-10,64.49,64.49,64.49,64.49,0.0,64.49,0
2024-01-11,64.87,64.87,64.87,64.87,0.0,64.87,0
2024-01-12,65.65,65.65,65.65,65.65,0.0,65.65,0
2024-01-15,65.65,65.65,65.65,65.65,0.0,65.65,0
2024-01-16,65.23,65.23,65.23,65.23,0.0,65.23,0
2024-01-17,65.08,65.08,65.08,65.08,0.0,65.08,0
2024-01-18,65.61,65.61,65.61,65.61,0.0,65.61,0
2024-01-19,65.08,65.08,65.08,65.08,0.0,65.08,0
2024-01-22,66.1,66.1,66.1,66.1,0.0,66.1,0
2024-01-23,65.98,65.98,65.98,65.98,0.0,65.98,0
2024-01-24,66.27,66.27,66.27,66.27,0.0,66.27,0
2024-01-25,67.04,67.04,67.04,67.04,0.0,67.04,0
2024-01-26,67.53,67.53,67.53,67.53,0.0,67.53,0
2024-01-29,66.88,66.88,66.88,66.88,0.0,66.88,0
2024-01-30,67.5,67.5,67.5,67.5,0.0,67.5,0
2024-01-31,66.58,66.58,66.58,66.58,0.0,66.58,0
2024-02-01,65.31,65.31,65.31,65.31,0.0,65.31,0
2024-02-02,64.64,64.64,64.64,64.64,0.0,64.64,0
2024-02-05,65.13,65.13,65.13,65.13,0.0,65.13,0
2024-02-06,65.11,65.11,65.11,65.11,0.0,65.11,0
2024-02-07,65.44,65.44,65.44,65.44,0.0,65.44,0
2024-02-08,66.32,66.32,66.32,66.32,0.0,66.32,0
2024-02-09,66.75,66.75,66.75,66.75,0.0,66.75,0
2024-02-12,66.93,66.93,66.93,66.93,0.0,66.93,0
2024-02-13,67.19,67.19,67.19,67.19,0.0,67.19,0
2024-02-14,66.58,66.58,66.58,66.58,0.0,66.58,0
2024-02-15,66.89,66.89,66.89,66.89,0.0,66.89,0
2024-02-16,67.1,67.1,67.1,67.1,0.0,67.1,0
2024-02-19,67.1,67.1,67.1,67.1,0.0,67.1,0
2024-02-20,66.24,66.24,66.24,66.24,0.0,66.24,0
2024-02-21,66.41,66.41,66.41,66.41,0.0,66.41,0
2024-02-22,66.68,66.68,66.68,66.68,0.0,66.68,0
2024-02-23,66.14,66.14,66.14,66.14,0.0,66.14,0
2024-02-26,66.38,66.38,66.38,66.38,0.0,66.38,0
2024-02-27,66.68,66.68,66.68,66.68,0.0,66.68,0
2024-02-28,66.53,66.53,66.53,66.53,0.0,66.53,0
2024-02-29,66.35,66.35,66.35,66.35,0.0,66.35,0
2024-03-01,66.5,66.5,66.5,66.5,0.0,66.5,0
2024-03-04,67.08,67.08,67.08,67.08,0.0,67.08,0
2024-03-05,66.5,66.5,66.5,66.5,0.0,66.5,0
2024-03-06,66.55,66.55,66.55,66.55,0.0,66.55,0
2024-03-07,66.76,66.76,66.76,66.76,0.0,66.76,0
2024-03-08,66.38,66.38,66.38,66.38,0.0,66.38,0
2024-03-11,66.91,66.91,66.91,66.91,0.0,66.91,0
2024-03-12,66.82,66.82,66.82,66.82,0.0,66.82,0
2024-03-13,67.59,67.59,67.59,67.59,0.0,67.59,0
2024-03-14,67.96,67.96,67.96,67.96,0.0,67.96,0
2024-03-15,68.21,68.21,68.21,68.21,0.0,68.21,0
2024-03-18,68.49,68.49,68.49,68.49,0.0,68.49,0
2024-03-19,68.69,68.69,68.69,68.69,0.0,68.69,0
2024-03-20,68.28,68.28,68.28,68.28,0.0,68.28,0
2024-03-21,68.3,68.3,68.3,68.3,0.0,68.3,0
2024-03-22,67.95,67.95,67.95,67.95,0.0,67.95,0
2024-03-25,68.52,68.52,68.52,68.52,0.0,68.52,0
2024-03-26,68.51,68.51,68.51,68.51,0.0,68.51,0
2024-03-27,68.49,68.49,68.49,68.49,0.0,68.49,0
2024-03-28,68.95,68.95,68.95,68.95,0.0,68.95,0
2024-04-01,68.93,68.93,68.93,68.93,0.0,68.93,0
2024-04-02,69.11,69.11,69.11,69.11,0.0,69.11,0
2024-04-03,69.5,69.5,69.5,69.5,0.0,69.5,0
2024-04-04,69.78,69.78,69.78,69.78,0.0,69.78,0
2024-04-05,69.6,69.6,69.6,69.6,0.0,69.6,0
2024-04-08,69.5,69.5,69.5,69.5,0.0,69.5,0
2024-04-09,69.07,69.07,69.07,69.07,0.0,69.07,0
2024-04-10,69.46,69.46,69.46,69.46,0.0,69.46,0
2024-04-11,69.55,69.55,69.55,69.55,0.0,69.55,0
2024-04-12,70.0,70.0,70.0,70.0,0.0,70.0,0
2024-04-15,70.28,70.28,70.28,70.28,0.0,70.28,0
2024-04-16,70.55,70.55,70.55,70.55,0.0,70.55,0
2024-04-17,69.65,69.65,69.48,69.48,8.0,69.65,1
2024-04-18,69.35,69.35,69.35,69.35,0.0,69.35,0
2024-04-19,69.1,69.1,69.1,69.1,0.0,69.1,0
2024-04-22,68.98,68.98,68.98,68.98,0.0,68.98,0
2024-04-23,69.38,69.38,69.38,69.38,0.0,69.38,0
2024-04-24,69.63,69.63,69.63,69.63,0.0,69.63,0
2024-04-25,69.85,69.85,69.85,69.85,0.0,69.85,0
2024-04-26,70.11,70.11,70.11,70.11,0.0,70.11,0
2024-04-29,69.69,69.69,69.69,69.69,0.0,69.69,0
2024-04-30,69.38,69.38,69.38,69.38,0.0,69.38,0
2024-05-01,67.75,67.75,67.75,67.75,0.0,67.75,0
2024-05-02,68.18,68.18,68.18,68.18,0.0,68.18,0
2024-05-03,68.34,68.34,68.34,68.34,0.0,68.34,0
2024-05-06,68.63,68.63,68.63,68.63,0.0,68.63,0
2024-05-07,68.42,68.42,68.42,68.42,0.0,68.42,0
2024-05-08,68.21,68.21,68.21,68.21,0.0,68.21,0
2024-05-09,68.37,68.37,68.37,68.37,0.0,68.37,0
2024-05-10,67.94,67.94,67.94,67.94,0.0,67.94,0
2024-05-13,68.2,68.2,68.2,68.2,0.0,68.2,0
2024-05-14,68.17,68.17,68.17,68.17,0.0,68.17,0
2024-05-15,68.36,68.36,68.36,68.36,0.0,68.36,0
2024-05-16,68.73,68.73,68.73,68.73,0.0,68.73,0
2024-05-17,69.18,69.18,69.18,69.18,0.0,69.18,0
2024-05-20,69.37,69.37,69.37,69.37,0.0,69.37,0
2024-05-21,69.21,69.21,69.21,69.21,0.0,69.21,0
2024-05-22,68.3,68.3,68.3,68.3,0.0,68.3,0
2024-05-23,68.0,68.0,68.0,68.0,0.0,68.0,0
2024-05-24,68.14,68.14,68.14,68.14,0.0,68.14,0
2024-05-27,68.14,68.14,68.14,68.14,0.0,68.14,0
2024-05-28,69.29,69.29,69.29,69.29,0.0,69.29,0
2024-05-29,69.08,69.08,69.08,69.08,0.0,69.08,0
2024-05-30,68.55,68.55,68.55,68.55,0.0,68.55,0
2024-05-31,68.86,68.86,68.86,68.86,0.0,68.86,0
2024-06-03,67.47,67.47,67.47,67.47,0.0,67.47,0
2024-06-04,66.17,66.17,66.17,66.17,0.0,66.17,0
2024-06-05,66.2,66.2,66.18,66.18,35.0,66.2,5
2024-06-06,66.86,66.86,66.86,66.86,0.0,66.86,0
2024-06-07,67.42,67.42,67.42,67.42,0.0,67.42,0
2024-06-10,68.41,68.41,68.41,68.41,0.0,68.41,0
2024-06-11,68.83,68.83,68.83,68.83,0.0,68.83,0
2024-06-12,69.01,69.01,69.01,69.01,0.0,69.01,0
2024-06-13,69.04,69.04,69.04,69.04,0.0,69.04,0
2024-06-14,68.69,68.69,68.69,68.69,0.0,68.69,0
2024-06-17,68.61,68.61,68.61,68.61,0.0,68.61,0
2024-06-18,69.51,69.51,69.51,69.51,0.0,69.51,0
2024-06-19,69.51,69.51,69.51,69.51,0.0,69.51,0
2024-06-20,69.74,69.74,69.74,69.74,0.0,69.74,0
2024-06-21,69.38,69.38,69.38,69.38,0.0,69.38,0
2024-06-24,69.93,69.93,69.93,69.93,0.0,69.93,0
2024-06-25,69.74,69.74,69.74,69.74,0.0,69.74,0
2024-06-26,70.05,70.05,70.05,70.05,0.0,70.05,0
2024-06-27,69.95,69.95,69.95,69.95,0.0,69.95,0
2024-06-28,70.06,70.06,69.74,69.74,33.0,70.052,33
2024-07-01,70.69,70.69,70.69,70.69,10.0,70.69,2
2024-07-02,70.67,70.67,70.67,70.67,0.0,70.67,0
2024-07-03,71.2,71.2,71.2,71.2,0.0,71.2,0
2024-07-04,71.2,71.2,71.2,71.2,0.0,71.2,0
2024-07-05,70.76,70.76,70.76,70.76,0.0,70.76,0
2024-07-08,70.7,70.7,70.7,70.7,0.0,70.7,0
2024-07-09,69.97,69.97,69.97,69.97,0.0,69.97,0
2024-07-10,70.0,70.0,70.0,70.0,0.0,70.0,0
2024-07-11,69.89,69.89,69.89,69.89,0.0,69.89,0
2024-07-12,69.89,69.89,69.89,69.89,0.0,69.89,0
2024-07-15,69.68,69.68,69.68,69.68,0.0,69.68,0
2024-07-16,69.12,69.12,69.12,69.12,0.0,69.12,0
2024-07-17,69.51,69.51,69.51,69.51,0.0,69.51,0
2024-07-18,69.54,69.54,69.54,69.54,0.0,69.54,0
2024-07-19,68.18,68.18,68.18,68.18,0.0,68.18,0
2024-07-22,68.4,68.42,68.4,68.42,10.0,68.4,2
2024-07-23,67.75,67.75,67.44,67.44,9.0,67.75,7
2024-07-24,67.98,67.98,67.98,67.98,0.0,67.98,0
2024-07-25,68.27,68.27,68.27,68.27,0.0,68.27,0
2024-07-26,67.85,67.85,67.85,67.85,0.0,67.85,0
2024-07-29,67.52,67.52,67.52,67.52,0.0,67.52,0
2024-07-30,67.17,67.17,67.14,67.14,5.0,67.17,1
2024-07-31,68.27,68.27,68.27,68.27,0.0,68.27,0
2024-08-01,67.67,67.67,67.67,67.67,0.0,67.67,0
2024-08-02,65.96,65.96,65.96,65.96,0.0,65.96,0
2024-08-05,66.11,66.11,66.11,66.11,0.0,66.11,0
2024-08-06,65.78,65.78,65.78,65.78,0.0,65.78,0
2024-08-07,66.58,66.58,66.58,66.58,0.0,66.58,0
2024-08-08,67.24,67.24,67.24,67.24,0.0,67.24,0
2024-08-09,67.56,67.56,67.56,67.56,0.0,67.56,0
2024-08-12,68.9,68.9,68.9,68.9,0.0,68.9,0
2024-08-13,68.01,68.01,68.01,68.01,0.0,68.01,0
2024-08-14,67.78,67.78,67.78,67.78,0.0,67.78,0
2024-08-15,68.3,68.3,68.3,68.3,0.0,68.3,0
2024-08-16,67.59,67.59,67.59,67.59,0.0,67.59,0
2024-08-19,66.85,66.85,66.85,66.85,0.0,66.85,0
2024-08-20,66.23,66.28,66.23,66.28,12.0,66.235,4
2024-08-21,66.48,66.48,65.74,65.74,5.0,66.474,5
2024-08-22,66.19,66.19,66.19,66.19,0.0,66.19,0
2024-08-23,67.15,67.15,67.15,67.15,0.0,67.15,0
2024-08-26,68.03,68.03,68.03,68.03,0.0,68.03,0
2024-08-27,67.37,67.37,67.37,67.37,0.0,67.37,0
2024-08-28,66.74,66.74,66.74,66.74,0.0,66.74,0
2024-08-29,67.46,67.46,67.46,67.46,0.0,67.46,0
2024-08-30,66.47,66.47,66.47,66.47,0.0,66.47,0
2024-09-02,66.47,66.47,66.47,66.47,0.0,66.47,0
2024-09-03,65.05,65.05,65.05,65.05,0.0,65.05,0
2024-09-04,64.9,64.9,64.9,64.9,0.0,64.9,0
2024-09-05,65.33,65.33,65.33,65.33,0.0,65.33,0
2024-09-06,64.65,64.65,64.65,64.65,0.0,64.65,0
2024-09-09,64.74,64.74,64.74,64.74,0.0,64.74,0
2024-09-10,63.12,63.12,63.12,63.12,0.0,63.12,0
2024-09-11,63.97,63.97,63.97,63.97,0.0,63.97,0
2024-09-12,64.88,64.88,64.88,64.88,0.0,64.88,0
2024-09-13,64.44,64.44,64.44,64.44,0.0,64.44,0
2024-09-16,65.16,65.16,65.16,65.16,0.0,65.16,0
2024-09-17,65.71,65.71,65.71,65.71,0.0,65.71,0
2024-09-18,65.66,65.66,65.66,65.66,0.0,65.66,0
2024-09-19,66.04,66.04,66.04,66.04,0.0,66.04,0
2024-09-20,66.01,66.01,66.01,66.01,0.0,66.01,0
2024-09-23,65.98,65.98,65.98,65.98,0.0,65.98,0
2024-09-24,66.78,66.78,66.78,66.78,0.0,66.78,0
2024-09-25,66.05,66.05,66.05,66.05,0.0,66.05,0
2024-09-26,65.41,65.41,65.41,65.41,0.0,65.41,0
2024-09-27,65.52,65.52,65.52,65.52,0.0,65.52,0
2024-09-30,65.72,65.72,65.72,65.72,0.0,65.72,0
2024-10-01,66.68,66.68,66.68,66.68,0.0,66.68,0
2024-10-02,66.64,66.64,66.64,66.64,0.0,66.64,0
2024-10-03,68.55,68.55,68.55,68.55,0.0,68.55,0
2024-10-04,68.21,68.21,68.21,68.21,0.0,68.21,0
2024-10-07,69.73,69.73,69.73,69.73,0.0,69.73,0
2024-10-08,68.33,68.33,68.33,68.33,0.0,68.33,0
2024-10-09,67.05,67.78,67.05,67.78,18.0,67.05,2
2024-10-10,68.72,68.72,68.72,68.72,0.0,68.72,0
2024-10-11,68.75,68.75,68.75,68.75,0.0,68.75,0
2024-10-14,68.28,68.28,68.28,68.28,0.0,68.28,0
2024-10-15,66.25,66.31,66.25,66.31,1.0,66.25,1
2024-10-16,65.86,65.86,65.86,65.86,0.0,65.86,0
2024-10-17,66.07,66.07,66.07,66.07,0.0,66.07,0
2024-10-18,65.4,65.4,65.4,65.4,0.0,65.4,0
2024-10-21,66.14,66.14,66.14,66.14,0.0,66.14,0
2024-10-22,67.16,67.16,67.16,67.16,0.0,67.16,0
2024-10-23,66.37,66.37,66.37,66.37,0.0,66.37,0
2024-10-24,66.26,66.26,66.26,66.26,0.0,66.26,0
2024-10-25,67.14,67.14,67.14,67.14,0.0,67.14,0
2024-10-28,64.42,64.42,64.42,64.42,0.0,64.42,0
2024-10-29,64.39,64.39,64.39,64.39,0.0,64.39,0
2024-10-30,65.28,65.28,65.28,65.28,0.0,65.28,0
2024-10-31,65.53,65.62,65.34,65.34,9.0,65.54,9
2024-11-01,66.6,66.6,65.65,65.65,5.0,66.416,5
2024-11-04,66.26,66.26,66.26,66.26,0.0,66.26,0
2024-11-05,66.76,66.76,66.38,66.38,1.0,66.76,1
2024-11-06,66.45,66.45,66.45,66.45,0.0,66.45,0
2024-11-07,66.75,67.0,66.75,67.0,9.0,66.75,1
2024-11-08,66.63,66.63,66.25,66.25,3.0,66.63,3
2024-11-11,65.09,65.09,65.09,65.09,0.0,65.09,0
2024-11-12,65.0,65.0,65.0,65.0,0.0,65.0,0
2024-11-13,63.91,64.96,63.9,64.96,10.0,63.902,8
2024-11-14,64.7,64.81,64.7,64.81,7.0,64.7,4
2024-11-15,63.9,63.9,63.9,63.9,0.0,63.9,0
2024-11-18,64.7,65.54,64.7,65.54,2.0,64.7,2
2024-11-19,65.87,65.87,65.87,65.87,0.0,65.87,0
2024-11-20,65.51,65.51,65.51,65.51,0.0,65.51,0
2024-11-21,65.81,65.81,65.81,65.81,0.0,65.81,0
2024-11-22,66.34,66.34,66.34,66.34,0.0,66.34,0
2024-11-25,64.96,64.96,64.96,64.96,0.0,64.96,0
2024-11-26,65.16,65.16,65.16,65.16,0.0,65.16,0
2024-11-27,64.93,64.93,64.93,64.93,0.0,64.93,0
2024-11-28,64.93,64.93,64.93,64.93,0.0,64.93,0
2024-11-29,64.43,64.43,64.43,64.43,0.0,64.43,0
2024-12-02,64.51,64.51,64.51,64.51,0.0,64.51,0
2024-12-03,65.53,65.53,65.53,65.53,0.0,65.53,0
2024-12-04,64.49,64.49,64.49,64.49,0.0,64.49,0
2024-12-05,64.45,64.45,64.35,64.35,3.0,64.45,2
2024-12-06,64.06,64.06,64.06,64.06,0.0,64.06,0
2024-12-09,64.96,64.96,64.96,64.96,0.0,64.96,0
2024-12-10,64.95,64.95,64.95,64.95,0.0,64.95,0
2024-12-11,65.51,65.51,65.51,65.51,0.0,65.51,0
2024-12-12,65.57,65.57,65.57,65.57,0.0,65.57,0
2024-12-13,66.08,66.08,66.08,66.08,0.0,66.08,0
2024-12-16,65.82,65.82,65.82,65.82,0.0,65.82,0
2024-12-17,65.28,65.28,65.28,65.28,0.0,65.28,0
2024-12-18,65.17,65.17,65.17,65.17,0.0,65.17,0
2024-12-19,64.59,64.59,64.59,64.59,0.0,64.59,0
2024-12-20,64.69,64.69,64.69,64.69,0.0,64.69,0
2024-12-23,64.66,64.66,64.66,64.66,0.0,64.66,0
2024-12-24,65.14,65.14,65.14,65.14,0.0,65.14,0
2024-12-26,65.07,65.07,64.84,64.84,3.0,65.07,2
2024-12-27,65.13,65.13,65.13,65.13,0.0,65.13,0
2024-12-30,65.44,65.44,65.44,65.44,0.0,65.44,0
2024-12-31,65.88,65.88,65.88,65.88,0.0,65.88,0
2025-01-02,66.41,66.41,66.41,66.41,0.0,66.41,0
2025-01-03,66.6,66.6,66.6,66.6,0.0,66.6,0
2025-01-06,66.84,66.84,66.84,66.84,0.0,66.84,0
2025-01-07,66.99,66.99,66.99,66.99,0.0,66.99,0
2025-01-08,66.51,66.51,66.51,66.51,0.0,66.51,0
2025-01-09,66.59,66.59,66.59,66.59,0.0,66.59,0
2025-01-10,67.08,67.08,67.08,67.08,0.0,67.08,0
2025-01-13,66.77,66.77,66.77,66.77,0.0,66.77,0
2025-01-14,67.27,67.27,67.27,67.27,0.0,67.27,0
2025-01-15,67.7,67.7,67.7,67.7,0.0,67.7,0
2025-01-16,67.17,67.17,67.17,67.17,0.0,67.17,0
2025-01-17,67.06,67.06,67.06,67.06,0.0,67.06,0
2025-01-20,67.06,67.06,67.06,67.06,0.0,67.06,0
2025-01-21,67.04,67.04,67.04,67.04,0.0,67.04,0
2025-01-22,67.06,67.06,67.06,67.06,0.0,67.06,0
2025-01-23,66.99,66.99,66.99,66.99,0.0,66.99,0
2025-01-24,66.72,66.72,66.72,66.72,0.0,66.72,0
2025-01-27,65.86,65.86,65.86,65.86,0.0,65.86,0
2025-01-28,65.66,65.66,65.66,65.66,0.0,65.66,0
2025-01-29,65.29,65.29,65.29,65.29,0.0,65.29,0
2025-01-30,65.39,65.39,65.39,65.39,0.0,65.39,0
2025-01-31,65.25,65.25,65.25,65.25,0.0,65.25,0
2025-02-03,65.22,65.22,65.22,65.22,0.0,65.22,0
2025-02-04,65.72,65.72,65.72,65.72,0.0,65.72,0
2025-02-05,65.02,65.02,65.02,65.02,0.0,65.02,0
2025-02-06,65.22,65.22,65.22,65.22,0.0,65.22,0
2025-02-07,65.46,65.46,65.46,65.46,0.0,65.46,0
2025-02-10,66.03,66.03,66.03,66.03,0.0,66.03,0
2025-02-11,66.96,66.96,66.96,66.96,0.0,66.96,0
2025-02-12,65.99,65.99,65.99,65.99,0.0,65.99,0
2025-02-13,65.81,65.81,65.81,65.81,0.0,65.81,0
2025-02-14,65.86,65.86,65.86,65.86,0.0,65.86,0
2025-02-17,65.86,65.86,65.86,65.86,0.0,65.86,0
2025-02-18,66.19,66.19,66.19,66.19,0.0,66.19,0
2025-02-19,66.38,66.38,66.38,66.38,0.0,66.38,0
2025-02-20,66.74,66.74,66.74,66.74,0.0,66.74,0
2025-02-21,65.47,65.47,65.47,65.47,0.0,65.47,0
2025-02-24,65.52,65.52,65.52,65.52,0.0,65.52,0
2025-02-25,64.3,64.3,64.3,64.3,0.0,64.3,0
2025-02-26,63.86,63.86,63.84,63.84,10.0,63.86,4
2025-02-27,64.56,64.56,64.56,64.56,0.0,64.56,0
2025-02-28,64.02,64.02,64.02,64.02,0.0,64.02,0
2025-03-03,63.54,63.54,63.54,63.54,0.0,63.54,0
2025-03-04,63.44,63.44,63.44,63.44,0.0,63.44,0
2025-03-05,62.34,62.34,62.34,62.34,0.0,62.34,0
2025-03-06,62.21,62.21,62.21,62.21,0.0,62.21,0
2025-03-07,62.86,62.86,62.86,62.86,0.0,62.86,0
2025-03-10,61.84,61.84,61.84,61.84,0.0,61.84,0
2025-03-11,61.94,61.94,61.94,61.94,0.0,61.94,0
2025-03-12,62.8,63.01,62.8,63.01,2.0,62.8,2
2025-03-13,62.38,62.38,62.38,62.38,0.0,62.38,0
2025-03-14,62.86,62.86,62.86,62.86,0.0,62.86,0
2025-03-17,63.24,63.24,63.24,63.24,0.0,63.24,0
2025-03-18,63.11,63.11,63.11,63.11,0.0,63.11,0
2025-03-19,63.13,63.13,63.13,63.13,0.0,63.13,0
2025-03-20,63.76,63.76,63.76,63.76,0.0,63.76,0
2025-03-21,63.68,63.68,63.68,63.68,0.0,63.68,0
2025-03-24,64.04,64.04,64.04,64.04,0.0,64.04,0
2025-03-25,64.08,64.08,64.08,64.08,0.0,64.08,0
2025-03-26,64.44,64.44,64.44,64.44,0.0,64.44,0
2025-03-27,64.74,64.74,64.74,64.74,0.0,64.74,0
2025-03-28,64.03,64.03,64.03,64.03,0.0,64.03,0
2025-03-31,65.06,65.11,65.01,65.01,58.0,65.082,41
2025-04-01,65.19,65.19,65.19,65.19,0.0,65.19,0
2025-04-02,65.31,65.31,65.31,65.31,0.0,65.31,0
2025-04-03,62.37,62.37,62.37,62.37,0.0,62.37,0
2025-04-04,59.59,59.59,59.19,59.43,2.0,59.39,2
2025-04-07,58.34,60.27,58.34,59.31,46.0,58.563,27
2025-04-08,57.93,57.93,57.93,57.93,0.0,57.93,0
2025-04-09,58.65,59.77,58.65,59.75,7.0,59.116,5
2025-04-10,58.72,58.72,58.72,58.72,0.0,58.72,0
2025-04-11,59.1,59.1,59.1,59.1,0.0,59.1,0
2025-04-14,59.67,59.67,59.67,59.67,0.0,59.67,0
2025-04-15,59.21,59.21,59.21,59.21,0.0,59.21,0
2025-04-16,59.67,59.67,59.67,59.67,0.0,59.67,0
2025-04-17,61.14,61.14,61.14,61.14,0.0,61.14,0
2025-04-21,59.82,59.82,59.82,59.82,0.0,59.82,0
2025-04-22,60.81,60.81,60.81,60.81,0.0,60.81,0
2025-04-23,60.3,60.3,60.3,60.3,0.0,60.3,0
2025-04-24,60.87,60.87,60.87,60.87,0.0,60.87,0
2025-04-25,61.07,61.07,61.07,61.07,0.0,61.07,0
2025-04-28,60.59,60.59,60.59,60.59,0.0,60.59,0
2025-04-29,59.82,59.82,59.82,59.82,0.0,59.82,0
2025-04-30,57.9,57.9,57.9,57.9,0.0,57.9,0
2025-05-01,58.65,58.65,58.65,58.65,0.0,58.65,0
2025-05-02,58.45,58.45,58.45,58.45,0.0,58.45,0
2025-05-05,57.88,57.88,57.88,57.88,0.0,57.88,0
2025-05-06,59.4,59.4,59.4,59.4,0.0,59.4,0
2025-05-07,58.53,58.53,58.53,58.53,0.0,58.53,0
2025-05-08,59.66,59.66,59.66,59.66,0.0,59.66,0
2025-05-09,60.11,60.11,60.11,60.11,0.0,60.11,0
2025-05-12,61.11,61.11,61.11,61.11,0.0,61.11,0
2025-05-13,62.03,62.03,62.03,62.03,0.0,62.03,0
2025-05-14,61.51,61.51,61.51,61.51,0.0,61.51,0
2025-05-15,60.7,60.7,60.7,60.7,0.0,60.7,0
2025-05-16,60.86,60.86,60.86,60.86,0.0,60.86,0
2025-05-19,60.62,60.62,60.62,60.62,0.0,60.62,0
2025-05-20,60.9,60.9,60.9,60.9,0.0,60.9,0
2025-05-21,60.67,60.67,60.67,60.67,0.0,60.67,0
2025-05-22,60.37,60.37,60.37,60.37,0.0,60.37,0
2025-05-23,59.79,60.53,59.79,60.53,4.0,59.79,4
2025-05-27,60.08,60.08,60.08,60.08,0.0,60.08,0
2025-05-28,60.51,60.53,60.51,60.53,1.0,60.51,1
2025-05-29,59.54,59.54,59.54,59.54,0.0,59.54,0
2025-05-30,58.85,59.19,58.85,59.19,6.0,59.017,5
2025-06-02,60.25,60.25,60.25,60.25,0.0,60.25,0
2025-06-03,61.14,61.14,61.14,61.14,0.0,61.14,0
2025-06-04,60.61,60.66,60.58,60.58,8.0,60.616,3
2025-06-05,60.93,60.93,60.93,60.93,0.0,60.93,0
2025-06-06,61.53,61.53,61.53,61.53,0.0,61.53,0
2025-06-09,61.8,61.8,61.8,61.8,0.0,61.8,0
2025-06-10,61.63,61.63,61.63,61.63,0.0,61.63,0
2025-06-11,62.0,63.05,62.0,63.05,15.0,62.019,8
2025-06-12,62.72,62.72,62.72,62.72,0.0,62.72,0
2025-06-13,64.05,64.19,64.05,64.19,2.0,64.075,2
2025-06-16,64.35,64.58,64.35,64.58,10.0,64.434,7
2025-06-17,65.9,65.9,65.9,65.9,0.0,65.9,0
2025-06-18,64.52,65.71,64.52,65.71,31.0,64.552,25
2025-06-20,66.0,66.0,65.92,65.92,3.0,66.0,3
2025-06-23,63.26,63.92,63.06,63.92,7.0,63.226,6
2025-06-24,61.98,61.98,61.68,61.68,27.0,61.917,14
2025-06-25,61.28,61.28,61.28,61.28,0.0,61.28,0
2025-06-26,61.62,61.64,61.62,61.64,1.0,61.62,1
2025-06-27,61.51,61.51,61.51,61.51,0.0,61.51,0
2025-06-30,61.52,61.52,61.39,61.39,17.0,61.52,7
2025-07-01,61.59,61.59,61.59,61.59,0.0,61.59,0
2025-07-02,61.55,62.19,61.5,62.19,7.0,61.601,6
2025-07-03,62.06,62.06,62.06,62.06,0.0,62.06,0
2025-07-07,62.6,62.69,62.6,62.69,6.0,62.615,2
2025-07-08,63.25,63.25,63.25,63.25,0.0,63.25,0
2025-07-09,63.01,63.01,63.01,63.01,0.0,63.01,0
2025-07-10,63.07,63.07,62.3,62.3,15.0,62.794,6
2025-07-11,63.31,63.31,63.31,63.31,0.0,63.31,0
2025-07-14,62.97,62.97,62.97,62.97,0.0,62.97,0
2025-07-15,62.59,62.59,62.59,62.59,0.0,62.59,0
2025-07-16,62.17,62.41,62.17,62.41,1.0,62.17,1
2025-07-17,63.01,63.01,63.01,63.01,0.0,63.01,0
2025-07-18,63.04,63.04,63.04,63.04,0.0,63.04,0
2025-07-21,63.03,63.03,63.03,63.03,0.0,63.03,0
2025-07-22,62.68,62.68,62.68,62.68,0.0,62.68,0
2025-07-23,62.74,62.74,62.74,62.74,0.0,62.74,0
2025-07-24,62.98,63.08,62.98,63.08,3.0,62.98,2
2025-07-25,62.52,62.52,62.52,62.52,0.0,62.52,0
2025-07-28,63.64,63.64,63.64,63.64,0.0,63.64,0
2025-07-29,64.79,64.79,64.79,64.79,0.0,64.79,0
2025-07-30,64.83,64.83,64.83,64.83,0.0,64.83,0
2025-07-31,64.23,64.23,64.23,64.23,0.0,64.23,0
2025-08-01,62.63,62.63,62.63,62.63,0.0,62.63,0
2025-08-04,62.39,62.39,62.39,62.39,0.0,62.39,0
2025-08-05,61.8,61.8,61.8,61.8,0.0,61.8,0
2025-08-06,61.96,61.99,61.29,61.29,8.0,61.884,8
2025-08-07,61.28,61.33,61.28,61.33,1.0,61.28,1
2025-08-08,61.16,61.16,61.16,61.16,0.0,61.16,0
2025-08-11,61.17,61.41,61.17,61.41,6.0,61.17,1
2025-08-12,61.22,61.22,61.22,61.22,0.0,61.22,0
2025-08-13,60.97,60.97,60.97,60.97,0.0,60.97,0
2025-08-14,61.3,61.45,61.3,61.45,6.0,61.345,4
2025-08-15,61.46,61.46,61.0,61.0,2.0,61.46,2
2025-08-18,61.47,61.47,61.47,61.47,0.0,61.47,0
2025-08-19,60.94,60.94,60.92,60.92,5.0,60.94,4
2025-08-20,61.65,61.65,61.65,61.65,0.0,61.65,0
2025-08-21,62.23,62.23,62.23,62.23,0.0,62.23,0
2025-08-22,62.27,62.27,62.27,62.27,0.0,62.27,0
2025-08-25,62.97,62.97,62.97,62.97,0.0,62.97,0
2025-08-26,61.88,61.88,61.82,61.82,6.0,61.88,2
2025-08-27,62.13,62.13,62.13,62.13,0.0,62.13,0
2025-08-28,62.53,62.53,62.53,62.53,0.0,62.53,0
2025-08-29,62.0,62.0,62.0,62.0,0.0,62.0,0
2025-09-02,63.49,63.49,63.49,63.49,0.0,63.49,0
2025-09-03,62.59,62.59,62.56,62.56,6.0,62.59,2
2025-09-04,61.92,61.92,61.92,61.92,0.0,61.92,0
2025-09-05,61.47,61.47,60.88,60.88,9.0,61.47,3
2025-09-08,61.28,61.41,61.28,61.41,4.0,61.34,2
2025-09-09,61.69,61.69,61.69,61.69,0.0,61.69,0
2025-09-10,62.4,62.4,62.33,62.4,17.0,62.371,3
2025-09-11,61.52,61.52,61.35,61.42,9.0,61.376,3
2025-09-12,62.33,62.33,61.75,61.75,12.0,62.33,3
2025-09-15,62.11,62.11,62.11,62.11,0.0,62.11,0
2025-09-16,62.84,62.87,62.44,62.87,37.0,62.519,7
2025-09-17,62.58,62.66,62.23,62.23,80.0,62.595,80
2025-09-18,61.96,61.96,61.81,61.81,4.0,61.895,2
2025-09-19,61.51,61.51,60.9,61.13,32.0,61.182,15
2025-09-22,61.22,61.22,61.22,61.22,0.0,61.22,0
2025-09-23,61.51,62.22,61.51,61.86,31.0,61.885,9
2025-09-24,62.22,62.54,62.22,62.5,18.0,62.401,11
2025-09-25,62.42,62.63,62.22,62.58,27.0,62.447,16
2025-09-26,62.83,63.39,62.83,63.19,49.0,63.057,16
2025-09-29,62.46,62.46,61.66,61.78,35.0,61.895,5
2025-09-30,61.27,61.27,60.82,61.01,25.0,61.18,7
2025-10-01,60.82,60.82,60.69,60.69,5.0,60.82,4
2025-10-02,60.3,60.3,59.94,59.94,5.0,60.3,2
2025-10-03,60.18,60.18,60.18,60.18,0.0,60.18,0
2025-10-06,60.82,60.89,60.72,60.85,37.0,60.766,14
2025-10-07,61.02,61.02,60.31,60.71,47.0,60.651,12
2025-10-08,61.02,61.33,60.98,61.12,81.0,61.045,19
2025-10-09,60.73,61.3,60.27,60.54,48.0,60.915,21
2025-10-10,60.49,60.49,58.45,58.67,54.0,59.297,37
2025-10-13,57.57,59.58,57.57,59.37,28.0,59.134,10
2025-10-14,59.11,59.11,58.19,58.79,73.0,58.662,45
2025-10-15,59.11,59.11,58.39,58.56,24.0,58.758,9
2025-10-16,58.8,58.8,57.74,57.78,95.0,58.247,49
2025-10-17,57.51,58.33,57.51,58.27,11.0,57.982,7
2025-10-20,58.62,58.62,57.85,58.24,13.0,58.034,7
2025-10-21,58.58,58.75,57.76,58.14,31.0,58.244,18
2025-10-22,59.1,59.51,58.97,58.97,10.0,59.153,9
2025-10-23,59.71,60.05,59.71,59.77,10.0,59.999,7
2025-10-24,59.73,59.97,59.71,59.82,16.0,59.783,6
2025-10-27,60.01,60.11,59.43,59.89,82.0,59.874,42
2025-10-28,59.88,59.91,59.32,59.66,28.0,59.685,18
2025-10-29,59.78,60.02,59.6,59.99,69.0,59.885,53
2025-10-30,59.52,59.99,59.37,59.99,21.0,59.56,14
2025-10-31,59.74,60.1,59.71,60.03,32.0,59.853,25
2025-11-03,60.12,60.31,60.09,60.29,15.0,60.223,5
2025-11-04,59.84,60.21,59.57,60.15,21.0,60.073,12
2025-11-05,60.26,60.26,59.54,59.54,9.0,60.07,8
2025-11-06,59.98,59.98,59.4,59.47,3.0,59.65,3
2025-11-07,59.68,59.77,59.41,59.77,12.0,59.688,9
2025-11-10,60.01,60.07,59.67,60.0,19.0,59.921,16
2025-11-11,59.81,60.74,59.81,60.74,28.0,60.166,20
2025-11-12,60.47,60.47,58.56,58.72,680.0,58.911,450
2025-11-13,58.63,58.95,58.52,58.69,21.0,58.668,11
2025-11-14,59.2,59.54,59.07,59.48,8.0,59.315,8
2025-11-17,59.09,59.57,59.09,59.4,17.0,59.431,14
2025-11-18,58.98,59.83,58.98,59.79,100.0,59.334,62
2025-11-19,59.44,59.44,58.4,58.44,76.0,58.5,52
2025-11-20,58.6,59.05,58.02,58.25,40.0,58.533,35
2025-11-21,57.5,57.94,57.28,57.71,17.0,57.516,12
2025-11-24,57.49,58.41,57.49,58.35,188.0,57.885,93
2025-11-25,58.21,58.21,57.22,57.81,29.0,57.852,19
2025-11-26,57.84,58.38,57.61,58.37,34.0,57.92,23
2025-11-28,58.23,58.92,57.88,58.03,27.0,58.15,19
2025-12-01,58.92,58.93,58.37,58.78,22.0,58.796,13
2025-12-02,58.79,58.8,58.05,58.08,15.0,58.497,10
2025-12-03,58.3,58.52,58.15,58.17,27.0,58.277,18
2025-12-04,58.41,58.84,58.29,58.59,233.0,58.513,214
2025-12-05,58.6,59.11,58.48,58.98,83.0,58.713,55
2025-12-08,59.14,59.18,58.02,58.05,70.0,58.915,52
2025-12-09,58.02,58.32,57.76,57.84,26.0,57.994,22
2025-12-10,57.92,58.05,57.42,58.03,201.0,57.776,137
2025-12-11,57.66,57.66,57.01,57.4,69.0,57.22,46
2025-12-12,57.72,57.74,57.03,57.12,68.0,57.546,52
2025-12-15,57.35,57.35,56.5,57.01,118.0,56.983,72
2025-12-16,56.52,56.54,55.64,55.67,192.0,56.34,151
2025-12-17,56.31,56.67,56.1,56.1,63.0,56.244,29
2025-12-18,56.23,56.45,55.96,56.12,13.0,56.165,12
2025-12-19,55.95,56.54,55.95,56.41,18.0,56.379,13
2025-12-22,57.44,57.52,57.39,57.5,25.0,57.461,15
2025-12-23,57.5,57.75,57.39,57.7,102.0,57.553,65
2025-12-24,57.81,57.96,57.62,57.8,54.0,57.902,54
2025-12-26,57.94,57.94,56.46,56.55,215.0,57.388,132
2025-12-29,57.13,57.69,57.13,57.49,43.0,57.46,25
2025-12-30,57.76,57.79,57.42,57.42,23.0,57.633,18
2025-12-31,57.46,57.69,56.88,56.92,24.0,57.183,22
2026-01-02,57.05,57.21,56.39,57.0,29.0,56.706,24
2026-01-05,56.98,57.58,56.57,57.53,10.0,56.97,6
2026-01-06,57.38,57.65,56.44,56.56,38.0,57.098,21
2026-01-07,56.26,56.49,55.84,55.84,23.0,56.148,21
2026-01-08,56.08,57.92,55.86,57.29,98.0,57.036,43
2026-01-09,57.52,58.44,57.45,58.15,102.0,58.178,73
2026-01-12,58.1,58.47,57.75,58.46,374.0,58.117,257
2026-01-13,58.46,59.52,58.46,59.51,140.0,59.143,77
2026-01-14,59.42,60.41,58.48,60.28,818.0,59.931,532
2026-01-15,58.97,59.01,58.04,58.22,108.0,58.481,73
2026-01-16,58.25,58.8,58.12,58.44,95.0,58.524,62
2026-01-20,57.94,59.12,57.9,59.1,376.0,58.587,240
2026-01-21,58.66,59.61,58.5,59.5,76.0,59.079,45
2026-01-22,59.5,59.53,58.39,58.6,77.0,58.934,49
2026-01-23,58.82,59.97,58.81,59.73,187.0,59.48,127
2026-01-26,59.49,60.32,59.49,59.65,143.0,59.846,73
2026-01-27,59.44,60.76,59.36,60.64,231.0,60.339,122
2026-01-28,60.74,61.14,60.54,61.03,333.0,60.938,239
2026-01-29,61.15,62.94,61.02,62.37,324.0,62.172,216
2026-01-30,62.13,62.62,61.46,62.24,360.0,62.085,312
2026-02-02,61.08,61.08,59.23,59.59,155.0,59.602,97
2026-02-03,59.74,61.22,59.13,60.73,79.0,60.172,74
2026-02-04,61.12,62.49,60.6,62.23,217.0,61.689,187
2026-02-05,61.58,61.66,60.57,61.03,193.0,60.981,143
2026-02-06,60.62,61.97,60.27,61.53,228.0,61.222,219
2026-02-09,61.05,62.5,60.97,62.36,247.0,61.863,223
2026-02-10,62.26,62.49,61.91,62.12,162.0,62.233,139
2026-02-11,62.48,63.27,62.38,62.54,140.0,62.701,114
2026-02-12,62.66,62.71,60.76,60.97,225.0,61.449,197
2026-02-13,61.02,61.15,60.59,60.93,320.0,60.85,192
2026-02-17,60.84,61.94,60.29,60.66,260.0,60.773,162
2026-02-18,60.56,62.68,60.56,62.56,658.0,62.364,459
2026-02-19,62.53,63.6,62.43,63.43,213.0,63.345,148
2026-02-20,63.54,63.67,63.06,63.49,169.0,63.374,149
2026-02-23,63.0,64.12,62.89,63.61,395.0,63.941,265
2026-02-24,63.6,64.1,63.35,63.46,189.0,63.598,148
2026-02-25,63.8,64.06,63.24,63.38,118.0,63.508,93
2026-02-26,63.47,64.01,62.0,62.93,207.0,63.05,191
2026-02-27,62.98,64.71,62.62,64.14,288.0,63.973,245
2026-03-02,67.51,67.71,65.0,65.43,709.0,65.795,542
2026-03-03,65.34,68.03,65.22,66.09,942.0,66.671,654
2026-03-04,66.34,67.01,65.23,66.4,381.0,66.242,341
2026-03-05,67.02,68.39,66.62,68.11,788.0,67.751,589
2026-03-06,67.66,70.5,67.61,70.23,1177.0,69.78,921
2026-03-09,70.92,78.48,67.83,72.44,1468.0,72.258,1101
2026-03-10,70.0,71.58,67.38,70.32,970.0,70.221,737
2026-03-11,71.53,74.26,69.78,73.58,639.0,71.917,567
2026-03-12,74.35,77.74,73.91,76.88,1213.0,76.0,947
2026-03-13,78.09,78.17,75.88,78.03,501.0,77.344,428
2026-03-16,78.89,79.12,75.79,76.08,472.0,76.724,388
2026-03-17,76.81,78.76,76.81,77.76,560.0,77.759,454
2026-03-18,77.64,80.58,76.29,79.24,707.0,78.984,561
2026-03-19,80.24,80.63,77.39,79.68,687.0,79.593,541
2026-03-20,78.17,80.12,77.17,79.82,1143.0,79.154,1082
2026-03-23,81.22,82.29,72.57,74.52,1169.0,75.824,1032
2026-03-24,75.26,78.31,74.76,77.89,1089.0,77.516,864
2026-03-25,75.63,77.65,74.55,77.11,374.0,75.97,331
2026-03-26,76.9,79.18,75.55,78.97,446.0,78.587,394
2026-03-27,78.78,79.94,77.77,78.69,813.0,78.888,668
2026-03-30,79.81,80.01,78.04,78.19,705.0,78.631,609
2026-03-31,79.09,79.24,73.35,73.61,1167.0,75.03,946
2026-04-01,74.46,75.2,71.75,72.38,1212.0,72.557,1082
2026-04-02,72.03,75.55,71.53,73.16,1349.0,73.41,1034
2026-04-06,73.5,74.97,72.3,74.87,449.0,73.81,371
2026-04-07,74.92,76.53,74.68,76.22,589.0,75.704,494
2026-04-08,75.03,76.03,71.26,75.07,2031.0,73.119,1676
2026-04-09,75.8,76.25,74.01,75.29,1026.0,75.412,731
2026-04-10,75.3,76.67,74.85,76.15,977.0,75.713,776
2026-04-13,78.25,78.88,77.06,78.48,1135.0,78.194,855
2026-04-14,77.72,78.75,76.41,76.7,864.0,77.468,647
2026-04-15,76.79,77.79,76.09,77.31,518.0,77.148,434
2026-04-16,76.83,77.89,76.75,77.57,458.0,77.487,366
2026-04-17,77.24,77.24,71.64,73.5,1322.0,73.617,1043
2026-04-20,76.16,76.47,74.53,75.59,912.0,75.727,737
2026-04-21,75.1,77.66,74.67,76.54,1554.0,76.433,1118
2026-04-22,77.0,77.93,75.72,77.7,930.0,77.141,738
2026-04-23,77.63,80.4,77.12,79.21,2778.0,79.017,1640
2026-04-24,79.5,80.14,77.4,78.78,1751.0,78.725,1360
2026-04-27,79.78,80.37,78.93,79.7,952.0,79.638,705
2026-04-28,79.67,81.98,79.6,80.43,2222.0,80.817,1433
2026-04-29,80.43,82.7,80.24,81.72,1165.0,81.879,852
2026-04-30,82.59,83.78,80.38,82.26,1775.0,81.927,1353
2026-05-01,83.13,83.66,80.22,81.42,1991.0,81.76,1483
2026-05-04,81.0,86.12,80.26,85.94,4399.0,83.879,2567
2026-05-05,85.46,85.71,83.24,83.87,1368.0,84.147,992
2026-05-06,84.17,84.17,75.71,78.89,3697.0,79.342,2848
2026-05-07,78.81,80.7,76.24,79.34,3826.0,78.474,2796
2026-05-08,80.56,81.08,78.84,80.95,1924.0,80.147,1529
2026-05-11,82.54,83.87,81.59,83.32,2101.0,82.87,1752
2026-05-12,83.33,85.85,83.33,85.58,2036.0,85.317,1580
2026-05-13,85.07,85.31,83.26,83.52,1685.0,84.028,1274
2026-05-14,83.56,84.4,81.9,83.23,1891.0,83.041,1279
2026-05-15,83.53,85.9,83.53,85.6,1583.0,85.222,1248
2026-05-18,86.85,88.12,84.62,87.8,2508.0,86.338,2137
2026-05-19,85.5,88.0,85.5,87.26,2003.0,86.873,1676
2026-05-20,87.36,87.45,82.65,83.69,3038.0,85.065,2082
2026-05-21,84.23,87.05,83.03,83.38,3481.0,84.857,2796
2026-05-22,84.24,85.62,82.21,83.63,2157.0,83.832,1776
2026-05-26,81.4,82.78,79.68,81.92,2470.0,81.292,2158
2026-05-27,81.5,81.64,78.51,79.59,2473.0,80.014,2201
2026-05-28,79.09,81.81,78.73,81.08,1829.0,80.882,1581
2026-05-29,80.55,81.0,79.11,79.66,3232.0,79.789,1952
2026-06-01,80.83,83.38,80.66,81.88,2581.0,82.106,2221
2026-06-02,82.03,82.93,80.56,82.62,1305.0,82.015,1098
2026-06-03,82.73,84.61,82.51,84.26,1757.0,84.013,1525
2026-06-04,83.89,84.07,81.57,82.15,1904.0,82.556,1655
2026-06-05,82.17,82.72,80.32,81.01,2030.0,81.338,1638
2026-06-08,83.0,84.78,81.85,82.96,3436.0,83.122,3049
2026-06-09,82.73,83.02,79.75,81.39,3498.0,81.352,2752
2026-06-10,82.31,84.14,80.78,82.95,3453.0,82.903,2932
2026-06-11,84.11,85.32,80.0,81.53,3550.0,82.364,2945
2026-06-12,80.15,80.91,77.64,78.63,4215.0,78.997,3326
2026-06-15,77.64,77.64,75.21,75.7,2172.0,75.651,1866
2026-06-16,76.07,76.25,72.63,73.15,3648.0,73.822,2559
2026-06-17,73.56,75.74,72.34,73.35,4029.0,73.615,3020
2026-06-18,72.8,73.46,70.85,73.3,3164.0,72.139,2411
2026-06-22,72.8,74.8,71.23,71.62,8663.0,72.856,6744
2026-06-23,71.71,72.06,70.59,71.3,2761.0,71.39,2179
2026-06-24,71.15,71.25,68.5,68.97,3910.0,69.344,3087
2026-06-25,68.56,71.05,67.8,70.52,4643.0,69.598,3005
2026-06-26,70.16,70.46,67.69,68.26,3440.0,68.556,2446
2026-06-29,69.2,69.84,68.3,69.57,2441.0,69.197,1901
2026-06-30,69.35,70.42,68.48,68.68,2226.0,69.363,1781
2026-07-01,69.1,69.25,67.77,68.29,3519.0,68.221,2726
2026-07-02,67.84,68.58,67.09,68.46,3220.0,67.713,2665
2026-07-06,68.27,69.03,67.7,68.49,3432.0,68.392,2909
2026-07-07,68.64,71.31,68.58,69.92,3733.0,69.664,2809
2026-07-08,71.47,74.0,70.66,72.2,5846.0,72.588,4568
2026-07-09,73.19,73.19,70.62,71.17,3934.0,71.643,3149
2026-07-10,70.65,72.09,70.19,70.9,3801.0,71.01,2606
2026-07-13,72.28,76.66,71.82,76.42,7114.0,74.16,4464
2026-07-14,76.13,78.01,75.0,76.35,9628.0,76.343,6733
2026-07-15,76.87,77.71,75.98,76.93,6570.0,76.857,4412
2026-07-16,77.04,77.96,76.12,76.34,5327.0,76.998,4262
2026-07-17,76.88,79.16,76.0,78.91,8009.0,78.095,6347
2026-07-20,80.0,80.8,77.06,79.28,12486.0,79.083,8280
2026-07-21,79.25,80.63,78.45,80.0,21112.0,79.87,15374
2026-07-22,80.85,81.54,79.77,80.81,24239.0,80.689,18462
2026-07-23,81.41,83.87,80.89,82.93,26601.0,82.614,20294
2026-07-24,82.95,83.11,80.7,81.73,23485.0,81.472,18010
2026-07-27,79.6,79.6,77.25,78.17,29121.0,78.179,22080
2026-07-28,77.59,78.0,74.52,75.33,21253.0,76.222,16434
2026-07-29,75.5,80.05,75.5,79.68,24828.0,78.69,18461
2026-07-30,79.46,79.71,77.71,78.19,18051.0,78.5,14400
2026-07-31,78.54,80.37,76.32,78.65,16094.0,78.524,12635
2026-08-03,76.3,76.69,74.4,75.68,22804.0,75.538,16294
2026-08-04,75.55,77.56,72.49,73.15,29983.0,74.231,22271
2026-08-05,72.79,74.04,72.05,72.94,23906.0,73.056,17925
2026-08-06,72.89,75.83,72.4,74.91,19392.0,74.207,15309
2026-08-07,75.09,76.15,74.16,75.96,23601.0,75.292,16600
2026-08-10,76.3,80.11,75.68,79.92,16643.0,78.248,12769
2026-08-11,79.73,81.61,78.79,80.31,22679.0,80.178,17554
2026-08-12,80.52,81.13,79.42,80.5,21032.0,80.177,16044
2026-08-13,80.02,80.52,78.06,79.07,21213.0,79.298,16155
2026-08-14,78.99,80.48,78.64,80.07,18714.0,79.531,14179
