date,open,high,low,close,volume,average,barCount
2016-11-23,58.81,58.81,58.81,58.81,0.0,58.81,0
2016-11-25,57.47,57.47,57.47,57.47,0.0,57.47,0
2016-11-28,58.0,58.0,58.0,58.0,0.0,58.0,0
2016-11-29,56.66,56.66,56.66,56.66,0.0,56.66,0
2016-11-30,58.44,58.44,58.44,58.44,0.0,58.44,0
2016-12-01,58.21,58.21,58.21,58.21,0.0,58.21,0
2016-12-02,58.87,58.87,58.87,58.87,0.0,58.87,0
2016-12-05,59.01,59.01,59.01,59.01,0.0,59.01,0
2016-12-06,58.5,58.5,58.5,58.5,0.0,58.5,0
2016-12-07,58.03,58.03,58.03,58.03,0.0,58.03,0
2016-12-08,58.11,58.11,58.11,58.11,0.0,58.11,0
2016-12-09,58.41,58.41,58.41,58.41,0.0,58.41,0
2016-12-12,57.98,57.98,57.98,57.98,0.0,57.98,0
2016-12-13,58.02,58.02,58.02,58.02,0.0,58.02,0
2016-12-14,57.1,57.1,57.1,57.1,0.0,57.1,0
2016-12-15,56.8,56.8,56.8,56.8,0.0,56.8,0
2016-12-16,57.2,57.2,57.2,57.2,0.0,57.2,0
2016-12-19,57.38,57.38,57.38,57.38,0.0,57.38,0
2016-12-20,57.92,57.92,57.92,57.92,0.0,57.92,0
2016-12-21,57.11,57.11,57.11,57.11,0.0,57.11,0
2016-12-22,57.1,57.1,57.1,57.1,0.0,57.1,0
2016-12-23,57.37,57.37,57.37,57.37,0.0,57.37,0
2016-12-27,57.85,57.85,57.85,57.85,0.0,57.85,0
2016-12-28,57.99,57.99,57.99,57.99,0.0,57.99,0
2016-12-29,58.14,58.14,58.14,58.14,0.0,58.14,0
2016-12-30,58.1,58.1,58.1,58.1,0.0,58.1,0
2017-01-03,57.22,57.22,57.22,57.22,0.0,57.22,0
2017-01-04,58.37,58.37,58.37,58.37,0.0,58.37,0
2017-01-05,58.94,58.94,58.94,58.94,0.0,58.94,0
2017-01-06,59.08,59.08,59.08,59.08,0.0,59.08,0
2017-01-09,57.99,57.99,57.99,57.99,0.0,57.99,0
2017-01-10,57.62,57.62,57.62,57.62,0.0,57.62,0
2017-01-11,58.46,58.46,58.46,58.46,0.0,58.46,0
2017-01-12,58.81,58.81,58.81,58.81,0.0,58.81,0
2017-01-13,58.35,58.35,58.35,58.35,0.0,58.35,0
2017-01-17,57.97,57.97,57.97,57.97,0.0,57.97,0
2017-01-18,57.44,57.44,57.44,57.44,0.0,57.44,0
2017-01-19,57.64,57.64,57.64,57.64,0.0,57.64,0
2017-01-20,58.41,58.41,58.41,58.41,0.0,58.41,0
2017-01-23,58.04,58.04,58.04,58.04,0.0,58.04,0
2017-01-24,58.27,58.27,58.27,58.27,0.0,58.27,0
2017-01-25,58.0,58.0,58.0,58.0,0.0,58.0,0
2017-01-26,58.33,58.33,58.33,58.33,0.0,58.33,0
2017-01-27,57.69,57.69,57.69,57.69,0.0,57.69,0
2017-01-30,57.57,57.57,57.57,57.57,0.0,57.57,0
2017-01-31,57.75,57.75,57.75,57.75,0.0,57.75,0
2017-02-01,58.48,58.48,58.48,58.48,0.0,58.48,0
2017-02-02,58.34,58.34,58.34,58.34,0.0,58.34,0
2017-02-03,58.69,58.69,58.69,58.69,0.0,58.69,0
2017-02-06,58.44,58.44,58.44,58.44,0.0,58.44,0
2017-02-07,57.85,57.85,57.85,57.85,0.0,57.85,0
2017-02-08,57.95,57.95,57.95,57.95,0.0,57.95,0
2017-02-09,57.99,57.99,57.99,57.99,0.0,57.99,0
2017-02-10,58.09,58.09,58.09,58.09,0.0,58.09,0
2017-02-13,57.55,57.55,57.55,57.55,0.0,57.55,0
2017-02-14,57.47,57.47,57.47,57.47,0.0,57.47,0
2017-02-15,56.97,56.97,56.97,56.97,0.0,56.97,0
2017-02-16,56.9,56.9,56.9,56.9,0.0,56.9,0
2017-02-17,56.67,56.67,56.67,56.67,0.0,56.67,0
2017-02-21,55.95,55.95,55.95,55.95,0.0,55.95,0
2017-02-22,55.51,55.51,55.51,55.51,0.0,55.51,0
2017-02-23,56.03,56.03,56.03,56.03,0.0,56.03,0
2017-02-24,55.81,55.81,55.81,55.81,0.0,55.81,0
2017-02-27,56.28,56.28,56.28,56.28,0.0,56.28,0
2017-02-28,57.25,57.25,57.25,57.25,0.0,57.25,0
2017-03-01,57.17,57.17,57.17,57.17,0.0,57.17,0
2017-03-02,57.0,57.0,57.0,57.0,0.0,57.0,0
2017-03-03,57.27,57.27,57.27,57.27,0.0,57.27,0
2017-03-06,57.34,57.34,57.34,57.34,0.0,57.34,0
2017-03-07,57.28,57.28,57.28,57.28,0.0,57.28,0
2017-03-08,55.83,55.83,55.83,55.83,0.0,55.83,0
2017-03-09,55.0,55.2,55.0,55.2,9.0,55.0,2
2017-03-10,54.51,54.51,54.51,54.51,0.0,54.51,0
2017-03-13,54.73,54.73,54.73,54.73,0.0,54.73,0
2017-03-14,54.68,54.68,54.68,54.68,0.0,54.68,0
2017-03-15,54.75,54.75,54.75,54.75,0.0,54.75,0
2017-03-16,54.53,54.53,54.53,54.53,0.0,54.53,0
2017-03-17,54.47,54.47,54.47,54.47,0.0,54.47,0
2017-03-20,54.35,54.35,54.35,54.35,0.0,54.35,0
2017-03-21,54.35,54.35,54.35,54.35,0.0,54.35,0
2017-03-22,54.62,54.62,54.62,54.62,0.0,54.62,0
2017-03-23,54.37,54.37,54.37,54.37,0.0,54.37,0
2017-03-24,54.51,54.51,54.51,54.51,0.0,54.51,0
2017-03-27,54.77,54.77,54.77,54.77,0.0,54.77,0
2017-03-28,54.48,54.48,54.48,54.48,0.0,54.48,0
2017-03-29,54.57,54.57,54.57,54.57,0.0,54.57,0
2017-03-30,55.18,55.18,55.18,55.18,0.0,55.18,0
2017-03-31,55.67,55.67,55.67,55.67,0.0,55.67,0
2017-04-03,56.06,56.06,56.06,56.06,0.0,56.06,0
2017-04-04,56.41,56.41,56.41,56.41,0.0,56.41,0
2017-04-05,56.29,56.29,56.29,56.29,0.0,56.29,0
2017-04-06,56.54,56.54,56.54,56.54,0.0,56.54,0
2017-04-07,56.83,56.83,56.83,56.83,0.0,56.83,0
2017-04-10,57.41,57.41,57.41,57.41,0.0,57.41,0
2017-04-11,57.73,57.73,57.73,57.73,0.0,57.73,0
2017-04-12,58.01,58.01,58.01,58.01,0.0,58.01,0
2017-04-13,57.85,57.85,57.85,57.85,0.0,57.85,0
2017-04-17,57.65,57.65,57.65,57.65,0.0,57.65,0
2017-04-18,57.4,57.4,57.4,57.4,0.0,57.4,0
2017-04-19,56.3,56.3,56.3,56.3,0.0,56.3,0
2017-04-20,56.13,56.13,56.13,56.13,0.0,56.13,0
2017-04-21,56.07,56.07,56.07,56.07,0.0,56.07,0
2017-04-24,55.67,55.67,55.67,55.67,0.0,55.67,0
2017-04-25,55.52,55.52,55.52,55.52,0.0,55.52,0
2017-04-26,55.5,55.5,55.5,55.5,0.0,55.5,0
2017-04-27,54.78,54.78,54.78,54.78,0.0,54.78,0
2017-04-28,54.99,54.99,54.99,54.99,0.0,54.99,0
2017-05-01,54.61,54.61,54.61,54.61,0.0,54.61,0
2017-05-02,53.91,53.91,53.91,53.91,0.0,53.91,0
2017-05-03,54.33,54.33,54.33,54.33,0.0,54.33,0
2017-05-04,53.46,53.46,53.46,53.46,0.0,53.46,0
2017-05-05,54.85,54.85,54.85,54.85,0.0,54.85,0
2017-05-08,55.08,55.08,55.08,55.08,0.0,55.08,0
2017-05-09,54.75,54.75,54.75,54.75,0.0,54.75,0
2017-05-10,55.26,55.26,55.26,55.26,0.0,55.26,0
2017-05-11,55.42,55.42,55.42,55.42,0.0,55.42,0
2017-05-12,54.98,54.98,54.98,54.98,0.0,54.98,0
2017-05-15,54.94,54.94,54.94,54.94,0.0,54.94,0
2017-05-16,55.13,55.13,55.13,55.13,0.0,55.13,0
2017-05-17,55.19,55.19,55.19,55.19,0.0,55.19,0
2017-05-18,55.37,55.37,55.37,55.37,0.0,55.37,0
2017-05-19,55.98,55.98,55.98,55.98,0.0,55.98,0
2017-05-22,56.05,56.05,56.05,56.05,0.0,56.05,0
2017-05-23,56.04,56.04,56.04,56.04,0.0,56.04,0
2017-05-24,55.45,55.45,55.45,55.45,0.0,55.45,0
2017-05-25,54.33,54.33,54.33,54.33,0.0,54.33,0
2017-05-26,54.94,54.94,54.94,54.94,0.0,54.94,0
2017-05-30,55.03,55.03,55.03,55.03,0.0,55.03,0
2017-05-31,54.01,54.01,54.01,54.01,0.0,54.01,0
2017-06-01,54.02,54.02,54.02,54.02,0.0,54.02,0
2017-06-02,53.83,53.83,53.83,53.83,0.0,53.83,0
2017-06-05,53.84,53.84,53.84,53.84,0.0,53.84,0
2017-06-06,53.89,53.89,53.89,53.89,0.0,53.89,0
2017-06-07,53.23,53.23,53.23,53.23,0.0,53.23,0
2017-06-08,54.02,54.02,54.02,54.02,0.0,54.02,0
2017-06-09,54.14,54.14,54.14,54.14,0.0,54.14,0
2017-06-12,54.3,54.3,54.3,54.3,0.0,54.3,0
2017-06-13,54.49,54.49,54.49,54.49,0.0,54.49,0
2017-06-14,53.99,53.99,53.99,53.99,0.0,53.99,0
2017-06-15,54.73,54.73,54.73,54.73,0.0,54.73,0
2017-06-16,54.78,54.78,54.78,54.78,0.0,54.78,0
2017-06-19,54.52,54.52,54.52,54.52,0.0,54.52,0
2017-06-20,54.57,54.57,54.57,54.57,0.0,54.57,0
2017-06-21,54.45,54.45,54.45,54.45,0.0,54.45,0
2017-06-22,54.43,54.43,54.43,54.43,0.0,54.43,0
2017-06-23,54.2,54.2,54.2,54.2,0.0,54.2,0
2017-06-26,54.2,54.2,54.2,54.2,0.0,54.2,0
2017-06-27,54.69,54.69,54.69,54.69,0.0,54.69,0
2017-06-28,54.76,54.76,54.76,54.76,0.0,54.76,0
2017-06-29,55.1,55.1,55.1,55.1,0.0,55.1,0
2017-06-30,56.02,56.02,56.02,56.02,0.0,56.02,0
2017-07-03,56.93,56.93,56.93,56.93,0.0,56.93,0
2017-07-05,55.66,55.66,55.66,55.66,0.0,55.66,0
2017-07-06,55.66,55.66,55.66,55.66,0.0,55.66,0
2017-07-07,54.86,54.86,54.86,54.86,0.0,54.86,0
2017-07-10,55.8,55.8,55.8,55.8,0.0,55.8,0
2017-07-11,56.59,56.59,56.59,56.59,0.0,56.59,0
2017-07-12,56.41,56.41,56.41,56.41,0.0,56.41,0
2017-07-13,56.76,56.76,56.76,56.76,0.0,56.76,0
2017-07-14,57.15,57.15,57.15,57.15,0.0,57.15,0
2017-07-17,56.89,56.89,56.89,56.89,0.0,56.89,0
2017-07-18,56.59,56.59,56.59,56.59,0.0,56.59,0
2017-07-19,56.61,56.61,56.61,56.61,0.0,56.61,0
2017-07-20,56.17,56.17,56.17,56.17,0.0,56.17,0
2017-07-21,55.41,55.41,55.41,55.41,0.0,55.41,0
2017-07-24,55.91,55.91,55.91,55.91,0.0,55.91,0
2017-07-25,56.53,56.53,56.53,56.53,0.0,56.53,0
2017-07-26,56.45,56.45,56.45,56.45,0.0,56.45,0
2017-07-27,56.07,56.07,56.07,56.07,0.0,56.07,0
2017-07-28,56.1,56.1,56.1,56.1,0.0,56.1,0
2017-07-31,56.53,56.53,56.53,56.53,0.0,56.53,0
2017-08-01,55.92,55.92,55.92,55.92,0.0,55.92,0
2017-08-02,56.1,56.1,56.1,56.1,0.0,56.1,0
2017-08-03,55.7,55.7,55.7,55.7,0.0,55.7,0
2017-08-04,56.06,56.06,56.06,56.06,0.0,56.06,0
2017-08-07,55.87,55.87,55.87,55.87,0.0,55.87,0
2017-08-08,55.56,55.56,55.56,55.56,0.0,55.56,0
2017-08-09,55.4,55.4,55.4,55.4,0.0,55.4,0
2017-08-10,54.29,54.29,54.29,54.29,0.0,54.29,0
2017-08-11,54.13,54.13,54.13,54.13,0.0,54.13,0
2017-08-14,53.81,53.81,53.81,53.81,0.0,53.81,0
2017-08-15,53.91,53.91,53.91,53.91,0.0,53.91,0
2017-08-16,53.87,53.87,53.87,53.87,0.0,53.87,0
2017-08-17,53.99,53.99,53.99,53.99,0.0,53.99,0
2017-08-18,55.12,55.12,55.12,55.12,0.0,55.12,0
2017-08-21,54.06,54.06,54.06,54.06,0.0,54.06,0
2017-08-22,54.67,54.67,54.67,54.67,0.0,54.67,0
2017-08-23,54.97,54.97,54.97,54.97,0.0,54.97,0
2017-08-24,54.7,54.7,54.7,54.7,0.0,54.7,0
2017-08-25,54.76,54.76,54.76,54.76,0.0,54.76,0
2017-08-28,54.35,54.35,54.35,54.35,0.0,54.35,0
2017-08-29,54.92,54.92,54.92,54.92,0.0,54.92,0
2017-08-30,54.53,54.53,54.53,54.53,0.0,54.53,0
2017-08-31,56.15,56.15,56.15,56.15,0.0,56.15,0
2017-09-01,56.0,56.21,56.0,56.21,1.0,56.0,1
2017-09-05,56.26,56.26,56.26,56.26,0.0,56.26,0
2017-09-06,56.21,56.21,56.21,56.21,0.0,56.21,0
2017-09-07,56.18,56.18,56.18,56.18,0.0,56.18,0
2017-09-08,55.26,55.26,55.26,55.26,0.0,55.26,0
2017-09-11,55.28,55.28,55.28,55.28,0.0,55.28,0
2017-09-12,55.09,55.09,55.09,55.09,0.0,55.09,0
2017-09-13,54.85,54.85,54.85,54.85,0.0,54.85,0
2017-09-14,54.89,54.89,54.89,54.89,0.0,54.89,0
2017-09-15,55.12,55.12,55.12,55.12,0.0,55.12,0
2017-09-18,54.62,54.62,54.62,54.62,0.0,54.62,0
2017-09-19,54.18,54.18,54.18,54.18,0.0,54.18,0
2017-09-20,54.19,54.19,54.19,54.19,0.0,54.19,0
2017-09-21,53.97,53.97,53.97,53.97,0.0,53.97,0
2017-09-22,53.95,53.95,53.95,53.95,0.0,53.95,0
2017-09-25,53.27,53.27,53.27,53.27,0.0,53.27,0
2017-09-26,53.22,53.22,53.22,53.22,0.0,53.22,0
2017-09-27,53.02,53.02,53.02,53.02,0.0,53.02,0
2017-09-28,52.59,52.59,52.59,52.59,0.0,52.59,0
2017-09-29,52.93,52.93,52.93,52.93,0.0,52.93,0
2017-10-02,52.37,52.37,52.37,52.37,0.0,52.37,0
2017-10-03,52.43,52.43,52.43,52.43,0.0,52.43,0
2017-10-04,52.65,52.65,52.65,52.65,0.0,52.65,0
2017-10-05,53.02,53.02,53.02,53.02,0.0,53.02,0
2017-10-06,52.13,52.13,52.13,52.13,0.0,52.13,0
2017-10-09,52.33,52.33,52.33,52.33,0.0,52.33,0
2017-10-10,52.3,52.3,52.3,52.3,0.0,52.3,0
2017-10-11,52.46,52.46,52.46,52.46,0.0,52.46,0
2017-10-12,52.1,52.1,52.1,52.1,0.0,52.1,0
2017-10-13,52.04,52.04,52.04,52.04,0.0,52.04,0
2017-10-16,51.73,51.73,51.73,51.73,0.0,51.73,0
2017-10-17,51.73,51.73,51.45,51.45,8.0,51.73,8
2017-10-18,51.68,51.68,51.68,51.68,0.0,51.68,0
2017-10-19,51.62,51.62,51.62,51.62,0.0,51.62,0
2017-10-20,51.84,51.84,51.84,51.84,0.0,51.84,0
2017-10-23,52.0,52.0,51.6,51.6,1.0,52.0,1
2017-10-24,51.93,51.93,51.93,51.93,0.0,51.93,0
2017-10-25,51.98,51.98,51.98,51.98,0.0,51.98,0
2017-10-26,51.93,51.93,51.93,51.93,0.0,51.93,0
2017-10-27,52.26,52.26,52.26,52.26,0.0,52.26,0
2017-10-30,52.25,52.25,52.25,52.25,0.0,52.25,0
2017-10-31,52.08,52.08,52.08,52.08,0.0,52.08,0
2017-11-01,51.78,51.78,51.78,51.78,0.0,51.78,0
2017-11-02,51.62,51.62,51.62,51.62,0.0,51.62,0
2017-11-03,51.69,51.69,51.69,51.69,0.0,51.69,0
2017-11-06,51.37,51.37,51.37,51.37,0.0,51.37,0
2017-11-07,51.63,51.63,51.63,51.63,0.0,51.63,0
2017-11-08,52.42,52.42,52.42,52.42,0.0,52.42,0
2017-11-09,52.46,52.46,52.46,52.46,0.0,52.46,0
2017-11-10,52.91,52.91,52.91,52.91,0.0,52.91,0
2017-11-13,53.43,53.43,53.43,53.43,0.0,53.43,0
2017-11-14,52.63,52.63,52.63,52.63,0.0,52.63,0
2017-11-15,52.43,52.43,52.43,52.43,0.0,52.43,0
2017-11-16,51.7,51.7,51.18,51.18,1.0,51.7,1
2017-11-17,50.91,50.91,50.91,50.91,0.0,50.91,0
2017-11-20,50.8,50.8,50.8,50.8,0.0,50.8,0
2017-11-21,50.48,50.48,50.48,50.48,0.0,50.48,0
2017-11-22,50.43,50.43,50.43,50.43,0.0,50.43,0
2017-11-24,50.65,50.65,50.65,50.65,0.0,50.65,0
2017-11-27,51.2,51.2,51.2,51.2,0.0,51.2,0
2017-11-28,51.35,51.35,51.35,51.35,0.0,51.35,0
2017-11-29,51.59,51.59,51.59,51.59,0.0,51.59,0
2017-11-30,51.58,51.58,51.58,51.58,0.0,51.58,0
2017-12-01,51.43,51.43,51.43,51.43,0.0,51.43,0
2017-12-04,51.58,51.58,51.58,51.58,0.0,51.58,0
2017-12-05,51.68,51.68,51.68,51.68,0.0,51.68,0
2017-12-06,51.34,51.34,51.34,51.34,0.0,51.34,0
2017-12-07,51.81,51.81,51.81,51.81,0.0,51.81,0
2017-12-08,51.81,51.81,51.81,51.81,0.0,51.81,0
2017-12-11,51.9,51.9,51.9,51.9,0.0,51.9,0
2017-12-12,51.55,51.55,51.55,51.55,0.0,51.55,0
2017-12-13,50.52,50.52,50.52,50.52,0.0,50.52,0
2017-12-14,50.62,50.62,50.62,50.62,0.0,50.62,0
2017-12-15,50.0,50.27,50.0,50.27,1.0,50.0,1
2017-12-18,50.92,50.92,50.92,50.92,0.0,50.92,0
2017-12-19,51.41,51.41,51.41,51.41,0.0,51.41,0
2017-12-20,51.28,51.28,51.28,51.28,0.0,51.28,0
2017-12-21,51.36,51.36,51.36,51.36,0.0,51.36,0
2017-12-22,51.72,51.72,51.72,51.72,0.0,51.72,0
2017-12-26,52.1,52.1,52.1,52.1,0.0,52.1,0
2017-12-27,52.44,52.44,52.44,52.44,0.0,52.44,0
2017-12-28,52.57,52.57,52.57,52.57,0.0,52.57,0
2017-12-29,52.34,52.34,52.34,52.34,0.0,52.34,0
2018-01-02,52.16,52.16,52.16,52.16,0.0,52.16,0
2018-01-03,52.25,52.25,52.25,52.25,0.0,52.25,0
2018-01-04,52.3,52.3,52.3,52.3,0.0,52.3,0
2018-01-05,52.61,52.61,52.61,52.61,0.0,52.61,0
2018-01-08,53.07,53.07,53.07,53.07,0.0,53.07,0
2018-01-09,53.44,53.44,53.44,53.44,0.0,53.44,0
2018-01-10,53.2,53.2,53.2,53.2,0.0,53.2,0
2018-01-11,53.3,53.3,53.3,53.3,0.0,53.3,0
2018-01-12,53.39,53.39,53.39,53.39,0.0,53.39,0
2018-01-16,53.45,53.45,53.45,53.45,0.0,53.45,0
2018-01-17,53.73,53.73,53.73,53.73,0.0,53.73,0
2018-01-18,53.98,53.98,53.98,53.98,0.0,53.98,0
2018-01-19,54.28,54.28,54.28,54.28,0.0,54.28,0
2018-01-22,54.39,54.39,54.39,54.39,0.0,54.39,0
2018-01-23,54.3,54.61,54.3,54.61,1.0,54.3,1
2018-01-24,54.07,54.07,54.07,54.07,0.0,54.07,0
2018-01-25,54.25,54.25,54.25,54.25,0.0,54.25,0
2018-01-26,54.14,54.14,54.14,54.14,0.0,54.14,0
2018-01-29,53.77,53.77,53.77,53.77,0.0,53.77,0
2018-01-30,53.15,53.15,53.15,53.15,0.0,53.15,0
2018-01-31,52.96,52.96,52.96,52.96,0.0,52.96,0
2018-02-01,52.95,52.95,52.95,52.95,0.0,52.95,0
2018-02-02,51.99,51.99,51.99,51.99,0.0,51.99,0
2018-02-05,51.65,51.65,51.65,51.65,0.0,51.65,0
2018-02-06,51.4,51.4,51.4,51.4,0.0,51.4,0
2018-02-07,50.77,50.77,50.77,50.77,0.0,50.77,0
2018-02-08,50.8,50.8,50.8,50.8,0.0,50.8,0
2018-02-09,50.26,50.26,50.26,50.26,0.0,50.26,0
2018-02-12,50.44,50.44,50.44,50.44,0.0,50.44,0
2018-02-13,51.13,51.13,51.13,51.13,0.0,51.13,0
2018-02-14,51.1,51.1,51.1,51.1,0.0,51.1,0
2018-02-15,51.06,51.06,51.06,51.06,0.0,51.06,0
2018-02-16,51.35,51.35,51.35,51.35,0.0,51.35,0
2018-02-20,51.95,51.95,51.95,51.95,0.0,51.95,0
2018-02-21,51.99,51.99,51.99,51.99,0.0,51.99,0
2018-02-22,52.13,52.13,52.13,52.13,0.0,52.13,0
2018-02-23,52.92,52.92,52.92,52.92,0.0,52.92,0
2018-02-26,53.53,53.53,53.53,53.53,0.0,53.53,0
2018-02-27,53.13,53.13,53.13,53.13,0.0,53.13,0
2018-02-28,51.59,51.59,51.59,51.59,0.0,51.59,0
2018-03-01,51.28,51.28,51.28,51.28,0.0,51.28,0
2018-03-02,51.31,51.31,51.31,51.31,0.0,51.31,0
2018-03-05,52.0,52.0,52.0,52.0,0.0,52.0,0
2018-03-06,52.07,52.07,52.07,52.07,0.0,52.07,0
2018-03-07,51.47,51.47,51.47,51.47,0.0,51.47,0
2018-03-08,51.48,51.48,51.48,51.48,0.0,51.48,0
2018-03-09,52.45,52.45,52.45,52.45,0.0,52.45,0
2018-03-12,52.35,52.35,52.35,52.35,0.0,52.35,0
2018-03-13,52.24,52.24,52.24,52.24,0.0,52.24,0
2018-03-14,52.38,52.38,52.38,52.38,0.0,52.38,0
2018-03-15,52.17,52.17,52.17,52.17,0.0,52.17,0
2018-03-16,52.15,52.15,52.15,52.15,0.0,52.15,0
2018-03-19,51.74,51.74,51.74,51.74,0.0,51.74,0
2018-03-20,51.9,51.9,51.9,51.9,0.0,51.9,0
2018-03-21,52.61,52.61,52.61,52.61,0.0,52.61,0
2018-03-22,52.16,52.16,52.16,52.16,0.0,52.16,0
2018-03-23,52.57,52.57,52.57,52.57,0.0,52.57,0
2018-03-26,52.38,52.38,52.38,52.38,0.0,52.38,0
2018-03-27,52.38,52.38,52.38,52.38,0.0,52.38,0
2018-03-28,52.36,52.36,52.36,52.36,0.0,52.36,0
2018-03-29,52.14,52.14,52.14,52.14,0.0,52.14,0
2018-04-02,51.2,51.2,51.2,51.2,0.0,51.2,0
2018-04-03,51.58,51.58,51.58,51.58,0.0,51.58,0
2018-04-04,51.54,51.54,51.54,51.54,0.0,51.54,0
2018-04-05,51.75,51.75,51.75,51.75,0.0,51.75,0
2018-04-06,51.05,51.05,51.05,51.05,0.0,51.05,0
2018-04-09,51.2,51.2,51.2,51.2,0.0,51.2,0
2018-04-10,51.49,51.49,51.49,51.49,0.0,51.49,0
2018-04-11,51.79,51.79,51.79,51.79,0.0,51.79,0
2018-04-12,51.46,51.46,51.46,51.46,0.0,51.46,0
2018-04-13,51.39,51.39,51.39,51.39,0.0,51.39,0
2018-04-16,51.36,51.36,51.36,51.36,0.0,51.36,0
2018-04-17,51.31,51.31,51.31,51.31,0.0,51.31,0
2018-04-18,51.22,51.22,51.22,51.22,0.0,51.22,0
2018-04-19,51.4,51.4,51.4,51.4,0.0,51.4,0
2018-04-20,51.34,51.34,51.34,51.34,0.0,51.34,0
2018-04-23,51.67,51.67,51.67,51.67,0.0,51.67,0
2018-04-24,51.23,51.23,51.23,51.23,0.0,51.23,0
2018-04-25,51.12,51.12,51.12,51.12,0.0,51.12,0
2018-04-26,51.15,51.15,51.15,51.15,0.0,51.15,0
2018-04-27,50.81,50.81,50.81,50.81,0.0,50.81,0
2018-04-30,50.97,50.97,50.97,50.97,0.0,50.97,0
2018-05-01,50.68,50.68,50.68,50.68,0.0,50.68,0
2018-05-02,50.63,50.63,50.63,50.63,0.0,50.63,0
2018-05-03,51.08,51.08,51.08,51.08,0.0,51.08,0
2018-05-04,51.75,51.75,51.75,51.75,0.0,51.75,0
2018-05-07,52.08,52.08,52.08,52.08,0.0,52.08,0
2018-05-08,51.62,51.62,51.62,51.62,0.0,51.62,0
2018-05-09,52.43,52.43,52.43,52.43,0.0,52.43,0
2018-05-10,52.78,52.78,52.78,52.78,0.0,52.78,0
2018-05-11,52.97,52.97,52.97,52.97,0.0,52.97,0
2018-05-14,53.3,53.3,53.3,53.3,0.0,53.3,0
2018-05-15,53.73,53.73,53.73,53.73,0.0,53.73,0
2018-05-16,53.61,53.61,53.61,53.61,0.0,53.61,0
2018-05-17,54.23,54.23,54.23,54.23,0.0,54.23,0
2018-05-18,54.2,54.2,54.2,54.2,0.0,54.2,0
2018-05-21,54.58,54.58,54.58,54.58,0.0,54.58,0
2018-05-22,54.31,54.31,54.31,54.31,0.0,54.31,0
2018-05-23,53.45,53.45,53.45,53.45,0.0,53.45,0
2018-05-24,53.4,53.4,53.1,53.27,12.0,53.163,10
2018-05-25,52.75,52.75,52.31,52.31,1.0,52.75,1
2018-05-29,52.33,52.33,52.33,52.33,0.0,52.33,0
2018-05-30,52.63,52.63,52.63,52.63,0.0,52.63,0
2018-05-31,52.71,52.71,52.71,52.71,0.0,52.71,0
2018-06-01,53.91,53.91,53.91,53.91,0.0,53.91,0
2018-06-04,53.45,53.45,53.45,53.45,0.0,53.45,0
2018-06-05,53.53,53.53,53.53,53.53,0.0,53.53,0
2018-06-06,53.12,53.12,53.12,53.12,0.0,53.12,0
2018-06-07,53.65,53.65,53.65,53.65,0.0,53.65,0
2018-06-08,53.91,53.91,53.91,53.91,0.0,53.91,0
2018-06-11,54.16,54.16,54.16,54.16,0.0,54.16,0
2018-06-12,53.96,53.96,53.96,53.96,0.0,53.96,0
2018-06-13,55.02,55.02,55.02,55.02,0.0,55.02,0
2018-06-14,53.46,53.46,53.46,53.46,0.0,53.46,0
2018-06-15,52.11,52.11,52.11,52.11,0.0,52.11,0
2018-06-18,52.9,52.9,52.9,52.9,0.0,52.9,0
2018-06-19,52.6,52.6,52.6,52.6,0.0,52.6,0
2018-06-20,52.56,52.56,52.56,52.56,0.0,52.56,0
2018-06-21,52.37,52.37,52.37,52.37,0.0,52.37,0
2018-06-22,53.48,53.48,53.48,53.48,0.0,53.48,0
2018-06-25,53.57,53.57,53.57,53.57,0.0,53.57,0
2018-06-26,54.45,54.45,54.45,54.45,0.0,54.45,0
2018-06-27,54.46,54.46,54.46,54.46,0.0,54.46,0
2018-06-28,53.91,53.91,53.91,53.91,0.0,53.91,0
2018-06-29,54.5,54.5,53.45,53.45,2.0,54.5,2
2018-07-02,53.32,53.32,53.32,53.32,0.0,53.32,0
2018-07-03,53.6,53.6,53.14,53.14,2.0,53.6,1
2018-07-05,53.68,53.68,53.68,53.68,0.0,53.68,0
2018-07-06,53.97,53.97,53.97,53.97,0.0,53.97,0
2018-07-09,54.03,54.03,54.03,54.03,0.0,54.03,0
2018-07-10,53.9,53.9,53.9,53.9,0.0,53.9,0
2018-07-11,53.45,53.45,53.08,53.08,2.0,53.45,2
2018-07-12,53.83,53.83,53.83,53.83,0.0,53.83,0
2018-07-13,53.41,53.41,53.41,53.41,0.0,53.41,0
2018-07-16,51.95,51.95,51.95,51.95,0.0,51.95,0
2018-07-17,52.31,52.31,52.31,52.31,0.0,52.31,0
2018-07-18,52.97,52.97,52.97,52.97,0.0,52.97,0
2018-07-19,53.06,53.06,53.06,53.06,0.0,53.06,0
2018-07-20,53.16,53.16,53.16,53.16,0.0,53.16,0
2018-07-23,54.14,54.14,54.14,54.14,0.0,54.14,0
2018-07-24,54.76,54.76,54.76,54.76,0.0,54.76,0
2018-07-25,55.06,55.06,55.06,55.06,0.0,55.06,0
2018-07-26,55.33,55.33,55.33,55.33,0.0,55.33,0
2018-07-27,54.85,54.85,54.85,54.85,0.0,54.85,0
2018-07-30,54.71,54.71,54.71,54.71,0.0,54.71,0
2018-07-31,54.42,54.42,54.42,54.42,0.0,54.42,0
2018-08-01,53.74,53.74,53.74,53.74,0.0,53.74,0
2018-08-02,54.13,54.13,54.13,54.13,0.0,54.13,0
2018-08-03,54.33,54.33,54.33,54.33,0.0,54.33,0
2018-08-06,54.69,54.69,54.69,54.69,0.0,54.69,0
2018-08-07,55.27,55.27,55.27,55.27,0.0,55.27,0
2018-08-08,54.7,54.7,54.16,54.16,4.0,54.7,4
2018-08-09,54.47,54.47,54.47,54.47,0.0,54.47,0
2018-08-10,54.35,54.35,54.35,54.35,0.0,54.35,0
2018-08-13,54.35,54.35,54.27,54.27,4.0,54.35,2
2018-08-14,54.82,54.82,54.82,54.82,0.0,54.82,0
2018-08-15,54.47,54.47,54.47,54.47,0.0,54.47,0
2018-08-16,54.77,54.77,54.77,54.77,0.0,54.77,0
2018-08-17,55.05,55.05,55.05,55.05,0.0,55.05,0
2018-08-20,54.91,54.91,54.91,54.91,0.0,54.91,0
2018-08-21,54.74,54.74,54.74,54.74,0.0,54.74,0
2018-08-22,55.63,55.63,55.63,55.63,0.0,55.63,0
2018-08-23,55.72,55.72,55.72,55.72,0.0,55.72,0
2018-08-24,56.05,56.05,56.05,56.05,0.0,56.05,0
2018-08-27,56.19,56.19,56.19,56.19,0.0,56.19,0
2018-08-28,56.5,56.5,56.1,56.1,4.0,56.5,4
2018-08-29,56.5,56.5,56.18,56.18,1.0,56.5,1
2018-08-30,56.02,56.02,56.02,56.02,0.0,56.02,0
2018-08-31,56.0,56.0,55.58,55.58,4.0,56.0,1
2018-09-04,55.7,55.7,55.7,55.7,0.0,55.7,0
2018-09-05,55.25,55.25,55.25,55.25,0.0,55.25,0
2018-09-06,54.83,54.83,54.83,54.83,0.0,54.83,0
2018-09-07,54.83,54.83,54.83,54.83,0.0,54.83,0
2018-09-10,54.89,54.89,54.89,54.89,0.0,54.89,0
2018-09-11,55.01,55.52,55.01,55.52,1.0,55.01,1
2018-09-12,56.17,56.17,56.17,56.17,0.0,56.17,0
2018-09-13,55.5,55.5,55.5,55.5,0.0,55.5,0
2018-09-14,55.93,55.93,55.93,55.93,0.0,55.93,0
2018-09-17,56.24,56.24,56.24,56.24,0.0,56.24,0
2018-09-18,56.15,56.15,56.15,56.15,0.0,56.15,0
2018-09-19,56.24,56.24,56.24,56.24,0.0,56.24,0
2018-09-20,56.04,56.04,56.04,56.04,0.0,56.04,0
2018-09-21,56.02,56.02,56.02,56.02,0.0,56.02,0
2018-09-24,56.48,56.48,56.48,56.48,0.0,56.48,0
2018-09-25,56.95,56.95,56.95,56.95,0.0,56.95,0
2018-09-26,56.66,56.66,56.66,56.66,0.0,56.66,0
2018-09-27,56.98,56.98,56.98,56.98,0.0,56.98,0
2018-09-28,57.28,57.28,57.28,57.28,0.0,57.28,0
2018-10-01,58.44,58.44,58.25,58.25,1.0,58.44,1
2018-10-02,58.28,58.28,58.28,58.28,0.0,58.28,0
2018-10-03,59.52,59.52,59.52,59.52,0.0,59.52,0
2018-10-04,58.22,58.22,58.22,58.22,0.0,58.22,0
2018-10-05,58.55,58.55,58.55,58.55,0.0,58.55,0
2018-10-08,58.51,58.51,58.51,58.51,0.0,58.51,0
2018-10-09,59.04,59.04,59.04,59.04,0.0,59.04,0
2018-10-10,57.53,57.53,57.53,57.53,0.0,57.53,0
2018-10-11,57.01,57.01,56.24,56.24,1.0,57.01,1
2018-10-12,56.05,56.19,56.05,56.19,1.0,56.05,1
2018-10-15,55.29,55.29,55.29,55.29,0.0,55.29,0
2018-10-16,55.05,55.05,54.98,54.98,2.0,55.025,2
2018-10-17,54.42,54.42,54.42,54.42,0.0,54.42,0
2018-10-18,54.26,54.26,54.26,54.26,0.0,54.26,0
2018-10-19,54.55,54.55,54.55,54.55,0.0,54.55,0
2018-10-22,55.81,55.81,55.81,55.81,0.0,55.81,0
2018-10-23,55.28,55.28,55.28,55.28,0.0,55.28,0
2018-10-24,55.03,55.03,55.03,55.03,0.0,55.03,0
2018-10-25,54.9,54.9,54.9,54.9,0.0,54.9,0
2018-10-26,55.56,55.56,55.56,55.56,0.0,55.56,0
2018-10-29,55.86,55.86,55.86,55.86,0.0,55.86,0
2018-10-30,54.8,54.8,54.8,54.8,0.0,54.8,0
2018-10-31,54.42,54.42,54.42,54.42,0.0,54.42,0
2018-11-01,53.01,53.14,53.01,53.14,1.0,53.01,1
2018-11-02,53.5,53.65,53.5,53.65,2.0,53.5,2
2018-11-05,54.23,54.23,54.23,54.23,0.0,54.23,0
2018-11-06,54.92,54.92,54.92,54.92,0.0,54.92,0
2018-11-07,55.99,57.83,55.99,57.83,1.0,55.99,1
2018-11-08,58.0,58.0,57.5,57.6,2.0,57.75,2
2018-11-09,57.45,57.47,57.45,57.47,1.0,57.45,1
2018-11-12,57.89,57.89,57.34,57.34,1.0,57.89,1
2018-11-13,56.08,56.08,56.08,56.08,0.0,56.08,0
2018-11-14,56.54,56.54,56.54,56.54,0.0,56.54,0
2018-11-15,55.17,55.17,55.17,55.17,0.0,55.17,0
2018-11-16,54.88,54.88,54.88,54.88,0.0,54.88,0
2018-11-19,55.37,55.37,55.37,55.37,0.0,55.37,0
2018-11-20,53.01,53.01,52.93,52.93,5.0,53.002,5
2018-11-21,52.9,53.49,52.9,53.49,14.0,52.9,6
2018-11-23,52.8,52.8,52.17,52.17,5.0,52.48,5
2018-11-26,52.81,52.81,52.81,52.81,0.0,52.81,0
2018-11-27,53.6,53.6,53.6,53.6,0.0,53.6,0
2018-11-28,53.77,53.77,53.77,53.77,0.0,53.77,0
2018-11-29,53.99,53.99,53.99,53.99,0.0,53.99,0
2018-11-30,52.44,52.44,52.44,52.44,0.0,52.44,0
2018-12-03,53.7,53.7,53.7,53.7,0.0,53.7,0
2018-12-04,54.75,54.75,53.87,53.87,1.0,54.75,1
2018-12-05,53.56,53.56,53.56,53.56,0.0,53.56,0
2018-12-06,52.97,52.97,52.97,52.97,0.0,52.97,0
2018-12-07,52.47,52.47,52.47,52.47,0.0,52.47,0
2018-12-10,51.48,51.48,51.48,51.48,0.0,51.48,0
2018-12-11,51.56,51.56,51.56,51.56,0.0,51.56,0
2018-12-12,51.9,51.9,51.71,51.71,1.0,51.9,1
2018-12-13,51.6,52.39,51.6,52.39,2.0,51.6,2
2018-12-14,51.8,52.0,51.8,51.93,3.0,51.9,3
2018-12-17,52.75,52.75,52.0,52.1,4.0,52.3,4
2018-12-18,51.0,51.0,50.64,50.64,2.0,51.0,2
2018-12-19,51.6,51.6,51.6,51.6,0.0,51.6,0
2018-12-20,51.17,51.17,51.17,51.17,0.0,51.17,0
2018-12-21,51.49,51.49,51.49,51.49,0.0,51.49,0
2018-12-24,50.91,50.91,50.91,50.91,0.0,50.91,0
2018-12-26,53.79,53.79,53.79,53.79,0.0,53.79,0
2018-12-27,52.23,52.23,52.23,52.23,0.0,52.23,0
2018-12-28,52.17,52.17,52.17,52.17,0.0,52.17,0
2018-12-31,53.2,53.2,53.2,53.2,0.0,53.2,0
2019-01-02,54.02,54.02,54.02,54.02,0.0,54.02,0
2019-01-03,54.26,54.26,54.26,54.26,0.0,54.26,0
2019-01-04,54.43,54.43,54.43,54.43,0.0,54.43,0
2019-01-07,54.16,54.16,54.16,54.16,0.0,54.16,0
2019-01-08,55.07,55.07,55.07,55.07,0.0,55.07,0
2019-01-09,55.0,55.97,55.0,55.97,1.0,55.0,1
2019-01-10,55.38,55.38,55.38,55.38,0.0,55.38,0
2019-01-11,54.49,54.49,54.49,54.49,0.0,54.49,0
2019-01-14,54.0,54.0,54.0,54.0,0.0,54.0,0
2019-01-15,54.52,54.52,54.52,54.52,0.0,54.52,0
2019-01-16,54.3,54.85,54.3,54.85,1.0,54.3,1
2019-01-17,54.06,54.06,54.06,54.06,0.0,54.06,0
2019-01-18,53.25,53.25,53.25,53.25,0.0,53.25,0
2019-01-22,53.75,53.75,53.75,53.75,0.0,53.75,0
2019-01-23,53.73,53.73,53.73,53.73,0.0,53.73,0
2019-01-24,53.86,53.86,53.86,53.86,0.0,53.86,0
2019-01-25,53.94,53.94,53.94,53.94,0.0,53.94,0
2019-01-28,53.8,53.8,53.8,53.8,0.0,53.8,0
2019-01-29,54.14,54.14,54.14,54.14,0.0,54.14,0
2019-01-30,53.78,53.78,53.78,53.78,0.0,53.78,0
2019-01-31,53.21,53.21,53.21,53.21,0.0,53.21,0
2019-02-01,54.42,54.42,54.42,54.42,0.0,54.42,0
2019-02-04,54.22,54.22,54.22,54.22,0.0,54.22,0
2019-02-05,53.83,53.83,53.83,53.83,0.0,53.83,0
2019-02-06,53.75,53.75,53.51,53.51,2.0,53.75,2
2019-02-07,53.35,53.35,53.03,53.03,1.0,53.35,1
2019-02-08,52.98,52.98,52.98,52.98,0.0,52.98,0
2019-02-11,53.15,53.15,53.15,53.15,0.0,53.15,0
2019-02-12,53.29,53.29,53.29,53.29,0.0,53.29,0
2019-02-13,53.83,53.83,53.83,53.83,0.0,53.83,0
2019-02-14,53.83,53.83,53.83,53.83,0.0,53.83,0
2019-02-15,54.12,54.12,54.12,54.12,0.0,54.12,0
2019-02-19,54.59,54.59,54.59,54.59,0.0,54.59,0
2019-02-20,54.5,54.5,54.5,54.5,0.0,54.5,0
2019-02-21,54.48,54.48,54.48,54.48,0.0,54.48,0
2019-02-22,54.2,54.2,54.2,54.2,0.0,54.2,0
2019-02-25,53.64,53.64,53.64,53.64,0.0,53.64,0
2019-02-26,53.88,53.88,53.88,53.88,0.0,53.88,0
2019-02-27,54.22,54.22,54.22,54.22,0.0,54.22,0
2019-02-28,54.25,54.25,54.25,54.25,0.0,54.25,0
2019-03-01,53.57,53.57,53.57,53.57,0.0,53.57,0
2019-03-04,54.41,54.41,54.41,54.41,0.0,54.41,0
2019-03-05,54.36,54.36,54.36,54.36,0.0,54.36,0
2019-03-06,54.37,54.37,54.37,54.37,0.0,54.37,0
2019-03-07,54.35,54.35,54.35,54.35,0.0,54.35,0
2019-03-08,54.07,54.07,54.07,54.07,0.0,54.07,0
2019-03-11,54.11,54.11,54.11,54.11,0.0,54.11,0
2019-03-12,54.23,54.23,54.23,54.23,0.0,54.23,0
2019-03-13,54.56,54.56,54.56,54.56,0.0,54.56,0
2019-03-14,54.37,54.37,54.37,54.37,0.0,54.37,0
2019-03-15,54.55,54.55,54.55,54.55,0.0,54.55,0
2019-03-18,54.72,54.72,54.72,54.72,0.0,54.72,0
2019-03-19,54.66,54.66,54.66,54.66,0.0,54.66,0
2019-03-20,54.46,54.46,54.46,54.46,0.0,54.46,0
2019-03-21,54.18,54.18,54.18,54.18,0.0,54.18,0
2019-03-22,53.83,53.83,53.83,53.83,0.0,53.83,0
2019-03-25,54.2,54.2,53.9,53.9,3.0,54.2,2
2019-03-26,53.68,53.68,53.68,53.68,0.0,53.68,0
2019-03-27,53.47,53.47,53.47,53.47,0.0,53.47,0
2019-03-28,53.72,53.72,53.72,53.72,0.0,53.72,0
2019-03-29,53.6,53.6,53.6,53.6,0.0,53.6,0
2019-04-01,53.36,53.36,53.36,53.36,0.0,53.36,0
2019-04-02,53.1,53.1,53.1,53.1,0.0,53.1,0
2019-04-03,53.39,53.39,53.39,53.39,0.0,53.39,0
2019-04-04,53.4,53.4,53.4,53.4,0.0,53.4,0
2019-04-05,54.0,54.0,53.5,53.56,2.0,53.75,2
2019-04-08,53.48,53.48,53.48,53.48,0.0,53.48,0
2019-04-09,53.84,53.84,53.84,53.84,0.0,53.84,0
2019-04-10,53.77,53.77,53.77,53.77,0.0,53.77,0
2019-04-11,53.78,53.78,53.78,53.78,0.0,53.78,0
2019-04-12,54.3,54.3,54.3,54.3,0.0,54.3,0
2019-04-15,54.8,54.8,54.8,54.8,0.0,54.8,0
2019-04-16,54.74,54.74,54.74,54.74,0.0,54.74,0
2019-04-17,54.45,54.45,54.45,54.45,0.0,54.45,0
2019-04-18,54.27,54.27,54.27,54.27,0.0,54.27,0
2019-04-22,54.34,54.34,54.34,54.34,0.0,54.34,0
2019-04-23,54.47,54.47,54.47,54.47,0.0,54.47,0
2019-04-24,54.49,54.49,54.49,54.49,0.0,54.49,0
2019-04-25,54.22,54.22,54.22,54.22,0.0,54.22,0
2019-04-26,54.07,54.07,54.07,54.07,0.0,54.07,0
2019-04-29,54.0,54.0,54.0,54.0,0.0,54.0,0
2019-04-30,54.08,54.08,54.08,54.08,0.0,54.08,0
2019-05-01,54.36,54.36,54.36,54.36,0.0,54.36,0
2019-05-02,53.48,53.48,53.48,53.48,0.0,53.48,0
2019-05-03,53.41,53.41,53.41,53.41,0.0,53.41,0
2019-05-06,53.83,53.83,53.83,53.83,0.0,53.83,0
2019-05-07,53.05,53.05,53.05,53.05,0.0,53.05,0
2019-05-08,53.68,53.68,53.68,53.68,0.0,53.68,0
2019-05-09,53.45,53.45,53.45,53.45,0.0,53.45,0
2019-05-10,53.32,53.32,53.32,53.32,0.0,53.32,0
2019-05-13,52.99,52.99,52.99,52.99,0.0,52.99,0
2019-05-14,53.27,53.27,53.27,53.27,0.0,53.27,0
2019-05-15,53.43,53.43,53.43,53.43,0.0,53.43,0
2019-05-16,53.33,53.33,53.33,53.33,0.0,53.33,0
2019-05-17,53.0,53.0,53.0,53.0,0.0,53.0,0
2019-05-20,53.59,53.59,53.59,53.59,0.0,53.59,0
2019-05-21,53.71,53.71,53.71,53.71,0.0,53.71,0
2019-05-22,53.25,53.25,53.25,53.25,0.0,53.25,0
2019-05-23,52.37,52.37,52.37,52.37,0.0,52.37,0
2019-05-24,53.46,53.46,53.46,53.46,0.0,53.46,0
2019-05-28,53.92,53.92,53.92,53.92,0.0,53.92,0
2019-05-29,53.78,53.78,53.78,53.78,0.0,53.78,0
2019-05-30,52.79,52.79,52.79,52.79,0.0,52.79,0
2019-05-31,51.76,51.76,51.76,51.76,0.0,51.76,0
2019-06-03,52.15,52.21,52.15,52.21,3.0,52.15,3
2019-06-04,52.15,52.15,52.15,52.15,0.0,52.15,0
2019-06-05,51.37,51.37,51.37,51.37,0.0,51.37,0
2019-06-06,52.12,52.12,52.12,52.12,0.0,52.12,0
2019-06-07,52.84,52.84,52.84,52.84,0.0,52.84,0
2019-06-10,53.25,53.25,53.25,53.25,0.0,53.25,0
2019-06-11,53.78,53.78,53.78,53.78,0.0,53.78,0
2019-06-12,52.66,52.66,52.66,52.66,0.0,52.66,0
2019-06-13,53.21,53.21,53.21,53.21,0.0,53.21,0
2019-06-14,53.31,53.31,53.31,53.31,0.0,53.31,0
2019-06-17,53.17,53.17,53.17,53.17,0.0,53.17,0
2019-06-18,54.12,54.12,54.12,54.12,0.0,54.12,0
2019-06-19,53.79,53.79,53.79,53.79,0.0,53.79,0
2019-06-20,54.64,54.64,54.64,54.64,0.0,54.64,0
2019-06-21,54.35,54.35,54.35,54.35,0.0,54.35,0
2019-06-24,54.81,54.81,54.81,54.81,0.0,54.81,0
2019-06-25,55.1,55.1,55.1,55.1,0.0,55.1,0
2019-06-26,55.16,55.16,55.16,55.16,0.0,55.16,0
2019-06-27,54.99,54.99,54.99,54.99,0.0,54.99,0
2019-06-28,54.47,54.47,54.47,54.47,0.0,54.47,0
2019-07-01,54.41,54.41,54.41,54.41,0.0,54.41,0
2019-07-02,53.73,53.73,53.73,53.73,0.0,53.73,0
2019-07-03,54.52,54.52,54.52,54.52,0.0,54.52,0
2019-07-05,54.2,54.2,54.2,54.2,0.0,54.2,0
2019-07-08,54.58,54.58,54.58,54.58,0.0,54.58,0
2019-07-09,55.08,55.08,55.08,55.08,0.0,55.08,0
2019-07-10,55.41,55.41,55.41,55.41,0.0,55.41,0
2019-07-11,54.71,54.71,54.71,54.71,0.0,54.71,0
2019-07-12,54.15,54.15,54.15,54.15,0.0,54.15,0
2019-07-15,53.84,53.84,53.84,53.84,0.0,53.84,0
2019-07-16,53.04,53.04,53.04,53.04,0.0,53.04,0
2019-07-17,53.52,53.52,53.52,53.52,0.0,53.52,0
2019-07-18,52.69,52.69,52.69,52.69,0.0,52.69,0
2019-07-19,53.58,53.58,53.58,53.58,0.0,53.58,0
2019-07-22,53.96,53.96,53.96,53.96,0.0,53.96,0
2019-07-23,53.45,53.45,53.45,53.45,0.0,53.45,0
2019-07-24,52.95,52.95,52.95,52.95,0.0,52.95,0
2019-07-25,53.24,53.24,53.24,53.24,0.0,53.24,0
2019-07-26,53.75,53.75,53.75,53.75,0.0,53.75,0
2019-07-29,53.23,53.23,53.23,53.23,0.0,53.23,0
2019-07-30,53.48,53.48,53.48,53.48,0.0,53.48,0
2019-07-31,53.66,53.66,53.66,53.66,0.0,53.66,0
2019-08-01,53.0,53.0,52.04,52.04,1.0,53.0,1
2019-08-02,53.74,53.74,53.74,53.74,0.0,53.74,0
2019-08-05,53.81,53.81,53.81,53.81,0.0,53.81,0
2019-08-06,53.8,53.8,53.35,53.35,4.0,53.75,4
2019-08-07,53.58,53.58,53.58,53.58,0.0,53.58,0
2019-08-08,53.54,53.54,53.54,53.54,0.0,53.54,0
2019-08-09,54.13,54.27,54.13,54.27,1.0,54.13,1
2019-08-12,54.2,54.31,54.2,54.31,1.0,54.2,1
2019-08-13,55.79,55.79,55.79,55.79,0.0,55.79,0
2019-08-14,54.46,54.46,54.46,54.46,0.0,54.46,0
2019-08-15,53.99,53.99,53.99,53.99,0.0,53.99,0
2019-08-16,53.88,53.88,53.88,53.88,0.0,53.88,0
2019-08-19,53.86,53.86,53.86,53.86,0.0,53.86,0
2019-08-20,53.29,53.29,53.29,53.29,0.0,53.29,0
2019-08-21,53.48,53.48,53.48,53.48,0.0,53.48,0
2019-08-22,53.35,53.35,53.35,53.35,0.0,53.35,0
2019-08-23,53.36,53.36,53.36,53.36,0.0,53.36,0
2019-08-26,53.27,53.27,53.27,53.27,0.0,53.27,0
2019-08-27,53.99,53.99,53.99,53.99,0.0,53.99,0
2019-08-28,53.93,53.93,53.93,53.93,0.0,53.93,0
2019-08-29,53.74,53.74,53.74,53.74,0.0,53.74,0
2019-08-30,52.63,52.63,52.63,52.63,0.0,52.63,0
2019-09-03,52.88,52.88,52.88,52.88,0.0,52.88,0
2019-09-04,53.62,53.62,53.62,53.62,0.0,53.62,0
2019-09-05,53.63,53.63,53.63,53.63,0.0,53.63,0
2019-09-06,53.61,53.61,53.61,53.61,0.0,53.61,0
2019-09-09,53.69,53.69,53.69,53.69,0.0,53.69,0
2019-09-10,53.67,53.67,53.67,53.67,0.0,53.67,0
2019-09-11,53.14,53.14,53.14,53.14,0.0,53.14,0
2019-09-12,52.7,52.91,52.7,52.91,1.0,52.7,1
2019-09-13,52.32,52.32,52.32,52.32,0.0,52.32,0
2019-09-16,53.55,53.55,53.55,53.55,0.0,53.55,0
2019-09-17,53.13,53.13,53.13,53.13,0.0,53.13,0
2019-09-18,52.49,52.49,52.49,52.49,0.0,52.49,0
2019-09-19,52.7,52.7,52.27,52.27,1.0,52.7,1
2019-09-20,52.52,52.52,52.52,52.52,0.0,52.52,0
2019-09-23,53.26,53.26,53.26,53.26,0.0,53.26,0
2019-09-24,52.62,52.62,52.62,52.62,0.0,52.62,0
2019-09-25,52.66,52.66,52.66,52.66,0.0,52.66,0
2019-09-26,52.77,52.77,52.77,52.77,0.0,52.77,0
2019-09-27,52.63,52.63,52.63,52.63,0.0,52.63,0
2019-09-30,52.23,52.23,52.23,52.23,0.0,52.23,0
2019-10-01,52.13,52.39,52.13,52.39,1.0,52.13,1
2019-10-02,52.44,52.44,52.44,52.44,0.0,52.44,0
2019-10-03,51.92,51.92,51.92,51.92,0.0,51.92,0
2019-10-04,52.84,52.84,52.84,52.84,0.0,52.84,0
2019-10-07,52.64,52.64,52.64,52.64,0.0,52.64,0
2019-10-08,52.64,52.64,52.64,52.64,0.0,52.64,0
2019-10-09,52.48,52.48,52.48,52.48,0.0,52.48,0
2019-10-10,52.0,52.0,52.0,52.0,0.0,52.0,0
2019-10-11,51.7,51.7,51.7,51.7,0.0,51.7,0
2019-10-14,51.81,51.81,51.81,51.81,0.0,51.81,0
2019-10-15,51.43,51.43,51.43,51.43,0.0,51.43,0
2019-10-16,51.63,51.63,51.63,51.63,0.0,51.63,0
2019-10-17,51.73,51.73,51.73,51.73,0.0,51.73,0
2019-10-18,51.52,51.52,51.52,51.52,0.0,51.52,0
2019-10-21,51.88,51.88,51.88,51.88,0.0,51.88,0
2019-10-22,51.89,51.89,51.89,51.89,0.0,51.89,0
2019-10-23,52.2,52.2,52.2,52.2,0.0,52.2,0
2019-10-24,52.34,52.34,52.34,52.34,0.0,52.34,0
2019-10-25,52.7,52.7,52.7,52.7,0.0,52.7,0
2019-10-28,52.26,52.26,52.26,52.26,0.0,52.26,0
2019-10-29,52.4,52.4,52.4,52.4,0.0,52.4,0
2019-10-30,51.76,51.76,51.76,51.76,0.0,51.76,0
2019-10-31,51.85,51.85,51.85,51.85,0.0,51.85,0
2019-11-01,53.16,53.16,53.16,53.16,0.0,53.16,0
2019-11-04,52.66,52.66,52.66,52.66,0.0,52.66,0
2019-11-05,53.02,53.02,53.02,53.02,0.0,53.02,0
2019-11-06,52.17,52.17,52.17,52.17,0.0,52.17,0
2019-11-07,52.28,52.28,52.28,52.28,0.0,52.28,0
2019-11-08,52.56,52.56,52.56,52.56,0.0,52.56,0
2019-11-11,52.51,52.51,52.51,52.51,0.0,52.51,0
2019-11-12,52.55,52.55,52.55,52.55,0.0,52.55,0
2019-11-13,52.63,52.63,52.63,52.63,0.0,52.63,0
2019-11-14,52.06,52.06,52.06,52.06,0.0,52.06,0
2019-11-15,52.5,52.5,52.5,52.5,0.0,52.5,0
2019-11-18,52.08,52.08,52.08,52.08,0.0,52.08,0
2019-11-19,51.74,51.74,51.74,51.74,0.0,51.74,0
2019-11-20,52.37,52.37,52.37,52.37,0.0,52.37,0
2019-11-21,52.72,52.72,52.72,52.72,0.0,52.72,0
2019-11-22,52.28,52.28,52.28,52.28,0.0,52.28,0
2019-11-25,52.38,52.38,52.38,52.38,0.0,52.38,0
2019-11-26,52.41,52.41,52.41,52.41,0.0,52.41,0
2019-11-27,51.94,51.94,51.94,51.94,0.0,51.94,0
2019-11-29,51.04,51.04,51.04,51.04,0.0,51.04,0
2019-12-02,51.88,51.88,51.88,51.88,0.0,51.88,0
2019-12-03,51.89,51.89,51.89,51.89,0.0,51.89,0
2019-12-04,52.39,52.39,52.39,52.39,0.0,52.39,0
2019-12-05,51.87,51.87,51.87,51.87,0.0,51.87,0
2019-12-06,51.53,51.53,51.53,51.53,0.0,51.53,0
2019-12-09,51.48,51.48,51.48,51.48,0.0,51.48,0
2019-12-10,51.64,51.64,51.64,51.64,0.0,51.64,0
2019-12-11,51.57,51.57,51.57,51.57,0.0,51.57,0
2019-12-12,51.74,51.74,51.74,51.74,0.0,51.74,0
2019-12-13,51.49,51.49,51.49,51.49,0.0,51.49,0
2019-12-16,51.94,51.94,51.94,51.94,0.0,51.94,0
2019-12-17,51.66,51.66,51.66,51.66,0.0,51.66,0
2019-12-18,51.8,51.8,51.8,51.8,0.0,51.8,0
2019-12-19,51.97,51.97,51.97,51.97,0.0,51.97,0
2019-12-20,51.98,51.98,51.98,51.98,0.0,51.98,0
2019-12-23,52.14,52.14,52.14,52.14,0.0,52.14,0
2019-12-24,52.2,52.2,52.2,52.2,0.0,52.2,0
2019-12-26,52.05,52.05,52.05,52.05,0.0,52.05,0
2019-12-27,52.49,52.49,52.49,52.49,0.0,52.49,0
2019-12-30,52.77,52.77,52.77,52.77,0.0,52.77,0
2019-12-31,52.41,52.41,52.41,52.41,0.0,52.41,0
2020-01-02,52.75,52.75,52.75,52.75,0.0,52.75,0
2020-01-03,52.98,53.25,52.42,52.42,3.0,52.91,3
2020-01-06,52.35,52.35,52.35,52.35,0.0,52.35,0
2020-01-07,52.67,52.67,52.67,52.67,0.0,52.67,0
2020-01-08,52.27,52.27,52.27,52.27,0.0,52.27,0
2020-01-09,52.67,52.67,52.67,52.67,0.0,52.67,0
2020-01-10,52.35,52.35,52.35,52.35,0.0,52.35,0
2020-01-13,52.39,52.39,52.39,52.39,0.0,52.39,0
2020-01-14,52.43,52.43,52.43,52.43,0.0,52.43,0
2020-01-15,51.96,51.96,51.96,51.96,0.0,51.96,0
2020-01-16,52.2,52.2,52.2,52.2,0.0,52.2,0
2020-01-17,52.19,52.19,52.19,52.19,0.0,52.19,0
2020-01-21,52.53,52.53,52.53,52.53,0.0,52.53,0
2020-01-22,52.13,52.13,52.13,52.13,0.0,52.13,0
2020-01-23,51.97,51.97,51.21,51.21,1.0,51.97,1
2020-01-24,51.0,51.0,50.7,50.7,1.0,51.0,1
2020-01-27,51.18,51.18,51.18,51.18,0.0,51.18,0
2020-01-28,51.23,51.23,51.23,51.23,0.0,51.23,0
2020-01-29,51.13,51.13,51.13,51.13,0.0,51.13,0
2020-01-30,51.44,51.44,51.44,51.44,0.0,51.44,0
2020-01-31,51.54,51.54,51.54,51.54,0.0,51.54,0
2020-02-03,51.72,51.72,51.72,51.72,0.0,51.72,0
2020-02-04,51.61,51.61,51.61,51.61,0.0,51.61,0
2020-02-05,51.64,51.64,51.64,51.64,0.0,51.64,0
2020-02-06,52.24,52.24,52.24,52.24,0.0,52.24,0
2020-02-07,52.47,52.47,52.47,52.47,0.0,52.47,0
2020-02-10,52.59,52.59,52.59,52.59,0.0,52.59,0
2020-02-11,52.19,52.19,52.19,52.19,0.0,52.19,0
2020-02-12,51.79,51.79,51.79,51.79,0.0,51.79,0
2020-02-13,51.3,51.3,51.3,51.3,0.0,51.3,0
2020-02-14,51.36,51.36,51.36,51.36,0.0,51.36,0
2020-02-18,52.02,52.02,52.02,52.02,0.0,52.02,0
2020-02-19,52.13,52.13,52.13,52.13,0.0,52.13,0
2020-02-20,52.26,52.26,52.26,52.26,0.0,52.26,0
2020-02-21,52.21,52.21,52.21,52.21,0.0,52.21,0
2020-02-24,52.1,52.1,52.1,52.1,0.0,52.1,0
2020-02-25,50.81,50.81,50.81,50.81,0.0,50.81,0
2020-02-26,50.48,50.48,50.48,50.48,0.0,50.48,0
2020-02-27,50.54,50.54,50.54,50.54,0.0,50.54,0
2020-02-28,49.25,49.25,49.25,49.25,0.0,49.25,0
2020-03-02,50.0,50.0,50.0,50.0,0.0,50.0,0
2020-03-03,50.18,50.18,50.18,50.18,0.0,50.18,0
2020-03-04,50.29,50.29,50.29,50.29,0.0,50.29,0
2020-03-05,50.39,50.39,50.39,50.39,0.0,50.39,0
2020-03-06,49.96,49.96,49.96,49.96,0.0,49.96,0
2020-03-09,47.6,47.6,44.98,47.07,3.0,46.0,3
2020-03-10,48.0,48.0,47.99,47.99,1.0,48.0,1
2020-03-11,48.31,48.31,48.31,48.31,0.0,48.31,0
2020-03-12,48.0,49.09,48.0,49.09,5.0,48.4,5
2020-03-13,48.19,48.19,48.19,48.19,0.0,48.19,0
2020-03-16,45.77,45.77,45.77,45.77,0.0,45.77,0
2020-03-17,45.97,45.97,45.72,45.72,1.0,45.97,1
2020-03-18,42.59,42.59,42.59,42.59,0.0,42.59,0
2020-03-19,42.9,43.2,42.33,42.33,5.0,42.98,5
2020-03-20,40.93,40.93,40.93,40.93,0.0,40.93,0
2020-03-23,41.94,41.94,41.94,41.94,0.0,41.94,0
2020-03-24,42.76,42.76,42.76,42.76,0.0,42.76,0
2020-03-25,43.9,43.9,43.9,43.9,0.0,43.9,0
2020-03-26,43.64,43.64,43.64,43.64,0.0,43.64,0
2020-03-27,44.4,44.4,44.4,44.4,0.0,44.4,0
2020-03-30,45.17,45.17,45.17,45.17,0.0,45.17,0
2020-03-31,45.33,45.33,45.33,45.33,0.0,45.33,0
2020-04-01,44.69,44.69,44.69,44.69,0.0,44.69,0
2020-04-02,44.57,44.57,44.57,44.57,0.0,44.57,0
2020-04-03,43.81,43.81,43.81,43.81,0.0,43.81,0
2020-04-06,44.75,44.75,44.75,44.75,0.0,44.75,0
2020-04-07,45.56,45.56,45.56,45.56,0.0,45.56,0
2020-04-08,45.09,45.09,45.09,45.09,0.0,45.09,0
2020-04-09,45.23,45.23,45.23,45.23,0.0,45.23,0
2020-04-13,45.78,45.78,45.78,45.78,0.0,45.78,0
2020-04-14,46.75,46.75,46.75,46.75,0.0,46.75,0
2020-04-15,45.23,45.23,45.23,45.23,0.0,45.23,0
2020-04-16,44.96,44.96,44.96,44.96,0.0,44.96,0
2020-04-17,45.05,45.05,45.05,45.05,0.0,45.05,0
2020-04-20,44.88,44.88,44.88,44.88,0.0,44.88,0
2020-04-22,44.21,44.85,44.21,44.85,1.0,44.21,1
2020-04-23,44.09,44.09,44.09,44.09,0.0,44.09,0
2020-04-24,43.77,43.77,43.77,43.77,0.0,43.77,0
2020-04-27,43.56,43.56,43.56,43.56,0.0,43.56,0
2020-04-28,43.84,43.84,43.84,43.84,0.0,43.84,0
2020-04-29,43.64,43.64,43.64,43.64,0.0,43.64,0
2020-04-30,44.57,44.57,44.57,44.57,0.0,44.57,0
2020-05-01,43.58,43.58,43.58,43.58,0.0,43.58,0
2020-05-04,43.32,43.32,43.32,43.32,0.0,43.32,0
2020-05-05,43.63,43.63,43.63,43.63,0.0,43.63,0
2020-05-06,43.36,43.36,43.36,43.36,0.0,43.36,0
2020-05-07,43.99,43.99,43.99,43.99,0.0,43.99,0
2020-05-08,45.79,45.79,45.79,45.79,0.0,45.79,0
2020-05-11,44.75,44.75,44.75,44.75,0.0,44.75,0
2020-05-12,44.82,44.82,44.82,44.82,0.0,44.82,0
2020-05-13,45.23,45.23,45.23,45.23,0.0,45.23,0
2020-05-14,45.34,45.34,45.34,45.34,0.0,45.34,0
2020-05-15,45.09,45.09,45.09,45.09,0.0,45.09,0
2020-05-18,45.98,46.14,45.98,46.14,1.0,45.98,1
2020-05-19,45.47,45.59,45.47,45.59,1.0,45.47,1
2020-05-20,45.98,46.64,45.98,46.64,1.0,45.98,1
2020-05-21,47.16,47.16,46.41,46.41,2.0,47.16,2
2020-05-22,45.77,46.09,45.77,46.09,1.0,45.77,1
2020-05-26,47.1,47.32,47.1,47.32,1.0,47.1,1
2020-05-27,47.4,47.4,47.2,47.2,2.0,47.4,2
2020-05-28,47.88,48.07,47.88,48.07,1.0,47.88,1
2020-05-29,47.37,47.85,47.37,47.85,1.0,47.37,1
2020-06-01,48.09,48.09,48.09,48.09,0.0,48.09,0
2020-06-02,48.3,48.3,48.3,48.3,0.0,48.3,0
2020-06-03,48.44,48.44,48.44,48.44,0.0,48.44,0
2020-06-04,48.92,48.92,48.92,48.92,0.0,48.92,0
2020-06-05,48.8,48.8,48.8,48.8,0.0,48.8,0
2020-06-08,47.43,47.43,47.43,47.43,0.0,47.43,0
2020-06-09,48.0,48.0,48.0,48.0,0.0,48.0,0
2020-06-10,48.14,48.17,48.02,48.17,22.0,48.096,20
2020-06-11,46.59,46.59,46.35,46.35,1.0,46.59,1
2020-06-12,46.14,46.25,45.9,45.98,29.0,46.04,17
2020-06-15,47.0,47.0,47.0,47.0,0.0,47.0,0
2020-06-16,46.98,46.98,46.98,46.98,0.0,46.98,0
2020-06-17,46.0,46.06,46.0,46.06,1.0,46.0,1
2020-06-18,45.9,45.9,45.9,45.9,0.0,45.9,0
2020-06-19,45.15,45.74,45.15,45.74,1.0,45.15,1
2020-06-22,46.29,46.29,46.29,46.29,0.0,46.29,0
2020-06-23,45.82,45.82,45.82,45.82,0.0,45.82,0
2020-06-24,45.17,45.17,45.17,45.17,0.0,45.17,0
2020-06-25,45.3,45.3,45.3,45.3,0.0,45.3,0
2020-06-26,45.37,45.37,45.37,45.37,0.0,45.37,0
2020-06-29,46.15,46.15,46.15,46.15,0.0,46.15,0
2020-06-30,45.38,45.38,45.38,45.38,0.0,45.38,0
2020-07-01,45.63,45.63,45.63,45.63,0.0,45.63,0
2020-07-02,46.16,46.16,46.16,46.16,0.0,46.16,0
2020-07-06,46.31,46.31,46.31,46.31,0.0,46.31,0
2020-07-07,46.28,46.28,46.28,46.28,0.0,46.28,0
2020-07-08,46.92,46.92,46.92,46.92,0.0,46.92,0
2020-07-09,46.93,46.93,46.93,46.93,0.0,46.93,0
2020-07-10,47.08,47.08,47.08,47.08,0.0,47.08,0
2020-07-13,46.75,46.75,46.75,46.75,0.0,46.75,0
2020-07-14,47.03,47.03,47.03,47.03,0.0,47.03,0
2020-07-15,47.23,47.23,47.23,47.23,0.0,47.23,0
2020-07-16,47.04,47.04,47.04,47.04,0.0,47.04,0
2020-07-17,47.01,47.01,47.01,47.01,0.0,47.01,0
2020-07-20,47.09,47.09,47.09,47.09,0.0,47.09,0
2020-07-21,47.31,47.31,47.31,47.31,0.0,47.31,0
2020-07-22,47.21,47.21,47.21,47.21,0.0,47.21,0
2020-07-23,47.13,47.13,47.13,47.13,0.0,47.13,0
2020-07-24,47.81,47.81,47.81,47.81,0.0,47.81,0
2020-07-27,48.04,48.04,48.04,48.04,0.0,48.04,0
2020-07-28,47.93,47.93,47.93,47.93,0.0,47.93,0
2020-07-29,48.1,48.1,48.1,48.1,0.0,48.1,0
2020-07-30,47.25,47.25,47.25,47.25,0.0,47.25,0
2020-07-31,47.68,47.68,47.68,47.68,0.0,47.68,0
2020-08-03,47.55,48.5,47.55,48.5,4.0,47.613,2
2020-08-04,48.47,48.47,48.47,48.47,0.0,48.47,0
2020-08-05,48.31,48.31,48.31,48.31,0.0,48.31,0
2020-08-06,48.38,48.38,48.38,48.38,0.0,48.38,0
2020-08-07,48.1,48.1,48.1,48.1,0.0,48.1,0
2020-08-10,48.2,48.2,48.2,48.2,0.0,48.2,0
2020-08-11,47.95,47.95,47.95,47.95,0.0,47.95,0
2020-08-12,48.4,48.4,48.4,48.4,0.0,48.4,0
2020-08-13,48.34,48.34,48.34,48.34,0.0,48.34,0
2020-08-14,48.1,48.1,48.1,48.1,0.0,48.1,0
2020-08-17,48.71,48.71,48.71,48.71,0.0,48.71,0
2020-08-18,48.4,48.4,48.4,48.4,0.0,48.4,0
2020-08-19,48.65,48.65,48.65,48.65,0.0,48.65,0
2020-08-20,48.58,48.58,48.58,48.58,0.0,48.58,0
2020-08-21,48.43,48.43,48.43,48.43,0.0,48.43,0
2020-08-24,48.95,48.95,48.95,48.95,0.0,48.95,0
2020-08-25,49.18,49.36,49.18,49.36,5.0,49.18,5
2020-08-26,49.37,49.37,49.37,49.37,0.0,49.37,0
2020-08-27,48.89,48.89,48.89,48.89,0.0,48.89,0
2020-08-28,49.6,49.6,49.6,49.6,0.0,49.6,0
2020-08-31,50.1,50.1,49.13,49.13,5.0,50.1,1
2020-09-01,49.39,49.39,49.39,49.39,0.0,49.39,0
2020-09-02,48.81,48.81,48.81,48.81,0.0,48.81,0
2020-09-03,49.23,49.23,49.23,49.23,0.0,49.23,0
2020-09-04,49.03,49.03,49.03,49.03,0.0,49.03,0
2020-09-08,47.67,47.67,47.67,47.67,0.0,47.67,0
2020-09-09,48.06,48.06,48.06,48.06,0.0,48.06,0
2020-09-10,47.91,47.91,47.91,47.91,0.0,47.91,0
2020-09-11,47.67,47.67,47.67,47.67,0.0,47.67,0
2020-09-14,47.97,47.97,47.97,47.97,0.0,47.97,0
2020-09-15,48.7,48.7,48.7,48.7,0.0,48.7,0
2020-09-16,49.0,49.0,48.46,48.46,1.0,49.0,1
2020-09-17,48.53,48.53,48.53,48.53,0.0,48.53,0
2020-09-18,48.2,48.2,48.2,48.2,0.0,48.2,0
2020-09-21,47.23,47.23,47.23,47.23,0.0,47.23,0
2020-09-22,47.34,47.34,47.34,47.34,0.0,47.34,0
2020-09-23,47.31,47.31,47.31,47.31,0.0,47.31,0
2020-09-24,47.52,47.52,47.52,47.52,0.0,47.52,0
2020-09-25,47.26,47.26,47.26,47.26,0.0,47.26,0
2020-09-28,47.19,47.19,47.19,47.19,0.0,47.19,0
2020-09-29,46.08,46.08,46.08,46.08,0.0,46.08,0
2020-09-30,46.46,46.46,46.46,46.46,0.0,46.46,0
2020-10-01,46.35,46.35,46.02,46.02,1.0,46.35,1
2020-10-02,45.07,45.07,45.07,45.07,0.0,45.07,0
2020-10-05,46.21,46.21,46.21,46.21,0.0,46.21,0
2020-10-06,46.63,46.63,46.63,46.63,0.0,46.63,0
2020-10-07,45.89,45.89,45.89,45.89,0.0,45.89,0
2020-10-08,46.12,46.12,46.12,46.12,0.0,46.12,0
2020-10-09,45.34,45.34,45.34,45.34,0.0,45.34,0
2020-10-12,45.07,45.07,45.07,45.07,0.0,45.07,0
2020-10-13,45.23,45.23,45.23,45.23,0.0,45.23,0
2020-10-14,45.56,45.56,45.56,45.56,0.0,45.56,0
2020-10-15,45.25,45.96,45.25,45.96,1.0,45.25,1
2020-10-16,45.88,45.88,45.88,45.88,0.0,45.88,0
2020-10-19,45.77,45.77,45.77,45.77,0.0,45.77,0
2020-10-20,46.17,46.17,46.17,46.17,0.0,46.17,0
2020-10-21,45.25,45.27,45.25,45.27,1.0,45.25,1
2020-10-22,45.59,45.59,45.59,45.59,0.0,45.59,0
2020-10-23,45.0,45.04,45.0,45.04,2.0,45.0,2
2020-10-26,44.38,44.38,44.38,44.38,0.0,44.38,0
2020-10-27,44.88,44.88,44.88,44.88,0.0,44.88,0
2020-10-28,43.92,43.92,43.92,43.92,0.0,43.92,0
2020-10-29,43.18,43.18,43.18,43.18,0.0,43.18,0
2020-10-30,43.66,43.66,43.66,43.66,0.0,43.66,0
2020-11-02,44.66,44.66,44.66,44.66,0.0,44.66,0
2020-11-03,44.45,44.45,44.45,44.45,0.0,44.45,0
2020-11-04,45.06,45.06,45.06,45.06,0.0,45.06,0
2020-11-05,44.79,44.79,44.79,44.79,0.0,44.79,0
2020-11-06,44.14,44.14,44.14,44.14,0.0,44.14,0
2020-11-09,45.6,45.6,45.38,45.38,1.0,45.6,1
2020-11-10,45.2,45.2,45.2,45.2,0.0,45.2,0
2020-11-11,45.71,45.71,45.71,45.71,0.0,45.71,0
2020-11-12,45.36,45.36,45.36,45.36,0.0,45.36,0
2020-11-13,44.76,44.76,44.76,44.76,0.0,44.76,0
2020-11-16,44.98,44.98,44.98,44.98,0.0,44.98,0
2020-11-17,44.9,44.9,44.9,44.9,0.0,44.9,0
2020-11-18,45.1,45.1,45.1,45.1,0.0,45.1,0
2020-11-19,44.75,44.75,44.75,44.75,0.0,44.75,0
2020-11-20,44.73,44.73,44.73,44.73,0.0,44.73,0
2020-11-23,44.82,44.82,44.82,44.82,0.0,44.82,0
2020-11-24,44.72,44.72,44.72,44.72,0.0,44.72,0
2020-11-25,45.63,45.63,45.61,45.61,1.0,45.63,1
2020-11-27,45.47,45.47,45.47,45.47,0.0,45.47,0
2020-11-30,45.24,45.24,45.24,45.24,0.0,45.24,0
2020-12-01,44.13,44.13,44.13,44.13,0.0,44.13,0
2020-12-02,43.67,43.67,43.67,43.67,0.0,43.67,0
2020-12-03,43.33,43.33,42.72,42.72,2.0,43.315,2
2020-12-04,43.5,43.5,43.41,43.41,1.0,43.5,1
2020-12-07,43.56,43.56,43.56,43.56,0.0,43.56,0
2020-12-08,43.75,43.76,43.75,43.76,2.0,43.75,2
2020-12-09,43.82,43.82,43.82,43.82,0.0,43.82,0
2020-12-10,44.0,44.0,43.94,43.94,1.0,44.0,1
2020-12-11,43.72,43.72,43.72,43.72,0.0,43.72,0
2020-12-14,43.8,44.1,43.8,44.1,1.0,43.8,1
2020-12-15,44.1,44.54,44.1,44.54,1.0,44.1,1
2020-12-16,44.5,44.75,44.5,44.58,6.0,44.708,2
2020-12-17,45.16,45.16,45.16,45.16,0.0,45.16,0
2020-12-18,45.1,45.75,45.1,45.25,2.0,45.425,2
2020-12-21,44.1,44.73,44.0,44.73,2.0,44.05,2
2020-12-22,44.25,44.4,44.25,44.29,2.0,44.325,2
2020-12-23,44.16,45.04,44.16,45.04,7.0,44.576,6
2020-12-24,45.21,45.21,45.21,45.21,0.0,45.21,0
2020-12-28,44.72,44.72,44.72,44.72,0.0,44.72,0
2020-12-29,44.92,44.92,44.92,44.92,0.0,44.92,0
2020-12-30,44.91,44.91,44.91,44.91,0.0,44.91,0
2020-12-31,44.82,44.82,44.82,44.82,0.0,44.82,0
2021-01-04,44.5,44.57,44.5,44.57,1.0,44.5,1
2021-01-05,44.54,44.54,44.54,44.54,0.0,44.54,0
2021-01-06,44.2,44.2,43.9,44.19,6.0,44.028,5
2021-01-07,44.69,44.69,44.69,44.69,0.0,44.69,0
2021-01-08,44.57,45.07,44.57,45.07,3.0,44.57,1
2021-01-11,44.9,45.42,44.9,45.42,1.0,44.9,1
2021-01-12,45.67,45.67,45.67,45.67,0.0,45.67,0
2021-01-13,46.13,46.26,46.13,46.26,3.0,46.13,3
2021-01-14,46.43,46.43,46.35,46.35,3.0,46.43,3
2021-01-15,46.31,46.31,46.31,46.31,0.0,46.31,0
2021-01-19,46.22,46.22,46.22,46.22,0.0,46.22,0
2021-01-20,46.09,46.09,46.09,46.09,0.0,46.09,0
2021-01-21,46.01,46.01,46.01,46.01,0.0,46.01,0
2021-01-22,45.63,45.63,45.63,45.63,0.0,45.63,0
2021-01-25,45.95,45.95,45.95,45.95,0.0,45.95,0
2021-01-26,45.92,45.92,45.92,45.92,0.0,45.92,0
2021-01-27,46.35,46.35,46.35,46.35,0.0,46.35,0
2021-01-28,46.08,46.08,46.08,46.08,0.0,46.08,0
2021-01-29,46.02,46.02,46.02,46.02,0.0,46.02,0
2021-02-01,46.44,46.44,46.44,46.44,0.0,46.44,0
2021-02-02,46.72,46.72,46.72,46.72,0.0,46.72,0
2021-02-03,46.55,46.55,46.55,46.55,0.0,46.55,0
2021-02-04,46.67,46.67,46.67,46.67,0.0,46.67,0
2021-02-05,46.8,46.83,46.67,46.83,2.0,46.735,2
2021-02-08,47.3,47.41,47.3,47.41,3.0,47.3,3
2021-02-09,47.48,47.63,47.48,47.63,1.0,47.48,1
2021-02-10,47.8,47.8,47.8,47.8,0.0,47.8,0
2021-02-11,47.73,47.73,47.73,47.73,0.0,47.73,0
2021-02-12,48.0,48.1,48.0,48.03,35.0,48.023,20
2021-02-16,48.2,48.34,48.2,48.34,1.0,48.2,1
2021-02-17,48.58,48.58,48.58,48.58,0.0,48.58,0
2021-02-18,48.74,48.74,48.74,48.74,0.0,48.74,0
2021-02-19,49.01,49.01,49.01,49.01,0.0,49.01,0
2021-02-22,49.8,49.8,49.8,49.8,0.0,49.8,0
2021-02-23,49.82,49.82,49.82,49.82,0.0,49.82,0
2021-02-24,50.7,50.7,50.7,50.7,0.0,50.7,0
2021-02-25,50.6,50.6,50.57,50.57,2.0,50.6,2
2021-02-26,49.57,49.57,49.57,49.57,0.0,49.57,0
2021-03-01,49.95,49.95,49.22,49.22,1.0,49.95,1
2021-03-02,49.54,49.54,49.54,49.54,0.0,49.54,0
2021-03-03,50.15,50.15,50.15,50.15,0.0,50.15,0
2021-03-04,50.52,50.52,50.52,50.52,0.0,50.52,0
2021-03-05,51.39,51.63,51.39,51.63,1.0,51.39,1
2021-03-08,51.05,51.05,51.05,51.05,0.0,51.05,0
2021-03-09,50.77,50.77,50.77,50.77,0.0,50.77,0
2021-03-10,50.53,50.53,50.53,50.53,0.0,50.53,0
2021-03-11,50.65,50.81,50.65,50.81,1.0,50.65,1
2021-03-12,50.74,50.74,50.74,50.74,0.0,50.74,0
2021-03-15,50.67,50.67,50.67,50.67,0.0,50.67,0
2021-03-16,50.5,50.5,50.5,50.5,0.0,50.5,0
2021-03-17,50.6,50.83,50.6,50.83,3.0,50.6,3
2021-03-18,50.7,50.98,49.96,49.96,3.0,50.793,3
2021-03-19,49.95,49.95,49.95,49.95,0.0,49.95,0
2021-03-22,50.05,50.05,50.05,50.05,0.0,50.05,0
2021-03-23,49.27,49.27,49.27,49.27,0.0,49.27,0
2021-03-24,49.65,49.65,49.65,49.65,0.0,49.65,0
2021-03-25,48.32,48.32,48.32,48.32,0.0,48.32,0
2021-03-26,49.48,49.48,49.48,49.48,0.0,49.48,0
2021-03-29,49.32,49.32,49.32,49.32,0.0,49.32,0
2021-03-30,49.05,49.05,49.05,49.05,0.0,49.05,0
2021-03-31,48.56,48.56,48.56,48.56,0.0,48.56,0
2021-04-01,50.99,50.99,50.99,50.99,0.0,50.99,0
2021-04-05,50.66,50.66,50.66,50.66,0.0,50.66,0
2021-04-06,51.42,51.42,51.42,51.42,0.0,51.42,0
2021-04-07,51.58,51.58,51.58,51.58,0.0,51.58,0
2021-04-08,50.73,50.73,50.73,50.73,0.0,50.73,0
2021-04-09,51.03,51.03,51.03,51.03,0.0,51.03,0
2021-04-12,51.0,51.71,51.0,51.71,1.0,51.0,1
2021-04-13,52.0,52.0,51.97,51.97,1.0,52.0,1
2021-04-14,52.63,52.63,52.63,52.63,0.0,52.63,0
2021-04-15,52.2,52.2,52.2,52.2,0.0,52.2,0
2021-04-16,51.77,51.77,51.77,51.77,0.0,51.77,0
2021-04-19,51.82,51.82,51.82,51.82,0.0,51.82,0
2021-04-20,51.32,51.32,51.32,51.32,0.0,51.32,0
2021-04-21,51.01,51.01,51.01,51.01,0.0,51.01,0
2021-04-22,51.58,51.58,51.58,51.58,0.0,51.58,0
2021-04-23,52.04,52.04,52.04,52.04,0.0,52.04,0
2021-04-26,52.14,52.14,52.14,52.14,0.0,52.14,0
2021-04-27,52.67,52.67,52.67,52.67,0.0,52.67,0
2021-04-28,52.76,52.76,52.75,52.75,2.0,52.76,1
2021-04-29,53.0,53.15,53.0,53.15,1.0,53.0,1
2021-04-30,52.44,52.44,52.44,52.44,0.0,52.44,0
2021-05-03,52.76,52.76,52.76,52.76,0.0,52.76,0
2021-05-04,53.8,53.8,53.25,53.42,3.0,53.6,3
2021-05-05,53.6,53.63,53.6,53.63,5.0,53.6,2
2021-05-06,53.9,53.9,53.75,53.75,2.0,53.9,1
2021-05-07,53.78,54.02,53.78,53.96,4.0,53.91,4
2021-05-10,54.04,54.04,54.04,54.04,0.0,54.04,0
2021-05-11,54.32,54.32,54.32,54.32,0.0,54.32,0
2021-05-12,55.0,55.0,54.78,54.78,1.0,55.0,1
2021-05-13,53.63,53.63,52.85,52.85,3.0,53.63,3
2021-05-14,53.25,53.25,53.1,53.1,1.0,53.25,1
2021-05-17,53.0,53.33,53.0,53.33,1.0,53.0,1
2021-05-18,53.5,53.5,53.25,53.33,5.0,53.45,3
2021-05-19,52.0,52.28,51.9,52.28,2.0,51.95,2
2021-05-20,51.95,51.95,51.93,51.93,1.0,51.95,1
2021-05-21,52.33,52.36,52.33,52.36,1.0,52.33,1
2021-05-24,53.5,53.5,53.37,53.37,1.0,53.5,1
2021-05-25,53.45,53.45,53.32,53.32,1.0,53.45,1
2021-05-26,53.42,53.42,53.42,53.42,0.0,53.42,0
2021-05-27,53.5,53.55,53.2,53.38,81.0,53.438,68
2021-05-28,53.25,53.35,52.93,52.94,40.0,53.255,24
2021-06-01,53.55,53.9,53.36,53.36,12.0,53.615,9
2021-06-02,53.5,53.9,53.38,53.63,40.0,53.595,33
2021-06-03,53.89,53.89,53.1,53.57,33.0,53.542,21
2021-06-04,53.7,53.87,53.3,53.85,15.0,53.756,15
2021-06-07,53.98,54.3,53.46,54.1,10.0,53.971,10
2021-06-08,54.1,54.61,53.95,54.59,8.0,54.234,8
2021-06-09,54.88,54.88,54.7,54.7,2.0,54.84,2
2021-06-10,54.53,54.62,54.41,54.62,7.0,54.466,7
2021-06-11,54.44,54.7,54.44,54.7,5.0,54.44,5
2021-06-14,54.17,54.68,54.17,54.68,4.0,54.267,3
2021-06-15,55.0,55.04,55.0,55.04,30.0,55.0,24
2021-06-16,55.45,55.45,55.06,55.3,13.0,55.251,13
2021-06-17,54.95,55.05,53.8,54.23,22.0,54.656,21
2021-06-18,54.63,54.8,54.2,54.72,4.0,54.585,4
2021-06-21,55.2,55.34,54.92,55.34,2.0,55.06,2
2021-06-22,55.75,55.75,55.4,55.48,4.0,55.517,4
2021-06-23,55.6,55.75,55.3,55.39,20.0,55.422,20
2021-06-24,55.51,55.75,55.41,55.41,2.0,55.63,2
2021-06-25,55.25,55.55,54.82,55.03,8.0,55.148,8
2021-06-28,54.83,54.83,54.44,54.51,9.0,54.494,8
2021-06-29,54.72,54.72,54.54,54.54,4.0,54.678,4
2021-06-30,54.6,54.9,54.45,54.6,9.0,54.633,7
2021-07-01,55.25,55.25,54.81,54.81,1.0,55.25,1
2021-07-02,54.55,54.91,54.55,54.91,3.0,54.67,3
2021-07-06,54.96,54.96,53.42,53.61,65.0,53.758,52
2021-07-07,53.2,53.5,52.77,53.02,30.0,53.222,19
2021-07-08,52.77,53.4,52.77,52.83,5.0,53.012,5
2021-07-09,52.66,53.53,52.55,53.53,8.0,52.855,8
2021-07-12,53.81,53.81,53.81,53.81,0.0,53.81,0
2021-07-13,54.23,54.89,54.23,54.89,1.0,54.23,1
2021-07-14,54.44,54.75,53.8,54.25,6.0,54.178,6
2021-07-15,53.9,54.25,53.54,54.16,7.0,53.954,7
2021-07-16,54.3,55.23,54.0,55.07,4.0,54.633,4
2021-07-19,54.0,54.0,52.12,52.51,55.0,52.708,37
2021-07-20,52.5,52.61,52.5,52.61,1.0,52.5,1
2021-07-21,52.6,54.0,52.53,54.0,11.0,52.965,11
2021-07-22,54.0,54.09,54.0,54.09,3.0,54.0,3
2021-07-23,54.0,54.0,54.0,54.0,0.0,54.0,0
2021-07-26,54.3,54.3,53.4,53.4,5.0,54.05,5
2021-07-27,53.4,53.52,53.4,53.52,5.0,53.4,3
2021-07-28,54.0,54.11,54.0,54.11,1.0,54.0,1
2021-07-29,54.8,55.01,54.73,54.73,2.0,54.905,2
2021-07-30,54.42,54.42,54.42,54.42,0.0,54.42,0
2021-08-02,54.25,54.25,53.33,53.53,9.0,53.644,6
2021-08-03,53.38,53.62,53.15,53.62,6.0,53.388,6
2021-08-04,53.13,53.13,53.09,53.09,2.0,53.13,2
2021-08-05,53.15,53.9,53.15,53.81,4.0,53.638,4
2021-08-06,54.2,54.23,54.0,54.23,5.0,54.14,5
2021-08-09,53.94,53.94,53.94,53.94,0.0,53.94,0
2021-08-10,54.0,54.44,54.0,54.44,6.0,54.265,5
2021-08-11,54.6,54.83,54.6,54.83,2.0,54.6,2
2021-08-12,54.86,54.86,54.86,54.86,0.0,54.86,0
2021-08-13,54.68,54.68,54.68,54.68,0.0,54.68,0
2021-08-16,54.06,54.6,54.06,54.55,4.0,54.44,4
2021-08-17,54.0,54.0,53.7,53.94,5.0,53.82,3
2021-08-18,53.83,53.83,53.83,53.83,0.0,53.83,0
2021-08-19,53.26,53.3,52.55,53.29,18.0,52.984,17
2021-08-20,52.6,52.6,52.48,52.48,2.0,52.575,2
2021-08-23,53.75,54.02,53.75,54.02,2.0,53.875,2
2021-08-24,54.0,54.41,54.0,54.41,2.0,54.2,2
2021-08-25,54.4,54.5,54.4,54.45,10.0,54.45,5
2021-08-26,54.0,54.0,53.95,53.95,2.0,54.0,2
2021-08-27,54.35,54.49,54.35,54.49,5.0,54.35,3
2021-08-30,54.01,54.03,54.0,54.03,2.0,54.005,2
2021-08-31,54.0,54.0,53.76,53.81,3.0,53.92,3
2021-09-01,53.9,54.0,53.6,54.0,8.0,53.781,8
2021-09-02,54.1,54.25,54.0,54.06,3.0,54.117,3
2021-09-03,53.95,54.15,53.95,54.15,1.0,53.95,1
2021-09-07,54.3,54.42,54.3,54.42,3.0,54.3,2
2021-09-08,54.17,54.17,54.17,54.17,0.0,54.17,0
2021-09-09,53.85,53.91,53.83,53.91,2.0,53.84,2
2021-09-10,54.77,54.77,54.77,54.77,0.0,54.77,0
2021-09-13,54.78,54.9,54.74,54.74,8.0,54.804,8
2021-09-14,55.35,55.35,54.75,54.75,1.0,55.35,1
2021-09-15,55.5,55.5,54.73,54.73,79.0,55.0,34
2021-09-16,54.7,54.7,54.6,54.68,8.0,54.613,2
2021-09-17,54.37,54.37,53.81,53.97,11.0,54.07,11
2021-09-20,53.83,53.83,53.25,53.36,3.0,53.447,3
2021-09-21,54.06,54.06,54.06,54.06,0.0,54.06,0
2021-09-22,54.37,54.37,54.37,54.37,0.0,54.37,0
2021-09-23,54.9,54.9,54.87,54.87,1.0,54.9,1
2021-09-24,55.02,55.02,54.8,54.84,7.0,54.973,4
2021-09-27,55.2,55.95,55.0,55.91,43.0,55.691,31
2021-09-28,55.75,56.23,55.75,56.01,6.0,56.01,6
2021-09-29,55.76,56.5,55.76,56.39,27.0,56.273,14
2021-09-30,56.0,56.31,55.75,55.84,34.0,56.075,31
2021-10-01,56.75,56.75,56.71,56.71,5.0,56.75,5
2021-10-04,56.6,57.57,56.6,57.11,31.0,57.213,22
2021-10-05,57.63,58.0,57.38,57.38,77.0,57.739,37
2021-10-06,56.7,56.7,55.87,56.07,21.0,56.289,20
2021-10-07,55.84,56.95,55.37,56.54,27.0,56.143,25
2021-10-08,57.72,57.72,57.07,57.07,2.0,57.72,1
2021-10-11,57.8,58.44,57.66,58.07,11.0,57.966,11
2021-10-12,58.36,59.1,58.3,58.67,4.0,58.525,4
2021-10-13,58.66,59.14,58.66,59.03,2.0,58.9,2
2021-10-14,59.5,59.5,59.0,59.15,4.0,59.225,4
2021-10-15,58.7,58.8,58.5,58.66,3.0,58.667,3
2021-10-18,59.25,59.25,58.45,58.62,30.0,58.792,18
2021-10-19,58.4,58.5,58.31,58.31,7.0,58.486,7
2021-10-20,58.5,59.34,58.5,59.34,1.0,58.5,1
2021-10-21,59.0,59.13,59.0,59.13,5.0,59.002,4
2021-10-22,59.25,60.0,59.25,59.57,2.0,59.625,2
2021-10-25,60.39,60.71,60.18,60.54,9.0,60.478,9
2021-10-26,60.48,60.7,60.48,60.7,3.0,60.503,2
2021-10-27,60.55,60.68,60.06,60.06,13.0,60.432,8
2021-10-28,60.25,60.25,59.75,59.75,2.0,60.15,2
2021-10-29,59.23,59.23,58.59,58.59,6.0,58.855,2
2021-11-01,58.53,59.2,58.53,59.05,24.0,58.821,23
2021-11-02,58.6,59.13,58.6,59.13,31.0,58.626,12
2021-11-03,58.86,59.2,58.86,59.2,10.0,58.945,6
2021-11-04,59.53,60.8,59.53,60.8,40.0,60.059,21
2021-11-05,62.32,62.49,61.5,61.92,18.0,61.966,13
2021-11-08,62.4,62.41,61.74,62.36,5.0,62.2,4
2021-11-09,62.13,62.83,62.12,62.49,22.0,62.489,16
2021-11-10,62.31,62.5,61.41,61.56,45.0,62.333,34
2021-11-11,61.5,62.17,61.5,61.88,22.0,61.824,22
2021-11-12,61.7,61.7,61.17,61.31,166.0,61.526,130
2021-11-15,61.19,61.69,61.19,61.69,1.0,61.19,1
2021-11-16,61.9,61.9,61.9,61.9,0.0,61.9,0
2021-11-17,61.69,61.99,61.69,61.84,5.0,61.872,4
2021-11-18,62.19,62.2,61.76,61.76,2.0,62.195,2
2021-11-19,61.5,62.0,60.44,60.44,157.0,61.202,34
2021-11-22,60.25,60.72,60.1,60.72,3.0,60.2,2
2021-11-23,61.53,61.53,61.53,61.53,0.0,61.53,0
2021-11-24,61.16,61.88,61.16,61.69,4.0,61.645,3
2021-11-26,61.0,61.0,58.53,58.79,127.0,59.569,78
2021-11-29,60.62,61.0,59.5,59.85,19.0,59.878,8
2021-11-30,58.51,58.66,56.88,57.13,32.0,57.517,25
2021-12-01,58.25,59.0,56.81,57.53,38.0,58.002,24
2021-12-02,57.5,57.87,57.0,57.82,4.0,57.447,4
2021-12-03,58.0,59.1,57.9,59.1,7.0,58.533,7
2021-12-06,60.24,60.24,60.24,60.24,0.0,60.24,0
2021-12-07,60.99,61.97,60.99,61.97,6.0,61.415,3
2021-12-08,62.35,62.35,62.31,62.31,2.0,62.35,2
2021-12-09,61.52,61.52,61.52,61.52,0.0,61.52,0
2021-12-10,61.35,61.35,61.35,61.35,0.0,61.35,0
2021-12-13,61.37,61.37,61.37,61.37,0.0,61.37,0
2021-12-14,61.17,61.56,61.07,61.33,4.0,61.242,3
2021-12-15,60.66,60.66,60.66,60.66,0.0,60.66,0
2021-12-16,60.79,60.79,60.16,60.16,30.0,60.79,30
2021-12-17,59.85,59.85,58.91,58.91,1.0,59.85,1
2021-12-20,58.28,58.28,57.67,58.25,6.0,57.807,6
2021-12-21,58.9,59.45,58.02,59.41,11.0,58.748,9
2021-12-22,59.0,59.0,58.75,58.89,23.0,58.907,11
2021-12-23,59.3,59.41,59.04,59.41,2.0,59.17,2
2021-12-27,60.48,60.48,60.48,60.48,0.0,60.48,0
2021-12-28,60.8,60.8,60.21,60.21,12.0,60.358,4
2021-12-29,60.26,60.8,59.85,60.77,8.0,60.541,4
2021-12-30,60.77,61.03,60.75,60.75,3.0,60.933,3
2021-12-31,59.75,59.75,59.43,59.43,1.0,59.75,1
2022-01-03,60.0,61.3,60.0,60.53,26.0,60.38,20
2022-01-04,61.22,61.22,61.22,61.22,0.0,61.22,0
2022-01-05,61.3,61.49,60.75,60.87,15.0,61.141,10
2022-01-06,61.3,61.3,61.17,61.17,1.0,61.3,1
2022-01-07,61.5,61.5,60.98,60.98,7.0,61.206,5
2022-01-10,60.99,60.99,60.66,60.66,6.0,60.832,3
2022-01-11,61.2,61.99,61.2,61.67,10.0,61.788,4
2022-01-12,61.7,62.0,61.3,61.55,28.0,61.806,8
2022-01-13,61.7,61.9,61.3,61.74,54.0,61.616,14
2022-01-14,62.23,62.31,62.14,62.15,22.0,62.234,22
2022-01-18,63.4,63.4,62.43,62.84,16.0,62.939,12
2022-01-19,63.23,63.7,63.05,63.05,19.0,63.47,8
2022-01-20,63.51,64.05,63.15,64.05,40.0,63.608,37
2022-01-21,63.13,64.59,63.13,64.59,4.0,64.025,4
2022-01-24,65.0,65.0,63.93,64.34,7.0,64.706,3
2022-01-25,65.35,65.8,65.24,65.24,3.0,65.483,3
2022-01-26,65.24,66.0,65.24,65.59,25.0,65.736,18
2022-01-27,65.4,65.79,65.24,65.24,9.0,65.404,7
2022-01-28,65.7,65.7,64.98,64.98,4.0,65.175,4
2022-01-31,65.3,65.5,65.3,65.46,2.0,65.4,2
2022-02-01,65.25,65.78,65.25,65.63,73.0,65.508,36
2022-02-02,66.0,66.01,65.76,65.76,23.0,65.957,14
2022-02-03,65.6,66.6,65.6,66.6,68.0,66.367,32
2022-02-04,66.88,67.1,66.88,66.95,46.0,66.951,20
2022-02-07,67.0,67.48,67.0,67.41,196.0,67.408,140
2022-02-08,67.57,67.57,66.91,67.05,27.0,67.259,16
2022-02-09,67.67,68.44,67.67,68.44,11.0,68.167,11
2022-02-10,68.75,68.98,68.75,68.98,6.0,68.825,4
2022-02-11,69.5,70.0,69.5,69.52,49.0,69.7,18
2022-02-14,68.75,69.67,68.75,69.67,41.0,68.887,6
2022-02-15,67.63,68.09,67.63,68.09,74.0,67.796,68
2022-02-16,68.27,68.61,68.27,68.56,3.0,68.383,3
2022-02-17,67.42,68.63,67.42,68.63,11.0,68.275,10
2022-02-18,68.3,68.93,68.3,68.93,4.0,68.3,4
2022-02-21,69.07,70.32,68.9,70.32,50.0,70.052,28
2022-02-22,70.51,70.51,70.05,70.05,4.0,70.403,4
2022-02-23,71.25,71.25,70.69,70.97,3.0,71.063,3
2022-02-24,72.3,73.75,69.0,69.46,233.0,69.719,90
2022-02-25,69.0,69.0,67.5,68.08,29.0,68.172,14
2022-02-28,69.75,69.75,67.22,67.33,32.0,67.732,25
2022-03-01,67.8,70.01,67.8,68.91,211.0,69.029,81
2022-03-02,69.15,71.67,69.15,71.67,26.0,70.153,15
2022-03-03,70.0,72.25,70.0,72.0,51.0,71.658,31
2022-03-04,72.0,74.1,72.0,73.44,56.0,73.752,34
2022-03-07,73.78,75.0,71.59,72.56,150.0,73.78,149
2022-03-08,72.75,72.75,67.5,69.79,172.0,69.631,158
2022-03-09,70.0,70.1,65.0,68.32,151.0,68.161,130
2022-03-10,70.0,71.1,67.5,68.75,24.0,68.426,19
2022-03-11,69.99,70.51,69.0,70.51,7.0,69.713,7
2022-03-14,69.2,69.2,68.35,68.98,4.0,68.788,4
2022-03-15,68.0,70.47,67.73,70.08,97.0,69.55,88
2022-03-16,69.24,69.24,68.5,68.71,7.0,69.093,5
2022-03-17,69.75,71.0,69.75,70.7,7.0,70.71,7
2022-03-18,70.8,71.44,70.59,70.59,4.0,71.06,4
2022-03-21,71.75,72.3,71.75,72.09,24.0,72.15,22
2022-03-22,72.01,72.01,71.95,71.95,4.0,72.01,4
2022-03-23,72.0,72.46,72.0,72.46,5.0,72.0,5
2022-03-24,72.62,72.65,70.92,70.92,11.0,72.623,11
2022-03-25,71.75,71.97,71.32,71.97,3.0,71.59,3
2022-03-28,71.5,71.5,71.12,71.12,2.0,71.325,2
2022-03-29,71.3,71.3,69.22,70.94,14.0,69.546,14
2022-03-30,70.75,71.34,70.75,71.34,1.0,70.75,1
2022-03-31,72.0,73.1,71.64,71.64,937.0,72.719,894
2022-04-01,72.35,74.78,72.35,74.78,98.0,74.429,96
2022-04-04,74.85,75.49,74.77,75.29,347.0,75.174,288
2022-04-05,75.4,75.4,72.61,74.29,61.0,75.058,43
2022-04-06,74.28,74.45,72.98,73.17,340.0,73.777,275
2022-04-07,73.3,74.31,73.21,74.31,113.0,73.608,92
2022-04-08,74.51,74.51,74.0,74.37,2.0,74.255,2
2022-04-11,73.81,74.4,73.01,73.65,6.0,73.782,6
2022-04-12,74.27,74.4,73.9,73.9,16.0,74.278,12
2022-04-13,73.71,74.2,73.43,74.2,8.0,73.745,8
2022-04-14,73.27,73.8,73.19,73.34,65.0,73.584,44
2022-04-18,73.37,73.37,72.71,72.78,3.0,72.973,3
2022-04-19,72.0,73.42,71.36,71.36,21.0,72.028,16
2022-04-20,71.95,73.0,71.0,71.21,46.0,71.708,23
2022-04-21,71.3,73.0,71.3,72.44,54.0,72.696,28
2022-04-22,72.4,72.4,70.5,70.68,29.0,71.143,20
2022-04-25,69.85,70.08,68.86,70.08,11.0,69.488,8
2022-04-26,70.74,71.04,70.02,70.02,65.0,70.675,51
2022-04-27,70.0,70.28,69.19,69.43,93.0,69.828,86
2022-04-28,68.51,69.67,68.51,69.51,16.0,69.424,8
2022-04-29,69.7,70.16,68.85,68.86,19.0,69.249,15
2022-05-02,69.2,69.5,68.51,69.08,21.0,69.061,21
2022-05-03,69.5,69.58,68.95,69.35,7.0,69.366,6
2022-05-04,70.0,71.33,69.39,70.93,11.0,70.676,10
2022-05-05,71.42,71.42,71.28,71.28,5.0,71.418,2
2022-05-06,71.0,71.5,71.0,71.19,12.0,71.438,3
2022-05-09,71.0,71.2,68.5,69.15,138.0,69.624,78
2022-05-10,69.99,70.0,69.14,69.14,3.0,69.997,3
2022-05-11,70.35,72.3,70.35,72.15,54.0,71.407,31
2022-05-12,72.45,72.45,71.31,71.78,20.0,71.586,9
2022-05-13,71.44,71.44,71.44,71.44,0.0,71.44,0
2022-05-16,71.19,71.48,71.19,71.48,17.0,71.206,7
2022-05-17,72.0,72.48,71.9,72.39,48.0,72.124,37
2022-05-18,72.9,72.9,71.5,71.64,182.0,72.038,112
2022-05-19,72.06,72.3,71.17,72.24,34.0,71.914,20
2022-05-20,71.71,71.71,71.71,71.71,0.0,71.71,0
2022-05-23,72.53,72.75,72.11,72.75,18.0,72.428,18
2022-05-24,72.22,73.5,72.22,73.06,5.0,72.978,5
2022-05-25,73.65,73.65,73.35,73.35,30.0,73.65,21
2022-05-26,73.75,73.75,73.3,73.3,2.0,73.625,2
2022-05-27,72.75,73.2,72.01,73.16,66.0,72.53,30
2022-05-30,73.0,73.0,73.0,73.0,1.0,73.0,1
2022-05-31,73.5,73.5,72.3,72.62,103.0,72.999,74
2022-06-01,72.89,73.5,72.5,72.55,155.0,72.755,100
2022-06-02,72.43,73.13,72.0,73.13,199.0,72.547,140
2022-06-03,71.98,73.26,71.98,72.81,518.0,72.914,367
2022-06-06,73.0,73.0,72.35,72.44,59.0,72.595,47
2022-06-07,74.0,74.51,73.78,74.12,34.0,74.012,26
2022-06-08,74.51,75.0,74.51,74.75,44.0,74.721,34
2022-06-09,74.85,75.62,74.65,75.62,49.0,75.214,39
2022-06-10,75.75,75.78,74.2,75.17,44.0,74.858,42
2022-06-13,74.51,76.1,74.33,75.87,306.0,75.835,176
2022-06-14,76.1,76.49,74.5,75.05,111.0,75.776,94
2022-06-15,75.0,75.29,74.5,74.76,146.0,74.712,130
2022-06-16,75.0,76.42,74.56,76.22,40.0,75.558,29
2022-06-17,76.15,76.15,74.3,74.32,48.0,75.327,28
2022-06-20,74.5,74.5,73.5,74.2,18.0,74.291,14
2022-06-21,74.8,74.8,73.31,73.98,44.0,74.193,39
2022-06-22,73.2,73.2,71.5,72.73,85.0,72.161,62
2022-06-23,71.5,72.32,70.01,70.31,349.0,70.903,261
2022-06-24,70.71,72.82,70.71,72.26,67.0,72.164,47
2022-06-27,73.41,73.41,73.41,73.41,0.0,73.41,0
2022-06-28,74.6,75.5,74.6,75.14,58.0,75.467,37
2022-06-29,75.71,75.71,74.6,74.62,13.0,75.024,9
2022-06-30,74.31,74.31,72.0,72.05,35.0,72.912,32
2022-07-01,71.7,73.0,71.4,71.81,33.0,71.955,19
2022-07-04,71.0,72.5,70.9,71.81,14.0,71.83,14
2022-07-05,74.15,74.15,68.0,68.28,63.0,70.045,50
2022-07-06,69.09,69.34,66.9,68.6,132.0,68.653,87
2022-07-07,68.5,69.95,67.6,69.86,17.0,69.069,13
2022-07-08,70.39,71.28,70.38,70.47,66.0,70.986,17
2022-07-11,70.0,72.16,70.0,72.16,59.0,71.903,44
2022-07-12,69.25,70.0,67.85,69.76,29.0,68.878,26
2022-07-13,69.76,70.65,69.76,70.59,54.0,69.917,27
2022-07-14,69.05,69.5,69.05,69.32,3.0,69.203,3
2022-07-15,69.05,70.63,68.78,70.23,20.0,70.028,11
2022-07-18,72.0,72.62,71.9,72.58,105.0,72.237,72
2022-07-19,72.38,72.75,72.38,72.64,34.0,72.679,14
2022-07-20,73.0,73.0,72.17,72.17,11.0,73.0,7
2022-07-21,70.7,71.4,70.7,71.11,8.0,71.063,8
2022-07-22,71.64,72.0,70.82,70.82,39.0,71.513,25
2022-07-25,71.0,72.12,71.0,71.83,4.0,71.407,4
2022-07-26,71.86,72.1,71.86,71.91,9.0,71.887,2
2022-07-27,72.5,73.45,72.5,73.45,40.0,72.513,7
2022-07-28,74.11,74.11,72.1,72.24,8.0,73.552,8
2022-07-29,73.25,73.65,72.2,73.17,24.0,73.106,18
2022-08-01,72.8,72.8,70.12,71.83,58.0,71.359,55
2022-08-02,71.99,73.65,71.99,73.37,39.0,72.776,36
2022-08-03,73.8,74.51,72.51,72.92,102.0,73.966,102
2022-08-04,73.15,73.3,70.51,70.86,43.0,71.478,23
2022-08-05,70.25,70.67,70.2,70.67,4.0,70.338,4
2022-08-08,70.65,72.3,70.65,72.3,9.0,71.769,9
2022-08-09,72.49,73.21,71.62,71.87,23.0,72.317,13
2022-08-10,71.6,73.15,71.46,73.15,16.0,72.414,15
2022-08-11,73.75,73.75,73.1,73.3,4.0,73.46,4
2022-08-12,72.72,73.13,72.55,73.13,3.0,72.637,3
2022-08-15,71.95,72.62,71.4,72.62,19.0,71.739,18
2022-08-16,73.11,73.18,71.22,71.8,23.0,71.947,22
2022-08-17,72.2,72.44,71.45,71.94,24.0,71.772,22
2022-08-18,72.0,72.6,71.03,71.23,29.0,71.697,29
2022-08-19,71.46,71.46,69.99,70.53,167.0,70.859,155
2022-08-22,69.8,70.72,69.21,70.54,160.0,70.243,123
2022-08-23,70.75,72.17,70.75,70.91,70.0,71.752,60
2022-08-24,71.24,71.51,70.2,70.49,70.0,70.591,51
2022-08-25,70.9,71.18,69.92,69.94,89.0,70.207,81
2022-08-26,70.85,71.05,69.35,69.89,43.0,70.062,42
2022-08-29,70.5,71.01,70.28,70.44,24.0,70.652,21
2022-08-30,70.39,70.39,69.0,69.02,149.0,69.539,141
2022-08-31,69.6,69.99,68.62,69.06,60.0,69.179,53
2022-09-01,68.75,68.75,66.83,67.63,160.0,67.748,145
2022-09-02,67.3,67.68,66.59,67.68,24.0,67.166,24
2022-09-05,67.5,67.68,66.6,67.68,16.0,67.028,16
2022-09-06,67.6,67.75,66.5,67.72,26.0,66.946,22
2022-09-07,67.25,67.45,65.3,65.65,48.0,66.212,31
2022-09-08,65.71,65.91,65.17,65.7,94.0,65.472,36
2022-09-09,66.28,67.79,66.28,67.79,19.0,67.171,16
2022-09-12,68.0,68.77,68.0,68.77,19.0,68.287,15
2022-09-13,68.9,69.5,67.45,68.74,104.0,68.818,103
2022-09-14,69.39,70.2,68.9,68.9,13.0,69.717,13
2022-09-15,67.95,67.95,66.8,66.8,20.0,67.196,19
2022-09-16,66.8,67.2,66.4,66.64,219.0,66.679,193
2022-09-19,66.11,66.6,65.48,66.46,45.0,65.686,41
2022-09-20,66.25,66.32,64.5,64.59,370.0,65.233,293
2022-09-21,65.4,65.9,64.0,64.21,118.0,64.743,110
2022-09-22,64.58,65.89,64.58,64.66,70.0,65.421,29
2022-09-23,64.0,64.0,62.7,62.74,179.0,63.253,121
2022-09-26,63.5,63.5,62.15,62.21,279.0,62.673,109
2022-09-27,62.85,63.5,62.27,62.77,8.0,62.723,7
2022-09-28,62.33,64.74,62.33,64.12,304.0,63.707,169
2022-09-29,63.67,64.0,63.23,63.41,719.0,63.576,672
2022-09-30,63.5,63.5,62.25,62.35,161.0,62.856,119
2022-10-03,62.9,64.1,62.9,63.75,118.0,63.71,79
2022-10-04,63.75,65.2,63.75,64.92,176.0,64.789,97
2022-10-05,64.57,66.44,64.5,66.22,79.0,65.185,47
2022-10-06,65.86,67.45,65.86,67.01,39.0,66.426,29
2022-10-07,67.15,69.0,67.13,67.97,132.0,68.405,107
2022-10-10,68.24,69.0,67.4,67.4,30.0,68.488,27
2022-10-11,67.0,67.3,66.15,66.74,37.0,66.479,22
2022-10-12,66.88,66.88,65.25,65.61,181.0,65.728,99
2022-10-13,65.71,66.44,65.1,66.1,28.0,65.898,21
2022-10-14,65.27,65.31,64.73,64.98,117.0,65.025,48
2022-10-17,65.4,66.5,65.4,65.6,38.0,65.8,37
2022-10-18,65.25,66.5,65.11,66.36,75.0,65.635,32
2022-10-19,65.85,67.99,65.85,67.79,156.0,67.459,88
2022-10-20,67.5,68.35,67.4,67.55,142.0,67.818,97
2022-10-21,67.34,67.45,67.12,67.12,61.0,67.246,56
2022-10-24,66.9,67.2,66.16,66.77,34.0,66.651,28
2022-10-25,67.0,67.76,66.9,67.76,64.0,67.336,54
2022-10-26,67.65,68.5,67.52,68.36,79.0,68.179,72
2022-10-27,68.5,68.77,68.46,68.77,5.0,68.504,4
2022-10-28,68.2,68.2,67.69,68.02,17.0,67.798,16
2022-10-31,67.55,68.6,67.4,68.5,264.0,68.235,234
2022-11-01,69.15,69.64,68.69,68.71,251.0,68.957,174
2022-11-02,68.94,69.7,68.87,69.68,101.0,69.496,78
2022-11-03,69.28,69.28,69.08,69.08,33.0,69.178,21
2022-11-04,69.04,70.99,69.04,70.11,151.0,70.229,91
2022-11-07,69.04,70.5,69.04,70.16,49.0,70.135,46
2022-11-08,70.4,70.4,69.01,69.23,152.0,69.988,98
2022-11-09,69.0,69.0,67.8,68.01,39.0,68.215,33
2022-11-10,68.0,68.54,67.69,67.89,52.0,68.022,49
2022-11-11,68.1,69.7,68.1,69.22,47.0,69.19,38
2022-11-14,69.7,69.7,68.6,68.89,46.0,69.03,28
2022-11-15,69.2,70.43,69.19,70.14,56.0,69.859,43
2022-11-16,70.41,70.41,68.3,68.71,218.0,68.585,96
2022-11-17,68.12,69.0,67.41,68.51,171.0,67.847,85
2022-11-18,69.19,69.19,67.11,68.02,87.0,67.729,34
2022-11-21,68.39,68.89,67.2,68.81,134.0,68.332,110
2022-11-22,69.2,69.3,68.7,68.75,238.0,69.11,204
2022-11-23,68.5,68.64,67.85,68.41,144.0,68.152,68
2022-11-24,68.3,68.63,68.3,68.41,9.0,68.503,9
2022-11-25,69.05,69.05,67.9,68.02,66.0,68.435,42
2022-11-28,67.63,68.83,67.03,68.59,211.0,67.476,145
2022-11-29,68.9,69.6,68.49,68.86,57.0,69.054,54
2022-11-30,68.65,69.91,68.65,69.91,76.0,69.485,65
2022-12-01,69.45,70.26,69.35,69.94,120.0,70.014,98
2022-12-02,69.99,70.61,69.6,70.46,149.0,70.232,147
2022-12-05,71.18,71.45,69.31,69.38,167.0,70.394,134
2022-12-06,69.45,69.45,67.63,67.86,91.0,68.526,81
2022-12-07,68.05,68.13,66.63,66.63,216.0,67.386,159
2022-12-08,66.91,67.05,66.01,66.14,342.0,66.479,308
2022-12-09,67.0,67.65,66.42,66.74,823.0,67.185,790
2022-12-12,66.97,68.06,66.47,67.69,61.0,67.585,58
2022-12-13,67.98,68.4,67.32,67.43,227.0,67.958,221
2022-12-14,67.45,67.86,67.1,67.61,116.0,67.611,91
2022-12-15,67.3,67.3,66.31,66.36,109.0,66.696,92
2022-12-16,66.5,66.52,65.67,66.03,191.0,66.178,144
2022-12-19,66.2,66.8,66.2,66.43,37.0,66.543,33
2022-12-20,66.49,67.1,66.21,66.98,138.0,66.621,122
2022-12-21,67.15,67.85,66.79,67.03,181.0,67.188,177
2022-12-22,67.03,67.59,65.94,66.44,394.0,66.725,311
2022-12-23,66.99,68.31,66.93,67.78,264.0,67.817,186
2022-12-27,68.51,68.58,67.86,67.86,44.0,68.094,33
2022-12-28,68.11,68.7,67.93,68.29,70.0,68.163,65
2022-12-29,68.01,68.01,67.36,67.5,58.0,67.524,48
2022-12-30,67.75,68.72,67.49,68.63,362.0,67.604,300
2023-01-03,68.5,69.0,67.16,67.21,285.0,67.769,189
2023-01-04,67.27,67.27,66.12,66.51,205.0,66.546,176
2023-01-05,66.82,67.34,66.5,66.63,282.0,66.936,172
2023-01-06,66.87,67.32,66.2,66.81,172.0,66.759,130
2023-01-09,66.94,68.3,66.94,67.77,229.0,67.725,194
2023-01-10,67.5,68.16,67.2,67.64,471.0,67.625,370
2023-01-11,67.27,68.76,67.13,68.7,590.0,67.948,501
2023-01-12,68.5,69.07,68.49,68.78,353.0,68.752,282
2023-01-13,68.5,69.19,68.41,69.19,214.0,68.775,202
2023-01-16,68.95,69.19,68.75,69.19,14.0,68.894,12
2023-01-17,68.95,69.53,67.64,67.81,285.0,68.44,240
2023-01-18,68.08,68.77,67.42,67.67,598.0,67.951,509
2023-01-19,67.47,68.7,67.36,68.33,124.0,67.805,110
2023-01-20,68.51,69.06,68.35,68.68,208.0,68.576,149
2023-01-23,68.75,69.35,68.62,69.35,339.0,68.849,224
2023-01-24,68.55,69.05,68.32,68.4,197.0,68.779,107
2023-01-25,68.37,68.56,67.95,68.06,364.0,68.137,284
2023-01-26,68.24,68.7,67.9,67.95,339.0,68.151,238
2023-01-27,68.0,68.3,67.09,67.32,543.0,67.578,354
2023-01-30,67.6,67.85,66.77,66.95,211.0,67.102,158
2023-01-31,67.05,68.0,66.56,67.89,93.0,67.363,72
2023-02-01,68.1,68.1,66.48,66.69,311.0,67.161,215
2023-02-02,66.67,67.41,66.38,66.63,657.0,66.913,590
2023-02-03,66.77,67.16,64.91,65.17,1002.0,65.67,753
2023-02-06,65.08,65.98,64.88,65.98,721.0,65.528,520
2023-02-07,66.01,67.15,65.95,66.75,803.0,66.586,493
2023-02-08,66.55,67.33,66.47,67.15,717.0,66.912,605
2023-02-09,67.35,67.4,66.61,66.74,105.0,66.972,65
2023-02-10,66.81,67.89,66.68,67.64,200.0,67.511,147
2023-02-13,67.4,68.36,67.4,68.35,88.0,67.937,73
2023-02-14,68.2,68.4,67.34,68.22,125.0,68.06,110
2023-02-15,68.15,68.5,67.42,68.39,252.0,67.934,191
2023-02-16,68.55,68.79,68.0,68.45,104.0,68.291,80
2023-02-17,67.97,68.25,66.92,67.32,182.0,67.383,165
2023-02-20,67.25,68.08,67.25,67.32,87.0,67.751,78
2023-02-21,67.89,68.3,67.18,67.46,614.0,67.604,522
2023-02-22,67.3,67.51,66.44,66.85,413.0,66.912,297
2023-02-23,67.05,67.5,66.92,67.16,174.0,67.201,141
2023-02-24,67.4,67.5,66.3,67.05,189.0,66.883,163
2023-02-27,67.0,67.05,66.02,66.25,128.0,66.534,114
2023-02-28,66.25,67.12,65.94,66.11,261.0,66.445,183
2023-03-01,66.06,66.65,65.76,66.52,322.0,66.3,257
2023-03-02,66.5,67.0,66.5,66.95,238.0,66.759,177
2023-03-03,66.8,67.98,66.33,67.98,491.0,67.52,370
2023-03-06,67.6,68.27,67.37,68.24,130.0,67.823,107
2023-03-07,68.1,68.2,66.44,66.68,416.0,67.268,367
2023-03-08,66.66,66.73,66.12,66.35,201.0,66.346,126
2023-03-09,66.41,67.0,65.68,65.94,931.0,66.624,765
2023-03-10,65.69,66.43,65.5,66.2,389.0,66.088,258
2023-03-13,66.2,66.4,64.3,65.46,1199.0,65.357,933
2023-03-14,65.27,65.39,64.12,64.31,623.0,64.609,432
2023-03-15,64.69,64.8,61.77,62.53,4343.0,63.047,3381
2023-03-16,62.92,63.69,61.68,63.2,643.0,62.501,496
2023-03-17,63.1,64.05,62.62,62.95,1649.0,62.98,1286
2023-03-20,63.35,63.4,62.49,63.35,1381.0,62.976,1288
2023-03-21,63.15,63.9,62.85,63.74,532.0,63.519,380
2023-03-22,63.8,64.3,63.45,63.99,590.0,63.975,419
2023-03-23,63.89,64.56,63.5,63.88,1065.0,64.077,709
2023-03-24,63.8,64.24,62.42,63.77,827.0,63.328,486
2023-03-27,63.78,65.4,63.35,65.37,917.0,64.715,622
2023-03-28,65.3,66.03,64.92,65.54,499.0,65.436,438
2023-03-29,65.6,66.02,65.26,65.43,248.0,65.595,225
2023-03-30,65.47,66.0,65.29,65.64,367.0,65.725,232
2023-03-31,65.62,66.2,65.3,65.98,234.0,65.805,192
2023-04-03,67.32,69.0,66.25,66.7,897.0,67.093,666
2023-04-04,66.52,67.06,66.45,66.77,902.0,66.7,714
2023-04-05,67.0,67.08,66.35,66.89,867.0,66.859,554
2023-04-06,66.7,67.2,66.5,66.74,362.0,66.682,274
2023-04-10,67.0,67.0,66.44,66.51,281.0,66.632,211
2023-04-11,66.62,67.5,66.52,67.24,650.0,67.225,458
2023-04-12,67.15,68.18,67.01,68.12,881.0,67.796,473
2023-04-13,68.17,68.37,67.86,68.1,887.0,68.062,719
2023-04-14,68.17,68.44,68.08,68.31,1326.0,68.258,1186
2023-04-17,68.21,68.31,67.71,67.95,621.0,67.907,575
2023-04-18,68.14,68.63,68.01,68.26,532.0,68.437,474
2023-04-19,68.11,68.24,67.15,67.49,408.0,67.611,331
2023-04-20,67.26,67.27,66.27,66.52,998.0,66.641,835
2023-04-21,66.34,67.9,66.21,67.76,920.0,67.025,764
2023-04-24,67.67,68.42,67.16,68.2,556.0,67.917,388
2023-04-25,68.14,68.34,66.62,66.73,359.0,67.11,275
2023-04-26,66.87,67.17,65.69,65.98,814.0,66.396,691
2023-04-27,65.95,66.37,65.6,65.74,530.0,65.937,441
2023-04-28,65.83,67.22,65.43,67.16,769.0,66.34,570
2023-05-01,66.93,66.93,65.8,66.33,391.0,66.285,318
2023-05-02,66.27,66.57,64.19,64.63,814.0,64.828,619
2023-05-03,64.67,64.8,62.9,63.15,823.0,63.377,600
2023-05-04,62.55,63.61,60.0,62.31,1057.0,62.724,813
2023-05-05,62.31,63.95,62.31,63.83,1157.0,63.498,1007
2023-05-08,63.68,64.94,63.39,64.94,970.0,64.635,828
2023-05-09,64.73,65.62,64.15,65.62,544.0,64.849,416
2023-05-10,65.46,65.57,64.75,65.19,371.0,65.146,299
2023-05-11,65.43,65.56,63.89,64.0,520.0,64.398,398
2023-05-12,64.16,64.61,63.31,63.45,562.0,63.929,457
2023-05-15,63.4,64.32,62.99,64.08,1059.0,64.057,725
2023-05-16,64.07,64.5,63.68,64.03,215.0,64.013,185
2023-05-17,63.87,65.72,63.74,65.43,434.0,65.203,379
2023-05-18,65.37,65.55,64.92,65.24,491.0,65.241,264
2023-05-19,65.17,65.97,64.06,64.14,633.0,64.815,442
2023-05-22,64.3,64.57,63.51,64.21,214.0,64.17,152
2023-05-23,64.36,65.07,64.08,64.77,544.0,64.482,331
2023-05-24,65.05,65.72,64.91,65.71,436.0,65.399,348
2023-05-25,65.57,65.67,63.57,64.28,546.0,64.454,447
2023-05-26,64.12,65.12,64.08,64.94,397.0,64.863,302
2023-05-29,65.16,65.37,64.5,64.94,99.0,64.945,82
2023-05-30,65.07,65.26,63.17,63.28,483.0,63.616,458
2023-05-31,63.13,63.54,61.95,62.39,1067.0,62.551,890
2023-06-01,62.1,63.94,62.1,63.46,1223.0,62.933,973
2023-06-02,63.25,64.58,63.25,64.35,979.0,64.296,879
2023-06-05,65.43,65.53,63.82,64.05,537.0,64.587,439
2023-06-06,63.89,63.97,62.91,63.81,242.0,63.602,200
2023-06-07,63.81,64.52,63.41,64.29,329.0,64.149,263
2023-06-08,64.25,64.65,62.45,63.41,766.0,63.395,610
2023-06-09,63.21,64.06,63.1,63.17,744.0,63.701,521
2023-06-12,63.01,63.07,61.44,61.83,770.0,62.014,473
2023-06-13,62.11,63.71,62.02,63.52,576.0,63.083,492
2023-06-14,63.37,64.21,62.73,62.85,711.0,63.541,536
2023-06-15,63.11,64.49,62.77,64.45,790.0,64.177,581
2023-06-16,64.25,65.11,64.1,65.06,422.0,64.753,404
2023-06-19,64.85,65.1,64.32,65.06,125.0,64.689,107
2023-06-20,64.67,65.15,63.85,64.65,303.0,64.541,219
2023-06-21,64.55,65.53,64.5,65.36,474.0,65.103,388
2023-06-22,65.3,65.3,63.55,63.96,955.0,63.966,740
2023-06-23,63.82,63.94,62.84,63.68,399.0,63.32,292
2023-06-26,64.0,64.33,63.49,63.93,285.0,63.884,259
2023-06-27,63.91,64.4,63.48,63.8,610.0,63.879,419
2023-06-28,63.91,64.55,63.59,64.36,786.0,64.199,565
2023-06-29,64.2,64.65,63.74,64.36,544.0,64.195,376
2023-06-30,64.2,64.9,64.1,64.67,283.0,64.567,225
2023-07-03,64.4,65.3,63.52,63.58,392.0,64.431,355
2023-07-04,63.81,64.85,63.58,63.58,104.0,64.352,97
2023-07-05,64.65,65.29,64.3,65.03,927.0,64.918,580
2023-07-06,65.1,65.15,63.86,64.66,357.0,64.634,259
2023-07-07,64.63,65.65,64.55,65.12,646.0,65.134,464
2023-07-10,64.9,65.72,64.75,65.43,901.0,65.409,598
2023-07-11,65.5,66.44,65.42,66.4,727.0,66.201,616
2023-07-12,66.45,66.82,66.27,66.69,1074.0,66.525,791
2023-07-13,66.65,67.56,66.65,67.39,686.0,67.304,482
2023-07-14,67.38,67.6,66.38,66.56,420.0,66.843,344
2023-07-17,66.25,66.95,66.1,66.39,337.0,66.399,279
2023-07-18,66.5,67.43,66.4,67.33,380.0,66.966,346
2023-07-19,67.3,67.95,67.2,67.67,536.0,67.609,412
2023-07-20,67.8,68.03,67.2,67.68,546.0,67.733,482
2023-07-21,67.83,68.25,67.75,68.19,379.0,68.005,296
2023-07-24,67.92,69.2,67.85,69.04,358.0,68.818,287
2023-07-25,69.0,69.3,68.82,69.22,834.0,69.166,668
2023-07-26,68.95,69.41,68.78,69.03,131.0,69.11,127
2023-07-27,69.1,69.77,69.1,69.64,486.0,69.474,252
2023-07-28,69.4,70.22,69.4,70.12,720.0,69.826,558
2023-07-31,70.22,70.68,69.84,70.55,1041.0,70.512,793
2023-08-01,70.5,70.55,69.93,70.3,968.0,70.298,745
2023-08-02,70.5,70.5,68.83,69.15,594.0,69.553,454
2023-08-03,69.25,70.45,68.89,70.23,1165.0,70.015,702
2023-08-04,70.17,71.06,70.1,71.0,390.0,70.661,314
2023-08-07,70.91,71.34,70.55,71.02,427.0,70.857,275
2023-08-08,71.03,71.77,70.1,71.59,337.0,70.794,289
2023-08-09,71.45,72.11,71.4,72.02,964.0,71.874,843
2023-08-10,71.88,71.99,71.34,71.42,449.0,71.666,369
2023-08-11,71.47,71.73,71.18,71.32,596.0,71.396,521
2023-08-14,71.08,71.41,70.75,71.15,1677.0,71.021,1367
2023-08-15,71.12,71.4,70.1,70.46,483.0,70.762,407
2023-08-16,70.49,71.08,70.02,70.48,810.0,70.618,607
2023-08-17,70.32,71.11,70.29,70.77,446.0,70.831,387
2023-08-18,70.62,71.3,70.22,71.27,575.0,70.849,408
2023-08-21,71.3,71.96,71.21,71.3,1060.0,71.521,822
2023-08-22,71.42,71.95,71.03,71.16,1207.0,71.589,1059
2023-08-23,71.12,71.32,69.71,70.73,1235.0,70.704,1053
2023-08-24,70.46,70.86,69.87,70.19,1978.0,70.164,1314
2023-08-25,70.05,70.89,69.47,70.68,2976.0,70.405,2047
2023-08-28,70.69,71.19,70.24,70.48,2017.0,70.563,1425
2023-08-29,70.35,71.16,70.05,71.08,1946.0,70.607,1563
2023-08-30,71.09,71.5,70.83,71.1,860.0,71.154,714
2023-08-31,71.08,71.75,71.08,71.65,1080.0,71.494,801
2023-09-01,71.53,72.61,71.53,72.43,2166.0,72.342,1540
2023-09-04,72.57,73.11,72.4,72.43,324.0,72.874,298
2023-09-05,73.0,73.85,72.64,73.0,4376.0,73.208,3341
2023-09-06,72.92,73.22,72.65,72.98,2486.0,72.989,1991
2023-09-07,72.87,73.28,72.82,73.15,1716.0,73.123,1404
2023-09-08,73.0,73.45,72.87,73.12,2321.0,73.103,1654
2023-09-11,72.9,73.6,72.9,73.28,722.0,73.286,522
2023-09-12,73.21,73.86,73.21,73.57,2421.0,73.626,1660
2023-09-13,73.52,73.77,73.18,73.39,1171.0,73.416,951
2023-09-14,73.42,74.02,73.42,73.93,1774.0,73.866,1244
2023-09-15,73.75,74.04,73.42,73.53,1762.0,73.707,1099
2023-09-18,73.56,74.22,73.53,73.82,2332.0,73.935,1863
2023-09-19,73.65,74.46,73.38,73.87,1953.0,73.967,1559
2023-09-20,73.89,74.16,73.51,73.84,2184.0,73.877,1840
2023-09-21,73.65,74.52,73.36,74.02,1891.0,74.044,1551
2023-09-22,73.93,74.25,73.06,73.15,2342.0,73.793,1928
2023-09-25,73.25,73.46,73.01,73.41,2183.0,73.296,1810
2023-09-26,73.32,73.78,72.88,73.62,2096.0,73.439,1811
2023-09-27,73.71,74.36,73.55,74.04,2612.0,74.055,2242
2023-09-28,74.01,74.31,73.48,73.71,2874.0,73.997,2460
2023-09-29,73.87,74.44,73.24,73.35,1591.0,73.869,1239
2023-10-02,73.48,74.14,72.96,73.17,2098.0,73.489,1503
2023-10-03,73.11,73.37,72.7,73.12,1605.0,73.112,1365
2023-10-04,73.31,73.37,69.87,69.96,2665.0,70.957,2217
2023-10-05,70.22,70.42,68.81,69.01,3198.0,69.391,2715
2023-10-06,69.19,69.58,68.74,69.17,1980.0,69.159,1662
2023-10-09,69.48,71.1,69.48,70.66,3863.0,70.611,3043
2023-10-10,70.77,71.39,70.42,71.34,2190.0,71.088,1685
2023-10-11,71.32,71.94,70.6,71.45,2748.0,71.318,2176
2023-10-12,71.72,72.11,71.17,71.47,1254.0,71.644,1090
2023-10-13,71.54,73.49,71.54,73.35,3404.0,72.943,2615
2023-10-16,73.01,73.7,72.9,73.26,1561.0,73.303,1265
2023-10-17,73.53,73.91,73.0,73.47,1514.0,73.317,1209
2023-10-18,73.71,74.66,73.7,74.11,1558.0,74.066,1240
2023-10-19,73.85,74.31,73.18,73.89,1564.0,73.822,1235
2023-10-20,73.87,74.5,73.3,73.46,1208.0,73.915,933
2023-10-23,73.52,73.9,72.8,72.85,1164.0,73.358,934
2023-10-24,73.13,73.3,71.9,72.44,1578.0,72.522,1256
2023-10-25,72.4,73.59,71.85,73.47,1338.0,72.711,1096
2023-10-26,73.19,73.49,72.21,72.64,2367.0,72.723,1665
2023-10-27,72.75,73.75,72.51,73.55,2127.0,73.215,1415
2023-10-30,73.08,73.3,71.89,72.27,3290.0,72.431,2903
2023-10-31,72.48,73.0,71.71,71.86,1487.0,72.327,1119
2023-11-01,72.15,73.0,71.42,71.56,1546.0,72.424,992
2023-11-02,71.67,72.72,71.57,72.67,1298.0,72.329,970
2023-11-03,72.67,73.03,71.36,71.71,2009.0,72.038,1354
2023-11-06,71.89,72.96,71.82,72.47,1202.0,72.555,935
2023-11-07,72.33,72.33,69.77,69.97,1674.0,70.603,1231
2023-11-08,69.89,70.12,68.69,68.82,2962.0,69.3,2174
2023-11-09,68.96,69.92,68.81,69.3,1204.0,69.366,709
2023-11-10,69.36,70.64,69.36,70.23,703.0,70.122,513
2023-11-13,70.09,71.01,69.5,70.91,1230.0,70.704,955
2023-11-14,71.04,71.54,70.38,70.51,2750.0,71.152,1585
2023-11-15,70.41,70.87,70.06,70.19,2486.0,70.501,1946
2023-11-16,70.1,70.31,67.81,67.96,4012.0,68.801,2509
2023-11-17,68.08,70.11,67.91,69.92,2686.0,69.388,1878
2023-11-20,69.79,71.41,69.73,70.93,3138.0,71.052,2330
2023-11-21,70.77,70.97,70.49,70.81,2351.0,70.689,1729
2023-11-22,70.77,70.8,68.29,70.25,2033.0,69.55,1469
2023-11-23,70.03,70.25,69.31,70.25,411.0,69.587,277
2023-11-24,69.9,70.59,69.14,69.46,911.0,70.069,806
2023-11-27,70.0,70.02,68.75,69.12,1073.0,69.288,852
2023-11-28,69.36,70.3,69.0,69.85,1840.0,69.742,1256
2023-11-29,69.7,70.75,69.58,70.71,2854.0,70.386,2019
2023-11-30,70.33,71.52,68.7,69.32,3168.0,70.403,2430
2023-12-01,69.11,70.11,68.35,68.43,1821.0,69.397,1169
2023-12-04,68.59,69.55,67.99,68.71,1619.0,68.711,1204
2023-12-05,68.78,69.32,67.8,68.09,2032.0,68.599,1380
2023-12-06,67.92,68.25,66.45,66.62,3043.0,66.926,2373
2023-12-07,66.66,67.21,66.31,66.57,1629.0,66.694,1366
2023-12-08,66.78,67.85,66.71,67.54,2339.0,67.537,2017
2023-12-11,67.57,68.15,67.22,67.98,2212.0,67.829,1479
2023-12-12,68.18,68.38,66.23,66.39,2004.0,66.744,1542
2023-12-13,66.47,67.41,66.1,67.26,2543.0,66.968,2062
2023-12-14,67.49,69.01,67.25,68.67,2382.0,68.4,1472
2023-12-15,68.72,68.95,67.76,68.55,1889.0,68.535,1344
2023-12-18,68.79,70.49,68.14,69.07,2715.0,69.561,2065
2023-12-19,69.18,70.15,68.6,69.7,1092.0,69.628,784
2023-12-20,69.67,70.22,69.14,69.48,2390.0,69.738,1674
2023-12-21,69.29,69.62,68.44,68.91,3796.0,68.834,2113
2023-12-22,69.02,69.37,68.0,68.16,4097.0,68.778,2812
2023-12-26,68.08,69.84,67.92,69.0,6629.0,69.398,3478
2023-12-27,68.75,69.4,68.21,68.62,1952.0,68.795,1423
2023-12-28,68.3,68.81,67.06,67.09,1405.0,67.922,1065
2023-12-29,67.28,67.59,66.6,66.88,1498.0,67.126,1158
2024-01-02,67.0,68.31,66.28,66.41,3130.0,67.097,2283
2024-01-03,66.4,68.1,65.99,67.81,3760.0,67.189,2908
2024-01-04,67.78,68.35,66.56,67.24,4226.0,67.506,3234
2024-01-05,67.08,68.25,66.99,67.93,2177.0,67.779,1668
2024-01-08,67.96,67.96,65.89,66.36,2713.0,66.359,2131
2024-01-09,66.53,67.53,66.23,66.9,3036.0,66.974,2023
2024-01-10,66.83,67.77,66.49,66.63,2272.0,67.016,1666
2024-01-11,66.57,68.09,66.57,67.06,2768.0,67.488,2090
2024-01-12,67.68,69.15,67.66,67.82,5266.0,68.294,4386
2024-01-15,67.56,67.95,66.89,67.82,829.0,67.378,685
2024-01-16,67.87,68.3,66.95,67.4,1901.0,67.484,1545
2024-01-17,67.07,67.41,66.15,67.21,2849.0,66.738,2070
2024-01-18,67.28,68.09,66.71,67.92,2810.0,67.65,1898
2024-01-19,67.55,68.19,67.25,67.32,1780.0,67.657,1464
2024-01-22,67.35,68.81,67.1,68.54,2295.0,68.224,1668
2024-01-23,68.44,68.71,67.65,68.31,992.0,68.279,845
2024-01-24,68.36,69.21,67.95,68.65,2146.0,68.65,1605
2024-01-25,68.75,69.84,68.68,69.77,3009.0,69.479,2266
2024-01-26,69.43,70.32,68.97,70.26,3060.0,69.734,2342
2024-01-29,70.46,70.85,69.25,69.49,3354.0,69.73,2512
2024-01-30,69.75,70.31,69.0,70.16,2650.0,69.847,1990
2024-01-31,70.24,70.24,68.73,68.96,2249.0,69.316,1639
2024-02-01,69.19,69.43,67.34,67.55,5009.0,68.582,3665
2024-02-02,67.9,68.0,66.41,66.74,2590.0,66.983,2103
2024-02-05,66.89,67.47,66.5,67.32,1919.0,67.089,1380
2024-02-06,67.31,67.88,67.03,67.44,1449.0,67.477,1139
2024-02-07,67.61,67.99,67.34,67.81,1504.0,67.641,1178
2024-02-08,67.94,69.05,67.71,68.95,2660.0,68.625,1867
2024-02-09,68.79,69.63,68.75,69.41,2334.0,69.268,1478
2024-02-12,69.3,69.67,68.83,69.52,1158.0,69.385,905
2024-02-13,69.51,70.03,69.34,69.72,2367.0,69.796,1512
2024-02-14,69.57,70.26,68.88,69.03,2163.0,69.768,1670
2024-02-15,68.99,70.03,68.6,69.5,3570.0,69.468,2904
2024-02-16,69.39,69.79,68.88,69.77,3738.0,69.464,2822
2024-02-19,69.42,69.92,69.32,69.77,614.0,69.592,513
2024-02-20,69.82,69.82,68.78,68.85,2621.0,69.221,2032
2024-02-21,69.08,69.37,68.56,69.08,3999.0,69.032,3328
2024-02-22,69.19,69.54,68.59,69.4,3255.0,69.121,2321
2024-02-23,69.33,69.36,68.29,68.52,3889.0,68.612,3001
2024-02-26,68.48,69.36,68.19,68.95,3943.0,68.742,3215
2024-02-27,68.96,69.44,68.66,69.39,2789.0,69.203,1681
2024-02-28,69.11,69.58,68.75,69.11,2894.0,69.19,2086
2024-02-29,68.92,69.27,68.69,68.88,2086.0,68.912,1585
2024-03-01,69.06,69.81,68.86,69.31,4236.0,69.489,2884
2024-03-04,69.34,69.64,68.86,69.61,3914.0,69.286,2607
2024-03-05,69.4,69.64,68.84,69.04,3377.0,69.191,2516
2024-03-06,68.93,69.83,68.9,69.32,4347.0,69.49,2995
2024-03-07,69.31,69.66,68.92,69.48,2575.0,69.289,2044
2024-03-08,69.58,69.82,68.57,69.02,2436.0,69.07,1761
2024-03-11,68.92,69.7,68.6,69.52,3144.0,69.198,2492
2024-03-12,69.71,69.89,69.17,69.36,2628.0,69.54,1957
2024-03-13,69.49,70.55,69.4,70.4,5705.0,70.244,4256
2024-03-14,70.34,71.01,70.34,71.01,5984.0,70.749,4372
2024-03-15,70.73,71.28,70.64,71.26,4584.0,71.03,3271
2024-03-18,71.18,71.83,71.14,71.75,6920.0,71.559,5048
2024-03-19,71.69,72.17,71.61,71.98,7744.0,71.975,5252
2024-03-20,71.98,72.1,71.07,71.41,7366.0,71.367,5208
2024-03-21,71.67,71.74,71.11,71.46,3562.0,71.343,2829
2024-03-22,71.31,71.61,70.91,71.03,3252.0,71.194,2318
2024-03-25,70.98,72.01,70.98,71.75,4505.0,71.645,3310
2024-03-26,71.83,72.02,71.37,71.66,4071.0,71.721,2817
2024-03-27,71.44,71.8,71.07,71.63,2395.0,71.46,1948
2024-03-28,71.79,72.34,71.66,72.32,4497.0,72.117,3230
2024-04-01,72.21,72.58,71.92,72.29,5296.0,72.308,3787
2024-04-02,72.38,72.92,72.29,72.65,10365.0,72.586,7516
2024-04-03,72.85,73.26,72.68,73.16,7754.0,73.131,5536
2024-04-04,73.21,73.88,72.85,73.69,7867.0,73.336,5431
2024-04-05,73.6,73.98,73.32,73.58,8301.0,73.658,6091
2024-04-08,73.23,74.0,72.65,73.39,6878.0,73.337,5167
2024-04-09,73.55,73.77,72.71,72.88,6951.0,73.168,4629
2024-04-10,72.93,73.63,72.72,73.41,9452.0,73.239,5800
2024-04-11,73.41,73.72,73.17,73.34,3684.0,73.462,2935
2024-04-12,73.66,74.82,73.57,73.79,9363.0,74.287,6696
2024-04-15,73.96,74.18,73.12,73.98,7223.0,73.614,5739
2024-04-16,74.17,74.4,73.79,74.18,6803.0,74.122,5153
2024-04-17,74.18,74.36,72.66,72.81,11561.0,73.317,8132
2024-04-18,72.98,73.2,72.36,72.63,8531.0,72.814,6522
2024-04-19,72.5,74.02,72.01,72.36,12886.0,72.531,9366
2024-04-22,72.11,72.29,71.39,72.16,7219.0,71.86,5157
2024-04-23,72.33,72.85,71.64,72.76,5912.0,72.419,4520
2024-04-24,72.81,72.98,72.46,72.87,5003.0,72.695,3623
2024-04-25,72.91,73.32,72.34,73.16,4192.0,72.869,3399
2024-04-26,73.34,73.86,73.02,73.49,7347.0,73.447,4978
2024-04-29,73.36,73.67,72.72,73.0,7728.0,73.103,4716
2024-04-30,72.84,73.4,71.83,72.62,8584.0,72.491,5299
2024-05-01,72.5,72.5,70.49,70.63,11188.0,71.187,7827
2024-05-02,70.73,71.37,70.64,71.05,11677.0,71.037,8492
2024-05-03,71.15,71.71,70.95,71.08,11685.0,71.297,8671
2024-05-06,71.03,71.66,70.97,71.43,6522.0,71.4,4653
2024-05-07,71.48,71.66,70.85,71.32,6104.0,71.31,4805
2024-05-08,71.18,71.42,70.32,71.21,7770.0,70.9,5135
2024-05-09,71.22,71.53,71.05,71.38,4881.0,71.324,3408
2024-05-10,71.5,71.74,70.75,70.85,3633.0,71.256,2785
2024-05-13,70.68,71.52,70.41,71.22,4032.0,71.159,3001
2024-05-14,71.26,71.38,70.43,70.95,5002.0,70.823,3697
2024-05-15,71.06,71.4,70.31,71.17,5048.0,71.01,3817
2024-05-16,71.22,71.8,70.89,71.63,4269.0,71.495,3377
2024-05-17,71.68,72.21,71.55,72.19,3588.0,71.936,2359
2024-05-20,72.2,72.63,71.84,72.3,3964.0,72.258,2956
2024-05-21,72.32,72.4,71.55,72.01,4214.0,71.977,3442
2024-05-22,71.86,71.95,70.81,70.98,5103.0,71.264,3461
2024-05-23,70.58,71.75,70.31,70.59,5313.0,70.896,3675
2024-05-24,70.58,71.1,70.16,70.85,4959.0,70.743,3755
2024-05-27,71.0,71.68,70.85,70.85,2111.0,71.37,993
2024-05-28,71.54,72.61,71.46,72.37,9320.0,72.273,5252
2024-05-29,72.6,72.82,71.91,72.09,15191.0,72.362,10725
2024-05-30,72.04,72.24,71.21,71.34,8592.0,71.709,6084
2024-05-31,71.25,72.02,70.78,71.43,16768.0,71.426,7800
2024-06-03,71.6,71.84,69.56,69.71,10009.0,70.634,7286
2024-06-04,69.53,69.74,68.3,68.38,9556.0,68.766,7367
2024-06-05,68.39,68.75,68.21,68.46,12262.0,68.494,9004
2024-06-06,68.67,69.66,68.58,69.37,11622.0,69.204,8764
2024-06-07,69.44,69.96,69.26,69.79,5829.0,69.672,4398
2024-06-10,69.78,71.39,69.7,71.01,5491.0,70.68,4157
2024-06-11,71.27,71.74,70.89,71.39,5937.0,71.323,4651
2024-06-12,71.44,72.33,71.38,71.7,6816.0,71.831,5070
2024-06-13,71.59,72.26,71.39,71.81,5802.0,71.791,4811
2024-06-14,71.58,72.3,71.21,71.41,6956.0,71.741,5426
2024-06-17,71.3,71.93,71.11,71.6,18699.0,71.585,8452
2024-06-18,71.62,72.66,71.51,72.55,7947.0,72.045,5750
2024-06-19,72.58,72.95,72.47,72.55,2232.0,72.708,1712
2024-06-20,72.67,73.21,72.64,72.85,7718.0,72.9,5310
2024-06-21,72.75,73.07,72.18,72.41,5491.0,72.671,3974
2024-06-24,72.44,73.2,72.26,73.11,6191.0,72.968,4481
2024-06-25,73.12,73.36,72.67,72.84,4573.0,73.108,3267
2024-06-26,72.79,73.51,72.63,73.18,5166.0,73.189,3844
2024-06-27,73.12,73.66,72.93,73.2,5891.0,73.274,4432
2024-06-28,73.27,73.82,72.73,72.97,3778.0,73.183,2779
2024-07-01,73.12,74.15,72.95,74.04,8845.0,73.753,6249
2024-07-02,73.99,74.43,73.9,74.04,7532.0,74.213,5693
2024-07-03,74.1,74.74,73.93,74.71,5371.0,74.311,3795
2024-07-04,74.58,74.82,74.22,74.71,920.0,74.504,781
2024-07-05,74.69,74.85,74.08,74.14,3511.0,74.491,2431
2024-07-08,74.26,74.26,73.6,73.94,3892.0,73.895,2918
2024-07-09,73.86,74.02,73.01,73.1,4629.0,73.484,3238
2024-07-10,73.28,73.47,72.68,73.08,4188.0,73.145,3015
2024-07-11,73.22,73.66,72.78,73.08,4048.0,73.115,2813
2024-07-12,73.09,73.42,72.92,73.02,5426.0,73.127,3673
2024-07-15,73.05,73.07,72.62,72.81,2408.0,72.862,1876
2024-07-16,72.82,72.83,71.71,72.02,4063.0,72.109,2734
2024-07-17,72.23,72.8,71.89,72.64,6814.0,72.536,4448
2024-07-18,72.71,73.11,72.34,72.68,6324.0,72.719,3948
2024-07-19,72.51,72.87,70.94,71.0,6172.0,71.813,3740
2024-07-22,71.29,71.38,70.47,71.21,5802.0,70.992,3885
2024-07-23,71.15,71.41,69.9,70.02,6751.0,70.441,4723
2024-07-24,70.34,70.95,70.11,70.66,6370.0,70.574,4721
2024-07-25,70.46,71.12,69.64,70.96,8088.0,70.356,6144
2024-07-26,71.08,71.26,69.5,70.39,8543.0,70.146,7036
2024-07-29,70.75,70.86,69.46,69.88,12132.0,70.09,8331
2024-07-30,69.9,69.94,69.29,69.4,8431.0,69.597,6576
2024-07-31,69.68,71.45,69.65,71.06,7765.0,70.88,5000
2024-08-01,71.44,71.81,70.16,70.28,6708.0,71.051,4716
2024-08-02,70.54,70.87,67.74,68.03,8770.0,68.778,6690
2024-08-05,68.59,68.78,67.13,68.07,8742.0,67.868,6731
2024-08-06,68.72,69.1,67.52,67.83,6857.0,68.062,5445
2024-08-07,67.8,69.32,67.58,68.91,6003.0,68.736,4473
2024-08-08,69.07,69.77,68.53,69.7,6525.0,69.173,5193
2024-08-09,69.68,70.2,69.45,70.11,4272.0,69.914,3220
2024-08-12,69.99,71.79,69.99,71.76,7574.0,71.143,5626
2024-08-13,71.44,71.71,70.58,70.69,16038.0,71.037,11359
2024-08-14,70.87,71.23,70.19,70.31,5498.0,70.615,3866
2024-08-15,70.43,71.26,70.08,70.98,5479.0,70.93,3859
2024-08-16,70.94,70.99,69.44,70.02,6461.0,70.068,4617
2024-08-19,70.1,70.4,68.87,69.03,5510.0,69.49,3956
2024-08-20,69.15,69.25,68.31,68.39,7046.0,68.723,4997
2024-08-21,68.39,68.96,67.37,67.63,7052.0,68.1,5124
2024-08-22,67.73,68.65,67.43,68.23,6365.0,68.063,4454
2024-08-23,68.26,69.62,68.15,69.46,5042.0,69.066,3328
2024-08-26,69.6,70.95,69.57,70.68,8975.0,70.566,6294
2024-08-27,70.45,70.73,69.58,69.69,6180.0,70.087,4609
2024-08-28,69.9,69.94,68.66,68.88,5152.0,69.183,4088
2024-08-29,68.66,70.02,68.45,69.75,6900.0,69.532,5073
2024-08-30,69.82,70.16,68.25,68.49,8628.0,68.783,6239
2024-09-02,68.41,68.93,68.01,68.49,1903.0,68.518,1591
2024-09-03,68.62,68.84,66.25,66.4,9498.0,67.054,6495
2024-09-04,66.37,67.15,65.74,65.99,18492.0,66.258,13007
2024-09-05,65.99,67.11,65.99,66.45,9562.0,66.472,7154
2024-09-06,66.52,66.92,65.12,65.33,9214.0,65.827,6768
2024-09-09,65.51,66.09,65.0,65.52,7837.0,65.493,5867
2024-09-10,65.54,65.81,63.26,63.55,14298.0,64.237,9097
2024-09-11,63.95,64.97,63.46,64.63,7763.0,64.33,5439
2024-09-12,64.67,66.28,64.62,65.8,7555.0,65.574,5523
2024-09-13,65.91,66.41,65.23,65.28,6745.0,65.732,4415
2024-09-16,65.66,66.58,65.23,66.21,4458.0,66.115,3220
2024-09-17,66.32,67.31,65.89,66.87,5335.0,66.754,3287
2024-09-18,66.93,67.06,65.84,66.78,6444.0,66.518,5246
2024-09-19,66.42,67.81,66.3,67.41,9639.0,67.376,6816
2024-09-20,67.42,67.68,66.94,67.34,5108.0,67.345,4048
2024-09-23,67.56,68.04,66.31,67.14,7678.0,67.258,5538
2024-09-24,67.32,68.68,67.17,68.13,6993.0,68.121,5214
2024-09-25,68.16,68.29,66.76,67.1,12217.0,67.417,8323
2024-09-26,67.15,67.56,65.43,65.97,14485.0,66.089,9830
2024-09-27,65.8,66.51,65.41,66.17,8616.0,66.088,5897
2024-09-30,66.32,67.09,65.9,66.39,8718.0,66.545,6388
2024-10-01,66.56,68.71,64.94,67.47,23649.0,67.743,17008
2024-10-02,68.13,69.31,67.38,67.58,12443.0,68.377,8610
2024-10-03,68.07,70.33,67.96,70.01,23205.0,69.537,15277
2024-10-04,69.97,70.6,69.56,69.7,20830.0,70.07,14744
2024-10-07,69.61,71.9,69.28,71.8,22721.0,71.022,15632
2024-10-08,71.69,72.35,69.22,69.92,17155.0,70.182,11867
2024-10-09,70.24,70.45,68.53,69.28,10350.0,69.347,8033
2024-10-10,69.39,70.94,69.36,70.75,13341.0,70.3,9707
2024-10-11,70.63,70.95,69.94,70.78,6429.0,70.594,4811
2024-10-14,70.39,70.39,68.53,69.94,6901.0,69.831,5134
2024-10-15,68.33,68.91,66.92,67.47,11846.0,67.524,8742
2024-10-16,67.73,67.86,66.66,67.08,8060.0,67.132,6383
2024-10-17,67.3,67.63,66.48,67.39,6035.0,67.18,4423
2024-10-18,67.42,67.84,66.04,66.5,8688.0,66.744,5729
2024-10-21,66.69,67.71,66.36,67.42,5596.0,67.322,4279
2024-10-22,67.21,68.98,66.88,68.72,9596.0,68.297,7113
2024-10-23,68.4,68.57,67.53,67.92,6102.0,67.961,4869
2024-10-24,68.12,69.04,67.29,67.66,7870.0,68.041,5857
2024-10-25,67.82,68.94,67.49,68.83,8163.0,68.458,5602
2024-10-28,67.54,67.54,65.23,65.39,13779.0,65.81,9463
2024-10-29,65.91,66.18,64.87,65.24,6047.0,65.437,4636
2024-10-30,65.4,66.74,65.31,66.35,7374.0,66.151,5565
2024-10-31,66.63,67.71,66.06,66.69,13926.0,66.954,10397
2024-11-01,67.56,68.35,66.77,67.01,11248.0,67.455,7388
2024-11-04,67.5,68.74,67.5,68.21,17581.0,68.17,12736
2024-11-05,68.3,68.95,68.03,68.47,10024.0,68.566,6661
2024-11-06,68.33,68.99,66.85,68.38,12366.0,67.977,8890
2024-11-07,68.52,69.31,67.75,69.04,9836.0,68.772,6830
2024-11-08,69.09,69.09,67.45,67.96,9104.0,68.077,7462
2024-11-11,67.85,68.17,66.2,66.42,8862.0,66.737,5733
2024-11-12,66.55,67.13,66.14,66.33,7206.0,66.563,4972
2024-11-13,66.22,66.9,65.3,66.36,8003.0,66.116,5284
2024-11-14,66.1,67.05,65.91,66.44,13227.0,66.507,7487
2024-11-15,66.32,66.46,65.13,65.22,6871.0,65.759,4808
2024-11-18,65.18,67.3,65.0,67.18,8223.0,66.74,5509
2024-11-19,67.07,67.83,66.75,67.35,7737.0,67.311,5626
2024-11-20,67.38,67.81,66.87,66.94,5183.0,67.398,3704
2024-11-21,67.15,68.08,66.99,67.61,7723.0,67.628,4798
2024-11-22,67.65,68.47,66.92,68.34,9217.0,67.844,6194
2024-11-25,68.25,68.5,66.4,66.62,7944.0,67.006,5124
2024-11-26,66.56,67.74,66.04,66.64,9474.0,66.802,5982
2024-11-27,66.66,67.01,65.91,66.41,7266.0,66.405,4764
2024-11-28,66.46,66.92,66.02,66.41,1839.0,66.424,1048
2024-11-29,66.59,67.15,65.86,65.95,5722.0,66.578,3909
2024-12-02,66.06,66.95,65.76,66.04,12312.0,66.228,7445
2024-12-03,66.11,67.58,65.93,67.37,9574.0,67.119,4868
2024-12-04,67.42,67.86,66.14,66.19,11137.0,66.749,6339
2024-12-05,66.34,66.69,65.83,66.03,6038.0,66.306,4316
2024-12-06,66.07,66.11,65.18,65.57,11461.0,65.563,8604
2024-12-09,65.56,66.95,65.49,66.51,11437.0,66.598,7572
2024-12-10,66.34,66.84,65.96,66.58,5605.0,66.515,3693
2024-12-11,66.49,67.6,66.49,67.46,11739.0,67.26,7770
2024-12-12,67.45,67.79,66.57,67.51,9562.0,67.249,6194
2024-12-13,67.49,68.26,67.43,68.16,6717.0,68.015,4566
2024-12-16,68.05,68.13,67.56,67.71,5159.0,67.755,3848
2024-12-17,67.75,67.94,66.61,67.13,5450.0,67.074,4044
2024-12-18,67.19,67.95,66.62,67.11,8396.0,67.379,5996
2024-12-19,66.72,67.47,66.2,66.39,13975.0,66.64,9618
2024-12-20,66.29,66.7,65.69,66.49,7549.0,66.312,4648
2024-12-23,66.57,66.9,65.98,66.41,5199.0,66.318,3028
2024-12-24,66.63,67.26,66.53,67.02,2477.0,66.977,1934
2024-12-26,67.1,67.44,66.48,66.71,2890.0,67.026,2184
2024-12-27,66.67,67.41,66.59,67.28,4049.0,67.16,2992
2024-12-30,67.0,68.0,66.98,67.6,4913.0,67.655,3718
2024-12-31,67.78,68.42,67.57,68.19,5171.0,68.16,3711
2025-01-02,68.3,69.51,68.22,68.95,13853.0,69.143,8663
2025-01-03,68.91,69.54,68.63,69.39,7952.0,69.197,5524
2025-01-06,69.44,70.14,69.05,69.42,8978.0,69.535,6311
2025-01-07,69.31,69.92,69.1,69.73,8780.0,69.738,6241
2025-01-08,69.77,70.19,68.95,69.12,7288.0,69.403,5602
2025-01-09,69.01,69.76,68.72,69.42,6191.0,69.438,4599
2025-01-10,69.6,71.38,69.49,70.41,22638.0,70.486,16082
2025-01-13,70.35,70.85,69.62,69.96,25217.0,70.085,18898
2025-01-14,69.87,70.38,69.52,70.17,14535.0,70.036,11101
2025-01-15,70.24,71.23,69.97,70.93,20761.0,70.785,15092
2025-01-16,71.02,71.13,69.85,70.22,15968.0,70.261,12842
2025-01-17,70.32,70.61,69.88,70.04,10967.0,70.202,8614
2025-01-20,70.03,70.34,69.65,70.04,5059.0,69.918,4264
2025-01-21,69.9,70.17,69.42,69.85,9073.0,69.856,7151
2025-01-22,70.03,70.27,69.7,69.98,7955.0,70.004,6196
2025-01-23,69.88,70.49,69.42,69.78,9380.0,69.946,7433
2025-01-24,69.63,69.97,69.23,69.52,8723.0,69.573,6361
2025-01-27,69.3,69.54,67.87,68.38,6828.0,68.541,5271
2025-01-28,68.38,68.8,67.99,68.26,8548.0,68.367,6378
2025-01-29,68.24,68.34,67.55,67.72,7051.0,67.956,5288
2025-01-30,67.91,68.38,67.36,67.97,6661.0,68.014,5139
2025-01-31,68.2,68.41,67.49,67.76,9452.0,67.99,7113
2025-02-03,68.36,68.64,67.27,67.75,13802.0,67.964,9809
2025-02-04,67.68,68.47,66.73,68.32,15895.0,67.81,11139
2025-02-05,68.18,68.39,67.2,67.23,7200.0,67.563,4986
2025-02-06,67.28,67.88,67.06,67.36,7510.0,67.438,5520
2025-02-07,67.5,67.91,67.27,67.7,10646.0,67.688,6326
2025-02-10,67.69,68.7,67.69,68.6,5978.0,68.462,4194
2025-02-11,68.62,69.7,68.55,69.67,9900.0,69.348,6527
2025-02-12,69.53,69.59,68.16,68.32,7714.0,68.732,5920
2025-02-13,68.2,68.4,67.46,68.19,8459.0,67.887,5776
2025-02-14,68.31,68.7,67.87,68.15,6208.0,68.19,4551
2025-02-17,67.86,68.6,67.65,68.15,1850.0,68.192,1519
2025-02-18,68.56,68.94,68.15,68.7,7945.0,68.626,5903
2025-02-19,68.76,69.48,68.73,68.97,7079.0,69.118,5260
2025-02-20,69.01,69.86,68.73,69.38,6961.0,69.43,5393
2025-02-21,69.46,69.58,67.5,67.66,7738.0,68.222,5614
2025-02-24,67.48,68.01,67.33,67.75,5356.0,67.749,3895
2025-02-25,67.84,68.13,65.87,66.17,9651.0,66.642,6673
2025-02-26,66.33,66.46,65.59,65.61,12171.0,65.936,9509
2025-02-27,65.83,66.96,65.71,66.71,8584.0,66.456,6440
2025-02-28,66.55,66.58,65.77,66.06,8534.0,66.167,5836
2025-03-03,66.39,66.88,65.02,65.32,14045.0,65.772,10451
2025-03-04,65.19,65.2,63.96,64.96,12855.0,64.66,9599
2025-03-05,65.33,65.33,62.65,63.58,15518.0,63.489,10537
2025-03-06,63.67,64.06,63.0,63.5,19551.0,63.501,13368
2025-03-07,63.55,65.08,63.45,64.22,13062.0,64.378,9600
2025-03-10,64.3,64.61,62.86,63.09,9433.0,63.63,6652
2025-03-11,62.88,63.94,62.55,63.27,9690.0,63.528,6936
2025-03-12,63.58,64.61,63.21,64.54,8527.0,64.213,6346
2025-03-13,64.57,64.81,63.45,63.66,10865.0,64.064,8155
2025-03-14,63.84,64.39,63.62,64.17,6072.0,64.005,4603
2025-03-17,64.43,65.23,64.29,64.7,7773.0,64.7,5605
2025-03-18,64.59,65.65,64.07,64.34,11408.0,64.792,7551
2025-03-19,64.26,64.89,63.83,64.42,10143.0,64.496,6762
2025-03-20,64.53,65.54,64.22,65.29,11807.0,65.065,7806
2025-03-21,65.49,65.72,64.94,65.33,6422.0,65.263,4385
2025-03-24,65.4,66.07,65.05,65.91,9212.0,65.742,6298
2025-03-25,66.01,66.29,65.48,65.91,10612.0,65.922,6976
2025-03-26,66.02,66.77,65.95,66.36,8127.0,66.446,5824
2025-03-27,66.55,66.7,66.0,66.66,10601.0,66.449,7452
2025-03-28,66.65,66.76,65.53,65.92,9331.0,66.092,5473
2025-03-31,66.1,67.69,65.46,67.42,14229.0,67.014,8528
2025-04-01,67.33,67.84,67.24,67.49,10662.0,67.478,7074
2025-04-02,67.42,68.16,66.85,67.75,9383.0,67.41,6490
2025-04-03,66.84,66.84,63.05,63.71,22122.0,64.181,15085
2025-04-04,63.43,63.61,58.5,59.82,46472.0,60.034,32595
2025-04-07,58.91,61.78,57.47,59.35,42470.0,59.372,32484
2025-04-08,59.7,60.08,56.63,57.72,24582.0,58.614,18170
2025-04-09,56.88,60.36,54.16,59.74,47033.0,56.616,36240
2025-04-10,60.08,60.45,57.0,58.16,23031.0,58.148,16628
2025-04-11,58.1,59.12,57.6,58.82,18623.0,58.291,13057
2025-04-14,59.08,59.96,58.56,59.29,13257.0,59.327,9254
2025-04-15,59.23,59.68,58.64,58.8,12686.0,59.054,8952
2025-04-16,58.95,59.87,57.99,59.5,17596.0,59.23,11567
2025-04-17,59.74,61.54,59.57,61.35,18860.0,60.714,11407
2025-04-21,61.05,61.05,59.43,59.73,8530.0,59.917,5372
2025-04-22,60.07,61.35,60.04,60.89,13806.0,60.823,9678
2025-04-23,61.01,61.88,59.16,59.85,24082.0,60.225,16832
2025-04-24,59.83,60.77,59.71,60.44,11180.0,60.282,6892
2025-04-25,60.45,60.95,59.75,60.65,11534.0,60.397,7260
2025-04-28,61.0,61.4,59.49,59.93,10902.0,60.117,7411
2025-04-29,59.84,59.99,58.55,58.8,15431.0,59.062,10842
2025-04-30,58.57,58.86,56.47,56.6,18962.0,57.341,11599
2025-05-01,56.58,57.73,55.17,57.54,18070.0,56.7,10565
2025-05-02,57.22,58.03,56.32,57.04,11942.0,57.037,7433
2025-05-05,55.83,56.71,54.85,56.28,14005.0,56.068,9520
2025-05-06,56.32,58.5,56.3,57.95,17597.0,57.86,11117
2025-05-07,57.83,58.72,56.74,56.94,11533.0,57.643,7336
2025-05-08,56.78,58.7,56.63,58.39,13808.0,58.201,7922
2025-05-09,58.66,59.57,58.36,59.1,10626.0,59.004,6483
2025-05-12,59.32,61.28,59.08,60.2,16711.0,60.496,9420
2025-05-13,60.06,61.7,59.85,61.52,20753.0,61.073,12706
2025-05-14,61.46,61.46,60.65,60.98,12227.0,61.119,7860
2025-05-15,60.72,60.77,59.01,59.71,11063.0,59.666,7896
2025-05-16,59.73,60.36,59.28,60.15,6721.0,59.929,4458
2025-05-19,60.55,60.55,59.33,60.05,12353.0,60.046,6605
2025-05-20,60.07,60.49,59.68,60.21,10143.0,60.081,7625
2025-05-21,60.3,61.96,59.63,59.9,11531.0,60.509,6833
2025-05-22,59.7,60.01,58.78,59.48,8221.0,59.213,5037
2025-05-23,59.12,59.89,58.39,59.69,9868.0,59.28,6125
2025-05-27,59.84,60.23,58.61,59.18,11345.0,59.244,7190
2025-05-28,59.35,60.5,59.14,59.8,13088.0,59.881,8536
2025-05-29,59.75,60.81,58.53,58.73,11728.0,59.288,7204
2025-05-30,58.62,59.37,57.44,58.12,19629.0,58.198,12158
2025-06-02,58.4,60.54,58.4,59.6,23409.0,59.872,13402
2025-06-03,60.04,60.9,59.65,60.64,13122.0,60.491,7451
2025-06-04,60.68,60.98,59.52,60.02,14587.0,60.218,8421
2025-06-05,60.0,60.95,59.83,60.54,12540.0,60.595,7446
2025-06-06,60.38,61.5,60.1,61.33,17333.0,61.109,9563
2025-06-09,61.5,61.8,61.05,61.73,11247.0,61.562,6211
2025-06-10,61.76,62.39,61.15,61.52,11965.0,61.848,6921
2025-06-11,61.27,63.95,61.16,63.76,25808.0,62.772,14235
2025-06-12,64.32,64.63,62.66,63.44,24169.0,63.404,14503
2025-06-13,64.02,68.47,63.82,66.53,73688.0,66.619,47289
2025-06-16,68.35,69.34,64.14,66.34,33390.0,66.011,23088
2025-06-17,66.13,68.71,65.76,68.52,46670.0,67.571,29398
2025-06-18,68.72,69.03,66.89,68.62,37621.0,68.116,24425
2025-06-20,67.82,69.88,67.47,68.6,35820.0,68.742,23276
2025-06-23,70.99,71.47,63.8,65.23,30625.0,67.843,19191
2025-06-24,64.5,64.61,61.31,61.4,29801.0,62.522,20730
2025-06-25,62.05,62.5,61.16,61.24,19901.0,61.711,14638
2025-06-26,61.34,62.47,61.15,61.65,11051.0,61.854,7089
2025-06-27,61.85,62.15,61.08,61.74,11089.0,61.594,7192
2025-06-30,61.42,62.01,60.93,61.65,7603.0,61.543,5020
2025-07-01,61.49,62.2,61.28,61.95,8396.0,61.8,5397
2025-07-02,62.03,63.33,61.75,63.24,12140.0,62.653,7218
2025-07-03,63.16,63.18,62.39,63.0,7904.0,62.79,5495
2025-07-07,63.0,63.97,61.7,63.7,13397.0,63.028,8968
2025-07-08,63.67,64.65,63.23,64.22,9307.0,63.976,6140
2025-07-09,64.1,64.66,63.6,64.07,7784.0,64.095,5361
2025-07-10,64.02,64.51,62.8,62.94,12558.0,63.377,8198
2025-07-11,63.09,64.62,62.87,64.32,11627.0,63.94,7690
2025-07-14,64.5,65.23,63.45,63.65,15476.0,64.205,9251
2025-07-15,63.54,63.92,63.12,63.27,10112.0,63.468,6892
2025-07-16,63.48,63.61,62.56,63.09,10400.0,62.968,6704
2025-07-17,63.19,64.08,62.92,63.94,11209.0,63.601,6842
2025-07-18,64.05,64.9,63.87,63.93,13745.0,64.3,8796
2025-07-21,63.9,64.29,63.45,63.99,7412.0,63.836,5006
2025-07-22,63.85,63.94,63.09,63.49,7901.0,63.411,4666
2025-07-23,63.52,63.87,63.08,63.59,6505.0,63.386,4222
2025-07-24,63.67,64.38,63.45,64.03,8766.0,63.971,5469
2025-07-25,64.15,64.64,63.15,63.32,6599.0,63.792,4165
2025-07-28,63.29,65.16,63.29,64.83,7825.0,64.552,4625
2025-07-29,65.1,67.43,64.71,66.96,20000.0,66.075,11181
2025-07-30,67.05,67.68,66.19,67.35,20024.0,67.182,11414
2025-07-31,67.48,67.6,66.04,66.6,10299.0,66.704,6460
2025-08-01,66.6,66.83,64.26,64.57,15276.0,65.088,9450
2025-08-04,64.05,64.86,63.24,63.99,10044.0,63.852,6305
2025-08-05,63.98,64.06,62.94,63.02,10500.0,63.301,6620
2025-08-06,63.02,64.38,61.74,62.34,16098.0,63.279,10344
2025-08-07,62.31,63.12,61.96,62.13,10365.0,62.446,6541
2025-08-08,62.11,62.67,61.14,62.0,12599.0,61.977,8323
2025-08-11,61.68,62.51,61.38,62.15,7933.0,62.079,5251
2025-08-12,62.24,62.5,61.56,61.7,10063.0,61.857,6085
2025-08-13,61.6,61.79,60.57,61.18,10807.0,61.146,6205
2025-08-14,61.26,62.13,61.05,62.01,8447.0,61.731,5553
2025-08-15,61.98,62.23,61.05,61.15,7824.0,61.463,5423
2025-08-18,61.28,62.03,60.71,61.8,11059.0,61.408,6443
2025-08-19,61.72,61.79,60.93,61.05,9422.0,61.203,5864
2025-08-20,61.24,62.27,61.09,62.03,12062.0,61.873,7478
2025-08-21,62.2,62.89,61.95,62.78,11221.0,62.477,7073
2025-08-22,62.76,63.08,62.55,62.9,11162.0,62.886,6918
2025-08-25,63.09,64.2,62.8,63.92,10632.0,63.731,6050
2025-08-26,63.86,63.89,62.36,62.46,12539.0,62.831,6712
2025-08-27,62.51,63.2,62.14,63.13,10285.0,62.768,6137
2025-08-28,63.0,63.68,62.48,63.61,10244.0,62.987,6335
2025-08-29,63.23,63.53,62.88,62.99,11709.0,63.124,6910
2025-09-02,62.99,64.91,62.65,64.64,26049.0,64.199,15745
2025-09-03,64.59,64.73,63.01,63.24,21777.0,63.504,13555
2025-09-04,63.06,63.09,62.0,62.69,12613.0,62.598,7911
2025-09-05,62.49,62.7,60.79,61.18,19643.0,61.424,11522
2025-09-08,61.32,62.59,61.2,61.62,19646.0,61.847,12254
2025-09-09,61.8,62.98,61.73,62.06,16913.0,62.332,10054
2025-09-10,62.17,63.39,62.17,63.09,15896.0,62.904,9042
2025-09-11,63.14,63.22,61.71,61.85,13997.0,62.117,8801
2025-09-12,61.79,63.4,61.2,62.19,23969.0,62.465,13249
2025-09-15,62.42,63.11,62.04,62.76,11085.0,62.661,6937
2025-09-16,62.76,64.03,62.37,63.82,22957.0,63.456,12472
2025-09-17,63.89,63.97,62.98,63.32,19985.0,63.538,10898
2025-09-18,63.24,63.79,62.66,62.87,25519.0,63.182,14919
2025-09-19,62.88,62.98,61.8,61.98,24291.0,62.295,14281
2025-09-22,61.92,62.55,61.26,61.9,26336.0,61.817,14193
2025-09-23,61.94,63.41,61.46,62.93,32900.0,62.722,17762
2025-09-24,63.18,64.43,62.77,64.39,38454.0,63.893,20890
2025-09-25,64.21,64.7,63.54,64.4,32961.0,64.12,18047
2025-09-26,64.62,65.77,64.1,65.14,45939.0,65.045,22591
2025-09-29,64.56,64.86,62.59,63.01,39076.0,63.375,21325
2025-09-30,62.75,62.8,61.63,61.96,42318.0,62.17,23566
2025-10-01,62.03,62.47,61.03,61.39,38728.0,61.569,21658
2025-10-02,61.41,62.13,60.06,60.16,49474.0,60.803,27768
2025-10-03,60.34,61.02,60.22,60.53,34403.0,60.597,19380
2025-10-06,60.7,61.69,60.68,61.34,36752.0,61.27,20682
2025-10-07,61.39,61.68,60.4,61.32,38474.0,61.158,21793
2025-10-08,61.67,62.34,61.59,62.02,40654.0,61.993,21237
2025-10-09,61.76,62.31,60.75,61.03,48129.0,61.546,25264
2025-10-10,61.01,61.18,57.8,58.48,93046.0,59.37,46292
2025-10-13,58.65,59.69,58.41,59.07,86176.0,59.235,43233
2025-10-14,59.17,59.39,57.29,58.27,86444.0,58.065,45091
2025-10-15,58.15,58.93,57.78,57.84,74044.0,58.231,37790
2025-10-16,58.34,58.63,56.78,56.99,125880.0,57.651,63019
2025-10-17,57.03,57.32,56.15,57.15,180839.0,56.9,90484
2025-10-20,57.32,57.43,55.96,57.02,157770.0,56.689,76420
2025-10-21,56.95,58.08,56.35,57.24,195354.0,57.174,89666
2025-10-22,57.59,59.83,57.34,58.5,224251.0,58.597,106320
2025-10-23,59.94,62.2,59.64,61.79,378489.0,61.349,182972
2025-10-24,61.79,62.59,61.21,61.5,197803.0,61.887,94096
2025-10-27,61.82,62.17,60.67,61.31,167520.0,61.505,86506
2025-10-28,61.5,61.5,59.76,60.15,175649.0,60.336,89852
2025-10-29,60.18,61.02,59.7,60.48,165903.0,60.447,80981
2025-10-30,60.39,60.79,59.64,60.57,147131.0,60.257,71751
2025-10-31,60.3,61.38,59.99,60.98,171559.0,60.708,80300
2025-11-03,61.4,61.5,60.51,61.05,143991.0,61.048,69119
2025-11-04,61.03,61.03,59.94,60.56,130371.0,60.484,64595
2025-11-05,60.43,61.09,59.52,59.6,174650.0,60.18,79246
2025-11-06,59.68,60.51,58.83,59.43,174901.0,59.521,87139
2025-11-07,59.65,60.46,59.32,59.75,150675.0,59.828,75089
2025-11-10,59.87,60.48,59.41,60.13,129344.0,59.936,62436
2025-11-11,60.07,61.28,59.66,61.04,140058.0,60.721,63382
2025-11-12,61.05,61.06,58.3,58.49,186969.0,59.355,79325
2025-11-13,58.47,59.21,58.12,58.69,120324.0,58.766,59427
2025-11-14,58.71,60.65,58.71,60.09,172228.0,59.916,82498
2025-11-17,59.8,60.44,59.32,59.91,88524.0,59.929,42679
2025-11-18,59.74,60.93,59.31,60.74,33912.0,60.118,16040
2025-11-19,60.62,60.79,58.77,59.44,12910.0,59.522,6372
2025-11-20,59.63,60.33,58.86,59.14,8862.0,59.298,4439
2025-11-21,59.14,59.14,59.14,59.14,0.0,59.14,0
