date,open,high,low,close,volume,average,barCount
2017-11-22,50.83,50.83,50.83,50.83,0.0,50.83,0
2017-11-24,51.05,51.05,51.05,51.05,0.0,51.05,0
2017-11-27,51.6,51.6,51.6,51.6,0.0,51.6,0
2017-11-28,51.75,51.75,51.75,51.75,0.0,51.75,0
2017-11-29,51.99,51.99,51.99,51.99,0.0,51.99,0
2017-11-30,51.98,51.98,51.98,51.98,0.0,51.98,0
2017-12-01,51.83,51.83,51.83,51.83,0.0,51.83,0
2017-12-04,51.98,51.98,51.98,51.98,0.0,51.98,0
2017-12-05,52.08,52.08,52.08,52.08,0.0,52.08,0
2017-12-06,51.74,51.74,51.74,51.74,0.0,51.74,0
2017-12-07,52.21,52.21,52.21,52.21,0.0,52.21,0
2017-12-08,52.21,52.21,52.21,52.21,0.0,52.21,0
2017-12-11,52.3,52.3,52.3,52.3,0.0,52.3,0
2017-12-12,51.95,51.95,51.95,51.95,0.0,51.95,0
2017-12-13,50.92,50.92,50.92,50.92,0.0,50.92,0
2017-12-14,51.02,51.02,51.02,51.02,0.0,51.02,0
2017-12-15,50.67,50.67,50.67,50.67,0.0,50.67,0
2017-12-18,51.32,51.32,51.32,51.32,0.0,51.32,0
2017-12-19,51.81,51.81,51.81,51.81,0.0,51.81,0
2017-12-20,51.68,51.68,51.68,51.68,0.0,51.68,0
2017-12-21,51.76,51.76,51.76,51.76,0.0,51.76,0
2017-12-22,52.12,52.12,52.12,52.12,0.0,52.12,0
2017-12-26,52.5,52.5,52.5,52.5,0.0,52.5,0
2017-12-27,52.84,52.84,52.84,52.84,0.0,52.84,0
2017-12-28,52.97,52.97,52.97,52.97,0.0,52.97,0
2017-12-29,52.74,52.74,52.74,52.74,0.0,52.74,0
2018-01-02,52.56,52.56,52.56,52.56,0.0,52.56,0
2018-01-03,52.65,52.65,52.65,52.65,0.0,52.65,0
2018-01-04,52.7,52.7,52.7,52.7,0.0,52.7,0
2018-01-05,53.01,53.01,53.01,53.01,0.0,53.01,0
2018-01-08,53.47,53.47,53.47,53.47,0.0,53.47,0
2018-01-09,53.84,53.84,53.84,53.84,0.0,53.84,0
2018-01-10,53.6,53.6,53.6,53.6,0.0,53.6,0
2018-01-11,53.7,53.7,53.7,53.7,0.0,53.7,0
2018-01-12,53.79,53.79,53.79,53.79,0.0,53.79,0
2018-01-16,53.85,53.85,53.85,53.85,0.0,53.85,0
2018-01-17,54.13,54.13,54.13,54.13,0.0,54.13,0
2018-01-18,54.38,54.38,54.38,54.38,0.0,54.38,0
2018-01-19,54.68,54.68,54.68,54.68,0.0,54.68,0
2018-01-22,54.79,54.79,54.79,54.79,0.0,54.79,0
2018-01-23,55.01,55.01,55.01,55.01,0.0,55.01,0
2018-01-24,54.47,54.47,54.47,54.47,0.0,54.47,0
2018-01-25,54.65,54.65,54.65,54.65,0.0,54.65,0
2018-01-26,54.54,54.54,54.54,54.54,0.0,54.54,0
2018-01-29,54.17,54.17,54.17,54.17,0.0,54.17,0
2018-01-30,53.55,53.55,53.55,53.55,0.0,53.55,0
2018-01-31,53.36,53.36,53.36,53.36,0.0,53.36,0
2018-02-01,53.35,53.35,53.35,53.35,0.0,53.35,0
2018-02-02,52.39,52.39,52.39,52.39,0.0,52.39,0
2018-02-05,52.05,52.05,52.05,52.05,0.0,52.05,0
2018-02-06,51.8,51.8,51.8,51.8,0.0,51.8,0
2018-02-07,51.17,51.17,51.17,51.17,0.0,51.17,0
2018-02-08,51.2,51.2,51.2,51.2,0.0,51.2,0
2018-02-09,50.66,50.66,50.66,50.66,0.0,50.66,0
2018-02-12,50.89,50.89,50.89,50.89,0.0,50.89,0
2018-02-13,51.58,51.58,51.58,51.58,0.0,51.58,0
2018-02-14,51.55,51.55,51.55,51.55,0.0,51.55,0
2018-02-15,51.51,51.51,51.51,51.51,0.0,51.51,0
2018-02-16,51.8,51.8,51.8,51.8,0.0,51.8,0
2018-02-20,52.4,52.4,52.4,52.4,0.0,52.4,0
2018-02-21,52.44,52.44,52.44,52.44,0.0,52.44,0
2018-02-22,52.58,52.58,52.58,52.58,0.0,52.58,0
2018-02-23,53.37,53.37,53.37,53.37,0.0,53.37,0
2018-02-26,53.98,53.98,53.98,53.98,0.0,53.98,0
2018-02-27,53.58,53.58,53.58,53.58,0.0,53.58,0
2018-02-28,52.04,52.04,52.04,52.04,0.0,52.04,0
2018-03-01,51.73,51.73,51.73,51.73,0.0,51.73,0
2018-03-02,51.76,51.76,51.76,51.76,0.0,51.76,0
2018-03-05,52.45,52.45,52.45,52.45,0.0,52.45,0
2018-03-06,52.52,52.52,52.52,52.52,0.0,52.52,0
2018-03-07,51.92,51.92,51.92,51.92,0.0,51.92,0
2018-03-08,51.93,51.93,51.93,51.93,0.0,51.93,0
2018-03-09,52.9,52.9,52.9,52.9,0.0,52.9,0
2018-03-12,52.8,52.8,52.8,52.8,0.0,52.8,0
2018-03-13,52.69,52.69,52.69,52.69,0.0,52.69,0
2018-03-14,52.83,52.83,52.83,52.83,0.0,52.83,0
2018-03-15,52.62,52.62,52.62,52.62,0.0,52.62,0
2018-03-16,52.6,52.6,52.6,52.6,0.0,52.6,0
2018-03-19,52.19,52.19,52.19,52.19,0.0,52.19,0
2018-03-20,52.35,52.35,52.35,52.35,0.0,52.35,0
2018-03-21,53.06,53.06,53.06,53.06,0.0,53.06,0
2018-03-22,52.61,52.61,52.61,52.61,0.0,52.61,0
2018-03-23,53.02,53.02,53.02,53.02,0.0,53.02,0
2018-03-26,52.83,52.83,52.83,52.83,0.0,52.83,0
2018-03-27,52.83,52.83,52.83,52.83,0.0,52.83,0
2018-03-28,52.81,52.81,52.81,52.81,0.0,52.81,0
2018-03-29,52.59,52.59,52.59,52.59,0.0,52.59,0
2018-04-02,51.65,51.65,51.65,51.65,0.0,51.65,0
2018-04-03,52.03,52.03,52.03,52.03,0.0,52.03,0
2018-04-04,51.99,51.99,51.99,51.99,0.0,51.99,0
2018-04-05,52.2,52.2,52.2,52.2,0.0,52.2,0
2018-04-06,51.5,51.5,51.5,51.5,0.0,51.5,0
2018-04-09,51.65,51.65,51.65,51.65,0.0,51.65,0
2018-04-10,51.94,51.94,51.94,51.94,0.0,51.94,0
2018-04-11,52.24,52.24,52.24,52.24,0.0,52.24,0
2018-04-12,51.91,51.91,51.91,51.91,0.0,51.91,0
2018-04-13,51.84,51.84,51.84,51.84,0.0,51.84,0
2018-04-16,51.81,51.81,51.81,51.81,0.0,51.81,0
2018-04-17,51.76,51.76,51.76,51.76,0.0,51.76,0
2018-04-18,51.67,51.67,51.67,51.67,0.0,51.67,0
2018-04-19,51.85,51.85,51.85,51.85,0.0,51.85,0
2018-04-20,51.79,51.79,51.79,51.79,0.0,51.79,0
2018-04-23,52.12,52.12,52.12,52.12,0.0,52.12,0
2018-04-24,51.68,51.68,51.68,51.68,0.0,51.68,0
2018-04-25,51.57,51.57,51.57,51.57,0.0,51.57,0
2018-04-26,51.6,51.6,51.6,51.6,0.0,51.6,0
2018-04-27,51.26,51.26,51.26,51.26,0.0,51.26,0
2018-04-30,51.42,51.42,51.42,51.42,0.0,51.42,0
2018-05-01,51.13,51.13,51.13,51.13,0.0,51.13,0
2018-05-02,51.08,51.08,51.08,51.08,0.0,51.08,0
2018-05-03,51.53,51.53,51.53,51.53,0.0,51.53,0
2018-05-04,52.2,52.2,52.2,52.2,0.0,52.2,0
2018-05-07,52.53,52.53,52.53,52.53,0.0,52.53,0
2018-05-08,52.07,52.07,52.07,52.07,0.0,52.07,0
2018-05-09,52.88,52.88,52.88,52.88,0.0,52.88,0
2018-05-10,53.23,53.23,53.23,53.23,0.0,53.23,0
2018-05-11,53.42,53.42,53.42,53.42,0.0,53.42,0
2018-05-14,53.75,53.75,53.75,53.75,0.0,53.75,0
2018-05-15,54.18,54.18,54.18,54.18,0.0,54.18,0
2018-05-16,54.06,54.06,54.06,54.06,0.0,54.06,0
2018-05-17,54.68,54.68,54.68,54.68,0.0,54.68,0
2018-05-18,54.65,54.65,54.65,54.65,0.0,54.65,0
2018-05-21,55.03,55.03,55.03,55.03,0.0,55.03,0
2018-05-22,54.76,54.76,54.76,54.76,0.0,54.76,0
2018-05-23,53.9,53.9,53.9,53.9,0.0,53.9,0
2018-05-24,53.72,53.72,53.72,53.72,0.0,53.72,0
2018-05-25,52.76,52.76,52.76,52.76,0.0,52.76,0
2018-05-29,52.78,52.78,52.78,52.78,0.0,52.78,0
2018-05-30,53.08,53.08,53.08,53.08,0.0,53.08,0
2018-05-31,53.16,53.16,53.16,53.16,0.0,53.16,0
2018-06-01,54.36,54.36,54.36,54.36,0.0,54.36,0
2018-06-04,53.9,53.9,53.9,53.9,0.0,53.9,0
2018-06-05,53.98,53.98,53.98,53.98,0.0,53.98,0
2018-06-06,53.57,53.57,53.57,53.57,0.0,53.57,0
2018-06-07,54.0,54.0,54.0,54.0,0.0,54.0,0
2018-06-08,54.35,54.35,54.35,54.35,0.0,54.35,0
2018-06-11,54.6,54.6,54.6,54.6,0.0,54.6,0
2018-06-12,54.4,54.4,54.4,54.4,0.0,54.4,0
2018-06-13,55.46,55.46,55.46,55.46,0.0,55.46,0
2018-06-14,53.65,53.65,53.65,53.65,0.0,53.65,0
2018-06-15,52.3,52.3,52.3,52.3,0.0,52.3,0
2018-06-18,53.09,53.09,53.09,53.09,0.0,53.09,0
2018-06-19,52.79,52.79,52.79,52.79,0.0,52.79,0
2018-06-20,52.75,52.75,52.75,52.75,0.0,52.75,0
2018-06-21,52.56,52.56,52.56,52.56,0.0,52.56,0
2018-06-22,53.67,53.67,53.67,53.67,0.0,53.67,0
2018-06-25,53.76,53.76,53.76,53.76,0.0,53.76,0
2018-06-26,54.64,54.64,54.64,54.64,0.0,54.64,0
2018-06-27,54.65,54.65,54.65,54.65,0.0,54.65,0
2018-06-28,54.1,54.1,54.1,54.1,0.0,54.1,0
2018-06-29,53.64,53.64,53.64,53.64,0.0,53.64,0
2018-07-02,53.51,53.51,53.51,53.51,0.0,53.51,0
2018-07-03,53.33,53.33,53.33,53.33,0.0,53.33,0
2018-07-05,53.87,53.87,53.87,53.87,0.0,53.87,0
2018-07-06,54.16,54.16,54.16,54.16,0.0,54.16,0
2018-07-09,54.22,54.22,54.22,54.22,0.0,54.22,0
2018-07-10,54.09,54.09,54.09,54.09,0.0,54.09,0
2018-07-11,53.27,53.27,53.27,53.27,0.0,53.27,0
2018-07-12,54.02,54.02,54.02,54.02,0.0,54.02,0
2018-07-13,53.6,53.6,53.6,53.6,0.0,53.6,0
2018-07-16,52.14,52.14,52.14,52.14,0.0,52.14,0
2018-07-17,52.5,52.5,52.5,52.5,0.0,52.5,0
2018-07-18,53.16,53.16,53.16,53.16,0.0,53.16,0
2018-07-19,53.25,53.25,53.25,53.25,0.0,53.25,0
2018-07-20,53.35,53.35,53.35,53.35,0.0,53.35,0
2018-07-23,54.33,54.33,54.33,54.33,0.0,54.33,0
2018-07-24,54.95,54.95,54.95,54.95,0.0,54.95,0
2018-07-25,55.25,55.25,55.25,55.25,0.0,55.25,0
2018-07-26,55.52,55.52,55.52,55.52,0.0,55.52,0
2018-07-27,55.04,55.04,55.04,55.04,0.0,55.04,0
2018-07-30,54.9,54.9,54.9,54.9,0.0,54.9,0
2018-07-31,54.61,54.61,54.61,54.61,0.0,54.61,0
2018-08-01,53.93,53.93,53.93,53.93,0.0,53.93,0
2018-08-02,54.32,54.32,54.32,54.32,0.0,54.32,0
2018-08-03,54.52,54.52,54.52,54.52,0.0,54.52,0
2018-08-06,54.88,54.88,54.88,54.88,0.0,54.88,0
2018-08-07,55.46,55.46,55.46,55.46,0.0,55.46,0
2018-08-08,54.35,54.35,54.35,54.35,0.0,54.35,0
2018-08-09,54.66,54.66,54.66,54.66,0.0,54.66,0
2018-08-10,54.54,54.54,54.54,54.54,0.0,54.54,0
2018-08-13,54.46,54.46,54.46,54.46,0.0,54.46,0
2018-08-14,55.01,55.01,55.01,55.01,0.0,55.01,0
2018-08-15,54.66,54.66,54.66,54.66,0.0,54.66,0
2018-08-16,54.96,54.96,54.96,54.96,0.0,54.96,0
2018-08-17,55.24,55.24,55.24,55.24,0.0,55.24,0
2018-08-20,55.1,55.1,55.1,55.1,0.0,55.1,0
2018-08-21,54.93,54.93,54.93,54.93,0.0,54.93,0
2018-08-22,55.82,55.82,55.82,55.82,0.0,55.82,0
2018-08-23,55.91,55.91,55.91,55.91,0.0,55.91,0
2018-08-24,56.24,56.24,56.24,56.24,0.0,56.24,0
2018-08-27,56.38,56.38,56.38,56.38,0.0,56.38,0
2018-08-28,56.29,56.29,56.29,56.29,0.0,56.29,0
2018-08-29,56.37,56.37,56.37,56.37,0.0,56.37,0
2018-08-30,56.21,56.21,56.21,56.21,0.0,56.21,0
2018-08-31,55.77,55.77,55.77,55.77,0.0,55.77,0
2018-09-04,55.89,55.89,55.89,55.89,0.0,55.89,0
2018-09-05,55.41,55.41,55.41,55.41,0.0,55.41,0
2018-09-06,54.99,54.99,54.99,54.99,0.0,54.99,0
2018-09-07,54.99,54.99,54.99,54.99,0.0,54.99,0
2018-09-10,55.05,55.05,55.05,55.05,0.0,55.05,0
2018-09-11,55.68,55.68,55.68,55.68,0.0,55.68,0
2018-09-12,56.33,56.33,56.33,56.33,0.0,56.33,0
2018-09-13,55.66,55.66,55.66,55.66,0.0,55.66,0
2018-09-14,56.09,56.09,56.09,56.09,0.0,56.09,0
2018-09-17,56.4,56.4,56.4,56.4,0.0,56.4,0
2018-09-18,56.31,56.31,56.31,56.31,0.0,56.31,0
2018-09-19,56.4,56.4,56.4,56.4,0.0,56.4,0
2018-09-20,56.2,56.2,56.2,56.2,0.0,56.2,0
2018-09-21,56.18,56.18,56.18,56.18,0.0,56.18,0
2018-09-24,56.64,56.64,56.64,56.64,0.0,56.64,0
2018-09-25,57.11,57.11,57.11,57.11,0.0,57.11,0
2018-09-26,56.82,56.82,56.82,56.82,0.0,56.82,0
2018-09-27,57.14,57.14,57.14,57.14,0.0,57.14,0
2018-09-28,57.44,57.44,57.44,57.44,0.0,57.44,0
2018-10-01,58.41,58.41,58.41,58.41,0.0,58.41,0
2018-10-02,58.44,58.44,58.44,58.44,0.0,58.44,0
2018-10-03,59.68,59.68,59.68,59.68,0.0,59.68,0
2018-10-04,58.38,58.38,58.38,58.38,0.0,58.38,0
2018-10-05,58.71,58.71,58.71,58.71,0.0,58.71,0
2018-10-08,58.67,58.67,58.67,58.67,0.0,58.67,0
2018-10-09,59.2,59.2,59.2,59.2,0.0,59.2,0
2018-10-10,57.69,57.69,57.69,57.69,0.0,57.69,0
2018-10-11,56.4,56.4,56.4,56.4,0.0,56.4,0
2018-10-12,56.72,56.72,56.72,56.72,0.0,56.72,0
2018-10-15,55.82,55.82,55.82,55.82,0.0,55.82,0
2018-10-16,55.87,55.87,55.87,55.87,0.0,55.87,0
2018-10-17,55.31,55.31,55.31,55.31,0.0,55.31,0
2018-10-18,55.15,55.15,55.15,55.15,0.0,55.15,0
2018-10-19,55.44,55.44,55.44,55.44,0.0,55.44,0
2018-10-22,56.7,56.7,56.7,56.7,0.0,56.7,0
2018-10-23,56.17,56.17,56.17,56.17,0.0,56.17,0
2018-10-24,55.73,55.73,55.73,55.73,0.0,55.73,0
2018-10-25,55.6,55.6,55.6,55.6,0.0,55.6,0
2018-10-26,56.0,56.0,56.0,56.0,0.0,56.0,0
2018-10-29,56.21,56.21,56.21,56.21,0.0,56.21,0
2018-10-30,55.1,55.1,55.1,55.1,0.0,55.1,0
2018-10-31,54.72,54.72,54.72,54.72,0.0,54.72,0
2018-11-01,53.44,53.44,53.44,53.44,0.0,53.44,0
2018-11-02,53.59,53.59,53.59,53.59,0.0,53.59,0
2018-11-05,54.17,54.17,54.17,54.17,0.0,54.17,0
2018-11-06,54.86,54.86,54.86,54.86,0.0,54.86,0
2018-11-07,57.77,57.77,57.77,57.77,0.0,57.77,0
2018-11-08,57.53,57.53,57.53,57.53,0.0,57.53,0
2018-11-09,57.3,57.3,57.3,57.3,0.0,57.3,0
2018-11-12,57.17,57.17,57.17,57.17,0.0,57.17,0
2018-11-13,55.91,55.91,55.91,55.91,0.0,55.91,0
2018-11-14,56.37,56.37,56.37,56.37,0.0,56.37,0
2018-11-15,55.0,55.0,55.0,55.0,0.0,55.0,0
2018-11-16,54.68,54.68,54.68,54.68,0.0,54.68,0
2018-11-19,55.17,55.17,55.17,55.17,0.0,55.17,0
2018-11-20,52.73,52.73,52.73,52.73,0.0,52.73,0
2018-11-21,53.21,53.21,53.21,53.21,0.0,53.21,0
2018-11-23,51.89,51.89,51.89,51.89,0.0,51.89,0
2018-11-26,52.53,52.53,52.53,52.53,0.0,52.53,0
2018-11-27,53.32,53.32,53.32,53.32,0.0,53.32,0
2018-11-28,53.64,53.64,53.64,53.64,0.0,53.64,0
2018-11-29,53.86,53.86,53.86,53.86,0.0,53.86,0
2018-11-30,52.27,52.27,52.27,52.27,0.0,52.27,0
2018-12-03,53.53,53.53,53.53,53.53,0.0,53.53,0
2018-12-04,53.67,53.67,53.67,53.67,0.0,53.67,0
2018-12-05,53.36,53.36,53.36,53.36,0.0,53.36,0
2018-12-06,52.77,52.77,52.77,52.77,0.0,52.77,0
2018-12-07,52.27,52.27,52.27,52.27,0.0,52.27,0
2018-12-10,51.28,51.28,51.28,51.28,0.0,51.28,0
2018-12-11,51.36,51.36,51.36,51.36,0.0,51.36,0
2018-12-12,51.51,51.51,51.51,51.51,0.0,51.51,0
2018-12-13,52.19,52.19,52.19,52.19,0.0,52.19,0
2018-12-14,51.73,51.73,51.73,51.73,0.0,51.73,0
2018-12-17,51.9,51.9,51.9,51.9,0.0,51.9,0
2018-12-18,50.54,50.54,50.54,50.54,0.0,50.54,0
2018-12-19,51.5,51.5,51.5,51.5,0.0,51.5,0
2018-12-20,51.07,51.07,51.07,51.07,0.0,51.07,0
2018-12-21,51.39,51.39,51.39,51.39,0.0,51.39,0
2018-12-24,50.86,50.86,50.86,50.86,0.0,50.86,0
2018-12-26,53.74,53.74,53.74,53.74,0.0,53.74,0
2018-12-27,52.18,52.18,52.18,52.18,0.0,52.18,0
2018-12-28,52.12,52.12,52.12,52.12,0.0,52.12,0
2018-12-31,53.15,53.15,53.15,53.15,0.0,53.15,0
2019-01-02,53.97,53.97,53.97,53.97,0.0,53.97,0
2019-01-03,54.21,54.21,54.21,54.21,0.0,54.21,0
2019-01-04,54.38,54.38,54.38,54.38,0.0,54.38,0
2019-01-07,54.11,54.11,54.11,54.11,0.0,54.11,0
2019-01-08,55.02,55.02,55.02,55.02,0.0,55.02,0
2019-01-09,55.92,55.92,55.92,55.92,0.0,55.92,0
2019-01-10,55.5,55.5,55.5,55.5,0.0,55.5,0
2019-01-11,54.61,54.61,54.61,54.61,0.0,54.61,0
2019-01-14,54.12,54.12,54.12,54.12,0.0,54.12,0
2019-01-15,54.64,54.64,54.64,54.64,0.0,54.64,0
2019-01-16,54.45,54.97,54.45,54.97,1.0,54.45,1
2019-01-17,54.18,54.18,54.18,54.18,0.0,54.18,0
2019-01-18,53.37,53.37,53.37,53.37,0.0,53.37,0
2019-01-22,53.87,53.87,53.87,53.87,0.0,53.87,0
2019-01-23,53.85,53.85,53.85,53.85,0.0,53.85,0
2019-01-24,53.98,53.98,53.98,53.98,0.0,53.98,0
2019-01-25,54.06,54.06,54.06,54.06,0.0,54.06,0
2019-01-28,53.92,53.92,53.92,53.92,0.0,53.92,0
2019-01-29,54.26,54.26,54.26,54.26,0.0,54.26,0
2019-01-30,53.9,53.9,53.9,53.9,0.0,53.9,0
2019-01-31,53.33,53.33,53.33,53.33,0.0,53.33,0
2019-02-01,54.54,54.54,54.54,54.54,0.0,54.54,0
2019-02-04,54.34,54.34,54.34,54.34,0.0,54.34,0
2019-02-05,53.95,53.95,53.95,53.95,0.0,53.95,0
2019-02-06,53.63,53.63,53.63,53.63,0.0,53.63,0
2019-02-07,53.15,53.15,53.15,53.15,0.0,53.15,0
2019-02-08,53.1,53.1,53.1,53.1,0.0,53.1,0
2019-02-11,53.27,53.27,53.27,53.27,0.0,53.27,0
2019-02-12,53.41,53.41,53.41,53.41,0.0,53.41,0
2019-02-13,53.95,53.95,53.95,53.95,0.0,53.95,0
2019-02-14,53.95,53.95,53.95,53.95,0.0,53.95,0
2019-02-15,54.24,54.24,54.24,54.24,0.0,54.24,0
2019-02-19,54.71,54.71,54.71,54.71,0.0,54.71,0
2019-02-20,54.62,54.62,54.62,54.62,0.0,54.62,0
2019-02-21,54.6,54.6,54.6,54.6,0.0,54.6,0
2019-02-22,54.32,54.32,54.32,54.32,0.0,54.32,0
2019-02-25,53.76,53.76,53.76,53.76,0.0,53.76,0
2019-02-26,53.87,53.87,53.87,53.87,0.0,53.87,0
2019-02-27,54.21,54.21,54.21,54.21,0.0,54.21,0
2019-02-28,54.24,54.24,54.24,54.24,0.0,54.24,0
2019-03-01,53.56,53.56,53.56,53.56,0.0,53.56,0
2019-03-04,54.4,54.4,54.4,54.4,0.0,54.4,0
2019-03-05,54.35,54.35,54.35,54.35,0.0,54.35,0
2019-03-06,54.36,54.36,54.36,54.36,0.0,54.36,0
2019-03-07,54.34,54.34,54.34,54.34,0.0,54.34,0
2019-03-08,54.06,54.06,54.06,54.06,0.0,54.06,0
2019-03-11,54.1,54.1,54.1,54.1,0.0,54.1,0
2019-03-12,54.22,54.22,54.22,54.22,0.0,54.22,0
2019-03-13,54.55,54.55,54.55,54.55,0.0,54.55,0
2019-03-14,54.36,54.36,54.36,54.36,0.0,54.36,0
2019-03-15,54.54,54.54,54.54,54.54,0.0,54.54,0
2019-03-18,54.71,54.71,54.71,54.71,0.0,54.71,0
2019-03-19,54.65,54.65,54.65,54.65,0.0,54.65,0
2019-03-20,54.53,54.53,54.53,54.53,0.0,54.53,0
2019-03-21,54.24,54.24,54.24,54.24,0.0,54.24,0
2019-03-22,53.89,53.89,53.89,53.89,0.0,53.89,0
2019-03-25,53.96,53.96,53.96,53.96,0.0,53.96,0
2019-03-26,53.74,53.74,53.74,53.74,0.0,53.74,0
2019-03-27,53.53,53.53,53.53,53.53,0.0,53.53,0
2019-03-28,53.78,53.78,53.78,53.78,0.0,53.78,0
2019-03-29,53.66,53.66,53.66,53.66,0.0,53.66,0
2019-04-01,53.43,53.43,53.43,53.43,0.0,53.43,0
2019-04-02,53.17,53.17,53.17,53.17,0.0,53.17,0
2019-04-03,53.46,53.46,53.46,53.46,0.0,53.46,0
2019-04-04,53.47,53.47,53.47,53.47,0.0,53.47,0
2019-04-05,53.63,53.63,53.63,53.63,0.0,53.63,0
2019-04-08,53.55,53.55,53.55,53.55,0.0,53.55,0
2019-04-09,53.91,53.91,53.91,53.91,0.0,53.91,0
2019-04-10,53.84,53.84,53.84,53.84,0.0,53.84,0
2019-04-11,53.85,53.85,53.85,53.85,0.0,53.85,0
2019-04-12,54.37,54.37,54.37,54.37,0.0,54.37,0
2019-04-15,54.87,54.87,54.87,54.87,0.0,54.87,0
2019-04-16,54.81,54.81,54.81,54.81,0.0,54.81,0
2019-04-17,54.52,54.52,54.52,54.52,0.0,54.52,0
2019-04-18,54.34,54.34,54.34,54.34,0.0,54.34,0
2019-04-22,54.41,54.41,54.41,54.41,0.0,54.41,0
2019-04-23,54.54,54.54,54.54,54.54,0.0,54.54,0
2019-04-24,54.56,54.56,54.56,54.56,0.0,54.56,0
2019-04-25,54.29,54.29,54.29,54.29,0.0,54.29,0
2019-04-26,54.14,54.14,54.14,54.14,0.0,54.14,0
2019-04-29,54.08,54.08,54.08,54.08,0.0,54.08,0
2019-04-30,54.16,54.16,54.16,54.16,0.0,54.16,0
2019-05-01,54.44,54.44,54.44,54.44,0.0,54.44,0
2019-05-02,53.56,53.56,53.56,53.56,0.0,53.56,0
2019-05-03,53.49,53.49,53.49,53.49,0.0,53.49,0
2019-05-06,53.91,53.91,53.91,53.91,0.0,53.91,0
2019-05-07,53.13,53.13,53.13,53.13,0.0,53.13,0
2019-05-08,53.76,53.76,53.76,53.76,0.0,53.76,0
2019-05-09,53.53,53.53,53.53,53.53,0.0,53.53,0
2019-05-10,53.4,53.4,53.4,53.4,0.0,53.4,0
2019-05-13,53.07,53.07,53.07,53.07,0.0,53.07,0
2019-05-14,53.35,53.35,53.35,53.35,0.0,53.35,0
2019-05-15,53.51,53.51,53.51,53.51,0.0,53.51,0
2019-05-16,53.41,53.41,53.41,53.41,0.0,53.41,0
2019-05-17,53.08,53.08,53.08,53.08,0.0,53.08,0
2019-05-20,53.67,53.67,53.67,53.67,0.0,53.67,0
2019-05-21,53.79,53.79,53.79,53.79,0.0,53.79,0
2019-05-22,53.33,53.33,53.33,53.33,0.0,53.33,0
2019-05-23,52.48,52.48,52.48,52.48,0.0,52.48,0
2019-05-24,53.55,53.55,53.55,53.55,0.0,53.55,0
2019-05-28,54.01,54.01,54.01,54.01,0.0,54.01,0
2019-05-29,53.88,53.88,53.88,53.88,0.0,53.88,0
2019-05-30,52.89,52.89,52.89,52.89,0.0,52.89,0
2019-05-31,51.86,51.86,51.86,51.86,0.0,51.86,0
2019-06-03,52.31,52.31,52.31,52.31,0.0,52.31,0
2019-06-04,52.25,52.25,52.25,52.25,0.0,52.25,0
2019-06-05,51.46,51.46,51.46,51.46,0.0,51.46,0
2019-06-06,52.21,52.21,52.21,52.21,0.0,52.21,0
2019-06-07,52.93,52.93,52.93,52.93,0.0,52.93,0
2019-06-10,53.34,53.34,53.34,53.34,0.0,53.34,0
2019-06-11,53.89,53.89,53.89,53.89,0.0,53.89,0
2019-06-12,52.79,52.79,52.79,52.79,0.0,52.79,0
2019-06-13,53.34,53.34,53.34,53.34,0.0,53.34,0
2019-06-14,53.44,53.44,53.44,53.44,0.0,53.44,0
2019-06-17,53.3,53.3,53.3,53.3,0.0,53.3,0
2019-06-18,54.25,54.25,54.25,54.25,0.0,54.25,0
2019-06-19,53.92,53.92,53.92,53.92,0.0,53.92,0
2019-06-20,54.77,54.77,54.77,54.77,0.0,54.77,0
2019-06-21,54.48,54.48,54.48,54.48,0.0,54.48,0
2019-06-24,54.94,54.94,54.94,54.94,0.0,54.94,0
2019-06-25,55.23,55.23,55.23,55.23,0.0,55.23,0
2019-06-26,55.29,55.29,55.29,55.29,0.0,55.29,0
2019-06-27,55.12,55.12,55.12,55.12,0.0,55.12,0
2019-06-28,54.6,54.6,54.6,54.6,0.0,54.6,0
2019-07-01,54.53,54.53,54.53,54.53,0.0,54.53,0
2019-07-02,53.85,53.85,53.85,53.85,0.0,53.85,0
2019-07-03,54.64,54.64,54.64,54.64,0.0,54.64,0
2019-07-05,54.32,54.32,54.32,54.32,0.0,54.32,0
2019-07-08,54.7,54.7,54.7,54.7,0.0,54.7,0
2019-07-09,55.2,55.2,55.2,55.2,0.0,55.2,0
2019-07-10,55.75,55.75,55.52,55.52,1.0,55.75,1
2019-07-11,54.82,54.82,54.82,54.82,0.0,54.82,0
2019-07-12,54.26,54.26,54.26,54.26,0.0,54.26,0
2019-07-15,53.96,53.96,53.96,53.96,0.0,53.96,0
2019-07-16,53.16,53.16,53.16,53.16,0.0,53.16,0
2019-07-17,53.64,53.64,53.64,53.64,0.0,53.64,0
2019-07-18,52.81,52.81,52.81,52.81,0.0,52.81,0
2019-07-19,53.7,53.7,53.7,53.7,0.0,53.7,0
2019-07-22,54.08,54.08,54.08,54.08,0.0,54.08,0
2019-07-23,53.57,53.57,53.57,53.57,0.0,53.57,0
2019-07-24,53.07,53.07,53.07,53.07,0.0,53.07,0
2019-07-25,53.36,53.36,53.36,53.36,0.0,53.36,0
2019-07-26,53.87,53.87,53.87,53.87,0.0,53.87,0
2019-07-29,53.35,53.35,53.35,53.35,0.0,53.35,0
2019-07-30,53.6,53.6,53.6,53.6,0.0,53.6,0
2019-07-31,53.78,53.78,53.78,53.78,0.0,53.78,0
2019-08-01,52.26,52.26,52.26,52.26,0.0,52.26,0
2019-08-02,53.96,53.96,53.96,53.96,0.0,53.96,0
2019-08-05,54.17,54.17,54.17,54.17,0.0,54.17,0
2019-08-06,53.7,53.7,53.7,53.7,0.0,53.7,0
2019-08-07,53.93,53.93,53.93,53.93,0.0,53.93,0
2019-08-08,53.89,53.89,53.89,53.89,0.0,53.89,0
2019-08-09,54.62,54.62,54.62,54.62,0.0,54.62,0
2019-08-12,54.66,54.66,54.66,54.66,0.0,54.66,0
2019-08-13,56.14,56.14,56.14,56.14,0.0,56.14,0
2019-08-14,54.81,54.81,54.81,54.81,0.0,54.81,0
2019-08-15,54.34,54.34,54.34,54.34,0.0,54.34,0
2019-08-16,54.23,54.23,54.23,54.23,0.0,54.23,0
2019-08-19,54.21,54.21,54.21,54.21,0.0,54.21,0
2019-08-20,53.73,53.73,53.73,53.73,0.0,53.73,0
2019-08-21,53.93,53.93,53.93,53.93,0.0,53.93,0
2019-08-22,53.8,53.8,53.8,53.8,0.0,53.8,0
2019-08-23,53.81,53.81,53.81,53.81,0.0,53.81,0
2019-08-26,53.72,53.72,53.72,53.72,0.0,53.72,0
2019-08-27,54.44,54.44,54.44,54.44,0.0,54.44,0
2019-08-28,54.38,54.38,54.38,54.38,0.0,54.38,0
2019-08-29,54.19,54.19,54.19,54.19,0.0,54.19,0
2019-08-30,53.08,53.08,53.08,53.08,0.0,53.08,0
2019-09-03,53.35,53.35,53.35,53.35,0.0,53.35,0
2019-09-04,54.17,54.17,54.17,54.17,0.0,54.17,0
2019-09-05,54.18,54.18,54.18,54.18,0.0,54.18,0
2019-09-06,54.16,54.16,54.16,54.16,0.0,54.16,0
2019-09-09,54.24,54.24,54.24,54.24,0.0,54.24,0
2019-09-10,54.22,54.22,54.22,54.22,0.0,54.22,0
2019-09-11,53.71,53.71,53.71,53.71,0.0,53.71,0
2019-09-12,53.52,53.52,53.52,53.52,0.0,53.52,0
2019-09-13,52.93,52.93,52.93,52.93,0.0,52.93,0
2019-09-16,54.14,54.14,54.14,54.14,0.0,54.14,0
2019-09-17,53.63,53.63,53.63,53.63,0.0,53.63,0
2019-09-18,52.92,52.92,52.92,52.92,0.0,52.92,0
2019-09-19,52.63,52.63,52.63,52.63,0.0,52.63,0
2019-09-20,52.83,52.83,52.83,52.83,0.0,52.83,0
2019-09-23,53.57,53.57,53.57,53.57,0.0,53.57,0
2019-09-24,52.93,52.93,52.93,52.93,0.0,52.93,0
2019-09-25,52.97,52.97,52.97,52.97,0.0,52.97,0
2019-09-26,53.08,53.08,53.08,53.08,0.0,53.08,0
2019-09-27,53.0,53.0,53.0,53.0,0.0,53.0,0
2019-09-30,52.6,52.6,52.6,52.6,0.0,52.6,0
2019-10-01,52.76,52.76,52.76,52.76,0.0,52.76,0
2019-10-02,52.81,52.81,52.81,52.81,0.0,52.81,0
2019-10-03,52.29,52.29,52.29,52.29,0.0,52.29,0
2019-10-04,53.21,53.21,53.21,53.21,0.0,53.21,0
2019-10-07,53.01,53.01,53.01,53.01,0.0,53.01,0
2019-10-08,52.95,52.95,52.95,52.95,0.0,52.95,0
2019-10-09,52.79,52.79,52.79,52.79,0.0,52.79,0
2019-10-10,52.31,52.31,52.31,52.31,0.0,52.31,0
2019-10-11,51.91,51.91,51.91,51.91,0.0,51.91,0
2019-10-14,52.02,52.02,52.02,52.02,0.0,52.02,0
2019-10-15,51.64,51.64,51.64,51.64,0.0,51.64,0
2019-10-16,51.78,51.78,51.78,51.78,0.0,51.78,0
2019-10-17,51.81,51.81,51.81,51.81,0.0,51.81,0
2019-10-18,51.6,51.6,51.6,51.6,0.0,51.6,0
2019-10-21,51.96,51.96,51.96,51.96,0.0,51.96,0
2019-10-22,51.97,51.97,51.97,51.97,0.0,51.97,0
2019-10-23,52.27,52.27,52.27,52.27,0.0,52.27,0
2019-10-24,52.39,52.39,52.39,52.39,0.0,52.39,0
2019-10-25,52.75,52.75,52.75,52.75,0.0,52.75,0
2019-10-28,52.31,52.31,52.31,52.31,0.0,52.31,0
2019-10-29,52.45,52.45,52.45,52.45,0.0,52.45,0
2019-10-30,51.81,51.81,51.81,51.81,0.0,51.81,0
2019-10-31,51.97,51.97,51.97,51.97,0.0,51.97,0
2019-11-01,53.28,53.28,53.28,53.28,0.0,53.28,0
2019-11-04,52.78,52.78,52.78,52.78,0.0,52.78,0
2019-11-05,53.14,53.14,53.14,53.14,0.0,53.14,0
2019-11-06,52.29,52.29,52.29,52.29,0.0,52.29,0
2019-11-07,52.4,52.4,52.4,52.4,0.0,52.4,0
2019-11-08,52.68,52.68,52.68,52.68,0.0,52.68,0
2019-11-11,52.63,52.63,52.63,52.63,0.0,52.63,0
2019-11-12,52.67,52.67,52.67,52.67,0.0,52.67,0
2019-11-13,52.75,52.75,52.75,52.75,0.0,52.75,0
2019-11-14,52.18,52.18,52.18,52.18,0.0,52.18,0
2019-11-15,52.62,52.62,52.62,52.62,0.0,52.62,0
2019-11-18,52.2,52.2,52.2,52.2,0.0,52.2,0
2019-11-19,51.86,51.86,51.86,51.86,0.0,51.86,0
2019-11-20,52.49,52.49,52.49,52.49,0.0,52.49,0
2019-11-21,52.89,52.89,52.89,52.89,0.0,52.89,0
2019-11-22,52.48,52.48,52.48,52.48,0.0,52.48,0
2019-11-25,52.59,52.59,52.59,52.59,0.0,52.59,0
2019-11-26,52.61,52.61,52.61,52.61,0.0,52.61,0
2019-11-27,52.14,52.14,52.14,52.14,0.0,52.14,0
2019-11-29,51.24,51.24,51.24,51.24,0.0,51.24,0
2019-12-02,52.08,52.08,52.08,52.08,0.0,52.08,0
2019-12-03,52.11,52.11,52.11,52.11,0.0,52.11,0
2019-12-04,52.61,52.61,52.61,52.61,0.0,52.61,0
2019-12-05,52.08,52.08,52.08,52.08,0.0,52.08,0
2019-12-06,51.73,51.73,51.73,51.73,0.0,51.73,0
2019-12-09,51.67,51.67,51.67,51.67,0.0,51.67,0
2019-12-10,51.82,51.82,51.82,51.82,0.0,51.82,0
2019-12-11,51.75,51.75,51.75,51.75,0.0,51.75,0
2019-12-12,51.92,51.92,51.92,51.92,0.0,51.92,0
2019-12-13,51.63,51.63,51.63,51.63,0.0,51.63,0
2019-12-16,52.08,52.08,52.08,52.08,0.0,52.08,0
2019-12-17,51.81,51.81,51.81,51.81,0.0,51.81,0
2019-12-18,51.96,51.96,51.96,51.96,0.0,51.96,0
2019-12-19,52.14,52.14,52.14,52.14,0.0,52.14,0
2019-12-20,52.15,52.15,52.15,52.15,0.0,52.15,0
2019-12-23,52.38,52.38,52.38,52.38,0.0,52.38,0
2019-12-24,52.45,52.45,52.45,52.45,0.0,52.45,0
2019-12-26,52.31,52.31,52.31,52.31,0.0,52.31,0
2019-12-27,52.8,52.8,52.8,52.8,0.0,52.8,0
2019-12-30,53.12,53.12,53.12,53.12,0.0,53.12,0
2019-12-31,52.79,52.79,52.79,52.79,0.0,52.79,0
2020-01-02,53.13,53.13,53.13,53.13,0.0,53.13,0
2020-01-03,52.91,52.91,52.91,52.91,0.0,52.91,0
2020-01-06,52.84,52.84,52.84,52.84,0.0,52.84,0
2020-01-07,53.17,53.17,53.17,53.17,0.0,53.17,0
2020-01-08,52.77,52.77,52.77,52.77,0.0,52.77,0
2020-01-09,53.17,53.17,53.17,53.17,0.0,53.17,0
2020-01-10,52.81,52.81,52.81,52.81,0.0,52.81,0
2020-01-13,52.85,52.85,52.85,52.85,0.0,52.85,0
2020-01-14,52.85,52.85,52.85,52.85,0.0,52.85,0
2020-01-15,52.29,52.29,52.29,52.29,0.0,52.29,0
2020-01-16,52.51,52.51,52.51,52.51,0.0,52.51,0
2020-01-17,52.54,52.54,52.54,52.54,0.0,52.54,0
2020-01-21,52.88,52.88,52.88,52.88,0.0,52.88,0
2020-01-22,52.48,52.48,52.48,52.48,0.0,52.48,0
2020-01-23,51.56,51.56,51.56,51.56,0.0,51.56,0
2020-01-24,51.05,51.05,51.05,51.05,0.0,51.05,0
2020-01-27,51.55,51.55,51.55,51.55,0.0,51.55,0
2020-01-28,51.6,51.6,51.6,51.6,0.0,51.6,0
2020-01-29,51.49,51.49,51.49,51.49,0.0,51.49,0
2020-01-30,51.8,51.8,51.8,51.8,0.0,51.8,0
2020-01-31,51.9,51.9,51.9,51.9,0.0,51.9,0
2020-02-03,52.08,52.08,52.08,52.08,0.0,52.08,0
2020-02-04,51.88,51.88,51.88,51.88,0.0,51.88,0
2020-02-05,51.88,51.88,51.88,51.88,0.0,51.88,0
2020-02-06,52.48,52.48,52.48,52.48,0.0,52.48,0
2020-02-07,52.62,52.62,52.62,52.62,0.0,52.62,0
2020-02-10,52.74,52.74,52.74,52.74,0.0,52.74,0
2020-02-11,52.33,52.33,52.33,52.33,0.0,52.33,0
2020-02-12,51.89,51.89,51.89,51.89,0.0,51.89,0
2020-02-13,51.4,51.4,51.4,51.4,0.0,51.4,0
2020-02-14,51.46,51.46,51.46,51.46,0.0,51.46,0
2020-02-18,52.12,52.12,52.12,52.12,0.0,52.12,0
2020-02-19,52.23,52.23,52.23,52.23,0.0,52.23,0
2020-02-20,52.4,52.4,52.4,52.4,0.0,52.4,0
2020-02-21,52.35,52.35,52.35,52.35,0.0,52.35,0
2020-02-24,52.24,52.24,52.24,52.24,0.0,52.24,0
2020-02-25,50.95,50.95,50.95,50.95,0.0,50.95,0
2020-02-26,50.62,50.62,50.62,50.62,0.0,50.62,0
2020-02-27,50.68,50.68,50.68,50.68,0.0,50.68,0
2020-02-28,49.39,49.39,49.39,49.39,0.0,49.39,0
2020-03-02,50.14,50.14,50.14,50.14,0.0,50.14,0
2020-03-03,50.32,50.32,50.32,50.32,0.0,50.32,0
2020-03-04,50.43,50.43,50.43,50.43,0.0,50.43,0
2020-03-05,50.53,50.53,50.53,50.53,0.0,50.53,0
2020-03-06,50.17,50.17,50.17,50.17,0.0,50.17,0
2020-03-09,47.34,47.34,47.34,47.34,0.0,47.34,0
2020-03-10,48.26,48.26,48.26,48.26,0.0,48.26,0
2020-03-11,48.58,48.58,48.58,48.58,0.0,48.58,0
2020-03-12,49.38,49.38,49.38,49.38,0.0,49.38,0
2020-03-13,48.48,48.48,48.48,48.48,0.0,48.48,0
2020-03-16,46.12,46.12,46.12,46.12,0.0,46.12,0
2020-03-17,46.12,46.12,46.12,46.12,0.0,46.12,0
2020-03-18,43.44,43.44,43.44,43.44,0.0,43.44,0
2020-03-19,43.19,43.19,43.19,43.19,0.0,43.19,0
2020-03-20,41.79,41.79,41.79,41.79,0.0,41.79,0
2020-03-23,42.8,42.8,42.8,42.8,0.0,42.8,0
2020-03-24,43.63,43.63,43.63,43.63,0.0,43.63,0
2020-03-25,44.77,44.77,44.77,44.77,0.0,44.77,0
2020-03-26,44.52,44.52,44.52,44.52,0.0,44.52,0
2020-03-27,45.29,45.29,45.29,45.29,0.0,45.29,0
2020-03-30,45.3,46.25,45.3,46.25,3.0,45.767,3
2020-03-31,46.63,46.63,46.63,46.63,0.0,46.63,0
2020-04-01,46.12,46.12,46.12,46.12,0.0,46.12,0
2020-04-02,46.12,46.12,46.12,46.12,0.0,46.12,0
2020-04-03,45.81,45.81,45.81,45.81,0.0,45.81,0
2020-04-06,46.77,46.77,46.77,46.77,0.0,46.77,0
2020-04-07,47.69,47.69,47.69,47.69,0.0,47.69,0
2020-04-08,47.23,47.23,47.23,47.23,0.0,47.23,0
2020-04-09,47.31,47.31,47.31,47.31,0.0,47.31,0
2020-04-13,47.82,47.82,47.82,47.82,0.0,47.82,0
2020-04-14,48.83,48.83,48.83,48.83,0.0,48.83,0
2020-04-15,47.32,47.32,47.32,47.32,0.0,47.32,0
2020-04-16,46.91,46.91,46.91,46.91,0.0,46.91,0
2020-04-17,47.04,47.04,47.04,47.04,0.0,47.04,0
2020-04-20,46.87,46.87,46.87,46.87,0.0,46.87,0
2020-04-21,46.0,46.0,44.99,44.99,1.0,46.0,1
2020-04-22,45.0,47.07,45.0,47.07,1.0,45.0,1
2020-04-23,46.31,46.31,46.31,46.31,0.0,46.31,0
2020-04-24,46.04,46.04,46.04,46.04,0.0,46.04,0
2020-04-27,45.83,45.83,45.83,45.83,0.0,45.83,0
2020-04-28,46.11,46.11,46.11,46.11,0.0,46.11,0
2020-04-29,45.91,45.91,45.91,45.91,0.0,45.91,0
2020-04-30,46.84,46.84,46.84,46.84,0.0,46.84,0
2020-05-01,45.8,45.8,45.8,45.8,0.0,45.8,0
2020-05-04,45.54,45.54,45.54,45.54,0.0,45.54,0
2020-05-05,45.62,45.62,45.62,45.62,0.0,45.62,0
2020-05-06,45.47,45.47,45.47,45.47,0.0,45.47,0
2020-05-07,46.14,46.14,46.14,46.14,0.0,46.14,0
2020-05-08,48.06,48.06,48.06,48.06,0.0,48.06,0
2020-05-11,47.05,47.05,47.05,47.05,0.0,47.05,0
2020-05-12,47.18,47.18,47.18,47.18,0.0,47.18,0
2020-05-13,47.7,47.7,47.7,47.7,0.0,47.7,0
2020-05-14,47.72,47.72,47.72,47.72,0.0,47.72,0
2020-05-15,47.42,47.42,47.42,47.42,0.0,47.42,0
2020-05-18,48.36,48.36,48.36,48.36,0.0,48.36,0
2020-05-19,47.81,47.81,47.81,47.81,0.0,47.81,0
2020-05-20,48.75,48.75,48.75,48.75,0.0,48.75,0
2020-05-21,48.49,48.49,48.49,48.49,0.0,48.49,0
2020-05-22,48.09,48.09,48.09,48.09,0.0,48.09,0
2020-05-26,49.32,49.32,49.32,49.32,0.0,49.32,0
2020-05-27,49.2,49.2,49.2,49.2,0.0,49.2,0
2020-05-28,50.22,50.22,50.22,50.22,0.0,50.22,0
2020-05-29,49.98,49.98,49.98,49.98,0.0,49.98,0
2020-06-01,50.19,50.19,50.19,50.19,0.0,50.19,0
2020-06-02,50.4,50.4,50.4,50.4,0.0,50.4,0
2020-06-03,50.48,50.48,50.48,50.48,0.0,50.48,0
2020-06-04,50.96,50.96,50.96,50.96,0.0,50.96,0
2020-06-05,50.72,50.72,50.72,50.72,0.0,50.72,0
2020-06-08,49.29,49.29,49.29,49.29,0.0,49.29,0
2020-06-09,49.84,49.84,49.84,49.84,0.0,49.84,0
2020-06-10,49.98,49.98,49.98,49.98,0.0,49.98,0
2020-06-11,48.1,48.1,48.1,48.1,0.0,48.1,0
2020-06-12,47.64,47.64,47.64,47.64,0.0,47.64,0
2020-06-15,48.66,48.66,48.66,48.66,0.0,48.66,0
2020-06-16,48.53,48.53,48.53,48.53,0.0,48.53,0
2020-06-17,47.55,47.55,47.55,47.55,0.0,47.55,0
2020-06-18,47.39,47.39,47.39,47.39,0.0,47.39,0
2020-06-19,47.2,47.2,47.2,47.2,0.0,47.2,0
2020-06-22,47.72,47.72,47.72,47.72,0.0,47.72,0
2020-06-23,47.19,47.19,47.19,47.19,0.0,47.19,0
2020-06-24,46.53,46.53,46.53,46.53,0.0,46.53,0
2020-06-25,46.66,46.66,46.66,46.66,0.0,46.66,0
2020-06-26,46.73,46.73,46.73,46.73,0.0,46.73,0
2020-06-29,47.5,47.5,47.5,47.5,0.0,47.5,0
2020-06-30,46.72,46.72,46.72,46.72,0.0,46.72,0
2020-07-01,46.94,46.94,46.94,46.94,0.0,46.94,0
2020-07-02,47.36,47.36,47.36,47.36,0.0,47.36,0
2020-07-06,47.51,47.51,47.51,47.51,0.0,47.51,0
2020-07-07,47.48,47.48,47.48,47.48,0.0,47.48,0
2020-07-08,48.09,48.09,48.09,48.09,0.0,48.09,0
2020-07-09,48.1,48.1,48.1,48.1,0.0,48.1,0
2020-07-10,48.25,48.25,48.25,48.25,0.0,48.25,0
2020-07-13,47.88,47.88,47.88,47.88,0.0,47.88,0
2020-07-14,48.13,48.13,48.13,48.13,0.0,48.13,0
2020-07-15,48.38,48.38,48.38,48.38,0.0,48.38,0
2020-07-16,48.19,48.19,48.19,48.19,0.0,48.19,0
2020-07-17,48.16,48.16,48.16,48.16,0.0,48.16,0
2020-07-20,48.21,48.21,48.21,48.21,0.0,48.21,0
2020-07-21,48.42,48.42,48.42,48.42,0.0,48.42,0
2020-07-22,48.32,48.32,48.32,48.32,0.0,48.32,0
2020-07-23,48.24,48.24,48.24,48.24,0.0,48.24,0
2020-07-24,48.93,48.93,48.93,48.93,0.0,48.93,0
2020-07-27,49.12,49.12,49.12,49.12,0.0,49.12,0
2020-07-28,49.01,49.01,49.01,49.01,0.0,49.01,0
2020-07-29,49.18,49.18,49.18,49.18,0.0,49.18,0
2020-07-30,48.31,48.31,48.31,48.31,0.0,48.31,0
2020-07-31,48.74,48.74,48.74,48.74,0.0,48.74,0
2020-08-03,49.56,49.56,49.56,49.56,0.0,49.56,0
2020-08-04,49.53,49.53,49.53,49.53,0.0,49.53,0
2020-08-05,49.37,49.37,49.37,49.37,0.0,49.37,0
2020-08-06,49.34,49.34,49.34,49.34,0.0,49.34,0
2020-08-07,49.06,49.06,49.06,49.06,0.0,49.06,0
2020-08-10,49.14,49.14,49.14,49.14,0.0,49.14,0
2020-08-11,48.89,48.89,48.89,48.89,0.0,48.89,0
2020-08-12,49.34,49.34,49.34,49.34,0.0,49.34,0
2020-08-13,49.28,49.28,49.28,49.28,0.0,49.28,0
2020-08-14,49.0,49.0,49.0,49.0,0.0,49.0,0
2020-08-17,49.61,49.61,49.61,49.61,0.0,49.61,0
2020-08-18,49.3,49.3,49.3,49.3,0.0,49.3,0
2020-08-19,49.53,49.53,49.53,49.53,0.0,49.53,0
2020-08-20,49.46,49.46,49.46,49.46,0.0,49.46,0
2020-08-21,49.31,49.31,49.31,49.31,0.0,49.31,0
2020-08-24,49.84,49.84,49.84,49.84,0.0,49.84,0
2020-08-25,50.25,50.25,50.25,50.25,0.0,50.25,0
2020-08-26,50.32,50.32,50.32,50.32,0.0,50.32,0
2020-08-27,49.84,49.84,49.84,49.84,0.0,49.84,0
2020-08-28,50.61,50.61,50.61,50.61,0.0,50.61,0
2020-08-31,50.26,50.26,50.26,50.26,0.0,50.26,0
2020-09-01,50.52,50.52,50.52,50.52,0.0,50.52,0
2020-09-02,49.94,49.94,49.94,49.94,0.0,49.94,0
2020-09-03,50.36,50.36,50.36,50.36,0.0,50.36,0
2020-09-04,50.23,50.23,50.23,50.23,0.0,50.23,0
2020-09-08,48.87,48.87,48.87,48.87,0.0,48.87,0
2020-09-09,49.4,49.4,49.4,49.4,0.0,49.4,0
2020-09-10,49.31,49.31,49.31,49.31,0.0,49.31,0
2020-09-11,49.11,49.11,49.11,49.11,0.0,49.11,0
2020-09-14,49.41,49.41,49.41,49.41,0.0,49.41,0
2020-09-15,50.21,50.21,50.21,50.21,0.0,50.21,0
2020-09-16,49.97,49.97,49.97,49.97,0.0,49.97,0
2020-09-17,49.97,49.97,49.97,49.97,0.0,49.97,0
2020-09-18,49.5,49.5,49.5,49.5,0.0,49.5,0
2020-09-21,48.53,48.53,48.53,48.53,0.0,48.53,0
2020-09-22,48.59,48.59,48.59,48.59,0.0,48.59,0
2020-09-23,48.56,48.56,48.56,48.56,0.0,48.56,0
2020-09-24,48.77,48.77,48.77,48.77,0.0,48.77,0
2020-09-25,48.51,48.51,48.51,48.51,0.0,48.51,0
2020-09-28,48.4,48.4,48.4,48.4,0.0,48.4,0
2020-09-29,47.29,47.29,47.29,47.29,0.0,47.29,0
2020-09-30,47.67,47.67,47.67,47.67,0.0,47.67,0
2020-10-01,46.31,47.16,46.31,47.16,1.0,46.31,1
2020-10-02,46.21,46.21,46.21,46.21,0.0,46.21,0
2020-10-05,47.35,47.35,47.35,47.35,0.0,47.35,0
2020-10-06,47.77,47.77,47.77,47.77,0.0,47.77,0
2020-10-07,46.96,46.96,46.96,46.96,0.0,46.96,0
2020-10-08,47.17,47.17,47.17,47.17,0.0,47.17,0
2020-10-09,46.39,46.39,46.39,46.39,0.0,46.39,0
2020-10-12,46.06,46.06,46.06,46.06,0.0,46.06,0
2020-10-13,46.14,46.14,46.14,46.14,0.0,46.14,0
2020-10-14,46.47,46.47,46.47,46.47,0.0,46.47,0
2020-10-15,46.89,46.89,46.89,46.89,0.0,46.89,0
2020-10-16,46.81,46.81,46.81,46.81,0.0,46.81,0
2020-10-19,46.67,46.67,46.67,46.67,0.0,46.67,0
2020-10-20,47.07,47.07,47.07,47.07,0.0,47.07,0
2020-10-21,46.15,46.15,46.15,46.15,0.0,46.15,0
2020-10-22,46.47,46.47,46.47,46.47,0.0,46.47,0
2020-10-23,45.92,45.92,45.92,45.92,0.0,45.92,0
2020-10-26,45.29,45.29,45.29,45.29,0.0,45.29,0
2020-10-27,45.73,45.73,45.73,45.73,0.0,45.73,0
2020-10-28,44.89,44.89,44.89,44.89,0.0,44.89,0
2020-10-29,44.23,44.23,44.23,44.23,0.0,44.23,0
2020-10-30,44.74,44.74,44.74,44.74,0.0,44.74,0
2020-11-02,45.66,45.66,45.66,45.66,0.0,45.66,0
2020-11-03,45.45,45.45,45.45,45.45,0.0,45.45,0
2020-11-04,46.02,46.02,46.02,46.02,0.0,46.02,0
2020-11-05,45.72,45.72,45.72,45.72,0.0,45.72,0
2020-11-06,45.04,45.04,45.04,45.04,0.0,45.04,0
2020-11-09,47.0,47.0,46.28,46.28,1.0,47.0,1
2020-11-10,46.03,46.03,46.03,46.03,0.0,46.03,0
2020-11-11,46.5,46.5,46.5,46.5,0.0,46.5,0
2020-11-12,45.96,45.96,45.96,45.96,0.0,45.96,0
2020-11-13,45.43,45.43,45.43,45.43,0.0,45.43,0
2020-11-16,45.58,45.58,45.58,45.58,0.0,45.58,0
2020-11-17,45.49,45.49,45.49,45.49,0.0,45.49,0
2020-11-18,45.69,45.69,45.69,45.69,0.0,45.69,0
2020-11-19,45.32,45.32,45.32,45.32,0.0,45.32,0
2020-11-20,45.25,45.25,45.25,45.25,0.0,45.25,0
2020-11-23,45.34,45.34,45.34,45.34,0.0,45.34,0
2020-11-24,45.2,45.2,45.2,45.2,0.0,45.2,0
2020-11-25,46.08,46.08,46.08,46.08,0.0,46.08,0
2020-11-27,45.94,45.94,45.94,45.94,0.0,45.94,0
2020-11-30,45.69,45.69,45.69,45.69,0.0,45.69,0
2020-12-01,44.43,44.43,44.43,44.43,0.0,44.43,0
2020-12-02,43.84,43.84,43.84,43.84,0.0,43.84,0
2020-12-03,42.83,42.83,42.83,42.83,0.0,42.83,0
2020-12-04,43.46,43.46,43.46,43.46,0.0,43.46,0
2020-12-07,43.6,43.6,43.6,43.6,0.0,43.6,0
2020-12-08,43.81,43.81,43.81,43.81,0.0,43.81,0
2020-12-09,43.87,43.87,43.87,43.87,0.0,43.87,0
2020-12-10,43.96,43.96,43.96,43.96,0.0,43.96,0
2020-12-11,43.74,43.74,43.74,43.74,0.0,43.74,0
2020-12-14,44.12,44.12,44.12,44.12,0.0,44.12,0
2020-12-15,44.56,44.56,44.56,44.56,0.0,44.56,0
2020-12-16,44.61,44.61,44.61,44.61,0.0,44.61,0
2020-12-17,45.19,45.19,45.19,45.19,0.0,45.19,0
2020-12-18,45.2,45.2,45.2,45.2,0.0,45.2,0
2020-12-21,44.0,44.73,44.0,44.73,1.0,44.0,1
2020-12-22,44.25,44.35,44.24,44.24,2.0,44.3,2
2020-12-23,45.01,45.01,45.01,45.01,0.0,45.01,0
2020-12-24,45.23,45.23,45.23,45.23,0.0,45.23,0
2020-12-28,44.74,44.74,44.74,44.74,0.0,44.74,0
2020-12-29,44.91,44.91,44.91,44.91,0.0,44.91,0
2020-12-30,44.96,44.96,44.96,44.96,0.0,44.96,0
2020-12-31,44.89,44.89,44.89,44.89,0.0,44.89,0
2021-01-04,44.64,44.64,44.64,44.64,0.0,44.64,0
2021-01-05,44.55,44.55,44.55,44.55,0.0,44.55,0
2021-01-06,44.18,44.18,44.18,44.18,0.0,44.18,0
2021-01-07,44.53,44.53,44.53,44.53,0.0,44.53,0
2021-01-08,44.96,44.96,44.96,44.96,0.0,44.96,0
2021-01-11,45.31,45.31,45.31,45.31,0.0,45.31,0
2021-01-12,45.5,45.5,45.5,45.5,0.0,45.5,0
2021-01-13,46.13,46.13,46.13,46.13,0.0,46.13,0
2021-01-14,46.25,46.25,46.25,46.25,0.0,46.25,0
2021-01-15,46.54,46.54,46.24,46.24,2.0,46.54,2
2021-01-19,46.15,46.15,46.15,46.15,0.0,46.15,0
2021-01-20,46.05,46.05,46.05,46.05,0.0,46.05,0
2021-01-21,45.96,45.96,45.96,45.96,0.0,45.96,0
2021-01-22,45.58,45.58,45.58,45.58,0.0,45.58,0
2021-01-25,45.89,45.89,45.89,45.89,0.0,45.89,0
2021-01-26,45.89,45.89,45.89,45.89,0.0,45.89,0
2021-01-27,46.32,46.32,46.32,46.32,0.0,46.32,0
2021-01-28,46.09,46.09,46.09,46.09,0.0,46.09,0
2021-01-29,46.01,46.01,46.01,46.01,0.0,46.01,0
2021-02-01,46.43,46.43,46.43,46.43,0.0,46.43,0
2021-02-02,46.7,46.7,46.7,46.7,0.0,46.7,0
2021-02-03,47.0,47.0,46.53,46.53,1.0,47.0,1
2021-02-04,46.75,46.75,46.65,46.65,1.0,46.75,1
2021-02-05,46.8,46.8,46.8,46.8,0.0,46.8,0
2021-02-08,47.38,47.38,47.38,47.38,0.0,47.38,0
2021-02-09,47.6,47.6,47.6,47.6,0.0,47.6,0
2021-02-10,47.8,47.8,47.8,47.8,0.0,47.8,0
2021-02-11,47.72,47.72,47.72,47.72,0.0,47.72,0
2021-02-12,47.98,47.98,47.98,47.98,0.0,47.98,0
2021-02-16,48.29,48.29,48.29,48.29,0.0,48.29,0
2021-02-17,48.53,48.53,48.53,48.53,0.0,48.53,0
2021-02-18,48.69,48.69,48.69,48.69,0.0,48.69,0
2021-02-19,48.96,48.96,48.96,48.96,0.0,48.96,0
2021-02-22,49.78,49.78,49.78,49.78,0.0,49.78,0
2021-02-23,49.75,49.75,49.75,49.75,0.0,49.75,0
2021-02-24,50.6,50.6,50.6,50.6,0.0,50.6,0
2021-02-25,50.43,50.43,50.43,50.43,0.0,50.43,0
2021-02-26,49.43,49.43,49.43,49.43,0.0,49.43,0
2021-03-01,49.08,49.08,49.08,49.08,0.0,49.08,0
2021-03-02,49.4,49.4,49.4,49.4,0.0,49.4,0
2021-03-03,50.01,50.01,50.01,50.01,0.0,50.01,0
2021-03-04,50.38,50.38,50.38,50.38,0.0,50.38,0
2021-03-05,51.48,51.48,51.48,51.48,0.0,51.48,0
2021-03-08,50.84,50.84,50.84,50.84,0.0,50.84,0
2021-03-09,50.56,50.56,50.56,50.56,0.0,50.56,0
2021-03-10,50.32,50.32,50.32,50.32,0.0,50.32,0
2021-03-11,50.48,50.48,50.48,50.48,0.0,50.48,0
2021-03-12,50.41,50.41,50.41,50.41,0.0,50.41,0
2021-03-15,50.34,50.34,50.34,50.34,0.0,50.34,0
2021-03-16,50.17,50.17,50.17,50.17,0.0,50.17,0
2021-03-17,50.5,50.5,50.5,50.5,0.0,50.5,0
2021-03-18,49.58,49.58,49.58,49.58,0.0,49.58,0
2021-03-19,49.57,49.57,49.57,49.57,0.0,49.57,0
2021-03-22,49.65,49.65,49.65,49.65,0.0,49.65,0
2021-03-23,48.87,48.87,48.87,48.87,0.0,48.87,0
2021-03-24,49.19,49.19,49.19,49.19,0.0,49.19,0
2021-03-25,47.86,47.86,47.86,47.86,0.0,47.86,0
2021-03-26,48.96,48.96,48.96,48.96,0.0,48.96,0
2021-03-29,48.8,48.8,48.8,48.8,0.0,48.8,0
2021-03-30,48.58,48.58,48.58,48.58,0.0,48.58,0
2021-03-31,48.09,48.09,48.09,48.09,0.0,48.09,0
2021-04-01,50.52,50.52,50.52,50.52,0.0,50.52,0
2021-04-05,50.2,50.2,50.2,50.2,0.0,50.2,0
2021-04-06,50.95,50.95,50.95,50.95,0.0,50.95,0
2021-04-07,51.11,51.11,51.11,51.11,0.0,51.11,0
2021-04-08,50.26,50.26,50.26,50.26,0.0,50.26,0
2021-04-09,50.59,50.59,50.59,50.59,0.0,50.59,0
2021-04-12,51.27,51.27,51.27,51.27,0.0,51.27,0
2021-04-13,51.57,51.57,51.57,51.57,0.0,51.57,0
2021-04-14,52.23,52.23,52.23,52.23,0.0,52.23,0
2021-04-15,51.87,51.87,51.87,51.87,0.0,51.87,0
2021-04-16,51.44,51.44,51.44,51.44,0.0,51.44,0
2021-04-19,51.49,51.49,51.49,51.49,0.0,51.49,0
2021-04-20,51.0,51.0,50.99,50.99,1.0,51.0,1
2021-04-21,50.68,50.68,50.68,50.68,0.0,50.68,0
2021-04-22,51.25,51.25,51.25,51.25,0.0,51.25,0
2021-04-23,51.71,51.71,51.71,51.71,0.0,51.71,0
2021-04-26,51.81,51.81,51.81,51.81,0.0,51.81,0
2021-04-27,52.38,52.38,52.38,52.38,0.0,52.38,0
2021-04-28,52.5,52.5,52.46,52.46,1.0,52.5,1
2021-04-29,52.85,52.85,52.85,52.85,0.0,52.85,0
2021-04-30,52.14,52.14,52.14,52.14,0.0,52.14,0
2021-05-03,52.46,52.46,52.46,52.46,0.0,52.46,0
2021-05-04,53.12,53.12,53.12,53.12,0.0,53.12,0
2021-05-05,53.33,53.33,53.33,53.33,0.0,53.33,0
2021-05-06,53.45,53.45,53.45,53.45,0.0,53.45,0
2021-05-07,53.66,53.66,53.66,53.66,0.0,53.66,0
2021-05-10,53.74,53.74,53.74,53.74,0.0,53.74,0
2021-05-11,54.02,54.02,54.02,54.02,0.0,54.02,0
2021-05-12,54.35,54.39,54.35,54.39,1.0,54.35,1
2021-05-13,52.45,52.45,52.45,52.45,0.0,52.45,0
2021-05-14,52.67,52.67,52.67,52.67,0.0,52.67,0
2021-05-17,52.84,52.84,52.84,52.84,0.0,52.84,0
2021-05-18,53.0,53.0,52.84,52.84,4.0,53.0,4
2021-05-19,51.79,51.79,51.79,51.79,0.0,51.79,0
2021-05-20,51.44,51.44,51.44,51.44,0.0,51.44,0
2021-05-21,51.87,51.87,51.87,51.87,0.0,51.87,0
2021-05-24,52.88,52.88,52.88,52.88,0.0,52.88,0
2021-05-25,52.8,52.8,52.8,52.8,0.0,52.8,0
2021-05-26,52.9,52.9,52.9,52.9,0.0,52.9,0
2021-05-27,52.86,52.86,52.86,52.86,0.0,52.86,0
2021-05-28,52.41,52.41,52.41,52.41,0.0,52.41,0
2021-06-01,52.85,52.85,52.82,52.82,1.0,52.85,1
2021-06-02,53.09,53.09,53.09,53.09,0.0,53.09,0
2021-06-03,53.09,53.09,53.03,53.03,1.0,53.09,1
2021-06-04,53.31,53.31,53.31,53.31,0.0,53.31,0
2021-06-07,53.57,53.57,53.57,53.57,0.0,53.57,0
2021-06-08,54.06,54.06,54.06,54.06,0.0,54.06,0
2021-06-09,54.17,54.17,54.17,54.17,0.0,54.17,0
2021-06-10,53.77,54.07,53.75,54.07,2.0,53.76,2
2021-06-11,54.15,54.15,54.15,54.15,0.0,54.15,0
2021-06-14,54.13,54.13,54.13,54.13,0.0,54.13,0
2021-06-15,54.49,54.49,54.49,54.49,0.0,54.49,0
2021-06-16,54.8,54.8,54.8,54.8,0.0,54.8,0
2021-06-17,53.73,53.73,53.73,53.73,0.0,53.73,0
2021-06-18,54.27,54.27,54.27,54.27,0.0,54.27,0
2021-06-21,54.89,54.89,54.89,54.89,0.0,54.89,0
2021-06-22,55.03,55.03,55.03,55.03,0.0,55.03,0
2021-06-23,54.91,54.91,54.91,54.91,0.0,54.91,0
2021-06-24,54.88,54.88,54.88,54.88,0.0,54.88,0
2021-06-25,54.36,54.36,54.36,54.36,0.0,54.36,0
2021-06-28,53.88,53.88,53.88,53.88,0.0,53.88,0
2021-06-29,53.84,53.84,53.84,53.84,0.0,53.84,0
2021-06-30,53.9,53.9,53.9,53.9,0.0,53.9,0
2021-07-01,54.06,54.06,54.06,54.06,0.0,54.06,0
2021-07-02,54.16,54.16,54.16,54.16,0.0,54.16,0
2021-07-06,52.75,52.86,52.75,52.86,3.0,52.75,3
2021-07-07,52.41,52.41,52.15,52.27,2.0,52.28,2
2021-07-08,52.15,52.15,51.99,51.99,4.0,52.053,4
2021-07-09,51.75,52.64,51.75,52.64,1.0,51.75,1
2021-07-12,52.8,52.8,52.8,52.8,0.0,52.8,0
2021-07-13,53.15,53.88,53.15,53.88,2.0,53.45,2
2021-07-14,53.24,53.24,53.24,53.24,0.0,53.24,0
2021-07-15,53.13,53.13,53.13,53.13,0.0,53.13,0
2021-07-16,54.04,54.04,54.04,54.04,0.0,54.04,0
2021-07-19,52.6,52.6,51.35,51.61,8.0,52.306,8
2021-07-20,51.71,51.71,51.71,51.71,0.0,51.71,0
2021-07-21,51.75,53.06,51.75,53.06,5.0,52.0,2
2021-07-22,53.04,53.04,53.04,53.04,0.0,53.04,0
2021-07-23,52.99,52.99,52.99,52.99,0.0,52.99,0
2021-07-26,52.35,52.35,52.35,52.35,0.0,52.35,0
2021-07-27,52.44,52.44,52.44,52.44,0.0,52.44,0
2021-07-28,53.03,53.03,53.03,53.03,0.0,53.03,0
2021-07-29,53.65,53.65,53.65,53.65,0.0,53.65,0
2021-07-30,53.29,53.29,53.29,53.29,0.0,53.29,0
2021-08-02,52.43,52.43,52.43,52.43,0.0,52.43,0
2021-08-03,52.47,52.47,52.47,52.47,0.0,52.47,0
2021-08-04,51.99,51.99,51.99,51.99,0.0,51.99,0
2021-08-05,52.71,52.71,52.71,52.71,0.0,52.71,0
2021-08-06,53.13,53.13,53.13,53.13,0.0,53.13,0
2021-08-09,52.13,52.94,52.13,52.94,11.0,52.13,11
2021-08-10,53.44,53.44,53.44,53.44,0.0,53.44,0
2021-08-11,53.83,53.83,53.83,53.83,0.0,53.83,0
2021-08-12,53.5,53.86,53.5,53.86,5.0,53.5,5
2021-08-13,53.68,53.68,53.68,53.68,0.0,53.68,0
2021-08-16,53.55,53.55,53.55,53.55,0.0,53.55,0
2021-08-17,52.93,52.93,52.93,52.93,0.0,52.93,0
2021-08-18,52.89,52.89,52.89,52.89,0.0,52.89,0
2021-08-19,52.41,52.41,52.41,52.41,0.0,52.41,0
2021-08-20,51.7,51.7,51.7,51.7,0.0,51.7,0
2021-08-23,53.24,53.24,53.24,53.24,0.0,53.24,0
2021-08-24,53.46,53.46,53.46,53.46,0.0,53.46,0
2021-08-25,53.31,53.31,53.31,53.31,0.0,53.31,0
2021-08-26,52.85,52.85,52.85,52.85,0.0,52.85,0
2021-08-27,53.39,53.39,53.39,53.39,0.0,53.39,0
2021-08-30,52.84,52.84,52.84,52.84,0.0,52.84,0
2021-08-31,52.62,52.62,52.62,52.62,0.0,52.62,0
2021-09-01,51.87,52.81,51.87,52.81,4.0,51.87,4
2021-09-02,52.58,52.58,52.58,52.58,0.0,52.58,0
2021-09-03,52.6,52.6,52.6,52.6,0.0,52.6,0
2021-09-07,52.93,52.93,52.93,52.93,0.0,52.93,0
2021-09-08,52.62,52.62,52.62,52.62,0.0,52.62,0
2021-09-09,52.0,52.36,52.0,52.36,2.0,52.125,2
2021-09-10,53.0,53.11,53.0,53.11,1.0,53.0,1
2021-09-13,53.09,53.09,53.09,53.09,0.0,53.09,0
2021-09-14,53.1,53.1,53.1,53.1,0.0,53.1,0
2021-09-15,53.08,53.08,53.08,53.08,0.0,53.08,0
2021-09-16,53.03,53.03,53.03,53.03,0.0,53.03,0
2021-09-17,52.32,52.32,52.32,52.32,0.0,52.32,0
2021-09-20,51.71,51.71,51.71,51.71,0.0,51.71,0
2021-09-21,52.48,52.48,52.48,52.48,0.0,52.48,0
2021-09-22,52.79,52.79,52.79,52.79,0.0,52.79,0
2021-09-23,53.22,53.22,53.22,53.22,0.0,53.22,0
2021-09-24,53.19,53.19,53.19,53.19,0.0,53.19,0
2021-09-27,53.85,54.26,53.85,54.26,2.0,53.9,2
2021-09-28,54.3,54.36,54.3,54.36,2.0,54.3,2
2021-09-29,54.74,54.74,54.74,54.74,0.0,54.74,0
2021-09-30,54.6,54.6,54.19,54.19,4.0,54.6,2
2021-10-01,55.06,55.06,55.06,55.06,0.0,55.06,0
2021-10-04,55.39,55.39,55.39,55.39,0.0,55.39,0
2021-10-05,55.61,55.61,55.61,55.61,0.0,55.61,0
2021-10-06,54.04,54.29,54.04,54.29,1.0,54.04,1
2021-10-07,54.67,54.67,54.67,54.67,0.0,54.67,0
2021-10-08,55.2,55.2,55.2,55.2,0.0,55.2,0
2021-10-11,56.15,56.15,56.15,56.15,0.0,56.15,0
2021-10-12,56.8,56.8,56.8,56.8,0.0,56.8,0
2021-10-13,57.16,57.16,57.16,57.16,0.0,57.16,0
2021-10-14,57.4,57.4,57.35,57.35,3.0,57.4,3
2021-10-15,57.25,57.25,56.91,56.91,5.0,57.25,4
2021-10-18,56.89,56.89,56.89,56.89,0.0,56.89,0
2021-10-19,56.58,56.58,56.58,56.58,0.0,56.58,0
2021-10-20,57.56,57.56,57.56,57.56,0.0,57.56,0
2021-10-21,57.53,57.53,57.53,57.53,0.0,57.53,0
2021-10-22,58.03,58.03,58.03,58.03,0.0,58.03,0
2021-10-25,59.04,59.04,59.04,59.04,0.0,59.04,0
2021-10-26,59.27,59.27,59.27,59.27,0.0,59.27,0
2021-10-27,58.73,58.73,58.73,58.73,0.0,58.73,0
2021-10-28,58.0,58.41,58.0,58.41,1.0,58.0,1
2021-10-29,57.09,57.09,57.09,57.09,0.0,57.09,0
2021-11-01,57.45,57.45,57.45,57.45,0.0,57.45,0
2021-11-02,57.47,57.47,57.47,57.47,0.0,57.47,0
2021-11-03,57.69,57.69,57.69,57.69,0.0,57.69,0
2021-11-04,59.33,59.33,59.33,59.33,0.0,59.33,0
2021-11-05,60.7,60.7,60.45,60.45,1.0,60.7,1
2021-11-08,60.89,60.89,60.89,60.89,0.0,60.89,0
2021-11-09,60.9,60.93,60.9,60.93,1.0,60.9,1
2021-11-10,60.13,60.13,60.13,60.13,0.0,60.13,0
2021-11-11,60.45,60.45,60.45,60.45,0.0,60.45,0
2021-11-12,59.88,59.88,59.88,59.88,0.0,59.88,0
2021-11-15,60.28,60.28,60.28,60.28,0.0,60.28,0
2021-11-16,60.46,60.46,60.46,60.46,0.0,60.46,0
2021-11-17,60.45,60.45,60.45,60.45,0.0,60.45,0
2021-11-18,60.39,60.39,60.39,60.39,0.0,60.39,0
2021-11-19,60.0,60.0,59.21,59.21,110.0,59.786,28
2021-11-22,59.41,59.41,59.41,59.41,0.0,59.41,0
2021-11-23,59.5,60.02,59.5,59.99,8.0,59.593,4
2021-11-24,60.15,60.15,60.15,60.15,0.0,60.15,0
2021-11-26,59.0,59.0,58.38,58.38,5.0,58.79,4
2021-11-29,59.9,59.9,59.26,59.26,1.0,59.9,1
2021-11-30,58.85,58.85,56.58,56.58,7.0,58.576,5
2021-12-01,57.25,58.5,56.99,56.99,3.0,58.083,2
2021-12-02,57.22,57.22,57.22,57.22,0.0,57.22,0
2021-12-03,57.55,58.59,57.54,58.59,2.0,57.545,2
2021-12-06,59.57,59.57,59.57,59.57,0.0,59.57,0
2021-12-07,61.21,61.21,61.21,61.21,0.0,61.21,0
2021-12-08,61.48,61.48,61.48,61.48,0.0,61.48,0
2021-12-09,60.69,60.69,60.69,60.69,0.0,60.69,0
2021-12-10,60.46,60.46,60.46,60.46,0.0,60.46,0
2021-12-13,60.55,60.55,60.55,60.55,0.0,60.55,0
2021-12-14,60.52,60.52,60.52,60.52,0.0,60.52,0
2021-12-15,59.8,59.8,59.8,59.8,0.0,59.8,0
2021-12-16,59.15,59.15,59.15,59.15,0.0,59.15,0
2021-12-17,57.9,57.9,57.9,57.9,0.0,57.9,0
2021-12-20,57.27,57.27,57.27,57.27,0.0,57.27,0
2021-12-21,58.0,58.34,57.55,58.34,3.0,57.7,3
2021-12-22,57.75,57.82,57.75,57.82,1.0,57.75,1
2021-12-23,58.29,58.29,58.29,58.29,0.0,58.29,0
2021-12-27,59.24,59.24,59.24,59.24,0.0,59.24,0
2021-12-28,58.94,58.94,58.94,58.94,0.0,58.94,0
2021-12-29,59.45,59.45,59.45,59.45,0.0,59.45,0
2021-12-30,59.36,59.36,59.36,59.36,0.0,59.36,0
2021-12-31,58.04,58.04,58.04,58.04,0.0,58.04,0
2022-01-03,59.07,59.07,59.07,59.07,0.0,59.07,0
2022-01-04,59.71,59.71,59.71,59.71,0.0,59.71,0
2022-01-05,59.36,59.36,59.36,59.36,0.0,59.36,0
2022-01-06,59.6,59.6,59.6,59.6,0.0,59.6,0
2022-01-07,59.41,59.41,59.41,59.41,1.0,59.41,1
2022-01-10,59.1,59.1,59.1,59.1,0.0,59.1,0
2022-01-11,60.0,60.03,60.0,60.03,290.0,60.0,61
2022-01-12,60.0,60.0,59.86,59.86,105.0,60.0,23
2022-01-13,60.0,60.27,59.79,60.13,127.0,60.011,34
2022-01-14,60.59,60.7,60.46,60.46,27.0,60.591,27
2022-01-18,60.95,61.25,60.95,61.15,4.0,61.175,2
2022-01-19,61.6,61.6,61.12,61.34,5.0,61.404,5
2022-01-20,61.46,62.34,61.46,62.34,17.0,61.661,16
2022-01-21,62.0,62.93,62.0,62.93,51.0,62.197,35
2022-01-24,62.37,62.79,62.37,62.79,1.0,62.37,1
2022-01-25,63.76,63.76,63.76,63.76,0.0,63.76,0
2022-01-26,63.7,64.24,63.7,64.07,12.0,64.008,5
2022-01-27,63.5,63.71,63.5,63.71,1.0,63.5,1
2022-01-28,64.5,64.5,63.43,63.43,17.0,63.915,5
2022-01-31,64.0,64.0,63.95,63.95,2.0,64.0,1
2022-02-01,64.12,64.12,64.12,64.12,0.0,64.12,0
2022-02-02,64.5,64.5,64.3,64.3,3.0,64.5,1
2022-02-03,65.0,65.06,65.0,65.06,1.0,65.0,1
2022-02-04,65.5,65.5,65.39,65.39,8.0,65.5,1
2022-02-07,65.5,65.8,65.5,65.8,2.0,65.5,1
2022-02-08,65.75,65.75,65.47,65.47,2.0,65.75,2
2022-02-09,66.3,66.91,66.3,66.91,8.0,66.3,1
2022-02-10,67.53,67.53,67.53,67.53,0.0,67.53,0
2022-02-11,68.2,68.2,68.04,68.04,16.0,68.2,2
2022-02-14,67.8,68.19,67.8,68.19,3.0,67.933,3
2022-02-15,67.5,67.5,66.72,66.72,1.0,67.5,1
2022-02-16,67.19,67.19,67.19,67.19,0.0,67.19,0
2022-02-17,66.7,67.29,66.7,67.29,1.0,66.7,1
2022-02-18,67.58,67.58,67.58,67.58,0.0,67.58,0
2022-02-21,68.0,68.0,68.0,68.0,3.0,68.0,1
2022-02-22,69.0,69.0,68.71,68.71,200.0,69.0,69
2022-02-23,69.65,69.65,69.65,69.65,0.0,69.65,0
2022-02-24,69.5,71.5,68.0,68.13,10.0,69.55,6
2022-02-25,66.95,66.95,66.24,66.63,3.0,66.523,3
2022-02-28,67.5,67.6,65.59,65.59,4.0,66.71,3
2022-03-01,67.5,67.5,66.11,67.1,10.0,66.811,7
2022-03-02,69.66,69.66,69.66,69.66,0.0,69.66,0
2022-03-03,69.1,69.77,69.1,69.77,1.0,69.1,1
2022-03-04,70.07,70.07,70.07,70.07,0.0,70.07,0
2022-03-07,69.0,69.0,69.0,69.0,0.0,69.0,0
2022-03-08,68.32,68.38,65.5,66.08,58.0,66.431,49
2022-03-09,65.24,65.77,63.3,65.77,14.0,63.689,11
2022-03-10,66.06,66.06,66.06,66.06,0.0,66.06,0
2022-03-11,66.6,67.67,66.6,67.67,4.0,66.6,3
2022-03-14,66.4,66.4,66.4,66.4,0.0,66.4,0
2022-03-15,68.0,68.0,68.0,68.0,0.0,68.0,0
2022-03-16,67.95,67.95,66.63,66.63,1.0,67.95,1
2022-03-17,68.29,68.47,68.29,68.47,1.0,68.29,1
2022-03-18,68.36,68.36,68.36,68.36,0.0,68.36,0
2022-03-21,69.35,69.58,69.35,69.58,1.0,69.35,1
2022-03-22,69.46,69.46,69.46,69.46,0.0,69.46,0
2022-03-23,69.71,69.71,69.71,69.71,0.0,69.71,0
2022-03-24,68.21,68.21,68.21,68.21,0.0,68.21,0
2022-03-25,67.5,69.26,67.5,69.26,1.0,67.5,1
2022-03-28,69.0,69.0,68.41,68.91,2.0,68.705,2
2022-03-29,67.0,68.73,67.0,68.73,1.0,67.0,1
2022-03-30,69.0,69.0,68.8,68.99,6.0,68.833,2
2022-03-31,69.5,70.0,68.93,68.93,31.0,69.984,10
2022-04-01,71.57,71.88,71.46,71.88,52.0,71.72,48
2022-04-04,71.95,71.99,71.6,71.87,254.0,71.797,228
2022-04-05,70.82,70.82,70.82,70.82,0.0,70.82,0
2022-04-06,69.7,69.7,69.7,69.7,0.0,69.7,0
2022-04-07,70.91,70.91,70.91,70.91,0.0,70.91,0
2022-04-08,71.02,71.02,70.92,70.92,14.0,71.001,5
2022-04-11,70.32,70.32,70.32,70.32,0.0,70.32,0
2022-04-12,70.47,70.47,70.47,70.47,0.0,70.47,0
2022-04-13,70.4,70.52,70.25,70.52,132.0,70.397,91
2022-04-14,69.46,69.46,69.46,69.46,0.0,69.46,0
2022-04-18,68.89,68.89,68.89,68.89,0.0,68.89,0
2022-04-19,68.54,68.54,68.0,68.13,13.0,68.165,12
2022-04-20,67.91,67.91,67.91,67.91,0.0,67.91,0
2022-04-21,69.16,69.16,69.16,69.16,0.0,69.16,0
2022-04-22,67.44,67.44,67.44,67.44,0.0,67.44,0
2022-04-25,66.98,66.98,66.98,66.98,0.0,66.98,0
2022-04-26,67.5,67.5,66.88,66.88,1.0,67.5,1
2022-04-27,66.5,66.5,66.22,66.22,20.0,66.313,9
2022-04-28,66.25,66.31,66.0,66.31,10.0,66.125,7
2022-04-29,66.75,66.85,65.61,65.61,20.0,66.448,13
2022-05-02,66.0,66.0,65.5,65.81,52.0,65.88,41
2022-05-03,66.23,66.23,66.23,66.23,0.0,66.23,0
2022-05-04,67.25,68.0,67.25,67.72,131.0,67.914,117
2022-05-05,68.5,69.0,68.05,68.05,5.0,68.6,5
2022-05-06,68.05,68.05,67.93,67.93,1.0,68.05,1
2022-05-09,67.6,67.6,65.44,66.01,13.0,66.308,11
2022-05-10,67.0,67.0,66.17,66.17,30.0,66.933,30
2022-05-11,67.5,69.11,67.5,69.11,29.0,68.914,17
2022-05-12,68.3,68.77,68.3,68.53,5.0,68.394,4
2022-05-13,68.4,68.4,67.44,67.44,2.0,68.375,2
2022-05-16,67.27,67.44,67.11,67.44,15.0,67.222,8
2022-05-17,68.0,68.96,68.0,68.88,125.0,68.197,31
2022-05-18,69.5,69.5,68.42,68.42,9.0,69.233,5
2022-05-19,69.14,69.46,68.99,69.04,36.0,69.194,24
2022-05-20,68.53,68.53,68.53,68.53,0.0,68.53,0
2022-05-23,69.55,69.55,69.55,69.55,0.0,69.55,0
2022-05-24,69.97,69.97,69.91,69.91,1.0,69.97,1
2022-05-25,70.5,70.5,70.18,70.18,1.0,70.5,1
2022-05-26,70.02,70.02,70.02,70.02,0.0,70.02,0
2022-05-27,69.77,69.77,69.77,69.77,0.0,69.77,0
2022-05-31,69.5,70.1,69.0,69.23,42.0,69.898,12
2022-06-01,68.91,68.91,68.68,68.68,1.0,68.91,1
2022-06-02,68.99,69.1,67.99,69.1,5.0,68.79,5
2022-06-03,68.3,68.66,68.3,68.66,21.0,68.49,11
2022-06-06,68.18,68.27,68.18,68.27,1.0,68.18,1
2022-06-07,70.39,70.39,69.83,69.83,2.0,70.305,2
2022-06-08,70.25,70.3,70.07,70.07,37.0,70.294,26
2022-06-09,70.9,71.0,70.9,70.92,13.0,70.913,7
2022-06-10,71.0,71.0,69.67,70.42,12.0,70.669,8
2022-06-13,69.68,71.08,69.68,71.08,1.0,69.68,1
2022-06-14,70.3,70.3,70.26,70.26,4.0,70.3,4
2022-06-15,70.68,70.68,69.99,69.99,1.0,70.68,1
2022-06-16,71.69,71.69,71.6,71.6,1.0,71.69,1
2022-06-17,70.53,70.53,70.53,70.53,0.0,70.53,0
2022-06-21,70.7,70.7,70.1,70.1,2.0,70.7,2
2022-06-22,69.0,69.0,68.5,68.92,2.0,68.75,2
2022-06-23,67.6,68.5,66.7,66.73,20.0,67.272,13
2022-06-24,66.0,68.94,66.0,68.68,23.0,68.502,13
2022-06-27,69.83,69.83,69.83,69.83,0.0,69.83,0
2022-06-28,70.7,72.0,70.7,71.41,11.0,71.024,6
2022-06-29,71.7,71.7,71.14,71.14,1.0,71.7,1
2022-06-30,68.66,68.66,68.66,68.66,0.0,68.66,0
2022-07-01,68.35,68.35,68.35,68.35,0.0,68.35,0
2022-07-04,68.35,68.35,68.35,68.35,0.0,68.35,0
2022-07-05,68.8,68.8,65.42,65.42,30.0,67.31,20
2022-07-06,65.9,66.0,64.43,65.85,27.0,65.563,20
2022-07-07,65.86,66.83,65.5,66.83,13.0,65.858,7
2022-07-08,67.5,67.5,67.21,67.21,2.0,67.5,2
2022-07-11,66.4,68.92,66.4,68.92,3.0,67.947,3
2022-07-12,65.5,67.5,65.0,67.14,24.0,65.573,14
2022-07-13,67.88,67.99,67.88,67.98,42.0,67.972,15
2022-07-14,67.29,67.29,67.03,67.03,1.0,67.29,1
2022-07-15,68.08,68.08,68.08,68.08,0.0,68.08,0
2022-07-18,68.69,70.52,68.69,70.31,81.0,70.288,37
2022-07-19,70.27,70.27,70.2,70.2,6.0,70.27,2
2022-07-20,70.0,70.0,69.52,69.52,1.0,70.0,1
2022-07-21,68.53,68.53,68.53,68.53,0.0,68.53,0
2022-07-22,69.25,69.25,68.31,68.31,10.0,69.232,7
2022-07-25,69.0,69.16,69.0,69.16,1.0,69.0,1
2022-07-26,69.25,69.25,69.25,69.25,0.0,69.25,0
2022-07-27,70.25,70.69,70.25,70.6,33.0,70.401,33
2022-07-28,70.5,70.5,69.32,69.32,2.0,70.5,2
2022-07-29,70.16,70.16,70.16,70.16,0.0,70.16,0
2022-08-01,68.83,68.83,68.83,68.83,0.0,68.83,0
2022-08-02,69.5,70.55,69.5,70.4,12.0,70.075,10
2022-08-03,70.4,71.69,70.21,70.21,6.0,70.855,5
2022-08-04,68.38,68.38,68.38,68.38,0.0,68.38,0
2022-08-05,67.8,68.35,67.73,68.15,10.0,68.178,5
2022-08-08,69.55,69.55,69.55,69.55,0.0,69.55,0
2022-08-09,70.5,70.5,68.97,68.97,1.0,70.5,1
2022-08-10,70.14,70.14,70.14,70.14,0.0,70.14,0
2022-08-11,70.3,70.3,70.03,70.08,29.0,70.248,19
2022-08-12,69.92,69.92,69.92,69.92,0.0,69.92,0
2022-08-15,69.68,69.68,69.68,69.68,0.0,69.68,0
2022-08-16,68.5,68.94,68.42,68.94,2.0,68.46,2
2022-08-17,68.98,68.98,68.98,68.98,0.0,68.98,0
2022-08-18,68.5,68.5,67.99,67.99,2.0,68.25,2
2022-08-19,66.69,66.92,66.29,66.92,9.0,66.587,7
2022-08-22,66.09,66.76,65.69,66.76,42.0,65.819,31
2022-08-23,67.3,68.0,66.75,66.77,9.0,67.216,8
2022-08-24,67.0,67.0,66.01,66.27,8.0,66.44,4
2022-08-25,66.33,66.33,65.91,65.91,83.0,65.958,83
2022-08-26,66.99,66.99,65.23,65.83,66.0,65.797,64
2022-08-29,66.3,66.3,66.21,66.21,1.0,66.3,1
2022-08-30,66.02,66.02,65.0,65.04,138.0,65.492,118
2022-08-31,65.3,66.09,65.0,65.43,6.0,65.388,6
2022-09-01,64.75,65.0,63.67,64.38,420.0,64.435,400
2022-09-02,63.46,64.6,63.46,64.58,130.0,64.026,53
2022-09-05,64.4,64.58,63.51,64.58,21.0,63.828,17
2022-09-06,63.52,64.68,63.51,64.68,56.0,63.555,18
2022-09-07,64.73,64.73,63.01,63.11,10.0,63.685,6
2022-09-08,63.0,63.16,62.7,63.08,16.0,62.826,14
2022-09-09,64.5,64.95,64.5,64.94,16.0,64.684,5
2022-09-12,64.58,65.74,64.58,65.74,14.0,65.276,8
2022-09-13,65.58,65.58,64.0,65.57,11.0,64.598,6
2022-09-14,65.99,65.99,65.75,65.75,1.0,65.99,1
2022-09-15,64.81,64.81,63.97,63.97,1.0,64.81,1
2022-09-16,63.83,63.83,63.83,63.83,0.0,63.83,0
2022-09-19,63.5,64.33,63.03,63.61,9.0,63.708,8
2022-09-20,62.88,62.88,61.71,61.71,57.0,62.528,48
2022-09-21,62.05,62.05,61.34,61.34,23.0,61.983,7
2022-09-22,62.6,62.61,61.82,61.82,6.0,62.608,4
2022-09-23,61.1,61.1,60.15,60.15,43.0,60.952,18
2022-09-26,60.5,60.5,59.9,60.01,41.0,60.052,18
2022-09-27,60.85,60.85,60.51,60.51,10.0,60.85,5
2022-09-28,62.15,62.15,61.25,61.69,21.0,61.634,11
2022-09-29,61.26,61.26,60.99,60.99,1.0,61.26,1
2022-09-30,61.35,61.35,59.82,60.09,136.0,60.289,62
2022-10-03,61.3,61.4,61.25,61.29,31.0,61.327,19
2022-10-04,61.88,62.5,61.82,62.19,40.0,62.026,23
2022-10-05,62.09,63.28,62.09,63.28,52.0,63.054,35
2022-10-06,63.49,64.3,63.49,63.99,6.0,64.083,6
2022-10-07,64.0,65.5,64.0,64.77,112.0,65.103,46
2022-10-10,64.25,64.3,64.25,64.3,10.0,64.25,2
2022-10-11,63.25,64.15,62.75,64.0,40.0,63.341,18
2022-10-12,63.85,63.85,62.83,62.97,51.0,63.257,24
2022-10-13,63.0,63.11,63.0,63.11,11.0,63.005,5
2022-10-14,62.19,62.19,62.19,62.19,0.0,62.19,0
2022-10-17,63.65,63.65,62.84,62.84,1.0,63.65,1
2022-10-18,63.0,63.84,63.0,63.84,9.0,63.354,9
2022-10-19,64.0,65.7,64.0,65.38,20.0,65.275,18
2022-10-20,65.25,65.95,65.16,65.24,107.0,65.422,45
2022-10-21,65.09,65.09,64.77,64.77,1.0,65.09,1
2022-10-24,64.1,64.21,64.1,64.21,1.0,64.1,1
2022-10-25,65.0,65.15,65.0,65.15,1.0,65.0,1
2022-10-26,65.15,65.54,65.0,65.54,17.0,65.094,17
2022-10-27,65.85,65.95,65.85,65.89,50.0,65.89,50
2022-10-28,64.55,65.2,64.55,65.2,1.0,64.55,1
2022-10-31,65.54,65.95,65.54,65.95,1.0,65.54,1
2022-11-01,66.58,66.9,65.95,65.95,14.0,66.877,11
2022-11-02,66.64,66.64,66.64,66.64,0.0,66.64,0
2022-11-03,66.14,66.14,66.14,66.14,0.0,66.14,0
2022-11-04,67.0,67.67,66.53,66.53,413.0,67.322,300
2022-11-07,65.75,66.7,65.75,66.7,1.0,65.75,1
2022-11-08,66.8,66.8,65.99,65.99,3.0,66.75,2
2022-11-09,66.02,66.02,65.0,65.1,26.0,65.039,10
2022-11-10,64.86,64.86,64.86,64.86,0.0,64.86,0
2022-11-11,65.75,66.3,65.75,66.19,138.0,65.961,67
2022-11-14,66.6,66.6,66.0,66.15,21.0,66.145,12
2022-11-15,67.5,67.5,67.36,67.36,3.0,67.5,3
2022-11-16,67.5,67.54,65.94,65.94,22.0,67.066,10
2022-11-17,65.75,66.08,65.0,66.08,33.0,65.335,15
2022-11-18,66.55,66.55,65.55,65.55,1.0,66.55,1
2022-11-21,66.29,66.29,66.29,66.29,0.0,66.29,0
2022-11-22,66.5,66.65,66.15,66.15,11.0,66.514,3
2022-11-23,65.92,65.92,65.92,65.92,0.0,65.92,0
2022-11-24,65.92,65.92,65.92,65.92,0.0,65.92,0
2022-11-25,65.7,65.7,65.7,65.7,0.0,65.7,0
2022-11-28,65.29,66.55,65.29,66.32,11.0,66.435,11
2022-11-29,66.45,66.45,66.45,66.45,0.0,66.45,0
2022-11-30,66.89,67.18,66.8,67.18,102.0,66.89,12
2022-12-01,67.25,67.25,67.2,67.2,2.0,67.24,2
2022-12-02,67.93,67.93,67.84,67.84,1.0,67.93,1
2022-12-05,67.93,68.0,66.96,66.99,119.0,67.12,12
2022-12-06,65.26,65.58,65.26,65.58,91.0,65.26,5
2022-12-07,64.6,64.6,64.45,64.45,5.0,64.6,1
2022-12-08,64.0,64.0,63.94,63.94,3.0,64.0,3
2022-12-09,64.67,64.67,64.67,64.67,0.0,64.67,0
2022-12-12,65.4,65.55,65.4,65.55,28.0,65.404,16
2022-12-13,64.91,64.91,64.91,64.91,0.0,64.91,0
2022-12-14,65.0,65.0,64.8,64.86,5.0,64.96,5
2022-12-15,64.4,64.4,63.64,63.64,6.0,63.817,5
2022-12-16,63.6,63.6,63.28,63.5,4.0,63.38,3
2022-12-19,63.9,63.9,63.9,63.9,0.0,63.9,0
2022-12-20,64.39,64.39,64.39,64.39,0.0,64.39,0
2022-12-21,64.23,64.23,64.23,64.23,0.0,64.23,0
2022-12-22,63.6,63.68,63.6,63.68,3.0,63.6,3
2022-12-23,64.79,64.79,64.67,64.67,100.0,64.79,27
2022-12-27,65.03,65.03,64.73,64.73,1.0,65.03,1
2022-12-28,65.2,65.34,65.2,65.34,1.0,65.2,1
2022-12-29,64.6,64.6,64.6,64.6,0.0,64.6,0
2022-12-30,65.29,65.62,64.9,65.62,31.0,64.913,8
2023-01-03,65.0,65.0,64.38,64.39,66.0,64.682,53
2023-01-04,63.71,64.18,63.6,64.18,32.0,63.82,24
2023-01-05,64.16,64.16,64.16,64.16,0.0,64.16,0
2023-01-06,64.31,64.31,64.31,64.31,0.0,64.31,0
2023-01-09,65.0,65.22,65.0,65.22,1.0,65.0,1
2023-01-10,65.0,65.02,65.0,65.02,2.0,65.0,2
2023-01-11,65.02,65.95,65.02,65.89,37.0,65.623,21
2023-01-12,65.95,65.95,65.7,65.81,50.0,65.87,31
2023-01-13,65.8,66.04,65.8,66.04,5.0,65.8,2
2023-01-16,65.8,66.04,65.8,66.04,1.0,65.8,1
2023-01-17,65.93,65.93,64.25,64.35,9.0,64.8,6
2023-01-18,64.4,65.2,64.0,64.14,536.0,64.972,527
2023-01-19,65.15,65.15,64.79,64.79,1.0,65.15,1
2023-01-20,65.0,65.2,64.95,65.02,53.0,65.003,23
2023-01-23,64.75,65.57,64.69,65.57,18.0,64.831,17
2023-01-24,64.57,64.75,64.5,64.75,13.0,64.505,4
2023-01-25,64.6,64.6,64.43,64.43,6.0,64.6,2
2023-01-26,65.0,65.0,64.2,64.21,4.0,64.582,4
2023-01-27,64.25,64.25,63.69,63.78,126.0,63.974,39
2023-01-30,63.99,64.25,63.52,63.75,93.0,63.774,40
2023-01-31,63.7,64.65,63.53,64.62,57.0,63.573,15
2023-02-01,65.0,65.0,63.43,63.67,97.0,63.928,78
2023-02-02,63.82,64.0,63.62,63.62,100.0,63.859,66
2023-02-03,63.6,63.91,62.2,62.42,341.0,62.522,121
2023-02-06,62.45,62.45,62.44,62.45,33.0,62.45,21
2023-02-07,63.53,63.65,63.44,63.44,339.0,63.514,143
2023-02-08,63.45,63.45,63.35,63.35,47.0,63.429,32
2023-02-09,63.71,63.9,63.5,63.9,90.0,63.602,52
2023-02-10,64.22,64.35,63.99,64.21,153.0,63.997,50
2023-02-13,64.51,64.96,64.51,64.96,21.0,64.881,21
2023-02-14,65.0,65.0,64.94,64.94,1.0,65.0,1
2023-02-15,64.59,65.24,64.59,65.24,3.0,64.76,3
2023-02-16,65.24,65.36,64.88,65.36,83.0,65.193,48
2023-02-17,64.5,64.5,64.3,64.44,72.0,64.462,28
2023-02-20,64.88,64.88,64.44,64.44,1.0,64.88,1
2023-02-21,65.25,65.25,64.5,64.68,2.0,64.875,2
2023-02-22,64.0,64.39,64.0,64.39,60.0,64.011,18
2023-02-23,64.51,64.51,64.41,64.41,1.0,64.51,1
2023-02-24,64.1,64.1,63.75,64.1,3.0,63.95,3
2023-02-27,63.5,63.5,63.33,63.33,4.0,63.373,4
2023-02-28,63.55,63.74,62.88,62.88,104.0,63.62,21
2023-03-01,62.55,63.19,62.55,63.19,8.0,62.828,6
2023-03-02,63.45,63.48,63.35,63.46,25.0,63.455,9
2023-03-03,63.7,64.37,63.53,64.37,10.0,63.857,10
2023-03-06,64.05,64.54,64.05,64.54,1.0,64.05,1
2023-03-07,63.5,63.55,63.29,63.31,8.0,63.383,8
2023-03-08,63.05,63.25,63.03,63.21,69.0,63.235,19
2023-03-09,63.53,63.89,62.7,63.01,440.0,63.447,179
2023-03-10,63.4,63.4,63.11,63.11,1.0,63.4,1
2023-03-13,62.95,63.13,61.76,62.58,41.0,62.84,28
2023-03-14,62.61,62.61,61.95,61.99,38.0,62.17,25
2023-03-15,62.17,62.17,60.59,60.85,119.0,61.796,79
2023-03-16,60.91,61.52,60.28,61.52,6.0,60.738,6
2023-03-17,61.6,61.95,61.35,61.53,64.0,61.549,43
2023-03-20,61.79,61.79,61.79,61.79,0.0,61.79,0
2023-03-21,61.36,61.94,61.36,61.94,37.0,61.762,14
2023-03-22,62.05,62.34,62.0,62.04,7.0,62.127,7
2023-03-23,61.99,62.33,61.93,62.07,8.0,62.102,8
2023-03-24,62.03,62.08,61.0,62.05,15.0,61.913,12
2023-03-27,62.25,63.11,62.25,63.11,155.0,62.508,76
2023-03-28,62.71,63.62,62.71,63.24,36.0,63.261,36
2023-03-29,63.25,63.75,63.16,63.22,43.0,63.612,43
2023-03-30,63.47,63.47,62.88,63.02,8.0,63.142,8
2023-03-31,62.98,63.5,62.75,63.14,83.0,63.127,34
2023-04-03,63.7,64.19,62.9,63.27,586.0,63.62,235
2023-04-04,63.3,63.36,63.2,63.36,46.0,63.243,19
2023-04-05,63.55,63.55,63.2,63.54,27.0,63.259,27
2023-04-06,63.41,63.41,63.41,63.41,0.0,63.41,0
2023-04-10,63.1,63.17,63.1,63.17,1.0,63.1,1
2023-04-11,63.38,64.0,63.38,63.7,237.0,63.811,48
2023-04-12,63.8,64.35,63.8,64.35,25.0,64.07,8
2023-04-13,64.37,64.41,64.22,64.41,2.0,64.295,2
2023-04-14,64.41,64.61,64.41,64.61,1.0,64.41,1
2023-04-17,64.5,64.7,64.5,64.54,4.0,64.608,4
2023-04-18,64.71,65.25,64.71,64.92,30.0,64.912,18
2023-04-19,64.65,64.65,64.25,64.43,52.0,64.378,10
2023-04-20,64.05,64.05,63.67,63.67,9.0,63.898,7
2023-04-21,63.79,65.05,63.77,65.05,57.0,64.488,23
2023-04-24,65.44,65.5,65.37,65.37,8.0,65.478,6
2023-04-25,64.15,64.21,64.12,64.12,4.0,64.16,4
2023-04-26,64.17,64.17,63.6,63.79,23.0,63.952,12
2023-04-27,63.8,64.05,63.37,63.45,12.0,63.628,11
2023-04-28,63.65,64.7,63.65,64.7,71.0,64.27,25
2023-05-01,63.9,63.97,63.66,63.97,2.0,63.78,2
2023-05-02,63.2,63.2,62.42,62.91,49.0,62.648,19
2023-05-03,62.4,62.4,61.5,61.7,47.0,61.862,33
2023-05-04,60.88,61.49,59.91,60.75,11.0,60.76,11
2023-05-05,61.59,62.15,61.59,62.02,6.0,61.983,6
2023-05-08,62.1,62.96,61.91,62.96,27.0,62.8,10
2023-05-09,63.0,63.63,62.67,63.63,37.0,63.047,22
2023-05-10,63.0,63.25,63.0,63.25,33.0,63.0,5
2023-05-11,63.74,63.74,62.15,62.16,10.0,62.856,8
2023-05-12,62.11,62.69,61.75,61.75,6.0,62.242,6
2023-05-15,61.7,62.23,61.7,62.23,2.0,61.725,2
2023-05-16,62.55,62.55,62.2,62.2,1.0,62.55,1
2023-05-17,62.49,63.6,62.49,63.39,14.0,63.366,10
2023-05-18,63.29,63.34,63.2,63.34,151.0,63.247,43
2023-05-19,63.15,63.15,62.06,62.06,6.0,62.555,6
2023-05-22,61.7,62.05,61.7,62.05,4.0,61.918,4
2023-05-23,62.7,62.7,62.49,62.53,9.0,62.592,8
2023-05-24,62.9,63.27,62.9,63.27,38.0,62.94,18
2023-05-25,62.6,62.65,61.5,62.09,23.0,62.048,23
2023-05-26,62.75,62.85,62.65,62.65,57.0,62.775,24
2023-05-29,62.48,62.71,62.48,62.65,3.0,62.557,2
2023-05-30,61.31,61.35,61.26,61.35,53.0,61.299,17
2023-05-31,61.25,61.25,60.15,60.61,32.0,61.137,15
2023-06-01,60.15,61.34,60.15,61.34,266.0,60.287,229
2023-06-02,62.06,62.06,62.06,62.06,0.0,62.06,0
2023-06-05,62.69,62.8,61.58,61.58,36.0,61.93,26
2023-06-06,61.25,61.5,60.79,61.44,15.0,61.175,8
2023-06-07,61.85,61.85,61.76,61.76,2.0,61.85,2
2023-06-08,61.79,61.79,60.45,60.95,110.0,60.601,27
2023-06-09,60.9,61.41,60.69,60.89,11.0,61.093,10
2023-06-12,60.01,60.1,59.59,59.92,205.0,59.795,107
2023-06-13,60.17,61.49,60.12,61.46,211.0,60.191,22
2023-06-14,61.69,62.09,60.9,60.9,16.0,62.027,16
2023-06-15,61.75,62.3,61.64,62.3,154.0,61.743,132
2023-06-16,62.29,62.77,62.29,62.77,22.0,62.386,9
2023-06-19,62.77,62.77,62.77,62.77,0.0,62.77,0
2023-06-20,62.48,62.48,62.48,62.48,0.0,62.48,0
2023-06-21,63.0,63.11,62.95,62.95,120.0,63.001,111
2023-06-22,62.0,62.0,61.54,61.77,35.0,61.69,14
2023-06-23,61.5,61.55,61.0,61.45,233.0,61.373,81
2023-06-26,61.63,62.0,61.63,61.68,5.0,61.752,5
2023-06-27,61.33,62.09,61.33,61.75,7.0,61.764,6
2023-06-28,62.0,62.13,61.8,62.03,65.0,61.873,65
2023-06-29,62.01,62.01,62.01,62.01,0.0,62.01,0
2023-06-30,62.25,62.5,62.05,62.31,109.0,62.371,74
2023-07-03,62.96,62.96,61.28,61.28,6.0,62.295,6
2023-07-04,62.05,62.3,61.28,61.28,4.0,61.988,4
2023-07-05,62.62,62.65,62.43,62.54,52.0,62.543,37
2023-07-06,62.65,62.66,61.65,62.21,35.0,62.383,28
2023-07-07,62.5,62.76,62.37,62.37,28.0,62.732,5
2023-07-10,62.5,63.01,62.5,62.88,44.0,62.826,35
2023-07-11,62.91,63.65,62.91,63.65,7.0,63.33,7
2023-07-12,63.9,63.9,63.75,63.83,17.0,63.843,8
2023-07-13,63.83,64.48,63.83,64.36,87.0,64.351,79
2023-07-14,64.36,64.43,63.69,63.69,15.0,63.901,15
2023-07-17,63.75,63.75,63.74,63.74,1.0,63.75,1
2023-07-18,64.4,64.54,64.4,64.54,1.0,64.4,1
2023-07-19,65.07,65.09,64.75,65.01,11.0,64.925,9
2023-07-20,65.14,65.19,64.75,64.94,85.0,65.08,31
2023-07-21,65.09,65.31,65.05,65.31,126.0,65.173,74
2023-07-24,65.5,66.03,65.5,65.96,68.0,65.951,15
2023-07-25,65.96,65.99,65.9,65.99,35.0,65.937,6
2023-07-26,65.89,66.16,65.88,65.88,3.0,65.98,3
2023-07-27,66.15,66.38,66.15,66.38,21.0,66.25,11
2023-07-28,66.85,66.85,66.85,66.85,0.0,66.85,0
2023-07-31,67.1,67.2,67.1,67.12,55.0,67.13,39
2023-08-01,66.48,66.91,66.48,66.87,2.0,66.695,2
2023-08-02,65.55,65.8,65.54,65.8,2.0,65.545,2
2023-08-03,66.65,66.65,66.65,66.65,0.0,66.65,0
2023-08-04,67.3,67.37,67.15,67.37,4.0,67.287,4
2023-08-07,67.29,67.75,67.23,67.52,87.0,67.545,58
2023-08-08,67.2,68.07,67.1,68.07,603.0,67.274,566
2023-08-09,68.0,68.45,68.0,68.43,424.0,68.265,292
2023-08-10,68.3,68.49,67.85,67.85,57.0,68.164,14
2023-08-11,67.9,68.08,67.6,67.71,108.0,67.932,65
2023-08-14,67.65,67.8,67.42,67.65,102.0,67.7,28
2023-08-15,66.75,67.09,66.75,67.09,1.0,66.75,1
2023-08-16,67.15,67.65,67.08,67.32,118.0,67.201,16
2023-08-17,67.48,67.56,67.38,67.56,5.0,67.42,3
2023-08-18,67.59,68.0,67.08,68.0,209.0,67.768,122
2023-08-21,68.46,68.54,68.04,68.04,35.0,68.399,16
2023-08-22,68.41,68.41,67.82,67.96,37.0,68.048,23
2023-08-23,67.0,67.65,66.8,67.65,5.0,67.16,4
2023-08-24,67.0,67.0,66.99,66.99,2.0,67.0,2
2023-08-25,67.5,67.5,66.65,67.4,8.0,67.2,7
2023-08-28,67.0,67.2,67.0,67.2,2.0,67.0,1
2023-08-29,67.58,67.76,67.57,67.76,15.0,67.574,11
2023-08-30,67.88,68.05,67.65,67.71,14.0,67.876,14
2023-08-31,67.81,68.11,67.81,68.11,51.0,67.955,37
2023-09-01,68.29,68.95,68.29,68.74,332.0,68.748,254
2023-09-04,69.2,69.2,68.74,68.74,5.0,69.2,1
2023-09-05,69.2,69.95,68.95,69.16,460.0,69.074,413
2023-09-06,69.11,69.3,69.02,69.14,215.0,69.074,173
2023-09-07,69.47,69.47,69.47,69.47,0.0,69.47,0
2023-09-08,69.35,69.35,69.0,69.21,11.0,69.164,11
2023-09-11,69.01,69.46,69.01,69.43,12.0,69.068,3
2023-09-12,69.49,69.72,69.49,69.55,666.0,69.623,419
2023-09-13,69.69,69.69,69.38,69.38,54.0,69.438,39
2023-09-14,69.43,69.71,69.43,69.71,1.0,69.43,1
2023-09-15,69.41,69.41,69.2,69.22,12.0,69.376,5
2023-09-18,69.6,70.05,69.6,69.68,80.0,69.904,32
2023-09-19,69.25,70.11,69.25,69.81,7.0,69.983,4
2023-09-20,69.81,70.15,69.63,70.02,366.0,69.968,265
2023-09-21,70.3,70.3,70.2,70.26,4.0,70.23,4
2023-09-22,69.48,69.48,69.48,69.48,1.0,69.48,1
2023-09-25,69.7,69.81,69.26,69.81,17.0,69.384,6
2023-09-26,69.41,70.0,69.41,69.92,17.0,69.921,13
2023-09-27,70.05,70.57,69.91,70.3,301.0,70.448,234
2023-09-28,70.46,70.56,70.0,70.33,84.0,70.265,50
2023-09-29,70.85,70.85,70.0,70.06,79.0,70.132,43
2023-10-02,69.96,69.96,69.7,69.94,2.0,69.83,2
2023-10-03,69.7,69.79,69.55,69.79,6.0,69.658,6
2023-10-04,69.78,69.78,67.0,67.03,21.0,68.42,18
2023-10-05,66.8,66.8,66.1,66.2,1012.0,66.525,1010
2023-10-06,66.3,66.3,66.28,66.28,10.0,66.294,7
2023-10-09,67.28,67.99,67.1,67.25,36.0,67.559,27
2023-10-10,67.12,68.07,67.12,68.07,3.0,67.493,3
2023-10-11,68.3,68.45,68.1,68.45,35.0,68.258,17
2023-10-12,68.6,68.8,68.5,68.53,122.0,68.698,89
2023-10-13,68.89,69.77,68.89,69.77,146.0,69.259,109
2023-10-16,69.77,70.3,69.77,70.09,8.0,70.056,8
2023-10-17,70.01,70.25,70.01,70.25,3.0,70.057,2
2023-10-18,70.7,71.0,70.45,70.68,35.0,70.947,18
2023-10-19,70.0,70.5,70.0,70.25,15.0,70.346,10
2023-10-20,69.91,69.91,69.83,69.83,6.0,69.907,6
2023-10-23,69.9,70.13,69.44,69.44,6.0,69.938,6
2023-10-24,69.05,69.12,69.0,69.12,12.0,69.013,4
2023-10-25,69.2,69.95,69.2,69.92,76.0,69.892,73
2023-10-26,69.4,69.93,69.4,69.4,149.0,69.721,100
2023-10-27,69.65,70.11,69.5,70.11,24.0,69.545,12
2023-10-30,69.25,69.26,69.0,69.26,5.0,69.086,5
2023-10-31,69.7,69.7,68.99,68.99,11.0,69.573,4
2023-11-01,69.5,69.7,68.67,68.67,33.0,68.811,24
2023-11-02,68.85,69.35,68.85,69.35,3.0,68.85,1
2023-11-03,69.24,69.47,68.59,68.64,9.0,69.053,6
2023-11-06,69.23,69.67,69.21,69.32,24.0,69.483,16
2023-11-07,68.9,68.9,67.0,67.19,361.0,67.331,72
2023-11-08,66.86,67.0,66.15,66.2,35.0,66.532,16
2023-11-09,66.78,66.88,66.58,66.66,220.0,66.743,110
2023-11-10,67.25,67.7,67.25,67.48,7.0,67.6,7
2023-11-13,67.2,67.96,67.0,67.96,8.0,67.475,6
2023-11-14,68.1,68.21,67.44,67.44,22.0,68.017,18
2023-11-15,67.59,67.59,67.1,67.16,55.0,67.449,49
2023-11-16,67.23,67.23,65.28,65.34,261.0,65.819,102
2023-11-17,66.0,67.25,66.0,67.07,59.0,67.112,12
2023-11-20,67.5,68.21,67.5,67.79,211.0,68.137,101
2023-11-21,67.65,67.7,67.59,67.59,3.0,67.67,3
2023-11-22,67.45,67.45,65.7,67.1,83.0,66.375,62
2023-11-23,67.1,67.1,67.1,67.1,0.0,67.1,0
2023-11-24,67.13,67.45,66.41,66.41,10.0,67.275,10
2023-11-27,66.14,66.56,66.05,66.1,16.0,66.216,13
2023-11-28,66.18,67.1,66.18,66.67,221.0,66.595,135
2023-11-29,66.49,67.38,66.49,67.37,80.0,67.056,57
2023-11-30,66.9,67.72,65.7,66.34,109.0,66.552,71
2023-12-01,66.41,67.02,65.6,65.63,81.0,66.418,53
2023-12-04,65.68,66.65,65.52,65.94,157.0,66.055,123
2023-12-05,65.94,66.51,65.34,65.53,66.0,65.631,60
2023-12-06,65.33,65.67,64.43,64.62,621.0,64.611,411
2023-12-07,64.6,65.07,64.48,64.63,72.0,64.788,60
2023-12-08,64.73,65.65,64.61,65.4,189.0,65.432,137
2023-12-11,65.51,65.76,65.19,65.73,138.0,65.614,120
2023-12-12,65.94,66.02,64.41,64.52,343.0,64.801,199
2023-12-13,64.47,65.29,64.36,65.22,948.0,65.055,595
2023-12-14,65.42,66.6,65.22,66.33,249.0,66.143,103
2023-12-15,66.33,66.5,65.71,66.25,281.0,66.269,250
2023-12-18,66.44,67.3,66.08,66.51,188.0,66.911,136
2023-12-19,66.47,67.16,66.12,66.95,93.0,66.885,80
2023-12-20,66.92,67.33,66.47,66.76,91.0,66.84,83
2023-12-21,66.35,66.73,65.78,66.15,170.0,66.103,111
2023-12-22,66.36,66.43,65.33,65.43,51.0,65.943,43
2023-12-26,65.34,66.79,65.29,65.89,171.0,66.323,108
2023-12-27,65.62,66.36,65.29,65.68,181.0,65.884,118
2023-12-28,65.42,65.81,64.55,64.57,174.0,65.112,128
2023-12-29,64.63,64.96,64.13,64.34,230.0,64.484,187
2024-01-02,64.39,65.58,64.06,64.16,391.0,64.547,298
2024-01-03,64.21,65.55,64.01,65.21,654.0,64.719,436
2024-01-04,65.15,65.6,64.26,64.81,369.0,64.901,333
2024-01-05,64.54,65.49,64.54,65.25,138.0,65.041,86
2024-01-08,65.18,65.18,63.91,64.19,869.0,64.115,662
2024-01-09,64.39,65.1,64.15,64.49,175.0,64.694,132
2024-01-10,64.5,65.21,64.27,64.36,344.0,64.663,227
2024-01-11,64.37,65.54,64.37,64.73,443.0,64.972,351
2024-01-12,65.17,66.46,65.17,65.51,602.0,65.805,555
2024-01-15,65.23,65.57,64.92,65.51,71.0,65.208,54
2024-01-16,65.49,65.8,64.77,65.09,198.0,65.127,120
2024-01-17,64.82,65.11,64.13,64.95,598.0,64.764,455
2024-01-18,65.0,65.53,64.65,65.46,339.0,65.204,188
2024-01-19,65.08,65.59,64.94,64.94,239.0,65.081,157
2024-01-22,65.18,66.14,64.87,65.95,325.0,65.74,172
2024-01-23,65.75,66.01,65.2,65.83,122.0,65.72,71
2024-01-24,65.85,66.54,65.52,66.12,145.0,66.208,121
2024-01-25,66.33,66.9,66.33,66.87,310.0,66.707,255
2024-01-26,66.67,67.38,66.31,67.36,250.0,67.003,194
2024-01-29,67.6,67.61,66.55,66.72,110.0,66.986,94
2024-01-30,66.99,67.43,66.41,67.33,229.0,67.273,212
2024-01-31,67.1,67.25,66.2,66.44,172.0,66.723,142
2024-02-01,66.8,66.8,65.0,65.17,679.0,66.137,544
2024-02-02,65.52,65.52,64.34,64.52,355.0,64.707,299
2024-02-05,64.6,65.1,64.45,65.01,430.0,64.824,345
2024-02-06,65.1,65.38,64.76,64.97,213.0,65.076,186
2024-02-07,64.98,65.45,64.92,65.29,118.0,65.174,98
2024-02-08,65.44,66.21,65.24,66.16,174.0,65.948,124
2024-02-09,65.99,66.79,65.99,66.59,187.0,66.471,137
2024-02-12,66.59,66.81,66.21,66.77,237.0,66.676,149
2024-02-13,66.84,67.2,66.6,67.04,343.0,67.038,223
2024-02-14,67.07,67.44,66.32,66.44,354.0,66.92,277
2024-02-15,66.32,67.19,66.16,66.73,463.0,66.879,342
2024-02-16,66.69,66.94,66.2,66.94,163.0,66.601,126
2024-02-19,66.66,67.05,66.62,66.94,23.0,66.831,19
2024-02-20,66.93,66.93,66.04,66.09,95.0,66.515,86
2024-02-21,66.22,66.43,65.88,66.26,63.0,66.23,55
2024-02-22,66.4,66.57,65.83,66.5,127.0,66.237,111
2024-02-23,66.49,66.49,65.67,65.98,228.0,65.945,198
2024-02-26,66.01,66.55,65.73,66.22,137.0,66.253,118
2024-02-27,66.29,66.59,66.02,66.52,83.0,66.354,73
2024-02-28,66.08,66.66,66.01,66.37,55.0,66.263,50
2024-02-29,66.31,66.37,65.96,66.19,110.0,66.151,99
2024-03-01,66.35,66.69,66.13,66.33,222.0,66.522,153
2024-03-04,66.18,66.95,66.01,66.91,498.0,66.307,407
2024-03-05,66.8,66.82,66.18,66.33,289.0,66.375,211
2024-03-06,66.19,66.73,66.19,66.38,84.0,66.486,74
2024-03-07,66.34,66.65,66.1,66.59,184.0,66.395,139
2024-03-08,66.6,66.7,65.85,66.21,120.0,66.271,85
2024-03-11,66.15,66.9,65.93,66.73,541.0,66.643,411
2024-03-12,66.95,67.01,66.45,66.63,129.0,66.754,94
2024-03-13,66.66,67.57,66.66,67.38,286.0,67.342,198
2024-03-14,67.39,67.74,67.3,67.74,193.0,67.509,154
2024-03-15,67.5,68.03,67.5,68.03,300.0,67.893,205
2024-03-18,67.9,68.33,67.89,68.28,338.0,68.21,257
2024-03-19,68.25,68.65,68.22,68.48,355.0,68.412,297
2024-03-20,68.46,68.58,67.71,68.08,680.0,67.985,482
2024-03-21,68.31,68.31,67.81,68.09,206.0,68.034,179
2024-03-22,67.95,68.13,67.64,67.76,204.0,67.919,189
2024-03-25,67.83,68.5,67.83,68.31,477.0,68.271,300
2024-03-26,68.41,68.49,68.03,68.3,147.0,68.327,127
2024-03-27,68.11,68.37,67.81,68.29,74.0,68.05,66
2024-03-28,68.45,68.76,68.31,68.74,306.0,68.609,204
2024-04-01,68.51,68.91,68.5,68.72,990.0,68.713,629
2024-04-02,68.85,69.14,68.64,68.87,861.0,68.87,698
2024-04-03,69.0,69.34,69.0,69.27,665.0,69.158,449
2024-04-04,69.34,69.58,69.01,69.53,1172.0,69.254,714
2024-04-05,69.3,69.61,69.17,69.35,920.0,69.417,603
2024-04-08,69.27,69.75,68.81,69.25,476.0,69.296,302
2024-04-09,69.36,69.54,68.71,68.84,916.0,69.084,541
2024-04-10,68.87,69.38,68.68,69.2,801.0,69.072,441
2024-04-11,69.24,69.6,69.16,69.29,316.0,69.371,248
2024-04-12,69.56,70.54,69.56,69.75,1697.0,70.186,1021
2024-04-15,69.72,70.21,69.32,70.03,384.0,69.726,349
2024-04-16,70.19,70.49,69.98,70.31,489.0,70.246,388
2024-04-17,70.29,70.45,69.22,69.29,702.0,69.677,521
2024-04-18,69.41,69.63,68.88,69.12,752.0,69.273,443
2024-04-19,69.01,69.97,68.61,68.91,1493.0,69.028,1047
2024-04-22,68.6,68.88,68.17,68.76,490.0,68.538,365
2024-04-23,68.91,69.31,68.41,69.15,411.0,69.059,230
2024-04-24,69.07,69.48,69.01,69.43,392.0,69.137,259
2024-04-25,69.47,69.74,69.07,69.64,489.0,69.402,351
2024-04-26,69.75,70.2,69.41,69.89,1106.0,69.62,562
2024-04-29,69.77,70.08,69.06,69.48,1229.0,69.468,750
2024-04-30,69.17,69.72,68.43,69.17,990.0,69.107,728
2024-05-01,69.12,69.12,67.38,67.56,1722.0,67.998,1233
2024-05-02,67.73,68.18,67.62,67.98,1235.0,67.956,711
2024-05-03,68.13,68.57,68.0,68.15,455.0,68.276,339
2024-05-06,68.06,68.57,68.06,68.44,620.0,68.403,412
2024-05-07,68.39,68.47,67.89,68.23,735.0,68.248,601
2024-05-08,68.02,68.25,67.38,67.99,451.0,67.93,314
2024-05-09,68.03,68.19,67.87,68.15,526.0,68.1,279
2024-05-10,68.18,68.35,67.64,67.73,166.0,67.918,143
2024-05-13,67.61,68.23,67.37,67.98,138.0,67.892,105
2024-05-14,68.02,68.12,67.4,67.97,344.0,67.723,301
2024-05-15,67.93,68.33,67.54,68.16,245.0,68.074,214
2024-05-16,68.32,68.68,67.95,68.52,378.0,68.361,257
2024-05-17,68.59,68.96,68.47,68.96,131.0,68.709,114
2024-05-20,68.97,69.37,68.76,69.17,416.0,69.085,312
2024-05-21,69.13,69.35,68.63,69.02,432.0,68.983,328
2024-05-22,68.89,68.97,67.97,68.12,760.0,68.314,544
2024-05-23,67.99,68.79,67.62,67.84,969.0,68.209,648
2024-05-24,67.81,68.19,67.53,67.96,598.0,67.96,499
2024-05-27,68.07,68.62,67.96,67.96,35.0,68.364,34
2024-05-28,68.52,69.28,68.47,69.07,1479.0,69.08,1168
2024-05-29,69.26,69.4,68.66,68.87,676.0,68.909,584
2024-05-30,68.78,69.04,68.24,68.36,489.0,68.642,429
2024-05-31,68.26,68.93,68.05,68.68,910.0,68.633,634
2024-06-03,68.55,69.02,67.23,67.33,585.0,67.863,424
2024-06-04,67.41,67.41,65.98,66.03,1482.0,66.448,1225
2024-06-05,66.12,66.34,65.92,66.02,1774.0,66.116,1487
2024-06-06,66.21,67.01,66.1,66.69,657.0,66.719,501
2024-06-07,66.83,67.28,66.66,67.26,736.0,67.055,597
2024-06-10,67.23,68.54,67.23,68.23,845.0,67.937,491
2024-06-11,68.45,68.86,68.15,68.65,367.0,68.623,282
2024-06-12,68.72,69.42,68.59,68.82,708.0,68.99,576
2024-06-13,68.73,69.32,68.64,68.85,600.0,68.91,509
2024-06-14,68.77,69.27,68.36,68.51,837.0,68.79,528
2024-06-17,68.57,68.9,68.22,68.41,835.0,68.465,495
2024-06-18,68.5,69.4,68.4,69.3,699.0,68.829,565
2024-06-19,69.3,69.6,69.28,69.3,185.0,69.468,145
2024-06-20,69.4,69.9,69.4,69.53,909.0,69.562,633
2024-06-21,69.4,69.65,69.0,69.17,693.0,69.432,555
2024-06-24,69.12,69.82,69.12,69.72,780.0,69.632,701
2024-06-25,69.7,69.95,69.4,69.53,863.0,69.742,651
2024-06-26,69.48,70.09,69.37,69.84,987.0,69.92,755
2024-06-27,69.71,70.12,69.48,69.73,455.0,69.871,371
2024-06-28,69.7,70.17,69.26,69.52,1139.0,69.519,909
2024-07-01,69.51,70.51,69.51,70.46,1717.0,70.196,1389
2024-07-02,70.4,70.75,70.31,70.45,871.0,70.496,678
2024-07-03,70.44,70.98,70.31,70.96,1162.0,70.61,759
2024-07-04,70.7,71.05,70.56,70.96,45.0,70.792,40
2024-07-05,70.97,70.97,70.46,70.53,607.0,70.772,444
2024-07-08,70.55,70.55,70.15,70.48,260.0,70.368,221
2024-07-09,70.46,70.47,69.67,69.76,388.0,70.142,332
2024-07-10,69.87,70.03,69.42,69.79,291.0,69.771,237
2024-07-11,69.93,70.2,69.4,69.68,837.0,69.762,483
2024-07-12,69.62,69.88,69.51,69.69,325.0,69.659,226
2024-07-15,69.58,69.72,69.37,69.47,796.0,69.547,543
2024-07-16,69.45,69.45,68.6,68.93,813.0,68.978,774
2024-07-17,68.95,69.47,68.8,69.31,427.0,69.222,356
2024-07-18,69.25,69.63,69.14,69.33,713.0,69.368,460
2024-07-19,69.22,69.47,67.95,68.0,457.0,68.523,370
2024-07-22,68.11,68.35,67.68,68.25,892.0,68.129,681
2024-07-23,68.19,68.42,67.21,67.27,1031.0,67.718,847
2024-07-24,67.44,68.07,67.34,67.81,1300.0,67.784,1090
2024-07-25,67.58,68.25,67.06,68.09,1113.0,67.676,954
2024-07-26,68.21,68.38,66.94,67.68,765.0,67.432,547
2024-07-29,67.99,68.12,66.99,67.36,690.0,67.375,539
2024-07-30,67.35,67.43,66.88,66.99,956.0,67.083,802
2024-07-31,67.25,68.33,67.25,68.08,933.0,67.986,782
2024-08-01,68.42,68.76,67.38,67.48,1193.0,68.095,910
2024-08-02,67.62,67.97,65.68,65.82,1149.0,66.552,918
2024-08-05,66.25,66.46,65.39,65.98,1502.0,65.848,1217
2024-08-06,66.41,66.77,65.56,65.64,1280.0,65.959,1080
2024-08-07,65.61,66.8,65.53,66.42,1105.0,66.46,902
2024-08-08,66.64,67.16,66.24,67.07,1313.0,66.73,1072
2024-08-09,67.18,67.5,66.97,67.38,769.0,67.305,614
2024-08-12,67.41,68.7,67.29,68.7,1012.0,68.2,790
2024-08-13,68.44,68.67,67.75,67.84,1245.0,68.118,939
2024-08-14,67.98,68.31,67.47,67.61,767.0,67.795,603
2024-08-15,67.67,68.42,67.4,68.11,609.0,68.082,496
2024-08-16,68.03,68.13,67.0,67.42,1744.0,67.485,1442
2024-08-19,67.3,67.79,66.56,66.7,720.0,67.041,613
2024-08-20,66.78,66.84,66.1,66.14,1509.0,66.372,1220
2024-08-21,66.15,66.53,65.47,65.63,2392.0,65.889,1852
2024-08-22,65.64,66.39,65.48,66.05,1529.0,65.958,1220
2024-08-23,66.1,67.13,66.02,66.99,1826.0,66.723,1411
2024-08-26,67.13,68.14,67.08,67.84,1524.0,67.803,1200
2024-08-27,67.67,67.9,67.14,67.21,890.0,67.446,697
2024-08-28,67.26,67.4,66.41,66.6,751.0,66.845,631
2024-08-29,66.4,67.48,66.27,67.3,965.0,67.098,863
2024-08-30,67.38,67.61,66.16,66.34,578.0,66.59,495
2024-09-02,66.2,66.73,66.0,66.34,79.0,66.371,67
2024-09-03,66.41,66.66,64.86,64.97,2417.0,65.112,1907
2024-09-04,65.01,65.64,64.67,64.84,1796.0,64.961,1547
2024-09-05,64.91,65.74,64.91,65.26,1273.0,65.327,1054
2024-09-06,65.3,65.54,64.52,64.63,2347.0,64.746,1919
2024-09-09,64.89,65.24,64.52,64.7,1334.0,64.736,1105
2024-09-10,64.69,64.92,63.07,63.1,3192.0,63.989,2254
2024-09-11,63.45,64.25,63.1,63.94,1269.0,63.703,914
2024-09-12,63.99,65.21,63.97,64.83,1985.0,64.595,1429
2024-09-13,64.94,65.28,64.36,64.39,1673.0,64.811,1341
2024-09-16,64.59,65.37,64.37,65.1,903.0,65.05,721
2024-09-17,65.15,66.02,64.89,65.64,1483.0,65.674,1079
2024-09-18,65.71,65.75,64.92,65.59,908.0,65.36,670
2024-09-19,65.37,66.35,65.29,65.95,2059.0,65.989,1332
2024-09-20,65.9,66.27,65.6,65.93,2687.0,65.925,2214
2024-09-23,66.08,66.53,65.17,65.91,1564.0,65.969,1040
2024-09-24,65.97,67.16,65.97,66.69,1492.0,66.631,1099
2024-09-25,66.72,66.77,65.71,66.0,2208.0,66.125,1518
2024-09-26,66.16,66.37,64.93,65.39,5385.0,65.406,3518
2024-09-27,65.19,65.89,64.95,65.49,2885.0,65.539,2019
2024-09-30,65.6,66.14,65.37,65.69,2006.0,65.817,1597
2024-10-01,65.87,67.57,64.6,66.64,8311.0,66.79,6072
2024-10-02,67.23,68.07,66.46,66.59,1738.0,67.304,1419
2024-10-03,66.91,68.73,66.88,68.47,9107.0,68.195,6247
2024-10-04,68.33,68.92,67.99,68.12,7346.0,68.464,5870
2024-10-07,67.97,69.68,67.84,69.61,5315.0,69.145,3976
2024-10-08,69.27,69.7,67.65,68.23,6062.0,68.359,4234
2024-10-09,68.49,68.61,67.27,67.69,1632.0,67.675,1311
2024-10-10,68.0,68.74,67.77,68.59,1914.0,68.259,1469
2024-10-11,68.54,68.77,68.03,68.62,848.0,68.486,664
2024-10-14,68.28,68.31,67.15,68.18,1035.0,68.013,814
2024-10-15,67.0,67.54,65.83,66.24,5348.0,66.31,4378
2024-10-16,66.46,66.5,65.51,65.79,975.0,65.878,760
2024-10-17,66.0,66.2,65.32,65.99,2063.0,65.906,1700
2024-10-18,66.05,66.35,65.02,65.33,1228.0,65.676,1036
2024-10-21,65.39,66.22,65.32,66.06,1720.0,65.946,1294
2024-10-22,65.87,67.3,65.68,67.05,2113.0,66.823,1642
2024-10-23,66.72,66.85,66.1,66.27,733.0,66.339,638
2024-10-24,66.44,67.15,65.87,66.17,1898.0,66.494,1436
2024-10-25,66.26,67.15,66.1,67.03,1790.0,66.83,1388
2024-10-28,66.0,66.0,64.3,64.36,2528.0,64.793,1897
2024-10-29,64.67,65.03,64.08,64.34,886.0,64.543,733
2024-10-30,64.52,65.52,64.44,65.21,1675.0,65.145,1301
2024-10-31,65.32,66.02,64.94,65.26,3996.0,65.485,3058
2024-11-01,65.96,66.68,65.27,65.57,2430.0,65.849,1949
2024-11-04,66.23,66.84,65.76,66.13,3185.0,66.202,2313
2024-11-05,66.08,66.67,65.94,66.24,2821.0,66.344,2017
2024-11-06,66.11,66.74,65.06,66.31,2461.0,65.67,1951
2024-11-07,66.39,67.08,65.9,66.86,1063.0,66.699,834
2024-11-08,66.82,66.82,65.77,66.13,745.0,66.21,613
2024-11-11,66.04,66.37,64.88,65.0,632.0,65.349,539
2024-11-12,65.17,65.63,64.75,64.91,586.0,65.11,478
2024-11-13,64.81,65.41,64.19,64.87,1343.0,64.751,1109
2024-11-14,64.81,65.35,64.42,64.7,4764.0,64.857,3414
2024-11-15,64.51,64.78,63.79,63.82,949.0,64.314,754
2024-11-18,63.94,65.56,63.73,65.43,1795.0,65.214,1377
2024-11-19,65.34,66.14,65.13,65.78,1384.0,65.741,1092
2024-11-20,65.88,66.11,65.37,65.43,1070.0,65.823,863
2024-11-21,65.51,66.23,65.47,65.7,2569.0,65.748,1874
2024-11-22,65.78,66.3,65.19,66.21,3414.0,65.828,2729
2024-11-25,66.16,66.27,64.57,64.85,5647.0,65.241,3967
2024-11-26,64.75,65.85,64.55,65.08,1826.0,65.162,1557
2024-11-27,65.03,65.42,64.42,64.84,995.0,64.906,706
2024-11-28,64.87,65.22,64.52,64.84,233.0,64.824,202
2024-11-29,64.86,65.37,64.23,64.34,1950.0,64.952,1568
2024-12-02,64.29,65.19,64.26,64.42,2842.0,64.494,2193
2024-12-03,64.48,65.62,64.36,65.41,2460.0,65.312,1825
2024-12-04,65.55,65.87,64.36,64.38,3837.0,65.082,2745
2024-12-05,64.57,64.87,64.13,64.24,1573.0,64.503,1269
2024-12-06,64.28,64.33,63.66,63.96,3541.0,64.029,2195
2024-12-09,64.01,65.2,64.01,64.85,2907.0,64.906,2103
2024-12-10,64.72,65.01,64.45,64.83,1255.0,64.813,992
2024-12-11,64.76,65.5,64.74,65.37,5757.0,65.338,3463
2024-12-12,65.37,65.64,64.66,65.43,3526.0,65.301,2409
2024-12-13,65.48,66.01,65.37,65.93,3086.0,65.814,2231
2024-12-16,65.74,65.85,65.39,65.68,1248.0,65.606,933
2024-12-17,65.71,65.88,64.87,65.17,1676.0,65.229,1302
2024-12-18,65.11,65.85,64.61,65.04,6603.0,65.321,4193
2024-12-19,64.72,65.31,64.34,64.48,3132.0,64.552,2297
2024-12-20,64.36,64.75,63.94,64.58,1851.0,64.367,1461
2024-12-23,64.65,64.93,64.28,64.56,1206.0,64.56,976
2024-12-24,64.77,65.22,64.69,65.03,875.0,64.982,730
2024-12-26,65.04,65.32,64.56,64.74,658.0,64.994,503
2024-12-27,64.72,65.24,64.65,65.01,1156.0,64.995,838
2024-12-30,64.83,65.66,64.8,65.32,1162.0,65.313,932
2024-12-31,65.52,65.92,65.31,65.74,912.0,65.715,764
2025-01-02,65.97,66.76,65.77,66.26,2699.0,66.374,2065
2025-01-03,66.34,66.53,65.98,66.44,2015.0,66.307,1536
2025-01-06,66.38,67.01,66.25,66.7,1599.0,66.556,1262
2025-01-07,66.73,67.07,66.49,66.83,1306.0,66.868,1033
2025-01-08,66.45,67.12,66.2,66.37,2338.0,66.476,1825
2025-01-09,66.2,66.77,66.09,66.44,2811.0,66.518,2177
2025-01-10,66.42,67.72,66.42,66.89,11155.0,67.143,8339
2025-01-13,67.01,67.15,66.25,66.6,7929.0,66.533,5867
2025-01-14,66.61,67.19,66.28,67.11,4804.0,66.874,3485
2025-01-15,67.07,67.72,66.9,67.54,5832.0,67.401,4339
2025-01-16,67.53,67.57,66.63,67.01,3510.0,66.914,2678
2025-01-17,67.14,67.36,66.75,66.9,1835.0,67.023,1599
2025-01-20,66.92,67.21,66.68,66.9,1040.0,66.985,847
2025-01-21,66.98,67.21,66.7,66.89,1939.0,66.975,1644
2025-01-22,67.03,67.21,66.71,66.91,1640.0,66.972,1312
2025-01-23,66.81,67.32,66.46,66.84,3598.0,66.99,2663
2025-01-24,66.77,66.96,66.4,66.57,2514.0,66.672,1927
2025-01-27,66.38,66.53,65.42,65.73,3769.0,65.856,2386
2025-01-28,65.76,66.0,65.41,65.53,4293.0,65.703,3125
2025-01-29,65.43,65.65,65.04,65.16,2247.0,65.341,1672
2025-01-30,65.28,65.58,64.92,65.25,1909.0,65.34,1455
2025-01-31,65.48,65.65,64.98,65.12,3098.0,65.322,2030
2025-02-03,65.65,65.76,64.81,65.11,2774.0,65.316,2100
2025-02-04,65.19,65.72,64.49,65.59,3751.0,65.26,2648
2025-02-05,65.4,65.67,64.83,64.92,1777.0,65.065,1174
2025-02-06,65.07,65.43,64.8,65.12,2224.0,65.181,1664
2025-02-07,65.33,65.59,65.09,65.34,792.0,65.395,606
2025-02-10,65.25,66.04,65.25,65.89,1490.0,65.877,1135
2025-02-11,65.96,66.85,65.9,66.82,2974.0,66.639,2038
2025-02-12,66.67,66.82,65.77,65.86,1985.0,66.204,1601
2025-02-13,65.81,65.87,65.22,65.68,2627.0,65.565,1457
2025-02-14,65.84,66.08,65.46,65.73,2500.0,65.693,1540
2025-02-17,65.42,66.14,65.3,65.73,1004.0,65.922,607
2025-02-18,66.11,66.34,65.78,66.05,3152.0,66.151,2436
2025-02-19,66.21,66.65,66.14,66.23,3078.0,66.324,2480
2025-02-20,66.34,66.96,66.07,66.59,2476.0,66.648,1961
2025-02-21,66.69,66.75,65.24,65.36,1537.0,65.811,1213
2025-02-24,65.44,65.66,65.28,65.41,1565.0,65.449,1231
2025-02-25,65.43,65.7,63.9,64.23,1942.0,64.529,1399
2025-02-26,64.42,64.56,63.73,63.76,2465.0,64.058,1830
2025-02-27,63.88,64.77,63.88,64.45,1909.0,64.391,1430
2025-02-28,64.28,64.43,63.84,63.92,3151.0,64.055,2175
2025-03-03,64.21,64.57,63.25,63.46,3604.0,63.76,2627
2025-03-04,63.37,63.57,62.55,63.38,3528.0,63.029,2869
2025-03-05,63.46,63.62,61.36,62.3,3198.0,61.978,2617
2025-03-06,62.51,62.74,61.71,62.17,3989.0,62.15,2979
2025-03-07,62.2,63.46,62.13,62.8,4614.0,62.921,3699
2025-03-10,62.82,63.1,61.59,61.79,2422.0,62.244,1932
2025-03-11,61.65,62.41,61.4,61.9,3541.0,62.124,2370
2025-03-12,62.14,62.99,61.88,62.94,3051.0,62.772,2043
2025-03-13,63.02,63.16,62.14,62.33,2605.0,62.561,1999
2025-03-14,62.5,62.91,62.33,62.81,1558.0,62.663,1136
2025-03-17,63.01,63.63,62.83,63.18,2471.0,63.193,1842
2025-03-18,63.13,63.96,62.81,63.07,3745.0,63.279,2779
2025-03-19,63.0,63.45,62.62,63.08,2528.0,63.14,2021
2025-03-20,63.18,63.9,62.92,63.69,2983.0,63.506,2404
2025-03-21,64.01,64.04,63.42,63.6,2984.0,63.591,2043
2025-03-24,63.68,64.16,63.38,63.95,4990.0,63.94,3379
2025-03-25,63.99,64.24,63.63,63.99,3923.0,64.018,2846
2025-03-26,64.13,64.7,64.05,64.35,4247.0,64.466,3131
2025-03-27,64.46,64.68,64.12,64.65,2454.0,64.509,1832
2025-03-28,64.63,64.69,63.66,63.95,2890.0,64.014,2152
2025-03-31,63.95,65.23,63.59,64.91,7887.0,64.903,5221
2025-04-01,64.8,65.24,64.78,65.09,5504.0,64.99,3523
2025-04-02,64.92,65.52,64.46,65.2,4300.0,65.037,3149
2025-04-03,64.39,64.4,61.74,62.34,8504.0,62.493,5928
2025-04-04,62.01,62.21,58.27,59.48,15044.0,59.573,10105
2025-04-07,58.8,61.24,57.59,59.37,12856.0,59.319,10285
2025-04-08,59.61,59.91,57.38,58.02,6450.0,58.701,5165
2025-04-09,57.54,60.39,55.94,59.83,12492.0,57.65,10516
2025-04-10,60.24,60.33,57.75,58.82,5105.0,58.605,4212
2025-04-11,58.76,59.46,58.41,59.18,3144.0,58.885,2619
2025-04-14,59.43,60.2,59.1,59.75,2876.0,59.672,2120
2025-04-15,59.67,60.02,59.28,59.32,2183.0,59.519,1764
2025-04-16,59.37,60.04,58.7,59.74,3696.0,59.654,3051
2025-04-17,59.94,61.32,59.79,61.18,6485.0,60.855,4588
2025-04-21,60.85,60.85,59.73,59.88,2212.0,60.106,1652
2025-04-22,60.21,61.22,60.17,60.87,4394.0,60.878,3002
2025-04-23,61.06,61.63,59.78,60.38,7284.0,60.558,5082
2025-04-24,60.38,61.15,60.32,60.95,2515.0,60.777,1820
2025-04-25,60.94,61.38,60.46,61.15,3760.0,60.856,2871
2025-04-28,61.48,61.7,60.32,60.68,4026.0,60.792,3175
2025-04-29,60.64,60.77,59.74,59.95,5465.0,60.094,3707
2025-04-30,59.81,59.94,57.95,58.05,5510.0,58.566,4045
2025-05-01,58.22,59.0,57.02,58.78,5635.0,58.109,3706
2025-05-02,58.63,59.06,57.9,58.61,4507.0,58.481,3401
2025-05-05,58.0,58.38,57.03,58.03,4294.0,57.915,2845
2025-05-06,58.18,59.84,58.16,59.54,5046.0,59.37,3183
2025-05-07,59.46,60.07,58.48,58.67,3370.0,59.166,2402
2025-05-08,58.57,60.02,58.57,59.78,3543.0,59.658,2605
2025-05-09,59.86,60.68,59.72,60.21,4389.0,60.176,2925
2025-05-12,60.47,61.91,60.23,61.2,5898.0,61.404,4064
2025-05-13,61.1,62.31,60.93,62.1,6905.0,61.883,4695
2025-05-14,62.02,62.04,61.36,61.57,4442.0,61.725,2609
2025-05-15,61.4,61.43,60.37,60.8,3976.0,60.778,2826
2025-05-16,60.81,61.22,60.44,60.96,2597.0,60.858,1834
2025-05-19,61.01,61.13,60.35,60.71,3497.0,60.757,2416
2025-05-20,60.76,61.25,60.53,60.99,2619.0,60.897,1901
2025-05-21,61.1,62.33,60.54,60.77,2108.0,61.159,1475
2025-05-22,60.6,60.91,59.99,60.48,1841.0,60.301,1286
2025-05-23,60.24,60.79,59.59,60.62,4781.0,60.032,3474
2025-05-27,60.78,61.02,59.69,60.18,2098.0,60.178,1353
2025-05-28,60.27,61.16,60.21,60.62,2506.0,60.769,1821
2025-05-29,60.52,61.33,59.52,59.64,3983.0,59.897,2286
2025-05-30,59.52,60.15,58.75,59.3,4590.0,59.346,3578
2025-06-02,59.87,61.05,59.73,60.33,7820.0,60.573,5007
2025-06-03,60.82,61.35,60.45,61.21,4752.0,61.086,3181
2025-06-04,61.04,61.42,60.29,60.65,3863.0,60.829,2501
2025-06-05,60.58,61.36,60.49,60.99,4958.0,61.068,3193
2025-06-06,60.83,61.69,60.73,61.58,6066.0,61.362,3919
2025-06-09,61.62,61.94,61.39,61.84,2818.0,61.743,1934
2025-06-10,61.78,62.18,61.37,61.67,5350.0,61.869,3355
2025-06-11,61.39,63.19,61.36,63.05,8997.0,62.429,5571
2025-06-12,63.38,63.4,62.34,62.72,10163.0,62.791,7282
2025-06-13,63.2,65.57,62.97,64.14,47597.0,64.326,32643
2025-06-16,65.11,65.69,63.05,64.52,12080.0,64.072,9363
2025-06-17,64.14,65.93,63.99,65.83,15981.0,65.155,11987
2025-06-18,65.13,65.83,64.46,65.62,16188.0,65.151,11721
2025-06-20,65.02,66.26,64.71,65.83,15290.0,65.709,11144
2025-06-23,66.37,67.56,63.0,63.9,13490.0,65.631,9882
2025-06-24,63.53,63.56,61.7,61.75,12387.0,62.461,9025
2025-06-25,62.33,62.6,61.22,61.37,3717.0,61.777,2848
2025-06-26,61.21,62.23,61.21,61.7,3337.0,61.779,2338
2025-06-27,61.71,62.0,61.15,61.57,3635.0,61.516,2529
2025-06-30,61.21,61.78,61.03,61.44,1795.0,61.388,1384
2025-07-01,61.31,61.87,61.17,61.65,2848.0,61.582,2127
2025-07-02,61.69,62.26,61.35,62.21,4427.0,61.915,3051
2025-07-03,62.05,62.12,61.62,62.09,2712.0,61.929,1861
2025-07-07,62.04,62.9,61.24,62.73,4670.0,62.363,3513
2025-07-08,62.69,63.5,62.47,63.28,2965.0,63.097,2228
2025-07-09,63.19,63.51,62.8,63.03,2144.0,63.11,1525
2025-07-10,63.01,63.4,62.18,62.33,3750.0,62.667,2579
2025-07-11,62.37,63.57,62.27,63.34,3298.0,63.151,2356
2025-07-14,63.58,63.9,62.64,63.0,4686.0,63.145,3438
2025-07-15,62.88,63.2,62.56,62.62,3311.0,62.851,2554
2025-07-16,62.73,62.85,62.11,62.45,2295.0,62.382,1497
2025-07-17,62.55,63.1,62.33,63.03,2688.0,62.739,1738
2025-07-18,63.06,63.55,62.92,63.06,4584.0,63.114,3219
2025-07-21,63.13,63.32,62.75,63.04,2106.0,63.017,1541
2025-07-22,62.97,63.02,62.38,62.7,2220.0,62.619,1555
2025-07-23,62.82,62.9,62.43,62.74,4360.0,62.605,2756
2025-07-24,62.78,63.29,62.6,63.07,2941.0,63.028,2210
2025-07-25,63.17,63.48,62.34,62.52,1554.0,62.729,1104
2025-07-28,62.56,63.84,62.55,63.62,4810.0,63.469,3213
2025-07-29,63.8,65.04,63.59,64.72,9469.0,64.368,5868
2025-07-30,64.71,65.06,64.27,64.75,7360.0,64.809,5059
2025-07-31,64.89,64.97,63.83,64.16,3458.0,64.231,2448
2025-08-01,64.18,64.34,62.32,62.59,4948.0,63.009,3060
2025-08-04,62.16,62.89,61.81,62.38,2460.0,62.282,1716
2025-08-05,62.35,62.44,61.7,61.77,2108.0,61.95,1568
2025-08-06,61.82,62.82,60.83,61.29,3703.0,61.821,2531
2025-08-07,61.3,61.9,61.21,61.33,4363.0,61.473,3156
2025-08-08,61.76,61.76,60.5,61.16,4301.0,61.172,3227
2025-08-11,61.0,61.58,60.8,61.39,2001.0,61.332,1515
2025-08-12,61.48,61.65,60.98,61.21,4610.0,61.186,2680
2025-08-13,61.16,61.31,60.44,60.99,3135.0,60.917,2350
2025-08-14,61.1,61.55,60.8,61.45,2740.0,61.319,1945
2025-08-15,61.45,61.61,60.83,61.02,2538.0,61.205,2015
2025-08-18,61.06,61.68,60.74,61.5,3889.0,61.269,2854
2025-08-19,61.39,61.54,60.88,60.97,4551.0,61.084,3534
2025-08-20,61.16,61.94,61.04,61.67,4525.0,61.594,3253
2025-08-21,61.78,62.3,61.64,62.24,6610.0,62.012,4318
2025-08-22,62.2,62.45,62.02,62.29,4808.0,62.273,2987
2025-08-25,62.44,63.19,62.29,62.96,4585.0,62.958,3182
2025-08-26,62.97,62.97,61.76,61.83,2617.0,62.051,1781
2025-08-27,61.96,62.25,61.58,62.13,3583.0,61.982,2597
2025-08-28,61.97,62.57,61.65,62.52,3485.0,62.014,2477
2025-08-29,62.26,62.44,61.92,61.99,2556.0,62.106,1707
2025-09-02,62.22,63.56,61.81,63.48,9560.0,63.117,6612
2025-09-03,63.52,63.55,62.39,62.58,5528.0,62.787,4078
2025-09-04,62.41,62.41,61.55,61.93,4131.0,61.946,2822
2025-09-05,61.84,61.92,60.6,60.91,5905.0,61.058,4064
2025-09-08,60.97,62.04,60.97,61.44,5199.0,61.512,3346
2025-09-09,61.56,62.42,61.55,61.7,4993.0,61.968,3247
2025-09-10,61.8,62.61,61.8,62.41,4967.0,62.374,3239
2025-09-11,62.43,62.45,61.29,61.43,5286.0,61.528,3462
2025-09-12,61.32,62.65,60.93,61.77,6533.0,61.985,4578
2025-09-15,61.67,62.42,61.67,62.12,2845.0,62.12,1977
2025-09-16,62.12,63.02,61.92,62.85,6689.0,62.721,4655
2025-09-17,62.86,62.94,61.99,62.21,5682.0,62.469,3995
2025-09-18,62.23,62.56,61.72,61.82,5285.0,62.123,3821
2025-09-19,61.87,61.92,60.95,61.14,4244.0,61.383,3060
2025-09-22,61.15,61.58,60.73,61.24,4426.0,61.105,3132
2025-09-23,61.28,62.35,60.9,61.86,7129.0,61.897,5164
2025-09-24,62.1,62.58,61.76,62.45,10681.0,62.369,7328
2025-09-25,62.38,62.75,62.08,62.54,8106.0,62.402,5891
2025-09-26,62.69,63.54,62.47,63.14,10863.0,63.149,7121
2025-09-29,62.67,63.05,61.51,61.76,6058.0,62.017,4326
2025-09-30,61.68,61.68,60.77,61.02,5675.0,61.207,4009
2025-10-01,61.1,61.35,60.41,60.72,7263.0,60.809,5259
2025-10-02,60.69,61.26,59.92,59.99,8410.0,60.296,5515
2025-10-03,60.21,60.52,60.04,60.2,5692.0,60.263,4038
2025-10-06,60.4,61.03,60.35,60.86,6005.0,60.777,4408
2025-10-07,60.93,61.17,60.23,60.73,5905.0,60.717,4045
2025-10-08,60.98,61.41,60.89,61.12,7119.0,61.154,4411
2025-10-09,60.94,61.32,60.29,60.56,5467.0,60.854,3593
2025-10-10,60.58,60.68,58.26,58.75,15366.0,59.258,9987
2025-10-13,58.41,59.66,58.41,59.44,7691.0,59.39,5168
2025-10-14,59.58,59.66,58.17,58.86,10049.0,58.736,6887
2025-10-15,58.72,59.27,58.53,58.65,6036.0,58.796,3858
2025-10-16,58.87,59.08,57.71,57.87,7657.0,58.348,5182
2025-10-17,57.83,58.45,57.34,58.37,9839.0,58.031,6742
2025-10-20,58.46,58.51,57.63,58.33,5291.0,58.097,3637
2025-10-21,58.14,58.86,57.75,58.22,8900.0,58.27,5793
2025-10-22,58.5,59.88,58.24,59.02,13602.0,59.188,8098
2025-10-23,59.93,60.46,59.41,59.76,30834.0,59.973,20541
2025-10-24,59.54,60.07,59.39,59.85,10280.0,59.814,7268
2025-10-27,59.78,60.18,59.4,59.91,7011.0,59.956,4539
2025-10-28,60.0,60.0,59.23,59.69,5749.0,59.542,4026
2025-10-29,59.63,60.14,59.46,60.01,7303.0,59.877,4859
2025-10-30,59.86,60.17,59.25,60.03,6541.0,59.79,3965
2025-10-31,59.75,60.3,59.44,60.05,7434.0,59.898,5054
2025-11-03,60.02,60.51,59.76,60.32,4875.0,60.186,3391
2025-11-04,60.23,60.34,59.58,60.15,5021.0,60.025,3813
2025-11-05,59.93,60.41,59.51,59.57,5386.0,59.834,3515
2025-11-06,59.59,60.19,59.22,59.49,7145.0,59.545,5513
2025-11-07,59.62,60.01,59.43,59.77,4640.0,59.674,3357
2025-11-10,59.83,60.2,59.43,59.99,5376.0,59.801,3571
2025-11-11,59.96,60.71,59.66,60.69,8271.0,60.452,5150
2025-11-12,60.63,60.64,58.55,58.71,9774.0,59.202,6301
2025-11-13,58.55,59.04,58.36,58.68,5399.0,58.8,3636
2025-11-14,58.67,59.77,58.67,59.45,16109.0,59.393,9806
2025-11-17,59.29,59.65,59.05,59.39,5742.0,59.419,3640
2025-11-18,59.24,59.94,58.95,59.74,8915.0,59.498,6176
2025-11-19,59.73,59.74,58.26,58.44,10305.0,58.724,7307
2025-11-20,58.51,59.09,58.01,58.25,5790.0,58.523,4291
2025-11-21,58.05,58.12,57.27,57.75,12011.0,57.587,7961
2025-11-24,57.75,58.49,57.34,58.35,6600.0,58.025,4417
2025-11-25,58.32,58.35,57.13,57.86,8501.0,57.71,5770
2025-11-26,57.94,58.43,57.66,58.4,5717.0,58.023,3839
2025-11-28,58.31,59.05,57.84,58.05,4126.0,58.523,2820
2025-12-01,58.15,59.12,58.14,58.79,4374.0,58.744,3115
2025-12-02,58.94,59.0,57.94,58.11,5643.0,58.413,3960
2025-12-03,58.12,58.85,57.87,58.18,9212.0,58.474,5880
2025-12-04,58.2,58.97,58.12,58.58,7401.0,58.59,4945
2025-12-05,58.56,59.18,58.4,58.95,5905.0,58.885,3875
2025-12-08,58.98,59.18,57.98,58.07,4375.0,58.373,2940
2025-12-09,58.15,58.37,57.75,57.85,3106.0,57.953,2140
2025-12-10,57.99,58.43,57.39,58.04,5290.0,57.862,3543
2025-12-11,58.31,58.31,56.95,57.43,8274.0,57.309,5676
2025-12-12,57.66,57.81,56.95,57.16,4867.0,57.245,3240
2025-12-15,57.25,57.46,56.54,57.09,6927.0,56.882,4083
2025-12-16,56.88,56.93,55.63,55.76,8746.0,56.047,4776
2025-12-17,55.74,56.8,55.74,56.15,7057.0,56.348,4638
2025-12-18,56.76,56.8,56.01,56.17,4778.0,56.309,3089
2025-12-19,56.0,56.63,55.94,56.44,4817.0,56.398,3027
2025-12-22,56.0,57.66,56.0,57.5,5507.0,57.344,3509
2025-12-23,57.5,57.8,57.31,57.7,5643.0,57.557,3499
2025-12-24,57.73,58.0,57.58,57.8,3016.0,57.814,2163
2025-12-26,57.83,58.2,56.49,56.58,5023.0,57.191,3363
2025-12-29,56.81,57.76,56.76,57.49,5422.0,57.499,3461
2025-12-30,57.28,57.86,57.12,57.42,4374.0,57.601,2808
2025-12-31,57.46,57.9,56.77,56.92,5495.0,57.273,3952
2026-01-02,57.09,57.4,56.36,57.01,4125.0,56.729,2946
2026-01-05,56.98,57.6,56.15,57.51,14643.0,57.024,8577
2026-01-06,57.37,57.76,56.36,56.56,9712.0,57.086,6061
2026-01-07,56.59,56.75,55.75,55.85,17208.0,56.174,10460
2026-01-08,56.04,57.96,55.79,57.27,14684.0,57.052,9009
2026-01-09,57.73,58.61,57.19,58.09,22371.0,58.129,12598
2026-01-12,58.19,58.63,57.66,58.4,11234.0,58.087,6911
2026-01-13,58.48,59.45,58.21,59.4,23293.0,59.153,13415
2026-01-14,59.32,60.34,58.36,60.14,24505.0,59.666,14594
2026-01-15,59.41,59.62,57.94,58.16,11375.0,58.292,6919
2026-01-16,58.22,58.89,57.98,58.37,5759.0,58.559,3963
2026-01-20,58.22,59.07,57.67,59.03,11654.0,58.512,7378
2026-01-21,58.5,59.59,58.25,59.43,9948.0,59.24,6728
2026-01-22,59.33,59.52,58.3,58.57,7637.0,58.681,5027
2026-01-23,58.76,59.96,58.69,59.62,11928.0,59.565,7341
2026-01-26,59.66,60.23,59.39,59.58,9243.0,59.679,6281
2026-01-27,59.76,60.62,59.17,60.5,15228.0,60.187,9594
2026-01-28,60.56,61.0,60.31,60.85,16983.0,60.75,10792
2026-01-29,60.94,62.72,60.6,62.1,30346.0,61.984,17636
2026-01-30,62.05,62.45,60.83,62.01,15920.0,61.94,10446
2026-02-02,61.95,61.95,59.01,59.41,14351.0,59.587,10211
2026-02-03,59.48,61.15,58.72,60.54,13876.0,60.132,8847
2026-02-04,60.92,62.4,60.35,61.98,19844.0,61.497,13537
2026-02-05,61.36,61.77,60.23,60.82,10848.0,60.883,7098
2026-02-06,60.65,61.8,60.07,61.31,18661.0,61.102,13263
2026-02-09,61.09,62.28,60.55,62.11,8669.0,61.741,5717
2026-02-10,62.11,62.31,61.61,61.89,7523.0,61.978,5125
2026-02-11,62.05,63.01,62.02,62.27,16273.0,62.55,9837
2026-02-12,62.33,62.58,60.42,60.75,8147.0,61.281,5686
2026-02-13,60.8,61.08,60.24,60.71,6960.0,60.683,4805
2026-02-17,60.94,61.75,59.96,60.47,13191.0,60.654,9190
2026-02-18,60.31,62.41,60.29,62.22,21075.0,61.786,13709
2026-02-19,62.05,63.27,62.0,63.01,17566.0,62.913,10890
2026-02-20,63.06,63.34,62.61,63.08,11092.0,62.947,7535
2026-02-23,62.98,63.73,62.41,63.23,10493.0,63.282,7356
2026-02-24,63.23,63.86,62.85,63.13,11103.0,63.383,7440
2026-02-25,63.33,63.78,62.76,63.05,9313.0,63.154,6362
2026-02-26,63.07,63.63,61.56,62.58,18312.0,62.809,12382
2026-02-27,62.67,64.27,62.26,63.73,22553.0,63.61,13712
2026-03-02,66.0,68.99,64.2,64.78,51247.0,65.444,38217
2026-03-03,64.8,67.46,64.14,65.29,65024.0,65.875,45400
2026-03-04,65.21,66.22,64.44,65.7,44140.0,65.432,33344
2026-03-05,65.87,67.59,65.52,67.31,59693.0,66.84,43852
2026-03-06,67.13,69.61,66.75,69.24,80275.0,68.701,59319
2026-03-09,70.36,76.83,66.81,71.17,150614.0,71.846,124051
2026-03-10,69.25,70.92,66.73,69.37,95579.0,69.173,78320
2026-03-11,70.27,72.95,68.65,72.31,73209.0,70.64,59238
2026-03-12,72.83,76.15,72.2,75.17,62695.0,74.016,51201
2026-03-13,75.9,76.51,74.26,76.32,39695.0,75.453,31944
2026-03-16,77.2,77.49,74.16,74.77,38309.0,75.524,30727
2026-03-17,75.2,77.46,75.2,76.36,30760.0,76.437,23806
2026-03-18,76.71,79.17,75.0,77.86,57731.0,77.573,40902
2026-03-19,78.74,79.3,76.25,78.41,60067.0,78.214,49998
2026-03-20,77.69,78.95,76.0,78.58,43700.0,78.059,34405
2026-03-23,79.5,81.01,70.55,73.59,61563.0,75.379,49311
2026-03-24,74.26,77.24,73.56,76.76,35807.0,75.986,29052
2026-03-25,74.74,76.56,73.26,76.0,25411.0,74.992,20349
2026-03-26,75.9,77.89,74.44,77.65,22168.0,77.274,17556
2026-03-27,77.1,78.58,76.05,77.36,29352.0,77.449,21728
2026-03-30,78.28,78.7,76.69,76.84,22719.0,77.342,17682
2026-03-31,77.26,77.74,72.23,72.47,34004.0,74.669,25418
2026-04-01,73.0,74.25,70.81,71.39,26688.0,71.818,20697
2026-04-02,71.29,74.39,70.43,72.11,39189.0,72.138,29624
2026-04-06,73.0,73.92,71.19,73.86,23145.0,72.806,18341
2026-04-07,73.7,75.5,73.2,75.18,34218.0,74.645,26288
2026-04-08,73.6,75.13,70.47,74.22,49297.0,72.262,37846
2026-04-09,74.92,75.41,73.06,74.39,28715.0,74.285,22256
2026-04-10,74.36,75.67,73.89,75.25,24629.0,74.848,18596
2026-04-13,77.0,78.0,75.92,77.34,28404.0,76.997,21364
2026-04-14,76.69,77.66,75.34,75.74,27293.0,76.278,19420
2026-04-15,75.87,76.78,74.65,76.4,26373.0,76.223,20632
2026-04-16,76.16,76.9,75.84,76.59,13374.0,76.483,10396
2026-04-17,76.12,76.42,70.85,72.65,36401.0,72.813,26431
2026-04-20,74.11,75.63,73.53,74.58,22808.0,74.843,17694
2026-04-21,73.63,76.44,73.63,75.38,29205.0,75.266,22094
2026-04-22,75.79,76.71,74.49,76.46,20915.0,75.901,15967
2026-04-23,76.32,78.9,75.87,77.85,29087.0,77.303,22991
2026-04-24,77.98,78.78,76.04,77.48,27337.0,77.427,21322
2026-04-27,78.77,79.02,77.59,78.26,12958.0,78.233,9513
2026-04-28,78.2,80.36,78.08,78.68,27564.0,79.109,19453
2026-04-29,78.72,80.62,78.36,79.49,20579.0,79.83,15248
2026-04-30,80.35,81.42,78.24,80.21,29045.0,79.828,21912
2026-05-01,80.67,81.53,78.45,79.53,22491.0,79.848,17228
2026-05-04,79.19,83.89,78.29,83.72,39849.0,81.974,30316
2026-05-05,83.3,83.57,81.1,81.79,23048.0,81.955,17228
2026-05-06,82.17,82.17,74.14,77.07,50479.0,77.385,37972
2026-05-07,77.0,78.88,74.7,77.55,38426.0,76.799,28988
2026-05-08,78.73,79.48,77.18,79.37,26670.0,78.68,19560
2026-05-11,79.75,82.05,79.57,81.63,19607.0,81.139,14129
2026-05-12,81.82,83.86,81.59,83.63,18859.0,83.288,14195
2026-05-13,83.27,83.32,81.27,81.67,17829.0,82.191,12441
2026-05-14,81.67,82.45,80.08,81.39,16924.0,81.239,12458
2026-05-15,81.73,83.64,81.56,83.42,16425.0,83.057,11981
2026-05-18,83.65,85.63,82.44,85.32,33495.0,84.102,25275
2026-05-19,83.14,85.52,83.14,84.74,23504.0,84.388,16452
2026-05-20,84.55,84.91,80.42,81.45,30194.0,82.477,21952
2026-05-21,82.4,84.55,80.88,81.19,24426.0,82.756,18644
2026-05-22,82.0,83.28,80.08,81.43,21683.0,81.744,15610
2026-05-26,79.37,80.87,77.84,80.01,28627.0,79.695,21441
2026-05-27,79.57,79.74,76.98,78.07,24914.0,78.382,18345
2026-05-28,78.41,80.0,77.25,79.59,13631.0,79.338,10633
2026-05-29,79.13,79.51,77.78,78.29,18470.0,78.506,13716
2026-06-01,78.96,81.56,78.96,80.23,23132.0,80.6,17110
2026-06-02,80.32,81.27,78.99,80.96,16173.0,80.472,12095
2026-06-03,81.0,82.78,80.85,82.42,16812.0,82.227,12570
2026-06-04,82.1,82.31,79.94,80.46,17849.0,80.682,13442
2026-06-05,80.49,81.0,78.76,79.46,13871.0,79.697,10390
2026-06-08,80.37,82.91,80.23,81.45,16680.0,81.376,12547
2026-06-09,81.45,81.49,78.47,80.06,24559.0,79.968,17613
2026-06-10,80.54,82.61,79.45,81.52,27137.0,81.348,20728
2026-06-11,82.7,83.71,78.84,80.31,27984.0,80.93,21305
2026-06-12,79.21,79.73,76.53,77.41,27665.0,77.755,19874
2026-06-15,76.12,76.23,74.28,74.72,19745.0,74.719,14316
2026-06-16,74.97,75.25,72.04,72.5,28139.0,73.12,19270
2026-06-17,72.67,74.85,71.75,72.57,33743.0,72.918,21329
2026-06-18,71.87,72.68,70.23,72.49,18225.0,71.466,12533
2026-06-22,72.16,74.5,70.63,70.99,21088.0,71.847,15559
2026-06-23,71.1,71.42,70.04,70.73,11862.0,70.718,8494
2026-06-24,70.61,70.69,68.06,68.51,22413.0,68.821,14966
2026-06-25,68.0,70.5,67.4,69.99,19191.0,69.016,12858
2026-06-26,69.69,69.94,67.3,67.9,17847.0,68.045,12668
2026-06-29,68.89,69.39,67.94,69.13,16409.0,68.823,11987
2026-06-30,68.84,69.99,68.16,68.35,17328.0,69.024,12009
2026-07-01,68.75,68.9,67.59,68.13,18268.0,68.021,12762
2026-07-02,67.78,68.45,66.98,68.34,14534.0,67.59,10086
2026-07-06,67.93,68.91,67.58,68.43,15841.0,68.26,11500
2026-07-07,68.53,70.96,68.47,69.73,20749.0,69.52,14235
2026-07-08,70.98,73.27,70.28,71.72,37718.0,72.073,26197
2026-07-09,72.45,72.64,70.28,70.79,19392.0,71.168,13810
2026-07-10,70.51,71.56,69.86,70.62,13650.0,70.539,9934
2026-07-13,72.05,75.86,71.38,75.61,30382.0,73.674,20087
2026-07-14,75.3,77.0,73.88,75.34,43746.0,75.293,31154
2026-07-15,75.75,76.59,75.1,75.88,25002.0,75.853,18047
2026-07-16,76.27,76.88,75.22,75.43,19916.0,75.993,14851
2026-07-17,75.89,77.92,75.11,77.65,24164.0,76.949,16197
2026-07-20,78.04,79.25,75.93,77.83,28972.0,77.381,21323
2026-07-21,77.81,78.82,77.08,78.24,20666.0,78.219,14039
2026-07-22,78.32,79.28,77.93,78.64,26958.0,78.547,18200
2026-07-23,79.0,81.0,78.72,80.1,30015.0,80.045,20815
2026-07-24,80.1,80.24,78.42,79.33,22603.0,79.131,16773
2026-07-27,78.0,78.01,75.6,76.53,27176.0,76.408,19208
2026-07-28,75.9,76.37,73.22,73.85,26371.0,74.454,19345
2026-07-29,74.35,78.02,74.01,77.74,25678.0,76.859,19235
2026-07-30,77.25,77.74,75.74,76.12,17934.0,76.426,13889
2026-07-31,76.49,78.0,74.48,76.44,17507.0,76.434,12345
2026-08-03,74.09,74.96,73.2,73.94,21660.0,73.955,15240
2026-08-04,73.92,75.58,71.42,72.03,32132.0,72.824,22262
2026-08-05,71.69,72.81,71.0,71.87,24378.0,71.89,17610
2026-08-06,71.41,74.33,71.31,73.6,21085.0,73.01,14626
2026-08-07,73.91,74.81,72.9,74.64,19373.0,73.962,14215
2026-08-10,74.98,78.71,74.39,78.49,17482.0,77.0,12385
2026-08-11,78.2,79.76,77.25,78.58,20328.0,78.361,14937
2026-08-12,78.79,79.29,77.68,78.79,16728.0,78.389,12245
2026-08-13,78.46,78.82,76.67,77.6,16217.0,77.77,11621
2026-08-14,77.51,78.81,77.16,78.42,15369.0,77.921,10774
